T	ATGTACGGTCATAGCT-1	29048
T	AAAGGATAGGATGTCG-1	23718
T	CTCAACCTCACATCCC-1	1247
T	GTGCTGGAGCTACGTT-1	31086
T	CCCTCTCCAAGGTTCT-1	3997
T	GTCACGGCAGTTACAC-1	3551
T	AGATAGAAGAGCGGTT-1	2064
T	CAGGATTCAATGGCAG-1	7087
T	GGGACCTCATCCGTGG-1	3815
T	TAGCATGCATTAGCCA-1	13801
T	CCGAAGCAGACCCTAT-1	30178
T	ACTTCCGGTGTCCAGC-1	16023
T	CATGTTTTCAGGAATA-1	12400
T	ACTATTCGTAGGTAAT-1	13444
T	CAGTGCGTCGGCTATA-1	19417
T	ACCCAAAAGGTCTTGT-1	17609
T	GAGGTCCAGTCCGGAA-1	20840
T	CTTGTCGAGCGTAGCA-1	9652
T	ACCTGCTTCATTCTCA-1	2656
T	CAAGCTAAGGCAGATC-1	2823
T	GCGTAGCCAATGACTC-1	38347
T	TCTCAGCGTGAGTAAT-1	11374
T	TAAACCGGTGCGTAGA-1	16890
T	TGACAACAGTCGGGAT-1	15336
T	GTGACATTCTCGTGAA-1	8326
T	CAGTGCGAGATTGACA-1	5576
T	GTCACAACAGGTCTGC-1	21758
T	TAACGGTGTCTTAGCA-1	3052
T	GCGTTGGCAGGCAAGT-1	2562
T	GATCGTACAGGCAAGT-1	2260
T	CTAGGATAGGTACTCT-1	4595
T	CTGGGACCAACCTCCT-1	14755
T	GTAGTACGTTTAGAAG-1	5119
T	TAGACTGCATATTGGC-1	8984
T	CTCCCAATCATTCATC-1	8508
T	TGGCAATTCCAACAAC-1	2612
T	AGGCGAACACTTATGG-1	2633
T	ACATGCAAGACTCTTG-1	21139
T	GTAATCGCAAATTGAG-1	19858
T	CCTTGCACAAGCCTTA-1	1236
T	ACAAAGAAGGGTAGTC-1	9112
T	GCATGATAGACTAATG-1	15230
T	AGCCTCTTCGGTTCCT-1	7869
T	GTTACTTTCGATCGCG-1	2186
T	CTAACTTGTTGTCGGC-1	1091
T	GAATCTGCACACATTG-1	1833
T	AGCCTGGGTACGGAGT-1	18856
T	AATGGCTAGTAGTTCC-1	12444
T	TTCAACTCAACTCGAT-1	14416
T	AGCCCGAAGGTTCTCA-1	11349
T	GAGGCTCAGCTCCGGT-1	27786
T	GTGACATGTGCACATT-1	8089
T	GCCAGCAAGAACGTCG-1	5180
T	GCGGGTTCATGCCCTT-1	3073
T	TTATGTCCATATTGGC-1	8847
T	ACCGCAGTCCGAGAGA-1	1689
T	TCAGGGCTCTGGTACA-1	27099
T	GGAGAACTCACTCCCA-1	14886
T	TTCGGTCAGAGAGTTT-1	7113
T	TTGCTATCACGCTGTG-1	28401
T	GAGACTTTCTATACCT-1	3224
T	TTGAGCACAACGTACT-1	3975
T	TAGCATGTCCACCTAC-1	22737
T	ACAGGCCAGGGAAGCG-1	3320
T	TGGACATCAAGTAATG-1	731
T	GAACCGCAGAAATTCG-1	4464
T	ATGGATCGTGTCCCAG-1	4471
T	TGCACCTTCGATTACG-1	25765
T	GGGAACACAGTCAGCC-1	14169
T	TTGTTCAGTGTCTACA-1	34112
T	TCACAAGCAGCTTACA-1	20949
T	GGTGAAGTCTTGCGCT-1	3320
T	GCCCAGACAGTGCGAA-1	1653
T	TATTGCTGTATCCTTT-1	3132
T	TTGAGTGCACACTAGT-1	16449
T	ACCTGCTTCCAACGCG-1	11681
T	CTTGAAGGTGCTGGCT-1	2839
T	ACAGAAACATCTCTCG-1	4339
T	CTCAACCAGTTGCCGC-1	625
T	TTAGGTGTCGCAAGCC-1	24566
T	CACAGATGTCAACAGG-1	20210
T	GGAGAACGTTCGGGAA-1	8964
T	TAGCTTTTCGTTGTTT-1	1001
T	ACTGTCCAGGTTACAA-1	17575
T	GGGACCTAGGCCAATG-1	3530
T	GCTTTCGCATACCCGG-1	6916
T	TACCTATGTTTAAGGA-1	6901
T	TTCTAACGTTTCTCTA-1	2658
T	GAAGTGGGTCCACCAG-1	3248
T	AGTGCGCTCGGCATAT-1	516
T	AACCTGAAGTCGTATC-1	1601
T	CGATGATAGGCCTCTG-1	2811
T	TTACTTGTCCCAGCGA-1	17538
T	TAACGGTTCGTCTTAT-1	29862
T	ACTAGGTTCAGAACGG-1	7512
T	ATAGGCTAGCGATACG-1	13171
T	AACATCGAGGAAGAAC-1	9713
T	CAAGGCCTCTATTGTC-1	3756
T	TACGCCTGTGAATGTA-1	2626
T	TGATGCAAGACCAATA-1	4158
T	GCACGGTAGAGTGGTC-1	3970
T	CCCTAACTCCCAGTAA-1	1369
T	CAGGGCTCACGTACAT-1	1687
T	CGCTGGAGTTCCGCGA-1	2157
T	GATGATCGTAACGGCA-1	898
T	TCAGGTACATTGCACA-1	25748
T	TGGTCAATCGGTAGGA-1	16399
T	AACTGTGAGCATTGGG-1	7702
T	CTAGGGCTCGAACCGC-1	12384
T	ACATGGTAGCTCGGCT-1	7156
T	GCGCATGAGGGTTCTT-1	7684
T	TAACGGTCAGTAGGCA-1	26205
T	GAGAACGTCTCGTAGA-1	15323
T	GCTTGCTCAAGTCCTA-1	11509
T	GACCCAGGTTGAATAG-1	30600
T	CAGCCTTGTCACTCTC-1	6192
T	GAGGCTCGTGAGGTCA-1	6828
T	GCAGCTGCACTCCCAT-1	4254
T	GTCACGGGTAAACGAT-1	2720
T	GGGTTATGTTACGGAG-1	944
T	GAGATTCAGTGGTGTG-1	315
T	CATTCATGTATGGATA-1	32192
T	AAAGGGCCATTTCACT-1	20176
T	CTTGCCATCGCGTGAC-1	15590
T	CTACTTATCCAGAGAG-1	2061
T	TGCTTTAAGAGCGGTT-1	2690
T	TAGCATGCAATGACTC-1	11211
T	TTCGTTAGTTCAGAAA-1	11068
T	GATTGACCATCCGTGG-1	3730
T	TGCCTCAGTCTGCGCA-1	998
T	CCTGCTATCTACATCT-1	2794
T	TGAGTCAAGGCGCTTC-1	667
T	TATGTGGCATAGCCAT-1	7441
T	GTAGGAGAGCTCCATA-1	17796
T	TCACAAGGTCTGCACG-1	14817
T	ACGTGGCAGGCGCTTC-1	13198
T	GGATGAGCAAGGAAGA-1	11402
T	GCACGCACAAGGTTCT-1	1130
T	ACTCGGGCACCTATTT-1	2541
T	GAGCATTGTTTCTACT-1	907
T	CCGTACTCATTTCTTG-1	13250
T	CACCACTTCCTTTGCG-1	680
T	CCACGTTGTCGAGGAT-1	16775
T	CTCGCTAAGCTGCTCG-1	2297
T	CATGCCTGTCAGAGTG-1	7732
T	CCAGAATCAGGAGCAT-1	4262
T	TCACTCGTCAGAGTGG-1	6883
T	GCCCAGATCAGGTTTG-1	4918
T	CGGACTGCACGCGACT-1	1825
T	CACATGACAGGTAACG-1	3230
T	GTGGCGTCAAGCACTT-1	3165
T	ACGGATTCATGTGAGG-1	3830
T	GTAGACTAGAATCAGT-1	1729
T	TCGCCTAAGAATGCTA-1	8639
T	AGCTATGTCCATGACA-1	9937
T	TCGTTCGAGCTTTCCC-1	1263
T	GGATGAGAGGTACATA-1	21301
T	TGGCAATGTTCATTTC-1	24583
T	CTTTGCGGTCATAGAA-1	17968
T	CGGACCAGTCACAGTT-1	15207
T	GCTCGAGCACGTTACA-1	19789
T	AGCCTGGTCGCATACA-1	21901
T	CTGTTCGAGTAATCAG-1	15694
T	AATACGCCAAAGACGC-1	58424
T	CAGGGCTCATGGCCTG-1	2640
T	TCAGGTAAGCTGCCAC-1	6086
T	ATAGTCGAGTCCGATT-1	3689
T	CCGTACTCATCCCGGA-1	442
T	TCTATTGTCAGGTCTA-1	8502
T	ATAGTCGCAGGCTACC-1	5265
T	CGGTGCAAGAAGGGCG-1	2230
T	CTAGGGCTCTTGGCCT-1	2719
T	TAGCACAAGACCGCAA-1	3955
T	TGTGGCGCATTAGCCA-1	21031
T	TTACCCGGTCAGTGTT-1	9332
T	TCGCCTATCCATATCT-1	9400
T	ACCGGGTGTCAAGACG-1	17836
T	ACGTGGCAGTATGCTC-1	2900
T	GCTCGAGCACTTTGGA-1	7099
T	GGTGCTGGTGGACGAT-1	5066
T	CAGTGCGAGATTCCGT-1	3166
T	CTGGGACTCCATATCT-1	30104
T	AATGTCGCACTCAGCG-1	6704
T	GTGGATTAGTAGTCGG-1	37940
T	AGCGATTGTGATAAGT-1	19319
T	AGCCTCTAGAGGTCCA-1	4030
T	GAGCATTCAGGCATCC-1	7670
T	GGCACGTCAAAGAGAG-1	4499
T	CGCTGGAGTACGTAAA-1	10330
T	GACCAATCAATTCTCT-1	2013
T	GAAGAGCGTACAAGCG-1	7843
T	GGTCATATCGCTTCAC-1	5331
T	GAACGTTAGGTCACTT-1	1794
T	TTGCAGAGTAGCCATT-1	990
T	AAAGGGCCAAGACACG-1	23271
T	TACAGCACATGGGACA-1	12220
T	TTGTTGTGTTAGAGAT-1	4336
T	AGTCCGGTCCTAGAGT-1	10523
T	GAAGTCTCATCGCTAA-1	6969
T	ATCGAGTCAACGGACA-1	12517
T	GCAAAGGGTGCTTCCT-1	6404
T	GGAACTTAGGATGTCG-1	5533
T	TGGTCCTTCTCAGATG-1	3643
T	ATGTCGAAGACCCTAT-1	1759
T	AAATGAGCATCCTGGG-1	24260
T	TTACCGCCACTAGGAG-1	26854
T	CACATGATCGTAGCGC-1	3903
T	GCACGCATCCTGACCT-1	30427
T	TGATCAGAGAGCAGCT-1	14073
T	CTCAACCCACAGGAAC-1	19603
T	CCTTGGTTCCTCAAGA-1	6140
T	TAAACCGGTGTGCTTA-1	5315
T	CGTACAATCGTTCTAT-1	15341
T	TGGACATCATCATCGA-1	10410
T	GCGTAGCAGAAGCCGT-1	33388
T	TACAGCACACTAGGAG-1	8814
T	GTAGGAGCAGGTTATC-1	9975
T	ATTACCTGTAATGTGA-1	20131
T	CCAGAATGTGCAAAGC-1	14768
T	TTGAGTGTCCTTGACC-1	14569
T	GCGCATGTCGCTGATA-1	3881
T	CCCGTTATCGAGGTAG-1	12050
T	GTAGGAGTCTGTAGAC-1	4814
T	AACGGGACATCCGTGG-1	4682
T	AGTGCCGAGAGATTAC-1	2979
T	GCTGCGAGTAGAATAC-1	13124
T	GTTGGGCTCGCCACTT-1	3573
T	TTGGTCCAGGTGATGC-1	4499
T	ATTACCTGTCCCTTTG-1	958
T	ATCCTGCTCCCGTATC-1	2587
T	TGGGTTAAGATGGGTC-1	2153
T	GATTAGCGTGCGACCT-1	24350
T	CCCACATGTGCAAGAC-1	31192
T	GAATCTGTCTAGCAAC-1	14658
T	CATAACGCAACGAGGT-1	17628
T	TACTAGGCATTACCTT-1	13363
T	CCTGGGACACTAGCCG-1	14980
T	AGCCTCTCAACTCGTA-1	4648
T	GCTTGCTAGTAGACCG-1	3524
T	TCACCTGGTCCCTAAA-1	3629
T	CCACAGGCAGATTAAG-1	772
T	TGGCCTTGTTTGCATG-1	69358
T	ACAGGCCGTTTGACCA-1	12175
T	CCGTGAGAGGTCTTGT-1	11023
T	TCGATTTAGTTTGGAA-1	11071
T	TCTATTGTCCATGTTT-1	10907
T	ATTGTGGCATCCATAG-1	20608
T	CAGTATGAGCGTATCT-1	3219
T	CTGTATTAGATGCGAC-1	29603
T	CAGCCTTAGAACCATA-1	9755
T	CTCAGCTAGAGCACTG-1	3168
T	TACATTCTCGTAGCGC-1	419
T	CTAGCGGCAGCAACCC-1	7199
T	CGCTGGAAGCCTATAC-1	2738
T	CTTAATCCACAGCCAC-1	1945
T	GACCAATTCACGGGTC-1	1459
T	CACCTGTTCTACTTTG-1	1139
T	TCTATTGAGTTTGGAA-1	793
T	ACATGGTAGCAACTGG-1	618
T	TCAGCTCCAAGCAACG-1	23679
T	GGATGAGTCACCCTTG-1	19138
T	CTGTATTGTAACTGAA-1	4135
T	CATGCCTAGGGAGTTC-1	19887
T	CCGCATTTCACACGTA-1	406
T	ATCCTGCGTCTGGATT-1	793
T	AACGTACCAAGAGATT-1	5823
T	TGATGCATCTCTTCTC-1	7942
T	CCGTAGGCATAGTCCA-1	12712
T	CCCGTTACATTTAGGC-1	3562
T	GTGTCAATCGATTACG-1	3085
T	CAGCTAACAGAAAGAG-1	7733
T	GCGAGTCCAAAGGCCA-1	6560
T	GCATTGATCGATGCAT-1	2737
T	AGGCGAATCGTATAGC-1	2953
T	GGCGTTGCATCATGTG-1	327
T	TAGACTGAGAACCATA-1	4037
T	TATCGAGGTAGGGTTG-1	1716
T	GGATGAGAGGTGTTGG-1	42171
T	TAGCGGCGTAGGGTTG-1	21865
T	AACATCGAGACCATAA-1	21345
T	TAATCGGCACGACGAA-1	4559
T	AACATCGAGTACGCGA-1	24717
T	TAATTCCTCACGATTG-1	15779
T	AGTGCGCGTGCTGTGC-1	13227
T	GAACCTAGTATCCTTT-1	6086
T	TCACAGATCAAGTTGC-1	5078
T	ATTGTCTGTCTAACCA-1	15319
T	TCAAGGTAGGGCATTG-1	7455
T	AGTCCGGTCCGTTAGA-1	2153
T	TTCGATTAGTGTGTAA-1	7649
T	TTCGGTCCAAGGAAGA-1	18083
T	CCTCCCTTCGCCCTTA-1	5877
T	TCGTTCGCAGTCCTGG-1	16300
T	CCCTGATGTCCATTGA-1	7316
T	CCATACCAGGCTCCTG-1	20652
T	CAGTGTAGTCAACAGG-1	15555
T	CGTTCCAAGGAGTACC-1	21530
T	GAATCTGTCCCACTTG-1	6166
T	GGATAGGGTTCTTTGT-1	5425
T	ACAGCGCGTCGTAATC-1	1219
T	AGGCCCAGTATTCGCA-1	4944
T	CTTGCCACAACGGGTA-1	2434
T	AGCGTGCGTCCGAGCT-1	2009
T	ATGTTTCGTCGAGAAC-1	2304
T	AATGGCTTCGGGTCCA-1	6516
T	AGCTGGCTCGTCTTAT-1	39370
T	AGCGTGCTCTTCTTCC-1	11100
T	GGAGGATTCACAGGGA-1	4543
T	GCACGCACAATTGCCA-1	3236
T	AGGCGAAGTGATCAGG-1	4706
T	ACTTCCGTCGTGCTTC-1	13025
T	AGGCGTCTCGATTACG-1	8829
T	GCGGAAATCGAGCGCT-1	1601
T	TCACAAGAGAGTAAGG-1	688
T	CTTTGCGCATATTGGC-1	1072
T	CTTGCCAGTGTCTACA-1	31505
T	CAATCCCCACCCTTAC-1	16337
T	GGAGTAGAGTCTGGGA-1	7189
T	TTCTAACTCTATACCT-1	8891
T	CTTCTAAGTACGGAGT-1	4930
T	TGCATTTCACTTATGG-1	11102
T	AGGCGAAGTTGGAGGT-1	3985
T	GGGTGTCGTATCTAGC-1	9435
T	CCTCCCTGTTAACCGT-1	4395
T	TTACTCAGTTACGGAG-1	9961
T	GGATGAGGTCAATACC-1	1795
T	ATCCCTGGTCATTGCA-1	350
T	GCTCCTATCGTTCAGA-1	4041
T	TTGCGGGCATGGAGGT-1	15158
T	TGGCAATGTAGGGTCA-1	32048
T	CCGTAGGAGGCGACTA-1	22289
T	CATTCCGGTACGGAGT-1	25176
T	CTCATGCCACTGTCAA-1	4242
T	TCAATTCAGGGAGATA-1	2236
T	TCAAAGCAGGGAGATA-1	405
T	CCAGATAAGAGATTAC-1	9286
T	CAGGATTTCGCTTGAA-1	11815
T	AGTGTACGTCATCGTA-1	34306
T	CGATGATGTTAGTAGA-1	2862
T	GTGCCAGAGTTCAGGG-1	3955
T	GTACTTTTCGGCAATT-1	6665
T	CAGGATTAGATTCCGT-1	12157
T	CTGCTCAAGGCCTAAG-1	647
T	CCGTGAGTCTACTTTG-1	5896
T	GCTCCTAAGATATGAC-1	23934
T	GCTGAGCGTGCAAGCA-1	15341
T	TTCATTGTCGGTTGTA-1	29557
T	CTGCGTTCAACAACTC-1	12724
T	TAGACTGAGATCTCAC-1	31637
T	GGCGTTGAGTTGACAA-1	17196
T	AGCCTCTCAAATAGTG-1	3566
T	CAATCCCAGGATTTGA-1	4172
T	AACTGGTTCAATGCAC-1	1591
T	CCGCATTAGGATATCA-1	1352
T	CCGAAGCAGTTCGACT-1	17470
T	GGCATTACAAGGTCGA-1	16920
T	AAGGTTCAGAAGCCTG-1	21946
T	TGAGTCAAGCAGAGCT-1	3206
T	CCTTAATGTTGAAGCG-1	8535
T	ACCGAATGTGCTGAAG-1	701
T	CTTCCAGAGAACGTCG-1	6382
T	CACGTTCGTTATCGAC-1	6332
T	AACATCGAGCCTATAC-1	4804
T	TCGTTCGGTTTGCGAT-1	5802
T	GCAGATTTCACTAGGT-1	4155
T	ACTACGAGTAGTATCC-1	18095
T	AATGCCACAGCGTACC-1	16429
T	GTGCTGGAGATCACCT-1	13128
T	CTCAGCTTCTCTTAAC-1	15786
T	GCAGCTGTCTCTGAGA-1	10772
T	TTATGTCGTGGAAGCT-1	4582
T	AGCGATTCAGGGCTTC-1	12377
T	TGCATGATCTGTTGCC-1	2318
T	GCAGATTCAGTCCTGG-1	7636
T	GCTTAAGTCGCATACA-1	572
T	TTACCGCGTGATGCGA-1	9123
T	GCGTTGGGTAGCTGTT-1	1366
T	ACAGGCCTCATTCTCA-1	4085
T	CACATGATCAAGGCAG-1	13662
T	AGGCGTCCAACGGGTA-1	2425
T	GGCGTTGGTTCTGAGT-1	10006
T	GCCAGCATCAAACCCA-1	23901
T	AGATTCGAGTGCACAG-1	16629
T	ATTACTCGTGGACTGA-1	18954
T	TCGTTCGCAGTTACAC-1	27455
T	TTGCCCATCTCTGAGA-1	2437
T	GCATTCCCATTCGTCC-1	5435
T	TTCATCAGTACAAATG-1	9067
T	TTTGAGGGTCAGGTGA-1	6688
T	GCATTCCCACGGCCAT-1	2671
T	GTGTCCTCAAGATTAG-1	15019
T	GTCGTAATCCGATTGA-1	3689
T	CTGTATTTCAAGGCCC-1	2406
T	TATGTTCTCTATACCT-1	45111
T	ATGTCGAAGAGCCACA-1	22894
T	ACTTCCGCACAGCTTA-1	12803
T	TTTGTGTCATCGGCCA-1	2791
T	TACATGGCAGCAACAG-1	14856
T	GTGACATAGGAGAACA-1	968
T	CAACGTATCCAGTTAG-1	4098
T	TGCTCGTGTATGGGTG-1	13888
T	TCGTTCGTCTATAGGC-1	4327
T	AAGATAGCATGATCGT-1	2417
T	CCTAAAGCACGCGCAT-1	3656
T	CAAGAAATCGATAGCT-1	1022
T	CAACGGCAGTGAACCG-1	26900
T	CCCACATAGTCTAGAA-1	13855
T	CTCGCTATCGCCCTTA-1	27443
T	GACCCAGGTACGTATC-1	8048
T	GAGGTCCCATGGTAAA-1	6198
T	ATATTCCGTTTGCCCT-1	17664
T	TCACAAGGTTTAGAAG-1	2096
T	GCGAGTCGTTGAATAG-1	6795
T	GCAAAGGTCCAGTACA-1	20152
T	TTTGGTTGTAGACACG-1	13036
T	TTCGTTATCCGCGATG-1	14633
T	GATTAGCCAATTCAGC-1	23708
T	AGGCGAATCCATATCT-1	4874
T	AGCGTGCGTTTCTCTA-1	3828
T	TTCATCAGTTTGAAGA-1	6208
T	TGACTCCGTAACCCAT-1	18418
T	CAGTATGTCAACACGT-1	3734
T	CATGCCTGTCCGAGCT-1	5084
T	GTTGGTAAGATGTTGA-1	2046
T	CAGCCTTTCCCAGTAA-1	2829
T	CCAATGAAGACCATAA-1	1387
T	CTCTCAGCATCGGCTG-1	1888
T	TGATTTCTCCTCTCTT-1	30504
T	TGATTTCCAAGGGTAC-1	23937
T	ACTTCCGTCAAGGCCC-1	5203
T	GTGCTGGGTCATAGCT-1	13191
T	ACAGCGCTCCTTCGAC-1	25374
T	AGACAAATCTGACATG-1	3720
T	AGTGCGCCATGGATGG-1	2074
T	CCCTAGTCATGGCCCA-1	3878
T	TTGTTGTAGCGAGAAA-1	1939
T	AGCGTATCAAGGCGTA-1	1890
T	ATAGGCTAGGACCGAT-1	1022
T	TCTAGTTGTAGTCTGT-1	11239
T	TGGTCAACAATGGTAA-1	11142
T	TGAATCGAGGCAGTGT-1	7048
T	AATGGAACAAGAGCGT-1	4885
T	TGACAACCATACCCGG-1	17809
T	TTTACGTGTTTGTAGC-1	6077
T	CAATCCCCACGCCGAT-1	6587
T	TAGTCCCGTTGGCTAT-1	2712
T	TATCTGTTCTTAATCC-1	4147
T	CCATACCAGATGTTCC-1	2136
T	GAAACAATCGCCAGAC-1	34992
T	AACATCGTCCGGGCAT-1	20426
T	GTACTTTCAAGATGCG-1	39564
T	TTTGTGTCACACATGT-1	22580
T	CGCAATACAATGCCAT-1	17777
T	GCGCCAACAAGTAACA-1	21078
T	CATTCCGAGATAGGTT-1	19181
T	TATCGAGAGATGTTGA-1	14294
T	GACCGACGTGGGTAGT-1	5212
T	TTCATCACACACACCG-1	8400
T	GAGAACGGTGCAAGCA-1	1060
T	ATAGGCTGTGCAACAG-1	3696
T	GTGATCACAGTAGTTC-1	1347
T	GTCGTAAAGGCTCCTG-1	11534
T	TTAGGTGCAGGAGCAT-1	39536
T	ACATGCATCCTAAGTG-1	9343
T	CTGGGACCACTGTTAG-1	27279
T	GCTGTTCAGAGCTCCC-1	14445
T	GGGCCATGTGTCTACA-1	1465
T	AAGATAGAGATATGTG-1	16055
T	AACGTACGTTTGAAGA-1	9284
T	TAACAGCCATAGCAGG-1	13119
T	TCGAGCGAGAGAGGTA-1	9046
T	TTCAACTCAGGTAGCA-1	32657
T	CTGTTCGCAGTAAGCG-1	8210
T	TTACGTTCATTAGCCA-1	3569
T	GTGGCGTGTTCTGAGT-1	3987
T	AGGCGTCTCTCTGTTA-1	2339
T	TACTCGCGTCGCTACG-1	1604
T	TACATTCCACAAGTGG-1	2290
T	AGCGATTCATTGTTCT-1	2645
T	TGTGGCGTCGATATGC-1	4569
T	TAAGTGCGTGCAACAG-1	10218
T	GTAGGAGAGTGAAACT-1	6644
T	TTGCCCAGTCAACGGA-1	23789
T	TTAGGTGTCTCCAACC-1	15814
T	ACAGACTGTTGCAGCC-1	3567
T	CGTGGCAAGCTCCGGT-1	4592
T	TCAAGCATCGACTGGC-1	5230
T	GCGAGTCGTTTAAGGA-1	11226
T	TTATGTCAGAACGACC-1	4082
T	CACCACTGTTCTTTCA-1	15963
T	TATGTGGTCGTTCTAT-1	9959
T	GCGAGAAAGACCTATC-1	2701
T	TACTCGCAGAGAACCC-1	2158
T	GGAGGATGTCCCGAGT-1	18048
T	TGTGACATCGGCAATT-1	18216
T	TTCTAACTCCCATAGA-1	14599
T	CCAATGACAGGTGGTA-1	17491
T	CGCTATCCAACATAAG-1	27677
T	GTGGATTAGGCGATTG-1	14830
T	CAGCTGGAGTACAGTA-1	5518
T	CCGTAGGAGCATGTGG-1	3164
T	AGTTACGTCTGTTTAC-1	3095
T	GCAGATTTCTTTCGAT-1	3091
T	GGAGAACAGTATAGTG-1	2544
T	ATCCCTGGTCCTTATT-1	1424
T	GGACACCTCTAAACGC-1	36295
T	TGCTATTCAAAGGCCA-1	5799
T	TTGAGTGCACAGATGG-1	5698
T	AGCTGGCAGTATAGTG-1	17436
T	GTTGGGCGTCTGATTG-1	4923
T	CGAGTTATCAGCACTA-1	5701
T	GGTGAAGTCGCAAGCC-1	2213
T	ATTACCTCACTACACA-1	448
T	ACATGCAGTCTGTGTA-1	18555
T	GAGAACGAGTGAACCG-1	21628
T	TCTAGTTGTGTCGTCG-1	2238
T	GGTGCTGAGAACGTCG-1	10532
T	TGTTAGGTCGTGGAAG-1	3145
T	TAGGAGGTCACTCGGG-1	21488
T	AACGTACGTCAACTAC-1	4041
T	TAGCCCTCATTTGTTC-1	7969
T	CATGCCTAGAGCCTGA-1	8847
T	GTGCACGGTTCTGAAC-1	3776
T	GGGAACATCCGGCGAT-1	2201
T	ACCTGCTTCGTAGCGC-1	5470
T	CAACCAATCTATACCT-1	2011
T	TGCGTAACAGTAACCT-1	1896
T	ACTGCGGCACTGCTCT-1	1071
T	CGCAATACAGTATCTG-1	660
T	GAGATTCCAACGTAGG-1	15087
T	CGCTATCGTCATCGTA-1	26810
T	AGTGCCGTCTGGCGCA-1	24918
T	AGCGATTAGCCTGTAT-1	16882
T	GCTGCGAGTCATAAGA-1	13323
T	AGCGTATCACTAGCCG-1	16104
T	GTCACAAAGTAGGTCG-1	22995
T	TGGCGCAAGCTGAGGT-1	9604
T	AGCCGCAGTGCACCCA-1	2728
T	GCGAGAACAGGGTACA-1	3815
T	CGTAAACTCGAGTGTT-1	1140
T	TAGCCCTGTCACAGGA-1	3105
T	CTGGCAGGTCATCGTA-1	37928
T	GGGTGTCAGGGTAGTC-1	5050
T	TCACCTGAGGCCTCTG-1	2885
T	GGAATCTAGAACAGGA-1	15214
T	TGCATTTCATAGAATG-1	2738
T	TGGCAATAGATTAGAC-1	16628
T	TCAATTCAGACTAGGC-1	5678
T	CACAACAAGTCTGTGT-1	909
T	TGCACCTCAGTCCTGG-1	1167
T	ACAAAGATCCACTAGA-1	1073
T	AAGGAGCGTGGGTAGT-1	10674
T	GGTACCGAGCCGCAAA-1	8509
T	AGCCAGCGTGCACATT-1	16062
T	ACAGAAACAGCGTACC-1	8721
T	TAACGGTGTCAGAAGC-1	26465
T	CCCTGATAGATACCAA-1	14457
T	AAACGAAGTGGTGGTA-1	11140
T	GCAGCTGTCCAAGTCA-1	10463
T	TGTAAGCGTCCAAGAG-1	8961
T	CTTGCTGAGGTCGTTT-1	3774
T	GACCAATAGTGCTCGC-1	1184
T	GCTGTTCCAAGGAACC-1	966
T	AGTGCCGTCGCTTACC-1	10722
T	TAGGTGTTCCTGTAGA-1	34206
T	GTTATTCAGAGGCAGG-1	17993
T	CTCTCAGGTAGCATGG-1	16521
T	TCGTTCGAGTAGAAGG-1	2940
T	TCACCTGAGGTCTTTG-1	3814
T	GTTACGAGTGCGTCCA-1	9558
T	TCAAGCAGTACTTCAG-1	14475
T	CCGCATTAGACCCATT-1	5247
T	CTGTATTGTTTGTAGC-1	5319
T	TACCTCGTCGCGATGC-1	3500
T	GAGAACGTCCTGACCT-1	12295
T	CGATGATTCTATCTTG-1	14052
T	TACATTCAGTCGTGAG-1	12149
T	GGTACCGAGAGCGGTT-1	27446
T	TGGTCCTGTAAACGAT-1	16669
T	TCGTTCGAGCAGGAGG-1	5424
T	CTAGGGCCATGGGTGA-1	3303
T	TGATGCAGTCTGGGCT-1	1526
T	CCACAGGTCAGGAAGC-1	3021
T	ATCCAGACAATAGCGG-1	47352
T	GCCTACTGTCGTAGTT-1	16502
T	AGTCAACTCTAAGGTC-1	3724
T	CTCCCAAAGAAGCCGT-1	23766
T	CCTAAAGGTCACCCGA-1	18688
T	ATTCGTTCAACTCGTA-1	3315
T	GGCATTATCCAGTACA-1	5370
T	CTGTATTGTTCAGTTG-1	6078
T	GGATGAGGTTATCGAC-1	5240
T	ATCCAGAGTTTCGTTT-1	36595
T	CGCACAGCAGACCTGC-1	8365
T	TTAGCGACAGTCAGCC-1	627
T	AACATCGGTCTGGGAA-1	12309
T	GGGTTATCAATTCTCT-1	18738
T	ATTGTGGCACCACGAC-1	1772
T	CCGTACTGTGCCGGTT-1	10266
T	GCTTGCTTCAGAGTGG-1	7282
T	TTGCCCACATAGCCGC-1	3144
T	CATTCCGGTTCTTATC-1	3780
T	CACATGATCATTCATC-1	2609
T	CATTCCGCAACGTACT-1	27104
T	AATGCCATCTTTGCAT-1	12591
T	TGGCCTTAGAGGTCCA-1	7437
T	CAAAGCTCACGCCGAT-1	20276
T	ACCAAACTCAGGGTTT-1	13677
T	GTCACGGCACTACACA-1	15154
T	GAACTTGGTCTGTCCT-1	3993
T	CAAGAAACAGATTAAG-1	2191
T	TAACGGTCAGCAACAG-1	2130
T	GCTCACTGTGCTTGAT-1	2687
T	CCCACATAGAGAGGTA-1	881
T	AGATAGAGTTGCTTGA-1	18810
T	GAAACAAGTTCTTATC-1	21283
T	TTAGCTTAGGCCAGTA-1	4841
T	CGTGGCAAGGGTCCCT-1	10141
T	AACAAAGTCGCCTTAC-1	17128
T	GCTTGCTAGAACAGGA-1	2390
T	TTTGTGTCATTACTCT-1	3322
T	TGCGTAAGTGTCTCGG-1	1742
T	GGAGTAGCATCAGCTA-1	5804
T	GCTCAGGAGTTCCAGT-1	24780
T	CAGCTAAAGGAAGGTA-1	4716
T	GCCCGAATCAGTGTGT-1	11127
T	GTTACGATCAGATACC-1	7894
T	TGGCAATAGTTGACAA-1	13160
T	TGGCGCACACCCTTTG-1	8690
T	CCAGATACAATGGCTT-1	5356
T	CATGTTTAGGAGAACA-1	1419
T	ATCGAGTCATAGATAG-1	9341
T	CACAGATCATGATCGT-1	7606
T	CTCACCATCCACTAGA-1	35876
T	AACTTGGTCGTCCCTA-1	36084
T	TGCACCTAGACTCTTG-1	33617
T	GCAGATTTCGATAGTC-1	11900
T	CCTTAATCAAAGGCCA-1	24113
T	GGAGTAGCATTTGGTG-1	14483
T	CAAGAAAAGGTACTCT-1	9824
T	CTTAATCTCGTTCCGT-1	6857
T	GAAACAATCTCAGATG-1	47990
T	CTTTGCGGTCCCTTTG-1	4217
T	TCAAGCATCAGCACTA-1	1556
T	TACATGGTCTGTTTAC-1	2798
T	ATGTCGAAGTCTCGAT-1	8454
T	GGTTGCGAGGCCTCTG-1	10181
T	TTCATTGAGACTAATG-1	12045
T	TAGCTTTCACCGTTGG-1	17752
T	GACCAATAGAGGTCCA-1	10541
T	TTGTTCACATAGAATG-1	4752
T	TGCATGACATTACTTC-1	1253
T	GTGACATGTAGTTTGC-1	3047
T	CTCCCAAGTTACGGAG-1	2300
T	TTACCCGTCAGAACGG-1	6798
T	CCCTCTCGTTGGTAAA-1	14820
T	TGATGCATCAAACCCA-1	18218
T	CCATACCGTGGCATAG-1	11291
T	GCGAGTCAGGAGTCTG-1	2950
T	GGGACCTTCAGGAATA-1	10450
T	CCCTAGTTCATTCGGA-1	4366
T	CCCTAACCAGATTAAG-1	3345
T	AAATGAGGTTAGTAGA-1	6269
T	GCTCACTGTGTGCTTA-1	16750
T	GCAGCCAAGGGTAGTC-1	8451
T	TACCTATGTATATGGA-1	34209
T	GCAGATTAGCTCGGCT-1	23421
T	ATGTACGCATGGTTTG-1	2647
T	ATTGTCTTCGCTCGGA-1	17417
T	TAAGTGCCACTGTCAA-1	7129
T	CGCACAGTCTGTTGCC-1	12382
T	GTCACAATCGATGCAT-1	3788
T	AGACAAAAGAACCCGA-1	1895
T	AGGCGTCTCTCCTTGG-1	4304
T	AACTGGTTCCTAGAGT-1	2659
T	TGACAACCAAGACACG-1	20816
T	CTCAACCTCCTAAAGC-1	5708
T	ATCCCTGTCGCTCTAC-1	2638
T	GTGTCAACAGTAGGCA-1	5277
T	ACCGGGTTCCGCGATG-1	2161
T	GTAGGAGGTCCAAGTT-1	40207
T	TGTGGCGCAAGGAACC-1	33215
T	TACGGATCACCGAAAG-1	4935
T	CCTTGCACAGGTCCTG-1	7441
T	GTCACGGTCTCCCTTT-1	4278
T	ATTGTGGTCAGTTGAC-1	4980
T	TCAGGGCAGGCCAATG-1	885
T	GGTGCTGGTGCTGAAG-1	11376
T	GATTAGCTCGGGATCC-1	4815
T	CGCTGGAAGGCGTCCT-1	67020
T	TAATTCCTCCCAATAG-1	22998
T	CCTTGGTGTTCTGATG-1	14422
T	ACTAACGCACCCTTAC-1	8026
T	GGAATCTCATTGCGAT-1	2749
T	AATGTCGTCTCTGCAC-1	16191
T	ACATGGTCATGTATCG-1	5454
T	AACGAGGAGTCTCGAT-1	31563
T	GCGTTGGTCCTAAGTG-1	5337
T	TTGTTGTCACAACGGA-1	1004
T	GCAGCTGTCACAACAC-1	27264
T	GAACGTTTCTATACCT-1	23350
T	TAAACCGCAGGAGCAT-1	16421
T	GCCAGACGTGGTACTT-1	4563
T	TGCTCGTCAAGGCTTT-1	6333
T	GCGGGTTTCGGATCGC-1	6333
T	AGCGTATCATATACGC-1	3672
T	GTCACTCGTGGATTTC-1	1322
T	AGGCCCACAGGATAGC-1	14128
T	GTCACTCAGTCTTAGC-1	14478
T	GAAGTCTCAGTAACGG-1	30180
T	AGATTCGAGGTACTCT-1	11153
T	TATCGAGGTATTCTTC-1	2272
T	AAAGATGCACAGAAGC-1	22636
T	GGGCCATCATGTGAGG-1	7077
T	TCAGGGCCATGGCCCA-1	17583
T	TGCTTTATCTCGCGGA-1	12244
T	ATTACCTAGATCCGAG-1	23186
T	ATCGAGTCAAGTCTCA-1	7952
T	ACCCAAATCTTGTGCC-1	9601
T	TATCTGTAGTCTGTGT-1	2831
T	ACAATCGAGATATGTG-1	6582
T	GAGTGAGGTCAGCAAG-1	6267
T	TCGATTTTCTGACATG-1	21327
T	ACAAAGATCTGTAGAC-1	6411
T	ACCTGCTCAGGACCTC-1	29043
T	GAGACTTCAGATTGTC-1	19422
T	GACTAACTCTTAGTGG-1	9216
T	GTTATTCTCCTCCTGA-1	2010
T	GTCACGGGTTTCGATG-1	1239
T	AGCTATGCAAGGATGC-1	2631
T	AACCGATAGTGCTGAG-1	4286
T	GTGGATTAGCTGAGGT-1	7769
T	AGCTGATTCAAGGCCC-1	2682
T	AGCCTTCTCTCCTTAA-1	26155
T	ACGTTAGTCTATATCC-1	12598
T	GTCTACCTCCAGAATC-1	22904
T	TGTAAGCGTCCGTGCA-1	26253
T	GATGGCCAGTGAGCAC-1	30709
T	AGCCTTCCATTTCACT-1	20131
T	TACCTATGTGGAGTGT-1	5293
T	GAAGTCTAGTAATCAG-1	3922
T	TCAAGGTAGAACAGGA-1	5372
T	AGATTCGTCCTGAAAC-1	2709
T	GGCGTTGTCCTGGGAC-1	4170
T	TCACCTGAGTTCAGGG-1	12041
T	GTTGGTAGTGGGTAGT-1	3017
T	TTTGCGCGTTCAGTAC-1	3552
T	CGCAGGTAGAGTCCGA-1	1254
T	TAGTCCCCACAGTAGG-1	32731
T	TTCGGTCAGTTCGTTG-1	24172
T	CGGACTGCAATGGTAA-1	6656
T	CAACGTAGTGATGCTT-1	7242
T	GTGATCAGTGTCTACA-1	5905
T	CCCTGATCATGGCCCA-1	3648
T	AACGTACCAAACGACG-1	3933
T	CCGTAGGGTACTAGAA-1	4027
T	CCTAAAGGTCCCGAGT-1	3914
T	ACCAAACCATGCGACC-1	6763
T	GCCCAGACAAGCGGTA-1	7129
T	CGCACAGCACTTGCGG-1	40380
T	CACAACACAAACGACG-1	10180
T	GGGACCTAGCTGATTC-1	23759
T	GCCTACTCAGATAAGT-1	17685
T	GCTGTTCCACAGTAGG-1	7431
T	CTGCTCAAGGAGTCTG-1	9125
T	AGTTACGCATAAAGTG-1	3574
T	TGGGTTACAGGTAACG-1	2226
T	CTTTGCGAGTCCGATT-1	5735
T	GAGATTCGTCAGAAAT-1	1542
T	GCATTCCCAAGCCAGA-1	14006
T	ACGTGGCCACTGGGCT-1	15448
T	GCAAAGGTCCCACGGA-1	1555
T	CACTGAACAAGCGACA-1	11003
T	GTGTGATCAGTAACTC-1	19324
T	TTACTTGAGTCTCGAT-1	15784
T	GCTCACTAGATGCGAC-1	25835
T	GCGTTGGTCCCACTTG-1	4268
T	GTAGGAGGTTAGGAGC-1	1696
T	ACTAGGTGTTATCGAC-1	3285
T	GGGTGTCTCCTATCCG-1	6249
T	GAGATTCGTTCTACCC-1	5677
T	TGCTCGTAGCGAGAAA-1	5436
T	GCGATTACAAGCTTTG-1	1727
T	TTAGCGACACGATTAC-1	13689
T	CCGTACTTCTTAATCC-1	19753
T	GGCGAAATCCCATAGA-1	7538
T	CTACTTAGTGACGCAA-1	2720
T	CCGCATTTCTGGCCAG-1	5011
T	TGCGTAACATGGTTTG-1	18203
T	TCACTCGAGTTCCCGG-1	14216
T	TGGAAGGAGTGAAGGA-1	9114
T	TGCTCACAGAATGCTA-1	3019
T	TAAACCGCACTACACA-1	8125
T	ATGGATCCAATCACTG-1	958
T	GGGCCATGTCTGTTGA-1	17656
T	GCTCAGGAGCCATCAT-1	20220
T	CACAACACAACGTAGG-1	34223
T	AGCCTTCAGAGCTACG-1	12548
T	GCCTAGGAGTACCTCA-1	20555
T	TGCCTCAGTGGAAAGA-1	10995
T	GTGTCCTTCGAACACT-1	38931
T	AACATCGAGAGAACCC-1	5705
T	GTAGACTAGAAGCCGT-1	6636
T	TGCCTCATCGATTACG-1	6366
T	GGTGCTGGTGTTGTTG-1	2095
T	CCGTACTAGCCTGTAT-1	3265
T	AAGATAGCAGTAACTC-1	2758
T	CAGGATTTCCGCCTAT-1	3736
T	CACATGAAGGACTTTC-1	6794
T	CCCTCTCAGCCCATTA-1	13927
T	TCACAGACAAGGTCGA-1	13482
T	ACTACGATCCTGACCT-1	2347
T	AGCCGCATCGTGGTAT-1	4811
T	TAGACTGCACTTTGGA-1	25160
T	TGGGTGCCATCGTGAT-1	6958
T	CGTTCCAGTTATCGAC-1	19198
T	TCTATTGCAAAGGTCG-1	5729
T	GCCCGAAAGACCATAA-1	7960
T	AATGTCGGTGCACCCA-1	1223
T	ACAAAGAAGGATTGAT-1	3085
T	GCGGGTTTCCATGTTT-1	7664
T	GCTGCGACACCATTCC-1	3252
T	TGATGCATCGATGCAT-1	1804
T	GCCAGACAGGTCTTGT-1	17404
T	TACAGCAGTGTGAGGT-1	23655
T	GTAGTACCATGGCCTG-1	18529
T	TCAAGACAGTCCGGAA-1	7581
T	GCACGCAGTTGAAGCG-1	9671
T	AAATGAGTCGGTACTA-1	6094
T	TGCCTCACATCTCACC-1	2943
T	TAGGTGTCACTGCTTC-1	3656
T	TTATGTCCATTCCCGT-1	30650
T	GTTCAAGAGTTATGAG-1	6572
T	ACTGTCCGTGTCTCGG-1	13043
T	GGAGGATTCTTGCGCT-1	24131
T	TCAAGACGTAGGTGAC-1	7800
T	TGCTTTAGTGTTGTTG-1	8738
T	TGAATCGGTGAATGTA-1	5275
T	TAGTCCCCAATTCGTG-1	14537
T	GCTCGAGGTGCTTCCT-1	1552
T	GGGTCTGCACTCAAGT-1	14110
T	TAGCACAAGCTAGTTC-1	16713
T	ATGGATCAGGCTGGAT-1	31019
T	GAGCATTTCAGGAATA-1	17428
T	CAGCTAATCGATCTTT-1	1760
T	TAGCGGCTCCCACGGA-1	7697
T	AAGATAGTCGTCCCTA-1	8409
T	CCACAGGGTACAAATG-1	5797
T	TAGCGGCAGATCCGAG-1	3503
T	TAGGTGTTCGCCAGAC-1	2605
T	CCTGGGAGTAACCGAG-1	4703
T	TGACTCCTCTTTGCAT-1	30667
T	TGTTAGGCATTAGCCA-1	14193
T	GCCTAGGGTCGAGGTA-1	22466
T	TTGTTCATCGTATAGC-1	27567
T	TTGAGCATCCTGACCT-1	7888
T	AGTTACGAGTCCTTCC-1	6796
T	TGACTCCCAGTAAGCG-1	3078
T	CTACTTACACGCGTTG-1	4360
T	TCAATTCTCAGTCAAC-1	9150
T	CAAAGCTGTGGTCGAA-1	1305
T	GACCTTCTCAGTTGAC-1	6343
T	TTGTTCAGTGGCGCTT-1	9022
T	GGTGCTGGTATGGTTC-1	13291
T	ATTTGTCCACCTGAAT-1	17671
T	GGGACCTAGAAATGGG-1	11640
T	GGAATCTAGTCTGTGT-1	19338
T	GCCTACTAGAAGGGCG-1	15255
T	TTCGGTCCAGTAGTTC-1	14567
T	GCCAGCAGTAACGTAA-1	11703
T	GGATGAGCAAGTGGCA-1	17049
T	CACCACTTCTAGCTGA-1	8401
T	CCCTCTCCACCACGAC-1	5927
T	GTACTTTTCCAGAATC-1	3710
T	GCAGCTGAGAGCACTG-1	3306
T	AACCGATGTGCGTTTA-1	19298
T	CGTTCCATCGATAGCT-1	21935
T	GACCAATAGACAACGC-1	34289
T	CAATCCCAGGTTTCTG-1	16852
T	TCAAAGCTCGTCAACA-1	9582
T	TTACCGCCATGCCTTC-1	6709
T	CGTAAACCACAGTTAC-1	2423
T	GCAGCCAAGCTTACCA-1	37091
T	TAGCCGGTCGTATAGC-1	12651
T	TAGCACATCTGAGTCA-1	21459
T	CAGCTGGCATTGTGAC-1	7058
T	CGCTGGACATTGTTCT-1	10609
T	AGCCGCACACATGATC-1	760
T	GAGGATGCAGACTAAA-1	1883
T	TCACAGACATCCTCGT-1	1931
T	GGGTTATTCCACACCT-1	29877
T	TAATCGGCAATAGCGG-1	22796
T	CCTTGGTTCGGTTCCT-1	27698
T	TTGCAGACATCCCAAA-1	28996
T	ACATGCAGTATTTGCG-1	35110
T	GATTGACGTGTCGTCG-1	15320
T	ATTACTCCACTTGCGG-1	18294
T	TAGGAGGTCATTCATC-1	7854
T	TCAGGTATCTATTTCG-1	8450
T	CAACGTAAGTCATACC-1	4160
T	GATCGTAAGAACCCGA-1	12816
T	TAAACCGTCGTTCAGA-1	16864
T	ATCCAGATCCTTGACC-1	19889
T	GACCTTCAGGGCGAAG-1	21879
T	GCATTCCCAAAGGAAG-1	10752
T	GAGGATGCAGGCAAGT-1	5997
T	GCTGTTCAGGAAGGTA-1	11025
T	AAATGAGGTATCTCAG-1	6865
T	TAATCGGGTTTGGATC-1	4373
T	TTGCACCTCTTGCGCT-1	689
T	TCAAAGCGTATTTGCG-1	41915
T	TGTGGCGAGAACCATA-1	14926
T	GGTGAAGGTGCTTGAT-1	6443
T	CCTGGGACAATGTAAG-1	14378
T	GCCCAGACAGTAGGCA-1	5043
T	CGCTATCTCAATCGTG-1	4039
T	CGGTGCAAGTGATAAC-1	2564
T	GAAGTGGAGAATACTG-1	3254
T	CGGTGCAAGGGCGAAG-1	1877
T	CTAACTTCATTCACCC-1	8699
T	GTCCATCTCGATAGTC-1	1958
T	CTTGAAGTCTCGCGTT-1	8419
T	TAGGTGTGTGACGCAA-1	23389
T	TAGCATGGTGAGGTCA-1	5810
T	TAGCGGCAGGACTAGC-1	20918
T	GGCACGTGTAGACACG-1	2976
T	TGTACAGGTGGATTTC-1	6436
T	CTTGCTGGTATCTAGC-1	9227
T	CAACGGCAGTGTCGGA-1	8381
T	TACAGCATCGCCTTAC-1	4449
T	CAGTGTATCAAGAGAT-1	15665
T	GATCATGGTTAGGAGC-1	3802
T	TGCTCACGTAGTCTGT-1	3476
T	TTACGTTTCGCGGCAT-1	1678
T	AGGACGAGTCAAGACG-1	23117
T	GTGGCGTTCTTCCAGC-1	11454
T	GGTGTCGCAACTTGGT-1	8118
T	TCGAGCGCAGTAACTC-1	4504
T	GATGGCCGTGGTAGAC-1	5199
T	TACTCGCGTCACCCGA-1	6310
T	CGCTGGACAACTACTG-1	16518
T	TTTACGTCAACGTCGC-1	16958
T	TTCGATTGTAATGTAG-1	4706
T	TATCTGTTCTGGGCGT-1	15072
T	GCCCGAACATGATTGC-1	7522
T	GCCCAGACATAGACGG-1	1607
T	CAACGGCCAACGTCGC-1	2163
T	TATGTGGCACCGTCTT-1	30353
T	TTACTTGAGGATATCA-1	19800
T	GCATTGATCGATAGGG-1	26750
T	ACATGGTCAACACGGA-1	39332
T	GACCCAGAGATTACGA-1	9570
T	TCAGTTTAGCTGAGGT-1	13931
T	ACAAACCAGTGTCCCG-1	2535
T	TAGGTGTGTGGTGGTA-1	4870
T	AATGCCATCGTGATAC-1	8967
T	GCACGGTAGGATGTAT-1	17081
T	CATTGGAGTTCCCAAA-1	6353
T	GATTGACTCCTATCAT-1	2390
T	TCTCTGGGTCTTAGCA-1	2509
T	GATTGACAGTCTAGAA-1	4056
T	AACTGTGAGTTAGCGG-1	1927
T	AACGTACAGGTTCTCA-1	12627
T	AGCTGTACAAGCTTTG-1	24904
T	CACTAAGCATCCGTAA-1	29195
T	ACGTTAGTCCATTGTT-1	46826
T	ACAAGCTTCCACTAGA-1	15095
T	AACGAGGAGCAACGGT-1	16961
T	GCCCGAAGTTCCATCC-1	7645
T	TACTCGCCAACATAAG-1	9661
T	ACTACGAGTGAGAGTC-1	10614
T	CCTCCCTTCCAGGTAT-1	2237
T	GGTACCGAGCCCATTA-1	3396
T	TGCTCACTCGCTTACC-1	4716
T	CCTTGGTCACGACGAA-1	1581
T	GGGTCTGTCGATGTAC-1	2632
T	TCTCAGCGTGGACGAT-1	12831
T	GGTCATACATTACTCT-1	25036
T	ACCGAATGTTTCAGCA-1	10067
T	CAAAGCTCAAGCAATA-1	9972
T	TAATTCCCAATCAGGG-1	1603
T	TTTGGTTCAAAGGTCG-1	5980
T	GAAGTGGAGGCTAAAT-1	17500
T	GTTATTCAGGATTTGA-1	18216
T	GTGGATTAGGCGTAGT-1	15345
T	GACCAATGTATTCTGG-1	11467
T	TCGATTTCATATTGGC-1	25193
T	CCCGTTACAACAACTC-1	27433
T	TGGACATAGTCGAGCA-1	11826
T	CCCTAACTCTGGCACG-1	5859
T	AGCCGCACATATTGGC-1	3238
T	CTTGCCAGTATTCTCT-1	917
T	TTCTGTAAGGTGATGC-1	8248
T	TGTGACATCGGATGTT-1	6358
T	GAGTGAGAGATGTTGA-1	5338
T	TATCTGTCAGGATGTG-1	3498
T	TACCTATAGACAGCTG-1	25613
T	GGAACTTAGGTACATA-1	5023
T	TTTGCGCAGTAGACCG-1	2129
T	TGCTTCGGTCTCTAAG-1	5145
T	TTAACGGCAACGTACT-1	487
T	AATGTCGTCAGCCGAC-1	11950
T	CGAGTTAGTGTCTACA-1	4943
T	TGGAAGGAGACTTGAA-1	20341
T	GTGGATTAGCTTACCA-1	16712
T	TAGGTGTCAGTGGTCC-1	17486
T	TAATCGGCACAGATGG-1	11493
T	AATGTCGAGCGGACTA-1	30947
T	CTACTTAAGGGACGTT-1	18869
T	TTACCCGAGATCGAGC-1	1366
T	TCAAGCAGTCAGTGTT-1	3228
T	AGTGCGCTCGTCAACA-1	2433
T	TACATTCTCTGAAAGA-1	1988
T	CTACTTACAAGTCTCA-1	1113
T	ACGTTAGTCACTTACT-1	19189
T	CACATGATCAGGATCT-1	4378
T	CTACTTACAAGCCCTG-1	12073
T	CATGCCTGTTCAGTTG-1	25099
T	TTCTGTAAGTTGCGCC-1	14582
T	CTGCTCACACCAAGGA-1	20672
T	CGTACAAAGGACTTTC-1	3369
T	ACATGCAAGTAGACCG-1	5648
T	TTGTTGTCAGTCAGCC-1	2899
T	AACATCGGTGGCGCTT-1	8789
T	GTCACGGAGTCCGGAA-1	3460
T	AACCGATTCTGCTACC-1	2747
T	AAACTGCGTACAAGCG-1	5604
T	TGCTTTATCTTCCACG-1	4800
T	TAGCATGGTTACTTTC-1	16406
T	TGTGGCGAGAAGCCGT-1	9891
T	TAACAGCCAGGTGGTA-1	6200
T	GCCCAGACAAACTACC-1	38128
T	TTCAACTTCAGTCAAC-1	9851
T	TTGTTGTCAAGCGACA-1	5213
T	ACCCAAAAGTTTACGC-1	7729
T	GAACGTTAGGTTGTGG-1	8597
T	AATGGCTGTGTCTACA-1	2459
T	TACGGATGTTTCCACC-1	2551
T	GATGATCGTCACATTG-1	2018
T	TCTATTGCATTTGTTC-1	1727
T	AACTGGTAGCACCATT-1	19482
T	CTCTACGCAACACGGA-1	22778
T	TACTCGCTCGGGCTCA-1	5827
T	CCACAGGTCAAATGGA-1	15276
T	AAATGCCGTCATCGTA-1	17203
T	TGCATGAAGTAACTCC-1	6973
T	GATGATCCACGACGAA-1	3203
T	TTGCTTAGTGCGACCT-1	2213
T	TTCGATTCAAAGACGC-1	5316
T	CAGTATGGTTGGCTTA-1	3104
T	TTACCGCAGGCAATTA-1	15921
T	TAGACTGCATCATAGC-1	7408
T	GGGTGTCTCAGGCCGT-1	4576
T	TCTCAGCAGCTTCAAC-1	3995
T	TTCAACTAGACTAGGC-1	3257
T	TTTGGCCCACAGTTAC-1	13129
T	TTCATCAGTTGTATCG-1	4468
T	GCGATTATCTCCCTTT-1	24975
T	TAAGCCATCCGCGATG-1	35799
T	CCCTAGTAGAGCTACG-1	22669
T	TACATGGAGCTAACAA-1	31912
T	GAACCTATCTTACTCA-1	27811
T	TTCAACTAGTTACCAC-1	7493
T	TAGGTCATCCCGCAAG-1	1423
T	GCTCAGGGTAACTGAA-1	2503
T	ACAATCGCAACGTAGG-1	23131
T	CAAGAAACAGGGAGTT-1	24928
T	GGGACCTAGTTGGAAT-1	11893
T	TTGTCTACATCCTGGG-1	18672
T	GGTCATACATAGAATG-1	4560
T	TAGCGGCAGACGCCCT-1	2733
T	GGAGAACAGACCTATC-1	411
T	TAGTCCCCACAAGGGT-1	64064
T	AAGATAGAGCCAGAAC-1	70537
T	AACCGATAGAGAAGCA-1	19141
T	CGCAGGTGTCAATACC-1	7902
T	CAAAGCTAGTTCAGGG-1	25814
T	AGCTGTAGTTATGCAC-1	16644
T	GCGAGTCAGCTGCTCG-1	3138
T	CACTAAGCACGCGTTG-1	6144
T	GAGCATTCAGGATAGC-1	5675
T	CTTGCTGCAAAGCTTC-1	5433
T	CAACGGCCAACAACTC-1	8523
T	CTCTACGTCTGATCCC-1	2459
T	CTCTCAGAGTTAGAGT-1	1312
T	GCCAGCACAAGAGCGT-1	655
T	TGTGTCCTCGTCCCAT-1	12161
T	CACCTTGTCAGTGTGT-1	8737
T	ACGTTAGAGTTACACC-1	14414
T	GCCTAGGCAAAGCATA-1	9765
T	TTTGCGCCAGATACAA-1	15047
T	TAGGAGGTCTGAGTAC-1	21571
T	TACCTATGTGCCAAGA-1	23630
T	GCTTGCTGTGTGTGCC-1	11799
T	GTTGGGCCAACTCGTA-1	27537
T	TACCTATCATAGCCGC-1	4295
T	AAGGTTCCAAATTCCG-1	7584
T	TCAATTCAGTGCACAG-1	12310
T	CTCCCAAAGAGTCCGA-1	8599
T	GGAATCTTCACTCGGG-1	2014
T	TAGTCCCGTGGATTCT-1	2762
T	GAAGTGGCAGACTAAA-1	5147
T	TGGTCAACACAGTTCA-1	2863
T	TGATCAGCAGAACTTC-1	3460
T	GAACCGCCACCTGTGG-1	617
T	TGGCAATTCGTCTAGA-1	33018
T	TTCAACTCAGCAACAG-1	23559
T	CGCGCAACACAATAAG-1	7090
T	ACGTGGCGTTTCGTTT-1	4275
T	ACTTTCATCTCCAACC-1	25405
T	GCCCAGATCACAACAC-1	22901
T	AAAGATGCAGATAAGT-1	6918
T	GCCATAACAGCGTCGT-1	22843
T	ATGCATGAGCTCGTTA-1	23396
T	TCACCACGTAGTTTGC-1	8514
T	GCGCCAACACGCGCAT-1	5843
T	TACAGCATCACACGTA-1	10172
T	GCCTACTGTAACGGAC-1	2264
T	CATAACGAGCGAATAT-1	13147
T	CTGGCAGCATGGGACA-1	9586
T	TCAGTTTTCTGAAAGA-1	19833
T	GAAGTCTTCCGATGCG-1	18889
T	AACTTGGCAATCACTG-1	3015
T	ACTCGGGGTATTCGCA-1	2413
T	AACCTTTTCGATGTAC-1	11126
T	CGTAAACTCCCAGCGA-1	4982
T	TAGGTCAAGTGAGTGC-1	2624
T	GCTCACTCACCTGAAT-1	1271
T	ACCAAACCATTCACGA-1	547
T	CCAGATACACAGATGG-1	1263
T	ACCCAAAAGCGGACAT-1	20029
T	TACGCCTGTCAAACAA-1	10357
T	AGCCCGATCCTGGAAT-1	7419
T	CTGAATGAGCTTTCCC-1	14436
T	AGGCGTCTCCTTTGCG-1	5157
T	CTACTTACAGCAAACG-1	17020
T	TCCAGAAAGAACAGGA-1	2418
T	GAGGATGTCCGTACGG-1	1628
T	ACTACCCCAAACGACG-1	15141
T	CTAGGATCAAGATGCG-1	3250
T	TGCATTTGTGAGGGTT-1	2999
T	TTCGATTAGTACAGAT-1	5748
T	CTCTCAGAGAAACGCC-1	38948
T	ATGTCGATCCGGGCAT-1	9665
T	TGATTTCCAATCATCG-1	24431
T	CCTGCTACAAATGTCC-1	12637
T	CCTTAATCAGCGTACC-1	6752
T	AACAAAGAGAGCCACA-1	8279
T	ACAGCGCTCAAATGGA-1	3956
T	TGCTTTATCTTCCGTG-1	9235
T	TACTAGGCATCGGCTG-1	4043
T	GACTAGTTCCACCTAC-1	1589
T	TCAGCTCTCTTACTCA-1	22293
T	GGGTGTCTCGCACAAT-1	1703
T	CCCAGAGTCCATCGAA-1	2909
T	GTAGGAGCAAGCAACG-1	9558
T	TTAACGGTCTTAAGCG-1	31746
T	GTTACTTTCTTAACGG-1	18281
T	AGACAAAGTACCCACG-1	10484
T	ATTGTCTTCGGCATAT-1	16378
T	ACAGAAATCTACTTTG-1	8604
T	TTCGCGTTCTTCCGTG-1	19220
T	TAATTCCCATCAACTG-1	6168
T	CGATGATTCGCTACCT-1	4220
T	GCATTGAAGACTCTTG-1	8934
T	GGTGAAGGTTACGGAG-1	5117
T	GATTAGCCAAACCCTA-1	9101
T	AACTGGTTCGTTCCGT-1	16873
T	GAGATTCAGTTGACAA-1	11824
T	TAAGCCATCTTTGCAT-1	2973
T	ACGTGGCCAAGACTAA-1	42846
T	TAATCGGGTCTAACCA-1	6973
T	TTACCCGGTAGTCTGT-1	6799
T	TTAACGGTCACAAGCT-1	3389
T	CGTTCCATCCGGAAAG-1	51957
T	GCTTGCTTCCATAACG-1	17821
T	AGCCTGGGTTGAAGCG-1	17625
T	GAGACTTCACTTTGGA-1	19554
T	GTCACAAGTAGTCTGT-1	6826
T	ACAGCGCCAGTCAGCC-1	21522
T	TTCGTTAGTCGATTAC-1	2613
T	TCTAGTTTCATGTTCT-1	9891
T	TGGCAATCAGTTGCAT-1	4440
T	TCCAGAATCCATCGAA-1	7030
T	ACATGGTTCATTGCCC-1	4686
T	TTTGGTTGTTGCCGCA-1	4716
T	GTACTTTGTTGGAGGT-1	2569
T	CCTATTACATTAAGGA-1	3369
T	TACCTCGTCATAGGTC-1	5245
T	TGTTAGGGTAACAATG-1	2379
T	TCTCTGGTCTGAACGT-1	1954
T	GAGCATTCACGACGAA-1	51362
T	GCCAGACTCCGTACGG-1	10733
T	GTGCCAGAGTTAGAGT-1	7195
T	CTCCCAATCACAGGGA-1	16222
T	TGTAGCAAGCGTCTGC-1	4182
T	GCAGCCATCTCGGCGA-1	3883
T	GACCGACCAGGTGGTA-1	3444
T	TTTGAGGTCGCGCCAA-1	11937
T	GTGTGATAGGCTTTAC-1	6775
T	GTCTACCCATGGAGGT-1	16200
T	GAGACTTCACATTGCA-1	3483
T	CGCAATACATTATGGC-1	18386
T	TGTGACACAGTATACC-1	4992
T	TTGGTCCTCAGAACGG-1	1032
T	AGTTTGGGTGGACAGT-1	26547
T	AGCGTATTCGCTTCAC-1	12294
T	AATGGAACAATTCTCT-1	22800
T	CTAACTTAGGAAACTT-1	4928
T	TCACCACGTGGAAGCT-1	32367
T	GGTCATAAGATTCCGT-1	12763
T	GTTACGACACTAGCCG-1	6454
T	TTGTCTACACTGAAGG-1	5680
T	TGTGGCGAGTCCTTCC-1	1979
T	ATCCTGCCAAATTCCG-1	17971
T	TTACGTTCATGGTAAA-1	25660
T	TACGCCTAGCGAGAAA-1	3796
T	AGATTCGTCGTTTGAG-1	21821
T	TCAGTCCTCAGTCACA-1	16411
T	TTATGTCCATTACCTT-1	18330
T	CACCTTGGTCATCAAC-1	17141
T	AACATCGGTATTCTTC-1	18612
T	GCAGCCAGTTCCGCGA-1	3909
T	CACATGATCGCCACTT-1	15085
T	GCATGATAGACGAAAG-1	5875
T	TAGCACACATCCTCGT-1	2662
T	CGTAAACTCATAGGTC-1	3119
T	TAGACTGCAATGATGA-1	6133
T	GTCGTAATCAAGGCCC-1	31327
T	GGTCATAGTGGCCTTG-1	12887
T	TTACCGCCAGGTAGCA-1	7306
T	AGCTATGCACGTGAAG-1	2869
T	GAGCATTTCCTGTGGG-1	27645
T	TCCATCGAGAGGAAGT-1	3481
T	CACCTTGAGTGCACAG-1	3850
T	CCGTACTGTCCAGACC-1	28530
T	CACAGATAGACTTGAA-1	3565
T	AGCTGATCATCCTCGT-1	6075
T	TCAAAGCTCTGTGTGA-1	935
T	CTTCTAAGTGTCCAGC-1	3385
T	AGCCTTCCAGAGAGAA-1	12966
T	GAGGCTCGTAACGGCA-1	17251
T	CAACGTACAGAGTCGA-1	28283
T	TAACTTCTCCGATTGA-1	4054
T	TAGGAGGTCAGCCGAC-1	5435
T	AATACGCAGTCCAGAG-1	3305
T	GGATGAGGTGCCCGAT-1	18666
T	GTGCACGGTAACTCCA-1	23701
T	AGCCTTCCAGCGTAGA-1	18979
T	ACCCAAATCCTAAGTG-1	2828
T	ACCGCAGGTCTGGGCT-1	16390
T	ACAAACCGTAAACGGC-1	3229
T	GTGATCAAGGAAGGTA-1	5479
T	ACAGACTTCCATATCT-1	6218
T	GTGCTGGAGTAGTGTA-1	3290
T	CCACGTTTCTTTATCG-1	9250
T	ACCCAAAAGCTGAATA-1	27603
T	GCTCCTATCGTCGCAG-1	32837
T	CGCAGGTTCTGAACGT-1	16848
T	GCATTGAGTGGACAGT-1	14841
T	ACGTTAGGTAGCGAGT-1	6287
T	ACATGGTTCCAGGTCG-1	13301
T	CGCACAGGTGAATCAA-1	6133
T	CGCAATACAGGCTACC-1	4823
T	TGGTCCTAGTGTCACT-1	10565
T	TGCGTAAAGGTCGGTA-1	8182
T	CCCAGAGCAGCAACAG-1	2635
T	ATTTGTCTCCTCAAGA-1	1058
T	GTGACATCAGCAACCC-1	1826
T	CTCAACCGTATGGATA-1	592
T	CTCGCTACAGTATACC-1	1403
T	TGGGTGCAGCTTACCA-1	2801
T	CTTCTAATCGGGATCC-1	24017
T	TCGAGCGGTGATGCTT-1	31824
T	TTCGCGTAGGTTGTTC-1	4487
T	CTAGGATAGGGTGTTG-1	24572
T	GTCACGGCAACTACTG-1	8547
T	TAGCGGCAGGGTTCTT-1	5071
T	ACATGCAGTTTCGATG-1	3488
T	CCTATTAGTACGGAGT-1	4167
T	GACCGACGTAAGTCTC-1	8738
T	TGCCTGTTCTGAAAGA-1	3427
T	GGCATTAAGAGTGGAA-1	5212
T	TGCTATTGTCCTCAGG-1	24418
T	TTAGCGAAGTAGCAAT-1	11162
T	GGTAGGAGTGCACTTA-1	14665
T	CCGAAGCCAACCTCCT-1	35589
T	ATGTCGAAGAATGCTA-1	22409
T	TTTGCGCCAAGACTAA-1	21111
T	CAGTGTATCTCGCGTT-1	20926
T	ATTTGTCGTCTGCACG-1	5844
T	CAGGGCTAGGGAGATA-1	1880
T	TCAGCTCAGAGGCAGG-1	2906
T	TTGCACCCAGGGTAAC-1	26509
T	GTACTTTTCGTCTTAT-1	10648
T	GCCTAGGTCCATGACA-1	27581
T	TCCATCGGTCTCTGGG-1	3278
T	GGAGTAGGTCATAGAA-1	11761
T	TGACTCCAGGAAGGTA-1	25091
T	GAGGCTCTCTGGCGCA-1	6038
T	CGCAATAGTGCTTGAT-1	12460
T	GAACCGCAGGCCAGTA-1	14547
T	TTGAGTGAGTTGCCGC-1	2407
T	CATGTTTCACGCGACT-1	3127
T	CTGAATGAGCCTGTAT-1	2831
T	AATGTCGTCGCTTACC-1	3688
T	AGTCCGGAGATATGAC-1	7937
T	TACGGATCATACTGCA-1	14210
T	CTCAGAACATTTGGCA-1	22377
T	CCCTGATAGGTCTTTG-1	7905
T	CTTCCAGAGCGTGTTT-1	22090
T	ATCCTCGCACACTAGT-1	6604
T	GAACCGCGTACGGATG-1	8232
T	ACTACGATCGTATAGC-1	1909
T	TTCGTTATCAGTCAAC-1	4023
T	TTTGGTTAGACCCATT-1	6520
T	AAACGAAGTACTTCAG-1	13867
T	GGTGTCGAGTAGTGTA-1	838
T	CTTAATCCACAGAAGC-1	13099
T	TCAGGTATCACCCTTG-1	30873
T	TTTGCGCGTTCTGATG-1	5280
T	AGCCGCACAACAACTC-1	17880
T	AATGCCATCTGCCGAG-1	6032
T	CATTCATAGAAAGCAG-1	3824
T	TTGAGTGCACCACGAC-1	3557
T	TTACCGCGTCAACTGT-1	6559
T	CGATGATTCCTCAAGA-1	18676
T	GCTTAAGAGGTCTTTG-1	18807
T	CAAGAAAAGACACTTC-1	15578
T	TTAACGGGTTCCCGGA-1	28498
T	CGATGATTCCTTTGCG-1	16845
T	CATTCATAGTGGTGTG-1	15020
T	GTGACATGTTTGCATG-1	23848
T	CGGACTGTCGCGCCAA-1	3864
T	TCAATTCTCAGAACGG-1	3379
T	CCGTAGGGTTGCTTGA-1	4122
T	TTAGGTGGTCCGAGCT-1	13117
T	ATGTCGATCATAGGTC-1	5081
T	GATCGTAGTCCACCAG-1	13593
T	GAATCTGCAGTAAGCG-1	2574
T	CTTGCTGTCTGTGTGA-1	16344
T	GACCCAGTCTCTTCTC-1	3471
T	TCGTTCGCAGTGGTCC-1	2358
T	CAGTGCGTCACTTACT-1	4201
T	TTGTTCACAACGTCGC-1	1607
T	AAACTGCTCTTTGCAT-1	13004
T	TAATTCCAGAACCATA-1	14119
T	CTCAGAAAGTGCAACG-1	16597
T	TTTGGTTGTGCTGTCG-1	5210
T	GTAGTACGTCTCTGCT-1	20651
T	AGTGCGCTCCTCCAGT-1	2161
T	CTTCTAAGTCGATTAC-1	11901
T	TGGGTTAGTACGACCC-1	8131
T	GACTAGTTCAAATGGA-1	5816
T	AAACTCGGTGACCAGA-1	12541
T	CAGTATGGTACGTAGG-1	12522
T	TGTAAGCGTGCGTTTA-1	4986
T	TGATGCAGTCGCGCTA-1	1584
T	CATTGGATCTTACTCA-1	2958
T	TTTACGTGTGAGTTGG-1	10667
T	CCTTAATTCTAGCAAC-1	15890
T	CCCTCTCTCCTTTGAT-1	4653
T	GGGCCATAGGGCATTG-1	2687
T	TTCATCATCTCCTTAA-1	3978
T	GATGGCCCATCAGAAA-1	15933
T	GCTCAGGCATCGTGAT-1	14912
T	GAATCTGTCTAAACGC-1	10745
T	ACGGATTGTAACTGAA-1	5247
T	CTTGCCATCGTTTGAG-1	4525
T	TTACCGCAGCACACCC-1	6736
T	TACAGCACAAGAAACT-1	1570
T	GCGATTAGTAACGGTG-1	953
T	CAGTATGAGTAATCAG-1	1660
T	GTGTCAATCTCTTCTC-1	39182
T	CTCTACGCACGCTCAG-1	28121
T	AGTTTGGGTCATAAGA-1	16628
T	ATGTTTCAGTTGGAAT-1	24196
T	AAAGATGTCTGCGTCT-1	4360
T	GGATAGGGTCATCAAC-1	5304
T	TTGGTCCAGTCTGGGA-1	4309
T	TTCATTGGTACCCACG-1	4640
T	CCCTAACAGGTGTCGA-1	2181
T	AGCCCGAAGATCCGAG-1	589
T	TTCGATTTCCGCTCTA-1	704
T	GCAGCCATCCATCTAT-1	34214
T	AACGTACTCTTCTTCC-1	13057
T	GTTATTCAGAGTTCGG-1	15164
T	GGAACCCGTCCGGTAC-1	8440
T	TATGTTCCAAGCAACG-1	15658
T	TTGTTCAAGTTCAGGG-1	9323
T	CGGTGCACAAGTTCGT-1	16049
T	GTGATCATCGGGAATG-1	8393
T	AAAGGGCTCCGGCTGA-1	6193
T	GCGAGTCAGTAGACCG-1	7384
T	CGTAAACCATCACAAC-1	4343
T	GTCACAAAGGATGTAT-1	7258
T	TGACAACAGTGTCCCG-1	14755
T	TATGTGGAGTAACTCC-1	30428
T	GATTAGCAGAGTTTGA-1	16692
T	TGTTAGGTCCAATAGC-1	2550
T	GCCAGACGTAGGTAAT-1	10091
T	TTGACGATCACCGCGA-1	10504
T	ACTAACGTCGAACACT-1	3966
T	CTTAATCCAACGCAAG-1	20207
T	TGGTCCTTCTGTTGCC-1	1440
T	AAACGAATCTAGCTGA-1	2573
T	GGTCATATCACTAGGT-1	5412
T	CGTACAATCTCGCGGA-1	2516
T	TGGTCAACATCGGCCA-1	405
T	GATCATGAGGGTTCCC-1	1970
T	GAATCTGTCGAGTGTT-1	15258
T	AGCGTATCATGGCCGT-1	4363
T	GGTAGGATCCTGACCT-1	1038
T	GACCGACCATAAAGTG-1	7733
T	AGGCGAACAAGTCCTA-1	2211
T	CGTTCCAGTTCTTAGG-1	3116
T	TATGTGGCAGTTCGGC-1	22810
T	GAGACTTGTGTTAGAA-1	19384
T	TTCAACTCAAGCGAAC-1	12383
T	ATCCTCGGTTTCTACT-1	16854
T	TGATGCACAAAGCTGG-1	41159
T	TGCATTTGTCCAAGAG-1	4432
T	TGCATGATCGCTTCAC-1	11389
T	GCCATAAAGCGCCTAC-1	33804
T	ACTACGAAGCGCCTAC-1	12206
T	TGGAAGGGTCTCTAAG-1	4118
T	GCGATCGAGAACTAAC-1	838
T	GTTGGTAAGAGTAAGG-1	5706
T	GACCTTCCATCAACTG-1	1767
T	GTCACGGGTAGTATCC-1	1777
T	TACGCAATCACAACAC-1	4676
T	CTTTGCGCAAGGTTCT-1	3895
T	TTCTAACAGAAATGGG-1	750
T	CCTAAAGAGTAATCAG-1	28207
T	TCGGGACCAATGGTAA-1	32513
T	CCTTGCATCTCTGACC-1	5908
T	TGGAAGGTCAGATACC-1	3741
T	ATAGGCTAGTCAGCCC-1	2162
T	TCACAGACACCACGAC-1	4476
T	CTTGCCAGTTGCCTGG-1	4374
T	CGCAATATCGGGTCCA-1	437
T	GCTTTCGTCACAGGGA-1	22046
T	TCACAGAGTCCTATTT-1	5646
T	GCATTGAAGACTTCCA-1	11669
T	TACAGCACATAGCAGG-1	12162
T	GCAAAGGAGCAATGTA-1	17698
T	TGCATGAGTCTGCGCA-1	4808
T	GGCGTTGAGTTACCAC-1	13054
T	TCGGGACTCGGCAATT-1	3777
T	TGCTCGTCAACTAGAA-1	1186
T	AACGAGGCAAGCACTT-1	849
T	CCTGCTAGTATGCTAC-1	2215
T	GTAGACTAGGAATGGA-1	4889
T	TTGCGGGAGTCCAGAG-1	8655
T	GGGTGTCGTTTCAGCA-1	10062
T	GCGCCAAGTAGCCATT-1	1318
T	ATTTGTCGTGCACTTA-1	7051
T	AGCCAGCAGTAGAAGG-1	2250
T	GCGAGTCGTGCATTGT-1	5512
T	TTACCCGTCTTCCACG-1	4504
T	GTCACCTCACCGATCG-1	723
T	CCTGGGAAGCCATTCA-1	1408
T	AATACGCGTCTCGGGT-1	25079
T	AGGCCTGAGTCAGGAC-1	16517
T	GCCTAGGAGTGGTGTG-1	15105
T	TATCTGTAGGCCTCTG-1	10179
T	GGCATTACAACGCACC-1	7993
T	CTCTACGAGTCTCCAA-1	15679
T	ACTACCCCAAGTAACA-1	6297
T	ACCGAATTCGACTATG-1	4529
T	GCCCAGAAGTCGATAA-1	5927
T	TGAGTCATCCATATCT-1	16210
T	CCCTAGTTCTACATCT-1	10008
T	CGTAAACTCTCTTCTC-1	7931
T	GCTCGAGCAATGGCAG-1	5480
T	CTTCCAGCAAGCACTT-1	3581
T	AGACAAAGTAGTTTGC-1	1469
T	GTCTACCGTAACGTAA-1	530
T	GGTCATAGTATTCGAC-1	9939
T	CTACAGAAGTGGACGT-1	12455
T	TGCTTTAGTCCAAGAG-1	32974
T	GTAATCGTCCTTCGAC-1	6954
T	ACTGCAATCGCACAAT-1	12841
T	GACTAGTGTTACGCTA-1	4894
T	AGCCCGACAGGTGGTA-1	21795
T	AACGAGGCACATTGCA-1	17415
T	GTCACCTGTAACATAG-1	27425
T	TTCGATTTCCCTACCA-1	6143
T	TCACTCGTCGCATAAC-1	8965
T	TGCTCACTCTCGGCGA-1	8205
T	AATGGAAAGAGGTCCA-1	7386
T	GGGACCTAGAACGTCG-1	3422
T	CCTGGGAAGGCTCAGA-1	406
T	TTTGCGCTCGTAGCGC-1	25688
T	CATTCATAGCACCATT-1	22081
T	GCATTGAAGGGAGATA-1	7944
T	AATGTCGAGCTGATTC-1	2624
T	GTTATTCCAAGAAACT-1	4529
T	GAGATTCGTCTCTGGG-1	6813
T	TAAGCCAAGGCTGGAT-1	1900
T	ATGTACGAGCTAGTTC-1	2212
T	GAAAGTAGTAAACGGC-1	22027
T	GCAGATTGTCTGTGTA-1	20950
T	TATCGAGTCCCGGGTA-1	21246
T	CTACAGAGTAATGCCT-1	7962
T	GCTGTTCCATCCCAAA-1	24003
T	CTCTCAGAGCAGAATT-1	21917
T	TCACCTGAGGTCCTCG-1	4531
T	GACCTTCCATCAGCTA-1	13912
T	CCCGTTAGTTCTGAGT-1	2788
T	ACCGGGTAGTCCGTGC-1	22896
T	GCGCCAAGTCACCCGA-1	16343
T	TACCTCGGTCTGGTCG-1	3935
T	AGGCGTCCACGCGTTG-1	3191
T	TCAGGTAAGTCGTATC-1	3285
T	TAGCCGGAGACTTGAA-1	11557
T	TAGACTGTCTGAGTCA-1	815
T	GCTGCGAAGACAGTGC-1	9940
T	CAAGAAATCCATATCT-1	12766
T	CCGTAGGAGCTCGTTA-1	4985
T	GTCCATCAGGGTATCG-1	3492
T	TGGGTGCTCCGGCTGA-1	3047
T	TTACCGCGTGAGGTCA-1	1107
T	CCTTAATCAAAGACGC-1	6063
T	ACAATCGCACGCTAAT-1	12604
T	TAGTCCCTCATCGCCT-1	6890
T	AGTGCCGGTACGTAGG-1	5563
T	TGACTCCTCATCATGG-1	3671
T	ACTAACGCAGAACTTC-1	18113
T	GAAATGATCAGTCACA-1	9240
T	GATGATCCAGGACCTC-1	929
T	AACCAACTCTTTGCAT-1	6258
T	TGGTCCTTCGTAGCGC-1	2608
T	TGTACAGTCAGCCGAC-1	3978
T	CTCAACCGTCTGGTTA-1	593
T	CCCTGATCAACACGGA-1	13873
T	ACGTTAGGTTGAAGCG-1	13824
T	TAATTCCGTCACTCTC-1	38265
T	GTAGGAGGTCACTCTC-1	16237
T	TAGCCGGAGTGTCACT-1	17578
T	AGTGCCGAGTCGACCC-1	28598
T	CAAGCTAAGGCAGTAC-1	15827
T	TCAAGACTCGATAGCT-1	2479
T	CTTAATCGTCCCGAGT-1	6731
T	ACGTTAGAGGTAAGCC-1	8598
T	AAATGAGAGTGCTGAG-1	7040
T	ACAAAGATCCAGCACG-1	12786
T	AGTTACGGTGGACCAA-1	13180
T	TCAGTCCTCTTCCAGC-1	6840
T	GCGGTGTGTAGTGATA-1	5488
T	TGCTATTTCCATATCT-1	10110
T	TGCATTTCATTACTCT-1	23059
T	GCCTACTGTAATGCAA-1	1652
T	TAGACTGAGCAATGTA-1	32854
T	TAAGTGCCAATCACTG-1	4462
T	GGAACTTGTAACTGAA-1	15675
T	GTCACCTAGGTCTTGT-1	17198
T	ACCAAACGTGAGGTCA-1	7682
T	TTTGCGCTCCGCTATC-1	1358
T	TTGAGTGAGTACGCGA-1	4700
T	AAACTCGCACCGAAAG-1	9853
T	GAATCTGAGCTACGTT-1	5732
T	TTTGGCCTCAAAGTAG-1	21129
T	CCGTGAGGTCAGGCTC-1	18027
T	CATTCATCAGCGCGTT-1	5238
T	ACAGCGCTCTATGAGC-1	4250
T	TGAGTCATCCTTCGAC-1	2678
T	TCGGGACCATGTGAGG-1	858
T	TAACTTCCATTAGCAC-1	1402
T	ACAGAAATCTCGCGTT-1	2178
T	CCGTAGGCAAGGCTTT-1	16803
T	TATGTTCTCAAAGTAG-1	25125
T	TAAGTGCCACAGTTAC-1	17407
T	GGGTGTCTCTTAACGG-1	7980
T	TCGGGACGTCCGTAGC-1	25628
T	AGGACGATCCACGAGC-1	41520
T	TTGCCCAGTACTATGC-1	11599
T	GTAGTACGTCAGCAAG-1	4772
T	GAACTTGGTAGCAGCA-1	4697
T	CCCACATCAGGATGTG-1	6442
T	CAGTGCGTCTTAGTGG-1	3774
T	CTCAGAACAGCAACAG-1	3939
T	CGGTGCATCGCTTACC-1	17354
T	TCAGTCCCATATAGAG-1	22116
T	ATGTACGGTGTCCTTC-1	11573
T	TTGCGAACAGAGCCAA-1	5139
T	GCTGAGCAGTCGAGCA-1	18686
T	TGCTCACTCCGGGCAT-1	19877
T	TGCATGACACCTGAAT-1	7800
T	AGCGTGCAGACAGTGC-1	17945
T	ATGGATCAGGAGAACA-1	1846
T	TGGAAGGTCTACTGCC-1	5924
T	CGCAGGTGTAGATGAT-1	4850
T	ATTACCTAGTAGTTCC-1	3339
T	GCAGCTGAGATTAGAC-1	29969
T	GTAATCGAGTACGCGA-1	7506
T	CCACGTTTCCATGTTT-1	22898
T	CAACGTAGTCTGAGCC-1	15829
T	GCACCTTCACTGTTAG-1	33191
T	TCAAAGCGTGCCCAGT-1	4272
T	GGCATTAAGTAGTGTA-1	14694
T	TAGCTTTTCGTCCCAT-1	8347
T	TCAAGACCAGCAACGA-1	7089
T	AACTGGTTCTCTGACC-1	1828
T	GCATTGACAAAGCTGG-1	1428
T	GTGCCAGGTCCGTAGC-1	3411
T	TCAGCTCCAATAGCGG-1	5495
T	AGTGCGCTCAAAGTAG-1	2817
T	GATCGTAAGGGAAGCG-1	9809
T	TAAGTGCAGCTTACCA-1	19450
T	CCTTGCAAGGCTCCTG-1	14479
T	AGCCTTCGTAAACGTA-1	12098
T	TGCTCACTCTTGTGCC-1	10094
T	TTCGCGTTCACTCGTC-1	6469
T	AGCTGATAGGCGATTG-1	4703
T	TGTACGAGTTTGCATG-1	4895
T	ATCCAGAGTATCTAGC-1	5868
T	TGTACAGCACCGAATT-1	2593
T	CGCTGGATCTGACATG-1	1768
T	GCTTGCTAGTAGTCGG-1	5893
T	ACCTGCTTCTCTGACC-1	25735
T	TCAGGGCGTGTACGCC-1	13970
T	ACTGCGGTCCAATCCC-1	14160
T	ACTGTCCTCCATAGGT-1	6462
T	ACAGAAACAACTCAAC-1	16862
T	ATGTTTCCAAGAAACT-1	2479
T	GGAGTAGTCCTGGGAC-1	22320
T	AACCAACCACCCTTTG-1	4742
T	CTTGTCGAGAGAGGTA-1	15904
T	TGGTCCTAGTGAGCAC-1	21831
T	TTGCACCCATCCGTAA-1	11369
T	GTAGTACTCCTCAAGA-1	13671
T	TGAATCGAGAGCGGTT-1	7112
T	AACCAACCAATGGTAA-1	7985
T	TTTACGTTCGCGTTCT-1	4059
T	TGACTCCGTTCCCTTG-1	2962
T	CCCACATTCTGTGTGA-1	15714
T	AATGCCAGTAGGTGAC-1	8652
T	AGTCAACGTGTTTCTT-1	2129
T	TACGCAAGTCAGAGTG-1	13546
T	GACCGACGTATGCTAC-1	10614
T	TGGTCAATCGAGAAGC-1	5496
T	ACTTCCGCAGAATGCG-1	18866
T	AGTTACGGTTCTTTCA-1	21650
T	TACAGCAGTCATCAAC-1	8727
T	TTCTAACGTCAATCCA-1	2924
T	TAGCCGGGTTCCCTTG-1	1203
T	CGCTGGATCTGTGTGA-1	1176
T	AGCCTTCGTGTCGTGC-1	966
T	CCTCCCTCACGCGTTG-1	20979
T	GCAGATTTCTGGCACG-1	19413
T	ACGGATTAGGATTAAC-1	3238
T	CAGTGTACATTGAACC-1	11102
T	GAGCATTTCTAAACGC-1	16016
T	AGCCTGGTCTACTGCC-1	4206
T	ATCCTCGAGTGTCGGA-1	15432
T	TTTGTGTGTTCCATCC-1	7225
T	GTGCCAGAGATCGCCC-1	2817
T	GCTTTCGTCGCTATTT-1	5444
T	TAAGTGCCAATGCACT-1	580
T	TGTTAGGCATAGATAG-1	25866
T	AGCCTCTAGAGGTACC-1	12395
T	GCCTAGGGTGGATTTC-1	17609
T	CCCTGATTCTCTGACC-1	27063
T	CACCTTGTCGTGAACT-1	6436
T	GCGATTAGTAGAACGC-1	26060
T	GCGTTGGTCGGCATAT-1	11016
T	AACATCGTCCAGGTCG-1	4358
T	GTCCATCAGTCCCGCA-1	2892
T	GAAACAAGTATCCCTC-1	8287
T	ACAAGCTTCCGTTAGA-1	8056
T	GGCATTAGTACCGGCT-1	3575
T	GTTACTTGTCTGTTGA-1	1621
T	AGCTGATCAGAACAGC-1	613
T	GGATGAGCACTCGGAC-1	4232
T	CGGTGCAGTGCAAGAC-1	2296
T	CAACCAACATGGTAAA-1	3411
T	CCTTGGTTCAGTGGTT-1	20929
T	TTCGGTCTCACTTACT-1	5502
T	GACCGACTCGCAAGCC-1	5544
T	CTGCGTTAGAACAGGA-1	4779
T	CTCTCGATCCGCTCTA-1	3577
T	TAGGTGTCACCGAAAG-1	12345
T	GCTCGAGAGCCGCAAA-1	10047
T	CAGCTGGAGAAACGCC-1	5423
T	CAGTGCGCACGATATC-1	1987
T	TGTGACAAGGTACACG-1	2229
T	CACTGAATCCCAATGA-1	2487
T	TGGGTGCTCGGCATAT-1	2242
T	GGGACCTGTATTCTTC-1	17552
T	GCGGAAATCTCGCGTT-1	29044
T	TCACCTGAGTTCCCGG-1	19934
T	AAACGAAAGTTCGTTG-1	7170
T	TGCTCACGTAACAATG-1	3947
T	TACTAGGGTTCTGATG-1	3735
T	GATTAGCGTGTCCCAG-1	2061
T	TATTGCTGTGAATACA-1	2691
T	TTCTGTAAGACCCATT-1	1956
T	TTTGGCCAGGAGTACC-1	3683
T	GGTTGCGAGGCCAATG-1	23829
T	TTGCTATAGACACAAT-1	18906
T	TGCCTGTAGGCTTCGC-1	3221
T	GGGACCTAGACTTGAA-1	32834
T	TCACCACTCCCGTAGG-1	14837
T	GCCAGACCAACAACTC-1	4996
T	GTCACTCGTATTCGAC-1	3270
T	GATTAGCGTGGAGTGT-1	3826
T	AGATTCGTCATCGCCT-1	7090
T	GCGGAAAGTGACGCAA-1	4530
T	AAATGCCAGGCGTCCT-1	865
T	GGTACCGGTGCTGAAG-1	1547
T	CCTTAATGTTTAGGAA-1	24071
T	GACCTTCTCACATTCT-1	19154
T	GAGGCTCGTCAGAAGC-1	14890
T	GTCACTCAGCCCATTA-1	17201
T	TTGACGAGTTACCACA-1	14678
T	CGGACCATCAATTCCT-1	23180
T	GTTACTTTCATGAACC-1	10171
T	GGTCATATCTTACCTA-1	2682
T	GCCCAGAAGGAAGAAC-1	4043
T	TTGAGTGAGGTTCTCA-1	10782
T	GCACGCAAGCATACCT-1	2675
T	CTGTATTGTTGGCTTA-1	4023
T	CGTAAACAGGATGTAT-1	2135
T	GACCTTCTCCGGCTGA-1	994
T	AAGATAGCAAGTCTGT-1	431
T	TAATTCCCACAAGTGG-1	2488
T	GAGGATGAGGCCTCGT-1	24793
T	TTGTCTATCTCCACTG-1	20938
T	TGGTCCTGTGCCCGAT-1	18556
T	GCCAGACTCACTAGGT-1	34917
T	GGTGCTGTCAATTGGC-1	10928
T	TCGAGCGCAAGGAACC-1	10883
T	AGCGATTGTGCACCCA-1	12711
T	GAACCTAAGGTTCGTT-1	4762
T	GAAGTCTGTCAACAGG-1	4721
T	TCACAGACACTGATAC-1	2568
T	TTAACGGAGTGCACAG-1	1470
T	TGCTATTAGTGCTGAG-1	15462
T	TCACCACCATGATCGT-1	8287
T	AACCTTTGTACGCAAG-1	22704
T	TTCGATTAGACCCTAT-1	4273
T	GGGACCTTCATAGGTC-1	15586
T	GAGGCTCAGAACGTCG-1	29452
T	GAGCGCTTCGGCTATA-1	7917
T	TTGCAGAAGGTTAACA-1	857
T	GATTAGCGTTGCAGAG-1	14568
T	CATTCATTCTCTGAGA-1	3861
T	TCACTCGCACTGAAGG-1	29674
T	CGGTGCACAGCGTCGT-1	20422
T	TGCCTGTTCGGTCTCT-1	18605
T	TGCATGACAAGGATGC-1	3902
T	TCAGGTAGTATCCTTT-1	10306
T	GCTTGCTGTGGAAGCT-1	6414
T	GGTGCTGAGGCAGATC-1	5809
T	TGAGCCGTCCAAGTCA-1	11915
T	TCCATCGTCGATATGC-1	662
T	GCACCTTCATTGTTCT-1	1068
T	AGATAGATCCCTATTA-1	2998
T	AAGATAGAGGCGACTA-1	13672
T	ACTGCAAAGTCCGGAA-1	31715
T	CACGTTCAGTAACTCC-1	14780
T	CATAACGGTGAGTTGG-1	24475
T	CTAGCGGAGGGTAATT-1	20180
T	TACATTCAGTAACACA-1	12972
T	AACTTGGTCGCGTGAC-1	20056
T	CCGTGAGCAAACAGTA-1	13268
T	TATGTTCTCGGTTCCT-1	8345
T	TTAGGTGTCGTGATAC-1	2720
T	CCACAGGGTATTGTGC-1	4634
T	TCTCAGCGTCAGTGTT-1	3810
T	GAAAGTACAAGACTAA-1	1292
T	TTGTTCAGTCCTTCAC-1	26531
T	GGAGGATTCTAGCAAC-1	26304
T	TTCATCAAGAGCCACA-1	19909
T	ACAGGCCTCCCAGCAG-1	4861
T	AATGGAAGTGATGCTT-1	3954
T	GGGACCTCACAGAAGC-1	6185
T	TACTAGGCACTGCTTC-1	29481
T	TGGCGCAAGTCGCGTC-1	2569
T	TTGTTGTAGTCGTGAG-1	7725
T	CATAACGTCCAGTACA-1	2658
T	CACCACTAGCACACCC-1	11963
T	GAAGTGGAGTGTCGCC-1	3916
T	CCATACCCAAGCGAAC-1	9340
T	GATCATGCAGTATCTG-1	2157
T	TCAGTTTAGTATCTGC-1	650
T	CCATACCCACTGATAC-1	1124
T	CAATCCCAGGCAGTGT-1	573
T	GGTTGCGGTGGTCGAA-1	17992
T	CTCCCAACACTGAAGG-1	4246
T	GAGCATTCAGTTAAAG-1	24771
T	CGGTGCAAGTACAACA-1	21563
T	CAGTATGAGAGCCACA-1	4719
T	GGTGTCGCACAAACAA-1	14648
T	GGGACCTAGAGCACTG-1	16213
T	TCAATTCGTAACCGAG-1	5794
T	TGCCTGTTCGAGAAGC-1	1072
T	AGCCAGCTCTTCACTA-1	7052
T	CCGTACTCATTGTTCT-1	23502
T	GGAATCTCACTACACA-1	6800
T	CGCAATAAGTGCCCTG-1	10187
T	TAATCGGTCGCACCGA-1	4412
T	ATAGGCTGTCAAGACG-1	14827
T	GTGTCCTAGTACAGAT-1	4610
T	TGCTCGTGTTGGTAAA-1	5716
T	GTCACAATCTTTCGAT-1	8157
T	GTAATCGCAATGTAAG-1	26128
T	GGTGTCGAGGGTTCTT-1	31818
T	TTCGTTAGTCAGAGTG-1	2959
T	AACAAAGAGACCGCAA-1	4131
T	CCTGCTACAAGCAATA-1	6241
T	TCACAAGAGTAGCAAT-1	8399
T	ACTGCGGCAGGCACAA-1	15374
T	TGAGTCATCCACGGCA-1	5492
T	TCGAGCGCATGCGCTG-1	6293
T	ACATGGTCATGATCGT-1	2117
T	AACAAAGAGCATGATA-1	15149
T	AACTGGTAGCCTATAC-1	11544
T	CCGTGAGTCATCGCTC-1	2693
T	ACTTTCACATTCCCGT-1	4415
T	TCCATCGGTAGCAGGT-1	1408
T	TCAAGGTCATTGAACC-1	5936
T	ATAGTCGAGTCTCCAA-1	2484
T	CCTCCCTCATGGAGGT-1	3467
T	TAACAGCTCGCCGAAC-1	635
T	ACATGGTAGTCAGCCC-1	15965
T	CCCTAGTAGTAACACA-1	6594
T	TGTAGCAAGTGATATG-1	14881
T	ATGTACGTCCTAGAGT-1	17900
T	TACGCAACATGGCCGT-1	13660
T	TCCGACTCAACGGGTA-1	1596
T	TGCCTGTAGGTCTTTG-1	12790
T	GGCACGTGTGGTAGAC-1	6861
T	TAATTCCTCGAGTGTT-1	8378
T	CTAGGGCAGAACCCGA-1	10728
T	TCTATTGAGACTCGGA-1	2495
T	TCCGACTAGTGCTCGC-1	3963
T	GTTGGGCAGGCTCCTG-1	19244
T	GAAACAATCACGGGTC-1	2506
T	GGGAACACAGTCCTGG-1	23780
T	ACAAACCGTAACCATC-1	5643
T	TTGAGTGGTGAGTAAT-1	4599
T	GAACTTGGTAACAATG-1	1143
T	ACATGCATCTGTTTAC-1	5081
T	TCTCTGGTCTGAGTCA-1	1333
T	ATTCGTTGTAAACCCT-1	400
T	CGGACCAGTTTCAGCA-1	16753
T	GCCTAGGTCTGGCACG-1	21098
T	GCGCATGGTTGGACGA-1	19423
T	CCTAAAGCATCGTACA-1	18143
T	AATACGCAGGTGTCGA-1	16347
T	CACAGATAGGGTCTGA-1	20154
T	GGGCCATGTGCCCTAG-1	5778
T	TCTAGTTTCAGTGTAC-1	12748
T	CCCTAACGTCAAATCC-1	13985
T	TTAGCTTAGGTACTCT-1	3335
T	CTTTGCGGTTCTGATG-1	12750
T	TATGTGGCAAGGACCA-1	3263
T	ACTACGATCCACGGCA-1	35097
T	TACTAGGTCTTACTCA-1	8059
T	CGTACAATCGTGTGCG-1	28952
T	TTACGGAAGGTTAACA-1	3901
T	GTGCACGTCATGTTCT-1	989
T	CTGAATGTCGGAAAGC-1	24736
T	TAACAGCGTTGCAGAG-1	5985
T	GAACTTGTCTCCACTG-1	6218
T	GTGCCAGTCGACTGGC-1	11306
T	TTTGGTTCAGGTCCTG-1	8229
T	CACATGAGTCAGTGCC-1	8373
T	GAACTTGGTCACATTG-1	1610
T	TACGGATGTATGTCCA-1	2595
T	ACTAGGTGTTGCCTGG-1	1116
T	CACCACTGTTAGAGAT-1	30807
T	ACTCGGGAGAGGTGGG-1	18008
T	CAGGATTGTAACAATG-1	6866
T	CCTGGGACAACTAGAA-1	3918
T	ACCGAATTCCGCTATC-1	4293
T	TCAGGTACACAAACAA-1	2736
T	GAAATGATCTTCCACG-1	1319
T	TCAAGCATCTCAGATG-1	3025
T	CTCTCGACAGAACGAC-1	2203
T	TGGGTTAAGGTACACG-1	1732
T	CATTCATCAAGCCCTG-1	876
T	ACCATCCTCGTTTGAG-1	28352
T	CATGCCTCACCCTTTG-1	33518
T	GGAGAACAGACCATAA-1	26547
T	TTTGTGTGTTTGTCTT-1	15616
T	GTAGACTCAATTGTGC-1	15968
T	ACCGAATAGTACAGAT-1	2660
T	ACTTCCGCAGCGTAGA-1	3917
T	GAGCGCTTCTGAAAGA-1	2620
T	TTACGTTTCGAGTGTT-1	13751
T	TGTGGCGCAGTCCTGG-1	22326
T	TGGTCAAGTGATCAGG-1	7687
T	AAGGAGCGTACGGAGT-1	9602
T	GTTATTCTCCTCCCAA-1	22369
T	ACGTGGCAGACCATAA-1	34253
T	GAGTGAGCATTCCCGT-1	7875
T	TTACGTTCACCACAGC-1	13805
T	ACTATTCCACCGATCG-1	7256
T	CAACGGCTCGTAGCGC-1	2715
T	TAGGAGGCAACAACTC-1	602
T	GTCTACCTCTCATCCG-1	51934
T	ATGTCTTCATTGCCTC-1	25575
T	GCTTGCTAGGAAGAAC-1	9986
T	AATGCCAAGGGACGTT-1	15321
T	GGCGAAATCCCAGCGA-1	26430
T	TGCCTGTGTACATGGG-1	20695
T	TAGCCCTGTATTCGCA-1	14490
T	AACCTGACACCATTCC-1	1397
T	TTGTTCATCGATAGCT-1	9557
T	GCGCCAACATGATCGT-1	1474
T	CTTGAAGAGGCGACTA-1	2501
T	TTCGATTCATCGACGC-1	1557
T	AACAAAGGTAAAGCTA-1	14354
T	ACCATCCAGATGTTCC-1	20660
T	TGATGCACACATTCTT-1	16610
T	ATCCAGAAGATACCAA-1	3001
T	AGCTGATAGTCGATAA-1	5869
T	GTCACGGTCTCCACTG-1	8056
T	TAGCACATCAACTTGG-1	25023
T	CGCTATCCACGACGAA-1	14786
T	ACCATCCAGAAAGGGT-1	13305
T	TATCTGTCATCGTACA-1	15818
T	ATCCTGCGTATTCTGG-1	467
T	GCTTAAGTCTTGTCAT-1	19552
T	TCGAGCGTCGGATCGC-1	23646
T	ACCATCCTCTGGCCAG-1	16961
T	TGTAGCAGTCAGCAAG-1	11999
T	ATTGTGGGTGGACAGT-1	3521
T	TACTAGGGTGGTGGTA-1	5738
T	CGCTATCGTCATAGCT-1	23004
T	ACCTGCTTCTGATCCC-1	1880
T	TGTAAGCTCCCAGCAG-1	7890
T	GCACGCATCGGCTATA-1	4156
T	TGATCAGCAGATACAA-1	4639
T	AATGGAATCTAGCAAC-1	6371
T	TGCCTGTGTATTGTCG-1	6508
T	ATGTTTCCATGTGAGG-1	15861
T	TCGCAGGCAACGGGTA-1	12281
T	GGAATCTCATGTGGGA-1	24089
T	TAGCACATCTGCTACC-1	9334
T	AGCCCGATCGCATAAC-1	4734
T	CTAACTTGTCCAACCG-1	9736
T	TTGTTGTTCCCTACGT-1	4092
T	AGCGTATTCCCGGGTA-1	5842
T	AACCTGAGTACTTGAC-1	1814
T	CACTGAATCGTGATAC-1	6063
T	ACAGACTGTGATAAGT-1	2060
T	CCAGATAGTACGCCCA-1	893
T	AGTGTACTCTTAACGG-1	34566
T	CCTTAATTCTCGCGTT-1	13112
T	ACAAGCTGTAACTCCA-1	30626
T	CAGTATGTCTTACGGA-1	7835
T	GCGTTGGAGCTATCGT-1	29998
T	AGGCCTGAGTCGATAA-1	13240
T	AGCTGGCCACCGAAAG-1	13319
T	CTAGGGCCAGGCACAA-1	697
T	CTGAATGAGGAATGGA-1	31492
T	TGACTCCGTGCACATT-1	4690
T	CCCGTTAGTGCTGTGC-1	16076
T	CTCTCAGCAGACTAAA-1	6593
T	AACCTTTAGCGTCTGC-1	4436
T	CTCAGCTGTCCAACCG-1	3002
T	AGGACGAGTGGAGTGT-1	1639
T	TCAGCTCGTGAGGGTT-1	3399
T	AAGGAGCCACGATTAC-1	12032
T	TTACGTTCAGCAACAG-1	9595
T	GTGTCAATCCGGCTGA-1	27950
T	TCGTTCGCAACGAGGT-1	6718
T	AAACGAACACTTACAG-1	3123
T	GCTTGCTCATGGGACA-1	6498
T	AGGCCTGCATGCTATG-1	4775
T	GCGGGTTCACAACGGA-1	8613
T	TACGCAATCGCAGATT-1	574
T	CAACGTAAGGGCGAAG-1	16186
T	AAAGATGTCCAGTACA-1	22796
T	ACTGTCCGTCACCCGA-1	29163
T	TCGCCTATCCTTCGAC-1	16890
T	GCTCCTAAGAGTAAGG-1	23078
T	GATCATGGTATCTCAG-1	32079
T	CTCTCGAAGACCATAA-1	20287
T	TTACCCGCACTAGGAG-1	36632
T	GCAGCCAGTTTCAGCA-1	5928
T	ACAAACCAGACGCCCT-1	5766
T	CCAGATATCCCTAAAG-1	5841
T	GAACCTATCAGCCGGT-1	6645
T	CCAATGACACAGTTAC-1	4273
T	TGTGTCCTCCGTTTCG-1	4940
T	GAAAGTAGTAACGGTG-1	13234
T	CAGGATTGTTAACTCG-1	2631
T	AAACTGCCAGTCCTGG-1	2355
T	ACAAACCGTACCAAGG-1	3843
T	GGTGTCGAGACAACGC-1	27340
T	AGCTGTACATGTAGAA-1	25568
T	CTTAATCGTTTCTCTA-1	2053
T	AGCCAGCAGCTTACCA-1	9187
T	AAAGATGGTTCCTATT-1	15862
T	GTAGGAGGTATCAGCT-1	27369
T	GAACGTTGTACCCATA-1	15585
T	CATGTTTGTAGCTGTT-1	1829
T	CTTGAAGGTAGCATGG-1	6209
T	CTTGAAGAGGTTGACG-1	2387
T	GCTCCTAGTCCGAGCT-1	1124
T	CGCGCAAGTAGGTCTT-1	1646
T	ACAATCGAGATCGAGC-1	1458
T	CTGCGTTGTGCGCTCA-1	24625
T	CTCTAGCGTCAACGGA-1	6127
T	TGCCTGTTCACACGTA-1	10520
T	GTCCATCGTACGAGAC-1	5882
T	GCGGTGTTCTACTTTG-1	15868
T	TTAGGTGTCGCGATGC-1	28156
T	TACGGATTCTTCTCTC-1	12833
T	CAGCTAATCGCGCTGA-1	15187
T	TTCGATTTCAGTCTTT-1	3915
T	CAATCCCTCGAGTGTT-1	5930
T	ATTACCTGTTTCGTTT-1	2656
T	GCATGATGTATCCTTT-1	4571
T	CTTCCAGAGCTTTCCC-1	2507
T	ATCGAGTGTCGATTAC-1	6293
T	GTAGGAGCAAACTACC-1	16189
T	CAGTGCGTCTTTCGAT-1	10081
T	TGACTCCGTGGTTCTA-1	14896
T	CACATGAAGGTAGGAA-1	7505
T	CAACCAATCGAGGTCC-1	5828
T	CGGTGCAGTAACCGAG-1	9521
T	GTTACTTTCAGCACTA-1	3954
T	TGCTTTAGTTCCGCGA-1	16860
T	CATTGGATCGGTCTCT-1	1703
T	AAACGAAGTACGACCC-1	10393
T	CCCAGAGTCCCAGCGA-1	23746
T	ACTTTCACACACTAGT-1	11862
T	CCGTACTAGCGAGCTA-1	11793
T	GTACTTTGTGTCTACA-1	8238
T	GCGCATGTCTAAACGC-1	3384
T	AGTGTACGTTACTTTC-1	1349
T	CAGTATGGTATCATGC-1	3588
T	AGTGCGCCACAATAAG-1	19859
T	CTTAATCAGAAATGGG-1	20442
T	GTCACTCAGAGCGAAA-1	21670
T	AAAGGGCCAACTCGAT-1	21638
T	ATAGTCGCACATATCG-1	6831
T	GGTGAAGGTGCTGGCT-1	12341
T	GCCATAAAGAGGTACC-1	9532
T	TATTGCTCAGCTTACA-1	10122
T	TCAGGGCTCACCGCGA-1	1893
T	GTGGATTCACGCTGTG-1	17832
T	AGCGATTGTAACGGCA-1	25087
T	GTAGGAGCATCCATAG-1	3860
T	GGTACCGAGAACAGGA-1	6060
T	GGTGCTGGTTCCATCC-1	22068
T	GCGCATGGTGAGAGTC-1	4267
T	GCGAGAACATAGCCGC-1	6562
T	GCTGTTCCATGGTTTG-1	808
T	CGAGTTATCATCGCCT-1	4610
T	TCACAAGGTCTCAAAC-1	3443
T	CTTGCCATCACTGATG-1	3328
T	TAGTCCCCAAACTACC-1	3476
T	TCAGGTAGTGCGCTCA-1	14141
T	GCCCAGAGTGGTAGAC-1	19534
T	GTGCTGGAGAGCTGTG-1	29712
T	TTACTCACAATTGGCT-1	5515
T	GCTTAAGGTCCGAGCT-1	4747
T	CTTGTCGGTAGTATCC-1	7431
T	TCAGTCCTCTTCCGTG-1	19331
T	AGTCCGGGTATCTAGC-1	4947
T	TAGGTCACATCCGTAA-1	6734
T	CTCAACCTCTCAGATG-1	2890
T	CCCTGATCAAGTCTCA-1	2369
T	CTAGCGGCATGCTATG-1	2495
T	TACTGCCCAGTAAGCG-1	18368
T	GAAACAAGTGAGTTGG-1	13649
T	ACAAGCTTCGGTCTCT-1	4667
T	TTACCGCGTACGCAAG-1	1624
T	GCCAGCATCCCGCAAG-1	5332
T	ATTACCTCAGAACTTC-1	4180
T	TACTCGCCACGTTGTA-1	5454
T	GTCACAACATTCACCC-1	4020
T	GTAGTACTCGTGCTGG-1	885
T	TCGCCTACATCGGCTG-1	22698
T	TGCATTTGTGGCCTCA-1	11500
T	TCTCAGCTCGCGCTGA-1	7501
T	ACAATCGTCTATGAGC-1	16902
T	ACAATCGTCCTTCGAC-1	3619
T	GCTGTTCAGTAGGAAG-1	4083
T	TCGCAGGGTCAAACAA-1	6176
T	TCGTTCGGTTCATTTC-1	4275
T	GCTGCGAGTACCAAGG-1	4965
T	CAAGCTAGTGTCTCGG-1	6383
T	GTCGTAAAGTACCTCA-1	1885
T	GGAACCCGTATCTAGC-1	10608
T	ATGTCTTGTTGGTAAA-1	22209
T	TCCCACAGTACAAATG-1	1410
T	GGGAACATCGATGCAT-1	2202
T	AACAAAGGTTTGCCCT-1	4915
T	TCAGGTAGTAAGTGCG-1	35008
T	ACGGATTTCGATAGGG-1	22539
T	GGTTGCGTCATTCATC-1	14465
T	ACCGAATTCTGACATG-1	1416
T	TGTACAGCACCACGAC-1	19887
T	ATAGGCTTCCTTTGCG-1	6360
T	CTTGCTGTCCACGGCA-1	7675
T	CCTTAATAGGTTAGTA-1	27681
T	TATCGAGCAATTCTCT-1	17973
T	GCGGTGTGTGTCCAGC-1	2849
T	AGTCCGGTCACAGGGA-1	5280
T	ACCAAACTCGCAAACT-1	1457
T	TGGACATTCTTACTCA-1	4773
T	TTGCAGAGTGAGTCGA-1	823
T	AGTGCCGAGGCTCAGA-1	6978
T	GCTGCGAAGAGGTGGG-1	1799
T	CTACTTAGTTCTACCC-1	4704
T	TTAGGTGTCTCAGATG-1	1817
T	GCGCCAATCGCGCTGA-1	1712
T	GCGATTATCAATTGGC-1	17375
T	CCGTAGGTCACTAGCA-1	15538
T	TGCGTAATCTAGCTGA-1	3831
T	GTTCAAGGTTTAGGAA-1	6648
T	CCCTAACCAACTCGTA-1	5974
T	CCCTAGTGTCCAAGAG-1	4642
T	AACCTTTTCTGGAAGG-1	2596
T	CAAAGCTGTGGCCTTG-1	6259
T	TCTATTGTCTCTCAAT-1	5541
T	TAACAGCCAAACAGTA-1	11548
T	TTGCGGGTCAATTCCT-1	8909
T	AAGGAGCGTGAGGTCA-1	20517
T	TGCTCACCAGAACGAC-1	24571
T	CTCTCAGGTAGAATAC-1	11224
T	GGGACCTCAAGTCTGT-1	5520
T	CGGACTGCACCGTCTT-1	1392
T	ACAGGCCGTGCCCGAT-1	4452
T	TCGATTTGTCAAATCC-1	5577
T	AGCGATTGTGGTAGAC-1	2773
T	GCTCCTACAGAGCCAA-1	4770
T	TGGTCCTGTGCGCATC-1	13646
T	CGAGTTAGTACTTCAG-1	26675
T	GCGGAAATCCATGTTT-1	4389
T	CCTGGGAAGAATACTG-1	4785
T	TAGCATGAGGCCAATG-1	5393
T	CGCTGGATCACTCCCA-1	31922
T	TGAATCGCACTCAGCG-1	10174
T	GTGACATCAATGGCTT-1	9939
T	AGGCGAATCCTTCGAC-1	4157
T	ACTCGGGAGTTAGCGG-1	2726
T	ATTGTGGGTACGGATG-1	4544
T	TAGCTTTGTTGGTAAA-1	2860
T	GCGAGTCTCCAACAAC-1	32997
T	AGTCAACTCCGGAAAG-1	22268
T	GAAACAAGTTCCCAAA-1	14462
T	GTGTCCTTCATTGCCC-1	19076
T	TTACGGACAGGGCTTC-1	7333
T	CTTCTAATCCCTACGT-1	3314
T	GCAACCGTCCTCCCAA-1	22949
T	TCTATTGGTGGACAGT-1	34105
T	AGGCCTGTCAGCACGC-1	8641
T	AAACTCGCATTCTCGC-1	9148
T	CGCTAGGAGCTAGTTC-1	4043
T	TGACTCCAGAACGACC-1	6455
T	ATCCAGAGTGCTAGTT-1	3361
T	GTCACAAGTTCTGATG-1	9764
T	TGCCTCAGTAATGCAA-1	30924
T	GAGGCTCTCTGATCTT-1	9085
T	TGACAACCAACATAAG-1	4267
T	TAGGTGTGTTACGCTA-1	1693
T	ACTACCCTCTGATCTT-1	15321
T	CTGCGTTTCGCTAGTA-1	3652
T	ACAAAGAAGGGACGTT-1	5050
T	GTAGGAGGTCCGTGCA-1	44269
T	ATCGAGTTCCTAAGTG-1	40958
T	GAACCTAAGCGCACAA-1	21014
T	CAGCTGGTCGGGAATG-1	24126
T	GCAGCCATCAGTAGTC-1	12699
T	GAGACTTGTTCCAGTA-1	6604
T	CCCTAGTCAAACCCTA-1	3084
T	CTCTCAGAGTTGTCCA-1	4719
T	TTCAACTCATTACTCT-1	16412
T	GGTAGGAAGCTTACCA-1	519
T	GGTAGGACATTAGCAC-1	10304
T	TACCCTGTCGCTACCT-1	2627
T	GTTACGAAGCGTTGCC-1	4465
T	AATACGCTCAAGTTGC-1	11334
T	ATGTCGAGTAAACGAT-1	8263
T	GCGATCGTCGTGATAC-1	669
T	TAGCATGCAGAACAGC-1	564
T	TCAAGGTTCACAACAC-1	22236
T	ATATTCCAGACCTATC-1	666
T	GCCCAGAGTTTCGACA-1	20797
T	GCGATCGCAACGTACT-1	1158
T	AAACTCGTCGCATACA-1	15913
T	AACCAACCAACATAAG-1	4514
T	AAAGGATTCACATTCT-1	25192
T	ACGGATTTCGTTACAG-1	8272
T	ATTACCTTCTACATCT-1	19660
T	CGTACAAGTTGTATCG-1	19263
T	ATTTGTCAGTTGTCCA-1	5754
T	GAAGAGCCAAACCCTA-1	1771
T	CACTGAAAGGGACGTT-1	436
T	TACATGGTCGCGCCAA-1	2764
T	GAAAGTAAGATGGCAC-1	6603
T	GGAACTTGTCTAACCA-1	15419
T	TAGCATGGTGTCCCAG-1	9332
T	GTTACTTAGTGATAAC-1	11932
T	TGTGGCGCACATTCTT-1	12457
T	TGGCAATCATACTGCA-1	11380
T	ATTCGTTCAAGAGATT-1	9202
T	TAGCGGCCAGCGTGAA-1	624
T	GGATAGGAGAAATTCG-1	8572
T	CGATGATTCGATGTAC-1	15156
T	TAGGTGTTCCGTACGG-1	3930
T	AGGCCCAAGCTGCCAC-1	6393
T	GTCTACCCAGTCAGAG-1	11326
T	GGTGAAGAGAAATCTG-1	2671
T	AACCGATTCAGGCCGT-1	1731
T	CTCGCTACATGCGACC-1	3390
T	GTTGGGCAGTATCTGC-1	9100
T	GTTCAAGGTTCATTTC-1	2227
T	TACTAGGCATTCACGA-1	9235
T	TTCGGTCTCTTTATCG-1	22171
T	ACGTGGCCAAGGTCGA-1	21883
T	TACCTCGGTTTGTACG-1	6190
T	CAAGCTAAGGAGTACC-1	1670
T	TGTACAGTCGCTCGGA-1	9133
T	TTGAGCACACATTCTT-1	766
T	ACTAGGTTCCATAACG-1	4108
T	ACAGCGCTCCATGACA-1	8224
T	TTCATCAAGATGTTGA-1	413
T	TCCCACAGTGGCGCTT-1	9881
T	TAGCTTTTCCATACGA-1	7652
T	ATGTACGCAATGGCTT-1	29930
T	GCCATAACATAGATAG-1	11078
T	TGACAACTCTCATATC-1	22961
T	ACCTGCTTCACTAGGT-1	16716
T	GGAGGATTCGGTTGTA-1	3671
T	GACCCAGGTGCACATT-1	18358
T	AGACAAAAGGTAAGTT-1	5979
T	AAACTCGCACATTGCA-1	3851
T	TCGCAGGAGACTTCCA-1	2144
T	CTTGCTGAGAGGCAGG-1	2337
T	CGTACAACAATCAGGG-1	47630
T	AACGGGAAGGGACGTT-1	19537
T	ACTAACGGTTTCTTAC-1	9144
T	ATCCTCGCATTACACG-1	33730
T	GCTCAGGCATTATGGC-1	10860
T	GGGACCTGTTCTACCC-1	3347
T	AAGGTTCGTATTGTCG-1	1012
T	AGCGTGCTCGGCTATA-1	8029
T	CCTGCTATCTCTGCGT-1	1569
T	GTGTGATTCCCACTTG-1	945
T	TGCCTCACACTGTCGG-1	4003
T	GATGGCCAGCTGATTC-1	794
T	AAGGAGCCAGCGTAGA-1	15868
T	ATCCAGAGTAGGTGAC-1	4584
T	GGATGAGCAATCCATG-1	14927
T	TTGACGAAGGAGACTC-1	1872
T	CTCTCAGGTCAGCTTA-1	1576
T	ATCCTCGTCCGTTAGA-1	23095
T	ACGGATTAGCCATGGA-1	24978
T	GGAATCTGTTCAGTAC-1	6596
T	GTAGACTCATTCGTCC-1	2065
T	TCAAGCACAGAAAGAG-1	6258
T	TCAAGCAAGACCTATC-1	3338
T	ACCTGCTGTTTGAAGA-1	5405
T	CTGCTCATCGAGTTAC-1	3890
T	GCCCAGAGTCCCTAAA-1	29445
T	TATGTTCCAATTAGGA-1	51660
T	CACAGATAGTCGAGCA-1	12836
T	CACCACTGTACAACGG-1	16738
T	TAAGCCACAAGGTTCT-1	2977
T	ACCGGGTAGACTAGCG-1	4010
T	TGATGCAAGTTCTCCC-1	20194
T	TTGTTCAAGTGAGCAC-1	5198
T	GGGTCTGGTAGCAGCA-1	9868
T	TTAACGGCAGCAATGG-1	1391
T	GCCCAGACAAGTCTGT-1	1639
T	GTGGATTCAGTAACCT-1	10772
T	AATGTCGGTCAGACGA-1	5737
T	AAAGGGCTCGGCAATT-1	973
T	TCAGTCCAGGGAAGCG-1	29642
T	GAGGATGTCTCATCCG-1	19597
T	CCCTGATTCTCTATCA-1	6542
T	GTCACCTAGTCGGGAT-1	21318
T	TAGCCCTTCGGATAGG-1	20619
T	ATTTGTCCAAAGGCCA-1	5300
T	TTACGGAAGCTCCATA-1	6030
T	GAGGCTCGTTCTGAAC-1	16034
T	ATGTCGACAGGTGTGA-1	3435
T	GCAGCTGTCGGACGAA-1	1296
T	CTCTCAGGTAGTACAA-1	5830
T	GAGATTCTCTGGCGCA-1	3476
T	GTTATGGGTAAACGTA-1	45354
T	GCCAGCAAGTGGTGTG-1	8075
T	AGACAAAAGTGAAGGA-1	13262
T	GTGCACGTCGACTCGG-1	4952
T	TAAGCCAGTGATGCGA-1	10723
T	GCAGCTGGTTTGTAGC-1	401
T	TTTACGTAGTCTGCTA-1	3507
T	TGTTAGGGTCTGGTCG-1	35993
T	CGCAATATCCCACTTG-1	26192
T	GTAATCGGTTACCACA-1	5390
T	GCAACCGAGTTCGTTG-1	2404
T	TTAACGGCAGTTACAC-1	21134
T	AGCTGGCAGAAATACC-1	13222
T	ATTTGTCGTGATGCTT-1	11859
T	GGTCATAGTTTGTGAC-1	11591
T	GGTCATAAGAACTCCT-1	4902
T	GGAGTAGTCTGAGTAC-1	3583
T	AGATTCGAGTCATACC-1	3851
T	CAAGAAACATTGAACC-1	8935
T	GTGGATTGTTCCCTTG-1	34799
T	GCTCGAGCATCGTACA-1	27050
T	GCCCGAACATTGTGAC-1	25765
T	GGTGCTGCAAGGGTAC-1	25455
T	ACGGATTCAGGAGCAT-1	12934
T	CTCGCTAAGAACGTCG-1	7186
T	GCGATTACATGCGTTA-1	10680
T	CAACCAAGTCAGAAGC-1	9515
T	CTGTATTAGTGATTAG-1	23171
T	CAGTGTATCAGTCTTT-1	2206
T	GGTCATAAGAAATTCG-1	2958
T	TCAATTCTCTTTATCG-1	15638
T	ACGTTAGTCGAGGTCC-1	2556
T	ACCAAACTCTACATCT-1	4726
T	TCAGGTATCTTCATAC-1	1740
T	AACCAACCATTAACGC-1	21328
T	GTCACTCTCAGTCACA-1	3308
T	CCTCCCTCATATAGAG-1	11264
T	GAAATGAAGACACGGT-1	6631
T	ACAGACTAGGTAAGCC-1	2961
T	ATGTCTTGTAACCCAT-1	2964
T	GCGGAAAGTGAAACAT-1	7867
T	AGCGTGCAGGTAAGCC-1	936
T	CTGGGACCAACAAACA-1	23462
T	AATGGAACAAAGACGC-1	14559
T	GCTTAAGGTTACACTG-1	45790
T	GTCACCTGTGAGTTGG-1	13400
T	ACATGCATCTACATCT-1	18828
T	GCGGGTTCATCGCCTT-1	2401
T	CTAGGATTCTCTGTTA-1	15857
T	CCACGTTAGGCACTAG-1	18527
T	AAAGGATTCCAGTACA-1	18334
T	GAGACTTGTCATTGCA-1	2262
T	CCTGGGAGTCCGTAGC-1	4710
T	GAGATTCGTGATAGAT-1	12737
T	GTCACCTAGAAATTCG-1	22551
T	TCACCTGAGTAGTCGG-1	22420
T	TTCTGTACACTCCCAT-1	12096
T	ACAGAAAAGAACTCCT-1	5870
T	ACTCGGGTCTTAACGG-1	4063
T	AAGGAGCAGATCACCT-1	25702
T	ACGTGGCTCGAAGCCC-1	5607
T	CTGGCAGCATACCCGG-1	11076
T	CTGGCAGTCCATGTTT-1	1867
T	CATGCCTCATCTCACC-1	2039
T	TTCGCGTCATGCGTTA-1	699
T	ACCCAAAGTTAGAGAT-1	20130
T	ACTCGGGAGGCTTCGC-1	11668
T	GCGATCGCAGCAACAG-1	3401
T	GAAGTCTAGGGATCCA-1	3789
T	AGGCGTCGTTAAGTCC-1	44679
T	CTTTGCGCAACAACTC-1	1505
T	GAACGTTGTTAGGAGC-1	5048
T	ATAGGCTGTGGACAGT-1	3255
T	AAATGCCGTGCTGTGC-1	1227
T	ACTGTCCCATCCATAG-1	1230
T	AACAAAGAGCGCCTAC-1	16268
T	GAGTGAGGTTCAGAAA-1	13699
T	ACATGGTGTTTGACCA-1	3926
T	TTTGGTTTCGTCAACA-1	11631
T	TCTAGTTAGCTACGCC-1	7476
T	GCATGATCAATGGCAG-1	15773
T	GCGGAAAAGCGCCTAC-1	9287
T	GGAATCTTCCCTAAAG-1	20102
T	GTGCACGAGACGACTG-1	30686
T	TTCGGTCCAAGGTCGA-1	7493
T	GTAGACTTCTCTCAAT-1	23212
T	GCGCATGTCGCGCCAA-1	19027
T	ACCAAACTCAGGCGCT-1	1994
T	AGCTGATTCACTACCC-1	4877
T	TTCTAACAGGAGTACC-1	20287
T	CCATACCAGGCAGTAC-1	16543
T	CGCTATCAGCAATGTA-1	4405
T	TTTGGTTGTAATGTGA-1	2676
T	TAGCATGTCAATCGTG-1	2063
T	TGGCCTTAGCCCATTA-1	5227
T	AGCCTCTAGGGAAATG-1	3035
T	CATAACGCATATAGAG-1	10718
T	TTAACGGTCATCATGG-1	5407
T	CGCACAGCATCGGCCA-1	7602
T	ACAGGCCAGCGGACTA-1	5903
T	ATCCTGCCAGCAGGTA-1	1952
T	TAGACTGGTTCAGAAA-1	16452
T	GCTGAGCGTTTGCCAA-1	29069
T	CCAATGATCTTCTTCC-1	4467
T	ACCGGGTAGTGATCTC-1	13217
T	TGACAACTCGCCGAAC-1	12803
T	GTTATGGTCCTCTCTT-1	20486
T	GAGGATGGTGGACCAA-1	2074
T	ACTATTCAGTCCCGCA-1	13310
T	TACATTCTCGCTTCAC-1	12749
T	AGGCGAAAGCGAGAAA-1	1817
T	AGATTCGTCCGTGCGA-1	5143
T	AGTTTGGCAAGACTAA-1	14987
T	CTCTCGAAGGGAGTTC-1	2117
T	TACTGCCCATGGATGG-1	2508
T	TGATTTCAGGAGTACC-1	24488
T	GTGTCCTAGAGCTGTG-1	17292
T	CTTCCAGAGACTAGGC-1	9804
T	CGATGATTCAGTGTAC-1	6943
T	ACAAAGAAGTCGACCC-1	2461
T	TAAACCGGTGGTCGAA-1	5887
T	TCGAGCGCAGCAACCC-1	5131
T	TTCATCATCACAAGCT-1	7893
T	GAGGCTCAGAACGACC-1	9359
T	TGTGACAAGTTGAATG-1	4753
T	CCTTAATGTGATGCTT-1	3791
T	CCAATGAGTTAACCGT-1	8408
T	TCAGGTAAGCTCCGGT-1	14952
T	CCTGGGATCGTCTTAT-1	25196
T	GGATAGGCAAAGCTGG-1	8429
T	GGCGTTGAGAGCCACA-1	23023
T	TACTAGGAGTCGATAA-1	7414
T	AGCTGATCATTACCTT-1	10219
T	TGCCTCAAGACGCCAA-1	8981
T	ACTAGGTCAATTAGGA-1	9484
T	AACGGGAGTCAAATCC-1	3198
T	TAACAGCTCTTGTACT-1	1084
T	CCGTAGGAGAGGCCTA-1	6224
T	AACCTGACACATCATG-1	29245
T	TAGCTTTTCAGTCTTT-1	18856
T	GCCCGAATCCCGCAAG-1	9485
T	AAACGAAAGCGGACAT-1	37631
T	ATGTCGAAGCCCATGC-1	29895
T	ATGGATCGTTTCGACA-1	20653
T	CGTAAACTCGCATAAC-1	11878
T	TTCATCAAGGTCCTCG-1	5235
T	GGTGCTGCACTCGGAC-1	2377
T	AATGGCTGTGTCGTGC-1	6007
T	TGTTAGGCAACTCGAT-1	2714
T	GAAACAAGTCATAGCT-1	4165
T	GGTTGCGAGCGCATTT-1	2960
T	CTCACCACACTGGGCT-1	4526
T	GCTGAGCTCCCTACCA-1	4000
T	CCCTCTCTCTATCTAC-1	15802
T	TACGGATCACCAAGGA-1	17083
T	CACCTTGAGCACCATT-1	5810
T	AACAAAGTCGAACACT-1	34621
T	AGCGTGCAGTGTCACT-1	6881
T	GCGAGTCAGAGACTCG-1	6521
T	CGTACAAAGAGGCCTA-1	1128
T	TGCTATTGTAAAGGCC-1	9066
T	GACCAATAGCACACCC-1	23751
T	CAGCTGGGTCGCTAGC-1	31047
T	CACTAAGAGCTCCGGT-1	33865
T	TAGCACAGTCGCGCTA-1	14118
T	GAAGTGGGTCCCGAGT-1	23350
T	GATCGTAGTCTTAGCA-1	14259
T	TCCCACACACAAACAA-1	22833
T	TTCGATTGTGCCGGTT-1	9334
T	TGGTCAAAGTTGGAAT-1	11371
T	AACTGGTAGTGAAGGA-1	3116
T	ACAGACTTCTCGACAA-1	2074
T	AGTGTACCACGTGAAG-1	4428
T	ACGTTAGGTTGGAGGT-1	537
T	CCATACCCAATCACTG-1	4252
T	CTACTTAGTACGAGAC-1	14755
T	AGGACGACAGCGCGTT-1	39181
T	GAGAACGCAGCAACAG-1	43304
T	GTCTACCCAGGCACAA-1	23819
T	GGAGGATCAAGCGTCC-1	23592
T	ATTTGTCAGCGTTAGG-1	39059
T	CTCGCTAGTTGTGACT-1	1976
T	GGTGCTGCACAAACAA-1	6623
T	CACAACACATCGACCG-1	22773
T	TTACCCGAGATCCGAG-1	24686
T	ACGTGGCAGCTGAGGT-1	19351
T	CCTGGGACAGAACGAC-1	17867
T	TACGCCTGTTATCGAC-1	6997
T	CACATGATCACTCCCA-1	4038
T	GCGTTGGTCGGCAATT-1	1131
T	CTCTCAGGTTCTCGAA-1	2430
T	GTTGGTACATTATGGC-1	19997
T	GGAACCCGTCCGAGCT-1	12276
T	AGTGCGCTCATAGGTC-1	9995
T	TTAGGTGAGGACTTTC-1	1587
T	CGCTGGAAGATGAGGA-1	17465
T	TGATTTCTCGTGAGTT-1	9438
T	GAGACTTCAATAGTGA-1	5617
T	TACATTCCAAGGAGTC-1	8877
T	ATAGTCGTCCGTACGG-1	3514
T	AGCCAGCTCTTATCAC-1	1846
T	AACGTACCAGCGTAGA-1	1952
T	GAAGTCTAGTTATGAG-1	20819
T	GCTCACTGTACCAAGG-1	7563
T	GAAAGTAAGGCGATTG-1	26992
T	CGCTATCGTAAGCCTT-1	18675
T	CTTCTAATCCCAATAG-1	18390
T	GGAGAACTCTCTGTTA-1	1757
T	TACCCTGGTACCCACG-1	3014
T	CAGCCTTAGGCACTAG-1	6816
T	CAGGATTCAAGGTCGA-1	3353
T	ATGGATCCACTCAGCG-1	444
T	ATAGGCTAGCCATTCA-1	6918
T	GGAACCCGTCAGAAAT-1	37780
T	CTCTAGCTCGGAGTTT-1	12479
T	AACAGTCAGCTAGTTC-1	4900
T	AGATTCGTCTTCCGTG-1	19659
T	CAAAGCTGTGCTGGCT-1	1124
T	TGGTCAACAATGCCAT-1	5811
T	GGGCCATTCGTCCCTA-1	2925
T	GCTCCTACAAGTCTCA-1	9121
T	ATGGATCGTGCTTTGA-1	5016
T	AGCCTTCAGGTTACAA-1	3528
T	CACAGATGTACCCACG-1	1007
T	ATTACCTGTTGCCTGG-1	2223
T	GTTATTCCAGGCAAGT-1	12298
T	TGGCGCACACCCATCT-1	16177
T	TGCATTTCAACTCAAC-1	12367
T	ACGTTAGTCGGACGAA-1	7942
T	GTTGGTAGTAGTCTGT-1	13746
T	GTCACGGCATTCACCC-1	16552
T	ACAAGCTCAAATGCTC-1	21147
T	AACCAACGTAACGGAC-1	25442
T	CGTACAAGTTGTGACT-1	5339
T	TGAGTCACAGGATAGC-1	40545
T	AGACAAACAGAAGTGC-1	6536
T	GCCTAGGCAAGAGATT-1	10650
T	GCGATCGCAGGCACAA-1	15794
T	TCAGGGCGTCCAAGTT-1	16385
T	GCGTTGGTCCGTTTCG-1	41416
T	ACAAACCAGACTTCCA-1	9125
T	ACCTGCTCACAGAAGC-1	11438
T	ATGTCTTAGAGCTGTG-1	28284
T	TACCTATCAGGTAGCA-1	5824
T	CCATACCGTGATTCCA-1	10563
T	GACTAGTTCTCGCGTT-1	751
T	GCAGCTGGTTTCGATG-1	22048
T	GGTGCTGTCGCCACTT-1	19555
T	GAGGTCCGTCAGGTGA-1	27272
T	CAAAGCTGTCATAGAA-1	29811
T	CGTACAACATCCGTAA-1	24504
T	TCTAGTTTCAAGAGGC-1	5655
T	TTAGCTTCATTGTGAC-1	7785
T	GGGAACAAGATCGAGC-1	1931
T	TGATCAGTCGTGGGTC-1	3550
T	AGTGCCGGTAGCGTTT-1	3749
T	CATTCATCATTTCACT-1	4889
T	TGGCCTTGTAACGTAA-1	3559
T	TTGTTGTAGCGCACAA-1	439
T	TCCCACATCGCCTTAC-1	21970
T	TTGTTCAGTTCCGCGA-1	66905
T	TAGTCCCCACACACCG-1	12984
T	TACTCGCTCACTCGGG-1	30357
T	CCGTACTAGGTAGGCT-1	10701
T	GCATTGATCTCTCAAT-1	10001
T	GCGGGTTTCACTCCCA-1	13491
T	AGTCCGGCACAAGTGG-1	17575
T	CAACGTAGTATATGGA-1	2783
T	AGTCCGGGTGTCTCGG-1	2284
T	TAGGTCACATGGCCCA-1	19381
T	TTCGTTAAGACTAGCG-1	14821
T	CCTATTAAGATCTAAG-1	21280
T	ATCCTCGTCTAGCTGA-1	12660
T	ATTACTCCACCCTTAC-1	15009
T	TTCGTTATCTTAACGG-1	1055
T	TTTGAGGTCAATGCAC-1	19015
T	AACTTGGGTGCTGTCG-1	16366
T	GGAACTTTCGGAAAGC-1	21856
T	GACCAATTCCACCTAC-1	14642
T	CAACGTAGTACCCATA-1	9574
T	TCGAGCGCAACTCCCT-1	3566
T	TGATTTCCATTGTTCT-1	2694
T	AGCTATGCATGCTATG-1	1324
T	GACCAATGTCATCGTA-1	26801
T	AGCCTCTAGGAAGAAC-1	11047
T	ACTACGACAGGGTACA-1	1733
T	GACCGACTCCTGAAAC-1	6920
T	ACAATCGCAGTAAGCG-1	7560
T	AGTCCGGTCGCCTTAC-1	13647
T	TCTAGTTCATCAGCTA-1	1838
T	GTCTACCCATCGCTAA-1	4367
T	TTCATCATCGCGCCAA-1	7302
T	AACAAAGAGCGTTAGG-1	2998
T	TACTGCCGTCTGATTG-1	4324
T	CCTGGGAAGGATTTGA-1	2474
T	GTTATTCAGCTCGTTA-1	171369
T	TTGGTCCAGACCTATC-1	17983
T	AAATGCCGTCAGAGTG-1	4319
T	CAAGGCCAGACTAGGC-1	6683
T	GAGGATGGTCTGTCCT-1	12305
T	CCTGGGAGTCATTGGT-1	6299
T	CACTGAACAACAAACA-1	6273
T	ACTATTCGTTGGCTTA-1	844
T	GCTCAGGCACCACAGC-1	2551
T	GTGTCCTGTCTGGGCT-1	20914
T	CTCTACGTCAGTGGTT-1	6621
T	TCAGGTAAGCTTACCA-1	9986
T	TGTACAGGTTTGCGAT-1	6574
T	TTAACGGCAGCGCGTT-1	26598
T	ATCGAGTCACACTAGT-1	12401
T	TGTACAGCAGCTATAC-1	7926
T	TGATTTCCAACGGACA-1	3680
T	CCCTCTCAGCTCCATA-1	2424
T	CGTAAACGTTCCGGCA-1	32906
T	TGTAGCAAGTCCCGCA-1	12585
T	ATCCAGACACCTGAAT-1	13263
T	CTAGGATCAAGTTGCT-1	13503
T	TTGACGACAACTTGGT-1	1341
T	GCATTGAAGTGCAACG-1	2831
T	TAACAGCGTGTAGGAC-1	11377
T	CGTGGCAGTAAACGTA-1	4026
T	GTCACTCAGGTAGGAA-1	3415
T	TGATCAGAGAAGCCGT-1	9475
T	CACTAAGAGAATGCTA-1	906
T	TTGCACCGTTTAGACC-1	1313
T	CATTGGATCTTCGTTA-1	874
T	TCGCAGGAGCCTCGCA-1	13409
T	TTCGGTCTCGCTACCT-1	22427
T	GAACGTTTCTCCTTAA-1	15567
T	GACCCAGAGGTCTTTG-1	28302
T	GTGTCAAGTCCGGTAC-1	1265
T	AGCCCGAGTAGTCTGT-1	10105
T	GCCTAGGCACCCTTTG-1	27842
T	AAAGGATAGACACGGT-1	3722
T	GTCGTAAGTGCTGAAG-1	17835
T	CCCACATAGAGCTCCC-1	12724
T	TCAAGACTCGTTCTAT-1	882
T	TGTAGCATCCGCTCTA-1	8710
T	TCTCTGGAGTCGCCTG-1	25258
T	TGGACATGTTGGTAAA-1	8846
T	TGCGTAAAGTCAGGAC-1	12177
T	GCATTGACAATGAAAC-1	1970
T	ACTGCAATCTGTCGTC-1	1103
T	CCCTAGTAGTTATGAG-1	1817
T	TCCATCGCACATTGCA-1	27588
T	GCTCCTACATAGAATG-1	3984
T	GTCACCTAGTAACTCC-1	3138
T	ACTGTCCTCCTCATTA-1	24898
T	GTTCAAGAGAACTCCT-1	2777
T	ATGTACGTCTGGCGCA-1	14376
T	TCGATTTTCGTTTGAG-1	3545
T	TCACAAGCAAGTTGCT-1	8177
T	CGCAATACAGACTAAA-1	3505
T	CATTCATCACGCTCAG-1	1039
T	CAGCTGGTCCAGTTAG-1	7213
T	TTAGCGAGTCTGTTGA-1	6069
T	CCAATGAAGGGTTCCC-1	35348
T	TGGACATAGCGTATCT-1	2442
T	ACAAGCTTCCTGAAAC-1	38574
T	TTACGGAGTGGAAAGA-1	7339
T	GCATGATTCGAGAACG-1	15723
T	GCTTTCGAGCATTCCA-1	11308
T	AGCTGGCGTAGCATGG-1	15038
T	GGAACTTAGTCTTAGC-1	6296
T	TTCATTGGTTTCTCTA-1	5291
T	GTCACAACACGCTGTG-1	7288
T	TCTCTGGGTAACATAG-1	8001
T	GTGCACGCATAGAATG-1	1375
T	TTTACGTTCTGGCTAA-1	5437
T	AGGCCCAGTCTGGGCT-1	3230
T	GGTTGCGTCTCTTAAC-1	16631
T	GACTAACGTCACCCGA-1	24844
T	GGATGAGCAGTAACGG-1	20393
T	CATGCCTAGTTAGCGG-1	5381
T	TAGGAGGCAGTATCTG-1	24117
T	CCTTGCAAGCCGCAAA-1	18410
T	CAGCCTTTCGTGGTAT-1	2870
T	TCACTCGGTGCGCATC-1	12315
T	CTTCCAGCAAGCCTTA-1	4023
T	GTTACGATCGCAAACT-1	1597
T	CAACGGCTCTGAAAGA-1	2426
T	TGGACATAGTTCTCCC-1	35901
T	CACTAAGGTTTGCATG-1	8769
T	CGCAATATCGACTGGC-1	13512
T	CCGTGAGGTCCCGAGT-1	14402
T	GCGGAAATCTACTGCC-1	21697
T	GACCTTCTCCGAATTG-1	22367
T	TAACAGCAGGGTCCCT-1	22199
T	GCCTACTCAGATACAA-1	23899
T	CAGGATTAGCTATCGT-1	8252
T	GTCACGGTCTTAGTGG-1	8897
T	GCTTAAGGTTGGAGGT-1	7588
T	ATCCAGATCTTGTCGC-1	8343
T	GGACACCCAAGAGCGT-1	4951
T	AACAAAGAGCCTGTAT-1	17691
T	AGTTTGGCAACTCGTA-1	6920
T	GCGTAGCAGGCTGGAT-1	2801
T	ACTAACGAGACCCTAT-1	3748
T	TTCAACTGTTCTACGA-1	14639
T	AACCAACTCGGTCAGC-1	12712
T	GCAGATTTCCGCGATG-1	31577
T	GCGGGTTGTTTGTGAC-1	7009
T	AGTCAACTCCGAATTG-1	5796
T	GCGTAGCTCACGTGTA-1	8579
T	GTCCATCAGCTTTCCC-1	38996
T	GTCCATCGTGAGGGTT-1	5278
T	GTCACTCAGAAATGGG-1	20917
T	GGGCCATCAGTAACCT-1	12143
T	TAGTCCCAGGACTAGC-1	4501
T	GGTTGCGTCCTATCCG-1	36199
T	AACCAACTCGATGTAC-1	31160
T	CTTTGCGGTATCACAC-1	24923
T	TTTGAGGGTTGGCTTA-1	4473
T	GGCGTTGCATCAGAAA-1	13194
T	TCAATTCTCTTCACTA-1	3588
T	AACCGATTCGTGGTAT-1	4401
T	ATGCATGTCAGCACGC-1	4007
T	AATGGAATCGATGTGT-1	4493
T	CGCGCAATCTACTGCC-1	7736
T	GGAACTTCAGATTAAG-1	16244
T	TGAATCGCATTACACG-1	41286
T	TCCATCGAGGGAGTTC-1	9253
T	TAGGAGGGTCTCTGGG-1	1940
T	ACCGAATAGTGATCTC-1	7234
T	TACCTATAGAAATGGG-1	4223
T	CTTGCTGGTGTTGGTT-1	4475
T	ATGTCGAGTCCCGAGT-1	4873
M	ATTTGTCGTGATGCTT-1	EOMES	1
M	CGAGTTAGTACTTCAG-1	ITGAM	1
M	GGGACCTAGACTTGAA-1	NCAM1	6
M	AGGCGAATCCATATCT-1	CD6	1
M	GGGACCTCAAGTCTGT-1	PRF1	1
M	TCAGTCCAGGGAAGCG-1	MRC1	1
M	TATGTTCTCTATACCT-1	ITK	10
M	AAGGTTCAGAAGCCTG-1	CSF1R	1
M	GCCCAGACAAACTACC-1	KRT8	2
M	CTCAACCAGTTGCCGC-1	MRC1	2
M	AGCGTATTCGCTTCAC-1	THEMIS	2
M	TGCCTGTGTACATGGG-1	SKAP1	2
M	CTCGCTATCGCCCTTA-1	KLRF1	2
M	GCCAGACTCACTAGGT-1	NCAM1	3
M	CAGGATTCAATGGCAG-1	BANK1	2
M	CGGACCATCAATTCCT-1	KLRF1	2
M	ACCATCCTCTGGCCAG-1	CD3G	5
M	GGGACCTTCATAGGTC-1	NCAM1	7
M	TAGCACAGTCGCGCTA-1	THEMIS	1
M	CACAGATAGGGTCTGA-1	IL7R	4
M	GAGAACGTCTCGTAGA-1	CD79A	1
M	AATGGAAAGAGGTCCA-1	VWF	1
M	TCAGGTAGTATCCTTT-1	NCAM1	4
M	AGGACGACAGCGCGTT-1	CD6	2
M	TGAATCGCATTACACG-1	PRF1	1
M	ATTGTGGTCAGTTGAC-1	SFTPC	2
M	ACTGTCCTCCTCATTA-1	THEMIS	1
M	GAAACAAGTTCTTATC-1	CSF1R	1
M	ACAGAAATCTCGCGTT-1	IL7R	1
M	TTACGTTCATGGTAAA-1	SKAP1	2
M	GAAACAATCGCCAGAC-1	IRF8	1
M	TACATTCCAAGGAGTC-1	CDH1	2
M	TAGACTGAGCAATGTA-1	CD160	1
M	GCGTTGGAGCTATCGT-1	ITK	7
M	TAGTCCCTCATCGCCT-1	ITGAM	1
M	ACAGCGCTCCATGACA-1	CD4	1
M	GAAGTGGAGTGTCGCC-1	NCAM1	1
M	CAAAGCTCACGCCGAT-1	CD6	3
M	CCCAGAGTCCCAGCGA-1	NKG7	2
M	GTGCCAGTCGACTGGC-1	PRF1	2
M	GGAACCCGTCCGAGCT-1	CD160	1
M	TAAGCCATCCGCGATG-1	PAX5	3
M	CCAATGAAGGGTTCCC-1	KLRF1	1
M	TCAGGTAAGCTCCGGT-1	VWF	1
M	TGCTATTGTCCTCAGG-1	CD6	3
M	AAGGAGCGTGAGGTCA-1	PRF1	8
M	TTATGTCCATATTGGC-1	CD160	1
M	GTGATCAGTGTCTACA-1	BANK1	1
M	CCGTGAGAGGTCTTGT-1	TXK	4
M	GTTACTTTCTTAACGG-1	TXK	4
M	CTCAGAACATTTGGCA-1	CD8A	4
M	CATAACGGTGAGTTGG-1	NCR1	3
M	GCCTAGGCAAGAGATT-1	FLT3	1
M	TAGCCGGTCGTATAGC-1	KLRF1	4
M	GCCTACTGTCGTAGTT-1	CD160	3
M	GCGGAAATCTACTGCC-1	PAX5	3
M	TAGCGGCAGGGTTCTT-1	PAX5	1
M	TGACTCCGTGCACATT-1	ITK	4
M	CCGTACTGTGCCGGTT-1	CD14	1
M	GCGAGTCTCCAACAAC-1	BANK1	3
M	AGTTACGAGTCCTTCC-1	CD79A	1
M	AGCCTCTTCGGTTCCT-1	IRF8	1
M	ACAGCGCTCCTTCGAC-1	KLRD1	3
M	GCACGCAGTTGAAGCG-1	CD3E	1
M	TGTGTCCTCGTCCCAT-1	PAX5	1
M	ACCCAAAAGCTGAATA-1	EBF1	4
M	GCGAGAACATAGCCGC-1	BANK1	2
M	CTTAATCGTCCCGAGT-1	BANK1	1
M	TCAGGTATCACCCTTG-1	TXK	4
M	GGGACCTCAAGTCTGT-1	KIR2DL4	2
M	ATTGTCTTCGGCATAT-1	CD6	1
M	GGGTTATTCCACACCT-1	EBF1	15
M	AAACTCGTCGCATACA-1	ITK	16
M	CATGCCTGTCCGAGCT-1	KLRC1	1
M	ATGTACGGTCATAGCT-1	KLRD1	7
M	TTCTAACAGGAGTACC-1	CD6	2
M	GTGGATTGTTCCCTTG-1	LCK	1
M	TAAACCGTCGTTCAGA-1	EBF1	1
M	ACTTCCGCACAGCTTA-1	ITK	5
M	GAGAACGAGTGAACCG-1	BANK1	1
M	GTCTACCCAGGCACAA-1	KIR2DL4	3
M	ATGTCTTAGAGCTGTG-1	CD79A	1
M	AGCCAGCGTGCACATT-1	COL1A1	1
M	TCTATTGTCTCTCAAT-1	SKAP1	1
M	GAGCGCTTCTGAAAGA-1	CD3E	1
M	GGACACCTCTAAACGC-1	NCAM1	3
M	GTGCACGGTTCTGAAC-1	LCK	2
M	GCATTGAAGTGCAACG-1	EBF1	1
M	TTACGTTCATGGTAAA-1	IRF8	3
M	CCCTAACGTCAAATCC-1	NCAM1	1
M	TAAACCGTCGTTCAGA-1	PRF1	1
M	AAAGGATAGACACGGT-1	EBF1	1
M	TCGCAGGCAACGGGTA-1	EBF1	1
M	GTTGGGCTCGCCACTT-1	BANK1	3
M	GATGGCCCATCAGAAA-1	SKAP1	3
M	AGATTCGTCTTCCGTG-1	SKAP1	5
M	TACGGATCATACTGCA-1	ITGAM	1
M	ACTGCGGCACTGCTCT-1	NCAM1	1
M	CGTGGCAAGGGTCCCT-1	PRF1	1
M	AGATTCGTCTTCCGTG-1	CSF1R	1
M	TTTGCGCCAAGACTAA-1	EOMES	1
M	CCGTACTAGGTAGGCT-1	EOMES	2
M	TAGGTGTCACCGAAAG-1	CD79A	1
M	TAAGCCAAGGCTGGAT-1	LUM	1
M	TGCCTGTTCTGAAAGA-1	KLRD1	1
M	TGGCGCAAGCTGAGGT-1	NCAM1	3
M	AATACGCCAAAGACGC-1	TXK	1
M	TCGTTCGGTTTGCGAT-1	PECAM1	1
M	TCGAGCGTCGGATCGC-1	FLT3	1
M	TCAATTCAGTGCACAG-1	KLRD1	2
M	ACCGAATTCCGCTATC-1	NCAM1	3
M	ATTGTCTTCGCTCGGA-1	CD160	1
M	TAGGTGTCACCGAAAG-1	THEMIS	4
M	AATGCCAAGGGACGTT-1	CD8A	2
M	CGATGATTCGATGTAC-1	CD8A	1
M	AACCGATAGAGAAGCA-1	KLRF1	1
M	CAGTGTATCTCGCGTT-1	CD3E	1
M	CATGCCTCACCCTTTG-1	NCAM1	4
M	ACATGCATCCTAAGTG-1	MRC1	1
M	TTAGGTGTCTCCAACC-1	SH2D1B	1
M	TAGACTGAGCAATGTA-1	ITK	3
M	AGACAAAAGGTAAGTT-1	CSF1R	1
M	ACAAAGAAGTCGACCC-1	TXK	1
M	GCCTAGGCACCCTTTG-1	GNLY	2
M	CGTACAATCGTGTGCG-1	GNLY	2
M	ACGGATTTCGATAGGG-1	CDH1	1
M	GGAACTTCAGATTAAG-1	KLRD1	2
M	GTTCAAGAGTTATGAG-1	CD6	1
M	TGCGTAAGTGTCTCGG-1	MRC1	1
M	GTGCTGGAGAGCTGTG-1	LCK	3
M	CGCTGGACAACTACTG-1	NCR1	4
M	GAAACAATCTCAGATG-1	KLRF1	6
M	AGCTGGCTCGTCTTAT-1	MRC1	1
M	TTACTTGAGGATATCA-1	THEMIS	3
M	CCACAGGTCAAATGGA-1	THEMIS	4
M	TCACCACGTGGAAGCT-1	BANK1	7
M	AAAGATGTCCAGTACA-1	TXK	5
M	ATGTTTCCATGTGAGG-1	ZBTB46	1
M	CGTACAATCGTGTGCG-1	SKAP1	2
M	TTAACGGCAGTTACAC-1	KLRD1	2
M	TGATGCACACATTCTT-1	NCAM1	1
M	GCATTCCCATTCGTCC-1	PRF1	2
M	AGCTGTACAAGCTTTG-1	CD14	4
M	TCAGCTCTCTTACTCA-1	BANK1	2
M	AACCAACTCGGTCAGC-1	BANK1	1
M	CCCGTTAGTGCTGTGC-1	CD8A	1
M	CCAATGAAGGGTTCCC-1	NCR1	1
M	TCAGTCCAGGGAAGCG-1	NKG7	2
M	TCAGGGCGTGTACGCC-1	SKAP1	3
M	CTCTCAGGTCAGCTTA-1	SKAP1	1
M	TATCGAGGTATTCTTC-1	KLRD1	3
M	TACTAGGGTGGTGGTA-1	NCAM1	2
M	GAGATTCGTGATAGAT-1	LCK	1
M	CCTTAATGTTTAGGAA-1	SFTPC	1
M	TCGATTTCATATTGGC-1	TXK	2
M	GAGGCTCAGCTCCGGT-1	MERTK	1
M	ACGGATTCATGTGAGG-1	SKAP1	1
M	CGTACAATCGTGTGCG-1	SH2D1B	1
M	GTTATTCAGCTCGTTA-1	THEMIS	4
M	TTCTAACAGGAGTACC-1	CD28	1
M	AGCCTCTAGAGGTACC-1	KLRD1	9
M	TCAGTCCTCAGTCACA-1	PAX5	1
M	TGTGGCGCAAGGAACC-1	ZBTB46	1
M	ACTGTCCAGGTTACAA-1	CD8A	1
M	TGACTCCGTGGTTCTA-1	GNLY	4
M	AATGCCAAGGGACGTT-1	NKG7	1
M	GACCGACTCCTGAAAC-1	CD79A	1
M	AGTTACGGTGGACCAA-1	CD68	1
M	ATGTCGAAGTCTCGAT-1	PRF1	1
M	GTCTACCTCTCATCCG-1	SKAP1	5
M	GATTAGCAGAGTTTGA-1	SKAP1	2
M	TGCACCTTCGATTACG-1	KLRD1	9
M	CACCTTGAGCACCATT-1	VWF	1
M	TCGAGCGAGAGAGGTA-1	CD3E	2
M	CTCACCATCCACTAGA-1	NCAM1	4
M	GATGGCCCATCAGAAA-1	PRF1	1
M	AGCGATTGTGATAAGT-1	LCK	4
M	CCTAAAGAGTAATCAG-1	TXK	1
M	TCGTTCGCAGTTACAC-1	NKG7	2
M	TAGCTTTTCGTCCCAT-1	VWF	3
M	AATGGAACAATTCTCT-1	CD3G	1
M	GACCAATGTCATCGTA-1	SH2D1B	4
M	ACGTTAGTCGGACGAA-1	IL7R	1
M	GTGTCAATCCGGCTGA-1	CLEC9A	1
M	GGGACCTTCATAGGTC-1	CD4	1
M	TAGCACAAGCTAGTTC-1	PAX5	2
M	TTTGTGTCATCGGCCA-1	ITK	1
M	CAACCAATCTATACCT-1	IL7R	2
M	CACTGAACAAGCGACA-1	NKG7	1
M	TATCGAGCAATTCTCT-1	ITGAM	1
M	CTTGTCGAGAGAGGTA-1	KLRD1	3
M	CCTGCTACAAATGTCC-1	KLRD1	4
M	GTCTACCTCTCATCCG-1	CLEC9A	54
M	GACCCAGGTACGTATC-1	VWF	1
M	ACCCAAAGTTAGAGAT-1	MRC1	1
M	CCATACCAGGCTCCTG-1	THEMIS	1
M	CCCTAACTCTGGCACG-1	CD79A	1
M	GCCCGAATCCCGCAAG-1	ITGAM	1
M	AACAAAGTCGCCTTAC-1	KLRF1	1
M	CAGCTGGGTCGCTAGC-1	KLRF1	1
M	GACCAATGTCATCGTA-1	SPI1	1
M	TAGCACAGTCGCGCTA-1	LCK	1
M	AACAAAGTCGAACACT-1	EBF1	6
M	TTACCCGTCAGAACGG-1	TXK	1
M	CCGTAGGAGGCGACTA-1	CD79A	1
M	CACTAAGCATCCGTAA-1	PECAM1	2
M	GTCACGGTCTCCCTTT-1	NCAM1	1
M	TAAGTGCAGCTTACCA-1	SH2D1B	1
M	CCGTAGGAGAGGCCTA-1	LCK	1
M	GCTCAGGCACCACAGC-1	THEMIS	1
M	TGCTTTAGTCCAAGAG-1	EBF1	8
M	GAACCTAAGGTTCGTT-1	ITK	3
M	TTGTTCAGTGTCTACA-1	CD79A	1
M	TTGACGAGTTACCACA-1	CD79B	2
M	CCTTAATAGGTTAGTA-1	IRF8	10
M	GTAGGAGGTCACTCTC-1	CD4	1
M	TGCTTTATCTTCCGTG-1	EBF1	2
M	AGCGTGCTCTTCTTCC-1	ITK	2
M	CCCGTTATCGAGGTAG-1	SKAP1	4
M	CTGTATTTCAAGGCCC-1	CD3E	1
M	TTGTTCAGTCCTTCAC-1	PRF1	2
M	CTACTTAGTTCTACCC-1	BANK1	1
M	ACAGACTAGGTAAGCC-1	NKG7	1
M	TACTAGGCATTACCTT-1	COL1A1	1
M	GCAGCCATCAGTAGTC-1	SKAP1	1
M	TAGCATGGTTACTTTC-1	SKAP1	2
M	ACTTTCATCTCCAACC-1	KLRD1	4
M	GGTACCGAGAACAGGA-1	CD5	1
M	CATTCCGCAACGTACT-1	SPI1	1
M	GCTTGCTGTGTGTGCC-1	PRF1	2
M	AGTTTGGGTGGACAGT-1	CD160	1
M	CATTCATGTATGGATA-1	EBF1	2
M	TTCGTTATCCGCGATG-1	CD8A	3
M	GATCGTAGTCCACCAG-1	VWF	1
M	GGTTGCGAGGCCTCTG-1	SH2D1B	2
M	TATGTGGCATAGCCAT-1	EBF1	1
M	AATGGAACAATTCTCT-1	SKAP1	4
M	TGCCTCATCGATTACG-1	SKAP1	1
M	AAGGAGCGTGAGGTCA-1	CD3E	1
M	AGCTGATTCAAGGCCC-1	NCAM1	2
M	AAAGGATAGACACGGT-1	PRF1	2
M	CAATCCCCACCCTTAC-1	SH2D1B	1
M	CGGTGCACAAGTTCGT-1	ZBTB46	2
M	GGCGTTGGTTCTGAGT-1	GNLY	1
M	CGCTATCGTCATCGTA-1	NKG7	1
M	TCGAGCGGTGATGCTT-1	CLEC9A	1
M	GCCATAACATAGATAG-1	CD3E	1
M	TCAGCTCCAAGCAACG-1	EOMES	2
M	TACGCAACATGGCCGT-1	CD8A	1
M	TACGCAAGTCAGAGTG-1	GNLY	4
M	CAGGATTTCCGCCTAT-1	EPCAM	1
M	AGTGCCGTCTGGCGCA-1	CD79A	1
M	GCAGATTTCTGGCACG-1	PECAM1	3
M	AAGGAGCGTACGGAGT-1	CD68	1
M	GCGGGTTCATCGCCTT-1	KLRF1	1
M	GTAGGAGCATCCATAG-1	CD5	1
M	AACAAAGTCGCCTTAC-1	MS4A1	1
M	TCGGGACGTCCGTAGC-1	TXK	2
M	TGGTCCTAGTGAGCAC-1	ZBTB46	1
M	GCTGAGCTCCCTACCA-1	CD28	1
M	CCTAAAGCATCGTACA-1	VWF	2
M	GCATTCCCAAGCCAGA-1	NCAM1	1
M	TTCAACTTCAGTCAAC-1	MRC1	1
M	TTCGTTAGTTCAGAAA-1	CD160	1
M	ACATGCATCCTAAGTG-1	LCK	2
M	TTGTTCAAGTGAGCAC-1	CD8A	1
M	TTGCAGACATCCCAAA-1	GNLY	1
M	GATTAGCCAATTCAGC-1	NKG7	1
M	GCTGCGAGTAGAATAC-1	KLRD1	3
M	GGGTGTCGTATCTAGC-1	KLRD1	4
M	GGTACCGAGAGCGGTT-1	KLRD1	1
M	CACTGAACAAGCGACA-1	NCAM1	2
M	GCTCACTAGATGCGAC-1	NCAM1	1
M	AGCGTGCAGTGTCACT-1	PRF1	3
M	TTTGTGTGTTCCATCC-1	MRC1	1
M	GGTCATAAGATTCCGT-1	TXK	3
M	TGTGGCGAGAAGCCGT-1	EOMES	1
M	CTCCCAAAGAAGCCGT-1	KIR2DL4	1
M	CACCACTGTTAGAGAT-1	ITGAM	4
M	CATAACGGTGAGTTGG-1	KLRD1	7
M	GGTGCTGGTTCCATCC-1	VWF	8
M	GCGAGTCGTTGAATAG-1	COL1A1	1
M	GGCATTACAAGGTCGA-1	SKAP1	1
M	GCTCCTATCGTCGCAG-1	VWF	1
M	CATGCCTAGGGAGTTC-1	CD6	1
M	GAATCTGTCGAGTGTT-1	MRC1	2
M	TCACCTGAGTTCAGGG-1	PAX5	1
M	TCACTCGAGTTCCCGG-1	ITK	3
M	TCAAGACGTAGGTGAC-1	EOMES	1
M	ACGTGGCCAAGGTCGA-1	SKAP1	6
M	GTCACGGCATTCACCC-1	KRT8	1
M	AGGCCTGAGTCAGGAC-1	CD160	1
M	GCGGAAAGTGACGCAA-1	CD14	1
M	CTGCTCACACCAAGGA-1	BANK1	4
M	TACCTATCAGGTAGCA-1	TXK	2
M	GAACCTATCTTACTCA-1	CD79A	1
M	GGGACCTGTTCTACCC-1	COL1A1	2
M	TGAATCGGTGAATGTA-1	KRT18	1
M	CTTGTCGGTAGTATCC-1	CD6	1
M	ACAATCGCAACGTAGG-1	ITK	3
M	CGCAATATCCCACTTG-1	CD14	1
M	GTCTACCCAGGCACAA-1	GNLY	1
M	TTCGATTAGACCCTAT-1	SKAP1	2
M	AGGACGATCCACGAGC-1	CD6	2
M	CTGGGACCAACAAACA-1	ITK	7
M	GGAACTTGTAACTGAA-1	BANK1	1
M	GACCTTCCATCAGCTA-1	VWF	1
M	TGATTTCCAATCATCG-1	CD3E	1
M	CGAGTTAGTACTTCAG-1	MS4A1	1
M	CTTGTCGAGAGAGGTA-1	PRF1	2
M	GGAATCTTCCCTAAAG-1	PAX5	1
M	GATCATGGTTAGGAGC-1	EBF1	5
M	TAATCGGCAATAGCGG-1	TXK	2
M	TATCGAGCAATTCTCT-1	ZBTB46	2
M	GGTCATACATTACTCT-1	KLRD1	4
M	TTGTTCAGTGGCGCTT-1	PRF1	1
M	CGCACAGCACTTGCGG-1	SH2D1B	4
M	CTCAGAAAGTGCAACG-1	CD160	2
M	TTACCGCCACTAGGAG-1	ITK	2
M	TAGACTGCATATTGGC-1	ITK	3
M	GCCTAGGTCTGGCACG-1	IL7R	1
M	GAGGATGTCTCATCCG-1	TXK	8
M	TCACAAGCAGCTTACA-1	CD8A	1
M	GGAGGATTCTTGCGCT-1	CD5	1
M	AAATGAGCATCCTGGG-1	CD5	1
M	ACATGGTTCCAGGTCG-1	PAX5	1
M	TCGCAGGAGACTTCCA-1	TXK	1
M	CGGTGCACAAGTTCGT-1	CD8A	1
M	AGGCGTCTCGATTACG-1	SKAP1	1
M	GGTTGCGAGGCCAATG-1	IRF8	1
M	CCCAGAGCAGCAACAG-1	KRT18	1
M	GAGCATTTCTAAACGC-1	KLRF1	1
M	CAGGATTAGCTATCGT-1	VWF	1
M	TAGGAGGTCACTCGGG-1	THEMIS	1
M	AACTTGGTCGTCCCTA-1	EBF1	4
M	CTCGCTAAGAACGTCG-1	EBF1	2
M	GTCACGGTCTTAGTGG-1	ITK	3
M	GACTAACGTCACCCGA-1	CD79B	2
M	TTACTTGAGTCTCGAT-1	SKAP1	1
M	TCAGGTAGTAAGTGCG-1	CD4	1
M	TGCATGAGTCTGCGCA-1	CD3E	1
M	AGTCAACTCCGGAAAG-1	CD3E	2
M	AGCGATTCAGGGCTTC-1	PRF1	2
M	TACCTATGTATATGGA-1	PAX5	2
M	GCTCCTAGTCCGAGCT-1	EBF1	1
M	GCCAGCATCAAACCCA-1	EOMES	2
M	TGATTTCCAATCATCG-1	SKAP1	1
M	GTGTCCTAGAGCTGTG-1	CD3E	1
M	CACCACTGTTAGAGAT-1	CD5	1
M	GTCACCTAGAAATTCG-1	LCK	1
M	GTGACATCAATGGCTT-1	CD14	1
M	GCGATCGAGAACTAAC-1	BANK1	1
M	AACGAGGAGCAACGGT-1	MARCO	1
M	TTCGGTCAGTTCGTTG-1	CD8A	3
M	CGGTGCATCGCTTACC-1	KLRC1	1
M	CCCAGAGTCCCAGCGA-1	KLRF1	2
M	TCGAGCGCAAGGAACC-1	LCK	2
M	GAGGATGAGGCCTCGT-1	LCK	2
M	GTAGGAGGTATCAGCT-1	VCAN	1
M	CGTAAACTCGCATAAC-1	BANK1	1
M	GATTAGCGTTGCAGAG-1	ZBTB46	2
M	TGCGTAACATGGTTTG-1	NCR1	2
M	GTGACATCAATGGCTT-1	IRF8	1
M	CTAGGATAGGGTGTTG-1	VWF	3
M	GACCTTCAGGGCGAAG-1	NCAM1	1
M	GTAGGAGAGTGAAACT-1	PRF1	1
M	AGCCTTCAGAGCTACG-1	THEMIS	1
M	GGCACGTCAAAGAGAG-1	ITK	1
M	TCAGGTAAGCTCCGGT-1	BANK1	1
M	CTACTTAGTACGAGAC-1	MERTK	1
M	TGCCTCAGTCTGCGCA-1	NKG7	1
M	GAACGTTTCTATACCT-1	DCN	1
M	CAACCAATCTATACCT-1	CD6	1
M	TCCCACATCGCCTTAC-1	MRC1	1
M	CTCTCAGAGAAACGCC-1	ITK	4
M	CACTAAGAGCTCCGGT-1	TXK	10
M	CCCTAGTAGTAACACA-1	TXK	1
M	CACCACTGTTAGAGAT-1	CD79A	2
M	TCACCACGTAGTTTGC-1	CD6	1
M	AAAGGGCCAAGACACG-1	EOMES	2
M	GCTCAGGAGTTCCAGT-1	EOMES	1
M	TATCTGTCATCGTACA-1	PECAM1	17
M	CTTTGCGGTATCACAC-1	SKAP1	1
M	TTCGGTCAGTTCGTTG-1	LCK	1
M	ACCGGGTAGACTAGCG-1	THEMIS	1
M	AATGTCGTCAGCCGAC-1	MERTK	1
M	ACGTTAGAGTTACACC-1	GNLY	2
M	TGTACAGCACCACGAC-1	EPCAM	1
M	TGTGACATCGGATGTT-1	NCR1	1
M	TTTGCGCCAGATACAA-1	KIR2DL4	3
M	TTGTTCAGTGGCGCTT-1	PECAM1	2
M	TGCTCACCAGAACGAC-1	CDH1	1
M	ACAAGCTCAAATGCTC-1	PRF1	2
M	CCACGTTGTCGAGGAT-1	CD160	2
M	AGACAAAAGTGAAGGA-1	ZBTB46	1
M	GCACCTTCACTGTTAG-1	KLRD1	4
M	ACCATCCTCGTTTGAG-1	SH2D1B	1
M	GCATTGATCGATAGGG-1	PAX5	4
M	TGTGACATCGGCAATT-1	MERTK	1
M	TCAGTTTTCTGAAAGA-1	KIR2DL4	1
M	AAAGGATAGACACGGT-1	KIR2DL4	1
M	CATGTTTTCAGGAATA-1	CDH1	1
M	GCCTAGGAGTACCTCA-1	CD6	2
M	TTACGTTCACCACAGC-1	SH2D1B	1
M	AAGATAGAGGCGACTA-1	LCK	1
M	CATAACGGTGAGTTGG-1	IRF8	1
M	GTTATTCAGGATTTGA-1	NCAM1	1
M	AGATTCGAGTCATACC-1	CD6	1
M	GAACTTGGTCTGTCCT-1	MRC1	1
M	ACAAGCTTCCTGAAAC-1	TXK	4
M	AATGCCATCTGCCGAG-1	EOMES	1
M	GTGACATGTTTGCATG-1	KIR2DL4	1
M	CGATGATTCCTCAAGA-1	KIR2DL4	1
M	TTCTGTAAGTTGCGCC-1	CDH1	1
M	ATGTACGGTCATAGCT-1	KLRC1	1
M	TACATGGAGCTAACAA-1	PRF1	5
M	CGTACAAAGGACTTTC-1	LCK	1
M	TCGAGCGGTGATGCTT-1	IL7R	2
M	CCTGGGAAGAATACTG-1	IL7R	1
M	TCGCAGGCAACGGGTA-1	PECAM1	2
M	AAAGGATAGGATGTCG-1	KLRF1	2
M	CCCACATGTGCAAGAC-1	CD3E	1
M	TAGCATGTCCACCTAC-1	PRF1	2
M	AACTGTGAGCATTGGG-1	PRF1	1
M	AATGTCGGTCAGACGA-1	SH2D1B	1
M	TGCTCGTGTATGGGTG-1	THEMIS	1
M	ATGTACGCAATGGCTT-1	EOMES	2
M	AACGAGGAGTCTCGAT-1	MERTK	4
M	TAGCCCTCATTTGTTC-1	CLEC9A	2
M	CCCACATCAGGATGTG-1	CD4	2
M	GCCCAGACAGTAGGCA-1	VWF	1
M	ACATGGTCATGTATCG-1	MRC1	1
M	TGGCCTTGTTTGCATG-1	PAX5	13
M	GCTCAGGAGCCATCAT-1	PAX5	1
M	ACGTGGCCACTGGGCT-1	EBF1	1
M	CTCTCAGGTAGCATGG-1	BANK1	1
M	ATGTCGAAGAGCCACA-1	TXK	4
M	TTTGGTTGTAGACACG-1	NKG7	2
M	TGCTCACTCTCGGCGA-1	VWF	1
M	TCAATTCAGTGCACAG-1	THEMIS	1
M	GGATGAGGTGCCCGAT-1	BANK1	2
M	GCATTGATCGATGCAT-1	EOMES	1
M	AACTTGGTCGCGTGAC-1	NCR1	1
M	CCCTGATGTCCATTGA-1	CD4	1
M	GAGGTCCGTCAGGTGA-1	VWF	2
M	GTGCACGAGACGACTG-1	NCAM1	3
M	GTAGACTTCTCTCAAT-1	NCAM1	2
M	GACCGACGTGGGTAGT-1	ITK	1
M	CAAGAAACAGGGAGTT-1	NKG7	2
M	CGCTGGACATTGTTCT-1	IRF8	1
M	GTTACGAAGCGTTGCC-1	DCN	1
M	TGACTCCTCTTTGCAT-1	CD3D	2
M	ATCGAGTCAAGTCTCA-1	CD6	1
M	GCCCAGAGTGGTAGAC-1	VCAN	1
M	AACATCGTCCGGGCAT-1	TXK	4
M	TGAATCGCATTACACG-1	KIR2DL4	1
M	TATGTGGCACCGTCTT-1	SKAP1	4
M	GTTGGTACATTATGGC-1	ITGAM	1
M	TACTCGCCAACATAAG-1	VWF	2
M	GAACCTATCTTACTCA-1	ITK	8
M	TCGCCTATCCATATCT-1	BANK1	1
M	AGGCGTCTCGATTACG-1	BANK1	1
M	ACAGACTAGGTAAGCC-1	BANK1	1
M	GAGCATTCAGGCATCC-1	GNLY	1
M	GTCGTAATCAAGGCCC-1	KIR2DL4	2
M	TTACCGCAGGCAATTA-1	NKG7	2
M	CTTGCTGTCTGTGTGA-1	SKAP1	1
M	TGTAAGCGTCCGTGCA-1	LYZ	1
M	CCATACCAGGCTCCTG-1	KLRF1	2
M	ACGTTAGAGTTACACC-1	CD6	2
M	AGGCGTCGTTAAGTCC-1	PRF1	7
M	TACCTATCAGGTAGCA-1	PRF1	1
M	CTTGCCATCGCGTGAC-1	PAX5	1
M	GCGGAAATCGAGCGCT-1	ITK	1
M	AGCTGGCTCGTCTTAT-1	VCAN	3
M	ATCCTGCCAAATTCCG-1	IL7R	5
M	AACATCGGTCTGGGAA-1	BANK1	1
M	GGATGAGGTGCCCGAT-1	TXK	4
M	GCACGGTAGGATGTAT-1	GNLY	1
M	GCGCCAAGTCACCCGA-1	PECAM1	1
M	GTGGATTAGGCGTAGT-1	KRT8	1
M	TAAACCGCACTACACA-1	KLRD1	1
M	ACAAAGAAGTCGACCC-1	CD6	1
M	TGCTTTAGTCCAAGAG-1	PAX5	1
M	AGCTGTACAAGCTTTG-1	THEMIS	3
M	GCTTGCTAGGAAGAAC-1	ITK	3
M	GGTGAAGGTTACGGAG-1	NCR1	2
M	AACCAACCATTAACGC-1	IRF8	3
M	GCCATAACATAGATAG-1	KLRD1	4
M	AACGAGGAGCAACGGT-1	KLRD1	1
M	TACCTCGGTCTGGTCG-1	KLRF1	1
M	CTTAATCAGAAATGGG-1	VWF	1
M	TACATTCTCGCTTCAC-1	GNLY	1
M	TATGTTCTCTATACCT-1	EPCAM	1
M	TCTAGTTCATCAGCTA-1	KLRD1	1
M	TGCCTCACACTGTCGG-1	KLRD1	1
M	TCAGGTAAGTCGTATC-1	PRF1	1
M	TGCGTAACATGGTTTG-1	CSF1R	1
M	ACAGGCCGTTTGACCA-1	IL7R	1
M	TCAGGTAGTAAGTGCG-1	EOMES	1
M	ACTGCAAAGTCCGGAA-1	EOMES	1
M	AGTGTACGTCATCGTA-1	MARCO	1
M	GTGTCAATCTCTTCTC-1	CDH1	1
M	GAACGTTGTTAGGAGC-1	DCN	1
M	GTTGGGCCAACTCGTA-1	KLRC1	1
M	AGCCCGACAGGTGGTA-1	CLEC9A	1
M	CACTAAGAGCTCCGGT-1	NCAM1	9
M	TCAGGGCCATGGCCCA-1	PAX5	1
M	AAAGGGCCAAGACACG-1	EBF1	1
M	GATTAGCGTGGAGTGT-1	EOMES	1
M	GGCACGTGTGGTAGAC-1	VWF	1
M	GGAACTTTCGGAAAGC-1	CD3E	2
M	ATTTGTCAGCGTTAGG-1	NCAM1	3
M	CTCTCAGAGAAACGCC-1	NCAM1	6
M	ATGCATGAGCTCGTTA-1	PRF1	1
M	AACCAACTCTTTGCAT-1	MRC1	1
M	TGTAGCATCCGCTCTA-1	ITK	4
M	GTTACTTTCAGCACTA-1	BANK1	2
M	CAGCTGGTCGGGAATG-1	CDH1	1
M	TCCCACATCGCCTTAC-1	FLT3	1
M	TCAAGGTTCACAACAC-1	KLRD1	4
M	TCGGGACGTCCGTAGC-1	KLRF1	1
M	ACGTGGCAGCTGAGGT-1	CSF1R	1
M	GTCCATCAGTCCCGCA-1	TXK	1
M	GTGACATTCTCGTGAA-1	CD28	1
M	TGACTCCTCTTTGCAT-1	MERTK	1
M	CACATGATCGCCACTT-1	GNLY	1
M	TTACCCGAGATCCGAG-1	PECAM1	1
M	GCCAGACTCACTAGGT-1	CD79B	1
M	GCTTGCTAGTAGTCGG-1	NKX2-1	1
M	AGCCTGGTCGCATACA-1	VWF	1
M	GCACGCATCCTGACCT-1	VWF	2
M	TTCTAACGTTTCTCTA-1	BANK1	2
M	CATTCCGCAACGTACT-1	BANK1	1
M	GCGTTGGAGCTATCGT-1	GNLY	3
M	GACCAATAGACAACGC-1	CD79A	2
M	AGTTACGGTTCTTTCA-1	CD79A	1
M	TACATTCAGTAACACA-1	CD6	1
M	TGTAAGCGTCCGTGCA-1	CD6	2
M	GAGCATTCAGTTAAAG-1	PRF1	5
M	CGTACAACAATCAGGG-1	SFTPC	1
M	AATACGCGTCTCGGGT-1	ITK	4
M	TCACCACCATGATCGT-1	ITK	1
M	TGGGTGCCATCGTGAT-1	CD68	1
M	ACTACCCCAAACGACG-1	KRT8	1
M	CGGTGCACAAGTTCGT-1	KLRF1	1
M	TTGAGTGCACACTAGT-1	CD3E	2
M	AGATTCGAGGTACTCT-1	THEMIS	2
M	AATGTCGTCGCTTACC-1	EBF1	1
M	GTGCCAGGTCCGTAGC-1	EBF1	1
M	ACGGATTAGCCATGGA-1	VCAN	3
M	TTTACGTCAACGTCGC-1	MARCO	1
M	CCTATTAAGATCTAAG-1	KLRD1	3
M	GTTATTCAGCTCGTTA-1	KLRF1	1
M	CTACTTAGTACGAGAC-1	PRF1	4
M	GTGTCCTAGAGCTGTG-1	TXK	4
M	GCGCATGTCGCGCCAA-1	ZBTB46	1
M	AAAGATGTCCAGTACA-1	LYZ	1
M	ATGTCTTCATTGCCTC-1	PRF1	1
M	ACTACGATCCACGGCA-1	TXK	6
M	ATAGGCTAGCCATTCA-1	EOMES	1
M	GTTATTCTCCTCCTGA-1	NCR1	1
M	CCGTACTAGGTAGGCT-1	NKG7	1
M	GCCAGCATCCCGCAAG-1	CD79A	3
M	GAAAGTAAGATGGCAC-1	COL1A1	1
M	ACTTTCACACACTAGT-1	SKAP1	1
M	TACTAGGCATTCACGA-1	CD68	1
M	ACTCGGGAGAGGTGGG-1	IRF8	1
M	GCCTACTAGAAGGGCG-1	CD6	3
M	CACATGATCGCCACTT-1	ITK	2
M	GTAGACTCAATTGTGC-1	TXK	1
M	AGATTCGTCATCGCCT-1	CD28	1
M	ATGGATCGTTTCGACA-1	MERTK	2
M	CACCACTGTTCTTTCA-1	IRF8	1
M	AGGCCTGCATGCTATG-1	CD4	2
M	CGCTATCCAACATAAG-1	LCK	2
M	AACATCGAGTACGCGA-1	ZBTB46	1
M	GCCTAGGTCCATGACA-1	CD28	1
M	GGTTGCGTCCTATCCG-1	NKG7	2
M	TCAGGTAAGCTTACCA-1	SKAP1	1
M	TGCATTTCACTTATGG-1	EBF1	1
M	TCTCAGCGTGAGTAAT-1	IL7R	2
M	TTGTTGTCAAGCGACA-1	GNLY	1
M	CTACTTAGTTCTACCC-1	VWF	1
M	TTGGTCCAGACCTATC-1	NCAM1	6
M	GCGATTATCTCCCTTT-1	BANK1	6
M	GTAGGAGGTATCAGCT-1	KLRF1	3
M	GCGTAGCAGAAGCCGT-1	LCK	1
M	TCACCTGAGGCCTCTG-1	BANK1	2
M	TGTTAGGGTCTGGTCG-1	DCN	1
M	TTCGGTCCAGTAGTTC-1	DCN	1
M	GCCCGAACATGATTGC-1	LCK	2
M	CCATACCAGGCAGTAC-1	ITK	4
M	TGTGACAAGTTGAATG-1	BANK1	2
M	ATGTCTTCATTGCCTC-1	TXK	3
M	TTACGTTCATGGTAAA-1	SH2D1B	1
M	TAATCGGCACAGATGG-1	SFTPC	1
M	GCTTAAGGTTGGAGGT-1	GNLY	1
M	GTGCACGGTAACTCCA-1	SKAP1	2
M	TGTTAGGGTCTGGTCG-1	KRT8	1
M	TGGCGCAAGCTGAGGT-1	SH2D1B	1
M	CGGACCATCAATTCCT-1	EBF1	2
M	GCGCATGTCGCGCCAA-1	EBF1	1
M	ATCCAGAGTATCTAGC-1	IL7R	1
M	AACGTACGTCAACTAC-1	BANK1	2
M	CCGTACTGTCCAGACC-1	EOMES	1
M	CTCCCAAAGAGTCCGA-1	GNLY	1
M	GCATTCCCAAAGGAAG-1	NCR1	1
M	TCAGTCCAGGGAAGCG-1	CD79A	1
M	AACCTTTGTACGCAAG-1	CD79A	1
M	GCCTAGGTCCATGACA-1	COL1A1	2
M	GGTGAAGGTTACGGAG-1	PRF1	1
M	ACCGCAGGTCTGGGCT-1	PRF1	3
M	CGCAATATCCCACTTG-1	BANK1	1
M	TCAGGTAGTATCCTTT-1	MARCO	1
M	GTTACGAGTGCGTCCA-1	NKG7	1
M	GAGGCTCGTTCTGAAC-1	CD79B	1
M	CCATACCAGGCAGTAC-1	PRF1	8
M	TGTACAGGTTTGCGAT-1	VCAN	1
M	CCACGTTTCCATGTTT-1	CD28	2
M	GGATGAGAGGTACATA-1	NKG7	4
M	TTTGGCCTCAAAGTAG-1	CD68	1
M	TTAGGTGGTCCGAGCT-1	IRF8	1
M	GAGCATTCAGTTAAAG-1	CD160	4
M	CTCACCATCCACTAGA-1	ITK	10
M	CATGCCTAGGGAGTTC-1	TXK	2
M	AGTTTGGGTCATAAGA-1	CD8A	1
M	TATTGCTGTATCCTTT-1	SKAP1	1
M	TAGGTGTTCCTGTAGA-1	DCN	1
M	ATAGGCTGTCAAGACG-1	KLRD1	8
M	ACCGAATTCCGCTATC-1	CLEC9A	2
M	TCAGTCCCATATAGAG-1	CD3G	1
M	AATGTCGTCGCTTACC-1	CD5	1
M	CTGGGACCACTGTTAG-1	CD6	2
M	TCGTTCGTCTATAGGC-1	MRC1	1
M	ATGTCTTCATTGCCTC-1	SH2D1B	2
M	TGGTCCTGTGCGCATC-1	CD160	1
M	TATCGAGCAATTCTCT-1	EBF1	3
M	TTTGGTTCAGGTCCTG-1	CSF1R	1
M	CCAGATATCCCTAAAG-1	BANK1	1
M	TAGGTCACATGGCCCA-1	TXK	1
M	TCACCACGTAGTTTGC-1	TXK	1
M	CAACGTACAGAGTCGA-1	GNLY	2
M	TACAGCACATGGGACA-1	GNLY	1
M	ACGGATTAGGATTAAC-1	KLRF1	1
M	CAACGTAAGGGCGAAG-1	MRC1	1
M	AAATGAGGTTAGTAGA-1	TXK	1
M	CACTAAGAGCTCCGGT-1	ZBTB46	3
M	CGGTGCAAGTACAACA-1	CLEC9A	5
M	TAGACTGAGCAATGTA-1	CD4	2
M	TTCATTGGTACCCACG-1	NCAM1	3
M	CTAGGGCAGAACCCGA-1	MS4A1	4
M	CTTAATCGTCCCGAGT-1	TXK	2
M	TACATTCCAAGGAGTC-1	EPCAM	1
M	CGTAAACCATCACAAC-1	NCAM1	2
M	TCGGGACGTCCGTAGC-1	PRF1	1
M	TCTAGTTGTGTCGTCG-1	PAX5	2
M	GTGACATCAATGGCTT-1	EBF1	1
M	TTACCCGAGATCCGAG-1	VCAN	2
M	ACTACGACAGGGTACA-1	BANK1	1
M	GCTGAGCGTTTGCCAA-1	MERTK	1
M	CTCTCAGAGAAACGCC-1	CD68	1
M	TTGCAGACATCCCAAA-1	KLRD1	3
M	TTCGGTCAGAGAGTTT-1	CD3G	1
M	TTTGGTTGTAGACACG-1	SPI1	1
M	GACTAACGTCACCCGA-1	PRF1	4
M	CCCACATGTGCAAGAC-1	THEMIS	3
M	TTATGTCCATTACCTT-1	IL7R	1
M	GCCCAGAGTCCCTAAA-1	NCR1	3
M	GCGATTAGTAACGGTG-1	KLRD1	2
M	TAATCGGGTTTGGATC-1	KLRD1	1
M	GACCGACCATAAAGTG-1	NCAM1	1
M	CAGTGCGTCGGCTATA-1	NCAM1	1
M	CCATACCAGGCTCCTG-1	MRC1	1
M	CTCGCTATCGCCCTTA-1	VCAN	2
M	GTCACAATCTTTCGAT-1	BANK1	1
M	CGCTGGATCACTCCCA-1	SKAP1	1
M	GCTGTTCCATCCCAAA-1	IRF8	1
M	TATGTTCCAAGCAACG-1	IRF8	1
M	GTAATCGGTTACCACA-1	DCN	1
M	ACAGGCCGTTTGACCA-1	KLRD1	1
M	ATCGAGTCATAGATAG-1	ITK	3
M	CGGACCATCAATTCCT-1	VCAN	2
M	TGGACATAGTCGAGCA-1	TXK	2
M	TTACCGCGTCAACTGT-1	TXK	1
M	CCAATGACAGGTGGTA-1	MERTK	1
M	GCCCAGAGTGGTAGAC-1	CD79A	1
M	CAAGGCCAGACTAGGC-1	DCN	2
M	CCGAAGCAGTTCGACT-1	CD3E	2
M	TTCATCAAGAGCCACA-1	CD6	1
M	TGGAAGGAGACTTGAA-1	PAX5	1
M	TCCATCGAGAGGAAGT-1	CD14	1
M	GTGTCAATCTCTTCTC-1	VCAN	2
M	TGCATGAAGTAACTCC-1	NKG7	2
M	CCTGCTACAAATGTCC-1	IRF8	2
M	AGCCTTCCAGAGAGAA-1	VWF	1
M	TAGCGGCAGGACTAGC-1	CD3E	1
M	TAGCACAAGCTAGTTC-1	PRF1	2
M	GTTGGTAGTAGTCTGT-1	LCK	1
M	GTCTACCCATGGAGGT-1	EBF1	1
M	TTGTCTACATCCTGGG-1	ITK	3
M	GTTATTCAGCTCGTTA-1	CSF1R	2
M	GCCTACTCAGATAAGT-1	VCAN	1
M	TGATTTCCAAGGGTAC-1	TXK	1
M	GAACGTTTCTATACCT-1	NCR1	2
M	GCTTTCGCATACCCGG-1	CDH1	1
M	TGCTCACAGAATGCTA-1	KLRD1	2
M	TAGTCCCCACAAGGGT-1	SPI1	2
M	GAGCATTGTTTCTACT-1	ITK	1
M	AACATCGGTATTCTTC-1	CD28	1
M	GAAGTCTAGTTATGAG-1	CD79A	1
M	CGCAATACAATGCCAT-1	SKAP1	2
M	AGCCTTCAGAGCTACG-1	KLRD1	3
M	TTCGATTAGTGTGTAA-1	CD28	2
M	TAACGGTTCGTCTTAT-1	CD3E	2
M	GAGGATGGTCTGTCCT-1	MRC1	1
M	GAACCTAAGGTTCGTT-1	PAX5	1
M	TTAGGTGTCGCGATGC-1	THEMIS	7
M	CCCTAGTTCTACATCT-1	TXK	2
M	TATGTGGCAGTTCGGC-1	SKAP1	3
M	TGCATTTCATTACTCT-1	KRT8	2
M	ACTTCCGCAGAATGCG-1	KLRF1	1
M	TGCTCACCAGAACGAC-1	PRF1	1
M	TTCAACTCATTACTCT-1	CD160	2
M	ATAGTCGCAGGCTACC-1	BANK1	2
M	CGATGATTCTATCTTG-1	NKG7	1
M	CGCTGGAAGATGAGGA-1	SKAP1	1
M	TTTACGTCAACGTCGC-1	VWF	1
M	AACGAGGCACATTGCA-1	NCAM1	1
M	AGCGTGCAGTGTCACT-1	CD5	1
M	GTTATGGGTAAACGTA-1	SPI1	2
M	CTACTTAAGGGACGTT-1	THEMIS	1
M	ATGTTTCAGTTGGAAT-1	KLRD1	7
M	GTCACAAAGGATGTAT-1	CD6	1
M	ATGTCTTCATTGCCTC-1	BANK1	2
M	GTAGGAGAGCTCCATA-1	TXK	2
M	TGCTCACTCTTGTGCC-1	KIR2DL4	1
M	GAGGTCCAGTCCGGAA-1	SKAP1	2
M	CTTCTAATCGGGATCC-1	CD4	2
M	GTGTCAATCTCTTCTC-1	VWF	3
M	AGGCGTCGTTAAGTCC-1	CD160	3
M	TGAATCGAGGCAGTGT-1	CD160	1
M	ACAGGCCGTTTGACCA-1	ITK	1
M	GTAGGAGGTATCAGCT-1	BANK1	8
M	GTTGGTACATTATGGC-1	BANK1	3
M	GACCTTCCATCAGCTA-1	TXK	2
M	CAAGAAACAGGGAGTT-1	COL1A1	1
M	CTACTTAGTACGAGAC-1	IRF8	3
M	ACCAAACGTGAGGTCA-1	CD6	2
M	TCGAGCGTCGGATCGC-1	MS4A1	1
M	TACAGCAGTGTGAGGT-1	SPI1	2
M	ACGTGGCCAAGACTAA-1	PAX5	1
M	GTAGGAGGTATCAGCT-1	ITK	4
M	AATGTCGTCAGCCGAC-1	BANK1	1
M	ACGTGGCAGCTGAGGT-1	TXK	1
M	GACTAGTTCAAATGGA-1	ZBTB46	1
M	CCCTGATTCTCTATCA-1	SKAP1	2
M	CTGGGACTCCATATCT-1	KRT8	2
M	AATGCCATCTTTGCAT-1	CD5	1
M	ACCATCCTCGTTTGAG-1	KIR2DL4	1
M	CGATGATTCCTCAAGA-1	FLT3	1
M	GTGGATTAGTAGTCGG-1	KRT18	1
M	ACGTGGCAGCTGAGGT-1	KLRD1	1
M	GCTTGCTTCCATAACG-1	KLRF1	1
M	CTGTTCGAGTAATCAG-1	NCAM1	1
M	GGAACTTCAGATTAAG-1	CD6	2
M	GCGGAAATCGAGCGCT-1	CD6	1
M	GAGAACGCAGCAACAG-1	SFTPC	3
M	GTTCAAGAGAACTCCT-1	SFTPC	1
M	GAATCTGTCGAGTGTT-1	ITK	6
M	TATCTGTCATCGTACA-1	ITK	1
M	TTATGTCCATTCCCGT-1	EOMES	1
M	CATTCATCAGCGCGTT-1	CD28	2
M	TGGTCAAGTGATCAGG-1	KIR2DL4	1
M	GGAGAACGTTCGGGAA-1	SH2D1B	1
M	AACTTGGTCGTCCCTA-1	CD8A	2
M	GGGTCTGTCGATGTAC-1	SKAP1	3
M	TGTACAGCACCACGAC-1	CD3G	1
M	TTGTTCAGTGTCTACA-1	BANK1	1
M	GGAGGATTCTAGCAAC-1	BANK1	4
M	GCAGATTGTCTGTGTA-1	CD79A	2
M	ACAGAAATCTCGCGTT-1	CD79A	1
M	GCGTAGCAGAAGCCGT-1	CDH1	2
M	GCTCCTACAAGTCTCA-1	KLRD1	2
M	AACCTTTTCGATGTAC-1	KLRF1	1
M	GTGCACGGTAACTCCA-1	CD4	2
M	CCGTGAGGTCAGGCTC-1	PRF1	1
M	GCTGTTCAGAGCTCCC-1	SH2D1B	2
M	CTTTGCGGTCCCTTTG-1	EBF1	4
M	TTGCAGACATCCCAAA-1	ITK	5
M	GACTAGTTCCACCTAC-1	TXK	1
M	TGGACATGTTGGTAAA-1	ZBTB46	4
M	CCACGTTGTCGAGGAT-1	MERTK	1
M	CTTGCCAGTGTCTACA-1	CD8A	1
M	GCCTACTCAGATACAA-1	SKAP1	1
M	ACTGTCCGTGTCTCGG-1	KLRD1	2
M	TGTGACATCGGCAATT-1	KLRF1	2
M	AAGATAGAGCCAGAAC-1	BANK1	13
M	AAGGAGCGTGAGGTCA-1	NCR1	1
M	AAAGATGCACAGAAGC-1	IRF8	1
M	TCAGTTTTCTGAAAGA-1	KLRD1	6
M	TGTACAGGTGGATTTC-1	KLRD1	1
M	GTAGTACCATGGCCTG-1	KLRF1	1
M	CCGTAGGCAAGGCTTT-1	NCAM1	1
M	TTGTTCATCGTATAGC-1	THEMIS	1
M	TCACTCGGTGCGCATC-1	TXK	9
M	CCGAAGCAGACCCTAT-1	EOMES	1
M	GTAATCGCAATGTAAG-1	NKG7	2
M	GGTTGCGTCTCTTAAC-1	COL1A1	1
M	TAGACTGAGCAATGTA-1	IRF8	1
M	TGGACATAGTTCTCCC-1	ITGAM	1
M	TTCATCATCTCCTTAA-1	ITGAM	2
M	TCAGTCCCATATAGAG-1	VWF	1
M	GCTCAGGCATCGTGAT-1	FCN1	1
M	ATGTACGTCTGGCGCA-1	THEMIS	1
M	GGCGAAATCCCATAGA-1	EPCAM	1
M	TAACGGTTCGTCTTAT-1	PECAM1	2
M	GACCCAGAGGTCTTTG-1	KLRF1	6
M	ACTACCCCAAACGACG-1	CD6	1
M	TGACAACCAAGACACG-1	EBF1	2
M	TGGACATAGTCGAGCA-1	ITK	1
M	GTGCCAGAGTTAGAGT-1	BANK1	1
M	GAGAACGCAGCAACAG-1	MERTK	1
M	GCTTTCGAGCATTCCA-1	EPCAM	1
M	GGGACCTGTATTCTTC-1	NKG7	3
M	TACGGATGTATGTCCA-1	CD79A	1
M	TCGCAGGAGCCTCGCA-1	PECAM1	1
M	ATCCTCGTCCGTTAGA-1	SKAP1	2
M	CCACGTTTCCATGTTT-1	NCAM1	4
M	GCACCTTCACTGTTAG-1	NCAM1	2
M	TGGTCCTAGTGAGCAC-1	MRC1	1
M	CAAAGCTAGTTCAGGG-1	LCK	1
M	GAGACTTGTCATTGCA-1	BANK1	4
M	ATCCTCGTCCGTTAGA-1	BANK1	4
M	GTGCTGGAGCTACGTT-1	BANK1	1
M	TAAGCCAGTGATGCGA-1	TXK	7
M	GACCGACGTATGCTAC-1	EOMES	1
M	TTGTTCAGTGGCGCTT-1	MERTK	1
M	TGGAAGGAGTGAAGGA-1	CD8A	1
M	TCAAGGTCATTGAACC-1	NCR1	1
M	TTGACGAGTTACCACA-1	CD79A	1
M	GCGCATGAGGGTTCTT-1	PECAM1	1
M	CCTTAATCAAAGGCCA-1	IRF8	3
M	TACAGCACACTAGGAG-1	KLRD1	2
M	GGAGTAGGTCATAGAA-1	VWF	2
M	TAGCTTTTCAGTCTTT-1	CD6	2
M	GGTACCGAGAGCGGTT-1	THEMIS	3
M	CATAACGAGCGAATAT-1	ITK	2
M	TTCATTGTCGGTTGTA-1	BANK1	1
M	CTGCTCACACCAAGGA-1	MERTK	1
M	TAATTCCTCACGATTG-1	PECAM1	1
M	TGCTATTAGTGCTGAG-1	FLT3	1
M	CACCACTGTTAGAGAT-1	CLEC9A	3
M	CCGTAGGCATAGTCCA-1	NCAM1	1
M	GGTGCTGTCGCCACTT-1	SH2D1B	2
M	CTCAGCTTCTCTTAAC-1	EBF1	1
M	CTGGGACCAACCTCCT-1	TXK	2
M	CGCTGGATCTGTGTGA-1	TXK	1
M	AGCCTGGGTTGAAGCG-1	EOMES	1
M	TGCCTGTGTACATGGG-1	CD28	1
M	TTTGGTTGTAGACACG-1	KIR2DL4	2
M	AACGGGAAGGGACGTT-1	CD79A	2
M	TTACCGCCACTAGGAG-1	FLT3	2
M	CACTAAGAGCTCCGGT-1	KLRC1	4
M	TAAGCCATCCGCGATG-1	MRC1	1
M	GGTACCGAGAGCGGTT-1	IL7R	1
M	CTCTCAGAGAAACGCC-1	TXK	7
M	GCTCCTACAGAGCCAA-1	EOMES	1
M	ACTAACGCACCCTTAC-1	SKAP1	1
M	ATGTCTTCATTGCCTC-1	SKAP1	1
M	ATAGTCGTCCGTACGG-1	VWF	1
M	TAATTCCGTCACTCTC-1	CD6	3
M	GCTCAGGAGCCATCAT-1	EOMES	3
M	TCAATTCAGTGCACAG-1	ZBTB46	1
M	CACAGATGTCAACAGG-1	KLRD1	6
M	ACTCGGGAGAGGTGGG-1	CSF1R	1
M	ACAATCGCAGTAAGCG-1	BANK1	8
M	TGATGCATCTCTTCTC-1	EPCAM	1
M	TTAACGGTCATCATGG-1	CD3D	1
M	GACCAATGTCATCGTA-1	CD3E	1
M	GAAACAAGTATCCCTC-1	NCAM1	3
M	TCAGGGCGTCCAAGTT-1	PRF1	2
M	GTAGGAGGTATCAGCT-1	MRC1	2
M	AGGCCCACAGGATAGC-1	BANK1	1
M	TCAGGTATCACCCTTG-1	EOMES	4
M	AATACGCAGGTGTCGA-1	MERTK	2
M	CACTGAACAAGCGACA-1	PECAM1	2
M	CTACAGAAGTGGACGT-1	PECAM1	1
M	GCGTTGGTCGGCATAT-1	IL7R	1
M	TAACGGTCAGTAGGCA-1	KLRD1	3
M	GGGTCTGCACTCAAGT-1	CLEC9A	1
M	GAGGCTCTCTGGCGCA-1	SH2D1B	1
M	AACTTGGTCGTCCCTA-1	CSF1R	1
M	TAAACCGTCGTTCAGA-1	CD8A	2
M	CCCTCTCAGCCCATTA-1	GNLY	1
M	ATGTACGCAATGGCTT-1	NKG7	1
M	GTCGTAAAGGCTCCTG-1	CD79A	1
M	GCGGGTTTCACTCCCA-1	CDH1	1
M	AACCAACTCGATGTAC-1	VWF	6
M	TGGTCCTGTGCGCATC-1	CD3E	1
M	GAGAACGAGTGAACCG-1	CD6	2
M	TCACTCGTCAGAGTGG-1	CSF1R	2
M	CTTTGCGGTATCACAC-1	VCAN	2
M	GCGGAAATCTCGCGTT-1	BANK1	11
M	GAGGATGGTGGACCAA-1	TXK	1
M	ACAAAGAAGGATTGAT-1	GNLY	1
M	CCGTGAGGTCAGGCTC-1	CD79A	1
M	ACCATCCAGATGTTCC-1	PECAM1	1
M	TGACAACAGTCGGGAT-1	CDH1	2
M	GTTCAAGAGTTATGAG-1	KLRF1	1
M	AGGCCCACAGGATAGC-1	CD5	1
M	CAGTATGGTACGTAGG-1	MRC1	2
M	AAAGATGCACAGAAGC-1	CD3E	1
M	ACTACGAGTAGTATCC-1	NCAM1	3
M	CTTAATCGTCCCGAGT-1	CD6	2
M	ACATGGTCAACACGGA-1	SH2D1B	2
M	TGATGCAAGACCAATA-1	ITK	2
M	ATTGTCTTCGCTCGGA-1	BANK1	1
M	TTAGGTGTCGCAAGCC-1	PECAM1	3
M	GGTGCTGGTTCCATCC-1	SKAP1	1
M	AGATTCGAGTGCACAG-1	NCAM1	1
M	TGCTATTCAAAGGCCA-1	ITK	1
M	CTGGGACCAACAAACA-1	BANK1	4
M	TTAGGTGGTCCGAGCT-1	NKG7	2
M	CGATGATTCCTTTGCG-1	CD79A	1
M	CATGCCTGTTCAGTTG-1	KLRD1	1
M	TTTGGTTAGACCCATT-1	PRF1	2
M	TGTGGCGCACATTCTT-1	CD160	1
M	AGATTCGAGTGCACAG-1	ITK	8
M	ATGTCTTAGAGCTGTG-1	BANK1	1
M	TAAGTGCCACTGTCAA-1	EOMES	2
M	GAAGTCTCAGTAACGG-1	ZBTB46	3
M	GAGGATGAGGCCTCGT-1	CD79A	1
M	AACATCGAGAGAACCC-1	SKAP1	1
M	GAAACAAGTTCTTATC-1	KLRD1	4
M	GTCTACCCAGGCACAA-1	VWF	2
M	ACGTTAGTCGGACGAA-1	CD5	1
M	CTAGGATCAAGTTGCT-1	LCK	1
M	GCTGTTCCATCCCAAA-1	ITK	6
M	TGAATCGGTGAATGTA-1	BANK1	2
M	GTGACATTCTCGTGAA-1	BANK1	3
M	GAGACTTGTGTTAGAA-1	TXK	3
M	GGGACCTGTATTCTTC-1	CD8A	1
M	GTAGGAGGTCCGTGCA-1	PECAM1	4
M	TCAGGTAAGTCGTATC-1	IRF8	1
M	CTCTAGCTCGGAGTTT-1	ITGAM	1
M	AGTGTACGTCATCGTA-1	DCN	1
M	TGACTCCGTAACCCAT-1	NCAM1	1
M	ATGTACGTCCTAGAGT-1	CD6	1
M	CCCTCTCAGCCCATTA-1	CSF1R	1
M	TAACGGTCAGTAGGCA-1	GNLY	2
M	TACCTATCATAGCCGC-1	MRC1	1
M	CCGTACTTCTTAATCC-1	VCAN	2
M	GCAGCTGTCACAACAC-1	VCAN	1
M	AACCGATGTGCGTTTA-1	EOMES	1
M	AACATCGAGCCTATAC-1	COL1A1	1
M	CTTAATCAGAAATGGG-1	SH2D1B	1
M	TGCATTTCAACTCAAC-1	ITK	7
M	ACCGAATAGTGATCTC-1	BANK1	3
M	TGCCTGTAGGTCTTTG-1	GNLY	2
M	TGTAGCAAGTCCCGCA-1	CDH1	1
M	CATTCCGAGATAGGTT-1	NCAM1	4
M	TTCGTTAAGACTAGCG-1	LCK	3
M	TACCTATAGACAGCTG-1	THEMIS	1
M	GTGCCAGTCGACTGGC-1	CSF1R	1
M	TGATTTCCAAGGGTAC-1	BANK1	3
M	ACGTTAGTCACTTACT-1	CD79A	1
M	TTGTTGTCAAGCGACA-1	CD79B	2
M	GTTCAAGAGTTATGAG-1	COL1A1	1
M	TGTAGCAAGTGATATG-1	KLRC1	3
M	GCGGAAATCTCGCGTT-1	CD5	2
M	CGCTGGATCACTCCCA-1	PAX5	1
M	GAGATTCCAACGTAGG-1	ZBTB46	1
M	ATGTACGGTCATAGCT-1	CDH1	1
M	ATTTGTCGTGCACTTA-1	KLRD1	3
M	GGGTGTCTCCTATCCG-1	KLRF1	1
M	AACCTTTTCGATGTAC-1	CD6	1
M	AAACGAAGTACTTCAG-1	LCK	1
M	AGCCTCTAGGAAGAAC-1	EBF1	1
M	CTCCCAAAGAGTCCGA-1	ITK	1
M	TACCTATGTATATGGA-1	ITK	8
M	TTGACGATCACCGCGA-1	BANK1	4
M	GCCAGACAGGTCTTGT-1	ZBTB46	1
M	ATGGATCCAATCACTG-1	MARCO	1
M	CACAACACAACGTAGG-1	NKG7	2
M	GGAGAACTCACTCCCA-1	LCK	1
M	CTGTATTAGATGCGAC-1	VCAN	2
M	GGAACTTTCGGAAAGC-1	ZBTB46	1
M	TACCTATGTATATGGA-1	CD28	4
M	TGATTTCCAAGGGTAC-1	CD79A	2
M	CGCTATCCACGACGAA-1	PECAM1	4
M	TAAACCGGTGCGTAGA-1	SKAP1	2
M	GGTACCGAGAGCGGTT-1	ITGAM	2
M	TCCGACTCAACGGGTA-1	NCAM1	1
M	AGGCGTCGTTAAGTCC-1	ITK	17
M	CGTGGCAAGGGTCCCT-1	NKG7	1
M	GCTCCTATCGTCGCAG-1	CD79A	2
M	GTCCATCAGTCCCGCA-1	PECAM1	1
M	GGGAACACAGTCCTGG-1	NCAM1	1
M	TAGCCCTGTATTCGCA-1	ITK	2
M	CCGTACTGTGCCGGTT-1	ITGAM	1
M	AAACGAAGTGGTGGTA-1	KLRD1	1
M	TAGCCCTCATTTGTTC-1	NCAM1	1
M	GAAGTGGGTCCCGAGT-1	CD5	1
M	CGGACCATCAATTCCT-1	PRF1	1
M	CATTCCGGTACGGAGT-1	MRC1	5
M	GAACGTTTCTCCTTAA-1	EBF1	1
M	ATGTACGTCTGGCGCA-1	ITK	5
M	GCCTAGGGTCGAGGTA-1	TXK	3
M	ACTGCGGCAGGCACAA-1	EOMES	1
M	GGTCATACATTACTCT-1	NCR1	3
M	GCTGTTCCATCCCAAA-1	NCR1	1
M	ACGTGGCAGACCATAA-1	KIR2DL4	3
M	CGCTATCGTCATAGCT-1	NKG7	1
M	CCAATGAAGGGTTCCC-1	CD79B	1
M	TTCAACTCAGGTAGCA-1	SKAP1	5
M	TGTACAGTCGCTCGGA-1	SKAP1	1
M	GGGTTATTCCACACCT-1	FLT3	2
M	TTTGCGCCAAGACTAA-1	LUM	1
M	TATGTGGTCGTTCTAT-1	KLRD1	12
M	GCCTAGGAGTACCTCA-1	ITK	5
M	TGCTCACCAGAACGAC-1	TXK	2
M	CCAATGACAGGTGGTA-1	NCR1	2
M	GGTGCTGCACAAACAA-1	NKG7	1
M	GATTGACGTGTCGTCG-1	KLRD1	1
M	TGCTATTGTCCTCAGG-1	VWF	2
M	CACATGATCGCCACTT-1	ZBTB46	1
M	AGGCCCACAGGATAGC-1	MERTK	1
M	AGCCTTCTCTCCTTAA-1	NCR1	1
M	GGCACGTCAAAGAGAG-1	PECAM1	1
M	GAACTTGTCTCCACTG-1	CD79B	1
M	AGCTGGCCACCGAAAG-1	CD79B	1
M	GAAGTGGAGGCTAAAT-1	VWF	5
M	TCGCAGGAGCCTCGCA-1	CD3D	1
M	TGCACCTCAGTCCTGG-1	NCAM1	2
M	GAGACTTGTGTTAGAA-1	MRC1	3
M	AAAGATGTCCAGTACA-1	MRC1	2
M	GCGTTGGTCCGTTTCG-1	LCK	4
M	GAGATTCCAACGTAGG-1	PAX5	1
M	GCTCGAGCATCGTACA-1	EBF1	1
M	TTCATTGGTTTCTCTA-1	EBF1	1
M	GAGATTCGTTCTACCC-1	ITK	4
M	ACAGCGCCAGTCAGCC-1	CD79A	3
M	GCCCAGACATAGACGG-1	SKAP1	1
M	CTTCTAAGTACGGAGT-1	SKAP1	1
M	TTACCCGGTCAGTGTT-1	THEMIS	2
M	TGCCTGTTCGGTCTCT-1	BANK1	4
M	GTCACAAAGTAGGTCG-1	TXK	4
M	CTTTGCGGTATCACAC-1	EOMES	3
M	CGCTATCCAACATAAG-1	MERTK	1
M	TCGTTCGCAGTTACAC-1	IRF8	1
M	CCTGCTACAAATGTCC-1	KLRF1	1
M	GAAACAAGTTCTTATC-1	PRF1	1
M	TGCATGAGTCTGCGCA-1	LCK	1
M	CTCTACGAGTCTCCAA-1	MERTK	1
M	TTACCCGCACTAGGAG-1	CD8A	1
M	CCGTGAGGTCCCGAGT-1	ITGAM	1
M	GGGACCTAGACTTGAA-1	KLRD1	12
M	CCCACATTCTGTGTGA-1	KLRF1	1
M	CGTTCCAGTTATCGAC-1	SH2D1B	2
M	AGCCAGCGTGCACATT-1	MERTK	1
M	TTCATTGTCGGTTGTA-1	CD8A	1
M	ATGTCGAAGACCCTAT-1	GNLY	1
M	GAGAACGTCCTGACCT-1	NKG7	2
M	ACTAGGTTCAGAACGG-1	NKG7	1
M	GAGATTCGTGATAGAT-1	PECAM1	1
M	GAGCATTTCCTGTGGG-1	CD68	2
M	CATAACGCATATAGAG-1	CD3E	1
M	TAGCGGCAGGGTTCTT-1	CD6	1
M	ACTAACGCACCCTTAC-1	CD6	1
M	CGATGATTCGATGTAC-1	ITK	5
M	AATGTCGGTGCACCCA-1	CD8A	1
M	TACGCCTGTTATCGAC-1	KIR2DL4	1
M	GCCCGAACATTGTGAC-1	KLRD1	3
M	TGCATGATCGCTTCAC-1	KLRD1	2
M	ATAGGCTGTGCAACAG-1	BANK1	1
M	TTAGGTGGTCCGAGCT-1	CD28	1
M	GCTCACTGTGTGCTTA-1	SKAP1	3
M	GCCCAGAGTTTCGACA-1	CD68	1
M	ATCCAGAGTTTCGTTT-1	VWF	3
M	AATACGCCAAAGACGC-1	PAX5	14
M	GAGGCTCGTCAGAAGC-1	EOMES	3
M	ACAAACCAGACTTCCA-1	MERTK	1
M	GACCAATGTATTCTGG-1	NCR1	1
M	ACTGTCCGTCACCCGA-1	CDH1	1
M	GCTGTTCCATCCCAAA-1	PRF1	8
M	TTGCCCAGTACTATGC-1	CD160	1
M	AAAGATGGTTCCTATT-1	PAX5	2
M	GTCACGGTCTCCACTG-1	THEMIS	3
M	CTCTACGAGTCTCCAA-1	ITK	7
M	GCTCGAGCACGTTACA-1	BANK1	5
M	CACGTTCAGTAACTCC-1	NCR1	1
M	CAATCCCCACCCTTAC-1	PECAM1	1
M	AGGCGTCTCCTTTGCG-1	IRF8	1
M	TGTGGCGCATTAGCCA-1	CDH1	1
M	TAAGTGCCACTGTCAA-1	KLRD1	4
M	ACCATCCAGAAAGGGT-1	KLRD1	7
M	GGGACCTGTATTCTTC-1	KLRF1	2
M	AGCCGCATCGTGGTAT-1	LCK	1
M	TTCAACTAGTTACCAC-1	EBF1	3
M	GGTTGCGTCCTATCCG-1	KIR2DL4	4
M	ACCCAAAAGCTGAATA-1	VWF	1
M	GATCATGGTATCTCAG-1	NCAM1	2
M	GGTAGGAGTGCACTTA-1	MRC1	1
M	AGTCAACTCCGGAAAG-1	ZBTB46	1
M	ACATGGTCAACACGGA-1	ZBTB46	1
M	AAATGAGCATCCTGGG-1	NKG7	1
M	TTGCTATCACGCTGTG-1	CDH1	1
M	TTGCGGGTCAATTCCT-1	KLRD1	3
M	CGATGATTCGATGTAC-1	CD3E	1
M	CGTACAACAATCAGGG-1	SH2D1B	1
M	GGTTGCGTCTCTTAAC-1	TXK	1
M	GTGTGATCAGTAACTC-1	KIR2DL4	1
M	CTCTCGATCCGCTCTA-1	CD79A	1
M	CAGTGCGTCACTTACT-1	SKAP1	1
M	GTGTCCTTCATTGCCC-1	IRF8	1
M	GTGGATTCAGTAACCT-1	KLRF1	1
M	TTCTGTACACTCCCAT-1	VWF	1
M	GGCGTTGAGAGCCACA-1	CD6	3
M	CCTTGGTTCGGTTCCT-1	SH2D1B	2
M	TACCTATGTTTAAGGA-1	ITK	5
M	TACAGCAGTCATCAAC-1	BANK1	3
M	GCTCACTAGATGCGAC-1	CD28	3
M	AACCTTTGTACGCAAG-1	CD8A	2
M	GCCCAGAGTGGTAGAC-1	KIR2DL4	2
M	ACATGCAAGACTCTTG-1	CDH1	1
M	GTTACTTTCTTAACGG-1	CD14	1
M	TCGTTCGCAGTTACAC-1	GNLY	2
M	GATCATGGTATCTCAG-1	GNLY	3
M	CGTAAACTCTCTTCTC-1	EBF1	1
M	TGACAACCATACCCGG-1	EBF1	5
M	AGATTCGAGTCATACC-1	ITK	1
M	AATGGCTTCGGGTCCA-1	GNLY	1
M	TGTTAGGGTCTGGTCG-1	CD79A	1
M	TCACAAGAGTAGCAAT-1	PECAM1	1
M	ATGTACGCAATGGCTT-1	SPI1	1
M	ATTGTGGGTACGGATG-1	PRF1	1
M	TGGGTTAAGATGGGTC-1	MRC1	2
M	CACTAAGCACGCGTTG-1	THEMIS	2
M	GCAGCCAGTTTCAGCA-1	ITK	1
M	TGCACCTAGACTCTTG-1	CD8A	5
M	CTGAATGAGCCTGTAT-1	CD8A	2
M	ACATGCAGTATTTGCG-1	NCR1	1
M	TGCCTGTTCGGTCTCT-1	NCR1	1
M	ATCGAGTCACACTAGT-1	IRF8	4
M	TCTCAGCGTGAGTAAT-1	LCK	2
M	GGTACCGAGAGCGGTT-1	EOMES	1
M	GGATGAGCAATCCATG-1	EOMES	1
M	ACCGGGTAGTCCGTGC-1	PECAM1	1
M	GTGTCCTCAAGATTAG-1	CD3E	1
M	TAGCTTTTCAGTCTTT-1	THEMIS	1
M	AAAGATGCAGATAAGT-1	THEMIS	1
M	CTCTACGTCTGATCCC-1	ITK	2
M	CTTGTCGAGCGTAGCA-1	TXK	1
M	CCGTGAGTCTACTTTG-1	VWF	1
M	CTAGGGCTCGAACCGC-1	MRC1	1
M	AGCGTATCACTAGCCG-1	TXK	2
M	CACTAAGCATCCGTAA-1	CD28	3
M	TGGAAGGAGACTTGAA-1	CD28	2
M	AGCGATTGTGCACCCA-1	PECAM1	1
M	TTGTTCAGTTCCGCGA-1	SKAP1	17
M	AGCTATGCAAGGATGC-1	MRC1	2
M	CTGGGACCAACCTCCT-1	VCAN	1
M	AAAGGATAGGATGTCG-1	GNLY	1
M	TTAGGTGTCTCAGATG-1	IRF8	1
M	GACTAACTCTTAGTGG-1	NCAM1	1
M	CATTCCGAGATAGGTT-1	CD160	3
M	AGTCCGGTCCGTTAGA-1	THEMIS	2
M	AGACAAAAGTGAAGGA-1	CSF1R	1
M	AATGTCGTCGCTTACC-1	TXK	1
M	AACGTACGTCAACTAC-1	TXK	1
M	CCAATGACAGGTGGTA-1	PECAM1	1
M	AGCGTGCAGTGTCACT-1	SKAP1	1
M	CCACGTTAGGCACTAG-1	IRF8	1
M	ACTAACGTCGAACACT-1	LYZ	1
M	GCTTGCTTCCATAACG-1	ITK	2
M	TCACAGACATCCTCGT-1	THEMIS	2
M	CCCACATAGTCTAGAA-1	MERTK	1
M	GTTACGATCAGATACC-1	SKAP1	4
M	CCCTCTCGTTGGTAAA-1	CD4	1
M	CTTCCAGAGACTAGGC-1	EPCAM	1
M	CCTGGGACAATGTAAG-1	SKAP1	1
M	GTCACAAAGTAGGTCG-1	ITGAM	1
M	GCAGCTGCACTCCCAT-1	LUM	1
M	GTCACAACAGGTCTGC-1	KLRF1	1
M	GCGTAGCCAATGACTC-1	LCK	5
M	TTCATCAGTACAAATG-1	BANK1	4
M	TAGGTCACATGGCCCA-1	DCN	2
M	AAACTCGTCGCATACA-1	THEMIS	3
M	ACCTGCTTCCAACGCG-1	CD14	1
M	CTAGCGGAGGGTAATT-1	TXK	2
M	CACCACTGTACAACGG-1	TXK	1
M	CTGGCAGCATGGGACA-1	PECAM1	2
M	GTAGGAGGTCCGTGCA-1	LUM	1
M	TGCCTGTGTACATGGG-1	KLRF1	2
M	CCCTAGTAGAGCTACG-1	SH2D1B	3
M	TATCGAGGTATTCTTC-1	SH2D1B	1
M	GCCTAGGAGTGGTGTG-1	THEMIS	2
M	AGCCTTCCAGAGAGAA-1	ITK	6
M	ATGTCGACAGGTGTGA-1	CD14	1
M	ATAGGCTAGTCAGCCC-1	BANK1	1
M	GATCGTAGTCTTAGCA-1	TXK	11
M	TTACCCGCACTAGGAG-1	KLRC1	1
M	GCTCCTAAGATATGAC-1	KLRD1	7
M	TTGCAGACATCCCAAA-1	CD3E	2
M	GGAATCTAGTCTGTGT-1	CD5	1
M	AGTTTGGCAAGACTAA-1	SH2D1B	1
M	ATCCTCGAGTGTCGGA-1	TXK	2
M	GTAGGAGGTCACTCTC-1	MERTK	3
M	GCACCTTCACTGTTAG-1	CD8A	2
M	CCTTAATCAAAGACGC-1	CD79A	1
M	TAGGAGGTCTGAGTAC-1	PECAM1	4
M	CGATGATTCGATGTAC-1	KLRD1	7
M	GGATAGGAGAAATTCG-1	KLRD1	1
M	CCTTAATGTTTAGGAA-1	SPI1	1
M	TGACAACAGTGTCCCG-1	CD160	1
M	GACCCAGAGGTCTTTG-1	ITK	5
M	ACCCAAAAGGTCTTGT-1	CD14	1
M	GGAGGATTCACAGGGA-1	MARCO	1
M	CTTGAAGGTAGCATGG-1	CD79A	1
M	CACTAAGAGCTCCGGT-1	IRF8	5
M	TCAGGGCGTGTACGCC-1	CD6	2
M	GCCTAGGCAAAGCATA-1	SH2D1B	2
M	GGAGAACAGACCATAA-1	THEMIS	1
M	CCGTACTCATTGTTCT-1	ZBTB46	1
M	GCGAGAACATAGCCGC-1	CD8A	1
M	GGTGTCGCACAAACAA-1	NKG7	2
M	GCTTGCTAGGAAGAAC-1	CD79A	2
M	CCGTACTCATTTCTTG-1	CDH1	1
M	TACTGCCCAGTAAGCG-1	KLRD1	5
M	GAGACTTCAGATTGTC-1	CD3D	1
M	CATTCATAGTGGTGTG-1	PRF1	3
M	CAGTGTATCAAGAGAT-1	EBF1	3
M	GGAACCCGTCAGAAAT-1	ITK	8
M	AACAAAGAGCCTGTAT-1	BANK1	3
M	ACATGCAGTTTCGATG-1	BANK1	2
M	TTGAGTGAGGTTCTCA-1	ZBTB46	1
M	TGGACATAGTTCTCCC-1	MERTK	2
M	CAGTGTACATTGAACC-1	EPCAM	2
M	TACTAGGCATTCACGA-1	CD79A	1
M	AACTGGTAGCACCATT-1	CD79A	1
M	TCACCACGTGGAAGCT-1	PECAM1	1
M	TGCTCACTCCGGGCAT-1	KLRF1	1
M	GCAGCCATCAGTAGTC-1	CD3E	1
M	GCGTAGCCAATGACTC-1	CD6	3
M	GGGAACACAGTCCTGG-1	MS4A1	1
M	CCAATGAAGACCATAA-1	CSF1R	1
M	CGGTGCACAAGTTCGT-1	BANK1	1
M	GTTATGGGTAAACGTA-1	ITGAM	2
M	TATCGAGTCCCGGGTA-1	PAX5	2
M	GCTGCGAAGACAGTGC-1	THEMIS	1
M	ACCTGCTTCCAACGCG-1	MERTK	1
M	GCGATTAGTAGAACGC-1	PECAM1	4
M	CGCAGGTGTCAATACC-1	CD6	1
M	GGAATCTCATGTGGGA-1	LCK	2
M	AACTGGTAGCACCATT-1	BANK1	2
M	GTTATGGGTAAACGTA-1	ZBTB46	1
M	GCCATAACATAGATAG-1	NCAM1	2
M	CATTCCGGTACGGAGT-1	PRF1	1
M	AGGCGAAGTGATCAGG-1	EBF1	2
M	CTTTGCGCATATTGGC-1	EBF1	1
M	AGGACGATCCACGAGC-1	TXK	5
M	CATTCCGCAACGTACT-1	EPCAM	1
M	GGTTGCGTCCTATCCG-1	PECAM1	3
M	AGCCCGAGTAGTCTGT-1	KLRD1	1
M	GATGGCCAGCTGATTC-1	NCAM1	2
M	GCAGATTTCCGCGATG-1	CSF1R	1
M	CTAACTTAGGAAACTT-1	CD79A	1
M	TCTATTGGTGGACAGT-1	KRT8	1
M	TAGGAGGTCATTCATC-1	NCAM1	1
M	CCTAAAGCATCGTACA-1	MS4A1	2
M	GCTTGCTAGTAGTCGG-1	EOMES	1
M	AGTCAACTCCGGAAAG-1	GNLY	4
M	ATAGGCTGTGCAACAG-1	PECAM1	2
M	CCTCCCTCATGGAGGT-1	SKAP1	1
M	TCAAGGTTCACAACAC-1	FLT3	1
M	GGATGAGCAGTAACGG-1	KRT18	1
M	GACCAATAGAGGTCCA-1	KLRF1	4
M	CAGCTGGTCGGGAATG-1	VWF	1
M	TGAATCGCATTACACG-1	LCK	3
M	CTTAATCCAACGCAAG-1	VCAN	1
M	TGGGTGCTCCGGCTGA-1	BANK1	2
M	TAACGGTGTCAGAAGC-1	KLRD1	14
M	CTTGCTGAGGTCGTTT-1	KLRD1	2
M	TTTGTGTCACACATGT-1	CD3D	3
M	ACAAGCTGTAACTCCA-1	TXK	4
M	CTGTATTTCAAGGCCC-1	EOMES	3
M	GCTGTTCCATCCCAAA-1	GNLY	1
M	GGAGGATGTCCCGAGT-1	MRC1	1
M	GGCATTAAGTAGTGTA-1	ITK	2
M	CACATGATCGTAGCGC-1	ITK	2
M	AGGACGATCCACGAGC-1	CD14	1
M	GCGTTGGTCGGCATAT-1	CD14	1
M	GGAGAACTCACTCCCA-1	EOMES	2
M	GGGACCTAGAACGTCG-1	CD28	1
M	GTAATCGAGTACGCGA-1	CD79A	2
M	GCATTGATCGATAGGG-1	IRF8	2
M	GACCAATGTATTCTGG-1	KLRD1	5
M	TTACCCGTCAGAACGG-1	KLRD1	1
M	AACATCGGTCTGGGAA-1	KLRF1	1
M	GTTGGTACATTATGGC-1	PAX5	1
M	CTACTTACAAGCCCTG-1	ITK	3
M	TAAGCCAGTGATGCGA-1	NKG7	1
M	GTGTCCTCAAGATTAG-1	FCN1	1
M	CGCAATATCGACTGGC-1	PAX5	1
M	TGCCTGTGTATTGTCG-1	THEMIS	2
M	CATGTTTCACGCGACT-1	THEMIS	1
M	TGCCTCAAGACGCCAA-1	TXK	4
M	AGCGATTCAGGGCTTC-1	TXK	1
M	GAAACAATCGCCAGAC-1	ZBTB46	1
M	TGGACATAGTCGAGCA-1	CD8A	3
M	AACCAACGTAACGGAC-1	GNLY	2
M	ATCCAGACACCTGAAT-1	KIR2DL4	2
M	ATGTTTCCATGTGAGG-1	PECAM1	1
M	ATCCTCGCATTACACG-1	PECAM1	2
M	GCGATTATCTCCCTTT-1	ITGAM	1
M	TGGAAGGAGACTTGAA-1	KLRD1	2
M	GGATGAGAGGTACATA-1	KLRD1	4
M	GCCCGAACATTGTGAC-1	NCAM1	2
M	CCTTGGTCACGACGAA-1	NCAM1	2
M	CGTTCCATCCGGAAAG-1	TXK	4
M	GGCGTTGGTTCTGAGT-1	CD8A	1
M	GCAACCGAGTTCGTTG-1	CD8A	2
M	GCTGAGCGTGCAAGCA-1	EPCAM	1
M	GTTATTCCAAGAAACT-1	NKG7	2
M	TCGAGCGCAAGGAACC-1	CD79B	1
M	AGGCGAATCGTATAGC-1	COL1A1	1
M	TGCATGAGTCTGCGCA-1	SKAP1	2
M	TAGCGGCGTAGGGTTG-1	SKAP1	1
M	TACCTCGTCATAGGTC-1	CD3E	1
M	TGGGTTAAGATGGGTC-1	PRF1	1
M	CTGGGACTCCATATCT-1	GNLY	1
M	GATCGTAGTCTTAGCA-1	KIR2DL4	2
M	GTACTTTTCGTCTTAT-1	CD79A	1
M	CTCTCAGAGCAGAATT-1	MRC1	1
M	ACGTGGCCACTGGGCT-1	CD28	1
M	CCTCCCTCACGCGTTG-1	CD8A	1
M	CGGTGCACAGCGTCGT-1	PECAM1	1
M	ACTGTCCGTGTCTCGG-1	PRF1	1
M	GGATGAGGTGCCCGAT-1	PRF1	1
M	ATGTTTCCAAGAAACT-1	ITK	4
M	TCGGGACCAATGGTAA-1	ZBTB46	5
M	TGCGTAAAGTCAGGAC-1	MARCO	1
M	ATTACTCGTGGACTGA-1	NCR1	1
M	TTCATCATCGCGCCAA-1	CLEC9A	1
M	TAGCATGTCCACCTAC-1	ITK	4
M	CTCTCAGAGAAACGCC-1	VCAN	1
M	CTTGCCAGTATTCTCT-1	BANK1	1
M	TACGCCTGTCAAACAA-1	TXK	1
M	CTCACCATCCACTAGA-1	EOMES	2
M	ACAGCGCTCCTTCGAC-1	EOMES	1
M	AAATGCCGTCATCGTA-1	ZBTB46	1
M	AATGCCAGTAGGTGAC-1	CD79B	1
M	GGGACCTTCAGGAATA-1	MRC1	2
M	AACCAACTCGGTCAGC-1	EOMES	1
M	TTACGTTCATGGTAAA-1	MERTK	2
M	TGATTTCCATTGTTCT-1	CD79A	1
M	TTACGGAAGCTCCATA-1	DCN	1
M	GGATGAGCAAGGAAGA-1	KLRD1	2
M	TGGCGCACACCCATCT-1	KLRF1	3
M	CCGTACTTCTTAATCC-1	EBF1	2
M	GCGAGTCAGAGACTCG-1	ITK	4
M	AACATCGTCCGGGCAT-1	EOMES	1
M	AAAGGATAGACACGGT-1	CD8A	1
M	TACATTCAGTCGTGAG-1	NKG7	1
M	TTCAACTCAGGTAGCA-1	ITGAM	1
M	ACGGATTGTAACTGAA-1	KLRD1	6
M	TCGATTTTCTGACATG-1	CD6	3
M	GCAGATTTCGATAGTC-1	MRC1	1
M	TTCAACTCATTACTCT-1	ITK	1
M	GTGCACGAGACGACTG-1	BANK1	10
M	CTCGCTAGTTGTGACT-1	TXK	1
M	CCACGTTAGGCACTAG-1	SKAP1	1
M	AAACGAATCTAGCTGA-1	SKAP1	1
M	TTAACGGGTTCCCGGA-1	FLT3	1
M	TCAGGTATCACCCTTG-1	KLRF1	2
M	GAAACAAGTATCCCTC-1	KLRF1	1
M	TTGTCTACATCCTGGG-1	VWF	3
M	CGGTGCACAAGTTCGT-1	CD6	1
M	GCGCCAACATGATCGT-1	MS4A1	1
M	ACAAACCAGTGTCCCG-1	PRF1	1
M	AATACGCTCAAGTTGC-1	PAX5	1
M	GATTAGCGTGCGACCT-1	ITK	6
M	GATCGTAAGGGAAGCG-1	NCR1	1
M	AGCCTTCGTAAACGTA-1	KLRD1	4
M	TCAGTCCCATATAGAG-1	KLRF1	1
M	GTGTCAATCCGGCTGA-1	CD3D	2
M	GTCACAACACGCTGTG-1	CD6	1
M	TAACGGTTCGTCTTAT-1	PRF1	1
M	TGGCGCACACCCTTTG-1	LCK	1
M	GTAGTACCATGGCCTG-1	LCK	1
M	CGGACCAGTTTCAGCA-1	VCAN	1
M	ATAGGCTAGCGATACG-1	GNLY	1
M	ACTAGGTTCAGAACGG-1	EPCAM	1
M	AAGATAGAGCCAGAAC-1	NCAM1	10
M	TGATTTCAGGAGTACC-1	NCAM1	1
M	TTACGTTCATGGTAAA-1	ITK	7
M	AGTGCGCTCATAGGTC-1	IL7R	1
M	ACAAGCTCAAATGCTC-1	BANK1	1
M	TTCAACTCAAGCGAAC-1	BANK1	3
M	TTGTTCAGTGTCTACA-1	TXK	1
M	GCTTAAGGTCCGAGCT-1	EPCAM	1
M	GTGTCCTTCGAACACT-1	CD4	1
M	CCTGCTACAAGCAATA-1	NCR1	1
M	TAGGTCACATGGCCCA-1	KIR2DL4	1
M	GGTTGCGAGGCCTCTG-1	PECAM1	2
M	AGGCGTCCAACGGGTA-1	COL1A1	1
M	CCATACCGTGGCATAG-1	CDH1	3
M	AAATGAGCATCCTGGG-1	KLRD1	7
M	TCACCTGAGTAGTCGG-1	CD3E	1
M	ATGCATGAGCTCGTTA-1	NCAM1	4
M	GGGCCATCAGTAACCT-1	SH2D1B	2
M	CCCAGAGTCCCAGCGA-1	SH2D1B	1
M	TATCGAGTCCCGGGTA-1	THEMIS	4
M	TGCCTGTAGGTCTTTG-1	TXK	1
M	GCGTTGGTCGGCATAT-1	MERTK	4
M	CTGGGACCACTGTTAG-1	SKAP1	7
M	CCGTGAGAGGTCTTGT-1	IRF8	1
M	GCCCGAAAGACCATAA-1	MRC1	2
M	AACCTGACACATCATG-1	IL7R	3
M	CATGCCTGTTCAGTTG-1	BANK1	3
M	TTCGGTCTCGCTACCT-1	TXK	4
M	GTCACTCAGAAATGGG-1	CD79A	2
M	CTGTATTAGATGCGAC-1	CD5	1
M	ATAGGCTAGCCATTCA-1	CD6	1
M	GCCCAGATCAGGTTTG-1	CD6	1
M	TGACTCCAGGAAGGTA-1	TXK	4
M	TACGGATCACCAAGGA-1	SKAP1	2
M	AAAGGGCCAACTCGAT-1	SKAP1	1
M	TAGCCGGAGTGTCACT-1	KRT18	1
M	TCACTCGTCAGAGTGG-1	KLRD1	2
M	GTCTACCCAGTCAGAG-1	VWF	4
M	TGCCTGTTCGGTCTCT-1	ITK	2
M	TGATTTCAGGAGTACC-1	VCAN	2
M	GTAGTACCATGGCCTG-1	TXK	1
M	GCTGTTCCATCCCAAA-1	PECAM1	1
M	CGCAATACATTATGGC-1	ZBTB46	1
M	TGTGGCGCAAGGAACC-1	KIR2DL4	3
M	GCTCACTAGATGCGAC-1	COL1A1	1
M	TTCATCAGTACAAATG-1	VWF	1
M	GTCACAAAGTAGGTCG-1	PRF1	1
M	ACATGCAGTATTTGCG-1	EBF1	3
M	CATAACGCATATAGAG-1	ITK	5
M	AGCTGATAGGCGATTG-1	TXK	1
M	AGGCGTCGTTAAGTCC-1	TXK	5
M	GCGGAAATCGAGCGCT-1	TXK	1
M	TCAGGTACATTGCACA-1	CD79B	1
M	GAACGTTGTTAGGAGC-1	COL1A1	1
M	GCTCCTACAAGTCTCA-1	IRF8	2
M	TAAGCCATCTTTGCAT-1	FLT3	1
M	TGTTAGGGTCTGGTCG-1	CLEC9A	1
M	CGTTCCATCCGGAAAG-1	NCAM1	1
M	TCAAGACAGTCCGGAA-1	CD6	1
M	ACTACGACAGGGTACA-1	PRF1	1
M	GAAAGTAGTAAACGGC-1	IL7R	10
M	GCCTACTGTCGTAGTT-1	ITGAM	2
M	TGATTTCTCCTCTCTT-1	FLT3	3
M	AGCTGTAGTTATGCAC-1	LYZ	1
M	TCACAAGGTCTGCACG-1	VWF	1
M	GCTCACTGTGCTTGAT-1	CD5	1
M	ACTCGGGAGGCTTCGC-1	PRF1	2
M	GCCCGAAGTTCCATCC-1	THEMIS	1
M	ACGGATTCAGGAGCAT-1	THEMIS	1
M	AGCGATTCAGGGCTTC-1	BANK1	1
M	ACTGTCCGTCACCCGA-1	NCR1	2
M	AGCTGTAGTTATGCAC-1	CDH1	1
M	TGGCCTTGTTTGCATG-1	ITGAM	1
M	TTGTCTACACTGAAGG-1	NCAM1	1
M	TTTGAGGGTTGGCTTA-1	CSF1R	1
M	CTTCTAAGTGTCCAGC-1	TXK	2
M	AGTGTACTCTTAACGG-1	EBF1	1
M	GTGATCATCGGGAATG-1	BANK1	2
M	TTAGCTTAGGTACTCT-1	SKAP1	1
M	TATCTGTCATCGTACA-1	IRF8	2
M	GGATGAGAGGTGTTGG-1	CD3G	1
M	AGCTATGCACGTGAAG-1	NCAM1	1
M	GGGACCTTCATAGGTC-1	SFTPC	1
M	TACTAGGTCTTACTCA-1	ITK	1
M	CCTGGGACACTAGCCG-1	NCR1	2
M	CCATACCGTGATTCCA-1	SKAP1	1
M	GTTACGATCGCAAACT-1	SKAP1	1
M	GCGGTGTGTGTCCAGC-1	KLRD1	1
M	TCCCACATCGCCTTAC-1	NCAM1	2
M	TTGTTCAGTTCCGCGA-1	NCAM1	1
M	CAGTGTACATTGAACC-1	LCK	1
M	GAACTTGTCTCCACTG-1	PAX5	1
M	TCAGTTTTCTGAAAGA-1	EOMES	1
M	GTGCCAGTCGACTGGC-1	CDH1	1
M	GTGCTGGGTCATAGCT-1	KLRD1	4
M	ACCCAAAAGGTCTTGT-1	PRF1	3
M	TGCTCGTCAAGGCTTT-1	ITK	4
M	AGTGCGCCACAATAAG-1	CD14	3
M	GAGGTCCAGTCCGGAA-1	VCAN	1
M	GAATCTGCAGTAAGCG-1	NKG7	1
M	ATTACTCCACCCTTAC-1	KLRC1	1
M	GTGTCCTGTCTGGGCT-1	CD3D	1
M	CAGCTGGGTCGCTAGC-1	PRF1	2
M	AAACTCGTCGCATACA-1	PAX5	1
M	TGGCCTTAGCCCATTA-1	SFTPC	1
M	GCTCGAGCACGTTACA-1	ITK	6
M	TTAACGGTCACAAGCT-1	BANK1	2
M	ACGGATTTCGATAGGG-1	EOMES	1
M	ACCCAAAAGCGGACAT-1	KIR2DL4	2
M	TTAGCGAAGTAGCAAT-1	IRF8	1
M	CGCAATAGTGCTTGAT-1	KLRF1	1
M	CCCTAACGTCAAATCC-1	CD5	1
M	CTAGGGCTCTTGGCCT-1	TXK	2
M	TATCTGTAGTCTGTGT-1	SKAP1	1
M	ATGTTTCCAAGAAACT-1	IRF8	2
M	CTGTATTAGTGATTAG-1	THEMIS	1
M	ACAAAGAAGTCGACCC-1	ITK	2
M	CCACGTTGTCGAGGAT-1	BANK1	1
M	TCGCAGGAGCCTCGCA-1	EOMES	3
M	TGATCAGAGAGCAGCT-1	NCR1	1
M	CCCACATAGAGCTCCC-1	PECAM1	1
M	TAGGTGTGTGACGCAA-1	PECAM1	1
M	GCTGAGCGTGCAAGCA-1	EBF1	2
M	GCCCGAATCAGTGTGT-1	ITK	3
M	GAGCATTCAGGCATCC-1	TXK	1
M	GTCACCTAGGTCTTGT-1	CD8A	1
M	GCAGCCATCAGTAGTC-1	THEMIS	3
M	TCCAGAATCCATCGAA-1	THEMIS	4
M	TAATTCCTCACGATTG-1	EOMES	1
M	AAAGGATTCCAGTACA-1	GNLY	2
M	GAGACTTCAGATTGTC-1	KIR2DL4	3
M	GAGGCTCGTCAGAAGC-1	NKG7	1
M	TTCGGTCAGAGAGTTT-1	PECAM1	1
M	CAGCTAATCGCGCTGA-1	KLRD1	4
M	AGCCTTCCAGCGTAGA-1	KLRF1	3
M	ATCCAGAGTATCTAGC-1	PRF1	1
M	AATACGCGTCTCGGGT-1	PRF1	1
M	TGATGCAGTCGCGCTA-1	VCAN	1
M	TTTGCGCCAGATACAA-1	GNLY	2
M	CCGTAGGCAAGGCTTT-1	CD79A	2
M	CTCTACGTCTGATCCC-1	PECAM1	1
M	ATTCGTTCAACTCGTA-1	KLRD1	2
M	GTGCTGGAGCTACGTT-1	VWF	2
M	CACAGATAGGGTCTGA-1	PRF1	1
M	GTGTCAACAGTAGGCA-1	PRF1	1
M	GACCCAGGTACGTATC-1	PAX5	2
M	GGTGCTGTCGCCACTT-1	VCAN	1
M	ACTGTCCTCCTCATTA-1	BANK1	2
M	GTCACGGCATTCACCC-1	KIR2DL4	2
M	GCATGATAGACGAAAG-1	CD79B	1
M	CATTCCGAGATAGGTT-1	LUM	1
M	TTCATCACACACACCG-1	KLRF1	1
M	AACATCGTCCGGGCAT-1	CD3D	2
M	AGCGATTGTAACGGCA-1	BANK1	1
M	CAGTATGAGAGCCACA-1	NCR1	1
M	AATACGCGTCTCGGGT-1	KIR2DL4	1
M	TAGGTCACATGGCCCA-1	PECAM1	2
M	TGTACAGTCAGCCGAC-1	ITK	2
M	GAACCGCGTACGGATG-1	BANK1	2
M	TTCATTGTCGGTTGTA-1	MERTK	3
M	GTGCCAGTCGACTGGC-1	NCR1	2
M	GCTGAGCAGTCGAGCA-1	PECAM1	1
M	TCAATTCAGTGCACAG-1	PECAM1	1
M	CCTGGGACACTAGCCG-1	KLRC1	1
M	CCTCCCTCACGCGTTG-1	PRF1	3
M	CGATGATTCTATCTTG-1	SH2D1B	1
M	ACAATCGTCTATGAGC-1	IL7R	3
M	CCCACATTCTGTGTGA-1	TXK	3
M	AATGGCTGTGTCGTGC-1	TXK	1
M	ACTACGAGTAGTATCC-1	NCR1	2
M	ACATGGTAGTCAGCCC-1	NKG7	2
M	CGATGATTCGATGTAC-1	PECAM1	1
M	GTCACTCAGTCTTAGC-1	COL1A1	1
M	TGCCTGTTCGGTCTCT-1	IRF8	3
M	TTAGGTGTCGCGATGC-1	KRT8	1
M	CATGTTTTCAGGAATA-1	KLRD1	1
M	CAACGTAAGGGCGAAG-1	CD4	1
M	AGCTGTACATGTAGAA-1	LCK	1
M	TGTAGCAAGTGATATG-1	PAX5	1
M	GTGGATTGTTCCCTTG-1	THEMIS	1
M	TCAGTCCTCTTCCGTG-1	BANK1	2
M	TCAATTCTCAGAACGG-1	TXK	1
M	AAAGGGCCAACTCGAT-1	PECAM1	3
M	GAAACAAGTTCTTATC-1	SKAP1	4
M	AGTTTGGCAAGACTAA-1	IRF8	2
M	TAAACCGTCGTTCAGA-1	FLT3	2
M	GGGTCTGCACTCAAGT-1	KLRC1	1
M	CTCTACGCACGCTCAG-1	NCAM1	6
M	CTGCGTTGTGCGCTCA-1	MERTK	1
M	TTCGGTCTCACTTACT-1	NKG7	2
M	GCCCGAACATTGTGAC-1	NKG7	1
M	CAGCTAAAGGAAGGTA-1	SKAP1	1
M	TAGGTCACATGGCCCA-1	PAX5	2
M	TCGATTTCATATTGGC-1	CD14	2
M	GTAGGAGGTATCAGCT-1	MERTK	1
M	ACTTCCGTCAAGGCCC-1	SKAP1	1
M	CACCTTGTCGTGAACT-1	KLRD1	3
M	TGACAACAGTGTCCCG-1	NCAM1	1
M	CCCGTTATCGAGGTAG-1	ITK	5
M	TACAGCACACTAGGAG-1	IL7R	1
M	TGGCAATGTTCATTTC-1	BANK1	2
M	TTTGTGTCATTACTCT-1	CD28	1
M	TGTGACATCGGCAATT-1	NKG7	1
M	TACAGCATCGCCTTAC-1	KLRF1	1
M	TAGTCCCAGGACTAGC-1	MRC1	2
M	ACCCAAAGTTAGAGAT-1	THEMIS	1
M	AACGAGGAGTCTCGAT-1	VCAN	2
M	TGTAGCAAGCGTCTGC-1	BANK1	1
M	GAGGTCCAGTCCGGAA-1	TXK	6
M	TCACTCGCACTGAAGG-1	ZBTB46	2
M	AAAGGATTCACATTCT-1	GNLY	2
M	CGCTATCCAACATAAG-1	CD79A	2
M	GTAGGAGCAGGTTATC-1	VWF	1
M	AGGCGTCGTTAAGTCC-1	CD6	1
M	TGTACAGGTTTGCGAT-1	SFTPC	1
M	GGATGAGCAATCCATG-1	BANK1	1
M	AGTTACGAGTCCTTCC-1	TXK	1
M	GTAGACTTCTCTCAAT-1	ZBTB46	7
M	GCTTGCTGTGTGTGCC-1	CD8A	4
M	GGAATCTCATGTGGGA-1	EPCAM	1
M	CCTTGGTTCAGTGGTT-1	NKG7	2
M	TATCTGTCATCGTACA-1	CDH1	1
M	CCCGTTAGTGCTGTGC-1	DCN	1
M	AATGTCGGTCAGACGA-1	KLRC1	1
M	TCAAGGTAGAACAGGA-1	KLRF1	1
M	GAACCGCAGGCCAGTA-1	VWF	1
M	GGGCCATGTGCCCTAG-1	PAX5	2
M	TTTGAGGGTCAGGTGA-1	VCAN	1
M	CCCTCTCAGCCCATTA-1	TXK	1
M	AGATAGAGTTGCTTGA-1	GNLY	2
M	AAACGAAAGCGGACAT-1	CD79A	1
M	AAAGGATTCCAGTACA-1	SH2D1B	4
M	GGTCATAAGAAATTCG-1	ITK	1
M	GGGACCTAGCTGATTC-1	ITK	1
M	TTAGGTGTCTCCAACC-1	TXK	6
M	TGCCTGTTCGGTCTCT-1	NKG7	2
M	CCCACATAGTCTAGAA-1	KRT8	2
M	AACCGATGTGCGTTTA-1	CD3E	1
M	CCAATGACAGGTGGTA-1	SPI1	1
M	GAGATTCTCTGGCGCA-1	LCK	1
M	GGTACCGAGAGCGGTT-1	ITK	2
M	GACCAATTCCACCTAC-1	CD14	1
M	TTTGGTTGTAGACACG-1	BANK1	1
M	TTCAACTCAACTCGAT-1	CD79A	3
M	TCCATCGCACATTGCA-1	COL1A1	1
M	TAGCACAGTCGCGCTA-1	SKAP1	1
M	TGATTTCAGGAGTACC-1	CD3D	1
M	AACCAACTCGATGTAC-1	SH2D1B	1
M	CTTGCCAGTGTCTACA-1	LCK	1
M	GGTCATAGTGGCCTTG-1	LCK	4
M	GTAATCGCAATGTAAG-1	CD8A	1
M	TGCATGAAGTAACTCC-1	SKAP1	1
M	CTCTCAGAGCAGAATT-1	KLRD1	6
M	TTCGGTCTCTTTATCG-1	KLRF1	3
M	TTACTTGAGGATATCA-1	KLRF1	1
M	CTACAGAAGTGGACGT-1	CD3E	1
M	GCGTTGGTCGGCATAT-1	THEMIS	2
M	GTTATTCCAAGAAACT-1	ITK	1
M	TTCGGTCTCGCTACCT-1	MERTK	1
M	GAGAACGAGTGAACCG-1	CD8A	2
M	GTGTCCTCAAGATTAG-1	CD79A	3
M	AACTGTGAGCATTGGG-1	PECAM1	1
M	GCTCCTATCGTCGCAG-1	COL1A1	2
M	GCCAGACAGGTCTTGT-1	IRF8	1
M	AACCGATGTGCGTTTA-1	LCK	2
M	AACCAACCATTAACGC-1	PAX5	3
M	AGTGCCGGTACGTAGG-1	BANK1	1
M	TATGTTCCAATTAGGA-1	GNLY	1
M	GTCGTAAGTGCTGAAG-1	CD79A	3
M	CAAGCTAAGGCAGTAC-1	CD79A	3
M	GCCAGACTCACTAGGT-1	COL1A1	1
M	TAATTCCCATCAACTG-1	PRF1	1
M	TTCATCAAGGTCCTCG-1	MRC1	1
M	TGGCGCAAGCTGAGGT-1	ITK	2
M	GCGCCAACAAGTAACA-1	ITK	2
M	TTCATCAGTTTGAAGA-1	TXK	1
M	ACAAGCTCAAATGCTC-1	KLRD1	7
M	AGGCCTGTCAGCACGC-1	CD3E	1
M	AGCGTGCAGACAGTGC-1	MRC1	2
M	CAAGAAATCCATATCT-1	PAX5	1
M	ACAGCGCTCCTTCGAC-1	CSF1R	3
M	CCGTACTGTCCAGACC-1	BANK1	2
M	GCCCGAAAGACCATAA-1	TXK	1
M	TCAGTCCAGGGAAGCG-1	KLRD1	4
M	TACTCGCTCACTCGGG-1	KLRF1	5
M	GCCCAGAGTCCCTAAA-1	KLRF1	1
M	CATTCATGTATGGATA-1	NCAM1	3
M	TGGACATGTTGGTAAA-1	THEMIS	1
M	TTGCTATAGACACAAT-1	CD14	1
M	CACTAAGCATCCGTAA-1	IL7R	5
M	GCGTTGGTCCGTTTCG-1	MERTK	1
M	TCAGTTTAGCTGAGGT-1	PECAM1	1
M	TTGCACCCAGGGTAAC-1	KLRF1	1
M	TTGAGTGAGGTTCTCA-1	CD6	1
M	ACCTGCTCACAGAAGC-1	ITK	6
M	GAATCTGTCGAGTGTT-1	CD14	2
M	GCTCAGGAGCCATCAT-1	MERTK	1
M	GTCACTCGTGGATTTC-1	EPCAM	1
M	CATGCCTGTTCAGTTG-1	CDH1	1
M	AGTCCGGTCCTAGAGT-1	KLRD1	6
M	GGGACCTAGACTTGAA-1	CLEC9A	1
M	GCGGTGTGTAGTGATA-1	CD6	3
M	GGAGGATTCTAGCAAC-1	PRF1	7
M	TAGGAGGTCATTCATC-1	IL7R	1
M	AGCTGTACATGTAGAA-1	EOMES	1
M	CTTGCTGCAAAGCTTC-1	CD79A	2
M	ACTGTCCGTCACCCGA-1	KLRD1	9
M	CCTTAATGTTTAGGAA-1	PAX5	1
M	GTAGGAGCAAACTACC-1	ITK	3
M	AGACAAAAGTGAAGGA-1	TXK	1
M	CTCTCAGAGCAGAATT-1	GNLY	1
M	GGAACTTAGTCTTAGC-1	CD68	1
M	ACCGGGTGTCAAGACG-1	NCAM1	6
M	CCCGTTAGTGCTGTGC-1	FCN1	2
M	TTCGGTCAGTTCGTTG-1	SFTPC	1
M	ACATGCATCTACATCT-1	THEMIS	2
M	AGGACGAGTGGAGTGT-1	EBF1	1
M	GCGTAGCCAATGACTC-1	ITK	7
M	GAGCATTTCAGGAATA-1	BANK1	2
M	TATGTTCCAAGCAACG-1	BANK1	11
M	TTCTGTAAGACCCATT-1	TXK	1
M	CGTTCCAGTTATCGAC-1	KLRD1	5
M	AGTTACGGTGGACCAA-1	NCAM1	1
M	GATCGTAGTCTTAGCA-1	SH2D1B	3
M	GGTTGCGTCCTATCCG-1	LCK	10
M	TTGCCCAGTCAACGGA-1	LCK	1
M	GAGCATTTCTAAACGC-1	PAX5	1
M	CACCACTGTACAACGG-1	THEMIS	2
M	TTACGTTCAGCAACAG-1	EBF1	1
M	AACCAACCAATGGTAA-1	EBF1	2
M	TTGCCCAGTACTATGC-1	EOMES	3
M	TAGACTGAGCAATGTA-1	NCAM1	4
M	GGATGAGTCACCCTTG-1	CD5	1
M	CGTTCCATCGATAGCT-1	PRF1	4
M	CTAGGGCTCGAACCGC-1	SH2D1B	1
M	GACCAATTCACGGGTC-1	THEMIS	2
M	ACAGAAAAGAACTCCT-1	BANK1	3
M	TATGTTCTCGGTTCCT-1	MERTK	1
M	GATCATGCAGTATCTG-1	NCR1	1
M	TGATGCATCAAACCCA-1	SKAP1	6
M	GACCAATGTATTCTGG-1	SKAP1	2
M	GTGTCCTTCGAACACT-1	SH2D1B	4
M	GGTGTCGAGACAACGC-1	EBF1	1
M	CTTCCAGCAAGCCTTA-1	EBF1	5
M	GAGGTCCAGTCCGGAA-1	CD79A	1
M	CTAGCGGCAGCAACCC-1	CD6	1
M	GAAGTCTCAGTAACGG-1	SFTPC	1
M	TTACCCGTCAGAACGG-1	EBF1	1
M	AGATTCGTCTTCCGTG-1	EOMES	2
M	CGCTGGAAGGCGTCCT-1	EPCAM	2
M	GCGAGTCGTGCATTGT-1	SKAP1	1
M	GACCCAGAGATTACGA-1	IRF8	1
M	AACCTGACACATCATG-1	LCK	1
M	ACTACGATCCTGACCT-1	ITK	2
M	TTGTTCAGTGGCGCTT-1	CSF1R	1
M	ACCGCAGGTCTGGGCT-1	BANK1	1
M	GTGCTGGAGATCACCT-1	KIR2DL4	2
M	GCATTGAGTGGACAGT-1	SKAP1	1
M	TCTAGTTTCAGTGTAC-1	PRF1	1
M	TCGCCTAAGAATGCTA-1	BANK1	2
M	CTCCCAAAGAAGCCGT-1	BANK1	2
M	TGGACATAGTTCTCCC-1	CD79A	1
M	CCCTCTCGTTGGTAAA-1	SKAP1	5
M	AGGCCTGAGTCAGGAC-1	VWF	1
M	GCCTAGGTCTGGCACG-1	SH2D1B	3
M	GAGGCTCAGCTCCGGT-1	TXK	2
M	AACGTACCAAACGACG-1	EOMES	1
M	GGAGGATTCTAGCAAC-1	NKG7	2
M	GATTAGCGTTGCAGAG-1	KLRD1	4
M	GTAGTACTCGTGCTGG-1	VWF	1
M	CACCACTAGCACACCC-1	CD3G	1
M	ATTCGTTCAAGAGATT-1	SH2D1B	6
M	GCTTAAGTCGCATACA-1	LCK	1
M	TTACCGCCACTAGGAG-1	PAX5	4
M	AGCGATTGTAACGGCA-1	EBF1	2
M	TATGTGGAGTAACTCC-1	EBF1	2
M	ACTAACGTCGAACACT-1	EBF1	1
M	GCAACCGTCCTCCCAA-1	LYZ	1
M	CCCGTTACATTTAGGC-1	NCAM1	2
M	CAACGTAAGGGCGAAG-1	MS4A1	1
M	ACCGGGTGTCAAGACG-1	ITK	4
M	CCCTCTCGTTGGTAAA-1	CD28	5
M	TGGTCAAAGTTGGAAT-1	CD28	1
M	CATTCCGGTACGGAGT-1	NCR1	2
M	CAACGGCAGTGAACCG-1	PECAM1	2
M	CTACTTACAAGCCCTG-1	SKAP1	4
M	GAAGTGGAGGCTAAAT-1	CD68	1
M	CAGCCTTAGGCACTAG-1	IRF8	1
M	TAAGCCATCCGCGATG-1	CD4	1
M	GGTACCGAGAGCGGTT-1	CD6	1
M	TAAGTGCCACAGTTAC-1	LCK	1
M	GTCGTAAGTGCTGAAG-1	LCK	1
M	TTAACGGGTTCCCGGA-1	TXK	2
M	GTGCTGGGTCATAGCT-1	KIR2DL4	1
M	TGAATCGAGGCAGTGT-1	NKG7	2
M	CCGTACTCATTGTTCT-1	CDH1	1
M	TTTGGTTGTAGACACG-1	ITK	5
M	CGCAATATCCCACTTG-1	ITK	7
M	AAAGGGCCAAGACACG-1	IL7R	6
M	AAATGAGAGTGCTGAG-1	BANK1	1
M	GCACCTTCACTGTTAG-1	CD28	1
M	CCACGTTTCTTTATCG-1	NKG7	1
M	GTAATCGAGTACGCGA-1	IRF8	1
M	CTTTGCGGTCATAGAA-1	VWF	3
M	GCAGATTTCTGGCACG-1	NCAM1	1
M	GTGGCGTTCTTCCAGC-1	PRF1	1
M	GCCCAGAGTCCCTAAA-1	LCK	1
M	ATATTCCGTTTGCCCT-1	EBF1	13
M	TGACTCCAGGAAGGTA-1	IL7R	5
M	TCAGGGCCATGGCCCA-1	BANK1	2
M	TGTACAGCACCACGAC-1	CD28	2
M	TAACGGTTCGTCTTAT-1	NCR1	1
M	GTAGGAGGTATCAGCT-1	CD4	1
M	TATGTTCTCTATACCT-1	IL7R	4
M	CCCACATAGAGCTCCC-1	IL7R	1
M	ACTACGAGTGAGAGTC-1	TXK	1
M	AGTGCGCCACAATAAG-1	CDH1	2
M	TGATTTCTCCTCTCTT-1	EBF1	1
M	GGGAACACAGTCAGCC-1	EBF1	4
M	TGCTATTGTAAAGGCC-1	ITK	3
M	TGGGTTAGTACGACCC-1	EOMES	1
M	TAGCACATCTGAGTCA-1	EOMES	1
M	TGCTCACTCTCGGCGA-1	MERTK	2
M	GATCATGGTATCTCAG-1	KIR2DL4	1
M	AGGACGAGTCAAGACG-1	SKAP1	4
M	AGTGTACTCTTAACGG-1	SKAP1	1
M	TGCTTTATCTCGCGGA-1	VWF	4
M	AGCTGGCAGAAATACC-1	PRF1	1
M	GTAATCGAGTACGCGA-1	SH2D1B	1
M	GAGCATTCAGTTAAAG-1	EBF1	2
M	GAGGTCCGTCAGGTGA-1	TXK	2
M	GCATTGATCGATAGGG-1	KRT18	2
M	CCATACCAGGCAGTAC-1	KLRF1	1
M	GACCCAGAGGTCTTTG-1	SH2D1B	6
M	GGCGTTGAGAGCCACA-1	LCK	2
M	TGATTTCTCCTCTCTT-1	PAX5	1
M	AGTTTGGGTGGACAGT-1	SFTPC	1
M	CGCTATCGTAAGCCTT-1	THEMIS	1
M	TGGCCTTGTTTGCATG-1	CD79A	2
M	GGGACCTTCAGGAATA-1	KLRD1	1
M	ACAATCGCACGCTAAT-1	CD5	1
M	TGTACAGCACCACGAC-1	CD6	1
M	CATGCCTAGTTAGCGG-1	PAX5	1
M	CTCTCAGAGCAGAATT-1	ITK	3
M	GAGGATGAGGCCTCGT-1	TXK	1
M	CCTTGGTTCAGTGGTT-1	MERTK	2
M	CTTCTAATCGGGATCC-1	IRF8	3
M	AAGATAGAGGCGACTA-1	KLRD1	3
M	CACATGATCAAGGCAG-1	NCAM1	1
M	GGTCATAGTTTGTGAC-1	SH2D1B	1
M	CAACGTAGTCTGAGCC-1	THEMIS	3
M	ATGTCGAAGCCCATGC-1	THEMIS	1
M	CCTCCCTGTTAACCGT-1	VCAN	1
M	AGTCCGGCACAAGTGG-1	TXK	5
M	TGCACCTTCGATTACG-1	KIR2DL4	1
M	TATGTGGCACCGTCTT-1	FLT3	2
M	GTGTCCTCAAGATTAG-1	NCAM1	3
M	TAGCCGGAGTGTCACT-1	SPI1	1
M	GCCCGAACATTGTGAC-1	SH2D1B	1
M	GGAACCCGTCCGAGCT-1	EBF1	1
M	TTAGGTGCAGGAGCAT-1	ITK	7
M	ACTGCAATCGCACAAT-1	BANK1	1
M	GAGAACGTCTCGTAGA-1	IRF8	1
M	TACATGGCAGCAACAG-1	NCAM1	2
M	ATGTCGAAGAGCCACA-1	NCAM1	4
M	GCGGAAATCCATGTTT-1	MRC1	1
M	CAGTATGTCTTACGGA-1	MRC1	1
M	CCATACCAGGCTCCTG-1	PAX5	1
M	GACCAATAGCACACCC-1	THEMIS	2
M	TCAGCTCGTGAGGGTT-1	THEMIS	2
M	CTTGCTGTCTGTGTGA-1	ITK	3
M	TAGGTCACATGGCCCA-1	CD8A	1
M	GCCAGCATCAAACCCA-1	CD8A	2
M	AGCGTATCACTAGCCG-1	GNLY	1
M	GGAATCTCACTACACA-1	NCR1	1
M	TGATTTCCAAGGGTAC-1	SKAP1	5
M	GCAAAGGAGCAATGTA-1	KRT8	1
M	GTGTCAATCTCTTCTC-1	KLRF1	1
M	GCTTGCTGTGGAAGCT-1	NCAM1	1
M	TAGTCCCCACACACCG-1	CD6	1
M	GATTAGCGTGTCCCAG-1	PAX5	1
M	GGACACCTCTAAACGC-1	EBF1	2
M	CGTACAACAATCAGGG-1	VCAN	2
M	ACTACGAAGCGCCTAC-1	IL7R	1
M	AAACTCGTCGCATACA-1	BANK1	5
M	TGCCTGTGTATTGTCG-1	BANK1	3
M	ACCCAAATCTTGTGCC-1	ZBTB46	1
M	CACCACTGTTAGAGAT-1	KIR2DL4	1
M	CCTTGGTGTTCTGATG-1	PECAM1	1
M	TTATGTCCATTACCTT-1	SKAP1	2
M	ACGGATTCATGTGAGG-1	ITGAM	1
M	CTGTATTGTTTGTAGC-1	KLRF1	1
M	AACCGATAGAGAAGCA-1	VWF	1
M	TCACAAGGTTTAGAAG-1	NCAM1	1
M	GTCACCTAGAAATTCG-1	SH2D1B	1
M	TACCTCGGTCTGGTCG-1	PAX5	1
M	GCTCCTACAAGTCTCA-1	BANK1	1
M	AGCCTTCCAGCGTAGA-1	GNLY	1
M	ATGTCGAAGTCTCGAT-1	CD160	1
M	ACCCAAATCTTGTGCC-1	THEMIS	1
M	GCGGAAATCTACTGCC-1	BANK1	3
M	ACCTGCTTCTCTGACC-1	TXK	4
M	AGTGCCGAGAGATTAC-1	MERTK	1
M	GCCCAGAGTTTCGACA-1	IRF8	1
M	TTGAGTGTCCTTGACC-1	KLRD1	2
M	TTTACGTGTTTGTAGC-1	NCAM1	1
M	GGGTTATTCCACACCT-1	CD1C	1
M	TTTGTGTGTTTGTCTT-1	ITK	3
M	TAATTCCGTCACTCTC-1	BANK1	4
M	GCGATCGCAGGCACAA-1	ZBTB46	1
M	TGACTCCTCTTTGCAT-1	ITGAM	4
M	CTGGGACTCCATATCT-1	ITGAM	1
M	GGATGAGCAGTAACGG-1	CD3E	1
M	TCAAGACGTAGGTGAC-1	LCK	1
M	TATCTGTCATCGTACA-1	THEMIS	4
M	CACAGATAGTCGAGCA-1	CD14	1
M	TGGCCTTGTTTGCATG-1	TXK	1
M	GCGGAAATCTACTGCC-1	EOMES	3
M	AAGATAGAGGCGACTA-1	GNLY	1
M	GCTCAGGCATCGTGAT-1	NCR1	1
M	GGAACCCGTATCTAGC-1	CD68	2
M	GCCCAGACAAACTACC-1	IRF8	1
M	GAGGCTCAGAACGACC-1	KLRC1	1
M	CTTGCCACAACGGGTA-1	MRC1	1
M	GATGGCCAGTGAGCAC-1	CD160	1
M	TTAGGTGTCGCGATGC-1	PAX5	2
M	ATCCTCGTCTAGCTGA-1	EBF1	4
M	CTTGCTGAGGTCGTTT-1	EBF1	1
M	TGGCCTTAGAGGTCCA-1	EOMES	1
M	AGGCGTCGTTAAGTCC-1	PECAM1	1
M	GTGCACGGTAACTCCA-1	ITGAM	2
M	AATGTCGTCAGCCGAC-1	CD160	1
M	AGGCCTGAGTCAGGAC-1	NCR1	1
M	GAATCTGTCCCACTTG-1	IRF8	1
M	AAACGAAGTACTTCAG-1	PRF1	2
M	CCTTAATTCTAGCAAC-1	PRF1	1
M	CCGTACTCATTGTTCT-1	PRF1	2
M	GGAATCTCATGTGGGA-1	CD160	2
M	TGTACAGGTTTGCGAT-1	LCK	2
M	GAAGTCTCAGTAACGG-1	PAX5	2
M	ATCCAGAGTAGGTGAC-1	EBF1	1
M	GGTGTCGAGGGTTCTT-1	EOMES	6
M	CTTGCTGTCTGTGTGA-1	CD79A	1
M	CCACGTTGTCGAGGAT-1	CD79B	1
M	GTTACTTTCTTAACGG-1	SKAP1	1
M	CAGCTGGAGTACAGTA-1	NCAM1	1
M	TGATGCACACATTCTT-1	CD6	1
M	TGTGACAAGTTGAATG-1	SH2D1B	1
M	CAGTGCGAGATTCCGT-1	ITK	1
M	GAGACTTCACTTTGGA-1	CSF1R	1
M	TCAAGACGTAGGTGAC-1	BANK1	2
M	GTTATTCTCCTCCCAA-1	MARCO	8
M	CACTAAGGTTTGCATG-1	CLEC9A	1
M	TGATCAGCAGATACAA-1	PRF1	1
M	GTTACTTTCTTAACGG-1	THEMIS	2
M	CTCTCAGGTAGCATGG-1	CSF1R	1
M	GAAGTCTCATCGCTAA-1	BANK1	3
M	ATTGTCTGTCTAACCA-1	TXK	1
M	TGCTTTAGTTCCGCGA-1	MERTK	1
M	TAGGTGTGTGACGCAA-1	IRF8	5
M	CACAACACAAACGACG-1	IRF8	1
M	AGCCTTCCAGAGAGAA-1	DCN	1
M	GTCGTAAGTGCTGAAG-1	KRT8	2
M	AACCGATGTGCGTTTA-1	KLRD1	7
M	TATGTGGCAAGGACCA-1	NCAM1	1
M	CAACCAAGTCAGAAGC-1	CD160	1
M	CCGAAGCCAACCTCCT-1	PAX5	3
M	GAGACTTCAATAGTGA-1	THEMIS	1
M	GACCTTCCATCAGCTA-1	THEMIS	4
M	GTCACAAGTTCTGATG-1	IRF8	1
M	ACAAGCTTCCACTAGA-1	IRF8	1
M	CCTTAATTCTCGCGTT-1	FLT3	1
M	GAGCATTCAGGATAGC-1	PRF1	2
M	AAAGATGCACAGAAGC-1	PAX5	13
M	CGCTGGACAACTACTG-1	EBF1	6
M	GCTCGAGAGCCGCAAA-1	ITK	6
M	CTCGCTAAGAACGTCG-1	ITK	6
M	AGACAAATCTGACATG-1	ITK	1
M	GCCTAGGAGTGGTGTG-1	TXK	1
M	CACCACTAGCACACCC-1	CD79A	1
M	TTCGCGTTCTTCCGTG-1	SKAP1	5
M	GCGATTAGTAGAACGC-1	KLRD1	1
M	AGCTGGCAGTATAGTG-1	VWF	5
M	GTGTCAATCCGGCTGA-1	CD3G	1
M	GCGAGAACAGGGTACA-1	NCAM1	1
M	TGTGGCGCAGTCCTGG-1	PAX5	1
M	TAGCACATCTGAGTCA-1	SFTPC	1
M	ACTGCGGCAGGCACAA-1	BANK1	2
M	GGTGAAGGTGCTTGAT-1	TXK	2
M	CATTCCGAGATAGGTT-1	EOMES	4
M	GAAACAAGTTCTTATC-1	NKG7	2
M	GCCCAGACAAACTACC-1	PECAM1	3
M	TTGCCCAGTACTATGC-1	PECAM1	2
M	TGACTCCGTGGTTCTA-1	KLRD1	1
M	AGCTGGCAGTATAGTG-1	KLRD1	5
M	TCAAGCATCTCAGATG-1	NCAM1	1
M	GTCGTAATCAAGGCCC-1	SPI1	2
M	GCAAAGGTCCCACGGA-1	ITK	2
M	GTGCCAGTCGACTGGC-1	IL7R	1
M	CCTAAAGAGTAATCAG-1	CD8A	1
M	GTTCAAGGTTTAGGAA-1	EPCAM	1
M	GGTGAAGGTGCTTGAT-1	KIR2DL4	1
M	CGCAGGTTCTGAACGT-1	IRF8	5
M	GTGGATTGTTCCCTTG-1	ITGAM	2
M	TGTGGCGCAGTCCTGG-1	CD6	2
M	ACTCGGGAGAGGTGGG-1	PRF1	1
M	AAACGAAGTACTTCAG-1	TXK	4
M	TTGTCTATCTCCACTG-1	EOMES	2
M	GGTTGCGTCCTATCCG-1	EOMES	1
M	AGGCCCAGTCTGGGCT-1	NKG7	1
M	TGTACAGCACCACGAC-1	CD79A	1
M	ACCCAAAGTTAGAGAT-1	PECAM1	1
M	AACATCGGTATTCTTC-1	KLRD1	2
M	CTGTATTGTTTGTAGC-1	NCAM1	2
M	GTTATTCAGCTCGTTA-1	MRC1	10
M	CTAGGATCAAGTTGCT-1	PAX5	3
M	ACGGATTTCGATAGGG-1	NKG7	1
M	GTTACTTTCTTAACGG-1	CD79A	1
M	GTCTACCTCTCATCCG-1	NCAM1	5
M	TTGCGGGTCAATTCCT-1	MRC1	1
M	CTAGGATAGGGTGTTG-1	EOMES	3
M	TATGTGGCACCGTCTT-1	GNLY	1
M	GCAGCTGTCTCTGAGA-1	KIR2DL4	1
M	GGGTGTCGTTTCAGCA-1	COL1A1	1
M	TAACGGTCAGTAGGCA-1	COL1A1	2
M	AGCTGATAGTCGATAA-1	NCAM1	1
M	GGACACCTCTAAACGC-1	SH2D1B	3
M	GCCTACTCAGATAAGT-1	LCK	3
M	GTACTTTTCGGCAATT-1	EBF1	1
M	CAGGATTCAATGGCAG-1	IL7R	3
M	CCATACCAGGCTCCTG-1	GNLY	1
M	AAACTCGGTGACCAGA-1	IRF8	1
M	AGCTGTAGTTATGCAC-1	CD5	1
M	ACCGGGTGTCAAGACG-1	CD6	1
M	CAGCTGGTCCAGTTAG-1	PRF1	3
M	TGACTCCGTAACCCAT-1	ITK	4
M	GAACGTTTCTATACCT-1	CD8A	1
M	GCCCGAATCAGTGTGT-1	SKAP1	2
M	CACTGAATCGTGATAC-1	NCAM1	1
M	GAAAGTAGTAACGGTG-1	ITK	2
M	ACCAAACTCGCAAACT-1	CSF1R	1
M	TCAAAGCTCGTCAACA-1	VCAN	2
M	GGCGTTGAGTTGACAA-1	BANK1	3
M	AGTTTGGCAAGACTAA-1	BANK1	1
M	TTCTAACTCTATACCT-1	NCR1	1
M	CAATCCCCACCCTTAC-1	NCR1	2
M	GCCTAGGAGTACCTCA-1	KLRF1	2
M	GCGATTATCTCCCTTT-1	LCK	1
M	ACGGATTTCGATAGGG-1	CD14	2
M	TAATTCCGTCACTCTC-1	MARCO	2
M	ACCTGCTCAGGACCTC-1	IRF8	1
M	GGAACTTAGGATGTCG-1	SH2D1B	2
M	CAACGTAAGGGCGAAG-1	CD1C	1
M	ACAGGCCAGCGGACTA-1	EBF1	1
M	ATGTCGAAGCCCATGC-1	GNLY	1
M	TAGTCCCCACAGTAGG-1	KIR2DL4	2
M	GCATTGAGTGGACAGT-1	PECAM1	1
M	ACAGAAACAACTCAAC-1	SKAP1	1
M	TCAAGACCAGCAACGA-1	KLRD1	2
M	CCCTGATCATGGCCCA-1	CD160	2
M	AAATGAGGTTAGTAGA-1	PAX5	2
M	TGCCTCAAGACGCCAA-1	SFTPC	1
M	TATCTGTAGTCTGTGT-1	EBF1	1
M	GGTGTCGCAACTTGGT-1	BANK1	7
M	AACATCGAGTACGCGA-1	CD79A	3
M	GATGGCCCATCAGAAA-1	LUM	1
M	TCCCACATCGCCTTAC-1	LUM	1
M	CTACTTAAGGGACGTT-1	KLRC1	2
M	TATCTGTAGGCCTCTG-1	KLRD1	5
M	TAAGCCATCCGCGATG-1	VWF	2
M	TGCTATTGTCCTCAGG-1	CD5	1
M	GTGCTGGAGCTACGTT-1	THEMIS	1
M	ACTTTCATCTCCAACC-1	ITK	3
M	TGAATCGAGGCAGTGT-1	BANK1	3
M	GGTGCTGCAAGGGTAC-1	KLRF1	2
M	TAGACTGAGCAATGTA-1	VWF	2
M	GAAGTCTTCCGATGCG-1	CD3E	2
M	AGCCTTCGTAAACGTA-1	PAX5	1
M	TCAGGTACATTGCACA-1	KIR2DL4	5
M	TGACTCCGTAACCCAT-1	ITGAM	1
M	ACGTGGCCACTGGGCT-1	CLEC9A	1
M	GAGGCTCGTTCTGAAC-1	KLRF1	2
M	ACTACCCCAAACGACG-1	VWF	1
M	CTTAATCCAACGCAAG-1	VWF	1
M	AGCCTGGGTACGGAGT-1	CD6	1
M	TCAGGTAAGCTGCCAC-1	PRF1	2
M	GTCACCTAGTCGGGAT-1	LCK	2
M	AACCGATGTGCGTTTA-1	THEMIS	3
M	CAACGTAGTACCCATA-1	THEMIS	2
M	CTGGCAGGTCATCGTA-1	BANK1	1
M	AGCGTGCAGACAGTGC-1	TXK	2
M	TAGGTGTTCCTGTAGA-1	EOMES	1
M	GTCACCTAGTCGGGAT-1	NKG7	4
M	TAGACTGCATATTGGC-1	KLRD1	3
M	GTGATCACAGTAGTTC-1	LCK	1
M	AGCCTCTCAACTCGTA-1	ITK	2
M	ACAGCGCTCCATGACA-1	VCAN	1
M	ACCCAAAAGCTGAATA-1	GNLY	1
M	TGCTATTAGTGCTGAG-1	NCR1	1
M	ACGGATTTCGATAGGG-1	SKAP1	3
M	ACAGAAAAGAACTCCT-1	SKAP1	3
M	TAGTCCCCACAGTAGG-1	CD6	1
M	ACAAGCTCAAATGCTC-1	CD6	3
M	GACCGACGTAAGTCTC-1	MRC1	1
M	GGTGAAGAGAAATCTG-1	MRC1	1
M	GTTATTCAGAGGCAGG-1	TXK	3
M	AGGCGTCTCGATTACG-1	TXK	1
M	CCAATGAAGGGTTCCC-1	SKAP1	4
M	CCTGCTACAAGCAATA-1	SKAP1	3
M	ATGTACGCAATGGCTT-1	KLRF1	1
M	AGTTACGGTTCTTTCA-1	CD3D	2
M	GGTGCTGGTTCCATCC-1	NCAM1	1
M	GCCATAAAGCGCCTAC-1	PAX5	2
M	CTCTCAGAGAAACGCC-1	EBF1	3
M	GCTTTCGTCACAGGGA-1	CD14	1
M	AAAGATGTCCAGTACA-1	CD3E	1
M	CGCAATATCCCACTTG-1	SH2D1B	2
M	TCAGTTTAGCTGAGGT-1	SH2D1B	1
M	AAATGAGTCGGTACTA-1	CD160	2
M	GCGTTGGTCGGCATAT-1	ITK	2
M	AGCGTATCATATACGC-1	BANK1	4
M	CCCACATAGTCTAGAA-1	ZBTB46	2
M	CCTTGCACAGGTCCTG-1	CD28	1
M	GGCACGTCAAAGAGAG-1	CD8A	2
M	TATCGAGAGATGTTGA-1	CD79A	2
M	GTAGGAGGTCCGTGCA-1	CDH1	2
M	TTGTTGTAGTCGTGAG-1	KLRD1	1
M	ATGTACGGTCATAGCT-1	CD3D	1
M	GTCACCTAGAAATTCG-1	CD3E	1
M	TCTCTGGGTAACATAG-1	CSF1R	1
M	CAACGTACAGAGTCGA-1	VCAN	1
M	TGGTCCTAGTGAGCAC-1	CD8A	1
M	GGTGAAGGTGCTGGCT-1	KLRD1	1
M	TGCTTTATCTCGCGGA-1	NCAM1	1
M	CACTAAGAGCTCCGGT-1	THEMIS	3
M	GTGCACGTCGACTCGG-1	CD14	1
M	TGCTATTAGTGCTGAG-1	BANK1	1
M	ACAAAGAAGGGTAGTC-1	TXK	7
M	CGGTGCAGTAACCGAG-1	CD28	1
M	TTAGGTGCAGGAGCAT-1	IRF8	1
M	CCTTAATGTTTAGGAA-1	CD6	2
M	GCGTTGGTCCGTTTCG-1	PRF1	3
M	TGATTTCTCGTGAGTT-1	ITK	2
M	CGTACAAAGGACTTTC-1	ZBTB46	1
M	GGGACCTAGCTGATTC-1	ZBTB46	2
M	CGGTGCAAGTACAACA-1	CD8A	3
M	AACCGATAGAGAAGCA-1	NKG7	2
M	TGCTATTGTAAAGGCC-1	PAX5	1
M	GCCCGAACATTGTGAC-1	THEMIS	3
M	ACAAGCTTCCTGAAAC-1	THEMIS	4
M	ATTACCTTCTACATCT-1	EBF1	2
M	GGATGAGAGGTGTTGG-1	BANK1	4
M	GCGCCAATCGCGCTGA-1	TXK	1
M	GGTACCGAGAGCGGTT-1	ZBTB46	1
M	GCGATTAGTAGAACGC-1	CD79A	1
M	GAGCATTCAGTTAAAG-1	CD6	1
M	CTCCCAATCACAGGGA-1	PRF1	1
M	CGCACAGCAGACCTGC-1	EOMES	1
M	GCTTGCTAGGAAGAAC-1	COL1A1	1
M	AAAGATGCAGATAAGT-1	CD68	1
M	CGCACAGCACTTGCGG-1	NCAM1	3
M	CTCTCGAAGACCATAA-1	CD6	1
M	TTAGCGAAGTAGCAAT-1	LCK	2
M	ACTTCCGCAGAATGCG-1	PAX5	2
M	GAAACAAGTATCCCTC-1	THEMIS	4
M	CTCTCGAAGACCATAA-1	ITK	5
M	GCATTGAAGTGCAACG-1	ITK	1
M	GCGTTGGTCGGCAATT-1	ITK	1
M	CCCTCTCAGCCCATTA-1	BANK1	3
M	AGCCTGGTCTACTGCC-1	TXK	1
M	CGGACCAGTTTCAGCA-1	CD8A	2
M	TAATCGGCACAGATGG-1	SKAP1	1
M	AAGGAGCGTACGGAGT-1	FLT3	1
M	TTCATCAGTACAAATG-1	KLRF1	1
M	TATCTGTAGGCCTCTG-1	CD3E	1
M	ACGTGGCCACTGGGCT-1	NCAM1	3
M	TTTGCGCCAAGACTAA-1	CD6	2
M	GTCACTCAGAGCGAAA-1	PRF1	3
M	AGCGTGCAGACAGTGC-1	CD14	1
M	AGCCAGCGTGCACATT-1	BANK1	1
M	ATTGTGGTCAGTTGAC-1	MARCO	1
M	CTGCTCACACCAAGGA-1	CDH1	1
M	AGCGTGCAGGTAAGCC-1	CD5	1
M	ATCCTGCCAGCAGGTA-1	MRC1	1
M	GGGTCTGGTAGCAGCA-1	CSF1R	3
M	CTACTTAGTGACGCAA-1	IL7R	1
M	GTCACAAAGGATGTAT-1	KIR2DL4	1
M	CGCGCAACACAATAAG-1	PECAM1	1
M	AACCAACGTAACGGAC-1	IRF8	1
M	TCACAGACAAGGTCGA-1	NCAM1	1
M	CTTTGCGGTATCACAC-1	CD6	1
M	GAGAACGAGTGAACCG-1	ITK	3
M	TACAGCAGTGTGAGGT-1	PECAM1	1
M	TGGCCTTGTTTGCATG-1	CDH1	2
M	TGCTCACCAGAACGAC-1	DCN	1
M	AACAAAGGTAAAGCTA-1	KRT8	1
M	CTTCCAGAGCGTGTTT-1	PRF1	1
M	AACCGATAGAGAAGCA-1	SH2D1B	2
M	TTATGTCCATATTGGC-1	SH2D1B	1
M	ACCATCCAGATGTTCC-1	EBF1	3
M	CCCTGATTCTCTATCA-1	ITK	1
M	TGCACCTAGACTCTTG-1	TXK	5
M	CGCTATCCACGACGAA-1	ITGAM	1
M	CGCAATATCGACTGGC-1	CLEC9A	1
M	ACAAGCTTCCACTAGA-1	CD3E	1
M	AAATGAGTCGGTACTA-1	NCAM1	1
M	CTGGCAGGTCATCGTA-1	CD160	1
M	AACCTGACACCATTCC-1	ITK	1
M	GCAGCCATCAGTAGTC-1	IL7R	1
M	AGACAAAGTACCCACG-1	NCR1	1
M	GATGGCCAGTGAGCAC-1	COL1A1	1
M	CAGCTAACAGAAAGAG-1	SKAP1	1
M	TGTAGCAAGTCCCGCA-1	ITGAM	2
M	GCGAGTCGTTTAAGGA-1	CD6	2
M	TTCTAACAGGAGTACC-1	PAX5	1
M	ACGTGGCCAAGACTAA-1	CD14	2
M	GGTTGCGTCATTCATC-1	ZBTB46	1
M	TACGCCTGTTATCGAC-1	PECAM1	2
M	GTTATTCCAGGCAAGT-1	IRF8	1
M	GCGTAGCAGAAGCCGT-1	TXK	4
M	GCGGAAATCTACTGCC-1	GNLY	1
M	TTCGTTAAGACTAGCG-1	SKAP1	1
M	AAAGGGCCAAGACACG-1	IRF8	3
M	CTGAATGAGGAATGGA-1	ITGAM	1
M	TGTGGCGCATTAGCCA-1	FLT3	2
M	TTAGCTTAGGTACTCT-1	BANK1	1
M	ATCCAGACACCTGAAT-1	BANK1	2
M	GCCAGACTCCGTACGG-1	GNLY	2
M	AAACGAAAGTTCGTTG-1	CD79A	1
M	TCCCACAGTGGCGCTT-1	NCAM1	2
M	GGCATTAAGAGTGGAA-1	SKAP1	3
M	GCTTAAGGTTACACTG-1	SKAP1	5
M	GCTGTTCAGAGCTCCC-1	PAX5	1
M	GGAACTTTCGGAAAGC-1	CD28	1
M	CTTGTCGAGCGTAGCA-1	CD8A	2
M	TCCCACATCGCCTTAC-1	CD8A	1
M	TTGTCTATCTCCACTG-1	PECAM1	1
M	TTACTTGAGTCTCGAT-1	COL1A1	1
M	CACTAAGCACGCGTTG-1	MRC1	3
M	CATAACGCAACGAGGT-1	CSF1R	1
M	GTGTCAATCTCTTCTC-1	LCK	2
M	CCTCCCTCATATAGAG-1	SFTPC	1
M	GGAGGATTCGGTTGTA-1	BANK1	1
M	ACGTTAGTCACTTACT-1	CD8A	4
M	TTCATTGAGACTAATG-1	CD8A	1
M	CACATGATCAAGGCAG-1	KLRD1	8
M	GGTTGCGTCTCTTAAC-1	KLRF1	1
M	GGTTGCGTCCTATCCG-1	CD3E	1
M	TATGTTCCAAGCAACG-1	LCK	2
M	AACCAACTCGATGTAC-1	EBF1	3
M	TAAACCGCAGGAGCAT-1	BANK1	25
M	CGCTGGAAGGCGTCCT-1	SKAP1	3
M	ATCGAGTTCCTAAGTG-1	CDH1	2
M	TTACGTTCATGGTAAA-1	VWF	1
M	GGGACCTTCATAGGTC-1	SPI1	1
M	GTCACCTAGAAATTCG-1	PRF1	3
M	GCGTAGCAGAAGCCGT-1	THEMIS	3
M	CCGTACTTCTTAATCC-1	LCK	1
M	GAGATTCGTCTCTGGG-1	PAX5	1
M	TGGCGCACACCCATCT-1	ITK	13
M	AACGTACTCTTCTTCC-1	MERTK	1
M	GCCCGAAGTTCCATCC-1	CD8A	1
M	AACATCGAGTACGCGA-1	IRF8	1
M	CTTGTCGAGCGTAGCA-1	IRF8	1
M	TGTGACATCGGCAATT-1	KLRD1	6
M	CACTGAACAACAAACA-1	KLRD1	1
M	GTCACCTGTGAGTTGG-1	KLRD1	3
M	GTCTACCCATCGCTAA-1	CD3E	1
M	CCGTGAGGTCCCGAGT-1	CD160	3
M	TAAGCCATCCGCGATG-1	LCK	1
M	GCTGAGCGTTTGCCAA-1	PAX5	1
M	GATGGCCAGTGAGCAC-1	THEMIS	1
M	TGATCAGAGAGCAGCT-1	BANK1	3
M	ATGTTTCAGTTGGAAT-1	MERTK	1
M	ATGTACGGTCATAGCT-1	PECAM1	6
M	TAATTCCTCGAGTGTT-1	IRF8	1
M	TTGACGAGTTACCACA-1	ITGAM	1
M	TGCTATTGTCCTCAGG-1	KLRD1	9
M	CCGTACTGTCCAGACC-1	SPI1	1
M	ACTAACGCAGAACTTC-1	THEMIS	13
M	ATGTCTTCATTGCCTC-1	ITK	10
M	TCGCAGGCAACGGGTA-1	CSF1R	1
M	AGTTTGGGTCATAAGA-1	GNLY	1
M	CTCTCAGGTAGCATGG-1	PECAM1	2
M	AGCTGTACAAGCTTTG-1	NCAM1	2
M	GGTGCTGCAAGGGTAC-1	NCAM1	1
M	CGCTGGAAGGCGTCCT-1	CD5	1
M	TGTAAGCGTCCAAGAG-1	SH2D1B	1
M	CATTCATAGAAAGCAG-1	LCK	1
M	GAACGTTTCTCCTTAA-1	THEMIS	1
M	GCATGATAGACGAAAG-1	THEMIS	1
M	GGGACCTTCATAGGTC-1	EBF1	4
M	GGTCATATCGCTTCAC-1	BANK1	2
M	GTTATTCAGGATTTGA-1	TXK	3
M	GTAGGAGGTCACTCTC-1	NCR1	3
M	TGCATTTGTGGCCTCA-1	ITGAM	2
M	ACTACGAGTAGTATCC-1	CSF1R	1
M	GCGATCGCAGCAACAG-1	IL7R	1
M	TTACTCACAATTGGCT-1	IRF8	1
M	ACAAGCTTCCGTTAGA-1	CLEC9A	1
M	ATCCAGATCCTTGACC-1	CLEC9A	1
M	CCACGTTTCCATGTTT-1	KLRF1	5
M	TATGTGGCAGTTCGGC-1	CD3D	1
M	GTCACCTGTGAGTTGG-1	NCAM1	1
M	GTTACGATCAGATACC-1	KIR2DL4	1
M	ACGTTAGTCCATTGTT-1	COL1A1	1
M	AGATTCGTCGTTTGAG-1	KLRF1	2
M	AAGATAGAGCCAGAAC-1	CD6	1
M	TTGTTCAGTGTCTACA-1	PRF1	1
M	CGCTGGAAGGCGTCCT-1	PAX5	1
M	ATTTGTCGTGCACTTA-1	EBF1	2
M	GTGGCGTCAAGCACTT-1	BANK1	3
M	GAGGATGTCCGTACGG-1	CD8A	1
M	TAACGGTGTCAGAAGC-1	KIR2DL4	3
M	AGTTACGGTTCTTTCA-1	KLRD1	4
M	GAACTTGGTAGCAGCA-1	KLRF1	3
M	TGGACATTCTTACTCA-1	ITK	1
M	CTCAACCCACAGGAAC-1	CSF1R	1
M	TACTAGGAGTCGATAA-1	CD79A	1
M	TAAGCCAGTGATGCGA-1	FLT3	1
M	ATTACTCCACCCTTAC-1	VWF	1
M	CTTTGCGCAACAACTC-1	NCAM1	1
M	GAGGATGGTCTGTCCT-1	THEMIS	4
M	CTCGCTATCGCCCTTA-1	CD14	1
M	GTGACATTCTCGTGAA-1	CD79A	3
M	CGCAATATCCCACTTG-1	IRF8	1
M	AACATCGTCCGGGCAT-1	ITGAM	1
M	TCTAGTTAGCTACGCC-1	NCAM1	10
M	GGATGAGAGGTACATA-1	BANK1	4
M	TGCTTTAGTCCAAGAG-1	CD28	1
M	TGCCTCACATCTCACC-1	GNLY	1
M	GCATTCCCAAAGGAAG-1	KIR2DL4	3
M	TATTGCTCAGCTTACA-1	CD79A	1
M	CGTACAAGTTGTATCG-1	PRF1	4
M	GCGCCAAGTCACCCGA-1	VCAN	2
M	CTCGCTAAGCTGCTCG-1	BANK1	1
M	TCACAAGGTCTGCACG-1	CD79A	1
M	ACAGACTGTGATAAGT-1	PECAM1	1
M	GAGGTCCCATGGTAAA-1	KRT18	1
M	ACCGAATGTTTCAGCA-1	CD3G	1
M	ACATGGTCAACACGGA-1	PAX5	5
M	ATCCTGCGTATTCTGG-1	IL7R	1
M	GTCACTCAGTCTTAGC-1	CD28	1
M	GCCTACTCAGATACAA-1	MERTK	1
M	TGACTCCAGGAAGGTA-1	NKG7	1
M	TGTGGCGCAAGGAACC-1	KLRD1	11
M	CCAATGATCTTCTTCC-1	NCAM1	1
M	CTCACCATCCACTAGA-1	PAX5	2
M	AGTTACGTCTGTTTAC-1	EBF1	1
M	GATGGCCAGCTGATTC-1	TXK	1
M	CCCTGATAGATACCAA-1	CD8A	1
M	GCCTACTCAGATAAGT-1	PAX5	1
M	TAGACTGAGATCTCAC-1	SFTPC	1
M	GTGGCGTCAAGCACTT-1	EBF1	1
M	TTACTTGAGGATATCA-1	NCR1	2
M	TATGTGGTCGTTCTAT-1	KLRF1	2
M	GCTCAGGAGTTCCAGT-1	CD160	1
M	ACCAAACTCTACATCT-1	LCK	1
M	GAAGTCTAGTAATCAG-1	TXK	1
M	ACCATCCAGATGTTCC-1	TXK	3
M	TCGTTCGAGTAGAAGG-1	CD28	1
M	CTTGCCAGTTGCCTGG-1	SKAP1	1
M	TGATGCATCTCTTCTC-1	SKAP1	1
M	ACTTTCATCTCCAACC-1	NCAM1	6
M	ACCCAAAAGGTCTTGT-1	ITK	3
M	GGAATCTAGAACAGGA-1	SKAP1	1
M	GCGAGTCTCCAACAAC-1	KLRF1	1
M	CAGGATTTCGCTTGAA-1	CD6	1
M	AACCAACTCTTTGCAT-1	CD6	1
M	AACTTGGGTGCTGTCG-1	SFTPC	1
M	TGTTAGGCATTAGCCA-1	EBF1	1
M	TGACTCCTCTTTGCAT-1	EBF1	3
M	AGACAAAAGGTAAGTT-1	ITK	2
M	ACCTGCTCACAGAAGC-1	BANK1	1
M	GAGATTCTCTGGCGCA-1	BANK1	1
M	TCGATTTTCTGACATG-1	NKG7	1
M	GGATGAGTCACCCTTG-1	CDH1	1
M	TCACCTGAGTAGTCGG-1	KLRD1	13
M	GAAACAAGTTCTTATC-1	CD6	5
M	AGTGTACTCTTAACGG-1	SPI1	1
M	CAGTGCGTCGGCTATA-1	SH2D1B	1
M	GAATCTGAGCTACGTT-1	EBF1	1
M	TCCATCGAGAGGAAGT-1	ITK	1
M	TTACTTGAGGATATCA-1	COL1A1	1
M	TAGCATGCAATGACTC-1	IRF8	1
M	ATGTACGCAATGGCTT-1	ITGAM	1
M	AGATTCGTCTTCCGTG-1	FLT3	1
M	GCTTAAGGTTGGAGGT-1	KRT18	1
M	AACAAAGAGCGCCTAC-1	KLRF1	1
M	TTACCGCAGCACACCC-1	MRC1	3
M	TTTGGCCCACAGTTAC-1	SH2D1B	1
M	CTCTCAGGTAGCATGG-1	EBF1	1
M	GACCAATTCCACCTAC-1	EOMES	1
M	GCCTAGGTCCATGACA-1	CD79B	1
M	CCGTAGGAGGCGACTA-1	CDH1	3
M	ATGGATCGTTTCGACA-1	VCAN	2
M	AAATGAGCATCCTGGG-1	VCAN	2
M	CTGTATTGTTTGTAGC-1	TXK	1
M	GTACTTTCAAGATGCG-1	GNLY	4
M	CCGTACTTCTTAATCC-1	NKG7	1
M	TTGCAGACATCCCAAA-1	ITGAM	2
M	TACCTATCAGGTAGCA-1	ITK	1
M	TCAAAGCGTATTTGCG-1	BANK1	4
M	CCGTACTGTGCCGGTT-1	TXK	1
M	TTGCCCACATAGCCGC-1	TXK	1
M	CCACAGGTCAAATGGA-1	KIR2DL4	1
M	GACCAATAGAGGTCCA-1	SKAP1	3
M	TAGCATGCAATGACTC-1	CDH1	1
M	ACTGTCCGTCACCCGA-1	FLT3	1
M	GTCACCTGTGAGTTGG-1	KLRC1	2
M	CCATACCAGGCAGTAC-1	KLRD1	4
M	GTGTGATCAGTAACTC-1	ITK	3
M	TACGCCTGTCAAACAA-1	VCAN	1
M	GCAAAGGGTGCTTCCT-1	TXK	1
M	CGTACAATCGTGTGCG-1	EOMES	1
M	GCGTTGGAGCTATCGT-1	CD79A	4
M	GAGCATTTCAGGAATA-1	PECAM1	1
M	ACCTGCTTCTCTGACC-1	SKAP1	5
M	TTGCTATAGACACAAT-1	SKAP1	3
M	TGTGGCGCACATTCTT-1	IRF8	1
M	TTCGGTCCAAGGTCGA-1	CD3E	1
M	CGTACAAGTTGTGACT-1	NCAM1	4
M	TTAGCGAGTCTGTTGA-1	ITK	1
M	CTCTCAGCATCGGCTG-1	VCAN	1
M	GAGCATTCAGGCATCC-1	COL1A1	1
M	CTTCCAGAGCGTGTTT-1	ITGAM	1
M	GAGTGAGGTTCAGAAA-1	PRF1	2
M	AACCTTTGTACGCAAG-1	CD160	1
M	TACTAGGAGTCGATAA-1	LCK	1
M	CAACGGCTCGTAGCGC-1	BANK1	2
M	GCATGATAGACTAATG-1	TXK	3
M	GCTTAAGGTTACACTG-1	GNLY	2
M	GTCCATCAGTCCCGCA-1	NCR1	1
M	CTTGCCAGTGTCTACA-1	KLRD1	4
M	GTAGTACCATGGCCTG-1	VWF	4
M	TTAACGGGTTCCCGGA-1	CD6	1
M	CACAACACAAACGACG-1	ITK	2
M	TAGCATGTCAATCGTG-1	BANK1	2
M	TAATTCCCATCAACTG-1	TXK	1
M	TTCGATTGTGCCGGTT-1	EOMES	1
M	TAACGGTTCGTCTTAT-1	CD28	1
M	TGTGGCGCAGTCCTGG-1	KLRF1	1
M	CATGCCTAGGGAGTTC-1	CD5	1
M	ACGTGGCAGGCGCTTC-1	CD6	1
M	AGGCGAATCCTTCGAC-1	IL7R	1
M	GTGACATGTTTGCATG-1	BANK1	1
M	GTCACTCAGAGCGAAA-1	NKG7	3
M	CTCTCAGAGAAACGCC-1	COL1A1	1
M	GCCCGAATCAGTGTGT-1	FLT3	1
M	CCGTGAGAGGTCTTGT-1	KLRD1	7
M	TGTTAGGCAACTCGAT-1	KLRD1	1
M	GGTGCTGGTGCTGAAG-1	CD6	1
M	TAGCTTTCACCGTTGG-1	EBF1	2
M	ATGTACGCATGGTTTG-1	ITK	1
M	TAGACTGAGCAATGTA-1	SKAP1	4
M	GTACTTTCAAGATGCG-1	THEMIS	1
M	GGAGGATTCGGTTGTA-1	VCAN	1
M	TCACCACGTGGAAGCT-1	CD79A	2
M	ACGTGGCCACTGGGCT-1	KLRD1	2
M	TACAGCATCGCCTTAC-1	PRF1	1
M	CTTGAAGAGGTTGACG-1	PRF1	1
M	GTCACGGCATTCACCC-1	BANK1	4
M	TCACAGATCAAGTTGC-1	NCR1	1
M	AAACTCGCATTCTCGC-1	KIR2DL4	1
M	TCACAAGCAGCTTACA-1	COL1A1	1
M	AGATTCGAGTCATACC-1	KLRD1	1
M	ATTTGTCAGCGTTAGG-1	KLRD1	1
M	GGTGCTGCAAGGGTAC-1	PRF1	1
M	ACCATCCTCGTTTGAG-1	THEMIS	3
M	GAACCTATCTTACTCA-1	THEMIS	3
M	CCTATTAAGATCTAAG-1	KIR2DL4	1
M	GACCTTCTCCGAATTG-1	SKAP1	7
M	GTGTCAATCTCTTCTC-1	ITGAM	4
M	GGCGTTGCATCAGAAA-1	ITGAM	1
M	GGTGTCGAGACAACGC-1	VWF	3
M	AGTGCGCCACAATAAG-1	VWF	1
M	TGATCAGAGAAGCCGT-1	NCAM1	5
M	ACGTGGCAGACCATAA-1	CD6	1
M	TGACTCCGTGGTTCTA-1	PRF1	6
M	GCGCATGTCGCGCCAA-1	PAX5	2
M	TGTTAGGCATTAGCCA-1	BANK1	2
M	TATGTGGAGTAACTCC-1	TXK	4
M	TACATGGAGCTAACAA-1	EOMES	1
M	GTCACAAGTTCTGATG-1	EOMES	1
M	TGACTCCGTAACCCAT-1	ZBTB46	3
M	ACATGGTCAACACGGA-1	MARCO	1
M	GATTAGCGTTGCAGAG-1	NCR1	1
M	CCGTACTGTCCAGACC-1	COL1A1	1
M	CCCTCTCAGCCCATTA-1	CD160	1
M	AATGGCTTCGGGTCCA-1	CD160	1
M	GGCGTTGGTTCTGAGT-1	LCK	2
M	GCCAGACTCACTAGGT-1	SFTPC	2
M	GGTGCTGGTTCCATCC-1	EBF1	2
M	CAACGTAGTACCCATA-1	ITK	5
M	GCTCAGGAGCCATCAT-1	ITK	4
M	TGATTTCTCCTCTCTT-1	ZBTB46	2
M	GCGATTAGTAGAACGC-1	KIR2DL4	1
M	GCTCAGGAGTTCCAGT-1	PECAM1	2
M	GAATCTGCAGTAAGCG-1	KRT18	1
M	ATCCAGATCCTTGACC-1	CD6	1
M	GTAGGAGGTATCAGCT-1	PRF1	1
M	GTCTACCCAGTCAGAG-1	SH2D1B	1
M	TAGGTGTTCCTGTAGA-1	ITK	1
M	GTTGGTACATTATGGC-1	VCAN	2
M	TAGGTGTGTGACGCAA-1	ZBTB46	1
M	GAGGATGCAGGCAAGT-1	GNLY	1
M	CACATGAAGGACTTTC-1	KLRF1	1
M	GTCACTCAGAGCGAAA-1	KLRF1	2
M	AGTGCCGAGTCGACCC-1	CD3D	2
M	TTAGCGAGTCTGTTGA-1	NCAM1	1
M	GCGAGTCAGAGACTCG-1	LCK	1
M	AATGTCGTCTCTGCAC-1	ITK	5
M	TCAGTCCTCTTCCGTG-1	TXK	2
M	GAAGTGGAGGCTAAAT-1	CD79A	1
M	TAAGCCAGTGATGCGA-1	SKAP1	1
M	TAGCCCTTCGGATAGG-1	IRF8	2
M	GACCAATAGACAACGC-1	SH2D1B	4
M	GTTACTTAGTGATAAC-1	KLRD1	4
M	CCATACCAGATGTTCC-1	KLRD1	2
M	TGCTCACGTAGTCTGT-1	KLRD1	1
M	GAGATTCGTGATAGAT-1	PRF1	2
M	CCCTCTCTCTATCTAC-1	CD160	1
M	TGATGCACAAAGCTGG-1	SFTPC	1
M	GAGGCTCAGCTCCGGT-1	EBF1	6
M	GAAAGTAAGATGGCAC-1	BANK1	1
M	TTGTCTATCTCCACTG-1	CD8A	2
M	GTGTCCTTCGAACACT-1	CD79A	2
M	GTTATTCCAGGCAAGT-1	CD79A	1
M	TCAGGGCTCTGGTACA-1	PECAM1	1
M	TGGCAATAGTTGACAA-1	PECAM1	1
M	TCGATTTTCTGACATG-1	ITGAM	1
M	CTCAGAAAGTGCAACG-1	DCN	1
M	CGCAATATCGACTGGC-1	NCAM1	1
M	TACAGCACATAGCAGG-1	EBF1	1
M	TAGCCCTTCGGATAGG-1	ITK	8
M	TATCGAGAGATGTTGA-1	PECAM1	1
M	AGCCTTCGTAAACGTA-1	KLRF1	2
M	AACCAACTCGGTCAGC-1	NCAM1	1
M	CCCTGATTCTCTGACC-1	CD6	2
M	GTCTACCCAGGCACAA-1	MERTK	1
M	CTTAATCAGAAATGGG-1	IRF8	3
M	CTCAACCCACAGGAAC-1	KLRD1	4
M	AAACTCGGTGACCAGA-1	VWF	2
M	ATGTTTCAGTTGGAAT-1	NCAM1	4
M	GTTGGGCAGGCTCCTG-1	MRC1	2
M	TTGCTATAGACACAAT-1	TXK	1
M	TATGTGGCACCGTCTT-1	MARCO	1
M	GTTATGGGTAAACGTA-1	MERTK	1
M	GCGCCAACAAGTAACA-1	MERTK	2
M	GGGAACACAGTCCTGG-1	SKAP1	4
M	CACAGATAGTCGAGCA-1	SKAP1	1
M	GGACACCTCTAAACGC-1	CDH1	2
M	GGTGCTGTCGCCACTT-1	PRF1	2
M	AACAAAGAGCCTGTAT-1	THEMIS	1
M	TTGTCTATCTCCACTG-1	ITK	3
M	GTGTCCTCAAGATTAG-1	ITK	4
M	ACTGTCCGTGTCTCGG-1	VCAN	1
M	GCCATAACAGCGTCGT-1	IL7R	1
M	GTGCTGGAGCTACGTT-1	NCAM1	3
M	GATTAGCAGAGTTTGA-1	NCAM1	1
M	AATGGAAAGAGGTCCA-1	EBF1	1
M	TGCTCGTGTATGGGTG-1	VCAN	1
M	GACCTTCCATCAGCTA-1	IL7R	4
M	AAAGGATAGGATGTCG-1	CD28	1
M	GTTGGGCAGGCTCCTG-1	KIR2DL4	2
M	AACATCGTCCGGGCAT-1	PECAM1	2
M	CACAGATGTCAACAGG-1	SKAP1	1
M	GGAGTAGAGTCTGGGA-1	VWF	2
M	ACCATCCTCGTTTGAG-1	CD3E	1
M	AACATCGAGTACGCGA-1	SH2D1B	2
M	GCTCAGGCACCACAGC-1	ITK	2
M	CAACGGCAGTGTCGGA-1	IRF8	1
M	ACCGGGTAGACTAGCG-1	FLT3	3
M	GTCTACCTCTCATCCG-1	KLRF1	39
M	GCAGCCAAGGGTAGTC-1	IL7R	1
M	TGGTCAATCGGTAGGA-1	ZBTB46	1
M	GTTGGGCAGGCTCCTG-1	ZBTB46	1
M	TTCGGTCTCACTTACT-1	CD28	1
M	AGTGTACTCTTAACGG-1	MERTK	6
M	GTAGGAGGTCCGTGCA-1	PRF1	3
M	TTCAACTTCAGTCAAC-1	PRF1	2
M	ATCCTGCCAAATTCCG-1	CD160	1
M	GCTCACTGTACCAAGG-1	EBF1	5
M	CAGTGCGTCGGCTATA-1	EOMES	1
M	AGTTACGGTTCTTTCA-1	SKAP1	2
M	GGAACCCGTCAGAAAT-1	KRT8	1
M	AGTGTACTCTTAACGG-1	CD160	1
M	TGGCGCAAGCTGAGGT-1	EOMES	1
M	AGCCTTCAGAGCTACG-1	CD3E	1
M	TCGGGACCAATGGTAA-1	PAX5	3
M	TCCAGAATCCATCGAA-1	IL7R	1
M	GAGGTCCCATGGTAAA-1	SKAP1	1
M	TGCTATTTCCATATCT-1	VCAN	1
M	AACCTTTGTACGCAAG-1	EPCAM	1
M	GTAGTACGTCTCTGCT-1	EPCAM	1
M	AACTGGTAGCACCATT-1	SKAP1	4
M	GCTCGAGAGCCGCAAA-1	CD68	1
M	CCTGCTACAAGCAATA-1	IRF8	1
M	AGATAGAGTTGCTTGA-1	DCN	2
M	AACGGGACATCCGTGG-1	KLRD1	1
M	CGCAATATCCCACTTG-1	CD5	1
M	CAACGTAAGGGCGAAG-1	SPI1	1
M	ACCTGCTCAGGACCTC-1	THEMIS	1
M	TCTATTGAGACTCGGA-1	CD14	1
M	CTGTATTGTTGGCTTA-1	CD28	1
M	GCCCGAATCCCGCAAG-1	MARCO	1
M	AAATGAGCATCCTGGG-1	CD8A	2
M	TACCCTGTCGCTACCT-1	NCR1	1
M	GTGTCAATCCGGCTGA-1	PECAM1	6
M	TGTGGCGCAGTCCTGG-1	DCN	1
M	TACGCAACATGGCCGT-1	KLRD1	7
M	ACAGAAAAGAACTCCT-1	CD6	2
M	GCGTAGCAGAAGCCGT-1	PRF1	5
M	CGGTGCAAGTGATAAC-1	LCK	1
M	GGTGCTGTCGCCACTT-1	EOMES	2
M	ACGTGGCCACTGGGCT-1	VWF	1
M	CTACTTACAGCAAACG-1	CD3G	2
M	GAAAGTAAGATGGCAC-1	CD3D	1
M	CACATGAAGGACTTTC-1	LCK	1
M	CCCTGATAGATACCAA-1	EBF1	2
M	TCGAGCGCAACTCCCT-1	EBF1	1
M	AGTTACGAGTCCTTCC-1	VCAN	1
M	GGAGTAGTCTGAGTAC-1	BANK1	1
M	CCTCCCTCATATAGAG-1	PECAM1	1
M	ACAAAGAAGGGTAGTC-1	VWF	1
M	ACTACCCTCTGATCTT-1	VWF	1
M	TAGCACAGTCGCGCTA-1	CD5	1
M	TCACCTGAGTTCCCGG-1	SPI1	1
M	TCACTCGTCAGAGTGG-1	ITK	1
M	TTCGGTCCAAGGAAGA-1	CSF1R	1
M	GTAGACTTCTCTCAAT-1	CD79A	2
M	GTGCACGGTAACTCCA-1	CD68	1
M	TGGCAATGTAGGGTCA-1	CDH1	3
M	GCTTGCTTCAGAGTGG-1	ITK	8
M	CAGTGCGAGATTGACA-1	ITK	3
M	AATACGCAGGTGTCGA-1	IL7R	2
M	TTGTTGTCAAGCGACA-1	KLRD1	1
M	TAGTCCCCACACACCG-1	VWF	1
M	GCGCCAAGTCACCCGA-1	NCAM1	2
M	GTTATTCAGAGTTCGG-1	ITK	3
M	TACTGCCGTCTGATTG-1	ITK	1
M	GTCCATCAGTCCCGCA-1	EOMES	1
M	CACAACAAGTCTGTGT-1	NCR1	1
M	ACAAAGATCCAGCACG-1	CD79B	1
M	TACATGGAGCTAACAA-1	FLT3	2
M	GACTAGTTCCACCTAC-1	KLRD1	1
M	TAATTCCTCACGATTG-1	CD160	1
M	TCGAGCGTCGGATCGC-1	EBF1	4
M	GAGTGAGGTTCAGAAA-1	ITK	4
M	GGTACCGAGAGCGGTT-1	VCAN	1
M	GTAGACTTCTCTCAAT-1	MRC1	1
M	GGGACCTAGAAATGGG-1	ITK	2
M	TAGGTGTCACTGCTTC-1	ITK	3
M	GCAAAGGTCCAGTACA-1	ITK	6
M	TTCGATTAGTACAGAT-1	VCAN	1
M	CTGGCAGGTCATCGTA-1	VCAN	3
M	CTCTACGCAACACGGA-1	VCAN	1
M	TCACAGACAAGGTCGA-1	NCR1	1
M	CTCGCTAAGCTGCTCG-1	SKAP1	1
M	AGTTTGGGTCATAAGA-1	IRF8	2
M	AACCGATGTGCGTTTA-1	CD3G	1
M	ACAAGCTGTAACTCCA-1	PRF1	1
M	CAAAGCTCAAGCAATA-1	CD160	1
M	TTAACGGGTTCCCGGA-1	LCK	2
M	CTCTCAGAGAAACGCC-1	LCK	4
M	CTTAATCCACAGAAGC-1	EBF1	2
M	CTGGGACCAACAAACA-1	CD14	1
M	ACAGCGCCAGTCAGCC-1	GNLY	1
M	GTCACGGTCTTAGTGG-1	EPCAM	1
M	TAACAGCCATAGCAGG-1	IRF8	2
M	TTCATCAAGAGCCACA-1	CDH1	1
M	GTGGATTCAGTAACCT-1	CDH1	1
M	GACCGACTCCTGAAAC-1	FLT3	1
M	GAGGATGGTCTGTCCT-1	KLRD1	2
M	TGGAAGGAGACTTGAA-1	TXK	3
M	TCAGTCCTCAGTCACA-1	ZBTB46	1
M	CTGTTCGAGTAATCAG-1	MERTK	1
M	GCCTACTGTCGTAGTT-1	KIR2DL4	1
M	AAAGGATTCCAGTACA-1	CD79B	2
M	CACTAAGCATCCGTAA-1	COL1A1	1
M	CCTTGCAAGCCGCAAA-1	MS4A1	2
M	TGACTCCTCATCATGG-1	THEMIS	1
M	AGCGATTGTAACGGCA-1	ITK	14
M	GTTATGGGTAAACGTA-1	ITK	4
M	GCCTAGGGTGGATTTC-1	ITK	2
M	TAGACTGAGAACCATA-1	ITK	1
M	CACCTTGTCAGTGTGT-1	TXK	2
M	ATAGGCTAGCCATTCA-1	MERTK	1
M	TAGGAGGGTCTCTGGG-1	PECAM1	1
M	GAAGTGGGTCCCGAGT-1	SKAP1	2
M	ATGGATCGTTTCGACA-1	KLRD1	1
M	TAACTTCCATTAGCAC-1	NCAM1	2
M	ATGTCGAAGCCCATGC-1	CD160	1
M	GCGTAGCTCACGTGTA-1	ITK	2
M	AACAAAGGTAAAGCTA-1	ZBTB46	1
M	TTCGGTCAGTTCGTTG-1	PECAM1	1
M	TACCTATGTATATGGA-1	KLRF1	1
M	AGATTCGAGTGCACAG-1	SFTPC	1
M	TAACAGCAGGGTCCCT-1	EBF1	2
M	ATCCAGAGTTTCGTTT-1	IL7R	3
M	GAGCGCTTCGGCTATA-1	BANK1	1
M	GTAATCGGTTACCACA-1	NKG7	1
M	TAGTCCCTCATCGCCT-1	SKAP1	1
M	GCCTAGGGTCGAGGTA-1	KLRD1	14
M	CGCTATCGTCATCGTA-1	KLRD1	10
M	TTGCGGGCATGGAGGT-1	CD6	1
M	GTAATCGCAAATTGAG-1	MRC1	1
M	CAATCCCAGGTTTCTG-1	LCK	2
M	CTGGCAGCATACCCGG-1	EBF1	2
M	AACTGGTTCAATGCAC-1	ITK	2
M	TTGCCCAGTCAACGGA-1	TXK	3
M	TGGCAATTCGTCTAGA-1	TXK	1
M	TATGTGGAGTAACTCC-1	EOMES	2
M	ACAAAGATCCAGCACG-1	CD28	3
M	TGGTCCTAGTGAGCAC-1	NCR1	1
M	CAGCTAACAGAAAGAG-1	IRF8	3
M	GCGATCGCAGGCACAA-1	FLT3	1
M	CCGTACTTCTTAATCC-1	KLRD1	2
M	CAGTATGGTACGTAGG-1	KLRF1	2
M	GTAGGAGAGCTCCATA-1	VWF	1
M	GCCCGAAAGACCATAA-1	CD3G	1
M	GGATAGGAGAAATTCG-1	PAX5	1
M	TAGGTGTCAGTGGTCC-1	EBF1	3
M	CGTACAACATCCGTAA-1	ITK	4
M	ATCGAGTTCCTAAGTG-1	CD8A	1
M	CGCAATAAGTGCCCTG-1	KLRF1	1
M	AATACGCCAAAGACGC-1	SH2D1B	2
M	GATCGTAAGAACCCGA-1	PAX5	1
M	TCGAGCGGTGATGCTT-1	BANK1	3
M	AGTTTGGGTCATAAGA-1	NKG7	1
M	GTCACAAGTTCTGATG-1	PECAM1	1
M	CGTAAACTCGCATAAC-1	PECAM1	1
M	CTCTCAGAGAAACGCC-1	SKAP1	4
M	GCTCGAGCATCGTACA-1	IRF8	5
M	GAGCATTCACGACGAA-1	KLRF1	2
M	ATCGAGTTCCTAAGTG-1	CD3E	2
M	GCGGAAATCTACTGCC-1	MRC1	1
M	GTGTCAATCCGGCTGA-1	LCK	1
M	TGCATTTCATAGAATG-1	LCK	1
M	CTTAATCCAACGCAAG-1	EBF1	6
M	GTGACATTCTCGTGAA-1	ITK	4
M	GACCTTCAGGGCGAAG-1	CD68	1
M	TTGAGTGCACAGATGG-1	IRF8	1
M	ACCTGCTTCTCTGACC-1	NCAM1	5
M	GTTGGGCTCGCCACTT-1	CD160	1
M	ATGGATCAGGCTGGAT-1	PAX5	1
M	ACGTTAGTCTATATCC-1	THEMIS	1
M	GCTCGAGCATCGTACA-1	TXK	5
M	AATGCCAAGGGACGTT-1	PECAM1	1
M	GAAAGTAAGGCGATTG-1	PECAM1	1
M	TTGGTCCAGACCTATC-1	PECAM1	1
M	AGTGTACTCTTAACGG-1	LYZ	3
M	ACCGGGTAGTCCGTGC-1	CD6	1
M	AACATCGTCCGGGCAT-1	CD6	1
M	AAATGAGCATCCTGGG-1	PRF1	1
M	AACGAGGAGTCTCGAT-1	ITK	3
M	TTGTTCAGTCCTTCAC-1	GNLY	3
M	ACGTGGCGTTTCGTTT-1	KLRD1	1
M	TGGTCCTGTAAACGAT-1	BANK1	5
M	AGCCGCACAACAACTC-1	TXK	3
M	ATAGGCTGTGGACAGT-1	KIR2DL4	1
M	CAACGTAGTATATGGA-1	CD79A	1
M	CTTGAAGTCTCGCGTT-1	KLRD1	3
M	GGAGAACTCACTCCCA-1	KLRF1	1
M	TAGCACATCTGAGTCA-1	SH2D1B	1
M	ACAAGCTCAAATGCTC-1	ITK	6
M	GGGTGTCGTTTCAGCA-1	ITK	2
M	CGTTCCAAGGAGTACC-1	IL7R	1
M	CAAAGCTAGTTCAGGG-1	ITGAM	1
M	CCGTGAGTCTACTTTG-1	DCN	1
M	GTTGGGCCAACTCGTA-1	EBF1	4
M	TGATGCATCAAACCCA-1	CD28	2
M	TTGAGTGCACACTAGT-1	CD4	1
M	TGATTTCAGGAGTACC-1	SPI1	4
M	TTCAACTCAACTCGAT-1	ITK	1
M	TCGGGACGTCCGTAGC-1	IL7R	2
M	GCTTAAGGTTACACTG-1	CDH1	1
M	CGTACAACATCCGTAA-1	KLRF1	1
M	GTAGGAGGTCCGTGCA-1	MS4A1	1
M	CCTTAATGTTTAGGAA-1	PRF1	3
M	GGGCCATGTGTCTACA-1	PRF1	1
M	TGACTCCGTAACCCAT-1	PRF1	1
M	CATGTTTTCAGGAATA-1	ITK	4
M	CGTACAACATCCGTAA-1	TXK	1
M	CTGAATGAGCTTTCCC-1	MERTK	1
M	CAGCTGGGTCGCTAGC-1	CD3E	2
M	TGCCTGTAGGTCTTTG-1	PRF1	2
M	TTGCAGAGTGAGTCGA-1	LCK	1
M	GCATTGAAGACTCTTG-1	PAX5	1
M	GAAACAAGTGAGTTGG-1	ITK	5
M	GCTTAAGTCTTGTCAT-1	VCAN	3
M	GCGAGTCGTTTAAGGA-1	BANK1	1
M	GCTCGAGCATCGTACA-1	CD79A	4
M	GATCGTAGTCTTAGCA-1	ITGAM	1
M	TTTGCGCCAGATACAA-1	VWF	1
M	GCAGATTTCACTAGGT-1	NCAM1	1
M	AACGGGAAGGGACGTT-1	SFTPC	1
M	GCCTAGGTCCATGACA-1	TXK	5
M	CCAATGACAGGTGGTA-1	CD28	1
M	TCGATTTCATATTGGC-1	IRF8	1
M	GAGGCTCAGAACGTCG-1	CDH1	1
M	TACAGCAGTGTGAGGT-1	KLRD1	8
M	GTAGGAGTCTGTAGAC-1	CD5	1
M	AAGGAGCAGATCACCT-1	CD160	1
M	GATTAGCGTGCGACCT-1	CD160	1
M	CTACAGAGTAATGCCT-1	LCK	2
M	TTACCCGAGATCCGAG-1	EBF1	1
M	AACGAGGCACATTGCA-1	BANK1	3
M	ATCCTCGAGTGTCGGA-1	PECAM1	1
M	ACAGAAATCTCGCGTT-1	CD79B	2
M	GTTATTCAGGATTTGA-1	SKAP1	7
M	TGAATCGCATTACACG-1	IRF8	4
M	TTGTTCATCGTATAGC-1	KLRF1	1
M	GTTGGGCAGTATCTGC-1	CD5	1
M	TTCATTGAGACTAATG-1	SPI1	1
M	GCTCAGGAGTTCCAGT-1	PRF1	2
M	CCGTGAGTCATCGCTC-1	EBF1	1
M	TACATTCAGTAACACA-1	ITK	5
M	GATTAGCAGAGTTTGA-1	BANK1	1
M	CATGTTTCACGCGACT-1	CD28	7
M	TGGACATAGTCGAGCA-1	MERTK	2
M	TTCGCGTTCACTCGTC-1	NCR1	1
M	GGGCCATGTGCCCTAG-1	IRF8	3
M	GCCTAGGAGTACCTCA-1	VWF	2
M	GCCTAGGTCCATGACA-1	ZBTB46	2
M	CTGAATGAGGAATGGA-1	NCR1	2
M	TAGCTTTTCAGTCTTT-1	CD79A	1
M	ACTGTCCGTCACCCGA-1	SKAP1	2
M	GCGAGTCTCCAACAAC-1	CD3G	1
M	TATGTGGCACCGTCTT-1	CD6	2
M	TCACCTGAGTTCCCGG-1	MRC1	1
M	CCATACCGTGGCATAG-1	SH2D1B	1
M	CGTTCCAGTTATCGAC-1	NKG7	2
M	TTACCCGGTCAGTGTT-1	KRT18	1
M	GGGTCTGGTAGCAGCA-1	PRF1	4
M	GCCTAGGAGTACCTCA-1	PRF1	2
M	TCGGGACCAATGGTAA-1	VCAN	7
M	GAAGTGGGTCCCGAGT-1	IL7R	1
M	CGAGTTATCAGCACTA-1	MERTK	4
M	GAGGATGTCTCATCCG-1	NKG7	2
M	CCCTCTCCACCACGAC-1	COL1A1	1
M	GCCCAGAAGTCGATAA-1	IRF8	3
M	TCAAGACGTAGGTGAC-1	ITGAM	2
M	AGTGCCGAGTCGACCC-1	EBF1	2
M	GAGGTCCCATGGTAAA-1	TXK	1
M	CCCTGATCAACACGGA-1	ITGAM	3
M	ATGGATCGTTTCGACA-1	VWF	1
M	TCTAGTTAGCTACGCC-1	CD3E	3
M	TGTACAGTCGCTCGGA-1	LCK	1
M	AATGCCAAGGGACGTT-1	CD14	1
M	CCTCCCTCATATAGAG-1	TXK	2
M	TGCCTGTGTACATGGG-1	GNLY	2
M	TGTAGCAAGTGATATG-1	GNLY	1
M	GCTTAAGGTTACACTG-1	NCR1	3
M	GTGTCAATCCGGCTGA-1	NKG7	2
M	GCCTAGGGTCGAGGTA-1	ITGAM	1
M	GAACTTGGTAGCAGCA-1	KLRD1	3
M	CAGTGCGTCTTTCGAT-1	VWF	2
M	TCAGGGCGTCCAAGTT-1	CD3E	1
M	TGGGTTAGTACGACCC-1	PRF1	1
M	TTCAACTCAACTCGAT-1	CD160	1
M	GCTTAAGTCTTGTCAT-1	MERTK	1
M	GCAGCCAAGCTTACCA-1	CD79A	2
M	CACAGATGTCAACAGG-1	CD79A	2
M	GTGTCAACAGTAGGCA-1	FLT3	1
M	CTGCGTTGTGCGCTCA-1	VWF	1
M	ACCTGCTTCCAACGCG-1	PRF1	1
M	CACAACACAAACGACG-1	LCK	3
M	GTAATCGCAATGTAAG-1	MERTK	2
M	GTGGATTCACGCTGTG-1	CD8A	3
M	TCAAAGCGTATTTGCG-1	GNLY	1
M	TACGGATGTATGTCCA-1	CDH1	1
M	GGATAGGCAAAGCTGG-1	PAX5	1
M	GTTGGGCCAACTCGTA-1	VCAN	2
M	GGAATCTTCACTCGGG-1	VCAN	1
M	GTTGGTAGTAGTCTGT-1	EOMES	1
M	GGTGCTGGTGCTGAAG-1	GNLY	1
M	CAAGCTAAGGCAGTAC-1	KIR2DL4	1
M	TCAGGTAAGCTCCGGT-1	SKAP1	1
M	TTTGGCCTCAAAGTAG-1	CD6	4
M	AGCGATTGTGATAAGT-1	PRF1	5
M	AGATTCGTCGTTTGAG-1	CD160	1
M	ACCATCCTCGTTTGAG-1	ZBTB46	1
M	GCCAGCATCAAACCCA-1	MARCO	2
M	ACAGAAACAACTCAAC-1	NCR1	2
M	TTGCTATAGACACAAT-1	KLRD1	7
M	TTAGGTGCAGGAGCAT-1	VWF	6
M	GAGAACGCAGCAACAG-1	VWF	4
M	GTGTCCTGTCTGGGCT-1	CD6	1
M	CTCTACGAGTCTCCAA-1	PRF1	2
M	TAATTCCAGAACCATA-1	MRC1	1
M	TGATTTCAGGAGTACC-1	SH2D1B	1
M	CATAACGCAACGAGGT-1	EBF1	6
M	CCCACATGTGCAAGAC-1	EBF1	2
M	GTGTCCTAGAGCTGTG-1	EOMES	1
M	GCATGATAGACTAATG-1	ZBTB46	1
M	CCCACATCAGGATGTG-1	CD28	1
M	TGTACAGGTGGATTTC-1	CD79A	1
M	AAAGGATAGGATGTCG-1	PECAM1	8
M	GTGGATTAGTAGTCGG-1	PECAM1	4
M	TGATTTCCAATCATCG-1	KLRD1	5
M	TTGCCCAGTCAACGGA-1	PRF1	1
M	AAAGGATTCACATTCT-1	MRC1	3
M	CGGTGCAAGGGCGAAG-1	EBF1	1
M	GTTATGGTCCTCTCTT-1	KRT8	1
M	CAACGTAGTACCCATA-1	KLRD1	3
M	ACATGGTCATGTATCG-1	BANK1	3
M	TAGGTGTTCCGTACGG-1	TXK	1
M	CGTACAACAATCAGGG-1	KIR2DL4	1
M	AGCGATTCAGGGCTTC-1	CD79A	4
M	CCTTAATCAAAGGCCA-1	SFTPC	1
M	CCCACATAGTCTAGAA-1	THEMIS	3
M	ACATGCAGTATTTGCG-1	THEMIS	3
M	TAGTCCCCACAAGGGT-1	THEMIS	1
M	AACATCGGTCTGGGAA-1	ITK	5
M	GTCCATCGTGAGGGTT-1	IL7R	3
M	TGTGGCGCAGTCCTGG-1	BANK1	3
M	CTCACCATCCACTAGA-1	CD8A	3
M	TCAGCTCCAAGCAACG-1	FLT3	1
M	TTTGCGCAGTAGACCG-1	KRT8	1
M	GAGCATTGTTTCTACT-1	KLRD1	1
M	GATCGTAAGGGAAGCG-1	MRC1	1
M	GGTGCTGGTGGACGAT-1	PAX5	1
M	AGTGCCGAGAGATTAC-1	EOMES	1
M	ATCCTGCCAAATTCCG-1	ZBTB46	1
M	GCGGTGTGTAGTGATA-1	CD28	2
M	GCTTAAGGTTACACTG-1	CD6	3
M	ACCCAAAGTTAGAGAT-1	KLRD1	2
M	ATCCTGCGTATTCTGG-1	CD4	1
M	AGCCAGCGTGCACATT-1	NCAM1	2
M	TGATTTCTCGTGAGTT-1	SPI1	1
M	GTGCCAGAGTTAGAGT-1	PRF1	1
M	CAACGGCCAACAACTC-1	LCK	2
M	AATGGCTTCGGGTCCA-1	EBF1	2
M	AAACTGCTCTTTGCAT-1	EBF1	1
M	GCCAGACTCACTAGGT-1	CSF1R	2
M	GATCATGGTATCTCAG-1	NKG7	1
M	AGCGTATTCGCTTCAC-1	CD68	1
M	CGCAATACAATGCCAT-1	PRF1	4
M	GCTGAGCGTTTGCCAA-1	BANK1	4
M	GTTATTCCAGGCAAGT-1	SKAP1	2
M	GCTTAAGGTTACACTG-1	ITGAM	1
M	AGATTCGTCTTCCGTG-1	VWF	1
M	CGTACAAGTTGTATCG-1	LCK	1
M	AAACGAAAGCGGACAT-1	LCK	7
M	TCAGGGCGTCCAAGTT-1	PAX5	1
M	GCGCATGGTGAGAGTC-1	CSF1R	1
M	GGTGTCGAGGGTTCTT-1	CD14	1
M	CAAGCTAAGGCAGTAC-1	IL7R	1
M	TGGGTTAGTACGACCC-1	CD8A	1
M	AGGACGACAGCGCGTT-1	EPCAM	1
M	AATGGCTAGTAGTTCC-1	VWF	6
M	CTCCCAAAGAAGCCGT-1	NCAM1	4
M	AGTGTACGTCATCGTA-1	EBF1	2
M	AACATCGTCCGGGCAT-1	ITK	4
M	AAAGATGTCCAGTACA-1	KIR2DL4	1
M	GTAGGAGAGTGAAACT-1	CD160	1
M	GAAAGTAGTAACGGTG-1	CD160	1
M	GGTGTCGAGGGTTCTT-1	VCAN	2
M	AGCCTCTAGAGGTACC-1	BANK1	1
M	ACATGCATCCTAAGTG-1	CD79A	6
M	TTAGGTGCAGGAGCAT-1	CDH1	1
M	GGGCCATAGGGCATTG-1	DCN	1
M	ACTATTCCACCGATCG-1	KLRD1	2
M	AGCCTTCCAGCGTAGA-1	PAX5	2
M	ACTGTCCGTGTCTCGG-1	ITK	2
M	CATGCCTCACCCTTTG-1	ITK	6
M	ACCGGGTAGTCCGTGC-1	NCR1	1
M	TCAGGTAGTATCCTTT-1	NCR1	1
M	TACCTATGTATATGGA-1	PECAM1	2
M	CAACGTAGTACCCATA-1	SKAP1	1
M	GGAATCTAGAACAGGA-1	IRF8	1
M	GCACGCATCCTGACCT-1	KRT18	1
M	TAATTCCCACAAGTGG-1	CD6	1
M	CTTCTAATCGGGATCC-1	CD160	1
M	CTTGTCGAGCGTAGCA-1	EBF1	2
M	ATGTACGGTCATAGCT-1	EOMES	3
M	AGCTGGCAGTATAGTG-1	KIR2DL4	1
M	CATGCCTCACCCTTTG-1	PRF1	2
M	TTCAACTCAGGTAGCA-1	TXK	1
M	GGATGAGAGGTACATA-1	NCR1	3
M	CGTAAACGTTCCGGCA-1	KIR2DL4	2
M	TAGGAGGTCATTCATC-1	KLRF1	2
M	TTCAACTCAACTCGAT-1	CD3D	1
M	GTAATCGCAAATTGAG-1	EBF1	5
M	GGTCATACATAGAATG-1	EBF1	1
M	CTACTTAGTACGAGAC-1	IL7R	1
M	TTCGCGTTCTTCCGTG-1	PECAM1	2
M	GCAGCTGTCCAAGTCA-1	IRF8	1
M	TGCCTGTAGGTCTTTG-1	DCN	1
M	TCAGTCCTCAGTCACA-1	BANK1	1
M	AAACTCGGTGACCAGA-1	TXK	3
M	GGGTCTGCACTCAAGT-1	TXK	3
M	CTCACCATCCACTAGA-1	ZBTB46	1
M	CAAGAAATCCATATCT-1	CD3G	1
M	TCAGGGCTCTGGTACA-1	SPI1	1
M	ACTATTCAGTCCCGCA-1	PRF1	6
M	TTTGGTTGTGCTGTCG-1	PAX5	2
M	CCCTGATAGATACCAA-1	BANK1	3
M	GAATCTGCAGTAAGCG-1	BANK1	1
M	GAGGATGTCTCATCCG-1	CD79A	2
M	AGGACGAGTCAAGACG-1	PECAM1	1
M	GCGCCAAGTCACCCGA-1	IRF8	1
M	GCTGCGAGTAGAATAC-1	IRF8	1
M	GGCGTTGGTTCTGAGT-1	KLRD1	5
M	GCAGATTAGCTCGGCT-1	NCAM1	2
M	TTCGGTCTCGCTACCT-1	MS4A1	1
M	GTAGTACGTCAGCAAG-1	PAX5	2
M	TAAGTGCGTGCAACAG-1	NCR1	1
M	CGTTCCATCGATAGCT-1	KIR2DL4	1
M	GAAGTCTTCCGATGCG-1	PECAM1	3
M	CGGACCATCAATTCCT-1	FLT3	1
M	TAATTCCCATCAACTG-1	KLRD1	2
M	GAGGCTCAGAACGTCG-1	CD6	1
M	CGATGATTCCTCAAGA-1	PRF1	2
M	TGATCAGAGAAGCCGT-1	SH2D1B	1
M	TTCGTTATCCGCGATG-1	ITK	2
M	GTAATCGCAAATTGAG-1	GNLY	3
M	CCTTAATTCTCGCGTT-1	COL1A1	1
M	TTAGCTTAGGTACTCT-1	VWF	1
M	GTCACTCAGAGCGAAA-1	NCAM1	3
M	CCTTGCACAGGTCCTG-1	NCAM1	1
M	CTTAATCAGAAATGGG-1	NCAM1	2
M	GGAGTAGTCCTGGGAC-1	MRC1	1
M	TAATTCCCACAAGTGG-1	LCK	1
M	TCAGGTAAGCTGCCAC-1	IL7R	1
M	TGCTCACTCTCGGCGA-1	EOMES	1
M	TGTGACATCGGCAATT-1	GNLY	2
M	GGATGAGCAAGGAAGA-1	NCR1	1
M	TGCTCACTCCGGGCAT-1	NKG7	2
M	TGGCAATTCGTCTAGA-1	CDH1	1
M	AAATGCCGTCATCGTA-1	VWF	1
M	CTTGCCATCACTGATG-1	NCAM1	1
M	AAGGAGCCACGATTAC-1	SPI1	1
M	TCGATTTGTCAAATCC-1	MRC1	1
M	GCCAGACTCACTAGGT-1	LCK	1
M	AGCGTGCTCGGCTATA-1	PAX5	2
M	TTACCCGAGATCGAGC-1	BANK1	1
M	GAATCTGCAGTAAGCG-1	TXK	1
M	GTACTTTTCGGCAATT-1	PRF1	3
M	AGTTTGGCAACTCGTA-1	PAX5	1
M	CCCTGATAGGTCTTTG-1	CSF1R	1
M	AGATTCGTCTTCCGTG-1	TXK	1
M	AAGATAGAGGCGACTA-1	MERTK	1
M	TGCACCTTCGATTACG-1	GNLY	2
M	CTGTATTAGATGCGAC-1	NCR1	1
M	ATCCTCGAGTGTCGGA-1	NKG7	1
M	GTGGATTAGTAGTCGG-1	SKAP1	8
M	GCTCAGGCACCACAGC-1	SKAP1	1
M	CAAGAAACAGGGAGTT-1	VWF	3
M	GAGATTCAGTTGACAA-1	EBF1	2
M	CGGTGCAAGTACAACA-1	GNLY	3
M	TCAATTCTCAGTCAAC-1	COL1A1	1
M	TTCAACTGTTCTACGA-1	CDH1	1
M	GCAGCCATCCATCTAT-1	KLRD1	2
M	TGACTCCAGGAAGGTA-1	VWF	1
M	TCGCCTACATCGGCTG-1	NCAM1	7
M	AAGGTTCAGAAGCCTG-1	PRF1	1
M	GAGGTCCCATGGTAAA-1	MRC1	1
M	TCAGGTAGTATCCTTT-1	MRC1	1
M	ACCGGGTAGTCCGTGC-1	EBF1	1
M	CAGTGTAGTCAACAGG-1	ZBTB46	1
M	AACGAGGCACATTGCA-1	CD28	1
M	AAAGGATTCACATTCT-1	SKAP1	1
M	AACTTGGGTGCTGTCG-1	CDH1	1
M	CGTTCCATCCGGAAAG-1	CD28	7
M	TGCTTTATCTCGCGGA-1	CD79A	1
M	AAGATAGAGCCAGAAC-1	PECAM1	4
M	TGACAACCATACCCGG-1	SKAP1	4
M	TAGGAGGTCATTCATC-1	CLEC9A	1
M	CCCTCTCCAAGGTTCT-1	SPI1	1
M	GATCATGGTATCTCAG-1	THEMIS	5
M	TAGCACAGTCGCGCTA-1	ITK	2
M	TCTCAGCAGCTTCAAC-1	TXK	3
M	TAGGTGTGTGGTGGTA-1	TXK	2
M	CATTCATGTATGGATA-1	EOMES	2
M	TCACAAGAGAGTAAGG-1	CD28	1
M	TGGCGCAAGCTGAGGT-1	MARCO	1
M	ATGTACGCAATGGCTT-1	GNLY	5
M	GTAGGAGCAAGCAACG-1	NCR1	1
M	TTACCCGAGATCCGAG-1	NCR1	1
M	CCCTGATCAACACGGA-1	CD68	1
M	AAGGAGCGTGAGGTCA-1	IRF8	1
M	GCGATTATCAATTGGC-1	NCAM1	2
M	GACCAATAGAGGTCCA-1	CD6	1
M	GCAGATTTCGATAGTC-1	CSF1R	1
M	CTACTTAGTACGAGAC-1	VCAN	1
M	TGCATGACAAGGATGC-1	BANK1	1
M	TAGACTGAGAACCATA-1	TXK	1
M	GCGTAGCAGAAGCCGT-1	NCR1	2
M	CCGAAGCCAACCTCCT-1	SKAP1	4
M	TACATGGAGCTAACAA-1	KRT8	2
M	ATGTACGGTCATAGCT-1	CD3E	1
M	TAGGTGTCACCGAAAG-1	ITK	4
M	GATCATGGTATCTCAG-1	VCAN	2
M	ACAGGCCTCCCAGCAG-1	CD8A	3
M	GCATTGATCGATAGGG-1	CD3G	1
M	CGAGTTAGTACTTCAG-1	NCAM1	7
M	TTACCCGCACTAGGAG-1	MS4A1	1
M	CCTTGCAAGGCTCCTG-1	PRF1	1
M	AACAAAGAGCGCCTAC-1	SH2D1B	2
M	GGGTTATCAATTCTCT-1	LCK	2
M	CCTATTAAGATCTAAG-1	LCK	1
M	ACTAGGTTCCATAACG-1	EBF1	1
M	CCTAAAGGTCCCGAGT-1	BANK1	1
M	TTGGTCCTCAGAACGG-1	NCR1	1
M	TGTGGCGCAGTCCTGG-1	SKAP1	6
M	TGCCTGTAGGTCTTTG-1	IRF8	1
M	GGTGTCGAGACAACGC-1	CD5	1
M	CCTTGCATCTCTGACC-1	ITK	1
M	AACCGATAGAGAAGCA-1	ZBTB46	1
M	TTCATCAAGGTCCTCG-1	NCR1	1
M	AATGCCAAGGGACGTT-1	CD3D	1
M	GAGCATTCACGACGAA-1	MRC1	6
M	TCCAGAAAGAACAGGA-1	BANK1	1
M	GAGGATGTCTCATCCG-1	GNLY	2
M	TCGCCTATCCATATCT-1	NCR1	2
M	CTGCGTTCAACAACTC-1	KIR2DL4	2
M	GCACGCAGTTGAAGCG-1	CDH1	1
M	GAGCATTCACGACGAA-1	LUM	1
M	GGCGTTGCATCAGAAA-1	CD6	2
M	GCGTTGGAGCTATCGT-1	PRF1	1
M	CCTGGGACAGAACGAC-1	ITK	4
M	AGCGTGCAGGTAAGCC-1	BANK1	1
M	TGATGCACAAAGCTGG-1	ZBTB46	1
M	CTGTTCGAGTAATCAG-1	ZBTB46	1
M	AGATTCGAGTGCACAG-1	CD79A	1
M	CCGTACTTCTTAATCC-1	PECAM1	2
M	GGTCATAAGATTCCGT-1	SKAP1	2
M	TCAGTCCCATATAGAG-1	IRF8	5
M	CAAGAAATCCATATCT-1	IRF8	1
M	TAGACTGAGCAATGTA-1	KRT8	3
M	ACCGGGTAGTGATCTC-1	PRF1	4
M	CGGTGCATCGCTTACC-1	EBF1	3
M	GTGTCCTGTCTGGGCT-1	EBF1	2
M	GGCATTACAACGCACC-1	ITK	2
M	TGGCCTTAGAGGTCCA-1	ITK	2
M	CGGTGCAAGTACAACA-1	MARCO	3
M	TGACAACCAAGACACG-1	MERTK	1
M	GGAACTTTCGGAAAGC-1	MERTK	2
M	GAAGTCTTCCGATGCG-1	SKAP1	2
M	TGCTTTAGTCCAAGAG-1	VWF	2
M	CTTCTAATCCCAATAG-1	PAX5	4
M	GTAGACTCAATTGTGC-1	CD14	1
M	AGGACGATCCACGAGC-1	ZBTB46	2
M	TTAACGGTCTTAAGCG-1	KIR2DL4	6
M	TTGACGATCACCGCGA-1	SKAP1	1
M	AAACTCGGTGACCAGA-1	KRT8	1
M	GTGCACGGTAACTCCA-1	KLRD1	2
M	AGGCCTGAGTCAGGAC-1	CD6	2
M	CAAGAAAAGGTACTCT-1	CSF1R	3
M	CTGAATGAGGAATGGA-1	BANK1	3
M	GCCAGCATCCCGCAAG-1	CD28	1
M	TTACGTTCACCACAGC-1	GNLY	1
M	GGGACCTAGAAATGGG-1	SKAP1	2
M	CAGTGTATCTCGCGTT-1	SKAP1	2
M	GAAACAATCTCAGATG-1	KRT8	1
M	ACATGCAAGACTCTTG-1	KLRD1	8
M	TCAATTCAGACTAGGC-1	KLRF1	1
M	GGAACTTGTCTAACCA-1	NCAM1	1
M	GGCACGTGTGGTAGAC-1	PRF1	2
M	CACCTTGTCGTGAACT-1	THEMIS	1
M	GGTGTCGCAACTTGGT-1	EBF1	1
M	CGGACCATCAATTCCT-1	PECAM1	1
M	AGACAAAAGGTAAGTT-1	KLRF1	1
M	GGCGTTGCATCAGAAA-1	KLRF1	1
M	TTGCGGGTCAATTCCT-1	PRF1	1
M	TCCCACACACAAACAA-1	SH2D1B	2
M	AACCGATAGAGAAGCA-1	CD160	4
M	TGTTAGGGTCTGGTCG-1	EBF1	2
M	CAGGGCTAGGGAGATA-1	NCR1	1
M	TACGCCTAGCGAGAAA-1	CD79A	1
M	TGTGGCGCATTAGCCA-1	CD3D	1
M	ATTTGTCAGCGTTAGG-1	SH2D1B	2
M	CCTTGGTTCGGTTCCT-1	PAX5	2
M	TGCACCTAGACTCTTG-1	EBF1	3
M	CTAGGATCAAGTTGCT-1	CD14	1
M	TCAGTCCCATATAGAG-1	BANK1	2
M	TTACTTGAGGATATCA-1	TXK	7
M	GGAATCTAGTCTGTGT-1	COL1A1	2
M	AGCTGGCCACCGAAAG-1	SKAP1	1
M	CTTGCTGAGAGGCAGG-1	NCAM1	3
M	TGATTTCAGGAGTACC-1	BANK1	14
M	TTGGTCCAGGTGATGC-1	TXK	3
M	CACAGATAGGGTCTGA-1	IRF8	1
M	CATGCCTAGGGAGTTC-1	KLRD1	2
M	CCTAAAGAGTAATCAG-1	PRF1	4
M	CCGTACTAGCGAGCTA-1	SFTPC	1
M	TGGACATAGTTCTCCC-1	EBF1	17
M	CACTAAGGTTTGCATG-1	EBF1	2
M	GAACGTTGTTAGGAGC-1	TXK	1
M	TCAGTTTTCTGAAAGA-1	TXK	5
M	ACTAACGGTTTCTTAC-1	MERTK	1
M	GGAGGATTCTTGCGCT-1	CD79A	1
M	GCATTGATCTCTCAAT-1	IRF8	1
M	TGATTTCTCCTCTCTT-1	KRT18	2
M	AATGCCATCTGCCGAG-1	KLRD1	1
M	TTGCAGACATCCCAAA-1	NCAM1	3
M	TAATCGGCAATAGCGG-1	NCAM1	4
M	TCAGGTATCTATTTCG-1	NCAM1	2
M	AGCCTGGTCTACTGCC-1	ITK	2
M	ATCCTCGTCCGTTAGA-1	EOMES	2
M	AATGGCTAGTAGTTCC-1	NKG7	1
M	CCTTAATTCTAGCAAC-1	NKG7	1
M	ATCCAGATCCTTGACC-1	NCAM1	2
M	GAAGTCTGTCAACAGG-1	PRF1	1
M	CAAGAAATCCATATCT-1	SH2D1B	3
M	CTGCTCAAGGCCTAAG-1	EBF1	1
M	TCGTTCGCAGTTACAC-1	CD14	1
M	CTGGGACCAACCTCCT-1	CD14	1
M	TACCTATCATAGCCGC-1	BANK1	3
M	TTTGGTTGTAATGTGA-1	BANK1	1
M	GCGAGTCGTTTAAGGA-1	EOMES	1
M	TGGACATAGTCGAGCA-1	ZBTB46	1
M	AGCGATTAGCCTGTAT-1	CD79A	2
M	TCGATTTGTCAAATCC-1	IRF8	1
M	TCAGTCCTCAGTCACA-1	KLRC1	1
M	CGTTCCATCGATAGCT-1	KLRD1	6
M	GTCTACCTCCAGAATC-1	PRF1	1
M	CACTAAGAGCTCCGGT-1	LCK	3
M	TGAATCGCATTACACG-1	EBF1	1
M	CTTAATCAGAAATGGG-1	EBF1	2
M	TATTGCTGTGAATACA-1	EBF1	1
M	GTCTACCCAGGCACAA-1	ITK	9
M	CGCTGGATCACTCCCA-1	TXK	1
M	GTAGGAGCAAACTACC-1	CD79A	1
M	GGAATCTAGTCTGTGT-1	SKAP1	2
M	GAAAGTAGTAAACGGC-1	KLRD1	2
M	GTAATCGCAAATTGAG-1	KLRD1	3
M	ATCCAGATCTTGTCGC-1	CD4	1
M	TAGGTCACATGGCCCA-1	ITK	6
M	CACATGAAGGACTTTC-1	MERTK	1
M	GAACCGCGTACGGATG-1	FLT3	1
M	GTTATGGGTAAACGTA-1	NCAM1	5
M	TTCATCAGTTGTATCG-1	CD5	1
M	TATCGAGCAATTCTCT-1	CD6	3
M	TATCTGTAGGCCTCTG-1	MRC1	1
M	TACATTCTCGCTTCAC-1	PAX5	1
M	CTAGCGGAGGGTAATT-1	CD14	1
M	CACATGAAGGTAGGAA-1	CD14	2
M	CGGACCAGTTTCAGCA-1	TXK	3
M	ACCCAAAAGCTGAATA-1	MARCO	4
M	ACAGAAACAGCGTACC-1	MERTK	2
M	GAGCATTCACGACGAA-1	KIR2DL4	1
M	TTACGTTCATGGTAAA-1	LUM	1
M	GGTTGCGTCATTCATC-1	KLRD1	3
M	TTAACGGCAGTTACAC-1	NCAM1	1
M	GGTGCTGTCAATTGGC-1	EBF1	10
M	TTTGAGGGTCAGGTGA-1	EBF1	2
M	GCTGTTCAGAGCTCCC-1	BANK1	4
M	TGCCTCAGTAATGCAA-1	EOMES	3
M	TGCTTTAGTCCAAGAG-1	CD8A	5
M	GCGGAAATCTCGCGTT-1	PECAM1	2
M	CCATACCCAATCACTG-1	SKAP1	1
M	GGGACCTAGTTGGAAT-1	CLEC9A	1
M	TAGGTCACATGGCCCA-1	EOMES	3
M	GGATGAGAGGTACATA-1	PECAM1	1
M	GTGGATTCACGCTGTG-1	FLT3	1
M	GGATGAGGTCAATACC-1	MRC1	1
M	TGGTCCTGTGCGCATC-1	CD14	1
M	CTGCTCAAGGAGTCTG-1	MERTK	2
M	CCGTACTGTCCAGACC-1	GNLY	3
M	GTTGGGCAGGCTCCTG-1	CD79B	1
M	CCTGGGATCGTCTTAT-1	IRF8	3
M	CCTAAAGAGTAATCAG-1	ITGAM	1
M	CTCCCAAAGAGTCCGA-1	VWF	1
M	AGCCCGATCGCATAAC-1	MRC1	2
M	CCGAAGCAGTTCGACT-1	CD160	1
M	AAAGGATTCACATTCT-1	LCK	3
M	AGTTACGGTTCTTTCA-1	LCK	1
M	AAATGAGAGTGCTGAG-1	VWF	1
M	GGAATCTTCCCTAAAG-1	CD160	1
M	CAAAGCTCAAGCAATA-1	LCK	1
M	GGATGAGCAATCCATG-1	ITK	3
M	AGGACGAGTCAAGACG-1	ITK	4
M	GCTTAAGGTTACACTG-1	IL7R	4
M	ACATGCAGTATTTGCG-1	CD8A	1
M	ACAGGCCAGCGGACTA-1	KIR2DL4	1
M	ACATGCATCTACATCT-1	SKAP1	2
M	ATGTCTTAGAGCTGTG-1	KRT8	3
M	ACGTGGCCAAGACTAA-1	THEMIS	4
M	CTTGCTGAGGTCGTTT-1	NKG7	1
M	CAAGAAACAGGGAGTT-1	KLRD1	10
M	TTCATCACACACACCG-1	EBF1	1
M	GCTGTTCCAAGGAACC-1	ITK	1
M	AGTCCGGAGATATGAC-1	VCAN	2
M	TCAGGTATCTATTTCG-1	KIR2DL4	2
M	TAGCATGGTTACTTTC-1	NCAM1	2
M	GCCAGCATCCCGCAAG-1	LCK	1
M	ATTACCTAGATCCGAG-1	PAX5	5
M	CGCACAGTCTGTTGCC-1	THEMIS	1
M	CTACTTACAGCAAACG-1	NKG7	2
M	GACCGACGTAAGTCTC-1	NKG7	1
M	GCTCACTCACCTGAAT-1	CD79A	1
M	TAGTCCCCACAGTAGG-1	FLT3	1
M	GGATGAGAGGTGTTGG-1	TXK	4
M	GAAGTGGGTCCACCAG-1	CD28	1
M	TTAGGTGTCGCGATGC-1	SKAP1	7
M	CCTGGGACAGAACGAC-1	ITGAM	1
M	CCATACCAGGCTCCTG-1	SH2D1B	2
M	GCTCAGGCATCGTGAT-1	ITK	4
M	TCGGGACTCGGCAATT-1	ITK	1
M	GTGGATTAGTAGTCGG-1	TXK	7
M	CGCACAGCACTTGCGG-1	NCR1	1
M	CTCGCTAAGAACGTCG-1	NKG7	1
M	TACATTCAGTAACACA-1	SKAP1	1
M	ACGTTAGTCTATATCC-1	CD5	1
M	GTGTCCTTCATTGCCC-1	PECAM1	2
M	GATCGTAAGAACCCGA-1	PECAM1	2
M	ATGTCGAGTCCCGAGT-1	PRF1	1
M	GGTTGCGAGGCCAATG-1	CD160	2
M	CATTCATCAGCGCGTT-1	LCK	1
M	GGTAGGACATTAGCAC-1	IRF8	1
M	TTACGGACAGGGCTTC-1	KLRD1	2
M	GAAGTCTCAGTAACGG-1	CD3E	2
M	GGCGTTGAGAGCCACA-1	NCAM1	1
M	AACCAACTCGGTCAGC-1	SH2D1B	1
M	CGTTCCAGTTATCGAC-1	ITK	4
M	TGGAAGGAGTGAAGGA-1	TXK	3
M	ATAGTCGAGTCCGATT-1	ITGAM	1
M	CCTAAAGGTCACCCGA-1	CD3E	2
M	AAGATAGAGCCAGAAC-1	CD5	1
M	AGTGTACGTCATCGTA-1	SH2D1B	2
M	CATTGGAGTTCCCAAA-1	PAX5	1
M	GTGACATGTGCACATT-1	TXK	3
M	CTGGGACCAACAAACA-1	TXK	1
M	AGCTGTACATGTAGAA-1	KIR2DL4	1
M	CTGAATGTCGGAAAGC-1	MRC1	1
M	TACTAGGCACTGCTTC-1	VCAN	2
M	TGTTAGGGTCTGGTCG-1	PECAM1	4
M	CAACGTAAGGGCGAAG-1	SKAP1	2
M	GCAGCTGAGATTAGAC-1	SKAP1	8
M	TGACTCCAGGAAGGTA-1	SKAP1	2
M	TGCATTTCAACTCAAC-1	SKAP1	1
M	CGCAATATCGACTGGC-1	KLRD1	2
M	CCTTAATCAGCGTACC-1	VWF	1
M	TGCCTCAAGACGCCAA-1	CD6	1
M	AGCCTTCCAGCGTAGA-1	LCK	2
M	GTTACGAGTGCGTCCA-1	ITK	2
M	TAATCGGCAATAGCGG-1	EOMES	2
M	TAGGAGGTCTGAGTAC-1	NCR1	2
M	AACAAAGTCGAACACT-1	CD79A	2
M	TAGCACATCTGCTACC-1	CD79A	1
M	TGCTATTGTAAAGGCC-1	PECAM1	3
M	TGTTAGGCATAGATAG-1	CLEC9A	3
M	TAGTCCCCACACACCG-1	MERTK	1
M	AGGCGAATCCATATCT-1	MERTK	1
M	TGATTTCCAATCATCG-1	COL1A1	3
M	GTGTCAATCTCTTCTC-1	KLRD1	10
M	AGCCTGGGTACGGAGT-1	CD3D	2
M	CATAACGCAACGAGGT-1	CD3E	2
M	TATGTGGCACCGTCTT-1	PAX5	2
M	GTAGACTTCTCTCAAT-1	VCAN	2
M	AATGTCGAGCGGACTA-1	EOMES	3
M	TTACGTTCATGGTAAA-1	KLRD1	4
M	GGAACCCGTCCGAGCT-1	NCAM1	2
M	GGTACCGAGAGCGGTT-1	MRC1	1
M	GCCATAAAGCGCCTAC-1	SH2D1B	1
M	AAAGGATTCACATTCT-1	PAX5	2
M	TTGCACCCAGGGTAAC-1	VCAN	2
M	CTAACTTAGGAAACTT-1	ZBTB46	1
M	CTAGGGCTCGAACCGC-1	IRF8	1
M	GGAACCCGTCAGAAAT-1	IRF8	3
M	AACGAGGAGCAACGGT-1	CDH1	1
M	ACTGTCCTCCATAGGT-1	KLRD1	1
M	GGTGCTGCAAGGGTAC-1	LCK	1
M	CTCAACCCACAGGAAC-1	TXK	2
M	CCCGTTACATTTAGGC-1	CD28	2
M	CCGAAGCAGTTCGACT-1	PECAM1	4
M	GGAATCTAGTCTGTGT-1	KLRD1	4
M	TAGCGGCAGGACTAGC-1	CD5	2
M	GATCGTAGTCCACCAG-1	PRF1	1
M	CTCCCAAAGAGTCCGA-1	SH2D1B	1
M	GGAGTAGGTCATAGAA-1	EBF1	1
M	AGCGTATCACTAGCCG-1	CD79A	1
M	TCAGGTAAGCTCCGGT-1	DCN	1
M	AGACAAACAGAAGTGC-1	NCAM1	4
M	ATGTCGAAGCCCATGC-1	SH2D1B	2
M	GCTGTTCAGGAAGGTA-1	PAX5	1
M	ACAGACTAGGTAAGCC-1	THEMIS	2
M	TCAGTCCAGGGAAGCG-1	EBF1	4
M	AGCCCGAGTAGTCTGT-1	EBF1	1
M	ATGTCGACAGGTGTGA-1	EBF1	1
M	CGGTGCATCGCTTACC-1	ITK	2
M	GTCACCTGTAACATAG-1	ITK	5
M	GCTTAAGTCTTGTCAT-1	CSF1R	1
M	TGGCAATGTTCATTTC-1	PECAM1	3
M	GCCATAAAGCGCCTAC-1	KLRD1	3
M	AGCCCGATCCTGGAAT-1	PRF1	1
M	TCAGGTATCACCCTTG-1	EBF1	2
M	TGGGTTAGTACGACCC-1	TXK	1
M	ACGGATTAGCCATGGA-1	GNLY	2
M	TAGCCGGAGACTTGAA-1	KLRD1	3
M	GCGATTACATGCGTTA-1	KLRF1	1
M	CGATGATTCCTCAAGA-1	EBF1	3
M	AGTGCGCGTGCTGTGC-1	EBF1	2
M	ATCGAGTCAAGTCTCA-1	ITK	2
M	GAAACAAGTTCTTATC-1	EOMES	1
M	ATCCTCGCACACTAGT-1	ZBTB46	1
M	TTAACGGGTTCCCGGA-1	ITGAM	1
M	GCTCACTGTGTGCTTA-1	KLRD1	6
M	GAGACTTCACTTTGGA-1	CD6	2
M	AATGTCGAGCGGACTA-1	THEMIS	2
M	CCTGCTATCTACATCT-1	EOMES	1
M	GCCTAGGTCTGGCACG-1	KIR2DL4	1
M	TGACAACTCGCCGAAC-1	PECAM1	1
M	TTTGCGCCAGATACAA-1	COL1A1	1
M	GACCAATTCCACCTAC-1	NCAM1	1
M	CCACGTTTCTTTATCG-1	NCAM1	2
M	GCACGGTAGGATGTAT-1	PRF1	3
M	ACCAAACTCAGGGTTT-1	THEMIS	1
M	CATGCCTAGTTAGCGG-1	EBF1	1
M	TCAATTCTCTTTATCG-1	EBF1	1
M	GGGTCTGCACTCAAGT-1	GNLY	1
M	AGGCCTGAGTCAGGAC-1	KIR2DL4	1
M	AGCCTTCCAGCGTAGA-1	PECAM1	1
M	CCTATTAAGATCTAAG-1	PECAM1	2
M	GTTACTTTCTTAACGG-1	CD6	1
M	TAACGGTGTCAGAAGC-1	PAX5	1
M	TTTACGTTCTGGCTAA-1	ITK	1
M	AAAGGGCCAACTCGAT-1	TXK	5
M	GAACGTTGTTAGGAGC-1	MERTK	1
M	ACCGCAGGTCTGGGCT-1	CD8A	2
M	GCTTGCTTCCATAACG-1	SH2D1B	2
M	TGTGACATCGGATGTT-1	EBF1	1
M	CAGTATGGTACGTAGG-1	VCAN	1
M	CTGCTCACACCAAGGA-1	VCAN	1
M	GCGAGTCAGAGACTCG-1	IL7R	2
M	AACCAACCAACATAAG-1	BANK1	7
M	TCAGCTCTCTTACTCA-1	KLRD1	7
M	TTTGCGCCAAGACTAA-1	NCAM1	1
M	CCGAAGCCAACCTCCT-1	NCAM1	2
M	CACAACACATCGACCG-1	PRF1	5
M	CGTGGCAAGGGTCCCT-1	ITK	4
M	TGGAAGGTCAGATACC-1	ITK	5
M	TACTAGGCATTACCTT-1	BANK1	2
M	ACCCAAAAGCGGACAT-1	CD8A	1
M	CCCTAACTCTGGCACG-1	SKAP1	1
M	GTTATTCAGAGTTCGG-1	KLRC1	1
M	AGCCTGGTCGCATACA-1	SH2D1B	1
M	CTGCTCACACCAAGGA-1	EBF1	3
M	CCCTCTCCACCACGAC-1	ITK	1
M	GTAGACTAGAAGCCGT-1	CSF1R	1
M	GGTACCGAGAACAGGA-1	BANK1	1
M	CCGTGAGGTCCCGAGT-1	TXK	7
M	GTAGACTCAATTGTGC-1	IRF8	1
M	CAACGTAAGGGCGAAG-1	KRT8	1
M	TTGTTCATCGATAGCT-1	THEMIS	4
M	CTTGAAGAGGTTGACG-1	BANK1	2
M	TTGAGTGTCCTTGACC-1	TXK	2
M	ATGTCGAAGAATGCTA-1	PECAM1	2
M	GTGCACGAGACGACTG-1	IRF8	2
M	GTTATGGTCCTCTCTT-1	FLT3	1
M	TATGTTCCAATTAGGA-1	CD3G	1
M	CTTAATCCACAGAAGC-1	NCAM1	1
M	GCCTAGGGTGGATTTC-1	CD160	1
M	CCTTGGTTCCTCAAGA-1	TXK	2
M	GCCATAACAGCGTCGT-1	TXK	4
M	AAGGAGCCAGCGTAGA-1	EOMES	3
M	GTTATGGTCCTCTCTT-1	ZBTB46	3
M	AAAGATGCAGATAAGT-1	MERTK	1
M	ACTATTCCACCGATCG-1	CD8A	1
M	GCCAGACAGGTCTTGT-1	KLRD1	9
M	TCTAGTTTCAAGAGGC-1	VWF	1
M	GGGAACACAGTCAGCC-1	PRF1	5
M	TACCTATAGACAGCTG-1	CD160	1
M	GAGGATGAGGCCTCGT-1	EBF1	4
M	TGGTCAAAGTTGGAAT-1	ITK	1
M	CGCAGGTGTCAATACC-1	ITK	3
M	CAAGGCCTCTATTGTC-1	ITK	3
M	ACGTGGCAGGCGCTTC-1	VCAN	1
M	ATCGAGTCATAGATAG-1	BANK1	1
M	TGGACATCATCATCGA-1	IRF8	1
M	GTAGGAGGTCCGTGCA-1	CD3D	1
M	GACCCAGGTGCACATT-1	SH2D1B	1
M	TATGTTCTCTATACCT-1	EBF1	1
M	AGGCGTCTCCTTTGCG-1	BANK1	1
M	CGCAGGTGTCAATACC-1	TXK	1
M	TCGTTCGCAGTTACAC-1	EOMES	2
M	GTGTGATAGGCTTTAC-1	ZBTB46	1
M	AGCCCGAGTAGTCTGT-1	GNLY	1
M	GCGAGTCGTTGAATAG-1	CDH1	1
M	TAAGCCATCCGCGATG-1	SPI1	2
M	CCAATGACAGGTGGTA-1	PRF1	2
M	GGGACCTGTTCTACCC-1	SH2D1B	1
M	TAGCTTTTCAGTCTTT-1	ITK	2
M	AGCGTGCGTCCGAGCT-1	MARCO	1
M	GTGGATTGTTCCCTTG-1	CD79A	2
M	TCAAAGCGTATTTGCG-1	SKAP1	3
M	ACAATCGCAACGTAGG-1	PRF1	5
M	AAGGAGCCACGATTAC-1	THEMIS	4
M	CGTAAACTCATAGGTC-1	ITK	2
M	TTCTAACGTTTCTCTA-1	ITK	1
M	TGGCAATAGTTGACAA-1	NCR1	3
M	AAGGAGCGTGGGTAGT-1	COL1A1	1
M	TCAGCTCCAATAGCGG-1	DCN	1
M	TTCAACTCAACTCGAT-1	KRT8	1
M	TTCTAACAGGAGTACC-1	KLRD1	5
M	GCGGGTTGTTTGTGAC-1	NCAM1	1
M	ACTCGGGAGAGGTGGG-1	BANK1	3
M	CAACGTACAGAGTCGA-1	MERTK	3
M	TAACGGTGTCAGAAGC-1	GNLY	2
M	TAGCCGGTCGTATAGC-1	PECAM1	1
M	GTCACAAAGTAGGTCG-1	CDH1	2
M	AGATTCGTCGTTTGAG-1	VWF	3
M	TGGTCAACAATGGTAA-1	FCN1	2
M	AGCTGATCATTACCTT-1	ITK	5
M	ACCGGGTAGTCCGTGC-1	BANK1	2
M	CCACGTTAGGCACTAG-1	TXK	4
M	TAATTCCAGAACCATA-1	KIR2DL4	2
M	CAACGGCAGTGAACCG-1	COL1A1	1
M	GACCAATAGACAACGC-1	IRF8	3
M	GGGTTATCAATTCTCT-1	CD6	1
M	GCCCAGAAGTCGATAA-1	BANK1	4
M	GCTGTTCCATCCCAAA-1	TXK	2
M	CAACGTAGTACCCATA-1	KLRF1	2
M	AACCGATGTGCGTTTA-1	MS4A1	1
M	CCCTGATCATGGCCCA-1	LCK	1
M	TGCATGACACCTGAAT-1	THEMIS	1
M	TGCTATTAGTGCTGAG-1	ITK	7
M	GCCTAGGCAAGAGATT-1	TXK	1
M	TCCCACACACAAACAA-1	EOMES	5
M	CGAGTTATCAGCACTA-1	EPCAM	1
M	TGCGTAACATGGTTTG-1	ITGAM	2
M	CGCGCAAGTAGGTCTT-1	MS4A1	1
M	GAGGCTCAGCTCCGGT-1	PAX5	1
M	AGGCGTCTCTCCTTGG-1	THEMIS	4
M	TCGAGCGGTGATGCTT-1	ITK	3
M	CTTAATCAGAAATGGG-1	CD28	1
M	GAGATTCAGTTGACAA-1	PECAM1	2
M	ACATGCAAGACTCTTG-1	IRF8	4
M	GCTCCTATCGTCGCAG-1	IRF8	1
M	TGGTCAAGTGATCAGG-1	CD6	2
M	TGATTTCCAAGGGTAC-1	CD160	3
M	ACAAACCGTACCAAGG-1	CSF1R	1
M	TGCATGACACCTGAAT-1	CD79A	1
M	CGAGTTAGTGTCTACA-1	CD79B	1
M	TCGTTCGAGCTTTCCC-1	SKAP1	1
M	GAATCTGCACACATTG-1	NCAM1	1
M	GTGTCCTGTCTGGGCT-1	CD5	1
M	TTGACGAAGGAGACTC-1	PRF1	1
M	AATGGAACAATTCTCT-1	ITK	5
M	CAGGATTTCCGCCTAT-1	VCAN	1
M	GTTGGTAAGAGTAAGG-1	BANK1	4
M	TAAACCGCAGGAGCAT-1	THEMIS	4
M	GGTCATAAGAACTCCT-1	THEMIS	1
M	CGCAATACATTATGGC-1	EBF1	1
M	TAGGAGGCAGTATCTG-1	ITK	4
M	GCTCCTAAGAGTAAGG-1	TXK	2
M	CGATGATTCAGTGTAC-1	IRF8	1
M	CCCTAGTAGAGCTACG-1	DCN	1
M	TTGCTATCACGCTGTG-1	NCAM1	6
M	TACTCGCTCGGGCTCA-1	CD160	1
M	GATGGCCGTGGTAGAC-1	CD8A	2
M	CTCAACCCACAGGAAC-1	GNLY	1
M	TTACCCGCACTAGGAG-1	NCR1	1
M	CTTGAAGAGGTTGACG-1	NKG7	1
M	GCATTGATCGATAGGG-1	COL1A1	2
M	CCTGCTACAAGCAATA-1	KLRD1	1
M	ATGTCTTAGAGCTGTG-1	CD6	1
M	TGGTCCTAGTGAGCAC-1	ITK	3
M	GCTTGCTAGAACAGGA-1	BANK1	5
M	CAGTGTATCAGTCTTT-1	CD28	1
M	TCCATCGCACATTGCA-1	CDH1	2
M	ACTTCCGTCGTGCTTC-1	KLRD1	2
M	TACCTATGTTTAAGGA-1	NCAM1	1
M	GCCCAGACAAACTACC-1	MRC1	3
M	TAGACTGCACTTTGGA-1	THEMIS	3
M	TCGTTCGCAGTCCTGG-1	CD8A	7
M	AGTGCGCTCATAGGTC-1	MRC1	2
M	CACAACACATCGACCG-1	LCK	4
M	TACCTATGTATATGGA-1	THEMIS	1
M	GATCATGGTATCTCAG-1	BANK1	6
M	TCAAGGTCATTGAACC-1	ZBTB46	1
M	GCCCAGATCACAACAC-1	PRF1	1
M	TAACGGTTCGTCTTAT-1	PAX5	1
M	CCTATTACATTAAGGA-1	PAX5	1
M	GTCACAAGTAGTCTGT-1	PAX5	1
M	CTGTATTGTTGGCTTA-1	MERTK	1
M	GCCTACTGTCGTAGTT-1	FLT3	1
M	TGGAAGGTCTACTGCC-1	PRF1	1
M	GCCTAGGGTGGATTTC-1	LCK	2
M	CTTGAAGTCTCGCGTT-1	THEMIS	1
M	TGGTCAAGTGATCAGG-1	EBF1	2
M	AGTCCGGTCCGTTAGA-1	IL7R	1
M	CAGCCTTTCCCAGTAA-1	CDH1	1
M	TTAGGTGCAGGAGCAT-1	KLRF1	5
M	TTTGTGTCACACATGT-1	CD3E	1
M	GTAATCGCAAATTGAG-1	SH2D1B	1
M	CCTTAATCAAAGACGC-1	PAX5	1
M	TAGCATGAGGCCAATG-1	THEMIS	1
M	ACAAACCAGTGTCCCG-1	CSF1R	1
M	GACCCAGGTTGAATAG-1	VCAN	1
M	TGTTAGGGTCTGGTCG-1	CD28	1
M	AGTTACGGTGGACCAA-1	GNLY	1
M	ACTGTCCTCCTCATTA-1	VWF	2
M	TATGTGGCATAGCCAT-1	NCAM1	1
M	CATTCATCACGCTCAG-1	THEMIS	1
M	AATACGCCAAAGACGC-1	BANK1	1
M	ACCAAACTCAGGGTTT-1	CD79A	1
M	AACTGGTTCGTTCCGT-1	KLRF1	1
M	CCATACCAGGCTCCTG-1	PRF1	3
M	CGCACAGCAGACCTGC-1	EBF1	1
M	CAAAGCTCACGCCGAT-1	EOMES	6
M	GCGTAGCAGAAGCCGT-1	CD28	1
M	TAAACCGGTGCGTAGA-1	GNLY	1
M	AAATGAGCATCCTGGG-1	GNLY	1
M	GAAGTCTCAGTAACGG-1	KIR2DL4	1
M	GTAGACTTCTCTCAAT-1	CD4	1
M	AGCCTGGTCGCATACA-1	NCAM1	10
M	TAAGTGCCACAGTTAC-1	CD6	2
M	AACTGGTAGCACCATT-1	PAX5	1
M	ACAGAAATCTACTTTG-1	IRF8	1
M	CAGTGCGAGATTCCGT-1	NCAM1	1
M	GTTATGGGTAAACGTA-1	EBF1	1
M	CTCAACCTCCTAAAGC-1	VCAN	1
M	TCAGCTCTCTTACTCA-1	NKG7	1
M	GCCCGAATCAGTGTGT-1	PECAM1	1
M	CTCAGCTTCTCTTAAC-1	KRT8	1
M	GTGCCAGAGATCGCCC-1	ITK	1
M	GAGTGAGGTCAGCAAG-1	VCAN	1
M	TAATTCCGTCACTCTC-1	CD8A	1
M	AAAGGGCCATTTCACT-1	CD79A	2
M	GCGGAAAGTGAAACAT-1	SKAP1	1
M	TCAAGACCAGCAACGA-1	MRC1	2
M	CTCAACCTCCTAAAGC-1	THEMIS	1
M	CAAGAAAAGGTACTCT-1	EBF1	2
M	CAGTGTAGTCAACAGG-1	EBF1	1
M	ATCCTGCCAAATTCCG-1	NKG7	1
M	AAAGGGCCAACTCGAT-1	CD79B	1
M	CAATCCCCACCCTTAC-1	SKAP1	1
M	CCGTAGGAGGCGACTA-1	FLT3	1
M	GCCTAGGTCCATGACA-1	KLRD1	4
M	GCCTAGGCAAGAGATT-1	KLRD1	3
M	GAGCATTTCTAAACGC-1	VWF	1
M	GTCACCTAGAAATTCG-1	MRC1	1
M	GTCACGGAGTCCGGAA-1	THEMIS	1
M	TTTGTGTGTTCCATCC-1	EBF1	2
M	CTCAACCTCTCAGATG-1	ITK	1
M	GAACGTTAGGTTGTGG-1	BANK1	20
M	TACGCCTGTCAAACAA-1	BANK1	3
M	CACAGATAGACTTGAA-1	BANK1	5
M	GGGACCTAGACTTGAA-1	BANK1	4
M	TCAGGTATCTATTTCG-1	TXK	6
M	AGCGATTCAGGGCTTC-1	CD8A	1
M	CAAGAAAAGGTACTCT-1	PECAM1	1
M	AGTGCGCCACAATAAG-1	KLRD1	2
M	TTGAGTGTCCTTGACC-1	NCAM1	2
M	AGTCCGGGTATCTAGC-1	CD5	1
M	CCCACATTCTGTGTGA-1	VCAN	1
M	CACCACTGTTAGAGAT-1	EOMES	2
M	TAGCTTTTCGTCCCAT-1	SKAP1	2
M	AACGAGGCACATTGCA-1	GNLY	3
M	AAGATAGTCGTCCCTA-1	SKAP1	1
M	AACAAAGAGACCGCAA-1	KLRD1	2
M	GAGGCTCAGCTCCGGT-1	VWF	1
M	TCAGTCCCATATAGAG-1	NCAM1	7
M	GTAGGAGAGTGAAACT-1	CD14	1
M	TCAGGTAGTATCCTTT-1	VCAN	1
M	GATGATCCACGACGAA-1	BANK1	2
M	GGAGGATCAAGCGTCC-1	MERTK	2
M	AAACTGCTCTTTGCAT-1	NKG7	1
M	GCAGCTGGTTTCGATG-1	SKAP1	1
M	GGAACTTTCGGAAAGC-1	KLRD1	5
M	TATGTTCTCGGTTCCT-1	MRC1	1
M	TATGTGGAGTAACTCC-1	LCK	2
M	GCGATCGCAGGCACAA-1	EOMES	1
M	CTACAGAGTAATGCCT-1	KLRD1	3
M	TACCTATAGACAGCTG-1	CD3D	1
M	TCTAGTTTCATGTTCT-1	THEMIS	1
M	TTCGCGTTCTTCCGTG-1	VCAN	1
M	GTGGATTAGGCGTAGT-1	GNLY	2
M	TTCGGTCCAAGGTCGA-1	NKG7	1
M	GTCGTAAAGGCTCCTG-1	PECAM1	1
M	CCTGGGATCGTCTTAT-1	CD79B	1
M	GTAGACTCAATTGTGC-1	SKAP1	1
M	TTGCGGGAGTCCAGAG-1	LCK	1
M	TTGTCTATCTCCACTG-1	LCK	1
M	GCCATAAAGCGCCTAC-1	ITK	5
M	CCCTAACGTCAAATCC-1	BANK1	2
M	CAGTGTACATTGAACC-1	ZBTB46	1
M	ACGTGGCAGACCATAA-1	CD8A	1
M	TGACTCCGTGGTTCTA-1	KIR2DL4	2
M	CTGAATGAGCTTTCCC-1	VWF	2
M	TTTGTGTCACACATGT-1	SPI1	1
M	TCAGGTAGTAAGTGCG-1	CD160	1
M	CCAGAATGTGCAAAGC-1	CSF1R	3
M	CAAAGCTGTCATAGAA-1	CD79A	3
M	TAACAGCGTGTAGGAC-1	KLRD1	3
M	AGTTACGGTTCTTTCA-1	NCAM1	1
M	TCAGGTAAGCTTACCA-1	PAX5	2
M	CTCTAGCTCGGAGTTT-1	CD8A	2
M	ACAAGCTTCCTGAAAC-1	KRT8	2
M	CAGTATGAGAGCCACA-1	KLRD1	1
M	TAAGTGCGTGCAACAG-1	VWF	2
M	GTTATGGGTAAACGTA-1	CD3E	1
M	TCAGGTAGTAAGTGCG-1	CD5	1
M	GTAGGAGTCTGTAGAC-1	SH2D1B	3
M	ACCATCCAGATGTTCC-1	CSF1R	1
M	CGCTGGAAGATGAGGA-1	BANK1	2
M	CGCTATCGTCATCGTA-1	GNLY	1
M	GAGCATTCAGGCATCC-1	NCR1	1
M	GCCATAACAGCGTCGT-1	CD79A	1
M	ATTGTCTTCGCTCGGA-1	KLRC1	2
M	GTGGCGTTCTTCCAGC-1	KLRD1	4
M	CAAGAAACAGATTAAG-1	PAX5	1
M	GTTGGTAGTGGGTAGT-1	EBF1	1
M	GCTTTCGTCACAGGGA-1	EBF1	1
M	TAGACTGGTTCAGAAA-1	ITK	4
M	TAGCCCTGTCACAGGA-1	PAX5	1
M	TGACAACAGTGTCCCG-1	ITK	2
M	GAACCTAAGCGCACAA-1	ITK	8
M	GCGATTAGTAACGGTG-1	BANK1	1
M	GCTGTTCAGAGCTCCC-1	MERTK	2
M	TACCTCGGTTTGTACG-1	MERTK	1
M	GCCCGAACATTGTGAC-1	GNLY	1
M	GGATGAGCAATCCATG-1	SKAP1	1
M	TTAACGGCAGTTACAC-1	FLT3	2
M	CCCACATTCTGTGTGA-1	KLRD1	2
M	GTGCCAGAGTTCAGGG-1	NCAM1	2
M	TCGATTTCATATTGGC-1	LCK	1
M	CTCACCATCCACTAGA-1	NKG7	1
M	GTAATCGGTTACCACA-1	SKAP1	1
M	ATGTTTCAGTTGGAAT-1	KRT8	1
M	TTAACGGTCTTAAGCG-1	CLEC9A	1
M	CCCTGATAGATACCAA-1	VWF	1
M	GGGCCATGTCTGTTGA-1	ITK	5
M	TTTGGTTCAAAGGTCG-1	TXK	2
M	CATTCCGCAACGTACT-1	MERTK	2
M	AGTGTACGTCATCGTA-1	CD8A	1
M	CGCAGGTGTCAATACC-1	NCR1	1
M	TTACCCGAGATCCGAG-1	KLRF1	3
M	CAACGTACAGAGTCGA-1	VWF	1
M	CGTAAACCACAGTTAC-1	LCK	1
M	GCAGCTGTCCAAGTCA-1	LCK	1
M	GAGATTCGTCAGAAAT-1	PAX5	1
M	TGGCAATGTAGGGTCA-1	THEMIS	1
M	TCTCTGGTCTGAACGT-1	THEMIS	1
M	CTGAATGTCGGAAAGC-1	CSF1R	2
M	AAACTCGGTGACCAGA-1	CD8A	1
M	TCAGTCCCATATAGAG-1	NCR1	2
M	GACTAACTCTTAGTGG-1	NKG7	2
M	TTAGCTTCATTGTGAC-1	CD6	2
M	GTCACCTGTGAGTTGG-1	CD6	2
M	GTCACCTAGTAACTCC-1	SH2D1B	1
M	AACCAACTCTTTGCAT-1	THEMIS	1
M	GTGCCAGGTCCGTAGC-1	THEMIS	2
M	TGTGGCGCATTAGCCA-1	CSF1R	1
M	GCTGAGCGTTTGCCAA-1	CSF1R	1
M	AACCAACTCGGTCAGC-1	MERTK	1
M	CAGCTGGGTCGCTAGC-1	CD8A	2
M	ACATGCAGTCTGTGTA-1	GNLY	1
M	TAGGAGGCAGTATCTG-1	PECAM1	2
M	ACCGGGTAGTGATCTC-1	PECAM1	6
M	ACAGACTAGGTAAGCC-1	VWF	1
M	GGAATCTTCCCTAAAG-1	PRF1	1
M	TAGCTTTTCCATACGA-1	PAX5	3
M	AAAGGGCCATTTCACT-1	EBF1	1
M	TTAGCGAAGTAGCAAT-1	IL7R	1
M	ACGGATTAGCCATGGA-1	BANK1	10
M	ACATGGTCAACACGGA-1	CD79A	2
M	GCAGATTTCCGCGATG-1	SKAP1	3
M	TGCCTCAGTAATGCAA-1	ITGAM	1
M	TGCCTGTTCGAGAAGC-1	KLRD1	1
M	TCTATTGGTGGACAGT-1	CD3D	2
M	TATGTTCTCTATACCT-1	NCAM1	9
M	GTGTCCTAGTACAGAT-1	CD14	1
M	TAACGGTCAGTAGGCA-1	VCAN	1
M	AATACGCGTCTCGGGT-1	BANK1	1
M	GCCCAGAGTTTCGACA-1	ZBTB46	1
M	GCTGCGAGTCATAAGA-1	KLRD1	6
M	CTGTTCGAGTAATCAG-1	LCK	2
M	CCAATGACACAGTTAC-1	BANK1	2
M	GGTGCTGTCGCCACTT-1	CD28	1
M	CTCGCTATCGCCCTTA-1	CD28	1
M	GCGTAGCAGAAGCCGT-1	CD79A	2
M	TCAGTTTAGCTGAGGT-1	KLRD1	10
M	CACAGATCATGATCGT-1	KLRD1	2
M	AAATGAGAGTGCTGAG-1	ITK	2
M	CTTGCTGCAAAGCTTC-1	ITK	3
M	ACTGCAAAGTCCGGAA-1	MERTK	1
M	GTTATTCAGCTCGTTA-1	SKAP1	16
M	TTAACGGTCTTAAGCG-1	KLRD1	10
M	TACTAGGCACTGCTTC-1	NCAM1	4
M	GCGAGTCTCCAACAAC-1	PAX5	1
M	ACCGGGTGTCAAGACG-1	EBF1	1
M	TCACTCGCACTGAAGG-1	BANK1	3
M	AAAGGATTCCAGTACA-1	BANK1	2
M	GTAGGAGGTATCAGCT-1	GNLY	1
M	GCGGGTTTCGGATCGC-1	CD79A	1
M	TGGGTTAGTACGACCC-1	KLRD1	2
M	ACCATCCTCGTTTGAG-1	VWF	3
M	AACCGATAGAGAAGCA-1	PRF1	1
M	CGCTATCGTCATCGTA-1	MRC1	1
M	TGCGTAAAGTCAGGAC-1	MRC1	3
M	GGGACCTAGAAATGGG-1	LCK	4
M	ATCCTCGTCTAGCTGA-1	IL7R	6
M	GTGGATTAGCTTACCA-1	IL7R	7
M	TAGGTCAAGTGAGTGC-1	TXK	1
M	TGGTCAATCGGTAGGA-1	PECAM1	1
M	AAGGAGCCACGATTAC-1	CD3G	1
M	ATGTACGGTCATAGCT-1	SH2D1B	1
M	TGTGACATCGGATGTT-1	THEMIS	1
M	TTACCGCCAGGTAGCA-1	CSF1R	1
M	GCGATTATCAATTGGC-1	TXK	5
M	ATGTCTTGTTGGTAAA-1	CD28	1
M	GTTATTCAGAGGCAGG-1	CDH1	3
M	AAAGGGCCAAGACACG-1	ITGAM	3
M	GAGAACGTCCTGACCT-1	PAX5	1
M	CCCTAACCAACTCGTA-1	THEMIS	1
M	GCTTGCTTCCATAACG-1	CD8A	1
M	GTGCCAGGTCCGTAGC-1	EPCAM	2
M	TCACTCGCACTGAAGG-1	CD79A	1
M	TTGAGTGTCCTTGACC-1	EBF1	1
M	TATTGCTCAGCTTACA-1	KIR2DL4	3
M	GATTAGCGTGCGACCT-1	CD79A	1
M	TACTAGGCATTACCTT-1	CDH1	1
M	ACAAGCTTCCTGAAAC-1	VWF	1
M	CCGTGAGTCATCGCTC-1	NCAM1	3
M	TAACGGTGTCAGAAGC-1	SKAP1	4
M	AACAAAGTCGAACACT-1	MRC1	7
M	GCATGATAGACTAATG-1	MRC1	4
M	TAGGTGTGTGGTGGTA-1	THEMIS	1
M	ATGGATCAGGAGAACA-1	EBF1	1
M	ACTGCGGTCCAATCCC-1	EOMES	2
M	AAATGCCGTCATCGTA-1	KLRD1	3
M	ATTGTCTGTCTAACCA-1	CD160	1
M	ATTTGTCGTGATGCTT-1	CD160	2
M	TGCCTGTAGGTCTTTG-1	PAX5	1
M	TGCACCTAGACTCTTG-1	THEMIS	1
M	ACGTGGCCACTGGGCT-1	ITK	4
M	GCTGCGACACCATTCC-1	ITK	1
M	CTTCTAATCGGGATCC-1	ITK	2
M	TCGTTCGCAGTCCTGG-1	CD14	2
M	CAGGATTGTAACAATG-1	BANK1	1
M	GCCCAGAGTCCCTAAA-1	MERTK	1
M	TCAGTCCAGGGAAGCG-1	IRF8	1
M	CTCCCAAAGAAGCCGT-1	DCN	1
M	GTGGATTGTTCCCTTG-1	KLRD1	5
M	TGGCGCACACCCTTTG-1	IL7R	1
M	CACTAAGAGCTCCGGT-1	COL1A1	3
M	GGTGAAGGTTACGGAG-1	ITK	2
M	GTGGATTAGGCGTAGT-1	KLRD1	3
M	GACCTTCAGGGCGAAG-1	VWF	3
M	CTTTGCGGTCATAGAA-1	CD3D	3
M	GTGCCAGTCGACTGGC-1	NCAM1	2
M	GCAGCTGTCTCTGAGA-1	SPI1	1
M	AACTTGGGTGCTGTCG-1	LCK	1
M	CTCGCTAAGCTGCTCG-1	THEMIS	1
M	CACATGAGTCAGTGCC-1	NKG7	1
M	CAGCTGGGTCGCTAGC-1	PECAM1	3
M	GTGTCAATCCGGCTGA-1	ITGAM	1
M	TGGCCTTGTTTGCATG-1	FLT3	5
M	GTGCCAGAGTTAGAGT-1	KLRD1	3
M	CGCTATCGTAAGCCTT-1	CD3G	1
M	CTCAACCCACAGGAAC-1	MRC1	2
M	ATCGAGTCACACTAGT-1	CD160	1
M	TGGCGCAAGTCGCGTC-1	THEMIS	1
M	GGAGTAGCATTTGGTG-1	EBF1	1
M	GCCTACTAGAAGGGCG-1	BANK1	1
M	AAGATAGAGATATGTG-1	TXK	2
M	CTCAGAACATTTGGCA-1	EOMES	1
M	AGTGTACTCTTAACGG-1	MARCO	2
M	GGGTTATTCCACACCT-1	CD8A	2
M	GTTGGTAGTAGTCTGT-1	GNLY	1
M	CAACGTAGTCTGAGCC-1	NCR1	1
M	AAGGAGCGTGGGTAGT-1	NCAM1	1
M	ACAGAAACAACTCAAC-1	LCK	2
M	GCCTACTAGAAGGGCG-1	SFTPC	1
M	GGCATTATCCAGTACA-1	CD79A	2
M	GAGCATTTCAGGAATA-1	CD160	2
M	GAGATTCGTGATAGAT-1	EBF1	1
M	ACAGAAACAACTCAAC-1	GNLY	4
M	GTTATGGGTAAACGTA-1	GNLY	1
M	CCGTAGGAGGCGACTA-1	PECAM1	1
M	AGTTTGGCAAGACTAA-1	COL1A1	1
M	CCGTACTGTCCAGACC-1	KLRD1	6
M	TATGTTCCAATTAGGA-1	CLEC9A	1
M	CCTATTAAGATCTAAG-1	CD3D	1
M	CGATGATTCTATCTTG-1	NCAM1	1
M	ACAAGCTCAAATGCTC-1	LCK	2
M	TGACTCCAGGAAGGTA-1	BANK1	4
M	ACAGCGCTCTATGAGC-1	BANK1	1
M	TAGCACAAGCTAGTTC-1	ZBTB46	1
M	AACAAAGAGCCTGTAT-1	VWF	2
M	CCTTAATTCTAGCAAC-1	VWF	1
M	CTTTGCGGTATCACAC-1	EBF1	2
M	GCGCATGAGGGTTCTT-1	CD14	1
M	CTGGGACCAACAAACA-1	VCAN	3
M	TAGCATGGTTACTTTC-1	CD8A	3
M	TTACCGCCACTAGGAG-1	GNLY	2
M	GTAGTACGTCTCTGCT-1	NKG7	2
M	TATCTGTCATCGTACA-1	COL1A1	4
M	TGAATCGAGGCAGTGT-1	KLRC1	2
M	CTTGTCGAGCGTAGCA-1	CD4	1
M	TTCGTTATCAGTCAAC-1	VWF	1
M	AATACGCAGGTGTCGA-1	SH2D1B	2
M	TTCTGTAAGTTGCGCC-1	EBF1	2
M	TTGCTATCACGCTGTG-1	ITK	2
M	CAGCCTTAGGCACTAG-1	BANK1	2
M	CTCAGCTGTCCAACCG-1	TXK	1
M	GGAACTTCAGATTAAG-1	ITGAM	2
M	CCAATGAAGGGTTCCC-1	CLEC9A	2
M	CCTCCCTTCGCCCTTA-1	VWF	1
M	GCTCACTAGATGCGAC-1	CD3E	1
M	GGAGGATTCTAGCAAC-1	ITK	6
M	CCCAGAGTCCCAGCGA-1	CD8A	4
M	GGTAGGACATTAGCAC-1	GNLY	3
M	GCTTTCGTCACAGGGA-1	IRF8	2
M	TTCGCGTTCTTCCGTG-1	KLRF1	1
M	AACGAGGCACATTGCA-1	VWF	1
M	GAAACAAGTTCTTATC-1	NCAM1	2
M	GTAGACTAGGAATGGA-1	BANK1	1
M	TACTAGGCACTGCTTC-1	MERTK	3
M	TTATGTCCATTCCCGT-1	COL1A1	2
M	GTTGGGCAGGCTCCTG-1	KLRD1	6
M	TGATCAGAGAAGCCGT-1	PRF1	1
M	CGCAGGTTCTGAACGT-1	LCK	4
M	ATCCTCGGTTTCTACT-1	EBF1	2
M	GGGACCTAGCTGATTC-1	CSF1R	1
M	GCTTAAGTCTTGTCAT-1	NCR1	1
M	TCAATTCTCAGTCAAC-1	SKAP1	1
M	GTAGGAGAGCTCCATA-1	CDH1	1
M	TTTGGCCTCAAAGTAG-1	SH2D1B	3
M	AACGTACCAAGAGATT-1	LCK	1
M	CGTACAAAGAGGCCTA-1	THEMIS	1
M	TGAATCGAGGCAGTGT-1	THEMIS	1
M	TCAAGACTCGATAGCT-1	THEMIS	2
M	TTGTTCATCGATAGCT-1	TXK	4
M	GTAGACTAGAATCAGT-1	CD8A	2
M	CCATACCGTGATTCCA-1	GNLY	1
M	TAAACCGGTGCGTAGA-1	NKG7	2
M	TAGACTGCATATTGGC-1	NKG7	1
M	AATACGCTCAAGTTGC-1	SKAP1	1
M	ACTACGATCCACGGCA-1	KLRD1	6
M	ACAAAGATCTGTAGAC-1	EBF1	1
M	GATCATGCAGTATCTG-1	ZBTB46	1
M	TTAGGTGTCGCGATGC-1	NCAM1	1
M	CGTACAATCGTGTGCG-1	PAX5	1
M	TCAATTCAGTGCACAG-1	EBF1	1
M	GTCACGGCACTACACA-1	ITK	2
M	TCACAAGAGTAGCAAT-1	TXK	1
M	TGTAGCAAGTGATATG-1	EOMES	2
M	CAAGAAAAGACACTTC-1	NCR1	1
M	AGCTGTAGTTATGCAC-1	PECAM1	1
M	TTGTTCATCGTATAGC-1	KLRC1	3
M	GCATTCCCAAGCCAGA-1	CSF1R	1
M	GGTGTCGCACAAACAA-1	KRT8	1
M	CACATGATCACTCCCA-1	KLRD1	2
M	GGTGCTGTCGCCACTT-1	CD3D	1
M	AAGGTTCAGAAGCCTG-1	CD5	1
M	GGAGAACAGACCATAA-1	CD160	2
M	GTCGTAATCAAGGCCC-1	LCK	1
M	TTGTTCAGTGTCTACA-1	EOMES	1
M	CAAGAAACAGGGAGTT-1	NCR1	1
M	ATTACCTAGATCCGAG-1	NCR1	1
M	GAACCGCAGAAATTCG-1	CD79A	1
M	CCGTACTTCTTAATCC-1	SKAP1	1
M	CATAACGCAACGAGGT-1	SKAP1	2
M	GGATGAGAGGTGTTGG-1	KLRF1	1
M	ATCCAGACAATAGCGG-1	LCK	2
M	CAAAGCTAGTTCAGGG-1	GNLY	3
M	TATGTGGCATAGCCAT-1	EPCAM	1
M	TAGACTGCACTTTGGA-1	KIR2DL4	1
M	AACGTACCAAACGACG-1	SKAP1	1
M	TCAGCTCTCTTACTCA-1	KRT8	1
M	CGCTGGAAGGCGTCCT-1	NCAM1	12
M	GCGTTGGAGCTATCGT-1	SH2D1B	2
M	CCCACATAGAGCTCCC-1	PAX5	1
M	GTTACTTTCGATCGCG-1	IL7R	1
M	GATTAGCAGAGTTTGA-1	NKG7	3
M	ATCGAGTTCCTAAGTG-1	VWF	4
M	AGTCCGGGTATCTAGC-1	NCAM1	7
M	GCATGATCAATGGCAG-1	ITK	3
M	TGCTTCGGTCTCTAAG-1	BANK1	1
M	GAGGCTCGTCAGAAGC-1	BANK1	1
M	GGTCATAAGATTCCGT-1	KIR2DL4	1
M	CGTACAATCGTTCTAT-1	NKG7	1
M	CTGAATGTCGGAAAGC-1	SKAP1	4
M	CGCAATAAGTGCCCTG-1	KRT18	1
M	TTTGTGTGTTCCATCC-1	KRT8	1
M	GCACGCATCGGCTATA-1	KLRD1	1
M	GCCAGACAGGTCTTGT-1	PRF1	2
M	GCTCACTGTACCAAGG-1	LCK	1
M	ATTTGTCGTGATGCTT-1	ITK	6
M	GCGGGTTGTTTGTGAC-1	ITK	3
M	ATGGATCAGGCTGGAT-1	CD14	1
M	TGCCTGTAGGTCTTTG-1	BANK1	1
M	CGCAGGTAGAGTCCGA-1	CD8A	1
M	TGCACCTAGACTCTTG-1	CD79B	2
M	TAGTCCCAGGACTAGC-1	ITK	2
M	GTGGATTAGCTTACCA-1	VCAN	1
M	TTTGTGTCATCGGCCA-1	MERTK	1
M	CACAACACAACGTAGG-1	SKAP1	2
M	AAAGATGCAGATAAGT-1	SKAP1	1
M	GATTGACTCCTATCAT-1	KRT8	1
M	TTCGTTAGTTCAGAAA-1	MRC1	1
M	GAAAGTAAGATGGCAC-1	SFTPC	1
M	GCGTTGGTCCGTTTCG-1	MARCO	1
M	GCTCAGGAGTTCCAGT-1	NCR1	2
M	GCTTAAGAGGTCTTTG-1	CD160	2
M	GCTGCGAGTAGAATAC-1	ITK	1
M	TGCCTGTTCGGTCTCT-1	IL7R	4
M	GGAGAACAGACCATAA-1	KIR2DL4	1
M	TGCTCACCAGAACGAC-1	PECAM1	1
M	CACCACTGTTAGAGAT-1	COL1A1	1
M	TGATGCACAAAGCTGG-1	KLRD1	6
M	TGATGCATCAAACCCA-1	CD5	1
M	TGTACGAGTTTGCATG-1	CD6	1
M	GTCACTCAGAAATGGG-1	SH2D1B	2
M	TCCATCGCACATTGCA-1	CD8A	3
M	GCTCCTACAAGTCTCA-1	CD79A	3
M	CGTTCCATCCGGAAAG-1	DCN	1
M	GACCAATAGCACACCC-1	PRF1	7
M	GCGCATGTCGCGCCAA-1	LCK	2
M	GCGATTATCTCCCTTT-1	PAX5	3
M	CTGTATTAGTGATTAG-1	SFTPC	1
M	GGGACCTGTATTCTTC-1	BANK1	2
M	TAACGGTCAGCAACAG-1	ITK	3
M	GAGACTTCAGATTGTC-1	CD28	3
M	AACTTGGTCGCGTGAC-1	KIR2DL4	1
M	CTCTCAGAGCAGAATT-1	CD79A	3
M	TGGACATGTTGGTAAA-1	CD6	3
M	ACAGCGCCAGTCAGCC-1	ITK	5
M	TGGTCAACAATGGTAA-1	EOMES	1
M	CTGGGACTCCATATCT-1	SKAP1	4
M	CCGTACTGTGCCGGTT-1	KLRD1	1
M	GAGCATTCACGACGAA-1	CD4	1
M	AGCCTTCAGAGCTACG-1	NCAM1	1
M	GTCGTAATCAAGGCCC-1	CD5	1
M	CCGAAGCCAACCTCCT-1	PRF1	7
M	TACATGGAGCTAACAA-1	SH2D1B	1
M	GGAACCCGTATCTAGC-1	LCK	3
M	TGGCAATCATACTGCA-1	THEMIS	1
M	CTCTAGCGTCAACGGA-1	BANK1	3
M	GCTGAGCGTGCAAGCA-1	GNLY	1
M	TCTATTGTCCATGTTT-1	NKG7	2
M	GTCACTCAGCCCATTA-1	CD79A	2
M	ACAGACTGTGATAAGT-1	KLRD1	1
M	AAGATAGAGGCGACTA-1	KLRF1	1
M	ACTACCCTCTGATCTT-1	NCAM1	5
M	TCTAGTTGTGTCGTCG-1	CD6	1
M	TACAGCATCACACGTA-1	ITK	2
M	CTACAGAGTAATGCCT-1	BANK1	1
M	GAAATGAAGACACGGT-1	BANK1	1
M	ACTCGGGAGGCTTCGC-1	ZBTB46	1
M	TGTACAGCAGCTATAC-1	NKG7	2
M	CTCAGCTGTCCAACCG-1	KLRD1	1
M	CAGTGTAGTCAACAGG-1	KLRF1	1
M	GAGGCTCAGAACGACC-1	SH2D1B	1
M	ACAAGCTGTAACTCCA-1	EOMES	2
M	ACCGAATTCGACTATG-1	CD79A	1
M	TTAGGTGTCGCGATGC-1	PECAM1	2
M	AGTCAACTCCGGAAAG-1	KLRD1	7
M	CCTTGGTTCGGTTCCT-1	VWF	2
M	CTAGCGGCAGCAACCC-1	EBF1	5
M	GCCAGCAAGAACGTCG-1	ITK	1
M	CTGGGACTCCATATCT-1	IL7R	2
M	GAAACAATCGCCAGAC-1	CD8A	1
M	TAGACTGGTTCAGAAA-1	PECAM1	1
M	CATGCCTAGGGAGTTC-1	CD79B	1
M	CTTGCCAGTGTCTACA-1	SKAP1	5
M	CGTACAAGTTGTATCG-1	NCAM1	2
M	TATGTTCTCTATACCT-1	CD6	1
M	ACTCGGGAGAGGTGGG-1	MRC1	1
M	GACCGACTCGCAAGCC-1	CD28	1
M	ACATGGTCAACACGGA-1	CDH1	1
M	TTCTAACTCTATACCT-1	DCN	1
M	GACCAATGTCATCGTA-1	KLRD1	5
M	CATAACGGTGAGTTGG-1	KLRF1	1
M	AGCGATTGTGGTAGAC-1	BANK1	1
M	GTCACAAAGGATGTAT-1	TXK	4
M	GCCAGACAGGTCTTGT-1	PECAM1	1
M	AGTCCGGTCACAGGGA-1	PECAM1	1
M	CGATGATTCAGTGTAC-1	KLRD1	4
M	CCTTAATTCTAGCAAC-1	KLRD1	9
M	ACGTGGCAGACCATAA-1	CD3E	1
M	AAGATAGAGGCGACTA-1	SPI1	1
M	CCAATGACAGGTGGTA-1	CD160	4
M	CCGTGAGGTCAGGCTC-1	LCK	3
M	GGGACCTGTATTCTTC-1	ITK	5
M	TCAGTCCTCAGTCACA-1	ITK	3
M	TGATGCACAAAGCTGG-1	BANK1	5
M	AGGCCCAGTATTCGCA-1	BANK1	1
M	TGGTCCTGTGCCCGAT-1	MERTK	1
M	GCTCACTGTGTGCTTA-1	NCR1	2
M	TAGCATGGTGAGGTCA-1	CD79A	1
M	GAACCTAAGCGCACAA-1	IRF8	3
M	TGTACAGTCGCTCGGA-1	NCAM1	4
M	ACCCAAATCTTGTGCC-1	CD5	1
M	GGGTTATTCCACACCT-1	CD6	1
M	ATTGTGGCATCCATAG-1	PRF1	2
M	ATGCATGAGCTCGTTA-1	THEMIS	1
M	GCCTACTCAGATACAA-1	ITK	2
M	CCAGATACAATGGCTT-1	BANK1	3
M	ACCATCCAGAAAGGGT-1	TXK	2
M	CCTTGGTTCAGTGGTT-1	NCR1	1
M	CCTGGGACAATGTAAG-1	KIR2DL4	4
M	ACGTGGCCAAGGTCGA-1	PAX5	3
M	CAGGATTGTAACAATG-1	VCAN	1
M	TTCGATTAGTGTGTAA-1	VWF	3
M	CTCTAGCGTCAACGGA-1	EBF1	4
M	TAGCACACATCCTCGT-1	BANK1	2
M	GTCCATCAGCTTTCCC-1	ZBTB46	1
M	TTCGATTGTGCCGGTT-1	GNLY	1
M	CTCTACGCAACACGGA-1	PECAM1	2
M	TCAGGTAAGCTGCCAC-1	SKAP1	1
M	GGATGAGGTGCCCGAT-1	SKAP1	3
M	AGGACGAGTCAAGACG-1	KLRD1	8
M	GGGTTATTCCACACCT-1	NCAM1	2
M	CGCACAGCACTTGCGG-1	PAX5	3
M	GTCGTAAAGGCTCCTG-1	THEMIS	1
M	CGCACAGGTGAATCAA-1	ITK	1
M	GGCATTAAGTAGTGTA-1	BANK1	3
M	GCGGAAATCTCGCGTT-1	SKAP1	2
M	TACCTATAGACAGCTG-1	ITGAM	1
M	ACAGCGCTCCTTCGAC-1	PRF1	5
M	TAGCTTTCACCGTTGG-1	NKG7	2
M	GACCAATGTATTCTGG-1	KRT18	1
M	CAGTGCGAGATTCCGT-1	KLRC1	1
M	AGACAAACAGAAGTGC-1	SH2D1B	1
M	TTCATCATCACAAGCT-1	LCK	2
M	TAGACTGAGATCTCAC-1	EBF1	3
M	GCTTTCGAGCATTCCA-1	CSF1R	1
M	AACATCGTCCGGGCAT-1	BANK1	2
M	TGGACATCATCATCGA-1	KIR2DL4	1
M	GAGGCTCGTTCTGAAC-1	NCAM1	4
M	CCATACCGTGATTCCA-1	SH2D1B	1
M	CACATGATCGCCACTT-1	SH2D1B	2
M	TCAGTTTAGCTGAGGT-1	LCK	2
M	TACAGCAGTGTGAGGT-1	LCK	1
M	GAGGCTCAGCTCCGGT-1	GNLY	1
M	GGCACGTGTGGTAGAC-1	GNLY	1
M	TCGTTCGAGTAGAAGG-1	COL1A1	1
M	TCAGGTAGTATCCTTT-1	KLRD1	1
M	CCAGATAAGAGATTAC-1	KLRF1	1
M	ATTGTCTTCGCTCGGA-1	CD6	3
M	GGTTGCGAGGCCTCTG-1	PRF1	1
M	CCGAAGCAGACCCTAT-1	EBF1	1
M	TTGTTCACATAGAATG-1	ITK	2
M	CAACCAATCTATACCT-1	ITK	1
M	TAGGTGTCACCGAAAG-1	BANK1	2
M	ATGGATCAGGCTGGAT-1	CD79A	1
M	TTACCCGGTCAGTGTT-1	SKAP1	1
M	GACTAGTGTTACGCTA-1	CD6	1
M	TATGTTCTCTATACCT-1	CLEC9A	1
M	GCTCGAGCATCGTACA-1	NCAM1	4
M	GGAATCTCATGTGGGA-1	THEMIS	3
M	TCAATTCAGTGCACAG-1	ITK	1
M	GACCCAGAGATTACGA-1	ITK	4
M	TGCTTTAGTCCAAGAG-1	BANK1	4
M	TGGCAATAGTTGACAA-1	ZBTB46	1
M	ACTGTCCTCCTCATTA-1	MARCO	2
M	TTGTTCATCGATAGCT-1	MERTK	2
M	TGATTTCCAATCATCG-1	CD79A	1
M	GAAGTCTCAGTAACGG-1	KRT8	1
M	CACAGATAGGGTCTGA-1	VWF	2
M	TAGGTGTTCCTGTAGA-1	SH2D1B	5
M	GGTTGCGGTGGTCGAA-1	CD160	1
M	AGCCCGAAGGTTCTCA-1	EBF1	1
M	TACATGGTCGCGCCAA-1	VCAN	1
M	ATGTCGATCATAGGTC-1	IL7R	1
M	CTTGAAGTCTCGCGTT-1	BANK1	2
M	GCACGCATCCTGACCT-1	SKAP1	2
M	TAGCGGCAGATCCGAG-1	DCN	1
M	CCCTAGTCATGGCCCA-1	BANK1	1
M	CCGTGAGAGGTCTTGT-1	BANK1	1
M	TACGCCTGTGAATGTA-1	EOMES	1
M	GGAGAACGTTCGGGAA-1	CD79A	1
M	GCGAGTCAGAGACTCG-1	CD5	1
M	AGTCAACTCTAAGGTC-1	SH2D1B	2
M	GGTGCTGTCAATTGGC-1	THEMIS	1
M	CATTCCGGTACGGAGT-1	BANK1	2
M	TCAGTTTAGCTGAGGT-1	TXK	3
M	GAGCATTTCCTGTGGG-1	CD79A	5
M	TTCATCAGTACAAATG-1	KLRD1	2
M	ACCCAAAAGTTTACGC-1	KLRF1	1
M	AACAAAGAGCCTGTAT-1	KLRF1	1
M	TAGACTGAGATCTCAC-1	CD6	1
M	GACTAGTTCAAATGGA-1	THEMIS	1
M	TGCATTTCATAGAATG-1	ITK	1
M	ACGTTAGTCCATTGTT-1	NKG7	2
M	TAGTCCCCACAAGGGT-1	FLT3	5
M	TGTACAGCAGCTATAC-1	KRT18	1
M	CTAGGGCTCGAACCGC-1	KLRF1	4
M	GTGACATGTGCACATT-1	PRF1	3
M	CAACGTAAGTCATACC-1	PRF1	3
M	TGCTTTAGTGTTGTTG-1	PAX5	1
M	AGCGTATTCGCTTCAC-1	ITK	1
M	TTCGGTCCAGTAGTTC-1	CSF1R	1
M	AGGACGATCCACGAGC-1	KIR2DL4	2
M	CTAGGATTCTCTGTTA-1	KLRD1	2
M	ACCCAAAAGCGGACAT-1	EOMES	1
M	ACCGGGTAGTCCGTGC-1	NKG7	3
M	TGAGTCACAGGATAGC-1	DCN	3
M	CGCTATCCACGACGAA-1	KLRD1	4
M	GGAATCTTCCCTAAAG-1	NCAM1	3
M	CAGGATTCAATGGCAG-1	CD6	1
M	TGATTTCAGGAGTACC-1	ZBTB46	1
M	TAGCACATCTGAGTCA-1	CD28	1
M	CATGTTTTCAGGAATA-1	COL1A1	2
M	CATTCATAGCACCATT-1	ITGAM	1
M	TCACAAGCAGCTTACA-1	KLRD1	1
M	TGTTAGGCATTAGCCA-1	CD3D	1
M	GTCTACCCATGGAGGT-1	CD3E	1
M	TGTAGCATCCGCTCTA-1	LCK	2
M	ACGTGGCCAAGACTAA-1	EBF1	18
M	TCAATTCAGTGCACAG-1	CD79A	1
M	CCACAGGGTACAAATG-1	KLRD1	1
M	AAATGAGCATCCTGGG-1	CD3G	1
M	TTGTCTACATCCTGGG-1	NCAM1	4
M	ACAATCGCAACGTAGG-1	NCAM1	1
M	GACCTTCCATCAGCTA-1	COL1A1	1
M	CAACGTAGTACCCATA-1	CDH1	1
M	CGATGATAGGCCTCTG-1	CD3E	1
M	ACATGCAAGACTCTTG-1	PRF1	4
M	AGCCAGCTCTTCACTA-1	CD8A	2
M	TACGGATCATACTGCA-1	CD79A	1
M	TGCGTAAAGGTCGGTA-1	SKAP1	1
M	AAAGATGGTTCCTATT-1	LUM	1
M	TAGTCCCCACACACCG-1	KLRD1	3
M	TGCCTGTTCGGTCTCT-1	VWF	2
M	TGACTCCGTGGTTCTA-1	SH2D1B	2
M	GAAGTCTCAGTAACGG-1	NCR1	1
M	CCCTGATAGGTCTTTG-1	PECAM1	1
M	TAATTCCGTCACTCTC-1	KLRC1	6
M	TAGACTGAGATCTCAC-1	VWF	6
M	CTCATGCCACTGTCAA-1	MRC1	1
M	CTCATGCCACTGTCAA-1	ITK	2
M	GCGTTGGAGCTATCGT-1	BANK1	1
M	CATGCCTCACCCTTTG-1	PECAM1	3
M	TTGGTCCAGACCTATC-1	COL1A1	2
M	AGCGATTCAGGGCTTC-1	SKAP1	2
M	AGTGTACGTCATCGTA-1	VWF	9
M	ACTTCCGCACAGCTTA-1	CD160	2
M	CAGTGTATCTCGCGTT-1	LCK	1
M	ATGTCTTGTTGGTAAA-1	GNLY	1
M	CTAGGATAGGGTGTTG-1	NCR1	1
M	GAAGTCTCAGTAACGG-1	CDH1	1
M	GACCAATAGCACACCC-1	NCAM1	4
M	TGGCCTTGTTTGCATG-1	MS4A1	2
M	GAGGATGTCTCATCCG-1	PRF1	3
M	GCAGCCATCAGTAGTC-1	CD160	1
M	GTCGTAAGTGCTGAAG-1	VCAN	1
M	CCCTGATCATGGCCCA-1	BANK1	2
M	TTCGGTCTCGCTACCT-1	CD8A	3
M	TGTACAGGTTTGCGAT-1	GNLY	1
M	GAGCATTTCTAAACGC-1	SKAP1	2
M	GCAGCTGAGATTAGAC-1	CD3E	1
M	TTGACGAGTTACCACA-1	SH2D1B	1
M	ATGTCGAAGAATGCTA-1	CD160	1
M	ACTAACGAGACCCTAT-1	PAX5	1
M	CACTGAACAAGCGACA-1	ITK	3
M	TGGTCCTGTAAACGAT-1	ITK	4
M	ACTTTCATCTCCAACC-1	KIR2DL4	1
M	AAGGTTCAGAAGCCTG-1	CD79A	1
M	AAAGATGGTTCCTATT-1	IRF8	1
M	TAACGGTGTCAGAAGC-1	ITGAM	2
M	CAGGATTAGATTCCGT-1	KLRD1	7
M	ACTCGGGAGGCTTCGC-1	KLRD1	2
M	AGCCAGCAGCTTACCA-1	VWF	1
M	TTCAACTCAACTCGAT-1	CD5	1
M	GCTTGCTCATGGGACA-1	PRF1	1
M	TTAGGTGCAGGAGCAT-1	VCAN	1
M	TGCACCTCAGTCCTGG-1	SKAP1	1
M	TAGCATGGTGAGGTCA-1	KLRD1	1
M	GGTACCGAGAGCGGTT-1	CD4	2
M	AACTTGGTCGCGTGAC-1	LCK	6
M	TAGCACATCAACTTGG-1	LCK	3
M	GCCCAGAGTTTCGACA-1	PAX5	2
M	TAAACCGGTGCGTAGA-1	ITK	3
M	TGCACCTTCGATTACG-1	IL7R	3
M	CACATGATCAAGGCAG-1	EOMES	2
M	CCGTAGGAGAGGCCTA-1	CD28	1
M	CACCACTAGCACACCC-1	CD8A	4
M	TCAAGCAGTACTTCAG-1	COL1A1	1
M	CAACGTAGTCTGAGCC-1	SKAP1	2
M	TACCTATGTGCCAAGA-1	CD68	2
M	CCGTAGGAGGCGACTA-1	CD6	1
M	CGGTGCACAGCGTCGT-1	SH2D1B	3
M	GTCACTCTCAGTCACA-1	ITK	2
M	GGATGAGAGGTGTTGG-1	KIR2DL4	1
M	GACCTTCCATCAGCTA-1	SKAP1	4
M	TACGCAACATGGCCGT-1	IRF8	1
M	GTCACAACATTCACCC-1	DCN	1
M	GAAACAAGTTCCCAAA-1	KLRD1	1
M	ACAAGCTGTAACTCCA-1	VWF	4
M	CACCTTGTCGTGAACT-1	VWF	1
M	AGCCTTCTCTCCTTAA-1	SH2D1B	3
M	TCGATTTCATATTGGC-1	PAX5	5
M	GAGAACGTCCTGACCT-1	IL7R	2
M	GACCAATAGAGGTCCA-1	EOMES	1
M	ACAGACTAGGTAAGCC-1	CLEC9A	1
M	TGAGTCACAGGATAGC-1	NCAM1	1
M	TCACCACGTGGAAGCT-1	NCAM1	4
M	TGATTTCCAAGGGTAC-1	SH2D1B	2
M	AGTTTGGCAACTCGTA-1	TXK	2
M	CTACTTACACGCGTTG-1	MERTK	1
M	GCGTAGCAGAAGCCGT-1	GNLY	1
M	CACATGATCGTAGCGC-1	NKG7	1
M	CGCTGGATCACTCCCA-1	COL1A1	1
M	CTTGCTGTCTGTGTGA-1	IRF8	1
M	AACTGGTTCGTTCCGT-1	KLRD1	5
M	TTACCCGCACTAGGAG-1	CD6	1
M	GAGGCTCAGCTCCGGT-1	PRF1	1
M	CGTGGCAAGGGTCCCT-1	EBF1	2
M	AAAGGATTCCAGTACA-1	CD14	1
M	TAGCCCTTCGGATAGG-1	BANK1	6
M	CTGCGTTTCGCTAGTA-1	BANK1	2
M	ATTGTCTTCGGCATAT-1	CD8A	1
M	CGCTGGACATTGTTCT-1	COL1A1	1
M	CACAGATAGGGTCTGA-1	SKAP1	2
M	TATCTGTAGTCTGTGT-1	PRF1	2
M	GCAGCCATCCATCTAT-1	PAX5	6
M	AAAGGGCCATTTCACT-1	VCAN	1
M	TCAAGGTTCACAACAC-1	BANK1	6
M	GTCACGGTCTCCCTTT-1	MARCO	1
M	AACGGGACATCCGTGG-1	CD8A	1
M	GTAGTACTCCTCAAGA-1	ITGAM	2
M	ACAAGCTTCCACTAGA-1	EBF1	1
M	GTGGATTGTTCCCTTG-1	EBF1	3
M	ACTAGGTGTTGCCTGG-1	IL7R	3
M	GGAGGATTCTTGCGCT-1	GNLY	1
M	AGTTTGGGTCATAAGA-1	NCR1	1
M	TGTAAGCTCCCAGCAG-1	KLRD1	4
M	GCCCAGAGTGGTAGAC-1	CD3E	1
M	ACCGCAGGTCTGGGCT-1	NCAM1	1
M	CCAGATAGTACGCCCA-1	THEMIS	3
M	TTATGTCCATATTGGC-1	MERTK	1
M	AACCAACGTAACGGAC-1	VWF	2
M	CGTAAACGTTCCGGCA-1	VWF	2
M	ACGTTAGGTAGCGAGT-1	NCAM1	2
M	CCCTCTCAGCCCATTA-1	SH2D1B	1
M	TCCATCGGTCTCTGGG-1	IL7R	1
M	AGGCCTGAGTCAGGAC-1	TXK	3
M	GTGGCGTGTTCTGAGT-1	EOMES	1
M	AGCGTGCTCGGCTATA-1	MERTK	2
M	GTAATCGCAATGTAAG-1	PECAM1	3
M	CCAATGAGTTAACCGT-1	KRT8	1
M	TCAATTCTCAGTCAAC-1	KLRD1	2
M	GGGTGTCGTTTCAGCA-1	LCK	1
M	GTCTACCCAGGCACAA-1	THEMIS	2
M	TAGCATGGTGTCCCAG-1	ITK	1
M	TACATGGTCTGTTTAC-1	BANK1	1
M	CAACCAAGTCAGAAGC-1	TXK	1
M	ACAGCGCCAGTCAGCC-1	EOMES	1
M	CACTAAGAGCTCCGGT-1	PECAM1	6
M	CCCGTTACAACAACTC-1	PECAM1	1
M	CGCTGGAAGGCGTCCT-1	IRF8	6
M	GAAACAAGTGAGTTGG-1	KIR2DL4	1
M	TACTGCCCAGTAAGCG-1	KIR2DL4	1
M	AGCTGATTCACTACCC-1	FLT3	1
M	GGAGTAGGTCATAGAA-1	NCAM1	3
M	CTCCCAAAGAGTCCGA-1	PRF1	5
M	CCTCCCTCACGCGTTG-1	THEMIS	8
M	GCTCACTGTGTGCTTA-1	ITK	4
M	CAGCTGGTCCAGTTAG-1	ITK	5
M	ATAGGCTTCCTTTGCG-1	ITK	3
M	AGCTGGCAGTATAGTG-1	ITK	4
M	GTTATTCCAGGCAAGT-1	EOMES	3
M	CTTAATCGTCCCGAGT-1	COL1A1	1
M	GGTGCTGTCAATTGGC-1	IRF8	1
M	GAGGTCCAGTCCGGAA-1	KRT18	1
M	GTAGGAGCAGGTTATC-1	KLRD1	1
M	TAATTCCAGAACCATA-1	KLRD1	1
M	CTCACCATCCACTAGA-1	CD6	2
M	ACTTCCGCAGAATGCG-1	CD6	1
M	CAAAGCTGTCATAGAA-1	MRC1	3
M	ACTACGATCCACGGCA-1	SH2D1B	1
M	GCTCCTATCGTCGCAG-1	CD160	1
M	TGCTTTATCTTCCACG-1	EBF1	2
M	TGATCAGCAGATACAA-1	ZBTB46	1
M	TCACAAGGTCTGCACG-1	NCR1	1
M	CCGTACTGTGCCGGTT-1	SKAP1	2
M	GGTGTCGAGTAGTGTA-1	NCAM1	1
M	AGTGCGCCACAATAAG-1	SFTPC	1
M	GTGTCCTGTCTGGGCT-1	THEMIS	6
M	GAGCATTCAGTTAAAG-1	ITK	8
M	TATTGCTCAGCTTACA-1	SKAP1	1
M	GGATGAGCAAGTGGCA-1	SH2D1B	1
M	TAGCACATCTGAGTCA-1	LCK	1
M	AAAGATGCACAGAAGC-1	EBF1	1
M	GCGCCAAGTCACCCGA-1	ITK	5
M	CCTAAAGCATCGTACA-1	CD14	2
M	CCACGTTTCCATGTTT-1	GNLY	1
M	TGGTCAACAATGGTAA-1	KRT8	1
M	TACTAGGGTGGTGGTA-1	KLRD1	2
M	CGCTATCGTCATCGTA-1	MERTK	3
M	CCGTACTAGGTAGGCT-1	CD8A	1
M	CACTAAGCACGCGTTG-1	DCN	2
M	CGATGATTCCTCAAGA-1	KRT18	1
M	AGCCAGCGTGCACATT-1	CD3G	1
M	TATGTGGCACCGTCTT-1	LCK	4
M	GGAGAACTCACTCCCA-1	CSF1R	1
M	GAACCTAGTATCCTTT-1	CD28	1
M	TCTCTGGAGTCGCCTG-1	NCR1	2
M	TAAACCGTCGTTCAGA-1	IRF8	1
M	AAAGGATAGGATGTCG-1	KLRD1	6
M	TGATGCAAGACCAATA-1	KLRD1	2
M	GTCTACCCATGGAGGT-1	CD6	1
M	AGCGATTGTGGTAGAC-1	PRF1	1
M	AATACGCGTCTCGGGT-1	SFTPC	1
M	CCTTAATAGGTTAGTA-1	EBF1	1
M	TAGCCGGAGTGTCACT-1	VCAN	1
M	GCAGCTGAGATTAGAC-1	TXK	1
M	GTGGATTCACGCTGTG-1	CD79B	1
M	GCGAGTCAGCTGCTCG-1	IRF8	1
M	TAGCACAAGCTAGTTC-1	KLRF1	1
M	AGTTTGGCAACTCGTA-1	VWF	1
M	GATCATGGTATCTCAG-1	PRF1	3
M	GCTCCTAAGAGTAAGG-1	PRF1	2
M	GACCAATAGCACACCC-1	SFTPC	1
M	GTCACCTGTAACATAG-1	BANK1	9
M	ATTACCTAGATCCGAG-1	EOMES	1
M	GGAGGATCAAGCGTCC-1	FLT3	1
M	AGTGCGCTCATAGGTC-1	KLRC1	1
M	TCACAAGAGTAGCAAT-1	KLRD1	2
M	TTAGGTGCAGGAGCAT-1	MRC1	3
M	GTCTACCTCCAGAATC-1	ZBTB46	1
M	GTTGGGCAGGCTCCTG-1	CD8A	3
M	TGGAAGGAGACTTGAA-1	NKG7	1
M	CCTGGGACAATGTAAG-1	IRF8	3
M	GCGGGTTCACAACGGA-1	KRT18	1
M	TACATTCTCGCTTCAC-1	KLRD1	1
M	TAGCTTTTCAGTCTTT-1	SPI1	1
M	TCACTCGCACTGAAGG-1	CD14	1
M	GGTGAAGGTGCTGGCT-1	MERTK	8
M	ATGTTTCAGTTGGAAT-1	CDH1	2
M	GCCAGACGTAGGTAAT-1	NCAM1	1
M	TGTTAGGGTCTGGTCG-1	CD6	1
M	AAATGCCGTCATCGTA-1	SPI1	1
M	CTCGCTATCGCCCTTA-1	CD160	1
M	CCCTCTCAGCCCATTA-1	ITK	1
M	TGGCGCACACCCATCT-1	BANK1	7
M	GATCGTACAGGCAAGT-1	MERTK	1
M	TTATGTCCATTCCCGT-1	MERTK	1
M	CTCGCTATCGCCCTTA-1	PECAM1	1
M	TCACCACTCCCGTAGG-1	VWF	1
M	AGTCAACTCTAAGGTC-1	CD160	1
M	GAGCATTTCAGGAATA-1	LCK	1
M	GTGCTGGAGAGCTGTG-1	BANK1	4
M	TGTACAGTCGCTCGGA-1	BANK1	1
M	ATCGAGTCAACGGACA-1	TXK	1
M	CCGAAGCAGTTCGACT-1	CD8A	1
M	GCAGCTGAGATTAGAC-1	KIR2DL4	3
M	TGTGGCGCAAGGAACC-1	CD79B	1
M	CCGTAGGAGGCGACTA-1	COL1A1	1
M	ATTCGTTCAAGAGATT-1	IRF8	2
M	TTGAGTGAGTACGCGA-1	PRF1	3
M	ACGTTAGAGTTACACC-1	ITK	3
M	GTAATCGCAATGTAAG-1	ITK	6
M	TGATGCACACATTCTT-1	CD8A	2
M	CATGCCTGTTCAGTTG-1	NCR1	1
M	CTTTGCGGTTCTGATG-1	NKG7	2
M	GCGGGTTCATCGCCTT-1	COL1A1	1
M	CACAACACAACGTAGG-1	IRF8	4
M	TCGAGCGCATGCGCTG-1	KLRC1	1
M	AGCCTCTTCGGTTCCT-1	NCAM1	1
M	TGCCTCAAGACGCCAA-1	LCK	4
M	GACCCAGGTTGAATAG-1	ITK	9
M	GACCAATAGACAACGC-1	ITK	7
M	AAAGATGTCCAGTACA-1	ITK	6
M	ACGTTAGTCCATTGTT-1	CD79A	2
M	TCGAGCGTCGGATCGC-1	CD79A	2
M	TCTATTGGTGGACAGT-1	PECAM1	3
M	TAGTCCCAGGACTAGC-1	SKAP1	2
M	GACCTTCTCACATTCT-1	IRF8	2
M	CAGCTAACAGAAAGAG-1	KLRD1	1
M	GAGGCTCTCTGATCTT-1	CD3E	1
M	GGAACTTCAGATTAAG-1	PRF1	3
M	TTCGTTATCAGTCAAC-1	PRF1	2
M	TAGGAGGTCAGCCGAC-1	THEMIS	1
M	AACTTGGTCGTCCCTA-1	BANK1	3
M	GACCCAGGTGCACATT-1	TXK	1
M	GGAATCTAGAACAGGA-1	GNLY	1
M	AACTGGTTCGTTCCGT-1	SKAP1	2
M	CGCAGGTTCTGAACGT-1	CD3D	1
M	TCTCAGCTCGCGCTGA-1	LCK	1
M	CGCACAGTCTGTTGCC-1	BANK1	1
M	ATTACTCCACCCTTAC-1	KIR2DL4	3
M	TTAGGTGTCTCCAACC-1	KIR2DL4	1
M	GGGAACACAGTCAGCC-1	NCAM1	1
M	TTGAGTGCACACTAGT-1	NCAM1	5
M	ACGTTAGTCTATATCC-1	ITK	7
M	TCACAAGCAAGTTGCT-1	ITK	2
M	CATTCATGTATGGATA-1	CD14	1
M	AGCCTGGGTTGAAGCG-1	TXK	1
M	ACTATTCGTAGGTAAT-1	ZBTB46	1
M	CCTTAATTCTCGCGTT-1	MERTK	1
M	ACATGGTTCCAGGTCG-1	GNLY	1
M	CGCTGGAGTACGTAAA-1	DCN	1
M	TTGTCTACATCCTGGG-1	KLRD1	6
M	TAGTCCCCAATTCGTG-1	VWF	2
M	TACATTCAGTAACACA-1	CD28	2
M	TGTTAGGGTCTGGTCG-1	NKG7	2
M	GGGACCTAGCTGATTC-1	FLT3	1
M	AACGAGGCACATTGCA-1	KRT8	1
M	TCAGTCCTCAGTCACA-1	PRF1	2
M	AGTGCGCTCATAGGTC-1	ITK	6
M	GCTTAAGTCTTGTCAT-1	TXK	2
M	CCCTAGTTCTACATCT-1	CDH1	1
M	CAACGTACAGAGTCGA-1	ITGAM	2
M	GCCAGCAAGTGGTGTG-1	VWF	1
M	AGTTTGGCAAGACTAA-1	CD3D	1
M	TTGCCCAGTCAACGGA-1	MRC1	6
M	TGCTCGTAGCGAGAAA-1	PAX5	1
M	ATAGTCGCAGGCTACC-1	THEMIS	1
M	ATTTGTCGTGATGCTT-1	BANK1	1
M	CCAGAATGTGCAAAGC-1	EBF1	16
M	TGCTATTCAAAGGCCA-1	VCAN	1
M	GCTGCGAAGACAGTGC-1	IL7R	4
M	CCCTCTCGTTGGTAAA-1	TXK	3
M	TGACTCCGTAACCCAT-1	CD8A	1
M	CGCACAGCACTTGCGG-1	KIR2DL4	2
M	GCGCATGTCTAAACGC-1	PECAM1	1
M	TTGTCTATCTCCACTG-1	IRF8	1
M	CAGCTGGCATTGTGAC-1	BANK1	1
M	ACAATCGTCTATGAGC-1	COL1A1	2
M	CCCAGAGTCCCAGCGA-1	SKAP1	6
M	TAATCGGCACAGATGG-1	CDH1	1
M	GCACGGTAGAGTGGTC-1	KLRD1	1
M	TAGCCGGAGACTTGAA-1	NCAM1	1
M	TCAAGACGTAGGTGAC-1	CD5	1
M	TCAGGTATCACCCTTG-1	CD160	3
M	TTACGTTCATGGTAAA-1	PAX5	5
M	TTACGTTCATTAGCCA-1	THEMIS	2
M	GTCACAAAGTAGGTCG-1	PECAM1	1
M	GCTCCTAAGAGTAAGG-1	THEMIS	1
M	AGGACGATCCACGAGC-1	ITK	5
M	AAAGGATTCCAGTACA-1	VCAN	2
M	GGAACCCGTCAGAAAT-1	BANK1	9
M	TACATTCTCGCTTCAC-1	CD28	2
M	AAATGAGAGTGCTGAG-1	CD79A	1
M	TGAGTCATCCATATCT-1	PECAM1	1
M	TGTTAGGCATAGATAG-1	SKAP1	2
M	CGCAATAGTGCTTGAT-1	ITGAM	1
M	ACATGGTTCCAGGTCG-1	KLRC1	1
M	CCATACCCAAGCGAAC-1	SH2D1B	6
M	AACAAAGAGCCTGTAT-1	LCK	1
M	TGCTTTATCTTCCGTG-1	SFTPC	1
M	GGATAGGCAAAGCTGG-1	IL7R	2
M	GTTATTCAGGATTTGA-1	BANK1	2
M	GCAGATTTCCGCGATG-1	CD8A	1
M	GGAGTAGGTCATAGAA-1	IRF8	2
M	AGTGCCGAGTCGACCC-1	NCAM1	6
M	TCAGTCCTCTTCCAGC-1	PRF1	1
M	GGAATCTAGTCTGTGT-1	LCK	4
M	TGGCAATCATACTGCA-1	TXK	1
M	GCGCATGAGGGTTCTT-1	KLRF1	1
M	GTTATTCAGAGTTCGG-1	MRC1	1
M	GACCCAGAGATTACGA-1	EBF1	5
M	CCCTCTCTCTATCTAC-1	ITK	1
M	ATAGGCTAGGACCGAT-1	TXK	1
M	ATCCTCGAGTGTCGGA-1	SKAP1	6
M	GCTGAGCGTTTGCCAA-1	SKAP1	4
M	GTAGGAGGTCCGTGCA-1	CLEC9A	3
M	TGCATGACACCTGAAT-1	CD160	2
M	AATGGCTGTGTCGTGC-1	THEMIS	1
M	GCCTAGGTCTGGCACG-1	GNLY	3
M	GATCGTAAGGGAAGCG-1	IRF8	1
M	GCGATTACATGCGTTA-1	ITGAM	2
M	GAGCATTCACGACGAA-1	DCN	1
M	CGCAATACATTATGGC-1	CD79A	3
M	GACCTTCTCCGAATTG-1	COL1A1	2
M	CTACTTACAAGCCCTG-1	KLRD1	5
M	GTAGGAGCAGGTTATC-1	NCAM1	7
M	TTTGAGGGTTGGCTTA-1	PAX5	1
M	ACAGAAACATCTCTCG-1	SFTPC	1
M	TAGCTTTGTTGGTAAA-1	THEMIS	1
M	GTGACATTCTCGTGAA-1	IL7R	2
M	CATTCATTCTCTGAGA-1	BANK1	1
M	TACATGGCAGCAACAG-1	TXK	3
M	GGCACGTCAAAGAGAG-1	EPCAM	1
M	TATGTGGAGTAACTCC-1	EPCAM	1
M	ACTACGAGTAGTATCC-1	CD79B	1
M	CCAGATAAGAGATTAC-1	CDH1	1
M	ACGGATTCAGGAGCAT-1	KLRF1	1
M	AGCCTCTTCGGTTCCT-1	PRF1	2
M	GTCACAAAGTAGGTCG-1	CD160	1
M	ATCCTCGCATTACACG-1	PAX5	2
M	ACAAGCTTCGGTCTCT-1	TXK	3
M	CTCTACGCACGCTCAG-1	TXK	2
M	GGTGTCGAGACAACGC-1	CD79A	2
M	CGTAAACTCTCTTCTC-1	SKAP1	1
M	TGGTCAAAGTTGGAAT-1	IRF8	1
M	AGGACGAGTCAAGACG-1	IRF8	1
M	ACAGACTGTGATAAGT-1	CDH1	1
M	CCCACATGTGCAAGAC-1	NCAM1	2
M	GATTAGCGTGCGACCT-1	NCAM1	2
M	CAACGTACAGAGTCGA-1	CD160	2
M	AGCTGGCAGTATAGTG-1	TXK	3
M	AAACTCGCACCGAAAG-1	KLRD1	1
M	CAGTGCGAGATTGACA-1	KLRD1	4
M	GTGCACGAGACGACTG-1	CD1C	1
M	TAGGTGTCACTGCTTC-1	CD79A	1
M	ACCATCCAGATGTTCC-1	SKAP1	2
M	GTGTCCTGTCTGGGCT-1	SKAP1	4
M	GCGATTATCTCCCTTT-1	IRF8	4
M	CGGTGCACAAGTTCGT-1	ITGAM	1
M	TCTCTGGAGTCGCCTG-1	DCN	1
M	TCAGGTACATTGCACA-1	KLRF1	2
M	CATGCCTAGAGCCTGA-1	VWF	1
M	TACATGGAGCTAACAA-1	VWF	1
M	TTCGCGTTCACTCGTC-1	NCAM1	1
M	CTGTATTGTAACTGAA-1	NCAM1	3
M	TCAGGGCTCTGGTACA-1	CD5	1
M	TAGCGGCTCCCACGGA-1	SH2D1B	1
M	TCAAAGCTCGTCAACA-1	PAX5	2
M	TTTACGTGTGAGTTGG-1	THEMIS	3
M	GCATGATCAATGGCAG-1	EBF1	1
M	GTAGGAGCAAGCAACG-1	ITK	1
M	CCATACCAGGCAGTAC-1	EOMES	1
M	AATACGCAGGTGTCGA-1	SKAP1	3
M	ATGTTTCCAAGAAACT-1	NCAM1	1
M	TCAGGGCGTGTACGCC-1	NCAM1	2
M	GGTGCTGGTGCTGAAG-1	PRF1	1
M	GATCATGGTATCTCAG-1	LCK	2
M	GGATGAGCAGTAACGG-1	PAX5	1
M	GTCACTCGTGGATTTC-1	EBF1	1
M	GTAGACTTCTCTCAAT-1	ITGAM	1
M	TGGTCCTTCTGTTGCC-1	VWF	1
M	GCATGATCAATGGCAG-1	CD6	2
M	TTACCGCGTACGCAAG-1	EBF1	1
M	ACTGCAATCTGTCGTC-1	VCAN	1
M	GTAATCGAGTACGCGA-1	NCR1	4
M	GGGTTATCAATTCTCT-1	NCR1	1
M	GATCGTAAGGGAAGCG-1	NKG7	2
M	TAACTTCTCCGATTGA-1	PAX5	1
M	CCTTAATCAGCGTACC-1	ZBTB46	1
M	GCTGAGCGTTTGCCAA-1	ITGAM	1
M	CGCAGGTAGAGTCCGA-1	KRT18	1
M	GGAACCCGTCCGGTAC-1	KLRD1	1
M	GCATTGATCGATAGGG-1	KLRF1	1
M	CCGTACTAGCGAGCTA-1	CD6	1
M	CATTCCGAGATAGGTT-1	PRF1	2
M	GCTCCTAAGAGTAAGG-1	SKAP1	3
M	GTGCACGGTAACTCCA-1	CD5	1
M	TTCGCGTTCACTCGTC-1	ITK	2
M	TGGACATCATCATCGA-1	IL7R	1
M	CCTTGGTTCAGTGGTT-1	BANK1	2
M	TACTCGCCAACATAAG-1	TXK	1
M	GCAGATTTCGATAGTC-1	MERTK	1
M	AGTTACGAGTCCTTCC-1	NKG7	2
M	GGGTCTGCACTCAAGT-1	CD79A	1
M	CTGGGACTCCATATCT-1	PECAM1	1
M	TAAGCCATCCGCGATG-1	PRF1	2
M	AGTGCCGAGTCGACCC-1	LCK	2
M	TACGGATCACCAAGGA-1	EBF1	1
M	TCACAAGGTTTAGAAG-1	ITK	1
M	AAAGATGGTTCCTATT-1	KIR2DL4	2
M	GGGCCATCAGTAACCT-1	IRF8	1
M	CAGTATGGTACGTAGG-1	KLRD1	4
M	TGACTCCTCTTTGCAT-1	CD3E	1
M	AAACGAAAGTTCGTTG-1	NCAM1	1
M	TCACCACTCCCGTAGG-1	PRF1	3
M	AATGGCTAGTAGTTCC-1	THEMIS	2
M	TGACAACCAACATAAG-1	TXK	3
M	ACTTCCGCAGAATGCG-1	SKAP1	2
M	TACTCGCTCACTCGGG-1	IRF8	1
M	GATTAGCGTGCGACCT-1	IRF8	2
M	ATAGGCTAGCGATACG-1	ITGAM	1
M	GTCACCTAGGTCTTGT-1	CD6	1
M	CGTACAATCGTTCTAT-1	PRF1	1
M	GTAGGAGGTATCAGCT-1	CD1C	1
M	TGACTCCAGGAAGGTA-1	LCK	1
M	TCAGGTAGTAAGTGCG-1	GNLY	2
M	TCAGGTAGTATCCTTT-1	NKG7	1
M	GTAGGAGGTCCAAGTT-1	SKAP1	7
M	ACGTGGCAGACCATAA-1	LUM	1
M	GAACGTTGTACCCATA-1	KLRF1	1
M	GAAGTGGGTCCCGAGT-1	VWF	2
M	TTGAGTGAGGTTCTCA-1	NCAM1	3
M	ATAGGCTAGCGATACG-1	PAX5	2
M	AACCAACTCGATGTAC-1	EPCAM	1
M	CTCGCTATCGCCCTTA-1	CD79A	2
M	TACGGATTCTTCTCTC-1	SKAP1	1
M	CTCTCAGAGTTAGAGT-1	KLRF1	1
M	TACATGGAGCTAACAA-1	CSF1R	3
M	ATGTTTCAGTTGGAAT-1	CSF1R	1
M	GTTGGGCCAACTCGTA-1	ZBTB46	2
M	TTACCCGGTCAGTGTT-1	NCR1	1
M	GGACACCTCTAAACGC-1	SKAP1	5
M	CCGTAGGAGGCGACTA-1	CD3D	2
M	GGTGAAGGTGCTTGAT-1	CD6	2
M	TAGTCCCCACACACCG-1	LCK	2
M	AGCTGATCATCCTCGT-1	THEMIS	1
M	GTCACAAGTAGTCTGT-1	EBF1	2
M	AGTCCGGTCGCCTTAC-1	BANK1	7
M	CTCAGCTTCTCTTAAC-1	CD28	1
M	CATTCCGAGATAGGTT-1	NCR1	1
M	ACATGCAGTCTGTGTA-1	SKAP1	2
M	AAATGAGCATCCTGGG-1	SKAP1	1
M	ATGGATCGTTTCGACA-1	SKAP1	1
M	GTAGACTAGGAATGGA-1	SKAP1	1
M	TCCCACACACAAACAA-1	KLRD1	7
M	GCTCCTATCGTCGCAG-1	ZBTB46	1
M	GGGTTATTCCACACCT-1	CD28	1
M	CTCCCAAGTTACGGAG-1	CD28	1
M	ATCGAGTTCCTAAGTG-1	CD28	5
M	AGGACGACAGCGCGTT-1	GNLY	1
M	AGCCCGACAGGTGGTA-1	GNLY	1
M	ACGTGGCCAAGGTCGA-1	NCR1	3
M	TAATTCCGTCACTCTC-1	SKAP1	5
M	TAGACTGAGCAATGTA-1	KLRD1	5
M	TGTGGCGCAAGGAACC-1	CD5	1
M	GCCCAGATCACAACAC-1	MRC1	2
M	CGCTATCGTAAGCCTT-1	SFTPC	1
M	AGTTTGGGTGGACAGT-1	EBF1	5
M	CTTGCTGTCCACGGCA-1	TXK	1
M	CGATGATTCCTCAAGA-1	TXK	4
M	CACAGATAGGGTCTGA-1	ITGAM	1
M	AATGTCGAGCGGACTA-1	SH2D1B	2
M	CGTACAACAATCAGGG-1	CD14	1
M	GCATTGATCGATAGGG-1	IL7R	2
M	ATCGAGTCAAGTCTCA-1	EPCAM	2
M	TGACAACTCTCATATC-1	PECAM1	1
M	GGAACCCGTCCGAGCT-1	KLRD1	1
M	TAGTCCCTCATCGCCT-1	CD6	1
M	GAAGTGGAGGCTAAAT-1	MRC1	1
M	CTGCGTTCAACAACTC-1	SH2D1B	2
M	GTTGGGCCAACTCGTA-1	CD28	1
M	CTCCCAAAGAAGCCGT-1	NKG7	1
M	CCAATGAAGGGTTCCC-1	CD79A	1
M	TTATGTCCATATTGGC-1	KLRD1	2
M	GCGCATGTCGCTGATA-1	PAX5	1
M	CTTCCAGAGCGTGTTT-1	SKAP1	1
M	CATGCCTGTTCAGTTG-1	SKAP1	1
M	GCCTACTGTCGTAGTT-1	KLRD1	8
M	GTCTACCCAGTCAGAG-1	SPI1	1
M	GGTGCTGAGGCAGATC-1	SPI1	1
M	GTGGATTAGCTTACCA-1	THEMIS	3
M	CTCAACCCACAGGAAC-1	EBF1	2
M	GAGGCTCGTAACGGCA-1	TXK	3
M	AGTTTGGGTGGACAGT-1	KIR2DL4	3
M	CCTCCCTCATATAGAG-1	NKG7	2
M	TCAGGTAAGCTCCGGT-1	FLT3	1
M	TCAGTCCTCAGTCACA-1	KRT8	1
M	GTAGGAGGTCCAAGTT-1	KLRC1	1
M	GCAGCCATCAGTAGTC-1	TXK	2
M	GGTGTCGCACAAACAA-1	NCR1	2
M	ACTTTCATCTCCAACC-1	PECAM1	1
M	GGCATTATCCAGTACA-1	SKAP1	2
M	CACATGATCAGGATCT-1	KLRD1	1
M	GGAGGATCAAGCGTCC-1	KLRF1	1
M	CGATGATTCGATGTAC-1	MRC1	1
M	AAAGATGTCCAGTACA-1	PAX5	1
M	TCAAGCAAGACCTATC-1	EBF1	1
M	ACTACCCCAAGTAACA-1	BANK1	1
M	GCGATTATCAATTGGC-1	ZBTB46	1
M	GTCACAACAGGTCTGC-1	CD8A	3
M	TCAGGGCGTGTACGCC-1	KIR2DL4	2
M	TCAGTTTAGCTGAGGT-1	NKG7	1
M	TGACAACCAAGACACG-1	TXK	2
M	CCTGGGACAATGTAAG-1	TXK	1
M	GGTCATACATTACTCT-1	CD79A	2
M	TTGTTCAAGTGAGCAC-1	CD4	1
M	TGTAAGCGTCCGTGCA-1	SH2D1B	5
M	GTCACAACAGGTCTGC-1	NCR1	1
M	GGATAGGAGAAATTCG-1	SKAP1	1
M	TTGCCCAGTACTATGC-1	SKAP1	1
M	CAGCCTTAGAACCATA-1	ITGAM	2
M	GGTACCGAGAGCGGTT-1	KLRF1	1
M	AACAAAGAGCGCCTAC-1	TXK	5
M	TACGGATTCTTCTCTC-1	TXK	2
M	GCTGTTCAGGAAGGTA-1	CD79A	1
M	GAAGTCTAGGGATCCA-1	PECAM1	1
M	TAGACTGAGCAATGTA-1	KRT18	2
M	GACTAGTTCAAATGGA-1	KLRD1	1
M	GTCACTCAGAGCGAAA-1	TXK	2
M	CAAAGCTCACGCCGAT-1	MERTK	1
M	TTAGGTGTCGCGATGC-1	EPCAM	1
M	AGCGATTGTGCACCCA-1	SKAP1	1
M	TTTGGCCCACAGTTAC-1	LUM	1
M	TGTGGCGCAAGGAACC-1	CD3E	1
M	CGCTATCGTCATCGTA-1	NCAM1	3
M	GAGATTCCAACGTAGG-1	NCAM1	3
M	TTCGTTATCCGCGATG-1	CD6	2
M	CTTGCTGCAAAGCTTC-1	EOMES	1
M	TGACTCCTCATCATGG-1	MERTK	1
M	AGCTGGCTCGTCTTAT-1	CD8A	6
M	ATTGTCTTCGCTCGGA-1	KLRD1	2
M	TAATCGGCACAGATGG-1	PRF1	2
M	TTCGATTAGTACAGAT-1	SH2D1B	2
M	GGTACCGAGCCCATTA-1	FCN1	1
M	CTGGGACTCCATATCT-1	PAX5	2
M	AGGCGAAGTTGGAGGT-1	ITK	1
M	ACTTCCGGTGTCCAGC-1	MERTK	1
M	TACGCAACATGGCCGT-1	CD79A	1
M	AATGCCATCGTGATAC-1	DCN	1
M	GGAGTAGGTCATAGAA-1	KLRD1	4
M	GCTCGAGGTGCTTCCT-1	KLRD1	1
M	TTTGTGTGTTCCATCC-1	VWF	1
M	TTGCTATAGACACAAT-1	CD3D	1
M	GGTGAAGGTGCTGGCT-1	THEMIS	1
M	CGAGTTAGTACTTCAG-1	BANK1	2
M	GGGCCATGTCTGTTGA-1	IRF8	1
M	AATGGAACAATTCTCT-1	SPI1	1
M	GAGAACGGTGCAAGCA-1	THEMIS	1
M	ATCCTCGTCTAGCTGA-1	ITK	11
M	GGAGGATTCTTGCGCT-1	VCAN	2
M	GAAAGTAGTAAACGGC-1	MERTK	1
M	GAAACAATCTCAGATG-1	CD79A	1
M	TGCCTGTAGGTCTTTG-1	SH2D1B	1
M	AACTTGGTCGTCCCTA-1	LCK	1
M	TGCCTCAGTGGAAAGA-1	TXK	3
M	CGGACTGCACCGTCTT-1	CD8A	1
M	TCAATTCTCAGTCAAC-1	PECAM1	1
M	TAGCCGGAGTGTCACT-1	SKAP1	4
M	TGGTCCTAGTGAGCAC-1	KLRD1	12
M	GAGCATTTCAGGAATA-1	CD3D	1
M	ATCCTCGTCTAGCTGA-1	THEMIS	3
M	ACCTGCTCAGGACCTC-1	ITK	10
M	CTCTCAGAGCAGAATT-1	EOMES	1
M	GTTGGTAAGAGTAAGG-1	NKG7	1
M	TACGGATCACCAAGGA-1	PECAM1	1
M	TTACCGCAGGCAATTA-1	COL1A1	1
M	TGATGCACACATTCTT-1	CD79A	1
M	TCACCTGAGTTCCCGG-1	ITGAM	1
M	GCGGTGTTCTACTTTG-1	CD3E	1
M	ACTAACGCACCCTTAC-1	EBF1	1
M	CAGTGTATCAAGAGAT-1	BANK1	2
M	GCCAGACGTGGTACTT-1	EOMES	1
M	TGGCCTTGTTTGCATG-1	ZBTB46	7
M	TAGGTGTTCCTGTAGA-1	COL1A1	1
M	GCTCAGGAGCCATCAT-1	SKAP1	2
M	AATGCCACAGCGTACC-1	IRF8	1
M	GGATGAGCAGTAACGG-1	MRC1	3
M	CATGCCTAGAGCCTGA-1	TXK	5
M	TGAATCGGTGAATGTA-1	MERTK	1
M	GCAAAGGAGCAATGTA-1	EPCAM	1
M	TTCGCGTTCACTCGTC-1	CDH1	1
M	CCGTAGGGTACTAGAA-1	DCN	1
M	TACATGGAGCTAACAA-1	FCN1	1
M	GTCTACCCAGTCAGAG-1	MARCO	1
M	ATGTCGAAGAGCCACA-1	IRF8	3
M	AAAGGATTCACATTCT-1	KLRD1	7
M	TAGGAGGTCTGAGTAC-1	PRF1	4
M	ACTATTCAGTCCCGCA-1	EBF1	2
M	TTCGGTCCAGTAGTTC-1	VCAN	2
M	ATTACCTGTAATGTGA-1	SH2D1B	1
M	TAGTCCCTCATCGCCT-1	PAX5	1
M	TTCGGTCAGTTCGTTG-1	MARCO	1
M	AGCGATTGTAACGGCA-1	GNLY	1
M	TTACTTGTCCCAGCGA-1	NCR1	3
M	CCAATGAAGGGTTCCC-1	CDH1	1
M	AGCCTGGGTACGGAGT-1	ITGAM	1
M	TTACCCGCACTAGGAG-1	LUM	1
M	TACGCCTAGCGAGAAA-1	CD3E	1
M	GGAGTAGTCCTGGGAC-1	CD160	2
M	AACATCGAGTACGCGA-1	THEMIS	1
M	AGTTTGGGTCATAAGA-1	TXK	1
M	AGATTCGTCATCGCCT-1	IRF8	1
M	GATTGACGTGTCGTCG-1	VWF	1
M	ACAAGCTTCCACTAGA-1	MRC1	1
M	CGTGGCAAGGGTCCCT-1	PAX5	1
M	TAGTCCCCACAGTAGG-1	EBF1	3
M	AATGCCAGTAGGTGAC-1	NCR1	1
M	AACAAAGTCGCCTTAC-1	CD79A	2
M	ACTTTCATCTCCAACC-1	ITGAM	4
M	TTCAACTCAAGCGAAC-1	KLRD1	1
M	ACTTCCGCAGCGTAGA-1	KLRD1	1
M	CTCAACCTCCTAAAGC-1	NCAM1	1
M	CCTTAATTCTAGCAAC-1	BANK1	2
M	TGCTATTGTCCTCAGG-1	ZBTB46	2
M	TCTAGTTTCAGTGTAC-1	NKG7	2
M	GTTATTCAGCTCGTTA-1	FLT3	21
M	AGCTGTACATGTAGAA-1	KLRD1	5
M	CTCACCATCCACTAGA-1	SPI1	1
M	AGTGCCGAGAGATTAC-1	PRF1	2
M	TTAGCGACACGATTAC-1	LCK	3
M	TTAACGGTCTTAAGCG-1	ITK	12
M	GGGACCTAGCTGATTC-1	MERTK	1
M	GTCACAACACGCTGTG-1	SKAP1	1
M	ACCTGCTTCCAACGCG-1	SKAP1	2
M	GAGACTTCAATAGTGA-1	DCN	1
M	TCTAGTTGTGTCGTCG-1	KLRF1	1
M	TCGCAGGCAACGGGTA-1	PAX5	1
M	TCGTTCGGTTCATTTC-1	ITK	1
M	CAGCTGGCATTGTGAC-1	ITK	1
M	TGAGCCGTCCAAGTCA-1	CSF1R	1
M	TTCGTTAGTTCAGAAA-1	ZBTB46	1
M	TGGTCAACAATGCCAT-1	GNLY	1
M	AGCGATTCATTGTTCT-1	PRF1	2
M	CAACCAAGTCAGAAGC-1	MRC1	1
M	TCACAAGCAAGTTGCT-1	FLT3	1
M	CGCAATACATTATGGC-1	DCN	1
M	GCCCAGATCACAACAC-1	KLRD1	5
M	AGTTTGGGTGGACAGT-1	KLRD1	3
M	TATCGAGTCCCGGGTA-1	EBF1	2
M	GGGTGTCAGGGTAGTC-1	ITK	5
M	TACCTATGTGCCAAGA-1	ITK	8
M	TGTGGCGCAAGGAACC-1	CD14	1
M	AACATCGAGGAAGAAC-1	BANK1	8
M	GGGAACACAGTCAGCC-1	EOMES	2
M	AACGTACCAAGAGATT-1	MERTK	1
M	GCGCATGGTTGGACGA-1	NKG7	2
M	GGATAGGGTTCTTTGT-1	PECAM1	1
M	GTCACTCAGCCCATTA-1	SKAP1	2
M	AGCTGTAGTTATGCAC-1	DCN	1
M	GACCCAGAGGTCTTTG-1	CD160	5
M	TTCTGTAAGTTGCGCC-1	CD160	1
M	GAGGCTCTCTGGCGCA-1	ITK	1
M	TGCCTCAGTAATGCAA-1	COL1A1	2
M	ACCCAAAAGCTGAATA-1	DCN	1
M	TGGAAGGAGACTTGAA-1	KLRF1	2
M	ACCTGCTCAGGACCTC-1	NCAM1	1
M	GTTATTCAGAGTTCGG-1	PRF1	2
M	TTTGGCCTCAAAGTAG-1	TXK	2
M	CAAGGCCTCTATTGTC-1	EOMES	1
M	CCGTACTGTGCCGGTT-1	COL1A1	1
M	TTGTCTACATCCTGGG-1	SKAP1	3
M	CCGTGAGGTCCCGAGT-1	VWF	1
M	TATCGAGCAATTCTCT-1	NCAM1	4
M	GACCGACGTATGCTAC-1	MRC1	1
M	GCTCACTGTGTGCTTA-1	SH2D1B	2
M	TGAGCCGTCCAAGTCA-1	IL7R	1
M	GCCAGCAGTAACGTAA-1	BANK1	1
M	AACGGGAAGGGACGTT-1	EOMES	1
M	GAGGCTCGTTCTGAAC-1	IRF8	1
M	AGATAGAGTTGCTTGA-1	CD3D	1
M	AGTGCCGAGGCTCAGA-1	PRF1	1
M	GCAGCTGTCACAACAC-1	MRC1	1
M	GCACGCAGTTGAAGCG-1	SFTPC	1
M	AGTGCGCGTGCTGTGC-1	ITK	5
M	CCAATGAAGACCATAA-1	ITK	1
M	GTGCACGGTAACTCCA-1	CD28	1
M	TGCCTCAGTAATGCAA-1	KLRD1	4
M	TTCGTTAGTTCAGAAA-1	KLRD1	1
M	TCGAGCGGTGATGCTT-1	MRC1	2
M	AGATTCGTCTTCCGTG-1	LCK	3
M	CCGTGAGCAAACAGTA-1	PECAM1	3
M	CATAACGGTGAGTTGG-1	CD79B	1
M	ACTACGAGTGAGAGTC-1	CD3D	1
M	AGCGATTGTAACGGCA-1	SH2D1B	1
M	GTAATCGAGTACGCGA-1	TXK	3
M	TGCCTGTTCACACGTA-1	NKG7	2
M	TATGTGGCATAGCCAT-1	PECAM1	2
M	GCCCAGACAAGCGGTA-1	DCN	2
M	GTAGGAGGTCCAAGTT-1	KLRF1	1
M	TGACAACTCTCATATC-1	EBF1	2
M	TTCGATTTCAGTCTTT-1	ITK	1
M	CAAGCTAAGGCAGATC-1	BANK1	2
M	TCGCCTACATCGGCTG-1	EOMES	1
M	CGGTGCACAAGTTCGT-1	NKG7	1
M	GGAACCCGTCAGAAAT-1	COL1A1	1
M	GCTCACTGTACCAAGG-1	SKAP1	1
M	CATGTTTGTAGCTGTT-1	IRF8	1
M	ATTGTGGGTGGACAGT-1	KLRD1	1
M	GCTTAAGAGGTCTTTG-1	PRF1	1
M	TTCTGTAAGGTGATGC-1	ITK	5
M	GACCTTCTCACATTCT-1	IL7R	2
M	CGTTCCAGTTATCGAC-1	TXK	6
M	CCTATTAAGATCTAAG-1	IRF8	1
M	GTACTTTCAAGATGCG-1	FLT3	1
M	TGGCCTTGTTTGCATG-1	KRT8	2
M	AGGCCTGAGTCAGGAC-1	KLRD1	4
M	CCCTAGTAGTAACACA-1	MRC1	1
M	AACATCGAGTACGCGA-1	LCK	3
M	AGCTGGCGTAGCATGG-1	PAX5	8
M	CCCGTTACATTTAGGC-1	CD14	1
M	GTTATTCAGAGTTCGG-1	MERTK	1
M	ACTGTCCGTCACCCGA-1	CD79A	1
M	TTTGAGGGTTGGCTTA-1	SKAP1	1
M	TGTGACACAGTATACC-1	CD6	1
M	AGATAGAGTTGCTTGA-1	EOMES	2
M	GTAGGAGGTCCAAGTT-1	MARCO	2
M	TTACCCGGTCAGTGTT-1	CD8A	1
M	ACAAACCAGACTTCCA-1	SKAP1	3
M	CCACAGGCAGATTAAG-1	ITGAM	1
M	CCTTAATCAGCGTACC-1	KLRD1	1
M	ACCTGCTTCTCTGACC-1	VWF	2
M	TACAGCACATAGCAGG-1	SH2D1B	1
M	TGCGTAACATGGTTTG-1	PRF1	3
M	GCCATAACAGCGTCGT-1	SH2D1B	1
M	TACATTCAGTCGTGAG-1	BANK1	2
M	AACCTTTAGCGTCTGC-1	MERTK	1
M	GGAGGATTCTAGCAAC-1	IRF8	1
M	CTCAGAAAGTGCAACG-1	KLRD1	8
M	GTGGATTAGCTTACCA-1	CD3G	2
M	TTCATCAAGGTCCTCG-1	ITK	4
M	GAGATTCGTCTCTGGG-1	ITK	1
M	AAAGATGCACAGAAGC-1	VCAN	4
M	GTTATTCCAGGCAAGT-1	IL7R	2
M	TATGTTCCAATTAGGA-1	EOMES	7
M	TAAGTGCCACAGTTAC-1	MERTK	1
M	CTGCGTTGTGCGCTCA-1	NCR1	1
M	TATTGCTGTGAATACA-1	FLT3	2
M	ACCTGCTTCATTCTCA-1	KRT8	1
M	GATTAGCGTTGCAGAG-1	MRC1	1
M	GCCCAGAGTCCCTAAA-1	THEMIS	3
M	GCACGGTAGGATGTAT-1	EBF1	2
M	CACCACTGTTCTTTCA-1	ITK	5
M	GTCACTCAGAGCGAAA-1	ITK	4
M	GAAGTCTCAGTAACGG-1	COL1A1	1
M	CCCTCTCTCTATCTAC-1	SKAP1	4
M	TAGGTGTTCCTGTAGA-1	LCK	3
M	AGTTACGGTTCTTTCA-1	EBF1	6
M	CGCTATCGTCATAGCT-1	KIR2DL4	1
M	GCAGCCAAGCTTACCA-1	NKG7	2
M	CCCTAGTAGTAACACA-1	SKAP1	1
M	GCGCATGGTGAGAGTC-1	SKAP1	1
M	CTCAGAAAGTGCAACG-1	VWF	1
M	GTCACTCAGAGCGAAA-1	VWF	4
M	ACCCAAAAGCTGAATA-1	CD6	2
M	TTCTAACAGGAGTACC-1	MRC1	1
M	CTTAATCCAACGCAAG-1	BANK1	9
M	CCTATTAAGATCTAAG-1	EOMES	2
M	AACAAAGAGCCTGTAT-1	MERTK	1
M	GTCCATCAGCTTTCCC-1	SPI1	2
M	AAAGGATTCCAGTACA-1	EBF1	2
M	GCAGATTGTCTGTGTA-1	BANK1	1
M	GTGGATTCAGTAACCT-1	ZBTB46	1
M	CCCAGAGTCCCAGCGA-1	CD79A	3
M	TAAACCGGTGCGTAGA-1	CD79A	1
M	CTTGCTGGTATCTAGC-1	COL1A1	1
M	CGCTGGACAACTACTG-1	KLRD1	12
M	GCCCGAACATTGTGAC-1	CD3D	1
M	GCGTAGCTCACGTGTA-1	EBF1	2
M	TTACGTTTCGAGTGTT-1	ITK	1
M	CGTTCCATCGATAGCT-1	BANK1	9
M	GTCACAACATTCACCC-1	BANK1	1
M	CAGGATTTCGCTTGAA-1	EBF1	1
M	CCCTCTCGTTGGTAAA-1	ITK	12
M	AGGCGAATCCTTCGAC-1	ITK	1
M	CTGAATGTCGGAAAGC-1	IL7R	1
M	GCATTGAAGACTTCCA-1	BANK1	2
M	CGGACCATCAATTCCT-1	TXK	3
M	AACCGATGTGCGTTTA-1	KIR2DL4	1
M	TGTTAGGCATTAGCCA-1	CD79A	1
M	GTCGTAAGTGCTGAAG-1	IRF8	1
M	GGATAGGCAAAGCTGG-1	CD3E	1
M	GTTATGGTCCTCTCTT-1	CD6	2
M	TTGACGAGTTACCACA-1	PAX5	2
M	GGCGTTGAGTTACCAC-1	IL7R	1
M	ACGGATTAGCCATGGA-1	TXK	5
M	ACTGTCCGTCACCCGA-1	IRF8	3
M	TGGACATAGTTCTCCC-1	FLT3	1
M	GATCGTAAGAACCCGA-1	KLRF1	1
M	CTGGGACTCCATATCT-1	CD3E	3
M	CGTAAACTCGCATAAC-1	SPI1	1
M	GGTTGCGAGGCCAATG-1	FCN1	1
M	GCAGCCATCCATCTAT-1	BANK1	12
M	TTACCCGAGATCCGAG-1	SKAP1	2
M	GACCCAGAGGTCTTTG-1	CD3E	1
M	TAGCCGGAGTGTCACT-1	CD3E	1
M	GCTCAGGGTAACTGAA-1	TXK	1
M	TGGTCAACAATGGTAA-1	ZBTB46	1
M	GGCATTACAACGCACC-1	CD8A	1
M	CAATCCCCACCCTTAC-1	NKG7	1
M	TAGCACAGTCGCGCTA-1	PECAM1	1
M	GGGTTATTCCACACCT-1	PECAM1	1
M	AGCTGATAGGCGATTG-1	SKAP1	2
M	CTTCTAATCGGGATCC-1	KRT8	2
M	CCACGTTGTCGAGGAT-1	KLRD1	2
M	GGTAGGAGTGCACTTA-1	KLRD1	5
M	GCGATTATCTCCCTTT-1	PRF1	3
M	CCACGTTTCCATGTTT-1	PRF1	4
M	TAGACTGAGCAATGTA-1	SH2D1B	11
M	TTCGGTCCAGTAGTTC-1	SH2D1B	2
M	GCGGGTTTCACTCCCA-1	SH2D1B	1
M	GGTGCTGTCGCCACTT-1	PAX5	1
M	AGTCCGGAGATATGAC-1	THEMIS	3
M	ACATGGTTCCAGGTCG-1	EOMES	1
M	TAGCTTTTCAGTCTTT-1	KIR2DL4	1
M	AACGAGGAGTCTCGAT-1	SKAP1	2
M	GGTCATAAGAACTCCT-1	FLT3	1
M	TCGCAGGAGACTTCCA-1	SH2D1B	1
M	AGTGCCGAGTCGACCC-1	THEMIS	1
M	ACTTCCGGTGTCCAGC-1	ITK	3
M	GAGCATTCAGTTAAAG-1	CD14	2
M	GCTGCGACACCATTCC-1	BANK1	1
M	TAAACCGTCGTTCAGA-1	CD79A	1
M	GAGCATTTCCTGTGGG-1	THEMIS	1
M	GATTAGCCAATTCAGC-1	CSF1R	1
M	TGGCAATGTTCATTTC-1	MARCO	1
M	GCTCAGGCATCGTGAT-1	PECAM1	2
M	CTCAGAACATTTGGCA-1	PRF1	1
M	AAGATAGCATGATCGT-1	MRC1	2
M	TGTACGAGTTTGCATG-1	MRC1	1
M	GACCAATAGACAACGC-1	LCK	1
M	GCGGGTTCACAACGGA-1	THEMIS	5
M	CTTCCAGAGACTAGGC-1	CD28	1
M	AAAGGGCCAACTCGAT-1	CD8A	3
M	CATGCCTAGGGAGTTC-1	SKAP1	5
M	TAACGGTGTCAGAAGC-1	CD3E	1
M	GCCTAGGTCTGGCACG-1	PRF1	1
M	CTCTACGTCAGTGGTT-1	SH2D1B	2
M	GACCTTCTCCGAATTG-1	PAX5	4
M	CCCTGATAGATACCAA-1	THEMIS	1
M	TACCTCGGTCTGGTCG-1	ITK	1
M	CTTGCTGGTGTTGGTT-1	EOMES	2
M	AAAGGATAGGATGTCG-1	CD79A	1
M	TTCAACTCAACTCGAT-1	SKAP1	6
M	TTCAACTCAGCAACAG-1	ITGAM	1
M	CGTACAATCGTGTGCG-1	KRT8	1
M	TCGCAGGAGCCTCGCA-1	CD3G	1
M	TTACTTGAGTCTCGAT-1	CD3D	2
M	GCACCTTCACTGTTAG-1	SH2D1B	2
M	CTTGTCGAGCGTAGCA-1	PAX5	1
M	CCTGGGATCGTCTTAT-1	ITK	5
M	TACAGCAGTGTGAGGT-1	ITK	5
M	CAGTGCGTCGGCTATA-1	SKAP1	1
M	TCAGTTTTCTGAAAGA-1	ITGAM	1
M	CGCAGGTTCTGAACGT-1	KLRD1	6
M	GAAGTCTGTCAACAGG-1	VWF	1
M	ACTGTCCGTCACCCGA-1	VWF	2
M	CGTACAATCTCGCGGA-1	PRF1	1
M	ATCCTGCTCCCGTATC-1	MRC1	1
M	TGCTCACTCCGGGCAT-1	LCK	1
M	CCGTGAGGTCAGGCTC-1	PAX5	1
M	CCCTGATAGATACCAA-1	VCAN	1
M	TACGCCTAGCGAGAAA-1	TXK	1
M	CCACAGGGTACAAATG-1	TXK	1
M	CTAGGATCAAGTTGCT-1	MARCO	1
M	TCAGGTAGTATCCTTT-1	GNLY	1
M	GCTTAAGGTTACACTG-1	EPCAM	1
M	TTGCTATCACGCTGTG-1	PECAM1	1
M	AGCGATTCAGGGCTTC-1	IRF8	1
M	GATCGTAAGGGAAGCG-1	CD3E	1
M	CCTAAAGGTCCCGAGT-1	CD5	1
M	CGCTGGAAGATGAGGA-1	PRF1	4
M	CATGCCTAGGGAGTTC-1	MRC1	2
M	CTCTCAGGTAGCATGG-1	PAX5	2
M	GCAGATTTCTGGCACG-1	ITK	7
M	CCTTGCAAGGCTCCTG-1	ITK	10
M	ACATGCAAGACTCTTG-1	SKAP1	5
M	CAGCTGGGTCGCTAGC-1	KRT8	1
M	TAGCCCTTCGGATAGG-1	CD3D	1
M	ACAAGCTTCCACTAGA-1	PRF1	2
M	GAAATGATCAGTCACA-1	PRF1	1
M	GCCATAACATAGATAG-1	PRF1	1
M	TGATTTCCAAGGGTAC-1	CD14	1
M	CACAACACAACGTAGG-1	ITGAM	2
M	CAGGATTTCCGCCTAT-1	ITGAM	1
M	TTCATCATCGCGCCAA-1	VWF	1
M	GTAATCGCAATGTAAG-1	PRF1	2
M	AGCCTTCTCTCCTTAA-1	PRF1	4
M	AATACGCGTCTCGGGT-1	THEMIS	2
M	GGGACCTCATCCGTGG-1	BANK1	1
M	GTGGATTGTTCCCTTG-1	NKG7	3
M	TACAGCACATGGGACA-1	CD79A	1
M	CTTGTCGGTAGTATCC-1	KLRF1	1
M	AAAGGATTCCAGTACA-1	PRF1	3
M	AGCCTGGTCGCATACA-1	ITK	4
M	TTTGGCCAGGAGTACC-1	BANK1	2
M	TGGGTTAGTACGACCC-1	BANK1	2
M	AACCTGAAGTCGTATC-1	TXK	1
M	TCTATTGGTGGACAGT-1	EOMES	3
M	CACATGATCGTAGCGC-1	CD8A	1
M	TTACTTGTCCCAGCGA-1	KIR2DL4	1
M	CCATACCAGGCTCCTG-1	CD79A	2
M	GTGCACGTCGACTCGG-1	KLRD1	3
M	GGATGAGAGGTGTTGG-1	CD14	1
M	AAGGTTCGTATTGTCG-1	IL7R	1
M	GTAGACTCAATTGTGC-1	BANK1	2
M	TTCGTTAAGACTAGCG-1	TXK	3
M	CTCTACGCAACACGGA-1	KIR2DL4	1
M	TTAGGTGTCGCGATGC-1	IRF8	1
M	CAGCCTTAGAACCATA-1	FLT3	1
M	GGAACTTAGGATGTCG-1	KLRD1	5
M	TCTAGTTAGCTACGCC-1	VWF	3
M	TCAATTCAGTGCACAG-1	NCAM1	1
M	ACTACCCTCTGATCTT-1	CD5	1
M	GTTATTCCAGGCAAGT-1	MRC1	1
M	GAGGCTCAGAACGACC-1	ITK	1
M	CGCAGGTAGAGTCCGA-1	BANK1	1
M	TACCTCGGTCTGGTCG-1	CD79A	1
M	ACTTTCACATTCCCGT-1	THEMIS	1
M	CAAAGCTAGTTCAGGG-1	TXK	7
M	ACTACCCCAAACGACG-1	TXK	3
M	GAACCTATCTTACTCA-1	IRF8	4
M	GAACCTATCAGCCGGT-1	KLRC1	1
M	TGAATCGCATTACACG-1	SH2D1B	2
M	AAAGGGCCATTTCACT-1	BANK1	3
M	CGTACAATCGTGTGCG-1	TXK	2
M	CAACGGCAGTGTCGGA-1	TXK	1
M	GTCACCTAGTCGGGAT-1	MERTK	1
M	CCGTAGGTCACTAGCA-1	CD8A	1
M	TCACTCGCACTGAAGG-1	GNLY	1
M	GATTAGCGTGCGACCT-1	NKG7	3
M	GGTGCTGAGAACGTCG-1	SKAP1	2
M	GAAGTGGGTCCCGAGT-1	NCAM1	2
M	ACGTTAGGTTGAAGCG-1	ITK	4
M	ACGTTAGTCGGACGAA-1	TXK	1
M	GATGGCCCATCAGAAA-1	KIR2DL4	1
M	TAGCACATCTGAGTCA-1	KLRF1	2
M	GGTGCTGCACAAACAA-1	NCAM1	1
M	GCCCAGAGTTTCGACA-1	THEMIS	1
M	GACCAATTCCACCTAC-1	EBF1	2
M	GTGACATGTGCACATT-1	ITK	4
M	CTGAATGAGCTTTCCC-1	ITK	1
M	AATACGCAGGTGTCGA-1	GNLY	1
M	TCGGGACGTCCGTAGC-1	CD79A	1
M	TTAGCTTCATTGTGAC-1	SKAP1	1
M	TCGCCTACATCGGCTG-1	VWF	1
M	GAACGTTGTACCCATA-1	CD6	1
M	GATGGCCAGCTGATTC-1	EBF1	1
M	TTGTTCAAGTTCAGGG-1	CD14	2
M	ATAGGCTGTGCAACAG-1	TXK	1
M	GCGTTGGTCCGTTTCG-1	EPCAM	2
M	TGTTAGGCATTAGCCA-1	COL1A1	1
M	TCCATCGAGGGAGTTC-1	KLRD1	2
M	AATGGAACAATTCTCT-1	CD6	1
M	GGAGGATTCGGTTGTA-1	ITK	1
M	AACCAACTCGATGTAC-1	VCAN	2
M	TGGCAATGTAGGGTCA-1	CD28	1
M	GTGACATGTTTGCATG-1	IRF8	1
M	TCTAGTTTCATGTTCT-1	NCAM1	1
M	GTAATCGCAATGTAAG-1	THEMIS	1
M	TCAGTTTTCTGAAAGA-1	ITK	6
M	GCGATCGCAGGCACAA-1	TXK	1
M	TTACGTTCAGCAACAG-1	KIR2DL4	1
M	TGATTTCCAAGGGTAC-1	FLT3	1
M	CCCTAACTCTGGCACG-1	VWF	1
M	AGATTCGTCTTCCGTG-1	NCAM1	2
M	AGATTCGAGTGCACAG-1	PRF1	1
M	GTGTCCTCAAGATTAG-1	THEMIS	1
M	ATGTACGGTCATAGCT-1	ITK	5
M	CACCTTGAGTGCACAG-1	ITK	1
M	GAGGCTCAGCTCCGGT-1	CD3D	2
M	GTTATTCCAGGCAAGT-1	NCAM1	4
M	GGAATCTTCCCTAAAG-1	MRC1	3
M	TGTTAGGGTCTGGTCG-1	MRC1	2
M	TGCGTAATCTAGCTGA-1	SH2D1B	1
M	CCCACATTCTGTGTGA-1	EOMES	1
M	ACGGATTAGCCATGGA-1	COL1A1	1
M	CGCTGGAAGGCGTCCT-1	PRF1	2
M	GCACGCAGTTGAAGCG-1	LCK	1
M	CACAACACATCGACCG-1	ITK	6
M	CCACGTTTCCATGTTT-1	IL7R	1
M	GGTCATAAGAAATTCG-1	BANK1	5
M	GCCTAGGAGTACCTCA-1	SKAP1	5
M	CCTTAATAGGTTAGTA-1	CD68	1
M	AACCTGACACATCATG-1	LUM	1
M	GCACCTTCACTGTTAG-1	KLRF1	3
M	GCGAGTCAGTAGACCG-1	MRC1	4
M	TTAACGGCAGTTACAC-1	EBF1	3
M	ACTACCCTCTGATCTT-1	ITK	2
M	ATGTACGTCCTAGAGT-1	CD28	2
M	CGATGATTCAGTGTAC-1	CD28	1
M	CTTGCTGCAAAGCTTC-1	NKG7	1
M	GCCTAGGAGTACCTCA-1	CD3E	1
M	ACTGTCCGTCACCCGA-1	EBF1	3
M	GCCTAGGCAAGAGATT-1	NCR1	1
M	GTAATCGCAAATTGAG-1	NKG7	1
M	CTACTTATCCAGAGAG-1	NKG7	1
M	TGGTCCTGTGCGCATC-1	SKAP1	2
M	AATGCCAAGGGACGTT-1	CDH1	1
M	TCGCCTATCCTTCGAC-1	ITGAM	1
M	TTAGGTGTCGCAAGCC-1	THEMIS	1
M	GCCAGCAGTAACGTAA-1	VCAN	1
M	GGGTTATTCCACACCT-1	BANK1	4
M	TGTGGCGAGTCCTTCC-1	EOMES	1
M	CCAATGAAGGGTTCCC-1	EOMES	1
M	GGCGTTGCATCAGAAA-1	PECAM1	5
M	GCATTGAAGACTCTTG-1	PECAM1	1
M	GTTATTCAGGATTTGA-1	COL1A1	1
M	CGTTCCATCCGGAAAG-1	COL1A1	6
M	CATAACGCATATAGAG-1	IRF8	1
M	TGATGCAAGTTCTCCC-1	LYZ	1
M	AATGGAACAATTCTCT-1	VWF	1
M	GAGAACGAGTGAACCG-1	PAX5	1
M	ATTGTCTTCGGCATAT-1	PAX5	1
M	GGGTGTCGTATCTAGC-1	EBF1	2
M	CTTTGCGGTCATAGAA-1	VCAN	1
M	TAGCCGGAGTGTCACT-1	TXK	1
M	ACATGGTAGCTCGGCT-1	EOMES	3
M	CGTACAATCGTTCTAT-1	CD4	1
M	CTTGCCATCGCGTGAC-1	CD3E	1
M	GAATCTGTCTAGCAAC-1	CD6	1
M	TGCTTTAGTCCAAGAG-1	CD160	1
M	TCGCCTACATCGGCTG-1	SFTPC	2
M	AACAAAGTCGAACACT-1	IL7R	2
M	GCCCAGACAAACTACC-1	CD28	1
M	TGGCAATCATACTGCA-1	SKAP1	3
M	GCGGGTTTCCATGTTT-1	CD6	1
M	CTTCCAGAGAACGTCG-1	SFTPC	2
M	TCAGGGCGTGTACGCC-1	ITK	5
M	TGGACATAGTTCTCCC-1	VCAN	1
M	AGCCCGACAGGTGGTA-1	BANK1	4
M	TGACAACAGTCGGGAT-1	NCR1	3
M	GAGTGAGGTTCAGAAA-1	CD79A	1
M	TCAATTCTCTTTATCG-1	IRF8	1
M	GGTGCTGAGAACGTCG-1	SH2D1B	1
M	CTTTGCGGTCATAGAA-1	SH2D1B	1
M	TGGCGCACACCCATCT-1	SH2D1B	2
M	AAACTGCGTACAAGCG-1	EBF1	3
M	CTCTCGACAGAACGAC-1	ITK	2
M	TTGTTCAGTTCCGCGA-1	IL7R	7
M	TGATGCACAAAGCTGG-1	NKG7	2
M	ATGTACGGTCATAGCT-1	NKX2-1	1
M	GTGCCAGAGATCGCCC-1	KLRD1	1
M	GCTGCGAGTCATAAGA-1	PRF1	1
M	TCGATTTTCTGACATG-1	THEMIS	2
M	GGTACCGAGAACAGGA-1	EBF1	1
M	ACTGTCCGTCACCCGA-1	CD8A	3
M	AATGGAAGTGATGCTT-1	CD79A	1
M	GGTCATAAGAACTCCT-1	PECAM1	1
M	AGTCAACTCCGGAAAG-1	VWF	1
M	TGGACATGTTGGTAAA-1	NCAM1	1
M	AACTTGGTCGCGTGAC-1	SPI1	2
M	GTCTACCCATGGAGGT-1	THEMIS	1
M	ACAGACTTCCATATCT-1	MERTK	1
M	GCCCAGAGTCCCTAAA-1	EPCAM	2
M	GAGACTTCACATTGCA-1	KLRD1	4
M	ACTACGAGTGAGAGTC-1	CD4	1
M	CATTCATAGTGGTGTG-1	NCAM1	1
M	TTCATCAGTACAAATG-1	MRC1	1
M	GATCGTAAGAACCCGA-1	CD160	3
M	TTGCTATCACGCTGTG-1	CD160	2
M	AGCTGATCATTACCTT-1	CD160	1
M	TTCGGTCAGTTCGTTG-1	THEMIS	2
M	GCGTTGGTCCGTTTCG-1	CD28	3
M	TGTGGCGAGAACCATA-1	NCR1	1
M	ATAGGCTAGCGATACG-1	SKAP1	3
M	GCTGTTCCACAGTAGG-1	IRF8	1
M	TGACAACAGTCGGGAT-1	ITGAM	1
M	TTACTTGAGGATATCA-1	FLT3	1
M	CTGTTCGAGTAATCAG-1	KLRD1	4
M	TTGCGGGAGTCCAGAG-1	KLRD1	2
M	CGCAATACATTATGGC-1	MRC1	3
M	ACAGGCCAGGGAAGCG-1	PAX5	1
M	TTAGCTTCATTGTGAC-1	BANK1	1
M	AATGGCTGTGTCGTGC-1	EOMES	1
M	CACCACTGTACAACGG-1	ZBTB46	1
M	ACGTGGCAGGCGCTTC-1	MERTK	2
M	ACGTTAGTCACTTACT-1	GNLY	1
M	GAGCATTCAGTTAAAG-1	KLRD1	5
M	AAACTGCTCTTTGCAT-1	NCAM1	1
M	GTGGATTCACGCTGTG-1	THEMIS	1
M	TCACTCGCACTGAAGG-1	EBF1	1
M	GTGCACGAGACGACTG-1	CSF1R	1
M	TTATGTCAGAACGACC-1	BANK1	1
M	TAGGAGGTCACTCGGG-1	CD8A	1
M	TTAGCTTCATTGTGAC-1	GNLY	1
M	TAATTCCTCCCAATAG-1	GNLY	1
M	TGGTCCTGTGCGCATC-1	KLRD1	2
M	TTGCGGGCATGGAGGT-1	VWF	1
M	ACAGCGCTCAAATGGA-1	CD6	1
M	CTTTGCGAGTCCGATT-1	PRF1	1
M	ATGTCGAAGAGCCACA-1	MRC1	1
M	GACCGACGTAAGTCTC-1	SH2D1B	1
M	TTGCTATCACGCTGTG-1	EBF1	1
M	ACAGAAATCTACTTTG-1	BANK1	1
M	AAGATAGAGATATGTG-1	KIR2DL4	1
M	GTCTACCGTAACGTAA-1	SKAP1	1
M	CGCTATCGTCATCGTA-1	IRF8	5
M	AGCGTGCTCTTCTTCC-1	CDH1	1
M	GCCATAAAGCGCCTAC-1	CD3D	1
M	TCGCCTACATCGGCTG-1	LCK	1
M	ACTATTCGTTGGCTTA-1	SKAP1	1
M	GTGCTGGAGCTACGTT-1	SKAP1	2
M	ATTACTCGTGGACTGA-1	KLRD1	1
M	AACTTGGTCGCGTGAC-1	MRC1	1
M	GATTAGCCAATTCAGC-1	MRC1	1
M	GAGGCTCAGAACGACC-1	LCK	1
M	TGAATCGAGGCAGTGT-1	EBF1	2
M	CTGAATGAGCTTTCCC-1	TXK	2
M	TTCGATTGTGCCGGTT-1	TXK	1
M	GCGAGAACATAGCCGC-1	TXK	1
M	TGTACAGGTTTGCGAT-1	CD8A	1
M	TCACCTGAGGTCTTTG-1	GNLY	1
M	TTCGTTATCCGCGATG-1	SKAP1	3
M	GGGACCTAGAACGTCG-1	CDH1	1
M	GTTACGAGTGCGTCCA-1	KLRD1	2
M	CTCACCATCCACTAGA-1	VWF	7
M	ATGTACGCAATGGCTT-1	VWF	1
M	CGGTGCAGTAACCGAG-1	LCK	1
M	TGCATTTCATTACTCT-1	LCK	1
M	ACCATCCTCTGGCCAG-1	SFTPC	1
M	GAAACAATCGCCAGAC-1	EBF1	1
M	TCACAAGGTCTGCACG-1	GNLY	2
M	ACCTGCTCAGGACCTC-1	KIR2DL4	1
M	GCGGGTTCACAACGGA-1	KRT8	7
M	CATGTTTTCAGGAATA-1	KRT8	1
M	AAACGAAAGCGGACAT-1	CD5	4
M	AACCTTTGTACGCAAG-1	SFTPC	1
M	AATGGCTTCGGGTCCA-1	ITK	2
M	GGTACCGAGAGCGGTT-1	NKG7	1
M	ACCCAAAAGCGGACAT-1	PECAM1	4
M	TAGCATGCATTAGCCA-1	NCAM1	6
M	TGTGGCGCAGTCCTGG-1	LCK	2
M	CAGCCTTGTCACTCTC-1	FCN1	1
M	GGGACCTAGAGCACTG-1	EOMES	2
M	TAGGAGGCAGTATCTG-1	EOMES	1
M	GTTATTCCAGGCAAGT-1	GNLY	1
M	CTTTGCGGTATCACAC-1	NCR1	2
M	AAAGGATAGACACGGT-1	IRF8	1
M	GTGGATTCAGTAACCT-1	KLRD1	2
M	GTAGTACGTTTAGAAG-1	NCAM1	1
M	CGGACCATCAATTCCT-1	MRC1	1
M	CCGTACTGTCCAGACC-1	LCK	1
M	GTGTCAAGTCCGGTAC-1	CD14	1
M	GAAGTGGGTCCCGAGT-1	BANK1	1
M	TTTGGCCCACAGTTAC-1	EOMES	2
M	TTGCGGGCATGGAGGT-1	CD8A	1
M	TGTGGCGCATTAGCCA-1	KIR2DL4	1
M	TAATTCCTCACGATTG-1	CD79A	1
M	TCAGGTAAGCTGCCAC-1	IRF8	1
M	ACCAAACTCAGGGTTT-1	KLRD1	3
M	GCAGATTAGCTCGGCT-1	KLRF1	1
M	TTACCCGAGATCCGAG-1	CD6	1
M	GTCACGGGTAAACGAT-1	SFTPC	1
M	AACGAGGAGTCTCGAT-1	THEMIS	3
M	TTTGGTTCAAAGGTCG-1	BANK1	3
M	GGTTGCGGTGGTCGAA-1	BANK1	1
M	TACCTATGTGCCAAGA-1	NKG7	1
M	AGTCCGGCACAAGTGG-1	IRF8	3
M	TTGTTCATCGTATAGC-1	KLRD1	5
M	GAGACTTGTGTTAGAA-1	KLRF1	1
M	TTCTGTAAGTTGCGCC-1	CD3E	1
M	AATGGCTAGTAGTTCC-1	NCAM1	1
M	AGTGCCGTCGCTTACC-1	VCAN	2
M	TTACCGCCATGCCTTC-1	MERTK	1
M	TTACTTGAGGATATCA-1	KLRD1	10
M	GGCATTACAAGGTCGA-1	VWF	1
M	GGAGAACAGTATAGTG-1	VWF	1
M	TTTGGCCTCAAAGTAG-1	CD1C	1
M	TACAGCACACTAGGAG-1	LCK	1
M	GAACCTAAGCGCACAA-1	PAX5	1
M	AGGACGAGTCAAGACG-1	CD79A	1
M	GGATGAGAGGTACATA-1	ITGAM	1
M	GGTGAAGGTTACGGAG-1	KLRD1	1
M	GGGTTATTCCACACCT-1	MERTK	2
M	AGCTGGCTCGTCTTAT-1	GNLY	2
M	GCGAGTCGTTTAAGGA-1	GNLY	1
M	TTGAGTGTCCTTGACC-1	NCR1	1
M	ATTACCTGTAATGTGA-1	KIR2DL4	1
M	TGCTTTATCTTCCGTG-1	CD79A	1
M	ACTGTCCAGGTTACAA-1	NCAM1	2
M	GTCACAAAGTAGGTCG-1	EBF1	2
M	TCAAAGCGTATTTGCG-1	IL7R	3
M	GCATGATAGACGAAAG-1	TXK	1
M	AGTTACGGTTCTTTCA-1	CD8A	2
M	ACTTCCGCAGAATGCG-1	CD79A	1
M	TAACAGCAGGGTCCCT-1	KLRD1	1
M	TTCAACTCATTACTCT-1	KLRD1	3
M	AGTCCGGTCACAGGGA-1	THEMIS	1
M	GATGGCCAGTGAGCAC-1	CD14	1
M	GCAGATTAGCTCGGCT-1	CD14	2
M	CTCTCGAAGACCATAA-1	TXK	1
M	TGAGTCATCCATATCT-1	ZBTB46	3
M	AGGCGAATCCTTCGAC-1	CD28	1
M	TGACAACCATACCCGG-1	LUM	1
M	TTGGTCCAGACCTATC-1	KRT8	1
M	GGAATCTCACTACACA-1	VWF	1
M	TGATGCACACATTCTT-1	CD160	1
M	TGGCAATAGATTAGAC-1	TXK	3
M	GGTTGCGTCCTATCCG-1	EPCAM	2
M	TTTGGTTAGACCCATT-1	SKAP1	1
M	GGAGGATTCTTGCGCT-1	KLRD1	2
M	CGGTGCAAGTGATAAC-1	KLRD1	2
M	GTCACGGGTAAACGAT-1	NCAM1	1
M	GCTCCTATCGTCGCAG-1	SPI1	2
M	GGAACTTAGGATGTCG-1	MRC1	1
M	GCTTAAGGTTACACTG-1	LCK	7
M	CAAAGCTGTCATAGAA-1	LCK	1
M	TTTGAGGTCGCGCCAA-1	ITK	1
M	CTCTCAGCAGACTAAA-1	BANK1	1
M	TAGGTGTCACCGAAAG-1	CD28	1
M	AGCCCGATCGCATAAC-1	EPCAM	1
M	TTACCCGAGATCCGAG-1	NKG7	1
M	GAATCTGTCTAGCAAC-1	CD79A	1
M	TGGCAATTCGTCTAGA-1	IRF8	1
M	AGGCGTCGTTAAGTCC-1	KLRD1	10
M	TGAATCGAGGCAGTGT-1	KLRD1	3
M	AGACAAACAGAAGTGC-1	ITK	1
M	AACGGGAAGGGACGTT-1	BANK1	1
M	TATGTGGCACCGTCTT-1	EOMES	1
M	TGTACAGGTTTGCGAT-1	NKG7	1
M	GAGGTCCAGTCCGGAA-1	PECAM1	1
M	GTAGGAGAGCTCCATA-1	NCAM1	1
M	GGTCATACATTACTCT-1	PRF1	4
M	CGTACAATCGTTCTAT-1	PAX5	1
M	ACTACGATCCACGGCA-1	SFTPC	1
M	TCACTCGGTGCGCATC-1	ITK	4
M	TACATTCTCGCTTCAC-1	IL7R	5
M	AAAGATGCAGATAAGT-1	BANK1	1
M	CACCTTGTCGTGAACT-1	NKG7	1
M	GTTATTCAGAGGCAGG-1	CD79A	1
M	CACGTTCGTTATCGAC-1	PECAM1	1
M	TGCTATTGTCCTCAGG-1	ITGAM	1
M	CCGTAGGAGCTCGTTA-1	NCAM1	4
M	TCCCACACACAAACAA-1	ITK	3
M	ACAAGCTTCCACTAGA-1	GNLY	1
M	AACTGGTTCGTTCCGT-1	PECAM1	1
M	GAAACAATCGCCAGAC-1	CDH1	5
M	TCAGGTAAGCTGCCAC-1	NCAM1	3
M	AGCCTTCTCTCCTTAA-1	MRC1	1
M	CTCGCTAGTTGTGACT-1	MRC1	1
M	GACCTTCTCCGAATTG-1	LCK	1
M	ATCCAGAAGATACCAA-1	ITK	1
M	ACCCAAAAGTTTACGC-1	BANK1	2
M	TTACGGAGTGGAAAGA-1	NKG7	2
M	TCACAGATCAAGTTGC-1	SKAP1	2
M	ATCGAGTCAACGGACA-1	CDH1	1
M	ATGCATGAGCTCGTTA-1	CD6	2
M	AAAGGGCCAACTCGAT-1	BANK1	1
M	CTGGCAGGTCATCGTA-1	EOMES	2
M	GGGAACACAGTCAGCC-1	SKAP1	5
M	GCCAGCATCAAACCCA-1	KLRF1	2
M	TAGCACAAGCTAGTTC-1	MRC1	1
M	GTGTCCTAGAGCTGTG-1	CD28	2
M	TCAATTCAGTGCACAG-1	NCR1	2
M	TGTTAGGCATTAGCCA-1	IRF8	2
M	CTTCCAGAGCGTGTTT-1	KLRF1	3
M	CCATACCAGGCTCCTG-1	CD3E	1
M	CAACGGCCAACAACTC-1	CD6	2
M	TACTAGGCACTGCTTC-1	PRF1	1
M	ATTTGTCGTGCACTTA-1	KIR2DL4	1
M	CTCTAGCGTCAACGGA-1	CD79A	1
M	TCAGTTTTCTGAAAGA-1	VWF	1
M	TATGTGGCACCGTCTT-1	PRF1	2
M	ATAGGCTAGCGATACG-1	LCK	1
M	TGTGGCGCAAGGAACC-1	THEMIS	1
M	ACAGCGCTCCATGACA-1	IL7R	1
M	TGGACATTCTTACTCA-1	IL7R	1
M	ACATGCAGTATTTGCG-1	TXK	1
M	AATGCCATCTTTGCAT-1	GNLY	1
M	AGCCAGCGTGCACATT-1	SPI1	1
M	GTAGGAGGTTAGGAGC-1	PRF1	1
M	GGAGGATTCTTGCGCT-1	PAX5	1
M	CTGAATGAGGAATGGA-1	THEMIS	4
M	TAGCACATCTGAGTCA-1	BANK1	9
M	GCGCCAACAAGTAACA-1	GNLY	1
M	ACAAGCTGTAACTCCA-1	NCR1	1
M	CCGTACTGTCCAGACC-1	NCR1	1
M	ATTGTGGCATCCATAG-1	SKAP1	3
M	CCCGTTATCGAGGTAG-1	PRF1	4
M	GTTATTCTCCTCCCAA-1	PRF1	3
M	GGAGAACGTTCGGGAA-1	ITK	2
M	AATGGAATCTAGCAAC-1	BANK1	1
M	GGTTGCGAGCGCATTT-1	MERTK	1
M	TATGTTCTCAAAGTAG-1	CD8A	1
M	GTGACATGTTTGCATG-1	NCR1	2
M	GACCCAGAGGTCTTTG-1	CD79A	1
M	TTACGTTTCGAGTGTT-1	SKAP1	4
M	TCCCACACACAAACAA-1	KLRC1	1
M	ACCTGCTCACAGAAGC-1	KLRF1	1
M	TGCCTGTTCGAGAAGC-1	KLRF1	1
M	GGAACTTGTAACTGAA-1	CD160	2
M	GTGTGATCAGTAACTC-1	PAX5	3
M	GTACTTTCAAGATGCG-1	ZBTB46	6
M	GATCGTAGTCCACCAG-1	NCR1	1
M	CAATCCCAGGTTTCTG-1	KLRD1	2
M	ACTGTCCAGGTTACAA-1	VWF	4
M	TGCTTTATCTCGCGGA-1	CD6	1
M	CAGTGTATCTCGCGTT-1	PAX5	1
M	ACTTCCGCACAGCTTA-1	THEMIS	7
M	GCTCCTAAGATATGAC-1	EBF1	1
M	TCAGGTACACAAACAA-1	IL7R	2
M	AAATGCCGTCAGAGTG-1	TXK	1
M	CAGTGTAGTCAACAGG-1	EOMES	1
M	GTTATTCCAGGCAAGT-1	VWF	1
M	CAGCTAATCGCGCTGA-1	MRC1	1
M	CATTCCGGTACGGAGT-1	EOMES	2
M	CCTGGGAGTAACCGAG-1	MERTK	1
M	CGGTGCATCGCTTACC-1	VWF	2
M	GGAGTAGTCCTGGGAC-1	NCAM1	7
M	GGGACCTAGACTTGAA-1	IRF8	2
M	TGGCAATCAGTTGCAT-1	IRF8	1
M	CAAGCTAAGGCAGATC-1	ITGAM	1
M	GGTGCTGTCAATTGGC-1	FLT3	1
M	TGATTTCCAAGGGTAC-1	MRC1	1
M	TGATGCACAAAGCTGG-1	EBF1	4
M	GCGTAGCCAATGACTC-1	EBF1	3
M	GCACGCACAATTGCCA-1	PECAM1	1
M	AGGCGTCTCCTTTGCG-1	SKAP1	1
M	TATGTTCCAATTAGGA-1	PRF1	8
M	GGATGAGAGGTGTTGG-1	PRF1	9
M	TTACGTTCAGCAACAG-1	MRC1	1
M	CAGTATGGTATCATGC-1	CD160	1
M	GCCTAGGGTCGAGGTA-1	LCK	1
M	CAAGAAACAGGGAGTT-1	EBF1	1
M	CGTAAACAGGATGTAT-1	ITK	1
M	CTCTACGAGTCTCCAA-1	CD14	1
M	GTGATCAAGGAAGGTA-1	CD3G	1
M	GTGGATTGTTCCCTTG-1	CD6	3
M	ACCGAATTCCGCTATC-1	CSF1R	3
M	TAGACTGAGCAATGTA-1	EOMES	3
M	AATGCCATCTGCCGAG-1	GNLY	1
M	CTGAATGTCGGAAAGC-1	KIR2DL4	1
M	AGTCAACTCCGGAAAG-1	CD79B	2
M	TGCTCGTCAACTAGAA-1	IRF8	1
M	TCTCTGGAGTCGCCTG-1	KLRD1	5
M	CCTTGCACAAGCCTTA-1	ITK	1
M	CGTAAACCACAGTTAC-1	TXK	2
M	AGGACGAGTCAAGACG-1	EOMES	1
M	CGTACAACATCCGTAA-1	EOMES	1
M	AAGATAGAGATATGTG-1	GNLY	1
M	TGTGACATCGGCAATT-1	CD79B	1
M	TAGCCGGAGTGTCACT-1	KLRF1	1
M	AAAGGATAGGATGTCG-1	PAX5	2
M	TATGTGGAGTAACTCC-1	ITK	2
M	CGCACAGTCTGTTGCC-1	DCN	1
M	TGCTCACCAGAACGAC-1	CD6	1
M	ATCCAGATCCTTGACC-1	PRF1	2
M	GGCATTACAACGCACC-1	EBF1	1
M	CTTCCAGCAAGCACTT-1	EBF1	6
M	AGCGATTGTAACGGCA-1	TXK	1
M	AACAAAGGTAAAGCTA-1	CD8A	1
M	TAATTCCAGAACCATA-1	GNLY	1
M	ACAGCGCTCCTTCGAC-1	NKG7	3
M	TTCATTGTCGGTTGTA-1	NCAM1	2
M	ACTACCCCAAACGACG-1	PRF1	1
M	ACGGATTCAGGAGCAT-1	IL7R	2
M	ATCCAGATCCTTGACC-1	EOMES	1
M	ACGTGGCCACTGGGCT-1	ITGAM	1
M	AAGGTTCCAAATTCCG-1	KLRC1	1
M	TCGGGACGTCCGTAGC-1	KLRD1	3
M	GTGCACGAGACGACTG-1	VWF	2
M	GGTTGCGAGGCCAATG-1	NCAM1	4
M	TCAGGTAAGCTCCGGT-1	CD6	3
M	GTAATCGCAAATTGAG-1	PRF1	3
M	TCAGGTACATTGCACA-1	EBF1	1
M	TAGCTTTGTTGGTAAA-1	CSF1R	1
M	TGTGGCGCAAGGAACC-1	VCAN	1
M	ATGTCTTAGAGCTGTG-1	IL7R	2
M	CACTGAATCGTGATAC-1	IL7R	1
M	TTTGCGCTCGTAGCGC-1	BANK1	8
M	ATCCAGAGTAGGTGAC-1	NKG7	1
M	GCGTTGGTCCGTTTCG-1	CD79A	1
M	TTAGCTTAGGCCAGTA-1	PECAM1	1
M	TGACTCCGTGCACATT-1	PECAM1	1
M	CGCAATACAATGCCAT-1	PECAM1	1
M	AACAAAGTCGAACACT-1	SKAP1	2
M	GCGCCAACAAGTAACA-1	IRF8	1
M	TATCTGTAGGCCTCTG-1	KLRF1	1
M	CTGCGTTAGAACAGGA-1	PRF1	1
M	TCAGGTAAGCTCCGGT-1	TXK	2
M	TTTGTGTCACACATGT-1	CD79A	2
M	TTGTCTATCTCCACTG-1	NCAM1	1
M	GTGGATTGTTCCCTTG-1	SH2D1B	3
M	GACCCAGAGATTACGA-1	PAX5	1
M	TTGGTCCTCAGAACGG-1	ITK	1
M	CCCTGATTCTCTGACC-1	BANK1	4
M	GTGCACGTCGACTCGG-1	TXK	1
M	TGACTCCAGGAAGGTA-1	EOMES	2
M	GAAAGTAAGATGGCAC-1	GNLY	1
M	CAACGTAGTACCCATA-1	PECAM1	1
M	TGTGGCGCACATTCTT-1	KLRD1	3
M	CTGGGACCAACCTCCT-1	VWF	1
M	GCGATTAGTAGAACGC-1	MRC1	4
M	TGCCTCAGTGGAAAGA-1	ITK	3
M	AACATCGGTGGCGCTT-1	BANK1	1
M	GGAGTAGGTCATAGAA-1	SKAP1	4
M	CTCGCTATCGCCCTTA-1	NCAM1	1
M	ACTGTCCAGGTTACAA-1	PAX5	2
M	ATAGTCGCACATATCG-1	ITK	1
M	ATTACCTTCTACATCT-1	TXK	4
M	AGCCTGGGTACGGAGT-1	EOMES	2
M	AATGGAACAATTCTCT-1	MERTK	1
M	TTACTCACAATTGGCT-1	KLRD1	1
M	CTGCGTTGTGCGCTCA-1	PAX5	3
M	GGGCCATGTCTGTTGA-1	CD14	1
M	GCCAGACGTGGTACTT-1	BANK1	3
M	GACTAACGTCACCCGA-1	EOMES	1
M	CCCACATTCTGTGTGA-1	KIR2DL4	3
M	TGACTCCGTGCACATT-1	CD3D	1
M	GCCCAGAGTCCCTAAA-1	PRF1	4
M	TAGCATGGTGTCCCAG-1	EBF1	2
M	CACAGATAGGGTCTGA-1	CSF1R	1
M	TAACAGCGTTGCAGAG-1	BANK1	4
M	GGAGTAGAGTCTGGGA-1	BANK1	1
M	TGCGTAACATGGTTTG-1	SKAP1	3
M	GCAGCTGTCTCTGAGA-1	SKAP1	2
M	GCGATTATCAATTGGC-1	IRF8	1
M	TTACGTTCATGGTAAA-1	ITGAM	2
M	ACAGCGCCAGTCAGCC-1	PRF1	5
M	CCGTGAGTCTACTTTG-1	SH2D1B	1
M	GATTAGCCAATTCAGC-1	PECAM1	1
M	CCCTAGTAGAGCTACG-1	SKAP1	4
M	AAGGAGCAGATCACCT-1	KRT8	1
M	GACCGACGTATGCTAC-1	KLRF1	2
M	CCTGGGACAACTAGAA-1	EBF1	1
M	ACTCGGGAGAGGTGGG-1	EBF1	3
M	TCACAAGAGTAGCAAT-1	BANK1	1
M	AACATCGAGAGAACCC-1	BANK1	1
M	GTTACGAGTGCGTCCA-1	SKAP1	2
M	TCCCACAGTACAAATG-1	IRF8	1
M	TGTGGCGCACATTCTT-1	KLRF1	1
M	GGAGTAGCATCAGCTA-1	ITK	1
M	TCGATTTCATATTGGC-1	IL7R	6
M	TAATTCCTCCCAATAG-1	ZBTB46	1
M	TGCATTTCAACTCAAC-1	GNLY	1
M	TGACTCCAGGAAGGTA-1	NCR1	1
M	GTGACATGTGCACATT-1	SKAP1	1
M	AGGCGAAAGCGAGAAA-1	CLEC9A	1
M	GGAGTAGTCCTGGGAC-1	LCK	2
M	AATGGAACAAAGACGC-1	MERTK	1
M	GAAGTCTCAGTAACGG-1	PECAM1	3
M	ACCCAAAGTTAGAGAT-1	IRF8	5
M	TCTCTGGAGTCGCCTG-1	FLT3	1
M	CGCTGGACAACTACTG-1	CD4	1
M	CCCACATAGTCTAGAA-1	CD4	1
M	AGCCTCTAGAGGTACC-1	PRF1	1
M	CGCACAGCAGACCTGC-1	ITK	1
M	GTTATGGGTAAACGTA-1	CD14	1
M	TAGCACATCAACTTGG-1	EOMES	3
M	ATTTGTCAGCGTTAGG-1	CD28	4
M	CTCCCAATCATTCATC-1	CD8A	1
M	GTCACTCAGAGCGAAA-1	CD3E	1
M	AACTGGTAGCACCATT-1	THEMIS	3
M	ACAGGCCGTGCCCGAT-1	ITK	3
M	GACCAATAGAGGTCCA-1	ITK	1
M	GTGTCCTCAAGATTAG-1	MERTK	1
M	TCAGGTACATTGCACA-1	EPCAM	2
M	CTGGCAGGTCATCGTA-1	NCR1	1
M	GGTTGCGTCTCTTAAC-1	SKAP1	3
M	AAACTCGGTGACCAGA-1	SKAP1	1
M	TGCATGAAGTAACTCC-1	KLRD1	2
M	GTAGGAGCATCCATAG-1	VWF	1
M	ATCCTCGTCCGTTAGA-1	CD6	1
M	GCACGCATCCTGACCT-1	MRC1	1
M	CTAGCGGAGGGTAATT-1	SH2D1B	4
M	GAGGATGGTCTGTCCT-1	IL7R	1
M	CTCTCGAAGACCATAA-1	GNLY	2
M	ATGTCGATCATAGGTC-1	KIR2DL4	1
M	TGAGTCATCCATATCT-1	NKG7	4
M	CCTAAAGAGTAATCAG-1	SKAP1	7
M	GGGTTATTCCACACCT-1	SKAP1	3
M	GTTGGGCAGGCTCCTG-1	CD3E	1
M	CGGACCAGTTTCAGCA-1	NCAM1	1
M	GCGCATGGTTGGACGA-1	NCAM1	3
M	TCGCAGGAGCCTCGCA-1	CD6	7
M	GAGTGAGCATTCCCGT-1	THEMIS	2
M	ACGGATTGTAACTGAA-1	VCAN	1
M	TGCTTTAGTTCCGCGA-1	ZBTB46	1
M	CTCATGCCACTGTCAA-1	CD79A	1
M	AGTCCGGTCACAGGGA-1	SKAP1	1
M	CTCTACGCAACACGGA-1	KLRF1	2
M	ACCGGGTAGTGATCTC-1	CD160	1
M	AGGCGAAGTGATCAGG-1	BANK1	2
M	GTGTCCTTCGAACACT-1	MARCO	5
M	GCTCCTATCGTCGCAG-1	MERTK	3
M	AGCGATTAGCCTGTAT-1	NCAM1	4
M	CTTGCTGTCCACGGCA-1	CD6	2
M	ATGTTTCCATGTGAGG-1	IL7R	4
M	GTCACCTAGTCGGGAT-1	CD8A	1
M	GCCTAGGGTGGATTTC-1	NKG7	1
M	TGTACGAGTTTGCATG-1	LUM	1
M	AAAGGGCCAACTCGAT-1	KLRF1	1
M	GGAACCCGTCAGAAAT-1	CD160	1
M	CTCTACGAGTCTCCAA-1	LCK	1
M	GAGACTTCAGATTGTC-1	PAX5	1
M	TCGAGCGGTGATGCTT-1	SFTPC	1
M	TCGCCTATCCTTCGAC-1	EBF1	8
M	ACGTTAGTCCATTGTT-1	EBF1	12
M	TTAGGTGTCGTGATAC-1	BANK1	1
M	GAGGCTCTCTGATCTT-1	NKG7	1
M	ACCAAACTCAGGGTTT-1	PECAM1	1
M	TTACCCGCACTAGGAG-1	ITGAM	3
M	AGCGTGCTCGGCTATA-1	KRT8	3
M	CCCACATGTGCAAGAC-1	ZBTB46	2
M	CATGCCTAGGGAGTTC-1	NCR1	1
M	GCATGATTCGAGAACG-1	PECAM1	1
M	TACTCGCGTCGCTACG-1	SKAP1	1
M	TGTACAGGTTTGCGAT-1	SKAP1	4
M	AATACGCGTCTCGGGT-1	KLRD1	3
M	CCACGTTGTCGAGGAT-1	KLRF1	3
M	AGCCTTCCAGCGTAGA-1	SPI1	3
M	TGATGCATCTCTTCTC-1	THEMIS	1
M	GTGGATTGTTCCCTTG-1	ZBTB46	1
M	TAGCACAGTCGCGCTA-1	NCR1	2
M	CCCACATTCTGTGTGA-1	CD79A	2
M	ACATGGTCAACACGGA-1	CD68	1
M	TGCATTTCACTTATGG-1	ITGAM	1
M	TGGCGCAAGCTGAGGT-1	KLRD1	6
M	TGTGTCCTCGTCCCAT-1	VWF	1
M	GGTACCGAGAGCGGTT-1	NCAM1	2
M	ATGTCTTCATTGCCTC-1	NCAM1	3
M	GAGAACGTCCTGACCT-1	NCAM1	2
M	AAGGTTCAGAAGCCTG-1	CD160	1
M	TCACCACTCCCGTAGG-1	CD160	1
M	GCTCGAGCACGTTACA-1	TXK	4
M	ATGTCGAAGAGCCACA-1	ZBTB46	1
M	AGGACGATCCACGAGC-1	NKG7	3
M	TGAGTCAAGCAGAGCT-1	PECAM1	1
M	GAGACTTCAGATTGTC-1	PECAM1	1
M	GGAGAACAGACCATAA-1	COL1A1	1
M	AGGCCTGAGTCGATAA-1	KLRC1	5
M	TCAGGTACATTGCACA-1	KLRD1	9
M	GCTTGCTCAAGTCCTA-1	MRC1	1
M	GCAGCTGTCACAACAC-1	BANK1	8
M	AACGAGGCACATTGCA-1	MERTK	1
M	TAACGGTGTCAGAAGC-1	NCR1	2
M	CTCTACGAGTCTCCAA-1	IRF8	2
M	TGATGCACACATTCTT-1	CD3E	2
M	ATCCAGAGTTTCGTTT-1	NCAM1	5
M	GAGAACGAGTGAACCG-1	SH2D1B	1
M	TTGCCCAGTCAACGGA-1	CD160	1
M	TATCGAGCAATTCTCT-1	VCAN	2
M	TCAGGTATCACCCTTG-1	BANK1	7
M	GCTTAAGGTTACACTG-1	BANK1	5
M	GCCATAAAGCGCCTAC-1	GNLY	1
M	GCTGTTCCATCCCAAA-1	KIR2DL4	4
M	GCGTAGCCAATGACTC-1	VWF	6
M	CAAGAAACAGATTAAG-1	NCAM1	1
M	ACCAAACTCAGGGTTT-1	NCAM1	1
M	TTCATCATCGCGCCAA-1	CD160	1
M	ATCCAGAGTTTCGTTT-1	PAX5	6
M	GATTAGCCAAACCCTA-1	ITK	2
M	GCGTAGCCAATGACTC-1	VCAN	2
M	CTAGGATCAAGTTGCT-1	IL7R	2
M	CTAGGGCTCGAACCGC-1	CD28	1
M	CTTGCTGCAAAGCTTC-1	NCR1	2
M	GGAATCTAGTCTGTGT-1	IRF8	2
M	ACCAAACCATGCGACC-1	CDH1	1
M	AACTTGGTCGCGTGAC-1	VWF	2
M	ACAAGCTGTAACTCCA-1	NCAM1	5
M	CCTTAATTCTCGCGTT-1	NCAM1	1
M	GGAGAACTCACTCCCA-1	SPI1	1
M	TGAATCGAGGCAGTGT-1	PRF1	1
M	TAGGAGGCAGTATCTG-1	IL7R	1
M	AATGGAACAATTCTCT-1	BANK1	6
M	GGGACCTGTATTCTTC-1	CD79A	1
M	TGACTCCGTAACCCAT-1	KLRD1	4
M	CAACGGCCAACAACTC-1	ITK	5
M	TTTGCGCCAGATACAA-1	TXK	2
M	GGAATCTAGTCTGTGT-1	TXK	1
M	GGCATTAGTACCGGCT-1	DCN	1
M	ACCGGGTAGTGATCTC-1	CD6	2
M	CCTGCTACAAATGTCC-1	PRF1	1
M	GGGACCTAGAAATGGG-1	IL7R	1
M	TATGTTCTCGGTTCCT-1	SKAP1	4
M	GAAACAATCTCAGATG-1	CLEC9A	3
M	GCGCCAACAAGTAACA-1	CD4	1
M	TACATTCAGTAACACA-1	LCK	1
M	AAGATAGAGCCAGAAC-1	EBF1	7
M	GTACTTTTCGTCTTAT-1	VCAN	2
M	GGTCATAGTGGCCTTG-1	NCR1	3
M	CGCAGGTGTCAATACC-1	ITGAM	1
M	AGGCCCAAGCTGCCAC-1	KLRD1	1
M	TGTTAGGCATTAGCCA-1	KLRD1	1
M	CAATCCCTCGAGTGTT-1	NCAM1	1
M	CTAGGATCAAGTTGCT-1	MS4A1	1
M	GGTACCGAGCCGCAAA-1	LCK	1
M	AGTCCGGTCACAGGGA-1	EBF1	2
M	TACCTATCATAGCCGC-1	EBF1	4
M	TCACCTGAGTTCAGGG-1	EBF1	1
M	AGCCCGACAGGTGGTA-1	NCR1	1
M	GTTACTTTCATGAACC-1	KIR2DL4	1
M	CTGGGACTCCATATCT-1	NKG7	1
M	ATCCAGACAATAGCGG-1	SH2D1B	3
M	TAGGAGGCAGTATCTG-1	LCK	3
M	GCAGCTGGTTTCGATG-1	PAX5	4
M	AGCCTTCTCTCCTTAA-1	BANK1	1
M	GCGGGTTTCACTCCCA-1	TXK	2
M	TCGCAGGCAACGGGTA-1	EOMES	1
M	TGCATGATCGCTTCAC-1	GNLY	1
M	TCAATTCTCTTTATCG-1	PECAM1	2
M	ACTACGATCCACGGCA-1	CD6	2
M	TGGACATAGTTCTCCC-1	MS4A1	1
M	CATTCCGAGATAGGTT-1	LCK	2
M	AGCCTTCCAGAGAGAA-1	IL7R	1
M	TTCAACTCATTACTCT-1	TXK	5
M	GAAACAATCTCAGATG-1	EOMES	4
M	AGCCCGACAGGTGGTA-1	CDH1	2
M	CAACGTACAGAGTCGA-1	CDH1	1
M	TTACTTGTCCCAGCGA-1	PRF1	2
M	AGCTGTACATGTAGAA-1	BANK1	2
M	GCATTGATCGATAGGG-1	EOMES	3
M	CTCCCAAGTTACGGAG-1	EPCAM	1
M	AACAAAGAGAGCCACA-1	CD79B	1
M	TACATGGAGCTAACAA-1	BANK1	2
M	AGCCTCTAGAGGTACC-1	EOMES	1
M	CCCTAGTGTCCAAGAG-1	DCN	1
M	GCAAAGGAGCAATGTA-1	KLRD1	2
M	GGTCATAAGATTCCGT-1	PRF1	1
M	GCGATTATCAATTGGC-1	PRF1	1
M	TGAGTCACAGGATAGC-1	THEMIS	11
M	TCGAGCGCATGCGCTG-1	EBF1	1
M	TTAGCGAAGTAGCAAT-1	TXK	1
M	CTTCTAAGTCGATTAC-1	PECAM1	1
M	GAGGCTCGTTCTGAAC-1	KLRC1	1
M	GTCACCTAGTCGGGAT-1	KLRC1	2
M	CGGTGCAAGTACAACA-1	VWF	23
M	GAGGCTCGTAACGGCA-1	PRF1	1
M	AGTCAACTCTAAGGTC-1	ITK	1
M	GTACTTTTCCAGAATC-1	VCAN	1
M	GTTATTCAGCTCGTTA-1	BANK1	45
M	TACGGATCACCAAGGA-1	KIR2DL4	1
M	AATGTCGAGCGGACTA-1	CD6	5
M	AGTTACGGTTCTTTCA-1	ITK	6
M	TATCTGTAGTCTGTGT-1	BANK1	1
M	GTCTACCCATGGAGGT-1	EOMES	1
M	CATTCCGAGATAGGTT-1	KLRD1	4
M	GCCTACTGTAACGGAC-1	KLRF1	1
M	ACATGCATCTACATCT-1	SH2D1B	1
M	GAGATTCAGTTGACAA-1	VCAN	3
M	GATTGACAGTCTAGAA-1	GNLY	1
M	CTTGCCAGTGTCTACA-1	NKG7	2
M	AGCCTGGGTACGGAGT-1	PECAM1	1
M	GTAATCGCAAATTGAG-1	SKAP1	1
M	AAAGGATAGGATGTCG-1	IRF8	2
M	CGCTATCCAACATAAG-1	KLRC1	1
M	TTGCTATAGACACAAT-1	CD6	5
M	GCTCAGGAGCCATCAT-1	PRF1	4
M	CGTACAAGTTGTGACT-1	PRF1	1
M	CTAGGATAGGTACTCT-1	MRC1	1
M	ACAATCGCACGCTAAT-1	EBF1	2
M	CTTAATCAGAAATGGG-1	EOMES	1
M	TCAGTCCCATATAGAG-1	COL1A1	1
M	GAGCATTCAGGATAGC-1	SKAP1	6
M	GAACCTAAGCGCACAA-1	KLRF1	3
M	GCAGCTGTCACAACAC-1	CD4	1
M	TAGTCCCCACAGTAGG-1	NCAM1	3
M	GGACACCTCTAAACGC-1	MRC1	1
M	TGGACATTCTTACTCA-1	PAX5	1
M	GCGAGTCGTTGAATAG-1	ITK	1
M	TCCCACACACAAACAA-1	BANK1	6
M	TGCCTGTTCACACGTA-1	MERTK	2
M	GAGAACGAGTGAACCG-1	VWF	1
M	GGATAGGAGAAATTCG-1	EBF1	1
M	TTTGGCCTCAAAGTAG-1	ITK	11
M	GCCAGACTCACTAGGT-1	ITK	6
M	ATTACCTGTAATGTGA-1	TXK	2
M	ATATTCCGTTTGCCCT-1	EPCAM	1
M	TTCAACTCAGGTAGCA-1	NKG7	1
M	GGGTGTCTCGCACAAT-1	NKG7	1
M	GTCACAACAGGTCTGC-1	CD79A	2
M	CTTTGCGGTTCTGATG-1	CD79A	1
M	TACAGCACATGGGACA-1	IRF8	1
M	AATGCCAAGGGACGTT-1	KLRD1	3
M	CAATCCCAGGTTTCTG-1	CD5	1
M	TTCGGTCTCTTTATCG-1	CD6	1
M	TAAGTGCCACAGTTAC-1	PRF1	2
M	GGAGAACAGTATAGTG-1	CSF1R	1
M	GTGGATTAGCTTACCA-1	TXK	3
M	TGGCCTTGTTTGCATG-1	MERTK	5
M	CCGTACTGTCCAGACC-1	KRT8	1
M	TTACGGACAGGGCTTC-1	NCAM1	1
M	GTAGACTAGAAGCCGT-1	PRF1	2
M	AGTGCGCTCGTCAACA-1	PRF1	1
M	CCGAAGCCAACCTCCT-1	CD160	1
M	GGGTTATCAATTCTCT-1	THEMIS	1
M	CCTATTAAGATCTAAG-1	EBF1	2
M	GCGCCAACAAGTAACA-1	ZBTB46	1
M	TGCCTGTGTACATGGG-1	CD79A	2
M	CCAATGACAGGTGGTA-1	KRT18	1
M	ACTACCCCAAACGACG-1	CD5	1
M	TGATGCACAAAGCTGG-1	SH2D1B	3
M	TGCCTGTAGGCTTCGC-1	LCK	1
M	ACAAGCTTCCTGAAAC-1	NKG7	1
M	TGCCTCAGTAATGCAA-1	NCAM1	3
M	GCCTAGGGTGGATTTC-1	PRF1	4
M	CGCTGGATCACTCCCA-1	THEMIS	5
M	CTAGGATAGGGTGTTG-1	EBF1	2
M	CGCAATAGTGCTTGAT-1	ITK	3
M	ACCGAATAGTACAGAT-1	ITK	1
M	ACCCAAAAGCTGAATA-1	BANK1	3
M	GCGCATGTCGCGCCAA-1	EOMES	1
M	TAGGTCACATGGCCCA-1	MARCO	1
M	AACCAACTCTTTGCAT-1	CD8A	1
M	ACTTCCGCAGAATGCG-1	CD8A	2
M	CTCATGCCACTGTCAA-1	NKG7	1
M	ACAGAAACATCTCTCG-1	CD79A	1
M	ACGGATTCAGGAGCAT-1	SKAP1	1
M	ACAATCGCACGCTAAT-1	SKAP1	2
M	AGCCCGACAGGTGGTA-1	KRT8	1
M	TGACAACAGTGTCCCG-1	KLRD1	2
M	AGCCCGAGTAGTCTGT-1	PRF1	1
M	ACCGAATTCGACTATG-1	MRC1	1
M	AGCTGATTCAAGGCCC-1	SH2D1B	1
M	CTCGCTATCGCCCTTA-1	SH2D1B	1
M	TCTCTGGGTCTTAGCA-1	THEMIS	2
M	CTGCTCACACCAAGGA-1	ITK	7
M	CTCTCAGGTAGTACAA-1	ITK	2
M	CCCTAGTTCTACATCT-1	ZBTB46	2
M	TATGTGGCACCGTCTT-1	NCR1	3
M	CGCAATATCCCACTTG-1	NCR1	2
M	ACAGAAACAACTCAAC-1	PECAM1	1
M	CCAATGACAGGTGGTA-1	ITK	9
M	GACCAATAGCACACCC-1	ITK	2
M	GCTCGAGCATCGTACA-1	KIR2DL4	1
M	GAGGCTCAGAACGACC-1	CD79A	2
M	TACGGATCACCAAGGA-1	IRF8	1
M	AGATAGAGTTGCTTGA-1	CDH1	1
M	TGCTTTAGTGTTGTTG-1	NCAM1	1
M	GGCGTTGAGAGCCACA-1	PAX5	2
M	TGCTATTAGTGCTGAG-1	THEMIS	2
M	CAGTATGGTACGTAGG-1	THEMIS	1
M	TAATCGGTCGCACCGA-1	TXK	1
M	GCACGCATCGGCTATA-1	NKG7	1
M	TGCTCACTCCGGGCAT-1	CD79A	2
M	GCGATTATCTCCCTTT-1	KRT8	1
M	TGGACATCATCATCGA-1	KLRD1	2
M	ACGGATTCAGGAGCAT-1	CD6	1
M	TAACAGCGTGTAGGAC-1	PAX5	1
M	CGTAAACTCGCATAAC-1	CD8A	1
M	GTTACGACACTAGCCG-1	CD8A	1
M	GCGTAGCCAATGACTC-1	SKAP1	7
M	CCAGATAAGAGATTAC-1	SKAP1	1
M	GACCCAGGTGCACATT-1	SKAP1	6
M	ATCCAGAGTTTCGTTT-1	SKAP1	4
M	ATGTCGATCATAGGTC-1	SKAP1	1
M	GGAGGATCAAGCGTCC-1	IRF8	1
M	TGGTCAAGTGATCAGG-1	PRF1	1
M	CGAGTTAGTACTTCAG-1	SH2D1B	1
M	GGTGTCGCACAAACAA-1	PAX5	1
M	AGCGTATTCGCTTCAC-1	MERTK	1
M	GACCAATGTCATCGTA-1	KLRF1	1
M	TAGCCCTGTATTCGCA-1	CD6	1
M	CAGTATGAGAGCCACA-1	LCK	1
M	TGATCAGCAGAACTTC-1	BANK1	1
M	CCAATGACAGGTGGTA-1	CD8A	2
M	CTGGGACCAACAAACA-1	CDH1	1
M	ACATGGTCAACACGGA-1	FLT3	1
M	TCAAGACGTAGGTGAC-1	KLRD1	5
M	GCGAGTCAGTAGACCG-1	CLEC9A	1
M	CTGAATGAGCTTTCCC-1	KLRF1	1
M	TACATTCAGTAACACA-1	CD3E	1
M	CCCTAGTAGAGCTACG-1	CSF1R	1
M	TGTGGCGAGAACCATA-1	KLRC1	1
M	TCAGTCCTCAGTCACA-1	KLRD1	4
M	GGAGAACAGACCATAA-1	VWF	1
M	AGGCGAATCCTTCGAC-1	THEMIS	1
M	ATGTCGATCCGGGCAT-1	CSF1R	1
M	GTGACATCAATGGCTT-1	NCR1	1
M	CGTAAACTCGCATAAC-1	SKAP1	2
M	TCTAGTTAGCTACGCC-1	KLRD1	3
M	GCAGATTTCGATAGTC-1	CD3D	1
M	ACGGATTTCGATAGGG-1	SPI1	1
M	GTGCACGGTTCTGAAC-1	ITK	1
M	GACTAGTGTTACGCTA-1	CD28	1
M	ACCGGGTAGTGATCTC-1	CD8A	2
M	GAAACAAGTTCCCAAA-1	GNLY	1
M	ACGTGGCAGCTGAGGT-1	FLT3	1
M	CACCTGTTCTACTTTG-1	PRF1	1
M	GTAGACTCAATTGTGC-1	MRC1	2
M	TGTGACATCGGCAATT-1	CDH1	1
M	TACATGGAGCTAACAA-1	KLRD1	6
M	TGCTTTAGTGTTGTTG-1	SH2D1B	1
M	ACTCGGGAGGCTTCGC-1	CSF1R	1
M	ATCGAGTGTCGATTAC-1	BANK1	1
M	ACCCAAAAGCGGACAT-1	TXK	3
M	ATCCAGAGTTTCGTTT-1	NKG7	3
M	GGGACCTAGAAATGGG-1	CD79A	1
M	TTTGCGCTCGTAGCGC-1	PECAM1	5
M	TTAGGTGTCTCCAACC-1	IRF8	4
M	CAGTGTATCTCGCGTT-1	KLRF1	1
M	GCAGCTGAGATTAGAC-1	SPI1	1
M	TTCAACTCATTACTCT-1	PRF1	1
M	AACCAACCATTAACGC-1	CD160	1
M	GGAGGATTCACAGGGA-1	BANK1	1
M	GAACCTATCTTACTCA-1	CD8A	5
M	AAGATAGAGCCAGAAC-1	EPCAM	1
M	CATTCCGGTACGGAGT-1	NKG7	10
M	TACCTATGTATATGGA-1	NKG7	1
M	AACATCGGTCTGGGAA-1	CD79A	1
M	TAAGTGCCACAGTTAC-1	FLT3	1
M	CTGAATGTCGGAAAGC-1	SH2D1B	3
M	GGCGAAATCCCAGCGA-1	CD160	2
M	AAATGCCGTCATCGTA-1	EBF1	1
M	TGAATCGCATTACACG-1	IL7R	1
M	ATGTTTCCATGTGAGG-1	MARCO	1
M	GTGGATTCACGCTGTG-1	CD68	1
M	ACCATCCAGATGTTCC-1	KLRD1	3
M	TACTAGGAGTCGATAA-1	KLRD1	1
M	CGCAATACAATGCCAT-1	CD6	2
M	CAACGGCAGTGAACCG-1	SPI1	1
M	AGCCTCTAGAGGTACC-1	ITK	1
M	CATTCCGGTACGGAGT-1	TXK	1
M	TAATCGGCACGACGAA-1	TXK	1
M	CCCACATGTGCAAGAC-1	MERTK	1
M	CAACGGCAGTGAACCG-1	CDH1	1
M	TATGTTCCAATTAGGA-1	PAX5	8
M	GCATGATAGACTAATG-1	EBF1	1
M	TCAGTCCCATATAGAG-1	ITK	6
M	CCTCCCTCATATAGAG-1	NCAM1	2
M	AGCTGATCATTACCTT-1	CD5	2
M	TGCCTGTAGGCTTCGC-1	PRF1	1
M	TTTGTGTCACACATGT-1	THEMIS	3
M	GCGAGTCGTTGAATAG-1	EOMES	1
M	AACTTGGTCGTCCCTA-1	ZBTB46	4
M	TAAGTGCGTGCAACAG-1	ZBTB46	1
M	TTAGGTGTCGCAAGCC-1	MERTK	3
M	ACTGTCCGTGTCTCGG-1	CD8A	3
M	TAGACTGAGCAATGTA-1	NKG7	2
M	TAGTCCCCACAGTAGG-1	SKAP1	5
M	TACATGGAGCTAACAA-1	SKAP1	3
M	TTGCAGACATCCCAAA-1	SH2D1B	1
M	GTCACAATCTTTCGAT-1	THEMIS	1
M	TGCCTCAAGACGCCAA-1	EBF1	1
M	CTGGGACCAACAAACA-1	CSF1R	1
M	GTTCAAGAGTTATGAG-1	BANK1	2
M	GTCTACCTCTCATCCG-1	CD28	1
M	CTTGCCATCGCGTGAC-1	SKAP1	2
M	TTCGTTATCCGCGATG-1	ITGAM	1
M	GACCCAGGTGCACATT-1	PRF1	2
M	GTCACAACAGGTCTGC-1	PRF1	3
M	AACCTGACACATCATG-1	MRC1	2
M	ACAAGCTGTAACTCCA-1	PAX5	1
M	CGCTATCGTAAGCCTT-1	PAX5	1
M	ACTGTCCGTCACCCGA-1	THEMIS	4
M	GTGGATTCACGCTGTG-1	ITK	2
M	AAATGCCGTCAGAGTG-1	ITK	2
M	GCAGATTTCCGCGATG-1	BANK1	5
M	TTACCGCAGGCAATTA-1	TXK	1
M	TAAGCCACAAGGTTCT-1	TXK	1
M	GCGGAAATCTCGCGTT-1	CD28	1
M	TCAGGTAAGCTTACCA-1	MERTK	1
M	TGACAACAGTCGGGAT-1	GNLY	2
M	CGTAAACTCTCTTCTC-1	PECAM1	1
M	TATGTGGAGTAACTCC-1	SKAP1	4
M	TGCTTTAGTCCAAGAG-1	SKAP1	3
M	TCAGGTATCTATTTCG-1	KLRF1	2
M	TCACAGATCAAGTTGC-1	PRF1	1
M	ACCCAAAAGGTCTTGT-1	MRC1	1
M	AACCTTTGTACGCAAG-1	THEMIS	1
M	GTCTACCCAGGCACAA-1	VCAN	1
M	TCACAGAGTCCTATTT-1	SKAP1	1
M	TAAACCGCAGGAGCAT-1	CDH1	1
M	CCGTAGGAGCATGTGG-1	THEMIS	2
M	TAGGTGTTCCTGTAGA-1	TXK	3
M	TAGACTGCACTTTGGA-1	GNLY	1
M	CCCTGATTCTCTATCA-1	PRF1	2
M	AATGCCATCTGCCGAG-1	SH2D1B	1
M	GCTTTCGCATACCCGG-1	ITK	1
M	GTAGGAGGTCCAAGTT-1	ITK	11
M	TTACCGCAGCACACCC-1	CD14	1
M	CATGCCTGTCAGAGTG-1	GNLY	1
M	GGAACCCGTCCGAGCT-1	CD79A	1
M	TAATTCCAGAACCATA-1	SKAP1	1
M	ACATGCAGTTTCGATG-1	KRT8	2
M	CATGCCTAGTTAGCGG-1	KLRF1	1
M	TTCATTGGTACCCACG-1	THEMIS	1
M	TAGACTGCACTTTGGA-1	ITK	4
M	CTTGTCGAGAGAGGTA-1	BANK1	3
M	TTCAACTCAGCAACAG-1	NCR1	1
M	GAAACAAGTATCCCTC-1	CD79A	1
M	TCAGGTATCACCCTTG-1	CD79A	3
M	ATGTACGGTCATAGCT-1	KRT18	1
M	CTAACTTGTCCAACCG-1	KLRC1	1
M	TCGCCTATCCTTCGAC-1	SH2D1B	1
M	GCTCCTATCGTTCAGA-1	TXK	1
M	CACCTTGAGTGCACAG-1	TXK	1
M	GTCACAAAGGATGTAT-1	KLRD1	5
M	CAACGTACAGAGTCGA-1	KLRF1	1
M	AGTTTGGCAAGACTAA-1	NCAM1	5
M	CTTCTAATCCCAATAG-1	EBF1	2
M	GAAGTCTCAGTAACGG-1	ITK	4
M	TAGTCCCCACAGTAGG-1	VCAN	1
M	TTTGTGTGTTCCATCC-1	TXK	1
M	CCCACATGTGCAAGAC-1	CD28	1
M	GCCATAACATAGATAG-1	CD79A	1
M	TTTGCGCTCGTAGCGC-1	SKAP1	4
M	CCTAAAGCATCGTACA-1	SKAP1	1
M	TGTGACACAGTATACC-1	KRT8	1
M	TCAGGGCGTGTACGCC-1	KLRD1	8
M	TGATGCAAGTTCTCCC-1	CD3D	1
M	TAGGAGGTCTGAGTAC-1	CD6	3
M	CAGTGCGTCGGCTATA-1	SPI1	2
M	GGTCATACATTACTCT-1	ITK	2
M	CCGTAGGCATAGTCCA-1	SPI1	1
M	TCGCCTATCCTTCGAC-1	PRF1	2
M	ATGGATCGTTTCGACA-1	MRC1	3
M	TGATGCAAGTTCTCCC-1	MRC1	2
M	CTTCTAATCCCAATAG-1	ITK	5
M	AAAGGATTCCAGTACA-1	ITK	3
M	ACTACGAGTAGTATCC-1	BANK1	1
M	GAGGATGTCTCATCCG-1	EOMES	2
M	GTTACTTTCAGCACTA-1	COL1A1	1
M	AGCGTATCACTAGCCG-1	SKAP1	1
M	CGTACAACAATCAGGG-1	IRF8	2
M	ATCCTCGTCTAGCTGA-1	KLRD1	1
M	TAGCCGGAGTGTCACT-1	CLEC9A	1
M	TAACAGCCATAGCAGG-1	PRF1	1
M	GCTGAGCGTTTGCCAA-1	KIR2DL4	1
M	TGCTTTAGTTCCGCGA-1	LCK	1
M	GGTGCTGTCGCCACTT-1	EBF1	2
M	ACAATCGTCCTTCGAC-1	BANK1	2
M	CATGCCTAGTTAGCGG-1	TXK	1
M	TTGCGGGCATGGAGGT-1	CD28	1
M	CTCAACCTCTCAGATG-1	CD28	1
M	AACCTTTGTACGCAAG-1	COL1A1	1
M	AATGTCGAGCGGACTA-1	SKAP1	4
M	TGATCAGAGAAGCCGT-1	SKAP1	1
M	CGCTATCGTCATCGTA-1	ITGAM	1
M	GGGACCTAGACTTGAA-1	SH2D1B	3
M	AGCTGATCATTACCTT-1	THEMIS	1
M	CAGGATTCAATGGCAG-1	PECAM1	1
M	TTCGTTATCCGCGATG-1	KLRD1	1
M	AGTTACGGTGGACCAA-1	CD6	1
M	GGAGAACAGACCATAA-1	EBF1	1
M	CCACGTTAGGCACTAG-1	VCAN	1
M	ACAAAGAAGGGTAGTC-1	EOMES	1
M	TGATTTCTCCTCTCTT-1	KLRD1	5
M	ATTGTCTTCGGCATAT-1	NCAM1	2
M	TTAACGGTCTTAAGCG-1	NCAM1	2
M	GTAATCGGTTACCACA-1	IL7R	1
M	GAGAACGTCCTGACCT-1	BANK1	3
M	GGATAGGCAAAGCTGG-1	CD79A	1
M	TGCCTCAAGACGCCAA-1	SKAP1	1
M	TAATCGGCACAGATGG-1	VWF	1
M	ACAGGCCGTTTGACCA-1	VWF	1
M	GGGAACACAGTCAGCC-1	CD3G	1
M	TCACCTGAGGTCTTTG-1	TXK	1
M	TTAACGGTCTTAAGCG-1	CD8A	3
M	GAAACAAGTTCTTATC-1	GNLY	1
M	GAAGTCTCAGTAACGG-1	KLRF1	1
M	GTGTGATAGGCTTTAC-1	SPI1	1
M	AGCGATTCAGGGCTTC-1	THEMIS	1
M	TACAGCACACTAGGAG-1	ITK	2
M	GCGTAGCCAATGACTC-1	BANK1	5
M	GAACCGCAGGCCAGTA-1	BANK1	2
M	ATAGGCTAGCGATACG-1	EOMES	2
M	TTACCGCAGGCAATTA-1	NCR1	2
M	TAGTCCCCACAGTAGG-1	CD3E	2
M	GAGACTTCACATTGCA-1	NCAM1	3
M	AGGCCTGAGTCAGGAC-1	CD5	2
M	TAGACTGAGCAATGTA-1	BANK1	5
M	CGCAATATCCCACTTG-1	TXK	5
M	GCTCAGGAGCCATCAT-1	KIR2DL4	2
M	ACGTTAGGTTGAAGCG-1	NKG7	1
M	TGCTATTAGTGCTGAG-1	IRF8	3
M	CTTGCCATCGCGTGAC-1	KLRC1	1
M	AGACAAAGTACCCACG-1	KLRD1	1
M	CCTTGCAAGCCGCAAA-1	SPI1	1
M	CAAAGCTCACGCCGAT-1	SPI1	1
M	TAGGTGTCACTGCTTC-1	PRF1	1
M	CACGTTCAGTAACTCC-1	PRF1	2
M	TTACCGCCACTAGGAG-1	CD160	1
M	GGTAGGATCCTGACCT-1	ITK	2
M	CTAGGGCTCTTGGCCT-1	EOMES	1
M	TCGTTCGGTTCATTTC-1	KLRD1	1
M	CCGTAGGTCACTAGCA-1	CD3G	1
M	GACCCAGGTTGAATAG-1	CD6	1
M	CTTGCCATCGCGTGAC-1	CD160	2
M	GGAGAACAGACCATAA-1	ITK	8
M	GAAGTCTAGTTATGAG-1	CD14	2
M	AAAGGGCTCCGGCTGA-1	BANK1	1
M	TACGCAATCACAACAC-1	BANK1	1
M	TCGATTTGTCAAATCC-1	BANK1	1
M	ACTGTCCTCCTCATTA-1	CD28	1
M	TTTGCGCCAAGACTAA-1	NKG7	1
M	ACATGCAAGACTCTTG-1	CD3E	1
M	AGCCTTCTCTCCTTAA-1	CD6	2
M	GGTGAAGGTGCTTGAT-1	LCK	1
M	CAGGATTAGATTCCGT-1	BANK1	1
M	CGTAAACTCGCATAAC-1	TXK	1
M	CTGGCAGTCCATGTTT-1	NCR1	1
M	ATTACCTGTAATGTGA-1	CD79A	1
M	GGGACCTAGAGCACTG-1	CD79A	1
M	AAGGAGCCAGCGTAGA-1	IRF8	2
M	GAAACAATCACGGGTC-1	KLRD1	1
M	TAGCACAGTCGCGCTA-1	CD6	2
M	GCCCAGACAAACTACC-1	SPI1	1
M	GCGAGTCCAAAGGCCA-1	PAX5	1
M	GCCCGAACATTGTGAC-1	EBF1	4
M	TACGCAAGTCAGAGTG-1	EBF1	1
M	AATGGAACAAAGACGC-1	ITK	3
M	CTTCTAAGTACGGAGT-1	ITK	2
M	ATCCTGCCAAATTCCG-1	PECAM1	2
M	GAGGATGGTCTGTCCT-1	SKAP1	2
M	ATTACTCCACCCTTAC-1	NCAM1	1
M	GCGATTAGTAGAACGC-1	BANK1	9
M	CCACGTTAGGCACTAG-1	BANK1	1
M	GGTGAAGGTTACGGAG-1	CD28	2
M	CATAACGCAACGAGGT-1	CD8A	2
M	TAGCATGGTGTCCCAG-1	KIR2DL4	1
M	TTACGTTCATGGTAAA-1	KIR2DL4	1
M	GACCGACTCCTGAAAC-1	NCAM1	1
M	GACCCAGGTTGAATAG-1	SFTPC	1
M	TCACAAGAGTAGCAAT-1	ITK	3
M	CGTAAACAGGATGTAT-1	NKG7	1
M	TAGGTGTCAGTGGTCC-1	SKAP1	1
M	ACAGACTTCCATATCT-1	KLRF1	1
M	AACCTTTGTACGCAAG-1	MRC1	4
M	GCACGCATCCTGACCT-1	LCK	3
M	TACATTCTCGTAGCGC-1	BANK1	1
M	CAACGGCAGTGAACCG-1	CD28	2
M	GAGGCTCTCTGATCTT-1	SKAP1	4
M	TAGCATGGTTACTTTC-1	CD68	2
M	GTGGATTAGCTTACCA-1	DCN	2
M	GGTAGGAGTGCACTTA-1	NCAM1	4
M	GAAAGTAGTAAACGGC-1	CD5	2
M	GTTGGGCAGGCTCCTG-1	SH2D1B	3
M	TTGTTCAGTTCCGCGA-1	CD160	3
M	TGCTATTAGTGCTGAG-1	EOMES	3
M	TGTGTCCTCGTCCCAT-1	MERTK	1
M	CGCTATCGTAAGCCTT-1	SKAP1	1
M	CCGTAGGAGGCGACTA-1	CD3E	1
M	AGGACGAGTCAAGACG-1	LCK	8
M	TTACGTTCACCACAGC-1	THEMIS	2
M	CGTAAACGTTCCGGCA-1	CD28	4
M	ATTGTGGCATCCATAG-1	NKG7	2
M	ATGTCGAAGAATGCTA-1	CD79A	1
M	GAATCTGCAGTAAGCG-1	CD79B	1
M	CGCTATCGTCATCGTA-1	CD3E	1
M	GCATGATAGACGAAAG-1	SH2D1B	1
M	TAGACTGAGCAATGTA-1	CD28	2
M	GGCGTTGGTTCTGAGT-1	CD28	1
M	AGCCTTCCAGCGTAGA-1	CD79A	2
M	ACCTGCTCAGGACCTC-1	KLRD1	1
M	AGATTCGTCGTTTGAG-1	PRF1	1
M	GTGCCAGTCGACTGGC-1	SH2D1B	1
M	CAACGGCAGTGTCGGA-1	ITK	1
M	ATTGTGGCATCCATAG-1	TXK	1
M	CCACAGGGTATTGTGC-1	GNLY	1
M	GCTTGCTAGGAAGAAC-1	PECAM1	1
M	TCACCTGAGTTCCCGG-1	SKAP1	1
M	GCCAGACTCACTAGGT-1	FLT3	9
M	AGCGTATTCGCTTCAC-1	FLT3	1
M	GAGGTCCCATGGTAAA-1	KRT8	1
M	ACGTGGCAGCTGAGGT-1	CD4	1
M	GAATCTGTCGAGTGTT-1	BANK1	3
M	GCCATAAAGCGCCTAC-1	CD28	1
M	GGTGCTGGTGGACGAT-1	PECAM1	1
M	AACAAAGTCGAACACT-1	CD6	1
M	ACTTCCGCACAGCTTA-1	EBF1	2
M	CGTGGCAAGCTCCGGT-1	CD79B	1
M	CGCAATAGTGCTTGAT-1	IRF8	1
M	TTAACGGTCTTAAGCG-1	VWF	2
M	TGTACAGTCAGCCGAC-1	VWF	1
M	GCAAAGGTCCAGTACA-1	CD5	1
M	TGATTTCCAAGGGTAC-1	CD6	1
M	TCTCTGGAGTCGCCTG-1	PRF1	1
M	ACCAAACCATGCGACC-1	ITK	2
M	TAGACTGAGATCTCAC-1	BANK1	4
M	CCGTACTCATTGTTCT-1	GNLY	3
M	GGGTGTCTCCTATCCG-1	KLRD1	3
M	AGATAGAGTTGCTTGA-1	KLRD1	1
M	TTCATCAGTTTGAAGA-1	CLEC9A	1
M	TCACAAGAGTAGCAAT-1	KLRF1	1
M	CTGTATTGTTTGTAGC-1	ITK	3
M	GCTGCGACACCATTCC-1	CSF1R	1
M	TTAGGTGCAGGAGCAT-1	KLRD1	10
M	TCGTTCGCAGTTACAC-1	CD3E	1
M	CGCTGGACATTGTTCT-1	LCK	4
M	AACGAGGCAAGCACTT-1	BANK1	1
M	CATGCCTCACCCTTTG-1	NCR1	2
M	TTGCGGGAGTCCAGAG-1	ITGAM	1
M	GGAATCTAGAACAGGA-1	DCN	1
M	GTCACTCAGCCCATTA-1	DCN	1
M	GACCGACGTGGGTAGT-1	CD3D	1
M	AGTCCGGCACAAGTGG-1	CD3E	1
M	GTGTCAATCTCTTCTC-1	NCAM1	11
M	GCTTGCTTCCATAACG-1	LCK	1
M	CCGTAGGAGGCGACTA-1	PAX5	3
M	AATGGAACAAGAGCGT-1	EBF1	1
M	TTAACGGCAGTTACAC-1	ITK	4
M	TCAAGACAGTCCGGAA-1	CD79A	1
M	CTGTATTAGATGCGAC-1	PECAM1	1
M	TAAGCCATCCGCGATG-1	KLRC1	1
M	CGCAATACATTATGGC-1	CD3D	1
M	TGGTCCTGTAAACGAT-1	THEMIS	1
M	CCGTACTGTGCCGGTT-1	VCAN	3
M	ACCATCCAGATGTTCC-1	EOMES	1
M	CAACGTACAGAGTCGA-1	EOMES	4
M	GTCACCTGTGAGTTGG-1	GNLY	1
M	CGATGATGTTAGTAGA-1	SKAP1	1
M	AGCTGGCAGTATAGTG-1	KRT8	1
M	AACTTGGGTGCTGTCG-1	KLRF1	2
M	TCGAGCGTCGGATCGC-1	CD5	1
M	TACCTATAGACAGCTG-1	CD6	2
M	GCAGCCAAGCTTACCA-1	ZBTB46	2
M	CGTACAACATCCGTAA-1	CD28	1
M	AAGATAGAGCCAGAAC-1	CD79B	1
M	TTGGTCCAGACCTATC-1	CD68	2
M	GCTCACTAGATGCGAC-1	CD3G	3
M	CTGCGTTGTGCGCTCA-1	CD6	3
M	GGGCCATGTCTGTTGA-1	EBF1	2
M	GCATGATCAATGGCAG-1	SKAP1	1
M	AATGCCATCTTTGCAT-1	IRF8	1
M	GATGGCCAGTGAGCAC-1	CD3E	1
M	AAGGAGCCACGATTAC-1	MRC1	1
M	CCTGGGACACTAGCCG-1	ITK	4
M	AGTGCGCTCAAAGTAG-1	CSF1R	1
M	GGCGTTGAGTTGACAA-1	KLRD1	1
M	GTTGGTAAGAGTAAGG-1	NCAM1	1
M	GGATGAGCAAGGAAGA-1	PRF1	3
M	TAGCGGCGTAGGGTTG-1	CSF1R	1
M	ATTTGTCCAAAGGCCA-1	BANK1	5
M	AATGGAAAGAGGTCCA-1	EOMES	1
M	CATAACGGTGAGTTGG-1	PECAM1	2
M	GGTGCTGTCGCCACTT-1	KLRD1	4
M	AGTTACGAGTCCTTCC-1	KLRD1	2
M	CTCGCTACATGCGACC-1	KLRD1	2
M	TGTACAGGTTTGCGAT-1	CD6	1
M	GTTACTTAGTGATAAC-1	ITK	7
M	ACCGAATGTTTCAGCA-1	CD8A	5
M	CAAGAAAAGACACTTC-1	GNLY	2
M	AGGACGACAGCGCGTT-1	KIR2DL4	1
M	GGCATTACAACGCACC-1	LCK	1
M	TTTGGCCCACAGTTAC-1	THEMIS	2
M	TGCATGATCGCTTCAC-1	THEMIS	1
M	TGCTTTAGTCCAAGAG-1	VCAN	3
M	TCCCACAGTGGCGCTT-1	MERTK	1
M	CCCTGATAGGTCTTTG-1	NKG7	1
M	TCGATTTCATATTGGC-1	SKAP1	6
M	TGGTCCTGTGCCCGAT-1	KLRD1	3
M	TTTGTGTCACACATGT-1	CD5	2
M	ACAATCGCAACGTAGG-1	THEMIS	3
M	ATGTCTTAGAGCTGTG-1	EBF1	4
M	CTCTAGCTCGGAGTTT-1	ITK	4
M	GCTGAGCGTTTGCCAA-1	GNLY	2
M	AGCTGTACATGTAGAA-1	GNLY	1
M	TATGTTCTCAAAGTAG-1	KIR2DL4	2
M	GTAGGAGGTATCAGCT-1	KIR2DL4	2
M	TTCGGTCTCTTTATCG-1	CD79A	1
M	GACCAATAGACAACGC-1	PECAM1	5
M	CACCTTGTCAGTGTGT-1	KLRF1	3
M	CACAGATGTCAACAGG-1	NCAM1	5
M	GTGCTGGAGAGCTGTG-1	CD5	1
M	TGACAACTCGCCGAAC-1	BANK1	1
M	AATGGAACAATTCTCT-1	MARCO	1
M	CGCTGGAAGATGAGGA-1	MERTK	1
M	GCCATAAAGCGCCTAC-1	COL1A1	1
M	TAATCGGCAATAGCGG-1	KLRD1	2
M	TACTCGCTCACTCGGG-1	EBF1	1
M	TTGAGTGCACACTAGT-1	TXK	3
M	GGTGTCGCACAAACAA-1	SKAP1	1
M	TGTGACACAGTATACC-1	KLRD1	2
M	TTTGCGCGTTCTGATG-1	CLEC9A	1
M	AGCCTCTTCGGTTCCT-1	KLRF1	1
M	AAACGAAGTGGTGGTA-1	PRF1	1
M	CAGTGTAGTCAACAGG-1	MRC1	1
M	CGGACCATCAATTCCT-1	SH2D1B	1
M	GCTGCGAGTCATAAGA-1	PAX5	1
M	CATGCCTCACCCTTTG-1	EBF1	3
M	GCTCACTGTACCAAGG-1	ITK	1
M	TGCGTAACATGGTTTG-1	BANK1	2
M	AGCCCGACAGGTGGTA-1	TXK	4
M	TTGTTCAGTTCCGCGA-1	TXK	8
M	GGAGAACTCACTCCCA-1	TXK	1
M	GTCACTCAGAAATGGG-1	GNLY	1
M	GCTCGAGCACGTTACA-1	NCR1	3
M	ACAATCGTCTATGAGC-1	NKG7	3
M	ATGTACGTCCTAGAGT-1	CD79A	2
M	TAGCATGGTTACTTTC-1	CD79A	1
M	CTTCTAATCCCAATAG-1	CDH1	1
M	GAGATTCGTCTCTGGG-1	NCAM1	1
M	CAGCCTTGTCACTCTC-1	NCAM1	1
M	GGACACCTCTAAACGC-1	PRF1	5
M	GTGCTGGAGATCACCT-1	PRF1	1
M	CCTGGGACAATGTAAG-1	CD160	1
M	GGCGTTGAGTTACCAC-1	SFTPC	1
M	AAACTCGCATTCTCGC-1	SFTPC	1
M	TTACCCGCACTAGGAG-1	CSF1R	2
M	GTCACCTAGGTCTTGT-1	VCAN	1
M	ACCCAAAAGTTTACGC-1	TXK	3
M	TGTGGCGCAAGGAACC-1	GNLY	4
M	TACTCGCTCACTCGGG-1	CD79A	1
M	GCCCAGAGTCCCTAAA-1	CD79A	2
M	GTCTACCCAGGCACAA-1	KRT18	1
M	CTCAGCTAGAGCACTG-1	VWF	1
M	TCGAGCGGTGATGCTT-1	PRF1	2
M	GTAGTACGTCTCTGCT-1	TXK	5
M	ACCCAAAAGCGGACAT-1	NCR1	2
M	GTAATCGCAATGTAAG-1	IRF8	2
M	TATCGAGTCCCGGGTA-1	CD4	1
M	TTACCCGAGATCCGAG-1	CD5	1
M	CTTCTAAGTCGATTAC-1	ITK	2
M	TTCATCATCGCGCCAA-1	VCAN	1
M	TAGCATGGTTACTTTC-1	VWF	1
M	TTGCTATCACGCTGTG-1	SH2D1B	1
M	TCAGGTAGTAAGTGCG-1	SH2D1B	1
M	GTCGTAATCAAGGCCC-1	PAX5	1
M	TAGCGGCAGGACTAGC-1	CD28	1
M	TGATGCAGTCTGGGCT-1	CD8A	1
M	GCCATAAAGCGCCTAC-1	IRF8	2
M	ACGGATTAGCCATGGA-1	KLRF1	1
M	TGGCAATGTTCATTTC-1	NCAM1	3
M	CGATGATTCCTTTGCG-1	CD8A	1
M	TTAGGTGTCGCGATGC-1	COL1A1	4
M	GTGGCGTGTTCTGAGT-1	SKAP1	1
M	GTGCTGGAGCTACGTT-1	DCN	1
M	TGCACCTTCGATTACG-1	VWF	1
M	CCCTGATCAACACGGA-1	NCAM1	2
M	TGATGCACAAAGCTGG-1	CD6	2
M	CAGCTGGTCGGGAATG-1	CD14	1
M	CCTTGCAAGGCTCCTG-1	TXK	2
M	CATGCCTGTCCGAGCT-1	EOMES	1
M	CACTAAGGTTTGCATG-1	GNLY	1
M	TCGGGACCAATGGTAA-1	EPCAM	1
M	ACAAGCTTCCACTAGA-1	CD79A	1
M	ATTACCTGTAATGTGA-1	FLT3	3
M	GCACGCATCCTGACCT-1	TXK	3
M	CAGCTGGGTCGCTAGC-1	EOMES	4
M	GACTAGTTCAAATGGA-1	CD8A	1
M	AGCGTGCAGACAGTGC-1	KIR2DL4	1
M	GAGATTCCAACGTAGG-1	PECAM1	1
M	CTCTCAGCAGACTAAA-1	CD79B	2
M	TTGCAGAGTAGCCATT-1	CD6	1
M	TACATGGTCGCGCCAA-1	MRC1	1
M	CCCACATGTGCAAGAC-1	CD160	2
M	GATTAGCGTGGAGTGT-1	PAX5	1
M	AGCTGTACAAGCTTTG-1	EBF1	1
M	TGATGCAAGTTCTCCC-1	GNLY	2
M	AGCCAGCAGTAGAAGG-1	KLRD1	1
M	TGTGACATCGGATGTT-1	PRF1	2
M	CCCTGATTCTCTGACC-1	LCK	5
M	GAGGTCCCATGGTAAA-1	BANK1	2
M	TCAAGGTTCACAACAC-1	EOMES	1
M	GAGGATGAGGCCTCGT-1	EOMES	1
M	TGTTAGGTCGTGGAAG-1	EOMES	1
M	TATGTTCCAATTAGGA-1	ZBTB46	6
M	CTCTACGCAACACGGA-1	CD8A	1
M	TGACAACAGTCGGGAT-1	PECAM1	1
M	GACTAACTCTTAGTGG-1	COL1A1	1
M	AACTGTGAGCATTGGG-1	SKAP1	3
M	ACGTGGCAGGCGCTTC-1	PRF1	2
M	ACCGAATAGTACAGAT-1	PAX5	1
M	TGTGGCGAGTCCTTCC-1	IL7R	1
M	TCACCTGAGGTCCTCG-1	TXK	1
M	GAACGTTTCTATACCT-1	EOMES	2
M	TTTACGTTCGCGTTCT-1	NKG7	1
M	AGACAAACAGAAGTGC-1	CD79A	1
M	ATGTACGTCTGGCGCA-1	IRF8	1
M	CTGGGACCACTGTTAG-1	KRT8	1
M	CGCAATACATTATGGC-1	CD6	1
M	CATGCCTCACCCTTTG-1	BANK1	6
M	GTGCACGGTAACTCCA-1	FLT3	1
M	CCCTGATTCTCTGACC-1	KRT8	1
M	CTTGCCAGTGTCTACA-1	KRT8	1
M	CAGCTGGTCGGGAATG-1	SPI1	2
M	GCTCACTAGATGCGAC-1	SFTPC	1
M	TGTGACAAGTTGAATG-1	ITK	2
M	ATTTGTCCACCTGAAT-1	BANK1	2
M	ATGTCGAGTAAACGAT-1	BANK1	1
M	CTGAATGAGGAATGGA-1	SKAP1	4
M	TGACAACAGTCGGGAT-1	KLRD1	8
M	TCAGTCCAGGGAAGCG-1	VWF	1
M	TCGATTTTCGTTTGAG-1	MRC1	1
M	CACCACTGTTAGAGAT-1	PAX5	3
M	GGTCATACATAGAATG-1	THEMIS	2
M	AGCCTCTAGGAAGAAC-1	THEMIS	1
M	CCGTGAGCAAACAGTA-1	ITK	2
M	GTAGGAGAGCTCCATA-1	BANK1	3
M	GAATCTGTCGAGTGTT-1	KLRF1	1
M	TTACCCGAGATCCGAG-1	ITK	12
M	TAGTCCCCAATTCGTG-1	VCAN	2
M	TGGACATAGTCGAGCA-1	GNLY	1
M	TTGCCCAGTCAACGGA-1	SKAP1	4
M	TTTGGTTGTAGACACG-1	CD6	1
M	CTTGTCGAGCGTAGCA-1	FCN1	1
M	TGCTCACCAGAACGAC-1	CD8A	1
M	AATACGCGTCTCGGGT-1	CD8A	2
M	CCCGTTAGTGCTGTGC-1	PECAM1	2
M	TAGACTGAGAACCATA-1	PECAM1	1
M	CTTAATCCAACGCAAG-1	CD79B	1
M	CTTTGCGAGTCCGATT-1	KLRF1	1
M	GAGACTTCACTTTGGA-1	VWF	2
M	GCTCACTAGATGCGAC-1	VWF	3
M	GGAACCCGTATCTAGC-1	CD6	4
M	AGCTGTAGTTATGCAC-1	VCAN	3
M	TTAGGTGTCGCAAGCC-1	IRF8	5
M	ACATGGTAGCTCGGCT-1	DCN	1
M	ACTTCCGCAGAATGCG-1	NCAM1	4
M	AACCAACTCGGTCAGC-1	PRF1	3
M	GGGCCATCAGTAACCT-1	CD160	2
M	GAAATGATCTTCCACG-1	CD8A	1
M	ACCGGGTGTCAAGACG-1	GNLY	3
M	CTCATGCCACTGTCAA-1	CDH1	1
M	GGATGAGAGGTGTTGG-1	CD5	2
M	AGCGTATCACTAGCCG-1	PRF1	3
M	TGACAACAGTCGGGAT-1	SFTPC	1
M	TTCTGTAAGGTGATGC-1	CD28	1
M	GCTGAGCAGTCGAGCA-1	NKG7	2
M	TTCATCAGTTGTATCG-1	SKAP1	1
M	GTGATCAGTGTCTACA-1	KLRF1	3
M	CACCTTGTCGTGAACT-1	NCAM1	1
M	CAATCCCCACCCTTAC-1	NCAM1	3
M	TTCGATTAGTACAGAT-1	CD6	1
M	GTTGGGCCAACTCGTA-1	CD6	1
M	ACATGGTTCCAGGTCG-1	PRF1	4
M	GCCCAGAGTTTCGACA-1	LCK	2
M	TGTTAGGCAACTCGAT-1	LCK	2
M	GGAACTTGTCTAACCA-1	ITK	1
M	ATCCAGACACCTGAAT-1	MERTK	1
M	TCAGCTCTCTTACTCA-1	GNLY	1
M	TGGTCAAAGTTGGAAT-1	NKG7	1
M	GAAGTCTCATCGCTAA-1	KLRD1	2
M	GCCAGCATCAAACCCA-1	THEMIS	2
M	TTCTAACGTCAATCCA-1	CD14	2
M	GAGGCTCTCTGATCTT-1	CD28	1
M	TGATCAGAGAGCAGCT-1	GNLY	3
M	ACTAACGAGACCCTAT-1	CDH1	1
M	GTTATGGTCCTCTCTT-1	SPI1	1
M	TAGGTGTTCCTGTAGA-1	SPI1	2
M	AGGACGACAGCGCGTT-1	MRC1	1
M	GCGTTGGAGCTATCGT-1	LCK	1
M	ACTGCAATCGCACAAT-1	LCK	1
M	GCCTAGGCAAAGCATA-1	PAX5	1
M	GTGTCAATCTCTTCTC-1	CSF1R	1
M	GCTTGCTGTGTGTGCC-1	ZBTB46	1
M	CCATACCAGGCAGTAC-1	CD79A	1
M	GGGACCTGTATTCTTC-1	NCAM1	2
M	TTCATCATCTCCTTAA-1	PRF1	1
M	CATAACGGTGAGTTGG-1	LCK	2
M	GGAGGATTCTAGCAAC-1	PAX5	2
M	TTACTTGAGTCTCGAT-1	EBF1	1
M	TGTTAGGTCGTGGAAG-1	ITK	2
M	GTGCACGGTAACTCCA-1	VCAN	1
M	CTGCTCAAGGCCTAAG-1	CD8A	1
M	TGTGACATCGGCAATT-1	KIR2DL4	1
M	AGCCTTCTCTCCTTAA-1	CD68	1
M	AGGCGAATCCATATCT-1	IRF8	1
M	CGGTGCAGTAACCGAG-1	CD6	5
M	GGGTGTCTCGCACAAT-1	CD6	1
M	CACCTTGTCAGTGTGT-1	GNLY	1
M	TAAACCGTCGTTCAGA-1	NCR1	1
M	TGACTCCGTAACCCAT-1	KIR2DL4	1
M	TGATGCAAGTTCTCCC-1	COL1A1	2
M	TAAGTGCCACAGTTAC-1	SKAP1	2
M	CCGTACTGTCCAGACC-1	CD68	1
M	GGTGTCGAGACAACGC-1	CDH1	2
M	CCGTAGGAGGCGACTA-1	CD160	1
M	TTAGGTGTCGCGATGC-1	ITK	6
M	GGGTGTCGTTTCAGCA-1	NCR1	2
M	ACTACGAAGCGCCTAC-1	NKG7	1
M	ACAATCGCAACGTAGG-1	CD79B	2
M	GCCTAGGGTCGAGGTA-1	SKAP1	1
M	AACGAGGAGTCTCGAT-1	KLRF1	1
M	ACTTCCGCAGAATGCG-1	SH2D1B	1
M	GCTCAGGGTAACTGAA-1	EOMES	1
M	GCCCGAACATTGTGAC-1	CD28	1
M	TCACCACGTGGAAGCT-1	CD28	1
M	TAGCTTTTCAGTCTTT-1	CLEC9A	1
M	TAGCACAGTCGCGCTA-1	PRF1	2
M	GTAGTACGTCTCTGCT-1	SH2D1B	2
M	GGTCATAGTATTCGAC-1	CD14	1
M	GCAGCTGGTTTCGATG-1	KIR2DL4	1
M	AGGACGACAGCGCGTT-1	IRF8	2
M	GTAGGAGGTCCGTGCA-1	ITGAM	1
M	ATTACCTAGATCCGAG-1	DCN	1
M	AGCGATTGTGATAAGT-1	KLRD1	6
M	TGCTATTGTAAAGGCC-1	CD160	1
M	GCCTACTAGAAGGGCG-1	THEMIS	1
M	TTGAGTGCACAGATGG-1	EBF1	1
M	TTGTTCAAGTTCAGGG-1	ITK	4
M	GAAACAAGTTCTTATC-1	CD28	1
M	ACTGTCCGTGTCTCGG-1	MERTK	1
M	TAGCCCTTCGGATAGG-1	CD79A	1
M	TAATTCCTCGAGTGTT-1	CD79B	1
M	GTTATTCAGAGTTCGG-1	LCK	2
M	CAAGGCCAGACTAGGC-1	ITK	1
M	GCGATTAGTAGAACGC-1	VCAN	1
M	TGTGACACAGTATACC-1	TXK	1
M	AGCCTGGGTTGAAGCG-1	ZBTB46	1
M	TATCGAGTCCCGGGTA-1	PECAM1	2
M	GTGCCAGTCGACTGGC-1	SKAP1	2
M	ATGTCGAAGTCTCGAT-1	KLRD1	1
M	CTAGGGCTCGAACCGC-1	PRF1	2
M	AACTGGTAGCCTATAC-1	THEMIS	2
M	TACTAGGCATTCACGA-1	ITK	5
M	TTACGTTCAGCAACAG-1	ITK	2
M	TAGGAGGTCATTCATC-1	BANK1	1
M	CCTTAATGTTTAGGAA-1	ZBTB46	3
M	TTACCGCCACTAGGAG-1	NKG7	1
M	ACATGGTCATGATCGT-1	PECAM1	1
M	AGTTTGGGTCATAAGA-1	KRT8	1
M	GCCTAGGGTCGAGGTA-1	PRF1	2
M	AGTGCCGTCTGGCGCA-1	PRF1	2
M	CGTACAATCGTTCTAT-1	CD160	2
M	AATGCCACAGCGTACC-1	LCK	1
M	GCGTTGGTCCGTTTCG-1	BANK1	11
M	CAAGAAACAGGGAGTT-1	BANK1	5
M	GTAGGAGGTCCAAGTT-1	BANK1	5
M	CTTTGCGCAACAACTC-1	BANK1	1
M	ACTGTCCAGGTTACAA-1	TXK	7
M	GCAACCGTCCTCCCAA-1	EOMES	3
M	ACAAGCTTCCTGAAAC-1	ZBTB46	2
M	GGGTGTCAGGGTAGTC-1	CD28	2
M	CCTGCTACAAGCAATA-1	CD79A	1
M	TCAGGTAAGCTCCGGT-1	PECAM1	1
M	TTCGGTCTCACTTACT-1	CDH1	1
M	TGGCAATCAGTTGCAT-1	KLRD1	1
M	GGTACCGAGAACAGGA-1	SH2D1B	1
M	CCGAAGCAGTTCGACT-1	SH2D1B	1
M	CACAGATAGGGTCTGA-1	LCK	1
M	ACCGGGTAGTGATCTC-1	ITK	1
M	CCAGAATCAGGAGCAT-1	KIR2DL4	1
M	AGGCGTCGTTAAGTCC-1	CDH1	1
M	TTCGGTCTCTTTATCG-1	ITGAM	2
M	GATGGCCAGTGAGCAC-1	KLRD1	3
M	GGTGTCGAGGGTTCTT-1	NCAM1	7
M	TTCAACTCAGGTAGCA-1	NCAM1	7
M	GTCCATCGTGAGGGTT-1	NCR1	1
M	GCAGCCATCCATCTAT-1	CD79B	1
M	AATGTCGTCAGCCGAC-1	KLRD1	2
M	TTGCCCAGTCAACGGA-1	NCAM1	3
M	AATGGCTTCGGGTCCA-1	CD6	1
M	GTAGTACCATGGCCTG-1	ITK	4
M	TTGGTCCAGACCTATC-1	BANK1	5
M	ATCCAGACACCTGAAT-1	EOMES	1
M	AGCGTGCAGTGTCACT-1	GNLY	2
M	ATTGTCTTCGGCATAT-1	IRF8	3
M	GCCTACTCAGATACAA-1	FLT3	1
M	GGAATCTCATGTGGGA-1	KLRD1	1
M	CGCTATCCACGACGAA-1	KLRF1	1
M	GCCCAGACAAACTACC-1	PRF1	2
M	CCTAAAGCATCGTACA-1	PAX5	7
M	GTGCTGGAGTAGTGTA-1	ITK	1
M	TCGTTCGTCTATAGGC-1	BANK1	2
M	TTAGGTGTCTCCAACC-1	SKAP1	9
M	TTCTAACAGGAGTACC-1	IRF8	1
M	ACATGCAGTATTTGCG-1	ITGAM	1
M	TCACCTGAGTTCAGGG-1	CLEC9A	1
M	CCAATGACAGGTGGTA-1	NCAM1	1
M	CCGAAGCAGACCCTAT-1	CD14	1
M	TCAGTTTAGCTGAGGT-1	GNLY	3
M	GTCACAAAGTAGGTCG-1	NKG7	1
M	GCACGCATCCTGACCT-1	CD4	1
M	AGCCTTCCAGCGTAGA-1	PRF1	3
M	TTTGGTTGTAGACACG-1	SH2D1B	1
M	CATGCCTCACCCTTTG-1	THEMIS	1
M	TGTTAGGCATTAGCCA-1	ITK	8
M	TTACCGCAGCACACCC-1	TXK	1
M	GCTGAGCGTTTGCCAA-1	EOMES	3
M	TAATCGGCAATAGCGG-1	ZBTB46	1
M	GTGTGATCAGTAACTC-1	SKAP1	1
M	CGCTATCGTCATAGCT-1	ITGAM	1
M	TAGGTGTTCCTGTAGA-1	KRT8	1
M	CAACCAAGTCAGAAGC-1	KLRD1	3
M	CCCACATCAGGATGTG-1	BANK1	1
M	GCGGAAATCCATGTTT-1	TXK	4
M	CCGTGAGAGGTCTTGT-1	EOMES	1
M	AGTTTGGGTGGACAGT-1	ITK	4
M	AGATTCGTCTTCCGTG-1	CD28	2
M	GAACTTGGTCTGTCCT-1	MERTK	1
M	AACCGATAGAGAAGCA-1	NCR1	1
M	CCACGTTTCCATGTTT-1	CDH1	1
M	GCTCAGGAGTTCCAGT-1	CD6	2
M	CCTTAATAGGTTAGTA-1	THEMIS	2
M	TAAACCGTCGTTCAGA-1	THEMIS	1
M	GAGCATTTCTAAACGC-1	VCAN	1
M	GAGATTCGTTCTACCC-1	EOMES	1
M	TGTGACACAGTATACC-1	GNLY	1
M	GCTGCGAGTCATAAGA-1	PECAM1	2
M	AATGCCATCTTTGCAT-1	SKAP1	3
M	GCGATCGCAGCAACAG-1	THEMIS	1
M	TCACCACTCCCGTAGG-1	ITK	3
M	TGCGTAAAGTCAGGAC-1	ITK	3
M	GACCGACCATAAAGTG-1	COL1A1	1
M	GCGAGTCAGCTGCTCG-1	KLRF1	1
M	GCAGCTGTCTCTGAGA-1	PRF1	1
M	ACTGCGGCAGGCACAA-1	SH2D1B	2
M	GTACTTTGTTGGAGGT-1	LCK	1
M	GATTAGCAGAGTTTGA-1	LCK	3
M	GTAGTACGTCTCTGCT-1	FCN1	1
M	AAGGAGCCAGCGTAGA-1	PRF1	3
M	CTTGCCATCGCGTGAC-1	SH2D1B	3
M	GTAGACTAGAAGCCGT-1	VCAN	1
M	GGGACCTAGCTGATTC-1	BANK1	3
M	TCACAGACATCCTCGT-1	BANK1	1
M	GGTCATACATTACTCT-1	TXK	3
M	ATTACTCGTGGACTGA-1	CD8A	3
M	GAAACAATCGCCAGAC-1	GNLY	4
M	GTCACTCAGTCTTAGC-1	SKAP1	3
M	TAGCATGGTGTCCCAG-1	PRF1	1
M	ACCATCCTCGTTTGAG-1	TXK	4
M	ATGTCTTGTTGGTAAA-1	EOMES	2
M	AAGATAGAGATATGTG-1	NCR1	1
M	CTCTCAGGTAGTACAA-1	CD79A	1
M	AGCGTATTCGCTTCAC-1	DCN	1
M	CTACTTAGTACGAGAC-1	KLRD1	3
M	TGCTCGTCAAGGCTTT-1	KLRD1	2
M	GGATGAGCAGTAACGG-1	CD3D	1
M	CTACTTAAGGGACGTT-1	CD3E	1
M	TCGAGCGCAAGGAACC-1	THEMIS	4
M	TGCATTTGTGGCCTCA-1	CSF1R	1
M	AGCCTTCCAGAGAGAA-1	BANK1	6
M	GCAGCCATCTCGGCGA-1	BANK1	2
M	TCAGGTAGTAAGTGCG-1	MERTK	2
M	TGTTAGGCATAGATAG-1	CD79A	1
M	GGCGTTGCATCATGTG-1	SKAP1	1
M	TCAGTCCTCTTCCGTG-1	DCN	1
M	CTCGCTAAGAACGTCG-1	KLRD1	3
M	CTAGGATTCTCTGTTA-1	LCK	2
M	GTAATCGCAAATTGAG-1	NCR1	2
M	CTTGCTGTCTGTGTGA-1	PECAM1	3
M	TCACAAGGTCTGCACG-1	COL1A1	1
M	AGCTGGCAGTATAGTG-1	SKAP1	1
M	GGATGAGCACTCGGAC-1	KLRF1	1
M	CCTAAAGAGTAATCAG-1	CD3E	3
M	TGTAGCATCCGCTCTA-1	PRF1	2
M	AGTGCCGAGGCTCAGA-1	LCK	1
M	AAATGCCAGGCGTCCT-1	EBF1	1
M	CCTTAATTCTAGCAAC-1	GNLY	1
M	GCCTAGGAGTACCTCA-1	CD79A	1
M	TAAACCGCACTACACA-1	CD79B	1
M	TTAGGTGGTCCGAGCT-1	SKAP1	2
M	ATGTCGAAGAGCCACA-1	PRF1	3
M	ATCCTGCCAAATTCCG-1	PAX5	1
M	TAGCACAGTCGCGCTA-1	EOMES	3
M	TAGGTGTTCCTGTAGA-1	ZBTB46	1
M	CGAGTTAGTACTTCAG-1	CD28	3
M	CCGTACTGTCCAGACC-1	NKG7	3
M	CAACGGCAGTGTCGGA-1	SKAP1	1
M	CGTACAACAATCAGGG-1	CD5	1
M	TGCATTTCACTTATGG-1	CD6	1
M	GCTGAGCGTGCAAGCA-1	MS4A1	3
M	TCACCACTCCCGTAGG-1	PAX5	1
M	ACAGCGCCAGTCAGCC-1	SFTPC	1
M	GTCACAACAGGTCTGC-1	EBF1	1
M	GCAGCTGTCTCTGAGA-1	MERTK	1
M	CACTAAGAGCTCCGGT-1	CDH1	2
M	AGGCGTCGTTAAGTCC-1	LYZ	1
M	CTACTTAAGGGACGTT-1	KLRD1	3
M	CCCTGATCATGGCCCA-1	KLRD1	1
M	ACTGTCCGTCACCCGA-1	NCAM1	3
M	GGAGTAGCATCAGCTA-1	TXK	27
M	GCAGATTAGCTCGGCT-1	ZBTB46	1
M	TAGCTTTTCGTCCCAT-1	PECAM1	1
M	TTAGGTGTCGCGATGC-1	CD3E	2
M	CTCTCAGCAGACTAAA-1	MRC1	2
M	TGCTCGTAGCGAGAAA-1	THEMIS	1
M	CTCTACGCACGCTCAG-1	IL7R	3
M	TAACGGTCAGTAGGCA-1	ZBTB46	1
M	AGCCTTCTCTCCTTAA-1	CD28	1
M	CCACAGGTCAAATGGA-1	NKG7	2
M	GGTGCTGCAAGGGTAC-1	CD79A	1
M	AGTGCGCTCCTCCAGT-1	COL1A1	1
M	CAACGGCAGTGAACCG-1	ITGAM	1
M	CAGGGCTCATGGCCTG-1	KLRF1	1
M	AACGTACGTTTGAAGA-1	THEMIS	1
M	TTACCGCAGGCAATTA-1	THEMIS	1
M	GTCACGGGTAAACGAT-1	TXK	1
M	CAGCCTTAGAACCATA-1	TXK	1
M	TAACAGCGTTGCAGAG-1	EOMES	2
M	ACTACGATCCACGGCA-1	ZBTB46	2
M	GGATGAGCAGTAACGG-1	CD8A	1
M	ACAATCGTCTATGAGC-1	CDH1	2
M	CAGTGTATCAGTCTTT-1	MRC1	1
M	TTTGCGCCAAGACTAA-1	SH2D1B	3
M	ACCTGCTCAGGACCTC-1	PAX5	1
M	TTGTTCAGTCCTTCAC-1	EBF1	1
M	GTGCTGGAGCTACGTT-1	ITK	1
M	CAAGAAAAGACACTTC-1	BANK1	1
M	TTCTAACAGGAGTACC-1	TXK	3
M	GTTATGGTCCTCTCTT-1	EOMES	1
M	TGTGGCGCAAGGAACC-1	EOMES	1
M	GTTACTTTCTTAACGG-1	NCR1	1
M	ATGCATGAGCTCGTTA-1	ITGAM	1
M	ATGTCGAAGCCCATGC-1	ITGAM	1
M	CAAAGCTCACGCCGAT-1	KRT8	1
M	GCTCCTAAGAGTAAGG-1	KLRD1	6
M	GTCTACCCAGGCACAA-1	PAX5	1
M	GCTTAAGAGGTCTTTG-1	ITK	5
M	TAGTCCCGTGGATTCT-1	ITK	2
M	TAATTCCTCGAGTGTT-1	TXK	2
M	TTAACGGCAGTTACAC-1	ZBTB46	1
M	CGCAGGTTCTGAACGT-1	NCR1	1
M	GCCATAACAGCGTCGT-1	NKG7	1
M	AGGACGACAGCGCGTT-1	CDH1	1
M	GCCTAGGTCCATGACA-1	LYZ	1
M	TTCGATTTCAGTCTTT-1	CD3E	1
M	GTAGGAGGTCCAAGTT-1	NCAM1	5
M	CATGCCTCACCCTTTG-1	CD6	1
M	GCAGCTGTCTCTGAGA-1	LCK	5
M	CTTGCCAGTGTCTACA-1	THEMIS	4
M	TTCATCAGTACAAATG-1	ITK	6
M	GTCTACCTCCAGAATC-1	EOMES	2
M	ATGTACGCAATGGCTT-1	CD79A	2
M	ATCGAGTCAAGTCTCA-1	DCN	1
M	TTGTTCAGTCCTTCAC-1	CD5	1
M	TACTAGGGTGGTGGTA-1	BANK1	1
M	GCCCGAAAGACCATAA-1	CD79B	1
M	CCTTAATTCTAGCAAC-1	KLRC1	1
M	GGCGTTGAGTTACCAC-1	KLRD1	3
M	AAATGAGTCGGTACTA-1	KLRD1	2
M	TATGTGGCACCGTCTT-1	SH2D1B	2
M	ACATGGTAGTCAGCCC-1	PAX5	1
M	GGCGTTGTCCTGGGAC-1	BANK1	1
M	AGCTGGCAGTATAGTG-1	BANK1	2
M	CCTTGCAAGCCGCAAA-1	CD28	1
M	TACGCCTGTCAAACAA-1	CD8A	4
M	GCGATCGCAGGCACAA-1	NCR1	1
M	TGGACATAGTTCTCCC-1	CDH1	1
M	GGTCATAGTGGCCTTG-1	KRT18	1
M	GCAGCCAAGCTTACCA-1	KRT8	2
M	GCATGATTCGAGAACG-1	SH2D1B	4
M	GTAATCGCAATGTAAG-1	ZBTB46	1
M	GGAATCTAGTCTGTGT-1	CD8A	1
M	TGGTCCTGTGCCCGAT-1	IRF8	4
M	CAACGGCAGTGAACCG-1	CD3E	2
M	CAGGATTAGATTCCGT-1	ITK	4
M	TCAAGCAGTCAGTGTT-1	ITK	1
M	GGAATCTAGTCTGTGT-1	CSF1R	1
M	CCAATGATCTTCTTCC-1	BANK1	1
M	GACCAATAGACAACGC-1	SKAP1	1
M	AACCGATGTGCGTTTA-1	CD3D	1
M	CATGCCTAGGGAGTTC-1	PAX5	2
M	TCGAGCGAGAGAGGTA-1	THEMIS	1
M	GTGTCCTTCATTGCCC-1	CD14	1
M	CTGTTCGAGTAATCAG-1	BANK1	2
M	GTTATTCAGCTCGTTA-1	KLRC1	1
M	GCTCGAGAGCCGCAAA-1	PRF1	2
M	TAGCTTTTCAGTCTTT-1	MRC1	1
M	TCACCACGTGGAAGCT-1	EBF1	7
M	TAGACTGAGATCTCAC-1	EOMES	2
M	GACCCAGGTGCACATT-1	GNLY	1
M	TCTCAGCGTGAGTAAT-1	EPCAM	1
M	TGGCAATGTAGGGTCA-1	FLT3	7
M	AGTCCGGTCACAGGGA-1	PRF1	1
M	ACAAACCAGACTTCCA-1	EBF1	1
M	GACCCAGGTACGTATC-1	TXK	1
M	CCTAAAGCATCGTACA-1	PECAM1	2
M	GAAATGAAGACACGGT-1	KLRD1	1
M	GCGTAGCTCACGTGTA-1	CD5	4
M	TGACTCCGTGGTTCTA-1	MS4A1	1
M	CTAGGATCAAGTTGCT-1	SPI1	1
M	CACTGAACAAGCGACA-1	MRC1	1
M	CCGTAGGGTTGCTTGA-1	PAX5	1
M	GTCACGGTCTTAGTGG-1	THEMIS	2
M	TGTGGCGCACATTCTT-1	BANK1	3
M	AAGGAGCCAGCGTAGA-1	KIR2DL4	2
M	GATTAGCGTGCGACCT-1	VWF	4
M	GAAGTCTCATCGCTAA-1	CD6	1
M	GGGTCTGGTAGCAGCA-1	BANK1	1
M	GTCTACCCAGTCAGAG-1	EOMES	1
M	TCACTCGCACTGAAGG-1	CD68	1
M	GCCTAGGCAAAGCATA-1	KLRD1	3
M	TACCTATCATAGCCGC-1	KLRD1	3
M	TGACTCCTCTTTGCAT-1	VWF	1
M	TCGATTTTCTGACATG-1	VWF	1
M	CCCTAACGTCAAATCC-1	MRC1	2
M	AGGCGTCTCCTTTGCG-1	SFTPC	1
M	GGAGGATTCGGTTGTA-1	EBF1	1
M	GACCCAGAGGTCTTTG-1	NKG7	1
M	GCTCCTATCGTCGCAG-1	PECAM1	1
M	GAGGATGGTCTGTCCT-1	LCK	1
M	GAGACTTCAGATTGTC-1	BANK1	2
M	CTGCTCACACCAAGGA-1	NCR1	1
M	CTCAACCCACAGGAAC-1	NKG7	1
M	TCCCACACACAAACAA-1	COL1A1	1
M	GGTGTCGCACAAACAA-1	KLRD1	6
M	AGCGATTGTGGTAGAC-1	KLRD1	1
M	CTACTTAAGGGACGTT-1	ITK	5
M	ATAGTCGCACATATCG-1	BANK1	1
M	CGTACAAGTTGTGACT-1	SKAP1	4
M	CCCACATTCTGTGTGA-1	SKAP1	1
M	TGCTCACTCCGGGCAT-1	EBF1	2
M	TAAGCCATCTTTGCAT-1	ITK	3
M	GGATGAGTCACCCTTG-1	ITK	2
M	GAGGCTCAGAACGTCG-1	ITK	2
M	TTACTTGAGGATATCA-1	KIR2DL4	1
M	AGGACGATCCACGAGC-1	IRF8	5
M	TACATTCTCGCTTCAC-1	CDH1	1
M	CTGGCAGGTCATCGTA-1	KLRD1	3
M	GCTCCTACAGAGCCAA-1	LCK	2
M	ACCATCCAGAAAGGGT-1	BANK1	1
M	CACCACTGTACAACGG-1	BANK1	1
M	ATGTACGTCCTAGAGT-1	CD8A	1
M	GAACCTATCTTACTCA-1	GNLY	5
M	GACCTTCCATCAGCTA-1	PECAM1	1
M	GAGTGAGGTTCAGAAA-1	SKAP1	4
M	TGTGGCGAGAACCATA-1	ITGAM	1
M	TAGCACAGTCGCGCTA-1	KLRF1	1
M	GGTTGCGTCATTCATC-1	CD3E	1
M	GTCTACCTCTCATCCG-1	CD5	1
M	AATACGCGTCTCGGGT-1	CD6	1
M	TGAGTCATCCATATCT-1	SPI1	1
M	CTTCTAAGTCGATTAC-1	THEMIS	1
M	GCATTGATCGATAGGG-1	MARCO	1
M	GCCCAGAGTGGTAGAC-1	CD8A	1
M	TAGCACATCTGAGTCA-1	KLRD1	3
M	GGGTCTGCACTCAAGT-1	NCAM1	2
M	AAACGAAGTACTTCAG-1	MRC1	3
M	TGACTCCGTAACCCAT-1	LCK	3
M	TAACAGCTCTTGTACT-1	LCK	1
M	TTTGTGTGTTTGTCTT-1	PAX5	1
M	CCATACCCAAGCGAAC-1	MARCO	4
M	GAAGTCTGTCAACAGG-1	CD8A	1
M	TGCATTTCAACTCAAC-1	CD79A	3
M	ATGTCGATCCGGGCAT-1	PECAM1	1
M	TTGTTCAGTGGCGCTT-1	NCAM1	1
M	TGGCAATAGTTGACAA-1	EBF1	1
M	TAGCATGCAATGACTC-1	ITK	1
M	GTAGACTAGAAGCCGT-1	TXK	3
M	GCGTAGCAGAAGCCGT-1	CD8A	7
M	CGTACAACAATCAGGG-1	CD8A	3
M	TCACAGAGTCCTATTT-1	KIR2DL4	1
M	CCTCCCTCACGCGTTG-1	SKAP1	1
M	AACGGGAAGGGACGTT-1	SKAP1	3
M	TACCTCGGTTTGTACG-1	NCAM1	2
M	GTGCTGGAGCTACGTT-1	CD6	2
M	TAGACTGAGAACCATA-1	CD6	1
M	GACCGACTCGCAAGCC-1	MRC1	1
M	CCGTACTGTCCAGACC-1	PAX5	1
M	TAATTCCTCCCAATAG-1	PAX5	2
M	TAGGAGGTCATTCATC-1	ITK	1
M	ATTGTGGGTACGGATG-1	VCAN	1
M	GTACTTTCAAGATGCG-1	CD8A	7
M	CTTAATCGTCCCGAGT-1	CD79A	1
M	GTCACCTGTAACATAG-1	COL1A1	1
M	TCAGGGCGTCCAAGTT-1	KRT8	3
M	TGCTTTAGTGTTGTTG-1	CD160	1
M	TCAGGGCAGGCCAATG-1	THEMIS	1
M	TAACAGCCATAGCAGG-1	ITK	3
M	CTCCCAATCACAGGGA-1	ITK	1
M	CTCTCAGAGAAACGCC-1	IL7R	2
M	GAACCTAAGCGCACAA-1	BANK1	1
M	TGGTCCTGTGCGCATC-1	TXK	3
M	TACATGGTCTGTTTAC-1	EOMES	1
M	GGGACCTGTATTCTTC-1	NCR1	2
M	TAGACTGCATATTGGC-1	CD6	1
M	CAAAGCTGTCATAGAA-1	THEMIS	1
M	GGTGAAGTCTTGCGCT-1	ITK	1
M	GAACGTTTCTATACCT-1	NKG7	1
M	CCACGTTTCCATGTTT-1	SKAP1	2
M	TTTACGTTCGCGTTCT-1	THEMIS	1
M	GGTTGCGTCTCTTAAC-1	CD79A	1
M	CCCTAGTTCTACATCT-1	CD79A	1
M	CTAGGATAGGGTGTTG-1	PECAM1	3
M	TCAATTCTCAGAACGG-1	KLRD1	3
M	GTAGACTCAATTGTGC-1	CD4	1
M	CCCTCTCGTTGGTAAA-1	CD6	2
M	AATGGCTGTGTCGTGC-1	PRF1	1
M	AGCCTGGGTTGAAGCG-1	SFTPC	1
M	GTTATTCAGAGGCAGG-1	CSF1R	1
M	TAGGAGGTCAGCCGAC-1	TXK	1
M	GATGGCCAGTGAGCAC-1	TXK	3
M	TAAACCGCACTACACA-1	TXK	1
M	CTCTCAGCAGACTAAA-1	CD79A	1
M	GTCACGGCACTACACA-1	KRT8	2
M	AACTGGTAGCACCATT-1	PRF1	3
M	CGGTGCACAAGTTCGT-1	EBF1	2
M	AGTGTACTCTTAACGG-1	BANK1	9
M	TAACGGTCAGTAGGCA-1	EOMES	2
M	GTCACCTAGTCGGGAT-1	NCAM1	3
M	GCAGCTGTCACAACAC-1	LCK	1
M	TACTGCCCAGTAAGCG-1	PAX5	4
M	TGATGCATCAAACCCA-1	THEMIS	5
M	AGGACGATCCACGAGC-1	NCR1	4
M	CTCTCAGAGAAACGCC-1	NKG7	2
M	ACCGGGTAGTCCGTGC-1	KLRD1	4
M	CCGTGAGGTCCCGAGT-1	KLRD1	2
M	GTTATTCCAGGCAAGT-1	CD5	1
M	CCCACATTCTGTGTGA-1	BANK1	4
M	CAAGGCCAGACTAGGC-1	IRF8	1
M	ACGTGGCAGACCATAA-1	CDH1	1
M	TTGTCTACACTGAAGG-1	THEMIS	3
M	TATCGAGAGATGTTGA-1	ITK	7
M	CACTAAGCATCCGTAA-1	NCAM1	2
M	TACAGCAGTGTGAGGT-1	PRF1	2
M	TGGCAATGTAGGGTCA-1	MRC1	1
M	CTCTAGCTCGGAGTTT-1	MRC1	1
M	ATTTGTCCACCTGAAT-1	PAX5	2
M	TAGCATGGTGAGGTCA-1	THEMIS	1
M	TGTACAGTCAGCCGAC-1	EOMES	1
M	GCCTAGGAGTACCTCA-1	IRF8	1
M	TGTTAGGCATTAGCCA-1	FLT3	1
M	TCACAAGGTTTAGAAG-1	CD5	1
M	CCACGTTTCCATGTTT-1	CD79A	4
M	AACTGGTAGCACCATT-1	VWF	1
M	TAGACTGAGATCTCAC-1	PAX5	2
M	GCCTACTCAGATAAGT-1	ITK	9
M	GAGGTCCGTCAGGTGA-1	CSF1R	1
M	AGATTCGTCGTTTGAG-1	CD79A	1
M	ATGTCGAGTCCCGAGT-1	CD79A	1
M	GGAACTTGTCTAACCA-1	SKAP1	2
M	CAAGAAAAGACACTTC-1	KLRD1	3
M	AGCCCGACAGGTGGTA-1	KLRD1	2
M	AAGATAGTCGTCCCTA-1	KLRF1	1
M	GTTGGGCAGTATCTGC-1	VWF	1
M	TTTGCGCCAAGACTAA-1	BANK1	2
M	AGTGCCGTCTGGCGCA-1	SKAP1	7
M	AGTGCCGAGAGATTAC-1	SKAP1	1
M	GAGAACGCAGCAACAG-1	FLT3	6
M	GTTACTTTCTTAACGG-1	KLRD1	4
M	CTCTCAGAGAAACGCC-1	CD4	1
M	TGGAAGGAGACTTGAA-1	NCAM1	1
M	AGCGATTAGCCTGTAT-1	MS4A1	1
M	GAGTGAGAGATGTTGA-1	MRC1	2
M	CCATACCAGGCAGTAC-1	PAX5	1
M	AGCTATGCACGTGAAG-1	BANK1	1
M	GTGTCCTGTCTGGGCT-1	CD79A	2
M	GACCGACTCCTGAAAC-1	KLRD1	2
M	GAAACAATCTCAGATG-1	VWF	4
M	GCCATAACAGCGTCGT-1	SPI1	1
M	CCTGGGAGTCATTGGT-1	PRF1	1
M	CAAAGCTCACGCCGAT-1	SH2D1B	2
M	GCTCACTAGATGCGAC-1	EBF1	7
M	GTACTTTCAAGATGCG-1	EBF1	1
M	TAGCATGCAATGACTC-1	BANK1	1
M	CTGGCAGCATACCCGG-1	EOMES	2
M	ACCCAAAAGCTGAATA-1	MERTK	1
M	TTCAACTCAGCAACAG-1	CDH1	1
M	CAGGATTGTTAACTCG-1	BANK1	5
M	CCTTGGTGTTCTGATG-1	CD28	1
M	GAGGTCCGTCAGGTGA-1	PECAM1	2
M	AATGCCATCTGCCGAG-1	KLRC1	1
M	ACAGAAACATCTCTCG-1	THEMIS	1
M	TAGCCGGAGTGTCACT-1	PECAM1	3
M	CGCAGGTTCTGAACGT-1	CD68	2
M	CATTCCGGTACGGAGT-1	FLT3	5
M	GTGGATTAGGCGTAGT-1	KRT18	1
M	GCGATCGCAGGCACAA-1	KLRD1	3
M	ATAGGCTAGCGATACG-1	KLRF1	1
M	GCCCAGAGTCCCTAAA-1	CD3E	4
M	ATCCTGCCAGCAGGTA-1	NCAM1	38
M	AGTCAACTCCGGAAAG-1	MRC1	1
M	TACTCGCCAACATAAG-1	PECAM1	1
M	TGCTATTCAAAGGCCA-1	SKAP1	4
M	CTGCGTTCAACAACTC-1	CD160	1
M	AACATCGTCCGGGCAT-1	THEMIS	3
M	GCCCAGAGTTTCGACA-1	ITK	2
M	CAAAGCTCACGCCGAT-1	BANK1	2
M	TAAGCCATCTTTGCAT-1	MERTK	1
M	TTATGTCCATTCCCGT-1	SKAP1	5
M	AACCAACTCGGTCAGC-1	KLRC1	1
M	CAAGCTAAGGCAGATC-1	THEMIS	1
M	TTATGTCCATTACCTT-1	ITK	1
M	TACATGGCAGCAACAG-1	VCAN	1
M	GCCTAGGTCTGGCACG-1	TXK	4
M	GGCATTACAAGGTCGA-1	EOMES	3
M	GGAACTTCAGATTAAG-1	MARCO	1
M	AGCTGTACATGTAGAA-1	SKAP1	2
M	GCTCAGGAGTTCCAGT-1	KLRD1	13
M	TGACAACCAACATAAG-1	KLRF1	1
M	TTCGCGTTCTTCCGTG-1	PRF1	6
M	TACCTATAGACAGCTG-1	SH2D1B	1
M	TCGCAGGAGCCTCGCA-1	LCK	2
M	GGGCCATCATGTGAGG-1	THEMIS	1
M	TGGCAATAGTTGACAA-1	BANK1	2
M	CTTAATCAGAAATGGG-1	PECAM1	3
M	ATGTCGATCATAGGTC-1	KLRD1	2
M	TCACCACGTAGTTTGC-1	NCAM1	4
M	TGTTAGGCAACTCGAT-1	NCAM1	1
M	ATTTGTCCACCTGAAT-1	MRC1	2
M	GCCATAACATAGATAG-1	CD28	2
M	TGCTATTAGTGCTGAG-1	GNLY	1
M	GCGAGTCTCCAACAAC-1	CD79A	1
M	TGTGGCGCACATTCTT-1	ITGAM	1
M	CATTCATTCTCTGAGA-1	KLRD1	1
M	TGTGACATCGGCAATT-1	THEMIS	1
M	AAACTCGGTGACCAGA-1	BANK1	1
M	GAAGTCTTCCGATGCG-1	TXK	2
M	TGCGTAACATGGTTTG-1	CD28	1
M	AGCTGGCAGTATAGTG-1	IRF8	1
M	TTGTTCAGTGGCGCTT-1	ITGAM	1
M	TTGCACCCAGGGTAAC-1	CD5	1
M	CGCAATATCCCACTTG-1	SPI1	1
M	CACAGATGTCAACAGG-1	PAX5	1
M	TTCTGTAAGTTGCGCC-1	ITK	6
M	TCTCAGCGTGGACGAT-1	ITK	3
M	GCCATAACATAGATAG-1	TXK	2
M	AAGATAGAGCCAGAAC-1	CLEC9A	1
M	AACCAACCACCCTTTG-1	VWF	1
M	TGCACCTTCGATTACG-1	CD3E	1
M	AACCGATGTGCGTTTA-1	PRF1	3
M	ATAGGCTGTCAAGACG-1	CD79A	1
M	GCTTGCTGTGGAAGCT-1	SKAP1	2
M	GAACGTTTCTATACCT-1	PRF1	3
M	GCCCAGATCACAACAC-1	CSF1R	1
M	TCAATTCTCAGTCAAC-1	TXK	5
M	ACGTGGCAGCTGAGGT-1	CD28	1
M	AATGCCAGTAGGTGAC-1	PECAM1	1
M	CGCTGGAAGATGAGGA-1	NCAM1	2
M	TTAGGTGTCGCGATGC-1	MRC1	1
M	GTTACTTTCTTAACGG-1	ITK	1
M	CGGACCATCAATTCCT-1	CSF1R	2
M	TGATTTCTCGTGAGTT-1	BANK1	6
M	TATCTGTAGGCCTCTG-1	TXK	1
M	ACCATCCTCTGGCCAG-1	KRT18	1
M	TTAACGGCAGTTACAC-1	KRT8	1
M	TGACTCCCAGTAAGCG-1	KLRD1	2
M	GTACTTTGTTGGAGGT-1	NCAM1	1
M	GCGGGTTCATGCCCTT-1	SH2D1B	1
M	AGCTGTACAAGCTTTG-1	BANK1	1
M	TAAACCGCACTACACA-1	KIR2DL4	1
M	CGAGTTAGTACTTCAG-1	CD68	1
M	GCAGCTGTCACAACAC-1	KLRD1	3
M	TTACCGCGTGATGCGA-1	KLRD1	1
M	GGTTGCGTCATTCATC-1	SH2D1B	1
M	AGTCCGGTCACAGGGA-1	TXK	1
M	GGGACCTAGTTGGAAT-1	EOMES	1
M	GTAGGAGGTCCGTGCA-1	ZBTB46	2
M	CTGTATTAGTGATTAG-1	GNLY	1
M	CTGTATTGTAACTGAA-1	NKG7	1
M	TAGCCCTGTATTCGCA-1	SKAP1	1
M	CACATGAGTCAGTGCC-1	SKAP1	1
M	GCATGATAGACGAAAG-1	VWF	1
M	GTTACGATCAGATACC-1	PAX5	1
M	CTGGGACCACTGTTAG-1	PAX5	1
M	TGTTAGGGTAACAATG-1	BANK1	1
M	AGTGCCGTCTGGCGCA-1	TXK	1
M	AACCTTTGTACGCAAG-1	KLRD1	6
M	TGATTTCTCCTCTCTT-1	CD6	1
M	ATCCTGCCAGCAGGTA-1	ITK	1
M	GATTGACCATCCGTGG-1	BANK1	6
M	GCCTACTAGAAGGGCG-1	IRF8	1
M	CGTACAATCGTGTGCG-1	IL7R	3
M	ACCAAACCATGCGACC-1	BANK1	1
M	TCGAGCGCAAGGAACC-1	BANK1	3
M	GCCTAGGGTGGATTTC-1	EOMES	2
M	TGTGGCGCAGTCCTGG-1	CD79A	2
M	CTGCGTTCAACAACTC-1	SKAP1	3
M	TAGACTGCAATGATGA-1	SKAP1	1
M	AACCGATTCGTGGTAT-1	PRF1	4
M	CTACAGAAGTGGACGT-1	PAX5	1
M	GCGCCAACAAGTAACA-1	PAX5	8
M	TGAGCCGTCCAAGTCA-1	PAX5	1
M	GCGTTGGAGCTATCGT-1	IL7R	1
M	CTGGCAGCATACCCGG-1	TXK	1
M	GGACACCTCTAAACGC-1	MERTK	1
M	GGAGGATTCTAGCAAC-1	GNLY	3
M	CATTCATTCTCTGAGA-1	NKG7	1
M	TTAACGGCAGTTACAC-1	DCN	1
M	TAGCCGGAGTGTCACT-1	KRT8	1
M	CTAACTTCATTCACCC-1	KLRD1	1
M	CCACGTTTCCATGTTT-1	KLRD1	6
M	GTGTGATCAGTAACTC-1	CD5	1
M	TTGCGGGTCAATTCCT-1	CD6	1
M	TAGGTCACATCCGTAA-1	PRF1	1
M	CCTCCCTCATATAGAG-1	EBF1	1
M	GTGCACGAGACGACTG-1	ITK	7
M	ACTAGGTGTTATCGAC-1	BANK1	1
M	TTTGTGTGTTTGTCTT-1	NKG7	1
M	CATGCCTGTCAGAGTG-1	SKAP1	1
M	AGATTCGAGGTACTCT-1	KRT8	3
M	TGCGTAAAGGTCGGTA-1	NCAM1	1
M	TACATTCAGTCGTGAG-1	PRF1	1
M	CCTGGGACAGAACGAC-1	PAX5	3
M	CACCTTGGTCATCAAC-1	FLT3	1
M	CTACTTAAGGGACGTT-1	KLRF1	1
M	CACCACTGTTAGAGAT-1	SPI1	1
M	CAAAGCTCACGCCGAT-1	MRC1	1
M	GCTCCTACAGAGCCAA-1	ZBTB46	2
M	GCGGGTTTCACTCCCA-1	KLRD1	5
M	TTAGGTGTCGCAAGCC-1	CSF1R	2
M	CTAGGGCAGAACCCGA-1	VCAN	1
M	GCTTGCTCATGGGACA-1	BANK1	2
M	GCGAGTCTCCAACAAC-1	MERTK	4
M	ACCCAAATCTTGTGCC-1	NKG7	1
M	GCAGATTGTCTGTGTA-1	IRF8	1
M	TAGCATGGTTACTTTC-1	CDH1	1
M	AGGCGAACACTTATGG-1	CD160	1
M	TGCTCACGTAACAATG-1	EBF1	1
M	GTGCTGGAGATCACCT-1	ITK	3
M	TACTCGCTCACTCGGG-1	IL7R	2
M	GTCACCTGTGAGTTGG-1	BANK1	1
M	AGTTTGGGTCATAAGA-1	PECAM1	2
M	AATGGCTTCGGGTCCA-1	KLRD1	5
M	CCCTCTCAGCCCATTA-1	KLRD1	4
M	GATGGCCCATCAGAAA-1	KLRF1	1
M	GTGTCCTTCATTGCCC-1	LCK	5
M	GCCTAGGAGTACCTCA-1	PAX5	1
M	TTTGAGGTCAATGCAC-1	PAX5	21
M	TTATGTCCATATTGGC-1	THEMIS	1
M	GCGATCGCAGCAACAG-1	ITK	3
M	AGCTGTACAAGCTTTG-1	VCAN	1
M	GCCTAGGCAAAGCATA-1	THEMIS	1
M	ACAAACCGTACCAAGG-1	BANK1	1
M	GCCAGCATCAAACCCA-1	BANK1	2
M	GTCACTCAGAGCGAAA-1	CD79A	2
M	CACATGAAGGACTTTC-1	CD79A	1
M	TGGAAGGAGACTTGAA-1	FLT3	1
M	TATCTGTTCTGGGCGT-1	SFTPC	2
M	GTGACATTCTCGTGAA-1	EBF1	2
M	ATATTCCGTTTGCCCT-1	ITK	2
M	TCAATTCTCAGTCAAC-1	ITK	1
M	CCCTAACCAGATTAAG-1	ZBTB46	1
M	CGAGTTAGTACTTCAG-1	CD8A	4
M	CCCTAGTAGTAACACA-1	CD79A	1
M	GCAAAGGTCCAGTACA-1	CD3E	1
M	CGTACAACATCCGTAA-1	CD5	2
M	AAATGAGCATCCTGGG-1	SH2D1B	3
M	GATGGCCGTGGTAGAC-1	LCK	1
M	TATGTTCTCGGTTCCT-1	ITK	3
M	CACAGATGTCAACAGG-1	CD14	1
M	TCAGTCCTCTTCCAGC-1	BANK1	1
M	GACCCAGGTGCACATT-1	KRT8	1
M	CCCTCTCTCTATCTAC-1	KLRD1	2
M	TTAACGGGTTCCCGGA-1	CD5	2
M	TGATGCAAGTTCTCCC-1	CD6	1
M	GAGACTTCAGATTGTC-1	MRC1	1
M	CGTTCCATCGATAGCT-1	PAX5	1
M	GACCCAGGTACGTATC-1	EBF1	1
M	GCGCATGTCGCTGATA-1	TXK	2
M	CAAAGCTCAAGCAATA-1	TXK	1
M	CCAATGAAGGGTTCCC-1	CD8A	5
M	CTGGGACCACTGTTAG-1	IRF8	2
M	TAGCGGCTCCCACGGA-1	PRF1	1
M	TACGGATCATACTGCA-1	ITK	3
M	CTCTACGCAACACGGA-1	CD14	1
M	TAGCATGGTTACTTTC-1	KRT8	1
M	TAATTCCTCCCAATAG-1	KLRC1	2
M	TCCATCGAGGGAGTTC-1	KLRF1	2
M	TGATTTCTCCTCTCTT-1	PRF1	1
M	TTGGTCCAGACCTATC-1	PAX5	1
M	CGTACAATCTCGCGGA-1	ITK	1
M	AACTGGTAGCACCATT-1	TXK	1
M	GCGTTGGTCCGTTTCG-1	EOMES	1
M	AACATCGTCCGGGCAT-1	CD79A	1
M	TTGTTGTCAAGCGACA-1	CD79A	1
M	TACATTCCAAGGAGTC-1	LYZ	1
M	AAGATAGAGATATGTG-1	PAX5	1
M	GGATGAGAGGTGTTGG-1	PAX5	1
M	ATGTACGGTGTCCTTC-1	PAX5	1
M	CTCAGAAAGTGCAACG-1	THEMIS	1
M	GCAGCCAAGCTTACCA-1	THEMIS	1
M	GGGACCTAGCTGATTC-1	EBF1	2
M	CCTTAATCAAAGGCCA-1	VWF	1
M	CCCGTTACAACAACTC-1	MRC1	1
M	CTTGTCGAGCGTAGCA-1	PECAM1	1
M	GTGGATTAGCTTACCA-1	CD3D	1
M	GAGAACGAGTGAACCG-1	CD3D	2
M	GGGACCTCACAGAAGC-1	LCK	1
M	TACCTATAGAAATGGG-1	PAX5	1
M	CGCAATACAATGCCAT-1	EOMES	3
M	TGTAAGCTCCCAGCAG-1	MERTK	1
M	AGTGCCGAGTCGACCC-1	CD8A	3
M	CTTGCCATCGCGTGAC-1	CDH1	1
M	TGATGCATCAAACCCA-1	CD6	1
M	CGATGATTCCTCAAGA-1	SH2D1B	1
M	GTGACATGTTTGCATG-1	SH2D1B	2
M	ACAGAAATCTACTTTG-1	EBF1	1
M	TCAGGTAAGTCGTATC-1	ITK	1
M	TAGCATGGTTACTTTC-1	ITK	2
M	GTAATCGAGTACGCGA-1	KIR2DL4	1
M	ATGTCGAAGAGCCACA-1	NKG7	4
M	CTGGGACCAACCTCCT-1	NCAM1	1
M	GTAGGAGGTATCAGCT-1	SPI1	1
M	GTAGTACCATGGCCTG-1	PRF1	3
M	TAATCGGCACGACGAA-1	ITK	3
M	AGCCCGACAGGTGGTA-1	VCAN	2
M	TTAGCGACACGATTAC-1	IL7R	1
M	TCCAGAATCCATCGAA-1	TXK	2
M	ATTGTGGGTGGACAGT-1	CD28	1
M	TTCATCAAGAGCCACA-1	IRF8	1
M	ATCCTGCCAAATTCCG-1	KLRD1	4
M	ACAAAGAAGGGTAGTC-1	NCAM1	3
M	GTAATCGCAAATTGAG-1	NCAM1	3
M	AACATCGGTCTGGGAA-1	CD6	1
M	AGCCTTCCAGAGAGAA-1	PECAM1	1
M	ATTACCTTCTACATCT-1	KLRF1	1
M	CTAACTTAGGAAACTT-1	LCK	2
M	CGGACCAGTCACAGTT-1	LCK	1
M	TTGAGTGCACAGATGG-1	FCN1	1
M	TGTGGCGCATTAGCCA-1	PAX5	1
M	TTCGATTAGTACAGAT-1	CD14	1
M	AACCGATAGAGAAGCA-1	EOMES	1
M	GTTATTCAGCTCGTTA-1	CD28	1
M	TCGTTCGAGCAGGAGG-1	VCAN	1
M	TGCCTGTTCTGAAAGA-1	IL7R	2
M	AGCCTGGTCGCATACA-1	ITGAM	1
M	AAGATAGAGCCAGAAC-1	LUM	1
M	CCCAGAGCAGCAACAG-1	KRT8	1
M	TGCACCTTCGATTACG-1	NCAM1	3
M	ACGTTAGGTTGAAGCG-1	EBF1	2
M	CTGGCAGGTCATCGTA-1	ITK	12
M	CATAACGGTGAGTTGG-1	ITK	7
M	CGCACAGTCTGTTGCC-1	VCAN	1
M	TCAGGTAGTAAGTGCG-1	VCAN	1
M	ACCAAACGTGAGGTCA-1	IL7R	3
M	ACCATCCTCGTTTGAG-1	EOMES	3
M	CAGCTGGCATTGTGAC-1	GNLY	1
M	CACTAAGCATCCGTAA-1	CD68	1
M	ATTCGTTCAAGAGATT-1	ITGAM	1
M	GTGTCAATCCGGCTGA-1	KLRF1	1
M	GTAGTACGTTTAGAAG-1	CD6	1
M	GGAACCCGTATCTAGC-1	MRC1	2
M	ATGTCGAAGAATGCTA-1	LCK	1
M	ATCGAGTTCCTAAGTG-1	THEMIS	2
M	TTGTTCATCGTATAGC-1	EBF1	2
M	AACCAACCATTAACGC-1	TXK	2
M	ACCGAATTCGACTATG-1	TXK	1
M	TGGACATAGTTCTCCC-1	GNLY	1
M	TGAGTCATCCATATCT-1	DCN	1
M	TGTGGCGAGAACCATA-1	KLRF1	2
M	CGCTATCGTCATAGCT-1	KLRF1	1
M	GGGCCATGTCTGTTGA-1	KLRF1	1
M	CAAGGCCTCTATTGTC-1	NCAM1	1
M	CGCTGGAGTTCCGCGA-1	NCAM1	1
M	CAGTGTATCTCGCGTT-1	CD6	3
M	GTGACATCAGCAACCC-1	PRF1	1
M	AAACTGCTCTTTGCAT-1	IL7R	4
M	TGACAACCAAGACACG-1	BANK1	2
M	TGATGCAAGTTCTCCC-1	TXK	2
M	ATCCAGACAATAGCGG-1	NCR1	1
M	AGCCAGCTCTTCACTA-1	CD79A	3
M	TTTACGTCAACGTCGC-1	PECAM1	2
M	CGCAATAAGTGCCCTG-1	KRT8	1
M	GCAGCCATCAGTAGTC-1	CD6	2
M	GCCCAGAGTGGTAGAC-1	SH2D1B	1
M	GCGTTGGTCGGCATAT-1	PAX5	1
M	CGCTATCTCAATCGTG-1	THEMIS	1
M	CGATGATTCAGTGTAC-1	ITK	2
M	TGGCAATAGTTGACAA-1	TXK	3
M	TGCTATTTCCATATCT-1	MERTK	1
M	TGACAACCAAGACACG-1	GNLY	1
M	CCGTACTGTCCAGACC-1	SKAP1	2
M	TGAGCCGTCCAAGTCA-1	SKAP1	1
M	GGATGAGGTCAATACC-1	CDH1	2
M	ACTAACGCAGAACTTC-1	KLRD1	1
M	CGAGTTATCAGCACTA-1	MRC1	3
M	AGGCGAAGTTGGAGGT-1	LCK	1
M	ACGTGGCAGACCATAA-1	EBF1	2
M	CGTACAATCGTGTGCG-1	CD14	1
M	AGCTATGTCCATGACA-1	VCAN	2
M	CAAGAAAAGACACTTC-1	ZBTB46	1
M	TAACGGTTCGTCTTAT-1	MERTK	1
M	TTCTGTAAGTTGCGCC-1	GNLY	2
M	AGCGTGCAGTGTCACT-1	KIR2DL4	2
M	GTGTCAATCTCTTCTC-1	PECAM1	2
M	GACCCAGGTGCACATT-1	VWF	2
M	CCATACCAGGCTCCTG-1	SFTPC	1
M	TCGTTCGCAGTCCTGG-1	VCAN	1
M	CTCTCAGAGCAGAATT-1	BANK1	1
M	GGAACTTCAGATTAAG-1	TXK	1
M	CCTGGGACAGAACGAC-1	ZBTB46	2
M	AAATGAGCATCCTGGG-1	KLRF1	1
M	CCCTAGTTCTACATCT-1	ITK	2
M	TGCATGAAGTAACTCC-1	CD14	1
M	GAAACAATCGCCAGAC-1	EOMES	5
M	AATGTCGTCTCTGCAC-1	EOMES	1
M	GACCCAGAGGTCTTTG-1	ZBTB46	2
M	TAGCATGGTGAGGTCA-1	CD8A	1
M	TGATTTCCAATCATCG-1	NCR1	2
M	CAGCTAAAGGAAGGTA-1	KIR2DL4	1
M	AACATCGGTGGCGCTT-1	CD79A	5
M	GCAGATTTCTGGCACG-1	CDH1	1
M	ACATGCAGTATTTGCG-1	KLRC1	1
M	TAATTCCTCACGATTG-1	KLRD1	3
M	GAAACAATCTCAGATG-1	PRF1	6
M	CTCTCAGCAGACTAAA-1	ZBTB46	1
M	AGCGTGCTCTTCTTCC-1	CD28	1
M	GACCCAGGTTGAATAG-1	NCR1	1
M	GGAACTTCAGATTAAG-1	IRF8	1
M	ATGTACGGTGTCCTTC-1	DCN	1
M	TCGATTTAGTTTGGAA-1	CSF1R	1
M	TTCATCACACACACCG-1	BANK1	2
M	TGGGTTAAGGTACACG-1	CD8A	1
M	GGAACCCGTCAGAAAT-1	SKAP1	7
M	ACGTTAGGTTGAAGCG-1	NCAM1	1
M	CTGCTCAAGGAGTCTG-1	BANK1	4
M	GGGAACACAGTCCTGG-1	NKG7	1
M	CAACGTAAGGGCGAAG-1	CD79A	1
M	TGATTTCCAACGGACA-1	PECAM1	1
M	TCCGACTAGTGCTCGC-1	PECAM1	1
M	AGCGATTGTGATAAGT-1	NCAM1	2
M	TTCATCACACACACCG-1	SH2D1B	1
M	TTTGGCCAGGAGTACC-1	CD1C	1
M	TGCTTTAAGAGCGGTT-1	ITK	1
M	CATTCCGCAACGTACT-1	ITK	4
M	ACTAACGAGACCCTAT-1	PECAM1	2
M	CACCACTGTTCTTTCA-1	SKAP1	3
M	AACGAGGAGTCTCGAT-1	IRF8	1
M	AGTGCCGTCTGGCGCA-1	CLEC9A	1
M	GAGAACGAGTGAACCG-1	PRF1	4
M	TCCATCGAGGGAGTTC-1	NKG7	1
M	CGGTGCAAGTACAACA-1	KRT8	1
M	ATGTCGAAGCCCATGC-1	KLRD1	4
M	CTCAGAACATTTGGCA-1	THEMIS	1
M	GAGCATTTCCTGTGGG-1	BANK1	13
M	ACGTGGCCACTGGGCT-1	TXK	1
M	TACCTATGTATATGGA-1	CD79A	1
M	CAACGTAGTGATGCTT-1	PECAM1	1
M	GTGTCCTAGTACAGAT-1	NKX2-1	1
M	ACATGCAAGTAGACCG-1	KLRD1	4
M	GAGGCTCTCTGATCTT-1	SH2D1B	1
M	TTGGTCCAGTCTGGGA-1	ITK	1
M	ACCATCCTCTGGCCAG-1	IL7R	1
M	GGAACCCGTCAGAAAT-1	EOMES	3
M	TGGCGCAAGCTGAGGT-1	NCR1	2
M	TCAGTCCCATATAGAG-1	PECAM1	2
M	GACCTTCTCCGAATTG-1	ITGAM	1
M	CAATCCCCACCCTTAC-1	ITGAM	1
M	GTTGGGCCAACTCGTA-1	KRT8	1
M	GGACACCTCTAAACGC-1	KLRC1	1
M	CTCAGAACAGCAACAG-1	NCAM1	1
M	AACCTTTTCGATGTAC-1	MRC1	1
M	CACAACACAACGTAGG-1	BANK1	4
M	GTGGATTAGGCGTAGT-1	EOMES	1
M	CAGTATGGTACGTAGG-1	CD79A	1
M	TGGTCCTGTGCGCATC-1	IRF8	1
M	ACTACCCCAAACGACG-1	IRF8	1
M	GCGCCAACAAGTAACA-1	KLRC1	1
M	TGGCCTTGTTTGCATG-1	MRC1	1
M	ATGTACGGTCATAGCT-1	PAX5	1
M	GCGGTGTTCTACTTTG-1	ITK	5
M	TTGTTGTCAAGCGACA-1	ITK	2
M	TTGCCCAGTCAACGGA-1	CD14	1
M	ACGTGGCAGCTGAGGT-1	GNLY	1
M	TGCATGAGTCTGCGCA-1	COL1A1	1
M	AAAGGGCCAACTCGAT-1	IRF8	1
M	GCGTTGGTCCGTTTCG-1	CD6	2
M	GGGACCTAGAACGTCG-1	MRC1	1
M	TGCTTTAGTCCAAGAG-1	LCK	2
M	GGAACCCGTCAGAAAT-1	PAX5	3
M	TCAAGACAGTCCGGAA-1	ITK	3
M	TTACCCGCACTAGGAG-1	EOMES	5
M	GCGTAGCCAATGACTC-1	EOMES	1
M	GTCCATCAGCTTTCCC-1	CD28	3
M	GAGCATTCACGACGAA-1	CD79A	2
M	GAGGATGAGGCCTCGT-1	CD79B	1
M	CCAGATACAATGGCTT-1	SKAP1	1
M	TAGCCCTGTATTCGCA-1	THEMIS	1
M	ACCGGGTAGTGATCTC-1	BANK1	2
M	AGCGTGCTCGGCTATA-1	BANK1	1
M	TATCGAGTCCCGGGTA-1	TXK	2
M	TTTGGTTGTGCTGTCG-1	TXK	1
M	TCAAGCACAGAAAGAG-1	GNLY	2
M	GGAGAACTCACTCCCA-1	NKG7	1
M	CTGTATTAGTGATTAG-1	SKAP1	5
M	TGCTTTAGTGTTGTTG-1	SKAP1	2
M	GGATGAGCAATCCATG-1	KLRD1	5
M	GTTGGGCTCGCCACTT-1	KLRD1	1
M	AGGCCTGCATGCTATG-1	CLEC9A	3
M	GTGCTGGAGAGCTGTG-1	CD6	1
M	GCAGCTGGTTTCGATG-1	SH2D1B	1
M	GAACTTGGTCTGTCCT-1	ITK	2
M	GCGGGTTTCCATGTTT-1	CSF1R	3
M	CATTCCGCAACGTACT-1	VCAN	2
M	ACAGCGCGTCGTAATC-1	TXK	2
M	TTCATTGAGACTAATG-1	SKAP1	2
M	GACCCAGAGGTCTTTG-1	CDH1	1
M	TCACAGATCAAGTTGC-1	NCAM1	1
M	TGGTCCTAGTGAGCAC-1	NCAM1	2
M	CCTTAATCAAAGGCCA-1	PRF1	4
M	TCAAGCACAGAAAGAG-1	ITK	3
M	AACATCGAGGAAGAAC-1	MARCO	5
M	AGCTGGCTCGTCTTAT-1	NKG7	2
M	TTGTTCAAGTTCAGGG-1	PECAM1	2
M	CTTGCCATCGCGTGAC-1	CD68	1
M	TAATTCCGTCACTCTC-1	IRF8	1
M	TGTGGCGAGAACCATA-1	KLRD1	7
M	CCCTAACAGGTGTCGA-1	KLRD1	1
M	TGGTCAATCGAGAAGC-1	NCAM1	1
M	GGAGAACAGACCATAA-1	SH2D1B	3
M	AGACAAACAGAAGTGC-1	CD160	1
M	TGGCAATAGTTGACAA-1	ITK	8
M	AGCCCGACAGGTGGTA-1	ITK	3
M	GAAGTCTAGTAATCAG-1	IL7R	2
M	CGCTATCTCAATCGTG-1	EOMES	1
M	TGGCAATCAGTTGCAT-1	MERTK	1
M	ACCTGCTCACAGAAGC-1	KLRD1	4
M	TACAGCAGTGTGAGGT-1	CD3D	1
M	GAGCATTTCTAAACGC-1	NCAM1	2
M	TGGTCAATCGGTAGGA-1	LCK	1
M	CACCTTGAGCACCATT-1	BANK1	1
M	ACTCGGGAGAGGTGGG-1	CD28	1
M	GAGGTCCAGTCCGGAA-1	KRT8	1
M	ATTGTGGCATCCATAG-1	KLRF1	1
M	AACTGGTAGCACCATT-1	CD14	1
M	CCAATGATCTTCTTCC-1	IL7R	1
M	TAGCACAGTCGCGCTA-1	CD28	1
M	GAGTGAGGTTCAGAAA-1	NKG7	2
M	GTGCCAGTCGACTGGC-1	IRF8	3
M	GTTATGGTCCTCTCTT-1	LUM	1
M	AAACTCGCATTCTCGC-1	BANK1	1
M	CACCTTGTCAGTGTGT-1	BANK1	1
M	GCAAAGGTCCAGTACA-1	TXK	4
M	CCGAAGCAGACCCTAT-1	TXK	1
M	TCAGGGCCATGGCCCA-1	EOMES	4
M	CATTCATCATTTCACT-1	ZBTB46	1
M	GTCACCTAGAAATTCG-1	MERTK	1
M	TAGTCCCCACAAGGGT-1	CD8A	5
M	CGTACAACATCCGTAA-1	CD79A	3
M	GTCGTAAGTGCTGAAG-1	PECAM1	2
M	CTACTTACAGCAAACG-1	SKAP1	5
M	GACCTTCTCCGAATTG-1	KLRF1	1
M	TAGCACATCTGCTACC-1	CD6	3
M	TTAGCGACACGATTAC-1	PRF1	3
M	CATGCCTCACCCTTTG-1	CD160	2
M	GGTGCTGAGGCAGATC-1	TXK	2
M	AACTTGGTCGTCCCTA-1	CD28	1
M	TCAGGTAAGCTTACCA-1	CD8A	2
M	TCGCAGGGTCAAACAA-1	GNLY	2
M	AACCAACTCGATGTAC-1	PECAM1	5
M	GAGAACGAGTGAACCG-1	IRF8	3
M	ATGGATCGTTTCGACA-1	CD6	1
M	TGACAACCAAGACACG-1	ITK	6
M	CGCTATCGTCATAGCT-1	ZBTB46	1
M	ACATGCATCTACATCT-1	NCR1	3
M	GCTTAAGAGGTCTTTG-1	NKG7	1
M	AACGAGGAGCAACGGT-1	TXK	5
M	AAGGAGCAGATCACCT-1	KLRD1	1
M	GATTAGCGTGCGACCT-1	KLRD1	8
M	CGCAATAGTGCTTGAT-1	MRC1	2
M	CGTACAATCGTTCTAT-1	PECAM1	2
M	GAAATGATCAGTCACA-1	KLRD1	3
M	TTGGTCCAGACCTATC-1	CD5	1
M	CAGTGTACATTGAACC-1	CD6	1
M	CACCACTGTTCTTTCA-1	EBF1	1
M	TGGCAATAGATTAGAC-1	ITK	1
M	TTGTTCAGTGGCGCTT-1	BANK1	1
M	TGATGCAAGTTCTCCC-1	EOMES	1
M	GGGTTATCAATTCTCT-1	CD28	1
M	AGCCTTCTCTCCTTAA-1	KLRF1	1
M	GCAGCCATCAGTAGTC-1	EBF1	2
M	TTCAACTCAGCAACAG-1	ITK	5
M	CAACCAAGTCAGAAGC-1	ITK	5
M	TGGCAATTCCAACAAC-1	LUM	1
M	TAATCGGCACAGATGG-1	CD3D	1
M	TATGTGGTCGTTCTAT-1	PAX5	1
M	TAGGTGTCACTGCTTC-1	EBF1	1
M	ATGCATGAGCTCGTTA-1	BANK1	2
M	AGTGCGCGTGCTGTGC-1	NCR1	1
M	ACATGGTCAACACGGA-1	KIR2DL4	2
M	ATGTACGTCCTAGAGT-1	IRF8	1
M	ATGTACGTCTGGCGCA-1	KLRD1	4
M	ATCGAGTCAAGTCTCA-1	CD5	1
M	GTAGGAGCATCCATAG-1	CD6	1
M	ATCCTCGCATTACACG-1	LCK	1
M	CGCACAGCACTTGCGG-1	LCK	2
M	TTTGTGTCATTACTCT-1	ITK	1
M	TAGCTTTGTTGGTAAA-1	ITK	1
M	GCAGCCAAGCTTACCA-1	CSF1R	1
M	CAGTGTATCTCGCGTT-1	TXK	2
M	ATTACCTGTAATGTGA-1	EOMES	1
M	GTGGATTAGGCGATTG-1	ZBTB46	1
M	CCCTCTCAGCCCATTA-1	CD28	5
M	ACCGGGTAGTCCGTGC-1	MARCO	1
M	AATGTCGCACTCAGCG-1	CD79A	1
M	ACTGCAATCGCACAAT-1	SKAP1	2
M	TCAGGTATCACCCTTG-1	LUM	1
M	AGTTTGGCAAGACTAA-1	VWF	1
M	TTGTTGTAGTCGTGAG-1	NCAM1	2
M	GCTTGCTGTGTGTGCC-1	MRC1	1
M	GCTTGCTGTGTGTGCC-1	PAX5	1
M	ACATGCAGTATTTGCG-1	BANK1	7
M	ATCCAGATCTTGTCGC-1	BANK1	1
M	TACCTATGTATATGGA-1	CD8A	1
M	CGCAATACAGGCTACC-1	EPCAM	1
M	ATTTGTCAGTTGTCCA-1	SPI1	1
M	AATGTCGAGCGGACTA-1	ITK	12
M	TGTACAGTCGCTCGGA-1	CSF1R	1
M	GCGGAAATCTACTGCC-1	CD14	1
M	CCTTAATAGGTTAGTA-1	EOMES	2
M	GCCAGACTCCGTACGG-1	CD28	1
M	TGGGTGCCATCGTGAT-1	NCR1	1
M	TTCAACTCAACTCGAT-1	KLRD1	4
M	CCACAGGTCAAATGGA-1	CLEC9A	2
M	TTTGAGGTCGCGCCAA-1	THEMIS	1
M	TATGTTCTCAAAGTAG-1	ITK	7
M	GTAGGAGGTCCAAGTT-1	VCAN	1
M	TAAGTGCCACAGTTAC-1	VCAN	1
M	GTCGTAAAGGCTCCTG-1	NCAM1	2
M	TTACCGCCATGCCTTC-1	EBF1	1
M	GTTATTCAGAGGCAGG-1	EOMES	2
M	ACATGCAAGACTCTTG-1	EOMES	3
M	GTAGGAGGTCCGTGCA-1	MARCO	1
M	AACCTTTTCGATGTAC-1	IRF8	1
M	GGTGCTGGTTCCATCC-1	KLRF1	1
M	CTACTTACACGCGTTG-1	BANK1	2
M	GACCCAGAGGTCTTTG-1	KIR2DL4	1
M	TGGCGCACACCCATCT-1	KLRC1	2
M	AGATTCGTCGTTTGAG-1	KLRD1	4
M	GTCCATCAGCTTTCCC-1	CD6	1
M	TCACCACGTGGAAGCT-1	ITK	7
M	GAATCTGTCGAGTGTT-1	EOMES	1
M	CATAACGCATATAGAG-1	ZBTB46	1
M	TTCAACTGTTCTACGA-1	CD68	1
M	TTCATTGGTTTCTCTA-1	LUM	1
M	GTTCAAGGTTTAGGAA-1	CD3D	1
M	GTCACCTAGAAATTCG-1	SPI1	1
M	ACCGAATTCGACTATG-1	VCAN	1
M	TTGACGATCACCGCGA-1	VWF	1
M	ACCATCCTCTGGCCAG-1	MRC1	3
M	GGTGCTGCACAAACAA-1	CD160	2
M	GGGTTATCAATTCTCT-1	EBF1	2
M	GAGGCTCTCTGGCGCA-1	EBF1	1
M	GATCGTAAGAACCCGA-1	BANK1	1
M	GCCTAGGAGTGGTGTG-1	CD28	1
M	CCGTAGGGTTGCTTGA-1	KIR2DL4	1
M	TACGGATGTATGTCCA-1	SKAP1	1
M	TGCTCGTGTATGGGTG-1	CD6	1
M	CCAGAATCAGGAGCAT-1	PAX5	1
M	TCACCACGTGGAAGCT-1	EOMES	3
M	GTCACCTGTAACATAG-1	SKAP1	2
M	ATCCCTGGTCATTGCA-1	PRF1	1
M	TAGTCCCCACAAGGGT-1	PRF1	1
M	AACAAAGAGAGCCACA-1	LCK	1
M	TACAGCACATGGGACA-1	EOMES	1
M	GCGAGTCTCCAACAAC-1	CD28	2
M	CTTCTAATCCCAATAG-1	NCR1	1
M	TGCTATTGTCCTCAGG-1	PECAM1	5
M	TCACCTGAGTAGTCGG-1	VWF	1
M	CTGGCAGGTCATCGTA-1	VWF	1
M	GCTGCGAGTCATAAGA-1	NCAM1	1
M	AAACGAAAGTTCGTTG-1	VCAN	1
M	CTACTTAAGGGACGTT-1	TXK	3
M	TCCATCGAGGGAGTTC-1	CD8A	1
M	ACTAACGAGACCCTAT-1	NKG7	1
M	GAAGTGGAGGCTAAAT-1	PECAM1	3
M	TGGCAATTCGTCTAGA-1	DCN	1
M	TGCTTCGGTCTCTAAG-1	KLRD1	3
M	CGCTGGAAGATGAGGA-1	KLRF1	1
M	AGCTGATAGTCGATAA-1	BANK1	2
M	GGAGAACAGTATAGTG-1	ZBTB46	1
M	GTGCTGGAGCTACGTT-1	MARCO	1
M	TGGTCCTAGTGAGCAC-1	MERTK	2
M	TACTAGGCATCGGCTG-1	DCN	1
M	TATCGAGCAATTCTCT-1	MRC1	1
M	GGCGAAATCCCAGCGA-1	BANK1	4
M	GCCAGACGTAGGTAAT-1	BANK1	1
M	CTACTTACAGCAAACG-1	TXK	6
M	GAAATGATCAGTCACA-1	NKG7	2
M	TGCTCGTCAAGGCTTT-1	SKAP1	1
M	TTTGCGCCAGATACAA-1	SKAP1	5
M	TCAGGGCTCTGGTACA-1	SKAP1	1
M	GTGGATTGTTCCCTTG-1	KRT8	1
M	GCCTAGGTCCATGACA-1	KLRC1	1
M	AAGGAGCGTGAGGTCA-1	KLRD1	4
M	TGTGGCGCAGTCCTGG-1	NCAM1	3
M	GGTAGGAGTGCACTTA-1	CD5	1
M	ACGTGGCAGACCATAA-1	TXK	2
M	CGTTCCAGTTCTTAGG-1	EOMES	1
M	AAACTCGTCGCATACA-1	KLRF1	1
M	GTAGGAGCAGGTTATC-1	CD3E	2
M	TGGCCTTGTTTGCATG-1	CD5	1
M	CCTATTAAGATCTAAG-1	TXK	3
M	TAACGGTTCGTCTTAT-1	NKG7	1
M	GTACTTTGTTGGAGGT-1	PECAM1	1
M	ATGTCGAAGCCCATGC-1	COL1A1	1
M	TAGCGGCAGGGTTCTT-1	IRF8	1
M	TTAGGTGTCGCGATGC-1	CD3G	1
M	GCAGCTGAGATTAGAC-1	PRF1	5
M	GTGTGATAGGCTTTAC-1	SH2D1B	1
M	TGCTCACCAGAACGAC-1	LCK	1
M	ACAAGCTGTAACTCCA-1	ITK	3
M	TTATGTCCATTACCTT-1	CSF1R	1
M	CTCTACGCAACACGGA-1	TXK	1
M	TTGACGAGTTACCACA-1	TXK	1
M	TTGTTGTCAGTCAGCC-1	EOMES	2
M	CTCAGAACATTTGGCA-1	CD28	2
M	CATTCATCAGCGCGTT-1	KLRD1	3
M	GAAAGTAGTAACGGTG-1	KLRD1	7
M	AAGATAGAGATATGTG-1	ITK	8
M	GAAAGTAGTAAACGGC-1	CD14	1
M	GCTTGCTAGTAGTCGG-1	TXK	1
M	TGACTCCGTGGTTCTA-1	ZBTB46	1
M	GCAGATTAGCTCGGCT-1	CD8A	2
M	AGCCTTCTCTCCTTAA-1	CD8A	4
M	TCGAGCGCAAGGAACC-1	NKG7	1
M	ATCCAGAGTTTCGTTT-1	PECAM1	3
M	TCACCACCATGATCGT-1	KLRD1	2
M	TGCCTGTTCGGTCTCT-1	PRF1	1
M	AACTTGGGTGCTGTCG-1	ITK	2
M	AACAAAGAGCATGATA-1	BANK1	2
M	GAAATGAAGACACGGT-1	TXK	1
M	CTTCTAATCGGGATCC-1	KLRD1	3
M	CTGAATGAGGAATGGA-1	NCAM1	6
M	CTCTCAGCAGACTAAA-1	NCAM1	6
M	CTCTCAGGTAGCATGG-1	ITK	8
M	ACGGATTTCGATAGGG-1	NCR1	1
M	AGCCCGAGTAGTCTGT-1	CDH1	1
M	GCGCATGTCGCGCCAA-1	ITGAM	2
M	TTCGGTCTCTTTATCG-1	SH2D1B	3
M	TGAGTCATCCATATCT-1	CD28	1
M	TAGGAGGTCATTCATC-1	CD79A	1
M	ACCCAAAAGCTGAATA-1	PECAM1	1
M	TTTGTGTCACACATGT-1	SKAP1	5
M	AAAGATGCACAGAAGC-1	ITGAM	1
M	GCGATCGAGAACTAAC-1	CD6	1
M	GGGTCTGGTAGCAGCA-1	CD160	1
M	GAAACAAGTTCTTATC-1	TXK	1
M	AATACGCCAAAGACGC-1	IRF8	2
M	TTCGTTAAGACTAGCG-1	IRF8	1
M	ATGTCGAAGCCCATGC-1	VWF	1
M	TGTTAGGCAACTCGAT-1	VWF	1
M	TGGACATTCTTACTCA-1	CD5	1
M	GTGGATTGTTCCCTTG-1	PAX5	5
M	GTCACTCAGTCTTAGC-1	PAX5	1
M	GGATGAGAGGTACATA-1	SFTPC	2
M	CAATCCCAGGTTTCTG-1	ITK	2
M	TCAAAGCGTGCCCAGT-1	ITK	1
M	TACTGCCCATGGATGG-1	BANK1	1
M	CTGCTCAAGGAGTCTG-1	TXK	2
M	ATAGGCTGTGCAACAG-1	NCR1	1
M	TTCTGTACACTCCCAT-1	PECAM1	2
M	GGCGTTGAGAGCCACA-1	IRF8	2
M	TAAGCCATCCGCGATG-1	CDH1	1
M	CAAGAAAAGACACTTC-1	VWF	2
M	ATCGAGTCAAGTCTCA-1	PRF1	1
M	TTCGGTCTCTTTATCG-1	THEMIS	1
M	CACCACTGTTCTTTCA-1	IL7R	12
M	CGCACAGCAGACCTGC-1	BANK1	2
M	TACAGCATCGCCTTAC-1	CD8A	1
M	GAGATTCAGTTGACAA-1	SKAP1	1
M	TGCTCACCAGAACGAC-1	SKAP1	2
M	CCAATGAAGGGTTCCC-1	FLT3	1
M	CTGTTCGAGTAATCAG-1	DCN	2
M	CTCCCAACACTGAAGG-1	KLRF1	1
M	AAAGGATTCCAGTACA-1	VWF	1
M	TGCACCTTCGATTACG-1	EBF1	1
M	AGTGCCGAGTCGACCC-1	CSF1R	1
M	GACCTTCTCACATTCT-1	TXK	4
M	GTGGATTAGGCGTAGT-1	CD79A	1
M	ATCCTCGCATTACACG-1	CD79B	1
M	ACAGAAACAACTCAAC-1	CDH1	3
M	TGTAGCAAGTGATATG-1	KLRF1	1
M	ACAATCGTCCTTCGAC-1	VWF	1
M	TGTAGCAAGTCCCGCA-1	SH2D1B	1
M	GCTTAAGTCTTGTCAT-1	SH2D1B	1
M	GTAGTACGTCTCTGCT-1	THEMIS	1
M	CTACTTAGTACGAGAC-1	ITK	4
M	CACAGATAGTCGAGCA-1	ITK	2
M	TCGAGCGCAGCAACCC-1	FLT3	1
M	ATCCTCGTCTAGCTGA-1	VWF	1
M	CACCACTGTACAACGG-1	CD3D	1
M	AACCAACGTAACGGAC-1	ITK	3
M	GGAGGATGTCCCGAGT-1	NCR1	2
M	GTCACAACAGGTCTGC-1	SKAP1	2
M	CCATACCGTGATTCCA-1	FLT3	1
M	CATGTTTTCAGGAATA-1	LYZ	1
M	GCTTGCTGTGGAAGCT-1	KLRD1	2
M	TAGCATGTCCACCTAC-1	VWF	2
M	CGTACAATCGTGTGCG-1	PRF1	2
M	GCAGCCAAGCTTACCA-1	ITK	6
M	TTGCGGGAGTCCAGAG-1	TXK	3
M	ACCTGCTTCGTAGCGC-1	SKAP1	1
M	CAGTGTATCAAGAGAT-1	LCK	2
M	GCAAAGGGTGCTTCCT-1	BANK1	3
M	CCTTAATAGGTTAGTA-1	TXK	10
M	ATGTACGTCCTAGAGT-1	ZBTB46	2
M	AACATCGTCCGGGCAT-1	CD8A	9
M	GCGATTATCAATTGGC-1	KLRD1	6
M	GGGTGTCGTTTCAGCA-1	KLRD1	2
M	AATGCCAGTAGGTGAC-1	SH2D1B	1
M	AAGATAGAGGCGACTA-1	ITK	7
M	GCATTGATCTCTCAAT-1	ITK	5
M	AGCCTCTAGAGGTCCA-1	BANK1	1
M	TGCCTGTTCTGAAAGA-1	TXK	1
M	GAAAGTAGTAACGGTG-1	CD28	1
M	GCCAGACTCCGTACGG-1	CD79A	1
M	CTTAATCCACAGAAGC-1	FLT3	1
M	GTGTCCTCAAGATTAG-1	CD6	1
M	ATAGGCTGTCAAGACG-1	MRC1	2
M	TACGGATCATACTGCA-1	TXK	4
M	CTAGCGGAGGGTAATT-1	EOMES	2
M	TGCATGAAGTAACTCC-1	EOMES	1
M	GCGTTGGAGCTATCGT-1	NCR1	3
M	CTTCTAATCGGGATCC-1	CSF1R	1
M	TCTATTGTCCATGTTT-1	TXK	4
M	CACCACTAGCACACCC-1	TXK	3
M	TGTGACATCGGCAATT-1	CD28	2
M	ATCCAGAGTTTCGTTT-1	MERTK	2
M	TATCTGTTCTGGGCGT-1	IRF8	1
M	TTCTGTAAGACCCATT-1	CD5	1
M	CTCTCAGAGAAACGCC-1	CD160	1
M	GTCACGGCATTCACCC-1	EBF1	2
M	AGCCCGATCCTGGAAT-1	ITK	2
M	TTACTTGAGGATATCA-1	BANK1	4
M	CGCAATACATTATGGC-1	TXK	1
M	GCCAGACTCCGTACGG-1	TXK	2
M	TGACAACTCGCCGAAC-1	CD28	1
M	AAACGAAGTGGTGGTA-1	EPCAM	1
M	AAATGAGCATCCTGGG-1	NCR1	1
M	ATTCGTTCAAGAGATT-1	CD79B	1
M	GCGCATGGTTGGACGA-1	ITGAM	1
M	GAAACAAGTTCTTATC-1	KLRF1	1
M	ACTACGAGTGAGAGTC-1	EOMES	1
M	GCGATTAGTAGAACGC-1	MERTK	2
M	ACCATCCTCGTTTGAG-1	NKG7	2
M	GCGGAAAGTGAAACAT-1	KLRD1	3
M	CCGTACTCATTGTTCT-1	CD3E	1
M	CTGTATTGTTCAGTTG-1	LCK	1
M	CGCTGGAGTACGTAAA-1	EBF1	1
M	AACTGGTAGCCTATAC-1	BANK1	2
M	TGCTTCGGTCTCTAAG-1	EOMES	1
M	GTTATTCCAAGAAACT-1	ZBTB46	1
M	ATCCAGATCTTGTCGC-1	GNLY	1
M	GCCAGCATCAAACCCA-1	SKAP1	2
M	GTCACCTGTAACATAG-1	KRT8	1
M	GGAGTAGAGTCTGGGA-1	KLRD1	2
M	TGGCAATGTAGGGTCA-1	CD6	1
M	GCGAGTCAGAGACTCG-1	MRC1	1
M	TGGACATCATCATCGA-1	MRC1	1
M	GAAATGAAGACACGGT-1	PAX5	1
M	CCTTGCACAGGTCCTG-1	PAX5	2
M	TAGCATGTCCACCTAC-1	THEMIS	4
M	CAGTGTATCAAGAGAT-1	ITK	11
M	GACCCAGGTTGAATAG-1	BANK1	2
M	GCGCATGGTTGGACGA-1	TXK	2
M	GAAACAATCGCCAGAC-1	CD28	1
M	TTACGTTCACCACAGC-1	CD8A	1
M	AAACTCGCATTCTCGC-1	NCAM1	4
M	CACTGAACAACAAACA-1	IL7R	2
M	CTTGTCGGTAGTATCC-1	TXK	7
M	TGAGTCATCCATATCT-1	CD14	1
M	TGTGGCGAGAACCATA-1	CD79B	1
M	TACGCAAGTCAGAGTG-1	CD68	1
M	GGAGGATTCGGTTGTA-1	KRT8	3
M	ACTGTCCGTCACCCGA-1	KLRC1	1
M	ACAAAGAAGGGACGTT-1	NCAM1	1
M	GTCTACCCAGTCAGAG-1	THEMIS	1
M	TGGACATAGCGTATCT-1	IL7R	2
M	CATTCCGAGATAGGTT-1	KIR2DL4	2
M	GAGATTCTCTGGCGCA-1	COL1A1	1
M	GTGGCGTGTTCTGAGT-1	IRF8	1
M	TCAGTCCTCTTCCAGC-1	KLRD1	2
M	TAGCACATCAACTTGG-1	VWF	3
M	TTCAACTCATTACTCT-1	NCAM1	2
M	ATGTCGACAGGTGTGA-1	IL7R	1
M	AGCGATTGTGCACCCA-1	TXK	3
M	GCAGCTGTCTCTGAGA-1	NCR1	1
M	GTGTCAATCCGGCTGA-1	KIR2DL4	2
M	CGCTATCGTCATCGTA-1	CD68	2
M	TATGTGGAGTAACTCC-1	IRF8	1
M	CGAGTTATCATCGCCT-1	KRT8	1
M	TTACCCGAGATCCGAG-1	PRF1	3
M	GCTTGCTTCCATAACG-1	PAX5	1
M	TCGAGCGTCGGATCGC-1	ITGAM	1
M	GGGACCTAGTTGGAAT-1	SPI1	1
M	AGTGCGCGTGCTGTGC-1	PAX5	2
M	CGCTGGACATTGTTCT-1	GNLY	1
M	TGGCGCACACCCATCT-1	NKG7	2
M	GCGTAGCCAATGACTC-1	IRF8	2
M	TGCATGAAGTAACTCC-1	KLRF1	1
M	TGTGGCGCACATTCTT-1	NCAM1	4
M	ATTCGTTCAAGAGATT-1	NCAM1	1
M	TCAGGTAAGCTCCGGT-1	CD5	4
M	TTATGTCCATATTGGC-1	MRC1	1
M	GAGGCTCAGCTCCGGT-1	NCR1	1
M	ACCCAAAGTTAGAGAT-1	CD79A	1
M	CTCTACGCACGCTCAG-1	CD79A	2
M	AACGAGGAGCAACGGT-1	SKAP1	3
M	TCAAGACGTAGGTGAC-1	SKAP1	1
M	TCACCTGAGTTCCCGG-1	FLT3	1
M	AACCGATAGAGAAGCA-1	KLRD1	2
M	ACTGTCCTCCTCATTA-1	CLEC9A	1
M	TGACTCCTCTTTGCAT-1	NCAM1	3
M	GAAGTCTCAGTAACGG-1	CD5	1
M	ACATGGTCAACACGGA-1	EBF1	2
M	ATGGATCAGGCTGGAT-1	ITK	8
M	GAGATTCGTGATAGAT-1	CSF1R	2
M	CTAGGGCTCTTGGCCT-1	BANK1	2
M	TGATTTCTCCTCTCTT-1	BANK1	5
M	TAGTCCCAGGACTAGC-1	BANK1	2
M	GAGTGAGGTTCAGAAA-1	CD28	2
M	AGTGCGCCACAATAAG-1	CD79A	2
M	CATTCCGCAACGTACT-1	SKAP1	2
M	CGCAGGTGTCAATACC-1	IRF8	2
M	CCCTAGTAGAGCTACG-1	FLT3	1
M	TTGAGTGCACAGATGG-1	KLRD1	1
M	TTCGGTCCAGTAGTTC-1	NCAM1	1
M	TGCCTGTTCGGTCTCT-1	PAX5	1
M	CTCTAGCGTCAACGGA-1	PAX5	1
M	CCAGATAAGAGATTAC-1	THEMIS	2
M	ACGTGGCAGGCGCTTC-1	ITK	4
M	TTACTCAGTTACGGAG-1	ITK	1
M	CGCTATCAGCAATGTA-1	BANK1	4
M	TTCATCACACACACCG-1	ZBTB46	1
M	GGTCATATCACTAGGT-1	MARCO	1
M	CCTTAATCAAAGGCCA-1	ITGAM	2
M	GTAGTACCATGGCCTG-1	PAX5	1
M	TGTGGCGCACATTCTT-1	THEMIS	1
M	GCATGATCAATGGCAG-1	BANK1	6
M	CGGTGCACAAGTTCGT-1	GNLY	1
M	GCTGTTCCATCCCAAA-1	SH2D1B	3
M	GCAGATTAGCTCGGCT-1	LCK	4
M	AGTGTACTCTTAACGG-1	THEMIS	2
M	ATGTCGACAGGTGTGA-1	BANK1	1
M	TCAGTCCAGGGAAGCG-1	TXK	3
M	GGATGAGCAAGTGGCA-1	NKG7	1
M	AACAAAGGTAAAGCTA-1	IRF8	1
M	ACAGCGCTCCTTCGAC-1	LUM	1
M	AGTGCCGAGTCGACCC-1	PRF1	1
M	CTTCTAATCCCAATAG-1	SH2D1B	1
M	CTTTGCGCAAGGTTCT-1	ITK	2
M	GTACTTTTCGGCAATT-1	BANK1	4
M	TGTGGCGAGAACCATA-1	MERTK	1
M	AGTCCGGCACAAGTGG-1	NCR1	2
M	TTCGGTCCAGTAGTTC-1	NCR1	1
M	AACAAAGAGCCTGTAT-1	NKG7	1
M	ACCCAAAAGCTGAATA-1	CD79A	1
M	CAGCTGGTCGGGAATG-1	PECAM1	5
M	GTTGGGCAGTATCTGC-1	CD6	2
M	CGTAAACGTTCCGGCA-1	PRF1	1
M	TAAACCGTCGTTCAGA-1	TXK	3
M	GCGAGTCTCCAACAAC-1	TXK	4
M	TGGGTGCCATCGTGAT-1	CD8A	1
M	GTCACAACACGCTGTG-1	NCR1	1
M	CAGCTGGGTCGCTAGC-1	SKAP1	1
M	GCAGATTTCTGGCACG-1	KRT8	1
M	CAGCCTTGTCACTCTC-1	KLRD1	2
M	TGATGCAAGTTCTCCC-1	NCAM1	3
M	GAATCTGTCTAGCAAC-1	PRF1	6
M	AGGCCCAAGCTGCCAC-1	LCK	2
M	ACGTTAGTCACTTACT-1	EBF1	2
M	GCAAAGGGTGCTTCCT-1	ITK	1
M	GAGGTCCGTCAGGTGA-1	PRF1	1
M	AATGCCAAGGGACGTT-1	THEMIS	3
M	GCAGATTAGCTCGGCT-1	EOMES	1
M	AAAGGATTCCAGTACA-1	KIR2DL4	1
M	TGACAACCAACATAAG-1	COL1A1	1
M	CAATCCCCACCCTTAC-1	KLRD1	4
M	GCCTAGGTCCATGACA-1	CD5	1
M	TGCTCACTCCGGGCAT-1	CD6	1
M	TATCGAGCAATTCTCT-1	THEMIS	1
M	GGAATCTCATGTGGGA-1	ITK	3
M	CCGTGAGGTCAGGCTC-1	TXK	2
M	GACCCAGAGGTCTTTG-1	CD8A	8
M	GCCAGACAGGTCTTGT-1	NCR1	1
M	GTTCAAGAGTTATGAG-1	FLT3	1
M	CCGTACTCATTGTTCT-1	VWF	2
M	TTTGGTTCAAAGGTCG-1	CSF1R	1
M	ACCCAAAGTTAGAGAT-1	KIR2DL4	1
M	GCAGCCAGTTCCGCGA-1	PECAM1	1
M	TATGTTCTCAAAGTAG-1	KLRC1	1
M	TGGCAATGTAGGGTCA-1	CD4	1
M	TCAGTCCTCAGTCACA-1	VWF	1
M	CAACGTACAGAGTCGA-1	ITK	2
M	CCTTAATCAGCGTACC-1	ITK	2
M	GTCACAATCTTTCGAT-1	SKAP1	2
M	ACATGGTCATGTATCG-1	CD14	1
M	TATTGCTGTGAATACA-1	BANK1	5
M	CGTACAACAATCAGGG-1	TXK	8
M	TCAGGGCTCTGGTACA-1	EOMES	1
M	GTAGTACGTTTAGAAG-1	ZBTB46	1
M	GTGTCAATCTCTTCTC-1	ZBTB46	1
M	CCGAAGCAGTTCGACT-1	KLRD1	2
M	GGTACCGAGAACAGGA-1	KLRD1	1
M	CTCCCAATCACAGGGA-1	CD6	2
M	CCGTACTAGCGAGCTA-1	LCK	1
M	ACAGGCCAGCGGACTA-1	LCK	1
M	AGGACGACAGCGCGTT-1	KLRD1	2
M	GGAATCTTCCCTAAAG-1	KLRD1	4
M	CGCTGGAAGGCGTCCT-1	VWF	6
M	CTGGCAGCATACCCGG-1	NCAM1	2
M	AGCTGGCGTAGCATGG-1	PRF1	1
M	CCTTAATTCTAGCAAC-1	ITK	3
M	TACATTCAGTCGTGAG-1	IL7R	1
M	ATAGGCTTCCTTTGCG-1	BANK1	1
M	TGACAACAGTGTCCCG-1	ZBTB46	1
M	GCTGCGAAGACAGTGC-1	COL1A1	1
M	CTAGGATTCTCTGTTA-1	SKAP1	1
M	GTAGGAGGTCCAAGTT-1	KRT8	1
M	ACGGATTTCGATAGGG-1	CD3E	2
M	GGGTTATTCCACACCT-1	MS4A1	2
M	TGATGCAAGTTCTCCC-1	SH2D1B	1
M	TAAGCCATCCGCGATG-1	CD160	1
M	GCTTGCTGTGTGTGCC-1	ITK	2
M	GTTATGGGTAAACGTA-1	TXK	5
M	TATGTTCCAATTAGGA-1	CDH1	3
M	GACCCAGGTACGTATC-1	PRF1	2
M	ATGTACGAGCTAGTTC-1	ITK	1
M	GTTATTCAGCTCGTTA-1	EPCAM	5
M	CTCGCTATCGCCCTTA-1	NCR1	2
M	GTCTACCTCCAGAATC-1	VWF	1
M	GAAGTCTTCCGATGCG-1	PRF1	2
M	ATAGGCTGTGGACAGT-1	ITK	2
M	CACATGATCACTCCCA-1	TXK	5
M	ATCGAGTTCCTAAGTG-1	NKG7	4
M	CGCAGGTTCTGAACGT-1	SKAP1	2
M	ACTTCCGTCGTGCTTC-1	SKAP1	1
M	TCGATTTTCTGACATG-1	IRF8	1
M	CACCACTAGCACACCC-1	CD3E	1
M	GTCACAACACGCTGTG-1	CD3E	1
M	AACTGGTAGCACCATT-1	NCAM1	1
M	CAAGCTAGTGTCTCGG-1	CSF1R	1
M	TTGTCTACATCCTGGG-1	PECAM1	3
M	CCCTAACGTCAAATCC-1	KLRD1	2
M	CTTTGCGGTTCTGATG-1	KLRD1	2
M	ACTTTCACACACTAGT-1	CD160	2
M	TGCCTCAGTAATGCAA-1	EBF1	1
M	CAAGAAATCCATATCT-1	ITK	2
M	GAACGTTTCTATACCT-1	ITK	3
M	CACCTTGGTCATCAAC-1	CD14	1
M	TAATTCCTCACGATTG-1	VCAN	1
M	GAGAACGTCTCGTAGA-1	PAX5	1
M	TACGCCTGTCAAACAA-1	THEMIS	1
M	ATGGATCGTTTCGACA-1	ITK	1
M	GGTTGCGAGGCCAATG-1	KLRD1	2
M	AGTTACGGTGGACCAA-1	KLRD1	2
M	TTGAGTGCACACTAGT-1	KLRF1	2
M	CCTTAATTCTAGCAAC-1	SH2D1B	1
M	GGAACTTTCGGAAAGC-1	LCK	1
M	GCGTAGCAGAAGCCGT-1	PAX5	2
M	TCAAGACTCGATAGCT-1	ITK	1
M	GCCTAGGTCCATGACA-1	BANK1	2
M	CTCTCAGGTAGCATGG-1	CD8A	1
M	CTTGCTGGTGTTGGTT-1	CD8A	2
M	AAGGAGCGTGAGGTCA-1	SKAP1	2
M	CGTACAATCGTTCTAT-1	SKAP1	3
M	ACATGGTAGCTCGGCT-1	KLRD1	1
M	AGACAAAAGGTAAGTT-1	CD3E	1
M	ATCCAGAGTGCTAGTT-1	THEMIS	2
M	GGGCCATGTGCCCTAG-1	EBF1	2
M	GTCGTAATCAAGGCCC-1	ITK	4
M	TTGACGAAGGAGACTC-1	ITK	1
M	CCCTCTCTCTATCTAC-1	EOMES	3
M	GTCGTAATCCGATTGA-1	GNLY	1
M	AACATCGGTGGCGCTT-1	IRF8	1
M	GGCGTTGAGAGCCACA-1	MRC1	1
M	AAGGAGCAGATCACCT-1	PAX5	2
M	GATTGACCATCCGTGG-1	THEMIS	2
M	TGATCAGCAGAACTTC-1	CD8A	2
M	ACATGGTTCCAGGTCG-1	KIR2DL4	1
M	GCCCGAATCCCGCAAG-1	PECAM1	1
M	TGCATTTCATTACTCT-1	SKAP1	2
M	AGCGTGCAGACAGTGC-1	KLRF1	2
M	GCTTAAGGTTACACTG-1	CD4	1
M	GTCACAATCTTTCGAT-1	NKG7	1
M	GGATGAGAGGTGTTGG-1	NKG7	2
M	TAGTCCCCAATTCGTG-1	LCK	2
M	ACGTTAGTCGAGGTCC-1	PAX5	1
M	AAAGGGCCATTTCACT-1	ITK	13
M	GCAGATTGTCTGTGTA-1	ITK	6
M	CGTACAAGTTGTATCG-1	TXK	2
M	CTCCCAAAGAAGCCGT-1	GNLY	1
M	CGTTCCATCCGGAAAG-1	IRF8	3
M	CAACCAATCGAGGTCC-1	KLRD1	15
M	AGCTATGTCCATGACA-1	KLRD1	2
M	AGCGTATCACTAGCCG-1	VWF	1
M	GGGACCTAGCTGATTC-1	CD5	1
M	TGCCTGTTCACACGTA-1	SPI1	1
M	CTACTTAAGGGACGTT-1	PRF1	1
M	AGCGTGCAGACAGTGC-1	CD160	2
M	GTAGGAGGTCCAAGTT-1	CSF1R	1
M	TAATTCCTCACGATTG-1	BANK1	3
M	AGCCTTCTCTCCTTAA-1	TXK	3
M	ACATGGTCAACACGGA-1	MERTK	3
M	TGCTTTAAGAGCGGTT-1	PECAM1	1
M	GTAGTACGTCTCTGCT-1	CD79B	1
M	TGCTCACAGAATGCTA-1	COL1A1	1
M	TGCTCACTCTTGTGCC-1	IRF8	1
M	AGACAAAGTACCCACG-1	NCAM1	5
M	AACGGGAAGGGACGTT-1	FCN1	1
M	GGCGTTGTCCTGGGAC-1	ITK	2
M	TCAGTCCAGGGAAGCG-1	NCR1	1
M	AAAGGGCCAACTCGAT-1	KIR2DL4	1
M	ACAGGCCAGCGGACTA-1	PECAM1	1
M	AAGGAGCGTGGGTAGT-1	IRF8	1
M	CACCACTGTTAGAGAT-1	CDH1	2
M	TTCATCATCGCGCCAA-1	ITGAM	1
M	GGTGCTGGTTCCATCC-1	DCN	2
M	ACCATCCTCGTTTGAG-1	ITK	8
M	GGGACCTAGGCCAATG-1	BANK1	1
M	CGCAATAAGTGCCCTG-1	GNLY	3
M	GGGTGTCAGGGTAGTC-1	PECAM1	1
M	TGATTTCCAATCATCG-1	PECAM1	1
M	TGTTAGGGTAACAATG-1	NCAM1	1
M	GAGACTTCACTTTGGA-1	NCAM1	1
M	CACCACTGTACAACGG-1	EBF1	1
M	ACTCGGGAGAGGTGGG-1	CD14	1
M	CAGTGTATCAAGAGAT-1	CD8A	2
M	TGGTCCTAGTGAGCAC-1	EPCAM	1
M	TCACAAGGTCTGCACG-1	PECAM1	1
M	CTGTATTTCAAGGCCC-1	FLT3	1
M	ACAGCGCCAGTCAGCC-1	CD6	1
M	TGGTCCTGTAAACGAT-1	SPI1	1
M	TAGCATGGTGTCCCAG-1	LCK	1
M	TGTAAGCTCCCAGCAG-1	EBF1	1
M	GTAGTACCATGGCCTG-1	BANK1	2
M	AGTCCGGTCCGTTAGA-1	BANK1	1
M	CCAATGAGTTAACCGT-1	MERTK	1
M	GGCGTTGGTTCTGAGT-1	MERTK	1
M	CCTTAATCAAAGGCCA-1	GNLY	2
M	GCGAGTCAGAGACTCG-1	IRF8	1
M	ATCCAGACAATAGCGG-1	CD3E	3
M	GCCTAGGCAAGAGATT-1	NCAM1	3
M	GCAGATTTCCGCGATG-1	MRC1	3
M	TCTCAGCGTGAGTAAT-1	CD160	1
M	TGTACAGTCGCTCGGA-1	ITK	2
M	GGTGTCGAGGGTTCTT-1	ZBTB46	1
M	CTTGTCGAGAGAGGTA-1	CD8A	3
M	AGCCTTCAGAGCTACG-1	PECAM1	1
M	TTACCGCGTCAACTGT-1	CD3E	1
M	TGCCTCAAGACGCCAA-1	CD5	2
M	TCAGTTTTCTGAAAGA-1	SH2D1B	1
M	CGCAGGTGTAGATGAT-1	LCK	1
M	GTGTCAATCGATTACG-1	EBF1	1
M	TGAGCCGTCCAAGTCA-1	CD14	1
M	TAACGGTGTCAGAAGC-1	IL7R	5
M	TAAGTGCGTGCAACAG-1	CD8A	2
M	AGCCTGGTCGCATACA-1	CD8A	2
M	AACCAACCATTAACGC-1	FLT3	3
M	GGTTGCGAGGCCTCTG-1	PAX5	1
M	GGATAGGCAAAGCTGG-1	THEMIS	1
M	ACTGTCCGTCACCCGA-1	BANK1	1
M	GGGAACACAGTCCTGG-1	KLRD1	7
M	ACATGCAGTATTTGCG-1	CD6	1
M	TACCTATGTGCCAAGA-1	CD160	1
M	GTTATTCAGCTCGTTA-1	MARCO	2
M	CAACGTAGTGATGCTT-1	KLRD1	3
M	ATAGGCTAGCCATTCA-1	ITK	1
M	CTACTTACAAGCCCTG-1	CD14	1
M	AACCGATAGTGCTGAG-1	BANK1	1
M	TACTAGGCATTCACGA-1	CD8A	2
M	AACTTGGTCGCGTGAC-1	SKAP1	3
M	GTCACGGCATTCACCC-1	IRF8	1
M	CGCAGGTTCTGAACGT-1	NCAM1	2
M	CAAAGCTGTCATAGAA-1	PRF1	1
M	GTCACCTAGTCGGGAT-1	CD160	1
M	ATGTCGAAGCCCATGC-1	PAX5	5
M	CCCTAACCAGATTAAG-1	EBF1	2
M	GTTATTCCAGGCAAGT-1	ITK	3
M	TGTACAGGTGGATTTC-1	TXK	2
M	TGTACAGTCGCTCGGA-1	EOMES	1
M	GCACGGTAGAGTGGTC-1	GNLY	1
M	ATGTCGAGTCCCGAGT-1	FLT3	1
M	CAGTGTATCAAGAGAT-1	FLT3	1
M	TTAGCGAGTCTGTTGA-1	VWF	1
M	ATTACCTTCTACATCT-1	LCK	2
M	GTGGATTGTTCCCTTG-1	BANK1	3
M	GAGGCTCGTTCTGAAC-1	ZBTB46	2
M	AGCCTTCGTAAACGTA-1	ZBTB46	1
M	CCGTACTTCTTAATCC-1	NCR1	2
M	GAAGTCTTCCGATGCG-1	KLRF1	2
M	TGTGGCGTCGATATGC-1	THEMIS	1
M	TAAGTGCCACAGTTAC-1	EOMES	1
M	GCCAGCATCAAACCCA-1	KIR2DL4	2
M	CTCTAGCTCGGAGTTT-1	COL1A1	1
M	AACGTACTCTTCTTCC-1	IRF8	4
M	AGGACGATCCACGAGC-1	KLRF1	1
M	GTGTCAATCCGGCTGA-1	CD4	1
M	TGCTCGTGTATGGGTG-1	VWF	1
M	ATCCAGACACCTGAAT-1	NCAM1	4
M	TGTAGCAAGTCCCGCA-1	NCAM1	4
M	GACCAATGTCATCGTA-1	CD6	1
M	CAACGTACAGAGTCGA-1	PRF1	6
M	GGAGGATTCTTGCGCT-1	SH2D1B	1
M	GAGAACGGTGCAAGCA-1	BANK1	1
M	GTGGATTAGCTGAGGT-1	TXK	1
M	GAGAACGTCCTGACCT-1	MERTK	1
M	CTGAATGAGCTTTCCC-1	COL1A1	1
M	TAACGGTGTCAGAAGC-1	KLRC1	1
M	GAGACTTCACTTTGGA-1	MRC1	2
M	TAACGGTTCGTCTTAT-1	MRC1	1
M	AGTGCCGAGTCGACCC-1	SH2D1B	1
M	GGTGCTGGTGGACGAT-1	SH2D1B	1
M	TTTGGCCTCAAAGTAG-1	SFTPC	1
M	ACATGGTCATGTATCG-1	EBF1	6
M	GCAGATTTCACTAGGT-1	EBF1	1
M	CCTCCCTCATGGAGGT-1	TXK	2
M	TCACCACGTAGTTTGC-1	SKAP1	2
M	GGAGGATTCTAGCAAC-1	SKAP1	1
M	GCCTAGGGTGGATTTC-1	KLRD1	4
M	CGATGATTCTATCTTG-1	KLRD1	2
M	TAGCATGTCCACCTAC-1	CD6	4
M	AACAAAGAGCATGATA-1	PAX5	1
M	ATAGGCTAGCCATTCA-1	THEMIS	1
M	CCCTGATAGATACCAA-1	MERTK	1
M	GTGCTGGAGCTACGTT-1	PECAM1	2
M	TACCTATAGACAGCTG-1	KLRD1	3
M	AACATCGTCCAGGTCG-1	ITK	1
M	TTAACGGCAGTTACAC-1	BANK1	2
M	TACCTATGTATATGGA-1	TXK	3
M	TATGTTCTCTATACCT-1	CD28	1
M	CGTAAACTCGCATAAC-1	GNLY	1
M	TTAGCGAAGTAGCAAT-1	COL1A1	1
M	GTCACCTCACCGATCG-1	KLRD1	1
M	ACTATTCAGTCCCGCA-1	CLEC9A	1
M	GTCACAACACGCTGTG-1	NCAM1	1
M	GTTATGGTCCTCTCTT-1	FCN1	2
M	AACATCGAGTACGCGA-1	PAX5	1
M	CCCACATGTGCAAGAC-1	PAX5	3
M	ACAATCGTCTATGAGC-1	EBF1	1
M	AAGGAGCCACGATTAC-1	ITK	4
M	TGTAGCAGTCAGCAAG-1	CSF1R	2
M	CCACAGGTCAGGAAGC-1	MERTK	1
M	CCCTGATTCTCTATCA-1	GNLY	1
M	GCAGCCAGTTCCGCGA-1	NCR1	1
M	ACTTTCACACACTAGT-1	NKG7	1
M	AGTGTACTCTTAACGG-1	COL1A1	1
M	CTCCCAAAGAAGCCGT-1	LCK	1
M	CGCAGGTGTCAATACC-1	EBF1	1
M	TAACGGTCAGTAGGCA-1	ITK	4
M	GGAGTAGCATTTGGTG-1	ITK	2
M	TAAGCCATCCGCGATG-1	IL7R	2
M	TTCGCGTTCTTCCGTG-1	CD8A	3
M	ACAAGCTTCCTGAAAC-1	CD5	1
M	GGCATTACAACGCACC-1	PRF1	1
M	TCAAGGTAGAACAGGA-1	EBF1	1
M	TATGTTCCAAGCAACG-1	ITK	1
M	GCAGCCAGTTCCGCGA-1	ITK	1
M	TAACAGCCATAGCAGG-1	CD14	1
M	GGTGCTGCAAGGGTAC-1	TXK	2
M	GGGACCTAGAAATGGG-1	KLRD1	3
M	TAGACTGCATCATAGC-1	KLRD1	1
M	TATCGAGTCCCGGGTA-1	CD3D	1
M	ATATTCCGTTTGCCCT-1	CD6	1
M	CTTTGCGGTATCACAC-1	MRC1	4
M	TCAAAGCTCTGTGTGA-1	ITK	1
M	CAGCTGGTCCAGTTAG-1	TXK	3
M	GGGTGTCTCAGGCCGT-1	TXK	1
M	AACGTACTCTTCTTCC-1	EOMES	2
M	AAGATAGAGCCAGAAC-1	CD8A	2
M	TGACTCCCAGTAAGCG-1	KLRF1	1
M	CTGAATGAGGAATGGA-1	KLRF1	1
M	AGCCTGGGTTGAAGCG-1	LCK	2
M	GGTCATAAGAACTCCT-1	SFTPC	1
M	CGCACAGCACTTGCGG-1	EBF1	3
M	TAACAGCCAAACAGTA-1	EBF1	1
M	ATTGTCTTCGCTCGGA-1	ITK	4
M	TTCAACTAGTTACCAC-1	EOMES	2
M	CCGAAGCAGACCCTAT-1	SKAP1	8
M	AAGGAGCAGATCACCT-1	SKAP1	2
M	ACAGCGCTCCTTCGAC-1	VWF	5
M	TTGTTCAAGTTCAGGG-1	NCAM1	2
M	TTGGTCCAGACCTATC-1	EPCAM	1
M	TATGTGGAGTAACTCC-1	NCAM1	1
M	CCTTGCAAGCCGCAAA-1	ITK	1
M	CCTTGGTTCAGTGGTT-1	TXK	2
M	CCACGTTTCCATGTTT-1	MERTK	1
M	GGTAGGAGTGCACTTA-1	GNLY	1
M	CTAGCGGAGGGTAATT-1	KIR2DL4	2
M	AGCCTGGTCGCATACA-1	MRC1	3
M	GTGTCCTTCATTGCCC-1	BANK1	5
M	TTGAGTGCACACTAGT-1	NCR1	1
M	ACCGGGTAGTCCGTGC-1	SKAP1	4
M	AGGCGTCGTTAAGTCC-1	IRF8	5
M	TCGGGACCAATGGTAA-1	CDH1	1
M	GCACGGTAGGATGTAT-1	FLT3	1
M	TGATTTCCAAGGGTAC-1	KLRD1	1
M	TACAGCACATGGGACA-1	CD3E	1
M	CAGTGCGAGATTGACA-1	NCAM1	4
M	ATCCTCGGTTTCTACT-1	NCAM1	4
M	GCTTTCGTCACAGGGA-1	ZBTB46	1
M	ACTTTCATCTCCAACC-1	IRF8	2
M	ACTTCCGGTGTCCAGC-1	KLRF1	1
M	AAACGAAGTACGACCC-1	CD6	4
M	CTGTATTAGATGCGAC-1	ITK	3
M	CTCACCATCCACTAGA-1	VCAN	1
M	TAATTCCGTCACTCTC-1	TXK	5
M	TTTACGTCAACGTCGC-1	GNLY	2
M	TGGTCCTGTGCCCGAT-1	SKAP1	1
M	AACCAACTCGATGTAC-1	SKAP1	1
M	GCCAGACTCACTAGGT-1	CDH1	3
M	GGATAGGGTTCTTTGT-1	CDH1	1
M	GATTAGCAGAGTTTGA-1	KLRD1	2
M	CCGAAGCCAACCTCCT-1	VWF	3
M	GCCCGAACATTGTGAC-1	CD5	1
M	TCAAGGTAGAACAGGA-1	SPI1	1
M	GCGGAAATCTACTGCC-1	SH2D1B	2
M	GTCACCTAGTCGGGAT-1	ITK	8
M	ATTACTCCACCCTTAC-1	BANK1	1
M	TAACGGTTCGTCTTAT-1	KRT8	1
M	GATGATCCACGACGAA-1	KLRD1	3
M	TACTCGCTCGGGCTCA-1	KLRD1	2
M	CTCGCTATCGCCCTTA-1	CLEC9A	1
M	GGAACTTTCGGAAAGC-1	PRF1	1
M	GCCCAGAGTTTCGACA-1	MRC1	3
M	AGTGCCGGTACGTAGG-1	FCN1	1
M	TTATGTCCATTCCCGT-1	EBF1	2
M	ACTGCAAAGTCCGGAA-1	TXK	2
M	GAGGCTCGTCAGAAGC-1	TXK	4
M	GTGCACGGTAACTCCA-1	EPCAM	1
M	TCGAGCGCAGTAACTC-1	KLRF1	1
M	GATGATCCAGGACCTC-1	PECAM1	2
M	GTGACATGTTTGCATG-1	SKAP1	2
M	ATTGTCTTCGCTCGGA-1	KLRF1	4
M	TAGGTGTTCCGTACGG-1	PRF1	1
M	CCTGGGACAATGTAAG-1	ITK	2
M	CTCTAGCTCGGAGTTT-1	EOMES	2
M	GCCAGACTCACTAGGT-1	ZBTB46	1
M	GGAGGATTCTTGCGCT-1	CD8A	1
M	ACAAGCTTCCGTTAGA-1	NKG7	1
M	TGCTTCGGTCTCTAAG-1	NKG7	1
M	GCGATTATCTCCCTTT-1	KLRF1	2
M	ACATGGTTCCAGGTCG-1	CD3E	1
M	TAACGGTTCGTCTTAT-1	NCAM1	2
M	GCACGGTAGAGTGGTC-1	NCAM1	1
M	ACATGCAAGACTCTTG-1	PAX5	1
M	TAACAGCCAAACAGTA-1	PAX5	1
M	TATGTTCTCTATACCT-1	VCAN	2
M	TGGGTGCTCGGCATAT-1	TXK	1
M	GAGCATTCACGACGAA-1	EPCAM	1
M	GTCACCTGTGAGTTGG-1	NKG7	5
M	AGCGTATCACTAGCCG-1	NKG7	1
M	CCTTGCAAGCCGCAAA-1	CD79A	1
M	TTGTTGTTCCCTACGT-1	CDH1	1
M	TCACAGAGTCCTATTT-1	KLRD1	3
M	AACCAACGTAACGGAC-1	PRF1	3
M	AGGCCCACAGGATAGC-1	PRF1	1
M	TGCTCGTCAAGGCTTT-1	SH2D1B	2
M	AACCGATAGAGAAGCA-1	ITK	6
M	GTTACGAAGCGTTGCC-1	BANK1	2
M	TTGCGGGCATGGAGGT-1	TXK	1
M	CCACAGGGTATTGTGC-1	TXK	2
M	AACATCGAGCCTATAC-1	CD8A	1
M	TTGTTGTAGTCGTGAG-1	KIR2DL4	2
M	TGATGCAAGACCAATA-1	CD79A	1
M	TGCATTTGTGGCCTCA-1	PECAM1	3
M	CCTGGGAGTAACCGAG-1	IRF8	1
M	TAGACTGAGCAATGTA-1	FLT3	3
M	TCACCACGTAGTTTGC-1	KLRD1	1
M	TGCTATTGTCCTCAGG-1	CD3E	1
M	AGGACGACAGCGCGTT-1	PRF1	4
M	AGATTCGAGTGCACAG-1	SH2D1B	1
M	AGATTCGTCATCGCCT-1	LCK	1
M	ATCGAGTCAACGGACA-1	ITK	1
M	GAATCTGTCTAAACGC-1	VCAN	1
M	TATCTGTTCTGGGCGT-1	TXK	1
M	GACCGACGTAAGTCTC-1	TXK	1
M	ACTTTCATCTCCAACC-1	EOMES	1
M	ACAGCGCTCCTTCGAC-1	CD28	1
M	TTAGGTGCAGGAGCAT-1	CD79A	2
M	ATCGAGTCACACTAGT-1	CD79A	1
M	ACTAGGTTCAGAACGG-1	FLT3	1
M	AACGAGGAGTCTCGAT-1	CD3E	2
M	TTTGCGCCAGATACAA-1	LCK	2
M	ACAAACCGTAACCATC-1	LCK	1
M	GAGGCTCGTGAGGTCA-1	PAX5	1
M	GTGTCAATCTCTTCTC-1	SFTPC	1
M	GTTGGGCTCGCCACTT-1	EBF1	1
M	AGTTACGCATAAAGTG-1	BANK1	1
M	TGTACGAGTTTGCATG-1	BANK1	1
M	TTAGGTGCAGGAGCAT-1	EOMES	4
M	TTATGTCCATTACCTT-1	MERTK	4
M	TGGCCTTGTTTGCATG-1	CD8A	1
M	GTGGATTAGTAGTCGG-1	KIR2DL4	1
M	TTGAGTGAGGTTCTCA-1	IRF8	1
M	GCACCTTCACTGTTAG-1	CDH1	1
M	CACATGAGTCAGTGCC-1	KLRD1	3
M	TGGCAATAGTTGACAA-1	THEMIS	1
M	GTGCACGGTAACTCCA-1	MERTK	3
M	CAACGTACAGAGTCGA-1	EPCAM	1
M	AAGGAGCGTGAGGTCA-1	CD79A	1
M	AACTGGTTCGTTCCGT-1	CD79A	3
M	CCTGGGAGTCATTGGT-1	IRF8	1
M	TAGTCCCCACAAGGGT-1	CD3G	1
M	CAACCAAGTCAGAAGC-1	PRF1	3
M	TGACAACAGTGTCCCG-1	SFTPC	1
M	CGTGGCAGTAAACGTA-1	EBF1	13
M	CTAGGGCAGAACCCGA-1	ITK	2
M	GGACACCCAAGAGCGT-1	ITK	2
M	AGATAGAGTTGCTTGA-1	IL7R	9
M	CTTGAAGAGGCGACTA-1	CD79A	1
M	CTTTGCGGTCATAGAA-1	NCAM1	4
M	GCCCAGAAGTCGATAA-1	SPI1	1
M	ACGTTAGAGTTACACC-1	PRF1	2
M	CGCAGGTTCTGAACGT-1	THEMIS	2
M	GGATGAGAGGTACATA-1	CSF1R	1
M	CAACGGCCAACAACTC-1	BANK1	1
M	AATGGAACAAAGACGC-1	BANK1	1
M	CTTCTAATCGGGATCC-1	TXK	7
M	AACAAAGTCGCCTTAC-1	COL1A1	1
M	AATGTCGTCAGCCGAC-1	IRF8	1
M	GTTGGGCCAACTCGTA-1	CDH1	1
M	TGTGACATCGGATGTT-1	CD5	1
M	TTACGTTTCGAGTGTT-1	TXK	1
M	TACTGCCCAGTAAGCG-1	ZBTB46	1
M	ATTACTCCACCCTTAC-1	SKAP1	1
M	TAGACTGCATATTGGC-1	SKAP1	1
M	ACAGGCCTCATTCTCA-1	IRF8	1
M	GTGTCCTAGAGCTGTG-1	KLRD1	5
M	TAACAGCGTGTAGGAC-1	KLRF1	1
M	ACGTGGCCAAGGTCGA-1	CD6	2
M	AAAGGATTCCAGTACA-1	CD160	2
M	TTTGGTTCAGGTCCTG-1	EOMES	1
M	TCAAGCACAGAAAGAG-1	CD28	3
M	GAGGTCCGTCAGGTGA-1	KRT8	3
M	ACGTTAGTCCATTGTT-1	CD3E	2
M	CCGTACTAGCGAGCTA-1	MRC1	1
M	CGTTCCAAGGAGTACC-1	EBF1	2
M	GCATGATTCGAGAACG-1	EBF1	1
M	AACCAACGTAACGGAC-1	CD14	1
M	CTGGCAGCATACCCGG-1	MERTK	1
M	TAATTCCTCCCAATAG-1	CD79A	1
M	GTTACGAGTGCGTCCA-1	IRF8	1
M	GCCCGAAAGACCATAA-1	CD3D	2
M	TTACCGCCACTAGGAG-1	NCAM1	3
M	TAGCCCTTCGGATAGG-1	THEMIS	5
M	TCAGGTACACAAACAA-1	ITK	1
M	GCAGCCAGTTTCAGCA-1	CSF1R	2
M	CGAGTTATCAGCACTA-1	ZBTB46	2
M	GCCATAACAGCGTCGT-1	CD28	1
M	TCGAGCGGTGATGCTT-1	MERTK	1
M	TGGCAATTCGTCTAGA-1	NKG7	3
M	ACGTGGCCAAGGTCGA-1	KLRF1	5
M	GATCATGGTATCTCAG-1	VWF	2
M	TAAGTGCCACAGTTAC-1	NCAM1	1
M	CTTAATCGTCCCGAGT-1	THEMIS	1
M	GTCACGGGTAAACGAT-1	ITK	1
M	TTATGTCCATTACCTT-1	FLT3	1
M	TTGAGTGCACCACGAC-1	KLRD1	1
M	GGGACCTAGTTGGAAT-1	PRF1	2
M	TACGCAACATGGCCGT-1	SH2D1B	1
M	CACAGATCATGATCGT-1	THEMIS	4
M	TACCTATGTATATGGA-1	EBF1	2
M	GTAGTACTCCTCAAGA-1	NCR1	3
M	TATGTGGCACCGTCTT-1	KIR2DL4	1
M	CCAGAATGTGCAAAGC-1	CD79A	1
M	GTCACCTAGAAATTCG-1	ITGAM	1
M	CCTGGGACACTAGCCG-1	NCAM1	6
M	CGCAGGTGTAGATGAT-1	NCAM1	1
M	CTGGGACCACTGTTAG-1	CD160	1
M	CTAGGGCAGAACCCGA-1	CD79A	1
M	TGTGGCGCACATTCTT-1	PECAM1	2
M	AGGCCTGAGTCAGGAC-1	PECAM1	1
M	CAGCCTTAGAACCATA-1	NCAM1	1
M	GTCACCTAGTAACTCC-1	MRC1	3
M	TGGCAATGTTCATTTC-1	SH2D1B	1
M	CCAGAATGTGCAAAGC-1	THEMIS	3
M	GTCACTCAGAGCGAAA-1	EBF1	1
M	ACTGTCCTCCTCATTA-1	ITK	5
M	CGCTGGACAACTACTG-1	TXK	2
M	AACAAAGAGAGCCACA-1	ZBTB46	1
M	GTAGTACTCGTGCTGG-1	PECAM1	1
M	AGTTACGGTTCTTTCA-1	VWF	1
M	TCAGTCCTCAGTCACA-1	SH2D1B	1
M	AGTGCCGGTACGTAGG-1	PAX5	1
M	TAACAGCAGGGTCCCT-1	THEMIS	4
M	GCTTAAGTCTTGTCAT-1	ITK	3
M	GACCAATAGACAACGC-1	IL7R	3
M	GAAGTCTAGTTATGAG-1	GNLY	4
M	GTGACATGTGCACATT-1	KIR2DL4	1
M	TTGAGTGAGTACGCGA-1	CLEC9A	1
M	GCTTAAGAGGTCTTTG-1	CD6	1
M	CAGTGCGTCGGCTATA-1	EBF1	1
M	GAACCTAAGCGCACAA-1	EOMES	2
M	GGTACCGAGAGCGGTT-1	IRF8	6
M	GCATTCCCAAAGGAAG-1	KLRD1	2
M	TCAGGTAGTAAGTGCG-1	KLRD1	15
M	GCTTAAGGTTACACTG-1	VWF	2
M	CCTGGGACAATGTAAG-1	THEMIS	1
M	AGCTATGCAAGGATGC-1	IL7R	1
M	CGCTATCCACGACGAA-1	BANK1	5
M	CGATGATTCCTCAAGA-1	BANK1	6
M	AGCCTCTAGAGGTACC-1	ZBTB46	1
M	TCAGTCCTCTTCCGTG-1	MERTK	2
M	GAACCTATCTTACTCA-1	ITGAM	1
M	TAGGTGTCAGTGGTCC-1	KLRD1	6
M	AGATTCGTCATCGCCT-1	KLRF1	1
M	GAGAACGCAGCAACAG-1	CD4	1
M	GCGTAGCTCACGTGTA-1	CD4	2
M	TCGTTCGCAGTCCTGG-1	NCAM1	4
M	GCGGGTTTCCATGTTT-1	CD5	1
M	GCAAAGGAGCAATGTA-1	ITK	3
M	AGTTACGGTGGACCAA-1	BANK1	4
M	CAAAGCTGTCATAGAA-1	TXK	3
M	CTAGGATCAAGATGCG-1	TXK	3
M	TCTAGTTAGCTACGCC-1	TXK	1
M	CATGCCTAGGGAGTTC-1	GNLY	1
M	GAAAGTAAGATGGCAC-1	NCR1	3
M	CTTTGCGGTCATAGAA-1	PECAM1	2
M	GCTTGCTCAAGTCCTA-1	VWF	1
M	AGACAAAGTACCCACG-1	PAX5	1
M	ATCCTCGCATTACACG-1	BANK1	7
M	CAAGCTAAGGCAGTAC-1	BANK1	2
M	ATGGATCGTGTCCCAG-1	PECAM1	1
M	AGTGCGCCACAATAAG-1	PRF1	1
M	GCCTAGGTCCATGACA-1	LCK	2
M	TGTACAGCACCGAATT-1	PAX5	1
M	GATTAGCCAATTCAGC-1	EBF1	1
M	AAGATAGAGGCGACTA-1	EBF1	1
M	CCAGATACACAGATGG-1	CD8A	1
M	TTAGGTGTCGCAAGCC-1	CD79A	1
M	TGGCAATGTAGGGTCA-1	NCAM1	3
M	TGGGTGCCATCGTGAT-1	CD6	1
M	AATGGAACAATTCTCT-1	PRF1	1
M	TCCATCGCACATTGCA-1	CD160	1
M	TGGCAATGTAGGGTCA-1	TXK	1
M	AACGAGGAGTCTCGAT-1	CD8A	3
M	CTTGCTGTCTGTGTGA-1	NCR1	1
M	CGCTGGATCTGACATG-1	NKG7	1
M	TGCTTTATCTCGCGGA-1	PECAM1	1
M	ACATGCAGTATTTGCG-1	CDH1	1
M	AACGGGACATCCGTGG-1	VWF	1
M	TAGGTGTGTGACGCAA-1	CD3G	1
M	GCGGGTTTCGGATCGC-1	PRF1	1
M	ACCATCCAGAAAGGGT-1	MRC1	1
M	GCAGATTAGCTCGGCT-1	MRC1	1
M	TAGGTCACATGGCCCA-1	CD160	1
M	GCAGCTGTCACAACAC-1	ZBTB46	2
M	AAGATAGCAGTAACTC-1	CD28	1
M	AGCTGTACATGTAGAA-1	NCR1	1
M	TGCACCTAGACTCTTG-1	NKG7	2
M	CGTACAAGTTGTATCG-1	IRF8	1
M	GCCTACTGTCGTAGTT-1	KLRF1	2
M	TCACAGACACTGATAC-1	PAX5	1
M	ATCCTCGCATTACACG-1	MERTK	2
M	CAAGAAAAGGTACTCT-1	CD8A	3
M	TGTACAGCACCACGAC-1	IRF8	4
M	CAGCTGGGTCGCTAGC-1	ITGAM	1
M	TCAGTTTAGCTGAGGT-1	CLEC9A	2
M	AAGGAGCCAGCGTAGA-1	CD160	1
M	ACCCAAAAGCGGACAT-1	NKG7	2
M	TCCCACACACAAACAA-1	PECAM1	1
M	CAAAGCTAGTTCAGGG-1	LYZ	1
M	GCAGATTGTCTGTGTA-1	LCK	1
M	GACCAATGTCATCGTA-1	CSF1R	2
M	AGTTTGGGTGGACAGT-1	CD14	1
M	TCACTCGTCAGAGTGG-1	BANK1	1
M	ACCATCCAGATGTTCC-1	BANK1	1
M	TCAAAGCGTATTTGCG-1	NCR1	2
M	CCCTGATTCTCTGACC-1	CD79A	1
M	GCCAGCAGTAACGTAA-1	COL1A1	1
M	TAGACTGCACTTTGGA-1	SKAP1	1
M	TTCGCGTTCTTCCGTG-1	ITGAM	1
M	TGGCAATTCGTCTAGA-1	KLRD1	8
M	GACCGACGTAAGTCTC-1	LCK	1
M	TTCTGTACACTCCCAT-1	VCAN	1
M	TCTCTGGAGTCGCCTG-1	MERTK	1
M	GCTCCTACAGAGCCAA-1	KLRD1	1
M	CGAGTTAGTACTTCAG-1	CD4	1
M	CTTGCTGGTGTTGGTT-1	CD160	1
M	TACCTATGTATATGGA-1	LCK	2
M	GAACCTATCTTACTCA-1	ZBTB46	1
M	TGCTCACTCTTGTGCC-1	MERTK	1
M	GTTGGGCAGGCTCCTG-1	KLRC1	1
M	GGTGTCGCAACTTGGT-1	KLRD1	3
M	GACCCAGGTGCACATT-1	CD3D	1
M	TGCTCACTCTTGTGCC-1	VCAN	1
M	AAAGGGCCATTTCACT-1	IL7R	3
M	TTCGGTCTCACTTACT-1	BANK1	3
M	ACGGATTTCGTTACAG-1	BANK1	2
M	TTCATCAGTTGTATCG-1	TXK	1
M	GCGTTGGAGCTATCGT-1	CD28	1
M	AACGTACCAAGAGATT-1	NKG7	1
M	AACCGATAGAGAAGCA-1	PECAM1	1
M	GGTACCGAGAGCGGTT-1	CD79B	1
M	GGTCATACATTACTCT-1	SKAP1	3
M	TGCTCACGTAACAATG-1	SKAP1	1
M	CTAGCGGAGGGTAATT-1	NCAM1	3
M	GTGGATTAGTAGTCGG-1	CD6	1
M	TCAAGGTTCACAACAC-1	PRF1	2
M	TGCCTGTAGGTCTTTG-1	ITK	5
M	TCAGCTCGTGAGGGTT-1	ITK	7
M	TCACAAGGTCTGCACG-1	IL7R	7
M	GGAACCCGTCCGAGCT-1	EOMES	1
M	TGGTCCTAGTGTCACT-1	CD28	2
M	GCTTGCTAGGAAGAAC-1	SKAP1	2
M	GTCACTCAGTCTTAGC-1	KLRD1	2
M	GTGTCAATCCGGCTGA-1	CD3E	2
M	ACGTGGCTCGAAGCCC-1	MRC1	1
M	CCTTAATAGGTTAGTA-1	MRC1	1
M	TGCTTCGGTCTCTAAG-1	ITK	2
M	GCGGTGTGTAGTGATA-1	BANK1	3
M	GTACTTTCAAGATGCG-1	CD3E	1
M	GCCCGAATCCCGCAAG-1	SPI1	1
M	CCTAAAGAGTAATCAG-1	MRC1	2
M	GACTAGTGTTACGCTA-1	MRC1	1
M	TGAGTCAAGGCGCTTC-1	CD160	1
M	GATCATGGTATCTCAG-1	PAX5	3
M	CAACGTAAGGGCGAAG-1	ITK	3
M	GAAACAAGTTCCCAAA-1	CSF1R	1
M	GGAACTTGTCTAACCA-1	DCN	1
M	CCCACATTCTGTGTGA-1	CD5	1
M	CATGCCTGTCCGAGCT-1	THEMIS	1
M	GGATGAGCAAGTGGCA-1	EBF1	1
M	AAAGGGCCAACTCGAT-1	ITK	2
M	GCTGAGCGTGCAAGCA-1	ITK	6
M	AGATTCGTCTTCCGTG-1	EPCAM	1
M	GTTACTTTCATGAACC-1	SH2D1B	1
M	GTCACCTAGAAATTCG-1	CD160	2
M	AGGCGTCTCGATTACG-1	LCK	1
M	TAACAGCAGGGTCCCT-1	PAX5	3
M	GCGTTGGTCGGCATAT-1	VCAN	2
M	TAGCCGGAGTGTCACT-1	CD68	1
M	CTAGGATTCTCTGTTA-1	KRT18	1
M	ACTAACGAGACCCTAT-1	KLRF1	1
M	TCCATCGAGGGAGTTC-1	CD6	1
M	GAAAGTACAAGACTAA-1	PRF1	1
M	GTTACGAAGCGTTGCC-1	ITK	5
M	CAGTGCGCACGATATC-1	EOMES	1
M	CGTACAACAATCAGGG-1	ITGAM	2
M	GACCAATGTCATCGTA-1	ITGAM	1
M	GCCTAGGCACCCTTTG-1	KLRD1	2
M	CTCCCAAAGAAGCCGT-1	KLRF1	2
M	AGTGCCGAGTCGACCC-1	CD160	1
M	ATGTCGAAGAGCCACA-1	BANK1	2
M	GATTAGCGTTGCAGAG-1	COL1A1	1
M	TCAGTCCAGGGAAGCG-1	COL1A1	1
M	ACGTGGCAGCTGAGGT-1	KLRF1	3
M	ACATGGTAGTCAGCCC-1	NCAM1	2
M	CGCTATCCAACATAAG-1	NCAM1	1
M	ACCCAAAAGCTGAATA-1	ITK	4
M	TACAGCACACTAGGAG-1	ZBTB46	1
M	GTGTCCTTCATTGCCC-1	KIR2DL4	3
M	ATTGTCTGTCTAACCA-1	KLRD1	6
M	ATTTGTCGTGATGCTT-1	KLRD1	4
M	GTTACGAGTGCGTCCA-1	CD3D	1
M	TACTAGGTCTTACTCA-1	CD3D	1
M	GGAGGATCAAGCGTCC-1	COL1A1	1
M	CAAGAAATCGATAGCT-1	SKAP1	1
M	TTTGAGGTCAATGCAC-1	KLRD1	1
M	AGCGATTGTAACGGCA-1	CD3D	1
M	AATGCCATCTTTGCAT-1	EBF1	1
M	GCATTGAAGACTTCCA-1	MARCO	1
M	CGATGATTCCTCAAGA-1	CD79A	2
M	CATTCATAGTGGTGTG-1	SKAP1	1
M	CTGGCAGGTCATCGTA-1	KLRF1	1
M	TATGTGGAGTAACTCC-1	PRF1	1
M	GAGGATGAGGCCTCGT-1	IL7R	2
M	ACTCGGGGTATTCGCA-1	MERTK	1
M	TCTAGTTTCAGTGTAC-1	CD79A	1
M	AGCTGGCAGTATAGTG-1	PECAM1	2
M	TGTAGCATCCGCTCTA-1	ITGAM	1
M	CTGGGACCAACAAACA-1	KLRD1	1
M	CGCAATACAGGCTACC-1	PAX5	1
M	GAACGTTTCTCCTTAA-1	ITK	7
M	GTCACTCAGAAATGGG-1	BANK1	1
M	ACCCAAAGTTAGAGAT-1	TXK	3
M	AACGTACGTCAACTAC-1	DCN	1
M	ATCGAGTCACACTAGT-1	KLRD1	2
M	CAAAGCTAGTTCAGGG-1	VWF	4
M	ACTCGGGAGAGGTGGG-1	NCAM1	3
M	GACCGACGTAAGTCTC-1	PAX5	1
M	ATTGTGGCATCCATAG-1	THEMIS	3
M	TGGCAATTCGTCTAGA-1	THEMIS	1
M	TTCGGTCCAAGGAAGA-1	EBF1	1
M	CCGAAGCCAACCTCCT-1	TXK	1
M	TTACCCGTCAGAACGG-1	ZBTB46	1
M	TGTGGCGCAGTCCTGG-1	IRF8	3
M	TTCATTGAGACTAATG-1	LYZ	1
M	CGTAAACGTTCCGGCA-1	KLRD1	4
M	TGTAGCAAGTCCCGCA-1	KLRD1	2
M	GTAATCGTCCTTCGAC-1	KLRF1	3
M	GCGGAAATCTCGCGTT-1	CD6	2
M	TCCGACTAGTGCTCGC-1	MRC1	1
M	GGCGTTGAGTTGACAA-1	THEMIS	2
M	TTCGGTCAGTTCGTTG-1	NKG7	1
M	ATTGTCTTCGGCATAT-1	NKG7	1
M	GAGGATGAGGCCTCGT-1	PECAM1	1
M	GAGCATTTCAGGAATA-1	KLRD1	3
M	CTTTGCGGTCATAGAA-1	CD6	1
M	TCGGGACCAATGGTAA-1	MRC1	7
M	CGCTGGAAGATGAGGA-1	SH2D1B	1
M	AACAAAGAGCCTGTAT-1	FCN1	1
M	TGGCAATTCGTCTAGA-1	ITK	3
M	ATTGTCTTCGGCATAT-1	CD79A	3
M	GTCTACCCAGGCACAA-1	KRT8	2
M	GGAACCCGTCCGGTAC-1	ITK	2
M	GAATCTGTCGAGTGTT-1	GNLY	2
M	GGTGTCGAGGGTTCTT-1	NCR1	1
M	CCATACCGTGGCATAG-1	NKG7	2
M	TTCAACTCAACTCGAT-1	CD3G	1
M	TTACCCGCACTAGGAG-1	THEMIS	4
M	GCCCGAAAGACCATAA-1	ITK	1
M	GATCGTAGTCTTAGCA-1	ITK	4
M	ACTAACGTCGAACACT-1	CD79A	2
M	ATTACTCCACTTGCGG-1	CD79A	1
M	ACCGGGTGTCAAGACG-1	IRF8	1
M	GACCAATAGCACACCC-1	KLRF1	1
M	GTGGCGTGTTCTGAGT-1	PAX5	1
M	TCGCCTATCCTTCGAC-1	CSF1R	1
M	TTTGTGTGTTTGTCTT-1	CSF1R	1
M	GTCACCTGTAACATAG-1	VCAN	1
M	ATCCAGAAGATACCAA-1	VCAN	1
M	GGCACGTGTGGTAGAC-1	TXK	2
M	GAACGTTGTACCCATA-1	NCR1	3
M	CCACGTTTCCATGTTT-1	NKG7	2
M	TAAGCCATCCGCGATG-1	CD79B	1
M	TTGTTCAGTTCCGCGA-1	CDH1	4
M	CAAAGCTCACGCCGAT-1	NCAM1	1
M	AGCGATTGTAACGGCA-1	PRF1	4
M	CGCTGGAAGGCGTCCT-1	FCN1	2
M	ATTACTCGTGGACTGA-1	ITK	3
M	CACAACACAAACGACG-1	BANK1	3
M	GACCCAGGTGCACATT-1	CD79A	1
M	CCTTAATGTTTAGGAA-1	CD79B	1
M	TATGTTCTCTATACCT-1	FLT3	4
M	GGTGCTGCAAGGGTAC-1	BANK1	1
M	GATCGTAGTCCACCAG-1	BANK1	2
M	CCACGTTGTCGAGGAT-1	NCR1	1
M	CGCTGGAAGGCGTCCT-1	CD79B	1
M	GTGTCAATCCGGCTGA-1	NCAM1	4
M	GCAGCTGAGATTAGAC-1	NCR1	3
M	ACATGCATCTGTTTAC-1	FLT3	1
M	CCTTAATCAAAGGCCA-1	NCAM1	3
M	GTTATTCAGAGTTCGG-1	CD6	1
M	CTTGAAGTCTCGCGTT-1	CD6	3
M	GGTTGCGGTGGTCGAA-1	CD6	2
M	TAAACCGTCGTTCAGA-1	MRC1	1
M	GTTATTCAGGATTTGA-1	LCK	3
M	GGCGTTGAGTTACCAC-1	ZBTB46	1
M	CCTTGCACAGGTCCTG-1	GNLY	2
M	CGGTGCAAGTACAACA-1	NCR1	1
M	TAAGCCATCCGCGATG-1	PECAM1	2
M	GCGTTGGAGCTATCGT-1	FLT3	1
M	GGAACCCGTATCTAGC-1	PRF1	2
M	AACCAACTCGGTCAGC-1	LCK	1
M	TTGACGATCACCGCGA-1	THEMIS	2
M	TGTAGCATCCGCTCTA-1	THEMIS	1
M	TTAACGGCAGTTACAC-1	EOMES	1
M	TGAGTCACAGGATAGC-1	MARCO	1
M	CTCAACCGTCTGGTTA-1	CD8A	1
M	GGTGCTGGTTCCATCC-1	GNLY	1
M	TAGACTGAGCAATGTA-1	PECAM1	1
M	TCACTCGCACTGAAGG-1	ITGAM	3
M	AGCTATGTCCATGACA-1	KRT8	1
M	TTCAACTAGACTAGGC-1	THEMIS	1
M	ACCTGCTTCCAACGCG-1	BANK1	5
M	GTCGTAAAGGCTCCTG-1	EPCAM	1
M	GTAGTACTCCTCAAGA-1	KIR2DL4	3
M	GTGACATCAATGGCTT-1	NKG7	1
M	CTTAATCCAACGCAAG-1	PECAM1	3
M	ACTACCCCAAACGACG-1	PECAM1	1
M	AGCGTGCGTTTCTCTA-1	ITGAM	1
M	GAGGCTCAGAACGACC-1	VWF	1
M	GCTCAGGCACCACAGC-1	CD6	1
M	GCATTGATCGATAGGG-1	CD160	1
M	GCTCCTATCGTCGCAG-1	LCK	2
M	ATCCTCGTCCGTTAGA-1	PAX5	1
M	TCACAGACACCACGAC-1	IL7R	1
M	CTCGCTAGTTGTGACT-1	BANK1	1
M	ATGTCGAAGAGCCACA-1	CD28	1
M	GGAGAACAGACCATAA-1	KLRD1	3
M	GACCAATAGTGCTCGC-1	KLRD1	1
M	AGATTCGTCTTCCGTG-1	CD3E	1
M	TTACCGCAGCACACCC-1	PAX5	2
M	GGATGAGAGGTGTTGG-1	CD79A	4
M	ACAAGCTCAAATGCTC-1	IRF8	1
M	TAGTCCCCACAGTAGG-1	IRF8	3
M	GGGACCTAGCTGATTC-1	ITGAM	1
M	GAGTGAGCATTCCCGT-1	KLRD1	1
M	ACAAGCTTCCGTTAGA-1	CD3D	1
M	ATTTGTCGTGCACTTA-1	CD6	1
M	CTGGGACCACTGTTAG-1	LCK	6
M	AAACGAAAGTTCGTTG-1	TXK	3
M	AATGGAACAATTCTCT-1	CD8A	3
M	GTGCACGAGACGACTG-1	NKG7	1
M	CGTTCCAAGGAGTACC-1	SKAP1	1
M	ATCCTCGTCTAGCTGA-1	KRT18	1
M	GTGCTGGAGAGCTGTG-1	VWF	1
M	GTCACGGTCTCCCTTT-1	CD3E	1
M	CAACGGCAGTGTCGGA-1	PRF1	1
M	TAGGTGTGTGACGCAA-1	PAX5	2
M	TCAGGTAAGCTTACCA-1	THEMIS	2
M	TAAACCGCACTACACA-1	EBF1	1
M	CTTAATCAGAAATGGG-1	ITK	4
M	CGCTATCGTCATAGCT-1	BANK1	6
M	CCCTCTCAGCCCATTA-1	SKAP1	3
M	TAGCACATCTGCTACC-1	SKAP1	1
M	GTGCTGGAGAGCTGTG-1	NCAM1	2
M	TTGAGTGAGTTGCCGC-1	PRF1	2
M	GATGGCCCATCAGAAA-1	CD160	1
M	ATTACCTGTAATGTGA-1	LCK	2
M	TGGAAGGAGTGAAGGA-1	BANK1	3
M	GGATGAGAGGTACATA-1	KIR2DL4	1
M	TTTACGTCAACGTCGC-1	SKAP1	3
M	TCCCACAGTACAAATG-1	SKAP1	1
M	ACCCAAAAGCTGAATA-1	CD68	1
M	CACAACACATCGACCG-1	ITGAM	1
M	ACCAAACTCAGGGTTT-1	KRT8	1
M	GCCAGCATCCCGCAAG-1	NCAM1	5
M	TACTGCCCAGTAAGCG-1	NCAM1	1
M	GCTTTCGTCACAGGGA-1	PRF1	1
M	CGCAATACAGACTAAA-1	PAX5	1
M	GACCTTCCATCAGCTA-1	EBF1	4
M	GTCACCTAGGTCTTGT-1	ITK	7
M	GGGACCTTCAGGAATA-1	TXK	2
M	TTGCCCATCTCTGAGA-1	IRF8	1
M	ACGTGGCAGGCGCTTC-1	FLT3	1
M	GTCACAAGTAGTCTGT-1	PRF1	4
M	TCAGGTATCACCCTTG-1	PRF1	5
M	TGGCCTTAGCCCATTA-1	ITK	3
M	GACCCAGGTTGAATAG-1	ZBTB46	4
M	AAAGATGTCCAGTACA-1	SKAP1	1
M	CCTTAATGTTTAGGAA-1	IRF8	1
M	TAATCGGTCGCACCGA-1	KLRD1	1
M	TCGATTTTCTGACATG-1	NCAM1	3
M	CTTGCCATCGCGTGAC-1	MRC1	1
M	ATCCAGACACCTGAAT-1	LCK	4
M	ACTACGAGTAGTATCC-1	GNLY	2
M	GCTTAAGAGGTCTTTG-1	KLRD1	7
M	CTCAACCCACAGGAAC-1	PRF1	3
M	TGGTCCTAGTGAGCAC-1	BANK1	3
M	ACCGAATTCTGACATG-1	BANK1	1
M	GAGCATTCAGTTAAAG-1	IRF8	1
M	TGGCAATCATACTGCA-1	IRF8	1
M	GTAGGAGCAAACTACC-1	PRF1	4
M	CTAGGATAGGGTGTTG-1	LCK	1
M	GAGCATTTCAGGAATA-1	EBF1	1
M	TCACAAGCAAGTTGCT-1	ZBTB46	1
M	CCTGGGACAATGTAAG-1	NKG7	1
M	GAGAACGCAGCAACAG-1	CD79A	1
M	GGCGTTGAGAGCCACA-1	SKAP1	2
M	TAGCTTTGTTGGTAAA-1	PRF1	1
M	TACTAGGCACTGCTTC-1	PAX5	3
M	GGGTTATTCCACACCT-1	THEMIS	1
M	CTTAATCGTCCCGAGT-1	EBF1	1
M	GCGCATGGTTGGACGA-1	ITK	2
M	CTCTAGCTCGGAGTTT-1	NKG7	1
M	TTTGCGCCAAGACTAA-1	IRF8	1
M	CACTAAGGTTTGCATG-1	KLRD1	2
M	CATGTTTTCAGGAATA-1	CD6	1
M	TTACCGCAGCACACCC-1	GNLY	1
M	TGATGCAAGACCAATA-1	VWF	1
M	AGTCAACTCCGGAAAG-1	NCAM1	2
M	TAATCGGCAATAGCGG-1	SPI1	1
M	GGATGAGGTGCCCGAT-1	EBF1	2
M	CCGTACTGTCCAGACC-1	ITK	11
M	GAAGTCTCATCGCTAA-1	TXK	2
M	CCCTAACGTCAAATCC-1	GNLY	1
M	TAATTCCAGAACCATA-1	CD79B	1
M	TACGCAACATGGCCGT-1	SKAP1	2
M	AGCCCGAAGGTTCTCA-1	SKAP1	2
M	GCTTGCTAGGAAGAAC-1	CDH1	1
M	TTAACGGCAGTTACAC-1	CD4	1
M	CACAGATAGTCGAGCA-1	MRC1	1
M	TCTAGTTAGCTACGCC-1	LCK	1
M	TAGCACATCTGAGTCA-1	EBF1	1
M	AAGATAGAGGCGACTA-1	CD79A	3
M	GCCATAACAGCGTCGT-1	CD79B	1
M	CTTTGCGGTATCACAC-1	IRF8	2
M	ACAATCGCAGTAAGCG-1	ITGAM	1
M	GAACTTGGTCTGTCCT-1	KLRD1	2
M	GGACACCTCTAAACGC-1	KLRF1	1
M	GTTGGGCAGGCTCCTG-1	KLRF1	4
M	GCGCATGGTGAGAGTC-1	MRC1	1
M	TAGCATGGTGTCCCAG-1	CD160	1
M	GAGGCTCGTCAGAAGC-1	LCK	1
M	TTGCACCCAGGGTAAC-1	PAX5	2
M	ATCCTGCTCCCGTATC-1	EBF1	1
M	GCTTGCTCAAGTCCTA-1	VCAN	1
M	ACGGATTAGGATTAAC-1	BANK1	1
M	GTTACGAAGCGTTGCC-1	PECAM1	4
M	TAGCCCTGTCACAGGA-1	KLRD1	1
M	CTGTATTAGATGCGAC-1	KLRF1	1
M	CCTTGCAAGGCTCCTG-1	CD3E	1
M	CTCTCAGAGTTGTCCA-1	NCAM1	1
M	GTTATGGGTAAACGTA-1	CD160	2
M	AGCGTGCAGACAGTGC-1	EBF1	1
M	CTAACTTAGGAAACTT-1	TXK	1
M	TTGCTATAGACACAAT-1	EOMES	3
M	TAAGCCATCCGCGATG-1	FLT3	1
M	GTGCTGGAGATCACCT-1	KLRD1	4
M	GAGGATGAGGCCTCGT-1	MRC1	2
M	ATGTCGAAGAGCCACA-1	LCK	4
M	TTCGATTCATCGACGC-1	PAX5	1
M	GTCCATCTCGATAGTC-1	EBF1	1
M	AGTGCCGAGGCTCAGA-1	TXK	1
M	CCGCATTAGACCCATT-1	EOMES	6
M	TTACCCGAGATCCGAG-1	GNLY	2
M	GTAGACTCAATTGTGC-1	NCR1	1
M	CTAGCGGAGGGTAATT-1	DCN	1
M	CCCTGATAGATACCAA-1	KLRD1	5
M	CCTTAATGTTGAAGCG-1	KLRF1	1
M	CACTGAACAACAAACA-1	KLRF1	1
M	GAGGCTCGTTCTGAAC-1	VWF	2
M	CCTGCTACAAATGTCC-1	CD3E	1
M	TAGGTCACATCCGTAA-1	MRC1	1
M	TGTGACAAGTTGAATG-1	LCK	1
M	CTAGCGGAGGGTAATT-1	ITK	6
M	TGTAGCAAGTCCCGCA-1	CSF1R	1
M	TTGCCCAGTACTATGC-1	TXK	1
M	CAGCCTTGTCACTCTC-1	EOMES	1
M	CCGCATTAGACCCATT-1	EPCAM	3
M	CATAACGGTGAGTTGG-1	CD79A	2
M	CTCTCGAAGACCATAA-1	PECAM1	1
M	GAGCATTTCAGGAATA-1	NCAM1	3
M	GGTGCTGCAAGGGTAC-1	SPI1	1
M	CTCAGCTGTCCAACCG-1	EBF1	1
M	TAGTCCCCAATTCGTG-1	ITK	1
M	AACCGATGTGCGTTTA-1	ITK	2
M	CCGTAGGAGGCGACTA-1	CSF1R	1
M	ACGTTAGGTAGCGAGT-1	BANK1	3
M	TTCAACTGTTCTACGA-1	CD28	1
M	GCGATCGCAGGCACAA-1	CD79A	2
M	CGCACAGCATCGGCCA-1	SKAP1	6
M	CCAATGACAGGTGGTA-1	KLRD1	5
M	GGAACCCGTATCTAGC-1	KLRD1	3
M	GCGTAGCTCACGTGTA-1	CLEC9A	1
M	CACAGATCATGATCGT-1	VWF	1
M	TACTAGGTCTTACTCA-1	PRF1	3
M	GGTCATACATAGAATG-1	MRC1	1
M	GCGGAAATCCATGTTT-1	SH2D1B	1
M	CCGTACTCATTGTTCT-1	SH2D1B	2
M	AGATTCGAGTCATACC-1	EBF1	1
M	GGAGAACGTTCGGGAA-1	CD8A	1
M	TCAGGGCGTGTACGCC-1	CD79B	1
M	CATGCCTGTTCAGTTG-1	KLRF1	1
M	AATGTCGTCAGCCGAC-1	PRF1	2
M	CCCACATAGAGCTCCC-1	LCK	1
M	CAAAGCTGTCATAGAA-1	ITK	5
M	GCAGCTGTCACAACAC-1	TXK	1
M	GAACGTTGTACCCATA-1	PECAM1	2
M	TAGCACAAGCTAGTTC-1	KRT8	1
M	ACCTGCTTCACTAGGT-1	NCAM1	3
M	CGTTCCAGTTATCGAC-1	CD5	2
M	ACCGAATTCCGCTATC-1	MRC1	1
M	AGGCGTCTCCTTTGCG-1	LCK	1
M	ATCGAGTCAACGGACA-1	PAX5	1
M	TCAGGTAGTATCCTTT-1	BANK1	2
M	AGCCTGGGTACGGAGT-1	TXK	1
M	GCCTAGGGTGGATTTC-1	TXK	5
M	CTGTATTAGTGATTAG-1	IRF8	1
M	AGCGTGCTCTTCTTCC-1	ITGAM	1
M	CCAGATAAGAGATTAC-1	KRT8	1
M	AACGGGAAGGGACGTT-1	NCAM1	1
M	ACGGATTAGCCATGGA-1	MRC1	3
M	GCCAGACTCCGTACGG-1	LCK	2
M	GTGATCAAGGAAGGTA-1	IL7R	1
M	GGAGAACGTTCGGGAA-1	BANK1	6
M	GAACGTTTCTCCTTAA-1	TXK	2
M	TTAACGGTCTTAAGCG-1	MARCO	1
M	CCGTAGGCATAGTCCA-1	KLRD1	2
M	GCGATTATCAATTGGC-1	KLRF1	2
M	GGTGTCGAGACAACGC-1	PAX5	2
M	AACGAGGAGCAACGGT-1	BANK1	2
M	ATTTGTCAGCGTTAGG-1	NCR1	1
M	CCCACATAGTCTAGAA-1	VWF	1
M	CAGGATTTCGCTTGAA-1	CD3E	2
M	TGTTAGGTCGTGGAAG-1	MRC1	1
M	ACATGGTCATGTATCG-1	VCAN	3
M	CAGCTAACAGAAAGAG-1	VCAN	1
M	CTAGGATAGGGTGTTG-1	CD79A	1
M	TTACGTTCATGGTAAA-1	PECAM1	5
M	GGAGTAGTCCTGGGAC-1	CDH1	1
M	GCAGATTTCGATAGTC-1	KLRD1	2
M	GCCCAGACAAACTACC-1	BANK1	3
M	GAGAACGTCCTGACCT-1	TXK	1
M	ACTGTCCTCCTCATTA-1	ZBTB46	2
M	GATTAGCCAATTCAGC-1	CD8A	5
M	AACTGGTTCGTTCCGT-1	KIR2DL4	1
M	ACAAGCTTCCACTAGA-1	NKG7	1
M	AACAAAGGTAAAGCTA-1	KRT18	1
M	TCAGTCCAGGGAAGCG-1	NCAM1	5
M	TGGTCCTTCTGTTGCC-1	EBF1	1
M	ACGTTAGTCGGACGAA-1	ITK	2
M	GTCACGGCATTCACCC-1	ITK	6
M	TCGAGCGTCGGATCGC-1	IL7R	4
M	GCTTAAGTCTTGTCAT-1	ZBTB46	1
M	CCAGATAAGAGATTAC-1	CD79A	2
M	TATGTGGAGTAACTCC-1	ITGAM	4
M	GCGAGTCAGTAGACCG-1	DCN	1
M	TAGGTGTGTGACGCAA-1	MRC1	2
M	GTAGACTTCTCTCAAT-1	EBF1	1
M	GTGCACGAGACGACTG-1	EBF1	2
M	AGTGTACGTCATCGTA-1	MERTK	3
M	TCGCCTACATCGGCTG-1	CD8A	1
M	TGACAACAGTGTCCCG-1	IRF8	1
M	GCACGCATCCTGACCT-1	FLT3	1
M	ACCTGCTTCCAACGCG-1	FLT3	2
M	CCTGGGATCGTCTTAT-1	KLRD1	5
M	ACGGATTTCGATAGGG-1	KLRD1	5
M	TTGTCTATCTCCACTG-1	EBF1	2
M	GAGGCTCAGCTCCGGT-1	ITK	2
M	GGGTGTCTCTTAACGG-1	ITK	3
M	TGATGCACACATTCTT-1	TXK	1
M	TGTGGCGCAGTCCTGG-1	PECAM1	1
M	TTGTTCAGTGGCGCTT-1	SKAP1	1
M	TTGGTCCAGTCTGGGA-1	KLRD1	1
M	GAAAGTAAGGCGATTG-1	KLRF1	1
M	ATCGAGTCAACGGACA-1	PRF1	1
M	CCGTGAGGTCAGGCTC-1	SH2D1B	3
M	TAACAGCAGGGTCCCT-1	LCK	1
M	AGATTCGTCGTTTGAG-1	THEMIS	1
M	ACAATCGAGATATGTG-1	EBF1	1
M	TAATTCCTCACGATTG-1	ITK	2
M	TCAGGTAGTGCGCTCA-1	IL7R	2
M	CTTGTCGAGAGAGGTA-1	ZBTB46	1
M	GCTGAGCAGTCGAGCA-1	CD8A	2
M	CCCTCTCTCTATCTAC-1	NCR1	1
M	GCCCGAACATTGTGAC-1	CD79B	1
M	AACCAACTCGATGTAC-1	CD79B	1
M	GGTTGCGGTGGTCGAA-1	KLRD1	6
M	CAACGTAGTACCCATA-1	CD6	1
M	GTCCATCGTGAGGGTT-1	PAX5	1
M	CCATACCAGGCAGTAC-1	CD28	1
M	TTACCGCCACTAGGAG-1	CD8A	5
M	CCATACCAGGCTCCTG-1	SKAP1	1
M	AGCCAGCAGCTTACCA-1	FLT3	1
M	CCTTAATAGGTTAGTA-1	KLRC1	1
M	GGTCATAGTGGCCTTG-1	KLRD1	4
M	CCACGTTAGGCACTAG-1	NCAM1	1
M	TTAGGTGTCGCAAGCC-1	PAX5	1
M	ATTTGTCGTGATGCTT-1	THEMIS	1
M	CACCTTGGTCATCAAC-1	IL7R	2
M	TGCCTCAGTAATGCAA-1	IL7R	1
M	GAACTTGTCTCCACTG-1	EOMES	1
M	AAAGGATTCCAGTACA-1	NKG7	3
M	ATGTTTCCATGTGAGG-1	CD79A	3
M	AAGATAGAGCCAGAAC-1	IRF8	1
M	TCACAGACAAGGTCGA-1	KLRF1	3
M	GCGTAGCCAATGACTC-1	CD4	1
M	TCAATTCTCTTTATCG-1	CD5	1
M	TTCGTTAAGACTAGCG-1	PRF1	4
M	TTGTCTATCTCCACTG-1	THEMIS	2
M	ATCCTCGTCCGTTAGA-1	VCAN	1
M	GTGTCCTTCATTGCCC-1	TXK	2
M	TCAGGTACACAAACAA-1	TXK	1
M	GCATGATTCGAGAACG-1	NCR1	2
M	ATGTACGTCTGGCGCA-1	PRF1	2
M	GGTACCGAGAGCGGTT-1	LCK	2
M	CCAATGATCTTCTTCC-1	THEMIS	1
M	TGTGGCGCAGTCCTGG-1	NCR1	1
M	TTCAACTCAACTCGAT-1	CD3E	1
M	TAGTCCCTCATCGCCT-1	CD8A	1
M	TCGGGACCATGTGAGG-1	CD8A	1
M	ACCGGGTAGTCCGTGC-1	KIR2DL4	1
M	CCTGGGAGTCATTGGT-1	KLRD1	1
M	TCACCACGTAGTTTGC-1	KLRF1	1
M	GGAATCTTCCCTAAAG-1	CD6	1
M	GTCTACCCAGGCACAA-1	EBF1	1
M	GAAACAAGTTCCCAAA-1	ITGAM	1
M	CAGTGTACATTGAACC-1	KLRF1	1
M	TGAATCGCATTACACG-1	CD5	2
M	TAGCATGCAATGACTC-1	MS4A1	2
M	TCAAAGCGTATTTGCG-1	PRF1	2
M	TGTGGCGAGAAGCCGT-1	ITK	3
M	ATCCAGATCCTTGACC-1	BANK1	5
M	TCAGGGCGTCCAAGTT-1	EOMES	3
M	GCCATAACAGCGTCGT-1	NCR1	2
M	AGCCTTCTCTCCTTAA-1	PAX5	1
M	TGACTCCTCTTTGCAT-1	COL1A1	2
M	ACAGGCCGTGCCCGAT-1	KLRD1	3
M	GCTGCGAAGACAGTGC-1	CD3D	1
M	CCTTGCATCTCTGACC-1	PRF1	4
M	GTAGGAGGTCCGTGCA-1	EBF1	1
M	TACGCAAGTCAGAGTG-1	ITK	7
M	TCTCTGGAGTCGCCTG-1	KIR2DL4	1
M	ATTTGTCCACCTGAAT-1	IRF8	1
M	GTCTACCCATGGAGGT-1	VWF	3
M	TGGCAATCATACTGCA-1	CD3E	1
M	TTACGTTCATGGTAAA-1	MRC1	1
M	CTTGCCAGTGTCTACA-1	SH2D1B	2
M	TTGTTCAGTTCCGCGA-1	THEMIS	8
M	AAGGTTCAGAAGCCTG-1	EOMES	1
M	ATGGATCAGGCTGGAT-1	CD8A	2
M	TTAGGTGCAGGAGCAT-1	GNLY	3
M	AAGATAGAGCCAGAAC-1	NKG7	2
M	GAACCTATCTTACTCA-1	COL1A1	1
M	AGCTGGCAGTATAGTG-1	ITGAM	2
M	GGAACTTGTCTAACCA-1	KLRF1	1
M	TACCTATGTGCCAAGA-1	NCAM1	5
M	TTGACGATCACCGCGA-1	CD6	2
M	GCCCAGAGTGGTAGAC-1	TXK	1
M	CCCTAACCAGATTAAG-1	CD8A	1
M	TTATGTCCATATTGGC-1	CD79A	3
M	GTCACTCAGAGCGAAA-1	CD79B	1
M	GGCGTTGAGAGCCACA-1	CD4	1
M	CTTTGCGGTATCACAC-1	SH2D1B	1
M	ACCATCCTCGTTTGAG-1	CD160	3
M	ACTACGATCCACGGCA-1	EBF1	4
M	ATAGGCTAGCGATACG-1	BANK1	1
M	CAGCTAATCGCGCTGA-1	BANK1	1
M	TCGGGACCAATGGTAA-1	MERTK	5
M	ACGTGGCAGCTGAGGT-1	IRF8	3
M	CATTCCGGTACGGAGT-1	CDH1	1
M	ACTTCCGCACAGCTTA-1	KLRD1	3
M	GCAGCCAAGGGTAGTC-1	KLRF1	1
M	TACATTCAGTAACACA-1	CD3D	1
M	AAAGGATAGGATGTCG-1	PRF1	3
M	GTTGGGCAGTATCTGC-1	PRF1	1
M	GAAGTGGAGGCTAAAT-1	THEMIS	1
M	CACTGAACAACAAACA-1	THEMIS	1
M	TACTCGCCAACATAAG-1	ITK	6
M	TCTAGTTTCAGTGTAC-1	ITK	1
M	TCGGGACGTCCGTAGC-1	KIR2DL4	1
M	TTCAACTGTTCTACGA-1	CD79B	1
M	ATTACTCCACTTGCGG-1	KLRD1	4
M	AGTGTACCACGTGAAG-1	NCAM1	1
M	AATGTCGTCTCTGCAC-1	SH2D1B	3
M	ACCCAAAAGTTTACGC-1	SH2D1B	2
M	GGGAACACAGTCAGCC-1	LCK	3
M	TCGGGACGTCCGTAGC-1	CSF1R	2
M	TTGTCTATCTCCACTG-1	BANK1	2
M	GGTTGCGAGCGCATTT-1	BANK1	1
M	TGTTAGGTCGTGGAAG-1	TXK	2
M	ATGTCGAAGAATGCTA-1	KLRD1	2
M	GCCAGACGTAGGTAAT-1	CD6	1
M	GCGGAAAGTGACGCAA-1	IL7R	3
M	GCCAGACAGGTCTTGT-1	TXK	4
M	TCACCACGTAGTTTGC-1	NCR1	3
M	GGAACTTGTAACTGAA-1	COL1A1	1
M	TTAGGTGCAGGAGCAT-1	FLT3	2
M	CGCTATCGTCATAGCT-1	KLRD1	8
M	TACAGCACATAGCAGG-1	CD3E	2
M	CCGTACTTCTTAATCC-1	MRC1	2
M	TAGGAGGTCATTCATC-1	LCK	1
M	ACTACGATCCACGGCA-1	THEMIS	2
M	CGTACAACAATCAGGG-1	EBF1	10
M	TAGTCCCCACACACCG-1	ITK	3
M	CGGACCAGTCACAGTT-1	EOMES	1
M	GTAGTACCATGGCCTG-1	SKAP1	5
M	CAGTATGTCTTACGGA-1	DCN	1
M	AACAAAGAGCCTGTAT-1	PRF1	1
M	ACATGCAAGACTCTTG-1	SH2D1B	1
M	GCCATAACATAGATAG-1	SFTPC	1
M	GGTACCGAGAACAGGA-1	THEMIS	1
M	GTAGTACGTCAGCAAG-1	EBF1	1
M	CACAACACAACGTAGG-1	VCAN	1
M	TGCCTCAGTAATGCAA-1	TXK	1
M	TCGTTCGCAGTTACAC-1	ZBTB46	2
M	TTGCACCCATCCGTAA-1	CD6	1
M	GCGGAAATCTCGCGTT-1	CD1C	1
M	TTGTTGTAGTCGTGAG-1	LCK	1
M	CATGTTTAGGAGAACA-1	THEMIS	2
M	ACCGGGTAGACTAGCG-1	EBF1	1
M	TCTATTGTCTCTCAAT-1	ITK	3
M	ACAGGCCAGCGGACTA-1	BANK1	2
M	CAGTGTAGTCAACAGG-1	TXK	2
M	GCCCGAATCAGTGTGT-1	KIR2DL4	1
M	AGGCGTCGTTAAGTCC-1	SKAP1	5
M	GGGACCTAGACTTGAA-1	KLRC1	1
M	GGAACCCGTCAGAAAT-1	NCAM1	4
M	CGCACAGCAGACCTGC-1	MRC1	2
M	TTCGATTGTGCCGGTT-1	MARCO	1
M	GTAGGAGGTCCAAGTT-1	NKG7	7
M	CACATGAAGGACTTTC-1	NKG7	1
M	CGTACAACAATCAGGG-1	VWF	5
M	TTACGTTCAGCAACAG-1	PRF1	1
M	ATCCTCGTCCGTTAGA-1	LCK	2
M	TTCGATTAGTACAGAT-1	PAX5	1
M	TTCGGTCAGTTCGTTG-1	CSF1R	1
M	AAACGAAAGCGGACAT-1	CD28	5
M	ACTTCCGCACAGCTTA-1	GNLY	3
M	CCTCCCTGTTAACCGT-1	DCN	1
M	ACTAACGCAGAACTTC-1	VWF	1
M	TGACAACTCTCATATC-1	CD3G	1
M	TACGCCTAGCGAGAAA-1	NCAM1	2
M	CACATGATCGCCACTT-1	NCAM1	3
M	GTAGGAGAGCTCCATA-1	CD14	1
M	GACCAATTCCACCTAC-1	IL7R	2
M	GCTCCTAAGATATGAC-1	BANK1	1
M	TTACGGAAGGTTAACA-1	TXK	1
M	GTAATCGAGTACGCGA-1	ZBTB46	1
M	GCGGTGTTCTACTTTG-1	KLRD1	9
M	AAGATAGAGATATGTG-1	CD3G	2
M	GACCTTCAGGGCGAAG-1	SPI1	1
M	GCACCTTCACTGTTAG-1	BANK1	2
M	GATGGCCAGTGAGCAC-1	GNLY	1
M	GAAAGTAGTAAACGGC-1	SKAP1	3
M	TAGTCCCCACACACCG-1	NCAM1	5
M	ACCGAATGTTTCAGCA-1	LCK	1
M	ACGTTAGTCGGACGAA-1	THEMIS	2
M	TTACGGAGTGGAAAGA-1	EBF1	1
M	GTTACTTTCATGAACC-1	TXK	2
M	CACTGAACAACAAACA-1	MARCO	1
M	TGTAGCATCCGCTCTA-1	CD79A	2
M	ACAAAGATCCAGCACG-1	KLRF1	1
M	GGAACTTTCGGAAAGC-1	NCAM1	5
M	CGCAGGTGTAGATGAT-1	MRC1	1
M	TTACGGAAGCTCCATA-1	THEMIS	1
M	ATTTGTCCACCTGAAT-1	ITK	2
M	CAGCTAATCGCGCTGA-1	MERTK	1
M	GTCTACCTCCAGAATC-1	CD8A	3
M	ACGTTAGTCACTTACT-1	KLRD1	2
M	GCTTAAGGTTACACTG-1	EBF1	1
M	TACATTCCAAGGAGTC-1	BANK1	1
M	GAACGTTGTACCCATA-1	TXK	4
M	TCAGGTATCACCCTTG-1	GNLY	4
M	TTCGGTCCAGTAGTTC-1	PECAM1	2
M	TGAATCGCATTACACG-1	FLT3	1
M	ACCATCCTCGTTTGAG-1	KLRF1	3
M	AAACGAAGTACGACCC-1	CD5	1
M	CATGCCTAGGGAGTTC-1	PRF1	4
M	CAATCCCAGGATTTGA-1	SFTPC	1
M	GGAGTAGTCCTGGGAC-1	IRF8	2
M	GCTCACTGTGTGCTTA-1	ITGAM	1
M	CACCACTGTTCTTTCA-1	CD3D	1
M	TTGTTGTGTTAGAGAT-1	BANK1	1
M	CGTACAAAGAGGCCTA-1	CD28	1
M	TTCTGTACACTCCCAT-1	MERTK	2
M	GTTATGGGTAAACGTA-1	CD8A	2
M	GGTGTCGAGACAACGC-1	PECAM1	1
M	ACGTGGCAGACCATAA-1	IRF8	1
M	ACTTCCGCAGAATGCG-1	KLRD1	3
M	AATGCCAAGGGACGTT-1	KLRF1	1
M	AAACTGCTCTTTGCAT-1	VWF	1
M	ACGGATTCATGTGAGG-1	PRF1	1
M	AGTGCCGTCTGGCGCA-1	LCK	1
M	TTCTAACTCCCATAGA-1	LCK	1
M	CTAGCGGAGGGTAATT-1	PAX5	2
M	ATTGTGGTCAGTTGAC-1	EBF1	1
M	AGTGCGCCACAATAAG-1	EBF1	1
M	ATGTACGTCTGGCGCA-1	VCAN	1
M	GATGGCCAGTGAGCAC-1	SKAP1	2
M	GGGTGTCTCGCACAAT-1	SKAP1	1
M	GAACGTTTCTATACCT-1	CDH1	2
M	GTAGGAGGTCCAAGTT-1	ITGAM	4
M	GCTCCTATCGTCGCAG-1	KLRD1	4
M	GTCGTAAGTGCTGAAG-1	NCAM1	1
M	ATGTCGAAGAGCCACA-1	CD160	1
M	GTGGATTAGCTGAGGT-1	THEMIS	1
M	ACGGATTAGCCATGGA-1	THEMIS	1
M	AACGGGAAGGGACGTT-1	TXK	1
M	ACTGTCCGTGTCTCGG-1	ZBTB46	1
M	GAAGTCTAGTTATGAG-1	KIR2DL4	3
M	TGGACATAGTCGAGCA-1	KIR2DL4	2
M	GTCACAACAGGTCTGC-1	LCK	1
M	AAAGGATTCCAGTACA-1	CD28	1
M	ACTTTCACACACTAGT-1	MERTK	1
M	TGTGGCGCATTAGCCA-1	CD8A	3
M	TTGAGTGCACAGATGG-1	GNLY	1
M	AGCCGCACAACAACTC-1	PECAM1	1
M	GAGGATGAGGCCTCGT-1	COL1A1	1
M	CAGTATGGTACGTAGG-1	LUM	1
M	TAGTCCCAGGACTAGC-1	THEMIS	1
M	CTTTGCGGTCATAGAA-1	CD14	1
M	TCAAGACAGTCCGGAA-1	MERTK	1
M	TTACGGACAGGGCTTC-1	MERTK	1
M	GCTTTCGAGCATTCCA-1	NCAM1	1
M	GTTACTTTCAGCACTA-1	MRC1	2
M	TTCAACTCAAGCGAAC-1	CSF1R	4
M	TAACAGCAGGGTCCCT-1	CD3E	2
M	CAACGGCAGTGAACCG-1	EBF1	1
M	TTCTAACGTCAATCCA-1	ZBTB46	1
M	GCTTTCGTCGCTATTT-1	MERTK	2
M	TGGCAATTCGTCTAGA-1	CD79A	1
M	GCCCAGATCACAACAC-1	SKAP1	3
M	GGGCCATAGGGCATTG-1	NCAM1	1
M	AGCTGTACATGTAGAA-1	PRF1	2
M	GCCATAAAGAGGTACC-1	MRC1	1
M	GTTACTTTCGATCGCG-1	ITK	1
M	GAGATTCAGTTGACAA-1	ITK	1
M	TCTCAGCGTGAGTAAT-1	BANK1	7
M	GTTATGGTCCTCTCTT-1	MARCO	1
M	TAGCCGGAGACTTGAA-1	IRF8	2
M	CCCTGATTCTCTGACC-1	IRF8	1
M	GTCTACCTCCAGAATC-1	ITGAM	1
M	GAAAGTAGTAACGGTG-1	MRC1	2
M	AGCGATTCAGGGCTTC-1	CD160	1
M	AACGGGACATCCGTGG-1	EOMES	2
M	CCCTGATCAACACGGA-1	PECAM1	1
M	GACTAACGTCACCCGA-1	IRF8	1
M	ACCTGCTCAGGACCTC-1	KLRF1	2
M	ATCCTCGTCCGTTAGA-1	KLRF1	1
M	CATTCATGTATGGATA-1	CD6	2
M	CGTTCCAGTTATCGAC-1	LCK	1
M	GACCAATCAATTCTCT-1	BANK1	1
M	TGCCTGTTCGGTCTCT-1	TXK	6
M	GAGATTCCAACGTAGG-1	TXK	1
M	CTCCCAAGTTACGGAG-1	MRC1	1
M	TCGGGACGTCCGTAGC-1	CD14	3
M	TAAGCCATCCGCGATG-1	SKAP1	7
M	CTCGCTATCGCCCTTA-1	KLRD1	5
M	TTAGGTGTCGCAAGCC-1	MRC1	2
M	CATTGGATCGGTCTCT-1	THEMIS	1
M	AACAAAGAGACCGCAA-1	EBF1	1
M	AATGGAACAAGAGCGT-1	CD8A	1
M	TACAGCAGTGTGAGGT-1	NCR1	1
M	GGATAGGCAAAGCTGG-1	KLRD1	2
M	AGTCAACTCTAAGGTC-1	KLRD1	1
M	GCTGTTCCATCCCAAA-1	CD5	3
M	CGCACAGCACTTGCGG-1	CD5	1
M	CCGTGAGAGGTCTTGT-1	PRF1	2
M	TAGACTGCATATTGGC-1	MRC1	1
M	GCAGCCATCAGTAGTC-1	ITK	3
M	GCCCAGAGTTTCGACA-1	GNLY	2
M	TAGCCCTTCGGATAGG-1	PECAM1	2
M	TAGACTGAGATCTCAC-1	CD79B	1
M	CCCTAGTGTCCAAGAG-1	KLRD1	4
M	AGCCTCTAGAGGTACC-1	KLRF1	2
M	AACATCGGTATTCTTC-1	CD6	1
M	GAAGAGCGTACAAGCG-1	BANK1	3
M	GGTCATAGTGGCCTTG-1	TXK	1
M	GTGGATTAGTAGTCGG-1	MERTK	1
M	TACCTATGTGCCAAGA-1	SKAP1	3
M	CAGTGCGCACGATATC-1	IRF8	1
M	CTTCCAGAGCTTTCCC-1	DCN	1
M	GGATGAGTCACCCTTG-1	KLRD1	4
M	TCACCTGAGTAGTCGG-1	LCK	3
M	AGTGTACGTCATCGTA-1	ITK	3
M	GCCCAGATCACAACAC-1	KLRF1	1
M	TGCATGATCGCTTCAC-1	KLRF1	1
M	TGAATCGCATTACACG-1	PAX5	6
M	GTGCTGGAGAGCTGTG-1	THEMIS	4
M	GCGAGTCTCCAACAAC-1	CD14	1
M	TACGCAAGTCAGAGTG-1	BANK1	2
M	GGGCCATCAGTAACCT-1	BANK1	3
M	GCGCCAACACGCGCAT-1	TXK	2
M	CCATACCGTGGCATAG-1	KRT8	3
M	GTCTACCCAGGCACAA-1	KLRD1	5
M	CGTTCCAAGGAGTACC-1	PRF1	2
M	GAAACAAGTTCTTATC-1	PAX5	1
M	GAGAACGAGTGAACCG-1	EBF1	1
M	TTACTTGAGTCTCGAT-1	IL7R	2
M	TCGAGCGCAAGGAACC-1	NCR1	1
M	ATGGATCAGGCTGGAT-1	CD79B	2
M	GCTTGCTTCCATAACG-1	SKAP1	2
M	GGGACCTAGCTGATTC-1	VWF	4
M	ATGTACGGTCATAGCT-1	LCK	1
M	GAGACTTCAGATTGTC-1	TXK	9
M	TGCTCACTCCGGGCAT-1	SKAP1	3
M	GGTTGCGAGGCCTCTG-1	KLRD1	1
M	TACGGATTCTTCTCTC-1	PRF1	1
M	GACCTTCTCCGAATTG-1	MRC1	2
M	TAGCGGCAGATCCGAG-1	TXK	1
M	GCGCATGGTTGGACGA-1	ZBTB46	1
M	GGGACCTAGAGCACTG-1	FLT3	1
M	GGTCATAAGAAATTCG-1	DCN	1
M	ACCGCAGTCCGAGAGA-1	KLRD1	1
M	GAGCATTTCAGGAATA-1	ITK	2
M	ATTGTCTTCGGCATAT-1	TXK	3
M	CACCTTGTCGTGAACT-1	CD28	1
M	ACGTGGCCACTGGGCT-1	PECAM1	1
M	GAGGTCCAGTCCGGAA-1	SH2D1B	3
M	GGTGCTGGTATGGTTC-1	BANK1	8
M	TCACTCGAGTTCCCGG-1	MERTK	1
M	ACTACCCTCTGATCTT-1	PECAM1	1
M	GAGACTTCAGATTGTC-1	SKAP1	4
M	AACCGATGTGCGTTTA-1	ITGAM	1
M	CCTGCTACAAATGTCC-1	FLT3	1
M	AATGTCGAGCTGATTC-1	NCAM1	1
M	ATGTACGAGCTAGTTC-1	NCAM1	2
M	TTCAACTGTTCTACGA-1	PRF1	1
M	GGGCCATCATGTGAGG-1	SH2D1B	1
M	AAAGGATTCCAGTACA-1	TXK	1
M	TTCGGTCCAAGGAAGA-1	CD28	1
M	ACTACGAGTAGTATCC-1	CD8A	2
M	CGTACAATCGTTCTAT-1	ITGAM	1
M	CCTGGGACACTAGCCG-1	KLRF1	4
M	CCGCATTTCTGGCCAG-1	KLRF1	1
M	GCGAGAACAGGGTACA-1	PRF1	2
M	CAGCTAATCGCGCTGA-1	PRF1	2
M	TATGTTCTCTATACCT-1	SH2D1B	1
M	GTGGATTAGCTTACCA-1	SFTPC	2
M	GACCGACCATAAAGTG-1	EOMES	1
M	CACAACACAACGTAGG-1	CD79A	5
M	TCAGGTATCACCCTTG-1	KLRD1	6
M	TAGCCGGAGTGTCACT-1	PRF1	5
M	GAGACTTCAGATTGTC-1	SH2D1B	2
M	AGCCTGGTCGCATACA-1	TXK	2
M	TGGTCCTGTAAACGAT-1	EOMES	1
M	GGATGAGAGGTGTTGG-1	GNLY	1
M	GCAGCTGGTTTCGATG-1	NKG7	2
M	GGATGAGTCACCCTTG-1	SKAP1	4
M	GAGGCTCAGAACGTCG-1	SKAP1	3
M	AGCCGCACAACAACTC-1	KLRC1	2
M	GCGTTGGGTAGCTGTT-1	KLRD1	1
M	GTCGTAATCCGATTGA-1	THEMIS	3
M	CCCGTTACAACAACTC-1	ITK	9
M	AGACAAAAGAACCCGA-1	TXK	1
M	TGACTCCTCTTTGCAT-1	SKAP1	5
M	CCCGTTAGTTCTGAGT-1	THEMIS	1
M	CTTCTAATCCCAATAG-1	BANK1	3
M	AGCGATTGTGATAAGT-1	BANK1	5
M	CGGACTGCACGCGACT-1	MARCO	1
M	TACTCGCGTCACCCGA-1	MERTK	3
M	GTAATCGCAAATTGAG-1	EPCAM	2
M	ACTACCCCAAACGACG-1	FLT3	1
M	GGTGCTGCAAGGGTAC-1	VWF	2
M	GCGCCAAGTCACCCGA-1	PRF1	1
M	CCTGCTAGTATGCTAC-1	ITK	1
M	AACGAGGAGCAACGGT-1	ITK	2
M	TGAATCGCATTACACG-1	BANK1	6
M	ATGTACGTCCTAGAGT-1	GNLY	3
M	GCGCATGAGGGTTCTT-1	CD79A	2
M	GGGTTATCAATTCTCT-1	SKAP1	1
M	GCGAGTCTCCAACAAC-1	CLEC9A	2
M	CGCTGGAGTACGTAAA-1	NCAM1	1
M	GTACTTTCAAGATGCG-1	SH2D1B	1
M	ACGGATTGTAACTGAA-1	THEMIS	1
M	AGGCGTCTCGATTACG-1	ITK	3
M	GCTTTCGTCGCTATTT-1	VCAN	1
M	TGAGTCATCCATATCT-1	VCAN	1
M	TAAACCGGTGCGTAGA-1	TXK	1
M	CATAACGGTGAGTTGG-1	GNLY	2
M	TGCATGACACCTGAAT-1	KLRD1	1
M	CCAGATAAGAGATTAC-1	PRF1	2
M	ATCCAGAGTTTCGTTT-1	MRC1	1
M	AACAAAGAGACCGCAA-1	SH2D1B	1
M	TCGCAGGCAACGGGTA-1	LCK	2
M	CAAAGCTGTCATAGAA-1	ZBTB46	3
M	AAGATAGAGCCAGAAC-1	SKAP1	5
M	GGTGCTGCAAGGGTAC-1	ITGAM	4
M	AGCGTATTCGCTTCAC-1	KLRD1	1
M	AAATGAGGTTAGTAGA-1	ITK	2
M	GAGACTTGTTCCAGTA-1	TXK	1
M	GAAGTGGAGGCTAAAT-1	TXK	2
M	ACCTGCTTCATTCTCA-1	MARCO	1
M	GAGGCTCGTCAGAAGC-1	SKAP1	2
M	AGCGTGCAGACAGTGC-1	CDH1	1
M	AGCTGTACATGTAGAA-1	ITGAM	1
M	CTAACTTAGGAAACTT-1	PAX5	2
M	ACGTGGCGTTTCGTTT-1	IL7R	1
M	GTGCACGGTAACTCCA-1	IL7R	1
M	GGATGAGCAAGTGGCA-1	EOMES	1
M	GAGGATGCAGGCAAGT-1	EOMES	1
M	AGGCCTGAGTCAGGAC-1	MERTK	1
M	ATGTACGGTCATAGCT-1	GNLY	4
M	TGACAACAGTGTCCCG-1	GNLY	3
M	GTGGCGTGTTCTGAGT-1	PECAM1	2
M	GTCACAAAGTAGGTCG-1	KLRD1	3
M	TGTGGCGAGAAGCCGT-1	KLRD1	1
M	TCACCTGAGTTCCCGG-1	CD3E	1
M	CCACAGGTCAAATGGA-1	CD6	2
M	ATCGAGTTCCTAAGTG-1	SH2D1B	3
M	AATGTCGTCTCTGCAC-1	CD160	4
M	AGCCGCACAACAACTC-1	CD160	1
M	ATCCTCGTCCGTTAGA-1	NKG7	2
M	GTAGGAGAGCTCCATA-1	PECAM1	4
M	CTCACCATCCACTAGA-1	FLT3	1
M	CAACGTACAGAGTCGA-1	KLRD1	6
M	AATACGCGTCTCGGGT-1	KLRF1	2
M	GACCCAGGTTGAATAG-1	KIR2DL4	2
M	TAGCCCTCATTTGTTC-1	SH2D1B	2
M	ACTGCAAAGTCCGGAA-1	ITK	5
M	CCTCCCTTCGCCCTTA-1	EOMES	1
M	GCCTAGGCAAAGCATA-1	ZBTB46	1
M	TCAAAGCGTATTTGCG-1	NKG7	1
M	AGCCGCATCGTGGTAT-1	KLRD1	1
M	AATGCCACAGCGTACC-1	KLRF1	2
M	GGTACCGAGAGCGGTT-1	PRF1	3
M	TGCTATTGTCCTCAGG-1	LCK	1
M	GGAGTAGAGTCTGGGA-1	THEMIS	1
M	TAATTCCAGAACCATA-1	TXK	1
M	GAGGCTCTCTGATCTT-1	TXK	1
M	TACTAGGGTGGTGGTA-1	SKAP1	8
M	TAGGTCACATGGCCCA-1	SKAP1	1
M	CCGTACTGTCCAGACC-1	SH2D1B	4
M	GCAGCTGTCACAACAC-1	EBF1	3
M	ACTTCCGGTGTCCAGC-1	EBF1	2
M	TAATCGGCACAGATGG-1	TXK	1
M	GTCCATCAGGGTATCG-1	NCR1	1
M	TTAGGTGTCGCGATGC-1	CD79B	1
M	ACCGGGTAGTCCGTGC-1	IRF8	1
M	GTTATTCAGCTCGTTA-1	VWF	2
M	AACATCGAGTACGCGA-1	NCAM1	5
M	CTCGCTATCGCCCTTA-1	CD6	1
M	GCAGATTTCTGGCACG-1	LCK	4
M	TGGTCCTGTGCGCATC-1	PAX5	1
M	CGGTGCAAGAAGGGCG-1	THEMIS	1
M	GAGGCTCAGCTCCGGT-1	ZBTB46	1
M	GCTGAGCAGTCGAGCA-1	COL1A1	1
M	GGGACCTAGAGCACTG-1	THEMIS	1
M	TAAGCCATCCGCGATG-1	EOMES	2
M	GTAGACTAGAAGCCGT-1	EOMES	2
M	GACCTTCAGGGCGAAG-1	MARCO	2
M	TGTACAGTCAGCCGAC-1	NKG7	1
M	GCCATAACATAGATAG-1	PECAM1	2
M	GGGACCTTCATAGGTC-1	ITGAM	2
M	GCAGCCAGTTCCGCGA-1	KLRD1	1
M	GCCTAGGTCTGGCACG-1	CD6	1
M	TAGTCCCCACAGTAGG-1	ITK	13
M	GTGTCAATCTCTTCTC-1	ITK	8
M	AACTTGGTCGTCCCTA-1	ITK	7
M	CTTGCTGAGAGGCAGG-1	VCAN	1
M	GCGTAGCAGAAGCCGT-1	BANK1	1
M	AGTGCCGTCGCTTACC-1	TXK	1
M	GGATGAGCAAGTGGCA-1	CD14	1
M	GCCTACTAGAAGGGCG-1	KIR2DL4	1
M	TGCTCACTCTTGTGCC-1	SKAP1	1
M	TTTACGTGTTTGTAGC-1	CDH1	1
M	CAAGAAACATTGAACC-1	KLRD1	2
M	GCCAGACGTGGTACTT-1	KLRD1	1
M	CTCTACGCAACACGGA-1	KLRD1	1
M	TCTCTGGAGTCGCCTG-1	CD6	1
M	AACAAAGAGCCTGTAT-1	PAX5	1
M	CTTAATCCACAGAAGC-1	PAX5	1
M	CTCTACGAGTCTCCAA-1	EOMES	1
M	AGCCTGGGTACGGAGT-1	ZBTB46	1
M	GAAGTCTAGTTATGAG-1	SKAP1	2
M	TACCTATGTTTAAGGA-1	CD6	1
M	GTACTTTTCGTCTTAT-1	SH2D1B	1
M	AAGATAGCAGTAACTC-1	CD160	1
M	GTGTCCTGTCTGGGCT-1	PAX5	1
M	TCGTTCGGTTCATTTC-1	THEMIS	3
M	TTTACGTTCGCGTTCT-1	VCAN	1
M	GCTCCTATCGTTCAGA-1	BANK1	1
M	CCTGGGATCGTCTTAT-1	ZBTB46	2
M	GGTTGCGTCCTATCCG-1	CD28	2
M	AGCGTGCTCTTCTTCC-1	KIR2DL4	1
M	GCACGCAGTTGAAGCG-1	CD79A	1
M	TGGTCCTGTGCCCGAT-1	CD79B	1
M	CTAGCGGAGGGTAATT-1	MS4A1	1
M	GCCCGAACATTGTGAC-1	SPI1	1
M	GACCGACCAGGTGGTA-1	EOMES	1
M	AACCAACTCGGTCAGC-1	NKG7	3
M	CTTGTCGAGCGTAGCA-1	NKG7	1
M	TTTGCGCCAGATACAA-1	PECAM1	5
M	TCGATTTCATATTGGC-1	KLRD1	8
M	CCGTACTGTGCCGGTT-1	KLRF1	2
M	ATCCTCGTCTAGCTGA-1	CD3D	1
M	TTTGGCCTCAAAGTAG-1	LCK	2
M	TAGCACATCTGAGTCA-1	ITK	5
M	TAGGTGTCAGTGGTCC-1	BANK1	2
M	AAAGGGCTCGGCAATT-1	BANK1	1
M	GTGTCAACAGTAGGCA-1	TXK	2
M	TACTAGGAGTCGATAA-1	GNLY	1
M	GCTTGCTGTGTGTGCC-1	EPCAM	2
M	GAACGTTGTACCCATA-1	CD79A	2
M	TAAGTGCGTGCAACAG-1	FLT3	1
M	TCGTTCGGTTTGCGAT-1	KRT8	1
M	ATTTGTCAGTTGTCCA-1	MRC1	1
M	CAGCCTTGTCACTCTC-1	EBF1	1
M	AGGCCTGCATGCTATG-1	BANK1	1
M	TGCCTGTGTACATGGG-1	ZBTB46	5
M	TCCCACATCGCCTTAC-1	MERTK	3
M	CTAACTTAGGAAACTT-1	GNLY	2
M	AAGGAGCCAGCGTAGA-1	SKAP1	2
M	ATAGGCTGTGCAACAG-1	SKAP1	2
M	CAAGCTAAGGCAGTAC-1	VWF	1
M	CACCACTGTTCTTTCA-1	CD3G	1
M	AAAGATGTCCAGTACA-1	SH2D1B	1
M	TATGTTCCAATTAGGA-1	SFTPC	1
M	TGTGGCGCATTAGCCA-1	GNLY	5
M	GCCTAGGAGTACCTCA-1	PECAM1	2
M	GGAGGATCAAGCGTCC-1	SKAP1	1
M	CACAGATAGGGTCTGA-1	CD8A	3
M	CACTGAACAAGCGACA-1	GNLY	1
M	AGCCTGGTCGCATACA-1	SKAP1	7
M	CCGTACTAGCGAGCTA-1	SKAP1	1
M	TATGTGGCACCGTCTT-1	IRF8	3
M	ATTGTCTTCGGCATAT-1	LCK	3
M	CCGTGAGGTCCCGAGT-1	EOMES	2
M	CCTGCTACAAATGTCC-1	GNLY	1
M	ATCGAGTCAACGGACA-1	NCR1	1
M	CAAAGCTCAAGCAATA-1	SKAP1	1
M	AGTTTGGGTCATAAGA-1	FLT3	1
M	CGTACAACATCCGTAA-1	CD3G	1
M	GTTGGTACATTATGGC-1	CD3D	1
M	GATTAGCCAATTCAGC-1	NCAM1	1
M	AACTTGGTCGCGTGAC-1	NCAM1	3
M	GAGGCTCAGAACGTCG-1	LCK	3
M	GGAACTTTCGGAAAGC-1	THEMIS	1
M	TGAGTCACAGGATAGC-1	EBF1	5
M	GGAACTTGTCTAACCA-1	CD79B	1
M	CTGGGACCACTGTTAG-1	COL1A1	1
M	CAACGGCAGTGAACCG-1	SKAP1	6
M	GTCACCTAGAAATTCG-1	FLT3	1
M	GCTCCTAAGATATGAC-1	KLRC1	1
M	AGTGCGCGTGCTGTGC-1	CD4	1
M	TCGCCTATCCATATCT-1	VWF	1
M	AAATGAGGTATCTCAG-1	PRF1	1
M	TCGCCTATCCATATCT-1	EBF1	1
M	ATGGATCGTTTCGACA-1	PECAM1	3
M	GCAGCTGGTTTCGATG-1	COL1A1	1
M	GGCGTTGGTTCTGAGT-1	KLRF1	1
M	GATTAGCGTGCGACCT-1	CD3D	1
M	ACATGGTAGTCAGCCC-1	PRF1	2
M	CTGAATGTCGGAAAGC-1	EBF1	2
M	TTCTGTAAGGTGATGC-1	EOMES	2
M	ACATGCATCTACATCT-1	GNLY	1
M	TTGCAGACATCCCAAA-1	KIR2DL4	2
M	GGCACGTGTAGACACG-1	DCN	1
M	GGAATCTCACTACACA-1	NCAM1	1
M	ATTTGTCGTCTGCACG-1	THEMIS	2
M	ATTCGTTCAACTCGTA-1	THEMIS	1
M	AGTCCGGCACAAGTGG-1	EBF1	1
M	GGGACCTAGAGCACTG-1	ITK	2
M	CTGCGTTGTGCGCTCA-1	PECAM1	1
M	GACCAATGTCATCGTA-1	SKAP1	2
M	TTGTTCATCGTATAGC-1	IRF8	3
M	CCTGGGAGTAACCGAG-1	KLRF1	1
M	GTTACGACACTAGCCG-1	PRF1	2
M	TGGAAGGAGACTTGAA-1	THEMIS	1
M	GAACTTGTCTCCACTG-1	ITK	2
M	GCACGCAGTTGAAGCG-1	BANK1	1
M	ATCCAGAGTTTCGTTT-1	KLRD1	10
M	AGTGCCGTCGCTTACC-1	CLEC9A	1
M	TCGCAGGCAACGGGTA-1	CD14	1
M	AAAGGATTCCAGTACA-1	MERTK	2
M	TTAGCGAGTCTGTTGA-1	CD8A	1
M	TGCTCACTCCGGGCAT-1	CD8A	1
M	TTTGGCCTCAAAGTAG-1	IRF8	2
M	TAAGCCATCCGCGATG-1	KRT8	1
M	GCATGATAGACGAAAG-1	KLRD1	3
M	TGTAAGCGTCCGTGCA-1	KLRF1	1
M	GTCACCTAGGTCTTGT-1	KLRF1	1
M	CAACGTAGTCTGAGCC-1	ITK	2
M	GAGAACGCAGCAACAG-1	PECAM1	5
M	TTAGGTGCAGGAGCAT-1	PECAM1	2
M	CGCAGGTAGAGTCCGA-1	KRT8	1
M	TGACTCCTCTTTGCAT-1	KLRD1	4
M	CAGGATTAGATTCCGT-1	KLRF1	2
M	TGCCTGTAGGTCTTTG-1	NCAM1	1
M	TGTGACATCGGCAATT-1	NCAM1	3
M	GAGGTCCAGTCCGGAA-1	GNLY	1
M	TGAATCGAGAGCGGTT-1	NCR1	1
M	GCGAGTCTCCAACAAC-1	KIR2DL4	1
M	GCGAGTCGTTTAAGGA-1	SKAP1	1
M	ACCATCCTCGTTTGAG-1	PRF1	1
M	TTGCTATAGACACAAT-1	ITK	3
M	CACAGATGTCAACAGG-1	CSF1R	1
M	GTCTACCCATGGAGGT-1	TXK	1
M	TTGCAGACATCCCAAA-1	CD8A	4
M	TGCCTGTGTACATGGG-1	CD8A	1
M	GGTACCGAGAGCGGTT-1	CD79A	4
M	TTAGGTGTCGCGATGC-1	CDH1	1
M	GTACTTTCAAGATGCG-1	LCK	2
M	TGGCAATGTAGGGTCA-1	PAX5	6
M	ATTTGTCAGCGTTAGG-1	ITK	11
M	CAGCCTTAGAACCATA-1	CSF1R	1
M	TGGACATCATCATCGA-1	CD14	1
M	AACAAAGAGCGTTAGG-1	KLRD1	1
M	CGATGATTCGATGTAC-1	PRF1	4
M	CTTCTAATCGGGATCC-1	EPCAM	1
M	GAGACTTCACTTTGGA-1	KIR2DL4	1
M	GGACACCTCTAAACGC-1	NKG7	1
M	ATCCTGCCAGCAGGTA-1	SKAP1	1
M	CACCACTTCTAGCTGA-1	IRF8	1
M	ATTGTCTTCGCTCGGA-1	KRT8	1
M	TGCATTTCATTACTCT-1	CD6	1
M	TTGAGTGTCCTTGACC-1	PRF1	1
M	GCTTAAGTCTTGTCAT-1	LCK	2
M	GTGACATGTTTGCATG-1	EBF1	3
M	TAGCGGCGTAGGGTTG-1	EBF1	2
M	GCCTAGGAGTGGTGTG-1	VCAN	1
M	AGGCGAATCCATATCT-1	NCR1	1
M	AAAGATGGTTCCTATT-1	SKAP1	1
M	GCTTAAGGTTACACTG-1	IRF8	5
M	AGGCGTCGTTAAGTCC-1	CD5	2
M	CCGTACTTCTTAATCC-1	SH2D1B	1
M	CGCACAGCACTTGCGG-1	CSF1R	1
M	CAGTGTATCTCGCGTT-1	BANK1	2
M	CCCACATGTGCAAGAC-1	COL1A1	1
M	TCAGTCCTCTTCCGTG-1	COL1A1	1
M	AATGGCTTCGGGTCCA-1	VWF	1
M	GAGTGAGGTTCAGAAA-1	CD3D	2
M	TAACGGTGTCAGAAGC-1	NCAM1	2
M	AAGGTTCCAAATTCCG-1	ITK	1
M	TTACCGCGTGAGGTCA-1	ITK	2
M	CCCTAACGTCAAATCC-1	CSF1R	1
M	CTACTTAGTTCTACCC-1	VCAN	3
M	AGATTCGTCTTCCGTG-1	IL7R	2
M	TCGGGACCAATGGTAA-1	CD4	2
M	TTGACGAGTTACCACA-1	CD3D	2
M	TAAGCCATCCGCGATG-1	CD6	1
M	TAGGTGTCAGTGGTCC-1	ITK	10
M	TACTCGCCAACATAAG-1	IL7R	2
M	TGTGACACAGTATACC-1	EOMES	1
M	AGATTCGTCTTCCGTG-1	PECAM1	4
M	CTGGGACTCCATATCT-1	KLRD1	6
M	GCGCCAACATGATCGT-1	NCAM1	1
M	TTGTTCATCGATAGCT-1	NCAM1	1
M	TCAGGTAGTGCGCTCA-1	CD6	3
M	TAGTCCCCACAGTAGG-1	LCK	1
M	GTAGGAGGTATCAGCT-1	PAX5	1
M	TGGCAATTCCAACAAC-1	BANK1	1
M	GGTGCTGGTGTTGTTG-1	TXK	1
M	CGTACAATCGTGTGCG-1	ZBTB46	4
M	TACGGATTCTTCTCTC-1	NKG7	4
M	TGGTCAAGTGATCAGG-1	CD79A	1
M	CAACGGCAGTGAACCG-1	KLRC1	1
M	GTGCACGAGACGACTG-1	KLRD1	7
M	TTCGGTCTCGCTACCT-1	KLRF1	3
M	GTGGATTAGGCGTAGT-1	VWF	1
M	AACAAAGAGCGCCTAC-1	CD8A	1
M	GCGCATGAGGGTTCTT-1	NCR1	1
M	CACCTTGTCGTGAACT-1	SKAP1	1
M	CTGGGACCACTGTTAG-1	FLT3	1
M	GGTACCGAGCCGCAAA-1	KLRD1	2
M	CACAACACATCGACCG-1	CD160	1
M	GCGGAAATCTCGCGTT-1	FCN1	1
M	GTCTACCCATGGAGGT-1	IL7R	2
M	ACCTGCTGTTTGAAGA-1	MERTK	3
M	AGGCGTCCAACGGGTA-1	CD8A	1
M	GACCAATGTCATCGTA-1	KIR2DL4	4
M	AGTTACGGTTCTTTCA-1	NKG7	1
M	CTAGGATCAAGTTGCT-1	KRT8	2
M	CCGTACTGTGCCGGTT-1	ITK	5
M	CCCTAACGTCAAATCC-1	ITK	2
M	CACCACTGTTAGAGAT-1	CSF1R	1
M	TACGGATCACCAAGGA-1	BANK1	1
M	CAGCTGGCATTGTGAC-1	TXK	2
M	CATAACGCAACGAGGT-1	EOMES	2
M	TGCATTTCACTTATGG-1	GNLY	2
M	CCATACCGTGGCATAG-1	NCR1	1
M	GGCGAAATCCCAGCGA-1	NCR1	1
M	CGCACAGCATCGGCCA-1	CD79A	4
M	TAGACTGCACTTTGGA-1	KLRD1	7
M	GCGTTGGAGCTATCGT-1	NCAM1	2
M	TCAGGGCGTCCAAGTT-1	MRC1	1
M	TACGGATTCTTCTCTC-1	CD160	1
M	GGGCCATGTCTGTTGA-1	LCK	1
M	TAGGTGTGTGACGCAA-1	ITK	1
M	TCACCTGAGTTCCCGG-1	ITK	5
M	ATGGATCAGGCTGGAT-1	VCAN	1
M	AGCCTTCCATTTCACT-1	KIR2DL4	1
M	TCACCACTCCCGTAGG-1	IRF8	2
M	ATGTCTTAGAGCTGTG-1	CD3D	1
M	AGCCGCACAACAACTC-1	SPI1	1
M	TAAGCCAGTGATGCGA-1	ITK	4
M	GAGGATGTCTCATCCG-1	CSF1R	1
M	TGTGTCCTCGTCCCAT-1	BANK1	1
M	TACGGATCATACTGCA-1	PECAM1	2
M	CAACGTACAGAGTCGA-1	CD4	2
M	CACAGATGTCAACAGG-1	CD6	1
M	CCTTGGTTCGGTTCCT-1	MS4A1	1
M	TAGACTGAGCAATGTA-1	PRF1	1
M	GTAATCGAGTACGCGA-1	CD160	2
M	TAGACTGAGCAATGTA-1	PAX5	1
M	CTTGCTGCAAAGCTTC-1	BANK1	2
M	GAAACAATCGCCAGAC-1	TXK	4
M	CAAAGCTGTCATAGAA-1	MERTK	1
M	ACCATCCAGATGTTCC-1	CD8A	2
M	TTTGAGGGTCAGGTGA-1	KLRC1	1
M	AGTGTACGTTACTTTC-1	VWF	1
M	TTGCACCCAGGGTAAC-1	CD6	1
M	TGGCGCAAGCTGAGGT-1	PRF1	1
M	ACATGGTTCATTGCCC-1	MRC1	2
M	CGCTGGACATTGTTCT-1	SH2D1B	4
M	TAGCTTTTCGTCCCAT-1	PAX5	2
M	AATGTCGTCAGCCGAC-1	PAX5	1
M	AAACGAAAGCGGACAT-1	ITK	11
M	GTCACCTAGTCGGGAT-1	BANK1	3
M	CAGTGTACATTGAACC-1	TXK	2
M	GAGACTTCAATAGTGA-1	TXK	3
M	GCCCAGACAGTAGGCA-1	CD8A	1
M	ACGTTAGTCGGACGAA-1	CD8A	1
M	GGAGTAGTCCTGGGAC-1	KLRD1	5
M	ACAAACCAGACTTCCA-1	MRC1	1
M	CTCTCGAAGACCATAA-1	BANK1	8
M	CAACCAATCTATACCT-1	CD8A	1
M	ACATGGTCAACACGGA-1	NCR1	2
M	TTCGGTCCAGTAGTTC-1	KIR2DL4	1
M	GGAGGATCAAGCGTCC-1	KLRD1	8
M	CAGTGCGTCTTTCGAT-1	NCAM1	1
M	TTAGGTGTCTCCAACC-1	PRF1	2
M	AGCCGCACAACAACTC-1	PAX5	1
M	AACGGGACATCCGTGG-1	NKG7	1
M	TCTATTGTCTCTCAAT-1	PECAM1	1
M	TAGACTGCACTTTGGA-1	CDH1	1
M	CCCAGAGTCCCAGCGA-1	NCAM1	1
M	CTTAATCCAACGCAAG-1	MS4A1	1
M	TAGCACATCTGAGTCA-1	THEMIS	1
M	GACCTTCTCACATTCT-1	ITK	7
M	CTTGAAGGTAGCATGG-1	KLRD1	2
M	TGACTCCGTAACCCAT-1	KLRF1	2
M	TGTGGCGCAAGGAACC-1	NCAM1	8
M	CCTGGGAGTCCGTAGC-1	MRC1	1
M	CATAACGAGCGAATAT-1	PAX5	1
M	CCTATTAGTACGGAGT-1	THEMIS	1
M	GCGATTATCTCCCTTT-1	ITK	11
M	AACTGGTTCTCTGACC-1	ITK	1
M	TCAGGTAGTGCGCTCA-1	CD28	2
M	ATGCATGAGCTCGTTA-1	CD8A	1
M	TGTGGCGAGAACCATA-1	SKAP1	3
M	TCAGTCCTCTTCCGTG-1	KRT8	1
M	AATACGCAGGTGTCGA-1	KLRF1	2
M	CAGGATTTCGCTTGAA-1	CD5	1
M	ACAAGCTTCCACTAGA-1	LCK	1
M	TCAGTCCAGGGAAGCG-1	SFTPC	1
M	CACATGAAGGACTTTC-1	SFTPC	1
M	GTCACCTGTAACATAG-1	EBF1	2
M	ACAAGCTCAAATGCTC-1	TXK	1
M	TTTACGTCAACGTCGC-1	IRF8	1
M	ACCAAACTCAGGGTTT-1	CDH1	1
M	TTATGTCCATTACCTT-1	CDH1	1
M	GTGGATTCACGCTGTG-1	LYZ	1
M	TCGGGACCAATGGTAA-1	KRT8	1
M	TGCTCGTCAAGGCTTT-1	NCAM1	2
M	GTCACTCAGGTAGGAA-1	MRC1	1
M	TTCATCATCGCGCCAA-1	EOMES	2
M	GCAGCCATCAGTAGTC-1	ZBTB46	1
M	CCCTGATAGGTCTTTG-1	CD28	1
M	CAAGAAACAGGGAGTT-1	PECAM1	3
M	GAAACAAGTGAGTTGG-1	NCAM1	2
M	GTAGGAGGTCACTCTC-1	SPI1	1
M	TTAGGTGGTCCGAGCT-1	SH2D1B	1
M	GGCGTTGAGTTACCAC-1	PAX5	1
M	TTACCCGGTAGTCTGT-1	EBF1	2
M	GCCCAGAGTCCCTAAA-1	ITK	9
M	GCTTTCGTCACAGGGA-1	ITK	4
M	TGGTCAATCGGTAGGA-1	ITK	4
M	TTGCTATAGACACAAT-1	BANK1	1
M	GTACTTTCAAGATGCG-1	TXK	5
M	CGCTGGAGTACGTAAA-1	MERTK	1
M	ATGGATCAGGCTGGAT-1	NCR1	2
M	TGACTCCAGGAAGGTA-1	PECAM1	3
M	TGATGCAAGTTCTCCC-1	PECAM1	4
M	CTTGCTGAGGTCGTTT-1	CD79B	2
M	TGTAGCAAGCGTCTGC-1	SKAP1	1
M	TTCTGTAAGTTGCGCC-1	KLRD1	6
M	GACCCAGAGGTCTTTG-1	KLRD1	3
M	CACCACTGTACAACGG-1	KLRF1	2
M	GCTGCGAGTACCAAGG-1	NCAM1	1
M	TGGCGCAAGCTGAGGT-1	THEMIS	1
M	AAGGAGCGTGAGGTCA-1	BANK1	1
M	AATGGAACAATTCTCT-1	ZBTB46	2
M	TCACAAGGTCTGCACG-1	ITGAM	1
M	TTTGGTTCAGGTCCTG-1	KLRD1	4
M	GGCATTACAAGGTCGA-1	KLRD1	1
M	AACTGGTAGCACCATT-1	CD3G	1
M	GAGGCTCGTTCTGAAC-1	SFTPC	1
M	GAACCTAAGCGCACAA-1	CD28	1
M	GGATGAGCAGTAACGG-1	CD5	1
M	ACATGGTCATGATCGT-1	THEMIS	1
M	CAAAGCTAGTTCAGGG-1	VCAN	1
M	ACCATCCTCGTTTGAG-1	NCR1	3
M	TTCGGTCAGTTCGTTG-1	NCAM1	3
M	GCGCATGTCGCGCCAA-1	PRF1	1
M	TAGGTGTCAGTGGTCC-1	SH2D1B	1
M	ATCCAGACAATAGCGG-1	ITK	15
M	AATGGAAAGAGGTCCA-1	VCAN	1
M	GAGATTCGTTCTACCC-1	TXK	1
M	AACTTGGGTGCTGTCG-1	PECAM1	2
M	CTGCGTTGTGCGCTCA-1	FLT3	1
M	GAAAGTAAGGCGATTG-1	DCN	2
M	AACCGATGTGCGTTTA-1	VWF	2
M	TGCTCACCAGAACGAC-1	NCAM1	1
M	AGTTACGCATAAAGTG-1	NCAM1	2
M	AACCAACGTAACGGAC-1	PAX5	1
M	TCAATTCTCAGTCAAC-1	EBF1	1
M	AACAAAGAGAGCCACA-1	CSF1R	1
M	TGACAACCAAGACACG-1	CD79A	3
M	CGCACAGCAGACCTGC-1	CDH1	2
M	AAATGAGGTTAGTAGA-1	THEMIS	1
M	GGTGTCGCACAAACAA-1	ITK	3
M	CCAGATACACAGATGG-1	ITK	1
M	GTGGATTCAGTAACCT-1	BANK1	1
M	GTAGGAGGTCCAAGTT-1	CD79A	1
M	GGATAGGGTTCTTTGT-1	CD4	1
M	GCAACCGTCCTCCCAA-1	NCAM1	1
M	GTGTGATCAGTAACTC-1	CD6	2
M	TTCTAACAGGAGTACC-1	SH2D1B	2
M	TTCATTGTCGGTTGTA-1	LCK	2
M	GCCCAGACAAGCGGTA-1	THEMIS	1
M	ACCGGGTAGTCCGTGC-1	VCAN	1
M	TACATTCAGTCGTGAG-1	VCAN	1
M	GCTGTTCCATCCCAAA-1	EOMES	1
M	GGCATTACAAGGTCGA-1	ZBTB46	2
M	TGGCGCAAGCTGAGGT-1	SKAP1	1
M	GTCACAAAGTAGGTCG-1	SKAP1	1
M	AGCCTGGTCGCATACA-1	KLRD1	12
M	CTACTTACAAGCCCTG-1	VWF	2
M	GAGACTTGTGTTAGAA-1	SH2D1B	1
M	GTTGGTAGTAGTCTGT-1	CD160	1
M	AGCTGGCCACCGAAAG-1	LCK	1
M	ACATGGTCAACACGGA-1	SFTPC	2
M	CGCAATACAGGCTACC-1	EBF1	1
M	GAGGATGCAGGCAAGT-1	ITK	1
M	TGTGACATCGGATGTT-1	ITK	1
M	ACGTGGCCAAGGTCGA-1	ZBTB46	1
M	CATGCCTGTTCAGTTG-1	GNLY	3
M	GAGGCTCGTAACGGCA-1	CD79A	1
M	GCTGTTCAGAGCTCCC-1	SKAP1	1
M	GTTATGGGTAAACGTA-1	MRC1	1
M	ACCCAAAGTTAGAGAT-1	IL7R	1
M	CAGCTAACAGAAAGAG-1	GNLY	1
M	CACAGATAGTCGAGCA-1	CD79B	1
M	TGCACCTAGACTCTTG-1	SKAP1	3
M	AGGCCTGAGTCGATAA-1	KLRD1	1
M	GGGACCTAGAAATGGG-1	CLEC9A	1
M	AAATGAGAGTGCTGAG-1	CD160	1
M	ACCCAAAAGCGGACAT-1	CSF1R	1
M	CTAGGATTCTCTGTTA-1	EOMES	2
M	ACTCGGGCACCTATTT-1	EOMES	1
M	AATGTCGTCTCTGCAC-1	NKG7	3
M	TGCTTTAGTCCAAGAG-1	PECAM1	3
M	TGAGTCAAGCAGAGCT-1	IRF8	8
M	CATGCCTCACCCTTTG-1	DCN	1
M	ATGTCGAGTAAACGAT-1	NCAM1	1
M	TAACGGTTCGTCTTAT-1	CD6	1
M	TGATTTCCAATCATCG-1	BANK1	2
M	GGATGAGTCACCCTTG-1	EOMES	1
M	TGATGCACAAAGCTGG-1	GNLY	1
M	TGAATCGCATTACACG-1	KLRC1	1
M	GCGATTATCTCCCTTT-1	KLRD1	8
M	GGGACCTAGCTGATTC-1	CD3G	1
M	AAATGAGTCGGTACTA-1	ITK	2
M	AACTGGTTCGTTCCGT-1	NCR1	2
M	CCTGCTACAAGCAATA-1	NKG7	1
M	GTCGTAATCAAGGCCC-1	DCN	1
M	CTTTGCGGTCATAGAA-1	KLRC1	1
M	CGCAATACATTATGGC-1	CD5	1
M	CGCTATCGTCATAGCT-1	SPI1	1
M	GAGAACGTCCTGACCT-1	PRF1	1
M	GTGTCCTGTCTGGGCT-1	CD28	4
M	GCCTAGGTCTGGCACG-1	CD8A	2
M	TGGACATAGTCGAGCA-1	KLRD1	1
M	GGAGAACAGACCATAA-1	BANK1	3
M	CGATGATTCGATGTAC-1	CD28	1
M	GTGCCAGAGATCGCCC-1	SKAP1	1
M	GCGAGTCTCCAACAAC-1	SH2D1B	2
M	TTAGCTTCATTGTGAC-1	PAX5	2
M	AGTCAACTCCGGAAAG-1	BANK1	1
M	CTAGGGCAGAACCCGA-1	CD8A	1
M	GTAGACTAGGAATGGA-1	KLRD1	4
M	TTGTTCATCGTATAGC-1	LCK	2
M	TGTGACATCGGATGTT-1	PAX5	1
M	AACAAAGGTAAAGCTA-1	ITK	5
M	TTCGGTCCAGTAGTTC-1	ITK	2
M	GTGTCCTAGAGCTGTG-1	BANK1	1
M	TGATTTCCAATCATCG-1	ZBTB46	1
M	GTCGTAAGTGCTGAAG-1	GNLY	3
M	GAGATTCGTCAGAAAT-1	KIR2DL4	1
M	TTTGGCCTCAAAGTAG-1	NKG7	1
M	TAAACCGTCGTTCAGA-1	SKAP1	2
M	AGTGTACGTTACTTTC-1	IRF8	1
M	CAACGTAGTCTGAGCC-1	VWF	1
M	GCTTAAGTCTTGTCAT-1	VWF	1
M	CCCTCTCTCCTTTGAT-1	EBF1	1
M	TGCTTTAGTCCAAGAG-1	CD14	1
M	TCTCAGCGTGGACGAT-1	BANK1	1
M	TAAGTGCAGCTTACCA-1	MERTK	1
M	TGACTCCTCTTTGCAT-1	GNLY	1
M	TGTGACACAGTATACC-1	PECAM1	1
M	TGATCAGAGAGCAGCT-1	SKAP1	15
M	AACGGGAGTCAAATCC-1	IRF8	2
M	TAGCACAGTCGCGCTA-1	CD160	2
M	CAGTATGGTACGTAGG-1	PAX5	1
M	TTCAACTCAGGTAGCA-1	THEMIS	1
M	GCAGATTAGCTCGGCT-1	EBF1	18
M	TGTTAGGGTCTGGTCG-1	CD14	1
M	CGCTGGAAGATGAGGA-1	IL7R	4
M	CAGTATGAGCGTATCT-1	BANK1	1
M	CCGTAGGGTACTAGAA-1	TXK	1
M	AAACTGCTCTTTGCAT-1	SKAP1	1
M	TTATGTCCATATTGGC-1	IRF8	1
M	ACGGATTAGCCATGGA-1	KLRC1	1
M	TCAAGACAGTCCGGAA-1	SH2D1B	1
M	AATGCCATCTGCCGAG-1	SFTPC	1
M	ATCCTCGTCCGTTAGA-1	ITK	7
M	AACAAAGAGCCTGTAT-1	ITK	1
M	CAGTATGTCTTACGGA-1	ZBTB46	1
M	ACTTCCGCAGAATGCG-1	NCR1	1
M	TCCCACACACAAACAA-1	KLRF1	1
M	GGCGTTGAGTTGACAA-1	EBF1	1
M	TGTTAGGGTCTGGTCG-1	ITK	5
M	TAGACTGAGCAATGTA-1	IL7R	3
M	GCTTAAGGTTGGAGGT-1	TXK	1
M	GTCACAACAGGTCTGC-1	CD28	1
M	GACCAATGTCATCGTA-1	GNLY	4
M	ACTGCAAAGTCCGGAA-1	SKAP1	1
M	TGCACCTAGACTCTTG-1	IRF8	2
M	TTGCCCAGTCAACGGA-1	ITK	5
M	TAGGTCATCCCGCAAG-1	ITK	1
M	ATCCAGAGTTTCGTTT-1	VCAN	1
M	CTTGCCATCGCGTGAC-1	TXK	4
M	CTTTGCGGTATCACAC-1	ZBTB46	1
M	ACAGCGCTCCTTCGAC-1	SKAP1	4
M	TAGGTGTGTGACGCAA-1	CD4	1
M	TGACTCCGTAACCCAT-1	VWF	1
M	TTTACGTCAACGTCGC-1	NCAM1	1
M	CGCACAGCACTTGCGG-1	PRF1	1
M	GGTGAAGGTGCTGGCT-1	PRF1	2
M	ATCGAGTCAAGTCTCA-1	PAX5	1
M	GACCCAGGTGCACATT-1	BANK1	1
M	CGGTGCATCGCTTACC-1	KLRD1	3
M	GGGACCTAGACTTGAA-1	PAX5	3
M	AATGGCTGTGTCTACA-1	CD8A	1
M	TCTATTGTCCATGTTT-1	GNLY	1
M	GCCTAGGTCCATGACA-1	GNLY	1
M	CGGTGCACAGCGTCGT-1	SKAP1	1
M	GTCACTCAGTCTTAGC-1	ITGAM	1
M	GCTCACTAGATGCGAC-1	CD3D	3
M	CTGTATTAGTGATTAG-1	NCAM1	3
M	GCGATTACATGCGTTA-1	NCAM1	1
M	ATTTGTCGTGATGCTT-1	MRC1	3
M	AGTTACGAGTCCTTCC-1	PRF1	1
M	CCTTAATGTTTAGGAA-1	KRT8	1
M	AGGACGACAGCGCGTT-1	KRT8	1
M	GCCCAGACAAACTACC-1	KLRD1	18
M	GATCGTAAGAACCCGA-1	CD6	1
M	TTGTTCAAGTTCAGGG-1	PRF1	5
M	ATTGTCTGTCTAACCA-1	THEMIS	1
M	GGCGTTGAGTTGACAA-1	IL7R	1
M	TTCTAACAGGAGTACC-1	NCR1	3
M	CAAAGCTGTCATAGAA-1	NKG7	2
M	CTCTAGCGTCAACGGA-1	IRF8	1
M	GATTAGCCAATTCAGC-1	ITGAM	1
M	ATCGAGTCATAGATAG-1	KLRD1	1
M	TTGCGGGAGTCCAGAG-1	CD3E	1
M	CACAGATAGGGTCTGA-1	MRC1	1
M	CCCACATGTGCAAGAC-1	BANK1	1
M	TTCTAACAGGAGTACC-1	MERTK	4
M	AGGCCCACAGGATAGC-1	GNLY	1
M	TCAAGCATCGACTGGC-1	KIR2DL4	1
M	TAGCACATCTGAGTCA-1	NKG7	3
M	GCGGGTTGTTTGTGAC-1	COL1A1	1
M	CTCACCATCCACTAGA-1	KLRD1	11
M	GGTTGCGTCATTCATC-1	MRC1	1
M	TTCGTTAGTCAGAGTG-1	ITK	1
M	ACGTGGCAGGCGCTTC-1	BANK1	5
M	AACTTGGGTGCTGTCG-1	IRF8	2
M	GGATGAGCAAGTGGCA-1	KLRF1	7
M	GTCACGGCATTCACCC-1	VCAN	1
M	ACTTCCGCACAGCTTA-1	CD4	1
M	TTTGCGCCAGATACAA-1	SPI1	1
M	GCGTTGGTCCGTTTCG-1	PAX5	3
M	AGATTCGTCGTTTGAG-1	CDH1	1
M	AGCCTCTAGAGGTACC-1	VWF	2
M	TATGTTCCAATTAGGA-1	CD160	1
M	AAACGAAGTACGACCC-1	THEMIS	2
M	TACATTCAGTCGTGAG-1	ITK	6
M	GACCTTCAGGGCGAAG-1	BANK1	1
M	GGATGAGAGGTACATA-1	GNLY	1
M	CTCAGCTTCTCTTAAC-1	COL1A1	1
M	CTCAGCTAGAGCACTG-1	KLRD1	1
M	CGGTGCACAGCGTCGT-1	KLRF1	1
M	TCGTTCGCAGTCCTGG-1	SH2D1B	2
M	GTTGGGCCAACTCGTA-1	ITK	4
M	TATGTGGCACCGTCTT-1	ZBTB46	2
M	CTTGCCAGTGTCTACA-1	MERTK	2
M	CTCTACGAGTCTCCAA-1	GNLY	3
M	GATCGTAGTCCACCAG-1	NKG7	1
M	TGTGTCCTCGTCCCAT-1	SKAP1	3
M	CAAGAAACATTGAACC-1	SKAP1	1
M	GAAGTCTCAGTAACGG-1	IRF8	7
M	CTGAATGAGGAATGGA-1	FLT3	1
M	AGTTTGGGTCATAAGA-1	CLEC9A	1
M	TGATTTCCAAGGGTAC-1	VWF	3
M	TCGAGCGTCGGATCGC-1	VCAN	1
M	CTGGGACCACTGTTAG-1	EOMES	5
M	CTTGCTGTCTGTGTGA-1	ZBTB46	3
M	TACTAGGAGTCGATAA-1	CD28	1
M	GGCGTTGAGAGCCACA-1	NKG7	1
M	TTCAACTCAGCAACAG-1	SKAP1	4
M	TGGGTGCCATCGTGAT-1	ITGAM	1
M	TGCATGAAGTAACTCC-1	VWF	1
M	AGTTTGGCAAGACTAA-1	PAX5	2
M	ACAAAGAAGGGTAGTC-1	IL7R	1
M	CTCGCTAAGAACGTCG-1	TXK	1
M	ATCCTGCCAAATTCCG-1	CD8A	1
M	TCTATTGGTGGACAGT-1	NCR1	1
M	TAGCATGGTTACTTTC-1	IRF8	2
M	GCGATCGCAGGCACAA-1	PRF1	1
M	ACTTCCGCACAGCTTA-1	LCK	2
M	CCTGGGACAGAACGAC-1	KIR2DL4	1
M	TTCGTTAGTTCAGAAA-1	PECAM1	3
M	AATGGAACAATTCTCT-1	ITGAM	1
M	AGCGATTCAGGGCTTC-1	DCN	1
M	TTACCCGAGATCCGAG-1	KLRD1	7
M	CTTAATCCAACGCAAG-1	LCK	1
M	TGCTTTAGTCCAAGAG-1	TXK	2
M	AGGCGAATCCATATCT-1	CD8A	1
M	TTACGTTCACCACAGC-1	NCR1	1
M	ACTACGAGTGAGAGTC-1	PECAM1	3
M	GCGTAGCCAATGACTC-1	KRT8	2
M	TCAGTTTTCTGAAAGA-1	NCAM1	2
M	TTGAGCATCCTGACCT-1	MRC1	1
M	GTCGTAATCAAGGCCC-1	MRC1	2
M	GGTGTCGAGGGTTCTT-1	LCK	2
M	ACCGGGTAGTCCGTGC-1	THEMIS	2
M	ACAAGCTTCCTGAAAC-1	ITK	7
M	TACTCGCTCACTCGGG-1	PECAM1	4
M	GGAACTTTCGGAAAGC-1	BANK1	4
M	GTGTCCTTCGAACACT-1	MERTK	11
M	TGCCTCAGTCTGCGCA-1	CD8A	1
M	TTACTTGTCCCAGCGA-1	NKG7	2
M	TCAATTCTCAGTCAAC-1	CD79B	1
M	GGTAGGAAGCTTACCA-1	CD3G	1
M	CTACTTAGTACGAGAC-1	NCAM1	5
M	TCTAGTTGTAGTCTGT-1	MS4A1	4
M	ACCGGGTGTCAAGACG-1	CSF1R	3
M	CGATGATGTTAGTAGA-1	KIR2DL4	1
M	TCAAGCAGTACTTCAG-1	IRF8	2
M	TTGTTCAGTGTCTACA-1	KLRD1	3
M	GCGGAAATCTACTGCC-1	KLRF1	3
M	AGTGCCGAGTCGACCC-1	VWF	2
M	AACATCGTCCGGGCAT-1	CD5	2
M	GGTTGCGAGGCCAATG-1	LCK	5
M	GGAGGATCAAGCGTCC-1	PAX5	3
M	TGTACAGCACCACGAC-1	ITK	1
M	TTCATCATCTCCTTAA-1	BANK1	1
M	GCGATCGCAGCAACAG-1	CD28	2
M	ACAAGCTCAAATGCTC-1	CD28	2
M	TAATTCCGTCACTCTC-1	KLRD1	5
M	GCGGGTTGTTTGTGAC-1	KLRF1	1
M	GCTTGCTAGTAGACCG-1	KLRF1	1
M	ATTACCTTCTACATCT-1	CD6	1
M	TAGGAGGTCATTCATC-1	EBF1	1
M	TGCTTTATCTTCCACG-1	CD14	1
M	TCAGTTTAGCTGAGGT-1	EOMES	3
M	GCATTCCCAAGCCAGA-1	MERTK	3
M	GCCTAGGCACCCTTTG-1	MERTK	1
M	CCTAAAGCATCGTACA-1	CD79A	1
M	TGCTCGTCAAGGCTTT-1	PECAM1	1
M	GTCACGGCAACTACTG-1	ITGAM	1
M	GCTTAAGAGGTCTTTG-1	KIR2DL4	2
M	TGGCAATTCGTCTAGA-1	PRF1	3
M	CCTATTAAGATCTAAG-1	PRF1	2
M	ACTGCGGCAGGCACAA-1	PRF1	1
M	GGCGTTGAGAGCCACA-1	SH2D1B	1
M	GAGAACGTCTCGTAGA-1	CD14	1
M	TACAGCACATAGCAGG-1	TXK	2
M	TAGCCGGAGACTTGAA-1	CD79A	1
M	ACAATCGCAACGTAGG-1	VWF	3
M	TGGCAATTCGTCTAGA-1	SH2D1B	6
M	CTGGCAGGTCATCGTA-1	PAX5	1
M	CGATGATTCTATCTTG-1	TXK	1
M	ATTGTCTGTCTAACCA-1	CD8A	3
M	GCCCAGATCAGGTTTG-1	CD8A	1
M	TTATGTCAGAACGACC-1	KIR2DL4	1
M	TTGTTCATCGTATAGC-1	COL1A1	2
M	TAGGTCACATGGCCCA-1	KLRC1	1
M	TCAAAGCGTATTTGCG-1	CD6	1
M	CTCCCAATCATTCATC-1	ITK	2
M	AGCGATTGTGCACCCA-1	ITK	2
M	CTCAACCCACAGGAAC-1	ITK	1
M	CCTGGGACAATGTAAG-1	VCAN	1
M	GTAGGAGGTCACTCTC-1	BANK1	3
M	TCAGTCCTCAGTCACA-1	TXK	4
M	GCACCTTCACTGTTAG-1	CD79A	1
M	AACTGTGAGTTAGCGG-1	KLRC1	1
M	GCAGCTGTCACAACAC-1	VWF	2
M	GTAGGAGCAGGTTATC-1	PRF1	1
M	ACTGCAATCGCACAAT-1	SH2D1B	2
M	GAGCATTTCAGGAATA-1	PAX5	1
M	CTCTAGCTCGGAGTTT-1	THEMIS	1
M	CTTTGCGAGTCCGATT-1	ITK	1
M	ACAGAAATCTCGCGTT-1	VCAN	1
M	AGCCAGCAGCTTACCA-1	VCAN	3
M	AGATTCGTCCTGAAAC-1	NCR1	1
M	GCGGGTTGTTTGTGAC-1	KIR2DL4	1
M	GCTGTTCAGGAAGGTA-1	KIR2DL4	1
M	GAGACTTCACTTTGGA-1	IRF8	2
M	AACAAAGGTAAAGCTA-1	KLRD1	3
M	GGAGAACTCACTCCCA-1	KLRD1	2
M	TATGTTCTCAAAGTAG-1	KLRF1	1
M	GTCGTAATCAAGGCCC-1	VWF	3
M	ACAAACCAGACGCCCT-1	PRF1	6
M	AGGACGACAGCGCGTT-1	SH2D1B	3
M	AAGATAGAGATATGTG-1	SH2D1B	1
M	GAACGTTAGGTTGTGG-1	PAX5	1
M	TAGCATGGTTACTTTC-1	SFTPC	1
M	ATTTGTCAGTTGTCCA-1	THEMIS	2
M	GGGACCTAGACTTGAA-1	ITK	7
M	GTTGGTACATTATGGC-1	CSF1R	1
M	ATAGGCTAGCCATTCA-1	TXK	2
M	TCACCTGAGTAGTCGG-1	TXK	4
M	CCTGGGACAATGTAAG-1	GNLY	2
M	GACTAGTTCAAATGGA-1	NKG7	1
M	GAAGTGGAGGCTAAAT-1	SKAP1	2
M	CGCAATATCGACTGGC-1	SKAP1	2
M	CCTGCTATCTCTGCGT-1	LYZ	1
M	TCACAAGCAAGTTGCT-1	PRF1	1
M	TCAGGTAAGCTTACCA-1	ZBTB46	1
M	GGAGAACAGACCATAA-1	NKG7	2
M	TGGCAATTCGTCTAGA-1	PECAM1	1
M	GTTACTTTCTTAACGG-1	IRF8	1
M	GGGAACATCCGGCGAT-1	KLRD1	1
M	TGACAACAGTGTCCCG-1	PRF1	2
M	GAAGTCTTCCGATGCG-1	CD160	2
M	GCCTACTCAGATACAA-1	EBF1	1
M	GGGACCTTCAGGAATA-1	EBF1	3
M	TGCCTCACACTGTCGG-1	BANK1	3
M	CGCAATACAGACTAAA-1	EOMES	1
M	CGCAATATCCCACTTG-1	CD28	1
M	AGCCGCACAACAACTC-1	NCR1	2
M	TGCTTTAGTCCAAGAG-1	KLRD1	2
M	ACTCGGGAGGCTTCGC-1	KLRF1	1
M	ATCGAGTCAACGGACA-1	VWF	1
M	AAATGCCGTCAGAGTG-1	NCAM1	2
M	CGTACAACAATCAGGG-1	PRF1	6
M	GTTACTTTCAGCACTA-1	EBF1	1
M	ATTACCTCAGAACTTC-1	BANK1	4
M	CCAATGAAGGGTTCCC-1	MERTK	2
M	CTCTCAGCAGACTAAA-1	PECAM1	1
M	AGTGCCGAGTCGACCC-1	MS4A1	1
M	TGCGTAACATGGTTTG-1	CD160	1
M	GTCACCTGTAACATAG-1	CD160	1
M	ACAAGCTTCGGTCTCT-1	THEMIS	1
M	GCATTGAAGACTCTTG-1	THEMIS	1
M	TATGTTCTCTATACCT-1	EOMES	3
M	CAATCCCAGGTTTCTG-1	NCR1	1
M	GGTACCGAGAACAGGA-1	CD79A	1
M	CTTAATCAGAAATGGG-1	KRT8	1
M	GAGTGAGGTCAGCAAG-1	VWF	1
M	TTCTAACAGGAGTACC-1	PRF1	5
M	TATTGCTCAGCTTACA-1	EBF1	2
M	TAGTCCCCACAAGGGT-1	TXK	3
M	GCAGATTTCTGGCACG-1	NCR1	2
M	ACGGATTTCGTTACAG-1	IRF8	1
M	TTCGGTCCAAGGAAGA-1	IRF8	1
M	GTGTCCTAGAGCTGTG-1	FLT3	1
M	GTCACTCAGTCTTAGC-1	VWF	1
M	AAAGGATAGACACGGT-1	NCAM1	1
M	TCACAGACACTGATAC-1	ITK	2
M	GTGCACGGTAACTCCA-1	ZBTB46	1
M	CCTTGGTTCGGTTCCT-1	EPCAM	1
M	GTGGATTAGGCGTAGT-1	KIR2DL4	1
M	CATAACGCAACGAGGT-1	NKG7	1
M	TTCGATTAGTGTGTAA-1	SKAP1	2
M	GAAAGTAGTAACGGTG-1	SKAP1	1
M	CACAACACAACGTAGG-1	CDH1	1
M	GGGCCATCAGTAACCT-1	CDH1	1
M	AAGGAGCGTGAGGTCA-1	FLT3	1
M	ACTTCCGCAGAATGCG-1	LCK	1
M	AATGCCACAGCGTACC-1	EBF1	1
M	CAGCTAATCGCGCTGA-1	EOMES	1
M	CAACGGCAGTGAACCG-1	EOMES	1
M	GCCCGAACATTGTGAC-1	MERTK	1
M	CGGTGCAGTGCAAGAC-1	KIR2DL4	1
M	ATCCTGCCAAATTCCG-1	CD79A	2
M	TCTAGTTTCAAGAGGC-1	PECAM1	1
M	GATCGTAAGAACCCGA-1	KLRD1	4
M	AGCTGATCATTACCTT-1	KLRD1	1
M	TTGCTATCACGCTGTG-1	KLRD1	2
M	GAACGTTTCTCCTTAA-1	KLRF1	2
M	ATGTACGTCTGGCGCA-1	NCAM1	1
M	ATGTACGCAATGGCTT-1	PRF1	1
M	TGATTTCTCCTCTCTT-1	THEMIS	2
M	GCCAGACTCACTAGGT-1	EBF1	1
M	CCATACCGTGGCATAG-1	ITK	3
M	GACCAATAGCACACCC-1	CD8A	2
M	AGTCAACTCCGGAAAG-1	ITK	7
M	CGCAATACAATGCCAT-1	TXK	1
M	CGTAAACCACAGTTAC-1	NKG7	2
M	AAACTCGCATTCTCGC-1	SKAP1	14
M	GCATTGACAAAGCTGG-1	IRF8	1
M	ACATGCATCCTAAGTG-1	CDH1	1
M	AAGATAGAGATATGTG-1	CSF1R	1
M	ACGTTAGTCCATTGTT-1	SKAP1	5
M	TAGTCCCCACAAGGGT-1	ITGAM	2
M	GCCATAAAGAGGTACC-1	CD4	1
M	TTGAGTGGTGAGTAAT-1	VWF	1
M	ACCATCCTCTGGCCAG-1	CD5	1
M	CCGAAGCCAACCTCCT-1	CD6	4
M	ATGTCGAGTAAACGAT-1	CD6	1
M	TGGCCTTAGAGGTCCA-1	PRF1	1
M	TGATTTCTCGTGAGTT-1	MRC1	1
M	ACAAAGAAGGATTGAT-1	EOMES	1
M	GTCACTCAGCCCATTA-1	KIR2DL4	2
M	GGATGAGCAGTAACGG-1	CDH1	1
M	ACTATTCGTAGGTAAT-1	KLRD1	3
M	CGTACAATCGTGTGCG-1	KLRF1	2
M	AATACGCCAAAGACGC-1	MRC1	6
M	CCCTAACCAACTCGTA-1	EBF1	1
M	ATGTTTCCATGTGAGG-1	CD28	6
M	AGATTCGTCGTTTGAG-1	PECAM1	2
M	AGGCCTGAGTCAGGAC-1	EBF1	2
M	AATACGCGTCTCGGGT-1	EBF1	1
M	TCTAGTTTCAGTGTAC-1	EOMES	1
M	TACTAGGCATTACCTT-1	CD79A	1
M	ATGTTTCCAAGAAACT-1	FLT3	1
M	GTCACTCTCAGTCACA-1	KLRD1	1
M	ACATGGTTCCAGGTCG-1	KLRD1	1
M	ACAATCGCACGCTAAT-1	CD3G	3
M	CAGCTGGTCGGGAATG-1	THEMIS	1
M	AAGATAGAGCCAGAAC-1	CD14	1
M	CTTAATCGTTTCTCTA-1	BANK1	1
M	GGTTGCGAGGCCTCTG-1	TXK	2
M	CAAGCTAAGGCAGTAC-1	MERTK	2
M	GAACCTATCAGCCGGT-1	CD79A	2
M	TTGAGTGCACAGATGG-1	PECAM1	1
M	TTAGGTGTCGCAAGCC-1	CD4	3
M	TTGACGATCACCGCGA-1	NCAM1	1
M	TACTCGCCAACATAAG-1	LCK	1
M	ACCGGGTGTCAAGACG-1	KLRF1	1
M	GATTAGCAGAGTTTGA-1	PAX5	1
M	CCTGCTACAAATGTCC-1	TXK	1
M	ATCCTCGAGTGTCGGA-1	EOMES	1
M	CGCTGGATCACTCCCA-1	ZBTB46	1
M	TAGCGGCAGGACTAGC-1	NKG7	2
M	CCTTGGTTCGGTTCCT-1	LCK	3
M	GGTGCTGGTGGACGAT-1	CD14	1
M	CCGAAGCAGTTCGACT-1	BANK1	4
M	AACGTACTCTTCTTCC-1	GNLY	1
M	GCAGATTAGCTCGGCT-1	CD79A	1
M	TTGAGCACAACGTACT-1	SKAP1	1
M	GCGGGTTGTTTGTGAC-1	SKAP1	1
M	GGAGAACGTTCGGGAA-1	KLRD1	4
M	GACCCAGGTGCACATT-1	CD6	3
M	TGACAACCATACCCGG-1	CD160	3
M	TTGCACCCAGGGTAAC-1	ITK	9
M	AACCTTTTCGATGTAC-1	BANK1	2
M	TAGCGGCAGGACTAGC-1	BANK1	1
M	AGGCGTCTCCTTTGCG-1	EPCAM	1
M	GAGACTTGTGTTAGAA-1	CD79A	2
M	GAGGTCCAGTCCGGAA-1	IRF8	3
M	GCCAGCAAGAACGTCG-1	NCAM1	1
M	TGGGTGCTCGGCATAT-1	LCK	1
M	TATGTTCCAAGCAACG-1	PAX5	2
M	GTAGTACCATGGCCTG-1	EBF1	3
M	TAGCTTTTCGTCCCAT-1	MERTK	1
M	CCCTAACTCTGGCACG-1	IRF8	2
M	TAGGTCACATGGCCCA-1	FLT3	1
M	TGCATGACACCTGAAT-1	TXK	3
M	GAGGCTCAGAACGTCG-1	EOMES	3
M	AGTCAACTCCGGAAAG-1	MERTK	3
M	TCAGCTCCAAGCAACG-1	NKG7	1
M	GTTGGGCAGTATCTGC-1	CD79A	2
M	CCTTGCAAGCCGCAAA-1	IRF8	1
M	ATGTCTTAGAGCTGTG-1	IRF8	2
M	CACTAAGCATCCGTAA-1	KLRD1	2
M	TATGTGGCACCGTCTT-1	CD3E	2
M	CAGTGCGTCTTTCGAT-1	ITK	3
M	TGTACAGCACCACGAC-1	IL7R	1
M	TAACGGTTCGTCTTAT-1	BANK1	3
M	GAAGTCTCAGTAACGG-1	CD28	1
M	TGCCTGTAGGTCTTTG-1	MERTK	1
M	TTACGTTTCGAGTGTT-1	KLRD1	5
M	TGAGTCATCCATATCT-1	NCAM1	1
M	GCGGTGTGTAGTGATA-1	EBF1	9
M	CTCTACGCAACACGGA-1	CSF1R	1
M	CCAATGAAGGGTTCCC-1	VCAN	2
M	AGTGTACGTTACTTTC-1	ZBTB46	1
M	TATGTGGCAGTTCGGC-1	ZBTB46	1
M	CCTAAAGCATCGTACA-1	MARCO	1
M	TACTAGGCACTGCTTC-1	CD79A	1
M	GCAGCTGAGAGCACTG-1	LYZ	1
M	AACTTGGTCGCGTGAC-1	KRT8	3
M	GCCTACTCAGATACAA-1	KLRD1	4
M	GGATGAGCACTCGGAC-1	VWF	1
M	GCCTACTCAGATAAGT-1	CD3E	1
M	GCCTACTAGAAGGGCG-1	EBF1	2
M	TTTGTGTGTTCCATCC-1	ITK	2
M	CGCTGGAAGATGAGGA-1	ZBTB46	1
M	GGCGTTGAGTTACCAC-1	KIR2DL4	2
M	GCGTTGGAGCTATCGT-1	IRF8	1
M	TGATGCACACATTCTT-1	KLRD1	7
M	CTAGGGCTCGAACCGC-1	NCAM1	1
M	ACTATTCGTAGGTAAT-1	SH2D1B	2
M	TCAGTCCTCAGTCACA-1	LCK	1
M	AGCCCGAAGGTTCTCA-1	ITK	1
M	GGGACCTTCATAGGTC-1	CSF1R	1
M	GCCTAGGTCCATGACA-1	EPCAM	1
M	CCTTAATCAAAGACGC-1	KLRD1	3
M	AACCAACTCGATGTAC-1	CD160	1
M	CACATGATCAAGGCAG-1	PAX5	1
M	GCGGTGTGTGTCCAGC-1	ITK	2
M	CTCAACCCACAGGAAC-1	EOMES	1
M	GAGGTCCAGTCCGGAA-1	ZBTB46	1
M	AGCTGATAGGCGATTG-1	KLRD1	1
M	TCGATTTTCTGACATG-1	MRC1	1
M	CCCACATGTGCAAGAC-1	LCK	2
M	GGATGAGAGGTACATA-1	ITK	2
M	GGTTGCGTCCTATCCG-1	IL7R	2
M	TAGCACAAGCTAGTTC-1	TXK	4
M	TTACCGCAGCACACCC-1	CD28	1
M	ATGTACGGTCATAGCT-1	NCR1	1
M	ACTGTCCTCCTCATTA-1	PECAM1	2
M	AGTCCGGCACAAGTGG-1	PECAM1	2
M	ACAAACCAGACTTCCA-1	ITK	2
M	ACAATCGCAACGTAGG-1	SKAP1	3
M	TGATGCACAAAGCTGG-1	FLT3	1
M	TCTATTGTCCATGTTT-1	EBF1	1
M	CTAGGATAGGGTGTTG-1	ITK	5
M	TGCTATTTCCATATCT-1	BANK1	9
M	GGATGAGCAAGTGGCA-1	TXK	5
M	GTAGGAGCAAACTACC-1	TXK	4
M	AGGCCCACAGGATAGC-1	EPCAM	1
M	GAGACTTGTGTTAGAA-1	EPCAM	1
M	CAACGTAGTACCCATA-1	NCR1	1
M	GGATGAGTCACCCTTG-1	NKG7	2
M	TAAGTGCCACAGTTAC-1	IRF8	1
M	GGGACCTAGTTGGAAT-1	VWF	1
M	AACAAAGAGCGCCTAC-1	CD3D	1
M	CGGACCAGTCACAGTT-1	NCAM1	5
M	CGCTATCGTAAGCCTT-1	LCK	1
M	AACCAACTCGATGTAC-1	KRT8	1
M	GGCGTTGAGAGCCACA-1	KLRF1	2
M	GCCCAGAGTTTCGACA-1	VWF	2
M	TTTGCGCCAAGACTAA-1	CD5	1
M	TAACGGTCAGTAGGCA-1	CD6	1
M	CCCTCTCTCTATCTAC-1	SH2D1B	2
M	AGCCTTCAGAGCTACG-1	PAX5	2
M	AGCTGTACAAGCTTTG-1	ITK	5
M	ACGTTAGGTTGAAGCG-1	BANK1	1
M	CTTGCCATCGCGTGAC-1	COL1A1	1
M	TAGCATGTCCACCTAC-1	KRT8	2
M	GACCGACGTAAGTCTC-1	KLRD1	1
M	CCCACATGTGCAAGAC-1	VWF	1
M	TCACCACGTAGTTTGC-1	LCK	1
M	AGCCTGGTCGCATACA-1	BANK1	2
M	CTTGTCGAGAGAGGTA-1	ITGAM	1
M	TAATCGGCACGACGAA-1	ITGAM	1
M	ATGTTTCAGTTGGAAT-1	PRF1	6
M	CCGTGAGGTCCCGAGT-1	PAX5	1
M	GGATAGGGTTCTTTGT-1	EBF1	2
M	ACCAAACTCAGGGTTT-1	EOMES	2
M	GCCTACTCAGATACAA-1	ZBTB46	2
M	GAGCATTTCTAAACGC-1	PECAM1	1
M	CGCTGGAAGGCGTCCT-1	CDH1	1
M	GAGATTCGTGATAGAT-1	CDH1	1
M	ATGTCGAGTAAACGAT-1	FLT3	1
M	CCTGGGAAGGATTTGA-1	CD6	2
M	TTTGCGCCAAGACTAA-1	PRF1	2
M	GGTGCTGAGAACGTCG-1	CD160	1
M	GATTGACGTGTCGTCG-1	LCK	1
M	TACCTCGGTTTGTACG-1	PAX5	1
M	GTAGGAGGTATCAGCT-1	EBF1	3
M	CCTGGGACAACTAGAA-1	SKAP1	1
M	TTTACGTTCGCGTTCT-1	CDH1	1
M	ACCATCCTCTGGCCAG-1	CD6	1
M	GCGGAAATCTACTGCC-1	EBF1	2
M	GTGGATTCAGTAACCT-1	ITK	3
M	AATGTCGTCAGCCGAC-1	ITK	1
M	TTCTAACAGGAGTACC-1	VWF	1
M	ACTACCCTCTGATCTT-1	PRF1	3
M	CGCTATCCAACATAAG-1	SH2D1B	6
M	GTGCACGAGACGACTG-1	CD14	1
M	TGATTTCCAATCATCG-1	KIR2DL4	1
M	GAGGCTCAGCTCCGGT-1	PECAM1	1
M	CAAAGCTAGTTCAGGG-1	CD79B	1
M	GGAACTTGTAACTGAA-1	KLRD1	4
M	CTTCTAATCCCAATAG-1	CD3G	1
M	TGCATGACACCTGAAT-1	NCAM1	1
M	TGCTCACTCCGGGCAT-1	NCAM1	6
M	GGTCATAAGAACTCCT-1	CD160	1
M	GCCCGAACATTGTGAC-1	CD14	1
M	CAATCCCTCGAGTGTT-1	VCAN	1
M	ATCCTCGTCCGTTAGA-1	ZBTB46	1
M	TCGCAGGCAACGGGTA-1	IRF8	1
M	GGTCATAGTGGCCTTG-1	KLRF1	1
M	GGATGAGAGGTGTTGG-1	MRC1	3
M	AGATTCGAGTGCACAG-1	CD160	2
M	AGCCTCTCAAATAGTG-1	EBF1	2
M	GAGTGAGGTTCAGAAA-1	MERTK	1
M	AACATCGAGTACGCGA-1	CD8A	2
M	ACTATTCAGTCCCGCA-1	KLRD1	3
M	CATTCATAGTGGTGTG-1	KLRF1	1
M	GCGGAAATCTACTGCC-1	THEMIS	1
M	TCACAGACAAGGTCGA-1	TXK	3
M	AAAGGGCCAAGACACG-1	NKG7	2
M	TCAGCTCAGAGGCAGG-1	IRF8	1
M	TCACAAGGTCTGCACG-1	KLRD1	2
M	CAACGGCCAACAACTC-1	EOMES	1
M	CAATCCCCACCCTTAC-1	EOMES	1
M	GTTGGGCAGGCTCCTG-1	NCR1	1
M	ACCCAAAAGCGGACAT-1	CD6	2
M	CGCTGGAAGATGAGGA-1	MS4A1	1
M	TAATCGGCAATAGCGG-1	MARCO	1
M	GGTACCGAGAGCGGTT-1	CD8A	1
M	AGATTCGTCTTCCGTG-1	COL1A1	1
M	GAAACAAGTATCCCTC-1	SKAP1	1
M	GCCCAGAGTTTCGACA-1	KLRD1	4
M	CTACTTAGTACGAGAC-1	CD3E	1
M	GGTACCGAGCCGCAAA-1	SH2D1B	1
M	TTAGGTGTCGCGATGC-1	LCK	1
M	TGACAACTCGCCGAAC-1	EBF1	1
M	GTCTACCCATGGAGGT-1	ITK	4
M	TAGCATGCAGAACAGC-1	IL7R	1
M	TTCGCGTTCTTCCGTG-1	EOMES	1
M	TACTAGGTCTTACTCA-1	KIR2DL4	2
M	TAAGTGCGTGCAACAG-1	PECAM1	1
M	GTACTTTTCGTCTTAT-1	CLEC9A	1
M	CGATGATTCTATCTTG-1	CD3E	2
M	GACCAATGTCATCGTA-1	BANK1	2
M	GTCCATCAGCTTTCCC-1	CD79A	3
M	AATGCCAGTAGGTGAC-1	SKAP1	3
M	CCGTACTTCTTAATCC-1	KRT8	2
M	GCAGCTGTCACAACAC-1	THEMIS	1
M	GAATCTGAGCTACGTT-1	BANK1	2
M	GTAGACTAGAAGCCGT-1	BANK1	1
M	GCTTAAGGTTGGAGGT-1	CD28	2
M	TATGTTCTCAAAGTAG-1	MARCO	2
M	CCGTACTTCTTAATCC-1	GNLY	1
M	TAGCCGGAGTGTCACT-1	CD79A	1
M	TAGCATGGTGTCCCAG-1	CD79A	1
M	GAGGCTCTCTGATCTT-1	KLRF1	1
M	AAATGAGAGTGCTGAG-1	SPI1	1
M	TGCTTTATCTTCCACG-1	PAX5	1
M	GCGATTATCTCCCTTT-1	THEMIS	1
M	GCGTTGGTCGGCATAT-1	CD8A	2
M	GCTCACTGTGTGCTTA-1	COL1A1	1
M	GGTGCTGGTATGGTTC-1	FLT3	1
M	ATTACTCCACCCTTAC-1	KLRD1	3
M	ACAAGCTGTAACTCCA-1	KLRF1	2
M	CCCACATCAGGATGTG-1	CD5	1
M	GTGGATTCAGTAACCT-1	SH2D1B	1
M	CGCAATACAGGCTACC-1	THEMIS	3
M	CAGCTGGTCGGGAATG-1	BANK1	2
M	TGGTCCTGTGCGCATC-1	BANK1	1
M	GAGATTCGTGATAGAT-1	BANK1	1
M	TCAAGCAAGACCTATC-1	TXK	1
M	TTCGATTGTGCCGGTT-1	MERTK	4
M	TATGTTCCAATTAGGA-1	CD8A	3
M	TCACCACGTAGTTTGC-1	NKG7	1
M	CCCTGATAGATACCAA-1	PECAM1	1
M	ACTTCCGGTGTCCAGC-1	CDH1	1
M	AGTGTACGTCATCGTA-1	CD6	1
M	CCCTAACCAACTCGTA-1	ITK	1
M	TGACTCCGTGGTTCTA-1	PECAM1	1
M	CAACGTACAGAGTCGA-1	PECAM1	3
M	GTGGATTAGCTTACCA-1	KRT18	1
M	GGCATTATCCAGTACA-1	VWF	2
M	GGTACCGGTGCTGAAG-1	NCAM1	1
M	GTCACTCAGTCTTAGC-1	BANK1	1
M	TACCTATAGACAGCTG-1	GNLY	1
M	ATAGGCTGTGGACAGT-1	SKAP1	2
M	TGTTAGGCATTAGCCA-1	CD68	1
M	TTAGCTTCATTGTGAC-1	IRF8	1
M	GCAGATTCAGTCCTGG-1	NCAM1	2
M	ACTAACGAGACCCTAT-1	ITK	1
M	TCTATTGGTGGACAGT-1	BANK1	3
M	GGTTGCGGTGGTCGAA-1	EOMES	1
M	TGTGGCGCATTAGCCA-1	CD28	1
M	TAGCTTTTCGTCCCAT-1	KLRD1	2
M	GCTGTTCCATGGTTTG-1	KLRF1	1
M	GAGGATGAGGCCTCGT-1	NCAM1	1
M	TTATGTCCATTACCTT-1	SPI1	1
M	TTGCACCCAGGGTAAC-1	CD160	1
M	CGATGATTCCTCAAGA-1	IL7R	1
M	AAAGATGTCTGCGTCT-1	EOMES	1
M	ATTCGTTGTAAACCCT-1	CD8A	1
M	GGTGCTGCACAAACAA-1	SKAP1	1
M	ATCGAGTCACACTAGT-1	SKAP1	2
M	TACCTCGGTTTGTACG-1	LCK	1
M	GCTCACTAGATGCGAC-1	THEMIS	3
M	AGCCGCACAACAACTC-1	THEMIS	3
M	GGAGGATGTCCCGAGT-1	EBF1	3
M	GTTGGGCCAACTCGTA-1	EOMES	1
M	TAATTCCGTCACTCTC-1	MERTK	1
M	CTACTTACAGCAAACG-1	NCR1	1
M	TAGCCCTCATTTGTTC-1	SKAP1	1
M	GTGGATTAGTAGTCGG-1	KLRD1	13
M	CACGTTCGTTATCGAC-1	KLRD1	2
M	TTCGGTCCAAGGAAGA-1	KLRF1	1
M	CATTCATTCTCTGAGA-1	MRC1	1
M	TTACCCGTCAGAACGG-1	EOMES	1
M	GCTTAAGAGGTCTTTG-1	NCR1	1
M	TAGCCGGAGACTTGAA-1	PECAM1	1
M	CCACGTTGTCGAGGAT-1	ITGAM	2
M	ATTTGTCCACCTGAAT-1	KLRD1	5
M	TTTACGTTCGCGTTCT-1	KLRD1	1
M	TCTAGTTAGCTACGCC-1	SPI1	1
M	GTGCACGGTAACTCCA-1	PRF1	1
M	CGAGTTAGTACTTCAG-1	PAX5	2
M	CTCTCGAAGACCATAA-1	CD14	1
M	TCTCTGGAGTCGCCTG-1	CD8A	1
M	GGTGTCGAGTAGTGTA-1	CD8A	1
M	AGCTGGCGTAGCATGG-1	GNLY	1
M	GGTCATACATTACTCT-1	NKG7	2
M	AAAGGATTCCAGTACA-1	SKAP1	2
M	CTGTATTAGTGATTAG-1	CD160	1
M	TCACAGAGTCCTATTT-1	VCAN	1
M	CCCTAGTCAAACCCTA-1	BANK1	2
M	CGTACAACAATCAGGG-1	NCR1	2
M	ACCATCCTCGTTTGAG-1	PECAM1	7
M	CCAGAATCAGGAGCAT-1	SKAP1	2
M	TCTCAGCTCGCGCTGA-1	KLRD1	1
M	AATGTCGGTCAGACGA-1	VWF	1
M	AAGATAGAGCCAGAAC-1	PRF1	3
M	GTAGGAGCAAACTACC-1	LCK	1
M	GCAGCTGAGATTAGAC-1	ITK	5
M	GGTGCTGAGAACGTCG-1	ITK	3
M	AGCCCGAGTAGTCTGT-1	BANK1	1
M	CCTTGGTTCAGTGGTT-1	CD79A	3
M	TGCGTAACATGGTTTG-1	KLRC1	2
M	TGCTTTAGTTCCGCGA-1	CD6	1
M	ACCGGGTGTCAAGACG-1	SFTPC	1
M	CGCTATCCACGACGAA-1	GNLY	1
M	GGACACCTCTAAACGC-1	NCR1	2
M	TACTCGCGTCACCCGA-1	NKG7	1
M	TGTGGCGCACATTCTT-1	CD79A	1
M	CGCTATCCAACATAAG-1	CD3G	2
M	CGGTGCACAAGTTCGT-1	CD3D	1
M	CTTAATCCAACGCAAG-1	IL7R	4
M	CTGGCAGCATGGGACA-1	EOMES	1
M	TTCATCACACACACCG-1	LCK	3
M	TCACCTGAGTAGTCGG-1	ITK	3
M	ACAAGCTTCCTGAAAC-1	PECAM1	4
M	AACCAACCAACATAAG-1	VWF	2
M	TACGCCTGTTATCGAC-1	SFTPC	1
M	CGCTGGAAGGCGTCCT-1	THEMIS	1
M	AGTGCCGTCTGGCGCA-1	THEMIS	1
M	TAGGTGTGTGACGCAA-1	MERTK	1
M	ACCGGGTGTCAAGACG-1	MERTK	1
M	TAATTCCTCCCAATAG-1	EPCAM	1
M	AGCCTGGTCGCATACA-1	KLRF1	2
M	TGTAGCAAGTGATATG-1	NCAM1	1
M	CATGTTTCACGCGACT-1	CD5	1
M	TAGCATGCAATGACTC-1	IL7R	1
M	TTAGCGACACGATTAC-1	GNLY	1
M	TTGTTCAGTGGCGCTT-1	CD79B	1
M	TTGAGTGTCCTTGACC-1	SKAP1	2
M	AATACGCGTCTCGGGT-1	SKAP1	4
M	GAATCTGTCGAGTGTT-1	KLRD1	6
M	TCAGTCCTCTTCCGTG-1	KLRD1	1
M	CTACAGAGTAATGCCT-1	CD3D	1
M	GTAGGAGGTCCGTGCA-1	ITK	9
M	CACTGAACAACAAACA-1	VCAN	1
M	ACTAGGTTCCATAACG-1	BANK1	1
M	TACATTCAGTAACACA-1	TXK	2
M	CACATGAAGGACTTTC-1	EOMES	1
M	TAATTCCAGAACCATA-1	NKG7	2
M	GAAACAAGTGAGTTGG-1	KLRD1	1
M	ATGCATGAGCTCGTTA-1	SH2D1B	1
M	TCACAAGCAGCTTACA-1	SH2D1B	2
M	GTTACGAGTGCGTCCA-1	THEMIS	2
M	TTACCCGGTAGTCTGT-1	THEMIS	1
M	TGTACGAGTTTGCATG-1	EBF1	2
M	TGAGTCAAGCAGAGCT-1	BANK1	1
M	TTCAACTCAGGTAGCA-1	ZBTB46	4
M	ACCGGGTAGTGATCTC-1	KLRD1	3
M	ATCCAGATCCTTGACC-1	KLRF1	1
M	TGCCTGTGTACATGGG-1	PRF1	2
M	GAGCATTCAGTTAAAG-1	SH2D1B	1
M	TGACAACCATACCCGG-1	BANK1	4
M	GGTAGGAGTGCACTTA-1	NKG7	3
M	GACCTTCAGGGCGAAG-1	PECAM1	1
M	CTCCCAATCATTCATC-1	SKAP1	1
M	GCATTGAAGACTTCCA-1	KRT8	1
M	GTGACATGTGCACATT-1	KLRD1	2
M	AGTGCCGTCTGGCGCA-1	NCAM1	4
M	AGCCGCAGTGCACCCA-1	NCAM1	1
M	GCGATTAGTAGAACGC-1	EOMES	1
M	CACAACACAAACGACG-1	ZBTB46	2
M	AACGTACCAAGAGATT-1	CD28	1
M	ACTACGATCCACGGCA-1	MARCO	1
M	AAAGGGCCAACTCGAT-1	CD79A	2
M	TCAGTCCAGGGAAGCG-1	SKAP1	1
M	GGAACCCGTCAGAAAT-1	KLRD1	5
M	CTGGGACCAACAAACA-1	VWF	1
M	TCACAAGCAGCTTACA-1	THEMIS	1
M	TAGCATGTCCACCTAC-1	BANK1	4
M	GTCACGGTCTCCACTG-1	BANK1	1
M	TTCTGTAAGTTGCGCC-1	EOMES	1
M	CACATGATCGCCACTT-1	CD28	1
M	CGTACAAGTTGTATCG-1	KIR2DL4	1
M	CGATGATTCAGTGTAC-1	CD79A	1
M	AGCCCGAGTAGTCTGT-1	PECAM1	1
M	CAGCTAATCGCGCTGA-1	SKAP1	1
M	AGATTCGTCCTGAAAC-1	FLT3	1
M	CCCTGATAGATACCAA-1	NCAM1	1
M	ACGTGGCTCGAAGCCC-1	ITK	2
M	AGGCGAAGTTGGAGGT-1	TXK	1
M	TATCGAGCAATTCTCT-1	CD8A	4
M	CTCCCAAAGAGTCCGA-1	CD79A	2
M	CCACGTTGTCGAGGAT-1	CD79A	1
M	ATAGGCTAGCCATTCA-1	SKAP1	2
M	CTTCCAGAGCGTGTTT-1	TXK	2
M	TGACTCCTCTTTGCAT-1	KIR2DL4	1
M	ACTTCCGGTGTCCAGC-1	IRF8	1
M	TCAGGGCTCTGGTACA-1	IRF8	4
M	AAGGTTCAGAAGCCTG-1	KLRD1	9
M	CTCTCAGCAGACTAAA-1	KLRD1	2
M	TCACCACTCCCGTAGG-1	KLRD1	2
M	GTCACGGTCTCCCTTT-1	PAX5	1
M	TTCAACTGTTCTACGA-1	EBF1	2
M	TACTCGCTCACTCGGG-1	CD14	1
M	CGCTAGGAGCTAGTTC-1	CD14	1
M	ATGGATCGTTTCGACA-1	BANK1	6
M	TAATCGGCACAGATGG-1	BANK1	1
M	ATTACCTAGATCCGAG-1	CDH1	1
M	GGCATTATCCAGTACA-1	NCAM1	1
M	GTTACGACACTAGCCG-1	MRC1	1
M	GGAATCTCACTACACA-1	ITK	1
M	TCCCACACACAAACAA-1	VCAN	1
M	ATTGTGGGTACGGATG-1	KRT18	1
M	GACCGACGTATGCTAC-1	KLRD1	5
M	TTGCCCAGTCAACGGA-1	KLRD1	2
M	TCAGGTAGTATCCTTT-1	KLRF1	1
M	CCGTACTGTGCCGGTT-1	NCAM1	2
M	CTCTACGTCAGTGGTT-1	PRF1	3
M	ACCTGCTTCCAACGCG-1	CSF1R	1
M	GTAGACTTCTCTCAAT-1	IL7R	1
M	TTGAGCATCCTGACCT-1	BANK1	4
M	GCTCAGGCACCACAGC-1	TXK	1
M	TAGGAGGCAGTATCTG-1	KIR2DL4	1
M	CCTCCCTTCGCCCTTA-1	PECAM1	1
M	CCATACCAGGCAGTAC-1	SKAP1	2
M	TCTCAGCGTGAGTAAT-1	IRF8	1
M	CTAGGATTCTCTGTTA-1	NKX2-1	1
M	TTCATCATCGCGCCAA-1	KLRD1	3
M	AACATCGTCCAGGTCG-1	PRF1	1
M	GGATGAGCAATCCATG-1	CD1C	1
M	CTTCCAGAGAACGTCG-1	EBF1	1
M	TGCACCTTCGATTACG-1	ITK	9
M	CCACGTTTCTTTATCG-1	ITK	1
M	TGGACATCATCATCGA-1	BANK1	3
M	CTTGCTGTCCACGGCA-1	EOMES	1
M	ATTACTCCACCCTTAC-1	CD79A	1
M	GGGAACACAGTCAGCC-1	CD79A	3
M	AACGAGGCACATTGCA-1	PECAM1	4
M	GGTTGCGAGGCCAATG-1	ITGAM	2
M	CTCTCAGAGAAACGCC-1	VWF	1
M	GTTATGGTCCTCTCTT-1	ITK	4
M	ACAATCGTCTATGAGC-1	VCAN	1
M	GGAACCCGTCCGAGCT-1	ZBTB46	1
M	GGTAGGAGTGCACTTA-1	NCR1	1
M	GAGACTTCACTTTGGA-1	NKG7	2
M	GTTATGGGTAAACGTA-1	LYZ	1
M	AGCCTGGGTTGAAGCG-1	VWF	1
M	AGACAAAAGGTAAGTT-1	PRF1	5
M	TTAACGGTCTTAAGCG-1	MRC1	3
M	TTCTAACTCTATACCT-1	ITK	3
M	CGCTATCGTCATCGTA-1	VCAN	2
M	AACATCGAGTACGCGA-1	BANK1	4
M	GCATTCCCAAAGGAAG-1	TXK	2
M	TTGCTATAGACACAAT-1	CD8A	1
M	AGTTTGGGTCATAAGA-1	KIR2DL4	2
M	CGCTATCCAACATAAG-1	SKAP1	8
M	GTCACAAAGGATGTAT-1	CD68	1
M	TTATGTCCATTACCTT-1	CD6	1
M	CAATCCCAGGTTTCTG-1	SH2D1B	1
M	CATGCCTCACCCTTTG-1	CSF1R	2
M	GTGCACGAGACGACTG-1	VCAN	2
M	CGATGATTCGATGTAC-1	BANK1	4
M	CTACAGAAGTGGACGT-1	TXK	2
M	ACCGGGTAGTCCGTGC-1	TXK	1
M	GCCCAGAGTGGTAGAC-1	SKAP1	4
M	TAGACTGCATCATAGC-1	CDH1	1
M	TAGCATGGTTACTTTC-1	PRF1	2
M	ATGTACGGTCATAGCT-1	PRF1	2
M	AGCCTCTAGGAAGAAC-1	SH2D1B	1
M	CAAGAAAAGGTACTCT-1	SFTPC	2
M	GCAGATTTCTGGCACG-1	BANK1	2
M	GCCCAGACAAACTACC-1	NCR1	1
M	CGCTGGATCACTCCCA-1	KLRD1	5
M	TTACGGAAGCTCCATA-1	ITK	1
M	ACTACCCTCTGATCTT-1	IL7R	1
M	GGTCATAGTATTCGAC-1	CD68	1
M	AACAAAGGTAAAGCTA-1	SH2D1B	1
M	CTTGCTGTCTGTGTGA-1	KLRD1	3
M	GACCCAGAGGTCTTTG-1	CLEC9A	1
M	TTGCTATCACGCTGTG-1	PAX5	1
M	TAAGCCATCCGCGATG-1	CD28	1
M	AACCAACTCGGTCAGC-1	CD8A	1
M	AATGGAAAGAGGTCCA-1	SKAP1	2
M	GGTGCTGCAAGGGTAC-1	KRT8	1
M	ACGGATTAGGATTAAC-1	KLRD1	1
M	CCGAAGCCAACCTCCT-1	LCK	3
M	GTCACGGCATTCACCC-1	PAX5	3
M	GAAGTGGGTCCCGAGT-1	EBF1	2
M	CCTGGGAAGAATACTG-1	EBF1	2
M	CTGAATGAGCTTTCCC-1	EBF1	1
M	GCATTCCCATTCGTCC-1	ITK	3
M	AAACGAAGTGGTGGTA-1	ITK	2
M	GATGGCCCATCAGAAA-1	CD28	1
M	TTGCACCCAGGGTAAC-1	CD8A	1
M	TAGTCCCCACAAGGGT-1	NCR1	1
M	CTTTGCGGTATCACAC-1	CD79A	1
M	GTGCACGGTAACTCCA-1	CD79A	2
M	TTGGTCCAGGTGATGC-1	KLRD1	7
M	CAGTGCGTCTTTCGAT-1	CD6	1
M	GGTTGCGGTGGTCGAA-1	PRF1	2
M	AAAGGGCTCCGGCTGA-1	PAX5	3
M	ACCGAATGTTTCAGCA-1	VCAN	1
M	ATCCCTGGTCCTTATT-1	NKG7	1
M	ATCGAGTTCCTAAGTG-1	PECAM1	5
M	GTGGATTAGGCGTAGT-1	KLRC1	1
M	CATTGGATCGGTCTCT-1	BANK1	2
M	GTTATGGTCCTCTCTT-1	CD28	1
M	GTCACTCAGAAATGGG-1	NCR1	1
M	GCGGAAATCTACTGCC-1	SKAP1	2
M	AGACAAAAGTGAAGGA-1	KLRF1	1
M	CAACGGCAGTGAACCG-1	CD5	1
M	AGGCCCAGTATTCGCA-1	SH2D1B	1
M	AGTCAACTCCGAATTG-1	CD79A	1
M	ATTACCTTCTACATCT-1	PAX5	1
M	TTTACGTAGTCTGCTA-1	EPCAM	1
M	GTGTGATAGGCTTTAC-1	CD6	1
M	GTCTACCCATCGCTAA-1	ITK	2
M	GGAACTTGTCTAACCA-1	VCAN	1
M	GTTACGACACTAGCCG-1	BANK1	1
M	TGACTCCCAGTAAGCG-1	EOMES	1
M	AGCGTGCAGTGTCACT-1	ZBTB46	1
M	CACCACTGTTAGAGAT-1	GNLY	4
M	TCAGGTAGTAAGTGCG-1	NCAM1	3
M	GACCGACGTATGCTAC-1	THEMIS	3
M	GAACCTAAGCGCACAA-1	CD79A	2
M	TCGTTCGCAACGAGGT-1	FLT3	3
M	CGGACTGCAATGGTAA-1	NCAM1	1
M	TTAACGGCAGCGCGTT-1	MRC1	2
M	CAAGAAACATTGAACC-1	MRC1	1
M	CCCGTTACAACAACTC-1	LCK	5
M	TCGTTCGAGCAGGAGG-1	BANK1	1
M	CATGCCTCACCCTTTG-1	EOMES	1
M	GGTTGCGAGGCCAATG-1	MERTK	1
M	TAGTCCCCACAGTAGG-1	NKG7	5
M	CGATGATTCTATCTTG-1	PRF1	2
M	AGTGCCGGTAGCGTTT-1	EBF1	1
M	CCTGGGACAATGTAAG-1	ZBTB46	2
M	AGTCCGGTCCTAGAGT-1	VWF	4
M	ACGTGGCAGTATGCTC-1	MRC1	1
M	CAACGTACAGAGTCGA-1	EBF1	3
M	TGAGTCATCCATATCT-1	ITK	7
M	GTGTCCTTCGAACACT-1	TXK	1
M	TCACCTGAGTAGTCGG-1	NCR1	2
M	GGTTGCGAGGCCTCTG-1	SKAP1	4
M	CCGAAGCCAACCTCCT-1	KLRD1	7
M	GGGAACATCCGGCGAT-1	KLRF1	1
M	GAACGTTTCTCCTTAA-1	LCK	1
M	AGCCAGCTCTTCACTA-1	NKG7	1
M	CAAAGCTGTGGTCGAA-1	CD79A	1
M	TATCTGTTCTGGGCGT-1	SKAP1	1
M	ACCGGGTGTCAAGACG-1	CLEC9A	1
M	GTTATTCAGAGGCAGG-1	VWF	2
M	CCTTGGTGTTCTGATG-1	MS4A1	1
M	GCAACCGAGTTCGTTG-1	PRF1	1
M	AGCCCGAAGGTTCTCA-1	BANK1	1
M	TTGCAGACATCCCAAA-1	BANK1	1
M	CTGAATGAGCTTTCCC-1	BANK1	1
M	TTCATTGTCGGTTGTA-1	KIR2DL4	2
M	ATCGAGTCAACGGACA-1	SKAP1	1
M	ACTACCCCAAACGACG-1	MRC1	2
M	TAGACTGAGATCTCAC-1	CD160	1
M	TCACAAGAGAGTAAGG-1	TXK	1
M	ACATGGTCAACACGGA-1	EOMES	2
M	GTCACCTAGAAATTCG-1	EOMES	1
M	GCGGAAATCTCGCGTT-1	MERTK	1
M	ATTACTCCACTTGCGG-1	ITGAM	1
M	CGTACAACATCCGTAA-1	CD160	1
M	TCTATTGGTGGACAGT-1	GNLY	3
M	AAAGGATAGGATGTCG-1	NKG7	2
M	ACGTTAGGTAGCGAGT-1	SKAP1	1
M	CTCTCAGCAGACTAAA-1	CD6	1
M	ATAGGCTAGCGATACG-1	SPI1	1
M	CAACGTAGTCTGAGCC-1	PRF1	6
M	AGGCCCACAGGATAGC-1	MRC1	3
M	GACTAGTTCAAATGGA-1	CD28	2
M	TACCTATGTGCCAAGA-1	MERTK	1
M	GTCACTCAGTCTTAGC-1	GNLY	1
M	TATGTTCTCTATACCT-1	IRF8	1
M	AACGAGGCACATTGCA-1	PRF1	2
M	CGATGATTCCTTTGCG-1	MRC1	4
M	GAGCGCTTCGGCTATA-1	THEMIS	2
M	TATGTTCTCTATACCT-1	CD14	1
M	GCAGCCATCAGTAGTC-1	BANK1	1
M	GCAGCTGGTTTCGATG-1	TXK	5
M	GAGCATTTCTAAACGC-1	GNLY	2
M	GCTGTTCCATCCCAAA-1	CD160	2
M	GCCAGCAAGTGGTGTG-1	EBF1	1
M	CGTTCCATCGATAGCT-1	MARCO	1
M	GTTGGGCAGGCTCCTG-1	NKG7	2
M	TACAGCACATGGGACA-1	PECAM1	1
M	CTAACTTAGGAAACTT-1	LUM	1
M	TCAATTCTCAGTCAAC-1	NCAM1	1
M	TCCATCGGTCTCTGGG-1	MERTK	1
M	TGGTCAAGTGATCAGG-1	CD8A	1
M	GGGTTATTCCACACCT-1	IRF8	1
M	CCCGTTAGTGCTGTGC-1	CD6	2
M	ACAGCGCGTCGTAATC-1	PRF1	1
M	AGTGTACGTTACTTTC-1	CD14	1
M	CGCTGGAAGGCGTCCT-1	IL7R	2
M	GCCAGCAAGAACGTCG-1	IL7R	1
M	GGACACCTCTAAACGC-1	TXK	1
M	TTCATTGTCGGTTGTA-1	CD28	1
M	GAGAACGAGTGAACCG-1	GNLY	1
M	GCTGCGAGTACCAAGG-1	NKG7	1
M	CTGAATGAGCTTTCCC-1	CD79A	1
M	ACTTTCACATTCCCGT-1	IRF8	1
M	CCCTCTCTCTATCTAC-1	CLEC9A	1
M	AAGGAGCAGATCACCT-1	MRC1	1
M	TTCATTGTCGGTTGTA-1	THEMIS	2
M	TTTACGTCAACGTCGC-1	BANK1	5
M	GTGATCACAGTAGTTC-1	TXK	1
M	AACCAACGTAACGGAC-1	EOMES	1
M	TTCGATTAGTGTGTAA-1	PECAM1	2
M	GCGTAGCTCACGTGTA-1	SKAP1	3
M	TAAACCGGTGCGTAGA-1	IRF8	1
M	TTAACGGCAGTTACAC-1	CD5	3
M	GCAAAGGAGCAATGTA-1	LCK	1
M	CAATCCCTCGAGTGTT-1	EBF1	1
M	GTCCATCGTGAGGGTT-1	ITK	6
M	ATGGATCAGGCTGGAT-1	BANK1	4
M	GTGCACGGTAACTCCA-1	CDH1	1
M	TTTGGTTTCGTCAACA-1	KLRD1	3
M	GGTCATAAGATTCCGT-1	KLRF1	2
M	CGTTCCAGTTCTTAGG-1	VWF	1
M	GCAAAGGAGCAATGTA-1	VWF	1
M	CTCCCAACACTGAAGG-1	MRC1	1
M	ACTATTCCACCGATCG-1	ITK	2
M	TACCTCGGTTTGTACG-1	CD14	1
M	TAGCCCTGTATTCGCA-1	CD28	1
M	TTACCGCCAGGTAGCA-1	NKG7	3
M	TAACAGCGTTGCAGAG-1	IRF8	2
M	GCGATTATCAATTGGC-1	DCN	1
M	GGATGAGTCACCCTTG-1	KLRF1	2
M	AACTTGGGTGCTGTCG-1	CD3E	1
M	GCTCGAGAGCCGCAAA-1	ITGAM	1
M	GGCGTTGAGAGCCACA-1	CD3E	1
M	GGTGAAGGTGCTTGAT-1	NCAM1	1
M	TCTAGTTGTAGTCTGT-1	SPI1	1
M	CCAGATACAATGGCTT-1	ITK	1
M	TAGTCCCCAAACTACC-1	BANK1	1
M	CAGTGTATCTCGCGTT-1	CD79A	1
M	GTAGGAGCAAGCAACG-1	PECAM1	1
M	AACCAACCATTAACGC-1	KLRD1	1
M	TACTAGGGTGGTGGTA-1	ITK	1
M	ATTGTCTTCGCTCGGA-1	IRF8	2
M	TTGTTCAGTCCTTCAC-1	CDH1	1
M	GTCACAAAGGATGTAT-1	FLT3	1
M	GGCGAAATCCCAGCGA-1	KLRD1	5
M	CAAAGCTAGTTCAGGG-1	CD160	1
M	TCAGCTCAGAGGCAGG-1	THEMIS	1
M	TCAAGCAGTACTTCAG-1	ITK	8
M	GCGATCGCAGCAACAG-1	BANK1	1
M	GCATTGATCGATAGGG-1	NCAM1	1
M	GACCCAGAGATTACGA-1	NCAM1	5
M	GTAATCGGTTACCACA-1	NCAM1	1
M	ATTACTCCACCCTTAC-1	PRF1	1
M	CATAACGAGCGAATAT-1	THEMIS	1
M	GAACCTATCTTACTCA-1	EBF1	2
M	CCCTGATTCTCTGACC-1	ITK	15
M	AAACTCGTCGCATACA-1	CD14	3
M	CACCACTGTTCTTTCA-1	EOMES	2
M	TGACAACCATACCCGG-1	EOMES	2
M	TACGGATCATACTGCA-1	NKG7	2
M	GCCTACTCAGATACAA-1	KLRF1	1
M	TGACTCCGTGGTTCTA-1	CD3E	1
M	TAACGGTGTCAGAAGC-1	SH2D1B	2
M	GCTTAAGTCTTGTCAT-1	CD160	1
M	GCTGAGCGTTTGCCAA-1	EBF1	2
M	CCCTGATCAAGTCTCA-1	ITK	1
M	AACCTGACACATCATG-1	CSF1R	1
M	TACCTCGTCATAGGTC-1	BANK1	1
M	ACCTGCTGTTTGAAGA-1	BANK1	2
M	TAGCGGCGTAGGGTTG-1	ZBTB46	2
M	GGGTGTCGTTTCAGCA-1	KRT8	1
M	AACTGGTAGCACCATT-1	CD3D	1
M	AAATGAGGTATCTCAG-1	CD5	1
M	GCTGCGAGTAGAATAC-1	PRF1	2
M	TAGCCCTGTATTCGCA-1	MRC1	1
M	CCCTGATCAACACGGA-1	CD160	1
M	CAGGATTTCGCTTGAA-1	ITK	7
M	TTTGAGGGTCAGGTGA-1	ITK	1
M	GGGACCTAGACTTGAA-1	KIR2DL4	3
M	AACAAAGAGCGCCTAC-1	KIR2DL4	1
M	AGATTCGTCTTCCGTG-1	CD68	1
M	GCAGCTGGTTTCGATG-1	KLRD1	5
M	GTGTCCTGTCTGGGCT-1	CD3G	1
M	TGTGGCGCATTAGCCA-1	ITK	5
M	GTCCATCAGCTTTCCC-1	TXK	2
M	CAGCCTTAGAACCATA-1	MERTK	2
M	CTCCCAAAGAGTCCGA-1	ITGAM	1
M	CACATGATCACTCCCA-1	CD3E	2
M	CCTGGGACACTAGCCG-1	SH2D1B	1
M	ACTCGGGCACCTATTT-1	ITK	2
M	GTGCACGTCGACTCGG-1	VCAN	1
M	GTCTACCCAGGCACAA-1	TXK	5
M	TAGACTGAGATCTCAC-1	IRF8	2
M	TAGTCCCCACAAGGGT-1	CDH1	2
M	GTGCTGGAGAGCTGTG-1	FLT3	2
M	TGACTCCAGGAAGGTA-1	CSF1R	1
M	TACATTCTCGCTTCAC-1	CD14	1
M	GTGCTGGAGAGCTGTG-1	IL7R	3
M	CCTGGGACACTAGCCG-1	IL7R	1
M	GCCCGAACATTGTGAC-1	PECAM1	1
M	TGGCCTTGTAACGTAA-1	DCN	1
M	GTAGGAGGTATCAGCT-1	KLRD1	6
M	AGCCTGGGTTGAAGCG-1	PRF1	2
M	CTCAGAACATTTGGCA-1	SH2D1B	1
M	CACTAAGCATCCGTAA-1	SFTPC	4
M	TGAGCCGTCCAAGTCA-1	THEMIS	1
M	GAGTGAGGTTCAGAAA-1	NCAM1	1
M	GCTCGAGCAATGGCAG-1	PAX5	3
M	GAGGATGCAGGCAAGT-1	THEMIS	1
M	CAAGCTAGTGTCTCGG-1	ITK	2
M	GCGGAAATCCATGTTT-1	CSF1R	1
M	ACCTGCTTCACTAGGT-1	BANK1	3
M	AACATCGGTCTGGGAA-1	PRF1	2
M	CTTTGCGGTCATAGAA-1	MRC1	1
M	GAGGTCCGTCAGGTGA-1	ITK	4
M	AAGGAGCCAGCGTAGA-1	ITK	3
M	GATTGACGTGTCGTCG-1	CD79A	2
M	TTACGTTCACCACAGC-1	KRT8	1
M	TCGAGCGTCGGATCGC-1	KLRD1	1
M	ATCCAGAGTATCTAGC-1	CLEC9A	1
M	TTATGTCCATTACCTT-1	VWF	1
M	GCGGAAATCTCGCGTT-1	CD3G	1
M	GTTATTCTCCTCCCAA-1	CD6	2
M	AGCCAGCTCTTCACTA-1	CD6	1
M	TGTAAGCGTCCGTGCA-1	ITK	8
M	AACGTACGTTTGAAGA-1	CD79A	1
M	CAACGTACAGAGTCGA-1	CD79A	1
M	CTTTGCGGTTCTGATG-1	PECAM1	1
M	CGTACAAGTTGTGACT-1	IRF8	2
M	CAGCTGGGTCGCTAGC-1	FLT3	3
M	CAAAGCTGTGGCCTTG-1	KLRD1	2
M	ACGTTAGGTTGAAGCG-1	KLRD1	2
M	TGACAACTCGCCGAAC-1	NCAM1	5
M	GCACGCATCCTGACCT-1	VCAN	1
M	TGTTAGGCATTAGCCA-1	KIR2DL4	1
M	CAAAGCTCAAGCAATA-1	FLT3	1
M	CAAAGCTAGTTCAGGG-1	NCAM1	5
M	CGATGATTCCTCAAGA-1	THEMIS	1
M	CTCTAGCTCGGAGTTT-1	EBF1	1
M	CCCTGATCAACACGGA-1	ITK	3
M	AGTGCGCTCCTCCAGT-1	ITK	1
M	TGCCTGTTCGGTCTCT-1	PECAM1	1
M	GTGTCCTCAAGATTAG-1	PRF1	2
M	TCACCTGAGTAGTCGG-1	BANK1	1
M	GCCAGACTCCGTACGG-1	MERTK	1
M	GCGATCGCAGGCACAA-1	ITGAM	1
M	GTGTCAATCTCTTCTC-1	SH2D1B	1
M	TGCGTAACATGGTTTG-1	ITK	2
M	CTCTCAGAGCAGAATT-1	CD14	1
M	TGTACAGCAGCTATAC-1	CD8A	2
M	AGTGTACGTCATCGTA-1	PECAM1	1
M	GCATGATAGACTAATG-1	KLRD1	2
M	GTAATCGTCCTTCGAC-1	CD4	3
M	TAGTCCCCACAGTAGG-1	SPI1	1
M	GGAGGATTCTAGCAAC-1	SFTPC	1
M	GCAGCTGTCCAAGTCA-1	ITK	5
M	TACGCAACATGGCCGT-1	CD14	1
M	TGCTCACGTAACAATG-1	BANK1	2
M	AACCTGACACATCATG-1	CD8A	2
M	TGATGCATCGATGCAT-1	NCR1	1
M	GGGAACACAGTCCTGG-1	CD6	3
M	AGCCAGCTCTTCACTA-1	PRF1	1
M	TTCGGTCTCTTTATCG-1	EBF1	1
M	GGAGGATTCGGTTGTA-1	TXK	1
M	AAAGGGCCAACTCGAT-1	ZBTB46	1
M	GTCTACCCATGGAGGT-1	NCR1	1
M	TTACCGCCACTAGGAG-1	COL1A1	2
M	ATGTCTTGTTGGTAAA-1	KLRC1	1
M	CCACGTTTCTTTATCG-1	EBF1	2
M	GCAGATTTCCGCGATG-1	TXK	3
M	AAAGGGCCAAGACACG-1	MERTK	2
M	TGACAACCAAGACACG-1	KIR2DL4	1
M	AGCCAGCAGCTTACCA-1	PECAM1	1
M	TTCGGTCCAGTAGTTC-1	COL1A1	1
M	TAGTCCCTCATCGCCT-1	KLRD1	2
M	CACAACACATCGACCG-1	NCAM1	1
M	TGGTCCTAGTGAGCAC-1	PRF1	1
M	TCCATCGGTCTCTGGG-1	CD160	1
M	AAGATAGAGCCAGAAC-1	LCK	4
M	TACAGCATCGCCTTAC-1	THEMIS	2
M	TAATCGGCAATAGCGG-1	BANK1	7
M	GCTCGAGCACGTTACA-1	EOMES	1
M	TGTGTCCTCGTCCCAT-1	CD79A	1
M	TCACCTGAGTAGTCGG-1	SKAP1	2
M	GTTGGTACATTATGGC-1	NCAM1	6
M	GAGACTTCAATAGTGA-1	NCAM1	3
M	ACATGCATCTACATCT-1	PRF1	3
M	CACCTTGAGCACCATT-1	CD160	1
M	GATTGACGTGTCGTCG-1	EBF1	2
M	GCACGCATCGGCTATA-1	ITK	4
M	CGTACAATCGTGTGCG-1	BANK1	4
M	TTGTTCATCGTATAGC-1	GNLY	3
M	ATTTGTCCACCTGAAT-1	NKG7	2
M	GAAGTCTCAGTAACGG-1	CD79A	2
M	CCGTACTAGCGAGCTA-1	CD79A	1
M	CCGTAGGAGGCGACTA-1	IRF8	2
M	GCCAGACTCCGTACGG-1	IRF8	1
M	AAACGAAGTACTTCAG-1	KLRD1	2
M	TGCCTGTTCGGTCTCT-1	SH2D1B	1
M	GCTCCTATCGTCGCAG-1	PAX5	1
M	CTCAGAACATTTGGCA-1	ITK	4
M	GTCACGGTCTCCCTTT-1	ITK	1
M	CCCTCTCCACCACGAC-1	CD14	2
M	TGTGACAAGGTACACG-1	BANK1	1
M	GTGCACGGTAACTCCA-1	TXK	4
M	TTCGATTTCCGCTCTA-1	TXK	1
M	GAAAGTAGTAAACGGC-1	CD8A	2
M	ACAGAAACAACTCAAC-1	NKG7	1
M	ACAAGCTGTAACTCCA-1	PECAM1	4
M	CACCTTGTCGTGAACT-1	PECAM1	2
M	AGCCCGAAGGTTCTCA-1	PECAM1	1
M	ACCCAAAAGCTGAATA-1	SKAP1	1
M	CGCTATCGTCATAGCT-1	EBF1	2
M	CCTTAATGTGATGCTT-1	ITK	3
M	TTCAACTTCAGTCAAC-1	MARCO	1
M	TAAACCGGTGTGCTTA-1	NCR1	1
M	TTACCGCCACTAGGAG-1	KLRD1	3
M	TACTAGGCACTGCTTC-1	CD28	3
M	TTACCCGCACTAGGAG-1	IRF8	6
M	ACAGCGCTCCTTCGAC-1	KRT8	1
M	CTTGCCATCGCGTGAC-1	KLRD1	5
M	GGATGAGAGGTACATA-1	CLEC9A	1
M	GCGTTGGTCCGTTTCG-1	NCAM1	2
M	AGCTGATCATCCTCGT-1	MRC1	2
M	ACAGCGCTCCATGACA-1	LCK	1
M	GCAGCTGAGATTAGAC-1	PAX5	1
M	GATCGTAGTCCACCAG-1	ITK	6
M	GAGATTCGTGATAGAT-1	KLRD1	1
M	TGGTCCTGTAAACGAT-1	KLRD1	4
M	CAAAGCTGTCATAGAA-1	NCAM1	6
M	CACTGAATCGTGATAC-1	PRF1	1
M	TTCGATTGTGCCGGTT-1	SH2D1B	2
M	TTACCCGCACTAGGAG-1	LCK	2
M	TCGTTCGCAACGAGGT-1	EBF1	2
M	TTACGTTCATGGTAAA-1	IL7R	1
M	AAACTCGCACCGAAAG-1	PRF1	1
M	CTAGGGCTCGAACCGC-1	BANK1	1
M	CCACGTTGTCGAGGAT-1	TXK	1
M	TCAAGCAGTACTTCAG-1	EOMES	1
M	ATCCAGAGTTTCGTTT-1	GNLY	1
M	TTGTTCAGTCCTTCAC-1	NCR1	2
M	TAGTCCCTCATCGCCT-1	KIR2DL4	2
M	GGGCCATGTCTGTTGA-1	SH2D1B	2
M	GGTTGCGTCCTATCCG-1	CD160	1
M	GCATTGATCGATAGGG-1	ITK	3
M	ACCAAACTCGCAAACT-1	ITK	1
M	CTTTGCGGTATCACAC-1	NKG7	1
M	AACCAACGTAACGGAC-1	PECAM1	3
M	CGTAAACGTTCCGGCA-1	PECAM1	2
M	TGGCAATAGTTGACAA-1	LCK	3
M	GAAGTGGAGGCTAAAT-1	EBF1	2
M	CTGCGTTGTGCGCTCA-1	EBF1	4
M	TTGACGAGTTACCACA-1	NKG7	1
M	GCCCAGAGTCCCTAAA-1	PECAM1	6
M	TGGCAATTCGTCTAGA-1	SKAP1	4
M	TGGCAATGTTCATTTC-1	CDH1	1
M	GCTTAAGAGGTCTTTG-1	CLEC9A	2
M	ACATGCAGTTTCGATG-1	NCAM1	1
M	GGAACCCGTCAGAAAT-1	SPI1	1
M	GAGACTTCACTTTGGA-1	SH2D1B	2
M	TTACCCGTCTTCCACG-1	LCK	1
M	AATGGAAAGAGGTCCA-1	THEMIS	3
M	GAGGCTCGTAACGGCA-1	THEMIS	4
M	CATTCCGGTACGGAGT-1	EBF1	5
M	TACGGATTCTTCTCTC-1	EOMES	4
M	TCTCAGCTCGCGCTGA-1	CD79A	1
M	ACATGCATCTACATCT-1	IRF8	1
M	GAGTGAGGTTCAGAAA-1	IRF8	2
M	ACTTTCACACACTAGT-1	NKX2-1	1
M	GTTATGGGTAAACGTA-1	KLRC1	2
M	GTGGATTAGCTTACCA-1	EBF1	3
M	TCAAGGTAGAACAGGA-1	TXK	1
M	CAACCAATCGAGGTCC-1	TXK	1
M	GCCCGAAAGACCATAA-1	ZBTB46	1
M	CGGACCATCAATTCCT-1	MERTK	1
M	CTTGCTGGTATCTAGC-1	NKG7	2
M	TAGTCCCCAAACTACC-1	CDH1	1
M	GCCAGACGTGGTACTT-1	CD4	1
M	AAATGAGTCGGTACTA-1	PAX5	1
M	CGATGATTCGATGTAC-1	TXK	5
M	GTCACGGCAACTACTG-1	TXK	1
M	AGATTCGTCCTGAAAC-1	CD8A	1
M	CTCACCATCCACTAGA-1	IRF8	2
M	GACCCAGAGGTCTTTG-1	NCAM1	8
M	CTCAGAACATTTGGCA-1	NCAM1	1
M	AAAGGATTCACATTCT-1	CD6	2
M	GCTCACTGTACCAAGG-1	THEMIS	1
M	GCCCAGAGTGGTAGAC-1	EOMES	1
M	GCCTAGGCAAGAGATT-1	SKAP1	1
M	AGCCGCACAACAACTC-1	NCAM1	5
M	TAGACTGAGAACCATA-1	EOMES	1
M	CGCAATAAGTGCCCTG-1	EOMES	2
M	TGTTAGGTCCAATAGC-1	PECAM1	1
M	TTAGCTTCATTGTGAC-1	KRT8	1
M	TTGCAGAGTAGCCATT-1	VWF	1
M	GTACTTTCAAGATGCG-1	VWF	3
M	GCCTACTCAGATACAA-1	CD3G	1
M	GTTATTCCAAGAAACT-1	MRC1	1
M	GCCAGCATCAAACCCA-1	EBF1	2
M	ACAGAAACAACTCAAC-1	ITK	4
M	TCCGACTCAACGGGTA-1	ITK	2
M	GAAGTGGGTCCCGAGT-1	CD79A	1
M	TGACAACCATACCCGG-1	PECAM1	1
M	GAGCATTCACGACGAA-1	CD3E	1
M	CCCGTTAGTGCTGTGC-1	LCK	7
M	CTGGCAGCATACCCGG-1	ITK	3
M	GGGACCTAGAACGTCG-1	ITK	1
M	TTGCTATCACGCTGTG-1	CD8A	2
M	TAGACTGCATCATAGC-1	CD8A	1
M	AAGGAGCGTGAGGTCA-1	GNLY	4
M	GGGACCTGTATTCTTC-1	GNLY	3
M	CTTTGCGGTTCTGATG-1	IRF8	1
M	TCGCCTACATCGGCTG-1	ITGAM	2
M	CCCTCTCCAAGGTTCT-1	THEMIS	2
M	TGTGACAAGTTGAATG-1	EBF1	1
M	GAGGTCCGTCAGGTGA-1	GNLY	3
M	ACCTGCTCAGGACCTC-1	ITGAM	1
M	TAAGCCAGTGATGCGA-1	KLRD1	3
M	TCACAAGCAGCTTACA-1	KLRF1	1
M	AGTCAACTCCGAATTG-1	CD6	2
M	TATGTGGAGTAACTCC-1	CD160	2
M	CGTACAAAGAGGCCTA-1	IL7R	2
M	CGGACTGCAATGGTAA-1	BANK1	1
M	AATGCCAGTAGGTGAC-1	BANK1	1
M	AATACGCAGGTGTCGA-1	TXK	3
M	ACAATCGTCTATGAGC-1	CD8A	5
M	CTCAACCTCACATCCC-1	NKG7	1
M	AGTTTGGCAACTCGTA-1	PECAM1	1
M	AGTTACGAGTCCTTCC-1	VWF	1
M	ATTACTCGTGGACTGA-1	CD3E	1
M	GCAGATTTCCGCGATG-1	NCAM1	2
M	TAAACCGTCGTTCAGA-1	SH2D1B	1
M	ATGTCGAAGCCCATGC-1	EBF1	1
M	TTCGGTCCAGTAGTTC-1	BANK1	3
M	TGCACCTAGACTCTTG-1	NCR1	5
M	GCGATTAGTAGAACGC-1	SKAP1	2
M	GCAGCCATCCATCTAT-1	CD6	1
M	GTCCATCAGGGTATCG-1	MRC1	1
M	CCGAAGCAGTTCGACT-1	LCK	1
M	CAAAGCTCAAGCAATA-1	THEMIS	5
M	TGCTATTTCCATATCT-1	ITK	4
M	ACTGCGGTCCAATCCC-1	BANK1	2
M	AACGAGGAGCAACGGT-1	NKG7	1
M	ACTACGAGTAGTATCC-1	SKAP1	2
M	GTGGATTAGTAGTCGG-1	CD3E	2
M	GTGCACGGTAACTCCA-1	PAX5	5
M	AACTTGGGTGCTGTCG-1	CD79A	2
M	TGTTAGGGTCTGGTCG-1	IRF8	1
M	AACTGTGAGCATTGGG-1	CD6	1
M	AGCCTGGTCTACTGCC-1	PRF1	2
M	TGCCTCAGTGGAAAGA-1	BANK1	4
M	TACCTATAGACAGCTG-1	KIR2DL4	1
M	TCACCACTCCCGTAGG-1	PECAM1	2
M	TGGCCTTGTTTGCATG-1	COL1A1	6
M	TCAGGTAGTATCCTTT-1	VWF	2
M	ACCTGCTTCATTCTCA-1	NCAM1	1
M	TTAACGGCAGTTACAC-1	SH2D1B	2
M	TAGCGGCGTAGGGTTG-1	SH2D1B	1
M	GCAGCCATCCATCTAT-1	LCK	4
M	GAAACAATCGCCAGAC-1	PAX5	2
M	CCCACATAGTCTAGAA-1	ITK	3
M	CAGGATTCAATGGCAG-1	ITK	1
M	TCAAGGTAGGGCATTG-1	BANK1	4
M	GCTCACTGTGTGCTTA-1	BANK1	1
M	GTAGACTTCTCTCAAT-1	MERTK	1
M	GTAGGAGGTCCAAGTT-1	CD79B	1
M	GACCCAGGTTGAATAG-1	ITGAM	1
M	CCGTGAGGTCCCGAGT-1	LCK	1
M	CCCGTTAGTTCTGAGT-1	EBF1	2
M	GGTAGGACATTAGCAC-1	MERTK	1
M	GCAGATTTCGATAGTC-1	NKG7	1
M	CACTGAACAAGCGACA-1	COL1A1	2
M	CCAATGAAGGGTTCCC-1	KRT8	2
M	TAGCTTTGTTGGTAAA-1	MRC1	1
M	TGCCTGTAGGTCTTTG-1	EBF1	1
M	AGCGTGCTCTTCTTCC-1	TXK	3
M	GGAACTTGTAACTGAA-1	CD6	1
M	CTTTGCGGTCATAGAA-1	LCK	1
M	CATTCCGAGATAGGTT-1	CD28	3
M	TGGCAATAGATTAGAC-1	KLRD1	2
M	AGCGATTGTGCACCCA-1	PRF1	1
M	TCACCACCATGATCGT-1	CSF1R	2
M	AGTGCCGAGAGATTAC-1	VCAN	1
M	TATCGAGCAATTCTCT-1	TXK	1
M	GGTTGCGAGGCCTCTG-1	NKG7	1
M	TTCTAACTCCCATAGA-1	CD79A	2
M	CCCTCTCTCTATCTAC-1	PECAM1	2
M	GAGGATGTCTCATCCG-1	PECAM1	4
M	GTCACGGCATTCACCC-1	ITGAM	1
M	TATGTTCTCGGTTCCT-1	CD3E	1
M	TAGACTGGTTCAGAAA-1	CD6	1
M	ATGGATCAGGAGAACA-1	MRC1	1
M	CTACTTAAGGGACGTT-1	SH2D1B	1
M	GCATTCCCAAAGGAAG-1	ITK	2
M	CTACAGAAGTGGACGT-1	BANK1	2
M	ACAAGCTCAAATGCTC-1	EOMES	2
M	CATGCCTCACCCTTTG-1	NKG7	1
M	TAGTCCCCAATTCGTG-1	PECAM1	1
M	GCGTTGGTCCGTTTCG-1	ITGAM	1
M	AGTTACGGTTCTTTCA-1	LYZ	1
M	AGATTCGAGTCATACC-1	KLRF1	1
M	TTAACGGCAGTTACAC-1	KLRF1	2
M	AAAGGGCCAACTCGAT-1	SH2D1B	1
M	TGGTCAATCGGTAGGA-1	EOMES	1
M	GATTAGCCAATTCAGC-1	EOMES	2
M	CGTACAATCGTTCTAT-1	MERTK	1
M	TACTAGGAGTCGATAA-1	NKG7	1
M	ACGTGGCCAAGACTAA-1	DCN	1
M	TATGTTCCAATTAGGA-1	CD6	3
M	CAGCTGGCATTGTGAC-1	VCAN	1
M	GAACCTATCTTACTCA-1	BANK1	7
M	TCAAAGCGTATTTGCG-1	TXK	7
M	AACAAAGAGCGCCTAC-1	EOMES	3
M	TATGTGGAGTAACTCC-1	CLEC9A	1
M	AGATTCGTCCGTGCGA-1	KLRF1	1
M	AATGGAAAGAGGTCCA-1	NCAM1	2
M	CGTAAACTCGCATAAC-1	PRF1	3
M	ACCTGCTTCACTAGGT-1	EBF1	1
M	AGGCCTGTCAGCACGC-1	BANK1	1
M	CATGTTTTCAGGAATA-1	TXK	3
M	CCTGGGACAATGTAAG-1	KLRD1	2
M	GGAGTAGAGTCTGGGA-1	KLRF1	1
M	GTTACTTTCATGAACC-1	PRF1	1
M	ACCTGCTTCCAACGCG-1	NKG7	1
M	AATGTCGAGCGGACTA-1	PECAM1	1
M	TGGCCTTGTTTGCATG-1	LYZ	1
M	ATTACTCCACTTGCGG-1	EBF1	2
M	ACAATCGCACGCTAAT-1	ITK	3
M	CACTAAGCATCCGTAA-1	CD8A	10
M	GAGTGAGGTTCAGAAA-1	KLRD1	5
M	TGCCTCAGTGGAAAGA-1	KLRF1	1
M	CGTAAACGTTCCGGCA-1	KLRF1	1
M	AACAAAGAGCATGATA-1	PRF1	4
M	TAATTCCGTCACTCTC-1	PAX5	4
M	TTCGATTAGACCCTAT-1	ITK	2
M	GGGTCTGGTAGCAGCA-1	TXK	3
M	GTGTCCTCAAGATTAG-1	TXK	1
M	CTCTCAGAGCAGAATT-1	CD8A	1
M	CATTCATAGTGGTGTG-1	KIR2DL4	1
M	GGCATTACAACGCACC-1	SKAP1	3
M	CCTTAATTCTAGCAAC-1	IRF8	2
M	CCAATGAAGGGTTCCC-1	PRF1	5
M	TGGAAGGAGTGAAGGA-1	CD160	1
M	GTAGGAGTCTGTAGAC-1	LCK	1
M	GAAACAATCTCAGATG-1	THEMIS	15
M	TGTGGCGCATTAGCCA-1	EOMES	2
M	CTTCTAAGTCGATTAC-1	CD28	1
M	TAGGAGGTCATTCATC-1	CD8A	1
M	CCCTGATGTCCATTGA-1	NCR1	2
M	ACGGATTAGCCATGGA-1	CD79A	1
M	TGGCAATCATACTGCA-1	PECAM1	1
M	ACGTGGCCAAGGTCGA-1	COL1A1	4
M	TAGTCCCTCATCGCCT-1	NCAM1	1
M	GTCACCTGTAACATAG-1	MRC1	1
M	CGTACAACATCCGTAA-1	LCK	2
M	GCGAGTCGTTGAATAG-1	PAX5	1
M	ACAGCGCCAGTCAGCC-1	TXK	4
M	TGCCTCAGTAATGCAA-1	KIR2DL4	1
M	CAAGCTAAGGCAGTAC-1	NCAM1	1
M	AATACGCGTCTCGGGT-1	SH2D1B	3
M	GATGGCCAGTGAGCAC-1	LCK	5
M	ACAATCGCAACGTAGG-1	MRC1	2
M	TGGCCTTGTTTGCATG-1	LCK	1
M	AGTGCGCTCATAGGTC-1	PAX5	1
M	AACGTACAGGTTCTCA-1	EBF1	3
M	CACCTTGAGCACCATT-1	ITK	4
M	GCCCGAATCCCGCAAG-1	MERTK	1
M	GGCGAAATCCCAGCGA-1	NKG7	3
M	GGTCATAGTTTGTGAC-1	ITGAM	1
M	CCCACATGTGCAAGAC-1	KLRD1	3
M	ACTGCGGTCCAATCCC-1	SFTPC	1
M	TGGCGCAAGCTGAGGT-1	VCAN	5
M	AATGGAAAGAGGTCCA-1	BANK1	4
M	TCGTTCGGTTTGCGAT-1	ZBTB46	1
M	TACGGATCATACTGCA-1	IRF8	1
M	CCTGGGAGTCATTGGT-1	LCK	1
M	CTCGCTATCGCCCTTA-1	LCK	1
M	GCTTGCTTCCATAACG-1	BANK1	5
M	GACCCAGTCTCTTCTC-1	PECAM1	1
M	CGCTATCGTCATCGTA-1	COL1A1	1
M	TGGACATAGTCGAGCA-1	EBF1	1
M	TTACGTTCATGGTAAA-1	BANK1	3
M	CTCTAGCGTCAACGGA-1	ITGAM	1
M	GTAGTACTCCTCAAGA-1	CD6	1
M	GAGATTCGTGATAGAT-1	EOMES	1
M	CGATGATTCCTCAAGA-1	NCR1	3
M	CCGAAGCAGACCCTAT-1	KIR2DL4	2
M	CGCACAGCACTTGCGG-1	CD79A	1
M	GCCCAGAGTGGTAGAC-1	KLRD1	3
M	CACTGAACAAGCGACA-1	CD6	1
M	GCGTTGGAGCTATCGT-1	SFTPC	1
M	GAGCGCTTCTGAAAGA-1	THEMIS	1
M	CAGTATGTCTTACGGA-1	ITK	3
M	GGATGAGAGGTGTTGG-1	CD4	1
M	GCAGCTGAGATTAGAC-1	NCAM1	3
M	GATTAGCCAAACCCTA-1	EOMES	1
M	CCGTACTAGGTAGGCT-1	KLRF1	1
M	TAGGAGGTCACTCGGG-1	VWF	3
M	GTTGGGCAGGCTCCTG-1	CD3D	1
M	CTTTGCGGTATCACAC-1	ITK	9
M	CCCTGATAGATACCAA-1	SKAP1	2
M	AAGGAGCAGATCACCT-1	VWF	11
M	GGTCATAGTGGCCTTG-1	SH2D1B	2
M	CATGCCTAGTTAGCGG-1	ITK	1
M	AATGCCATCTTTGCAT-1	VCAN	2
M	GAAAGTAGTAAACGGC-1	VCAN	2
M	CTACTTACAAGCCCTG-1	ZBTB46	1
M	AAGGAGCGTGAGGTCA-1	MARCO	1
M	TCTAGTTGTAGTCTGT-1	SKAP1	3
M	CCCACATAGAGCTCCC-1	SKAP1	1
M	TGTTAGGCATTAGCCA-1	VWF	1
M	CATAACGAGCGAATAT-1	MRC1	1
M	ATTTGTCCACCTGAAT-1	SH2D1B	2
M	GGAATCTAGTCTGTGT-1	SH2D1B	1
M	GCTTAAGGTTACACTG-1	PAX5	1
M	TTATGTCCATTCCCGT-1	CD14	1
M	GTTATGGGTAAACGTA-1	VCAN	1
M	TTCGATTCAAAGACGC-1	BANK1	2
M	CCGTAGGGTACTAGAA-1	KLRD1	1
M	GGGCCATCAGTAACCT-1	KLRD1	2
M	GATTAGCTCGGGATCC-1	VWF	4
M	GAATCTGTCCCACTTG-1	NCAM1	3
M	CCAATGAGTTAACCGT-1	VCAN	1
M	GGATAGGAGAAATTCG-1	BANK1	2
M	TCAAGCACAGAAAGAG-1	BANK1	3
M	ATGTCGAAGCCCATGC-1	EOMES	1
M	AAAGGGCCAAGACACG-1	CD8A	1
M	CTCTACGAGTCTCCAA-1	NCR1	1
M	CCTTAATGTTTAGGAA-1	KRT18	1
M	GTCCATCAGGGTATCG-1	KLRF1	1
M	CTGTATTAGTGATTAG-1	VWF	1
M	GGAGGATTCACAGGGA-1	NCAM1	2
M	AGGACGACAGCGCGTT-1	MS4A1	2
M	CCTTGGTGTTCTGATG-1	PRF1	1
M	AACGGGAAGGGACGTT-1	SH2D1B	3
M	GCACGCATCCTGACCT-1	ITK	7
M	TACTAGGCATTACCTT-1	EOMES	2
M	AACAAAGTCGAACACT-1	CD3E	1
M	AGCCTTCCAGAGAGAA-1	CD6	3
M	GAAGTCTCAGTAACGG-1	LCK	2
M	GCTTGCTCAAGTCCTA-1	LCK	1
M	TGCATGAAGTAACTCC-1	THEMIS	1
M	AGCTGGCTCGTCTTAT-1	ITK	13
M	TGCTTTATCTCGCGGA-1	ITK	2
M	GAGGATGTCTCATCCG-1	VCAN	1
M	TTCGGTCCAAGGAAGA-1	TXK	1
M	GAGGCTCAGAACGACC-1	EOMES	1
M	ACTAACGCACCCTTAC-1	EOMES	2
M	GGTGCTGCAAGGGTAC-1	MERTK	2
M	TATGTTCTCTATACCT-1	CD8A	2
M	GGTGCTGGTGGACGAT-1	CD8A	1
M	ACTTTCATCTCCAACC-1	COL1A1	1
M	AACTGGTTCGTTCCGT-1	LCK	1
M	CCGTAGGCATAGTCCA-1	ITK	1
M	AGTGTACTCTTAACGG-1	ZBTB46	1
M	TAGCACATCAACTTGG-1	MERTK	1
M	GTCACAACACGCTGTG-1	KIR2DL4	1
M	CGCTGGAAGGCGTCCT-1	CD79A	1
M	TGCATTTCACTTATGG-1	CD79A	1
M	ATAGGCTGTGGACAGT-1	VWF	1
M	TTCGGTCTCACTTACT-1	NCAM1	1
M	AACAAAGAGACCGCAA-1	ITK	2
M	GGATGAGAGGTGTTGG-1	VCAN	1
M	TCACTCGAGTTCCCGG-1	IL7R	1
M	TAGCGGCGTAGGGTTG-1	CD8A	1
M	CCAATGAGTTAACCGT-1	CD8A	2
M	AACGGGAAGGGACGTT-1	NCR1	2
M	CTGTATTAGATGCGAC-1	NKG7	1
M	TCTAGTTTCAGTGTAC-1	VWF	1
M	ATAGGCTGTCAAGACG-1	PRF1	2
M	GCGAGTCAGGAGTCTG-1	MRC1	2
M	TCAAGACCAGCAACGA-1	ITK	3
M	TTCGATTAGTGTGTAA-1	KLRF1	1
M	ATTCGTTCAAGAGATT-1	CD3E	1
M	TTATGTCCATTACCTT-1	MRC1	1
M	CACAGATAGGGTCTGA-1	TXK	2
M	TAACGGTGTCAGAAGC-1	TXK	6
M	GAAGTCTAGTTATGAG-1	EOMES	1
M	CGCTATCCAACATAAG-1	NKG7	3
M	GCCTAGGGTCGAGGTA-1	PECAM1	4
M	CCGTAGGAGGCGACTA-1	KLRD1	1
M	ATAGGCTGTCAAGACG-1	VWF	3
M	TGATGCATCTCTTCTC-1	SPI1	1
M	TCAAGGTTCACAACAC-1	MRC1	2
M	GCCTAGGAGTACCTCA-1	MRC1	1
M	CACAACACAACGTAGG-1	EBF1	2
M	TGCTCGTAGCGAGAAA-1	ITK	2
M	GGTGAAGTCGCAAGCC-1	TXK	1
M	TTAGGTGCAGGAGCAT-1	MERTK	3
M	AACGAGGAGTCTCGAT-1	CD79A	1
M	TGGTCAACAATGCCAT-1	MRC1	1
M	ATGTTTCAGTTGGAAT-1	CD28	2
M	TACATGGAGCTAACAA-1	CD28	1
M	CACAGATGTCAACAGG-1	KIR2DL4	1
M	GCTCAGGCATCGTGAT-1	SKAP1	4
M	GGGACCTCAAGTCTGT-1	KLRD1	5
M	AGCCCGACAGGTGGTA-1	KLRF1	3
M	CGTTCCAAGGAGTACC-1	VWF	1
M	TCACAAGAGAGTAAGG-1	SH2D1B	1
M	CCTAAAGCATCGTACA-1	ITK	1
M	ACAGAAACATCTCTCG-1	ITK	1
M	TGATTTCCAAGGGTAC-1	ZBTB46	2
M	TACAGCACATGGGACA-1	CD79B	1
M	CGTAAACGTTCCGGCA-1	SKAP1	5
M	AGTGCCGAGTCGACCC-1	FLT3	1
M	CCCACATGTGCAAGAC-1	KLRC1	1
M	TGCTATTGTAAAGGCC-1	KLRD1	2
M	TCCATCGAGAGGAAGT-1	KLRD1	1
M	ATGTCGAAGCCCATGC-1	LCK	3
M	AGCTGGCGTAGCATGG-1	TXK	2
M	AATGTCGGTCAGACGA-1	TXK	1
M	ACTACGAAGCGCCTAC-1	CD8A	4
M	AAACGAACACTTACAG-1	KIR2DL4	1
M	TGCTTTAGTCCAAGAG-1	CD6	2
M	GTCACAACATTCACCC-1	THEMIS	1
M	GCAGATTTCTGGCACG-1	EOMES	1
M	GAGCATTTCTAAACGC-1	CD28	2
M	CTTAATCAGAAATGGG-1	SPI1	1
M	GCACGCATCCTGACCT-1	CD160	4
M	GTGACATCAATGGCTT-1	LCK	1
M	CGCTGGAAGATGAGGA-1	THEMIS	1
M	AGGACGACAGCGCGTT-1	MARCO	1
M	TGTGGCGCAGTCCTGG-1	GNLY	2
M	TTCGGTCCAAGGTCGA-1	SKAP1	1
M	TAGTCCCTCATCGCCT-1	IRF8	1
M	GAGCATTTCCTGTGGG-1	FLT3	1
M	CAAGAAATCGATAGCT-1	DCN	1
M	GCCCAGATCACAACAC-1	KRT8	1
M	CGTACAATCGTTCTAT-1	KLRD1	3
M	GAGCATTTCTAAACGC-1	KLRD1	1
M	GTTGGGCAGGCTCCTG-1	CD5	1
M	GGATGAGCAGTAACGG-1	BANK1	3
M	TACTAGGCATTCACGA-1	EOMES	2
M	GCCAGCATCCCGCAAG-1	SKAP1	1
M	TTCAACTCAGGTAGCA-1	VWF	3
M	GGGACCTTCATAGGTC-1	PAX5	1
M	ATAGGCTTCCTTTGCG-1	THEMIS	1
M	ACGTTAGTCGAGGTCC-1	CD79A	1
M	AGTGCGCCACAATAAG-1	SKAP1	1
M	TTATGTCAGAACGACC-1	SKAP1	1
M	CGTACAATCGTGTGCG-1	CD3D	2
M	TTCAACTTCAGTCAAC-1	PAX5	3
M	GCCTAGGGTCGAGGTA-1	PAX5	1
M	ATCCAGACACCTGAAT-1	EPCAM	1
M	GTTGGTAGTAGTCTGT-1	NCR1	2
M	ACTGCGGCAGGCACAA-1	NCAM1	3
M	AGATTCGAGGTACTCT-1	SH2D1B	1
M	GAAACAAGTGAGTTGG-1	SH2D1B	2
M	TGGTCCTGTGCCCGAT-1	SH2D1B	1
M	ACAAAGATCCAGCACG-1	BANK1	3
M	GTGTCCTCAAGATTAG-1	NKG7	1
M	CGCTATCCACGACGAA-1	CD79A	1
M	AGGCCCACAGGATAGC-1	PECAM1	1
M	GAGAACGAGTGAACCG-1	KLRC1	1
M	TGATTTCCAATCATCG-1	LCK	2
M	GTTACTTTCTTAACGG-1	ZBTB46	1
M	GTTATGGGTAAACGTA-1	NCR1	5
M	ACTAACGCACCCTTAC-1	KIR2DL4	1
M	GCAGCCAAGGGTAGTC-1	CD79B	1
M	ACATGGTTCCAGGTCG-1	FLT3	1
M	CAAAGCTGTGCTGGCT-1	VWF	1
M	TCACAGATCAAGTTGC-1	SPI1	1
M	ACCCAAAAGCGGACAT-1	CD160	1
M	TGGCAATTCGTCTAGA-1	LCK	3
M	CCTTAATGTTTAGGAA-1	THEMIS	1
M	GACCTTCCATCAGCTA-1	ITK	15
M	ACGTGGCCAAGACTAA-1	VCAN	5
M	TTGCCCAGTACTATGC-1	CD28	1
M	TAGACTGAGCAATGTA-1	GNLY	3
M	TCGCCTACATCGGCTG-1	CD79A	2
M	CAGTATGGTACGTAGG-1	SKAP1	1
M	AATGGCTAGTAGTTCC-1	CD6	1
M	AGGCGAATCCTTCGAC-1	CD6	1
M	TTACCGCCAGGTAGCA-1	CD6	1
M	AGCCAGCGTGCACATT-1	PRF1	3
M	CCACGTTAGGCACTAG-1	CD8A	2
M	GAGAACGTCCTGACCT-1	CDH1	2
M	AGCTGGCAGAAATACC-1	FLT3	1
M	CATTCCGCAACGTACT-1	CLEC9A	2
M	AACTTGGTCGCGTGAC-1	CD3E	1
M	GCGCATGTCGCGCCAA-1	ITK	7
M	CCCTAGTAGTTATGAG-1	BANK1	1
M	ATAGGCTAGCCATTCA-1	CD8A	2
M	AGGCGTCTCTCTGTTA-1	CDH1	1
M	AAGGAGCCAGCGTAGA-1	CD3E	1
M	TTCAACTCAAGCGAAC-1	CD6	2
M	GCAGCTGTCACAACAC-1	MS4A1	1
M	CTGTTCGAGTAATCAG-1	SPI1	1
M	ACCGGGTAGTCCGTGC-1	MRC1	2
M	TCAGTCCTCTTCCGTG-1	LCK	5
M	AATGGAAGTGATGCTT-1	ITK	1
M	TTCGCGTTCTTCCGTG-1	ZBTB46	2
M	ACATGGTAGTCAGCCC-1	GNLY	2
M	ATCGAGTTCCTAAGTG-1	EPCAM	1
M	TAATCGGCACAGATGG-1	CD79A	1
M	CGTGGCAAGGGTCCCT-1	ITGAM	1
M	GTGCACGGTAACTCCA-1	LCK	1
M	GAGTGAGCATTCCCGT-1	PAX5	2
M	ATCGAGTCAAGTCTCA-1	SKAP1	2
M	TTGGTCCAGACCTATC-1	IRF8	2
M	TGGACATAGTTCTCCC-1	CD6	3
M	TACATTCCAAGGAGTC-1	LCK	1
M	GGTGAAGTCTTGCGCT-1	THEMIS	1
M	CTGTATTAGTGATTAG-1	EBF1	4
M	GAGGATGGTCTGTCCT-1	ITK	3
M	ACCTGCTCAGGACCTC-1	MARCO	1
M	TGGCGCACACCCATCT-1	NCR1	1
M	GTCACGGCACTACACA-1	CD79B	1
M	GCAGCTGTCCAAGTCA-1	NCAM1	2
M	TTAACGGTCTTAAGCG-1	SH2D1B	4
M	TCACAAGAGTAGCAAT-1	SH2D1B	1
M	TAGTCCCCACAGTAGG-1	CD160	1
M	GACTAACGTCACCCGA-1	EBF1	1
M	GCGCCAACACGCGCAT-1	EOMES	1
M	TGGTCAACAATGGTAA-1	GNLY	2
M	GAACTTGGTCTGTCCT-1	KIR2DL4	1
M	TACAGCATCACACGTA-1	NKG7	1
M	ACGTGGCAGACCATAA-1	NCAM1	2
M	ACCGGGTGTCAAGACG-1	CD160	2
M	AGTTACGGTGGACCAA-1	THEMIS	2
M	CTGTTCGAGTAATCAG-1	CD79A	2
M	CATTCATAGTGGTGTG-1	PECAM1	1
M	TGCCTGTTCACACGTA-1	ITGAM	2
M	CACTAAGAGCTCCGGT-1	KLRD1	18
M	ACAGACTAGGTAAGCC-1	MRC1	1
M	CAGCTGGTCGGGAATG-1	SH2D1B	1
M	TAGGAGGTCACTCGGG-1	TXK	2
M	TCAGTTTTCTGAAAGA-1	CD79A	2
M	TGGCAATGTAGGGTCA-1	ITGAM	1
M	GCTCAGGAGCCATCAT-1	THEMIS	1
M	GGAATCTTCCCTAAAG-1	DCN	4
M	GTGTCCTTCATTGCCC-1	PRF1	1
M	AACTGGTAGTGAAGGA-1	BANK1	1
M	AGTGCGCCATGGATGG-1	EOMES	1
M	GAAACAAGTGAGTTGG-1	EOMES	1
M	ATCCTCGGTTTCTACT-1	IRF8	1
M	TACTCGCTCGGGCTCA-1	CD3D	1
M	TGATCAGCAGATACAA-1	ITK	2
M	GTGTCCTTCATTGCCC-1	KLRC1	1
M	TCCATCGAGGGAGTTC-1	MRC1	3
M	CGCTATCGTCATAGCT-1	LCK	1
M	AAACTCGCACCGAAAG-1	TXK	5
M	GTAGGAGCAAGCAACG-1	MERTK	1
M	CCTCCCTCACGCGTTG-1	KLRF1	1
M	AAACGAACACTTACAG-1	NCAM1	1
M	TGTAAGCTCCCAGCAG-1	PRF1	1
M	TACATGGTCGCGCCAA-1	THEMIS	1
M	ACAGAAACAACTCAAC-1	ZBTB46	3
M	CGCAGGTGTCAATACC-1	SKAP1	2
M	GACCTTCTCCGAATTG-1	CDH1	2
M	GTGTCAATCCGGCTGA-1	FLT3	1
M	GGCGAAATCCCAGCGA-1	KRT18	1
M	TATGTTCTCTATACCT-1	KLRC1	3
M	ACGTTAGTCACTTACT-1	CD6	3
M	ACAGACTGTGATAAGT-1	THEMIS	1
M	AGGCGTCGTTAAGTCC-1	THEMIS	2
M	ATGTCGAAGAGCCACA-1	EBF1	1
M	AAACGAAGTGGTGGTA-1	CSF1R	1
M	AGCTGATTCACTACCC-1	VCAN	1
M	GTTATTCAGCTCGTTA-1	DCN	1
M	ACGTGGCTCGAAGCCC-1	KLRF1	1
M	ACTCGGGAGGCTTCGC-1	CD6	1
M	CGCTGGAAGGCGTCCT-1	MRC1	5
M	CTCTACGAGTCTCCAA-1	CD160	1
M	CCCACATAGTCTAGAA-1	EBF1	1
M	GAGACTTGTGTTAGAA-1	ITK	8
M	GAAGTCTTCCGATGCG-1	BANK1	1
M	ATCCAGAGTATCTAGC-1	ITK	4
M	GCGTAGCAGAAGCCGT-1	ITK	8
M	CGGTGCACAGCGTCGT-1	EOMES	1
M	GCCCGAACATGATTGC-1	CD28	1
M	GCGAGTCAGTAGACCG-1	CD8A	1
M	ATTTGTCAGCGTTAGG-1	KIR2DL4	2
M	CCTTAATAGGTTAGTA-1	ITGAM	3
M	TAGTCCCCACAAGGGT-1	CD6	4
M	ACAAACCAGACGCCCT-1	MRC1	4
M	TATGTTCCAATTAGGA-1	SH2D1B	1
M	GTTACTTTCATGAACC-1	BANK1	2
M	GGGTCTGCACTCAAGT-1	CD28	1
M	AAGATAGAGCCAGAAC-1	CDH1	2
M	ACCGGGTAGACTAGCG-1	PAX5	1
M	AGTCCGGGTATCTAGC-1	ITK	3
M	ACGGATTTCGATAGGG-1	ZBTB46	4
M	ACAAGCTTCCTGAAAC-1	CD28	1
M	GGGTGTCTCTTAACGG-1	THEMIS	1
M	GGTTGCGTCCTATCCG-1	VCAN	2
M	GTTATTCAGAGTTCGG-1	BANK1	3
M	CCAATGAAGGGTTCCC-1	ZBTB46	2
M	TTACTTGTCCCAGCGA-1	ITGAM	1
M	TCAATTCAGTGCACAG-1	CLEC9A	1
M	GAACGTTTCTATACCT-1	CLEC9A	1
M	AACGAGGAGTCTCGAT-1	NCAM1	3
M	GCAAAGGTCCAGTACA-1	CD6	1
M	TAGGTGTTCCTGTAGA-1	PAX5	1
M	CTTGCCATCGCGTGAC-1	IL7R	1
M	GAAACAATCTCAGATG-1	BANK1	1
M	AAAGATGTCCAGTACA-1	BANK1	6
M	TTAGGTGCAGGAGCAT-1	ITGAM	1
M	ACGTTAGTCCATTGTT-1	CD4	2
M	CTACTTACAGCAAACG-1	VWF	2
M	GCAGCTGTCACAACAC-1	NCAM1	8
M	ATGTCTTCATTGCCTC-1	PAX5	2
M	TAGTCCCCACAGTAGG-1	THEMIS	2
M	GTCACCTAGAAATTCG-1	BANK1	3
M	GAATCTGTCTAGCAAC-1	BANK1	3
M	CAAGCTAAGGCAGTAC-1	NKG7	1
M	TGACAACCAAGACACG-1	KLRD1	4
M	ATGGATCAGGCTGGAT-1	VWF	1
M	TAGCCCTTCGGATAGG-1	SPI1	2
M	TACTAGGCATTACCTT-1	PRF1	3
M	CGGACTGCACGCGACT-1	MRC1	1
M	ACGTGGCCAAGGTCGA-1	MRC1	1
M	GATCGTAAGAACCCGA-1	IL7R	1
M	CTTGCTGTCTGTGTGA-1	CD28	2
M	CTTGTCGAGAGAGGTA-1	CD79A	1
M	GCAACCGTCCTCCCAA-1	SKAP1	3
M	GCGGGTTTCCATGTTT-1	EBF1	3
M	TGGTCCTGTGCCCGAT-1	ITK	4
M	TGCTCGTGTATGGGTG-1	BANK1	8
M	AGTGCGCTCATAGGTC-1	TXK	1
M	CCGTACTGTGCCGGTT-1	KRT18	1
M	ATCCAGACAATAGCGG-1	CD6	2
M	TTTGGTTGTGCTGTCG-1	MRC1	1
M	GTGGATTCACGCTGTG-1	CSF1R	1
M	TGCTCACCAGAACGAC-1	VCAN	1
M	GTCACAACAGGTCTGC-1	MERTK	1
M	CCGTGAGGTCCCGAGT-1	PECAM1	3
M	GTCACAAGTTCTGATG-1	DCN	4
M	AGCCTTCTCTCCTTAA-1	NCAM1	4
M	AGCCTGGGTACGGAGT-1	VCAN	1
M	ATTGTCTTCGGCATAT-1	GNLY	2
M	CTCACCATCCACTAGA-1	KIR2DL4	2
M	TAGCCGGAGACTTGAA-1	SKAP1	1
M	GCACGCAGTTGAAGCG-1	FLT3	2
M	TGCTCACTCGCTTACC-1	KLRD1	1
M	CTAGGATTCTCTGTTA-1	KLRF1	1
M	AGGACGAGTCAAGACG-1	TXK	4
M	TCTAGTTCATCAGCTA-1	NCR1	1
M	GCAGCTGTCACAACAC-1	CD79A	1
M	CCTCCCTCACGCGTTG-1	KLRD1	8
M	TATCGAGGTATTCTTC-1	VWF	1
M	GAGACTTCACTTTGGA-1	CD3E	1
M	GAGCATTTCCTGTGGG-1	EBF1	17
M	TATCTGTAGGCCTCTG-1	BANK1	2
M	AGTGCCGTCGCTTACC-1	BANK1	1
M	CTTGCCAGTGTCTACA-1	EPCAM	1
M	ACTTTCATCTCCAACC-1	CDH1	1
M	CTTGCCAGTTGCCTGG-1	KLRD1	1
M	GTACTTTGTGTCTACA-1	MS4A1	1
M	ATCCTCGTCCGTTAGA-1	CD160	5
M	TATCTGTTCTGGGCGT-1	CSF1R	1
M	TTGTCTACATCCTGGG-1	IL7R	1
M	TCTATTGTCCATGTTT-1	BANK1	3
M	ACAAGCTTCCACTAGA-1	TXK	3
M	GTCACCTGTGAGTTGG-1	EOMES	1
M	GCGCATGGTGAGAGTC-1	PECAM1	1
M	CTGGGACCAACAAACA-1	CD6	2
M	TAACGGTCAGTAGGCA-1	MRC1	4
M	AACTGGTAGCACCATT-1	SH2D1B	1
M	GGACACCTCTAAACGC-1	CD160	1
M	ATCCTGCCAAATTCCG-1	LCK	2
M	CCACGTTAGGCACTAG-1	PAX5	1
M	GAGCATTTCAGGAATA-1	CSF1R	1
M	AGGCGTCGTTAAGTCC-1	NKG7	6
M	CTGGCAGCATACCCGG-1	COL1A1	1
M	CCTTGGTTCGGTTCCT-1	SKAP1	3
M	TAGCGGCTCCCACGGA-1	IRF8	1
M	GCGAGTCGTTGAATAG-1	PRF1	1
M	ACTGTCCTCCTCATTA-1	MRC1	1
M	CATAACGAGCGAATAT-1	CD160	1
M	AAGGAGCGTGAGGTCA-1	EPCAM	1
M	CCACGTTGTCGAGGAT-1	SKAP1	1
M	GGGACCTTCAGGAATA-1	FLT3	1
M	TCGCAGGCAACGGGTA-1	KLRD1	4
M	CAACGGCAGTGTCGGA-1	KLRD1	2
M	ACATGCAGTATTTGCG-1	PRF1	5
M	TTGTTCAGTCCTTCAC-1	ITK	1
M	GCATTGAAGTGCAACG-1	IL7R	1
M	AGGCCTGAGTCAGGAC-1	PRF1	3
M	TCGCCTACATCGGCTG-1	MRC1	2
M	AGCGTGCAGTGTCACT-1	PAX5	2
M	CCGTACTCATTGTTCT-1	CSF1R	2
M	GGTACCGAGAGCGGTT-1	CSF1R	1
M	ACCTGCTTCTCTGACC-1	PECAM1	2
M	CCCAGAGTCCCAGCGA-1	DCN	1
M	CGCTGGAAGGCGTCCT-1	LYZ	1
M	ACCATCCTCTGGCCAG-1	EBF1	1
M	GTGACATCAATGGCTT-1	ITK	4
M	CCCACATAGTCTAGAA-1	IL7R	5
M	CAAGAAATCCATATCT-1	TXK	2
M	AGCTGTACATGTAGAA-1	NKG7	1
M	TAGCACAGTCGCGCTA-1	CD79A	1
M	TCCCACACACAAACAA-1	SKAP1	1
M	TTCAACTCAGGTAGCA-1	NKX2-1	1
M	ACGGATTTCGTTACAG-1	NCAM1	1
M	TGGCAATGTAGGGTCA-1	VCAN	3
M	GAACCTATCTTACTCA-1	PECAM1	2
M	GGCGAAATCCCAGCGA-1	COL1A1	1
M	AGCCTTCCATTTCACT-1	CDH1	3
M	TCAGCTCCAAGCAACG-1	ITGAM	1
M	ACAGCGCTCAAATGGA-1	CD3D	1
M	TGCATGATCGCTTCAC-1	CD6	2
M	ACCATCCAGATGTTCC-1	LCK	1
M	GTCTACCCAGGCACAA-1	LCK	2
M	CAACGTAAGGGCGAAG-1	PAX5	11
M	GGGTCTGGTAGCAGCA-1	VCAN	1
M	TTCGTTAAGACTAGCG-1	ZBTB46	1
M	GAGACTTCACTTTGGA-1	GNLY	1
M	GTTATTCAGGATTTGA-1	GNLY	1
M	CTGGCAGGTCATCGTA-1	NKG7	1
M	AACGTACAGGTTCTCA-1	PECAM1	2
M	TATCGAGTCCCGGGTA-1	PRF1	1
M	GCTGAGCGTTTGCCAA-1	ITK	7
M	ACAATCGTCTATGAGC-1	ITK	5
M	CGGTGCAAGAAGGGCG-1	TXK	1
M	GTGCTGGGTCATAGCT-1	TXK	1
M	CGTTCCATCCGGAAAG-1	NKG7	1
M	GGATGAGCAGTAACGG-1	SKAP1	2
M	GGCATTAAGTAGTGTA-1	FLT3	1
M	CTTGCTGAGAGGCAGG-1	CD3E	1
M	GCCTACTAGAAGGGCG-1	NCAM1	1
M	CCAATGAAGGGTTCCC-1	EBF1	3
M	GGCATTAAGAGTGGAA-1	ZBTB46	2
M	GCTTAAGGTTACACTG-1	ZBTB46	1
M	ATCGAGTTCCTAAGTG-1	CD79A	1
M	CTCAGAAAGTGCAACG-1	PECAM1	1
M	GTCACTCAGAGCGAAA-1	PECAM1	1
M	ACCCAAAAGCTGAATA-1	IRF8	1
M	CAACGTAAGGGCGAAG-1	ITGAM	1
M	AGTTTGGCAAGACTAA-1	KLRC1	4
M	TGCTTTAGTGTTGTTG-1	KLRD1	1
M	GGTCATAGTATTCGAC-1	CD5	3
M	GCTTGCTCAAGTCCTA-1	SH2D1B	1
M	GCCCAGACAAACTACC-1	TXK	4
M	TCGAGCGTCGGATCGC-1	CD28	1
M	ACATGCATCTACATCT-1	MERTK	1
M	CCACAGGTCAAATGGA-1	SKAP1	1
M	CTTTGCGGTCCCTTTG-1	KRT8	1
M	ATCCTCGCATTACACG-1	NCAM1	3
M	TGTTAGGCATAGATAG-1	EBF1	2
M	ACGTGGCAGACCATAA-1	MERTK	3
M	GGTCATACATTACTCT-1	MERTK	1
M	AAGATAGCAGTAACTC-1	SKAP1	1
M	CAGCTAATCGCGCTGA-1	ITGAM	1
M	CGGTGCACAAGTTCGT-1	FLT3	2
M	GATTGACGTGTCGTCG-1	NCAM1	7
M	TCAGCTCCAAGCAACG-1	PAX5	3
M	TGCTTTAGTTCCGCGA-1	EBF1	1
M	GTCACCTGTAACATAG-1	CD14	1
M	GGTTGCGTCCTATCCG-1	BANK1	1
M	CAGGATTTCCGCCTAT-1	TXK	1
M	TACGCAACATGGCCGT-1	EOMES	1
M	TCACAGACAAGGTCGA-1	SKAP1	1
M	CTAACTTAGGAAACTT-1	FLT3	1
M	GACCGACGTATGCTAC-1	CD3E	1
M	CATGCCTGTTCAGTTG-1	EOMES	2
M	CGCTGGAAGGCGTCCT-1	ZBTB46	3
M	GCCTAGGAGTACCTCA-1	NCR1	3
M	TACGGATCACCAAGGA-1	NKG7	1
M	AGCCGCACAACAACTC-1	SKAP1	2
M	GTTATGGTCCTCTCTT-1	IRF8	1
M	ATGTACGGTCATAGCT-1	KLRF1	1
M	TTGTTCATCGATAGCT-1	KLRF1	1
M	TAGGTCACATCCGTAA-1	ITK	3
M	AGTTTGGGTCATAAGA-1	EOMES	1
M	TTACCCGCACTAGGAG-1	NKG7	1
M	TTTGTGTCACACATGT-1	COL1A1	1
M	TCAGTCCTCTTCCGTG-1	SKAP1	4
M	AGCGTGCTCTTCTTCC-1	KLRD1	4
M	ATCCTCGCATTACACG-1	CD160	1
M	CAGGATTCAATGGCAG-1	EBF1	1
M	GTCTACCCATCGCTAA-1	BANK1	1
M	AACCGATAGAGAAGCA-1	GNLY	1
M	GCTTAAGGTTGGAGGT-1	KIR2DL4	1
M	GCCCAGACAAACTACC-1	ITGAM	2
M	CGCAATACATTATGGC-1	CD14	1
M	AGGCGAAGTGATCAGG-1	VCAN	1
M	GCCCGAACATTGTGAC-1	TXK	3
M	CACATGATCGCCACTT-1	KLRF1	1
M	CAAGAAACATTGAACC-1	NCAM1	1
M	CTAGGATCAAGTTGCT-1	CD1C	1
M	AACTGGTTCCTAGAGT-1	THEMIS	1
M	CTCGCTATCGCCCTTA-1	ITK	3
M	TAGACTGGTTCAGAAA-1	CD28	2
M	TTGCGGGTCAATTCCT-1	NKG7	2
M	CATTCCGCAACGTACT-1	IRF8	1
M	GGTACCGAGAGCGGTT-1	CDH1	1
M	CATGCCTAGAGCCTGA-1	KLRD1	8
M	AAAGGGCCATTTCACT-1	VWF	3
M	GTTACGAGTGCGTCCA-1	VWF	1
M	CGCTGGATCACTCCCA-1	LCK	2
M	TCCATCGCACATTGCA-1	PAX5	4
M	CCACAGGGTATTGTGC-1	ITK	3
M	ACCCAAAAGGTCTTGT-1	MARCO	1
M	CAATCCCAGGTTTCTG-1	NKG7	1
M	GTCACCTAGAAATTCG-1	SKAP1	1
M	TTTGGTTGTAGACACG-1	SKAP1	2
M	GCTCACTGTGTGCTTA-1	CDH1	1
M	CTTCTAATCGGGATCC-1	CD3E	1
M	GCCAGACCAACAACTC-1	THEMIS	1
M	TGAGTCATCCTTCGAC-1	ITK	2
M	TTGTTGTAGCGAGAAA-1	IL7R	1
M	GCTGAGCAGTCGAGCA-1	EOMES	1
M	CGCAATACAATGCCAT-1	GNLY	1
M	AAAGATGCACAGAAGC-1	CD3D	2
M	ACATGCATCTACATCT-1	NCAM1	1
M	CGATGATTCGATGTAC-1	EOMES	1
M	GTTACTTTCATGAACC-1	GNLY	1
M	ACTATTCGTAGGTAAT-1	NCR1	1
M	AGGACGAGTCAAGACG-1	NKG7	2
M	GCGAGAAAGACCTATC-1	CD79A	1
M	GTTGGGCCAACTCGTA-1	ITGAM	1
M	CTAGGATTCTCTGTTA-1	KRT8	1
M	GGAATCTTCCCTAAAG-1	BANK1	6
M	TCAGGGCTCTGGTACA-1	MERTK	2
M	AAACTCGCACCGAAAG-1	GNLY	1
M	GAACCTATCAGCCGGT-1	KIR2DL4	3
M	TCAGGGCCATGGCCCA-1	NKG7	2
M	AGTGCCGTCGCTTACC-1	PECAM1	1
M	ATTGTCTTCGCTCGGA-1	PRF1	4
M	CTCTCAGGTAGCATGG-1	THEMIS	3
M	AGTTACGCATAAAGTG-1	EBF1	1
M	TTATGTCCATATTGGC-1	BANK1	2
M	TCACCTGAGGTCTTTG-1	KIR2DL4	1
M	TCACAAGAGTAGCAAT-1	NKG7	2
M	AACGAGGAGCAACGGT-1	PECAM1	2
M	TTCGATTAGTGTGTAA-1	CD79B	2
M	CCGTAGGTCACTAGCA-1	IRF8	1
M	CGTGGCAAGCTCCGGT-1	VWF	1
M	GGTTGCGAGGCCAATG-1	PRF1	4
M	ATTACCTAGATCCGAG-1	CD160	1
M	GCGGAAAGTGAAACAT-1	BANK1	2
M	TCAGGGCAGGCCAATG-1	BANK1	2
M	ACCAAACCATTCACGA-1	MRC1	1
M	CCTTAATTCTCGCGTT-1	SH2D1B	1
M	TTATGTCCATTCCCGT-1	TXK	3
M	GCCAGACCAACAACTC-1	EOMES	1
M	TATGTTCTCTATACCT-1	SKAP1	5
M	ACAAGCTGTAACTCCA-1	CLEC9A	2
M	GGTACCGAGAGCGGTT-1	VWF	5
M	GAATCTGAGCTACGTT-1	PRF1	1
M	TGACAACTCTCATATC-1	MRC1	19
M	TTGTTCATCGTATAGC-1	PAX5	3
M	ATAGGCTGTCAAGACG-1	ITK	2
M	GATTGACTCCTATCAT-1	TXK	1
M	GGGACCTCACAGAAGC-1	EPCAM	1
M	GCGTAGCAGAAGCCGT-1	NKG7	3
M	ATCCTGCTCCCGTATC-1	SKAP1	1
M	AATGGAAAGAGGTCCA-1	MRC1	1
M	CTTCTAAGTACGGAGT-1	TXK	1
M	TCGAGCGCAACTCCCT-1	EOMES	1
M	GCAGATTTCGATAGTC-1	PECAM1	2
M	TTAGGTGCAGGAGCAT-1	SKAP1	3
M	CTGCGTTCAACAACTC-1	KLRD1	5
M	CCCTAGTTCTACATCT-1	CD160	1
M	GCGCCAAGTCACCCGA-1	EBF1	1
M	ACATGCAGTCTGTGTA-1	ITK	2
M	CTCCCAAAGAAGCCGT-1	CD79B	1
M	CACATGATCGCCACTT-1	PRF1	1
M	CGCACAGCAGACCTGC-1	LCK	1
M	TAGCGGCTCCCACGGA-1	PAX5	1
M	GATTAGCTCGGGATCC-1	SFTPC	1
M	TAATTCCGTCACTCTC-1	ITK	9
M	CAAAGCTCACGCCGAT-1	ITK	5
M	GGAGGATTCACAGGGA-1	IL7R	1
M	TGCGTAATCTAGCTGA-1	BANK1	1
M	CGTTCCAGTTATCGAC-1	EOMES	1
M	AATGTCGTCGCTTACC-1	MERTK	1
M	ACTACGATCCACGGCA-1	CD79A	4
M	AGTTACGGTTCTTTCA-1	COL1A1	1
M	CATGCCTGTCAGAGTG-1	ITGAM	1
M	GTTATTCAGCTCGTTA-1	CLEC9A	1
M	TTTGCGCCAGATACAA-1	NCAM1	1
M	TAGGTGTCACCGAAAG-1	PRF1	2
M	TAATCGGCACAGATGG-1	MRC1	2
M	AGCCTGGGTTGAAGCG-1	ITK	5
M	AGCTGGCTCGTCTTAT-1	CSF1R	1
M	CGATGATTCTATCTTG-1	VCAN	1
M	AGTCAACTCCGGAAAG-1	TXK	3
M	GCTTAAGGTTACACTG-1	MARCO	1
M	GCGTTGGAGCTATCGT-1	SKAP1	1
M	CATAACGCATATAGAG-1	KLRD1	3
M	TCAGCTCCAAGCAACG-1	VWF	1
M	TTAGGTGTCGCGATGC-1	CD3D	1
M	AAACGAAAGCGGACAT-1	NCAM1	1
M	ACTACGATCCACGGCA-1	SPI1	2
M	CCTTAATGTTTAGGAA-1	ITK	4
M	AACCTGACACATCATG-1	PECAM1	3
M	GAAGTCTAGTAATCAG-1	SKAP1	2
M	TAGGAGGTCAGCCGAC-1	CDH1	1
M	GACTAACGTCACCCGA-1	KLRD1	5
M	GGAGGATTCTTGCGCT-1	CLEC9A	1
M	GTGGATTAGTAGTCGG-1	EBF1	2
M	TTAGGTGCAGGAGCAT-1	CD28	2
M	ACGGATTCATGTGAGG-1	PECAM1	1
M	TACCTATAGACAGCTG-1	VWF	2
M	TAGCACAGTCGCGCTA-1	NCAM1	3
M	CTGAATGAGCTTTCCC-1	NCAM1	2
M	TTCGGTCCAAGGAAGA-1	CD5	2
M	CGTTCCATCCGGAAAG-1	CD160	1
M	ACTGCAAAGTCCGGAA-1	THEMIS	3
M	ACAAACCGTAACCATC-1	THEMIS	1
M	TAGCATGGTGAGGTCA-1	ZBTB46	2
M	AGCTGTACAAGCTTTG-1	MERTK	1
M	TACCTATCAGGTAGCA-1	CD8A	1
M	AACTTGGTCGCGTGAC-1	GNLY	2
M	TTCGGTCAGAGAGTTT-1	GNLY	1
M	GTAGTACCATGGCCTG-1	NCR1	1
M	CACCACTGTACAACGG-1	KIR2DL4	1
M	AACTTGGGTGCTGTCG-1	COL1A1	1
M	CTTCTAATCGGGATCC-1	SPI1	1
M	GTCACTCAGCCCATTA-1	SH2D1B	1
M	GCGAGTCCAAAGGCCA-1	ZBTB46	1
M	TCGCCTACATCGGCTG-1	PECAM1	1
M	CCCTCTCGTTGGTAAA-1	CDH1	2
M	TACGGATTCTTCTCTC-1	KLRF1	2
M	GCGGGTTTCCATGTTT-1	CD3D	1
M	TAATTCCCATCAACTG-1	NCAM1	5
M	GTTATGGGTAAACGTA-1	LCK	7
M	ATAGGCTAGCGATACG-1	TXK	1
M	CTGCGTTCAACAACTC-1	GNLY	3
M	ATGGATCGTTTCGACA-1	KLRC1	1
M	TGGCAATAGTTGACAA-1	MS4A1	2
M	ACAGGCCTCCCAGCAG-1	ITK	2
M	CAGTGTATCTCGCGTT-1	CSF1R	1
M	CTACTTACAGCAAACG-1	GNLY	1
M	AGCCTGGGTACGGAGT-1	SH2D1B	1
M	TGGTCAATCGGTAGGA-1	THEMIS	1
M	AAATGAGCATCCTGGG-1	BANK1	4
M	GCGCCAACAAGTAACA-1	CD79B	1
M	AGCCCGAGTAGTCTGT-1	SKAP1	5
M	TTTGAGGGTCAGGTGA-1	FLT3	3
M	TGTGACACAGTATACC-1	NCAM1	1
M	CTCACCATCCACTAGA-1	THEMIS	2
M	TTAGGTGTCGCGATGC-1	IL7R	6
M	GATTAGCCAATTCAGC-1	BANK1	3
M	TTCGGTCCAAGGTCGA-1	BANK1	1
M	ACCTGCTTCTCTGACC-1	ZBTB46	3
M	AAAGGGCCATTTCACT-1	CD28	1
M	GTTGGGCCAACTCGTA-1	COL1A1	1
M	ACTAGGTCAATTAGGA-1	FLT3	1
M	TACCTCGTCATAGGTC-1	LCK	2
M	ATCCAGACAATAGCGG-1	PAX5	3
M	ACCTGCTCAGGACCTC-1	FLT3	3
M	TATGTTCTCTATACCT-1	KLRD1	6
M	CTCCCAATCATTCATC-1	VWF	1
M	TACTCGCTCACTCGGG-1	CD3D	1
M	ACCTGCTCACAGAAGC-1	NCAM1	4
M	GTGGATTAGTAGTCGG-1	MRC1	4
M	TACGGATCACCAAGGA-1	SH2D1B	1
M	CACTAAGCATCCGTAA-1	ITK	14
M	GCGTAGCTCACGTGTA-1	CD28	2
M	CCCGTTACAACAACTC-1	NCR1	2
M	ATCCTCGGTTTCTACT-1	SKAP1	3
M	AGTGCGCGTGCTGTGC-1	KRT8	1
M	TTCGGTCTCTTTATCG-1	VWF	1
M	GAGGTCCGTCAGGTGA-1	NCAM1	2
M	GCATTGAAGACTTCCA-1	THEMIS	1
M	CAGGATTAGCTATCGT-1	NKG7	1
M	CTGTATTAGATGCGAC-1	PRF1	4
M	CGCTATCGTCATAGCT-1	MRC1	2
M	ACCATCCTCGTTTGAG-1	MRC1	2
M	GAATCTGTCTAGCAAC-1	CD160	1
M	TAGTCCCCACAAGGGT-1	ITK	6
M	TAGCCGGTCGTATAGC-1	CSF1R	1
M	ACAGCGCTCCATGACA-1	MERTK	2
M	GGCATTACAAGGTCGA-1	KLRF1	1
M	GCATGATAGACTAATG-1	CD6	1
M	CCTTAATAGGTTAGTA-1	PAX5	3
M	TAGACTGAGCAATGTA-1	ZBTB46	2
M	AATGGAACAATTCTCT-1	PECAM1	1
M	TGTTAGGCAACTCGAT-1	CD6	1
M	TCAATTCAGTGCACAG-1	LCK	1
M	GCCTAGGGTCGAGGTA-1	CD14	1
M	ACAGGCCGTTTGACCA-1	VCAN	1
M	TCAGTCCCATATAGAG-1	EOMES	3
M	GCTTTCGAGCATTCCA-1	SKAP1	1
M	ACGTTAGTCCATTGTT-1	LCK	3
M	GGGTGTCAGGGTAGTC-1	THEMIS	2
M	ACAATCGCACGCTAAT-1	BANK1	1
M	GAACGTTGTACCCATA-1	CD8A	1
M	CAAGCTAAGGCAGTAC-1	CDH1	1
M	TTCGGTCCAGTAGTTC-1	KLRD1	2
M	TACGCAACATGGCCGT-1	VWF	4
M	CGAGTTATCATCGCCT-1	CD6	1
M	TAGCATGCATTAGCCA-1	TXK	1
M	GACCTTCTCCGAATTG-1	ZBTB46	1
M	TTTGGCCCACAGTTAC-1	KLRD1	3
M	CCTAAAGGTCACCCGA-1	MRC1	1
M	GGATGAGCAATCCATG-1	TXK	1
M	CACTAAGAGCTCCGGT-1	MERTK	1
M	GCACGGTAGGATGTAT-1	CD8A	3
M	CCATACCCACTGATAC-1	PECAM1	1
M	TGACAACAGTCGGGAT-1	CD79B	1
M	AAGATAGAGATATGTG-1	SKAP1	1
M	CAAGAAAAGACACTTC-1	CD5	1
M	AACCAACTCGATGTAC-1	CD6	1
M	AGATTCGTCGTTTGAG-1	SH2D1B	1
M	TCGCAGGGTCAAACAA-1	CD160	2
M	TCCATCGCACATTGCA-1	EOMES	2
M	CGGTGCATCGCTTACC-1	EOMES	1
M	AGTCAACTCCGGAAAG-1	PECAM1	1
M	TTCGGTCCAAGGTCGA-1	VWF	1
M	CTCTCAGAGAAACGCC-1	SPI1	1
M	GGAACCCGTCCGAGCT-1	ITK	7
M	AACGGGAAGGGACGTT-1	VCAN	1
M	TAACGGTGTCTTAGCA-1	BANK1	4
M	AACCAACTCGATGTAC-1	MERTK	2
M	AGTGCGCTCGGCATAT-1	CDH1	1
M	TGCCTCACATCTCACC-1	KLRD1	1
M	GCCTAGGTCCATGACA-1	PRF1	2
M	TTGTTGTGTTAGAGAT-1	SH2D1B	1
M	CTAGCGGAGGGTAATT-1	CD160	2
M	AATGGAATCTAGCAAC-1	THEMIS	2
M	AGCGTGCAGACAGTGC-1	BANK1	2
M	GTAGGAGGTATCAGCT-1	IRF8	1
M	GATCGTAGTCCACCAG-1	NCAM1	6
M	GCGAGTCTCCAACAAC-1	MRC1	2
M	AATGTCGTCAGCCGAC-1	CSF1R	1
M	AGCCTTCTCTCCTTAA-1	SKAP1	2
M	AAGATAGTCGTCCCTA-1	KLRD1	1
M	CCACAGGTCAAATGGA-1	KLRF1	2
M	TAGCATGTCCACCTAC-1	CD3D	2
M	ATCCTCGTCTAGCTGA-1	PAX5	1
M	CTAGCGGCAGCAACCC-1	PAX5	1
M	TCTCAGCTCGCGCTGA-1	TXK	4
M	TAGCTTTCACCGTTGG-1	TXK	3
M	GTGCACGAGACGACTG-1	CD28	1
M	ATTTGTCGTGATGCTT-1	CD28	1
M	TATGTTCCAAGCAACG-1	MERTK	2
M	GAGACTTGTGTTAGAA-1	SKAP1	1
M	TACCTATGTGCCAAGA-1	IRF8	5
M	AACAAAGAGCCTGTAT-1	NCAM1	2
M	CGTAAACTCCCAGCGA-1	ITK	8
M	TGTTAGGCATTAGCCA-1	CSF1R	1
M	TGGTCCTGTGCCCGAT-1	BANK1	1
M	AACTGGTTCCTAGAGT-1	TXK	1
M	CAGCCTTTCGTGGTAT-1	SKAP1	1
M	CGTGGCAAGGGTCCCT-1	CD79A	1
M	CAACCAATCTATACCT-1	PECAM1	1
M	GGTTGCGTCCTATCCG-1	NCAM1	12
M	GAGGTCCAGTCCGGAA-1	MRC1	2
M	GGAATCTAGTCTGTGT-1	PAX5	1
M	CAATCCCCACGCCGAT-1	EBF1	6
M	AACGTACCAAGAGATT-1	BANK1	1
M	ACTAGGTTCAGAACGG-1	BANK1	3
M	GGGAACACAGTCCTGG-1	ZBTB46	3
M	CTCACCATCCACTAGA-1	PECAM1	2
M	CTAGGATCAAGTTGCT-1	CD6	1
M	GCTTGCTTCCATAACG-1	PRF1	2
M	GATTGACGTGTCGTCG-1	PRF1	2
M	TGATCAGCAGATACAA-1	PAX5	1
M	GCTCGAGGTGCTTCCT-1	SFTPC	1
M	CGGACTGCAATGGTAA-1	ITK	1
M	CGTTCCAAGGAGTACC-1	ITK	3
M	TAATCGGCACGACGAA-1	CD28	2
M	GCCATAACAGCGTCGT-1	CD8A	1
M	AACCAACGTAACGGAC-1	SKAP1	6
M	GCCTAGGCAAGAGATT-1	KLRF1	3
M	ACAATCGCAACGTAGG-1	CD3E	2
M	CAGGATTCAATGGCAG-1	NCAM1	3
M	TACTAGGCATTCACGA-1	CD6	1
M	TAACAGCCATAGCAGG-1	EBF1	1
M	ACCATCCTCGTTTGAG-1	BANK1	5
M	CATGCCTCACCCTTTG-1	TXK	2
M	CAGTGTATCAGTCTTT-1	TXK	1
M	AGCGTGCAGTGTCACT-1	CD8A	1
M	GACCTTCCATCAGCTA-1	CD8A	1
M	AACCAACCATTAACGC-1	SKAP1	5
M	TAGGTGTTCCTGTAGA-1	KLRF1	2
M	TTGAGTGAGGTTCTCA-1	BANK1	2
M	GCGCATGGTTGGACGA-1	NCR1	2
M	ACGTTAGTCACTTACT-1	PECAM1	2
M	TTACTTGTCCCAGCGA-1	SKAP1	2
M	AGTCAACTCCGAATTG-1	CD4	1
M	GTAGGAGGTCACTCTC-1	VWF	1
M	GTCACAACAGGTCTGC-1	NCAM1	4
M	CTAGCGGAGGGTAATT-1	PRF1	3
M	GATTAGCCAATTCAGC-1	PAX5	2
M	TTGTTCAGTTCCGCGA-1	ITK	1
M	GTCACTCAGCCCATTA-1	ITK	5
M	GCATTGATCTCTCAAT-1	SKAP1	1
M	TTACCCGAGATCCGAG-1	IRF8	4
M	AACTTGGTCGTCCCTA-1	PAX5	2
M	GAGACTTGTTCCAGTA-1	EBF1	1
M	AAAGGATTCACATTCT-1	ITK	2
M	TAAGTGCCAATCACTG-1	CD28	1
M	CCAATGAAGGGTTCCC-1	MARCO	1
M	CTCAGAACATTTGGCA-1	MERTK	1
M	CTAGCGGAGGGTAATT-1	NKG7	2
M	GAATCTGTCTAAACGC-1	IRF8	4
M	AGCCTTCAGAGCTACG-1	BANK1	1
M	GATTAGCCAAACCCTA-1	BANK1	1
M	CACAGATCATGATCGT-1	NCR1	1
M	CCTTAATTCTCGCGTT-1	PECAM1	1
M	GCCAGACTCCGTACGG-1	ITGAM	1
M	TACGGATTCTTCTCTC-1	KRT8	1
M	GGTGTCGCAACTTGGT-1	VWF	3
M	TAACAGCAGGGTCCCT-1	VWF	1
M	GTAGGAGGTATCAGCT-1	LCK	1
M	GGGACCTTCAGGAATA-1	SFTPC	1
M	TAGCATGTCCACCTAC-1	TXK	2
M	AGTTTGGCAAGACTAA-1	EOMES	1
M	GCCCGAAGTTCCATCC-1	GNLY	1
M	TACATTCAGTAACACA-1	COL1A1	1
M	CGTACAATCGTGTGCG-1	IRF8	3
M	TTGTTCAGTGTCTACA-1	NCAM1	2
M	GGCGTTGAGAGCCACA-1	ITK	2
M	CCGAAGCCAACCTCCT-1	ITK	6
M	ATCCAGACAATAGCGG-1	ZBTB46	1
M	TGCTTTAGTCCAAGAG-1	MERTK	2
M	TCAGTCCCATATAGAG-1	CD8A	2
M	ATTTGTCGTGCACTTA-1	NKG7	1
M	GTGTCAATCCGGCTGA-1	CD79A	1
M	AACGAGGCACATTGCA-1	KRT18	1
M	AAGGAGCCACGATTAC-1	CD3D	1
M	ACTACCCCAAGTAACA-1	NCAM1	1
M	ATCGAGTCACACTAGT-1	EOMES	1
M	TTGACGAGTTACCACA-1	CD28	1
M	TCGATTTTCTGACATG-1	NCR1	2
M	TGTGGCGAGAACCATA-1	CD79A	1
M	CGCTATCGTCATAGCT-1	CD79A	2
M	TTCGGTCAGAGAGTTT-1	KRT8	1
M	GAGCATTCACGACGAA-1	VWF	9
M	CTCTCAGAGCAGAATT-1	PAX5	1
M	AAAGATGTCTGCGTCT-1	BANK1	2
M	CTACAGAGTAATGCCT-1	SKAP1	1
M	TACTCGCTCGGGCTCA-1	SH2D1B	1
M	TTTGGCCTCAAAGTAG-1	EBF1	2
M	AGCTGTACATGTAGAA-1	CSF1R	2
M	TATGTGGAGTAACTCC-1	IL7R	1
M	AGATAGAGTTGCTTGA-1	SKAP1	4
M	CCGTACTAGCGAGCTA-1	KLRD1	3
M	GAGGCTCGTAACGGCA-1	PAX5	2
M	AACGGGAAGGGACGTT-1	EBF1	1
M	TGGTCAATCGGTAGGA-1	CD79A	1
M	TGGGTGCCATCGTGAT-1	CD4	1
M	AGATAGAGTTGCTTGA-1	THEMIS	2
M	CGATGATTCTATCTTG-1	EBF1	1
M	AACCAACCATTAACGC-1	BANK1	2
M	CCATACCAGATGTTCC-1	TXK	1
M	AATGTCGCACTCAGCG-1	NCR1	1
M	AAATGAGCATCCTGGG-1	CD79A	3
M	TACAGCATCACACGTA-1	SKAP1	1
M	GCCTAGGAGTACCTCA-1	CDH1	1
M	CGCTATCCACGACGAA-1	EBF1	3
M	GGTGTCGAGACAACGC-1	ITK	2
M	AAAGGATAGGATGTCG-1	EOMES	2
M	AACCAACTCTTTGCAT-1	MERTK	2
M	ATAGGCTAGCGATACG-1	PECAM1	2
M	CAGCTGGTCGGGAATG-1	IRF8	3
M	AACCAACTCGATGTAC-1	CD4	1
M	TGTTAGGCATAGATAG-1	VWF	1
M	GTCACGGTCTTAGTGG-1	CD6	1
M	TGTACAGTCGCTCGGA-1	CD160	1
M	CCTTGCAAGCCGCAAA-1	EOMES	1
M	TACTCGCAGAGAACCC-1	CD28	2
M	GCCTAGGCACCCTTTG-1	NKG7	3
M	ATCCAGATCTTGTCGC-1	CD79A	1
M	ACAAACCAGACTTCCA-1	PECAM1	1
M	CAGTGTATCTCGCGTT-1	ITK	9
M	CTGTATTGTTCAGTTG-1	ITK	2
M	GGTGTCGAGACAACGC-1	CD14	1
M	GCAGATTCAGTCCTGG-1	VCAN	2
M	ATGTTTCAGTTGGAAT-1	EOMES	3
M	GTAGGAGTCTGTAGAC-1	GNLY	1
M	ATGCATGAGCTCGTTA-1	IRF8	3
M	GCGATTAGTAGAACGC-1	FLT3	1
M	CAAAGCTCACGCCGAT-1	TXK	5
M	TCCCACATCGCCTTAC-1	CD68	1
M	ATGTCGAAGAATGCTA-1	IRF8	3
M	TAGCATGGTGTCCCAG-1	NKX2-1	1
M	TCAAAGCGTATTTGCG-1	LUM	1
M	AGCTATGTCCATGACA-1	KLRC1	1
M	TGCATTTCACTTATGG-1	KLRD1	1
M	GAACCTATCTTACTCA-1	CD3D	1
M	CCCAGAGTCCCAGCGA-1	CD3D	1
M	CGTAAACCATCACAAC-1	PRF1	1
M	TCCCACAGTACAAATG-1	CD160	1
M	CATGCCTGTTCAGTTG-1	PAX5	1
M	AGCTGTAGTTATGCAC-1	CSF1R	2
M	ATCCAGACAATAGCGG-1	GNLY	3
M	ATTGTCTTCGCTCGGA-1	NCR1	2
M	ATCGAGTCACACTAGT-1	NCR1	1
M	GATTAGCAGAGTTTGA-1	KRT8	1
M	TCGGGACCAATGGTAA-1	VWF	2
M	ACATGCAAGTAGACCG-1	LCK	1
M	GGTGCTGTCGCCACTT-1	ITK	5
M	GAAGTGGGTCCCGAGT-1	ZBTB46	1
M	TCAGTTTTCTGAAAGA-1	PECAM1	1
M	TGAATCGCATTACACG-1	CD68	1
M	GTACTTTCAAGATGCG-1	CDH1	2
M	CTAGGATAGGGTGTTG-1	CDH1	1
M	TCTCAGCAGCTTCAAC-1	CD3E	1
M	AAATGAGCATCCTGGG-1	NCAM1	2
M	CCATACCAGGCTCCTG-1	CSF1R	1
M	AACAAAGGTTTGCCCT-1	VCAN	1
M	ACTAACGTCGAACACT-1	BANK1	1
M	TTATGTCCATTACCTT-1	EPCAM	1
M	CGTACAATCGTGTGCG-1	KIR2DL4	1
M	AATGGAACAATTCTCT-1	NKG7	2
M	TAGGTGTCAGTGGTCC-1	PECAM1	5
M	ATTGTCTTCGGCATAT-1	PECAM1	4
M	TAGGAGGTCTGAGTAC-1	CD5	1
M	GGCGTTGAGTTACCAC-1	LCK	1
M	AAACGAACACTTACAG-1	LCK	1
M	TTACTCAGTTACGGAG-1	EBF1	29
M	AACCAACCAATGGTAA-1	CSF1R	16
M	AAGGTTCAGAAGCCTG-1	CD14	1
M	CTGTTCGAGTAATCAG-1	VCAN	2
M	GTACTTTGTGTCTACA-1	MARCO	3
M	ATCCAGAGTTTCGTTT-1	CD8A	1
M	CTACTTAGTTCTACCC-1	NKG7	1
M	CGTTCCATCGATAGCT-1	SKAP1	6
M	TCGATTTCATATTGGC-1	ITGAM	3
M	GAGATTCCAACGTAGG-1	KLRD1	6
M	GGGACCTGTATTCTTC-1	PRF1	1
M	GGTTGCGTCTCTTAAC-1	PRF1	1
M	ACGGATTAGCCATGGA-1	CD28	2
M	GTTATGGTCCTCTCTT-1	CDH1	1
M	TCGGGACGTCCGTAGC-1	KRT8	1
M	CAATCCCAGGTTTCTG-1	CD3E	1
M	TTGCTATAGACACAAT-1	PAX5	1
M	CAGCTGGTCGGGAATG-1	ITK	3
M	CCGTACTCATTGTTCT-1	VCAN	1
M	CACTAAGCACGCGTTG-1	MARCO	1
M	CACAACACAACGTAGG-1	KIR2DL4	3
M	ACTGTCCAGGTTACAA-1	PECAM1	2
M	TATGTTCTCTATACCT-1	VWF	1
M	TTCAACTCAGGTAGCA-1	PAX5	4
M	CTTGTCGAGCGTAGCA-1	ITK	2
M	GACCTTCTCCGAATTG-1	BANK1	1
M	ATCGAGTTCCTAAGTG-1	BANK1	1
M	CTCTCAGAGAAACGCC-1	ZBTB46	1
M	CTAGGGCTCGAACCGC-1	SKAP1	1
M	GCAAAGGGTGCTTCCT-1	SKAP1	1
M	GCTTGCTTCAGAGTGG-1	CD68	1
M	GTTACGATCGCAAACT-1	KLRD1	1
M	TACCCTGTCGCTACCT-1	CD4	1
M	TGACAACCAAGACACG-1	VWF	1
M	AGCTGATAGGCGATTG-1	NCAM1	1
M	CCACGTTAGGCACTAG-1	PRF1	8
M	TCAGGGCGTCCAAGTT-1	SH2D1B	1
M	GCAGCTGAGATTAGAC-1	SFTPC	1
M	GTTCAAGAGTTATGAG-1	ITK	4
M	TCGCCTATCCTTCGAC-1	VCAN	1
M	TAGACTGCACTTTGGA-1	NCR1	1
M	GCAGATTAGCTCGGCT-1	NKG7	1
M	TGTACAGCACCACGAC-1	KRT8	2
M	CTCCCAATCATTCATC-1	KLRF1	3
M	GCCTAGGGTCGAGGTA-1	SH2D1B	1
M	AGCGTGCAGACAGTGC-1	THEMIS	1
M	AGCTGATAGGCGATTG-1	ITK	3
M	TACATTCCAAGGAGTC-1	ITK	1
M	ACTTTCACATTCCCGT-1	ITK	1
M	GTGCCAGAGTTCAGGG-1	BANK1	1
M	GAAGTCTCAGTAACGG-1	TXK	9
M	CATTCATCAGCGCGTT-1	MERTK	1
M	GCTGAGCGTTTGCCAA-1	KLRF1	1
M	TAGCGGCGTAGGGTTG-1	NCAM1	2
M	CTTGAAGTCTCGCGTT-1	LCK	2
M	CACCACTAGCACACCC-1	THEMIS	3
M	GGCATTAAGTAGTGTA-1	CD14	2
M	AACCTTTGTACGCAAG-1	KLRC1	1
M	AGACAAACAGAAGTGC-1	KLRD1	2
M	GTGGATTAGCTTACCA-1	KLRD1	1
M	GGGACCTAGCTGATTC-1	CLEC9A	1
M	ACTACGATCCACGGCA-1	CD14	1
M	GTGGATTAGTAGTCGG-1	COL1A1	2
M	GTGGATTGTTCCCTTG-1	IRF8	1
M	GTGACATGTTTGCATG-1	CD3D	1
M	GCTTGCTGTGGAAGCT-1	PRF1	1
M	CACCTTGAGTGCACAG-1	PRF1	1
M	TTTACGTTCTGGCTAA-1	CD79A	1
M	ATTGTGGCATCCATAG-1	CD79A	1
M	TCCATCGAGGGAGTTC-1	COL1A1	1
M	GCCTAGGGTGGATTTC-1	NCAM1	2
M	CTTGCTGTCTGTGTGA-1	LCK	3
M	GTGACATCAATGGCTT-1	VWF	1
M	GGTAGGAGTGCACTTA-1	SH2D1B	1
M	AACATCGAGCCTATAC-1	ITK	1
M	CAAGCTAAGGCAGTAC-1	CD28	1
M	TCGGGACGTCCGTAGC-1	CD8A	1
M	TGCTCACCAGAACGAC-1	IRF8	3
M	CATGCCTCACCCTTTG-1	KLRD1	5
M	GAACGTTTCTATACCT-1	CD3E	1
M	TGGGTGCTCGGCATAT-1	NCAM1	3
M	ATGTCTTGTAACCCAT-1	THEMIS	1
M	GCGGGTTTCGGATCGC-1	ITK	1
M	CAGTGCGTCGGCTATA-1	ITK	2
M	GCCCGAACATGATTGC-1	BANK1	2
M	ATCCTCGCATTACACG-1	GNLY	2
M	TATTGCTGTATCCTTT-1	PECAM1	1
M	GCGATTATCTCCCTTT-1	PECAM1	1
M	AAGGAGCGTGAGGTCA-1	ITGAM	1
M	TGCCTGTGTACATGGG-1	CD14	1
M	CAGCCTTAGAACCATA-1	IL7R	1
M	AGCCTGGGTACGGAGT-1	EPCAM	1
M	CGATGATTCTATCTTG-1	KIR2DL4	1
M	GTGCACGAGACGACTG-1	PECAM1	1
M	GCTCACTGTGTGCTTA-1	IRF8	3
M	TTGCTATAGACACAAT-1	NCAM1	7
M	GTCACCTAGTCGGGAT-1	PRF1	2
M	GGGAACACAGTCCTGG-1	THEMIS	2
M	CAACCAACATGGTAAA-1	THEMIS	1
M	TCAAGCAGTCAGTGTT-1	BANK1	2
M	GTAGGAGAGTGAAACT-1	BANK1	1
M	TTCGGTCTCACTTACT-1	TXK	1
M	TGATTTCCAATCATCG-1	ITGAM	2
M	GTGCACGGTAACTCCA-1	CD3E	1
M	AATGCCACAGCGTACC-1	NCAM1	1
M	GTGCTGGAGATCACCT-1	NCAM1	3
M	ATTACTCCACTTGCGG-1	CD6	2
M	CAGGATTAGATTCCGT-1	MRC1	1
M	GAGAACGTCCTGACCT-1	ITK	2
M	ACCTGCTGTTTGAAGA-1	ITK	2
M	ACATGCATCCTAAGTG-1	BANK1	1
M	AAGATAGAGGCGACTA-1	TXK	1
M	GAGGCTCAGAACGTCG-1	CD28	1
M	TACAGCAGTGTGAGGT-1	MERTK	1
M	TTATGTCCATTCCCGT-1	GNLY	3
M	TGGAAGGAGACTTGAA-1	GNLY	1
M	CCTGGGAGTCATTGGT-1	CD79A	1
M	AAAGGGCCATTTCACT-1	CD3G	1
M	ACTGTCCGTCACCCGA-1	SH2D1B	3
M	TACTCGCTCACTCGGG-1	ITK	5
M	TCTCAGCAGCTTCAAC-1	ITK	3
M	GTGGATTAGGCGATTG-1	BANK1	2
M	TTGTTCATCGTATAGC-1	BANK1	2
M	CGCTGGAGTACGTAAA-1	TXK	4
M	AGCCTTCTCTCCTTAA-1	CD79A	2
M	CTGGGACCAACCTCCT-1	PECAM1	2
M	CCCAGAGTCCCAGCGA-1	CD79B	2
M	CAAGAAATCCATATCT-1	SKAP1	1
M	AACCTTTGTACGCAAG-1	NCAM1	2
M	CAGGGCTCACGTACAT-1	MRC1	1
M	ACTGCAATCGCACAAT-1	THEMIS	3
M	TTGTTCAGTGGCGCTT-1	CD14	1
M	TTACTTGAGTCTCGAT-1	GNLY	1
M	AACCTGACACATCATG-1	CD79A	5
M	ACAGGCCTCCCAGCAG-1	LCK	1
M	ACAATCGCACGCTAAT-1	LCK	1
M	ACTACGATCCACGGCA-1	PAX5	2
M	AGCTGTACATGTAGAA-1	ITK	1
M	GTGACATGTGCACATT-1	EOMES	1
M	CAAAGCTCACGCCGAT-1	SKAP1	1
M	GTAATCGAGTACGCGA-1	CD3E	2
M	TGATGCACAAAGCTGG-1	CD14	1
M	GAAGTGGGTCCCGAGT-1	CD8A	1
M	GCTCACTAGATGCGAC-1	SKAP1	3
M	GCTTAAGAGGTCTTTG-1	PAX5	2
M	GCTCCTATCGTCGCAG-1	THEMIS	1
M	TTAGCGACACGATTAC-1	ITK	1
M	TCTAGTTAGCTACGCC-1	BANK1	3
M	GGTAGGAGTGCACTTA-1	SKAP1	1
M	CCTGGGATCGTCTTAT-1	KLRF1	1
M	GGATGAGGTGCCCGAT-1	VWF	1
M	GGTTGCGGTGGTCGAA-1	NCAM1	3
M	GGAGTAGCATCAGCTA-1	MRC1	1
M	AGGCGAAGTTGGAGGT-1	THEMIS	1
M	GGTCATAGTGGCCTTG-1	EBF1	1
M	TCAGGGCGTCCAAGTT-1	BANK1	2
M	TCCATCGAGGGAGTTC-1	BANK1	2
M	GCATTGAGTGGACAGT-1	TXK	1
M	CCTTAATCAAAGGCCA-1	KLRF1	1
M	CCTGGGACAGAACGAC-1	CD3D	1
M	ACTAACGCACCCTTAC-1	SH2D1B	1
M	AAAGGATAGGATGTCG-1	SH2D1B	1
M	ACCATCCTCTGGCCAG-1	LCK	1
M	CCGTAGGAGCTCGTTA-1	THEMIS	3
M	GTTGGGCAGGCTCCTG-1	THEMIS	2
M	ACGTTAGAGGTAAGCC-1	CSF1R	1
M	CCGAAGCCAACCTCCT-1	CD14	1
M	ATCCAGACAATAGCGG-1	KLRD1	13
M	GTTCAAGAGTTATGAG-1	PRF1	1
M	GCAGCTGAGATTAGAC-1	THEMIS	3
M	GGTGCTGCACAAACAA-1	BANK1	5
M	TATCTGTAGGCCTCTG-1	CD28	1
M	CATGTTTTCAGGAATA-1	MERTK	2
M	AGCCCGACAGGTGGTA-1	MERTK	1
M	GTGGCGTTCTTCCAGC-1	CD79A	1
M	TAACAGCCAAACAGTA-1	THEMIS	1
M	AAAGATGTCCAGTACA-1	CSF1R	1
M	GCTTTCGCATACCCGG-1	CD14	1
M	TCAGGTAAGCTCCGGT-1	ZBTB46	2
M	TTCGGTCTCGCTACCT-1	EPCAM	1
M	CTAGGATCAAGTTGCT-1	CLEC9A	1
M	CTCAACCCACAGGAAC-1	VWF	1
M	GTTATTCAGAGTTCGG-1	TXK	1
M	CCCTAACGTCAAATCC-1	CD8A	2
M	ACAAAGATCCAGCACG-1	GNLY	2
M	AGTCCGGCACAAGTGG-1	NKG7	1
M	GCGCATGTCTAAACGC-1	KLRF1	1
M	GTGTCCTTCATTGCCC-1	CD3G	1
M	AAAGATGGTTCCTATT-1	PRF1	4
M	TCACTCGCACTGAAGG-1	SH2D1B	1
M	CACAGATAGGGTCTGA-1	BANK1	2
M	CCGAAGCAGACCCTAT-1	NCR1	1
M	ATCCTCGTCCGTTAGA-1	IRF8	2
M	TATGTTCCAATTAGGA-1	ITGAM	3
M	GGTGCTGCACAAACAA-1	KLRD1	1
M	CTAGGATCAAGTTGCT-1	EBF1	8
M	GAAGTCTCAGTAACGG-1	GNLY	3
M	GAGGATGTCTCATCCG-1	CD3G	1
M	ACTATTCGTAGGTAAT-1	PRF1	2
M	GAGCATTCACGACGAA-1	ITK	3
M	CGCAATACAGACTAAA-1	IL7R	1
M	GCCTAGGTCCATGACA-1	EOMES	3
M	ACAGCGCCAGTCAGCC-1	MERTK	1
M	CATTCATTCTCTGAGA-1	KIR2DL4	1
M	ACCCAAAAGCGGACAT-1	PRF1	2
M	AGCTGTAGTTATGCAC-1	CD14	1
M	ACCCAAATCTTGTGCC-1	BANK1	2
M	GATTAGCCAATTCAGC-1	CD68	1
M	TAATTCCTCGAGTGTT-1	KLRD1	1
M	CATAACGCAACGAGGT-1	CD6	3
M	AACAAAGAGCGTTAGG-1	ITK	1
M	TGCATGATCGCTTCAC-1	BANK1	3
M	GTTGGTAGTAGTCTGT-1	BANK1	3
M	GTAGGAGGTCCGTGCA-1	CD28	2
M	TTGCTATCACGCTGTG-1	EPCAM	1
M	CGCTGGAAGATGAGGA-1	CD79A	2
M	GTGGATTAGCTGAGGT-1	IRF8	1
M	CTGAATGAGCTTTCCC-1	IRF8	2
M	TTTGGTTCAGGTCCTG-1	VWF	4
M	GGTGCTGTCGCCACTT-1	CD3G	1
M	CTGCTCACACCAAGGA-1	CD5	1
M	TGATTTCCAATCATCG-1	SH2D1B	5
M	TTTGGTTAGACCCATT-1	PAX5	2
M	TGTACAGCACCACGAC-1	TXK	3
M	GGGACCTAGACTTGAA-1	SKAP1	4
M	CCTTGCAAGCCGCAAA-1	EBF1	1
M	TGCCTCACATCTCACC-1	ITK	2
M	TTTGTGTGTTTGTCTT-1	EOMES	1
M	CTTCCAGAGCGTGTTT-1	EPCAM	1
M	TTAGGTGTCTCCAACC-1	CD79B	1
M	GTTATTCAGCTCGTTA-1	NKX2-1	5
M	CCTTAATAGGTTAGTA-1	KLRF1	1
M	GAACTTGTCTCCACTG-1	PRF1	2
M	TGATGCATCAAACCCA-1	EBF1	7
M	ACTGCGGCAGGCACAA-1	CD79A	1
M	GGAACTTTCGGAAAGC-1	CD79A	1
M	TTTGGCCTCAAAGTAG-1	CDH1	1
M	CGTGGCAAGGGTCCCT-1	KLRD1	1
M	GCAGCTGTCACAACAC-1	CLEC9A	1
M	ACAATCGAGATATGTG-1	PAX5	3
M	GCCCGAATCCCGCAAG-1	BANK1	3
M	GCCCAGATCACAACAC-1	BANK1	4
M	GAAGTGGAGGCTAAAT-1	CD28	1
M	CAAGCTAAGGCAGTAC-1	CD8A	1
M	GAAACAAGTTCCCAAA-1	KIR2DL4	1
M	TCAATTCTCTTTATCG-1	CDH1	1
M	ACCATCCAGAAAGGGT-1	NCAM1	1
M	CTCTCGATCCGCTCTA-1	PRF1	1
M	ATTACTCCACCCTTAC-1	MRC1	2
M	GTGGCGTGTTCTGAGT-1	CD160	1
M	GCATTGATCTCTCAAT-1	CD160	2
M	CCCTAACTCTGGCACG-1	ITK	2
M	AGCTATGCAAGGATGC-1	ITK	1
M	TTGTTCAGTTCCGCGA-1	BANK1	4
M	AAGGAGCAGATCACCT-1	MERTK	1
M	TACTCGCTCACTCGGG-1	MERTK	1
M	GACCCAGGTTGAATAG-1	GNLY	1
M	ATAGTCGCACATATCG-1	PECAM1	1
M	GTTATGGGTAAACGTA-1	CDH1	3
M	AGCGTGCTCTTCTTCC-1	CD14	1
M	GTAGGAGCAAACTACC-1	VCAN	1
M	TGATCAGTCGTGGGTC-1	TXK	1
M	TGATGCACAAAGCTGG-1	EOMES	2
M	CATTCATAGCACCATT-1	CD28	1
M	AAAGATGGTTCCTATT-1	NCR1	2
M	GCGTAGCCAATGACTC-1	PECAM1	3
M	GGTTGCGTCATTCATC-1	KLRF1	1
M	CAGCTGGAGAAACGCC-1	VWF	1
M	TACCTCGTCGCGATGC-1	BANK1	2
M	TTGTCTACATCCTGGG-1	TXK	2
M	CAACGTAGTACCCATA-1	ZBTB46	1
M	GAGAACGTCCTGACCT-1	GNLY	1
M	CGTTCCAGTTATCGAC-1	GNLY	1
M	AACTTGGTCGCGTGAC-1	PECAM1	2
M	GGACACCTCTAAACGC-1	THEMIS	4
M	GCATGATTCGAGAACG-1	TXK	3
M	GCCCGAACATGATTGC-1	PECAM1	1
M	ACAAAGAAGGGTAGTC-1	SKAP1	1
M	GAGCATTCAGTTAAAG-1	SKAP1	1
M	TAGACTGCACTTTGGA-1	CD6	2
M	GTGCTGGAGCTACGTT-1	SPI1	2
M	TAGCTTTTCAGTCTTT-1	PRF1	1
M	TAAACCGGTGCGTAGA-1	EBF1	1
M	ACTTTCACATTCCCGT-1	NKG7	1
M	AATGTCGTCTCTGCAC-1	SKAP1	6
M	GCGCCAAGTCACCCGA-1	SKAP1	1
M	CCACGTTGTCGAGGAT-1	FLT3	1
M	GGGTCTGGTAGCAGCA-1	KLRD1	3
M	CATTCCGCAACGTACT-1	CD14	2
M	TACCTATAGACAGCTG-1	VCAN	1
M	GGTGTCGAGGGTTCTT-1	IL7R	1
M	GATTGACTCCTATCAT-1	ZBTB46	1
M	CTTTGCGGTCATAGAA-1	NKG7	1
M	GAGGCTCGTGAGGTCA-1	NKG7	1
M	AACAGTCAGCTAGTTC-1	SKAP1	2
M	CGCTGGAAGGCGTCCT-1	CD4	1
M	AAAGATGGTTCCTATT-1	NCAM1	9
M	AACTTGGTCGTCCCTA-1	CD6	5
M	TGGTCCTAGTGTCACT-1	SH2D1B	3
M	TTCTAACGTCAATCCA-1	ITK	1
M	TGCTCACTCTCGGCGA-1	CSF1R	1
M	ACTTCCGTCGTGCTTC-1	TXK	1
M	GAGCATTTCTAAACGC-1	MERTK	1
M	CGCAATACAATGCCAT-1	KIR2DL4	1
M	TAGCGGCGTAGGGTTG-1	CD79B	1
M	ATGTACGTCTGGCGCA-1	VWF	1
M	TTGCCCAGTCAACGGA-1	CD3D	1
M	CAGCTAATCGCGCTGA-1	NCAM1	1
M	AATGGAACAATTCTCT-1	LCK	1
M	TCAGGTAGTAAGTGCG-1	EBF1	3
M	GATTAGCGTTGCAGAG-1	KLRF1	1
M	GAACCTAAGGTTCGTT-1	CD14	2
M	TGCTCACTCCGGGCAT-1	TXK	1
M	CCCTAGTTCTACATCT-1	EOMES	3
M	GACCAATAGACAACGC-1	GNLY	2
M	TGTAGCAAGTGATATG-1	CD79A	1
M	TTGAGTGAGTACGCGA-1	DCN	1
M	CCTTAATGTTGAAGCG-1	LCK	1
M	AGCGTGCTCTTCTTCC-1	GNLY	1
M	GTAGGAGGTATCAGCT-1	NCR1	2
M	GCTCGAGAGCCGCAAA-1	PECAM1	1
M	GGCGAAATCCCAGCGA-1	FLT3	1
M	CGCAATACAATGCCAT-1	CD3E	1
M	GGTGCTGGTGCTGAAG-1	NCAM1	1
M	CCCTAACGTCAAATCC-1	CD6	1
M	ATTGTCTTCGCTCGGA-1	EOMES	1
M	CAAGAAACATTGAACC-1	CD28	4
M	AATACGCGTCTCGGGT-1	MERTK	1
M	TAGGTGTCAGTGGTCC-1	CD8A	7
M	TCAGGTAAGCTGCCAC-1	CD8A	2
M	GCAGATTTCCGCGATG-1	NKG7	4
M	TGCGTAACATGGTTTG-1	CD79B	1
M	CTTGCTGGTATCTAGC-1	DCN	1
M	GTCACAATCTTTCGAT-1	CD6	1
M	TTCAACTCAGGTAGCA-1	CD6	1
M	GCATTGAGTGGACAGT-1	PRF1	2
M	AACAAAGAGAGCCACA-1	EBF1	3
M	GTCCATCTCGATAGTC-1	BANK1	3
M	AGTGCCGAGGCTCAGA-1	GNLY	1
M	TTTGCGCCAAGACTAA-1	KLRD1	7
M	GCCCAGACAAGCGGTA-1	CD4	3
M	CGTTCCATCCGGAAAG-1	PAX5	7
M	AATGTCGAGCGGACTA-1	CD14	1
M	TCTCAGCGTCAGTGTT-1	TXK	2
M	GTGGATTAGTAGTCGG-1	ZBTB46	1
M	GCGAGTCAGAGACTCG-1	CD28	1
M	TAACGGTTCGTCTTAT-1	SKAP1	1
M	TGTACAGGTGGATTTC-1	IRF8	2
M	CCAGATAAGAGATTAC-1	KLRD1	1
M	CCTTGGTGTTCTGATG-1	KLRF1	1
M	TATTGCTCAGCTTACA-1	CD6	1
M	GTAGACTTCTCTCAAT-1	ITK	2
M	GGAGTAGAGTCTGGGA-1	TXK	1
M	ATCCAGACACCTGAAT-1	IRF8	1
M	AATGTCGAGCGGACTA-1	IRF8	1
M	GCACGCATCCTGACCT-1	PAX5	1
M	AAAGGATTCACATTCT-1	ZBTB46	2
M	CAAAGCTGTCATAGAA-1	KLRD1	2
M	CGGTGCAAGAAGGGCG-1	BANK1	1
M	TTTGCGCTCGTAGCGC-1	TXK	5
M	TTAGGTGCAGGAGCAT-1	KIR2DL4	1
M	GTGTCAATCTCTTCTC-1	COL1A1	2
M	TTGCTATAGACACAAT-1	IRF8	1
M	CTCTCAGAGAAACGCC-1	KLRD1	10
M	TGCCTGTGTACATGGG-1	VWF	17
M	AAACTCGGTGACCAGA-1	LCK	1
M	GTGGATTCACGCTGTG-1	PAX5	6
M	GAAACAAGTTCTTATC-1	CD79A	1
M	ACTATTCCACCGATCG-1	PECAM1	2
M	TTACCCGGTCAGTGTT-1	KRT8	1
M	TTAGGTGAGGACTTTC-1	THEMIS	1
M	TTTGCGCCAAGACTAA-1	IL7R	1
M	ATGTACGGTCATAGCT-1	BANK1	3
M	CCGAAGCCAACCTCCT-1	ZBTB46	4
M	GCGATTACATGCGTTA-1	CD79B	1
M	CTCTACGCAACACGGA-1	SKAP1	2
M	TGCACCTTCGATTACG-1	IRF8	3
M	GAAAGTAGTAACGGTG-1	IRF8	1
M	AAGGAGCGTGAGGTCA-1	NCAM1	1
M	GCCTAGGGTGGATTTC-1	THEMIS	1
M	GCCTAGGCAAAGCATA-1	KRT8	1
M	CCTTAATAGGTTAGTA-1	VWF	3
M	ACTTTCACACACTAGT-1	LCK	1
M	GAACCGCAGAAATTCG-1	THEMIS	2
M	CACTGAACAAGCGACA-1	CD28	1
M	AGATAGAGTTGCTTGA-1	CD28	3
M	GTCACGGTCTTAGTGG-1	CD28	1
M	GCTCCTATCGTCGCAG-1	CDH1	1
M	TAACGGTCAGTAGGCA-1	CD4	1
M	CTCTACGCAACACGGA-1	SH2D1B	2
M	GACCGACCATAAAGTG-1	SH2D1B	1
M	TGCCTCAGTAATGCAA-1	LCK	14
M	GAGAACGTCCTGACCT-1	VCAN	1
M	CCTTGCAAGGCTCCTG-1	EOMES	1
M	CAACGGCCAACGTCGC-1	CD8A	1
M	GTGTCAATCTCTTCTC-1	NCR1	4
M	TAACGGTTCGTCTTAT-1	CD79A	5
M	GTCACCTGTGAGTTGG-1	CD79A	3
M	CAACGGCAGTGTCGGA-1	PECAM1	2
M	TGACTCCAGGAAGGTA-1	KLRD1	2
M	ACTGTCCTCCTCATTA-1	CD4	1
M	ACATGGTTCATTGCCC-1	BANK1	1
M	GTAGGAGGTCCGTGCA-1	TXK	4
M	GCCTACTGTCGTAGTT-1	CD8A	2
M	GAACGTTTCTCCTTAA-1	NCR1	1
M	GAAGTGGAGGCTAAAT-1	COL1A1	1
M	TTCGGTCAGAGAGTTT-1	SKAP1	1
M	GCCAGACCAACAACTC-1	PRF1	2
M	GAGGATGGTCTGTCCT-1	EBF1	1
M	GTTGGTAGTAGTCTGT-1	ITK	4
M	CAAGAAAAGGTACTCT-1	ITK	3
M	ACCTGCTTCTCTGACC-1	KIR2DL4	2
M	CCTTGGTGTTCTGATG-1	KIR2DL4	1
M	GAGGCTCGTGAGGTCA-1	KLRF1	1
M	CAGCTGGTCGGGAATG-1	NCAM1	1
M	TGCATGACATTACTTC-1	ITK	1
M	CCGTGAGGTCAGGCTC-1	BANK1	4
M	GAAGTCTTCCGATGCG-1	ZBTB46	1
M	CATTCCGCAACGTACT-1	MARCO	3
M	GTTATTCAGAGTTCGG-1	SKAP1	2
M	ACCGCAGTCCGAGAGA-1	KRT8	1
M	GGAGTAGCATTTGGTG-1	PRF1	2
M	TGGCAATCATACTGCA-1	LCK	1
M	TGATGCATCTCTTCTC-1	PAX5	1
M	GTGTCCTAGTACAGAT-1	ITK	1
M	TACGCCTGTTATCGAC-1	NCR1	1
M	CGTTCCAGTTATCGAC-1	KLRF1	1
M	TTACTTGAGTCTCGAT-1	CD5	2
M	AGATTCGTCTTCCGTG-1	MRC1	1
M	GGTAGGACATTAGCAC-1	BANK1	3
M	TCAGGGCGTGTACGCC-1	TXK	2
M	TAACAGCCAGGTGGTA-1	TXK	2
M	TCTATTGTCCATGTTT-1	CD28	2
M	GTCACAATCTTTCGAT-1	CD8A	2
M	GTTATTCAGCTCGTTA-1	COL1A1	5
M	AACCAACTCGATGTAC-1	LYZ	1
M	GGAGGATCAAGCGTCC-1	KRT18	1
M	TCACAAGCAAGTTGCT-1	KLRF1	1
M	GCATTCCCAAAGGAAG-1	KLRF1	4
M	ACTGCAAAGTCCGGAA-1	LCK	1
M	GCTGAGCAGTCGAGCA-1	LCK	3
M	GCCAGCATCAAACCCA-1	PAX5	4
M	TGAATCGGTGAATGTA-1	ITK	4
M	GGGTTATCAATTCTCT-1	ITK	3
M	GCCTACTCAGATACAA-1	GNLY	1
M	CCTATTAAGATCTAAG-1	SKAP1	3
M	TAGCACATCAACTTGG-1	CLEC9A	1
M	TTTGCGCCAAGACTAA-1	VWF	2
M	TACTAGGGTTCTGATG-1	PRF1	1
M	CCCGTTATCGAGGTAG-1	MRC1	3
M	GTGTGATCAGTAACTC-1	SH2D1B	1
M	GCTGCGAGTACCAAGG-1	CD8A	1
M	GCGTTGGAGCTATCGT-1	NKG7	2
M	GCCTAGGGTCGAGGTA-1	KRT8	1
M	CAGTGCGAGATTGACA-1	CD3E	1
M	TGAATCGAGGCAGTGT-1	MS4A1	1
M	AAGATAGAGCCAGAAC-1	ITK	18
M	GGTTGCGAGGCCAATG-1	ITK	11
M	TGATGCATCAAACCCA-1	ITK	8
M	GAACCTAAGCGCACAA-1	IL7R	1
M	CAGCTGGTCGGGAATG-1	MARCO	1
M	AATGTCGTCAGCCGAC-1	KIR2DL4	2
M	AGCCTCTTCGGTTCCT-1	NKG7	1
M	TTCTGTAAGTTGCGCC-1	PECAM1	1
M	GGTGCTGTCGCCACTT-1	SKAP1	7
M	TGCTCACTCTTGTGCC-1	VWF	1
M	CCTGGGACAGAACGAC-1	SH2D1B	1
M	TTCGCGTTCTTCCGTG-1	SH2D1B	1
M	GCTGAGCGTGCAAGCA-1	THEMIS	1
M	GGAGAACAGACCATAA-1	PECAM1	5
M	TTTGTGTGTTTGTCTT-1	VWF	1
M	CGCAATATCCCACTTG-1	LCK	1
M	TTTGCGCCAGATACAA-1	CSF1R	1
M	TATCTGTTCTTAATCC-1	BANK1	1
M	ATGTCGATCCGGGCAT-1	CD28	1
M	CACTAAGCATCCGTAA-1	MARCO	1
M	GGTACCGAGAACAGGA-1	EPCAM	1
M	AATGTCGTCAGCCGAC-1	SKAP1	1
M	ATTCGTTCAACTCGTA-1	IRF8	1
M	ACAAGCTTCCTGAAAC-1	CDH1	2
M	GTCACAACATTCACCC-1	LCK	2
M	CAGTGCGTCTTTCGAT-1	EBF1	2
M	GCTTGCTTCCATAACG-1	CSF1R	1
M	CTGCGTTGTGCGCTCA-1	CSF1R	1
M	TTAACGGGTTCCCGGA-1	CD14	4
M	TAGCCCTCATTTGTTC-1	TXK	3
M	GTAGGAGTCTGTAGAC-1	ZBTB46	1
M	CTCAGCTTCTCTTAAC-1	GNLY	2
M	TCAGCTCTCTTACTCA-1	NCR1	1
M	TATGTTCCAATTAGGA-1	NCAM1	3
M	ACTAACGCAGAACTTC-1	MRC1	7
M	TGCGTAATCTAGCTGA-1	MRC1	1
M	GCTTGCTAGTAGTCGG-1	ITK	4
M	AAGGTTCCAAATTCCG-1	TXK	1
M	ACGTGGCCAAGGTCGA-1	MERTK	1
M	GCAGCTGTCCAAGTCA-1	KIR2DL4	1
M	GGTGCTGCAAGGGTAC-1	KIR2DL4	2
M	GCAAAGGTCCAGTACA-1	COL1A1	1
M	GGAATCTCATGTGGGA-1	VWF	1
M	TCAGTTTAGCTGAGGT-1	PRF1	1
M	GAGCATTTCTAAACGC-1	THEMIS	2
M	GAAGTCTCATCGCTAA-1	VCAN	1
M	CCTATTAGTACGGAGT-1	BANK1	4
M	ACAGCGCTCCTTCGAC-1	CD6	1
M	ATCCAGACAATAGCGG-1	MS4A1	1
M	AAAGATGCACAGAAGC-1	SFTPC	1
M	AGTCAACTCCGGAAAG-1	EOMES	1
M	CACGTTCAGTAACTCC-1	EOMES	3
M	CATAACGAGCGAATAT-1	ZBTB46	2
M	GACCCAGGTTGAATAG-1	CD8A	1
M	GGAGGATCAAGCGTCC-1	NKG7	1
M	CGCGCAACACAATAAG-1	SKAP1	2
M	CTAGGGCCATGGGTGA-1	KLRD1	1
M	GCCTACTCAGATAAGT-1	CD4	1
M	TCAGTTTTCTGAAAGA-1	CD3E	1
M	ACTACGAAGCGCCTAC-1	ITK	3
M	TAGCACAAGACCGCAA-1	BANK1	6
M	CTGTATTAGATGCGAC-1	MERTK	8
M	AGCCTGGGTTGAAGCG-1	NKG7	1
M	CGCAATACAATGCCAT-1	IRF8	1
M	GGATGAGCAGTAACGG-1	KLRF1	3
M	TCAGTTTAGCTGAGGT-1	NCAM1	1
M	GAGGTCCGTCAGGTGA-1	CD6	3
M	GAATCTGCAGTAAGCG-1	PRF1	1
M	TACATGGAGCTAACAA-1	EBF1	1
M	ACGTTAGAGGTAAGCC-1	ITK	3
M	AGGCGTCTCCTTTGCG-1	ITK	1
M	GCCAGACTCCGTACGG-1	BANK1	1
M	GACCAATGTATTCTGG-1	KLRF1	1
M	TGCTCACAGAATGCTA-1	IL7R	3
M	CTAGGGCAGAACCCGA-1	BANK1	2
M	CCTTAATTCTCGCGTT-1	BANK1	4
M	ACGTGGCAGGCGCTTC-1	TXK	1
M	TCACTCGCACTGAAGG-1	COL1A1	1
M	TGTGGCGCATTAGCCA-1	KLRD1	5
M	GAGAACGGTGCAAGCA-1	PRF1	1
M	GTCCATCAGCTTTCCC-1	PAX5	6
M	GGGTGTCTCCTATCCG-1	CD14	1
M	GAGGTCCGTCAGGTGA-1	KIR2DL4	1
M	GGTGCTGGTATGGTTC-1	KRT8	3
M	CAGTGCGTCGGCTATA-1	CD6	3
M	CCGTAGGAGAGGCCTA-1	EBF1	1
M	TCTAGTTTCAGTGTAC-1	TXK	1
M	TGGACATAGTTCTCCC-1	CD79B	2
M	TCGAGCGGTGATGCTT-1	CD79B	1
M	TCTAGTTAGCTACGCC-1	CD6	1
M	CGGTGCATCGCTTACC-1	SH2D1B	5
M	GTTGGGCAGTATCTGC-1	ITK	8
M	CTACTTACAGCAAACG-1	ITK	2
M	TTTGTGTCACACATGT-1	IL7R	7
M	TTACCGCGTGATGCGA-1	TXK	2
M	GCTTAAGGTTACACTG-1	CD8A	4
M	TGATTTCTCCTCTCTT-1	ITGAM	1
M	TAAGCCATCCGCGATG-1	KLRD1	8
M	GTACTTTGTTGGAGGT-1	CD3D	1
M	CTACTTAAGGGACGTT-1	NCAM1	1
M	TTACTTGAGGATATCA-1	ITK	2
M	CTGTATTAGATGCGAC-1	EOMES	1
M	GGTACCGAGAGCGGTT-1	MERTK	1
M	CCACGTTTCCATGTTT-1	CD68	1
M	ATCGAGTCACACTAGT-1	CDH1	1
M	GGTAGGAGTGCACTTA-1	LCK	1
M	CCCTAACGTCAAATCC-1	PAX5	3
M	CCTTGGTTCGGTTCCT-1	NCR1	1
M	TCCATCGCACATTGCA-1	CD3G	1
M	AGCGATTGTGGTAGAC-1	MRC1	1
M	TATCTGTAGGCCTCTG-1	PAX5	1
M	TGATCAGCAGATACAA-1	BANK1	3
M	GTTATTCAGGATTTGA-1	IRF8	3
M	GGTTGCGTCTCTTAAC-1	CDH1	1
M	TTCTGTAAGACCCATT-1	KLRF1	1
M	GACTAGTGTTACGCTA-1	VWF	1
M	GTAATCGCAAATTGAG-1	CD3D	2
M	CGCTGGATCACTCCCA-1	CD6	3
M	GACCAATAGTGCTCGC-1	PRF1	1
M	TCACAAGCAGCTTACA-1	MRC1	1
M	TATCGAGTCCCGGGTA-1	LCK	6
M	CTCGCTATCGCCCTTA-1	PAX5	1
M	GCCTAGGAGTACCTCA-1	EBF1	2
M	ATCCAGACAATAGCGG-1	TXK	8
M	CTCCCAAAGAAGCCGT-1	TXK	2
M	CAGTATGTCTTACGGA-1	CD8A	3
M	GTCACTCAGAAATGGG-1	KLRD1	5
M	TTAGGTGTCGCAAGCC-1	SPI1	1
M	GCAGATTTCCGCGATG-1	ITK	8
M	AAGGAGCCACGATTAC-1	VCAN	1
M	AAGATAGTCGTCCCTA-1	GNLY	1
M	TACGGATCACCAAGGA-1	GNLY	2
M	TAGCATGGTGTCCCAG-1	EPCAM	2
M	CCAGATAAGAGATTAC-1	PECAM1	1
M	TACATTCAGTCGTGAG-1	FLT3	2
M	TTGCCCAGTCAACGGA-1	CD6	1
M	GTGTCAATCTCTTCTC-1	PAX5	3
M	AGGACGAGTCAAGACG-1	THEMIS	1
M	GAAGTCTCATCGCTAA-1	CD28	1
M	TAGGAGGTCTGAGTAC-1	IRF8	5
M	TCAAAGCGTATTTGCG-1	KLRF1	1
M	TAAACCGGTGGTCGAA-1	NCAM1	2
M	TCGCCTAAGAATGCTA-1	EBF1	3
M	TCGTTCGTCTATAGGC-1	ITK	1
M	CATTCATCAGCGCGTT-1	BANK1	2
M	GAAGTCTCAGTAACGG-1	BANK1	1
M	ACTGTCCGTCACCCGA-1	TXK	4
M	TTAACGGTCTTAAGCG-1	TXK	6
M	CCTTAATTCTCGCGTT-1	EOMES	2
M	GTACTTTCAAGATGCG-1	CD79B	2
M	AGATTCGTCTTCCGTG-1	ITGAM	1
M	GTGCTGGGTCATAGCT-1	CD3E	1
M	GACCAATTCCACCTAC-1	CD3E	2
M	CTCCCAAAGAGTCCGA-1	NCAM1	1
M	TGTTAGGCATAGATAG-1	CD6	1
M	ACTCGGGCACCTATTT-1	CD6	1
M	TTATGTCCATTCCCGT-1	MRC1	1
M	TACCTATGTATATGGA-1	SH2D1B	1
M	ACCGAATAGTACAGAT-1	CD14	1
M	GAAGTCTAGTTATGAG-1	VCAN	1
M	ATTACCTAGTAGTTCC-1	BANK1	1
M	GGAGAACAGACCATAA-1	GNLY	1
M	TTTGTGTGTTTGTCTT-1	GNLY	1
M	GTAGTACGTCTCTGCT-1	KRT8	1
M	CATAACGAGCGAATAT-1	NCAM1	1
M	TAATTCCAGAACCATA-1	CD6	1
M	CATTCATCACGCTCAG-1	PRF1	1
M	GTTATTCAGAGGCAGG-1	THEMIS	1
M	TACAGCAGTGTGAGGT-1	VCAN	1
M	AGCCTTCGTGTCGTGC-1	CD28	1
M	AGCTGGCTCGTCTTAT-1	KIR2DL4	1
M	GCTCGAGCATCGTACA-1	CD68	1
M	ACGTGGCAGACCATAA-1	KLRD1	5
M	GCTGCGAGTACCAAGG-1	KLRD1	1
M	TAGGTCAAGTGAGTGC-1	NCAM1	1
M	GAAGTCTTCCGATGCG-1	NCAM1	2
M	CCTGCTACAAGCAATA-1	PAX5	1
M	GCGATCGCAGGCACAA-1	ITK	3
M	CAACGTAAGGGCGAAG-1	ZBTB46	1
M	GCAGCTGAGATTAGAC-1	ZBTB46	1
M	AGCCTGGGTTGAAGCG-1	EPCAM	1
M	GCACCTTCACTGTTAG-1	SKAP1	4
M	GAGACTTCACTTTGGA-1	KLRD1	4
M	TATGTTCTCTATACCT-1	PAX5	2
M	GGAGGATTCTTGCGCT-1	BANK1	1
M	TTGTTCAGTCCTTCAC-1	TXK	4
M	GCTTTCGAGCATTCCA-1	TXK	1
M	TTTACGTCAACGTCGC-1	EOMES	3
M	GGTCATAAGATTCCGT-1	MERTK	1
M	AAAGGATTCACATTCT-1	MERTK	1
M	TCACAGAGTCCTATTT-1	NCR1	1
M	AGCGTGCAGACAGTGC-1	KLRD1	3
M	GGTGCTGAGGCAGATC-1	VWF	1
M	ACAGCGCTCAAATGGA-1	NCAM1	1
M	TTTGTGTGTTTGTCTT-1	EBF1	1
M	CATAACGCAACGAGGT-1	BANK1	3
M	TCACCTGAGTTCAGGG-1	TXK	1
M	TTAGGTGTCGCGATGC-1	CD79A	1
M	TGGTCAACAATGGTAA-1	PECAM1	1
M	CGATGATTCCTCAAGA-1	MRC1	2
M	ACCGCAGGTCTGGGCT-1	CSF1R	1
M	TGGCGCACACCCATCT-1	CSF1R	1
M	ACAGGCCGTTTGACCA-1	PECAM1	1
M	CCTAAAGGTCACCCGA-1	LCK	2
M	GAAACAATCGCCAGAC-1	CD14	1
M	TACAGCACACTAGGAG-1	TXK	2
M	TCAAGGTCATTGAACC-1	TXK	1
M	CCCTCTCCACCACGAC-1	EOMES	1
M	AATGTCGAGCGGACTA-1	CD8A	3
M	CAAAGCTGTCATAGAA-1	GNLY	3
M	ATTGTCTTCGGCATAT-1	SKAP1	1
M	GGGACCTAGCTGATTC-1	DCN	1
M	TATGTGGCACCGTCTT-1	SPI1	2
M	GAACGTTGTTAGGAGC-1	PRF1	2
M	GGAATCTAGAACAGGA-1	THEMIS	1
M	GGAGGATCAAGCGTCC-1	THEMIS	1
M	CGCACAGCACTTGCGG-1	ITK	6
M	ACCTGCTTCTCTGACC-1	NKG7	4
M	CCCGTTAGTGCTGTGC-1	CD79B	1
M	TGGTCAAGTGATCAGG-1	SKAP1	1
M	GATCATGGTATCTCAG-1	FLT3	3
M	ATTGTCTTCGGCATAT-1	THEMIS	1
M	CAGCCTTAGAACCATA-1	EBF1	1
M	TGCTCGTCAACTAGAA-1	MERTK	1
M	ACGTGGCAGCTGAGGT-1	NCR1	1
M	GCATTGAGTGGACAGT-1	CD79B	1
M	CACAACACAACGTAGG-1	KLRD1	8
M	TCTCAGCGTGAGTAAT-1	KLRD1	1
M	ACGGATTTCGATAGGG-1	MRC1	2
M	GTAGACTCAATTGTGC-1	CD160	1
M	TTGGTCCAGACCTATC-1	LCK	1
M	AGGCCCAAGCTGCCAC-1	COL1A1	1
M	GACCCAGGTTGAATAG-1	IRF8	1
M	TTTGCGCTCGTAGCGC-1	IRF8	2
M	ATGTCGAAGTCTCGAT-1	CD6	2
M	GCAAAGGGTGCTTCCT-1	LCK	1
M	CTCTCAGCAGACTAAA-1	EBF1	1
M	TCAAGGTTCACAACAC-1	MARCO	1
M	GCCCAGATCAGGTTTG-1	PECAM1	1
M	AGCCTTCTCTCCTTAA-1	IRF8	4
M	CTGCGTTGTGCGCTCA-1	KLRD1	4
M	GAGACTTCAGATTGTC-1	KLRD1	9
M	GCAGCTGGTTTCGATG-1	NCAM1	3
M	GTTGGTACATTATGGC-1	ITK	1
M	CTAGGATAGGGTGTTG-1	CD28	1
M	ATCCAGATCCTTGACC-1	KIR2DL4	1
M	GCTCGAGCATCGTACA-1	COL1A1	1
M	TACCTATGTGCCAAGA-1	KLRD1	10
M	TACTCGCTCACTCGGG-1	NCAM1	5
M	CAACGTACAGAGTCGA-1	NCAM1	2
M	AACATCGGTATTCTTC-1	LCK	1
M	ACGGATTCAGGAGCAT-1	EBF1	3
M	TAATTCCTCCCAATAG-1	VCAN	2
M	CGATGATTCCTTTGCG-1	MERTK	2
M	TTCTGTAAGTTGCGCC-1	NKG7	1
M	AAACGAAAGTTCGTTG-1	PECAM1	1
M	GTCACAAAGTAGGTCG-1	KLRF1	2
M	AACTTGGGTGCTGTCG-1	NCAM1	3
M	AGCCTGGTCTACTGCC-1	EBF1	1
M	TCAGGGCTCTGGTACA-1	ITK	3
M	TTTGCGCCAGATACAA-1	ITK	9
M	TGTACAGGTTTGCGAT-1	ITK	1
M	CTAGCGGAGGGTAATT-1	CD8A	2
M	TCAGTTTTCTGAAAGA-1	NCR1	1
M	TGTACAGGTGGATTTC-1	NCR1	1
M	TTACGGACAGGGCTTC-1	CDH1	1
M	TGCTATTGTCCTCAGG-1	CDH1	1
M	GACTAACGTCACCCGA-1	ITGAM	1
M	GTCACCTAGTCGGGAT-1	KLRD1	2
M	GCTGCGAAGACAGTGC-1	CD5	1
M	GCAGATTGTCTGTGTA-1	SH2D1B	3
M	TTGAGCATCCTGACCT-1	THEMIS	1
M	GCCATAACAGCGTCGT-1	ITK	7
M	CTGCTCAAGGCCTAAG-1	ITK	1
M	TATGTTCTCTATACCT-1	BANK1	6
M	AGCCCGAGTAGTCTGT-1	TXK	1
M	TCTCTGGAGTCGCCTG-1	EPCAM	1
M	GTGTCAATCCGGCTGA-1	THEMIS	6
M	GAGGCTCAGCTCCGGT-1	EOMES	3
M	TTCATCACACACACCG-1	EOMES	4
M	GAAGTCTTCCGATGCG-1	CD79A	1
M	TTAACGGGTTCCCGGA-1	KLRD1	6
M	TGCTATTGTCCTCAGG-1	NCAM1	2
M	TACAGCAGTGTGAGGT-1	SH2D1B	2
M	TGCTATTCAAAGGCCA-1	SH2D1B	1
M	GAGGCTCGTCAGAAGC-1	CD160	1
M	GGGTTATTCCACACCT-1	PAX5	8
M	GTAGGAGGTTAGGAGC-1	PAX5	1
M	GATTAGCGTTGCAGAG-1	EOMES	1
M	CGCTGGAAGATGAGGA-1	NKG7	1
M	AATGGCTTCGGGTCCA-1	CLEC9A	1
M	GAAGTCTTCCGATGCG-1	CD6	2
M	TAGCACATCAACTTGG-1	PRF1	5
M	ACGGATTCATGTGAGG-1	ITK	1
M	ACATGGTCAACACGGA-1	CSF1R	2
M	GAAGTGGAGGCTAAAT-1	CD14	1
M	TGACTCCGTAACCCAT-1	NKG7	1
M	CATGCCTCACCCTTTG-1	SKAP1	3
M	GCTCCTAAGAGTAAGG-1	KRT18	1
M	GCGGGTTTCACTCCCA-1	VWF	1
M	TTCTAACAGGAGTACC-1	EBF1	2
M	CTAGCGGCATGCTATG-1	EBF1	2
M	CATTCATCAGCGCGTT-1	TXK	1
M	ACAAAGATCTGTAGAC-1	PECAM1	1
M	CTCTACGAGTCTCCAA-1	SKAP1	1
M	ACCCAAAGTTAGAGAT-1	FLT3	1
M	CAGGATTTCCGCCTAT-1	DCN	1
M	TAAGCCATCTTTGCAT-1	CD3D	1
M	TCCATCGCACATTGCA-1	NCAM1	3
M	GATTAGCAGAGTTTGA-1	ITK	3
M	CACTAAGAGCTCCGGT-1	IL7R	5
M	GAACTTGGTCACATTG-1	IL7R	1
M	TTGAGTGTCCTTGACC-1	EOMES	1
M	CATAACGGTGAGTTGG-1	MERTK	1
M	TAGGTGTCAGTGGTCC-1	NCR1	1
M	AGCGTGCTCTTCTTCC-1	PECAM1	1
M	GCTCCTAAGATATGAC-1	CD68	1
M	AACAAAGTCGAACACT-1	IRF8	1
M	AAGGAGCAGATCACCT-1	DCN	11
M	AACGAGGCACATTGCA-1	DCN	1
M	CGGACCAGTCACAGTT-1	CD160	1
M	GTCACAAGTAGTCTGT-1	LCK	1
M	AACGTACGTTTGAAGA-1	ITK	5
M	AGTCAACTCCGAATTG-1	ITK	3
M	TATGTTCCAATTAGGA-1	VCAN	1
M	ATGTCGATCATAGGTC-1	EOMES	2
M	CACAGATGTCAACAGG-1	NCR1	2
M	AACGTACTCTTCTTCC-1	NCR1	1
M	TTAACGGTCTTAAGCG-1	PECAM1	1
M	TGATTTCCAAGGGTAC-1	IRF8	1
M	GACCTTCTCAGTTGAC-1	DCN	1
M	TAATTCCAGAACCATA-1	NCAM1	2
M	TCAGGGCGTCCAAGTT-1	CD160	2
M	GGTGCTGCAAGGGTAC-1	PAX5	2
M	ATCCAGATCCTTGACC-1	CSF1R	1
M	TCAAAGCGTATTTGCG-1	ZBTB46	2
M	TCGTTCGAGTAGAAGG-1	VCAN	1
M	GCTGCGACACCATTCC-1	CD28	1
M	GGTCATAGTTTGTGAC-1	GNLY	1
M	TGGTCCTAGTGAGCAC-1	KIR2DL4	2
M	TCAGCTCTCTTACTCA-1	KIR2DL4	1
M	CGATGATTCCTTTGCG-1	KLRD1	3
M	AACGTACCAAGAGATT-1	CD6	2
M	CTCGCTAAGAACGTCG-1	PRF1	1
M	GTCACTCAGTCTTAGC-1	PRF1	1
M	CCTAAAGGTCACCCGA-1	SH2D1B	1
M	GAAACAAGTGAGTTGG-1	THEMIS	2
M	TTGAGTGCACCACGAC-1	ITK	1
M	TTACCGCAGGCAATTA-1	MERTK	1
M	TGACTCCCAGTAAGCG-1	CD79A	1
M	TGCACCTTCGATTACG-1	ITGAM	2
M	GTGCTGGGTCATAGCT-1	ITGAM	1
M	GACCCAGGTGCACATT-1	KLRD1	4
M	ACGTGGCAGACCATAA-1	VWF	2
M	ACTAACGGTTTCTTAC-1	VWF	1
M	GGGCCATCAGTAACCT-1	NCAM1	1
M	TATCGAGTCCCGGGTA-1	CD6	2
M	TTGCGGGCATGGAGGT-1	ITK	6
M	ACGGATTTCGATAGGG-1	ITK	9
M	CCCGTTAGTGCTGTGC-1	TXK	1
M	CACCTTGTCAGTGTGT-1	SKAP1	2
M	TAATTCCTCACGATTG-1	CDH1	2
M	TTCGGTCCAAGGAAGA-1	VWF	1
M	TCCATCGAGGGAGTTC-1	NCAM1	3
M	CAACGTAAGGGCGAAG-1	CD6	2
M	AATGCCAAGGGACGTT-1	PRF1	2
M	CCCTCTCGTTGGTAAA-1	THEMIS	1
M	GAGGCTCAGCTCCGGT-1	THEMIS	4
M	GTAGGAGCAAGCAACG-1	VCAN	1
M	ACTACGAAGCGCCTAC-1	BANK1	3
M	GCTTAAGAGGTCTTTG-1	PECAM1	1
M	GTTCAAGGTTTAGGAA-1	SKAP1	1
M	CATTCCGAGATAGGTT-1	ITGAM	1
M	AGTCCGGAGATATGAC-1	KLRF1	1
M	AGACAAAAGTGAAGGA-1	SH2D1B	1
M	GCCTAGGGTCGAGGTA-1	EOMES	3
M	TAATTCCTCCCAATAG-1	PECAM1	7
M	ATAGGCTAGCGATACG-1	CD79B	1
M	CTGCGTTGTGCGCTCA-1	IRF8	2
M	TGTAGCATCCGCTCTA-1	KRT8	1
M	GCATTGAAGACTTCCA-1	KLRD1	7
M	CTACTTACAGCAAACG-1	SPI1	1
M	TTTGTGTGTTCCATCC-1	LCK	1
M	TGCCTCATCGATTACG-1	EBF1	1
M	TTTGTGTCATTACTCT-1	IL7R	1
M	ACCGAATTCCGCTATC-1	BANK1	2
M	GGTCATACATTACTCT-1	CD28	1
M	CCGTAGGTCACTAGCA-1	NCR1	1
M	TGATGCACAAAGCTGG-1	NCAM1	3
M	GCGTAGCCAATGACTC-1	NCAM1	4
M	GCAGATTTCACTAGGT-1	BANK1	3
M	CTTCTAATCCCAATAG-1	MERTK	1
M	GCAGCTGTCCAAGTCA-1	NKG7	1
M	ACTTCCGGTGTCCAGC-1	CD79A	2
M	GTCACTCGTGGATTTC-1	CD79A	1
M	TTAACGGTCTTAAGCG-1	CD68	1
M	GGAGAACAGACCATAA-1	KRT8	1
M	GAATCTGCAGTAAGCG-1	KRT8	1
M	GGGACCTAGACTTGAA-1	THEMIS	2
M	TCAAGACCAGCAACGA-1	CD8A	1
M	GCTGCGAGTCATAAGA-1	NCR1	2
M	GGGTGTCGTTTCAGCA-1	CD79A	1
M	CAGGATTAGATTCCGT-1	SKAP1	2
M	TTGTTCAGTTCCGCGA-1	VWF	1
M	GAGGCTCAGCTCCGGT-1	NCAM1	1
M	GTCGTAAAGGCTCCTG-1	CD14	1
M	AATGGAACAATTCTCT-1	TXK	1
M	CGCTATCGTCATCGTA-1	EOMES	1
M	TGGGTGCCATCGTGAT-1	EOMES	1
M	AACTGGTTCCTAGAGT-1	FLT3	1
M	TACATGGTCGCGCCAA-1	FLT3	1
M	TGATCAGTCGTGGGTC-1	VWF	1
M	CCTTAATTCTAGCAAC-1	VCAN	2
M	ACTACGATCCACGGCA-1	EOMES	3
M	AACCGATAGAGAAGCA-1	CD8A	6
M	TTAACGGTCTTAAGCG-1	NCR1	1
M	TCCATCGCACATTGCA-1	PRF1	6
M	ACATGCATCCTAAGTG-1	PRF1	3
M	GTAGGAGGTCCGTGCA-1	LCK	2
M	TGCTATTGTCCTCAGG-1	PAX5	1
M	GTCACGGCATTCACCC-1	CSF1R	1
M	TACGGATGTATGTCCA-1	BANK1	1
M	GGAACCCGTCCGAGCT-1	NCR1	1
M	ATTGTCTTCGCTCGGA-1	CD79A	2
M	AAGGAGCCAGCGTAGA-1	DCN	1
M	TACAGCAGTGTGAGGT-1	KLRF1	1
M	AGTTTGGGTGGACAGT-1	CD6	3
M	AGTTTGGCAACTCGTA-1	PRF1	1
M	TAGGAGGTCACTCGGG-1	ITK	13
M	CTACTTACAAGCCCTG-1	TXK	2
M	GCGATTATCTCCCTTT-1	CD79A	1
M	GGGTCTGGTAGCAGCA-1	SKAP1	2
M	TCAAGGTTCACAACAC-1	CDH1	1
M	TAGGTGTTCCTGTAGA-1	FLT3	2
M	CAAGCTAGTGTCTCGG-1	FLT3	2
M	AGCGATTGTGGTAGAC-1	DCN	1
M	GCTCCTATCGTCGCAG-1	PRF1	6
M	CTAGGATAGGGTGTTG-1	CD160	1
M	GAATCTGAGCTACGTT-1	LCK	3
M	CCGCATTAGGATATCA-1	IL7R	1
M	GAAACAATCGCCAGAC-1	KLRC1	2
M	TGGCCTTGTTTGCATG-1	CD14	2
M	CCTTGCATCTCTGACC-1	SKAP1	1
M	TTCGTTAAGACTAGCG-1	ITGAM	1
M	AATGCCATCTTTGCAT-1	VWF	1
M	ACATGCAAGACTCTTG-1	SPI1	1
M	GCTGTTCAGAGCTCCC-1	ITK	2
M	TTCATCAAGGTCCTCG-1	CSF1R	2
M	GCCTAGGCACCCTTTG-1	CD14	1
M	TTTGTGTCACACATGT-1	BANK1	1
M	CGATGATTCAGTGTAC-1	BANK1	1
M	TTACCCGCACTAGGAG-1	CD28	2
M	CGTACAATCGTGTGCG-1	NCR1	1
M	AGCCTCTAGGGAAATG-1	ITK	1
M	TGGTCCTGTGCCCGAT-1	VCAN	1
M	ATCCAGAGTTTCGTTT-1	KRT18	2
M	TGGTCAAAGTTGGAAT-1	KLRD1	1
M	CCTGCTACAAATGTCC-1	VWF	1
M	TTCGGTCCAGTAGTTC-1	CD6	1
M	AAGATAGTCGTCCCTA-1	MRC1	1
M	ACATGGTCAACACGGA-1	THEMIS	1
M	TCGGGACCAATGGTAA-1	CSF1R	2
M	CGTTCCAAGGAGTACC-1	MERTK	1
M	CTTCTAATCCCAATAG-1	NKG7	1
M	TAGCATGGTTACTTTC-1	PECAM1	1
M	TTACCGCAGGCAATTA-1	KLRD1	3
M	ACGTTAGAGTTACACC-1	SH2D1B	1
M	CCTGGGACAGAACGAC-1	THEMIS	1
M	GCACGCATCGGCTATA-1	EBF1	2
M	TACTCGCTCACTCGGG-1	COL1A1	3
M	GGTCATAGTGGCCTTG-1	SKAP1	1
M	ACTACCCCAAACGACG-1	KLRF1	1
M	CTGGCAGGTCATCGTA-1	MRC1	3
M	TTCGGTCCAGTAGTTC-1	MRC1	2
M	GGAACCCGTCCGAGCT-1	GNLY	1
M	TGCACCTTCGATTACG-1	PECAM1	4
M	TTTGAGGTCAATGCAC-1	IRF8	2
M	TGATGCACAAAGCTGG-1	IRF8	3
M	GCTCCTAAGAGTAAGG-1	KRT8	1
M	ACTGTCCGTCACCCGA-1	KRT8	1
M	AATGTCGTCGCTTACC-1	CD6	1
M	ATTGTGGCATCCATAG-1	CD6	1
M	TGCATTTCAACTCAAC-1	PAX5	1
M	TGCGTAAAGTCAGGAC-1	EBF1	2
M	ATCCAGAGTTTCGTTT-1	ITK	6
M	AAAGATGCAGATAAGT-1	IL7R	1
M	TTACGGAAGGTTAACA-1	MERTK	1
M	ACCTGCTTCACTAGGT-1	CD8A	1
M	CTCTCGAAGACCATAA-1	CD79A	2
M	AAAGGATTCCAGTACA-1	KLRD1	3
M	TTTGTGTGTTTGTCTT-1	KLRF1	1
M	TAATTCCTCACGATTG-1	CD6	1
M	GATGGCCAGTGAGCAC-1	SPI1	1
M	GACCAATGTCATCGTA-1	PRF1	1
M	CTGAATGAGGAATGGA-1	EOMES	3
M	ACATGGTCAACACGGA-1	ITGAM	3
M	TTTGCGCTCGTAGCGC-1	CD4	1
M	CAAGAAACAGGGAGTT-1	LCK	5
M	AAATGAGGTTAGTAGA-1	BANK1	9
M	CAACGGCTCGTAGCGC-1	EOMES	1
M	CAATCCCCACCCTTAC-1	ZBTB46	1
M	TGAATCGGTGAATGTA-1	KLRD1	1
M	CATAACGTCCAGTACA-1	KLRD1	1
M	CCTTGGTTCGGTTCCT-1	KLRF1	2
M	GCCCAGACAAACTACC-1	CD5	2
M	GATGGCCAGTGAGCAC-1	MRC1	3
M	CAAGGCCTCTATTGTC-1	LCK	1
M	CATGCCTGTTCAGTTG-1	THEMIS	2
M	ACCAAACTCTACATCT-1	EBF1	1
M	TAGTCCCGTTGGCTAT-1	EPCAM	1
M	TGAGTCATCCATATCT-1	KIR2DL4	3
M	TACTAGGGTTCTGATG-1	KIR2DL4	1
M	TACAGCATCACACGTA-1	VWF	2
M	TAGCATGGTTACTTTC-1	THEMIS	1
M	CACATGAGTCAGTGCC-1	KIR2DL4	1
M	GACCGACTCCTGAAAC-1	DCN	1
M	TCGAGCGCAGTAACTC-1	KLRD1	1
M	TTGTTCAGTCCTTCAC-1	KLRF1	4
M	CGCACAGCACTTGCGG-1	CD3E	1
M	CTGAATGTCGGAAAGC-1	CD160	3
M	GACCTTCCATCAACTG-1	ITK	2
M	CGCAATATCCCACTTG-1	GNLY	1
M	GGTCATAGTATTCGAC-1	PECAM1	1
M	CTTAATCCAACGCAAG-1	IRF8	1
M	CTGGGACCACTGTTAG-1	KLRD1	5
M	GGAGTAGAGTCTGGGA-1	CLEC9A	1
M	CATAACGAGCGAATAT-1	PRF1	3
M	GCCCAGACAAACTACC-1	VCAN	1
M	GCAGCTGGTTTCGATG-1	ZBTB46	1
M	TCAGTCCAGGGAAGCG-1	PECAM1	1
M	TGTAAGCGTCCAAGAG-1	KLRD1	1
M	TGCACCTTCGATTACG-1	CD68	1
M	CACAACACATCGACCG-1	PAX5	4
M	TTGTTCAGTCCTTCAC-1	IL7R	8
M	TCAATTCTCTTTATCG-1	TXK	1
M	TTACCCGCACTAGGAG-1	SKAP1	5
M	GAAGTGGAGGCTAAAT-1	KLRD1	5
M	TTACCCGGTCAGTGTT-1	ITK	1
M	CTAGGATCAAGTTGCT-1	TXK	1
M	CCCTCTCTCTATCTAC-1	CD79A	1
M	GCTCACTAGATGCGAC-1	PECAM1	1
M	AGGACGAGTCAAGACG-1	CD79B	3
M	TCAAGCAGTACTTCAG-1	SKAP1	2
M	GGAACCCGTATCTAGC-1	IRF8	1
M	CTCCCAATCATTCATC-1	PRF1	3
M	TCAAAGCTCGTCAACA-1	PRF1	3
M	CCCAGAGTCCCAGCGA-1	PRF1	5
M	TTTGGCCTCAAAGTAG-1	MRC1	3
M	TAGCGGCAGGACTAGC-1	LCK	3
M	CAAGCTAAGGCAGTAC-1	LCK	2
M	GGTTGCGGTGGTCGAA-1	LCK	1
M	GTGTCCTAGAGCTGTG-1	ITK	8
M	TGCTCACTCTCGGCGA-1	BANK1	1
M	ACTATTCAGTCCCGCA-1	CD28	1
M	TCACAAGGTCTGCACG-1	SKAP1	3
M	TATGTGGCATAGCCAT-1	SKAP1	2
M	CCCACATCAGGATGTG-1	SKAP1	1
M	GATGATCCAGGACCTC-1	KLRD1	1
M	CGGACTGCAATGGTAA-1	KLRD1	1
M	CGTTCCATCGATAGCT-1	SH2D1B	1
M	GTCACAATCTTTCGAT-1	ITK	2
M	GTTATGGGTAAACGTA-1	BANK1	8
M	ATTCGTTCAAGAGATT-1	NCR1	1
M	GAGGATGGTCTGTCCT-1	FLT3	1
M	TGACTCCGTGGTTCTA-1	CSF1R	1
M	CACATGATCAGGATCT-1	TXK	1
M	TGTAAGCGTGCGTTTA-1	TXK	3
M	CTTAATCAGAAATGGG-1	TXK	4
M	CCTTAATAGGTTAGTA-1	CD28	1
M	CGCTGGATCACTCCCA-1	NCR1	1
M	AGCTGATTCACTACCC-1	CLEC9A	1
M	TGCATTTCACTTATGG-1	NCAM1	1
M	AGTGCCGTCTGGCGCA-1	CD160	1
M	ATGTTTCCATGTGAGG-1	PAX5	1
M	AGTGTACTCTTAACGG-1	CSF1R	1
M	GTGCACGAGACGACTG-1	GNLY	2
M	GGAACTTGTAACTGAA-1	GNLY	2
M	AACTGGTAGCACCATT-1	NCR1	1
M	TCCATCGCACATTGCA-1	KLRD1	7
M	CGCGCAACACAATAAG-1	EBF1	4
M	TAGCGGCGTAGGGTTG-1	TXK	5
M	TCGTTCGCAGTTACAC-1	KIR2DL4	1
M	CTTGCTGGTGTTGGTT-1	NKG7	1
M	GTGTCAATCCGGCTGA-1	DCN	1
M	ACGTTAGGTTGAAGCG-1	KRT8	1
M	TAGGTCACATGGCCCA-1	KLRD1	4
M	TTAGGTGTCTCCAACC-1	KLRD1	3
M	CTAACTTCATTCACCC-1	SH2D1B	1
M	AGCGTATCACTAGCCG-1	LCK	1
M	GGTTGCGTCATTCATC-1	SFTPC	1
M	TCACAGAGTCCTATTT-1	ITK	4
M	GTAATCGGTTACCACA-1	ZBTB46	1
M	TGCCTGTTCGGTCTCT-1	MERTK	1
M	GAGACTTCAATAGTGA-1	NCR1	1
M	GCTCGAGCATCGTACA-1	PECAM1	4
M	CCTAAAGCATCGTACA-1	IRF8	1
M	CAGCTGGCATTGTGAC-1	KLRD1	1
M	GCTCCTAAGATATGAC-1	NCAM1	6
M	CTTAATCCACAGAAGC-1	MRC1	2
M	GACCTTCTCCGAATTG-1	THEMIS	1
M	GTCACTCAGAAATGGG-1	ITK	1
M	CTTCTAAGTCGATTAC-1	TXK	1
M	GCGCCAAGTCACCCGA-1	GNLY	2
M	TTCGTTAGTCAGAGTG-1	NKG7	1
M	CACCACTGTACAACGG-1	PECAM1	3
M	CGGTGCAGTAACCGAG-1	IRF8	2
M	GAGGCTCTCTGATCTT-1	FLT3	1
M	AAGGAGCCAGCGTAGA-1	KLRD1	1
M	GAGCATTTCAGGAATA-1	CD4	2
M	TCAGGTATCACCCTTG-1	SH2D1B	3
M	CCGTAGGCATAGTCCA-1	SH2D1B	2
M	CTAGCGGAGGGTAATT-1	GNLY	1
M	TCAAGACAGTCCGGAA-1	NCR1	1
M	TACCTATGTATATGGA-1	KIR2DL4	1
M	GGTTGCGGTGGTCGAA-1	SKAP1	2
M	CCTTGGTTCGGTTCCT-1	KLRC1	2
M	TACATTCCAAGGAGTC-1	KLRF1	2
M	ACATGCATCTGTTTAC-1	CD160	1
M	TGGCGCACACCCATCT-1	THEMIS	2
M	TCTCTGGAGTCGCCTG-1	ITK	1
M	GAACGTTGTTAGGAGC-1	CSF1R	1
M	ACAAACCGTAACCATC-1	TXK	1
M	GTAGGAGGTATCAGCT-1	EOMES	3
M	GTGGATTAGGCGATTG-1	CD3D	2
M	TGACTCCGTGCACATT-1	LCK	1
M	CAACGTACAGAGTCGA-1	PAX5	2
M	CAACCAATCGAGGTCC-1	SFTPC	1
M	AAAGGATAGACACGGT-1	THEMIS	2
M	TAGCATGCAATGACTC-1	EBF1	1
M	GACCGACCATAAAGTG-1	ITK	2
M	TACCTCGGTCTGGTCG-1	BANK1	1
M	GATCGTAGTCCACCAG-1	EOMES	2
M	GCAGATTTCCGCGATG-1	ZBTB46	3
M	GGGTTATTCCACACCT-1	MRC1	3
M	AGCCTTCCAGAGAGAA-1	LCK	6
M	TAATTCCTCGAGTGTT-1	EBF1	1
M	CGCTATCGTCATAGCT-1	CD8A	1
M	CTCTCAGGTAGCATGG-1	FLT3	2
M	GGTGCTGGTATGGTTC-1	CD6	1
M	GTTACTTTCTTAACGG-1	LCK	1
M	TAAGTGCAGCTTACCA-1	PAX5	2
M	ACCGAATAGTGATCTC-1	SKAP1	2
M	GCGATCGCAGGCACAA-1	EBF1	2
M	CTTGCCAGTTGCCTGG-1	ITK	1
M	TAATTCCGTCACTCTC-1	CSF1R	2
M	GTTATTCAGCTCGTTA-1	ZBTB46	1
M	CTGTATTTCAAGGCCC-1	KLRD1	1
M	GCTCCTATCGTCGCAG-1	CLEC9A	1
M	TAGTCCCCACACACCG-1	CD3E	1
M	TAGACTGAGATCTCAC-1	SPI1	1
M	GTCTACCCATGGAGGT-1	PRF1	1
M	ATTACTCCACTTGCGG-1	LCK	1
M	GGTAGGACATTAGCAC-1	LCK	1
M	TGTGGCGCATTAGCCA-1	EBF1	1
M	TTTACGTAGTCTGCTA-1	BANK1	1
M	GGTTGCGAGGCCAATG-1	TXK	4
M	GCGGAAAGTGAAACAT-1	NCR1	1
M	CTTTGCGGTCATAGAA-1	CD79B	1
M	ACATGCATCTACATCT-1	DCN	1
M	CATTCATGTATGGATA-1	KLRD1	4
M	AATGGCTAGTAGTTCC-1	PRF1	1
M	TGCTATTGTAAAGGCC-1	MRC1	2
M	GGGACCTCACAGAAGC-1	ITK	3
M	TCACCTGAGTTCCCGG-1	TXK	2
M	ATCCTCGTCTAGCTGA-1	CD8A	3
M	GTGGATTAGCTTACCA-1	CD8A	1
M	GCGGAAATCTACTGCC-1	NCR1	2
M	TACTCGCCAACATAAG-1	SKAP1	1
M	TCTAGTTTCAGTGTAC-1	SKAP1	3
M	CCCTGATAGGTCTTTG-1	ITK	3
M	GTACTTTTCGGCAATT-1	TXK	1
M	GAGCATTTCCTGTGGG-1	CD79B	2
M	TTCAACTCAGCAACAG-1	COL1A1	1
M	TAATTCCTCCCAATAG-1	CD68	1
M	CCTAAAGCATCGTACA-1	FLT3	3
M	GTCACCTAGAAATTCG-1	KLRD1	4
M	GATCGTAGTCTTAGCA-1	CD6	1
M	CTTTGCGGTATCACAC-1	PRF1	3
M	TTACGTTCATTAGCCA-1	BANK1	3
M	GGAACTTGTCTAACCA-1	EOMES	1
M	TCACAAGCAGCTTACA-1	GNLY	1
M	CCCTAACGTCAAATCC-1	KIR2DL4	1
M	TTTGGTTCAGGTCCTG-1	CD79A	2
M	ACTAACGAGACCCTAT-1	CD79A	1
M	GTGTCAATCCGGCTGA-1	COL1A1	1
M	AATGGCTTCGGGTCCA-1	IRF8	1
M	GGAGAACAGACCATAA-1	ITGAM	3
M	GTTACGAGTGCGTCCA-1	LYZ	1
M	CGCTATCCACGACGAA-1	MRC1	1
M	GCTCGAGCACGTTACA-1	CD160	3
M	GCTCCTATCGTCGCAG-1	EBF1	1
M	TGCTCGTCAACTAGAA-1	ITK	2
M	CGCTATCGTCATAGCT-1	CSF1R	2
M	CATTCATAGCACCATT-1	EOMES	1
M	TATCTGTTCTGGGCGT-1	MERTK	2
M	CCGAAGCAGACCCTAT-1	CD8A	4
M	CTCCCAAAGAAGCCGT-1	CD79A	2
M	AGTGCCGAGTCGACCC-1	KLRD1	7
M	TAGCGGCTCCCACGGA-1	KLRD1	6
M	GTAATCGCAATGTAAG-1	KLRF1	3
M	GTCACGGTCTTAGTGG-1	CD3E	1
M	AGCCTGGGTACGGAGT-1	PRF1	2
M	CCGTAGGTCACTAGCA-1	ITK	5
M	GGAACTTGTAACTGAA-1	EOMES	1
M	TAACGGTGTCAGAAGC-1	ZBTB46	2
M	GGGACCTAGACTTGAA-1	EPCAM	1
M	TGTTAGGCAACTCGAT-1	KLRF1	1
M	TGGCCTTAGCCCATTA-1	KLRF1	1
M	GAACGTTTCTCCTTAA-1	PRF1	4
M	TCAAGGTAGGGCATTG-1	THEMIS	2
M	TTCGGTCTCGCTACCT-1	ITK	8
M	AGCCCGAGTAGTCTGT-1	ITK	2
M	TTCGGTCTCTTTATCG-1	CD14	1
M	CATGCCTAGAGCCTGA-1	BANK1	3
M	GTACTTTTCGTCTTAT-1	BANK1	4
M	CCTCCCTCATATAGAG-1	KLRF1	2
M	AATGTCGTCTCTGCAC-1	VWF	1
M	TTCATCAGTACAAATG-1	PRF1	2
M	TGTAGCAAGTCCCGCA-1	PRF1	2
M	CTGGGACCACTGTTAG-1	TXK	5
M	ATGTACGGTCATAGCT-1	SKAP1	1
M	TTCATTGTCGGTTGTA-1	IRF8	3
M	TCTAGTTGTAGTCTGT-1	IRF8	1
M	AGCTGTACATGTAGAA-1	VWF	1
M	ACAAAGAAGTCGACCC-1	LCK	1
M	CTGCTCATCGAGTTAC-1	BANK1	2
M	TAGCCCTGTATTCGCA-1	TXK	2
M	CTGGCAGGTCATCGTA-1	CD79A	3
M	GGAGAACAGACCATAA-1	CD79B	1
M	TACATTCAGTAACACA-1	CDH1	1
M	CGGTGCACAGCGTCGT-1	FLT3	1
M	TTACGGAAGGTTAACA-1	NCAM1	1
M	AGGACGAGTCAAGACG-1	EBF1	1
M	TTTGCGCTCGTAGCGC-1	MARCO	1
M	GAAGTCTTCCGATGCG-1	FLT3	2
M	TAGGAGGTCATTCATC-1	KLRD1	2
M	AACAAAGGTTTGCCCT-1	THEMIS	1
M	TTAACGGGTTCCCGGA-1	EBF1	1
M	AATGTCGAGCGGACTA-1	TXK	4
M	TACTAGGTCTTACTCA-1	ZBTB46	2
M	TTCGTTATCCGCGATG-1	KIR2DL4	1
M	CCAATGAAGGGTTCCC-1	FCN1	1
M	AAAGATGTCCAGTACA-1	EBF1	1
M	CGCAATATCGACTGGC-1	ITK	1
M	TATGTGGTCGTTCTAT-1	CSF1R	1
M	ATGTTTCAGTTGGAAT-1	KIR2DL4	4
M	TCAGTTTTCTGAAAGA-1	NKG7	3
M	AACCAACGTAACGGAC-1	KLRD1	3
M	GCGGAAAGTGAAACAT-1	VWF	2
M	TGTAAGCGTCCAAGAG-1	NCAM1	1
M	CAAGAAACATTGAACC-1	PRF1	1
M	AACATCGAGTACGCGA-1	ITK	11
M	CCGTACTCATTGTTCT-1	TXK	3
M	GCGTTGGTCCGTTTCG-1	NCR1	4
M	GCATTGATCGATAGGG-1	SKAP1	5
M	TAGTCCCTCATCGCCT-1	KLRC1	1
M	TGTACAGCACCGAATT-1	KLRD1	1
M	CCCTGATAGATACCAA-1	CLEC9A	1
M	CCCTGATGTCCATTGA-1	CLEC9A	2
M	AGTGCCGAGAGATTAC-1	CD3E	1
M	ACTCGGGAGGCTTCGC-1	PAX5	1
M	AACCAACTCGATGTAC-1	SFTPC	1
M	GCGATTATCAATTGGC-1	VCAN	1
M	ACAAGCTTCCACTAGA-1	IL7R	7
M	GTGACATGTTTGCATG-1	EOMES	1
M	TTTGGTTTCGTCAACA-1	NCR1	1
M	TTCTAACAGGAGTACC-1	NKG7	2
M	GAACGTTTCTATACCT-1	PECAM1	1
M	TCAGGTAGTAAGTGCG-1	CLEC9A	3
M	TGATGCACAAAGCTGG-1	KLRF1	1
M	CGATGATAGGCCTCTG-1	ITK	5
M	AATGCCAAGGGACGTT-1	CD28	1
M	GAGGCTCAGCTCCGGT-1	NKG7	1
M	CGCAATAGTGCTTGAT-1	COL1A1	3
M	TTACCCGTCAGAACGG-1	KRT8	1
M	ACTGTCCTCCTCATTA-1	KLRD1	1
M	GCAGCCATCCATCTAT-1	CD5	3
M	GGGTGTCGTTTCAGCA-1	PRF1	2
M	TAACGGTCAGTAGGCA-1	PRF1	1
M	GACCTTCTCCGAATTG-1	ITK	5
M	ATGTACGGTCATAGCT-1	VCAN	1
M	ACTGTCCGTCACCCGA-1	KIR2DL4	3
M	GACCAATAGCACACCC-1	CD79A	1
M	CCTAAAGAGTAATCAG-1	CD79A	1
M	CAGTGCGTCGGCTATA-1	PRF1	3
M	GTGGATTCACGCTGTG-1	LCK	4
M	TTCGATTAGTACAGAT-1	SFTPC	2
M	CAGTGTATCTCGCGTT-1	VCAN	1
M	GCTCACTAGATGCGAC-1	BANK1	3
M	TCACAGACAAGGTCGA-1	KIR2DL4	1
M	CGTAAACGTTCCGGCA-1	KLRC1	1
M	ACAAGCTTCCACTAGA-1	VWF	1
M	AAATGCCGTCATCGTA-1	LCK	1
M	TGGCAATTCCAACAAC-1	PAX5	1
M	TGTAAGCGTCCGTGCA-1	CSF1R	1
M	TAGACTGAGATCTCAC-1	TXK	5
M	GTCACCTGTGAGTTGG-1	NCR1	3
M	TCAAGACGTAGGTGAC-1	CD79A	1
M	CACTAAGCATCCGTAA-1	CD79A	3
M	AAACTCGGTGACCAGA-1	CD4	1
M	ACCTGCTTCACTAGGT-1	CD5	1
M	TTAACGGCAGCGCGTT-1	SPI1	1
M	ATTTGTCTCCTCAAGA-1	IL7R	1
M	ATCCAGAGTGCTAGTT-1	BANK1	1
M	CTGGGACTCCATATCT-1	CD28	2
M	GCTCAGGAGTTCCAGT-1	NCAM1	1
M	GAAGTCTAGTTATGAG-1	CD6	1
M	TTTACGTTCTGGCTAA-1	PRF1	2
M	ATCGAGTTCCTAAGTG-1	SFTPC	1
M	TTGAGTGTCCTTGACC-1	NKG7	1
M	TACTAGGCACTGCTTC-1	KLRD1	2
M	GCTCCTAAGAGTAAGG-1	NCAM1	5
M	AAACGAATCTAGCTGA-1	LCK	1
M	TCGCCTACATCGGCTG-1	EBF1	3
M	AATACGCTCAAGTTGC-1	ZBTB46	2
M	ACAGAAATCTACTTTG-1	CD28	1
M	CCCTGATCAACACGGA-1	NCR1	2
M	GGGCCATCATGTGAGG-1	VWF	1
M	CATAACGCAACGAGGT-1	CD5	1
M	GCAGCCAAGCTTACCA-1	SH2D1B	4
M	TGGCAATTCGTCTAGA-1	PAX5	2
M	AATGGCTAGTAGTTCC-1	EBF1	1
M	ATCCTGCCAAATTCCG-1	BANK1	3
M	TTTGTGTGTTCCATCC-1	COL1A1	1
M	AGATTCGTCCGTGCGA-1	MRC1	1
M	TTGACGAGTTACCACA-1	THEMIS	1
M	TGATCAGAGAGCAGCT-1	MERTK	3
M	GCGTTGGTCCTAAGTG-1	PECAM1	1
M	GCATTGATCGATAGGG-1	KLRD1	3
M	TGATCAGTCGTGGGTC-1	ITK	1
M	CAAGCTAGTGTCTCGG-1	PECAM1	1
M	TCAAGCAGTACTTCAG-1	CD79B	1
M	ACTTCCGCACAGCTTA-1	CD68	1
M	TGGCAATTCGTCTAGA-1	ITGAM	2
M	TACGCAAGTCAGAGTG-1	KLRD1	3
M	ACTACCCCAAACGACG-1	LCK	1
M	ACTGCAAAGTCCGGAA-1	PAX5	2
M	GTCTACCTCCAGAATC-1	ITK	7
M	AAGGAGCAGATCACCT-1	ITK	9
M	GGTGAAGTCGCAAGCC-1	VCAN	1
M	GTAGACTCAATTGTGC-1	EOMES	2
M	CCGTACTTCTTAATCC-1	ZBTB46	1
M	CATAACGCAACGAGGT-1	ZBTB46	1
M	GCTCCTAAGAGTAAGG-1	NKG7	2
M	GCTCAGGAGTTCCAGT-1	CD79A	4
M	CATGCCTCACCCTTTG-1	IRF8	1
M	AGGCCTGAGTCAGGAC-1	ITGAM	1
M	GGTTGCGTCTCTTAAC-1	KLRD1	3
M	TCAGGGCCATGGCCCA-1	KLRD1	6
M	TTACCGCCACTAGGAG-1	SFTPC	1
M	CCTTAATCAAAGGCCA-1	ITK	6
M	TTGCCCAGTCAACGGA-1	VCAN	1
M	GTCACGGCAACTACTG-1	NCR1	1
M	CCTTGGTTCAGTGGTT-1	SKAP1	1
M	GAAGTCTCAGTAACGG-1	KRT18	1
M	ACATGCATCTACATCT-1	KLRD1	6
M	GCTTTCGTCACAGGGA-1	VWF	1
M	CTACTTAAGGGACGTT-1	CD5	1
M	GCATGATAGACTAATG-1	CD8A	1
M	GTAGTACGTCTCTGCT-1	CD8A	1
M	TGGACATAGTTCTCCC-1	CD68	1
M	CATTCCGAGATAGGTT-1	KRT8	4
M	GATGGCCCATCAGAAA-1	KLRD1	5
M	TGCTTTAGTCCAAGAG-1	CLEC9A	1
M	GCATTGAAGTGCAACG-1	CD3E	1
M	ATCCAGACACCTGAAT-1	MRC1	3
M	GCGCCAAGTCACCCGA-1	PAX5	1
M	ACCGGGTAGTCCGTGC-1	ITK	7
M	CAGGATTCAATGGCAG-1	ZBTB46	1
M	ATTCGTTCAAGAGATT-1	GNLY	1
M	AGATTCGAGGTACTCT-1	PECAM1	2
M	AATGGAACAAAGACGC-1	COL1A1	2
M	CTCCCAAAGAAGCCGT-1	SKAP1	6
M	GGAGAACAGACCATAA-1	LYZ	1
M	GGCGTTGGTTCTGAGT-1	EOMES	1
M	CACAACACAACGTAGG-1	ZBTB46	3
M	GGAATCTAGTCTGTGT-1	CD28	5
M	CAAGAAAAGACACTTC-1	CD68	1
M	CTACTTACAGCAAACG-1	KLRD1	7
M	CATTCCGCAACGTACT-1	IL7R	2
M	ATTGTCTTCGGCATAT-1	BANK1	1
M	GATCATGGTATCTCAG-1	TXK	1
M	TGTACAGGTGGATTTC-1	ZBTB46	1
M	GTCACTCAGTCTTAGC-1	MERTK	1
M	TGCATTTGTGGCCTCA-1	SKAP1	5
M	TGAATCGCATTACACG-1	KLRF1	2
M	GGTTGCGTCATTCATC-1	NCAM1	3
M	AAACTCGCACATTGCA-1	PRF1	1
M	CAGGATTTCGCTTGAA-1	MRC1	2
M	TTCTAACTCCCATAGA-1	PAX5	3
M	ACAGAAATCTACTTTG-1	CD14	1
M	TACGCCTGTTATCGAC-1	EPCAM	1
M	CAACGTATCCAGTTAG-1	PECAM1	1
M	CCGAAGCAGTTCGACT-1	SKAP1	5
M	AGCCCGAAGGTTCTCA-1	CDH1	1
M	GGTGTCGAGACAACGC-1	KRT8	1
M	GCGATTACATGCGTTA-1	KLRD1	1
M	ATTGTCTGTCTAACCA-1	PRF1	2
M	TCAGCTCTCTTACTCA-1	MRC1	1
M	GGCGAAATCCCAGCGA-1	LCK	1
M	TCAGTCCTCAGTCACA-1	EBF1	2
M	ACGTGGCAGTATGCTC-1	EBF1	1
M	GCGTTGGTCCGTTTCG-1	EBF1	1
M	TCACCACTCCCGTAGG-1	TXK	5
M	GTGCACGAGACGACTG-1	CD8A	3
M	CAGCTAAAGGAAGGTA-1	CD79A	1
M	ATGGATCAGGCTGGAT-1	ITGAM	1
M	GAAGTCTCAGTAACGG-1	KLRC1	1
M	AGTGCCGTCGCTTACC-1	KLRD1	3
M	GGGACCTCAAGTCTGT-1	NCAM1	1
M	ACAAAGATCCAGCACG-1	PRF1	6
M	GCTTGCTAGGAAGAAC-1	PRF1	1
M	ATCCTCGAGTGTCGGA-1	CD160	1
M	TGAGTCACAGGATAGC-1	PAX5	1
M	AGATTCGAGGTACTCT-1	ITK	3
M	TACATTCTCTGAAAGA-1	IL7R	1
M	ATGTCTTGTAACCCAT-1	BANK1	1
M	GCTCACTGTGTGCTTA-1	EOMES	1
M	GATTAGCGTGCGACCT-1	PECAM1	3
M	GAAGTCTCATCGCTAA-1	IRF8	2
M	GCAACCGTCCTCCCAA-1	VWF	1
M	TGAATCGCACTCAGCG-1	NCAM1	2
M	ATGTCGAAGTCTCGAT-1	LCK	1
M	CAGTATGTCTTACGGA-1	CSF1R	1
M	TCGATTTTCTGACATG-1	PECAM1	2
M	TAGGAGGGTCTCTGGG-1	SKAP1	1
M	TCACAAGCAGCTTACA-1	DCN	1
M	CAAAGCTCACGCCGAT-1	CD3D	1
M	GGCGAAATCCCAGCGA-1	CD6	4
M	CACAGATAGTCGAGCA-1	CD160	1
M	TTGCGGGAGTCCAGAG-1	THEMIS	1
M	GAATCTGTCTAGCAAC-1	PAX5	3
M	TCCCACAGTGGCGCTT-1	PAX5	1
M	GAGTGAGGTTCAGAAA-1	BANK1	3
M	CGCTGGAAGGCGTCCT-1	BANK1	8
M	TGAGTCATCCATATCT-1	NCR1	1
M	ATCCTGCCAAATTCCG-1	KIR2DL4	1
M	TAGGTGTTCCTGTAGA-1	ITGAM	1
M	TAGCATGGTGTCCCAG-1	KLRD1	2
M	CAAGAAATCCATATCT-1	KLRF1	1
M	CTCTCAGAGAAACGCC-1	CSF1R	1
M	GTGCCAGAGTTCAGGG-1	IL7R	1
M	ACAGCGCTCCTTCGAC-1	CD8A	3
M	CATAACGAGCGAATAT-1	CD8A	1
M	GCGCATGGTGAGAGTC-1	KIR2DL4	1
M	GTTATGGGTAAACGTA-1	KLRD1	17
M	TCTAGTTTCAAGAGGC-1	KLRD1	1
M	CGGTGCAAGTACAACA-1	CD3E	1
M	CGTTCCAGTTATCGAC-1	NCAM1	3
M	GAGACTTCAGATTGTC-1	IRF8	1
M	CGCTATCAGCAATGTA-1	KLRD1	1
M	CCCTGATTCTCTGACC-1	CD3G	1
M	TAGGAGGTCACTCGGG-1	PRF1	3
M	CGTACAATCGTGTGCG-1	LCK	1
M	GACTAGTGTTACGCTA-1	ITK	2
M	CTTGCCAGTGTCTACA-1	ZBTB46	2
M	CTGGGACTCCATATCT-1	CD8A	1
M	TTTGGCCTCAAAGTAG-1	NCR1	1
M	CAAAGCTCACGCCGAT-1	NKG7	2
M	CACTGAACAACAAACA-1	CD79A	1
M	AATACGCGTCTCGGGT-1	IRF8	2
M	GTAGGAGGTCCAAGTT-1	VWF	2
M	GATGGCCAGTGAGCAC-1	PRF1	3
M	ATGTTTCCATGTGAGG-1	EBF1	1
M	CAGTGCGTCTTTCGAT-1	VCAN	1
M	CTCAGAACAGCAACAG-1	MERTK	2
M	TGATGCACACATTCTT-1	SKAP1	2
M	AGACAAAAGAACCCGA-1	CDH1	1
M	CCTCCCTCATGGAGGT-1	KLRD1	1
M	TGCGTAACATGGTTTG-1	KLRF1	3
M	GAGGCTCTCTGGCGCA-1	VWF	1
M	CCGTGAGGTCCCGAGT-1	PRF1	4
M	ACGTGGCAGACCATAA-1	BANK1	4
M	ATCCTCGTCCGTTAGA-1	GNLY	2
M	GTAGGAGGTCCGTGCA-1	KLRD1	23
M	GATGGCCAGTGAGCAC-1	VWF	2
M	GACCTTCTCAGTTGAC-1	NCAM1	1
M	TCACAAGCAAGTTGCT-1	CD6	1
M	ACAGGCCAGCGGACTA-1	TXK	1
M	TTGTTCATCGTATAGC-1	EOMES	4
M	CATGCCTGTTCAGTTG-1	CD79A	2
M	GTACTTTCAAGATGCG-1	IRF8	1
M	GTGCTGGAGCTACGTT-1	IRF8	1
M	TGATGCATCAAACCCA-1	CD3G	2
M	AAACGAAAGCGGACAT-1	CD3E	1
M	TTACCCGCACTAGGAG-1	PRF1	4
M	CTGGGACTCCATATCT-1	VCAN	2
M	TGTTAGGCATAGATAG-1	IL7R	4
M	CGTACAACATCCGTAA-1	CD8A	2
M	ATCCAGACACCTGAAT-1	NCR1	1
M	CAACGTAGTCTGAGCC-1	KLRD1	1
M	TTACGTTCACCACAGC-1	VWF	1
M	CTACTTACAGCAAACG-1	CD3D	1
M	GCCTAGGAGTACCTCA-1	SH2D1B	1
M	AAAGGGCCAACTCGAT-1	THEMIS	1
M	AGCCTTCCAGCGTAGA-1	EOMES	1
M	GCGGGTTTCACTCCCA-1	CD79A	1
M	TAGACTGCATATTGGC-1	IRF8	2
M	TAGGTGTGTTACGCTA-1	SH2D1B	1
M	CACCACTGTACAACGG-1	LCK	2
M	ATGTTTCAGTTGGAAT-1	ITK	6
M	AGTGCGCTCGTCAACA-1	ITK	1
M	TGCGTAACATGGTTTG-1	EOMES	2
M	GTAATCGCAATGTAAG-1	EOMES	1
M	GCGATTATCAATTGGC-1	CD79A	1
M	TGTGGCGCAGTCCTGG-1	COL1A1	1
M	CCGTAGGTCACTAGCA-1	KLRF1	2
M	GCCATAAAGCGCCTAC-1	CD3E	1
M	GAGGCTCAGAACGTCG-1	PAX5	4
M	GTAGGAGGTCACTCTC-1	SKAP1	1
M	CATTGGAGTTCCCAAA-1	KLRD1	3
M	GGTCATAGTGGCCTTG-1	PAX5	1
M	GTGGATTAGCTGAGGT-1	PAX5	3
M	AGTTTGGGTCATAAGA-1	EBF1	1
M	TAGCGGCGTAGGGTTG-1	COL1A1	2
M	GAAACAATCGCCAGAC-1	CD5	2
M	CTAGGGCTCGAACCGC-1	ITK	5
M	GAGGATGGTCTGTCCT-1	BANK1	7
M	AGCCCGAAGGTTCTCA-1	TXK	1
M	CGCTGGAAGGCGTCCT-1	MERTK	3
M	AATGGCTTCGGGTCCA-1	NCR1	1
M	AGCTGTACAAGCTTTG-1	CD68	1
M	GGAACCCGTCAGAAAT-1	KLRF1	4
M	GCCTACTCAGATACAA-1	THEMIS	3
M	AGTTTGGGTCATAAGA-1	ITK	6
M	CCCGTTACAACAACTC-1	KIR2DL4	1
M	CGTAAACTCTCTTCTC-1	PRF1	1
M	TGACTCCTCTTTGCAT-1	SH2D1B	6
M	CTTCTAATCCCAATAG-1	CD28	1
M	GGTCATAGTTTGTGAC-1	NCAM1	1
M	TCACCACGTGGAAGCT-1	PRF1	1
M	TACTCGCTCACTCGGG-1	SH2D1B	2
M	ATTTGTCCACCTGAAT-1	TXK	4
M	CCACGTTTCCATGTTT-1	KIR2DL4	2
M	TTACTTGAGTCTCGAT-1	CD79A	2
M	TCAAGCACAGAAAGAG-1	SKAP1	2
M	ATGGATCAGGCTGGAT-1	IRF8	2
M	AATGTCGCACTCAGCG-1	CDH1	1
M	GGTGTCGCACAAACAA-1	KLRC1	1
M	TCAATTCAGTGCACAG-1	MRC1	5
M	CCACGTTTCTTTATCG-1	SH2D1B	1
M	TGCATGATCTGTTGCC-1	VCAN	1
M	CCCTCTCTCCTTTGAT-1	FLT3	1
M	TCAGGTAAGCTGCCAC-1	KRT8	1
M	TGTGGCGCAGTCCTGG-1	TXK	2
M	GCACGCATCCTGACCT-1	ZBTB46	2
M	ATGTCGATCATAGGTC-1	CD8A	1
M	AACTGGTAGCACCATT-1	PECAM1	3
M	TAATTCCGTCACTCTC-1	COL1A1	1
M	TGATCAGAGAAGCCGT-1	CDH1	1
M	TGTGGCGAGTCCTTCC-1	CD5	1
M	TCACTCGGTGCGCATC-1	SFTPC	1
M	CGTACAACAATCAGGG-1	ITK	4
M	AGTGCGCCACAATAAG-1	IL7R	4
M	AGCGTATTCGCTTCAC-1	BANK1	4
M	GAGGTCCGTCAGGTGA-1	CD28	1
M	CATGTTTTCAGGAATA-1	NCR1	1
M	TCACAGACAAGGTCGA-1	CD79A	2
M	AGTGCCGTCGCTTACC-1	SKAP1	3
M	TTTGAGGTCAATGCAC-1	CD4	1
M	ACATGGTAGTCAGCCC-1	VWF	1
M	AAGGTTCAGAAGCCTG-1	CD6	2
M	ACGTTAGTCCATTGTT-1	PRF1	2
M	CACATGATCGTAGCGC-1	THEMIS	1
M	CAAGCTAAGGCAGATC-1	TXK	1
M	ATAGGCTAGCGATACG-1	CD8A	4
M	CCAATGAAGGGTTCCC-1	KIR2DL4	1
M	GGGACCTAGCTGATTC-1	IRF8	1
M	GATTAGCAGAGTTTGA-1	CDH1	3
M	GATGGCCAGTGAGCAC-1	FLT3	1
M	GGGACCTAGAGCACTG-1	EBF1	1
M	AGCGTGCGTTTCTCTA-1	ITK	2
M	TAAACCGCACTACACA-1	ITK	2
M	TGCCTCAGTGGAAAGA-1	IRF8	1
M	AGATTCGTCATCGCCT-1	DCN	1
M	TCAGGTATCTTCATAC-1	KLRD1	1
M	CATAACGAGCGAATAT-1	CD3G	1
M	GAGACTTCAGATTGTC-1	PRF1	1
M	ACTTCCGCAGAATGCG-1	ITK	4
M	GACCGACGTATGCTAC-1	ITK	3
M	TAATCGGGTCTAACCA-1	TXK	2
M	TCACCACGTAGTTTGC-1	CD79A	2
M	ACAGCGCTCCTTCGAC-1	CD79A	1
M	CTTTGCGGTTCTGATG-1	SKAP1	2
M	TTCGGTCAGTTCGTTG-1	SKAP1	1
M	TGACAACCAAGACACG-1	SKAP1	1
M	TTGCCCAGTCAACGGA-1	KLRF1	1
M	GCCCAGATCACAACAC-1	CD5	1
M	GGGACCTAGCTGATTC-1	CD8A	1
M	CAGTGCGTCTTTCGAT-1	NCR1	1
M	TGCATTTCACTTATGG-1	NKG7	1
M	CAGTGTACATTGAACC-1	CD79A	1
M	ACGGATTCAGGAGCAT-1	CD4	1
M	TTACCGCAGGCAATTA-1	NCAM1	2
M	GCTGCGAGTCATAAGA-1	ITK	3
M	ATGTCGAAGAATGCTA-1	BANK1	2
M	GTCTACCCATGGAGGT-1	BANK1	1
M	CCTGGGACACTAGCCG-1	TXK	7
M	GCCCAGAGTTTCGACA-1	KIR2DL4	2
M	ATTTGTCAGTTGTCCA-1	KLRD1	1
M	CCGTAGGCATAGTCCA-1	CD5	1
M	GCAGCTGAGAGCACTG-1	ITK	1
M	TAGGAGGTCACTCGGG-1	CSF1R	1
M	GGATGAGTCACCCTTG-1	CD14	1
M	CCAATGACAGGTGGTA-1	TXK	2
M	TCGCCTATCCTTCGAC-1	VWF	1
M	GCCTAGGTCCATGACA-1	ITK	10
M	GACCCAGAGGTCTTTG-1	MERTK	1
M	GGCACGTCAAAGAGAG-1	GNLY	1
M	TCAATTCAGACTAGGC-1	NKG7	1
M	TCGTTCGCAGTCCTGG-1	SKAP1	3
M	GGTGAAGGTTACGGAG-1	BANK1	4
M	ACTTCCGGTGTCCAGC-1	KLRD1	5
M	TCAGCTCCAAGCAACG-1	LCK	4
M	GCGCATGAGGGTTCTT-1	THEMIS	1
M	TGGCAATGTTCATTTC-1	EBF1	2
M	CCCTGATTCTCTGACC-1	IL7R	6
M	CGAGTTAGTACTTCAG-1	CD79A	2
M	AGTTTGGGTGGACAGT-1	ITGAM	1
M	TCTAGTTTCAGTGTAC-1	ITGAM	1
M	ACCATCCTCGTTTGAG-1	KLRD1	12
M	ATGGATCGTTTCGACA-1	NCAM1	4
M	GGTAGGAGTGCACTTA-1	ITK	7
M	TTACCGCCACTAGGAG-1	EOMES	1
M	CCCTAACGTCAAATCC-1	EOMES	1
M	AGCGATTCAGGGCTTC-1	ZBTB46	1
M	TCAGGTATCTTCATAC-1	GNLY	1
M	CACCACTGTTAGAGAT-1	LCK	1
M	GAAGAGCGTACAAGCG-1	EBF1	2
M	AGCCAGCGTGCACATT-1	ITK	5
M	CGTACAATCGTTCTAT-1	TXK	1
M	TCCCACATCGCCTTAC-1	NKG7	1
M	ATAGGCTAGGACCGAT-1	CD79A	1
M	GATCATGGTATCTCAG-1	CD79A	1
M	GCTGTTCCACAGTAGG-1	DCN	2
M	TAAGCCATCCGCGATG-1	KLRF1	3
M	GCCCAGATCAGGTTTG-1	THEMIS	1
M	GCAGCTGAGATTAGAC-1	BANK1	4
M	GCAGCCATCCATCTAT-1	SKAP1	6
M	CAAAGCTAGTTCAGGG-1	IRF8	1
M	AAACGAACACTTACAG-1	BANK1	1
M	CCGTACTAGCGAGCTA-1	NCR1	1
M	ACGTGGCAGACCATAA-1	CLEC9A	1
M	TTACTTGAGGATATCA-1	PRF1	1
M	GCTTTCGTCACAGGGA-1	PAX5	4
M	TGCACCTTCGATTACG-1	CD28	3
M	GTCACAAGTTCTGATG-1	CD28	1
M	CTAACTTGTCCAACCG-1	KLRD1	5
M	GCTTTCGAGCATTCCA-1	VWF	1
M	AACTGGTTCGTTCCGT-1	NCAM1	3
M	ACGTGGCCAAGACTAA-1	NCAM1	2
M	CTGCTCACACCAAGGA-1	CD160	3
M	TTACTTGTCCCAGCGA-1	THEMIS	2
M	CTTTGCGGTCATAGAA-1	ITK	6
M	GATCGTAAGGGAAGCG-1	TXK	1
M	TGCACCTTCGATTACG-1	CD8A	1
M	TAGCACATCAACTTGG-1	NKG7	2
M	ACTATTCGTAGGTAAT-1	NKG7	1
M	GCCAGACTCACTAGGT-1	CD5	1
M	ATTTGTCGTCTGCACG-1	EBF1	2
M	TTCGGTCTCGCTACCT-1	SKAP1	3
M	TAGGAGGCAGTATCTG-1	KLRF1	2
M	ATTTGTCGTCTGCACG-1	TXK	1
M	GCTCGAGCATCGTACA-1	GNLY	2
M	TAAACCGGTGCGTAGA-1	KIR2DL4	1
M	GAGCATTCAGGCATCC-1	CD79A	1
M	GCCCAGACAAACTACC-1	SKAP1	8
M	TCAGCTCTCTTACTCA-1	DCN	1
M	CCATACCAGGCTCCTG-1	KLRD1	5
M	GCCAGCATCCCGCAAG-1	KLRD1	1
M	AGGCGAATCCTTCGAC-1	LCK	2
M	GGTCATAGTTTGTGAC-1	ITK	6
M	AACCGATAGAGAAGCA-1	TXK	3
M	GTAGTACGTCTCTGCT-1	NCR1	1
M	CAGGATTTCGCTTGAA-1	PECAM1	1
M	ACATGCATCCTAAGTG-1	SKAP1	2
M	TAGGAGGCAGTATCTG-1	KLRD1	4
M	GTCCATCGTACGAGAC-1	CD3E	1
M	AACATCGAGAGAACCC-1	CD6	1
M	GAGCATTCAGGCATCC-1	PRF1	1
M	TGACAACAGTGTCCCG-1	MRC1	2
M	TAATCGGCACAGATGG-1	PAX5	1
M	CTCAACCAGTTGCCGC-1	ITK	1
M	GTCACGGCACTACACA-1	TXK	4
M	GGAACTTTCGGAAAGC-1	CD8A	1
M	GGAACTTGTCTAACCA-1	CD3E	2
M	TCAAGGTCATTGAACC-1	CD3E	1
M	GCGAGTCGTTTAAGGA-1	MRC1	1
M	TCAGTCCAGGGAAGCG-1	ITK	2
M	GAGATTCCAACGTAGG-1	EOMES	1
M	CCGTAGGCATAGTCCA-1	CD79B	1
M	AGGCCTGAGTCAGGAC-1	SKAP1	1
M	GCCTAGGCACCCTTTG-1	SKAP1	3
M	CCGTGAGTCTACTTTG-1	SKAP1	2
M	TGGCAATGTAGGGTCA-1	KLRD1	1
M	GCATTGATCTCTCAAT-1	NCAM1	1
M	GACCCAGGTACGTATC-1	ITK	2
M	CTGCGTTGTGCGCTCA-1	IL7R	1
M	GCCCAGAGTGGTAGAC-1	BANK1	2
M	GTGTCAATCCGGCTGA-1	TXK	4
M	ATGTCGAGTCCCGAGT-1	EOMES	2
M	CGATGATTCTATCTTG-1	CD8A	3
M	CTCAGAAAGTGCAACG-1	NKG7	1
M	ACAAAGATCCAGCACG-1	CD79A	1
M	GACCGACGTAAGTCTC-1	CD79A	1
M	AGTCCGGTCGCCTTAC-1	VWF	1
M	TTGAGTGTCCTTGACC-1	CD6	1
M	CTCTCAGAGAAACGCC-1	PRF1	2
M	TTCAACTCAGGTAGCA-1	PRF1	4
M	GTACTTTTCGTCTTAT-1	CD160	1
M	GTCACGGCAGTTACAC-1	BANK1	3
M	CTACTTACAAGCCCTG-1	NCR1	1
M	ACAGCGCTCCATGACA-1	CSF1R	1
M	GCAGCCAAGCTTACCA-1	TXK	1
M	GAGTGAGCATTCCCGT-1	MERTK	2
M	TCCATCGGTCTCTGGG-1	CD8A	2
M	AGGCCTGAGTCGATAA-1	GNLY	2
M	TTAGCTTCATTGTGAC-1	NCR1	1
M	TGTAAGCGTCCGTGCA-1	NKG7	2
M	ACCATCCTCGTTTGAG-1	CD79A	1
M	TTCGATTGTAATGTAG-1	KLRD1	3
M	CAGTATGTCTTACGGA-1	KLRD1	2
M	CCTTGCAAGCCGCAAA-1	CD3E	2
M	CGATGATTCCTCAAGA-1	CD6	1
M	TAGGTGTTCCTGTAGA-1	MRC1	1
M	TGCGTAATCTAGCTGA-1	LCK	1
M	CGGACCATCAATTCCT-1	THEMIS	1
M	GGTCATACATAGAATG-1	ITK	1
M	TGACAACTCTCATATC-1	TXK	7
M	TCAGTCCTCTTCCAGC-1	EOMES	2
M	ACGTTAGAGGTAAGCC-1	IRF8	1
M	TCACAAGCAGCTTACA-1	PRF1	5
M	GCCTACTAGAAGGGCG-1	CD160	1
M	TGTTAGGGTCTGGTCG-1	CD160	1
M	GACCAATAGCACACCC-1	PAX5	1
M	CCTAAAGAGTAATCAG-1	PAX5	1
M	TACATGGCAGCAACAG-1	PECAM1	1
M	TTGTTCATCGTATAGC-1	TXK	11
M	TGTGGCGCAGTCCTGG-1	EPCAM	1
M	CAGTGTACATTGAACC-1	KLRD1	2
M	ATGTCGAAGAGCCACA-1	KLRD1	5
M	ACTTTCACATTCCCGT-1	KLRD1	3
M	TTCGGTCTCGCTACCT-1	NCAM1	6
M	CCGTACTGTCCAGACC-1	PRF1	3
M	AAGGAGCAGATCACCT-1	LCK	1
M	GATTAGCGTGGAGTGT-1	EBF1	1
M	ACCGGGTGTCAAGACG-1	BANK1	2
M	CGCAATACATTATGGC-1	CD79B	2
M	GTCTACCCAGGCACAA-1	CLEC9A	1
M	TGCTCGTGTATGGGTG-1	ITK	1
M	TAGCGGCAGATCCGAG-1	ITK	1
M	TTGTTGTAGCGAGAAA-1	BANK1	1
M	CCCGTTAGTGCTGTGC-1	EOMES	2
M	GGTTGCGAGGCCAATG-1	EOMES	2
M	TATTGCTCAGCTTACA-1	ZBTB46	1
M	GTGCTGGAGAGCTGTG-1	ITGAM	2
M	CGAGTTAGTACTTCAG-1	KLRC1	1
M	TGGTCAAAGTTGGAAT-1	CLEC9A	1
M	AGCGATTGTAACGGCA-1	VWF	1
M	GGAACTTGTAACTGAA-1	SH2D1B	3
M	CGCTATCCAACATAAG-1	ITK	2
M	GTCACTCGTATTCGAC-1	ITK	1
M	ATCCAGACACCTGAAT-1	GNLY	3
M	CCTTAATGTTTAGGAA-1	MRC1	1
M	TCACCACGTGGAAGCT-1	CD160	1
M	GGCGTTGAGTTACCAC-1	ITK	5
M	ATGGATCGTGTCCCAG-1	ITK	3
M	TCAGGGCTCTGGTACA-1	VCAN	1
M	CGGTGCAGTAACCGAG-1	IL7R	1
M	CTGGGACTCCATATCT-1	TXK	1
M	AAATGAGCATCCTGGG-1	EOMES	4
M	ACCGGGTAGACTAGCG-1	CD8A	1
M	TGATGCAAGTTCTCCC-1	IRF8	2
M	GGTTGCGTCTCTTAAC-1	NCAM1	1
M	AGTGCCGTCTGGCGCA-1	CD14	1
M	GTTATTCTCCTCCCAA-1	MERTK	7
M	AAACGAAAGCGGACAT-1	SKAP1	4
M	ACTTTCATCTCCAACC-1	SKAP1	4
M	GCCTACTCAGATACAA-1	NCAM1	3
M	GCGGAAATCTACTGCC-1	NCAM1	2
M	GGATGAGAGGTACATA-1	MS4A1	2
M	TAGACTGAGATCTCAC-1	VCAN	2
M	TTAGGTGTCGCAAGCC-1	VCAN	4
M	AGTTTGGCAAGACTAA-1	SKAP1	2
M	GGCATTACAAGGTCGA-1	IRF8	1
M	AAACTCGTCGCATACA-1	DCN	3
M	AGCGATTCAGGGCTTC-1	KLRD1	2
M	GGAGGATTCTTGCGCT-1	PRF1	4
M	GTCACAAGTTCTGATG-1	MRC1	2
M	TGCATTTCACTTATGG-1	VCAN	2
M	TAGCACATCAACTTGG-1	TXK	4
M	TTGCCCAGTCAACGGA-1	GNLY	1
M	TAACGGTCAGTAGGCA-1	NCR1	4
M	TAGGTGTTCCTGTAGA-1	NKG7	1
M	ATCCTCGTCCGTTAGA-1	CD79A	1
M	ACTGCAAAGTCCGGAA-1	PRF1	1
M	CGTAAACTCCCAGCGA-1	EBF1	2
M	TCAGTTTAGCTGAGGT-1	ITK	4
M	CCTTAATCAAAGGCCA-1	PECAM1	2
M	GACCTTCTCACATTCT-1	SKAP1	3
M	GGGTGTCAGGGTAGTC-1	CD5	1
M	GTTACGAAGCGTTGCC-1	CD5	1
M	CTACTTAAGGGACGTT-1	CD6	3
M	TGCCTGTTCACACGTA-1	PRF1	4
M	ACCCAAAAGTTTACGC-1	MRC1	2
M	TGTAAGCGTGCGTTTA-1	BANK1	4
M	ACTAACGGTTTCTTAC-1	BANK1	1
M	TCAAGGTAGGGCATTG-1	PECAM1	1
M	AAGGAGCGTGGGTAGT-1	SKAP1	2
M	CACAGATGTCAACAGG-1	FLT3	1
M	TTTGGTTGTAATGTGA-1	LYZ	1
M	TCAGGGCCATGGCCCA-1	ITK	6
M	GAGGCTCGTTCTGAAC-1	CD8A	2
M	GGCGTTGAGAGCCACA-1	GNLY	3
M	CGCAGGTGTAGATGAT-1	GNLY	1
M	TACTAGGAGTCGATAA-1	KIR2DL4	1
M	ACGTGGCCACTGGGCT-1	IRF8	2
M	GGTTGCGAGGCCTCTG-1	LCK	1
M	CCTTGGTGTTCTGATG-1	PAX5	2
M	GAAAGTAAGGCGATTG-1	SFTPC	1
M	AGACAAAGTACCCACG-1	EBF1	3
M	TCGGGACGTCCGTAGC-1	ITK	7
M	GCGCATGTCGCGCCAA-1	BANK1	4
M	AACCAACTCGGTCAGC-1	TXK	2
M	GGGTTATCAATTCTCT-1	GNLY	1
M	AGCCTCTAGAGGTACC-1	CD79A	1
M	GCCATAACAGCGTCGT-1	KLRD1	10
M	TGACAACAGTCGGGAT-1	NCAM1	2
M	GCAGATTTCCGCGATG-1	PRF1	6
M	TCAGTTTTCTGAAAGA-1	THEMIS	1
M	TGGCGCAAGCTGAGGT-1	TXK	2
M	CTTGAAGTCTCGCGTT-1	GNLY	1
M	AACCTTTTCGATGTAC-1	EPCAM	1
M	ATGTCGATCATAGGTC-1	CD68	1
M	AACATCGGTCTGGGAA-1	IRF8	1
M	GAGGATGTCCGTACGG-1	FLT3	1
M	AGTCAACTCCGGAAAG-1	KLRF1	1
M	ACGTGGCCACTGGGCT-1	THEMIS	1
M	GGTGCTGGTTCCATCC-1	THEMIS	3
M	ACGTGGCAGCTGAGGT-1	ITK	4
M	GAGGCTCTCTGATCTT-1	BANK1	1
M	CTGTATTAGTGATTAG-1	CD8A	3
M	TGCATGATCGCTTCAC-1	CD79A	1
M	GAAACAAGTTCCCAAA-1	IRF8	1
M	GGTGCTGCACTCGGAC-1	KLRF1	1
M	AGCCCGAAGGTTCTCA-1	NCAM1	2
M	TAGCCCTTCGGATAGG-1	PRF1	3
M	ACTAACGGTTTCTTAC-1	ITK	1
M	GCAGCTGTCACAACAC-1	EPCAM	1
M	GGAACCCGTCAGAAAT-1	ITGAM	3
M	TTGCTTAGTGCGACCT-1	KLRD1	1
M	CATGCCTCACCCTTTG-1	MRC1	1
M	TCACCACCATGATCGT-1	LCK	1
M	TGGTCAAGTGATCAGG-1	LCK	1
M	TCAAGGTTCACAACAC-1	EBF1	2
M	CATTCCGAGATAGGTT-1	ITK	3
M	GTCACGGAGTCCGGAA-1	CSF1R	2
M	GTCACTCAGCCCATTA-1	BANK1	5
M	CATGCCTGTCAGAGTG-1	BANK1	5
M	GTGGATTGTTCCCTTG-1	EPCAM	1
M	CGCACAGCACTTGCGG-1	CD6	1
M	GATTGACAGTCTAGAA-1	PRF1	1
M	CCGTGAGCAAACAGTA-1	PRF1	2
M	GAAGTCTCAGTAACGG-1	CD160	1
M	AATGTCGTCTCTGCAC-1	BANK1	3
M	GCCTAGGGTGGATTTC-1	BANK1	2
M	ACCTGCTCAGGACCTC-1	TXK	1
M	TCTCAGCTCGCGCTGA-1	NCR1	1
M	TTGTTGTGTTAGAGAT-1	SKAP1	1
M	GGAACTTGTCTAACCA-1	ITGAM	1
M	CACTAAGCATCCGTAA-1	CD3G	1
M	ACATGGTGTTTGACCA-1	PRF1	1
M	AGGCGTCGTTAAGTCC-1	SH2D1B	3
M	GTTGGGCAGTATCTGC-1	EBF1	3
M	AACGTACGTTTGAAGA-1	EOMES	1
M	TGCCTGTGTACATGGG-1	KIR2DL4	1
M	TGCCTGTAGGTCTTTG-1	KIR2DL4	1
M	AATGGCTGTGTCGTGC-1	CDH1	1
M	TCAGGTAGTAAGTGCG-1	VWF	7
M	TGGTCCTAGTGAGCAC-1	CD6	1
M	GGTGAAGGTTACGGAG-1	LCK	1
M	CTCAACCCACAGGAAC-1	LCK	2
M	TAGCGGCAGGACTAGC-1	PAX5	1
M	TTGAGTGAGTACGCGA-1	EBF1	1
M	CACCACTGTTAGAGAT-1	EBF1	1
M	GGTTGCGAGGCCTCTG-1	ITK	5
M	GCAGCCAAGCTTACCA-1	VCAN	2
M	AATACGCAGGTGTCGA-1	BANK1	1
M	GGCATTAAGTAGTGTA-1	TXK	3
M	GCCATAACATAGATAG-1	MERTK	1
M	TGTACAGCACCACGAC-1	GNLY	4
M	CGCTATCGTAAGCCTT-1	NKG7	1
M	TAATCGGCAATAGCGG-1	PECAM1	2
M	TTTGTGTCACACATGT-1	KRT8	1
M	GTCCATCAGTCCCGCA-1	KLRC1	1
M	GCGATCGCAGGCACAA-1	MRC1	1
M	GAGGCTCGTCAGAAGC-1	SH2D1B	3
M	GTGGATTAGTAGTCGG-1	VCAN	1
M	CTCAGCTTCTCTTAAC-1	TXK	4
M	TCGAGCGGTGATGCTT-1	CD79A	2
M	ACAGCGCCAGTCAGCC-1	SKAP1	5
M	TTCAACTCATTACTCT-1	KLRF1	1
M	GAGAACGCAGCAACAG-1	CD3E	4
M	GTTATTCCAAGAAACT-1	NCAM1	1
M	CTCAGAACATTTGGCA-1	CD6	1
M	GCAGCCAAGCTTACCA-1	CD6	6
M	GCGGGTTGTTTGTGAC-1	MRC1	2
M	GCAACCGTCCTCCCAA-1	PAX5	8
M	CAGGATTGTAACAATG-1	ITK	2
M	TCACTCGAGTTCCCGG-1	ZBTB46	1
M	ACTGTCCGTCACCCGA-1	CD28	4
M	GCTGCGAAGACAGTGC-1	CD8A	2
M	CTCAGAACATTTGGCA-1	KIR2DL4	1
M	TACCTATGTGCCAAGA-1	CD79A	2
M	GACCCAGGTGCACATT-1	PECAM1	1
M	AGGACGACAGCGCGTT-1	SKAP1	3
M	TTGTTCAAGTTCAGGG-1	KLRD1	1
M	AAAGGGCCATTTCACT-1	NCAM1	2
M	CTGTATTAGATGCGAC-1	PAX5	3
M	TTTGCGCTCGTAGCGC-1	PAX5	1
M	GCTGCGAGTCATAAGA-1	GNLY	1
M	GAACGTTTCTATACCT-1	IRF8	4
M	AGGCCCACAGGATAGC-1	KLRF1	1
M	CAAAGCTCACGCCGAT-1	PAX5	1
M	AGCGTGCAGGTAAGCC-1	ITK	1
M	GCCCGAACATTGTGAC-1	BANK1	5
M	CTGCTCACACCAAGGA-1	SKAP1	3
M	GCCCAGAGTCCCTAAA-1	ITGAM	1
M	CAAGAAATCCATATCT-1	NCAM1	1
M	TCGATTTTCTGACATG-1	PAX5	1
M	CCTTAATGTTGAAGCG-1	PAX5	2
M	ACATGGTAGCTCGGCT-1	TXK	2
M	GAAACAAGTGAGTTGG-1	NCR1	1
M	ACTATTCAGTCCCGCA-1	NKG7	2
M	CGCACAGCACTTGCGG-1	NKG7	4
M	TCAGCTCCAAGCAACG-1	CD68	2
M	GAGAACGTCTCGTAGA-1	KLRD1	4
M	CTGGCAGGTCATCGTA-1	CD4	1
M	GACCAATAGAGGTCCA-1	VWF	1
M	CTAGGGCCAGGCACAA-1	CD5	1
M	TCAGGTAGTGCGCTCA-1	ITK	4
M	TTAGCGACACGATTAC-1	VCAN	1
M	GGAGTAGTCCTGGGAC-1	BANK1	1
M	CTTTGCGGTCATAGAA-1	CD28	1
M	GGATAGGCAAAGCTGG-1	CD8A	2
M	TCTCAGCTCGCGCTGA-1	GNLY	1
M	ACTAGGTTCCATAACG-1	SKAP1	3
M	GGGCCATTCGTCCCTA-1	SKAP1	2
M	CCTAAAGGTCACCCGA-1	CDH1	1
M	AGTGCGCGTGCTGTGC-1	KLRF1	1
M	TTCATCAGTTGTATCG-1	VWF	1
M	TGATGCATCAAACCCA-1	CD3E	2
M	AACCTTTGTACGCAAG-1	MERTK	1
M	CAACGGCAGTGAACCG-1	KIR2DL4	5
M	TGGTCCTAGTGAGCAC-1	NKG7	2
M	TAGACTGAGATCTCAC-1	COL1A1	2
M	GACCTTCTCCGAATTG-1	KLRD1	8
M	TGGCAATGTAGGGTCA-1	VWF	1
M	GCTCAGGAGCCATCAT-1	LCK	1
M	CTCATGCCACTGTCAA-1	CD14	1
M	GTGCCAGAGTTAGAGT-1	NCR1	1
M	TACAGCACATAGCAGG-1	KIR2DL4	1
M	GCCATAACAGCGTCGT-1	PRF1	2
M	ATGTCGAAGCCCATGC-1	MRC1	2
M	TAGGAGGTCACTCGGG-1	MRC1	5
M	GGAGTAGCATTTGGTG-1	MRC1	1
M	TTAGGTGCAGGAGCAT-1	SH2D1B	3
M	AGCTGGCCACCGAAAG-1	ITK	8
M	GGAACCCGTCAGAAAT-1	TXK	7
M	AACCAACGTAACGGAC-1	NCR1	1
M	GGAGGATGTCCCGAGT-1	CDH1	4
M	GAAAGTAGTAAACGGC-1	VWF	1
M	TCAGCTCCAAGCAACG-1	THEMIS	1
M	GGTCATAAGAAATTCG-1	EBF1	2
M	GCCAGCATCAAACCCA-1	NKG7	1
M	ATCGAGTCAACGGACA-1	CD79A	1
M	GAAACAAGTTCCCAAA-1	SKAP1	3
M	TAGCACATCAACTTGG-1	SKAP1	1
M	CAAAGCTAGTTCAGGG-1	CD3E	1
M	GAAACAATCGCCAGAC-1	PRF1	2
M	AGTCAACTCCGAATTG-1	LCK	1
M	AGTCAACTCCGGAAAG-1	LCK	1
M	TGCACCTAGACTCTTG-1	PAX5	1
M	GTGTCCTAGTACAGAT-1	THEMIS	2
M	GCTTTCGTCACAGGGA-1	CSF1R	1
M	GTGACATTCTCGTGAA-1	CD8A	3
M	GCAGCTGTCCAAGTCA-1	CD8A	1
M	GGAGAACTCACTCCCA-1	CD79B	1
M	AGCCGCACAACAACTC-1	KLRD1	2
M	CTTGCTGAGGTCGTTT-1	KLRF1	1
M	CCGTAGGCAAGGCTTT-1	MRC1	2
M	GGGACCTCAAGTCTGT-1	PAX5	2
M	ACGGATTGTAACTGAA-1	EBF1	3
M	TAACAGCCAGGTGGTA-1	CSF1R	1
M	CGTAAACTCTCTTCTC-1	ZBTB46	1
M	ATTACCTGTAATGTGA-1	CD8A	4
M	CTCTACGCAACACGGA-1	EPCAM	1
M	AATACGCGTCTCGGGT-1	CD79A	2
M	ACGGATTAGGATTAAC-1	SKAP1	3
M	CAGTGCGTCTTTCGAT-1	ITGAM	1
M	CTGCTCACACCAAGGA-1	KLRF1	2
M	GATCGTAAGGGAAGCG-1	KLRF1	2
M	TTGAGTGTCCTTGACC-1	KLRF1	1
M	TACGGATTCTTCTCTC-1	VWF	3
M	TTGCGAACAGAGCCAA-1	NCAM1	2
M	GCATGATTCGAGAACG-1	MRC1	2
M	ATGCATGAGCTCGTTA-1	MRC1	3
M	AAACTCGTCGCATACA-1	MRC1	1
M	CTTGTCGAGAGAGGTA-1	TXK	1
M	TGTGACATCGGCAATT-1	CD8A	1
M	TTAGCTTAGGCCAGTA-1	SKAP1	3
M	TGGAAGGAGACTTGAA-1	ITGAM	1
M	GTGTCCTGTCTGGGCT-1	ZBTB46	1
M	GACCAATAGAGGTCCA-1	KIR2DL4	1
M	TGCTTTATCTCGCGGA-1	KLRD1	3
M	GAATCTGAGCTACGTT-1	CD6	1
M	ACGTTAGTCCATTGTT-1	CD6	1
M	TCACTCGCACTGAAGG-1	MRC1	1
M	GATTAGCAGAGTTTGA-1	EBF1	1
M	TGAGTCATCCACGGCA-1	ITK	1
M	GAACGTTGTACCCATA-1	BANK1	1
M	CCTCCCTCACGCGTTG-1	BANK1	1
M	GCTCAGGAGTTCCAGT-1	NKG7	4
M	TACTGCCCAGTAAGCG-1	CD79A	1
M	ATCCTCGCATTACACG-1	COL1A1	1
M	CGCTGGAAGGCGTCCT-1	ITGAM	5
M	GCAGCCAAGCTTACCA-1	CD4	1
M	AAGGAGCGTGGGTAGT-1	LCK	2
M	ATGTCGAAGAATGCTA-1	THEMIS	1
M	TTGACGAGTTACCACA-1	EBF1	2
M	TCAATTCTCTTTATCG-1	ITK	2
M	GAACGTTGTACCCATA-1	SKAP1	7
M	GCCTAGGGTGGATTTC-1	PAX5	1
M	TTGTTGTAGCGAGAAA-1	THEMIS	2
M	TCAGGTATCACCCTTG-1	ITK	9
M	CCTCCCTGTTAACCGT-1	ITK	1
M	AATGCCATCGTGATAC-1	BANK1	2
M	CATGCCTCATCTCACC-1	BANK1	1
M	TACTAGGCACTGCTTC-1	NCR1	1
M	ATGTCGAAGCCCATGC-1	KIR2DL4	1
M	CCTTGGTTCAGTGGTT-1	KIR2DL4	1
M	GTCACGGCAACTACTG-1	CD79A	1
M	TGCTTTATCTTCCGTG-1	COL1A1	1
M	CTCGCTATCGCCCTTA-1	SKAP1	7
M	TACCTATGTGGAGTGT-1	PRF1	1
M	GCACGCATCCTGACCT-1	SH2D1B	3
M	GTTATGGGTAAACGTA-1	THEMIS	2
M	GGTGTCGAGTAGTGTA-1	THEMIS	1
M	GTAGTACTCCTCAAGA-1	EOMES	3
M	GCTCCTAAGAGTAAGG-1	ZBTB46	1
M	CAGGGCTCACGTACAT-1	EPCAM	1
M	TTGAGTGCACACTAGT-1	SKAP1	3
M	TGCTCACGTAACAATG-1	PRF1	1
M	TGATTTCCAAGGGTAC-1	LCK	2
M	ACGGATTTCGATAGGG-1	EBF1	2
M	CATGCCTAGGGAGTTC-1	ITK	5
M	GGAACTTAGTCTTAGC-1	BANK1	1
M	TGGACATCATCATCGA-1	CD8A	2
M	CACCTTGGTCATCAAC-1	CDH1	3
M	CTTGTCGAGCGTAGCA-1	KLRD1	2
M	TGTAGCAAGTGATATG-1	SPI1	1
M	ACCATCCAGATGTTCC-1	SH2D1B	1
M	GAGAACGTCTCGTAGA-1	THEMIS	2
M	CGATGATTCTATCTTG-1	ITK	4
M	CTCCCAAAGAGTCCGA-1	TXK	2
M	GCAGATTGTCTGTGTA-1	EOMES	2
M	GTGGATTCACGCTGTG-1	SKAP1	2
M	TAGCACATCTGCTACC-1	IRF8	1
M	TTTGTGTCACACATGT-1	CDH1	1
M	ATGTCTTGTTGGTAAA-1	CDH1	1
M	CCACAGGGTACAAATG-1	KLRC1	1
M	ATCGAGTTCCTAAGTG-1	CD5	2
M	GCTTGCTTCAGAGTGG-1	SH2D1B	3
M	TGACTCCAGGAAGGTA-1	SH2D1B	1
M	GAGCATTCAGGATAGC-1	LCK	1
M	CTGCTCAAGGAGTCTG-1	EBF1	1
M	ATGTACGGTGTCCTTC-1	VCAN	1
M	TGACTCCTCTTTGCAT-1	BANK1	3
M	TTGTTCAGTCCTTCAC-1	EOMES	2
M	AGATTCGAGTGCACAG-1	IRF8	1
M	CCCGTTATCGAGGTAG-1	KLRD1	3
M	TAGACTGAGATCTCAC-1	NCAM1	4
M	CTTTGCGCATATTGGC-1	TXK	1
M	CCGTACTGTGCCGGTT-1	CD79A	1
M	TCACTCGCACTGAAGG-1	KLRD1	7
M	GGGTCTGCACTCAAGT-1	CD3E	1
M	TTACGGACAGGGCTTC-1	EBF1	1
M	TTTGCGCCAAGACTAA-1	CD14	1
M	AGATTCGTCGTTTGAG-1	IL7R	1
M	TTGGTCCAGGTGATGC-1	VWF	1
M	GGTTGCGTCCTATCCG-1	PRF1	8
M	GGATAGGGTCATCAAC-1	THEMIS	1
M	AAACGAATCTAGCTGA-1	ITK	2
M	GAAACAATCGCCAGAC-1	VCAN	1
M	ATAGGCTGTCAAGACG-1	SKAP1	1
M	AGCCGCACAACAACTC-1	CDH1	3
M	TTACGTTCATTAGCCA-1	DCN	1
M	TAGGTGTCACCGAAAG-1	KLRD1	2
M	ACTGCGGCAGGCACAA-1	CD79B	1
M	GAACGTTTCTATACCT-1	SKAP1	3
M	GCCTACTAGAAGGGCG-1	SKAP1	4
M	GTGTCAATCTCTTCTC-1	CD6	4
M	GACCAATAGCACACCC-1	MRC1	1
M	CATTCATAGCACCATT-1	PAX5	2
M	CACAGATGTCAACAGG-1	BANK1	2
M	ACATGCAGTCTGTGTA-1	ZBTB46	2
M	TAGCATGGTTACTTTC-1	NCR1	1
M	TTGCCCATCTCTGAGA-1	SKAP1	1
M	GCTCCTATCGTCGCAG-1	DCN	1
M	GTCACAACAGGTCTGC-1	CD3D	1
M	TACAGCAGTGTGAGGT-1	EBF1	3
M	TAATTCCGTCACTCTC-1	ZBTB46	1
M	GGAGAACAGACCATAA-1	FLT3	1
M	TACGCAACATGGCCGT-1	KRT8	1
M	CATTCATGTATGGATA-1	CD3D	1
M	GGATGAGTCACCCTTG-1	LCK	5
M	CGCTGGAGTACGTAAA-1	IL7R	1
M	ATAGGCTAGCCATTCA-1	BANK1	1
M	CCTTAATTCTAGCAAC-1	CD79A	3
M	CCTTAATGTTGAAGCG-1	SKAP1	1
M	TCACTCGCACTGAAGG-1	LUM	1
M	CCCTCTCCACCACGAC-1	PRF1	1
M	GAGGCTCGTGAGGTCA-1	CSF1R	1
M	AGCGTGCGTTTCTCTA-1	VCAN	1
M	CCTAAAGCATCGTACA-1	EOMES	1
M	GCATTGATCGATAGGG-1	CD8A	5
M	TAGGAGGTCAGCCGAC-1	CD8A	1
M	AAAGGGCCAAGACACG-1	CD79A	3
M	ACGGATTTCGATAGGG-1	CD79A	1
M	TTGTTCAAGTTCAGGG-1	SH2D1B	1
M	GTTATTCAGAGTTCGG-1	SH2D1B	1
M	GGAGAACAGTATAGTG-1	THEMIS	2
M	CAATCCCCACCCTTAC-1	THEMIS	1
M	AGCGATTGTGATAAGT-1	EBF1	1
M	TGACTCCAGGAAGGTA-1	ITK	3
M	TGGGTGCAGCTTACCA-1	BANK1	1
M	TGTACAGTCGCTCGGA-1	CD28	1
M	GGTACCGAGAGCGGTT-1	NCR1	1
M	TTGTCTATCTCCACTG-1	CD79A	3
M	CACAGATAGTCGAGCA-1	PECAM1	1
M	GCGATTACATGCGTTA-1	SKAP1	1
M	ACATGGTAGTCAGCCC-1	KLRD1	3
M	TATGTTCTCGGTTCCT-1	SPI1	1
M	TGAATCGAGGCAGTGT-1	PAX5	1
M	CATAACGAGCGAATAT-1	BANK1	1
M	CACATGATCGTAGCGC-1	TXK	2
M	CTTCCAGAGCGTGTTT-1	ZBTB46	3
M	CCTGGGAGTAACCGAG-1	CD79A	1
M	GGAACTTCAGATTAAG-1	SKAP1	1
M	GCGAGTCAGAGACTCG-1	KLRF1	1
M	AGCCTCTAGAGGTACC-1	CD3G	1
M	TGGCAATTCGTCTAGA-1	MRC1	2
M	ACTTCCGGTGTCCAGC-1	SH2D1B	2
M	ACCGGGTAGTCCGTGC-1	PAX5	1
M	GTCACAAGTAGTCTGT-1	VCAN	1
M	TTCGGTCTCTTTATCG-1	TXK	4
M	GACCTTCCATCAGCTA-1	CD28	6
M	ACAAAGATCCAGCACG-1	SKAP1	2
M	CTACAGAAGTGGACGT-1	SKAP1	2
M	ATCGAGTCAACGGACA-1	FLT3	3
M	GGATGAGCAGTAACGG-1	KRT8	1
M	GAGGATGCAGGCAAGT-1	MRC1	1
M	CGCAATACATTATGGC-1	ITK	2
M	GTCACCTAGGTCTTGT-1	CD79A	1
M	TGTAAGCGTCCGTGCA-1	CD79A	1
M	CATTCCGGTACGGAGT-1	SKAP1	1
M	TTTGTGTGTTTGTCTT-1	IRF8	1
M	GTCCATCAGCTTTCCC-1	IRF8	1
M	GATGGCCAGCTGATTC-1	ITGAM	1
M	TACCTATAGACAGCTG-1	LCK	2
M	TCCCACATCGCCTTAC-1	CSF1R	1
M	TTGTTCAGTGGCGCTT-1	GNLY	1
M	GGCGTTGAGAGCCACA-1	CD68	1
M	AGGACGATCCACGAGC-1	ITGAM	5
M	TGGTCCTGTAAACGAT-1	ITGAM	1
M	GCCTAGGTCTGGCACG-1	KLRF1	4
M	GCCCAGAGTTTCGACA-1	KLRF1	3
M	AAAGGGCCAACTCGAT-1	PRF1	5
M	TAATTCCCAATCAGGG-1	PRF1	1
M	CAACGGCAGTGAACCG-1	SH2D1B	3
M	CTCACCATCCACTAGA-1	TXK	3
M	ATGTCTTCATTGCCTC-1	EOMES	3
M	CTCTCAGAGAAACGCC-1	GNLY	3
M	TTCGATTTCCCTACCA-1	GNLY	1
M	TCTATTGGTGGACAGT-1	KIR2DL4	1
M	TTGACGATCACCGCGA-1	PECAM1	1
M	CCACGTTAGGCACTAG-1	PECAM1	2
M	AGTTTGGGTGGACAGT-1	COL1A1	1
M	TTGAGTGGTGAGTAAT-1	NCAM1	3
M	TAGGAGGTCTGAGTAC-1	SH2D1B	4
M	TTTGTGTGTTTGTCTT-1	THEMIS	1
M	CATGTTTCACGCGACT-1	ITGAM	1
M	GAGAACGAGTGAACCG-1	NCAM1	4
M	TTGCGGGAGTCCAGAG-1	SH2D1B	1
M	AACGGGAAGGGACGTT-1	THEMIS	1
M	GCGAGTCAGGAGTCTG-1	BANK1	3
M	CCTGGGACAGAACGAC-1	NKG7	2
M	GAGGATGTCTCATCCG-1	ITGAM	1
M	TCACAGACAAGGTCGA-1	KLRD1	6
M	ATCCAGACAATAGCGG-1	KLRF1	2
M	AGCCTTCCAGCGTAGA-1	ITK	12
M	TTAGCTTAGGTACTCT-1	ITK	1
M	TACATGGCAGCAACAG-1	BANK1	2
M	TGTGGCGCAAGGAACC-1	BANK1	3
M	TTCGTTATCTTAACGG-1	CD8A	1
M	TTTGGCCTCAAAGTAG-1	CD79A	1
M	CTGGCAGGTCATCGTA-1	PECAM1	7
M	TCACCTGAGTAGTCGG-1	PECAM1	4
M	GAGGCTCGTCAGAAGC-1	CD6	1
M	TAACGGTTCGTCTTAT-1	SH2D1B	1
M	GTAGTACTCCTCAAGA-1	EBF1	4
M	CTGCGTTCAACAACTC-1	ITK	2
M	AGTTACGGTGGACCAA-1	EOMES	1
M	GAGATTCCAACGTAGG-1	NKG7	2
M	TGGACATCATCATCGA-1	SKAP1	1
M	ATGTACGGTCATAGCT-1	IRF8	1
M	CAGTGCGTCACTTACT-1	DCN	1
M	GCTCCTAAGATATGAC-1	CD3D	1
M	GCTTGCTAGGAAGAAC-1	CD6	1
M	GCGCCAACAAGTAACA-1	CD79A	1
M	AATGGAACAAAGACGC-1	SKAP1	2
M	GACTAGTTCCACCTAC-1	ITK	1
M	GTCACCTAGTAACTCC-1	EOMES	1
M	CCGAAGCAGACCCTAT-1	PECAM1	3
M	CTACTTAGTACGAGAC-1	PECAM1	1
M	GATTAGCCAATTCAGC-1	CD79B	2
M	TTCATCAAGAGCCACA-1	SKAP1	3
M	GCTTGCTAGGAAGAAC-1	NCAM1	3
M	AGCTGTACATGTAGAA-1	SFTPC	1
M	GAAAGTAAGATGGCAC-1	ITK	2
M	GGAGGATTCTAGCAAC-1	TXK	5
M	CTTTGCGGTCCCTTTG-1	TXK	1
M	TAATTCCTCACGATTG-1	GNLY	3
M	GAATCTGCACACATTG-1	CDH1	1
M	TGTGGCGCAAGGAACC-1	KRT18	3
M	ACATGCATCCTAAGTG-1	KLRD1	7
M	ACCCAAAGTTAGAGAT-1	EBF1	2
M	GTTGGGCCAACTCGTA-1	TXK	2
M	GAACGTTTCTCCTTAA-1	NKG7	2
M	AGGCCTGAGTCAGGAC-1	NKG7	1
M	GGGTTATTCCACACCT-1	CD79A	1
M	CACAACACATCGACCG-1	KLRD1	4
M	GCGGAAAGTGAAACAT-1	THEMIS	1
M	CGTACAACAATCAGGG-1	THEMIS	2
M	GGGTGTCTCGCACAAT-1	ITK	1
M	GCGGTGTTCTACTTTG-1	BANK1	2
M	ACAGAAACATCTCTCG-1	CD28	2
M	CGTGGCAAGGGTCCCT-1	MERTK	1
M	GCAGATTGTCTGTGTA-1	NCR1	3
M	CGTAAACTCGCATAAC-1	NKG7	1
M	ACCCAAATCTTGTGCC-1	KLRD1	3
M	TTTGGTTTCGTCAACA-1	PRF1	2
M	ACAATCGCACGCTAAT-1	IL7R	11
M	TATTGCTGTATCCTTT-1	IL7R	1
M	GGGACCTAGTTGGAAT-1	BANK1	2
M	GCTCAGGAGCCATCAT-1	ZBTB46	1
M	TACGGATTCTTCTCTC-1	KLRD1	6
M	CCCGTTAGTGCTGTGC-1	NCAM1	1
M	TTAACGGTCTTAAGCG-1	LCK	2
M	TCGCAGGCAACGGGTA-1	ITK	2
M	CCGTAGGGTTGCTTGA-1	PRF1	2
M	TGCACCTAGACTCTTG-1	MRC1	1
M	TAGTCCCCAATTCGTG-1	MRC1	1
M	TCAAGGTTCACAACAC-1	THEMIS	2
M	GTGTCAATCTCTTCTC-1	THEMIS	1
M	TCAGTCCTCAGTCACA-1	EOMES	1
M	TTGCAGACATCCCAAA-1	CD79A	1
M	GTAATCGAGTACGCGA-1	KLRD1	2
M	GCGCCAACATGATCGT-1	KLRF1	1
M	GGATGAGGTGCCCGAT-1	SH2D1B	3
M	ATGTACGTCCTAGAGT-1	LCK	2
M	ATGTCGAAGCCCATGC-1	PECAM1	3
M	GTGCACGGTAACTCCA-1	IRF8	1
M	TATGTGGCATAGCCAT-1	FLT3	1
M	CTTGAAGGTAGCATGG-1	NCAM1	1
M	AACAAAGGTAAAGCTA-1	PECAM1	1
M	CTGCGTTCAACAACTC-1	COL1A1	1
M	TGCGTAATCTAGCTGA-1	SKAP1	2
M	ACTACGACAGGGTACA-1	FLT3	1
M	CCCACATTCTGTGTGA-1	MS4A1	1
M	CGCTATCAGCAATGTA-1	THEMIS	1
M	AGCTGGCAGAAATACC-1	THEMIS	6
M	CCGAAGCAGACCCTAT-1	THEMIS	1
M	CAGTATGGTTGGCTTA-1	THEMIS	1
M	TTACCCGCACTAGGAG-1	BANK1	3
M	CTACTTACAAGCCCTG-1	CD8A	1
M	GACCTTCTCACATTCT-1	NCR1	2
M	AAAGGATTCCAGTACA-1	PECAM1	1
M	TTACTTGAGTCTCGAT-1	PECAM1	1
M	ATTGTCTTCGCTCGGA-1	NCAM1	2
M	GTAGGAGCATCCATAG-1	IL7R	1
M	AGTGCCGAGTCGACCC-1	CD28	1
M	CCGTGAGGTCCCGAGT-1	CD3D	1
M	ACAGACTTCCATATCT-1	CD28	1
M	ATCCTCGTCTAGCTGA-1	PECAM1	3
M	GCTGCGAAGACAGTGC-1	LCK	1
M	AGTGCGCTCAAAGTAG-1	PAX5	2
M	GCTTGCTTCCATAACG-1	THEMIS	2
M	GAACCTAAGCGCACAA-1	THEMIS	3
M	GTTCAAGGTTTAGGAA-1	ITK	1
M	TTACGGAGTGGAAAGA-1	ITK	1
M	TTCATTGGTTTCTCTA-1	VCAN	1
M	ATGTTTCAGTTGGAAT-1	IL7R	4
M	TTTACGTGTTTGTAGC-1	BANK1	2
M	AACATCGAGTACGCGA-1	EOMES	1
M	ACCCAAAAGGTCTTGT-1	EOMES	1
M	TGCTCGTGTATGGGTG-1	MERTK	1
M	CAACGTACAGAGTCGA-1	NKG7	4
M	AATACGCAGGTGTCGA-1	CD79A	3
M	TAGCATGTCCACCTAC-1	PECAM1	3
M	GCAGCTGTCACAACAC-1	LYZ	1
M	TAGCACAAGCTAGTTC-1	CD3E	1
M	GGGACCTCACAGAAGC-1	BANK1	1
M	TCAGGGCCATGGCCCA-1	SKAP1	3
M	TGGTCAAAGTTGGAAT-1	PAX5	1
M	CCTTGGTTCAGTGGTT-1	THEMIS	2
M	TCGGGACCAATGGTAA-1	IL7R	2
M	GAGGCTCAGCTCCGGT-1	CD79A	1
M	GCTGTTCCACAGTAGG-1	PECAM1	2
M	TCGGGACGTCCGTAGC-1	SKAP1	2
M	CCTTAATCAAAGGCCA-1	SH2D1B	3
M	CAGGGCTAGGGAGATA-1	PAX5	1
M	CACCACTGTACAACGG-1	CD79A	2
M	CAAAGCTCACGCCGAT-1	KLRD1	3
M	GGGTGTCGTTTCAGCA-1	CD6	1
M	ACGTTAGTCCATTGTT-1	PAX5	4
M	TTTGTGTCATTACTCT-1	CD14	2
M	ATTGTGGCACCACGAC-1	VCAN	2
M	GGAATCTCACTACACA-1	KLRD1	2
M	TACATGGAGCTAACAA-1	KLRF1	2
M	GGGAACATCGATGCAT-1	NCAM1	1
M	TATGTGGCAAGGACCA-1	CD5	2
M	CGTACAAAGGACTTTC-1	PRF1	1
M	ATGTTTCCATGTGAGG-1	SFTPC	1
M	CTAGGGCTCGAACCGC-1	THEMIS	3
M	CAGCTGGGTCGCTAGC-1	CSF1R	1
M	TGGCGCACACCCATCT-1	TXK	8
M	TAAGCCATCCGCGATG-1	TXK	3
M	CTTCTAATCGGGATCC-1	CD28	1
M	CAGGATTTCGCTTGAA-1	CD4	1
M	ATCCTCGAGTGTCGGA-1	CD5	1
M	CAACGTAGTACCCATA-1	PRF1	3
M	AGTGTACTCTTAACGG-1	PAX5	1
M	ACATGGTGTTTGACCA-1	ITK	3
M	TGAGCCGTCCAAGTCA-1	CD8A	1
M	TCAGCTCTCTTACTCA-1	CD4	3
M	TAAACCGGTGCGTAGA-1	CD160	1
M	TTCGGTCTCTTTATCG-1	PAX5	1
M	TAGCATGCATTAGCCA-1	ITK	7
M	CACCTTGTCGTGAACT-1	BANK1	1
M	GCGCCAACAAGTAACA-1	FLT3	4
M	TCGAGCGTCGGATCGC-1	CD6	6
M	CAATCCCCACCCTTAC-1	MRC1	2
M	CGTACAACAATCAGGG-1	CD160	2
M	GGTTGCGTCATTCATC-1	LCK	2
M	TTCATCATCTCCTTAA-1	THEMIS	2
M	TAGGTGTGTGACGCAA-1	BANK1	4
M	GGAATCTCATGTGGGA-1	BANK1	4
M	CAGCCTTGTCACTCTC-1	CD79A	1
M	TGGCAATGTAGGGTCA-1	IRF8	1
M	TCACCACTCCCGTAGG-1	SH2D1B	1
M	ATTACCTTCTACATCT-1	BANK1	1
M	GCGTAGCCAATGACTC-1	TXK	3
M	GGAATCTAGAACAGGA-1	ITGAM	1
M	TAATTCCGTCACTCTC-1	KRT18	1
M	AACCAACTCGGTCAGC-1	KLRD1	4
M	GTTATGGGTAAACGTA-1	VWF	2
M	TTAGCGACACGATTAC-1	NCAM1	3
M	TCTATTGGTGGACAGT-1	NCAM1	3
M	GAAAGTAGTAAACGGC-1	LCK	3
M	ATCGAGTTCCTAAGTG-1	ITK	8
M	AATGTCGAGCGGACTA-1	GNLY	1
M	GCGAGTCGTGCATTGT-1	GNLY	1
M	TGCGTAATCTAGCTGA-1	GNLY	1
M	AGTTTGGGTGGACAGT-1	GNLY	1
M	ATTACCTTCTACATCT-1	KLRD1	3
M	GTTGGTAGTAGTCTGT-1	KLRD1	3
M	CTGAATGTCGGAAAGC-1	KLRF1	1
M	GCCAGACGTAGGTAAT-1	KLRF1	1
M	TGGAAGGAGTGAAGGA-1	PAX5	1
M	ATATTCCGTTTGCCCT-1	BANK1	6
M	CACTGAACAAGCGACA-1	MERTK	1
M	GACCTTCTCACATTCT-1	CD8A	3
M	TAGCACAAGCTAGTTC-1	NCR1	1
M	GGAACCCGTCAGAAAT-1	KRT18	1
M	ACAAACCGTACCAAGG-1	VCAN	1
M	TAGCACATCAACTTGG-1	PECAM1	1
M	TGGCAATAGATTAGAC-1	PECAM1	6
M	AAATGAGAGTGCTGAG-1	KLRD1	2
M	TGGCAATGTAGGGTCA-1	CLEC9A	1
M	TGTGTCCTCGTCCCAT-1	CD6	1
M	TAGACTGAGATCTCAC-1	MRC1	3
M	CAACGTAAGGGCGAAG-1	BANK1	1
M	GGTGTCGAGACAACGC-1	ZBTB46	1
M	AGCCTCTTCGGTTCCT-1	CD8A	1
M	GCTCCTAAGATATGAC-1	SKAP1	1
M	ACTGCGGTCCAATCCC-1	VWF	1
M	TTTGGTTAGACCCATT-1	CD8A	2
M	GCATTCCCATTCGTCC-1	NCR1	1
M	ACGTTAGGTTGAAGCG-1	PECAM1	1
M	TCGCCTACATCGGCTG-1	CD79B	1
M	TAGCCCTTCGGATAGG-1	EBF1	1
M	GCAGCTGTCGGACGAA-1	EBF1	1
M	CTGTATTGTTCAGTTG-1	ZBTB46	2
M	CATTCATGTATGGATA-1	GNLY	2
M	CGTACAATCGTTCTAT-1	KIR2DL4	1
M	GCGATTATCAATTGGC-1	PECAM1	3
M	GTTACGACACTAGCCG-1	PECAM1	1
M	CATGCCTCACCCTTTG-1	CD68	2
M	TAGGAGGTCTGAGTAC-1	KLRF1	2
M	AGTGTACTCTTAACGG-1	FCN1	1
M	TAAACCGGTGTGCTTA-1	ITK	1
M	GTTATGGTCCTCTCTT-1	TXK	1
M	CATGTTTTCAGGAATA-1	EOMES	1
M	AAATGAGCATCCTGGG-1	MARCO	2
M	CTTCCAGAGCGTGTTT-1	PAX5	2
M	AAGGAGCCACGATTAC-1	EBF1	1
M	GGCGAAATCCCAGCGA-1	EOMES	4
M	GGAGAACTCACTCCCA-1	NCR1	1
M	TCTCAGCGTGGACGAT-1	CD79A	2
M	ACAGGCCGTTTGACCA-1	THEMIS	3
M	GAACCTAGTATCCTTT-1	BANK1	1
M	CCGAAGCCAACCTCCT-1	MERTK	5
M	GCTCCTACAAGTCTCA-1	COL1A1	1
M	CTTCTAAGTCGATTAC-1	KRT8	1
M	TCAGGGCTCTGGTACA-1	CD3E	1
M	GGATGAGCAGTAACGG-1	EBF1	6
M	TCCATCGCACATTGCA-1	ITK	8
M	ATGTACGTCCTAGAGT-1	BANK1	4
M	GTAGACTCAATTGTGC-1	CD28	1
M	GCTCCTAAGATATGAC-1	GNLY	4
M	GAACCTATCTTACTCA-1	SFTPC	1
M	TAGCTTTTCGTCCCAT-1	ITK	8
M	AGCGATTGTAACGGCA-1	CD14	1
M	ACAGACTTCCATATCT-1	VCAN	1
M	GTGCCAGGTCCGTAGC-1	VCAN	3
M	AGCCTTCCAGAGAGAA-1	KRT8	2
M	TAGCACAGTCGCGCTA-1	KLRD1	2
M	TAATTCCTCCCAATAG-1	KLRD1	4
M	CAGGATTCAATGGCAG-1	KLRD1	1
M	AGGCCTGCATGCTATG-1	VWF	4
M	ACTACCCCAAGTAACA-1	SKAP1	1
M	TCAGGTATCACCCTTG-1	CD6	3
M	AACATCGAGAGAACCC-1	PRF1	1
M	AGCCTCTAGGGAAATG-1	PRF1	1
M	AATACGCAGGTGTCGA-1	PRF1	3
M	GGTGTCGAGGGTTCTT-1	CD160	1
M	AACCGATAGTGCTGAG-1	PAX5	2
M	GTACTTTCAAGATGCG-1	ITK	7
M	CCTTAATTCTCGCGTT-1	ITK	6
M	GCAGCTGGTTTCGATG-1	ITK	3
M	GGATAGGCAAAGCTGG-1	BANK1	1
M	TCCCACACACAAACAA-1	CD79A	1
M	TGCTCACTCCGGGCAT-1	COL1A1	1
M	GACCTTCTCACATTCT-1	COL1A1	1
M	GTAGGAGAGCTCCATA-1	SKAP1	2
M	GAAGTCTAGGGATCCA-1	ITGAM	1
M	GGGACCTAGCTGATTC-1	LYZ	5
M	GGAGGATGTCCCGAGT-1	KLRF1	2
M	ACCTGCTTCTCTGACC-1	KLRF1	2
M	TCTATTGGTGGACAGT-1	PRF1	4
M	TACATGGCAGCAACAG-1	THEMIS	1
M	TCTCTGGTCTGAACGT-1	ITK	1
M	GAAACAATCACGGGTC-1	ITK	1
M	CTGGGACTCCATATCT-1	BANK1	4
M	TCACCTGAGTAGTCGG-1	CD8A	4
M	GGATGAGCAGTAACGG-1	NCR1	2
M	TTACGGAAGCTCCATA-1	NCAM1	1
M	GCTCCTAAGAGTAAGG-1	CD6	1
M	CCCTGATTCTCTGACC-1	THEMIS	6
M	CCCTGATAGATACCAA-1	ITK	2
M	GACCCAGAGGTCTTTG-1	BANK1	3
M	CATTGGATCGGTCTCT-1	EOMES	1
M	GACTAGTTCAAATGGA-1	MERTK	1
M	TTACCGCCACTAGGAG-1	CD79A	1
M	TGCTCACTCCGGGCAT-1	IRF8	1
M	GCCTAGGTCTGGCACG-1	LUM	1
M	CTAACTTGTCCAACCG-1	CD4	2
M	CGCTGGACAACTACTG-1	NCAM1	1
M	TAGCATGCAATGACTC-1	PAX5	5
M	ACTGCGGCACTGCTCT-1	ITK	1
M	AGTGCGCTCCTCCAGT-1	IL7R	1
M	CCGTACTCATTGTTCT-1	PECAM1	1
M	GACCGACCATAAAGTG-1	TXK	3
M	ATGTCGATCCGGGCAT-1	TXK	1
M	ACTCGGGAGAGGTGGG-1	TXK	2
M	CCCTAACTCCCAGTAA-1	ZBTB46	1
M	CACAGATAGGGTCTGA-1	KIR2DL4	2
M	TCAGGTATCACCCTTG-1	SKAP1	6
M	GAAGTCTCAGTAACGG-1	ITGAM	2
M	CAAGAAACAGGGAGTT-1	CD6	1
M	TGTAGCATCCGCTCTA-1	BANK1	2
M	TCAATTCGTAACCGAG-1	GNLY	2
M	AACTGTGAGCATTGGG-1	CD79A	1
M	GCGAGAACATAGCCGC-1	MRC1	1
M	ACATGGTTCCAGGTCG-1	SH2D1B	3
M	TCAGTCCTCTTCCAGC-1	THEMIS	1
M	TAACAGCGTTGCAGAG-1	GNLY	1
M	TTACCGCCAGGTAGCA-1	NCR1	1
M	GTTACTTGTCTGTTGA-1	VWF	1
M	ATCCTCGTCCGTTAGA-1	SH2D1B	2
M	GCAGCTGTCTCTGAGA-1	THEMIS	3
M	GGGACCTAGAAATGGG-1	CD14	1
M	TAACGGTGTCAGAAGC-1	BANK1	3
M	GAGGATGAGGCCTCGT-1	BANK1	3
M	ATAGTCGTCCGTACGG-1	CD8A	1
M	TCAGGTACATTGCACA-1	GNLY	3
M	TACTAGGCATCGGCTG-1	EPCAM	1
M	TCAGGTATCACCCTTG-1	NKG7	1
M	ACTATTCAGTCCCGCA-1	CD79A	1
M	CGCTGGAAGGCGTCCT-1	PECAM1	10
M	GCGTTGGAGCTATCGT-1	CD79B	1
M	CCGTAGGCATAGTCCA-1	IRF8	1
M	TTCTGTACACTCCCAT-1	NCAM1	1
M	ACGTGGCAGCTGAGGT-1	THEMIS	2
M	AGTGTACTCTTAACGG-1	ITK	2
M	TTCAACTCAACTCGAT-1	ZBTB46	1
M	CGATGATTCTATCTTG-1	SKAP1	1
M	ACTGTCCTCCTCATTA-1	FLT3	3
M	AGATTCGAGGTACTCT-1	KLRD1	1
M	TAGGTGTTCCTGTAGA-1	VWF	1
M	GTCACCTAGTCGGGAT-1	SPI1	1
M	CGTAAACGTTCCGGCA-1	SH2D1B	1
M	AGCGTGCAGACAGTGC-1	ITK	5
M	CCAATGACAGGTGGTA-1	BANK1	1
M	AATGGCTGTGTCGTGC-1	CD28	1
M	GAATCTGTCTAGCAAC-1	CD8A	1
M	GGATGAGCAAGTGGCA-1	CD79A	2
M	CGCTGGAAGGCGTCCT-1	FLT3	14
M	TGTACAGCACCACGAC-1	CD3D	1
M	CTGCTCACACCAAGGA-1	NCAM1	1
M	AACCGATAGAGAAGCA-1	THEMIS	2
M	GTGTCCTAGAGCTGTG-1	THEMIS	1
M	AATGGCTTCGGGTCCA-1	BANK1	1
M	GCTGAGCGTTTGCCAA-1	TXK	3
M	GGTGTCGAGACAACGC-1	CD3E	1
M	ACCATCCAGATGTTCC-1	SPI1	1
M	TACCTATGTGCCAAGA-1	THEMIS	1
M	AGTTACGTCTGTTTAC-1	CSF1R	3
M	TCAAGGTAGAACAGGA-1	CD14	1
M	ACCATCCAGAAAGGGT-1	GNLY	1
M	TCAGGTACATTGCACA-1	ITGAM	2
M	TATGTTCCAATTAGGA-1	KLRD1	11
M	ATCCAGAGTTTCGTTT-1	CD3E	1
M	TTAGGTGGTCCGAGCT-1	MRC1	1
M	GTGGCGTTCTTCCAGC-1	ITK	3
M	CACAGATAGACTTGAA-1	ITK	1
M	TTCAACTTCAGTCAAC-1	ITK	3
M	GCTGAGCAGTCGAGCA-1	TXK	3
M	CGGTGCACAGCGTCGT-1	CD79A	1
M	GGATGAGCAGTAACGG-1	CD68	2
M	TAGTCCCCACACACCG-1	PRF1	1
M	TCAGTCCCATATAGAG-1	MRC1	2
M	GCAGATTTCGATAGTC-1	SH2D1B	1
M	TCTCTGGGTAACATAG-1	SH2D1B	1
M	CTCACCATCCACTAGA-1	SH2D1B	2
M	CCGTAGGAGCTCGTTA-1	PAX5	1
M	AGCCCGACAGGTGGTA-1	PAX5	2
M	ATGTACGGTGTCCTTC-1	MARCO	1
M	CAAGCTAAGGCAGTAC-1	NCR1	1
M	TGGAAGGAGTGAAGGA-1	SKAP1	3
M	TGGCCTTGTTTGCATG-1	CD68	1
M	GGGAACACAGTCAGCC-1	VWF	1
M	GCCTAGGTCTGGCACG-1	VWF	1
M	ACATGGTGTTTGACCA-1	CD3E	1
M	GGTCATACATTACTCT-1	SH2D1B	1
M	GAGGATGAGGCCTCGT-1	PAX5	3
M	CTAGGGCAGAACCCGA-1	EBF1	1
M	CAAGAAACATTGAACC-1	PECAM1	1
M	AAACTCGCACCGAAAG-1	SKAP1	1
M	ACCATCCAGAAAGGGT-1	IRF8	1
M	GCCTACTGTCGTAGTT-1	CD6	1
M	ATGTCGACAGGTGTGA-1	MRC1	1
M	AATGGAACAAAGACGC-1	SH2D1B	1
M	GCGGGTTTCACTCCCA-1	THEMIS	3
M	CAAAGCTCAAGCAATA-1	ITK	1
M	GGCGTTGCATCAGAAA-1	BANK1	1
M	TCTCTGGAGTCGCCTG-1	EOMES	2
M	GTTATTCAGCTCGTTA-1	ITK	22
M	TGGTCCTGTGCCCGAT-1	CD14	1
M	ATTACTCGTGGACTGA-1	GNLY	2
M	CTCACCATCCACTAGA-1	GNLY	1
M	CCGTAGGGTTGCTTGA-1	NCR1	1
M	GAGACTTCACTTTGGA-1	CDH1	1
M	GCCATAACAGCGTCGT-1	NCAM1	3
M	AACCTGACACATCATG-1	NCAM1	4
M	AACGAGGAGTCTCGAT-1	CD5	3
M	TTACCCGAGATCGAGC-1	SH2D1B	1
M	ATTTGTCGTCTGCACG-1	ITK	1
M	GGATGAGCAAGGAAGA-1	BANK1	2
M	CAACGGCAGTGAACCG-1	MERTK	2
M	TAGGTGTTCCTGTAGA-1	GNLY	1
M	CTACTTAGTACGAGAC-1	CD79A	1
M	GACCTTCTCACATTCT-1	KLRF1	2
M	AACATCGGTATTCTTC-1	TXK	3
M	ACAGACTGTGATAAGT-1	COL1A1	1
M	GGTGCTGCAAGGGTAC-1	CDH1	1
M	AGCTGTACATGTAGAA-1	IL7R	1
M	GGTGCTGGTGGACGAT-1	ZBTB46	1
M	GTTATTCCAGGCAAGT-1	PRF1	3
M	CGGACTGCAATGGTAA-1	THEMIS	1
M	CCGTGAGGTCCCGAGT-1	ITK	4
M	ACCTGCTGTTTGAAGA-1	VCAN	3
M	TCGATTTTCTGACATG-1	IL7R	1
M	TACTAGGCATTACCTT-1	TXK	3
M	TTAGCTTCATTGTGAC-1	ZBTB46	1
M	GTAGGAGGTCCAAGTT-1	CD28	2
M	CCACAGGTCAAATGGA-1	MERTK	1
M	CTTGCTGAGGTCGTTT-1	ITGAM	1
M	ACAATCGTCTATGAGC-1	VWF	1
M	TGATTTCCAATCATCG-1	PRF1	5
M	TAAGCCATCCGCGATG-1	SH2D1B	1
M	GCGAGTCGTGCATTGT-1	CSF1R	1
M	TGCACCTAGACTCTTG-1	CSF1R	2
M	GTAGGAGGTCCAAGTT-1	GNLY	1
M	TAACGGTGTCAGAAGC-1	NKG7	5
M	GCGGGTTGTTTGTGAC-1	CD79A	1
M	TCAAGACGTAGGTGAC-1	PECAM1	1
M	ACGTGGCAGTATGCTC-1	KLRD1	1
M	GAAATGATCAGTCACA-1	CD6	1
M	GAGGCTCAGAACGTCG-1	SH2D1B	2
M	TGGTCCTGTGCCCGAT-1	PAX5	2
M	TCGTTCGCAGTCCTGG-1	PAX5	1
M	TGAATCGCACTCAGCG-1	GNLY	1
M	TAGGAGGTCTGAGTAC-1	NKG7	1
M	TCGTTCGAGCAGGAGG-1	ITGAM	1
M	CCTATTACATTAAGGA-1	NCAM1	1
M	GCGGAAATCGAGCGCT-1	PAX5	1
M	GTCACCTAGTCGGGAT-1	PAX5	2
M	ATCCTCGCATTACACG-1	ZBTB46	3
M	TCAAGGTTCACAACAC-1	MERTK	1
M	CCTTGGTTCGGTTCCT-1	NKG7	1
M	TCGCAGGAGCCTCGCA-1	SKAP1	1
M	TCTATTGTCCATGTTT-1	FLT3	2
M	TCGGGACCAATGGTAA-1	CLEC9A	1
M	AAAGGATAGGATGTCG-1	SPI1	1
M	ACTGCAAAGTCCGGAA-1	SH2D1B	1
M	AAACTGCTCTTTGCAT-1	LCK	1
M	AGCCTCTCAACTCGTA-1	BANK1	1
M	GGTGTCGAGGGTTCTT-1	TXK	2
M	TATCTGTAGGCCTCTG-1	NKG7	1
M	TCAGGTAGTAAGTGCG-1	COL1A1	2
M	GTAGTACGTCTCTGCT-1	IRF8	1
M	CCACGTTAGGCACTAG-1	CDH1	1
M	AGCTGATCATTACCTT-1	DCN	1
M	GAAATGAAGACACGGT-1	VWF	1
M	GGATGAGTCACCCTTG-1	VWF	1
M	TGTAAGCGTCCGTGCA-1	PRF1	2
M	TTCGGTCTCTTTATCG-1	MRC1	2
M	AACAAAGTCGCCTTAC-1	LCK	2
M	AGGCGTCTCCTTTGCG-1	TXK	1
M	TGCACCTTCGATTACG-1	EOMES	3
M	TTACCGCGTGATGCGA-1	SKAP1	1
M	CTCAGCTTCTCTTAAC-1	SKAP1	1
M	TGACAACAGTGTCCCG-1	CD4	1
M	GAAAGTAGTAACGGTG-1	VWF	1
M	GCAAAGGAGCAATGTA-1	CD3D	1
M	CCATACCGTGATTCCA-1	NCAM1	1
M	AGCCAGCGTGCACATT-1	PAX5	1
M	GCCTAGGAGTACCTCA-1	ZBTB46	1
M	CATAACGGTGAGTTGG-1	CD28	1
M	GTCCATCGTACGAGAC-1	GNLY	1
M	ACCGAATTCCGCTATC-1	PECAM1	1
M	AACATCGGTCTGGGAA-1	SKAP1	2
M	TACCTATAGACAGCTG-1	CD3G	1
M	CCGTACTGTCCAGACC-1	NCAM1	3
M	TCCATCGAGAGGAAGT-1	NCAM1	1
M	CGCAATACAATGCCAT-1	SH2D1B	3
M	TGATTTCAGGAGTACC-1	CSF1R	1
M	CGTTCCAAGGAGTACC-1	BANK1	8
M	ACGTTAGGTAGCGAGT-1	CD8A	1
M	TATGTTCTCAAAGTAG-1	CD79A	1
M	TGGCAATGTTCATTTC-1	CD4	1
M	GCCCGAACATGATTGC-1	CD6	2
M	GGAGTAGTCCTGGGAC-1	ITK	8
M	GTCCATCGTACGAGAC-1	ITK	2
M	TTTACGTAGTCTGCTA-1	VCAN	1
M	TGGTCCTGTGCGCATC-1	ZBTB46	1
M	ACCTGCTTCCAACGCG-1	GNLY	1
M	TGAGTCAAGCAGAGCT-1	SKAP1	1
M	TCACCACTCCCGTAGG-1	SKAP1	1
M	CCTAAAGAGTAATCAG-1	CDH1	2
M	ACGTTAGTCCATTGTT-1	ITGAM	2
M	TAGCGGCTCCCACGGA-1	VWF	1
M	TACCTATGTGCCAAGA-1	CD3E	1
M	ATTACCTAGTAGTTCC-1	PRF1	1
M	GCTTAAGGTTGGAGGT-1	BANK1	4
M	TTCTAACTCTATACCT-1	TXK	2
M	GAGACTTCACTTTGGA-1	TXK	2
M	ACGTGGCTCGAAGCCC-1	SKAP1	1
M	GAAGTCTTCCGATGCG-1	KLRD1	1
M	GCACGCATCCTGACCT-1	CD3G	2
M	GACCAATGTCATCGTA-1	NCAM1	3
M	ACCTGCTCAGGACCTC-1	MRC1	2
M	GAAGTGGGTCCCGAGT-1	MRC1	1
M	AATGGAACAAAGACGC-1	EBF1	1
M	TGCTCACCAGAACGAC-1	BANK1	4
M	CTTGCCATCGCGTGAC-1	BANK1	2
M	CATTGGATCTTCGTTA-1	CD8A	1
M	CTCAGAACATTTGGCA-1	PAX5	2
M	ATGTTTCCATGTGAGG-1	ITK	7
M	TAGACTGCACTTTGGA-1	CSF1R	1
M	CTTGCTGAGGTCGTTT-1	TXK	1
M	CAACGTACAGAGTCGA-1	NCR1	2
M	GACCAATCAATTCTCT-1	NKG7	1
M	AGCTGGCCACCGAAAG-1	CD68	1
M	ATTGTCTTCGCTCGGA-1	ITGAM	1
M	GCATTGAAGACTCTTG-1	FLT3	1
M	CTGAATGAGGAATGGA-1	KLRC1	1
M	GTCACCTGTAACATAG-1	KLRD1	5
M	TTAACGGCAGCGCGTT-1	NCAM1	6
M	GGATGAGAGGTACATA-1	PRF1	5
M	GCCAGACTCACTAGGT-1	MRC1	4
M	GTACTTTGTGTCTACA-1	EBF1	3
M	GTGGATTAGGCGTAGT-1	ITK	3
M	CTGGCAGCATGGGACA-1	CD28	1
M	GTCACAACAGGTCTGC-1	KIR2DL4	1
M	TGCTCGTGTATGGGTG-1	PECAM1	1
M	CAAGAAATCCATATCT-1	FLT3	2
M	GCCTAGGTCCATGACA-1	NCAM1	4
M	TTCAACTCAACTCGAT-1	LCK	5
M	GAAGTCTAGTTATGAG-1	LCK	2
M	GTCACAAAGGATGTAT-1	EBF1	4
M	TACAGCACACTAGGAG-1	CD14	1
M	GTCGTAATCAAGGCCC-1	BANK1	7
M	ACGTGGCCACTGGGCT-1	BANK1	1
M	TTGCACCCAGGGTAAC-1	CD28	1
M	GGATGAGAGGTGTTGG-1	SKAP1	4
M	CAAAGCTGTCATAGAA-1	NKX2-1	1
M	AACTTGGGTGCTGTCG-1	KRT8	1
M	ACTACGATCGTATAGC-1	NCAM1	1
M	GAAAGTAAGGCGATTG-1	THEMIS	15
M	CGCGCAAGTAGGTCTT-1	BANK1	1
M	AAACGAAAGTTCGTTG-1	COL1A1	1
M	TAGCATGTCCACCTAC-1	IRF8	2
M	TACTCGCTCACTCGGG-1	KRT8	1
M	GCAGATTCAGTCCTGG-1	EBF1	1
M	GAACGTTTCTCCTTAA-1	CD79A	1
M	ACTGCAAAGTCCGGAA-1	KLRD1	6
M	TAACGGTGTCAGAAGC-1	PRF1	1
M	TATGTTCTCTATACCT-1	LCK	5
M	AATGGAACAAAGACGC-1	PAX5	1
M	AGTGTACGTCATCGTA-1	THEMIS	2
M	GGGACCTAGAAATGGG-1	TXK	1
M	ATAGGCTAGCGATACG-1	ZBTB46	1
M	CTTTGCGGTCATAGAA-1	NCR1	1
M	TGATGCATCAAACCCA-1	CD79A	1
M	TGAATCGAGGCAGTGT-1	PECAM1	1
M	GCTGAGCGTTTGCCAA-1	CD79B	1
M	GTCACCTAGAAATTCG-1	DCN	1
M	GTAGACTCAATTGTGC-1	SH2D1B	2
M	CTGAATGAGGAATGGA-1	MERTK	1
M	TAACAGCCAAACAGTA-1	KLRD1	3
M	GCCTACTAGAAGGGCG-1	LCK	1
M	CTCTCGATCCGCTCTA-1	PAX5	1
M	CGCTGGAAGGCGTCCT-1	CD14	1
M	TAGACTGCATATTGGC-1	CD8A	4
M	GCCTAGGGTCGAGGTA-1	GNLY	7
M	GGCATTACAAGGTCGA-1	EPCAM	1
M	GATTAGCCAAACCCTA-1	LUM	1
M	CATTCCGCAACGTACT-1	MRC1	4
M	AGTGTACGTCATCGTA-1	LCK	1
M	TCCATCGCACATTGCA-1	CD14	1
M	TGAGTCATCCATATCT-1	IL7R	1
M	GGGTGTCTCAGGCCGT-1	NCR1	1
M	CAAAGCTAGTTCAGGG-1	KLRC1	2
M	CTGAATGTCGGAAAGC-1	CD6	1
M	TTTGGCCTCAAAGTAG-1	PRF1	4
M	AAGGAGCGTGGGTAGT-1	PRF1	1
M	GTAATCGCAAATTGAG-1	LCK	1
M	TGCATGACAAGGATGC-1	SFTPC	2
M	CCTATTAAGATCTAAG-1	THEMIS	2
M	TCTATTGGTGGACAGT-1	TXK	10
M	GTGCTGGAGCTACGTT-1	ZBTB46	1
M	AGATTCGAGTGCACAG-1	GNLY	4
M	ACAAGCTTCCTGAAAC-1	GNLY	1
M	CTTCCAGAGCGTGTTT-1	PECAM1	2
M	CACCTTGTCGTGAACT-1	KLRF1	1
M	GGAGAACGTTCGGGAA-1	VWF	1
M	GTGCTGGAGATCACCT-1	PAX5	2
M	TTAACGGGTTCCCGGA-1	PAX5	1
M	AGCGATTAGCCTGTAT-1	TXK	2
M	ACAGCGCTCCTTCGAC-1	PECAM1	2
M	TTGCGGGTCAATTCCT-1	ITGAM	1
M	CCGTACTGTGCCGGTT-1	KRT8	1
M	GATGGCCAGTGAGCAC-1	KLRF1	1
M	CAACGGCAGTGAACCG-1	PRF1	4
M	CCAATGAAGGGTTCCC-1	ITK	3
M	TTGTTCAGTTCCGCGA-1	CSF1R	4
M	TGGCCTTGTTTGCATG-1	VCAN	1
M	ATCCTCGCATTACACG-1	TXK	9
M	TGGCAATTCGTCTAGA-1	CD8A	1
M	ACCGGGTAGTCCGTGC-1	GNLY	1
M	AATGCCACAGCGTACC-1	PECAM1	2
M	GTGTCAATCCGGCTGA-1	CD6	2
M	CTCTCAGAGCAGAATT-1	PRF1	6
M	AGATTCGTCCGTGCGA-1	PRF1	1
M	AGCTATGCACGTGAAG-1	CSF1R	1
M	ACCGGGTGTCAAGACG-1	CD79A	1
M	AGTGTACTCTTAACGG-1	IRF8	4
M	CCAGAATCAGGAGCAT-1	KLRD1	1
M	GAGCATTCAGTTAAAG-1	KLRF1	1
M	TCACAAGCAAGTTGCT-1	SH2D1B	1
M	TGATCAGAGAAGCCGT-1	GNLY	1
M	TCAAGACCAGCAACGA-1	GNLY	1
M	GCACCTTCACTGTTAG-1	KIR2DL4	2
M	TCTCAGCGTGAGTAAT-1	NCAM1	1
M	GCAAAGGAGCAATGTA-1	PAX5	2
M	CGCAATATCCCACTTG-1	PAX5	2
M	ATGTTTCCATGTGAGG-1	THEMIS	4
M	TGACAACCATACCCGG-1	KLRD1	3
M	ATGTTTCAGTTGGAAT-1	CLEC9A	2
M	AGGCCCACAGGATAGC-1	CD6	1
M	TAATCGGCACAGATGG-1	CD6	1
M	ACTGTCCAGGTTACAA-1	CD160	2
M	CAAGCTAAGGCAGTAC-1	CD160	1
M	ACGTGGCAGGCGCTTC-1	EBF1	4
M	GTAGGAGAGCTCCATA-1	EBF1	1
M	TTCGTTATCTTAACGG-1	VCAN	1
M	AGTGCCGTCTGGCGCA-1	KIR2DL4	2
M	CGCTATCGTAAGCCTT-1	ITGAM	3
M	CAGCTAATCGCGCTGA-1	SH2D1B	1
M	AGCCTGGGTTGAAGCG-1	CD28	1
M	TTAACGGTCTTAAGCG-1	MERTK	1
M	GTGCTGGAGATCACCT-1	EPCAM	1
M	TTCAACTCAGGTAGCA-1	NCR1	1
M	CATTCCGCAACGTACT-1	CDH1	3
M	GTCACTCAGAGCGAAA-1	CDH1	1
M	CATGCCTCACCCTTTG-1	CD4	1
M	AAGGTTCAGAAGCCTG-1	VWF	1
M	ATAGGCTAGCGATACG-1	CD6	2
M	GGATGAGAGGTGTTGG-1	CD160	2
M	AGGCCCACAGGATAGC-1	THEMIS	1
M	GTCACCTAGTAACTCC-1	BANK1	3
M	TCAATTCAGACTAGGC-1	TXK	1
M	ACTACCCCAAACGACG-1	ZBTB46	1
M	GGCGTTGAGTTACCAC-1	MERTK	1
M	GCATTGATCGATAGGG-1	PRF1	2
M	CCAATGAGTTAACCGT-1	PRF1	1
M	AACATCGGTATTCTTC-1	EBF1	5
M	TCAGGGCGTCCAAGTT-1	EBF1	1
M	TTATGTCCATTACCTT-1	EBF1	3
M	TTACCCGGTCAGTGTT-1	EBF1	1
M	TCTCAGCAGCTTCAAC-1	IL7R	1
M	GGAGAACTCTCTGTTA-1	TXK	1
M	CTACTTAAGGGACGTT-1	EOMES	2
M	GTGACATGTGCACATT-1	MERTK	1
M	ACAATCGTCTATGAGC-1	KIR2DL4	1
M	TCAGTTTAGCTGAGGT-1	KLRF1	1
M	AGGCCTGAGTCAGGAC-1	NCAM1	1
M	GCCTAGGAGTGGTGTG-1	NCAM1	1
M	GCACGCAGTTGAAGCG-1	MS4A1	1
M	TGTGGCGAGAAGCCGT-1	CD1C	1
M	AGCTATGCATGCTATG-1	ITK	1
M	CACCACTAGCACACCC-1	ZBTB46	1
M	AAGATAGAGCCAGAAC-1	KIR2DL4	1
M	TCACCACGTGGAAGCT-1	CDH1	1
M	TTAACGGTCTTAAGCG-1	KLRF1	1
M	GTTGGGCAGGCTCCTG-1	CD6	2
M	AAGATAGAGCCAGAAC-1	CSF1R	1
M	TCGCCTAAGAATGCTA-1	NCR1	2
M	GGTGCTGAGGCAGATC-1	NKG7	2
M	GTCACCTGTAACATAG-1	NCAM1	1
M	AGCCCGACAGGTGGTA-1	NCAM1	1
M	CTGTTCGAGTAATCAG-1	PRF1	1
M	AACCGATTCGTGGTAT-1	THEMIS	3
M	CCTTGGTTCGGTTCCT-1	ITK	9
M	GTCACAAAGTAGGTCG-1	ITK	4
M	AGTGCCGAGTCGACCC-1	NKG7	1
M	TAATTCCGTCACTCTC-1	CD68	1
M	AACTGGTTCCTAGAGT-1	KLRD1	5
M	TGGACATGTTGGTAAA-1	LCK	1
M	GGCACGTGTGGTAGAC-1	DCN	1
M	AGCCTCTCAAATAGTG-1	KLRD1	1
M	CCTGGGACAGAACGAC-1	CLEC9A	1
M	TCAGGGCCATGGCCCA-1	SH2D1B	2
M	AGATTCGAGTGCACAG-1	PAX5	2
M	CTACTTAAGGGACGTT-1	SKAP1	5
M	TCACAGACATCCTCGT-1	DCN	1
M	TTTACGTAGTCTGCTA-1	KLRD1	1
M	CCCTGATCAACACGGA-1	CD3E	1
M	GTAGACTTCTCTCAAT-1	SPI1	4
M	TCGATTTGTCAAATCC-1	PRF1	4
M	GGTAGGAGTGCACTTA-1	EBF1	2
M	TCGGGACGTCCGTAGC-1	CD68	1
M	GGGCCATAGGGCATTG-1	VWF	1
M	ACGTTAGTCCATTGTT-1	THEMIS	5
M	ACAAACCGTACCAAGG-1	THEMIS	1
M	CCACGTTTCCATGTTT-1	EBF1	2
M	ATCCTCGGTTTCTACT-1	CD14	1
M	TTAACGGCAGTTACAC-1	COL1A1	1
M	TTCGATTTCCCTACCA-1	ITK	4
M	GCTGTTCAGGAAGGTA-1	VCAN	1
M	GGCGTTGAGAGCCACA-1	CD79A	3
M	GAAGTGGGTCCCGAGT-1	COL1A1	1
M	ACCAAACTCTACATCT-1	KLRD1	1
M	ATTTGTCCACCTGAAT-1	CD3D	1
M	CCAGATAAGAGATTAC-1	ITK	1
M	AGCCAGCGTGCACATT-1	VCAN	2
M	GGTGTCGCACAAACAA-1	BANK1	3
M	GGGAACACAGTCAGCC-1	ZBTB46	1
M	CGTTCCATCCGGAAAG-1	GNLY	2
M	GCAGCTGTCTCTGAGA-1	NKG7	1
M	TTGTCTACATCCTGGG-1	COL1A1	1
M	AACGGGAAGGGACGTT-1	COL1A1	1
M	GAGATTCGTCTCTGGG-1	SKAP1	1
M	ACGTGGCCAAGGTCGA-1	IRF8	1
M	CCGTAGGAGGCGACTA-1	KLRC1	1
M	CACAACACAACGTAGG-1	CD3D	1
M	CAGTGTATCAAGAGAT-1	VCAN	1
M	CCATACCAGGCTCCTG-1	BANK1	1
M	TAGACTGCATATTGGC-1	BANK1	2
M	ATGCATGAGCTCGTTA-1	TXK	3
M	ATGTCGAAGAGCCACA-1	MARCO	1
M	ATGTCGAAGCCCATGC-1	CD4	1
M	GGAACTTGTAACTGAA-1	NCAM1	3
M	AACCTGACACATCATG-1	PRF1	2
M	TGGTCCTAGTGAGCAC-1	TXK	1
M	TCACCTGAGTAGTCGG-1	MERTK	1
M	CGTAAACTCGCATAAC-1	NCR1	1
M	GGTGCTGAGAACGTCG-1	KLRD1	1
M	AATACGCGTCTCGGGT-1	CD14	1
M	TAAGCCAGTGATGCGA-1	BANK1	1
M	AGCTGGCCACCGAAAG-1	TXK	1
M	GAATCTGTCCCACTTG-1	EOMES	1
M	ACCTGCTTCACTAGGT-1	CD28	2
M	TAACAGCCATAGCAGG-1	SKAP1	6
M	TGGTCCTGTAAACGAT-1	DCN	1
M	ATTACTCCACTTGCGG-1	CD3E	1
M	GCGTAGCAGAAGCCGT-1	NCAM1	2
M	TACTAGGCACTGCTTC-1	SPI1	1
M	TCACAGACAAGGTCGA-1	SH2D1B	3
M	TACCTATGTTTAAGGA-1	CD160	1
M	GACTAGTGTTACGCTA-1	THEMIS	1
M	TAACGGTGTCAGAAGC-1	VCAN	2
M	ATTGTGGCATCCATAG-1	ZBTB46	1
M	TTACGGAAGCTCCATA-1	MERTK	1
M	ACTGCGGTCCAATCCC-1	EPCAM	1
M	AGTTTGGGTGGACAGT-1	TXK	6
M	TTACGTTTCGAGTGTT-1	ZBTB46	1
M	CTACTTAGTACGAGAC-1	NCR1	1
M	AGTCCGGTCCTAGAGT-1	KIR2DL4	1
M	GTACTTTGTGTCTACA-1	FLT3	2
M	GTTACTTTCATGAACC-1	KLRD1	1
M	GGTCATAAGAACTCCT-1	KLRD1	2
M	ACTAGGTTCAGAACGG-1	VWF	1
M	AGCGTGCAGACAGTGC-1	NCAM1	5
M	GCAGCTGTCCAAGTCA-1	PRF1	1
M	CTAGGGCTCGAACCGC-1	CD160	2
M	CCCGTTACAACAACTC-1	PAX5	5
M	CAGCTGGGTCGCTAGC-1	ITK	3
M	TTGGTCCAGACCTATC-1	ITK	2
M	CCTTAATAGGTTAGTA-1	BANK1	3
M	AGTCCGGTCCTAGAGT-1	BANK1	2
M	ACTGTCCTCCTCATTA-1	TXK	2
M	GGAACTTCAGATTAAG-1	NKG7	1
M	AGTGCGCCACAATAAG-1	NKG7	1
M	TGCTATTCAAAGGCCA-1	COL1A1	1
M	AGATTCGAGTGCACAG-1	KLRD1	4
M	TGCATTTCATTACTCT-1	CD3E	3
M	TAATTCCTCACGATTG-1	PRF1	2
M	GCAGCCATCCATCTAT-1	EBF1	2
M	CATTCATAGTGGTGTG-1	CD79A	3
M	AGTTACGGTTCTTTCA-1	PECAM1	3
M	ACAATCGCACGCTAAT-1	PECAM1	1
M	TGTAAGCTCCCAGCAG-1	IRF8	1
M	CCAATGAGTTAACCGT-1	KRT18	1
M	TAAGTGCAGCTTACCA-1	NCAM1	1
M	ATGTCTTGTTGGTAAA-1	PRF1	1
M	GTGCTGGAGCTACGTT-1	EBF1	5
M	ACAGCGCTCCTTCGAC-1	ITK	9
M	CTACTTAGTTCTACCC-1	CSF1R	1
M	GTAGACTTCTCTCAAT-1	CSF1R	2
M	CTTCTAATCGGGATCC-1	CD14	1
M	CACTGAATCGTGATAC-1	TXK	1
M	TAGTCCCCACAGTAGG-1	CD8A	6
M	GTAGGAGGTCCGTGCA-1	KIR2DL4	1
M	GCTTAAGAGGTCTTTG-1	IRF8	2
M	ACGTGGCAGCTGAGGT-1	CDH1	2
M	CGTAAACTCATAGGTC-1	FLT3	1
M	CACCACTGTACAACGG-1	CD6	1
M	CCTTGGTTCAGTGGTT-1	LCK	1
M	TATGTTCCAATTAGGA-1	EPCAM	1
M	ACAAAGATCCAGCACG-1	NKG7	2
M	GCTTAAGGTTACACTG-1	PECAM1	3
M	AGCGTATCACTAGCCG-1	KRT8	1
M	TAATTCCTCACGATTG-1	NCAM1	5
M	AGATTCGAGTGCACAG-1	EBF1	2
M	CATAACGCATATAGAG-1	EBF1	1
M	GACCCAGGTACGTATC-1	VCAN	1
M	AACTTGGTCGCGTGAC-1	TXK	1
M	AGCCGCATCGTGGTAT-1	KRT8	2
M	CGGACCAGTTTCAGCA-1	KLRD1	2
M	TTCAACTTCAGTCAAC-1	LCK	2
M	GTGCACGAGACGACTG-1	PAX5	5
M	CACATGATCAGGATCT-1	THEMIS	1
M	GATTAGCCAATTCAGC-1	ITK	5
M	ATTGTCTGTCTAACCA-1	ITK	5
M	CTAGGATTCTCTGTTA-1	TXK	1
M	AGACAAATCTGACATG-1	NKG7	1
M	TGGCCTTGTTTGCATG-1	SPI1	1
M	CGGACCAGTTTCAGCA-1	ITK	2
M	TAATTCCAGAACCATA-1	BANK1	2
M	ACTACGAAGCGCCTAC-1	TXK	1
M	CGAGTTAGTACTTCAG-1	GNLY	1
M	CTGGGACCAACCTCCT-1	SKAP1	2
M	TATCTGTTCTGGGCGT-1	KLRD1	2
M	GTCTACCCAGGCACAA-1	CD6	1
M	ACAGCGCTCCATGACA-1	THEMIS	1
M	GTAGGAGCAAGCAACG-1	BANK1	2
M	CTGTATTAGTGATTAG-1	TXK	9
M	CAGTATGAGAGCCACA-1	CD8A	1
M	CCTTAATGTTTAGGAA-1	NCR1	2
M	GGATGAGCAAGTGGCA-1	NCR1	2
M	GCGGGTTTCACTCCCA-1	KIR2DL4	2
M	GAGGCTCTCTGATCTT-1	CD79A	1
M	TGTGGCGCATTAGCCA-1	SKAP1	1
M	TCCCACATCGCCTTAC-1	KLRD1	2
M	TGACTCCTCTTTGCAT-1	CLEC9A	1
M	TGGTCCTGTGCGCATC-1	VWF	1
M	CCTTAATTCTCGCGTT-1	CD6	1
M	CAGTATGGTTGGCTTA-1	BANK1	1
M	ACAAGCTGTAACTCCA-1	CD79A	1
M	GAAAGTAAGGCGATTG-1	CDH1	4
M	GTGTCCTCAAGATTAG-1	KLRD1	4
M	GACCGACTCGCAAGCC-1	NCAM1	1
M	TGCATGACACCTGAAT-1	PRF1	3
M	AAAGGATTCCAGTACA-1	LCK	3
M	ACAGCGCTCCATGACA-1	PAX5	1
M	ACCAAACCATTCACGA-1	EBF1	14
M	TTAGGTGTCTCCAACC-1	NKG7	2
M	ACCTGCTTCTCTGACC-1	COL1A1	1
M	GGGACCTAGAGCACTG-1	ITGAM	1
M	TGACAACTCGCCGAAC-1	KLRD1	3
M	GCCATAACAGCGTCGT-1	VWF	2
M	CTCTCAGCAGACTAAA-1	PRF1	2
M	TGCTTTAGTCCAAGAG-1	FCN1	1
M	ATATTCCGTTTGCCCT-1	THEMIS	3
M	TTCGGTCAGTTCGTTG-1	ITK	3
M	CATTGGATCTTCGTTA-1	ITK	4
M	TGCTCGTGTATGGGTG-1	TXK	4
M	GGTGCTGGTGCTGAAG-1	TXK	1
M	TGATTTCAGGAGTACC-1	KLRD1	6
M	GAAAGTAGTAACGGTG-1	KLRF1	1
M	AAGGTTCAGAAGCCTG-1	NCAM1	1
M	ACTGTCCGTCACCCGA-1	CD5	2
M	GAACGTTGTTAGGAGC-1	MRC1	1
M	AACAAAGTCGAACACT-1	ZBTB46	1
M	GGTTGCGTCTCTTAAC-1	CD8A	2
M	GGTTGCGTCATTCATC-1	TXK	1
M	AATGTCGTCTCTGCAC-1	CD79A	1
M	GTGGCGTTCTTCCAGC-1	SKAP1	2
M	TTGCACCCAGGGTAAC-1	KLRD1	4
M	TTGAGTGCACACTAGT-1	KLRD1	5
M	TAAGCCAGTGATGCGA-1	KLRF1	1
M	AGATTCGTCCTGAAAC-1	PRF1	2
M	TATGTGGCACCGTCTT-1	ITK	3
M	AAACTCGCATTCTCGC-1	CD79A	2
M	GGAGGATTCTTGCGCT-1	PECAM1	4
M	TCGGGACTCGGCAATT-1	SKAP1	4
M	AAAGGGCCAACTCGAT-1	CD160	1
M	TACTAGGTCTTACTCA-1	BANK1	1
M	CCTGGGATCGTCTTAT-1	NKG7	1
M	TTCGGTCCAAGGAAGA-1	CD79A	2
M	CCCTAGTGTCCAAGAG-1	LCK	1
M	TGAATCGCATTACACG-1	VCAN	1
M	GCATGATTCGAGAACG-1	BANK1	8
M	TTACCGCCACTAGGAG-1	BANK1	5
M	TCACAGACACTGATAC-1	TXK	1
M	TCAGGTAGTGCGCTCA-1	EPCAM	1
M	GTGGATTAGTAGTCGG-1	IRF8	2
M	GCTGAGCGTGCAAGCA-1	CD3D	1
M	CAGGATTAGATTCCGT-1	PRF1	1
M	GCAAAGGAGCAATGTA-1	TXK	1
M	TTTGTGTGTTCCATCC-1	CD28	1
M	TGCTTTAGTCCAAGAG-1	CD79A	3
M	CTGTATTAGTGATTAG-1	KLRD1	4
M	TTACCCGCACTAGGAG-1	KLRD1	12
M	GACCAATAGCACACCC-1	LCK	3
M	ACCATCCAGATGTTCC-1	SFTPC	1
M	TAATCGGGTCTAACCA-1	THEMIS	1
M	TTTGGCCTCAAAGTAG-1	CD28	2
M	CCGTACTGTGCCGGTT-1	IRF8	1
M	TAGTCCCCACAGTAGG-1	VWF	3
M	GCCTACTCAGATACAA-1	CD3E	1
M	CCCTAGTAGAGCTACG-1	CD6	1
M	GCAGCCATCCATCTAT-1	SH2D1B	1
M	GGAATCTTCCCTAAAG-1	EOMES	2
M	TCCCACATCGCCTTAC-1	EOMES	1
M	CCCTAGTAGAGCTACG-1	ZBTB46	1
M	CGTTCCAGTTATCGAC-1	EPCAM	1
M	GATTAGCTCGGGATCC-1	DCN	1
M	ACAGCGCCAGTCAGCC-1	CD160	1
M	AACAAAGTCGAACACT-1	PAX5	2
M	GTTACGAGTGCGTCCA-1	ZBTB46	2
M	GCTGCGAGTCATAAGA-1	CD6	1
M	TACATTCAGTCGTGAG-1	PAX5	1
M	GTAGGAGCATCCATAG-1	ITK	4
M	TTGAGTGCACACTAGT-1	GNLY	3
M	TCCATCGAGGGAGTTC-1	IRF8	1
M	AGGACGAGTCAAGACG-1	CDH1	3
M	AGCCTGGGTTGAAGCG-1	CDH1	1
M	GGATGAGAGGTGTTGG-1	FLT3	1
M	TGGCCTTGTTTGCATG-1	KLRD1	2
M	TGGTCAATCGGTAGGA-1	CD3E	1
M	GATCGTAAGAACCCGA-1	PRF1	1
M	AGCGATTGTAACGGCA-1	LCK	1
M	GCAGCCAAGCTTACCA-1	EBF1	5
M	AATGTCGTCTCTGCAC-1	TXK	2
M	CTCAGAACATTTGGCA-1	GNLY	1
M	ATGTACGGTCATAGCT-1	FLT3	1
M	TAGTCCCCACAGTAGG-1	KLRC1	2
M	GGGTCTGCACTCAAGT-1	KLRD1	2
M	GACCGACCATAAAGTG-1	KLRF1	4
M	GTCACTCAGAGCGAAA-1	BANK1	3
M	TACAGCAGTGTGAGGT-1	EOMES	1
M	TTCAACTCAGCAACAG-1	CD79A	2
M	AAAGGATTCACATTCT-1	KLRF1	4
M	TACGCAACATGGCCGT-1	NCAM1	1
M	ACCCAAATCTTGTGCC-1	PRF1	1
M	AATGGCTAGTAGTTCC-1	SH2D1B	2
M	TTGTTGTTCCCTACGT-1	ITK	1
M	GGTGAAGGTGCTTGAT-1	BANK1	1
M	TAGGTGTCAGTGGTCC-1	TXK	2
M	TTAACGGCAGCAATGG-1	TXK	1
M	AAACTCGGTGACCAGA-1	ZBTB46	1
M	GGTTGCGTCTCTTAAC-1	ZBTB46	2
M	TCCGACTAGTGCTCGC-1	NCAM1	1
M	GAATCTGAGCTACGTT-1	THEMIS	1
M	TGGCCTTGTTTGCATG-1	EBF1	13
M	GGTACCGAGAACAGGA-1	ITK	1
M	ACATGGTCATGTATCG-1	ITK	4
M	GTTGGGCAGGCTCCTG-1	BANK1	2
M	GGGTTATTCCACACCT-1	ZBTB46	1
M	CCTAAAGAGTAATCAG-1	ZBTB46	4
M	TCGCCTATCCTTCGAC-1	KIR2DL4	1
M	GCCTAGGTCTGGCACG-1	NCAM1	1
M	TGCTTCGGTCTCTAAG-1	PRF1	2
M	CATAACGAGCGAATAT-1	SH2D1B	1
M	CAGCTGGGTCGCTAGC-1	LCK	1
M	TGGCGCAAGCTGAGGT-1	BANK1	1
M	ATCCAGATCCTTGACC-1	CD79A	1
M	ATCCAGAGTTTCGTTT-1	IRF8	1
M	CACTAAGAGCTCCGGT-1	PRF1	2
M	CCATACCAGGCAGTAC-1	LCK	1
M	ACAAGCTGTAACTCCA-1	EBF1	3
M	CGGACCATCAATTCCT-1	EOMES	3
M	TTCAACTCATTACTCT-1	GNLY	2
M	TATGTTCTCGGTTCCT-1	CD68	1
M	AGGCGTCGTTAAGTCC-1	CD3E	1
M	TAACAGCGTTGCAGAG-1	NCAM1	1
M	ATGTCTTCATTGCCTC-1	CD160	1
M	TTCAACTCAAGCGAAC-1	LCK	1
M	CAGCCTTAGAACCATA-1	BANK1	2
M	AATGCCAGTAGGTGAC-1	TXK	2
M	TTCATCATCACAAGCT-1	EOMES	1
M	CCGAAGCCAACCTCCT-1	GNLY	5
M	CACAGATAGTCGAGCA-1	GNLY	1
M	GTAGTACCATGGCCTG-1	GNLY	1
M	CAAAGCTAGTTCAGGG-1	PECAM1	3
M	TTACGTTTCGCGGCAT-1	KLRF1	1
M	TCAATTCAGACTAGGC-1	NCAM1	2
M	TACGCAAGTCAGAGTG-1	PRF1	5
M	ACAAACCAGACGCCCT-1	EBF1	2
M	AAGGAGCCACGATTAC-1	BANK1	1
M	GTCACTCAGAGCGAAA-1	EOMES	4
M	ACATGCAGTATTTGCG-1	SKAP1	3
M	TGACAACCATACCCGG-1	IRF8	1
M	GCGGAAATCTCGCGTT-1	IRF8	1
M	TTTGTGTGTTTGTCTT-1	NCAM1	2
M	TTGCACCCATCCGTAA-1	PRF1	1
M	GGCGTTGGTTCTGAGT-1	MRC1	1
M	TTGCCCAGTCAACGGA-1	SH2D1B	1
M	ATGTCTTCATTGCCTC-1	LCK	4
M	GTGTCCTAGAGCTGTG-1	LCK	1
M	CACATGATCGCCACTT-1	THEMIS	1
M	GGTTGCGAGGCCTCTG-1	EBF1	1
M	CAGTATGTCTTACGGA-1	BANK1	3
M	AATGTCGTCGCTTACC-1	CD28	2
M	CATGCCTCACCCTTTG-1	CD79B	1
M	CATAACGCAACGAGGT-1	CDH1	1
M	GTGGATTCAGTAACCT-1	VWF	1
M	CTACAGAAGTGGACGT-1	PRF1	2
M	TGTAAGCGTCCGTGCA-1	EOMES	1
M	CCCTAGTAGAGCTACG-1	CD8A	1
M	TTACCGCGTCAACTGT-1	GNLY	1
M	CGCTGGATCACTCCCA-1	EPCAM	1
M	TCGTTCGCAGTTACAC-1	KLRF1	1
M	AGTTTGGCAAGACTAA-1	PRF1	2
M	AATACGCAGTCCAGAG-1	THEMIS	1
M	AGCCTTCGTAAACGTA-1	ITK	3
M	ATTTGTCTCCTCAAGA-1	ITK	1
M	ATCCCTGGTCCTTATT-1	CSF1R	1
M	TGATTTCCAATCATCG-1	GNLY	1
M	AGTCCGGTCCTAGAGT-1	GNLY	2
M	AATGCCACAGCGTACC-1	GNLY	2
M	CCACAGGTCAGGAAGC-1	IRF8	1
M	CCTAAAGGTCACCCGA-1	NCAM1	4
M	CTTTGCGGTCATAGAA-1	PRF1	1
M	GTGACATGTGCACATT-1	IL7R	3
M	GGACACCTCTAAACGC-1	BANK1	2
M	TGATGCACACATTCTT-1	BANK1	3
M	TTAACGGCAGTTACAC-1	TXK	3
M	ACGTTAGAGTTACACC-1	TXK	1
M	TTGTCTATCTCCACTG-1	GNLY	1
M	TCGTTCGCAGTCCTGG-1	GNLY	3
M	TACATGGAGCTAACAA-1	NCR1	2
M	TACTAGGGTTCTGATG-1	NKG7	1
M	CTGCTCACACCAAGGA-1	NKG7	1
M	TGTGGCGCACATTCTT-1	NKG7	2
M	TTCGGTCTCGCTACCT-1	PECAM1	1
M	AGCGTGCAGTGTCACT-1	IRF8	1
M	TTTGGTTCAGGTCCTG-1	CDH1	1
M	CATGCCTAGGGAGTTC-1	KLRC1	5
M	CACATGAGTCAGTGCC-1	KLRF1	1
M	TATGTTCTCAAAGTAG-1	VWF	2
M	TATCTGTCATCGTACA-1	PRF1	2
M	GTCACGGAGTCCGGAA-1	EBF1	1
M	AATACGCTCAAGTTGC-1	CD8A	1
M	GCAACCGTCCTCCCAA-1	CDH1	1
M	GACCGACGTATGCTAC-1	VWF	1
M	CCCTGATAGATACCAA-1	CD6	1
M	TGGAAGGAGACTTGAA-1	CD6	1
M	GTGACATCAATGGCTT-1	PRF1	1
M	AATGGAAGTGATGCTT-1	PAX5	1
M	TGATTTCTCCTCTCTT-1	ITK	5
M	ACTTCCGGTGTCCAGC-1	CSF1R	1
M	TCGGGACCAATGGTAA-1	CD14	2
M	AAACGAAAGCGGACAT-1	IL7R	5
M	TGTGACATCGGCAATT-1	NCR1	3
M	GCGATCGCAGCAACAG-1	SKAP1	2
M	CTCACCATCCACTAGA-1	LUM	1
M	CGCAGGTTCTGAACGT-1	CD3E	2
M	GCTGAGCGTTTGCCAA-1	PRF1	3
M	GTGTCCTCAAGATTAG-1	LCK	2
M	GAACGTTTCTCCTTAA-1	PAX5	1
M	TACGGATCACCAAGGA-1	SFTPC	2
M	ATCCAGATCCTTGACC-1	THEMIS	2
M	ACGTTAGGTAGCGAGT-1	LUM	1
M	CACTAAGAGCTCCGGT-1	CLEC9A	2
M	TAGTCCCCAATTCGTG-1	CD4	1
M	TTATGTCCATTCCCGT-1	PRF1	2
M	AGTCCGGCACAAGTGG-1	SH2D1B	1
M	GAAGTGGGTCCCGAGT-1	PAX5	1
M	CTAGGATCAAGATGCG-1	SFTPC	1
M	ATAGTCGAGTCCGATT-1	THEMIS	3
M	TTGACGAGTTACCACA-1	BANK1	1
M	TTCATCAAGAGCCACA-1	GNLY	1
M	GTCACGGCACTACACA-1	CLEC9A	1
M	TTACCCGCACTAGGAG-1	NCAM1	3
M	TAACGGTTCGTCTTAT-1	LCK	1
M	TGAATCGCATTACACG-1	CD14	2
M	ACAATCGTCTATGAGC-1	ITGAM	1
M	CCACGTTTCCATGTTT-1	KLRC1	1
M	GGGCCATGTGCCCTAG-1	ITK	2
M	GCTGTTCCACAGTAGG-1	TXK	2
M	GTTACGAGTGCGTCCA-1	TXK	1
M	AACTGGTAGCACCATT-1	EOMES	3
M	CGTTCCATCGATAGCT-1	KLRF1	2
M	TACTAGGCATTACCTT-1	VWF	1
M	TCAATTCAGTGCACAG-1	SPI1	1
M	CACCACTGTTCTTTCA-1	PRF1	1
M	GTCACTCAGAGCGAAA-1	MRC1	2
M	TGGCAATCATACTGCA-1	PAX5	3
M	GGAGAACTCACTCCCA-1	EBF1	1
M	AGTTTGGCAAGACTAA-1	ITK	1
M	AGCGTGCTCTTCTTCC-1	IL7R	3
M	ATGTCGAAGCCCATGC-1	TXK	4
M	CGTAAACGTTCCGGCA-1	TXK	4
M	TGGACATAGTCGAGCA-1	NKG7	2
M	CTCTCAGGTAGCATGG-1	KRT18	1
M	GGATGAGCAAGTGGCA-1	KLRD1	11
M	GCGGGTTTCGGATCGC-1	KLRD1	5
M	GTCACAAAGTAGGTCG-1	CD8A	1
M	AGGCGTCTCGATTACG-1	PECAM1	2
M	GGGAACACAGTCCTGG-1	COL1A1	1
M	GTGACATGTGCACATT-1	CD5	1
M	AAATGAGGTATCTCAG-1	ITK	1
M	AGCCTGGGTACGGAGT-1	BANK1	1
M	GTGTCCTTCATTGCCC-1	SKAP1	1
M	GCAGCCATCAGTAGTC-1	CD4	3
M	TTGTTCAGTCCTTCAC-1	VWF	2
M	GTGCTGGAGAGCTGTG-1	PECAM1	2
M	TGCTTTAGTTCCGCGA-1	KRT8	1
M	TGCCTGTGTACATGGG-1	KLRD1	3
M	TGGTCAATCGGTAGGA-1	EBF1	1
M	CCTTGCACAGGTCCTG-1	ITK	2
M	TCAATTCTCTTTATCG-1	VCAN	2
M	CAAGCTAAGGCAGTAC-1	SKAP1	1
M	GAGGCTCGTTCTGAAC-1	CDH1	1
M	GCCCAGACAGTAGGCA-1	DCN	1
M	GAACGTTTCTATACCT-1	NCAM1	1
M	TTTGGCCCACAGTTAC-1	PRF1	1
M	CGCTGGAAGATGAGGA-1	LCK	6
M	CACAGATAGGGTCTGA-1	THEMIS	3
M	GACCCAGGTTGAATAG-1	EBF1	3
M	GGAGTAGAGTCTGGGA-1	ITK	4
M	GCAACCGTCCTCCCAA-1	BANK1	5
M	GTCACTCTCAGTCACA-1	IRF8	1
M	GTAGGAGGTATCAGCT-1	VWF	2
M	CCAATGAAGGGTTCCC-1	SH2D1B	2
M	GTCACCTGTGAGTTGG-1	TXK	1
M	TTGACGAGTTACCACA-1	MARCO	1
M	GGATGAGCAAGTGGCA-1	CD8A	2
M	CGTAAACCATCACAAC-1	GNLY	1
M	CTCTACGAGTCTCCAA-1	KIR2DL4	1
M	CTGGGACCAACCTCCT-1	NKG7	1
M	TCCATCGGTCTCTGGG-1	PECAM1	1
M	TCTATTGGTGGACAGT-1	KRT18	1
M	GCGGTGTTCTACTTTG-1	PRF1	3
M	CTAGGATAGGGTGTTG-1	PRF1	2
M	CGCGCAAGTAGGTCTT-1	SH2D1B	1
M	GCGGAAAAGCGCCTAC-1	THEMIS	1
M	CTGCGTTCAACAACTC-1	TXK	3
M	ATGTCTTGTTGGTAAA-1	NCAM1	2
M	GTTATGGTCCTCTCTT-1	MRC1	3
M	GTTATTCAGAGGCAGG-1	ITK	5
M	AAGGAGCGTGGGTAGT-1	TXK	2
M	AGCTGGCGTAGCATGG-1	MERTK	1
M	TGTGGCGCATTAGCCA-1	KLRF1	3
M	ACAATCGTCCTTCGAC-1	KLRF1	1
M	TGGACATTCTTACTCA-1	NCAM1	2
M	TAAACCGGTGGTCGAA-1	ZBTB46	1
M	TTCAACTCAAGCGAAC-1	GNLY	1
M	CACCACTGTTAGAGAT-1	PRF1	1
M	CCTTAATCAAAGGCCA-1	CD160	1
M	TCGGGACCAATGGTAA-1	TXK	2
M	CAGCCTTTCGTGGTAT-1	GNLY	1
M	ACAAGCTCAAATGCTC-1	NKG7	2
M	CTGGCAGGTCATCGTA-1	SKAP1	5
M	TTCTGTAAGTTGCGCC-1	SH2D1B	2
M	CTGGGACTCCATATCT-1	FCN1	1
M	TCAAGCAGTACTTCAG-1	BANK1	3
M	CAAAGCTCAAGCAATA-1	BANK1	7
M	AAAGATGGTTCCTATT-1	BANK1	1
M	GGTTGCGGTGGTCGAA-1	TXK	3
M	CAACGTATCCAGTTAG-1	PRF1	1
M	AGCCTCTTCGGTTCCT-1	PAX5	1
M	GTCACAAGTTCTGATG-1	TXK	4
M	GCCAGACTCCGTACGG-1	NCR1	1
M	CCCTCTCAGCTCCATA-1	KIR2DL4	1
M	TACTCGCTCACTCGGG-1	ITGAM	2
M	CTCCCAATCACAGGGA-1	KLRD1	1
M	CCCACATAGTCTAGAA-1	VCAN	3
M	CTGGCAGGTCATCGTA-1	TXK	5
M	GTCCATCGTGAGGGTT-1	KLRD1	1
M	ACATGCAAGACTCTTG-1	VWF	2
M	GTAGACTAGAAGCCGT-1	NCAM1	1
M	ATCGAGTCATAGATAG-1	MRC1	4
M	ACGTGGCAGGCGCTTC-1	LCK	1
M	TGGCGCACACCCTTTG-1	ITK	1
M	TAATTCCGTCACTCTC-1	CD14	1
M	GCGCCAACAAGTAACA-1	BANK1	5
M	TTCATCAGTTGTATCG-1	CD28	1
M	CACCTTGGTCATCAAC-1	KIR2DL4	2
M	GCGGAAATCTACTGCC-1	COL1A1	1
M	TAGACTGAGATCTCAC-1	KLRD1	3
M	AAACGAAAGCGGACAT-1	VWF	1
M	TAACGGTTCGTCTTAT-1	THEMIS	1
M	GGAACCCGTCCGAGCT-1	BANK1	2
M	TTGAGTGAGTACGCGA-1	EOMES	1
M	GTACTTTCAAGATGCG-1	KIR2DL4	3
M	ACGTGGCCAAGACTAA-1	COL1A1	7
M	TGTAGCAAGTCCCGCA-1	SKAP1	2
M	TTACGTTCAGCAACAG-1	IRF8	1
M	TCAGGGCTCTGGTACA-1	KRT8	1
M	CGTACAACATCCGTAA-1	KLRD1	4
M	ATCGAGTTCCTAAGTG-1	NCAM1	14
M	CGCAGGTTCTGAACGT-1	PRF1	1
M	GGAATCTAGTCTGTGT-1	NCR1	1
M	TTACGTTCATGGTAAA-1	CD79A	1
M	AACATCGAGTACGCGA-1	KLRD1	4
M	AACGTACGTTTGAAGA-1	KLRD1	3
M	TAATTCCGTCACTCTC-1	KLRF1	2
M	CTAGGATTCTCTGTTA-1	SFTPC	1
M	TATCGAGAGATGTTGA-1	IL7R	4
M	GGCATTATCCAGTACA-1	BANK1	2
M	CCTGCTACAAGCAATA-1	KIR2DL4	1
M	GAGGCTCGTTCTGAAC-1	PECAM1	2
M	GCGTAGCTCACGTGTA-1	COL1A1	1
M	CGCAATACAGACTAAA-1	MRC1	4
M	TACAGCATCACACGTA-1	SH2D1B	3
M	CAGCTGGCATTGTGAC-1	THEMIS	1
M	TTGACGAGTTACCACA-1	ITK	1
M	GAAGTCTAGTAATCAG-1	VCAN	1
M	AACAAAGAGCGCCTAC-1	MERTK	1
M	GTGACATGTTTGCATG-1	CD79A	2
M	CAACGTAGTCTGAGCC-1	CD79B	1
M	GCTGTTCCATCCCAAA-1	KLRD1	11
M	AGATTCGTCCGTGCGA-1	KLRD1	2
M	GGTAGGAGTGCACTTA-1	KLRF1	1
M	ACAAGCTCAAATGCTC-1	CD3G	1
M	ATTACTCCACCCTTAC-1	ITK	7
M	TTCGGTCTCTTTATCG-1	EOMES	2
M	CCAGATAAGAGATTAC-1	ZBTB46	1
M	GCGTAGCCAATGACTC-1	ZBTB46	4
M	ATCCAGAGTTTCGTTT-1	ZBTB46	2
M	CCGTAGGAGGCGACTA-1	CD28	1
M	GTCACTCAGAGCGAAA-1	MERTK	1
M	GGGACCTAGAAATGGG-1	IRF8	2
M	CGATGATTCCTCAAGA-1	KLRC1	1
M	GACCCAGGTACGTATC-1	KLRD1	4
M	AGTCAACTCCGGAAAG-1	CD6	1
M	ACAAAGAAGGGACGTT-1	PAX5	1
M	TTGAGTGGTGAGTAAT-1	THEMIS	5
M	TGTGTCCTCGTCCCAT-1	THEMIS	4
M	GTCACGGCAACTACTG-1	CD28	1
M	TTCGTTATCCGCGATG-1	GNLY	1
M	TGTTAGGTCCAATAGC-1	CD6	1
M	CGCTATCTCAATCGTG-1	PRF1	2
M	AACGAGGAGCAACGGT-1	EBF1	1
M	GAAGTGGGTCCCGAGT-1	ITK	8
M	TACATTCAGTAACACA-1	BANK1	1
M	CACATGATCAAGGCAG-1	TXK	1
M	ACTTCCGCACAGCTTA-1	CD28	2
M	GGATGAGCAATCCATG-1	CD8A	3
M	GGAGGATTCTAGCAAC-1	KIR2DL4	2
M	GCATTGAAGACTTCCA-1	PAX5	1
M	TATGTTCCAATTAGGA-1	ITK	12
M	AACTGTGAGCATTGGG-1	ITK	3
M	CCATACCAGGCAGTAC-1	CD8A	1
M	CGCTGGATCTGACATG-1	NCR1	1
M	TACTAGGCACTGCTTC-1	VWF	1
M	TGTAGCAAGTGATATG-1	PRF1	3
M	TTCAACTCATTACTCT-1	MRC1	3
M	GTCACTCAGAGCGAAA-1	CD160	1
M	TATGTTCCAATTAGGA-1	CSF1R	2
M	GCAGCTGCACTCCCAT-1	VCAN	3
M	GAAGTCTGTCAACAGG-1	VCAN	1
M	GTAGTACCATGGCCTG-1	KLRC1	1
M	CGCAATACAATGCCAT-1	KLRD1	2
M	ACTACCCCAAACGACG-1	CD160	1
M	GCAGCTGTCACAACAC-1	KIR2DL4	1
M	ATCCTCGCATTACACG-1	CD79A	1
M	CCCACATAGTCTAGAA-1	PECAM1	1
M	TAGACTGAGATCTCAC-1	SKAP1	4
M	ACATGGTTCCAGGTCG-1	CDH1	1
M	GCGGGTTGTTTGTGAC-1	ITGAM	1
M	TGGACATAGTTCTCCC-1	PAX5	9
M	GTAGGAGGTCCGTGCA-1	PAX5	2
M	GGTCATAAGAACTCCT-1	BANK1	1
M	GGTTGCGAGGCCAATG-1	CD8A	3
M	TATGTTCTCAAAGTAG-1	NKG7	4
M	TGGGTTAGTACGACCC-1	THEMIS	4
M	CATGCCTGTTCAGTTG-1	EBF1	3
M	GAGCATTCAGGATAGC-1	TXK	5
M	GCCCGAACATTGTGAC-1	IRF8	1
M	AGTGCGCTCATAGGTC-1	KLRD1	4
M	ACCATCCAGAAAGGGT-1	KLRF1	1
M	AATACGCAGGTGTCGA-1	ITK	6
M	GTACTTTGTGTCTACA-1	ITK	1
M	TGCGTAAAGGTCGGTA-1	BANK1	1
M	TTAACGGCAGCGCGTT-1	EOMES	1
M	TCAAGGTAGAACAGGA-1	CD28	1
M	GCTCAGGCATCGTGAT-1	CD79B	1
M	GAATCTGTCGAGTGTT-1	CD79B	1
M	ATTTGTCTCCTCAAGA-1	COL1A1	1
M	TCCCACATCGCCTTAC-1	KRT8	1
M	GTCTACCCAGGCACAA-1	KLRC1	2
M	CAAAGCTAGTTCAGGG-1	KLRD1	10
M	ATCCAGACAATAGCGG-1	THEMIS	6
M	AACTTGGTCGTCCCTA-1	TXK	2
M	ACCGGGTGTCAAGACG-1	ZBTB46	1
M	TGAATCGCATTACACG-1	CD8A	2
M	CGCACAGCACTTGCGG-1	CD8A	1
M	GATCGTACAGGCAAGT-1	PRF1	2
M	TGATGCAAGTTCTCCC-1	THEMIS	2
M	GAAACAAGTATCCCTC-1	ITK	1
M	TGCCTGTAGGTCTTTG-1	IL7R	1
M	TTTGGTTGTTGCCGCA-1	IL7R	1
M	CGCAATACAGTATCTG-1	CD28	1
M	GCCTACTCAGATACAA-1	CD79A	1
M	GCTTAAGTCTTGTCAT-1	KLRD1	3
M	ACGGATTCAGGAGCAT-1	NCAM1	1
M	GTGGATTGTTCCCTTG-1	NCAM1	3
M	GTAGGAGGTCACTCTC-1	CD6	1
M	ACATGCATCTGTTTAC-1	CD8A	1
M	GCCAGACTCCGTACGG-1	SKAP1	2
M	GATTAGCCAATTCAGC-1	SKAP1	3
M	CCCTGATCAACACGGA-1	KLRD1	6
M	TACCTATAGACAGCTG-1	KLRF1	1
M	TATGTGGAGTAACTCC-1	CD4	2
M	TAGCATGGTGAGGTCA-1	TXK	1
M	TACATGGAGCTAACAA-1	ZBTB46	1
M	TAGTCCCCACAGTAGG-1	ZBTB46	2
M	TTACCCGTCTTCCACG-1	ZBTB46	1
M	GTGGATTAGCTTACCA-1	SKAP1	1
M	TCACCTGAGGTCCTCG-1	FLT3	1
M	TGCTCGTGTATGGGTG-1	DCN	1
M	CCATACCCAATCACTG-1	KLRD1	3
M	GACCTTCTCCGGCTGA-1	CLEC9A	1
M	GACCAATGTATTCTGG-1	NCAM1	2
M	TTACCGCGTGATGCGA-1	THEMIS	1
M	TAAGTGCCAATGCACT-1	IL7R	1
M	CGGTGCAAGTGATAAC-1	BANK1	1
M	CTTGCCATCGCGTGAC-1	ZBTB46	1
M	TAAGTGCCACAGTTAC-1	CD8A	2
M	GCGGAAATCTCGCGTT-1	CD79A	1
M	GCGTTGGTCGGCATAT-1	CD68	1
M	CCAATGAGTTAACCGT-1	ITGAM	2
M	GCCAGCATCAAACCCA-1	PRF1	2
M	TGCTCACTCCGGGCAT-1	SH2D1B	2
M	CGTACAACATCCGTAA-1	PAX5	4
M	AAAGGGCCAACTCGAT-1	EOMES	2
M	TATGTGGAGTAACTCC-1	ZBTB46	3
M	TTCGGTCTCTTTATCG-1	CD3E	1
M	TAGCCGGAGACTTGAA-1	LCK	2
M	GCACGCAGTTGAAGCG-1	PAX5	2
M	AGTCCGGTCCGTTAGA-1	ITK	1
M	CGAGTTAGTACTTCAG-1	TXK	6
M	TCGCCTACATCGGCTG-1	KIR2DL4	3
M	GCAAAGGAGCAATGTA-1	LUM	1
M	GACCGACGTGGGTAGT-1	CD4	1
M	GTACTTTGTGTCTACA-1	PAX5	2
M	TTAGGTGAGGACTTTC-1	TXK	2
M	GCATGATTCGAGAACG-1	MARCO	1
M	ACAGCGCTCCATGACA-1	PECAM1	3
M	GTCACTCAGAAATGGG-1	SKAP1	3
M	GGAATCTTCCCTAAAG-1	IRF8	2
M	TCACAGATCAAGTTGC-1	CLEC9A	1
M	ACAAACCGTAACCATC-1	VWF	2
M	TTGAGCACAACGTACT-1	THEMIS	1
M	GACCTTCTCCGAATTG-1	CSF1R	1
M	CCAATGACACAGTTAC-1	TXK	3
M	GGAGTAGGTCATAGAA-1	TXK	1
M	TTTGGTTTCGTCAACA-1	EOMES	1
M	TAATTCCAGAACCATA-1	ZBTB46	3
M	AAATGAGCATCCTGGG-1	MERTK	1
M	ACAATCGCAACGTAGG-1	CDH1	2
M	TCTCTGGAGTCGCCTG-1	SKAP1	4
M	TGCTCGTAGCGAGAAA-1	SKAP1	1
M	CATAACGCAACGAGGT-1	DCN	2
M	CTTAATCCAACGCAAG-1	KRT18	1
M	CCCTCTCGTTGGTAAA-1	CD3D	4
M	CATGTTTTCAGGAATA-1	PRF1	2
M	CTACAGAGTAATGCCT-1	EBF1	2
M	CCCGTTACAACAACTC-1	TXK	3
M	GTTATGGTCCTCTCTT-1	NCAM1	1
M	TGGTCAACAATGCCAT-1	CD6	1
M	CCGTGAGGTCCCGAGT-1	SH2D1B	1
M	TTAGCTTAGGCCAGTA-1	CSF1R	1
M	GCCCAGACAGTGCGAA-1	BANK1	1
M	TGATGCACAAAGCTGG-1	TXK	4
M	TACAGCAGTGTGAGGT-1	ITGAM	1
M	CCTGGGATCGTCTTAT-1	NCAM1	4
M	AGCTGGCCACCGAAAG-1	CD6	3
M	CAGCTAAAGGAAGGTA-1	CD160	1
M	CTCTCAGGTAGAATAC-1	LCK	1
M	AGCGTATCACTAGCCG-1	ZBTB46	1
M	GTCTACCTCTCATCCG-1	CD8A	1
M	TTTACGTTCTGGCTAA-1	GNLY	1
M	AATGCCATCTGCCGAG-1	SKAP1	1
M	ACAAGCTTCCGTTAGA-1	DCN	1
M	AATACGCGTCTCGGGT-1	LYZ	1
M	GCGGAAAGTGAAACAT-1	CLEC9A	1
M	GTGACATGTTTGCATG-1	PRF1	2
M	CGTACAATCGTGTGCG-1	EBF1	6
M	ACGTTAGAGTTACACC-1	MARCO	1
M	TCCCACAGTGGCGCTT-1	CD8A	1
M	GAGAACGAGTGAACCG-1	NKG7	1
M	GTGTCCTTCATTGCCC-1	CD79A	1
M	AGCGTATTCGCTTCAC-1	CLEC9A	1
M	CACGTTCAGTAACTCC-1	KLRF1	1
M	ACTCGGGCACCTATTT-1	CD4	1
M	TTGCGGGAGTCCAGAG-1	PAX5	2
M	AATGTCGAGCGGACTA-1	ZBTB46	2
M	CTGTATTAGATGCGAC-1	MARCO	1
M	TAATCGGCAATAGCGG-1	NCR1	3
M	GCTCACTGTGTGCTTA-1	PECAM1	1
M	ACGTTAGTCACTTACT-1	PRF1	1
M	CCTAAAGAGTAATCAG-1	CD160	2
M	ACAAGCTTCCGTTAGA-1	THEMIS	1
M	GCCAGACAGGTCTTGT-1	THEMIS	1
M	CATGCCTGTTCAGTTG-1	ITK	8
M	ATCCAGATCCTTGACC-1	CD14	2
M	TTACCCGAGATCCGAG-1	BANK1	2
M	GGGACCTAGAGCACTG-1	ZBTB46	5
M	TCGGGACGTCCGTAGC-1	CD28	1
M	GTCCATCGTGAGGGTT-1	MERTK	1
M	GAACCGCAGGCCAGTA-1	FLT3	2
M	AGGACGACAGCGCGTT-1	NCAM1	5
M	TCACTCGAGTTCCCGG-1	TXK	1
M	TGGGTTAGTACGACCC-1	CD79B	2
M	CCTAAAGGTCACCCGA-1	COL1A1	1
M	TACTAGGTCTTACTCA-1	IRF8	1
M	GGTGAAGGTTACGGAG-1	NCAM1	1
M	TCGTTCGCAGTTACAC-1	SH2D1B	3
M	CATTCCGGTACGGAGT-1	ITK	7
M	TTTGCGCCAAGACTAA-1	ITK	5
M	TAACGGTTCGTCTTAT-1	TXK	3
M	GTAATCGGTTACCACA-1	CD8A	1
M	CGTACAAAGGACTTTC-1	KLRD1	1
M	CTCAGAACAGCAACAG-1	CD4	1
M	AGTGCGCTCATAGGTC-1	NCAM1	4
M	GACCCAGGTTGAATAG-1	PAX5	2
M	TTAGGTGTCTCCAACC-1	ITK	4
M	AGTGTACGTCATCGTA-1	VCAN	1
M	AAACGAAGTACGACCC-1	IL7R	4
M	GCGTAGCCAATGACTC-1	IL7R	1
M	ACAAACCAGACTTCCA-1	BANK1	1
M	GCCTAGGTCCATGACA-1	CD79A	1
M	ACAGCGCTCAAATGGA-1	CD3G	1
M	TCACAAGCAGCTTACA-1	LCK	3
M	AGTGCCGAGTCGACCC-1	VCAN	1
M	TAGTCCCCACAGTAGG-1	BANK1	2
M	AGTCCGGAGATATGAC-1	DCN	1
M	CTTAATCCAACGCAAG-1	KRT8	1
M	GGTACCGAGCCGCAAA-1	CD4	1
M	CGCAATACATTATGGC-1	NCAM1	1
M	AAAGATGTCCAGTACA-1	PRF1	2
M	AAGATAGTCGTCCCTA-1	LCK	1
M	GGTACCGAGAGCGGTT-1	PAX5	1
M	GCTTGCTTCAGAGTGG-1	EBF1	1
M	TAGCTTTTCGTCCCAT-1	EBF1	1
M	AACGTACAGGTTCTCA-1	BANK1	1
M	CGTACAACAATCAGGG-1	PECAM1	1
M	AATGGAACAAAGACGC-1	CDH1	1
M	CGCACAGCACTTGCGG-1	VWF	5
M	GCTGAGCAGTCGAGCA-1	MRC1	1
M	ATCCAGATCCTTGACC-1	PAX5	2
M	CCCTGATTCTCTGACC-1	TXK	1
M	TTCGGTCAGTTCGTTG-1	CD28	1
M	TGCTCGTGTATGGGTG-1	KLRD1	1
M	CGCTGGATCACTCCCA-1	PRF1	1
M	CTCTACGAGTCTCCAA-1	SH2D1B	1
M	ACATGCAAGACTCTTG-1	BANK1	1
M	GCGTAGCAGAAGCCGT-1	MERTK	1
M	CTCGCTAAGCTGCTCG-1	PECAM1	1
M	CAGTATGAGTAATCAG-1	IRF8	1
M	CGCTAGGAGCTAGTTC-1	IRF8	1
M	AGCCGCATCGTGGTAT-1	DCN	1
M	TACCTATGTATATGGA-1	CD6	1
M	CGCTGGACATTGTTCT-1	PRF1	6
M	AGTCAACTCTAAGGTC-1	THEMIS	2
M	ATCCTGCCAAATTCCG-1	ITK	9
M	AATGTCGTCGCTTACC-1	BANK1	1
M	GGCGAAATCCCAGCGA-1	VWF	3
M	TCTATTGGTGGACAGT-1	SH2D1B	2
M	GAACGTTTCTATACCT-1	MERTK	1
M	GGTTGCGTCCTATCCG-1	KLRD1	7
M	CGGACCATCAATTCCT-1	CD3E	1
M	AACTTGGTCGCGTGAC-1	PRF1	5
M	TGTTAGGGTCTGGTCG-1	PRF1	1
M	TTTGCGCCAAGACTAA-1	PAX5	3
M	ACTGTCCAGGTTACAA-1	THEMIS	2
M	TACGGATCATACTGCA-1	THEMIS	1
M	TTCTGTAAGTTGCGCC-1	THEMIS	1
M	GCGGAAATCTACTGCC-1	TXK	2
M	GACCGACGTGGGTAGT-1	TXK	1
M	ATTGTCTTCGGCATAT-1	EOMES	2
M	CCGTGAGTCTACTTTG-1	NCR1	1
M	TAATTCCGTCACTCTC-1	KIR2DL4	1
M	ACCTGCTCAGGACCTC-1	CD4	1
M	GCATTGAGTGGACAGT-1	NCAM1	5
M	ATTACCTCAGAACTTC-1	CD6	2
M	AAAGGATTCACATTCT-1	SFTPC	1
M	ACGTGGCCAAGGTCGA-1	CSF1R	2
M	GAGGTCCGTCAGGTGA-1	CD14	1
M	TAGGTGTCAGTGGTCC-1	ZBTB46	4
M	GCCTACTAGAAGGGCG-1	CD28	1
M	CTCTACGCAACACGGA-1	NKG7	2
M	TCAAGGTTCACAACAC-1	CD79A	1
M	TGATTTCCAATCATCG-1	CD68	1
M	TTCTGTACACTCCCAT-1	IRF8	1
M	GTTACGAAGCGTTGCC-1	CD3G	1
M	GTAGGAGAGCTCCATA-1	SH2D1B	1
M	TTAGGTGTCGCAAGCC-1	ITK	1
M	AGATTCGTCGTTTGAG-1	ITK	4
M	CTCAGAAAGTGCAACG-1	ITK	4
M	GTGATCAAGGAAGGTA-1	TXK	1
M	TTGCCCACATAGCCGC-1	FLT3	1
M	AATGTCGAGCGGACTA-1	DCN	1
M	CAAGCTAAGGCAGATC-1	KLRD1	1
M	TGTTAGGCATAGATAG-1	CD3G	1
M	CATTCATGTATGGATA-1	CD5	1
M	AGCGATTAGCCTGTAT-1	CD6	1
M	CCAATGACAGGTGGTA-1	VCAN	2
M	CCTGGGACACTAGCCG-1	BANK1	3
M	CGCTATCGTAAGCCTT-1	ZBTB46	2
M	GCGATTATCTCCCTTT-1	GNLY	3
M	ACGTGGCCAAGACTAA-1	PECAM1	8
M	AAACTGCTCTTTGCAT-1	PECAM1	2
M	CGCTATCGTCATCGTA-1	BANK1	3
M	AGCCCGAAGGTTCTCA-1	MERTK	1
M	AATGTCGTCAGCCGAC-1	NKG7	2
M	AAACTCGTCGCATACA-1	IRF8	1
M	TTAACGGCAGCGCGTT-1	CDH1	4
M	CGCTATCTCAATCGTG-1	KLRC1	1
M	ATCCAGAGTTTCGTTT-1	SPI1	1
M	CCCTAACCAGATTAAG-1	PRF1	4
M	TGGCCTTGTTTGCATG-1	ITK	7
M	TACTAGGCATTACCTT-1	CD28	2
M	AGTCCGGTCCGTTAGA-1	PECAM1	1
M	GCAGATTTCCGCGATG-1	CD6	3
M	AAGGAGCCACGATTAC-1	CD6	1
M	AGGACGATCCACGAGC-1	CD160	2
M	TTCGTTATCAGTCAAC-1	PAX5	1
M	GGCATTAGTACCGGCT-1	THEMIS	1
M	GCGTTGGTCGGCATAT-1	CSF1R	4
M	CCATACCGTGGCATAG-1	CSF1R	1
M	GCTTAAGGTTACACTG-1	EOMES	1
M	CGCAATACATTATGGC-1	KLRD1	3
M	GTTATGGGTAAACGTA-1	PAX5	4
M	TGTTAGGGTCTGGTCG-1	TXK	5
M	TACCTATAGACAGCTG-1	TXK	3
M	ACTCGGGAGAGGTGGG-1	MERTK	2
M	GATGATCCAGGACCTC-1	NCR1	1
M	TCACCACTCCCGTAGG-1	CD79A	2
M	TTCATCATCTCCTTAA-1	SKAP1	1
M	ACTACCCCAAACGACG-1	KRT18	1
M	AGCGATTGTAACGGCA-1	KLRF1	1
M	GCCCAGATCAGGTTTG-1	PRF1	3
M	TAGACTGAGATCTCAC-1	THEMIS	1
M	GTGTCCTGTCTGGGCT-1	IL7R	2
M	GGTCATAGTATTCGAC-1	CD4	1
M	CCACGTTTCTTTATCG-1	VWF	1
M	ATGTCTTGTTGGTAAA-1	EBF1	3
M	CACATGAAGGTAGGAA-1	CSF1R	3
M	CGTAAACCATCACAAC-1	BANK1	1
M	AAGATAGTCGTCCCTA-1	BANK1	1
M	GTAGGAGGTCCAAGTT-1	TXK	5
M	GCTGAGCGTGCAAGCA-1	TXK	1
M	GCATTGAAGACTCTTG-1	MARCO	1
M	AGGACGAGTCAAGACG-1	GNLY	2
M	CGAGTTAGTACTTCAG-1	KIR2DL4	4
M	CAATCCCAGGTTTCTG-1	SKAP1	2
M	TATGTGGAGTAACTCC-1	KLRD1	2
M	AATGGAACAAGAGCGT-1	MRC1	1
M	ACTACGATCCACGGCA-1	ITK	8
M	TCGTTCGCAGTTACAC-1	BANK1	4
M	AAATGAGAGTGCTGAG-1	NKG7	1
M	CGGTGCACAGCGTCGT-1	NKG7	1
M	GAGTGAGGTTCAGAAA-1	VWF	1
M	TAACAGCAGGGTCCCT-1	CD6	3
M	GGCATTATCCAGTACA-1	SH2D1B	2
M	GACCCAGGTTGAATAG-1	THEMIS	1
M	GCGGGTTCATCGCCTT-1	ITK	3
M	CCCACATTCTGTGTGA-1	NCR1	1
M	CATTCATGTATGGATA-1	IRF8	1
M	GCGATTATCAATTGGC-1	ITGAM	1
M	TTTACGTCAACGTCGC-1	CD3D	1
M	AGGCGAATCCATATCT-1	MRC1	1
M	CAACCAACATGGTAAA-1	MRC1	1
M	TGCTATTGTCCTCAGG-1	ITK	4
M	GACCAATGTATTCTGG-1	BANK1	2
M	TCAAAGCTCGTCAACA-1	PECAM1	2
M	CACGTTCAGTAACTCC-1	SKAP1	2
M	TCACCACGTAGTTTGC-1	VWF	1
M	GTGACATGTGCACATT-1	THEMIS	2
M	TAGCATGGTGTCCCAG-1	BANK1	4
M	TTTGCGCCAGATACAA-1	EOMES	3
M	AAGATAGAGCCAGAAC-1	NCR1	3
M	TTACCCGCACTAGGAG-1	CD79A	2
M	GTCTACCCATGGAGGT-1	CD79B	1
M	GATGGCCCATCAGAAA-1	KLRC1	1
M	TAGCACACATCCTCGT-1	VCAN	1
M	ACCGCAGGTCTGGGCT-1	TXK	3
M	ATGTACGCAATGGCTT-1	MERTK	1
M	GTAATCGAGTACGCGA-1	COL1A1	1
M	CCTTAATAGGTTAGTA-1	KLRD1	4
M	TCGAGCGGTGATGCTT-1	VWF	3
M	GGAGGATTCTAGCAAC-1	MRC1	2
M	AACTTGGTCGCGTGAC-1	CD160	1
M	AACCAACGTAACGGAC-1	THEMIS	2
M	GTCACGGCATTCACCC-1	THEMIS	1
M	TAGGAGGTCAGCCGAC-1	BANK1	1
M	GATGGCCAGTGAGCAC-1	BANK1	2
M	GTCACCTAGTCGGGAT-1	CD28	1
M	TCACCACGTGGAAGCT-1	KIR2DL4	1
M	AGCGTGCTCGGCTATA-1	NKG7	1
M	AACATCGGTATTCTTC-1	IRF8	1
M	CCGTAGGAGGCGACTA-1	PRF1	2
M	TTACCGCAGGCAATTA-1	MRC1	2
M	TTTGGTTGTAGACACG-1	PAX5	1
M	GGTGCTGGTGGACGAT-1	NCR1	1
M	TTTACGTTCTGGCTAA-1	NKG7	1
M	GGCATTAAGTAGTGTA-1	PECAM1	3
M	TAGCTTTTCAGTCTTT-1	KLRC1	2
M	GGCGTTGAGTTACCAC-1	KLRF1	1
M	TACATGGAGCTAACAA-1	PAX5	4
M	TCTATTGCAAAGGTCG-1	EBF1	4
M	TTACGTTCACCACAGC-1	BANK1	2
M	AGCGATTAGCCTGTAT-1	GNLY	1
M	TACGGATCACCAAGGA-1	COL1A1	1
M	GCTCCTAAGAGTAAGG-1	KLRF1	1
M	GCAGATTTCGATAGTC-1	CD5	1
M	TTAGCTTAGGCCAGTA-1	CD160	1
M	TATCGAGTCCCGGGTA-1	IL7R	7
M	GACCAATGTCATCGTA-1	IL7R	1
M	TCTCTGGGTAACATAG-1	BANK1	3
M	GTCACTCAGAAATGGG-1	TXK	2
M	TACTAGGGTGGTGGTA-1	TXK	1
M	GTTATTCAGAGGCAGG-1	SKAP1	4
M	GCGCATGGTTGGACGA-1	EBF1	6
M	AGGCCCAAGCTGCCAC-1	VCAN	1
M	TCGATTTCATATTGGC-1	ZBTB46	3
M	AGCCTCTAGGAAGAAC-1	IRF8	2
M	ACAGCGCGTCGTAATC-1	KLRD1	1
M	GGTCATACATTACTCT-1	VWF	1
M	GTTACGATCGCAAACT-1	CD6	1
M	GGATGAGTCACCCTTG-1	CD6	1
M	CGCAATATCCCACTTG-1	PRF1	3
M	CCGTACTAGCGAGCTA-1	SH2D1B	2
M	CTCAGAACAGCAACAG-1	LCK	2
M	ACGGATTTCGATAGGG-1	VCAN	1
M	GTCACTCGTATTCGAC-1	TXK	2
M	GCGAGTCAGCTGCTCG-1	TXK	1
M	TTAACGGCAGTTACAC-1	CD79A	4
M	CTTGTCGAGAGAGGTA-1	CD3D	1
M	ACCTGCTTCCAACGCG-1	VCAN	1
M	CGCAATATCCCACTTG-1	EOMES	1
M	ACATGCAGTATTTGCG-1	GNLY	3
M	ACATGGTAGTCAGCCC-1	NCR1	1
M	ACTGCAAAGTCCGGAA-1	VWF	5
M	GTTATTCAGGATTTGA-1	CD160	1
M	CGCTATCTCAATCGTG-1	LCK	1
M	GGTGTCGCACAAACAA-1	ZBTB46	1
M	GCCCAGAGTTTCGACA-1	FLT3	1
M	GTTATTCAGCTCGTTA-1	KRT8	1
M	AGTGCGCTCAAAGTAG-1	CD4	1
M	GTCACAACAGGTCTGC-1	CD3E	1
M	GCCAGACGTAGGTAAT-1	PAX5	2
M	CTTCCAGAGACTAGGC-1	ITK	1
M	GAAACAAGTTCCCAAA-1	TXK	1
M	TCAAAGCGTATTTGCG-1	KIR2DL4	5
M	CTTAATCGTTTCTCTA-1	IRF8	2
M	AATGGAAAGAGGTCCA-1	DCN	1
M	TATGTTCCAAGCAACG-1	SPI1	2
M	GGACACCTCTAAACGC-1	PAX5	3
M	GTTGGGCCAACTCGTA-1	PAX5	1
M	TCTAGTTCATCAGCTA-1	EBF1	1
M	TTCGGTCAGAGAGTTT-1	ITK	3
M	GGAGGATCAAGCGTCC-1	VCAN	1
M	CAAGGCCAGACTAGGC-1	BANK1	5
M	GAAACAAGTATCCCTC-1	BANK1	4
M	GGATGAGCAAGGAAGA-1	TXK	1
M	ATCCAGAGTATCTAGC-1	GNLY	1
M	TGTAGCAAGTCCCGCA-1	NKG7	2
M	CATTCATAGAAAGCAG-1	THEMIS	1
M	GGGCCATCAGTAACCT-1	ITK	5
M	GACCTTCTCACATTCT-1	NKG7	3
M	CGTAAACGTTCCGGCA-1	CD79A	2
M	GAGCATTTCCTGTGGG-1	KLRD1	1
M	GAAGTCTTCCGATGCG-1	ITK	3
M	TCGCCTATCCATATCT-1	ITK	1
M	GTCACAACACGCTGTG-1	TXK	3
M	GGTAGGACATTAGCAC-1	EOMES	1
M	CGCAGGTTCTGAACGT-1	CD8A	4
M	TGGAAGGAGTGAAGGA-1	KLRD1	3
M	CCAGAATCAGGAGCAT-1	NCAM1	3
M	TATCGAGTCCCGGGTA-1	CD5	4
M	TTGCAGACATCCCAAA-1	CD6	2
M	CCCTGATCAAGTCTCA-1	BANK1	1
M	TCAGGTAGTGCGCTCA-1	TXK	3
M	GTTGGTACATTATGGC-1	EOMES	3
M	CTGGGACCAACAAACA-1	ZBTB46	1
M	TTCGTTAAGACTAGCG-1	NCR1	1
M	TACATTCCAAGGAGTC-1	NKG7	1
M	GTGACATGTTTGCATG-1	PAX5	1
M	ACATGGTAGTCAGCCC-1	TXK	1
M	GTAGTACGTCTCTGCT-1	KLRD1	7
M	CGCTATCGTCATAGCT-1	VWF	1
M	TGTGGCGCATTAGCCA-1	NCAM1	1
M	AGTTTGGGTGGACAGT-1	SPI1	1
M	GCAGATTGTCTGTGTA-1	TXK	5
M	CCTTAATCAAAGACGC-1	CD8A	1
M	AGCGTATTCGCTTCAC-1	MS4A1	1
M	CATTCATAGCACCATT-1	TXK	1
M	CAAAGCTAGTTCAGGG-1	EOMES	1
M	GGATGAGTCACCCTTG-1	MARCO	2
M	TTCTGTAAGGTGATGC-1	KIR2DL4	1
M	GTCACAAAGGATGTAT-1	CD79A	1
M	TGAATCGGTGAATGTA-1	COL1A1	1
M	TTCATTGTCGGTTGTA-1	SKAP1	4
M	ATGGATCAGGCTGGAT-1	SKAP1	2
M	GGAACTTAGGATGTCG-1	NCAM1	2
M	CCGTACTCATTGTTCT-1	CD6	3
M	AGCCCGAGTAGTCTGT-1	EOMES	1
M	AGTTACGGTTCTTTCA-1	ITGAM	1
M	GCAGATTTCCGCGATG-1	FLT3	1
M	CACAGATAGTCGAGCA-1	DCN	1
M	GCACGCATCCTGACCT-1	NCAM1	7
M	TTCGGTCAGAGAGTTT-1	PRF1	1
M	CGGTGCACAGCGTCGT-1	LCK	2
M	AGTCCGGCACAAGTGG-1	ITK	2
M	CACTGAACAACAAACA-1	TXK	2
M	TAGCATGGTGTCCCAG-1	GNLY	1
M	ATCCTCGTCCGTTAGA-1	FLT3	1
M	AGCCTGGGTTGAAGCG-1	CD3E	1
M	GACCTTCTCCGAATTG-1	PRF1	1
M	TCACCTGAGTTCCCGG-1	CD160	1
M	ACTTCCGGTGTCCAGC-1	LCK	2
M	GTAGACTAGAAGCCGT-1	PAX5	1
M	CCCTGATTCTCTGACC-1	EBF1	3
M	CCACGTTTCCATGTTT-1	ITK	2
M	GTGCTGGAGTAGTGTA-1	VCAN	1
M	CGGTGCAAGAAGGGCG-1	CD79A	1
M	GGTGCTGCAAGGGTAC-1	SKAP1	5
M	CCACAGGTCAAATGGA-1	IRF8	1
M	GGGTTATCAATTCTCT-1	CDH1	1
M	TGTGGCGCACATTCTT-1	FLT3	1
M	TTACCGCAGGCAATTA-1	LYZ	1
M	CCGTACTCATTGTTCT-1	KLRD1	8
M	TGGTCAAGTGATCAGG-1	CD4	1
M	CAGCCTTAGGCACTAG-1	SH2D1B	3
M	AATGGAACAAGAGCGT-1	ITK	2
M	CCTCCCTCATGGAGGT-1	ITK	1
M	TAGGAGGTCAGCCGAC-1	KLRD1	2
M	GAAGTCTCAGTAACGG-1	MRC1	2
M	CTGGGACCAACAAACA-1	PAX5	1
M	ACCTGCTTCTCTGACC-1	PAX5	2
M	GTAGGAGAGCTCCATA-1	ITK	5
M	GCGGGTTCATGCCCTT-1	ITK	1
M	TCAGGTAGTAAGTGCG-1	TXK	3
M	GCCCGAACATTGTGAC-1	NCR1	3
M	CATGCCTGTTCAGTTG-1	NKG7	3
M	AACCGATAGTGCTGAG-1	CD79A	1
M	GTAGTACGTCTCTGCT-1	PECAM1	1
M	AACAAAGAGCCTGTAT-1	SKAP1	3
M	TGCTATTAGTGCTGAG-1	VWF	1
M	CCCTAGTTCTACATCT-1	CD6	1
M	GCGAGAAAGACCTATC-1	CD6	1
M	AGCGTGCAGACAGTGC-1	PRF1	5
M	CCCTAACGTCAAATCC-1	SH2D1B	3
M	GGAATCTAGTCTGTGT-1	ITK	6
M	GTTGGGCCAACTCGTA-1	MARCO	1
M	TATGTGGCACCGTCTT-1	CD8A	5
M	CACCACTTCTAGCTGA-1	CD8A	1
M	CCGTACTAGGTAGGCT-1	CD79A	1
M	GCTGAGCAGTCGAGCA-1	SKAP1	7
M	TCAGCTCCAAGCAACG-1	NCAM1	1
M	CATGCCTAGGGAGTTC-1	NCAM1	1
M	ACCTGCTTCGTAGCGC-1	SH2D1B	1
M	TAATTCCGTCACTCTC-1	SH2D1B	1
M	CCGCATTAGACCCATT-1	CD160	1
M	AACCGATGTGCGTTTA-1	PAX5	1
M	ACCGCAGGTCTGGGCT-1	ITK	13
M	GTAGGAGAGCTCCATA-1	GNLY	1
M	ACTACGAGTAGTATCC-1	NKG7	3
M	GAGCATTCACGACGAA-1	LYZ	1
M	TCCATCGCACATTGCA-1	VWF	2
M	GCCTACTAGAAGGGCG-1	VWF	1
M	AGCGTATCACTAGCCG-1	SH2D1B	3
M	GCCAGACTCCGTACGG-1	THEMIS	1
M	CCAATGAAGGGTTCCC-1	BANK1	6
M	TTACGTTTCGAGTGTT-1	CD8A	1
M	ATTGTCTTCGCTCGGA-1	GNLY	1
M	CTCTCGAAGGGAGTTC-1	CD79A	1
M	GTTATTCAGCTCGTTA-1	PECAM1	5
M	GCGTTGGTCCGTTTCG-1	SKAP1	3
M	CTCGCTATCGCCCTTA-1	IRF8	4
M	AAACTCGCACATTGCA-1	DCN	1
M	ATAGGCTGTCAAGACG-1	CD6	3
M	GAAGTGGGTCCCGAGT-1	CD6	1
M	TTCGGTCCAAGGAAGA-1	MRC1	1
M	TTGTTCAGTGGCGCTT-1	ITK	4
M	CAACGGCAGTGAACCG-1	IL7R	1
M	TCGGGACTCGGCAATT-1	BANK1	1
M	TATGTGGCACCGTCTT-1	MERTK	1
M	AACCTGACACATCATG-1	KIR2DL4	1
M	GGTGCTGTCGCCACTT-1	CD79A	2
M	CGCAATATCGACTGGC-1	CD79A	1
M	GATTGACGTGTCGTCG-1	SKAP1	1
M	TGCTTTAGTCCAAGAG-1	CDH1	1
M	ACATGCAGTATTTGCG-1	KLRF1	1
M	AGCGTGCGTTTCTCTA-1	CD4	3
M	TTAACGGCAGCGCGTT-1	PRF1	2
M	CTTGTCGAGAGAGGTA-1	ITK	5
M	CCGTGAGCAAACAGTA-1	IL7R	4
M	TGATGCATCAAACCCA-1	TXK	3
M	ATCCTCGTCTAGCTGA-1	CD28	2
M	AATGGCTGTGTCGTGC-1	PECAM1	1
M	CAACGTACAGAGTCGA-1	SKAP1	5
M	GCCTAGGTCTGGCACG-1	IRF8	2
M	GAACCTATCTTACTCA-1	KLRC1	3
M	TTGGTCCAGACCTATC-1	CD4	1
M	TAAACCGGTGCGTAGA-1	VWF	2
M	ACCTGCTTCTCTGACC-1	CD3E	1
M	GTCACCTGTGAGTTGG-1	PRF1	3
M	GTCACGGCAACTACTG-1	MRC1	1
M	GTAGGAGCAGGTTATC-1	SH2D1B	1
M	TGGAAGGAGACTTGAA-1	ZBTB46	3
M	GTCGTAAAGGCTCCTG-1	CD28	1
M	GCTGCGAGTAGAATAC-1	SH2D1B	1
M	TACCTCGTCATAGGTC-1	CSF1R	1
M	CCTTGCAAGCCGCAAA-1	IL7R	1
M	TCAATTCGTAACCGAG-1	SKAP1	1
M	TTTGGTTTCGTCAACA-1	KLRC1	1
M	GCCCAGAGTCCCTAAA-1	SH2D1B	2
M	GTAGACTAGGAATGGA-1	EBF1	1
M	AGTGCCGTCTGGCGCA-1	ITK	8
M	GCTTTCGTCACAGGGA-1	BANK1	2
M	GGCGTTGTCCTGGGAC-1	MERTK	1
M	AAAGGGCCAACTCGAT-1	NKG7	1
M	CTCTCAGAGCAGAATT-1	CD68	1
M	TACCTATGTTTAAGGA-1	IRF8	1
M	AAGGAGCGTGGGTAGT-1	KLRD1	2
M	GCTCGAGAGCCGCAAA-1	NCAM1	1
M	CCACGTTTCTTTATCG-1	CD160	1
M	GCCTAGGAGTGGTGTG-1	EBF1	1
M	TCTAGTTGTAGTCTGT-1	EBF1	2
M	GCGCCAACATGATCGT-1	TXK	1
M	AACCAACCATTAACGC-1	KIR2DL4	1
M	TCACCTGAGTTCCCGG-1	NCAM1	4
M	CTGCGTTCAACAACTC-1	NCAM1	1
M	ACTATTCGTAGGTAAT-1	LCK	1
M	AGGCGTCTCTCCTTGG-1	PAX5	2
M	GGTTGCGTCCTATCCG-1	PAX5	2
M	TCACCACGTAGTTTGC-1	PAX5	1
M	CTTGAAGTCTCGCGTT-1	TXK	2
M	AACGGGAAGGGACGTT-1	FLT3	1
M	AACATCGGTATTCTTC-1	PRF1	1
M	TTGTTGTAGCGAGAAA-1	LCK	1
M	GAACTTGGTCTGTCCT-1	PAX5	1
M	GCACGCAGTTGAAGCG-1	CD14	2
M	TAAGTGCCACAGTTAC-1	ZBTB46	2
M	GCATGATCAATGGCAG-1	SPI1	1
M	TGTTAGGTCGTGGAAG-1	PRF1	1
M	TAACAGCAGGGTCCCT-1	ITK	8
M	AGTTACGAGTCCTTCC-1	ITK	1
M	CCTGGGACAACTAGAA-1	BANK1	1
M	TTCGATTAGACCCTAT-1	PECAM1	1
M	CAAGCTAAGGCAGTAC-1	PECAM1	2
M	ACCGGGTGTCAAGACG-1	CD79B	1
M	TTGTTCAGTTCCGCGA-1	COL1A1	3
M	AAGGTTCAGAAGCCTG-1	SKAP1	4
M	TACATTCAGTCGTGAG-1	SKAP1	1
M	GAACCTAAGGTTCGTT-1	NCAM1	2
M	TTTACGTTCTGGCTAA-1	SH2D1B	1
M	CTGTATTAGTGATTAG-1	SH2D1B	1
M	TCAAGACGTAGGTGAC-1	IRF8	2
M	CCGTACTTCTTAATCC-1	KRT18	2
M	CCTTAATCAGCGTACC-1	KLRF1	1
M	CTCAGAAAGTGCAACG-1	SH2D1B	1
M	AACCTTTGTACGCAAG-1	BANK1	2
M	TAACTTCTCCGATTGA-1	PECAM1	1
M	TGAGTCAAGCAGAGCT-1	KLRD1	2
M	TGATGCACAAAGCTGG-1	LCK	3
M	AGTGCCGAGTCGACCC-1	ITK	10
M	TAGCGGCAGGACTAGC-1	IL7R	2
M	TCACTCGAGTTCCCGG-1	GNLY	1
M	TGATCAGTCGTGGGTC-1	NKG7	1
M	TGGCGCAAGCTGAGGT-1	PECAM1	2
M	AGTTACGGTGGACCAA-1	CD79B	1
M	AATGTCGTCTCTGCAC-1	IRF8	1
M	AGTTTGGCAAGACTAA-1	KLRF1	1
M	CATGCCTGTCCGAGCT-1	NCAM1	1
M	ACGGATTAGCCATGGA-1	ITK	4
M	TAATTCCTCGAGTGTT-1	ITK	3
M	GAGGTCCGTCAGGTGA-1	CD8A	4
M	CTCTCGAAGACCATAA-1	NCR1	2
M	GTCGTAATCAAGGCCC-1	SKAP1	5
M	GCACGCATCCTGACCT-1	KLRD1	12
M	CACATGATCGCCACTT-1	VWF	3
M	TGATTTCTCCTCTCTT-1	NCAM1	2
M	CACCACTAGCACACCC-1	NCAM1	1
M	GAGACTTGTTCCAGTA-1	BANK1	1
M	TGTGGCGAGAACCATA-1	EOMES	1
M	GACCAATAGACAACGC-1	NKG7	3
M	AACGGGAGTCAAATCC-1	CD79A	1
M	ATGTACGTCTGGCGCA-1	LCK	1
M	GCACCTTCACTGTTAG-1	ITK	4
M	ACCGAATTCGACTATG-1	MERTK	1
M	CACATGACAGGTAACG-1	PECAM1	1
M	CAACGTACAGAGTCGA-1	CD68	2
M	AAGATAGAGATATGTG-1	VWF	1
M	ACAGCGCTCCATGACA-1	EBF1	1
M	TAGTCCCCACACACCG-1	EBF1	1
M	GCCTACTCAGATACAA-1	IRF8	1
M	AGTGTACTCTTAACGG-1	VWF	1
M	GCGTAGCAGAAGCCGT-1	CD3D	1
M	GTAATCGCAATGTAAG-1	NCAM1	4
M	CCGTGAGGTCAGGCTC-1	EBF1	1
M	CAGCTAACAGAAAGAG-1	CD8A	1
M	CTTTGCGGTTCTGATG-1	GNLY	1
M	CACTGAACAAGCGACA-1	SKAP1	1
M	CTCTCAGGTAGCATGG-1	KRT8	1
M	TAACAGCGTTGCAGAG-1	KLRF1	1
M	GAGGTCCGTCAGGTGA-1	KLRF1	2
M	GTAGGAGAGTGAAACT-1	NCAM1	1
M	CTACTTAGTTCTACCC-1	ITK	3
M	CCGTGAGGTCCCGAGT-1	BANK1	4
M	GTGGATTAGGCGTAGT-1	TXK	1
M	GGTAGGAGTGCACTTA-1	CD8A	3
M	GCAGCCATCCATCTAT-1	KIR2DL4	1
M	GCGTAGCAGAAGCCGT-1	ITGAM	3
M	GGGACCTAGAGCACTG-1	KLRD1	2
M	GGAACCCGTCAGAAAT-1	CD3D	1
M	CACTAAGAGCTCCGGT-1	CD3E	1
M	GATCATGGTATCTCAG-1	CD6	3
M	GTCGTAATCAAGGCCC-1	THEMIS	1
M	ATCCAGACACCTGAAT-1	ITK	4
M	GACCGACTCGCAAGCC-1	ITK	1
M	TTAGGTGTCTCCAACC-1	ZBTB46	1
M	GTCACGGCATTCACCC-1	CD8A	1
M	TCGTTCGCAGTCCTGG-1	CD79A	1
M	TTGCCCAGTACTATGC-1	ITGAM	1
M	ACCCAAAAGCGGACAT-1	KLRD1	5
M	TTGACGATCACCGCGA-1	KLRD1	2
M	GGGACCTAGCTGATTC-1	VCAN	1
M	GGTGTCGAGGGTTCTT-1	EPCAM	2
M	GTGGATTCAGTAACCT-1	PRF1	1
M	GGCGAAATCCCAGCGA-1	ITK	3
M	GTGTGATCAGTAACTC-1	ZBTB46	2
M	CACAGATGTCAACAGG-1	CD28	1
M	ACCTGCTTCACTAGGT-1	KIR2DL4	2
M	ACTGCAATCGCACAAT-1	CD79A	2
M	TATGTTCCAATTAGGA-1	DCN	2
M	AAGGAGCGTACGGAGT-1	LYZ	2
M	CACATGATCAAGGCAG-1	MRC1	1
M	GGATGAGTCACCCTTG-1	EBF1	1
M	TTGCAGACATCCCAAA-1	PRF1	1
M	ATGTCTTGTAACCCAT-1	CD160	2
M	GCATTCCCAAGCCAGA-1	BANK1	1
M	TGGCAATGTTCATTTC-1	ZBTB46	1
M	CCTAAAGAGTAATCAG-1	GNLY	3
M	TTGTTGTAGCGAGAAA-1	CD79A	1
M	GGAGAACAGACCATAA-1	SKAP1	3
M	CACTAAGCATCCGTAA-1	SKAP1	3
M	GAACCTAGTATCCTTT-1	VWF	1
M	ACAATCGCACGCTAAT-1	CD3D	3
M	CTGAATGTCGGAAAGC-1	NCAM1	1
M	ACTACGAGTAGTATCC-1	CD6	1
M	CATTCCGGTACGGAGT-1	CD6	2
M	GAGATTCGTTCTACCC-1	SH2D1B	1
M	CAGTGTATCAAGAGAT-1	CD79A	1
M	ACCCAAAAGCTGAATA-1	CDH1	2
M	ACCGGGTAGTGATCTC-1	KLRF1	1
M	TGCTCGTAGCGAGAAA-1	CD6	1
M	TGCATTTCAACTCAAC-1	PRF1	3
M	CAACGGCAGTGTCGGA-1	LCK	2
M	GAGGATGTCCGTACGG-1	PAX5	2
M	ATATTCCAGACCTATC-1	THEMIS	2
M	CGCTATCGTCATCGTA-1	ITK	11
M	CGCACAGCACTTGCGG-1	CD28	1
M	TCAGCTCTCTTACTCA-1	MERTK	14
M	CATAACGAGCGAATAT-1	GNLY	1
M	AATGGAACAATTCTCT-1	EPCAM	1
M	CTACAGAAGTGGACGT-1	CD79A	1
M	TAGTCCCCACAAGGGT-1	SKAP1	9
M	CACAGATAGGGTCTGA-1	KLRD1	3
M	TCTAGTTGTGTCGTCG-1	KLRD1	2
M	TAGTCCCCACAGTAGG-1	KLRD1	6
M	GCGAGTCCAAAGGCCA-1	KLRF1	1
M	GGTACCGAGCCGCAAA-1	NCAM1	2
M	GAGGTCCCATGGTAAA-1	CD5	1
M	GGTGAAGGTGCTGGCT-1	CD6	3
M	TAAGTGCAGCTTACCA-1	CD14	1
M	GTGATCAGTGTCTACA-1	EOMES	1
M	TGAGTCATCCATATCT-1	GNLY	2
M	GGTGCTGCAAGGGTAC-1	CD79B	1
M	TCCATCGGTCTCTGGG-1	KRT8	1
M	ACCGGGTGTCAAGACG-1	KLRD1	10
M	TTAACGGTCTTAAGCG-1	CD6	4
M	TGGCAATCAGTTGCAT-1	PRF1	1
M	GAGATTCGTTCTACCC-1	MRC1	1
M	TAGCGGCGTAGGGTTG-1	LCK	1
M	TCGATTTCATATTGGC-1	FCN1	1
M	CCCTAACAGGTGTCGA-1	ITK	1
M	AATGGCTGTGTCGTGC-1	VCAN	1
M	CTGTATTGTAACTGAA-1	BANK1	4
M	CGCACAGTCTGTTGCC-1	EOMES	2
M	GTCACTCAGTCTTAGC-1	ZBTB46	1
M	GTCACTCGTATTCGAC-1	KLRD1	1
M	TGACAACAGTCGGGAT-1	KLRF1	1
M	GCGAGTCTCCAACAAC-1	CD6	2
M	CTGAATGAGGAATGGA-1	CSF1R	2
M	CTACTTAAGGGACGTT-1	BANK1	2
M	AGATTCGAGTGCACAG-1	MERTK	1
M	ACAAGCTTCCTGAAAC-1	COL1A1	2
M	ATCCAGACAATAGCGG-1	NCAM1	8
M	ATGTACGCAATGGCTT-1	MRC1	2
M	GGCGTTGCATCAGAAA-1	EBF1	2
M	CATTCATCAAGCCCTG-1	BANK1	1
M	ACTGTCCTCCTCATTA-1	MERTK	2
M	TGCGTAAAGTCAGGAC-1	CD8A	1
M	GCCATAAAGCGCCTAC-1	NKG7	2
M	AGGCGTCTCGATTACG-1	IRF8	1
M	GCATTGAAGGGAGATA-1	KLRD1	1
M	TATGTTCCAATTAGGA-1	CD3E	1
M	AACAAAGGTAAAGCTA-1	PRF1	4
M	AAATGAGGTTAGTAGA-1	PRF1	5
M	TTACCGCAGGCAATTA-1	PRF1	1
M	GCCTACTGTCGTAGTT-1	ITK	6
M	TTTGGTTGTAATGTGA-1	ITK	2
M	CCGTAGGAGGCGACTA-1	ITK	2
M	CCTAAAGAGTAATCAG-1	BANK1	4
M	TAACGGTGTCAGAAGC-1	CD28	1
M	AGCGATTAGCCTGTAT-1	COL1A1	1
M	GATTAGCGTGTCCCAG-1	ITGAM	2
M	GGGACCTAGAAATGGG-1	EOMES	2
M	CACCACTGTTAGAGAT-1	CD28	1
M	ATGGATCGTTTCGACA-1	MARCO	6
M	GCAGCCAAGGGTAGTC-1	NKG7	1
M	ACTCGGGAGAGGTGGG-1	PECAM1	2
M	CTTGCTGTCTGTGTGA-1	CDH1	1
M	TAGGTGTTCCTGTAGA-1	PRF1	5
M	TGGAAGGGTCTCTAAG-1	PRF1	1
M	CCTATTACATTAAGGA-1	CD160	1
M	GCAGATTTCCGCGATG-1	CD14	1
M	CCTCCCTCACGCGTTG-1	CD79A	2
M	ATCGAGTTCCTAAGTG-1	CD6	1
M	AGTGCCGGTACGTAGG-1	MRC1	1
M	TGTACAGTCGCTCGGA-1	SH2D1B	1
M	ATGTACGCATGGTTTG-1	CD160	1
M	GTCCATCAGCTTTCCC-1	THEMIS	1
M	GCACCTTCATTGTTCT-1	ITK	1
M	CTCTCAGAGAAACGCC-1	MERTK	1
M	CTACTTACAGCAAACG-1	CD8A	2
M	CACAGATGTCAACAGG-1	IRF8	2
M	TTAGGTGTCGCGATGC-1	BANK1	3
M	CTTAATCCACAGAAGC-1	MERTK	2
M	CTCTACGAGTCTCCAA-1	KLRD1	4
M	AGACAAAGTACCCACG-1	CLEC9A	1
M	GAGGCTCGTCAGAAGC-1	KLRF1	1
M	CACAACACATCGACCG-1	VWF	8
M	TTCATCATCGCGCCAA-1	SH2D1B	3
M	TGATTTCAGGAGTACC-1	EBF1	6
M	CTCTCAGCAGACTAAA-1	GNLY	1
M	GGTCATATCACTAGGT-1	KLRD1	1
M	CTTGCTGGTGTTGGTT-1	PRF1	2
M	CACAACACAACGTAGG-1	LCK	3
M	TCGTTCGAGCAGGAGG-1	EOMES	1
M	CTGGGACCACTGTTAG-1	KIR2DL4	2
M	TGAATCGCATTACACG-1	SKAP1	2
M	GCTTGCTGTGTGTGCC-1	ITGAM	1
M	TGGTCAATCGGTAGGA-1	KLRD1	1
M	ACGTGGCAGACCATAA-1	LCK	1
M	GACCGACGTATGCTAC-1	GNLY	1
M	AGTGTACGTTACTTTC-1	NCAM1	1
M	TGTGACACAGTATACC-1	PRF1	1
M	GAGATTCAGTGGTGTG-1	CD160	1
M	ACGGATTAGCCATGGA-1	LCK	2
M	TTTACGTGTGAGTTGG-1	BANK1	2
M	TACGCAACATGGCCGT-1	TXK	1
M	AGCTGGCTCGTCTTAT-1	NCR1	2
M	GTGCTGGAGATCACCT-1	CD79A	1
M	TTCAACTGTTCTACGA-1	SKAP1	2
M	AATACGCAGGTGTCGA-1	IRF8	3
M	TGCTCACCAGAACGAC-1	ITGAM	2
M	TGAATCGCACTCAGCG-1	FLT3	2
M	TGACAACCAACATAAG-1	KLRD1	1
M	GCAACCGTCCTCCCAA-1	CD5	1
M	CCATACCAGGCTCCTG-1	CD6	1
M	CGGTGCACAGCGTCGT-1	PRF1	3
M	ACGTTAGAGGTAAGCC-1	MRC1	1
M	AGTTTGGGTCATAAGA-1	PAX5	1
M	TAAGCCATCCGCGATG-1	ITK	3
M	TTACGTTCATGGTAAA-1	TXK	1
M	AACAAAGTCGAACACT-1	TXK	1
M	TTGCGGGAGTCCAGAG-1	SKAP1	3
M	CACAGATAGTCGAGCA-1	IRF8	1
M	CACTAAGAGCTCCGGT-1	ITGAM	1
M	TGGGTGCAGCTTACCA-1	DCN	1
M	TACATGGCAGCAACAG-1	MRC1	1
M	GTGGATTAGGCGATTG-1	CD160	1
M	GAGAACGCAGCAACAG-1	EBF1	18
M	CATTCATGTATGGATA-1	ITK	1
M	AGACAAAAGGTAAGTT-1	TXK	3
M	CCTTGCAAGCCGCAAA-1	ZBTB46	1
M	TGCTCACTCCGGGCAT-1	GNLY	2
M	CTGAATGAGCTTTCCC-1	CD68	1
M	TAATTCCTCGAGTGTT-1	VWF	2
M	TTAACGGGTTCCCGGA-1	SH2D1B	2
M	TTCATCAAGAGCCACA-1	THEMIS	1
M	TAGGTGTTCCTGTAGA-1	CSF1R	1
M	ATGCATGAGCTCGTTA-1	KLRD1	4
M	GTCACAACATTCACCC-1	NCAM1	1
M	ACTACCCTCTGATCTT-1	CD6	1
M	TGGCAATAGTTGACAA-1	PRF1	2
M	GTCACAACACGCTGTG-1	SH2D1B	1
M	GAAAGTAGTAACGGTG-1	SH2D1B	1
M	AACGAGGAGCAACGGT-1	SH2D1B	1
M	GCAGATTAGCTCGGCT-1	PAX5	1
M	CCTTGCACAGGTCCTG-1	THEMIS	1
M	AACGTACCAGCGTAGA-1	EBF1	1
M	CAACGGCAGTGAACCG-1	BANK1	1
M	ACCATCCAGAAAGGGT-1	CD8A	1
M	GCCTAGGAGTACCTCA-1	NKG7	1
M	TAACGGTGTCAGAAGC-1	IRF8	3
M	AGCGTGCAGTGTCACT-1	KLRD1	2
M	GACCCAGAGGTCTTTG-1	TXK	1
M	GACCAATAGACAACGC-1	ZBTB46	1
M	GCGGGTTGTTTGTGAC-1	NKG7	1
M	GTTATGGTCCTCTCTT-1	CD4	1
M	ATCCTCGCACACTAGT-1	CD3E	1
M	TGCCTCAGTAATGCAA-1	PRF1	3
M	CCGTACTTCTTAATCC-1	THEMIS	1
M	TGCCTGTTCGGTCTCT-1	EOMES	3
M	ATCCTCGCACACTAGT-1	CD8A	1
M	TAGGTCACATCCGTAA-1	EPCAM	1
M	GGAGGATCAAGCGTCC-1	KIR2DL4	1
M	GAAGTCTAGTTATGAG-1	CD79B	1
M	ACAAGCTGTAACTCCA-1	IRF8	2
M	TAGTCCCCACAAGGGT-1	VWF	3
M	GTCTACCTCCAGAATC-1	NCAM1	2
M	CGCTGGACAACTACTG-1	SPI1	1
M	CCGTACTGTGCCGGTT-1	PRF1	3
M	TGATTTCCAAGGGTAC-1	CD1C	1
M	ACTACCCCAAACGACG-1	ITK	5
M	GTGCTGGAGCTACGTT-1	VCAN	5
M	TTTGCGCAGTAGACCG-1	BANK1	1
M	ATGTCTTCATTGCCTC-1	CD8A	1
M	TATGTTCTCAAAGTAG-1	KRT8	1
M	TGTTAGGCATTAGCCA-1	LCK	1
M	TTACTTGAGGATATCA-1	PAX5	3
M	TCCCACATCGCCTTAC-1	ITK	2
M	CAAAGCTGTCATAGAA-1	BANK1	2
M	CGGTGCACAGCGTCGT-1	TXK	7
M	CAGTGCGTCGGCTATA-1	CD79A	1
M	AACCGATGTGCGTTTA-1	PECAM1	1
M	GCTCAGGAGCCATCAT-1	CD79B	2
M	TCGATTTTCTGACATG-1	COL1A1	2
M	ATCCTGCCAAATTCCG-1	ITGAM	2
M	CAACGTAAGGGCGAAG-1	VWF	1
M	CAAAGCTGTGGCCTTG-1	NCAM1	3
M	GCATTGAGTGGACAGT-1	CD160	1
M	GTTATTCAGCTCGTTA-1	NCR1	1
M	ATGTCTTGTTGGTAAA-1	KIR2DL4	2
M	ACCCAAAAGCTGAATA-1	FLT3	6
M	ATCCTCGTCCGTTAGA-1	KLRD1	6
M	ATGTTTCCATGTGAGG-1	CD3E	1
M	GCAGATTTCTGGCACG-1	PAX5	1
M	ACCATCCAGATGTTCC-1	THEMIS	1
M	GATTAGCCAATTCAGC-1	GNLY	4
M	GCAAAGGTCCAGTACA-1	NCR1	1
M	TCAAGACTCGTTCTAT-1	SKAP1	1
M	CTGGCAGCATACCCGG-1	KLRD1	2
M	GGACACCTCTAAACGC-1	KLRD1	2
M	CATTCATGTATGGATA-1	KLRF1	3
M	CCATACCAGATGTTCC-1	KLRF1	1
M	ATGTCTTAGAGCTGTG-1	CD5	1
M	AGTGCCGAGAGATTAC-1	CD6	1
M	GAGCGCTTCTGAAAGA-1	EBF1	2
M	GAGACTTCAGATTGTC-1	ITK	8
M	AAACGAAAGCGGACAT-1	GNLY	1
M	ACCAAACTCAGGGTTT-1	IRF8	1
M	GCCCAGAGTGGTAGAC-1	DCN	1
M	CATAACGAGCGAATAT-1	KLRD1	2
M	AACGTACCAAGAGATT-1	KLRF1	1
M	CACAACACAACGTAGG-1	NCAM1	6
M	GGAACCCGTCAGAAAT-1	PRF1	2
M	AGCTGTAGTTATGCAC-1	BANK1	3
M	GTAGGAGCAGGTTATC-1	ITGAM	2
M	ATCCTCGCACACTAGT-1	CD160	1
M	CATTCCGGTACGGAGT-1	CSF1R	1
M	CAAAGCTGTCATAGAA-1	KIR2DL4	1
M	GCGTTGGAGCTATCGT-1	KIR2DL4	1
M	GGATGAGAGGTACATA-1	SKAP1	3
M	TGACAACTCTCATATC-1	SKAP1	1
M	ATTTGTCCACCTGAAT-1	VWF	2
M	ACTGTCCTCCTCATTA-1	SPI1	2
M	TACTAGGCATTACCTT-1	EBF1	1
M	CTAGGGCAGAACCCGA-1	CSF1R	1
M	TGCGTAAAGTCAGGAC-1	EOMES	1
M	GAACCTAGTATCCTTT-1	NCR1	1
M	ACAAACCAGTGTCCCG-1	KIR2DL4	1
M	GTGGATTAGTAGTCGG-1	NKG7	3
M	TTCAACTCAACTCGAT-1	PECAM1	3
M	TAACGGTTCGTCTTAT-1	IRF8	1
M	CGGACCAGTCACAGTT-1	PRF1	2
M	AGCGTATTCGCTTCAC-1	MRC1	1
M	GCCTAGGTCCATGACA-1	EBF1	2
M	TACGCCTGTGAATGTA-1	ITK	1
M	ACCGCAGGTCTGGGCT-1	CD14	1
M	TTGAGTGCACAGATGG-1	TXK	3
M	GCCATAACATAGATAG-1	GNLY	2
M	CATAACGCATATAGAG-1	KIR2DL4	1
M	GTCACGGCAACTACTG-1	CDH1	1
M	CCACGTTTCCATGTTT-1	ITGAM	1
M	GTCGTAATCAAGGCCC-1	KLRF1	1
M	CGTACAATCGTGTGCG-1	SPI1	1
M	AAAGGATAGGATGTCG-1	LCK	3
M	TAGCGGCAGGACTAGC-1	EBF1	2
M	TCGCAGGAGCCTCGCA-1	EBF1	2
M	GCGATTACATGCGTTA-1	CD28	1
M	TATGTTCTCTATACCT-1	NCR1	1
M	TCAGGTAGTGCGCTCA-1	SKAP1	3
M	TATCTGTCATCGTACA-1	SKAP1	10
M	AGGCCCAGTATTCGCA-1	CLEC9A	1
M	GCGAGTCAGGAGTCTG-1	THEMIS	2
M	ACTACGATCGTATAGC-1	BANK1	1
M	TGGTCCTGTAAACGAT-1	NCR1	1
M	CTAGGATCAAGTTGCT-1	KRT18	2
M	CTTCCAGAGACTAGGC-1	KLRD1	1
M	GACCAATAGCACACCC-1	SH2D1B	2
M	GGGAACACAGTCCTGG-1	CD14	2
M	CTCTACGCACGCTCAG-1	BANK1	24
M	ACTGTCCGTGTCTCGG-1	BANK1	3
M	GCTCCTAAGAGTAAGG-1	BANK1	4
M	AACGGGAAGGGACGTT-1	ZBTB46	1
M	CCTCCCTCACGCGTTG-1	ZBTB46	1
M	CAATCCCCACCCTTAC-1	CD6	1
M	GAGAACGTCTCGTAGA-1	PRF1	2
M	GGAGGATCAAGCGTCC-1	SH2D1B	3
M	GCGAGTCGTGCATTGT-1	THEMIS	1
M	GACCAATGTATTCTGG-1	ITK	7
M	CCCGTTACAACAACTC-1	IL7R	1
M	TGATTTCCAATCATCG-1	TXK	6
M	GCGAGTCGTTTAAGGA-1	CD28	2
M	CTAGGATAGGGTGTTG-1	CD8A	1
M	GTAGTACCATGGCCTG-1	FLT3	1
M	GCAACCGTCCTCCCAA-1	MRC1	1
M	AGCTGGCTCGTCTTAT-1	EBF1	6
M	GAAATGAAGACACGGT-1	EBF1	1
M	CTCTCAGAGAAACGCC-1	CD8A	9
M	CAACGTAGTCTGAGCC-1	PECAM1	1
M	ACGTTAGTCCATTGTT-1	CD79B	1
M	GCACGGTAGGATGTAT-1	SKAP1	2
M	TACCTCGGTTTGTACG-1	KLRF1	1
M	CCAATGAAGGGTTCCC-1	SPI1	2
M	CATTCATGTATGGATA-1	SH2D1B	1
M	TTTACGTGTGAGTTGG-1	EBF1	5
M	CCTCCCTCATATAGAG-1	BANK1	2
M	AACAAAGAGCATGATA-1	TXK	2
M	GATGGCCCATCAGAAA-1	EOMES	1
M	TGTAGCAAGTCCCGCA-1	CD79A	3
M	TAGACTGGTTCAGAAA-1	COL1A1	2
M	CAGCTGGGTCGCTAGC-1	KLRD1	3
M	TAGCCGGTCGTATAGC-1	CD4	3
M	AACGAGGAGCAACGGT-1	CD5	1
M	GTCACCTAGAAATTCG-1	EBF1	3
M	TGGTCAATCGAGAAGC-1	BANK1	1
M	CCCTGATGTCCATTGA-1	TXK	1
M	TACCTCGGTTTGTACG-1	NCR1	1
M	GCAGCTGAGAGCACTG-1	KLRD1	1
M	TACTCGCTCACTCGGG-1	CD160	1
M	ATTCGTTCAAGAGATT-1	LCK	1
M	CGAGTTAGTGTCTACA-1	EBF1	2
M	ACAGACTGTTGCAGCC-1	KLRD1	1
M	TGTGGCGAGAACCATA-1	NCAM1	2
M	GTAGTACGTCTCTGCT-1	SPI1	2
M	GCCTAGGCAAAGCATA-1	ITK	1
M	CGATGATTCAGTGTAC-1	TXK	1
M	CCTCCCTCATATAGAG-1	GNLY	2
M	ATCCTCGCATTACACG-1	KLRD1	5
M	GTGGATTAGGCGTAGT-1	CD3E	1
M	TGGTCCTAGTGTCACT-1	CD160	1
M	CACCTTGTCAGTGTGT-1	LCK	1
M	TTGACGATCACCGCGA-1	EBF1	1
M	TCGCAGGCAACGGGTA-1	BANK1	1
M	TTCGTTATCCGCGATG-1	NKG7	3
M	GTCACCTGTAACATAG-1	NKG7	2
M	AGTGCCGTCGCTTACC-1	MRC1	1
M	CACCTTGGTCATCAAC-1	ITK	2
M	TCACAGACAAGGTCGA-1	IL7R	1
M	CACAACACAACGTAGG-1	TXK	1
M	GCTGTTCCATCCCAAA-1	CD8A	3
M	TACCTATAGACAGCTG-1	NCR1	2
M	CACATGATCGCCACTT-1	CD79A	3
M	ACAGAAACAACTCAAC-1	KLRC1	1
M	GTAGGAGGTCCAAGTT-1	LCK	6
M	CTCTCAGAGCAGAATT-1	LCK	1
M	AATGTCGGTGCACCCA-1	ITK	2
M	AGCTGGCTCGTCTTAT-1	EOMES	2
M	TGCTATTAGTGCTGAG-1	CD28	2
M	CGCTGGAAGGCGTCCT-1	MARCO	4
M	CTAACTTGTCCAACCG-1	THEMIS	1
M	ACTACCCCAAACGACG-1	BANK1	1
M	TCAGTCCTCAGTCACA-1	KIR2DL4	2
M	GCTCAGGAGCCATCAT-1	NKG7	2
M	GCGATCGTCGTGATAC-1	SKAP1	1
M	ATGTCTTAGAGCTGTG-1	KLRD1	4
M	GGACACCTCTAAACGC-1	LCK	7
M	CCTTAATTCTCGCGTT-1	GNLY	1
M	TTGCTATCACGCTGTG-1	CLEC9A	1
M	TTAACGGCAGTTACAC-1	VWF	3
M	CGATGATTCCTTTGCG-1	NCR1	1
M	CCATACCCAATCACTG-1	PECAM1	2
M	GGAATCTCACTACACA-1	CLEC9A	1
M	TTCGATTGTAATGTAG-1	VCAN	2
M	ATGTCTTGTTGGTAAA-1	IL7R	1
M	GCAGATTGTCTGTGTA-1	NKG7	1
M	TTTGCGCTCGTAGCGC-1	KLRD1	5
M	AAGGAGCGTACGGAGT-1	VWF	1
M	CCACGTTTCTTTATCG-1	VCAN	1
M	GCTTTCGTCGCTATTT-1	BANK1	1
M	AGCCTTCCAGAGAGAA-1	CD28	2
M	CTCAGCTTCTCTTAAC-1	NKG7	1
M	GAAACAAGTGAGTTGG-1	SKAP1	4
M	TCGAGCGCATGCGCTG-1	SKAP1	1
M	GGTTGCGTCCTATCCG-1	KLRF1	1
M	TTCAACTTCAGTCAAC-1	NCAM1	1
M	TCCCACATCGCCTTAC-1	CD6	2
M	TCAGCTCGTGAGGGTT-1	SH2D1B	1
M	TAATCGGCACAGATGG-1	LCK	2
M	TCTAGTTGTAGTCTGT-1	PAX5	6
M	TGTGGCGCACATTCTT-1	ITK	6
M	GTCCATCAGCTTTCCC-1	BANK1	21
M	CCCTGATTCTCTGACC-1	CD79B	1
M	TAACAGCCAAACAGTA-1	SKAP1	2
M	GGGACCTTCATAGGTC-1	SKAP1	3
M	ACCTGCTCAGGACCTC-1	VWF	2
M	GGGTGTCTCAGGCCGT-1	NCAM1	1
M	GCCCAGAGTCCCTAAA-1	BANK1	2
M	TATGTGGCAAGGACCA-1	KLRD1	2
M	TCGATTTTCGTTTGAG-1	ITK	1
M	GGCATTAAGTAGTGTA-1	EOMES	2
M	ACCATCCAGATGTTCC-1	MARCO	1
M	TGATTTCCAAGGGTAC-1	PECAM1	1
M	TCGTTCGCAGTCCTGG-1	IRF8	1
M	CCCTAGTTCTACATCT-1	KLRD1	3
M	AGCTGGCTCGTCTTAT-1	SH2D1B	2
M	TAGCCGGGTTCCCTTG-1	ITK	1
M	ATTACCTTCTACATCT-1	VCAN	1
M	AGCTGGCTCGTCTTAT-1	BANK1	7
M	TTACTCACAATTGGCT-1	EOMES	1
M	TTATGTCCATTCCCGT-1	ZBTB46	1
M	TTGTTCATCGTATAGC-1	NCR1	1
M	TTCTGTACACTCCCAT-1	CD68	1
M	GCGAGAACATAGCCGC-1	KLRD1	2
M	ACTTTCATCTCCAACC-1	KLRF1	1
M	TACCTATGTGCCAAGA-1	VWF	1
M	ACCATCCTCGTTTGAG-1	LCK	2
M	GTGACATGTTTGCATG-1	THEMIS	1
M	ACGTGGCAGTATGCTC-1	ITK	2
M	TTCGATTTCCCTACCA-1	NCR1	1
M	GCTGTTCCATCCCAAA-1	SKAP1	5
M	ATGTCTTAGAGCTGTG-1	SKAP1	2
M	CTGAATGTCGGAAAGC-1	VWF	2
M	TACTAGGCACTGCTTC-1	MRC1	1
M	GGAATCTAGAACAGGA-1	BANK1	1
M	CCGTAGGAGCTCGTTA-1	TXK	1
M	ATGTCGAAGCCCATGC-1	NCAM1	2
M	GGGAACACAGTCCTGG-1	PAX5	1
M	GCAGCTGTCTCTGAGA-1	ITK	4
M	GAGGATGTCCGTACGG-1	BANK1	2
M	CCGTAGGTCACTAGCA-1	EOMES	3
M	CTCTCAGAGCAGAATT-1	NCR1	1
M	TGTGGCGAGAACCATA-1	NKG7	1
M	TACTAGGCATTCACGA-1	SKAP1	3
M	TTTGTGTGTTCCATCC-1	KLRD1	1
M	TTGAGTGCACACTAGT-1	VWF	1
M	GGCGAAATCCCAGCGA-1	THEMIS	2
M	TGCTCACAGAATGCTA-1	EOMES	1
M	AGTCAACTCCGAATTG-1	CD28	1
M	TACGCAACATGGCCGT-1	NCR1	1
M	GCCTACTCAGATACAA-1	NCR1	1
M	CGTTCCATCCGGAAAG-1	KLRD1	1
M	GTAGGAGCAAACTACC-1	VWF	1
M	GTGCTGGAGATCACCT-1	VWF	1
M	TGGTCAAAGTTGGAAT-1	NCAM1	2
M	CTACTTACAGCAAACG-1	NCAM1	4
M	CACTAAGCATCCGTAA-1	LCK	5
M	GCAGCCAAGCTTACCA-1	PAX5	1
M	TCCCACATCGCCTTAC-1	EBF1	2
M	CCCTGATTCTCTGACC-1	CSF1R	2
M	TGCACCTTCGATTACG-1	BANK1	3
M	GTCTACCTCTCATCCG-1	EOMES	2
M	TGACTCCTCTTTGCAT-1	NKG7	5
M	GCTGAGCGTGCAAGCA-1	SKAP1	3
M	GGTCATAGTGGCCTTG-1	KRT8	1
M	CACCTTGTCGTGAACT-1	CLEC9A	1
M	AATGGAACAATTCTCT-1	CD4	1
M	GTCACCTGTGAGTTGG-1	VWF	1
M	CTGCGTTCAACAACTC-1	LCK	1
M	AGGCCTGAGTCAGGAC-1	LCK	1
M	GTGGATTAGTAGTCGG-1	PAX5	1
M	GGAACTTTCGGAAAGC-1	EBF1	2
M	ATGTACGGTCATAGCT-1	IL7R	3
M	GCTTGCTGTGGAAGCT-1	ZBTB46	1
M	GGATGAGCAAGGAAGA-1	CD8A	2
M	GCGATCGCAGGCACAA-1	GNLY	2
M	GAGAACGTCCTGACCT-1	CD79A	2
M	TACGGATTCTTCTCTC-1	CD79A	2
M	AGTGCCGAGTCGACCC-1	PECAM1	2
M	TTCATCAAGGTCCTCG-1	KLRD1	2
M	TACGCCTGTTATCGAC-1	NCAM1	1
M	AATGCCACAGCGTACC-1	PRF1	2
M	TGTACAGCACCACGAC-1	PRF1	2
M	ATCCTCGCATTACACG-1	EBF1	1
M	AACCAACCACCCTTTG-1	BANK1	2
M	TACCTATGTATATGGA-1	SKAP1	4
M	GGAATCTTCCCTAAAG-1	KRT18	1
M	TGATTTCCAAGGGTAC-1	PAX5	2
M	TCGGGACGTCCGTAGC-1	EBF1	2
M	TAACGGTGTCAGAAGC-1	ITK	6
M	GAGATTCAGTTGACAA-1	BANK1	3
M	CTAACTTGTCCAACCG-1	MERTK	4
M	TAAGTGCAGCTTACCA-1	COL1A1	1
M	GGTCATACATAGAATG-1	PRF1	2
M	GGTTGCGTCTCTTAAC-1	ITK	5
M	GGAGTAGCATCAGCTA-1	VWF	1
M	GAGCATTTCCTGTGGG-1	SPI1	1
M	CCGTACTAGGTAGGCT-1	CD160	1
M	TGTAGCAGTCAGCAAG-1	EBF1	6
M	CGTAAACGTTCCGGCA-1	EBF1	3
M	TTCGATTCATCGACGC-1	VCAN	1
M	AGCCTGGGTTGAAGCG-1	VCAN	1
M	ATCGAGTCACACTAGT-1	BANK1	3
M	CACATGAGTCAGTGCC-1	ZBTB46	4
M	GCACGCATCCTGACCT-1	GNLY	4
M	ACAATCGCAACGTAGG-1	PECAM1	3
M	TGTTAGGCATTAGCCA-1	SKAP1	1
M	AATACGCTCAAGTTGC-1	CD4	1
M	GTAGTACGTCAGCAAG-1	LCK	1
M	AACATCGTCCGGGCAT-1	LCK	1
M	TCCCACATCGCCTTAC-1	PAX5	1
M	AGCGATTCAGGGCTTC-1	PAX5	1
M	TGCTTTAGTTCCGCGA-1	ITK	3
M	TGTAAGCGTCCGTGCA-1	IL7R	1
M	CGTTCCATCCGGAAAG-1	BANK1	13
M	AAGATAGAGCCAGAAC-1	TXK	7
M	GCGCATGGTGAGAGTC-1	TXK	1
M	CCTTGGTTCGGTTCCT-1	TXK	4
M	GCACCTTCACTGTTAG-1	EOMES	5
M	ACGGATTAGCCATGGA-1	PRF1	2
M	AACCTTTAGCGTCTGC-1	EBF1	3
M	ACAAGCTTCCTGAAAC-1	VCAN	1
M	ATCCTCGAGTGTCGGA-1	BANK1	7
M	AGCCTTCCAGCGTAGA-1	ZBTB46	1
M	ACAGACTTCCATATCT-1	CD8A	1
M	TGTTAGGCATAGATAG-1	KLRD1	1
M	TTAGCTTCATTGTGAC-1	NCAM1	1
M	CTGAATGAGCTTTCCC-1	SH2D1B	2
M	AGTTTGGGTCATAAGA-1	LCK	2
M	AAATGAGTCGGTACTA-1	THEMIS	1
M	ACATGCAGTCTGTGTA-1	BANK1	1
M	GCCTACTCAGATACAA-1	EOMES	2
M	CGTACAATCGTGTGCG-1	CD8A	1
M	GAATCTGTCTAGCAAC-1	KLRD1	1
M	ACAGAAATCTACTTTG-1	PRF1	1
M	GCGGAAAAGCGCCTAC-1	ITK	2
M	GCGTTGGTCCCACTTG-1	ITK	1
M	CCTTGGTTCGGTTCCT-1	VCAN	1
M	TAATCGGCAATAGCGG-1	CD8A	1
M	GGCATTACAAGGTCGA-1	CD79A	1
M	TATGTTCTCTATACCT-1	CD79B	3
M	ATTTGTCCACCTGAAT-1	COL1A1	2
M	CGCTATCGTCATCGTA-1	SKAP1	1
M	AATGGCTAGTAGTTCC-1	SKAP1	3
M	CTCACCATCCACTAGA-1	ITGAM	1
M	TGCCTCAGTAATGCAA-1	CD6	3
M	GTCACTCAGCCCATTA-1	PRF1	1
M	ATCCAGATCCTTGACC-1	MRC1	3
M	TGTAAGCGTCCGTGCA-1	SFTPC	1
M	TGACAACCATACCCGG-1	THEMIS	4
M	TTCATCACACACACCG-1	TXK	1
M	TAGGTGTCAGTGGTCC-1	EOMES	2
M	GCCAGCATCAAACCCA-1	PECAM1	2
M	GCCATAACAGCGTCGT-1	CLEC9A	1
M	TCACCTGAGTAGTCGG-1	KLRF1	1
M	ACATGGTTCCAGGTCG-1	NCAM1	1
M	GTTATTCAGGATTTGA-1	PRF1	1
M	GTTACGACACTAGCCG-1	ITK	2
M	ACTACGATCCACGGCA-1	BANK1	2
M	AATGTCGTCTCTGCAC-1	NCR1	1
M	TCTATTGTCCATGTTT-1	CD79A	1
M	AGACAAAGTACCCACG-1	SKAP1	1
M	AATACGCCAAAGACGC-1	CDH1	1
M	CTAGGATAGGGTGTTG-1	NCAM1	3
M	CAAGGCCAGACTAGGC-1	NCAM1	1
M	GCAGATTTCCGCGATG-1	EBF1	4
M	TACTAGGCACTGCTTC-1	BANK1	5
M	TTCTAACGTCAATCCA-1	TXK	1
M	TTCATCAGTACAAATG-1	TXK	2
M	GCGGTGTTCTACTTTG-1	PECAM1	3
M	GAAAGTAAGATGGCAC-1	SKAP1	1
M	GGGTTATCAATTCTCT-1	FLT3	1
M	CAGTGTATCAAGAGAT-1	CD5	1
M	CGTGGCAAGCTCCGGT-1	MRC1	1
M	TACAGCACATGGGACA-1	CD160	1
M	ATTACTCCACTTGCGG-1	PAX5	1
M	TGTTAGGCATAGATAG-1	PAX5	1
M	ACCTGCTTCACTAGGT-1	THEMIS	1
M	GGCACGTGTGGTAGAC-1	ITK	5
M	AACCTTTGTACGCAAG-1	PECAM1	1
M	TTACCGCAGCACACCC-1	FLT3	1
M	GCAGCTGAGATTAGAC-1	EOMES	1
M	TACTCGCTCACTCGGG-1	CD8A	3
M	ACTATTCAGTCCCGCA-1	NCR1	1
M	GTCACTCAGTCTTAGC-1	PECAM1	2
M	CCGTAGGAGGCGACTA-1	SKAP1	4
M	CGATGATTCCTTTGCG-1	LUM	1
M	GTTATTCAGAGGCAGG-1	KLRD1	3
M	GGATAGGCAAAGCTGG-1	CD5	1
M	ACTACGAGTAGTATCC-1	LCK	1
M	GCGAGTCTCCAACAAC-1	LCK	2
M	TCAGTCCCATATAGAG-1	CSF1R	1
M	GGATGAGCAATCCATG-1	CD14	2
M	TGGTCAAGTGATCAGG-1	MERTK	1
M	CCCGTTACAACAACTC-1	GNLY	1
M	ATCCAGAGTTTCGTTT-1	CD79A	1
M	CTACTTATCCAGAGAG-1	DCN	1
M	CTTCCAGCAAGCCTTA-1	MRC1	1
M	TGTGACAAGTTGAATG-1	CD160	1
M	ACTACGAGTAGTATCC-1	EBF1	1
M	GCGCCAAGTAGCCATT-1	BANK1	3
M	TCTCAGCGTGAGTAAT-1	TXK	1
M	AACCTGACACATCATG-1	TXK	5
M	ACCGAATTCGACTATG-1	MARCO	1
M	CCGTACTCATTGTTCT-1	NKG7	2
M	CTAGCGGAGGGTAATT-1	KLRD1	3
M	AAAGATGGTTCCTATT-1	KLRF1	1
M	CCCGTTATCGAGGTAG-1	LCK	1
M	GGAGTAGTCCTGGGAC-1	PAX5	2
M	GCCCAGAGTTTCGACA-1	CD14	1
M	GCAAAGGTCCAGTACA-1	BANK1	2
M	GCCTAGGAGTGGTGTG-1	IRF8	1
M	CGCTATCTCAATCGTG-1	KLRD1	1
M	CGATGATGTTAGTAGA-1	NKG7	1
M	CCACAGGTCAAATGGA-1	CD79A	2
M	GAACCTAGTATCCTTT-1	KLRF1	1
M	CAGTATGGTACGTAGG-1	NCAM1	1
M	ACTGCAATCTGTCGTC-1	PRF1	1
M	ATCCAGAGTAGGTGAC-1	MRC1	1
M	CTTGTCGAGAGAGGTA-1	CSF1R	1
M	GGGACCTAGACTTGAA-1	GNLY	1
M	TTCAACTAGTTACCAC-1	SKAP1	7
M	GTCACTCAGCCCATTA-1	KRT8	3
M	CGTACAATCTCGCGGA-1	KLRD1	2
M	CAGTGTAGTCAACAGG-1	LCK	1
M	GAGGATGTCTCATCCG-1	PAX5	1
M	ACCCAAAAGCTGAATA-1	SFTPC	1
M	TGAATCGAGAGCGGTT-1	THEMIS	2
M	GATGGCCAGTGAGCAC-1	EBF1	2
M	TGTAGCATCCGCTCTA-1	CSF1R	1
M	TCACAAGCAGCTTACA-1	TXK	2
M	ATCCAGACACCTGAAT-1	TXK	3
M	CAAGCTAGTGTCTCGG-1	CD8A	1
M	GTCACGGGTTTCGATG-1	IRF8	1
M	CCATACCAGGCTCCTG-1	FLT3	1
M	GTAGACTAGGAATGGA-1	PRF1	1
M	GAGATTCGTGATAGAT-1	ITK	1
M	AGCCAGCGTGCACATT-1	NCR1	1
M	TCAGGTAGTAAGTGCG-1	FLT3	1
M	GCCTAGGCAAAGCATA-1	PRF1	3
M	GCCTAGGTCCATGACA-1	SH2D1B	3
M	ATGTACGCAATGGCTT-1	CD160	1
M	TTCATCAAGGTCCTCG-1	EOMES	1
M	GTCACGGTCTCCACTG-1	ZBTB46	1
M	GCAGCCATCCATCTAT-1	NCAM1	8
M	AACATCGAGGAAGAAC-1	EBF1	1
M	AGTTTGGGTCATAAGA-1	KLRF1	2
M	AAACGAATCTAGCTGA-1	NCAM1	1
M	CAAGAAACAGGGAGTT-1	PAX5	1
M	CCTGGGACACTAGCCG-1	THEMIS	1
M	ACTACGAAGCGCCTAC-1	VCAN	2
M	GAGGATGTCTCATCCG-1	CD8A	2
M	CTTGCTGTCCACGGCA-1	GNLY	1
M	TAGGTGTTCCTGTAGA-1	CD79A	3
M	GCATGATAGACTAATG-1	CDH1	2
M	ATGTCGACAGGTGTGA-1	KLRF1	1
M	CTAGGGCAGAACCCGA-1	SPI1	1
M	GTGTCAACAGTAGGCA-1	THEMIS	2
M	GAGGCTCGTTCTGAAC-1	CSF1R	1
M	TACTAGGCATTCACGA-1	TXK	1
M	AAAGGGCCAAGACACG-1	COL1A1	1
M	TTTGGTTCAGGTCCTG-1	SKAP1	1
M	GCCTACTAGAAGGGCG-1	CD4	1
M	TAAACCGGTGCGTAGA-1	NCAM1	1
M	GCAGATTAGCTCGGCT-1	PRF1	3
M	GGTGCTGCAAGGGTAC-1	SH2D1B	1
M	AACCAACTCGATGTAC-1	CSF1R	7
M	ACCTGCTCAGGACCTC-1	BANK1	4
M	TTAGCGACACGATTAC-1	CD8A	1
M	GAATCTGTCTAGCAAC-1	SKAP1	2
M	GACCCAGGTGCACATT-1	IRF8	2
M	ATCCAGAGTATCTAGC-1	KLRD1	1
M	GCTTGCTTCCATAACG-1	MRC1	2
M	TAACAGCCATAGCAGG-1	CD28	1
M	CCTGGGATCGTCTTAT-1	PECAM1	3
M	CCGTACTCATTTCTTG-1	ITGAM	1
M	GCTTGCTTCCATAACG-1	ITGAM	1
M	GCTGTTCAGTAGGAAG-1	DCN	1
M	AATGGCTTCGGGTCCA-1	PRF1	3
M	CGGTGCACAAGTTCGT-1	ITK	6
M	TGCATTTGTGGCCTCA-1	ITK	3
M	TGACAACAGTCGGGAT-1	BANK1	1
M	ATTACTCCACTTGCGG-1	CD28	1
M	GGAGGATTCGGTTGTA-1	CD4	1
M	GCATTGAAGACTTCCA-1	NCAM1	7
M	GGTGCTGAGAACGTCG-1	EBF1	1
M	GTTGGTAGTAGTCTGT-1	EBF1	2
M	CCGAAGCAGTTCGACT-1	ITK	2
M	TATGTGGAGTAACTCC-1	VCAN	1
M	TGCACCTAGACTCTTG-1	GNLY	1
M	TGACAACTCTCATATC-1	NCR1	2
M	TTCGGTCCAAGGAAGA-1	KIR2DL4	1
M	TGTACAGTCGCTCGGA-1	COL1A1	1
M	GCTTTCGTCGCTATTT-1	THEMIS	2
M	CACCTTGGTCATCAAC-1	EBF1	1
M	CACATGATCGCCACTT-1	EBF1	1
M	AGTCCGGTCGCCTTAC-1	CD14	1
M	GCGTTGGGTAGCTGTT-1	VCAN	1
M	GATTGACGTGTCGTCG-1	TXK	2
M	GGATGAGGTGCCCGAT-1	EOMES	1
M	AAACGAAGTACGACCC-1	CD28	1
M	TACATGGCAGCAACAG-1	NCR1	1
M	TGCCTCAGTGGAAAGA-1	PECAM1	2
M	CGATGATTCCTCAAGA-1	SKAP1	1
M	TTACCCGAGATCCGAG-1	SFTPC	2
M	TTTGCGCTCGTAGCGC-1	IL7R	1
M	TGACAACCATACCCGG-1	DCN	1
M	TGATGCATCGATGCAT-1	KLRD1	1
M	TGACTCCAGGAAGGTA-1	MERTK	1
M	GCTCCTATCGTCGCAG-1	CD8A	1
M	TCGGGACCAATGGTAA-1	IRF8	4
M	GGCATTACAAGGTCGA-1	ITK	8
M	GTGGCGTTCTTCCAGC-1	VCAN	1
M	GTGTCAATCGATTACG-1	IL7R	2
M	AACAAAGAGAGCCACA-1	BANK1	7
M	CCGTACTGTCCAGACC-1	ZBTB46	2
M	CCTGGGATCGTCTTAT-1	MERTK	2
M	AGTGCGCCATGGATGG-1	NCR1	1
M	CTTTGCGGTTCTGATG-1	KIR2DL4	1
M	CGCACAGCAGACCTGC-1	KIR2DL4	2
M	CTCTACGAGTCTCCAA-1	CLEC9A	2
M	AACCGATGTGCGTTTA-1	CD28	1
M	GTGTCAATCCGGCTGA-1	CD8A	2
M	ACAGAAACAACTCAAC-1	COL1A1	1
M	TCACCTGAGGTCTTTG-1	ITGAM	1
M	AGTCCGGTCGCCTTAC-1	ITGAM	1
M	GCAGATTTCCGCGATG-1	KLRF1	1
M	AGTCCGGCACAAGTGG-1	LCK	1
M	AGGCGAATCCATATCT-1	CSF1R	1
M	GCCTAGGTCTGGCACG-1	VCAN	1
M	GTTATTCAGAGGCAGG-1	BANK1	1
M	AAATGAGGTTAGTAGA-1	VWF	3
M	ACCGGGTAGTCCGTGC-1	NCAM1	3
M	GGTGTCGCACAAACAA-1	PRF1	5
M	TGATGCACACATTCTT-1	EBF1	1
M	TGTACAGTCGCTCGGA-1	KLRD1	3
M	AGTGCCGAGTCGACCC-1	KLRF1	1
M	GAGGCTCGTTCTGAAC-1	LCK	1
M	GTGGATTGTTCCCTTG-1	NCR1	1
M	CGTACAATCGTGTGCG-1	VWF	2
M	TGCTTCGGTCTCTAAG-1	PAX5	1
M	CCGTACTAGGTAGGCT-1	ITK	4
M	GGTCATATCACTAGGT-1	TXK	1
M	CCTGCTACAAGCAATA-1	EOMES	2
M	AACCAACTCTTTGCAT-1	EOMES	1
M	GGAACCCGTCAGAAAT-1	ZBTB46	1
M	ACATGGTGTTTGACCA-1	MERTK	1
M	ACCGGGTAGTGATCTC-1	NCR1	3
M	ACCATCCAGAAAGGGT-1	SKAP1	6
M	CTCTACGTCTGATCCC-1	MRC1	1
M	CAGCTGGTCGGGAATG-1	MRC1	2
M	GGTCATACATTACTCT-1	BANK1	5
M	GCCCAGATCAGGTTTG-1	NKG7	1
M	CCCACATGTGCAAGAC-1	PECAM1	4
M	CGGTGCAGTAACCGAG-1	CD68	1
M	GAAGTCTAGTTATGAG-1	KLRD1	1
M	GCCCAGAGTGGTAGAC-1	CD6	2
M	GTTACGATCAGATACC-1	SPI1	1
M	GGAACCCGTCCGAGCT-1	PRF1	1
M	ATAGGCTAGCGATACG-1	SH2D1B	1
M	TGATTTCCATTGTTCT-1	LCK	1
M	TTGACGATCACCGCGA-1	CSF1R	1
M	GAAGTCTAGGGATCCA-1	BANK1	2
M	GATTAGCCAAACCCTA-1	TXK	1
M	GGACACCTCTAAACGC-1	KIR2DL4	3
M	GTGTGATCAGTAACTC-1	PECAM1	1
M	TCAAAGCGTATTTGCG-1	FLT3	2
M	TCGCCTACATCGGCTG-1	CD3D	1
M	GTCACTCAGTCTTAGC-1	MRC1	2
M	ATGTTTCGTCGAGAAC-1	EBF1	3
M	GCGGTGTGTAGTGATA-1	ITK	1
M	ACAGCGCTCAAATGGA-1	TXK	1
M	TGACTCCAGGAAGGTA-1	KIR2DL4	1
M	TCAAGCAGTACTTCAG-1	PECAM1	2
M	TCCCACACACAAACAA-1	MERTK	1
M	ACCATCCTCTGGCCAG-1	IRF8	1
M	CCCAGAGTCCCAGCGA-1	PAX5	1
M	CGTAAACTCGCATAAC-1	ITK	3
M	CACTAAGAGCTCCGGT-1	CD14	2
M	CTAGGGCTCGAACCGC-1	EOMES	1
M	ACCATCCTCTGGCCAG-1	CD8A	1
M	TTCTAACAGGAGTACC-1	PECAM1	1
M	TAGTCCCGTGGATTCT-1	CD6	1
M	GTAGGAGGTCACTCTC-1	ITK	2
M	ACCTGCTTCACTAGGT-1	TXK	2
M	TCAGGTACATTGCACA-1	NCR1	2
M	GGTCATAGTTTGTGAC-1	KLRD1	3
M	AGGACGATCCACGAGC-1	VWF	5
M	ACTAACGTCGAACACT-1	VCAN	1
M	TTGAGCATCCTGACCT-1	MARCO	1
M	CTGCTCACACCAAGGA-1	PECAM1	1
M	CCTTGGTTCAGTGGTT-1	ITGAM	1
M	ACGTGGCCACTGGGCT-1	KLRF1	1
M	ACAGGCCGTTTGACCA-1	NCAM1	2
M	CACATGACAGGTAACG-1	PRF1	1
M	GGGACCTGTATTCTTC-1	EBF1	1
M	GAGGCTCAGAACGACC-1	BANK1	2
M	GGTGCTGGTTCCATCC-1	TXK	1
M	ACAGCGCTCCATGACA-1	ZBTB46	1
M	GTCACTCAGCCCATTA-1	CD8A	1
M	GAGGCTCAGAACGTCG-1	NCR1	2
M	CTCGCTAAGCTGCTCG-1	CD79A	2
M	ATGTACGTCTGGCGCA-1	CD79A	2
M	GCGCCAACAAGTAACA-1	COL1A1	1
M	TCACCTGAGGTCTTTG-1	KLRD1	1
M	ACTAGGTTCCATAACG-1	KLRF1	1
M	CGAGTTAGTACTTCAG-1	PRF1	1
M	GGGTCTGCACTCAAGT-1	SH2D1B	1
M	GCCCGAACATTGTGAC-1	VCAN	1
M	CTCCCAATCATTCATC-1	CD79A	1
M	GTCACCTAGAAATTCG-1	THEMIS	1
M	TGGTCAATCGAGAAGC-1	TXK	1
M	TATTGCTGTATCCTTT-1	TXK	3
M	ACATGCAGTATTTGCG-1	EOMES	1
M	GCTGAGCGTTTGCCAA-1	CD79A	2
M	GCTGAGCAGTCGAGCA-1	KLRD1	10
M	GTCTACCTCCAGAATC-1	KLRD1	11
M	TTTACGTTCGCGTTCT-1	NCAM1	1
M	TTGCAGACATCCCAAA-1	VCAN	1
M	ACGGATTCATGTGAGG-1	BANK1	1
M	GTGCCAGAGTTAGAGT-1	MERTK	1
M	TTATGTCCATTCCCGT-1	NCR1	1
M	AGTGCGCTCGTCAACA-1	NCR1	1
M	GGTCATAAGATTCCGT-1	NCR1	1
M	ACTGTCCGTGTCTCGG-1	KIR2DL4	2
M	TGTGGCGCAGTCCTGG-1	SPI1	1
M	TCGGGACGTCCGTAGC-1	BANK1	4
M	CGCAATACAATGCCAT-1	MERTK	1
M	AGTCCGGTCCTAGAGT-1	CD8A	4
M	GAAGTCTAGTAATCAG-1	CD8A	1
M	GAACCTATCAGCCGGT-1	IRF8	2
M	GGCATTAAGTAGTGTA-1	IRF8	2
M	CGTAAACCATCACAAC-1	KLRD1	2
M	ACAAAGATCCAGCACG-1	MRC1	5
M	TATGTTCTCAAAGTAG-1	SH2D1B	1
M	CCACGTTTCCATGTTT-1	PAX5	2
M	TACCTATGTTTAAGGA-1	BANK1	4
M	TGCATTTCATTACTCT-1	CD28	4
M	GTACTTTCAAGATGCG-1	EPCAM	1
M	GCGAGTCTCCAACAAC-1	PECAM1	1
M	GGTGCTGCACTCGGAC-1	SKAP1	1
M	CTGCGTTTCGCTAGTA-1	PRF1	1
M	GTTGGTACATTATGGC-1	MRC1	1
M	AGGACGATCCACGAGC-1	SH2D1B	6
M	TGGTCCTGTGCCCGAT-1	LCK	1
M	CTTGCCATCGCGTGAC-1	ITK	12
M	GAGCATTTCAGGAATA-1	CD8A	2
M	TAATTCCAGAACCATA-1	CD8A	3
M	GCCCGAACATGATTGC-1	ITK	1
M	GTTGGGCAGTATCTGC-1	SKAP1	1
M	GTCACAAGTAGTCTGT-1	CDH1	1
M	TCGAGCGGTGATGCTT-1	CDH1	2
M	GACCCAGAGGTCTTTG-1	KLRC1	1
M	GTCACAATCTTTCGAT-1	PRF1	1
M	GCCCGAAGTTCCATCC-1	CD160	1
M	GGATGAGCAAGTGGCA-1	PAX5	1
M	GTGTCAATCCGGCTGA-1	ITK	6
M	CACTGAACAACAAACA-1	BANK1	1
M	GGCATTAAGTAGTGTA-1	CD28	1
M	ATCGAGTCACACTAGT-1	CD8A	1
M	TACCTATAGACAGCTG-1	CD8A	4
M	GGGACCTTCATAGGTC-1	NCR1	1
M	AAATGAGAGTGCTGAG-1	COL1A1	1
M	TAGCATGTCCACCTAC-1	SKAP1	2
M	AGTGTACGTCATCGTA-1	IRF8	2
M	TGACAACTCTCATATC-1	IRF8	1
M	GCTGAGCGTTTGCCAA-1	CD160	1
M	GTGACATGTTTGCATG-1	LCK	2
M	TATCGAGAGATGTTGA-1	EBF1	3
M	GATCATGGTATCTCAG-1	ITK	1
M	CATGCCTGTCAGAGTG-1	NKG7	1
M	GGAATCTAGAACAGGA-1	NKG7	1
M	TCGAGCGGTGATGCTT-1	KLRD1	10
M	ACGTGGCAGACCATAA-1	CD4	1
M	GCAGATTTCCGCGATG-1	VWF	3
M	TCACCACTCCCGTAGG-1	NCAM1	2
M	GGAACCCGTCAGAAAT-1	THEMIS	2
M	GCGGAAATCTCGCGTT-1	IL7R	4
M	TTGCTATCACGCTGTG-1	GNLY	2
M	AGCTATGTCCATGACA-1	EPCAM	1
M	ACGTTAGTCACTTACT-1	SKAP1	3
M	TGAGCCGTCCAAGTCA-1	CLEC9A	1
M	AACATCGGTATTCTTC-1	KLRF1	2
M	TTGACGAGTTACCACA-1	NCAM1	1
M	AAACTCGTCGCATACA-1	CD1C	1
M	GCCCAGAGTCCCTAAA-1	CD160	2
M	ATGGATCGTTTCGACA-1	THEMIS	3
M	TGATTTCAGGAGTACC-1	ITK	1
M	CACCTGTTCTACTTTG-1	CD14	1
M	GAGGCTCAGCTCCGGT-1	VCAN	1
M	AGTCCGGGTATCTAGC-1	TXK	1
M	ATGGATCAGGCTGGAT-1	EOMES	2
M	CGTAAACTCTCTTCTC-1	CD28	1
M	ATCCTCGTCCGTTAGA-1	MARCO	1
M	GGTCATAGTGGCCTTG-1	CD3D	1
M	ACTAGGTTCCATAACG-1	PRF1	1
M	TACTCGCGTCACCCGA-1	LCK	1
M	GCAGATTGTCTGTGTA-1	EBF1	1
M	GCCCAGATCAGGTTTG-1	ITK	1
M	TATGTTCTCGGTTCCT-1	VCAN	1
M	CGCTGGATCACTCCCA-1	BANK1	7
M	CACCACTAGCACACCC-1	CD79B	1
M	CGCTGGAGTACGTAAA-1	THEMIS	1
M	TTTGCGCTCGTAGCGC-1	ITK	2
M	GACTAGTTCAAATGGA-1	BANK1	4
M	AACCAACTCGGTCAGC-1	CD28	1
M	GCTCCTAAGATATGAC-1	COL1A1	1
M	GCCTAGGTCTGGCACG-1	SKAP1	4
M	CTCTACGCAACACGGA-1	KRT8	1
M	CCAATGAGTTAACCGT-1	VWF	1
M	CAACGGCAGTGAACCG-1	NCAM1	1
M	TGATTTCTCCTCTCTT-1	CD5	1
M	AGCCAGCTCTTATCAC-1	PRF1	3
M	TATTGCTCAGCTTACA-1	MRC1	2
M	CAGTGCGAGATTGACA-1	TXK	3
M	GTCACAACAGGTCTGC-1	TXK	2
M	CCATACCCAAGCGAAC-1	DCN	1
M	ACAAACCAGTGTCCCG-1	KLRD1	1
M	TCGGGACGTCCGTAGC-1	VWF	1
M	AGCGTATCACTAGCCG-1	ITK	6
M	GCAACCGTCCTCCCAA-1	TXK	4
M	CCTTAATCAAAGGCCA-1	NCR1	4
M	TAAGCCATCCGCGATG-1	KIR2DL4	3
M	GAGGCTCAGAACGACC-1	SKAP1	3
M	ACTACCCCAAGTAACA-1	CD6	1
M	CTCCCAAAGAAGCCGT-1	MRC1	2
M	GGAATCTAGAACAGGA-1	ITK	5
M	TCAGGTAAGCTCCGGT-1	IL7R	4
M	TATGTTCTCGGTTCCT-1	CD8A	1
M	CCTGGGATCGTCTTAT-1	CD79A	2
M	CTTCTAATCGGGATCC-1	COL1A1	1
M	TATGTGGCAGTTCGGC-1	IRF8	6
M	TTAGGTGGTCCGAGCT-1	SFTPC	1
M	ACCTGCTTCGTAGCGC-1	TXK	1
M	CCTTAATCAAAGGCCA-1	CD79A	2
M	GTGGATTAGTAGTCGG-1	ITGAM	2
M	GCTGAGCGTGCAAGCA-1	CD3E	2
M	CCGTAGGCAAGGCTTT-1	PRF1	3
M	ACAAAGATCCACTAGA-1	EBF1	1
M	AAACGAATCTAGCTGA-1	CSF1R	1
M	TCGATTTTCTGACATG-1	EOMES	2
M	TCAGGTATCACCCTTG-1	CD28	3
M	ATTACTCCACTTGCGG-1	NKG7	1
M	TGCTATTAGTGCTGAG-1	CD79A	2
M	GCCTAGGGTGGATTTC-1	IRF8	1
M	ACATGCATCCTAAGTG-1	NCAM1	3
M	AAGATAGAGATATGTG-1	NCAM1	1
M	TAGCCCTCATTTGTTC-1	MRC1	1
M	CTCAGCTTCTCTTAAC-1	SH2D1B	1
M	TGGGTGCCATCGTGAT-1	ITK	2
M	CCGTAGGTCACTAGCA-1	GNLY	4
M	TGTACAGCACCGAATT-1	PECAM1	1
M	CTGAATGAGCTTTCCC-1	SKAP1	4
M	CGTACAAGTTGTGACT-1	KLRD1	1
M	CCACGTTGTCGAGGAT-1	PRF1	4
M	ACTTCCGGTGTCCAGC-1	PRF1	2
M	CTGCGTTGTGCGCTCA-1	BANK1	4
M	CCCACATCAGGATGTG-1	TXK	1
M	CAGGATTAGATTCCGT-1	EOMES	1
M	GTGTCAATCTCTTCTC-1	NKG7	3
M	GTGGATTCACGCTGTG-1	COL1A1	2
M	AGCCAGCGTGCACATT-1	IRF8	1
M	GAACGTTAGGTTGTGG-1	DCN	1
M	CGGTGCACAGCGTCGT-1	CD3E	1
M	AGTCAACGTGTTTCTT-1	ITK	1
M	GCGAGAACAGGGTACA-1	NCR1	1
M	ACGTGGCAGACCATAA-1	COL1A1	1
M	TTGACGAGTTACCACA-1	IRF8	3
M	TCACAAGAGTAGCAAT-1	LCK	2
M	AGATAGATCCCTATTA-1	CD28	1
M	CACAGATCATGATCGT-1	GNLY	1
M	TCAGTTTTCTGAAAGA-1	SKAP1	6
M	GTGTCCTTCGAACACT-1	DCN	1
M	TGACAACTCTCATATC-1	PRF1	3
M	AGCGATTAGCCTGTAT-1	ITK	4
M	ACCTGCTTCTCTGACC-1	ITK	4
M	TGTGGCGCAAGGAACC-1	KRT8	3
M	TCTCTGGAGTCGCCTG-1	CD5	1
M	TTACCGCCAGGTAGCA-1	LCK	1
M	TGATTTCTCGTGAGTT-1	THEMIS	1
M	AAGGAGCCACGATTAC-1	IL7R	1
M	TTCTAACTCCCATAGA-1	BANK1	6
M	GCGATTATCAATTGGC-1	EOMES	1
M	TTCGGTCTCGCTACCT-1	ITGAM	2
M	GGTGTCGCAACTTGGT-1	FLT3	1
M	TTACCGCAGGCAATTA-1	KLRF1	3
M	TGTTAGGCATAGATAG-1	CD4	2
M	ACCGCAGGTCTGGGCT-1	CD6	1
M	ATCCTCGGTTTCTACT-1	ITK	2
M	ACCCAAAGTTAGAGAT-1	VCAN	1
M	TGCTATTAGTGCTGAG-1	TXK	4
M	ATCCTGCCAAATTCCG-1	MERTK	2
M	AGGACGATCCACGAGC-1	EPCAM	2
M	CACAACACATCGACCG-1	SKAP1	4
M	AGCTGGCTCGTCTTAT-1	PRF1	2
M	CACTGAACAAGCGACA-1	SH2D1B	1
M	TATGTTCTCAAAGTAG-1	PAX5	4
M	TCAGTCCCATATAGAG-1	THEMIS	3
M	AGTTACGCATAAAGTG-1	VCAN	1
M	ACCTGCTTCCAACGCG-1	TXK	2
M	GTGTGATCAGTAACTC-1	NKG7	2
M	GTGGATTAGGCGATTG-1	NKG7	1
M	CTGGGACCAACAAACA-1	PECAM1	1
M	GTTGGTACATTATGGC-1	SKAP1	4
M	TAGCCCTCATTTGTTC-1	DCN	1
M	TTCTGTAAGTTGCGCC-1	KLRF1	1
M	AGGACGACAGCGCGTT-1	MERTK	1
M	GGAGTAGTCCTGGGAC-1	SKAP1	7
M	CGTAAACTCGCATAAC-1	KLRD1	2
M	ACCAAACCATGCGACC-1	KLRD1	2
M	GTCCATCAGGGTATCG-1	ITK	2
M	TACCTATCATAGCCGC-1	IL7R	1
M	TCAGGGCTCTGGTACA-1	ZBTB46	2
M	TAGGTGTTCCTGTAGA-1	NCAM1	3
M	ACATGGTAGTCAGCCC-1	MRC1	1
M	TTAACGGAGTGCACAG-1	ITK	2
M	GTAGGAGCAGGTTATC-1	BANK1	3
M	CTGAATGAGCTTTCCC-1	GNLY	1
M	TGCTCACAGAATGCTA-1	THEMIS	1
M	GTAGACTTCTCTCAAT-1	THEMIS	1
M	GAGGCTCGTTCTGAAC-1	ITK	1
M	CTCTACGCACGCTCAG-1	MERTK	4
M	AACATCGAGTACGCGA-1	GNLY	1
M	GTGCTGGAGATCACCT-1	GNLY	1
M	GACCGACCATAAAGTG-1	KLRD1	3
M	GTGGCGTGTTCTGAGT-1	KLRD1	1
M	GCATTGATCTCTCAAT-1	KLRD1	2
M	TCAGGTACACAAACAA-1	KLRD1	1
M	GGAGAACAGACCATAA-1	PRF1	3
M	AGGACGATCCACGAGC-1	PAX5	2
M	GGCACGTGTGGTAGAC-1	SKAP1	9
M	CTAGCGGAGGGTAATT-1	CD3E	1
M	CGTTCCAGTTCTTAGG-1	MRC1	3
M	TAGACTGCATCATAGC-1	VCAN	2
M	CCCTAACTCTGGCACG-1	BANK1	1
M	CCATACCGTGGCATAG-1	TXK	1
M	ATTGTGGCATCCATAG-1	EOMES	2
M	GGTTGCGTCATTCATC-1	CD79A	2
M	GACCCAGGTTGAATAG-1	VWF	4
M	CACTAAGCATCCGTAA-1	CD6	9
M	GAGGCTCAGAACGTCG-1	BANK1	2
M	CCACAGGTCAGGAAGC-1	KLRD1	2
M	TCACAAGCAAGTTGCT-1	VWF	1
M	GTCTACCTCCAGAATC-1	CD6	1
M	GTCACTCAGAGCGAAA-1	PAX5	1
M	TTGCGGGTCAATTCCT-1	PAX5	1
M	CCGTAGGCAAGGCTTT-1	PAX5	1
M	AGTGTACGTCATCGTA-1	TXK	3
M	AGCCTGGGTTGAAGCG-1	PECAM1	2
M	CCGAAGCAGTTCGACT-1	CD79B	1
M	TGACAACCAAGACACG-1	MRC1	1
M	CAAGAAATCCATATCT-1	CD160	1
M	TGTGGCGCAGTCCTGG-1	EOMES	1
M	TTTGTGTCACACATGT-1	ZBTB46	1
M	AACCAACGTAACGGAC-1	KIR2DL4	1
M	TCCGACTCAACGGGTA-1	SKAP1	1
M	GGGTTATCAATTCTCT-1	KLRD1	3
M	TCCATCGCACATTGCA-1	CD3E	1
M	GAAAGTAGTAACGGTG-1	NCAM1	1
M	AGATTCGTCCGTGCGA-1	EBF1	1
M	AACCAACTCTTTGCAT-1	CSF1R	1
M	AGTCAACTCCGAATTG-1	ZBTB46	1
M	CATGCCTCACCCTTTG-1	CD28	3
M	CTGGCAGCATACCCGG-1	SKAP1	3
M	ATGTCTTCATTGCCTC-1	MRC1	2
M	TATTGCTGTATCCTTT-1	ITK	2
M	TCAATTCTCTTTATCG-1	BANK1	9
M	CACTAAGAGCTCCGGT-1	GNLY	1
M	ATCCTCGTCTAGCTGA-1	CD79A	3
M	TGCATGAAGTAACTCC-1	IRF8	1
M	ACATGGTCAACACGGA-1	KRT8	1
M	ACTACCCCAAGTAACA-1	CD4	1
M	GCAAAGGAGCAATGTA-1	CD3G	1
M	CTGCGTTGTGCGCTCA-1	NCAM1	3
M	GTCTACCTCCAGAATC-1	EBF1	3
M	TCGCAGGCAACGGGTA-1	IL7R	1
M	TCTAGTTGTGTCGTCG-1	BANK1	1
M	CACCACTGTTCTTTCA-1	CD8A	2
M	TGGTCCTGTGCGCATC-1	NKG7	1
M	GATTAGCGTTGCAGAG-1	CD79A	1
M	GATTAGCTCGGGATCC-1	CD79A	1
M	TCAAGCACAGAAAGAG-1	PECAM1	1
M	TTCATCACACACACCG-1	CD68	1
M	TGTACAGCACCACGAC-1	ITGAM	2
M	GGTCATAGTATTCGAC-1	CD3G	1
M	CGGTGCACAAGTTCGT-1	LCK	2
M	TGGACATAGTCGAGCA-1	PAX5	1
M	TGACTCCCAGTAAGCG-1	PAX5	1
M	TGATTTCCAAGGGTAC-1	EBF1	1
M	TCAGGGCTCTGGTACA-1	TXK	3
M	TACCTATAGACAGCTG-1	CD3E	1
M	GTACTTTGTGTCTACA-1	NCAM1	1
M	CGCAGGTGTAGATGAT-1	PRF1	3
M	TAACAGCGTGTAGGAC-1	SH2D1B	1
M	GCTGAGCAGTCGAGCA-1	PAX5	1
M	CCGAAGCAGACCCTAT-1	ITK	5
M	GAGAACGCAGCAACAG-1	ITK	5
M	ATTACTCCACCCTTAC-1	EOMES	1
M	ACTGTCCGTCACCCGA-1	EOMES	1
M	CCCACATGTGCAAGAC-1	CD8A	3
M	ATAGTCGTCCGTACGG-1	EPCAM	1
M	GGAATCTAGTCTGTGT-1	CD79A	4
M	AGCGTATCATATACGC-1	SKAP1	1
M	GAAGTGGGTCCCGAGT-1	FLT3	1
M	TATGTTCTCAAAGTAG-1	KLRD1	1
M	ACCATCCAGATGTTCC-1	KLRF1	1
M	TGACTCCGTGGTTCTA-1	KLRF1	2
M	ACGTTAGTCCATTGTT-1	VWF	3
M	ACCAAACGTGAGGTCA-1	CD3D	3
M	ACCATCCTCGTTTGAG-1	CD6	2
M	TGCCTGTGTATTGTCG-1	PAX5	1
M	CTGGGACCAACAAACA-1	THEMIS	2
M	GTCACAACAGGTCTGC-1	ZBTB46	1
M	GAAGTCTAGTAATCAG-1	CD6	1
M	TGCTTTAGTTCCGCGA-1	THEMIS	1
M	CACAGATGTCAACAGG-1	ITK	3
M	TCACCACGTGGAAGCT-1	TXK	2
M	GTCGTAAGTGCTGAAG-1	SKAP1	6
M	TGTGGCGCAAGGAACC-1	KLRF1	4
M	CAAGAAACAGGGAGTT-1	KLRF1	1
M	GGAGAACAGACCATAA-1	MRC1	2
M	CGCTATCCAACATAAG-1	PAX5	1
M	AAACTGCTCTTTGCAT-1	CD28	3
M	TCGAGCGGTGATGCTT-1	SKAP1	7
M	TGCATTTCAACTCAAC-1	KLRD1	6
M	GAAACAATCGCCAGAC-1	KLRF1	2
M	TAGGTGTGTTACGCTA-1	CD6	1
M	TGCGTAAGTGTCTCGG-1	BANK1	1
M	TTTACGTTCTGGCTAA-1	EOMES	1
M	TTGCTATCACGCTGTG-1	MARCO	1
M	ACTACGATCCACGGCA-1	GNLY	1
M	CCCTGATCAACACGGA-1	KIR2DL4	1
M	TGGCCTTAGCCCATTA-1	PECAM1	1
M	TTCGTTAGTTCAGAAA-1	ITGAM	2
M	TCAAAGCGTATTTGCG-1	VCAN	1
M	CCTGGGAGTAACCGAG-1	BANK1	3
M	TGGTCCTGTGCGCATC-1	KIR2DL4	1
M	ACAGGCCAGCGGACTA-1	SKAP1	1
M	GTGTGATAGGCTTTAC-1	IRF8	1
M	TTGTTCAGTCCTTCAC-1	LCK	2
M	CGTGGCAAGCTCCGGT-1	BANK1	4
M	GAGAACGTCTCGTAGA-1	BANK1	1
M	GAGACTTGTGTTAGAA-1	MERTK	1
M	CTACTTACAAGCCCTG-1	LUM	1
M	GCAGCCAAGCTTACCA-1	CD3D	2
M	TGTAAGCGTCCGTGCA-1	NCAM1	9
M	ACAGACTTCCATATCT-1	MRC1	2
M	CCTAAAGCATCGTACA-1	MRC1	1
M	GTCACAAGTTCTGATG-1	THEMIS	3
M	TCGATTTCATATTGGC-1	ITK	6
M	AAGATAGAGGCGACTA-1	BANK1	1
M	CAAAGCTGTCATAGAA-1	CD8A	1
M	TGAGTCAAGCAGAGCT-1	CD8A	1
M	CGTTCCAAGGAGTACC-1	KLRD1	5
M	AAGATAGAGATATGTG-1	CD3E	1
M	TCAGTCCCATATAGAG-1	PRF1	1
M	TAATCGGCACAGATGG-1	SH2D1B	1
M	AGTCCGGTCCTAGAGT-1	PAX5	2
M	ATTCGTTCAAGAGATT-1	EBF1	1
M	CACAGATAGTCGAGCA-1	VCAN	2
M	TCCAGAATCCATCGAA-1	BANK1	2
M	CCGTACTCATTGTTCT-1	BANK1	1
M	GTAGTACCATGGCCTG-1	CD8A	1
M	TGGGTGCAGCTTACCA-1	KIR2DL4	1
M	CATAACGGTGAGTTGG-1	SKAP1	3
M	TGATTTCCAAGGGTAC-1	CLEC9A	1
M	GTCTACCTCCAGAATC-1	KLRF1	1
M	GTGTCCTCAAGATTAG-1	PAX5	1
M	GTCACAACACGCTGTG-1	PAX5	2
M	ACAAAGAAGGGTAGTC-1	BANK1	2
M	TTGAGCACAACGTACT-1	EOMES	1
M	GCCCGAATCAGTGTGT-1	IRF8	1
M	TCAGGTAAGCTGCCAC-1	LUM	1
M	GCTTAAGGTTACACTG-1	KLRD1	6
M	GTGACATCAATGGCTT-1	NCAM1	2
M	GCCCAGAGTCCCTAAA-1	KIR2DL4	1
M	TAAACCGGTGCGTAGA-1	COL1A1	1
M	GTTGGGCGTCTGATTG-1	KLRD1	1
M	TAGCTTTTCGTCCCAT-1	CD4	1
M	TTGCCCACATAGCCGC-1	CD3E	1
M	AACCGATGTGCGTTTA-1	EBF1	1
M	AACTTGGGTGCTGTCG-1	EBF1	3
M	TGACTCCTCTTTGCAT-1	IL7R	2
M	TATGTTCCAAGCAACG-1	PECAM1	3
M	CAGCCTTAGGCACTAG-1	SKAP1	3
M	GAGACTTCACTTTGGA-1	SKAP1	2
M	TTGCTATCACGCTGTG-1	CD3E	1
M	AACATCGAGTACGCGA-1	MRC1	2
M	GCACGCACAAGGTTCT-1	LCK	1
M	AGGACGACAGCGCGTT-1	ITK	3
M	GCGATTACATGCGTTA-1	EOMES	1
M	TTACGTTCATGGTAAA-1	NCR1	5
M	TCACTCGCACTGAAGG-1	FLT3	1
M	CAATCCCTCGAGTGTT-1	CD3E	1
M	ATGGATCGTTTCGACA-1	PAX5	1
M	TCGAGCGTCGGATCGC-1	SFTPC	1
M	TCGCAGGAGCCTCGCA-1	BANK1	2
M	TACGGATCACCAAGGA-1	TXK	2
M	TCACCTGAGTTCAGGG-1	CD28	2
M	GTAGACTTCTCTCAAT-1	VWF	3
M	TAGCACATCTGCTACC-1	PRF1	5
M	CAGTGTATCTCGCGTT-1	EBF1	1
M	AGTCCGGTCGCCTTAC-1	ITK	5
M	TTCGGTCTCTTTATCG-1	KLRD1	2
M	TTGTTGTAGTCGTGAG-1	PRF1	3
M	CTTGCTGTCCACGGCA-1	SH2D1B	2
M	AGCCTTCGTAAACGTA-1	LCK	1
M	TTAACGGGTTCCCGGA-1	BANK1	4
M	TAAACCGCAGGAGCAT-1	DCN	1
M	GCCAGCATCAAACCCA-1	CD160	1
M	CTCTAGCTCGGAGTTT-1	CD79A	1
M	AGTTTGGGTGGACAGT-1	PECAM1	2
M	CCGTACTGTGCCGGTT-1	VWF	2
M	GAAAGTAAGATGGCAC-1	NCAM1	1
M	TTGGTCCAGGTGATGC-1	THEMIS	2
M	TAGCTTTTCGTCCCAT-1	IL7R	4
M	AACGAGGAGCAACGGT-1	ZBTB46	1
M	ACCAAACGTGAGGTCA-1	CD28	1
M	GAGATTCGTGATAGAT-1	NCR1	2
M	CATGCCTAGGGAGTTC-1	CD3E	2
M	CTCTACGAGTCTCCAA-1	MRC1	1
M	CTTCTAATCCCAATAG-1	CD160	1
M	CATTCCGCAACGTACT-1	ZBTB46	2
M	GGGACCTAGTTGGAAT-1	MARCO	1
M	ACCCAAAGTTAGAGAT-1	MERTK	1
M	TCACCTGAGTAGTCGG-1	KIR2DL4	5
M	CCCGTTAGTGCTGTGC-1	IRF8	1
M	ACGTTAGAGTTACACC-1	KLRD1	4
M	AAACTGCCAGTCCTGG-1	PRF1	1
M	GTCCATCAGCTTTCCC-1	MRC1	1
M	TGGCAATGTTCATTTC-1	CD14	1
M	TAATCGGCACAGATGG-1	KLRD1	3
M	TGACAACTCTCATATC-1	NCAM1	1
M	AACATCGTCCAGGTCG-1	LCK	2
M	CGAGTTATCAGCACTA-1	ITK	1
M	TAGGTGTGTGACGCAA-1	GNLY	1
M	AGCGTATCAAGGCGTA-1	NKG7	1
M	GACCCAGTCTCTTCTC-1	SPI1	1
M	CTTGCTGAGGTCGTTT-1	PAX5	1
M	CCACGTTAGGCACTAG-1	EBF1	2
M	AGATTCGTCGTTTGAG-1	BANK1	8
M	GTTACTTAGTGATAAC-1	BANK1	3
M	CACCACTGTTAGAGAT-1	NKG7	1
M	AACTGGTAGCACCATT-1	IRF8	1
M	TGACTCCAGGAAGGTA-1	CD3D	1
M	AAGATAGCATGATCGT-1	PAX5	2
M	GATGGCCCATCAGAAA-1	EBF1	1
M	GAGGCTCGTCAGAAGC-1	CD14	2
M	CTGCGTTAGAACAGGA-1	BANK1	3
M	TCCCACACACAAACAA-1	CD28	3
M	GGAATCTAGTCTGTGT-1	GNLY	1
M	GTCACCTGTAACATAG-1	NCR1	1
M	GCCTACTAGAAGGGCG-1	NCR1	1
M	GTCACTCAGCCCATTA-1	CD160	2
M	AGCTGGCTCGTCTTAT-1	LCK	6
M	CCTTGGTTCAGTGGTT-1	EBF1	1
M	GTCACTCAGAAATGGG-1	EBF1	1
M	ACTATTCGTAGGTAAT-1	MERTK	1
M	TTTGGCCTCAAAGTAG-1	GNLY	1
M	CCGAAGCAGACCCTAT-1	COL1A1	2
M	CACATGAAGGACTTTC-1	CD68	1
M	TGCTTTAGTTCCGCGA-1	PAX5	1
M	GCGGAAATCTCGCGTT-1	EBF1	4
M	CCCTCTCGTTGGTAAA-1	BANK1	1
M	TCGATTTCATATTGGC-1	MERTK	1
M	GCAAAGGTCCAGTACA-1	CD79A	2
M	GTGCTGGAGAGCTGTG-1	KRT18	1
M	TTACGTTTCGCGGCAT-1	NCAM1	1
M	TAGCATGGTGAGGTCA-1	NCAM1	2
M	TCACCACTCCCGTAGG-1	EBF1	1
M	CCAGAATGTGCAAAGC-1	BANK1	23
M	CCTAAAGGTCACCCGA-1	EOMES	1
M	TGCATTTCATTACTCT-1	EOMES	2
M	ACTACCCCAAGTAACA-1	MERTK	1
M	TCAAAGCTCGTCAACA-1	CD79A	1
M	GGAATCTTCCCTAAAG-1	KRT8	1
M	CATAACGCAACGAGGT-1	VWF	1
M	AGCTATGTCCATGACA-1	THEMIS	1
M	GCGTTGGTCCGTTTCG-1	ITK	4
M	ATAGTCGAGTCTCCAA-1	ITK	2
M	TCGCAGGAGCCTCGCA-1	IL7R	7
M	TCGTTCGCAGTCCTGG-1	TXK	2
M	AGCGATTGTAACGGCA-1	EOMES	3
M	GTGGATTAGCTGAGGT-1	PECAM1	2
M	TTACGTTTCGAGTGTT-1	CDH1	1
M	CGCTGGATCACTCCCA-1	LYZ	1
M	GCGAGAACATAGCCGC-1	VWF	2
M	ATTTGTCGTGATGCTT-1	NCAM1	1
M	GACTAACTCTTAGTGG-1	PAX5	1
M	TTTGCGCCAAGACTAA-1	TXK	2
M	CTGTTCGAGTAATCAG-1	NCR1	2
M	GACCAATGTATTCTGG-1	CD79A	1
M	TAAGTGCCAATCACTG-1	FLT3	1
M	CTACTTACAAGCCCTG-1	KRT8	1
M	GCTTAAGGTTACACTG-1	KLRF1	2
M	AACGAGGAGCAACGGT-1	NCAM1	3
M	TGATGCATCTCTTCTC-1	CD5	1
M	CAAGAAAAGACACTTC-1	PRF1	2
M	TGCTCACTCCGGGCAT-1	MRC1	2
M	CCCACATAGTCTAGAA-1	LCK	1
M	GTCACAATCTTTCGAT-1	ZBTB46	1
M	GAAACAATCTCAGATG-1	CD28	1
M	GCATTCCCAAAGGAAG-1	CD8A	2
M	AGCCCGACAGGTGGTA-1	SKAP1	5
M	CGCAATATCCCACTTG-1	SKAP1	4
M	TGACAACTCGCCGAAC-1	ITGAM	1
M	GGATAGGGTTCTTTGT-1	CD6	1
M	TGAATCGCACTCAGCG-1	MRC1	2
M	TTCATCAGTTGTATCG-1	ITK	3
M	TGGAAGGAGACTTGAA-1	ITK	3
M	GTGTCCTTCGAACACT-1	VCAN	7
M	GCCAGCAGTAACGTAA-1	NKG7	1
M	AGCCCGACAGGTGGTA-1	NKG7	1
M	AGTGCGCTCGTCAACA-1	CD79A	1
M	TCGAGCGTCGGATCGC-1	SKAP1	2
M	AACTGGTTCGTTCCGT-1	PRF1	2
M	CCTTGCAAGGCTCCTG-1	MRC1	2
M	AACATCGAGCCTATAC-1	CD160	1
M	CCCGTTAGTGCTGTGC-1	CD160	1
M	CGTGGCAGTAAACGTA-1	BANK1	1
M	TTGTTCAGTCCTTCAC-1	BANK1	3
M	CTGGGACCACTGTTAG-1	GNLY	3
M	TAGACTGGTTCAGAAA-1	SKAP1	2
M	GCACGGTAGGATGTAT-1	KLRD1	2
M	TTAGCTTAGGTACTCT-1	PRF1	1
M	ACGGATTTCGATAGGG-1	BANK1	3
M	AATGGAAAGAGGTCCA-1	TXK	1
M	CTAGGATTCTCTGTTA-1	ZBTB46	1
M	GACCAATGTATTCTGG-1	CD8A	1
M	TACATTCAGTCGTGAG-1	CD8A	1
M	GAAGAGCGTACAAGCG-1	CD79A	1
M	CCGTAGGCATAGTCCA-1	SKAP1	1
M	AAAGATGCACAGAAGC-1	CD160	2
M	TGACTCCAGGAAGGTA-1	CD28	1
M	AAAGGGCCAAGACACG-1	SKAP1	1
M	CTTCTAATCCCTACGT-1	KLRF1	1
M	AGCTGGCTCGTCTTAT-1	CD160	1
M	TAGGAGGTCTGAGTAC-1	LCK	3
M	CGCTGGATCACTCCCA-1	EBF1	3
M	GCTCCTACAAGTCTCA-1	CSF1R	1
M	CATGCCTCACCCTTTG-1	VCAN	3
M	GTAGGAGGTATCAGCT-1	TXK	2
M	AGCGTGCAGACAGTGC-1	NKG7	1
M	GATCATGGTATCTCAG-1	SKAP1	5
M	TTCTGTAAGGTGATGC-1	IRF8	1
M	GAATCTGTCTAGCAAC-1	KLRC1	1
M	TGGTCAATCGGTAGGA-1	CD6	3
M	GTGCCAGAGTTAGAGT-1	THEMIS	3
M	ATGTCGATCCGGGCAT-1	EBF1	2
M	GGGAACATCCGGCGAT-1	ITK	2
M	CCTGCTATCTCTGCGT-1	ITK	1
M	CACCACTAGCACACCC-1	BANK1	1
M	GTCACAACACGCTGTG-1	BANK1	4
M	TCAATTCTCTTTATCG-1	CD79A	1
M	GTTACTTGTCTGTTGA-1	KLRD1	1
M	TTAGCGACAGTCAGCC-1	PRF1	1
M	AATGTCGTCGCTTACC-1	MRC1	1
M	GCCTAGGGTCGAGGTA-1	ITK	12
M	GTGGATTCAGTAACCT-1	CD14	1
M	CACCACTTCTAGCTGA-1	BANK1	1
M	TCAATTCTCTTTATCG-1	CD28	1
M	AGATTCGTCTTCCGTG-1	MERTK	2
M	TTATGTCCATTACCTT-1	PECAM1	1
M	GACCCAGAGGTCTTTG-1	CD6	2
M	CTGTATTAGATGCGAC-1	CD160	1
M	ACAGCGCCAGTCAGCC-1	LCK	3
M	GCTTAAGGTTACACTG-1	TXK	7
M	GCCTACTCAGATAAGT-1	KLRD1	1
M	TAATCGGCACGACGAA-1	EOMES	1
M	TCAAAGCGTATTTGCG-1	CD79A	1
M	TAGGTGTTCCTGTAGA-1	CD3E	2
M	GCGATCGCAGCAACAG-1	CD5	6
M	AGACAAAAGGTAAGTT-1	BANK1	1
M	TCAAGACCAGCAACGA-1	TXK	5
M	CGTAAACTCCCAGCGA-1	KLRF1	1
M	CGGACCAGTTTCAGCA-1	EBF1	1
M	GCTCACTAGATGCGAC-1	ITK	12
M	CCTGGGATCGTCTTAT-1	BANK1	3
M	AACGGGAAGGGACGTT-1	PECAM1	2
M	GAGGTCCGTCAGGTGA-1	CDH1	3
M	GAAGTGGGTCCCGAGT-1	CDH1	1
M	GGTTGCGTCTCTTAAC-1	VWF	2
M	TTCATCAAGGTCCTCG-1	NCAM1	3
M	TGTGGCGCATTAGCCA-1	CD6	2
M	GGCGTTGGTTCTGAGT-1	PRF1	1
M	ACCTGCTTCACTAGGT-1	CD160	1
M	TGGTCCTGTGCCCGAT-1	CSF1R	1
M	TGGCCTTGTAACGTAA-1	BANK1	1
M	GTGGATTAGGCGATTG-1	TXK	3
M	TGCCTCAGTGGAAAGA-1	EOMES	1
M	TGCATTTCATTACTCT-1	ZBTB46	2
M	TAGCACATCTGAGTCA-1	EPCAM	1
M	CTTAATCCACAGAAGC-1	DCN	1
M	CCCTAGTCATGGCCCA-1	ITK	4
M	TCAGGTAAGTCGTATC-1	CD14	1
M	GCAAAGGTCCAGTACA-1	NKG7	1
M	CATTCATGTATGGATA-1	COL1A1	1
M	TCTATTGCAAAGGTCG-1	KLRD1	2
M	AACCTTTGTACGCAAG-1	PRF1	1
M	GGCGTTGAGAGCCACA-1	THEMIS	1
M	GTCCATCAGGGTATCG-1	THEMIS	1
M	ATCCTCGGTTTCTACT-1	TXK	4
M	CCCGTTATCGAGGTAG-1	CD79A	3
M	CGCAGGTTCTGAACGT-1	KLRF1	1
M	ATGTCGATCCGGGCAT-1	NCAM1	2
M	AATACGCCAAAGACGC-1	PRF1	4
M	TGGTCCTGTGCCCGAT-1	PRF1	1
M	TCTATTGCAAAGGTCG-1	PAX5	1
M	CGGACCAGTTTCAGCA-1	THEMIS	2
M	CGTTCCATCGATAGCT-1	EBF1	2
M	CCTCCCTCATATAGAG-1	EOMES	2
M	CCCACATAGTCTAGAA-1	CD79A	2
M	ACGGATTTCGTTACAG-1	KLRD1	1
M	GCCTAGGGTCGAGGTA-1	KLRF1	1
M	GGAGGATGTCCCGAGT-1	CD3D	1
M	CAACGTACAGAGTCGA-1	CD3E	2
M	TATGTTCTCGGTTCCT-1	PRF1	4
M	TAGTCCCCACAAGGGT-1	LCK	2
M	AATGGAACAAAGACGC-1	LCK	1
M	GCCAGACAGGTCTTGT-1	ITK	4
M	GCCCAGAGTCCCTAAA-1	VCAN	1
M	GAGGCTCAGCTCCGGT-1	BANK1	2
M	TACTCGCTCGGGCTCA-1	SKAP1	1
M	GCGAGTCTCCAACAAC-1	CDH1	1
M	TTGAGTGCACACTAGT-1	KLRC1	1
M	AACTGGTAGTGAAGGA-1	PRF1	1
M	TAGCACAAGCTAGTTC-1	CD160	3
M	TAGTCCCAGGACTAGC-1	PAX5	1
M	TGTTAGGTCCAATAGC-1	THEMIS	1
M	AATGCCAAGGGACGTT-1	EBF1	1
M	CCTAAAGGTCCCGAGT-1	ITK	1
M	AGGACGACAGCGCGTT-1	EOMES	2
M	GACCAATTCCACCTAC-1	SKAP1	4
M	TTGAGTGAGTTGCCGC-1	SKAP1	2
M	CGCACAGCAGACCTGC-1	SKAP1	1
M	CCCTAACGTCAAATCC-1	CDH1	1
M	CATTCATGTATGGATA-1	DCN	1
M	GACCTTCTCACATTCT-1	VWF	2
M	GTCACCTAGAAATTCG-1	VWF	1
M	GCATTCCCAAGCCAGA-1	PAX5	1
M	GTAATCGCAAATTGAG-1	PAX5	1
M	GATTAGCGTGCGACCT-1	EBF1	1
M	GCTCGAGAGCCGCAAA-1	TXK	2
M	ATGTCTTGTTGGTAAA-1	IRF8	1
M	GCCAGACTCCGTACGG-1	NCAM1	1
M	ATTACTCCACTTGCGG-1	ITK	7
M	ATCCAGACAATAGCGG-1	BANK1	5
M	AACCAACCATTAACGC-1	EOMES	1
M	GCGGGTTTCCATGTTT-1	SKAP1	1
M	AACATCGAGACCATAA-1	DCN	1
M	GTAGACTCAATTGTGC-1	KLRD1	2
M	ACCGCAGGTCTGGGCT-1	KLRD1	4
M	CCGTAGGCAAGGCTTT-1	VWF	1
M	AACCAACGTAACGGAC-1	NCAM1	2
M	GCTTTCGTCACAGGGA-1	MRC1	3
M	GTGCTGGGTCATAGCT-1	SH2D1B	3
M	CCACAGGCAGATTAAG-1	ITK	2
M	TTCGATTCATCGACGC-1	BANK1	4
M	CTCTCGAAGACCATAA-1	NKG7	3
M	CACAGATCATGATCGT-1	SKAP1	1
M	GACCAATAGAGGTCCA-1	KLRD1	1
M	ATCCTGCCAAATTCCG-1	NCAM1	1
M	GGAGTAGTCCTGGGAC-1	EBF1	1
M	TGGCAATGTTCATTTC-1	ITK	8
M	TAACGGTGTCAGAAGC-1	CD8A	3
M	TCCCACAGTACAAATG-1	NCR1	1
M	GATGGCCAGTGAGCAC-1	NKG7	2
M	TACAGCACATGGGACA-1	NKG7	1
M	TACAGCAGTGTGAGGT-1	CD79B	1
M	AATGCCAGTAGGTGAC-1	CDH1	1
M	AGTCCGGTCGCCTTAC-1	FLT3	1
M	GCGAGTCAGCTGCTCG-1	KLRD1	1
M	TCAGTCCTCTTCCGTG-1	VWF	1
M	GGTGCTGTCGCCACTT-1	NCAM1	3
M	TATGTGGCACCGTCTT-1	EBF1	1
M	GCAGATTTCGATAGTC-1	BANK1	2
M	CTGTATTAGTGATTAG-1	BANK1	3
M	GCCAGACTCACTAGGT-1	MERTK	2
M	CCTGGGATCGTCTTAT-1	EPCAM	1
M	CTAACTTGTCCAACCG-1	KLRF1	2
M	CAAAGCTAGTTCAGGG-1	SPI1	1
M	TAGTCCCCACAGTAGG-1	PRF1	3
M	TTTGAGGGTTGGCTTA-1	MRC1	1
M	TTGTTCAGTGTCTACA-1	GNLY	1
M	GAGATTCCAACGTAGG-1	CD79A	2
M	TAGCATGCAATGACTC-1	PECAM1	1
M	AAACGAAGTACTTCAG-1	SKAP1	4
M	GCTCGAGCATCGTACA-1	ITGAM	1
M	CCTATTAAGATCTAAG-1	NCAM1	3
M	GAATCTGAGCTACGTT-1	CD28	1
M	AGCCAGCGTGCACATT-1	NKG7	1
M	GTCCATCAGGGTATCG-1	SKAP1	1
M	GGATGAGCAAGGAAGA-1	FLT3	1
M	GGATAGGGTTCTTTGT-1	KRT8	1
M	GGAGGATTCTAGCAAC-1	CLEC9A	1
M	TCACTCGAGTTCCCGG-1	NKG7	1
M	TCAGGTAAGCTTACCA-1	CD3G	1
M	GTTATGGTCCTCTCTT-1	CD3E	1
M	ACCGGGTAGTCCGTGC-1	SH2D1B	5
M	CTTCTAAGTCGATTAC-1	PAX5	1
M	TTACCCGTCTTCCACG-1	TXK	1
M	GAGGCTCGTCAGAAGC-1	KLRD1	1
M	GAACTTGGTCACATTG-1	CD6	1
M	TGTACAGGTTTGCGAT-1	TXK	2
M	GTGCTGGAGAGCTGTG-1	TXK	2
M	GCCATAAAGCGCCTAC-1	EOMES	1
M	TACCTCGTCATAGGTC-1	ZBTB46	1
M	ACAAGCTGTAACTCCA-1	SKAP1	2
M	TTGCACCCAGGGTAAC-1	NCAM1	4
M	AGCGTATCATGGCCGT-1	ITK	5
M	GGAGGATTCGGTTGTA-1	CSF1R	1
M	AAAGGATTCACATTCT-1	IRF8	4
M	GCCAGACAGGTCTTGT-1	CDH1	1
M	GGAGGATTCTAGCAAC-1	VWF	1
M	GAAACAATCGCCAGAC-1	CD3E	2
M	AGCCCGAGTAGTCTGT-1	NCAM1	1
M	AATGTCGTCTCTGCAC-1	MRC1	2
M	TGTGGCGCATTAGCCA-1	SH2D1B	1
M	GGGAACACAGTCCTGG-1	LCK	1
M	CACTAAGCATCCGTAA-1	PAX5	2
M	GCATTGAAGACTCTTG-1	ITK	3
M	CGTAAACCATCACAAC-1	TXK	1
M	TAGCTTTTCAGTCTTT-1	CD8A	1
M	CCGTGAGGTCAGGCTC-1	SKAP1	1
M	TGCGTAAAGTCAGGAC-1	NCAM1	3
M	AACCAACTCGGTCAGC-1	CD6	1
M	TTCATCATCGCGCCAA-1	IL7R	1
M	AGCCTTCCAGCGTAGA-1	BANK1	9
M	GTACTTTCAAGATGCG-1	PECAM1	3
M	CTCTCAGGTAGCATGG-1	SKAP1	3
M	GAGATTCGTCTCTGGG-1	MRC1	2
M	GCAGCCAAGCTTACCA-1	LCK	2
M	TCAATTCTCTTCACTA-1	THEMIS	2
M	GTTATTCCAGGCAAGT-1	CD14	1
M	GTAGGAGAGCTCCATA-1	IL7R	2
M	TCGATTTTCGTTTGAG-1	TXK	1
M	TATGTGGCACCGTCTT-1	TXK	1
M	CTGAATGAGCCTGTAT-1	GNLY	1
M	TGCCTCAGTAATGCAA-1	PECAM1	4
M	CGGACCAGTCACAGTT-1	KLRD1	3
M	TTTGAGGGTTGGCTTA-1	KLRD1	1
M	CAGTGCGAGATTCCGT-1	CD6	1
M	TGCTCGTCAAGGCTTT-1	PRF1	3
M	GAGGTCCAGTCCGGAA-1	PRF1	2
M	TCTCTGGAGTCGCCTG-1	LCK	1
M	GCGGAAATCTCGCGTT-1	THEMIS	4
M	GCCCAGAGTGGTAGAC-1	ITK	5
M	TCCATCGAGAGGAAGT-1	BANK1	1
M	GCCATAACATAGATAG-1	EOMES	4
M	TTCTGTACACTCCCAT-1	SKAP1	1
M	TCGAGCGGTGATGCTT-1	FLT3	1
M	TCAGGGCGTCCAAGTT-1	KLRD1	4
M	GGTGCTGGTATGGTTC-1	CD5	1
M	CCTAAAGAGTAATCAG-1	CD1C	1
M	GGAGGATCAAGCGTCC-1	LCK	4
M	TGTAAGCGTCCAAGAG-1	ITK	3
M	CACTGAATCGTGATAC-1	BANK1	1
M	TAAGCCATCCGCGATG-1	CD8A	1
M	AACAAAGAGCGCCTAC-1	GNLY	1
M	TCGGGACTCGGCAATT-1	PECAM1	1
M	TTACCGCCATGCCTTC-1	KRT18	2
M	TGCTATTGTCCTCAGG-1	KLRC1	2
M	AACAAAGGTTTGCCCT-1	EBF1	2
M	AGTTACGAGTCCTTCC-1	PECAM1	1
M	TGGCGCACACCCATCT-1	COL1A1	2
M	TTTGTGTGTTCCATCC-1	KRT18	1
M	TGCTTTAGTCCAAGAG-1	KRT8	1
M	CGTAAACTCTCTTCTC-1	KLRF1	1
M	GCAGCCATCCATCTAT-1	IRF8	3
M	CCCTGATTCTCTGACC-1	KRT18	1
M	GAGGTCCGTCAGGTGA-1	KRT18	1
M	CATTCATAGCACCATT-1	CD160	2
M	AAGGAGCAGATCACCT-1	ZBTB46	2
M	ACGTTAGTCGGACGAA-1	CD28	2
M	AGCCTTCTCTCCTTAA-1	MARCO	1
M	CGAGTTAGTACTTCAG-1	MERTK	1
M	TTAGGTGTCGCAAGCC-1	ITGAM	1
M	TCAGTCCCATATAGAG-1	CD3D	1
M	CTCTACGTCTGATCCC-1	THEMIS	1
M	GCAGATTTCGATAGTC-1	ITK	3
M	TGCTCACTCCGGGCAT-1	EOMES	1
M	GAAGTGGAGGCTAAAT-1	KIR2DL4	1
M	GCATTGAAGACTTCCA-1	NKG7	1
M	AACTGTGAGCATTGGG-1	IRF8	3
M	TCACCTGAGTTCCCGG-1	PRF1	2
M	TAGCGGCAGGACTAGC-1	ITK	9
M	GGGTGTCGTTTCAGCA-1	BANK1	1
M	GTCTACCTCCAGAATC-1	GNLY	1
M	TTGCTATCACGCTGTG-1	KIR2DL4	1
M	TCAGGTAGTATCCTTT-1	PECAM1	1
M	TCGGGACCAATGGTAA-1	LYZ	2
M	TCAGTCCAGGGAAGCG-1	MS4A1	1
M	GGGACCTAGAGCACTG-1	LCK	2
M	TCCCACAGTACAAATG-1	ITK	3
M	TACAGCACATGGGACA-1	BANK1	1
M	ACCGGGTAGTCCGTGC-1	ZBTB46	1
M	CACAGATGTCAACAGG-1	NKG7	2
M	GTCACCTGTGAGTTGG-1	SKAP1	3
M	CATTCCGCAACGTACT-1	VWF	3
M	TTACGTTTCGAGTGTT-1	VWF	1
M	GGAGGATTCTTGCGCT-1	EOMES	2
M	CAACGGCCAACAACTC-1	FLT3	1
M	ATCCAGAGTTTCGTTT-1	CLEC9A	1
M	CTGAATGTCGGAAAGC-1	PRF1	9
M	CGCAATAAGTGCCCTG-1	PRF1	3
M	ACCCAAAAGTTTACGC-1	PRF1	5
M	GCGCCAACACGCGCAT-1	ITK	3
M	CAGTGTAGTCAACAGG-1	ITK	2
M	GCTTGCTCAAGTCCTA-1	ITK	1
M	TGGTCCTGTGCCCGAT-1	ZBTB46	3
M	CGCTGGATCACTCCCA-1	GNLY	1
M	ACAAGCTCAAATGCTC-1	CD79A	1
M	CTGGGACCACTGTTAG-1	PECAM1	5
M	GGCGTTGAGAGCCACA-1	SPI1	2
M	ATCCTCGAGTGTCGGA-1	PRF1	3
M	AATGCCATCTTTGCAT-1	MRC1	2
M	TGCCTCACACTGTCGG-1	MRC1	1
M	CTGTATTGTTTGTAGC-1	VCAN	2
M	TCAGCTCCAATAGCGG-1	BANK1	4
M	CCTGCTACAAATGTCC-1	KIR2DL4	1
M	CGTTCCAGTTATCGAC-1	PECAM1	6
M	ACCGAATTCCGCTATC-1	KLRD1	2
M	CCCAGAGTCCATCGAA-1	KLRD1	1
M	TAGCATGTCCACCTAC-1	NCAM1	2
M	ACTGCGGTCCAATCCC-1	CD6	2
M	GCGATCGCAACGTACT-1	PRF1	1
M	TAGCCGGAGTGTCACT-1	CD28	1
M	ACGTTAGTCCATTGTT-1	KIR2DL4	2
M	TAGACTGGTTCAGAAA-1	IRF8	1
M	TACAGCAGTGTGAGGT-1	CD79A	1
M	GTAGTACTCCTCAAGA-1	SKAP1	1
M	TGATGCACAAAGCTGG-1	KRT8	2
M	TCTATTGGTGGACAGT-1	KLRF1	5
M	TAAACCGGTGGTCGAA-1	THEMIS	3
M	TGCTCACTCGCTTACC-1	ITK	1
M	TTGGTCCAGACCTATC-1	CD14	1
M	CTCTCAGAGCAGAATT-1	TXK	4
M	GTGACATAGGAGAACA-1	TXK	1
M	GTGGCGTCAAGCACTT-1	EOMES	2
M	TATGTTCCAATTAGGA-1	IRF8	2
M	CTAGGATAGGGTGTTG-1	KLRD1	5
M	GCATTGAAGACTTCCA-1	CD3G	3
M	GCCATAAAGCGCCTAC-1	PRF1	5
M	CTTGAAGGTAGCATGG-1	PRF1	1
M	GAACTTGGTCTGTCCT-1	PRF1	1
M	GCCCAGACAAACTACC-1	SH2D1B	2
M	CATTCATGTATGGATA-1	PAX5	3
M	GTCTACCCATGGAGGT-1	KLRD1	4
M	TTGCGGGTCAATTCCT-1	LCK	1
M	AACAAAGAGCATGATA-1	LCK	1
M	TGCTATTGTCCTCAGG-1	BANK1	3
M	GTAATCGCAATGTAAG-1	TXK	2
M	CGGTGCACAAGTTCGT-1	EOMES	2
M	GTTCAAGAGTTATGAG-1	GNLY	1
M	TGCATTTCAACTCAAC-1	KIR2DL4	3
M	ATTGTGGCATCCATAG-1	KIR2DL4	1
M	ACGTGGCCAAGACTAA-1	CD79B	1
M	TTACTTGTCCCAGCGA-1	KLRF1	1
M	TTCTGTAAGTTGCGCC-1	CD6	1
M	TAGGTGTTCCTGTAGA-1	EBF1	3
M	TATCTGTCAGGATGTG-1	VCAN	1
M	AACGAGGAGTCTCGAT-1	BANK1	4
M	CCGTACTTCTTAATCC-1	CD8A	1
M	ACGTTAGGTTGAAGCG-1	GNLY	1
M	TTGCACCCATCCGTAA-1	CD79A	1
M	CTTTGCGGTTCTGATG-1	CD68	1
M	TGCTTTAGTCCAAGAG-1	CD4	1
M	GTGTCCTCAAGATTAG-1	VWF	2
M	TCAGGTATCTATTTCG-1	PRF1	1
M	ACAAACCAGACTTCCA-1	CD160	1
M	TAACAGCCATAGCAGG-1	LCK	3
M	TTACTTGAGTCTCGAT-1	THEMIS	6
M	CCGTGAGAGGTCTTGT-1	ITK	2
M	AAGGAGCGTGGGTAGT-1	IL7R	1
M	GCATGATTCGAGAACG-1	CD79A	3
M	GGTGCTGGTATGGTTC-1	PECAM1	1
M	CCGAAGCAGACCCTAT-1	IRF8	1
M	TTTGTGTCACACATGT-1	KLRD1	2
M	TCAATTCGTAACCGAG-1	MRC1	3
M	TGCATTTCACTTATGG-1	CSF1R	1
M	TAGGTCACATCCGTAA-1	KLRD1	2
M	TTGCCCAGTACTATGC-1	CLEC9A	1
M	TGACTCCGTAACCCAT-1	SH2D1B	2
M	AGATAGAGTTGCTTGA-1	CD8A	4
M	ACTACCCCAAACGACG-1	CD79A	1
M	GGTGCTGCAAGGGTAC-1	KLRD1	4
M	AACCAACCATTAACGC-1	VWF	1
M	GATGGCCCATCAGAAA-1	CD3E	1
M	CTCTCAGAGAAACGCC-1	CD3E	1
M	GAATCTGCACACATTG-1	THEMIS	1
M	TAGACTGCATATTGGC-1	CD28	1
M	GGAATCTCATTGCGAT-1	MERTK	1
M	CCTCCCTCACGCGTTG-1	KIR2DL4	1
M	TAGCCCTTCGGATAGG-1	ITGAM	1
M	GTAGGAGGTCACTCTC-1	NCAM1	2
M	TAGCCGGAGTGTCACT-1	NCAM1	1
M	TTGACGATCACCGCGA-1	PRF1	1
M	GCTTTCGCATACCCGG-1	SH2D1B	1
M	TGTTAGGGTCTGGTCG-1	LCK	3
M	GTTGGGCAGGCTCCTG-1	EOMES	2
M	TTTGTGTGTTTGTCTT-1	CD79A	2
M	ATGTCGAAGTCTCGAT-1	SKAP1	1
M	AATGTCGAGCGGACTA-1	KLRF1	2
M	GATTAGCCAATTCAGC-1	THEMIS	1
M	GATTAGCGTGCGACCT-1	THEMIS	1
M	GGATGAGAGGTGTTGG-1	EBF1	2
M	ACGTTAGTCCATTGTT-1	BANK1	9
M	TAGCCGGAGTGTCACT-1	CD8A	1
M	GCCTAGGGTGGATTTC-1	VWF	2
M	TAGGTCACATGGCCCA-1	CD3E	1
M	GGATGAGGTGCCCGAT-1	MRC1	4
M	ATCGAGTTCCTAAGTG-1	PAX5	3
M	CCTTAATCAAAGGCCA-1	EBF1	1
M	CCCTAGTAGTAACACA-1	ITK	2
M	GGTAGGATCCTGACCT-1	BANK1	1
M	GTGTCCTGTCTGGGCT-1	TXK	2
M	CCTTGGTTCGGTTCCT-1	CD79A	1
M	GACCCAGAGATTACGA-1	COL1A1	1
M	TGGTCCTGTAAACGAT-1	KLRF1	1
M	TCAGTCCTCTTCCGTG-1	IL7R	1
M	CAGGATTTCGCTTGAA-1	CD28	2
M	GAACCGCCACCTGTGG-1	SKAP1	1
M	ATGGATCAGGAGAACA-1	SKAP1	1
M	CCCGTTATCGAGGTAG-1	NCAM1	1
M	ACAAAGATCCAGCACG-1	THEMIS	2
M	CAAGAAATCCATATCT-1	EOMES	2
M	TTGTTCAGTCCTTCAC-1	CD79A	2
M	ATGCATGAGCTCGTTA-1	SKAP1	2
M	GTAGTACTCCTCAAGA-1	IRF8	2
M	CTGAATGTCGGAAAGC-1	KLRD1	10
M	CCGTGAGAGGTCTTGT-1	KLRF1	3
M	ACTACGAGTGAGAGTC-1	KLRF1	1
M	TGGGTTAAGATGGGTC-1	NCAM1	1
M	TCGATTTCATATTGGC-1	CSF1R	2
M	CACAGATGTCAACAGG-1	CD8A	1
M	GTAGTACGTCAGCAAG-1	VWF	1
M	GGTGAAGGTTACGGAG-1	THEMIS	1
M	CAACGGCCAACGTCGC-1	VCAN	1
M	CATTCATAGTGGTGTG-1	MERTK	1
M	TGTGGCGCAAGGAACC-1	CD6	1
M	TATGTGGCACCGTCTT-1	MRC1	2
M	GTTACGAAGCGTTGCC-1	IL7R	1
M	TTGTTCATCGTATAGC-1	MERTK	2
M	AACTGGTAGCCTATAC-1	NCR1	1
M	AAAGGGCCATTTCACT-1	KLRD1	1
M	TTCAACTTCAGTCAAC-1	CD3E	1
M	GTACTTTCAAGATGCG-1	MRC1	1
M	CACCTTGGTCATCAAC-1	SH2D1B	3
M	GTGGATTCACGCTGTG-1	EBF1	5
M	GTGCCAGGTCCGTAGC-1	CD8A	1
M	GACCAATAGACAACGC-1	CD8A	4
M	AGTTTGGGTCATAAGA-1	SKAP1	3
M	GCTGCGAAGACAGTGC-1	IRF8	1
M	AACGTACCAAGAGATT-1	NCAM1	1
M	CCTGGGACAGAACGAC-1	CD5	2
M	GGTTGCGTCTCTTAAC-1	MRC1	1
M	TAGCATGCATTAGCCA-1	EBF1	1
M	GCGATCGCAGGCACAA-1	BANK1	6
M	GTCACAAAGTAGGTCG-1	CD28	1
M	AAGGTTCCAAATTCCG-1	KIR2DL4	1
M	TGTTAGGCATTAGCCA-1	PECAM1	1
M	GGTTGCGAGGCCAATG-1	VWF	1
M	GCGTTGGAGCTATCGT-1	CD3G	1
M	ATGTACGGTCATAGCT-1	SPI1	1
M	CACCTTGTCAGTGTGT-1	CD160	1
M	GACTAACGTCACCCGA-1	LCK	2
M	GTCACTCAGTCTTAGC-1	EBF1	1
M	TGCCTGTAGGCTTCGC-1	CD79A	1
M	CGAGTTATCATCGCCT-1	SKAP1	1
M	TTCGGTCCAGTAGTTC-1	PAX5	3
M	CCACGTTGTCGAGGAT-1	SFTPC	1
M	ACTACGATCCACGGCA-1	NCR1	5
M	CTGTATTAGTGATTAG-1	PECAM1	2
M	AAACGAACACTTACAG-1	SKAP1	1
M	GGGCCATGTCTGTTGA-1	VWF	1
M	TGGACATAGTCGAGCA-1	PRF1	2
M	GGGTGTCGTATCTAGC-1	MRC1	2
M	CAGTATGAGAGCCACA-1	BANK1	1
M	GCATTGAAGGGAGATA-1	CD8A	1
M	TGTTAGGCATTAGCCA-1	NCR1	1
M	GCGAGTCGTTGAATAG-1	NKG7	2
M	AGCCTTCCAGAGAGAA-1	IRF8	2
M	AGTGCCGTCTGGCGCA-1	KLRD1	5
M	AGCGTGCTCTTCTTCC-1	PRF1	1
M	ATGTACGGTCATAGCT-1	CD28	1
M	TTCTGTAAGTTGCGCC-1	CD8A	1
M	TCACTCGTCGCATAAC-1	KLRD1	2
M	AGTGCGCTCATAGGTC-1	CD3D	1
M	TCAATTCAGGGAGATA-1	NCAM1	1
M	CCCTGATCAACACGGA-1	LCK	2
M	ACATGCATCTACATCT-1	ITK	6
M	ACTTCCGCAGAATGCG-1	KIR2DL4	1
M	CTCCCAATCATTCATC-1	KLRD1	1
M	AGCCTTCCAGCGTAGA-1	KLRD1	8
M	TGCACCTAGACTCTTG-1	CD160	1
M	GTGCCAGTCGACTGGC-1	LCK	1
M	CGCAATATCGACTGGC-1	BANK1	3
M	TAGCTTTTCAGTCTTT-1	EOMES	2
M	GAACGTTGTACCCATA-1	KIR2DL4	1
M	ATTACTCGTGGACTGA-1	PECAM1	5
M	GGTCATAAGATTCCGT-1	IRF8	1
M	GTGGCGTTCTTCCAGC-1	CD3E	1
M	CGGACCAGTTTCAGCA-1	CD6	1
M	AATACGCGTCTCGGGT-1	TXK	4
M	GGATGAGCAATCCATG-1	GNLY	3
M	GGCGAAATCCCAGCGA-1	GNLY	3
M	GCTCAGGAGCCATCAT-1	KLRF1	2
M	TCAATTCTCTTTATCG-1	PAX5	2
M	TTTGGTTGTAGACACG-1	THEMIS	1
M	ATGTTTCGTCGAGAAC-1	BANK1	2
M	TGCTATTGTCCTCAGG-1	KIR2DL4	1
M	TACATTCCAAGGAGTC-1	CD79A	1
M	TGTAAGCGTCCGTGCA-1	KLRD1	4
M	TGATGCAAGTTCTCCC-1	PRF1	3
M	TCAAGCATCGACTGGC-1	EBF1	2
M	AGGACGATCCACGAGC-1	IL7R	1
M	TCAATTCAGGGAGATA-1	BANK1	1
M	GGATGAGCAAGTGGCA-1	BANK1	3
M	ACTACGAGTAGTATCC-1	MERTK	1
M	TTGTTGTAGTCGTGAG-1	NCR1	2
M	GCGCATGGTTGGACGA-1	KLRD1	5
M	CGCTATCGTAAGCCTT-1	CD3D	1
M	GGAGTAGCATCAGCTA-1	LCK	1
M	AACCAACTCGGTCAGC-1	ITK	3
M	GTTGGGCAGTATCTGC-1	BANK1	1
M	TTCAACTCATTACTCT-1	BANK1	1
M	TCGATTTCATATTGGC-1	BANK1	1
M	GTGGATTGTTCCCTTG-1	EOMES	2
M	TAATTCCGTCACTCTC-1	EPCAM	1
M	GAACCGCGTACGGATG-1	KIR2DL4	2
M	CTTGCCATCGCGTGAC-1	ITGAM	2
M	GAGGCTCAGAACGTCG-1	NCAM1	2
M	AATGCCACAGCGTACC-1	CD5	1
M	GGTGCTGGTGGACGAT-1	BANK1	1
M	GAAGTGGGTCCCGAGT-1	GNLY	2
M	AGTGCCGTCTGGCGCA-1	GNLY	1
M	TTGTTCAGTGGCGCTT-1	NCR1	1
M	GGATGAGAGGTGTTGG-1	CD79B	1
M	TGACAACCATACCCGG-1	COL1A1	1
M	GCGCATGTCTAAACGC-1	SKAP1	1
M	GAGAACGCAGCAACAG-1	CD6	1
M	CGCACAGCACTTGCGG-1	MRC1	1
M	ACTGCGGCAGGCACAA-1	LCK	1
M	TAGACTGGTTCAGAAA-1	PAX5	2
M	GCGCCAACACGCGCAT-1	MERTK	1
M	CGAGTTAGTACTTCAG-1	SPI1	1
M	TGCACCTAGACTCTTG-1	PRF1	2
M	TACATGGAGCTAACAA-1	THEMIS	3
M	TGCCTGTTCACACGTA-1	ITK	4
M	AGCCCGAGTAGTCTGT-1	CSF1R	1
M	GTGTCAATCCGGCTGA-1	BANK1	4
M	TCGATTTTCTGACATG-1	SKAP1	4
M	TTCATCAAGAGCCACA-1	NCAM1	3
M	ACAGGCCTCCCAGCAG-1	NCAM1	1
M	GTACTTTCAAGATGCG-1	BANK1	6
M	TAAACCGGTGGTCGAA-1	TXK	1
M	CTCATGCCACTGTCAA-1	SKAP1	2
M	ACCCAAAAGGTCTTGT-1	SKAP1	3
M	GGTGCTGGTGGACGAT-1	ITGAM	1
M	TCAGGTAGTAAGTGCG-1	KLRF1	3
M	TCAGGTATCACCCTTG-1	MRC1	3
M	TACATTCCAAGGAGTC-1	CD160	2
M	GAAGTCTCAGTAACGG-1	IL7R	6
M	AGCCTGGGTACGGAGT-1	NCR1	2
M	ATCCTCGTCCGTTAGA-1	NCR1	1
M	GGATGAGCACTCGGAC-1	NKG7	1
M	TTCAACTCAGGTAGCA-1	PECAM1	1
M	ATCGAGTCACACTAGT-1	PECAM1	1
M	GGATGAGTCACCCTTG-1	COL1A1	1
M	ACTATTCCACCGATCG-1	DCN	1
M	TCGATTTTCTGACATG-1	KLRD1	4
M	GAAACAATCGCCAGAC-1	NCAM1	10
M	ACTACGATCCACGGCA-1	PRF1	4
M	CATTCCGGTACGGAGT-1	THEMIS	4
M	TGCTCACTCCGGGCAT-1	THEMIS	1
M	GCATTGATCTCTCAAT-1	EBF1	1
M	AACCTTTTCGATGTAC-1	ITK	2
M	CCGAAGCCAACCTCCT-1	NCR1	3
M	TTAGCTTCATTGTGAC-1	NKG7	1
M	AAAGGGCCATTTCACT-1	SKAP1	3
M	GCAGATTGTCTGTGTA-1	SKAP1	5
M	CCCTCTCAGCCCATTA-1	KLRF1	5
M	GACCGACGTAAGTCTC-1	ITK	1
M	GCGGGTTCACAACGGA-1	BANK1	3
M	TTATGTCAGAACGACC-1	CD28	1
M	CCATACCGTGATTCCA-1	PECAM1	1
M	TGGTCCTGTAAACGAT-1	SKAP1	2
M	GAGATTCAGTTGACAA-1	CD68	3
M	GCTCGAGCACGTTACA-1	KLRD1	6
M	TCTATTGCAAAGGTCG-1	KLRF1	1
M	CACATGATCAAGGCAG-1	VCAN	2
M	TAACAGCGTTGCAGAG-1	TXK	1
M	GGCGTTGAGAGCCACA-1	CD8A	4
M	GTAATCGCAATGTAAG-1	CD79A	1
M	ACAATCGTCCTTCGAC-1	TXK	1
M	TGGCCTTAGCCCATTA-1	CD79A	1
M	GGTGTCGAGACAACGC-1	FLT3	1
M	ACATGCAGTCTGTGTA-1	KLRF1	1
M	TTCATCAAGAGCCACA-1	LCK	1
M	GGGACCTCAAGTCTGT-1	ITK	1
M	ATCCTCGCATTACACG-1	ITK	6
M	TGCATTTCATAGAATG-1	CD14	1
M	CTTCCAGAGCGTGTTT-1	IL7R	1
M	TCAAAGCGTGCCCAGT-1	BANK1	2
M	GCCCAGACAGTAGGCA-1	TXK	1
M	CAGCTAATCGCGCTGA-1	CD28	3
M	ATCCTGCCAAATTCCG-1	MARCO	1
M	TTCGCGTTCTTCCGTG-1	MERTK	1
M	CCTCCCTCATATAGAG-1	CD79A	4
M	AGCTGTACATGTAGAA-1	CD79A	3
M	AATGGCTAGTAGTTCC-1	IRF8	1
M	CAGTGCGAGATTGACA-1	FLT3	1
M	CACCACTAGCACACCC-1	FLT3	1
M	GTTATTCTCCTCCCAA-1	CD5	1
M	TGTGGCGAGAACCATA-1	PRF1	1
M	GGGTCTGGTAGCAGCA-1	EBF1	5
M	GCTCACTAGATGCGAC-1	VCAN	1
M	TAGGAGGTCTGAGTAC-1	BANK1	1
M	CTTGCCATCGCGTGAC-1	CD28	2
M	TGTGGCGCATTAGCCA-1	PECAM1	2
M	CAGCTGGAGTACAGTA-1	SKAP1	4
M	ATTACTCCACTTGCGG-1	SKAP1	2
M	CCACAGGGTATTGTGC-1	CD4	1
M	CTTCCAGCAAGCCTTA-1	THEMIS	1
M	ACTAACGAGACCCTAT-1	BANK1	1
M	GAACCTATCTTACTCA-1	EOMES	3
M	GCGATTACAAGCTTTG-1	CD3E	1
M	GCCCGAATCAGTGTGT-1	LCK	1
M	TCCATCGGTCTCTGGG-1	ITK	4
M	GTAATCGAGTACGCGA-1	ITK	1
M	GCCATAAAGCGCCTAC-1	TXK	3
M	GAGGATGAGGCCTCGT-1	CD8A	1
M	GTTATTCAGCTCGTTA-1	GNLY	1
M	TGCTCGTGTTGGTAAA-1	KRT8	2
M	CTCAACCTCCTAAAGC-1	KLRF1	1
M	CACTAAGAGCTCCGGT-1	SH2D1B	3
M	TTAGGTGGTCCGAGCT-1	LCK	1
M	TAGGTCACATGGCCCA-1	LCK	2
M	TTTGTGTGTTCCATCC-1	PAX5	1
M	GAAAGTAGTAAACGGC-1	ITK	17
M	TACATTCTCGCTTCAC-1	ITK	4
M	GACCGACTCCTGAAAC-1	SKAP1	1
M	TGGACATAGTTCTCCC-1	IRF8	4
M	CCTTAATGTTGAAGCG-1	CD6	1
M	TACTAGGGTGGTGGTA-1	MRC1	1
M	CTCTACGCACGCTCAG-1	THEMIS	3
M	TCGTTCGCAGTGGTCC-1	EBF1	1
M	TGCCTGTAGGCTTCGC-1	ZBTB46	1
M	GCTCCTAAGAGTAAGG-1	ITGAM	1
M	CAGTATGTCAACACGT-1	MRC1	1
M	CAAGAAACAGATTAAG-1	THEMIS	1
M	TCAGTCCTCAGTCACA-1	NCR1	2
M	CGGTGCACAAGTTCGT-1	KIR2DL4	3
M	TGACAACAGTCGGGAT-1	NKG7	1
M	GTTATTCAGAGGCAGG-1	NCAM1	1
M	AGACAAAGTACCCACG-1	ITK	2
M	TTCGTTAGTTCAGAAA-1	BANK1	2
M	GACCAATAGAGGTCCA-1	MERTK	1
M	GACCAATAGCACACCC-1	NCR1	2
M	TGATGCACAAAGCTGG-1	CD79A	1
M	ACTCGGGAGAGGTGGG-1	CD79B	1
M	TCGGGACTCGGCAATT-1	IRF8	2
M	CACCTTGTCGTGAACT-1	ITGAM	2
M	GGCGTTGGTTCTGAGT-1	KRT8	1
M	TCCATCGCACATTGCA-1	KLRC1	1
M	CTTAATCAGAAATGGG-1	PRF1	1
M	GGTAGGACATTAGCAC-1	SH2D1B	2
M	AAGGAGCAGATCACCT-1	EBF1	9
M	ACTATTCAGTCCCGCA-1	ITK	4
M	TAGTCCCCACAAGGGT-1	LYZ	1
M	ACCATCCAGATGTTCC-1	NCAM1	2
M	ATGTCGAAGTCTCGAT-1	THEMIS	1
M	ATCCAGAGTAGGTGAC-1	ITK	1
M	ACCCAAAAGTTTACGC-1	ITK	2
M	GAACCTATCAGCCGGT-1	KLRD1	1
M	GTCACAAGTTCTGATG-1	KLRD1	2
M	GTTACTTTCGATCGCG-1	VWF	1
M	CGCTATCGTCATAGCT-1	NCAM1	2
M	GCTCCTACAAGTCTCA-1	MRC1	1
M	ACAAGCTTCCTGAAAC-1	CD160	1
M	GGATGAGAGGTGTTGG-1	ITK	10
M	CGCAGGTGTAGATGAT-1	ITK	3
M	AGTGCGCTCATAGGTC-1	NCR1	1
M	GTCACTCAGAAATGGG-1	IRF8	2
M	TTGAGCACAACGTACT-1	LUM	1
M	TAACGGTCAGTAGGCA-1	SPI1	1
M	GCTGCGACACCATTCC-1	PRF1	1
M	TCGCCTACATCGGCTG-1	CD160	2
M	GTAGGAGCAGGTTATC-1	TXK	2
M	ACGTGGCCAAGGTCGA-1	PECAM1	2
M	GGTTGCGTCCTATCCG-1	SKAP1	3
M	CAGGATTTCGCTTGAA-1	CDH1	1
M	TCGCCTATCCTTCGAC-1	KLRF1	1
M	AAACGAAAGTTCGTTG-1	SFTPC	2
M	ACTTTCATCTCCAACC-1	BANK1	3
M	CTAGCGGCAGCAACCC-1	BANK1	7
M	CAATCCCAGGTTTCTG-1	TXK	2
M	GTTATTCAGCTCGTTA-1	NKG7	1
M	GACCTTCTCACATTCT-1	ITGAM	1
M	CTTCTAATCCCAATAG-1	CLEC9A	2
M	TAATTCCGTCACTCTC-1	CD5	1
M	ACTCGGGAGGCTTCGC-1	THEMIS	1
M	TTCATCAAGGTCCTCG-1	THEMIS	1
M	TTGTTCAAGTTCAGGG-1	NKG7	3
M	CATGCCTGTCAGAGTG-1	FLT3	1
M	TGTGTCCTCCGTTTCG-1	NCAM1	1
M	GTTATTCAGAGTTCGG-1	THEMIS	1
M	GTGCTGGAGAGCTGTG-1	ITK	8
M	CACCACTGTACAACGG-1	ITK	4
M	ACAAGCTGTAACTCCA-1	BANK1	6
M	AAACGAAGTGGTGGTA-1	CD28	2
M	CTCGCTATCGCCCTTA-1	MERTK	2
M	GCACGGTAGGATGTAT-1	KLRF1	1
M	TGGTCAACAATGCCAT-1	KLRF1	1
M	GCTCAGGAGCCATCAT-1	VWF	3
M	GTAGGAGGTATCAGCT-1	NCAM1	5
M	CTTGAAGAGGTTGACG-1	NCAM1	1
M	CGCTATCCACGACGAA-1	LCK	2
M	TACAGCATCGCCTTAC-1	TXK	1
M	GCACGCACAATTGCCA-1	TXK	1
M	GAGGCTCAGAACGTCG-1	MERTK	1
M	ACCAAACCATGCGACC-1	SKAP1	1
M	TTTGCGCGTTCTGATG-1	KLRD1	2
M	TGCTCACTCTTGTGCC-1	PRF1	3
M	AAATGAGCATCCTGGG-1	LCK	1
M	GTAGGAGTCTGTAGAC-1	PAX5	1
M	TGACTCCTCTTTGCAT-1	CSF1R	1
M	TCACCACTCCCGTAGG-1	CD28	2
M	TTTGCGCTCGTAGCGC-1	COL1A1	2
M	TAGCCCTTCGGATAGG-1	SKAP1	5
M	TATGTTCCAAGCAACG-1	SKAP1	1
M	TAGTCCCCACAAGGGT-1	IRF8	7
M	AAAGGGCCAAGACACG-1	KLRD1	5
M	GGAACCCGTCCGGTAC-1	KLRF1	1
M	GGTGAAGTCTTGCGCT-1	EBF1	1
M	GAAGAGCGTACAAGCG-1	VCAN	2
M	AGATTCGTCTTCCGTG-1	BANK1	3
M	AGTGCGCTCATAGGTC-1	CD28	1
M	GCCCGAACATTGTGAC-1	EOMES	3
M	TGCTATTCAAAGGCCA-1	CD8A	2
M	GCGTAGCAGAAGCCGT-1	EPCAM	1
M	TCAGTTTAGCTGAGGT-1	SKAP1	3
M	ATCCAGAGTTTCGTTT-1	CD68	1
M	GATGATCGTAACGGCA-1	EBF1	1
M	GGAGTAGCATTTGGTG-1	IL7R	1
M	GTCACGGTCTCCCTTT-1	BANK1	2
M	CGTTCCAAGGAGTACC-1	ZBTB46	6
M	TTGTCTATCTCCACTG-1	SKAP1	2
M	GGATGAGAGGTGTTGG-1	CD6	1
M	ATTTGTCAGCGTTAGG-1	EBF1	2
M	GCATGATCAATGGCAG-1	EOMES	2
M	CCCTCTCAGCCCATTA-1	ZBTB46	1
M	CTACTTACAGCAAACG-1	PECAM1	2
M	ATGTACGGTCATAGCT-1	CD3G	1
M	TAAACCGTCGTTCAGA-1	CD160	1
M	TTGAGCATCCTGACCT-1	VCAN	1
M	TGCCTGTGTATTGTCG-1	EPCAM	2
M	ATGGATCAGGCTGGAT-1	PECAM1	2
M	GCGTAGCAGAAGCCGT-1	PECAM1	2
M	CCTCCCTCACGCGTTG-1	IRF8	3
M	TCAAAGCGTATTTGCG-1	CD160	1
M	TCGGGACCAATGGTAA-1	BANK1	3
M	TAGCATGTCCACCTAC-1	CD8A	1
M	GCTTGCTGTGTGTGCC-1	CDH1	1
M	TACGCCTAGCGAGAAA-1	KLRD1	1
M	TATGTTCTCGGTTCCT-1	KLRF1	1
M	CCTATTACATTAAGGA-1	PRF1	1
M	CGTTCCAGTTATCGAC-1	PRF1	6
M	GTCCATCGTACGAGAC-1	PRF1	3
M	TTCTAACTCCCATAGA-1	EBF1	2
M	GAACCGCAGGCCAGTA-1	IL7R	6
M	AAAGATGTCCAGTACA-1	ZBTB46	1
M	CTGTATTAGATGCGAC-1	SKAP1	3
M	ATCCAGACAATAGCGG-1	IRF8	10
M	GGTTGCGTCATTCATC-1	CD6	3
M	TACAGCAGTGTGAGGT-1	CD6	1
M	GTTACTTTCTTAACGG-1	BANK1	3
M	GTGGATTCACGCTGTG-1	CD28	1
M	TGAATCGCATTACACG-1	CD79A	3
M	GGAGGATGTCCCGAGT-1	IRF8	1
M	CCTAAAGCATCGTACA-1	CD4	1
M	CTAGGGCCATGGGTGA-1	ITK	2
M	AGCTGGCCACCGAAAG-1	IL7R	1
M	GCGGTGTGTGTCCAGC-1	BANK1	2
M	GCACGGTAGGATGTAT-1	MRC1	1
M	AGATTCGAGTCATACC-1	PAX5	1
M	ACTACCCTCTGATCTT-1	THEMIS	2
M	CCTGCTAGTATGCTAC-1	CSF1R	1
M	AACCTGACACATCATG-1	EOMES	1
M	GGCGTTGAGAGCCACA-1	ZBTB46	2
M	AATGTCGGTCAGACGA-1	NKG7	1
M	CTCTAGCTCGGAGTTT-1	SKAP1	2
M	ACGTTAGGTTGAAGCG-1	ITGAM	1
M	ATCCTCGAGTGTCGGA-1	KLRD1	8
M	TCACCACGTGGAAGCT-1	CD6	1
M	GACCAATAGACAACGC-1	SPI1	2
M	GCTGAGCGTGCAAGCA-1	SH2D1B	3
M	GGATAGGGTTCTTTGT-1	ITK	3
M	TAGGTGTTCGCCAGAC-1	BANK1	1
M	AACGTACCAAACGACG-1	CD79A	1
M	GCCTAGGAGTGGTGTG-1	COL1A1	1
M	GTAGGAGAGTGAAACT-1	SKAP1	1
M	TAATCGGGTCTAACCA-1	FLT3	1
M	ATGTACGTCCTAGAGT-1	KLRD1	6
M	AAAGGATTCACATTCT-1	TXK	5
M	CATGCCTAGGGAGTTC-1	CD8A	2
M	CTGTATTGTAACTGAA-1	CD8A	2
M	CTGGGACCAACAAACA-1	IRF8	1
M	CACAGATAGTCGAGCA-1	KLRD1	2
M	GGTTGCGGTGGTCGAA-1	KLRF1	1
M	AATGCCACAGCGTACC-1	SH2D1B	2
M	GGGACCTGTATTCTTC-1	LCK	3
M	TAAACCGCACTACACA-1	BANK1	1
M	AAAGGGCCAAGACACG-1	TXK	4
M	AGCCCGAAGGTTCTCA-1	ZBTB46	1
M	TGTGGCGCAAGGAACC-1	CD28	2
M	GCGTTGGTCGGCATAT-1	CD79A	1
M	ATAGGCTTCCTTTGCG-1	COL1A1	1
M	GGTGCTGGTGTTGTTG-1	NCAM1	1
M	GCCTAGGAGTACCTCA-1	NCAM1	1
M	CTCAGAAAGTGCAACG-1	CD6	2
M	ATCGAGTCACACTAGT-1	PAX5	1
M	TCTATTGGTGGACAGT-1	IL7R	1
M	GCGGTGTTCTACTTTG-1	TXK	1
M	CAAGAAATCCATATCT-1	CD79A	2
M	TAACGGTGTCAGAAGC-1	PECAM1	2
M	TCACTCGTCAGAGTGG-1	SKAP1	2
M	GTTGGGCCAACTCGTA-1	KLRF1	4
M	CCTGGGATCGTCTTAT-1	CD3D	1
M	TCCCACACACAAACAA-1	PRF1	1
M	AGTTACGGTGGACCAA-1	MRC1	2
M	ACAATCGTCTATGAGC-1	SH2D1B	3
M	TGATCAGTCGTGGGTC-1	THEMIS	1
M	ACGGATTAGCCATGGA-1	EBF1	7
M	CCTTGCAAGGCTCCTG-1	BANK1	1
M	ATGTCGAGTCCCGAGT-1	TXK	1
M	TGATTTCCAATCATCG-1	EOMES	3
M	GGAGTAGCATCAGCTA-1	KLRD1	3
M	ATTACTCGTGGACTGA-1	CD3D	1
M	GGTGCTGGTATGGTTC-1	SPI1	1
M	CCGAAGCCAACCTCCT-1	EBF1	6
M	CCGTACTCATTGTTCT-1	CD28	1
M	CATTCCGCAACGTACT-1	CSF1R	4
M	TCGTTCGCAGTCCTGG-1	KLRD1	9
M	TTATGTCCATTCCCGT-1	NCAM1	4
M	TCAATTCAGTGCACAG-1	PRF1	1
M	TAACGGTCAGCAACAG-1	EBF1	1
M	AATGCCACAGCGTACC-1	ITK	1
M	TGCTCGTGTATGGGTG-1	CD14	1
M	CTCGCTATCGCCCTTA-1	BANK1	2
M	GAAGAGCGTACAAGCG-1	TXK	1
M	GAATCTGTCGAGTGTT-1	SKAP1	2
M	ACCAAACGTGAGGTCA-1	CD5	1
M	CTTTGCGAGTCCGATT-1	SH2D1B	1
M	GAGATTCAGTTGACAA-1	CD160	1
M	TGACTCCGTGGTTCTA-1	LCK	2
M	GGATGAGAGGTGTTGG-1	LCK	1
M	CTTGCCAGTGTCTACA-1	CD14	3
M	TCAGCTCTCTTACTCA-1	EOMES	1
M	CATTCATCAGCGCGTT-1	CD8A	2
M	CCTTGCATCTCTGACC-1	NCR1	1
M	CTTCCAGCAAGCACTT-1	MRC1	1
M	TCAGGTAAGCTCCGGT-1	THEMIS	6
M	CAAGAAACATTGAACC-1	EBF1	3
M	TAGCCCTGTCACAGGA-1	NKG7	1
M	AATGCCAAGGGACGTT-1	CD6	1
M	GAAACAAGTTCTTATC-1	SPI1	1
M	CTCAACCGTCTGGTTA-1	THEMIS	1
M	CGATGATTCCTTTGCG-1	TXK	1
M	TAGCGGCTCCCACGGA-1	EOMES	1
M	GCAGCTGAGATTAGAC-1	EPCAM	1
M	ACAATCGCAGTAAGCG-1	NKG7	2
M	GTCACCTGTAACATAG-1	PRF1	2
M	TTTACGTTCGCGTTCT-1	MRC1	1
M	AACGAGGAGTCTCGAT-1	LCK	2
M	GAACGTTGTACCCATA-1	EBF1	1
M	GAGGCTCGTCAGAAGC-1	ITK	3
M	GAAGTCTTCCGATGCG-1	CD14	2
M	TGTGGCGAGAAGCCGT-1	BANK1	4
M	GCGAGAACAGGGTACA-1	MERTK	1
M	ATAGGCTGTCAAGACG-1	CD3E	1
M	CGCTGGACATTGTTCT-1	NCAM1	1
M	GAACTTGGTAGCAGCA-1	MRC1	1
M	TTAGCTTAGGCCAGTA-1	THEMIS	2
M	GTGATCAAGGAAGGTA-1	CD8A	1
M	CTACAGAAGTGGACGT-1	KIR2DL4	3
M	CCGTAGGTCACTAGCA-1	CD79A	2
M	AATGGCTGTGTCGTGC-1	KLRF1	1
M	ACTGCAATCGCACAAT-1	CD160	1
M	GCATTGAGTGGACAGT-1	ITK	1
M	CAGGATTTCGCTTGAA-1	BANK1	1
M	TTAACGGGTTCCCGGA-1	NCR1	1
M	GACCTTCTCCGAATTG-1	NKG7	1
M	GGGTCTGCACTCAAGT-1	SKAP1	2
M	AAGATAGAGATATGTG-1	KLRD1	4
M	ACGTGGCCACTGGGCT-1	PAX5	1
M	CTTCTAATCGGGATCC-1	CD79A	2
M	GGTCATACATAGAATG-1	CD6	1
M	CAATCCCCACCCTTAC-1	BANK1	1
M	ATGTCGAAGAGCCACA-1	NCR1	1
M	TAGACTGCATCATAGC-1	CD79A	2
M	GGAACCCGTCAGAAAT-1	CD79A	3
M	TCACTCGAGTTCCCGG-1	KRT18	1
M	TGCTTTAGTGTTGTTG-1	ITK	1
M	AGCCTTCTCTCCTTAA-1	NKG7	1
M	GCGTAGCCAATGACTC-1	KLRF1	1
M	TACAGCACATAGCAGG-1	CD6	1
M	AACGGGAAGGGACGTT-1	PAX5	2
M	TATCTGTAGGCCTCTG-1	ITK	4
M	AGCCGCACAACAACTC-1	EOMES	3
M	TGGTCAAGTGATCAGG-1	MARCO	2
M	ATTCGTTCAACTCGTA-1	NCR1	1
M	TTACTTGAGGATATCA-1	NCAM1	4
M	GGATGAGCAATCCATG-1	CD6	1
M	TCACAAGGTCTGCACG-1	ITK	4
M	TCACCACGTGGAAGCT-1	CD14	2
M	CTCTACGCAACACGGA-1	BANK1	4
M	CCGTGAGAGGTCTTGT-1	GNLY	1
M	CATAACGCATATAGAG-1	ITGAM	1
M	CGCTATCGTCATCGTA-1	KLRF1	1
M	CGCAGGTTCTGAACGT-1	VWF	1
M	TTACGTTTCGAGTGTT-1	CD6	2
M	TTCAACTCAAGCGAAC-1	CLEC9A	1
M	CTTAATCGTCCCGAGT-1	MRC1	1
M	CGGTGCACAGCGTCGT-1	MRC1	2
M	GCAGATTTCCGCGATG-1	LCK	2
M	AGGCCTGAGTCGATAA-1	THEMIS	1
M	TACTGCCCAGTAAGCG-1	IL7R	2
M	TTACGGAAGGTTAACA-1	BANK1	1
M	AGTGCCGAGTCGACCC-1	TXK	5
M	CCATACCAGGCTCCTG-1	ZBTB46	1
M	GCCCGAACATTGTGAC-1	CD8A	1
M	TATGTGGAGTAACTCC-1	NCR1	1
M	TCGTTCGGTTTGCGAT-1	KIR2DL4	1
M	CGTAAACTCTCTTCTC-1	VCAN	2
M	TGCCTCAGTAATGCAA-1	CD8A	1
M	GTAGTACTCCTCAAGA-1	GNLY	1
M	CATTCATAGCACCATT-1	NKX2-1	1
M	GTGGCGTTCTTCCAGC-1	VWF	1
M	TACTGCCCAGTAAGCG-1	PRF1	4
M	GAAACAAGTGAGTTGG-1	MRC1	3
M	CACAGATAGTCGAGCA-1	SH2D1B	2
M	ACATGGTCAACACGGA-1	CD160	1
M	GCCTAGGAGTACCTCA-1	GNLY	2
M	AGTGTACCACGTGAAG-1	CDH1	1
M	GCTTTCGAGCATTCCA-1	KLRD1	4
M	GTTATGGTCCTCTCTT-1	VWF	1
M	GGTTGCGGTGGTCGAA-1	EBF1	1
M	TCACCTGGTCCCTAAA-1	ITK	2
M	AGTGCCGAGGCTCAGA-1	ITK	3
M	TTCAACTCAACTCGAT-1	BANK1	3
M	ACTTCCGCAGAATGCG-1	EOMES	1
M	GTAGACTTCTCTCAAT-1	MARCO	2
M	TGGCAATGTTCATTTC-1	LYZ	2
M	CAGCTGGGTCGCTAGC-1	EBF1	2
M	AGTGCGCCACAATAAG-1	BANK1	1
M	CAAGCTAAGGCAGTAC-1	TXK	3
M	GCTTTCGTCACAGGGA-1	NKG7	2
M	TTGCCCAGTCAACGGA-1	CD79A	1
M	GTAGACTCAATTGTGC-1	CD79A	2
M	CACTGAAAGGGACGTT-1	CD79A	1
M	AACCAACCATTAACGC-1	COL1A1	1
M	ATCCAGATCTTGTCGC-1	KLRD1	1
M	TAGTCCCCACAAGGGT-1	KLRD1	2
M	AGCTGGCAGTATAGTG-1	THEMIS	1
M	TACTAGGCATCGGCTG-1	EBF1	2
M	ACGTTAGTCACTTACT-1	ITK	5
M	GGTTGCGGTGGTCGAA-1	ITK	6
M	CGCTGGAAGGCGTCCT-1	CSF1R	8
M	ATTACTCCACCCTTAC-1	TXK	1
M	CGCTATCCAACATAAG-1	EOMES	1
M	GCCCAGAGTTTCGACA-1	MERTK	2
M	GGTACCGAGAGCGGTT-1	PECAM1	1
M	CCTAAAGGTCACCCGA-1	KLRD1	4
M	GACCCAGAGATTACGA-1	SH2D1B	4
M	ATAGGCTGTGCAACAG-1	ITK	3
M	ATTGTCTTCGGCATAT-1	ITGAM	1
M	GAATCTGTCCCACTTG-1	SH2D1B	1
M	AGCCCGATCGCATAAC-1	THEMIS	2
M	GGATAGGCAAAGCTGG-1	ITK	3
M	GTAGGAGGTCCAAGTT-1	NCR1	4
M	AAGGAGCCAGCGTAGA-1	FLT3	1
M	CGCAATATCGACTGGC-1	FLT3	1
M	GCAGCTGTCCAAGTCA-1	VWF	2
M	GATCGTAGTCTTAGCA-1	PRF1	1
M	GCTCACTGTACCAAGG-1	MRC1	1
M	GGTGCTGGTTCCATCC-1	MRC1	1
M	GTGATCACAGTAGTTC-1	THEMIS	2
M	CTGAATGTCGGAAAGC-1	THEMIS	1
M	CGTAAACTCATAGGTC-1	BANK1	1
M	TGGCAATCATACTGCA-1	BANK1	1
M	AGCCTTCCAGAGAGAA-1	EOMES	1
M	CGCTATCGTCATAGCT-1	CDH1	1
M	CCACGTTTCCATGTTT-1	BANK1	4
M	TACATGGAGCTAACAA-1	TXK	2
M	ACCAAACTCAGGGTTT-1	SKAP1	2
M	CGTGGCAAGGGTCCCT-1	IRF8	1
M	CGAGTTAGTACTTCAG-1	VWF	3
M	TAGTCCCGTGGATTCT-1	NCAM1	1
M	ACTGCAATCGCACAAT-1	ITK	3
M	AGTGTACTCTTAACGG-1	VCAN	4
M	TCACAGAGTCCTATTT-1	BANK1	1
M	AGCTGGCTCGTCTTAT-1	CD28	3
M	CTGCGTTGTGCGCTCA-1	CD79A	2
M	GAGCATTCACGACGAA-1	COL1A1	1
M	GCCTAGGCACCCTTTG-1	IRF8	5
M	TGGCAATTCGTCTAGA-1	NCAM1	6
M	TTACGGAAGGTTAACA-1	EBF1	1
M	TTCAACTCAGCAACAG-1	NKG7	2
M	ACCATCCAGAAAGGGT-1	LCK	1
M	GCAGCTGGTTTCGATG-1	EBF1	7
M	GGAGGATGTCCCGAGT-1	KIR2DL4	1
M	TAAGCCATCCGCGATG-1	CD79A	1
M	TACCTATAGACAGCTG-1	PECAM1	3
M	ATTTGTCGTGCACTTA-1	SKAP1	1
M	ATTGTGGCATCCATAG-1	KRT18	1
M	ACGGATTAGCCATGGA-1	KLRD1	6
M	TCCCACACACAAACAA-1	NCAM1	2
M	TTCTGTAAGACCCATT-1	PRF1	2
M	ACAATCGTCTATGAGC-1	MRC1	1
M	AACGAGGCAAGCACTT-1	THEMIS	1
M	GAAGTCTCATCGCTAA-1	EBF1	1
M	CCTGGGACAATGTAAG-1	BANK1	3
M	TGTAAGCGTCCAAGAG-1	TXK	1
M	GCTTAAGGTTGGAGGT-1	IRF8	1
M	GTCCATCGTACGAGAC-1	KRT8	1
M	TGTGACATCGGCAATT-1	ITK	3
M	CGGTGCATCGCTTACC-1	BANK1	7
M	GCGGGTTTCACTCCCA-1	BANK1	3
M	TACAGCACATAGCAGG-1	BANK1	2
M	CCTGGGATCGTCTTAT-1	TXK	1
M	ACAAGCTCAAATGCTC-1	NCR1	3
M	TTGTTGTGTTAGAGAT-1	PRF1	1
M	TCAGGGCGTCCAAGTT-1	THEMIS	1
M	ACTACGACAGGGTACA-1	EBF1	1
M	TGACTCCGTGGTTCTA-1	CD8A	1
M	AACAAAGAGACCGCAA-1	CD8A	3
M	ACCTGCTTCCAACGCG-1	PECAM1	1
M	AGCCTTCCAGCGTAGA-1	IRF8	3
M	GAGAACGCAGCAACAG-1	CDH1	2
M	GCTCCTATCGTCGCAG-1	ITGAM	3
M	CTGCTCACACCAAGGA-1	KLRD1	3
M	GAACGTTTCTCCTTAA-1	KLRD1	2
M	TGGTCAACAATGGTAA-1	CD160	1
M	ATGCATGTCAGCACGC-1	VCAN	2
M	ACCAAACTCAGGGTTT-1	TXK	2
M	CAGTGTATCTCGCGTT-1	CD28	1
M	AACCGATGTGCGTTTA-1	CD8A	1
M	ACAGCGCCAGTCAGCC-1	NCAM1	2
M	CGCTATCGTAAGCCTT-1	NCAM1	3
M	GATGGCCCATCAGAAA-1	CD6	1
M	GAGGCTCAGCTCCGGT-1	SH2D1B	3
M	AAACTCGGTGACCAGA-1	ITK	1
M	TAGGAGGCAGTATCTG-1	CD79A	2
M	CTGAATGAGGAATGGA-1	CD79B	1
M	TCGAGCGTCGGATCGC-1	CD3E	2
M	CAGCCTTTCCCAGTAA-1	SH2D1B	1
M	TATGTGGCACCGTCTT-1	CD160	5
M	CGCAATATCCCACTTG-1	CD160	3
M	CTCAGAAAGTGCAACG-1	LCK	1
M	AACTTGGTCGTCCCTA-1	THEMIS	1
M	TCAAAGCGTATTTGCG-1	EBF1	4
M	AGTCAACTCCGAATTG-1	TXK	2
M	CACCACTGTTAGAGAT-1	MERTK	1
M	TTAGGTGGTCCGAGCT-1	GNLY	1
M	AATGCCAAGGGACGTT-1	SKAP1	4
M	GCAGCTGAGATTAGAC-1	ITGAM	1
M	CCGTGAGAGGTCTTGT-1	ITGAM	1
M	ACCGAATTCGACTATG-1	CD6	3
M	GAGGATGTCTCATCCG-1	EBF1	3
M	CATTCCGCAACGTACT-1	EBF1	4
M	GTCACCTAGTCGGGAT-1	EBF1	2
M	TTGTTCACAACGTCGC-1	VWF	1
M	TTATGTCCATTACCTT-1	NCAM1	64
M	AACATCGGTATTCTTC-1	NCAM1	3
M	ATGTCTTGTTGGTAAA-1	THEMIS	1
M	TAACAGCCAAACAGTA-1	TXK	1
M	ACAGACTGTGATAAGT-1	TXK	1
M	AAGGAGCGTGAGGTCA-1	MERTK	3
M	GACCAATTCCACCTAC-1	CD8A	1
M	GCCAGACAGGTCTTGT-1	NKG7	1
M	TTCGGTCTCTTTATCG-1	PECAM1	2
M	AACAAAGAGCCTGTAT-1	KLRD1	1
M	ACGTTAGTCGAGGTCC-1	PRF1	1
M	CAGCTGGTCGGGAATG-1	CSF1R	2
M	AGTTACGGTGGACCAA-1	NKG7	1
M	GAAAGTAGTAACGGTG-1	FLT3	1
M	CGATGATTCAGTGTAC-1	PAX5	1
M	GTCACTCAGAAATGGG-1	THEMIS	1
M	ACAAAGAAGGATTGAT-1	ITK	1
M	TTCGGTCAGTTCGTTG-1	KIR2DL4	2
M	TACCTATGTATATGGA-1	COL1A1	3
M	GGGTTATTCCACACCT-1	CDH1	1
M	GTACTTTTCGTCTTAT-1	KLRD1	4
M	GTGCTGGAGTAGTGTA-1	NCAM1	3
M	CCTCCCTCACGCGTTG-1	EBF1	1
M	ATTACCTTCTACATCT-1	EOMES	2
M	TAGCATGAGGCCAATG-1	MERTK	4
M	TCAGGTAGTAAGTGCG-1	CD8A	1
M	AGATTCGTCGTTTGAG-1	GNLY	2
M	TACTAGGCACTGCTTC-1	NKG7	1
M	GGTTGCGAGGCCTCTG-1	ITGAM	1
M	CTCGCTACAGTATACC-1	NCAM1	2
M	CAACGTACAGAGTCGA-1	LCK	2
M	CCCGTTACAACAACTC-1	EBF1	1
M	CCATACCGTGGCATAG-1	EBF1	3
M	GCTCGAGCATCGTACA-1	IL7R	3
M	GAGCATTTCAGGAATA-1	TXK	1
M	GGTAGGATCCTGACCT-1	EOMES	1
M	TGACAACCATACCCGG-1	FLT3	1
M	GTGACATCAATGGCTT-1	KLRD1	1
M	GGGCCATCAGTAACCT-1	KLRF1	1
M	CCCTAGTGTCCAAGAG-1	KLRF1	1
M	CCGTAGGAGGCGACTA-1	EBF1	4
M	GCGAGTCGTGCATTGT-1	BANK1	4
M	TGTTAGGGTCTGGTCG-1	KLRD1	6
M	AGGCGTCGTTAAGTCC-1	KLRF1	3
M	TTCGGTCAGTTCGTTG-1	CD3E	2
M	ATGTCGAAGAATGCTA-1	NCAM1	2
M	ATGTCGATCATAGGTC-1	PRF1	1
M	AGTTTGGGTCATAAGA-1	PRF1	3
M	CACGTTCAGTAACTCC-1	TXK	1
M	GCGAGAACATAGCCGC-1	MARCO	1
M	AAGGAGCCACGATTAC-1	MERTK	1
M	CATGCCTGTTCAGTTG-1	PECAM1	2
M	GTCTACCCAGTCAGAG-1	SKAP1	4
M	CAGGATTCAATGGCAG-1	CDH1	4
M	TGGCCTTAGCCCATTA-1	KLRD1	2
M	CGCAATAGTGCTTGAT-1	NCAM1	2
M	ACATGCATCCTAAGTG-1	PAX5	1
M	TGACTCCGTGGTTCTA-1	ITK	6
M	TGGTCAATCGGTAGGA-1	IL7R	4
M	TTGTTCATCGATAGCT-1	BANK1	1
M	GGCATTACAAGGTCGA-1	BANK1	2
M	GAAGTGGAGGCTAAAT-1	BANK1	1
M	GTAGACTAGAATCAGT-1	ZBTB46	1
M	ACAAGCTGTAACTCCA-1	MERTK	1
M	TTAACGGGTTCCCGGA-1	SKAP1	4
M	AACCAACTCGATGTAC-1	IRF8	1
M	TAACGGTCAGTAGGCA-1	VWF	1
M	CACGTTCAGTAACTCC-1	LCK	1
M	AACGAGGAGCAACGGT-1	VCAN	2
M	AGGCCCACAGGATAGC-1	CD8A	1
M	GAAGTGGAGGCTAAAT-1	NCR1	1
M	TTCGGTCCAAGGTCGA-1	PECAM1	1
M	CGATGATTCGATGTAC-1	SH2D1B	2
M	TCGCAGGCAACGGGTA-1	SKAP1	1
M	TGGCAATTCGTCTAGA-1	CD3E	2
M	TAGACTGGTTCAGAAA-1	CD5	1
M	TAGACTGAGAACCATA-1	PAX5	1
M	AGTGTACCACGTGAAG-1	ITK	1
M	GGAGTAGGTCATAGAA-1	GNLY	1
M	TCGTTCGCAGTTACAC-1	ITGAM	1
M	TCACCACGTGGAAGCT-1	KLRD1	3
M	CAAAGCTGTGCTGGCT-1	CD3E	1
M	CCAATGAAGGGTTCCC-1	NCAM1	1
M	CCAATGAGTTAACCGT-1	PAX5	1
M	TTACTCACAATTGGCT-1	ITK	1
M	TAACAGCAGGGTCCCT-1	BANK1	2
M	GCTCGAGAGCCGCAAA-1	CD28	1
M	AACATCGGTGGCGCTT-1	NCR1	2
M	AACATCGTCCGGGCAT-1	COL1A1	1
M	GTGCTGGAGAGCTGTG-1	SKAP1	5
M	GATCGTAGTCCACCAG-1	IRF8	2
M	TTCAACTCAACTCGAT-1	PRF1	1
M	ATCCTCGCATTACACG-1	SH2D1B	2
M	TAGGTGTCAGTGGTCC-1	PAX5	1
M	TCGCCTACATCGGCTG-1	BANK1	4
M	GTGCCAGAGATCGCCC-1	BANK1	3
M	GCCCAGATCACAACAC-1	ZBTB46	1
M	ACGTTAGTCGGACGAA-1	CDH1	1
M	TATCGAGTCCCGGGTA-1	CD3E	4
M	TGGCAATCATACTGCA-1	CD79A	1
M	GCACCTTCACTGTTAG-1	COL1A1	2
M	AGCCAGCTCTTATCAC-1	SKAP1	1
M	GATGGCCCATCAGAAA-1	NCAM1	1
M	GGGACCTCATCCGTGG-1	ITK	1
M	TTCGATTAGTGTGTAA-1	GNLY	1
M	TAATTCCTCCCAATAG-1	CDH1	3
M	TAATCGGGTTTGGATC-1	FLT3	1
M	TCTCAGCGTGGACGAT-1	VWF	5
M	TACCTATGTATATGGA-1	CD3E	1
M	GGCGTTGAGTTACCAC-1	PRF1	1
M	TGCTCACCAGAACGAC-1	EBF1	4
M	CCGTACTTCTTAATCC-1	ITK	3
M	GCTCCTAAGAGTAAGG-1	EOMES	2
M	TTCGGTCTCTTTATCG-1	ZBTB46	1
M	GCTTAAGAGGTCTTTG-1	SKAP1	6
M	TAGCATGGTTACTTTC-1	CD3E	1
M	CGCACAGCACTTGCGG-1	TXK	4
M	TAAGCCATCCGCGATG-1	ZBTB46	1
M	TGTGGCGCATTAGCCA-1	COL1A1	2
M	TTAACGGTCTTAAGCG-1	SKAP1	8
M	TATGTTCCAATTAGGA-1	KRT8	1
M	CCTTGGTTCGGTTCCT-1	KLRD1	8
M	TGGTCCTTCTGTTGCC-1	NCAM1	1
M	CCGTAGGAGGCGACTA-1	CD14	1
M	CGTAAACGTTCCGGCA-1	BANK1	4
M	GCGATTATCTCCCTTT-1	TXK	2
M	GAAGTGGGTCCCGAGT-1	EOMES	2
M	CTCCCAAAGAAGCCGT-1	NCR1	1
M	AGGCGTCTCCTTTGCG-1	PECAM1	2
M	TAGACTGAGATCTCAC-1	CDH1	1
M	GTCACCTGTAACATAG-1	ITGAM	2
M	CTCTACGCACGCTCAG-1	NKX2-1	1
M	AACCTGACACATCATG-1	FLT3	3
M	ATTGTGGCATCCATAG-1	FLT3	2
M	ACTATTCGTAGGTAAT-1	NCAM1	2
M	ACCCAAAAGGTCTTGT-1	NCAM1	1
M	GTTATGGGTAAACGTA-1	CD6	2
M	CAGTGCGAGATTGACA-1	MRC1	1
M	CATTCATAGTGGTGTG-1	SH2D1B	4
M	CAGTATGTCAACACGT-1	CD160	1
M	ACCGGGTAGTGATCTC-1	EOMES	1
M	CTCTCAGGTAGTACAA-1	PECAM1	2
M	AAACTGCTCTTTGCAT-1	KLRC1	1
M	ACTGCAAAGTCCGGAA-1	CD4	1
M	TCAGGTAGTGCGCTCA-1	CD3E	1
M	GTCACTCGTGGATTTC-1	MRC1	1
M	TGGCCTTAGAGGTCCA-1	THEMIS	3
M	GGTGCTGTCGCCACTT-1	BANK1	4
M	TCACTCGCACTGAAGG-1	TXK	4
M	TACCTATGTGCCAAGA-1	ZBTB46	1
M	AGTCAACTCCGGAAAG-1	CD79A	1
M	CACATGATCGCCACTT-1	KLRD1	4
M	GGAATCTCACTACACA-1	PRF1	2
M	GAACCTAAGCGCACAA-1	MRC1	1
M	CGCACAGCACTTGCGG-1	CD160	2
M	CTGGGACTCCATATCT-1	THEMIS	2
M	GAGGATGAGGCCTCGT-1	VCAN	1
M	TATGTGGCAGTTCGGC-1	IL7R	1
M	TAGCCGGTCGTATAGC-1	BANK1	4
M	GTAGGAGCAAGCAACG-1	CD8A	1
M	AATGCCATCTTTGCAT-1	CD4	2
M	CCCAGAGTCCCAGCGA-1	LCK	2
M	GTAATCGCAAATTGAG-1	ITK	5
M	ACGTGGCAGACCATAA-1	ITK	4
M	TGGAAGGAGACTTGAA-1	BANK1	1
M	CTCGCTAAGAACGTCG-1	MERTK	1
M	GTCACGGCACTACACA-1	CD79A	3
M	GCTTTCGTCACAGGGA-1	NCAM1	5
M	TCAGTCCTCTTCCAGC-1	SFTPC	1
M	TGCTCGTAGCGAGAAA-1	IL7R	1
M	ACGTTAGTCTATATCC-1	TXK	1
M	GCTTGCTTCCATAACG-1	ZBTB46	1
M	AGCTGTACATGTAGAA-1	IRF8	2
M	CAACGTACAGAGTCGA-1	FLT3	1
M	GAAGTCTCAGTAACGG-1	KLRD1	7
M	GGATGAGCAATCCATG-1	KLRF1	1
M	CGTACAACATCCGTAA-1	MS4A1	1
M	ACATGGTCATGATCGT-1	EOMES	1
M	TTTGGTTGTAGACACG-1	CD8A	2
M	TAGGAGGTCTGAGTAC-1	SKAP1	7
M	GTGCACGAGACGACTG-1	CDH1	3
M	TTACCGCCACTAGGAG-1	VWF	1
M	CACCACTAGCACACCC-1	CD6	1
M	CCCACATTCTGTGTGA-1	CD6	3
M	CCCTGATCAACACGGA-1	TXK	1
M	TACAGCATCACACGTA-1	CD8A	1
M	CTCGCTATCGCCCTTA-1	KIR2DL4	2
M	GTGCTGGAGATCACCT-1	NKG7	1
M	GGTGCTGTCAATTGGC-1	MS4A1	1
M	AACATCGGTCTGGGAA-1	LCK	1
M	CTTAATCAGAAATGGG-1	PAX5	1
M	ACCAAACGTGAGGTCA-1	EBF1	1
M	TAGCCGGTCGTATAGC-1	VCAN	1
M	TTACCGCCATGCCTTC-1	BANK1	1
M	CTTCCAGAGACTAGGC-1	PECAM1	1
M	GCGAGAACATAGCCGC-1	LYZ	1
M	GGTAGGACATTAGCAC-1	CLEC9A	1
M	TACTGCCCAGTAAGCG-1	CD3E	1
M	TTCGATTTCCCTACCA-1	NCAM1	1
M	GTAGTACCATGGCCTG-1	CD160	1
M	TGGCCTTGTTTGCATG-1	NCR1	1
M	CCCGTTAGTGCTGTGC-1	CD79A	1
M	TTTGCGCTCGTAGCGC-1	NCAM1	1
M	GCCTACTCAGATAAGT-1	CD6	4
M	GGAACTTGTCTAACCA-1	THEMIS	1
M	ACGTGGCCAAGGTCGA-1	ITK	4
M	TCGAGCGCAGTAACTC-1	TXK	2
M	ACAAGCTTCCTGAAAC-1	EOMES	1
M	CACAGATAGTCGAGCA-1	MARCO	1
M	GCCTAGGCACCCTTTG-1	NCR1	2
M	ATGCATGTCAGCACGC-1	PECAM1	1
M	GTTATTCAGAGTTCGG-1	KLRD1	4
M	TGATGCAAGTTCTCCC-1	CD3G	1
M	CCTTAATGTTTAGGAA-1	CD5	1
M	GCGATTATCTCCCTTT-1	IL7R	1
M	AGCTGGCAGTATAGTG-1	CD28	2
M	TTACGTTTCGCGGCAT-1	MERTK	1
M	ACCAAACTCAGGGTTT-1	MERTK	1
M	CTCGCTAAGAACGTCG-1	CD8A	1
M	GGTTGCGAGGCCAATG-1	KIR2DL4	1
M	ACATGGTCAACACGGA-1	NKG7	1
M	GAAACAATCGCCAGAC-1	KLRD1	9
M	TACTAGGCACTGCTTC-1	CD3D	1
M	GAGGCTCAGAACGTCG-1	ZBTB46	1
M	GGATGAGTCACCCTTG-1	ZBTB46	1
M	GCCTAGGAGTACCTCA-1	MERTK	1
M	AGCTGGCCACCGAAAG-1	PECAM1	1
M	TGTTAGGCATAGATAG-1	PECAM1	1
M	TCAGGGCGTCCAAGTT-1	SKAP1	3
M	CCTAAAGAGTAATCAG-1	CD3G	1
M	GTCCATCAGGGTATCG-1	NCAM1	1
M	AAGGAGCCACGATTAC-1	CD160	1
M	CGAGTTAGTACTTCAG-1	SFTPC	1
M	ATTGTGGCATCCATAG-1	EBF1	1
M	TTGTTCATCGTATAGC-1	IL7R	2
M	TGACTCCTCTTTGCAT-1	ZBTB46	1
M	CGATGATTCGCTACCT-1	KLRD1	1
M	CAAGAAAAGACACTTC-1	MRC1	1
M	CACAGATAGTCGAGCA-1	SFTPC	1
M	GTCACAAGTAGTCTGT-1	BANK1	1
M	CACCACTGTTCTTTCA-1	EPCAM	1
M	AGTGCGCGTGCTGTGC-1	CD79A	2
M	CCCTAGTTCATTCGGA-1	THEMIS	1
M	CAGTATGGTACGTAGG-1	BANK1	1
M	GCTCCTATCGTCGCAG-1	TXK	2
M	TCAGGGCCATGGCCCA-1	FLT3	1
M	GTGCTGGAGAGCTGTG-1	KRT8	1
M	TGAGCCGTCCAAGTCA-1	KLRD1	1
M	CTGGGACTCCATATCT-1	NCAM1	1
M	AGCTGTACATGTAGAA-1	MRC1	1
M	CTGGGACCAACAAACA-1	EOMES	4
M	AACCAACTCGGTCAGC-1	KIR2DL4	1
M	TTCGATTGTGCCGGTT-1	PECAM1	1
M	TCGGGACCAATGGTAA-1	PECAM1	5
M	GGATGAGGTGCCCGAT-1	CD4	2
M	TCAAAGCGTATTTGCG-1	THEMIS	3
M	AAGATAGAGCCAGAAC-1	ZBTB46	2
M	GCAGATTCAGTCCTGG-1	MERTK	3
M	AACATCGAGCCTATAC-1	BANK1	1
M	TTTGGCCTCAAAGTAG-1	EOMES	1
M	GAGGATGGTCTGTCCT-1	MERTK	1
M	TTACGTTCATGGTAAA-1	GNLY	1
M	GAAATGATCAGTCACA-1	PECAM1	3
M	TTACCCGTCTTCCACG-1	PECAM1	1
M	AAGGAGCAGATCACCT-1	CDH1	1
M	TTCGCGTCATGCGTTA-1	CDH1	1
M	GTCCATCAGCTTTCCC-1	VWF	1
M	TTTGCGCTCGTAGCGC-1	SFTPC	1
M	TCAGGTAAGCTGCCAC-1	ITK	2
M	GTAGTACCATGGCCTG-1	CSF1R	2
M	ACAAGCTTCCTGAAAC-1	IL7R	13
M	TCACCTGAGTTCCCGG-1	BANK1	1
M	ACCCAAATCTTGTGCC-1	TXK	1
M	GCAGATTTCACTAGGT-1	GNLY	1
M	CAGTGCGAGATTGACA-1	KLRF1	2
M	GAGGCTCTCTGATCTT-1	MRC1	1
M	CCCTAGTTCTACATCT-1	PAX5	1
M	GCGGAAATCTCGCGTT-1	ITK	7
M	TGGCGCAAGTCGCGTC-1	TXK	1
M	TGGCAATGTTCATTTC-1	MERTK	1
M	CCCGTTACAACAACTC-1	NKG7	3
M	GAAACAAGTATCCCTC-1	NKG7	1
M	CTGCTCACACCAAGGA-1	CD79A	1
M	CCTGGGACAGAACGAC-1	COL1A1	1
M	CTGTATTAGTGATTAG-1	COL1A1	2
M	TTCATCAAGAGCCACA-1	COL1A1	1
M	ACTATTCCACCGATCG-1	SKAP1	1
M	GATGGCCCATCAGAAA-1	ITGAM	1
M	GCCAGACTCCGTACGG-1	SH2D1B	2
M	AGTGCGCGTGCTGTGC-1	BANK1	2
M	TGTAAGCGTCCGTGCA-1	TXK	8
M	TACGGATCACCAAGGA-1	EOMES	1
M	TACTGCCCAGTAAGCG-1	GNLY	1
M	TTACCGCCACTAGGAG-1	KIR2DL4	1
M	TATGTTCTCTATACCT-1	PECAM1	2
M	CTAACTTGTCCAACCG-1	VWF	5
M	TGTACAGCACCACGAC-1	CD3E	1
M	TGCATGATCGCTTCAC-1	EOMES	1
M	ATTCGTTCAACTCGTA-1	ZBTB46	1
M	TGACAACCAAGACACG-1	PECAM1	1
M	GCAGCTGAGATTAGAC-1	PECAM1	1
M	AATGGCTAGTAGTTCC-1	FLT3	1
M	GCCAGCATCAAACCCA-1	KLRC1	1
M	CTCAGCTTCTCTTAAC-1	KLRF1	3
M	AGTTTGGGTGGACAGT-1	CD3G	1
M	TGTACAGGTGGATTTC-1	BANK1	1
M	AGCTGGCTCGTCTTAT-1	TXK	1
M	CCAGATAGTACGCCCA-1	TXK	1
M	CCGTAGGGTACTAGAA-1	CD79A	1
M	GTCCATCTCGATAGTC-1	SKAP1	1
M	GGTGCTGTCAATTGGC-1	SKAP1	1
M	GGAGAACTCTCTGTTA-1	KLRD1	1
M	CCTATTAAGATCTAAG-1	KLRF1	1
M	AAAGATGGTTCCTATT-1	CD4	1
M	ACTGCGGTCCAATCCC-1	NCAM1	1
M	TTGTTGTGTTAGAGAT-1	CD6	3
M	GGGACCTGTATTCTTC-1	MRC1	3
M	CCTTAATCAAAGGCCA-1	LCK	1
M	ATCGAGTCAAGTCTCA-1	CD79A	1
M	TTTGGTTTCGTCAACA-1	IRF8	1
M	TTAGCGAAGTAGCAAT-1	KLRD1	1
M	CGGTGCAAGTACAACA-1	KLRF1	3
M	TAGCATGCAATGACTC-1	KLRF1	1
M	AGTGCGCGTGCTGTGC-1	NCAM1	2
M	CTCCCAATCATTCATC-1	EBF1	1
M	CGCTGGAGTACGTAAA-1	VCAN	1
M	TTCGGTCTCGCTACCT-1	CD28	3
M	TGTTAGGGTCTGGTCG-1	MERTK	2
M	TTCGATTAGTGTGTAA-1	NCAM1	1
M	GGTGCTGGTGCTGAAG-1	SPI1	1
M	TAAACCGTCGTTCAGA-1	PAX5	1
M	GAAACAAGTTCCCAAA-1	PAX5	1
M	GCCATAAAGCGCCTAC-1	EBF1	1
M	GTCACCTAGAAATTCG-1	ITK	5
M	ACAAGCTTCCGTTAGA-1	ITK	5
M	CTCGCTATCGCCCTTA-1	TXK	7
M	ATTTGTCCACCTGAAT-1	KLRF1	2
M	TGCATGATCGCTTCAC-1	ITK	3
M	TGCTATTTCCATATCT-1	CD28	1
M	TAGCATGCATTAGCCA-1	THEMIS	4
M	GCAGCTGCACTCCCAT-1	BANK1	1
M	CCTTAATCAAAGACGC-1	BANK1	1
M	TGCTCACTCTTGTGCC-1	ZBTB46	1
M	ACGTTAGTCTATATCC-1	ITGAM	1
M	ACAAGCTTCCGTTAGA-1	NCAM1	4
M	TGTGGCGCACATTCTT-1	CD5	1
M	GAGAACGAGTGAACCG-1	MRC1	2
M	CGAGTTAGTACTTCAG-1	ITK	5
M	GAAGTCTAGTTATGAG-1	ZBTB46	1
M	TAGACTGCAATGATGA-1	PECAM1	1
M	ATTTGTCGTGCACTTA-1	ITGAM	1
M	CGTAAACCATCACAAC-1	CD6	2
M	GCAGCTGAGATTAGAC-1	SH2D1B	1
M	GCTCCTACAAGTCTCA-1	ITK	1
M	CTCCCAAAGAAGCCGT-1	IL7R	1
M	ACGTTAGTCCATTGTT-1	EOMES	2
M	ACTACCCTCTGATCTT-1	GNLY	2
M	ACAATCGTCTATGAGC-1	NCR1	2
M	GCGAGTCTCCAACAAC-1	SKAP1	3
M	GGGACCTAGACTTGAA-1	PRF1	3
M	GGATAGGAGAAATTCG-1	PRF1	1
M	GGGCCATAGGGCATTG-1	THEMIS	2
M	CTTCCAGAGACTAGGC-1	THEMIS	1
M	TAGCATGTCCACCTAC-1	EOMES	3
M	CCATACCAGGCTCCTG-1	CD8A	2
M	GCCCAGAGTTTCGACA-1	CDH1	1
M	CATAACGCAACGAGGT-1	CD3G	1
M	TACATTCAGTAACACA-1	THEMIS	3
M	ACTTCCGTCGTGCTTC-1	ITK	5
M	CATGCCTCACCCTTTG-1	MERTK	1
M	TGCTCACTCCGGGCAT-1	KIR2DL4	3
M	GACTAACGTCACCCGA-1	SKAP1	6
M	ATTACTCCACTTGCGG-1	IRF8	2
M	GACCTTCTCACATTCT-1	NCAM1	7
M	CTTGTCGAGAGAGGTA-1	SH2D1B	1
M	TAGCACAAGACCGCAA-1	THEMIS	1
M	ACTTTCATCTCCAACC-1	CD14	1
M	ACATGGTAGCTCGGCT-1	BANK1	4
M	AGTCAACTCTAAGGTC-1	BANK1	1
M	ACTTCCGTCAAGGCCC-1	GNLY	2
M	ACCAAACGTGAGGTCA-1	COL1A1	1
M	GGGACCTAGAGCACTG-1	VWF	1
M	AGCCGCACATATTGGC-1	LCK	1
M	AACATCGGTATTCTTC-1	THEMIS	1
M	GTCACTCGTATTCGAC-1	BANK1	3
M	GATTAGCGTGCGACCT-1	ZBTB46	1
M	TTCTGTAAGTTGCGCC-1	NCR1	1
M	TTTGGCCCACAGTTAC-1	PECAM1	1
M	AGTCCGGTCACAGGGA-1	CDH1	1
M	TGGTCAAAGTTGGAAT-1	FLT3	1
M	GAGGATGTCTCATCCG-1	KLRD1	9
M	TGCTCACCAGAACGAC-1	KLRD1	5
M	TCAGCTCCAAGCAACG-1	KLRD1	5
M	GCACGCATCCTGACCT-1	CD6	1
M	TTGCGGGTCAATTCCT-1	BANK1	4
M	CACCTTGTCAGTGTGT-1	EOMES	1
M	CTACAGAAGTGGACGT-1	EPCAM	1
M	GCCAGCAAGTGGTGTG-1	KIR2DL4	1
M	TGAATCGCATTACACG-1	COL1A1	3
M	GGTGCTGAGGCAGATC-1	NCAM1	1
M	GTAGACTTCTCTCAAT-1	CD6	1
M	GCGGAAATCTCGCGTT-1	SFTPC	1
M	AGATTCGTCTTCCGTG-1	EBF1	4
M	ACAGAAACAGCGTACC-1	BANK1	2
M	TTACGGAGTGGAAAGA-1	BANK1	3
M	GCTGCGAGTAGAATAC-1	EOMES	4
M	TCTCTGGAGTCGCCTG-1	NKG7	1
M	CTTGCCATCGCGTGAC-1	CD79A	1
M	GCCCAGAAGTCGATAA-1	LUM	1
M	TATCGAGCAATTCTCT-1	MERTK	1
M	AACTTGGGTGCTGTCG-1	GNLY	1
M	TGGACATGTTGGTAAA-1	CDH1	1
M	GAACCTATCTTACTCA-1	KLRD1	5
M	TAATCGGCACGACGAA-1	CD3E	1
M	GCAGCCATCCATCTAT-1	SPI1	2
M	TGCATGAAGTAACTCC-1	PRF1	2
M	AGCGTGCAGACAGTGC-1	PAX5	1
M	TAAACCGGTGCGTAGA-1	CD28	1
M	GGAACTTGTAACTGAA-1	CD8A	1
M	CCTCCCTCACGCGTTG-1	NCR1	1
M	GGATGAGGTGCCCGAT-1	PECAM1	3
M	TGGACATAGTTCTCCC-1	COL1A1	1
M	CCTGGGACACTAGCCG-1	LUM	1
M	TACATGGCAGCAACAG-1	CD160	1
M	CTTGCCACAACGGGTA-1	SFTPC	2
M	AGTGCCGTCTGGCGCA-1	EBF1	1
M	CACTAAGGTTTGCATG-1	CD14	1
M	ACCTGCTTCCAACGCG-1	CD79A	1
M	GCGAGTCTCCAACAAC-1	CD79B	1
M	AAGGAGCGTGAGGTCA-1	COL1A1	1
M	ACAAAGATCCAGCACG-1	ITGAM	1
M	TTTGGCCTCAAAGTAG-1	BANK1	1
M	TTACTTGTCCCAGCGA-1	EOMES	5
M	GACCAATGTCATCGTA-1	ZBTB46	1
M	GTTATTCAGGATTTGA-1	NKG7	3
M	TTCTGTAAGTTGCGCC-1	SKAP1	1
M	CTGGCAGGTCATCGTA-1	ITGAM	1
M	TATCGAGCAATTCTCT-1	KLRD1	4
M	TACAGCACATAGCAGG-1	CD160	1
M	ACCATCCTCGTTTGAG-1	EBF1	1
M	TTCAACTAGACTAGGC-1	BANK1	1
M	TGCGTAATCTAGCTGA-1	KIR2DL4	1
M	GGAACTTAGGATGTCG-1	ITK	1
M	TTCGATTTCAGTCTTT-1	TXK	1
M	CTCAACCCACAGGAAC-1	PECAM1	1
M	ATCCTCGTCCGTTAGA-1	EBF1	2
M	TAGCACAAGCTAGTTC-1	MERTK	1
M	GAGGTCCAGTCCGGAA-1	NKG7	3
M	TTGCACCTCTTGCGCT-1	NKG7	1
M	GCCCAGAGTTTCGACA-1	CD79A	2
M	GCCTAGGTCTGGCACG-1	CD79A	3
M	CACCACTGTTAGAGAT-1	IRF8	4
M	ACATGGTAGCTCGGCT-1	IRF8	1
M	TGTGGCGCATTAGCCA-1	CD3E	1
M	TGCTCACTCTCGGCGA-1	CD14	2
M	TCAAGCAGTCAGTGTT-1	TXK	1
M	GCCCAGAGTGGTAGAC-1	EPCAM	1
M	TGTACAGGTTTGCGAT-1	ITGAM	1
M	ACGTGGCAGACCATAA-1	KLRF1	1
M	GAAACAATCGCCAGAC-1	VWF	1
M	CTCTCGAAGACCATAA-1	MRC1	3
M	CGCAATAAGTGCCCTG-1	ITK	2
M	TACCTATGTGCCAAGA-1	TXK	5
M	GCAGCTGAGAGCACTG-1	TXK	1
M	AACCGATAGTGCTGAG-1	ZBTB46	1
M	AAGGAGCGTGAGGTCA-1	VWF	3
M	GACCCAGGTTGAATAG-1	CD160	3
M	TGTAGCAAGTGATATG-1	LCK	1
M	TGGTCCTAGTGAGCAC-1	PAX5	1
M	GGTAGGAGTGCACTTA-1	VCAN	1
M	TTGGTCCAGACCTATC-1	MERTK	1
M	AGGCGTCTCGATTACG-1	KIR2DL4	1
M	ATCCAGACAATAGCGG-1	CD79A	2
M	TGGCCTTGTTTGCATG-1	CD79B	2
M	AAGATAGAGCCAGAAC-1	THEMIS	8
M	CCGTAGGCAAGGCTTT-1	TXK	2
M	ACGGATTTCGATAGGG-1	CD28	1
M	GGAACTTTCGGAAAGC-1	CDH1	1
M	GGGACCTTCATAGGTC-1	FLT3	3
M	GAACCTAAGCGCACAA-1	KLRD1	2
M	CCCTAACTCTGGCACG-1	CD160	1
M	TTGCGGGCATGGAGGT-1	THEMIS	3
M	ACCATCCTCTGGCCAG-1	TXK	2
M	GCCTACTGTCGTAGTT-1	GNLY	1
M	CAGTATGAGTAATCAG-1	NCR1	1
M	TTTGGTTCAGGTCCTG-1	PECAM1	1
M	TCGAGCGGTGATGCTT-1	KRT8	2
M	GCTCACTAGATGCGAC-1	CD6	1
M	GAGACTTGTTCCAGTA-1	CD6	1
M	TCTAGTTGTAGTCTGT-1	LCK	2
M	TGACTCCAGGAAGGTA-1	GNLY	1
M	GGTGTCGAGACAACGC-1	CLEC9A	1
M	GCAGCCAAGCTTACCA-1	VWF	2
M	TGCCTCAGTGGAAAGA-1	SH2D1B	1
M	AGCCTCTAGAGGTACC-1	LCK	1
M	TTCATTGAGACTAATG-1	EBF1	4
M	GGAGAACTCACTCCCA-1	ITK	4
M	ACAAACCAGTGTCCCG-1	IL7R	1
M	TAAACCGGTGGTCGAA-1	BANK1	1
M	AGATTCGTCTTCCGTG-1	CD8A	2
M	GTTATTCAGAGTTCGG-1	KIR2DL4	1
M	GTGCACGAGACGACTG-1	SKAP1	3
M	CTAGGATAGGGTGTTG-1	FLT3	2
M	GCCAGACAGGTCTTGT-1	KLRF1	1
M	TTCGTTAGTCAGAGTG-1	CD3D	1
M	GCGTTGGAGCTATCGT-1	THEMIS	1
M	GCGTTGGTCGGCATAT-1	EBF1	3
M	CGCTATCTCAATCGTG-1	IL7R	1
M	TTAACGGCAGTTACAC-1	IRF8	1
M	TATGTTCTCAAAGTAG-1	CD4	1
M	CACCACTGTTAGAGAT-1	VWF	1
M	ACATGCATCCTAAGTG-1	VWF	2
M	TGCCTGTGTACATGGG-1	NCAM1	3
M	GACCTTCCATCAGCTA-1	PAX5	1
M	TTACGTTCACCACAGC-1	ITK	3
M	TCACCACCATGATCGT-1	CD79A	1
M	TCTATTGCAAAGGTCG-1	PECAM1	1
M	CCGAAGCAGTTCGACT-1	CD68	1
M	CGCACAGCAGACCTGC-1	DCN	1
M	CTTCTAATCCCTACGT-1	KLRD1	1
M	TCGATTTTCTGACATG-1	CLEC9A	1
M	TATGTGGAGTAACTCC-1	VWF	2
M	CCCAGAGTCCCAGCGA-1	CD3E	1
M	ATGGATCGTGCTTTGA-1	SH2D1B	1
M	TGACTCCTCTTTGCAT-1	PAX5	1
M	CGGTGCAGTGCAAGAC-1	TXK	1
M	ATTACCTAGATCCGAG-1	IRF8	2
M	TTTGCGCGTTCTGATG-1	CDH1	1
M	GTAATCGCAATGTAAG-1	CD3E	2
M	ACCATCCTCTGGCCAG-1	NCAM1	2
M	GCACGCATCGGCTATA-1	NCAM1	1
M	GATCATGGTATCTCAG-1	CD160	1
M	AACAAAGTCGCCTTAC-1	TXK	1
M	TAATTCCTCCCAATAG-1	TXK	2
M	TCAGGTAGTATCCTTT-1	TXK	1
M	GTACTTTTCGGCAATT-1	CD28	3
M	TAGGAGGTCACTCGGG-1	NKG7	1
M	ACAATCGTCCTTCGAC-1	KLRD1	2
M	GTAGGAGGTCCGTGCA-1	CD3E	1
M	CGTTCCATCCGGAAAG-1	THEMIS	1
M	AACGTACTCTTCTTCC-1	TXK	2
M	AATGGCTAGTAGTTCC-1	GNLY	1
M	GCAGATTAGCTCGGCT-1	SPI1	2
M	GTCACTCGTGGATTTC-1	SPI1	1
M	ACCGAATGTTTCAGCA-1	ITK	3
M	TAGCCCTCATTTGTTC-1	BANK1	2
M	AACAAAGAGCATGATA-1	CD79A	2
M	TAGACTGCACTTTGGA-1	IRF8	1
M	GCTTGCTCATGGGACA-1	NCAM1	1
M	TTCATCAGTACAAATG-1	EBF1	1
M	TACTAGGCATCGGCTG-1	BANK1	2
M	GCTGCGAAGAGGTGGG-1	BANK1	1
M	GATGGCCCATCAGAAA-1	COL1A1	1
M	CCTGGGAGTCATTGGT-1	SKAP1	2
M	CTCTCGAAGACCATAA-1	NCAM1	4
M	CTCCCAAAGAAGCCGT-1	PRF1	5
M	GGAATCTAGAACAGGA-1	PRF1	2
M	CAAAGCTGTGGTCGAA-1	MERTK	1
M	CAATCCCAGGTTTCTG-1	VWF	2
M	GGTGTCGAGACAACGC-1	NCAM1	1
M	CCCGTTAGTGCTGTGC-1	MRC1	1
M	CGTGGCAAGGGTCCCT-1	MRC1	1
M	TAGCCGGAGTGTCACT-1	CD160	1
M	GAGGATGAGGCCTCGT-1	ITK	7
M	TGCTCACTCTCGGCGA-1	CD28	1
M	ACTGCGGTCCAATCCC-1	NCR1	1
M	ATGTACGTCTGGCGCA-1	PECAM1	1
M	TTCATCAAGAGCCACA-1	KLRF1	1
M	TTACCCGTCAGAACGG-1	NCAM1	1
M	ACCTGCTCAGGACCTC-1	CSF1R	1
M	ATCGAGTCATAGATAG-1	CD14	1
M	CGTAAACTCATAGGTC-1	SKAP1	3
M	GTAGGAGAGCTCCATA-1	CD3G	1
M	GTAGGAGCAAACTACC-1	NCAM1	2
M	TAACTTCCATTAGCAC-1	MRC1	2
M	ACAGGCCGTTTGACCA-1	CD1C	1
M	GAACTTGGTCACATTG-1	SFTPC	1
M	ACCTGCTTCCAACGCG-1	EBF1	3
M	CAAAGCTAGTTCAGGG-1	ITK	12
M	TCTATTGCATTTGTTC-1	ITK	2
M	TGGCAATGTAGGGTCA-1	MERTK	1
M	TTGCAGAGTAGCCATT-1	SKAP1	1
M	AGCTGGCAGTATAGTG-1	FLT3	2
M	CCTGGGACAATGTAAG-1	SH2D1B	1
M	CTTCTAATCCCAATAG-1	LCK	3
M	GGTCATAGTTTGTGAC-1	SFTPC	1
M	ATGTCTTGTTGGTAAA-1	TXK	5
M	TAGCTTTTCAGTCTTT-1	PECAM1	1
M	TGAATCGAGAGCGGTT-1	CDH1	1
M	TGGGTGCAGCTTACCA-1	KLRD1	1
M	ACTGTCCGTGTCTCGG-1	CD6	2
M	TGTGGCGAGAACCATA-1	ZBTB46	1
M	GCAGCCATCAGTAGTC-1	EPCAM	1
M	TACTAGGCACTGCTTC-1	SKAP1	1
M	CGGTGCAGTGCAAGAC-1	IRF8	1
M	TGTAGCAAGTGATATG-1	KLRD1	3
M	TGCCTGTAGGTCTTTG-1	KLRD1	3
M	TGGACATGTTGGTAAA-1	SH2D1B	1
M	ACAAGCTTCCTGAAAC-1	LCK	2
M	TGCATTTCAACTCAAC-1	LCK	1
M	GCTGTTCAGAGCTCCC-1	EBF1	1
M	GAGACTTGTGTTAGAA-1	BANK1	3
M	GCCCAGAGTTTCGACA-1	TXK	3
M	GTAGGAGAGCTCCATA-1	CD28	1
M	AATGGCTTCGGGTCCA-1	SKAP1	2
M	TGCTATTAGTGCTGAG-1	SKAP1	4
M	AGCCTCTTCGGTTCCT-1	SKAP1	1
M	CTAGGATCAAGTTGCT-1	FLT3	1
M	GTCACTCGTGGATTTC-1	NCAM1	1
M	GTTACTTTCTTAACGG-1	PRF1	2
M	TCAGTCCCATATAGAG-1	CD160	1
M	CGCTGGATCACTCCCA-1	ITK	4
M	GTCACCTGTGAGTTGG-1	ITK	4
M	TAGACTGAGCAATGTA-1	TXK	5
M	TATTGCTCAGCTTACA-1	IRF8	3
M	CGATGATGTTAGTAGA-1	KLRD1	1
M	GTGTCCTAGAGCTGTG-1	KLRF1	3
M	TTACCGCGTACGCAAG-1	NCAM1	1
M	CGCTATCCACGACGAA-1	ITK	8
M	TATCGAGAGATGTTGA-1	TXK	1
M	CAGGATTAGATTCCGT-1	IRF8	1
M	GTCACAACAGGTCTGC-1	VWF	2
M	AGCCTGGTCGCATACA-1	CD6	2
M	GACCAATTCCACCTAC-1	CD6	3
M	ACAAAGATCTGTAGAC-1	MRC1	1
M	TAGGAGGCAGTATCTG-1	SH2D1B	3
M	TTTGGTTGTTGCCGCA-1	EBF1	1
M	GCTTGCTTCCATAACG-1	EBF1	3
M	GTAATCGCAAATTGAG-1	BANK1	1
M	TTAGCGACACGATTAC-1	EOMES	1
M	GATCGTAAGAACCCGA-1	EOMES	2
M	GCATTCCCAAAGGAAG-1	EOMES	1
M	ATGTACGCAATGGCTT-1	CD8A	3
M	GTCTACCCAGTCAGAG-1	GNLY	2
M	TACATGGAGCTAACAA-1	CD79A	1
M	GCATGATTCGAGAACG-1	SKAP1	1
M	AGATTCGAGTCATACC-1	VWF	1
M	GGGACCTAGCTGATTC-1	MRC1	2
M	GCGATTATCAATTGGC-1	LCK	2
M	TACTAGGGTTCTGATG-1	PAX5	1
M	CCTCCCTCATATAGAG-1	ITK	2
M	CAAGAAAAGGTACTCT-1	BANK1	1
M	CGAGTTAGTACTTCAG-1	EOMES	1
M	AGCGATTCAGGGCTTC-1	GNLY	1
M	GCTGTTCAGAGCTCCC-1	EPCAM	1
M	CCCTGATTCTCTGACC-1	NKG7	2
M	TAGGAGGCAGTATCTG-1	SKAP1	4
M	CATTCATAGTGGTGTG-1	KLRD1	6
M	ATGTACGCAATGGCTT-1	CD3E	2
M	CCTTAATAGGTTAGTA-1	NCAM1	2
M	TTCAACTCAACTCGAT-1	PAX5	1
M	CTTTGCGGTCATAGAA-1	EBF1	2
M	CGCAATACAATGCCAT-1	ITK	7
M	AACATCGAGTACGCGA-1	FLT3	1
M	TAGCCGGAGTGTCACT-1	KLRC1	1
M	TAAACCGGTGCGTAGA-1	KLRD1	1
M	AATGGAACAATTCTCT-1	CD28	3
M	AGGCCTGAGTCGATAA-1	MERTK	2
M	CGTACAACAATCAGGG-1	KLRD1	8
M	TATTGCTCAGCTTACA-1	TXK	3
M	CCTTAATAGGTTAGTA-1	PECAM1	3
M	TAGGAGGTCACTCGGG-1	SKAP1	1
M	CTCTCAGAGAAACGCC-1	KRT8	1
M	GATTAGCAGAGTTTGA-1	SH2D1B	1
M	TATCGAGTCCCGGGTA-1	ITK	9
M	GGTTGCGTCCTATCCG-1	TXK	7
M	AACAAAGAGCGCCTAC-1	NKG7	1
M	GAGCATTTCAGGAATA-1	SKAP1	5
M	CTTAATCAGAAATGGG-1	KLRF1	1
M	GCTCGAGAGCCGCAAA-1	MRC1	2
M	GACCTTCTCACATTCT-1	SH2D1B	1
M	ACGGATTTCGTTACAG-1	CD14	2
M	ACATGGTCAACACGGA-1	TXK	3
M	GATTGACCATCCGTGG-1	EOMES	2
M	GTCACAAAGTAGGTCG-1	ZBTB46	1
M	TACCTATCAGGTAGCA-1	PECAM1	1
M	TGATCAGTCGTGGGTC-1	CDH1	1
M	GTAGACTTCTCTCAAT-1	FLT3	6
M	CGTACAACAATCAGGG-1	CLEC9A	1
M	TGAATCGCATTACACG-1	VWF	1
M	GGATGAGCAATCCATG-1	CD3D	1
M	CCGCATTTCTGGCCAG-1	MRC1	2
M	AACGAGGCACATTGCA-1	ITK	1
M	CCCGTTAGTGCTGTGC-1	BANK1	3
M	AGACAAAAGTGAAGGA-1	BANK1	2
M	GCTGTTCAGAGCTCCC-1	ZBTB46	1
M	GAGGATGAGGCCTCGT-1	IRF8	2
M	GCATTGAGTGGACAGT-1	ITGAM	1
M	CGCTATCCAACATAAG-1	PRF1	3
M	GTCGTAATCAAGGCCC-1	PRF1	2
M	ACTATTCGTTGGCTTA-1	PRF1	1
M	TTATGTCCATTCCCGT-1	PAX5	3
M	CCCTAGTTCTACATCT-1	BANK1	1
M	TGCACCTAGACTCTTG-1	ZBTB46	1
M	GGTACCGAGCCGCAAA-1	CD79A	1
M	AATACGCTCAAGTTGC-1	KLRC1	1
M	ACAGAAACAACTCAAC-1	KLRD1	9
M	TCAATTCTCTTTATCG-1	MRC1	1
M	TAATCGGCACGACGAA-1	THEMIS	1
M	CCACGTTAGGCACTAG-1	NKG7	2
M	TCACCTGAGGTCTTTG-1	SKAP1	2
M	TTGACGAGTTACCACA-1	CD160	1
M	GCGTAGCCAATGACTC-1	THEMIS	2
M	TGTTAGGCATAGATAG-1	ITK	13
M	CACCACTGTTAGAGAT-1	TXK	4
M	GAGCATTCACGACGAA-1	MERTK	6
M	GTCTACCCATGGAGGT-1	MERTK	1
M	TCGTTCGGTTTGCGAT-1	KRT18	1
M	GGGACCTGTATTCTTC-1	CD6	1
M	TAGGAGGTCTGAGTAC-1	CD79A	1
M	GTAGGAGCAAACTACC-1	SKAP1	4
M	GCAGATTTCCGCGATG-1	CDH1	1
M	TAGCACATCAACTTGG-1	CDH1	1
M	ATGGATCAGGCTGGAT-1	NCAM1	4
M	GGTGCTGGTTCCATCC-1	PRF1	1
M	TTTACGTGTTTGTAGC-1	SH2D1B	1
M	TGTAGCAAGTGATATG-1	THEMIS	1
M	CGCTATCTCAATCGTG-1	ITK	1
M	AGATAGATCCCTATTA-1	CD14	1
M	TTAGGTGTCTCCAACC-1	CD8A	1
M	TTTGCGCCAAGACTAA-1	PECAM1	1
M	TACGGATCATACTGCA-1	DCN	1
M	AGTTACGAGTCCTTCC-1	NCAM1	1
M	ATTACCTAGATCCGAG-1	PRF1	1
M	ATCCTCGAGTGTCGGA-1	ITK	2
M	ACCAAACTCTACATCT-1	CD8A	1
M	GGATGAGCAAGTGGCA-1	NCAM1	1
M	TAGCTTTTCCATACGA-1	NCAM1	4
M	ATTTGTCCACCTGAAT-1	NCAM1	2
M	CCCTGATAGATACCAA-1	PRF1	3
M	TTTGAGGGTCAGGTGA-1	MRC1	6
M	GGAACCCGTATCTAGC-1	ITK	1
M	GCAGATTGTCTGTGTA-1	CSF1R	1
M	TAGGTGTGTGGTGGTA-1	BANK1	3
M	TACAGCACACTAGGAG-1	CD28	1
M	AATGGAACAAGAGCGT-1	CD79B	1
M	GATTAGCCAATTCAGC-1	COL1A1	1
M	AGGCCTGAGTCGATAA-1	SKAP1	1
M	AGTGCCGAGTCGACCC-1	CD3G	2
M	GTAGACTAGAAGCCGT-1	SH2D1B	1
M	TAGCACATCAACTTGG-1	ITK	7
M	TCTAGTTTCATGTTCT-1	BANK1	7
M	CAGCTAATCGCGCTGA-1	TXK	2
M	TAAACCGTCGTTCAGA-1	ZBTB46	1
M	TACCTATAGACAGCTG-1	SKAP1	2
M	GTAGGAGGTATCAGCT-1	ITGAM	2
M	AGGACGACAGCGCGTT-1	KLRF1	2
M	TCACTCGAGTTCCCGG-1	KLRF1	3
M	GGGACCTAGAAATGGG-1	CD3D	1
M	GCCAGACGTGGTACTT-1	CD5	1
M	GGAATCTCACTACACA-1	THEMIS	1
M	TACGGATCACCGAAAG-1	BANK1	3
M	CGCTGGATCTGACATG-1	BANK1	1
M	TTTGCGCCAGATACAA-1	CD28	1
M	GGAACCCGTCAGAAAT-1	NKG7	3
M	AGATTCGTCATCGCCT-1	KLRD1	3
M	TCACTCGAGTTCCCGG-1	VWF	4
M	TCAAGACAGTCCGGAA-1	VWF	1
M	AAGGAGCCAGCGTAGA-1	NCAM1	3
M	CTCTCAGGTAGCATGG-1	PRF1	2
M	TCACTCGGTGCGCATC-1	PAX5	1
M	CAGTATGAGTAATCAG-1	EBF1	1
M	CTTGCCATCGTTTGAG-1	EBF1	1
M	GAGGATGTCTCATCCG-1	ITK	8
M	TTGCAGACATCCCAAA-1	EOMES	2
M	AAACTGCTCTTTGCAT-1	ZBTB46	1
M	CGCTGGAAGATGAGGA-1	CD8A	1
M	GTGGATTAGGCGTAGT-1	NKG7	1
M	GGTGTCGAGGGTTCTT-1	KLRD1	1
M	GTTATTCAGAGTTCGG-1	KLRF1	1
M	GTGCACGAGACGACTG-1	TXK	7
M	TTCTGTACACTCCCAT-1	TXK	2
M	GGCGAAATCCCATAGA-1	MERTK	3
M	ACCTGCTTCTCTGACC-1	CD79A	1
M	GCGGTGTTCTACTTTG-1	SKAP1	3
M	GCCAGACCAACAACTC-1	SKAP1	1
M	TGACAACCAAGACACG-1	ITGAM	1
M	ACATGCAGTATTTGCG-1	CD3D	3
M	TCAAAGCGTATTTGCG-1	NCAM1	3
M	TCAGGTACATTGCACA-1	PAX5	1
M	GTGTCCTGTCTGGGCT-1	ITK	21
M	CCTTAATGTTGAAGCG-1	BANK1	1
M	ACTGCAAAGTCCGGAA-1	ZBTB46	1
M	TAGACTGAGCAATGTA-1	CD8A	2
M	GCGTAGCCAATGACTC-1	NKG7	2
M	ACAGCGCTCCTTCGAC-1	IRF8	1
M	TTCATTGTCGGTTGTA-1	ITGAM	1
M	GCGCCAACATGATCGT-1	PRF1	2
M	GAACGTTGTACCCATA-1	CD160	1
M	AACGAGGAGCAACGGT-1	PAX5	1
M	CTAGGATAGGGTGTTG-1	THEMIS	2
M	ACAGCGCTCCTTCGAC-1	ZBTB46	2
M	TGGAAGGTCAGATACC-1	KLRD1	1
M	AGGACGAGTCAAGACG-1	NCAM1	4
M	AACTGGTAGCCTATAC-1	ITK	5
M	TAACGGTCAGTAGGCA-1	BANK1	2
M	GCCATAAAGCGCCTAC-1	SKAP1	2
M	GAGGTCCGTCAGGTGA-1	IRF8	2
M	AGTGTACTCTTAACGG-1	KRT8	1
M	GAGGATGTCTCATCCG-1	CD3D	1
M	TCAATTCTCTTCACTA-1	PRF1	1
M	AGTGCGCTCATAGGTC-1	NKG7	1
M	TGGACATGTTGGTAAA-1	CD79A	1
M	TTGTTCATCGTATAGC-1	SKAP1	1
M	CCCAGAGTCCCAGCGA-1	KLRD1	3
M	TGATCAGCAGATACAA-1	KLRD1	2
M	GTTACTTTCGATCGCG-1	EBF1	1
M	GTAGGAGAGTGAAACT-1	EOMES	3
M	CGTAAACTCTCTTCTC-1	GNLY	1
M	GCACGCATCCTGACCT-1	KRT8	2
M	CCCTGATAGGTCTTTG-1	KLRD1	3
M	CTTAATCGTCCCGAGT-1	CD4	1
M	ATGTCGATCCGGGCAT-1	CD5	1
M	ACGTGGCAGACCATAA-1	SH2D1B	3
M	CCTATTAAGATCTAAG-1	CD8A	2
M	CGTGGCAAGGGTCCCT-1	GNLY	1
M	AAAGGATAGGATGTCG-1	NCR1	1
M	AGACAAAGTACCCACG-1	CD79A	1
M	ACTGTCCCATCCATAG-1	COL1A1	1
M	CAGTGCGTCGGCTATA-1	IRF8	1
M	TCGATTTCATATTGGC-1	NCAM1	9
M	TGGACATAGTCGAGCA-1	NCAM1	1
M	AGCTGATCATTACCTT-1	CD6	4
M	ACCCAAAAGCTGAATA-1	MRC1	2
M	TCAGTCCTCTTCCGTG-1	THEMIS	5
M	TTGCGGGAGTCCAGAG-1	BANK1	1
M	GGCGTTGAGTTGACAA-1	CD8A	1
M	GGTCATACATAGAATG-1	CD79A	1
M	TGCTTTATCTCGCGGA-1	SKAP1	4
M	TCTAGTTAGCTACGCC-1	IRF8	2
M	GAGACTTGTGTTAGAA-1	PRF1	2
M	TGATGCACACATTCTT-1	SH2D1B	2
M	ACAAAGATCTGTAGAC-1	VCAN	1
M	TGATGCATCAAACCCA-1	IL7R	4
M	AGTCAACTCTAAGGTC-1	TXK	1
M	CTCAACCCACAGGAAC-1	NCR1	1
M	GCATTGAAGGGAGATA-1	KIR2DL4	1
M	TAGCATGTCCACCTAC-1	COL1A1	3
M	CGAGTTAGTACTTCAG-1	SKAP1	5
M	GAACCTAAGCGCACAA-1	SKAP1	2
M	AACGAGGAGTCTCGAT-1	CDH1	2
M	GTGTCCTCAAGATTAG-1	CD28	1
M	TGTGGCGAGAACCATA-1	IRF8	2
M	CACAGATGTCAACAGG-1	ITGAM	2
M	TAGGTGTTCCTGTAGA-1	CD160	1
M	ACCCAAAAGGTCTTGT-1	LCK	2
M	TCTAGTTGTAGTCTGT-1	BANK1	1
M	GCTGTTCAGAGCTCCC-1	EOMES	1
M	TCAAGACCAGCAACGA-1	SKAP1	1
M	GGAGGATGTCCCGAGT-1	CD160	1
M	TTCATTGAGACTAATG-1	PAX5	3
M	ACTTCCGCACAGCTTA-1	IL7R	2
M	AAACTCGCATTCTCGC-1	ITGAM	2
M	GTAATCGTCCTTCGAC-1	KLRC1	1
M	GTTGGTAGTAGTCTGT-1	MRC1	2
M	GTTATTCAGGATTTGA-1	ITK	6
M	ACTGCGGTCCAATCCC-1	ITK	4
M	TACGGATTCTTCTCTC-1	ITK	4
M	AGTGCGCGTGCTGTGC-1	MERTK	2
M	TTTGGTTTCGTCAACA-1	KLRF1	1
M	TAAGCCATCCGCGATG-1	NCAM1	14
M	GAACCTATCTTACTCA-1	NCAM1	1
M	GCTCGAGCATCGTACA-1	SH2D1B	2
M	AATACGCAGGTGTCGA-1	CD160	1
M	GACCTTCTCAGTTGAC-1	BANK1	3
M	AGTGTACTCTTAACGG-1	TXK	2
M	GGATGAGTCACCCTTG-1	NCR1	1
M	TTGCCCAGTCAACGGA-1	IRF8	1
M	CCGAAGCAGACCCTAT-1	CD3D	3
M	CAAGAAACAGGGAGTT-1	NCAM1	3
M	CGCTATCCAACATAAG-1	EBF1	1
M	ACGTTAGTCCATTGTT-1	VCAN	4
M	TTCAACTCAGCAACAG-1	ZBTB46	1
M	TGCCTCAGTGGAAAGA-1	SKAP1	1
M	GAGGCTCAGAACGACC-1	NCAM1	2
M	TGATGCATCTCTTCTC-1	CSF1R	1
M	TTACGTTCAGCAACAG-1	KLRD1	2
M	GAGCATTTCCTGTGGG-1	CD6	2
M	CTACTTACAGCAAACG-1	PAX5	1
M	AGCGTATTCGCTTCAC-1	EBF1	7
M	GGTGTCGCAACTTGGT-1	VCAN	1
M	TAACGGTTCGTCTTAT-1	CD8A	2
M	ACTACGAGTGAGAGTC-1	GNLY	2
M	AGCCTGGGTACGGAGT-1	KLRF1	2
M	GGTGTCGCACAAACAA-1	CD6	1
M	GACCTTCCATCAGCTA-1	CD6	2
M	TAGCATGGTGAGGTCA-1	CD6	1
M	TGCTATTGTCCTCAGG-1	PRF1	7
M	TTCATCATCGCGCCAA-1	THEMIS	3
M	GACCTTCTCACATTCT-1	CD79A	3
M	TTCGGTCAGTTCGTTG-1	PAX5	5
M	GCGATTACATGCGTTA-1	ITK	4
M	GGGCCATGTCTGTTGA-1	VCAN	2
M	GCTTTCGCATACCCGG-1	BANK1	2
M	ATCCTCGCACACTAGT-1	TXK	1
M	TACGCAAGTCAGAGTG-1	CD8A	1
M	ATGTCGATCCGGGCAT-1	IRF8	2
M	ATTACCTCAGAACTTC-1	CDH1	1
M	ACGTTAGGTTGAAGCG-1	DCN	1
M	TAGTCCCCACAAGGGT-1	CSF1R	5
M	TATCGAGGTAGGGTTG-1	CD28	2
M	GGTTGCGTCCTATCCG-1	MERTK	2
M	AGGCCCAGTATTCGCA-1	DCN	1
M	GAGGCTCAGAACGTCG-1	LUM	1
M	ACATGCAGTATTTGCG-1	KRT8	1
M	TGTGGCGAGAAGCCGT-1	VWF	1
M	TCAAGCAGTCAGTGTT-1	THEMIS	1
M	GCAGCTGTCCAAGTCA-1	EBF1	1
M	GTGCACGGTAACTCCA-1	EBF1	3
M	GCATGATCAATGGCAG-1	VCAN	2
M	GCCCGAATCAGTGTGT-1	TXK	1
M	CCACGTTTCCATGTTT-1	EPCAM	1
M	GTCACTCAGAAATGGG-1	KIR2DL4	3
M	ACCTGCTTCCAACGCG-1	KLRD1	1
M	CCTCCCTCACGCGTTG-1	VWF	2
M	GGTAGGAAGCTTACCA-1	CD3D	1
M	TTACCCGAGATCCGAG-1	NCAM1	5
M	CACAGATCATGATCGT-1	PRF1	1
M	GGGAACACAGTCAGCC-1	CD160	1
M	GATTAGCGTGCGACCT-1	PAX5	1
M	ATCCAGACAATAGCGG-1	IL7R	5
M	CACAACACAACGTAGG-1	EOMES	1
M	GAACGTTTCTATACCT-1	KLRF1	4
M	CCTAAAGGTCCCGAGT-1	CD6	1
M	CAAGAAACAGGGAGTT-1	SH2D1B	1
M	CCTTGCAAGGCTCCTG-1	CD160	1
M	GGAACTTTCGGAAAGC-1	ITK	7
M	ACTGCGGCAGGCACAA-1	ITK	4
M	GATCATGGTATCTCAG-1	CD8A	2
M	CCGTAGGTCACTAGCA-1	SKAP1	2
M	ACTATTCCACCGATCG-1	FLT3	1
M	CTGAATGAGCTTTCCC-1	KLRD1	2
M	GAAGTCTAGTTATGAG-1	NCAM1	1
M	TTAGGTGCAGGAGCAT-1	SPI1	2
M	TTAGGTGCAGGAGCAT-1	THEMIS	2
M	ATGTACGGTGTCCTTC-1	EBF1	2
M	TTGAGTGTCCTTGACC-1	ITK	2
M	CCAGAATGTGCAAAGC-1	ITK	3
M	AACCAACGTAACGGAC-1	BANK1	1
M	TTCAACTCAACTCGAT-1	NKG7	1
M	ACCCAAAAGGTCTTGT-1	KLRD1	2
M	AACTGTGAGCATTGGG-1	KLRD1	2
M	GCTCGAGCACGTTACA-1	PRF1	1
M	GCTTTCGTCACAGGGA-1	SH2D1B	1
M	TTGCCCAGTACTATGC-1	ITK	2
M	TGGTCAAAGTTGGAAT-1	IL7R	4
M	CACCACTGTTCTTTCA-1	CD28	4
M	GACCGACGTGGGTAGT-1	MARCO	2
M	AGCCTCTAGGGAAATG-1	EPCAM	1
M	CAGTGTAGTCAACAGG-1	NCR1	1
M	GGTGCTGCAAGGGTAC-1	NCR1	2
M	AAATGAGCATCCTGGG-1	KIR2DL4	4
M	CAAGAAACATTGAACC-1	DCN	1
M	GCCTAGGCACCCTTTG-1	VWF	1
M	TGGACATGTTGGTAAA-1	CD5	1
M	ATGTCTTCATTGCCTC-1	COL1A1	2
M	ATGTCGAAGAATGCTA-1	SKAP1	3
M	ATGTCGAAGTCTCGAT-1	IRF8	1
M	GAACGTTTCTCCTTAA-1	ITGAM	2
M	TAGCACACATCCTCGT-1	NCAM1	2
M	CAACGTAAGGGCGAAG-1	VCAN	1
M	CCACAGGGTATTGTGC-1	NKG7	1
M	TTTGGTTAGACCCATT-1	ITGAM	1
M	GGGAACACAGTCCTGG-1	VWF	2
M	TTCTGTAAGTTGCGCC-1	PRF1	2
M	ACTACCCCAAACGACG-1	SH2D1B	4
M	CTGTTCGAGTAATCAG-1	TXK	1
M	ACTAACGCAGAACTTC-1	MERTK	2
M	GTAGACTAGAAGCCGT-1	MERTK	1
M	GTAGGAGGTCCGTGCA-1	KLRC1	1
M	GGATAGGCAAAGCTGG-1	TXK	3
M	GCTTAAGTCTTGTCAT-1	EPCAM	1
M	CCCACATTCTGTGTGA-1	ITGAM	3
M	ACAAACCGTAAACGGC-1	NCAM1	1
M	AGGACGAGTCAAGACG-1	CD5	1
M	CCTTGGTGTTCTGATG-1	LCK	8
M	TGCTCGTCAACTAGAA-1	PAX5	1
M	TTCGGTCAGAGAGTTT-1	VCAN	1
M	GTCGTAATCAAGGCCC-1	MERTK	1
M	GACCTTCAGGGCGAAG-1	CD8A	1
M	GGAGAACTCACTCCCA-1	SKAP1	2
M	AGCTGATTCACTACCC-1	SKAP1	1
M	GGATGAGAGGTGTTGG-1	CDH1	1
M	ACCCAAAAGCTGAATA-1	NCAM1	5
M	TTCATCAAGAGCCACA-1	ITK	3
M	GTGACATGTTTGCATG-1	NKG7	4
M	AGTTTGGGTCATAAGA-1	KRT18	1
M	GACCGACGTAAGTCTC-1	NCAM1	1
M	CTGGGACCACTGTTAG-1	NCR1	1
M	GCGGGTTCATCGCCTT-1	NKG7	1
M	GCTCAGGCATTATGGC-1	CDH1	1
M	TCTATTGTCTCTCAAT-1	KLRF1	1
M	TTACTTGAGTCTCGAT-1	CD6	4
M	CCAGATATCCCTAAAG-1	THEMIS	1
M	TGTAGCAAGTGATATG-1	ITK	6
M	GCGTAGCTCACGTGTA-1	TXK	2
M	TCAAGCACAGAAAGAG-1	CD8A	1
M	GAATCTGCAGTAAGCG-1	GNLY	1
M	GGAACTTTCGGAAAGC-1	NCR1	2
M	GTCACCTAGTCGGGAT-1	CD6	1
M	TTGCTTAGTGCGACCT-1	PRF1	2
M	CTCTAGCTCGGAGTTT-1	PRF1	2
M	CCTTAATAGGTTAGTA-1	IL7R	1
M	TTGGTCCAGGTGATGC-1	BANK1	1
M	GAAACAAGTATCCCTC-1	TXK	1
M	GCTCAGGAGTTCCAGT-1	SKAP1	5
M	TTCAACTCAAGCGAAC-1	VWF	2
M	CCTTAATGTTTAGGAA-1	MS4A1	2
M	CTGAATGAGCTTTCCC-1	PRF1	1
M	GAAAGTAGTAACGGTG-1	ZBTB46	1
M	ACATGGTCAACACGGA-1	CD28	1
M	GTCACGGGTTTCGATG-1	GNLY	1
M	GTCCATCAGTCCCGCA-1	KIR2DL4	1
M	GCGGGTTTCACTCCCA-1	PECAM1	2
M	ACAAAGATCTGTAGAC-1	KLRD1	1
M	ATCCTGCCAGCAGGTA-1	KLRF1	6
M	GCAGATTAGCTCGGCT-1	VWF	2
M	AAACGAAGTACTTCAG-1	NCAM1	2
M	GTGCCAGAGATCGCCC-1	PAX5	1
M	GCTGAGCGTGCAAGCA-1	SFTPC	1
M	CGGACCAGTTTCAGCA-1	MERTK	1
M	ACCGCAGGTCTGGGCT-1	COL1A1	1
M	AAACTCGGTGACCAGA-1	KRT18	1
M	TCGATTTTCTGACATG-1	KRT8	1
M	TATCTGTCATCGTACA-1	KLRD1	4
M	CGCAGGTGTCAATACC-1	VWF	1
M	CAAGAAAAGACACTTC-1	NCAM1	1
M	AGATTCGAGGTACTCT-1	EBF1	1
M	ACATGGTAGTCAGCCC-1	ITK	3
M	ATGTCGATCCGGGCAT-1	MERTK	1
M	GCTCGAGAGCCGCAAA-1	KIR2DL4	2
M	CCATACCAGGCAGTAC-1	COL1A1	1
M	AACTGGTTCGTTCCGT-1	CLEC9A	1
M	TTAGCGAAGTAGCAAT-1	PRF1	2
M	TTGAGCACAACGTACT-1	PRF1	1
M	TGTGGCGAGAAGCCGT-1	LCK	1
M	TGGTCAACAATGCCAT-1	PAX5	2
M	CGTAAACTCATAGGTC-1	THEMIS	2
M	GCAGATTAGCTCGGCT-1	ITK	8
M	CGATGATTCCTTTGCG-1	ITK	1
M	CACCACTTCTAGCTGA-1	VCAN	1
M	GGTACCGAGAGCGGTT-1	BANK1	3
M	GAGGTCCGTCAGGTGA-1	BANK1	2
M	CTACTTAGTACGAGAC-1	CDH1	2
M	TACATGGTCGCGCCAA-1	SPI1	1
M	CCGTACTGTCCAGACC-1	MRC1	1
M	GATTAGCGTGCGACCT-1	LCK	1
M	GCAGATTTCACTAGGT-1	THEMIS	3
M	TGCGTAATCTAGCTGA-1	ITK	1
M	GGAACCCGTCCGGTAC-1	TXK	1
M	GCTGTTCAGGAAGGTA-1	CD28	1
M	ATCCAGATCCTTGACC-1	CD28	2
M	GCTCAGGCATCGTGAT-1	NKG7	2
M	CGTACAAGTTGTATCG-1	SKAP1	3
M	GCCATAAAGAGGTACC-1	NKX2-1	1
M	GAAGTGGGTCCCGAGT-1	KLRD1	1
M	ACTAACGAGACCCTAT-1	NCAM1	1
M	TTATGTCGTGGAAGCT-1	THEMIS	5
M	AAAGGATTCACATTCT-1	BANK1	7
M	AATGCCATCTGCCGAG-1	PECAM1	1
M	GGAGTAGTCTGAGTAC-1	KLRD1	1
M	TACATTCCAAGGAGTC-1	CD3D	1
M	ACAAAGAAGGGTAGTC-1	CD3D	1
M	TGCATGATCGCTTCAC-1	PRF1	1
M	TCACAAGCAGCTTACA-1	EBF1	1
M	CTTAATCGTCCCGAGT-1	IL7R	2
M	TCAGTTTAGCTGAGGT-1	MERTK	2
M	CTTTGCGGTCCCTTTG-1	GNLY	1
M	CACCTTGTCGTGAACT-1	CD79A	3
M	ACTAACGGTTTCTTAC-1	PECAM1	1
M	CAAAGCTAGTTCAGGG-1	SKAP1	2
M	CCTGGGACAGAACGAC-1	KLRD1	5
M	TAGTCCCAGGACTAGC-1	NCAM1	1
M	GAGGATGTCTCATCCG-1	CD6	1
M	ATCCAGACACCTGAAT-1	SH2D1B	2
M	GTTATGGTCCTCTCTT-1	THEMIS	4
M	GTGTCAATCGATTACG-1	BANK1	1
M	GTTATTCAGAGGCAGG-1	GNLY	1
M	ACTGTCCGTCACCCGA-1	NKG7	4
M	GATGGCCAGTGAGCAC-1	CD79A	1
M	TTCGGTCCAAGGAAGA-1	PECAM1	1
M	GAGAACGCAGCAACAG-1	SKAP1	1
M	CAACGTAAGGGCGAAG-1	IRF8	2
M	TCACCACGTGGAAGCT-1	KRT8	3
M	AGGACGAGTCAAGACG-1	PRF1	3
M	AATGCCATCTGCCGAG-1	PRF1	2
M	CCTTGGTGTTCTGATG-1	MRC1	3
M	GAGGCTCGTTCTGAAC-1	SH2D1B	2
M	CAACGTAAGTCATACC-1	THEMIS	1
M	CCTGGGATCGTCTTAT-1	CSF1R	2
M	CAAGCTAGTGTCTCGG-1	TXK	1
M	GGGCCATTCGTCCCTA-1	CD28	2
M	CGGTGCAAGTACAACA-1	MERTK	9
M	GTCACGGTCTTAGTGG-1	KIR2DL4	1
M	AGTGCCGAGGCTCAGA-1	NKG7	3
M	CCTTAATCAAAGGCCA-1	SKAP1	3
M	ACTGCAAAGTCCGGAA-1	IRF8	2
M	TCAGGTAGTAAGTGCG-1	CD6	1
M	ACTGTCCAGGTTACAA-1	PRF1	2
M	GGTGTCGCAACTTGGT-1	SH2D1B	1
M	TGGAAGGAGTGAAGGA-1	EBF1	1
M	TCACTCGAGTTCCCGG-1	EBF1	1
M	CAGGATTTCCGCCTAT-1	BANK1	6
M	CATTCCGGTACGGAGT-1	KIR2DL4	1
M	AGCGTGCTCGGCTATA-1	CD79A	1
M	GAGCATTCAGTTAAAG-1	CD79A	1
M	TCAGGTATCACCCTTG-1	CD79B	1
M	ACTTCCGGTGTCCAGC-1	NCAM1	3
M	GTAGGAGGTCCGTGCA-1	IL7R	2
M	TTCTAACAGGAGTACC-1	BANK1	5
M	GCTGTTCAGGAAGGTA-1	BANK1	5
M	ACAGAAACAACTCAAC-1	KLRF1	1
M	GCCTAGGAGTGGTGTG-1	VWF	1
M	AGTTACGGTTCTTTCA-1	SH2D1B	1
M	GTCACCTAGAAATTCG-1	PAX5	1
M	TGATTTCTCGTGAGTT-1	EBF1	10
M	AGGCGAACAAGTCCTA-1	VCAN	1
M	GCGGGTTGTTTGTGAC-1	ZBTB46	2
M	AGTCAACTCTAAGGTC-1	SKAP1	2
M	CAAGCTAAGGCAGTAC-1	KLRD1	3
M	ACTGTCCAGGTTACAA-1	KLRD1	7
M	AAGATAGAGCCAGAAC-1	MRC1	4
M	CAAAGCTCAAGCAATA-1	SH2D1B	5
M	GGTTGCGTCTCTTAAC-1	SH2D1B	1
M	TTGTTCAGTTCCGCGA-1	PECAM1	6
M	TCAGTTTAGCTGAGGT-1	IRF8	1
M	AGTCAACTCCGAATTG-1	VWF	1
M	TGCACCTAGACTCTTG-1	LCK	3
M	GTAGGAGCAGGTTATC-1	ITK	2
M	TTCGTTAGTCAGAGTG-1	CD14	2
M	TCGGGACGTCCGTAGC-1	EOMES	1
M	CTAGGATAGGGTGTTG-1	LYZ	1
M	GGATGAGAGGTGTTGG-1	KLRD1	9
M	GAGACTTTCTATACCT-1	NCAM1	2
M	AACGAGGAGCAACGGT-1	MRC1	1
M	GTAGTACGTTTAGAAG-1	THEMIS	1
M	ACTAACGCAGAACTTC-1	EBF1	26
M	CACTGAACAACAAACA-1	ITK	1
M	CCGTACTTCTTAATCC-1	TXK	3
M	CCGTGAGGTCCCGAGT-1	CD8A	3
M	CTAGCGGAGGGTAATT-1	MRC1	1
M	TGGACATAGTTCTCCC-1	LCK	2
M	CGCAATAAGTGCCCTG-1	LCK	1
M	TTACCGCAGGCAATTA-1	ITK	3
M	GAAGTCTAGTTATGAG-1	TXK	5
M	AGCCAGCGTGCACATT-1	CD28	1
M	TCAGTTTAGCTGAGGT-1	CD79A	2
M	AGTTTGGGTGGACAGT-1	IRF8	2
M	TTACGTTCACCACAGC-1	KLRD1	3
M	AATGCCAGTAGGTGAC-1	CLEC9A	1
M	CCCTAACGTCAAATCC-1	VWF	1
M	ACTGCGGCAGGCACAA-1	CD6	1
M	AACAAAGAGCGCCTAC-1	PRF1	4
M	GTGTCCTAGAGCTGTG-1	PRF1	1
M	TCGGGACCAATGGTAA-1	CD1C	1
M	TTGAGTGAGTTGCCGC-1	CD8A	2
M	CAGCCTTAGGCACTAG-1	NCR1	3
M	AGCGATTCAGGGCTTC-1	NKG7	1
M	TGCTCACCAGAACGAC-1	COL1A1	1
M	GTAGGAGGTCCAAGTT-1	PAX5	1
M	GTCACGGCATTCACCC-1	MERTK	2
M	GATGGCCCATCAGAAA-1	GNLY	2
M	AACGGGAGTCAAATCC-1	NCR1	1
M	ATCCAGATCCTTGACC-1	KLRD1	3
M	AAACGAAGTACGACCC-1	PRF1	1
M	GGCATTAGTACCGGCT-1	CD160	1
M	GCCAGCAAGTGGTGTG-1	ITK	2
M	CCCTGATTCTCTATCA-1	CSF1R	1
M	TGCTCACTCCGGGCAT-1	BANK1	1
M	GACCCAGAGGTCTTTG-1	EOMES	3
M	TTACGTTCACCACAGC-1	IRF8	2
M	TCGGGACTCGGCAATT-1	PAX5	3
M	TGGACATCATCATCGA-1	EBF1	1
M	AATGGAACAAAGACGC-1	TXK	3
M	ATCGAGTCATAGATAG-1	KLRF1	2
M	GCTCGAGCACGTTACA-1	VWF	2
M	CATGCCTCACCCTTTG-1	MARCO	2
M	GGAGGATTCTAGCAAC-1	CD8A	1
M	TTTGGTTCAGGTCCTG-1	KIR2DL4	1
M	GGTTGCGTCATTCATC-1	NKG7	1
M	TACGCAAGTCAGAGTG-1	CD79A	1
M	CCTGCTACAAATGTCC-1	PECAM1	3
M	CGCAATAGTGCTTGAT-1	SKAP1	1
M	GAGAACGAGTGAACCG-1	SKAP1	1
M	GCTTGCTTCAGAGTGG-1	BANK1	2
M	TGATTTCCATTGTTCT-1	TXK	1
M	ATTTGTCGTGATGCTT-1	NCR1	1
M	ACAAGCTGTAACTCCA-1	NKG7	1
M	GCCAGCATCAAACCCA-1	FLT3	1
M	CCGTGAGAGGTCTTGT-1	MRC1	1
M	TCACAAGCAAGTTGCT-1	BANK1	2
M	TTCATCAGTTGTATCG-1	EPCAM	1
M	GACCAATAGCACACCC-1	SKAP1	5
M	CCAATGATCTTCTTCC-1	IRF8	1
M	AGCCTGGGTTGAAGCG-1	KLRF1	1
M	TACAGCAGTGTGAGGT-1	CD3E	2
M	TGTACAGTCAGCCGAC-1	NCAM1	1
M	GTGCACGAGACGACTG-1	PRF1	2
M	ACATGGTCAACACGGA-1	IL7R	2
M	ATTGTGGCATCCATAG-1	IRF8	1
M	AGATTCGAGGTACTCT-1	PAX5	1
M	CCTTGGTTCGGTTCCT-1	THEMIS	1
M	AATGTCGTCGCTTACC-1	ITK	1
M	TAACGGTGTCTTAGCA-1	ITK	1
M	GGATGAGTCACCCTTG-1	TXK	3
M	AGCTGGCAGTATAGTG-1	EOMES	2
M	ATTGTGGCATCCATAG-1	CD8A	1
M	TACGCAACATGGCCGT-1	KIR2DL4	1
M	GGTAGGAGTGCACTTA-1	PECAM1	1
M	ACCATCCTCTGGCCAG-1	SKAP1	2
M	CCCTAGTAGAGCTACG-1	KLRF1	2
M	TAGCATGGTGAGGTCA-1	PAX5	1
M	AGGCCCACAGGATAGC-1	TXK	1
M	AGCCTTCCATTTCACT-1	NCR1	1
M	CCGTGAGGTCAGGCTC-1	COL1A1	1
M	TGTTAGGGTCTGGTCG-1	ITGAM	2
M	CCTGGGACACTAGCCG-1	KLRD1	2
M	TACAGCACATGGGACA-1	NCAM1	2
M	AGCGATTGTAACGGCA-1	CD6	1
M	CCGTAGGTCACTAGCA-1	PRF1	1
M	AATGTCGAGCTGATTC-1	MRC1	1
M	ACTTCCGGTGTCCAGC-1	TXK	1
M	AACCTTTTCGATGTAC-1	EOMES	1
M	AGCCCGAAGGTTCTCA-1	CD79A	1
M	GAGACTTCACTTTGGA-1	KLRF1	3
M	GACCTTCTCACATTCT-1	CD3E	1
M	TTGAGTGAGGTTCTCA-1	MRC1	1
M	TAGGAGGGTCTCTGGG-1	THEMIS	1
M	CTCTCAGGTAGAATAC-1	THEMIS	1
M	CTGGCAGGTCATCGTA-1	IL7R	3
M	GGAACCCGTCAGAAAT-1	CD8A	1
M	TACCTATGTTTAAGGA-1	KLRD1	1
M	GCATTGAAGACTTCCA-1	KLRF1	3
M	CACAACACAACGTAGG-1	CD3G	2
M	GGAACTTTCGGAAAGC-1	VCAN	1
M	GCAGCTGTCTCTGAGA-1	CD28	1
M	GCGTTGGTCCGTTTCG-1	FLT3	1
M	AGACAAAAGAACCCGA-1	EBF1	1
M	CACAACACAAACGACG-1	IL7R	1
M	TTACCGCCAGGTAGCA-1	EOMES	1
M	TAGCTTTCACCGTTGG-1	ZBTB46	1
M	ACATGGTTCCAGGTCG-1	CD8A	3
M	TTCGGTCTCTTTATCG-1	GNLY	1
M	CACTAAGAGCTCCGGT-1	NKG7	1
M	CTAGGGCTCGAACCGC-1	KLRD1	3
M	ATGTACGGTGTCCTTC-1	NCAM1	1
M	GTTGGGCTCGCCACTT-1	ITK	5
M	CCTTGGTTCGGTTCCT-1	IL7R	6
M	ACCGCAGGTCTGGGCT-1	GNLY	1
M	TACTCGCCAACATAAG-1	KLRD1	1
M	GGGACCTTCATAGGTC-1	VWF	3
M	TGGCCTTGTTTGCATG-1	NCAM1	3
M	AAATGAGTCGGTACTA-1	PRF1	1
M	GTCACCTGTAACATAG-1	PAX5	1
M	ATCCAGACAATAGCGG-1	SFTPC	1
M	TTGAGTGTCCTTGACC-1	THEMIS	1
M	TAGTCCCCACAAGGGT-1	MERTK	4
M	TATGTTCTCTATACCT-1	GNLY	3
M	GACTAGTTCAAATGGA-1	GNLY	1
M	CTTAATCAGAAATGGG-1	ITGAM	1
M	TCCATCGAGGGAGTTC-1	ITGAM	1
M	TGCTCACTCTTGTGCC-1	NCAM1	2
M	AAAGATGTCCAGTACA-1	CD6	1
M	GCATTCCCAAAGGAAG-1	MS4A1	1
M	CCCGTTAGTGCTGTGC-1	PRF1	2
M	ATGGATCAGGCTGGAT-1	SH2D1B	3
M	TAGCGGCGTAGGGTTG-1	NKG7	2
M	GACCCAGGTTGAATAG-1	CDH1	1
M	GCCATAACAGCGTCGT-1	CD3D	1
M	GTGGATTAGTAGTCGG-1	SH2D1B	1
M	TGCATTTCAACTCAAC-1	TXK	3
M	GCTTGCTCAAGTCCTA-1	TXK	1
M	TGAATCGGTGAATGTA-1	TXK	1
M	TGCTCACTCCGGGCAT-1	NCR1	2
M	CAGCTAATCGCGCTGA-1	PECAM1	1
M	AACTGGTAGCCTATAC-1	SKAP1	1
M	GTGCACGAGACGACTG-1	ITGAM	1
M	GAATCTGTCGAGTGTT-1	ITGAM	2
M	CTTGCTGTCCACGGCA-1	CD160	3
M	TTACTTGAGTCTCGAT-1	PAX5	1
M	GCCTACTCAGATACAA-1	PAX5	1
M	TGCTCACCAGAACGAC-1	CSF1R	1
M	CTACTTAGTACGAGAC-1	BANK1	1
M	AGCCTTCGTAAACGTA-1	VWF	3
M	AATGCCAGTAGGTGAC-1	NCAM1	1
M	CGTTCCAAGGAGTACC-1	NCAM1	1
M	TGCATTTGTGGCCTCA-1	EBF1	1
M	CGCAATACAGACTAAA-1	SKAP1	3
M	AAATGAGCATCCTGGG-1	VWF	3
M	ATCCTCGAGTGTCGGA-1	NCAM1	2
M	AGCGTGCTCTTCTTCC-1	NCAM1	2
M	ACGTTAGAGGTAAGCC-1	PRF1	1
M	TGACTCCGTGGTTCTA-1	CD28	1
M	AGCGATTGTAACGGCA-1	KIR2DL4	1
M	CCACAGGTCAAATGGA-1	VWF	3
M	TCACAGACAAGGTCGA-1	PAX5	2
M	CCAATGAGTTAACCGT-1	EBF1	2
M	GAGGATGGTCTGTCCT-1	CSF1R	1
M	AGTGTACTCTTAACGG-1	CD28	1
M	GGAGTAGTCCTGGGAC-1	NKG7	3
M	CGTACAACAATCAGGG-1	SKAP1	8
M	TCAAAGCGTATTTGCG-1	MRC1	1
M	GGAGAACTCACTCCCA-1	BANK1	1
M	GCGCATGAGGGTTCTT-1	KIR2DL4	2
M	GTCACCTAGTCGGGAT-1	PECAM1	2
M	TCAGGTATCACCCTTG-1	CDH1	1
M	TGTAGCAGTCAGCAAG-1	SH2D1B	1
M	TCTCTGGTCTGAACGT-1	VCAN	1
M	CTTGTCGAGCGTAGCA-1	CD79A	2
M	TAAACCGCACTACACA-1	SKAP1	2
M	GCCAGACTCACTAGGT-1	VWF	4
M	GAGGCTCGTCAGAAGC-1	CD5	1
M	GGCATTAAGTAGTGTA-1	PAX5	1
M	AAAGGATTCCAGTACA-1	THEMIS	1
M	AGCGTATTCGCTTCAC-1	SKAP1	1
M	ACTGTCCGTGTCTCGG-1	KLRF1	1
M	CCTCCCTCATATAGAG-1	PRF1	1
M	TGTAGCAGTCAGCAAG-1	BANK1	2
M	ATAGGCTGTGGACAGT-1	ZBTB46	2
M	GAAGAGCGTACAAGCG-1	CD28	1
M	GTTGGGCAGGCTCCTG-1	GNLY	1
M	TGTACAGTCAGCCGAC-1	MRC1	1
M	TGTTAGGGTCTGGTCG-1	SH2D1B	4
M	TCCATCGCACATTGCA-1	SH2D1B	2
M	CCACGTTAGGCACTAG-1	ITK	7
M	GGTGTCGAGGGTTCTT-1	BANK1	7
M	ACGTTAGTCTATATCC-1	BANK1	1
M	TAAGCCAGTGATGCGA-1	CD79A	1
M	CTTGAAGTCTCGCGTT-1	PECAM1	2
M	GCTGCGAGTCATAAGA-1	SKAP1	5
M	ACTGCGGTCCAATCCC-1	SKAP1	2
M	TTCATCAGTACAAATG-1	NCAM1	3
M	ACCTGCTTCTCTGACC-1	CD5	1
M	CCTAAAGCACGCGCAT-1	SPI1	1
M	AACTGGTAGCACCATT-1	MRC1	3
M	TTACCCGCACTAGGAG-1	SH2D1B	2
M	TTCATCAGTTTGAAGA-1	ITK	3
M	GCAGCTGAGATTAGAC-1	CSF1R	1
M	ATCGAGTCACACTAGT-1	ZBTB46	1
M	CGATGATTCCTCAAGA-1	CD8A	1
M	GTGCTGGAGAGCTGTG-1	CD79A	1
M	GAGCATTCACGACGAA-1	CDH1	1
M	CACATGACAGGTAACG-1	CDH1	1
M	AAAGGGCCAACTCGAT-1	KLRD1	5
M	GACCGACGTAAGTCTC-1	PRF1	6
M	TTGCACCTCTTGCGCT-1	LCK	1
M	TCAAAGCGTATTTGCG-1	PAX5	2
M	GTGGATTAGGCGATTG-1	EBF1	1
M	CTCTCAGAGAAACGCC-1	CD79B	1
M	CACTAAGCATCCGTAA-1	CD3D	1
M	GCAGATTGTCTGTGTA-1	MRC1	1
M	CTCCCAATCACAGGGA-1	EBF1	1
M	CTGGGACCAACCTCCT-1	BANK1	3
M	ACTAACGCAGAACTTC-1	BANK1	2
M	ATCCAGAGTTTCGTTT-1	TXK	5
M	AAGATAGAGCCAGAAC-1	EOMES	5
M	TTAGGTGTCTCCAACC-1	MERTK	1
M	ACTACGAGTAGTATCC-1	KIR2DL4	2
M	ACAAGCTTCCTGAAAC-1	FLT3	2
M	GTACTTTTCGTCTTAT-1	DCN	1
M	CCTAAAGAGTAATCAG-1	VWF	1
M	GTAATCGTCCTTCGAC-1	VWF	1
M	CCACAGGGTATTGTGC-1	NCAM1	1
M	GAACGTTTCTATACCT-1	CD160	2
M	CAACGTAAGGGCGAAG-1	THEMIS	1
M	AAAGGATTCCAGTACA-1	ZBTB46	2
M	TAATTCCGTCACTCTC-1	CD28	1
M	CTACTTACAGCAAACG-1	KLRF1	1
M	GTGCTGGGTCATAGCT-1	NCAM1	1
M	AGCTGATTCACTACCC-1	PRF1	1
M	CCAGATAAGAGATTAC-1	SH2D1B	1
M	TGGCAATGTAGGGTCA-1	SKAP1	4
M	TGTTAGGGTCTGGTCG-1	MS4A1	1
M	CCCTGATTCTCTGACC-1	CD14	2
M	CCCGTTAGTTCTGAGT-1	BANK1	2
M	GATTAGCGTGCGACCT-1	EOMES	1
M	GACTAACGTCACCCGA-1	MERTK	1
M	TGATGCACACATTCTT-1	CD79B	2
M	CAAAGCTGTCATAGAA-1	ITGAM	1
M	ACAGCGCCAGTCAGCC-1	KLRD1	3
M	TATCGAGAGATGTTGA-1	NCAM1	1
M	TATGTTCTCTATACCT-1	PRF1	1
M	TACAGCACACTAGGAG-1	MRC1	1
M	CGGACTGCACCGTCTT-1	VCAN	1
M	GCACGGTAGAGTGGTC-1	EOMES	1
M	TTCAACTCAACTCGAT-1	CD28	1
M	AACAAAGAGCGCCTAC-1	PECAM1	1
M	CTTCTAATCGGGATCC-1	VWF	1
M	GCTCCTATCGTCGCAG-1	EOMES	2
M	GACCCAGAGGTCTTTG-1	PECAM1	2
M	TAGCCCTCATTTGTTC-1	KLRD1	1
M	ATAGGCTAGCCATTCA-1	PRF1	1
M	GCCTAGGTCTGGCACG-1	CD160	1
M	TGCTCACGTAGTCTGT-1	THEMIS	1
M	TTTGCGCCAAGACTAA-1	SKAP1	1
M	TACTAGGGTTCTGATG-1	KLRD1	1
M	AACAAAGAGCATGATA-1	NCAM1	1
M	GTGACATGTAGTTTGC-1	BANK1	2
M	AAAGGATTCACATTCT-1	CD79A	1
M	CTTTGCGGTCATAGAA-1	SKAP1	2
M	TCGAGCGGTGATGCTT-1	ITGAM	1
M	GATTAGCGTTGCAGAG-1	PRF1	2
M	TCAGTCCAGGGAAGCG-1	PRF1	2
M	TTGTTCAAGTTCAGGG-1	PAX5	1
M	TCGCAGGAGCCTCGCA-1	ITK	15
M	TGGTCAAGTGATCAGG-1	ITK	2
M	GGTGCTGCACTCGGAC-1	BANK1	1
M	TGCTTTAGTCCAAGAG-1	EOMES	1
M	GAAGTGGGTCCCGAGT-1	CD28	2
M	GGTCATAAGAAATTCG-1	CD79A	1
M	TTGTCTACATCCTGGG-1	CD79A	2
M	ATGTCGAAGAATGCTA-1	ITGAM	1
M	GGATGAGCAAGGAAGA-1	KRT8	1
M	GTAATCGCAAATTGAG-1	KLRF1	1
M	TGAGCCGTCCAAGTCA-1	VWF	1
M	GCCTAGGCAAGAGATT-1	CD3E	1
M	GGAGTAGCATCAGCTA-1	SPI1	1
M	TAGCATGCATTAGCCA-1	CD160	1
M	AATGCCAGTAGGTGAC-1	THEMIS	1
M	GATTAGCGTGCGACCT-1	BANK1	1
M	GCGTTGGGTAGCTGTT-1	TXK	1
M	TCGAGCGCAAGGAACC-1	KIR2DL4	2
M	AGCTGTACATGTAGAA-1	PECAM1	2
M	CAGTATGGTACGTAGG-1	PECAM1	1
M	GTCACCTAGTCGGGAT-1	KRT8	2
M	ATGTCTTGTAACCCAT-1	VWF	1
M	TCTAGTTTCAGTGTAC-1	NCAM1	4
M	GGGACCTTCATAGGTC-1	CD6	2
M	GGAGGATCAAGCGTCC-1	PRF1	1
M	TCAGGGCCATGGCCCA-1	THEMIS	1
M	CCTAAAGCATCGTACA-1	CD68	1
M	CGTACAATCGTGTGCG-1	NCAM1	5
M	TCGATTTCATATTGGC-1	THEMIS	2
M	ACCATCCTCGTTTGAG-1	CD8A	6
M	GCCCGAACATTGTGAC-1	SKAP1	3
M	ATGTCTTCATTGCCTC-1	KLRD1	9
M	TGGTCCTGTGCCCGAT-1	TXK	1
M	TCAGTCCAGGGAAGCG-1	ZBTB46	2
M	TTACGTTTCGCGGCAT-1	CD79A	1
M	GAGCATTTCAGGAATA-1	KLRF1	5
M	AGCTGATAGGCGATTG-1	LCK	1
M	AATGGCTAGTAGTTCC-1	ITK	3
M	TGGTCCTGTGCGCATC-1	ITK	4
M	TAGCTTTCACCGTTGG-1	CD28	1
M	TCGATTTAGTTTGGAA-1	KLRD1	3
M	CTCTCAGGTAGCATGG-1	CD6	1
M	TGGACATTCTTACTCA-1	PRF1	1
M	CATGCCTGTCAGAGTG-1	ITK	3
M	GCTCCTACAAGTCTCA-1	IL7R	1
M	CCGAAGCAGACCCTAT-1	MARCO	1
M	GCGTTGGAGCTATCGT-1	MERTK	1
M	CCTTGCAAGGCTCCTG-1	KIR2DL4	1
M	TTTGGCCTCAAAGTAG-1	PECAM1	1
M	CGTAAACTCTCTTCTC-1	KLRD1	2
M	CGTACAAGTTGTGACT-1	PAX5	1
M	TCAAGGTTCACAACAC-1	PAX5	1
M	TGAATCGCACTCAGCG-1	THEMIS	1
M	GAATCTGTCCCACTTG-1	ITK	5
M	TCGTTCGCAGTTACAC-1	CD79A	3
M	GAGAACGAGTGAACCG-1	CD79A	1
M	AACAAAGAGAGCCACA-1	PECAM1	2
M	TCACAAGAGTAGCAAT-1	SKAP1	2
M	GAAGTGGAGGCTAAAT-1	ITGAM	1
M	GGTGTCGAGGGTTCTT-1	CD3G	1
M	ACATGCAAGTAGACCG-1	MRC1	1
M	ACGTGGCAGGCGCTTC-1	SH2D1B	1
M	GCTCCTAAGATATGAC-1	VCAN	1
M	TGTGGCGCACATTCTT-1	CD8A	2
M	GCGGGTTCACAACGGA-1	KIR2DL4	1
M	TTAGGTGTCGCAAGCC-1	SKAP1	3
M	GTGACATGTTTGCATG-1	KLRD1	4
M	TGACTCCCAGTAAGCG-1	ITK	2
M	AATGCCATCGTGATAC-1	MERTK	2
M	CACATGAGTCAGTGCC-1	CD79A	1
M	TGTAGCAAGTGATATG-1	SKAP1	4
M	GTAGTACGTTTAGAAG-1	KLRD1	2
M	GAGACTTGTGTTAGAA-1	KLRD1	5
M	CGTGGCAAGCTCCGGT-1	KLRD1	2
M	CTTAATCGTCCCGAGT-1	CD3D	1
M	TTGCGGGCATGGAGGT-1	CD3E	1
M	CACAACACAACGTAGG-1	CSF1R	1
M	TAGGTGTCAGTGGTCC-1	CSF1R	1
M	GCAAAGGTCCCACGGA-1	BANK1	2
M	GAAGTGGGTCCCGAGT-1	TXK	1
M	GTAGACTTCTCTCAAT-1	CD8A	1
M	CTAGCGGAGGGTAATT-1	CD79A	2
M	GTCTACCCATCGCTAA-1	KLRD1	1
M	AAAGGGCCAAGACACG-1	LCK	2
M	TACTAGGTCTTACTCA-1	TXK	1
M	CACAACACAACGTAGG-1	CD8A	1
M	TAAACCGGTGGTCGAA-1	KLRD1	9
M	CACAGATAGGGTCTGA-1	KLRF1	1
M	TAATTCCGTCACTCTC-1	CD4	1
M	CACGTTCAGTAACTCC-1	SPI1	1
M	CTTGAAGTCTCGCGTT-1	PRF1	2
M	TAGGAGGCAGTATCTG-1	PRF1	1
M	AGTTTGGCAACTCGTA-1	CD160	1
M	AACCTTTGTACGCAAG-1	PAX5	3
M	CCTGGGATCGTCTTAT-1	CD14	1
M	AGACAAAAGTGAAGGA-1	VWF	3
M	TGGACATAGTTCTCCC-1	SPI1	1
M	AGTTTGGCAACTCGTA-1	ITK	1
M	CCGCATTTCTGGCCAG-1	BANK1	1
M	AGTGCGCTCATAGGTC-1	PECAM1	1
M	GTTATGGGTAAACGTA-1	KLRF1	4
M	GCATGATAGACTAATG-1	VWF	1
M	TTACGTTCACCACAGC-1	CD3G	1
M	GAAACAATCTCAGATG-1	NCAM1	1
M	ATCCAGACAATAGCGG-1	PRF1	6
M	TTATGTCCATTCCCGT-1	CD160	3
M	AACAAAGGTAAAGCTA-1	CD79A	1
M	TAGCTTTCACCGTTGG-1	NCAM1	1
M	TAGTCCCCACAAGGGT-1	EBF1	8
M	GCCCAGATCACAACAC-1	ITK	9
M	GTCACCTGTAACATAG-1	CSF1R	1
M	CGTTCCATCGATAGCT-1	CD79A	1
M	GTAGTACTCCTCAAGA-1	VWF	1
M	TTCAACTGTTCTACGA-1	CD6	1
M	TAATTCCTCCCAATAG-1	CSF1R	1
M	AAAGATGGTTCCTATT-1	IL7R	2
M	GGTCATAAGATTCCGT-1	BANK1	5
M	AAACGAAAGCGGACAT-1	TXK	2
M	ACTACCCTCTGATCTT-1	CD8A	1
M	CAACGTAGTATATGGA-1	KIR2DL4	1
M	GAAAGTAAGATGGCAC-1	CD79A	2
M	GTAGTACGTCTCTGCT-1	SKAP1	5
M	TCGGGACGTCCGTAGC-1	IRF8	1
M	TAACTTCCATTAGCAC-1	CD4	1
M	AAAGGGCCATTTCACT-1	CD3D	1
M	TTACCGCCACTAGGAG-1	THEMIS	1
M	GAAACAAGTTCTTATC-1	ITK	8
M	AGTGCGCCACAATAAG-1	CD68	2
M	GAAAGTAAGATGGCAC-1	VWF	2
M	ACTTCCGCACAGCTTA-1	CD3G	1
M	GTTATGGGTAAACGTA-1	CD5	2
M	GGTCATAAGAAATTCG-1	THEMIS	1
M	ATTGTGGGTACGGATG-1	COL1A1	1
M	CACAACACAAACGACG-1	ITGAM	3
M	CAAAGCTGTCATAGAA-1	DCN	1
M	TATTGCTCAGCTTACA-1	NCAM1	2
M	TAACGGTTCGTCTTAT-1	EBF1	1
M	TTACCGCGTACGCAAG-1	VCAN	1
M	ACTTCCGTCGTGCTTC-1	BANK1	1
M	TTGGTCCAGTCTGGGA-1	CD8A	1
M	GCTTTCGTCACAGGGA-1	PECAM1	2
M	AGTGCCGTCGCTTACC-1	DCN	1
M	GACTAACTCTTAGTGG-1	KLRD1	4
M	AAAGGGCCAAGACACG-1	CD3G	1
M	TTTGTGTGTTTGTCTT-1	LCK	3
M	CCAATGATCTTCTTCC-1	ITK	3
M	ACAAGCTTCCGTTAGA-1	GNLY	1
M	CAGCCTTAGGCACTAG-1	NKG7	2
M	TAGCGGCAGGACTAGC-1	SKAP1	4
M	GTAGGAGCAAACTACC-1	KLRD1	4
M	CGCTGGAAGGCGTCCT-1	CLEC9A	1
M	GATTAGCCAAACCCTA-1	EBF1	1
M	AACTGTGAGCATTGGG-1	BANK1	1
M	ATGTCGAAGAGCCACA-1	EOMES	2
M	GCGGAAATCTACTGCC-1	ZBTB46	2
M	ATCCTGCCAAATTCCG-1	KRT8	1
M	TAATTCCGTCACTCTC-1	VWF	2
M	TGCCTGTTCGGTCTCT-1	LCK	2
M	TTCTGTACACTCCCAT-1	CD79A	2
M	TACTAGGCACTGCTTC-1	KRT8	1
M	CGTACAACATCCGTAA-1	CD3E	1
M	ATAGGCTAGCGATACG-1	PRF1	2
M	TACGGATCATACTGCA-1	CD160	1
M	GCCAGACAGGTCTTGT-1	LCK	2
M	TTACCCGTCTTCCACG-1	PAX5	1
M	ACAAGCTGTAACTCCA-1	THEMIS	2
M	GGTGTCGAGACAACGC-1	TXK	4
M	AGTGCGCCACAATAAG-1	TXK	2
M	GTGCCAGTCGACTGGC-1	GNLY	1
M	GGTTGCGAGGCCAATG-1	NCR1	3
M	ATTCGTTCAAGAGATT-1	COL1A1	2
M	GGGACCTAGCTGATTC-1	CD4	3
M	GAAATGATCTTCCACG-1	VWF	1
M	TAACTTCTCCGATTGA-1	THEMIS	2
M	ACTACGATCGTATAGC-1	VCAN	1
M	TGTGGCGCATTAGCCA-1	CD79A	2
M	CCACAGGTCAAATGGA-1	KLRD1	8
M	ACGTTAGTCTATATCC-1	NCAM1	1
M	TGTACAGCACCACGAC-1	NCAM1	1
M	ACCGAATTCTGACATG-1	NCAM1	1
M	TTGTCTACACTGAAGG-1	PRF1	2
M	CGATGATTCTATCTTG-1	PAX5	2
M	GCTCCTATCGTCGCAG-1	CD28	1
M	CATTCCGAGATAGGTT-1	SKAP1	3
M	GTTATTCCAGGCAAGT-1	ITGAM	1
M	CCTTAATCAAAGGCCA-1	KLRD1	5
M	TACGGATGTATGTCCA-1	LCK	1
M	CCATACCAGGCAGTAC-1	SFTPC	1
M	GGTCATAAGAAATTCG-1	EPCAM	1
M	ACGTGGCAGACCATAA-1	NCR1	2
M	TCACTCGGTGCGCATC-1	KIR2DL4	2
M	CCTTAATCAAAGACGC-1	IRF8	1
M	CGAGTTAGTACTTCAG-1	FLT3	1
M	GTGGATTAGCTTACCA-1	SPI1	1
M	TAACAGCGTTGCAGAG-1	EBF1	3
M	TGATGCAAGTTCTCCC-1	ITK	6
M	TACTCGCTCACTCGGG-1	EOMES	5
M	TTTGGCCCACAGTTAC-1	CD8A	1
M	AGCCTGGGTACGGAGT-1	KLRD1	15
M	AACAAAGAGCATGATA-1	MRC1	1
M	CATGCCTGTCAGAGTG-1	THEMIS	2
M	ATGGATCGTGCTTTGA-1	THEMIS	1
M	GGCGAAATCCCAGCGA-1	IRF8	1
M	GGAATCTAGTCTGTGT-1	ITGAM	1
M	ACATGCAAGACTCTTG-1	KLRF1	1
M	TAACAGCCAAACAGTA-1	KLRF1	2
M	TGCACCTTCGATTACG-1	THEMIS	1
M	TGAGCCGTCCAAGTCA-1	ITK	3
M	CTGCTCACACCAAGGA-1	CSF1R	2
M	TTCGTTATCCGCGATG-1	BANK1	6
M	GCTTTCGTCACAGGGA-1	TXK	2
M	ACTAGGTTCCATAACG-1	TXK	1
M	CCTCCCTCACGCGTTG-1	EOMES	3
M	CGTACAAGTTGTATCG-1	KLRD1	3
M	CAACGTAGTATATGGA-1	MRC1	1
M	CCCAGAGCAGCAACAG-1	EBF1	1
M	CAAGAAACATTGAACC-1	CD79A	1
M	TGAGTCAAGCAGAGCT-1	COL1A1	1
M	ACGTGGCAGACCATAA-1	ITGAM	1
M	GGTGAAGGTGCTTGAT-1	VWF	1
M	TGATCAGAGAAGCCGT-1	CD6	1
M	GCATGATTCGAGAACG-1	PAX5	3
M	GCTTGCTGTGTGTGCC-1	EOMES	1
M	CCGTGAGAGGTCTTGT-1	ZBTB46	1
M	GAACCGCAGGCCAGTA-1	MARCO	1
M	TGTTAGGGTCTGGTCG-1	KLRC1	1
M	GAACCTAAGCGCACAA-1	NCAM1	1
M	GTCCATCAGCTTTCCC-1	LCK	1
M	GTAGGAGGTATCAGCT-1	SKAP1	3
M	GGTGCTGAGAACGTCG-1	FLT3	2
M	GCGCATGTCGCGCCAA-1	KLRD1	4
M	TATGTTCCAAGCAACG-1	MS4A1	1
M	GTGATCAAGGAAGGTA-1	PRF1	1
M	CAAGGCCAGACTAGGC-1	PAX5	1
M	GTGGATTCACGCTGTG-1	SFTPC	1
M	TTCTAACTCCCATAGA-1	SFTPC	1
M	CTCTCAGCAGACTAAA-1	ITK	1
M	GTAGGAGGTCCAAGTT-1	PECAM1	3
M	CATTCATAGTGGTGTG-1	COL1A1	1
M	GGGAACACAGTCCTGG-1	FLT3	2
M	GGCGTTGAGTTACCAC-1	FLT3	2
M	TCAGGGCCATGGCCCA-1	KRT8	1
M	CATTCCGAGATAGGTT-1	KLRF1	2
M	TCAGTCCTCTTCCGTG-1	CD4	1
M	AAAGGGCCAAGACACG-1	CD3E	1
M	ACTGTCCGTGTCTCGG-1	NCAM1	2
M	CAGCTGGCATTGTGAC-1	SPI1	1
M	TGATTTCTCCTCTCTT-1	SH2D1B	3
M	ACCATCCAGAAAGGGT-1	ITK	1
M	GGTAGGAGTGCACTTA-1	CD79A	1
M	TGCTTCGGTCTCTAAG-1	CD79A	1
M	GGAATCTAGAACAGGA-1	KLRF1	1
M	GGCATTAGTACCGGCT-1	CD5	1
M	TGAGTCATCCATATCT-1	SH2D1B	1
M	TTGCTATCACGCTGTG-1	LCK	1
M	ATGTCTTAGAGCTGTG-1	TXK	5
M	GATGGCCAGTGAGCAC-1	PECAM1	1
M	GCAGATTTCTGGCACG-1	PRF1	3
M	TAGCACAGTCGCGCTA-1	SH2D1B	2
M	CTTGTCGAGAGAGGTA-1	EBF1	3
M	GCCCAGACAAACTACC-1	NKG7	4
M	TAGCATGGTGTCCCAG-1	CDH1	1
M	GGTGCTGGTATGGTTC-1	NCAM1	9
M	ATGTCTTGTTGGTAAA-1	ITK	4
M	CAATCCCCACCCTTAC-1	ITK	10
M	AGTCCGGTCGCCTTAC-1	EOMES	2
M	CATGCCTAGGGAGTTC-1	EOMES	3
M	GATCGTAGTCTTAGCA-1	CD8A	2
M	GTAATCGCAAATTGAG-1	PECAM1	3
M	TCTCTGGGTCTTAGCA-1	FLT3	1
M	GCATTCCCAAAGGAAG-1	PRF1	5
M	TGATGCACACATTCTT-1	PRF1	1
M	ATCCTCGGTTTCTACT-1	CSF1R	2
M	TGTTAGGCATTAGCCA-1	TXK	2
M	ACTACGATCCACGGCA-1	EPCAM	2
M	GCCAGCATCCCGCAAG-1	IRF8	3
M	GTCACTCAGAGCGAAA-1	KLRD1	9
M	AGCCGCACAACAACTC-1	PRF1	1
M	TAAGTGCCACAGTTAC-1	BANK1	3
M	CAAGAAATCCATATCT-1	NKG7	1
M	CAAGAAAAGGTACTCT-1	CD79A	1
M	TAGCCCTTCGGATAGG-1	FLT3	1
M	ACTACCCCAAACGACG-1	KLRD1	4
M	ATCCAGACACCTGAAT-1	KLRF1	1
M	TGCACCTAGACTCTTG-1	KLRF1	2
M	TGATGCACACATTCTT-1	VWF	1
M	TCAAGCACAGAAAGAG-1	NCAM1	2
M	GTTGGTAAGAGTAAGG-1	MRC1	2
M	GACCAATAGCACACCC-1	CD160	1
M	AAGATAGTCGTCCCTA-1	ITK	6
M	CTCCCAACACTGAAGG-1	ITK	1
M	TAAGCCATCTTTGCAT-1	VCAN	1
M	CCTAAAGCATCGTACA-1	BANK1	4
M	AACTTGGGTGCTGTCG-1	BANK1	1
M	ACTGCGGCAGGCACAA-1	TXK	4
M	GCGGGTTTCACTCCCA-1	NCR1	1
M	GTTCAAGAGTTATGAG-1	DCN	1
M	AACAAAGAGCATGATA-1	CD5	2
M	CTGGGACTCCATATCT-1	CD6	3
M	TTCGGTCCAAGGAAGA-1	PRF1	4
M	TAATCGGCACAGATGG-1	EBF1	1
M	AACAAAGTCGCCTTAC-1	ITK	1
M	GGCGTTGAGAGCCACA-1	BANK1	4
M	TGCGTAACATGGTTTG-1	TXK	6
M	AGTGCGCCACAATAAG-1	EOMES	1
M	TCAGTCCTCTTCCAGC-1	ZBTB46	1
M	GTAGACTCAATTGTGC-1	GNLY	1
M	TAGCCCTGTATTCGCA-1	CD79A	1
M	AACATCGAGCCTATAC-1	LCK	2
M	GCGGAAAGTGACGCAA-1	BANK1	1
M	GTCACTCAGTCTTAGC-1	EOMES	2
M	TAGCGGCAGGGTTCTT-1	MERTK	1
M	GTCACGGTCTTAGTGG-1	MERTK	1
M	CAGTGTACATTGAACC-1	NCR1	1
M	GACCCAGGTTGAATAG-1	NKG7	1
M	ACCATCCAGAAAGGGT-1	CD79A	2
M	AATGTCGTCAGCCGAC-1	VWF	1
M	GCTTGCTGTGGAAGCT-1	CD3E	1
M	TGGTCAAAGTTGGAAT-1	CD3E	1
M	ATGTCTTAGAGCTGTG-1	SH2D1B	1
M	CAGTGCGTCGGCTATA-1	LCK	3
M	TAACAGCGTGTAGGAC-1	SFTPC	1
M	TGGCAATGTTCATTTC-1	VCAN	1
M	TGCTCACTCTTGTGCC-1	BANK1	2
M	CTCAGAAAGTGCAACG-1	TXK	2
M	TTGTCTACATCCTGGG-1	MERTK	1
M	CCATACCAGGCAGTAC-1	NKG7	4
M	TTATGTCCATTCCCGT-1	CD5	1
M	CAAGAAACAGATTAAG-1	MRC1	1
M	GAAACAAGTGAGTTGG-1	TXK	1
M	GAACCTAAGCGCACAA-1	NKG7	1
M	GCAGCTGTCACAACAC-1	ITGAM	3
M	GTGCTGGAGTAGTGTA-1	FLT3	1
M	GTCACGGCAACTACTG-1	PAX5	1
M	CCCACATCAGGATGTG-1	ITK	2
M	TATGTGGCATAGCCAT-1	ITK	1
M	TGACTCCGTGGTTCTA-1	BANK1	2
M	CATTCATGTATGGATA-1	CD28	1
M	GGGAACATCGATGCAT-1	CD8A	1
M	GGAACCCGTCAGAAAT-1	FLT3	1
M	CGATGATTCTATCTTG-1	CD5	1
M	TAGACTGAGCAATGTA-1	VCAN	4
M	GTCTACCCATGGAGGT-1	ZBTB46	2
M	TACCTATAGACAGCTG-1	CD79A	2
M	TCGCCTATCCTTCGAC-1	IRF8	1
M	TCGATTTTCTGACATG-1	CD3E	1
M	GTTGGGCCAACTCGTA-1	LCK	1
M	GCGCCAACAAGTAACA-1	THEMIS	2
M	ACAGAAACAACTCAAC-1	THEMIS	1
M	GCATGATAGACTAATG-1	BANK1	2
M	TAGACTGAGAACCATA-1	NCR1	1
M	ATGCATGAGCTCGTTA-1	CD79A	2
M	ACAAGCTCAAATGCTC-1	SKAP1	5
M	TGACTCCAGGAAGGTA-1	CDH1	1
M	ACCCAAAAGCTGAATA-1	CD4	2
M	AAAGGATTCCAGTACA-1	NCAM1	1
M	GAGATTCGTGATAGAT-1	NCAM1	5
M	AATGGAACAAAGACGC-1	NCAM1	3
M	CCTGGGAAGGATTTGA-1	MRC1	1
M	AACCAACCATTAACGC-1	MRC1	1
M	TTCGGTCAGAGAGTTT-1	EBF1	1
M	CTTGAAGAGGTTGACG-1	ITK	1
M	TAGCACAAGCTAGTTC-1	VCAN	1
M	CACATGATCACTCCCA-1	BANK1	1
M	AAGGTTCAGAAGCCTG-1	IRF8	1
M	AGTTTGGGTGGACAGT-1	FLT3	1
M	ACAAGCTGTAACTCCA-1	KRT8	1
M	TGCATTTCATTACTCT-1	CD160	1
M	GTGCACGGTAACTCCA-1	THEMIS	1
M	TACATGGTCTGTTTAC-1	THEMIS	1
M	ACCTGCTCAGGACCTC-1	VCAN	1
M	CAGTGCGTCGGCTATA-1	TXK	2
M	GAGACTTGTGTTAGAA-1	GNLY	1
M	GACCCAGGTGCACATT-1	NCR1	1
M	TTTGGCCCACAGTTAC-1	KIR2DL4	3
M	GTAGTACTCCTCAAGA-1	PRF1	1
M	GCCATAAAGCGCCTAC-1	THEMIS	4
M	GCGAGTCTCCAACAAC-1	ITK	6
M	AAACGAAGTACTTCAG-1	BANK1	3
M	AAAGATGTCCAGTACA-1	EOMES	3
M	CCTGGGACACTAGCCG-1	CD8A	1
M	ATGTCGAAGAGCCACA-1	GNLY	1
M	GTGTCAATCTCTTCTC-1	KLRC1	1
M	CCGCATTAGACCCATT-1	DCN	1
M	CAAAGCTCAAGCAATA-1	DCN	1
M	TGCACCTTCGATTACG-1	KLRF1	1
M	ATTGTCTTCGCTCGGA-1	VWF	1
M	AACATCGGTATTCTTC-1	PAX5	1
M	AAGGTTCCAAATTCCG-1	THEMIS	1
M	GACTAACGTCACCCGA-1	ITK	3
M	CAAGGCCTCTATTGTC-1	CSF1R	1
M	CCGTACTAGCGAGCTA-1	BANK1	1
M	GGAACCCGTATCTAGC-1	EOMES	2
M	GGGACCTAGACTTGAA-1	PECAM1	1
M	GACCAATGTATTCTGG-1	KRT8	2
M	GCGCATGTCGCGCCAA-1	NCAM1	3
M	AGCGTATCACTAGCCG-1	CD6	1
M	GGCATTAAGTAGTGTA-1	PRF1	3
M	TTACGTTCAGCAACAG-1	SH2D1B	1
M	GGCGTTGCATCAGAAA-1	THEMIS	3
M	AGCCGCACAACAACTC-1	IL7R	3
M	CAGTATGTCAACACGT-1	BANK1	3
M	GTCACCTAGGTCTTGT-1	BANK1	1
M	CTTCTAAGTCGATTAC-1	NKG7	1
M	TTAACGGTCATCATGG-1	NCAM1	6
M	GTGCTGGAGAGCTGTG-1	PAX5	4
M	CGGACCATCAATTCCT-1	PAX5	1
M	CACTGAATCGTGATAC-1	THEMIS	1
M	CCGTGAGGTCAGGCTC-1	CD28	1
M	CTGGCAGCATGGGACA-1	KIR2DL4	1
M	TCGCCTATCCTTCGAC-1	PECAM1	1
M	CGTTCCATCCGGAAAG-1	FLT3	7
M	TGGACATAGTTCTCCC-1	DCN	2
M	AATGCCAGTAGGTGAC-1	CD6	2
M	TGACTCCTCTTTGCAT-1	PRF1	4
M	AGCTGTACATGTAGAA-1	SH2D1B	1
M	CTCAGAACATTTGGCA-1	CD160	2
M	GCATTGAAGACTTCCA-1	LCK	1
M	TGTGGCGAGAAGCCGT-1	THEMIS	1
M	TCAAGACTCGATAGCT-1	BANK1	1
M	TAAGCCACAAGGTTCT-1	EOMES	1
M	CACCACTTCTAGCTGA-1	CD28	1
M	TTTGCGCAGTAGACCG-1	CD28	1
M	GCCCAGACAAGTCTGT-1	CD79A	1
M	TTCGATTAGTGTGTAA-1	CDH1	2
M	GTCCATCAGTCCCGCA-1	SH2D1B	1
M	TCACCACGTGGAAGCT-1	LCK	1
M	AGTGCCGTCGCTTACC-1	PAX5	1
M	CTTGAAGGTAGCATGG-1	ITK	3
M	CAGCTAAAGGAAGGTA-1	KLRD1	1
M	ACGTTAGAGTTACACC-1	NCAM1	6
M	CCCGTTAGTTCTGAGT-1	MS4A1	1
M	GAACCTATCTTACTCA-1	PRF1	6
M	CCTGGGACAATGTAAG-1	PRF1	3
M	GTGGATTAGGCGATTG-1	ITK	6
M	TGGCAATAGATTAGAC-1	BANK1	2
M	TGGTCCTGTGCCCGAT-1	NCR1	2
M	TGCTATTTCCATATCT-1	PAX5	1
M	TCGCCTACATCGGCTG-1	THEMIS	1
M	TGGCAATTCGTCTAGA-1	CSF1R	2
M	CCTATTAAGATCTAAG-1	CSF1R	2
M	TTAACGGCAGTTACAC-1	VCAN	1
M	CACGTTCAGTAACTCC-1	CD79A	2
M	ACCGGGTGTCAAGACG-1	ITGAM	3
M	TAGCATGTCCACCTAC-1	KLRF1	1
M	AACAAAGTCGAACACT-1	NCAM1	6
M	TGATTTCTCCTCTCTT-1	SFTPC	1
M	CGTACAACATCCGTAA-1	EBF1	2
M	GTCGTAATCAAGGCCC-1	EBF1	1
M	CACCTTGTCGTGAACT-1	KIR2DL4	1
M	AACCAACTCTTTGCAT-1	SKAP1	1
M	GCAGCTGTCTCTGAGA-1	IRF8	1
M	CCTAAAGAGTAATCAG-1	KLRD1	6
M	GTCACCTAGGTCTTGT-1	VWF	2
M	TTCAACTCAGGTAGCA-1	SPI1	2
M	CCTTGCAAGGCTCCTG-1	PAX5	1
M	GACCAATGTCATCGTA-1	ITK	7
M	AGTGCGCCACAATAAG-1	ITK	3
M	TACGCAATCACAACAC-1	ITK	1
M	TTGTTGTAGTCGTGAG-1	BANK1	1
M	AAACGAAAGTTCGTTG-1	ZBTB46	1
M	GTGGATTAGCTTACCA-1	MERTK	1
M	CCGTGAGCAAACAGTA-1	KLRD1	3
M	CCTGCTACAAATGTCC-1	NCAM1	1
M	TCCATCGTCGATATGC-1	CD6	1
M	CTAACTTAGGAAACTT-1	THEMIS	1
M	TAATTCCTCCCAATAG-1	ITK	4
M	GTCTACCTCCAGAATC-1	BANK1	2
M	CCTGGGACAATGTAAG-1	NCR1	3
M	GGGTCTGCACTCAAGT-1	NKG7	5
M	GGTCATAGTATTCGAC-1	CDH1	1
M	AAACGAAAGTTCGTTG-1	CD6	1
M	GGAACTTGTAACTGAA-1	PRF1	3
M	GTCACAACAGGTCTGC-1	SH2D1B	1
M	AGTGTACGTCATCGTA-1	CD160	1
M	GACCAATGTCATCGTA-1	EBF1	1
M	CACAGATCATGATCGT-1	CD8A	2
M	AGGCGTCGTTAAGTCC-1	NCR1	7
M	GGTGAAGGTGCTTGAT-1	NKG7	1
M	TTATGTCCATATTGGC-1	COL1A1	1
M	GCGGGTTTCACTCCCA-1	SKAP1	2
M	GCAGCCAAGCTTACCA-1	ITGAM	1
M	AGTGTACTCTTAACGG-1	FLT3	3
M	TGCATTTCATTACTCT-1	KRT18	2
M	GCTTGCTAGTAGTCGG-1	MRC1	3
M	TGAGTCATCCATATCT-1	CD160	2
M	TCAGGGCTCTGGTACA-1	LCK	1
M	TAGCCCTGTATTCGCA-1	EBF1	3
M	TGACAACAGTCGGGAT-1	ITK	4
M	TTACCCGGTCAGTGTT-1	MERTK	1
M	GCCTACTGTCGTAGTT-1	NKG7	1
M	CAGTATGGTATCATGC-1	SKAP1	1
M	AGCTGTACATGTAGAA-1	PAX5	1
M	CGATGATTCCTTTGCG-1	THEMIS	3
M	ATGTCGAAGAATGCTA-1	EBF1	1
M	CAGTATGGTACGTAGG-1	ITK	7
M	ACCCAAAAGCTGAATA-1	ZBTB46	1
M	ATCCAGACAATAGCGG-1	ITGAM	1
M	GAAACAATCGCCAGAC-1	SPI1	1
M	CCGTACTGTGCCGGTT-1	EBF1	1
M	GGTAGGACATTAGCAC-1	ITK	1
M	TACGGATGTATGTCCA-1	ITK	1
M	GGAATCTAGTCTGTGT-1	BANK1	1
M	TGCTATTGTCCTCAGG-1	TXK	6
M	GGCATTACAAGGTCGA-1	CD8A	1
M	TGGAAGGTCTACTGCC-1	DCN	1
M	GCATTCCCATTCGTCC-1	KLRD1	1
M	GATGGCCCATCAGAAA-1	ITK	6
M	TACCTCGGTTTGTACG-1	IL7R	1
M	GCCTAGGTCCATGACA-1	NKG7	1
M	CCGAAGCCAACCTCCT-1	CD79A	1
M	ATTTGTCGTCTGCACG-1	KLRF1	1
M	TCGCCTACATCGGCTG-1	TXK	1
M	TACGGATCACCGAAAG-1	PRF1	1
M	TTACTTGAGGATATCA-1	EBF1	3
M	CATTGGAGTTCCCAAA-1	EBF1	5
M	GTTATTCCAGGCAAGT-1	TXK	1
M	TTACGTTCATGGTAAA-1	CD8A	1
M	AAACGAAAGCGGACAT-1	THEMIS	10
M	CTGTATTAGATGCGAC-1	THEMIS	5
M	AGTCAACGTGTTTCTT-1	EBF1	3
M	ACATGCAGTATTTGCG-1	ITK	5
M	GGAGAACAGTATAGTG-1	ITK	4
M	AATGTCGTCAGCCGAC-1	GNLY	1
M	ATGTCGAAGCCCATGC-1	NCR1	1
M	ACCCAAAAGGTCTTGT-1	COL1A1	1
M	ACTACGAGTGAGAGTC-1	ITGAM	2
M	GTCACGGCATTCACCC-1	KLRD1	1
M	CTGGGACTCCATATCT-1	KLRF1	1
M	TCCATCGAGGGAGTTC-1	VWF	2
M	GATTAGCCAAACCCTA-1	SH2D1B	1
M	ACTTCCGTCGTGCTTC-1	EBF1	1
M	GCAGCCATCTCGGCGA-1	VCAN	1
M	CACGTTCGTTATCGAC-1	PRF1	3
M	GTGGATTAGTAGTCGG-1	THEMIS	2
M	CGCAGGTTCTGAACGT-1	TXK	1
M	TGGCAATTCGTCTAGA-1	ZBTB46	3
M	AACAAAGAGCATGATA-1	MERTK	3
M	CGATGATTCCTCAAGA-1	IRF8	1
M	TCAATTCGTAACCGAG-1	DCN	1
M	GAAGTCTGTCAACAGG-1	KLRF1	1
M	GTTATTCAGCTCGTTA-1	NCAM1	3
M	AGCGATTGTAACGGCA-1	CD160	2
M	CGGTGCAGTAACCGAG-1	EBF1	1
M	TTGCGGGCATGGAGGT-1	EBF1	1
M	TAGCACAAGCTAGTTC-1	ITK	3
M	GAGGCTCTCTGGCGCA-1	BANK1	2
M	CTCAACCTCACATCCC-1	IRF8	1
M	TGGGTTAAGATGGGTC-1	ITK	2
M	GCTTAAGAGGTCTTTG-1	BANK1	5
M	CTGCTCACACCAAGGA-1	EOMES	3
M	AATACGCGTCTCGGGT-1	NKG7	1
M	AACATCGTCCGGGCAT-1	SKAP1	4
M	GGGACCTGTATTCTTC-1	VWF	1
M	ATTTGTCGTGATGCTT-1	PRF1	1
M	TCGTTCGTCTATAGGC-1	THEMIS	1
M	ATGTACGGTGTCCTTC-1	ITK	4
M	TTTACGTCAACGTCGC-1	TXK	2
M	GCCTACTGTCGTAGTT-1	SKAP1	5
M	ATTTGTCAGCGTTAGG-1	KLRF1	1
M	AGCGTGCAGACAGTGC-1	LCK	3
M	AGGCCTGCATGCTATG-1	LCK	1
M	GAACTTGGTAGCAGCA-1	THEMIS	3
M	ATGTACGCAATGGCTT-1	ITK	10
M	CAGGATTTCGCTTGAA-1	IL7R	2
M	GCCTAGGCAAGAGATT-1	ZBTB46	2
M	GTGGATTGTTCCCTTG-1	CD8A	4
M	AAAGGGCCAAGACACG-1	PECAM1	3
M	TCAGGTACATTGCACA-1	IRF8	1
M	AGGACGATCCACGAGC-1	KLRD1	6
M	CGTACAACAATCAGGG-1	CD4	1
M	ACTCGGGAGAGGTGGG-1	SPI1	1
M	TGTGGCGAGAACCATA-1	LCK	2
M	GAACGTTTCTATACCT-1	EBF1	3
M	TTACCCGTCAGAACGG-1	CD28	1
M	TTGCGGGTCAATTCCT-1	CD79A	2
M	AGCGATTGTAACGGCA-1	PECAM1	1
M	CACAGATAGGGTCTGA-1	COL1A1	1
M	GTAGGAGCAGGTTATC-1	CDH1	1
M	CTTCCAGAGACTAGGC-1	LYZ	1
M	TGCCTCAGTAATGCAA-1	KLRF1	2
M	CTCACCATCCACTAGA-1	CD3E	1
M	GCCTAGGAGTGGTGTG-1	MS4A1	1
M	GAGGATGAGGCCTCGT-1	PRF1	1
M	ACGTTAGTCACTTACT-1	LCK	4
M	CCTGGGAGTCATTGGT-1	ITK	2
M	TGTAGCAGTCAGCAAG-1	CD14	3
M	GAGCATTCACGACGAA-1	BANK1	21
M	AGCGATTGTAACGGCA-1	CD79A	1
M	AAACTCGTCGCATACA-1	KLRD1	3
M	AATACGCTCAAGTTGC-1	ITK	2
M	TTCATCATCACAAGCT-1	BANK1	1
M	ACATGGTCATGTATCG-1	TXK	2
M	GTGGATTAGCTTACCA-1	CD28	1
M	TACAGCACATGGGACA-1	SKAP1	5
M	ATGTCGAAGAGCCACA-1	ITGAM	1
M	GTGACATGTGCACATT-1	CD3E	1
M	CCTTGCAAGCCGCAAA-1	NCAM1	3
M	GCGCATGGTTGGACGA-1	CD6	1
M	ATGTCGAAGCCCATGC-1	SPI1	1
M	CGCAGGTTCTGAACGT-1	SH2D1B	2
M	AGTGCCGAGTCGACCC-1	MERTK	1
M	GTCACTCAGTCTTAGC-1	CD79A	1
M	TTCGGTCCAAGGAAGA-1	SKAP1	1
M	AGCCTTCAGAGCTACG-1	CD3D	1
M	CATTGGAGTTCCCAAA-1	SPI1	2
M	ATTACTCGTGGACTGA-1	BANK1	1
M	CAGCTAACAGAAAGAG-1	EOMES	1
M	TCCATCGCACATTGCA-1	NCR1	3
M	GGTGTCGAGGGTTCTT-1	KIR2DL4	1
M	TTCGGTCCAAGGTCGA-1	KLRD1	3
M	GACCAATAGCACACCC-1	CD6	1
M	AGATTCGAGGTACTCT-1	PRF1	3
M	CAGCTGGGTCGCTAGC-1	PAX5	1
M	TTCGTTAAGACTAGCG-1	THEMIS	2
M	GAGATTCAGTTGACAA-1	CSF1R	2
M	CTCTAGCTCGGAGTTT-1	TXK	4
M	GTCACCTAGTCGGGAT-1	EOMES	2
M	TGCGTAAAGGTCGGTA-1	EOMES	1
M	GGTACCGAGCCGCAAA-1	GNLY	1
M	GCTCCTATCGTCGCAG-1	CD79B	2
M	GATCGTAGTCTTAGCA-1	KLRF1	2
M	CATAACGCAACGAGGT-1	ITK	3
M	GTGTCCTTCATTGCCC-1	ITK	3
M	GTGGATTAGTAGTCGG-1	BANK1	5
M	AACATCGTCCAGGTCG-1	TXK	7
M	TCAGCTCCAATAGCGG-1	EOMES	1
M	GCTGAGCGTTTGCCAA-1	NCR1	7
M	GGATGAGGTGCCCGAT-1	CD6	1
M	TGGCGCACACCCTTTG-1	NKG7	1
M	TGCTATTGTCCTCAGG-1	KRT8	1
M	CCCTCTCTCTATCTAC-1	CD3E	1
M	GAACCTATCTTACTCA-1	CD5	1
M	GTCGTAAGTGCTGAAG-1	ITK	5
M	CTTTGCGGTTCTGATG-1	TXK	2
M	TCACTCGCACTGAAGG-1	PECAM1	2
M	CTTAATCAGAAATGGG-1	SKAP1	4
M	CATTCATGTATGGATA-1	SKAP1	2
M	CAAGAAACAGATTAAG-1	CDH1	1
M	AACTTGGTCGCGTGAC-1	KLRD1	6
M	TCAAGCAGTACTTCAG-1	KLRF1	3
M	TCGCCTATCCTTCGAC-1	CD3E	1
M	ATTGTCTTCGGCATAT-1	PRF1	4
M	TTACTTGAGGATATCA-1	SH2D1B	1
M	TGTAGCAAGTCCCGCA-1	THEMIS	1
M	TTGCCCAGTCAACGGA-1	EBF1	1
M	GACCGACTCCTGAAAC-1	CSF1R	1
M	TCAGTTTAGCTGAGGT-1	BANK1	2
M	GATGGCCCATCAGAAA-1	TXK	6
M	CGTACAATCGTTCTAT-1	EOMES	2
M	TGGACATAGTTCTCCC-1	CD8A	1
M	TAGGTGTCAGTGGTCC-1	GNLY	1
M	ACTACGATCCACGGCA-1	CD79B	3
M	GCGGGTTCACAACGGA-1	DCN	1
M	TCAGGGCGTCCAAGTT-1	VWF	1
M	GATCGTAGTCCACCAG-1	SH2D1B	2
M	AAATGCCGTCAGAGTG-1	BANK1	3
M	CAGCTGGTCGGGAATG-1	MERTK	1
M	AACGAGGAGTCTCGAT-1	DCN	2
M	AAGATAGAGCCAGAAC-1	CD4	2
M	ATGTCGATCATAGGTC-1	CD3G	1
M	GCAGCTGTCACAACAC-1	CD3D	1
M	GCATGATTCGAGAACG-1	ITK	5
M	GGATGAGTCACCCTTG-1	BANK1	1
M	GCTCCTAAGAGTAAGG-1	CD79A	3
M	GGAGAACAGACCATAA-1	KRT18	1
M	TTAGCTTAGGCCAGTA-1	KLRD1	1
M	TAGTCCCCACAGTAGG-1	KLRF1	4
M	ACCGGGTGTCAAGACG-1	PRF1	1
M	GGTTGCGAGGCCTCTG-1	MRC1	1
M	TGCTTTATCTCGCGGA-1	PAX5	1
M	GTAGGAGGTCCGTGCA-1	EOMES	4
M	CACATGATCGCCACTT-1	CDH1	2
M	GGAGAACTCACTCCCA-1	NCAM1	7
M	TGACAACCAAGACACG-1	PRF1	3
M	CGTTCCATCGATAGCT-1	MRC1	1
M	GTACTTTCAAGATGCG-1	SFTPC	1
M	CCTGGGACAGAACGAC-1	GNLY	1
M	GTCACGGCACTACACA-1	PECAM1	2
M	CGCACAGCACTTGCGG-1	IRF8	2
M	GTAGGAGGTCCAAGTT-1	IRF8	3
M	TGGAAGGAGACTTGAA-1	SH2D1B	1
M	CAGTGCGTCGGCTATA-1	PAX5	1
M	GCTGCGAAGACAGTGC-1	ITK	4
M	GTGCTGGAGAGCTGTG-1	MARCO	2
M	CGGACCAGTTTCAGCA-1	PECAM1	1
M	ATTGTGGCATCCATAG-1	KRT8	1
M	CCCTAGTTCTACATCT-1	NCAM1	1
M	TTAGGTGTCGCAAGCC-1	NCAM1	7
M	GCCAGCATCAAACCCA-1	ITK	6
M	AGCCCGACAGGTGGTA-1	CSF1R	1
M	AACCAACGTAACGGAC-1	CD79A	1
M	CTCCCAAAGAAGCCGT-1	PECAM1	1
M	TCAGGTAGTAAGTGCG-1	PECAM1	2
M	TGATGCAAGTTCTCCC-1	SKAP1	3
M	TGGTCCTAGTGAGCAC-1	IRF8	1
M	GTTATTCAGGATTTGA-1	KLRD1	4
M	AAGATAGAGGCGACTA-1	CD6	1
M	TGCTATTAGTGCTGAG-1	PRF1	5
M	GGAATCTAGTCTGTGT-1	EBF1	2
M	TTACGTTTCGCGGCAT-1	ITK	1
M	AAGGAGCGTGGGTAGT-1	BANK1	3
M	ACTACGAGTGAGAGTC-1	BANK1	1
M	CTCTAGCTCGGAGTTT-1	GNLY	3
M	GTCTACCTCTCATCCG-1	VWF	112
M	TTGAGTGCACCACGAC-1	CD3G	1
M	GTGGATTCACGCTGTG-1	CD6	3
M	AATGTCGAGCGGACTA-1	PRF1	1
M	CCTCCCTCACGCGTTG-1	LCK	4
M	TAGACTGCACTTTGGA-1	PAX5	2
M	CTGGGACTCCATATCT-1	ITK	1
M	TCACTCGTCGCATAAC-1	BANK1	3
M	GAGAACGGTGCAAGCA-1	CD8A	1
M	CTCAGAACATTTGGCA-1	IRF8	1
M	GCAGCCAAGCTTACCA-1	IRF8	1
M	GAGATTCCAACGTAGG-1	BANK1	1
M	CGGTGCACAAGTTCGT-1	NCR1	1
M	GGTCATATCACTAGGT-1	DCN	2
M	TTACCGCCATGCCTTC-1	KRT8	3
M	GAGACTTCACTTTGGA-1	PRF1	4
M	TCTAGTTTCAAGAGGC-1	PRF1	2
M	TGGTCCTGTGCGCATC-1	THEMIS	1
M	CATTCATCAGCGCGTT-1	ITK	1
M	GCTCCTATCGTCGCAG-1	BANK1	7
M	CCAGATAGTACGCCCA-1	CD4	1
M	TACCTCGGTCTGGTCG-1	NCAM1	1
M	CTTTGCGGTATCACAC-1	BANK1	3
M	CGGACCAGTTTCAGCA-1	BANK1	4
M	TTCAACTCAGGTAGCA-1	GNLY	1
M	TAGACTGAGCAATGTA-1	KIR2DL4	2
M	ATGTACGTCCTAGAGT-1	PECAM1	2
M	GGAGGATTCTAGCAAC-1	COL1A1	1
M	CACAGATAGTCGAGCA-1	TXK	3
M	CGTTCCAAGGAGTACC-1	KIR2DL4	2
M	GCAGCCATCAGTAGTC-1	CDH1	1
M	GGATGAGAGGTACATA-1	NCAM1	1
M	CGATGATTCCTCAAGA-1	VCAN	1
M	GTGGATTGTTCCCTTG-1	CLEC9A	1
M	CATAACGAGCGAATAT-1	CD6	1
M	TCAAGACGTAGGTGAC-1	ITK	4
M	TGACTCCAGGAAGGTA-1	VCAN	2
M	TTTGGCCCACAGTTAC-1	MARCO	2
M	GGTACCGAGAGCGGTT-1	GNLY	4
M	GTGGATTAGGCGTAGT-1	NCR1	1
M	ACAAGCTTCCTGAAAC-1	CD79A	1
M	TGGCAATGTAGGGTCA-1	PECAM1	4
M	CCCGTTACAACAACTC-1	KLRD1	3
M	GTAGGAGAGCTCCATA-1	CD160	1
M	GTAGACTCAATTGTGC-1	LCK	1
M	ATTGTCTGTCTAACCA-1	EBF1	3
M	TAGACTGGTTCAGAAA-1	IL7R	1
M	GCGGGTTGTTTGTGAC-1	GNLY	2
M	CGTTCCATCGATAGCT-1	COL1A1	3
M	GTCACGGCAACTACTG-1	KLRC1	1
M	AGATTCGTCCTGAAAC-1	KLRD1	1
M	TTTGCGCCAGATACAA-1	KLRD1	2
M	GGAACTTGTCTAACCA-1	CD3D	1
M	GTCACCTAGGTCTTGT-1	NCAM1	1
M	TTCAACTCATTACTCT-1	SFTPC	1
M	GCTTAAGGTTACACTG-1	ITK	5
M	TTGGTCCAGGTGATGC-1	VCAN	1
M	GAAAGTAGTAAACGGC-1	PECAM1	2
M	GGTTGCGAGGCCAATG-1	SKAP1	4
M	GTTATTCAGCTCGTTA-1	LUM	5
M	CCGTACTGTCCAGACC-1	KLRF1	3
M	GAATCTGTCTAGCAAC-1	MRC1	3
M	GAGGCTCGTGAGGTCA-1	SH2D1B	1
M	TAAACCGTCGTTCAGA-1	ITK	5
M	TGATGCACAAAGCTGG-1	CSF1R	3
M	GCAGCTGGTTTCGATG-1	BANK1	1
M	GCGTTGGAGCTATCGT-1	TXK	9
M	AATACGCGTCTCGGGT-1	NCR1	4
M	TGGTCAATCGAGAAGC-1	IRF8	1
M	TCCCACATCGCCTTAC-1	CDH1	3
M	TCACCTGAGTTCCCGG-1	KLRD1	4
M	CAATCCCAGGTTTCTG-1	CD6	1
M	GGGTGTCTCTTAACGG-1	PRF1	1
M	CCGTAGGTCACTAGCA-1	PAX5	5
M	GGATGAGGTGCCCGAT-1	ITK	1
M	AAACTCGTCGCATACA-1	VCAN	3
M	TGTGGCGCAAGGAACC-1	TXK	5
M	GAGGTCCGTCAGGTGA-1	KLRD1	4
M	GCATGATCAATGGCAG-1	KLRD1	2
M	TCAGCTCTCTTACTCA-1	CLEC9A	1
M	AGGACGATCCACGAGC-1	NCAM1	1
M	GATTAGCGTTGCAGAG-1	ITK	1
M	TGTACAGCACCGAATT-1	ITK	1
M	TGAGTCATCCACGGCA-1	BANK1	3
M	ATTTGTCGTGATGCTT-1	KIR2DL4	1
M	ACCCAAAAGGTCTTGT-1	KIR2DL4	1
M	TACGGATTCTTCTCTC-1	PECAM1	1
M	CGGTGCATCGCTTACC-1	NCAM1	3
M	GTAATCGAGTACGCGA-1	MRC1	1
M	CGCTGGAAGGCGTCCT-1	ITK	5
M	CCAATGACAGGTGGTA-1	CD79A	1
M	TCAGGGCTCTGGTACA-1	COL1A1	1
M	ACAGCGCTCAAATGGA-1	IL7R	1
M	ATTTGTCCACCTGAAT-1	CD8A	3
M	ACGTTAGTCCATTGTT-1	IRF8	1
M	GTTATGGGTAAACGTA-1	PRF1	3
M	GAGATTCCAACGTAGG-1	PRF1	3
M	TCAAGCATCGACTGGC-1	PAX5	1
M	ATCGAGTTCCTAAGTG-1	CD14	2
M	AGACAAATCTGACATG-1	VCAN	1
M	CCCTGATAGATACCAA-1	ZBTB46	1
M	CTTCTAATCGGGATCC-1	NCR1	1
M	GGTGAAGGTGCTTGAT-1	SKAP1	2
M	TGCTCACCAGAACGAC-1	FLT3	2
M	TACTAGGCACTGCTTC-1	TXK	2
M	CCCACATAGAGCTCCC-1	ZBTB46	2
M	GTACTTTCAAGATGCG-1	NKG7	1
M	TGACAACTCGCCGAAC-1	SKAP1	5
M	CATGCCTGTCAGAGTG-1	KLRD1	2
M	GTAGTACTCCTCAAGA-1	NCAM1	2
M	AACATCGAGACCATAA-1	NCAM1	2
M	CCGTACTTCTTAATCC-1	BANK1	2
M	GATTAGCCAATTCAGC-1	TXK	2
M	GTCACTCAGCCCATTA-1	TXK	1
M	CTCATGCCACTGTCAA-1	TXK	1
M	ACGTTAGAGGTAAGCC-1	ZBTB46	1
M	GTCGTAAGTGCTGAAG-1	CD28	1
M	CCCTGATTCTCTGACC-1	SKAP1	2
M	CCCACATTCTGTGTGA-1	NCAM1	9
M	CAGTGTAGTCAACAGG-1	NCAM1	1
M	GTTACGAAGCGTTGCC-1	MRC1	1
M	CGTAAACCACAGTTAC-1	SH2D1B	1
M	GCCAGACTCCGTACGG-1	ITK	4
M	CTTCTAAGTGTCCAGC-1	BANK1	1
M	TGGGTGCCATCGTGAT-1	BANK1	1
M	GAAGTCTTCCGATGCG-1	KIR2DL4	2
M	TCAGGGCTCTGGTACA-1	CD79A	2
M	AACTTGGTCGCGTGAC-1	KLRF1	2
M	AGCTGGCTCGTCTTAT-1	NCAM1	3
M	CCTCCCTCACGCGTTG-1	NCAM1	3
M	GGGAACACAGTCAGCC-1	CD6	1
M	CCTGGGACACTAGCCG-1	LCK	1
M	TCGAGCGTCGGATCGC-1	ITK	3
M	AACAAAGTCGAACACT-1	BANK1	11
M	CCCGTTATCGAGGTAG-1	TXK	3
M	TTCTGTACACTCCCAT-1	EOMES	1
M	AACAAAGGTAAAGCTA-1	EOMES	2
M	GAATCTGTCTAGCAAC-1	PECAM1	1
M	AAAGATGTCCAGTACA-1	LCK	1
M	ACATGCAGTCTGTGTA-1	LCK	1
M	GGAGGATCAAGCGTCC-1	NCR1	1
M	GCGAGTCCAAAGGCCA-1	IRF8	1
M	TCAAAGCGTATTTGCG-1	CD4	1
M	AGCTGTACAAGCTTTG-1	MRC1	3
M	GCCCAGATCACAACAC-1	EBF1	2
M	ACAGCGCTCCTTCGAC-1	ITGAM	2
M	AGCCAGCGTGCACATT-1	KLRD1	3
M	AACGTACTCTTCTTCC-1	VWF	2
M	TCAAAGCGTATTTGCG-1	SH2D1B	1
M	TTTGTGTGTTTGTCTT-1	CD160	1
M	TACAGCAGTGTGAGGT-1	SKAP1	1
M	CACCTTGTCGTGAACT-1	DCN	1
M	AGCCTCTTCGGTTCCT-1	KLRD1	3
M	GACTAACTCTTAGTGG-1	CD3E	1
M	TAGACTGAGAACCATA-1	PRF1	2
M	CTTTGCGGTTCTGATG-1	ITK	1
M	AGTGCCGAGTCGACCC-1	BANK1	5
M	TCAGGTACATTGCACA-1	NKG7	2
M	AGCGTATCAAGGCGTA-1	SKAP1	1
M	CGCTGGATCACTCCCA-1	ITGAM	1
M	TAGCTTTCACCGTTGG-1	DCN	1
M	GCAGCTGAGATTAGAC-1	LCK	1
M	GCAACCGTCCTCCCAA-1	EBF1	5
M	CTGGGACCACTGTTAG-1	EBF1	1
M	CGCAGGTTCTGAACGT-1	ITK	2
M	CCTTAATCAAAGGCCA-1	TXK	1
M	ACTACGAAGCGCCTAC-1	CD79A	2
M	CCTTGCAAGGCTCCTG-1	SKAP1	3
M	TGCATGATCGCTTCAC-1	CD4	1
M	GTGGATTGTTCCCTTG-1	PRF1	1
M	GCGAGTCAGTAGACCG-1	LCK	1
M	GAAGTGGAGGCTAAAT-1	SFTPC	1
M	TAGCACAAGCTAGTTC-1	EOMES	1
M	TTGACGACAACTTGGT-1	NCR1	1
M	AGCGATTGTGCACCCA-1	NCAM1	2
M	GTCACAAAGTAGGTCG-1	LCK	2
M	TGCCTGTTCACACGTA-1	BANK1	4
M	AACGTACCAAGAGATT-1	TXK	1
M	GGAACTTGTCTAACCA-1	KIR2DL4	3
M	ACCTGCTCACAGAAGC-1	KIR2DL4	1
M	TACTGCCCAGTAAGCG-1	PECAM1	1
M	TGGCGCACACCCATCT-1	CD79B	1
M	GTGTCAATCTCTTCTC-1	IRF8	3
M	TATTGCTCAGCTTACA-1	KLRD1	3
M	GAGATTCGTCTCTGGG-1	CD6	1
M	GCTCGAGCACTTTGGA-1	BANK1	1
M	ACATGCAAGTAGACCG-1	BANK1	1
M	ACATGGTTCCAGGTCG-1	TXK	5
M	CGTAAACGTTCCGGCA-1	ZBTB46	2
M	TCCATCGAGGGAGTTC-1	MERTK	1
M	TTACCGCCAGGTAGCA-1	KIR2DL4	1
M	CTTGAAGGTAGCATGG-1	DCN	1
M	TCACTCGAGTTCCCGG-1	KRT8	1
M	GCACGCAGTTGAAGCG-1	EBF1	4
M	TGCGTAAAGGTCGGTA-1	ITK	1
M	CTCTCAGAGAAACGCC-1	NCR1	1
M	AGGCGTCTCCTTTGCG-1	CD79B	1
M	TCGCCTACATCGGCTG-1	SKAP1	1
M	TGGTCCTTCGTAGCGC-1	DCN	1
M	GTCGTAAAGGCTCCTG-1	KLRD1	4
M	AGGCCTGTCAGCACGC-1	KLRD1	4
M	ACCGGGTGTCAAGACG-1	CD5	2
M	TTCTGTAAGTTGCGCC-1	CD5	1
M	CAAAGCTAGTTCAGGG-1	PAX5	2
M	ATGTACGTCTGGCGCA-1	TXK	1
M	TACATTCAGTCGTGAG-1	MARCO	1
M	AACTTGGTCGTCCCTA-1	GNLY	2
M	TGATCAGTCGTGGGTC-1	CD79A	1
M	AAAGGGCCATTTCACT-1	CD79B	1
M	TAACGGTTCGTCTTAT-1	CDH1	1
M	TCGCCTATCCTTCGAC-1	KLRD1	1
M	CTGGGACCACTGTTAG-1	PRF1	4
M	AGTGCGCTCGTCAACA-1	SH2D1B	2
M	TTGCCCAGTACTATGC-1	LCK	2
M	ACAATCGCAGTAAGCG-1	THEMIS	1
M	AGCGATTCAGGGCTTC-1	ITK	7
M	GTCTACCTCCAGAATC-1	VCAN	1
M	TTCGGTCCAAGGTCGA-1	ZBTB46	1
M	GAGGCTCGTGAGGTCA-1	CD28	2
M	GCCAGACTCACTAGGT-1	CD68	3
M	TAGCCGGAGTGTCACT-1	ITGAM	3
M	AGCCTCTAGGAAGAAC-1	KLRD1	3
M	AAGGTTCAGAAGCCTG-1	CD3E	1
M	TGGCAATGTTCATTTC-1	CD6	1
M	GCAGCTGGTTTCGATG-1	PRF1	3
M	AGTTACGGTGGACCAA-1	PRF1	1
M	TAGACTGCAATGATGA-1	BANK1	1
M	GCAAAGGTCCAGTACA-1	EOMES	1
M	TGTGGCGCATTAGCCA-1	MERTK	1
M	CCTGGGAGTCATTGGT-1	GNLY	1
M	CGCAATATCCCACTTG-1	VWF	1
M	TTGCTATAGACACAAT-1	SH2D1B	1
M	ACAGAAATCTCGCGTT-1	ITK	1
M	TAAGCCATCCGCGATG-1	BANK1	5
M	TTCGTTAAGACTAGCG-1	BANK1	2
M	GTCACGGTCTCCCTTT-1	CD8A	1
M	CGCTGGATCACTCCCA-1	VWF	2
M	TTCTAACTCTATACCT-1	CD6	1
M	TACATTCCAAGGAGTC-1	MS4A1	1
M	GGTCATAGTATTCGAC-1	IL7R	2
M	GAGGTCCGTCAGGTGA-1	CD79A	1
M	CCCAGAGTCCATCGAA-1	MRC1	1
M	GAACGTTTCTATACCT-1	PAX5	1
M	GTCACGGCAACTACTG-1	BANK1	1
M	TTGACGAAGGAGACTC-1	TXK	1
M	AGCCTTCGTAAACGTA-1	GNLY	1
M	CCTTAATAGGTTAGTA-1	SKAP1	3
M	TAGGTGTCAGTGGTCC-1	IRF8	1
M	TGCACCTTCGATTACG-1	KLRC1	1
M	TACATTCAGTCGTGAG-1	EBF1	1
M	GAACCTATCTTACTCA-1	VCAN	4
M	CCGCATTAGACCCATT-1	TXK	3
M	TCCCACATCGCCTTAC-1	CD28	1
M	CTCAACCCACAGGAAC-1	CD8A	3
M	GCCCAGAGTGGTAGAC-1	CD79B	1
M	TCAGGGCCATGGCCCA-1	MRC1	1
M	GACCCAGGTTGAATAG-1	TXK	2
M	TTAGGTGTCGCGATGC-1	EOMES	1
M	CAGTATGGTACGTAGG-1	ZBTB46	1
M	GTGCACGAGACGACTG-1	EPCAM	1
M	TGGTCCTGTAAACGAT-1	PECAM1	1
M	CTCTCAGGTAGCATGG-1	CD5	1
M	CACCTTGTCAGTGTGT-1	SH2D1B	1
M	GCGGGTTTCCATGTTT-1	ITK	1
M	GTCGTAATCAAGGCCC-1	VCAN	1
M	AACTTGGTCGCGTGAC-1	BANK1	1
M	GAGCATTCAGTTAAAG-1	EOMES	1
M	CGTTCCAAGGAGTACC-1	GNLY	1
M	AAAGGATTCCAGTACA-1	KLRF1	1
M	GGTGTCGAGACAACGC-1	CD6	2
M	AAGGTTCGTATTGTCG-1	THEMIS	1
M	ACATGCATCCTAAGTG-1	ITK	3
M	CGCAGGTAGAGTCCGA-1	ITK	1
M	AAGGAGCCAGCGTAGA-1	BANK1	1
M	GTGTCCTAGTACAGAT-1	TXK	1
M	AGTTTGGGTGGACAGT-1	EOMES	3
M	GCCCAGAGTCCCTAAA-1	CD8A	3
M	ATAGGCTAGTCAGCCC-1	FLT3	1
M	ATGTCTTGTAACCCAT-1	KLRD1	2
M	ATGTTTCAGTTGGAAT-1	VWF	1
M	TGCATTTCACTTATGG-1	PRF1	1
M	TGGAAGGTCAGATACC-1	MRC1	1
M	GCCTAGGCAAAGCATA-1	LCK	1
M	ACCTGCTTCTCTGACC-1	EBF1	2
M	ACTATTCCACCGATCG-1	BANK1	1
M	GATCGTAGTCCACCAG-1	SKAP1	3
M	GAGGCTCGTCAGAAGC-1	IRF8	1
M	TTGCTATCACGCTGTG-1	KRT8	1
M	CAGCTGGTCGGGAATG-1	KLRD1	1
M	GTGTCCTAGTACAGAT-1	SH2D1B	1
M	AGCGATTGTGCACCCA-1	BANK1	1
M	TAGCTTTCACCGTTGG-1	MARCO	5
M	TGGAAGGAGACTTGAA-1	MERTK	1
M	CAGTGTATCTCGCGTT-1	GNLY	1
M	TAGCGGCAGACGCCCT-1	SKAP1	1
M	CTGGCAGGTCATCGTA-1	NCAM1	5
M	CAGCTAATCGCGCTGA-1	CD6	2
M	GAACGTTGTACCCATA-1	LCK	1
M	GAAGTGGAGGCTAAAT-1	ITK	4
M	ACATGCAAGTAGACCG-1	EOMES	1
M	AAACTGCGTACAAGCG-1	NKG7	1
M	TTACCCGTCTTCCACG-1	KLRD1	4
M	CGCAATAGTGCTTGAT-1	KLRD1	4
M	GTGACATGTGCACATT-1	KLRF1	1
M	TAAGTGCAGCTTACCA-1	CD6	1
M	GGGACCTAGAAATGGG-1	PRF1	1
M	CCCACATGTGCAAGAC-1	PRF1	1
M	TTCATCAAGAGCCACA-1	CD160	2
M	ACCGAATTCGACTATG-1	THEMIS	1
M	TGGAAGGTCTACTGCC-1	ITK	2
M	GCTTAAGTCTTGTCAT-1	EOMES	1
M	GGTGCTGTCAATTGGC-1	CD28	1
M	GTGCTGGAGCTACGTT-1	MERTK	1
M	ATTTGTCCACCTGAAT-1	SKAP1	2
M	GCTCACTGTGTGCTTA-1	KRT18	1
M	TCGTTCGAGTAGAAGG-1	NCAM1	1
M	TTCGCGTTCTTCCGTG-1	CD6	1
M	ATGTCGAAGCCCATGC-1	CD6	1
M	ACTAACGAGACCCTAT-1	PRF1	1
M	TGTGACATCGGCAATT-1	PRF1	2
M	GACCAATGTATTCTGG-1	EBF1	1
M	GGTTGCGAGGCCTCTG-1	BANK1	1
M	TGACAACAGTCGGGAT-1	CD79A	2
M	CCTTAATTCTCGCGTT-1	KLRD1	5
M	GGAACCCGTCAGAAAT-1	VWF	1
M	GTCGTAAGTGCTGAAG-1	PRF1	4
M	GATCGTAGTCTTAGCA-1	CD160	1
M	TCGAGCGTCGGATCGC-1	LCK	1
M	GCTTAAGAGGTCTTTG-1	THEMIS	1
M	AGTCCGGAGATATGAC-1	BANK1	2
M	ATGTTTCCATGTGAGG-1	SKAP1	2
M	GACCTTCTCCGAATTG-1	VWF	1
M	TCACCACGTGGAAGCT-1	CD3E	1
M	TGAGTCATCCACGGCA-1	THEMIS	1
M	GGTTGCGTCCTATCCG-1	EBF1	1
M	ACGTTAGTCGAGGTCC-1	THEMIS	1
M	GTGCACGTCGACTCGG-1	BANK1	1
M	AGCCGCACATATTGGC-1	TXK	1
M	TCAGCTCTCTTACTCA-1	ZBTB46	4
M	GTTATTCAGCTCGTTA-1	MERTK	6
M	GCGATCGCAGGCACAA-1	PECAM1	2
M	AACTGGTAGCCTATAC-1	KLRD1	4
M	TTGAGTGCACAGATGG-1	KLRF1	1
M	GTGCACGGTAACTCCA-1	ITK	6
M	TTGTTGTTCCCTACGT-1	MERTK	1
M	CTTCTAATCCCAATAG-1	KIR2DL4	1
M	TGGTCCTAGTGAGCAC-1	CD68	1
M	ACATGGTCAACACGGA-1	KLRC1	1
M	GTTATTCAGAGGCAGG-1	PRF1	2
M	GCATTCCCAAGCCAGA-1	MARCO	2
M	GAAGTCTCAGTAACGG-1	MERTK	1
M	GTAGGAGCAGGTTATC-1	CD8A	3
M	TGTGGCGCAAGGAACC-1	SKAP1	3
M	TTCATTGTCGGTTGTA-1	KLRF1	6
M	AAGGAGCCACGATTAC-1	NCAM1	2
M	TCACTCGCACTGAAGG-1	CD6	1
M	GACCGACGTAAGTCTC-1	CD6	1
M	AATACGCTCAAGTTGC-1	CD160	1
M	CCCACATGTGCAAGAC-1	TXK	6
M	CGCAGGTGTCAATACC-1	ZBTB46	1
M	GTGCACGAGACGACTG-1	DCN	1
M	ACCCAAAAGCGGACAT-1	KLRF1	1
M	GAGCATTTCAGGAATA-1	GNLY	1
M	TGAATCGCATTACACG-1	NCR1	1
M	AGGACGAGTCAAGACG-1	MRC1	2
M	GAACGTTTCTATACCT-1	LCK	1
M	AACCGATTCGTGGTAT-1	ZBTB46	1
M	GGGCCATGTCTGTTGA-1	CD8A	1
M	CCCTAACAGGTGTCGA-1	CD79A	1
M	TTACGTTCAGCAACAG-1	CD68	1
M	CATTGGAGTTCCCAAA-1	VWF	2
M	CCATACCGTGGCATAG-1	NCAM1	1
M	TAAACCGGTGCGTAGA-1	BANK1	5
M	ACATGCATCTACATCT-1	EOMES	2
M	GGTGTCGCACAAACAA-1	CD8A	1
M	CAACGGCAGTGTCGGA-1	CD8A	2
M	TCAGGTAAGCTGCCAC-1	COL1A1	1
M	TCTATTGCATTTGTTC-1	IRF8	1
M	GTAGGAGGTCCGTGCA-1	CD6	2
M	CTAGGATCAAGTTGCT-1	MRC1	1
M	CGGTGCATCGCTTACC-1	TXK	3
M	GCGTTGGTCCGTTTCG-1	NKG7	2
M	TGTACAGGTTTGCGAT-1	FLT3	1
M	CAGTGTACATTGAACC-1	KLRC1	1
M	AGCGTGCAGTGTCACT-1	VWF	1
M	TATGTTCTCTATACCT-1	CD3G	1
M	GGGAACACAGTCCTGG-1	ITK	4
M	CCGTACTGTCCAGACC-1	TXK	11
M	TAGGTGTTCCTGTAGA-1	NCR1	1
M	ATTACTCGTGGACTGA-1	NKG7	1
M	TGCTATTTCCATATCT-1	SKAP1	1
M	AGTGCGCCACAATAAG-1	NCAM1	1
M	TCAAGCAGTACTTCAG-1	CD160	1
M	TTCGATTAGTACAGAT-1	LCK	1
M	GGTGCTGTCAATTGGC-1	PAX5	6
M	GATTGACGTGTCGTCG-1	THEMIS	3
M	AAGGAGCGTGGGTAGT-1	ITK	2
M	ATGTACGGTGTCCTTC-1	CSF1R	1
M	ACTCGGGCACCTATTT-1	CD14	1
M	TTGTTCAGTCCTTCAC-1	MARCO	1
M	GTGGATTAGGCGATTG-1	KLRD1	4
M	TAGGTCACATGGCCCA-1	KLRF1	1
M	GAGCATTTCTAAACGC-1	MRC1	1
M	CCCAGAGTCCATCGAA-1	EBF1	2
M	AGCCAGCTCTTCACTA-1	ITK	3
M	TGCGTAATCTAGCTGA-1	TXK	2
M	TAGACTGAGATCTCAC-1	CD8A	2
M	CCTGGGATCGTCTTAT-1	KIR2DL4	2
M	TCCCACACACAAACAA-1	NKG7	1
M	TCAAGACAGTCCGGAA-1	KLRD1	3
M	TGGGTTAGTACGACCC-1	LCK	2
M	GTCTACCTCTCATCCG-1	PAX5	1
M	GGTTGCGTCCTATCCG-1	THEMIS	1
M	GGGTGTCAGGGTAGTC-1	TXK	2
M	CTACTTAAGGGACGTT-1	GNLY	1
M	CTTTGCGGTTCTGATG-1	NCR1	1
M	CTACTTAGTTCTACCC-1	CD3E	2
M	GCTTAAGGTTACACTG-1	MS4A1	1
M	GAAAGTAGTAAACGGC-1	EBF1	1
M	ACTACGAGTGAGAGTC-1	CSF1R	1
M	TTCGTTATCCGCGATG-1	IL7R	2
M	CTTTGCGGTTCTGATG-1	EOMES	2
M	GCAACCGTCCTCCCAA-1	ZBTB46	9
M	GCCTAGGAGTGGTGTG-1	GNLY	1
M	CGCAATAGTGCTTGAT-1	NKG7	1
M	GGAACTTGTAACTGAA-1	SKAP1	2
M	TCGCAGGGTCAAACAA-1	NCAM1	2
M	GCTCGAGCACGTTACA-1	CD6	2
M	AAACGAAAGCGGACAT-1	PAX5	4
M	GTCCATCAGCTTTCCC-1	SFTPC	1
M	ATGCATGTCAGCACGC-1	ITK	1
M	GCGAGTCAGTAGACCG-1	TXK	3
M	TTACCCGAGATCCGAG-1	CD8A	4
M	CATGCCTCACCCTTTG-1	CD8A	1
M	AGTGTACGTCATCGTA-1	SKAP1	1
M	GCCCGAAGTTCCATCC-1	SKAP1	1
M	TTACCGCAGGCAATTA-1	VWF	3
M	TCAAGGTCATTGAACC-1	PRF1	2
M	AGCTATGTCCATGACA-1	EBF1	7
M	AGCCTCTAGGAAGAAC-1	ITK	1
M	TTACGGACAGGGCTTC-1	CD14	2
M	TACTGCCCAGTAAGCG-1	TXK	2
M	CAGCTGGGTCGCTAGC-1	CD28	1
M	GTTATTCTCCTCCCAA-1	CD8A	7
M	CGGTGCACAAGTTCGT-1	SKAP1	4
M	ACGTGGCAGACCATAA-1	SKAP1	5
M	AACCAACCATTAACGC-1	CD5	1
M	ACATGGTGTTTGACCA-1	CD6	1
M	TTTGGCCCACAGTTAC-1	MRC1	1
M	ATCGAGTCAACGGACA-1	CD160	1
M	GCCCAGAGTTTCGACA-1	EBF1	2
M	AAATGCCAGGCGTCCT-1	ITK	1
M	GAGGTCCCATGGTAAA-1	ITK	1
M	ACCGGGTAGACTAGCG-1	BANK1	2
M	TAGCCGGAGACTTGAA-1	ZBTB46	1
M	GCTCCTAAGAGTAAGG-1	GNLY	2
M	AACGAGGAGCAACGGT-1	NCR1	1
M	TGAGTCATCCATATCT-1	IRF8	4
M	TAACAGCAGGGTCCCT-1	CD3D	1
M	TGCGTAATCTAGCTGA-1	NCAM1	1
M	TATGTTCCAATTAGGA-1	MRC1	2
M	CCTTGGTTCAGTGGTT-1	SH2D1B	1
M	TTCGCGTTCTTCCGTG-1	CD160	2
M	GAGACTTCACTTTGGA-1	BANK1	2
M	GGATAGGAGAAATTCG-1	TXK	4
M	TGGTCCTAGTGAGCAC-1	SKAP1	4
M	GCATTGAGTGGACAGT-1	KLRD1	3
M	TGCTATTGTCCTCAGG-1	KLRF1	2
M	CCGTACTTCTTAATCC-1	KLRF1	3
M	ATCCTCGTCTAGCTGA-1	CD3G	1
M	GCCTACTCAGATAAGT-1	NCAM1	1
M	TACCTATAGACAGCTG-1	EOMES	1
M	AATGGAACAAAGACGC-1	KLRD1	9
M	GGTGCTGAGGCAGATC-1	KLRD1	2
M	GTGTGATCAGTAACTC-1	NCAM1	2
M	CATTCATGTATGGATA-1	CD79A	4
M	ACCTGCTTCGTAGCGC-1	CD79A	1
M	GTTATGGGTAAACGTA-1	PECAM1	6
M	CCCTGATTCTCTGACC-1	CLEC9A	1
M	TCGTTCGGTTTGCGAT-1	CD6	2
M	CAACGTAGTACCCATA-1	EBF1	1
M	CTTAATCGTCCCGAGT-1	ITK	1
M	AGATAGAGTTGCTTGA-1	ITK	3
M	TTAGGTGTCGCGATGC-1	VCAN	1
M	AAGGTTCCAAATTCCG-1	BANK1	1
M	CCTTGGTTCGGTTCCT-1	ZBTB46	1
M	TGGCAATCATACTGCA-1	CD79B	1
M	TAGGAGGTCTGAGTAC-1	FLT3	1
M	CCTTAATTCTAGCAAC-1	KRT18	2
M	TCAGGTAAGCTGCCAC-1	KLRD1	3
M	GTCACAAGTAGTCTGT-1	KLRF1	1
M	ACGGATTTCGATAGGG-1	PRF1	1
M	GCTCAGGGTAACTGAA-1	SH2D1B	1
M	TGTAGCAAGTCCCGCA-1	EOMES	1
M	ACTATTCGTAGGTAAT-1	MARCO	2
M	TTCATCAAGAGCCACA-1	NKG7	4
M	ACGTTAGGTAGCGAGT-1	ITGAM	1
M	ACCATCCTCTGGCCAG-1	KRT8	1
M	ATCCTCGCACACTAGT-1	KLRD1	2
M	CAGTGTATCAAGAGAT-1	TXK	2
M	CGCTATCGTCATAGCT-1	MARCO	1
M	GCATTGAAGTGCAACG-1	CD8A	1
M	CTTCCAGAGCGTGTTT-1	COL1A1	1
M	CGATGATTCCTCAAGA-1	KRT8	1
M	GGTGTCGAGGGTTCTT-1	VWF	1
M	GCGAGTCGTTTAAGGA-1	PRF1	1
M	GATTAGCAGAGTTTGA-1	CSF1R	1
M	CCCTAGTAGAGCTACG-1	BANK1	6
M	CCGAAGCAGTTCGACT-1	EOMES	2
M	AACATCGAGGAAGAAC-1	VCAN	1
M	CCCTCTCCAAGGTTCT-1	ZBTB46	1
M	GTCGTAATCAAGGCCC-1	CD79A	1
M	TACTAGGCACTGCTTC-1	SH2D1B	2
M	GTAGGAGGTATCAGCT-1	THEMIS	3
M	GGGTGTCTCAGGCCGT-1	VCAN	1
M	CCCGTTACAACAACTC-1	BANK1	3
M	TGAGCCGTCCAAGTCA-1	TXK	2
M	ACTTTCATCTCCAACC-1	CD28	3
M	AGTGCGCTCATAGGTC-1	EPCAM	1
M	GCGTAGCAGAAGCCGT-1	KIR2DL4	2
M	CCGTGAGAGGTCTTGT-1	PECAM1	1
M	TATCGAGCAATTCTCT-1	SKAP1	1
M	CCTTAATGTTTAGGAA-1	KLRF1	2
M	CATTCCGGTACGGAGT-1	CD5	1
M	GACCGACGTATGCTAC-1	CD6	1
M	GCCAGACGTGGTACTT-1	MS4A1	1
M	ATTACTCCACTTGCGG-1	PRF1	4
M	CCCTAGTAGAGCTACG-1	PAX5	1
M	CGTAAACGTTCCGGCA-1	IL7R	1
M	AACAAAGTCGCCTTAC-1	ITGAM	1
M	GGTAGGACATTAGCAC-1	CD160	1
M	GGAGGATTCTAGCAAC-1	LCK	2
M	TTGCACCCATCCGTAA-1	EBF1	1
M	AGGCGTCTCTCCTTGG-1	BANK1	1
M	GGATGAGCAGTAACGG-1	ZBTB46	1
M	CAAAGCTCACGCCGAT-1	CD8A	1
M	GAATCTGTCTAGCAAC-1	NCR1	1
M	GGATGAGAGGTGTTGG-1	ITGAM	1
M	GTTGGGCCAACTCGTA-1	KLRD1	2
M	TGAATCGCATTACACG-1	CD3D	1
M	TCGGGACCAATGGTAA-1	SPI1	1
M	GGGTGTCGTTTCAGCA-1	THEMIS	2
M	CAACCAAGTCAGAAGC-1	EBF1	1
M	TTCTAACTCCCATAGA-1	IL7R	1
M	AAACGAAAGTTCGTTG-1	EOMES	2
M	TTACCCGAGATCGAGC-1	GNLY	1
M	GAGGATGTCTCATCCG-1	CD79B	1
M	ACTTCCGTCGTGCTTC-1	IRF8	1
M	ACAAGCTTCCTGAAAC-1	ITGAM	1
M	AAGGAGCAGATCACCT-1	NKX2-1	1
M	CATTGGAGTTCCCAAA-1	DCN	1
M	CACGTTCGTTATCGAC-1	KLRF1	1
M	GACCCAGGTGCACATT-1	NCAM1	2
M	TACCTATAGACAGCTG-1	PRF1	1
M	TCAGGTATCACCCTTG-1	LCK	4
M	ACAAACCGTAACCATC-1	ITK	1
M	CGTAAACGTTCCGGCA-1	EOMES	3
M	CCACAGGTCAAATGGA-1	ZBTB46	1
M	ACGGATTCAGGAGCAT-1	CD28	1
M	CAACGTAGTATATGGA-1	SKAP1	1
M	TACTCGCCAACATAAG-1	KRT8	1
M	GTGATCAGTGTCTACA-1	VWF	1
M	CCCTCTCTCTATCTAC-1	TXK	2
M	CTACTTAGTTCTACCC-1	EOMES	2
M	GCCCAGAGTCCCTAAA-1	EOMES	1
M	TCTCAGCAGCTTCAAC-1	CD28	1
M	TACAGCACACTAGGAG-1	FLT3	1
M	ATTACTCCACTTGCGG-1	NCAM1	2
M	GAGGCTCAGAACGTCG-1	PRF1	2
M	ACGGATTAGGATTAAC-1	ITK	1
M	GACCGACGTATGCTAC-1	BANK1	4
M	CACTAAGAGCTCCGGT-1	EOMES	1
M	TCACAGACAAGGTCGA-1	ZBTB46	1
M	TCAGGTATCACCCTTG-1	IRF8	1
M	CCTTGGTTCAGTGGTT-1	DCN	1
M	TACTCGCTCACTCGGG-1	KLRD1	3
M	GTCCATCAGCTTTCCC-1	EBF1	10
M	TGGTCAACAATGGTAA-1	CSF1R	3
M	AGCCGCACAACAACTC-1	ZBTB46	1
M	TGATGCAAGACCAATA-1	CD8A	1
M	ACTGCGGCAGGCACAA-1	GNLY	1
M	GGTCATAGTATTCGAC-1	CD79A	1
M	TTGTTGTCAAGCGACA-1	SKAP1	1
M	AAAGGATAGGATGTCG-1	SKAP1	1
M	CGTACAACAATCAGGG-1	CD68	1
M	CCTTGGTTCGGTTCCT-1	CDH1	2
M	CGAGTTATCATCGCCT-1	LUM	1
M	GTGTGATCAGTAACTC-1	KLRF1	1
M	CTGTTCGAGTAATCAG-1	SH2D1B	1
M	CATAACGGTGAGTTGG-1	SFTPC	1
M	ACCATCCAGATGTTCC-1	ITK	4
M	TTACGGACAGGGCTTC-1	ITK	2
M	TAAACCGGTGTGCTTA-1	EOMES	1
M	TCAGTCCTCTTCCGTG-1	ZBTB46	2
M	GCAGATTGTCTGTGTA-1	KLRD1	16
M	TGGTCCTAGTGTCACT-1	KLRD1	10
M	TGATGCACAAAGCTGG-1	VWF	2
M	CTCTCAGGTAGTACAA-1	NCAM1	1
M	CCGAAGCAGACCCTAT-1	LCK	3
M	CCTGGGACAACTAGAA-1	EOMES	1
M	GACCAATAGACAACGC-1	CDH1	4
M	CACAACACATCGACCG-1	KLRF1	1
M	TACTCGCGTCACCCGA-1	NCAM1	1
M	ACCATCCAGATGTTCC-1	CD6	3
M	GGATAGGCAAAGCTGG-1	CD6	2
M	ATGTACGAGCTAGTTC-1	LCK	1
M	CAACCAATCGAGGTCC-1	THEMIS	3
M	CCCTGATAGATACCAA-1	TXK	1
M	ACAGAAATCTACTTTG-1	TXK	2
M	ACATGCAGTATTTGCG-1	NKG7	1
M	TGCGTAATCTAGCTGA-1	COL1A1	1
M	ACCCAAAAGGTCTTGT-1	ITGAM	1
M	GTTATTCCAGGCAAGT-1	FLT3	1
M	TAGCATGTCCACCTAC-1	KLRD1	4
M	TACCTATGTATATGGA-1	KLRD1	6
M	CGCAATATCCCACTTG-1	NCAM1	2
M	ACAGCGCTCCTTCGAC-1	MRC1	1
M	CTTCTAAGTACGGAGT-1	PAX5	1
M	ATTACCTTCTACATCT-1	THEMIS	2
M	CCGTAGGAGCTCGTTA-1	BANK1	6
M	CGTAAACGTTCCGGCA-1	GNLY	1
M	TAAGTGCAGCTTACCA-1	NKG7	1
M	AGACAAAAGTGAAGGA-1	SKAP1	3
M	CAAGAAACAGGGAGTT-1	IRF8	1
M	CTCGCTAAGAACGTCG-1	NCAM1	2
M	TACTCGCCAACATAAG-1	NCAM1	1
M	ATTTGTCAGCGTTAGG-1	IL7R	2
M	AACCTTTAGCGTCTGC-1	BANK1	6
M	CTTCTAATCGGGATCC-1	BANK1	3
M	GTGTCCTTCATTGCCC-1	CD8A	4
M	TCAGGTAAGCTTACCA-1	KLRF1	1
M	CCTAAAGGTCACCCGA-1	KLRF1	2
M	GTCACTCTCAGTCACA-1	NCAM1	1
M	CGGTGCAAGTACAACA-1	CD160	1
M	GTTACGACACTAGCCG-1	PAX5	1
M	GTGGATTGTTCCCTTG-1	VCAN	2
M	TAGACTGGTTCAGAAA-1	TXK	2
M	TTAGCGAAGTAGCAAT-1	EOMES	1
M	CGATGATTCCTCAAGA-1	EOMES	3
M	GGAATCTAGTCTGTGT-1	CD79B	1
M	TATCGAGGTATTCTTC-1	KLRF1	1
M	GCTTAAGGTTACACTG-1	NCAM1	6
M	AGCCGCACATATTGGC-1	NCAM1	3
M	GAGGCTCAGAACGTCG-1	SFTPC	1
M	AACATCGAGACCATAA-1	THEMIS	14
M	AGCCTTCTCTCCTTAA-1	EBF1	5
M	TAAGTGCAGCTTACCA-1	ITK	3
M	TTAGGTGCAGGAGCAT-1	NCR1	2
M	GAACCTAAGGTTCGTT-1	FLT3	1
M	ACATGCATCTACATCT-1	VWF	2
M	ACGTGGCTCGAAGCCC-1	NCAM1	1
M	TGCTATTGTCCTCAGG-1	SH2D1B	1
M	ACCTGCTTCTCTGACC-1	SFTPC	1
M	CTCTACGAGTCTCCAA-1	NKG7	1
M	TACTGCCGTCTGATTG-1	PECAM1	1
M	TAGGTGTTCCTGTAGA-1	PECAM1	3
M	CCCTAGTTCTACATCT-1	PECAM1	1
M	GGGACCTCAAGTCTGT-1	LYZ	1
M	AATGCCAGTAGGTGAC-1	KLRD1	1
M	TCTAGTTAGCTACGCC-1	CD5	1
M	CCGTACTGTGCCGGTT-1	SH2D1B	1
M	AACATCGAGGAAGAAC-1	LCK	1
M	CTCTACGAGTCTCCAA-1	EBF1	1
M	TCTATTGGTGGACAGT-1	ITK	14
M	GGTCATATCGCTTCAC-1	TXK	1
M	ACTATTCAGTCCCGCA-1	GNLY	1
M	CTACTTACAAGCCCTG-1	NCAM1	1
M	GACCAATAGCACACCC-1	EBF1	2
M	GCTGTTCAGGAAGGTA-1	NKG7	1
M	GGTTGCGTCCTATCCG-1	CD79A	2
M	TACAGCACATAGCAGG-1	PECAM1	3
M	AATACGCTCAAGTTGC-1	IRF8	1
M	TAGCACAGTCGCGCTA-1	ITGAM	1
M	GCGTTGGTCCGTTTCG-1	DCN	1
M	ACAGGCCGTTTGACCA-1	BANK1	2
M	TCACTCGCACTGAAGG-1	EOMES	1
M	TATGTTCTCTATACCT-1	ZBTB46	3
M	CGCTATCGTAAGCCTT-1	IRF8	1
M	TCAGGTAAGCTCCGGT-1	CD160	1
M	GTGTCCTTCGAACACT-1	EBF1	31
M	GCATTGAAGACTCTTG-1	EBF1	1
M	ACAAGCTGTAACTCCA-1	CD8A	1
M	GTAGGAGGTATCAGCT-1	NKG7	3
M	GGACACCTCTAAACGC-1	ITK	12
M	GCCTACTAGAAGGGCG-1	ITK	2
M	GGGAACACAGTCAGCC-1	PECAM1	3
M	GCCTAGGTCTGGCACG-1	PECAM1	2
M	TGGCAATAGATTAGAC-1	SKAP1	1
M	CAAAGCTGTCATAGAA-1	FLT3	2
M	CTGGCAGCATACCCGG-1	KLRF1	2
M	GCGCATGTCTAAACGC-1	ITK	1
M	GTAGACTAGGAATGGA-1	ITK	3
M	TAGCCCTCATTTGTTC-1	ITK	2
M	CTCAGAAAGTGCAACG-1	BANK1	1
M	GTGGATTAGCTTACCA-1	CD79A	1
M	CAACCAAGTCAGAAGC-1	SKAP1	2
M	GCCTACTGTCGTAGTT-1	IRF8	1
M	CAGTGTATCAAGAGAT-1	PRF1	3
M	TGCATTTGTGGCCTCA-1	MRC1	2
M	ACTACGATCCTGACCT-1	SFTPC	1
M	ACGGATTCATGTGAGG-1	EBF1	3
M	CAATCCCAGGATTTGA-1	ITK	1
M	TGGCCTTGTTTGCATG-1	BANK1	21
M	TACTCGCTCGGGCTCA-1	NCR1	1
M	TTTGGCCAGGAGTACC-1	CD79A	1
M	AAAGGGCTCCGGCTGA-1	LUM	1
M	AACCTTTGTACGCAAG-1	CD5	2
M	ACAAGCTCAAATGCTC-1	EBF1	1
M	ACCAAACGTGAGGTCA-1	BANK1	1
M	GCGGGTTTCGGATCGC-1	TXK	1
M	GCGTTGGAGCTATCGT-1	ZBTB46	1
M	GGATGAGCAAGGAAGA-1	ZBTB46	1
M	CATTCATGTATGGATA-1	PECAM1	4
M	CAACCAACATGGTAAA-1	DCN	1
M	CGTAAACTCGCATAAC-1	NCAM1	3
M	GTCACAAAGTAGGTCG-1	CD5	1
M	TACAGCACATAGCAGG-1	PRF1	2
M	TGCTTTAGTTCCGCGA-1	PRF1	1
M	TCAGGTAGTAAGTGCG-1	PAX5	2
M	TTCGATTAGACCCTAT-1	THEMIS	1
M	ACTATTCCACCGATCG-1	THEMIS	1
M	ATAGGCTGTCAAGACG-1	TXK	4
M	TTGTCTACATCCTGGG-1	NCR1	3
M	CCATACCAGGCTCCTG-1	VWF	3
M	CGTACAAGTTGTATCG-1	VWF	1
M	TACTCGCGTCACCCGA-1	PRF1	1
M	CTGGGACTCCATATCT-1	EBF1	4
M	CTCAACCGTCTGGTTA-1	ITK	1
M	ATTTGTCCACCTGAAT-1	CSF1R	1
M	TCAAGACTCGTTCTAT-1	BANK1	1
M	CTACTTAGTGACGCAA-1	CD28	1
M	AAATGAGGTATCTCAG-1	PECAM1	1
M	TTTGTGTGTTTGTCTT-1	SKAP1	3
M	GAGTGAGCATTCCCGT-1	ZBTB46	1
M	ATCCAGATCCTTGACC-1	NCR1	2
M	GCGGAAATCTACTGCC-1	NKG7	1
M	GCAAAGGTCCAGTACA-1	KLRD1	5
M	GGAGGATCAAGCGTCC-1	NCAM1	2
M	TTAACGGTCATCATGG-1	MRC1	1
M	GAGGTCCGTCAGGTGA-1	PAX5	2
M	TCACTCGCACTGAAGG-1	PAX5	2
M	ACTGTCCAGGTTACAA-1	CD28	1
M	AGCCTGGGTTGAAGCG-1	CD8A	1
M	ACAATCGTCTATGAGC-1	PECAM1	1
M	ATCGAGTCAAGTCTCA-1	PECAM1	1
M	AGCCAGCGTGCACATT-1	ITGAM	1
M	GACCGACTCGCAAGCC-1	KLRD1	1
M	TTCGGTCAGTTCGTTG-1	KLRD1	5
M	TGACAACAGTCGGGAT-1	SH2D1B	1
M	TCAGGTAAGCTCCGGT-1	ITK	9
M	TAGCGGCAGGGTTCTT-1	BANK1	1
M	TGCACCTAGACTCTTG-1	CD28	2
M	TCAGCTCTCTTACTCA-1	MARCO	4
M	CTTAATCAGAAATGGG-1	KIR2DL4	2
M	GAAATGATCAGTCACA-1	IRF8	2
M	GGCGTTGAGAGCCACA-1	CDH1	1
M	GGAGTAGTCCTGGGAC-1	PRF1	5
M	AGACAAAAGTGAAGGA-1	THEMIS	2
M	TTGTTGTCAAGCGACA-1	NCR1	1
M	CTCAGAACATTTGGCA-1	FLT3	1
M	ACCATCCAGAAAGGGT-1	VWF	1
M	CATTCCGCAACGTACT-1	CD3E	5
M	GTCACAAGTAGTCTGT-1	NCAM1	2
M	ACCATCCAGAAAGGGT-1	EBF1	1
M	GCCTAGGGTCGAGGTA-1	CSF1R	1
M	AGTTACGGTTCTTTCA-1	TXK	7
M	ACTGCGGTCCAATCCC-1	NKG7	1
M	CCCGTTACAACAACTC-1	IRF8	1
M	CCGTACTAGGTAGGCT-1	KLRD1	2
M	AGATAGAGTTGCTTGA-1	VWF	1
M	GTGCCAGAGTTAGAGT-1	NCAM1	1
M	GGATAGGAGAAATTCG-1	ITK	4
M	TAATCGGCAATAGCGG-1	ITK	9
M	CTTCTAATCGGGATCC-1	ZBTB46	2
M	TTAGGTGTCGCGATGC-1	CD8A	4
M	TTAACGGTCTTAAGCG-1	GNLY	3
M	GGATGAGTCACCCTTG-1	PECAM1	3
M	CTAGGATCAAGTTGCT-1	ITGAM	1
M	GTACTTTTCCAGAATC-1	DCN	2
M	GCGTTGGTCCGTTTCG-1	KRT8	1
M	ACGTGGCGTTTCGTTT-1	SH2D1B	1
M	TGCTCACTCTTGTGCC-1	EBF1	1
M	CACCACTGTTAGAGAT-1	ITK	3
M	CGCTGGAGTACGTAAA-1	BANK1	5
M	CATTCATCATTTCACT-1	MERTK	1
M	CCTCCCTCATATAGAG-1	NCR1	1
M	GCGCATGTCGCGCCAA-1	SKAP1	1
M	ATCCTCGTCTAGCTGA-1	KRT8	1
M	GAGAACGAGTGAACCG-1	CD3G	1
M	CCCACATGTGCAAGAC-1	EOMES	2
M	ACGTTAGTCACTTACT-1	MERTK	1
M	CCACGTTAGGCACTAG-1	KIR2DL4	3
M	CACAGATCATGATCGT-1	NKG7	1
M	AGATTCGTCCTGAAAC-1	PECAM1	1
M	ACTGCAAAGTCCGGAA-1	CD3G	1
M	GAGGCTCAGCTCCGGT-1	CD160	1
M	ATGTACGCAATGGCTT-1	LCK	2
M	CTGTATTAGTGATTAG-1	LCK	1
M	GAACCGCGTACGGATG-1	ITK	7
M	TGGACATCATCATCGA-1	ITK	1
M	AGCTGTACAAGCTTTG-1	FLT3	1
M	GCCTACTCAGATAAGT-1	CD3D	2
M	TTTGGTTCAGGTCCTG-1	SPI1	1
M	GTCTACCCAGGCACAA-1	SH2D1B	1
M	GATCATGGTATCTCAG-1	EBF1	2
M	TGCATTTCATTACTCT-1	TXK	3
M	GGAACTTGTAACTGAA-1	TXK	4
M	TACGGATTCTTCTCTC-1	BANK1	1
M	TCCCACACACAAACAA-1	TXK	2
M	GATCATGGTATCTCAG-1	EOMES	3
M	TAGGAGGTCAGCCGAC-1	ZBTB46	1
M	TGTTAGGGTCTGGTCG-1	CD8A	2
M	TCACCTGAGTAGTCGG-1	CD79A	2
M	AACATCGAGTACGCGA-1	SKAP1	1
M	TAGTCCCCAAACTACC-1	PRF1	1
M	GGGACCTGTATTCTTC-1	CD160	2
M	TAGTCCCCAATTCGTG-1	IL7R	1
M	ACCTGCTTCGTAGCGC-1	BANK1	2
M	GAGGTCCGTCAGGTGA-1	NCR1	1
M	TACAGCATCGCCTTAC-1	COL1A1	1
M	GCCAGCAGTAACGTAA-1	IRF8	1
M	TTCATTGTCGGTTGTA-1	PRF1	3
M	CCAGAATGTGCAAAGC-1	PRF1	3
M	GTGTGATTCCCACTTG-1	ITK	1
M	GTTACGAGTGCGTCCA-1	CD8A	1
M	ACAATCGCAACGTAGG-1	CD79A	2
M	CTCATGCCACTGTCAA-1	ITGAM	1
M	GAAGTGGAGGCTAAAT-1	KLRC1	1
M	CCAGATACAATGGCTT-1	KLRD1	2
M	CAGTGTATCTCGCGTT-1	NCAM1	5
M	TCAGGTAAGCTTACCA-1	NCAM1	2
M	AAATGAGAGTGCTGAG-1	CD6	1
M	TTCATTGGTACCCACG-1	EBF1	7
M	GGAACTTCAGATTAAG-1	VWF	1
M	GGGACCTAGTTGGAAT-1	CD14	1
M	TCAGGTAGTGCGCTCA-1	CD79A	1
M	CAAGGCCAGACTAGGC-1	FLT3	1
M	GTGGATTAGCTTACCA-1	KRT8	1
M	AACCGATGTGCGTTTA-1	KRT8	1
M	CCCTAACGTCAAATCC-1	KRT8	1
M	GGATGAGCAGTAACGG-1	KLRD1	11
M	TCTCAGCGTGGACGAT-1	KLRD1	2
M	ATTACTCGTGGACTGA-1	CD6	1
M	GCAGATTTCTTTCGAT-1	MRC1	1
M	CACAGATAGGGTCTGA-1	PAX5	1
M	TTAGGTGGTCCGAGCT-1	ITK	6
M	ATGGATCAGGCTGGAT-1	TXK	7
M	TTAGCGACACGATTAC-1	CD28	1
M	TGCTTTATCTTCCGTG-1	PECAM1	1
M	TGTGACAAGTTGAATG-1	KLRD1	1
M	TTAACGGGTTCCCGGA-1	VWF	2
M	CAACGTACAGAGTCGA-1	CD6	1
M	CATGCCTGTTCAGTTG-1	MRC1	1
M	ACTTTCACATTCCCGT-1	MRC1	1
M	GAACCTAAGGTTCGTT-1	LCK	1
M	CATTCCGCAACGTACT-1	PAX5	3
M	AACTGGTAGCACCATT-1	EBF1	2
M	ACAAAGAAGGGTAGTC-1	ITK	2
M	CAACGTATCCAGTTAG-1	ITK	1
M	TCACCACGTAGTTTGC-1	BANK1	1
M	CCGTAGGTCACTAGCA-1	TXK	2
M	TTGAGCACAACGTACT-1	GNLY	2
M	AAAGATGGTTCCTATT-1	CD79A	2
M	GAGGCTCGTCAGAAGC-1	ITGAM	1
M	CTGTATTGTTCAGTTG-1	KLRD1	1
M	TGCTTTATCTCGCGGA-1	CD3D	1
M	CACAGATGTCAACAGG-1	LCK	2
M	TTTGGTTTCGTCAACA-1	ITK	2
M	TAGCATGCATTAGCCA-1	BANK1	3
M	AACCAACCAATGGTAA-1	DCN	3
M	ACATGGTCAACACGGA-1	ITK	5
M	CTTTGCGGTCATAGAA-1	EOMES	1
M	CCAGAATCAGGAGCAT-1	CD8A	1
M	AGCTGTACAAGCTTTG-1	CD79B	1
M	TACGGATCACCAAGGA-1	KLRD1	6
M	GCATTGAAGGGAGATA-1	CD3G	1
M	GCGTAGCAGAAGCCGT-1	SH2D1B	1
M	CCACAGGTCAAATGGA-1	EOMES	2
M	GAGACTTGTGTTAGAA-1	ZBTB46	3
M	GAGGATGAGGCCTCGT-1	SKAP1	6
M	CACAGATGTCAACAGG-1	DCN	1
M	TGGCGCACACCCTTTG-1	NCR1	3
M	GGAGTAGTCCTGGGAC-1	PECAM1	1
M	GCGTAGCAGAAGCCGT-1	SKAP1	4
M	CTGAATGTCGGAAAGC-1	IRF8	4
M	CATTCATAGAAAGCAG-1	KRT8	1
M	ATGTCGAAGAGCCACA-1	KLRF1	4
M	CCTAAAGAGTAATCAG-1	CD6	1
M	CACAACACATCGACCG-1	KIR2DL4	3
M	GAAAGTAGTAAACGGC-1	CD79B	1
M	CACTAAGAGCTCCGGT-1	SKAP1	5
M	CTGCGTTGTGCGCTCA-1	SKAP1	5
M	ATGTACGCAATGGCTT-1	KLRD1	14
M	TTCGATTGTAATGTAG-1	KLRF1	1
M	GACCAATGTCATCGTA-1	VWF	1
M	CCTGGGACAACTAGAA-1	PRF1	1
M	CGCACAGCAGACCTGC-1	SH2D1B	1
M	TTCAACTGTTCTACGA-1	ITK	2
M	GCCAGACGTGGTACTT-1	ITK	2
M	AATGGAAAGAGGTCCA-1	ITK	1
M	GTGTGATCAGTAACTC-1	BANK1	1
M	GCCATAACAGCGTCGT-1	EOMES	3
M	GGTGCTGTCGCCACTT-1	COL1A1	3
M	GGAACTTCAGATTAAG-1	NCAM1	3
M	AAACGAAGTACGACCC-1	PAX5	1
M	TTGTTCAGTGTCTACA-1	PAX5	1
M	ACAATCGCAACGTAGG-1	BANK1	3
M	GTGCACGAGACGACTG-1	EOMES	4
M	AACCAACGTAACGGAC-1	ZBTB46	2
M	GAACCTAAGGTTCGTT-1	ZBTB46	1
M	TTGTTCAGTTCCGCGA-1	CD28	1
M	GGAATCTAGAACAGGA-1	PECAM1	1
M	TTGCACCCAGGGTAAC-1	CDH1	1
M	TAACGGTTCGTCTTAT-1	ITGAM	2
M	CATGCCTCACCCTTTG-1	KLRF1	2
M	ATGTACGGTCATAGCT-1	NCAM1	3
M	CTTGAAGTCTCGCGTT-1	ITK	2
M	TGTGTCCTCGTCCCAT-1	CD14	1
M	GTTATGGTCCTCTCTT-1	VCAN	4
M	AGATTCGAGTGCACAG-1	BANK1	2
M	GTGTCAATCTCTTCTC-1	BANK1	6
M	AGCCTCTAGAGGTACC-1	NKG7	2
M	TCGCAGGCAACGGGTA-1	CD79A	1
M	TGCGTAAAGTCAGGAC-1	CD79B	1
M	GCATTGAGTGGACAGT-1	CD5	3
M	ATCCTGCCAAATTCCG-1	MS4A1	1
M	GCGGAAATCTACTGCC-1	ITK	9
M	ATATTCCGTTTGCCCT-1	VCAN	3
M	TAGGAGGTCTGAGTAC-1	TXK	4
M	ATTGTGGCATCCATAG-1	NCR1	2
M	CTTTGCGGTCATAGAA-1	KIR2DL4	2
M	GATCGTACAGGCAAGT-1	NCAM1	1
M	CTAGGATCAAGATGCG-1	LCK	1
M	TATCTGTTCTGGGCGT-1	LCK	1
M	ACATGGTAGTCAGCCC-1	BANK1	3
M	CCCGTTACAACAACTC-1	MERTK	2
M	GAGGATGTCTCATCCG-1	NCR1	2
M	CGTACAAGTTGTATCG-1	CD79B	1
M	GTAGGAGGTCCGTGCA-1	COL1A1	1
M	TTCAACTTCAGTCAAC-1	COL1A1	1
M	GGTTGCGTCCTATCCG-1	KRT8	1
M	AACTTGGTCGTCCCTA-1	VWF	7
M	GAGGATGCAGGCAAGT-1	LCK	1
M	TCACAAGGTCTGCACG-1	EBF1	1
M	ACAATCGCAACGTAGG-1	TXK	1
M	AGCCTTCAGAGCTACG-1	CD8A	2
M	GTGGATTAGTAGTCGG-1	NCR1	2
M	AACGAGGCACATTGCA-1	KLRC1	1
M	GGGTGTCAGGGTAGTC-1	CD6	2
M	GTCCATCAGCTTTCCC-1	MS4A1	1
M	CCACGTTAGGCACTAG-1	SH2D1B	6
M	GGGACCTAGTTGGAAT-1	ITK	5
M	GGAGGATTCTTGCGCT-1	TXK	1
M	CGTTCCATCGATAGCT-1	CD4	1
M	TGGTCCTGTAAACGAT-1	CD6	2
M	AGATAGAGTTGCTTGA-1	CD6	2
M	GACCCAGTCTCTTCTC-1	PRF1	2
M	AGCCTGGTCGCATACA-1	PRF1	3
M	CGGACCAGTCACAGTT-1	EBF1	1
M	GTCACGGTCTCCACTG-1	TXK	1
M	ACCAAACTCAGGGTTT-1	CD28	1
M	ACATGCAGTATTTGCG-1	MARCO	1
M	GCCTACTAGAAGGGCG-1	MERTK	1
M	CTTGCTGTCTGTGTGA-1	GNLY	3
M	GTGGATTCACGCTGTG-1	CD79A	3
M	TGACAACAGTGTCCCG-1	KLRF1	1
M	GGTCATAGTATTCGAC-1	LCK	1
M	GATTAGCGTTGCAGAG-1	THEMIS	2
M	TAGTCCCCACAGTAGG-1	EOMES	2
M	CCTGGGACAATGTAAG-1	EOMES	1
M	ACTACGAGTGAGAGTC-1	NKG7	2
M	CCTTAATGTTGAAGCG-1	MRC1	1
M	ACGTTAGAGGTAAGCC-1	EBF1	3
M	ACCCAAAGTTAGAGAT-1	ITK	2
M	GTCCATCAGCTTTCCC-1	MARCO	1
M	TACCTATAGACAGCTG-1	NKG7	1
M	CTCTCGAAGACCATAA-1	SKAP1	1
M	GTTGGGCAGGCTCCTG-1	IRF8	1
M	GCAGATTTCCGCGATG-1	THEMIS	1
M	AAGATAGAGCCAGAAC-1	CD28	3
M	ATCCTCGGTTTCTACT-1	MERTK	1
M	TGACAACAGTCGGGAT-1	MERTK	1
M	TTTGGTTCAGGTCCTG-1	IRF8	1
M	TCAGGTACATTGCACA-1	NCAM1	5
M	CCTGCTACAAGCAATA-1	PRF1	2
M	CGGACCAGTCACAGTT-1	THEMIS	3
M	ACCATCCTCTGGCCAG-1	KLRD1	2
M	TGAATCGAGAGCGGTT-1	PRF1	1
M	ATGTCTTGTTGGTAAA-1	LCK	2
M	ATCCTCGTCCGTTAGA-1	TXK	3
M	TGATTTCCATTGTTCT-1	NKG7	1
M	GCAGATTTCCGCGATG-1	CD79A	2
M	CTCAGCTGTCCAACCG-1	DCN	1
M	GGTGCTGCACAAACAA-1	KLRF1	1
M	CACAACACAACGTAGG-1	VWF	2
M	GCAGATTGTCTGTGTA-1	NCAM1	4
M	AACCAACCACCCTTTG-1	THEMIS	7
M	TGACAACTCTCATATC-1	ITK	2
M	AGGACGACAGCGCGTT-1	VWF	1
M	GCATTCCCAAAGGAAG-1	CD3G	1
M	GTAGGAGGTATCAGCT-1	CD3E	3
M	AGCCCGAAGGTTCTCA-1	SH2D1B	2
M	TAACTTCCATTAGCAC-1	BANK1	6
M	GCATTGAAGACTCTTG-1	MERTK	1
M	AGTGCCGAGTCGACCC-1	CD79A	2
M	GACTAGTTCAAATGGA-1	SKAP1	1
M	AAATGAGAGTGCTGAG-1	KRT8	1
M	CCCTGATCAACACGGA-1	KLRF1	1
M	TTGCACCCATCCGTAA-1	CD160	1
M	TGCATGACAAGGATGC-1	ITK	2
M	GCTCAGGAGTTCCAGT-1	BANK1	4
M	GCGCATGTCGCGCCAA-1	TXK	3
M	CAGCTGGCATTGTGAC-1	PECAM1	2
M	ATCCAGAGTTTCGTTT-1	ITGAM	1
M	CAGTGTAGTCAACAGG-1	KLRD1	5
M	GAAGAGCGTACAAGCG-1	LCK	2
M	GTTACGATCAGATACC-1	VCAN	1
M	TCGAGCGCAGTAACTC-1	BANK1	2
M	TCGATTTTCTGACATG-1	TXK	5
M	TCAATTCTCTTTATCG-1	GNLY	1
M	GCATGATAGACTAATG-1	KIR2DL4	1
M	ACGTTAGTCTATATCC-1	CD79A	1
M	ACAAGCTGTAACTCCA-1	COL1A1	1
M	GTTATGGTCCTCTCTT-1	KLRD1	2
M	AGCTGTACAAGCTTTG-1	VWF	3
M	TTTACGTCAACGTCGC-1	PRF1	1
M	TCAAGCAAGACCTATC-1	THEMIS	2
M	TGTACAGCAGCTATAC-1	CSF1R	2
M	TTCTGTACACTCCCAT-1	CSF1R	1
M	AACTTGGTCGTCCCTA-1	IL7R	2
M	TCAGTCCAGGGAAGCG-1	BANK1	1
M	CCGTGAGCAAACAGTA-1	CD68	1
M	CGCAATAAGTGCCCTG-1	SH2D1B	2
M	TGCACCTTCGATTACG-1	LCK	1
M	CCTCCCTCACGCGTTG-1	ITK	1
M	TCAAGCAGTACTTCAG-1	LCK	2
M	GCGCATGGTGAGAGTC-1	ITK	1
M	GTCACGGTCTTAGTGG-1	ZBTB46	1
M	TTCATCAAGAGCCACA-1	NCR1	4
M	GGAACCCGTATCTAGC-1	SKAP1	2
M	GTTATTCAGAGTTCGG-1	KRT8	2
M	TGGGTTAGTACGACCC-1	EBF1	2
M	AATGCCAAGGGACGTT-1	BANK1	4
M	TTGTTCAAGTTCAGGG-1	GNLY	1
M	ACAGGCCTCATTCTCA-1	SKAP1	1
M	GCGATTATCTCCCTTT-1	KLRC1	1
M	AAGATAGAGCCAGAAC-1	CD3E	1
M	GAGCGCTTCTGAAAGA-1	CD6	2
M	CGCTGGATCACTCCCA-1	MRC1	1
M	GATTAGCCAATTCAGC-1	LCK	1
M	TTGCACCCATCCGTAA-1	NKG7	1
M	CTGGGACCAACAAACA-1	ITGAM	1
M	ATTTGTCCAAAGGCCA-1	MRC1	5
M	ACTACCCCAAGTAACA-1	ITK	3
M	AACGTACTCTTCTTCC-1	ITK	5
M	GTCACCTAGTAACTCC-1	KIR2DL4	1
M	GTTCAAGGTTTAGGAA-1	DCN	1
M	ACAGCGCCAGTCAGCC-1	VWF	1
M	TCACCACGTAGTTTGC-1	PRF1	1
M	TCACAAGAGTAGCAAT-1	PRF1	2
M	TAAGTGCGTGCAACAG-1	MRC1	2
M	TCAGTCCTCAGTCACA-1	CSF1R	1
M	ACAAACCGTAACCATC-1	BANK1	1
M	AAACGAAGTACTTCAG-1	CD8A	1
M	CGCTATCGTCATCGTA-1	CD8A	1
M	GTGGATTGTTCCCTTG-1	GNLY	1
M	CCAATGATCTTCTTCC-1	NKG7	1
M	ATTGTCTGTCTAACCA-1	FLT3	1
M	TAAGTGCCACAGTTAC-1	VWF	3
M	TACTAGGGTTCTGATG-1	VWF	1
M	GGCATTAAGTAGTGTA-1	NCAM1	1
M	TCTATTGTCTCTCAAT-1	CD6	1
M	GTCCATCAGTCCCGCA-1	BANK1	1
M	CTAGGGCTCGAACCGC-1	ZBTB46	1
M	GGGACCTAGTTGGAAT-1	KLRD1	1
M	TTGCGGGCATGGAGGT-1	LCK	2
M	CGCGCAACACAATAAG-1	ITK	3
M	TGCCTGTTCACACGTA-1	GNLY	1
M	TGCATTTCATTACTCT-1	NKG7	1
M	GATCGTAGTCCACCAG-1	CD79A	1
M	AGGCCTGAGTCAGGAC-1	PAX5	1
M	GGCGTTGCATCAGAAA-1	TXK	2
M	GAGAACGAGTGAACCG-1	TXK	2
M	ATTGTGGCATCCATAG-1	MERTK	2
M	ACATGCAAGTAGACCG-1	SKAP1	1
M	TGCCTGTAGGTCTTTG-1	CD68	1
M	TCGCCTACATCGGCTG-1	CDH1	1
M	GTCACAACATTCACCC-1	EBF1	1
M	GCCAGCATCCCGCAAG-1	EBF1	1
M	CCATACCCAATCACTG-1	ITK	4
M	GGATGAGCAGTAACGG-1	PECAM1	4
M	AACAAAGAGAGCCACA-1	CD4	1
M	TGTAAGCGTCCGTGCA-1	MRC1	1
M	GGAACTTTCGGAAAGC-1	SH2D1B	2
M	CGTACAAAGGACTTTC-1	THEMIS	1
M	GTCACGGTCTCCCTTT-1	THEMIS	1
M	GGTAGGATCCTGACCT-1	CD8A	2
M	GAACCGCGTACGGATG-1	NCR1	2
M	TCAATTCAGTGCACAG-1	SKAP1	3
M	CCCGTTACAACAACTC-1	PRF1	5
M	TGGACATCATCATCGA-1	SH2D1B	2
M	CGTACAACATCCGTAA-1	THEMIS	3
M	TACATTCTCGCTTCAC-1	TXK	1
M	GTCTACCCAGGCACAA-1	IRF8	1
M	TTAACGGCAGTTACAC-1	SPI1	1
M	GAATCTGCACACATTG-1	MRC1	1
M	CCTGCTACAAATGTCC-1	CD14	1
M	GCTTAAGGTTACACTG-1	CD28	6
M	ATTACCTAGATCCGAG-1	MARCO	1
M	TGCCTGTAGGCTTCGC-1	NKG7	1
M	GCATTGAGTGGACAGT-1	KLRF1	1
M	AGCTGTACAAGCTTTG-1	CD4	4
M	TCGGGACCAATGGTAA-1	ITK	5
M	TAGGTGTTCCGTACGG-1	ITK	2
M	GGGACCTTCAGGAATA-1	VCAN	1
M	GAACGTTTCTATACCT-1	BANK1	1
M	CACATGATCAAGGCAG-1	BANK1	2
M	GCTTGCTAGAACAGGA-1	CD8A	1
M	TTCGGTCCAAGGAAGA-1	NCR1	2
M	AGATTCGTCGTTTGAG-1	NKG7	2
M	CTTCCAGAGCGTGTTT-1	NKG7	2
M	GCCCGAAAGACCATAA-1	CD79A	1
M	TATGTGGCACCGTCTT-1	DCN	1
M	GCCCGAAGTTCCATCC-1	KLRD1	2
M	GCTCACTGTGTGCTTA-1	PRF1	1
M	TGATTTCCAATCATCG-1	MRC1	1
M	TACTAGGGTGGTGGTA-1	SH2D1B	2
M	TATGTGGTCGTTCTAT-1	THEMIS	1
M	GCGTAGCTCACGTGTA-1	IL7R	2
M	GCCATAACAGCGTCGT-1	PECAM1	3
M	AATACGCTCAAGTTGC-1	LUM	1
M	GCTGAGCGTTTGCCAA-1	KLRD1	11
M	GCGGAAATCTCGCGTT-1	NCAM1	3
M	TGGCGCACACCCATCT-1	PAX5	1
M	GACCAATAGTGCTCGC-1	ITK	2
M	GTGATCAAGGAAGGTA-1	VCAN	1
M	AGGCCTGAGTCAGGAC-1	BANK1	3
M	CGCACAGCACTTGCGG-1	MERTK	1
M	GCGGAAATCTCGCGTT-1	CD3E	1
M	CTGGCAGCATGGGACA-1	PRF1	1
M	AGCCGCACAACAACTC-1	SH2D1B	3
M	CTGGCAGCATGGGACA-1	VCAN	1
M	GTGCACGGTAACTCCA-1	BANK1	1
M	CCCAGAGTCCCAGCGA-1	TXK	5
M	TCACCACTCCCGTAGG-1	NKG7	1
M	GCCCAGAGTCCCTAAA-1	KLRD1	2
M	ACAAGCTTCCTGAAAC-1	MRC1	2
M	GGTGCTGAGAACGTCG-1	THEMIS	2
M	TAATTCCGTCACTCTC-1	EOMES	3
M	TTGGTCCAGACCTATC-1	MARCO	4
M	GCTCAGGAGTTCCAGT-1	COL1A1	1
M	TCTATTGTCTCTCAAT-1	CLEC9A	1
M	ATTGTCTTCGCTCGGA-1	CD3E	1
M	ATTACTCGTGGACTGA-1	NCAM1	1
M	AGTGCCGAGTCGACCC-1	CD6	3
M	TGGACATAGCGTATCT-1	SH2D1B	1
M	ATTGTGGCATCCATAG-1	CD160	1
M	GTGCCAGTCGACTGGC-1	BANK1	1
M	TCACAAGCAGCTTACA-1	NKG7	2
M	AGCGTATTCGCTTCAC-1	CD6	1
M	GTGGATTAGGCGTAGT-1	PRF1	3
M	TTATGTCCATTCCCGT-1	ITK	5
M	AAACTCGCACCGAAAG-1	ITK	4
M	CCTCCCTTCGCCCTTA-1	VCAN	1
M	GAAGTCTCAGTAACGG-1	SKAP1	4
M	CCTGGGAAGGATTTGA-1	DCN	1
M	ATGTCTTAGAGCTGTG-1	CD3E	1
M	TGCCTGTTCGGTCTCT-1	NCAM1	2
M	GCTTAAGGTTACACTG-1	SH2D1B	3
M	GGGTCTGCACTCAAGT-1	SFTPC	1
M	CTTGTCGAGAGAGGTA-1	GNLY	1
M	TTCAACTCAGGTAGCA-1	CD160	1
M	AATGGAACAATTCTCT-1	EBF1	2
M	AAACTCGTCGCATACA-1	EBF1	9
M	GTCACGGCAGTTACAC-1	VCAN	1
M	CCAGAATCAGGAGCAT-1	BANK1	1
M	GAGGCTCAGAACGTCG-1	PECAM1	2
M	CACATGAAGGACTTTC-1	IRF8	2
M	GCATTCCCAAAGGAAG-1	MRC1	1
M	TCACCACCATGATCGT-1	THEMIS	1
M	CTGGGACCACTGTTAG-1	ITK	7
M	CGTTCCAAGGAGTACC-1	CSF1R	1
M	GATTGACGTGTCGTCG-1	MERTK	1
M	AAATGCCGTCATCGTA-1	CD79A	2
M	TAGTCCCCACAGTAGG-1	PECAM1	2
M	CCCTAGTAGAGCTACG-1	IRF8	1
M	GCATTGAAGACTCTTG-1	CLEC9A	1
M	CGGTGCAAGTACAACA-1	NCAM1	1
M	TTAGCTTCATTGTGAC-1	FCN1	1
M	GAACCTAAGGTTCGTT-1	VCAN	1
M	ACTGCAAAGTCCGGAA-1	NKG7	1
M	GAGGTCCGTCAGGTGA-1	ITGAM	1
M	GCAGCTGGTTTCGATG-1	ITGAM	1
M	TCACCTGAGTAGTCGG-1	CD6	2
M	CCCACATGTGCAAGAC-1	CD6	2
M	CAGCCTTAGGCACTAG-1	CD160	2
M	GAATCTGCACACATTG-1	ITK	1
M	TTATGTCCATTACCTT-1	MARCO	2
M	CTCCCAATCACAGGGA-1	NCR1	1
M	TTTGCGCCAAGACTAA-1	KIR2DL4	3
M	CTTCCAGAGACTAGGC-1	NKG7	1
M	GATTAGCGTGGAGTGT-1	NKG7	2
M	GCTGCGAGTCATAAGA-1	IRF8	2
M	GTGGATTAGGCGATTG-1	IRF8	1
M	AGCCGCATCGTGGTAT-1	KLRF1	1
M	TAATTCCGTCACTCTC-1	CD3D	1
M	TGATTTCCAAGGGTAC-1	CD3E	1
M	CTGGGACCACTGTTAG-1	NCAM1	5
M	CCCTCTCGTTGGTAAA-1	IL7R	4
M	CGCTGGAAGATGAGGA-1	CD28	1
M	GTGGATTAGGCGATTG-1	CD8A	1
M	CTTTGCGGTATCACAC-1	GNLY	1
M	CGGTGCAAGTACAACA-1	CD3G	2
M	TATGTTCCAAGCAACG-1	THEMIS	1
M	CCTTGCATCTCTGACC-1	TXK	1
M	CTGAATGTCGGAAAGC-1	TXK	2
M	CGTAAACTCGAGTGTT-1	MERTK	1
M	GCCAGACAGGTCTTGT-1	SKAP1	2
M	ACTGCAAAGTCCGGAA-1	CDH1	1
M	TTCATCAAGAGCCACA-1	VWF	1
M	TCGCAGGGTCAAACAA-1	SH2D1B	1
M	TATGTTCCAATTAGGA-1	LCK	3
M	GCCTAGGTCCATGACA-1	PAX5	2
M	GTTATTCAGCTCGTTA-1	EBF1	19
M	GGGACCTCACAGAAGC-1	IL7R	3
M	TCCCACACACAAACAA-1	KIR2DL4	1
M	GGAACTTTCGGAAAGC-1	SKAP1	3
M	ACTGCGGCAGGCACAA-1	SKAP1	2
M	CGCAATACAGACTAAA-1	IRF8	2
M	TCGGGACGTCCGTAGC-1	ITGAM	1
M	TCAGGGCCATGGCCCA-1	CD4	1
M	ATAGGCTAGTCAGCCC-1	SH2D1B	2
M	CATGTTTTCAGGAATA-1	THEMIS	1
M	TTACGTTCATGGTAAA-1	VCAN	1
M	ACCTGCTTCTCTGACC-1	EOMES	4
M	TTACCGCGTCAACTGT-1	EOMES	1
M	ACAGAAACAACTCAAC-1	EOMES	1
M	AACCGATAGAGAAGCA-1	CD3G	1
M	TTTACGTTCTGGCTAA-1	MRC1	1
M	CATAACGGTGAGTTGG-1	SH2D1B	1
M	GTGACATTCTCGTGAA-1	THEMIS	3
M	CTAACTTCATTCACCC-1	EBF1	1
M	TCTAGTTCATCAGCTA-1	EOMES	2
M	TGGCAATCATACTGCA-1	NKG7	1
M	TGATGCAAGTTCTCCC-1	ITGAM	1
M	GGATGAGCAAGGAAGA-1	KLRF1	1
M	TAACGGTTCGTCTTAT-1	CD5	1
M	TCAGGGCGTGTACGCC-1	LCK	2
M	AGCCTTCGTAAACGTA-1	EBF1	1
M	GCAGCCAAGCTTACCA-1	CD14	1
M	AACTGGTAGCACCATT-1	VCAN	1
M	ACTGCAATCGCACAAT-1	TXK	1
M	TGGACATAGTTCTCCC-1	TXK	1
M	AACATCGAGCCTATAC-1	TXK	1
M	GCTGCGAGTACCAAGG-1	KIR2DL4	1
M	GGTGTCGAGACAACGC-1	CD160	2
M	CAGTATGTCTTACGGA-1	EBF1	1
M	ATGGATCGTTTCGACA-1	CD8A	1
M	GCAGCTGAGATTAGAC-1	CD79A	1
M	CTCAACCCACAGGAAC-1	SKAP1	2
M	TCAAAGCTCGTCAACA-1	SKAP1	1
M	AGTGTACTCTTAACGG-1	ITGAM	1
M	TAGACTGCAATGATGA-1	ITK	1
M	CTTGCTGGTGTTGGTT-1	ITK	3
M	AACGTACCAAACGACG-1	BANK1	2
M	ATAGTCGTCCGTACGG-1	ZBTB46	1
M	CACATGATCGCCACTT-1	SKAP1	1
M	ACTTCCGCAGAATGCG-1	EBF1	1
M	TTACCGCAGGCAATTA-1	BANK1	4
M	TTTGAGGTCGCGCCAA-1	TXK	3
M	ACAAAGAAGGGACGTT-1	CD28	1
M	GGAACCCGTCAGAAAT-1	MERTK	5
M	TTCATCAAGGTCCTCG-1	GNLY	1
M	GTTATTCTCCTCCTGA-1	SKAP1	1
M	ATGTCGAAGAATGCTA-1	MRC1	1
M	TATCGAGAGATGTTGA-1	LCK	2
M	GGTTGCGTCTCTTAAC-1	EBF1	1
M	TGATTTCTCCTCTCTT-1	CSF1R	2
M	GACCAATAGACAACGC-1	CD28	3
M	CATAACGAGCGAATAT-1	CD28	1
M	GATGGCCCATCAGAAA-1	CD8A	3
M	TAAGTGCAGCTTACCA-1	NCR1	1
M	GTGGATTCAGTAACCT-1	PECAM1	1
M	CGCAATACAATGCCAT-1	COL1A1	2
M	TTTGCGCCAAGACTAA-1	KLRF1	1
M	TGCCTGTTCGGTCTCT-1	CD3E	2
M	TTACCCGCACTAGGAG-1	IL7R	2
M	TGTGGCGCAAGGAACC-1	MERTK	2
M	ACTACCCCAAACGACG-1	NCR1	1
M	CAAGAAATCCATATCT-1	VWF	1
M	ACGTTAGAGGTAAGCC-1	CD160	1
M	GACCGACGTGGGTAGT-1	NKG7	1
M	CTCAGAAAGTGCAACG-1	SKAP1	2
M	GGGCCATCAGTAACCT-1	MRC1	2
M	AAATGAGCATCCTGGG-1	THEMIS	1
M	CTACTTAGTACGAGAC-1	TXK	3
M	GAATCTGTCGAGTGTT-1	MERTK	1
M	TGCTATTAGTGCTGAG-1	NKG7	1
M	GCCCAGACAAACTACC-1	KLRF1	4
M	TTAACGGGTTCCCGGA-1	ITK	8
M	GAACCGCAGAAATTCG-1	ITK	5
M	GACCGACGTATGCTAC-1	PECAM1	1
M	CCCTGATAGATACCAA-1	IRF8	3
M	ACTGTCCGTGTCTCGG-1	KRT8	1
M	CGCTGGAAGATGAGGA-1	KLRD1	1
M	AGTCAACTCCGGAAAG-1	CD3D	1
M	AATGTCGTCTCTGCAC-1	EBF1	1
M	TACAGCAGTGTGAGGT-1	CSF1R	1
M	GTAGTACTCCTCAAGA-1	CD79B	1
M	GCTCACTGTGTGCTTA-1	KRT8	1
M	AGCCTTCTCTCCTTAA-1	VWF	1
M	AGTGTACTCTTAACGG-1	NCAM1	5
M	TCAAGACCAGCAACGA-1	LCK	1
M	TTTGTGTCACACATGT-1	EOMES	1
M	GCAGATTTCCGCGATG-1	NCR1	2
M	CCCTAGTAGTTATGAG-1	IRF8	1
M	ACAAGCTTCCGTTAGA-1	KLRD1	3
M	GCGCCAAGTCACCCGA-1	ZBTB46	4
M	AATGTCGAGCGGACTA-1	EPCAM	1
M	CCCAGAGTCCCAGCGA-1	NCR1	1
M	CCTTAATAGGTTAGTA-1	COL1A1	1
M	CACCACTGTTAGAGAT-1	DCN	2
M	ACAATCGCAACGTAGG-1	EBF1	1
M	CTCACCATCCACTAGA-1	CSF1R	1
M	GGTGTCGAGGGTTCTT-1	CD8A	1
M	CTACTTACAAGCCCTG-1	GNLY	2
M	ACATGGTCAACACGGA-1	SKAP1	11
M	AGTCAACTCCGGAAAG-1	SKAP1	6
M	TACGCAAGTCAGAGTG-1	CD6	1
M	ACTGCGGTCCAATCCC-1	PRF1	1
M	TTGGTCCAGTCTGGGA-1	VCAN	2
M	TCAATTCGTAACCGAG-1	BANK1	3
M	TGATTTCTCCTCTCTT-1	CD8A	4
M	TACTAGGCATTACCTT-1	PECAM1	1
M	GCTCGAGCACTTTGGA-1	DCN	2
M	GAGCATTCAGGCATCC-1	KLRD1	1
M	TGCACCTAGACTCTTG-1	MS4A1	1
M	TTATGTCCATTCCCGT-1	LCK	2
M	GGTCATAGTGGCCTTG-1	CSF1R	1
M	TCGATTTAGTTTGGAA-1	TXK	2
M	CTAGGATCAAGTTGCT-1	CD4	1
M	TGCGTAAGTGTCTCGG-1	VCAN	1
M	GTAGACTTCTCTCAAT-1	BANK1	2
M	TTCAACTCAGGTAGCA-1	BANK1	1
M	ATTTGTCGTGATGCTT-1	TXK	1
M	CGTAAACTCTCTTCTC-1	EOMES	1
M	TTGCCCATCTCTGAGA-1	GNLY	1
M	AGCTGATCATCCTCGT-1	LUM	2
M	GTGTCAACAGTAGGCA-1	NCAM1	3
M	ATCCAGAGTTTCGTTT-1	SH2D1B	1
M	GAAACAATCTCAGATG-1	CD160	2
M	ACATGCAAGACTCTTG-1	THEMIS	2
M	TTAGGTGTCGCAAGCC-1	EBF1	2
M	ACATGCAGTCTGTGTA-1	CSF1R	1
M	CCAGAATGTGCAAAGC-1	EPCAM	1
M	TGACTCCGTGGTTCTA-1	CD79A	2
M	TTGTTCAGTCCTTCAC-1	PECAM1	1
M	AGCTGTAGTTATGCAC-1	FLT3	2
M	GGAACTTGTAACTGAA-1	CD3D	1
M	CGCTGGAGTTCCGCGA-1	EBF1	1
M	CAGGATTGTTAACTCG-1	ITK	1
M	ACTTCCGTCAAGGCCC-1	ITK	1
M	TGCACCTAGACTCTTG-1	IL7R	1
M	ACCAAACTCAGGGTTT-1	BANK1	3
M	GTCACTCTCAGTCACA-1	TXK	1
M	GGGACCTAGAGCACTG-1	MERTK	1
M	GCACGCATCCTGACCT-1	CD8A	2
M	TTTGCGCCAGATACAA-1	NKG7	1
M	GCTGAGCAGTCGAGCA-1	CD79B	1
M	GTTGGGCCAACTCGTA-1	CD79B	1
M	TAGACTGCAATGATGA-1	DCN	1
M	GAGCATTTCTAAACGC-1	CD4	1
M	TTTGGTTGTAGACACG-1	VWF	6
M	AATGTCGTCTCTGCAC-1	NCAM1	2
M	TCTCTGGTCTGAACGT-1	CD6	1
M	TTTGAGGTCGCGCCAA-1	GNLY	3
M	TGTGGCGCAAGGAACC-1	CD79A	1
M	CAAGAAACAGGGAGTT-1	CD79A	4
M	CCAATGAGTTAACCGT-1	KLRD1	1
M	GTTACTTAGTGATAAC-1	CD28	2
M	AATACGCAGGTGTCGA-1	NCR1	1
M	GTAGGAGGTATCAGCT-1	PECAM1	2
M	GTCACGGTCTCCACTG-1	MRC1	1
M	TGTACGAGTTTGCATG-1	THEMIS	2
M	GAATCTGTCTAGCAAC-1	ITK	3
M	CTTGCCAGTGTCTACA-1	TXK	4
M	GACCCAGGTTGAATAG-1	CD28	1
M	TTCATTGTCGGTTGTA-1	NCR1	1
M	TTTGGTTGTAGACACG-1	KLRF1	1
M	TCAGGGCCATGGCCCA-1	NCAM1	3
M	TAGTCCCCACAGTAGG-1	PAX5	2
M	TCAATTCTCAGTCAAC-1	THEMIS	3
M	CAGTATGTCTTACGGA-1	THEMIS	2
M	TAGACTGCACTTTGGA-1	EBF1	2
M	TAGTCCCGTTGGCTAT-1	BANK1	2
M	AGCGATTGTGGTAGAC-1	MERTK	1
M	GTAGGAGAGCTCCATA-1	ITGAM	2
M	TAGCATGGTTACTTTC-1	KLRD1	6
M	GGCGTTGAGAGCCACA-1	VWF	1
M	ACAAACCGTAACCATC-1	EBF1	1
M	GGAACCCGTCAGAAAT-1	EBF1	4
M	ACATGGTCAACACGGA-1	GNLY	2
M	AGTGCGCGTGCTGTGC-1	KLRD1	3
M	GCATTGAAGGGAGATA-1	THEMIS	1
M	TCCCACATCGCCTTAC-1	BANK1	4
M	GTTACTTTCTTAACGG-1	GNLY	2
M	GCCATAACATAGATAG-1	NCR1	1
M	ATGTCGATCATAGGTC-1	NCR1	1
M	ACCTGCTTCACTAGGT-1	NCR1	1
M	TTTGTGTGTTTGTCTT-1	KIR2DL4	1
M	AGCCAGCGTGCACATT-1	KIR2DL4	1
M	TATGTTCCAATTAGGA-1	CD4	1
M	GACTAACGTCACCCGA-1	VWF	3
M	ACCTGCTTCTCTGACC-1	LCK	3
M	TAATTCCGTCACTCTC-1	EBF1	3
M	TTTGCGCCAAGACTAA-1	CD8A	1
M	GTCTACCTCCAGAATC-1	CD79A	1
M	ACGTTAGTCTATATCC-1	SKAP1	2
M	GCACGCATCGGCTATA-1	IRF8	3
M	CACATGATCGCCACTT-1	ITGAM	1
M	GGGCCATCAGTAACCT-1	VWF	1
M	GGGTTATCAATTCTCT-1	VWF	1
M	TTAACGGGTTCCCGGA-1	MS4A1	1
M	TATCTGTTCTGGGCGT-1	MRC1	2
M	GGGCCATGTCTGTTGA-1	PAX5	1
M	GGCGTTGCATCAGAAA-1	ITK	3
M	CGGACTGCAATGGTAA-1	VCAN	1
M	AATGGCTGTGTCGTGC-1	CD8A	1
M	ACGGATTAGCCATGGA-1	NCR1	1
M	AACGTACGTTTGAAGA-1	NKG7	1
M	CCTTGCAAGGCTCCTG-1	COL1A1	1
M	ACCCAAAGTTAGAGAT-1	SKAP1	2
M	TCAAAGCGTATTTGCG-1	CDH1	4
M	GCTCCTAGTCCGAGCT-1	PRF1	2
M	AGCCTTCCAGAGAGAA-1	EBF1	3
M	TAACAGCAGGGTCCCT-1	CSF1R	1
M	CCTATTAAGATCTAAG-1	BANK1	4
M	GAAATGATCAGTCACA-1	TXK	1
M	TGCTATTGTAAAGGCC-1	EOMES	3
M	TGCGTAAAGTCAGGAC-1	CD28	4
M	GGTGCTGTCGCCACTT-1	NKG7	2
M	ACAAAGAAGGGACGTT-1	SKAP1	2
M	GAGCATTCAGGATAGC-1	IRF8	1
M	TGGAAGGAGACTTGAA-1	PRF1	2
M	TGCATGAAGTAACTCC-1	SH2D1B	1
M	TTACCGCGTCAACTGT-1	PAX5	1
M	TCGAGCGGTGATGCTT-1	PAX5	2
M	TCGGGACGTCCGTAGC-1	VCAN	4
M	CGCTGGATCACTCCCA-1	VCAN	1
M	TCACAGACAAGGTCGA-1	EOMES	1
M	ACATGCAAGACTCTTG-1	PECAM1	2
M	TACATTCCAAGGAGTC-1	CD79B	1
M	CTTCCAGAGACTAGGC-1	SKAP1	4
M	GTACTTTCAAGATGCG-1	CD3D	1
M	AACATCGAGAGAACCC-1	NCAM1	1
M	GCCCAGAGTCCCTAAA-1	PAX5	3
M	TTAGGTGCAGGAGCAT-1	PAX5	3
M	CTTCCAGCAAGCACTT-1	THEMIS	3
M	CAAGAAAAGACACTTC-1	ITK	3
M	GGGACCTCACAGAAGC-1	CD28	1
M	AAACGAAAGCGGACAT-1	PECAM1	5
M	GCGTTGGAGCTATCGT-1	COL1A1	2
M	CAGGATTGTAACAATG-1	SKAP1	1
M	GGAACTTGTAACTGAA-1	KLRF1	3
M	CACATGATCAAGGCAG-1	KLRF1	2
M	ACTACGAGTGAGAGTC-1	ITK	3
M	AACTTGGTCGCGTGAC-1	CSF1R	1
M	GCATGATAGACGAAAG-1	BANK1	2
M	CCAGAATCAGGAGCAT-1	EOMES	1
M	TAGCATGGTTACTTTC-1	KIR2DL4	1
M	GGAGTAGGTCATAGAA-1	CD79A	1
M	ACTATTCGTAGGTAAT-1	PECAM1	1
M	TTTGCGCTCGTAGCGC-1	KLRF1	2
M	GTAGGAGGTCCGTGCA-1	NCAM1	3
M	CGTAAACTCGCATAAC-1	LCK	1
M	CACCACTGTACAACGG-1	FCN1	1
M	TTGCCCATCTCTGAGA-1	BANK1	1
M	GCAGCTGTCACAACAC-1	NCR1	1
M	CCATACCAGGCAGTAC-1	NCR1	1
M	TCGAGCGCAAGGAACC-1	FLT3	1
M	TAACAGCAGGGTCCCT-1	CD3G	1
M	AACGTACTCTTCTTCC-1	LCK	1
M	ACCGCAGGTCTGGGCT-1	NCR1	2
M	CATTCATAGAAAGCAG-1	KRT18	1
M	GTCACAACAGGTCTGC-1	KLRD1	3
M	GCCAGCATCAAACCCA-1	KLRD1	6
M	AGCGATTGTGCACCCA-1	KLRD1	1
M	TATGTGGCAGTTCGGC-1	CD160	1
M	GATCGTAAGAACCCGA-1	ITK	3
M	ACGTTAGAGGTAAGCC-1	BANK1	1
M	TCAGGTAAGCTCCGGT-1	MARCO	1
M	ACGTGGCAGACCATAA-1	GNLY	1
M	TTGAGTGAGGTTCTCA-1	SKAP1	1
M	GCTCGAGCATCGTACA-1	KRT8	1
M	GCAGCCAAGCTTACCA-1	KLRD1	5
M	GCCCGAACATGATTGC-1	CD4	1
M	TACAGCAGTCATCAAC-1	VWF	2
M	GCCTAGGTCCATGACA-1	VWF	1
M	GGGTTATCAATTCTCT-1	CD3G	1
M	CCTGGGAGTAACCGAG-1	NCAM1	1
M	GAGGCTCTCTGATCTT-1	CD160	2
M	CTAGGATAGGGTGTTG-1	GNLY	1
M	AGTCAACTCCGGAAAG-1	IRF8	1
M	TGACTCCGTAACCCAT-1	IRF8	1
M	CTTCTAATCCCAATAG-1	KLRD1	4
M	TATGTGGCAGTTCGGC-1	KLRF1	1
M	CGGTGCACAAGTTCGT-1	CD3E	1
M	AACCGATTCAGGCCGT-1	NCAM1	1
M	TTACGTTCACCACAGC-1	PRF1	1
M	AATACGCCAAAGACGC-1	MERTK	3
M	TGATGCACACATTCTT-1	GNLY	2
M	GGGAACACAGTCCTGG-1	NCR1	2
M	CAGCTGGGTCGCTAGC-1	NKG7	1
M	GCTGCGAGTCATAAGA-1	NKG7	1
M	CAAAGCTAGTTCAGGG-1	NKG7	2
M	ATTGTCTGTCTAACCA-1	ITGAM	1
M	CAGGATTGTAACAATG-1	TXK	3
M	GTTATGGGTAAACGTA-1	SKAP1	5
M	TGCTCACGTAGTCTGT-1	KLRC1	2
M	AACTGGTAGCACCATT-1	CD3E	2
M	CGCTGGACAACTACTG-1	CD5	2
M	GAGCATTTCTAAACGC-1	SPI1	1
M	GTTGGGCAGGCTCCTG-1	PRF1	1
M	CAAGAAAAGACACTTC-1	PAX5	1
M	CATTCCGGTACGGAGT-1	CD79A	1
M	TACTAGGCACTGCTTC-1	PECAM1	3
M	CCTAAAGAGTAATCAG-1	COL1A1	1
M	GCGTTGGTCCGTTTCG-1	KLRD1	7
M	CGCTATCGTAAGCCTT-1	MRC1	2
M	TGCATGACACCTGAAT-1	LCK	1
M	TCAGGTACATTGCACA-1	CSF1R	1
M	AAACTGCTCTTTGCAT-1	TXK	1
M	AGCGTGCTCGGCTATA-1	TXK	2
M	AGGCCTGAGTCGATAA-1	KIR2DL4	1
M	GTAGACTAGAAGCCGT-1	KLRF1	2
M	GAGCATTTCTAAACGC-1	PRF1	1
M	AACAAAGAGAGCCACA-1	THEMIS	1
M	CCCGTTACAACAACTC-1	EOMES	1
M	GTCACTCAGCCCATTA-1	KLRD1	6
M	TTGAGTGAGTACGCGA-1	KLRD1	1
M	CGGTGCACAGCGTCGT-1	CD6	1
M	GGTGAAGGTTACGGAG-1	MRC1	1
M	TGCATTTCACTTATGG-1	SKAP1	2
M	TCACTCGTCAGAGTGG-1	FLT3	1
M	TCGGGACGTCCGTAGC-1	KRT18	1
M	GGATAGGAGAAATTCG-1	KLRF1	1
M	TTATGTCCATATTGGC-1	LCK	2
M	GGCGAAATCCCAGCGA-1	TXK	3
M	GACCGACGTATGCTAC-1	NKG7	1
M	AAAGATGGTTCCTATT-1	KLRD1	2
M	TTCAACTCAGGTAGCA-1	KLRF1	2
M	CGATGATTCCTCAAGA-1	MS4A1	1
M	GCCTACTCAGATACAA-1	MRC1	1
M	GCTCGAGCATCGTACA-1	ITK	6
M	TCAGTTTTCTGAAAGA-1	BANK1	2
M	CGCGCAACACAATAAG-1	ZBTB46	1
M	ATCCAGACAATAGCGG-1	CD28	1
M	GGGACCTAGAAATGGG-1	PECAM1	1
M	TTCGTTATCCGCGATG-1	THEMIS	1
M	GGATAGGGTTCTTTGT-1	BANK1	1
M	GAACGTTAGGTTGTGG-1	EOMES	1
M	GAAGTCTTCCGATGCG-1	CD8A	2
M	CCCACATCAGGATGTG-1	KRT8	1
M	AAAGGATTCCAGTACA-1	CLEC9A	1
M	AGCGATTGTAACGGCA-1	VCAN	1
M	GTAGACTAGAATCAGT-1	BANK1	1
M	GCTTAAGGTTACACTG-1	CD79A	4
M	GAAACAATCGCCAGAC-1	SKAP1	3
M	GTAGGAGGTCACTCTC-1	IRF8	1
M	GGTGTCGCAACTTGGT-1	CDH1	1
M	ATTACTCCACTTGCGG-1	CD3D	1
M	CATTCCGAGATAGGTT-1	CD5	1
M	GGATGAGCAGTAACGG-1	SPI1	2
M	AACCGATTCTGCTACC-1	SPI1	1
M	GCGGAAATCTACTGCC-1	LCK	1
M	TCACCACCATGATCGT-1	EBF1	2
M	CTACAGAAGTGGACGT-1	MERTK	1
M	ACATGCAAGTAGACCG-1	GNLY	1
M	TAACAGCCAAACAGTA-1	NCR1	2
M	ACGTTAGTCACTTACT-1	KIR2DL4	3
M	CTTAATCCACAGCCAC-1	NKG7	1
M	AAAGGGCCAAGACACG-1	CDH1	2
M	ACCGAATGTTTCAGCA-1	NCAM1	1
M	TACCTATGTGCCAAGA-1	LCK	3
M	GCTGTTCCACAGTAGG-1	MERTK	1
M	GAGAACGTCTCGTAGA-1	SKAP1	2
M	CACAACACATCGACCG-1	CDH1	3
M	CAAAGCTCACGCCGAT-1	DCN	1
M	CCCGTTAGTGCTGTGC-1	KLRD1	2
M	GTGGATTAGGCGTAGT-1	NCAM1	1
M	GGCGTTGAGTTACCAC-1	EBF1	1
M	TGCTCACTCTTGTGCC-1	ITK	3
M	TTCGCGTTCACTCGTC-1	SKAP1	1
M	GACCTTCTCACATTCT-1	KLRD1	4
M	TTATGTCCATATTGGC-1	VWF	1
M	GTCACCTAGAAATTCG-1	NCAM1	1
M	TAATTCCGTCACTCTC-1	LCK	3
M	GCCCGAAAGACCATAA-1	PAX5	1
M	GCGCCAACAAGTAACA-1	IL7R	2
M	TGTTAGGGTCTGGTCG-1	BANK1	5
M	TTTGTGTCACACATGT-1	CD8A	10
M	GAAAGTAAGATGGCAC-1	NKG7	2
M	TCTCAGCTCGCGCTGA-1	NKG7	1
M	TCGGGACCAATGGTAA-1	SKAP1	3
M	CCTCCCTTCGCCCTTA-1	KLRD1	3
M	TCACCACTCCCGTAGG-1	CD3D	1
M	AACTTGGTCGTCCCTA-1	CD160	1
M	TCAGGTAGTAAGTGCG-1	ITK	8
M	CGTAAACTCGAGTGTT-1	BANK1	1
M	CCGTAGGCATAGTCCA-1	TXK	2
M	ACTTTCACATTCCCGT-1	GNLY	1
M	CATGTTTTCAGGAATA-1	SKAP1	3
M	AGCTGGCTCGTCTTAT-1	KLRD1	9
M	TTGTTCAGTGTCTACA-1	VWF	1
M	GCCCAGATCACAACAC-1	CD3G	1
M	CATGCCTGTTCAGTTG-1	NCAM1	4
M	CGCTATCGTCATAGCT-1	ITK	5
M	GAAATGATCAGTCACA-1	ITK	2
M	TACTCGCTCGGGCTCA-1	EOMES	1
M	CAGTATGAGAGCCACA-1	MERTK	1
M	CACCTTGTCGTGAACT-1	NCR1	1
M	TAGCACAAGACCGCAA-1	CD79A	1
M	GGCATTAAGTAGTGTA-1	KLRF1	1
M	ACCGCAGGTCTGGGCT-1	KLRF1	1
M	GTAGGAGAGTGAAACT-1	LCK	2
M	AAGATAGAGATATGTG-1	EBF1	3
M	AACAAAGTCGAACACT-1	ITK	5
M	GGAACTTAGGTACATA-1	CD14	1
M	GACCCAGTCTCTTCTC-1	BANK1	2
M	ATGTCGAAGCCCATGC-1	BANK1	9
M	ATGTACGCAATGGCTT-1	TXK	3
M	GACCTTCTCCGAATTG-1	CD28	1
M	ACCGAATGTTTCAGCA-1	CD79A	2
M	GCTTTCGTCACAGGGA-1	CD160	2
M	TCTATTGTCAGGTCTA-1	THEMIS	2
M	CCTGCTACAAGCAATA-1	EBF1	2
M	TACTCGCTCGGGCTCA-1	BANK1	1
M	GAGTGAGCATTCCCGT-1	EOMES	1
M	CAAAGCTAGTTCAGGG-1	CD8A	1
M	AAAGGATTCACATTCT-1	KIR2DL4	1
M	TAATTCCGTCACTCTC-1	NKG7	2
M	CACAGATGTCAACAGG-1	PECAM1	1
M	CTGTATTAGATGCGAC-1	KLRD1	3
M	GTGCACGAGACGACTG-1	CD3E	2
M	CCTTAATGTTTAGGAA-1	IL7R	3
M	GTGCACGGTAACTCCA-1	PECAM1	1
M	TAGCCCTTCGGATAGG-1	KLRD1	6
M	CCTTGGTTCAGTGGTT-1	VWF	1
M	CTGGGACCAACCTCCT-1	SPI1	2
M	AGATTCGTCATCGCCT-1	PRF1	1
M	AACGAGGCACATTGCA-1	LCK	1
M	AACCGATTCAGGCCGT-1	GNLY	1
M	AGATTCGAGTGCACAG-1	SKAP1	2
M	TAGCTTTCACCGTTGG-1	FLT3	3
M	TGATGCATCTCTTCTC-1	KLRD1	1
M	AGACAAAAGAACCCGA-1	VWF	1
M	CCACGTTGTCGAGGAT-1	EBF1	1
M	TACATTCAGTCGTGAG-1	CSF1R	1
M	GTGTCAATCCGGCTGA-1	CD14	1
M	ACGTTAGTCGGACGAA-1	BANK1	1
M	GTGCTGGGTCATAGCT-1	BANK1	1
M	TAGGTGTGTGACGCAA-1	MARCO	3
M	TTTGCGCTCGTAGCGC-1	MERTK	1
M	CAAGGCCTCTATTGTC-1	PECAM1	1
M	AGCTGGCCACCGAAAG-1	IRF8	1
M	GTGTCCTTCATTGCCC-1	KLRD1	7
M	CCTTAATTCTAGCAAC-1	PAX5	1
M	CACTAAGAGCTCCGGT-1	CD79A	4
M	ACGGATTAGCCATGGA-1	SKAP1	2
M	TAATTCCTCGAGTGTT-1	SKAP1	2
M	TCACCTGAGTTCAGGG-1	DCN	1
M	ACCTGCTTCACTAGGT-1	KLRD1	1
M	GCTTTCGCATACCCGG-1	VWF	1
M	ACGGATTTCGATAGGG-1	PAX5	1
M	GGTTGCGAGGCCTCTG-1	NCR1	2
M	AGTGCGCTCGTCAACA-1	IRF8	1
M	AGCCTTCCAGAGAGAA-1	CD5	2
M	AGCGTATTCGCTTCAC-1	PAX5	3
M	GAGGTCCGTCAGGTGA-1	EBF1	6
M	TGAGTCACAGGATAGC-1	VCAN	1
M	CGCTGGAAGATGAGGA-1	TXK	6
M	AGACAAAGTACCCACG-1	CD8A	1
M	GTCCATCAGGGTATCG-1	IRF8	1
M	GAAAGTAAGGCGATTG-1	KLRD1	3
M	CAGCTGGGTCGCTAGC-1	NCAM1	1
M	TGGACATTCTTACTCA-1	CD14	2
M	CGCTATCGTAAGCCTT-1	PECAM1	2
M	ACCGGGTAGTGATCTC-1	SKAP1	8
M	GGTGCTGCAAGGGTAC-1	CD4	1
M	TGCTTTATCTTCCGTG-1	NCAM1	1
M	TTACCGCCACTAGGAG-1	PRF1	1
M	TGATCAGCAGATACAA-1	THEMIS	2
M	CCTAAAGCATCGTACA-1	THEMIS	1
M	TTCGGTCCAAGGTCGA-1	TXK	1
M	CGTTCCAGTTATCGAC-1	CD8A	2
M	AACCTGACACATCATG-1	EPCAM	2
M	GGAGGATTCTTGCGCT-1	NCR1	1
M	TGAATCGCATTACACG-1	NKG7	1
M	GCCTAGGGTCGAGGTA-1	CD79A	3
M	GCGGAAATCTCGCGTT-1	KRT8	1
M	GTTACTTTCTTAACGG-1	NCAM1	2
M	TTCGGTCCAGTAGTTC-1	PRF1	2
M	GCGTAGCAGAAGCCGT-1	EBF1	1
M	CCTTAATAGGTTAGTA-1	ITK	4
M	TTACGGAAGCTCCATA-1	KIR2DL4	1
M	CTCCCAAAGAGTCCGA-1	SKAP1	2
M	CGCAATACATTATGGC-1	SKAP1	4
M	TTGAGTGTCCTTGACC-1	ITGAM	1
M	GCATTGACAATGAAAC-1	DCN	1
M	TAGCACAAGCTAGTTC-1	KLRD1	5
M	TTCGCGTAGGTTGTTC-1	EBF1	1
M	ATTGTCTTCGGCATAT-1	ZBTB46	2
M	TTCGGTCCAAGGTCGA-1	CD28	1
M	GCTGCGAAGACAGTGC-1	CD28	2
M	GGATGAGGTTATCGAC-1	CD28	1
M	GAAAGTAAGGCGATTG-1	NCAM1	1
M	TTCGTTAGTCGATTAC-1	NCAM1	1
M	ACTGTCCAGGTTACAA-1	MRC1	1
M	ATGTTTCAGTTGGAAT-1	LCK	3
M	TATGTGGCAGTTCGGC-1	BANK1	3
M	GTGTCAATCTCTTCTC-1	MERTK	1
M	ACGTGGCCAAGGTCGA-1	GNLY	4
M	GGGACCTCAAGTCTGT-1	SKAP1	1
M	CCTAAAGAGTAATCAG-1	ITK	10
M	GGAGGATGTCCCGAGT-1	ITK	8
M	GGGTTATTCCACACCT-1	ITK	3
M	CAACCAACATGGTAAA-1	BANK1	1
M	TTAGGTGCAGGAGCAT-1	BANK1	9
M	ACTCGGGTCTTAACGG-1	BANK1	2
M	GCATTGATCGATAGGG-1	TXK	7
M	ATGGATCAGGCTGGAT-1	CD28	1
M	AGCGATTCAGGGCTTC-1	CD3E	1
M	ACGTTAGTCGGACGAA-1	NCAM1	3
M	AATGGAACAATTCTCT-1	NCAM1	1
M	CTCTACGCAACACGGA-1	PAX5	1
M	TTTGTGTGTTCCATCC-1	GNLY	1
M	GAACCTATCTTACTCA-1	NKG7	2
M	GCATTGAAGTGCAACG-1	PECAM1	1
M	AAGGAGCCACGATTAC-1	CDH1	2
M	AAGGAGCCAGCGTAGA-1	THEMIS	1
M	TCGGGACGTCCGTAGC-1	THEMIS	2
M	GGCGTTGTCCTGGGAC-1	CSF1R	1
M	GCCAGACTCACTAGGT-1	VCAN	1
M	GACCTTCTCCGAATTG-1	NCR1	3
M	GTGTCCTAGAGCTGTG-1	NCR1	2
M	GTAGGAGAGTGAAACT-1	CD79A	1
M	AGTTTGGGTGGACAGT-1	SKAP1	3
M	TACCTATGTATATGGA-1	IRF8	5
M	CCTTGCATCTCTGACC-1	KLRD1	2
M	GGATGAGGTCAATACC-1	KLRD1	2
M	ATCGAGTCATAGATAG-1	EBF1	3
M	GAACGTTTCTCCTTAA-1	ZBTB46	2
M	TCAGGTAAGCTTACCA-1	NCR1	1
M	GCGATTAGTAGAACGC-1	NKG7	1
M	GGCGAAATCCCAGCGA-1	PECAM1	2
M	ACCCAAAAGCGGACAT-1	ITK	4
M	GTGCTGGAGATCACCT-1	TXK	3
M	TAGCATGCATTAGCCA-1	DCN	1
M	CAACGTAGTACCCATA-1	NCAM1	1
M	GAGGATGCAGGCAAGT-1	PAX5	1
M	GACCAATAGCACACCC-1	BANK1	7
M	TGCATTTCATTACTCT-1	CD8A	1
M	TTAACGGGTTCCCGGA-1	CD8A	1
M	CGCAATAAGTGCCCTG-1	FLT3	1
M	AAACGAAAGCGGACAT-1	CD3G	4
M	TAGGTGTTCCGTACGG-1	CD3E	1
M	ATAGGCTGTGGACAGT-1	CD160	1
M	GCTCCTATCGTTCAGA-1	FCN1	1
M	GTGCTGGGTCATAGCT-1	ITK	1
M	GTTGGTAGTAGTCTGT-1	VCAN	2
M	TTCTAACAGGAGTACC-1	EOMES	3
M	GGAATCTCATTGCGAT-1	GNLY	1
M	CACATGATCGCCACTT-1	FLT3	1
M	GGTGCTGGTTCCATCC-1	KLRD1	6
M	AACAAAGAGCGCCTAC-1	KLRD1	8
M	AGGACGATCCACGAGC-1	EOMES	1
M	GGAACTTGTAACTGAA-1	NCR1	1
M	ACTCGGGAGAGGTGGG-1	KIR2DL4	2
M	CAAGAAAAGGTACTCT-1	MRC1	3
M	ACATGGTCAACACGGA-1	BANK1	4
M	GGCACGTGTAGACACG-1	PECAM1	2
M	CTTAATCCACAGAAGC-1	SKAP1	1
M	TCGTTCGCAGTTACAC-1	KLRD1	5
M	CGTAAACGTTCCGGCA-1	NCAM1	2
M	GCAGATTAGCTCGGCT-1	CDH1	1
M	TCAAAGCGTATTTGCG-1	VWF	6
M	ATTACCTGTTTCGTTT-1	CD3E	1
M	TACATTCAGTAACACA-1	CD5	1
M	TGGCAATGTAGGGTCA-1	MS4A1	1
M	GGATAGGGTTCTTTGT-1	SFTPC	1
M	CACAGATGTCAACAGG-1	TXK	2
M	GCCTACTAGAAGGGCG-1	EOMES	1
M	GGATGAGCAATCCATG-1	NCR1	2
M	GGGTTATTCCACACCT-1	CD160	1
M	CAAGAAACAGGGAGTT-1	ITK	4
M	GCTGAGCAGTCGAGCA-1	CD14	1
M	CACAACACAAACGACG-1	VCAN	1
M	CCATACCGTGGCATAG-1	CD28	1
M	GTGCACGGTAACTCCA-1	DCN	1
M	GCCTAGGCAAGAGATT-1	PRF1	2
M	TAGTCCCCACACACCG-1	SH2D1B	1
M	TTTGTGTCACACATGT-1	ITK	10
M	CACTAAGAGCTCCGGT-1	CD8A	3
M	GCCCAGAGTTTCGACA-1	NCR1	2
M	ACATGGTTCCAGGTCG-1	VWF	1
M	CCTAAAGAGTAATCAG-1	CD5	1
M	CATGCCTCACCCTTTG-1	SH2D1B	2
M	ACTGCGGTCCAATCCC-1	LCK	1
M	AGTGCCGGTAGCGTTT-1	BANK1	3
M	ACATGGTAGCTCGGCT-1	CD8A	3
M	TGCTTTATCTTCCGTG-1	CD8A	1
M	GTAGGAGGTCACTCTC-1	KLRD1	3
M	AACGAGGAGTCTCGAT-1	MRC1	2
M	GAACGTTAGGTCACTT-1	THEMIS	1
M	TCAGCTCCAAGCAACG-1	BANK1	2
M	ACAAGCTTCCTGAAAC-1	MARCO	1
M	ACAATCGCAACGTAGG-1	COL1A1	1
M	ATGTTTCCATGTGAGG-1	FLT3	1
M	GAACCTATCTTACTCA-1	LCK	2
M	AACTGTGAGTTAGCGG-1	THEMIS	1
M	CTGTATTGTAACTGAA-1	ITK	3
M	CTTTGCGCAAGGTTCT-1	VCAN	1
M	GCCTAGGAGTGGTGTG-1	IL7R	2
M	CGCACAGCATCGGCCA-1	BANK1	1
M	CTGGGACTCCATATCT-1	EOMES	2
M	CCTCCCTTCGCCCTTA-1	MERTK	1
M	CGTTCCAGTTATCGAC-1	CD6	2
M	ACTGTCCGTCACCCGA-1	PRF1	3
M	CAGTGCGAGATTGACA-1	PRF1	1
M	ATGTCTTAGAGCTGTG-1	LCK	1
M	GTAGGAGAGCTCCATA-1	PAX5	1
M	CACAACACAACGTAGG-1	THEMIS	1
M	CGATGATTCCTTTGCG-1	BANK1	1
M	AGTCCGGGTGTCTCGG-1	DCN	1
M	TCAGTCCTCTTCCGTG-1	CD3E	6
M	CCACGTTTCCATGTTT-1	SH2D1B	3
M	CACAACACAAACGACG-1	EBF1	3
M	GCTCGAGCATCGTACA-1	EOMES	2
M	CACCTTGTCAGTGTGT-1	ZBTB46	1
M	TTAGCTTCATTGTGAC-1	MERTK	1
M	GAGCGCTTCGGCTATA-1	NCR1	1
M	AGCCTCTTCGGTTCCT-1	NCR1	2
M	TCACCACGTAGTTTGC-1	PECAM1	1
M	TTGCTATCACGCTGTG-1	KLRF1	1
M	TTAGGTGTCTCCAACC-1	VWF	1
M	TGGTCCTAGTGAGCAC-1	LCK	3
M	CTGTATTAGTGATTAG-1	PAX5	2
M	TGTTAGGCATAGATAG-1	THEMIS	3
M	CCTTGGTTCAGTGGTT-1	ITK	2
M	ATTGTCTTCGCTCGGA-1	NKG7	1
M	TACATTCAGTCGTGAG-1	KLRD1	4
M	GATTAGCGTTGCAGAG-1	CD3E	1
M	CCACGTTGTCGAGGAT-1	SPI1	1
M	TGTGGCGCAAGGAACC-1	PAX5	4
M	AGCCGCATCGTGGTAT-1	ITK	2
M	GTAGGAGGTATCAGCT-1	IL7R	1
M	GCGCATGGTTGGACGA-1	COL1A1	1
M	GCTTGCTTCCATAACG-1	IRF8	2
M	CGCTATCCAACATAAG-1	VWF	1
M	TCAGCTCCAAGCAACG-1	CD3D	1
M	TGACTCCAGGAAGGTA-1	PRF1	3
M	TGGCCTTGTTTGCATG-1	PRF1	1
M	AAAGGGCCAACTCGAT-1	LCK	1
M	GTGTCCTAGAGCTGTG-1	PAX5	1
M	TTGTTCAGTGGCGCTT-1	PAX5	1
M	GAGAACGTCTCGTAGA-1	EBF1	1
M	CTGAATGTCGGAAAGC-1	ITK	4
M	TCAAGCAGTCAGTGTT-1	GNLY	1
M	TTACGTTCATGGTAAA-1	CD79B	2
M	TCACTCGCACTGAAGG-1	SKAP1	9
M	ACAGGCCTCCCAGCAG-1	KLRD1	1
M	GGGTCTGCACTCAAGT-1	CD6	1
M	CTTCCAGAGACTAGGC-1	LCK	1
M	CTACTTACAAGCCCTG-1	THEMIS	2
M	GGAACTTGTAACTGAA-1	ITK	5
M	TTCGATTGTAATGTAG-1	BANK1	3
M	ACCCAAAAGCGGACAT-1	BANK1	4
M	CCTGGGAAGAATACTG-1	BANK1	1
M	CCTTAATGTTGAAGCG-1	TXK	2
M	TGTGGCGCACATTCTT-1	NCR1	1
M	AAACTCGCACCGAAAG-1	PECAM1	2
M	GTAGACTTCTCTCAAT-1	SKAP1	1
M	TAACAGCCAGGTGGTA-1	DCN	1
M	GTAGGAGGTCCAAGTT-1	KLRD1	14
M	CAAGAAACAGATTAAG-1	KLRD1	2
M	GGGTTATCAATTCTCT-1	CLEC9A	1
M	CACTGAACAAGCGACA-1	PRF1	2
M	TCAGGTAAGCTCCGGT-1	LCK	5
M	CACAACACAACGTAGG-1	ITK	4
M	GGTACCGAGCCGCAAA-1	ITK	1
M	AACCTGACACATCATG-1	VCAN	1
M	TCAGTCCTCTTCCGTG-1	CD28	1
M	TACGCCTGTGAATGTA-1	KLRD1	2
M	GGCGTTGAGTTACCAC-1	VWF	1
M	TGATTTCCAATCATCG-1	CD6	1
M	CATGCCTGTTCAGTTG-1	PRF1	2
M	CGCTGGACATTGTTCT-1	ITK	2
M	TGTACAGGTGGATTTC-1	ITK	2
M	GCTCCTAGTCCGAGCT-1	ITK	1
M	GCTTGCTCAAGTCCTA-1	BANK1	2
M	GCCAGCATCCCGCAAG-1	PRF1	1
M	ACTTCCGCAGAATGCG-1	MRC1	1
M	TCTATTGGTGGACAGT-1	CD160	3
M	GTGCTGGAGATCACCT-1	BANK1	1
M	AGCCTTCCAGCGTAGA-1	KIR2DL4	1
M	GGATGAGTCACCCTTG-1	IRF8	3
M	GAAAGTAAGGCGATTG-1	LUM	4
M	CCGTAGGCAAGGCTTT-1	CD6	1
M	AGCGATTAGCCTGTAT-1	LCK	5
M	GTAATCGCAATGTAAG-1	IL7R	8
M	TGCTCGTAGCGAGAAA-1	TXK	1
M	TCTATTGGTGGACAGT-1	CD79A	5
M	AGTGCGCGTGCTGTGC-1	SKAP1	3
M	CCTGGGAAGGATTTGA-1	KLRD1	2
M	ACTAACGGTTTCTTAC-1	KLRD1	3
M	CCGAAGCAGACCCTAT-1	KLRF1	2
M	CCTTAATGTTGAAGCG-1	CD4	1
M	CTCTACGAGTCTCCAA-1	NCAM1	3
M	CGTGGCAGTAAACGTA-1	ITK	5
M	GGTTGCGTCATTCATC-1	CSF1R	1
M	CAAGAAACAGATTAAG-1	BANK1	1
M	ACTGCAAAGTCCGGAA-1	PECAM1	1
M	GTCCATCGTACGAGAC-1	KLRD1	1
M	GTCACAAAGGATGTAT-1	PRF1	2
M	CCTGGGACAGAACGAC-1	BANK1	8
M	ACGTGGCAGCTGAGGT-1	BANK1	1
M	GCCCAGATCACAACAC-1	COL1A1	1
M	ATGTACGGTCATAGCT-1	KRT8	1
M	AGGCGTCGTTAAGTCC-1	EOMES	3
M	AATGTCGTCAGCCGAC-1	NCR1	1
M	ATCGAGTCAAGTCTCA-1	NKG7	1
M	TTACTTGTCCCAGCGA-1	CD79A	1
M	TATCGAGGTAGGGTTG-1	SKAP1	1
M	CTTCTAATCCCTACGT-1	DCN	1
M	TTACTTGAGTCTCGAT-1	LCK	1
M	GCCCAGAGTGGTAGAC-1	SFTPC	1
M	AAGGAGCCACGATTAC-1	SFTPC	1
M	CACAGATGTCAACAGG-1	THEMIS	4
M	TATGTTCTCAAAGTAG-1	EBF1	2
M	GAAAGTACAAGACTAA-1	ITK	1
M	GTTACGATCAGATACC-1	MARCO	1
M	TCAGGTACATTGCACA-1	CD8A	3
M	CATTCATAGTGGTGTG-1	CD8A	2
M	GACCAATAGACAACGC-1	CD79B	2
M	CGTAAACGTTCCGGCA-1	IRF8	5
M	GTCGTAAGTGCTGAAG-1	KLRD1	3
M	ACAAACCAGACTTCCA-1	KLRD1	1
M	CCGTACTGTCCAGACC-1	CD3E	1
M	ACGTGGCCACTGGGCT-1	PRF1	2
M	CTTCTAAGTGTCCAGC-1	MRC1	5
M	GCATTGATCGATAGGG-1	CD28	2
M	ACTACGAGTGAGAGTC-1	SKAP1	2
M	CATAACGAGCGAATAT-1	CDH1	1
M	TGCCTGTGTACATGGG-1	ITGAM	1
M	GACCGACGTAAGTCTC-1	ITGAM	1
M	TGCGTAAAGTCAGGAC-1	KLRD1	6
M	CCTTAATGTTTAGGAA-1	VWF	1
M	CCCTCTCCACCACGAC-1	VWF	1
M	TCACAAGGTCTGCACG-1	NCAM1	2
M	CAAGGCCTCTATTGTC-1	CD160	1
M	CCCTAACTCTGGCACG-1	NKG7	2
M	TTGCAGACATCCCAAA-1	IRF8	1
M	CCTGGGATCGTCTTAT-1	SH2D1B	1
M	CTTGCCAGTGTCTACA-1	ITK	9
M	ACCCAAAAGGTCTTGT-1	BANK1	1
M	AACGAGGAGCAACGGT-1	KIR2DL4	2
M	ACGTGGCCAAGGTCGA-1	PRF1	5
M	TATCGAGCAATTCTCT-1	ITK	4
M	CCAATGACAGGTGGTA-1	CD4	1
M	AAGATAGAGATATGTG-1	LCK	1
M	AAAGATGCAGATAAGT-1	CD8A	3
M	GCAGCTGTCACAACAC-1	NKG7	1
M	AATGTCGAGCGGACTA-1	CD79A	1
M	ACTGTCCAGGTTACAA-1	FLT3	1
M	TTGTTCAGTCCTTCAC-1	CD3D	1
M	GAGCATTTCAGGAATA-1	CD3E	1
M	GACCAATGTCATCGTA-1	PAX5	2
M	TTGTCTACACTGAAGG-1	BANK1	3
M	TCAAGACGTAGGTGAC-1	TXK	1
M	GTCGTAATCAAGGCCC-1	NKG7	3
M	CCGTACTCATTGTTCT-1	IRF8	1
M	GGGACCTAGACTTGAA-1	KRT8	2
M	GAGCATTCACGACGAA-1	CD160	1
M	GAGCATTCAGTTAAAG-1	LCK	2
M	CCAATGAAGGGTTCCC-1	ITGAM	2
M	GCAGATTAGCTCGGCT-1	FLT3	2
M	GGATAGGGTCATCAAC-1	KLRD1	3
M	TGAGTCATCCTTCGAC-1	NCAM1	1
M	TTACCGCGTGATGCGA-1	MRC1	1
M	CATTCCGGTACGGAGT-1	PAX5	5
M	TACCTATAGACAGCTG-1	ITK	12
M	GAACCTAGTATCCTTT-1	ITK	1
M	TTCGGTCTCGCTACCT-1	CD14	1
M	ACAAAGATCTGTAGAC-1	BANK1	1
M	GCGGAAAGTGACGCAA-1	TXK	1
M	GCGGAAATCTACTGCC-1	MERTK	1
M	TTCTGTAAGGTGATGC-1	KLRF1	1
M	AACGAGGCACATTGCA-1	KLRF1	2
M	AAGATAGCAGTAACTC-1	ITK	1
M	CGCACAGCACTTGCGG-1	BANK1	9
M	CTGGGACTCCATATCT-1	NCR1	2
M	TCGATTTAGTTTGGAA-1	CD79A	3
M	CCGTGAGAGGTCTTGT-1	CD79A	1
M	AACAAAGAGCCTGTAT-1	ITGAM	1
M	ACTGTCCTCCTCATTA-1	CD14	2
M	GACCGACCATAAAGTG-1	NCR1	3
M	ACCGCAGGTCTGGGCT-1	CD3E	2
M	CATGCCTGTTCAGTTG-1	CD5	1
M	AACATCGGTCTGGGAA-1	MRC1	1
M	GTCTACCCATGGAGGT-1	SH2D1B	1
M	GCGTAGCTCACGTGTA-1	MERTK	1
M	GATCATGGTATCTCAG-1	NCR1	4
M	GGTGTCGAGACAACGC-1	NKG7	1
M	AGGCCCAGTCTGGGCT-1	KLRD1	1
M	ATTGTGGCATCCATAG-1	NCAM1	1
M	CTTGCTGGTGTTGGTT-1	CD6	2
M	CATGCCTGTCAGAGTG-1	MRC1	1
M	TATGTTCCAAGCAACG-1	EBF1	6
M	TATCTGTTCTGGGCGT-1	BANK1	2
M	GCGCCAAGTCACCCGA-1	TXK	1
M	ACCATCCTCTGGCCAG-1	CD28	1
M	TCTAGTTAGCTACGCC-1	CD4	2
M	GATCGTAAGGGAAGCG-1	NCAM1	3
M	GGATGAGTCACCCTTG-1	NCAM1	1
M	TCACAAGAGTAGCAAT-1	CD6	2
M	GCAGATTTCTGGCACG-1	CD160	2
M	GTCTACCCAGGCACAA-1	CSF1R	2
M	TTCATTGAGACTAATG-1	BANK1	4
M	GGTGCTGGTGGACGAT-1	TXK	1
M	TTGTTCAGTCCTTCAC-1	CD8A	6
M	TCCATCGCACATTGCA-1	PECAM1	5
M	ACGTTAGTCGGACGAA-1	SKAP1	1
M	GGCATTACAAGGTCGA-1	ITGAM	1
M	TTCATCAAGGTCCTCG-1	KLRF1	1
M	TGACTCCGTAACCCAT-1	NCR1	1
M	GAAGTGGGTCCCGAGT-1	IRF8	1
M	CGCACAGCACTTGCGG-1	CDH1	3
M	CTGCGTTGTGCGCTCA-1	KRT8	1
M	CACCTTGTCAGTGTGT-1	KLRD1	2
M	GCCTAGGGTCGAGGTA-1	CD6	1
M	GGAACCCGTATCTAGC-1	PAX5	3
M	AATGGCTAGTAGTTCC-1	PAX5	1
M	CCCACATCAGGATGTG-1	ZBTB46	1
M	GCGGGTTTCCATGTTT-1	MARCO	1
M	GCGTAGCAGAAGCCGT-1	IRF8	2
M	GTTATTCCAGGCAAGT-1	KLRD1	3
M	TTCGCGTTCACTCGTC-1	CD6	1
M	GAAGTGGGTCCACCAG-1	THEMIS	6
M	TAAACCGGTGCGTAGA-1	PECAM1	4
M	TCGATTTAGTTTGGAA-1	PECAM1	1
M	ATTTGTCAGCGTTAGG-1	CDH1	2
M	AACGTACGTCAACTAC-1	VWF	2
M	GTACTTTCAAGATGCG-1	PRF1	9
M	TGGTCAAGTGATCAGG-1	SH2D1B	1
M	ATTACCTTCTACATCT-1	ITK	3
M	GCCTACTGTAACGGAC-1	ITK	1
M	TACCTATAGACAGCTG-1	CSF1R	1
M	TCAGGTATCTATTTCG-1	SH2D1B	2
M	AATGCCAAGGGACGTT-1	SH2D1B	1
M	AATGCCACAGCGTACC-1	THEMIS	1
M	ACCCAAAAGTTTACGC-1	CSF1R	1
M	GCATTGATCGATAGGG-1	NCR1	1
M	TGCTTTAGTCCAAGAG-1	ITK	15
M	TCTATTGGTGGACAGT-1	MERTK	1
M	GGAGTAGAGTCTGGGA-1	CD8A	1
M	GCTCCTAAGAGTAAGG-1	NCR1	1
M	TGGTCCTAGTGTCACT-1	CD79B	1
M	CCGTACTGTCCAGACC-1	CDH1	1
M	TGCACCTAGACTCTTG-1	KLRD1	9
M	CCTTGGTTCAGTGGTT-1	NCAM1	1
M	ATGTACGGTCATAGCT-1	MS4A1	18
M	CGCAATACATTATGGC-1	PRF1	2
M	CCGTGAGAGGTCTTGT-1	SH2D1B	2
M	GGAACCCGTCAGAAAT-1	SFTPC	1
M	AAAGGGCCAAGACACG-1	ITK	5
M	TACGCAATCGCAGATT-1	ITK	1
M	TCAGGGCCATGGCCCA-1	CD14	1
M	GGGAACAAGATCGAGC-1	BANK1	1
M	TTCAACTAGTTACCAC-1	PECAM1	1
M	CTGGGACCAACAAACA-1	COL1A1	2
M	TCAGGTAGTAAGTGCG-1	SKAP1	2
M	CTCTACGAGTCTCCAA-1	ITGAM	1
M	GAGGCTCAGCTCCGGT-1	FLT3	2
M	ATCCTCGGTTTCTACT-1	VWF	1
M	ACAGAAACAACTCAAC-1	MRC1	1
M	GGAGAACAGACCATAA-1	SFTPC	1
M	GGATAGGCAAAGCTGG-1	PECAM1	1
M	TAATTCCAGAACCATA-1	ITK	3
M	ACTAGGTCAATTAGGA-1	EPCAM	1
M	AGCTGATAGGCGATTG-1	CD79A	1
M	AACCAACTCGATGTAC-1	FLT3	2
M	CTCTACGAGTCTCCAA-1	KLRF1	1
M	GCTTAAGAGGTCTTTG-1	SH2D1B	4
M	AAACGAAGTACTTCAG-1	SFTPC	1
M	ACGTGGCAGCTGAGGT-1	EBF1	2
M	TATCGAGCAATTCTCT-1	BANK1	2
M	GTTATTCAGAGTTCGG-1	EOMES	1
M	TACTCGCAGAGAACCC-1	IRF8	1
M	CTTTGCGGTATCACAC-1	KLRD1	5
M	CTGGCAGCATACCCGG-1	PAX5	3
M	AGTGCGCTCATAGGTC-1	EBF1	1
M	CAAGAAACATTGAACC-1	ITK	2
M	GGTGAAGGTGCTGGCT-1	CD14	1
M	TCAGCTCTCTTACTCA-1	CD8A	1
M	TCAGGTACATTGCACA-1	CD3D	1
M	CACATGAGTCAGTGCC-1	PRF1	1
M	CATTCCGGTACGGAGT-1	LCK	2
M	GCCAGCATCAAACCCA-1	IL7R	1
M	TAATCGGGTCTAACCA-1	BANK1	3
M	CCCTGATAGATACCAA-1	CDH1	1
M	GGAATCTAGTCTGTGT-1	CLEC9A	1
M	GTCACCTAGAAATTCG-1	CD6	1
M	CGTAAACTCCCAGCGA-1	PAX5	4
M	AACGTACAGGTTCTCA-1	THEMIS	11
M	GGGAACACAGTCCTGG-1	EBF1	1
M	AGCGTGCTCGGCTATA-1	CD8A	2
M	TAGCGGCTCCCACGGA-1	CD79A	1
M	CGCTATCGTCATCGTA-1	PECAM1	9
M	ACCCAAATCTTGTGCC-1	SKAP1	1
M	GTAGTACGTCTCTGCT-1	KLRF1	3
M	CTTGCCAGTGTCTACA-1	VWF	2
M	CAAGAAACAGATTAAG-1	MS4A1	1
M	TAGTCCCCACACACCG-1	BANK1	2
M	ACTTTCACACACTAGT-1	SH2D1B	4
M	CTACTTAGTACGAGAC-1	PAX5	1
M	GTGACATGTAGTTTGC-1	THEMIS	1
M	ATCCAGATCCTTGACC-1	ITK	6
M	GAAGTCTAGTAATCAG-1	ITK	6
M	GCGATTAGTAGAACGC-1	TXK	4
M	TCAGGTAGTAAGTGCG-1	CD79A	2
M	TACATTCCAAGGAGTC-1	KLRD1	2
M	CCCTGATGTCCATTGA-1	VWF	1
M	GCGGAAATCTACTGCC-1	CD3E	1
M	GGTGTCGCACAAACAA-1	NCAM1	1
M	GCCTAGGTCCATGACA-1	CD6	2
M	GCGGTGTTCTACTTTG-1	MRC1	2
M	CAGCCTTAGGCACTAG-1	MRC1	1
M	GCTCCTAAGATATGAC-1	SH2D1B	1
M	GAGATTCCAACGTAGG-1	EBF1	1
M	TCTAGTTTCAGTGTAC-1	ZBTB46	3
M	CTCTAGCTCGGAGTTT-1	PECAM1	1
M	GCGATCGCAGGCACAA-1	SKAP1	5
M	CTGGCAGGTCATCGTA-1	IRF8	1
M	TCAGTCCAGGGAAGCG-1	DCN	1
M	TAATTCCGTCACTCTC-1	CD3E	1
M	AGCCGCATCGTGGTAT-1	MRC1	1
M	CTGGCAGCATACCCGG-1	CD14	1
M	GCCTAGGAGTGGTGTG-1	ZBTB46	1
M	CCCTCTCAGCCCATTA-1	CD79A	1
M	AGTGTACTCTTAACGG-1	PECAM1	5
M	TCGATTTCATATTGGC-1	PECAM1	4
M	TTCGATTGTGCCGGTT-1	IRF8	2
M	TAATTCCAGAACCATA-1	KLRF1	1
M	AACGGGAAGGGACGTT-1	LCK	3
M	TCGCAGGAGCCTCGCA-1	CD28	1
M	CTTGAAGTCTCGCGTT-1	CD3G	1
M	TCGAGCGCATGCGCTG-1	NCAM1	1
M	GTTACTTAGTGATAAC-1	THEMIS	1
M	GTCACGGTCTTAGTGG-1	BANK1	3
M	TTGCCCAGTCAACGGA-1	EOMES	2
M	TGATGCATCTCTTCTC-1	PRF1	2
M	TAACAGCAGGGTCCCT-1	MRC1	1
M	GACCCAGGTACGTATC-1	MRC1	2
M	GACCAATTCCACCTAC-1	ITK	5
M	ACATGCAAGACTCTTG-1	TXK	3
M	ATTCGTTCAAGAGATT-1	TXK	1
M	GGATGAGAGGTGTTGG-1	CD28	1
M	AACGAGGAGCAACGGT-1	CD8A	1
M	ACATGCAGTCTGTGTA-1	CD79A	1
M	ACGTTAGAGTTACACC-1	PECAM1	2
M	TGCACCTTCGATTACG-1	CDH1	1
M	TTCATCACACACACCG-1	KLRD1	4
M	TCAGTTTTCTGAAAGA-1	PRF1	1
M	CACATGATCACTCCCA-1	LCK	1
M	GAACCTATCTTACTCA-1	TXK	2
M	TATCTGTTCTGGGCGT-1	EOMES	1
M	TCGTTCGGTTCATTTC-1	CD8A	1
M	TCAGGGCCATGGCCCA-1	CD8A	1
M	GTTGGGCAGGCTCCTG-1	NCAM1	2
M	AGCTGGCAGTATAGTG-1	NCAM1	1
M	GTTATTCAGCTCGTTA-1	PAX5	6
M	AGCTATGCATGCTATG-1	THEMIS	1
M	AGGCGAATCCATATCT-1	BANK1	1
M	TAGACTGGTTCAGAAA-1	EOMES	1
M	GGGACCTCAAGTCTGT-1	EOMES	1
M	ATGTACGGTCATAGCT-1	ZBTB46	2
M	AACTGGTTCGTTCCGT-1	NKG7	2
M	GGGACCTAGTTGGAAT-1	NKG7	1
M	GTCGTAAGTGCTGAAG-1	EBF1	1
M	AAAGATGCACAGAAGC-1	CD28	2
M	CGGTGCATCGCTTACC-1	SKAP1	3
M	CTTGAAGGTAGCATGG-1	TXK	2
M	TCGCCTATCCTTCGAC-1	ZBTB46	1
M	GAACCTAGTATCCTTT-1	PECAM1	2
M	CATTCCGGTACGGAGT-1	IRF8	1
M	TAGCACATCTGCTACC-1	MRC1	1
M	GAAACAATCGCCAGAC-1	SH2D1B	1
M	GCCTAGGCAAGAGATT-1	LCK	1
M	CTAACTTGTCCAACCG-1	PAX5	2
M	ACGTTAGGTTGAAGCG-1	VCAN	1
M	GGTTGCGAGGCCTCTG-1	CD79A	2
M	GGAACTTCAGATTAAG-1	CD79A	1
M	TGAGTCATCCATATCT-1	KLRF1	1
M	CACCACTGTTAGAGAT-1	NCAM1	7
M	CAACGGCAGTGAACCG-1	CD6	1
M	TCTCAGCGTGAGTAAT-1	PRF1	3
M	AGCTATGCACGTGAAG-1	ITK	2
M	CCTAAAGGTCACCCGA-1	TXK	4
M	GGTGAAGGTGCTGGCT-1	IRF8	1
M	ACCATCCTCGTTTGAG-1	NCAM1	6
M	GAGAACGTCTCGTAGA-1	SH2D1B	1
M	GTAGGAGGTCCAAGTT-1	THEMIS	4
M	TAGGAGGTCAGCCGAC-1	ITK	4
M	GATCATGAGGGTTCCC-1	IL7R	1
M	CAATCCCCACCCTTAC-1	MERTK	1
M	TTCGGTCTCGCTACCT-1	KLRD1	5
M	TCAAGGTTCACAACAC-1	VWF	1
M	GTTACGAGTGCGTCCA-1	NCAM1	1
M	AGCGATTAGCCTGTAT-1	MRC1	1
M	ACAAGCTTCCACTAGA-1	CD8A	10
M	GCTCGAGCACGTTACA-1	SKAP1	4
M	TAACGGTGTCAGAAGC-1	KLRF1	2
M	GCGAGAAAGACCTATC-1	ITK	3
M	GTGTGATCAGTAACTC-1	CD28	4
M	AACTTGGTCGTCCCTA-1	MRC1	3
M	ACAAAGATCTGTAGAC-1	ITK	2
M	TACCTCGTCATAGGTC-1	ITK	3
M	CGCTATCGTAAGCCTT-1	ITK	7
M	GTGTCCTTCGAACACT-1	GNLY	24
M	TGCCTCAGTGGAAAGA-1	KIR2DL4	3
M	AACCTGAGTACTTGAC-1	PECAM1	1
M	AGTGCCGTCGCTTACC-1	IRF8	1
M	ACAAGCTTCCTGAAAC-1	KLRD1	9
M	GGGTTATCAATTCTCT-1	NCAM1	4
M	TTACCCGGTAGTCTGT-1	CD6	1
M	ATGTACGGTGTCCTTC-1	SKAP1	1
M	AAAGGATAGGATGTCG-1	EBF1	1
M	TCACCACGTAGTTTGC-1	ITK	2
M	TGCGTAATCTAGCTGA-1	CD8A	1
M	CCGTGAGGTCCCGAGT-1	NCR1	2
M	TCGCCTATCCTTCGAC-1	CD79A	2
M	AAAGGGCTCGGCAATT-1	CD79A	2
M	CATTCCGGTACGGAGT-1	PECAM1	1
M	ACAGCGCTCCATGACA-1	IRF8	2
M	TCAGTCCCATATAGAG-1	KLRC1	1
M	TACTAGGCACTGCTTC-1	LCK	1
M	TTCATCAGTACAAATG-1	LCK	1
M	ACTGTCCCATCCATAG-1	PAX5	1
M	TATTGCTCAGCTTACA-1	ITK	1
M	CAGCTGGAGTACAGTA-1	NKG7	1
M	GCCTAGGCACCCTTTG-1	CD79A	2
M	ATCGAGTTCCTAAGTG-1	IRF8	3
M	GGCGTTGAGAGCCACA-1	KLRD1	5
M	CAACGGCCAACAACTC-1	VWF	1
M	TCCCACACACAAACAA-1	CD6	2
M	ACTTCCGCAGAATGCG-1	PRF1	3
M	TTCATCATCTCCTTAA-1	ITK	6
M	GATTGACAGTCTAGAA-1	BANK1	1
M	CGCAGGTTCTGAACGT-1	EOMES	1
M	GACTAACGTCACCCGA-1	CD28	1
M	GTACTTTGTGTCTACA-1	EPCAM	1
M	TGGAAGGAGACTTGAA-1	NCR1	3
M	TGGCGCACACCCATCT-1	KIR2DL4	3
M	GGGTGTCTCGCACAAT-1	COL1A1	1
M	AAGATAGAGCCAGAAC-1	KLRF1	1
M	AAACTGCCAGTCCTGG-1	NCAM1	1
M	AACCGATGTGCGTTTA-1	SH2D1B	2
M	TGTACAGCACCACGAC-1	SFTPC	1
M	TACCTATCAGGTAGCA-1	THEMIS	1
M	CTTCCAGAGCGTGTTT-1	CD14	1
M	TGTAGCAAGTGATATG-1	TXK	2
M	TACGCCTGTTATCGAC-1	CD28	2
M	GCACGGTAGGATGTAT-1	CD79A	2
M	ACCTGCTTCTGATCCC-1	PECAM1	2
M	ATTCGTTCAAGAGATT-1	KLRD1	2
M	TTCGTTATCAGTCAAC-1	KLRD1	2
M	ACTGCAATCGCACAAT-1	GNLY	1
M	ATTTGTCGTGATGCTT-1	KLRC1	1
M	TAGGTGTCAGTGGTCC-1	KLRF1	1
M	ACTTCCGGTGTCCAGC-1	VWF	1
M	AACGTACTCTTCTTCC-1	PAX5	1
M	GCGGAAATCTCGCGTT-1	VCAN	1
M	ACCATCCTCTGGCCAG-1	BANK1	2
M	CGCAATAGTGCTTGAT-1	TXK	1
M	CCTGGGACAGAACGAC-1	TXK	1
M	GTCACCTGTAACATAG-1	KIR2DL4	1
M	GGAACCCGTCCGGTAC-1	CD79A	2
M	GTTACTTTCGATCGCG-1	SKAP1	1
M	CTGCGTTGTGCGCTCA-1	ITK	6
M	TTATGTCCATATTGGC-1	ITK	1
M	CACTAAGCATCCGTAA-1	EPCAM	2
M	AAACTCGCACCGAAAG-1	KIR2DL4	2
M	ATCCAGAGTATCTAGC-1	NKG7	1
M	GCAGATTGTCTGTGTA-1	PECAM1	1
M	GAGATTCGTTCTACCC-1	CD5	1
M	GGAACCCGTCCGAGCT-1	CD6	1
M	GAAGTCTTCCGATGCG-1	EBF1	2
M	CACGTTCAGTAACTCC-1	ITK	3
M	AACGAGGAGTCTCGAT-1	TXK	6
M	CGTACAACATCCGTAA-1	MERTK	1
M	ACTTTCACATTCCCGT-1	KIR2DL4	1
M	AGCTGATCATTACCTT-1	SKAP1	1
M	TTGCGGGCATGGAGGT-1	SKAP1	1
M	CCATACCAGGCTCCTG-1	IRF8	1
M	CGCACAGCACTTGCGG-1	ITGAM	3
M	TTAGGTGTCGCGATGC-1	FLT3	2
M	AGATTCGTCCTGAAAC-1	CD5	3
M	GGAGAACTCTCTGTTA-1	PRF1	1
M	AGCGATTGTGATAAGT-1	MRC1	1
M	TAAGTGCCACAGTTAC-1	CD160	1
M	ATCCAGATCCTTGACC-1	LCK	1
M	AACTTGGGTGCTGTCG-1	PAX5	1
M	GCGAGAAAGACCTATC-1	BANK1	1
M	ATCGAGTCAACGGACA-1	CD28	2
M	CCATACCGTGGCATAG-1	GNLY	1
M	ATTTGTCGTGATGCTT-1	PECAM1	1
M	AACGTACGTTTGAAGA-1	IRF8	1
M	CCACGTTGTCGAGGAT-1	VWF	2
M	ATCCAGATCCTTGACC-1	VWF	1
M	TTCGGTCTCGCTACCT-1	PRF1	1
M	TATTGCTCAGCTTACA-1	PRF1	2
M	ACGTTAGAGTTACACC-1	THEMIS	3
M	TGCGTAACATGGTTTG-1	EBF1	3
M	CCGTACTCATTTCTTG-1	CSF1R	1
M	CAACGTATCCAGTTAG-1	CD79A	1
M	TAATTCCTCGAGTGTT-1	PECAM1	1
M	TGCTCACCAGAACGAC-1	LUM	1
M	TAAACCGTCGTTCAGA-1	KLRD1	5
M	GCGTAGCCAATGACTC-1	PRF1	5
M	TAGTCCCCAATTCGTG-1	THEMIS	2
M	CCAATGAGTTAACCGT-1	BANK1	1
M	TAGGTGTTCCTGTAGA-1	CD28	1
M	CCCACATAGTCTAGAA-1	SKAP1	1
M	TCAAAGCGTATTTGCG-1	KLRD1	11
M	GTCACGGTCTCCACTG-1	CD4	1
M	AGATTCGAGGTACTCT-1	NCAM1	2
M	CACCACTGTACAACGG-1	PRF1	2
M	GTGACATGTTTGCATG-1	MRC1	1
M	ACCAAACGTGAGGTCA-1	ITK	5
M	GTTGGGCAGGCTCCTG-1	ITK	9
M	AGCGTATCATGGCCGT-1	IL7R	1
M	TACTCGCCAACATAAG-1	EOMES	2
M	TTGCGGGAGTCCAGAG-1	EOMES	1
M	GCTGCGAGTAGAATAC-1	MERTK	1
M	CAGTGTATCTCGCGTT-1	CD8A	1
M	CGCAATATCCCACTTG-1	KLRF1	1
M	CAAAGCTGTGGCCTTG-1	BANK1	5
M	TCACCACCATGATCGT-1	BANK1	1
M	TGGCCTTAGAGGTCCA-1	TXK	1
M	GCGGAAATCTCGCGTT-1	COL1A1	2
M	CGCTATCCACGACGAA-1	IRF8	2
M	CTGCTCACACCAAGGA-1	DCN	2
M	ACCTGCTTCTCTGACC-1	KLRD1	6
M	GGTGTCGAGGGTTCTT-1	THEMIS	3
M	GGAACTTGTAACTGAA-1	THEMIS	1
M	AACTGGTTCGTTCCGT-1	ITK	5
M	TTCGCGTTCACTCGTC-1	VCAN	1
M	GCCAGACTCACTAGGT-1	BANK1	4
M	CCACGTTTCTTTATCG-1	TXK	2
M	CACATGATCGCCACTT-1	CD8A	2
M	CATGTTTTCAGGAATA-1	GNLY	1
M	TGCTCACTCTTGTGCC-1	CD79A	1
M	TAGTCCCCACAAGGGT-1	PECAM1	5
M	GGGACCTAGCTGATTC-1	SKAP1	1
M	TATGTGGCAGTTCGGC-1	DCN	1
M	CTTGTCGGTAGTATCC-1	KLRD1	2
M	GAGCATTCAGGCATCC-1	SPI1	2
M	CAGCCTTTCCCAGTAA-1	TXK	1
M	TTCATCAGTACAAATG-1	GNLY	1
M	GGTACCGAGAGCGGTT-1	SKAP1	2
M	TTATGTCCATTCCCGT-1	ITGAM	1
M	TCAAGGTTCACAACAC-1	ITGAM	1
M	GGATGAGAGGTGTTGG-1	CD3E	1
M	ACAGAAACAACTCAAC-1	CD5	2
M	ACTATTCAGTCCCGCA-1	CD6	1
M	TTAGCGAGTCTGTTGA-1	PRF1	3
M	TCTATTGGTGGACAGT-1	PAX5	3
M	ACTATTCGTAGGTAAT-1	ITK	3
M	GTGACATGTTTGCATG-1	ITK	5
M	CAGCTGGAGTACAGTA-1	TXK	1
M	CAATCCCTCGAGTGTT-1	FLT3	1
M	CCGCATTAGGATATCA-1	SH2D1B	1
M	TATGTGGCAGTTCGGC-1	ITK	2
M	AGCGATTCAGGGCTTC-1	EOMES	2
M	TACCTATGTGCCAAGA-1	CD28	2
M	GGAGTAGCATTTGGTG-1	MARCO	1
M	GTGGATTAGGCGATTG-1	KIR2DL4	3
M	GTCACAATCTTTCGAT-1	PECAM1	1
M	TCAGCTCTCTTACTCA-1	IRF8	1
M	GGAGGATCAAGCGTCC-1	KRT8	2
M	CGCTATCCAACATAAG-1	KLRD1	6
M	GGATGAGAGGTGTTGG-1	VWF	4
M	CCCTCTCAGCCCATTA-1	CD3E	2
M	GCGGAAATCTACTGCC-1	CD160	2
M	ACGGATTTCGATAGGG-1	THEMIS	4
M	CTACAGAGTAATGCCT-1	ITK	3
M	CCACAGGGTACAAATG-1	ITK	1
M	ACTATTCAGTCCCGCA-1	IL7R	1
M	CAACGTAGTCTGAGCC-1	BANK1	1
M	AGTGCCGAGAGATTAC-1	IRF8	1
M	TAAGTGCAGCTTACCA-1	CDH1	1
M	TAGTCCCCACAAGGGT-1	CLEC9A	1
M	TTACTTGTCCCAGCGA-1	VWF	4
M	GGCGAAATCCCATAGA-1	NCAM1	3
M	TAAACCGCAGGAGCAT-1	TXK	3
M	GTGGATTAGGCGTAGT-1	CD8A	2
M	GCGATTATCAATTGGC-1	GNLY	1
M	ACAGGCCGTTTGACCA-1	GNLY	1
M	CCGAAGCCAACCTCCT-1	COL1A1	1
M	GCTCCTAAGATATGAC-1	IRF8	3
M	TGTTAGGCATAGATAG-1	CD3D	1
M	CTGGCAGCATACCCGG-1	PRF1	1
M	TGGCAATAGATTAGAC-1	PAX5	2
M	CTAGGATCAAGTTGCT-1	CSF1R	1
M	TGACTCCTCTTTGCAT-1	TXK	2
M	GTTGGGCCAACTCGTA-1	CD79A	2
M	GTTGGTAGTAGTCTGT-1	PECAM1	1
M	CAGTGTATCAAGAGAT-1	KLRD1	2
M	TGCACCTTCGATTACG-1	CLEC9A	1
M	TGACAACCAACATAAG-1	NCAM1	1
M	GGAGAACAGACCATAA-1	CD6	2
M	AACCTTTGTACGCAAG-1	SH2D1B	1
M	ACCTGCTGTTTGAAGA-1	EBF1	2
M	CTAGGATCAAGTTGCT-1	ITK	2
M	CGGTGCAAGTACAACA-1	BANK1	8
M	GTCACTCAGCCCATTA-1	EOMES	1
M	TAAACCGCACTACACA-1	PECAM1	2
M	ATGTCGAAGCCCATGC-1	SKAP1	4
M	GCGGGTTTCCATGTTT-1	NCAM1	1
M	AACATCGGTGGCGCTT-1	PAX5	1
M	TGCTATTGTCCTCAGG-1	EBF1	2
M	GTGGATTGTTCCCTTG-1	DCN	1
M	CGTACAATCGTTCTAT-1	KLRF1	1
M	CCCACATAGTCTAGAA-1	CD6	2
M	TTAGCGAAGTAGCAAT-1	BANK1	1
M	TCACTCGTCGCATAAC-1	TXK	1
M	GGAACTTGTCTAACCA-1	CD28	2
M	TTACCCGCACTAGGAG-1	GNLY	1
M	CACTGAACAAGCGACA-1	CDH1	1
M	GCCTACTAGAAGGGCG-1	FLT3	1
M	AACCTGACACATCATG-1	SH2D1B	1
M	TTACCCGAGATCCGAG-1	CSF1R	1
M	CGTACAACAATCAGGG-1	GNLY	1
M	GACCAATAGAGGTCCA-1	NCR1	1
M	ATCCAGAAGATACCAA-1	SKAP1	1
M	CAAGAAACATTGAACC-1	CD3D	2
M	AAGATAGTCGTCCCTA-1	NCAM1	1
M	GGCGAAATCCCAGCGA-1	PRF1	1
M	TCTCTGGAGTCGCCTG-1	MRC1	2
M	GGTGCTGGTATGGTTC-1	LCK	2
M	ACAAGCTTCCTGAAAC-1	PAX5	1
M	ACCATCCTCTGGCCAG-1	ITK	5
M	TCAGGTAAGCTTACCA-1	CD28	1
M	TACATGGAGCTAACAA-1	CD8A	2
M	CCTGCTAGTATGCTAC-1	SKAP1	1
M	GTGTCCTTCGAACACT-1	LUM	1
M	TAGGAGGTCACTCGGG-1	KLRF1	2
M	GGTGAAGAGAAATCTG-1	NCAM1	1
M	ATAGGCTAGCCATTCA-1	SPI1	1
M	TAATTCCAGAACCATA-1	PRF1	1
M	ACCCAAAAGCGGACAT-1	SH2D1B	1
M	AAAGGGCCATTTCACT-1	PAX5	1
M	TGCCTCAGTAATGCAA-1	ITK	6
M	CCGTAGGCAAGGCTTT-1	ITK	3
M	TCGATTTAGTTTGGAA-1	BANK1	4
M	AAACGAAAGCGGACAT-1	BANK1	3
M	TTCTAACTCTATACCT-1	EOMES	1
M	CAATCCCCACCCTTAC-1	IRF8	2
M	CGCAATACAGACTAAA-1	ITGAM	2
M	GAAAGTACAAGACTAA-1	KLRD1	1
M	ACAGCGCTCCATGACA-1	NCAM1	1
M	GCGATTATCAATTGGC-1	THEMIS	1
M	GGTGCTGCAAGGGTAC-1	EBF1	3
M	GGTCATAGTTTGTGAC-1	TXK	1
M	GCTCGAGCACGTTACA-1	KIR2DL4	2
M	CTTGCCAGTGTCTACA-1	CDH1	3
M	CACAACACAACGTAGG-1	SH2D1B	1
M	TAAGCCAGTGATGCGA-1	LCK	3
M	AATGTCGTCTCTGCAC-1	LCK	1
M	GAGGTCCAGTCCGGAA-1	PAX5	2
M	GCAACCGTCCTCCCAA-1	SFTPC	1
M	GAAACAAGTTCCCAAA-1	ITK	7
M	ACAGGCCTCATTCTCA-1	ITK	3
M	TACGCAACATGGCCGT-1	BANK1	2
M	GTCACAAAGTAGGTCG-1	MERTK	3
M	CCTGGGATCGTCTTAT-1	CD8A	1
M	ACGTTAGTCGGACGAA-1	VWF	1
M	GCCATAAAGCGCCTAC-1	BANK1	4
M	ACTGCAATCGCACAAT-1	KLRD1	8
M	TTTGCGCTCGTAGCGC-1	MS4A1	2
M	TCTAGTTCATCAGCTA-1	PAX5	1
M	CGTAAACTCTCTTCTC-1	ITK	4
M	CAACGTAGTCTGAGCC-1	TXK	3
M	GTCACAATCTTTCGAT-1	GNLY	1
M	GCTGTTCAGAGCTCCC-1	KIR2DL4	1
M	AAAGGATTCCAGTACA-1	IRF8	2
M	AGCGATTGTGATAAGT-1	VWF	1
M	TGATGCACAAAGCTGG-1	THEMIS	3
M	CTGAATGAGGAATGGA-1	ITK	8
M	AAACGAAGTGGTGGTA-1	GNLY	1
M	TTCGATTAGTGTGTAA-1	KLRD1	1
M	ACCGAATAGTGATCTC-1	CLEC9A	1
M	CCCGTTACAACAACTC-1	KLRF1	4
M	CGCTGGAAGATGAGGA-1	VWF	1
M	TGATGCATCAAACCCA-1	CD3D	1
M	CACAGATAGGGTCTGA-1	SH2D1B	1
M	GCCAGACCAACAACTC-1	BANK1	1
M	GTTATGGTCCTCTCTT-1	GNLY	1
M	GCTCCTATCGTCGCAG-1	NCR1	4
M	GAAACAAGTGAGTTGG-1	PECAM1	1
M	GCCTACTCAGATACAA-1	CD4	2
M	GCCAGACTCACTAGGT-1	CD6	4
M	GCGTTGGTCCGTTTCG-1	SH2D1B	1
M	TAATTCCTCCCAATAG-1	EBF1	3
M	GCCTACTGTCGTAGTT-1	CD28	1
M	GCGTAGCCAATGACTC-1	CD79A	2
M	TATGTTCTCAAAGTAG-1	PRF1	1
M	ACATGCAAGTAGACCG-1	ITK	1
M	CCCACATAGTCTAGAA-1	CD28	3
M	GGGAACACAGTCCTGG-1	GNLY	1
M	TAATTCCTCCCAATAG-1	IRF8	4
M	ACATGGTCAACACGGA-1	NCAM1	10
M	CCGTACTCATTGTTCT-1	CD8A	1
M	GGTTGCGTCCTATCCG-1	GNLY	4
M	CGCTATCGTCATCGTA-1	CD79A	2
M	ACTACGAGTGAGAGTC-1	NCAM1	2
M	GTGGCGTTCTTCCAGC-1	LCK	1
M	TCAGGGCTCTGGTACA-1	PAX5	2
M	TCGAGCGCAGCAACCC-1	BANK1	1
M	GAGGCTCAGAACGACC-1	TXK	1
M	TGTAGCAAGTCCCGCA-1	KRT8	1
M	TGGCCTTGTTTGCATG-1	VWF	6
M	CCATACCGTGGCATAG-1	MRC1	1
M	GTCACTCAGCCCATTA-1	LCK	1
M	ACGTGGCCACTGGGCT-1	GNLY	1
M	CCGTAGGCATAGTCCA-1	GNLY	1
M	GCTTTCGAGCATTCCA-1	KLRF1	3
M	CGCAATACATTATGGC-1	VWF	1
M	ACGTTAGTCTATATCC-1	EBF1	1
M	ACTGTCCTCCATAGGT-1	CD28	1
M	ACTGTCCAGGTTACAA-1	SKAP1	4
M	ACATGGTCAACACGGA-1	KLRD1	8
M	CTCGCTACATGCGACC-1	VWF	1
M	ATCCAGAGTTTCGTTT-1	PRF1	3
M	GAGAACGGTGCAAGCA-1	ITK	1
M	GTGTGATAGGCTTTAC-1	TXK	1
M	GCGTAGCCAATGACTC-1	NCR1	1
M	ATGTACGCAATGGCTT-1	NCR1	1
M	AAGGAGCGTACGGAGT-1	PECAM1	1
M	TGATTTCCAACGGACA-1	DCN	2
M	TAAGTGCGTGCAACAG-1	KLRD1	4
M	GTGGATTAGCTTACCA-1	NCAM1	2
M	TACTAGGAGTCGATAA-1	PRF1	3
M	TCACCTGAGTTCAGGG-1	MRC1	3
M	GTCACTCAGCCCATTA-1	CD5	2
M	AACTGGTAGCACCATT-1	LCK	1
M	CCTTAATGTTTAGGAA-1	LCK	2
M	CTTCTAATCCCAATAG-1	THEMIS	4
M	TTTGAGGTCGCGCCAA-1	EOMES	2
M	TATCGAGCAATTCTCT-1	EOMES	1
M	AATGCCACAGCGTACC-1	EOMES	1
M	TGACAACCAAGACACG-1	ZBTB46	3
M	TTCGGTCAGTTCGTTG-1	ZBTB46	3
M	AATGCCAAGGGACGTT-1	EPCAM	1
M	TCCCACATCGCCTTAC-1	IRF8	1
M	TAGGTGTGTTACGCTA-1	CD3E	1
M	TCAGCTCCAAGCAACG-1	PRF1	3
M	GCAGCCAGTTCCGCGA-1	MRC1	1
M	ATTTGTCGTGCACTTA-1	LCK	1
M	TAAGTGCCACAGTTAC-1	ITK	7
M	ACTGCAAAGTCCGGAA-1	GNLY	1
M	GCATTGAAGACTTCCA-1	NCR1	3
M	GAAGTCTAGTTATGAG-1	NKG7	2
M	ACCTGCTCAGGACCTC-1	PECAM1	2
M	CCTATTAGTACGGAGT-1	IRF8	1
M	AGGACGACAGCGCGTT-1	ITGAM	1
M	CACCACTGTACAACGG-1	KLRD1	1
M	TCAAGCATCGACTGGC-1	PRF1	2
M	GGGCCATAGGGCATTG-1	MARCO	1
M	GTGGATTCAGTAACCT-1	NCR1	2
M	TTGAGCATCCTGACCT-1	CD79A	1
M	GCTCCTAAGAGTAAGG-1	SH2D1B	2
M	AGATAGAGTTGCTTGA-1	LCK	3
M	GAGCATTTCAGGAATA-1	THEMIS	2
M	GGTGCTGCACAAACAA-1	ITK	1
M	AATGTCGTCTCTGCAC-1	COL1A1	1
M	TTCATTGTCGGTTGTA-1	KLRD1	12
M	ACCGGGTAGTGATCTC-1	NCAM1	1
M	CGGACCAGTCACAGTT-1	CD6	1
M	CCCTGATAGATACCAA-1	IL7R	1
M	CCATACCGTGATTCCA-1	BANK1	1
M	AGTTTGGGTGGACAGT-1	CD8A	2
M	TACCTATGTGCCAAGA-1	PECAM1	2
M	ACATGCAAGACTCTTG-1	COL1A1	1
M	CACCTTGTCGTGAACT-1	SH2D1B	1
M	TAACGGTGTCAGAAGC-1	LCK	1
M	TGTAAGCGTCCAAGAG-1	BANK1	3
M	CCTTAATCAAAGGCCA-1	BANK1	2
M	CAAGAAAAGACACTTC-1	KIR2DL4	2
M	AGCCTGGGTACGGAGT-1	NKG7	1
M	CTGAATGTCGGAAAGC-1	PECAM1	3
M	GCTTGCTGTGTGTGCC-1	NCAM1	2
M	GGAACTTCAGATTAAG-1	CD5	1
M	AGTTACGGTTCTTTCA-1	PRF1	4
M	GTGGATTGTTCCCTTG-1	MRC1	1
M	TCGATTTTCTGACATG-1	ITK	6
M	GTGCCAGTCGACTGGC-1	ITK	3
M	AATGCCACAGCGTACC-1	BANK1	1
M	CCCTGATTCTCTGACC-1	CD8A	5
M	GTCACGGGTAAACGAT-1	GNLY	1
M	ATTACCTGTAATGTGA-1	NKG7	1
M	ACAAAGAAGGGTAGTC-1	CD79B	1
M	TTGAGTGCACACTAGT-1	PECAM1	1
M	ATGTCGATCCGGGCAT-1	SKAP1	3
M	GCTGTTCAGAGCTCCC-1	CD3D	1
M	CGCTATCCACGACGAA-1	CD5	1
M	CCTGGGACAGAACGAC-1	CD6	2
M	CTGTTCGAGTAATCAG-1	CD6	1
M	TTCATTGTCGGTTGTA-1	SH2D1B	4
M	AAACGAAAGTTCGTTG-1	SH2D1B	1
M	TGCATTTGTGGCCTCA-1	CD160	1
M	AGTCCGGTCACAGGGA-1	LCK	2
M	GACCAATGTATTCTGG-1	THEMIS	3
M	GCTTTCGAGCATTCCA-1	IL7R	1
M	CGCAATAGTGCTTGAT-1	IL7R	1
M	GTGCTGGAGATCACCT-1	PECAM1	1
M	GGGACCTCACAGAAGC-1	SKAP1	1
M	TAGCATGTCCACCTAC-1	CD68	2
M	GACCCAGGTGCACATT-1	LCK	2
M	GTGACATCAGCAACCC-1	ITK	1
M	CCTTGCAAGCCGCAAA-1	VCAN	1
M	CGCTGGAAGCCTATAC-1	BANK1	1
M	TGGCGCAAGTCGCGTC-1	BANK1	1
M	GCAGCCATCCATCTAT-1	ZBTB46	1
M	AACATCGTCCAGGTCG-1	CD28	1
M	TGTAAGCGTCCGTGCA-1	KIR2DL4	2
M	CTCACCATCCACTAGA-1	MRC1	1
M	CAGTGTATCTCGCGTT-1	CD160	2
M	ATGGATCAGGCTGGAT-1	LCK	1
M	GGTACCGAGCCGCAAA-1	EBF1	1
M	CTACAGAAGTGGACGT-1	ITK	1
M	TGCTTTAGTTCCGCGA-1	BANK1	4
M	AGGACGAGTCAAGACG-1	CD8A	4
M	TTCAACTCAGCAACAG-1	GNLY	1
M	ACCGGGTAGTCCGTGC-1	CD79A	2
M	GAACTTGTCTCCACTG-1	SKAP1	1
M	ACCGGGTAGTGATCTC-1	CD68	1
M	ATCCTGCCAAATTCCG-1	CD6	2
M	CGATGATTCCTTTGCG-1	PRF1	3
M	ATAGTCGCACATATCG-1	THEMIS	1
M	ACCGAATTCCGCTATC-1	ITK	1
M	TATGTGGAGTAACTCC-1	BANK1	1
M	CGTACAAGTTGTGACT-1	EOMES	1
M	TAGTCCCCACAGTAGG-1	CD28	1
M	AAGGAGCAGATCACCT-1	KRT18	1
M	CAATCCCCACCCTTAC-1	PRF1	1
M	GTGCCAGTCGACTGGC-1	THEMIS	1
M	TCGATTTAGTTTGGAA-1	ITK	1
M	CTCAACCTCACATCCC-1	CD14	1
M	ACAAACCGTAAACGGC-1	VCAN	1
M	AAAGATGTCCAGTACA-1	CD79A	1
M	TCACCACGTGGAAGCT-1	SKAP1	6
M	ACATGGTCAACACGGA-1	VWF	1
M	CCTTGGTTCAGTGGTT-1	CD3D	1
M	GCATGATAGACTAATG-1	ITK	1
M	AGCTGGCCACCGAAAG-1	EOMES	1
M	TTCGGTCTCGCTACCT-1	ZBTB46	2
M	GCCCAGATCACAACAC-1	DCN	1
M	TATGTGGCACCGTCTT-1	KLRD1	3
M	CGCAATATCCCACTTG-1	KLRD1	2
M	TCAAAGCGTATTTGCG-1	CD3E	2
M	GCGGTGTTCTACTTTG-1	CD6	1
M	GCCCAGACAAACTACC-1	ZBTB46	1
M	GTTGGGCCAACTCGTA-1	PRF1	5
M	TTTGGCCTCAAAGTAG-1	CD160	2
M	TTCGGTCTCGCTACCT-1	EBF1	2
M	TGTAGCAAGCGTCTGC-1	IL7R	1
M	TCACCACGTGGAAGCT-1	NKG7	2
M	GTCTACCCATGGAGGT-1	CD3D	1
M	ACAAACCAGACTTCCA-1	NCAM1	1
M	GTCGTAAAGGCTCCTG-1	LCK	1
M	TCACTCGCACTGAAGG-1	THEMIS	1
M	TAACAGCGTGTAGGAC-1	VCAN	2
M	TCAAGGTCATTGAACC-1	BANK1	1
M	GGAACTTGTCTAACCA-1	BANK1	1
M	GGATAGGGTTCTTTGT-1	CD79A	1
M	GGTGCTGAGAACGTCG-1	CD79A	1
M	TGATGCACAAAGCTGG-1	CDH1	1
M	TATGTTCCAATTAGGA-1	VWF	6
M	TGGTCCTAGTGAGCAC-1	VWF	2
M	GTCGTAATCAAGGCCC-1	NCAM1	1
M	AACCTTTGTACGCAAG-1	ITK	6
M	ATAGGCTAGCCATTCA-1	KIR2DL4	4
M	TTCAACTGTTCTACGA-1	KLRD1	2
M	TACATGGAGCTAACAA-1	MRC1	3
M	CCTAAAGGTCCCGAGT-1	THEMIS	1
M	CAGCTAATCGCGCTGA-1	ITK	6
M	GCCTAGGTCCATGACA-1	CD14	1
M	GATCGTAAGAACCCGA-1	TXK	1
M	GCATTGACAAAGCTGG-1	KIR2DL4	1
M	TGCCTCAGTAATGCAA-1	IRF8	4
M	TTGTTGTCAAGCGACA-1	CDH1	1
M	ACCCAAATCCTAAGTG-1	NCAM1	1
M	ACGTTAGTCTATATCC-1	MRC1	1
M	CCATACCCAATCACTG-1	TXK	1
M	TCAGTCCCATATAGAG-1	LCK	2
M	TGAGTCACAGGATAGC-1	IL7R	1
M	CCTTGCAAGCCGCAAA-1	BANK1	4
M	TCGCAGGGTCAAACAA-1	BANK1	1
M	GACCCAGGTGCACATT-1	LUM	1
M	GTCACGGCAACTACTG-1	NCAM1	1
M	ACAGCGCCAGTCAGCC-1	SH2D1B	1
M	CCGTACTGTCCAGACC-1	CSF1R	1
M	GTGTCAATCTCTTCTC-1	FLT3	1
M	TTGCAGACATCCCAAA-1	VWF	2
M	GTCACGGCATTCACCC-1	CD3E	2
M	AGTCCGGCACAAGTGG-1	CD160	1
M	ATTTGTCAGCGTTAGG-1	BANK1	4
M	GGAGGATCAAGCGTCC-1	TXK	3
M	AGATTCGTCGTTTGAG-1	IRF8	1
M	ACATGGTAGCTCGGCT-1	FLT3	1
M	TAGACTGAGATCTCAC-1	KRT8	1
M	GCGAGTCGTTTAAGGA-1	VWF	1
M	GGATGAGAGGTACATA-1	SH2D1B	1
M	GGAACTTCAGATTAAG-1	EBF1	1
M	CTGAATGTCGGAAAGC-1	BANK1	3
M	AGCGTATCACTAGCCG-1	BANK1	1
M	GGAACTTTCGGAAAGC-1	PECAM1	3
M	TGACTCCGTAACCCAT-1	SKAP1	1
M	TAATCGGGTCTAACCA-1	KLRD1	1
M	GCCCGAACATTGTGAC-1	PAX5	1
M	GGTTGCGTCCTATCCG-1	ITK	9
M	CCATACCGTGATTCCA-1	TXK	1
M	GGAGAACAGACCATAA-1	CD79A	2
M	TGATTTCTCCTCTCTT-1	SKAP1	2
M	TGTAGCAAGCGTCTGC-1	THEMIS	1
M	TTCAACTAGACTAGGC-1	EBF1	1
M	CACTAAGCATCCGTAA-1	TXK	8
M	TAGGTGTGTGACGCAA-1	SKAP1	1
M	TTAACGGGTTCCCGGA-1	NCAM1	5
M	GGGCCATCAGTAACCT-1	PRF1	1
M	TTTGCGCGTTCAGTAC-1	BANK1	2
M	TACCTATGTTTAAGGA-1	CD28	1
M	GTTATTCCAGGCAAGT-1	NCR1	1
M	CAACGGCCAACAACTC-1	SKAP1	1
M	CCCTCTCCACCACGAC-1	DCN	1
M	ACAAGCTTCCTGAAAC-1	NCAM1	3
M	ACCCAAAAGCTGAATA-1	SPI1	1
M	TTGTCTACATCCTGGG-1	EBF1	1
M	CCCTCTCAGCTCCATA-1	ITK	3
M	TCACTCGTCGCATAAC-1	ITK	3
M	TCAAGGTAGAACAGGA-1	ITK	1
M	ACAATCGCAACGTAGG-1	ITGAM	1
M	AAACGAAAGCGGACAT-1	ZBTB46	2
M	GCTCGAGCACGTTACA-1	CD79A	1
M	GGGCCATGTGCCCTAG-1	SKAP1	2
M	CTCTACGCACGCTCAG-1	CDH1	2
M	ATAGGCTAGCGATACG-1	KLRD1	3
M	GAAACAATCACGGGTC-1	VWF	1
M	GACCTTCTCCGAATTG-1	NCAM1	1
M	GCCAGCAAGTGGTGTG-1	CD160	1
M	ACAGAAACATCTCTCG-1	LCK	3
M	GCAAAGGGTGCTTCCT-1	THEMIS	1
M	ACTAGGTTCCATAACG-1	THEMIS	1
M	TCAGGGCTCTGGTACA-1	EBF1	4
M	TGAATCGCATTACACG-1	ITK	11
M	GGGCCATGTGCCCTAG-1	TXK	1
M	TAGCGGCTCCCACGGA-1	ZBTB46	1
M	TGTAGCATCCGCTCTA-1	CD28	1
M	GTGGCGTGTTCTGAGT-1	KIR2DL4	1
M	GATCATGGTATCTCAG-1	COL1A1	2
M	TAGGTGTTCCTGTAGA-1	CD5	1
M	CGCAGGTGTAGATGAT-1	SH2D1B	1
M	TAGCGGCGTAGGGTTG-1	CD160	1
M	ATGGATCGTTTCGACA-1	EBF1	1
M	ATTCGTTGTAAACCCT-1	BANK1	1
M	GTTACTTAGTGATAAC-1	EOMES	2
M	GTGCACGGTTCTGAAC-1	CD28	1
M	GTACTTTCAAGATGCG-1	CD79A	4
M	GCCAGACTCCGTACGG-1	PRF1	1
M	GACCTTCTCACATTCT-1	ZBTB46	2
M	CTTGCTGGTGTTGGTT-1	NCAM1	1
M	AGGCGTCCACGCGTTG-1	PRF1	1
M	AGCCTTCGTAAACGTA-1	SH2D1B	3
M	GGATGAGTCACCCTTG-1	SH2D1B	3
M	TGTACAGGTGGATTTC-1	SH2D1B	1
M	CTGGCAGGTCATCGTA-1	LCK	3
M	GCTTAAGTCTTGTCAT-1	PAX5	2
M	CAGGGCTCACGTACAT-1	EBF1	1
M	ACAGACTTCTCGACAA-1	EBF1	1
M	ACGTGGCGTTTCGTTT-1	ITK	1
M	TCAGGTACATTGCACA-1	VWF	9
M	ACTGCGGTCCAATCCC-1	SH2D1B	2
M	CTCTACGCACGCTCAG-1	LCK	2
M	CACCTTGGTCATCAAC-1	VCAN	2
M	GACCGACGTATGCTAC-1	TXK	3
M	TTTGGTTTCGTCAACA-1	PECAM1	1
M	AGCTGTACAAGCTTTG-1	COL1A1	1
M	AGCCAGCTCTTCACTA-1	SKAP1	1
M	CAGTATGTCAACACGT-1	KLRD1	3
M	AATGGAACAAAGACGC-1	VWF	2
M	TGACTCCTCTTTGCAT-1	CD6	1
M	GTGGATTAGTAGTCGG-1	ITK	1
M	AACCAACCAATGGTAA-1	BANK1	5
M	TACAGCAGTGTGAGGT-1	TXK	8
M	CCCACATCAGGATGTG-1	CD79A	3
M	TGCGTAATCTAGCTGA-1	KLRD1	1
M	ACTAACGCACCCTTAC-1	KLRF1	1
M	GAAACAAGTTCCCAAA-1	PRF1	3
M	TGGCAATAGATTAGAC-1	PRF1	1
M	GTTGGGCAGGCTCCTG-1	SKAP1	1
M	TGGTCAATCGGTAGGA-1	SKAP1	2
M	ATTTGTCGTGATGCTT-1	SKAP1	1
M	GTAGTACTCCTCAAGA-1	CDH1	1
M	CGCACAGCACTTGCGG-1	KLRD1	4
M	CTAACTTAGGAAACTT-1	SPI1	1
M	CTTGCCAGTATTCTCT-1	PRF1	1
M	GCCCGAAAGACCATAA-1	PRF1	1
M	CCTTAATAGGTTAGTA-1	LCK	2
M	CGAGTTAGTACTTCAG-1	THEMIS	1
M	ACGTTAGAGGTAAGCC-1	THEMIS	2
M	ATGTACGGTGTCCTTC-1	EOMES	2
M	GTACTTTCAAGATGCG-1	NCR1	1
M	GGCGTTGGTTCTGAGT-1	NKG7	1
M	TTAGGTGTCGCAAGCC-1	FLT3	2
M	CCTAAAGAGTAATCAG-1	NCAM1	2
M	CCCACATAGAGCTCCC-1	PRF1	4
M	GGAGTAGGTCATAGAA-1	BANK1	2
M	TCAAGCAGTACTTCAG-1	CD8A	3
M	GGAGTAGTCCTGGGAC-1	CD68	1
M	GTCCATCAGCTTTCCC-1	FLT3	2
M	GTGTCAATCCGGCTGA-1	CD160	1
M	ACGGATTGTAACTGAA-1	BANK1	1
M	AGCCTTCAGGTTACAA-1	TXK	1
M	GGTGCTGTCGCCACTT-1	CD8A	1
M	GGATGAGCAATCCATG-1	CD79A	1
M	AGCCCGATCCTGGAAT-1	SKAP1	1
M	TGGTCCTAGTGTCACT-1	CLEC9A	1
M	ACATGCATCTACATCT-1	KLRF1	2
M	CAGCCTTTCCCAGTAA-1	ITK	1
M	CATTCCGAGATAGGTT-1	BANK1	3
M	ACTACGAAGCGCCTAC-1	GNLY	1
M	TGTGGCGCAGTCCTGG-1	KIR2DL4	2
M	TGATTTCTCCTCTCTT-1	KRT8	2
M	TGGAAGGGTCTCTAAG-1	KLRD1	1
M	ACAAGCTTCCACTAGA-1	ITK	9
M	CTCTACGCACGCTCAG-1	ZBTB46	2
M	GCATTCCCATTCGTCC-1	CD79A	1
M	GCATTGAAGTGCAACG-1	SKAP1	1
M	CCGTACTCATTTCTTG-1	KLRD1	3
M	TGATGCATCAAACCCA-1	KLRD1	1
M	ATCCTGCCAAATTCCG-1	PRF1	3
M	CTTAATCAGAAATGGG-1	MRC1	1
M	TGTGGCGCAGTCCTGG-1	ITK	7
M	CCACGTTTCTTTATCG-1	BANK1	2
M	TAGACTGAGCAATGTA-1	ITGAM	2
M	GTCACCTAGTCGGGAT-1	KRT18	2
M	GTAGTACCATGGCCTG-1	KLRD1	4
M	ACCCAAAGTTAGAGAT-1	PRF1	2
M	GATTAGCCAAACCCTA-1	PRF1	1
M	GGTCATAAGATTCCGT-1	THEMIS	1
M	GGTCATACATAGAATG-1	CSF1R	1
M	GAGAACGCAGCAACAG-1	BANK1	14
M	ACGTTAGAGTTACACC-1	BANK1	2
M	TTCGTTAGTCAGAGTG-1	TXK	1
M	AACCTGAGTACTTGAC-1	CD28	1
M	AGTGCCGTCTGGCGCA-1	CD8A	1
M	GCCTAGGTCTGGCACG-1	NCR1	2
M	ATCCAGAGTTTCGTTT-1	NCR1	1
M	CACCTTGTCAGTGTGT-1	COL1A1	1
M	TGCCTCAGTAATGCAA-1	KRT8	1
M	TACTGCCGTCTGATTG-1	EBF1	1
M	TGAATCGAGAGCGGTT-1	ITK	4
M	TGGTCCTGTGCCCGAT-1	PECAM1	2
M	GAGGATGCAGGCAAGT-1	SKAP1	1
M	CATGCCTGTCAGAGTG-1	LCK	1
M	TGATGCACAAAGCTGG-1	ITK	8
M	CTGTTCGAGTAATCAG-1	ITK	5
M	CTAGGATCAAGTTGCT-1	ZBTB46	1
M	AGCCTCTAGGAAGAAC-1	MERTK	1
M	TCACAGATCAAGTTGC-1	NKG7	3
M	GCGCATGTCGCGCCAA-1	NKG7	1
M	CAAAGCTAGTTCAGGG-1	SH2D1B	1
M	AGCCCGACAGGTGGTA-1	THEMIS	1
M	ACCCAAAGTTAGAGAT-1	BANK1	6
M	GGGTTATCAATTCTCT-1	TXK	2
M	AAGGAGCCACGATTAC-1	KLRD1	3
M	TGGACATAGTTCTCCC-1	ITK	3
M	CGCAATATCCCACTTG-1	MERTK	3
M	CGCAATACAATGCCAT-1	CD79A	1
M	CCAATGACAGGTGGTA-1	SKAP1	2
M	TTGTCTATCTCCACTG-1	KLRD1	4
M	CCCTCTCGTTGGTAAA-1	LCK	2
M	TGATGCATCAAACCCA-1	BANK1	2
M	GATTAGCGTGGAGTGT-1	TXK	1
M	CACCACTAGCACACCC-1	PECAM1	2
M	CCATACCCACTGATAC-1	IRF8	1
M	GCACCTTCACTGTTAG-1	VWF	3
M	TCGCCTATCCATATCT-1	NCAM1	7
M	AGGCCTGAGTCAGGAC-1	SH2D1B	3
M	CCGTAGGGTACTAGAA-1	ITK	1
M	ATGTCTTCATTGCCTC-1	CD14	5
M	GTGCACGGTTCTGAAC-1	BANK1	1
M	GCCCAGAGTGGTAGAC-1	IRF8	1
M	ACAAAGATCCAGCACG-1	NCAM1	1
M	AACGGGAAGGGACGTT-1	ITK	8
M	GCCCAGACAAACTACC-1	EOMES	3
M	TAACGGTCAGCAACAG-1	CD79A	1
M	TGCCTCAGTAATGCAA-1	SKAP1	7
M	TCAGTCCTCAGTCACA-1	SKAP1	1
M	CAACGTAAGGGCGAAG-1	EBF1	5
M	ACAAGCTTCCTGAAAC-1	EBF1	2
M	AGCCTGGGTACGGAGT-1	CD8A	3
M	TTCATTGTCGGTTGTA-1	KLRC1	1
M	AACCTGACACATCATG-1	KLRD1	10
M	GGCGTTGCATCAGAAA-1	KLRD1	1
M	TGCCTGTTCGGTCTCT-1	KLRF1	2
M	GGCATTATCCAGTACA-1	PRF1	1
M	AGTTTGGGTCATAAGA-1	CD160	1
M	AGCCTTCGTAAACGTA-1	THEMIS	1
M	CTTCTAAGTCGATTAC-1	EBF1	6
M	TGTACAGCACCACGAC-1	VCAN	1
M	GTTACGAAGCGTTGCC-1	VCAN	1
M	CAAAGCTAGTTCAGGG-1	BANK1	1
M	CGCTATCCAACATAAG-1	TXK	1
M	CAGCCTTAGGCACTAG-1	TXK	1
M	TAGCACATCAACTTGG-1	ZBTB46	3
M	CAACGGCCAACAACTC-1	COL1A1	1
M	AACAAAGGTAAAGCTA-1	SKAP1	2
M	CTCGCTATCGCCCTTA-1	PRF1	3
M	TTCTAACTCTATACCT-1	EBF1	1
M	TCACAAGCAGCTTACA-1	ITK	4
M	CATTCATGTATGGATA-1	BANK1	5
M	GCCCAGAGTCCCTAAA-1	NKG7	1
M	TCACCACGTAGTTTGC-1	LUM	1
M	AGTCAACTCTAAGGTC-1	VWF	1
M	AAACTGCGTACAAGCG-1	CD3E	1
M	CCCACATCAGGATGTG-1	NCAM1	1
M	TAATTCCTCGAGTGTT-1	SH2D1B	3
M	CTTAATCCACAGAAGC-1	CD160	1
M	GGATGAGTCACCCTTG-1	PAX5	2
M	GGGCCATCATGTGAGG-1	BANK1	1
M	GGAGTAGCATTTGGTG-1	TXK	14
M	GCAGCCATCAGTAGTC-1	CD28	1
M	ACTCGGGAGGCTTCGC-1	MERTK	2
M	TCAGTCCAGGGAAGCG-1	CD8A	5
M	AGGACGATCCACGAGC-1	PECAM1	3
M	GCTCCTACATAGAATG-1	KLRD1	1
M	GAGGCTCAGAACGTCG-1	KLRF1	2
M	AGATAGAGTTGCTTGA-1	CD3G	1
M	CTCCCAATCATTCATC-1	MRC1	1
M	ATCGAGTTCCTAAGTG-1	IL7R	3
M	TTCGGTCTCGCTACCT-1	EOMES	2
M	GGCGAAATCCCAGCGA-1	CD79A	2
M	GAAGAGCGTACAAGCG-1	SKAP1	1
M	GGCACGTCAAAGAGAG-1	SKAP1	1
M	CCCTGATCAACACGGA-1	IRF8	3
M	GAGCGCTTCGGCTATA-1	CD6	1
M	CTCAGCTTCTCTTAAC-1	CD79A	1
M	CATGCCTCACCCTTTG-1	LYZ	1
M	TGATTTCTCCTCTCTT-1	VWF	5
M	CCACGTTTCCATGTTT-1	VWF	2
M	TCGAGCGGTGATGCTT-1	CD3E	1
M	ACATGCAGTATTTGCG-1	MRC1	2
M	AGATTCGTCATCGCCT-1	EBF1	3
M	CCTAAAGGTCCCGAGT-1	IL7R	1
M	AGCCCGATCGCATAAC-1	TXK	1
M	GAGACTTCAGATTGTC-1	GNLY	1
M	AGTTACGAGTCCTTCC-1	SH2D1B	2
M	TTCTGTAAGACCCATT-1	ITK	2
M	GCACGCATCGGCTATA-1	TXK	1
M	AGCTGGCCACCGAAAG-1	CD28	2
M	GCTCCTAAGATATGAC-1	CDH1	2
M	AGGCGTCTCGATTACG-1	KLRF1	2
M	CCGTACTGTCCAGACC-1	VWF	1
M	GAACCTAGTATCCTTT-1	NCAM1	1
M	CGCTATCCAACATAAG-1	CD6	3
M	ACGTGGCCAAGGTCGA-1	SH2D1B	3
M	AGCCTTCCAGAGAGAA-1	TXK	1
M	GCATTGAGTGGACAGT-1	EOMES	2
M	TCAATTCAGGGAGATA-1	DCN	1
M	GGGACCTAGACTTGAA-1	KLRF1	7
M	TTGAGTGTCCTTGACC-1	VWF	2
M	TACGCAAGTCAGAGTG-1	NCAM1	1
M	TTAGGTGCAGGAGCAT-1	PRF1	8
M	TCACTCGTCGCATAAC-1	MRC1	1
M	TTTGGTTCAGGTCCTG-1	LCK	1
M	TGAGTCATCCATATCT-1	THEMIS	1
M	TCTAGTTTCAGTGTAC-1	CSF1R	1
M	ACATGCAAGACTCTTG-1	ITGAM	2
M	ACAGCGCTCCATGACA-1	LUM	1
M	TAGCACATCAACTTGG-1	KLRF1	6
M	GTTACTTTCTTAACGG-1	VWF	1
M	TAGACTGCATATTGGC-1	VWF	1
M	GTGGATTAGTAGTCGG-1	PRF1	8
M	GCTTGCTAGAACAGGA-1	THEMIS	4
M	CCATACCAGGCTCCTG-1	ITK	5
M	GAGAACGTCTCGTAGA-1	ITK	2
M	TTGAGTGCACACTAGT-1	ZBTB46	1
M	GAGACTTCAGATTGTC-1	ITGAM	1
M	TGGACATCATCATCGA-1	PRF1	1
M	AAGATAGTCGTCCCTA-1	PAX5	1
M	CTTTGCGGTTCTGATG-1	BANK1	5
M	ACGTTAGAGGTAAGCC-1	EOMES	2
M	TCACAAGCAGCTTACA-1	MERTK	1
M	TGCTTTATCTTCCGTG-1	KIR2DL4	1
M	GAGCATTTCCTGTGGG-1	PAX5	8
M	CAACGTAGTATATGGA-1	TXK	1
M	AGGCGTCTCGATTACG-1	EOMES	2
M	GGAGAACGTTCGGGAA-1	NKG7	3
M	ACTGTCCAGGTTACAA-1	CD68	2
M	GAGCGCTTCGGCTATA-1	VWF	16
M	TGTAGCATCCGCTCTA-1	TXK	2
M	GCATTGATCTCTCAAT-1	MARCO	2
M	AAAGGATTCACATTCT-1	PECAM1	1
M	ACAAGCTTCCTGAAAC-1	CLEC9A	1
M	ATTGTGGCATCCATAG-1	CD3G	1
M	TGGTCAATCGGTAGGA-1	CD5	2
M	TGCACCTTCGATTACG-1	PAX5	3
M	AAATGAGGTTAGTAGA-1	CD28	1
M	CAATCCCCACCCTTAC-1	KIR2DL4	3
M	AATGCCACAGCGTACC-1	NKG7	2
M	GCAGATTTCCGCGATG-1	PECAM1	1
M	TCGCAGGAGACTTCCA-1	SKAP1	1
M	AAGATAGAGCCAGAAC-1	CD160	1
M	ACATGCAAGACTCTTG-1	ITK	5
M	GGGACCTTCATAGGTC-1	ITK	1
M	CTCCCAATCATTCATC-1	TXK	2
M	TAGGAGGCAGTATCTG-1	MARCO	1
M	AGATTCGTCGTTTGAG-1	CD8A	1
M	AGTGCCGAGGCTCAGA-1	KIR2DL4	1
M	TCACTCGCACTGAAGG-1	NKG7	1
M	AAACTCGCACCGAAAG-1	FLT3	1
M	CTCCCAAAGAAGCCGT-1	KLRD1	6
M	CTCAGCTTCTCTTAAC-1	NCAM1	1
M	CCTTAATGTTTAGGAA-1	NCAM1	4
M	AGCGATTCAGGGCTTC-1	NCAM1	2
M	CAGCCTTAGAACCATA-1	MRC1	1
M	GCATTGATCGATAGGG-1	SH2D1B	3
M	AAACGAACACTTACAG-1	SH2D1B	1
M	ACGTTAGTCACTTACT-1	NKG7	1
M	CCGTAGGTCACTAGCA-1	KLRD1	4
M	CACTAAGGTTTGCATG-1	KLRF1	1
M	TGGTCCTGTGCCCGAT-1	NCAM1	3
M	GGAGAACTCACTCCCA-1	PRF1	2
M	GAGATTCCAACGTAGG-1	LCK	1
M	GAACGTTTCTATACCT-1	ZBTB46	1
M	GCCTACTAGAAGGGCG-1	ZBTB46	1
M	CCGTAGGAGCTCGTTA-1	CD79A	1
M	TACGCAAGTCAGAGTG-1	PECAM1	2
M	GTCCATCAGTCCCGCA-1	COL1A1	1
M	ACTGCAAAGTCCGGAA-1	CD3D	1
M	CCTAAAGCACGCGCAT-1	NCAM1	5
M	TTTGTGTCATCGGCCA-1	NCAM1	1
M	ACATGCAGTCTGTGTA-1	CD6	1
M	TTGAGTGCACCACGAC-1	THEMIS	1
M	GAGGATGGTGGACCAA-1	BANK1	1
M	TGGACATTCTTACTCA-1	EOMES	1
M	CTCCCAATCACAGGGA-1	EOMES	1
M	GTGCTGGAGCTACGTT-1	EPCAM	2
M	GCCTAGGTCCATGACA-1	SKAP1	3
M	AATGCCATCGTGATAC-1	IRF8	3
M	GCCTAGGCACCCTTTG-1	PRF1	6
M	ATGTCTTAGAGCTGTG-1	ITK	3
M	AGATTCGAGGTACTCT-1	TXK	6
M	TGCATGATCGCTTCAC-1	TXK	2
M	TTAGCGACACGATTAC-1	NCR1	1
M	TCGGGACGTCCGTAGC-1	PECAM1	1
M	TACTGCCCATGGATGG-1	LUM	1
M	GCGAGTCTCCAACAAC-1	KLRD1	4
M	ATGTCTTCATTGCCTC-1	CD6	2
M	TAGTCCCCACAAGGGT-1	MARCO	1
M	CATGCCTCACCCTTTG-1	GNLY	1
M	GCGTAGCCAATGACTC-1	KIR2DL4	3
M	TGACAACTCTCATATC-1	KLRD1	3
M	ACTACGATCCACGGCA-1	VWF	1
M	GAGCATTTCCTGTGGG-1	MS4A1	3
M	AACGGGAAGGGACGTT-1	SPI1	1
M	CCCTGATAGGTCTTTG-1	SPI1	1
M	CATTCATAGAAAGCAG-1	BANK1	1
M	GGTGAAGAGAAATCTG-1	DCN	1
M	TACATGGCAGCAACAG-1	KLRD1	1
M	AGTCCGGTCGCCTTAC-1	KLRD1	6
M	GTCACCTGTAACATAG-1	LCK	4
M	ATCCAGAGTAGGTGAC-1	THEMIS	1
M	CTACTTACACGCGTTG-1	EBF1	1
M	GCCTACTGTAATGCAA-1	EOMES	2
M	ACAAACCAGTGTCCCG-1	EOMES	1
M	GCGATTACATGCGTTA-1	ZBTB46	2
M	CTGGCAGCATGGGACA-1	MERTK	1
M	GTGTCAATCTCTTCTC-1	CD8A	4
M	ATAGTCGCAGGCTACC-1	CD8A	1
M	AGCCAGCGTGCACATT-1	SKAP1	2
M	TAGTCCCCACACACCG-1	CLEC9A	1
M	TATGTGGTCGTTCTAT-1	CD3E	2
M	TACTGCCGTCTGATTG-1	MRC1	1
M	AGCCAGCAGCTTACCA-1	ITK	1
M	TGCATTTGTCCAAGAG-1	BANK1	2
M	CACTAAGGTTTGCATG-1	NKG7	1
M	CATTCCGAGATAGGTT-1	IRF8	1
M	TCCCACATCGCCTTAC-1	ITGAM	1
M	TACAGCACATAGCAGG-1	KLRD1	2
M	TGTAGCAAGTCCCGCA-1	MRC1	3
M	AGACAAAGTACCCACG-1	MRC1	1
M	TGTACAGGTGGATTTC-1	EOMES	1
M	ATGTCGACAGGTGTGA-1	PECAM1	1
M	GGAGGATTCTAGCAAC-1	KLRD1	10
M	GTCACCTGTAACATAG-1	IL7R	2
M	GGCATTAAGAGTGGAA-1	BANK1	1
M	GGACACCCAAGAGCGT-1	TXK	1
M	TAACGGTGTCAGAAGC-1	EOMES	2
M	CGCGCAACACAATAAG-1	EOMES	2
M	CATTCCGGTACGGAGT-1	ZBTB46	3
M	ACCAAACTCAGGGTTT-1	KIR2DL4	1
M	TTACCGCGTACGCAAG-1	IRF8	1
M	TAACAGCAGGGTCCCT-1	CD4	1
M	CGGTGCACAAGTTCGT-1	CD160	1
M	AGTTACGGTTCTTTCA-1	PAX5	2
M	ACAATCGAGATATGTG-1	BANK1	1
M	GGTTGCGAGGCCAATG-1	GNLY	1
M	ACCATCCTCGTTTGAG-1	SKAP1	4
M	GACCCAGGTTGAATAG-1	KLRF1	2
M	TTCGATTCAAAGACGC-1	THEMIS	1
M	TTACCCGAGATCGAGC-1	TXK	1
M	CCTTGGTTCGGTTCCT-1	EOMES	1
M	CCTTAATCAGCGTACC-1	NCR1	1
M	GGAGGATGTCCCGAGT-1	NKG7	3
M	GTCACCTAGTCGGGAT-1	CD79A	1
M	GCATGATAGACTAATG-1	SKAP1	3
M	AACGAGGCACATTGCA-1	KLRD1	6
M	AATGCCAAGGGACGTT-1	ITK	3
M	CCGTACTAGGTAGGCT-1	BANK1	1
M	GACCCAGGTTGAATAG-1	KLRD1	7
M	TTACGTTCATGGTAAA-1	CD6	1
M	GGAATCTCATGTGGGA-1	EBF1	1
M	ACATGCATCTACATCT-1	BANK1	1
M	CACCACTGTTAGAGAT-1	SKAP1	3
M	ACCGCAGGTCTGGGCT-1	IRF8	1
M	TATGTGGCAGTTCGGC-1	VWF	2
M	AGCCCGAAGATCCGAG-1	PAX5	1
M	ACTCGGGCACCTATTT-1	THEMIS	1
M	CGCTATCCAACATAAG-1	GNLY	2
M	CTTCCAGAGACTAGGC-1	NCR1	1
M	GTAGGAGGTCCGTGCA-1	NCR1	4
M	CCTGGGACAGAACGAC-1	CDH1	1
M	GCTTGCTTCCATAACG-1	KLRD1	3
M	CCCTAACTCTGGCACG-1	KLRD1	1
M	ACGTTAGTCTATATCC-1	CD6	2
M	CCTGGGAGTAACCGAG-1	PRF1	1
M	ATTACTCGTGGACTGA-1	LCK	3
M	AATACGCAGGTGTCGA-1	LCK	1
M	GGGACCTAGAGCACTG-1	PAX5	1
M	TTTGCGCCAAGACTAA-1	THEMIS	1
M	GTTACGATCGCAAACT-1	ITK	2
M	CACATGAAGGACTTTC-1	ITK	3
M	GGACACCTCTAAACGC-1	GNLY	2
M	ATCCTGCCAAATTCCG-1	SKAP1	3
M	CTTCTAAGTCGATTAC-1	CDH1	2
M	CAACCAACATGGTAAA-1	KLRD1	1
M	TCGTTCGGTTTGCGAT-1	VWF	1
M	GGAATCTAGAACAGGA-1	NCAM1	4
M	GTGTCAATCTCTTCTC-1	MRC1	2
M	TTCATTGAGACTAATG-1	LCK	1
M	AATGGAACAAAGACGC-1	ZBTB46	1
M	GGGCCATTCGTCCCTA-1	FLT3	1
M	TCACCTGAGTAGTCGG-1	PAX5	1
M	TTGCACCCATCCGTAA-1	SFTPC	1
M	GGATGAGTCACCCTTG-1	THEMIS	3
M	CAAGCTAAGGCAGTAC-1	THEMIS	1
M	TAATTCCTCCCAATAG-1	BANK1	7
M	GCCAGACAGGTCTTGT-1	CD79A	1
M	GTAGGAGAGTGAAACT-1	IRF8	1
M	TTAACGGGTTCCCGGA-1	CDH1	1
M	ATCCAGATCCTTGACC-1	CD3D	1
M	TCAGGTACATTGCACA-1	CD5	2
M	AGGACGAGTGGAGTGT-1	PRF1	1
M	CGCAATAAGTGCCCTG-1	THEMIS	1
M	TCAAGACAGTCCGGAA-1	EOMES	1
M	TGTACAGTCGCTCGGA-1	NKG7	1
M	AGGCGAAGTGATCAGG-1	FLT3	1
M	GCTGAGCGTTTGCCAA-1	CD3E	1
M	GCGATTACATGCGTTA-1	TXK	3
M	AACATCGTCCAGGTCG-1	EOMES	2
M	AGTTTGGGTGGACAGT-1	MERTK	2
M	ACCTGCTTCACTAGGT-1	MERTK	1
M	CTCAGAACATTTGGCA-1	CD79A	2
M	TAGCATGGTGTCCCAG-1	SKAP1	2
M	CCAATGACAGGTGGTA-1	KRT8	1
M	AACGTACAGGTTCTCA-1	KLRD1	9
M	AACTTGGTCGTCCCTA-1	CD4	1
M	GTCACGGTCTCCACTG-1	NCAM1	2
M	TAATTCCGTCACTCTC-1	MS4A1	1
M	CACTAAGAGCTCCGGT-1	SPI1	1
M	GAGAACGTCTCGTAGA-1	MRC1	3
M	CTTAATCCACAGAAGC-1	ITK	2
M	GCGAGTCAGAGACTCG-1	EOMES	2
M	AGCGATTGTAACGGCA-1	CDH1	1
M	GATCATGGTATCTCAG-1	KLRD1	7
M	ACTACCCTCTGATCTT-1	CD14	1
M	GCGGGTTTCCATGTTT-1	BANK1	1
M	GTTATTCCAGGCAAGT-1	NKG7	1
M	TGATTTCTCCTCTCTT-1	NKG7	2
M	GACCCAGGTTGAATAG-1	PECAM1	2
M	CAGCTGGTCCAGTTAG-1	SKAP1	1
M	CACATGATCGCCACTT-1	BANK1	2
M	CACATGAAGGACTTTC-1	TXK	1
M	ACAATCGCACGCTAAT-1	CD8A	1
M	GTAGGAGGTCCGTGCA-1	GNLY	3
M	TAGTCCCCAATTCGTG-1	CD79A	1
M	TCACAAGCAAGTTGCT-1	PECAM1	1
M	CTCTACGCACGCTCAG-1	MS4A1	1
M	GCCTAGGCACCCTTTG-1	MRC1	1
M	CTTTGCGGTTCTGATG-1	LCK	2
M	TCAGTCCAGGGAAGCG-1	PAX5	1
M	CAAAGCTGTCATAGAA-1	CSF1R	1
M	ATGTTTCAGTTGGAAT-1	TXK	5
M	GAATCTGTCCCACTTG-1	TXK	1
M	CAGCTAATCGCGCTGA-1	NKG7	1
M	CGCAGGTGTAGATGAT-1	KLRD1	3
M	ATAGGCTAGCGATACG-1	ITK	5
M	TCAAGGTAGAACAGGA-1	BANK1	2
M	ATCCTCGCATTACACG-1	EOMES	1
M	AGCCTTCGTAAACGTA-1	NKG7	1
M	TCAGGTACATTGCACA-1	COL1A1	1
M	ACATGGTAGTCAGCCC-1	SKAP1	3
M	AACATCGGTCTGGGAA-1	KLRD1	11
M	CTAGGATTCTCTGTTA-1	MERTK	1
M	GTAGACTAGGAATGGA-1	NKG7	1
M	AGCTGGCAGTATAGTG-1	CDH1	1
M	TAGCCGGAGTGTCACT-1	KLRD1	3
M	TGTGTCCTCGTCCCAT-1	LCK	2
M	CAACGGCCAACAACTC-1	EBF1	1
M	TCAAAGCGTATTTGCG-1	ITK	5
M	CATTCATAGCACCATT-1	ITK	4
M	ACAGACTGTGATAAGT-1	BANK1	1
M	AAGGTTCAGAAGCCTG-1	GNLY	1
M	CAGCTGGGTCGCTAGC-1	KIR2DL4	4
M	TTCATCAAGAGCCACA-1	CD79A	1
M	CTCACCATCCACTAGA-1	SKAP1	4
M	GTCCATCGTACGAGAC-1	NCAM1	1
M	GCCTAGGAGTGGTGTG-1	CDH1	1
M	TTGTTGTAGTCGTGAG-1	FLT3	1
M	GCCCGAACATTGTGAC-1	MRC1	2
M	ACCGCAGGTCTGGGCT-1	THEMIS	1
M	TTTGCGCCAGATACAA-1	BANK1	2
M	AATGCCACAGCGTACC-1	DCN	1
M	ACTATTCAGTCCCGCA-1	KRT8	1
M	ACGTTAGTCCATTGTT-1	KLRD1	6
M	ACTAACGGTTTCTTAC-1	SPI1	1
M	GACCAATGTCATCGTA-1	THEMIS	3
M	ACCAAACTCTACATCT-1	THEMIS	1
M	TTCGGTCTCTTTATCG-1	ITK	8
M	GTGTCCTTCGAACACT-1	CSF1R	13
M	GTCACTCAGAAATGGG-1	EOMES	4
M	TAACTTCCATTAGCAC-1	CD28	1
M	CAGGGCTCACGTACAT-1	MERTK	1
M	ACGTTAGTCCATTGTT-1	PECAM1	5
M	TTCAACTCAGCAACAG-1	IRF8	1
M	ACCATCCTCGTTTGAG-1	IRF8	1
M	AACGGGAAGGGACGTT-1	KLRD1	2
M	CACTAAGCATCCGTAA-1	VWF	3
M	TTACCGCCACTAGGAG-1	CD6	2
M	TAGTCCCCAATTCGTG-1	CD6	1
M	GAGGTCCCATGGTAAA-1	PRF1	1
M	GAACCTAAGCGCACAA-1	PRF1	2
M	ACAATCGTCTATGAGC-1	CD160	1
M	TGATTTCTCCTCTCTT-1	VCAN	1
M	TAGCACAAGCTAGTTC-1	BANK1	2
M	ATGTCGAGTCCCGAGT-1	BANK1	1
M	TGTACAGTCAGCCGAC-1	MARCO	1
M	GAAGTCTAGTAATCAG-1	IRF8	1
M	AACTGGTAGCCTATAC-1	DCN	1
M	CGCAGGTGTCAATACC-1	KLRD1	1
M	TATGTTCTCGGTTCCT-1	CD6	3
M	TGTGACATCGGCAATT-1	EOMES	1
M	GGGTGTCTCTTAACGG-1	EOMES	2
M	GTAGGAGGTATCAGCT-1	CDH1	1
M	TCAGTCCCATATAGAG-1	KLRD1	16
M	TTTGTGTCACACATGT-1	CD3G	2
M	CCCACATCAGGATGTG-1	CD6	1
M	GCTTAAGTCTTGTCAT-1	PRF1	1
M	CAAAGCTGTGGTCGAA-1	ITK	1
M	TCAGGTATCACCCTTG-1	VCAN	1
M	ATCCTCGCACACTAGT-1	EOMES	2
M	TCGGGACGTCCGTAGC-1	ZBTB46	1
M	TCAGTCCAGGGAAGCG-1	CD28	1
M	TAAGTGCCACTGTCAA-1	DCN	1
M	GCGAGTCTCCAACAAC-1	DCN	1
M	GGGAACACAGTCCTGG-1	MRC1	3
M	GCTGTTCCATCCCAAA-1	EBF1	4
M	TCGTTCGAGCTTTCCC-1	ITK	2
M	GGTGCTGGTGCTGAAG-1	CD14	1
M	TCAGGTAAGTCGTATC-1	BANK1	1
M	ACAATCGTCCTTCGAC-1	NCAM1	1
M	GCAGCCATCAGTAGTC-1	PRF1	1
M	GGGACCTAGACTTGAA-1	MRC1	1
M	GAGGCTCGTAACGGCA-1	PECAM1	1
M	CAGTGTAGTCAACAGG-1	SKAP1	4
M	ACGTGGCAGCTGAGGT-1	SKAP1	1
M	GAGCATTCACGACGAA-1	KLRC1	1
M	TTCAACTAGTTACCAC-1	KLRF1	1
M	TAAACCGCACTACACA-1	CD6	1
M	AACAAAGAGACCGCAA-1	THEMIS	1
M	ACGTGGCCAAGGTCGA-1	KLRD1	10
M	TTAGCTTAGGCCAGTA-1	CLEC9A	1
M	GTGTCAATCTCTTCTC-1	PRF1	2
M	AAGGAGCAGATCACCT-1	SH2D1B	1
M	ACAAGCTTCCGTTAGA-1	SH2D1B	1
M	ACGTTAGTCCATTGTT-1	CD1C	1
M	TCTAGTTTCAAGAGGC-1	PAX5	1
M	GGATAGGGTTCTTTGT-1	THEMIS	2
M	GATCGTAGTCCACCAG-1	THEMIS	1
M	GGAGGATTCTTGCGCT-1	EBF1	1
M	CGTACAAGTTGTATCG-1	EBF1	1
M	GGGCCATGTCTGTTGA-1	KLRD1	3
M	GCAGATTTCTGGCACG-1	VWF	2
M	GTAGTACGTCAGCAAG-1	MS4A1	1
M	GCTCGAGAGCCGCAAA-1	SH2D1B	1
M	ACGTGGCCACTGGGCT-1	LCK	1
M	TGCTCACTCCGGGCAT-1	ITK	7
M	TAGGTGTTCCTGTAGA-1	KIR2DL4	2
M	TTACCGCAGGCAATTA-1	SKAP1	2
M	TCAAGACCAGCAACGA-1	IRF8	1
M	CGCTATCGTCATAGCT-1	PAX5	1
M	TCAAAGCTCTGTGTGA-1	EBF1	2
M	CCCTGATCATGGCCCA-1	ITK	1
M	TGCCTGTTCGAGAAGC-1	BANK1	1
M	TACTAGGAGTCGATAA-1	EOMES	2
M	GCTGAGCAGTCGAGCA-1	CD28	1
M	GTTGGTAGTAGTCTGT-1	CD8A	1
M	TTGTTCATCGTATAGC-1	ITGAM	1
M	TAGCCCTGTATTCGCA-1	KLRD1	3
M	CACCACTGTACAACGG-1	CD3G	1
M	GCGTTGGTCCCACTTG-1	NCAM1	1
M	CCAATGATCTTCTTCC-1	PAX5	1
M	GGGACCTTCATAGGTC-1	VCAN	1
M	AGGCCTGAGTCGATAA-1	NKG7	1
M	ATTGTGGGTACGGATG-1	KRT8	1
M	TAAGTGCCACAGTTAC-1	KLRF1	2
M	TTACGTTCATGGTAAA-1	CD28	2
M	TAGGAGGTCACTCGGG-1	GNLY	1
M	GGGTCTGCACTCAAGT-1	PECAM1	1
M	AACCGATAGAGAAGCA-1	SKAP1	4
M	GCTGCGAGTCATAAGA-1	KLRF1	1
M	GTCACAAGTTCTGATG-1	NCAM1	1
M	CGCAATATCGACTGGC-1	LCK	1
M	GTAGACTTCTCTCAAT-1	PAX5	1
M	GCGGGTTCACAACGGA-1	VCAN	4
M	ACAGGCCAGCGGACTA-1	EOMES	1
M	CCTTGCATCTCTGACC-1	MERTK	1
M	TGACTCCGTGCACATT-1	CD3E	1
M	ACTACGATCCTGACCT-1	NCAM1	2
M	GAAGTGGAGGCTAAAT-1	PRF1	2
M	GAAGTGGGTCCCGAGT-1	THEMIS	3
M	CACTGAACAACAAACA-1	EBF1	1
M	CCTGGGAAGCCATTCA-1	ITK	1
M	GCCTAGGCACCCTTTG-1	TXK	2
M	GTAGACTTCTCTCAAT-1	PECAM1	2
M	GAATCTGTCGAGTGTT-1	PECAM1	1
M	CTGTTCGAGTAATCAG-1	SKAP1	2
M	TGATGCACAAAGCTGG-1	SKAP1	5
M	ACGGATTTCGATAGGG-1	IRF8	1
M	GCGATTATCTCCCTTT-1	CDH1	1
M	CACTAAGCATCCGTAA-1	CDH1	1
M	GCTGCGACACCATTCC-1	NCAM1	1
M	ACTAACGGTTTCTTAC-1	PRF1	3
M	GTACTTTTCGTCTTAT-1	LCK	1
M	GCTCCTAAGATATGAC-1	ZBTB46	1
M	TCAGCTCCAAGCAACG-1	ZBTB46	1
M	TTGACGATCACCGCGA-1	NKG7	2
M	CCCTAGTAGTAACACA-1	KRT8	1
M	TTGACGAGTTACCACA-1	KLRD1	1
M	ATCCAGAGTTTCGTTT-1	EBF1	1
M	CCTATTAAGATCTAAG-1	CD14	1
M	AGGACGATCCACGAGC-1	SKAP1	5
M	TGGACATAGTTCTCCC-1	SKAP1	5
M	TCGATTTAGTTTGGAA-1	ITGAM	1
M	TAGTCCCCAATTCGTG-1	NCAM1	3
M	GGTGAAGAGAAATCTG-1	BANK1	1
M	TGCATTTGTGGCCTCA-1	KIR2DL4	1
M	GCCCGAAGTTCCATCC-1	PECAM1	1
M	GCAAAGGTCCAGTACA-1	SKAP1	2
M	GCCAGACTCACTAGGT-1	PAX5	2
M	TAGCACATCTGAGTCA-1	MERTK	2
M	GCGTTGGAGCTATCGT-1	ITGAM	1
M	AATGGCTAGTAGTTCC-1	KLRD1	2
M	CTCGCTACATGCGACC-1	NCAM1	2
M	AGCCTGGGTTGAAGCG-1	CD160	1
M	TGATTTCTCCTCTCTT-1	LCK	6
M	ACGTTAGTCGGACGAA-1	LCK	1
M	AACAAAGAGCATGATA-1	ITK	2
M	TTACCCGGTAGTCTGT-1	IL7R	1
M	TTACCGCCACTAGGAG-1	MERTK	1
M	AGGCGAATCCATATCT-1	KLRD1	1
M	GGTTGCGAGGCCAATG-1	CD6	1
M	CTCTCAGAGAAACGCC-1	SH2D1B	1
M	GGAATCTCATGTGGGA-1	CSF1R	1
M	TCAGGGCTCTGGTACA-1	BANK1	1
M	TAGCATGCAATGACTC-1	EOMES	1
M	ACTCGGGAGGCTTCGC-1	GNLY	1
M	CACTGAACAAGCGACA-1	CD79A	1
M	TACTAGGTCTTACTCA-1	PECAM1	1
M	TTGCAGACATCCCAAA-1	SKAP1	2
M	TCAGTCCCATATAGAG-1	CD3E	1
M	AGCCTTCCAGAGAGAA-1	PAX5	1
M	GTCGTAATCAAGGCCC-1	TXK	7
M	CCCTCTCTCCTTTGAT-1	TXK	2
M	GAAGTCTTCCGATGCG-1	NCR1	3
M	GCATGATTCGAGAACG-1	NKG7	1
M	TCACTCGAGTTCCCGG-1	CD79A	1
M	AGGACGACAGCGCGTT-1	CD79A	2
M	TGACTCCGTGGTTCTA-1	LUM	1
M	TAAGTGCAGCTTACCA-1	KLRD1	1
M	TGATTTCAGGAGTACC-1	CD3E	1
M	CGTACAACAATCAGGG-1	NCAM1	5
M	CAGCTGGCATTGTGAC-1	NCAM1	1
M	CCGTGAGGTCAGGCTC-1	IL7R	1
M	TCTCTGGTCTGAACGT-1	CD28	1
M	GCCAGACGTAGGTAAT-1	KLRD1	2
M	GGGTGTCTCAGGCCGT-1	VWF	3
M	ACCAAACCATGCGACC-1	LCK	1
M	TGACTCCGTTCCCTTG-1	THEMIS	1
M	TTGTTCAGTTCCGCGA-1	CD14	2
M	AGCCTTCCAGCGTAGA-1	TXK	5
M	TTCGATTGTAATGTAG-1	EOMES	1
M	AAGGAGCGTACGGAGT-1	MARCO	3
M	TAAACCGTCGTTCAGA-1	NCAM1	1
M	GTGACATCAATGGCTT-1	CD6	1
M	GTTATTCAGCTCGTTA-1	SFTPC	1
M	TTGCCCAGTACTATGC-1	VCAN	3
M	TGGACATAGTCGAGCA-1	SKAP1	1
M	TTGCTATAGACACAAT-1	KLRF1	1
M	GCAAAGGTCCAGTACA-1	PRF1	7
M	TCCATCGAGGGAGTTC-1	EBF1	1
M	GGATGAGCAAGTGGCA-1	ITK	4
M	CCCTAGTTCATTCGGA-1	BANK1	1
M	TAGACTGCACTTTGGA-1	BANK1	4
M	AGCCCGATCCTGGAAT-1	TXK	1
M	TCAAAGCGTATTTGCG-1	EOMES	2
M	TTGCAGACATCCCAAA-1	MERTK	1
M	ATGCATGAGCTCGTTA-1	PECAM1	2
M	CTTGTCGAGCGTAGCA-1	SKAP1	1
M	GCTCCTAAGATATGAC-1	ITGAM	2
M	GAACGTTGTACCCATA-1	KLRD1	2
M	GTCACCTGTAACATAG-1	KLRF1	3
M	CAGTGTATCAAGAGAT-1	NCAM1	3
M	GCGTTGGAGCTATCGT-1	MRC1	3
M	TCTATTGGTGGACAGT-1	LCK	1
M	AATGTCGGTCAGACGA-1	ITK	1
M	AGCCTTCGTAAACGTA-1	BANK1	4
M	GAGGCTCGTGAGGTCA-1	CD8A	1
M	CCATACCGTGGCATAG-1	KLRD1	2
M	TATCTGTCATCGTACA-1	VWF	1
M	GAATCTGTCGAGTGTT-1	EBF1	1
M	TTGCCCAGTCAACGGA-1	BANK1	12
M	ACTTTCACACACTAGT-1	TXK	1
M	GTACTTTCAAGATGCG-1	EOMES	1
M	TGGACATAGTTCTCCC-1	EOMES	1
M	GCTCGAGGTGCTTCCT-1	MERTK	1
M	TCAATTCTCTTTATCG-1	SKAP1	3
M	GCAGCTGTCTCTGAGA-1	ITGAM	2
M	TACTAGGCATTACCTT-1	KLRD1	6
M	AGCTGGCAGAAATACC-1	NCAM1	4
M	AACGTACAGGTTCTCA-1	NCAM1	1
M	ATGTTTCAGTTGGAAT-1	THEMIS	1
M	TGCTTTAGTCCAAGAG-1	IL7R	4
M	CCTTGGTGTTCTGATG-1	ZBTB46	1
M	TCAGGTATCACCCTTG-1	ZBTB46	1
M	AGCGATTAGCCTGTAT-1	CD8A	1
M	TCACCACGTGGAAGCT-1	NCR1	1
M	GCAGCTGAGATTAGAC-1	KLRD1	5
M	ACATGCAGTCTGTGTA-1	KLRD1	5
M	ACGTTAGTCCATTGTT-1	NCAM1	5
M	AGTCCGGCACAAGTGG-1	PRF1	4
M	GTCCATCAGGGTATCG-1	PAX5	1
M	AAGATAGCATGATCGT-1	EBF1	1
M	TTAACGGTCTTAAGCG-1	EOMES	7
M	CGTTCCATCGATAGCT-1	EOMES	4
M	AAACTCGCACCGAAAG-1	IRF8	1
M	ACAAGCTTCCACTAGA-1	CLEC9A	1
M	TGCCTCACATCTCACC-1	KLRF1	2
M	TCACTCGCACTGAAGG-1	PRF1	2
M	TTGTTGTCAAGCGACA-1	THEMIS	1
M	TATCGAGGTAGGGTTG-1	THEMIS	2
M	TTTACGTCAACGTCGC-1	CD14	1
M	TTACTTGTCCCAGCGA-1	KLRD1	9
M	GGATGAGGTGCCCGAT-1	KLRF1	1
M	CATAACGGTGAGTTGG-1	CD6	1
M	CCCTAGTTCTACATCT-1	MRC1	2
M	ATAGGCTGTGCAACAG-1	CD160	1
M	TACATGGCAGCAACAG-1	ITK	3
M	AAACGAAAGCGGACAT-1	MERTK	1
M	GGTCATAGTTTGTGAC-1	KIR2DL4	1
M	GCCTAGGTCTGGCACG-1	COL1A1	2
M	TTGCACCCAGGGTAAC-1	PRF1	2
M	ATCGAGTCACACTAGT-1	SH2D1B	2
M	GAAGTCTAGTTATGAG-1	ITK	5
M	CCCTAGTAGTTATGAG-1	ITK	1
M	CGATGATTCTATCTTG-1	ZBTB46	1
M	TCACCTGAGTTCAGGG-1	CD4	2
M	TAGGTGTTCCTGTAGA-1	KLRD1	8
M	GGTGCTGTCAATTGGC-1	VWF	1
M	AGGCGTCGTTAAGTCC-1	NCAM1	6
M	CATGCCTAGGGAGTTC-1	SH2D1B	2
M	TGCTATTAGTGCTGAG-1	CD160	1
M	GAAGTCTAGTTATGAG-1	THEMIS	3
M	ACCCAAAAGCGGACAT-1	EBF1	1
M	GGAGGATTCGGTTGTA-1	IL7R	1
M	GGTGTCGAGACAACGC-1	BANK1	5
M	GCGAGTCAGTAGACCG-1	BANK1	7
M	GGAGGATGTCCCGAGT-1	KLRD1	1
M	TGCCTGTTCGGTCTCT-1	CD160	2
M	TCTAGTTTCAGTGTAC-1	LCK	1
M	TAGGAGGTCACTCGGG-1	BANK1	3
M	ATCCAGAGTTTCGTTT-1	BANK1	9
M	TGTAAGCTCCCAGCAG-1	TXK	1
M	GAGGCTCAGAACGTCG-1	CD8A	3
M	GGGCCATTCGTCCCTA-1	KLRD1	2
M	CCCTAACCAACTCGTA-1	PRF1	1
M	GTTGGTAGTAGTCTGT-1	EPCAM	1
M	TTTGGTTTCGTCAACA-1	CD79A	1
M	ATGTCGAAGAGCCACA-1	PECAM1	1
M	GTAATCGCAATGTAAG-1	COL1A1	1
M	AGCCTTCTCTCCTTAA-1	COL1A1	1
M	GACCCAGAGGTCTTTG-1	IRF8	2
M	AATACGCAGGTGTCGA-1	KLRD1	5
M	CGCTGGACATTGTTCT-1	CD6	1
M	GATCATGGTATCTCAG-1	SH2D1B	4
M	GTGTCCTAGTACAGAT-1	BANK1	1
M	AACTTGGTCGTCCCTA-1	EOMES	4
M	AGCGTATCACTAGCCG-1	MERTK	1
M	GGGAACACAGTCCTGG-1	CD8A	2
M	TGCGTAACATGGTTTG-1	CD8A	1
M	TCAGGGCGTCCAAGTT-1	GNLY	1
M	AACCAACTCGGTCAGC-1	SKAP1	1
M	GGTGCTGGTGCTGAAG-1	KLRD1	3
M	GCTTTCGAGCATTCCA-1	CD6	2
M	GCCTAGGTCTGGCACG-1	ITK	7
M	TATGTGGAGTAACTCC-1	GNLY	4
M	TTAGCTTAGGCCAGTA-1	NCR1	1
M	TAAACCGTCGTTCAGA-1	NKG7	1
M	GCGCATGGTGAGAGTC-1	KLRD1	1
M	CACCACTAGCACACCC-1	CD3D	2
M	CTTCCAGAGACTAGGC-1	NCAM1	2
M	GTCACCTGTGAGTTGG-1	SH2D1B	3
M	GAAGTGGAGGCTAAAT-1	SH2D1B	1
M	GCTTGCTTCAGAGTGG-1	LCK	2
M	GCTCACTGTGCTTGAT-1	IL7R	1
M	GTAGGAGGTCCAAGTT-1	CD8A	2
M	TGCATGATCTGTTGCC-1	KLRD1	1
M	GGCATTAGTACCGGCT-1	SH2D1B	1
M	CACAGATAGGGTCTGA-1	EBF1	1
M	TGGTCAAGTGATCAGG-1	CD28	2
M	CTCCCAATCATTCATC-1	GNLY	1
M	GTGTCCTCAAGATTAG-1	KIR2DL4	1
M	GGAACCCGTCCGAGCT-1	NKG7	1
M	GGTTGCGTCTCTTAAC-1	PECAM1	1
M	TGTGGCGCATTAGCCA-1	IRF8	3
M	GCTCAGGAGCCATCAT-1	KLRD1	7
M	GAAACAATCGCCAGAC-1	CD3D	1
M	TAGCTTTTCAGTCTTT-1	NCAM1	1
M	AACCAACCATTAACGC-1	CD6	2
M	GGTGTCGAGGGTTCTT-1	PRF1	1
M	TTCGTTATCCGCGATG-1	PRF1	2
M	AATGCCAAGGGACGTT-1	LCK	1
M	CAAGCTAAGGCAGTAC-1	EBF1	4
M	TGCTTCGGTCTCTAAG-1	SKAP1	1
M	GCGTAGCAGAAGCCGT-1	KLRD1	5
M	CCAATGAAGGGTTCCC-1	PAX5	3
M	TGGAAGGAGTGAAGGA-1	IRF8	1
M	GCAGATTGTCTGTGTA-1	PRF1	3
M	TTCGCGTAGGTTGTTC-1	CD160	1
M	GTTATTCAGCTCGTTA-1	CD160	3
M	CTTGAAGGTGCTGGCT-1	BANK1	1
M	GCTTGCTTCCATAACG-1	EOMES	1
M	AGCTGTACATGTAGAA-1	CD8A	1
M	TTATGTCCATTCCCGT-1	FLT3	1
M	TTGTTCATCGATAGCT-1	CLEC9A	1
M	AACATCGTCCGGGCAT-1	CD3G	1
M	GGATGAGCAGTAACGG-1	LCK	1
M	CACCACTGTTCTTTCA-1	LCK	2
M	GCGATCGCAACGTACT-1	THEMIS	1
M	CAACCAATCTATACCT-1	CD28	1
M	TCGATTTTCTGACATG-1	CD8A	1
M	TCGATTTCATATTGGC-1	CDH1	1
M	GGGAACACAGTCAGCC-1	KLRD1	2
M	TAGTCCCAGGACTAGC-1	KLRD1	1
M	GCAGATTTCCGCGATG-1	VCAN	1
M	GAACGTTTCTATACCT-1	CD79A	4
M	CCTTGCAAGGCTCCTG-1	KLRD1	2
M	TTACCCGAGATCCGAG-1	VWF	2
M	ATTTGTCCACCTGAAT-1	LCK	2
M	GGTGAAGAGAAATCTG-1	THEMIS	2
M	CACTGAACAAGCGACA-1	THEMIS	1
M	GGATGAGCAATCCATG-1	EBF1	3
M	AGGACGATCCACGAGC-1	EBF1	1
M	AAAGATGTCTGCGTCT-1	VCAN	1
M	ATTTGTCGTGCACTTA-1	CD8A	1
M	TCAGGTATCACCCTTG-1	NCR1	1
M	GCTGCGAGTCATAAGA-1	KIR2DL4	1
M	GTCACCTAGAAATTCG-1	PECAM1	3
M	TGTACAGGTTTGCGAT-1	PECAM1	3
M	ATCCAGACACCTGAAT-1	SKAP1	2
M	CTAACTTAGGAAACTT-1	SKAP1	5
M	CATGCCTCATCTCACC-1	CD3G	1
M	CTTCTAATCCCAATAG-1	NCAM1	1
M	TTCGGTCCAAGGTCGA-1	THEMIS	1
M	TTCTAACAGGAGTACC-1	THEMIS	2
M	CGTTCCAAGGAGTACC-1	TXK	2
M	AACAAAGTCGAACACT-1	CD3D	1
M	GCATTGAGTGGACAGT-1	LCK	1
M	AACTGGTTCGTTCCGT-1	EOMES	1
M	CCGTAGGCAAGGCTTT-1	PECAM1	1
M	GCGAGTCTCCAACAAC-1	COL1A1	1
M	GGCGAAATCCCAGCGA-1	SKAP1	2
M	TGCATTTCAACTCAAC-1	NCAM1	1
M	GTCACGGCATTCACCC-1	NCAM1	4
M	AATGGCTGTGTCGTGC-1	SH2D1B	1
M	TGCCTCATCGATTACG-1	CD160	3
M	ACGTTAGTCTATATCC-1	VCAN	1
M	GGAATCTCATTGCGAT-1	TXK	1
M	CTCTCAGAGCAGAATT-1	KIR2DL4	2
M	ATGTACGTCTGGCGCA-1	SKAP1	2
M	GTCACTCAGCCCATTA-1	KRT18	3
M	TTACGTTCATGGTAAA-1	NCAM1	7
M	TCAGGGCGTCCAAGTT-1	NCAM1	2
M	AGATTCGTCGTTTGAG-1	NCAM1	2
M	GCAGCTGTCCAAGTCA-1	PAX5	1
M	TAACAGCTCGCCGAAC-1	BANK1	1
M	TCTCAGCGTGGACGAT-1	TXK	1
M	TCAGTCCTCTTCCGTG-1	PECAM1	2
M	AACGTACTCTTCTTCC-1	PRF1	5
M	GACCGACGTGGGTAGT-1	SH2D1B	1
M	AAAGATGGTTCCTATT-1	ITK	4
M	ACAAGCTTCCTGAAAC-1	BANK1	6
M	CGCAATAAGTGCCCTG-1	IRF8	1
M	TTGAGCACAACGTACT-1	KLRD1	1
M	TGGGTTAGTACGACCC-1	KLRF1	1
M	AGTCAACTCCGGAAAG-1	SH2D1B	1
M	TTAGGTGTCGTGATAC-1	CD160	1
M	GTGGATTAGTAGTCGG-1	SFTPC	1
M	GGAGGATCAAGCGTCC-1	BANK1	4
M	TACCTATGTGCCAAGA-1	BANK1	1
M	CACAGATCATGATCGT-1	TXK	1
M	TGAGTCAAGCAGAGCT-1	ZBTB46	1
M	GAGACTTCAGATTGTC-1	CD79A	3
M	TGCCTCAAGACGCCAA-1	COL1A1	1
M	ATTTGTCGTCTGCACG-1	DCN	1
M	CCTTGGTTCAGTGGTT-1	KLRD1	4
M	GTGCACGGTAACTCCA-1	NCAM1	2
M	TTTGAGGTCAATGCAC-1	NCAM1	1
M	GTTATTCAGCTCGTTA-1	CD5	1
M	ACCGAATGTTTCAGCA-1	CD6	1
M	CACCACTGTTCTTTCA-1	CD6	1
M	GCGCCAAGTCACCCGA-1	LCK	1
M	TCGAGCGGTGATGCTT-1	TXK	3
M	GAGGATGGTCTGTCCT-1	TXK	1
M	ACGTGGCTCGAAGCCC-1	ZBTB46	1
M	TCACAGAGTCCTATTT-1	CD8A	1
M	AGTGCCGAGTCGACCC-1	GNLY	2
M	AAAGATGGTTCCTATT-1	ITGAM	2
M	GGAACCCGTCCGAGCT-1	SH2D1B	3
M	GCGAGAACATAGCCGC-1	THEMIS	1
M	GCGAGAAAGACCTATC-1	TXK	2
M	ACTTTCACACACTAGT-1	CD8A	1
M	CTAGGATCAAGTTGCT-1	CD79A	1
M	ATTACCTCAGAACTTC-1	MS4A1	1
M	CTCTCAGAGAAACGCC-1	THEMIS	4
M	ATGTCGAAGAGCCACA-1	ITK	6
M	CGTACAATCGTGTGCG-1	ITK	10
M	CCCTGATGTCCATTGA-1	MERTK	1
M	GCTGTTCAGAGCTCCC-1	GNLY	1
M	AACGAGGCACATTGCA-1	KIR2DL4	1
M	ATCCTCGTCCGTTAGA-1	PECAM1	1
M	TCGATTTGTCAAATCC-1	CDH1	1
M	CCGTACTCATTGTTCT-1	PAX5	2
M	CACTGAATCCCAATGA-1	EBF1	1
M	GCACGGTAGGATGTAT-1	BANK1	1
M	ATCCTCGAGTGTCGGA-1	CD28	3
M	ACGTGGCAGCTGAGGT-1	KIR2DL4	2
M	CGATGATTCGATGTAC-1	SKAP1	4
M	GGGACCTAGTTGGAAT-1	CD68	1
M	GCCTAGGAGTACCTCA-1	KLRD1	3
M	CTGGGACCAACCTCCT-1	KLRD1	5
M	TAACAGCAGGGTCCCT-1	CD5	2
M	TACTGCCCAGTAAGCG-1	CD28	3
M	AGTGCGCTCAAAGTAG-1	NKG7	1
M	AACGAGGAGTCTCGAT-1	PRF1	3
M	TCGTTCGAGCAGGAGG-1	MRC1	2
M	TAGCATGGTGAGGTCA-1	BANK1	1
M	AAAGGATAGGATGTCG-1	ITGAM	1
M	GTGACATGTTTGCATG-1	KLRC1	1
M	GCTTTCGCATACCCGG-1	MRC1	1
M	GTTATGGTCCTCTCTT-1	SKAP1	1
M	CTGGGACTCCATATCT-1	KLRC1	1
M	CCATACCGTGATTCCA-1	KLRF1	3
M	GTTGGGCCAACTCGTA-1	BANK1	1
M	TCGATTTAGTTTGGAA-1	GNLY	1
M	GAGGCTCTCTGGCGCA-1	KIR2DL4	1
M	TTCTAACTCTATACCT-1	SKAP1	1
M	CTCAGAACAGCAACAG-1	BANK1	1
M	ACTGTCCTCCATAGGT-1	THEMIS	1
M	AACCGATTCGTGGTAT-1	ITK	2
M	GTGGCGTTCTTCCAGC-1	NCR1	2
M	TTAACGGCAGTTACAC-1	NKG7	1
M	CTAGCGGAGGGTAATT-1	IRF8	2
M	CCTTAATTCTAGCAAC-1	NCAM1	5
M	TTCTAACGTTTCTCTA-1	MRC1	1
M	TGCTCACCAGAACGAC-1	ITK	5
M	TCAGCTCGTGAGGGTT-1	CD28	1
M	CACCACTGTTAGAGAT-1	CD160	1
M	CCCTGATGTCCATTGA-1	THEMIS	1
M	GCATTCCCATTCGTCC-1	THEMIS	2
M	GCGAGAACAGGGTACA-1	ITK	1
M	AACCTTTTCGATGTAC-1	CLEC9A	1
M	ACTCGGGAGAGGTGGG-1	CD3E	1
M	GCGCATGTCGCTGATA-1	THEMIS	2
M	GTTGGTAGTAGTCTGT-1	CSF1R	4
M	CAGTATGGTACGTAGG-1	NCR1	1
M	TGCACCTAGACTCTTG-1	PECAM1	2
M	AACAAAGTCGAACACT-1	ITGAM	2
M	TGTAAGCTCCCAGCAG-1	VWF	1
M	ACCGGGTAGTCCGTGC-1	CD3E	1
M	TTGTTCAGTCCTTCAC-1	SPI1	1
M	CACTAAGAGCTCCGGT-1	EBF1	5
M	GTCACAACAGGTCTGC-1	ITK	5
M	TACTAGGCACTGCTTC-1	ITK	4
M	CTTTGCGAGTCCGATT-1	BANK1	1
M	GGCATTATCCAGTACA-1	EOMES	1
M	ATCGAGTTCCTAAGTG-1	GNLY	1
M	TTGCTATCACGCTGTG-1	NKG7	1
M	AGCCCGAAGGTTCTCA-1	KLRD1	3
M	AGTGCGCTCAAAGTAG-1	KLRF1	1
M	AGATTCGAGTGCACAG-1	CD5	1
M	GTGGCGTTCTTCCAGC-1	SH2D1B	1
M	CCTTAATCAGCGTACC-1	EBF1	1
M	CTCAGAAAGTGCAACG-1	CD3D	1
M	CAAGAAAAGACACTTC-1	SH2D1B	1
M	TCGATTTAGTTTGGAA-1	THEMIS	1
M	ATGTACGTCCTAGAGT-1	ITK	3
M	TTGCACCCAGGGTAAC-1	CD14	1
M	GCTGAGCAGTCGAGCA-1	MERTK	1
M	TGGCAATTCGTCTAGA-1	NCR1	1
M	CATTCCGCAACGTACT-1	PECAM1	3
M	CCTTGCACAAGCCTTA-1	IRF8	1
M	TCGAGCGCATGCGCTG-1	ITGAM	1
M	TTCAACTCAGCAACAG-1	KLRD1	4
M	GCTGTTCCATCCCAAA-1	CD6	2
M	GCACGGTAGAGTGGTC-1	LCK	1
M	TGGTCCTGTAAACGAT-1	LCK	3
M	TACATTCCAAGGAGTC-1	EBF1	1
M	GAGCATTCAGGATAGC-1	BANK1	2
M	GAGGCTCGTTCTGAAC-1	NCR1	2
M	TCAGCTCCAAGCAACG-1	NCR1	2
M	GTCACCTAGTAACTCC-1	SKAP1	1
M	TGTAGCAAGTCCCGCA-1	IRF8	2
M	ATCCAGACAATAGCGG-1	KRT18	1
M	TGCTCACTCTTGTGCC-1	KLRD1	1
M	GTCACAATCTTTCGAT-1	KLRF1	2
M	CACCTTGGTCATCAAC-1	CD160	1
M	TGCTTTAGTCCAAGAG-1	THEMIS	5
M	ACAGGCCAGCGGACTA-1	ITK	1
M	CTCTCAGGTAGTACAA-1	TXK	1
M	AATGGAAGTGATGCTT-1	CD8A	4
M	TAGACTGAGAACCATA-1	GNLY	1
M	CGTACAAGTTGTATCG-1	CD79A	1
M	TAAGTGCGTGCAACAG-1	KLRF1	1
M	CCTGCTACAAATGTCC-1	CD6	2
M	TGCTTTAAGAGCGGTT-1	PRF1	2
M	CTGCTCAAGGAGTCTG-1	VCAN	4
M	CTTGCCAGTGTCTACA-1	EOMES	1
M	TTCGGTCAGAGAGTTT-1	NCAM1	1
M	TGCGTAAAGTCAGGAC-1	CD6	1
M	AGGCGTCGTTAAGTCC-1	LCK	1
M	TTGAGTGTCCTTGACC-1	CSF1R	1
M	CCTTAATGTTTAGGAA-1	TXK	7
M	TATCGAGTCCCGGGTA-1	EOMES	2
M	TCACTCGCACTGAAGG-1	MARCO	1
M	ATTACCTTCTACATCT-1	ITGAM	1
M	TACCTATGTGCCAAGA-1	PRF1	2
M	CCATACCGTGATTCCA-1	EBF1	1
M	TCAATTCAGACTAGGC-1	ITK	1
M	GTGGATTCACGCTGTG-1	BANK1	9
M	GCCTAGGAGTACCTCA-1	CD28	1
M	CTTGAAGAGGTTGACG-1	GNLY	1
M	TCAGGTAGTGCGCTCA-1	LCK	1
M	TTACGGAGTGGAAAGA-1	VCAN	1
M	TACTCGCTCACTCGGG-1	NKG7	2
M	AATGCCAGTAGGTGAC-1	CD3D	1
M	GGACACCTCTAAACGC-1	CD6	1
M	TAGGAGGGTCTCTGGG-1	ITK	3
M	TCAAGGTCATTGAACC-1	SKAP1	1
M	GATCATGGTATCTCAG-1	CD3E	1
M	CATGTTTTCAGGAATA-1	SH2D1B	2
M	TTGAGTGAGGTTCTCA-1	SH2D1B	1
M	AATGGAACAATTCTCT-1	THEMIS	2
M	TCACTCGCACTGAAGG-1	VCAN	2
M	GAGGTCCGTCAGGTGA-1	VCAN	1
M	ATCGAGTTCCTAAGTG-1	SKAP1	4
M	TTCGATTTCAGTCTTT-1	SKAP1	1
M	ACCCAAAAGCTGAATA-1	KRT8	2
M	ACTACGATCCACGGCA-1	KLRC1	2
M	TGACAACTCGCCGAAC-1	CD6	3
M	TGCATTTCATTACTCT-1	PRF1	2
M	GGGTCTGCACTCAAGT-1	CD14	1
M	TATGTGGCACCGTCTT-1	VCAN	1
M	CGCTATCCACGACGAA-1	VCAN	1
M	TTCATCAGTACAAATG-1	NKG7	1
M	TTCTGTAAGGTGATGC-1	SKAP1	1
M	TTAACGGCAGTTACAC-1	CDH1	1
M	CCCTGATCAACACGGA-1	BANK1	3
M	GAGGCTCGTTCTGAAC-1	BANK1	1
M	CTTTGCGCATATTGGC-1	BANK1	1
M	GACCAATAGAGGTCCA-1	PRF1	1
M	CAAGAAAAGACACTTC-1	THEMIS	4
M	GACCCAGTCTCTTCTC-1	TXK	2
M	TGCATTTCACTTATGG-1	CD28	3
M	GAAGTCTAGTTATGAG-1	CD28	1
M	GTACTTTCAAGATGCG-1	CD28	1
M	GCTCGAGAGCCGCAAA-1	MERTK	1
M	TGGCCTTAGAGGTCCA-1	SKAP1	1
M	AACTGTGAGTTAGCGG-1	KLRD1	1
M	CACATGACAGGTAACG-1	NCAM1	1
M	CATTCATAGCACCATT-1	THEMIS	13
M	TTGCCCACATAGCCGC-1	EBF1	1
M	AACCGATGTGCGTTTA-1	CD14	1
M	TCGATTTCATATTGGC-1	VCAN	1
M	ACAAACCAGTGTCCCG-1	BANK1	1
M	GCATTGATCGATAGGG-1	MERTK	1
M	GAGCATTTCAGGAATA-1	NKG7	2
M	AACCAACCATTAACGC-1	PECAM1	2
M	CTTAATCCAACGCAAG-1	SKAP1	2
M	CTGGGACTCCATATCT-1	CDH1	1
M	GCTTGCTCATGGGACA-1	DCN	1
M	TACTCGCTCACTCGGG-1	PRF1	2
M	GGTGAAGGTTACGGAG-1	EOMES	1
M	AATGGCTAGTAGTTCC-1	MERTK	1
M	TTGAGTGTCCTTGACC-1	KIR2DL4	1
M	AGCTGATCATTACCTT-1	MS4A1	1
M	TGGTCCTGTGCGCATC-1	MRC1	1
M	TCAGCTCAGAGGCAGG-1	LCK	2
M	GACCCAGGTGCACATT-1	ITK	7
M	TTCGTTAAGACTAGCG-1	ITK	5
M	CGTGGCAAGCTCCGGT-1	ITK	4
M	ATCCTGCCAAATTCCG-1	TXK	1
M	AACCGATGTGCGTTTA-1	SKAP1	3
M	TAAACCGGTGTGCTTA-1	SKAP1	1
M	CTCCCAAAGAAGCCGT-1	THEMIS	5
M	TAATTCCGTCACTCTC-1	IL7R	1
M	TTCATCAAGAGCCACA-1	BANK1	3
M	ATGTCTTCATTGCCTC-1	CD28	3
M	GTAGACTCAATTGTGC-1	MERTK	1
M	CGTAAACTCGCATAAC-1	MERTK	2
M	GCCTAGGGTGGATTTC-1	PECAM1	2
M	CATTCCGAGATAGGTT-1	SPI1	1
M	GCGAGTCCAAAGGCCA-1	VCAN	2
M	CTCCCAAAGAGTCCGA-1	BANK1	3
M	TCGATTTAGTTTGGAA-1	NCR1	3
M	TAGTCCCCACAGTAGG-1	NCR1	2
M	GCTCCTAAGATATGAC-1	NKG7	2
M	TTAGCTTCATTGTGAC-1	CD79A	1
M	TATGTGGCACCGTCTT-1	COL1A1	1
M	ATGTCTTGTTGGTAAA-1	SKAP1	3
M	GGTACCGGTGCTGAAG-1	LCK	2
M	ATTACTCCACTTGCGG-1	BANK1	4
M	AACGTACTCTTCTTCC-1	EPCAM	2
M	ACCATCCTCGTTTGAG-1	CLEC9A	1
M	CCAATGAAGGGTTCCC-1	VWF	6
M	TAAACCGGTGCGTAGA-1	PAX5	1
M	GTCCATCAGCTTTCCC-1	ITK	1
M	TGATGCACAAAGCTGG-1	VCAN	1
M	GACCAATAGAGGTCCA-1	TXK	1
M	ACGTTAGAGGTAAGCC-1	NCR1	1
M	CATGCCTGTTCAGTTG-1	FLT3	1
M	TTGCCCAGTACTATGC-1	NCAM1	1
M	AAACTGCTCTTTGCAT-1	ITK	3
M	TCAGGGCGTGTACGCC-1	PECAM1	2
M	ATGTACGGTCATAGCT-1	CD79B	1
M	CTCCCAACACTGAAGG-1	SKAP1	1
M	GACCAATTCCACCTAC-1	CD4	1
M	TAACGGTTCGTCTTAT-1	VWF	3
M	TCCCACACACAAACAA-1	PAX5	3
M	GTTACGATCAGATACC-1	BANK1	2
M	TGCATTTCATTACTCT-1	BANK1	1
M	GCCAGCATCAAACCCA-1	GNLY	3
M	GCCAGCATCCCGCAAG-1	KIR2DL4	3
M	TTACCCGGTCAGTGTT-1	NKG7	1
M	TAGGTGTTCCTGTAGA-1	IRF8	2
M	TGTGGCGCAAGGAACC-1	IRF8	3
M	AACCAACTCGATGTAC-1	ITGAM	1
M	GGTGTCGAGGGTTCTT-1	PAX5	4
M	CTAGGATAGGGTGTTG-1	BANK1	1
M	ATGTCGAAGTCTCGAT-1	EOMES	2
M	TGAATCGCACTCAGCG-1	MERTK	2
M	ATGTCTTCATTGCCTC-1	MERTK	2
M	CTTGCCATCGCGTGAC-1	GNLY	2
M	TGCTTTAGTTCCGCGA-1	CD79A	2
M	TAGACTGAGCAATGTA-1	CDH1	3
M	CCTTGGTTCGGTTCCT-1	FLT3	1
M	GGTGCTGAGAACGTCG-1	CD6	2
M	TTCAACTCAAGCGAAC-1	ITK	3
M	CTGGGACCACTGTTAG-1	CD28	3
M	TGGTCCTGTGCCCGAT-1	CD8A	3
M	GAATCTGTCCCACTTG-1	CD8A	1
M	CTCAACCCACAGGAAC-1	CD79A	3
M	GTCACGGCATTCACCC-1	SKAP1	5
M	CTTCCAGCAAGCACTT-1	DCN	2
M	TAATCGGGTCTAACCA-1	VCAN	1
M	GGGACCTGTATTCTTC-1	VCAN	1
M	ACTCGGGAGGCTTCGC-1	BANK1	1
M	GGTTGCGAGGCCAATG-1	PECAM1	1
M	CAGTGTACATTGAACC-1	SKAP1	1
M	CTTGCTGTCCACGGCA-1	KLRD1	6
M	GACCTTCAGGGCGAAG-1	CD160	1
M	GAAGTCTCAGTAACGG-1	EBF1	2
M	CCCTAGTAGAGCTACG-1	EBF1	3
M	AGACAAAAGTGAAGGA-1	ITK	7
M	TATCTGTCATCGTACA-1	BANK1	3
M	ATTGTCTGTCTAACCA-1	BANK1	1
M	TGCCTCAGTAATGCAA-1	NKG7	4
M	TATGTTCCAATTAGGA-1	COL1A1	1
M	GGATGAGAGGTGTTGG-1	COL1A1	1
M	CTTTGCGGTCATAGAA-1	KLRD1	2
M	GTGGATTAGTAGTCGG-1	LCK	6
M	GGCACGTGTAGACACG-1	THEMIS	1
M	TACTAGGCATCGGCTG-1	IL7R	1
M	CGGACCATCAATTCCT-1	ZBTB46	1
M	CGTTCCATCGATAGCT-1	NKG7	5
M	GTACTTTTCGGCAATT-1	VWF	1
M	CAGTGTACATTGAACC-1	NCAM1	1
M	GCATTGAGTGGACAGT-1	SH2D1B	1
M	TTACCCGTCTTCCACG-1	ITK	1
M	TCGAGCGCAAGGAACC-1	ZBTB46	1
M	TCGAGCGAGAGAGGTA-1	IRF8	2
M	GTTGGGCAGTATCTGC-1	KLRD1	1
M	TCGGGACGTCCGTAGC-1	SH2D1B	2
M	ACTGTCCAGGTTACAA-1	ITK	3
M	TGGACATAGTCGAGCA-1	PECAM1	1
M	TGGCAATAGTTGACAA-1	KLRD1	2
M	CTCAGAAAGTGCAACG-1	KLRF1	5
M	CTACAGAAGTGGACGT-1	VWF	2
M	CCGTAGGAGGCGACTA-1	NCAM1	3
M	GCCTACTGTCGTAGTT-1	BANK1	2
M	ATCCAGATCCTTGACC-1	COL1A1	2
M	GGAACCCGTCAGAAAT-1	MRC1	4
M	ATTGTCTTCGGCATAT-1	CD160	1
M	TCTCTGGAGTCGCCTG-1	BANK1	2
M	CCTTAATCAAAGGCCA-1	NKG7	3
M	CGGACCAGTTTCAGCA-1	IRF8	1
M	TGGGTGCCATCGTGAT-1	PRF1	1
M	GTAGACTCAATTGTGC-1	PAX5	1
M	GTAATCGTCCTTCGAC-1	EBF1	2
M	AGTGCGCTCGGCATAT-1	TXK	1
M	ACTGTCCGTGTCTCGG-1	CD79A	2
M	GTAATCGCAAATTGAG-1	COL1A1	1
M	TTACGGACAGGGCTTC-1	IRF8	1
M	ACCATCCAGATGTTCC-1	VWF	2
M	TTTGCGCAGTAGACCG-1	VWF	1
M	GGCGAAATCCCATAGA-1	CD6	1
M	GCTCACTCACCTGAAT-1	PAX5	1
M	TTCATCAGTTTGAAGA-1	THEMIS	1
M	AGGACGAGTCAAGACG-1	CD28	1
M	GTCACAAGTTCTGATG-1	COL1A1	1
M	TTACCGCGTGATGCGA-1	NCAM1	2
M	GCTGCGAAGACAGTGC-1	CD160	1
M	GTGGCGTTCTTCCAGC-1	ZBTB46	1
M	ACTTTCATCTCCAACC-1	NCR1	1
M	CGCTATCTCAATCGTG-1	KIR2DL4	1
M	TTAGGTGTCGCAAGCC-1	VWF	2
M	TGTGTCCTCGTCCCAT-1	ITK	9
M	GAGATTCGTGATAGAT-1	TXK	1
M	GAGGCTCGTAACGGCA-1	SKAP1	1
M	AAGATAGCATGATCGT-1	NCAM1	3
M	GGATGAGCAGTAACGG-1	SH2D1B	5
M	TTCGATTAGTGTGTAA-1	IL7R	1
M	TTGTCTACATCCTGGG-1	BANK1	1
M	GGCGTTGAGAGCCACA-1	EOMES	1
M	TTACTCACAATTGGCT-1	NKG7	1
M	CCGAAGCCAACCTCCT-1	NKG7	2
M	TGTAGCAAGCGTCTGC-1	PECAM1	1
M	GCCCAGAGTTTCGACA-1	SKAP1	2
M	GAGAACGCAGCAACAG-1	IRF8	7
M	CGCTATCCAACATAAG-1	ITGAM	1
M	AAACTCGGTGACCAGA-1	FLT3	1
M	AATACGCGTCTCGGGT-1	CD3E	1
M	ATATTCCGTTTGCCCT-1	NCAM1	5
M	AGATTCGAGTCATACC-1	THEMIS	1
M	GTCACCTGTAACATAG-1	THEMIS	1
M	AACATCGGTGGCGCTT-1	ITK	5
M	TTGCACCCAGGGTAAC-1	TXK	8
M	GGCATTACAAGGTCGA-1	NKG7	3
M	CCGTAGGCATAGTCCA-1	PECAM1	1
M	AGATTCGTCCGTGCGA-1	LUM	1
M	GAACGTTTCTATACCT-1	KLRD1	12
M	ACAGGCCTCATTCTCA-1	KLRD1	1
M	GTAGGAGGTCCGTGCA-1	VWF	5
M	TTTGGTTGTAGACACG-1	NCAM1	1
M	TATGTTCTCGGTTCCT-1	NCAM1	1
M	TCAGGTAAGTCGTATC-1	CD6	1
M	TTCGATTAGTACAGAT-1	CD160	1
M	TTGAGTGTCCTTGACC-1	LCK	1
M	CACTAAGAGCTCCGGT-1	PAX5	1
M	GGATGAGCAAGGAAGA-1	ITK	1
M	GAACCTAAGCGCACAA-1	VCAN	1
M	GCTGTTCAGGAAGGTA-1	TXK	1
M	CTACTTACAGCAAACG-1	CD79A	1
M	TATGTGGAGTAACTCC-1	KLRF1	1
M	GAGGCTCAGAACGTCG-1	THEMIS	2
M	GCCTACTCAGATACAA-1	BANK1	3
M	TAATCGGCAATAGCGG-1	PRF1	1
M	CCATACCGTGGCATAG-1	THEMIS	1
M	GGGAACAAGATCGAGC-1	EBF1	1
M	TCAATTCAGACTAGGC-1	CSF1R	1
M	AACGTACCAAACGACG-1	VCAN	2
M	CTTCCAGCAAGCCTTA-1	BANK1	3
M	GGAGTAGAGTCTGGGA-1	NCR1	1
M	CTACTTAGTACGAGAC-1	KLRC1	1
M	ATAGGCTGTCAAGACG-1	NCAM1	2
M	CCTGCTATCTCTGCGT-1	MRC1	2
M	GTGGCGTCAAGCACTT-1	THEMIS	1
M	TAATCGGCAATAGCGG-1	NKG7	1
M	ACGTTAGGTTGAAGCG-1	SKAP1	1
M	GTGCTGGAGCTACGTT-1	KRT8	1
M	GCTTGCTGTGTGTGCC-1	KLRD1	2
M	GCCCGAAAGACCATAA-1	CLEC9A	1
M	TTAGGTGCAGGAGCAT-1	NCAM1	5
M	TTCAACTCAGCAACAG-1	PRF1	1
M	ACCGAATAGTACAGAT-1	EBF1	1
M	GCGAGTCCAAAGGCCA-1	ITK	1
M	CATAACGAGCGAATAT-1	CD14	1
M	TGGTCAATCGGTAGGA-1	BANK1	1
M	GGGACCTAGAACGTCG-1	TXK	1
M	TGCATTTGTGGCCTCA-1	NKG7	1
M	GCCTAGGTCTGGCACG-1	KLRD1	13
M	GTGGATTAGTAGTCGG-1	KLRF1	1
M	ACATGCAAGTAGACCG-1	CD6	1
M	GTGTCAATCCGGCTGA-1	PRF1	1
M	GGCATTAAGAGTGGAA-1	LCK	1
M	TGCCTCAAGACGCCAA-1	ITK	1
M	TAGCATGTCAATCGTG-1	EOMES	1
M	GAGAACGCAGCAACAG-1	CD8A	1
M	GCTCGAGCACGTTACA-1	NKG7	2
M	TCAGGTAAGCTGCCAC-1	PECAM1	1
M	CCCACATAGAGCTCCC-1	KLRD1	1
M	TAACAGCTCGCCGAAC-1	NCAM1	1
M	GTAGACTAGAAGCCGT-1	ITK	1
M	TTCGGTCTCGCTACCT-1	BANK1	4
M	GAAACAAGTTCCCAAA-1	VWF	1
M	CGCTATCCACGACGAA-1	VWF	1
M	ACATGGTCAACACGGA-1	SPI1	2
M	CCTTAATGTGATGCTT-1	SH2D1B	3
M	TTCGATTGTGCCGGTT-1	CD160	1
M	AACATCGAGTACGCGA-1	NCR1	1
M	GTAATCGCAAATTGAG-1	CD79A	1
M	GAACCTAAGGTTCGTT-1	PRF1	3
M	TTGCTATCACGCTGTG-1	TXK	3
M	GAACGTTAGGTTGTGG-1	CDH1	3
M	AAAGATGTCCAGTACA-1	KLRD1	4
M	ACTACCCCAAGTAACA-1	VWF	1
M	CACAGATAGGGTCTGA-1	NCAM1	4
M	ACATGCAGTCTGTGTA-1	NCAM1	2
M	GTCACCTAGGTCTTGT-1	PRF1	3
M	GCCAGACAGGTCTTGT-1	MRC1	1
M	GGTGTCGAGGGTTCTT-1	ITK	8
M	CACAGATCATGATCGT-1	ITK	1
M	TTACGTTCAGCAACAG-1	VCAN	1
M	GATTAGCGTGCGACCT-1	CD8A	1
M	TAGGTGTCACCGAAAG-1	PECAM1	1
M	TGCTTTAGTCCAAGAG-1	FLT3	2
M	TTACGGAGTGGAAAGA-1	SPI1	1
M	TCTAGTTGTAGTCTGT-1	SH2D1B	1
M	CACAGATAGGGTCTGA-1	ITK	6
M	AGGCGTCGTTAAGTCC-1	BANK1	2
M	AGCTGATTCAAGGCCC-1	NCR1	1
M	TAACGGTGTCAGAAGC-1	CDH1	1
M	GCCTAGGCACCCTTTG-1	ITK	7
M	GTTGGTAAGAGTAAGG-1	VCAN	1
M	TAGGAGGTCTGAGTAC-1	GNLY	3
M	GAGCATTTCAGGAATA-1	CD79A	1
M	AACTTGGTCGTCCCTA-1	PRF1	4
M	GAAACAAGTTCCCAAA-1	SH2D1B	2
M	TCAATTCTCTTTATCG-1	LCK	2
M	ACATGCAGTATTTGCG-1	ZBTB46	2
M	GCCAGCAGTAACGTAA-1	FLT3	1
M	AGTGCCGGTACGTAGG-1	KLRD1	3
M	GCCTACTAGAAGGGCG-1	CD3E	2
M	AACTTGGTCGCGTGAC-1	ITK	8
M	ACATGCATCTACATCT-1	TXK	1
M	AACAAAGAGCCTGTAT-1	TXK	1
M	TAGACTGAGATCTCAC-1	GNLY	1
M	CCAATGAAGGGTTCCC-1	NKG7	1
M	GTCCATCAGCTTTCCC-1	NKG7	1
M	GGATGAGAGGTACATA-1	IRF8	2
M	GTGTCCTTCATTGCCC-1	CD3D	1
M	TACATGGTCGCGCCAA-1	CD6	1
M	ACTAACGGTTTCTTAC-1	TXK	1
M	CACCACTGTACAACGG-1	CD28	2
M	CCTTAATGTTGAAGCG-1	KIR2DL4	1
M	GGATGAGAGGTACATA-1	CD79A	2
M	GAGGCTCTCTGATCTT-1	ITK	1
M	TGTGGCGAGAAGCCGT-1	CSF1R	1
M	CCCTGATCAAGTCTCA-1	KLRD1	1
M	TGACTCCAGGAAGGTA-1	CD3E	1
M	CGCAATAGTGCTTGAT-1	PRF1	2
M	TGTGTCCTCCGTTTCG-1	PRF1	1
M	CCAGATAAGAGATTAC-1	MRC1	1
M	GAGTGAGGTTCAGAAA-1	PAX5	1
M	CCAATGAAGGGTTCCC-1	CD14	1
M	TTACGTTCATGGTAAA-1	EOMES	3
M	TGTAAGCGTGCGTTTA-1	CD28	1
M	GGTAGGACATTAGCAC-1	KLRF1	1
M	TAGCTTTCACCGTTGG-1	VWF	3
M	GGTGTCGAGACAACGC-1	SPI1	1
M	ACCGGGTAGACTAGCG-1	ITK	1
M	GGAACCCGTCAGAAAT-1	VCAN	2
M	TGCCTGTGTACATGGG-1	TXK	3
M	GCGCATGAGGGTTCTT-1	NKG7	1
M	GGTCATAGTTTGTGAC-1	KLRF1	1
M	GGAATCTCATGTGGGA-1	NCAM1	1
M	AACGAGGCACATTGCA-1	CD5	1
M	AGTTTGGGTCATAAGA-1	SPI1	1
M	TCAGGTAGTAAGTGCG-1	LCK	1
M	TGACAACAGTGTCCCG-1	EBF1	1
M	CGCAGGTTCTGAACGT-1	BANK1	1
M	GTGTCCTAGAGCTGTG-1	KIR2DL4	1
M	GTCGTAAAGGCTCCTG-1	NKG7	1
M	AGTTTGGCAACTCGTA-1	KLRD1	5
M	AGTTTGGGTGGACAGT-1	KLRF1	1
M	GTCACCTGTAACATAG-1	VWF	2
M	GTGCTGGAGATCACCT-1	EBF1	1
M	TAGGTCACATCCGTAA-1	EBF1	2
M	TTAACGGTCATCATGG-1	BANK1	1
M	TTACCCGCACTAGGAG-1	TXK	2
M	AACATCGGTATTCTTC-1	ZBTB46	1
M	TTATGTCCATATTGGC-1	CD28	1
M	TTGGTCCAGGTGATGC-1	IRF8	1
M	CAATCCCCACCCTTAC-1	VWF	1
M	AGGCGTCTCCTTTGCG-1	CD6	1
M	GCATTGAAGGGAGATA-1	MRC1	1
M	TGCTCACTCCGGGCAT-1	CD160	1
M	CGCTATCGTCATAGCT-1	THEMIS	1
M	GTTATGGGTAAACGTA-1	CD79A	1
M	ATATTCCGTTTGCCCT-1	SKAP1	1
M	TTATGTCCATTCCCGT-1	KLRD1	13
M	AATGGAACAAAGACGC-1	KLRF1	1
M	ACTACGATCGTATAGC-1	CD6	1
M	GCGGGTTCACAACGGA-1	MRC1	1
M	TGCTATTAGTGCTGAG-1	EBF1	1
M	AGCCTTCTCTCCTTAA-1	ITK	4
M	TGGCAATGTTCATTTC-1	CSF1R	3
M	ACGTTAGTCCATTGTT-1	CSF1R	1
M	CACAGATAGGGTCTGA-1	EOMES	1
M	GAAGTCTTCCGATGCG-1	GNLY	1
M	GCTCAGGAGCCATCAT-1	PECAM1	2
M	TTTGGCCCACAGTTAC-1	IRF8	1
M	TAGCACATCTGCTACC-1	KLRD1	2
M	GAACCGCGTACGGATG-1	KLRD1	5
M	TAGGTGTCAGTGGTCC-1	CD3G	1
M	AGCCTTCCATTTCACT-1	CD28	2
M	CCGAAGCAGTTCGACT-1	NCR1	1
M	CAGTATGTCTTACGGA-1	KIR2DL4	4
M	GTGCTGGGTCATAGCT-1	CD79A	1
M	TAACGGTTCGTCTTAT-1	KLRD1	5
M	ACCCAAAAGTTTACGC-1	KLRD1	1
M	GTGTCCTTCATTGCCC-1	CD6	1
M	TTTGTGTGTTCCATCC-1	PRF1	1
M	TCACAGAGTCCTATTT-1	EBF1	1
M	CATAACGAGCGAATAT-1	TXK	2
M	CCCTCTCTCCTTTGAT-1	EOMES	1
M	TCAGTCCAGGGAAGCG-1	MARCO	1
M	CTACTTAGTACGAGAC-1	KIR2DL4	2
M	CGTAAACCATCACAAC-1	SKAP1	1
M	GTAATCGCAATGTAAG-1	KLRD1	2
M	CCTTAATGTTTAGGAA-1	CD160	2
M	GACTAGTGTTACGCTA-1	SFTPC	1
M	CACTAAGAGCTCCGGT-1	ITK	8
M	TACCTCGTCATAGGTC-1	CD79A	1
M	TGGACATCATCATCGA-1	THEMIS	1
M	GTCACAAAGTAGGTCG-1	BANK1	3
M	GTGACATCAATGGCTT-1	TXK	3
M	AAAGATGCAGATAAGT-1	PECAM1	1
M	TTACTTGTCCCAGCGA-1	COL1A1	3
M	TCAGCTCTCTTACTCA-1	KLRF1	1
M	TGATGCATCAAACCCA-1	CD4	1
M	TGGTCCTGTAAACGAT-1	PRF1	3
M	TTAGGTGGTCCGAGCT-1	PAX5	1
M	CTAGCGGCAGCAACCC-1	CD8A	2
M	GGATGAGAGGTGTTGG-1	IRF8	1
M	GTGATCATCGGGAATG-1	MRC1	2
M	GTTATGGGTAAACGTA-1	SH2D1B	4
M	GAAGTGGCAGACTAAA-1	THEMIS	1
M	CAAGCTAAGGCAGTAC-1	ZBTB46	1
M	TGACAACTCGCCGAAC-1	CD79A	1
M	GGTCATAAGATTCCGT-1	COL1A1	2
M	ACCGGGTAGTCCGTGC-1	VWF	2
M	CCCTGATCAAGTCTCA-1	NCAM1	1
M	AACAAAGGTTTGCCCT-1	CD160	2
M	CAGCTGGAGAAACGCC-1	THEMIS	1
M	CAACGGCAGTGAACCG-1	MARCO	1
M	TTAGGTGTCGCAAGCC-1	NKG7	1
M	GAGGCTCGTAACGGCA-1	COL1A1	1
M	GAGGCTCGTCAGAAGC-1	CD3E	1
M	GAAGTCTCAGTAACGG-1	NCAM1	3
M	AAAGATGCACAGAAGC-1	NCAM1	8
M	TCCCACATCGCCTTAC-1	CD1C	1
M	GATTAGCGTGGAGTGT-1	LCK	1
M	TGGAAGGAGACTTGAA-1	CSF1R	3
M	CCAGAATCAGGAGCAT-1	MARCO	1
M	CGTTCCAAGGAGTACC-1	NKG7	3
M	GCTTAAGTCTTGTCAT-1	KRT8	2
M	TACGGATCATACTGCA-1	KLRD1	3
M	AATGGAACAAAGACGC-1	PRF1	1
M	CGCTATCGTAAGCCTT-1	EBF1	1
M	AACCAACTCGATGTAC-1	ITK	3
M	TTGAGTGCACACTAGT-1	VCAN	1
M	AAAGGGCCATTTCACT-1	TXK	2
M	TAAGCCATCTTTGCAT-1	TXK	2
M	ATTTGTCGTCTGCACG-1	CD28	1
M	TTCGATTCAAAGACGC-1	PECAM1	1
M	TCAATTCAGACTAGGC-1	PECAM1	1
M	TTACTCACAATTGGCT-1	SPI1	1
M	CCGTAGGTCACTAGCA-1	LCK	1
M	GGTGCTGAGAACGTCG-1	TXK	3
M	TAGCCGGAGACTTGAA-1	NKG7	1
M	GCTCAGGAGCCATCAT-1	COL1A1	1
M	CGCTGGACATTGTTCT-1	SKAP1	2
M	CGCTGGAAGGCGTCCT-1	CD68	1
M	GTCTACCCATGGAGGT-1	ITGAM	2
M	CTAGGATAGGGTGTTG-1	KRT8	1
M	CCAATGACAGGTGGTA-1	VWF	1
M	CTTGCTGTCCACGGCA-1	NCAM1	1
M	CCTCCCTCATATAGAG-1	CD28	2
M	TTTGCGCTCGTAGCGC-1	GNLY	2
M	ATTACTCGTGGACTGA-1	KIR2DL4	2
M	GCTGAGCGTTTGCCAA-1	IRF8	3
M	GTCCATCAGTCCCGCA-1	KLRF1	3
M	CTCTACGTCTGATCCC-1	CD5	2
M	CAGGATTAGATTCCGT-1	SH2D1B	3
M	GAAAGTAGTAAACGGC-1	THEMIS	1
M	ACTATTCAGTCCCGCA-1	THEMIS	3
M	CACCACTGTTCTTTCA-1	THEMIS	1
M	AAAGATGGTTCCTATT-1	THEMIS	1
M	TTCTAACAGGAGTACC-1	ITK	8
M	GTAGTACTCCTCAAGA-1	ITK	3
M	GTGATCAAGGAAGGTA-1	CD28	1
M	AGGCGTCTCGATTACG-1	NCR1	1
M	AGCGTGCGTTTCTCTA-1	CD79A	2
M	TCACCACGTGGAAGCT-1	IRF8	3
M	TTATGTCCATTCCCGT-1	CD6	5
M	GCCAGACCAACAACTC-1	MRC1	2
M	GCAGCCAAGCTTACCA-1	BANK1	4
M	GTCACCTAGTCGGGAT-1	TXK	5
M	GAGGCTCAGCTCCGGT-1	EPCAM	1
M	ACCATCCTCGTTTGAG-1	CD3D	1
M	GGGACCTGTATTCTTC-1	CD3E	1
M	CGCTATCGTAAGCCTT-1	EOMES	1
M	GCTTTCGTCACAGGGA-1	GNLY	2
M	GACTAACGTCACCCGA-1	CD79A	1
M	ACATGCAAGACTCTTG-1	CD79A	1
M	GAGATTCCAACGTAGG-1	IRF8	2
M	TTGGTCCAGACCTATC-1	LYZ	1
M	AACCAACCATTAACGC-1	KLRF1	2
M	CACATGAGTCAGTGCC-1	CD6	1
M	TTCGGTCCAAGGTCGA-1	SH2D1B	1
M	TAAACCGGTGTGCTTA-1	EBF1	1
M	TAGGTCACATGGCCCA-1	EBF1	1
M	ACAATCGCAACGTAGG-1	CSF1R	2
M	TAACAGCCATAGCAGG-1	BANK1	1
M	GCTCAGGAGTTCCAGT-1	TXK	5
M	GAGAACGAGTGAACCG-1	NCR1	1
M	TAGACTGCACTTTGGA-1	KLRF1	3
M	GCTCAGGAGCCATCAT-1	NCAM1	1
M	GAAGTCTGTCAACAGG-1	SH2D1B	1
M	TGGTCCTGTGCGCATC-1	LCK	2
M	AGTCCGGTCGCCTTAC-1	EBF1	3
M	CCTGCTACAAATGTCC-1	ITK	9
M	GAGGTCCAGTCCGGAA-1	ITK	9
M	CAAGCTAAGGCAGTAC-1	GNLY	1
M	GCTTTCGCATACCCGG-1	KLRD1	4
M	TAGCGGCAGGACTAGC-1	CD160	1
M	AGTGTACGTCATCGTA-1	PAX5	6
M	TGATGCAAGACCAATA-1	THEMIS	1
M	TGCCTGTGTACATGGG-1	EBF1	1
M	CCCAGAGTCCCAGCGA-1	ITK	12
M	TTCGGTCTCACTTACT-1	ITK	4
M	TGTAGCAAGTCCCGCA-1	ZBTB46	2
M	TATCGAGCAATTCTCT-1	CD28	2
M	ACTCGGGAGGCTTCGC-1	SKAP1	1
M	ATGTCTTCATTGCCTC-1	ITGAM	1
M	CCCTCTCTCTATCTAC-1	PRF1	5
M	GCAGATTTCTGGCACG-1	MRC1	2
M	GCCAGACGTGGTACTT-1	THEMIS	1
M	TAGGTGTTCGCCAGAC-1	ITK	1
M	TGCGTAAAGGTCGGTA-1	VCAN	2
M	CAGGATTAGATTCCGT-1	TXK	2
M	AGCCAGCAGCTTACCA-1	MARCO	1
M	TGGTCCTGTAAACGAT-1	NKG7	2
M	GCTGAGCGTTTGCCAA-1	CDH1	1
M	GAAACAATCGCCAGAC-1	IL7R	2
M	CCAATGAAGACCATAA-1	BANK1	1
M	TCAGTCCCATATAGAG-1	TXK	2
M	CATTCCGCAACGTACT-1	CD28	1
M	ACGTTAGTCACTTACT-1	CD28	3
M	CATTCCGAGATAGGTT-1	CD79A	1
M	CCCACATAGAGCTCCC-1	IRF8	1
M	TATCGAGTCCCGGGTA-1	EPCAM	1
M	GTCACTCAGTCTTAGC-1	IRF8	1
M	ACTATTCGTAGGTAAT-1	KLRF1	1
M	TCACCACGTGGAAGCT-1	VWF	2
M	AGCTGTACAAGCTTTG-1	SPI1	1
M	CGCAATATCGACTGGC-1	MRC1	1
M	CTCTCGAAGACCATAA-1	PAX5	1
M	CAGCTGGAGTACAGTA-1	THEMIS	1
M	TACTGCCCAGTAAGCG-1	ITK	2
M	GTCCATCAGGGTATCG-1	PECAM1	1
M	TCCCACAGTGGCGCTT-1	KRT8	1
M	CTACTTACACGCGTTG-1	NCAM1	1
M	GTTGGGCAGTATCTGC-1	NCAM1	1
M	AACCGATTCTGCTACC-1	PRF1	1
M	ACAGCGCTCCTTCGAC-1	LCK	2
M	TTCGCGTTCTTCCGTG-1	BANK1	6
M	AGTGCCGAGAGATTAC-1	PECAM1	1
M	GGATGAGCAATCCATG-1	KRT8	1
M	GCGATTAGTAGAACGC-1	VWF	2
M	TGATGCACAAAGCTGG-1	CD3E	2
M	TACTAGGCATTCACGA-1	NCAM1	1
M	GCTCCTATCGTCGCAG-1	CD5	1
M	GTCTACCCAGGCACAA-1	BANK1	2
M	TGCATGAAGTAACTCC-1	BANK1	2
M	AGCCTGGTCTACTGCC-1	EOMES	1
M	ATCCAGAGTTTCGTTT-1	KIR2DL4	1
M	CATTCATTCTCTGAGA-1	PECAM1	1
M	TTAGGTGGTCCGAGCT-1	ITGAM	1
M	GACCAATAGACAACGC-1	NCAM1	8
M	GCTCACTGTGTGCTTA-1	MRC1	3
M	AGCTGTACATGTAGAA-1	EBF1	1
M	AGTGCCGAGTCGACCC-1	KIR2DL4	1
M	GCCATAACAGCGTCGT-1	KLRC1	2
M	GGTTGCGTCCTATCCG-1	VWF	2
M	GCAGCCAAGCTTACCA-1	NCAM1	3
M	GGTGCTGCAAGGGTAC-1	ITK	8
M	GCACGGTAGGATGTAT-1	EOMES	2
M	GCAGCTGTCACAACAC-1	CD28	3
M	TACTAGGCACTGCTTC-1	CD8A	8
M	TTGAGTGAGGTTCTCA-1	NKG7	1
M	TGCACCTAGACTCTTG-1	CD79A	1
M	GTCCATCAGCTTTCCC-1	SKAP1	3
M	ATCCAGAGTTTCGTTT-1	CDH1	1
M	CTACTTATCCAGAGAG-1	FLT3	1
M	GTAGGAGGTCCAAGTT-1	PRF1	4
M	AAACTCGGTGACCAGA-1	PRF1	1
M	TGTGGCGCAGTCCTGG-1	PRF1	4
M	TGCTATTAGTGCTGAG-1	MRC1	1
M	GCCATAACATAGATAG-1	LCK	6
M	GCGAGTCTCCAACAAC-1	THEMIS	2
M	GATTAGCTCGGGATCC-1	ITK	3
M	CACTGAATCGTGATAC-1	ITK	3
M	GAACCTATCAGCCGGT-1	TXK	1
M	TTCGATTAGTGTGTAA-1	TXK	2
M	TAGACTGAGATCTCAC-1	ZBTB46	1
M	AAAGATGTCCAGTACA-1	MERTK	2
M	GTTACGATCAGATACC-1	NCR1	1
M	TGGTCCTTCTCAGATG-1	KLRD1	1
M	GGCATTAAGTAGTGTA-1	CD3E	1
M	CACTAAGCATCCGTAA-1	THEMIS	2
M	TACAGCACATGGGACA-1	TXK	2
M	AGGCCTGAGTCGATAA-1	CD8A	1
M	CGCTGGATCACTCCCA-1	CD8A	3
M	TACGCCTGTTATCGAC-1	GNLY	1
M	GCGATTATCTCCCTTT-1	KIR2DL4	2
M	GGAGAACGTTCGGGAA-1	IRF8	1
M	TAGCGGCGTAGGGTTG-1	PRF1	3
M	GCTGAGCAGTCGAGCA-1	ITK	3
M	ATGTCGAAGAATGCTA-1	VCAN	2
M	CTTGCCAGTTGCCTGG-1	BANK1	2
M	ACAAAGATCTGTAGAC-1	TXK	2
M	TAGGAGGCAGTATCTG-1	GNLY	1
M	AGTGCGCCATGGATGG-1	PECAM1	1
M	AACATCGTCCGGGCAT-1	CD3E	2
M	TGTACAGGTGGATTTC-1	NCAM1	1
M	TAGCCCTTCGGATAGG-1	NCAM1	1
M	TATTGCTGTATCCTTT-1	CD6	1
M	TAGCACAAGCTAGTTC-1	SH2D1B	1
M	TAACAGCCATAGCAGG-1	EOMES	3
M	AACTTGGTCGCGTGAC-1	NKG7	4
M	AACATCGGTGGCGCTT-1	COL1A1	1
M	GTGGCGTTCTTCCAGC-1	NCAM1	2
M	TAAGCCAGTGATGCGA-1	NCAM1	1
M	AGACAAAAGTGAAGGA-1	NCAM1	1
M	CCCTCTCTCTATCTAC-1	PAX5	1
M	GAACGTTGTACCCATA-1	ITK	4
M	TCAGTTTTCTGAAAGA-1	CD8A	1
M	CACCACTGTTAGAGAT-1	SH2D1B	1
M	GTCCATCGTGAGGGTT-1	THEMIS	1
M	GATTGACGTGTCGTCG-1	ITK	4
M	TTACCGCAGCACACCC-1	BANK1	3
M	TTTGCGCCAGATACAA-1	MERTK	1
M	CACCTTGAGCACCATT-1	NKG7	2
M	CGCAGGTTCTGAACGT-1	PECAM1	4
M	ACCTGCTTCTCTGACC-1	CDH1	1
M	GGAACCCGTATCTAGC-1	KLRF1	1
M	CCGAAGCAGTTCGACT-1	CD3D	2
M	ACTGCAATCGCACAAT-1	CD3D	1
M	TAGCGGCAGGACTAGC-1	CD6	2
M	GCCAGACGTGGTACTT-1	PRF1	2
M	ATTACTCCACCCTTAC-1	SH2D1B	2
M	TTCGATTGTGCCGGTT-1	LCK	3
M	GCGAGTCAGAGACTCG-1	THEMIS	7
M	TACATGGCAGCAACAG-1	EBF1	2
M	AAGGAGCCAGCGTAGA-1	TXK	2
M	GATTAGCCAATTCAGC-1	ZBTB46	3
M	TCAGTTTAGCTGAGGT-1	CD8A	3
M	AGCCCGAGTAGTCTGT-1	KIR2DL4	1
M	TGCCTGTTCTGAAAGA-1	COL1A1	1
M	TGGCAATAGTTGACAA-1	SKAP1	1
M	TCGATTTCATATTGGC-1	DCN	1
M	GAAATGAAGACACGGT-1	NCAM1	1
M	TGAATCGCATTACACG-1	CD160	2
M	AATGTCGTCAGCCGAC-1	VCAN	1
M	ACTACCCTCTGATCTT-1	TXK	2
M	TCGTTCGAGCTTTCCC-1	CD28	1
M	GCAGCCATCCATCTAT-1	MERTK	7
M	AGGACGAGTCAAGACG-1	KIR2DL4	1
M	TAGTCCCGTGGATTCT-1	NKG7	1
M	ATTTGTCCAAAGGCCA-1	DCN	1
M	CCCTAGTTCTACATCT-1	CD4	1
M	GACCAATTCCACCTAC-1	MS4A1	1
M	TAATTCCGTCACTCTC-1	PRF1	1
M	ACATGCAGTATTTGCG-1	SH2D1B	1
M	GTCGTAATCAAGGCCC-1	CD160	2
M	AAACTGCTCTTTGCAT-1	PAX5	2
M	ACCCAAAAGGTCTTGT-1	THEMIS	2
M	ACGTGGCCACTGGGCT-1	CSF1R	2
M	CACCACTGTTAGAGAT-1	CD14	1
M	TTAACGGCAGTTACAC-1	KIR2DL4	1
M	GTCACAACAGGTCTGC-1	COL1A1	1
M	TGCATTTCATTACTCT-1	KLRD1	2
M	CGGTGCACAGCGTCGT-1	VWF	2
M	CATAACGCAACGAGGT-1	TXK	1
M	GTTATGGTCCTCTCTT-1	PECAM1	2
M	CATTCCGGTACGGAGT-1	CD3E	4
M	TAATCGGCACAGATGG-1	NCAM1	1
M	TGGTCCTGTAAACGAT-1	CD5	1
M	AGTCAACTCCGGAAAG-1	PRF1	3
M	CCGTAGGCAAGGCTTT-1	THEMIS	1
M	CGCTATCCACGACGAA-1	CD8A	1
M	ACTGTCCGTGTCTCGG-1	PAX5	1
M	TTCGTTAGTTCAGAAA-1	TXK	2
M	GAACGTTTCTATACCT-1	CD28	1
M	TGCACCTTCGATTACG-1	CD79A	1
M	TGATTTCTCCTCTCTT-1	KLRF1	1
M	TTTGAGGGTCAGGTGA-1	BANK1	4
M	CCACGTTTCCATGTTT-1	TXK	3
M	TCGAGCGGTGATGCTT-1	EOMES	7
M	CGCTGGAAGGCGTCCT-1	CD28	3
M	TCACCACGTGGAAGCT-1	MERTK	3
M	GTCACTCTCAGTCACA-1	CD8A	1
M	GTGATCATCGGGAATG-1	SKAP1	4
M	AGTGTACGTCATCGTA-1	FLT3	2
M	CAACGGCCAACAACTC-1	CD3G	1
M	TTCGGTCCAAGGTCGA-1	NCAM1	1
M	CGTTCCAAGGAGTACC-1	MRC1	1
M	GCACCTTCACTGTTAG-1	MRC1	2
M	AAAGGGCCATTTCACT-1	LCK	1
M	AAGGTTCAGAAGCCTG-1	ITK	14
M	GGTGCTGGTTCCATCC-1	ITK	2
M	CGTTCCATCCGGAAAG-1	VCAN	4
M	TCTCTGGAGTCGCCTG-1	ZBTB46	2
M	TAGCGGCAGGACTAGC-1	PECAM1	2
M	AGCGATTGTGATAAGT-1	SKAP1	1
M	ACGTTAGTCGGACGAA-1	KLRD1	2
M	AATGTCGAGCGGACTA-1	KLRD1	4
M	GAAACAAGTTCTTATC-1	CD5	1
M	TGTACAGCACCGAATT-1	THEMIS	1
M	GCGAGTCGTTTAAGGA-1	EBF1	1
M	ATCGAGTCACACTAGT-1	ITK	3
M	AGTGCCGTCTGGCGCA-1	BANK1	6
M	ATTACCTGTTTCGTTT-1	TXK	1
M	GCAGCTGTCCAAGTCA-1	PECAM1	1
M	CTCAGAACATTTGGCA-1	KLRD1	3
M	ACTGTCCGTCACCCGA-1	ITK	3
M	AAATGAGCATCCTGGG-1	ITK	3
M	TTCAACTTCAGTCAAC-1	CD14	1
M	TGGACATGTTGGTAAA-1	KIR2DL4	1
M	AACGTACGTCAACTAC-1	SKAP1	1
M	AGCCTTCCAGAGAGAA-1	THEMIS	2
M	TTAACGGGTTCCCGGA-1	THEMIS	1
M	GCCAGACAGGTCTTGT-1	EBF1	1
M	GCTCCTATCGTCGCAG-1	ITK	12
M	AGCCAGCTCTTCACTA-1	IL7R	2
M	GTAATCGCAATGTAAG-1	GNLY	1
M	TAGTCCCCACAAGGGT-1	NKG7	1
M	CGAGTTAGTACTTCAG-1	PECAM1	3
M	ACGTGGCCAAGACTAA-1	SKAP1	41
M	GAGGTCCAGTCCGGAA-1	KLRD1	1
M	CATTCCGAGATAGGTT-1	CLEC9A	1
M	TAGGAGGTCTGAGTAC-1	NCAM1	4
M	ACTAGGTCAATTAGGA-1	NCAM1	2
M	CTCACCATCCACTAGA-1	PRF1	4
M	TGACTCCAGGAAGGTA-1	MRC1	1
M	TCGAGCGCATGCGCTG-1	THEMIS	1
M	TGACTCCGTAACCCAT-1	TXK	3
M	GAGTGAGCATTCCCGT-1	CD28	1
M	CAACGGCAGTGTCGGA-1	CLEC9A	1
M	GCAGCTGAGAGCACTG-1	IL7R	1
M	AGCCTTCAGAGCTACG-1	IRF8	3
M	TACGCAACATGGCCGT-1	FLT3	2
M	TGTAGCATCCGCTCTA-1	FLT3	1
M	GACCCAGGTTGAATAG-1	KRT8	1
M	GCGTTGGAGCTATCGT-1	CD3E	1
M	CCGTGAGAGGTCTTGT-1	CD6	2
M	GGTTGCGTCCTATCCG-1	SFTPC	1
M	TAGTCCCCACAAGGGT-1	GNLY	1
M	TTCTGTAAGGTGATGC-1	NKG7	4
M	GCAGATTCAGTCCTGG-1	PECAM1	1
M	CATTCCGCAACGTACT-1	FLT3	3
M	GCTTGCTAGGAAGAAC-1	KLRD1	2
M	TGCTATTAGTGCTGAG-1	PAX5	1
M	TTCGGTCTCGCTACCT-1	IL7R	1
M	CTTTGCGGTCCCTTTG-1	BANK1	2
M	CGCAATAGTGCTTGAT-1	DCN	1
M	GACCTTCCATCAGCTA-1	CD5	1
M	GACCAATGTATTCTGG-1	CD6	1
M	ATCGAGTGTCGATTAC-1	CD6	1
M	CCGAAGCAGACCCTAT-1	SH2D1B	3
M	ACAATCGTCTATGAGC-1	LCK	3
M	CAATCCCAGGTTTCTG-1	FCN1	1
M	GAGATTCCAACGTAGG-1	ITK	2
M	CGCAATACATTATGGC-1	BANK1	1
M	TCGGGACCAATGGTAA-1	MARCO	2
M	GTGGATTCACGCTGTG-1	CDH1	1
M	AGTGTACGTCATCGTA-1	KLRD1	2
M	ACGTGGCAGCTGAGGT-1	NCAM1	1
M	TGATCAGAGAGCAGCT-1	CSF1R	2
M	GGGTGTCGTATCTAGC-1	BANK1	2
M	TGAGTCATCCATATCT-1	KLRD1	6
M	CAAGGCCAGACTAGGC-1	EBF1	3
M	TTACTTGAGGATATCA-1	CSF1R	3
M	TAGCATGTCCACCTAC-1	CSF1R	1
M	TTGCCCAGTCAACGGA-1	MARCO	1
M	GCGTAGCCAATGACTC-1	CD8A	1
M	TTTGCGCCAGATACAA-1	CD79B	1
M	GACCCAGGTGCACATT-1	CDH1	1
M	CCACAGGTCAGGAAGC-1	ITGAM	1
M	CGTACAAGTTGTATCG-1	MS4A1	3
M	GTTACTTAGTGATAAC-1	KLRF1	3
M	ACAAAGAAGTCGACCC-1	VWF	1
M	AACATCGTCCAGGTCG-1	CD6	1
M	CTAGGATAGGTACTCT-1	THEMIS	1
M	ACAGGCCGTTTGACCA-1	EBF1	3
M	GGAATCTCATTGCGAT-1	SKAP1	1
M	GGTCATAAGATTCCGT-1	NCAM1	1
M	TTTGCGCCAAGACTAA-1	MRC1	1
M	TTGAGTGCACACTAGT-1	SH2D1B	2
M	GTGGATTAGGCGTAGT-1	LCK	2
M	GATCGTAGTCTTAGCA-1	BANK1	1
M	CCTGGGACAGAACGAC-1	EOMES	2
M	CCGTGAGGTCAGGCTC-1	EOMES	3
M	TTCGTTAGTTCAGAAA-1	GNLY	1
M	AGTTTGGGTGGACAGT-1	NKG7	1
M	CTGTATTGTAACTGAA-1	ITGAM	2
M	CACTAAGCATCCGTAA-1	KRT8	1
M	CAGTGCGTCTTAGTGG-1	THEMIS	1
M	ATGTCTTAGAGCTGTG-1	MERTK	2
M	TAGCCCTGTATTCGCA-1	GNLY	1
M	TGGTCCTTCTCAGATG-1	NKG7	2
M	GGTGAAGGTTACGGAG-1	SKAP1	1
M	GGATGAGAGGTACATA-1	CD5	1
M	GAACCTAGTATCCTTT-1	SPI1	1
M	CATTCATAGTGGTGTG-1	EBF1	1
M	CGCAATAGTGCTTGAT-1	BANK1	1
M	GCTCAGGCATCGTGAT-1	KIR2DL4	1
M	GGGTTATCAATTCTCT-1	DCN	1
M	TCAAGGTTCACAACAC-1	CD3E	1
M	AGTCCGGCACAAGTGG-1	NCAM1	3
M	ACTACGAAGCGCCTAC-1	LCK	2
M	TTACCCGCACTAGGAG-1	EBF1	1
M	CAGTGTATCAAGAGAT-1	CSF1R	2
M	CGGACCATCAATTCCT-1	BANK1	4
M	CTTGCCATCGCGTGAC-1	EOMES	1
M	ATTACCTTCTACATCT-1	GNLY	2
M	GTGTCAATCTCTTCTC-1	GNLY	2
M	TGCTCACTCTTGTGCC-1	NKG7	1
M	TAAGTGCCACAGTTAC-1	CD79B	1
M	TCAGTCCTCAGTCACA-1	IRF8	1
M	TAGCTTTTCAGTCTTT-1	KLRD1	5
M	ATCCAGACACCTGAAT-1	KLRD1	2
M	ATGTTTCCATGTGAGG-1	CD6	3
M	ACAATCGCAGTAAGCG-1	SPI1	1
M	GTGGCGTCAAGCACTT-1	PRF1	2
M	TGACAACAGTCGGGAT-1	EOMES	2
M	CAGGATTGTTAACTCG-1	EOMES	1
M	TTCGGTCAGTTCGTTG-1	EOMES	1
M	GGAACTTAGGATGTCG-1	CD79A	1
M	TGACAACAGTCGGGAT-1	PAX5	1
M	ATCCCTGTCGCTCTAC-1	VCAN	1
M	TTAGCTTAGGTACTCT-1	IL7R	1
M	CAAGCTAGTGTCTCGG-1	BANK1	2
M	ACCCAAAGTTAGAGAT-1	MARCO	1
M	TTGCTATAGACACAAT-1	GNLY	1
M	AGCGATTGTAACGGCA-1	KLRD1	5
M	TTAGGTGTCTCCAACC-1	KLRF1	2
M	CCTGGGAGTCATTGGT-1	NCAM1	1
M	TTAGCGAAGTAGCAAT-1	CD6	2
M	GGGTCTGCACTCAAGT-1	PRF1	2
M	TTACCGCAGCACACCC-1	EBF1	1
M	CGATGATTCTATCTTG-1	CSF1R	1
M	GCCCAGAGTGGTAGAC-1	NCR1	2
M	AGTCCGGTCGCCTTAC-1	CD79A	1
M	ACTACGAGTGAGAGTC-1	COL1A1	1
M	GGGAACATCGATGCAT-1	KLRC1	1
M	AATGCCATCTGCCGAG-1	CD6	1
M	CGTAAACCACAGTTAC-1	PRF1	1
M	ATCCAGAGTATCTAGC-1	LCK	1
M	CTAACTTGTCCAACCG-1	EOMES	5
M	CGCTGGACAACTACTG-1	CD79A	5
M	CCATACCAGATGTTCC-1	PECAM1	1
M	TAGGTGTGTGACGCAA-1	VWF	1
M	GTCTACCCAGGCACAA-1	PRF1	1
M	CTTGCTGTCCACGGCA-1	ITK	1
M	TGGCCTTGTTTGCATG-1	CSF1R	1
M	GATGGCCGTGGTAGAC-1	BANK1	2
M	CTACTTACAGCAAACG-1	BANK1	3
M	ATTTGTCAGCGTTAGG-1	CD79A	1
M	GTACTTTGTGTCTACA-1	CD68	1
M	TCAGGTAAGCTTACCA-1	CD3D	1
M	ATCCTCGTCTAGCTGA-1	CD6	6
M	AAAGATGCAGATAAGT-1	CD6	1
M	CCTAAAGAGTAATCAG-1	THEMIS	3
M	AACTTGGGTGCTGTCG-1	ZBTB46	2
M	AAGATAGAGATATGTG-1	KRT8	1
M	GCCCGAAGTTCCATCC-1	BANK1	1
M	TACAGCATCACACGTA-1	BANK1	1
M	CTCTCAGGTTCTCGAA-1	TXK	1
M	TGCCTCAGTAATGCAA-1	CD79A	3
M	TGGACATAGTTCTCCC-1	PECAM1	4
M	AACTGGTTCGTTCCGT-1	CDH1	1
M	ATAGGCTTCCTTTGCG-1	KLRD1	1
M	TAGTCCCCACAAGGGT-1	PAX5	5
M	CTGGGACTCCATATCT-1	SFTPC	1
M	TGGTCCTGTGCCCGAT-1	EBF1	1
M	GGGCCATCAGTAACCT-1	CD14	2
M	ACATGCAGTATTTGCG-1	VCAN	1
M	CATTCCGGTACGGAGT-1	MERTK	1
M	CACCACTGTTCTTTCA-1	PECAM1	3
M	GGTTGCGAGGCCAATG-1	KLRF1	1
M	GTAATCGGTTACCACA-1	CD4	1
M	TCAGTCCAGGGAAGCG-1	THEMIS	2
M	AACAGTCAGCTAGTTC-1	ITK	1
M	CCGTAGGAGCTCGTTA-1	ITK	2
M	GTTACTTTCTTAACGG-1	EOMES	6
M	TAGACTGCAATGATGA-1	KIR2DL4	1
M	TCTCTGGAGTCGCCTG-1	COL1A1	2
M	TAGGTCACATGGCCCA-1	VWF	1
M	GCCTACTCAGATACAA-1	PRF1	2
M	TAGCCGGTCGTATAGC-1	SH2D1B	2
M	CAATCCCAGGTTTCTG-1	ZBTB46	2
M	CGCAATACATTATGGC-1	NKG7	1
M	AGTGCGCTCATAGGTC-1	COL1A1	2
M	ACGTGGCAGACCATAA-1	FLT3	1
M	GCTGAGCAGTCGAGCA-1	VWF	1
M	ACCAAACGTGAGGTCA-1	CD3G	3
M	TGGACATAGTTCTCCC-1	NCAM1	2
M	CAAGAAACATTGAACC-1	CD6	1
M	ATGTACGTCTGGCGCA-1	SPI1	1
M	TTAGGTGTCGCAAGCC-1	CD1C	1
M	TGTACAGCACCACGAC-1	EBF1	1
M	CTTGTCGAGCGTAGCA-1	CD14	1
M	ATCCTCGGTTTCTACT-1	BANK1	4
M	AACATCGAGAGAACCC-1	TXK	1
M	AACCTTTGTACGCAAG-1	CDH1	2
M	GGAATCTAGAACAGGA-1	KLRD1	9
M	GCTTGCTTCAGAGTGG-1	CD4	1
M	AGCCTCTAGGAAGAAC-1	LCK	1
M	TTGAGTGCACACTAGT-1	EBF1	2
M	AACAAAGTCGAACACT-1	CSF1R	2
M	ACGGATTCATGTGAGG-1	TXK	1
M	ATTACTCCACCCTTAC-1	NCR1	1
M	GATCGTAGTCTTAGCA-1	CD79A	1
M	GCAGATTTCTGGCACG-1	IRF8	1
M	TTGTTCAGTCCTTCAC-1	ITGAM	3
M	AGGCGTCGTTAAGTCC-1	KLRC1	4
M	AAAGGGCCAACTCGAT-1	VWF	1
M	ATGCATGTCAGCACGC-1	NCAM1	2
M	GCTCACTGTGTGCTTA-1	PAX5	1
M	GAGCATTCACGACGAA-1	SFTPC	1
M	CACCACTGTTAGAGAT-1	SFTPC	1
M	TGCTTTATCTTCCGTG-1	ITK	1
M	ATTACTCCACCCTTAC-1	NKG7	1
M	AACATCGGTCTGGGAA-1	CD79B	1
M	GTCTACCTCCAGAATC-1	SKAP1	1
M	AGTGCGCGTGCTGTGC-1	EOMES	1
M	TTTGAGGTCGCGCCAA-1	PECAM1	2
M	TTAACGGCAGTTACAC-1	KLRC1	1
M	AATGTCGAGCGGACTA-1	LCK	1
M	TTCGTTAGTTCAGAAA-1	ITK	1
M	TCTCTGGAGTCGCCTG-1	CSF1R	1
M	GCCCAGAGTCCCTAAA-1	CD14	1
M	TCAAGCAGTACTTCAG-1	CD79A	1
M	GTTATGGGTAAACGTA-1	IRF8	1
M	CTCTAGCTCGGAGTTT-1	KLRD1	5
M	GCCATAAAGCGCCTAC-1	KLRF1	1
M	TGGCGCACACCCATCT-1	CD3E	1
M	TGATTTCTCCTCTCTT-1	MRC1	1
M	AGCCTTCAGAGCTACG-1	EBF1	1
M	TCAAGCAAGACCTATC-1	ITK	2
M	CCGAAGCAGACCCTAT-1	BANK1	6
M	AGCCTTCCATTTCACT-1	TXK	3
M	GGCATTAAGTAGTGTA-1	GNLY	2
M	ATGTCTTCATTGCCTC-1	KLRF1	2
M	GTGCTGGAGAGCTGTG-1	CD3E	3
M	CAACCAAGTCAGAAGC-1	SH2D1B	4
M	AGCTGTACAAGCTTTG-1	CSF1R	3
M	CGCTATCCACGACGAA-1	ZBTB46	1
M	GCTTAAGGTTACACTG-1	MERTK	1
M	AACGTACAGGTTCTCA-1	CD8A	1
M	TACTCGCCAACATAAG-1	NKG7	1
M	ACAGCGCTCCTTCGAC-1	CD79B	2
M	TGACAACCAAGACACG-1	CLEC9A	1
M	ATTACTCCACTTGCGG-1	MRC1	1
M	TGTGACATCGGCAATT-1	EBF1	1
M	GAGCATTCACGACGAA-1	CSF1R	3
M	ACTGCGGTCCAATCCC-1	KIR2DL4	1
M	GTCTACCCATGGAGGT-1	NKG7	1
M	TAGTCCCCACAGTAGG-1	CD79A	3
M	TGTAGCAAGTGATATG-1	ITGAM	2
M	GCGCATGTCGCGCCAA-1	CD6	3
M	GAACGTTTCTATACCT-1	CD14	1
M	CCTTGCAAGGCTCCTG-1	IL7R	1
M	ACGTTAGTCCATTGTT-1	TXK	2
M	TATCGAGTCCCGGGTA-1	CD8A	5
M	TTAACGGCAGCAATGG-1	COL1A1	1
M	CAGCTGGTCCAGTTAG-1	KLRD1	1
M	GCGGGTTTCCATGTTT-1	CD3G	1
M	TGTGACATCGGATGTT-1	SH2D1B	2
M	AATGCCAGTAGGTGAC-1	GNLY	1
M	GGTTGCGTCTCTTAAC-1	NKG7	1
M	CGCTGGATCTGACATG-1	CD68	1
M	TAAGCCATCTTTGCAT-1	CD6	1
M	TAATCGGCAATAGCGG-1	LCK	1
M	CTCTACGCAACACGGA-1	ITK	1
M	GGTGCTGTCGCCACTT-1	TXK	2
M	CCAGAATGTGCAAAGC-1	NCR1	1
M	TTACCGCCACTAGGAG-1	PECAM1	1
M	GTGGATTAGCTTACCA-1	PECAM1	2
M	ACTATTCGTAGGTAAT-1	SKAP1	2
M	CCCACATTCTGTGTGA-1	IRF8	3
M	ACAAAGATCTGTAGAC-1	THEMIS	1
M	AGTCCGGTCGCCTTAC-1	TXK	1
M	ACAGCGCCAGTCAGCC-1	NCR1	1
M	GGATGAGCAAGGAAGA-1	KIR2DL4	2
M	CGATGATTCGATGTAC-1	ITGAM	1
M	AACAAAGTCGAACACT-1	FLT3	1
M	GGTCATACATTACTCT-1	DCN	1
M	GCTCAGGAGTTCCAGT-1	KRT8	1
M	GCCAGACAGGTCTTGT-1	CD6	1
M	GTCACAATCTTTCGAT-1	SPI1	1
M	CCTTGGTGTTCTGATG-1	SH2D1B	1
M	CAATCCCCACGCCGAT-1	ITK	4
M	ACATGGTTCCAGGTCG-1	ITK	4
M	GTCACAACAGGTCTGC-1	BANK1	2
M	AGTGTACTCTTAACGG-1	EOMES	1
M	AAATGAGCATCCTGGG-1	FLT3	1
M	ATAGGCTAGCGATACG-1	KLRC1	2
M	TGGACATTCTTACTCA-1	KLRD1	2
M	TGGTCAATCGGTAGGA-1	NCAM1	1
M	GTCGTAATCAAGGCCC-1	CD6	3
M	GCGCCAACAAGTAACA-1	SPI1	1
M	GTGCTGGAGATCACCT-1	SH2D1B	2
M	ACCTGCTCACAGAAGC-1	EOMES	1
M	TAGCCCTCATTTGTTC-1	NCR1	1
M	GGACACCTCTAAACGC-1	COL1A1	2
M	GCACGCAAGCATACCT-1	DCN	1
M	GAAGTCTCAGTAACGG-1	SH2D1B	3
M	TGATGCAAGTTCTCCC-1	CD160	1
M	CGCTATCGTCATCGTA-1	LCK	1
M	TTGTTCAGTTCCGCGA-1	PAX5	42
M	TGGACATAGTTCTCCC-1	BANK1	10
M	GGATGAGTCACCCTTG-1	GNLY	3
M	ACTTCCGTCAAGGCCC-1	NKG7	2
M	GCTGAGCTCCCTACCA-1	NKG7	1
M	AACGAGGCACATTGCA-1	SKAP1	3
M	TACAGCACACTAGGAG-1	ITGAM	1
M	GAAAGTAGTAAACGGC-1	NCAM1	1
M	CCCACATTCTGTGTGA-1	ITK	9
M	GCTCAGGAGTTCCAGT-1	CSF1R	1
M	CTCCCAAAGAAGCCGT-1	CSF1R	2
M	TTGTTCAGTCCTTCAC-1	ZBTB46	2
M	GACCGACGTATGCTAC-1	CD8A	2
M	GGTGCTGGTGCTGAAG-1	CD4	2
M	TCAGTTTAGCTGAGGT-1	VWF	2
M	GGTGAAGGTGCTGGCT-1	MRC1	4
M	GCTCCTAAGATATGAC-1	ITK	8
M	TGCTTTAGTGTTGTTG-1	TXK	1
M	GACCTTCAGGGCGAAG-1	ITGAM	1
M	TTGAGTGAGGTTCTCA-1	KLRD1	3
M	ATCCTCGCACACTAGT-1	CD5	1
M	CCGAAGCAGTTCGACT-1	PAX5	1
M	CCGTACTCATTGTTCT-1	ITK	5
M	TTGACGATCACCGCGA-1	ITK	1
M	AGGACGACAGCGCGTT-1	BANK1	4
M	TACAGCATCGCCTTAC-1	EOMES	1
M	GCAGCTGTCCAAGTCA-1	NCR1	2
M	AAAGATGTCCAGTACA-1	NCR1	1
M	TGAATCGCACTCAGCG-1	SKAP1	5
M	GCCAGCAAGAACGTCG-1	SKAP1	2
M	ACTGCGGCAGGCACAA-1	KLRD1	2
M	GGAACCCGTCAGAAAT-1	CD3E	1
M	ACAAGCTTCCGTTAGA-1	CD3E	1
M	ACTTCCGCACAGCTTA-1	CD6	1
M	AACATCGGTGGCGCTT-1	SPI1	1
M	ACAAACCAGTGTCCCG-1	PAX5	1
M	TTGAGTGAGGTTCTCA-1	ITK	3
M	TAAGTGCGTGCAACAG-1	CD79B	1
M	GAGGATGGTCTGTCCT-1	DCN	1
M	CCTCCCTCATATAGAG-1	KLRD1	1
M	CCCACATTCTGTGTGA-1	VWF	6
M	GGTGCTGGTGGACGAT-1	NCAM1	2
M	CTGAATGAGGAATGGA-1	EBF1	5
M	CCTATTAAGATCTAAG-1	ITK	5
M	GTAGGAGAGCTCCATA-1	KLRD1	1
M	ATAGGCTAGCCATTCA-1	VWF	2
M	GTGGATTAGTAGTCGG-1	NCAM1	1
M	TAGACTGAGATCTCAC-1	PRF1	5
M	ACAGAAATCTACTTTG-1	LCK	1
M	ACATGCAGTTTCGATG-1	EOMES	2
M	GTCACGGTCTCCACTG-1	GNLY	2
M	TGGACATGTTGGTAAA-1	NKG7	2
M	TATCGAGTCCCGGGTA-1	CD79A	2
M	CTCCCAACACTGAAGG-1	CDH1	1
M	GCTGAGCGTGCAAGCA-1	KLRF1	1
M	TTAGGTGTCTCCAACC-1	MRC1	1
M	TCTAGTTGTAGTCTGT-1	CSF1R	1
M	AGCCTGGTCGCATACA-1	GNLY	5
M	TGCACCTAGACTCTTG-1	ITGAM	2
M	GCAGATTGTCTGTGTA-1	KLRC1	1
M	CACCACTGTTAGAGAT-1	CD4	1
M	TTTGTGTCACACATGT-1	LCK	3
M	GCACGGTAGGATGTAT-1	ITK	3
M	AAGGAGCGTGAGGTCA-1	CD14	1
M	AGCCTGGGTTGAAGCG-1	BANK1	1
M	TAGACTGCACTTTGGA-1	TXK	6
M	GGAACTTCAGATTAAG-1	NCR1	1
M	GCCTAGGCACCCTTTG-1	KIR2DL4	1
M	GTCCATCAGCTTTCCC-1	PECAM1	2
M	AAATGAGCATCCTGGG-1	IRF8	1
M	TGTAAGCTCCCAGCAG-1	ITK	2
M	GGTGCTGCAAGGGTAC-1	ZBTB46	2
M	GTAGTACCATGGCCTG-1	CD28	2
M	CTGGCAGGTCATCGTA-1	CD28	1
M	AAAGGGCTCGGCAATT-1	CD8A	1
M	GCACGGTAGGATGTAT-1	NKG7	2
M	GCAGATTAGCTCGGCT-1	CD79B	1
M	TAGGAGGTCTGAGTAC-1	CD68	1
M	GACCCAGAGATTACGA-1	CD6	2
M	ACTTTCATCTCCAACC-1	LCK	7
M	AGATTCGAGTGCACAG-1	TXK	4
M	GACCTTCTCCGAATTG-1	EOMES	1
M	GCTCGAGCATCGTACA-1	THEMIS	1
M	GGTACCGAGCCCATTA-1	THEMIS	1
M	GCGCCAAGTCACCCGA-1	IL7R	2
M	TACTCGCTCACTCGGG-1	TXK	3
M	CTAACTTGTCCAACCG-1	PECAM1	3
M	GTAGGAGGTCCGTGCA-1	KLRF1	3
M	TAGACTGGTTCAGAAA-1	THEMIS	2
M	ACATGCATCTGTTTAC-1	ITK	1
M	AAACTGCTCTTTGCAT-1	KIR2DL4	2
M	CGGTGCAGTGCAAGAC-1	CD79A	1
M	GGCGTTGAGTTACCAC-1	CDH1	1
M	TTGCTATAGACACAAT-1	PRF1	2
M	CATGTTTTCAGGAATA-1	LCK	1
M	TGTGACAAGGTACACG-1	VCAN	1
M	TACGGATCATACTGCA-1	BANK1	3
M	ACAGAAATCTACTTTG-1	ZBTB46	1
M	ACAAGCTCAAATGCTC-1	CD8A	1
M	TGGCGCACACCCATCT-1	SKAP1	2
M	ACAGAAACAACTCAAC-1	NCAM1	1
M	ATCCTCGCATTACACG-1	PRF1	1
M	GACCGACGTATGCTAC-1	LCK	2
M	CAGTGTAGTCAACAGG-1	BANK1	3
M	ATTACCTAGATCCGAG-1	ZBTB46	4
M	TACATTCTCGCTTCAC-1	CD79A	1
M	AACGAGGAGTCTCGAT-1	PECAM1	2
M	CAACGGCAGTGAACCG-1	VWF	1
M	ATTGTCTGTCTAACCA-1	NCAM1	1
M	CCGTAGGCATAGTCCA-1	IL7R	2
M	GCTCCTACATAGAATG-1	BANK1	1
M	CACATGACAGGTAACG-1	BANK1	2
M	GCAGCTGTCTCTGAGA-1	TXK	1
M	ACCTGCTTCTCTGACC-1	CD8A	1
M	ACCGAATGTTTCAGCA-1	PECAM1	1
M	CCATACCAGGCTCCTG-1	NCAM1	2
M	TTTGTGTGTTTGTCTT-1	SH2D1B	1
M	GCCATAACATAGATAG-1	SH2D1B	3
M	GCTCCTAAGAGTAAGG-1	CSF1R	1
M	GCACCTTCACTGTTAG-1	CSF1R	1
M	ACCTGCTTCTCTGACC-1	BANK1	5
M	CTTAATCCACAGAAGC-1	TXK	2
M	TGGTCAAAGTTGGAAT-1	TXK	1
M	CAACGTACAGAGTCGA-1	ZBTB46	1
M	CTGGGACTCCATATCT-1	MERTK	4
M	CCGTGAGCAAACAGTA-1	CD8A	1
M	AACTTGGTCGCGTGAC-1	CD79A	2
M	GTTCAAGAGTTATGAG-1	PECAM1	4
M	TCAGTCCCATATAGAG-1	SKAP1	5
M	TATGTTCCAATTAGGA-1	KLRF1	1
M	CTCTCGATCCGCTCTA-1	VWF	1
M	GTAATCGAGTACGCGA-1	CD6	1
M	ACTATTCCACCGATCG-1	SH2D1B	1
M	TGGTCAAAGTTGGAAT-1	THEMIS	3
M	TTCATCAGTTTGAAGA-1	CSF1R	1
M	TGTACAGCACCACGAC-1	CSF1R	1
M	TTCATCAAGAGCCACA-1	VCAN	1
M	AGCCTTCCAGCGTAGA-1	CD8A	1
M	CGATGATTCCTCAAGA-1	NKG7	1
M	TTACCGCCACTAGGAG-1	CDH1	2
M	GTGCCAGTCGACTGGC-1	CD160	1
M	GCGATTATCAATTGGC-1	BANK1	1
M	AAAGGATTCCAGTACA-1	EOMES	1
M	TGACTCCGTGCACATT-1	CD28	1
M	GCAGCTGGTTTCGATG-1	KRT8	1
M	ACTACGAGTAGTATCC-1	KLRD1	2
M	GCTCACTAGATGCGAC-1	CLEC9A	3
M	CCTTGGTTCAGTGGTT-1	CD3E	1
M	CATTCCGGTACGGAGT-1	NCAM1	3
M	TCCATCGTCGATATGC-1	ITK	1
M	TTGGTCCAGACCTATC-1	VCAN	2
M	AAATGCCGTCAGAGTG-1	SKAP1	2
M	TTTGTGTGTTTGTCTT-1	KLRD1	1
M	CGCTATCGTAAGCCTT-1	KLRF1	2
M	TCAGCTCCAAGCAACG-1	CD6	2
M	CTTCTAATCGGGATCC-1	MS4A1	1
M	GGAACTTGTAACTGAA-1	MRC1	1
M	AAATGCCGTCATCGTA-1	ITK	2
M	TGTTAGGGTCTGGTCG-1	VCAN	1
M	AATGTCGCACTCAGCG-1	TXK	2
M	ACGGATTCAGGAGCAT-1	CD68	1
M	AAACTCGGTGACCAGA-1	KLRD1	1
M	CCTAAAGCATCGTACA-1	CD8A	1
M	CAACGGCAGTGAACCG-1	EPCAM	2
M	GTAGGAGGTCCAAGTT-1	DCN	1
M	GTCTACCTCTCATCCG-1	KLRD1	12
M	TTCAACTGTTCTACGA-1	THEMIS	1
M	GAAACAATCACGGGTC-1	THEMIS	1
M	TACATTCAGTCGTGAG-1	EOMES	2
M	GCCCAGAAGTCGATAA-1	CD79A	1
M	GCAGCTGTCTCTGAGA-1	NCAM1	1
M	TACATGGCAGCAACAG-1	CSF1R	1
M	ACTACCCCAAACGACG-1	IL7R	1
M	TACTAGGCACTGCTTC-1	GNLY	1
M	CCTATTACATTAAGGA-1	SKAP1	1
M	TGGCAATGTAGGGTCA-1	DCN	2
M	TTCGGTCTCTTTATCG-1	PRF1	3
M	GAAACAATCTCAGATG-1	SH2D1B	3
M	CTCTACGCACGCTCAG-1	CD160	2
M	GTCACAACAGGTCTGC-1	EOMES	3
M	GCCTAGGCAAAGCATA-1	MARCO	1
M	GCGCATGGTTGGACGA-1	PECAM1	3
M	GCACGCATCCTGACCT-1	IRF8	2
M	GAGGCTCGTTCTGAAC-1	KLRD1	4
M	GCGATTACATGCGTTA-1	CD6	3
M	ATGCATGTCAGCACGC-1	CD6	1
M	ACTTTCATCTCCAACC-1	PAX5	2
M	AATGCCAGTAGGTGAC-1	VCAN	1
M	CCTCCCTCACGCGTTG-1	TXK	6
M	CTGGGACCACTGTTAG-1	NKG7	2
M	ATGTACGGTGTCCTTC-1	PECAM1	1
M	GTAGACTTCTCTCAAT-1	IRF8	3
M	GAGAACGTCTCGTAGA-1	KLRF1	1
M	CAGTGCGTCGGCTATA-1	VWF	2
M	TATCTGTAGGCCTCTG-1	PRF1	3
M	TGCTATTCAAAGGCCA-1	EBF1	1
M	CACTGAATCCCAATGA-1	BANK1	1
M	TTGTCTATCTCCACTG-1	MERTK	1
M	TAGCGGCAGGACTAGC-1	CD8A	1
M	GCTCCTATCGTCGCAG-1	SKAP1	3
M	ACTGCAATCGCACAAT-1	CD3G	1
M	CATAACGGTGAGTTGG-1	NCAM1	1
M	CTACTTACAAGCCCTG-1	CD5	1
M	TTTGTGTCATTACTCT-1	CD6	1
M	GTGCTGGAGCTACGTT-1	PAX5	4
M	CCAATGAAGGGTTCCC-1	THEMIS	2
M	TTGAGTGGTGAGTAAT-1	BANK1	1
M	GTCGTAATCAAGGCCC-1	ZBTB46	2
M	AACTGTGAGCATTGGG-1	MERTK	1
M	CCCTCTCTCTATCTAC-1	NKG7	3
M	GGGTGTCTCTTAACGG-1	CDH1	1
M	TTGTTCAGTCCTTCAC-1	NCAM1	5
M	TGCATGACACCTGAAT-1	CD8A	1
M	GCCTAGGGTCGAGGTA-1	COL1A1	2
M	ACTACGATCCACGGCA-1	ITGAM	1
M	GGGACCTAGAGCACTG-1	NCAM1	1
M	GGAATCTCATTGCGAT-1	PRF1	1
M	TTGAGCATCCTGACCT-1	EBF1	9
M	TGATCAGTCGTGGGTC-1	EBF1	1
M	ATTTGTCGTGCACTTA-1	ITK	1
M	TGTAGCAGTCAGCAAG-1	ITK	3
M	GCGATTATCAATTGGC-1	IL7R	1
M	TTCGCGTTCACTCGTC-1	BANK1	1
M	TGCATGAGTCTGCGCA-1	CD28	1
M	CAACGGCAGTGAACCG-1	NCR1	1
M	TCAGGTACACAAACAA-1	EBF1	1
M	TACGGATCACCAAGGA-1	ITK	10
M	AATGTCGTCTCTGCAC-1	CSF1R	1
M	ACATGCATCTACATCT-1	CD28	1
M	TATGTGGCAGTTCGGC-1	MERTK	1
M	AACGGGAGTCAAATCC-1	KLRD1	1
M	TGCCTGTTCACACGTA-1	VWF	2
M	TCGAGCGAGAGAGGTA-1	NCAM1	3
M	AAATGCCGTCATCGTA-1	SH2D1B	1
M	GTGCTGGAGTAGTGTA-1	EBF1	3
M	CTACTTACACGCGTTG-1	ITK	1
M	CATGCCTGTCCGAGCT-1	BANK1	1
M	CCAGATAAGAGATTAC-1	GNLY	1
M	AACAAAGTCGAACACT-1	CD68	1
M	AGGCGTCGTTAAGTCC-1	VWF	2
M	GAGGATGAGGCCTCGT-1	SH2D1B	3
M	ACAGCGCTCCTTCGAC-1	CD160	1
M	TTGCAGACATCCCAAA-1	LCK	3
M	GAAGTGGAGGCTAAAT-1	LCK	4
M	TTATGTCCATTACCTT-1	THEMIS	2
M	GCTCAGGCATTATGGC-1	EBF1	2
M	GCGGGTTTCACTCCCA-1	ITK	1
M	CACTAAGAGCTCCGGT-1	BANK1	2
M	CACCACTGTTAGAGAT-1	CD8A	3
M	GCTTAAGGTTACACTG-1	FLT3	1
M	CGTACAATCGTGTGCG-1	KLRD1	8
M	GAGAACGTCTCGTAGA-1	VWF	1
M	TGGTCCTGTGCGCATC-1	PRF1	1
M	AGCGATTGTAACGGCA-1	MRC1	2
M	TTACCGCGTGAGGTCA-1	LCK	1
M	ACTGCGGTCCAATCCC-1	THEMIS	1
M	TTTGCGCTCGTAGCGC-1	VCAN	2
M	ATTTGTCCACCTGAAT-1	EOMES	2
M	GACCTTCCATCAGCTA-1	MERTK	1
M	TCGATTTAGTTTGGAA-1	SKAP1	2
M	TTACGTTCATGGTAAA-1	DCN	1
M	TTACGGACAGGGCTTC-1	KLRC1	1
M	CCTGCTACAAATGTCC-1	THEMIS	2
M	GCAAAGGGTGCTTCCT-1	CD14	1
M	CGCTGGACATTGTTCT-1	CD79A	1
M	ACTAACGGTTTCTTAC-1	KLRF1	1
M	GGTCATAGTATTCGAC-1	CD6	2
M	AGTTTGGGTGGACAGT-1	PRF1	1
M	CGCGCAACACAATAAG-1	MRC1	1
M	CCGTGAGCAAACAGTA-1	SH2D1B	2
M	TCGTTCGAGTAGAAGG-1	LCK	2
M	AAAGGATTCCAGTACA-1	CD79A	1
M	AAGGAGCGTGAGGTCA-1	PECAM1	4
M	AGGCCTGTCAGCACGC-1	FLT3	1
M	TGCCTCAGTGGAAAGA-1	KLRD1	4
M	ATCCTCGGTTTCTACT-1	KLRD1	3
M	CACCACTTCTAGCTGA-1	PRF1	1
M	GCGAGTCGTTTAAGGA-1	THEMIS	3
M	CAACGGCCAACGTCGC-1	BANK1	1
M	GACCCAGGTGCACATT-1	CD28	3
M	ACATGGTAGTCAGCCC-1	MERTK	1
M	GCGAGAAAGACCTATC-1	NCR1	1
M	GCCCAGAGTTTCGACA-1	NKG7	2
M	CATTCCGCAACGTACT-1	ITGAM	2
M	GTGCACGGTTCTGAAC-1	NCAM1	2
M	ACTACGATCCACGGCA-1	NCAM1	1
M	ACAAGCTTCCACTAGA-1	CD6	1
M	GAAACAAGTATCCCTC-1	PRF1	2
M	ACTGCGGTCCAATCCC-1	MRC1	3
M	ATTGTGGGTGGACAGT-1	ITK	1
M	TAAGTGCCACAGTTAC-1	TXK	4
M	CACTAAGCATCCGTAA-1	ZBTB46	1
M	CGGTGCACAGCGTCGT-1	KLRD1	8
M	TGCTCACTCGCTTACC-1	BANK1	2
M	GATTGACGTGTCGTCG-1	CD28	1
M	CTTTGCGAGTCCGATT-1	SKAP1	1
M	TTGTTCAGTGGCGCTT-1	IRF8	2
M	AAGGTTCCAAATTCCG-1	KLRD1	4
M	GCCCAGACAAACTACC-1	VWF	1
M	TTTGTGTCACACATGT-1	CD6	1
M	CCCACATTCTGTGTGA-1	EBF1	1
M	TAGTCCCCACAAGGGT-1	ZBTB46	1
M	GTCCATCAGCTTTCCC-1	GNLY	1
M	AGATAGAGTTGCTTGA-1	CD79A	1
M	GCAGCCAAGCTTACCA-1	PECAM1	1
M	TTCATCAAGAGCCACA-1	KLRD1	3
M	AGCCTTCCAGAGAGAA-1	PRF1	2
M	GTCACCTAGGTCTTGT-1	MRC1	2
M	GCAGCCATCCATCTAT-1	THEMIS	4
M	GGATGAGAGGTGTTGG-1	CD8A	3
M	GAGGATGCAGGCAAGT-1	CD79A	1
M	GTCACGGGTAAACGAT-1	CD79B	1
M	GTTATGGGTAAACGTA-1	DCN	1
M	CGAGTTAGTACTTCAG-1	CD3E	3
M	CTCTCAGGTAGCATGG-1	NCAM1	2
M	GCTCAGGAGCCATCAT-1	CD6	2
M	CTAGGATTCTCTGTTA-1	PRF1	2
M	ACATGGTCAACACGGA-1	LCK	5
M	GGTGTCGCACAAACAA-1	TXK	3
M	CAGTATGGTACGTAGG-1	TXK	1
M	CACCACTGTTAGAGAT-1	PECAM1	2
M	ACATGCATCCTAAGTG-1	PECAM1	1
M	GTTATTCAGGATTTGA-1	ITGAM	1
M	AATGGAACAAAGACGC-1	ITGAM	1
M	GATCGTAGTCTTAGCA-1	KLRD1	9
M	TGGTCCTGTAAACGAT-1	NCAM1	2
M	ATAGGCTGTGCAACAG-1	EOMES	1
M	TATGTGGAGTAACTCC-1	PECAM1	10
M	CCGAAGCAGTTCGACT-1	CD3G	1
M	TACGCAAGTCAGAGTG-1	MRC1	1
M	AGTGCCGTCGCTTACC-1	LCK	1
M	CTTAATCCAACGCAAG-1	PAX5	7
M	ACCCAAAAGCTGAATA-1	CSF1R	4
M	TATGTTCCAATTAGGA-1	BANK1	2
M	CGTTCCATCGATAGCT-1	NCR1	1
M	GGATGAGGTGCCCGAT-1	KLRD1	5
M	GGAATCTAGAACAGGA-1	MRC1	1
M	TCACCACGTGGAAGCT-1	SH2D1B	3
M	GCCCAGAGTTTCGACA-1	SH2D1B	2
M	TACCTATAGAAATGGG-1	EBF1	2
M	GTCGTAAAGGCTCCTG-1	ITK	2
M	GAACTTGTCTCCACTG-1	BANK1	2
M	AGCTGTAGTTATGCAC-1	TXK	1
M	GAGATTCAGTTGACAA-1	KIR2DL4	1
M	TTGAGTGCACAGATGG-1	CD79A	2
M	ACCGGGTGTCAAGACG-1	SH2D1B	1
M	TTCGTTAAGACTAGCG-1	PAX5	1
M	AAACGAAGTACGACCC-1	ITK	5
M	CGCTGGACATTGTTCT-1	TXK	3
M	ATGTCGAAGAGCCACA-1	COL1A1	2
M	TGGCCTTGTTTGCATG-1	SKAP1	3
M	CTGTTCGAGTAATCAG-1	CDH1	1
M	CAGTGTATCAAGAGAT-1	CD3E	1
M	GGGACCTAGAGCACTG-1	PRF1	2
M	ACTTCCGTCAAGGCCC-1	LCK	1
M	GTGCTGGAGAGCTGTG-1	EBF1	4
M	CTCTCAGGTAGTACAA-1	IL7R	1
M	CTGTATTAGATGCGAC-1	TXK	1
M	CGAGTTATCATCGCCT-1	CD28	2
M	CTAGGATCAAGTTGCT-1	MERTK	2
M	TTTGGTTGTAGACACG-1	GNLY	1
M	TAGCATGTCCACCTAC-1	NCR1	3
M	GCTTAAGGTTACACTG-1	NKG7	2
M	CCCGTTAGTGCTGTGC-1	NKG7	1
M	TGCTCGTGTATGGGTG-1	SKAP1	4
M	ACCTGCTCAGGACCTC-1	CD6	2
M	TCTAGTTTCAGTGTAC-1	MRC1	1
M	TTCATCACACACACCG-1	PAX5	1
M	TGGCCTTGTTTGCATG-1	THEMIS	3
M	TTTGGTTTCGTCAACA-1	SKAP1	6
M	GGCATTAAGTAGTGTA-1	KLRD1	4
M	TGCTTTAGTTCCGCGA-1	MRC1	2
M	CATAACGCATATAGAG-1	PECAM1	2
M	CAATCCCAGGTTTCTG-1	PECAM1	1
M	GCAGCTGAGATTAGAC-1	CD79B	1
M	GCTTAAGGTTACACTG-1	PRF1	4
M	CTGAATGAGCTTTCCC-1	MRC1	3
M	TTCAACTAGTTACCAC-1	ITK	6
M	TTCGGTCCAAGGAAGA-1	ITK	1
M	TAACGGTCAGCAACAG-1	TXK	1
M	TACTAGGCACTGCTTC-1	MARCO	1
M	AGCCCGACAGGTGGTA-1	PECAM1	2
M	CGGTGCACAGCGTCGT-1	ITGAM	1
M	CTCTACGAGTCTCCAA-1	FLT3	1
M	TTAGGTGCAGGAGCAT-1	LYZ	1
M	GATGGCCAGTGAGCAC-1	KLRC1	1
M	TGATCAGTCGTGGGTC-1	KLRD1	1
M	CTGCGTTCAACAACTC-1	PRF1	3
M	TTGCACCCAGGGTAAC-1	LCK	2
M	TGAATCGCATTACACG-1	ZBTB46	2
M	TGCTCGTCAAGGCTTT-1	KIR2DL4	1
M	GTAGGAGGTCACTCTC-1	CD79A	1
M	GGGCCATGTCTGTTGA-1	FLT3	1
M	TGCTTTAGTTCCGCGA-1	NCAM1	3
M	TCTATTGTCCATGTTT-1	PRF1	4
M	GGAGGATTCTAGCAAC-1	EBF1	1
M	ACTTTCACACACTAGT-1	NCAM1	1
M	GTTGGTAAGAGTAAGG-1	THEMIS	1
M	CACCTTGTCAGTGTGT-1	ITK	2
M	GGTACCGAGAGCGGTT-1	TXK	6
M	AACGAGGAGCAACGGT-1	EOMES	1
M	ATGTCGAAGAGCCACA-1	KIR2DL4	1
M	TGCTATTGTCCTCAGG-1	SKAP1	1
M	AACGTACGTTTGAAGA-1	CDH1	1
M	TCAAGCAGTACTTCAG-1	KLRD1	5
M	CCGTAGGAGGCGACTA-1	KLRF1	2
M	CCTTAATTCTAGCAAC-1	CD3E	1
M	GAACGTTTCTCCTTAA-1	SH2D1B	2
M	TTACCGCCATGCCTTC-1	PAX5	2
M	GGAATCTAGTCTGTGT-1	EOMES	1
M	TAGGTCACATGGCCCA-1	CD79A	1
M	GCAGATTTCGATAGTC-1	SKAP1	2
M	TCAAAGCGTATTTGCG-1	CD3D	1
M	CTGTTCGAGTAATCAG-1	CD5	1
M	GGCACGTGTAGACACG-1	MRC1	1
M	TCGTTCGTCTATAGGC-1	CD1C	1
M	GGTGCTGGTGCTGAAG-1	ITK	3
M	TGGGTGCTCCGGCTGA-1	KIR2DL4	1
M	TTCGTTAGTTCAGAAA-1	SKAP1	1
M	ACATGCAAGTAGACCG-1	KLRF1	1
M	TTACTCACAATTGGCT-1	NCAM1	1
M	TAGGTCACATCCGTAA-1	NCAM1	3
M	TGCTCGTCAAGGCTTT-1	TXK	2
M	TTGCGGGAGTCCAGAG-1	GNLY	1
M	GCCCGAAGTTCCATCC-1	SH2D1B	1
M	CGCTGGAAGATGAGGA-1	FCN1	1
M	GCCCAGAGTGGTAGAC-1	PAX5	2
M	AGATTCGTCCTGAAAC-1	PAX5	1
M	AGCGATTAGCCTGTAT-1	BANK1	4
M	GTCACAACAGGTCTGC-1	PECAM1	2
M	GTCACCTAGAAATTCG-1	KLRF1	1
M	ATCCTCGCACACTAGT-1	BANK1	2
M	GTCGTAATCCGATTGA-1	CD8A	1
M	GGTCATAGTGGCCTTG-1	GNLY	1
M	TTGCACCCAGGGTAAC-1	SKAP1	2
M	AATGGAAGTGATGCTT-1	CDH1	1
M	CTGAATGAGGAATGGA-1	KLRD1	8
M	TTAGGTGCAGGAGCAT-1	CD6	2
M	GTGCACGGTTCTGAAC-1	PRF1	1
M	TAGCATGCATTAGCCA-1	EPCAM	1
M	AACTGGTAGCACCATT-1	KIR2DL4	1
M	TTCTAACAGGAGTACC-1	KIR2DL4	1
M	ATCGAGTCAACGGACA-1	KLRD1	1
M	TTAGCGACACGATTAC-1	KLRD1	1
M	TCACCTGAGTAGTCGG-1	SH2D1B	2
M	GTCACAACACGCTGTG-1	THEMIS	1
M	TGGCGCACACCCATCT-1	EBF1	2
M	ATCCAGATCTTGTCGC-1	ITK	2
M	GGTTGCGAGGCCTCTG-1	EOMES	1
M	TCACCTGAGTTCCCGG-1	CD28	1
M	GAGCATTCAGGCATCC-1	SKAP1	2
M	TTCGCGTTCTTCCGTG-1	KLRD1	7
M	AGTGCCGTCTGGCGCA-1	KLRF1	1
M	GCTGTTCAGGAAGGTA-1	ITK	2
M	GCGAGTCTCCAACAAC-1	VCAN	1
M	CAACGGCAGTGAACCG-1	TXK	3
M	TTCAACTCAGCAACAG-1	PECAM1	5
M	AACATCGGTATTCTTC-1	ITGAM	1
M	CAGCCTTGTCACTCTC-1	CD6	1
M	GTAGGAGGTCCAAGTT-1	SH2D1B	5
M	CTGCTCACACCAAGGA-1	SH2D1B	3
M	ATGTTTCCATGTGAGG-1	BANK1	2
M	TAGCGGCAGGACTAGC-1	TXK	1
M	CCTTGGTTCGGTTCCT-1	GNLY	4
M	CCCACATAGTCTAGAA-1	GNLY	1
M	TGCATTTCATTACTCT-1	EBF1	1
M	TACAGCAGTGTGAGGT-1	GNLY	1
M	GGATGAGGTTATCGAC-1	KLRD1	2
M	GTGTCCTTCATTGCCC-1	NCAM1	4
M	CATAACGGTGAGTTGG-1	CD160	2
M	ATGTACGTCCTAGAGT-1	PAX5	2
M	GATTAGCGTGCGACCT-1	TXK	2
M	CCGTAGGAGGCGACTA-1	TXK	4
M	AGTGCCGAGTCGACCC-1	EOMES	2
M	GTCACAAGTAGTCTGT-1	CD79A	2
M	TGAATCGCATTACACG-1	PECAM1	3
M	TGGTCAATCGGTAGGA-1	PAX5	1
M	GCAGATTTCCGCGATG-1	PAX5	1
M	ATGTCTTAGAGCTGTG-1	THEMIS	2
M	TGTACAGCAGCTATAC-1	ITK	1
M	CGTGGCAAGGGTCCCT-1	BANK1	3
M	TTAGGTGTCGCAAGCC-1	GNLY	1
M	ACTTTCATCTCCAACC-1	NKG7	2
M	CGCGCAACACAATAAG-1	VWF	1
M	GAGGCTCTCTGATCTT-1	NCAM1	3
M	AACCAACGTAACGGAC-1	CD6	1
M	CTAGGGCAGAACCCGA-1	MRC1	1
M	ACATGCAGTATTTGCG-1	FCN1	1
M	TGCCTCAGTGGAAAGA-1	PAX5	1
M	TACGCAAGTCAGAGTG-1	PAX5	1
M	TTGTTCACAACGTCGC-1	ITK	1
M	TCAGGGCGTGTACGCC-1	GNLY	3
M	TTAGGTGCAGGAGCAT-1	NKG7	2
M	TGCGTAACATGGTTTG-1	IRF8	1
M	TGCTTTAGTGTTGTTG-1	CDH1	1
M	TACTCGCCAACATAAG-1	KRT18	1
M	TACAGCAGTGTGAGGT-1	VWF	1
M	ACCATCCTCTGGCCAG-1	CD3D	2
M	GGTAGGACATTAGCAC-1	NCAM1	2
M	GCCAGACCAACAACTC-1	CD160	1
M	GACCTTCAGGGCGAAG-1	EBF1	3
M	TCAGGGCGTCCAAGTT-1	ITK	2
M	ACCAAACTCTACATCT-1	ITK	7
M	GTTGGTACATTATGGC-1	CD8A	2
M	ACGTGGCCAAGGTCGA-1	KIR2DL4	2
M	GGGACCTAGTTGGAAT-1	CD79A	2
M	TGCCTCACATCTCACC-1	NCAM1	1
M	ACCTGCTTCACTAGGT-1	PRF1	6
M	TAGCCCTCATTTGTTC-1	PRF1	1
M	GACCAATAGACAACGC-1	PRF1	3
M	TACCTATGTGCCAAGA-1	SH2D1B	4
M	GCTGTTCAGAGCTCCC-1	CD160	1
M	GTGGATTAGCTGAGGT-1	ITK	1
M	TAACAGCAGGGTCCCT-1	IL7R	1
M	TAGGAGGGTCTCTGGG-1	CD28	1
M	CATGCCTGTTCAGTTG-1	IRF8	2
M	GGGACCTGTATTCTTC-1	IRF8	2
M	GCCCAGAGTTTCGACA-1	NCAM1	3
M	GGGAACACAGTCAGCC-1	SH2D1B	1
M	CATGCCTAGGGAGTTC-1	EBF1	2
M	TCACAGATCAAGTTGC-1	ITK	1
M	TTATGTCCATTCCCGT-1	NKG7	1
M	GTGCTGGGTCATAGCT-1	NKG7	1
M	CCTTAATGTTTAGGAA-1	CD79A	1
M	GAAATGATCTTCCACG-1	SKAP1	1
M	ACAGAAACAACTCAAC-1	EBF1	2
M	GGGAACACAGTCAGCC-1	ITK	10
M	GTAGTACCATGGCCTG-1	EOMES	2
M	GCCATAAAGCGCCTAC-1	MERTK	1
M	CCGTACTAGGTAGGCT-1	PECAM1	1
M	CGCTATCGTAAGCCTT-1	KLRD1	8
M	GGTAGGACATTAGCAC-1	KLRD1	3
M	GCTTAAGGTTGGAGGT-1	KLRD1	2
M	GCCTAGGGTCGAGGTA-1	NCAM1	4
M	CGCTGGATCACTCCCA-1	SH2D1B	1
M	CCTAAAGGTCACCCGA-1	THEMIS	1
M	GGATAGGAGAAATTCG-1	CSF1R	2
M	GCCCAGACAAGCGGTA-1	BANK1	1
M	AGCCTTCGTAAACGTA-1	CD8A	1
M	GAAGTGGAGGCTAAAT-1	NKG7	2
M	CATTCCGAGATAGGTT-1	PECAM1	3
M	TAATTCCGTCACTCTC-1	CDH1	8
M	GCATTGAAGACTCTTG-1	MRC1	3
M	GCTCCTAAGATATGAC-1	EOMES	2
M	CCCGTTACAACAACTC-1	CD8A	1
M	ACAAGCTCAAATGCTC-1	GNLY	2
M	TAGTCCCCAAACTACC-1	SKAP1	1
M	GCCTAGGGTGGATTTC-1	SKAP1	2
M	GGTGCTGGTTCCATCC-1	MS4A1	1
M	TTACGGACAGGGCTTC-1	PRF1	2
M	CGCAATACATTATGGC-1	PAX5	1
M	TGCTCACCAGAACGAC-1	THEMIS	1
M	GGTCATACATTACTCT-1	EBF1	1
M	GCAGATTTCTGGCACG-1	EBF1	1
M	GGAACTTTCGGAAAGC-1	CSF1R	4
M	TGGCAATGTAGGGTCA-1	MARCO	4
M	TGATCAGAGAAGCCGT-1	NKG7	2
M	CCAATGAGTTAACCGT-1	SKAP1	2
M	TTGTCTATCTCCACTG-1	VWF	2
M	CTACTTACAAGCCCTG-1	BANK1	3
M	GAAGAGCGTACAAGCG-1	EPCAM	1
M	CCGAAGCAGACCCTAT-1	NKG7	3
M	GTGACATGTTTGCATG-1	PECAM1	1
M	TGTAAGCGTCCGTGCA-1	PECAM1	2
M	GTGGATTCAGTAACCT-1	SKAP1	1
M	AGCCTCTAGAGGTACC-1	ITGAM	1
M	GCAGATTGTCTGTGTA-1	CD3E	1
M	TTGAGTGCACACTAGT-1	LCK	3
M	GGAGGATTCTAGCAAC-1	MERTK	3
M	GCGTTGGTCGGCATAT-1	SPI1	1
M	TTCATTGTCGGTTGTA-1	EOMES	2
M	AAACTGCTCTTTGCAT-1	EOMES	1
M	GAGACTTCAGATTGTC-1	CD8A	2
M	GTGTGATCAGTAACTC-1	CD79A	2
M	AACTGGTAGCACCATT-1	COL1A1	2
M	CGTACAACATCCGTAA-1	SKAP1	3
M	ACTGTCCTCCATAGGT-1	CDH1	1
M	CCAATGAAGGGTTCCC-1	KLRD1	8
M	GCATTGAAGACTTCCA-1	CD3E	2
M	GACCTTCTCACATTCT-1	PRF1	1
M	TGCTCACTCCGGGCAT-1	PRF1	1
M	CACATGATCAGGATCT-1	EBF1	2
M	AGTCAACTCCGAATTG-1	IL7R	5
M	GTGGATTAGGCGTAGT-1	BANK1	2
M	CCGTGAGCAAACAGTA-1	ZBTB46	1
M	GCAGCCATCCATCTAT-1	ITGAM	3
M	AACAAAGAGCATGATA-1	KLRD1	2
M	CACCACTGTTAGAGAT-1	KLRF1	2
M	CTTGCTGGTATCTAGC-1	NCAM1	1
M	ATGTCGACAGGTGTGA-1	NCAM1	1
M	CCAATGACACAGTTAC-1	ITK	1
M	ACAAAGATCTGTAGAC-1	CD14	1
M	TGCCTGTAGGTCTTTG-1	EPCAM	1
M	GCTTGCTTCCATAACG-1	KIR2DL4	4
M	CACAACACATCGACCG-1	CD79A	3
M	GCCAGCAAGTGGTGTG-1	NCAM1	1
M	TTCATTGAGACTAATG-1	ITK	3
M	ACGGATTAGCCATGGA-1	EOMES	1
M	CACTAAGAGCTCCGGT-1	CD28	1
M	TTTGTGTCACACATGT-1	PECAM1	1
M	TGGTCAACAATGGTAA-1	SKAP1	2
M	TACCTCGTCATAGGTC-1	IRF8	1
M	ATCCAGAGTTTCGTTT-1	DCN	1
M	ATGTACGGTCATAGCT-1	VWF	1
M	GCTTTCGCATACCCGG-1	LCK	2
M	TTCGGTCTCACTTACT-1	THEMIS	1
M	ACGGATTAGCCATGGA-1	IL7R	1
M	CAAGAAACATTGAACC-1	TXK	1
M	TCAAGACAGTCCGGAA-1	TXK	1
M	TATCGAGTCCCGGGTA-1	CD28	1
M	TAGTCCCCACAGTAGG-1	GNLY	1
M	TGGTCCTGTGCGCATC-1	CD79A	1
M	CTAACTTAGGAAACTT-1	KLRD1	3
M	CTCTCAGGTAGCATGG-1	VWF	12
M	ACCGAATGTTTCAGCA-1	SPI1	1
M	TACTAGGCATTCACGA-1	PRF1	2
M	TGCCTCACATCTCACC-1	PRF1	1
M	CTCAACCCACAGGAAC-1	SH2D1B	1
M	TAATTCCGTCACTCTC-1	THEMIS	1
M	TCGTTCGTCTATAGGC-1	EBF1	3
M	CAACGTAAGTCATACC-1	BANK1	3
M	CTGAATGAGGAATGGA-1	TXK	8
M	CCACAGGTCAGGAAGC-1	TXK	1
M	GCGTAGCCAATGACTC-1	CD28	2
M	CAGCTGGGTCGCTAGC-1	MERTK	2
M	ACGTTAGTCTATATCC-1	CD8A	2
M	AGACAAAGTAGTTTGC-1	NCR1	1
M	CACAACACATCGACCG-1	NKG7	1
M	TCAGGTAAGCTTACCA-1	CD79A	2
M	CGGTGCAAGTACAACA-1	KLRD1	6
M	CTTGCCAGTGTCTACA-1	PRF1	3
M	TCGGGACCAATGGTAA-1	EBF1	7
M	AGCTGTAGTTATGCAC-1	EBF1	1
M	ACCGAATGTTTCAGCA-1	TXK	1
M	GAGATTCCAACGTAGG-1	KIR2DL4	3
M	AGGCGAATCGTATAGC-1	KLRD1	2
M	ACTGCGGTCCAATCCC-1	KLRD1	5
M	GAATCTGTCGAGTGTT-1	THEMIS	1
M	TTCATCAAGAGCCACA-1	MERTK	1
M	GGTGCTGCAAGGGTAC-1	THEMIS	6
M	AAACGAAAGCGGACAT-1	EBF1	6
M	CACATGACAGGTAACG-1	TXK	1
M	ACGTGGCAGACCATAA-1	EOMES	3
M	CGTTCCATCCGGAAAG-1	MRC1	1
M	GGAACCCGTATCTAGC-1	THEMIS	1
M	GTGTGATCAGTAACTC-1	EBF1	4
M	GAACCGCAGGCCAGTA-1	ITK	1
M	TAGCACATCTGCTACC-1	BANK1	4
M	GGAATCTAGAACAGGA-1	EOMES	3
M	GAAACAAGTGAGTTGG-1	ZBTB46	1
M	ACATGCAGTATTTGCG-1	KLRD1	7
M	GCATTGAAGACTTCCA-1	VWF	1
M	CGCAATATCCCACTTG-1	CD6	1
M	TACCTATGTTTAAGGA-1	PRF1	2
M	AGCCCGACAGGTGGTA-1	EBF1	4
M	TGCTTTAGTCCAAGAG-1	CSF1R	2
M	TAGGTGTGTGACGCAA-1	VCAN	5
M	TACATGGTCGCGCCAA-1	BANK1	1
M	TTAGGTGTCTCCAACC-1	BANK1	1
M	GGGACCTTCATAGGTC-1	ZBTB46	2
M	CAACGTAAGGGCGAAG-1	FLT3	3
M	TGTACAGGTTTGCGAT-1	KLRD1	2
M	TAAGTGCGTGCAACAG-1	EBF1	1
M	ACCGAATGTTTCAGCA-1	CD68	1
M	AGCCCGACAGGTGGTA-1	PRF1	1
M	CGATGATTCCTTTGCG-1	PAX5	1
M	ACGTTAGTCACTTACT-1	THEMIS	1
M	GGAGGATCAAGCGTCC-1	ITK	5
M	TGCATGACACCTGAAT-1	VCAN	1
M	TGCATTTCACTTATGG-1	BANK1	5
M	GTGGCGTTCTTCCAGC-1	TXK	3
M	CATTGGATCGGTCTCT-1	CD8A	2
M	CTTCCAGAGCGTGTTT-1	GNLY	2
M	TTGCACCCAGGGTAAC-1	NKG7	1
M	CTGGCAGCATACCCGG-1	CD79A	1
M	CTTAATCAGAAATGGG-1	KLRD1	2
M	ATGGATCAGGCTGGAT-1	KLRD1	12
M	TACATTCTCGCTTCAC-1	NCAM1	1
M	CGAGTTAGTGTCTACA-1	VCAN	2
M	CGCACAGGTGAATCAA-1	BANK1	8
M	CAATCCCAGGTTTCTG-1	CD79A	1
M	TTTGGCCCACAGTTAC-1	SKAP1	1
M	TAGGTCACATGGCCCA-1	CDH1	1
M	TGGGTTAGTACGACCC-1	CD3E	1
M	AAACGAATCTAGCTGA-1	CD160	1
M	GTGCACGAGACGACTG-1	THEMIS	3
M	GTTACGAAGCGTTGCC-1	EBF1	4
M	TCGCCTACATCGGCTG-1	ITK	2
M	GATCATGGTATCTCAG-1	MERTK	1
M	GAGCATTTCCTGTGGG-1	IRF8	4
M	TATGTGGAGTAACTCC-1	PAX5	6
M	TGTGTCCTCCGTTTCG-1	THEMIS	5
M	GCCCGAACATGATTGC-1	VCAN	1
M	CTTGTCGAGCGTAGCA-1	BANK1	1
M	GGGAACACAGTCCTGG-1	TXK	1
M	GGGTGTCTCTTAACGG-1	CD8A	4
M	AGCCAGCGTGCACATT-1	GNLY	1
M	GACCTTCCATCAGCTA-1	IRF8	1
M	GGTGTCGCACAAACAA-1	IRF8	1
M	AACCAACGTAACGGAC-1	ITGAM	3
M	GCCTAGGTCTGGCACG-1	ITGAM	1
M	CCCAGAGTCCCAGCGA-1	EOMES	3
M	TTACGTTTCGAGTGTT-1	NCR1	1
M	CCGTAGGCATAGTCCA-1	FLT3	2
M	ATCCAGAGTTTCGTTT-1	KRT8	1
M	CACATGAAGGACTTTC-1	KLRD1	5
M	AGTGCCGAGGCTCAGA-1	KLRF1	1
M	CTCTCAGAGAAACGCC-1	MS4A1	1
M	AACAAAGAGAGCCACA-1	MS4A1	1
M	CAGCTAACAGAAAGAG-1	PRF1	2
M	ACTGCAATCGCACAAT-1	PRF1	4
M	TGTGGCGAGTCCTTCC-1	PAX5	1
M	GCAGCCAGTTTCAGCA-1	PAX5	1
M	CCCTAGTAGAGCTACG-1	ITK	1
M	CCCACATAGAGCTCCC-1	BANK1	2
M	GTGCACGAGACGACTG-1	CD68	1
M	AGCGATTAGCCTGTAT-1	ITGAM	1
M	GCCAGACTCCGTACGG-1	KLRC1	1
M	AAAGGGCCATTTCACT-1	CD3E	1
M	TGGCAATCATACTGCA-1	PRF1	1
M	TTCGATTAGTGTGTAA-1	BANK1	1
M	GCTGAGCGTGCAAGCA-1	ZBTB46	1
M	GCAAAGGAGCAATGTA-1	GNLY	2
M	GGGCCATTCGTCCCTA-1	GNLY	1
M	AGACAAATCTGACATG-1	PRF1	1
M	ATGTTTCAGTTGGAAT-1	CD14	1
M	TGCTATTGTAAAGGCC-1	IL7R	1
M	ATGTACGGTCATAGCT-1	CD8A	1
M	CCTCCCTCACGCGTTG-1	PECAM1	4
M	GAACGTTTCTATACCT-1	COL1A1	1
M	TAGCATGCAATGACTC-1	CD6	1
M	CATGCCTGTCAGAGTG-1	PRF1	1
M	GTAATCGCAATGTAAG-1	PAX5	2
M	AGCTGATAGGCGATTG-1	CD14	1
M	GGTCATATCTTACCTA-1	VCAN	1
M	TTTGGTTGTTGCCGCA-1	BANK1	5
M	GTGTCAATCTCTTCTC-1	EOMES	5
M	GAGGCTCGTTCTGAAC-1	GNLY	2
M	GCCAGCATCAAACCCA-1	IRF8	1
M	CCTAAAGGTCCCGAGT-1	IRF8	1
M	ACCCAAAAGCTGAATA-1	ITGAM	1
M	AACATCGTCCGGGCAT-1	FLT3	2
M	TTGAGTGAGTACGCGA-1	KLRF1	1
M	GGTACCGAGAGCGGTT-1	EBF1	1
M	GCATGATTCGAGAACG-1	VCAN	1
M	GACTAACGTCACCCGA-1	BANK1	3
M	CCCACATAGAGCTCCC-1	MERTK	1
M	TGCTTTATCTCGCGGA-1	MERTK	1
M	CGCAATATCCCACTTG-1	CD79B	2
M	GTTATTCCAGGCAAGT-1	LCK	2
M	CACCACTGTTAGAGAT-1	THEMIS	1
M	TATCTGTCATCGTACA-1	EBF1	1
M	AACCTGACACATCATG-1	BANK1	2
M	GTGGATTAGGCGATTG-1	CD28	2
M	TGTTAGGTCCAATAGC-1	CD28	1
M	ATGTCTTCATTGCCTC-1	NKG7	2
M	TTTGGTTAGACCCATT-1	IRF8	2
M	GAACCTAGTATCCTTT-1	KLRD1	2
M	AGATTCGTCGTTTGAG-1	LCK	2
M	GGGTCTGCACTCAAGT-1	LCK	1
M	TAACGGTCAGTAGGCA-1	THEMIS	2
M	TCACTCGGTGCGCATC-1	EOMES	1
M	ACAAACCAGACTTCCA-1	EOMES	1
M	GAGCATTTCAGGAATA-1	VWF	4
M	TGTGGCGCACATTCTT-1	CD6	1
M	TCAGGTAGTAAGTGCG-1	PRF1	2
M	CCTATTAAGATCTAAG-1	CD160	1
M	TAAGTGCAGCTTACCA-1	EBF1	4
M	AGATTCGTCTTCCGTG-1	ITK	10
M	TGTAAGCGTCCGTGCA-1	CD8A	1
M	GCGCATGTCGCTGATA-1	NCR1	1
M	TACAGCACATAGCAGG-1	CD79A	1
M	TGTGACACAGTATACC-1	KRT18	1
M	AGTTACGGTTCTTTCA-1	CD6	1
M	TGACTCCAGGAAGGTA-1	PAX5	3
M	TTCGCGTTCTTCCGTG-1	ITK	7
M	TCCATCGCACATTGCA-1	IRF8	2
M	GAGGCTCAGCTCCGGT-1	KLRD1	2
M	CCTTGCAAGGCTCCTG-1	SFTPC	1
M	CCTGGGACACTAGCCG-1	CD14	1
M	GTGGATTAGGCGATTG-1	EOMES	1
M	CATAACGGTGAGTTGG-1	KIR2DL4	1
M	AAGGAGCGTACGGAGT-1	SKAP1	1
M	AACTGGTAGCCTATAC-1	LCK	1
M	GTCACGGCAACTACTG-1	ITK	3
M	GCCTAGGCAAAGCATA-1	BANK1	2
M	GCAACCGAGTTCGTTG-1	TXK	1
M	AATGGCTAGTAGTTCC-1	ZBTB46	1
M	GCAGCTGTCACAACAC-1	MERTK	1
M	CATTCATGTATGGATA-1	CD79B	2
M	AGGCGTCGTTAAGTCC-1	CD68	3
M	TCTAGTTTCAGTGTAC-1	KLRD1	2
M	ATGTCTTAGAGCTGTG-1	CLEC9A	1
M	CGCTATCTCAATCGTG-1	IRF8	1
M	CTCTCAGGTAGTACAA-1	KLRD1	1
M	GGGACCTGTATTCTTC-1	KLRD1	6
M	CTTTGCGCAACAACTC-1	KLRD1	1
M	TAAGCCATCTTTGCAT-1	SH2D1B	1
M	CGCAATATCGACTGGC-1	EBF1	2
M	AACGTACCAGCGTAGA-1	BANK1	1
M	ACCGGGTAGTGATCTC-1	TXK	7
M	AGACAAAGTACCCACG-1	ZBTB46	1
M	GAGATTCCAACGTAGG-1	NCR1	1
M	CCGTAGGAGCTCGTTA-1	PECAM1	1
M	TACTAGGCATTACCTT-1	CD6	1
M	TAACGGTCAGTAGGCA-1	LCK	2
M	TTACTTGAGTCTCGAT-1	IRF8	1
M	GCAGCTGTCCAAGTCA-1	GNLY	1
M	TGACTCCTCTTTGCAT-1	CD79A	2
M	ACCTGCTCAGGACCTC-1	SKAP1	6
M	GACCAATAGACAACGC-1	KLRD1	1
M	ACAATCGCACGCTAAT-1	SH2D1B	1
M	GAGTGAGGTTCAGAAA-1	TXK	1
M	GCCAGCAAGTGGTGTG-1	TXK	6
M	TGCTATTTCCATATCT-1	LCK	2
M	CTTGCTGTCTGTGTGA-1	IL7R	4
M	AGCTGATAGGCGATTG-1	BANK1	1
M	GCCAGACGTGGTACTT-1	NKG7	1
M	GCAGATTAGCTCGGCT-1	PECAM1	2
M	AAACGAAGTACGACCC-1	SKAP1	1
M	CCTGGGACACTAGCCG-1	KRT8	1
M	TAAGTGCCACTGTCAA-1	CLEC9A	1
M	GCTCAGGAGTTCCAGT-1	VWF	1
M	GACCAATTCCACCTAC-1	CD5	1
M	TAGCCGGTCGTATAGC-1	PRF1	2
M	CCCACATGTGCAAGAC-1	GNLY	1
M	TGCTTTAAGAGCGGTT-1	KLRF1	1
M	AACCTTTGTACGCAAG-1	KLRF1	2
M	TCAGTCCAGGGAAGCG-1	KLRF1	1
M	ACTGTCCTCCTCATTA-1	NCAM1	3
M	TTGCAGACATCCCAAA-1	PAX5	3
M	AAGATAGAGCCAGAAC-1	PAX5	2
M	CAGGATTAGATTCCGT-1	THEMIS	1
M	GTCGTAATCCGATTGA-1	EBF1	3
M	GTCTACCTCTCATCCG-1	ITK	3
M	AAACGAAGTACTTCAG-1	CD79A	1
M	AAGATAGAGGCGACTA-1	COL1A1	1
M	ATCCTCGAGTGTCGGA-1	IRF8	1
M	GACCCAGAGGTCTTTG-1	KRT8	1
M	CCGTAGGGTTGCTTGA-1	NCAM1	1
M	TAGCCCTTCGGATAGG-1	CD6	2
M	ACCGCAGGTCTGGGCT-1	SH2D1B	1
M	CCACGTTAGGCACTAG-1	LCK	2
M	CGTTCCATCGATAGCT-1	PECAM1	1
M	CACCACTGTACAACGG-1	SKAP1	3
M	ACATGCAGTATTTGCG-1	FLT3	1
M	CTCAGAAAGTGCAACG-1	NCAM1	2
M	TAGTCCCCACAAGGGT-1	MRC1	7
M	TTCATCAAGAGCCACA-1	PAX5	2
M	AGCCTGGGTACGGAGT-1	EBF1	2
M	ACAAGCTGTAACTCCA-1	GNLY	1
M	GTGACATCAATGGCTT-1	KIR2DL4	1
M	TGGTCCTAGTGAGCAC-1	CD79B	1
M	AAGATAGAGCCAGAAC-1	ITGAM	1
M	GTCACGGTCTCCACTG-1	CLEC9A	1
M	GCCAGCATCAAACCCA-1	CD3D	2
M	AACCAACGTAACGGAC-1	CD5	1
M	CTTCTAATCGGGATCC-1	SH2D1B	1
M	ATAGGCTGTCAAGACG-1	CD160	2
M	GTAGGAGGTCACTCTC-1	PAX5	2
M	TTACCCGGTAGTCTGT-1	ITK	1
M	TAGACTGCAATGATGA-1	MARCO	1
M	TTACGTTTCGAGTGTT-1	CD79A	2
M	GCGATTAGTAACGGTG-1	NCAM1	1
M	GTCACGGCAGTTACAC-1	ITK	3
M	ATCCTCGCACACTAGT-1	CSF1R	1
M	AGGCGTCTCCTTTGCG-1	CD8A	4
M	GCCAGACCAACAACTC-1	CD79A	1
M	GAGGATGTCTCATCCG-1	IRF8	3
M	CTTAATCAGAAATGGG-1	CD6	1
M	GATCGTAAGAACCCGA-1	MRC1	1
M	GCTTGCTCATGGGACA-1	ITK	1
M	ATTACTCGTGGACTGA-1	EOMES	1
M	TAGCCCTCATTTGTTC-1	CD28	1
M	ATCCTCGCATTACACG-1	KIR2DL4	2
M	ACTGCAAAGTCCGGAA-1	CD79A	2
M	ACAAAGAAGGGTAGTC-1	KLRD1	2
M	GCTCGAGAGCCGCAAA-1	SPI1	1
M	CAGTGCGTCTTTCGAT-1	LCK	1
M	TGCCTGTTCACACGTA-1	THEMIS	3
M	TAGGAGGTCATTCATC-1	THEMIS	1
M	TGACTCCGTGGTTCTA-1	EOMES	1
M	ATTACTCGTGGACTGA-1	CD79A	2
M	GGTGCTGTCAATTGGC-1	CD79A	2
M	TTCTAACGTTTCTCTA-1	COL1A1	1
M	TCAGGTAGTAAGTGCG-1	IRF8	2
M	GAGCATTCACGACGAA-1	IRF8	1
M	GAGCATTCAGTTAAAG-1	MRC1	1
M	TTGCAGACATCCCAAA-1	CD160	1
M	ATAGGCTAGTCAGCCC-1	CD160	1
M	AGATTCGTCTTCCGTG-1	THEMIS	1
M	TCACTCGTCGCATAAC-1	EBF1	2
M	CAAGCTAAGGCAGTAC-1	ITK	7
M	ACCTGCTTCGTAGCGC-1	ITK	3
M	GCGGTGTTCTACTTTG-1	CLEC9A	1
M	AAACGAAAGCGGACAT-1	CD4	3
M	AACATCGTCCGGGCAT-1	VWF	1
M	GTAGTACTCCTCAAGA-1	SH2D1B	1
M	TTTGGTTCAGGTCCTG-1	ZBTB46	2
M	GCCTAGGAGTGGTGTG-1	PECAM1	2
M	CGTTCCAAGGAGTACC-1	SH2D1B	1
M	TGTAGCAAGCGTCTGC-1	ITK	2
M	CACATGATCAAGGCAG-1	ITK	2
M	CTCCCAAAGAAGCCGT-1	ITK	10
M	GTCACCTAGGTCTTGT-1	SKAP1	2
M	GAAGTGGGTCCCGAGT-1	CD3E	1
M	GACCTTCCATCAACTG-1	NCAM1	2
M	GTCACAACATTCACCC-1	VCAN	1
M	TTCAACTGTTCTACGA-1	EOMES	3
M	TCTCTGGAGTCGCCTG-1	GNLY	4
M	AGCCTGGGTACGGAGT-1	NCAM1	1
M	CCAGATAAGAGATTAC-1	BANK1	2
M	CGCTGGATCACTCCCA-1	CD28	1
M	GTCCATCAGTCCCGCA-1	IRF8	1
M	GAGTGAGGTTCAGAAA-1	CD3G	2
M	AAGATAGAGCCAGAAC-1	SPI1	1
M	CTAGGATTCTCTGTTA-1	PAX5	2
M	ACTTCCGCAGAATGCG-1	THEMIS	2
M	TAGGAGGTCACTCGGG-1	EBF1	1
M	TAGCCGGAGACTTGAA-1	ITK	3
M	GGGAACACAGTCCTGG-1	MERTK	1
M	GAAGTCTAGTTATGAG-1	KLRF1	3
M	GTGTGATCAGTAACTC-1	LCK	1
M	GTCTACCTCCAGAATC-1	PAX5	2
M	TGGCAATAGATTAGAC-1	IL7R	1
M	CCCTAACGTCAAATCC-1	PECAM1	1
M	ACTGCGGCAGGCACAA-1	IRF8	2
M	AGTTTGGCAAGACTAA-1	KLRD1	2
M	CCTGCTACAAGCAATA-1	CD6	1
M	ATTTGTCAGCGTTAGG-1	LCK	6
M	CAGGATTGTTAACTCG-1	PAX5	1
M	CTTCTAAGTGTCCAGC-1	EBF1	1
M	GACTAACGTCACCCGA-1	TXK	7
M	AAGATAGAGATATGTG-1	EOMES	1
M	TTTGCGCTCGTAGCGC-1	CD8A	1
M	GTCACAAGTTCTGATG-1	SKAP1	2
M	CGCTGGATCTGTGTGA-1	SKAP1	1
M	GTGTCAATCCGGCTGA-1	VWF	3
M	CGGACCAGTCACAGTT-1	BANK1	5
M	TGCACCTAGACTCTTG-1	BANK1	2
M	CGCTGGATCACTCCCA-1	EOMES	2
M	TGTAAGCGTCCGTGCA-1	GNLY	2
M	TGAGTCATCCATATCT-1	SKAP1	2
M	TAGGAGGTCTGAGTAC-1	KLRD1	5
M	CCTCCCTCACGCGTTG-1	NKG7	1
M	TTTACGTCAACGTCGC-1	CD79A	1
M	CCTCCCTCATATAGAG-1	VWF	1
M	ATGTTTCAGTTGGAAT-1	CD160	3
M	TAGGTGTGTGGTGGTA-1	ITK	1
M	TGGCAATAGATTAGAC-1	CD79A	1
M	CTCTCAGAGCAGAATT-1	NCAM1	4
M	GAGCATTCAGGCATCC-1	THEMIS	1
M	TGCACCTAGACTCTTG-1	ITK	6
M	GTCACCTAGAAATTCG-1	NKG7	2
M	TGATTTCCAATCATCG-1	NKG7	1
M	CCACGTTAGGCACTAG-1	EOMES	3
M	TGGTCAACAATGGTAA-1	CD8A	1
M	TTGCTATAGACACAAT-1	NKG7	1
M	CCCTGATCAACACGGA-1	CD79A	3
M	GTGGATTAGGCGTAGT-1	IRF8	1
M	TTGCACCCATCCGTAA-1	KLRD1	4
M	CAGCTAATCGCGCTGA-1	CLEC9A	1
M	AAAGATGCAGATAAGT-1	CD3E	1
M	CCACGTTGTCGAGGAT-1	NCAM1	2
M	GGTAGGAAGCTTACCA-1	ITK	1
M	TCAGGTAGTATCCTTT-1	ITK	4
M	TCACCTGGTCCCTAAA-1	BANK1	5
M	CGGTGCAGTAACCGAG-1	TXK	1
M	GCTTAAGTCTTGTCAT-1	ITGAM	1
M	ACGTGGCAGACCATAA-1	KRT8	1
M	TGATGCATCTCTTCTC-1	KLRF1	2
M	TCACTCGGTGCGCATC-1	VWF	1
M	CCAGATAGTACGCCCA-1	EBF1	2
M	TGATGCACACATTCTT-1	ITK	4
M	ATCCAGACAATAGCGG-1	VCAN	2
M	GTGCCAGTCGACTGGC-1	TXK	1
M	CCACGTTTCCATGTTT-1	IRF8	1
M	TCTCAGCAGCTTCAAC-1	CD5	1
M	AGTTTGGGTCATAAGA-1	CD6	1
M	GAAGTGGGTCCCGAGT-1	PRF1	1
M	TGCTCACCAGAACGAC-1	SH2D1B	1
M	GTGACATCAGCAACCC-1	TXK	1
M	CATGTTTTCAGGAATA-1	NKG7	2
M	TAACAGCCATAGCAGG-1	CD6	1
M	AACGGGAAGGGACGTT-1	PRF1	1
M	TTGTCTACATCCTGGG-1	PRF1	2
M	GGATGAGCAGTAACGG-1	ITK	8
M	GGAACCCGTCAGAAAT-1	NCR1	2
M	GTCACTCAGAGCGAAA-1	SKAP1	4
M	AGCGATTGTAACGGCA-1	IRF8	1
M	TTGCACCCATCCGTAA-1	ITGAM	1
M	GCAGATTGTCTGTGTA-1	KLRF1	1
M	TACTAGGAGTCGATAA-1	BANK1	2
M	CTTCTAATCGGGATCC-1	CDH1	2
M	TACCTATAGAAATGGG-1	VWF	1
M	GTCACCTAGTAACTCC-1	PRF1	1
M	GTGCTGGAGAGCTGTG-1	MRC1	2
M	AGGACGACAGCGCGTT-1	PAX5	5
M	TCGCAGGAGCCTCGCA-1	THEMIS	3
M	GCCTACTCAGATAAGT-1	THEMIS	1
M	ATGTCTTGTTGGTAAA-1	BANK1	3
M	AGATAGAGTTGCTTGA-1	TXK	4
M	TTCGGTCAGTTCGTTG-1	VWF	6
M	TCAGTTTTCTGAAAGA-1	CD160	1
M	GGTCATAGTATTCGAC-1	THEMIS	2
M	TATTGCTCAGCTTACA-1	BANK1	2
M	GAGCATTCAGTTAAAG-1	TXK	9
M	CTCTACGAGTCTCCAA-1	TXK	5
M	GTGCTGGAGCTACGTT-1	KIR2DL4	1
M	TGTACAGTCGCTCGGA-1	PECAM1	1
M	GCTGAGCAGTCGAGCA-1	IRF8	1
M	CCCTCTCCACCACGAC-1	CD3G	1
M	TAGCACATCTGAGTCA-1	CD3E	1
M	TCGCCTATCCTTCGAC-1	CD5	1
M	GCTTGCTCATGGGACA-1	THEMIS	1
M	ACATGGTAGCTCGGCT-1	THEMIS	1
M	TAGACTGAGATCTCAC-1	ITK	3
M	CAAGAAACAGATTAAG-1	ITK	1
M	TCAAAGCTCGTCAACA-1	BANK1	1
M	TACCTCGGTCTGGTCG-1	CD79B	1
M	GACCGACCAGGTGGTA-1	SH2D1B	1
M	TGGTCCTGTGCCCGAT-1	THEMIS	1
M	GCCAGACCAACAACTC-1	ITK	2
M	CCGTGAGGTCAGGCTC-1	GNLY	2
M	GGGACCTTCATAGGTC-1	PECAM1	3
M	GTACTTTCAAGATGCG-1	SKAP1	6
M	AACAAAGTCGCCTTAC-1	SKAP1	4
M	CGCTGGATCACTCCCA-1	CDH1	1
M	GTCCATCGTACGAGAC-1	KRT18	1
M	GACTAACGTCACCCGA-1	KRT8	1
M	CCGTGAGAGGTCTTGT-1	NCAM1	1
M	TGCTATTCAAAGGCCA-1	PRF1	2
M	AAGATAGAGATATGTG-1	MRC1	1
M	TAACAGCTCTTGTACT-1	MRC1	1
M	GTCTACCCAGGCACAA-1	SKAP1	1
M	AAAGATGTCCAGTACA-1	IRF8	3
M	CATGCCTGTTCAGTTG-1	ITGAM	2
M	TCGCCTATCCTTCGAC-1	CLEC9A	1
M	GCTCGAGCATCGTACA-1	CD6	1
M	GAAAGTAAGATGGCAC-1	MERTK	1
M	ATCGAGTTCCTAAGTG-1	NCR1	1
M	TTGCTATCACGCTGTG-1	CD6	2
M	TAAGTGCAGCTTACCA-1	MRC1	3
M	TAGTCCCCACAGTAGG-1	TXK	1
M	CACCTTGGTCATCAAC-1	ZBTB46	3
M	AACCTGACACATCATG-1	MERTK	2
M	TCAGGGCTCTGGTACA-1	GNLY	3
M	TAGCCCTGTATTCGCA-1	PECAM1	1
M	GAAAGTAAGGCGATTG-1	VWF	2
M	CAGCTAATCGCGCTGA-1	PAX5	2
M	AACGTACGTCAACTAC-1	THEMIS	2
M	CGGTGCACAGCGTCGT-1	ITK	4
M	TGTAAGCTCCCAGCAG-1	GNLY	2
M	AAAGGATTCACATTCT-1	NCR1	1
M	TATGTGGCAGTTCGGC-1	ITGAM	1
M	GCGGGTTTCGGATCGC-1	MRC1	2
M	ATGTACGCAATGGCTT-1	SH2D1B	1
M	TTACCGCCACTAGGAG-1	SH2D1B	1
M	TACCTATAGACAGCTG-1	PAX5	3
M	TCTATTGCAAAGGTCG-1	BANK1	1
M	AAATGAGCATCCTGGG-1	PECAM1	5
M	GGAACTTGTCTAACCA-1	KLRD1	4
M	CACAGATGTCAACAGG-1	CD160	2
M	TAAACCGGTGGTCGAA-1	EBF1	1
M	TTCAACTCAACTCGAT-1	EBF1	1
M	TACATGGAGCTAACAA-1	ITK	6
M	GTGGATTAGCTTACCA-1	ITK	2
M	CCAGAATGTGCAAAGC-1	TXK	1
M	TGGCAATAGTTGACAA-1	NKG7	1
M	CGCTGGAAGGCGTCCT-1	KLRD1	2
M	AGACAAAAGTGAAGGA-1	KLRD1	4
M	TCAGGTAGTGCGCTCA-1	THEMIS	3
M	TACATGGCAGCAACAG-1	ZBTB46	1
M	GAGGATGGTCTGTCCT-1	CD28	1
M	TCACTCGAGTTCCCGG-1	NCR1	2
M	GCATTGAGTGGACAGT-1	CD79A	1
M	AGTGTACGTCATCGTA-1	MRC1	2
M	GATCGTAAGAACCCGA-1	SH2D1B	2
M	TCAATTCGTAACCGAG-1	PECAM1	2
M	AGTGTACGTCATCGTA-1	NCAM1	5
M	TAACGGTCAGTAGGCA-1	CD160	1
M	AACTGGTTCGTTCCGT-1	THEMIS	1
M	CTTTGCGGTATCACAC-1	CSF1R	1
M	TTCGGTCCAAGGAAGA-1	NKG7	3
M	GCCAGACTCACTAGGT-1	PECAM1	3
M	TTACTTGAGGATATCA-1	SKAP1	3
M	ACTACGAAGCGCCTAC-1	KLRD1	1
M	GTCACTCAGAAATGGG-1	SPI1	1
M	CTTGCCAGTGTCTACA-1	MRC1	3
M	ACAGAAACATCTCTCG-1	IL7R	1
M	CCGTGAGGTCAGGCTC-1	KLRF1	4
M	GGGCCATCAGTAACCT-1	CD5	1
M	GGTGCTGAGAACGTCG-1	LCK	2
M	CTTGCTGGTATCTAGC-1	PAX5	1
M	ACAAAGAAGGGTAGTC-1	PAX5	1
M	TGACTCCGTGGTTCTA-1	THEMIS	1
M	GCGGAAATCTCGCGTT-1	CD8A	2
M	GCAGATTTCTGGCACG-1	SKAP1	1
M	TTTGCGCTCGTAGCGC-1	CD3E	1
M	GAGATTCGTCTCTGGG-1	EBF1	3
M	CCTGGGACAGAACGAC-1	EBF1	4
M	AGCGATTGTGATAAGT-1	ITK	5
M	GCGTAGCAGAAGCCGT-1	EOMES	1
M	CACAGATAGACTTGAA-1	SKAP1	1
M	ATTGTGGCATCCATAG-1	KLRD1	2
M	TCAGTCCAGGGAAGCG-1	CLEC9A	1
M	TTGCCCATCTCTGAGA-1	NCAM1	2
M	TTACGTTCATTAGCCA-1	VCAN	1
M	TAGCCGGAGTGTCACT-1	GNLY	1
M	CGCAATAGTGCTTGAT-1	PECAM1	1
M	TTGTTGTAGTCGTGAG-1	PECAM1	1
M	CACCTTGTCGTGAACT-1	PRF1	1
M	GAAATGAAGACACGGT-1	SH2D1B	2
M	GCGGGTTTCACTCCCA-1	LCK	2
M	GCCTAGGTCTGGCACG-1	ZBTB46	2
M	CTCACCATCCACTAGA-1	CD79A	1
M	CGGTGCACAGCGTCGT-1	NCAM1	1
M	TTACCCGGTCAGTGTT-1	PRF1	2
M	CACCTTGGTCATCAAC-1	PRF1	1
M	CAACGGCTCGTAGCGC-1	PRF1	2
M	GAAACAAGTTCTTATC-1	CD160	4
M	CGTACAATCGTTCTAT-1	ITK	4
M	CCAATGACAGGTGGTA-1	EOMES	3
M	CCTTAATTCTCGCGTT-1	NKG7	1
M	CCTAAAGAGTAATCAG-1	PECAM1	2
M	CCTTAATTCTAGCAAC-1	KRT8	2
M	TTCAACTCAGGTAGCA-1	KLRD1	1
M	TTGAGCACAACGTACT-1	BANK1	1
M	TTCGATTAGTACAGAT-1	TXK	1
M	GAGGCTCAGAACGACC-1	ZBTB46	1
M	CCAATGACACAGTTAC-1	KLRD1	1
M	GGAGGATTCTAGCAAC-1	NCAM1	3
M	TAGGTGTCACCGAAAG-1	SH2D1B	3
M	TCAGGTAAGCTCCGGT-1	CD8A	5
M	TGCCTCAGTAATGCAA-1	NCR1	2
M	GTGCTGGAGAGCTGTG-1	LUM	1
M	GATCATGGTATCTCAG-1	KLRC1	1
M	AGACAAAGTACCCACG-1	CD6	1
M	CCTTGGTTCGGTTCCT-1	PRF1	3
M	CTCAGCTTCTCTTAAC-1	LCK	1
M	CGTACAACAATCAGGG-1	BANK1	9
M	GCTGAGCGTGCAAGCA-1	BANK1	1
M	GCAGATTTCCGCGATG-1	CD68	2
M	CAGCCTTAGGCACTAG-1	KLRD1	1
M	TCACCTGAGGTCTTTG-1	CD4	1
M	ACGGATTCAGGAGCAT-1	CD5	1
M	CTCGCTAAGAACGTCG-1	LCK	1
M	ATTACTCCACCCTTAC-1	LCK	1
M	GAGCATTTCTAAACGC-1	ITK	6
M	GCATTGAAGACTTCCA-1	KIR2DL4	1
M	AACAAAGTCGCCTTAC-1	CD79B	1
M	TTCGGTCTCGCTACCT-1	CDH1	2
M	GCAGATTAGCTCGGCT-1	KLRD1	12
M	TAATTCCTCCCAATAG-1	SKAP1	2
M	TGCCTGTTCGGTCTCT-1	SKAP1	3
M	TGTGACATCGGCAATT-1	SKAP1	3
M	ACTTTCACATTCCCGT-1	KRT8	1
M	TACTCGCTCGGGCTCA-1	ITK	4
M	CGGTGCACAGCGTCGT-1	BANK1	3
M	GCGGAAAAGCGCCTAC-1	BANK1	1
M	TGGTCCTGTGCCCGAT-1	NKG7	2
M	ATCCAGACAATAGCGG-1	CDH1	2
M	TCCATCGCACATTGCA-1	LCK	2
M	GTCTACCTCTCATCCG-1	EBF1	1
M	ACCTGCTTCACTAGGT-1	ITK	4
M	AACATCGAGACCATAA-1	PECAM1	1
M	TGACAACAGTCGGGAT-1	SKAP1	1
M	CAGGATTGTTAACTCG-1	CDH1	1
M	CCTTAATGTTGAAGCG-1	KLRD1	3
M	TGATTTCCAAGGGTAC-1	KLRF1	1
M	ACGTTAGTCCATTGTT-1	MS4A1	1
M	ACGTTAGGTTGAAGCG-1	PRF1	1
M	CTTTGCGCATATTGGC-1	ITK	2
M	GAAACAAGTGAGTTGG-1	BANK1	2
M	CTCAGAACATTTGGCA-1	ZBTB46	2
M	TGAGCCGTCCAAGTCA-1	PECAM1	2
M	CGCACAGCACTTGCGG-1	SKAP1	4
M	GTCACAATCTTTCGAT-1	KLRD1	2
M	CAGTGCGTCGGCTATA-1	KLRD1	1
M	AAAGGATAGGATGTCG-1	VWF	4
M	GTGGATTAGTAGTCGG-1	VWF	3
M	TAGCACAGTCGCGCTA-1	VCAN	3
M	GAGGTCCAGTCCGGAA-1	BANK1	2
M	TGTACGAGTTTGCATG-1	EOMES	1
M	TGACAACTCTCATATC-1	KIR2DL4	2
M	TTACCCGCACTAGGAG-1	KIR2DL4	1
M	GGTAGGACATTAGCAC-1	SKAP1	3
M	GGGACCTTCATAGGTC-1	IRF8	1
M	ACAGAAACAACTCAAC-1	BANK1	1
M	CTCTCGAAGACCATAA-1	EOMES	1
M	ACAGGCCGTTTGACCA-1	CD28	2
M	GACCAATGTCATCGTA-1	NCR1	3
M	TGCACCTTCGATTACG-1	NKG7	1
M	ATTACCTTCTACATCT-1	CD79B	1
M	TAGTCCCCACAAGGGT-1	COL1A1	2
M	AACTTGGGTGCTGTCG-1	CD68	1
M	GGCATTACAAGGTCGA-1	DCN	1
M	GGTGTCGAGACAACGC-1	KLRD1	14
M	ACTGCGGTCCAATCCC-1	CD4	1
M	TTATGTCCATTCCCGT-1	VWF	1
M	TGATGCAAGTTCTCCC-1	PAX5	3
M	GCACCTTCATTGTTCT-1	THEMIS	1
M	GTCGTAAAGTACCTCA-1	COL1A1	1
M	GTTGGTAAGATGTTGA-1	IRF8	1
M	CCGTAGGCATAGTCCA-1	ITGAM	1
M	GTGCACGAGACGACTG-1	KRT8	1
M	GATTGACGTGTCGTCG-1	CD160	1
M	TCAAGACAGTCCGGAA-1	THEMIS	1
M	CAGTGCGTCTTTCGAT-1	THEMIS	1
M	CAAGAAAAGACACTTC-1	EBF1	3
M	AGTGCCGTCTGGCGCA-1	CSF1R	1
M	GTTGGTACATTATGGC-1	ZBTB46	1
M	GCCAGACGTAGGTAAT-1	NKG7	1
M	GCAGCCATCCATCTAT-1	CD79A	4
M	GAAACAAGTGAGTTGG-1	COL1A1	1
M	GATTAGCTCGGGATCC-1	CDH1	1
M	TACATTCAGTAACACA-1	KLRD1	1
M	GGGAACACAGTCCTGG-1	BANK1	5
M	CTTCTAATCCCTACGT-1	BANK1	1
M	ACTGCAAAGTCCGGAA-1	BANK1	4
M	CCTTAATTCTAGCAAC-1	CD8A	1
M	GTCACGGCAACTACTG-1	SKAP1	2
M	ACATGCAAGACTCTTG-1	CD68	1
M	ACAGCGCCAGTCAGCC-1	KLRF1	1
M	AGCTGATAGTCGATAA-1	CD8A	4
M	CCCACATGTGCAAGAC-1	SKAP1	2
M	CCTAAAGGTCACCCGA-1	SKAP1	4
M	GAATCTGTCCCACTTG-1	VWF	1
M	GTGGATTGTTCCCTTG-1	SKAP1	4
M	GCCATAACAGCGTCGT-1	SKAP1	5
M	GCCTACTCAGATACAA-1	ITGAM	1
M	ACGTTAGAGGTAAGCC-1	KLRD1	1
M	TCGTTCGAGCAGGAGG-1	NCAM1	1
M	CTCAGAAAGTGCAACG-1	MRC1	1
M	GGTGCTGGTGCTGAAG-1	CD8A	1
M	GCAGCTGAGATTAGAC-1	COL1A1	1
M	ATGTCGAAGAGCCACA-1	SKAP1	3
M	ATGTCGAGTCCCGAGT-1	SKAP1	2
M	TTAGCGAGTCTGTTGA-1	KLRD1	6
M	GTAGTACTCCTCAAGA-1	KLRD1	3
M	GGATGAGCAAGGAAGA-1	CD6	1
M	CTAGCGGAGGGTAATT-1	BANK1	4
M	GCCCAGACAAACTACC-1	CD79A	3
M	GGTCATAAGAAATTCG-1	IRF8	1
M	GTGACATGTTTGCATG-1	FLT3	1
M	GCTTAAGTCTTGTCAT-1	NCAM1	1
M	CGCACAGCAGACCTGC-1	NCAM1	3
M	AACGGGACATCCGTGG-1	THEMIS	1
M	GCTCAGGAGTTCCAGT-1	ITK	10
M	GCCTACTAGAAGGGCG-1	IL7R	1
M	TAGGTGTCAGTGGTCC-1	CD28	1
M	GGAGTAGCATTTGGTG-1	PECAM1	1
M	ATCCAGAGTAGGTGAC-1	COL1A1	1
M	AGCCTTCCAGAGAGAA-1	KRT18	1
M	GAGGCTCAGAACGTCG-1	KLRD1	4
M	CATAACGAGCGAATAT-1	VWF	3
M	GCTTAAGGTTACACTG-1	CD3E	1
M	ATAGTCGAGTCCGATT-1	CD6	1
M	CACGTTCGTTATCGAC-1	MRC1	1
M	TATCTGTCATCGTACA-1	EOMES	1
M	CTGCGTTGTGCGCTCA-1	KIR2DL4	1
M	ATGTACGCAATGGCTT-1	SKAP1	7
M	TGTGGCGTCGATATGC-1	KLRF1	1
M	GCTCGAGAGCCGCAAA-1	KLRF1	1
M	TACCTATGTATATGGA-1	VWF	2
M	GTTACTTAGTGATAAC-1	PRF1	2
M	GCGGAAAGTGAAACAT-1	PAX5	1
M	TGCTTTAGTGTTGTTG-1	BANK1	2
M	GGGTTATCAATTCTCT-1	BANK1	4
M	TACAGCAGTCATCAAC-1	TXK	3
M	CCTAAAGGTCCCGAGT-1	CD4	2
M	AGGCGAAGTTGGAGGT-1	VWF	1
M	ACATGCAGTATTTGCG-1	VWF	2
M	CCAGATACAATGGCTT-1	NCAM1	1
M	ACCATCCAGAAAGGGT-1	CD160	1
M	TCGTTCGCAGTTACAC-1	EBF1	1
M	TCCATCGCACATTGCA-1	BANK1	2
M	TCCCACACACAAACAA-1	CD8A	1
M	AGACAAATCTGACATG-1	KLRD1	1
M	TGCACCTAGACTCTTG-1	NCAM1	5
M	TAGCATGGTTACTTTC-1	LCK	1
M	TTCTGTACACTCCCAT-1	ITK	3
M	GACCCAGGTACGTATC-1	BANK1	3
M	AACAAAGAGCGCCTAC-1	BANK1	2
M	TTAGGTGTCTCAGATG-1	CD79A	1
M	AACCTGACACATCATG-1	CLEC9A	1
M	ATTTGTCGTGATGCTT-1	LCK	1
M	CGTACAAGTTGTGACT-1	SFTPC	1
M	AAACGAAGTACTTCAG-1	THEMIS	1
M	CACTAAGCACGCGTTG-1	EBF1	2
M	TCAGGTAGTATCCTTT-1	EBF1	1
M	ACGTTAGTCCATTGTT-1	ITK	7
M	AGCTGATTCACTACCC-1	CSF1R	1
M	GAAGAGCGTACAAGCG-1	NCR1	1
M	GTAGTACTCCTCAAGA-1	PECAM1	3
M	TTCAACTGTTCTACGA-1	IRF8	1
M	TGTACAGCAGCTATAC-1	KRT8	1
M	CGTAAACGTTCCGGCA-1	LCK	2
M	CCACAGGGTATTGTGC-1	EBF1	1
M	GCACGCATCCTGACCT-1	BANK1	4
M	TAACGGTCAGTAGGCA-1	TXK	2
M	TACGGATCATACTGCA-1	ZBTB46	1
M	TCGCAGGCAACGGGTA-1	CD8A	1
M	TCAGGGCTCTGGTACA-1	ITGAM	1
M	GCTGCGAGTAGAATAC-1	CD6	1
M	CTTAATCCACAGCCAC-1	MRC1	1
M	GTGCTGGGTCATAGCT-1	EBF1	1
M	CTCACCATCCACTAGA-1	NCR1	2
M	GAGACTTGTGTTAGAA-1	KIR2DL4	1
M	TGCTTTATCTCGCGGA-1	NKG7	2
M	GCGAGAACAGGGTACA-1	SKAP1	1
M	GAAACAATCTCAGATG-1	KLRD1	7
M	GAAGTCTTCCGATGCG-1	VWF	2
M	GATGGCCGTGGTAGAC-1	CD3D	1
M	AGCCTTCTCTCCTTAA-1	CD3E	2
M	GGCGTTGAGTTGACAA-1	CD6	1
M	GGGAACACAGTCCTGG-1	PRF1	2
M	GCAAAGGAGCAATGTA-1	PRF1	2
M	GGGACCTAGGCCAATG-1	EBF1	1
M	GCCTAGGCACCCTTTG-1	SH2D1B	1
M	ATTACTCGTGGACTGA-1	PAX5	2
M	AGCTGTACATGTAGAA-1	CD3E	1
M	AGCGATTGTAACGGCA-1	NCAM1	1
M	TGGAAGGAGACTTGAA-1	CD5	1
M	TCAGGTACATTGCACA-1	SPI1	1
M	ATCCTCGCACACTAGT-1	PRF1	1
M	TGTGGCGCAGTCCTGG-1	MRC1	1
M	TTAGCGAAGTAGCAAT-1	GNLY	2
M	TACATTCAGTCGTGAG-1	VWF	1
M	TTACTTGTCCCAGCGA-1	ITK	1
M	GATTAGCAGAGTTTGA-1	CD79A	3
M	GTCACTCAGTCTTAGC-1	NCAM1	3
M	CAGCTAACAGAAAGAG-1	BANK1	2
M	TGTTAGGCATAGATAG-1	TXK	1
M	GAGATTCGTGATAGAT-1	MERTK	1
M	ACGTTAGGTTGAAGCG-1	NCR1	1
M	TAATCGGCACGACGAA-1	SKAP1	1
M	GAACCGCAGAAATTCG-1	LUM	1
M	GTGGATTGTTCCCTTG-1	VWF	4
M	GTTATTCAGCTCGTTA-1	CD3E	1
M	AGTTTGGCAACTCGTA-1	CD3E	1
M	TGCATTTGTGGCCTCA-1	NCAM1	1
M	CGGTGCAGTAACCGAG-1	CD5	2
M	ACAAGCTTCCTGAAAC-1	CD6	1
M	ATCCAGATCTTGTCGC-1	PRF1	1
M	AGCTGGCAGAAATACC-1	LCK	2
M	CGTACAAGTTGTATCG-1	PAX5	3
M	GGGCCATCATGTGAGG-1	PAX5	7
M	CGGACCAGTTTCAGCA-1	PAX5	1
M	TAATTCCTCACGATTG-1	CD28	1
M	TTCAACTGTTCTACGA-1	NKG7	1
M	GGCATTATCCAGTACA-1	KLRC1	1
M	CACCTTGTCAGTGTGT-1	VWF	1
M	GCGGTGTTCTACTTTG-1	SH2D1B	2
M	TACGGATTCTTCTCTC-1	SH2D1B	2
M	AAGATAGAGATATGTG-1	THEMIS	1
M	TCAAGACAGTCCGGAA-1	EBF1	1
M	GGTGAAGAGAAATCTG-1	CD28	1
M	TTACGGACAGGGCTTC-1	NCR1	1
M	TTACCCGTCAGAACGG-1	PECAM1	2
M	AGTGCCGAGGCTCAGA-1	NCAM1	1
M	CCTTGCACAGGTCCTG-1	PECAM1	1
M	CCGTAGGTCACTAGCA-1	NCAM1	2
M	AACTGGTAGCACCATT-1	ITK	6
M	CGTACAAGTTGTATCG-1	EOMES	1
M	AACTGGTTCTCTGACC-1	IRF8	1
M	GTGCTGGAGCTACGTT-1	MRC1	3
M	TGTTAGGGTCTGGTCG-1	EOMES	6
M	TCACCACGTGGAAGCT-1	CD8A	1
M	AAATGAGCATCCTGGG-1	CDH1	1
M	TGCTCACTCCGGGCAT-1	CD3G	1
M	TCAGGTAGTAAGTGCG-1	SPI1	1
M	CTCTCAGGTAGTACAA-1	MRC1	2
M	TTGCCCACATAGCCGC-1	BANK1	5
M	GTCCATCGTGAGGGTT-1	TXK	1
M	TGGGTTAGTACGACCC-1	ZBTB46	1
M	CGCTGGATCACTCCCA-1	NKG7	1
M	TAGGTGTCACCGAAAG-1	MRC1	2
M	GTCACTCAGAGCGAAA-1	LCK	2
M	TTGCTATCACGCTGTG-1	BANK1	1
M	TGACTCCTCTTTGCAT-1	CD8A	1
M	CGATGATTCAGTGTAC-1	SKAP1	1
M	TAGCACACATCCTCGT-1	IRF8	2
M	GCAAAGGAGCAATGTA-1	MRC1	1
M	ACATGCAGTATTTGCG-1	LCK	2
M	ATCGAGTCATAGATAG-1	PAX5	3
M	GTTATTCAGAGGCAGG-1	EBF1	1
M	GCCCAGAAGTCGATAA-1	CD14	1
M	TTAACGGCAGTTACAC-1	IL7R	1
M	CAATCCCTCGAGTGTT-1	BANK1	1
M	GGGTGTCGTTTCAGCA-1	EOMES	1
M	TGAATCGGTGAATGTA-1	NKG7	1
M	GGAACTTGTAACTGAA-1	CD79A	1
M	CACATGATCAAGGCAG-1	CD79A	1
M	GGTTGCGTCCTATCCG-1	IRF8	3
M	AAGATAGAGATATGTG-1	CD3D	2
M	GCGGAAATCTACTGCC-1	PRF1	5
M	AACCAACTCTTTGCAT-1	IL7R	1
M	ACATGCAAGACTCTTG-1	MERTK	2
M	CTGAATGAGGAATGGA-1	KIR2DL4	1
M	GAAACAAGTTCTTATC-1	KIR2DL4	1
M	GCGCATGGTTGGACGA-1	CDH1	1
M	CCGTACTTCTTAATCC-1	VWF	1
M	GCCCGAAAGACCATAA-1	NCAM1	2
M	GTGTCCTAGAGCTGTG-1	SH2D1B	1
M	GGATAGGAGAAATTCG-1	CD160	1
M	ATTGTGGCATCCATAG-1	BANK1	3
M	AGCCGCACAACAACTC-1	CD28	2
M	GCTGAGCGTGCAAGCA-1	CD8A	3
M	CATGCCTGTTCAGTTG-1	CD8A	2
M	GCCTACTCAGATACAA-1	CD79B	1
M	TTACCCGAGATCCGAG-1	COL1A1	2
M	CTTGAAGGTAGCATGG-1	KLRF1	2
M	ATGTACGCAATGGCTT-1	THEMIS	1
M	TAACAGCGTGTAGGAC-1	EBF1	1
M	CGTACAACAATCAGGG-1	EOMES	2
M	AGTGCGCCACAATAAG-1	IRF8	1
M	CCGTGAGGTCAGGCTC-1	KLRD1	6
M	TATGTGGCAGTTCGGC-1	KLRD1	8
M	TTGCGGGCATGGAGGT-1	SFTPC	1
M	CCCGTTATCGAGGTAG-1	THEMIS	1
M	GCCAGCATCCCGCAAG-1	CSF1R	1
M	CGGACCAGTCACAGTT-1	CSF1R	1
M	AGCCTCTAGGAAGAAC-1	GNLY	1
M	CACATGATCGTAGCGC-1	PECAM1	3
M	GAGGCTCTCTGATCTT-1	KLRD1	6
M	AGCTGGCCACCGAAAG-1	EBF1	3
M	TAGCTTTTCGTCCCAT-1	CD8A	2
M	CTTGTCGAGAGAGGTA-1	PECAM1	5
M	CCATACCAGGCAGTAC-1	IRF8	2
M	GGAGAACTCACTCCCA-1	IRF8	1
M	CGGACCATCAATTCCT-1	VWF	2
M	TCAGGTAAGCTCCGGT-1	CD3G	1
M	TTGTTCATCGTATAGC-1	NCAM1	6
M	GGTCATAAGATTCCGT-1	CD5	2
M	GGGACCTAGAGCACTG-1	VCAN	1
M	ACCATCCTCTGGCCAG-1	MERTK	1
M	AGCCTTCTCTCCTTAA-1	KLRD1	9
M	GCATTGAAGACTCTTG-1	CD4	2
M	TGTGGCGCAAGGAACC-1	LCK	1
M	GAGACTTCACTTTGGA-1	PAX5	2
M	GAACGTTTCTATACCT-1	TXK	4
M	GACTAGTTCAAATGGA-1	PECAM1	2
M	CTCAGAACATTTGGCA-1	VWF	1
M	TGTAGCAAGCGTCTGC-1	SFTPC	1
M	GAGGCTCGTTCTGAAC-1	THEMIS	1
M	ATCCTCGGTTTCTACT-1	CD28	1
M	CACAGATAGGGTCTGA-1	CD6	1
M	AACCGATAGAGAAGCA-1	MRC1	1
M	CTGGGACCAACAAACA-1	MRC1	1
M	ATGCATGAGCTCGTTA-1	ITK	7
M	CGTTCCATCGATAGCT-1	ITK	5
M	TAGTCCCTCATCGCCT-1	ITK	4
M	ACCGAATAGTGATCTC-1	TXK	1
M	ACAATCGTCTATGAGC-1	TXK	1
M	CAAGAAACAGGGAGTT-1	TXK	2
M	TTTGGTTAGACCCATT-1	KIR2DL4	1
M	TGATGCACACATTCTT-1	PECAM1	1
M	GGAATCTCATGTGGGA-1	FLT3	2
M	CTGGCAGGTCATCGTA-1	KLRC1	1
M	ACATGCAGTATTTGCG-1	NCAM1	7
M	GCATTGATCTCTCAAT-1	CD6	1
M	TAGCTTTCACCGTTGG-1	PRF1	2
M	AGTGCCGTCGCTTACC-1	PRF1	1
M	GCGCCAAGTCACCCGA-1	SH2D1B	3
M	CTGGGACCAACCTCCT-1	LCK	1
M	CGTAAACGTTCCGGCA-1	COL1A1	1
M	AACAAAGTCGCCTTAC-1	CD68	1
M	GCCCAGAGTCCCTAAA-1	NCAM1	3
M	TTAGCTTAGGCCAGTA-1	ITK	1
M	CAACGGCCAACAACTC-1	IL7R	2
M	GTAGTACGTCAGCAAG-1	ZBTB46	1
M	AAAGATGTCCAGTACA-1	GNLY	3
M	TAGGTGTCAGTGGTCC-1	ITGAM	1
M	TCAGTCCAGGGAAGCG-1	SPI1	1
M	ACCGAATGTTTCAGCA-1	THEMIS	3
M	CTCTACGTCAGTGGTT-1	ZBTB46	1
M	GAGATTCAGTTGACAA-1	GNLY	1
M	GGTGTCGAGACAACGC-1	KIR2DL4	2
M	GGTCATACATTACTCT-1	KIR2DL4	2
M	TTCAACTCAGGTAGCA-1	CD79A	1
M	AATGTCGTCAGCCGAC-1	PECAM1	1
M	GAGGTCCGTCAGGTGA-1	COL1A1	1
M	CTTCTAATCGGGATCC-1	FLT3	1
M	ACAGAAATCTACTTTG-1	ITK	5
M	ATGTCGAAGAATGCTA-1	EOMES	2
M	TGGTCAACAATGGTAA-1	MERTK	3
M	AACGAGGCACATTGCA-1	NKG7	1
M	TTCAACTCAAGCGAAC-1	SKAP1	1
M	TCACTCGTCAGAGTGG-1	THEMIS	2
M	ATCCTGCCAAATTCCG-1	VCAN	1
M	TCGCAGGAGCCTCGCA-1	CD8A	4
M	CTCAGCTTCTCTTAAC-1	ITGAM	2
M	ACATGCAGTATTTGCG-1	PAX5	3
M	ACTAACGCACCCTTAC-1	ITK	2
M	CATTGGAGTTCCCAAA-1	BANK1	1
M	AAATGCCGTCATCGTA-1	TXK	1
M	GGAGTAGGTCATAGAA-1	KIR2DL4	1
M	GTGTCCTAGAGCTGTG-1	SKAP1	1
M	CAGCTAATCGCGCTGA-1	KLRF1	1
M	TTCGATTAGACCCTAT-1	CD6	1
M	AGTGCGCGTGCTGTGC-1	PRF1	2
M	TGGAAGGAGACTTGAA-1	CD160	2
M	AAGGAGCGTGAGGTCA-1	KIR2DL4	1
M	GGATGAGAGGTACATA-1	VWF	1
M	TCCATCGTCGATATGC-1	EBF1	1
M	GCTCCTAAGAGTAAGG-1	ITK	3
M	AATGCCAGTAGGTGAC-1	ITK	2
M	TCAGGTAGTGCGCTCA-1	EOMES	1
M	TCGAGCGTCGGATCGC-1	ZBTB46	2
M	AACTTGGTCGTCCCTA-1	SKAP1	5
M	ATTACCTTCTACATCT-1	SKAP1	3
M	AGCCGCAGTGCACCCA-1	KLRD1	1
M	GTACTTTTCGTCTTAT-1	KLRF1	2
M	CCTGGGATCGTCTTAT-1	CD6	5
M	GCATTGAGTGGACAGT-1	PAX5	1
M	GGTTGCGTCATTCATC-1	EBF1	1
M	AACCAACTCGATGTAC-1	BANK1	1
M	GAGGCTCAGAACGACC-1	NKG7	2
M	AAATGAGCATCCTGGG-1	CD4	1
M	CAGTGTATCTCGCGTT-1	SH2D1B	3
M	GTTATTCAGAGGCAGG-1	LCK	1
M	CAGGATTTCCGCCTAT-1	THEMIS	2
M	CCGAAGCCAACCTCCT-1	BANK1	4
M	CCGTAGGCATAGTCCA-1	ZBTB46	1
M	TGCTATTGTAAAGGCC-1	SKAP1	3
M	GAGGCTCGTGAGGTCA-1	KLRD1	1
M	AACTTGGTCGTCCCTA-1	KLRD1	4
M	GCAGATTTCCGCGATG-1	CD3E	2
M	AGATTCGTCATCGCCT-1	CD5	1
M	GGGTTATCAATTCTCT-1	SH2D1B	1
M	GGTGTCGAGACAACGC-1	THEMIS	3
M	CCCTCTCCACCACGAC-1	VCAN	1
M	GTAGACTCAATTGTGC-1	PECAM1	2
M	CCTGCTACAAATGTCC-1	CDH1	1
M	AGCGTGCTCGGCTATA-1	KLRD1	1
M	ACGTTAGTCACTTACT-1	NCAM1	4
M	GCCAGACTCACTAGGT-1	SPI1	2
M	GATCATGGTATCTCAG-1	ZBTB46	1
M	CCACGTTGTCGAGGAT-1	NKG7	1
M	ACCGCAGGTCTGGGCT-1	CD79A	2
M	GGCATTAAGTAGTGTA-1	CD79A	1
M	GCAGCTGCACTCCCAT-1	CDH1	1
M	AACATCGAGTACGCGA-1	VWF	1
M	GCCCAGACAAACTACC-1	NCAM1	5
M	GGAGAACAGACCATAA-1	MS4A1	1
M	AGTTTGGGTGGACAGT-1	MS4A1	1
M	TAGCGGCAGGACTAGC-1	PRF1	2
M	AGTCCGGTCGCCTTAC-1	PRF1	1
M	CCTAAAGCATCGTACA-1	TXK	1
M	TGGGTGCTCCGGCTGA-1	GNLY	1
M	AACTTGGTCGTCCCTA-1	FLT3	1
M	CTGAATGTCGGAAAGC-1	KLRC1	1
M	GCTTTCGTCACAGGGA-1	KLRD1	2
M	ATCCTCGGTTTCTACT-1	PRF1	2
M	ACATGCAGTCTGTGTA-1	MRC1	1
M	GGATGAGAGGTGTTGG-1	SH2D1B	3
M	AATGTCGTCTCTGCAC-1	PAX5	1
M	ACCTGCTTCGTAGCGC-1	EOMES	1
M	TAGCCCTTCGGATAGG-1	EOMES	1
M	GCCTAGGAGTGGTGTG-1	EOMES	1
M	GCGGAAATCGAGCGCT-1	CD28	1
M	GCTCCTATCGTTCAGA-1	MARCO	2
M	TACCTATGTGGAGTGT-1	MERTK	2
M	TTGAGTGCACCACGAC-1	CD3D	1
M	CTTGTCGAGAGAGGTA-1	CD3E	1
M	CCCTGATCAACACGGA-1	GNLY	1
M	CACATGATCGCCACTT-1	NCR1	3
M	GACCGACCATAAAGTG-1	SKAP1	3
M	GAGGCTCAGAACGACC-1	FLT3	1
M	GGTGTCGAGACAACGC-1	SH2D1B	1
M	TCACTCGAGTTCCCGG-1	LCK	1
M	TTAGCTTCATTGTGAC-1	THEMIS	1
M	GAGGTCCGTCAGGTGA-1	THEMIS	2
M	TGTTAGGCAACTCGAT-1	ITK	2
M	TAGGTGTTCCTGTAGA-1	BANK1	4
M	CTCAGAACATTTGGCA-1	TXK	5
M	GGATGAGCAGTAACGG-1	TXK	3
M	TGGTCCTGTGCGCATC-1	GNLY	3
M	ACAGACTAGGTAAGCC-1	ITK	1
M	TAAGCCATCCGCGATG-1	MERTK	2
M	GCCTAGGCACCCTTTG-1	CD8A	2
M	CCGTGAGGTCCCGAGT-1	NKG7	1
M	AACATCGGTGGCGCTT-1	SKAP1	1
M	TTTACGTGTTTGTAGC-1	LUM	1
M	GCCCGAATCAGTGTGT-1	KLRD1	1
M	GACCCAGAGGTCTTTG-1	LCK	2
M	TGCATTTCAACTCAAC-1	EBF1	1
M	CCTTAATGTTGAAGCG-1	ITK	2
M	GGTCATACATTACTCT-1	EOMES	2
M	AGCCTTCAGAGCTACG-1	NCR1	2
M	GAGGATGAGGCCTCGT-1	NCR1	1
M	GTGTCAATCGATTACG-1	CD79A	1
M	CAAAGCTAGTTCAGGG-1	KLRF1	4
M	ACTACGAGTAGTATCC-1	CD3E	5
M	TTGCTATCACGCTGTG-1	PRF1	2
M	TGCATTTCATTACTCT-1	MRC1	2
M	AAATGAGCATCCTGGG-1	CD160	1
M	CCTGGGATCGTCTTAT-1	PAX5	2
M	TACAGCACATAGCAGG-1	ITK	1
M	TGACAACTCGCCGAAC-1	GNLY	1
M	CGCACAGCAGACCTGC-1	PECAM1	1
M	ATCCAGATCCTTGACC-1	SKAP1	1
M	TAGACTGGTTCAGAAA-1	KLRD1	1
M	ACGTTAGTCCATTGTT-1	CD3G	2
M	TTGTTCAGTCCTTCAC-1	CD3G	1
M	CTCAGAACAGCAACAG-1	PRF1	1
M	ACAAAGAAGGGACGTT-1	MERTK	1
M	GTCACCTAGGTCTTGT-1	PECAM1	1
M	AGGCGAACACTTATGG-1	LUM	1
M	CCACGTTAGGCACTAG-1	KLRD1	3
M	GTCACTCAGAAATGGG-1	KLRF1	2
M	TGTTAGGGTCTGGTCG-1	VWF	3
M	GGAGAACAGACCATAA-1	LCK	1
M	CTTCCAGAGCGTGTTT-1	ITK	2
M	TGACAACAGTCGGGAT-1	TXK	1
M	CTACTTAAGGGACGTT-1	COL1A1	1
M	ACTACGATCCACGGCA-1	CDH1	1
M	GAATCTGTCGAGTGTT-1	SH2D1B	2
M	ACAGACTTCCATATCT-1	EBF1	2
M	CCTTAATGTTTAGGAA-1	BANK1	2
M	CAACGTACAGAGTCGA-1	BANK1	2
M	TGACTCCGTGCACATT-1	SKAP1	1
M	TAGCGGCAGGGTTCTT-1	KLRF1	1
M	CACATGATCACTCCCA-1	NCAM1	6
M	CCTAAAGGTCACCCGA-1	PRF1	2
M	TGCGTAAAGTCAGGAC-1	LCK	1
M	ACCCAAAAGCGGACAT-1	LCK	1
M	CGCTATCCACGACGAA-1	PAX5	2
M	ACAGCGCTCAAATGGA-1	PAX5	1
M	GACCCAGGTGCACATT-1	EOMES	1
M	TAGGAGGTCTGAGTAC-1	CD8A	1
M	CTTAATCCAACGCAAG-1	THEMIS	1
M	GCTGCGAGTAGAATAC-1	EBF1	1
M	AGCCTCTAGGAAGAAC-1	TXK	1
M	TTCGGTCAGAGAGTTT-1	CD28	3
M	TTTGGTTAGACCCATT-1	NCR1	1
M	TGCTATTGTAAAGGCC-1	KIR2DL4	1
M	GAATCTGTCGAGTGTT-1	NKG7	3
M	ACAGACTGTTGCAGCC-1	CDH1	1
M	CCTGGGACAATGTAAG-1	CDH1	2
M	GGAACCCGTCAGAAAT-1	CD6	3
M	TCGCCTACATCGGCTG-1	PAX5	2
M	ATGTACGTCTGGCGCA-1	KIR2DL4	3
M	GCAGCCAAGCTTACCA-1	CDH1	1
M	GAGACTTCACTTTGGA-1	KLRC1	1
M	CCGAAGCAGTTCGACT-1	VWF	1
M	GATGGCCGTGGTAGAC-1	CD3G	1
M	GCGTAGCCAATGACTC-1	CD3E	1
M	GTCTACCCATGGAGGT-1	NCAM1	2
M	GAACCTATCAGCCGGT-1	PRF1	5
M	GGATGAGCAAGGAAGA-1	PAX5	1
M	CTCCCAATCACAGGGA-1	TXK	1
M	ATCGAGTCATAGATAG-1	MERTK	1
M	CAGGATTCAATGGCAG-1	CD3D	1
M	TAGACTGAGCAATGTA-1	CD3E	1
M	GTTATGGTCCTCTCTT-1	CD14	1
M	CTTGCCAGTGTCTACA-1	BANK1	2
M	GACCTTCAGGGCGAAG-1	ZBTB46	1
M	ATCCTCGAGTGTCGGA-1	GNLY	1
M	TCAGGTACATTGCACA-1	SKAP1	7
M	CTTCCAGAGAACGTCG-1	PRF1	1
M	GCCCGAACATTGTGAC-1	ITK	3
M	TCAAAGCTCGTCAACA-1	ITK	1
M	GGTAGGAGTGCACTTA-1	EOMES	4
M	CCGTACTAGCGAGCTA-1	CD8A	1
M	CGTTCCAGTTATCGAC-1	NCR1	1
M	TGCCTGTTCACACGTA-1	KLRD1	1
M	TGATGCAAGTTCTCCC-1	KLRF1	3
M	CACAGATGTCAACAGG-1	PRF1	2
M	AGTGCCGAGTCGACCC-1	MRC1	2
M	AGATTCGTCTTCCGTG-1	CD14	1
M	TAGGAGGTCATTCATC-1	EOMES	1
M	AACATCGAGTACGCGA-1	ITGAM	1
M	CTCCCAAAGAGTCCGA-1	CD160	1
M	GAGGATGCAGGCAAGT-1	CD160	1
M	GCGATCGCAGGCACAA-1	THEMIS	2
M	TACCTATAGAAATGGG-1	EOMES	3
M	TACGGATGTTTCCACC-1	ZBTB46	1
M	TTACTTGAGGATATCA-1	MERTK	1
M	TGATGCAAGTTCTCCC-1	KIR2DL4	1
M	GAACGTTGTACCCATA-1	NKG7	1
M	ATGTCGAAGAGCCACA-1	KRT8	1
M	CCCAGAGCAGCAACAG-1	CLEC9A	1
M	TGCTTTAGTCCAAGAG-1	CD3D	3
M	TACTCGCTCGGGCTCA-1	PAX5	1
M	GTTACTTTCATGAACC-1	ITK	3
M	CAAAGCTGTCATAGAA-1	COL1A1	1
M	TAGGAGGCAGTATCTG-1	ITGAM	1
M	ATAGGCTGTGGACAGT-1	KLRD1	1
M	CCTATTAAGATCTAAG-1	VWF	1
M	ACCTGCTTCGTAGCGC-1	CD160	1
M	CTAGCGGCAGCAACCC-1	ITK	2
M	CGCTATCGTCATCGTA-1	CD14	1
M	CAACGTAGTGATGCTT-1	VCAN	1
M	CGTACAAGTTGTGACT-1	CD79A	1
M	ACAATCGCAGTAAGCG-1	DCN	1
M	GAAACAAGTCATAGCT-1	LUM	1
M	GTGTGATCAGTAACTC-1	KLRD1	4
M	TGTGACATCGGCAATT-1	SH2D1B	2
M	GCTCCTAAGAGTAAGG-1	LCK	1
M	TTCGATTTCCCTACCA-1	THEMIS	2
M	CAGCTGGTCCAGTTAG-1	THEMIS	1
M	AGCCCGATCGCATAAC-1	VCAN	1
M	GAACCTAAGGTTCGTT-1	MERTK	1
M	GACCGACTCGCAAGCC-1	EBF1	1
M	ACTGTCCAGGTTACAA-1	EOMES	1
M	AAAGATGGTTCCTATT-1	CD28	1
M	TACAGCACATGGGACA-1	MERTK	1
M	TACCCTGTCGCTACCT-1	CD8A	1
M	CGCTATCCAACATAAG-1	CD8A	2
M	GCGTAGCCAATGACTC-1	EPCAM	1
M	GGGACCTGTATTCTTC-1	PECAM1	2
M	TCAAGCAAGACCTATC-1	CD5	1
M	ACTACGAGTAGTATCC-1	MRC1	1
M	ATTACCTTCTACATCT-1	SH2D1B	2
M	CATGCCTAGAGCCTGA-1	SH2D1B	1
M	TGCCTCAGTAATGCAA-1	THEMIS	1
M	CCTTGCACAGGTCCTG-1	EBF1	2
M	GAAACAATCGCCAGAC-1	BANK1	12
M	GTGTCAACAGTAGGCA-1	CD28	1
M	GATGGCCAGCTGATTC-1	EPCAM	1
M	GGGACCTAGTTGGAAT-1	NCR1	1
M	TTGCTATCACGCTGTG-1	SKAP1	1
M	GTAGACTCAATTGTGC-1	CD6	1
M	CAGGATTAGCTATCGT-1	THEMIS	6
M	TTCGCGTAGGTTGTTC-1	THEMIS	1
M	AGTGCGCTCAAAGTAG-1	ITK	2
M	GAAGAGCCAAACCCTA-1	ITK	1
M	CTTCCAGCAAGCCTTA-1	NKX2-1	1
M	TTACCGCGTCAACTGT-1	NCAM1	4
M	TTACGTTCATGGTAAA-1	PRF1	2
M	GCTGCGAGTACCAAGG-1	PRF1	1
M	CAGCTAATCGCGCTGA-1	CD160	1
M	GCCTAGGCACCCTTTG-1	PAX5	1
M	CCGAAGCCAACCTCCT-1	THEMIS	4
M	GCCCAGAGTGGTAGAC-1	EBF1	1
M	GGCGTTGAGTTGACAA-1	ITK	9
M	CAGCTGGAGAAACGCC-1	BANK1	3
M	CCTGCTAGTATGCTAC-1	TXK	2
M	AGCCTTCTCTCCTTAA-1	KIR2DL4	1
M	CCGTAGGCAAGGCTTT-1	KLRF1	1
M	CGATGATTCCTCAAGA-1	NCAM1	4
M	CAGCTGGTCCAGTTAG-1	NCAM1	4
M	TAGCTTTTCCATACGA-1	SH2D1B	3
M	CAGGATTTCGCTTGAA-1	THEMIS	2
M	TACATTCTCTGAAAGA-1	CD14	1
M	GGTGCTGGTGCTGAAG-1	NKG7	1
M	GGTGAAGGTGCTGGCT-1	VWF	1
M	GCGCCAACAAGTAACA-1	MS4A1	1
M	AGCCTCTCAACTCGTA-1	PRF1	2
M	TTGTTCAAGTTCAGGG-1	THEMIS	2
M	TTTGAGGGTCAGGTGA-1	CD28	1
M	GCGCATGGTTGGACGA-1	IRF8	2
M	TAGTCCCCACAAGGGT-1	CD4	2
M	GAAACAAGTATCCCTC-1	MRC1	1
M	GCCATAACATAGATAG-1	ITK	4
M	AACTGGTAGCACCATT-1	NKG7	4
M	GACCCAGAGATTACGA-1	PECAM1	1
M	GGGACCTCATCCGTGG-1	KLRD1	1
M	GAGGATGGTCTGTCCT-1	SH2D1B	2
M	ACGGATTAGCCATGGA-1	SH2D1B	4
M	TGACTCCGTAACCCAT-1	EBF1	2
M	CTGTATTAGATGCGAC-1	BANK1	3
M	AATGTCGAGCGGACTA-1	BANK1	1
M	TTTGTGTGTTTGTCTT-1	COL1A1	2
M	GACCAATAGCACACCC-1	IRF8	6
M	AAAGATGGTTCCTATT-1	CDH1	1
M	TCAGGTAGTAAGTGCG-1	ITGAM	2
M	CCCTAGTAGAGCTACG-1	MRC1	2
M	TGCGTAAAGGTCGGTA-1	LCK	1
M	TTACCGCCAGGTAGCA-1	PAX5	1
M	CGCTGGAAGGCGTCCT-1	VCAN	12
M	GCTGTTCAGAGCTCCC-1	TXK	1
M	GTGTCCTTCATTGCCC-1	MERTK	1
M	ACAAAGATCCAGCACG-1	CD8A	1
M	ATCCTGCCAAATTCCG-1	KLRC1	1
M	CCTTAATTCTCGCGTT-1	KLRF1	1
M	TCAGGGCGTGTACGCC-1	KLRF1	1
M	TAGCCGGTCGTATAGC-1	VWF	5
M	CAGTGTATCTCGCGTT-1	PRF1	3
M	GGCGTTGGTTCTGAGT-1	ITK	3
M	GCGATTATCTCCCTTT-1	EOMES	3
M	CGCAATATCCCACTTG-1	CD8A	1
M	GGATGAGCAGTAACGG-1	GNLY	1
M	CTACTTAGTACGAGAC-1	SKAP1	3
M	GGATGAGGTGCCCGAT-1	IRF8	1
M	GTTATTCAGAGTTCGG-1	NCAM1	1
M	AACCGATAGTGCTGAG-1	PRF1	1
M	TCGAGCGCAGCAACCC-1	THEMIS	1
M	TGCCTCAGTAATGCAA-1	BANK1	4
M	GCAGATTTCCGCGATG-1	EOMES	1
M	AGGACGATCCACGAGC-1	GNLY	16
M	TTGCCCAGTACTATGC-1	GNLY	1
M	GTCTACCTCTCATCCG-1	NCR1	1
M	GCGATTATCTCCCTTT-1	SKAP1	1
M	TACCTCGGTCTGGTCG-1	KLRD1	1
M	TACTCGCTCGGGCTCA-1	VWF	1
M	ACCCAAAAGCTGAATA-1	CD1C	1
M	TTAGGTGCAGGAGCAT-1	EBF1	6
M	ACGTGGCGTTTCGTTT-1	BANK1	1
M	AAATGCCGTCAGAGTG-1	EOMES	1
M	GGGACCTAGACTTGAA-1	NKG7	2
M	GCAGCCAAGCTTACCA-1	SKAP1	2
M	GGAACCCGTATCTAGC-1	VWF	1
M	CAAGCTAAGGCAGATC-1	NCAM1	1
M	GAATCTGTCGAGTGTT-1	NCAM1	3
M	TAACGGTTCGTCTTAT-1	ITK	12
M	TTTACGTCAACGTCGC-1	ITK	2
M	CTTGAAGTCTCGCGTT-1	EOMES	1
M	TCAGTCCAGGGAAGCG-1	KLRC1	1
M	CGCTATCCAACATAAG-1	KLRF1	2
M	GAGATTCAGTTGACAA-1	VWF	2
M	TTCTGTAAGGTGATGC-1	PRF1	1
M	GGAGGATCAAGCGTCC-1	MRC1	1
M	GAGATTCGTTCTACCC-1	BANK1	1
M	ATGTACGGTCATAGCT-1	TXK	2
M	GTGGATTAGCTGAGGT-1	MRC1	1
M	ACAGACTAGGTAAGCC-1	SH2D1B	1
M	GTGTGATCAGTAACTC-1	THEMIS	1
M	AAGGAGCAGATCACCT-1	CSF1R	1
M	GATCGTAAGAACCCGA-1	NKG7	1
M	GTAGTACGTCTCTGCT-1	COL1A1	1
M	TTGCGGGCATGGAGGT-1	CD68	2
M	GCCCAGAGTCCCTAAA-1	KRT8	2
M	CCCTAACGTCAAATCC-1	CD3D	1
M	TTGTTGTCAGTCAGCC-1	PRF1	1
M	ACTACGATCCACGGCA-1	MRC1	1
M	GCTGCGAAGACAGTGC-1	EBF1	1
M	AGCCTCTAGGAAGAAC-1	SKAP1	1
M	AACATCGAGAGAACCC-1	FLT3	1
M	TCTATTGGTGGACAGT-1	KLRD1	12
M	AATGGAAAGAGGTCCA-1	KLRD1	3
M	TTGGTCCAGACCTATC-1	CLEC9A	1
M	AGCTGGCTCGTCTTAT-1	KLRF1	1
M	GCAAAGGAGCAATGTA-1	NCAM1	3
M	GAACCTATCTTACTCA-1	NCR1	1
M	AGTGTACTCTTAACGG-1	CD79A	1
M	ACGTGGCCAAGACTAA-1	KRT8	2
M	TTCAACTCAACTCGAT-1	KLRF1	1
M	TTGCGGGAGTCCAGAG-1	NCAM1	3
M	TCACTCGTCAGAGTGG-1	PRF1	1
M	TTAACGGGTTCCCGGA-1	SFTPC	1
M	TTGCTATCACGCTGTG-1	SFTPC	1
M	CCTGCTATCTACATCT-1	THEMIS	2
M	TGCCTCAAGACGCCAA-1	IL7R	1
M	CACCACTGTACAACGG-1	CD8A	1
M	GAGACTTGTGTTAGAA-1	NKG7	4
M	TTCTAACAGGAGTACC-1	SKAP1	1
M	AGTCCGGTCCTAGAGT-1	KLRF1	2
M	GATGGCCCATCAGAAA-1	LCK	4
M	AGCCTTCAGAGCTACG-1	ITK	5
M	CCAGATATCCCTAAAG-1	VCAN	2
M	GGTTGCGTCTCTTAAC-1	BANK1	4
M	GTAGGAGCAAACTACC-1	NKG7	2
M	TTTGGCCTCAAAGTAG-1	SKAP1	4
M	GCTGAGCAGTCGAGCA-1	KLRC1	1
M	GTGTCCTCAAGATTAG-1	KLRF1	1
M	GTAATCGTCCTTCGAC-1	NCAM1	6
M	TTACCGCCACTAGGAG-1	LCK	1
M	GGTAGGAGTGCACTTA-1	THEMIS	1
M	ACAAAGAAGGGACGTT-1	ITK	5
M	TATGTGGCAGTTCGGC-1	TXK	2
M	CAGTGTATCAAGAGAT-1	ZBTB46	1
M	GTCTACCTCTCATCCG-1	PECAM1	3
M	GTGGATTCACGCTGTG-1	IRF8	3
M	ACGTGGCCAAGGTCGA-1	ITGAM	1
M	TTCTGTAAGGTGATGC-1	CD160	1
M	GAAACAAGTCATAGCT-1	THEMIS	2
M	GTAGACTCAATTGTGC-1	EBF1	1
M	TAACAGCGTTGCAGAG-1	VCAN	1
M	GCTGTTCCATCCCAAA-1	NKG7	2
M	GTTATTCAGGATTTGA-1	CD79A	1
M	AAGGAGCCAGCGTAGA-1	CD79A	1
M	GCCTACTAGAAGGGCG-1	DCN	1
M	GGTGAAGGTGCTTGAT-1	KLRD1	2
M	TGCGTAACATGGTTTG-1	CD3E	1
M	TAACGGTCAGTAGGCA-1	NCAM1	3
M	CGGTGCACAGCGTCGT-1	MS4A1	1
M	ACAAGCTCAAATGCTC-1	CD160	1
M	CTGGCAGCATGGGACA-1	THEMIS	1
M	AGGACGAGTCAAGACG-1	BANK1	3
M	GAAGTCTCAGTAACGG-1	EOMES	1
M	GCAGCTGTCACAACAC-1	CD8A	3
M	GGTCATAAGATTCCGT-1	ITK	5
M	TTCAACTCAGGTAGCA-1	CSF1R	1
M	AAGGAGCGTGGGTAGT-1	CD8A	2
M	AGCTGGCCACCGAAAG-1	KLRD1	3
M	CAAGGCCTCTATTGTC-1	KLRD1	1
M	TCAGCTCCAAGCAACG-1	ITK	5
M	CAACGTAGTACCCATA-1	TXK	3
M	TTCGCGTTCTTCCGTG-1	TXK	1
M	TTGACGATCACCGCGA-1	EOMES	2
M	TAGTCCCCACACACCG-1	GNLY	2
M	AGTGCCGTCTGGCGCA-1	NKG7	3
M	ACTCGGGAGAGGTGGG-1	KLRD1	7
M	GGCGAAATCCCAGCGA-1	CLEC9A	1
M	CAACGGCAGTGAACCG-1	PAX5	1
M	CATTCCGAGATAGGTT-1	PAX5	3
M	CTCTCAGAGAAACGCC-1	BANK1	6
M	AAGGAGCGTGAGGTCA-1	EOMES	2
M	GGTGTCGAGGGTTCTT-1	MERTK	2
M	GTGACATCAATGGCTT-1	SKAP1	1
M	GGGTGTCGTTTCAGCA-1	SH2D1B	1
M	ACTGTCCGTCACCCGA-1	CD160	1
M	ACAAGCTGTAACTCCA-1	LCK	1
M	CGATGATTCCTTTGCG-1	IL7R	2
M	AGGACGAGTGGAGTGT-1	BANK1	1
M	TTTGGTTGTGCTGTCG-1	NCR1	1
M	CATAACGAGCGAATAT-1	IRF8	1
M	GCGATTACATGCGTTA-1	KLRC1	1
M	CCGTAGGAGGCGACTA-1	LCK	3
M	GCTCACTGTGTGCTTA-1	LCK	2
M	TGCGTAAGTGTCTCGG-1	EBF1	1
M	GCAGCCAGTTCCGCGA-1	BANK1	1
M	AGCGTGCAGTGTCACT-1	TXK	2
M	CGCTATCCAACATAAG-1	KIR2DL4	1
M	CGTTCCAGTTATCGAC-1	CD160	1
M	CGCAATACAGACTAAA-1	EBF1	1
M	TAGGTCACATGGCCCA-1	BANK1	3
M	GCGTTGGAGCTATCGT-1	EOMES	3
M	GAAGTGGAGGCTAAAT-1	EOMES	1
M	TGGCAATCATACTGCA-1	CD8A	4
M	GCAGATTTCCGCGATG-1	EPCAM	1
M	TTCTAACTCTATACCT-1	NKG7	1
M	TTGTTCATCGTATAGC-1	NKG7	1
M	GGGACCTGTATTCTTC-1	SKAP1	2
M	TGATGCAAGTTCTCCC-1	FLT3	1
M	GAGCATTCACGACGAA-1	KLRD1	5
M	TATGTTCTCGGTTCCT-1	KLRD1	5
M	TCGTTCGCAGTCCTGG-1	PRF1	2
M	CTTGCTGTCTGTGTGA-1	EBF1	1
M	CTGGGACCAACAAACA-1	IL7R	2
M	GCAGCCAAGCTTACCA-1	EOMES	3
M	ATCGAGTCAAGTCTCA-1	CD68	1
M	CATTCCGCAACGTACT-1	LYZ	1
M	GAGGCTCTCTGGCGCA-1	KLRD1	2
M	CAACGGCAGTGAACCG-1	CD3D	1
M	CCGTGAGGTCAGGCTC-1	NCAM1	6
M	GCATTGAAGGGAGATA-1	SH2D1B	1
M	GCTCACTAGATGCGAC-1	TXK	2
M	TGATGCACAAAGCTGG-1	CD28	1
M	AGGCGTCGTTAAGTCC-1	GNLY	3
M	AGCCTTCCAGAGAGAA-1	CD79A	3
M	AACGAGGCACATTGCA-1	CD79A	1
M	GTGGATTAGCTTACCA-1	CD79B	1
M	TATGTTCCAATTAGGA-1	SKAP1	11
M	CAATCCCAGGTTTCTG-1	IRF8	1
M	CTACTTACAGCAAACG-1	THEMIS	1
M	TTGTTGTAGTCGTGAG-1	ITK	1
M	GTCACGGAGTCCGGAA-1	BANK1	1
M	AAAGATGGTTCCTATT-1	TXK	3
M	GAACGTTGTACCCATA-1	MERTK	1
M	TTACGTTCAGCAACAG-1	NKG7	1
M	ATGTTTCAGTTGGAAT-1	SKAP1	2
M	GGTTGCGGTGGTCGAA-1	MRC1	1
M	ACCCAAAAGCTGAATA-1	PAX5	3
M	GAATCTGTCTAAACGC-1	EBF1	1
M	CCTTAATTCTAGCAAC-1	EOMES	1
M	ACATGCATCCTAAGTG-1	NCR1	1
M	GAGGATGTCTCATCCG-1	SKAP1	2
M	TTTGAGGGTTGGCTTA-1	FLT3	1
M	GCCATAAAGCGCCTAC-1	PECAM1	2
M	GAGATTCGTCTCTGGG-1	KLRD1	1
M	GGGCCATCATGTGAGG-1	KLRD1	2
M	TGGACATAGTTCTCCC-1	KLRF1	1
M	ATTTGTCCACCTGAAT-1	CD3E	2
M	TGGAAGGTCTACTGCC-1	CD3E	1
M	AGCCTGGGTACGGAGT-1	LCK	1
M	GCAAAGGTCCAGTACA-1	PAX5	1
M	TCAGCTCAGAGGCAGG-1	ITK	1
M	TAAGTGCGTGCAACAG-1	CSF1R	1
M	GACCCAGGTTGAATAG-1	EOMES	2
M	GCTGAGCGTTTGCCAA-1	EPCAM	1
M	TGTTAGGGTCTGGTCG-1	SKAP1	11
M	GGTCATATCACTAGGT-1	FLT3	2
M	ACTGCGGTCCAATCCC-1	DCN	1
M	GCAGATTTCTGGCACG-1	KLRD1	2
M	AATGGAAGTGATGCTT-1	CD6	1
M	TTGCGAACAGAGCCAA-1	CSF1R	1
M	TACAGCACACTAGGAG-1	BANK1	1
M	TTGCGGGTCAATTCCT-1	TXK	2
M	CTCTCAGAGAAACGCC-1	EOMES	2
M	ACTCGGGAGAGGTGGG-1	EOMES	1
M	TTCGTTATCCGCGATG-1	EOMES	1
M	TGCATGACACCTGAAT-1	CD28	1
M	TGGCGCAAGTCGCGTC-1	CD8A	1
M	ACGTTAGTCTATATCC-1	PECAM1	2
M	GTCGTAAAGGCTCCTG-1	VWF	3
M	CTTTGCGCATATTGGC-1	PRF1	2
M	TGTGGCGAGTCCTTCC-1	LCK	1
M	CTTGCTGGTATCTAGC-1	ITK	2
M	CGCAATAAGTGCCCTG-1	PECAM1	1
M	GGATGAGAGGTGTTGG-1	NCAM1	3
M	AACGAGGAGCAACGGT-1	PRF1	1
M	CAACGTACAGAGTCGA-1	SH2D1B	3
M	GAAACAATCGCCAGAC-1	ITK	2
M	GCTCCTACAAGTCTCA-1	TXK	2
M	GGCGTTGAGAGCCACA-1	TXK	2
M	GTGACATCAATGGCTT-1	CDH1	1
M	GAGACTTGTGTTAGAA-1	ITGAM	1
M	TCTCAGCGTGAGTAAT-1	ITGAM	1
M	TTGAGCACACATTCTT-1	PAX5	1
M	TAGCGGCGTAGGGTTG-1	ITK	7
M	GCCTAGGGTCGAGGTA-1	BANK1	2
M	ACGGATTTCGATAGGG-1	MARCO	1
M	CTACTTACAAGCCCTG-1	KIR2DL4	1
M	TACTCGCCAACATAAG-1	CD6	1
M	TACTCGCTCACTCGGG-1	LCK	6
M	GAATCTGTCTAGCAAC-1	LCK	1
M	GGATGAGGTGCCCGAT-1	PAX5	1
M	AACCTGACACATCATG-1	ITK	9
M	AAGGTTCAGAAGCCTG-1	KIR2DL4	1
M	TTGCGGGCATGGAGGT-1	NKG7	1
M	AAACTGCTCTTTGCAT-1	FLT3	1
M	TAGGTGTTCCGTACGG-1	KLRD1	2
M	CGTAAACTCGCATAAC-1	KLRF1	1
M	CTCCCAAAGAGTCCGA-1	SPI1	1
M	CCCTGATGTCCATTGA-1	LCK	1
M	GCGGAAATCTCGCGTT-1	PAX5	2
M	ACTGCAAAGTCCGGAA-1	EBF1	2
M	GAAAGTAAGATGGCAC-1	VCAN	1
M	GTCCATCGTGAGGGTT-1	BANK1	1
M	ACTACCCCAAACGACG-1	EOMES	2
M	ACGTTAGTCGAGGTCC-1	CD8A	1
M	CCAGATAAGAGATTAC-1	DCN	1
M	GTGGATTAGTAGTCGG-1	KRT8	2
M	AGTGTACGTCATCGTA-1	CD4	1
M	TTCATCATCACAAGCT-1	ITK	3
M	TCAATTCTCTTTATCG-1	EOMES	1
M	CAGCTAATCGCGCTGA-1	CD8A	1
M	GCGTTGGTCCGTTTCG-1	VWF	2
M	GGATGAGCAAGGAAGA-1	LCK	1
M	CACAGATGTCAACAGG-1	EBF1	7
M	GTGGCGTTCTTCCAGC-1	BANK1	2
M	GCTTGCTGTGTGTGCC-1	SKAP1	1
M	CACTAAGGTTTGCATG-1	DCN	1
M	CTTGCCAGTGTCTACA-1	CD4	1
M	ACGTTAGTCGGACGAA-1	PAX5	1
M	AACATCGTCCGGGCAT-1	EBF1	5
M	TAGCACAGTCGCGCTA-1	EBF1	1
M	TCACTCGGTGCGCATC-1	BANK1	1
M	TACCTATGTGGAGTGT-1	EOMES	1
M	GTGGATTAGGCGATTG-1	NCR1	4
M	TGTAGCAAGTGATATG-1	NCR1	1
M	AAGGAGCCACGATTAC-1	NKG7	1
M	CACGTTCGTTATCGAC-1	NCAM1	1
M	CCGAAGCAGTTCGACT-1	NCAM1	3
M	AGGACGACAGCGCGTT-1	EBF1	1
M	GTGTCCTTCATTGCCC-1	EBF1	1
M	GTAGGAGCAAACTACC-1	CD14	1
M	TGTGGCGAGTCCTTCC-1	TXK	1
M	TCGTTCGCAGTTACAC-1	TXK	1
M	CTACTTACAGCAAACG-1	EOMES	1
M	CAAGAAATCCATATCT-1	KIR2DL4	1
M	CGGACCATCAATTCCT-1	NCAM1	1
M	AGCTGGCAGAAATACC-1	BANK1	1
M	CAGTGCGTCGGCTATA-1	BANK1	4
M	TGGACATCATCATCGA-1	EOMES	2
M	AGGACGATCCACGAGC-1	CD8A	3
M	TCACCACGTGGAAGCT-1	GNLY	1
M	ATGCATGAGCTCGTTA-1	NCR1	2
M	TCGATTTTCTGACATG-1	KRT18	1
M	TAGGTGTGTGACGCAA-1	CLEC9A	2
M	ACCGGGTAGTGATCTC-1	VWF	1
M	TAGGAGGCAGTATCTG-1	VWF	2
M	GGTCATAGTATTCGAC-1	CD3D	1
M	TTGTTCAGTTCCGCGA-1	PRF1	1
M	CAGTGCGTCTTTCGAT-1	MRC1	2
M	TGGAAGGAGTGAAGGA-1	ITK	2
M	CGCTATCGTAAGCCTT-1	BANK1	2
M	GCTGCGAGTAGAATAC-1	TXK	1
M	GGCGAAATCCCAGCGA-1	MRC1	2
M	TTTGGCCCACAGTTAC-1	ITK	2
M	CTGAATGAGGAATGGA-1	CD14	1
M	GCGGGTTGTTTGTGAC-1	PECAM1	1
M	GGTTGCGTCCTATCCG-1	KRT18	1
M	TGCATGAGTCTGCGCA-1	KRT8	1
M	GTACTTTCAAGATGCG-1	KLRD1	13
M	TAAGCCATCCGCGATG-1	CD5	1
M	CTGCGTTGTGCGCTCA-1	SH2D1B	6
M	CTCGCTATCGCCCTTA-1	CSF1R	1
M	ACTATTCGTAGGTAAT-1	KIR2DL4	2
M	GCTGTTCCACAGTAGG-1	SKAP1	1
M	CCCTGATTCTCTGACC-1	VWF	4
M	AAGATAGAGGCGACTA-1	NCAM1	6
M	GCGGGTTGTTTGTGAC-1	SH2D1B	2
M	CCAGAATGTGCAAAGC-1	LCK	1
M	ATTGTCTTCGCTCGGA-1	TXK	8
M	TGCTCACCAGAACGAC-1	EOMES	1
M	TCGATTTTCTGACATG-1	ZBTB46	1
M	AGCCTGGGTTGAAGCG-1	SKAP1	3
M	TGTTAGGTCCAATAGC-1	SKAP1	1
M	GCTTGCTTCCATAACG-1	TXK	1
M	ACCCAAAAGGTCTTGT-1	ZBTB46	1
M	GTAGGAGTCTGTAGAC-1	NCR1	1
M	TGGCAATGTTCATTTC-1	IRF8	3
M	TCACAAGCAGCTTACA-1	CLEC9A	1
M	GAGCATTCAGTTAAAG-1	NCAM1	2
M	AGGACGACAGCGCGTT-1	CD5	1
M	GATGGCCGTGGTAGAC-1	MRC1	1
M	TTGAGTGTCCTTGACC-1	CD160	1
M	GCTTAAGGTTACACTG-1	CD14	1
M	CGCAATATCCCACTTG-1	PECAM1	5
M	ACAAGCTTCCTGAAAC-1	SKAP1	5
M	CGTACAACATCCGTAA-1	ITGAM	1
M	GTACTTTCAAGATGCG-1	NCAM1	6
M	CCGTACTCATTGTTCT-1	NCAM1	1
M	TAGCACATCTGAGTCA-1	PRF1	1
M	CGCAATACATTATGGC-1	THEMIS	1
M	GCGAGTCAGTAGACCG-1	ITK	2
M	TACGCCTAGCGAGAAA-1	ITK	1
M	AAACGAAAGTTCGTTG-1	ITK	3
M	TATGTGGAGTAACTCC-1	CSF1R	2
M	GGTGCTGGTTCCATCC-1	EOMES	3
M	GCAGATTGTCTGTGTA-1	ZBTB46	1
M	GCTGTTCAGGAAGGTA-1	NCR1	1
M	TAATTCCAGAACCATA-1	CD79A	1
M	CGCTGGATCACTCCCA-1	PECAM1	2
M	TTCTAACTCTATACCT-1	IRF8	2
M	GTAGACTCAATTGTGC-1	PRF1	2
M	GCTCGAGCACGTTACA-1	MRC1	1
M	TTTGTGTCACACATGT-1	SFTPC	2
M	GCACGCATCCTGACCT-1	EBF1	1
M	TGAATCGCATTACACG-1	EOMES	1
M	AATACGCCAAAGACGC-1	EPCAM	1
M	TACGGATCACCAAGGA-1	THEMIS	1
M	ACTGCGGCAGGCACAA-1	CD28	3
M	TATGTGGCACCGTCTT-1	CD79A	3
M	ACTCGGGAGTTAGCGG-1	NKX2-1	1
M	AACCTTTTCGATGTAC-1	KLRD1	3
M	AGCTATGTCCATGACA-1	KLRF1	1
M	CCATACCAGGCAGTAC-1	CD3D	1
M	TTGGTCCAGACCTATC-1	CD3E	2
M	TCTCAGCTCGCGCTGA-1	SH2D1B	1
M	GCGCCAACAAGTAACA-1	CD14	1
M	ATTACCTAGATCCGAG-1	BANK1	1
M	AGCGATTGTGATAAGT-1	GNLY	3
M	AAATGAGAGTGCTGAG-1	NCR1	1
M	GGATGAGCAAGTGGCA-1	IRF8	2
M	CTTGCTGTCTGTGTGA-1	KLRF1	3
M	GCAGCCAAGCTTACCA-1	PRF1	3
M	GAGCATTTCAGGAATA-1	PRF1	1
M	GGAACTTTCGGAAAGC-1	TXK	1
M	TAATCGGTCGCACCGA-1	PECAM1	1
M	AATGCCACAGCGTACC-1	KLRD1	3
M	TTTGCGCTCCGCTATC-1	KLRD1	1
M	TAGCCGGAGTGTCACT-1	LCK	1
M	CCTTGGTGTTCTGATG-1	IL7R	1
M	GAAGTGGAGGCTAAAT-1	IL7R	1
M	TATCTGTAGGCCTCTG-1	EOMES	1
M	GAGATTCCAACGTAGG-1	CD8A	2
M	GAACCGCGTACGGATG-1	CD79B	1
M	TAATCGGCAATAGCGG-1	SKAP1	6
M	TTCGTTAAGACTAGCG-1	KLRD1	7
M	GTTGGTACATTATGGC-1	VWF	1
M	TCAGTCCAGGGAAGCG-1	CD6	1
M	GCAGCCAAGCTTACCA-1	NCR1	1
M	ATGTTTCAGTTGGAAT-1	PECAM1	1
M	TATGTGGAGTAACTCC-1	COL1A1	2
M	AGCCGCACAACAACTC-1	EBF1	1
M	CTCTACGCACGCTCAG-1	VCAN	1
M	TGAGTCATCCATATCT-1	BANK1	4
M	AGCGTATCACTAGCCG-1	NCAM1	3
M	AAGGAGCGTACGGAGT-1	ITK	1
M	ATCCTCGCACACTAGT-1	ITK	1
M	GTCTACCCATGGAGGT-1	KIR2DL4	1
M	CAGCTAATCGCGCTGA-1	IRF8	2
M	CAGCTGGGTCGCTAGC-1	VWF	1
M	CTGAATGAGGAATGGA-1	VWF	2
M	CTTAATCGTCCCGAGT-1	CD3G	1
M	AGCTGGCAGTATAGTG-1	CD160	2
M	GCACGCAAGCATACCT-1	BANK1	1
M	ACTGTCCGTCACCCGA-1	ITGAM	2
M	GGAGAACAGACCATAA-1	NCAM1	3
M	ACCTGCTCAGGACCTC-1	CD5	1
M	GCTCACTGTACCAAGG-1	BANK1	9
M	TCAGTCCAGGGAAGCG-1	GNLY	1
M	GTTACTTTCATGAACC-1	SKAP1	2
M	TTCGCGTTCTTCCGTG-1	IRF8	1
M	ATGTCGAAGCCCATGC-1	IRF8	1
M	TCAGGTAGTAAGTGCG-1	CDH1	1
M	TCAAGCAGTACTTCAG-1	NCAM1	1
M	ACCCAAAAGCGGACAT-1	MRC1	3
M	TAAACCGGTGCGTAGA-1	VCAN	1
M	TGGTCAACAATGGTAA-1	BANK1	9
M	TAATTCCTCCCAATAG-1	NCR1	2
M	TTCGGTCTCACTTACT-1	CD79A	1
M	CCTGGGACAGAACGAC-1	CD79A	2
M	TAACGGTGTCAGAAGC-1	CD79A	1
M	GGAACCCGTCAGAAAT-1	PECAM1	3
M	GTTACTTTCTTAACGG-1	KLRF1	2
M	CCGTAGGAGGCGACTA-1	VWF	2
M	GGCGAAATCCCAGCGA-1	NCAM1	6
M	GCCTACTGTAACGGAC-1	LCK	2
M	ACAATCGCAACGTAGG-1	PAX5	1
M	TGATGCAAGTTCTCCC-1	BANK1	1
M	GCAGCCATCCATCTAT-1	MARCO	2
M	GACCTTCTCCGAATTG-1	PECAM1	1
M	TAATTCCCATCAACTG-1	DCN	1
M	ACAAGCTTCCTGAAAC-1	PRF1	1
M	TAGCCGGGTTCCCTTG-1	PRF1	1
M	GTGTCAATCTCTTCTC-1	EBF1	2
M	AGACAAAAGTGAAGGA-1	CD3D	1
M	AGCCTTCCAGAGAGAA-1	CD3E	3
M	ACGGATTTCGTTACAG-1	SH2D1B	1
M	ATGTCGAAGAATGCTA-1	PAX5	2
M	GCGATTAGTAACGGTG-1	ITK	1
M	TTGAGCACACATTCTT-1	IL7R	1
M	TGCATGAGTCTGCGCA-1	CD8A	1
M	ATCCTCGCATTACACG-1	NCR1	1
M	CTCTCAGGTAGCATGG-1	KIR2DL4	1
M	AGCGATTGTAACGGCA-1	COL1A1	1
M	TGACTCCAGAACGACC-1	SKAP1	1
M	AACTTGGTCGCGTGAC-1	KRT18	1
M	GTGCTGGAGAGCTGTG-1	CD3D	2
M	GCTTAAGAGGTCTTTG-1	LCK	2
M	TAGCATGTCCACCTAC-1	LCK	3
M	GCGCATGGTGAGAGTC-1	EBF1	2
M	GGAACCCGTCCGAGCT-1	TXK	1
M	ATGTCGACAGGTGTGA-1	TXK	1
M	GGTTGCGTCCTATCCG-1	ZBTB46	2
M	TATCGAGTCCCGGGTA-1	MERTK	2
M	ATGTACGGTCATAGCT-1	ITGAM	2
M	ATCGAGTTCCTAAGTG-1	KLRD1	6
M	TTAGGTGTCGCGATGC-1	KLRD1	2
M	GCGAGTCAGAGACTCG-1	CD3E	1
M	GCTTTCGTCACAGGGA-1	CD6	1
M	TACCTATCATAGCCGC-1	THEMIS	2
M	CTCAACCTCTCAGATG-1	EBF1	2
M	AATGTCGTCAGCCGAC-1	TXK	1
M	CTGAATGAGCTTTCCC-1	NKG7	1
M	TAGCCCTGTATTCGCA-1	NKG7	2
M	TAGGTGTTCCTGTAGA-1	SKAP1	7
M	TCACTCGCACTGAAGG-1	IRF8	1
M	CCACGTTTCTTTATCG-1	MRC1	1
M	CCGTACTCATTTCTTG-1	PAX5	5
M	GGAACTTAGGATGTCG-1	BANK1	2
M	GTCTACCTCCAGAATC-1	CD4	1
M	GCCTACTCAGATAAGT-1	CD3G	2
M	TCGCCTATCCTTCGAC-1	NCAM1	2
M	GCATTGATCTCTCAAT-1	PRF1	1
M	ACCTGCTTCACTAGGT-1	SH2D1B	1
M	TCCCACAGTACAAATG-1	LCK	1
M	TACAGCACATGGGACA-1	ITK	4
M	AGATTCGTCCTGAAAC-1	ITK	1
M	TGATTTCCAATCATCG-1	VCAN	1
M	TGTTAGGCATAGATAG-1	COL1A1	1
M	GCAGATTAGCTCGGCT-1	SKAP1	5
M	AACATCGAGTACGCGA-1	KLRF1	3
M	ATTACCTGTAATGTGA-1	BANK1	13
M	CTGAATGTCGGAAAGC-1	GNLY	2
M	AACGAGGAGTCTCGAT-1	GNLY	3
M	TAACGGTCAGTAGGCA-1	SKAP1	9
M	GCTCACTGTGCTTGAT-1	PRF1	1
M	TCAGGTAAGCTCCGGT-1	EBF1	2
M	TAATTCCCATCAACTG-1	BANK1	2
M	ACATGGTAGTCAGCCC-1	EOMES	1
M	TAGCCCTTCGGATAGG-1	ZBTB46	1
M	ACTACGATCCACGGCA-1	SKAP1	1
M	GCTGCGAGTACCAAGG-1	SKAP1	3
M	GTAGGAGGTCCGTGCA-1	IRF8	2
M	ACGTTAGAGTTACACC-1	ITGAM	1
M	AGGCGTCCACGCGTTG-1	KRT8	1
M	AGCTGTAGTTATGCAC-1	VWF	3
M	GTTACTTTCAGCACTA-1	NCAM1	1
M	GTACTTTCAAGATGCG-1	PAX5	2
M	CAACCAAGTCAGAAGC-1	THEMIS	1
M	ATCGAGTCAACGGACA-1	BANK1	6
M	ATCCTGCCAAATTCCG-1	CD28	1
M	GCAGCCAAGGGTAGTC-1	MERTK	1
M	ACTAACGCACCCTTAC-1	CD8A	1
M	AAGGAGCCAGCGTAGA-1	CD8A	1
M	GAGCGCTTCGGCTATA-1	NKG7	1
M	TAGCACATCTGAGTCA-1	PECAM1	1
M	ACAGGCCTCATTCTCA-1	FLT3	1
M	CCGTACTTCTTAATCC-1	PRF1	2
M	TCCCACAGTGGCGCTT-1	PRF1	1
M	ATCCAGACAATAGCGG-1	MRC1	1
M	GGTGCTGAGAACGTCG-1	NKG7	3
M	TTAACGGCAGTTACAC-1	SKAP1	3
M	ACCTGCTCAGGACCTC-1	PRF1	5
M	CAACGGCCAACAACTC-1	THEMIS	2
M	GCATTGAAGACTCTTG-1	VCAN	4
M	GCTGTTCAGGAAGGTA-1	VWF	2
M	CGAGTTATCATCGCCT-1	NCAM1	2
M	ACTAACGCACCCTTAC-1	NCAM1	4
M	GACCGACGTAAGTCTC-1	PECAM1	1
M	TCAGGTATCTATTTCG-1	CD79B	2
M	CTTGAAGTCTCGCGTT-1	SKAP1	1
M	AGTGCCGAGTCGACCC-1	CDH1	2
M	CTCAGCTGTCCAACCG-1	VWF	1
M	TGAGTCATCCACGGCA-1	EBF1	1
M	TCTATTGCAAAGGTCG-1	ITK	5
M	TTGTCTACATCCTGGG-1	EOMES	1
M	TGGACATCATCATCGA-1	PECAM1	1
M	AGCTGTACATGTAGAA-1	CD79B	2
M	GCTTTCGTCACAGGGA-1	COL1A1	2
M	TCTCTGGTCTGAGTCA-1	IL7R	1
M	GCATGATGTATCCTTT-1	TXK	2
M	GGAGTAGCATTTGGTG-1	CD28	2
M	TCAGGTATCACCCTTG-1	COL1A1	1
M	GTAATCGCAATGTAAG-1	SKAP1	4
M	GCTCGAGCACGTTACA-1	IRF8	1
M	AACTGGTAGCACCATT-1	CDH1	1
M	GAGTGAGGTCAGCAAG-1	NCAM1	1
M	GTAGGAGAGCTCCATA-1	PRF1	1
M	TCGAGCGTCGGATCGC-1	PAX5	1
M	TTGCCCAGTCAACGGA-1	CD8A	3
M	AGGCCTGTCAGCACGC-1	IRF8	2
M	TTGTTCAGTGGCGCTT-1	KLRD1	3
M	AACTTGGTCGTCCCTA-1	KLRF1	1
M	AACCGATAGTGCTGAG-1	NCAM1	1
M	TTACTCAGTTACGGAG-1	SH2D1B	2
M	TGTAGCAAGTCCCGCA-1	LCK	1
M	GCCCAGAGTGGTAGAC-1	THEMIS	1
M	ACTACGATCCACGGCA-1	VCAN	2
M	AACATCGAGGAAGAAC-1	EOMES	5
M	GCGCCAAGTCACCCGA-1	EOMES	1
M	GTCACCTAGTCGGGAT-1	SKAP1	2
M	ACATGGTGTTTGACCA-1	IRF8	1
M	CGCAGGTGTAGATGAT-1	TXK	1
M	CGATGATTCCTCAAGA-1	MERTK	1
M	TTCGATTAGTACAGAT-1	MERTK	1
M	GCGATTAGTAGAACGC-1	KLRF1	3
M	TGCTCACCAGAACGAC-1	VWF	1
M	TTGTTGTGTTAGAGAT-1	MRC1	1
M	GCCCAGATCAGGTTTG-1	MRC1	1
M	TGACAACCAAGACACG-1	SH2D1B	1
M	GGAACTTGTCTAACCA-1	EBF1	1
M	CGATGATTCCTCAAGA-1	ITK	2
M	CTCTAGCTCGGAGTTT-1	ZBTB46	1
M	CACCTTGGTCATCAAC-1	ITGAM	1
M	TACAGCACATGGGACA-1	KRT18	1
M	TCGATTTTCTGACATG-1	PRF1	1
M	AGTGTACTCTTAACGG-1	MRC1	1
M	TGATGCACACATTCTT-1	LCK	1
M	CAGCCTTAGAACCATA-1	MARCO	1
M	GCGGAAATCTACTGCC-1	KLRD1	7
M	CCCTGATTCTCTGACC-1	KLRD1	2
M	CGCAATACAGGCTACC-1	MRC1	1
M	ACCGGGTGTCAAGACG-1	MRC1	1
M	TCAAGGTCATTGAACC-1	ITK	3
M	TTAACGGTCTTAAGCG-1	BANK1	3
M	ACAAACCGTAAACGGC-1	BANK1	2
M	CCGTGAGCAAACAGTA-1	NCR1	1
M	AGTGCGCTCATAGGTC-1	SKAP1	2
M	ATTACCTGTAATGTGA-1	SKAP1	2
M	CCAATGAAGGGTTCCC-1	CD4	1
M	GCGAGTCTCCAACAAC-1	NCAM1	5
M	GTAGGAGCAAACTACC-1	BANK1	1
M	CAACCAACATGGTAAA-1	PRF1	1
M	TCTATTGGTGGACAGT-1	CD8A	2
M	GACCCAGAGGTCTTTG-1	GNLY	5
M	TAGACTGCACTTTGGA-1	COL1A1	1
M	CCCTCTCAGCCCATTA-1	NCAM1	5
M	CATTCATCAGCGCGTT-1	CD6	1
M	CTCTCAGGTTCTCGAA-1	ITK	1
M	TGAATCGCATTACACG-1	TXK	10
M	ATAGTCGTCCGTACGG-1	MERTK	1
M	ACAGCGCTCCATGACA-1	CD79B	1
M	AAACTGCTCTTTGCAT-1	PRF1	1
M	GTCACCTAGTCGGGAT-1	MRC1	2
M	GCTGTTCCACAGTAGG-1	PAX5	2
M	GTGTCAATCTCTTCTC-1	TXK	4
M	GCTGTTCCATCCCAAA-1	CD79A	1
M	TTAGGTGTCGCGATGC-1	VWF	2
M	AGCCTGGGTACGGAGT-1	CD3G	1
M	AACTTGGGTGCTGTCG-1	THEMIS	1
M	CTCAGAACAGCAACAG-1	ITK	3
M	GCGGAAATCCATGTTT-1	ITK	2
M	CTAGGATAGGGTGTTG-1	SKAP1	4
M	CACCACTGTACAACGG-1	CD3E	1
M	ACCATCCAGAAAGGGT-1	CD3E	1
M	TAGGTGTGTGACGCAA-1	EBF1	3
M	CCTAAAGGTCACCCGA-1	CD8A	3
M	GACCGACGTATGCTAC-1	IRF8	1
M	TAGCGGCTCCCACGGA-1	NCAM1	3
M	CAGCTGGAGAAACGCC-1	ITK	1
M	TATGTTCTCTATACCT-1	TXK	5
M	CAGTGTATCTCGCGTT-1	EOMES	7
M	GCTCGAGCACGTTACA-1	CD8A	1
M	TAGGAGGTCACTCGGG-1	CD79A	2
M	GAGGCTCTCTGATCTT-1	PRF1	1
M	GAAAGTAGTAACGGTG-1	LCK	2
M	AATGTCGAGCGGACTA-1	MERTK	1
M	CCGTACTGTCCAGACC-1	IRF8	6
M	TGCTTTAGTTCCGCGA-1	KLRD1	2
M	CAATCCCAGGTTTCTG-1	PRF1	4
M	GTACTTTCAAGATGCG-1	IL7R	1
M	TAGCTTTTCAGTCTTT-1	NCR1	2
M	AGCGATTGTAACGGCA-1	SKAP1	8
M	GGAGGATTCGGTTGTA-1	NCAM1	1
M	CTGGGACCACTGTTAG-1	MRC1	1
M	TTCGGTCAGAGAGTTT-1	PAX5	1
M	TCAGGTACACAAACAA-1	SKAP1	1
M	GGTGTCGAGACAACGC-1	ITGAM	3
M	GATTAGCAGAGTTTGA-1	MRC1	1
M	GGTGCTGGTTCCATCC-1	CD14	1
M	TCACCACGTGGAAGCT-1	VCAN	3
M	TTCGGTCCAGTAGTTC-1	EOMES	1
M	AATGCCACAGCGTACC-1	CD28	2
M	CTCTACGCAACACGGA-1	VWF	2
M	GGATGAGCAATCCATG-1	NCAM1	2
M	CCTTGGTTCGGTTCCT-1	NCAM1	2
M	TTCGGTCCAAGGAAGA-1	LCK	1
M	TCGCAGGGTCAAACAA-1	PAX5	1
M	TTTGCGCAGTAGACCG-1	EBF1	1
M	CCAATGAAGGGTTCCC-1	TXK	1
M	CTCTCAGCAGACTAAA-1	EOMES	1
M	CCCTCTCAGCCCATTA-1	CD3D	1
M	GATCGTAAGAACCCGA-1	NCAM1	4
M	GGGCCATGTGCCCTAG-1	PRF1	3
M	CCTTAATCAAAGGCCA-1	MRC1	1
M	CACATGATCAAGGCAG-1	CD160	1
M	TGTGGCGCATTAGCCA-1	LCK	1
M	CTGCGTTAGAACAGGA-1	EBF1	1
M	TTTGAGGTCGCGCCAA-1	BANK1	2
M	GCTTGCTGTGTGTGCC-1	BANK1	1
M	TGGTCAACAATGGTAA-1	CD28	2
M	TTCGGTCTCGCTACCT-1	NKG7	1
M	CCCGTTACAACAACTC-1	CD79A	1
M	CTTGCTGGTATCTAGC-1	PECAM1	1
M	TATCTGTCATCGTACA-1	PAX5	2
M	TACTAGGCATTACCTT-1	ITK	5
M	TTAGGTGTCGCGATGC-1	MERTK	3
M	TGATGCACAAAGCTGG-1	PECAM1	4
M	CCCTAGTAGAGCTACG-1	SFTPC	2
M	GCGTAGCAGAAGCCGT-1	FLT3	2
M	GCACGCACAATTGCCA-1	DCN	1
M	TGATTTCTCGTGAGTT-1	PRF1	1
M	AGCGATTAGCCTGTAT-1	SH2D1B	1
M	TGTGACATCGGCAATT-1	CD160	1
M	GTCACCTGTGAGTTGG-1	CD160	1
M	GCGTAGCTCACGTGTA-1	THEMIS	2
M	TTACTTGAGTCTCGAT-1	CD28	4
M	GCAGATTTCCGCGATG-1	KLRD1	2
M	TCAGGTAGTATCCTTT-1	CD6	1
M	GTTATTCAGCTCGTTA-1	SPI1	2
M	GCCCAGAGTTTCGACA-1	PRF1	5
M	TGCTATTGTCCTCAGG-1	CD160	1
M	GTTCAAGAGAACTCCT-1	BANK1	3
M	CATAACGGTGAGTTGG-1	TXK	5
M	TCACAAGCAAGTTGCT-1	TXK	1
M	ATCGAGTCAACGGACA-1	COL1A1	1
M	TTGTCTACATCCTGGG-1	IRF8	1
M	AATGTCGGTCAGACGA-1	KLRD1	1
M	CTTCTAAGTCGATTAC-1	CD6	2
M	GACCAATGTATTCTGG-1	TXK	1
M	ACCGGGTAGTCCGTGC-1	MERTK	1
M	AACATCGGTATTCTTC-1	KIR2DL4	2
M	GTGCTGGAGCTACGTT-1	FLT3	1
M	GCTCCTAAGAGTAAGG-1	KLRC1	1
M	GCCTAGGAGTGGTGTG-1	KLRD1	2
M	CTTCCAGAGCGTGTTT-1	KLRD1	2
M	GGTAGGACATTAGCAC-1	PRF1	3
M	ATTGTGGCATCCATAG-1	PAX5	1
M	CAAAGCTAGTTCAGGG-1	EBF1	1
M	TTCATTGTCGGTTGTA-1	TXK	6
M	TCAATTCAGTGCACAG-1	EOMES	2
M	ATAGGCTAGCGATACG-1	NCR1	1
M	CCGTGAGCAAACAGTA-1	CD79B	2
M	CACTGAACAAGCGACA-1	KLRD1	3
M	GGGTCTGCACTCAAGT-1	PAX5	2
M	GGAATCTAGAACAGGA-1	CD14	1
M	GTTCAAGGTTTAGGAA-1	BANK1	2
M	ACATGCATCTACATCT-1	PECAM1	1
M	AAACGAACACTTACAG-1	KLRD1	2
M	TTCGGTCAGTTCGTTG-1	EBF1	13
M	AGCCTGGGTACGGAGT-1	ITK	5
M	GCTGAGCAGTCGAGCA-1	BANK1	4
M	TGACTCCGTGGTTCTA-1	TXK	2
M	TCAGGTATCACCCTTG-1	CD8A	2
M	TGTGGCGCAAGGAACC-1	PECAM1	9
M	ACTACGAGTGAGAGTC-1	KLRD1	1
M	AGCCAGCTCTTCACTA-1	EBF1	1
M	TTAGCTTCATTGTGAC-1	TXK	3
M	CCTTAATCAAAGGCCA-1	EOMES	2
M	AACAAAGAGAGCCACA-1	CD79A	2
M	GCGGGTTTCGGATCGC-1	SKAP1	1
M	TACTAGGAGTCGATAA-1	KLRF1	1
M	TCGTTCGCAGTTACAC-1	IL7R	1
M	CCGTACTAGCCTGTAT-1	IL7R	1
M	GCCCAGATCACAACAC-1	MARCO	1
M	GCGAGTCGTGCATTGT-1	CD8A	1
M	GCAGATTCAGTCCTGG-1	IRF8	1
M	GGAGGATTCTAGCAAC-1	KLRF1	2
M	GGAATCTAGTCTGTGT-1	VWF	2
M	GCACCTTCACTGTTAG-1	LCK	4
M	AGCCAGCGTGCACATT-1	LCK	1
M	ATCCTCGTCCGTTAGA-1	CSF1R	1
M	GGAGTAGCATTTGGTG-1	BANK1	1
M	TAGCTTTTCAGTCTTT-1	TXK	1
M	AGCCTTCAGAGCTACG-1	TXK	1
M	TTTGGTTAGACCCATT-1	CD28	1
M	GGAACTTAGGTACATA-1	NCR1	1
M	TGTACAGCACCACGAC-1	KLRD1	12
M	ACATGCAGTCTGTGTA-1	CD4	1
M	TGTAAGCGTCCAAGAG-1	PRF1	1
M	TGCTTTAGTGTTGTTG-1	THEMIS	1
M	TTCGCGTTCTTCCGTG-1	EBF1	1
M	TGCCTGTGTACATGGG-1	ITK	6
M	TTAGCGAAGTAGCAAT-1	MERTK	1
M	CTGGCAGGTCATCGTA-1	COL1A1	1
M	GAAACAATCACGGGTC-1	FLT3	1
M	ATCCTCGAGTGTCGGA-1	SPI1	1
M	CGCACAGCACTTGCGG-1	CD14	2
M	ATCGAGTTCCTAAGTG-1	TXK	10
M	AGCGATTGTGCACCCA-1	NKG7	1
M	TTGCACCCATCCGTAA-1	SKAP1	4
M	TATGTGGAGTAACTCC-1	DCN	1
M	TGTGGCGCAAGGAACC-1	CD160	1
M	CAACGGCTCTGAAAGA-1	BANK1	1
M	GCCCAGACAAACTACC-1	KIR2DL4	1
M	CTCCCAATCACAGGGA-1	NKG7	2
M	CGAGTTATCAGCACTA-1	PECAM1	1
M	TAGTCCCCACAAGGGT-1	NCAM1	5
M	CAATCCCAGGATTTGA-1	PRF1	4
M	AGCCTCTAGGAAGAAC-1	PRF1	1
M	CTACTTAAGGGACGTT-1	LCK	1
M	GAATCTGTCCCACTTG-1	BANK1	1
M	GAACCTAGTATCCTTT-1	EPCAM	1
M	GTGACATGTGCACATT-1	NKG7	1
M	ATCCTCGTCCGTTAGA-1	LYZ	1
M	GGTGCTGTCGCCACTT-1	KLRC1	2
M	GTTACGACACTAGCCG-1	EBF1	1
M	CAACGGCAGTGAACCG-1	ITK	5
M	TAATCGGTCGCACCGA-1	ITK	3
M	GGTACCGAGCCCATTA-1	CD14	1
M	CCACAGGTCAAATGGA-1	BANK1	2
M	GCCTAGGCAAAGCATA-1	TXK	1
M	TAGCACATCTGCTACC-1	EOMES	1
M	TGGCAATAGTTGACAA-1	CD3E	1
M	TCAAGCAGTCAGTGTT-1	SH2D1B	1
M	GGTTGCGTCCTATCCG-1	SH2D1B	2
M	GGGTTATTCCACACCT-1	LCK	1
M	TTGTCTACACTGAAGG-1	CSF1R	1
M	GTGTCAATCCGGCTGA-1	VCAN	1
M	CGCTATCCAACATAAG-1	BANK1	3
M	ACTAACGGTTTCTTAC-1	NCR1	1
M	AAAGGATAGGATGTCG-1	COL1A1	1
M	TGCATTTGTGGCCTCA-1	KLRD1	4
M	GCTTAAGAGGTCTTTG-1	KLRF1	2
M	CATGCCTCACCCTTTG-1	VWF	2
M	GGAACCCGTCAGAAAT-1	LCK	1
M	CGTTCCAAGGAGTACC-1	PAX5	2
M	GACCGACGTATGCTAC-1	PAX5	1
M	GCCTAGGCACCCTTTG-1	BANK1	4
M	GAGATTCAGTTGACAA-1	FLT3	1
M	CCATACCCAATCACTG-1	NCAM1	2
M	ACCCAAAAGCGGACAT-1	NCAM1	3
M	TAATTCCAGAACCATA-1	PAX5	2
M	GTTGGTAGTGGGTAGT-1	THEMIS	1
M	GTCACGGCATTCACCC-1	TXK	5
M	TGGCAATGTAGGGTCA-1	EPCAM	2
M	CGATGATTCTATCTTG-1	PECAM1	1
M	ACCTGCTCACAGAAGC-1	CDH1	1
M	CAGTGTATCTCGCGTT-1	KLRD1	9
M	AATGCCAGTAGGTGAC-1	PRF1	3
M	CCATACCAGGCAGTAC-1	SH2D1B	1
M	TCACCTGAGTAGTCGG-1	CD160	1
M	GGGTGTCGTATCTAGC-1	ITK	2
M	GATTAGCGTGGAGTGT-1	ITK	2
M	CCGTAGGAGGCGACTA-1	MERTK	1
M	TCACCACTCCCGTAGG-1	LCK	1
M	TTGCCCAGTACTATGC-1	BANK1	3
M	AGGCCCAAGCTGCCAC-1	BANK1	1
M	GGATGAGGTCAATACC-1	BANK1	1
M	CGCAATAAGTGCCCTG-1	TXK	1
M	GCTTAAGTCTTGTCAT-1	IRF8	2
M	TGCTTTATCTTCCACG-1	CD4	1
M	ACTTCCGTCAAGGCCC-1	VWF	1
M	GAGATTCAGTTGACAA-1	NCAM1	1
M	GCTGAGCGTTTGCCAA-1	SH2D1B	3
M	CCGTAGGAGAGGCCTA-1	CSF1R	2
M	GCTGCGAGTACCAAGG-1	BANK1	2
M	AATGGCTTCGGGTCCA-1	TXK	1
M	CCTGCTACAAATGTCC-1	EOMES	3
M	GCCAGACTCACTAGGT-1	MARCO	7
M	AAAGATGCAGATAAGT-1	CD79A	1
M	GCTTGCTTCCATAACG-1	NCAM1	1
M	TAAGTGCAGCTTACCA-1	PRF1	1
M	GCGAGTCAGCTGCTCG-1	SH2D1B	1
M	GAATCTGTCTAGCAAC-1	EBF1	2
M	TATGTTCCAATTAGGA-1	EBF1	1
M	ATAGTCGCACATATCG-1	VCAN	2
M	TCGAGCGTCGGATCGC-1	BANK1	2
M	GTGTCCTAGAGCTGTG-1	NKG7	2
M	AGATAGAGTTGCTTGA-1	PECAM1	2
M	CTAGGATTCTCTGTTA-1	PECAM1	1
M	GCTCCTAAGAGTAAGG-1	FLT3	1
M	GCAGCTGTCTCTGAGA-1	KLRD1	1
M	GCAGCTGGTTTCGATG-1	VWF	5
M	TACGCAACATGGCCGT-1	CD6	1
M	CCATACCAGGCAGTAC-1	CD160	1
M	CTTCTAATCCCAATAG-1	VCAN	1
M	GCTGAGCGTTTGCCAA-1	NKG7	3
M	GTAGGAGGTCCGTGCA-1	SKAP1	6
M	CCCTAGTAGAGCTACG-1	KLRD1	2
M	TTTGGCCTCAAAGTAG-1	KLRD1	6
M	GCGTTGGAGCTATCGT-1	KLRF1	2
M	GGTCATAAGAACTCCT-1	ITK	1
M	AGTTACGGTGGACCAA-1	TXK	1
M	GAGCATTCACGACGAA-1	SKAP1	4
M	AGCCGCACATATTGGC-1	PRF1	2
M	TCCATCGGTCTCTGGG-1	ZBTB46	1
M	ATGTACGTCTGGCGCA-1	CD28	1
M	CTTGTCGAGAGAGGTA-1	NKG7	1
M	GTGTCAATCTCTTCTC-1	CD5	2
M	AGCTGGCAGAAATACC-1	SPI1	1
M	GCACGCAGTTGAAGCG-1	THEMIS	1
M	TTCAACTCAGCAACAG-1	TXK	3
M	TCGATTTTCTGACATG-1	CD68	1
M	TAAGTGCGTGCAACAG-1	PRF1	1
M	GCTCGAGCAATGGCAG-1	LCK	1
M	ACTTTCACACACTAGT-1	THEMIS	1
M	ACGTGGCCAAGGTCGA-1	BANK1	1
M	CTTCTAATCCCAATAG-1	MARCO	1
M	AGCCTTCCAGCGTAGA-1	NCAM1	1
M	ATTTGTCCACCTGAAT-1	PRF1	1
M	GACCCAGGTTGAATAG-1	SH2D1B	1
M	CCGTGAGAGGTCTTGT-1	CD160	1
M	GAAACAATCGCCAGAC-1	LCK	2
M	CCTAAAGGTCACCCGA-1	ITK	4
M	CTGTATTAGATGCGAC-1	CSF1R	1
M	TGGCAATGTTCATTTC-1	CD79B	1
M	AGCGATTGTGATAAGT-1	THEMIS	3
M	GTGGATTGTTCCCTTG-1	ITK	11
M	ATTGTCTGTCTAACCA-1	CSF1R	1
M	TTGTTCACATAGAATG-1	BANK1	1
M	CGCTGGACATTGTTCT-1	BANK1	2
M	GATTAGCGTTGCAGAG-1	TXK	4
M	CCGTACTCATTGTTCT-1	NCR1	1
M	TCACCACGTGGAAGCT-1	KLRF1	2
M	ACGTGGCCACTGGGCT-1	CD160	2
M	TTCGGTCAGTTCGTTG-1	BANK1	7
M	ATGTCTTGTTGGTAAA-1	NKG7	1
M	AGGCGAATCCTTCGAC-1	PECAM1	1
M	GGAACCCGTCCGGTAC-1	SKAP1	2
M	AGTCCGGCACAAGTGG-1	KLRD1	8
M	TCAGGGCGTCCAAGTT-1	KLRF1	5
M	CACTAAGAGCTCCGGT-1	VWF	1
M	CGCTGGAAGGCGTCCT-1	CD6	6
M	AGCTGTACATGTAGAA-1	MS4A1	1
M	ATCCAGACACCTGAAT-1	PRF1	1
M	CAACGGCCAACGTCGC-1	PAX5	1
M	TTACCGCCAGGTAGCA-1	ITK	2
M	GTAGTACGTCTCTGCT-1	EOMES	3
M	TATGTGGCAGTTCGGC-1	KIR2DL4	1
M	TCTCAGCGTGAGTAAT-1	KIR2DL4	1
M	CAGCTAACAGAAAGAG-1	CD79A	1
M	TTAGCGAGTCTGTTGA-1	PAX5	1
M	TGGTCAATCGGTAGGA-1	CD8A	2
M	ATTACTCGTGGACTGA-1	IRF8	1
M	GTCACCTGTGAGTTGG-1	CD3E	1
M	GGTGCTGTCAATTGGC-1	CD6	1
M	CTTGCCAGTGTCTACA-1	KIR2DL4	1
M	TTAACGGGTTCCCGGA-1	PECAM1	1
M	CTCGCTAAGAACGTCG-1	KLRF1	1
M	TAGCGGCGTAGGGTTG-1	VWF	5
M	TCTCTGGAGTCGCCTG-1	NCAM1	1
M	CCATACCAGGCAGTAC-1	SPI1	1
M	TGGCAATTCGTCTAGA-1	BANK1	3
M	TGTAGCAAGTCCCGCA-1	BANK1	1
M	GCCCAGATCAGGTTTG-1	KLRD1	1
M	GCCAGCAGTAACGTAA-1	SH2D1B	1
M	AGCCCGAAGGTTCTCA-1	SFTPC	1
M	CGAGTTAGTACTTCAG-1	IL7R	9
M	GTCACAATCGATGCAT-1	BANK1	3
M	GGCGTTGAGTTACCAC-1	BANK1	2
M	GCATTGATCGATAGGG-1	BANK1	2
M	CAAAGCTGTGCTGGCT-1	BANK1	1
M	GTTGGGCAGGCTCCTG-1	TXK	3
M	TAGCTTTTCAGTCTTT-1	GNLY	5
M	GAACGTTTCTATACCT-1	FLT3	1
M	TTAGGTGGTCCGAGCT-1	NCAM1	1
M	AAACTCGCACCGAAAG-1	SH2D1B	1
M	TCAGGTAAGCTCCGGT-1	SFTPC	1
M	TAGACTGGTTCAGAAA-1	EBF1	1
M	AGGCGAATCCATATCT-1	ITK	2
M	TAGTCCCAGGACTAGC-1	EOMES	1
M	CCCTAACCAACTCGTA-1	PECAM1	1
M	TTATGTCCATTACCTT-1	KLRD1	1
M	TAGACTGGTTCAGAAA-1	MERTK	1
M	AATGTCGTCTCTGCAC-1	GNLY	1
M	CGCTATCGTCATCGTA-1	KIR2DL4	2
M	AGCTGTACATGTAGAA-1	COL1A1	1
M	AGCGTGCTCGGCTATA-1	FLT3	2
M	TTTACGTCAACGTCGC-1	KLRD1	7
M	GTTATTCCAGGCAAGT-1	KLRF1	2
M	ATCCAGATCTTGTCGC-1	NCAM1	1
M	TAACAGCAGGGTCCCT-1	NCAM1	1
M	TTTGGCCCACAGTTAC-1	LCK	1
M	GCTTGCTGTGTGTGCC-1	EBF1	1
M	CTCAACCTCCTAAAGC-1	BANK1	1
M	TTAGGTGGTCCGAGCT-1	TXK	2
M	CTCTCGATCCGCTCTA-1	TXK	2
M	TGCACCTTCGATTACG-1	TXK	1
M	TGATTTCAGGAGTACC-1	NKG7	1
M	CCTAAAGAGTAATCAG-1	IRF8	1
M	TAGCGGCGTAGGGTTG-1	KLRD1	7
M	CCCTAGTAGAGCTACG-1	CD4	1
M	GATTAGCGTGCGACCT-1	SH2D1B	1
M	AACAAAGTCGCCTTAC-1	PAX5	1
M	TACCTATGTATATGGA-1	BANK1	4
M	TACGGATTCTTCTCTC-1	CDH1	2
M	GAGGCTCGTCAGAAGC-1	PRF1	1
M	TGACTCCGTAACCCAT-1	PAX5	1
M	TAGCATGGTTACTTTC-1	BANK1	2
M	GCTTAAGAGGTCTTTG-1	ZBTB46	1
M	TTACGTTCATTAGCCA-1	CD8A	1
M	TCAAGGTCATTGAACC-1	GNLY	1
M	CCATACCGTGGCATAG-1	FLT3	1
M	TAGCTTTCACCGTTGG-1	KLRD1	1
M	TTAACGGTCTTAAGCG-1	ZBTB46	1
M	TTACGGAGTGGAAAGA-1	ZBTB46	1
M	GGATGAGCAATCCATG-1	KIR2DL4	1
M	ACCCAAAAGGTCTTGT-1	NKG7	3
M	CGTACAAGTTGTGACT-1	CD5	1
M	AACATCGGTATTCTTC-1	VCAN	1
M	TTAGGTGTCGCGATGC-1	CD28	1
M	CTCTCAGAGAAACGCC-1	ITGAM	1
M	TACTAGGCACTGCTTC-1	FLT3	3
M	TGCACCTTCGATTACG-1	DCN	1
M	TTGCGGGCATGGAGGT-1	KLRD1	5
M	CACATGATCGCCACTT-1	MS4A1	1
M	GCTCCTAAGAGTAAGG-1	MRC1	3
M	AGTTTGGGTGGACAGT-1	MRC1	1
M	GCGCCAAGTCACCCGA-1	CD79A	2
M	ACTAACGCACCCTTAC-1	CD79A	1
M	TTAACGGTCTTAAGCG-1	ITGAM	1
M	AAAGGGCCAAGACACG-1	PRF1	4
M	AACTGGTAGCACCATT-1	CD8A	1
M	GCCTAGGTCTGGCACG-1	NKG7	1
M	GATCGTAAGGGAAGCG-1	KLRD1	4
M	TAAGCCAGTGATGCGA-1	CD4	1
M	TCACAAGCAGCTTACA-1	VWF	1
M	ACTACGAAGCGCCTAC-1	NCAM1	1
M	CACAACACAACGTAGG-1	CD6	1
M	CAGCTGGTCGGGAATG-1	EBF1	3
M	GCCAGCATCCCGCAAG-1	CD8A	5
M	CCCGTTAGTGCTGTGC-1	GNLY	1
M	ATGTACGCAATGGCTT-1	CDH1	1
M	TCAAGCATCGACTGGC-1	LUM	1
M	TCTATTGGTGGACAGT-1	VWF	1
M	GACCCAGAGATTACGA-1	CD3G	1
M	CCAATGAAGGGTTCCC-1	CD5	1
M	TAGCACATCAACTTGG-1	CD6	2
M	TATGTTCTCTATACCT-1	MRC1	2
M	TGACAACTCTCATATC-1	LCK	3
M	TTGTCTATCTCCACTG-1	TXK	10
M	GCGCCAAGTCACCCGA-1	NKG7	3
M	CTGAATGTCGGAAAGC-1	NKG7	1
M	GGAATCTCATTGCGAT-1	PECAM1	1
M	ACCTGCTTCTCTGACC-1	IRF8	3
M	TGGTCCTGTAAACGAT-1	IRF8	2
M	GTGTCAATCCGGCTGA-1	KLRD1	4
M	CTACAGAGTAATGCCT-1	PECAM1	2
M	TGTACAGTCGCTCGGA-1	PRF1	1
M	CGCTATCGTAAGCCTT-1	TXK	4
M	TCAAGCACAGAAAGAG-1	TXK	2
M	GGTTGCGTCTCTTAAC-1	GNLY	1
M	AGCTGTACAAGCTTTG-1	IRF8	2
M	GGGACCTGTTCTACCC-1	KLRD1	1
M	CCCAGAGTCCCAGCGA-1	VWF	2
M	AACGGGACATCCGTGG-1	CD160	1
M	AGGCGTCCACGCGTTG-1	THEMIS	1
M	CTCAGAACATTTGGCA-1	BANK1	1
M	TAGGAGGCAGTATCTG-1	FLT3	1
M	GCAGATTAGCTCGGCT-1	KRT8	4
M	CTACAGAAGTGGACGT-1	NCAM1	1
M	TCAGTCCTCTTCCGTG-1	CD6	3
M	TCGTTCGAGCTTTCCC-1	THEMIS	1
M	TACTGCCCAGTAAGCG-1	BANK1	2
M	GGGACCTAGCTGATTC-1	LUM	1
M	CATAACGCAACGAGGT-1	KLRD1	4
M	TGACAACCAAGACACG-1	CD3E	1
M	TAGGTGTGTGACGCAA-1	MS4A1	1
M	GAGACTTCACTTTGGA-1	ITK	5
M	CCATACCGTGATTCCA-1	EOMES	1
M	GAACCGCGTACGGATG-1	PECAM1	1
M	GCATTGAGTGGACAGT-1	LYZ	1
M	CCTAAAGAGTAATCAG-1	CD3D	1
M	CCACGTTGTCGAGGAT-1	ITK	1
M	ACGTTAGTCACTTACT-1	EPCAM	1
M	GACCGACTCGCAAGCC-1	NKG7	1
M	CACAACACAACGTAGG-1	PECAM1	1
M	CAAGAAAAGACACTTC-1	SKAP1	4
M	AGTGCGCGTGCTGTGC-1	LUM	1
M	GCGCATGTCTAAACGC-1	VWF	1
M	TTGTCTATCTCCACTG-1	CD6	2
M	AATGGCTGTGTCTACA-1	THEMIS	1
M	ACGGATTCAGGAGCAT-1	ITK	3
M	TGTAGCAAGTCCCGCA-1	ITK	3
M	TCAAGGTTCACAACAC-1	ITK	2
M	ACTCGGGAGGCTTCGC-1	ITK	2
M	GCTCCTAAGATATGAC-1	TXK	4
M	GCGATTATCTCCCTTT-1	CD8A	1
M	GGTGCTGTCGCCACTT-1	KIR2DL4	1
M	CCTGGGACAGAACGAC-1	SKAP1	2
M	CTACAGAAGTGGACGT-1	KLRD1	3
M	AGCCTTCCAGAGAGAA-1	CD3G	1
M	CTCTCAGAGCAGAATT-1	CD3E	1
M	TGACAACCATACCCGG-1	PAX5	6
M	TGGAAGGGTCTCTAAG-1	ITK	3
M	CTAGGATCAAGTTGCT-1	BANK1	7
M	TCCATCGTCGATATGC-1	CD28	1
M	GTACTTTGTGTCTACA-1	MERTK	1
M	GACCCAGAGGTCTTTG-1	SKAP1	4
M	AATGGAACAATTCTCT-1	FLT3	1
M	TGAATCGCATTACACG-1	CSF1R	1
M	GGTGCTGCACAAACAA-1	TXK	1
M	CTCTCAGCAGACTAAA-1	SKAP1	1
M	GTAATCGTCCTTCGAC-1	CDH1	2
M	TGAGTCATCCATATCT-1	VWF	1
M	GACCGACCAGGTGGTA-1	PRF1	1
M	GAATCTGTCGAGTGTT-1	PRF1	2
M	GGTTGCGTCATTCATC-1	ITK	2
M	GCTCAGGAGCCATCAT-1	CSF1R	1
M	GCGCATGGTGAGAGTC-1	MERTK	1
M	AGCTGTACAAGCTTTG-1	PECAM1	2
M	CTAGCGGAGGGTAATT-1	SKAP1	5
M	GCGTTGGAGCTATCGT-1	EBF1	1
M	GCGCATGTCGCGCCAA-1	CSF1R	1
M	GCTCACTCACCTGAAT-1	TXK	1
M	TCACCTGAGTAGTCGG-1	EOMES	3
M	TGCTATTGTCCTCAGG-1	EOMES	1
M	TTCTGTACACTCCCAT-1	CD28	1
M	CAGTGTATCTCGCGTT-1	NKG7	2
M	GTAGTACCATGGCCTG-1	NKG7	1
M	GGGCCATGTCTGTTGA-1	MS4A1	1
M	TTACCCGAGATCCGAG-1	LCK	3
M	GCAGCTGTCCAAGTCA-1	BANK1	1
M	TCACCTGAGGTCCTCG-1	CD8A	2
M	TGCTATTGTAAAGGCC-1	CD3G	1
M	AACGAGGCACATTGCA-1	SH2D1B	2
M	AGTGCGCCACAATAAG-1	CD28	4
M	TGCCTGTTCGGTCTCT-1	CD79A	2
M	AGTTTGGGTCATAAGA-1	KLRD1	6
M	AAACTCGCACCGAAAG-1	NCAM1	1
M	TTTGGCCTCAAAGTAG-1	NCAM1	2
M	CCCTCTCGTTGGTAAA-1	CD5	2
M	GATCGTAAGGGAAGCG-1	CD6	1
M	TAACGGTCAGTAGGCA-1	SH2D1B	2
M	CTCAGCTGTCCAACCG-1	BANK1	1
M	TTCGGTCTCGCTACCT-1	NCR1	1
M	CTTGTCGAGAGAGGTA-1	LCK	5
M	ACGTTAGTCTATATCC-1	CSF1R	1
M	ACAAGCTTCCTGAAAC-1	CD8A	2
M	CGAGTTAGTACTTCAG-1	NCR1	2
M	ACGGATTTCGATAGGG-1	PECAM1	3
M	TCACTCGTCAGAGTGG-1	CD6	1
M	CGCTATCGTCATCGTA-1	CD160	2
M	GCCTAGGGTCGAGGTA-1	CD160	3
M	TGCATGATCTGTTGCC-1	THEMIS	2
M	GCTTAAGTCTTGTCAT-1	BANK1	2
M	GACCAATAGACAACGC-1	TXK	6
M	CTTGCTGTCTGTGTGA-1	TXK	1
M	GAGGCTCAGAACGTCG-1	CD79A	1
M	AAAGGATAGGATGTCG-1	ITK	4
M	GACCAATAGCACACCC-1	VCAN	2
M	AGCTGATCATTACCTT-1	BANK1	8
M	GAAACAAGTTCCCAAA-1	BANK1	3
M	TGTACAGCACCACGAC-1	BANK1	2
M	CACAACACATCGACCG-1	NCR1	2
M	TTCATTGTCGGTTGTA-1	NKG7	1
M	TAAGTGCCACAGTTAC-1	PECAM1	1
M	TCGATTTAGTTTGGAA-1	NCAM1	1
M	TTAGGTGTCGCGATGC-1	CD5	2
M	TTCTAACGTTTCTCTA-1	CD6	1
M	CAAGGCCAGACTAGGC-1	MS4A1	1
M	CGGTGCATCGCTTACC-1	PAX5	2
M	TTGAGTGAGGTTCTCA-1	VCAN	1
M	GATCATGCAGTATCTG-1	EOMES	1
M	GCAGCCAAGCTTACCA-1	GNLY	2
M	TCGAGCGCAAGGAACC-1	PECAM1	2
M	ATAGGCTAGCGATACG-1	MRC1	1
M	ACCTGCTCACAGAAGC-1	SH2D1B	1
M	GTTGGTACATTATGGC-1	CD160	1
M	TTCAACTTCAGTCAAC-1	EBF1	1
M	GGTGCTGTCAATTGGC-1	ZBTB46	2
M	CCATACCGTGATTCCA-1	MERTK	1
M	GCTGCGAGTCATAAGA-1	SH2D1B	1
M	AGTTACGGTTCTTTCA-1	BANK1	2
M	ATTACTCGTGGACTGA-1	TXK	3
M	TGCTATTCAAAGGCCA-1	KLRD1	1
M	TGAGTCACAGGATAGC-1	MRC1	3
M	GCAGCTGAGATTAGAC-1	MRC1	1
M	TTGTTCATCGTATAGC-1	ITK	8
M	AAGATAGAGCCAGAAC-1	VCAN	1
M	TCAAAGCAGGGAGATA-1	TXK	1
M	TTGCGGGTCAATTCCT-1	EOMES	1
M	GGGACCTAGACTTGAA-1	CD79A	2
M	CTTAATCAGAAATGGG-1	CD79B	1
M	CGTTCCATCCGGAAAG-1	SKAP1	16
M	GGGTGTCTCTTAACGG-1	SKAP1	1
M	ATCCTCGTCCGTTAGA-1	CDH1	1
M	GTTGGTAGTGGGTAGT-1	DCN	1
M	TTCGGTCCAAGGAAGA-1	NCAM1	2
M	TCGGGACGTCCGTAGC-1	LCK	5
M	TACATTCAGTCGTGAG-1	TXK	2
M	GTCACCTAGTCGGGAT-1	GNLY	3
M	TAGCACATCAACTTGG-1	CD79A	1
M	ACTTCCGGTGTCCAGC-1	SKAP1	3
M	AGATTCGTCTTCCGTG-1	CD5	1
M	CTTGAAGTCTCGCGTT-1	CD160	1
M	ATCGAGTCACACTAGT-1	LCK	3
M	TCAGGTATCACCCTTG-1	THEMIS	3
M	ATGTACGTCTGGCGCA-1	EOMES	1
M	GGATAGGCAAAGCTGG-1	EBF1	4
M	TGTGGCGCAAGGAACC-1	IL7R	4
M	TAGGTCACATGGCCCA-1	MERTK	1
M	CGAGTTAGTACTTCAG-1	IRF8	1
M	TGACTCCCAGTAAGCG-1	IRF8	1
M	CGCAATAAGTGCCCTG-1	KLRC1	1
M	CGCTGGAAGGCGTCCT-1	SPI1	1
M	TACTAGGCACTGCTTC-1	EBF1	5
M	AGGCCCAAGCTGCCAC-1	ITK	3
M	TAGTCCCCACAAGGGT-1	IL7R	3
M	GGAACTTTCGGAAAGC-1	KIR2DL4	1
M	TTTACGTTCTGGCTAA-1	KLRD1	3
M	ACAGCGCTCTATGAGC-1	KLRD1	1
M	GCGAGTCTCCAACAAC-1	ZBTB46	1
M	GCGAGAACATAGCCGC-1	MERTK	1
M	CTCCCAAAGAAGCCGT-1	CD8A	6
M	TCAGGGCCATGGCCCA-1	NCR1	3
M	AAAGATGTCCAGTACA-1	NKG7	4
M	TGCTCACGTAACAATG-1	NCAM1	1
M	GAGGATGTCCGTACGG-1	EBF1	2
M	CGCTATCGTCATAGCT-1	SKAP1	1
M	AAGATAGAGCCAGAAC-1	KLRD1	9
M	ATGTCTTGTTGGTAAA-1	KLRD1	1
M	CGCGCAACACAATAAG-1	KLRF1	1
M	GTAATCGCAATGTAAG-1	EBF1	2
M	GACTAACGTCACCCGA-1	ZBTB46	3
M	AAATGAGTCGGTACTA-1	NCR1	1
M	CTCGCTATCGCCCTTA-1	NKG7	2
M	TAGCACACATCCTCGT-1	KLRF1	1
M	GTCACTCAGCCCATTA-1	NCAM1	2
M	TACAGCAGTGTGAGGT-1	CD160	1
M	TTTGCGCTCGTAGCGC-1	EBF1	2
M	TTCGATTGTGCCGGTT-1	ITK	1
M	GCACCTTCACTGTTAG-1	GNLY	2
M	AGTGCCGAGTCGACCC-1	IRF8	3
M	GCAAAGGAGCAATGTA-1	VCAN	1
M	AGCGTATTCGCTTCAC-1	IRF8	1
M	AGCCTTCGTGTCGTGC-1	IRF8	1
M	GCTGAGCGTGCAAGCA-1	KLRD1	5
M	GGCGAAATCCCAGCGA-1	CD4	1
M	TTGTTCAGTGGCGCTT-1	CD3E	1
M	TCACCACCATGATCGT-1	NCAM1	10
M	GATTAGCGTTGCAGAG-1	NCAM1	2
M	TGCTCGTGTATGGGTG-1	NCAM1	1
M	AAACGAAAGCGGACAT-1	CD6	3
M	GAGCATTTCTAAACGC-1	SH2D1B	1
M	CGCAATACATTATGGC-1	LCK	1
M	ATCGAGTTCCTAAGTG-1	EBF1	3
M	TGACTCCGTAACCCAT-1	CSF1R	1
M	TACATGGAGCTAACAA-1	VCAN	1
M	TGATCAGTCGTGGGTC-1	KIR2DL4	1
M	TACGCAAGTCAGAGTG-1	SKAP1	4
M	TAGCTTTTCAGTCTTT-1	KLRF1	1
M	TTCAACTGTTCTACGA-1	VWF	2
M	GCTCCTAAGATATGAC-1	PRF1	1
M	GAGCATTCACGACGAA-1	EBF1	4
M	ATTACCTGTTGCCTGG-1	EBF1	1
M	ACGTGGCCAAGACTAA-1	ITK	14
M	ATCGAGTTCCTAAGTG-1	CSF1R	1
M	GGGTTATTCCACACCT-1	CSF1R	1
M	TAGTCCCCACAAGGGT-1	EOMES	4
M	ACGTTAGTCCATTGTT-1	MERTK	1
M	CGCTATCGTCATAGCT-1	MERTK	1
M	TCAGGTAAGCTGCCAC-1	MERTK	1
M	ACAAAGAAGGGTAGTC-1	CDH1	1
M	CAGCTGGGTCGCTAGC-1	CLEC9A	1
M	CCGTGAGCAAACAGTA-1	NCAM1	2
M	TTGAGCATCCTGACCT-1	CD6	2
M	ATCCAGATCCTTGACC-1	TXK	6
M	TTAGGTGGTCCGAGCT-1	KLRD1	3
M	ATGGATCGTGCTTTGA-1	MRC1	1
M	TGCATTTCATTACTCT-1	ITK	10
M	TACCTATGTATATGGA-1	IL7R	3
M	AAATGAGAGTGCTGAG-1	TXK	1
M	GTGTGATAGGCTTTAC-1	CDH1	1
M	GGGAACACAGTCCTGG-1	KLRF1	1
M	ACATGCAGTATTTGCG-1	CD3E	1
M	CTCCCAACACTGAAGG-1	NCAM1	1
M	AGTGTACGTCATCGTA-1	SPI1	1
M	ATAGGCTGTGCAACAG-1	MRC1	1
M	TGTGGCGCAAGGAACC-1	SH2D1B	5
M	TTACCGCGTGATGCGA-1	LCK	3
M	GAATCTGTCGAGTGTT-1	LCK	1
M	GGTACCGAGCCCATTA-1	ITK	1
M	CTCTACGTCAGTGGTT-1	PECAM1	1
M	CCCACATGTGCAAGAC-1	IRF8	2
M	GACCGACGTGGGTAGT-1	NCAM1	2
M	GGTTGCGAGGCCAATG-1	SH2D1B	4
M	AACCAACCATTAACGC-1	VCAN	1
M	TGAGTCACAGGATAGC-1	BANK1	13
M	TTCTGTAAGTTGCGCC-1	ZBTB46	1
M	TCTCAGCGTGGACGAT-1	SKAP1	1
M	GCAGCCAAGCTTACCA-1	KLRF1	1
M	GCTGTTCAGAGCTCCC-1	NCAM1	1
M	ACTACCCTCTGATCTT-1	NKG7	2
M	TCAAGCAGTACTTCAG-1	EBF1	1
M	TTGAGTGCACACTAGT-1	CSF1R	1
M	AACATCGGTCTGGGAA-1	NKG7	1
M	GCTTTCGTCACAGGGA-1	CD79A	1
M	TTCATCAAGAGCCACA-1	PECAM1	2
M	TAGTCCCCACACACCG-1	SKAP1	3
M	AGGACGATCCACGAGC-1	PRF1	5
M	GGAGTAGGTCATAGAA-1	VCAN	1
M	TGTGGCGCATTAGCCA-1	BANK1	2
M	CGGTGCACAAGTTCGT-1	TXK	1
M	GTAGTACGTCTCTGCT-1	MERTK	1
M	GACCCAGGTTGAATAG-1	CD79A	2
M	CATAACGCATATAGAG-1	SKAP1	3
M	GTGGATTAGGCGATTG-1	NCAM1	2
M	ACGTGGCAGACCATAA-1	PRF1	1
M	TTGCTATAGACACAAT-1	CD160	2
M	TAGGAGGCAGTATCTG-1	PAX5	2
M	GGCGAAATCCCAGCGA-1	CSF1R	1
M	GAGCATTTCCTGTGGG-1	VWF	1
M	ATCCAGAGTTTCGTTT-1	FCN1	1
M	GTGCCAGTCGACTGGC-1	PAX5	1
M	TCAAAGCGTGCCCAGT-1	EBF1	3
M	GCCCAGACAAACTACC-1	ITK	13
M	CAACGGCCAACGTCGC-1	ITK	2
M	CCGTGAGGTCAGGCTC-1	NCR1	1
M	CAAAGCTCACGCCGAT-1	PECAM1	1
M	AACAAAGAGAGCCACA-1	COL1A1	2
M	GATCGTAAGAACCCGA-1	CD3E	2
M	CTGCTCACACCAAGGA-1	CD6	1
M	CACATGATCGTAGCGC-1	EOMES	2
M	CGATGATTCGATGTAC-1	COL1A1	1
M	TTAGCGACACGATTAC-1	KLRF1	1
M	AGCGATTCAGGGCTTC-1	KLRF1	1
M	CTGGGACCACTGTTAG-1	KLRF1	1
M	TACTAGGTCTTACTCA-1	NCAM1	2
M	CACAGATGTCAACAGG-1	SH2D1B	2
M	GGTGTCGCACAAACAA-1	SH2D1B	1
M	CAACGGCAGTGAACCG-1	GNLY	1
M	TTACTTGAGGATATCA-1	IRF8	3
M	TCGAGCGCAGCAACCC-1	KLRD1	1
M	GGTGCTGTCAATTGGC-1	LCK	2
M	TGGTCCTAGTGAGCAC-1	EBF1	1
M	ATGTACGTCTGGCGCA-1	EBF1	1
M	AGGCCTGAGTCAGGAC-1	ITK	5
M	CATGCCTGTTCAGTTG-1	VCAN	1
M	TTACCGCCACTAGGAG-1	TXK	1
M	GCAAAGGTCCAGTACA-1	GNLY	2
M	GCGTTGGAGCTATCGT-1	PECAM1	3
M	AGTGTACGTCATCGTA-1	COL1A1	2
M	TATTGCTCAGCTTACA-1	LCK	1
M	TGTAGCATCCGCTCTA-1	PAX5	1
M	CGCTGGATCACTCCCA-1	SFTPC	1
M	TCGAGCGTCGGATCGC-1	THEMIS	6
M	TAGCTTTTCGTCCCAT-1	THEMIS	2
M	AGCCTCTTCGGTTCCT-1	PECAM1	1
M	GTAATCGCAATGTAAG-1	FLT3	1
M	CAAGCTAAGGCAGTAC-1	KRT8	2
M	AGATTCGAGTGCACAG-1	CSF1R	1
M	CATTCCGGTACGGAGT-1	VCAN	1
M	AGCCAGCGTGCACATT-1	EOMES	3
M	CAACGTAGTCTGAGCC-1	EOMES	1
M	GTGCACGAGACGACTG-1	ZBTB46	1
M	TGATTTCTCCTCTCTT-1	CD28	1
M	GCCATAACATAGATAG-1	IRF8	2
M	CTGAATGAGGAATGGA-1	PRF1	1
M	TGCCTCAGTAATGCAA-1	SH2D1B	2
M	TCAGGGCGTGTACGCC-1	THEMIS	1
M	CCTTAATTCTAGCAAC-1	EBF1	3
M	TGGTCCTAGTGTCACT-1	BANK1	12
M	GTGCTGGAGCTACGTT-1	GNLY	1
M	GTGCTGGGTCATAGCT-1	SKAP1	1
M	CGAGTTAGTACTTCAG-1	KLRD1	10
M	AACAAAGTCGCCTTAC-1	KLRD1	1
M	AACGAGGAGTCTCGAT-1	KLRD1	1
M	CTGTATTAGATGCGAC-1	MS4A1	1
M	ACGTGGCCAAGGTCGA-1	THEMIS	1
M	CCCAGAGTCCCAGCGA-1	BANK1	2
M	TTACCGCAGGCAATTA-1	GNLY	1
M	GCCTACTGTCGTAGTT-1	NCAM1	2
M	CTCCCAATCACAGGGA-1	SH2D1B	1
M	CTTGTCGGTAGTATCC-1	BANK1	1
M	GTAATCGCAATGTAAG-1	BANK1	2
M	GTCACCTAGGTCTTGT-1	TXK	1
M	ACGTGGCCAAGGTCGA-1	TXK	1
M	AGCTGGCAGTATAGTG-1	MERTK	1
M	GATTAGCGTTGCAGAG-1	NKG7	1
M	GAGCATTTCCTGTGGG-1	SKAP1	1
M	GCGAGTCGTTTAAGGA-1	SPI1	1
M	CCTGGGATCGTCTTAT-1	MRC1	1
M	GTTATTCCAGGCAAGT-1	SH2D1B	1
M	GCAAAGGAGCAATGTA-1	IL7R	2
M	GTAGGAGGTCCGTGCA-1	BANK1	5
M	TGCATTTCACTTATGG-1	TXK	2
M	CCGTAGGCAAGGCTTT-1	KIR2DL4	1
M	CCCTCTCCACCACGAC-1	SKAP1	1
M	CCCAGAGTCCATCGAA-1	SKAP1	1
M	ATTGTCTGTCTAACCA-1	LUM	1
M	TTAGCGAGTCTGTTGA-1	KLRF1	3
M	ACTATTCCACCGATCG-1	CD160	1
M	ACAGACTGTTGCAGCC-1	PAX5	2
M	TTGTTCAGTGTCTACA-1	ITK	7
M	CCGTGAGGTCAGGCTC-1	ITK	9
M	GCCCAGAGTGGTAGAC-1	NKG7	2
M	AGCCTTCTCTCCTTAA-1	PECAM1	1
M	AACAAAGTCGAACACT-1	PRF1	1
M	AATGTCGCACTCAGCG-1	SH2D1B	1
M	AACCAACTCTTTGCAT-1	BANK1	1
M	CAAGAAACAGGGAGTT-1	SKAP1	1
M	CACAGATCATGATCGT-1	NCAM1	1
M	ATCCCTGTCGCTCTAC-1	THEMIS	1
M	GCACGGTAGGATGTAT-1	TXK	1
M	ATGTTTCCATGTGAGG-1	EOMES	1
M	CCTGGGAGTCATTGGT-1	ZBTB46	1
M	TAATCGGGTCTAACCA-1	CD28	1
M	GCCATAAAGCGCCTAC-1	KLRC1	2
M	TCGCCTAAGAATGCTA-1	PRF1	1
M	CAAGCTAGTGTCTCGG-1	EBF1	1
M	GGGCCATGTCTGTTGA-1	NKG7	1
M	AGCCCGAAGGTTCTCA-1	MRC1	1
M	TCTCAGCAGCTTCAAC-1	LCK	1
M	TCACAAGAGTAGCAAT-1	PAX5	1
M	TACATGGTCGCGCCAA-1	PAX5	1
M	TCGAGCGCAGCAACCC-1	EBF1	1
M	CGTACAAGTTGTATCG-1	ITK	8
M	GGGACCTAGTTGGAAT-1	TXK	2
M	CCCGTTAGTGCTGTGC-1	NCR1	1
M	TAGCGGCTCCCACGGA-1	ITK	2
M	GGAGAACAGACCATAA-1	TXK	5
M	TGCTTTATCTTCCGTG-1	GNLY	1
M	CTAGGGCTCGAACCGC-1	GNLY	1
M	CGCTGGACAACTACTG-1	IRF8	1
M	AGCTGATCATTACCTT-1	ITGAM	2
M	CGGTGCAAGAAGGGCG-1	DCN	1
M	TCACTCGAGTTCCCGG-1	KLRD1	2
M	GAGGATGTCTCATCCG-1	KLRF1	2
M	GGATAGGGTTCTTTGT-1	GNLY	1
M	CCCGTTACATTTAGGC-1	CD5	2
M	CTCTCAGAGAAACGCC-1	PAX5	1
M	GAGATTCAGTTGACAA-1	THEMIS	1
M	CAAGAAACAGGGAGTT-1	CD14	2
M	GCGGGTTGTTTGTGAC-1	IL7R	3
M	GCTGCGAGTCATAAGA-1	TXK	1
M	CCAGATACAATGGCTT-1	KLRF1	1
M	GCATGATCAATGGCAG-1	PRF1	2
M	GAGGATGTCTCATCCG-1	SH2D1B	3
M	ACAGAAATCTACTTTG-1	VCAN	1
M	TACTAGGCACTGCTTC-1	ZBTB46	1
M	AAAGGATTCACATTCT-1	CD8A	2
M	ACTGCGGCAGGCACAA-1	CD8A	1
M	TTTGGTTGTAGACACG-1	PECAM1	3
M	CTGTATTGTTCAGTTG-1	IRF8	1
M	GGGACCTAGAAATGGG-1	CD3G	1
M	CCCGTTATCGAGGTAG-1	CD3E	3
M	TAATTCCTCCCAATAG-1	NCAM1	1
M	GCGAGTCTCCAACAAC-1	EBF1	2
M	AACCAACCATTAACGC-1	ITK	2
M	GAAGTGGGTCCACCAG-1	ITK	1
M	AAATGAGCATCCTGGG-1	TXK	8
M	GAAATGAAGACACGGT-1	SKAP1	1
M	CACAACACAACGTAGG-1	FLT3	1
M	GCTCCTATCGTCGCAG-1	CD3D	3
M	AACATCGTCCGGGCAT-1	IL7R	2
M	CACCACTGTTAGAGAT-1	BANK1	2
M	GCCTACTGTCGTAGTT-1	TXK	2
M	AGCGTGCTCGGCTATA-1	EOMES	2
M	TAGACTGCATCATAGC-1	MERTK	2
M	TAGGAGGCAGTATCTG-1	NKG7	1
M	ATGTACGTCCTAGAGT-1	SKAP1	6
M	AGGCCCACAGGATAGC-1	NCAM1	1
M	CCTGGGATCGTCTTAT-1	PRF1	2
M	CAGCCTTAGGCACTAG-1	LCK	2
M	TCCATCGGTAGCAGGT-1	EBF1	1
M	CACATGATCAAGGCAG-1	SKAP1	1
M	GGATAGGGTTCTTTGT-1	VWF	1
M	TTACGGAAGCTCCATA-1	CD160	1
M	CCGTAGGCAAGGCTTT-1	BANK1	3
M	GGCATTACAACGCACC-1	TXK	1
M	GGCGTTGAGAGCCACA-1	PECAM1	4
M	ACTGTCCTCCTCATTA-1	IRF8	1
M	CACTAAGCATCCGTAA-1	KRT18	1
M	ACAAAGATCCAGCACG-1	KLRD1	5
M	GTTGGGCCAACTCGTA-1	VWF	1
M	ATGTACGCAATGGCTT-1	BANK1	2
M	GGGACCTCACAGAAGC-1	TXK	1
M	ACTTTCATCTCCAACC-1	TXK	3
M	TAGGAGGCAGTATCTG-1	ZBTB46	2
M	AAGGAGCCACGATTAC-1	EPCAM	1
M	GGGACCTAGAAATGGG-1	KIR2DL4	1
M	GTAGGAGGTCCGTGCA-1	NKG7	2
M	ACGGATTTCGATAGGG-1	NCAM1	4
M	ACAGAAACAACTCAAC-1	CD6	1
M	CCCTAACCAACTCGTA-1	MRC1	1
M	CGGACTGTCGCGCCAA-1	BANK1	3
M	GACTAACGTCACCCGA-1	PECAM1	2
M	GAGGCTCGTTCTGAAC-1	CD6	1
M	GGAGGATGTCCCGAGT-1	LCK	5
M	CATAACGCAACGAGGT-1	PAX5	3
M	CTACTTAAGGGACGTT-1	NKG7	2
M	AGATTCGAGTGCACAG-1	PECAM1	1
M	AACCAACTCGATGTAC-1	CD68	1
M	TGTACAGCACCACGAC-1	CDH1	2
M	AGTGTACTCTTAACGG-1	CD4	1
M	ACCTGCTTCACTAGGT-1	VWF	1
M	TTGCCCACATAGCCGC-1	ITK	2
M	TAGCTTTCACCGTTGG-1	BANK1	5
M	TCCCACATCGCCTTAC-1	PECAM1	1
M	CAACGGCAGTGAACCG-1	KLRD1	1
M	CAGTGTATCAAGAGAT-1	CD4	1
M	CGCTGGATCACTCCCA-1	NCAM1	2
M	TTGTTCAGTTCCGCGA-1	EBF1	3
M	TAACAGCAGGGTCCCT-1	CD28	5
M	TAAGTGCCACAGTTAC-1	CD79A	3
M	GACCCAGGTTGAATAG-1	CD3E	1
M	TAAACCGGTGCGTAGA-1	PRF1	1
M	CTTGCTGGTGTTGGTT-1	LCK	1
M	TTACTTGTCCCAGCGA-1	PAX5	1
M	TGATTTCAGGAGTACC-1	PAX5	1
M	CAACCAATCGAGGTCC-1	BANK1	2
M	GCCCAGACAAACTACC-1	CD8A	1
M	GTAGACTCAATTGTGC-1	ITGAM	1
M	TATTGCTCAGCTTACA-1	VWF	2
M	GCACGCATCCTGACCT-1	EOMES	2
M	GTTACTTTCTTAACGG-1	KRT8	1
M	CGTAAACTCGCATAAC-1	CLEC9A	1
M	CAGTATGAGCGTATCT-1	ITK	2
M	GTCACAAAGGATGTAT-1	BANK1	3
M	CTTGAAGGTAGCATGG-1	BANK1	1
M	GGTTGCGTCATTCATC-1	EOMES	1
M	GACCTTCTCACATTCT-1	EOMES	2
M	TTGTTCATCGTATAGC-1	KIR2DL4	1
M	AGATTCGAGTGCACAG-1	KLRF1	1
M	AGGACGACAGCGCGTT-1	SPI1	1
M	TCACTCGGTGCGCATC-1	PRF1	2
M	ACCCAAATCTTGTGCC-1	PAX5	3
M	TCACCTGAGGTCTTTG-1	ZBTB46	2
M	TCTAGTTTCAAGAGGC-1	CD28	2
M	GTAGTACCATGGCCTG-1	NCAM1	2
M	CATTCCGCAACGTACT-1	CD5	2
M	GTCACAAAGGATGTAT-1	CSF1R	1
M	TTACCGCCACTAGGAG-1	NCR1	1
M	CCCGTTACAACAACTC-1	SKAP1	4
M	GTGCACGGTAACTCCA-1	CD160	2
M	ACTAGGTTCCATAACG-1	ITK	1
M	CTTGCCATCGCGTGAC-1	CD14	1
M	TCAGGGCTCTGGTACA-1	IL7R	9
M	CTGTTCGAGTAATCAG-1	EOMES	1
M	GCCTAGGTCCATGACA-1	PECAM1	2
M	TCGAGCGCATGCGCTG-1	PECAM1	1
M	TCGGGACCAATGGTAA-1	FLT3	8
M	TAGACTGAGAACCATA-1	FLT3	1
M	GGTGCTGTCAATTGGC-1	KRT8	1
M	CAGTGCGAGATTGACA-1	KRT8	1
M	GGAGGATTCTAGCAAC-1	CD6	2
M	AGCCCGAAGGTTCTCA-1	PRF1	4
M	CTACTTACAAGTCTCA-1	ITK	1
M	TTATGTCCATTACCTT-1	BANK1	7
M	GCTTAAGGTTACACTG-1	KIR2DL4	2
M	CTCTCAGAGAAACGCC-1	IRF8	3
M	GAAACAAGTTCTTATC-1	ITGAM	1
M	AGCCTGGGTTGAAGCG-1	KLRD1	3
M	TGGCGCACACCCATCT-1	LCK	4
M	TTCATTGTCGGTTGTA-1	ITK	15
M	CACATGAAGGTAGGAA-1	EPCAM	1
M	TAGCACATCAACTTGG-1	KLRD1	13
M	CGGTGCAGTAACCGAG-1	KLRD1	3
M	GTTACGAGTGCGTCCA-1	KLRF1	1
M	ACGTGGCCAAGGTCGA-1	NCAM1	5
M	CTCAGAACAGCAACAG-1	CD6	1
M	TGCTCACAGAATGCTA-1	SH2D1B	1
M	CTTAATCCACAGAAGC-1	CD8A	1
M	GTCACGGCATTCACCC-1	NCR1	1
M	CCACGTTTCCATGTTT-1	NCR1	1
M	GCCATAAAGCGCCTAC-1	CD79B	1
M	GACTAACTCTTAGTGG-1	SKAP1	1
M	TTCATCACACACACCG-1	SKAP1	2
M	ATAGTCGTCCGTACGG-1	IRF8	1
M	TAATTCCGTCACTCTC-1	KRT8	2
M	CAATCCCAGGTTTCTG-1	NCAM1	2
M	GTTACTTTCTTAACGG-1	SH2D1B	3
M	CTCAGAAAGTGCAACG-1	EBF1	1
M	AGCCTTCAGGTTACAA-1	VCAN	1
M	AAGGAGCAGATCACCT-1	IL7R	5
M	TACCTATAGACAGCTG-1	ZBTB46	3
M	AGCCAGCAGCTTACCA-1	ITGAM	1
M	ACTACCCCAAGTAACA-1	KLRD1	3
M	GCATGATCAATGGCAG-1	CD3E	1
M	TGCATGAGTCTGCGCA-1	PECAM1	2
M	GGAGGATTCTTGCGCT-1	KLRF1	6
M	CACTAAGCATCCGTAA-1	CD5	5
M	GAAGTCTCAGTAACGG-1	MS4A1	3
M	AATGCCATCTGCCGAG-1	CD160	1
M	CGGTGCACAGCGTCGT-1	IRF8	1
M	CGTACAACATCCGTAA-1	CD6	1
M	TTCAACTCAAGCGAAC-1	MRC1	2
M	CACAGATCATGATCGT-1	BANK1	1
M	GGGACCTGTATTCTTC-1	EOMES	1
M	AGCCTCTAGAGGTACC-1	CD8A	1
M	AGCGATTAGCCTGTAT-1	KLRF1	1
M	GTCGTAAGTGCTGAAG-1	CD6	1
M	CCGAAGCAGACCCTAT-1	PRF1	2
M	CCACAGGCAGATTAAG-1	PAX5	1
M	GGTGCTGGTATGGTTC-1	ITK	2
M	TTGTCTATCTCCACTG-1	CSF1R	1
M	GCCAGCATCAAACCCA-1	CD28	1
M	ACCGCAGGTCTGGGCT-1	PECAM1	1
M	ACATGGTAGTCAGCCC-1	FLT3	1
M	TAGTCCCCACAGTAGG-1	KRT8	2
M	GCGAGAACATAGCCGC-1	PRF1	2
M	TGCTTTATCTTCCGTG-1	LCK	1
M	CCTTAATGTTGAAGCG-1	EBF1	1
M	GAAAGTAGTAAACGGC-1	BANK1	5
M	CGCACAGCACTTGCGG-1	COL1A1	2
M	CTTTGCGGTCATAGAA-1	CDH1	1
M	TTACCCGCACTAGGAG-1	MERTK	1
M	GGGTTATTCCACACCT-1	VWF	1
M	TAGCACAGTCGCGCTA-1	VWF	1
M	ACTTCCGCACAGCTTA-1	CD3D	1
M	TGTTAGGGTCTGGTCG-1	NCAM1	3
M	GGTTGCGTCATTCATC-1	CD160	1
M	AGCCTCTTCGGTTCCT-1	LCK	1
M	TTCAACTCAAGCGAAC-1	EBF1	2
M	GAGGATGCAGGCAAGT-1	BANK1	3
M	TTGTTCATCGTATAGC-1	ZBTB46	4
M	GCAACCGTCCTCCCAA-1	DCN	1
M	TAGCACATCAACTTGG-1	PAX5	1
M	CGCTATCGTCATCGTA-1	TXK	7
M	GCCAGCATCCCGCAAG-1	PECAM1	2
M	CGTAAACTCGCATAAC-1	PAX5	3
M	GCCATAACAGCGTCGT-1	PAX5	2
M	TTGAGTGCACACTAGT-1	ITK	5
M	GCATTCCCACGGCCAT-1	ITK	1
M	GGGACCTAGAGCACTG-1	BANK1	3
M	TGTACAGCACCGAATT-1	TXK	1
M	TAAGCCAGTGATGCGA-1	NCR1	1
M	GGATGAGGTGCCCGAT-1	CD79A	1
M	CTGCTCAAGGCCTAAG-1	CD79A	1
M	GTGTCAATCTCTTCTC-1	SKAP1	3
M	GTAGTACGTTTAGAAG-1	SKAP1	1
M	TACATTCAGTAACACA-1	CD3G	1
M	TAATTCCCACAAGTGG-1	CD14	1
M	CTTTGCGGTCATAGAA-1	TXK	1
M	TGATTTCAGGAGTACC-1	PECAM1	5
M	AGCTGGCTCGTCTTAT-1	SKAP1	3
M	TTCTAACTCCCATAGA-1	VWF	2
M	CAGTGCGTCACTTACT-1	THEMIS	1
M	CAACGTACAGAGTCGA-1	TXK	2
M	TGATGCATCAAACCCA-1	CD8A	1
M	TGACAACAGTGTCCCG-1	SKAP1	1
M	CAGTGTATCAAGAGAT-1	CD3G	1
M	GTGTCCTGTCTGGGCT-1	CD3E	1
M	AATGTCGTCAGCCGAC-1	NCAM1	2
M	TAGGAGGCAGTATCTG-1	THEMIS	1
M	TGTGACAAGGTACACG-1	CSF1R	2
M	GTGTCAATCCGGCTGA-1	SKAP1	5
M	ACATGGTAGCTCGGCT-1	SKAP1	5
M	TGCTATTAGTGCTGAG-1	KLRD1	3
M	AATGTCGTCGCTTACC-1	CD3G	1
M	GAACTTGGTAGCAGCA-1	PRF1	5
M	CAAGAAACAGGGAGTT-1	CD160	3
M	GGTGCTGGTATGGTTC-1	CSF1R	1
M	TTAGGTGGTCCGAGCT-1	VCAN	1
M	TCTATTGGTGGACAGT-1	CD79B	2
M	GTGCTGGAGATCACCT-1	IRF8	1
M	TGCCTGTTCGGTCTCT-1	KLRD1	4
M	TTGCTATCACGCTGTG-1	VWF	1
M	ACCGGGTGTCAAGACG-1	VCAN	1
M	GCTCAGGAGCCATCAT-1	BANK1	2
M	TAATTCCTCCCAATAG-1	EOMES	3
M	CGGTGCATCGCTTACC-1	GNLY	1
M	CCTGGGATCGTCTTAT-1	GNLY	1
M	AACTGGTAGCCTATAC-1	CD79A	1
M	TTAGGTGTCGCGATGC-1	CLEC9A	1
M	TCAAGCATCAGCACTA-1	PRF1	1
M	TTTGTGTCACACATGT-1	PAX5	4
M	GCCAGACGTAGGTAAT-1	ITK	3
M	AACAAAGAGCGCCTAC-1	ITK	4
M	AGTGTACGTCATCGTA-1	EPCAM	3
M	CGCAGGTGTCAATACC-1	CD79A	1
M	GCTGCGAAGACAGTGC-1	CD4	2
M	CGTAAACTCTCTTCTC-1	THEMIS	1
M	TAACAGCGTGTAGGAC-1	CD28	7
M	CCTTGGTTCAGTGGTT-1	PECAM1	3
M	CGATGATTCCTCAAGA-1	CDH1	1
M	GCTGAGCGTTTGCCAA-1	NCAM1	3
M	ATCCTCGTCCGTTAGA-1	PRF1	3
M	GTAGGAGGTATCAGCT-1	SH2D1B	1
M	AACATCGAGGAAGAAC-1	THEMIS	1
M	ACTATTCAGTCCCGCA-1	TXK	2
M	CATAACGGTGAGTTGG-1	EOMES	2
M	AGCTGTACAAGCTTTG-1	MARCO	6
M	AGTTACGAGTCCTTCC-1	NCR1	2
M	AGACAAAAGAACCCGA-1	PECAM1	1
M	AAAGGGCCAAGACACG-1	CD79B	1
M	GTAGGAGGTCACTCTC-1	COL1A1	1
M	GCGTTGGAGCTATCGT-1	KLRD1	10
M	ACTAACGCACCCTTAC-1	KLRD1	1
M	TTAGCGACACGATTAC-1	VWF	1
M	CACATGATCAAGGCAG-1	CD6	2
M	GCCTACTCAGATACAA-1	SH2D1B	3
M	GGTGAAGTCGCAAGCC-1	EBF1	1
M	GCATGATAGACGAAAG-1	VCAN	1
M	CTTTGCGAGTCCGATT-1	CDH1	1
M	GCGTTGGAGCTATCGT-1	KLRC1	1
M	TTAGGTGTCGCGATGC-1	CD6	1
M	ACATGCAGTCTGTGTA-1	PRF1	2
M	TCACCACGTGGAAGCT-1	MRC1	5
M	ATTACCTCAGAACTTC-1	MRC1	3
M	TGAATCGGTGAATGTA-1	EBF1	1
M	TGCACCTAGACTCTTG-1	KIR2DL4	6
M	GACTAACGTCACCCGA-1	NKG7	1
M	TAGCCCTTCGGATAGG-1	KLRC1	1
M	GCCCAGATCACAACAC-1	NCAM1	6
M	CAGTGTACATTGAACC-1	THEMIS	1
M	GGATGAGCAGTAACGG-1	THEMIS	2
M	CTCTCAGCATCGGCTG-1	ITK	2
M	TGGCAATGTAGGGTCA-1	ITK	4
M	GACCAATTCCACCTAC-1	CSF1R	1
M	GTAGTACGTCAGCAAG-1	BANK1	1
M	TCACCACTCCCGTAGG-1	MERTK	1
M	TAAGTGCCACAGTTAC-1	GNLY	2
M	GGGTTATCAATTCTCT-1	NKG7	1
M	GAGACTTGTGTTAGAA-1	PECAM1	1
M	GCAGATTCAGTCCTGG-1	SKAP1	1
M	GTTGGGCCAACTCGTA-1	KRT18	1
M	AGGCGTCTCGATTACG-1	KLRD1	3
M	CTCAACCGTCTGGTTA-1	CD6	1
M	GGATGAGAGGTACATA-1	IL7R	1
M	TGCTTCGGTCTCTAAG-1	PECAM1	1
M	GTTATTCAGCTCGTTA-1	KLRD1	16
M	CATTCATGTATGGATA-1	PRF1	1
M	GCCCGAACATTGTGAC-1	LCK	1
M	GGAACTTCAGATTAAG-1	ITK	4
M	GTACTTTTCGTCTTAT-1	TXK	2
M	GGATGAGCAAGTGGCA-1	ITGAM	2
M	AATGGCTTCGGGTCCA-1	KLRF1	3
M	TTACCGCCACTAGGAG-1	EBF1	1
M	ACAAAGATCCAGCACG-1	ITK	3
M	CTTAATCCAACGCAAG-1	CDH1	1
M	CTCAACCCACAGGAAC-1	ITGAM	2
M	GAGAACGAGTGAACCG-1	KLRD1	4
M	GAAAGTAGTAAACGGC-1	CD6	4
M	TTGCTTAGTGCGACCT-1	MRC1	1
M	GGCATTATCCAGTACA-1	ITK	1
M	CACAGATGTACCCACG-1	ITK	1
M	GTAGGAGGTCCGTGCA-1	MERTK	1
M	GATCGTAGTCTTAGCA-1	MERTK	2
M	ATCCAGACAATAGCGG-1	CD8A	1
M	TTCATTGTCGGTTGTA-1	GNLY	2
M	GCTCAGGAGTTCCAGT-1	KRT18	1
M	TTAGGTGAGGACTTTC-1	NCAM1	1
M	AGCTATGCACGTGAAG-1	PRF1	1
M	CTTGCTGTCTGTGTGA-1	PAX5	2
M	GAACTTGGTCACATTG-1	THEMIS	1
M	GCGATTATCAATTGGC-1	ITK	4
M	TGGCAATGTAGGGTCA-1	CSF1R	5
M	AGCTGGCGTAGCATGG-1	VCAN	1
M	GCGTTGGTCCGTTTCG-1	TXK	2
M	TAGCATGGTTACTTTC-1	GNLY	1
M	ACCTGCTTCTCTGACC-1	GNLY	1
M	GAGATTCCAACGTAGG-1	EPCAM	1
M	GGTGTCGAGGGTTCTT-1	NKG7	1
M	GGTTGCGTCATTCATC-1	PECAM1	2
M	ACAAGCTTCCTGAAAC-1	KRT18	1
M	TGTAGCATCCGCTCTA-1	KLRD1	4
M	CGCTGGAAGATGAGGA-1	CD4	2
M	GTGACATGTTTGCATG-1	CD6	1
M	TCGATTTTCTGACATG-1	SH2D1B	1
M	GCGGGTTTCGGATCGC-1	THEMIS	1
M	GTCACAAAGTAGGTCG-1	EOMES	1
M	TATCTGTTCTGGGCGT-1	NKG7	2
M	TGGCAATTCGTCTAGA-1	COL1A1	1
M	TTTGCGCCAAGACTAA-1	ITGAM	1
M	CTTCTAATCCCAATAG-1	VWF	6
M	CTGTATTAGATGCGAC-1	MRC1	5
M	GGAATCTAGTCTGTGT-1	CD160	2
M	GTGGATTAGGCGATTG-1	PAX5	1
M	GTGATCAAGGAAGGTA-1	THEMIS	1
M	TGTGGCGCAGTCCTGG-1	CSF1R	2
M	TGGCAATCATACTGCA-1	EOMES	1
M	AGCGATTAGCCTGTAT-1	ZBTB46	1
M	TGGTCAAAGTTGGAAT-1	CD8A	1
M	GCTTAAGGTTGGAGGT-1	SKAP1	1
M	ACGTGGCCACTGGGCT-1	SKAP1	2
M	CGCAATAAGTGCCCTG-1	SKAP1	1
M	AGCGTATCACTAGCCG-1	KLRF1	1
M	TGCCTGTAGGTCTTTG-1	KLRF1	1
M	CAACGGCCAACAACTC-1	CD3D	1
M	ACCAAACTCAGGGTTT-1	EBF1	2
M	CATTCATAGTGGTGTG-1	ITK	5
M	TTCAACTCAGGTAGCA-1	ITK	1
M	CAACCAAGTCAGAAGC-1	EOMES	1
M	ATTTGTCAGCGTTAGG-1	SKAP1	5
M	GCCATAAAGCGCCTAC-1	CD160	2
M	TTAGGTGTCGCAAGCC-1	BANK1	4
M	CATGTTTTCAGGAATA-1	PECAM1	3
M	GCTCGAGAGCCGCAAA-1	SKAP1	1
M	GCAGATTAGCTCGGCT-1	IRF8	4
M	CTCACCATCCACTAGA-1	CDH1	1
M	TCAGCTCTCTTACTCA-1	VWF	2
M	TGATCAGTCGTGGGTC-1	NCAM1	1
M	CACAACACATCGACCG-1	BANK1	13
M	CTTTGCGGTCATAGAA-1	BANK1	2
M	TTTGTGTGTTCCATCC-1	CD79A	2
M	TGGGTTAGTACGACCC-1	CD79A	1
M	AGCTGGCTCGTCTTAT-1	CDH1	2
M	TGCCTGTAGGCTTCGC-1	ITK	1
M	GGTTGCGTCTCTTAAC-1	CSF1R	1
M	GTGATCACAGTAGTTC-1	CD8A	1
M	CGCTATCGTCATAGCT-1	GNLY	2
M	CAGGATTAGATTCCGT-1	GNLY	1
M	AGCCCGATCCTGGAAT-1	CDH1	1
M	GCTTGCTTCAGAGTGG-1	KLRD1	6
M	CAAGAAACAGATTAAG-1	CD6	1
M	AAGATAGAGATATGTG-1	IL7R	1
M	GGAGAACTCACTCCCA-1	ZBTB46	2
M	GCGCCAACACGCGCAT-1	NKG7	1
M	CCCTCTCGTTGGTAAA-1	FLT3	1
M	GTGTCCTTCGAACACT-1	VWF	16
M	AGCCTCTAGGAAGAAC-1	NCAM1	1
M	TAAGCCACAAGGTTCT-1	MS4A1	2
M	GTACTTTTCGTCTTAT-1	ITK	2
M	TAGCATGCATTAGCCA-1	IRF8	3
M	GCACGGTAGGATGTAT-1	VWF	2
M	TAGCGGCAGGGTTCTT-1	NCAM1	1
M	GCGTAGCTCACGTGTA-1	CD6	6
M	TAGCCGGAGTGTCACT-1	ITK	3
M	CGCACAGCACTTGCGG-1	VCAN	2
M	AATACGCGTCTCGGGT-1	VCAN	1
M	AGCCTTCGTAAACGTA-1	SKAP1	2
M	GAGGCTCGTTCTGAAC-1	SKAP1	4
M	AACGAGGAGTCTCGAT-1	KLRC1	1
M	AGCCAGCAGTAGAAGG-1	CD4	1
M	TGCTTTAGTCCAAGAG-1	CD3G	3
M	GTGGATTGTTCCCTTG-1	CD3E	1
M	CTGTTCGAGTAATCAG-1	MRC1	2
M	GTAGTACGTCTCTGCT-1	LCK	3
M	GACCAATTCCACCTAC-1	THEMIS	1
M	TCAGGTATCTATTTCG-1	ITK	1
M	GGGTGTCTCGCACAAT-1	BANK1	1
M	GAGACTTCACATTGCA-1	BANK1	2
M	GGTGCTGCAAGGGTAC-1	GNLY	2
M	TCAATTCTCTTTATCG-1	CD6	1
M	TGGCAATAGATTAGAC-1	MRC1	5
M	CTCTCAGAGCAGAATT-1	THEMIS	1
M	GCTCAGGAGTTCCAGT-1	ZBTB46	1
M	TCAATTCAGTGCACAG-1	CD8A	2
M	CCTTAATAGGTTAGTA-1	CD8A	1
M	ACATGCAAGACTCTTG-1	GNLY	1
M	TCAAAGCGTATTTGCG-1	PECAM1	3
M	CTGTATTAGATGCGAC-1	IRF8	1
M	CTACTTAGTACGAGAC-1	LCK	2
M	TTCATCATCACAAGCT-1	CD14	1
M	CTTAATCAGAAATGGG-1	BANK1	5
M	ACTACGAGTAGTATCC-1	PECAM1	4
M	GATTAGCCAAACCCTA-1	SKAP1	1
M	TTGTTCAGTGTCTACA-1	SKAP1	1
M	TGCTCGTGTTGGTAAA-1	IRF8	1
M	TCAGGTATCACCCTTG-1	NCAM1	5
M	CTTGCTGGTATCTAGC-1	MRC1	2
M	CGAGTTATCAGCACTA-1	THEMIS	1
M	CTTTGCGCAACAACTC-1	ITK	2
M	AACGAGGAGTCTCGAT-1	EOMES	5
M	CCGTGAGGTCAGGCTC-1	MERTK	1
M	ACGTGGCCAAGACTAA-1	CD8A	1
M	CCATACCGTGATTCCA-1	CD79A	1
M	GCCAGACAGGTCTTGT-1	CD160	2
M	AGCTGTAGTTATGCAC-1	PAX5	1
M	TAGGAGGTCATTCATC-1	PAX5	1
M	TTGAGCATCCTGACCT-1	ITK	1
M	GCGTTGGTCCGTTTCG-1	CSF1R	1
M	ACAAGCTTCCGTTAGA-1	MERTK	1
M	TTGTTCAGTCCTTCAC-1	KIR2DL4	1
M	ACATGGTTCCAGGTCG-1	PECAM1	2
M	GTAGTACGTTTAGAAG-1	ITGAM	1
M	AGGCGTCGTTAAGTCC-1	KRT8	1
M	CGCGCAACACAATAAG-1	KLRD1	2
M	TTAACGGCAGTTACAC-1	CD3E	1
M	CTTGCTGTCTGTGTGA-1	NCAM1	2
M	GCACGGTAGGATGTAT-1	PAX5	1
M	TGCATGACACCTGAAT-1	ITK	1
M	GTCACGGCATTCACCC-1	EOMES	3
M	TAGACTGAGCAATGTA-1	KLRF1	1
M	TTTGGTTGTGCTGTCG-1	NCAM1	1
M	GCTCAGGGTAACTGAA-1	ITK	1
M	TTGCTATCACGCTGTG-1	CSF1R	1
M	TCTCTGGAGTCGCCTG-1	CD14	1
M	ACCGAATTCGACTATG-1	BANK1	1
M	GGGACCTGTATTCTTC-1	TXK	4
M	CGTACAAGTTGTATCG-1	ZBTB46	3
M	ACATGGTCAACACGGA-1	LYZ	1
M	GAGATTCAGTTGACAA-1	CD4	1
M	CAGGATTAGCTATCGT-1	NCAM1	2
M	GTAGTACGTCTCTGCT-1	ITK	3
M	TTGTTCATCGTATAGC-1	CD28	1
M	CTTGCCAGTGTCTACA-1	IRF8	2
M	CGTTCCAGTTATCGAC-1	IRF8	1
M	CACCACTGTTAGAGAT-1	KLRD1	2
M	AGTGTACTCTTAACGG-1	CLEC9A	2
M	TGGCGCACACCCATCT-1	PRF1	2
M	TTCTAACAGGAGTACC-1	CD160	1
M	TTTGTGTGTTTGTCTT-1	CD14	1
M	TAGACTGCACTTTGGA-1	IL7R	1
M	AAGATAGAGCCAGAAC-1	IL7R	1
M	TTACCCGTCAGAACGG-1	IL7R	3
M	AACATCGAGTACGCGA-1	TXK	4
M	CAAAGCTAGTTCAGGG-1	ZBTB46	3
M	GACCCAGGTACGTATC-1	CD8A	1
M	GTCACTCAGTCTTAGC-1	EPCAM	1
M	ACCGGGTGTCAAGACG-1	PECAM1	1
M	ACGTGGCCAAGACTAA-1	CD68	1
M	CTTTGCGGTATCACAC-1	NCAM1	3
M	CAGTGCGTCTTTCGAT-1	PRF1	3
M	TGAATCGAGAGCGGTT-1	MRC1	2
M	CCCTAGTTCTACATCT-1	FCN1	1
M	AGCCGCACAACAACTC-1	BANK1	2
M	CAACGTACAGAGTCGA-1	CD8A	1
M	AAAGATGTCCAGTACA-1	PECAM1	5
M	GCACCTTCACTGTTAG-1	KRT8	1
M	TGATTTCTCGTGAGTT-1	KLRD1	1
M	TGAATCGCATTACACG-1	NCAM1	7
M	AACGTACTCTTCTTCC-1	NCAM1	2
M	ATGTCTTCATTGCCTC-1	THEMIS	2
M	GAACGTTTCTCCTTAA-1	BANK1	2
M	TAGTCCCCACAGTAGG-1	CD5	1
M	TTCATTGGTTTCTCTA-1	BANK1	4
M	TCACCACCATGATCGT-1	CD8A	1
M	GATTAGCCAATTCAGC-1	NCR1	3
M	CGCTATCCAACATAAG-1	PECAM1	4
M	CCTTGCACAGGTCCTG-1	SKAP1	2
M	GTAGGAGCAAGCAACG-1	FLT3	1
M	ACCCAAAAGCGGACAT-1	VWF	1
M	TGGTCCTAGTGAGCAC-1	SH2D1B	2
M	CCCGTTAGTGCTGTGC-1	ITK	4
M	GTAGGAGGTCCGTGCA-1	CD8A	2
M	CCCGTTATCGAGGTAG-1	PECAM1	1
M	GGGTCTGCACTCAAGT-1	IRF8	2
M	AGCCCGAGTAGTCTGT-1	KRT8	1
M	ACTACCCCAAGTAACA-1	CLEC9A	2
M	AGCGATTAGCCTGTAT-1	CD5	2
M	AAAGGATAGACACGGT-1	CD6	1
M	TCACCTGAGTTCCCGG-1	THEMIS	1
M	GTCACGGTCTCCACTG-1	IL7R	1
M	CAAGGCCTCTATTGTC-1	TXK	1
M	GGTGTCGCACAAACAA-1	EPCAM	1
M	GTCACAATCTTTCGAT-1	CD79A	2
M	TTAGGTGGTCCGAGCT-1	PECAM1	1
M	GCTTTCGTCACAGGGA-1	SKAP1	2
M	GCCCAGAGTCCCTAAA-1	SKAP1	5
M	TATCGAGTCCCGGGTA-1	ITGAM	1
M	TGCATGACACCTGAAT-1	KLRF1	1
M	GCCATAAAGCGCCTAC-1	NCAM1	1
M	TCAGGTAAGCTGCCAC-1	CD6	1
M	TGACTCCAGGAAGGTA-1	SPI1	1
M	ATTGTGGCATCCATAG-1	SFTPC	1
M	GGAATCTAGAACAGGA-1	CSF1R	1
M	TCTATTGTCTCTCAAT-1	BANK1	1
M	ACCCAAAAGCGGACAT-1	EPCAM	1
M	TCGGGACCAATGGTAA-1	NCAM1	4
M	AGTCCGGCACAAGTGG-1	CD6	1
M	AGATTCGTCGTTTGAG-1	SFTPC	1
M	AGCGTGCAGTGTCACT-1	ITK	1
M	CCTTGGTGTTCTGATG-1	EOMES	1
M	CATGCCTAGGGAGTTC-1	CD79A	2
M	GAGGCTCGTTCTGAAC-1	MS4A1	1
M	CGCTGGAAGGCGTCCT-1	SFTPC	1
M	TCGTTCGCAGTTACAC-1	THEMIS	2
M	TCGAGCGCAACTCCCT-1	THEMIS	4
M	CCTAAAGCATCGTACA-1	EBF1	14
M	AACTGTGAGCATTGGG-1	TXK	1
M	CCGTAGGCAAGGCTTT-1	IRF8	1
M	TGCTCACCAGAACGAC-1	SPI1	1
M	CCTGCTACAAGCAATA-1	CD160	2
M	GCCTAGGTCTGGCACG-1	CD28	2
M	ACTTCCGTCGTGCTTC-1	CD160	1
M	AGCCTCTAGAGGTACC-1	THEMIS	2
M	AATGTCGCACTCAGCG-1	EBF1	4
M	ACTTTCATCTCCAACC-1	CD8A	1
M	GGAGGATGTCCCGAGT-1	GNLY	4
M	GCCAGACTCACTAGGT-1	SKAP1	3
M	ATTTGTCAGTTGTCCA-1	KLRF1	1
M	TCTCTGGTCTGAACGT-1	VWF	1
M	AGCCTCTAGGAAGAAC-1	MRC1	1
M	TGTGGCGCACATTCTT-1	VCAN	1
M	GTGGATTGTTCCCTTG-1	TXK	5
M	AGATAGATCCCTATTA-1	EOMES	1
M	GCCTACTGTCGTAGTT-1	NCR1	6
M	GTCACCTAGAAATTCG-1	NCR1	2
M	TAACGGTCAGCAACAG-1	SKAP1	1
M	GACCCAGGTGCACATT-1	MRC1	3
M	CCATACCGTGATTCCA-1	LCK	1
M	TATCTGTTCTGGGCGT-1	ITK	3
M	TCAATTCAGTGCACAG-1	BANK1	1
M	CTGTATTGTTCAGTTG-1	BANK1	1
M	TGTGGCGCAAGGAACC-1	KLRC1	1
M	TGACTCCAGAACGACC-1	MRC1	2
M	GTTGGGCCAACTCGTA-1	MRC1	1
M	GGTGCTGTCGCCACTT-1	LCK	4
M	TAGGAGGCAACAACTC-1	EBF1	2
M	AGTGCCGTCGCTTACC-1	EBF1	5
M	GGTACCGGTGCTGAAG-1	BANK1	2
M	AACAAAGTCGAACACT-1	KLRD1	4
M	GTTATTCAGCTCGTTA-1	FCN1	5
M	GCAGCTGCACTCCCAT-1	ITK	1
M	TGGCCTTGTTTGCATG-1	IL7R	1
M	AGGACGAGTGGAGTGT-1	EPCAM	1
M	TGACTCCTCTTTGCAT-1	NCR1	3
M	ACCATCCAGAAAGGGT-1	NKG7	2
M	AACCAACTCGATGTAC-1	CD79A	1
M	CCTTAATGTTTAGGAA-1	PECAM1	1
M	TCAGGTAGTGCGCTCA-1	CD14	2
M	GCATTCCCAAGCCAGA-1	VCAN	6
M	GCTCGAGCATCGTACA-1	BANK1	3
M	CCGAAGCAGTTCGACT-1	NKG7	2
M	GTAGGAGGTCCGTGCA-1	CD68	4
M	TTCGTTAGTTCAGAAA-1	CDH1	3
M	GAGATTCGTGATAGAT-1	CD6	1
M	GTCTACCTCCAGAATC-1	SH2D1B	1
M	TGTAGCAAGTCCCGCA-1	EBF1	3
M	TACAGCAGTGTGAGGT-1	BANK1	4
M	GCCCAGAGTCCCTAAA-1	TXK	2
M	GACCAATAGCACACCC-1	ZBTB46	1
M	TTGTCTACATCCTGGG-1	CD28	1
M	TGACTCCGTGCACATT-1	CD8A	1
M	GCTCAGGAGCCATCAT-1	GNLY	2
M	CGTACAACAATCAGGG-1	NKG7	1
M	ATGTCTTAGAGCTGTG-1	PECAM1	2
M	CAAGAAAAGACACTTC-1	NKX2-1	1
M	GAAGTCTTCCGATGCG-1	LYZ	1
M	TCAGCTCCAAGCAACG-1	EBF1	1
M	TTAGCGAAGTAGCAAT-1	ITK	1
M	ATCCAGATCCTTGACC-1	VCAN	1
M	CAACCAAGTCAGAAGC-1	PECAM1	1
M	TTGACGAGTTACCACA-1	SKAP1	1
M	CAACGGCCAACAACTC-1	CD3E	1
M	ACGTGGCAGGCGCTTC-1	MRC1	4
M	ACCCAAAGTTAGAGAT-1	PAX5	1
M	GTACTTTTCGGCAATT-1	VCAN	1
M	ACCATCCTCTGGCCAG-1	ZBTB46	1
M	ATGTCTTCATTGCCTC-1	NCR1	1
M	TTCAACTCATTACTCT-1	KIR2DL4	1
M	TACTGCCCAGTAAGCG-1	SKAP1	2
M	CGGTGCATCGCTTACC-1	IRF8	2
M	AACTTGGTCGCGTGAC-1	IRF8	2
M	TGGCGCACACCCTTTG-1	EBF1	4
M	GTGACATTCTCGTGAA-1	TXK	1
M	AGCCTGGGTACGGAGT-1	CD28	1
M	CAGCCTTTCCCAGTAA-1	GNLY	1
M	ATGTTTCAGTTGGAAT-1	COL1A1	1
M	CGTACAACAATCAGGG-1	CDH1	1
M	TGTACGAGTTTGCATG-1	CD5	1
M	TGTTAGGCATTAGCCA-1	CD6	2
M	GACCTTCTCACATTCT-1	BANK1	1
M	TACTCGCTCACTCGGG-1	BANK1	3
M	CTGTTCGCAGTAAGCG-1	BANK1	6
M	AGGACGACAGCGCGTT-1	TXK	2
M	TTACTCAGTTACGGAG-1	ZBTB46	1
M	GCCTACTGTAACGGAC-1	KLRD1	1
M	TTGTTCAGTCCTTCAC-1	KLRD1	3
M	GCTCGAGAGCCGCAAA-1	KLRD1	2
M	GCCTAGGTCCATGACA-1	CD160	1
M	CCTTAATAGGTTAGTA-1	VCAN	1
M	GGATGAGCACTCGGAC-1	CD8A	2
M	CGAGTTATCAGCACTA-1	SKAP1	1
M	CTGTATTGTTGGCTTA-1	SKAP1	1
M	TGGCCTTGTTTGCATG-1	IRF8	1
M	CTCTCAGAGAAACGCC-1	CDH1	1
M	AGCTGGCTCGTCTTAT-1	ITGAM	3
M	TGGACATGTTGGTAAA-1	MRC1	1
M	CTCTCAGAGCAGAATT-1	SH2D1B	2
M	CATTCCGAGATAGGTT-1	THEMIS	2
M	TGAGTCATCCATATCT-1	TXK	5
M	GGTGCTGTCAATTGGC-1	BANK1	2
M	CTGCGTTCAACAACTC-1	CD8A	1
M	CCTTAATCAGCGTACC-1	GNLY	3
M	CCGTACTAGCGAGCTA-1	PRF1	3
M	GCCTAGGTCCATGACA-1	MRC1	4
M	CTCTCGAAGACCATAA-1	THEMIS	1
M	TGCATTTCACTTATGG-1	ITK	3
M	TCAGTCCTCTTCCAGC-1	ITK	1
M	GGGTTATTCCACACCT-1	VCAN	1
M	TACCTATGTGGAGTGT-1	BANK1	1
M	CCTTGGTTCGGTTCCT-1	CD8A	1
M	GGATGAGGTGCCCGAT-1	NCR1	5
M	TCGAGCGCATGCGCTG-1	KLRD1	5
M	ACGTTAGTCTATATCC-1	SFTPC	1
M	ACGTGGCAGACCATAA-1	THEMIS	2
M	GATTAGCAGAGTTTGA-1	TXK	2
M	GCCCAGACAAACTACC-1	EBF1	1
M	CTACTTAAGGGACGTT-1	CD8A	3
M	GAACCTAAGCGCACAA-1	GNLY	1
M	GAGAACGTCCTGACCT-1	KIR2DL4	1
M	ATGTCGAAGAATGCTA-1	NKG7	4
M	AAATGCCGTCATCGTA-1	CD6	3
M	TCAGGTAGTGCGCTCA-1	EBF1	1
M	TAACAGCGTGTAGGAC-1	BANK1	4
M	CCCTGATCAACACGGA-1	MARCO	1
M	TGTGACATCGGCAATT-1	IRF8	2
M	CCTTGCACAGGTCCTG-1	LCK	2
M	AACCAACTCGATGTAC-1	THEMIS	1
M	ATGTACGGTGTCCTTC-1	TXK	3
M	AGCCTCTAGAGGTACC-1	SKAP1	2
M	GCTCAGGCATCGTGAT-1	CD3E	1
M	CGCTATCCACGACGAA-1	CD3E	1
M	TCAGGGCGTCCAAGTT-1	CD6	2
M	CGTACAATCGTTCTAT-1	CD6	1
M	TCAAGCAAGACCTATC-1	LCK	1
M	TGCATGAGTCTGCGCA-1	ITK	2
M	GCTCGAGCACTTTGGA-1	KLRD1	1
M	GAGGCTCGTGAGGTCA-1	VWF	1
M	ACCATCCTCTGGCCAG-1	VWF	1
M	TTAGCGAAGTAGCAAT-1	CD3D	1
M	TGTAAGCGTCCAAGAG-1	CD6	1
M	GGTCATAGTGGCCTTG-1	PRF1	4
M	GCGTTGGTCCTAAGTG-1	THEMIS	1
M	CCACAGGGTACAAATG-1	BANK1	1
M	TCGGGACCAATGGTAA-1	ITGAM	4
M	TATCGAGAGATGTTGA-1	KLRD1	2
M	GCCATAACAGCGTCGT-1	KLRF1	2
M	ATCCTCGCATTACACG-1	CD3E	2
M	TTACTCAGTTACGGAG-1	NCAM1	1
M	AAGGAGCCAGCGTAGA-1	SH2D1B	1
M	CCAGATACACAGATGG-1	IL7R	1
M	CGTACAACAATCAGGG-1	ZBTB46	1
M	TGGTCCTAGTGAGCAC-1	GNLY	1
M	TGTTAGGGTCTGGTCG-1	GNLY	1
M	TCCCACAGTGGCGCTT-1	KIR2DL4	1
M	CTCAGAAAGTGCAACG-1	CD79A	3
M	CAGCTGGGTCGCTAGC-1	CD79B	1
M	GCGTTGGTCCGTTTCG-1	CDH1	4
M	TCAATTCAGACTAGGC-1	KLRD1	1
M	CGGTGCAGTGCAAGAC-1	NCAM1	2
M	AACCAACGTAACGGAC-1	MRC1	1
M	AGCGATTAGCCTGTAT-1	SFTPC	1
M	GGCGAAATCCCAGCGA-1	SFTPC	1
M	AACGAGGAGTCTCGAT-1	IL7R	2
M	TCTCAGCTCGCGCTGA-1	EOMES	1
M	GCAGATTTCGATAGTC-1	GNLY	1
M	GACCAATGTCATCGTA-1	NKG7	3
M	AACAAAGAGCGTTAGG-1	NKG7	2
M	TGGAAGGAGTGAAGGA-1	COL1A1	1
M	ATTGTCTTCGGCATAT-1	KLRD1	1
M	GACCAATAGAGGTCCA-1	THEMIS	1
M	GAGATTCCAACGTAGG-1	MERTK	1
M	ATCCTCGGTTTCTACT-1	PECAM1	2
M	TGGGTGCTCGGCATAT-1	PECAM1	1
M	TCTATTGGTGGACAGT-1	SKAP1	1
M	GAAGTCTAGTTATGAG-1	PRF1	5
M	ACGTTAGTCTATATCC-1	LCK	1
M	CGTAAACTCTCTTCTC-1	TXK	2
M	CCACAGGTCAGGAAGC-1	GNLY	1
M	GGGTGTCAGGGTAGTC-1	CD79B	1
M	CAGCTAATCGATCTTT-1	MRC1	1
M	TTTGGTTTCGTCAACA-1	NKG7	1
M	GATTAGCCAATTCAGC-1	KLRD1	5
M	CGCAATACAATGCCAT-1	VWF	1
M	GCGCCAACAAGTAACA-1	CD6	1
M	CCTTGGTGTTCTGATG-1	VCAN	1
M	TGTGACATCGGATGTT-1	FLT3	1
M	TGCTATTGTAAAGGCC-1	CD3D	1
M	TCGTTCGCAGTTACAC-1	NCAM1	5
M	CCTTGCAAGGCTCCTG-1	CD6	1
M	GCCATAAAGAGGTACC-1	THEMIS	1
M	GCATTCCCAAGCCAGA-1	THEMIS	2
M	TTGCACCCATCCGTAA-1	ITK	2
M	CATTCCGAGATAGGTT-1	TXK	1
M	TGCATGAGTCTGCGCA-1	CD79A	1
M	CCGTGAGGTCAGGCTC-1	KLRC1	2
M	ACATGGTCAACACGGA-1	KLRF1	1
M	TGCTCACTCCGGGCAT-1	CD3D	1
M	TCACCACTCCCGTAGG-1	MRC1	1
M	TGGAAGGAGACTTGAA-1	VCAN	1
M	TATGTTCTCAAAGTAG-1	BANK1	2
M	CATAACGGTGAGTTGG-1	NKG7	3
M	GAACCTATCTTACTCA-1	SKAP1	8
M	GTCACCTAGAAATTCG-1	IRF8	1
M	CAGCCTTAGGCACTAG-1	ITGAM	2
M	TCGCCTATCCTTCGAC-1	CD3D	1
M	TGAGCCGTCCAAGTCA-1	NCAM1	2
M	TCACTCGCACTGAAGG-1	NCAM1	3
M	CCCACATTCTGTGTGA-1	LCK	1
M	TTCGCGTTCACTCGTC-1	PAX5	1
M	CGCAATACAATGCCAT-1	CSF1R	1
M	TGCCTGTGTACATGGG-1	EOMES	1
M	TAATCGGCAATAGCGG-1	CD28	1
M	GGATGAGCAAGTGGCA-1	GNLY	1
M	CTTGCCAGTGTCTACA-1	PECAM1	2
M	TTCGATTAGTACAGAT-1	KLRD1	1
M	CCCTCTCGTTGGTAAA-1	CD3G	4
M	TTCGGTCTCACTTACT-1	CD3E	1
M	GGATGAGCACTCGGAC-1	SH2D1B	1
M	CGTTCCATCGATAGCT-1	THEMIS	3
M	AAAGGATTCACATTCT-1	EBF1	2
M	TATGTGGAGTAACTCC-1	CD79A	3
M	TTGACGAAGGAGACTC-1	SKAP1	1
M	TTAACGGTCTTAAGCG-1	CD160	1
M	TGGCAATGTAGGGTCA-1	ZBTB46	5
M	CGGTGCAAGAAGGGCG-1	PECAM1	1
M	CCCTGATGTCCATTGA-1	PECAM1	2
M	GCCTAGGTCCATGACA-1	IRF8	5
M	CGCTGGACATTGTTCT-1	KLRD1	2
M	GCAGATTTCGATAGTC-1	CLEC9A	1
M	TGACAACCATACCCGG-1	NCAM1	9
M	TTGCCCAGTACTATGC-1	PRF1	2
M	CTGCTCATCGAGTTAC-1	THEMIS	2
M	CCCTAGTTCTACATCT-1	MERTK	1
M	TAGCCCTGTATTCGCA-1	NCR1	1
M	TAGGAGGTCAGCCGAC-1	PECAM1	1
M	GCAGATTTCGATAGTC-1	KLRF1	3
M	GATTAGCCAATTCAGC-1	VWF	1
M	TAGCTTTTCGTCCCAT-1	CD3D	1
M	ATGTCTTAGAGCTGTG-1	PRF1	5
M	GCAGCTGAGAGCACTG-1	EBF1	2
M	GTTATGGGTAAACGTA-1	EOMES	8
M	TGACTCCTCTTTGCAT-1	EOMES	5
M	AGGACGATCCACGAGC-1	CD79B	1
M	CTGAATGAGGAATGGA-1	CD6	1
M	CACATGATCAAGGCAG-1	SH2D1B	1
M	CCCTCTCTCTATCTAC-1	LCK	1
M	GCTTGCTGTGGAAGCT-1	ITK	3
M	GGTAGGAGTGCACTTA-1	BANK1	3
M	GTGGATTAGTAGTCGG-1	CD79A	4
M	GTGTGATCAGTAACTC-1	CDH1	1
M	TCACTCGCACTGAAGG-1	KLRF1	1
M	AAAGGATAGGATGTCG-1	CD5	1
M	CAAAGCTAGTTCAGGG-1	CD5	1
M	AGGCCTGAGTCGATAA-1	LCK	1
M	TAGGTCAAGTGAGTGC-1	CD14	1
M	TGCGTAAAGTCAGGAC-1	TXK	2
M	TAGCACAGTCGCGCTA-1	TXK	1
M	GAGGATGTCTCATCCG-1	KIR2DL4	2
M	TGTACAGCACCACGAC-1	SKAP1	4
M	GATTAGCGTGCGACCT-1	KLRF1	2
M	GAAGTCTCAGTAACGG-1	VWF	1
M	CAGCCTTAGGCACTAG-1	PRF1	4
M	ACCCAAATCTTGTGCC-1	SH2D1B	1
M	TGCTTTATCTCGCGGA-1	SH2D1B	2
M	TCGTTCGCAGTTACAC-1	ITK	9
M	GGAGGATTCTTGCGCT-1	ITK	10
M	ATTGTCTTCGGCATAT-1	ITK	5
M	GGTAGGAGTGCACTTA-1	CSF1R	1
M	ATTTGTCAGCGTTAGG-1	CSF1R	3
M	GCCTACTGTCGTAGTT-1	EOMES	2
M	CCTTAATCAAAGGCCA-1	CD8A	1
M	TAGTCCCAGGACTAGC-1	KLRF1	1
M	GTGATCAAGGAAGGTA-1	CD3D	1
M	ATGTCGAAGAGCCACA-1	CD3E	1
M	GCGGGTTTCGGATCGC-1	CD6	1
M	CCCTAACAGGTGTCGA-1	LCK	1
M	TACTAGGCATCGGCTG-1	KIR2DL4	1
M	ATAGGCTAGCGATACG-1	NKG7	1
M	TACAGCACACTAGGAG-1	SKAP1	1
M	CACATGAGTCAGTGCC-1	ITK	1
M	GCCTAGGGTGGATTTC-1	CDH1	1
M	TCAAAGCGTATTTGCG-1	ITGAM	1
M	CCGAAGCCAACCTCCT-1	MRC1	2
M	ACTTTCATCTCCAACC-1	SH2D1B	2
M	GTGGATTGTTCCCTTG-1	CD160	1
M	CTCAGCTTCTCTTAAC-1	ITK	3
M	AGATAGAGTTGCTTGA-1	BANK1	4
M	AAACTCGCACCGAAAG-1	CD28	1
M	AAAGGATAGGATGTCG-1	MERTK	1
M	GCAGCTGAGATTAGAC-1	IRF8	5
M	GAAACAAGTTCCCAAA-1	CD5	1
M	AGCCTGGGTACGGAGT-1	MRC1	1
M	CTTGTCGAGAGAGGTA-1	EOMES	1
M	GTCACAATCTTTCGAT-1	CD68	1
M	GCATTGATCGATAGGG-1	KRT8	2
M	GAGAACGTCCTGACCT-1	KLRD1	2
M	ACTTTCATCTCCAACC-1	CD5	1
M	TTTGCGCTCGTAGCGC-1	CD5	1
M	ATGGATCAGGCTGGAT-1	PRF1	5
M	GTCACGGCATTCACCC-1	LCK	1
M	CGCGCAAGTAGGTCTT-1	ITK	1
M	ACGGATTCAGGAGCAT-1	BANK1	2
M	CATAACGCAACGAGGT-1	KIR2DL4	1
M	TTTGGTTGTAGACACG-1	KLRD1	1
M	ACAAAGATCCAGCACG-1	PAX5	3
M	GCGCATGGTTGGACGA-1	THEMIS	2
M	AACAAAGAGCATGATA-1	EOMES	1
M	CCTTAATTCTCGCGTT-1	CD8A	2
M	GAACTTGTCTCCACTG-1	CD79A	2
M	GTCGTAAGTGCTGAAG-1	CD79B	1
M	TTGGTCCAGGTGATGC-1	KLRF1	2
M	GGATGAGCAGTAACGG-1	CD6	2
M	TTCTAACTCTATACCT-1	LCK	1
M	ATCCAGAGTATCTAGC-1	THEMIS	1
M	TTCGCGTTCACTCGTC-1	THEMIS	1
M	ACCGAATGTTTCAGCA-1	EBF1	4
M	GCTCCTAAGATATGAC-1	KIR2DL4	3
M	TCAAGGTTCACAACAC-1	PECAM1	1
M	CGTTCCAGTTATCGAC-1	FLT3	1
M	CTGCGTTTCGCTAGTA-1	SH2D1B	1
M	TCACCACGTGGAAGCT-1	PAX5	3
M	CTACTTAAGGGACGTT-1	PAX5	1
M	GGATAGGAGAAATTCG-1	GNLY	1
M	AGGACGAGTCAAGACG-1	NCR1	1
M	GCTCGAGCATCGTACA-1	CDH1	1
M	ACAAGCTGTAACTCCA-1	KLRD1	9
M	ATGTCGAAGCCCATGC-1	KLRF1	4
M	AGGCCTGAGTCAGGAC-1	CD1C	1
M	TCTATTGGTGGACAGT-1	THEMIS	2
M	GCTCCTACAGAGCCAA-1	ITK	3
M	ACCCAAAAGCTGAATA-1	VCAN	3
M	TTAGGTGTCGCAAGCC-1	ZBTB46	1
M	TGTACAGTCGCTCGGA-1	GNLY	1
M	AGATTCGTCGTTTGAG-1	SKAP1	6
M	TTACCCGCACTAGGAG-1	DCN	1
M	CGATGATTCCTCAAGA-1	KLRD1	2
M	GAGACTTCAGATTGTC-1	VWF	2
M	GCCAGACAGGTCTTGT-1	SH2D1B	2
M	CTCCCAAGTTACGGAG-1	IL7R	1
M	GACCCAGAGATTACGA-1	BANK1	7
M	TTGCGGGCATGGAGGT-1	BANK1	3
M	CATAACGGTGAGTTGG-1	BANK1	1
M	GACCGACCAGGTGGTA-1	MERTK	1
M	AGGCGTCCACGCGTTG-1	CD8A	1
M	GGTAGGACATTAGCAC-1	CD79A	1
M	TGCCTCAGTCTGCGCA-1	VWF	1
M	CTCTACGAGTCTCCAA-1	CD6	1
M	AGGACGAGTGGAGTGT-1	LCK	1
M	TTCGATTTCCCTACCA-1	PAX5	1
M	CGTACAAAGGACTTTC-1	EBF1	2
M	GATTAGCTCGGGATCC-1	EBF1	2
M	GATGGCCAGTGAGCAC-1	ITK	6
M	TTGCAGACATCCCAAA-1	TXK	2
M	GATTAGCAGAGTTTGA-1	MERTK	1
M	CAAGCTAAGGAGTACC-1	CD8A	1
M	GCGAGAAAGACCTATC-1	KIR2DL4	2
M	AGTGCGCCACAATAAG-1	ITGAM	1
M	GCGCATGTCGCGCCAA-1	KLRF1	2
M	ACAAGCTTCCACTAGA-1	SFTPC	2
M	ATTACTCCACTTGCGG-1	THEMIS	1
M	ACTTCCGCAGCGTAGA-1	ITK	1
M	CAGCTGGAGAAACGCC-1	VCAN	1
M	ATTGTCTGTCTAACCA-1	EOMES	3
M	AGCTGGCTCGTCTTAT-1	MERTK	5
M	TCACAGACACTGATAC-1	SKAP1	2
M	GAAACAAGTATCCCTC-1	KLRD1	3
M	TCAGGTATCTATTTCG-1	KLRD1	3
M	GGAATCTAGTCTGTGT-1	CD6	1
M	TGCCTCAGTAATGCAA-1	PAX5	4
M	TTTGTGTGTTTGTCTT-1	BANK1	1
M	ATTACTCGTGGACTGA-1	MERTK	1
M	TCGGGACTCGGCAATT-1	GNLY	1
M	TACCTATGTATATGGA-1	NCR1	3
M	TGCTCACTCCGGGCAT-1	KLRD1	4
M	GGTGCTGCAAGGGTAC-1	CD3E	2
M	GATCGTAGTCCACCAG-1	CD3E	1
M	TACGGATCACCGAAAG-1	LCK	1
M	ACAATCGCACGCTAAT-1	THEMIS	3
M	TTGGTCCAGACCTATC-1	IL7R	1
M	GCAAAGGAGCAATGTA-1	BANK1	3
M	AACCTGACACATCATG-1	GNLY	3
M	AATGGAACAAAGACGC-1	CD79A	1
M	TAAGTGCAGCTTACCA-1	PECAM1	1
M	AACATCGTCCAGGTCG-1	SKAP1	1
M	TAGCGGCAGGACTAGC-1	THEMIS	4
M	GCTCCTAAGATATGAC-1	THEMIS	2
M	TGCATGACAAGGATGC-1	TXK	2
M	CAGCTGGGTCGCTAGC-1	TXK	3
M	GCCAGCATCCCGCAAG-1	EOMES	3
M	ATGTACGGTCATAGCT-1	COL1A1	2
M	CGATGATTCCTTTGCG-1	SKAP1	3
M	GGCGTTGAGTTACCAC-1	SKAP1	2
M	TACAGCATCGCCTTAC-1	KLRD1	1
M	GAAAGTAAGATGGCAC-1	KLRD1	2
M	AGCCCGAAGGTTCTCA-1	CD4	1
M	CTCTCAGAGAAACGCC-1	CD5	1
M	ACTACGATCCACGGCA-1	CD160	1
M	CTCAACCGTCTGGTTA-1	IL7R	1
M	GCCATAACATAGATAG-1	SKAP1	1
M	TCTATTGGTGGACAGT-1	IRF8	6
M	ATCCAGACAATAGCGG-1	KRT8	1
M	AGCGATTAGCCTGTAT-1	KLRD1	3
M	GGGACCTTCATAGGTC-1	MRC1	1
M	ACTATTCAGTCCCGCA-1	VCAN	1
M	ATGTTTCAGTTGGAAT-1	BANK1	7
M	TTCATTGGTTTCTCTA-1	TXK	1
M	GTAGTACGTCTCTGCT-1	ZBTB46	2
M	GCGGGTTTCACTCCCA-1	GNLY	1
M	CTCTCAGAGAAACGCC-1	EPCAM	1
M	CCTTAATGTTTAGGAA-1	KLRD1	8
M	TTAACGGTCTTAAGCG-1	PRF1	9
M	AGACAAAGTACCCACG-1	THEMIS	1
M	TTCATCAGTACAAATG-1	NCR1	2
M	GGAACCCGTCCGAGCT-1	IRF8	2
M	TTCGGTCCAAGGAAGA-1	KLRD1	7
M	GACCGACTCCTGAAAC-1	VWF	1
M	ACTACGAGTAGTATCC-1	ITK	3
M	TCACAAGGTCTGCACG-1	TXK	2
M	GGCGTTGGTTCTGAGT-1	SKAP1	2
M	GTCCATCGTGAGGGTT-1	IRF8	1
M	AGTCCGGAGATATGAC-1	PAX5	2
M	GAGAACGTCCTGACCT-1	THEMIS	1
M	TACAGCAGTCATCAAC-1	VCAN	3
M	AATGGAACAATTCTCT-1	IL7R	1
M	CTCTACGAGTCTCCAA-1	BANK1	1
M	ATCCAGATCCTTGACC-1	PECAM1	1
M	CTCTACGTCAGTGGTT-1	IRF8	1
M	TAGCGGCAGGGTTCTT-1	KLRD1	1
M	GCTTAAGTCTTGTCAT-1	KLRF1	1
M	GTAGGAGGTCACTCTC-1	MRC1	1
M	GCGATCGCAGGCACAA-1	LCK	2
M	AACGTACGTTTGAAGA-1	EBF1	1
M	CGCAATACATTATGGC-1	GNLY	1
M	CCGTAGGTCACTAGCA-1	FLT3	1
M	TCACTCGCACTGAAGG-1	ITK	4
M	TAGGTGTGTGACGCAA-1	CSF1R	1
M	CGCAATACAATGCCAT-1	CD8A	2
M	TGCTTTAGTCCAAGAG-1	LUM	1
M	CGCACAGCAGACCTGC-1	KLRD1	2
M	TTCTAACTCTATACCT-1	KLRF1	1
M	CTTCTAAGTCGATTAC-1	VWF	1
M	TGGAAGGAGTGAAGGA-1	CD3E	1
M	GATTAGCGTGCGACCT-1	PRF1	3
M	ATCGAGTTCCTAAGTG-1	LCK	2
M	CTCTCAGAGCAGAATT-1	EBF1	5
M	TCCCACAGTGGCGCTT-1	ITK	2
M	GACCCAGAGATTACGA-1	VCAN	1
M	CGTACAACATCCGTAA-1	BANK1	1
M	TAATCGGTCGCACCGA-1	BANK1	1
M	GCCTAGGTCTGGCACG-1	EOMES	4
M	CTCAGAACATTTGGCA-1	NCR1	4
M	TTGCGGGCATGGAGGT-1	CDH1	1
M	AGTGCGCTCGTCAACA-1	KLRC1	1
M	GCCCAGATCACAACAC-1	PAX5	3
M	TGTAGCAAGTGATATG-1	EBF1	1
M	GAGGCTCGTGAGGTCA-1	ITK	1
M	GACCCAGGTTGAATAG-1	SKAP1	7
M	GGTGTCGAGGGTTCTT-1	IRF8	3
M	CAGCTGGTCGGGAATG-1	ITGAM	2
M	CCGTACTTCTTAATCC-1	CD6	1
M	CGTAAACTCCCAGCGA-1	VCAN	1
M	CTGAATGTCGGAAAGC-1	EOMES	1
M	CGATGATTCCTTTGCG-1	GNLY	1
M	GGGACCTAGTTGGAAT-1	SKAP1	1
M	GTTACTTAGTGATAAC-1	SKAP1	1
M	AGCCTGGGTACGGAGT-1	VWF	1
M	GGTTGCGTCCTATCCG-1	MRC1	1
M	GTAGGAGCAAACTACC-1	SH2D1B	2
M	GGATGAGCACTCGGAC-1	TXK	1
M	ACTAGGTCAATTAGGA-1	MERTK	6
M	CTCTCGAAGACCATAA-1	KLRD1	5
M	TGATGCACAAAGCTGG-1	CD160	3
M	AAAGGGCCATTTCACT-1	THEMIS	2
M	TAGGAGGTCTGAGTAC-1	ITK	5
M	CTAGGGCAGAACCCGA-1	COL1A1	2
M	CAGTGCGTCTTTCGAT-1	SKAP1	3
M	TCACAAGCAAGTTGCT-1	SKAP1	2
M	ATCGAGTTCCTAAGTG-1	MRC1	1
M	CACCACTAGCACACCC-1	ITK	2
M	ATAGTCGAGTCTCCAA-1	BANK1	2
M	GCATTGACAAAGCTGG-1	ZBTB46	1
M	AACCAACTCGATGTAC-1	MARCO	2
M	GGATGAGAGGTGTTGG-1	PECAM1	1
M	GCCTAGGAGTGGTGTG-1	PRF1	3
M	TCGCCTACATCGGCTG-1	PRF1	1
M	GTCGTAAGTGCTGAAG-1	MRC1	2
M	GGCATTACAAGGTCGA-1	SH2D1B	1
M	GAGCATTCAGGATAGC-1	CD160	1
M	CCTTGCAAGCCGCAAA-1	PAX5	1
M	GGTTGCGTCATTCATC-1	THEMIS	3
M	TCGAGCGTCGGATCGC-1	TXK	2
M	ACATGGTTCCAGGTCG-1	ZBTB46	1
M	TTACTTGTCCCAGCGA-1	PECAM1	3
M	TTTGTGTGTTCCATCC-1	SKAP1	4
M	GTCACAAAGGATGTAT-1	SKAP1	2
M	CTCTCAGAGCAGAATT-1	KLRF1	2
M	CCCACATAGAGAGGTA-1	CSF1R	1
M	CGCTGGAAGCCTATAC-1	KIR2DL4	1
M	TAGACTGCACTTTGGA-1	CD79A	2
M	TCTCTGGAGTCGCCTG-1	CD79A	1
M	ACTGCGGTCCAATCCC-1	CD79A	1
M	GGAACTTGTCTAACCA-1	PECAM1	2
M	GGTCATACATAGAATG-1	KLRC1	1
M	TCACCTGAGTAGTCGG-1	PRF1	4
M	TCCATCGCACATTGCA-1	MRC1	2
M	ACTATTCCACCGATCG-1	EBF1	1
M	TAGTCCCCACAAGGGT-1	BANK1	10
M	GGAGTAGTCTGAGTAC-1	SKAP1	2
M	GGAGAACAGACCATAA-1	IRF8	1
M	GTCACTCAGCCCATTA-1	KLRF1	3
M	ACCCAAAAGTTTACGC-1	THEMIS	8
M	ACGGATTTCGTTACAG-1	ITK	5
M	GGGCCATCAGTAACCT-1	ZBTB46	1
M	CCAGATATCCCTAAAG-1	CD8A	2
M	TAGACTGCACTTTGGA-1	NCAM1	6
M	AGCTGTAGTTATGCAC-1	SH2D1B	1
M	CTCAGCTGTCCAACCG-1	CD160	1
M	GGGTCTGTCGATGTAC-1	TXK	1
M	GCCAGCATCCCGCAAG-1	TXK	1
M	GTAGGAGGTATCAGCT-1	ZBTB46	3
M	CTCACCATCCACTAGA-1	MERTK	1
M	TCGCAGGGTCAAACAA-1	SKAP1	4
M	GGTAGGAGTGCACTTA-1	ITGAM	1
M	GTGGATTAGGCGATTG-1	CLEC9A	1
M	ACAGAAACAACTCAAC-1	VWF	2
M	TACAGCAGTGTGAGGT-1	NCAM1	2
M	AGTCAACTCCGGAAAG-1	CD160	2
M	TGACTCCTCTTTGCAT-1	ITK	5
M	GGTCATAGTGGCCTTG-1	ITK	3
M	GGTCATAGTATTCGAC-1	ITK	4
M	CCACAGGTCAGGAAGC-1	ITK	1
M	GCAGATTAGCTCGGCT-1	BANK1	2
M	AAAGGGCCAAGACACG-1	BANK1	1
M	TGATTTCAGGAGTACC-1	TXK	1
M	TCCATCGGTCTCTGGG-1	CD28	1
M	TCGAGCGCAAGGAACC-1	IRF8	2
M	CCTTAATCAGCGTACC-1	CDH1	1
M	TGGTCAATCGGTAGGA-1	CD3D	1
M	GACCAATGTCATCGTA-1	CD160	1
M	TACTAGGCATTACCTT-1	LCK	1
M	CTGCGTTGTGCGCTCA-1	CD14	2
M	CTTCCAGAGCGTGTTT-1	BANK1	2
M	GGAGGATCAAGCGTCC-1	CD6	1
M	AGCTGTAGTTATGCAC-1	CD160	1
M	AGGCCTGCATGCTATG-1	EBF1	5
M	ACCTGCTTCTCTGACC-1	CSF1R	1
M	TAGCATGGTGAGGTCA-1	KLRF1	1
M	AGCGTGCTCTTCTTCC-1	MS4A1	1
M	ATTACTCGTGGACTGA-1	PRF1	1
M	TGCTTTATCTTCCACG-1	CD8A	1
M	TGGCGCACACCCATCT-1	KLRD1	2
M	CATAACGGTGAGTTGG-1	PRF1	5
M	TTACCCGAGATCCGAG-1	SH2D1B	1
M	TGCTCACTCTCGGCGA-1	ITK	3
M	TCACTCGTCAGAGTGG-1	VCAN	1
M	GTTATTCAGAGTTCGG-1	GNLY	2
M	GTGTGATTCCCACTTG-1	NCAM1	1
M	CTGGGACCAACAAACA-1	EBF1	1
M	AGGCGTCTCTCTGTTA-1	EOMES	1
M	TGCGTAAAGTCAGGAC-1	GNLY	1
M	TTGTTGTAGTCGTGAG-1	SKAP1	1
M	TCACAAGCAGCTTACA-1	SKAP1	1
M	TCAAAGCGTATTTGCG-1	LCK	3
M	ACCTGCTCACAGAAGC-1	PAX5	1
M	AACCAACTCGGTCAGC-1	EBF1	1
M	CAAAGCTGTGGCCTTG-1	ITK	3
M	TAGCTTTTCAGTCTTT-1	BANK1	1
M	CCATACCAGGCAGTAC-1	KIR2DL4	2
M	CACAGATAGTCGAGCA-1	NCAM1	1
M	GTTATTCTCCTCCTGA-1	CD6	2
M	TAATCGGCAATAGCGG-1	PAX5	2
M	CGTTCCAAGGAGTACC-1	THEMIS	2
M	GGTGTCGAGACAACGC-1	EOMES	4
M	CGCTGGAAGATGAGGA-1	PECAM1	2
M	GTGGATTCAGTAACCT-1	NCAM1	2
M	GCAGCCAAGGGTAGTC-1	PRF1	3
M	CGAGTTAGTACTTCAG-1	LCK	1
M	GACCTTCAGGGCGAAG-1	VCAN	3
M	GCTTGCTGTGGAAGCT-1	BANK1	3
M	TAATTCCCATCAACTG-1	CD28	1
M	GCCAGACTCACTAGGT-1	IRF8	4
M	GAGAACGTCTCGTAGA-1	CLEC9A	1
M	TTTGCGCTCGTAGCGC-1	VWF	2
M	GCCCAGACAAACTACC-1	CD3E	2
M	TAGGTGTGTGACGCAA-1	NCAM1	2
M	TTAGGTGTCTCCAACC-1	CD6	1
M	ATGTACGCAATGGCTT-1	CD6	3
M	GAGAACGCAGCAACAG-1	LCK	4
M	AGCTGTACAAGCTTTG-1	PAX5	1
M	TTACCCGCACTAGGAG-1	ITK	7
M	CTGTATTAGTGATTAG-1	ITK	7
M	TGCATGAAGTAACTCC-1	CSF1R	1
M	GCATGATTCGAGAACG-1	IL7R	1
M	TTAACGGGTTCCCGGA-1	EOMES	7
M	GTGTCCTAGAGCTGTG-1	GNLY	1
M	CATTCCGCAACGTACT-1	COL1A1	1
M	ACCGCAGGTCTGGGCT-1	SKAP1	3
M	GCTTAAGTCTTGTCAT-1	SKAP1	3
M	GTTCAAGAGTTATGAG-1	SKAP1	1
M	GGAGAACAGTATAGTG-1	KLRD1	2
M	TACAGCATCGCCTTAC-1	MRC1	1
M	TCAGTCCTCTTCCGTG-1	EBF1	4
M	TGACAACTCGCCGAAC-1	ITK	2
M	CCCACATAGAGCTCCC-1	ITK	1
M	TAGCCGGGTTCCCTTG-1	BANK1	1
M	ATGGATCAGGCTGGAT-1	KLRF1	3
M	AACCAACCATTAACGC-1	LCK	1
M	GCATTGAGTGGACAGT-1	NKG7	1
M	GGAACCCGTATCTAGC-1	CD79A	2
M	ATTACTCGTGGACTGA-1	ITGAM	1
M	CAATCCCCACGCCGAT-1	THEMIS	3
M	CGGACCATCAATTCCT-1	ITK	6
M	GTTACTTAGTGATAAC-1	NCR1	1
M	TGGCCTTGTTTGCATG-1	PECAM1	4
M	GCAAAGGAGCAATGTA-1	SKAP1	3
M	TGAATCGCATTACACG-1	KLRD1	11
M	CTTGCTGGTATCTAGC-1	KLRD1	1
M	CATGCCTAGAGCCTGA-1	CLEC9A	1
M	TGATTTCCAATCATCG-1	KLRF1	1
M	TGCGTAAAGTCAGGAC-1	THEMIS	2
M	CTGGGACCAACCTCCT-1	ITK	4
M	ACAAGCTCAAATGCTC-1	ZBTB46	1
M	TTTACGTCAACGTCGC-1	NCR1	2
M	GTGCCAGAGTTAGAGT-1	IRF8	1
M	GTAGACTTCTCTCAAT-1	LYZ	2
M	GTCGTAATCAAGGCCC-1	KLRD1	8
M	GAAGTGGAGGCTAAAT-1	NCAM1	1
M	TCCATCGGTCTCTGGG-1	CD5	1
M	TGACAACTCGCCGAAC-1	PRF1	2
M	CATAACGGTGAGTTGG-1	EBF1	1
M	ATTCGTTCAAGAGATT-1	ITK	3
M	GCGTTGGTCCGTTTCG-1	IL7R	1
M	CGTACAAGTTGTATCG-1	BANK1	3
M	GTTGGTAGTAGTCTGT-1	TXK	4
M	TAGCGGCGTAGGGTTG-1	NCR1	1
M	CTCGCTACATGCGACC-1	PECAM1	1
M	GTGCACGGTTCTGAAC-1	KLRF1	2
M	TACCTATAGACAGCTG-1	NCAM1	4
M	ATAGTCGCACATATCG-1	LCK	3
M	TTGCCCAGTCAACGGA-1	KIR2DL4	1
M	GCGGTGTTCTACTTTG-1	CD79A	3
M	GAATCTGTCCCACTTG-1	KLRD1	1
M	TATGTTCTCTATACCT-1	THEMIS	1
M	GTAATCGGTTACCACA-1	ITK	3
M	GCAGATTTCACTAGGT-1	TXK	1
M	TTAGGTGTCTCCAACC-1	EOMES	1
M	TAGCCGGTCGTATAGC-1	KLRD1	11
M	TTACCCGAGATCCGAG-1	PAX5	1
M	GTAGGAGAGCTCCATA-1	THEMIS	1
M	GAGCGCTTCGGCTATA-1	TXK	1
M	CCTTAATGTTTAGGAA-1	CD28	1
M	TGATTTCTCCTCTCTT-1	CD79A	1
M	ATGTCGATCCGGGCAT-1	LYZ	1
M	TAAACCGCACTACACA-1	CLEC9A	1
M	AACAAAGAGCGCCTAC-1	NCAM1	1
M	CCCTGATCAACACGGA-1	PRF1	1
M	GGTCATACATTACTCT-1	MRC1	3
M	TACATTCCAAGGAGTC-1	PAX5	3
M	TCAGGGCTCTGGTACA-1	THEMIS	1
M	CACGTTCAGTAACTCC-1	GNLY	1
M	GGGTGTCTCTTAACGG-1	PECAM1	3
M	GGCGAAATCCCAGCGA-1	KRT8	2
M	CATAACGCATATAGAG-1	PRF1	2
M	AGCCGCACAACAACTC-1	CD8A	2
M	TAACAGCAGGGTCCCT-1	SKAP1	1
M	GAGAACGCAGCAACAG-1	DCN	1
M	GCGATTATCTCCCTTT-1	NCAM1	3
M	TTCATCAGTTGTATCG-1	NCAM1	2
M	TACAGCATCACACGTA-1	CD160	1
M	GAGACTTCAGATTGTC-1	LCK	3
M	AAGGAGCGTGAGGTCA-1	THEMIS	1
M	GAGCATTCACGACGAA-1	IL7R	2
M	CTAGGATCAAGTTGCT-1	CD79B	1
M	TCAGCTCTCTTACTCA-1	CDH1	2
M	GCAGATTCAGTCCTGG-1	CDH1	1
M	TCAATTCAGTGCACAG-1	KLRF1	1
M	CCGTGAGCAAACAGTA-1	CD5	2
M	AACCAACCATTAACGC-1	SH2D1B	2
M	GGAGTAGGTCATAGAA-1	ITK	2
M	TGATTTCCAAGGGTAC-1	ITK	3
M	CGTAAACGTTCCGGCA-1	ITK	3
M	AGCTGTACATGTAGAA-1	TXK	3
M	CCTGGGATCGTCTTAT-1	EOMES	1
M	TAGCGGCGTAGGGTTG-1	CLEC9A	1
M	GTTATTCAGGATTTGA-1	SH2D1B	1
M	AGCCAGCAGCTTACCA-1	IL7R	1
M	GGATAGGGTTCTTTGT-1	TXK	1
M	CCTTGGTCACGACGAA-1	MERTK	1
M	GACCTTCTCACATTCT-1	GNLY	2
M	TTCTAACAGGAGTACC-1	GNLY	2
M	TGGCAATAGATTAGAC-1	NCR1	2
M	AACGGGACATCCGTGG-1	CD79A	2
M	AGTGCCGAGTCGACCC-1	SKAP1	5
M	AAACTGCTCTTTGCAT-1	MS4A1	3
M	GTAGGAGGTCCGTGCA-1	SPI1	1
M	TAGTCCCCACACACCG-1	CD160	1
M	CTTGCTGAGAGGCAGG-1	THEMIS	1
M	TTCATTGGTTTCTCTA-1	THEMIS	2
M	TGCCTGTAGGTCTTTG-1	SKAP1	2
M	GTAGGAGCAAGCAACG-1	KLRD1	2
M	TTGCAGACATCCCAAA-1	CD3D	1
M	GAACTTGTCTCCACTG-1	CD3D	1
M	CGTACAACAATCAGGG-1	CD6	1
M	GAGCATTCACGACGAA-1	PRF1	5
M	CTGTATTGTTGGCTTA-1	MRC1	1
M	TTCGGTCTCACTTACT-1	SH2D1B	2
M	GTGCCAGAGATCGCCC-1	THEMIS	2
M	AACGGGACATCCGTGG-1	CD14	1
M	TGCTTTATCTTCCGTG-1	VCAN	1
M	TTCGGTCTCTTTATCG-1	VCAN	2
M	CCTAAAGGTCCCGAGT-1	CD28	1
M	TCAAGCAGTACTTCAG-1	KIR2DL4	1
M	ACTCGGGAGAGGTGGG-1	SKAP1	6
M	CCTGGGACAGAACGAC-1	IRF8	2
M	ATGTTTCAGTTGGAAT-1	IRF8	2
M	CTGTTCGAGTAATCAG-1	IRF8	4
M	TATGTTCCAATTAGGA-1	CD5	2
M	CCGAAGCAGTTCGACT-1	PRF1	5
M	TAGACTGAGATCTCAC-1	SH2D1B	1
M	TTTGGTTCAGGTCCTG-1	EBF1	2
M	GCCAGCATCCCGCAAG-1	ITK	3
M	GAACCGCAGGCCAGTA-1	VCAN	1
M	GACCGACTCCTGAAAC-1	TXK	2
M	GTAATCGCAAATTGAG-1	TXK	1
M	GCTCACTGTACCAAGG-1	KLRD1	1
M	AGCCTTCGTAAACGTA-1	MRC1	1
M	TAGGAGGTCAGCCGAC-1	EBF1	2
M	GATTAGCGTGCGACCT-1	KIR2DL4	1
M	TTGTCTATCTCCACTG-1	CD3E	1
M	GCTGAGCGTTTGCCAA-1	LCK	3
M	CAGTGCGTCTTAGTGG-1	PAX5	1
M	TGCTATTTCCATATCT-1	TXK	1
M	TGGTCCTAGTGAGCAC-1	COL1A1	1
M	ATCCTGCCAAATTCCG-1	IRF8	3
M	AAGGTTCAGAAGCCTG-1	KLRF1	2
M	CAGGATTAGATTCCGT-1	CD160	1
M	AACAAAGAGCGTTAGG-1	EBF1	1
M	GCGGGTTTCACTCCCA-1	ZBTB46	2
M	TAGCCCTTCGGATAGG-1	GNLY	3
M	AACCAACTCGGTCAGC-1	CD79A	1
M	GGAGTAGAGTCTGGGA-1	FLT3	1
M	TAGGTGTGTGACGCAA-1	KLRD1	1
M	GGTTGCGAGCGCATTT-1	CD6	1
M	GAGGTCCGTCAGGTGA-1	MRC1	1
M	GCGCCAAGTCACCCGA-1	MRC1	1
M	CTCCCAATCACAGGGA-1	LCK	1
M	GCTCAGGCACCACAGC-1	EBF1	1
M	GGGACCTTCATAGGTC-1	BANK1	1
M	TAGGAGGCAGTATCTG-1	BANK1	2
M	GGAGAACAGACCATAA-1	CD8A	3
M	CTACAGAAGTGGACGT-1	NCR1	2
M	ACATGGTCAACACGGA-1	PECAM1	4
M	ATCCAGACAATAGCGG-1	PECAM1	4
M	GGAGGATTCTTGCGCT-1	SKAP1	2
M	TCGTTCGCAGTTACAC-1	SKAP1	4
M	ACATGCATCCTAAGTG-1	IRF8	2
M	GGGTTATCAATTCTCT-1	CD3D	1
M	TGTGGCGCAAGGAACC-1	PRF1	5
M	TTACCGCGTCAACTGT-1	NKG7	1
M	AACCTGAAGTCGTATC-1	KLRF1	1
M	AGCCTTCAGGTTACAA-1	NCAM1	1
M	CCAGATACAATGGCTT-1	TXK	1
M	CAAGAAATCCATATCT-1	MERTK	1
M	TACATGGCAGCAACAG-1	IRF8	1
M	TCGTTCGCAGTGGTCC-1	KLRD1	2
M	TTCTGTACACTCCCAT-1	PRF1	1
M	TTGTTCAGTCCTTCAC-1	SH2D1B	2
M	AGTCCGGTCACAGGGA-1	ITK	5
M	TTTGGTTCAGGTCCTG-1	TXK	1
M	GCAGCTGGTTTCGATG-1	MERTK	3
M	TGATGCAAGTTCTCCC-1	CLEC9A	3
M	TCGCCTATCCTTCGAC-1	ITK	2
M	ACTGTCCTCCTCATTA-1	CSF1R	5
M	CCCTAGTAGAGCTACG-1	VCAN	4
M	TCTATTGTCTCTCAAT-1	TXK	3
M	GCTCCTAGTCCGAGCT-1	TXK	1
M	GACCAATGTATTCTGG-1	EPCAM	1
M	TATGTTCCAATTAGGA-1	PECAM1	11
M	GCTCCTAAGATATGAC-1	CD3E	1
M	TTGTTCAGTGTCTACA-1	LCK	2
M	TTCGTTATCAGTCAAC-1	ITK	2
M	TCAGCTCCAATAGCGG-1	TXK	1
M	TCGAGCGCAGTAACTC-1	PECAM1	3
M	TACATTCTCGCTTCAC-1	SKAP1	1
M	TCCATCGAGGGAGTTC-1	CDH1	1
M	AACAAAGTCGCCTTAC-1	KLRC1	1
M	AAAGATGGTTCCTATT-1	NKG7	1
M	TACCTATGTATATGGA-1	PRF1	2
M	TCGATTTTCGTTTGAG-1	PRF1	1
M	AGGCCTGCATGCTATG-1	MRC1	3
M	GCGCATGAGGGTTCTT-1	SH2D1B	1
M	TAATTCCAGAACCATA-1	EBF1	3
M	ATGGATCGTGCTTTGA-1	ITK	3
M	CCCACATGTGCAAGAC-1	ITK	7
M	ATGTACGCAATGGCTT-1	CD28	1
M	TACTCGCTCACTCGGG-1	CD28	4
M	TACTGCCCATGGATGG-1	DCN	1
M	TAACAGCGTTGCAGAG-1	KLRD1	1
M	TCGAGCGGTGATGCTT-1	NCAM1	3
M	CTCTCAGGTAGTACAA-1	PAX5	2
M	CAACGGCAGTGAACCG-1	CSF1R	1
M	GTGCTGGAGAGCTGTG-1	CD14	1
M	TCAGCTCCAAGCAACG-1	VCAN	2
M	TTATGTCCATTCCCGT-1	BANK1	2
M	CCATACCAGGCTCCTG-1	TXK	2
M	CCGTACTGTCCAGACC-1	CD28	1
M	CCGTAGGGTACTAGAA-1	MERTK	1
M	TTGCAGACATCCCAAA-1	PECAM1	3
M	TGGAAGGAGACTTGAA-1	MRC1	1
M	TAGCCCTTCGGATAGG-1	LCK	3
M	AATGTCGAGCGGACTA-1	EBF1	2
M	TGACAACAGTCGGGAT-1	CD14	3
M	CAAGAAACATTGAACC-1	BANK1	1
M	TGACTCCCAGTAAGCG-1	ZBTB46	3
M	GAGGCTCAGCTCCGGT-1	CD8A	3
M	CTCTCAGAGCAGAATT-1	NKG7	2
M	ATGTACGTCCTAGAGT-1	LUM	1
M	GTCACAACACGCTGTG-1	KLRD1	1
M	AGATTCGTCTTCCGTG-1	PAX5	2
M	CTAGGATCAAGATGCG-1	BANK1	1
M	TAGGAGGTCACTCGGG-1	EOMES	3
M	GCCTACTGTCGTAGTT-1	ZBTB46	1
M	TTAGGTGCAGGAGCAT-1	CD8A	4
M	TGGCAATGTTCATTTC-1	CD68	1
M	TTACTTGAGTCTCGAT-1	CD3E	3
M	TATGTGGCATAGCCAT-1	MRC1	3
M	TCTATTGAGACTCGGA-1	THEMIS	1
M	AACGAGGAGTCTCGAT-1	EBF1	4
M	GGGACCTAGACTTGAA-1	EBF1	4
M	CTGCTCACACCAAGGA-1	TXK	3
M	GAGGCTCGTTCTGAAC-1	TXK	4
M	CTGTTCGAGTAATCAG-1	CD8A	2
M	CAGGATTTCGCTTGAA-1	CD8A	3
M	GAGGCTCAGAACGACC-1	NCR1	1
M	CTTGCTGTCCACGGCA-1	NKG7	1
M	TGCACCTTCGATTACG-1	SKAP1	1
M	ACTGTCCGTGTCTCGG-1	SKAP1	5
M	ATTACTCGTGGACTGA-1	SKAP1	3
M	TTGAGTGCACCACGAC-1	NCAM1	1
M	AGTCAACTCCGAATTG-1	THEMIS	3
M	TGTGGCGCAAGGAACC-1	ITK	11
M	TAGCATGCAATGACTC-1	VCAN	1
M	CTCACCATCCACTAGA-1	BANK1	2
M	AGACAAAGTACCCACG-1	BANK1	2
M	TCGTTCGTCTATAGGC-1	CD8A	1
M	GCTTGCTAGGAAGAAC-1	VWF	1
M	GCCATAAAGCGCCTAC-1	CSF1R	1
M	AGACAAACAGAAGTGC-1	NCR1	1
M	TGATGCAGTCTGGGCT-1	CD79A	1
M	TTGCTTAGTGCGACCT-1	ITK	3
M	TACATTCTCTGAAAGA-1	PECAM1	1
M	TGCTATTAGTGCTGAG-1	ITGAM	1
M	ACCGAATAGTGATCTC-1	KLRD1	2
M	CTTCCAGCAAGCCTTA-1	NCAM1	1
M	TCCATCGGTCTCTGGG-1	CD6	1
M	TTCGGTCCAAGGAAGA-1	ZBTB46	2
M	ACCAAACTCAGGCGCT-1	CD68	1
M	GGGCCATCAGTAACCT-1	MS4A1	1
M	AAAGGATAGGATGTCG-1	CD160	1
M	GCAGATTTCGATAGTC-1	TXK	1
M	TGATCAGCAGAACTTC-1	ITGAM	1
M	GATGATCGTCACATTG-1	VWF	1
M	ATCCTCGCATTACACG-1	MS4A1	2
M	GCACCTTCACTGTTAG-1	PRF1	2
M	TGCATGACACCTGAAT-1	SH2D1B	1
M	CCCACATGTGCAAGAC-1	SH2D1B	2
M	ATGCATGAGCTCGTTA-1	EBF1	1
M	GTGATCAGTGTCTACA-1	EBF1	2
M	TGTGGCGCAAGGAACC-1	NKG7	3
M	GCGTAGCCAATGACTC-1	KLRD1	11
M	GGAATCTAGTCTGTGT-1	MRC1	2
M	ATCGAGTCACACTAGT-1	MRC1	1
M	TAGACTGAGCAATGTA-1	MRC1	1
M	TCACAAGAGTAGCAAT-1	CD160	1
M	CCTCCCTCATGGAGGT-1	THEMIS	1
M	AGTCAACTCCGGAAAG-1	CD8A	2
M	CAGCTGGCATTGTGAC-1	NCR1	1
M	TCCCACACACAAACAA-1	DCN	1
M	GCGAGTCGTTTAAGGA-1	KLRD1	2
M	CTGTATTAGATGCGAC-1	VWF	1
M	TCGCAGGCAACGGGTA-1	SH2D1B	1
M	CCCTCTCTCTATCTAC-1	BANK1	6
M	CATTCCGCAACGTACT-1	TXK	2
M	AACATCGAGTACGCGA-1	NKG7	3
M	TCAGGTACATTGCACA-1	PECAM1	6
M	CATGCCTGTCAGAGTG-1	PECAM1	1
M	GCAACCGTCCTCCCAA-1	CD6	3
M	TGTGGCGCATTAGCCA-1	PRF1	1
M	TCGCCTATCCTTCGAC-1	BANK1	7
M	GATTAGCAGAGTTTGA-1	EOMES	1
M	GGTGCTGGTGCTGAAG-1	ZBTB46	1
M	CATTCATGTATGGATA-1	ZBTB46	1
M	CTTAATCAGAAATGGG-1	ZBTB46	1
M	AATGGAACAAAGACGC-1	PECAM1	1
M	CCGAAGCAGACCCTAT-1	NCAM1	9
M	CATGTTTTCAGGAATA-1	NCAM1	4
M	CTAACTTCATTCACCC-1	THEMIS	2
M	TGGCAATGTTCATTTC-1	THEMIS	3
M	TATGTTCCAATTAGGA-1	TXK	1
M	TTAGGTGCAGGAGCAT-1	TXK	3
M	GGAATCTAGAACAGGA-1	TXK	2
M	ATGTCTTCATTGCCTC-1	CD79A	1
M	AGCCAGCAGCTTACCA-1	IRF8	2
M	TAGGAGGTCACTCGGG-1	KLRD1	8
M	GTTACGAGTGCGTCCA-1	CD3G	1
M	TTCAACTCAAGCGAAC-1	NCAM1	1
M	ACATGGTCAACACGGA-1	PRF1	4
M	GAGACTTCACTTTGGA-1	LCK	3
M	TACTCGCAGAGAACCC-1	EBF1	1
M	TCTCTGGAGTCGCCTG-1	TXK	4
M	GGGTGTCAGGGTAGTC-1	SKAP1	1
M	TTACCCGTCAGAACGG-1	CD3E	1
M	AGCGATTGTGCACCCA-1	SPI1	1
M	TAACGGTCAGTAGGCA-1	PAX5	2
M	AAAGATGCAGATAAGT-1	ITK	1
M	TCCCACACACAAACAA-1	NCR1	1
M	CATGCCTCACCCTTTG-1	CDH1	1
M	ACGTTAGTCCATTGTT-1	KLRF1	6
M	GGTGCTGCAAGGGTAC-1	MS4A1	1
M	GTTGGGCCAACTCGTA-1	SPI1	1
M	TGGTCAACAATGCCAT-1	EBF1	1
M	TAAGCCAGTGATGCGA-1	CSF1R	1
M	CCCTGATTCTCTGACC-1	EOMES	1
M	TACATGGAGCTAACAA-1	MERTK	1
M	AACCAACTCTTTGCAT-1	COL1A1	1
M	TGGCCTTAGCCCATTA-1	DCN	1
M	CGCTGGACAACTACTG-1	VWF	4
M	GGAGTAGTCCTGGGAC-1	CD3G	1
M	GGCGTTGAGTTACCAC-1	NCAM1	3
M	TCAGGGCTCTGGTACA-1	NCAM1	3
M	GCAGATTTCCGCGATG-1	SH2D1B	3
M	TACTCGCTCGGGCTCA-1	TXK	1
M	GAGGATGAGGCCTCGT-1	KLRD1	1
M	GAGAACGCAGCAACAG-1	PAX5	5
M	TTGCAGAGTGAGTCGA-1	ITK	1
M	ATTACCTCACTACACA-1	ITK	1
M	TCCGACTAGTGCTCGC-1	CD79A	1
M	CTTAATCCAACGCAAG-1	FLT3	2
M	GCGCATGAGGGTTCTT-1	ITK	1
M	TGATGCAAGTTCTCCC-1	ZBTB46	2
M	GCGCATGGTTGGACGA-1	SKAP1	4
M	GCTGAGCAGTCGAGCA-1	THEMIS	1
M	GTCTACCTCCAGAATC-1	THEMIS	2
M	TTCGGTCCAGTAGTTC-1	EBF1	1
M	TGCGTAAGTGTCTCGG-1	CD28	1
M	GCGGGTTCATGCCCTT-1	CD28	1
M	GTTATTCAGGATTTGA-1	PECAM1	3
M	CGTAAACTCGCATAAC-1	COL1A1	1
M	TGTGGCGAGAAGCCGT-1	PAX5	1
M	CCGTAGGAGAGGCCTA-1	BANK1	2
M	AAATGAGGTATCTCAG-1	BANK1	4
M	TGGTCAACACAGTTCA-1	BANK1	1
M	TTGCACCCAGGGTAAC-1	GNLY	1
M	CTGTATTAGATGCGAC-1	KIR2DL4	1
M	TGATTTCAGGAGTACC-1	CD79A	1
M	TAGGTCACATGGCCCA-1	ITGAM	1
M	TGATGCAAGTTCTCCC-1	KLRD1	3
M	GACCCAGGTTGAATAG-1	NCAM1	3
M	CTTGCCAGTATTCTCT-1	TXK	1
M	TTCTAACGTCAATCCA-1	CD28	1
M	AGTGCCGAGTCGACCC-1	NCR1	1
M	TTACGTTCACCACAGC-1	ITGAM	1
M	GTCACAACATTCACCC-1	SPI1	1
M	TAGACTGAGCAATGTA-1	LCK	3
M	TGTTAGGCATTAGCCA-1	THEMIS	1
M	ATGTCGAAGCCCATGC-1	ITK	5
M	AATACGCTCAAGTTGC-1	CSF1R	1
M	TGCTTTAGTGTTGTTG-1	CD8A	4
M	TTGTTCAGTGGCGCTT-1	KIR2DL4	2
M	ACGGATTTCGTTACAG-1	SKAP1	1
M	TTTGGCCCACAGTTAC-1	KLRF1	1
M	GTAATCGCAATGTAAG-1	CD6	2
M	ACTAGGTGTTATCGAC-1	EOMES	3
M	AAATGCCGTCATCGTA-1	NCR1	1
M	AGATAGAGTTGCTTGA-1	NKG7	2
M	AGCCCGATCCTGGAAT-1	NKG7	1
M	CCAATGAAGGGTTCCC-1	COL1A1	1
M	TACTGCCCAGTAAGCG-1	FLT3	1
M	TAGCTTTTCAGTCTTT-1	DCN	1
M	TAGCATGAGGCCAATG-1	VWF	1
M	TTCATTGTCGGTTGTA-1	CD3D	2
M	AAGGTTCCAAATTCCG-1	SH2D1B	2
M	TCGATTTAGTTTGGAA-1	EBF1	1
M	CAGCTAACAGAAAGAG-1	ITK	1
M	ATGTCGATCCGGGCAT-1	BANK1	2
M	GTGACATGTTTGCATG-1	TXK	2
M	AACCGATGTGCGTTTA-1	NCR1	1
M	ACGTTAGTCACTTACT-1	KLRC1	1
M	GGTAGGAGTGCACTTA-1	PAX5	1
M	ACTACGAAGCGCCTAC-1	THEMIS	1
M	TGTGTCCTCGTCCCAT-1	IL7R	3
M	TCACTCGTCGCATAAC-1	IL7R	1
M	ACGTGGCAGCTGAGGT-1	PECAM1	1
M	GCACCTTCACTGTTAG-1	PECAM1	4
M	CCTGGGACAGAACGAC-1	PECAM1	1
M	TAATTCCGTCACTCTC-1	NCAM1	4
M	GGAGAACAGTATAGTG-1	PRF1	1
M	TAGGAGGTCACTCGGG-1	PAX5	1
M	TTCGATTGTAATGTAG-1	EBF1	2
M	TTTGAGGTCAATGCAC-1	ITK	4
M	GCATGATAGACTAATG-1	MERTK	1
M	AAACGAAAGCGGACAT-1	CD3D	4
M	TGAATCGCATTACACG-1	CD3E	1
M	ACTGTCCGTGTCTCGG-1	LCK	2
M	AAGGAGCAGATCACCT-1	THEMIS	4
M	GTGCTGGAGTAGTGTA-1	TXK	1
M	TAGACTGGTTCAGAAA-1	CD8A	5
M	AACAAAGAGCATGATA-1	SKAP1	2
M	CTTAATCCACAGAAGC-1	IRF8	2
M	GAGATTCCAACGTAGG-1	VWF	2
M	CTGGGACCAACCTCCT-1	PRF1	4
M	TTAGCGACACGATTAC-1	SH2D1B	1
M	TTACTTGAGTCTCGAT-1	ITK	6
M	AGCTGTAGTTATGCAC-1	ITK	3
M	TTCATCACACACACCG-1	ITK	5
M	GGAGTAGGTCATAGAA-1	NCR1	1
M	CATGCCTAGGGAGTTC-1	NKG7	1
M	TAGGAGGTCATTCATC-1	SKAP1	1
M	CAAAGCTGTCATAGAA-1	SKAP1	4
M	CTCAACCCACAGGAAC-1	NCAM1	1
M	TCACCTGAGGCCTCTG-1	PRF1	1
M	AGCGTGCTCTTCTTCC-1	EBF1	1
M	TGATTTCCAATCATCG-1	ITK	6
M	CAACGTAGTATATGGA-1	ITK	1
M	CCGTAGGAGCATGTGG-1	BANK1	1
M	GGAGTAGTCCTGGGAC-1	TXK	2
M	GCTGTTCAGAGCTCCC-1	CD79A	1
M	TACTGCCCAGTAAGCG-1	KRT8	1
M	GCTTGCTCAAGTCCTA-1	CD6	1
M	GACCAATGTATTCTGG-1	PRF1	4
M	CTTAATCCACAGAAGC-1	PRF1	2
M	CTACTTACAAGCCCTG-1	CD160	3
M	GTTGGTAGTAGTCTGT-1	CD79A	1
M	TGCTCGTGTATGGGTG-1	MRC1	2
M	CCAATGACAGGTGGTA-1	SH2D1B	1
M	TGACTCCGTGGTTCTA-1	EBF1	2
M	TGTAAGCTCCCAGCAG-1	BANK1	1
M	TTCGCGTAGGTTGTTC-1	CD79B	1
M	TGATTTCAGGAGTACC-1	IRF8	5
M	CGCTGGAAGATGAGGA-1	CDH1	1
M	GGTGTCGAGACAACGC-1	KLRF1	1
M	CATAACGCAACGAGGT-1	NCAM1	4
M	CTGTATTAGTGATTAG-1	PRF1	2
M	TTCATCAAGAGCCACA-1	PRF1	1
M	TGTAAGCGTCCAAGAG-1	MRC1	1
M	AGCCGCACAACAACTC-1	ITK	2
M	AACGAGGCACATTGCA-1	TXK	2
M	GTAGGAGGTCCGTGCA-1	CD79A	3
M	TCAGTCCTCTTCCGTG-1	ITK	13
M	ATCCAGAGTTTCGTTT-1	EOMES	1
M	ACAGCGCTCAAATGGA-1	CD8A	1
M	GCCTAGGCAAAGCATA-1	SKAP1	3
M	GGCATTAAGTAGTGTA-1	ZBTB46	1
M	AACGAGGAGCAACGGT-1	CD79A	2
M	GCTCGAGCATCGTACA-1	SKAP1	3
M	GCCCAGAGTGGTAGAC-1	VWF	1
M	CAGCTAACAGAAAGAG-1	NCAM1	1
M	TCTAGTTTCAAGAGGC-1	SH2D1B	2
M	GCCTACTCAGATAAGT-1	IL7R	2
M	CGCAATATCGACTGGC-1	NKG7	1
M	CACAACACAAACGACG-1	CD79A	2
M	CCGTACTGTCCAGACC-1	PECAM1	3
M	CGCTATCCAACATAAG-1	IRF8	1
M	GGTCATAAGAAATTCG-1	CDH1	1
M	GTTGGTACATTATGGC-1	KLRF1	1
M	ATCCTCGAGTGTCGGA-1	KLRF1	2
M	GGAGGATTCTTGCGCT-1	CD4	1
M	GAGGCTCGTAACGGCA-1	SH2D1B	2
M	GGAATCTAGAACAGGA-1	SH2D1B	1
M	TATGTTCTCAAAGTAG-1	CSF1R	1
M	TTGCTTAGTGCGACCT-1	BANK1	1
M	TAAGTGCAGCTTACCA-1	EOMES	1
M	CCCTGATTCTCTGACC-1	ZBTB46	3
M	ATGTCTTGTTGGTAAA-1	CD79A	1
M	GAGGCTCAGCTCCGGT-1	SKAP1	1
M	ATCCTCGCATTACACG-1	SPI1	2
M	AGCCAGCTCTTCACTA-1	THEMIS	8
M	GTTATGGTCCTCTCTT-1	EBF1	3
M	CACATGAAGGTAGGAA-1	ITK	2
M	CATAACGCATATAGAG-1	EOMES	1
M	ACTTCCGTCGTGCTTC-1	NCAM1	1
M	GTTGGGCAGGCTCCTG-1	LCK	2
M	CCTAAAGAGTAATCAG-1	EBF1	1
M	TAAGTGCGTGCAACAG-1	ITK	2
M	GTGCTGGAGAGCTGTG-1	CD28	4
M	ACGTGGCCAAGACTAA-1	FLT3	7
M	GTGCCAGTCGACTGGC-1	KLRD1	1
M	AGCCTCTAGAGGTACC-1	NCAM1	1
M	GCTCAGGCATCGTGAT-1	SPI1	2
M	ATTCGTTCAAGAGATT-1	SKAP1	1
M	GTGGATTAGGCGTAGT-1	CD68	3
M	AGACAAACAGAAGTGC-1	MRC1	2
M	TGCTCACGTAACAATG-1	LCK	2
M	CTAGGATTCTCTGTTA-1	ITK	3
M	TGACAACCATACCCGG-1	CSF1R	2
M	GAGGCTCTCTGATCTT-1	CSF1R	1
M	AGCCTGGGTACGGAGT-1	SKAP1	1
M	GGTCATACATTACTCT-1	CD6	1
M	CTTGCTGTCCACGGCA-1	PAX5	1
M	TAAGTGCCACAGTTAC-1	NCR1	2
M	GCTCCTATCGTCGCAG-1	KIR2DL4	1
M	ATAGGCTGTCAAGACG-1	COL1A1	1
M	CCTGGGATCGTCTTAT-1	SKAP1	2
M	AACCTGACACATCATG-1	IRF8	2
M	ACATGCAGTATTTGCG-1	DCN	1
M	CAGCTAATCGCGCTGA-1	DCN	1
M	TCAATTCAGACTAGGC-1	LCK	1
