AAACGAAAGAGGAATG-1	B	11
AAACGAAAGATGGGAA-1	NK	3
AAACGAAAGGTCCTCG-1	Myeloid	6
AAACGAAAGTCCCTCT-1	NK	3
AAACGAAAGTTCAAGA-1	B	19
AAACGAACAATAGCGG-1	NK	3
AAACGAACAATCACTG-1	Myeloid	1
AAACGAACACGTTACA-1	Myeloid	6
AAACGAACAGAGATGC-1	NK	3
AAACGAACAGGCATTT-1	B	8
AAACGAACAGGTAACG-1	NK	3
AAACGAACATTACCTT-1	B	0
AAACGAAGTAGCATGG-1	T	4
AAACGAAGTAGTATCC-1	NK	7
AAACGAATCACAAGCT-1	B	9
AAACGAATCACTCCCA-1	NK	5
AAACGAATCATGTTCT-1	Stromal	12
AAACGAATCATTCGGA-1	B	19
AAACGAATCATTCTTG-1	T	4
AAACGAATCCAATCCC-1	NK	7
AAACGAATCTCATATC-1	B	2
AAACTCGAGAGCACTG-1	NK	3
AAACTCGAGGAAACTT-1	Myeloid	10
AAACTCGAGGCAGTAC-1	NK	7
AAACTCGAGGCCTAAG-1	T	18
AAACTCGAGTACAGTA-1	B	2
AAACTCGAGTCACGCC-1	B	9
AAACTCGCAAACCTAC-1	Myeloid	6
AAACTCGCAATGCCAT-1	B	8
AAACTCGCAGAATGCG-1	T	4
AAACTCGCAGAGATGC-1	T	4
AAACTCGCATACCCGG-1	Myeloid	10
AAACTCGGTAGAAAGG-1	NK	7
AAACTCGGTAGAATAC-1	Myeloid	1
AAACTCGGTATCTCAG-1	T	14
AAACTCGGTATGTTCG-1	B	11
AAACTCGGTCATAAGA-1	Myeloid	10
AAACTCGGTCCCTAAA-1	B	11
AAACTCGGTCCTCAGG-1	Stromal	12
AAACTCGGTGAGCTAG-1	B	9
AAACTCGGTGTAGGAC-1	T	18
AAACTCGGTTGGCGAA-1	B	11
AAACTCGTCGAAGCCC-1	B	0
AAACTCGTCGCAACTA-1	Stromal	12
AAACTCGTCGGGAATG-1	Myeloid	1
AAACTGCAGAAGACTT-1	NK	7
AAACTGCAGACTCGGA-1	B	8
AAACTGCAGCGAGCTA-1	NK	7
AAACTGCAGCGATACG-1	B	9
AAACTGCAGCGTTGCC-1	NK	3
AAACTGCAGGCTTTAC-1	B	2
AAACTGCAGGTAGGCT-1	T	4
AAACTGCCAAATAGTG-1	B	19
AAACTGCCAACGGGTA-1	B	16
AAACTGCCAAGGGTAC-1	NK	7
AAACTGCCACAGATGG-1	B	2
AAACTGCCACATAAAG-1	Myeloid	10
AAACTGCCACTGGGCT-1	T	4
AAACTGCCACTGTCAA-1	T	4
AAACTGCCACTGTTAG-1	Myeloid	10
AAACTGCCACTTGCGG-1	B	11
AAACTGCCAGACTAAA-1	Stromal	12
AAACTGCCATTCCCGT-1	NK	3
AAACTGCCATTGCGAT-1	Myeloid	6
AAACTGCGTACCCACG-1	NK	5
AAACTGCGTAGCAGCA-1	Myeloid	6
AAACTGCGTATACGCT-1	Myeloid	10
AAACTGCGTATCTGCA-1	B	2
AAACTGCGTCGAGAAC-1	B	17
AAACTGCGTGATGTGG-1	B	11
AAACTGCGTGCCAAGA-1	B	9
AAACTGCGTGTTTCTT-1	Myeloid	1
AAACTGCGTTAGAGAT-1	T	18
AAACTGCTCAACTTGG-1	B	11
AAACTGCTCGCTACCT-1	Myeloid	15
AAACTGCTCGGCTATA-1	NK	7
AAACTGCTCGTCTTAT-1	T	4
AAACTGCTCTATAGGC-1	B	0
AAAGATGAGAATGCTA-1	B	16
AAAGATGAGACACAAT-1	B	17
AAAGATGAGATATGAC-1	T	18
AAAGATGAGCCGCTGT-1	B	8
AAAGATGAGCGTATCT-1	B	11
AAAGATGAGTAATCAG-1	NK	7
AAAGATGAGTCTGCTA-1	NK	3
AAAGATGAGTGATTAG-1	NK	3
AAAGATGCAAGAGATT-1	Stromal	12
AAAGATGCAAGGAGGG-1	B	9
AAAGATGCAATGCACT-1	B	9
AAAGATGCACAGCTTA-1	Myeloid	1
AAAGATGCACTGTCGG-1	T	18
AAAGATGCATCATCGA-1	T	14
AAAGATGGTAACTCCA-1	B	11
AAAGATGGTGCTTTGA-1	Myeloid	10
AAAGATGGTTCCTATT-1	Myeloid	6
AAAGATGGTTCTGAAC-1	Myeloid	6
AAAGATGGTTTGATCG-1	B	2
AAAGATGGTTTGCGAT-1	NK	3
AAAGATGTCACACGTA-1	NK	5
AAAGATGTCACTCGGG-1	B	9
AAAGATGTCACTGATG-1	T	14
AAAGATGTCCCACGGA-1	Myeloid	1
AAAGATGTCGACTTAG-1	B	0
AAAGATGTCTACCCGT-1	B	11
AAAGATGTCTCATCCG-1	Myeloid	1
AAAGATGTCTCGGCGA-1	B	8
AAAGATGTCTTGCGCT-1	Myeloid	1
AAAGGATAGAAGCCGT-1	NK	5
AAAGGATAGACTAATG-1	NK	3
AAAGGATAGCACCATT-1	NK	7
AAAGGATAGTAACACA-1	B	19
AAAGGATAGTAGGTCG-1	B	9
AAAGGATAGTGTCCCG-1	B	0
AAAGGATAGTGTCGGA-1	B	9
AAAGGATCAACCTCTC-1	B	17
AAAGGATCACTAAACC-1	Myeloid	1
AAAGGATCAGCGCGTT-1	T	4
AAAGGATCATCGTACA-1	Myeloid	15
AAAGGATCATGGCCTG-1	T	14
AAAGGATCATGGGTGA-1	B	2
AAAGGATGTCAGTGCC-1	Myeloid	1
AAAGGATGTCATTGGT-1	B	16
AAAGGATGTCCAGACC-1	Stromal	12
AAAGGATTCCATGTTT-1	B	17
AAAGGATTCCCGCAAG-1	NK	5
AAAGGATTCGCAACTA-1	B	8
AAAGGATTCGCCCTTA-1	B	8
AAAGGATTCGCTCTAC-1	Stromal	12
AAAGGATTCGTGAACT-1	NK	5
AAAGGGCAGATATGAC-1	B	8
AAAGGGCAGGAACCGT-1	B	11
AAAGGGCAGGTCTTTG-1	B	2
AAAGGGCAGTCATACC-1	Myeloid	1
AAAGGGCAGTGATTAG-1	Myeloid	1
AAAGGGCAGTTCAAGA-1	Myeloid	1
AAAGGGCCAAACCCTA-1	NK	3
AAAGGGCCAAGGACCA-1	NK	3
AAAGGGCCACTGTCGG-1	NK	3
AAAGGGCCAGCAACAG-1	Myeloid	6
AAAGGGCCATGCTATG-1	Myeloid	1
AAAGGGCGTAACCGAG-1	B	19
AAAGGGCGTACCCATA-1	B	8
AAAGGGCGTCATAAGA-1	Myeloid	6
AAAGGGCGTCCATTGA-1	NK	3
AAAGGGCGTCTCTGCT-1	Myeloid	15
AAAGGGCGTCTTAGCA-1	B	9
AAAGGGCGTGCACCCA-1	NK	5
AAAGGGCGTGGTTCTA-1	NK	7
AAAGGGCGTTATAGAG-1	Myeloid	1
AAAGGGCGTTCATTTC-1	B	11
AAAGGGCGTTTGCATG-1	Stromal	12
AAAGGGCTCAGATACC-1	T	18
AAAGGGCTCAGGCGCT-1	T	14
AAAGGGCTCCTCAAGA-1	B	19
AAAGGGCTCGACTATG-1	B	19
AAAGGGCTCGCTCTAC-1	Myeloid	10
AAAGGGCTCTGATCCC-1	B	17
AAAGGGCTCTTACGGA-1	NK	3
AAATGAGAGCGTCAAG-1	NK	7
AAATGAGAGCTTTCCC-1	NK	3
AAATGAGAGGTTCGTT-1	Myeloid	1
AAATGAGCACAAACAA-1	Myeloid	10
AAATGAGCAGGACTGA-1	B	11
AAATGAGCAGTAAGCG-1	B	9
AAATGAGGTAAACCCT-1	B	2
AAATGAGGTACAAGCG-1	B	11
AAATGAGGTCAAGACG-1	Myeloid	15
AAATGAGGTCGACTGC-1	T	14
AAATGAGGTGATAACA-1	B	2
AAATGAGGTTACCACA-1	Myeloid	1
AAATGAGTCCAGAATC-1	B	9
AAATGAGTCCCAGCAG-1	NK	3
AAATGAGTCCGGAAAG-1	B	9
AAATGAGTCCTCTCTT-1	T	4
AAATGAGTCCTGGGAC-1	NK	7
AAATGAGTCGCCCTTA-1	Myeloid	6
AAATGAGTCGTTACAG-1	Myeloid	1
AAATGAGTCTAGCAAC-1	Myeloid	1
AAATGAGTCTCCTTAA-1	Myeloid	1
AAATGCCAGAAATACC-1	B	2
AAATGCCAGAGAACCC-1	B	9
AAATGCCAGAGATTAC-1	B	0
AAATGCCAGCAGAATT-1	B	11
AAATGCCAGGTCTTTG-1	NK	3
AAATGCCAGTACGCGA-1	B	8
AAATGCCCAACTCAAC-1	NK	3
AAATGCCCAATTAGGA-1	NK	7
AAATGCCCACCTGGTG-1	NK	3
AAATGCCCAGGCACAA-1	Myeloid	1
AAATGCCCATAGAATG-1	T	18
AAATGCCCATCATAGC-1	B	19
AAATGCCGTAAACGTA-1	NK	5
AAATGCCGTACAAATG-1	T	18
AAATGCCGTACGAGAC-1	B	8
AAATGCCGTAGAATAC-1	Myeloid	1
AAATGCCGTAGGTGAC-1	T	18
AAATGCCGTCATTGGT-1	T	18
AAATGCCGTGCCAAGA-1	B	2
AAATGCCGTTCATTTC-1	Myeloid	13
AAATGCCGTTTCTCTA-1	B	11
AAATGCCTCAGTCAAC-1	NK	7
AAATGCCTCCGTACGG-1	B	8
AAATGCCTCCTGACCT-1	T	18
AAATGCCTCGATGTGT-1	B	11
AAATGCCTCTCGGCGA-1	T	14
AACAAAGAGAGGCAGG-1	Myeloid	6
AACAAAGAGCCCATGC-1	NK	3
AACAAAGAGGAACCGT-1	B	11
AACAAAGAGGCTTTAC-1	Myeloid	1
AACAAAGAGGGAAATG-1	Myeloid	10
AACAAAGAGTACCTCA-1	Myeloid	1
AACAAAGAGTCACGCC-1	B	9
AACAAAGCAAACCTAC-1	B	11
AACAAAGCAAAGGCCA-1	T	14
AACAAAGCAAGTTCGT-1	Myeloid	10
AACAAAGCACCACAGC-1	NK	3
AACAAAGCAGTAAGAT-1	B	19
AACAAAGCAGTGGTCC-1	T	4
AACAAAGCATCCTGGG-1	B	19
AACAAAGCATTCACGA-1	Myeloid	6
AACAAAGCATTTGGTG-1	B	19
AACAAAGGTAATGCCT-1	Stromal	12
AACAAAGGTAATGTAG-1	Stromal	12
AACAAAGGTAGCATGG-1	B	17
AACAAAGGTAGGTGAC-1	Myeloid	1
AACAAAGGTCCTCAGG-1	Myeloid	1
AACAAAGGTCGAGAAC-1	T	14
AACAAAGGTGAATCGG-1	T	18
AACAAAGGTGGAAAGA-1	Myeloid	6
AACAAAGGTGTTAGAA-1	NK	3
AACAAAGTCAGCCGGT-1	Myeloid	10
AACAAAGTCCAAACCA-1	B	19
AACAAAGTCCGTCAAA-1	NK	7
AACAAAGTCGTGATAC-1	B	11
AACAAAGTCGTGGCGT-1	B	11
AACAAAGTCTCGTGAA-1	Myeloid	1
AACAAAGTCTGTTGCC-1	Myeloid	15
AACAAAGTCTTCCGTG-1	B	9
AACAAAGTCTTGTCAT-1	T	4
AACAGTCAGAATCAGT-1	T	18
AACAGTCAGCTATCCA-1	B	9
AACAGTCAGGGACGTT-1	Myeloid	1
AACAGTCAGGTACTCT-1	T	4
AACAGTCAGTGGACGT-1	T	18
AACAGTCCAAGCTTTG-1	NK	3
AACAGTCCACATTGCA-1	T	14
AACAGTCCACGTTAGT-1	Myeloid	13
AACAGTCCAGCAGGTA-1	Myeloid	10
AACAGTCCAGCGTGAA-1	B	2
AACAGTCCAGCTTACA-1	NK	3
AACAGTCCATAGCAGG-1	B	11
AACAGTCCATGGTTTG-1	T	14
AACAGTCCATTTGGCA-1	Myeloid	1
AACAGTCCATTTGGTG-1	NK	5
AACAGTCGTAAACGAT-1	Myeloid	6
AACAGTCGTACGGTTT-1	NK	3
AACAGTCGTCAGCAAG-1	NK	7
AACAGTCGTCCAAGAG-1	NK	3
AACAGTCGTCTAAGAA-1	B	0
AACAGTCGTCTGGATT-1	T	18
AACAGTCGTCTGTCCT-1	NK	7
AACAGTCGTTGGCGAA-1	Stromal	12
AACAGTCGTTTCAGCA-1	T	4
AACAGTCTCAAGGCCC-1	Myeloid	1
AACAGTCTCAGGCGCT-1	NK	7
AACAGTCTCCACGGCA-1	Myeloid	6
AACAGTCTCGAAGCCC-1	B	11
AACAGTCTCGCCTTAC-1	B	11
AACATCGAGATATGTG-1	Myeloid	10
AACATCGAGCGAGAAA-1	B	2
AACATCGAGGAAGAAC-1	B	9
AACATCGAGGAGAACA-1	Myeloid	10
AACATCGAGTAACATG-1	Stromal	12
AACATCGAGTCGTACT-1	B	19
AACATCGCAACGCACC-1	Myeloid	6
AACATCGCAACTACTG-1	Myeloid	1
AACATCGCAAGGACCA-1	T	4
AACATCGCACTGTCAA-1	B	0
AACATCGCACTTATGG-1	Myeloid	15
AACATCGCAGAGAGAA-1	Myeloid	6
AACATCGCAGATAAGT-1	B	9
AACATCGCAGCAAACG-1	B	9
AACATCGCAGCGTACC-1	Myeloid	1
AACATCGCATCATAGC-1	NK	7
AACATCGCATTACACG-1	B	16
AACATCGGTAACAATG-1	B	17
AACATCGGTAACATAG-1	B	19
AACATCGGTAGGTAAT-1	NK	7
AACATCGGTCCGGTAC-1	Stromal	12
AACATCGGTGATGCGA-1	T	18
AACATCGGTTCTTAGG-1	B	9
AACATCGTCAATGCAC-1	Myeloid	6
AACATCGTCAGGGTTT-1	Stromal	12
AACATCGTCATACTTC-1	B	8
AACATCGTCATCGCAA-1	B	2
AACATCGTCCTTTGAT-1	Myeloid	1
AACCAACAGAGATTAC-1	B	9
AACCAACAGATATGAC-1	Myeloid	6
AACCAACAGCGTAGCA-1	B	9
AACCAACAGTAACATG-1	Myeloid	6
AACCAACAGTAATCAG-1	T	18
AACCAACCAAAGGCCA-1	T	4
AACCAACCAAATGCTC-1	T	18
AACCAACCAACTCCCT-1	B	0
AACCAACCAACTCGAT-1	T	14
AACCAACCAAGACACG-1	Stromal	12
AACCAACCACCGATCG-1	B	0
AACCAACCACGCTCAG-1	B	19
AACCAACCACGCTGTG-1	Myeloid	6
AACCAACCAGATGGCA-1	NK	7
AACCAACCAGGACTGA-1	T	18
AACCAACCAGGCTACC-1	B	2
AACCAACCATCCTCGT-1	T	14
AACCAACGTAGCTGTT-1	NK	3
AACCAACGTCAGTGCC-1	NK	3
AACCAACGTCATCAAC-1	Myeloid	6
AACCAACGTGACCAGA-1	Myeloid	1
AACCAACGTGCACTTA-1	NK	3
AACCAACGTGCATTGT-1	Myeloid	1
AACCAACGTTCTTTCA-1	T	18
AACCAACTCAATGCAC-1	Myeloid	15
AACCAACTCCCGAAGC-1	B	0
AACCAACTCCGGAAAG-1	T	18
AACCAACTCCGTGCAG-1	Myeloid	6
AACCAACTCGATAGCT-1	T	18
AACCAACTCGCGCTGA-1	Myeloid	6
AACCAACTCGCTTCAC-1	Myeloid	13
AACCGATAGAACCATA-1	T	18
AACCGATAGACAACGC-1	NK	5
AACCGATAGACACGGT-1	NK	5
AACCGATAGCGTCTGC-1	B	11
AACCGATAGGGCGAAG-1	B	2
AACCGATAGTAACACA-1	B	2
AACCGATAGTCGAGCA-1	B	19
AACCGATAGTTCGTTG-1	B	0
AACCGATCAAAGAAGG-1	NK	3
AACCGATCACAATAAG-1	NK	3
AACCGATCACACATGT-1	T	18
AACCGATCACTCCTCA-1	NK	3
AACCGATCATGCGACC-1	Myeloid	6
AACCGATCATTCTCGC-1	NK	7
AACCGATGTACCCATA-1	NK	7
AACCGATGTCCATTGA-1	B	8
AACCGATGTCGCGCTA-1	NK	7
AACCGATGTGAGGGTT-1	B	2
AACCGATGTGATAAGT-1	B	0
AACCGATGTGGAGTGT-1	B	2
AACCGATGTGGATTTC-1	T	4
AACCGATTCAAGTTGC-1	B	8
AACCGATTCAGGTCTA-1	NK	5
AACCGATTCCAGCACG-1	T	14
AACCGATTCCAGGTCG-1	NK	5
AACCGATTCCGGGCAT-1	Myeloid	15
AACCGATTCGTGCTGG-1	B	9
AACCGATTCTATTTCG-1	NK	7
AACCTGAAGAACGTCG-1	T	14
AACCTGAAGAGCCACA-1	B	11
AACCTGAAGAGGTACC-1	Myeloid	13
AACCTGAAGATGTTGA-1	NK	7
AACCTGAAGCAACGGT-1	NK	7
AACCTGAAGGCCTCTG-1	B	11
AACCTGAAGTAGACCG-1	Myeloid	1
AACCTGACAAAGAGAG-1	Myeloid	1
AACCTGACAAAGCTTC-1	Myeloid	15
AACCTGACAACACGGA-1	B	9
AACCTGACAACGTAGG-1	NK	5
AACCTGACACAACGGA-1	Myeloid	6
AACCTGACAGTATCTG-1	Myeloid	1
AACCTGACAGTTGGAG-1	B	19
AACCTGACATGTATCG-1	Myeloid	6
AACCTGAGTACTAGAA-1	NK	3
AACCTGAGTCCGGTAC-1	B	11
AACCTGAGTGAGTAAT-1	T	14
AACCTGAGTGTAGGAC-1	Myeloid	15
AACCTGAGTTCACGTA-1	Myeloid	6
AACCTGATCGAGTTAC-1	B	9
AACCTGATCGCTATAG-1	NK	5
AACCTGATCGCTCGGA-1	Myeloid	1
AACCTGATCGTCGCAG-1	Myeloid	10
AACCTGATCTAGTCGA-1	Myeloid	6
AACCTGATCTCGACCT-1	NK	3
AACCTTTAGAGAATTC-1	T	18
AACCTTTAGATATGTG-1	T	18
AACCTTTAGGTTCGTT-1	Stromal	12
AACCTTTAGTGTCGCC-1	NK	7
AACCTTTCAAACCCTA-1	Stromal	12
AACCTTTCAAACGTTC-1	Myeloid	6
AACCTTTCAAGCACTT-1	NK	7
AACCTTTCAAGGTCGA-1	Myeloid	15
AACCTTTCAGGAGCAT-1	B	11
AACCTTTCAGGGAGTT-1	B	11
AACCTTTCAGGTAGGT-1	B	9
AACCTTTCAGTAACTC-1	Stromal	12
AACCTTTCATAGATAG-1	T	18
AACCTTTCATCCCTTG-1	T	4
AACCTTTCATCCTGGG-1	T	14
AACCTTTCATGGGTGA-1	B	0
AACCTTTCATTGATGC-1	Myeloid	1
AACCTTTGTACCAAGG-1	B	8
AACCTTTGTATCTGCA-1	Myeloid	6
AACCTTTGTCGAGAAC-1	Myeloid	1
AACCTTTGTCGTAGTT-1	B	9
AACCTTTGTGGACAGT-1	Myeloid	6
AACCTTTGTGTGACCC-1	Myeloid	6
AACCTTTTCACACGTA-1	B	19
AACCTTTTCCAATAGC-1	B	9
AACCTTTTCCCAATAG-1	Myeloid	1
AACCTTTTCCCAGCGA-1	NK	5
AACCTTTTCCCTAAAG-1	B	9
AACCTTTTCGCTGATA-1	Myeloid	10
AACCTTTTCGCTTACC-1	Myeloid	1
AACCTTTTCTATCTTG-1	Myeloid	15
AACGAGGAGAGAGGTA-1	T	4
AACGAGGAGAGCGAAA-1	T	14
AACGAGGAGAGCTACG-1	T	18
AACGAGGAGCAACGGT-1	B	8
AACGAGGAGCGCAATG-1	NK	3
AACGAGGAGGGAAGCG-1	T	14
AACGAGGAGTCATCTG-1	Myeloid	15
AACGAGGAGTCGGGAT-1	B	8
AACGAGGAGTGTGTAA-1	Myeloid	13
AACGAGGCAACGACAG-1	Myeloid	6
AACGAGGCAAGGTTCT-1	Myeloid	10
AACGAGGCAAGTTGCT-1	B	9
AACGAGGCACGCGCAT-1	NK	3
AACGAGGCACTACACA-1	B	16
AACGAGGCACTCCTCA-1	NK	5
AACGAGGCAGGTCTGC-1	Myeloid	6
AACGAGGCAGTATCTG-1	B	19
AACGAGGCATCCCTTG-1	B	2
AACGAGGCATGGGACA-1	Myeloid	1
AACGAGGCATTCTTTG-1	Myeloid	15
AACGAGGGTACGGATG-1	T	4
AACGAGGGTATTGTGC-1	B	11
AACGAGGGTCAATCCA-1	Myeloid	6
AACGAGGGTCGTCGCA-1	NK	7
AACGAGGGTCTCTGCT-1	B	9
AACGAGGGTGATAGAT-1	Myeloid	6
AACGAGGGTGCGCTCA-1	T	18
AACGAGGGTTCTTTGT-1	B	0
AACGAGGTCAGGTCTA-1	Myeloid	6
AACGAGGTCATTCTTG-1	B	9
AACGAGGTCCATTGAG-1	NK	5
AACGAGGTCCCAGTAA-1	B	9
AACGAGGTCCCGCAAG-1	Myeloid	6
AACGAGGTCGAACACT-1	Myeloid	1
AACGAGGTCGAGGTAG-1	T	18
AACGAGGTCGCACAAT-1	Myeloid	1
AACGAGGTCGGTCTCT-1	B	2
AACGAGGTCGGTTAGT-1	Myeloid	6
AACGAGGTCTACTGCC-1	Myeloid	10
AACGAGGTCTTCCAGC-1	B	2
AACGGGAAGACTTGAA-1	B	19
AACGGGAAGATTACGA-1	T	4
AACGGGAAGCTGATTC-1	T	18
AACGGGAAGGCGTAGT-1	Myeloid	10
AACGGGAAGGTTTCTG-1	B	9
AACGGGAAGTAACATG-1	T	14
AACGGGAAGTCCGGAA-1	Myeloid	1
AACGGGACACGCGCAT-1	B	9
AACGGGACACGTTAGT-1	Myeloid	1
AACGGGAGTACCCATA-1	Myeloid	6
AACGGGAGTAGAAGCC-1	Myeloid	1
AACGGGAGTCAACTAC-1	B	19
AACGGGAGTCCTTATT-1	T	14
AACGGGAGTCTGCACG-1	T	4
AACGGGAGTGCTGTCG-1	NK	5
AACGGGAGTTGGAGGT-1	Stromal	12
AACGGGATCACGATTG-1	NK	7
AACGGGATCCTAAAGC-1	T	14
AACGGGATCCTGTAGA-1	Myeloid	6
AACGGGATCTGAGTAC-1	T	18
AACGTACAGAACCATA-1	B	2
AACGTACAGAACGCCA-1	Myeloid	1
AACGTACAGAAGAGTG-1	T	4
AACGTACAGACACGGT-1	Myeloid	1
AACGTACAGAGCACTG-1	Myeloid	6
AACGTACAGATCTAAG-1	T	4
AACGTACAGGCGACTA-1	T	18
AACGTACAGGTTGTGG-1	Myeloid	6
AACGTACAGTAATCAG-1	Myeloid	10
AACGTACAGTACCACT-1	B	11
AACGTACAGTCCAGAG-1	T	14
AACGTACAGTCTAGAA-1	B	17
AACGTACAGTCTCGAT-1	Myeloid	15
AACGTACCAATTCTCT-1	T	14
AACGTACCACCTGTGG-1	Myeloid	6
AACGTACCAGAGATGC-1	Myeloid	6
AACGTACCAGCTTACA-1	Myeloid	13
AACGTACCATACCCGG-1	B	8
AACGTACCATGGGACA-1	Myeloid	15
AACGTACGTAGTCCAT-1	B	2
AACGTACGTATGTTCG-1	B	9
AACGTACGTATTCGCA-1	B	2
AACGTACGTATTTGCG-1	Myeloid	1
AACGTACGTCAATCCA-1	NK	7
AACGTACGTCAGAAAT-1	Myeloid	6
AACGTACGTGATGCGA-1	Myeloid	1
AACGTACGTTGCAGAG-1	B	11
AACGTACGTTTAAGCC-1	B	19
AACGTACTCACATCCC-1	B	19
AACGTACTCCACGGCA-1	NK	7
AACGTACTCCTGTGGG-1	Myeloid	15
AACGTACTCGGCATAT-1	Myeloid	6
AACGTACTCGTGCTGG-1	B	9
AACGTACTCTTCCACG-1	B	8
AACGTACTCTTTCGAT-1	B	19
AACTGGTAGAAATGGG-1	B	11
AACTGGTAGAACGTTA-1	B	17
AACTGGTAGATTGACA-1	NK	7
AACTGGTAGCCATGGA-1	T	4
AACTGGTAGCGAGCTA-1	B	11
AACTGGTAGGATATCA-1	B	16
AACTGGTAGGATGTCG-1	B	0
AACTGGTAGGGTGTTG-1	Myeloid	1
AACTGGTAGGTAAGTT-1	Stromal	12
AACTGGTAGTAACTCC-1	B	8
AACTGGTAGTCCCTCT-1	Myeloid	6
AACTGGTAGTCGTACT-1	Myeloid	6
AACTGGTAGTGATAAC-1	NK	7
AACTGGTAGTGCCCTG-1	T	4
AACTGGTCAAAGGCCA-1	B	11
AACTGGTCAAGCTTTG-1	T	14
AACTGGTCACACATGT-1	NK	3
AACTGGTCACCTGTGG-1	B	11
AACTGGTCATCCTGGG-1	B	16
AACTGGTGTACTAGAA-1	Myeloid	6
AACTGGTGTAGGTCTT-1	B	0
AACTGGTGTCAGAAGC-1	T	4
AACTGGTGTCCTCAGG-1	Myeloid	10
AACTGGTGTGATGTGG-1	Myeloid	1
AACTGGTGTGCGCTCA-1	Myeloid	10
AACTGGTGTGGACTGA-1	Myeloid	1
AACTGGTGTTTGTGAC-1	NK	7
AACTGGTTCACTACCC-1	B	0
AACTGGTTCCATGACA-1	T	18
AACTGGTTCCCAGCAG-1	Myeloid	6
AACTGGTTCCGTCAAA-1	Myeloid	1
AACTGGTTCGAGGTCC-1	B	9
AACTGGTTCGATAGCT-1	T	14
AACTGGTTCGATGTAC-1	Myeloid	6
AACTGGTTCGTTGTAG-1	Myeloid	1
AACTGTGAGAGTTCGG-1	B	2
AACTGTGAGCTACGTT-1	T	14
AACTGTGAGGATCCTT-1	B	19
AACTGTGAGGGTTCTT-1	T	14
AACTGTGAGTACCACT-1	B	19
AACTGTGAGTAGGAAG-1	B	11
AACTGTGAGTAGTTCC-1	B	2
AACTGTGCAAGAGCGT-1	NK	3
AACTGTGCAAGTTCGT-1	Myeloid	6
AACTGTGCACCTCGTT-1	T	18
AACTGTGCACGTTACA-1	Myeloid	1
AACTGTGCAGCAACAG-1	T	4
AACTGTGCAGTCCTGG-1	B	2
AACTGTGCAGTGCTCG-1	B	19
AACTGTGCATCAGCTA-1	B	8
AACTGTGCATTATGGC-1	B	19
AACTGTGCATTGCACA-1	Myeloid	1
AACTGTGGTAAGCCGA-1	B	2
AACTGTGGTCACAGTT-1	NK	5
AACTGTGGTGCAAGCA-1	T	4
AACTGTGGTGGGTAGT-1	NK	7
AACTGTGGTTTGCCAA-1	Stromal	12
AACTGTGTCACCACAA-1	Myeloid	1
AACTGTGTCAGTGGTT-1	B	19
AACTGTGTCATCGCAA-1	T	4
AACTGTGTCCAAGTCA-1	B	17
AACTGTGTCCGGCTGA-1	NK	7
AACTGTGTCTAAACGC-1	B	2
AACTTGGAGAAATTCG-1	B	0
AACTTGGAGACCGCAA-1	NK	3
AACTTGGAGAGGTCCA-1	NK	7
AACTTGGAGATCCGAG-1	T	14
AACTTGGAGATGTTGA-1	Myeloid	15
AACTTGGAGCGTGTTT-1	NK	7
AACTTGGAGGTGTCGA-1	NK	7
AACTTGGCAAGGTCGA-1	Myeloid	15
AACTTGGCACAACGGA-1	B	8
AACTTGGCACGGTTAT-1	NK	3
AACTTGGCAGATGGCA-1	B	8
AACTTGGCATCATGTG-1	Stromal	12
AACTTGGGTAACATAG-1	B	9
AACTTGGGTATTCTGG-1	B	11
AACTTGGGTCTGTCCT-1	Myeloid	6
AACTTGGGTCTGTGTA-1	Myeloid	1
AACTTGGGTTCTTTGT-1	Myeloid	6
AACTTGGTCAGTCACA-1	B	2
AACTTGGTCCACGGCA-1	T	4
AACTTGGTCCAGCACG-1	B	11
AACTTGGTCCAGGGAA-1	Myeloid	15
AACTTGGTCCTAAGTG-1	NK	5
AACTTGGTCGCGGCAT-1	B	19
AACTTGGTCTACTGCC-1	Myeloid	6
AACTTGGTCTACTTTG-1	NK	7
AAGATAGAGAATACTG-1	B	8
AAGATAGAGAATCAAC-1	T	14
AAGATAGAGAGCTGTG-1	NK	5
AAGATAGAGCGCCTAC-1	NK	3
AAGATAGAGCTGCCAC-1	T	4
AAGATAGAGTGCACAG-1	Myeloid	6
AAGATAGCAATAGTGA-1	Myeloid	6
AAGATAGCAATTGGCT-1	Myeloid	1
AAGATAGCACTCGCAG-1	Myeloid	1
AAGATAGCATGTGGGA-1	NK	3
AAGATAGGTAACCCAT-1	NK	7
AAGATAGGTACAAATG-1	B	11
AAGATAGGTACGACCC-1	Myeloid	6
AAGATAGGTATACGCT-1	T	18
AAGATAGGTCTCAAAC-1	Myeloid	10
AAGATAGGTGCATCAT-1	Myeloid	10
AAGATAGGTGTTTCTT-1	B	2
AAGATAGGTTCTTAGG-1	Myeloid	6
AAGATAGGTTTGACCA-1	T	4
AAGATAGTCAACTTGG-1	Myeloid	10
AAGATAGTCAGGTCTA-1	B	9
AAGATAGTCATGTTCT-1	Myeloid	6
AAGATAGTCGAGAACG-1	Myeloid	1
AAGATAGTCGAGTTAC-1	Myeloid	13
AAGATAGTCGCAAGCC-1	NK	7
AAGATAGTCTATTTCG-1	B	9
AAGATAGTCTCCTTAA-1	Stromal	12
AAGATAGTCTGGCACG-1	B	2
AAGGAGCAGAGGTGGG-1	Myeloid	1
AAGGAGCAGATCCGAG-1	B	9
AAGGAGCAGCAGTAGC-1	B	19
AAGGAGCAGCCTCGCA-1	T	14
AAGGAGCAGGTAGGAA-1	NK	3
AAGGAGCAGTACCACT-1	NK	3
AAGGAGCAGTAGGTCG-1	B	9
AAGGAGCAGTGGACGT-1	Stromal	12
AAGGAGCAGTTCAACC-1	Myeloid	6
AAGGAGCCAAGCAGGT-1	B	17
AAGGAGCCAAGGAACC-1	Myeloid	1
AAGGAGCCAATGAAAC-1	NK	3
AAGGAGCCAATTCAGC-1	T	18
AAGGAGCCACTACACA-1	Myeloid	1
AAGGAGCCAGTAGTTC-1	B	8
AAGGAGCCAGTCAGAG-1	B	9
AAGGAGCCATCAGCTA-1	NK	5
AAGGAGCGTCAGGTGA-1	Myeloid	1
AAGGAGCGTCCATTGA-1	Myeloid	6
AAGGAGCGTGCCGGTT-1	Stromal	12
AAGGAGCGTGGTTCTA-1	NK	3
AAGGAGCGTGTCCCAG-1	B	9
AAGGAGCGTGTGACCC-1	Stromal	12
AAGGAGCGTTCTTATC-1	Myeloid	6
AAGGAGCGTTGGAGGT-1	T	18
AAGGAGCGTTTCACCC-1	T	4
AAGGAGCGTTTCGACA-1	Myeloid	6
AAGGAGCGTTTCTCTA-1	B	8
AAGGAGCTCACGATTG-1	NK	3
AAGGAGCTCACTACCC-1	NK	7
AAGGAGCTCACTAGCA-1	B	9
AAGGAGCTCCATACCC-1	NK	3
AAGGAGCTCCTATCAT-1	B	0
AAGGAGCTCGGTTGTA-1	NK	3
AAGGTTCAGACACGGT-1	B	19
AAGGTTCAGAGGTCCA-1	B	0
AAGGTTCAGATGCGCA-1	B	9
AAGGTTCAGATGGCAC-1	B	2
AAGGTTCAGCTAGTTC-1	B	9
AAGGTTCAGTATACGA-1	Myeloid	15
AAGGTTCAGTCTCCAA-1	Myeloid	6
AAGGTTCAGTTGGAAT-1	B	9
AAGGTTCCAAACCTAC-1	T	14
AAGGTTCCAAAGAGAG-1	NK	3
AAGGTTCCACCGTTGG-1	B	19
AAGGTTCCACTGTCAA-1	B	2
AAGGTTCCACTTACAG-1	T	14
AAGGTTCCAGCAACCC-1	Myeloid	6
AAGGTTCCATCAGAAA-1	B	11
AAGGTTCGTACGTAGG-1	NK	3
AAGGTTCGTATTCTTC-1	B	2
AAGGTTCGTCAACAGG-1	T	14
AAGGTTCGTCCGTAGC-1	B	9
AAGGTTCGTCGGCTGT-1	B	17
AAGGTTCTCCGTTAGA-1	Myeloid	15
AAGGTTCTCCTCATTA-1	T	4
AAGGTTCTCCTGTGGG-1	T	14
AAGGTTCTCGCGTGAC-1	T	4
AAGGTTCTCTCTGACC-1	T	18
AAGGTTCTCTCTGCAC-1	Myeloid	13
AAGGTTCTCTTCACTA-1	T	14
AATACGCAGAAGACTT-1	NK	7
AATACGCAGATAGGTT-1	NK	7
AATACGCAGATATGTG-1	T	14
AATACGCAGATGCGAC-1	Myeloid	13
AATACGCAGCGTTGCC-1	Myeloid	1
AATACGCAGGAAGACA-1	Myeloid	10
AATACGCAGTACAGAT-1	B	2
AATACGCAGTAGACCG-1	B	11
AATACGCAGTCGGGAT-1	Myeloid	10
AATACGCAGTGGGACT-1	NK	7
AATACGCCAACACGGA-1	NK	3
AATACGCCACACACCG-1	B	11
AATACGCCAGGCATCC-1	B	8
AATACGCCAGGGCTTC-1	NK	7
AATACGCCATCACAAC-1	T	14
AATACGCCATCTCTCG-1	NK	7
AATACGCCATGCACTA-1	NK	7
AATACGCCATGGTTTG-1	B	2
AATACGCGTAACGGAC-1	B	19
AATACGCGTATGAAGT-1	T	18
AATACGCGTATTCGAC-1	T	14
AATACGCGTCAATACC-1	NK	7
AATACGCGTCAATCCA-1	Myeloid	1
AATACGCGTCATAAGA-1	Myeloid	1
AATACGCGTCGATTAC-1	T	4
AATACGCGTGAATCAA-1	NK	3
AATACGCGTGGTAAGC-1	B	2
AATACGCGTGGTTCTA-1	B	16
AATACGCGTTACGCTA-1	Myeloid	1
AATACGCGTTGGCGAA-1	B	9
AATACGCTCATCGCAA-1	B	11
AATACGCTCCATATCT-1	Stromal	12
AATACGCTCCCGGGTA-1	Myeloid	15
AATACGCTCCTCCCAA-1	Myeloid	1
AATACGCTCGCACAAT-1	Myeloid	10
AATACGCTCGTCGCAG-1	B	2
AATACGCTCTACTGCC-1	B	9
AATGCCAAGACGCCAA-1	B	2
AATGCCAAGCCTGTAT-1	B	8
AATGCCAAGGACTAGC-1	B	19
AATGCCAAGTTAGCAA-1	NK	7
AATGCCACAAGACACG-1	Myeloid	1
AATGCCACAAGGACCA-1	Myeloid	1
AATGCCACAATGCACT-1	Myeloid	1
AATGCCACACAGAAGC-1	B	2
AATGCCACACGACGAA-1	Myeloid	13
AATGCCACACGATTAC-1	NK	3
AATGCCACACTAAACC-1	Stromal	12
AATGCCACACTCGGAC-1	B	19
AATGCCACAGTCAGAG-1	B	19
AATGCCACATGGCCCA-1	Myeloid	10
AATGCCACATTGCGAT-1	B	2
AATGCCAGTACGACCC-1	T	18
AATGCCAGTCGATAGG-1	NK	3
AATGCCAGTCTCAAAC-1	B	11
AATGCCAGTGGCGCTT-1	B	8
AATGCCAGTTCTTTCA-1	NK	7
AATGCCATCCAATAGC-1	Myeloid	10
AATGCCATCCGTCAAA-1	B	2
AATGCCATCCGTTTCG-1	B	11
AATGCCATCGATATGC-1	T	18
AATGCCATCTCTTCTC-1	B	8
AATGCCATCTGGCGCA-1	B	8
AATGCCATCTTGTACT-1	B	9
AATGGAAAGACCGCAA-1	T	18
AATGGAAAGCATGATA-1	B	2
AATGGAAAGGCGTAGT-1	Myeloid	15
AATGGAAAGGTTACAA-1	B	19
AATGGAAAGTAACACA-1	B	16
AATGGAACAAACGACG-1	Myeloid	1
AATGGAACAAGAGCGT-1	B	2
AATGGAACAATTCTCT-1	Myeloid	10
AATGGAACACCAAGGA-1	Myeloid	6
AATGGAACACGCCGAT-1	B	11
AATGGAACATCCCAAA-1	Myeloid	10
AATGGAACATTCACGA-1	Myeloid	6
AATGGAAGTAACACTC-1	B	9
AATGGAAGTAACCCAT-1	B	9
AATGGAAGTAGCGGTA-1	T	18
AATGGAAGTCAGCTTA-1	B	9
AATGGAAGTGAGTTGG-1	B	8
AATGGAAGTGCTGGCT-1	B	11
AATGGAAGTGTGACCC-1	B	2
AATGGAAGTTACGCTA-1	Myeloid	6
AATGGAATCATTCGGA-1	NK	3
AATGGAATCCATTGTT-1	Stromal	12
AATGGAATCCCTACGT-1	NK	3
AATGGAATCCTTTGAT-1	NK	5
AATGGAATCGGTCTCT-1	Stromal	12
AATGGAATCTGGCACG-1	Myeloid	1
AATGGCTAGAGAATTC-1	B	9
AATGGCTAGCCTATAC-1	NK	7
AATGGCTAGCTGAAAT-1	NK	3
AATGGCTAGGGAGATA-1	NK	7
AATGGCTAGTAGGTCG-1	Myeloid	1
AATGGCTAGTCTGGGA-1	B	2
AATGGCTAGTGTTCCA-1	NK	3
AATGGCTCAGAAAGAG-1	Myeloid	6
AATGGCTCAGCAACAG-1	Myeloid	13
AATGGCTCAGCAACCC-1	NK	5
AATGGCTCAGGATGTG-1	B	19
AATGGCTCAGGGTAAC-1	Stromal	12
AATGGCTGTACGAGAC-1	Myeloid	10
AATGGCTGTAGTCTGT-1	B	8
AATGGCTGTATCATGC-1	Myeloid	6
AATGGCTGTCGCGCTA-1	Myeloid	6
AATGGCTGTGGAAAGA-1	Myeloid	1
AATGGCTGTGGACCAA-1	Myeloid	6
AATGGCTGTTGTATCG-1	B	0
AATGGCTGTTTAGACC-1	NK	7
AATGGCTTCACAAGCT-1	NK	7
AATGGCTTCACACGTA-1	B	9
AATGGCTTCCAGAGAG-1	Myeloid	6
AATGGCTTCGGATCGC-1	B	2
AATGGCTTCGTCAACA-1	NK	3
AATGGCTTCGTCTAGA-1	Myeloid	6
AATGGCTTCTATACCT-1	B	9
AATGTCGAGAGAGTTT-1	B	9
AATGTCGAGTACGACG-1	Stromal	12
AATGTCGAGTCGTGAG-1	B	9
AATGTCGCAACGCAAG-1	B	11
AATGTCGCACGCGACT-1	NK	7
AATGTCGCATCGCCTT-1	Myeloid	6
AATGTCGCATGGTTTG-1	B	8
AATGTCGGTCATCAAC-1	Myeloid	6
AATGTCGGTCTGGGAA-1	Stromal	12
AATGTCGTCACTAGGT-1	B	16
AATGTCGTCCGCGATG-1	T	18
AATGTCGTCCTATCCG-1	NK	5
AATGTCGTCGAACCGC-1	Myeloid	1
AATGTCGTCGCACCGA-1	B	17
AATGTCGTCGGTGATT-1	T	4
AATGTCGTCTAGTCGA-1	B	11
ACAAACCAGACTAATG-1	T	4
ACAAACCAGAGGTGGG-1	T	18
ACAAACCAGCACGTAG-1	Myeloid	13
ACAAACCAGCCATCAT-1	NK	7
ACAAACCAGGAAGACA-1	B	0
ACAAACCAGGGACGTT-1	NK	5
ACAAACCAGTACCCAT-1	NK	7
ACAAACCCAACCTCCT-1	NK	7
ACAAACCCAAGCAACG-1	B	11
ACAAACCCAAGCAGGT-1	T	18
ACAAACCCAATAGTGA-1	Stromal	12
ACAAACCCAATCAGGG-1	Myeloid	1
ACAAACCCACTCCTCA-1	B	17
ACAAACCCACTTACAG-1	NK	3
ACAAACCCATCATCGA-1	NK	3
ACAAACCCATCATGTG-1	B	11
ACAAACCCATGACTGT-1	NK	7
ACAAACCGTATCACAC-1	T	14
ACAAACCGTATGTCCA-1	Stromal	12
ACAAACCGTATGTTCG-1	B	11
ACAAACCGTCACCCGA-1	Stromal	12
ACAAACCGTCGCGCTA-1	T	4
ACAAACCGTTCTCGAA-1	T	18
ACAAACCTCCCAATGA-1	Myeloid	1
ACAAACCTCCCTACGT-1	NK	7
ACAAACCTCCTTGACC-1	NK	7
ACAAACCTCGGCATAT-1	Myeloid	6
ACAAACCTCTATCTCA-1	Stromal	12
ACAAACCTCTCGTGAA-1	Myeloid	6
ACAAAGAAGAATCAAC-1	Myeloid	1
ACAAAGAAGCGCAATG-1	NK	3
ACAAAGAAGGAACCGT-1	T	14
ACAAAGAAGGATGTCG-1	B	8
ACAAAGAAGGTTACAA-1	Myeloid	15
ACAAAGACACAAACGG-1	B	0
ACAAAGACACATATCG-1	Myeloid	10
ACAAAGACAGCGCGTT-1	T	18
ACAAAGACAGTTGCAT-1	B	9
ACAAAGACATCGGCTG-1	Myeloid	6
ACAAAGACATTAAGGA-1	Stromal	12
ACAAAGAGTAAGGTCG-1	T	4
ACAAAGAGTGACAAGC-1	NK	5
ACAAAGAGTGCTTGAT-1	B	11
ACAAAGAGTGGATTCT-1	NK	5
ACAAAGAGTTTCAGCA-1	Myeloid	15
ACAAAGATCACTTACT-1	B	9
ACAAAGATCAGTGGTT-1	Myeloid	13
ACAAAGATCCATAGGT-1	B	16
ACAAAGATCCCTATTA-1	Myeloid	1
ACAAAGATCCGGGCAT-1	B	19
ACAAAGATCCGTTTCG-1	B	9
ACAAAGATCCTTTGCG-1	NK	3
ACAAAGATCGGTTAGT-1	Stromal	12
ACAAAGATCTACTGCC-1	Myeloid	15
ACAAAGATCTTATCAC-1	Myeloid	6
ACAAAGATCTTCACTA-1	NK	3
ACAAGCTAGACGCCAA-1	NK	7
ACAAGCTAGAGAACCC-1	Myeloid	6
ACAAGCTAGATACCAA-1	NK	7
ACAAGCTAGATCGCCC-1	B	11
ACAAGCTAGCCGCAAA-1	B	9
ACAAGCTAGCCTATAC-1	Myeloid	1
ACAAGCTAGGAGACTC-1	Myeloid	15
ACAAGCTAGGCAGATC-1	NK	3
ACAAGCTAGGTAGGAA-1	Myeloid	1
ACAAGCTAGTAGTGTA-1	Stromal	12
ACAAGCTAGTTGCCGC-1	Myeloid	6
ACAAGCTCAAAGAAGG-1	NK	7
ACAAGCTCAAGCGGTA-1	B	11
ACAAGCTCAAGTCCTA-1	NK	7
ACAAGCTCAAGTGGCA-1	Myeloid	10
ACAAGCTCACGTACAT-1	NK	5
ACAAGCTCACTCAAGT-1	NK	7
ACAAGCTCAGTAGTCT-1	Myeloid	1
ACAAGCTGTAACGGTG-1	B	0
ACAAGCTGTAGCAGGT-1	Myeloid	1
ACAAGCTGTAGCATGG-1	T	14
ACAAGCTGTATCATGC-1	Stromal	12
ACAAGCTGTATGGGTG-1	B	16
ACAAGCTGTCCCTAAA-1	Stromal	12
ACAAGCTGTCCGTCGA-1	Myeloid	13
ACAAGCTGTCTCTGGG-1	T	4
ACAAGCTGTTAACCGT-1	NK	3
ACAAGCTGTTTGAAGA-1	Myeloid	1
ACAAGCTTCCGTGCGA-1	NK	7
ACAAGCTTCCTCTCTT-1	Myeloid	6
ACAAGCTTCGTGGCGT-1	Myeloid	1
ACAAGCTTCTTGCGCT-1	NK	3
ACAATCGAGAACGTCG-1	B	16
ACAATCGAGAGGCCTA-1	T	4
ACAATCGAGATATGTG-1	NK	3
ACAATCGAGATTAGAC-1	B	9
ACAATCGAGCACGTAG-1	NK	5
ACAATCGAGGTAGGAA-1	Myeloid	10
ACAATCGAGTGCACAG-1	Myeloid	1
ACAATCGCAACGTAGG-1	T	18
ACAATCGCAGCTGATT-1	NK	7
ACAATCGCAGGTAACG-1	NK	7
ACAATCGCAGGTGGTA-1	NK	7
ACAATCGCATACTGCA-1	Myeloid	1
ACAATCGCATAGACGG-1	B	2
ACAATCGCATGATCGT-1	NK	7
ACAATCGCATGGTATC-1	B	2
ACAATCGGTACCCACG-1	B	9
ACAATCGGTACCGGCT-1	Stromal	12
ACAATCGGTATTCTTC-1	B	16
ACAATCGGTCCAAGTT-1	Myeloid	1
ACAATCGGTCTGGTCG-1	B	8
ACAATCGGTGATAAGT-1	B	16
ACAATCGGTGGACGAT-1	NK	7
ACAATCGTCAGGCGCT-1	NK	7
ACAATCGTCAGTGGTT-1	T	14
ACAATCGTCCAACCTC-1	T	14
ACAATCGTCCGAATTG-1	NK	5
ACAATCGTCGCTATAG-1	Myeloid	10
ACAATCGTCGTGTGCG-1	T	14
ACAATCGTCGTTTGAG-1	T	4
ACAATCGTCTTAATCC-1	Myeloid	6
ACAATCGTCTTTGCAT-1	T	4
ACAGAAAAGACCAATA-1	Myeloid	6
ACAGAAAAGACTTCCA-1	T	14
ACAGAAAAGATCTAAG-1	Myeloid	1
ACAGAAAAGATCTCAC-1	B	9
ACAGAAAAGCGCAATG-1	Myeloid	15
ACAGAAAAGGGCATTG-1	Stromal	12
ACAGAAAAGTCGAGCA-1	B	11
ACAGAAAAGTCGCCTG-1	T	18
ACAGAAAAGTGATCTC-1	B	8
ACAGAAAAGTGGACGT-1	NK	3
ACAGAAAAGTTCTCCC-1	B	19
ACAGAAACAAAGGTCG-1	NK	3
ACAGAAACACTCAGCG-1	T	4
ACAGAAACACTGATTG-1	Myeloid	1
ACAGAAACAGCTTACA-1	Myeloid	6
ACAGAAACAGTAGGCA-1	T	18
ACAGAAACAGTTCGGC-1	Myeloid	1
ACAGAAACATACTGCA-1	B	8
ACAGAAACATCGCCTT-1	B	9
ACAGAAACATTACCTT-1	T	14
ACAGAAACATTGTTCT-1	B	17
ACAGAAAGTAAACGTA-1	Myeloid	6
ACAGAAAGTCATAGAA-1	B	19
ACAGAAAGTCGTCGCA-1	B	2
ACAGAAAGTGCAACAG-1	T	4
ACAGAAAGTTCAGAAA-1	T	18
ACAGAAAGTTTAGGAA-1	Myeloid	1
ACAGAAATCACTCCCA-1	T	18
ACAGAAATCATGAACC-1	NK	3
ACAGAAATCCATATCT-1	B	9
ACAGAAATCCGGAAAG-1	Myeloid	1
ACAGAAATCCGTTAGA-1	NK	7
ACAGAAATCGACTGGC-1	B	9
ACAGAAATCGGATAAA-1	B	0
ACAGAAATCGGATGTT-1	B	16
ACAGACTAGCAGAATT-1	NK	3
ACAGACTAGGATTGAT-1	B	11
ACAGACTAGGTAAGCC-1	B	17
ACAGACTAGTATAGTG-1	B	11
ACAGACTAGTGGGACT-1	Myeloid	1
ACAGACTCAAGTGGCA-1	T	14
ACAGACTCAATTCAGC-1	B	0
ACAGACTCACAGCCAC-1	Stromal	12
ACAGACTCACATATCG-1	Myeloid	6
ACAGACTCAGGTAGCA-1	NK	3
ACAGACTCAGGTGTCC-1	Myeloid	1
ACAGACTCATTACTCT-1	B	9
ACAGACTGTAAAGGCC-1	Myeloid	6
ACAGACTGTACTTCAG-1	T	18
ACAGACTGTAGCAGGT-1	T	4
ACAGACTGTAGGTGAC-1	Myeloid	1
ACAGACTGTCAACAGG-1	NK	7
ACAGACTGTGAATCGG-1	B	2
ACAGACTGTGGAGTGT-1	B	8
ACAGACTGTTACGAAA-1	Myeloid	10
ACAGACTTCCATATCT-1	Myeloid	1
ACAGACTTCCGATTGA-1	Myeloid	13
ACAGACTTCGATGTAC-1	B	9
ACAGACTTCTTCACTA-1	B	17
ACAGCGCAGAACGTTA-1	Stromal	12
ACAGCGCAGAGAGGTA-1	T	4
ACAGCGCAGATCGCCC-1	B	17
ACAGCGCAGCACCATT-1	T	18
ACAGCGCAGCCATCAT-1	NK	3
ACAGCGCAGCCCATGC-1	Myeloid	6
ACAGCGCAGCGGACAT-1	NK	5
ACAGCGCAGGCCAGTA-1	B	0
ACAGCGCAGGTACTCT-1	B	11
ACAGCGCAGTATACGA-1	Myeloid	13
ACAGCGCAGTTGCGCC-1	Myeloid	1
ACAGCGCCAAACCGAG-1	B	8
ACAGCGCCAAGTCTGT-1	Myeloid	10
ACAGCGCCACTTTGGA-1	B	2
ACAGCGCGTACCAAGG-1	T	14
ACAGCGCGTACTTCAG-1	Myeloid	13
ACAGCGCGTCGCTAGC-1	NK	7
ACAGCGCGTGAATACA-1	T	14
ACAGCGCGTGAATCGG-1	Stromal	12
ACAGCGCGTGATGCGA-1	NK	7
ACAGCGCGTGCCCTAG-1	NK	3
ACAGCGCGTGCGACCT-1	B	19
ACAGCGCGTGGACAGT-1	NK	5
ACAGCGCGTGGACGAT-1	T	4
ACAGCGCGTGGCATAG-1	Myeloid	6
ACAGCGCGTTCCCAAA-1	Myeloid	1
ACAGCGCGTTTGCCAA-1	NK	3
ACAGCGCTCAACACGT-1	Myeloid	6
ACAGCGCTCAGTGTGT-1	Myeloid	1
ACAGCGCTCCATACGA-1	B	17
ACAGCGCTCCCAGTAA-1	B	9
ACAGCGCTCGTCGCAG-1	NK	3
ACAGCGCTCGTGCTGG-1	T	18
ACAGGCCAGAGCGGTT-1	B	0
ACAGGCCAGCGTCTGC-1	B	2
ACAGGCCAGGGAAGCG-1	NK	7
ACAGGCCAGGTGATGC-1	B	9
ACAGGCCAGTCTAGAA-1	Myeloid	1
ACAGGCCCAACTGCGC-1	Myeloid	6
ACAGGCCCAATGATGA-1	B	2
ACAGGCCCAATGTAAG-1	T	4
ACAGGCCCACTGCTTC-1	T	4
ACAGGCCCAGGACCTC-1	T	18
ACAGGCCGTCCGGTAC-1	B	9
ACAGGCCGTGCAAAGC-1	B	19
ACAGGCCGTGCATCAT-1	B	9
ACAGGCCGTGGTTCTA-1	Stromal	12
ACAGGCCGTTCAGAAA-1	B	19
ACAGGCCGTTGCCTGG-1	B	2
ACAGGCCGTTGGCGAA-1	T	14
ACAGGCCGTTTCAGCA-1	NK	3
ACAGGCCTCAGTCACA-1	NK	5
ACAGGCCTCATTCTCA-1	NK	3
ACAGGCCTCGCTAGTA-1	Myeloid	15
ACAGGCCTCGGCATAT-1	NK	5
ACAGGCCTCGTGCTGG-1	NK	5
ACAGGCCTCGTGGAAG-1	Myeloid	6
ACAGGCCTCTCTGCGT-1	T	14
ACAGGCCTCTCTTCTC-1	NK	7
ACAGGCCTCTTAACGG-1	Myeloid	15
ACATGCAAGACTCTTG-1	Myeloid	10
ACATGCAAGAGTTTGA-1	T	4
ACATGCAAGATAGGTT-1	B	19
ACATGCAAGGATGTAT-1	B	11
ACATGCAAGTCGACCC-1	Myeloid	6
ACATGCAAGTTGCGCC-1	NK	7
ACATGCACAAGATGCG-1	B	9
ACATGCACAAGTTGCT-1	Myeloid	1
ACATGCACAATGAAAC-1	Stromal	12
ACATGCACAGCAATGG-1	Myeloid	13
ACATGCACAGGGAGTT-1	B	9
ACATGCACATGATTGC-1	T	4
ACATGCACATTGCACA-1	Myeloid	13
ACATGCACATTTGGCA-1	Myeloid	10
ACATGCAGTAAACGTA-1	B	8
ACATGCAGTAGGGTCA-1	NK	7
ACATGCAGTATCACAC-1	B	19
ACATGCAGTCACAGTT-1	NK	7
ACATGCAGTCACATTG-1	T	14
ACATGCAGTCAGGCTC-1	B	9
ACATGCAGTCATAGAA-1	B	19
ACATGCAGTCATGAGG-1	NK	3
ACATGCAGTCTGGATT-1	B	11
ACATGCAGTTAAGTCC-1	Stromal	12
ACATGCAGTTGGTAAA-1	Myeloid	13
ACATGCAGTTTGTAGC-1	NK	7
ACATGCATCCAGGCCA-1	T	18
ACATGCATCCATGACA-1	NK	5
ACATGCATCCGAGAGA-1	Myeloid	10
ACATGCATCGAACCGC-1	B	9
ACATGCATCGACTGGC-1	B	11
ACATGCATCGCTATTT-1	T	14
ACATGCATCGGGAATG-1	Myeloid	6
ACATGCATCGTCAACA-1	T	18
ACATGCATCTAGCAAC-1	T	4
ACATGCATCTATCTAC-1	T	18
ACATGCATCTCTGCGT-1	T	14
ACATGGTAGACTTCCA-1	B	19
ACATGGTAGAGGAAGT-1	NK	5
ACATGGTAGATATGTG-1	Myeloid	10
ACATGGTAGGACTTTC-1	NK	3
ACATGGTAGGCAAGCT-1	B	19
ACATGGTAGGGCATTG-1	B	8
ACATGGTAGTCGATAA-1	Myeloid	6
ACATGGTAGTCTCCAA-1	B	8
ACATGGTAGTTGTCCA-1	NK	3
ACATGGTCAACGTCGC-1	B	0
ACATGGTCAATCATCG-1	Myeloid	1
ACATGGTCACACATTG-1	NK	7
ACATGGTCACTGAAGG-1	T	18
ACATGGTCAGGGAGTT-1	Myeloid	10
ACATGGTCAGTAAGCG-1	Myeloid	1
ACATGGTCAGTCCTGG-1	Myeloid	15
ACATGGTCATACAACC-1	NK	3
ACATGGTCATAGACGG-1	Myeloid	1
ACATGGTCATGATCGT-1	Myeloid	6
ACATGGTGTAGCGTTT-1	B	17
ACATGGTGTATCTGCA-1	Myeloid	1
ACATGGTGTCTCGGGT-1	B	11
ACATGGTGTGGCGCTT-1	B	11
ACATGGTGTTCCGCGA-1	B	11
ACATGGTGTTGCAGAG-1	Myeloid	1
ACATGGTGTTTCGATG-1	Myeloid	6
ACATGGTGTTTGACCA-1	Myeloid	10
ACATGGTTCATCGCAA-1	B	9
ACATGGTTCTGCGTCT-1	B	8
ACCAAACAGAATGCTA-1	B	16
ACCAAACAGAGAGTAG-1	Myeloid	6
ACCAAACAGAGGCGGA-1	Myeloid	1
ACCAAACAGATACCAA-1	NK	5
ACCAAACAGCACCATT-1	B	9
ACCAAACAGCAGAATT-1	B	11
ACCAAACAGCGCATTT-1	T	4
ACCAAACAGCTCCGGT-1	Stromal	12
ACCAAACAGGATCCTT-1	B	2
ACCAAACAGGCTAAAT-1	NK	3
ACCAAACAGGTAAGTT-1	NK	3
ACCAAACAGGTAGGAA-1	T	14
ACCAAACAGTCTCGAT-1	NK	3
ACCAAACAGTTATGAG-1	NK	7
ACCAAACCAACTTGGT-1	B	2
ACCAAACCAAGCCAGA-1	Myeloid	6
ACCAAACCACCTGGTG-1	B	9
ACCAAACCAGCAACGA-1	B	0
ACCAAACCAGGACTGA-1	Myeloid	1
ACCAAACCAGTAGTTC-1	B	11
ACCAAACCATGACTGT-1	B	11
ACCAAACGTAACATAG-1	B	11
ACCAAACGTAACCGAG-1	B	9
ACCAAACGTAATGTAG-1	B	9
ACCAAACGTACTTGAC-1	Myeloid	6
ACCAAACGTAGTACAA-1	Myeloid	13
ACCAAACGTATGTTCG-1	B	8
ACCAAACGTCAACAGG-1	Myeloid	1
ACCAAACGTCAACGGA-1	B	0
ACCAAACGTCCCGTGA-1	B	11
ACCAAACGTCCCTTTG-1	Myeloid	1
ACCAAACGTCGGCTGT-1	B	0
ACCAAACGTCTCAAAC-1	B	2
ACCAAACGTCTGTTGA-1	B	11
ACCAAACGTTACCACA-1	NK	3
ACCAAACGTTTCCGGG-1	NK	7
ACCAAACTCAAGGCCC-1	B	11
ACCAAACTCACACGTA-1	B	11
ACCAAACTCACTGGTA-1	Myeloid	13
ACCAAACTCAGGCCGT-1	Myeloid	10
ACCAAACTCATGAACC-1	T	18
ACCAAACTCCCAATGA-1	Myeloid	15
ACCAAACTCCCGCAAG-1	Stromal	12
ACCAAACTCGACTTAG-1	B	16
ACCAAACTCGTTCCGT-1	B	2
ACCAAACTCGTTGTTT-1	T	18
ACCATCCAGAAGCCGT-1	B	11
ACCATCCAGAGTAAGG-1	NK	7
ACCATCCAGCTGAATA-1	B	9
ACCATCCAGGCGATTG-1	Myeloid	6
ACCATCCAGTCTCCAA-1	B	9
ACCATCCAGTGTCGGA-1	B	11
ACCATCCAGTGTTCCA-1	B	8
ACCATCCCAAATTGAG-1	T	14
ACCATCCCAATGGCAG-1	B	11
ACCATCCCAATTGTGC-1	B	11
ACCATCCCAGATGGCA-1	B	17
ACCATCCCAGATTAAG-1	Myeloid	13
ACCATCCCATATTGGC-1	Myeloid	1
ACCATCCCATGGGACA-1	T	14
ACCATCCCATTGCGAT-1	T	18
ACCATCCGTAAACGAT-1	NK	5
ACCATCCGTATCTGCA-1	Myeloid	6
ACCATCCGTCCAAGTT-1	Myeloid	10
ACCATCCGTGTAGGAC-1	T	4
ACCATCCGTTTAGACC-1	B	2
ACCATCCTCAAGAGAT-1	Myeloid	10
ACCATCCTCAAGGCAG-1	B	2
ACCATCCTCCCTATTA-1	T	18
ACCATCCTCCGGCGAT-1	Stromal	12
ACCATCCTCGCTTCAC-1	B	11
ACCATCCTCGGAAAGC-1	Myeloid	1
ACCATCCTCGGCATAT-1	Myeloid	10
ACCATCCTCGTGGTAT-1	B	11
ACCATCCTCGTTTGAG-1	B	19
ACCATCCTCTATACCT-1	Stromal	12
ACCATCCTCTCCACTG-1	Stromal	12
ACCCAAAAGACGACTG-1	B	19
ACCCAAAAGACTAATG-1	Myeloid	6
ACCCAAAAGCTTACCA-1	B	9
ACCCAAAAGGCGTAGT-1	Myeloid	1
ACCCAAAAGTCATACC-1	B	11
ACCCAAACAACGAGGT-1	Myeloid	6
ACCCAAACAAGGAAGA-1	T	14
ACCCAAACACACACCG-1	B	11
ACCCAAACAGTTCGGC-1	T	18
ACCCAAACAGTTGGAG-1	B	8
ACCCAAACATCATGTG-1	NK	3
ACCCAAACATTCTTTG-1	B	9
ACCCAAAGTACAAGCG-1	Stromal	12
ACCCAAAGTACGTAAA-1	B	11
ACCCAAAGTCAACAGG-1	T	14
ACCCAAAGTCTAAAGA-1	NK	7
ACCCAAAGTGAGTAAT-1	B	2
ACCCAAAGTGCCCAGT-1	Myeloid	15
ACCCAAAGTGGACGAT-1	T	4
ACCCAAAGTGTCGTCG-1	Myeloid	6
ACCCAAAGTGTTAGAA-1	NK	7
ACCCAAAGTTGCAGCC-1	B	2
ACCCAAAGTTTGCCCT-1	Myeloid	1
ACCCAAATCAGATACC-1	Myeloid	1
ACCCAAATCCAAGAGG-1	NK	5
ACCCAAATCCTGTGGG-1	NK	7
ACCCAAATCGAGAAGC-1	T	18
ACCCAAATCGCACAAT-1	Myeloid	13
ACCCAAATCGCTCGGA-1	NK	7
ACCCAAATCGCTTCAC-1	B	11
ACCGAATAGAGCTCCC-1	B	17
ACCGAATAGCGCAATG-1	NK	3
ACCGAATAGCTGAATA-1	T	18
ACCGAATAGTTGCTTG-1	B	11
ACCGAATCAAAGGCCA-1	NK	3
ACCGAATCAAGCGTCC-1	B	9
ACCGAATCACTACACA-1	B	2
ACCGAATCACTCGGAC-1	T	18
ACCGAATCACTGAAGG-1	B	8
ACCGAATCAGCAGGTA-1	Myeloid	6
ACCGAATCAGCCACGT-1	Stromal	12
ACCGAATCAGGTAGGT-1	B	16
ACCGAATCATAGCCAT-1	B	17
ACCGAATCATCCGTAA-1	B	11
ACCGAATCATTTAGGC-1	B	11
ACCGAATGTAACACTC-1	B	0
ACCGAATGTAGAGAGA-1	NK	5
ACCGAATGTATTGTCG-1	B	16
ACCGAATGTCAACAGG-1	B	8
ACCGAATGTGATAGAT-1	Myeloid	6
ACCGAATGTGCAACAG-1	NK	7
ACCGAATGTTCCAATG-1	Myeloid	10
ACCGAATTCCTGAAAC-1	B	2
ACCGAATTCGCTTACC-1	Myeloid	6
ACCGAATTCGGTCTAA-1	Myeloid	1
ACCGAATTCTGTGTCC-1	T	14
ACCGAATTCTTATCAC-1	B	2
ACCGAATTCTTCCAGC-1	B	8
ACCGCAGAGAAATGGG-1	B	16
ACCGCAGAGACCCATT-1	B	9
ACCGCAGAGAGAACCC-1	NK	7
ACCGCAGAGGGAGATA-1	NK	7
ACCGCAGAGGGTATCG-1	B	8
ACCGCAGAGTACCCAT-1	B	19
ACCGCAGAGTTACCAC-1	B	8
ACCGCAGCAATGCACT-1	B	0
ACCGCAGCAATGGTCT-1	Myeloid	6
ACCGCAGCACATTGCA-1	Myeloid	10
ACCGCAGCACTGATAC-1	B	17
ACCGCAGCAGATGGCA-1	Myeloid	10
ACCGCAGCATGTCCCT-1	NK	3
ACCGCAGGTACAAGCG-1	B	9
ACCGCAGGTACCGGCT-1	B	17
ACCGCAGGTACGACCC-1	B	8
ACCGCAGGTATCATGC-1	Myeloid	1
ACCGCAGGTATGTTCG-1	NK	5
ACCGCAGGTCAGGTGA-1	T	18
ACCGCAGGTCATGAGG-1	Myeloid	15
ACCGCAGGTGTGCTTA-1	B	9
ACCGCAGGTTACGCTA-1	T	14
ACCGCAGGTTGTCGGC-1	Myeloid	1
ACCGCAGTCCATTGAG-1	B	0
ACCGCAGTCGACTTAG-1	B	2
ACCGCAGTCGATTACG-1	T	4
ACCGCAGTCTCTGAGA-1	NK	3
ACCGCAGTCTGGACAT-1	NK	3
ACCGCAGTCTTGTCAT-1	Myeloid	6
ACCGGGTAGACCGCAA-1	B	2
ACCGGGTAGAGAACCC-1	NK	3
ACCGGGTAGAGCTGTG-1	B	11
ACCGGGTAGAGTGGAA-1	B	9
ACCGGGTAGCGCCTAC-1	Myeloid	6
ACCGGGTAGGTTGTGG-1	NK	7
ACCGGGTAGTCCTTCC-1	Myeloid	6
ACCGGGTAGTCGTACT-1	B	9
ACCGGGTAGTCTCGAT-1	T	4
ACCGGGTAGTGAAGGA-1	Myeloid	6
ACCGGGTCACCGTTGG-1	B	8
ACCGGGTCAGATTTGC-1	Myeloid	1
ACCGGGTCATGCGACC-1	Myeloid	15
ACCGGGTGTAGCGAGT-1	B	9
ACCGGGTGTAGTCCAT-1	B	2
ACCGGGTGTGGACTGA-1	T	18
ACCGGGTGTGGCCTCA-1	Myeloid	6
ACCGGGTGTTACTACG-1	B	11
ACCGGGTGTTTCCGGG-1	Stromal	12
ACCGGGTGTTTCGTTT-1	B	9
ACCGGGTTCACCCGGA-1	T	18
ACCGGGTTCCTGAAAC-1	NK	7
ACCGGGTTCCTGTGGG-1	Myeloid	6
ACCGGGTTCCTTCGAC-1	Myeloid	6
ACCGGGTTCGACTGGC-1	B	2
ACCGGGTTCGCTAGTA-1	NK	3
ACCGGGTTCTGATCCC-1	Myeloid	15
ACCTGCTAGAGCGGTT-1	B	0
ACCTGCTAGAGCTGTG-1	T	4
ACCTGCTAGCAGGAGG-1	B	16
ACCTGCTAGCGCACAA-1	B	8
ACCTGCTAGGTTACAA-1	B	9
ACCTGCTAGGTTTCTG-1	T	14
ACCTGCTAGTCCGTGC-1	Myeloid	6
ACCTGCTAGTCTGCTA-1	B	8
ACCTGCTCAACGTACT-1	B	2
ACCTGCTCAATTGTGC-1	Myeloid	6
ACCTGCTCACAAACGG-1	Myeloid	6
ACCTGCTCACACTAGT-1	B	0
ACCTGCTCACAGTTCA-1	NK	3
ACCTGCTCACCCATCT-1	B	19
ACCTGCTCACTGATAC-1	Myeloid	15
ACCTGCTCAGATACAA-1	B	19
ACCTGCTGTAACTGAA-1	T	18
ACCTGCTGTAATGCAA-1	T	14
ACCTGCTGTCACCCGA-1	Stromal	12
ACCTGCTGTGCAAAGC-1	NK	3
ACCTGCTGTGCACATT-1	Myeloid	13
ACCTGCTGTGGAGTGT-1	B	17
ACCTGCTGTGGTACTT-1	Myeloid	15
ACCTGCTGTGTGACCC-1	Myeloid	1
ACCTGCTTCAAAGTAG-1	B	0
ACCTGCTTCACTGGTA-1	T	14
ACCTGCTTCCTCCATG-1	NK	7
ACCTGCTTCCTTGACC-1	Myeloid	1
ACCTGCTTCGATCGCG-1	T	18
ACCTGCTTCGCGTGAC-1	NK	3
ACCTGCTTCGGATAAA-1	NK	5
ACCTGCTTCGTTCCGT-1	B	17
ACCTGCTTCTAGCAAC-1	Myeloid	1
ACCTGCTTCTAGTCGA-1	T	18
ACCTGCTTCTGGCTAA-1	B	19
ACGGATTAGACACTTC-1	T	14
ACGGATTAGAGGTCCA-1	Myeloid	6
ACGGATTAGCCAGAAC-1	B	19
ACGGATTAGCGTATCT-1	T	18
ACGGATTAGGGTCCCT-1	NK	7
ACGGATTAGGTGAACC-1	B	11
ACGGATTAGTAACTCC-1	B	11
ACGGATTAGTATCTGC-1	B	9
ACGGATTAGTGAACCG-1	B	11
ACGGATTAGTTGACAA-1	NK	3
ACGGATTCAATGGTCT-1	NK	7
ACGGATTCACAAGGGT-1	B	19
ACGGATTCACATCATG-1	B	2
ACGGATTCATCAACTG-1	NK	3
ACGGATTGTAAACGAT-1	B	9
ACGGATTGTCAAGACG-1	B	11
ACGGATTGTCCAAGAG-1	NK	3
ACGGATTGTCTCTAAG-1	Myeloid	1
ACGGATTGTGAGGGTT-1	Myeloid	1
ACGGATTGTGCACATT-1	T	4
ACGGATTGTGCTGTGC-1	T	18
ACGGATTGTGTCCTTC-1	B	19
ACGGATTTCACTCCCA-1	Myeloid	10
ACGGATTTCACTTACT-1	B	11
ACGGATTTCCTGGAAT-1	T	4
ACGGATTTCTACTTTG-1	Myeloid	15
ACGGATTTCTAGTCGA-1	NK	3
ACGGATTTCTATATCC-1	B	8
ACGGATTTCTCGGCGA-1	B	19
ACGGATTTCTTGTCAT-1	Myeloid	1
ACGTGGCAGACTCTTG-1	T	4
ACGTGGCAGAGGCCTA-1	B	9
ACGTGGCAGATCGATA-1	Myeloid	1
ACGTGGCAGATGGCAC-1	B	9
ACGTGGCAGGATGTCG-1	B	2
ACGTGGCAGGGCTCTC-1	Myeloid	6
ACGTGGCAGGTCTTGT-1	B	8
ACGTGGCAGTTCCCGG-1	T	14
ACGTGGCCAAAGAAGG-1	NK	7
ACGTGGCCAACATAAG-1	Myeloid	10
ACGTGGCCACATATCG-1	B	8
ACGTGGCCAGTATCTG-1	Myeloid	1
ACGTGGCCATGCGTTA-1	Myeloid	10
ACGTGGCGTAGGGTTG-1	B	9
ACGTGGCGTCCGAGCT-1	B	2
ACGTGGCGTGACGCAA-1	Myeloid	10
ACGTGGCGTGCCAAGA-1	T	18
ACGTGGCGTTAAGGGC-1	T	4
ACGTGGCGTTCCTATT-1	T	4
ACGTGGCGTTTGTCTT-1	T	14
ACGTGGCTCATTCTTG-1	B	9
ACGTGGCTCCATCATT-1	B	11
ACGTGGCTCCATTGAG-1	B	9
ACGTGGCTCCTTCGAC-1	T	18
ACGTGGCTCGGTAGGA-1	B	19
ACGTGGCTCGGTCTCT-1	T	14
ACGTGGCTCGTCGCAG-1	B	2
ACGTGGCTCGTGGTAT-1	Myeloid	6
ACGTTAGAGCTATCGT-1	Myeloid	15
ACGTTAGAGCTCCGGT-1	B	8
ACGTTAGAGTAATGTG-1	B	19
ACGTTAGCAACCTCCT-1	B	11
ACGTTAGCAATGGCTT-1	B	2
ACGTTAGCACACTAGT-1	Myeloid	6
ACGTTAGCAGGACCTC-1	NK	3
ACGTTAGCAGTATCTG-1	NK	7
ACGTTAGCATAGGCGA-1	B	9
ACGTTAGGTCAGTGCC-1	Myeloid	1
ACGTTAGGTCTCTAAG-1	B	11
ACGTTAGGTGGCATAG-1	B	16
ACGTTAGGTGGTAGAC-1	Myeloid	1
ACGTTAGTCACTCGGG-1	T	18
ACGTTAGTCAGTACAC-1	B	11
ACGTTAGTCGCCCTTA-1	NK	3
ACGTTAGTCGCCTTAC-1	NK	7
ACGTTAGTCGGTGATT-1	B	8
ACGTTAGTCTGCGTCT-1	B	2
ACGTTAGTCTTTCGAT-1	T	18
ACTAACGAGACTCGGA-1	B	2
ACTAACGAGTTGCGCC-1	Myeloid	1
ACTAACGCAACCTCTC-1	B	9
ACTAACGCAAGCAGGT-1	NK	3
ACTAACGCAAGGATGC-1	Myeloid	1
ACTAACGCAAGTAATG-1	B	19
ACTAACGCAATACTGC-1	T	18
ACTAACGCACCACCAG-1	B	17
ACTAACGCACGGTTAT-1	B	11
ACTAACGCAGTCAGCC-1	Myeloid	1
ACTAACGGTACTTGAC-1	NK	5
ACTAACGGTATCTAGC-1	Myeloid	1
ACTAACGGTCGTAATC-1	NK	3
ACTAACGGTCTGAGCC-1	B	2
ACTAACGGTGGAGTGT-1	Myeloid	1
ACTAACGGTGTGTGCC-1	T	14
ACTAACGTCATGCTTT-1	Myeloid	1
ACTAACGTCCAGTTAG-1	Myeloid	1
ACTAACGTCCCAATGA-1	NK	7
ACTAACGTCCCGGGTA-1	NK	7
ACTAACGTCGCCACTT-1	B	11
ACTAACGTCGGCTATA-1	Myeloid	10
ACTAACGTCGGTTGTA-1	B	17
ACTAACGTCTATCTCA-1	B	9
ACTAACGTCTGGACAT-1	NK	7
ACTACCCAGCAGAGCT-1	Myeloid	6
ACTACCCAGGAAGGTA-1	Myeloid	1
ACTACCCAGGATCCTT-1	NK	5
ACTACCCAGGATTGCG-1	B	9
ACTACCCAGTCCCGCA-1	T	14
ACTACCCAGTCCGGAA-1	B	2
ACTACCCAGTGAACCG-1	Myeloid	6
ACTACCCCACGCGACT-1	Myeloid	1
ACTACCCCATCCTCGT-1	Myeloid	1
ACTACCCGTAACGTAA-1	B	9
ACTACCCGTCATTGGT-1	B	0
ACTACCCGTGAATGGC-1	Myeloid	1
ACTACCCGTGCTGTCG-1	B	2
ACTACCCGTTCCAGTA-1	B	0
ACTACCCGTTTCAGCA-1	NK	5
ACTACCCTCGAGTTAC-1	B	2
ACTACCCTCGCGCCAA-1	Myeloid	1
ACTACCCTCGGGAATG-1	B	11
ACTACCCTCGGTCGAC-1	B	8
ACTACCCTCTATCTCA-1	B	2
ACTACCCTCTCCTTAA-1	NK	7
ACTACGAAGAAATACC-1	T	18
ACTACGAAGATTACGA-1	T	18
ACTACGAAGCCATGGA-1	T	4
ACTACGAAGCGAGAAA-1	Myeloid	10
ACTACGAAGCGTCTGC-1	B	9
ACTACGAAGCGTTGCC-1	B	9
ACTACGAAGGAACCGT-1	NK	5
ACTACGAAGGACCGAT-1	Myeloid	6
ACTACGAAGTACCACT-1	T	4
ACTACGAAGTAGACCG-1	NK	7
ACTACGAAGTAGCAAT-1	B	9
ACTACGAAGTTGTCCA-1	B	0
ACTACGAAGTTTACGC-1	B	2
ACTACGACAACTCGAT-1	B	19
ACTACGACAAGGAACC-1	Myeloid	10
ACTACGACAAGTCCTA-1	B	19
ACTACGACAGTTGCAT-1	Myeloid	1
ACTACGACATGTGAGG-1	T	18
ACTACGACATTCTTTG-1	B	19
ACTACGAGTAACCATC-1	Myeloid	15
ACTACGAGTAAGGTCG-1	NK	7
ACTACGAGTAGGGTTG-1	T	18
ACTACGAGTAGGTAAT-1	B	9
ACTACGAGTCAGCTTA-1	Myeloid	6
ACTACGAGTCCAAGTT-1	T	14
ACTACGAGTCTGCACG-1	B	0
ACTACGAGTTGTCGGC-1	T	4
ACTACGATCCATATCT-1	B	9
ACTACGATCGAAGCCC-1	B	9
ACTACGATCGCGTGAC-1	T	18
ACTACGATCTGTTTAC-1	B	2
ACTAGGTAGACGCCCT-1	Myeloid	1
ACTAGGTAGAGCCTGA-1	B	2
ACTAGGTAGAGGCAGG-1	Myeloid	15
ACTAGGTAGAGTTTGA-1	NK	3
ACTAGGTAGGCAAGGG-1	B	17
ACTAGGTAGGGAAGCG-1	B	2
ACTAGGTAGGGCTCTC-1	B	11
ACTAGGTAGTACAGTA-1	Myeloid	1
ACTAGGTAGTTATGAG-1	Myeloid	15
ACTAGGTAGTTCGCGC-1	B	19
ACTAGGTCAAACCCTA-1	B	19
ACTAGGTCAACGACAG-1	NK	3
ACTAGGTCACCCATCT-1	Myeloid	1
ACTAGGTCACTCGCAG-1	B	11
ACTAGGTCAGATTTGC-1	T	18
ACTAGGTCAGCAACAG-1	Myeloid	1
ACTAGGTCATAAAGTG-1	B	11
ACTAGGTCATAGACGG-1	B	2
ACTAGGTCATATTGGC-1	B	11
ACTAGGTCATGGGACA-1	Myeloid	6
ACTAGGTGTACTTGAC-1	B	9
ACTAGGTGTATCCTTT-1	NK	5
ACTAGGTGTATTCTTC-1	B	11
ACTAGGTGTGCATTCA-1	B	17
ACTAGGTGTGGTCGAA-1	Myeloid	1
ACTAGGTTCCCTATTA-1	B	17
ACTAGGTTCGATTACG-1	Stromal	12
ACTAGGTTCGCACAAT-1	B	9
ACTAGGTTCTACTGCC-1	Myeloid	15
ACTAGGTTCTCATATC-1	Myeloid	1
ACTAGGTTCTCTGAGA-1	NK	7
ACTAGGTTCTGGTACA-1	Myeloid	10
ACTAGGTTCTTGTGCC-1	B	19
ACTATTCAGACTTGAA-1	Myeloid	6
ACTATTCAGATATGTG-1	Myeloid	1
ACTATTCAGATTCCGT-1	T	18
ACTATTCAGCCCATTA-1	T	18
ACTATTCAGCTTACCA-1	B	2
ACTATTCAGGGTGTTG-1	Myeloid	1
ACTATTCAGGTACACG-1	Myeloid	1
ACTATTCCAACGACAG-1	NK	3
ACTATTCCAACTCGTA-1	Myeloid	6
ACTATTCCAAGCCAGA-1	B	0
ACTATTCCAAGCCTTA-1	Myeloid	6
ACTATTCCAATCAGGG-1	B	9
ACTATTCCACGATATC-1	B	16
ACTATTCCACGCTCAG-1	Myeloid	1
ACTATTCCAGGCAAGT-1	Myeloid	6
ACTATTCCAGGCTACC-1	NK	3
ACTATTCCAGGTTATC-1	Myeloid	10
ACTATTCCAGTAACCT-1	T	4
ACTATTCCAGTAGGCA-1	B	8
ACTATTCCAGTTACAC-1	T	18
ACTATTCCATTAACGC-1	T	14
ACTATTCCATTCGTCC-1	B	19
ACTATTCGTCTGGATT-1	NK	7
ACTATTCGTTCTTATC-1	B	8
ACTATTCGTTGGAGGT-1	Myeloid	1
ACTATTCTCACTCCCA-1	Myeloid	1
ACTATTCTCACTGATG-1	Myeloid	6
ACTATTCTCATTCATC-1	B	11
ACTATTCTCCAACAAC-1	Myeloid	1
ACTATTCTCGACTTAG-1	Myeloid	1
ACTATTCTCGCACCGA-1	B	19
ACTATTCTCGCTATTT-1	NK	5
ACTATTCTCTCGTGAA-1	B	2
ACTATTCTCTTTGCAT-1	Myeloid	13
ACTCGGGAGAACTAAC-1	Myeloid	6
ACTCGGGAGAATCAGT-1	NK	3
ACTCGGGAGATGGCAC-1	B	9
ACTCGGGAGATTCCGT-1	B	0
ACTCGGGAGCGAGCTA-1	B	11
ACTCGGGAGGCAAGCT-1	T	4
ACTCGGGAGGTTAGTA-1	Myeloid	15
ACTCGGGAGTACCCAT-1	T	18
ACTCGGGAGTGTCCCG-1	T	14
ACTCGGGAGTGTTCCA-1	Myeloid	6
ACTCGGGCAAAGCTGG-1	Myeloid	6
ACTCGGGCAACCTCTC-1	Myeloid	1
ACTCGGGCAACTAGAA-1	T	18
ACTCGGGCAAGGGAGG-1	B	9
ACTCGGGCACACTAGT-1	T	14
ACTCGGGCACAGATGG-1	B	19
ACTCGGGCACAGCTTA-1	Myeloid	1
ACTCGGGCACTCCCAT-1	B	8
ACTCGGGCAGAACTTC-1	B	2
ACTCGGGCAGTTACAC-1	NK	3
ACTCGGGCATTCACCC-1	Myeloid	6
ACTCGGGGTACATGGG-1	B	9
ACTCGGGGTCCACCAG-1	B	2
ACTCGGGGTGCATCAT-1	Myeloid	6
ACTCGGGGTGTGTGCC-1	B	19
ACTCGGGGTTAGGCTT-1	B	9
ACTCGGGGTTTGTGAC-1	B	9
ACTCGGGTCCAACGCG-1	NK	5
ACTCGGGTCCCTACGT-1	B	11
ACTCGGGTCCGCGATG-1	NK	5
ACTCGGGTCTCTGCGT-1	Myeloid	1
ACTCGGGTCTTCTCTC-1	Myeloid	1
ACTGCAACAAAGGCCA-1	Myeloid	1
ACTGCAACACAACGGA-1	T	4
ACTGCAACACACACCG-1	B	0
ACTGCAACACAGAAGC-1	Stromal	12
ACTGCAACACCTGGTG-1	Myeloid	1
ACTGCAACAGTGCGAA-1	Myeloid	1
ACTGCAACATAGAATG-1	B	0
ACTGCAACATTCCCGT-1	B	0
ACTGCAACATTGCACA-1	Myeloid	15
ACTGCAAGTCAGCAAG-1	B	9
ACTGCAAGTCCCTAAA-1	Myeloid	10
ACTGCAAGTCTGTGTA-1	NK	3
ACTGCAAGTTCTGATG-1	T	18
ACTGCAAGTTTGTACG-1	Myeloid	1
ACTGCAAGTTTGTGAC-1	Myeloid	1
ACTGCAATCAAACCCA-1	B	2
ACTGCAATCGATAGCT-1	B	2
ACTGCAATCTATCCTA-1	T	14
ACTGCAATCTGGAAGG-1	B	17
ACTGCAATCTTATCAC-1	B	2
ACTGCAATCTTCTTCC-1	Myeloid	15
ACTGCAATCTTGTCAT-1	T	14
ACTGCGGAGACACAAT-1	Myeloid	6
ACTGCGGAGATGAGGA-1	Myeloid	6
ACTGCGGAGCCAGAAC-1	Myeloid	1
ACTGCGGAGCGAATAT-1	Myeloid	6
ACTGCGGAGTCTCCAA-1	NK	3
ACTGCGGCAAATGTCC-1	B	19
ACTGCGGCAATTCTCT-1	NK	7
ACTGCGGCAGATACAA-1	B	9
ACTGCGGCATCCCAAA-1	T	14
ACTGCGGCATTGTTCT-1	Myeloid	6
ACTGCGGCATTTGGTG-1	Myeloid	6
ACTGCGGGTATCCCTC-1	NK	5
ACTGCGGGTGATGTGG-1	B	11
ACTGCGGGTGCAAGCA-1	T	14
ACTGCGGGTTTCCGGG-1	NK	3
ACTGCGGGTTTGTGAC-1	T	18
ACTGCGGTCAGTTGAC-1	B	8
ACTGCGGTCATCATGG-1	T	4
ACTGCGGTCGCAACTA-1	B	2
ACTGCGGTCGCTGATA-1	NK	7
ACTGCGGTCGGGAAAC-1	B	2
ACTGCGGTCGTTACAG-1	Myeloid	10
ACTGTCCAGATTAGAC-1	Myeloid	6
ACTGTCCAGATTGACA-1	Stromal	12
ACTGTCCAGCGGACAT-1	NK	7
ACTGTCCAGCTACGTT-1	Myeloid	1
ACTGTCCAGGAAACTT-1	T	14
ACTGTCCAGTTCGCGC-1	B	2
ACTGTCCCAAGAGCGT-1	B	17
ACTGTCCCACAAACAA-1	NK	3
ACTGTCCCAGAGAGAA-1	NK	7
ACTGTCCCATATACGC-1	NK	3
ACTGTCCGTAAAGGCC-1	T	18
ACTGTCCGTACAACGG-1	T	14
ACTGTCCGTAGTATCC-1	NK	7
ACTGTCCGTTCTACGA-1	Myeloid	15
ACTGTCCGTTTCACCC-1	Myeloid	1
ACTGTCCTCACGTCAA-1	NK	5
ACTGTCCTCAGGCGCT-1	NK	3
ACTGTCCTCAGTTGAC-1	Stromal	12
ACTGTCCTCGACTCGG-1	Myeloid	6
ACTGTCCTCGAGGTAG-1	B	2
ACTGTCCTCGATGAAA-1	B	8
ACTGTCCTCGGAAAGC-1	Myeloid	1
ACTGTCCTCGTGCTTC-1	NK	7
ACTGTCCTCTATCTAC-1	Myeloid	1
ACTTCCGAGACCGCAA-1	Myeloid	6
ACTTCCGAGAGCGAAA-1	Myeloid	15
ACTTCCGAGATAGGTT-1	T	14
ACTTCCGAGCAGGAGG-1	Stromal	12
ACTTCCGAGCGTCTGC-1	B	9
ACTTCCGAGGCTGGAT-1	Myeloid	6
ACTTCCGAGTACAGAT-1	T	14
ACTTCCGAGTAGTCGG-1	Myeloid	15
ACTTCCGAGTGAACCG-1	T	18
ACTTCCGAGTTAGCAA-1	NK	7
ACTTCCGAGTTGAATG-1	T	14
ACTTCCGCACACTAGT-1	B	9
ACTTCCGCACCATTCC-1	Myeloid	6
ACTTCCGCACTAGGAG-1	B	9
ACTTCCGCATGGATGG-1	Myeloid	6
ACTTCCGCATTAACGC-1	B	11
ACTTCCGGTAACGGCA-1	NK	3
ACTTCCGGTATCTAGC-1	B	19
ACTTCCGGTATGGATA-1	NK	3
ACTTCCGGTCACCCGA-1	T	14
ACTTCCGGTCATCGTA-1	B	2
ACTTCCGGTCTGCGCA-1	B	2
ACTTCCGGTGATGCGA-1	NK	7
ACTTCCGGTGCCCAGT-1	B	11
ACTTCCGGTTGCCTGG-1	T	4
ACTTCCGGTTGGACGA-1	NK	7
ACTTCCGGTTTCAGCA-1	B	11
ACTTCCGTCCATTGTT-1	Myeloid	6
ACTTCCGTCCGCTCTA-1	B	2
ACTTCCGTCGTCGCAG-1	Myeloid	13
ACTTCCGTCGTTCAGA-1	B	9
ACTTTCAAGAACTCCT-1	T	14
ACTTTCAAGACTCGGA-1	B	17
ACTTTCAAGAGCTCCC-1	NK	7
ACTTTCAAGCAATGTA-1	B	17
ACTTTCAAGTAGTTCC-1	Myeloid	1
ACTTTCAAGTTGCGCC-1	NK	7
ACTTTCACAAGCGAAC-1	Myeloid	1
ACTTTCACAAGCGACA-1	Myeloid	10
ACTTTCACACACACAT-1	T	4
ACTTTCACATCCCAAA-1	NK	3
ACTTTCACATTACCTT-1	B	0
ACTTTCAGTAACAATG-1	Myeloid	1
ACTTTCAGTATTCTTC-1	B	19
ACTTTCAGTCAACGGA-1	Myeloid	6
ACTTTCAGTCAGTGTT-1	Stromal	12
ACTTTCAGTCGAGAAC-1	B	11
ACTTTCAGTGGAAAGA-1	B	8
ACTTTCAGTTTGAAGA-1	Myeloid	13
ACTTTCATCAGTGTGT-1	B	11
ACTTTCATCCGATTGA-1	Stromal	12
ACTTTCATCCGTCAAA-1	NK	7
ACTTTCATCCTCAAGA-1	B	0
ACTTTCATCTGGCTAA-1	B	11
AGACAAAAGAAGCCTG-1	Myeloid	1
AGACAAAAGACCCTAT-1	NK	3
AGACAAAAGAGAACCC-1	Myeloid	1
AGACAAAAGAGCGGTT-1	B	9
AGACAAAAGCCCATTA-1	NK	3
AGACAAAAGGATGTCG-1	B	8
AGACAAAAGGCACCTC-1	B	8
AGACAAAAGTCGTGAG-1	Myeloid	6
AGACAAAAGTCTCTAG-1	Stromal	12
AGACAAAAGTCTGCTA-1	Myeloid	1
AGACAAACAACGTAGG-1	B	17
AGACAAACAAGTAATG-1	T	14
AGACAAACACAAGGGT-1	T	14
AGACAAACACCCTTAC-1	NK	3
AGACAAACACCTCGTT-1	Myeloid	1
AGACAAACACTGAAGG-1	Myeloid	6
AGACAAAGTACTTGAC-1	Myeloid	1
AGACAAAGTAGAAGCC-1	B	2
AGACAAAGTGAAACAT-1	B	0
AGACAAAGTGAATCGG-1	Myeloid	15
AGACAAAGTGATGTGG-1	B	19
AGACAAAGTGCCCGAT-1	B	2
AGACAAAGTGCTTGAT-1	NK	3
AGACAAATCCAAGAGG-1	NK	3
AGACAAATCGCTACCT-1	B	9
AGATAGAAGAACCATA-1	Stromal	12
AGATAGAAGACACAAT-1	Myeloid	6
AGATAGAAGATACCAA-1	B	0
AGATAGAAGGACTAGC-1	Myeloid	6
AGATAGAAGGCCTAAG-1	Myeloid	6
AGATAGAAGTAGAAGG-1	Myeloid	10
AGATAGAAGTAGTGTA-1	B	8
AGATAGAAGTCGAAAT-1	B	0
AGATAGAAGTGAGTTA-1	NK	3
AGATAGACAGCAACGA-1	B	2
AGATAGACAGGATAGC-1	Myeloid	1
AGATAGACATCCTGGG-1	T	4
AGATAGACATGACTGT-1	Myeloid	6
AGATAGACATTTAGGC-1	Myeloid	1
AGATAGAGTACCCACG-1	Myeloid	6
AGATAGAGTCAAACAA-1	B	11
AGATAGATCAATTGGC-1	Myeloid	10
AGATAGATCACACGTA-1	T	18
AGATAGATCAGGCGCT-1	NK	7
AGATAGATCCGGGCAT-1	B	11
AGATAGATCGCCAGAC-1	B	2
AGATTCGAGAACTCCT-1	NK	7
AGATTCGAGGAGACTC-1	Myeloid	10
AGATTCGAGTCCAGAG-1	Myeloid	1
AGATTCGAGTCGAAAT-1	B	19
AGATTCGAGTCTAGAA-1	T	18
AGATTCGCAACACGGA-1	B	11
AGATTCGCAAGGTTCT-1	B	17
AGATTCGCAAGTAACA-1	Myeloid	10
AGATTCGCAATAGTGA-1	Myeloid	13
AGATTCGCACAGGAAC-1	T	14
AGATTCGCAGAACGAC-1	B	17
AGATTCGCAGGGTACA-1	T	18
AGATTCGCATCAACTG-1	T	18
AGATTCGCATCACAGT-1	B	9
AGATTCGGTAGTACAA-1	T	14
AGATTCGGTATGAAGT-1	Myeloid	15
AGATTCGGTCACAGGA-1	Myeloid	15
AGATTCGGTCCGGTAC-1	B	2
AGATTCGGTGGATTCT-1	B	17
AGATTCGGTGGTAGAC-1	B	16
AGATTCGGTGGTGGTA-1	T	14
AGATTCGGTGTGAGGT-1	Myeloid	6
AGATTCGGTTAGGAAT-1	NK	3
AGATTCGGTTTCTCTA-1	B	11
AGATTCGTCAGTGGTT-1	B	19
AGATTCGTCCAAGTCA-1	NK	7
AGATTCGTCCATAGGT-1	Myeloid	6
AGATTCGTCCGAATTG-1	B	17
AGATTCGTCCGGAAAG-1	B	9
AGATTCGTCCTCCATG-1	T	4
AGATTCGTCGAGCGCT-1	NK	7
AGATTCGTCGCACAAT-1	B	19
AGATTCGTCGCGTGAC-1	Myeloid	10
AGATTCGTCGGAGTTT-1	B	19
AGATTCGTCGTGCTTC-1	Myeloid	10
AGCCAGCAGGATGTCG-1	Stromal	12
AGCCAGCAGGGAGATA-1	T	18
AGCCAGCAGGTCGGTA-1	B	0
AGCCAGCCAAAGCTTC-1	Myeloid	6
AGCCAGCCAACTCGTA-1	Myeloid	6
AGCCAGCCACACTAGT-1	Myeloid	1
AGCCAGCCAGGTAGCA-1	NK	7
AGCCAGCCATGATTGC-1	Myeloid	1
AGCCAGCCATTTCACT-1	B	8
AGCCAGCGTACATGGG-1	T	4
AGCCAGCGTATCCTTT-1	Stromal	12
AGCCAGCGTCCAGACC-1	Myeloid	1
AGCCAGCGTCGAGGAT-1	B	19
AGCCAGCGTGAGGTCA-1	B	19
AGCCAGCGTGGCCTCA-1	T	18
AGCCAGCGTTGGACGA-1	B	16
AGCCAGCGTTGTGAGG-1	Myeloid	1
AGCCAGCTCAAGTTGC-1	Myeloid	6
AGCCAGCTCCATCTAT-1	B	11
AGCCAGCTCCATGACA-1	Myeloid	6
AGCCAGCTCCCACTAC-1	NK	5
AGCCAGCTCCTAAAGC-1	Myeloid	1
AGCCAGCTCCTCCATG-1	Myeloid	1
AGCCAGCTCCTGACCT-1	T	14
AGCCAGCTCGACTGGC-1	B	2
AGCCAGCTCGGATGTT-1	NK	7
AGCCAGCTCTCCACTG-1	Myeloid	10
AGCCAGCTCTGGCTAA-1	Myeloid	10
AGCCCGAAGAAATTCG-1	B	9
AGCCCGAAGATCGATA-1	B	11
AGCCCGAAGCGGACTA-1	B	17
AGCCCGAAGGCCTCTG-1	B	11
AGCCCGAAGGTGTTGG-1	B	8
AGCCCGAAGGTTTCTG-1	B	2
AGCCCGAAGTAATCAG-1	B	16
AGCCCGAAGTGAAACT-1	Myeloid	10
AGCCCGACAAGCCAGA-1	Myeloid	15
AGCCCGACAAGGAGGG-1	Myeloid	6
AGCCCGACACTTGCGG-1	Myeloid	6
AGCCCGACAGGACCTC-1	NK	7
AGCCCGACAGGGTAAC-1	Myeloid	10
AGCCCGACAGTTGCAT-1	B	19
AGCCCGACATTCACGA-1	Myeloid	13
AGCCCGAGTACCCATA-1	Myeloid	6
AGCCCGAGTACGGATG-1	B	17
AGCCCGAGTAGAAAGG-1	NK	5
AGCCCGAGTAGGGTTG-1	B	8
AGCCCGAGTAGTCCAT-1	B	11
AGCCCGAGTATCTCAG-1	Myeloid	1
AGCCCGAGTATTCGAC-1	Myeloid	6
AGCCCGAGTCGCGCTA-1	Myeloid	6
AGCCCGAGTCTCTGGG-1	Myeloid	6
AGCCCGAGTGTCTACA-1	Myeloid	10
AGCCCGAGTTACACTG-1	Myeloid	1
AGCCCGATCAATGCAC-1	B	2
AGCCCGATCAGAATGA-1	NK	3
AGCCCGATCCATCATT-1	B	19
AGCCCGATCGCACCGA-1	T	4
AGCCCGATCGCTAGTA-1	B	11
AGCCCGATCGGATCGC-1	NK	3
AGCCCGATCGTCCCAT-1	B	11
AGCCCGATCGTCCCTA-1	T	18
AGCCCGATCTCTTAAC-1	Myeloid	6
AGCCGCAAGAACCATA-1	B	9
AGCCGCAAGAAGAGTG-1	B	19
AGCCGCAAGATCTCAC-1	Myeloid	1
AGCCGCAAGCTCCATA-1	B	9
AGCCGCAAGTACAACA-1	Myeloid	1
AGCCGCAAGTCGACCC-1	B	16
AGCCGCAAGTGAGTGC-1	Myeloid	6
AGCCGCAAGTTCCCGG-1	Myeloid	6
AGCCGCACAAGTTGCT-1	Myeloid	6
AGCCGCACAATCCATG-1	T	18
AGCCGCACAATGACTC-1	NK	3
AGCCGCACAATGGTCT-1	Myeloid	6
AGCCGCACATAGCCAT-1	B	19
AGCCGCACATGCACTA-1	NK	3
AGCCGCAGTAGCATGG-1	B	9
AGCCGCAGTCAACTAC-1	B	9
AGCCGCAGTCAAGACG-1	Myeloid	1
AGCCGCAGTCAGCTTA-1	Myeloid	6
AGCCGCAGTCCGGTAC-1	Myeloid	6
AGCCGCAGTGATTCCA-1	B	8
AGCCGCAGTGCTTCCT-1	T	18
AGCCGCAGTTCTTAGG-1	Myeloid	6
AGCCGCATCATGTTCT-1	NK	7
AGCCGCATCCTCAAGA-1	Myeloid	10
AGCCGCATCGTGAACT-1	NK	7
AGCCGCATCGTGCTTC-1	Stromal	12
AGCCGCATCGTTACAG-1	B	11
AGCCGCATCGTTCAGA-1	B	8
AGCCGCATCGTTCCGT-1	Myeloid	15
AGCCGCATCTATCTAC-1	B	17
AGCCGCATCTCGTGAA-1	B	2
AGCCTCTAGAATGCTA-1	Stromal	12
AGCCTCTAGAGCTGTG-1	B	8
AGCCTCTAGCTGAATA-1	Myeloid	1
AGCCTCTAGGAAGACA-1	Myeloid	1
AGCCTCTAGTACAGAT-1	NK	3
AGCCTCTAGTCCCTCT-1	T	4
AGCCTCTCAAAGGTCG-1	Myeloid	1
AGCCTCTCAACTCGTA-1	Myeloid	6
AGCCTCTCACCCTTTG-1	T	14
AGCCTCTCAGGTGGTA-1	Myeloid	1
AGCCTCTCAGTAAGAT-1	B	9
AGCCTCTCATTAACGC-1	B	17
AGCCTCTGTACTTGAC-1	B	9
AGCCTCTGTAGCGAGT-1	NK	5
AGCCTCTGTATATGGA-1	Myeloid	1
AGCCTCTGTATTCACG-1	B	8
AGCCTCTGTCCGTCGA-1	B	8
AGCCTCTGTCGTAGTT-1	B	11
AGCCTCTGTGATTCCA-1	NK	7
AGCCTCTGTGTCCCAG-1	B	8
AGCCTCTGTTCTCGAA-1	Stromal	12
AGCCTCTGTTTGATCG-1	T	14
AGCCTCTTCAAACCCA-1	NK	5
AGCCTCTTCACCACAA-1	T	4
AGCCTCTTCCCACTAC-1	Myeloid	15
AGCCTCTTCCGCGATG-1	Stromal	12
AGCCTCTTCCTGACCT-1	B	11
AGCCTCTTCGAGAACG-1	B	9
AGCCTCTTCGCGTTCT-1	T	4
AGCCTCTTCGTGGCGT-1	NK	7
AGCCTCTTCTGACTTT-1	B	11
AGCCTGGAGATCCGAG-1	T	14
AGCCTGGAGATGTTGA-1	Myeloid	1
AGCCTGGAGCAGAATT-1	Myeloid	15
AGCCTGGAGGCCAATG-1	B	11
AGCCTGGAGTAATGTG-1	Myeloid	15
AGCCTGGAGTAGGTCG-1	B	0
AGCCTGGAGTCGACCC-1	NK	5
AGCCTGGAGTTCCAGT-1	Myeloid	15
AGCCTGGAGTTTACGC-1	B	0
AGCCTGGCAAGGCGTA-1	B	9
AGCCTGGCACCTACCT-1	B	11
AGCCTGGCACGGCCAT-1	T	14
AGCCTGGCACTGTTAG-1	B	2
AGCCTGGCAGCAACGA-1	T	14
AGCCTGGCAGTCCTGG-1	Myeloid	1
AGCCTGGCATAGAATG-1	NK	7
AGCCTGGCATTCACGA-1	NK	7
AGCCTGGGTAATGTGA-1	Myeloid	15
AGCCTGGGTAGCAGGT-1	Myeloid	10
AGCCTGGGTAGGGTCA-1	Myeloid	1
AGCCTGGGTAGGTGAC-1	Myeloid	1
AGCCTGGGTATACGCT-1	NK	5
AGCCTGGGTGCAAGCA-1	T	18
AGCCTGGGTTACGCTA-1	Myeloid	1
AGCCTGGTCAAATGGA-1	Myeloid	1
AGCCTGGTCACTCCCA-1	Myeloid	6
AGCCTGGTCAGGTCTA-1	B	0
AGCCTGGTCATGTTCT-1	Myeloid	10
AGCCTGGTCCAGTACA-1	NK	3
AGCCTGGTCCCGCAAG-1	B	8
AGCCTGGTCGCAGATT-1	B	11
AGCCTGGTCGGAGTTT-1	Myeloid	6
AGCCTGGTCGGGAATG-1	B	9
AGCCTGGTCGGTTCCT-1	NK	5
AGCCTGGTCTACTTTG-1	T	14
AGCCTGGTCTTAATCC-1	Myeloid	15
AGCCTTCAGAATCAAC-1	B	8
AGCCTTCAGATTACGA-1	T	4
AGCCTTCAGCTTACCA-1	B	11
AGCCTTCAGGATATCA-1	NK	5
AGCCTTCAGTCGTGAG-1	Myeloid	10
AGCCTTCCAAGTTCGT-1	B	19
AGCCTTCCACTCAGCG-1	T	14
AGCCTTCCAGATACAA-1	NK	3
AGCCTTCGTAAGGTCG-1	Myeloid	10
AGCCTTCGTAGCAGCA-1	B	11
AGCCTTCGTATCTGCA-1	B	9
AGCCTTCGTGCACCCA-1	B	2
AGCCTTCGTGCCAAGA-1	T	18
AGCCTTCGTGTACGCC-1	NK	7
AGCCTTCTCAGTTGAC-1	Myeloid	6
AGCCTTCTCCGTGCAG-1	T	18
AGCCTTCTCGCTACCT-1	B	0
AGCCTTCTCTATCTAC-1	Myeloid	6
AGCCTTCTCTCTTAAC-1	B	16
AGCCTTCTCTGAACGT-1	NK	3
AGCCTTCTCTTCAGAG-1	B	8
AGCGATTAGGCAAGCT-1	B	17
AGCGATTCAAACAGTA-1	Myeloid	13
AGCGATTCAATAGCGG-1	B	9
AGCGATTCAGAAAGAG-1	Myeloid	6
AGCGATTCAGGGTAAC-1	Myeloid	15
AGCGATTGTATCTCAG-1	Myeloid	10
AGCGATTGTCATCAAC-1	B	8
AGCGATTGTGATAGAT-1	Myeloid	10
AGCGATTGTGCAAAGC-1	B	2
AGCGATTGTGTAGGAC-1	NK	3
AGCGATTGTGTCCCAG-1	B	9
AGCGATTGTTCCAATG-1	Stromal	12
AGCGATTGTTCCCGGA-1	Myeloid	15
AGCGATTGTTGGTAAA-1	T	4
AGCGATTTCACTGATG-1	B	2
AGCGATTTCCGGGCAT-1	B	9
AGCGATTTCGCGGCAT-1	B	11
AGCGATTTCGCTACCT-1	Myeloid	6
AGCGATTTCGGGAATG-1	B	2
AGCGATTTCGGTTCCT-1	NK	3
AGCGATTTCGTGAGTT-1	T	18
AGCGATTTCTATGAGC-1	T	14
AGCGATTTCTATTTCG-1	B	19
AGCGTATAGAGGTGGG-1	NK	3
AGCGTATAGATATGAC-1	B	11
AGCGTATAGATGTTGA-1	NK	3
AGCGTATAGCCATCAT-1	Myeloid	1
AGCGTATAGGAAGACA-1	NK	3
AGCGTATAGTACAGTA-1	T	4
AGCGTATAGTCCGGAA-1	T	18
AGCGTATAGTGCTAGG-1	NK	5
AGCGTATCAAGCGGTA-1	Myeloid	13
AGCGTATCACATTCTT-1	B	2
AGCGTATCACTAGGAG-1	NK	3
AGCGTATCAGAACTTC-1	NK	7
AGCGTATCAGTCCTGG-1	T	4
AGCGTATCATAGCCAT-1	NK	7
AGCGTATCATCCATAG-1	B	8
AGCGTATCATGGCCTG-1	T	14
AGCGTATGTAAAGGCC-1	T	4
AGCGTATGTACCGGCT-1	T	18
AGCGTATGTAGTCCAT-1	Myeloid	15
AGCGTATGTCAGCAAG-1	Myeloid	15
AGCGTATGTCTAAGAA-1	B	11
AGCGTATGTGAGCTAG-1	B	8
AGCGTATGTGCCCGAT-1	T	14
AGCGTATGTGCTAGTT-1	NK	3
AGCGTATTCAACACGT-1	Myeloid	10
AGCGTATTCACCCGGA-1	B	8
AGCGTATTCCTCCATG-1	Stromal	12
AGCGTATTCGGATAAA-1	T	4
AGCGTATTCGTCGCAG-1	B	16
AGCGTATTCTCTGAGA-1	B	11
AGCGTATTCTTCTTCC-1	NK	7
AGCGTGCAGATGGGAA-1	B	2
AGCGTGCAGTACCCAT-1	T	18
AGCGTGCCAAACTACC-1	B	11
AGCGTGCCAACGTCGC-1	B	8
AGCGTGCCAACTCGAT-1	Myeloid	6
AGCGTGCCACAACGGA-1	T	14
AGCGTGCCACGCGTTG-1	NK	5
AGCGTGCCAGTAACTC-1	NK	5
AGCGTGCCAGTCAGCC-1	T	4
AGCGTGCCATGCACTA-1	Myeloid	15
AGCGTGCCATGCCCTT-1	B	11
AGCGTGCGTAGACGCA-1	NK	7
AGCGTGCGTAGGGTCA-1	B	9
AGCGTGCGTAGGGTTG-1	NK	3
AGCGTGCGTATCTAGC-1	Myeloid	1
AGCGTGCGTATTCTGG-1	Myeloid	1
AGCGTGCGTCACCCGA-1	B	2
AGCGTGCGTCTCGGGT-1	T	4
AGCGTGCGTGATGCGA-1	B	11
AGCGTGCGTTGGAGGT-1	NK	7
AGCGTGCTCAAGAGAT-1	Myeloid	10
AGCGTGCTCAAGAGGC-1	Myeloid	6
AGCGTGCTCACTAGGT-1	NK	3
AGCGTGCTCAGAACGG-1	NK	7
AGCGTGCTCATCGCCT-1	Myeloid	6
AGCGTGCTCATGTTCT-1	T	14
AGCGTGCTCCATACCC-1	Myeloid	15
AGCGTGCTCGCGCTGA-1	B	17
AGCTATGAGAAGCCGT-1	Myeloid	13
AGCTATGAGAGCGGTT-1	B	11
AGCTATGAGATGGCAC-1	Stromal	12
AGCTATGAGATTCCGT-1	Stromal	12
AGCTATGAGCAGGAGG-1	T	18
AGCTATGAGCCAGAAC-1	T	4
AGCTATGAGGAAGGTA-1	B	8
AGCTATGAGGAGACTC-1	T	4
AGCTATGAGTGATATG-1	B	16
AGCTATGAGTTACACC-1	B	17
AGCTATGCACAGGAAC-1	B	9
AGCTATGCAGCAAACG-1	NK	7
AGCTATGCAGGACCTC-1	B	8
AGCTATGCATAGCCAT-1	B	19
AGCTATGGTGCACCCA-1	Myeloid	13
AGCTATGGTTCTTTGT-1	B	11
AGCTATGGTTTGTGAC-1	T	4
AGCTATGTCACTCCCA-1	Myeloid	1
AGCTATGTCAGCACGC-1	T	18
AGCTATGTCGACTGGC-1	T	14
AGCTATGTCGCACAAT-1	Myeloid	6
AGCTATGTCGTCGCAG-1	B	8
AGCTGATAGACGCCCT-1	NK	3
AGCTGATAGAGAGGTA-1	T	14
AGCTGATAGCATGATA-1	B	8
AGCTGATAGCCTCGCA-1	B	11
AGCTGATAGGCAAGCT-1	NK	7
AGCTGATAGGGTCTGA-1	T	18
AGCTGATAGTAATCAG-1	B	8
AGCTGATAGTAGGTCG-1	Myeloid	15
AGCTGATAGTCCGTGC-1	Myeloid	6
AGCTGATAGTCTCTAG-1	NK	7
AGCTGATCAACCTCCT-1	Myeloid	15
AGCTGATCAAGTTGCT-1	B	11
AGCTGATCACACATGT-1	Myeloid	1
AGCTGATCAGGCATCC-1	Myeloid	10
AGCTGATGTACGAGAC-1	Stromal	12
AGCTGATGTACTTCAG-1	NK	7
AGCTGATGTATGTTCG-1	T	4
AGCTGATGTCCCTTTG-1	B	17
AGCTGATGTGAGTAAT-1	B	11
AGCTGATGTGTAGGAC-1	Myeloid	6
AGCTGATTCAATTCCT-1	B	17
AGCTGATTCCAAGTCA-1	NK	7
AGCTGATTCCGGCGAT-1	NK	5
AGCTGATTCGCATAAC-1	Myeloid	6
AGCTGGCAGAGCGGTT-1	Myeloid	1
AGCTGGCAGAGCTCCC-1	Myeloid	6
AGCTGGCAGCACACCC-1	Myeloid	6
AGCTGGCAGGCCTCTG-1	Myeloid	1
AGCTGGCAGTCGCCTG-1	NK	7
AGCTGGCCAAGATTAG-1	T	14
AGCTGGCCAAGGAACC-1	B	9
AGCTGGCCAATTGCCA-1	B	17
AGCTGGCCACAAACGG-1	Myeloid	13
AGCTGGCCACGGTTAT-1	B	2
AGCTGGCCAGAACGAC-1	Myeloid	6
AGCTGGCCAGAGAGAA-1	B	16
AGCTGGCCAGCAAACG-1	B	2
AGCTGGCCATGTGAGG-1	Myeloid	6
AGCTGGCGTAACGGTG-1	B	17
AGCTGGCGTACGTAAA-1	Myeloid	15
AGCTGGCGTCCAGACC-1	Myeloid	6
AGCTGGCGTGACGCAA-1	Myeloid	6
AGCTGGCTCCATCGAA-1	T	14
AGCTGGCTCCTGGGAC-1	NK	7
AGCTGGCTCCTTACGC-1	Myeloid	15
AGCTGGCTCGCCTTAC-1	B	9
AGCTGGCTCTCCACTG-1	Myeloid	1
AGCTGGCTCTCGACCT-1	Myeloid	15
AGCTGGCTCTCTGCGT-1	Myeloid	15
AGCTGGCTCTGTGTCC-1	Myeloid	6
AGCTGGCTCTTATCAC-1	B	8
AGCTGTAAGACCATAA-1	B	19
AGCTGTAAGCGATACG-1	T	4
AGCTGTAAGGTGTCGA-1	Myeloid	1
AGCTGTAAGGTGTTGG-1	B	9
AGCTGTAAGGTTGTGG-1	B	8
AGCTGTAAGTAGGTCG-1	T	14
AGCTGTAAGTCCGATT-1	NK	5
AGCTGTAAGTCTCGAT-1	B	9
AGCTGTACAAACCGAG-1	Myeloid	1
AGCTGTACAAACGTTC-1	T	4
AGCTGTACAACTCGAT-1	B	19
AGCTGTACAAGGATGC-1	B	8
AGCTGTACACTCCCAT-1	T	4
AGCTGTAGTACCTATG-1	B	2
AGCTGTAGTAGCGTTT-1	NK	5
AGCTGTAGTCTTAGCA-1	Myeloid	1
AGCTGTAGTGAAACAT-1	T	14
AGCTGTAGTGAGTTGG-1	Myeloid	6
AGCTGTAGTGGAAAGA-1	NK	3
AGCTGTAGTGGCCTTG-1	B	11
AGCTGTAGTGTGACCC-1	Myeloid	1
AGCTGTATCAGTCTTT-1	T	4
AGCTGTATCCAGTTAG-1	NK	7
AGCTGTATCGAGCGCT-1	B	11
AGCTGTATCGTGAACT-1	Myeloid	6
AGCTGTATCGTGCTTC-1	B	2
AGCTGTATCTGTTGCC-1	B	2
AGCTGTATCTTAATCC-1	NK	7
AGGACGAAGAGCACTG-1	Stromal	12
AGGACGAAGGGTAATT-1	Myeloid	1
AGGACGACAAGGCTTT-1	Myeloid	1
AGGACGACACAGTTAC-1	B	11
AGGACGACAGAAAGAG-1	Stromal	12
AGGACGACAGCAAACG-1	Myeloid	13
AGGACGACATAAAGTG-1	Myeloid	6
AGGACGACATCGAGTT-1	Stromal	12
AGGACGAGTAATGCCT-1	Stromal	12
AGGACGAGTACGGAGT-1	NK	3
AGGACGAGTAGCTGTT-1	NK	3
AGGACGAGTGAGCTAG-1	B	9
AGGACGAGTGCTAGTT-1	B	9
AGGACGAGTGCTTTGA-1	B	9
AGGACGAGTTAGGAGC-1	Myeloid	10
AGGACGAGTTCAGAAA-1	B	9
AGGACGAGTTCCAGTA-1	NK	3
AGGACGAGTTTCCACC-1	T	18
AGGACGATCACTAGCA-1	B	8
AGGACGATCATGCTTT-1	B	16
AGGACGATCCAGGTCG-1	Myeloid	6
AGGACGATCCGGAAAG-1	Myeloid	6
AGGACGATCCTCCCAA-1	Myeloid	6
AGGACGATCGACGGAA-1	Myeloid	15
AGGACGATCGACTGGC-1	T	4
AGGACGATCGTGAGTT-1	T	4
AGGACGATCTAGTCGA-1	Stromal	12
AGGACGATCTCTATCA-1	T	4
AGGCCCAAGACGTCAG-1	B	2
AGGCCCAAGATCGAGC-1	B	11
AGGCCCAAGATGCGAC-1	B	8
AGGCCCAAGCTGAATA-1	Myeloid	6
AGGCCCAAGTGTCCCG-1	T	18
AGGCCCACAACAAACA-1	B	0
AGGCCCACACGCGACT-1	B	9
AGGCCCACACGCGCAT-1	NK	7
AGGCCCACAGATACAA-1	NK	5
AGGCCCACAGGCATTT-1	B	17
AGGCCCACATGCGACC-1	Myeloid	6
AGGCCCACATTGTTCT-1	B	0
AGGCCCAGTGATGCGA-1	Myeloid	6
AGGCCCAGTGGACAGT-1	Myeloid	1
AGGCCCAGTGGACTGA-1	Myeloid	1
AGGCCCAGTTGCAGAG-1	NK	3
AGGCCCATCACTAGGT-1	Myeloid	1
AGGCCCATCAGGTTTG-1	Myeloid	1
AGGCCCATCATCGCAA-1	B	8
AGGCCCATCGAGAACG-1	Myeloid	6
AGGCCCATCGAGGTAG-1	B	2
AGGCCCATCGCGCCAA-1	Myeloid	6
AGGCCCATCTCTGCAC-1	Myeloid	6
AGGCCCATCTTACTCA-1	NK	7
AGGCCTGAGAAAGCAG-1	T	14
AGGCCTGAGACAGTGC-1	Myeloid	6
AGGCCTGAGCTGAGGT-1	Myeloid	1
AGGCCTGAGGGTCTGA-1	NK	7
AGGCCTGAGGTTCGTT-1	B	11
AGGCCTGAGTCAGCCC-1	NK	5
AGGCCTGAGTCGTATC-1	B	2
AGGCCTGCACACATGT-1	NK	7
AGGCCTGCACTCCTCA-1	B	2
AGGCCTGCAGCGTACC-1	B	11
AGGCCTGCAGTAGGCA-1	T	18
AGGCCTGCAGTATACC-1	T	18
AGGCCTGCAGTGGTCC-1	NK	7
AGGCCTGCAGTTACAC-1	T	14
AGGCCTGCATCCGTAA-1	B	11
AGGCCTGCATGGGACA-1	B	17
AGGCCTGGTACAAATG-1	NK	3
AGGCCTGGTCGAGGAT-1	Myeloid	6
AGGCCTGGTCTGAGCC-1	Myeloid	1
AGGCCTGGTCTGGGAA-1	Myeloid	1
AGGCCTGGTGCATCAT-1	B	9
AGGCCTGGTTAACCAC-1	Myeloid	1
AGGCCTGGTTCTGAGT-1	NK	3
AGGCCTGTCAACTTGG-1	Myeloid	6
AGGCCTGTCACGTCAA-1	T	18
AGGCCTGTCAGTTGAC-1	NK	5
AGGCCTGTCCTAAGTG-1	Stromal	12
AGGCCTGTCTTATCAC-1	B	8
AGGCGAAAGAGTGGAA-1	B	0
AGGCGAAAGATGCGAC-1	B	19
AGGCGAAAGCGTCAAG-1	Myeloid	1
AGGCGAACAAACTACC-1	NK	7
AGGCGAACAAGCCCTG-1	B	8
AGGCGAACAATTCTCT-1	Myeloid	6
AGGCGAACACTTTGGA-1	T	14
AGGCGAACATAGCCGC-1	T	4
AGGCGAACATCATGTG-1	Myeloid	6
AGGCGAACATTGTTCT-1	Myeloid	1
AGGCGAAGTGTCGTCG-1	Myeloid	1
AGGCGAAGTTGTGAGG-1	Myeloid	1
AGGCGAATCAGGATCT-1	T	4
AGGCGAATCCCGGGTA-1	NK	3
AGGCGAATCCTAGAGT-1	Myeloid	10
AGGCGAATCTACATCT-1	B	17
AGGCGAATCTCTTAAC-1	Myeloid	6
AGGCGAATCTGAGTCA-1	Myeloid	1
AGGCGTCAGACAACGC-1	B	0
AGGCGTCAGACACGGT-1	Myeloid	1
AGGCGTCAGAGATTAC-1	T	14
AGGCGTCAGAGCGGTT-1	B	9
AGGCGTCAGATCGAGC-1	T	4
AGGCGTCAGCCATCAT-1	NK	3
AGGCGTCAGGGTTCTT-1	NK	5
AGGCGTCAGGTGTCGA-1	Myeloid	1
AGGCGTCAGTAATGTG-1	NK	7
AGGCGTCAGTCGTGAG-1	B	2
AGGCGTCAGTCTGGGA-1	T	14
AGGCGTCCAAATTGAG-1	Myeloid	1
AGGCGTCCAACATAAG-1	B	2
AGGCGTCCAATAGCGG-1	NK	3
AGGCGTCCACCGTCTT-1	Myeloid	15
AGGCGTCCACTCGTGG-1	B	2
AGGCGTCCATATACGC-1	T	18
AGGCGTCCATCACAAC-1	NK	7
AGGCGTCCATGATCGT-1	Myeloid	6
AGGCGTCGTAACATAG-1	B	9
AGGCGTCGTATCCCTC-1	Myeloid	15
AGGCGTCGTCACAGTT-1	Myeloid	6
AGGCGTCGTCCCTTTG-1	NK	5
AGGCGTCGTCTCTGCT-1	Myeloid	1
AGGCGTCGTGCAGACA-1	B	2
AGGCGTCGTTGGCGAA-1	T	4
AGGCGTCTCACCGCGA-1	Myeloid	15
AGGCGTCTCCGTCAAA-1	Myeloid	6
AGGCGTCTCCTTGACC-1	NK	3
AGGCGTCTCGGAGTTT-1	T	18
AGGCGTCTCGGTCTCT-1	NK	7
AGGCGTCTCTCAGATG-1	Myeloid	1
AGGCGTCTCTCCAACC-1	NK	3
AGGCGTCTCTTCACTA-1	NK	5
AGTCAACAGCACACCC-1	T	14
AGTCAACAGCGCCTAC-1	Myeloid	15
AGTCAACAGGGAAGCG-1	B	19
AGTCAACAGGTCGGTA-1	T	18
AGTCAACAGTCGTACT-1	Myeloid	6
AGTCAACAGTTCTCCC-1	T	18
AGTCAACCAATGCACT-1	NK	7
AGTCAACCACTCGTGG-1	Myeloid	6
AGTCAACCACTGTCGG-1	B	8
AGTCAACCATGGAGGT-1	B	9
AGTCAACCATTAGCCA-1	B	2
AGTCAACGTAAGTGCG-1	T	4
AGTCAACGTACATGGG-1	NK	5
AGTCAACGTGCCAAGA-1	B	19
AGTCAACGTGCTGAAG-1	T	4
AGTCAACGTTGTATCG-1	B	2
AGTCAACGTTTAGAAG-1	B	16
AGTCAACTCATGCTTT-1	Myeloid	6
AGTCAACTCCAGAGAG-1	NK	3
AGTCAACTCGCAAGCC-1	B	16
AGTCAACTCGTATAGC-1	B	9
AGTCCGGAGAACCCGA-1	B	8
AGTCCGGAGACGACTG-1	B	11
AGTCCGGAGATGCGAC-1	NK	3
AGTCCGGAGCGTTGCC-1	NK	5
AGTCCGGCAAGATGCG-1	NK	3
AGTCCGGCAAGTGGCA-1	Myeloid	6
AGTCCGGCACGTGAAG-1	B	16
AGTCCGGCAGATACAA-1	B	2
AGTCCGGCATAGGCGA-1	B	9
AGTCCGGCATGCGCTG-1	B	11
AGTCCGGCATTCCCGT-1	Myeloid	1
AGTCCGGGTACGAGAC-1	B	11
AGTCCGGGTCCGTAGC-1	B	19
AGTCCGGGTCGTAGTT-1	T	14
AGTCCGGGTCTCTAAG-1	Myeloid	1
AGTCCGGGTGCTTCCT-1	B	2
AGTCCGGGTGGTACTT-1	B	9
AGTCCGGGTGGTGGTA-1	B	17
AGTCCGGGTGTTGTTG-1	T	4
AGTCCGGGTTTCCTAT-1	Myeloid	15
AGTCCGGTCCAGAATC-1	Myeloid	13
AGTCCGGTCCCAGCGA-1	B	17
AGTCCGGTCGCAAACT-1	NK	7
AGTCCGGTCGCTGATA-1	B	0
AGTCCGGTCGGATAGG-1	Myeloid	10
AGTCCGGTCTATCTCA-1	NK	7
AGTGCCGAGAGGAACA-1	B	17
AGTGCCGAGCCGCTGT-1	B	17
AGTGCCGAGTCCCTCT-1	Myeloid	13
AGTGCCGCAAAGACGC-1	T	14
AGTGCCGCAATACTGC-1	Myeloid	1
AGTGCCGCACAGTAGG-1	B	9
AGTGCCGCACCATTCC-1	B	11
AGTGCCGCACCCTTTG-1	T	18
AGTGCCGCAGATTTGC-1	T	18
AGTGCCGCAGCAACAG-1	B	2
AGTGCCGCATCCCGGA-1	Myeloid	15
AGTGCCGCATTACACG-1	Myeloid	1
AGTGCCGGTGAAACAT-1	Myeloid	15
AGTGCCGGTTAACTCG-1	NK	3
AGTGCCGTCACCGCGA-1	B	17
AGTGCCGTCAGCACTA-1	B	2
AGTGCCGTCGGATGTT-1	Myeloid	1
AGTGCCGTCGTCTTAT-1	Myeloid	1
AGTGCCGTCTCTGCAC-1	Myeloid	6
AGTGCCGTCTGACATG-1	Myeloid	1
AGTGCGCAGACGCCAA-1	B	9
AGTGCGCAGACTCGGA-1	B	17
AGTGCGCAGCAGAAAG-1	Myeloid	1
AGTGCGCAGTATCTGC-1	T	14
AGTGCGCAGTGCAACG-1	B	9
AGTGCGCAGTGTCCCG-1	B	11
AGTGCGCCAAAGCTTC-1	Myeloid	6
AGTGCGCCAATTGGCT-1	Myeloid	6
AGTGCGCCACAGTTAC-1	Myeloid	6
AGTGCGCCACGTTACA-1	B	8
AGTGCGCGTCAACTAC-1	B	9
AGTGCGCGTCGATTAC-1	Myeloid	1
AGTGCGCGTCTCGGGT-1	Myeloid	6
AGTGCGCGTGATGCGA-1	B	0
AGTGCGCGTGCGTAGA-1	B	2
AGTGCGCGTTAACCAC-1	Myeloid	6
AGTGCGCGTTCTACCC-1	NK	3
AGTGCGCGTTGGCGAA-1	NK	5
AGTGCGCGTTTCGTTT-1	B	19
AGTGCGCGTTTCTACT-1	NK	7
AGTGCGCGTTTGATCG-1	Myeloid	6
AGTGCGCGTTTGCATG-1	Myeloid	6
AGTGCGCTCCAGGGAA-1	T	14
AGTGCGCTCCTGACCT-1	NK	5
AGTGCGCTCGCGTTCT-1	T	4
AGTGCGCTCGGACGAA-1	Myeloid	1
AGTGCGCTCTCCTTAA-1	B	17
AGTGCGCTCTTTGCAT-1	T	18
AGTGTACAGCACACCC-1	NK	7
AGTGTACAGCCCATTA-1	Stromal	12
AGTGTACAGGATTGCG-1	B	9
AGTGTACAGGGTCTGA-1	T	4
AGTGTACAGGTCACTT-1	Myeloid	13
AGTGTACCACCTATTT-1	NK	3
AGTGTACCACTGTAAC-1	B	2
AGTGTACCAGAGAGAA-1	NK	3
AGTGTACCAGGCATTT-1	NK	3
AGTGTACGTAAAGCTA-1	Myeloid	6
AGTGTACGTAATGCAA-1	B	11
AGTGTACGTAGCAGCA-1	B	8
AGTGTACGTATCATGC-1	Myeloid	1
AGTGTACGTCCATTGA-1	Myeloid	15
AGTGTACGTGGACAGT-1	Myeloid	6
AGTGTACGTGGTACTT-1	Stromal	12
AGTGTACGTTGGTAAA-1	T	4
AGTGTACGTTTGACCA-1	B	8
AGTGTACTCCATACCC-1	B	8
AGTGTACTCTCCACTG-1	NK	7
AGTGTACTCTCGCGGA-1	Myeloid	15
AGTGTACTCTGTGTGA-1	Myeloid	1
AGTGTACTCTTGTGCC-1	NK	3
AGTTACGAGATCGATA-1	Myeloid	1
AGTTACGAGATGCGAC-1	Stromal	12
AGTTACGAGCCGCTGT-1	Myeloid	1
AGTTACGAGGCCTCTG-1	NK	5
AGTTACGAGGTGTTGG-1	NK	7
AGTTACGAGGTTGTGG-1	Myeloid	1
AGTTACGCAACGCACC-1	Myeloid	6
AGTTACGCAATCCATG-1	B	19
AGTTACGCACAAACAA-1	Myeloid	6
AGTTACGCACTAGCCG-1	B	9
AGTTACGCAGAAAGAG-1	T	4
AGTTACGCAGGTGTGA-1	B	2
AGTTACGCATTAACGC-1	Myeloid	1
AGTTACGCATTTAGGC-1	B	9
AGTTACGGTAACATAG-1	Myeloid	6
AGTTACGGTACAAATG-1	Myeloid	10
AGTTACGGTACCTATG-1	B	11
AGTTACGGTACGGAGT-1	Myeloid	13
AGTTACGGTCTCTGCT-1	B	2
AGTTACGGTGCTAGTT-1	B	0
AGTTACGGTTAAGGGC-1	B	0
AGTTACGGTTAGTAGA-1	T	14
AGTTACGTCCGAATTG-1	NK	7
AGTTACGTCGGGCTCA-1	B	8
AGTTACGTCTATCTTG-1	Myeloid	1
AGTTACGTCTGGCCAG-1	NK	7
AGTTACGTCTGTAGAC-1	B	0
AGTTTGGAGAAAGGGT-1	Myeloid	10
AGTTTGGAGAACAGGA-1	B	11
AGTTTGGAGGTCGGTA-1	Myeloid	6
AGTTTGGCAAATAGTG-1	B	11
AGTTTGGCAACTAGAA-1	Myeloid	6
AGTTTGGGTAACCCAT-1	Myeloid	1
AGTTTGGGTACGCAAG-1	NK	7
AGTTTGGGTATCATGC-1	NK	7
AGTTTGGGTCTAAAGA-1	Myeloid	1
AGTTTGGGTCTGATTG-1	Myeloid	6
AGTTTGGGTGTCTACA-1	B	9
AGTTTGGGTTAACCGT-1	B	11
AGTTTGGGTTTGAAGA-1	Myeloid	6
AGTTTGGTCAGGCGCT-1	B	8
AGTTTGGTCCACGGCA-1	T	4
AGTTTGGTCCAGAATC-1	B	8
AGTTTGGTCGCAACTA-1	Myeloid	1
AGTTTGGTCGGTCCGA-1	NK	5
AGTTTGGTCGTTCTAT-1	B	8
AGTTTGGTCTTAACGG-1	B	0
ATAGGCTAGAACGTCG-1	Myeloid	10
ATAGGCTAGACGACTG-1	Myeloid	13
ATAGGCTAGCGTTGCC-1	Myeloid	10
ATAGGCTAGGGAGTTC-1	Myeloid	6
ATAGGCTAGGTAGGCT-1	B	9
ATAGGCTAGGTTAACA-1	Myeloid	13
ATAGGCTAGTAACATG-1	B	19
ATAGGCTAGTAATGTG-1	Myeloid	10
ATAGGCTAGTATACCC-1	Myeloid	1
ATAGGCTAGTATGCTC-1	T	14
ATAGGCTCAACCTCCT-1	B	2
ATAGGCTCAAGGTCGA-1	B	9
ATAGGCTCAATCCATG-1	Myeloid	1
ATAGGCTCACAGGAAC-1	NK	7
ATAGGCTCACAGTAGG-1	B	9
ATAGGCTCACTTATGG-1	B	19
ATAGGCTGTAAAGGCC-1	NK	7
ATAGGCTGTTCCATCC-1	B	16
ATAGGCTGTTTCCGGG-1	NK	7
ATAGGCTTCACAACAC-1	T	14
ATAGGCTTCACTAGCA-1	B	2
ATAGGCTTCCCACGGA-1	B	11
ATAGGCTTCGACCCGA-1	Myeloid	6
ATAGGCTTCGGTTCCT-1	NK	5
ATAGGCTTCTATCCTA-1	NK	7
ATAGTCGAGAATCAAC-1	B	17
ATAGTCGAGAGTTCGG-1	B	8
ATAGTCGAGCAATGTA-1	T	14
ATAGTCGAGGCCAGTA-1	B	8
ATAGTCGAGTGGACGT-1	Myeloid	1
ATAGTCGCAAATGTCC-1	Myeloid	6
ATAGTCGCAACTGCGC-1	NK	7
ATAGTCGCAAGGTTCT-1	Myeloid	6
ATAGTCGCAATGCCAT-1	NK	7
ATAGTCGCAATGTGCT-1	T	14
ATAGTCGCACATAAAG-1	B	16
ATAGTCGCACTGCTCT-1	Myeloid	1
ATAGTCGCAGAAAGAG-1	B	11
ATAGTCGCAGTATACC-1	Myeloid	1
ATAGTCGCATCACAGT-1	NK	7
ATAGTCGCATCGTACA-1	NK	7
ATAGTCGGTACGCCCA-1	B	11
ATAGTCGGTAGATGAT-1	T	4
ATAGTCGGTATATGGA-1	Myeloid	13
ATAGTCGGTCAGCAAG-1	B	9
ATAGTCGGTCATTGCA-1	Stromal	12
ATAGTCGGTGATTCCA-1	B	9
ATAGTCGGTGCAACAG-1	Myeloid	6
ATAGTCGGTGGTAAGC-1	Myeloid	15
ATAGTCGGTTAACCAC-1	B	19
ATAGTCGGTTGTGAGG-1	B	0
ATAGTCGGTTTAGACC-1	Myeloid	1
ATAGTCGTCAAGAGGC-1	NK	3
ATAGTCGTCAATCGTG-1	B	2
ATAGTCGTCATGCTTT-1	Myeloid	6
ATAGTCGTCTCGACCT-1	NK	3
ATATTCCAGAACGCCA-1	Stromal	12
ATATTCCAGCAACGGT-1	B	2
ATATTCCAGCTCGGCT-1	B	2
ATATTCCAGGGAAATG-1	B	0
ATATTCCAGGGATCCA-1	B	11
ATATTCCAGTACAGTA-1	B	11
ATATTCCAGTCCCTCT-1	T	18
ATATTCCAGTGATCTC-1	T	4
ATATTCCCAAGCAATA-1	Myeloid	10
ATATTCCCACACTAGT-1	Myeloid	6
ATATTCCCACAGTTCA-1	Stromal	12
ATATTCCCACGCGATC-1	NK	7
ATATTCCCATACCCGG-1	B	8
ATATTCCCATGCTATG-1	Myeloid	6
ATATTCCCATTGAACC-1	Myeloid	10
ATATTCCGTACAAGCG-1	T	18
ATATTCCGTATTCACG-1	B	9
ATATTCCGTCAAATCC-1	NK	7
ATATTCCGTCAACGGA-1	T	4
ATATTCCGTCCTATTT-1	B	17
ATATTCCGTGCGCTCA-1	B	0
ATATTCCTCAGCACGC-1	Myeloid	1
ATATTCCTCAGCACTA-1	B	8
ATATTCCTCCTTTGCG-1	T	14
ATATTCCTCGCCGAAC-1	Myeloid	1
ATCCAGAAGAACGCCA-1	Stromal	12
ATCCAGAAGATACCAA-1	T	4
ATCCAGAAGTCGATAA-1	B	11
ATCCAGACAAAGGTCG-1	T	18
ATCCAGACAAATGTCC-1	NK	7
ATCCAGACAACGTACT-1	B	9
ATCCAGACACCTGAAT-1	T	14
ATCCAGACAGTATACC-1	Myeloid	15
ATCCAGACAGTGCTCG-1	B	11
ATCCAGACATCAGCTA-1	B	8
ATCCAGACATTTGGTG-1	B	17
ATCCAGAGTACGGATG-1	T	14
ATCCAGAGTATCCTTT-1	B	2
ATCCAGAGTATTGTCG-1	T	14
ATCCAGAGTCAGAAAT-1	T	14
ATCCAGAGTCCCTTTG-1	B	2
ATCCAGAGTCGACTGC-1	Myeloid	1
ATCCAGAGTGGTACTT-1	B	9
ATCCAGAGTGTCCAGC-1	B	2
ATCCAGAGTTCCCTTG-1	T	18
ATCCAGATCACTGATG-1	T	14
ATCCAGATCCATCTAT-1	NK	3
ATCCAGATCCGGCTGA-1	Myeloid	1
ATCCAGATCCGTACGG-1	T	18
ATCCAGATCGAACACT-1	T	14
ATCCAGATCGGTTCCT-1	T	14
ATCCAGATCGTGGTAT-1	B	11
ATCCAGATCTACTTTG-1	B	11
ATCCAGATCTCATCCG-1	B	11
ATCCCTGAGAGGAACA-1	Myeloid	1
ATCCCTGAGCTAGTTC-1	Myeloid	6
ATCCCTGAGCTGCTCG-1	T	4
ATCCCTGAGGTCGTTT-1	T	14
ATCCCTGCAAAGGTCG-1	T	18
ATCCCTGCACACATTG-1	B	8
ATCCCTGCACCAAGGA-1	Stromal	12
ATCCCTGCAGCCACGT-1	Myeloid	6
ATCCCTGCAGGCAAGT-1	B	2
ATCCCTGCAGGTGGTA-1	Myeloid	1
ATCCCTGCATTGCACA-1	B	11
ATCCCTGGTACGCCCA-1	Myeloid	6
ATCCCTGGTACGGATG-1	Myeloid	6
ATCCCTGGTAGACACG-1	NK	3
ATCCCTGGTCGCTAGC-1	B	0
ATCCCTGGTGCTAGTT-1	B	11
ATCCCTGGTGCTTACA-1	NK	7
ATCCCTGGTGTTGGTT-1	NK	5
ATCCCTGGTTAACTCG-1	T	14
ATCCCTGTCAAACCAC-1	Myeloid	10
ATCCCTGTCACACGTA-1	Myeloid	6
ATCCCTGTCCCAGCAG-1	NK	3
ATCCCTGTCCTCCAGT-1	NK	5
ATCCCTGTCGCGCCAA-1	NK	7
ATCCCTGTCGTCTTAT-1	T	14
ATCCCTGTCTCAGATG-1	Myeloid	10
ATCCCTGTCTGATCTT-1	B	11
ATCCCTGTCTGTGTGA-1	Myeloid	1
ATCCTCGAGACTTGAA-1	Myeloid	1
ATCCTCGAGCAATAAC-1	Myeloid	6
ATCCTCGAGGATTTGA-1	B	9
ATCCTCGAGTATACGA-1	B	19
ATCCTCGAGTTGACAA-1	B	19
ATCCTCGCACAATAAG-1	T	18
ATCCTCGCACACTAGT-1	B	11
ATCCTCGCACAGATGG-1	B	19
ATCCTCGCACGTTACA-1	Myeloid	6
ATCCTCGCACTAAACC-1	Myeloid	1
ATCCTCGCAGCGTGAA-1	Myeloid	6
ATCCTCGCAGGCACAA-1	B	17
ATCCTCGCAGTTGGAG-1	T	18
ATCCTCGCATCGGCCA-1	Myeloid	13
ATCCTCGGTAAGCCTT-1	T	18
ATCCTCGGTACGCAAG-1	Myeloid	10
ATCCTCGGTAGGGTCA-1	NK	7
ATCCTCGGTCAATACC-1	T	4
ATCCTCGGTCATTGGT-1	Myeloid	1
ATCCTCGGTGCGTCCA-1	Stromal	12
ATCCTCGGTGTCTACA-1	Myeloid	10
ATCCTCGGTTTGATCG-1	NK	3
ATCCTCGTCACAAGCT-1	NK	7
ATCCTCGTCAGTCACA-1	B	2
ATCCTCGTCCTCATTA-1	NK	5
ATCCTCGTCCTCCATG-1	B	8
ATCCTCGTCTGAAAGA-1	Myeloid	6
ATCCTCGTCTTCGTTA-1	Myeloid	13
ATCCTGCAGAAGCCTG-1	B	0
ATCCTGCAGACACTTC-1	Myeloid	6
ATCCTGCAGGGATCCA-1	B	9
ATCCTGCAGGTTAACA-1	B	17
ATCCTGCCAATACTGC-1	B	9
ATCCTGCCACGAACGA-1	Myeloid	1
ATCCTGCCATGGGAAC-1	B	17
ATCCTGCCATTCACGA-1	Myeloid	1
ATCCTGCGTACTTCGA-1	B	19
ATCCTGCGTCATCGTA-1	NK	7
ATCCTGCGTCCTCAGG-1	NK	7
ATCCTGCGTCGAGAAC-1	Myeloid	6
ATCCTGCGTCGATTAC-1	B	8
ATCCTGCGTGAGTCGA-1	B	9
ATCCTGCGTGCTGTCG-1	T	4
ATCCTGCGTGCTTCCT-1	T	14
ATCCTGCGTTAACCAC-1	B	9
ATCCTGCGTTCTGAAC-1	T	4
ATCCTGCGTTTGTCTT-1	T	4
ATCCTGCTCAACTTGG-1	Myeloid	1
ATCCTGCTCACCGCGA-1	Myeloid	6
ATCCTGCTCATCGCAA-1	B	8
ATCCTGCTCTATTTCG-1	Myeloid	15
ATCCTGCTCTGAGTCA-1	B	2
ATCCTGCTCTGGAAGG-1	B	9
ATCGAGTAGAACTCCT-1	B	16
ATCGAGTAGATGCGCA-1	NK	5
ATCGAGTAGCCTGTAT-1	Myeloid	6
ATCGAGTAGCTCGTTA-1	NK	3
ATCGAGTAGGCGACTA-1	NK	3
ATCGAGTCACACACAT-1	NK	5
ATCGAGTCAGAACTTC-1	T	14
ATCGAGTCATTTGTTC-1	Myeloid	6
ATCGAGTGTAAAGCTA-1	Myeloid	1
ATCGAGTGTATCATGC-1	Myeloid	1
ATCGAGTGTATCCCTC-1	T	14
ATCGAGTGTCAGTGTT-1	B	9
ATCGAGTGTCCCGAGT-1	B	16
ATCGAGTGTCTGGGCT-1	B	11
ATCGAGTGTTCGGGAA-1	Myeloid	15
ATCGAGTGTTTCTACT-1	NK	7
ATCGAGTTCAATTCCT-1	B	0
ATCGAGTTCACCACAA-1	T	4
ATCGAGTTCAGGCGCT-1	T	18
ATCGAGTTCATCGCCT-1	Myeloid	6
ATCGAGTTCGGGCTCA-1	NK	7
ATCGAGTTCGTGCTTC-1	Myeloid	6
ATCGAGTTCTCTGACC-1	T	18
ATCGAGTTCTTTGCAT-1	Stromal	12
ATGCATGAGAATCAGT-1	T	4
ATGCATGAGAGAAGCA-1	B	2
ATGCATGAGAGTAAGG-1	NK	3
ATGCATGAGCCTCGCA-1	Myeloid	15
ATGCATGAGCGTCTGC-1	B	9
ATGCATGAGCTCGGCT-1	B	2
ATGCATGAGGGTATCG-1	T	4
ATGCATGAGTAGTGTA-1	Stromal	12
ATGCATGAGTCAACTC-1	NK	3
ATGCATGAGTGCTAGG-1	Myeloid	1
ATGCATGCAAGTTGCT-1	NK	7
ATGCATGCAGGATAGC-1	B	0
ATGCATGCAGGCAAGT-1	B	17
ATGCATGCATCAGAAA-1	B	9
ATGCATGCATTATGGC-1	Myeloid	10
ATGCATGCATTTGGTG-1	Myeloid	10
ATGCATGGTAAACGTA-1	B	0
ATGCATGGTAACGGTG-1	T	4
ATGCATGGTAAGTCTC-1	B	17
ATGCATGGTAATGCCT-1	B	9
ATGCATGGTAGGTGAC-1	Myeloid	6
ATGCATGGTATCTAGC-1	NK	5
ATGCATGGTGAATACA-1	T	4
ATGCATGGTGACGCAA-1	Myeloid	1
ATGCATGGTGGACGAT-1	T	4
ATGCATGGTGGTCGAA-1	T	4
ATGCATGGTTCCTATT-1	B	11
ATGCATGGTTGTGACT-1	T	4
ATGCATGGTTTAGGAA-1	NK	7
ATGCATGTCAAGGCCC-1	Myeloid	6
ATGCATGTCAGTCTTT-1	NK	7
ATGCATGTCCCACTAC-1	B	9
ATGCATGTCTCAGATG-1	B	11
ATGCATGTCTCCTTGG-1	T	4
ATGCATGTCTCGTGAA-1	T	14
ATGCATGTCTTACTCA-1	Myeloid	6
ATGGATCAGAAGACTT-1	T	4
ATGGATCAGAAGAGTG-1	NK	5
ATGGATCAGACGACTG-1	NK	5
ATGGATCAGATCTAAG-1	T	4
ATGGATCAGATTAGAC-1	Myeloid	10
ATGGATCAGCGTAGCA-1	Myeloid	6
ATGGATCAGGAGGCGA-1	Myeloid	6
ATGGATCAGGAGTAGA-1	Myeloid	1
ATGGATCAGGCCAGTA-1	NK	3
ATGGATCAGTCTCGAT-1	T	4
ATGGATCAGTCTTAGC-1	T	18
ATGGATCCAAGACACG-1	NK	7
ATGGATCCAAGAGCGT-1	B	19
ATGGATCCAATGCATC-1	T	18
ATGGATCCACACTAGT-1	NK	5
ATGGATCCACTGTAAC-1	B	11
ATGGATCCATGGATGG-1	NK	3
ATGGATCCATTTGGCA-1	B	11
ATGGATCGTACGGAGT-1	B	17
ATGGATCGTAGGTGAC-1	T	14
ATGGATCGTATCATGC-1	Stromal	12
ATGGATCGTATTGTCG-1	B	11
ATGGATCGTTACTACG-1	B	9
ATGGATCGTTCCGCGA-1	NK	7
ATGGATCGTTTGCGAT-1	T	18
ATGGATCTCAAACCCA-1	B	11
ATGGATCTCATTCGGA-1	T	14
ATGGATCTCCCTAAAG-1	Myeloid	6
ATGGATCTCGTGAACT-1	Myeloid	6
ATGGATCTCGTTCCGT-1	NK	5
ATGGATCTCTAGCAGT-1	NK	5
ATGGATCTCTTCAGAG-1	T	14
ATGGATCTCTTGTCGC-1	B	0
ATGTACGAGACGTCAG-1	B	8
ATGTACGAGCCTCGCA-1	Myeloid	1
ATGTACGAGCTCCATA-1	T	14
ATGTACGAGGCGATTG-1	Stromal	12
ATGTACGAGGTCACTT-1	T	14
ATGTACGCAAACAGTA-1	Myeloid	1
ATGTACGCACTAAACC-1	Myeloid	1
ATGTACGCACTCAAGT-1	B	19
ATGTACGCAGGGTAAC-1	Myeloid	6
ATGTACGCAGTGGTCC-1	T	18
ATGTACGCATCATGTG-1	Myeloid	6
ATGTACGCATCGTGAT-1	Myeloid	1
ATGTACGCATGATCGT-1	Myeloid	6
ATGTACGGTATGTCCA-1	B	11
ATGTACGGTCAACTGT-1	Myeloid	1
ATGTACGGTCAGAAGC-1	Myeloid	1
ATGTACGGTGGTAAGC-1	B	9
ATGTACGGTGTACGCC-1	Myeloid	1
ATGTACGGTGTGTGCC-1	Myeloid	6
ATGTACGGTTCAGTAC-1	B	8
ATGTACGGTTTAGAAG-1	T	14
ATGTACGTCCCAGCGA-1	Myeloid	1
ATGTACGTCCCATAGA-1	Myeloid	1
ATGTACGTCCCTATTA-1	Myeloid	1
ATGTACGTCCTTTGAT-1	B	8
ATGTACGTCGGGAATG-1	B	8
ATGTACGTCGTAGCGC-1	B	9
ATGTACGTCGTTCCGT-1	B	11
ATGTACGTCTATCTCA-1	B	2
ATGTACGTCTCATCCG-1	B	11
ATGTACGTCTGCGTCT-1	T	14
ATGTCGAAGAATGCTA-1	B	9
ATGTCGAAGGCTTAAA-1	Myeloid	1
ATGTCGAAGGTGATGC-1	NK	7
ATGTCGAAGTACGCGA-1	B	2
ATGTCGAAGTTGGAAT-1	Myeloid	15
ATGTCGACAAAGAGAG-1	B	17
ATGTCGACAAATGCTC-1	B	11
ATGTCGACACCTATTT-1	B	11
ATGTCGACAGCAAACG-1	T	14
ATGTCGACAGGTGTCC-1	B	11
ATGTCGACATTCACCC-1	NK	7
ATGTCGAGTAACGGTG-1	Myeloid	6
ATGTCGAGTAGAACGC-1	B	11
ATGTCGAGTAGCCATT-1	T	18
ATGTCGAGTAGGTGAC-1	NK	7
ATGTCGAGTCGATTAC-1	T	14
ATGTCGAGTGTTGGTT-1	B	9
ATGTCGAGTTTCTCTA-1	B	9
ATGTCGATCAAACCCA-1	T	4
ATGTCGATCATCATGG-1	T	14
ATGTCGATCCACTAGA-1	B	11
ATGTCGATCCGCGATG-1	NK	3
ATGTCGATCCGGAAAG-1	Myeloid	6
ATGTCGATCGGTGATT-1	B	8
ATGTCTTAGAACCATA-1	B	9
ATGTCTTAGCGTCAAG-1	NK	3
ATGTCTTAGCTTCAAC-1	T	4
ATGTCTTAGGAGTCTG-1	NK	5
ATGTCTTAGGCCAATG-1	Myeloid	10
ATGTCTTAGTGCAACG-1	Myeloid	15
ATGTCTTAGTGCTAGG-1	B	11
ATGTCTTCAAGCGAAC-1	T	18
ATGTCTTCAAGGGAGG-1	B	11
ATGTCTTCACCGTCTT-1	B	2
ATGTCTTCACCTGGTG-1	T	4
ATGTCTTCAGGTGTGA-1	B	8
ATGTCTTCATCGACCG-1	NK	3
ATGTCTTGTAGGTGAC-1	Myeloid	1
ATGTCTTGTGACCAGA-1	Myeloid	6
ATGTCTTGTTTGTACG-1	Myeloid	10
ATGTCTTTCACGATTG-1	B	9
ATGTCTTTCCATTGAG-1	Myeloid	6
ATGTCTTTCCTCAAGA-1	Myeloid	1
ATGTCTTTCCTCCATG-1	B	0
ATGTCTTTCGATTACG-1	B	11
ATGTCTTTCTACTGCC-1	T	18
ATGTCTTTCTTCACTA-1	NK	3
ATGTTTCAGATGTTGA-1	Myeloid	1
ATGTTTCAGGTTGACG-1	T	14
ATGTTTCAGTCCCTCT-1	T	18
ATGTTTCAGTCGTATC-1	B	2
ATGTTTCAGTCGTGAG-1	NK	5
ATGTTTCAGTGCTCGC-1	B	9
ATGTTTCAGTTAGCGG-1	Myeloid	15
ATGTTTCCAGATGGCA-1	B	17
ATGTTTCCAGCGTACC-1	T	14
ATGTTTCCAGCGTGAA-1	Myeloid	10
ATGTTTCCATCATGTG-1	Myeloid	6
ATGTTTCCATGACTGT-1	Myeloid	6
ATGTTTCCATTGAACC-1	B	2
ATGTTTCGTAAACGGC-1	B	0
ATGTTTCGTACGTAGG-1	B	16
ATGTTTCGTACTAGAA-1	Myeloid	15
ATGTTTCGTAGAAGCC-1	Myeloid	1
ATGTTTCGTCAACTGT-1	NK	7
ATGTTTCGTCAGAGTG-1	Myeloid	13
ATGTTTCGTCGGCTGT-1	Myeloid	1
ATGTTTCGTCTAAAGA-1	B	17
ATGTTTCGTGATTCCA-1	B	0
ATGTTTCGTGGCGCTT-1	Myeloid	6
ATGTTTCGTGGTTCTA-1	T	4
ATGTTTCGTGTGAGGT-1	B	2
ATGTTTCGTTAAGGGC-1	Myeloid	10
ATGTTTCGTTCCATCC-1	B	16
ATGTTTCGTTGTGACT-1	B	9
ATGTTTCTCGAGAAGC-1	NK	7
ATGTTTCTCTATACCT-1	NK	3
ATGTTTCTCTATATCC-1	NK	7
ATGTTTCTCTGTGTCC-1	Myeloid	10
ATTACCTAGAGCCACA-1	B	2
ATTACCTAGAGTTTGA-1	B	2
ATTACCTAGGATTAAC-1	T	14
ATTACCTAGGCACCTC-1	B	8
ATTACCTAGGGATCCA-1	NK	7
ATTACCTAGTCGTACT-1	B	0
ATTACCTCAACGCAAG-1	B	8
ATTACCTCAACGGGTA-1	Myeloid	13
ATTACCTCAAGCCTTA-1	T	4
ATTACCTCAAGTCTCA-1	T	18
ATTACCTCAATGCACT-1	B	2
ATTACCTCACCCATCT-1	B	2
ATTACCTCACGATATC-1	T	4
ATTACCTCATCCCGGA-1	T	14
ATTACCTGTACGCCCA-1	T	4
ATTACCTGTACTAGAA-1	Stromal	12
ATTACCTGTCCAAGAG-1	Myeloid	6
ATTACCTGTGAATGTA-1	B	8
ATTACCTTCAATTCCT-1	T	14
ATTACCTTCAATTGGC-1	T	4
ATTACCTTCCTGTAGA-1	NK	7
ATTACCTTCGACCCGA-1	Myeloid	1
ATTACCTTCTCGTGAA-1	Myeloid	1
ATTACTCAGACAGCTG-1	B	2
ATTACTCAGCAACGGT-1	T	18
ATTACTCAGCCATTCA-1	T	18
ATTACTCAGCGATACG-1	B	19
ATTACTCAGGTGATGC-1	NK	7
ATTACTCAGTACGACG-1	Stromal	12
ATTACTCAGTCGATAA-1	T	18
ATTACTCAGTGTCCCG-1	B	16
ATTACTCAGTGTCGCC-1	NK	3
ATTACTCCAAAGAAGG-1	T	14
ATTACTCCAACCTCTC-1	Myeloid	6
ATTACTCCAATGGCTT-1	B	11
ATTACTCCAATTCTCT-1	T	14
ATTACTCCACAAGGGT-1	Myeloid	10
ATTACTCCATCGTGAT-1	B	17
ATTACTCGTACAAGCG-1	B	2
ATTACTCGTACGGAGT-1	B	0
ATTACTCGTAGTCTGT-1	Myeloid	6
ATTACTCGTCACATTG-1	B	11
ATTACTCGTCAGTGCC-1	B	9
ATTACTCGTCATCGTA-1	Myeloid	1
ATTACTCGTCTGGGAA-1	Myeloid	1
ATTACTCGTCTGGTCG-1	Stromal	12
ATTACTCGTTGTGAGG-1	B	19
ATTACTCGTTTCCACC-1	NK	7
ATTACTCTCAGGAAGC-1	T	18
ATTACTCTCCCGTAGG-1	Myeloid	10
ATTACTCTCGAGGTAG-1	Myeloid	6
ATTACTCTCGTGATAC-1	NK	3
ATTACTCTCGTGCTGG-1	Myeloid	1
ATTACTCTCTCTGACC-1	Myeloid	6
ATTCGTTAGAGAATTC-1	NK	3
ATTCGTTAGAGCACTG-1	B	2
ATTCGTTAGATCGCCC-1	NK	7
ATTCGTTAGCAACGGT-1	T	14
ATTCGTTAGCTGCTCG-1	Myeloid	1
ATTCGTTAGGAAGACA-1	Myeloid	1
ATTCGTTAGGGACGTT-1	B	11
ATTCGTTAGTGAGCTG-1	B	17
ATTCGTTAGTTCCCGG-1	NK	3
ATTCGTTCAACGACAG-1	T	14
ATTCGTTCAACTCGTA-1	Myeloid	6
ATTCGTTCACTGCTTC-1	B	11
ATTCGTTCAGTAACCT-1	Myeloid	1
ATTCGTTCAGTAGTCT-1	B	11
ATTCGTTCATAAAGTG-1	NK	3
ATTCGTTCATAGTCCA-1	B	2
ATTCGTTCATGGTAAA-1	Myeloid	6
ATTCGTTCATGTGAGG-1	NK	7
ATTCGTTGTAAGCCGA-1	Myeloid	1
ATTCGTTGTACAAGCG-1	T	18
ATTCGTTGTAGAAAGG-1	B	9
ATTCGTTGTAGGGTTG-1	NK	7
ATTCGTTGTATACGCT-1	Stromal	12
ATTCGTTGTATTCACG-1	NK	5
ATTCGTTGTATTGTCG-1	B	17
ATTCGTTGTCCGCTTT-1	B	2
ATTCGTTGTCTCTAAG-1	Stromal	12
ATTCGTTGTGAGTTGG-1	T	18
ATTCGTTGTGCCCAGT-1	B	11
ATTCGTTTCAATTGGC-1	B	11
ATTCGTTTCAGGAATA-1	B	0
ATTCGTTTCCGGGCAT-1	B	8
ATTCGTTTCGCAGATT-1	Myeloid	6
ATTCGTTTCTATGAGC-1	Stromal	12
ATTCGTTTCTGTGTGA-1	B	8
ATTCGTTTCTTCTCTC-1	T	14
ATTGTCTAGATACCAA-1	B	8
ATTGTCTAGCCTTTGA-1	T	14
ATTGTCTAGTTCCAGT-1	Stromal	12
ATTGTCTCAAAGAGAG-1	B	9
ATTGTCTCAACGTCGC-1	T	18
ATTGTCTCAAGCACTT-1	NK	3
ATTGTCTCAGGGCTTC-1	B	11
ATTGTCTCATCACAAC-1	B	19
ATTGTCTGTACGTATC-1	B	2
ATTGTCTGTCATGAGG-1	B	2
ATTGTCTGTCGAGAAC-1	T	4
ATTGTCTGTGAGGTCA-1	T	4
ATTGTCTGTGGAAGCT-1	Myeloid	6
ATTGTCTGTGGACAGT-1	Myeloid	6
ATTGTCTGTTAGTAGA-1	T	4
ATTGTCTTCACCCGGA-1	T	18
ATTGTCTTCAGTCAAC-1	B	11
ATTGTCTTCCATGACA-1	NK	5
ATTGTCTTCGCGATGC-1	T	4
ATTGTCTTCTATACCT-1	B	11
ATTGTCTTCTCCAACC-1	B	16
ATTGTCTTCTGGAAGG-1	NK	3
ATTGTCTTCTTAGTGG-1	Myeloid	1
ATTGTCTTCTTCCGTG-1	B	11
ATTGTGGAGACGACTG-1	B	9
ATTGTGGAGATCACCT-1	Myeloid	6
ATTGTGGAGCTTTCCC-1	Myeloid	6
ATTGTGGAGGAGTCTG-1	Myeloid	1
ATTGTGGAGGATGTCG-1	B	9
ATTGTGGAGGCGACTA-1	T	18
ATTGTGGAGTAACTCC-1	Myeloid	1
ATTGTGGAGTACCCAT-1	Myeloid	10
ATTGTGGAGTGATATG-1	B	19
ATTGTGGCAACTAGAA-1	Myeloid	1
ATTGTGGCAAGGATGC-1	T	14
ATTGTGGCAATTAGGA-1	Myeloid	6
ATTGTGGCACAGCCAC-1	B	9
ATTGTGGCAGATACAA-1	Stromal	12
ATTGTGGCAGCAGGTA-1	Myeloid	1
ATTGTGGCAGTTGCAT-1	Myeloid	6
ATTGTGGGTAACCGAG-1	T	4
ATTGTGGGTAACGGCA-1	Stromal	12
ATTGTGGGTACCGGCT-1	B	2
ATTGTGGGTACGCCCA-1	Stromal	12
ATTGTGGGTAGGGTCA-1	B	8
ATTGTGGGTAGTCCAT-1	Myeloid	6
ATTGTGGGTCAAGACG-1	B	2
ATTGTGGGTTAACTCG-1	T	4
ATTGTGGGTTAGAGAT-1	Myeloid	13
ATTGTGGGTTCTACCC-1	Myeloid	1
ATTGTGGGTTTGCATG-1	Myeloid	13
ATTGTGGTCACTAGGT-1	B	2
ATTGTGGTCAGCACTA-1	B	2
ATTGTGGTCCACCTAC-1	NK	3
ATTGTGGTCCCGTAGG-1	NK	7
ATTGTGGTCCGAATTG-1	Stromal	12
ATTGTGGTCGCACCGA-1	B	9
ATTGTGGTCGTGAACT-1	B	9
ATTGTGGTCGTGTGCG-1	B	16
ATTGTGGTCTATTTCG-1	T	4
ATTGTGGTCTCGACAA-1	Myeloid	6
ATTTGTCAGAGCGAAA-1	B	11
ATTTGTCAGAGCGGTT-1	Myeloid	1
ATTTGTCAGGGAAATG-1	T	18
ATTTGTCAGTCATCTG-1	B	11
ATTTGTCAGTTAGCAA-1	B	9
ATTTGTCCAAGACTAA-1	B	2
ATTTGTCCAGGCATCC-1	Myeloid	15
ATTTGTCCATCACAGT-1	B	2
ATTTGTCCATTACACG-1	B	8
ATTTGTCGTACAAGCG-1	B	16
ATTTGTCGTACTATGC-1	NK	7
ATTTGTCGTATCACAC-1	Myeloid	6
ATTTGTCGTCCGAGCT-1	B	19
ATTTGTCGTCTCTAAG-1	NK	3
ATTTGTCGTCTGGATT-1	B	11
ATTTGTCGTGAGTTGG-1	T	4
ATTTGTCTCAAGGCAG-1	B	9
ATTTGTCTCCAACAAC-1	B	8
ATTTGTCTCCCAATAG-1	Myeloid	10
ATTTGTCTCTCAGATG-1	NK	3
ATTTGTCTCTGAAAGA-1	Myeloid	1
CAAAGCTAGAAACGCC-1	T	4
CAAAGCTAGAACTCCT-1	B	2
CAAAGCTAGCCATGGA-1	Stromal	12
CAAAGCTAGGATTGAT-1	B	9
CAAAGCTAGTATAGTG-1	NK	5
CAAAGCTAGTTGGAAT-1	T	4
CAAAGCTCAACTACTG-1	T	14
CAAAGCTCAACTTGGT-1	NK	3
CAAAGCTCAAGACACG-1	B	11
CAAAGCTCAAGTTGCT-1	NK	7
CAAAGCTCAATTCGTG-1	B	2
CAAAGCTCAGGCATCC-1	T	14
CAAAGCTCATACAACC-1	B	19
CAAAGCTCATAGAATG-1	Myeloid	6
CAAAGCTCATCGACCG-1	T	4
CAAAGCTGTAGAAAGG-1	B	11
CAAAGCTGTAGTACAA-1	NK	3
CAAAGCTGTCAGCAAG-1	NK	5
CAAAGCTGTCCTATTT-1	Myeloid	1
CAAAGCTGTGGACAGT-1	Myeloid	10
CAAAGCTGTTCCCGGA-1	Myeloid	6
CAAAGCTGTTGGAGGT-1	B	8
CAAAGCTTCAGTGTGT-1	B	9
CAAAGCTTCCATCATT-1	T	4
CAAAGCTTCCATGTTT-1	Myeloid	6
CAAAGCTTCCGATGCG-1	B	9
CAAAGCTTCGATAGCT-1	Myeloid	10
CAAAGCTTCGGTCCGA-1	NK	5
CAAAGCTTCTGACTTT-1	Myeloid	1
CAAAGCTTCTTAATCC-1	B	11
CAACCAAAGAATCAAC-1	B	9
CAACCAAAGAGAACCC-1	B	9
CAACCAAAGAGCCACA-1	B	16
CAACCAAAGATGTTGA-1	T	18
CAACCAAAGCAGAAAG-1	Myeloid	1
CAACCAAAGTGAAGGA-1	B	19
CAACCAACAACGACAG-1	B	11
CAACCAACAAGTCTGT-1	Myeloid	6
CAACCAACAAGTTGCT-1	T	14
CAACCAACACACTAGT-1	B	11
CAACCAACAGAACTTC-1	B	9
CAACCAACAGGCAGAT-1	T	4
CAACCAACATATTGGC-1	T	4
CAACCAACATCCCTTG-1	T	18
CAACCAAGTAGACGCA-1	T	14
CAACCAAGTAGTACAA-1	Myeloid	6
CAACCAAGTATGGGTG-1	B	0
CAACCAAGTCACCCGA-1	Myeloid	1
CAACCAAGTCAGAAAT-1	Myeloid	15
CAACCAAGTCCCTTTG-1	Myeloid	1
CAACCAAGTCTCTGGG-1	Myeloid	1
CAACCAAGTGAAACAT-1	NK	7
CAACCAAGTGTCGTGC-1	B	9
CAACCAAGTTCCTATT-1	T	18
CAACCAAGTTCTTAGG-1	B	11
CAACCAAGTTTAGAAG-1	Myeloid	6
CAACCAATCAAGTTGC-1	Stromal	12
CAACCAATCATGCTTT-1	Myeloid	10
CAACCAATCCATCATT-1	Myeloid	6
CAACCAATCCCGAAGC-1	Myeloid	1
CAACCAATCGATCGCG-1	Myeloid	1
CAACCAATCTCGGCGA-1	B	9
CAACGGCAGAGACTCG-1	B	9
CAACGGCAGAGGCGGA-1	B	17
CAACGGCAGCAGAAAG-1	T	18
CAACGGCAGCATACCT-1	Myeloid	6
CAACGGCAGCGCATTT-1	Myeloid	6
CAACGGCAGGTCTTGT-1	Myeloid	10
CAACGGCCACCCTTTG-1	B	0
CAACGGCCAGGGTACA-1	NK	5
CAACGGCGTATGGTTC-1	B	8
CAACGGCGTGCTTTGA-1	Myeloid	1
CAACGGCGTTACACTG-1	Myeloid	1
CAACGGCGTTACGCTA-1	NK	3
CAACGGCGTTCCTATT-1	T	18
CAACGGCGTTGGACGA-1	Stromal	12
CAACGGCGTTTCCACC-1	NK	5
CAACGGCGTTTGTAGC-1	B	2
CAACGGCTCAGAGTGG-1	B	11
CAACGGCTCGTAGCGC-1	B	19
CAACGGCTCGTATAGC-1	B	11
CAACGGCTCGTCCCAT-1	Stromal	12
CAACGTAAGAACTCCT-1	Myeloid	10
CAACGTAAGAATGCTA-1	Myeloid	10
CAACGTAAGACAGTGC-1	B	17
CAACGTAAGACCTATC-1	T	4
CAACGTAAGAGCAGCT-1	B	9
CAACGTAAGATGCGAC-1	Myeloid	6
CAACGTAAGCAGTAGC-1	Myeloid	10
CAACGTAAGCCATCAT-1	T	4
CAACGTAAGCGTCTGC-1	T	4
CAACGTAAGGGCTCTC-1	B	11
CAACGTAAGTACAGTA-1	T	18
CAACGTACAAAGCTTC-1	NK	7
CAACGTACACCTATTT-1	B	2
CAACGTACACCTGGTG-1	Myeloid	6
CAACGTACAGTAACCT-1	T	18
CAACGTACATAGAATG-1	B	11
CAACGTAGTACCTATG-1	B	2
CAACGTAGTACTAGAA-1	Myeloid	6
CAACGTAGTATTGTGC-1	Myeloid	6
CAACGTAGTCACCCGA-1	Myeloid	13
CAACGTAGTCGCGCTA-1	B	9
CAACGTAGTGAGGGTT-1	NK	3
CAACGTAGTGCGTCCA-1	B	2
CAACGTAGTGGACTGA-1	Myeloid	6
CAACGTAGTGTAGGAC-1	Myeloid	1
CAACGTAGTGTCCAGC-1	Myeloid	10
CAACGTAGTTTGTACG-1	NK	3
CAACGTATCACTCGGG-1	B	9
CAACGTATCCGATGCG-1	Myeloid	10
CAACGTATCGACTTAG-1	NK	7
CAAGAAAAGATCCGAG-1	T	18
CAAGAAAAGATTCCGT-1	NK	7
CAAGAAAAGCTCCATA-1	NK	7
CAAGAAAAGGATCCTT-1	Myeloid	1
CAAGAAAAGGCTCCTG-1	B	8
CAAGAAAAGTAGCAAT-1	Myeloid	6
CAAGAAAAGTGCTCGC-1	Myeloid	10
CAAGAAACAAACCCTA-1	B	11
CAAGAAACAAAGCATA-1	Myeloid	6
CAAGAAACAACGGACA-1	Myeloid	6
CAAGAAACAAGGCGTA-1	Myeloid	15
CAAGAAACACAAACGG-1	Myeloid	1
CAAGAAACACAGTAGG-1	T	4
CAAGAAACACGATTAC-1	Myeloid	6
CAAGAAACACGCTGTG-1	NK	7
CAAGAAACAGAAGTGC-1	Myeloid	15
CAAGAAACAGGATAGC-1	B	8
CAAGAAACAGGTGGTA-1	B	11
CAAGAAACAGTTGCAT-1	Stromal	12
CAAGAAACATCGTACA-1	Myeloid	1
CAAGAAACATTCTCGC-1	B	9
CAAGAAAGTAACTGAA-1	T	4
CAAGAAAGTACAAGCG-1	B	9
CAAGAAAGTACCCATA-1	B	11
CAAGAAAGTAGGGTTG-1	NK	7
CAAGAAAGTATCATGC-1	NK	3
CAAGAAAGTCCGTGCA-1	B	2
CAAGAAAGTCTCAAAC-1	B	19
CAAGAAAGTGAATGGC-1	T	4
CAAGAAAGTGCTTCCT-1	B	19
CAAGAAAGTTCTACCC-1	NK	7
CAAGAAAGTTCTTAGG-1	T	14
CAAGAAATCAAATGGA-1	B	9
CAAGAAATCAGAATGA-1	Myeloid	6
CAAGAAATCCAACGCG-1	NK	3
CAAGAAATCCATAACG-1	T	4
CAAGAAATCCATGTTT-1	Myeloid	10
CAAGAAATCCGAGGAA-1	B	9
CAAGAAATCGATATGC-1	B	8
CAAGAAATCGGTCTCT-1	B	19
CAAGAAATCTGGTACA-1	B	2
CAAGAAATCTGTAGAC-1	B	8
CAAGAAATCTGTGTGA-1	Myeloid	6
CAAGCTAAGAGGAATG-1	B	19
CAAGCTAAGAGGTCCA-1	NK	3
CAAGCTAAGGCGTCCT-1	Myeloid	1
CAAGCTAAGGCTTCGC-1	NK	3
CAAGCTAAGGGTCTGA-1	Stromal	12
CAAGCTAAGGTCGTTT-1	Myeloid	13
CAAGCTAAGTGAATAC-1	NK	3
CAAGCTACAAACGACG-1	NK	3
CAAGCTACAACGTCCG-1	Myeloid	6
CAAGCTACAATAGCGG-1	T	18
CAAGCTACAATGGTCT-1	Myeloid	6
CAAGCTACAATTCGTG-1	NK	5
CAAGCTACACAGTTCA-1	NK	3
CAAGCTACACCGATCG-1	NK	3
CAAGCTACATACTGCA-1	T	18
CAAGCTACATCGGCTG-1	B	9
CAAGCTACATTAGCCA-1	Myeloid	15
CAAGCTAGTAATGCCT-1	Myeloid	1
CAAGCTAGTACTTCAG-1	T	4
CAAGCTAGTATGAAGT-1	Myeloid	6
CAAGCTAGTCTAAGAA-1	Myeloid	13
CAAGCTAGTCTCGGGT-1	NK	7
CAAGCTAGTGAATACA-1	Myeloid	1
CAAGCTAGTGCTGGCT-1	NK	7
CAAGCTAGTTTCCGGG-1	NK	5
CAAGCTATCCAGGCCA-1	NK	3
CAAGCTATCCAGGGAA-1	Myeloid	6
CAAGCTATCCAGGTCG-1	T	14
CAAGCTATCCTGAAAC-1	B	11
CAAGCTATCTGGCGCA-1	Myeloid	1
CAAGGCCAGAAATCTG-1	NK	7
CAAGGCCAGATCCGAG-1	B	0
CAAGGCCAGCGAGCTA-1	NK	7
CAAGGCCAGCTAACAA-1	B	2
CAAGGCCCAACACGGA-1	B	11
CAAGGCCCAAGCAATA-1	Myeloid	6
CAAGGCCCACCCTTAC-1	Myeloid	1
CAAGGCCCAGCAAACG-1	B	8
CAAGGCCCAGCGTAGA-1	NK	5
CAAGGCCCAGTTACAC-1	NK	3
CAAGGCCCAGTTCGGC-1	B	9
CAAGGCCCATGACTGT-1	Myeloid	1
CAAGGCCCATGCTATG-1	NK	7
CAAGGCCCATTACCTT-1	Myeloid	6
CAAGGCCGTGATAACA-1	T	14
CAAGGCCGTGCTTCCT-1	Myeloid	1
CAAGGCCGTTTCCTAT-1	NK	3
CAAGGCCTCAATCGTG-1	NK	7
CAAGGCCTCCAGGTAT-1	NK	3
CAAGGCCTCCTGGGAC-1	Myeloid	6
CAAGGCCTCGATAGGG-1	Myeloid	6
CAAGGCCTCTAGCAAC-1	Myeloid	1
CAAGGCCTCTATCCTA-1	NK	3
CAAGGCCTCTCAGATG-1	Myeloid	1
CAAGGCCTCTCGTGAA-1	B	16
CAAGGCCTCTCTATTG-1	NK	3
CAAGGCCTCTGAACGT-1	Myeloid	1
CAAGGCCTCTTCCGTG-1	NK	7
CAAGGCCTCTTGTCGC-1	Myeloid	1
CAATCCCAGCTAGCAG-1	NK	5
CAATCCCAGGAAGAAC-1	NK	7
CAATCCCAGGCATGCA-1	T	18
CAATCCCAGGTGATGC-1	B	19
CAATCCCAGTAGTTCC-1	T	14
CAATCCCAGTCCGATT-1	Myeloid	6
CAATCCCAGTTCCCGG-1	B	9
CAATCCCCAACACGGA-1	B	19
CAATCCCCAACGCAAG-1	B	9
CAATCCCCAAGTAATG-1	T	18
CAATCCCCAGTAGTTC-1	Myeloid	6
CAATCCCCATCATAGC-1	NK	3
CAATCCCGTAGATTAG-1	NK	7
CAATCCCGTATTTGCG-1	Myeloid	15
CAATCCCGTCAATACC-1	B	17
CAATCCCGTGCATTCA-1	Stromal	12
CAATCCCGTGGATTCT-1	NK	7
CAATCCCGTTACGAAA-1	NK	7
CAATCCCGTTCCCTTG-1	B	2
CAATCCCGTTCTTATC-1	Myeloid	15
CAATCCCGTTTAAGCC-1	Myeloid	1
CAATCCCTCCACCTAC-1	T	18
CAATCCCTCCTATCAT-1	B	2
CAATCCCTCGGACGAA-1	Myeloid	10
CAATCCCTCTAGCAGT-1	NK	7
CAATCCCTCTATGAGC-1	Myeloid	1
CAATCCCTCTTACGGA-1	NK	3
CACAACAAGAACGTTA-1	B	19
CACAACAAGCACGTAG-1	B	19
CACAACAAGGTTCTCA-1	T	18
CACAACAAGTGATTAG-1	B	16
CACAACAAGTGTCGGA-1	Stromal	12
CACAACACAAGGAGGG-1	Myeloid	10
CACAACACACCGTTGG-1	T	4
CACAACACACTCAAGT-1	Myeloid	10
CACAACACAGGCTACC-1	T	14
CACAACACAGTATACC-1	B	19
CACAACACATGACTGT-1	Myeloid	6
CACAACAGTACAACGG-1	Myeloid	1
CACAACAGTATCCTTT-1	Myeloid	6
CACAACAGTCCGTAGC-1	B	8
CACAACAGTGGCATAG-1	B	9
CACAACAGTGGCCTCA-1	T	14
CACAACAGTTCCCAAA-1	Myeloid	1
CACAACAGTTCTACCC-1	B	19
CACAACAGTTCTTTGT-1	Myeloid	6
CACAACATCACTCCCA-1	Myeloid	1
CACAACATCAGGAAGC-1	Myeloid	15
CACAACATCAGTGTGT-1	T	4
CACAACATCCCGGGTA-1	NK	3
CACAACATCCGAATTG-1	B	2
CACAACATCCGATGCG-1	Myeloid	6
CACAACATCCTTGACC-1	Myeloid	13
CACAACATCGATGTAC-1	Stromal	12
CACAACATCGCGTGAC-1	Myeloid	6
CACAACATCGGTTAGT-1	B	19
CACAACATCTACTGCC-1	B	16
CACAACATCTATAGGC-1	B	11
CACAGATAGACGAAAG-1	B	8
CACAGATAGCGCGTTC-1	B	0
CACAGATAGGCCTAAG-1	T	14
CACAGATAGGGTCCCT-1	Myeloid	10
CACAGATAGTAATCAG-1	Myeloid	13
CACAGATAGTATAGTG-1	NK	3
CACAGATCAACCTCTC-1	B	11
CACAGATCAAGAAACT-1	NK	3
CACAGATCAAGTAACA-1	Myeloid	6
CACAGATCAATAGTGA-1	NK	3
CACAGATCACCAAGGA-1	Myeloid	10
CACAGATCACTGTTAG-1	B	9
CACAGATCACTTGCGG-1	B	17
CACAGATCAGGCAGAT-1	Stromal	12
CACAGATCAGGGCTTC-1	NK	3
CACAGATCATAGACGG-1	B	8
CACAGATCATATACGC-1	B	11
CACAGATGTAAACGAT-1	B	11
CACAGATGTAAGTGCG-1	Myeloid	1
CACAGATGTACGAGAC-1	NK	7
CACAGATGTATTCACG-1	T	4
CACAGATGTATTCTTC-1	Myeloid	6
CACAGATGTCATCAAC-1	B	2
CACAGATGTCCACCAG-1	NK	7
CACAGATGTCTAAAGA-1	B	2
CACAGATGTGGGTAGT-1	B	9
CACAGATGTTCTTTCA-1	NK	3
CACAGATTCAAGGCAG-1	Myeloid	1
CACAGATTCAGGTCTA-1	NK	5
CACAGATTCATACTTC-1	NK	5
CACAGATTCCAGCACG-1	Myeloid	6
CACAGATTCCCATAGA-1	T	14
CACAGATTCGATAGCT-1	B	2
CACAGATTCGCACAAT-1	NK	7
CACAGATTCTTGTGCC-1	B	11
CACATGAAGAACGTTA-1	T	18
CACATGAAGAGCAGCT-1	B	11
CACATGAAGAGCTACG-1	B	17
CACATGAAGAGGAATG-1	NK	3
CACATGAAGCAGAAAG-1	Myeloid	6
CACATGAAGCTAGTTC-1	Myeloid	6
CACATGAAGGAGAACA-1	Myeloid	1
CACATGAAGGTCTTGT-1	NK	3
CACATGAAGTCATACC-1	T	4
CACATGAAGTCGACCC-1	Stromal	12
CACATGAAGTCTGCTA-1	T	4
CACATGACACCATTCC-1	T	14
CACATGACACTCAAGT-1	Myeloid	1
CACATGACACTTGCGG-1	Myeloid	6
CACATGACATTCCCGT-1	B	2
CACATGAGTACGCAAG-1	Myeloid	1
CACATGAGTATCACAC-1	NK	7
CACATGAGTCGCTACG-1	B	17
CACATGAGTCTCAAAC-1	B	2
CACATGAGTCTCTAAG-1	Myeloid	10
CACATGAGTCTGCACG-1	T	14
CACATGAGTTCCCGGA-1	NK	3
CACATGATCAACGTGT-1	B	9
CACATGATCACGATTG-1	Myeloid	6
CACATGATCATGCTTT-1	B	8
CACATGATCCTATCCG-1	B	11
CACATGATCGCGATGC-1	NK	7
CACATGATCGTCAACA-1	Myeloid	1
CACATGATCGTGCTGG-1	B	17
CACCACTAGACCATAA-1	B	16
CACCACTAGAGCAGCT-1	Myeloid	1
CACCACTAGATGAGGA-1	T	18
CACCACTAGCGGACTA-1	T	14
CACCACTAGGAGGCGA-1	Myeloid	1
CACCACTAGGCTTCGC-1	Stromal	12
CACCACTCAAGTCTCA-1	B	19
CACCACTCAATCACTG-1	B	19
CACCACTCAGATTTGC-1	Myeloid	1
CACCACTCATGGATGG-1	T	4
CACCACTGTTAGAGAT-1	B	8
CACCACTTCAGGCGCT-1	B	9
CACCACTTCCATGTTT-1	B	8
CACCACTTCGATAGGG-1	T	14
CACCACTTCGCGGCAT-1	B	19
CACCACTTCGCTATAG-1	Myeloid	1
CACCACTTCGTGAGTT-1	Myeloid	1
CACCACTTCTCTCAAT-1	NK	3
CACCACTTCTGTTTAC-1	Myeloid	1
CACCACTTCTTGCGCT-1	B	2
CACCTGTCAACTCAAC-1	Myeloid	15
CACCTGTCAATTCGTG-1	NK	3
CACCTGTCAGAATGCG-1	B	8
CACCTGTCAGGTCCTG-1	Myeloid	6
CACCTGTGTACCCATA-1	Myeloid	6
CACCTGTGTCCCGAGT-1	B	19
CACCTGTGTCTCTGCT-1	Myeloid	1
CACCTGTGTTAGCTCA-1	Myeloid	6
CACCTGTGTTCTGAAC-1	B	0
CACCTGTTCCAGTTAG-1	B	2
CACCTGTTCCGATGCG-1	Myeloid	1
CACCTGTTCGCTTACC-1	Myeloid	1
CACCTGTTCGTTTGAG-1	Myeloid	15
CACCTGTTCTTGTCAT-1	B	2
CACCTGTTCTTTCGAT-1	Myeloid	6
CACCTTGAGCGAGCTA-1	Stromal	12
CACCTTGAGGCGACTA-1	B	16
CACCTTGAGTACGACG-1	B	2
CACCTTGAGTAGACCG-1	NK	3
CACCTTGAGTATCTGC-1	B	9
CACCTTGAGTCGTGAG-1	T	18
CACCTTGCAAGCCTTA-1	T	4
CACCTTGCAATCAGGG-1	Myeloid	6
CACCTTGCAATGTAAG-1	T	14
CACCTTGCAATTCTCT-1	Myeloid	1
CACCTTGCACTACACA-1	T	14
CACCTTGCAGGCATCC-1	Myeloid	1
CACCTTGGTAAAGCTA-1	NK	5
CACCTTGGTAACTCCA-1	B	11
CACCTTGGTATCATGC-1	Myeloid	15
CACCTTGGTCAGCAAG-1	B	0
CACCTTGGTTAGGAGC-1	NK	5
CACCTTGTCAGCACTA-1	B	19
CACCTTGTCCATCGAA-1	B	2
CACCTTGTCCTAAGTG-1	Myeloid	1
CACCTTGTCGAGAAGC-1	T	14
CACCTTGTCGCTCGGA-1	B	2
CACCTTGTCGGAAAGC-1	T	18
CACCTTGTCGGCAATT-1	NK	7
CACCTTGTCGGTCAGC-1	B	16
CACCTTGTCTAGCTGA-1	T	18
CACCTTGTCTCGACAA-1	B	0
CACGTTCAGACCCATT-1	NK	7
CACGTTCAGCCTGTAT-1	T	4
CACGTTCAGGGAAATG-1	B	11
CACGTTCAGTGATAAC-1	B	11
CACGTTCCAAAGCATA-1	T	4
CACGTTCCAAAGGAAG-1	NK	3
CACGTTCCAAATTCCG-1	B	0
CACGTTCCAAGGTCGA-1	NK	3
CACGTTCCACAATAAG-1	NK	3
CACGTTCCACACATTG-1	NK	3
CACGTTCCACGGCCAT-1	B	8
CACGTTCCAGATGGCA-1	T	4
CACGTTCCAGATTAAG-1	Myeloid	6
CACGTTCCATATACGC-1	Myeloid	13
CACGTTCCATTTGGTG-1	Myeloid	15
CACGTTCGTAACGGAC-1	B	11
CACGTTCGTATCACAC-1	B	9
CACGTTCGTCAATCCA-1	B	16
CACGTTCGTCTGGTCG-1	B	9
CACGTTCGTGCACTTA-1	B	2
CACGTTCGTTCCGCGA-1	NK	7
CACGTTCGTTTCTTAC-1	B	8
CACGTTCTCAGTCAAC-1	NK	7
CACGTTCTCCACGGCA-1	Myeloid	1
CACGTTCTCCCAATGA-1	NK	7
CACGTTCTCCTCAAGA-1	NK	7
CACGTTCTCCTTCGAC-1	Myeloid	6
CACGTTCTCGGATGTT-1	Myeloid	1
CACGTTCTCGTCTTAT-1	NK	5
CACGTTCTCGTGCTGG-1	B	9
CACGTTCTCTACTTTG-1	Myeloid	1
CACTAAGAGACCTATC-1	Myeloid	1
CACTAAGAGAGGTACC-1	B	9
CACTAAGAGATGGCAC-1	B	8
CACTAAGAGATTACGA-1	Myeloid	10
CACTAAGAGCAATAAC-1	NK	3
CACTAAGAGGCCTAAG-1	B	0
CACTAAGAGTCTGCTA-1	Myeloid	1
CACTAAGAGTGCACAG-1	T	14
CACTAAGCAACTAGAA-1	B	9
CACTAAGCAAGATGCG-1	B	9
CACTAAGCAATTGGCT-1	Myeloid	10
CACTAAGCACACACCG-1	B	16
CACTAAGCACTAGGAG-1	NK	3
CACTAAGCAGCAGGTA-1	B	17
CACTAAGCAGCCACGT-1	Myeloid	1
CACTAAGCAGCTATAC-1	NK	7
CACTAAGCAGGATGTG-1	Myeloid	1
CACTAAGCATCATGTG-1	B	19
CACTAAGGTAACGGCA-1	T	14
CACTAAGGTACGCAAG-1	B	11
CACTAAGGTACTTGAC-1	Myeloid	6
CACTAAGGTAGGGTCA-1	Myeloid	10
CACTAAGTCAAGAGGC-1	B	8
CACTAAGTCAAGGCCC-1	B	8
CACTAAGTCATTCGGA-1	B	11
CACTAAGTCCAATAGC-1	T	14
CACTAAGTCCATGTTT-1	B	9
CACTAAGTCCATTGTT-1	Stromal	12
CACTAAGTCTATTTCG-1	NK	7
CACTAAGTCTCGTGAA-1	NK	3
CACTAAGTCTTCACTA-1	T	18
CACTGAAAGAATCAAC-1	Myeloid	6
CACTGAAAGAGCTCCC-1	Myeloid	15
CACTGAAAGGAAGACA-1	Myeloid	1
CACTGAAAGGCAAGCT-1	Myeloid	1
CACTGAAAGTACCCAT-1	B	9
CACTGAAAGTCGATAA-1	NK	7
CACTGAAAGTCTGTGT-1	NK	7
CACTGAAAGTTATGAG-1	T	18
CACTGAAAGTTCGTTG-1	Myeloid	1
CACTGAAAGTTGCTTG-1	Myeloid	13
CACTGAACAAACAGTA-1	B	0
CACTGAACACATATCG-1	Myeloid	1
CACTGAACACCTGAAT-1	Myeloid	6
CACTGAACAGGCTACC-1	T	18
CACTGAACATGCGACC-1	B	9
CACTGAAGTAACGGCA-1	Myeloid	15
CACTGAAGTAGCCATT-1	B	2
CACTGAAGTAGCGTTT-1	NK	7
CACTGAAGTATCTCAG-1	B	16
CACTGAAGTCTGAGCC-1	T	14
CACTGAAGTGTGTGCC-1	T	4
CACTGAAGTTCCCTTG-1	NK	3
CACTGAAGTTTAGAAG-1	Myeloid	10
CACTGAATCATTGCCC-1	T	18
CACTGAATCCCAATGA-1	T	18
CACTGAATCCCACTAC-1	B	0
CACTGAATCGCGGCAT-1	B	9
CACTGAATCGGCATAT-1	Myeloid	1
CACTGAATCTGAACGT-1	Myeloid	13
CAGCCTTAGACTAGGC-1	Stromal	12
CAGCCTTAGCTCGTTA-1	T	4
CAGCCTTAGGACTAGC-1	T	18
CAGCCTTAGGATGTCG-1	Myeloid	15
CAGCCTTAGGGAGATA-1	T	18
CAGCCTTAGTAACACA-1	Myeloid	1
CAGCCTTAGTACCACT-1	T	14
CAGCCTTAGTTGCCGC-1	B	2
CAGCCTTCAAACCCTA-1	Myeloid	10
CAGCCTTCAACGCACC-1	T	4
CAGCCTTCAAGCACTT-1	Myeloid	1
CAGCCTTCACTAGCCG-1	Myeloid	13
CAGCCTTCATTAGCAC-1	T	4
CAGCCTTCATTCCCGT-1	B	16
CAGCCTTGTACATGGG-1	Myeloid	15
CAGCCTTGTCCGTAGC-1	NK	5
CAGCCTTGTTTCGATG-1	T	4
CAGCCTTGTTTGTAGC-1	B	2
CAGCCTTTCATCGCAA-1	Myeloid	1
CAGCCTTTCCAGGCCA-1	B	9
CAGCCTTTCCAGTTAG-1	B	11
CAGCCTTTCCATCGAA-1	Myeloid	15
CAGCCTTTCCGGCGAT-1	Myeloid	13
CAGCCTTTCCTAGAGT-1	Myeloid	6
CAGCCTTTCCTCAAGA-1	B	16
CAGCCTTTCGCCAGAC-1	T	14
CAGCCTTTCGTCAACA-1	T	4
CAGCCTTTCGTCCCTA-1	T	18
CAGCCTTTCTGCTACC-1	B	2
CAGCTAAAGAAATACC-1	Stromal	12
CAGCTAAAGAACGACC-1	B	19
CAGCTAAAGAGAACCC-1	B	9
CAGCTAAAGAGGCGGA-1	Myeloid	1
CAGCTAAAGAGGTCCA-1	Myeloid	6
CAGCTAAAGCAGGACT-1	B	9
CAGCTAAAGGAACCGT-1	Stromal	12
CAGCTAAAGGATCCTT-1	B	8
CAGCTAAAGTACCTCA-1	T	18
CAGCTAAAGTGATATG-1	B	2
CAGCTAAAGTTAGCAA-1	B	2
CAGCTAAAGTTCCCGG-1	NK	3
CAGCTAACAAGAAACT-1	Myeloid	1
CAGCTAACACCACCAG-1	NK	3
CAGCTAACACCTGAAT-1	Myeloid	1
CAGCTAACACGACGAA-1	NK	7
CAGCTAACACTTACAG-1	Myeloid	1
CAGCTAACATCCCAAA-1	NK	3
CAGCTAACATTAGCAC-1	B	2
CAGCTAAGTAAAGGCC-1	Myeloid	1
CAGCTAAGTAACTGAA-1	Myeloid	1
CAGCTAAGTCCTATTT-1	Stromal	12
CAGCTAAGTGGAAAGA-1	B	9
CAGCTAAGTTTCTCTA-1	B	8
CAGCTAATCATTGCCC-1	B	11
CAGCTAATCTGGCACG-1	B	11
CAGCTGGAGAGACTCG-1	B	0
CAGCTGGAGCACCATT-1	B	2
CAGCTGGAGCAGGAGG-1	T	18
CAGCTGGAGCATGTGG-1	Myeloid	10
CAGCTGGAGCGTAGCA-1	T	18
CAGCTGGAGGCATGCA-1	T	14
CAGCTGGAGTGAACCG-1	B	19
CAGCTGGCAAATTGAG-1	Myeloid	6
CAGCTGGCAAGTTCGT-1	T	18
CAGCTGGCACATAAAG-1	B	8
CAGCTGGCACCACGAC-1	B	9
CAGCTGGCACTCGTGG-1	T	4
CAGCTGGCATGGGTGA-1	T	4
CAGCTGGGTAACGGCA-1	Myeloid	6
CAGCTGGGTAATGTAG-1	Myeloid	1
CAGCTGGGTACCCACG-1	Myeloid	1
CAGCTGGGTACCGGCT-1	B	9
CAGCTGGGTCGCTACG-1	Myeloid	10
CAGCTGGGTGCATTGT-1	B	0
CAGCTGGGTTTGGATC-1	T	18
CAGCTGGGTTTGTCTT-1	Myeloid	6
CAGCTGGTCAAAGTAG-1	NK	7
CAGCTGGTCCATGTTT-1	NK	7
CAGCTGGTCGAGTGTT-1	Myeloid	1
CAGCTGGTCGCGTGAC-1	Myeloid	13
CAGCTGGTCGTTACAG-1	Stromal	12
CAGCTGGTCTCCTTGG-1	NK	7
CAGGATTAGAAGCCGT-1	T	4
CAGGATTAGAATACTG-1	NK	7
CAGGATTAGAGGTCCA-1	Myeloid	1
CAGGATTAGCAACTGG-1	NK	7
CAGGATTAGCATTGGG-1	B	19
CAGGATTAGGAGAACA-1	B	9
CAGGATTAGTGAAACT-1	B	0
CAGGATTAGTGCACAG-1	Myeloid	15
CAGGATTCAAGAAACT-1	B	2
CAGGATTCAATAGCGG-1	B	0
CAGGATTCACGCTGTG-1	Myeloid	15
CAGGATTCACTGAAGG-1	T	18
CAGGATTCAGCGTACC-1	Myeloid	1
CAGGATTCAGGGTACA-1	B	8
CAGGATTCATACTGCA-1	B	2
CAGGATTCATCAACTG-1	Myeloid	6
CAGGATTGTATGCTAC-1	B	8
CAGGATTGTCTAACCA-1	Myeloid	6
CAGGATTGTGCTGTCG-1	NK	3
CAGGATTGTGTCTCGG-1	B	11
CAGGATTGTTTGTGAC-1	T	18
CAGGATTTCAAAGTAG-1	Myeloid	1
CAGGATTTCACTAGGT-1	Myeloid	1
CAGGATTTCATCGCCT-1	B	17
CAGGATTTCCACCTAC-1	Myeloid	15
CAGGATTTCCAGGCCA-1	Myeloid	15
CAGGATTTCCCGAAGC-1	B	16
CAGGATTTCCCTAAAG-1	Myeloid	1
CAGGATTTCCTCCTGA-1	B	2
CAGGATTTCGAGGCTC-1	B	9
CAGGATTTCGGGATCC-1	B	19
CAGGGCTAGAGGAAGT-1	B	17
CAGGGCTAGAGGCGGA-1	B	9
CAGGGCTAGCGTCTGC-1	Myeloid	6
CAGGGCTAGCTACGTT-1	Myeloid	6
CAGGGCTAGGAAGGTA-1	Myeloid	1
CAGGGCTAGGAGTAGA-1	Stromal	12
CAGGGCTAGGCAATTA-1	Stromal	12
CAGGGCTAGGCTTAAA-1	T	4
CAGGGCTAGGGCGAAG-1	Myeloid	15
CAGGGCTAGGTGTTGG-1	Myeloid	6
CAGGGCTAGTGCAACG-1	T	14
CAGGGCTAGTGTTCCA-1	B	11
CAGGGCTCAATGACTC-1	B	19
CAGGGCTCAGAGATGC-1	Myeloid	1
CAGGGCTCAGCGTACC-1	B	19
CAGGGCTCATCGAGTT-1	NK	7
CAGGGCTGTAATGCAA-1	NK	7
CAGGGCTGTAGTTTGC-1	T	14
CAGGGCTGTCATAGCT-1	T	4
CAGGGCTGTCATGAGG-1	Stromal	12
CAGGGCTGTCCAGACC-1	Myeloid	1
CAGGGCTGTGCAAGAC-1	B	8
CAGGGCTGTGCAGACA-1	Myeloid	1
CAGGGCTGTTCCAGTA-1	B	19
CAGGGCTGTTCTGAGT-1	NK	7
CAGGGCTTCACATTCT-1	B	16
CAGGGCTTCACCACAA-1	Myeloid	1
CAGGGCTTCAGTCAAC-1	T	18
CAGGGCTTCAGTCACA-1	Myeloid	6
CAGGGCTTCCTGGAAT-1	B	9
CAGGGCTTCGACCCGA-1	B	9
CAGGGCTTCGCTGATA-1	T	4
CAGGGCTTCTAGTCGA-1	B	11
CAGGGCTTCTCTGCGT-1	B	11
CAGGGCTTCTGAAAGA-1	B	0
CAGTATGAGAACTAAC-1	B	0
CAGTATGAGAGCCTGA-1	B	17
CAGTATGAGCATTGGG-1	Myeloid	10
CAGTATGAGGAGAACA-1	Myeloid	1
CAGTATGAGGAGTAGA-1	B	8
CAGTATGAGGCACTAG-1	Myeloid	10
CAGTATGAGGCGATTG-1	B	0
CAGTATGAGGCGCTTC-1	B	9
CAGTATGAGGGTATCG-1	B	16
CAGTATGAGTATACCC-1	Myeloid	1
CAGTATGCAAATTCCG-1	T	4
CAGTATGCAAGAGATT-1	B	11
CAGTATGCAGGTAGGT-1	T	4
CAGTATGCAGTAGGCA-1	Myeloid	6
CAGTATGCAGTAGTCT-1	Stromal	12
CAGTATGGTAGGTCTT-1	B	11
CAGTATGGTATCTCAG-1	NK	3
CAGTATGGTCGACTGC-1	Myeloid	15
CAGTATGGTGAATGTA-1	NK	3
CAGTATGGTGCATTCA-1	NK	3
CAGTATGGTGGCGCTT-1	B	9
CAGTATGGTTACGAAA-1	NK	7
CAGTATGGTTGGCTAT-1	B	19
CAGTATGGTTTGTAGC-1	B	9
CAGTATGTCAATTCCT-1	NK	7
CAGTATGTCACGTCAA-1	NK	7
CAGTATGTCAGGAATA-1	Myeloid	6
CAGTATGTCAGTCAAC-1	T	18
CAGTATGTCCCATAGA-1	Myeloid	10
CAGTATGTCCGCGATG-1	B	17
CAGTATGTCGGTTAGT-1	B	11
CAGTATGTCTACCCGT-1	T	18
CAGTGCGAGACAGTGC-1	B	17
CAGTGCGAGACCCTAT-1	T	4
CAGTGCGAGACTAGCG-1	NK	7
CAGTGCGAGAGCAGCT-1	B	17
CAGTGCGAGAGGAAGT-1	B	11
CAGTGCGAGATCGCCC-1	T	18
CAGTGCGAGATTGACA-1	B	2
CAGTGCGAGCATACCT-1	B	19
CAGTGCGAGGAACCGT-1	B	2
CAGTGCGAGGAAGACA-1	B	8
CAGTGCGAGGCGATTG-1	B	9
CAGTGCGAGGTCTTTG-1	NK	5
CAGTGCGAGTCACACT-1	Myeloid	6
CAGTGCGAGTCTCGAT-1	T	14
CAGTGCGAGTGTCGGA-1	Stromal	12
CAGTGCGAGTTCAAGA-1	NK	3
CAGTGCGCAACGACAG-1	Myeloid	13
CAGTGCGCAACTCAAC-1	B	8
CAGTGCGCAATACTGC-1	Myeloid	13
CAGTGCGCACCGTCTT-1	B	19
CAGTGCGCAGAACGAC-1	NK	7
CAGTGCGCAGATTAAG-1	Myeloid	15
CAGTGCGGTAACAATG-1	Myeloid	1
CAGTGCGGTACGGATG-1	NK	7
CAGTGCGGTAGCGGTA-1	Myeloid	6
CAGTGCGGTCTCGGGT-1	T	14
CAGTGCGGTGGTAAGC-1	T	14
CAGTGCGTCAGGAATA-1	Stromal	12
CAGTGCGTCATGTTCT-1	B	9
CAGTGCGTCCAGGTAT-1	NK	3
CAGTGCGTCCCACTTG-1	Myeloid	10
CAGTGCGTCCGTGCAG-1	T	14
CAGTGCGTCCTTTGCG-1	T	4
CAGTGCGTCGCCACTT-1	B	16
CAGTGTAAGAAAGGGT-1	T	14
CAGTGTAAGAAATCTG-1	B	8
CAGTGTAAGAGAACCC-1	B	11
CAGTGTAAGAGCCTGA-1	T	4
CAGTGTAAGGCAATTA-1	T	4
CAGTGTAAGGTCGGTA-1	B	17
CAGTGTAAGTAACATG-1	NK	7
CAGTGTAAGTCCAGAG-1	T	14
CAGTGTAAGTGCTCGC-1	Myeloid	1
CAGTGTAAGTTGAATG-1	Myeloid	1
CAGTGTACAAGCAGGT-1	B	2
CAGTGTACAAGCGACA-1	T	14
CAGTGTACAATGCACT-1	B	8
CAGTGTACACGGCCAT-1	NK	3
CAGTGTACACTCGGAC-1	NK	7
CAGTGTACAGCCACGT-1	B	8
CAGTGTACATTACCTT-1	B	11
CAGTGTACATTAGCAC-1	B	2
CAGTGTAGTAATGTGA-1	Myeloid	1
CAGTGTAGTCCAAGTT-1	T	18
CAGTGTAGTCTGGGAA-1	B	11
CAGTGTAGTGATGCTT-1	NK	7
CAGTGTAGTGCAACAG-1	Myeloid	15
CAGTGTAGTGCACATT-1	Myeloid	1
CAGTGTAGTGCATTGT-1	NK	7
CAGTGTAGTGCGTCCA-1	NK	7
CAGTGTAGTGGACTGA-1	Myeloid	10
CAGTGTAGTGGCATAG-1	T	14
CAGTGTAGTTTCAGCA-1	B	17
CAGTGTATCAGTCACA-1	Myeloid	6
CAGTGTATCTATATCC-1	B	11
CATAACGAGCGTTAGG-1	Myeloid	6
CATAACGAGCTATCGT-1	T	18
CATAACGAGCTCCATA-1	T	18
CATAACGAGGTCGTTT-1	B	8
CATAACGAGGTGTTGG-1	B	0
CATAACGAGTCCGATT-1	NK	3
CATAACGCAAGTCCTA-1	Myeloid	6
CATAACGCACGAACGA-1	Myeloid	6
CATAACGCAGGTAACG-1	Stromal	12
CATAACGCATATTGGC-1	T	4
CATAACGGTAACTGAA-1	T	14
CATAACGGTACCCACG-1	T	14
CATAACGGTACTTCAG-1	T	4
CATAACGGTCACATTG-1	NK	3
CATAACGGTGGACGAT-1	B	19
CATAACGGTTGAATAG-1	B	9
CATAACGTCCCAATGA-1	Myeloid	1
CATAACGTCGATCGCG-1	Myeloid	15
CATAACGTCGCGCTGA-1	T	4
CATAACGTCTCCTTAA-1	NK	3
CATAACGTCTCTTAAC-1	B	0
CATAACGTCTGTGTGA-1	Myeloid	6
CATGCCTAGAACGTCG-1	B	17
CATGCCTAGCAATAAC-1	B	9
CATGCCTAGCTACGTT-1	B	11
CATGCCTAGGAGTCTG-1	B	2
CATGCCTAGGTTCGTT-1	NK	7
CATGCCTAGTGAGCAC-1	Myeloid	6
CATGCCTAGTTTGGAA-1	Myeloid	6
CATGCCTCAACCTCTC-1	T	18
CATGCCTCAAGCAACG-1	B	9
CATGCCTCAATGCACT-1	Myeloid	1
CATGCCTCAATTCGTG-1	B	19
CATGCCTCATCGCCTT-1	Stromal	12
CATGCCTGTCGTAATC-1	Myeloid	15
CATGCCTGTGCACTTA-1	B	2
CATGCCTGTGCCGGTT-1	B	0
CATGCCTGTGCTTCCT-1	Myeloid	10
CATGCCTGTTGGCGAA-1	Stromal	12
CATGCCTGTTTAAGGA-1	Myeloid	6
CATGCCTTCATCGCAA-1	NK	7
CATGCCTTCATTCTTG-1	B	11
CATGCCTTCCGATTGA-1	T	18
CATGCCTTCGATGCAT-1	T	4
CATGCCTTCGTATAGC-1	B	0
CATGCCTTCTATATCC-1	NK	3
CATGCCTTCTGGGCGT-1	Myeloid	1
CATGTTTAGAAGCCTG-1	B	17
CATGTTTAGCCCATTA-1	Myeloid	1
CATGTTTAGCCTGTAT-1	B	0
CATGTTTAGGCAGTAC-1	Myeloid	1
CATGTTTAGGGTATCG-1	T	14
CATGTTTAGGTCACTT-1	Myeloid	15
CATGTTTAGTATCTGC-1	T	14
CATGTTTAGTCGAAAT-1	B	9
CATGTTTAGTGTCCCG-1	T	18
CATGTTTCAACACGGA-1	T	18
CATGTTTCAATCACTG-1	B	11
CATGTTTCACACTAGT-1	Myeloid	6
CATGTTTCACCGTTGG-1	Myeloid	6
CATGTTTCATACCCGG-1	Myeloid	6
CATGTTTCATCCGTGG-1	B	8
CATGTTTGTACCCATA-1	NK	7
CATGTTTGTACGTAAA-1	Myeloid	6
CATGTTTGTAGCGAGT-1	Myeloid	13
CATGTTTGTATGGATA-1	Stromal	12
CATGTTTGTCATAGCT-1	Stromal	12
CATGTTTGTCGATTAC-1	B	8
CATGTTTGTCTGTCCT-1	T	18
CATGTTTGTGAAACAT-1	B	2
CATGTTTGTTCAGTTG-1	B	9
CATGTTTGTTCTTAGG-1	NK	7
CATGTTTGTTTGATCG-1	Myeloid	15
CATGTTTTCAAGTTGC-1	B	0
CATGTTTTCATCGCAA-1	B	11
CATGTTTTCGAGAACG-1	T	14
CATGTTTTCGTTTGAG-1	B	2
CATGTTTTCTCTGACC-1	B	0
CATGTTTTCTTACTCA-1	Myeloid	15
CATGTTTTCTTTATCG-1	T	18
CATTCATAGCTCGTTA-1	B	19
CATTCATAGTAGGTCG-1	B	11
CATTCATAGTTCGCGC-1	Myeloid	10
CATTCATCAACTCCCT-1	Myeloid	1
CATTCATCAACTGCGC-1	Myeloid	13
CATTCATCACACACAT-1	B	9
CATTCATCACCACAGC-1	Stromal	12
CATTCATCACTAAACC-1	NK	7
CATTCATCACTCAAGT-1	NK	7
CATTCATCACTTTGGA-1	B	11
CATTCATCAGATTAAG-1	B	19
CATTCATCAGCGTCGT-1	B	0
CATTCATCAGTAAGCG-1	Myeloid	6
CATTCATCATGCCTTC-1	B	11
CATTCATCATGTCCCT-1	B	19
CATTCATGTAAAGCTA-1	Myeloid	1
CATTCATGTAGACGCA-1	NK	3
CATTCATGTGCTGTGC-1	Myeloid	15
CATTCATGTGTGTGTT-1	Myeloid	1
CATTCATGTTACGGAG-1	B	19
CATTCATGTTCTACCC-1	Myeloid	6
CATTCATGTTTCCTAT-1	B	2
CATTCATTCAGAGTGG-1	B	19
CATTCATTCAGTCAAC-1	T	4
CATTCATTCGATAGCT-1	Myeloid	6
CATTCATTCGGTTCCT-1	NK	7
CATTCATTCTGGAAGG-1	Myeloid	13
CATTCCGAGCAGAAAG-1	B	0
CATTCCGAGCGCACAA-1	Myeloid	6
CATTCCGAGGAGTCTG-1	NK	3
CATTCCGAGGTAGGAA-1	Myeloid	1
CATTCCGAGTCGTACT-1	NK	3
CATTCCGAGTTCCAGT-1	B	2
CATTCCGCAAAGGTCG-1	Myeloid	6
CATTCCGCAAGATTAG-1	NK	7
CATTCCGCAAGCAACG-1	NK	5
CATTCCGCAGAAGTGC-1	Myeloid	6
CATTCCGCATCAGCTA-1	Myeloid	10
CATTCCGCATTGCCTC-1	B	9
CATTCCGGTCCCGAGT-1	Stromal	12
CATTCCGGTTTCTACT-1	Myeloid	6
CATTCCGTCGACCCGA-1	B	9
CATTCCGTCTTCTTCC-1	NK	5
CATTGGAAGATACCAA-1	Myeloid	1
CATTGGAAGGTTGACG-1	B	17
CATTGGAAGTAGAAGG-1	Myeloid	13
CATTGGACAACTCGAT-1	Myeloid	15
CATTGGACAGAACGAC-1	Myeloid	6
CATTGGACATGCGCTG-1	Myeloid	6
CATTGGACATGGTAAA-1	B	2
CATTGGAGTACATGGG-1	Myeloid	10
CATTGGAGTAGAATAC-1	B	9
CATTGGAGTATCAGCT-1	B	9
CATTGGAGTCTGATTG-1	Myeloid	1
CATTGGAGTCTGGGAA-1	B	9
CATTGGAGTGGTGGTA-1	Myeloid	1
CATTGGAGTTCCAGTA-1	T	14
CATTGGAGTTTGCATG-1	T	14
CATTGGATCAATTCCT-1	T	14
CATTGGATCAGGGTTT-1	B	2
CATTGGATCAGTGTGT-1	B	17
CATTGGATCATACTTC-1	Myeloid	15
CATTGGATCCGAGGAA-1	B	0
CATTGGATCGAGCGCT-1	Myeloid	6
CATTGGATCGCTGATA-1	NK	5
CATTGGATCGTTACAG-1	B	9
CATTGGATCTCCTTGG-1	Myeloid	10
CATTGGATCTGCCGAG-1	B	19
CCAATGAAGAAGCCGT-1	NK	7
CCAATGAAGACCATAA-1	B	11
CCAATGAAGCACACCC-1	NK	7
CCAATGAAGCTGAGGT-1	NK	5
CCAATGAAGTAACTCC-1	B	11
CCAATGAAGTACTCTG-1	T	18
CCAATGAAGTGAAGGA-1	NK	3
CCAATGAAGTGTCGCC-1	T	18
CCAATGAAGTTCGTTG-1	B	16
CCAATGACAACGGACA-1	Stromal	12
CCAATGACAGCAATGG-1	T	14
CCAATGACAGTCAGCC-1	B	9
CCAATGACATCGCTAA-1	Myeloid	1
CCAATGAGTAACAATG-1	T	14
CCAATGAGTCCGTGCA-1	B	0
CCAATGAGTCGAGAAC-1	B	2
CCAATGAGTCGTCGCA-1	NK	3
CCAATGAGTGCAGACA-1	B	11
CCAATGAGTGCTGTCG-1	B	19
CCAATGAGTGGCGCTT-1	Myeloid	1
CCAATGAGTTATAGAG-1	B	2
CCAATGAGTTCACGTA-1	B	9
CCAATGATCCTATCAT-1	NK	7
CCAATGATCCTTTGAT-1	B	16
CCAATGATCGCCTTAC-1	B	8
CCAATGATCTCCACTG-1	NK	5
CCACAGGAGAACGTCG-1	NK	3
CCACAGGAGAGAAGCA-1	Stromal	12
CCACAGGAGAGGAATG-1	NK	3
CCACAGGAGGTGAACC-1	B	17
CCACAGGAGTACAGTA-1	T	18
CCACAGGAGTCCCGCA-1	T	14
CCACAGGAGTGAAACT-1	NK	5
CCACAGGCAATGGCAG-1	NK	7
CCACAGGCACTACACA-1	NK	5
CCACAGGCAGATTAAG-1	B	19
CCACAGGCATGCCTTC-1	T	14
CCACAGGCATTACCTT-1	B	19
CCACAGGGTCAGGTGA-1	B	9
CCACAGGGTCGCTACG-1	B	19
CCACAGGGTGATAGAT-1	NK	7
CCACAGGGTGATCAGG-1	T	18
CCACAGGGTGGCCTCA-1	B	11
CCACAGGGTGGTAAGC-1	B	8
CCACAGGGTTACTACG-1	B	11
CCACAGGGTTTCGATG-1	Myeloid	6
CCACAGGTCAAACCAC-1	NK	7
CCACAGGTCAGGAATA-1	Myeloid	1
CCACAGGTCAGTACAC-1	NK	3
CCACAGGTCCGGAAAG-1	B	16
CCACAGGTCCTGACCT-1	T	4
CCACAGGTCGAACCGC-1	B	11
CCACAGGTCGTCCCTA-1	T	18
CCACAGGTCTAGCAGT-1	B	2
CCACAGGTCTCTTCTC-1	NK	3
CCACAGGTCTTGCGCT-1	B	2
CCACAGGTCTTGGCCT-1	Myeloid	10
CCACAGGTCTTGTCAT-1	T	14
CCACGTTAGAACGCCA-1	NK	7
CCACGTTAGAGGCGGA-1	Myeloid	1
CCACGTTAGAGTGGAA-1	B	19
CCACGTTAGGCAAGCT-1	NK	7
CCACGTTAGGTTCGAG-1	Myeloid	15
CCACGTTAGGTTGACG-1	Myeloid	1
CCACGTTAGTACTCTG-1	Myeloid	6
CCACGTTAGTGAAGGA-1	NK	5
CCACGTTAGTTCAAGA-1	Myeloid	10
CCACGTTCAAACCCTA-1	B	9
CCACGTTCAACGCAAG-1	Myeloid	10
CCACGTTCACCTATTT-1	B	17
CCACGTTCACTGATTG-1	T	4
CCACGTTCAGGATAGC-1	B	17
CCACGTTCAGGTAGCA-1	B	19
CCACGTTCAGTAACTC-1	Myeloid	1
CCACGTTCATAGACGG-1	T	18
CCACGTTCATAGCCGC-1	B	9
CCACGTTCATCGCCTT-1	T	4
CCACGTTCATCTCTCG-1	B	2
CCACGTTCATTACCTT-1	B	16
CCACGTTGTACGGTTT-1	T	18
CCACGTTGTCAACGGA-1	Myeloid	6
CCACGTTGTCTAAAGA-1	B	19
CCACGTTGTCTAAGAA-1	Myeloid	6
CCACGTTGTCTGCACG-1	T	4
CCACGTTGTGCATCAT-1	T	14
CCACGTTGTGCTGGCT-1	Myeloid	1
CCACGTTGTGGTAGAC-1	B	17
CCACGTTGTGTTAGAA-1	B	17
CCACGTTGTTAAGTCC-1	Myeloid	10
CCACGTTTCGCAGATT-1	Stromal	12
CCACGTTTCGGATAGG-1	T	18
CCACGTTTCGTCCCTA-1	Myeloid	6
CCACGTTTCTATTTCG-1	Myeloid	1
CCACGTTTCTGCTACC-1	NK	7
CCACGTTTCTTCCGTG-1	NK	3
CCAGAATAGACTCGGA-1	Stromal	12
CCAGAATAGATCTAAG-1	NK	5
CCAGAATAGTCCCTCT-1	Myeloid	1
CCAGAATCAAAGCTTC-1	Myeloid	13
CCAGAATCAACGTACT-1	B	2
CCAGAATCAACGTCGC-1	T	4
CCAGAATCAAGGAACC-1	Myeloid	1
CCAGAATCACAAACAA-1	B	9
CCAGAATCACACATGT-1	B	9
CCAGAATCACTGAAGG-1	B	11
CCAGAATCATCAACTG-1	T	18
CCAGAATCATGGCCCA-1	B	19
CCAGAATCATGGGTGA-1	T	18
CCAGAATGTATCGCGC-1	B	8
CCAGAATGTCAACTAC-1	Stromal	12
CCAGAATGTTCTTTGT-1	B	11
CCAGAATGTTTCAGCA-1	B	0
CCAGAATTCAGGCGCT-1	T	14
CCAGAATTCCACGCTT-1	NK	7
CCAGAATTCCATCTAT-1	Stromal	12
CCAGAATTCCGTCAAA-1	NK	5
CCAGAATTCGCAACTA-1	B	0
CCAGAATTCGCTCGGA-1	Myeloid	6
CCAGAATTCGGTAGGA-1	NK	3
CCAGAATTCGTCAACA-1	Myeloid	1
CCAGATAAGACTAGCG-1	Stromal	12
CCAGATAAGCGCAATG-1	Myeloid	1
CCAGATAAGCTCGGCT-1	Myeloid	6
CCAGATAAGGCACTAG-1	B	8
CCAGATAAGGCCAATG-1	Myeloid	6
CCAGATAAGGTAAGTT-1	NK	7
CCAGATAAGGTAGGAA-1	Myeloid	1
CCAGATAAGTAACACA-1	B	8
CCAGATAAGTCAACTC-1	B	19
CCAGATAAGTTACACC-1	T	18
CCAGATACAAGAGCGT-1	B	11
CCAGATACACACACAT-1	NK	3
CCAGATACACGTTAGT-1	B	2
CCAGATACACGTTGTA-1	T	18
CCAGATACACTAGGAG-1	Myeloid	6
CCAGATACACTCCACT-1	T	4
CCAGATACAGAGAGAA-1	B	16
CCAGATACAGGTAGGT-1	T	4
CCAGATACATCCCTTG-1	NK	3
CCAGATACATTGATGC-1	T	4
CCAGATAGTAGAAAGG-1	B	19
CCAGATAGTAGCGAGT-1	NK	3
CCAGATAGTAGCGGTA-1	Myeloid	6
CCAGATAGTGATAGAT-1	B	9
CCAGATAGTGATGTGG-1	B	2
CCAGATAGTTAACCGT-1	Myeloid	1
CCAGATAGTTCTTAGG-1	NK	7
CCAGATATCACTTACT-1	T	14
CCAGATATCCGTGCAG-1	T	4
CCAGATATCCTATCAT-1	NK	7
CCAGATATCCTTCGAC-1	Myeloid	10
CCAGATATCGACCCGA-1	Myeloid	1
CCAGATATCGGCAATT-1	T	18
CCAGATATCGGGAAAC-1	B	2
CCAGATATCGGGCTCA-1	Myeloid	6
CCAGATATCGGTAGGA-1	NK	7
CCATACCAGATAGGTT-1	Myeloid	1
CCATACCAGCTACGCC-1	B	9
CCATACCAGGCGACTA-1	T	18
CCATACCAGGGTTCTT-1	B	11
CCATACCAGTACCTCA-1	Myeloid	1
CCATACCAGTCTCGAT-1	Myeloid	15
CCATACCAGTCTCTAG-1	B	9
CCATACCCAAAGAAGG-1	NK	7
CCATACCCAAATGTCC-1	B	19
CCATACCCAAGTCTCA-1	Myeloid	6
CCATACCCAATTCTCT-1	Myeloid	6
CCATACCCACAAACGG-1	Myeloid	6
CCATACCCACTTACAG-1	Myeloid	6
CCATACCCAGCTTACA-1	Stromal	12
CCATACCCATCACAAC-1	Myeloid	6
CCATACCCATCGAGTT-1	Myeloid	10
CCATACCGTAAAGCTA-1	B	9
CCATACCGTATCTCAG-1	NK	7
CCATACCGTCCAAGAG-1	B	0
CCATACCGTGATGCGA-1	T	4
CCATACCGTGCAAAGC-1	B	2
CCATACCGTTACCACA-1	T	14
CCATACCGTTTCTCTA-1	B	11
CCATACCTCAGGTTTG-1	Stromal	12
CCATACCTCCTTGACC-1	Myeloid	1
CCATACCTCGAGAAGC-1	B	2
CCCACATAGTATCTGC-1	T	18
CCCACATAGTCCAGAG-1	NK	7
CCCACATCACAGGAAC-1	B	17
CCCACATCACATCATG-1	B	11
CCCACATCACGCTCAG-1	B	9
CCCACATCACTAAACC-1	Myeloid	6
CCCACATCATGTATCG-1	NK	3
CCCACATGTAACAATG-1	NK	3
CCCACATGTACAACGG-1	T	14
CCCACATGTCACCCGA-1	T	18
CCCACATGTCAGCTTA-1	Myeloid	1
CCCACATGTTAACCAC-1	B	2
CCCACATGTTGCAGCC-1	Myeloid	1
CCCACATGTTTAAGCC-1	T	4
CCCACATTCACTGATG-1	B	0
CCCACATTCCAGAATC-1	B	9
CCCACATTCCAGTACA-1	B	8
CCCACATTCCATACCC-1	Myeloid	1
CCCACATTCCCAATAG-1	NK	3
CCCACATTCCTGACCT-1	NK	7
CCCACATTCTGGCCAG-1	Myeloid	1
CCCAGAGAGGAAACTT-1	NK	3
CCCAGAGAGGCCTCGT-1	B	2
CCCAGAGAGGCGACTA-1	Myeloid	6
CCCAGAGAGGGTATCG-1	Myeloid	1
CCCAGAGAGGTAAGCC-1	B	2
CCCAGAGAGTAGCAAT-1	Myeloid	6
CCCAGAGAGTGATAAC-1	NK	3
CCCAGAGAGTGCTAGG-1	Myeloid	6
CCCAGAGAGTGCTCGC-1	T	4
CCCAGAGAGTGGACGT-1	T	4
CCCAGAGCACCCATCT-1	Myeloid	15
CCCAGAGCACGTTGTA-1	Myeloid	10
CCCAGAGCACTGCTCT-1	Myeloid	10
CCCAGAGCAGAATGCG-1	B	19
CCCAGAGCAGAGATGC-1	Myeloid	1
CCCAGAGCAGGTCCTG-1	B	17
CCCAGAGCAGGTGTGA-1	Myeloid	6
CCCAGAGCATGCCCTT-1	Myeloid	6
CCCAGAGGTACGTAGG-1	T	18
CCCAGAGGTAGCTGTT-1	T	14
CCCAGAGGTCAATCCA-1	Stromal	12
CCCAGAGGTCCCGAGT-1	Myeloid	1
CCCAGAGGTGCTTCCT-1	T	18
CCCAGAGGTGGTCGAA-1	Stromal	12
CCCAGAGGTTAAGTCC-1	B	2
CCCAGAGGTTGGCTAT-1	Stromal	12
CCCAGAGTCATCGCCT-1	B	19
CCCAGAGTCCAAACCA-1	NK	7
CCCAGAGTCGCATAAC-1	B	17
CCCAGAGTCTCTATTG-1	NK	7
CCCAGAGTCTTTCGAT-1	B	2
CCCGTTAAGACCGCAA-1	B	11
CCCGTTAAGCACACCC-1	B	11
CCCGTTAAGCGTTAGG-1	B	19
CCCGTTAAGGATCCTT-1	B	17
CCCGTTACAAAGGCCA-1	NK	7
CCCGTTACAACGAGGT-1	Myeloid	6
CCCGTTACAAGACTAA-1	B	17
CCCGTTACACCTGTGG-1	Myeloid	1
CCCGTTACACTTGCGG-1	T	14
CCCGTTACACTTTGGA-1	Myeloid	10
CCCGTTACAGACCTGC-1	NK	7
CCCGTTACATCCTGGG-1	NK	7
CCCGTTAGTACAACGG-1	B	2
CCCGTTAGTAGGTCTT-1	Myeloid	10
CCCGTTAGTAGTACAA-1	Myeloid	13
CCCGTTAGTATGAAGT-1	Myeloid	6
CCCGTTAGTCAAACAA-1	NK	3
CCCGTTAGTCATAGCT-1	Stromal	12
CCCGTTAGTCCCGAGT-1	T	18
CCCGTTAGTCGACTGC-1	T	18
CCCGTTAGTGCTGAAG-1	B	9
CCCGTTAGTGTGAGGT-1	T	14
CCCGTTAGTGTTGTTG-1	Myeloid	1
CCCGTTAGTTCCCGGA-1	Myeloid	15
CCCGTTATCCGCCTAT-1	Myeloid	6
CCCGTTATCCTAAAGC-1	Myeloid	1
CCCGTTATCGATTACG-1	Stromal	12
CCCGTTATCTCTATCA-1	NK	7
CCCGTTATCTGGTACA-1	B	19
CCCGTTATCTTCACTA-1	B	8
CCCTAACAGAAATGGG-1	B	9
CCCTAACAGGCACTAG-1	T	18
CCCTAACAGGCAGTGT-1	Myeloid	6
CCCTAACAGGCGCTTC-1	Myeloid	6
CCCTAACAGGGCGAAG-1	NK	7
CCCTAACAGGTAGGAA-1	Myeloid	13
CCCTAACAGTACGACG-1	T	14
CCCTAACAGTCAGCCC-1	B	2
CCCTAACAGTCTGGGA-1	NK	7
CCCTAACAGTGAGCAC-1	NK	7
CCCTAACAGTGCTGAG-1	Stromal	12
CCCTAACCAAGGGTAC-1	Myeloid	6
CCCTAACCAGCTATAC-1	T	14
CCCTAACCAGGTGTGA-1	B	16
CCCTAACGTATTCTCT-1	Myeloid	10
CCCTAACGTCTGATTG-1	Myeloid	1
CCCTAACGTGGTCGAA-1	T	18
CCCTAACGTTCACGTA-1	Myeloid	1
CCCTAACGTTCATTTC-1	T	14
CCCTAACGTTGGTAAA-1	Myeloid	15
CCCTAACTCAAACCAC-1	NK	3
CCCTAACTCAGTTGAC-1	Myeloid	1
CCCTAACTCGACTGGC-1	NK	3
CCCTAACTCGCAAGCC-1	T	14
CCCTAACTCGCGCCAA-1	NK	3
CCCTAACTCGCGCTGA-1	B	16
CCCTAACTCGCTATTT-1	B	19
CCCTAACTCGGTTGTA-1	NK	7
CCCTAACTCTCGACAA-1	T	14
CCCTAACTCTCTTCCT-1	NK	3
CCCTAACTCTGTGTGA-1	NK	7
CCCTAACTCTTAACGG-1	B	9
CCCTAACTCTTACGGA-1	Myeloid	6
CCCTAGTAGAACGTTA-1	NK	3
CCCTAGTAGAACTAAC-1	B	19
CCCTAGTAGACTAGGC-1	Myeloid	1
CCCTAGTAGCTCCGGT-1	B	9
CCCTAGTAGGCTTAAA-1	B	2
CCCTAGTAGTACCTCA-1	B	2
CCCTAGTAGTCACGCC-1	B	19
CCCTAGTAGTCATCTG-1	NK	7
CCCTAGTAGTCCCTCT-1	B	9
CCCTAGTAGTCCGGAA-1	B	19
CCCTAGTAGTGCTGAG-1	NK	7
CCCTAGTCAATAGCGG-1	T	14
CCCTAGTCAATGGTAA-1	Myeloid	1
CCCTAGTCACGCTGTG-1	B	8
CCCTAGTCAGAACAGC-1	B	17
CCCTAGTCAGTCAGAG-1	NK	7
CCCTAGTCATATACGC-1	B	2
CCCTAGTCATTTGGTG-1	NK	3
CCCTAGTGTAAGCCTT-1	NK	3
CCCTAGTGTCGTAATC-1	Myeloid	13
CCCTAGTGTTACGAAA-1	Myeloid	6
CCCTAGTGTTACGGAG-1	Myeloid	1
CCCTAGTTCAAGTTGC-1	Myeloid	15
CCCTAGTTCAGGCGCT-1	T	14
CCCTAGTTCAGGTCTA-1	NK	7
CCCTAGTTCCACGAGC-1	B	8
CCCTAGTTCGATGTGT-1	T	14
CCCTAGTTCTAGCAAC-1	Myeloid	1
CCCTAGTTCTCCCTTT-1	Myeloid	1
CCCTAGTTCTTCATAC-1	Myeloid	1
CCCTCTCAGAATACTG-1	Myeloid	6
CCCTCTCAGAGCCACA-1	Stromal	12
CCCTCTCAGCCCATGC-1	Myeloid	15
CCCTCTCAGGTAAGTT-1	B	19
CCCTCTCCAACTTGGT-1	Myeloid	10
CCCTCTCCACTTACAG-1	Myeloid	6
CCCTCTCCAGAGCCAA-1	NK	5
CCCTCTCCAGTCAGCC-1	NK	3
CCCTCTCGTAAGGTCG-1	NK	7
CCCTCTCGTAATGTGA-1	T	4
CCCTCTCGTATTCGAC-1	Myeloid	6
CCCTCTCGTCCGGTAC-1	Myeloid	1
CCCTCTCGTCTGATTG-1	Myeloid	6
CCCTCTCGTCTGGTCG-1	Myeloid	6
CCCTCTCGTGTAGGAC-1	T	18
CCCTCTCGTTCTACCC-1	NK	3
CCCTCTCGTTGCCTGG-1	NK	3
CCCTCTCTCAAGGCAG-1	Myeloid	13
CCCTCTCTCACATCCC-1	NK	7
CCCTCTCTCATACTTC-1	B	8
CCCTCTCTCCAAGTCA-1	NK	3
CCCTCTCTCCATCTAT-1	Stromal	12
CCCTCTCTCCCAGCAG-1	B	17
CCCTCTCTCCGTACGG-1	NK	3
CCCTCTCTCGCGCCAA-1	B	19
CCCTGATAGAAATTCG-1	NK	3
CCCTGATAGAACCATA-1	B	9
CCCTGATAGACCAATA-1	B	11
CCCTGATAGACTCGGA-1	B	11
CCCTGATAGTAACTCC-1	T	18
CCCTGATAGTACTCTG-1	NK	7
CCCTGATCAAATGCTC-1	B	9
CCCTGATCAAGGACCA-1	B	0
CCCTGATCACATGATC-1	T	18
CCCTGATCACTCCCAT-1	B	16
CCCTGATCAGAAAGAG-1	Myeloid	1
CCCTGATCAGCAACAG-1	NK	7
CCCTGATCAGCTTACA-1	B	9
CCCTGATCAGGCAGAT-1	NK	7
CCCTGATCAGTAACCT-1	Myeloid	1
CCCTGATCATGTAGAA-1	Myeloid	1
CCCTGATCATTCACGA-1	Myeloid	6
CCCTGATCATTGCCTC-1	B	16
CCCTGATGTATCTGCA-1	B	11
CCCTGATGTATTGTCG-1	B	8
CCCTGATGTCAGTGTT-1	Myeloid	10
CCCTGATGTGTCTACA-1	B	0
CCCTGATGTTCTACCC-1	Myeloid	1
CCCTGATGTTTGTGAC-1	Myeloid	6
CCCTGATTCAGTCACA-1	T	14
CCCTGATTCCCACTTG-1	Stromal	12
CCCTGATTCCGTACGG-1	B	17
CCCTGATTCGCGGCAT-1	T	4
CCCTGATTCGCTTGAA-1	B	9
CCCTGATTCGGGTCCA-1	B	19
CCCTGATTCTCGACAA-1	Myeloid	13
CCCTGATTCTCTGACC-1	NK	7
CCCTGATTCTGTGTGA-1	NK	5
CCCTGATTCTTAACGG-1	Myeloid	1
CCCTGATTCTTACTCA-1	B	19
CCCTGATTCTTCAGAG-1	Myeloid	1
CCCTGATTCTTGTCAT-1	Myeloid	1
CCGAAGCAGAGGCGGA-1	Myeloid	10
CCGAAGCAGATGAGGA-1	T	4
CCGAAGCAGCTACGCC-1	B	9
CCGAAGCAGGAGAACA-1	Myeloid	15
CCGAAGCAGGATGCCA-1	Myeloid	6
CCGAAGCAGGGCATTG-1	T	14
CCGAAGCAGTTAGAGT-1	Myeloid	1
CCGAAGCCAAAGAAGG-1	B	11
CCGAAGCCAAGGGAGG-1	T	4
CCGAAGCCAATGACTC-1	T	18
CCGAAGCCAATTGTGC-1	T	18
CCGAAGCCACAAACAA-1	NK	3
CCGAAGCCACCTGTGG-1	B	11
CCGAAGCCAGAACGAC-1	B	16
CCGAAGCCAGAACTTC-1	B	19
CCGAAGCCAGGCAAGT-1	NK	3
CCGAAGCCATGGTATC-1	Myeloid	15
CCGAAGCCATTAGCAC-1	B	0
CCGAAGCCATTTAGGC-1	Myeloid	1
CCGAAGCGTAACGGTG-1	B	8
CCGAAGCGTCAGGTGA-1	NK	3
CCGAAGCGTGAATGGC-1	T	4
CCGAAGCTCAAGGCAG-1	T	14
CCGAAGCTCCAGCACG-1	Myeloid	6
CCGAAGCTCCCGTATC-1	T	14
CCGAAGCTCCGCTATC-1	Myeloid	1
CCGAAGCTCGCAGATT-1	NK	7
CCGAAGCTCGGTCGAC-1	B	11
CCGAAGCTCGTGCTTC-1	B	9
CCGCATTAGAAGCCTG-1	Myeloid	13
CCGCATTAGAGCAGCT-1	Myeloid	10
CCGCATTAGAGGAATG-1	Myeloid	6
CCGCATTAGCTCGGCT-1	B	9
CCGCATTAGGAGGCGA-1	B	2
CCGCATTAGGATATCA-1	Myeloid	1
CCGCATTAGTATCTGC-1	Myeloid	6
CCGCATTAGTCGAGCA-1	B	2
CCGCATTAGTGTCGCC-1	B	19
CCGCATTCAAGACACG-1	Myeloid	15
CCGCATTCAATGCCAT-1	Myeloid	10
CCGCATTCAATTCTCT-1	T	18
CCGCATTCACGATATC-1	Myeloid	1
CCGCATTCACTTATGG-1	B	2
CCGCATTCAGATGGCA-1	Myeloid	6
CCGCATTCAGTATCTG-1	Myeloid	6
CCGCATTCATCGACCG-1	Myeloid	1
CCGCATTCATCGTGAT-1	T	14
CCGCATTCATGATCGT-1	T	18
CCGCATTGTACTATGC-1	Myeloid	1
CCGCATTGTGAATGTA-1	NK	7
CCGCATTGTGCACATT-1	NK	3
CCGCATTTCAATTCCT-1	T	4
CCGCATTTCATTCTCA-1	NK	7
CCGCATTTCATTGCCC-1	B	19
CCGCATTTCCAATCCC-1	B	16
CCGCATTTCCGGCTGA-1	B	11
CCGCATTTCCTAAAGC-1	Myeloid	1
CCGCATTTCCTCCCAA-1	B	9
CCGCATTTCGCTACCT-1	B	2
CCGCATTTCGCTGATA-1	Myeloid	15
CCGCATTTCGGATGTT-1	NK	3
CCGCATTTCGGCTATA-1	B	19
CCGCATTTCTGATCCC-1	B	17
CCGCATTTCTGTGTGA-1	Myeloid	13
CCGCATTTCTTCTCTC-1	B	2
CCGTACTAGAGTTTGA-1	T	4
CCGTACTAGCAACTGG-1	NK	3
CCGTACTAGCACCATT-1	B	0
CCGTACTAGCGAGAAA-1	T	18
CCGTACTAGGATATCA-1	Stromal	12
CCGTACTAGGCTCCTG-1	NK	7
CCGTACTAGGTACATA-1	B	9
CCGTACTAGGTCTTTG-1	NK	5
CCGTACTAGGTGTTGG-1	T	14
CCGTACTAGTGAGCAC-1	B	19
CCGTACTAGTGGTGTG-1	B	11
CCGTACTCAACCTCCT-1	B	2
CCGTACTCAAGTTCGT-1	B	2
CCGTACTCAATAGTGA-1	NK	5
CCGTACTCAATGGTCT-1	T	18
CCGTACTCACATCATG-1	Myeloid	10
CCGTACTCACTGTTAG-1	T	14
CCGTACTCAGGTCTGC-1	NK	7
CCGTACTCAGTAACCT-1	Myeloid	1
CCGTACTCATTCACCC-1	T	18
CCGTACTCATTGTTCT-1	Myeloid	10
CCGTACTGTCACTCTC-1	B	2
CCGTACTGTGAAACAT-1	B	9
CCGTACTTCAGTTGAC-1	Myeloid	1
CCGTACTTCCAAACCA-1	T	14
CCGTACTTCCATACGA-1	NK	3
CCGTACTTCCATTGAG-1	NK	7
CCGTACTTCCGCCTAT-1	B	0
CCGTACTTCTTAACGG-1	B	2
CCGTACTTCTTCATAC-1	Myeloid	1
CCGTAGGAGACTCTTG-1	NK	7
CCGTAGGAGTCCCTCT-1	Myeloid	6
CCGTAGGAGTCGAGCA-1	NK	7
CCGTAGGCAAAGCTTC-1	B	11
CCGTAGGCAACGCAAG-1	T	18
CCGTAGGCAACTCAAC-1	NK	7
CCGTAGGCAAGGACCA-1	NK	5
CCGTAGGCACCATTCC-1	Myeloid	6
CCGTAGGCAGATGGCA-1	NK	3
CCGTAGGCAGTTACAC-1	B	2
CCGTAGGCATCGGCTG-1	B	8
CCGTAGGGTAATGTAG-1	Myeloid	6
CCGTAGGGTCATAGAA-1	T	14
CCGTAGGGTCCGTGCA-1	B	11
CCGTAGGGTGCCCGAT-1	B	9
CCGTAGGGTTACGAAA-1	B	9
CCGTAGGGTTCCCGGA-1	Myeloid	1
CCGTAGGGTTTAAGCC-1	NK	5
CCGTAGGGTTTCACCC-1	B	2
CCGTAGGTCAAACCCA-1	T	4
CCGTAGGTCACAAGCT-1	Myeloid	1
CCGTAGGTCAGTACAC-1	B	19
CCGTAGGTCCTCATTA-1	Stromal	12
CCGTAGGTCCTCCCAA-1	B	2
CCGTAGGTCGGCATAT-1	Myeloid	1
CCGTAGGTCGTTCAGA-1	Myeloid	10
CCGTAGGTCTAGCTGA-1	T	18
CCGTGAGAGACGTCAG-1	Myeloid	1
CCGTGAGAGCCCATTA-1	B	2
CCGTGAGAGCGTATCT-1	Myeloid	1
CCGTGAGAGTAGAAGG-1	T	18
CCGTGAGAGTCCGATT-1	B	9
CCGTGAGAGTCTCTAG-1	Stromal	12
CCGTGAGAGTGTCGCC-1	Myeloid	1
CCGTGAGCAAATTGAG-1	T	4
CCGTGAGCAACCTCCT-1	Myeloid	15
CCGTGAGCAATGAAAC-1	Myeloid	1
CCGTGAGCACAGGAAC-1	NK	3
CCGTGAGCAGGTGGTA-1	B	11
CCGTGAGGTAAAGCTA-1	Myeloid	15
CCGTGAGGTACGGATG-1	NK	5
CCGTGAGGTCCAAGAG-1	B	2
CCGTGAGGTCCTTCAC-1	B	8
CCGTGAGGTGACGCAA-1	Myeloid	10
CCGTGAGGTGATCAGG-1	NK	7
CCGTGAGGTGGTCGAA-1	B	11
CCGTGAGGTGTCGTCG-1	B	11
CCGTGAGGTTGAATAG-1	Myeloid	6
CCGTGAGGTTTAAGCC-1	B	16
CCGTGAGGTTTGAAGA-1	NK	5
CCGTGAGTCAATTGGC-1	B	2
CCGTGAGTCGGTCGAC-1	Myeloid	6
CCGTGAGTCGTGAGTT-1	T	4
CCGTGAGTCTACTGCC-1	B	9
CCTAAAGAGAAACGCC-1	Myeloid	15
CCTAAAGAGACTAGGC-1	B	19
CCTAAAGAGAGAAGCA-1	Myeloid	15
CCTAAAGAGCGTGTTT-1	Myeloid	1
CCTAAAGAGGAACCGT-1	Myeloid	10
CCTAAAGAGGAAGAAC-1	B	19
CCTAAAGAGGATTGCG-1	Myeloid	6
CCTAAAGAGGTGTCGA-1	B	8
CCTAAAGAGTCAGCCC-1	Stromal	12
CCTAAAGAGTTCAGGG-1	B	2
CCTAAAGCAAGTCTCA-1	Myeloid	1
CCTAAAGCAGTCAGCC-1	B	2
CCTAAAGCATATTGGC-1	Myeloid	15
CCTAAAGCATGCGACC-1	T	18
CCTAAAGCATGGCCGT-1	NK	7
CCTAAAGCATGTAGAA-1	B	11
CCTAAAGGTATCTGCA-1	Myeloid	13
CCTAAAGGTATTCTGG-1	B	9
CCTAAAGGTCCGGTAC-1	B	9
CCTAAAGTCCAATAGC-1	Myeloid	1
CCTAAAGTCCCAGTAA-1	T	18
CCTAAAGTCGCCGAAC-1	B	9
CCTAAAGTCTCATATC-1	B	0
CCTATTAAGAAAGGGT-1	Myeloid	1
CCTATTAAGAACGACC-1	Stromal	12
CCTATTAAGAGAATTC-1	B	0
CCTATTAAGCAATGTA-1	NK	7
CCTATTAAGCCCATGC-1	B	0
CCTATTAAGCTCCATA-1	B	9
CCTATTAAGGCAAGGG-1	Myeloid	1
CCTATTAAGGCGTCCT-1	B	2
CCTATTAAGTCGCCTG-1	B	0
CCTATTAAGTGCTAGG-1	B	9
CCTATTACAACGCACC-1	Myeloid	6
CCTATTAGTCAGAAGC-1	NK	5
CCTATTAGTCATGAGG-1	Myeloid	6
CCTATTAGTGCTGGCT-1	Myeloid	6
CCTATTAGTGGTCGAA-1	T	4
CCTATTAGTTTCAGCA-1	T	14
CCTATTAGTTTGCGAT-1	B	17
CCTATTATCACAACAC-1	B	9
CCTATTATCCATCATT-1	B	2
CCTATTATCCTCCCAA-1	NK	7
CCTATTATCTACTTTG-1	T	18
CCTATTATCTCCTTGG-1	B	11
CCTCCCTAGAAACGCC-1	B	8
CCTCCCTAGAAATTCG-1	Myeloid	6
CCTCCCTAGAGTAAGG-1	NK	7
CCTCCCTAGATAGGTT-1	Myeloid	1
CCTCCCTAGATTAGAC-1	T	14
CCTCCCTAGCCTCGCA-1	B	0
CCTCCCTAGCTACGCC-1	NK	5
CCTCCCTAGCTGCTCG-1	T	14
CCTCCCTAGGTACTCT-1	Myeloid	10
CCTCCCTAGTCGTGAG-1	NK	3
CCTCCCTAGTGATCTC-1	T	18
CCTCCCTAGTGTAATG-1	B	8
CCTCCCTCAACGTCCG-1	T	14
CCTCCCTCAACTAGAA-1	NK	3
CCTCCCTCAAGCACTT-1	B	11
CCTCCCTCAAGTCTGT-1	T	18
CCTCCCTCACTGTAAC-1	B	17
CCTCCCTCAGCAATGG-1	T	18
CCTCCCTCAGGGTACA-1	NK	7
CCTCCCTCATCAGCTA-1	B	9
CCTCCCTCATTTGGTG-1	B	17
CCTCCCTGTACTTGAC-1	Myeloid	10
CCTCCCTGTCACAGGA-1	NK	3
CCTCCCTGTCAGCTTA-1	T	18
CCTCCCTGTGATAGAT-1	Myeloid	6
CCTCCCTGTGCTTGAT-1	T	14
CCTCCCTGTTCCCGGA-1	Myeloid	6
CCTCCCTGTTTGCATG-1	B	17
CCTCCCTGTTTGTCTT-1	Myeloid	15
CCTCCCTTCACTAGGT-1	Myeloid	10
CCTCCCTTCAGTGGTT-1	Myeloid	13
CCTCCCTTCAGTTGAC-1	T	14
CCTCCCTTCCAACGCG-1	NK	5
CCTCCCTTCCACACCT-1	NK	3
CCTCCCTTCCGTTAGA-1	B	16
CCTCCCTTCCTAAGTG-1	B	8
CCTCCCTTCCTGACCT-1	B	11
CCTCCCTTCCTTTGCG-1	Myeloid	10
CCTCCCTTCGATGTGT-1	B	11
CCTCCCTTCGCTTCAC-1	NK	7
CCTCCCTTCGGCAATT-1	Myeloid	6
CCTCCCTTCGTGCTTC-1	B	16
CCTCCCTTCGTGGTAT-1	NK	7
CCTCCCTTCTCGGCGA-1	B	19
CCTCCCTTCTGACTTT-1	B	2
CCTCCCTTCTGGCCAG-1	B	8
CCTGCTAAGATCGAGC-1	B	8
CCTGCTAAGCAATGTA-1	Myeloid	15
CCTGCTAAGTTCGCGC-1	B	2
CCTGCTAGTAAAGCTA-1	B	11
CCTGCTAGTAACTCCA-1	Myeloid	1
CCTGCTAGTAGAACGC-1	B	2
CCTGCTAGTATACGCT-1	T	14
CCTGCTAGTATATGGA-1	B	19
CCTGCTAGTCCAAGAG-1	B	19
CCTGCTAGTCGCTAGC-1	Myeloid	6
CCTGCTAGTGAGGGTT-1	NK	7
CCTGCTAGTTAAGTCC-1	B	2
CCTGCTATCATCGCAA-1	NK	3
CCTGCTATCCCGTAGG-1	Myeloid	1
CCTGCTATCCGGACTG-1	NK	7
CCTGCTATCGAGGTCC-1	B	8
CCTGCTATCTATCTTG-1	NK	5
CCTGCTATCTGTTGCC-1	Myeloid	1
CCTGCTATCTTAACGG-1	B	19
CCTGCTATCTTCCACG-1	NK	7
CCTGGGAAGATCCGAG-1	T	18
CCTGGGAAGCCATCAT-1	NK	3
CCTGGGAAGGTAGGAA-1	NK	3
CCTGGGAAGTCATACC-1	B	17
CCTGGGAAGTGAACCG-1	T	18
CCTGGGACAACAACTC-1	B	8
CCTGGGACAAGGAAGA-1	Myeloid	1
CCTGGGACAATTCGTG-1	B	11
CCTGGGACAGGATAGC-1	B	19
CCTGGGACAGTAACGG-1	Myeloid	1
CCTGGGACAGTAAGAT-1	Myeloid	6
CCTGGGACATAGAATG-1	Myeloid	15
CCTGGGAGTAGATGAT-1	T	14
CCTGGGAGTAGTCCAT-1	Myeloid	1
CCTGGGAGTATTGTCG-1	Myeloid	6
CCTGGGAGTCAACTAC-1	Stromal	12
CCTGGGAGTCCCTAAA-1	NK	3
CCTGGGAGTGATGCTT-1	B	9
CCTGGGAGTTCCATCC-1	B	9
CCTGGGAGTTCTTAGG-1	B	17
CCTGGGAGTTGCAGCC-1	B	11
CCTGGGAGTTGCCGCA-1	B	8
CCTGGGAGTTGCCTGG-1	B	2
CCTGGGATCAAGGCCC-1	B	2
CCTGGGATCCTAAGTG-1	Stromal	12
CCTGGGATCCTTACGC-1	B	17
CCTGGGATCGAGCGCT-1	B	19
CCTGGGATCGCATACA-1	NK	3
CCTGGGATCGTTGTAG-1	B	9
CCTGGGATCTCTGTTA-1	Myeloid	1
CCTGGGATCTTTCGAT-1	B	2
CCTTAATAGACTCGGA-1	B	11
CCTTAATAGAGCTGTG-1	Myeloid	1
CCTTAATAGGTCTTGT-1	NK	5
CCTTAATAGGTTGACG-1	Myeloid	1
CCTTAATAGTCGCCTG-1	NK	7
CCTTAATAGTCTGTGT-1	T	14
CCTTAATCAAAGGAAG-1	NK	7
CCTTAATCAAGCGACA-1	B	17
CCTTAATCACTGTCAA-1	Myeloid	1
CCTTAATCAGCAATGG-1	NK	7
CCTTAATCAGTGGTCC-1	B	11
CCTTAATCATACAACC-1	B	8
CCTTAATCATAGCCAT-1	T	18
CCTTAATCATATACGC-1	B	9
CCTTAATGTAAAGGCC-1	Stromal	12
CCTTAATGTAAGCCGA-1	B	8
CCTTAATGTAGAATAC-1	NK	3
CCTTAATGTAGGTCTT-1	B	9
CCTTAATGTATGAAGT-1	T	4
CCTTAATGTCAGCAAG-1	NK	7
CCTTAATGTCATCGTA-1	Myeloid	1
CCTTAATGTCCCGTGA-1	NK	7
CCTTAATGTCTGGATT-1	Myeloid	6
CCTTAATGTGGTAAGC-1	T	18
CCTTAATGTGTCTACA-1	B	11
CCTTAATGTGTTTCTT-1	B	17
CCTTAATGTTTGTAGC-1	B	11
CCTTAATTCACGTGTA-1	NK	7
CCTTAATTCAGGAATA-1	B	17
CCTTAATTCCAAGAGG-1	B	9
CCTTAATTCGATGTGT-1	B	11
CCTTAATTCGATTACG-1	NK	3
CCTTAATTCTATCCTA-1	T	4
CCTTAATTCTTCTCTC-1	T	18
CCTTGCAAGAAGCCTG-1	Myeloid	15
CCTTGCAAGACTTGAA-1	B	11
CCTTGCAAGAGCGGTT-1	Myeloid	10
CCTTGCAAGCGCATTT-1	B	9
CCTTGCAAGGCCTCTG-1	NK	3
CCTTGCAAGGGCGAAG-1	Myeloid	6
CCTTGCAAGGTTCGTT-1	B	9
CCTTGCAAGTAACATG-1	Myeloid	1
CCTTGCACAAAGCTGG-1	B	9
CCTTGCACAAGGACCA-1	B	8
CCTTGCACACAATAAG-1	Myeloid	6
CCTTGCACACCACCAG-1	B	9
CCTTGCACACTCGCAG-1	Myeloid	13
CCTTGCACACTTACAG-1	Myeloid	1
CCTTGCACAGAACAGC-1	Myeloid	1
CCTTGCACAGGTAGCA-1	B	11
CCTTGCACATGTATCG-1	Myeloid	10
CCTTGCAGTAGCTGTT-1	B	8
CCTTGCAGTAGGGTCA-1	NK	5
CCTTGCAGTATCTAGC-1	B	8
CCTTGCAGTATGGGTG-1	T	18
CCTTGCAGTTCTGATG-1	B	2
CCTTGCAGTTGGGAAC-1	Myeloid	6
CCTTGCAGTTTAGGAA-1	Myeloid	6
CCTTGCATCAAAGTAG-1	T	18
CCTTGCATCACTCCCA-1	T	14
CCTTGCATCGCGGCAT-1	B	17
CCTTGGTAGAGGCAGG-1	B	16
CCTTGGTAGGACCGAT-1	B	19
CCTTGGTAGGCAGATC-1	Myeloid	6
CCTTGGTAGGGTTCCC-1	NK	7
CCTTGGTAGTAGCAAT-1	B	8
CCTTGGTCAAAGCTGG-1	T	4
CCTTGGTCAAGGAAGA-1	T	4
CCTTGGTCAAGTAACA-1	Myeloid	10
CCTTGGTCAATGACTC-1	Myeloid	15
CCTTGGTCACCTGGTG-1	Myeloid	1
CCTTGGTCAGTAGGCA-1	Myeloid	1
CCTTGGTCAGTATCTG-1	Myeloid	6
CCTTGGTCAGTGGTCC-1	B	2
CCTTGGTCATATAGAG-1	NK	3
CCTTGGTCATGCTATG-1	B	17
CCTTGGTCATGGCCTG-1	B	11
CCTTGGTCATGTCCCT-1	NK	7
CCTTGGTGTAAAGGCC-1	Myeloid	1
CCTTGGTGTAACATAG-1	NK	3
CCTTGGTGTATCCCTC-1	B	11
CCTTGGTGTCACATTG-1	NK	7
CCTTGGTGTCCTTATT-1	B	9
CCTTGGTGTTGCCTGG-1	Myeloid	1
CCTTGGTTCACATCCC-1	Myeloid	6
CCTTGGTTCCATCTAT-1	NK	7
CCTTGGTTCCATTGAG-1	Myeloid	1
CCTTGGTTCCCTAAAG-1	B	19
CCTTGGTTCCGTACGG-1	NK	5
CCTTGGTTCTTGTACT-1	Myeloid	6
CGAGTTAAGACGTCAG-1	T	4
CGAGTTAAGAGGAATG-1	B	2
CGAGTTAAGAGTTTGA-1	Myeloid	1
CGAGTTAAGATAGGTT-1	B	8
CGAGTTAAGCCGCTGT-1	Myeloid	1
CGAGTTAAGGATTTGA-1	B	11
CGAGTTAAGGGAGTTC-1	B	16
CGAGTTAAGTAACACA-1	B	19
CGAGTTAAGTGCACAG-1	Myeloid	6
CGAGTTACAACCTCCT-1	Myeloid	10
CGAGTTACAAGACTAA-1	NK	7
CGAGTTACAAGGATGC-1	Myeloid	6
CGAGTTACACCCTTTG-1	T	14
CGAGTTACATCGTACA-1	Stromal	12
CGAGTTACATTGCACA-1	NK	7
CGAGTTAGTAAACCCT-1	Myeloid	1
CGAGTTAGTAGAGAGA-1	Myeloid	1
CGAGTTAGTAGGTCTT-1	B	2
CGAGTTAGTCGATAGG-1	Myeloid	1
CGAGTTAGTGGTTCTA-1	T	14
CGAGTTAGTGTCGTCG-1	Stromal	12
CGAGTTAGTTACCACA-1	Stromal	12
CGAGTTAGTTCCAGTA-1	B	2
CGAGTTAGTTCTTATC-1	Myeloid	6
CGAGTTATCCAGCACG-1	B	2
CGAGTTATCCTCCATG-1	NK	7
CGAGTTATCGGTGATT-1	Myeloid	1
CGAGTTATCGTAGCGC-1	Myeloid	1
CGAGTTATCTTCCAGC-1	B	11
CGATGATAGATTGACA-1	T	14
CGATGATAGTAGGTCG-1	NK	3
CGATGATCAACTAGAA-1	NK	3
CGATGATCAGATACAA-1	B	11
CGATGATCATAGTCCA-1	B	2
CGATGATCATTGTTCT-1	NK	7
CGATGATGTCGCTACG-1	Myeloid	10
CGATGATGTTCCAATG-1	Myeloid	10
CGATGATGTTCCCGGA-1	Stromal	12
CGATGATGTTTAAGGA-1	T	4
CGATGATGTTTCTCTA-1	B	19
CGATGATTCAAGAGGC-1	B	2
CGATGATTCCAGGGAA-1	Myeloid	6
CGATGATTCGGATGTT-1	B	17
CGATGATTCGTCTAGA-1	B	8
CGATGATTCTGAAAGA-1	B	2
CGATGATTCTTAAGCG-1	B	11
CGATGATTCTTTATCG-1	B	11
CGCAATAAGACACGGT-1	Myeloid	10
CGCAATAAGACACTTC-1	Myeloid	15
CGCAATAAGATGTTGA-1	B	11
CGCAATAAGCAACGGT-1	B	17
CGCAATAAGCCAGAAC-1	NK	3
CGCAATAAGCGCATTT-1	B	19
CGCAATAAGGCACTAG-1	B	11
CGCAATAAGGTGTTGG-1	B	2
CGCAATAAGTTCTCCC-1	NK	5
CGCAATACAATGCACT-1	Myeloid	10
CGCAATACACAAGTGG-1	B	9
CGCAATACACAGTAGG-1	Myeloid	6
CGCAATACATAGCCAT-1	Myeloid	1
CGCAATACATCACAAC-1	Myeloid	10
CGCAATACATCCCTCA-1	NK	7
CGCAATAGTATGTCCA-1	NK	7
CGCAATAGTCCTTCAC-1	Myeloid	6
CGCAATAGTCGTAATC-1	T	18
CGCAATAGTGATGTGG-1	T	18
CGCAATAGTGCAAGAC-1	NK	3
CGCAATAGTGTGTGTT-1	NK	7
CGCAATATCATGTTCT-1	B	11
CGCAATATCATTCGGA-1	Myeloid	1
CGCAATATCCCAATAG-1	NK	7
CGCAATATCCTGTGGG-1	NK	7
CGCAATATCGCCCTTA-1	B	8
CGCAATATCTAGCAGT-1	T	14
CGCAATATCTTCACTA-1	Myeloid	6
CGCACAGAGAAGACTT-1	T	14
CGCACAGAGATCGCCC-1	NK	7
CGCACAGAGCGCCTAC-1	B	17
CGCACAGAGGAGACTC-1	Stromal	12
CGCACAGAGTATCTGC-1	NK	7
CGCACAGAGTCTGCTA-1	B	0
CGCACAGAGTGAGCTG-1	T	4
CGCACAGAGTTATGAG-1	NK	3
CGCACAGAGTTGTCCA-1	Myeloid	6
CGCACAGCAATGAAAC-1	B	0
CGCACAGCACCGTCTT-1	Stromal	12
CGCACAGCAGCACATT-1	NK	7
CGCACAGCAGTAGTTC-1	T	4
CGCACAGCATAGGCGA-1	B	11
CGCACAGCATCCATAG-1	NK	3
CGCACAGCATCGTACA-1	Myeloid	1
CGCACAGGTCATAGAA-1	B	2
CGCACAGGTCCGAGCT-1	B	17
CGCACAGGTGAATACA-1	Myeloid	6
CGCACAGGTGGCCTCA-1	NK	7
CGCACAGGTGGCGCTT-1	Myeloid	10
CGCACAGGTGGTCGAA-1	NK	5
CGCACAGGTTGGCTAT-1	NK	7
CGCACAGTCACACGTA-1	Myeloid	6
CGCACAGTCACATTCT-1	B	11
CGCACAGTCAGTCACA-1	Myeloid	1
CGCACAGTCTGAGTAC-1	B	11
CGCACAGTCTGGGCGT-1	T	18
CGCACAGTCTTGGCCT-1	Myeloid	1
CGCACAGTCTTGTACT-1	NK	3
CGCAGGTAGATGGCAC-1	Myeloid	1
CGCAGGTAGGAAGACA-1	B	11
CGCAGGTAGGCAATTA-1	B	9
CGCAGGTAGGGTGTTG-1	T	14
CGCAGGTAGTCCAGAG-1	B	9
CGCAGGTAGTCTGCTA-1	B	0
CGCAGGTAGTCTGGGA-1	NK	7
CGCAGGTAGTGGGACT-1	B	2
CGCAGGTAGTTCCCGG-1	B	0
CGCAGGTAGTTTACGC-1	Myeloid	6
CGCAGGTCAATCACTG-1	Myeloid	10
CGCAGGTCACTCCCAT-1	Myeloid	1
CGCAGGTCACTGTAAC-1	B	11
CGCAGGTCAGGCTACC-1	Myeloid	1
CGCAGGTCAGTAACCT-1	Myeloid	6
CGCAGGTCATATAGAG-1	Myeloid	6
CGCAGGTCATCCTGGG-1	B	2
CGCAGGTGTACCGGCT-1	B	11
CGCAGGTGTAGCGTTT-1	NK	7
CGCAGGTGTAGTCTGT-1	Myeloid	13
CGCAGGTGTGACAAGC-1	B	9
CGCAGGTGTGCCGGTT-1	NK	3
CGCAGGTGTTTCGATG-1	Myeloid	6
CGCAGGTGTTTGCGAT-1	NK	7
CGCAGGTTCACTAGGT-1	B	9
CGCAGGTTCACTCGGG-1	Stromal	12
CGCAGGTTCGACCCGA-1	B	9
CGCAGGTTCGCAGATT-1	NK	7
CGCAGGTTCGGTGATT-1	NK	3
CGCAGGTTCGTCTAGA-1	NK	3
CGCGCAAAGATGCGCA-1	T	14
CGCGCAAAGATGTTGA-1	Myeloid	1
CGCGCAAAGGAAGAAC-1	B	19
CGCGCAAAGGCGATTG-1	T	18
CGCGCAAAGTAGTTCC-1	B	2
CGCGCAAAGTCAGCCC-1	B	2
CGCGCAAAGTCCGTGC-1	B	8
CGCGCAAAGTCTGGGA-1	Stromal	12
CGCGCAAAGTGTTCCA-1	B	2
CGCGCAAAGTTCCCGG-1	NK	3
CGCGCAACAACGGACA-1	B	9
CGCGCAACAAGGAAGA-1	T	14
CGCGCAACAATTGCCA-1	B	2
CGCGCAACACAGTTAC-1	Myeloid	6
CGCGCAACACGCCGAT-1	Myeloid	6
CGCGCAACAGAATGCG-1	Myeloid	1
CGCGCAAGTAACCATC-1	B	19
CGCGCAAGTAACGGAC-1	NK	7
CGCGCAAGTAGTAACA-1	T	18
CGCGCAAGTGGCGCTT-1	Myeloid	6
CGCGCAAGTGTTAGAA-1	Myeloid	1
CGCGCAAGTTTCTCTA-1	Myeloid	1
CGCGCAATCAGATACC-1	Myeloid	15
CGCGCAATCCCGAAGC-1	NK	3
CGCGCAATCCTCCAGT-1	B	11
CGCGCAATCCTTTGAT-1	NK	7
CGCGCAATCGAGGTAG-1	B	19
CGCGCAATCGTGGGTC-1	B	8
CGCGCAATCGTTCAGA-1	B	11
CGCTAGGAGAAATACC-1	T	14
CGCTAGGAGAACGACC-1	B	11
CGCTAGGAGAGCCACA-1	Myeloid	6
CGCTAGGAGAGGCCTA-1	Myeloid	1
CGCTAGGAGCATGATA-1	B	11
CGCTAGGAGCGTCAAG-1	B	19
CGCTAGGAGCGTGTTT-1	Myeloid	1
CGCTAGGAGCTAGCAG-1	B	2
CGCTAGGAGGTACATA-1	Myeloid	1
CGCTAGGAGTACCACT-1	Stromal	12
CGCTAGGCAAACTACC-1	Myeloid	10
CGCTAGGCAACAAACA-1	T	4
CGCTAGGCAAGCTTTG-1	NK	7
CGCTAGGCAATGGCAG-1	NK	7
CGCTAGGCACAGATGG-1	NK	3
CGCTAGGCACTAGCCG-1	T	18
CGCTAGGCAGAGATGC-1	NK	3
CGCTAGGCAGCAACCC-1	Myeloid	6
CGCTAGGCAGGTCTGC-1	B	9
CGCTAGGCATGGGACA-1	NK	3
CGCTAGGCATGTGAGG-1	NK	7
CGCTAGGGTAACGGCA-1	Myeloid	6
CGCTAGGGTACAAGCG-1	Myeloid	10
CGCTAGGGTACTATGC-1	Myeloid	15
CGCTAGGGTCCATTGA-1	T	4
CGCTAGGGTGCGACCT-1	NK	7
CGCTAGGGTGCGTCCA-1	T	14
CGCTAGGGTTGTGACT-1	T	4
CGCTAGGTCACGTGTA-1	Myeloid	15
CGCTAGGTCACTAGGT-1	B	9
CGCTAGGTCAGTCTTT-1	NK	7
CGCTAGGTCCTGGAAT-1	B	9
CGCTAGGTCTTCAGAG-1	B	0
CGCTAGGTCTTGTCAT-1	B	19
CGCTATCAGAGAGTAG-1	T	18
CGCTATCAGATCTAAG-1	B	8
CGCTATCAGCCTGTAT-1	B	11
CGCTATCAGCGCATTT-1	B	11
CGCTATCAGGTAGGCT-1	Myeloid	1
CGCTATCAGGTCACTT-1	T	14
CGCTATCAGTACAACA-1	B	11
CGCTATCAGTACCCAT-1	T	18
CGCTATCAGTACCTCA-1	B	16
CGCTATCAGTCTGGGA-1	Myeloid	6
CGCTATCCAAGGTCGA-1	Myeloid	6
CGCTATCCACAAACGG-1	B	19
CGCTATCCACCTGAAT-1	B	11
CGCTATCCACGCTGTG-1	NK	3
CGCTATCCACTTACAG-1	NK	3
CGCTATCCATCGCTAA-1	Myeloid	10
CGCTATCCATGGTATC-1	Myeloid	6
CGCTATCCATTTGGCA-1	Myeloid	1
CGCTATCGTAAACCCT-1	Myeloid	13
CGCTATCGTAAGTGCG-1	NK	7
CGCTATCGTAATGTGA-1	B	8
CGCTATCGTAGAGAGA-1	T	14
CGCTATCGTGAATGGC-1	B	19
CGCTATCGTGACCAGA-1	B	0
CGCTATCGTGCAAAGC-1	Stromal	12
CGCTATCGTTACGAAA-1	B	2
CGCTATCTCAAGAGGC-1	NK	5
CGCTATCTCAATTCCT-1	B	19
CGCTATCTCAGCACTA-1	Myeloid	1
CGCTATCTCCATGACA-1	Myeloid	6
CGCTATCTCGGTCGAC-1	Stromal	12
CGCTATCTCGTCCCTA-1	Stromal	12
CGCTATCTCTCAGATG-1	T	18
CGCTATCTCTTCTTCC-1	B	8
CGCTGGAAGAAACGCC-1	B	17
CGCTGGAAGCTCGGCT-1	Stromal	12
CGCTGGAAGGCCTCTG-1	T	18
CGCTGGAAGGTGTCGA-1	B	19
CGCTGGACAAAGAAGG-1	Myeloid	6
CGCTGGACAACACGGA-1	B	9
CGCTGGACACCCTTTG-1	B	11
CGCTGGACAGTAGGCA-1	NK	7
CGCTGGACAGTAGTTC-1	NK	3
CGCTGGACATCGAGTT-1	Myeloid	1
CGCTGGACATGACTGT-1	B	11
CGCTGGACATGCTATG-1	T	14
CGCTGGAGTAAGTGCG-1	NK	5
CGCTGGAGTACCCACG-1	B	11
CGCTGGAGTAGCGGTA-1	NK	3
CGCTGGAGTATTCTCT-1	B	2
CGCTGGAGTCATGAGG-1	T	14
CGCTGGAGTGGATTCT-1	Myeloid	6
CGCTGGAGTGTGACCC-1	B	11
CGCTGGAGTTACCACA-1	T	14
CGCTGGAGTTTAAGCC-1	NK	7
CGCTGGAGTTTCACCC-1	B	8
CGCTGGATCAACACGT-1	B	16
CGCTGGATCACAAGCT-1	Myeloid	10
CGCTGGATCACGTCAA-1	Myeloid	13
CGCTGGATCACTACCC-1	B	9
CGCTGGATCCCAGTAA-1	B	0
CGCTGGATCCTCTCTT-1	B	19
CGCTGGATCGCCTTAC-1	Myeloid	6
CGCTGGATCGGTTGTA-1	T	14
CGCTGGATCGTTCCGT-1	NK	7
CGCTGGATCTTGTCAT-1	Myeloid	6
CGGACCAAGATATGTG-1	Myeloid	1
CGGACCAAGATGCGCA-1	Myeloid	15
CGGACCAAGCATTGGG-1	B	11
CGGACCAAGGAAGACA-1	T	18
CGGACCAAGGAGTCTG-1	B	9
CGGACCAAGTGAAGGA-1	B	2
CGGACCAAGTGCCCTG-1	NK	7
CGGACCAAGTGGGACT-1	B	9
CGGACCACAACAACTC-1	B	9
CGGACCACAACTCGAT-1	Myeloid	13
CGGACCACAAGCCCTG-1	B	8
CGGACCACAAGGGTAC-1	B	9
CGGACCACAATAGTGA-1	Myeloid	1
CGGACCACACCCATCT-1	B	17
CGGACCACACTCAGCG-1	NK	3
CGGACCACAGCTATAC-1	B	19
CGGACCACATCCCTCA-1	Stromal	12
CGGACCAGTAGATTAG-1	NK	3
CGGACCAGTAGCAGGT-1	T	4
CGGACCAGTCAGCTTA-1	NK	7
CGGACCAGTCTGGGAA-1	B	8
CGGACCAGTGCATCAT-1	NK	5
CGGACCAGTTAGCTCA-1	B	17
CGGACCAGTTCTGAAC-1	T	18
CGGACCAGTTGAAGCG-1	B	2
CGGACCATCACTACCC-1	B	2
CGGACCATCCACGCTT-1	B	2
CGGACCATCCATCTAT-1	T	18
CGGACCATCCCACGGA-1	NK	3
CGGACCATCCTTTGCG-1	B	2
CGGACCATCGTGAACT-1	NK	7
CGGACCATCTTAAGCG-1	Stromal	12
CGGACTGAGCTAGTTC-1	B	8
CGGACTGAGGGCATTG-1	T	14
CGGACTGAGGTCTTGT-1	NK	7
CGGACTGAGTGATAAC-1	NK	3
CGGACTGCAAACTACC-1	Myeloid	6
CGGACTGCAACGAGGT-1	Myeloid	6
CGGACTGCAAGGCTTT-1	T	4
CGGACTGCACAGCTTA-1	B	11
CGGACTGCACAGGAAC-1	B	2
CGGACTGCACTCAGCG-1	Myeloid	10
CGGACTGCAGGAGCAT-1	B	2
CGGACTGCAGGTCCTG-1	B	17
CGGACTGCATAGTCCA-1	Myeloid	1
CGGACTGCATCGTACA-1	B	19
CGGACTGCATTATGGC-1	Myeloid	10
CGGACTGGTAACATAG-1	T	14
CGGACTGGTAACTGAA-1	B	11
CGGACTGGTAATGCCT-1	Stromal	12
CGGACTGGTATTTGCG-1	B	2
CGGACTGGTCAGAAAT-1	B	19
CGGACTGGTCTGAGCC-1	B	2
CGGACTGGTGATCAGG-1	Myeloid	15
CGGACTGGTGATGCTT-1	T	14
CGGACTGGTGCGTTTA-1	Myeloid	6
CGGACTGGTTATAGAG-1	B	9
CGGACTGGTTCCCTTG-1	B	11
CGGACTGGTTGGCTTA-1	Myeloid	1
CGGACTGTCACATTCT-1	Myeloid	10
CGGACTGTCAGCACTA-1	NK	5
CGGACTGTCAGTACAC-1	B	11
CGGACTGTCCAGTTAG-1	B	19
CGGACTGTCCCAATAG-1	NK	5
CGGACTGTCCTTTGCG-1	Myeloid	15
CGGACTGTCGCCACTT-1	Myeloid	1
CGGACTGTCGGTCCGA-1	NK	7
CGGACTGTCGTTCCGT-1	Myeloid	6
CGGACTGTCTATCTTG-1	B	2
CGGTGCAAGAACTCCT-1	NK	7
CGGTGCAAGCGTAGCA-1	T	4
CGGTGCAAGCTATCCA-1	T	14
CGGTGCAAGGGAGTTC-1	B	17
CGGTGCAAGTAGTTCC-1	B	19
CGGTGCAAGTCACACT-1	B	2
CGGTGCAAGTCCCTCT-1	Myeloid	6
CGGTGCAAGTGGGACT-1	T	14
CGGTGCACAACATAAG-1	NK	3
CGGTGCACAAGGCTTT-1	B	19
CGGTGCACACACTAGT-1	NK	3
CGGTGCACAGCTGATT-1	Stromal	12
CGGTGCACAGGGCTTC-1	B	9
CGGTGCACATGGTAAA-1	B	9
CGGTGCACATTTCACT-1	Myeloid	1
CGGTGCAGTCTAAGAA-1	NK	5
CGGTGCAGTGCCCAGT-1	Myeloid	1
CGGTGCAGTGTAGGAC-1	T	4
CGGTGCAGTGTGAGGT-1	B	2
CGGTGCATCCAGGTAT-1	B	9
CGGTGCATCCATGTTT-1	B	2
CGGTGCATCCTGGGAC-1	B	9
CGGTGCATCGATCTTT-1	B	0
CGGTGCATCGCAAACT-1	NK	3
CGGTGCATCGGTCTAA-1	T	4
CGTAAACAGAGCGGTT-1	NK	3
CGTAAACAGCGTCAAG-1	NK	7
CGTAAACAGCTGAAAT-1	B	11
CGTAAACAGCTTTCCC-1	NK	7
CGTAAACAGTAGACCG-1	Myeloid	1
CGTAAACAGTGTCACT-1	Myeloid	15
CGTAAACAGTTAGAGT-1	NK	3
CGTAAACCAAACGTTC-1	B	2
CGTAAACCAAAGGTCG-1	Myeloid	1
CGTAAACCAAGATTAG-1	T	18
CGTAAACCACACATGT-1	B	2
CGTAAACCAGCGTAGA-1	NK	3
CGTAAACCAGGTTATC-1	B	9
CGTAAACCAGTCAGAG-1	Myeloid	6
CGTAAACCAGTGGTCC-1	T	4
CGTAAACGTAACATAG-1	B	11
CGTAAACGTAAGTGCG-1	B	2
CGTAAACGTCCAAGTT-1	Myeloid	15
CGTAAACGTCTGCGCA-1	B	9
CGTAAACGTGCACATT-1	T	14
CGTAAACGTTCAGTAC-1	B	9
CGTAAACGTTGGTAAA-1	Myeloid	1
CGTAAACTCACGATTG-1	B	9
CGTAAACTCCAATCCC-1	Myeloid	15
CGTAAACTCCTCATTA-1	Myeloid	15
CGTAAACTCGCACCGA-1	B	11
CGTAAACTCGCGTGAC-1	T	18
CGTAAACTCGGACGAA-1	B	17
CGTAAACTCGGATGTT-1	Myeloid	10
CGTACAAAGAAATGGG-1	NK	3
CGTACAAAGCAATGTA-1	NK	7
CGTACAAAGCTACGCC-1	Myeloid	10
CGTACAAAGTCGTACT-1	B	9
CGTACAAAGTGCAACG-1	Myeloid	6
CGTACAACAAAGCTGG-1	B	19
CGTACAACAAGCCCTG-1	NK	3
CGTACAACACTGTCAA-1	Myeloid	10
CGTACAACAGATAAGT-1	Myeloid	1
CGTACAACATGATCGT-1	T	18
CGTACAACATTAAGGA-1	B	9
CGTACAACATTTGGCA-1	T	4
CGTACAACATTTGTTC-1	Stromal	12
CGTACAAGTGCCCGAT-1	Myeloid	6
CGTACAAGTGCGTAGA-1	B	0
CGTACAAGTGTGAGGT-1	B	8
CGTACAAGTGTGTGTT-1	Myeloid	15
CGTACAAGTTACTACG-1	Myeloid	1
CGTACAATCAACTTGG-1	B	11
CGTACAATCATTCTCA-1	B	11
CGTACAATCCTCTCTT-1	Myeloid	6
CGTACAATCGACTTAG-1	NK	7
CGTACAATCGATAGGG-1	B	19
CGTACAATCTCTATCA-1	B	11
CGTACAATCTCTTCTC-1	B	19
CGTGGCAAGATGCGCA-1	T	18
CGTGGCAAGGTCCTCG-1	Myeloid	1
CGTGGCAAGGTTGTGG-1	B	2
CGTGGCAAGTAACATG-1	Myeloid	1
CGTGGCAAGTACCCAT-1	Myeloid	1
CGTGGCACAAACGTTC-1	T	4
CGTGGCACAAGGACCA-1	T	18
CGTGGCACACCGATCG-1	B	16
CGTGGCACAGCGTCGT-1	B	9
CGTGGCACAGTATCTG-1	B	0
CGTGGCACATAGTCCA-1	B	8
CGTGGCACATCGTGAT-1	NK	7
CGTGGCACATGGATGG-1	NK	3
CGTGGCACATTCCCGT-1	B	9
CGTGGCAGTCATCGTA-1	NK	5
CGTGGCAGTCTCAAAC-1	Myeloid	6
CGTGGCAGTCTGAGCC-1	NK	7
CGTGGCAGTTAAGTCC-1	B	8
CGTGGCAGTTCCAGTA-1	Myeloid	1
CGTGGCAGTTCCCAAA-1	B	9
CGTGGCAGTTTGACCA-1	B	2
CGTGGCATCAACGTGT-1	T	4
CGTGGCATCACAACAC-1	T	4
CGTGGCATCATTCGGA-1	B	2
CGTGGCATCCATCTAT-1	Myeloid	15
CGTGGCATCGACTATG-1	B	8
CGTGGCATCGGACGAA-1	Myeloid	10
CGTGGCATCTCGCGGA-1	B	2
CGTTCCAAGAGCGAAA-1	B	9
CGTTCCAAGCGATACG-1	T	4
CGTTCCAAGCTAACAA-1	B	11
CGTTCCAAGGCAATTA-1	Myeloid	1
CGTTCCAAGTAGACCG-1	B	11
CGTTCCAAGTTGGAAT-1	T	18
CGTTCCACAACGTCCG-1	T	14
CGTTCCACAAGCCAGA-1	B	8
CGTTCCACACTCGCAG-1	B	2
CGTTCCACAGAGCCAA-1	T	14
CGTTCCACATCGCTAA-1	T	18
CGTTCCAGTAAACGAT-1	B	2
CGTTCCAGTACGGTTT-1	Myeloid	6
CGTTCCAGTAGCCATT-1	NK	3
CGTTCCAGTAGTCCAT-1	NK	7
CGTTCCAGTCAATACC-1	B	11
CGTTCCAGTCACAGTT-1	NK	5
CGTTCCAGTGAGTTGG-1	T	18
CGTTCCAGTTAGGCTT-1	NK	7
CGTTCCAGTTAGTAGA-1	B	2
CGTTCCATCACTAGGT-1	Myeloid	13
CGTTCCATCACTGATG-1	NK	5
CGTTCCATCAGAGTGG-1	B	8
CGTTCCATCCGTCAAA-1	B	0
CGTTCCATCCTTACGC-1	T	4
CGTTCCATCGCTACCT-1	B	19
CGTTCCATCGGTGATT-1	B	9
CGTTCCATCGTCCCAT-1	Myeloid	6
CGTTCCATCTCTTCTC-1	Stromal	12
CGTTCCATCTTACGGA-1	T	18
CTAACTTAGAAATGGG-1	Myeloid	10
CTAACTTAGAGAACCC-1	T	4
CTAACTTAGAGCCACA-1	NK	7
CTAACTTAGATCACCT-1	Myeloid	6
CTAACTTAGATGCGCA-1	Myeloid	15
CTAACTTAGCAGAAAG-1	Stromal	12
CTAACTTAGCTAGCAG-1	NK	7
CTAACTTAGGTGTTGG-1	Myeloid	10
CTAACTTAGTACGACG-1	NK	5
CTAACTTAGTATCTGC-1	B	9
CTAACTTAGTCACACT-1	Myeloid	15
CTAACTTAGTTGCTTG-1	Myeloid	15
CTAACTTCAGAGTCGA-1	B	8
CTAACTTCAGGCATTT-1	T	4
CTAACTTCAGTAAGCG-1	B	8
CTAACTTCATAGCAGG-1	T	4
CTAACTTCATCACAAC-1	NK	3
CTAACTTCATCAGAAA-1	T	18
CTAACTTCATTCACGA-1	Myeloid	13
CTAACTTGTACGCCCA-1	T	14
CTAACTTGTACTAGAA-1	Stromal	12
CTAACTTGTCTGGTTA-1	T	4
CTAACTTGTGATCAGG-1	NK	3
CTAACTTGTGCGCTCA-1	T	14
CTAACTTGTGTACGCC-1	B	17
CTAACTTGTTCCGGCA-1	Myeloid	1
CTAACTTTCACTGATG-1	Myeloid	1
CTAACTTTCGCCACTT-1	NK	7
CTAACTTTCGGTCCGA-1	NK	3
CTAACTTTCTGAAAGA-1	Myeloid	10
CTACAGAAGACACAAT-1	NK	7
CTACAGAAGATGGGAA-1	B	9
CTACAGAAGCAATGTA-1	B	8
CTACAGAAGCTGAAAT-1	B	16
CTACAGAAGTACGACG-1	Myeloid	6
CTACAGAAGTGAGTTA-1	B	8
CTACAGACAAAGAAGG-1	T	4
CTACAGACAACGTCGC-1	NK	7
CTACAGACAAGAGATT-1	NK	7
CTACAGACACATTCTT-1	T	14
CTACAGACACCATTCC-1	B	16
CTACAGACAGGGCTTC-1	B	9
CTACAGACATGGGAAC-1	Myeloid	1
CTACAGACATTACTTC-1	NK	3
CTACAGAGTACGCAAG-1	B	8
CTACAGAGTACGGAGT-1	Myeloid	1
CTACAGAGTATCTAGC-1	B	19
CTACAGAGTCACATTG-1	B	11
CTACAGAGTCCTCAGG-1	B	17
CTACAGAGTCGATAGG-1	T	4
CTACAGAGTCTGGGCT-1	Myeloid	6
CTACAGAGTGGAAGCT-1	Stromal	12
CTACAGAGTTATAGAG-1	Myeloid	1
CTACAGAGTTTCCACC-1	T	14
CTACAGATCCACCTAC-1	Myeloid	1
CTACAGATCCAGGGAA-1	B	11
CTACAGATCCGTTAGA-1	B	0
CTACAGATCGGAAAGC-1	T	4
CTACAGATCGGAGTTT-1	T	18
CTACTTAAGACGAAAG-1	Myeloid	1
CTACTTAAGAGATTAC-1	Myeloid	6
CTACTTAAGAGTCCGA-1	B	8
CTACTTAAGGACTTTC-1	B	8
CTACTTAAGGCTGGAT-1	B	2
CTACTTAAGTCGGGAT-1	B	8
CTACTTACACACATTG-1	NK	5
CTACTTACACCGATCG-1	Myeloid	6
CTACTTACACTCGCAG-1	T	14
CTACTTACACTGTCAA-1	Stromal	12
CTACTTACAGAAAGAG-1	T	4
CTACTTACATCCTGGG-1	T	4
CTACTTACATGGTAAA-1	B	2
CTACTTAGTAACTGAA-1	NK	7
CTACTTAGTGACGCAA-1	B	11
CTACTTAGTTAGGCTT-1	Stromal	12
CTACTTAGTTATAGAG-1	NK	7
CTACTTATCAACTTGG-1	Myeloid	1
CTACTTATCACTGATG-1	B	11
CTACTTATCCCTAAAG-1	Myeloid	10
CTACTTATCGCGCTGA-1	NK	7
CTACTTATCGTGGGTC-1	Myeloid	1
CTACTTATCTGGCCAG-1	B	19
CTACTTATCTTCGTTA-1	Myeloid	6
CTAGCGGAGACTAATG-1	B	8
CTAGCGGAGAGTAAGG-1	B	9
CTAGCGGAGATGTTCC-1	NK	5
CTAGCGGAGCAACTGG-1	NK	5
CTAGCGGAGGCTGGAT-1	T	14
CTAGCGGAGTAACTCC-1	T	4
CTAGCGGAGTCATACC-1	B	0
CTAGCGGAGTCCGGAA-1	B	11
CTAGCGGAGTTAGCGG-1	Myeloid	6
CTAGCGGAGTTCGACT-1	Myeloid	1
CTAGCGGCAAGCTTTG-1	T	14
CTAGCGGCACAGTTCA-1	B	2
CTAGCGGCACTGCTTC-1	Myeloid	6
CTAGCGGCAGAACTTC-1	NK	7
CTAGCGGCATACAACC-1	Myeloid	6
CTAGCGGCATCACAAC-1	B	11
CTAGCGGCATTGCGAT-1	NK	7
CTAGCGGGTAGTTTGC-1	B	17
CTAGCGGGTATCCTTT-1	T	18
CTAGCGGGTATCTCAG-1	NK	3
CTAGCGGGTCAACTAC-1	NK	7
CTAGCGGGTCAATCCA-1	NK	7
CTAGCGGGTGCCCAGT-1	B	9
CTAGCGGGTTACGCTA-1	B	8
CTAGCGGGTTTAGAAG-1	T	4
CTAGCGGTCACATCCC-1	NK	7
CTAGCGGTCCAAGAGG-1	Myeloid	6
CTAGCGGTCGAACACT-1	B	2
CTAGCGGTCGGTTGTA-1	NK	3
CTAGCGGTCGTCGCAG-1	B	2
CTAGCGGTCTCTGTTA-1	NK	7
CTAGCGGTCTGGCCAG-1	Myeloid	1
CTAGGATAGAGCTCCC-1	B	8
CTAGGATAGATCTAAG-1	B	9
CTAGGATAGCAACGGT-1	T	18
CTAGGATAGCATTGGG-1	NK	3
CTAGGATAGCCCATTA-1	B	19
CTAGGATAGCGCAATG-1	B	9
CTAGGATAGGATGTCG-1	Myeloid	1
CTAGGATAGGATTGCG-1	B	0
CTAGGATAGGGTATCG-1	Myeloid	6
CTAGGATAGTACCCAT-1	T	14
CTAGGATCAAGTCTCA-1	B	11
CTAGGATCACCGTTGG-1	Myeloid	6
CTAGGATCACTGATAC-1	Stromal	12
CTAGGATCAGAATGCG-1	Myeloid	6
CTAGGATCAGCAGGTA-1	NK	7
CTAGGATCAGGACTGA-1	Myeloid	10
CTAGGATCAGTAGGCA-1	NK	3
CTAGGATCATAGCAGG-1	Myeloid	6
CTAGGATCATCGTACA-1	NK	3
CTAGGATGTAAGTGCG-1	B	9
CTAGGATGTATTGTGC-1	Myeloid	1
CTAGGATGTCAGAGTG-1	T	18
CTAGGATGTCCAGACC-1	B	11
CTAGGATGTCCTTATT-1	B	16
CTAGGATGTCGCTACG-1	T	18
CTAGGATGTGCAAAGC-1	T	18
CTAGGATGTGCCAAGA-1	Stromal	12
CTAGGATGTGTGCTTA-1	Myeloid	15
CTAGGATGTTCCATCC-1	Myeloid	1
CTAGGATGTTTAGGAA-1	B	9
CTAGGATTCCACCTAC-1	NK	5
CTAGGATTCCGCTATC-1	B	17
CTAGGATTCGAAGCCC-1	Myeloid	15
CTAGGATTCGGTCCGA-1	NK	7
CTAGGATTCGTATAGC-1	NK	3
CTAGGATTCTAGTCGA-1	B	11
CTAGGATTCTGTGTGA-1	B	19
CTAGGATTCTTGCGCT-1	Myeloid	1
CTAGGATTCTTTATCG-1	NK	3
CTAGGGCAGACCCTAT-1	Myeloid	1
CTAGGGCAGATGTTCC-1	T	14
CTAGGGCAGCATGTGG-1	Myeloid	1
CTAGGGCAGCCTTTGA-1	NK	3
CTAGGGCAGGCCAGTA-1	Myeloid	1
CTAGGGCAGGGAAGCG-1	Myeloid	6
CTAGGGCAGTCAGGAC-1	Myeloid	15
CTAGGGCAGTTGACAA-1	B	0
CTAGGGCCAAGGAACC-1	Myeloid	6
CTAGGGCCACGTACAT-1	NK	3
CTAGGGCCAGACCTGC-1	NK	3
CTAGGGCCAGGACTGA-1	Myeloid	6
CTAGGGCCAGTGGTCC-1	B	8
CTAGGGCCATCGACGC-1	Stromal	12
CTAGGGCCATGGATGG-1	Stromal	12
CTAGGGCCATGGTAAA-1	Myeloid	1
CTAGGGCGTACAAGCG-1	T	14
CTAGGGCGTATCTCAG-1	NK	3
CTAGGGCGTATGAAGT-1	B	11
CTAGGGCGTGGTGGTA-1	B	19
CTAGGGCGTGTCTACA-1	B	0
CTAGGGCTCTATATCC-1	Myeloid	1
CTAGGGCTCTCATCCG-1	B	9
CTAGGGCTCTCGTAGA-1	B	2
CTAGGGCTCTCTATCA-1	B	8
CTAGGGCTCTGTAGAC-1	Myeloid	6
CTAGGGCTCTTACTCA-1	Myeloid	13
CTCAACCAGAAGCCTG-1	NK	7
CTCAACCAGATCACCT-1	Myeloid	6
CTCAACCAGGCCAATG-1	B	2
CTCAACCAGGCTCCTG-1	T	18
CTCAACCAGGGAGATA-1	B	8
CTCAACCAGTCGACCC-1	B	9
CTCAACCAGTGAATAC-1	Stromal	12
CTCAACCCAAGCAACG-1	B	17
CTCAACCCAAGGTCGA-1	Myeloid	10
CTCAACCCAATCCATG-1	B	0
CTCAACCCACAGTTCA-1	B	0
CTCAACCCACTTACAG-1	T	18
CTCAACCCAGAAAGAG-1	Myeloid	1
CTCAACCCAGCAACGA-1	Myeloid	6
CTCAACCCAGCGTAGA-1	T	14
CTCAACCCATGTGAGG-1	NK	7
CTCAACCCATTTGGTG-1	NK	3
CTCAACCGTAGGTAAT-1	Myeloid	6
CTCAACCGTCCCTAAA-1	B	11
CTCAACCGTTACTTTC-1	Myeloid	6
CTCAACCGTTCAGTAC-1	NK	7
CTCAACCGTTTCGACA-1	T	14
CTCAACCTCAATTCCT-1	Myeloid	15
CTCAACCTCATTCGGA-1	T	18
CTCAACCTCCACTAGA-1	B	2
CTCAACCTCCCAGCAG-1	Myeloid	15
CTCAACCTCCTTCGAC-1	Myeloid	6
CTCAACCTCCTTGACC-1	T	14
CTCAACCTCGTATAGC-1	Myeloid	1
CTCAACCTCTTAATCC-1	T	14
CTCAACCTCTTCCAGC-1	NK	5
CTCACCAAGACACGGT-1	Myeloid	6
CTCACCAAGACGTCAG-1	NK	7
CTCACCAAGAGGAACA-1	Myeloid	1
CTCACCAAGAGTAAGG-1	B	11
CTCACCAAGCAGGAGG-1	Myeloid	15
CTCACCAAGCATTGGG-1	B	19
CTCACCAAGCTGCTCG-1	B	19
CTCACCAAGTATAGTG-1	NK	7
CTCACCAAGTCATCTG-1	T	14
CTCACCAAGTTGGAAT-1	B	8
CTCACCACAAAGACGC-1	NK	3
CTCACCACAACTTGGT-1	Myeloid	6
CTCACCACAAGGGAGG-1	Myeloid	6
CTCACCACAAGGTTCT-1	B	11
CTCACCACAATGTGCT-1	B	2
CTCACCACAATTCAGC-1	T	14
CTCACCACACCAAGGA-1	B	11
CTCACCACAGATGGCA-1	B	8
CTCACCACAGCAACGA-1	Myeloid	1
CTCACCACAGGTGTCC-1	B	9
CTCACCACATCAGAAA-1	Myeloid	15
CTCACCACATCCATAG-1	B	11
CTCACCACATGCGCTG-1	B	11
CTCACCACATTTAGGC-1	T	14
CTCACCAGTCAGGCTC-1	Myeloid	6
CTCACCAGTCATAGCT-1	T	18
CTCACCAGTGATAGAT-1	B	17
CTCACCAGTGATTCCA-1	Myeloid	1
CTCACCAGTGGACGAT-1	Myeloid	13
CTCACCAGTGTCCAGC-1	T	14
CTCACCATCCCAGCAG-1	T	4
CTCACCATCCTATCAT-1	B	8
CTCACCATCGATAGGG-1	Myeloid	6
CTCACCATCGATGTAC-1	T	18
CTCACCATCGTCTAGA-1	NK	7
CTCACCATCTCGTAGA-1	T	14
CTCACCATCTTCCAGC-1	Myeloid	6
CTCAGAAAGAGCCTGA-1	Myeloid	15
CTCAGAAAGATGAGGA-1	Myeloid	6
CTCAGAAAGATGCGAC-1	Myeloid	1
CTCAGAAAGTAGAAGG-1	NK	5
CTCAGAACAATCCATG-1	Myeloid	15
CTCAGAACACGGTTAT-1	B	2
CTCAGAACAGGTGGTA-1	NK	7
CTCAGAACATGTATCG-1	B	2
CTCAGAAGTACAACGG-1	T	14
CTCAGAAGTACTTCAG-1	NK	5
CTCAGAAGTATTCGAC-1	Myeloid	10
CTCAGAAGTCACAGTT-1	B	2
CTCAGAAGTCAGCAAG-1	T	14
CTCAGAAGTCCCGAGT-1	B	8
CTCAGAAGTGCTTGAT-1	Myeloid	6
CTCAGAAGTGTAGGAC-1	B	9
CTCAGAAGTTACTACG-1	B	19
CTCAGAATCAGTTGAC-1	NK	5
CTCAGAATCCTCATTA-1	Myeloid	15
CTCAGAATCGCTTACC-1	Myeloid	13
CTCAGAATCTATCCTA-1	B	8
CTCAGCTAGGGAGTTC-1	Stromal	12
CTCAGCTAGTCGTGAG-1	NK	3
CTCAGCTAGTGAATAC-1	Myeloid	10
CTCAGCTAGTTAGCGG-1	T	18
CTCAGCTCAAGTTCGT-1	Myeloid	6
CTCAGCTCACCATTCC-1	NK	5
CTCAGCTCACCGTTGG-1	Myeloid	13
CTCAGCTCACCTGAAT-1	Myeloid	6
CTCAGCTCAGAATGCG-1	NK	3
CTCAGCTCAGCAACCC-1	B	17
CTCAGCTCAGTAAGCG-1	B	9
CTCAGCTCATCTGCAA-1	B	9
CTCAGCTCATTTAGGC-1	NK	7
CTCAGCTCATTTCTTG-1	B	11
CTCAGCTCATTTGGTG-1	Myeloid	6
CTCAGCTGTAACAATG-1	B	8
CTCAGCTGTAACCGAG-1	Myeloid	1
CTCAGCTGTACTTCAG-1	T	14
CTCAGCTGTCACAGGA-1	B	9
CTCAGCTGTCAGACGA-1	Myeloid	1
CTCAGCTGTGAATCGG-1	T	4
CTCAGCTTCAGTCTTT-1	Myeloid	6
CTCAGCTTCCAGAGAG-1	B	2
CTCAGCTTCCATTGTT-1	B	2
CTCAGCTTCCTATCCG-1	Myeloid	6
CTCAGCTTCCTCATTA-1	B	2
CTCAGCTTCGGCATAT-1	NK	7
CTCAGCTTCGGCTATA-1	NK	7
CTCAGCTTCGGGCTCA-1	B	8
CTCAGCTTCGGTCTCT-1	T	18
CTCAGCTTCTAGCAGT-1	NK	7
CTCAGCTTCTGTTGCC-1	T	14
CTCATGCAGACCTATC-1	NK	7
CTCATGCAGCAGGACT-1	T	14
CTCATGCAGCCCATTA-1	B	9
CTCATGCAGGCGTCCT-1	Stromal	12
CTCATGCAGTGTCGGA-1	B	2
CTCATGCCAAAGCATA-1	Myeloid	15
CTCATGCCAACCTCTC-1	B	9
CTCATGCCACACACAT-1	Myeloid	15
CTCATGCCACATAAAG-1	B	8
CTCATGCCACCTACCT-1	B	19
CTCATGCCAGAAAGAG-1	Stromal	12
CTCATGCCATCATAGC-1	Myeloid	1
CTCATGCGTCCGAGCT-1	B	19
CTCATGCGTGTGACCC-1	B	0
CTCATGCTCCCACGGA-1	B	9
CTCATGCTCGCAAACT-1	NK	7
CTCATGCTCGCCCTTA-1	B	2
CTCATGCTCGGGATCC-1	Myeloid	1
CTCATGCTCGTTACAG-1	NK	7
CTCATGCTCTGACTTT-1	B	2
CTCCCAAAGAAGACTT-1	Myeloid	1
CTCCCAAAGGCTCAGA-1	Myeloid	15
CTCCCAAAGGGCGAAG-1	Myeloid	1
CTCCCAAAGGTAAGCC-1	T	18
CTCCCAAAGTTAGAGT-1	B	11
CTCCCAACAACATAAG-1	NK	3
CTCCCAACAAGTTGCT-1	T	14
CTCCCAACAATCATCG-1	B	0
CTCCCAACACCTGTGG-1	B	11
CTCCCAACAGATGGCA-1	Myeloid	10
CTCCCAACAGCAAACG-1	NK	7
CTCCCAACATACCCGG-1	NK	7
CTCCCAACATCATGTG-1	NK	3
CTCCCAACATGCACTA-1	B	11
CTCCCAACATTAGCAC-1	NK	5
CTCCCAAGTAAGCCGA-1	Myeloid	1
CTCCCAAGTACCAAGG-1	T	18
CTCCCAAGTCTGCGCA-1	NK	3
CTCCCAAGTGCACATT-1	Myeloid	6
CTCCCAAGTGCCAAGA-1	NK	7
CTCCCAAGTGGACGAT-1	T	18
CTCCCAAGTTATGCAC-1	B	11
CTCCCAAGTTCGGGAA-1	NK	7
CTCCCAAGTTTCGACA-1	Myeloid	1
CTCCCAATCAATTCCT-1	NK	7
CTCCCAATCACAACAC-1	B	2
CTCCCAATCACGATTG-1	NK	3
CTCCCAATCACTCCCA-1	B	19
CTCCCAATCCGAATTG-1	Myeloid	6
CTCCCAATCGCGGCAT-1	T	14
CTCCCAATCGGATAAA-1	B	2
CTCCCAATCGTTCTAT-1	B	2
CTCCCAATCTCCTTAA-1	NK	3
CTCCCAATCTCGACCT-1	NK	7
CTCCCAATCTCGGCGA-1	B	19
CTCCCAATCTCGTGAA-1	NK	7
CTCGCTAAGAATCAAC-1	T	18
CTCGCTAAGAGAGTTT-1	NK	5
CTCGCTAAGAGCTCCC-1	B	2
CTCGCTAAGCTATCCA-1	T	18
CTCGCTAAGGGAAGCG-1	Myeloid	10
CTCGCTAAGTAACATG-1	B	8
CTCGCTAAGTTCGCGC-1	NK	3
CTCGCTACAATGATGA-1	B	9
CTCGCTACAATGGCAG-1	Myeloid	10
CTCGCTACAATTGTGC-1	B	2
CTCGCTACACTCCTCA-1	B	9
CTCGCTACATAGGCGA-1	Myeloid	10
CTCGCTACATGGGTGA-1	B	11
CTCGCTACATTGCCTC-1	T	18
CTCGCTAGTAATGTGA-1	Myeloid	6
CTCGCTAGTCAGCTTA-1	B	11
CTCGCTAGTGCAAGCA-1	Myeloid	1
CTCGCTAGTGGACAGT-1	Myeloid	6
CTCGCTAGTTAGGAGC-1	B	8
CTCGCTATCAACGTGT-1	B	9
CTCGCTATCCAATCCC-1	NK	7
CTCGCTATCCACCTAC-1	Myeloid	15
CTCGCTATCCCTAAAG-1	T	18
CTCTACGAGCAGGACT-1	Myeloid	10
CTCTACGAGCTGCTCG-1	B	9
CTCTACGAGGATGCCA-1	B	8
CTCTACGAGTCCGGAA-1	NK	3
CTCTACGAGTTATGAG-1	Myeloid	1
CTCTACGCACATGATC-1	B	2
CTCTACGCACCACAGC-1	B	8
CTCTACGCAGCAACAG-1	B	11
CTCTACGCAGGTCCTG-1	B	11
CTCTACGCATCAGAAA-1	B	8
CTCTACGCATGCACTA-1	NK	7
CTCTACGGTAAAGGCC-1	T	14
CTCTACGGTACAACGG-1	NK	7
CTCTACGGTATACGCT-1	NK	7
CTCTACGGTATTCACG-1	B	11
CTCTACGGTCACAGTT-1	T	18
CTCTACGGTCGTCGCA-1	NK	3
CTCTACGGTGTGCTTA-1	B	8
CTCTACGGTGTGTGTT-1	B	2
CTCTACGTCAAGAGAT-1	B	0
CTCTACGTCACGATTG-1	B	9
CTCTACGTCAGCCGGT-1	NK	7
CTCTACGTCCATATCT-1	Stromal	12
CTCTACGTCTCGCGTT-1	B	11
CTCTACGTCTGGTACA-1	T	18
CTCTAGCAGAGGAATG-1	Myeloid	6
CTCTAGCAGCCTCGCA-1	B	9
CTCTAGCAGCCTGTAT-1	NK	3
CTCTAGCCAAGGTCGA-1	B	19
CTCTAGCCACAAACGG-1	NK	5
CTCTAGCCACGCTAAT-1	B	11
CTCTAGCCACGCTCAG-1	NK	7
CTCTAGCCACGTACAT-1	B	11
CTCTAGCCACTCAAGT-1	NK	3
CTCTAGCCAGTTGGAG-1	Myeloid	6
CTCTAGCCATAGCCGC-1	B	8
CTCTAGCCATAGGCGA-1	B	19
CTCTAGCCATCATGTG-1	Myeloid	6
CTCTAGCGTATTCTGG-1	B	16
CTCTAGCGTCACAGGA-1	NK	5
CTCTAGCGTCCTTATT-1	T	4
CTCTAGCGTGCATCAT-1	Myeloid	1
CTCTAGCGTTTCCGGG-1	T	18
CTCTAGCGTTTCCTAT-1	NK	3
CTCTAGCTCAGAGTGG-1	Myeloid	10
CTCTAGCTCATGTTCT-1	T	18
CTCTAGCTCCAGAGAG-1	Stromal	12
CTCTAGCTCCGGGCAT-1	Myeloid	15
CTCTAGCTCCTAAGTG-1	T	14
CTCTAGCTCGCCGAAC-1	NK	3
CTCTAGCTCTTATCAC-1	Myeloid	6
CTCTCAGAGAAATTCG-1	Myeloid	1
CTCTCAGAGAAGCCGT-1	Myeloid	6
CTCTCAGAGATCTAAG-1	Myeloid	1
CTCTCAGAGGAGGCGA-1	Myeloid	1
CTCTCAGAGTAACACA-1	NK	3
CTCTCAGAGTGATTAG-1	T	14
CTCTCAGCAACTACTG-1	Myeloid	6
CTCTCAGCAAGGAACC-1	Stromal	12
CTCTCAGCAATCAGGG-1	Myeloid	13
CTCTCAGCACGTTAGT-1	B	9
CTCTCAGCAGCCACGT-1	Myeloid	1
CTCTCAGCAGTTCGGC-1	Myeloid	1
CTCTCAGGTACCTATG-1	B	16
CTCTCAGGTACGTAAA-1	Myeloid	1
CTCTCAGGTCAAACAA-1	Myeloid	10
CTCTCAGGTGATTCCA-1	Myeloid	10
CTCTCAGGTTTCGATG-1	B	11
CTCTCAGTCCGTTAGA-1	B	2
CTCTCAGTCCTCCAGT-1	B	11
CTCTCAGTCGATAGGG-1	T	14
CTCTCAGTCGCCCTTA-1	T	14
CTCTCAGTCGCGCTGA-1	B	9
CTCTCAGTCTAGCAAC-1	B	11
CTCTCAGTCTCTTCCT-1	B	9
CTCTCAGTCTGATCTT-1	NK	7
CTCTCAGTCTGGAAGG-1	Myeloid	6
CTCTCAGTCTGTTTAC-1	B	9
CTCTCAGTCTTTATCG-1	NK	7
CTCTCGAAGAAAGGGT-1	B	8
CTCTCGAAGCAGAAAG-1	NK	7
CTCTCGAAGGGCGAAG-1	B	8
CTCTCGAAGGTCTTTG-1	B	11
CTCTCGAAGTCTCGAT-1	Myeloid	6
CTCTCGAAGTTACCAC-1	Myeloid	1
CTCTCGAAGTTGTCCA-1	Myeloid	1
CTCTCGACAAACGACG-1	B	19
CTCTCGACAAGTCTGT-1	Myeloid	1
CTCTCGACAAGTTCGT-1	T	4
CTCTCGACACACATTG-1	T	4
CTCTCGACAGTAGTTC-1	Myeloid	1
CTCTCGAGTAAACCCT-1	Myeloid	1
CTCTCGAGTAACACTC-1	NK	3
CTCTCGAGTACAAATG-1	Myeloid	6
CTCTCGAGTACAAGCG-1	NK	7
CTCTCGAGTATACGCT-1	T	4
CTCTCGAGTATTCTTC-1	B	17
CTCTCGAGTGAATGGC-1	NK	7
CTCTCGATCCGTCAAA-1	T	4
CTCTCGATCGAGGTAG-1	Myeloid	6
CTCTCGATCTCTGTTA-1	Myeloid	1
CTCTCGATCTCTTAAC-1	T	18
CTCTCGATCTGTGTGA-1	NK	3
CTGAATGAGAGCACTG-1	Myeloid	1
CTGAATGAGATCGATA-1	Myeloid	6
CTGAATGAGCAGAATT-1	B	11
CTGAATGAGCATTCCA-1	B	2
CTGAATGAGCCTGTAT-1	NK	7
CTGAATGAGCGCAATG-1	B	8
CTGAATGAGTCGTACT-1	B	2
CTGAATGCAAGATTAG-1	B	9
CTGAATGCACGCCGAT-1	T	14
CTGAATGCACGCTGTG-1	B	2
CTGAATGCACTCCCAT-1	Myeloid	1
CTGAATGCACTGTCAA-1	B	9
CTGAATGCATGTCCCT-1	Myeloid	1
CTGAATGGTGCCAAGA-1	B	19
CTGAATGGTGCGTTTA-1	NK	7
CTGAATGGTGCTTTGA-1	Myeloid	1
CTGAATGTCACAGGGA-1	T	4
CTGAATGTCGATGAAA-1	B	2
CTGAATGTCGCTAGTA-1	T	14
CTGAATGTCTCTTAAC-1	NK	5
CTGCGTTAGACTCGGA-1	NK	3
CTGCGTTAGCTGGAGT-1	B	9
CTGCGTTAGTGAGCTG-1	Myeloid	13
CTGCGTTCAAACCTAC-1	Myeloid	6
CTGCGTTCAAAGAGAG-1	T	4
CTGCGTTCAACGCACC-1	NK	7
CTGCGTTCAACTCGTA-1	T	4
CTGCGTTCAAGGATGC-1	Myeloid	6
CTGCGTTCAATTCGTG-1	Myeloid	10
CTGCGTTCAGCGCGTT-1	B	2
CTGCGTTGTAACATAG-1	Myeloid	13
CTGCGTTGTACGAGAC-1	Myeloid	6
CTGCGTTGTACGGATG-1	Myeloid	1
CTGCGTTGTCAGAGTG-1	T	18
CTGCGTTGTCATTGGT-1	Myeloid	1
CTGCGTTGTCCATTGA-1	B	19
CTGCGTTGTCTGCGCA-1	Myeloid	1
CTGCGTTGTGAGCTAG-1	NK	7
CTGCGTTGTGCCCGAT-1	Myeloid	6
CTGCGTTGTTGGGAAC-1	T	4
CTGCGTTTCGATGCAT-1	B	8
CTGCGTTTCTCAGATG-1	B	9
CTGCTCAAGATGCGAC-1	B	11
CTGCTCAAGGTTCGTT-1	Myeloid	6
CTGCTCAAGTAACATG-1	Myeloid	13
CTGCTCAAGTGGACGT-1	B	9
CTGCTCACAACGCACC-1	B	11
CTGCTCACAACTCGAT-1	Myeloid	15
CTGCTCACAGAATGCG-1	B	9
CTGCTCACATGGATGG-1	Myeloid	1
CTGCTCACATGGGAAC-1	Myeloid	6
CTGCTCAGTAGAACGC-1	T	4
CTGCTCAGTCAATACC-1	NK	5
CTGCTCAGTCATCAAC-1	T	4
CTGCTCAGTCATGAGG-1	B	11
CTGCTCAGTGCTGTGC-1	NK	7
CTGCTCAGTGTGTGTT-1	B	19
CTGCTCAGTTTCTTAC-1	B	9
CTGCTCAGTTTGATCG-1	Myeloid	1
CTGCTCATCACTAGGT-1	NK	5
CTGCTCATCAGTACAC-1	B	2
CTGCTCATCCTTTGCG-1	Myeloid	6
CTGCTCATCGGTCTCT-1	Myeloid	1
CTGCTCATCGTTGTTT-1	B	19
CTGCTCATCTATCTAC-1	Stromal	12
CTGCTCATCTCTGCAC-1	Myeloid	15
CTGCTCATCTGATCCC-1	Stromal	12
CTGCTCATCTTCCACG-1	B	11
CTGGCAGAGAACTCCT-1	B	11
CTGGCAGAGAATCAGT-1	B	2
CTGGCAGAGACTCGGA-1	T	4
CTGGCAGAGACTTGAA-1	Myeloid	6
CTGGCAGAGCCCATGC-1	B	9
CTGGCAGAGGGTCCCT-1	NK	7
CTGGCAGAGGGTTCCC-1	Myeloid	1
CTGGCAGAGTAGTGTA-1	T	18
CTGGCAGAGTCCCTCT-1	B	11
CTGGCAGAGTTGCCGC-1	B	8
CTGGCAGCAGGTGTGA-1	B	8
CTGGCAGCAGTTGGAG-1	B	19
CTGGCAGCATGCGCTG-1	T	18
CTGGCAGGTAAACGAT-1	B	2
CTGGCAGGTAGACACG-1	T	18
CTGGCAGGTCCTCAGG-1	B	16
CTGGCAGGTCGAGGTA-1	B	19
CTGGCAGGTCGTAGTT-1	NK	7
CTGGCAGGTCTGCACG-1	Myeloid	15
CTGGCAGGTGCTTACA-1	Myeloid	1
CTGGCAGGTTACACTG-1	B	19
CTGGCAGGTTAGTAGA-1	Myeloid	6
CTGGCAGGTTGCTTGA-1	Myeloid	10
CTGGCAGGTTTGACCA-1	Myeloid	1
CTGGCAGTCAAATGGA-1	NK	7
CTGGCAGTCCAGCACG-1	T	18
CTGGCAGTCCTGTAGA-1	NK	7
CTGGCAGTCGCCAGAC-1	Myeloid	1
CTGGCAGTCGGATAGG-1	B	17
CTGGCAGTCTCGACCT-1	T	4
CTGGCAGTCTGAACGT-1	Myeloid	6
CTGGCAGTCTGGGCGT-1	B	8
CTGGGACAGAAATCTG-1	NK	7
CTGGGACAGAGTAAGG-1	B	16
CTGGGACAGCGTCAAG-1	NK	7
CTGGGACAGTGAATAC-1	T	18
CTGGGACAGTGAGTGC-1	B	19
CTGGGACCAAAGACGC-1	Myeloid	10
CTGGGACCAATAGCGG-1	Myeloid	6
CTGGGACCACCGTCTT-1	B	19
CTGGGACCACCTGGTG-1	T	18
CTGGGACCAGCAAACG-1	B	16
CTGGGACCAGGCACAA-1	Myeloid	6
CTGGGACCAGTATACC-1	B	17
CTGGGACCATCGTGAT-1	NK	3
CTGGGACCATTCGTCC-1	B	16
CTGGGACCATTTCTTG-1	NK	7
CTGGGACGTAAAGCTA-1	Myeloid	1
CTGGGACGTACTATGC-1	T	14
CTGGGACGTCCAAGTT-1	B	9
CTGGGACGTCTCGGGT-1	Myeloid	6
CTGGGACGTGTAGGAC-1	T	18
CTGGGACGTTCCCAAA-1	B	11
CTGGGACTCATTGCCC-1	B	11
CTGGGACTCCCAATAG-1	B	8
CTGGGACTCCGCCTAT-1	T	4
CTGGGACTCCTAGAGT-1	Myeloid	1
CTGGGACTCGGTTAGT-1	Myeloid	1
CTGGGACTCGTGGCGT-1	B	11
CTGGGACTCTCCCTTT-1	B	9
CTGGGACTCTCTATCA-1	B	8
CTGTATTAGAAATGGG-1	Myeloid	13
CTGTATTAGACCCATT-1	B	19
CTGTATTAGGCAGATC-1	Myeloid	1
CTGTATTAGGCTTTAC-1	Myeloid	15
CTGTATTAGGGTAATT-1	NK	7
CTGTATTAGGTTGTTC-1	Myeloid	10
CTGTATTCAAAGACGC-1	B	0
CTGTATTCAGACCTGC-1	Myeloid	15
CTGTATTCAGGCTACC-1	T	18
CTGTATTCAGTCAGCC-1	T	4
CTGTATTCAGTTAAAG-1	B	16
CTGTATTGTAGTTTGC-1	NK	7
CTGTATTGTCCAACCG-1	Myeloid	1
CTGTATTGTCCCTAAA-1	B	8
CTGTATTGTTAAGTCC-1	B	11
CTGTATTGTTCTCGAA-1	T	14
CTGTATTGTTGGTAAA-1	Stromal	12
CTGTATTTCCATACGA-1	B	8
CTGTATTTCCCAGTAA-1	T	4
CTGTATTTCGAACCGC-1	Stromal	12
CTGTATTTCGCACCGA-1	B	2
CTGTATTTCGTGTGCG-1	Myeloid	6
CTGTATTTCTTAATCC-1	T	4
CTGTATTTCTTCATAC-1	Myeloid	10
CTGTTCGAGAACGCCA-1	Myeloid	1
CTGTTCGAGAATCAAC-1	B	19
CTGTTCGAGAGAGTTT-1	Myeloid	6
CTGTTCGAGCGCACAA-1	Myeloid	15
CTGTTCGAGTACAGAT-1	T	14
CTGTTCGAGTTCGTTG-1	B	11
CTGTTCGCAATCACTG-1	Myeloid	6
CTGTTCGCACCCTTAC-1	B	9
CTGTTCGCACCGAAAG-1	B	11
CTGTTCGCACTGTCAA-1	B	2
CTGTTCGCAGGTAGCA-1	Myeloid	10
CTGTTCGCATCAACTG-1	B	2
CTGTTCGCATCGCCTT-1	Myeloid	6
CTGTTCGCATTTGGCA-1	T	18
CTGTTCGGTACTTCGA-1	Myeloid	1
CTGTTCGGTAGAACGC-1	B	2
CTGTTCGGTAGCGAGT-1	NK	3
CTGTTCGGTCTGGTCG-1	B	2
CTGTTCGGTGCTTACA-1	T	4
CTGTTCGGTTAACTCG-1	Myeloid	1
CTGTTCGTCACGTGTA-1	Myeloid	1
CTGTTCGTCAGTCTTT-1	T	18
CTGTTCGTCGATCGCG-1	Myeloid	6
CTGTTCGTCTGAGTCA-1	Myeloid	6
CTTAATCAGAGTCCGA-1	Myeloid	1
CTTAATCAGCACCATT-1	Myeloid	15
CTTAATCCAAGATGCG-1	Myeloid	1
CTTAATCCAAGCCTTA-1	B	8
CTTAATCCACATAAAG-1	Myeloid	6
CTTAATCCACATATCG-1	T	14
CTTAATCCACCAAGGA-1	Myeloid	1
CTTAATCCACTCAAGT-1	T	4
CTTAATCCAGGACCTC-1	B	11
CTTAATCCAGTCAGAG-1	NK	5
CTTAATCCATCCGTGG-1	Stromal	12
CTTAATCCATTCACCC-1	T	4
CTTAATCGTCAATCCA-1	B	8
CTTAATCGTCACATTG-1	T	18
CTTAATCGTGCTTTGA-1	Myeloid	15
CTTAATCGTGGAAGCT-1	Myeloid	6
CTTAATCGTTGGCTTA-1	NK	7
CTTAATCGTTTGAAGA-1	T	4
CTTAATCTCAAGGCCC-1	B	9
CTTAATCTCCATAACG-1	B	11
CTTAATCTCCCGTAGG-1	B	11
CTTAATCTCCCTATTA-1	Stromal	12
CTTAATCTCGTCCCAT-1	B	9
CTTAATCTCGTCGCAG-1	B	2
CTTAATCTCTGAAAGA-1	B	16
CTTAATCTCTGGCCAG-1	Myeloid	15
CTTAATCTCTGGCGCA-1	Myeloid	1
CTTAATCTCTTATCAC-1	Myeloid	10
CTTCCAGAGGAAGAAC-1	Myeloid	1
CTTCCAGAGGGAGATA-1	B	2
CTTCCAGAGTGATAAC-1	B	11
CTTCCAGCAACAAACA-1	NK	7
CTTCCAGCAAGCCAGA-1	B	2
CTTCCAGCAAGCCCTG-1	B	2
CTTCCAGCAAGGGTAC-1	Myeloid	1
CTTCCAGCACAGGTAG-1	B	9
CTTCCAGCACAGTTAC-1	T	18
CTTCCAGCACCTATTT-1	Myeloid	10
CTTCCAGCAGGTCTGC-1	NK	7
CTTCCAGCATGCGTTA-1	T	14
CTTCCAGGTAGTCTGT-1	T	4
CTTCCAGGTATTCTTC-1	Myeloid	6
CTTCCAGGTCGTAATC-1	B	17
CTTCCAGGTCTGATTG-1	Myeloid	15
CTTCCAGTCAATTGGC-1	Myeloid	15
CTTCCAGTCACTTACT-1	Myeloid	6
CTTCCAGTCAGGAATA-1	B	19
CTTCCAGTCCAGAGAG-1	NK	7
CTTCCAGTCCATCATT-1	NK	7
CTTCCAGTCGCAACTA-1	NK	7
CTTCCAGTCTCCACTG-1	B	17
CTTCTAAAGCTGAATA-1	B	16
CTTCTAAAGGCCAGTA-1	B	2
CTTCTAAAGTCTTAGC-1	Myeloid	6
CTTCTAAAGTGTCCCG-1	Myeloid	15
CTTCTAACAACGAGGT-1	NK	7
CTTCTAACAATCCATG-1	NK	3
CTTCTAACACAAGGGT-1	Myeloid	13
CTTCTAACACTTTGGA-1	NK	7
CTTCTAACAGTTGGAG-1	B	11
CTTCTAACATTACTTC-1	Myeloid	6
CTTCTAAGTAGAATAC-1	T	4
CTTCTAAGTAGTGATA-1	NK	3
CTTCTAAGTATCATGC-1	NK	3
CTTCTAAGTATTTGCG-1	Myeloid	10
CTTCTAAGTCCTATTT-1	Myeloid	6
CTTCTAAGTGCACATT-1	NK	3
CTTCTAAGTGCTTGAT-1	T	14
CTTCTAAGTTAAGGGC-1	Myeloid	6
CTTCTAAGTTCCCGGA-1	Myeloid	1
CTTCTAAGTTTGCCCT-1	T	18
CTTCTAATCAGTGGTT-1	Myeloid	6
CTTCTAATCATCGCCT-1	Stromal	12
CTTCTAATCCTGAAAC-1	B	8
CTTCTAATCGCGATGC-1	NK	3
CTTCTAATCTCGACAA-1	B	8
CTTCTAATCTCGTGAA-1	NK	5
CTTCTAATCTTTGCAT-1	B	8
CTTGAAGAGAAATACC-1	B	19
CTTGAAGAGAAATGGG-1	Myeloid	13
CTTGAAGAGATGGGAA-1	Stromal	12
CTTGAAGAGCAACGGT-1	B	16
CTTGAAGAGGCTTTAC-1	Myeloid	6
CTTGAAGAGGGTCTGA-1	NK	7
CTTGAAGAGTACCCAT-1	T	14
CTTGAAGAGTCGCCTG-1	Myeloid	6
CTTGAAGAGTCTGCTA-1	B	0
CTTGAAGCAATTCTCT-1	T	14
CTTGAAGCAATTGCCA-1	Myeloid	1
CTTGAAGCACACACCG-1	B	8
CTTGAAGCACCTACCT-1	T	14
CTTGAAGCAGGTCCTG-1	B	9
CTTGAAGCATGACTGT-1	NK	7
CTTGAAGGTAGGTGAC-1	Myeloid	6
CTTGAAGGTCTGAGCC-1	T	4
CTTGAAGGTGAGCTAG-1	T	14
CTTGAAGGTTACGAAA-1	NK	5
CTTGAAGGTTTCACCC-1	T	14
CTTGAAGGTTTGCCAA-1	NK	3
CTTGAAGTCATACTTC-1	B	2
CTTGAAGTCCCGTATC-1	Myeloid	15
CTTGAAGTCGAGGTCC-1	Myeloid	1
CTTGAAGTCGCAAGCC-1	T	18
CTTGAAGTCGGGCTCA-1	NK	3
CTTGAAGTCTCGACCT-1	Myeloid	1
CTTGAAGTCTGATCTT-1	B	8
CTTGAAGTCTGTGTCC-1	B	11
CTTGCCAAGAAGAGTG-1	B	8
CTTGCCAAGGAATGGA-1	NK	7
CTTGCCAAGGAGTAGA-1	T	14
CTTGCCAAGGGTGTTG-1	NK	3
CTTGCCAAGGTCGTTT-1	B	2
CTTGCCAAGTAGTCGG-1	B	11
CTTGCCAAGTATCTGC-1	NK	7
CTTGCCAAGTCAACTC-1	T	4
CTTGCCAAGTTGCGCC-1	B	9
CTTGCCACAAAGGTCG-1	B	9
CTTGCCACACAATAAG-1	B	2
CTTGCCACACCACAGC-1	B	2
CTTGCCACAGTTGCAT-1	T	18
CTTGCCACATCGACCG-1	B	9
CTTGCCACATGATCGT-1	B	19
CTTGCCACATTCGTCC-1	B	2
CTTGCCAGTAACGGAC-1	NK	7
CTTGCCAGTATTCTGG-1	NK	7
CTTGCCAGTCTGGGCT-1	NK	7
CTTGCCAGTGTCTCGG-1	B	8
CTTGCCAGTTAGCTCA-1	T	18
CTTGCCAGTTGAATAG-1	Myeloid	1
CTTGCCATCTGGAAGG-1	Myeloid	6
CTTGCCATCTTAGTGG-1	Myeloid	10
CTTGCTGAGACTAGGC-1	Myeloid	10
CTTGCTGAGATCTAAG-1	B	9
CTTGCTGAGCACGTAG-1	Myeloid	1
CTTGCTGAGCGTTGCC-1	Myeloid	1
CTTGCTGAGGCTCCTG-1	B	19
CTTGCTGAGGGTATCG-1	NK	7
CTTGCTGAGTGAACCG-1	T	4
CTTGCTGCAAATGCTC-1	Myeloid	6
CTTGCTGCAACGACAG-1	B	2
CTTGCTGCAATCATCG-1	Myeloid	13
CTTGCTGCACAGGTAG-1	B	11
CTTGCTGCAGGCAGAT-1	NK	7
CTTGCTGCATAAAGTG-1	Stromal	12
CTTGCTGCATCGTACA-1	NK	3
CTTGCTGCATCTGCAA-1	B	19
CTTGCTGCATTACACG-1	Myeloid	6
CTTGCTGGTACCCACG-1	B	11
CTTGCTGGTCAGCTTA-1	Myeloid	1
CTTGCTGGTCCTCAGG-1	NK	7
CTTGCTGGTCTAAAGA-1	B	9
CTTGCTGGTCTGAGCC-1	B	11
CTTGCTGGTTACCACA-1	B	19
CTTGCTGGTTATCGAC-1	T	4
CTTGCTGGTTCCCAAA-1	T	18
CTTGCTGTCAACACGT-1	B	8
CTTGCTGTCAGCCGGT-1	B	16
CTTGCTGTCCATACCC-1	NK	7
CTTGCTGTCCCAGCAG-1	NK	7
CTTGCTGTCGCCCTTA-1	T	18
CTTGTCGAGAACGCCA-1	NK	7
CTTGTCGAGAATGCTA-1	B	19
CTTGTCGAGATCTCAC-1	B	16
CTTGTCGAGATTACGA-1	Myeloid	10
CTTGTCGAGCCGCAAA-1	T	4
CTTGTCGAGCGTCAAG-1	T	14
CTTGTCGAGTACAGTA-1	T	14
CTTGTCGCAAAGGTCG-1	Myeloid	6
CTTGTCGCAACTCAAC-1	Myeloid	1
CTTGTCGCACCTGGTG-1	NK	3
CTTGTCGCACGACGAA-1	B	11
CTTGTCGCAGCGTGAA-1	NK	7
CTTGTCGCATGCCCTT-1	Myeloid	1
CTTGTCGCATTTCTTG-1	B	17
CTTGTCGGTAGGGTTG-1	Myeloid	6
CTTGTCGGTAGTGATA-1	T	14
CTTGTCGGTCTGTTGA-1	B	11
CTTGTCGGTGACCAGA-1	B	11
CTTGTCGGTGTCGTCG-1	T	14
CTTGTCGGTTCCAATG-1	B	2
CTTGTCGGTTTGTGAC-1	Myeloid	1
CTTGTCGTCCACTAGA-1	NK	7
CTTGTCGTCTGAGTCA-1	Myeloid	1
CTTGTCGTCTTAACGG-1	NK	3
CTTTGCGAGAAGGGCG-1	Myeloid	6
CTTTGCGAGAGTTCGG-1	NK	7
CTTTGCGAGCATACCT-1	Myeloid	6
CTTTGCGAGGATATCA-1	Myeloid	10
CTTTGCGAGTACAACA-1	T	18
CTTTGCGAGTAGAAGG-1	B	9
CTTTGCGAGTGAATAC-1	Myeloid	6
CTTTGCGAGTGCACAG-1	Myeloid	6
CTTTGCGCAAACCTAC-1	NK	7
CTTTGCGCAAATGCTC-1	Myeloid	1
CTTTGCGCAAGGACCA-1	Myeloid	6
CTTTGCGCAATGACTC-1	T	4
CTTTGCGCACCCTTAC-1	NK	7
CTTTGCGCACTGTCAA-1	Myeloid	1
CTTTGCGCACTTACAG-1	Myeloid	6
CTTTGCGGTAGGTCTT-1	T	4
CTTTGCGGTCTGTGTA-1	NK	7
CTTTGCGGTTGAATAG-1	B	2
CTTTGCGTCAGGCCGT-1	NK	3
CTTTGCGTCCACGGCA-1	B	8
CTTTGCGTCCGAATTG-1	Myeloid	6
CTTTGCGTCCTGACCT-1	B	2
CTTTGCGTCGGTAGGA-1	B	11
CTTTGCGTCGTGGAAG-1	T	4
CTTTGCGTCTCGCGTT-1	Myeloid	1
CTTTGCGTCTGAACGT-1	B	2
CTTTGCGTCTGTCGGG-1	T	14
GAAACAAAGGCAGTAC-1	NK	7
GAAACAACAACGTCCG-1	T	14
GAAACAACAACTTGGT-1	Stromal	12
GAAACAACACCCTTAC-1	T	4
GAAACAACACTCAAGT-1	B	19
GAAACAACAGAGAGAA-1	NK	3
GAAACAACAGGAGCAT-1	Myeloid	6
GAAACAACATACAACC-1	Myeloid	10
GAAACAACATATTGGC-1	Myeloid	1
GAAACAACATTGTGAC-1	B	8
GAAACAAGTAAAGCTA-1	NK	7
GAAACAAGTAATGCAA-1	B	9
GAAACAAGTACGGAGT-1	T	18
GAAACAAGTATGGTTC-1	Myeloid	6
GAAACAAGTCGTAATC-1	T	4
GAAACAAGTGATAACA-1	NK	3
GAAACAAGTGCGCTCA-1	Myeloid	10
GAAACAAGTGCTGGCT-1	B	8
GAAACAAGTTACACTG-1	Myeloid	1
GAAACAAGTTCAGAAA-1	Myeloid	10
GAAACAATCGAGGTCC-1	B	17
GAAACAATCGCTATAG-1	T	18
GAAACAATCTAGCAAC-1	T	14
GAAACAATCTCGGCGA-1	B	16
GAAACAATCTCTGCGT-1	B	9
GAAACAATCTGTCGGG-1	B	9
GAAACAATCTTCCACG-1	Myeloid	6
GAAACAATCTTGGCCT-1	B	11
GAAAGTAAGACTCTTG-1	NK	7
GAAAGTAAGATGTTGA-1	Myeloid	1
GAAAGTAAGCAACTGG-1	B	11
GAAAGTAAGGAAGGTA-1	B	17
GAAAGTAAGGATGTAT-1	Myeloid	1
GAAAGTAAGGTAAGTT-1	T	14
GAAAGTAAGTGCTAGG-1	Myeloid	1
GAAAGTAAGTTCAAGA-1	Myeloid	1
GAAAGTACAAATTCCG-1	B	16
GAAAGTACAAGACACG-1	T	18
GAAAGTACAGTCCTGG-1	T	14
GAAAGTACATAGAATG-1	B	8
GAAAGTACATAGGCGA-1	NK	7
GAAAGTAGTAGATGAT-1	B	19
GAAAGTAGTCATTGGT-1	Myeloid	1
GAAAGTAGTCGTAATC-1	B	2
GAAAGTAGTCTAACCA-1	B	19
GAAAGTAGTTCCCGGA-1	T	14
GAAAGTAGTTCTGATG-1	Stromal	12
GAAAGTATCAATCGTG-1	NK	3
GAAAGTATCACTAGCA-1	Myeloid	6
GAAAGTATCAGAGTGG-1	Myeloid	1
GAAAGTATCAGTTGAC-1	B	9
GAAAGTATCATCGCCT-1	B	2
GAAAGTATCCATACGA-1	Myeloid	10
GAAAGTATCGTCGCAG-1	Stromal	12
GAAATGAAGAGGCGGA-1	NK	3
GAAATGAAGAGTTTGA-1	B	2
GAAATGAAGCAGTAGC-1	B	8
GAAATGAAGCGCACAA-1	Stromal	12
GAAATGAAGCGTCAAG-1	Stromal	12
GAAATGAAGTCAGCCC-1	B	9
GAAATGACAACGTAGG-1	NK	7
GAAATGACAACTCAAC-1	T	4
GAAATGACAAGCCCTG-1	NK	3
GAAATGACAAGCCTTA-1	NK	7
GAAATGACACATTCTT-1	NK	3
GAAATGACACCGTCTT-1	Myeloid	6
GAAATGACAGCGTGAA-1	T	4
GAAATGACAGGATGTG-1	Myeloid	6
GAAATGACAGGCTACC-1	B	9
GAAATGACATTATGGC-1	Myeloid	13
GAAATGAGTAACGGCA-1	NK	7
GAAATGAGTACCCATA-1	T	18
GAAATGAGTCGGCTGT-1	B	0
GAAATGAGTCTGTGTA-1	NK	3
GAAATGAGTGCTGGCT-1	Myeloid	6
GAAATGAGTTCTGATG-1	Myeloid	1
GAAATGATCAAGAGGC-1	Myeloid	10
GAAATGATCAGTGTGT-1	B	11
GAAATGATCCTAAGTG-1	NK	3
GAAATGATCCTATCAT-1	B	9
GAAATGATCCTCATTA-1	Myeloid	1
GAAATGATCGCCAGAC-1	Myeloid	6
GAAATGATCGCTAGTA-1	Myeloid	6
GAAATGATCGCTTGAA-1	Myeloid	1
GAAATGATCGGGAATG-1	B	9
GAAATGATCGTCTAGA-1	NK	7
GAAATGATCTTCAGAG-1	Myeloid	1
GAACCGCAGATGAGGA-1	NK	7
GAACCGCAGCCATCAT-1	B	2
GAACCGCAGGTGTCGA-1	B	2
GAACCGCCAAACCCTA-1	B	11
GAACCGCCAAACTACC-1	Stromal	12
GAACCGCCAAAGCATA-1	B	9
GAACCGCCACCACCAG-1	NK	5
GAACCGCCACTTGCGG-1	Myeloid	1
GAACCGCCAGAATGCG-1	NK	5
GAACCGCCATCCGTGG-1	Myeloid	1
GAACCGCCATTAGCAC-1	B	8
GAACCGCGTACGCCCA-1	Stromal	12
GAACCGCGTAGGGTTG-1	B	9
GAACCGCGTATCTGCA-1	B	11
GAACCGCGTCTGGATT-1	B	9
GAACCGCGTTCATTTC-1	NK	3
GAACCGCTCAATTGGC-1	B	11
GAACCGCTCCAGGCCA-1	NK	7
GAACCGCTCCAGGTCG-1	T	18
GAACCGCTCCATCATT-1	Myeloid	10
GAACCGCTCCTTTGCG-1	Myeloid	13
GAACCGCTCGTCCCAT-1	Myeloid	1
GAACCGCTCTATCTAC-1	Myeloid	13
GAACCGCTCTGGCGCA-1	Myeloid	1
GAACCTAAGATGTTCC-1	B	2
GAACCTAAGGCTTAAA-1	Myeloid	6
GAACCTAAGGGAAATG-1	Myeloid	1
GAACCTAAGTACCACT-1	Myeloid	6
GAACCTAAGTAGACCG-1	B	9
GAACCTAAGTAGCAAT-1	NK	5
GAACCTAAGTCCGGAA-1	Myeloid	1
GAACCTACAAACAGTA-1	B	2
GAACCTACAACAACTC-1	NK	7
GAACCTACAACACGGA-1	B	16
GAACCTACAACGTAGG-1	B	11
GAACCTACAAGCAGGT-1	T	18
GAACCTACAAGTCTGT-1	Myeloid	6
GAACCTACACAGGAAC-1	T	4
GAACCTACACTCAAGT-1	Myeloid	6
GAACCTACAGCGTAGA-1	Stromal	12
GAACCTACATGCTATG-1	NK	7
GAACCTACATTACACG-1	B	9
GAACCTAGTAAAGGCC-1	NK	3
GAACCTAGTAAGGTCG-1	B	11
GAACCTAGTAATGTGA-1	B	11
GAACCTAGTACTTGAC-1	B	2
GAACCTAGTAGACACG-1	Myeloid	6
GAACCTAGTAGATGAT-1	B	19
GAACCTAGTCCAAGAG-1	T	18
GAACCTAGTCCACCAG-1	B	9
GAACCTAGTCGAGGAT-1	B	16
GAACCTAGTCTCAAAC-1	T	4
GAACCTAGTCTGATTG-1	Myeloid	1
GAACCTAGTCTGGTTA-1	T	18
GAACCTAGTTCAGAAA-1	NK	7
GAACCTAGTTTGTCTT-1	T	18
GAACCTATCACACGTA-1	NK	7
GAACCTATCAGAATGA-1	NK	5
GAACCTATCATTCGGA-1	Myeloid	6
GAACCTATCCAAGAGG-1	B	8
GAACCTATCCATCTAT-1	Myeloid	13
GAACCTATCCCATAGA-1	NK	5
GAACCTATCCCGTAGG-1	B	16
GAACCTATCGGATCGC-1	Myeloid	1
GAACCTATCGTTGTAG-1	B	17
GAACCTATCTCCCTTT-1	B	8
GAACCTATCTCCTTAA-1	Myeloid	15
GAACCTATCTCGCGGA-1	Myeloid	15
GAACGTTAGAAAGGGT-1	B	0
GAACGTTAGAGAAGCA-1	NK	7
GAACGTTAGCAGAAAG-1	B	9
GAACGTTAGCCAGAAC-1	B	11
GAACGTTAGCGTATCT-1	T	14
GAACGTTAGCGTCTGC-1	Myeloid	1
GAACGTTAGGATGTAT-1	B	2
GAACGTTAGGATGTCG-1	NK	5
GAACGTTAGGGACGTT-1	B	11
GAACGTTAGTGCTCGC-1	B	0
GAACGTTAGTTCGACT-1	T	14
GAACGTTCAAGCCAGA-1	T	4
GAACGTTCAAGTTGCT-1	B	11
GAACGTTCACAATAAG-1	Myeloid	15
GAACGTTCAGGCATTT-1	Myeloid	15
GAACGTTCAGGTGTGA-1	B	17
GAACGTTCATTGTGAC-1	Myeloid	1
GAACGTTCATTTCACT-1	T	14
GAACGTTGTAACCATC-1	B	9
GAACGTTGTACGCAAG-1	T	18
GAACGTTGTCACATTG-1	NK	7
GAACGTTGTCCATTGA-1	Myeloid	6
GAACGTTGTCGATAGG-1	B	9
GAACGTTGTCTGGGCT-1	NK	7
GAACGTTGTGGGTAGT-1	T	4
GAACGTTGTTACACTG-1	B	8
GAACGTTTCCCACTAC-1	NK	7
GAACGTTTCCCAGTAA-1	T	4
GAACGTTTCGACTGGC-1	Myeloid	10
GAACGTTTCGGATGTT-1	B	2
GAACGTTTCTAGCTGA-1	Myeloid	6
GAACGTTTCTCTGTTA-1	B	11
GAACGTTTCTGCCGAG-1	Myeloid	1
GAACTTGAGACAACGC-1	B	8
GAACTTGAGCGTTGCC-1	B	11
GAACTTGAGCTGAGGT-1	NK	7
GAACTTGAGGATTAAC-1	Myeloid	13
GAACTTGAGGTCCTCG-1	T	14
GAACTTGAGGTTTCTG-1	Myeloid	6
GAACTTGAGTAACATG-1	Stromal	12
GAACTTGAGTTTACGC-1	NK	3
GAACTTGCAAACGTTC-1	B	11
GAACTTGCAAAGGTCG-1	B	0
GAACTTGCAATGCACT-1	Myeloid	1
GAACTTGCACCTATTT-1	NK	7
GAACTTGCAGTTCGGC-1	Myeloid	1
GAACTTGCATGTGAGG-1	B	11
GAACTTGGTAATGCCT-1	NK	7
GAACTTGGTAGGGTCA-1	Myeloid	1
GAACTTGGTCATAAGA-1	NK	7
GAACTTGGTCCAACCG-1	NK	5
GAACTTGGTGATGCTT-1	Myeloid	6
GAACTTGGTGGTCGAA-1	B	9
GAACTTGGTGTGTGCC-1	Myeloid	6
GAACTTGGTTAGTAGA-1	Myeloid	13
GAACTTGTCCATACGA-1	T	18
GAACTTGTCGATAGCT-1	B	2
GAACTTGTCGCCCTTA-1	B	9
GAACTTGTCGTGGCGT-1	NK	3
GAACTTGTCTCTTCTC-1	Myeloid	1
GAAGAGCAGAAGACTT-1	B	11
GAAGAGCAGGACTAGC-1	T	18
GAAGAGCAGTACGACG-1	Myeloid	1
GAAGAGCAGTTCGACT-1	NK	3
GAAGAGCCAAGGGTAC-1	Myeloid	15
GAAGAGCCACAGTAGG-1	B	16
GAAGAGCCACGTGAAG-1	Myeloid	15
GAAGAGCCAGAACAGC-1	Myeloid	15
GAAGAGCCAGCGTACC-1	T	4
GAAGAGCCATTTGGTG-1	Myeloid	1
GAAGAGCGTAGATGAT-1	T	14
GAAGAGCGTCAGAAAT-1	B	19
GAAGAGCGTCATGAGG-1	NK	5
GAAGAGCGTGCTTCCT-1	Myeloid	1
GAAGAGCGTTAACCAC-1	B	9
GAAGAGCGTTAGTAGA-1	T	4
GAAGAGCGTTATAGAG-1	B	9
GAAGAGCGTTTGTACG-1	B	0
GAAGAGCTCAGAGTGG-1	Stromal	12
GAAGAGCTCCAACAAC-1	Myeloid	15
GAAGAGCTCCGTGCAG-1	Myeloid	15
GAAGAGCTCCGTGCGA-1	T	18
GAAGAGCTCCTCCCAA-1	B	8
GAAGAGCTCGCTACCT-1	B	11
GAAGAGCTCGGTTGTA-1	T	14
GAAGAGCTCTATCTCA-1	B	9
GAAGAGCTCTGGAAGG-1	B	9
GAAGTCTAGAAATTCG-1	Myeloid	6
GAAGTCTAGAGCTGTG-1	B	19
GAAGTCTAGCATGATA-1	Myeloid	10
GAAGTCTAGGCTCAGA-1	B	2
GAAGTCTAGTTAGAGT-1	NK	3
GAAGTCTCAAGTAACA-1	Myeloid	6
GAAGTCTCAAGTTCGT-1	B	9
GAAGTCTCAATTAGGA-1	T	18
GAAGTCTGTATGCTAC-1	Myeloid	10
GAAGTCTGTCCGGTAC-1	B	16
GAAGTCTGTCCGTCGA-1	B	19
GAAGTCTGTCGCTAGC-1	Myeloid	1
GAAGTCTGTCTGTGTA-1	B	9
GAAGTCTGTGATTCCA-1	T	14
GAAGTCTGTTCAGTTG-1	T	14
GAAGTCTGTTCTTAGG-1	Myeloid	6
GAAGTCTGTTGGGAAC-1	Myeloid	1
GAAGTCTTCATGAACC-1	B	11
GAAGTCTTCATGCTTT-1	Myeloid	10
GAAGTCTTCCTTTGCG-1	Myeloid	10
GAAGTCTTCGACTATG-1	Myeloid	6
GAAGTCTTCGGTCCGA-1	B	16
GAAGTCTTCGGTCGAC-1	Myeloid	6
GAAGTCTTCTGGCTAA-1	B	11
GAAGTGGAGAATCAGT-1	B	11
GAAGTGGAGAGATTAC-1	NK	7
GAAGTGGAGATCACCT-1	B	9
GAAGTGGAGCTTACCA-1	T	4
GAAGTGGAGGATATCA-1	B	16
GAAGTGGAGGGTTCTT-1	B	11
GAAGTGGAGGTACATA-1	B	2
GAAGTGGAGTAACATG-1	NK	3
GAAGTGGAGTCCGGAA-1	NK	3
GAAGTGGAGTCGCCTG-1	B	9
GAAGTGGAGTGTAATG-1	B	9
GAAGTGGCAATTCAGC-1	Myeloid	6
GAAGTGGCACCGTCTT-1	NK	7
GAAGTGGCACTAGGAG-1	Myeloid	6
GAAGTGGCACTGTCGG-1	Myeloid	15
GAAGTGGCAGCGTAGA-1	Myeloid	1
GAAGTGGGTACAAGCG-1	B	9
GAAGTGGGTACGTAGG-1	Myeloid	15
GAAGTGGGTAGCATGG-1	Myeloid	1
GAAGTGGGTATTGTGC-1	Stromal	12
GAAGTGGGTCGCGCTA-1	NK	7
GAAGTGGGTGCTTACA-1	Myeloid	15
GAAGTGGGTGTTTCTT-1	B	9
GAAGTGGTCAATGCAC-1	B	2
GAAGTGGTCACTCCCA-1	NK	7
GAAGTGGTCAGTCACA-1	Myeloid	6
GAAGTGGTCCACGCTT-1	NK	7
GAAGTGGTCCGAGGAA-1	Myeloid	6
GAAGTGGTCCGGAAAG-1	B	8
GAAGTGGTCCTATCAT-1	NK	7
GAAGTGGTCGATGAAA-1	B	9
GAAGTGGTCGCTTACC-1	NK	7
GAAGTGGTCTATCTAC-1	B	9
GAAGTGGTCTATGAGC-1	Myeloid	6
GAAGTGGTCTCGACCT-1	B	11
GAAGTGGTCTGGTACA-1	T	18
GAATCTGAGAAATCTG-1	B	9
GAATCTGAGCCAGAAC-1	B	11
GAATCTGAGCGTTAGG-1	B	0
GAATCTGAGCTATCGT-1	Myeloid	1
GAATCTGAGCTGCCAC-1	NK	7
GAATCTGAGTTACCAC-1	NK	3
GAATCTGAGTTGTCCA-1	Myeloid	6
GAATCTGCAAGTTCGT-1	B	11
GAATCTGCACCGTCTT-1	Stromal	12
GAATCTGCATTAGCAC-1	B	16
GAATCTGCATTGAACC-1	Myeloid	6
GAATCTGGTAAGGTCG-1	T	14
GAATCTGGTGATGCGA-1	Myeloid	1
GAATCTGGTGGCCTTG-1	NK	3
GAATCTGGTGGCGCTT-1	T	14
GAATCTGGTTATAGAG-1	B	9
GAATCTGGTTCCAATG-1	B	19
GAATCTGGTTGGGAAC-1	Myeloid	1
GAATCTGGTTTAAGCC-1	T	4
GAATCTGTCGATGTGT-1	Myeloid	6
GAATCTGTCGGATAAA-1	B	11
GAATCTGTCGTGGTAT-1	Myeloid	1
GAATCTGTCTCCTTGG-1	B	8
GACCAATAGCTGGAGT-1	Myeloid	1
GACCAATAGGGCGAAG-1	NK	7
GACCAATAGTAGAAGG-1	Myeloid	1
GACCAATAGTCTAGAA-1	B	19
GACCAATAGTTAGCAA-1	B	16
GACCAATCAAGGAGGG-1	NK	7
GACCAATCAAGGATGC-1	B	11
GACCAATCACAGGTAG-1	B	11
GACCAATCACAGTTCA-1	B	11
GACCAATCACTACACA-1	B	16
GACCAATCACTCAGCG-1	NK	7
GACCAATCAGGTAACG-1	B	11
GACCAATCAGTAGTCT-1	NK	3
GACCAATCATCATCGA-1	Myeloid	10
GACCAATCATCCGTGG-1	Myeloid	15
GACCAATCATTCTTTG-1	B	9
GACCAATGTACTTCAG-1	NK	7
GACCAATGTATGAAGT-1	T	18
GACCAATGTCCTTCAC-1	Myeloid	6
GACCAATGTCTGATTG-1	T	14
GACCAATGTGCTAGTT-1	Myeloid	6
GACCAATGTTCCAATG-1	Myeloid	13
GACCAATGTTCTGAGT-1	B	17
GACCAATGTTGGTAAA-1	T	18
GACCAATTCACAAGCT-1	Myeloid	6
GACCAATTCATTCGGA-1	B	9
GACCAATTCCAATAGC-1	B	19
GACCAATTCCCAGTAA-1	Stromal	12
GACCAATTCCGCGATG-1	Myeloid	1
GACCAATTCCGTTTCG-1	B	8
GACCAATTCGGTTGTA-1	Myeloid	15
GACCAATTCGTGCTTC-1	B	11
GACCAATTCGTTCCGT-1	B	2
GACCAATTCTCGTGAA-1	T	4
GACCAATTCTCTTCTC-1	NK	7
GACCAATTCTTAACGG-1	B	0
GACCCAGAGAATGCTA-1	NK	5
GACCCAGAGAGCACTG-1	B	19
GACCCAGAGATCCGAG-1	T	18
GACCCAGAGATGTTGA-1	B	19
GACCCAGAGCCATGGA-1	Myeloid	10
GACCCAGAGCGAATAT-1	Myeloid	1
GACCCAGAGCTCCATA-1	B	19
GACCCAGAGGCGTAGT-1	T	18
GACCCAGAGTCACACT-1	Myeloid	1
GACCCAGCAAAGCATA-1	Myeloid	6
GACCCAGCAAGAGATT-1	Myeloid	6
GACCCAGCACCGAAAG-1	B	19
GACCCAGCACGCTAAT-1	B	16
GACCCAGCACTCGCAG-1	B	9
GACCCAGCAGAGATGC-1	Myeloid	13
GACCCAGCAGATTAAG-1	B	2
GACCCAGCATGTAGAA-1	T	18
GACCCAGGTAGAACGC-1	Myeloid	15
GACCCAGGTGGAGTGT-1	Myeloid	6
GACCCAGGTGGTAGAC-1	B	9
GACCCAGGTTTCGTTT-1	Myeloid	1
GACCCAGGTTTCTCTA-1	B	0
GACCCAGGTTTCTTAC-1	NK	3
GACCCAGTCACTAGGT-1	NK	3
GACCCAGTCAGGCCGT-1	NK	7
GACCCAGTCCATACGA-1	B	9
GACCCAGTCCCTACGT-1	B	11
GACCCAGTCGAAGCCC-1	B	8
GACCCAGTCTACCCGT-1	B	9
GACCCAGTCTTTATCG-1	NK	7
GACCGACAGACACAAT-1	Myeloid	6
GACCGACAGCGGACAT-1	B	11
GACCGACAGTCTCGAT-1	Myeloid	15
GACCGACAGTGATATG-1	T	18
GACCGACCAATGTAAG-1	Myeloid	13
GACCGACCAGAACAGC-1	B	2
GACCGACCAGCAGGTA-1	Myeloid	1
GACCGACGTAAAGGCC-1	B	0
GACCGACGTAACATAG-1	NK	7
GACCGACGTACCTATG-1	Stromal	12
GACCGACGTATACGCT-1	B	9
GACCGACGTCCTATTT-1	Stromal	12
GACCGACGTTTCTACT-1	NK	7
GACCGACTCCCAGTAA-1	B	11
GACCGACTCCCGTATC-1	B	0
GACCGACTCGCGATGC-1	Myeloid	1
GACCGACTCGTCAACA-1	Myeloid	6
GACCTTCAGAACAGGA-1	T	18
GACCTTCAGGAGGCGA-1	B	9
GACCTTCAGGCTTAAA-1	B	9
GACCTTCAGGTAAGTT-1	Myeloid	6
GACCTTCAGGTACATA-1	T	4
GACCTTCAGGTCGTTT-1	B	2
GACCTTCAGTGATATG-1	Myeloid	13
GACCTTCAGTTGCGCC-1	NK	7
GACCTTCCAAAGAGAG-1	B	8
GACCTTCCAAGAAACT-1	Myeloid	10
GACCTTCCACACATTG-1	NK	5
GACCTTCCACTCCTCA-1	B	9
GACCTTCCAGTCAGCC-1	Myeloid	15
GACCTTCCATAGAATG-1	B	2
GACCTTCCATGTGGGA-1	Myeloid	1
GACCTTCCATTCACGA-1	B	8
GACCTTCCATTTCTTG-1	Myeloid	15
GACCTTCGTAACGGCA-1	NK	7
GACCTTCGTACAAATG-1	Myeloid	1
GACCTTCGTAGACACG-1	Myeloid	6
GACCTTCGTATCACAC-1	Stromal	12
GACCTTCGTGGAAGCT-1	B	9
GACCTTCGTTCAGTTG-1	NK	7
GACCTTCGTTCTGAGT-1	B	9
GACCTTCTCACCCGGA-1	Myeloid	6
GACCTTCTCCAGCACG-1	B	11
GACCTTCTCCGATTGA-1	T	14
GACCTTCTCGCTTACC-1	T	18
GACCTTCTCGGAGTTT-1	T	18
GACCTTCTCGGATGTT-1	T	14
GACTAACAGATCTCAC-1	Myeloid	6
GACTAACAGGAAGGTA-1	Myeloid	6
GACTAACAGGCCTCTG-1	Myeloid	6
GACTAACAGGGATCCA-1	T	4
GACTAACAGTGATCTC-1	NK	5
GACTAACCACTAAACC-1	T	18
GACTAACCAGCACATT-1	NK	3
GACTAACCAGTAAGAT-1	Myeloid	6
GACTAACCATAGCCAT-1	NK	5
GACTAACCATCACAGT-1	Myeloid	6
GACTAACGTAACTCCA-1	B	0
GACTAACGTACCCACG-1	NK	3
GACTAACGTATGTTCG-1	NK	5
GACTAACGTCACCCGA-1	B	2
GACTAACGTCCATTGA-1	T	18
GACTAACGTCGAGAAC-1	T	14
GACTAACGTGATTCCA-1	NK	3
GACTAACGTGCATTCA-1	NK	5
GACTAACGTTACGAAA-1	T	4
GACTAACGTTAGCTCA-1	Stromal	12
GACTAACGTTCCTATT-1	Myeloid	6
GACTAACTCCCACTAC-1	Myeloid	6
GACTAACTCGTTACAG-1	T	14
GACTAACTCGTTCTAT-1	T	18
GACTAACTCTATTTCG-1	T	18
GACTAACTCTTAACGG-1	Myeloid	6
GACTAGTAGATGTTGA-1	B	2
GACTAGTAGCACACCC-1	Myeloid	13
GACTAGTAGGAGGCGA-1	T	18
GACTAGTAGGCATGCA-1	Myeloid	1
GACTAGTAGGGAAGCG-1	B	9
GACTAGTAGTATACCC-1	B	11
GACTAGTAGTGAGTTA-1	B	11
GACTAGTAGTGATAAC-1	B	11
GACTAGTAGTTATGAG-1	Myeloid	1
GACTAGTCAAACCTAC-1	B	8
GACTAGTCAAAGAGAG-1	Myeloid	10
GACTAGTCAACGGGTA-1	Myeloid	10
GACTAGTCACTGAAGG-1	B	11
GACTAGTCACTGTCGG-1	Myeloid	6
GACTAGTCAGGCAAGT-1	Myeloid	6
GACTAGTCAGTCAGAG-1	B	17
GACTAGTCATGTGGGA-1	B	0
GACTAGTGTACGCAAG-1	NK	5
GACTAGTGTATCACAC-1	B	11
GACTAGTGTATCTAGC-1	T	14
GACTAGTGTGCACCCA-1	Myeloid	1
GACTAGTGTGCATTCA-1	Myeloid	13
GACTAGTGTTAGTAGA-1	Myeloid	1
GACTAGTTCAAGAGGC-1	B	8
GACTAGTTCACCACAA-1	Myeloid	6
GACTAGTTCCAGTTAG-1	Myeloid	1
GACTAGTTCGAACCGC-1	B	8
GACTAGTTCGAGCGCT-1	B	11
GACTAGTTCGCGCCAA-1	Myeloid	6
GACTAGTTCGCTATAG-1	B	16
GACTAGTTCGGGCTCA-1	T	18
GACTAGTTCGTGAACT-1	Myeloid	1
GACTAGTTCTACTGCC-1	Myeloid	10
GACTAGTTCTATCCTA-1	T	14
GACTAGTTCTCTATCA-1	Myeloid	1
GACTAGTTCTGAGTCA-1	T	18
GACTAGTTCTTAATCC-1	NK	7
GACTAGTTCTTCTTCC-1	NK	7
GACTAGTTCTTGTCGC-1	Myeloid	10
GAGAACGAGCATTCCA-1	Myeloid	1
GAGAACGAGCCCATTA-1	T	14
GAGAACGAGCCTGTAT-1	B	2
GAGAACGAGCGAGCTA-1	B	8
GAGAACGAGCTAGTTC-1	B	19
GAGAACGAGCTGAATA-1	T	4
GAGAACGAGCTGCCAC-1	B	9
GAGAACGAGGATGTAT-1	Myeloid	15
GAGAACGAGGCAAGCT-1	B	2
GAGAACGAGGGTGTTG-1	Myeloid	1
GAGAACGAGGTTCGAG-1	B	0
GAGAACGAGTCACGCC-1	B	11
GAGAACGAGTGATAAC-1	B	11
GAGAACGCAATGGCAG-1	NK	3
GAGAACGCACCGTCTT-1	NK	7
GAGAACGCACTGGGCT-1	B	11
GAGAACGCAGCAGGTA-1	T	18
GAGAACGCAGGCAGAT-1	NK	7
GAGAACGCATAGACGG-1	Myeloid	1
GAGAACGCATATTGGC-1	Myeloid	1
GAGAACGCATCACAGT-1	T	14
GAGAACGCATCCGTGG-1	B	0
GAGAACGGTATCTCAG-1	Myeloid	15
GAGAACGGTATTCTGG-1	NK	3
GAGAACGGTCGTAATC-1	NK	3
GAGAACGGTCTAAGAA-1	T	18
GAGAACGGTCTGATTG-1	B	0
GAGAACGGTCTGTGTA-1	B	9
GAGAACGGTGATGCTT-1	NK	7
GAGAACGGTTATCGAC-1	NK	7
GAGAACGGTTCTTTGT-1	T	14
GAGAACGTCACAGGGA-1	B	2
GAGAACGTCCGCTATC-1	B	0
GAGAACGTCCGGGCAT-1	B	17
GAGAACGTCGAGAAGC-1	Myeloid	6
GAGAACGTCTATTTCG-1	T	14
GAGAACGTCTCGTAGA-1	Myeloid	1
GAGAACGTCTGCTACC-1	B	17
GAGAACGTCTTTGCAT-1	Myeloid	1
GAGACTTAGACGTCAG-1	B	2
GAGACTTAGAGAACCC-1	B	9
GAGACTTAGCAACGGT-1	Myeloid	15
GAGACTTAGGGACGTT-1	Myeloid	1
GAGACTTAGGTAAGTT-1	B	11
GAGACTTAGTGAACCG-1	B	11
GAGACTTCAAAGCTGG-1	NK	3
GAGACTTCAACTGCGC-1	NK	7
GAGACTTCAAGACTTC-1	B	8
GAGACTTCAAGGCTTT-1	T	14
GAGACTTCAATCATCG-1	B	17
GAGACTTCACCACAGC-1	B	2
GAGACTTCACTACACA-1	Myeloid	6
GAGACTTCAGCTTACA-1	B	2
GAGACTTCAGGTCTGC-1	Myeloid	1
GAGACTTGTAAGCCTT-1	B	9
GAGACTTGTAGAAGCC-1	Myeloid	15
GAGACTTGTCACCCGA-1	B	11
GAGACTTGTCCAAGAG-1	Myeloid	6
GAGACTTGTCCTTATT-1	B	9
GAGACTTTCACAAGCT-1	B	16
GAGACTTTCAGGCCGT-1	B	8
GAGACTTTCAGGTTTG-1	NK	5
GAGACTTTCAGTACAC-1	B	17
GAGACTTTCCCTAAAG-1	T	4
GAGACTTTCCTCCAGT-1	B	2
GAGACTTTCGAGGTAG-1	B	2
GAGACTTTCGCCACTT-1	NK	7
GAGACTTTCGTCGCAG-1	T	4
GAGACTTTCTCTGTTA-1	B	17
GAGATTCAGAGCCACA-1	Myeloid	6
GAGATTCAGGCAGATC-1	Stromal	12
GAGATTCAGTGAACCG-1	B	16
GAGATTCAGTTATGAG-1	Myeloid	1
GAGATTCCACCGAAAG-1	B	9
GAGATTCCACTGAAGG-1	T	4
GAGATTCCAGCCACGT-1	B	16
GAGATTCCAGGTTATC-1	Myeloid	6
GAGATTCCAGTAACTC-1	T	4
GAGATTCCAGTAAGCG-1	Myeloid	1
GAGATTCCAGTATCTG-1	T	18
GAGATTCCATGACTGT-1	Myeloid	13
GAGATTCGTACATGGG-1	Stromal	12
GAGATTCGTAGCATGG-1	B	8
GAGATTCGTATACGCT-1	Myeloid	6
GAGATTCGTCCGTGCA-1	Myeloid	6
GAGATTCGTGCTGGCT-1	B	19
GAGATTCGTTAACCGT-1	Myeloid	6
GAGATTCGTTTCGACA-1	NK	7
GAGATTCTCACATTCT-1	NK	7
GAGATTCTCAGAGTGG-1	Myeloid	10
GAGATTCTCCCATAGA-1	Stromal	12
GAGATTCTCGACTATG-1	B	19
GAGATTCTCGAGCGCT-1	Myeloid	10
GAGATTCTCGTTTGAG-1	B	11
GAGATTCTCTGACTTT-1	B	11
GAGATTCTCTTACCTA-1	Myeloid	6
GAGCATTAGAGAATTC-1	Myeloid	1
GAGCATTAGATGCGCA-1	B	2
GAGCATTAGCAGGAGG-1	B	2
GAGCATTAGCCGCAAA-1	B	9
GAGCATTAGCTGAGGT-1	Myeloid	1
GAGCATTAGTAGGAAG-1	T	18
GAGCATTAGTTGACAA-1	NK	3
GAGCATTCAAGCAGGT-1	Myeloid	6
GAGCATTCAAGCCAGA-1	T	4
GAGCATTCACCCATCT-1	T	4
GAGCATTCAGTATCTG-1	NK	5
GAGCATTCATAGACGG-1	B	9
GAGCATTCATCCCGGA-1	Stromal	12
GAGCATTCATCGCCTT-1	B	11
GAGCATTCATGGCCTG-1	B	2
GAGCATTGTAACGGTG-1	B	19
GAGCATTGTACAAATG-1	NK	7
GAGCATTGTGAGTCGA-1	B	2
GAGCATTGTGCTTTGA-1	Myeloid	13
GAGCATTGTTGGAGGT-1	Myeloid	13
GAGCATTGTTGGCTAT-1	B	2
GAGCATTTCATCGCCT-1	B	8
GAGCATTTCCATACGA-1	Myeloid	6
GAGCATTTCCGAGAGA-1	Myeloid	6
GAGCATTTCGAAGCCC-1	B	11
GAGCATTTCGAGAACG-1	NK	7
GAGCATTTCGGATCGC-1	Myeloid	6
GAGCGCTAGATAGGTT-1	B	19
GAGCGCTAGGACCGAT-1	Myeloid	1
GAGCGCTAGTATACCC-1	NK	7
GAGCGCTAGTCCGATT-1	NK	3
GAGCGCTCAACATAAG-1	Myeloid	6
GAGCGCTCAACTCCCT-1	Myeloid	1
GAGCGCTCAAGGAAGA-1	T	18
GAGCGCTCAATCAGGG-1	B	2
GAGCGCTCACAAACAA-1	NK	3
GAGCGCTCACAGAAGC-1	NK	7
GAGCGCTCACCAAGGA-1	Myeloid	6
GAGCGCTCAGTTCGGC-1	NK	7
GAGCGCTCATCTGCAA-1	Myeloid	6
GAGCGCTCATGTAGAA-1	NK	7
GAGCGCTGTACAACGG-1	Stromal	12
GAGCGCTGTCATAGCT-1	B	8
GAGCGCTGTGACAAGC-1	Myeloid	6
GAGCGCTGTTCGGGAA-1	T	14
GAGCGCTGTTCTTTCA-1	Myeloid	1
GAGCGCTGTTGGCTTA-1	Myeloid	6
GAGCGCTTCAAGAGGC-1	B	9
GAGCGCTTCATTGCCC-1	NK	3
GAGCGCTTCGAGAAGC-1	B	0
GAGCGCTTCTTGTACT-1	T	18
GAGGATGAGAACTCCT-1	B	9
GAGGATGAGACACAAT-1	T	14
GAGGATGAGACTAGCG-1	Myeloid	1
GAGGATGAGAGCGAAA-1	B	16
GAGGATGAGGCGTAGT-1	Myeloid	1
GAGGATGAGTACTCTG-1	Myeloid	10
GAGGATGAGTATACCC-1	T	4
GAGGATGAGTCGGGAT-1	B	9
GAGGATGAGTCTGTGT-1	B	11
GAGGATGCAACCTCCT-1	Myeloid	1
GAGGATGCAAGACTAA-1	B	2
GAGGATGCAATGGTCT-1	B	9
GAGGATGCACACATGT-1	Myeloid	1
GAGGATGCACCACCAG-1	B	9
GAGGATGCATCCCGGA-1	Myeloid	15
GAGGATGCATGCGCTG-1	B	9
GAGGATGGTACATGGG-1	Myeloid	6
GAGGATGGTCATAGAA-1	B	9
GAGGATGGTCCAACCG-1	Myeloid	1
GAGGATGGTCGTAGTT-1	Myeloid	1
GAGGATGGTGACCAGA-1	NK	7
GAGGATGGTGCCCGAT-1	NK	7
GAGGATGGTGGTGGTA-1	T	18
GAGGATGGTGTCTCGG-1	B	11
GAGGATGGTTCGGGAA-1	Stromal	12
GAGGATGTCCAATAGC-1	B	8
GAGGATGTCGAACACT-1	B	2
GAGGATGTCTTAAGCG-1	Myeloid	6
GAGGCTCAGACACAAT-1	T	4
GAGGCTCAGAGAAGCA-1	NK	7
GAGGCTCAGGATGTCG-1	T	14
GAGGCTCAGGGTAATT-1	T	4
GAGGCTCAGTAGGTCG-1	NK	7
GAGGCTCAGTTACCAC-1	B	17
GAGGCTCCAAGATGCG-1	NK	3
GAGGCTCCAAGCAGGT-1	Myeloid	1
GAGGCTCCACAGAAGC-1	B	2
GAGGCTCCACCGTCTT-1	T	18
GAGGCTCCACTCCACT-1	T	18
GAGGCTCCACTGTCGG-1	Myeloid	6
GAGGCTCCATATACGC-1	B	9
GAGGCTCCATCCGTAA-1	T	4
GAGGCTCGTCGATTAC-1	Myeloid	10
GAGGCTCGTCTGTGTA-1	Myeloid	6
GAGGCTCGTGATAAGT-1	B	9
GAGGCTCGTGCAAGCA-1	Myeloid	6
GAGGCTCGTGTTGTTG-1	NK	3
GAGGCTCGTTCAGAAA-1	Myeloid	6
GAGGCTCTCAGTGTAC-1	B	16
GAGGCTCTCCATTGAG-1	Myeloid	13
GAGGCTCTCGAGAACG-1	Myeloid	10
GAGGCTCTCGATAGCT-1	Myeloid	10
GAGGCTCTCGGATAAA-1	Myeloid	15
GAGGCTCTCGGTCTAA-1	T	4
GAGGCTCTCTCATCCG-1	Myeloid	1
GAGGCTCTCTGACATG-1	Myeloid	1
GAGGCTCTCTTCTTCC-1	Myeloid	1
GAGGTCCAGACCAATA-1	B	19
GAGGTCCAGCCCATTA-1	B	9
GAGGTCCAGGAACCGT-1	Myeloid	6
GAGGTCCAGGGTCCCT-1	T	4
GAGGTCCAGTAACACA-1	Myeloid	1
GAGGTCCAGTAGACCG-1	T	4
GAGGTCCAGTCGGGAT-1	Myeloid	10
GAGGTCCCAATGCCAT-1	B	2
GAGGTCCCACCGAATT-1	B	8
GAGGTCCCAGACTAAA-1	B	9
GAGGTCCCAGAGATGC-1	T	14
GAGGTCCCAGTAGTTC-1	B	17
GAGGTCCCATAGACGG-1	NK	3
GAGGTCCGTAGTATCC-1	B	19
GAGGTCCGTATCTGCA-1	B	11
GAGGTCCGTATTCGCA-1	NK	7
GAGGTCCGTATTCTGG-1	B	8
GAGGTCCGTCGAGGAT-1	T	18
GAGGTCCGTCGTAATC-1	T	18
GAGGTCCGTGCGTTTA-1	B	19
GAGGTCCGTGGCCTTG-1	B	2
GAGGTCCGTTGAAGCG-1	NK	3
GAGGTCCGTTTCGTTT-1	T	18
GAGGTCCTCACTAGGT-1	NK	7
GAGGTCCTCATGAACC-1	T	14
GAGGTCCTCCATACCC-1	NK	3
GAGGTCCTCCCACTTG-1	T	14
GAGGTCCTCGCACAAT-1	B	9
GAGGTCCTCGCCGAAC-1	B	0
GAGGTCCTCGCGGCAT-1	B	17
GAGGTCCTCTTACTCA-1	B	11
GAGGTCCTCTTCCAGC-1	NK	3
GAGGTCCTCTTCCGTG-1	B	19
GAGTGAGAGACAGCTG-1	T	14
GAGTGAGAGACGCCCT-1	B	2
GAGTGAGAGCATGATA-1	NK	7
GAGTGAGAGCATTCCA-1	Myeloid	15
GAGTGAGAGCGTTGCC-1	Myeloid	6
GAGTGAGAGCTGAATA-1	T	14
GAGTGAGAGGATCCTT-1	B	0
GAGTGAGAGGCTTCGC-1	NK	7
GAGTGAGAGTCCGATT-1	Myeloid	6
GAGTGAGCAAAGAGAG-1	Myeloid	1
GAGTGAGCACACATTG-1	B	9
GAGTGAGCACTTGCGG-1	B	19
GAGTGAGCAGGTAGGT-1	Stromal	12
GAGTGAGCATGCGTTA-1	B	8
GAGTGAGCATGGGACA-1	B	2
GAGTGAGGTAGAATAC-1	NK	3
GAGTGAGGTAGCAGCA-1	B	2
GAGTGAGGTAGTACAA-1	B	19
GAGTGAGGTATCCTTT-1	Myeloid	6
GAGTGAGGTCGAGAAC-1	T	14
GAGTGAGGTCTAAAGA-1	Myeloid	10
GAGTGAGGTTAAGTCC-1	Myeloid	6
GAGTGAGGTTATCGAC-1	B	2
GAGTGAGGTTTAAGCC-1	Myeloid	6
GAGTGAGTCAAGGCCC-1	B	16
GAGTGAGTCACATCCC-1	B	11
GAGTGAGTCCATACGA-1	B	2
GAGTGAGTCCTCAAGA-1	Myeloid	15
GAGTGAGTCCTTGACC-1	T	4
GAGTGAGTCGCCCTTA-1	B	19
GAGTGAGTCGTGAACT-1	B	17
GAGTGAGTCTAGCAAC-1	B	17
GAGTGAGTCTCATCCG-1	NK	7
GAGTGAGTCTCGCGGA-1	T	18
GATCATGAGAAAGCAG-1	Myeloid	6
GATCATGAGGATATCA-1	B	19
GATCATGAGGCAGTGT-1	Myeloid	1
GATCATGAGGTGAACC-1	NK	3
GATCATGAGTACGCGA-1	Myeloid	15
GATCATGAGTCAACTC-1	B	0
GATCATGCAAATTCCG-1	NK	3
GATCATGCAAGGATGC-1	Myeloid	15
GATCATGCAATCCATG-1	Myeloid	15
GATCATGCACTCCCAT-1	B	0
GATCATGCAGGCTACC-1	B	9
GATCATGCATTCCCGT-1	Myeloid	10
GATCATGCATTTGGTG-1	B	8
GATCATGGTAAACGGC-1	NK	3
GATCATGGTAATGCAA-1	T	14
GATCATGGTAATGTAG-1	T	14
GATCATGGTACCCATA-1	Myeloid	10
GATCATGGTACGTATC-1	T	18
GATCATGGTATCACAC-1	T	14
GATCATGGTCCCGTGA-1	Myeloid	6
GATCATGGTCTGTGTA-1	B	9
GATCATGGTGACGCAA-1	Stromal	12
GATCATGGTGATGCGA-1	Myeloid	6
GATCATGGTGCTAGTT-1	Myeloid	13
GATCATGGTGCTGAAG-1	B	2
GATCATGGTGCTTTGA-1	Myeloid	6
GATCATGTCACCACAA-1	NK	3
GATCATGTCCCACTAC-1	NK	7
GATCATGTCCCATAGA-1	T	4
GATCATGTCCCTAAAG-1	Myeloid	1
GATCATGTCTAAACGC-1	T	14
GATCGTAAGACCCATT-1	T	4
GATCGTAAGCGATACG-1	T	14
GATCGTAAGTGAATAC-1	Myeloid	15
GATCGTAAGTGTCGGA-1	NK	5
GATCGTAAGTTAGAGT-1	B	11
GATCGTACAAAGAAGG-1	NK	5
GATCGTACAAAGGTCG-1	Myeloid	1
GATCGTACAACGAGGT-1	NK	5
GATCGTACAATGCACT-1	B	11
GATCGTACACAGCCAC-1	Myeloid	10
GATCGTACACCTCGTT-1	Myeloid	1
GATCGTACACTGAAGG-1	B	2
GATCGTACATCACAAC-1	Myeloid	1
GATCGTACATGGTTTG-1	T	4
GATCGTACATTACTCT-1	T	14
GATCGTAGTCATAGAA-1	B	9
GATCGTAGTCTGAGCC-1	NK	7
GATCGTAGTTCTTAGG-1	T	4
GATCGTAGTTTCTTAC-1	B	17
GATCGTATCACCGCGA-1	T	4
GATCGTATCAGGGTTT-1	Myeloid	15
GATCGTATCGCTTGAA-1	Stromal	12
GATCGTATCGTGGCGT-1	Myeloid	1
GATCGTATCTGGCACG-1	Myeloid	6
GATGATCAGAGGCGGA-1	B	11
GATGATCAGATCCGAG-1	B	9
GATGATCAGATGTTCC-1	Myeloid	6
GATGATCAGCGCACAA-1	Myeloid	1
GATGATCAGGAAGGTA-1	B	17
GATGATCAGGCGCTTC-1	T	18
GATGATCAGGTAAGTT-1	T	14
GATGATCAGTAATGTG-1	T	4
GATGATCAGTGCAACG-1	B	0
GATGATCAGTTAGCAA-1	Myeloid	6
GATGATCAGTTGGAAT-1	T	14
GATGATCCAACATAAG-1	NK	3
GATGATCCAACTACTG-1	NK	3
GATGATCCAAGGGTAC-1	B	19
GATGATCCACTCAAGT-1	Myeloid	1
GATGATCCATATTGGC-1	B	17
GATGATCGTAAGCCTT-1	NK	7
GATGATCGTCAAACAA-1	NK	3
GATGATCGTCAACTGT-1	Myeloid	6
GATGATCGTCACAGGA-1	Myeloid	6
GATGATCGTCGCTACG-1	T	14
GATGATCGTGCGCATC-1	Myeloid	1
GATGATCGTGTCCCAG-1	Myeloid	6
GATGATCGTTCCAATG-1	NK	3
GATGATCGTTCTGATG-1	Myeloid	10
GATGATCGTTTAGAAG-1	NK	3
GATGATCTCAAATGGA-1	T	14
GATGATCTCCTTTGCG-1	NK	5
GATGATCTCGATAGGG-1	B	11
GATGATCTCGCGCTGA-1	T	14
GATGATCTCGTGATAC-1	T	4
GATGATCTCTTCATAC-1	B	0
GATGATCTCTTGTACT-1	B	9
GATGGCCAGCAGTAGC-1	NK	7
GATGGCCAGGGAAATG-1	Myeloid	6
GATGGCCAGGTTTCTG-1	T	14
GATGGCCAGTAACTCC-1	B	19
GATGGCCAGTCACACT-1	B	19
GATGGCCAGTCCGTGC-1	B	17
GATGGCCAGTCCTTCC-1	B	19
GATGGCCAGTTGCCGC-1	Myeloid	15
GATGGCCCAACGGGTA-1	Stromal	12
GATGGCCCAAGATGCG-1	B	16
GATGGCCCAAGGGAGG-1	T	18
GATGGCCCAATCCATG-1	T	14
GATGGCCCAATGGCAG-1	B	2
GATGGCCCAGCAGGTA-1	B	9
GATGGCCCAGGTGTCC-1	B	8
GATGGCCCATGATTGC-1	B	11
GATGGCCCATTCCCGT-1	NK	7
GATGGCCCATTTGGCA-1	NK	7
GATGGCCGTAACGGAC-1	T	14
GATGGCCGTATGTCCA-1	Myeloid	15
GATGGCCGTATTCGCA-1	Myeloid	10
GATGGCCGTCATAGAA-1	Myeloid	1
GATGGCCGTCATCGTA-1	T	18
GATGGCCGTCCAACCG-1	B	17
GATGGCCGTCTCGGGT-1	B	8
GATGGCCGTTACTACG-1	B	11
GATGGCCTCATGTTCT-1	B	11
GATGGCCTCCATAGGT-1	Myeloid	6
GATGGCCTCCTCCAGT-1	B	2
GATGGCCTCCTCCATG-1	Myeloid	13
GATGGCCTCGGAAAGC-1	B	17
GATGGCCTCGTAGCGC-1	Myeloid	6
GATGGCCTCGTGTGCG-1	Myeloid	15
GATGGCCTCTCTTCTC-1	B	0
GATTAGCAGAAACGCC-1	Myeloid	6
GATTAGCAGAACAGGA-1	NK	7
GATTAGCAGACGTCAG-1	Myeloid	6
GATTAGCAGCTAGCAG-1	NK	3
GATTAGCAGGAGTACC-1	NK	7
GATTAGCAGGATCCTT-1	B	11
GATTAGCAGGATTGAT-1	Myeloid	10
GATTAGCAGGGAGATA-1	Myeloid	6
GATTAGCAGTACGACG-1	B	11
GATTAGCAGTGCTAGG-1	T	18
GATTAGCAGTGGTGTG-1	Myeloid	1
GATTAGCAGTTATGAG-1	Myeloid	13
GATTAGCAGTTGCTTG-1	T	18
GATTAGCCAAACCCTA-1	B	2
GATTAGCCAAGCCTTA-1	B	11
GATTAGCCACGCTAAT-1	B	9
GATTAGCCAGCAAACG-1	T	18
GATTAGCCAGGCATTT-1	B	11
GATTAGCGTCTGGTTA-1	Myeloid	6
GATTAGCGTGAGGGTT-1	B	17
GATTAGCGTGCAACAG-1	Myeloid	6
GATTAGCGTTACTTTC-1	Myeloid	6
GATTAGCGTTGGGAAC-1	B	11
GATTAGCGTTTCGACA-1	B	2
GATTAGCGTTTCGATG-1	Myeloid	10
GATTAGCTCAACTTGG-1	Myeloid	10
GATTAGCTCCAACAAC-1	Myeloid	1
GATTAGCTCCAATCCC-1	Myeloid	1
GATTAGCTCCATATCT-1	T	18
GATTAGCTCGACTCGG-1	T	18
GATTAGCTCGCACAAT-1	T	4
GATTAGCTCGGTGATT-1	NK	5
GATTAGCTCGTTCCGT-1	NK	3
GATTAGCTCTCCAACC-1	T	14
GATTAGCTCTTTGCAT-1	T	18
GATTGACAGATGCGAC-1	Myeloid	6
GATTGACAGGGAAGCG-1	Myeloid	10
GATTGACAGTATGCTC-1	Myeloid	6
GATTGACAGTGAGCAC-1	B	9
GATTGACCAAGGAGGG-1	B	11
GATTGACCAATGGCTT-1	T	18
GATTGACCACGACGAA-1	B	19
GATTGACCAGCAACAG-1	T	14
GATTGACCAGGGTAAC-1	B	19
GATTGACGTAAACGGC-1	T	4
GATTGACGTAGAACGC-1	B	8
GATTGACGTCAGTGCC-1	NK	7
GATTGACGTCGATAGG-1	NK	3
GATTGACGTGTAGGAC-1	B	8
GATTGACGTTACGAAA-1	T	18
GATTGACGTTAGAGAT-1	B	19
GATTGACGTTTAAGGA-1	B	2
GATTGACTCAAGGCAG-1	T	18
GATTGACTCCAGTACA-1	T	18
GATTGACTCCGGGCAT-1	Stromal	12
GATTGACTCGATAGGG-1	B	8
GATTGACTCGGTCTAA-1	B	0
GATTGACTCTAGCAGT-1	Myeloid	6
GATTGACTCTTACTCA-1	B	2
GCAAAGGAGATCTCAC-1	Myeloid	6
GCAAAGGAGCTGAAAT-1	T	14
GCAAAGGAGGATTGCG-1	NK	7
GCAAAGGAGGTGATGC-1	Myeloid	15
GCAAAGGAGTCACACT-1	Myeloid	1
GCAAAGGAGTTACACC-1	Myeloid	6
GCAAAGGAGTTCGCGC-1	NK	7
GCAAAGGCAAAGAGAG-1	Myeloid	6
GCAAAGGCAAGCCTTA-1	B	9
GCAAAGGCACCGAAAG-1	Myeloid	1
GCAAAGGCAGAAAGAG-1	Myeloid	15
GCAAAGGCAGATTAAG-1	NK	3
GCAAAGGCAGCAACAG-1	Myeloid	1
GCAAAGGCATAGCAGG-1	T	14
GCAAAGGCATCGGCCA-1	B	9
GCAAAGGCATTTCACT-1	NK	3
GCAAAGGGTAAACCCT-1	NK	7
GCAAAGGGTAGCAGGT-1	NK	7
GCAAAGGGTAGGTAAT-1	B	19
GCAAAGGGTCACTCTC-1	T	14
GCAAAGGGTCATAGAA-1	B	9
GCAAAGGGTCGTCGCA-1	Myeloid	10
GCAAAGGGTGAGGTCA-1	NK	7
GCAAAGGGTGCTTGAT-1	NK	3
GCAAAGGTCACCCTTG-1	NK	7
GCAAAGGTCACGATTG-1	NK	7
GCAAAGGTCAGGAATA-1	T	4
GCAAAGGTCAGGGTTT-1	Myeloid	15
GCAAAGGTCAGGTTTG-1	B	8
GCAAAGGTCCAGAATC-1	T	4
GCAAAGGTCCAGAGAG-1	T	14
GCAAAGGTCCAGGCCA-1	T	18
GCAAAGGTCCTCCAGT-1	Myeloid	15
GCAAAGGTCCTCCATG-1	Myeloid	1
GCAAAGGTCGTGATAC-1	NK	3
GCAAAGGTCGTGGCGT-1	Myeloid	6
GCAAAGGTCTCATCCG-1	NK	7
GCAAAGGTCTCGGCGA-1	B	9
GCAAAGGTCTTCATAC-1	B	2
GCAACCGAGACGCCAA-1	B	11
GCAACCGAGAGAGTAG-1	B	11
GCAACCGAGAGGCAGG-1	B	0
GCAACCGAGAGTTCGG-1	Myeloid	15
GCAACCGAGCCGCTGT-1	Myeloid	6
GCAACCGAGGCCTCTG-1	B	19
GCAACCGAGGTAAGTT-1	T	14
GCAACCGAGTTACACC-1	T	4
GCAACCGAGTTCGTTG-1	B	11
GCAACCGCAAACCGAG-1	T	14
GCAACCGCAACGTACT-1	T	18
GCAACCGCAATAGTGA-1	NK	7
GCAACCGCAATGGCTT-1	B	11
GCAACCGCACTGATAC-1	B	2
GCAACCGCAGTAAGAT-1	NK	3
GCAACCGCAGTTACAC-1	NK	7
GCAACCGCAGTTGGAG-1	T	14
GCAACCGCATGGGAAC-1	T	14
GCAACCGCATTTGGTG-1	Myeloid	1
GCAACCGGTACGGATG-1	B	11
GCAACCGGTGAATGGC-1	NK	3
GCAACCGGTGATAGAT-1	Myeloid	6
GCAACCGGTGGATTTC-1	T	4
GCAACCGGTTACCCAA-1	T	4
GCAACCGTCCAGGCCA-1	Myeloid	1
GCAACCGTCCTCAAGA-1	T	18
GCAACCGTCCTGGGAC-1	NK	7
GCAACCGTCGATCGCG-1	NK	3
GCAACCGTCGTCGCAG-1	Myeloid	1
GCACCTTAGAAACGCC-1	Myeloid	6
GCACCTTAGAATCAAC-1	Myeloid	6
GCACCTTAGAGAAGCA-1	B	19
GCACCTTAGCTGAAAT-1	B	8
GCACCTTAGTATACGA-1	Myeloid	6
GCACCTTAGTCCCGCA-1	Myeloid	6
GCACCTTCAACTTGGT-1	Myeloid	15
GCACCTTCACTTTGGA-1	NK	7
GCACCTTCAGGTAACG-1	NK	7
GCACCTTCATCCCTTG-1	Myeloid	6
GCACCTTCATCCGTAA-1	B	11
GCACCTTCATCGCCTT-1	B	19
GCACCTTGTGCAGACA-1	NK	3
GCACCTTGTTTCAGCA-1	B	2
GCACCTTGTTTGCCCT-1	T	14
GCACCTTTCACGTCAA-1	NK	3
GCACCTTTCAGAGTGG-1	NK	7
GCACCTTTCGTCCCTA-1	Myeloid	1
GCACCTTTCGTTCCGT-1	T	14
GCACGCAAGATGGGAA-1	B	0
GCACGCAAGCAATAAC-1	T	18
GCACGCAAGCAGAGCT-1	B	8
GCACGCAAGGAAGAAC-1	B	11
GCACGCAAGGATGTCG-1	B	2
GCACGCAAGTATGGGC-1	B	9
GCACGCACAAGACTTC-1	B	17
GCACGCACACCACGAC-1	T	4
GCACGCACACTGCTTC-1	B	8
GCACGCACAGCTGATT-1	NK	5
GCACGCACAGTTGGAG-1	T	18
GCACGCACATCGGCCA-1	NK	7
GCACGCACATTGCCTC-1	B	11
GCACGCAGTAACTCCA-1	B	11
GCACGCAGTCGAGGAT-1	B	0
GCACGCAGTCTAAAGA-1	NK	7
GCACGCAGTGATGTGG-1	B	9
GCACGCAGTGGTACTT-1	T	18
GCACGCAGTTACACTG-1	Myeloid	6
GCACGCAGTTACCCAA-1	B	11
GCACGCAGTTTCCGGG-1	NK	3
GCACGCAGTTTGGATC-1	Myeloid	10
GCACGCATCACATCCC-1	Myeloid	10
GCACGCATCGTGAGTT-1	Myeloid	15
GCACGCATCTACATCT-1	Myeloid	1
GCACGCATCTGGTACA-1	NK	3
GCACGCATCTTCACTA-1	B	2
GCACGGTAGAGTTCGG-1	Myeloid	6
GCACGGTAGCACACCC-1	B	8
GCACGGTAGCAGGAGG-1	B	11
GCACGGTAGGTTGTTC-1	Myeloid	6
GCACGGTAGTACGCGA-1	T	14
GCACGGTAGTAGGAAG-1	B	2
GCACGGTAGTATGGGC-1	B	11
GCACGGTCAAGCACTT-1	Myeloid	1
GCACGGTCAAGCGACA-1	T	14
GCACGGTCAATAGCGG-1	B	17
GCACGGTCAGCACATT-1	Stromal	12
GCACGGTCAGCGTACC-1	T	18
GCACGGTCATCCGTAA-1	B	2
GCACGGTCATTACACG-1	Stromal	12
GCACGGTGTATTGTGC-1	B	19
GCACGGTGTCAAATCC-1	T	14
GCACGGTGTCACAGTT-1	T	14
GCACGGTGTCATTGCA-1	B	9
GCACGGTGTGATGCGA-1	B	8
GCACGGTGTGCGTCCA-1	Stromal	12
GCACGGTGTGCTTCCT-1	B	16
GCACGGTGTTCCGGCA-1	Myeloid	1
GCACGGTGTTCTGATG-1	NK	5
GCACGGTGTTTAGACC-1	Myeloid	6
GCACGGTGTTTGCGAT-1	NK	5
GCACGGTTCACCGCGA-1	B	19
GCACGGTTCCAATAGC-1	T	14
GCACGGTTCCATGTTT-1	Myeloid	1
GCACGGTTCCGGCTGA-1	Myeloid	10
GCACGGTTCGCACCTT-1	B	8
GCACGGTTCGCATAAC-1	NK	7
GCACGGTTCGGCTATA-1	Myeloid	1
GCACGGTTCGGGATCC-1	NK	7
GCACGGTTCTCGGCGA-1	B	9
GCACGGTTCTGTCGGG-1	NK	3
GCAGATTAGAATCAGT-1	T	14
GCAGATTAGAGCCACA-1	Myeloid	6
GCAGATTAGGTACACG-1	B	9
GCAGATTCAAAGCTGG-1	B	11
GCAGATTCACACATGT-1	B	16
GCAGATTCACGTACAT-1	Myeloid	1
GCAGATTCACTCCTCA-1	NK	5
GCAGATTCAGAGATGC-1	B	8
GCAGATTCAGCAATGG-1	T	4
GCAGATTCAGGATGTG-1	T	14
GCAGATTCATACCCGG-1	Myeloid	1
GCAGATTCATGGTAAA-1	B	9
GCAGATTCATTACTCT-1	B	17
GCAGATTCATTCGTCC-1	B	11
GCAGATTGTAGACACG-1	Myeloid	1
GCAGATTGTATACGCT-1	NK	5
GCAGATTGTATTCGCA-1	Myeloid	6
GCAGATTGTCAGCTTA-1	Myeloid	6
GCAGATTGTCAGGTGA-1	Myeloid	10
GCAGATTGTCATCAAC-1	NK	3
GCAGATTGTCCGGTAC-1	Myeloid	10
GCAGATTGTGAATGTA-1	Myeloid	1
GCAGATTGTGCCGGTT-1	T	14
GCAGATTGTGCGTCCA-1	B	2
GCAGATTGTGTAGGAC-1	Stromal	12
GCAGATTGTGTTGTTG-1	B	11
GCAGATTGTTCCTATT-1	Myeloid	6
GCAGATTGTTTCGACA-1	Myeloid	1
GCAGATTTCAAGGCCC-1	B	0
GCAGATTTCAGTCTTT-1	NK	5
GCAGATTTCGATGTAC-1	Myeloid	1
GCAGATTTCGTCCCTA-1	NK	7
GCAGATTTCTCGGCGA-1	Myeloid	10
GCAGCCAAGAACTAAC-1	Myeloid	6
GCAGCCAAGACTCTTG-1	B	17
GCAGCCAAGAGCGAAA-1	Myeloid	1
GCAGCCAAGGAATGGA-1	Myeloid	6
GCAGCCAAGGCTTCGC-1	B	19
GCAGCCAAGGGTTCTT-1	NK	7
GCAGCCAAGTCGATAA-1	B	8
GCAGCCACACAAGTGG-1	B	2
GCAGCCACAGATGGCA-1	T	4
GCAGCCACAGGCACAA-1	T	4
GCAGCCACATAGCCGC-1	NK	7
GCAGCCACATCCTGGG-1	Stromal	12
GCAGCCACATCGAGTT-1	Stromal	12
GCAGCCACATTGCACA-1	NK	3
GCAGCCAGTATGCTAC-1	T	4
GCAGCCAGTGGACGAT-1	B	9
GCAGCCAGTTGTCGGC-1	B	19
GCAGCCATCACTTACT-1	Myeloid	1
GCAGCCATCCAAGAGG-1	Myeloid	1
GCAGCCATCCAGTACA-1	NK	7
GCAGCCATCCGAATTG-1	Myeloid	6
GCAGCCATCGCTCGGA-1	T	4
GCAGCCATCTCTTCCT-1	Myeloid	10
GCAGCTGAGAACGACC-1	Myeloid	6
GCAGCTGAGAAGCCTG-1	T	18
GCAGCTGAGACCAATA-1	Myeloid	10
GCAGCTGCAAGGATGC-1	Myeloid	15
GCAGCTGCAAGTCTCA-1	B	11
GCAGCTGCACCGAAAG-1	B	8
GCAGCTGCACGTTAGT-1	Myeloid	6
GCAGCTGCACTTATGG-1	Myeloid	1
GCAGCTGCAGTTGCAT-1	B	2
GCAGCTGCATCCGTGG-1	NK	7
GCAGCTGCATTAGCAC-1	NK	7
GCAGCTGGTAGCATGG-1	B	2
GCAGCTGGTATCTGCA-1	Myeloid	6
GCAGCTGGTGTCCAGC-1	Myeloid	6
GCAGCTGGTTACGCTA-1	Myeloid	6
GCAGCTGGTTCATTTC-1	T	14
GCAGCTGGTTGCCGCA-1	NK	5
GCAGCTGGTTTGCGAT-1	NK	5
GCAGCTGTCATGAACC-1	T	14
GCAGCTGTCCACCTAC-1	B	16
GCAGCTGTCCATGTTT-1	Myeloid	1
GCAGCTGTCGCATACA-1	NK	3
GCAGCTGTCGGGCTCA-1	Myeloid	6
GCAGCTGTCTAGCAAC-1	B	8
GCAGCTGTCTCAGATG-1	B	2
GCATGATAGGATGCCA-1	Stromal	12
GCATGATAGTTGAATG-1	NK	7
GCATGATAGTTGACAA-1	NK	5
GCATGATCAAATTGAG-1	NK	3
GCATGATCAATGGCTT-1	NK	7
GCATGATCACTCAAGT-1	NK	3
GCATGATCACTGCTTC-1	T	18
GCATGATCAGAGATGC-1	B	9
GCATGATCAGCTTACA-1	Stromal	12
GCATGATCATCACAAC-1	NK	7
GCATGATGTATCTCAG-1	B	0
GCATGATGTCTGGGCT-1	NK	5
GCATGATGTTTAGGAA-1	T	18
GCATGATGTTTCTTAC-1	T	18
GCATGATGTTTGATCG-1	Myeloid	6
GCATGATTCAAGGCCC-1	NK	3
GCATGATTCACGTCAA-1	NK	3
GCATGATTCAGGTTTG-1	B	0
GCATGATTCCACGAGC-1	B	8
GCATGATTCGCTGATA-1	Myeloid	10
GCATGATTCGGTTGTA-1	Myeloid	6
GCATGATTCTCCACTG-1	Stromal	12
GCATGATTCTGTGTCC-1	Stromal	12
GCATGATTCTTTGCAT-1	Myeloid	1
GCATTCCAGAACAGGA-1	Myeloid	1
GCATTCCAGAATACTG-1	B	9
GCATTCCAGATTACGA-1	B	19
GCATTCCAGCTAGTTC-1	B	11
GCATTCCAGGCAGTGT-1	Myeloid	10
GCATTCCAGGCCTCTG-1	T	4
GCATTCCAGGGCTTCC-1	Myeloid	1
GCATTCCAGTAATCAG-1	B	9
GCATTCCAGTACAACA-1	NK	5
GCATTCCAGTCGTGAG-1	NK	3
GCATTCCAGTTCGCGC-1	T	18
GCATTCCAGTTGTCCA-1	B	2
GCATTCCCAAGCCAGA-1	B	9
GCATTCCCAAGGACCA-1	T	4
GCATTCCCAATCACTG-1	NK	3
GCATTCCCACCTACCT-1	NK	3
GCATTCCCACGGCCAT-1	NK	7
GCATTCCCAGTCCTGG-1	Myeloid	1
GCATTCCCATGTAGAA-1	Myeloid	1
GCATTCCCATTAAGGA-1	B	0
GCATTCCCATTTCACT-1	T	4
GCATTCCGTAAGTGCG-1	T	4
GCATTCCGTAATGCCT-1	NK	5
GCATTCCGTACGAGAC-1	B	0
GCATTCCGTCTGGTCG-1	T	18
GCATTCCGTGGTAGAC-1	B	9
GCATTCCGTTCTTTGT-1	B	11
GCATTCCGTTGAAGCG-1	NK	3
GCATTCCGTTGGGAAC-1	Myeloid	15
GCATTCCTCAAGAGGC-1	NK	7
GCATTCCTCAATTGGC-1	Myeloid	15
GCATTCCTCAGGCCGT-1	NK	7
GCATTCCTCCATAACG-1	B	0
GCATTCCTCTCCACTG-1	NK	7
GCATTCCTCTCTGAGA-1	T	18
GCATTGAAGAAGCCTG-1	T	18
GCATTGAAGACGCCCT-1	Myeloid	6
GCATTGAAGACGTCAG-1	Myeloid	1
GCATTGAAGACTCTTG-1	Myeloid	10
GCATTGAAGAGCTGTG-1	B	2
GCATTGAAGATGGGAA-1	Myeloid	6
GCATTGAAGCTAACAA-1	Myeloid	6
GCATTGAAGGTAGGCT-1	Myeloid	6
GCATTGAAGGTCACTT-1	T	14
GCATTGAAGTAATCAG-1	NK	7
GCATTGAAGTAGGAAG-1	Myeloid	10
GCATTGACAATGACTC-1	T	4
GCATTGACAGGATGTG-1	Myeloid	1
GCATTGACAGTAACTC-1	B	19
GCATTGACATAGTCCA-1	B	2
GCATTGACATGGAGGT-1	NK	7
GCATTGAGTAGATGAT-1	Myeloid	15
GCATTGAGTAGATTAG-1	B	17
GCATTGAGTATTCTCT-1	B	9
GCATTGAGTCACCCGA-1	Myeloid	6
GCATTGAGTGCAAGCA-1	B	0
GCATTGAGTGTCGTCG-1	NK	7
GCATTGAGTTGTATCG-1	Myeloid	10
GCATTGATCAAGAGAT-1	NK	3
GCATTGATCACTAGCA-1	Myeloid	1
GCATTGATCCCGCAAG-1	Myeloid	1
GCATTGATCGACCCGA-1	B	16
GCATTGATCGTCTTAT-1	Myeloid	6
GCATTGATCGTGCTGG-1	Stromal	12
GCATTGATCTGTAGAC-1	B	2
GCATTGATCTTCCACG-1	Stromal	12
GCCAGACAGAGTTTGA-1	B	19
GCCAGACAGCCATTCA-1	Myeloid	1
GCCAGACAGGAACCGT-1	NK	7
GCCAGACAGTCTTAGC-1	B	2
GCCAGACAGTGTCCCG-1	NK	7
GCCAGACCAACGAGGT-1	B	2
GCCAGACCACATTGCA-1	Myeloid	6
GCCAGACCAGATGGCA-1	NK	7
GCCAGACCAGCAGGTA-1	B	0
GCCAGACCAGGCAAGT-1	Myeloid	6
GCCAGACCATCAGCTA-1	T	4
GCCAGACCATCCCGGA-1	Myeloid	1
GCCAGACCATGACTGT-1	NK	3
GCCAGACCATGCTATG-1	Myeloid	1
GCCAGACCATTATGGC-1	Myeloid	6
GCCAGACCATTGTGAC-1	Myeloid	1
GCCAGACGTACGAGAC-1	Myeloid	1
GCCAGACGTACTATGC-1	NK	5
GCCAGACGTATTCGCA-1	Myeloid	1
GCCAGACGTCCAACCG-1	B	9
GCCAGACGTCCCTTTG-1	B	9
GCCAGACGTCCGAGCT-1	B	8
GCCAGACGTCTCAAAC-1	Myeloid	10
GCCAGACGTTCGGGAA-1	B	11
GCCAGACTCAAAGTAG-1	B	8
GCCAGACTCAGCACTA-1	NK	7
GCCAGACTCAGGAATA-1	B	9
GCCAGACTCCAGGGAA-1	Stromal	12
GCCAGACTCCAGGTAT-1	B	8
GCCAGACTCCTCATTA-1	T	18
GCCAGACTCGATCTTT-1	B	8
GCCAGACTCGCGTGAC-1	T	14
GCCAGACTCTATATCC-1	NK	7
GCCAGACTCTATCTTG-1	Myeloid	6
GCCAGACTCTCGCGGA-1	B	19
GCCAGACTCTGAAAGA-1	NK	7
GCCAGACTCTGAGTAC-1	T	18
GCCAGCAAGACAGTGC-1	B	11
GCCAGCAAGACCCTAT-1	Myeloid	1
GCCAGCAAGACTTCCA-1	B	9
GCCAGCAAGCACGTAG-1	B	2
GCCAGCAAGCTACGTT-1	NK	7
GCCAGCAAGGTCGTTT-1	Myeloid	6
GCCAGCAAGTGTTCCA-1	Myeloid	1
GCCAGCAAGTTGTCCA-1	B	16
GCCAGCACAACGAGGT-1	Myeloid	1
GCCAGCACAACTCAAC-1	T	14
GCCAGCACACACACCG-1	Myeloid	15
GCCAGCACACATTGCA-1	NK	7
GCCAGCACACTTACAG-1	NK	3
GCCAGCACAGGTTATC-1	B	8
GCCAGCACATCAGAAA-1	T	14
GCCAGCACATGGATGG-1	B	9
GCCAGCACATTAACGC-1	Myeloid	6
GCCAGCAGTAAGCCTT-1	T	18
GCCAGCAGTACCGGCT-1	Stromal	12
GCCAGCAGTACGGAGT-1	NK	3
GCCAGCAGTCAGTGCC-1	T	4
GCCAGCAGTGATAACA-1	B	11
GCCAGCAGTGATGTGG-1	Myeloid	13
GCCAGCAGTGCAAGCA-1	B	11
GCCAGCAGTGCATTGT-1	T	14
GCCAGCAGTGGTAAGC-1	B	2
GCCAGCAGTTAGAGAT-1	Myeloid	6
GCCAGCAGTTCTCGAA-1	Myeloid	1
GCCAGCATCAGCACTA-1	B	11
GCCAGCATCCATACCC-1	T	4
GCCAGCATCCGGAAAG-1	B	11
GCCAGCATCGCACAAT-1	Myeloid	10
GCCAGCATCGTTTGAG-1	B	2
GCCATAAAGAGCACTG-1	B	8
GCCATAAAGCAACGGT-1	NK	7
GCCATAAAGGCCAATG-1	Myeloid	10
GCCATAAAGTAGACCG-1	T	18
GCCATAAAGTCAGGAC-1	NK	5
GCCATAAAGTTCAACC-1	B	17
GCCATAAAGTTCCCGG-1	NK	3
GCCATAACAAGAGATT-1	B	11
GCCATAACACATATCG-1	T	4
GCCATAACACGTTAGT-1	NK	7
GCCATAACACTAGGAG-1	B	8
GCCATAACAGTCAGAG-1	Myeloid	6
GCCATAACAGTTGCAT-1	B	11
GCCATAACATCCCTCA-1	NK	7
GCCATAACATCCGTGG-1	NK	7
GCCATAACATCCTCGT-1	B	2
GCCATAAGTAACCCAT-1	T	18
GCCATAAGTACATGGG-1	T	18
GCCATAAGTCATTGCA-1	T	18
GCCATAAGTGAAACAT-1	Myeloid	10
GCCATAAGTTTGCATG-1	Myeloid	6
GCCATAATCAGAATGA-1	B	11
GCCATAATCAGGTCTA-1	NK	3
GCCATAATCCAAGTCA-1	B	9
GCCATAATCCAATCCC-1	T	4
GCCATAATCCATGACA-1	B	11
GCCATAATCCCTACCA-1	Myeloid	6
GCCATAATCCGGCTGA-1	B	2
GCCATAATCGCTATTT-1	B	0
GCCATAATCGGATGTT-1	Myeloid	10
GCCATAATCTTATCAC-1	NK	3
GCCCAGAAGAACGACC-1	Myeloid	6
GCCCAGAAGACTAGGC-1	T	14
GCCCAGAAGCCCATTA-1	Myeloid	1
GCCCAGAAGTAGGTCG-1	Myeloid	6
GCCCAGAAGTCGACCC-1	B	9
GCCCAGAAGTTACACC-1	NK	3
GCCCAGAAGTTAGAGT-1	NK	5
GCCCAGACAAGAGATT-1	T	4
GCCCAGACAAGCCAGA-1	B	9
GCCCAGACACACACAT-1	Myeloid	1
GCCCAGACACCGAATT-1	T	14
GCCCAGACAGATTTGC-1	B	19
GCCCAGACAGCGTGAA-1	Myeloid	6
GCCCAGACAGTTGGAG-1	B	16
GCCCAGACATCGGCTG-1	NK	7
GCCCAGACATCGTGAT-1	B	0
GCCCAGAGTAAGCCTT-1	Stromal	12
GCCCAGAGTATTGTGC-1	T	4
GCCCAGAGTCAGAAGC-1	NK	7
GCCCAGAGTCCGCTTT-1	Myeloid	6
GCCCAGAGTCTGGTCG-1	B	9
GCCCAGAGTGCGCTCA-1	B	11
GCCCAGAGTGCGTAGA-1	B	9
GCCCAGAGTGTCCCAG-1	Myeloid	6
GCCCAGAGTTAGAGAT-1	Myeloid	1
GCCCAGATCTACATCT-1	B	9
GCCCAGATCTATACCT-1	B	11
GCCCAGATCTCCAACC-1	NK	5
GCCCGAAAGAATCAGT-1	Myeloid	15
GCCCGAAAGACAGTGC-1	Myeloid	13
GCCCGAAAGCTGAAAT-1	NK	3
GCCCGAAAGGATGTAT-1	Myeloid	6
GCCCGAACAACGACAG-1	B	11
GCCCGAACAACGCACC-1	Myeloid	1
GCCCGAACAAGACACG-1	Myeloid	15
GCCCGAACAAGGTTCT-1	Myeloid	15
GCCCGAACAATCATCG-1	B	8
GCCCGAACAATGATGA-1	B	9
GCCCGAACACAGGAAC-1	B	2
GCCCGAACACCGAAAG-1	T	4
GCCCGAACACTCCTCA-1	T	18
GCCCGAACAGCAATGG-1	B	11
GCCCGAACAGGTGGTA-1	T	4
GCCCGAACAGTAAGAT-1	Myeloid	1
GCCCGAACATCATAGC-1	Myeloid	6
GCCCGAACATGTGGGA-1	NK	3
GCCCGAACATTCACGA-1	B	17
GCCCGAAGTAGCGAGT-1	Myeloid	10
GCCCGAAGTCAACGGA-1	T	18
GCCCGAAGTCACAGTT-1	Myeloid	10
GCCCGAAGTCCAGACC-1	NK	7
GCCCGAAGTGCAAAGC-1	Myeloid	6
GCCCGAAGTTCACGTA-1	NK	7
GCCCGAAGTTCCCTTG-1	B	19
GCCCGAAGTTCGGGAA-1	B	2
GCCCGAATCACTTACT-1	Stromal	12
GCCCGAATCATCGCAA-1	Stromal	12
GCCCGAATCCATACCC-1	B	19
GCCCGAATCGCCTTAC-1	T	18
GCCCGAATCGGTTAGT-1	T	14
GCCCGAATCGTAGCGC-1	NK	3
GCCCGAATCGTCCCTA-1	B	9
GCCCGAATCTTGGCCT-1	T	4
GCCTACTAGAAAGCAG-1	Myeloid	6
GCCTACTAGCACACCC-1	B	11
GCCTACTAGCTAACAA-1	Myeloid	6
GCCTACTCAAACCCTA-1	Myeloid	6
GCCTACTCAAGGTTCT-1	Myeloid	1
GCCTACTCAATCACTG-1	B	9
GCCTACTCAATGGCAG-1	B	2
GCCTACTCACTGTCGG-1	NK	7
GCCTACTCAGATTTGC-1	Myeloid	1
GCCTACTCAGGCATCC-1	B	9
GCCTACTGTAGAACGC-1	T	4
GCCTACTGTAGTTTGC-1	T	4
GCCTACTGTCAAACAA-1	Stromal	12
GCCTACTGTCAACTAC-1	B	19
GCCTACTGTGTAGGAC-1	NK	3
GCCTACTTCAGGCGCT-1	T	18
GCCTACTTCGACTATG-1	B	17
GCCTACTTCGCCACTT-1	NK	7
GCCTACTTCGCCCTTA-1	T	14
GCCTACTTCTCTATCA-1	NK	3
GCCTAGGAGAACCCGA-1	B	9
GCCTAGGAGGGTGTTG-1	B	0
GCCTAGGAGTAGAAGG-1	Myeloid	1
GCCTAGGAGTCGACCC-1	Myeloid	1
GCCTAGGCACAACGGA-1	B	2
GCCTAGGCACAGTTAC-1	Myeloid	1
GCCTAGGCACTGTAAC-1	B	19
GCCTAGGCACTGTCGG-1	Myeloid	6
GCCTAGGCAGTTAAAG-1	B	11
GCCTAGGGTACCAAGG-1	NK	5
GCCTAGGGTCATCGTA-1	Stromal	12
GCCTAGGGTGGTTCTA-1	T	4
GCCTAGGGTTCAGTTG-1	B	11
GCCTAGGGTTTGGATC-1	Myeloid	10
GCCTAGGTCAGCACGC-1	NK	7
GCCTAGGTCCACGAGC-1	T	4
GCCTAGGTCCATACGA-1	T	4
GCCTAGGTCCATGTTT-1	B	19
GCCTAGGTCCTTTGCG-1	NK	7
GCCTAGGTCGATATGC-1	Myeloid	6
GCCTAGGTCGATCGCG-1	B	9
GCCTAGGTCGGCAATT-1	B	19
GCCTAGGTCGTGGTAT-1	B	0
GCCTAGGTCTAAACGC-1	Stromal	12
GCCTAGGTCTGAGTAC-1	B	9
GCCTAGGTCTTAAGCG-1	T	4
GCGAGAAAGACGAAAG-1	NK	7
GCGAGAAAGCGTTGCC-1	B	2
GCGAGAAAGGATGTAT-1	T	18
GCGAGAAAGGGAGATA-1	B	11
GCGAGAAAGTGTCGGA-1	Myeloid	6
GCGAGAAAGTTCGCGC-1	Myeloid	6
GCGAGAACAACGGGTA-1	B	11
GCGAGAACAACGTCGC-1	B	8
GCGAGAACAAGAGCGT-1	NK	5
GCGAGAACACCCATCT-1	B	16
GCGAGAACACCTATTT-1	NK	3
GCGAGAACACTCCCAT-1	B	16
GCGAGAAGTAACAATG-1	T	14
GCGAGAAGTAACGGCA-1	B	2
GCGAGAAGTACGGATG-1	NK	5
GCGAGAAGTATCATGC-1	B	2
GCGAGAAGTCATGAGG-1	B	16
GCGAGAAGTGACAAGC-1	Myeloid	10
GCGAGAAGTGAGGGTT-1	Myeloid	6
GCGAGAAGTGCCCGAT-1	Myeloid	10
GCGAGAATCACTAGGT-1	NK	7
GCGAGAATCAGGTCTA-1	Myeloid	1
GCGAGAATCATTGCCC-1	Myeloid	10
GCGAGAATCCGGGCAT-1	T	18
GCGAGAATCGAGTTAC-1	Myeloid	6
GCGAGAATCGTCCCTA-1	Stromal	12
GCGAGTCAGAAATACC-1	NK	7
GCGAGTCAGATAGGTT-1	B	9
GCGAGTCAGCGAATAT-1	Myeloid	6
GCGAGTCAGGCAGTAC-1	NK	5
GCGAGTCAGTATCTGC-1	B	19
GCGAGTCAGTCGATAA-1	NK	7
GCGAGTCAGTTCGACT-1	T	18
GCGAGTCCAACCTCCT-1	Myeloid	6
GCGAGTCCAAGGGAGG-1	T	4
GCGAGTCCACTAAACC-1	NK	7
GCGAGTCCACTTTGGA-1	Myeloid	15
GCGAGTCCAGAACGAC-1	Myeloid	1
GCGAGTCCAGGAGCAT-1	T	18
GCGAGTCCATCCCGGA-1	T	18
GCGAGTCGTAACGGAC-1	T	18
GCGAGTCGTATGAAGT-1	B	9
GCGAGTCGTCACCCGA-1	T	14
GCGAGTCGTGGATTCT-1	Myeloid	6
GCGAGTCGTTCACGTA-1	B	11
GCGAGTCTCAATCGTG-1	Myeloid	6
GCGAGTCTCACTACCC-1	B	16
GCGAGTCTCGAGTGTT-1	Stromal	12
GCGAGTCTCGCTTCAC-1	B	11
GCGAGTCTCGGTCGAC-1	Myeloid	1
GCGAGTCTCTCAGATG-1	B	2
GCGATCGAGCAGAAAG-1	NK	7
GCGATCGAGGAAGAAC-1	Stromal	12
GCGATCGAGGGTTCTT-1	B	0
GCGATCGAGGTGATGC-1	B	11
GCGATCGAGTACCACT-1	Myeloid	13
GCGATCGAGTGAGCTG-1	Myeloid	13
GCGATCGCAAAGAGAG-1	B	9
GCGATCGCAAATAGTG-1	B	9
GCGATCGCAATGTGCT-1	NK	7
GCGATCGCACATTCTT-1	T	18
GCGATCGCACCCATCT-1	B	8
GCGATCGCACTCAAGT-1	Myeloid	6
GCGATCGCAGCAACCC-1	T	18
GCGATCGCATAGCCGC-1	B	9
GCGATCGCATCCCTCA-1	Stromal	12
GCGATCGCATGTATCG-1	Myeloid	15
GCGATCGGTACAAATG-1	NK	3
GCGATCGGTACCAAGG-1	NK	7
GCGATCGGTACGGATG-1	Myeloid	1
GCGATCGGTAGATTAG-1	B	8
GCGATCGGTTAACCGT-1	Myeloid	1
GCGATCGGTTTGATCG-1	Myeloid	6
GCGATCGTCAGCCGGT-1	B	8
GCGATCGTCCAATAGC-1	NK	3
GCGATCGTCCAGGTAT-1	Myeloid	1
GCGATCGTCCCACTTG-1	NK	7
GCGATCGTCCGGACTG-1	Myeloid	10
GCGATCGTCCTTCGAC-1	T	4
GCGATCGTCGCAACTA-1	Myeloid	1
GCGATCGTCGCTGATA-1	B	16
GCGATCGTCGGTACTA-1	T	14
GCGATCGTCTACATCT-1	Myeloid	1
GCGATCGTCTCGACCT-1	NK	7
GCGATTAAGATCGCCC-1	B	9
GCGATTAAGCGTAGCA-1	B	9
GCGATTAAGGCAAGGG-1	Myeloid	6
GCGATTAAGGCTCAGA-1	NK	3
GCGATTAAGGTTTCTG-1	Myeloid	1
GCGATTAAGTACGCGA-1	T	4
GCGATTAAGTCGAGCA-1	T	14
GCGATTACAGGAGCAT-1	T	14
GCGATTAGTAAGCCGA-1	Myeloid	1
GCGATTAGTATACGCT-1	B	19
GCGATTAGTATTCGCA-1	Myeloid	10
GCGATTAGTTCTGAAC-1	NK	7
GCGATTATCACAACAC-1	NK	3
GCGATTATCACATCCC-1	B	9
GCGATTATCCAGGTAT-1	T	14
GCGATTATCCCTACGT-1	B	11
GCGATTATCTATCCTA-1	T	4
GCGATTATCTGCTACC-1	NK	7
GCGATTATCTTGTACT-1	T	18
GCGCATGAGAGGCCTA-1	B	8
GCGCATGAGGCGACTA-1	NK	3
GCGCATGAGTCGTGAG-1	Myeloid	6
GCGCATGAGTCTGTGT-1	NK	7
GCGCATGAGTCTTAGC-1	NK	5
GCGCATGCAAACGACG-1	B	9
GCGCATGCACACATGT-1	B	19
GCGCATGCACCGAAAG-1	B	9
GCGCATGCACTTACAG-1	Myeloid	1
GCGCATGCAGAACTTC-1	Myeloid	15
GCGCATGCAGAGCCAA-1	NK	5
GCGCATGCAGCAACCC-1	B	19
GCGCATGCAGGCTACC-1	B	8
GCGCATGCATTTGGTG-1	Myeloid	1
GCGCATGGTAATGTAG-1	B	2
GCGCATGGTAGCATGG-1	Myeloid	10
GCGCATGGTATCACAC-1	NK	3
GCGCATGGTCATTGGT-1	Myeloid	6
GCGCATGGTCTCTAAG-1	B	9
GCGCATGGTGGATTCT-1	NK	3
GCGCATGGTGTACGCC-1	Stromal	12
GCGCATGGTGTAGGAC-1	Myeloid	1
GCGCATGGTTTGTACG-1	Myeloid	6
GCGCATGTCACAAGCT-1	Myeloid	1
GCGCATGTCATGCTTT-1	B	16
GCGCATGTCATGTTCT-1	T	14
GCGCATGTCCAACCTC-1	Myeloid	1
GCGCATGTCCAAGTCA-1	B	8
GCGCATGTCCCGCAAG-1	NK	5
GCGCATGTCGCTATAG-1	Myeloid	10
GCGCATGTCGGTCTCT-1	B	2
GCGCATGTCTTACCTA-1	B	8
GCGCCAAAGAATACTG-1	T	4
GCGCCAAAGACTTGAA-1	Myeloid	1
GCGCCAAAGAGCACTG-1	B	2
GCGCCAAAGAGTAAGG-1	Myeloid	1
GCGCCAAAGATACCAA-1	T	14
GCGCCAAAGGTTACAA-1	T	14
GCGCCAAAGTCCCGCA-1	Myeloid	15
GCGCCAAAGTCGAGCA-1	T	14
GCGCCAACAAACCTAC-1	Myeloid	1
GCGCCAACAAAGCTGG-1	B	19
GCGCCAACAACAACTC-1	Myeloid	1
GCGCCAACAACTACTG-1	NK	5
GCGCCAACAAGTCTCA-1	NK	5
GCGCCAACACCACCAG-1	NK	7
GCGCCAACACTGCTTC-1	Myeloid	1
GCGCCAACAGAAAGAG-1	NK	7
GCGCCAACAGGACCTC-1	B	8
GCGCCAACAGTTGCAT-1	Myeloid	1
GCGCCAACATGGGTGA-1	Myeloid	10
GCGCCAACATTCACCC-1	B	17
GCGCCAAGTAAGGTCG-1	NK	3
GCGCCAAGTACATGGG-1	T	18
GCGCCAAGTAGCCATT-1	NK	3
GCGCCAAGTAGGTGAC-1	Myeloid	1
GCGCCAAGTAGTACAA-1	Myeloid	1
GCGCCAAGTGGCCTCA-1	Myeloid	10
GCGCCAAGTTAAGTCC-1	NK	7
GCGCCAAGTTACGCTA-1	Myeloid	1
GCGCCAAGTTCCCTTG-1	Stromal	12
GCGCCAAGTTGGCTAT-1	Myeloid	6
GCGCCAATCAGGAATA-1	T	18
GCGCCAATCAGGTCTA-1	NK	3
GCGCCAATCCAATCCC-1	NK	3
GCGCCAATCCTCTCTT-1	T	14
GCGCCAATCGACTATG-1	NK	7
GCGCCAATCGCACCGA-1	Stromal	12
GCGCCAATCGCTCTAC-1	T	18
GCGCCAATCTAGCTGA-1	B	0
GCGCCAATCTCATCCG-1	Myeloid	6
GCGCCAATCTCCCTTT-1	NK	5
GCGCCAATCTTCAGAG-1	T	14
GCGGAAAAGACGCCCT-1	Myeloid	10
GCGGAAAAGAGCCACA-1	Myeloid	1
GCGGAAAAGGAGACTC-1	T	4
GCGGAAAAGTGTCCCG-1	B	8
GCGGAAACAAGTTCGT-1	B	16
GCGGAAACAATGTAAG-1	B	17
GCGGAAACAATTCAGC-1	Myeloid	1
GCGGAAACACAGTAGG-1	B	9
GCGGAAACACGAACGA-1	Stromal	12
GCGGAAACAGCAACCC-1	Myeloid	6
GCGGAAACAGGCACAA-1	NK	7
GCGGAAACAGTAAGCG-1	NK	5
GCGGAAACATACCCGG-1	Myeloid	13
GCGGAAACATCACAGT-1	B	11
GCGGAAACATTTGGTG-1	NK	7
GCGGAAAGTAAAGGCC-1	Myeloid	6
GCGGAAAGTAACATAG-1	B	2
GCGGAAAGTAGACACG-1	B	9
GCGGAAAGTGTCCCAG-1	Stromal	12
GCGGAAAGTTATAGAG-1	NK	7
GCGGAAAGTTGTATCG-1	B	2
GCGGAAATCAATTGGC-1	Myeloid	15
GCGGAAATCAGTGGTT-1	Myeloid	1
GCGGAAATCCATATCT-1	B	0
GCGGAAATCCATGACA-1	T	14
GCGGAAATCCCACGGA-1	Myeloid	6
GCGGAAATCCCGGGTA-1	T	14
GCGGAAATCCTAAGTG-1	B	9
GCGGAAATCTCTATCA-1	Myeloid	6
GCGGGTTAGAGAATTC-1	Myeloid	6
GCGGGTTAGAGAGTAG-1	Myeloid	1
GCGGGTTAGTGAATAC-1	NK	5
GCGGGTTCAAAGAAGG-1	T	18
GCGGGTTCAAATAGTG-1	Myeloid	6
GCGGGTTCAAGACTTC-1	B	0
GCGGGTTCAAGCTTTG-1	B	2
GCGGGTTCACCTGGTG-1	B	9
GCGGGTTCACTGTCAA-1	B	11
GCGGGTTCACTTTGGA-1	Myeloid	1
GCGGGTTCAGTTGCAT-1	B	11
GCGGGTTCATAGACGG-1	T	4
GCGGGTTGTACAAGCG-1	B	11
GCGGGTTGTCATAGAA-1	B	9
GCGGGTTGTCCAACCG-1	Myeloid	1
GCGGGTTGTCCGGTAC-1	B	8
GCGGGTTGTGATAGAT-1	Myeloid	6
GCGGGTTGTGTGAGGT-1	NK	7
GCGGGTTGTTAGGAAT-1	B	0
GCGGGTTGTTCCTATT-1	T	14
GCGGGTTTCAAAGTAG-1	B	8
GCGGGTTTCAGATACC-1	T	18
GCGGGTTTCCAGAGAG-1	B	9
GCGGGTTTCCCACTAC-1	Myeloid	6
GCGGGTTTCCGAGGAA-1	B	11
GCGGGTTTCGCTTACC-1	B	0
GCGGGTTTCGGATAGG-1	NK	7
GCGGGTTTCTAGCTGA-1	Myeloid	6
GCGGGTTTCTCGTGAA-1	Myeloid	1
GCGGGTTTCTTGTACT-1	T	14
GCGGTGTAGAAAGGGT-1	Stromal	12
GCGGTGTAGAGTAAGG-1	NK	7
GCGGTGTAGCGTTAGG-1	Myeloid	1
GCGGTGTAGGAGTACC-1	B	9
GCGGTGTAGGCGATTG-1	Myeloid	15
GCGGTGTAGTCTCCAA-1	B	11
GCGGTGTAGTCTCGAT-1	B	9
GCGGTGTAGTGCACAG-1	T	4
GCGGTGTAGTGGACGT-1	Myeloid	6
GCGGTGTAGTGGGACT-1	T	18
GCGGTGTAGTTTGGAA-1	NK	7
GCGGTGTCAACGTAGG-1	B	9
GCGGTGTCACCCATCT-1	B	0
GCGGTGTCACGGCCAT-1	Myeloid	1
GCGGTGTCACTCAAGT-1	B	2
GCGGTGTCAGTCAGAG-1	T	18
GCGGTGTCAGTTACAC-1	Myeloid	1
GCGGTGTGTAACATAG-1	NK	7
GCGGTGTGTACCCATA-1	B	8
GCGGTGTGTCGCTAGC-1	NK	3
GCGGTGTGTGAGCTAG-1	NK	7
GCGGTGTGTGCGTCCA-1	NK	5
GCGGTGTGTGGTAGAC-1	Myeloid	13
GCGGTGTGTGGTCGAA-1	B	9
GCGGTGTGTTTGTAGC-1	NK	3
GCGGTGTTCCAGGTCG-1	Myeloid	6
GCGGTGTTCCGCTATC-1	T	4
GCGGTGTTCCTGACCT-1	Stromal	12
GCGGTGTTCGCTATAG-1	B	0
GCGGTGTTCTGGCACG-1	NK	3
GCGGTGTTCTTACGGA-1	T	14
GCGTAGCAGAAAGGGT-1	B	9
GCGTAGCAGACGCCCT-1	NK	3
GCGTAGCAGAGTCCGA-1	NK	7
GCGTAGCAGGCTCAGA-1	NK	3
GCGTAGCAGTAATCAG-1	B	17
GCGTAGCAGTCACACT-1	B	9
GCGTAGCAGTGTCGCC-1	Myeloid	10
GCGTAGCCACAGAAGC-1	Myeloid	6
GCGTAGCCACAGGTAG-1	B	2
GCGTAGCCACCTGGTG-1	Myeloid	10
GCGTAGCCAGGATGTG-1	B	9
GCGTAGCCAGGTCTGC-1	B	9
GCGTAGCCAGGTGGTA-1	Myeloid	6
GCGTAGCCAGTAACCT-1	B	0
GCGTAGCCATCTCACC-1	Myeloid	10
GCGTAGCCATGCACTA-1	B	2
GCGTAGCGTCAATCCA-1	Myeloid	10
GCGTAGCGTCTGGTTA-1	Myeloid	1
GCGTAGCGTGATGTGG-1	B	11
GCGTAGCGTTGCAGCC-1	B	8
GCGTAGCTCAACACGT-1	Myeloid	1
GCGTAGCTCATCGCCT-1	T	18
GCGTAGCTCCAAACCA-1	Myeloid	13
GCGTAGCTCCACCTAC-1	B	2
GCGTAGCTCCCAATAG-1	NK	3
GCGTAGCTCCTTGACC-1	B	16
GCGTAGCTCGATGAAA-1	Myeloid	15
GCGTAGCTCTCCCTTT-1	B	8
GCGTTGGAGAAGGGCG-1	T	18
GCGTTGGAGAGAGTTT-1	B	9
GCGTTGGAGCCTATAC-1	Myeloid	6
GCGTTGGAGCGCATTT-1	B	11
GCGTTGGAGGAAGAAC-1	Myeloid	1
GCGTTGGAGGAGTACC-1	B	17
GCGTTGGAGTGAGTTA-1	NK	7
GCGTTGGAGTTGCTTG-1	Myeloid	13
GCGTTGGCAAGACACG-1	Stromal	12
GCGTTGGCAAGCCAGA-1	B	8
GCGTTGGCACTTATGG-1	B	2
GCGTTGGCACTTGCGG-1	Myeloid	6
GCGTTGGCAGTAACGG-1	B	17
GCGTTGGCATTTAGGC-1	B	2
GCGTTGGGTAAGGTCG-1	Myeloid	10
GCGTTGGGTACCCACG-1	Myeloid	1
GCGTTGGGTCCGTCGA-1	B	2
GCGTTGGGTCGCGCTA-1	Myeloid	1
GCGTTGGGTCGTCGCA-1	B	19
GCGTTGGGTCTAACCA-1	NK	7
GCGTTGGGTCTGAGCC-1	Myeloid	15
GCGTTGGTCATTCTTG-1	Myeloid	13
GCGTTGGTCCGGGCAT-1	NK	3
GCGTTGGTCTACTGCC-1	Myeloid	10
GCTCACTAGAATATCG-1	Myeloid	6
GCTCACTAGCAATGTA-1	Myeloid	1
GCTCACTAGCTAGCAG-1	B	19
GCTCACTAGGCAAGGG-1	B	2
GCTCACTAGGCACTAG-1	B	2
GCTCACTAGTTAGCGG-1	Myeloid	15
GCTCACTCAAATTCCG-1	T	14
GCTCACTCAACTCCCT-1	B	11
GCTCACTCAATACTGC-1	B	9
GCTCACTCACTGTCGG-1	NK	7
GCTCACTCAGCAACGA-1	NK	7
GCTCACTCAGGTGTGA-1	NK	3
GCTCACTCATCATCGA-1	B	8
GCTCACTGTACAACGG-1	NK	3
GCTCACTGTACGCCCA-1	B	11
GCTCACTGTAGGTAAT-1	Myeloid	1
GCTCACTGTAGTGATA-1	Myeloid	6
GCTCACTGTATTCGCA-1	T	14
GCTCACTGTCATAAGA-1	Myeloid	1
GCTCACTGTGAATACA-1	B	11
GCTCACTGTGGACCAA-1	B	11
GCTCACTGTTACACTG-1	Myeloid	1
GCTCACTTCAGTCTTT-1	Myeloid	15
GCTCACTTCCCAGTAA-1	Myeloid	13
GCTCACTTCCTCATTA-1	Myeloid	1
GCTCACTTCGCAAGCC-1	Myeloid	1
GCTCACTTCTCCTTAA-1	T	18
GCTCACTTCTGGACAT-1	B	9
GCTCACTTCTGGTACA-1	B	19
GCTCAGGAGAGCCACA-1	B	11
GCTCAGGAGCTACGTT-1	Myeloid	6
GCTCAGGAGCTAGTTC-1	B	11
GCTCAGGAGGGACGTT-1	Myeloid	15
GCTCAGGAGTGAATAC-1	Myeloid	13
GCTCAGGAGTTCAGGG-1	B	11
GCTCAGGCAAGGGAGG-1	NK	5
GCTCAGGCACGCTGTG-1	Myeloid	1
GCTCAGGCACTGTCGG-1	B	0
GCTCAGGCAGTTAAAG-1	T	14
GCTCAGGCATCGGCCA-1	B	2
GCTCAGGCATCGGCTG-1	Myeloid	6
GCTCAGGCATTAGCAC-1	B	11
GCTCAGGGTAACCATC-1	B	16
GCTCAGGGTATCCTTT-1	Stromal	12
GCTCAGGGTATGAAGT-1	B	8
GCTCAGGGTCAGCTTA-1	B	2
GCTCAGGGTCCAAGTT-1	Myeloid	6
GCTCAGGGTCCTTCAC-1	Myeloid	1
GCTCAGGGTGAATCAA-1	Myeloid	6
GCTCAGGGTTAACCAC-1	Myeloid	1
GCTCAGGGTTATCGAC-1	Myeloid	6
GCTCAGGTCAAGGCAG-1	B	0
GCTCAGGTCAATTCCT-1	Myeloid	1
GCTCAGGTCACTGGTA-1	B	0
GCTCAGGTCAGGCCGT-1	B	11
GCTCAGGTCAGTGTGT-1	B	9
GCTCAGGTCTAAACGC-1	Myeloid	1
GCTCAGGTCTATACCT-1	Myeloid	6
GCTCAGGTCTCATCCG-1	NK	5
GCTCAGGTCTGAGTAC-1	NK	7
GCTCAGGTCTTGTACT-1	Myeloid	1
GCTCCTAAGTCGACCC-1	B	11
GCTCCTAAGTCGGGAT-1	Myeloid	6
GCTCCTACAACGGACA-1	Myeloid	6
GCTCCTACAACGTCGC-1	T	14
GCTCCTACAATTAGGA-1	Myeloid	6
GCTCCTACAATTGGCT-1	B	9
GCTCCTACACGCTCAG-1	Myeloid	15
GCTCCTACACTACACA-1	Stromal	12
GCTCCTACATCATCGA-1	NK	7
GCTCCTAGTACGTATC-1	Myeloid	15
GCTCCTAGTCCATTGA-1	T	4
GCTCCTAGTGATAGAT-1	NK	7
GCTCCTAGTGGTTCTA-1	T	18
GCTCCTAGTGTGACCC-1	B	8
GCTCCTAGTTCGGGAA-1	T	14
GCTCCTAGTTTCGTTT-1	Stromal	12
GCTCCTATCACATCCC-1	Stromal	12
GCTCCTATCCCTAAAG-1	T	4
GCTCCTATCGACGGAA-1	Myeloid	6
GCTCCTATCGCATAAC-1	NK	7
GCTCCTATCGGGATCC-1	B	11
GCTCCTATCTCTTCTC-1	B	11
GCTCCTATCTTAATCC-1	T	4
GCTCCTATCTTCCACG-1	B	9
GCTCGAGAGAGAGTAG-1	Myeloid	10
GCTCGAGAGCGCATTT-1	B	8
GCTCGAGAGGACTTTC-1	Stromal	12
GCTCGAGAGGCAGTAC-1	Myeloid	1
GCTCGAGAGGCCAGTA-1	NK	3
GCTCGAGAGGGCGAAG-1	Stromal	12
GCTCGAGAGTCTCCAA-1	NK	5
GCTCGAGAGTCTGCTA-1	T	18
GCTCGAGAGTGAGTGC-1	B	2
GCTCGAGCAACTAGAA-1	Myeloid	6
GCTCGAGCAAGGATGC-1	NK	3
GCTCGAGCAATCATCG-1	NK	7
GCTCGAGCACAGAAGC-1	T	14
GCTCGAGCACATGATC-1	T	4
GCTCGAGCACCGAAAG-1	B	11
GCTCGAGCACCTCGTT-1	Myeloid	10
GCTCGAGCACGTACAT-1	NK	7
GCTCGAGCAGAGAGAA-1	Myeloid	10
GCTCGAGCATAGAATG-1	B	2
GCTCGAGCATCAACTG-1	Myeloid	6
GCTCGAGCATGATCGT-1	B	11
GCTCGAGCATTGATGC-1	T	18
GCTCGAGGTACATGGG-1	B	11
GCTCGAGGTACGCCCA-1	Stromal	12
GCTCGAGGTCATCGTA-1	T	14
GCTCGAGGTGCGTCCA-1	T	14
GCTCGAGGTGTGTGTT-1	T	18
GCTCGAGGTGTTTCTT-1	Stromal	12
GCTCGAGGTTCACGTA-1	B	16
GCTCGAGGTTGGGAAC-1	Myeloid	13
GCTCGAGTCAAGTTGC-1	Myeloid	1
GCTCGAGTCACATTCT-1	B	2
GCTCGAGTCACTAGGT-1	B	16
GCTCGAGTCAGAACGG-1	NK	7
GCTCGAGTCAGGGTTT-1	B	11
GCTCGAGTCCAGGTCG-1	NK	3
GCTCGAGTCCTAAAGC-1	Myeloid	6
GCTCGAGTCGCTACCT-1	Myeloid	1
GCTCGAGTCGTCCCTA-1	Myeloid	1
GCTCGAGTCTGACTTT-1	Myeloid	1
GCTCGAGTCTTCCAGC-1	Stromal	12
GCTGAGCAGATGCGCA-1	Myeloid	10
GCTGAGCAGCTCGTTA-1	B	16
GCTGAGCAGGCTAAAT-1	NK	3
GCTGAGCAGTAATCAG-1	B	11
GCTGAGCAGTGAAACT-1	B	11
GCTGAGCCAAGACACG-1	B	2
GCTGAGCCAAGAGCGT-1	Myeloid	15
GCTGAGCCAAGCAACG-1	Myeloid	1
GCTGAGCCAAGCCTTA-1	B	9
GCTGAGCCACACACAT-1	NK	3
GCTGAGCCACAGGAAC-1	Myeloid	6
GCTGAGCCACATATCG-1	NK	7
GCTGAGCCACATGATC-1	Myeloid	6
GCTGAGCCACCACCAG-1	B	11
GCTGAGCCAGAACAGC-1	B	9
GCTGAGCCAGGCAGAT-1	NK	5
GCTGAGCGTAATGCAA-1	Myeloid	13
GCTGAGCGTCAGAAGC-1	Myeloid	1
GCTGAGCGTCGACTGC-1	B	9
GCTGAGCGTCTGAGCC-1	T	4
GCTGAGCGTTACGGAG-1	B	11
GCTGAGCTCAATTCCT-1	Stromal	12
GCTGAGCTCCGAGGAA-1	T	18
GCTGAGCTCGCATAAC-1	B	2
GCTGAGCTCGCCAGAC-1	B	11
GCTGAGCTCTATACCT-1	T	14
GCTGAGCTCTTCACTA-1	B	8
GCTGAGCTCTTCGTTA-1	B	16
GCTGCGAAGACCATAA-1	B	2
GCTGCGAAGGGTCCCT-1	Myeloid	15
GCTGCGAAGTAGAAGG-1	B	11
GCTGCGAAGTGCTGAG-1	B	2
GCTGCGAGTGCCCAGT-1	B	9
GCTGCGAGTGTCGTCG-1	NK	5
GCTGCGAGTTCTACGA-1	T	18
GCTGCGAGTTTAGAAG-1	B	8
GCTGCGAGTTTCCACC-1	NK	7
GCTGCGATCACGTCAA-1	NK	5
GCTGCGATCAGTGTAC-1	T	18
GCTGCGATCCATCGAA-1	Myeloid	6
GCTGCGATCCTCCCAA-1	NK	3
GCTGCGATCCTGAAAC-1	Stromal	12
GCTGCGATCGGTAGGA-1	Myeloid	10
GCTGCGATCTCCCTTT-1	B	16
GCTGTTCAGAAACGCC-1	B	11
GCTGTTCAGAGGAACA-1	B	2
GCTGTTCAGATCGATA-1	NK	3
GCTGTTCAGCGCCTAC-1	Myeloid	1
GCTGTTCAGGGCTCTC-1	Myeloid	10
GCTGTTCAGGTAAGCC-1	B	0
GCTGTTCAGGTTCTCA-1	B	11
GCTGTTCAGGTTGTGG-1	T	4
GCTGTTCAGTGGTGTG-1	NK	3
GCTGTTCAGTTCCAGT-1	B	8
GCTGTTCCAAAGCTGG-1	B	19
GCTGTTCCAAGCTTTG-1	T	4
GCTGTTCCAATCCATG-1	T	4
GCTGTTCCACGCGCAT-1	B	11
GCTGTTCCACTGAAGG-1	Myeloid	15
GCTGTTCCAGAACTTC-1	Myeloid	10
GCTGTTCCAGGATAGC-1	B	17
GCTGTTCCATAGGCGA-1	Myeloid	15
GCTGTTCCATATAGAG-1	Myeloid	13
GCTGTTCCATCCCAAA-1	Myeloid	10
GCTGTTCGTAAACGTA-1	Myeloid	15
GCTGTTCGTCAGTGCC-1	B	11
GCTGTTCGTCATAGAA-1	Myeloid	1
GCTGTTCGTGATAACA-1	B	8
GCTGTTCGTTCTTATC-1	B	19
GCTGTTCGTTTCTCTA-1	Myeloid	6
GCTGTTCTCACGATTG-1	B	8
GCTGTTCTCAGATACC-1	Myeloid	1
GCTGTTCTCAGGTCTA-1	NK	3
GCTGTTCTCAGTGGTT-1	NK	7
GCTGTTCTCCAGGGAA-1	NK	7
GCTGTTCTCCATCTAT-1	B	8
GCTGTTCTCCTCTCTT-1	NK	7
GCTGTTCTCGCAAACT-1	B	8
GCTGTTCTCGCCACTT-1	T	4
GCTGTTCTCGGTTAGT-1	Myeloid	6
GCTGTTCTCTCGACAA-1	NK	3
GCTGTTCTCTCTGAGA-1	NK	5
GCTGTTCTCTTAAGCG-1	B	19
GCTGTTCTCTTCTTCC-1	B	11
GCTTAAGAGACCTATC-1	B	9
GCTTAAGAGATGCGAC-1	T	4
GCTTAAGAGCATGTGG-1	B	9
GCTTAAGAGGCACCTC-1	B	2
GCTTAAGAGTACCACT-1	Myeloid	1
GCTTAAGAGTCGTGAG-1	B	11
GCTTAAGAGTGAGTTA-1	Myeloid	1
GCTTAAGCACAAGGGT-1	Myeloid	6
GCTTAAGCACGCGTTG-1	Myeloid	6
GCTTAAGCAGCCACGT-1	B	8
GCTTAAGCAGTTGCAT-1	Myeloid	13
GCTTAAGCATCAGAAA-1	NK	3
GCTTAAGCATTCTTTG-1	B	9
GCTTAAGGTAAACCCT-1	B	11
GCTTAAGGTAACGGCA-1	Myeloid	1
GCTTAAGGTATCAGCT-1	NK	7
GCTTAAGGTATCTCAG-1	B	16
GCTTAAGGTCAGCAAG-1	B	9
GCTTAAGGTGGAAGCT-1	B	11
GCTTAAGGTGTGTGCC-1	B	19
GCTTAAGGTTTCCTAT-1	B	8
GCTTAAGTCAAGGCAG-1	T	14
GCTTAAGTCACCGCGA-1	Myeloid	1
GCTTAAGTCATTCTTG-1	B	9
GCTTAAGTCCAATAGC-1	NK	5
GCTTAAGTCCAGTTAG-1	Myeloid	1
GCTTAAGTCTACTTTG-1	Myeloid	1
GCTTAAGTCTCTATTG-1	T	18
GCTTGCTAGACAGCTG-1	B	8
GCTTGCTAGAGGAACA-1	B	11
GCTTGCTAGAGTCCGA-1	NK	7
GCTTGCTAGATCTCAC-1	B	19
GCTTGCTAGGACTAGC-1	NK	7
GCTTGCTAGGGAAATG-1	Myeloid	1
GCTTGCTAGGTGAACC-1	B	11
GCTTGCTAGGTTTCTG-1	B	0
GCTTGCTAGTCCGATT-1	B	11
GCTTGCTAGTTTACGC-1	B	2
GCTTGCTCAATCCATG-1	B	0
GCTTGCTCAATGACTC-1	Myeloid	1
GCTTGCTCACACTAGT-1	NK	5
GCTTGCTCACCGAAAG-1	Myeloid	6
GCTTGCTCAGGTAGGT-1	NK	5
GCTTGCTCAGTTACAC-1	NK	7
GCTTGCTCATGTCCCT-1	T	4
GCTTGCTCATTTCTTG-1	Myeloid	15
GCTTGCTGTACTAGAA-1	B	9
GCTTGCTGTCTCAAAC-1	T	14
GCTTGCTTCAGCCGGT-1	B	8
GCTTGCTTCGGGTCCA-1	NK	3
GCTTTCGAGATCACCT-1	Stromal	12
GCTTTCGAGCTGCTCG-1	Myeloid	15
GCTTTCGAGGCTTTAC-1	Myeloid	10
GCTTTCGAGTAGGTCG-1	Stromal	12
GCTTTCGCAAACCGAG-1	B	19
GCTTTCGCACGTACAT-1	T	4
GCTTTCGCACTGTCGG-1	B	11
GCTTTCGCACTTTGGA-1	Myeloid	6
GCTTTCGCAGTGGTCC-1	NK	7
GCTTTCGCAGTTAAAG-1	T	4
GCTTTCGCAGTTCGGC-1	T	14
GCTTTCGCATAAAGTG-1	B	8
GCTTTCGCATCCTGGG-1	Myeloid	1
GCTTTCGGTACGACCC-1	NK	3
GCTTTCGGTACGGTTT-1	B	9
GCTTTCGGTAGCTGTT-1	Myeloid	1
GCTTTCGGTCATAGCT-1	Myeloid	10
GCTTTCGGTCGGCTGT-1	B	16
GCTTTCGGTGCTGAAG-1	B	8
GCTTTCGTCCATCGAA-1	B	9
GCTTTCGTCCCAGTAA-1	B	9
GCTTTCGTCCGCTATC-1	B	8
GCTTTCGTCGCACCGA-1	Myeloid	6
GGAACCCAGAAGAGTG-1	NK	3
GGAACCCAGACAGTGC-1	NK	7
GGAACCCAGACCGCAA-1	B	9
GGAACCCAGAGGCGGA-1	Myeloid	6
GGAACCCAGATGGGAA-1	T	14
GGAACCCAGCTAACAA-1	B	2
GGAACCCAGCTGATTC-1	T	4
GGAACCCAGGGTGTTG-1	B	2
GGAACCCAGTCAACTC-1	B	8
GGAACCCAGTTCGTTG-1	B	16
GGAACCCCAACGTAGG-1	Myeloid	6
GGAACCCCACATTGCA-1	B	9
GGAACCCCAGGTTATC-1	B	0
GGAACCCGTACAAGCG-1	Myeloid	13
GGAACCCGTAGCATGG-1	Myeloid	1
GGAACCCGTCACTCTC-1	Myeloid	15
GGAACCCGTCAGAGTG-1	T	14
GGAACCCGTCGATAGG-1	B	2
GGAACCCTCTATCCTA-1	B	19
GGAACCCTCTTACCTA-1	T	14
GGAACTTAGACAACGC-1	NK	3
GGAACTTAGGGTCTGA-1	T	14
GGAACTTAGGTACATA-1	Myeloid	15
GGAACTTAGTCGTATC-1	T	4
GGAACTTAGTTAGAGT-1	Myeloid	10
GGAACTTAGTTATGAG-1	NK	7
GGAACTTAGTTCAACC-1	Myeloid	1
GGAACTTCAAGCGAAC-1	T	14
GGAACTTCAATGGCAG-1	Myeloid	1
GGAACTTCACGCTGTG-1	Stromal	12
GGAACTTCAGAAAGAG-1	NK	7
GGAACTTCAGAGAGAA-1	Myeloid	10
GGAACTTCAGGCACAA-1	T	4
GGAACTTGTAAAGGCC-1	Myeloid	13
GGAACTTGTAACCGAG-1	Myeloid	6
GGAACTTGTCATGAGG-1	T	14
GGAACTTGTCGAGGAT-1	T	14
GGAACTTGTCGAGGTA-1	NK	7
GGAACTTGTCTGTGTA-1	B	9
GGAACTTGTGATCAGG-1	B	11
GGAACTTGTGCGTTTA-1	B	2
GGAACTTTCAGCACGC-1	B	9
GGAACTTTCCACACCT-1	B	11
GGAACTTTCCATCTAT-1	Myeloid	10
GGAACTTTCGACTGGC-1	B	9
GGAACTTTCGCCACTT-1	Myeloid	6
GGAACTTTCGTGAACT-1	T	14
GGAACTTTCTTACTCA-1	Myeloid	1
GGAATCTAGAAAGGGT-1	Myeloid	6
GGAATCTAGAGGTCCA-1	B	2
GGAATCTAGTGAGTTA-1	B	2
GGAATCTCAACGCACC-1	B	11
GGAATCTCAACTGCGC-1	T	4
GGAATCTCACAACGGA-1	NK	7
GGAATCTCACTGCTTC-1	Myeloid	13
GGAATCTCACTGTCAA-1	NK	3
GGAATCTCATCATCGA-1	Myeloid	6
GGAATCTCATCCGTGG-1	Myeloid	1
GGAATCTGTGTCCTTC-1	B	11
GGAATCTGTGTTTCTT-1	B	2
GGAATCTGTTACGGAG-1	B	19
GGAATCTTCAGGTTTG-1	B	11
GGAATCTTCATCATGG-1	B	19
GGAATCTTCCACACCT-1	NK	7
GGAATCTTCCATGTTT-1	B	8
GGAATCTTCCCTACCA-1	Myeloid	1
GGAATCTTCTACATCT-1	Myeloid	6
GGACACCAGAGGCCTA-1	T	18
GGACACCAGATCGAGC-1	T	14
GGACACCAGATGCGAC-1	Myeloid	6
GGACACCAGCGTGTTT-1	B	8
GGACACCAGGACTTTC-1	B	8
GGACACCAGTAGGTCG-1	B	17
GGACACCAGTATACCC-1	B	11
GGACACCAGTTCGTTG-1	Myeloid	15
GGACACCCAAACGACG-1	B	9
GGACACCCAACTCAAC-1	B	2
GGACACCCACCACGAC-1	NK	3
GGACACCCAGAATGCG-1	B	0
GGACACCCAGCAACCC-1	B	9
GGACACCCAGTGCTCG-1	T	14
GGACACCGTAGCCATT-1	Myeloid	10
GGACACCGTAGCGGTA-1	NK	7
GGACACCGTGAATGTA-1	B	11
GGACACCGTGCAGACA-1	T	14
GGACACCTCCCAATAG-1	T	4
GGACACCTCCGAGGAA-1	B	11
GGACACCTCCGGCGAT-1	Myeloid	6
GGACACCTCCTAGAGT-1	B	9
GGACACCTCGCGTGAC-1	Myeloid	15
GGACACCTCTATATCC-1	T	4
GGACACCTCTATTTCG-1	B	9
GGACACCTCTGTCGGG-1	B	8
GGAGAACAGATGTTCC-1	B	11
GGAGAACAGCATGATA-1	NK	7
GGAGAACAGGACTAGC-1	B	11
GGAGAACAGGCGCTTC-1	B	2
GGAGAACAGTCAGGAC-1	B	0
GGAGAACAGTCGTACT-1	Myeloid	1
GGAGAACCACAACGGA-1	Myeloid	1
GGAGAACCACTCCACT-1	T	18
GGAGAACCACTGAAGG-1	T	18
GGAGAACCATCCTGGG-1	T	4
GGAGAACCATTACTCT-1	Myeloid	15
GGAGAACGTAAACGGC-1	T	4
GGAGAACGTCAGAAAT-1	B	2
GGAGAACGTGACAAGC-1	Myeloid	6
GGAGAACGTGAGTCGA-1	NK	7
GGAGAACGTTAACCGT-1	NK	3
GGAGAACTCAAACCCA-1	T	14
GGAGAACTCACATCCC-1	B	19
GGAGAACTCAGGCGCT-1	Myeloid	15
GGAGAACTCCTTACGC-1	B	9
GGAGAACTCGACTATG-1	Myeloid	1
GGAGAACTCGTTCAGA-1	Stromal	12
GGAGAACTCTGAACGT-1	B	9
GGAGAACTCTGAGTAC-1	Myeloid	1
GGAGGATAGCACGTAG-1	NK	7
GGAGGATAGCGCGTTC-1	B	17
GGAGGATAGCGTCTGC-1	B	9
GGAGGATAGCTTCAAC-1	NK	3
GGAGGATAGGATATCA-1	NK	5
GGAGGATAGGCGTAGT-1	T	18
GGAGGATAGGTACTCT-1	B	2
GGAGGATAGTGATCTC-1	Myeloid	1
GGAGGATAGTTATGAG-1	B	19
GGAGGATAGTTGGAAT-1	NK	3
GGAGGATCAACAAACA-1	B	19
GGAGGATCACAGCTTA-1	B	8
GGAGGATCACCCATCT-1	B	2
GGAGGATCACTGTTAG-1	NK	3
GGAGGATCAGCGTACC-1	NK	7
GGAGGATCAGGTAGCA-1	Myeloid	6
GGAGGATCAGTGCTCG-1	B	9
GGAGGATCATCACAAC-1	Myeloid	1
GGAGGATCATCTCTCG-1	B	9
GGAGGATGTATGGATA-1	Myeloid	10
GGAGGATGTCAGGTGA-1	NK	7
GGAGGATGTGCACTTA-1	T	18
GGAGGATGTGTTTCTT-1	Myeloid	6
GGAGGATGTTAACTCG-1	Myeloid	1
GGAGGATTCCGATGCG-1	B	11
GGAGGATTCGACCCGA-1	B	19
GGAGGATTCGATAGGG-1	T	14
GGAGGATTCGTGAGTT-1	Myeloid	6
GGAGGATTCTCGACCT-1	NK	7
GGAGTAGAGGACTTTC-1	Myeloid	6
GGAGTAGAGTACCTCA-1	NK	7
GGAGTAGAGTCTGTGT-1	T	14
GGAGTAGCAAGCCTTA-1	B	9
GGAGTAGCAGGACTGA-1	T	18
GGAGTAGCAGGTCTGC-1	B	9
GGAGTAGCATGGCCCA-1	NK	7
GGAGTAGCATGGCCGT-1	B	19
GGAGTAGGTAAACGTA-1	Myeloid	13
GGAGTAGGTAGAGAGA-1	B	17
GGAGTAGGTATTGTCG-1	Myeloid	15
GGAGTAGGTCCGTCGA-1	B	11
GGAGTAGGTGACAAGC-1	Myeloid	1
GGAGTAGGTGCATTCA-1	Myeloid	1
GGAGTAGGTTACTACG-1	Myeloid	6
GGAGTAGGTTCCAATG-1	NK	3
GGAGTAGGTTGGACGA-1	B	8
GGAGTAGTCATTGCCC-1	Myeloid	15
GGAGTAGTCCAGGTAT-1	Myeloid	1
GGAGTAGTCCCTACCA-1	Myeloid	10
GGAGTAGTCCGAGAGA-1	Myeloid	6
GGAGTAGTCCTCCTGA-1	B	11
GGAGTAGTCGCCACTT-1	B	16
GGAGTAGTCGGTTCCT-1	NK	3
GGAGTAGTCTCGCGTT-1	Myeloid	15
GGAGTAGTCTTCGTTA-1	Myeloid	6
GGATAGGAGAACAGGA-1	T	14
GGATAGGAGATCGCCC-1	T	4
GGATAGGAGCTAACAA-1	B	2
GGATAGGAGGCAAGCT-1	NK	7
GGATAGGAGGTCGGTA-1	B	9
GGATAGGAGTAATGTG-1	B	0
GGATAGGAGTACAGAT-1	NK	3
GGATAGGAGTACAGTA-1	B	9
GGATAGGAGTCAGCCC-1	B	9
GGATAGGAGTCTGCTA-1	Myeloid	15
GGATAGGAGTTCTCCC-1	B	16
GGATAGGCAACCTCCT-1	Myeloid	1
GGATAGGCAACGAGGT-1	B	11
GGATAGGCAAGCTTTG-1	NK	3
GGATAGGCAAGGAGGG-1	Myeloid	6
GGATAGGCAAGGATGC-1	NK	7
GGATAGGCACCACGAC-1	NK	3
GGATAGGCACGTTGTA-1	B	11
GGATAGGCAGGTCCTG-1	B	11
GGATAGGCATCGTACA-1	Stromal	12
GGATAGGGTATCTCAG-1	T	18
GGATAGGGTCAACAGG-1	B	9
GGATAGGGTCAACTAC-1	Stromal	12
GGATAGGGTCTGAGCC-1	T	14
GGATAGGGTGGTCGAA-1	Myeloid	1
GGATAGGGTTGGCTAT-1	T	18
GGATAGGTCAGTACAC-1	T	18
GGATAGGTCCCTATTA-1	Myeloid	13
GGATAGGTCCTAGAGT-1	Myeloid	15
GGATAGGTCGCACCGA-1	NK	3
GGATAGGTCGTGTGCG-1	NK	5
GGATAGGTCTGAGTAC-1	Myeloid	6
GGATAGGTCTTAACGG-1	Myeloid	10
GGATGAGAGATTAGAC-1	Myeloid	6
GGATGAGAGCGTAGCA-1	Myeloid	13
GGATGAGAGTCGTACT-1	B	19
GGATGAGAGTGCCCTG-1	B	17
GGATGAGAGTGTGTAA-1	B	17
GGATGAGCAAATGTCC-1	Myeloid	1
GGATGAGCAACTCCCT-1	NK	5
GGATGAGCAAGGACCA-1	B	11
GGATGAGCAATGCCAT-1	T	14
GGATGAGCACAGAAGC-1	B	9
GGATGAGCAGGCACAA-1	NK	3
GGATGAGCAGTTGGAG-1	Myeloid	13
GGATGAGCATCTCTCG-1	Myeloid	1
GGATGAGCATGCCCTT-1	B	8
GGATGAGGTATATGGA-1	B	9
GGATGAGGTCAAATCC-1	Myeloid	1
GGATGAGGTCAACGGA-1	B	11
GGATGAGGTCTCTGGG-1	Myeloid	1
GGATGAGGTGAATCGG-1	B	8
GGATGAGGTGCACTTA-1	B	11
GGATGAGGTGTCCAGC-1	T	14
GGATGAGGTTAGAGAT-1	B	11
GGATGAGGTTCCGCGA-1	T	4
GGATGAGGTTTGCATG-1	Myeloid	6
GGATGAGTCAAAGTAG-1	B	9
GGATGAGTCCAGGTCG-1	NK	7
GGATGAGTCCCACTTG-1	B	2
GGATGAGTCGACTGGC-1	Myeloid	1
GGATGAGTCTAAACGC-1	T	14
GGATGAGTCTACTTTG-1	NK	3
GGCACGTAGAGGCCTA-1	B	2
GGCACGTAGCAGGACT-1	T	4
GGCACGTAGCTGAAAT-1	B	11
GGCACGTAGGGACGTT-1	T	4
GGCACGTAGTCCAGAG-1	B	19
GGCACGTAGTCTGTGT-1	Myeloid	6
GGCACGTAGTGAACCG-1	B	2
GGCACGTAGTTGTCCA-1	Myeloid	6
GGCACGTCAAAGAGAG-1	B	11
GGCACGTCAACTCGTA-1	B	11
GGCACGTCAAGGCGTA-1	Myeloid	1
GGCACGTCACGACGAA-1	Stromal	12
GGCACGTCACTTGCGG-1	B	2
GGCACGTCAGACTAAA-1	Stromal	12
GGCACGTGTACGCAAG-1	B	2
GGCACGTGTCCTTATT-1	T	4
GGCACGTGTGCACCCA-1	B	2
GGCACGTGTGGAGTGT-1	Myeloid	6
GGCACGTGTTACACTG-1	Myeloid	6
GGCACGTGTTCTGAGT-1	B	11
GGCACGTGTTCTTTCA-1	Myeloid	1
GGCACGTGTTGTGACT-1	Myeloid	15
GGCACGTGTTTCCGGG-1	B	8
GGCACGTGTTTCGACA-1	Myeloid	1
GGCACGTGTTTCGATG-1	NK	7
GGCACGTGTTTGCGAT-1	T	4
GGCACGTTCAAACCAC-1	NK	5
GGCACGTTCAGTGGTT-1	B	8
GGCACGTTCCGGGCAT-1	NK	7
GGCACGTTCTCGTGAA-1	T	4
GGCATTAAGATCTAAG-1	Myeloid	1
GGCATTAAGCGCATTT-1	NK	5
GGCATTAAGCGTAGCA-1	Stromal	12
GGCATTAAGGAAGGTA-1	Myeloid	6
GGCATTAAGGCTTCGC-1	T	4
GGCATTAAGTGTCGCC-1	B	19
GGCATTAAGTTACACC-1	T	18
GGCATTAAGTTGACAA-1	B	2
GGCATTAAGTTGCTTG-1	B	16
GGCATTACAACTTGGT-1	NK	7
GGCATTACAATTAGGA-1	B	8
GGCATTACACCCTTTG-1	T	14
GGCATTACACGATTAC-1	Myeloid	1
GGCATTACAGTCAGCC-1	Myeloid	15
GGCATTACATAGACGG-1	Stromal	12
GGCATTAGTAACATAG-1	B	11
GGCATTAGTACCCATA-1	B	2
GGCATTAGTATTCTGG-1	NK	7
GGCATTAGTCAGTGCC-1	T	4
GGCATTAGTGCACATT-1	B	17
GGCATTAGTTACGGAG-1	Myeloid	13
GGCATTATCCAGGTCG-1	B	8
GGCATTATCCATGACA-1	B	8
GGCATTATCCGATTGA-1	Myeloid	6
GGCATTATCTACTTTG-1	B	2
GGCATTATCTAGTCGA-1	B	11
GGCATTATCTTCCACG-1	B	0
GGCGAAAAGAAAGGGT-1	B	8
GGCGAAAAGATATGAC-1	T	18
GGCGAAAAGATCGAGC-1	B	17
GGCGAAAAGATGGCAC-1	T	14
GGCGAAAAGCAACGGT-1	B	19
GGCGAAAAGTGAATAC-1	Myeloid	10
GGCGAAACAACAAACA-1	Myeloid	6
GGCGAAACACAAACGG-1	Myeloid	1
GGCGAAACAGCAACCC-1	Stromal	12
GGCGAAACATAGACGG-1	B	2
GGCGAAACATCACAAC-1	NK	7
GGCGAAACATCATGTG-1	T	14
GGCGAAACATTAGCAC-1	NK	7
GGCGAAAGTAATGTAG-1	Myeloid	1
GGCGAAAGTCATAGCT-1	B	11
GGCGAAAGTGCTAGTT-1	B	17
GGCGAAAGTTACGCTA-1	Myeloid	1
GGCGAAATCGGTCAGC-1	B	17
GGCGAAATCTTGTGCC-1	Myeloid	1
GGCGTTGAGAAATTCG-1	B	2
GGCGTTGAGAGCACTG-1	Myeloid	6
GGCGTTGAGCATTGGG-1	Myeloid	6
GGCGTTGAGCTAGTTC-1	B	9
GGCGTTGAGGCTTCGC-1	Myeloid	15
GGCGTTGAGGTTCTCA-1	Myeloid	6
GGCGTTGAGTCCCGCA-1	NK	3
GGCGTTGCAATAGTGA-1	B	9
GGCGTTGCAATCACTG-1	Myeloid	15
GGCGTTGCAATGGCAG-1	Myeloid	15
GGCGTTGCACAGTTCA-1	B	2
GGCGTTGCACCGAAAG-1	Myeloid	10
GGCGTTGCACCTCGTT-1	Myeloid	6
GGCGTTGCACCTGGTG-1	B	2
GGCGTTGCAGGTAGGT-1	Myeloid	10
GGCGTTGCAGTAACGG-1	Myeloid	1
GGCGTTGCATCAGAAA-1	B	11
GGCGTTGCATCCGTAA-1	Myeloid	6
GGCGTTGGTAAACCCT-1	Myeloid	6
GGCGTTGGTAGCAGGT-1	B	11
GGCGTTGGTAGTCCAT-1	Myeloid	1
GGCGTTGGTGATGCTT-1	B	9
GGCGTTGGTGGTTCTA-1	T	18
GGCGTTGGTGTTTCTT-1	Stromal	12
GGCGTTGGTTAGGAGC-1	B	9
GGCGTTGGTTTGCCAA-1	Myeloid	1
GGCGTTGTCAGGGTTT-1	T	4
GGCGTTGTCAGTCTTT-1	NK	7
GGCGTTGTCAGTTGAC-1	B	19
GGCGTTGTCATGCTTT-1	Myeloid	6
GGCGTTGTCGCCGAAC-1	NK	7
GGCGTTGTCGGGTCCA-1	B	2
GGCGTTGTCTACTGCC-1	Myeloid	6
GGCGTTGTCTTCTCTC-1	B	16
GGGAACAAGAACCATA-1	Myeloid	1
GGGAACAAGAAGCCTG-1	T	4
GGGAACAAGACGACTG-1	Myeloid	1
GGGAACAAGAGGAATG-1	B	8
GGGAACAAGCGTCAAG-1	Myeloid	10
GGGAACAAGCTGGAGT-1	T	14
GGGAACAAGGGAGTTC-1	B	9
GGGAACAAGTCGATAA-1	NK	3
GGGAACACAAAGGAAG-1	Myeloid	1
GGGAACACATCCCAAA-1	Myeloid	1
GGGAACACATCGACCG-1	NK	7
GGGAACAGTCACATTG-1	Myeloid	1
GGGAACAGTGCTTTGA-1	B	11
GGGAACAGTTTAGGAA-1	B	8
GGGAACAGTTTCGTTT-1	Myeloid	6
GGGAACATCACATCCC-1	Myeloid	1
GGGAACATCAGATACC-1	B	9
GGGAACATCCAACGCG-1	Myeloid	6
GGGAACATCCCAGCAG-1	B	2
GGGAACATCCGAGGAA-1	T	18
GGGAACATCGTGAACT-1	Myeloid	1
GGGAACATCTCCCTTT-1	Myeloid	10
GGGAACATCTGTGTGA-1	B	8
GGGAACATCTTCCGTG-1	B	19
GGGACCTAGCTAACAA-1	T	14
GGGACCTAGCTTACCA-1	Myeloid	6
GGGACCTAGGGACGTT-1	Myeloid	13
GGGACCTAGGTTCGTT-1	Myeloid	10
GGGACCTAGTGGTGTG-1	B	9
GGGACCTCAACGTCGC-1	B	17
GGGACCTCAAGGAAGA-1	Myeloid	1
GGGACCTCACACTAGT-1	NK	3
GGGACCTCACCAAGGA-1	T	18
GGGACCTCAGAACGAC-1	B	0
GGGACCTCATGGATGG-1	B	11
GGGACCTGTAACCCAT-1	B	2
GGGACCTGTACCAAGG-1	B	9
GGGACCTGTAGAAAGG-1	T	14
GGGACCTGTATTCACG-1	B	2
GGGACCTGTGCGCTCA-1	T	4
GGGACCTGTGTGTGTT-1	Myeloid	10
GGGACCTGTTATGCAC-1	T	18
GGGACCTGTTTCGTTT-1	NK	3
GGGACCTTCAATTCCT-1	B	19
GGGACCTTCAGATACC-1	T	4
GGGACCTTCCGCTCTA-1	Myeloid	1
GGGACCTTCCTCATTA-1	NK	7
GGGACCTTCCTCTCTT-1	B	16
GGGACCTTCCTGTAGA-1	NK	3
GGGACCTTCCTTTGCG-1	B	9
GGGACCTTCGTGGAAG-1	T	14
GGGACCTTCTATATCC-1	B	9
GGGACCTTCTATCCTA-1	Myeloid	6
GGGACCTTCTTAGTGG-1	Myeloid	10
GGGCCATAGACTAGCG-1	Myeloid	6
GGGCCATAGAGCTACG-1	Myeloid	6
GGGCCATAGCACGTAG-1	B	17
GGGCCATAGCCATGGA-1	B	17
GGGCCATAGGGTATCG-1	NK	7
GGGCCATCACTCCTCA-1	Myeloid	10
GGGCCATCAGTAGGCA-1	B	9
GGGCCATCATCAACTG-1	B	11
GGGCCATCATTTCTTG-1	Myeloid	6
GGGCCATGTAGCGGTA-1	B	2
GGGCCATGTATCCTTT-1	Myeloid	1
GGGCCATGTATTCTCT-1	NK	3
GGGCCATGTCACATTG-1	B	8
GGGCCATGTCTGCACG-1	Myeloid	1
GGGCCATGTGCTTGAT-1	T	18
GGGCCATGTTACCCAA-1	T	14
GGGCCATTCCATGTTT-1	T	4
GGGCCATTCCGATGCG-1	T	18
GGGCCATTCCTCCATG-1	NK	3
GGGCCATTCGCCCTTA-1	Myeloid	1
GGGCCATTCGCTGATA-1	NK	3
GGGCCATTCGGGACAA-1	T	14
GGGCCATTCTATACCT-1	Stromal	12
GGGCCATTCTCCTTGG-1	T	4
GGGCCATTCTGACTTT-1	T	4
GGGTCTGAGAAATGGG-1	T	14
GGGTCTGAGAACAGGA-1	B	0
GGGTCTGAGAAGACTT-1	NK	7
GGGTCTGAGACTAGGC-1	Myeloid	10
GGGTCTGAGCGAGAAA-1	B	9
GGGTCTGAGGATGCCA-1	Myeloid	15
GGGTCTGAGGCTGGAT-1	B	19
GGGTCTGAGGTCGTTT-1	T	18
GGGTCTGAGGTGATGC-1	T	18
GGGTCTGAGTATACCC-1	T	18
GGGTCTGAGTTTGGAA-1	Myeloid	10
GGGTCTGCAACTCGTA-1	B	0
GGGTCTGCAATCATCG-1	NK	3
GGGTCTGCACAGAAGC-1	Myeloid	6
GGGTCTGCACTGTTAG-1	NK	3
GGGTCTGCAGTAACTC-1	Myeloid	1
GGGTCTGCATCTGCAA-1	T	14
GGGTCTGGTAATGCCT-1	Myeloid	10
GGGTCTGGTAGAACGC-1	B	17
GGGTCTGGTATCTAGC-1	T	4
GGGTCTGGTCCAAGTT-1	Myeloid	1
GGGTCTGGTCCAGACC-1	NK	3
GGGTCTGGTCGAGGAT-1	B	0
GGGTCTGGTGACGCAA-1	Myeloid	15
GGGTCTGTCAAGGCAG-1	Stromal	12
GGGTCTGTCAAGGCCC-1	NK	3
GGGTCTGTCACTACCC-1	NK	7
GGGTCTGTCACTGATG-1	B	19
GGGTCTGTCCCGGGTA-1	T	4
GGGTCTGTCCGATTGA-1	Myeloid	10
GGGTCTGTCGTTCCGT-1	B	0
GGGTGTCAGGGTAATT-1	B	2
GGGTGTCAGTATACGA-1	Myeloid	6
GGGTGTCCAAGCAACG-1	T	18
GGGTGTCCAAGCACTT-1	NK	3
GGGTGTCCAAGCCTTA-1	Myeloid	1
GGGTGTCCAAGGTTCT-1	B	8
GGGTGTCCAGAATGCG-1	B	9
GGGTGTCCATACCCGG-1	NK	7
GGGTGTCCATAGACGG-1	B	19
GGGTGTCCATTTCACT-1	Myeloid	1
GGGTGTCGTAAAGCTA-1	NK	3
GGGTGTCGTAACTGAA-1	NK	7
GGGTGTCGTAGATGAT-1	NK	7
GGGTGTCGTGGTTCTA-1	T	4
GGGTGTCGTTGTGAGG-1	B	17
GGGTGTCTCAGTACAC-1	Myeloid	10
GGGTGTCTCCATCGAA-1	Stromal	12
GGGTGTCTCCATGTTT-1	NK	3
GGGTGTCTCCTCATTA-1	NK	7
GGGTGTCTCCTCCTGA-1	B	19
GGGTGTCTCGATTACG-1	B	2
GGGTGTCTCGCCCTTA-1	Myeloid	10
GGGTGTCTCGTGAGTT-1	NK	3
GGGTGTCTCGTGGTAT-1	B	19
GGGTGTCTCTATATCC-1	NK	3
GGGTGTCTCTCTATCA-1	Myeloid	13
GGGTGTCTCTTCCACG-1	Myeloid	6
GGGTTATAGACACGGT-1	Myeloid	6
GGGTTATAGACTCGGA-1	B	2
GGGTTATAGAGCCACA-1	Myeloid	10
GGGTTATAGATGGCAC-1	B	2
GGGTTATAGGGAAGCG-1	NK	3
GGGTTATAGGTGTCGA-1	T	4
GGGTTATAGTAACACA-1	NK	7
GGGTTATAGTCCGGAA-1	Myeloid	1
GGGTTATCAAGCAATA-1	Myeloid	6
GGGTTATCAATGGTAA-1	T	14
GGGTTATCACAAACAA-1	Myeloid	6
GGGTTATCAGAGAGAA-1	NK	3
GGGTTATCATCACAAC-1	NK	7
GGGTTATCATCTCACC-1	NK	3
GGGTTATCATTCTCGC-1	B	9
GGGTTATGTAACGGTG-1	T	14
GGGTTATGTACGGTTT-1	B	9
GGGTTATGTATGGGTG-1	Myeloid	6
GGGTTATGTCAACGGA-1	B	9
GGGTTATGTCAGGTGA-1	NK	7
GGGTTATGTGAGTCGA-1	Myeloid	1
GGGTTATGTGCAAGAC-1	T	4
GGGTTATGTTTCAGCA-1	B	9
GGGTTATTCAGTCTTT-1	B	16
GGGTTATTCCAGAATC-1	T	14
GGGTTATTCCATCATT-1	Myeloid	6
GGGTTATTCGAGAACG-1	NK	3
GGGTTATTCGGCAATT-1	Myeloid	10
GGGTTATTCGGGCTCA-1	B	11
GGGTTATTCTCCAACC-1	Myeloid	6
GGGTTATTCTCCTTGG-1	Myeloid	6
GGGTTATTCTGCGTCT-1	B	11
GGTACCGAGAAATTCG-1	B	2
GGTACCGAGAACGTCG-1	B	19
GGTACCGAGAAGCCTG-1	B	11
GGTACCGAGGTCTTTG-1	B	9
GGTACCGAGGTTGTGG-1	T	18
GGTACCGAGTGCTAGG-1	T	14
GGTACCGAGTTTGGAA-1	NK	3
GGTACCGCAAGATTAG-1	T	18
GGTACCGCAATGCACT-1	B	8
GGTACCGCACGCTCAG-1	B	8
GGTACCGCAGAAAGAG-1	NK	7
GGTACCGCATGTATCG-1	B	2
GGTACCGCATTAACGC-1	B	2
GGTACCGCATTATGGC-1	T	4
GGTACCGCATTGCGAT-1	T	4
GGTACCGGTATCCTTT-1	Myeloid	1
GGTACCGGTCAACTGT-1	Stromal	12
GGTACCGGTCGACTGC-1	B	2
GGTACCGGTCTCTAAG-1	Myeloid	6
GGTACCGGTGCGTTTA-1	T	14
GGTACCGGTGCTTCCT-1	Myeloid	13
GGTACCGGTGGATTCT-1	Myeloid	10
GGTACCGGTTAGGCTT-1	B	16
GGTACCGGTTCACGTA-1	Myeloid	6
GGTACCGGTTGTGAGG-1	Myeloid	6
GGTACCGTCAGTTGAC-1	B	0
GGTACCGTCATCATGG-1	B	17
GGTACCGTCCCTATTA-1	B	9
GGTACCGTCGAGAAGC-1	T	18
GGTACCGTCGCAAGCC-1	B	9
GGTACCGTCGCCCTTA-1	T	18
GGTACCGTCGCTACCT-1	NK	5
GGTAGGAAGAAACGCC-1	Myeloid	6
GGTAGGAAGAGGAATG-1	B	2
GGTAGGAAGATGAGGA-1	Myeloid	6
GGTAGGAAGGAGTACC-1	B	19
GGTAGGAAGGATGTAT-1	B	8
GGTAGGAAGGTACATA-1	Myeloid	6
GGTAGGAAGTCCCGCA-1	B	2
GGTAGGAAGTCCGGAA-1	Myeloid	13
GGTAGGACAACAAACA-1	Myeloid	13
GGTAGGACACCGAAAG-1	B	9
GGTAGGACACTGTCAA-1	T	18
GGTAGGACAGCTGATT-1	Myeloid	10
GGTAGGACAGGACCTC-1	B	19
GGTAGGACAGGTGTCC-1	B	11
GGTAGGACATGCCCTT-1	T	18
GGTAGGACATGGTTTG-1	Myeloid	1
GGTAGGAGTACCCACG-1	B	11
GGTAGGAGTCAACAGG-1	NK	3
GGTAGGAGTCACCCGA-1	T	18
GGTAGGAGTGACGCAA-1	T	14
GGTAGGAGTGCTTGAT-1	NK	7
GGTAGGAGTGGACAGT-1	Myeloid	1
GGTAGGAGTGGGTAGT-1	Myeloid	1
GGTAGGAGTGGTTCTA-1	B	2
GGTAGGAGTTTCCACC-1	NK	3
GGTAGGAGTTTGACCA-1	B	9
GGTAGGATCCATGTTT-1	B	11
GGTAGGATCCATTGAG-1	Myeloid	1
GGTAGGATCCGTGCAG-1	Myeloid	6
GGTAGGATCCTAAGTG-1	Myeloid	1
GGTAGGATCCTATCCG-1	Myeloid	6
GGTAGGATCGAGGTAG-1	B	19
GGTAGGATCTCTCAAT-1	T	14
GGTAGGATCTGACTTT-1	B	2
GGTAGGATCTTGCGCT-1	T	18
GGTCATAAGAACGCCA-1	B	8
GGTCATAAGAGCACTG-1	B	8
GGTCATAAGCAATAAC-1	NK	3
GGTCATAAGCTCGGCT-1	Myeloid	1
GGTCATAAGTGAGCTG-1	B	11
GGTCATAAGTGTTCCA-1	Myeloid	1
GGTCATACAAGCACTT-1	T	14
GGTCATACACTGTAAC-1	T	18
GGTCATACAGAACAGC-1	B	0
GGTCATACATGCCTTC-1	Myeloid	1
GGTCATACATGCTATG-1	NK	7
GGTCATAGTAACAATG-1	Myeloid	1
GGTCATAGTAAGCCGA-1	Myeloid	15
GGTCATAGTAAGGTCG-1	NK	7
GGTCATAGTATCTCAG-1	T	14
GGTCATAGTCCTTATT-1	Myeloid	1
GGTCATAGTCCTTCAC-1	Myeloid	15
GGTCATAGTGAGGTCA-1	Myeloid	6
GGTCATAGTGTCTCGG-1	B	2
GGTCATAGTTGCAGCC-1	Myeloid	6
GGTCATAGTTGGCTAT-1	Myeloid	10
GGTCATAGTTGGTAAA-1	NK	3
GGTCATATCAGGATCT-1	B	8
GGTCATATCCTCAAGA-1	T	14
GGTCATATCGATAGCT-1	B	2
GGTCATATCTATACCT-1	T	18
GGTCATATCTCCTTGG-1	Myeloid	1
GGTGAAGAGCGGACAT-1	Myeloid	1
GGTGAAGAGGGTGTTG-1	B	2
GGTGAAGCAAATTGAG-1	B	9
GGTGAAGCACGACGAA-1	Myeloid	6
GGTGAAGGTAACTCCA-1	Myeloid	15
GGTGAAGGTACCTATG-1	Myeloid	6
GGTGAAGGTACGAGAC-1	Myeloid	6
GGTGAAGGTAGCAGGT-1	Myeloid	1
GGTGAAGGTATGAAGT-1	T	18
GGTGAAGGTCAGAAAT-1	Myeloid	6
GGTGAAGGTCATAAGA-1	T	4
GGTGAAGGTCATAGAA-1	Stromal	12
GGTGAAGGTCTGGTCG-1	NK	5
GGTGAAGGTGATGCGA-1	T	4
GGTGAAGGTTACGCTA-1	B	11
GGTGAAGTCACAAGCT-1	NK	5
GGTGAAGTCAGGAAGC-1	B	8
GGTGAAGTCATACTTC-1	Myeloid	1
GGTGAAGTCCTCAAGA-1	B	19
GGTGAAGTCCTGACCT-1	NK	3
GGTGAAGTCGGTTCCT-1	B	9
GGTGAAGTCTTCATAC-1	B	8
GGTGCTGAGACAACGC-1	T	4
GGTGCTGAGAGGTGGG-1	T	14
GGTGCTGAGCAGAAAG-1	NK	7
GGTGCTGAGCTAGCAG-1	NK	3
GGTGCTGAGGTTACAA-1	B	2
GGTGCTGCAACTAGAA-1	Myeloid	6
GGTGCTGCAAGACTAA-1	B	11
GGTGCTGCACTCCCAT-1	Myeloid	6
GGTGCTGCACTGAAGG-1	T	4
GGTGCTGCACTGATTG-1	Stromal	12
GGTGCTGCAGGTAGGT-1	NK	7
GGTGCTGGTAGCATGG-1	T	4
GGTGCTGGTAGCCATT-1	B	2
GGTGCTGGTCAGTGCC-1	Myeloid	10
GGTGCTGGTCATCGTA-1	B	8
GGTGCTGGTTAAGGGC-1	Myeloid	6
GGTGCTGGTTCTTTCA-1	Myeloid	15
GGTGCTGTCACTCCCA-1	B	2
GGTGCTGTCCATACCC-1	B	0
GGTGCTGTCTACATCT-1	B	19
GGTGCTGTCTTAGTGG-1	T	14
GGTGTCGAGAGTAAGG-1	NK	3
GGTGTCGAGCCCATGC-1	T	14
GGTGTCGAGGCATGCA-1	Myeloid	15
GGTGTCGAGTCCGTGC-1	Myeloid	15
GGTGTCGAGTCGTGAG-1	Myeloid	10
GGTGTCGAGTGAAGGA-1	B	17
GGTGTCGCACAGGAAC-1	Myeloid	6
GGTGTCGCACGCGACT-1	T	4
GGTGTCGCAGGTCCTG-1	Stromal	12
GGTGTCGCATAGATAG-1	B	9
GGTGTCGCATCCTCGT-1	B	11
GGTGTCGGTAAAGCTA-1	Myeloid	15
GGTGTCGGTAACGGAC-1	Myeloid	6
GGTGTCGGTGAATCAA-1	Myeloid	6
GGTGTCGGTGAGCTAG-1	B	2
GGTGTCGGTTAGGCTT-1	Myeloid	15
GGTGTCGGTTGCAGAG-1	T	4
GGTGTCGTCATTCATC-1	B	8
GGTGTCGTCCAACCTC-1	T	4
GGTGTCGTCTACTGCC-1	Myeloid	15
GGTGTCGTCTCGGCGA-1	Myeloid	1
GGTGTCGTCTGACATG-1	Myeloid	10
GGTTGCGAGAACGCCA-1	B	8
GGTTGCGAGAGCGGTT-1	B	2
GGTTGCGAGAGGAAGT-1	NK	5
GGTTGCGAGATTGACA-1	B	11
GGTTGCGAGTAACACA-1	B	2
GGTTGCGAGTGTCCCG-1	B	9
GGTTGCGAGTTAGAGT-1	B	11
GGTTGCGCAACACGGA-1	Myeloid	6
GGTTGCGCAATGCATC-1	B	9
GGTTGCGCACAAACAA-1	B	19
GGTTGCGCAGAGCCAA-1	T	4
GGTTGCGCATAGCAGG-1	Myeloid	6
GGTTGCGCATCCCAAA-1	Myeloid	1
GGTTGCGGTATCTGCA-1	B	9
GGTTGCGGTCTGCACG-1	B	8
GGTTGCGGTGCAAAGC-1	T	18
GGTTGCGGTGCCAAGA-1	B	8
GGTTGCGGTGGACGAT-1	NK	3
GGTTGCGGTTTCGATG-1	NK	3
GGTTGCGTCACTAGGT-1	B	9
GGTTGCGTCCAGGGAA-1	B	9
GGTTGCGTCCGCCTAT-1	T	18
GGTTGCGTCCGCGATG-1	B	2
GGTTGCGTCGACTGGC-1	B	8
GGTTGCGTCGGCATAT-1	B	2
GGTTGCGTCTTCGTTA-1	B	2
GTAATCGAGATGGCAC-1	B	9
GTAATCGAGCAGAATT-1	T	18
GTAATCGAGCGTATCT-1	T	14
GTAATCGCAAACCTAC-1	T	4
GTAATCGCAATGGTAA-1	B	8
GTAATCGCACCGAATT-1	T	14
GTAATCGCACCTATTT-1	T	14
GTAATCGCACTACACA-1	Myeloid	15
GTAATCGCAGCAACGA-1	Myeloid	10
GTAATCGCATAGAATG-1	Myeloid	1
GTAATCGCATCCGTGG-1	B	19
GTAATCGCATTAACGC-1	Myeloid	6
GTAATCGGTACGTAAA-1	Myeloid	6
GTAATCGGTATTGTCG-1	Myeloid	10
GTAATCGGTCTCTAAG-1	Myeloid	6
GTAATCGGTGATCAGG-1	B	2
GTAATCGGTGGATTTC-1	Myeloid	1
GTAATCGGTGGTGGTA-1	B	19
GTAATCGTCACTGGTA-1	NK	5
GTAATCGTCAGGTTTG-1	NK	3
GTAATCGTCCCTATTA-1	B	11
GTAATCGTCGATTACG-1	Myeloid	15
GTAATCGTCGTCTAGA-1	T	4
GTAATCGTCTATACCT-1	B	9
GTAATCGTCTGTCGGG-1	NK	7
GTACTTTAGAGCTGTG-1	Myeloid	6
GTACTTTAGATCGCCC-1	B	19
GTACTTTAGCAACTGG-1	Stromal	12
GTACTTTAGCACCATT-1	T	4
GTACTTTAGCGCCTAC-1	B	9
GTACTTTAGCGGACTA-1	T	18
GTACTTTAGGAAGGTA-1	Myeloid	1
GTACTTTAGGATTGAT-1	Myeloid	1
GTACTTTAGGCAAGCT-1	T	14
GTACTTTAGTCTCGAT-1	T	4
GTACTTTAGTGAAGGA-1	Myeloid	1
GTACTTTAGTGCAACG-1	B	19
GTACTTTAGTGGGACT-1	Myeloid	6
GTACTTTAGTTCGACT-1	B	0
GTACTTTAGTTTACGC-1	Myeloid	1
GTACTTTCAAAGCTTC-1	NK	7
GTACTTTCAATTGTGC-1	T	18
GTACTTTCACACATTG-1	NK	7
GTACTTTCACAGAAGC-1	T	14
GTACTTTCACCACCAG-1	NK	3
GTACTTTCAGCAACGA-1	Stromal	12
GTACTTTCAGTTAAAG-1	B	2
GTACTTTCATTACACG-1	B	2
GTACTTTGTAAACCCT-1	NK	3
GTACTTTGTAGCATGG-1	T	14
GTACTTTGTATGGATA-1	T	4
GTACTTTGTCTGCACG-1	B	19
GTACTTTGTGAGTTGG-1	Myeloid	6
GTACTTTGTGCGTTTA-1	B	2
GTACTTTGTGTCCCAG-1	T	18
GTACTTTGTTCGGGAA-1	NK	5
GTACTTTGTTTCAGCA-1	Myeloid	15
GTACTTTGTTTCTCTA-1	B	8
GTACTTTGTTTGGATC-1	T	18
GTACTTTTCCAACCTC-1	T	14
GTACTTTTCCGAATTG-1	T	4
GTACTTTTCCGCTCTA-1	B	9
GTACTTTTCGATGTGT-1	NK	7
GTACTTTTCGTTGTTT-1	B	19
GTACTTTTCTAAACGC-1	B	2
GTACTTTTCTCCTTGG-1	NK	5
GTACTTTTCTGTCGGG-1	B	19
GTAGACTAGAACTAAC-1	B	17
GTAGACTAGACGCCAA-1	Stromal	12
GTAGACTAGAGCTGTG-1	T	14
GTAGACTAGGTTAACA-1	T	18
GTAGACTAGTCACACT-1	B	19
GTAGACTAGTTGTCCA-1	T	4
GTAGACTAGTTTACGC-1	B	9
GTAGACTCACCGAATT-1	T	4
GTAGACTCAGAAGTGC-1	B	16
GTAGACTCAGTTAAAG-1	B	9
GTAGACTCATACTGCA-1	Myeloid	1
GTAGACTCATCAGAAA-1	T	4
GTAGACTCATCCTGGG-1	Myeloid	1
GTAGACTCATTAAGGA-1	T	4
GTAGACTGTATTCTCT-1	B	8
GTAGACTGTATTCTGG-1	NK	7
GTAGACTGTCATTGGT-1	B	11
GTAGACTGTCCAGACC-1	Myeloid	1
GTAGACTGTCCGTAGC-1	B	9
GTAGACTTCAGGGTTT-1	B	11
GTAGACTTCCATCGAA-1	B	11
GTAGGAGAGAACGTTA-1	NK	7
GTAGGAGAGAGAATTC-1	NK	3
GTAGGAGAGCCCATTA-1	T	18
GTAGGAGAGGATTGCG-1	NK	7
GTAGGAGAGGCGCTTC-1	NK	7
GTAGGAGAGGTCTTGT-1	NK	3
GTAGGAGAGTCTGGGA-1	B	9
GTAGGAGAGTGCTAGG-1	Myeloid	6
GTAGGAGAGTGTCCCG-1	Myeloid	1
GTAGGAGCAAGCACTT-1	B	11
GTAGGAGCAAGGAAGA-1	Myeloid	6
GTAGGAGCACCTATTT-1	B	9
GTAGGAGCAGCGTCGT-1	B	9
GTAGGAGCATTTGGCA-1	T	4
GTAGGAGGTAAGGTCG-1	B	9
GTAGGAGGTAGTTTGC-1	Myeloid	1
GTAGGAGGTCAGGTGA-1	T	18
GTAGGAGGTCATAGAA-1	Myeloid	6
GTAGGAGGTCCGTGCA-1	NK	7
GTAGGAGGTGAATGTA-1	T	14
GTAGGAGGTTCAGTTG-1	Myeloid	6
GTAGGAGTCAGAATGA-1	NK	3
GTAGGAGTCAGCACGC-1	B	9
GTAGGAGTCAGGTTTG-1	B	9
GTAGGAGTCGTTGTAG-1	Myeloid	1
GTAGGAGTCTCTGCGT-1	Myeloid	6
GTAGGAGTCTTAGTGG-1	Myeloid	1
GTAGTACAGATGTTGA-1	Myeloid	6
GTAGTACAGGCAGATC-1	B	2
GTAGTACAGGCTTCGC-1	B	0
GTAGTACAGGGTATCG-1	B	2
GTAGTACAGTCTTAGC-1	B	11
GTAGTACCAAGACTAA-1	B	11
GTAGTACCAATGGCAG-1	B	19
GTAGTACCAGTGCTCG-1	NK	3
GTAGTACCATACAACC-1	B	11
GTAGTACCATCACAAC-1	Myeloid	6
GTAGTACCATGATTGC-1	NK	5
GTAGTACCATTGTGAC-1	T	14
GTAGTACCATTTCTTG-1	T	14
GTAGTACGTAACCGAG-1	B	0
GTAGTACGTACAAATG-1	B	16
GTAGTACGTACTTCGA-1	Myeloid	6
GTAGTACGTAGTACAA-1	Stromal	12
GTAGTACGTCAACGGA-1	Myeloid	10
GTAGTACGTCAGCTTA-1	Myeloid	10
GTAGTACGTCAGGTGA-1	NK	7
GTAGTACGTGAATCAA-1	Myeloid	1
GTAGTACGTGCATCAT-1	NK	3
GTAGTACGTGCTTCCT-1	Myeloid	6
GTAGTACGTTCCGGCA-1	Myeloid	6
GTAGTACGTTTGACCA-1	B	8
GTAGTACTCACCCGGA-1	B	9
GTAGTACTCAGGTTTG-1	B	9
GTAGTACTCCAACGCG-1	NK	7
GTAGTACTCCGGCGAT-1	B	19
GTAGTACTCGTATAGC-1	Myeloid	6
GTCACAAAGCAGGACT-1	B	19
GTCACAAAGGCTTTAC-1	NK	3
GTCACAAAGTGATAAC-1	T	4
GTCACAACAAAGAAGG-1	B	8
GTCACAACAAAGGTCG-1	Myeloid	1
GTCACAACAACGTACT-1	T	4
GTCACAACACAAGGGT-1	NK	7
GTCACAACACAGATGG-1	Myeloid	10
GTCACAACACCACAGC-1	T	14
GTCACAACAGGGTACA-1	Myeloid	6
GTCACAACAGTCAGCC-1	T	14
GTCACAACATGACTGT-1	NK	7
GTCACAAGTAACTGAA-1	Myeloid	10
GTCACAAGTGCATTGT-1	NK	7
GTCACAAGTGTCTACA-1	B	17
GTCACAAGTTAACTCG-1	B	19
GTCACAAGTTAGGCTT-1	T	4
GTCACAAGTTGGGAAC-1	NK	3
GTCACAATCACCCGGA-1	NK	7
GTCACAATCACTCGGG-1	B	9
GTCACAATCAGGCCGT-1	T	14
GTCACAATCCCACTAC-1	Myeloid	1
GTCACAATCCCAGTAA-1	B	11
GTCACAATCCGTGCGA-1	Myeloid	13
GTCACAATCCTTGACC-1	B	19
GTCACAATCGATGTGT-1	T	18
GTCACAATCGGTTAGT-1	NK	3
GTCACAATCTATCCTA-1	B	2
GTCACAATCTCCAACC-1	Myeloid	6
GTCACAATCTCTGAGA-1	Myeloid	6
GTCACAATCTCTTAAC-1	Myeloid	6
GTCACAATCTGTAGAC-1	T	4
GTCACCTAGAAGGGCG-1	NK	3
GTCACCTAGAGAGTTT-1	NK	3
GTCACCTAGAGGAAGT-1	T	14
GTCACCTAGCGCCTAC-1	B	17
GTCACCTAGCGGACAT-1	B	11
GTCACCTAGCGGACTA-1	Myeloid	15
GTCACCTAGTATGCTC-1	Myeloid	1
GTCACCTAGTCTAGAA-1	Stromal	12
GTCACCTCAAATGCTC-1	NK	7
GTCACCTCACGCTAAT-1	NK	7
GTCACCTCAGCAACAG-1	NK	3
GTCACCTCAGTCAGCC-1	Myeloid	6
GTCACCTCAGTTGGAG-1	T	4
GTCACCTCATCCGTAA-1	B	9
GTCACCTCATGCGACC-1	Myeloid	13
GTCACCTCATTTAGGC-1	NK	7
GTCACCTGTAACTGAA-1	NK	3
GTCACCTGTATCACAC-1	Myeloid	6
GTCACCTGTCCTTCAC-1	T	4
GTCACCTGTCTGCACG-1	B	11
GTCACCTGTGACCAGA-1	B	11
GTCACCTGTGATGCGA-1	B	17
GTCACCTGTTACGCTA-1	NK	7
GTCACCTTCACTACCC-1	Myeloid	15
GTCACCTTCCCAATGA-1	Myeloid	6
GTCACCTTCCCAGTAA-1	T	18
GTCACCTTCGATGTGT-1	Stromal	12
GTCACCTTCTATAGGC-1	B	11
GTCACGGAGAGCAGCT-1	B	11
GTCACGGAGAGTGGAA-1	Stromal	12
GTCACGGAGATGTTGA-1	B	19
GTCACGGAGCAACGGT-1	T	18
GTCACGGAGTGATCTC-1	Myeloid	1
GTCACGGCAACTGCGC-1	B	2
GTCACGGCAATTGCCA-1	B	11
GTCACGGCACAGTAGG-1	T	14
GTCACGGCACTCGGAC-1	NK	7
GTCACGGCAGACTAAA-1	NK	7
GTCACGGCAGGTGGTA-1	B	9
GTCACGGCAGTAAGCG-1	B	8
GTCACGGCATGGGAAC-1	B	2
GTCACGGCATGTATCG-1	B	2
GTCACGGCATTGCCTC-1	Myeloid	15
GTCACGGGTAAGCCGA-1	B	9
GTCACGGGTCGAGGTA-1	T	4
GTCACGGGTCTGAGCC-1	Myeloid	6
GTCACGGGTGACGCAA-1	B	19
GTCACGGGTGGGTAGT-1	B	17
GTCACGGGTGTAGGAC-1	B	19
GTCACGGGTGTCCAGC-1	NK	7
GTCACGGGTGTTAGAA-1	B	8
GTCACGGGTTATAGAG-1	Myeloid	13
GTCACGGGTTCTTTCA-1	B	2
GTCACGGTCAAGGCAG-1	B	2
GTCACGGTCACTCGGG-1	NK	3
GTCACGGTCATTCTTG-1	B	11
GTCACGGTCCTTCGAC-1	B	9
GTCACGGTCGCTATAG-1	NK	7
GTCACGGTCTACCCGT-1	NK	3
GTCACTCAGAACCCGA-1	B	2
GTCACTCAGACCCATT-1	T	4
GTCACTCAGAGAACCC-1	B	2
GTCACTCAGAGAGTAG-1	T	14
GTCACTCAGAGCGGTT-1	T	4
GTCACTCAGATCCGAG-1	NK	3
GTCACTCAGGACTAGC-1	NK	3
GTCACTCCACGTTACA-1	Stromal	12
GTCACTCCAGCTATAC-1	NK	3
GTCACTCCAGGGAGTT-1	B	8
GTCACTCCAGGGCTTC-1	B	2
GTCACTCCATTGTTCT-1	B	2
GTCACTCGTAACAATG-1	NK	5
GTCACTCGTACAACGG-1	B	19
GTCACTCGTACAAGCG-1	B	11
GTCACTCGTACCTATG-1	NK	7
GTCACTCGTACGGAGT-1	B	8
GTCACTCGTAGACGCA-1	B	9
GTCACTCGTAGGGTCA-1	Myeloid	10
GTCACTCGTCAGAGTG-1	B	17
GTCACTCGTGAATCAA-1	B	2
GTCACTCGTGATGTGG-1	Stromal	12
GTCACTCGTGTGACCC-1	B	11
GTCACTCGTTAAGGGC-1	T	4
GTCACTCTCACTTACT-1	B	0
GTCACTCTCAGGATCT-1	B	0
GTCACTCTCCCACTTG-1	B	11
GTCACTCTCGCCACTT-1	NK	3
GTCACTCTCGGATCGC-1	T	14
GTCACTCTCGGTGATT-1	Myeloid	6
GTCACTCTCTAGCAAC-1	NK	7
GTCACTCTCTATCCTA-1	B	11
GTCACTCTCTTACTCA-1	NK	3
GTCACTCTCTTAGTGG-1	B	19
GTCACTCTCTTTCGAT-1	B	16
GTCCATCAGAAGACTT-1	T	4
GTCCATCAGAGAGTAG-1	B	2
GTCCATCAGCTATCGT-1	T	14
GTCCATCAGCTGAAAT-1	B	9
GTCCATCAGGCTGGAT-1	Myeloid	13
GTCCATCAGGCTTCGC-1	B	9
GTCCATCAGGGCATTG-1	Myeloid	1
GTCCATCAGTAGGTCG-1	B	9
GTCCATCAGTCTAGAA-1	B	16
GTCCATCAGTCTCCAA-1	NK	5
GTCCATCCAAAGCTTC-1	B	9
GTCCATCCAATGCACT-1	T	18
GTCCATCCACATATCG-1	Myeloid	1
GTCCATCCACTAAACC-1	Myeloid	6
GTCCATCCAGCTTACA-1	B	11
GTCCATCCATACAACC-1	Myeloid	1
GTCCATCGTACGGAGT-1	B	2
GTCCATCGTAGGGTTG-1	Myeloid	10
GTCCATCGTATGGGTG-1	B	2
GTCCATCGTCCGGTAC-1	T	18
GTCCATCGTGACAAGC-1	B	11
GTCCATCGTGACGCAA-1	Myeloid	15
GTCCATCGTGGAAAGA-1	B	19
GTCCATCGTGTGACCC-1	B	2
GTCCATCGTTGTCGGC-1	Myeloid	1
GTCCATCGTTTCGATG-1	Myeloid	10
GTCCATCTCACCCTTG-1	Myeloid	6
GTCCATCTCCACCTAC-1	Myeloid	1
GTCCATCTCCATATCT-1	Myeloid	1
GTCCATCTCCGGCTGA-1	B	19
GTCCATCTCGGGATCC-1	T	18
GTCCATCTCGTAGCGC-1	NK	3
GTCCATCTCTCCTTAA-1	Myeloid	1
GTCCATCTCTGGTACA-1	Myeloid	15
GTCGTAAAGAATGCTA-1	B	8
GTCGTAAAGACCCATT-1	T	14
GTCGTAAAGATGTTCC-1	B	11
GTCGTAAAGCGAATAT-1	B	9
GTCGTAAAGGCCTCTG-1	B	11
GTCGTAAAGTCGTATC-1	Myeloid	1
GTCGTAAAGTGTCCCG-1	NK	7
GTCGTAACACCGTTGG-1	NK	7
GTCGTAACACTCAAGT-1	NK	5
GTCGTAACAGGCACAA-1	Myeloid	1
GTCGTAACAGTTGCAT-1	T	14
GTCGTAACATCGAGTT-1	B	8
GTCGTAACATGCGCTG-1	Myeloid	15
GTCGTAAGTAAGGTCG-1	Myeloid	10
GTCGTAAGTAATGCCT-1	B	19
GTCGTAAGTACGGATG-1	B	11
GTCGTAAGTAGTCCAT-1	Myeloid	1
GTCGTAAGTCAAATCC-1	B	2
GTCGTAAGTCAGAAGC-1	B	19
GTCGTAAGTGCCCAGT-1	Myeloid	1
GTCGTAAGTGGCATAG-1	Myeloid	10
GTCGTAAGTGGCCTCA-1	Myeloid	13
GTCGTAAGTGTAGGAC-1	Myeloid	6
GTCGTAAGTGTGTGTT-1	NK	3
GTCGTAAGTTCTGAGT-1	T	14
GTCGTAATCAGAATGA-1	B	11
GTCGTAATCGAGCGCT-1	B	8
GTCGTAATCGCAAACT-1	Myeloid	1
GTCGTAATCGTGCTTC-1	B	11
GTCGTAATCGTGGCGT-1	Myeloid	15
GTCGTAATCTACTGCC-1	B	9
GTCGTAATCTAGCAAC-1	Myeloid	6
GTCGTAATCTCGACAA-1	B	2
GTCGTAATCTGCGTCT-1	B	9
GTCGTAATCTTCTTCC-1	Myeloid	6
GTCGTAATCTTGTACT-1	Myeloid	1
GTCTACCAGAGGTACC-1	B	8
GTCTACCAGCAATGTA-1	B	19
GTCTACCAGCACACCC-1	Myeloid	6
GTCTACCAGGAGTACC-1	Myeloid	1
GTCTACCAGGGTATCG-1	Myeloid	6
GTCTACCAGGTTACAA-1	Myeloid	13
GTCTACCCAAACCTAC-1	Myeloid	1
GTCTACCCACAAGGGT-1	Myeloid	15
GTCTACCCAGAACAGC-1	Myeloid	6
GTCTACCCAGATAAGT-1	Myeloid	13
GTCTACCCATATAGAG-1	B	16
GTCTACCCATCCGTAA-1	Myeloid	6
GTCTACCCATCGTACA-1	Myeloid	1
GTCTACCGTCAAATCC-1	Myeloid	1
GTCTACCTCCACGCTT-1	Myeloid	1
GTCTACCTCCGATTGA-1	B	9
GTCTACCTCCTCAAGA-1	NK	7
GTCTACCTCGATAGCT-1	Myeloid	1
GTCTACCTCGATGCAT-1	NK	7
GTCTACCTCGTTCAGA-1	Myeloid	1
GTCTACCTCTATCTAC-1	Myeloid	13
GTCTACCTCTCAGATG-1	Myeloid	10
GTCTACCTCTCCTTGG-1	Stromal	12
GTGACATAGAACCCGA-1	Myeloid	6
GTGACATAGACCTATC-1	Myeloid	1
GTGACATAGCGTGTTT-1	B	9
GTGACATAGGTTCTCA-1	B	11
GTGACATAGTAGGTCG-1	B	9
GTGACATAGTCGATAA-1	B	19
GTGACATCAGTAGTCT-1	B	2
GTGACATCATAGTCCA-1	T	4
GTGACATGTCTGTTGA-1	Myeloid	6
GTGACATGTGGAAAGA-1	NK	7
GTGACATGTGGACAGT-1	T	18
GTGACATGTGGTACTT-1	B	9
GTGACATGTGTCCCAG-1	NK	7
GTGACATGTGTCGTCG-1	T	14
GTGACATGTGTGTGTT-1	Myeloid	10
GTGACATTCCCAGCAG-1	Myeloid	10
GTGACATTCGACTCGG-1	Myeloid	1
GTGACATTCGAGTGTT-1	NK	5
GTGACATTCGCGATGC-1	Myeloid	15
GTGACATTCGGGAAAC-1	Myeloid	6
GTGACATTCTACTTTG-1	Stromal	12
GTGACATTCTCCCTTT-1	B	9
GTGACATTCTGAAAGA-1	Myeloid	6
GTGACATTCTGAGTAC-1	Myeloid	6
GTGACATTCTTAAGCG-1	Stromal	12
GTGATCAAGACCGCAA-1	Myeloid	6
GTGATCAAGAGAATTC-1	NK	5
GTGATCAAGATGTTGA-1	NK	5
GTGATCAAGATTGACA-1	B	8
GTGATCAAGCATACCT-1	NK	7
GTGATCAAGCGCATTT-1	Myeloid	1
GTGATCAAGGAACCGT-1	Myeloid	6
GTGATCAAGGATATCA-1	B	9
GTGATCAAGGGATCCA-1	T	14
GTGATCAAGGGTATCG-1	NK	7
GTGATCAAGTCACACT-1	B	2
GTGATCAAGTGAATAC-1	T	4
GTGATCAAGTGCTGAG-1	NK	7
GTGATCAAGTTAGCAA-1	Myeloid	1
GTGATCAAGTTGACAA-1	Stromal	12
GTGATCACAACCTCCT-1	B	2
GTGATCACAAGACTAA-1	B	16
GTGATCACACATATCG-1	NK	5
GTGATCACACCTACCT-1	NK	7
GTGATCACAGACCTGC-1	NK	3
GTGATCACAGCGTAGA-1	B	16
GTGATCACAGCTGATT-1	T	4
GTGATCAGTACAAGCG-1	T	4
GTGATCAGTAGCGTTT-1	B	9
GTGATCAGTCAGCAAG-1	Myeloid	1
GTGATCAGTCAGTGTT-1	B	2
GTGATCAGTCGACTGC-1	B	11
GTGATCAGTGACAAGC-1	NK	7
GTGATCAGTTCAGTAC-1	NK	3
GTGATCAGTTTGATCG-1	NK	7
GTGATCATCCCACTAC-1	T	18
GTGCACGAGAAATCTG-1	B	11
GTGCACGAGACGAAAG-1	T	18
GTGCACGAGCGAATAT-1	Myeloid	1
GTGCACGAGGAATGGA-1	Stromal	12
GTGCACGCAAATTGAG-1	B	2
GTGCACGCAAGCCTTA-1	Myeloid	10
GTGCACGCAATGATGA-1	B	9
GTGCACGCACATAAAG-1	B	19
GTGCACGGTACCCACG-1	NK	7
GTGCACGGTACGCAAG-1	B	2
GTGCACGGTAGGGTTG-1	B	9
GTGCACGGTCAATACC-1	Myeloid	1
GTGCACGGTGAAACAT-1	NK	7
GTGCACGGTGATGTGG-1	NK	7
GTGCACGGTGCTGAAG-1	B	11
GTGCACGGTGGCATAG-1	B	2
GTGCACGGTGTCCAGC-1	Myeloid	1
GTGCACGGTGTCGTCG-1	B	9
GTGCACGGTTAACCAC-1	B	16
GTGCACGGTTCTGATG-1	B	19
GTGCACGGTTCTTTGT-1	NK	7
GTGCACGGTTTGTAGC-1	NK	5
GTGCACGTCGCTACCT-1	T	14
GTGCACGTCTCGCGGA-1	B	0
GTGCACGTCTGTGTCC-1	Myeloid	10
GTGCCAGAGAAATGGG-1	T	4
GTGCCAGAGATCGCCC-1	B	9
GTGCCAGAGCAGGAGG-1	NK	5
GTGCCAGAGGCAGTAC-1	Myeloid	15
GTGCCAGAGGTTAGTA-1	Myeloid	1
GTGCCAGAGGTTGTGG-1	Myeloid	6
GTGCCAGAGTGCTGAG-1	Myeloid	6
GTGCCAGCAAGGAAGA-1	T	14
GTGCCAGCAATTGCCA-1	B	2
GTGCCAGCACACATGT-1	NK	5
GTGCCAGCACCCTTTG-1	Myeloid	15
GTGCCAGCACTCGCAG-1	B	11
GTGCCAGCACTGAAGG-1	Myeloid	1
GTGCCAGCAGACCTGC-1	Myeloid	10
GTGCCAGCAGATTTGC-1	B	0
GTGCCAGCAGGTAGGT-1	Myeloid	1
GTGCCAGCAGTAGGCA-1	B	17
GTGCCAGCATACAACC-1	Myeloid	1
GTGCCAGCATGGGAAC-1	Myeloid	10
GTGCCAGCATTAGCCA-1	Myeloid	13
GTGCCAGGTACAAGCG-1	T	14
GTGCCAGGTAGATGAT-1	T	4
GTGCCAGGTAGTATCC-1	T	14
GTGCCAGGTATATGGA-1	B	2
GTGCCAGGTATTTGCG-1	B	2
GTGCCAGGTCCCTAAA-1	B	2
GTGCCAGGTCGTCGCA-1	B	9
GTGCCAGGTCTGGGCT-1	B	11
GTGCCAGGTGCCCGAT-1	B	11
GTGCCAGGTGGATTTC-1	B	2
GTGCCAGGTTTGCCCT-1	Myeloid	1
GTGCCAGTCACTTACT-1	T	4
GTGCCAGTCAGAACGG-1	NK	5
GTGCCAGTCCGAATTG-1	Myeloid	6
GTGCCAGTCTCTGACC-1	B	2
GTGCTGGAGCTAGCAG-1	NK	7
GTGCTGGAGCTGAATA-1	B	9
GTGCTGGAGGATTTGA-1	B	9
GTGCTGGAGTCACACT-1	Myeloid	10
GTGCTGGAGTGAACCG-1	T	4
GTGCTGGAGTGCAACG-1	B	9
GTGCTGGAGTGTAATG-1	Myeloid	6
GTGCTGGCAAAGCATA-1	Myeloid	6
GTGCTGGCAAGAGATT-1	B	11
GTGCTGGCAGTGCGAA-1	B	8
GTGCTGGCAGTTAAAG-1	Myeloid	1
GTGCTGGGTACGGTTT-1	Myeloid	10
GTGCTGGGTCGCGCTA-1	T	4
GTGCTGGGTTCAGAAA-1	NK	7
GTGCTGGGTTCCAATG-1	B	2
GTGCTGGGTTCCCAAA-1	T	4
GTGCTGGGTTGGCTAT-1	T	4
GTGCTGGGTTGTGAGG-1	Stromal	12
GTGCTGGTCCCGGGTA-1	Myeloid	6
GTGCTGGTCCTCCATG-1	NK	7
GTGCTGGTCGACTGGC-1	NK	7
GTGCTGGTCGATTACG-1	B	19
GTGCTGGTCGCGTGAC-1	B	11
GTGCTGGTCGGTTCCT-1	NK	3
GTGCTGGTCTACCCGT-1	T	18
GTGCTGGTCTGACATG-1	Myeloid	6
GTGCTGGTCTGATCCC-1	T	4
GTGCTGGTCTTACGGA-1	B	9
GTGGATTAGAAAGCAG-1	T	14
GTGGATTAGAACGTCG-1	Myeloid	13
GTGGATTAGATATGAC-1	NK	7
GTGGATTAGCGAATAT-1	NK	7
GTGGATTAGGATTGAT-1	B	19
GTGGATTAGGCACTAG-1	Stromal	12
GTGGATTAGTATCTGC-1	B	16
GTGGATTAGTCACACT-1	Myeloid	6
GTGGATTAGTGAGCTG-1	Myeloid	15
GTGGATTAGTGTCACT-1	NK	3
GTGGATTAGTTCGCGC-1	T	18
GTGGATTCAACTGCGC-1	T	14
GTGGATTCAAGACTTC-1	NK	7
GTGGATTCACTCCACT-1	Myeloid	15
GTGGATTCAGGTGTGA-1	Myeloid	10
GTGGATTCAGTGCTCG-1	NK	7
GTGGATTGTACGTAGG-1	B	9
GTGGATTGTAGAACGC-1	B	11
GTGGATTGTAGCTGTT-1	Myeloid	6
GTGGATTGTAGGTCTT-1	Myeloid	6
GTGGATTGTAGTTTGC-1	Myeloid	1
GTGGATTGTGGATTTC-1	T	18
GTGGATTGTGGCCTTG-1	B	2
GTGGATTGTGTACGCC-1	Myeloid	6
GTGGATTGTTCAGAAA-1	B	16
GTGGATTGTTCCAGTA-1	B	9
GTGGATTGTTGTGACT-1	Myeloid	1
GTGGATTGTTTCAGCA-1	B	2
GTGGATTTCAAGAGAT-1	B	2
GTGGATTTCCACTAGA-1	B	2
GTGGATTTCCTATCCG-1	B	11
GTGGATTTCCTGTAGA-1	NK	3
GTGGATTTCGCACAAT-1	NK	7
GTGGATTTCGTAGCGC-1	NK	7
GTGGATTTCTTGTACT-1	B	19
GTGGCGTAGAACCATA-1	T	4
GTGGCGTAGCCCATGC-1	B	8
GTGGCGTAGCCCATTA-1	Stromal	12
GTGGCGTAGCTACGTT-1	Myeloid	6
GTGGCGTAGCTCCGGT-1	Stromal	12
GTGGCGTAGCTTTCCC-1	T	4
GTGGCGTAGGCTTAAA-1	B	11
GTGGCGTAGGTACTCT-1	Myeloid	6
GTGGCGTAGTAGAAGG-1	Myeloid	1
GTGGCGTAGTCCGGAA-1	B	9
GTGGCGTAGTCGCCTG-1	B	2
GTGGCGTCAAATAGTG-1	B	19
GTGGCGTCAAGCGAAC-1	B	19
GTGGCGTCAATCACTG-1	NK	7
GTGGCGTCACCACCAG-1	NK	7
GTGGCGTCAGAAAGAG-1	NK	3
GTGGCGTCAGCAGGTA-1	B	17
GTGGCGTCAGTTCGGC-1	Myeloid	10
GTGGCGTCATCTCTCG-1	B	2
GTGGCGTCATGGCCCA-1	NK	5
GTGGCGTGTACATGGG-1	B	11
GTGGCGTGTACGGTTT-1	NK	3
GTGGCGTGTACTTCGA-1	Myeloid	6
GTGGCGTGTAGGGTCA-1	B	19
GTGGCGTGTGCCCTAG-1	Myeloid	10
GTGGCGTGTGTGAGGT-1	Myeloid	1
GTGGCGTGTTACACTG-1	B	2
GTGGCGTGTTATCGAC-1	Myeloid	6
GTGGCGTGTTTGTACG-1	B	11
GTGGCGTTCCGTTTCG-1	NK	7
GTGGCGTTCGGACGAA-1	T	18
GTGGCGTTCGGTTCCT-1	NK	7
GTGGCGTTCTATACCT-1	Myeloid	1
GTGGCGTTCTCTGCAC-1	B	19
GTGGCGTTCTTCCACG-1	B	19
GTGTCAAAGAGAACCC-1	T	4
GTGTCAAAGAGAGTTT-1	B	11
GTGTCAAAGCGGACTA-1	B	2
GTGTCAAAGTTGAATG-1	NK	3
GTGTCAAAGTTGCGCC-1	Myeloid	1
GTGTCAAAGTTGGAAT-1	Myeloid	13
GTGTCAACAATGATGA-1	Myeloid	1
GTGTCAACATGACTGT-1	B	11
GTGTCAACATGGCCCA-1	Myeloid	6
GTGTCAAGTAACTCCA-1	T	4
GTGTCAAGTACCCATA-1	B	11
GTGTCAAGTCAACGGA-1	B	2
GTGTCAAGTCCAGACC-1	B	11
GTGTCAAGTGCGTAGA-1	B	2
GTGTCAAGTGGAAAGA-1	Myeloid	15
GTGTCAAGTGGCATAG-1	Myeloid	13
GTGTCAATCAAGGCAG-1	Myeloid	1
GTGTCAATCATCATGG-1	Myeloid	6
GTGTCAATCCAACCTC-1	B	8
GTGTCAATCCTTCGAC-1	B	9
GTGTCAATCGGAGTTT-1	Myeloid	6
GTGTCAATCGGCTATA-1	B	11
GTGTCAATCGGTTCCT-1	B	9
GTGTCAATCTAGCAAC-1	Myeloid	1
GTGTCAATCTATACCT-1	B	9
GTGTCCTAGCGCACAA-1	Myeloid	6
GTGTCCTAGGCGTCCT-1	B	11
GTGTCCTAGTAGAAGG-1	T	14
GTGTCCTCAACTCGTA-1	Myeloid	6
GTGTCCTCAAGTAACA-1	B	9
GTGTCCTCACGCTAAT-1	B	9
GTGTCCTCATATTGGC-1	B	19
GTGTCCTGTAAGTCTC-1	T	14
GTGTCCTGTAGCATGG-1	B	11
GTGTCCTGTATGGTTC-1	T	4
GTGTCCTGTATTTGCG-1	Stromal	12
GTGTCCTGTCAGTGCC-1	Myeloid	10
GTGTCCTGTCATAGCT-1	B	8
GTGTCCTGTGAATGTA-1	Myeloid	6
GTGTCCTGTTCCAGTA-1	B	9
GTGTCCTGTTTAAGCC-1	B	19
GTGTCCTTCACTGGTA-1	Myeloid	15
GTGTCCTTCCCACGGA-1	B	2
GTGTCCTTCCCTACCA-1	T	18
GTGTCCTTCGTGGTAT-1	B	19
GTGTCCTTCGTTCCGT-1	NK	3
GTGTCCTTCGTTCTAT-1	B	8
GTGTCCTTCTACTGCC-1	NK	7
GTGTCCTTCTCATATC-1	NK	7
GTGTGATAGAGTTTGA-1	Myeloid	6
GTGTGATAGCGGACTA-1	Myeloid	6
GTGTGATAGGTAAGTT-1	B	9
GTGTGATAGTAACATG-1	B	0
GTGTGATAGTACAACA-1	Myeloid	6
GTGTGATCAACGCACC-1	Myeloid	10
GTGTGATCAAGCGACA-1	Myeloid	13
GTGTGATCAAGTAACA-1	Myeloid	1
GTGTGATCAATTCTCT-1	Myeloid	6
GTGTGATCACTAAACC-1	Myeloid	1
GTGTGATCAGACCTGC-1	B	2
GTGTGATCAGGGTACA-1	B	11
GTGTGATCATTAACGC-1	B	17
GTGTGATCATTTCTTG-1	B	19
GTGTGATGTCAGGCTC-1	B	8
GTGTGATGTCATCAAC-1	T	4
GTGTGATGTCGGCTGT-1	B	8
GTGTGATGTCTGTCCT-1	T	14
GTGTGATGTGATGTGG-1	Stromal	12
GTGTGATGTGCAAAGC-1	NK	3
GTGTGATGTTAAGTCC-1	T	14
GTGTGATGTTAGGAGC-1	Myeloid	1
GTGTGATGTTTGCCCT-1	B	9
GTGTGATTCAAATGGA-1	B	8
GTGTGATTCAATTCCT-1	Myeloid	6
GTGTGATTCACATTCT-1	T	4
GTGTGATTCACTACCC-1	Stromal	12
GTGTGATTCCAGCACG-1	Myeloid	1
GTGTGATTCCGCCTAT-1	B	19
GTGTGATTCCTCAAGA-1	Myeloid	6
GTGTGATTCGATGTGT-1	B	9
GTGTGATTCGCAACTA-1	T	14
GTGTGATTCGCCACTT-1	B	2
GTGTGATTCGGATAGG-1	NK	3
GTGTGATTCGTCCCTA-1	Myeloid	6
GTGTGATTCTCATATC-1	Myeloid	15
GTGTGATTCTCCACTG-1	B	9
GTTACGAAGAACCCGA-1	Myeloid	15
GTTACGAAGATCGCCC-1	B	11
GTTACGAAGCACACCC-1	NK	7
GTTACGAAGCTGATTC-1	B	8
GTTACGAAGCTTACCA-1	B	9
GTTACGAAGGCTTTAC-1	B	0
GTTACGAAGTCATACC-1	T	18
GTTACGAAGTGCACAG-1	Myeloid	1
GTTACGAAGTTCCAGT-1	B	9
GTTACGACAATGTGCT-1	NK	7
GTTACGACACGTTAGT-1	B	8
GTTACGACACTAAACC-1	NK	7
GTTACGACAGTATCTG-1	T	18
GTTACGACAGTGCTCG-1	Myeloid	13
GTTACGACAGTTGCAT-1	NK	3
GTTACGAGTAACGGTG-1	Myeloid	15
GTTACGAGTCGCTAGC-1	NK	7
GTTACGAGTCTCTGGG-1	B	2
GTTACGAGTGTCCTTC-1	T	4
GTTACGAGTTATGCAC-1	NK	7
GTTACGAGTTGGTAAA-1	B	11
GTTACGATCACATTCT-1	Myeloid	1
GTTACGATCACCCTTG-1	Myeloid	1
GTTACGATCGCACAAT-1	B	8
GTTACGATCGTCAACA-1	NK	7
GTTACGATCGTCCCAT-1	B	2
GTTACGATCGTGCTTC-1	NK	7
GTTACGATCGTGGCGT-1	NK	7
GTTACGATCTCAGATG-1	Myeloid	1
GTTACGATCTCGACAA-1	NK	7
GTTACGATCTTCATAC-1	NK	7
GTTACTTAGACACAAT-1	T	18
GTTACTTAGAGTAAGG-1	NK	7
GTTACTTAGCCATTCA-1	NK	3
GTTACTTAGCTGAAAT-1	B	19
GTTACTTAGGCTCCTG-1	Myeloid	1
GTTACTTAGTGTTCCA-1	B	11
GTTACTTAGTTGAATG-1	Stromal	12
GTTACTTCATTACCTT-1	B	2
GTTACTTCATTGTGAC-1	Myeloid	13
GTTACTTGTAACGGTG-1	Myeloid	10
GTTACTTGTATTCTCT-1	B	17
GTTACTTGTCAGCAAG-1	B	2
GTTACTTGTGAATGGC-1	T	4
GTTACTTGTGAGGGTT-1	NK	3
GTTACTTGTGGACGAT-1	B	0
GTTACTTGTGGGTAGT-1	NK	7
GTTACTTGTGTTTCTT-1	Stromal	12
GTTACTTGTTTCCACC-1	NK	5
GTTACTTTCAGTGTGT-1	Myeloid	1
GTTACTTTCCAGAGAG-1	Myeloid	6
GTTACTTTCCATGTTT-1	B	8
GTTACTTTCCGTTAGA-1	NK	7
GTTACTTTCCTGTGGG-1	B	19
GTTACTTTCGATGCAT-1	B	0
GTTACTTTCGCCAGAC-1	Myeloid	1
GTTACTTTCGCTGATA-1	NK	7
GTTACTTTCTAGCAGT-1	Myeloid	10
GTTACTTTCTCTGACC-1	B	17
GTTACTTTCTGTGTCC-1	Myeloid	1
GTTATGGAGAGCTACG-1	B	17
GTTATGGAGATAGGTT-1	Myeloid	1
GTTATGGAGCATGTGG-1	T	18
GTTATGGAGCCATCAT-1	NK	7
GTTATGGAGCGAGCTA-1	NK	7
GTTATGGAGGATGTCG-1	Myeloid	6
GTTATGGAGGATTAAC-1	B	2
GTTATGGAGGGATCCA-1	Myeloid	6
GTTATGGAGTACTCTG-1	B	11
GTTATGGAGTTCAGGG-1	Myeloid	6
GTTATGGCAATGCCAT-1	Myeloid	13
GTTATGGCACGCGCAT-1	B	19
GTTATGGCACTTACAG-1	Myeloid	1
GTTATGGCATTCTTTG-1	Myeloid	6
GTTATGGGTAAACCCT-1	T	14
GTTATGGGTACGGAGT-1	B	9
GTTATGGGTAGAAGCC-1	B	8
GTTATGGGTAGAGAGA-1	B	11
GTTATGGGTAGGGTCA-1	B	0
GTTATGGGTCAGTGTT-1	NK	3
GTTATGGGTGCCCTAG-1	Myeloid	6
GTTATGGGTGTAGGAC-1	B	9
GTTATGGTCACGTGTA-1	B	16
GTTATGGTCCAACGCG-1	Myeloid	13
GTTATGGTCCAAGTCA-1	T	18
GTTATGGTCCAGGCCA-1	T	14
GTTATGGTCCAGTACA-1	T	4
GTTATGGTCCCTACGT-1	NK	7
GTTATGGTCCGTACGG-1	B	9
GTTATGGTCGCTATAG-1	Myeloid	1
GTTATGGTCGGATGTT-1	T	18
GTTATGGTCGGTAGGA-1	B	17
GTTATGGTCGTGGTAT-1	NK	5
GTTATGGTCTACTTTG-1	Myeloid	6
GTTATGGTCTAGCAGT-1	Myeloid	1
GTTATGGTCTATTTCG-1	B	17
GTTATGGTCTTCGTTA-1	Myeloid	6
GTTATTCAGAGCGAAA-1	T	18
GTTATTCAGAGTGGAA-1	NK	3
GTTATTCAGATACCAA-1	Myeloid	10
GTTATTCAGATTAGAC-1	B	17
GTTATTCAGGCTAAAT-1	B	2
GTTATTCAGGTTCGAG-1	B	0
GTTATTCAGTTAGCAA-1	NK	3
GTTATTCCAAGATTAG-1	T	4
GTTATTCCAAGGGTAC-1	Myeloid	6
GTTATTCCAAGGTCGA-1	NK	7
GTTATTCCAAGTCTGT-1	B	11
GTTATTCCAATGGTAA-1	NK	3
GTTATTCCACGATTAC-1	Myeloid	15
GTTATTCCACTCAGCG-1	T	18
GTTATTCCAGCAACAG-1	NK	7
GTTATTCGTAATGCCT-1	Stromal	12
GTTATTCGTACCCATA-1	B	8
GTTATTCGTAGATGAT-1	B	9
GTTATTCGTCGCGCTA-1	B	11
GTTATTCGTTCTTATC-1	B	8
GTTATTCGTTTCTTAC-1	B	2
GTTATTCTCAATTGGC-1	T	18
GTTATTCTCACTGGTA-1	NK	7
GTTATTCTCAGGAAGC-1	Myeloid	6
GTTATTCTCCAAGAGG-1	B	8
GTTATTCTCCGAATTG-1	B	19
GTTATTCTCCGTTAGA-1	B	8
GTTATTCTCCTCTCTT-1	B	2
GTTATTCTCGCGCCAA-1	Myeloid	1
GTTATTCTCGCGTGAC-1	T	14
GTTATTCTCGTTTGAG-1	Myeloid	6
GTTCAAGAGAGACTCG-1	Myeloid	1
GTTCAAGAGAGCAGCT-1	B	19
GTTCAAGAGAGGAACA-1	B	17
GTTCAAGAGCAGGACT-1	B	11
GTTCAAGAGGCAAGCT-1	T	14
GTTCAAGCAAATTCCG-1	B	9
GTTCAAGCAACGGGTA-1	NK	3
GTTCAAGCAACTCCCT-1	Myeloid	15
GTTCAAGCAAGCGGTA-1	B	9
GTTCAAGCAATTCAGC-1	B	9
GTTCAAGCATTACCTT-1	Myeloid	1
GTTCAAGCATTTGGCA-1	Myeloid	1
GTTCAAGGTATCCCTC-1	NK	7
GTTCAAGGTCATTGCA-1	B	2
GTTCAAGGTCTGATTG-1	Myeloid	1
GTTCAAGGTGAATACA-1	B	19
GTTCAAGGTGATTCCA-1	Myeloid	10
GTTCAAGGTGTGTGTT-1	T	18
GTTCAAGGTTAGGAGC-1	NK	3
GTTCAAGGTTTAAGGA-1	B	8
GTTCAAGTCACAACAC-1	Myeloid	6
GTTCAAGTCACTCCCA-1	B	2
GTTCAAGTCAGTGTGT-1	Myeloid	1
GTTCAAGTCCACCTAC-1	Myeloid	6
GTTCAAGTCCTATCCG-1	NK	3
GTTCAAGTCGGATAGG-1	NK	3
GTTCAAGTCGGTTGTA-1	B	9
GTTGGGCAGACCTATC-1	Myeloid	1
GTTGGGCAGCCCATTA-1	B	11
GTTGGGCAGGCAAGGG-1	B	2
GTTGGGCAGGCTAAAT-1	NK	7
GTTGGGCAGTTCCCGG-1	Myeloid	6
GTTGGGCCAAAGGTCG-1	Myeloid	1
GTTGGGCCAAATGCTC-1	NK	3
GTTGGGCCAACTGCGC-1	T	18
GTTGGGCCAATGAAAC-1	T	18
GTTGGGCCACGTGAAG-1	Myeloid	1
GTTGGGCGTACCAAGG-1	NK	7
GTTGGGCGTATTCGAC-1	B	19
GTTGGGCGTCAACGGA-1	NK	7
GTTGGGCGTTGAATAG-1	T	14
GTTGGGCGTTTCTCTA-1	Stromal	12
GTTGGGCTCCAACGCG-1	B	11
GTTGGGCTCCCGTAGG-1	Myeloid	1
GTTGGGCTCGATATGC-1	Myeloid	6
GTTGGGCTCGCTATAG-1	Myeloid	6
GTTGGGCTCGCTCTAC-1	B	19
GTTGGGCTCGGTCCGA-1	Myeloid	6
GTTGGGCTCTTCATAC-1	Myeloid	15
GTTGGTAAGAGAGTTT-1	Myeloid	6
GTTGGTAAGTACGCGA-1	Myeloid	6
GTTGGTACAAAGAAGG-1	NK	3
GTTGGTACAAAGCATA-1	B	16
GTTGGTACAAGGGTAC-1	B	19
GTTGGTACAATGTAAG-1	Myeloid	6
GTTGGTACACCTGAAT-1	Myeloid	6
GTTGGTACACGCCGAT-1	Myeloid	1
GTTGGTACACTCCTCA-1	NK	5
GTTGGTACACTGCTCT-1	Myeloid	6
GTTGGTACAGTGGTCC-1	Myeloid	1
GTTGGTACAGTTCGGC-1	T	14
GTTGGTACATCCCTTG-1	B	2
GTTGGTACATCTCACC-1	Myeloid	10
GTTGGTACATTAGCAC-1	T	14
GTTGGTAGTCAACTAC-1	B	11
GTTGGTAGTCACAGTT-1	Myeloid	6
GTTGGTAGTCTGAGCC-1	B	9
GTTGGTAGTGAGGGTT-1	Myeloid	10
GTTGGTAGTGTGACCC-1	B	8
GTTGGTAGTTCACGTA-1	Myeloid	6
GTTGGTAGTTCCTATT-1	Myeloid	6
GTTGGTATCATCATGG-1	NK	3
GTTGGTATCCTCCATG-1	B	19
GTTGGTATCGATGTAC-1	Stromal	12
GTTGGTATCGTCTTAT-1	Myeloid	6
GTTGGTATCTCTATTG-1	B	8
TAAACCGAGACCATAA-1	T	14
TAAACCGAGAGCACTG-1	B	11
TAAACCGAGAGCTGTG-1	T	18
TAAACCGAGCAGAATT-1	B	11
TAAACCGAGCTGCCAC-1	B	11
TAAACCGAGGCCTAAG-1	B	8
TAAACCGAGGTCGTTT-1	NK	5
TAAACCGAGGTTTCTG-1	T	18
TAAACCGAGTGCCCTG-1	B	2
TAAACCGAGTGGACGT-1	Myeloid	6
TAAACCGCAGAGCCAA-1	Myeloid	6
TAAACCGCAGCGCGTT-1	B	11
TAAACCGCATCATGTG-1	T	14
TAAACCGCATCCTCGT-1	NK	3
TAAACCGCATGCCCTT-1	B	11
TAAACCGCATGGCCCA-1	Myeloid	6
TAAACCGGTAAGGTCG-1	Stromal	12
TAAACCGGTACCCACG-1	Myeloid	13
TAAACCGGTAGAACGC-1	Myeloid	13
TAAACCGGTAGATTAG-1	B	17
TAAACCGGTCATCGTA-1	NK	3
TAAACCGGTCCTTATT-1	Stromal	12
TAAACCGGTCGATTAC-1	Myeloid	6
TAAACCGGTGAATCGG-1	Myeloid	6
TAAACCGGTGATCAGG-1	B	19
TAAACCGGTGTACGCC-1	B	19
TAAACCGGTTCACGTA-1	Stromal	12
TAAACCGGTTCAGTAC-1	B	0
TAAACCGGTTTAGGAA-1	Stromal	12
TAAACCGGTTTGCCAA-1	B	8
TAAACCGTCACTGATG-1	Myeloid	1
TAAACCGTCCAGAATC-1	B	19
TAAACCGTCGGCAATT-1	Myeloid	10
TAAACCGTCGGGAATG-1	Myeloid	1
TAAACCGTCGGTCTAA-1	B	9
TAAACCGTCGTAGCGC-1	Myeloid	1
TAAACCGTCTATCTAC-1	B	19
TAAACCGTCTCTTAAC-1	Myeloid	6
TAACAGCAGACCAATA-1	T	18
TAACAGCAGATGGCAC-1	B	16
TAACAGCAGCTAGTTC-1	B	11
TAACAGCAGGAGTCTG-1	Myeloid	6
TAACAGCAGTGGGACT-1	T	18
TAACAGCCAACTCCCT-1	NK	7
TAACAGCCAGCCACGT-1	Myeloid	1
TAACAGCGTCAGTGCC-1	NK	5
TAACAGCGTGATAGAT-1	Myeloid	6
TAACAGCGTGCCCTAG-1	NK	5
TAACAGCGTGCGTCCA-1	B	2
TAACAGCGTTGTGACT-1	B	9
TAACAGCTCACGTGTA-1	Stromal	12
TAACAGCTCCATACCC-1	B	8
TAACAGCTCGACCCGA-1	T	14
TAACAGCTCGCACAAT-1	B	11
TAACAGCTCGCGCTGA-1	Myeloid	6
TAACAGCTCGCGGCAT-1	NK	3
TAACAGCTCGTCCCAT-1	Myeloid	1
TAACAGCTCGTTCTAT-1	NK	3
TAACAGCTCTCAGATG-1	B	11
TAACAGCTCTCTTAAC-1	T	4
TAACAGCTCTTAAGCG-1	T	4
TAACAGCTCTTTGCAT-1	B	19
TAACGGTAGACGCCAA-1	Myeloid	15
TAACGGTAGAGCGAAA-1	NK	3
TAACGGTAGCACCATT-1	B	19
TAACGGTAGCGGACTA-1	Myeloid	6
TAACGGTAGCTACGTT-1	B	11
TAACGGTAGGAGTCTG-1	B	2
TAACGGTAGGCGTCCT-1	B	11
TAACGGTAGGTAAGTT-1	B	19
TAACGGTAGTATGCTC-1	Myeloid	6
TAACGGTAGTGAAACT-1	T	4
TAACGGTAGTGTCACT-1	NK	3
TAACGGTCAAGGAACC-1	Myeloid	6
TAACGGTCACAGTTAC-1	NK	7
TAACGGTCACCAAGGA-1	B	17
TAACGGTCACGTTGTA-1	B	9
TAACGGTCAGTAAGAT-1	Stromal	12
TAACGGTCATCCATAG-1	B	2
TAACGGTCATCCCGGA-1	NK	3
TAACGGTCATCTCACC-1	T	14
TAACGGTGTAATGTAG-1	B	2
TAACGGTGTAGCTGTT-1	B	8
TAACGGTGTGAGCTAG-1	B	2
TAACGGTGTTAGCTCA-1	T	18
TAACGGTGTTCCATCC-1	B	2
TAACGGTGTTCTGAGT-1	B	2
TAACGGTGTTTCTCTA-1	Myeloid	15
TAACGGTTCAACGTGT-1	B	11
TAACGGTTCAACTTGG-1	T	4
TAACGGTTCAAGAGGC-1	Myeloid	1
TAACGGTTCCCTACCA-1	Myeloid	15
TAACGGTTCCTTTGAT-1	T	18
TAACGGTTCGAGGTAG-1	Myeloid	10
TAACGGTTCTCTATTG-1	NK	3
TAACGGTTCTCTTCCT-1	Myeloid	15
TAACTTCAGAACAGGA-1	Myeloid	6
TAACTTCAGAGCTGTG-1	B	11
TAACTTCAGATGCGCA-1	Myeloid	1
TAACTTCAGGTTGACG-1	Myeloid	1
TAACTTCCAAAGGTCG-1	Myeloid	1
TAACTTCCAAGAGATT-1	T	14
TAACTTCCAATGATGA-1	Myeloid	6
TAACTTCCACAGGAAC-1	B	11
TAACTTCCACGTTAGT-1	T	18
TAACTTCCACTGTAAC-1	T	18
TAACTTCCAGAGAGAA-1	B	9
TAACTTCCAGGATAGC-1	Myeloid	1
TAACTTCCAGTAACGG-1	Myeloid	6
TAACTTCCATAGCCGC-1	T	14
TAACTTCCATCCCTCA-1	T	18
TAACTTCCATTTCACT-1	Myeloid	1
TAACTTCGTAACGGCA-1	Myeloid	6
TAACTTCGTAAGTCTC-1	Myeloid	10
TAACTTCGTAATGCAA-1	NK	7
TAACTTCGTCAAACAA-1	NK	3
TAACTTCGTCAGTGCC-1	B	19
TAACTTCGTCATTGCA-1	NK	7
TAACTTCGTGATAACA-1	B	0
TAACTTCGTGCATTCA-1	NK	3
TAACTTCGTTTCCTAT-1	Myeloid	6
TAACTTCTCAACACGT-1	B	17
TAACTTCTCCATCATT-1	NK	3
TAACTTCTCCCAATGA-1	Myeloid	6
TAACTTCTCCGTCAAA-1	B	2
TAACTTCTCCTCCAGT-1	Myeloid	6
TAACTTCTCGAACACT-1	Stromal	12
TAACTTCTCGACTGGC-1	Myeloid	13
TAACTTCTCGATAGGG-1	Myeloid	6
TAACTTCTCGCAACTA-1	Myeloid	6
TAACTTCTCTATAGGC-1	T	14
TAACTTCTCTATCTCA-1	NK	3
TAACTTCTCTCCTTGG-1	NK	7
TAAGCCAAGAAGGGCG-1	NK	3
TAAGCCAAGAGCACTG-1	B	9
TAAGCCAAGATATGAC-1	T	14
TAAGCCAAGATCGAGC-1	NK	5
TAAGCCAAGCACACCC-1	NK	3
TAAGCCAAGCCAGAAC-1	Stromal	12
TAAGCCAAGCTATCGT-1	B	9
TAAGCCAAGGTACTCT-1	Myeloid	10
TAAGCCAAGGTTGTGG-1	B	11
TAAGCCAAGTACCACT-1	Myeloid	1
TAAGCCAAGTAGAAGG-1	T	4
TAAGCCACAAACCCTA-1	Stromal	12
TAAGCCACAACGTACT-1	NK	3
TAAGCCACAAGTCTGT-1	NK	7
TAAGCCACAATGGCAG-1	NK	5
TAAGCCACACAAGTGG-1	T	4
TAAGCCACACCTCGTT-1	NK	7
TAAGCCACAGGATGTG-1	Myeloid	10
TAAGCCACATGCGCTG-1	B	8
TAAGCCACATTGCCTC-1	Myeloid	1
TAAGCCAGTACAACGG-1	NK	7
TAAGCCAGTACGGAGT-1	NK	3
TAAGCCAGTAGATGAT-1	NK	3
TAAGCCAGTAGCTGTT-1	Myeloid	1
TAAGCCAGTCGACTGC-1	NK	3
TAAGCCAGTGATGCGA-1	Myeloid	13
TAAGCCAGTGCACCCA-1	NK	7
TAAGCCAGTGCCAAGA-1	Myeloid	15
TAAGCCAGTGGAAGCT-1	B	8
TAAGCCAGTGTCCTTC-1	B	8
TAAGCCAGTGTCTACA-1	T	14
TAAGCCAGTTCCGCGA-1	B	8
TAAGCCAGTTTCACCC-1	B	9
TAAGCCATCACTAGGT-1	Myeloid	6
TAAGCCATCACTGGTA-1	B	9
TAAGCCATCAGTGTGT-1	B	9
TAAGCCATCCAGGTAT-1	Myeloid	1
TAAGCCATCCCTACCA-1	NK	7
TAAGCCATCCGATGCG-1	B	19
TAAGCCATCCTATCCG-1	B	9
TAAGCCATCGCGTGAC-1	Stromal	12
TAAGCCATCGGTTGTA-1	Myeloid	1
TAAGCCATCTCTTCCT-1	NK	7
TAAGCCATCTTAAGCG-1	T	4
TAAGTGCAGAAGACTT-1	Myeloid	1
TAAGTGCAGAGCAGCT-1	NK	3
TAAGTGCAGCCTATAC-1	Myeloid	1
TAAGTGCAGCTTACCA-1	Myeloid	1
TAAGTGCAGGCAATTA-1	B	11
TAAGTGCCAAATTCCG-1	Myeloid	15
TAAGTGCCAATGTAAG-1	Myeloid	1
TAAGTGCCACACTAGT-1	Myeloid	6
TAAGTGCCACCGTCTT-1	Stromal	12
TAAGTGCCACTGATAC-1	B	9
TAAGTGCCATCCTCGT-1	Myeloid	1
TAAGTGCGTAGAATAC-1	NK	3
TAAGTGCGTCAAACAA-1	NK	7
TAAGTGCGTCCCTTTG-1	T	14
TAAGTGCGTCCGTAGC-1	Myeloid	6
TAAGTGCGTCTCTGGG-1	Myeloid	6
TAAGTGCGTGCTTGAT-1	Myeloid	1
TAAGTGCGTTCCGCGA-1	B	2
TAAGTGCTCAGAACGG-1	Myeloid	1
TAAGTGCTCAGGAATA-1	Myeloid	10
TAAGTGCTCCATCTAT-1	B	11
TAAGTGCTCCCAATAG-1	Myeloid	10
TAAGTGCTCCCTACCA-1	T	4
TAAGTGCTCGCTAGTA-1	B	0
TAAGTGCTCGTCTAGA-1	Stromal	12
TAAGTGCTCGTTTGAG-1	B	19
TAAGTGCTCTATATCC-1	B	11
TAAGTGCTCTGGCACG-1	B	2
TAAGTGCTCTGTTTAC-1	T	18
TAATCGGAGAACCCGA-1	B	2
TAATCGGAGAGCTACG-1	T	14
TAATCGGAGGAAGACA-1	Myeloid	6
TAATCGGAGGAGTAGA-1	B	11
TAATCGGAGGTTGTGG-1	B	11
TAATCGGCAAAGCTGG-1	Stromal	12
TAATCGGCAACGTACT-1	T	4
TAATCGGCAAGATTAG-1	B	8
TAATCGGCACTAAACC-1	NK	7
TAATCGGCACTGCTCT-1	NK	7
TAATCGGCAGGATGTG-1	T	18
TAATCGGCATCATGTG-1	B	19
TAATCGGGTCAGAGTG-1	NK	7
TAATCGGGTCTCGGGT-1	T	18
TAATCGGGTTACCACA-1	B	9
TAATCGGTCAAGTTGC-1	B	2
TAATCGGTCATCATGG-1	B	19
TAATCGGTCCATCGAA-1	T	14
TAATCGGTCCATGACA-1	Myeloid	15
TAATCGGTCGAACACT-1	Stromal	12
TAATCGGTCGGGACAA-1	Myeloid	6
TAATCGGTCTATAGGC-1	NK	7
TAATCGGTCTCTCAAT-1	B	17
TAATCGGTCTGACATG-1	Myeloid	1
TAATCGGTCTGCGTCT-1	T	14
TAATTCCAGATCCGAG-1	B	0
TAATTCCAGATGCGCA-1	B	8
TAATTCCAGCACCATT-1	T	4
TAATTCCAGCATGTGG-1	B	8
TAATTCCAGCGAGAAA-1	NK	7
TAATTCCAGCTATCCA-1	NK	5
TAATTCCAGCTGGAGT-1	Myeloid	6
TAATTCCAGGAATGGA-1	B	19
TAATTCCAGGATGTAT-1	Myeloid	10
TAATTCCAGGCAAGCT-1	B	19
TAATTCCAGGTGAACC-1	Myeloid	6
TAATTCCAGGTTCGTT-1	NK	3
TAATTCCAGTAATCAG-1	T	14
TAATTCCAGTCCGATT-1	B	17
TAATTCCAGTCTAGAA-1	B	11
TAATTCCAGTTAGCGG-1	Myeloid	15
TAATTCCCAAGACTTC-1	T	18
TAATTCCCACGTACAT-1	B	8
TAATTCCCAGGTAACG-1	Myeloid	1
TAATTCCCAGTAACTC-1	B	9
TAATTCCCATCCATAG-1	Myeloid	10
TAATTCCCATGTAGAA-1	B	2
TAATTCCCATTAAGGA-1	B	9
TAATTCCGTAAACCCT-1	B	8
TAATTCCGTAGTATCC-1	Myeloid	1
TAATTCCGTATTCTCT-1	T	4
TAATTCCGTCCAGACC-1	Myeloid	6
TAATTCCGTGGTGGTA-1	NK	7
TAATTCCGTTACGGAG-1	B	16
TAATTCCTCAGGTCTA-1	B	8
TAATTCCTCGCAACTA-1	NK	3
TAATTCCTCGCACCTT-1	NK	7
TAATTCCTCGGCAATT-1	B	11
TAATTCCTCGGTCTAA-1	Myeloid	6
TAATTCCTCGTCCCAT-1	B	19
TAATTCCTCTCGCGGA-1	B	19
TACAGCAAGATTACGA-1	T	18
TACAGCAAGCCATCAT-1	Myeloid	1
TACAGCAAGCCTATAC-1	Myeloid	1
TACAGCAAGGCGATTG-1	B	17
TACAGCACAATCAGGG-1	T	18
TACAGCACAGAAGTGC-1	Stromal	12
TACAGCACAGCAATGG-1	Myeloid	1
TACAGCACAGCGTCGT-1	B	19
TACAGCAGTCCAACCG-1	T	18
TACAGCAGTGGCGCTT-1	Myeloid	1
TACAGCAGTTAAGTCC-1	Myeloid	1
TACAGCAGTTACGAAA-1	B	8
TACAGCAGTTCTACGA-1	NK	5
TACAGCATCAACACGT-1	Myeloid	13
TACAGCATCGCTCTAC-1	Myeloid	1
TACAGCATCGGTCTCT-1	Myeloid	6
TACAGCATCGTGGTAT-1	Myeloid	1
TACAGCATCTTACGGA-1	B	2
TACAGCATCTTCCACG-1	Myeloid	1
TACATGGAGAACGCCA-1	B	0
TACATGGAGATATGAC-1	B	8
TACATGGCAATGTAAG-1	NK	5
TACATGGCAGCACATT-1	B	17
TACATGGCAGTAGGCA-1	T	14
TACATGGGTAAGGTCG-1	B	9
TACATGGGTAAGTGCG-1	B	8
TACATGGGTAGTCTGT-1	T	4
TACATGGGTCATCAAC-1	B	19
TACATGGGTGACAAGC-1	T	4
TACATGGGTTAACCAC-1	Myeloid	1
TACATGGGTTTCGATG-1	Stromal	12
TACATGGGTTTCTTAC-1	T	18
TACATGGTCCCAATAG-1	T	18
TACATGGTCGTTACAG-1	B	11
TACATGGTCTCTGAGA-1	B	11
TACATGGTCTTATCAC-1	NK	3
TACATTCAGAGCCTGA-1	NK	3
TACATTCAGAGTTCGG-1	Stromal	12
TACATTCAGCATGATA-1	B	11
TACATTCAGGTCGGTA-1	B	2
TACATTCAGTCGACCC-1	Myeloid	6
TACATTCAGTGAGCAC-1	T	18
TACATTCCAAGATTAG-1	B	11
TACATTCCAAGTTCGT-1	T	4
TACATTCCAATGGTCT-1	Myeloid	15
TACATTCCACTGTTAG-1	B	2
TACATTCCAGATTAAG-1	T	14
TACATTCCATAGATAG-1	B	11
TACATTCCATGGGAAC-1	B	11
TACATTCCATTACTCT-1	T	14
TACATTCCATTAGCAC-1	B	9
TACATTCCATTCACCC-1	T	14
TACATTCGTAACAATG-1	T	4
TACATTCGTAGGTGAC-1	Myeloid	1
TACATTCGTATCTGCA-1	B	8
TACATTCGTCATAGAA-1	NK	3
TACATTCGTGCACCCA-1	NK	5
TACATTCGTGCACTTA-1	Myeloid	6
TACATTCGTGTCCCAG-1	T	4
TACATTCGTGTCTACA-1	B	8
TACATTCGTTCTACCC-1	B	9
TACATTCGTTGAAGCG-1	B	0
TACATTCTCAGCACTA-1	Myeloid	1
TACATTCTCCAAGTCA-1	Myeloid	6
TACATTCTCCAGGGAA-1	NK	7
TACATTCTCGTGCTTC-1	Myeloid	10
TACATTCTCTATCTAC-1	NK	5
TACATTCTCTGTCGGG-1	Myeloid	1
TACATTCTCTGTGTGA-1	B	11
TACATTCTCTTTCGAT-1	B	9
TACCCTGAGATCGATA-1	Myeloid	13
TACCCTGAGTACAACA-1	Stromal	12
TACCCTGAGTACCCAT-1	Myeloid	1
TACCCTGAGTATCTGC-1	Myeloid	10
TACCCTGAGTTACCAC-1	Myeloid	6
TACCCTGAGTTGCTTG-1	Myeloid	6
TACCCTGCAAATTCCG-1	Myeloid	1
TACCCTGCAACGCACC-1	B	11
TACCCTGCAAGTTCGT-1	Myeloid	1
TACCCTGCACTCGTGG-1	NK	3
TACCCTGCATCTCTCG-1	B	8
TACCCTGGTCTGGGAA-1	NK	7
TACCCTGTCACATTCT-1	Myeloid	6
TACCCTGTCTATCTCA-1	Myeloid	1
TACCCTGTCTTCCACG-1	B	19
TACCTATAGCGCACAA-1	B	9
TACCTATAGCGCCTAC-1	NK	3
TACCTATAGGCACTAG-1	Stromal	12
TACCTATAGGTTAACA-1	Myeloid	1
TACCTATAGGTTAGTA-1	B	11
TACCTATAGTGAATAC-1	B	17
TACCTATAGTTTGGAA-1	T	18
TACCTATCAAACCTAC-1	Myeloid	1
TACCTATCAGCGTCGT-1	T	14
TACCTATCAGGAGCAT-1	NK	7
TACCTATCATAGGCGA-1	T	18
TACCTATCATGCCCTT-1	Myeloid	1
TACCTATCATTCTTTG-1	Myeloid	6
TACCTATGTAAAGCTA-1	T	4
TACCTATGTTGTATCG-1	B	8
TACCTATTCAAACCCA-1	Myeloid	1
TACCTATTCCCACGGA-1	Myeloid	1
TACCTATTCCGTTTCG-1	T	4
TACCTATTCCTATCCG-1	Myeloid	1
TACCTATTCTGGTACA-1	T	14
TACCTCGAGAATCAAC-1	Myeloid	1
TACCTCGAGAGTGGAA-1	NK	7
TACCTCGAGCATGATA-1	NK	3
TACCTCGAGCGAGAAA-1	T	4
TACCTCGAGGAGTCTG-1	NK	7
TACCTCGAGGCTTAAA-1	T	4
TACCTCGAGGTCTTGT-1	B	8
TACCTCGAGTATACCC-1	NK	5
TACCTCGAGTCCGGAA-1	Myeloid	1
TACCTCGAGTGAATAC-1	Myeloid	6
TACCTCGCAACAAACA-1	T	18
TACCTCGCAACTCGAT-1	T	4
TACCTCGCACCGTCTT-1	B	8
TACCTCGCACTGGGCT-1	B	9
TACCTCGCAGGTGTCC-1	Myeloid	1
TACCTCGCAGTCAGCC-1	Myeloid	6
TACCTCGCATATACGC-1	B	9
TACCTCGGTATGGGTG-1	B	0
TACCTCGGTCATAGAA-1	B	9
TACCTCGGTCGCGCTA-1	Myeloid	1
TACCTCGGTGCATTCA-1	Myeloid	15
TACCTCGGTTAGTAGA-1	T	18
TACCTCGGTTCTACCC-1	NK	3
TACCTCGTCACTACCC-1	Myeloid	15
TACCTCGTCACTGATG-1	NK	3
TACCTCGTCAGGCGCT-1	NK	5
TACCTCGTCGAAGCCC-1	B	8
TACCTCGTCTACTTTG-1	B	2
TACCTCGTCTTCCACG-1	B	2
TACGCAAAGAAGAGTG-1	Myeloid	6
TACGCAAAGAGGCAGG-1	NK	3
TACGCAAAGAGTAAGG-1	Myeloid	10
TACGCAAAGCATGATA-1	NK	7
TACGCAAAGCTGAATA-1	B	2
TACGCAAAGGAAGAAC-1	T	18
TACGCAAAGTAGAAGG-1	B	0
TACGCAAAGTCCGATT-1	Myeloid	15
TACGCAAAGTCGGGAT-1	NK	3
TACGCAAAGTGCACAG-1	Myeloid	15
TACGCAACAAGATGCG-1	NK	3
TACGCAACAAGGACCA-1	NK	3
TACGCAACAGCTTACA-1	NK	3
TACGCAACAGGCACAA-1	T	18
TACGCAACATCGCTAA-1	T	18
TACGCAAGTAACCGAG-1	B	17
TACGCAAGTACGGTTT-1	B	11
TACGCAAGTAGAAGCC-1	B	8
TACGCAAGTCATGAGG-1	NK	7
TACGCAAGTGTGTGTT-1	B	2
TACGCAAGTTCCCTTG-1	NK	7
TACGCAAGTTGCTTGA-1	T	14
TACGCAATCAGAACGG-1	B	17
TACGCAATCCGAATTG-1	Myeloid	15
TACGCAATCCTTCGAC-1	Stromal	12
TACGCAATCGATGTAC-1	T	4
TACGCAATCGCAGATT-1	T	4
TACGCAATCGGTCAGC-1	T	4
TACGCAATCGGTCTCT-1	Myeloid	1
TACGCAATCTTCGTTA-1	NK	7
TACGCCTAGCTCCATA-1	Myeloid	1
TACGCCTAGTAGGTCG-1	Myeloid	6
TACGCCTAGTAGTCGG-1	T	18
TACGCCTAGTGAGCTG-1	NK	5
TACGCCTCAAACCCTA-1	Myeloid	10
TACGCCTCAAAGCATA-1	Myeloid	1
TACGCCTCAAGACTAA-1	Myeloid	6
TACGCCTCACAGGAAC-1	NK	3
TACGCCTCAGCTTACA-1	NK	3
TACGCCTCAGGTCCTG-1	NK	7
TACGCCTCATCCCTTG-1	T	14
TACGCCTCATTGAACC-1	Myeloid	6
TACGCCTGTGATAAGT-1	B	2
TACGCCTGTGCAACAG-1	T	14
TACGCCTGTGCCGGTT-1	B	11
TACGCCTGTTGCCGCA-1	Myeloid	6
TACGCCTTCCGTCAAA-1	NK	3
TACGCCTTCCTAGAGT-1	T	14
TACGCCTTCCTATCAT-1	B	0
TACGCCTTCGAGAACG-1	NK	7
TACGCCTTCGAGGTCC-1	B	8
TACGCCTTCTCTTCCT-1	B	2
TACGCCTTCTGAGTAC-1	Stromal	12
TACGCCTTCTGGACAT-1	NK	3
TACGCCTTCTTTCGAT-1	T	4
TACGGATAGAATACTG-1	B	19
TACGGATAGCTCGGCT-1	NK	3
TACGGATAGCTTACCA-1	B	2
TACGGATAGGTTGACG-1	Myeloid	1
TACGGATAGTACCCAT-1	B	11
TACGGATAGTAGTTCC-1	Myeloid	6
TACGGATAGTCCAGAG-1	B	9
TACGGATAGTCCGTGC-1	NK	3
TACGGATAGTCGGGAT-1	B	8
TACGGATAGTGATAAC-1	NK	7
TACGGATAGTTGCGCC-1	B	0
TACGGATCAAAGGAAG-1	NK	7
TACGGATCAATAGTGA-1	T	14
TACGGATCACTCGCAG-1	Stromal	12
TACGGATCAGTAACGG-1	B	8
TACGGATCATAGATAG-1	Myeloid	6
TACGGATGTAACCATC-1	Stromal	12
TACGGATGTATCAGCT-1	NK	7
TACGGATGTATTCTGG-1	T	4
TACGGATGTCGGCTGT-1	Myeloid	1
TACGGATGTGCCCAGT-1	NK	7
TACGGATGTTTCCGGG-1	T	4
TACGGATGTTTGTCTT-1	NK	3
TACGGATTCAAGGCCC-1	B	11
TACGGATTCAGAACGG-1	Myeloid	10
TACGGATTCAGGCGCT-1	NK	7
TACGGATTCCGATGCG-1	Myeloid	6
TACGGATTCCTATCAT-1	T	14
TACGGATTCGCCAGAC-1	B	2
TACGGATTCGCGCCAA-1	Myeloid	6
TACGGATTCGCGTGAC-1	B	11
TACGGATTCGTTGTTT-1	Myeloid	6
TACTAGGAGAATCAGT-1	T	18
TACTAGGAGATCACCT-1	B	19
TACTAGGAGGTGTCGA-1	T	18
TACTAGGAGTACGCGA-1	B	9
TACTAGGAGTCGACCC-1	NK	7
TACTAGGAGTCTCGAT-1	NK	7
TACTAGGAGTGAAGGA-1	B	2
TACTAGGAGTGCTAGG-1	B	2
TACTAGGCAACGGACA-1	Myeloid	6
TACTAGGCAAGGAGGG-1	Myeloid	15
TACTAGGCACCTGGTG-1	B	16
TACTAGGCACGAACGA-1	Myeloid	6
TACTAGGCACTTATGG-1	NK	7
TACTAGGCAGCTTACA-1	Myeloid	6
TACTAGGCAGGACCTC-1	Myeloid	1
TACTAGGCAGTAAGAT-1	Myeloid	1
TACTAGGGTAACGTAA-1	NK	7
TACTAGGGTAGGTAAT-1	Myeloid	10
TACTAGGGTCATAAGA-1	T	4
TACTAGGGTCATAGAA-1	NK	3
TACTAGGGTCATAGCT-1	B	9
TACTAGGGTCATTGGT-1	Myeloid	15
TACTAGGGTGAATGGC-1	Myeloid	1
TACTAGGGTGATGCTT-1	Myeloid	1
TACTAGGGTTACCCAA-1	NK	7
TACTAGGTCATTCATC-1	B	16
TACTAGGTCCGGACTG-1	B	8
TACTAGGTCCTCCATG-1	Stromal	12
TACTAGGTCCTGGAAT-1	B	8
TACTAGGTCGAGAACG-1	B	9
TACTAGGTCGCCAGAC-1	NK	3
TACTAGGTCTATATCC-1	B	11
TACTAGGTCTTTCGAT-1	Myeloid	6
TACTCGCAGAACGTCG-1	NK	5
TACTCGCAGCCAGAAC-1	NK	5
TACTCGCAGCGCAATG-1	B	8
TACTCGCAGGAGTAGA-1	B	2
TACTCGCAGGTAAGCC-1	NK	3
TACTCGCAGGTGTTGG-1	Myeloid	1
TACTCGCAGGTTGTTC-1	B	19
TACTCGCAGTCTCCAA-1	NK	7
TACTCGCAGTGAACCG-1	NK	5
TACTCGCCAAGTAATG-1	T	4
TACTCGCCAATTGCCA-1	T	14
TACTCGCCAGAATGCG-1	B	9
TACTCGCCATGATCGT-1	T	4
TACTCGCGTCATGAGG-1	B	19
TACTCGCGTCCTTATT-1	T	4
TACTCGCGTTAAGGGC-1	NK	7
TACTCGCGTTCTACCC-1	Myeloid	6
TACTCGCTCCAACAAC-1	NK	7
TACTCGCTCCAGAATC-1	NK	5
TACTCGCTCCATACGA-1	Myeloid	1
TACTCGCTCCCGCAAG-1	B	17
TACTCGCTCGCTCTAC-1	B	19
TACTCGCTCGGTGATT-1	Myeloid	15
TACTCGCTCTCGCGTT-1	B	0
TACTCGCTCTGAGTAC-1	NK	5
TACTCGCTCTGGCGCA-1	T	14
TACTGCCAGAACTAAC-1	Myeloid	6
TACTGCCAGCAGGACT-1	Myeloid	6
TACTGCCAGGAAACTT-1	Myeloid	6
TACTGCCAGGTTGTTC-1	B	19
TACTGCCAGTATACCC-1	B	2
TACTGCCAGTTCAAGA-1	T	14
TACTGCCCAAGCTTTG-1	Myeloid	6
TACTGCCCACGATATC-1	Stromal	12
TACTGCCCAGAAAGAG-1	Myeloid	6
TACTGCCCAGAGAGAA-1	NK	7
TACTGCCCAGCTGATT-1	T	18
TACTGCCCATCCTCGT-1	Myeloid	10
TACTGCCGTACTAGAA-1	T	4
TACTGCCGTATGCTAC-1	B	2
TACTGCCGTGATGCTT-1	Myeloid	1
TACTGCCGTTCAGAAA-1	B	19
TACTGCCGTTCATTTC-1	Myeloid	1
TACTGCCTCCATTGTT-1	Myeloid	1
TACTGCCTCCTCAAGA-1	Myeloid	6
TACTGCCTCGATGCAT-1	Myeloid	6
TACTGCCTCGATTACG-1	B	11
TACTGCCTCGCTATAG-1	B	11
TACTGCCTCTCCTTAA-1	T	14
TACTGCCTCTGTGTCC-1	Myeloid	1
TAGACTGAGACTAGGC-1	T	4
TAGACTGAGCAATGTA-1	B	2
TAGACTGAGCCCATGC-1	Myeloid	1
TAGACTGAGGTTGTGG-1	T	4
TAGACTGAGTTCAGGG-1	NK	5
TAGACTGAGTTGAATG-1	Myeloid	6
TAGACTGCAAATGCTC-1	B	11
TAGACTGCAATCATCG-1	T	14
TAGACTGCACGATATC-1	B	9
TAGACTGCACGTTGTA-1	Stromal	12
TAGACTGCACTGCTTC-1	B	17
TAGACTGCATGCCCTT-1	Myeloid	15
TAGACTGCATGGTAAA-1	Myeloid	10
TAGACTGGTACCAAGG-1	Myeloid	13
TAGACTGGTATGGTTC-1	NK	7
TAGACTGGTCAGTGTT-1	NK	3
TAGACTGGTCTCTAAG-1	B	2
TAGACTGGTGAATACA-1	B	2
TAGACTGGTGCTAGTT-1	B	11
TAGACTGGTGCTTTGA-1	NK	7
TAGACTGGTGGAAGCT-1	Myeloid	1
TAGACTGGTTACTTTC-1	B	2
TAGACTGTCCCGTATC-1	NK	7
TAGACTGTCCTAAGTG-1	B	2
TAGACTGTCGGATAAA-1	Myeloid	1
TAGCACAAGAAGCCTG-1	Myeloid	1
TAGCACAAGAGAATTC-1	B	11
TAGCACAAGTGTGTAA-1	T	18
TAGCACAAGTTCGTTG-1	B	11
TAGCACACAACTCGAT-1	T	14
TAGCACACAATGAAAC-1	B	2
TAGCACACAATTGTGC-1	NK	3
TAGCACACACGATTAC-1	Myeloid	15
TAGCACACACTGTCAA-1	NK	3
TAGCACACAGCAACCC-1	T	18
TAGCACACATTTCACT-1	Myeloid	15
TAGCACAGTAAACCCT-1	T	14
TAGCACAGTAGTCTGT-1	Myeloid	13
TAGCACAGTCCACCAG-1	B	19
TAGCACAGTCGAGAAC-1	Myeloid	1
TAGCACAGTGAGGTCA-1	B	8
TAGCACAGTGCTGTGC-1	B	0
TAGCACAGTGCTTACA-1	T	4
TAGCACAGTTCTGAGT-1	Myeloid	6
TAGCACAGTTCTTTGT-1	T	18
TAGCACAGTTTAGACC-1	B	2
TAGCACATCAATGCAC-1	B	17
TAGCACATCAATTCCT-1	NK	7
TAGCACATCCATATCT-1	T	4
TAGCACATCCTCCAGT-1	B	11
TAGCACATCCTGACCT-1	Stromal	12
TAGCACATCCTGGGAC-1	B	19
TAGCACATCGATGAAA-1	NK	3
TAGCACATCGCGGCAT-1	B	19
TAGCACATCTCATCCG-1	Myeloid	1
TAGCATGAGACTAGGC-1	NK	3
TAGCATGAGAGAATTC-1	Stromal	12
TAGCATGAGGCAAGCT-1	Myeloid	10
TAGCATGAGGTTACAA-1	T	14
TAGCATGCAAAGAGAG-1	Myeloid	6
TAGCATGCAAGATTAG-1	Stromal	12
TAGCATGCAAGTTCGT-1	Myeloid	15
TAGCATGCAATACTGC-1	Myeloid	6
TAGCATGCAATGATGA-1	T	14
TAGCATGCAATTCTCT-1	B	2
TAGCATGCACGTGAAG-1	NK	3
TAGCATGCACTGTTAG-1	Myeloid	6
TAGCATGCAGGGTACA-1	Myeloid	6
TAGCATGCATCGCTAA-1	Myeloid	6
TAGCATGGTAAACGTA-1	B	19
TAGCATGGTACTTCAG-1	B	8
TAGCATGGTAGTCTGT-1	Myeloid	15
TAGCATGGTATGGGTG-1	B	11
TAGCATGGTCCAAGAG-1	T	4
TAGCATGGTTACACTG-1	B	9
TAGCATGGTTCTGATG-1	T	14
TAGCATGGTTGGCTAT-1	Myeloid	6
TAGCATGTCATTGCCC-1	NK	5
TAGCATGTCCACGGCA-1	T	18
TAGCATGTCCACTAGA-1	Myeloid	10
TAGCATGTCCTGAAAC-1	B	11
TAGCATGTCGTCCCTA-1	Myeloid	13
TAGCATGTCGTTCTAT-1	B	2
TAGCATGTCTCTCAAT-1	NK	5
TAGCATGTCTTCTTCC-1	NK	3
TAGCATGTCTTGTCAT-1	B	0
TAGCCCTAGACCCTAT-1	B	17
TAGCCCTAGAGGCGGA-1	NK	7
TAGCCCTAGCGTTAGG-1	T	18
TAGCCCTAGGAGGCGA-1	B	8
TAGCCCTAGGCCAATG-1	Myeloid	6
TAGCCCTCAACTCAAC-1	Myeloid	6
TAGCCCTCACCACGAC-1	B	9
TAGCCCTCACGCTAAT-1	B	19
TAGCCCTCAGCGCGTT-1	B	9
TAGCCCTCAGTAGGCA-1	B	19
TAGCCCTCATAGCCAT-1	Myeloid	1
TAGCCCTCATTGATGC-1	NK	5
TAGCCCTCATTGCACA-1	Myeloid	1
TAGCCCTGTAGTCCAT-1	B	11
TAGCCCTGTGCTTCCT-1	B	11
TAGCCCTGTGTCTCGG-1	Myeloid	1
TAGCCCTGTTCAGTAC-1	T	4
TAGCCCTGTTCTACCC-1	B	11
TAGCCCTTCAGGATCT-1	NK	3
TAGCCCTTCAGTCTTT-1	T	18
TAGCCCTTCATCGCAA-1	T	14
TAGCCCTTCATTCGGA-1	B	19
TAGCCCTTCCAATCCC-1	NK	3
TAGCCCTTCGAAGCCC-1	Myeloid	15
TAGCCCTTCGATATGC-1	B	8
TAGCCCTTCGCCCTTA-1	NK	7
TAGCCCTTCGCTATTT-1	Myeloid	6
TAGCCCTTCTGGCCAG-1	B	2
TAGCCCTTCTTCCACG-1	B	2
TAGCCGGAGAACGTCG-1	B	9
TAGCCGGAGCACACCC-1	T	4
TAGCCGGAGGCTCAGA-1	T	18
TAGCCGGAGGTCGTTT-1	Myeloid	1
TAGCCGGAGTATGCTC-1	Myeloid	1
TAGCCGGCAACAACTC-1	Myeloid	13
TAGCCGGCAGGGAGTT-1	NK	3
TAGCCGGCATTGCGAT-1	Myeloid	15
TAGCCGGGTACCAAGG-1	B	2
TAGCCGGGTAGGGTTG-1	NK	7
TAGCCGGGTATGTTCG-1	Myeloid	13
TAGCCGGGTCATGAGG-1	T	18
TAGCCGGGTCCATTGA-1	B	0
TAGCCGGGTCCCTTTG-1	T	18
TAGCCGGGTGGCCTCA-1	Myeloid	1
TAGCCGGGTTATAGAG-1	T	14
TAGCCGGTCAACACGT-1	Myeloid	15
TAGCCGGTCAATTGGC-1	B	17
TAGCCGGTCAGTCAAC-1	Myeloid	6
TAGCCGGTCGCGGCAT-1	T	14
TAGCCGGTCGGTCTCT-1	B	9
TAGCCGGTCTCCTTGG-1	B	2
TAGCCGGTCTGGCACG-1	Myeloid	1
TAGCGGCAGAACCCGA-1	NK	7
TAGCGGCAGACAGTGC-1	Myeloid	1
TAGCGGCAGATAGGTT-1	NK	7
TAGCGGCAGGGCTCTC-1	B	11
TAGCGGCAGTACAGTA-1	T	14
TAGCGGCAGTCCGTGC-1	Myeloid	10
TAGCGGCAGTGCTCGC-1	T	18
TAGCGGCCAAACCCTA-1	B	9
TAGCGGCCAAAGAAGG-1	NK	7
TAGCGGCCAAAGGTCG-1	NK	3
TAGCGGCCAAATGCTC-1	T	4
TAGCGGCCAACTGCGC-1	B	11
TAGCGGCCAATGGCTT-1	NK	7
TAGCGGCCACAAACAA-1	Myeloid	10
TAGCGGCCAGATTAAG-1	Myeloid	6
TAGCGGCCAGCAAACG-1	Myeloid	10
TAGCGGCCAGTCAGCC-1	NK	3
TAGCGGCCATCGCTAA-1	T	14
TAGCGGCGTAAACGGC-1	B	17
TAGCGGCGTCAGACGA-1	T	14
TAGCGGCGTCAGGCTC-1	Myeloid	1
TAGCGGCGTCCCTTTG-1	B	8
TAGCGGCGTCGTCGCA-1	Myeloid	1
TAGCGGCGTGCAAGAC-1	NK	5
TAGCGGCGTGTTTCTT-1	T	4
TAGCGGCGTTCCAATG-1	Myeloid	6
TAGCGGCGTTTGACCA-1	B	9
TAGCGGCTCAAGAGGC-1	B	19
TAGCGGCTCACAACAC-1	Myeloid	6
TAGCGGCTCAGGATCT-1	B	0
TAGCGGCTCAGTGTAC-1	B	0
TAGCGGCTCCAACGCG-1	Myeloid	6
TAGCGGCTCCAGGCCA-1	NK	5
TAGCGGCTCCCTAAAG-1	Myeloid	10
TAGCGGCTCCTCAAGA-1	Myeloid	6
TAGCGGCTCCTCTCTT-1	NK	3
TAGCGGCTCGACTGGC-1	Myeloid	10
TAGCGGCTCGATCGCG-1	B	17
TAGCGGCTCGATGCAT-1	T	14
TAGCTTTAGAACTAAC-1	B	0
TAGCTTTAGATGCGAC-1	NK	3
TAGCTTTAGCGCCTAC-1	NK	7
TAGCTTTAGGAATGGA-1	Myeloid	13
TAGCTTTAGGATATCA-1	B	9
TAGCTTTAGGCACTAG-1	Myeloid	13
TAGCTTTAGGCTCAGA-1	Myeloid	1
TAGCTTTAGGTCTTTG-1	Stromal	12
TAGCTTTCAACAACTC-1	Stromal	12
TAGCTTTCAAGCAATA-1	NK	7
TAGCTTTCACTCCCAT-1	B	0
TAGCTTTCACTGATTG-1	Stromal	12
TAGCTTTCATCGAGTT-1	T	4
TAGCTTTCATTGAACC-1	Myeloid	13
TAGCTTTGTACGCAAG-1	B	11
TAGCTTTGTAGATTAG-1	T	4
TAGCTTTGTATCACAC-1	T	18
TAGCTTTGTCATTGGT-1	T	14
TAGCTTTGTGCTTCCT-1	NK	7
TAGCTTTGTTAGGAGC-1	NK	3
TAGCTTTTCCAATCCC-1	Myeloid	13
TAGCTTTTCCCGAAGC-1	Myeloid	6
TAGCTTTTCGGGATCC-1	Stromal	12
TAGCTTTTCGTAGCGC-1	T	14
TAGCTTTTCTACTGCC-1	NK	3
TAGCTTTTCTAGCAAC-1	NK	7
TAGGAGGAGAATCAGT-1	Myeloid	1
TAGGAGGAGAGCAGCT-1	Myeloid	13
TAGGAGGAGATCGAGC-1	B	8
TAGGAGGAGCAATGTA-1	NK	3
TAGGAGGAGCCATTCA-1	NK	7
TAGGAGGAGCGATACG-1	Myeloid	6
TAGGAGGAGCTAACAA-1	NK	7
TAGGAGGAGGCACTAG-1	B	19
TAGGAGGAGGTGATGC-1	B	11
TAGGAGGAGTATCTGC-1	B	2
TAGGAGGAGTTCCAGT-1	T	4
TAGGAGGCAAACCCTA-1	T	4
TAGGAGGCAAAGCATA-1	Myeloid	15
TAGGAGGCAAAGGAAG-1	NK	7
TAGGAGGCAAGGAGGG-1	Myeloid	6
TAGGAGGCAGGGTACA-1	Myeloid	1
TAGGAGGCAGGTCCTG-1	Myeloid	1
TAGGAGGCATAAAGTG-1	NK	3
TAGGAGGCATAGAATG-1	Myeloid	1
TAGGAGGCATATACGC-1	B	2
TAGGAGGCATGTGGGA-1	B	11
TAGGAGGGTAACGGAC-1	Myeloid	6
TAGGAGGGTAACTCCA-1	B	8
TAGGAGGGTAGATTAG-1	B	2
TAGGAGGGTCCAAGTT-1	NK	3
TAGGAGGGTCCCGAGT-1	NK	3
TAGGAGGGTCCGTAGC-1	T	18
TAGGAGGGTGAATACA-1	Myeloid	15
TAGGAGGGTGGCATAG-1	T	14
TAGGAGGGTTCTACCC-1	Myeloid	10
TAGGAGGGTTTAGAAG-1	B	11
TAGGAGGTCCGATGCG-1	B	8
TAGGAGGTCCGTTAGA-1	Myeloid	6
TAGGAGGTCCTATCCG-1	NK	5
TAGGAGGTCGAACCGC-1	NK	7
TAGGAGGTCGAGTTAC-1	T	14
TAGGAGGTCGCACCTT-1	NK	5
TAGGAGGTCGCTATTT-1	Myeloid	6
TAGGAGGTCGTATAGC-1	B	8
TAGGAGGTCTACTGCC-1	Myeloid	1
TAGGAGGTCTATCTTG-1	Myeloid	1
TAGGAGGTCTCAGATG-1	B	0
TAGGAGGTCTCTGAGA-1	T	14
TAGGAGGTCTTCCACG-1	T	18
TAGGTCAAGAAAGCAG-1	Myeloid	13
TAGGTCAAGAGCACTG-1	Myeloid	6
TAGGTCAAGGACTTTC-1	T	4
TAGGTCAAGGTTGTTC-1	Myeloid	1
TAGGTCAAGTACTCTG-1	Myeloid	1
TAGGTCAAGTCCCGCA-1	B	16
TAGGTCAAGTTTGGAA-1	NK	3
TAGGTCACAAACCCTA-1	NK	7
TAGGTCACAACGGACA-1	B	9
TAGGTCACACATGATC-1	B	19
TAGGTCACACGGTTAT-1	T	14
TAGGTCACAGGATAGC-1	Myeloid	10
TAGGTCACAGTGGTCC-1	B	2
TAGGTCACATCGAGTT-1	NK	3
TAGGTCACATTTCTTG-1	Myeloid	13
TAGGTCAGTAACATAG-1	Myeloid	1
TAGGTCAGTAACCCAT-1	NK	7
TAGGTCAGTATCTAGC-1	T	14
TAGGTCAGTCCGTGCA-1	B	9
TAGGTCAGTCTCTAAG-1	NK	3
TAGGTCAGTGAATACA-1	B	9
TAGGTCAGTGTAGGAC-1	Myeloid	1
TAGGTCAGTTTAGACC-1	B	11
TAGGTCATCAGAACGG-1	Stromal	12
TAGGTCATCCCTACGT-1	Myeloid	15
TAGGTCATCGATAGGG-1	Myeloid	10
TAGGTCATCGCGCTGA-1	B	11
TAGGTCATCGGTTAGT-1	B	16
TAGGTCATCTCGGCGA-1	Myeloid	1
TAGGTCATCTCTGACC-1	T	14
TAGGTCATCTCTGCAC-1	B	17
TAGGTGTAGCGTTAGG-1	Myeloid	6
TAGGTGTAGGAGACTC-1	Myeloid	6
TAGGTGTAGGTCCTCG-1	NK	3
TAGGTGTAGGTTCGTT-1	B	2
TAGGTGTAGTACCCAT-1	Myeloid	10
TAGGTGTAGTGATTAG-1	Myeloid	6
TAGGTGTCAAGTGGCA-1	Stromal	12
TAGGTGTCAATCATCG-1	T	14
TAGGTGTCAATTCTCT-1	NK	3
TAGGTGTCAGAAAGAG-1	Myeloid	6
TAGGTGTCAGCGTGAA-1	B	17
TAGGTGTCAGTCCTGG-1	Myeloid	6
TAGGTGTCATGCCCTT-1	NK	7
TAGGTGTGTACGGTTT-1	Myeloid	15
TAGGTGTGTCCTCAGG-1	B	19
TAGGTGTGTGAATCAA-1	Myeloid	1
TAGGTGTGTGCATTCA-1	Myeloid	10
TAGGTGTTCAAGGCCC-1	T	4
TAGGTGTTCCGATGCG-1	Myeloid	6
TAGGTGTTCGACGGAA-1	T	14
TAGGTGTTCGAGAACG-1	NK	7
TAGGTGTTCGCACCGA-1	B	17
TAGGTGTTCGTAGCGC-1	NK	7
TAGGTGTTCTAGCAAC-1	NK	7
TAGGTGTTCTATAGGC-1	T	18
TAGGTGTTCTCCCTTT-1	B	0
TAGGTGTTCTTCTTCC-1	Myeloid	6
TAGTCCCAGAAGGGCG-1	B	9
TAGTCCCAGAGATTAC-1	Myeloid	6
TAGTCCCAGATGTTCC-1	Myeloid	6
TAGTCCCAGCATTCCA-1	NK	3
TAGTCCCAGCTCCGGT-1	T	4
TAGTCCCAGCTGAGGT-1	NK	7
TAGTCCCAGGACTAGC-1	Myeloid	6
TAGTCCCAGGATGTAT-1	B	11
TAGTCCCAGTAGTGTA-1	Myeloid	1
TAGTCCCAGTTCCCGG-1	Myeloid	10
TAGTCCCCAAATTGAG-1	NK	5
TAGTCCCCAATCATCG-1	B	16
TAGTCCCCACAGGTAG-1	T	4
TAGTCCCCACTGTCAA-1	T	18
TAGTCCCCAGAACGAC-1	B	8
TAGTCCCCAGGTAGCA-1	NK	7
TAGTCCCCAGTAGTCT-1	B	19
TAGTCCCCATCATCGA-1	Myeloid	10
TAGTCCCCATCCATAG-1	T	18
TAGTCCCCATTGTGAC-1	Myeloid	6
TAGTCCCGTAGCAGCA-1	NK	3
TAGTCCCGTCATAGAA-1	Myeloid	6
TAGTCCCGTCTGTGTA-1	Myeloid	10
TAGTCCCGTCTTAGCA-1	NK	7
TAGTCCCGTTACCCAA-1	B	2
TAGTCCCGTTCTTTCA-1	B	8
TAGTCCCTCACCCGGA-1	Myeloid	6
TAGTCCCTCTAAACGC-1	NK	7
TAGTCCCTCTATCTCA-1	Myeloid	6
TAGTCCCTCTGGCACG-1	Myeloid	1
TAGTCCCTCTGGCCAG-1	Myeloid	15
TAGTCCCTCTGTGTGA-1	B	11
TAGTCCCTCTTAGTGG-1	B	19
TATCGAGAGAACAGGA-1	B	2
TATCGAGAGATGCGCA-1	Myeloid	1
TATCGAGAGCTCCATA-1	B	19
TATCGAGAGGAGTCTG-1	Myeloid	1
TATCGAGAGGATCCTT-1	NK	3
TATCGAGAGGATGTCG-1	Stromal	12
TATCGAGAGGCGATTG-1	B	17
TATCGAGCACATAAAG-1	B	11
TATCGAGCACCACGAC-1	NK	7
TATCGAGCAGCCACGT-1	B	9
TATCGAGCAGGGTAAC-1	NK	7
TATCGAGCATTGTGAC-1	B	0
TATCGAGGTAACCGAG-1	NK	7
TATCGAGGTAACGTAA-1	Myeloid	6
TATCGAGGTATTCTGG-1	T	14
TATCGAGGTCCAAGAG-1	Myeloid	6
TATCGAGGTCCGCTTT-1	NK	5
TATCGAGGTCGCGCTA-1	NK	5
TATCGAGTCAAAGTAG-1	NK	3
TATCGAGTCAGTGTAC-1	B	2
TATCGAGTCCATATCT-1	Myeloid	10
TATCGAGTCCCATAGA-1	Stromal	12
TATCGAGTCCGTGCAG-1	B	9
TATCGAGTCGTGGTAT-1	T	18
TATCGAGTCTGCTACC-1	B	9
TATCGAGTCTTCACTA-1	Myeloid	6
TATCGAGTCTTGGCCT-1	B	17
TATCTGTAGAACCATA-1	T	14
TATCTGTAGAACGTTA-1	Myeloid	6
TATCTGTAGGGCATTG-1	Myeloid	10
TATCTGTAGGGTTCTT-1	B	9
TATCTGTCAATCCATG-1	B	9
TATCTGTCACAGAAGC-1	B	0
TATCTGTCACTAAACC-1	B	8
TATCTGTCAGAAGTGC-1	B	16
TATCTGTCATGTGGGA-1	T	4
TATCTGTGTACGCCCA-1	NK	7
TATCTGTGTAGGTGAC-1	Myeloid	1
TATCTGTGTATTCGAC-1	Myeloid	1
TATCTGTGTCACAGTT-1	Myeloid	10
TATCTGTGTGCAACAG-1	T	18
TATCTGTTCAGTGGTT-1	Myeloid	6
TATCTGTTCATGAACC-1	NK	3
TATCTGTTCGCTTCAC-1	B	16
TATCTGTTCGGTTGTA-1	Myeloid	15
TATCTGTTCTCATATC-1	B	8
TATGTGGAGACACAAT-1	T	18
TATGTGGAGAGCTCCC-1	B	8
TATGTGGAGATTAGAC-1	B	16
TATGTGGAGCCATCAT-1	Myeloid	1
TATGTGGAGGAGTCTG-1	Myeloid	1
TATGTGGAGGGCTTCC-1	B	19
TATGTGGAGGTCGGTA-1	Myeloid	15
TATGTGGAGGTGTCGA-1	Myeloid	15
TATGTGGAGTCACGCC-1	Myeloid	1
TATGTGGCACCCATCT-1	B	11
TATGTGGCACCTGTGG-1	Myeloid	1
TATGTGGCACGTGAAG-1	B	19
TATGTGGCACTTATGG-1	Myeloid	1
TATGTGGCAGCGTGAA-1	Myeloid	6
TATGTGGCAGTGCGAA-1	B	19
TATGTGGCATAGATAG-1	T	14
TATGTGGCATGTGGGA-1	B	8
TATGTGGCATTCACGA-1	T	14
TATGTGGGTAGCAGGT-1	T	18
TATGTGGGTCCCGTGA-1	Myeloid	6
TATGTGGGTCCTCAGG-1	Myeloid	6
TATGTGGGTGCATCAT-1	Myeloid	6
TATGTGGGTGTCGTGC-1	NK	3
TATGTGGGTTTGCCCT-1	NK	7
TATGTGGTCAACGTGT-1	Myeloid	1
TATGTGGTCACTTACT-1	B	2
TATGTGGTCAGTGGTT-1	Myeloid	6
TATGTGGTCCCAGCGA-1	B	2
TATGTGGTCGATGTAC-1	Myeloid	1
TATGTGGTCTCATCCG-1	NK	3
TATGTGGTCTCTTAAC-1	NK	3
TATGTGGTCTGATCTT-1	Myeloid	1
TATGTGGTCTGTAGAC-1	NK	3
TATGTGGTCTTCAGAG-1	NK	3
TATGTTCAGAATATCG-1	B	17
TATGTTCAGCAGAAAG-1	Myeloid	1
TATGTTCAGGGACGTT-1	Myeloid	6
TATGTTCAGGGCTCTC-1	Myeloid	6
TATGTTCAGGTTCGTT-1	B	11
TATGTTCAGTCTGCTA-1	B	19
TATGTTCAGTGGACGT-1	Myeloid	1
TATGTTCCAAAGCTGG-1	B	19
TATGTTCCAACTCAAC-1	T	18
TATGTTCCAATGTAAG-1	B	11
TATGTTCCACAATAAG-1	Myeloid	10
TATGTTCCACCTATTT-1	NK	7
TATGTTCCAGCAACAG-1	T	14
TATGTTCCAGGCAAGT-1	NK	3
TATGTTCCAGTTGGAG-1	Myeloid	6
TATGTTCCATCATAGC-1	T	4
TATGTTCCATCGCCTT-1	T	18
TATGTTCCATTACACG-1	T	18
TATGTTCCATTCACCC-1	B	16
TATGTTCGTACCAAGG-1	Stromal	12
TATGTTCGTACGGATG-1	Myeloid	13
TATGTTCGTATTCTTC-1	NK	3
TATGTTCGTCCTTATT-1	NK	7
TATGTTCGTGCCAAGA-1	T	4
TATGTTCTCAGATACC-1	Myeloid	1
TATGTTCTCATACTTC-1	Myeloid	6
TATGTTCTCCGATGCG-1	B	19
TATGTTCTCGCAACTA-1	NK	3
TATGTTCTCTATATCC-1	B	2
TATTGCTAGAGCACTG-1	NK	7
TATTGCTAGAGCTCCC-1	B	8
TATTGCTAGCGTCAAG-1	B	11
TATTGCTAGCTATCGT-1	NK	3
TATTGCTAGGCAAGGG-1	B	19
TATTGCTAGGTGAACC-1	B	8
TATTGCTAGTACCACT-1	Myeloid	6
TATTGCTAGTACCTCA-1	Myeloid	10
TATTGCTAGTATAGTG-1	B	11
TATTGCTAGTTGACAA-1	Myeloid	10
TATTGCTCAAACCTAC-1	T	18
TATTGCTCACCTGAAT-1	T	14
TATTGCTCACGTACAT-1	NK	3
TATTGCTCACGTGAAG-1	NK	5
TATTGCTCACTCGCAG-1	B	11
TATTGCTCAGAACAGC-1	NK	5
TATTGCTCATTACTCT-1	Myeloid	6
TATTGCTGTAACGGCA-1	T	14
TATTGCTGTACTATGC-1	Myeloid	6
TATTGCTGTAGTATCC-1	B	11
TATTGCTGTCCGTAGC-1	B	19
TATTGCTGTCTCTAAG-1	Myeloid	1
TATTGCTGTGATAACA-1	B	9
TATTGCTGTTACGGAG-1	Myeloid	6
TATTGCTGTTCATTTC-1	NK	5
TATTGCTGTTCCAGTA-1	Stromal	12
TATTGCTTCAAATGGA-1	Myeloid	1
TATTGCTTCAATTCCT-1	NK	3
TATTGCTTCACTAGCA-1	T	4
TATTGCTTCAGGCCGT-1	Myeloid	1
TATTGCTTCCAAACCA-1	Myeloid	6
TATTGCTTCCAGCACG-1	Myeloid	6
TATTGCTTCCATTGAG-1	B	2
TATTGCTTCCGTTTCG-1	Myeloid	1
TATTGCTTCCTCTCTT-1	Myeloid	6
TATTGCTTCGACCCGA-1	B	9
TATTGCTTCGATATGC-1	B	9
TATTGCTTCGCACAAT-1	B	8
TATTGCTTCTCGACAA-1	B	19
TCAAAGCAGCCAGAAC-1	Myeloid	15
TCAAAGCAGCCTGTAT-1	B	2
TCAAAGCAGGTAGGAA-1	Myeloid	1
TCAAAGCAGTACCACT-1	T	18
TCAAAGCAGTCACGCC-1	B	8
TCAAAGCAGTGGACGT-1	Myeloid	10
TCAAAGCAGTTCAACC-1	B	0
TCAAAGCAGTTCAAGA-1	B	11
TCAAAGCCAAGCACTT-1	B	0
TCAAAGCCAAGCCCTG-1	B	9
TCAAAGCCACGCCGAT-1	B	2
TCAAAGCCACTGTCGG-1	B	17
TCAAAGCCAGCTATAC-1	B	17
TCAAAGCCAGTTACAC-1	B	11
TCAAAGCCATAGGCGA-1	NK	7
TCAAAGCCATCGCCTT-1	Myeloid	6
TCAAAGCCATCTCACC-1	NK	5
TCAAAGCCATGTCCCT-1	Stromal	12
TCAAAGCGTACCCATA-1	B	9
TCAAAGCGTACGGAGT-1	NK	3
TCAAAGCGTACTAGAA-1	B	16
TCAAAGCGTATACGCT-1	Myeloid	6
TCAAAGCGTATTCTGG-1	B	9
TCAAAGCGTATTGTCG-1	NK	3
TCAAAGCGTCTCGGGT-1	Myeloid	6
TCAAAGCGTTCCAGTA-1	T	14
TCAAAGCTCAATTCCT-1	NK	3
TCAAAGCTCATTCTCA-1	B	2
TCAAAGCTCATTCTTG-1	NK	3
TCAAAGCTCCAACAAC-1	B	0
TCAAAGCTCCGTACGG-1	Myeloid	1
TCAAAGCTCGCTCGGA-1	Myeloid	1
TCAAAGCTCTGATCCC-1	B	9
TCAAAGCTCTGGGCGT-1	Myeloid	15
TCAAGACAGCAATAAC-1	NK	7
TCAAGACAGCGGACTA-1	B	8
TCAAGACAGGCGACTA-1	Myeloid	6
TCAAGACAGTAACACA-1	B	9
TCAAGACAGTCTCTAG-1	NK	3
TCAAGACCAGCGTCGT-1	B	2
TCAAGACCAGGTTATC-1	NK	7
TCAAGACCATGGATGG-1	Myeloid	1
TCAAGACCATTTAGGC-1	NK	7
TCAAGACGTAAAGCTA-1	Myeloid	10
TCAAGACGTACGACCC-1	Myeloid	10
TCAAGACGTAGTAACA-1	Myeloid	13
TCAAGACGTCATAAGA-1	B	8
TCAAGACGTCTGTGTA-1	NK	3
TCAAGACGTGGTACTT-1	B	0
TCAAGACGTTAGGAAT-1	B	9
TCAAGACTCCAAACCA-1	NK	5
TCAAGACTCCAGGTCG-1	Myeloid	1
TCAAGACTCCGGCGAT-1	Myeloid	13
TCAAGACTCCGTTAGA-1	NK	7
TCAAGACTCGCTGATA-1	B	19
TCAAGACTCGGGAAAC-1	Myeloid	6
TCAAGACTCTCGTAGA-1	B	11
TCAAGCAAGACACAAT-1	T	14
TCAAGCAAGAGGAATG-1	T	18
TCAAGCAAGAGGCCTA-1	Myeloid	6
TCAAGCAAGCATTCCA-1	T	14
TCAAGCAAGCGTTAGG-1	T	18
TCAAGCAAGTAGTTCC-1	T	18
TCAAGCAAGTCGACCC-1	B	2
TCAAGCACAAACTACC-1	Myeloid	1
TCAAGCACAAGGAACC-1	B	2
TCAAGCACAAGGCGTA-1	Myeloid	6
TCAAGCACACCTATTT-1	B	17
TCAAGCACACTAGGAG-1	NK	7
TCAAGCACACTCAGCG-1	B	0
TCAAGCACATCCATAG-1	T	18
TCAAGCACATCCTGGG-1	NK	7
TCAAGCAGTAACACTC-1	Myeloid	6
TCAAGCAGTAATGTAG-1	T	14
TCAAGCAGTCCGTAGC-1	Myeloid	6
TCAAGCAGTCGTAATC-1	Myeloid	1
TCAAGCAGTCTGGGAA-1	B	11
TCAAGCAGTTAGAGAT-1	NK	7
TCAAGCAGTTCATTTC-1	B	8
TCAAGCATCAAACCCA-1	NK	7
TCAAGCATCAGATACC-1	Myeloid	6
TCAAGCATCCTGACCT-1	B	9
TCAAGCATCGTAGCGC-1	NK	5
TCAAGCATCTATATCC-1	B	9
TCAAGCATCTCAGATG-1	T	18
TCAAGCATCTTCCGTG-1	Myeloid	6
TCAAGGTAGACACTTC-1	B	19
TCAAGGTAGAGGAATG-1	T	14
TCAAGGTAGATGCGCA-1	NK	7
TCAAGGTAGCGAGAAA-1	T	18
TCAAGGTAGCTACGCC-1	NK	3
TCAAGGTAGGTCGTTT-1	B	11
TCAAGGTAGTCATACC-1	T	14
TCAAGGTCAACGAGGT-1	Myeloid	1
TCAAGGTCAACGGGTA-1	B	19
TCAAGGTCACAGTAGG-1	Myeloid	10
TCAAGGTCACCGAATT-1	Stromal	12
TCAAGGTCACTCGTGG-1	Myeloid	15
TCAAGGTCAGCAAACG-1	B	8
TCAAGGTCATCGTACA-1	Myeloid	10
TCAAGGTCATTAGCCA-1	B	19
TCAAGGTGTACCAAGG-1	B	0
TCAAGGTGTACTTGAC-1	Myeloid	15
TCAAGGTGTCAGAAGC-1	Myeloid	13
TCAAGGTGTCTAACCA-1	NK	7
TCAAGGTGTCTGTGTA-1	Myeloid	1
TCAAGGTGTGACAAGC-1	B	8
TCAAGGTGTGAGGGTT-1	T	18
TCAAGGTGTGCACTTA-1	B	2
TCAAGGTGTTACCACA-1	B	2
TCAAGGTTCAAACCAC-1	B	2
TCAAGGTTCCTGAAAC-1	B	19
TCAAGGTTCCTGACCT-1	T	14
TCAAGGTTCGCGCTGA-1	Myeloid	1
TCAAGGTTCGCGTTCT-1	Myeloid	6
TCAAGGTTCTGAGTAC-1	NK	3
TCAAGGTTCTTGTCGC-1	T	14
TCAATTCAGATATGTG-1	T	18
TCAATTCAGATCCGAG-1	NK	3
TCAATTCAGCCTTTGA-1	NK	7
TCAATTCAGCTCGGCT-1	B	9
TCAATTCAGGCGTCCT-1	B	19
TCAATTCAGTCCCTCT-1	B	8
TCAATTCAGTGAATAC-1	Myeloid	1
TCAATTCAGTGCACAG-1	T	18
TCAATTCAGTGCTGAG-1	T	18
TCAATTCAGTGTTCCA-1	B	0
TCAATTCCAAGACTAA-1	B	19
TCAATTCCAAGCCTTA-1	Myeloid	15
TCAATTCCAATTCAGC-1	T	4
TCAATTCCATTACACG-1	T	4
TCAATTCGTATGTTCG-1	NK	5
TCAATTCGTATTGTCG-1	Myeloid	10
TCAATTCGTCCTATTT-1	Stromal	12
TCAATTCGTCTGCACG-1	NK	3
TCAATTCGTGCCAAGA-1	T	18
TCAATTCGTGCGTCCA-1	Myeloid	10
TCAATTCGTGGTTCTA-1	T	14
TCAATTCGTTACCCAA-1	B	16
TCAATTCGTTATAGAG-1	T	4
TCAATTCTCCCTAAAG-1	NK	7
TCAATTCTCGCAGATT-1	B	11
TCAATTCTCGTTCAGA-1	Myeloid	15
TCACAAGAGAAACGCC-1	T	18
TCACAAGAGAACGTCG-1	B	11
TCACAAGAGAATACTG-1	B	17
TCACAAGAGAGGAATG-1	B	19
TCACAAGAGGCCTCTG-1	Myeloid	6
TCACAAGAGGGACGTT-1	Stromal	12
TCACAAGAGGTTTCTG-1	T	18
TCACAAGAGTCAGCCC-1	T	18
TCACAAGCAACGTACT-1	B	19
TCACAAGCAAGGCTTT-1	Myeloid	6
TCACAAGCAAGTCTGT-1	B	11
TCACAAGCACAGCTTA-1	NK	5
TCACAAGCACCGTCTT-1	T	14
TCACAAGCATCATAGC-1	B	11
TCACAAGCATGATCGT-1	Myeloid	13
TCACAAGCATTCACGA-1	B	2
TCACAAGGTAGAATAC-1	NK	3
TCACAAGGTAGCGTTT-1	B	19
TCACAAGGTCTAAGAA-1	B	11
TCACAAGGTCTGGGAA-1	NK	3
TCACAAGGTGCCCGAT-1	B	2
TCACAAGTCAAGAGAT-1	NK	3
TCACAAGTCCCTACGT-1	T	14
TCACAAGTCTCGTAGA-1	Myeloid	6
TCACAGAAGATTCCGT-1	NK	7
TCACAGAAGGCCTAAG-1	Myeloid	6
TCACAGAAGGGTATCG-1	B	9
TCACAGAAGGGTGTTG-1	Myeloid	6
TCACAGAAGTACCTCA-1	Myeloid	15
TCACAGAAGTGATCTC-1	Myeloid	6
TCACAGAAGTGCTAGG-1	Myeloid	6
TCACAGAAGTTAGCAA-1	B	9
TCACAGAAGTTGCTTG-1	Myeloid	6
TCACAGACAAAGCTGG-1	Myeloid	1
TCACAGACAACTAGAA-1	T	14
TCACAGACAAGCACTT-1	Myeloid	6
TCACAGACACAGTTCA-1	Myeloid	6
TCACAGACACTTACAG-1	T	14
TCACAGACAGCAACCC-1	Myeloid	6
TCACAGACATCAGCTA-1	Myeloid	15
TCACAGAGTCGAGAAC-1	B	8
TCACAGAGTCTAACCA-1	NK	3
TCACAGAGTGCTAGTT-1	Myeloid	1
TCACAGAGTGGACTGA-1	B	9
TCACAGAGTGGTTCTA-1	Myeloid	10
TCACAGAGTTCACGTA-1	B	11
TCACAGATCAGAATGA-1	T	4
TCACAGATCAGTGTGT-1	B	19
TCACAGATCCAACAAC-1	Myeloid	15
TCACAGATCCCAATGA-1	B	2
TCACAGATCCTCAAGA-1	Myeloid	1
TCACAGATCGCTTGAA-1	NK	7
TCACAGATCGGGAATG-1	B	9
TCACAGATCTCTGCGT-1	Myeloid	6
TCACCACAGAGATTAC-1	B	11
TCACCACAGATCACCT-1	NK	3
TCACCACAGGCCAGTA-1	Myeloid	1
TCACCACAGGTGTCGA-1	Stromal	12
TCACCACAGTTGACAA-1	Myeloid	13
TCACCACCAAACCCTA-1	Myeloid	15
TCACCACCAAATGTCC-1	Myeloid	6
TCACCACCAACCTCCT-1	Myeloid	1
TCACCACCAACGTCCG-1	T	4
TCACCACCACCTATTT-1	Myeloid	15
TCACCACCACTAGGAG-1	NK	7
TCACCACCACTCGCAG-1	B	17
TCACCACCATTAACGC-1	B	2
TCACCACCATTCTTTG-1	Myeloid	6
TCACCACGTAACCATC-1	Myeloid	6
TCACCACGTAATGTGA-1	T	14
TCACCACGTCCCGTGA-1	B	2
TCACCACGTTGTGACT-1	B	8
TCACCACGTTTAGACC-1	Myeloid	15
TCACCACGTTTGCCCT-1	NK	5
TCACCACTCAGGAAGC-1	T	18
TCACCACTCCTGACCT-1	Myeloid	1
TCACCACTCGCTACCT-1	Stromal	12
TCACCACTCGGGAATG-1	NK	7
TCACCACTCGGTCAGC-1	NK	7
TCACCACTCGTTCCGT-1	B	19
TCACCACTCTGAAAGA-1	B	8
TCACCACTCTGACATG-1	Myeloid	15
TCACCACTCTTGTGCC-1	NK	3
TCACCTGAGAAGGGCG-1	NK	5
TCACCTGAGATCACCT-1	Myeloid	1
TCACCTGAGCATTGGG-1	NK	5
TCACCTGAGCTATCGT-1	T	18
TCACCTGAGGCTTCGC-1	B	9
TCACCTGAGTCTGCTA-1	NK	5
TCACCTGAGTGATCTC-1	B	17
TCACCTGAGTGATTAG-1	T	4
TCACCTGAGTGTCGGA-1	B	11
TCACCTGCAACTGCGC-1	Myeloid	15
TCACCTGCAAGCCAGA-1	B	2
TCACCTGCAAGGACCA-1	T	4
TCACCTGCACAGGAAC-1	Myeloid	1
TCACCTGCAGAACAGC-1	T	18
TCACCTGCAGATACAA-1	B	0
TCACCTGCATGCGTTA-1	NK	7
TCACCTGCATGGTAAA-1	Myeloid	1
TCACCTGGTCAGGTGA-1	NK	3
TCACCTGGTCCACCAG-1	T	4
TCACCTGGTTCACGTA-1	B	2
TCACCTGGTTTCACCC-1	B	19
TCACCTGTCCACTAGA-1	B	2
TCACCTGTCCGTTTCG-1	B	2
TCACCTGTCGTCAACA-1	B	8
TCACCTGTCTCAGATG-1	Myeloid	6
TCACCTGTCTCCAACC-1	NK	7
TCACCTGTCTTACTCA-1	NK	7
TCACTCGAGAAATCTG-1	Myeloid	6
TCACTCGAGATATGTG-1	B	2
TCACTCGAGGTCTTGT-1	Myeloid	1
TCACTCGAGTGCCCTG-1	NK	7
TCACTCGAGTGCTCGC-1	Myeloid	6
TCACTCGAGTTGTCCA-1	NK	5
TCACTCGCAACAAACA-1	T	4
TCACTCGCAACTAGAA-1	Myeloid	6
TCACTCGCAACTGCGC-1	Myeloid	10
TCACTCGCAAGACACG-1	Myeloid	1
TCACTCGCACAGGAAC-1	Myeloid	1
TCACTCGCAGATAAGT-1	B	8
TCACTCGCATAGCCGC-1	NK	3
TCACTCGCATTCGTCC-1	NK	7
TCACTCGCATTGTGAC-1	Myeloid	15
TCACTCGGTACTATGC-1	T	4
TCACTCGGTATCAGCT-1	NK	7
TCACTCGGTATGTCCA-1	T	18
TCACTCGGTCTGCACG-1	Myeloid	1
TCACTCGGTGCATTGT-1	NK	5
TCACTCGGTTCACGTA-1	B	9
TCACTCGTCAAGGCCC-1	B	9
TCACTCGTCCATCGAA-1	T	14
TCACTCGTCCTCATTA-1	B	11
TCACTCGTCGCCTTAC-1	NK	5
TCAGCTCAGCAACGGT-1	Myeloid	15
TCAGCTCAGGATCCTT-1	Myeloid	15
TCAGCTCCAAGGACCA-1	B	9
TCAGCTCCACAGTAGG-1	Myeloid	1
TCAGCTCCACGTACAT-1	T	4
TCAGCTCCACTGATTG-1	Myeloid	6
TCAGCTCCAGGATGTG-1	B	9
TCAGCTCCATTGATGC-1	NK	3
TCAGCTCGTAACGGCA-1	T	18
TCAGCTCGTAGCCATT-1	Stromal	12
TCAGCTCGTATTCGCA-1	NK	3
TCAGCTCGTCAGCAAG-1	B	9
TCAGCTCGTTAGTAGA-1	Myeloid	6
TCAGCTCGTTATCGAC-1	Myeloid	1
TCAGCTCTCCATACCC-1	B	8
TCAGCTCTCTTGGCCT-1	B	17
TCAGGGCAGAAAGCAG-1	Myeloid	6
TCAGGGCAGCAGAGCT-1	Myeloid	6
TCAGGGCAGCCTATAC-1	B	11
TCAGGGCAGCGTCAAG-1	Myeloid	10
TCAGGGCAGTACGCGA-1	T	14
TCAGGGCCAAACCCTA-1	T	4
TCAGGGCCAAATTCCG-1	B	2
TCAGGGCCAATCACTG-1	T	18
TCAGGGCCAATTAGGA-1	Myeloid	1
TCAGGGCCATAGAATG-1	T	14
TCAGGGCCATCAGCTA-1	B	9
TCAGGGCCATGGTAAA-1	B	19
TCAGGGCCATTACACG-1	B	16
TCAGGGCCATTTAGGC-1	Myeloid	13
TCAGGGCGTATCTCAG-1	Myeloid	1
TCAGGGCGTGCACTTA-1	Myeloid	1
TCAGGGCGTGCTAGTT-1	B	19
TCAGGGCGTGGCCTCA-1	NK	7
TCAGGGCGTGTTAGAA-1	Myeloid	1
TCAGGGCGTTAACTCG-1	T	18
TCAGGGCGTTGCAGAG-1	Myeloid	1
TCAGGGCTCAGTCTTT-1	B	17
TCAGGGCTCAGTGTGT-1	NK	3
TCAGGGCTCCAATAGC-1	NK	7
TCAGGGCTCCGTGCGA-1	B	0
TCAGGGCTCCTTTGAT-1	NK	5
TCAGGGCTCGGTCAGC-1	Myeloid	1
TCAGGGCTCTATCTAC-1	Myeloid	6
TCAGGGCTCTCCCTTT-1	Myeloid	1
TCAGGGCTCTCGCGGA-1	Myeloid	6
TCAGGGCTCTGAACGT-1	B	11
TCAGGGCTCTGGCGCA-1	Myeloid	6
TCAGGTAAGACCCATT-1	NK	3
TCAGGTAAGAGAGTAG-1	T	4
TCAGGTAAGAGTGGAA-1	T	4
TCAGGTAAGATTAGAC-1	B	0
TCAGGTAAGGCAGTAC-1	Myeloid	6
TCAGGTAAGGTACACG-1	T	14
TCAGGTAAGTAGGTCG-1	B	19
TCAGGTAAGTGGACGT-1	NK	3
TCAGGTACAATGAAAC-1	Myeloid	6
TCAGGTACAGTAACCT-1	NK	7
TCAGGTAGTAATGCCT-1	B	19
TCAGGTAGTCAACAGG-1	Myeloid	10
TCAGGTAGTCAGGTGA-1	Myeloid	1
TCAGGTAGTCAGTGTT-1	B	11
TCAGGTAGTCCCTAAA-1	Myeloid	1
TCAGGTAGTCGCTAGC-1	B	9
TCAGGTAGTCTGCACG-1	Myeloid	1
TCAGGTAGTGAATGGC-1	NK	3
TCAGGTAGTGTCTACA-1	B	2
TCAGGTAGTTCTACCC-1	NK	3
TCAGGTATCAATCGTG-1	NK	7
TCAGGTATCCTGAAAC-1	B	9
TCAGGTATCTACATCT-1	Myeloid	6
TCAGGTATCTGGCGCA-1	T	14
TCAGGTATCTTCCACG-1	T	18
TCAGGTATCTTGGCCT-1	B	2
TCAGTCCAGACTAGGC-1	Myeloid	6
TCAGTCCAGCACCATT-1	B	9
TCAGTCCAGCCCATTA-1	T	14
TCAGTCCAGCTTTCCC-1	B	2
TCAGTCCAGGAAACTT-1	B	17
TCAGTCCAGGAGTAGA-1	NK	3
TCAGTCCAGTAACTCC-1	B	2
TCAGTCCAGTACGCGA-1	Myeloid	13
TCAGTCCAGTGATTAG-1	B	2
TCAGTCCCAAAGGTCG-1	T	4
TCAGTCCCAACTGCGC-1	B	9
TCAGTCCCAAGGCGTA-1	Myeloid	6
TCAGTCCCAATGTGCT-1	NK	3
TCAGTCCCACGAACGA-1	NK	7
TCAGTCCCACGCTAAT-1	Myeloid	15
TCAGTCCCACTGCTCT-1	B	9
TCAGTCCCAGTAACGG-1	B	16
TCAGTCCCAGTGGTCC-1	NK	3
TCAGTCCCATCCCTTG-1	NK	7
TCAGTCCCATGGTTTG-1	NK	5
TCAGTCCCATTCCCGT-1	T	14
TCAGTCCGTACCCATA-1	NK	3
TCAGTCCGTAGAATAC-1	B	11
TCAGTCCGTAGCGAGT-1	Myeloid	10
TCAGTCCGTAGGTCTT-1	Myeloid	1
TCAGTCCGTATTCACG-1	NK	7
TCAGTCCGTCCGGTAC-1	B	9
TCAGTCCGTGAATGGC-1	B	11
TCAGTCCGTGATAACA-1	NK	5
TCAGTCCGTGATAAGT-1	Myeloid	15
TCAGTCCGTGTGAGGT-1	B	2
TCAGTCCGTGTTAGAA-1	T	18
TCAGTCCGTTACCACA-1	B	8
TCAGTCCGTTGGGAAC-1	NK	3
TCAGTCCGTTTAGACC-1	Myeloid	6
TCAGTCCTCATGCTTT-1	B	2
TCAGTCCTCATGTTCT-1	Myeloid	10
TCAGTCCTCCATCTAT-1	T	14
TCAGTCCTCGAGAAGC-1	NK	7
TCAGTCCTCGCACCGA-1	NK	5
TCAGTCCTCGCGATGC-1	B	17
TCAGTCCTCGCGTTCT-1	Myeloid	6
TCAGTCCTCGTCTTAT-1	B	16
TCAGTTTAGACGCCAA-1	Myeloid	6
TCAGTTTAGATTCCGT-1	Myeloid	6
TCAGTTTAGCAATAAC-1	Stromal	12
TCAGTTTAGCCAGAAC-1	T	14
TCAGTTTAGCTGATTC-1	Myeloid	6
TCAGTTTAGGAGTAGA-1	Myeloid	10
TCAGTTTAGGTGTCGA-1	T	18
TCAGTTTAGTTGTCCA-1	Stromal	12
TCAGTTTAGTTTGGAA-1	T	14
TCAGTTTCAAATTCCG-1	Myeloid	6
TCAGTTTCAACCTCTC-1	NK	3
TCAGTTTCAACGTAGG-1	Myeloid	1
TCAGTTTCACGCGACT-1	B	9
TCAGTTTCACGCTCAG-1	Myeloid	6
TCAGTTTCAGTAGTTC-1	Myeloid	13
TCAGTTTCATCCCAAA-1	B	11
TCAGTTTCATGGTTTG-1	B	11
TCAGTTTCATTTCTTG-1	NK	7
TCAGTTTGTACTAGAA-1	B	9
TCAGTTTGTACTTCAG-1	T	18
TCAGTTTGTAGCTGTT-1	B	8
TCAGTTTGTAGGGTCA-1	T	4
TCAGTTTGTATCTAGC-1	Myeloid	6
TCAGTTTGTATTCACG-1	B	9
TCAGTTTGTCAGAAGC-1	B	11
TCAGTTTGTGAGTAAT-1	B	2
TCAGTTTGTGCTGAAG-1	Myeloid	1
TCAGTTTTCACATCCC-1	B	8
TCAGTTTTCAGTTGAC-1	T	4
TCAGTTTTCCAGAATC-1	T	18
TCAGTTTTCCAGGGAA-1	B	11
TCAGTTTTCCATATCT-1	B	0
TCAGTTTTCCCGAAGC-1	B	19
TCAGTTTTCCGAGAGA-1	Myeloid	13
TCAGTTTTCGCGCCAA-1	T	14
TCCAGAAAGAACTAAC-1	B	0
TCCAGAAAGGCACCTC-1	B	2
TCCAGAAAGGCAGTAC-1	Myeloid	1
TCCAGAAAGGGAAATG-1	B	11
TCCAGAAAGGTTTCTG-1	Myeloid	6
TCCAGAAAGTAATCAG-1	T	18
TCCAGAACAAGGGTAC-1	B	17
TCCAGAACAATTGGCT-1	B	17
TCCAGAACACCACCAG-1	T	18
TCCAGAACAGATGGCA-1	B	8
TCCAGAACAGGTAGCA-1	Myeloid	10
TCCAGAACAGTTACAC-1	T	18
TCCAGAACATCACAGT-1	NK	7
TCCAGAAGTAACGGCA-1	Myeloid	1
TCCAGAAGTACTTGAC-1	B	8
TCCAGAAGTATGCTAC-1	Myeloid	1
TCCAGAAGTATTCTCT-1	B	19
TCCAGAAGTCCCTTTG-1	Stromal	12
TCCAGAAGTTCTTTCA-1	T	4
TCCAGAATCACTGGTA-1	Myeloid	10
TCCAGAATCACTTACT-1	Myeloid	15
TCCAGAATCAGAACGG-1	Myeloid	15
TCCAGAATCGGTGATT-1	Myeloid	15
TCCAGAATCTCGACAA-1	Myeloid	6
TCCATCGAGAACGTTA-1	B	11
TCCATCGAGATCACCT-1	T	14
TCCATCGAGCAGAGCT-1	B	8
TCCATCGAGGTTCGAG-1	Myeloid	13
TCCATCGCAACTAGAA-1	T	18
TCCATCGCAACTTGGT-1	NK	7
TCCATCGCAAGGAAGA-1	B	2
TCCATCGCAAGGCGTA-1	Myeloid	1
TCCATCGCACTCCCAT-1	B	2
TCCATCGCAGAGCCAA-1	NK	7
TCCATCGCATGCGCTG-1	NK	5
TCCATCGCATTTCTTG-1	T	4
TCCATCGGTTCTACGA-1	Myeloid	13
TCCATCGTCAAGTTGC-1	NK	3
TCCATCGTCATCATGG-1	B	19
TCCCACAAGAAATGGG-1	T	18
TCCCACAAGACTCTTG-1	B	9
TCCCACAAGGTCCTCG-1	T	4
TCCCACAAGTCCGTGC-1	T	4
TCCCACAAGTTTGGAA-1	B	8
TCCCACACAACTAGAA-1	B	16
TCCCACACAACTGCGC-1	T	14
TCCCACACAAGAAACT-1	Stromal	12
TCCCACACACAGCCAC-1	Myeloid	10
TCCCACACACAGCTTA-1	B	9
TCCCACACACCACGAC-1	NK	7
TCCCACACACCTGAAT-1	Stromal	12
TCCCACACACGAACGA-1	NK	7
TCCCACACACTCCACT-1	Myeloid	6
TCCCACACAGGTGTCC-1	Myeloid	10
TCCCACACATTTCTTG-1	Myeloid	6
TCCCACAGTACGAGAC-1	B	9
TCCCACAGTATGGGTG-1	T	4
TCCCACAGTATTCTCT-1	B	11
TCCCACAGTCACAGTT-1	B	16
TCCCACAGTCGAGGTA-1	B	8
TCCCACAGTCTCTGCT-1	T	18
TCCCACAGTGGCCTTG-1	B	9
TCCCACAGTTAGGCTT-1	Myeloid	1
TCCCACAGTTCTTTGT-1	T	4
TCCCACAGTTGGCTTA-1	Myeloid	10
TCCCACAGTTTGAAGA-1	Myeloid	6
TCCCACATCAAGGCCC-1	NK	5
TCCCACATCCCTATTA-1	B	16
TCCCACATCTACTTTG-1	Myeloid	6
TCCCACATCTTCATAC-1	B	0
TCCGACTAGAGATTAC-1	Myeloid	1
TCCGACTAGGTGAACC-1	B	19
TCCGACTAGTGAACCG-1	Myeloid	6
TCCGACTAGTTCCCGG-1	Myeloid	1
TCCGACTCAAACCGAG-1	Myeloid	1
TCCGACTCAAACCTAC-1	Myeloid	1
TCCGACTCAAAGACGC-1	NK	5
TCCGACTCAAGACTTC-1	Stromal	12
TCCGACTCAAGCAACG-1	Myeloid	6
TCCGACTCAATAGCGG-1	T	14
TCCGACTCACCTGGTG-1	B	8
TCCGACTCAGGATGTG-1	Myeloid	15
TCCGACTCATGGCCGT-1	Myeloid	10
TCCGACTCATTAAGGA-1	B	16
TCCGACTGTCAGCAAG-1	B	2
TCCGACTGTGTACGCC-1	T	4
TCCGACTGTGTTTCTT-1	NK	3
TCCGACTTCACAACAC-1	T	14
TCCGACTTCGACTTAG-1	Myeloid	1
TCCGACTTCGTGAGTT-1	Myeloid	15
TCCGACTTCTTGTCAT-1	T	4
TCGAGCGAGAAACGCC-1	B	8
TCGAGCGAGAAATGGG-1	B	9
TCGAGCGAGACCATAA-1	T	18
TCGAGCGAGACGCCCT-1	Myeloid	1
TCGAGCGAGAGCCTGA-1	Myeloid	1
TCGAGCGAGCATTGGG-1	T	4
TCGAGCGAGGTCGGTA-1	T	14
TCGAGCGAGGTTAGTA-1	T	18
TCGAGCGAGTCCGGAA-1	B	11
TCGAGCGCAAGCCTTA-1	Myeloid	6
TCGAGCGCAAGCGACA-1	B	9
TCGAGCGCACAAGGGT-1	T	14
TCGAGCGCAGCGTACC-1	T	4
TCGAGCGGTAACCGAG-1	B	8
TCGAGCGGTATGTTCG-1	B	11
TCGAGCGGTATTCTGG-1	T	18
TCGAGCGGTCATAAGA-1	B	9
TCGAGCGGTCTGGGCT-1	T	18
TCGAGCGGTGAGGTCA-1	B	11
TCGAGCGGTGCTGTGC-1	Myeloid	6
TCGAGCGGTTACGAAA-1	B	9
TCGAGCGGTTATCGAC-1	Myeloid	6
TCGAGCGGTTCTCGAA-1	NK	7
TCGAGCGGTTTGTAGC-1	B	8
TCGAGCGTCATGCTTT-1	Myeloid	1
TCGAGCGTCCCAATAG-1	B	9
TCGAGCGTCCTCCATG-1	Myeloid	6
TCGAGCGTCGCACAAT-1	NK	3
TCGAGCGTCGGGAATG-1	T	4
TCGAGCGTCTATTTCG-1	B	2
TCGAGCGTCTTTGCAT-1	NK	7
TCGATTTAGAGGTGGG-1	B	17
TCGATTTAGCGAGAAA-1	T	14
TCGATTTAGCGTCAAG-1	Myeloid	1
TCGATTTAGCTGAGGT-1	B	0
TCGATTTAGGTTAACA-1	NK	7
TCGATTTAGTACAGTA-1	Myeloid	6
TCGATTTAGTACTCTG-1	T	14
TCGATTTAGTAGTGTA-1	B	8
TCGATTTCACAATAAG-1	NK	7
TCGATTTCACACATGT-1	Myeloid	6
TCGATTTCACAGTAGG-1	B	2
TCGATTTCACAGTTAC-1	T	4
TCGATTTCACTCGCAG-1	B	11
TCGATTTGTAACAATG-1	T	4
TCGATTTGTACTTCGA-1	B	9
TCGATTTGTAGGTCTT-1	Myeloid	1
TCGATTTGTGGATTCT-1	NK	5
TCGATTTGTTGGTAAA-1	NK	7
TCGATTTGTTTCCACC-1	B	16
TCGATTTTCACTCGGG-1	Myeloid	1
TCGATTTTCCTAGAGT-1	B	11
TCGATTTTCTATCTCA-1	B	8
TCGATTTTCTGACTTT-1	B	8
TCGATTTTCTGGACAT-1	NK	3
TCGATTTTCTTCATAC-1	Myeloid	6
TCGCAGGAGCACCATT-1	T	4
TCGCAGGAGGACCGAT-1	Myeloid	15
TCGCAGGAGGTAAGCC-1	T	4
TCGCAGGAGGTCCTCG-1	B	16
TCGCAGGAGGTGATGC-1	B	11
TCGCAGGAGTAGTTCC-1	B	11
TCGCAGGCAACCTCCT-1	B	17
TCGCAGGCAATCAGGG-1	T	4
TCGCAGGCACAACGGA-1	B	19
TCGCAGGCACCGTCTT-1	NK	3
TCGCAGGCACTACACA-1	T	14
TCGCAGGCAGTTAAAG-1	Myeloid	10
TCGCAGGCATTACACG-1	NK	7
TCGCAGGGTAGCTGTT-1	NK	7
TCGCAGGGTAGGTAAT-1	Myeloid	1
TCGCAGGGTCCAACCG-1	Myeloid	15
TCGCAGGGTGGACTGA-1	T	4
TCGCAGGTCACGTGTA-1	B	8
TCGCAGGTCAGGCGCT-1	Myeloid	1
TCGCAGGTCCGCTCTA-1	B	8
TCGCAGGTCGCGCCAA-1	Myeloid	10
TCGCAGGTCGGTTGTA-1	B	9
TCGCAGGTCTGACATG-1	Myeloid	6
TCGCCTAAGACACAAT-1	B	2
TCGCCTAAGACGCCAA-1	Myeloid	6
TCGCCTAAGACTTGAA-1	NK	3
TCGCCTAAGAGAAGCA-1	NK	7
TCGCCTAAGAGCACTG-1	NK	7
TCGCCTAAGCTATCCA-1	NK	7
TCGCCTAAGTGTCCCG-1	Myeloid	6
TCGCCTACACACTAGT-1	T	4
TCGCCTACACATGATC-1	T	4
TCGCCTACACGGTTAT-1	B	11
TCGCCTACAGAAAGAG-1	T	14
TCGCCTACAGGGAGTT-1	Myeloid	1
TCGCCTACAGGTAGGT-1	B	11
TCGCCTACATGTATCG-1	B	19
TCGCCTAGTAGAACGC-1	Myeloid	6
TCGCCTAGTATCTAGC-1	NK	3
TCGCCTAGTCCACCAG-1	B	8
TCGCCTAGTCCGTCGA-1	NK	3
TCGCCTAGTGCCCTAG-1	T	14
TCGCCTAGTGGGTAGT-1	T	14
TCGCCTAGTGTCCCAG-1	Myeloid	1
TCGCCTAGTTAGGAGC-1	B	2
TCGCCTATCATCGCTC-1	Myeloid	6
TCGCCTATCCCTACGT-1	NK	3
TCGCCTATCGCGGCAT-1	NK	3
TCGCCTATCGGTCAGC-1	T	14
TCGCCTATCTGCTACC-1	NK	7
TCGGGACAGATACCAA-1	T	4
TCGGGACAGGAAGACA-1	B	16
TCGGGACAGGATGTAT-1	B	17
TCGGGACAGGTTAGTA-1	B	8
TCGGGACAGTACGCGA-1	T	4
TCGGGACCAAACAGTA-1	B	9
TCGGGACCAACTCGTA-1	B	19
TCGGGACCAAGGCGTA-1	B	17
TCGGGACCACACATTG-1	B	2
TCGGGACCACAGAAGC-1	Myeloid	6
TCGGGACCACAGTAGG-1	B	9
TCGGGACCACCTACCT-1	T	14
TCGGGACCAGCGTACC-1	NK	5
TCGGGACCAGGGAGTT-1	Myeloid	6
TCGGGACCAGTGCGAA-1	Myeloid	6
TCGGGACCATGGCCCA-1	B	8
TCGGGACGTCCGGTAC-1	Myeloid	1
TCGGGACGTCTCTGCT-1	B	8
TCGGGACGTGAATGGC-1	B	9
TCGGGACGTGTCCAGC-1	NK	7
TCGGGACGTGTCCCAG-1	Myeloid	1
TCGGGACGTTACCCAA-1	B	2
TCGGGACGTTTCCGGG-1	B	19
TCGGGACGTTTGACCA-1	NK	7
TCGGGACTCCAATCCC-1	T	4
TCGGGACTCCCGTATC-1	B	8
TCGGGACTCGATGTAC-1	Myeloid	6
TCGGGACTCGCAAACT-1	B	9
TCGGGACTCGGCATAT-1	B	9
TCGGGACTCGGTCAGC-1	NK	7
TCGTTCGAGAACCCGA-1	NK	7
TCGTTCGAGAACTAAC-1	NK	7
TCGTTCGAGCTCCATA-1	NK	7
TCGTTCGAGGTTTCTG-1	NK	7
TCGTTCGAGTACCCAT-1	Myeloid	10
TCGTTCGAGTAGGAAG-1	B	11
TCGTTCGAGTATGGGC-1	Myeloid	10
TCGTTCGCAACGTCCG-1	NK	5
TCGTTCGCAAGGAACC-1	T	18
TCGTTCGCAAGGTCGA-1	B	11
TCGTTCGCACACACAT-1	Myeloid	6
TCGTTCGCACATCATG-1	B	2
TCGTTCGCACCGAATT-1	Myeloid	6
TCGTTCGCACTGAAGG-1	Myeloid	1
TCGTTCGCAGGACTGA-1	NK	3
TCGTTCGCAGGCTACC-1	B	8
TCGTTCGCATCAGAAA-1	NK	7
TCGTTCGCATCCTGGG-1	B	17
TCGTTCGCATCGGCTG-1	NK	7
TCGTTCGCATTTGGCA-1	T	4
TCGTTCGGTAGGGTCA-1	Myeloid	6
TCGTTCGGTATGGGTG-1	Stromal	12
TCGTTCGGTATTCTCT-1	B	9
TCGTTCGGTCACATTG-1	NK	7
TCGTTCGGTCTGGGCT-1	T	18
TCGTTCGGTGAATCGG-1	T	4
TCGTTCGGTTCCGCGA-1	B	2
TCGTTCGGTTCGGGAA-1	NK	5
TCGTTCGTCCAGTACA-1	T	18
TCGTTCGTCCGTCAAA-1	Myeloid	6
TCGTTCGTCGGCATAT-1	NK	3
TCGTTCGTCGGGAATG-1	B	2
TCTAGTTAGATACCAA-1	NK	3
TCTAGTTAGCAGAAAG-1	NK	7
TCTAGTTAGCAGAGCT-1	B	11
TCTAGTTAGTCGCCTG-1	Myeloid	1
TCTAGTTAGTCTGGGA-1	B	9
TCTAGTTAGTTCAACC-1	Myeloid	6
TCTAGTTCAACGGACA-1	T	18
TCTAGTTCAAGCCAGA-1	B	11
TCTAGTTCAAGGTTCT-1	Myeloid	10
TCTAGTTCACCTGAAT-1	B	8
TCTAGTTCACGATTAC-1	Myeloid	6
TCTAGTTCACTACACA-1	B	19
TCTAGTTCAGCGTAGA-1	Myeloid	1
TCTAGTTCAGGTAGCA-1	T	18
TCTAGTTCAGTAACGG-1	T	4
TCTAGTTCATAGTCCA-1	NK	3
TCTAGTTCATGCCCTT-1	NK	3
TCTAGTTGTAAACGAT-1	NK	3
TCTAGTTGTATTCGCA-1	Myeloid	15
TCTAGTTGTATTGTGC-1	Myeloid	6
TCTAGTTGTCTCAAAC-1	B	2
TCTAGTTGTGAGTAAT-1	T	14
TCTAGTTGTGCGTCCA-1	B	8
TCTAGTTGTTAGGCTT-1	B	9
TCTAGTTGTTCACGTA-1	B	19
TCTAGTTGTTTGACCA-1	NK	3
TCTAGTTTCAATCGTG-1	B	0
TCTAGTTTCAGCACGC-1	B	0
TCTAGTTTCCTTGACC-1	Myeloid	1
TCTAGTTTCGCCAGAC-1	T	18
TCTAGTTTCGCGTGAC-1	Myeloid	1
TCTAGTTTCTATGAGC-1	B	9
TCTAGTTTCTGGAAGG-1	Myeloid	15
TCTATTGAGATACCAA-1	B	17
TCTATTGAGCACGTAG-1	Myeloid	1
TCTATTGAGCAGGACT-1	Myeloid	6
TCTATTGAGCGGACTA-1	Myeloid	6
TCTATTGAGGAATGGA-1	NK	3
TCTATTGAGGAGACTC-1	NK	5
TCTATTGAGGCAATTA-1	NK	3
TCTATTGAGTAACTCC-1	B	2
TCTATTGAGTGTAATG-1	T	18
TCTATTGCAAACCTAC-1	NK	3
TCTATTGCAAGGAGGG-1	NK	7
TCTATTGCAATGATGA-1	NK	3
TCTATTGCACATCATG-1	Myeloid	1
TCTATTGCACCCTTAC-1	Myeloid	1
TCTATTGCATCCCGGA-1	Myeloid	15
TCTATTGGTACCCACG-1	B	8
TCTATTGGTCACCCGA-1	Myeloid	6
TCTATTGTCACACGTA-1	B	9
TCTATTGTCACTTACT-1	T	14
TCTATTGTCATTCTTG-1	T	4
TCTATTGTCCAGAGAG-1	Myeloid	15
TCTATTGTCCAGGTCG-1	Myeloid	13
TCTATTGTCGGCATAT-1	Myeloid	15
TCTATTGTCTATATCC-1	T	14
TCTATTGTCTGGGCGT-1	B	11
TCTCAGCAGAGGCAGG-1	NK	7
TCTCAGCAGATATGAC-1	B	8
TCTCAGCAGATGAGGA-1	Myeloid	6
TCTCAGCAGCTGGAGT-1	T	14
TCTCAGCAGGCAAGCT-1	B	8
TCTCAGCAGGTCGTTT-1	B	19
TCTCAGCAGTAACATG-1	B	11
TCTCAGCCAAACAGTA-1	NK	7
TCTCAGCCACGTTGTA-1	Stromal	12
TCTCAGCCAGTTGCAT-1	T	18
TCTCAGCCATCAACTG-1	Myeloid	10
TCTCAGCCATGCACTA-1	B	8
TCTCAGCCATTTCTTG-1	NK	5
TCTCAGCGTAAACGGC-1	Myeloid	1
TCTCAGCGTAATGCCT-1	Myeloid	1
TCTCAGCGTACCTATG-1	B	9
TCTCAGCGTATTTGCG-1	B	19
TCTCAGCGTCGGCTGT-1	NK	3
TCTCAGCGTCTCTGCT-1	B	11
TCTCAGCGTGCCCAGT-1	B	8
TCTCAGCGTGTTTCTT-1	NK	7
TCTCAGCGTTACCACA-1	Myeloid	6
TCTCAGCGTTCCCAAA-1	B	16
TCTCAGCGTTGCAGAG-1	B	11
TCTCAGCTCATGCTTT-1	Myeloid	1
TCTCAGCTCGGTTGTA-1	NK	3
TCTCAGCTCTCTCAAT-1	B	8
TCTCAGCTCTCTGCGT-1	B	9
TCTCAGCTCTGCGTCT-1	B	9
TCTCTGGAGAAATCTG-1	Myeloid	15
TCTCTGGAGAGAGTTT-1	B	19
TCTCTGGAGAGCTGTG-1	T	4
TCTCTGGAGCTGAGGT-1	T	18
TCTCTGGAGGAGTCTG-1	T	14
TCTCTGGAGGTCCTCG-1	T	4
TCTCTGGAGGTTAACA-1	Myeloid	1
TCTCTGGAGTACAGTA-1	Myeloid	1
TCTCTGGAGTCTCGAT-1	T	18
TCTCTGGAGTTAGCAA-1	B	2
TCTCTGGCACACATGT-1	B	2
TCTCTGGCAGCTATAC-1	Stromal	12
TCTCTGGCAGGTAACG-1	Myeloid	10
TCTCTGGCAGTAGTCT-1	B	0
TCTCTGGCAGTCCTGG-1	Myeloid	1
TCTCTGGCATAGATAG-1	B	8
TCTCTGGCATCATCGA-1	B	17
TCTCTGGCATCCCAAA-1	B	2
TCTCTGGCATCCCTCA-1	B	9
TCTCTGGCATGGAGGT-1	B	17
TCTCTGGCATGGCCTG-1	Myeloid	1
TCTCTGGGTACGTAGG-1	Myeloid	1
TCTCTGGGTACTATGC-1	NK	7
TCTCTGGGTCACCCGA-1	B	11
TCTCTGGGTCCAACCG-1	B	17
TCTCTGGGTCCGTCGA-1	B	0
TCTCTGGGTGAGTCGA-1	Myeloid	6
TCTCTGGGTTCTTATC-1	NK	7
TCTCTGGTCACAGGGA-1	Myeloid	1
TCTCTGGTCAGTGTGT-1	Myeloid	13
TCTCTGGTCATTCTTG-1	T	18
TCTCTGGTCCATACGA-1	B	0
TCTCTGGTCCCACTAC-1	Myeloid	1
TCTCTGGTCCGGGCAT-1	B	0
TCTCTGGTCCTAAAGC-1	NK	5
TCTCTGGTCTTCCACG-1	NK	7
TCTCTGGTCTTCTTCC-1	Myeloid	1
TGAATCGAGAGCCTGA-1	B	8
TGAATCGAGAGCGGTT-1	B	11
TGAATCGAGATGGGAA-1	NK	5
TGAATCGAGCGATACG-1	NK	3
TGAATCGAGGTACATA-1	B	8
TGAATCGAGTAGGAAG-1	NK	3
TGAATCGAGTCGGGAT-1	B	9
TGAATCGCAATCCATG-1	T	14
TGAATCGCACGTGAAG-1	NK	3
TGAATCGCAGGTAGGT-1	B	16
TGAATCGCATCATGTG-1	Myeloid	1
TGAATCGCATTAGCAC-1	Myeloid	6
TGAATCGGTACCTATG-1	NK	7
TGAATCGGTATCTCAG-1	B	11
TGAATCGGTATTGTCG-1	Myeloid	1
TGAATCGGTGGTACTT-1	NK	5
TGAATCGGTTAGGAGC-1	B	19
TGAATCGGTTGTGACT-1	NK	7
TGAATCGGTTTAAGCC-1	NK	7
TGAATCGTCAAGGCAG-1	B	2
TGAATCGTCAGCACTA-1	Myeloid	10
TGAATCGTCATACTTC-1	B	11
TGAATCGTCCAACAAC-1	Myeloid	6
TGAATCGTCGACTGGC-1	Myeloid	15
TGAATCGTCGATGTGT-1	Myeloid	10
TGAATCGTCGCAAGCC-1	B	2
TGAATCGTCGGGACAA-1	T	18
TGAATCGTCGTCCCAT-1	B	11
TGAATCGTCGTGGAAG-1	Myeloid	13
TGAATCGTCGTTTGAG-1	B	9
TGAATCGTCTCGTAGA-1	Myeloid	1
TGAATCGTCTCGTGAA-1	B	11
TGACAACAGAAACGCC-1	T	4
TGACAACAGCAGTAGC-1	Myeloid	1
TGACAACAGCGAATAT-1	Myeloid	1
TGACAACAGCGCCTAC-1	B	9
TGACAACAGCGTTGCC-1	NK	7
TGACAACAGGTTCGTT-1	Myeloid	15
TGACAACAGTCGCCTG-1	NK	3
TGACAACCAACGTACT-1	T	14
TGACAACCAAGAGCGT-1	NK	7
TGACAACCAAGATTAG-1	NK	7
TGACAACCAAGCACTT-1	B	19
TGACAACCAAGGAAGA-1	Myeloid	10
TGACAACCAATGCACT-1	B	2
TGACAACCACACTAGT-1	Myeloid	6
TGACAACCACGACGAA-1	Myeloid	6
TGACAACCAGAACGAC-1	B	9
TGACAACCAGGGCTTC-1	Myeloid	15
TGACAACCATCATCGA-1	B	8
TGACAACCATGACTGT-1	Myeloid	1
TGACAACCATGGAGGT-1	B	9
TGACAACGTAAACGGC-1	Myeloid	6
TGACAACGTAATGCAA-1	B	2
TGACAACGTACCCATA-1	T	4
TGACAACGTATGAAGT-1	NK	7
TGACAACGTCATCAAC-1	B	9
TGACAACGTCCCTAAA-1	B	11
TGACAACGTCGCTAGC-1	NK	7
TGACAACGTTCTCGAA-1	Myeloid	1
TGACAACGTTGGAGGT-1	B	17
TGACAACTCAAATGGA-1	T	18
TGACAACTCAGTCTTT-1	Myeloid	1
TGACAACTCCACTAGA-1	Myeloid	6
TGACAACTCCGTACGG-1	Myeloid	1
TGACAACTCGCAAACT-1	T	18
TGACAACTCGGAAAGC-1	B	0
TGACAACTCGTGAGTT-1	B	11
TGACAACTCTACTGCC-1	NK	7
TGACAACTCTCGGCGA-1	B	9
TGACTCCAGGAACCGT-1	Myeloid	13
TGACTCCAGGATGCCA-1	NK	7
TGACTCCAGGTTTCTG-1	T	4
TGACTCCAGTACGCGA-1	B	8
TGACTCCCAAGACACG-1	Myeloid	1
TGACTCCCACCTGTGG-1	Stromal	12
TGACTCCCACGTGAAG-1	B	8
TGACTCCCAGCTGATT-1	Myeloid	15
TGACTCCCAGGTGGTA-1	NK	5
TGACTCCCATGGGAAC-1	NK	7
TGACTCCGTATGAAGT-1	T	18
TGACTCCGTCTGGGCT-1	B	16
TGACTCCGTTACGCTA-1	B	19
TGACTCCGTTTAGAAG-1	NK	3
TGACTCCTCAATTCCT-1	T	14
TGACTCCTCACTGATG-1	T	18
TGACTCCTCAGGTTTG-1	NK	7
TGACTCCTCGCTTACC-1	B	19
TGACTCCTCTTAAGCG-1	B	9
TGAGCCGAGATAGGTT-1	Myeloid	10
TGAGCCGAGCTCGGCT-1	B	8
TGAGCCGCAACCTCCT-1	T	4
TGAGCCGCAAGAAACT-1	B	8
TGAGCCGCAAGTTCGT-1	Myeloid	6
TGAGCCGCACAGCTTA-1	Myeloid	15
TGAGCCGCAGAATGCG-1	B	2
TGAGCCGCATCAGAAA-1	NK	7
TGAGCCGCATCCTCGT-1	Myeloid	1
TGAGCCGCATCGACGC-1	Myeloid	10
TGAGCCGCATTCACCC-1	B	11
TGAGCCGCATTGTTCT-1	NK	3
TGAGCCGGTACCTATG-1	T	14
TGAGCCGGTCAACGGA-1	T	18
TGAGCCGGTCCGCTTT-1	T	18
TGAGCCGGTCCGTGCA-1	B	16
TGAGCCGGTCTGCGCA-1	B	9
TGAGCCGGTTAAGGGC-1	B	16
TGAGCCGGTTAGAGAT-1	T	4
TGAGCCGGTTCCAATG-1	NK	3
TGAGCCGGTTGGCTTA-1	Myeloid	6
TGAGCCGTCAAACCAC-1	Stromal	12
TGAGCCGTCACTCGGG-1	T	18
TGAGCCGTCCCACTAC-1	B	9
TGAGCCGTCCCGGGTA-1	Myeloid	6
TGAGCCGTCGCACCGA-1	B	2
TGAGCCGTCGGCAATT-1	Myeloid	6
TGAGCCGTCTATCCTA-1	T	14
TGAGTCAAGACACGGT-1	Myeloid	1
TGAGTCAAGCTATCGT-1	B	8
TGAGTCAAGGGATCCA-1	Myeloid	6
TGAGTCAAGGGTGTTG-1	B	11
TGAGTCAAGTAATGTG-1	Myeloid	13
TGAGTCAAGTCGAAAT-1	NK	5
TGAGTCAAGTGCCCTG-1	Myeloid	6
TGAGTCAAGTTACACC-1	B	0
TGAGTCAAGTTCCCGG-1	Myeloid	6
TGAGTCACAAAGCTTC-1	T	4
TGAGTCACAACTCAAC-1	Myeloid	15
TGAGTCACAAGGACCA-1	B	11
TGAGTCACACAAGTGG-1	Myeloid	1
TGAGTCACACAGTTCA-1	NK	7
TGAGTCACAGAATGCG-1	B	2
TGAGTCACATAGCCGC-1	Myeloid	6
TGAGTCACATTTGGTG-1	B	11
TGAGTCAGTAACTCCA-1	Myeloid	6
TGAGTCAGTAAGCCTT-1	B	9
TGAGTCAGTACAAATG-1	T	14
TGAGTCAGTACAAGCG-1	B	9
TGAGTCAGTACGCCCA-1	Myeloid	1
TGAGTCAGTCAATCCA-1	Myeloid	6
TGAGTCAGTCAGAAGC-1	B	11
TGAGTCAGTCTGTCCT-1	NK	7
TGAGTCAGTGATAGAT-1	B	2
TGAGTCAGTGCTGTGC-1	Myeloid	10
TGAGTCAGTGCTTCCT-1	NK	5
TGAGTCAGTGGATTTC-1	T	18
TGAGTCAGTTACCACA-1	Myeloid	10
TGAGTCATCAATTCCT-1	B	19
TGAGTCATCATGTTCT-1	B	2
TGAGTCATCCGTGCAG-1	NK	3
TGAGTCATCGAGAACG-1	B	17
TGAGTCATCTCCCTTT-1	NK	5
TGAGTCATCTGAAAGA-1	NK	7
TGATCAGAGAACGACC-1	B	19
TGATCAGAGAGCGAAA-1	B	11
TGATCAGAGCGAATAT-1	B	11
TGATCAGAGCGTTAGG-1	Myeloid	1
TGATCAGAGTCGTACT-1	T	14
TGATCAGAGTGTCCCG-1	B	11
TGATCAGAGTTCTCCC-1	Myeloid	1
TGATCAGCAATAGTGA-1	B	19
TGATCAGCAGTTAAAG-1	NK	3
TGATCAGCATATTGGC-1	Myeloid	1
TGATCAGCATCAGAAA-1	T	14
TGATCAGCATCCCAAA-1	Myeloid	1
TGATCAGCATCTCTCG-1	T	4
TGATCAGCATGGCCCA-1	B	2
TGATCAGGTAGCTGTT-1	B	9
TGATCAGGTAGGTGAC-1	NK	3
TGATCAGGTATTCACG-1	B	11
TGATCAGGTCACAGTT-1	B	8
TGATCAGGTCACCCGA-1	B	11
TGATCAGGTCAGTGCC-1	B	11
TGATCAGGTCCACCAG-1	T	18
TGATCAGGTGATAGAT-1	B	2
TGATCAGTCACGTGTA-1	T	4
TGATCAGTCCAGAGAG-1	B	2
TGATCAGTCCCAATGA-1	T	4
TGATCAGTCCCGGGTA-1	Myeloid	10
TGATCAGTCTATACCT-1	NK	3
TGATCAGTCTCTGTTA-1	B	2
TGATGCAAGAGGAACA-1	Myeloid	1
TGATGCAAGATTGACA-1	B	9
TGATGCAAGGCTCCTG-1	B	11
TGATGCAAGGTAAGTT-1	B	9
TGATGCAAGTTACACC-1	T	18
TGATGCAAGTTAGCGG-1	B	8
TGATGCAAGTTCAACC-1	B	9
TGATGCACAACTCGTA-1	Myeloid	10
TGATGCACACATTGCA-1	Myeloid	6
TGATGCACACCCTTTG-1	B	8
TGATGCACACCTGAAT-1	NK	7
TGATGCACATGCTATG-1	Myeloid	13
TGATGCAGTAGGTGAC-1	NK	3
TGATGCAGTATCACAC-1	NK	5
TGATGCAGTCCAAGTT-1	B	9
TGATGCAGTCCTTCAC-1	B	19
TGATGCAGTCTCAAAC-1	Myeloid	6
TGATGCAGTGCACATT-1	B	2
TGATGCAGTGGAGTGT-1	T	18
TGATGCAGTGGTCGAA-1	T	4
TGATGCAGTTCTCGAA-1	B	2
TGATGCATCGGGACAA-1	Myeloid	1
TGATGCATCGTTACAG-1	T	18
TGATGCATCTGTTTAC-1	NK	7
TGATTTCAGAAGCCTG-1	T	14
TGATTTCAGCATGTGG-1	B	11
TGATTTCAGCGAATAT-1	Myeloid	1
TGATTTCAGTGTCGCC-1	Myeloid	6
TGATTTCCAACGGACA-1	NK	5
TGATTTCCACACTAGT-1	B	11
TGATTTCCACCACGAC-1	B	9
TGATTTCCAGGATAGC-1	Myeloid	6
TGATTTCCATTGTTCT-1	NK	7
TGATTTCGTCCCTTTG-1	NK	3
TGATTTCGTCCGAGCT-1	Myeloid	1
TGATTTCGTGAATCAA-1	T	14
TGATTTCGTGTCCCAG-1	Myeloid	1
TGATTTCGTGTGAGGT-1	Myeloid	1
TGATTTCGTGTGCTTA-1	B	11
TGATTTCGTTATAGAG-1	Myeloid	6
TGATTTCGTTTCAGCA-1	T	4
TGATTTCTCCATCTAT-1	NK	7
TGATTTCTCCTTCGAC-1	NK	7
TGATTTCTCTATGAGC-1	NK	7
TGATTTCTCTCTGTTA-1	T	14
TGATTTCTCTTAGTGG-1	T	14
TGCACCTAGAAGGGCG-1	B	0
TGCACCTAGATGCGAC-1	B	9
TGCACCTAGCATTGGG-1	B	8
TGCACCTAGGTTTCTG-1	Myeloid	15
TGCACCTAGTACGACG-1	B	2
TGCACCTAGTCTTAGC-1	B	11
TGCACCTAGTTTACGC-1	T	4
TGCACCTCAAACGACG-1	B	2
TGCACCTCATGTGAGG-1	B	8
TGCACCTGTAGGTGAC-1	Stromal	12
TGCACCTGTAGTCTGT-1	Myeloid	10
TGCACCTGTCGGCTGT-1	Myeloid	10
TGCACCTGTCTGATTG-1	B	0
TGCACCTGTGCAAGAC-1	NK	7
TGCACCTGTTGAAGCG-1	NK	5
TGCACCTGTTTCGACA-1	Myeloid	10
TGCACCTGTTTGTAGC-1	T	14
TGCACCTTCACTGGTA-1	NK	5
TGCACCTTCATTCGGA-1	NK	5
TGCACCTTCGCAAGCC-1	T	14
TGCACCTTCGCTGATA-1	Myeloid	15
TGCACCTTCGGATAAA-1	Myeloid	6
TGCACCTTCGGTTAGT-1	Myeloid	13
TGCACCTTCGTCGCAG-1	Myeloid	1
TGCACCTTCTCAGATG-1	B	17
TGCACCTTCTGAGTAC-1	T	18
TGCATGAAGAGGCCTA-1	B	9
TGCATGAAGAGGCGGA-1	Myeloid	6
TGCATGAAGCGCGTTC-1	B	19
TGCATGAAGCTTTCCC-1	T	18
TGCATGAAGGATTGCG-1	Myeloid	1
TGCATGAAGGCCAATG-1	NK	3
TGCATGAAGGGAGTTC-1	B	8
TGCATGAAGTGAGTTA-1	B	8
TGCATGAAGTTATGAG-1	B	19
TGCATGAAGTTCGCGC-1	B	8
TGCATGACAAGTCCTA-1	B	11
TGCATGACATCATAGC-1	B	11
TGCATGAGTCAACGGA-1	B	8
TGCATGAGTCATAGCT-1	Myeloid	6
TGCATGAGTGATGCGA-1	NK	3
TGCATGAGTGTTGTTG-1	T	18
TGCATGAGTTAACCGT-1	Myeloid	15
TGCATGAGTTCTACCC-1	Myeloid	13
TGCATGAGTTGAATAG-1	T	18
TGCATGAGTTGGACGA-1	B	16
TGCATGAGTTTCTCTA-1	Myeloid	6
TGCATGATCCAATCCC-1	NK	3
TGCATGATCCCTACCA-1	B	2
TGCATGATCCGGCGAT-1	B	0
TGCATGATCGGTCTCT-1	Myeloid	6
TGCATGATCGTTCCGT-1	Myeloid	1
TGCATGATCTACTTTG-1	T	14
TGCATGATCTCGGCGA-1	NK	7
TGCATGATCTGATCCC-1	Myeloid	10
TGCATTTAGACCCATT-1	NK	7
TGCATTTAGACTCGGA-1	Myeloid	6
TGCATTTAGGAAACTT-1	B	2
TGCATTTAGGGTAATT-1	NK	5
TGCATTTAGTACCACT-1	Stromal	12
TGCATTTAGTCTCTAG-1	T	18
TGCATTTCAAAGGTCG-1	B	8
TGCATTTCAATGCACT-1	B	8
TGCATTTCACGTTGTA-1	NK	5
TGCATTTCAGCGCGTT-1	Stromal	12
TGCATTTCAGTGCTCG-1	B	9
TGCATTTCATGCTATG-1	Myeloid	6
TGCATTTCATGGCCCA-1	T	4
TGCATTTGTAGAGAGA-1	Myeloid	1
TGCATTTGTCAGCTTA-1	Myeloid	13
TGCATTTGTCATAAGA-1	B	19
TGCATTTGTCCATTGA-1	B	8
TGCATTTGTGAGTCGA-1	Myeloid	1
TGCATTTGTGGACAGT-1	T	18
TGCATTTGTGTACGCC-1	B	17
TGCATTTGTGTGAGGT-1	NK	5
TGCATTTGTTCTGATG-1	T	4
TGCATTTGTTTCCTAT-1	T	18
TGCATTTTCAAGAGAT-1	NK	7
TGCATTTTCACAACAC-1	B	8
TGCATTTTCCATACCC-1	B	19
TGCATTTTCGATCGCG-1	B	11
TGCATTTTCGGTAGGA-1	NK	3
TGCATTTTCGGTCGAC-1	B	11
TGCATTTTCTGAGTAC-1	Myeloid	1
TGCCTCAAGGATTTGA-1	NK	5
TGCCTCAAGGCACTAG-1	B	19
TGCCTCAAGTTCTCCC-1	B	8
TGCCTCACAAACTACC-1	NK	3
TGCCTCACAAGCCAGA-1	T	4
TGCCTCACAAGGGTAC-1	B	2
TGCCTCAGTATATGGA-1	NK	7
TGCCTCAGTATGAAGT-1	Myeloid	6
TGCCTCAGTCATAGCT-1	Myeloid	1
TGCCTCAGTTCTTTCA-1	Myeloid	6
TGCCTCAGTTGCCGCA-1	B	2
TGCCTCATCCCTAAAG-1	Myeloid	6
TGCCTCATCGAGGTAG-1	NK	7
TGCCTCATCGTGTGCG-1	B	9
TGCCTGTAGCAATGTA-1	B	8
TGCCTGTAGCAGGAGG-1	B	2
TGCCTGTAGCGTTAGG-1	Myeloid	1
TGCCTGTAGGCAGTGT-1	B	11
TGCCTGTAGTCCAGAG-1	Myeloid	10
TGCCTGTAGTCCGGAA-1	T	14
TGCCTGTAGTCGTACT-1	B	11
TGCCTGTAGTGGACGT-1	B	8
TGCCTGTCAATGTAAG-1	Myeloid	1
TGCCTGTCACCGAATT-1	NK	7
TGCCTGTCACGCGTTG-1	T	18
TGCCTGTGTACGTAGG-1	B	9
TGCCTGTGTACTAGAA-1	Myeloid	6
TGCCTGTGTCATGAGG-1	NK	3
TGCCTGTGTCCGCTTT-1	T	18
TGCCTGTGTGATGTGG-1	T	18
TGCCTGTGTTCCCGGA-1	B	9
TGCCTGTGTTCCTATT-1	Myeloid	1
TGCCTGTGTTTAAGCC-1	T	14
TGCCTGTGTTTCACCC-1	B	8
TGCCTGTTCAATTGGC-1	NK	7
TGCCTGTTCACATTCT-1	Myeloid	10
TGCCTGTTCATTCTCA-1	NK	7
TGCCTGTTCGCGATGC-1	Myeloid	6
TGCCTGTTCGGTGATT-1	T	18
TGCCTGTTCGTTCCGT-1	B	11
TGCCTGTTCGTTTGAG-1	Myeloid	15
TGCCTGTTCTCAGATG-1	B	11
TGCCTGTTCTTCAGAG-1	B	9
TGCCTGTTCTTCTCTC-1	T	14
TGCGTAAAGAAATACC-1	NK	3
TGCGTAAAGACGTCAG-1	NK	7
TGCGTAACAAAGCTGG-1	Myeloid	6
TGCGTAACAATGATGA-1	B	9
TGCGTAACACTTTGGA-1	Myeloid	6
TGCGTAACAGGTGGTA-1	NK	3
TGCGTAACATAAAGTG-1	Myeloid	15
TGCGTAACATCGCCTT-1	Myeloid	6
TGCGTAAGTAACAATG-1	Myeloid	6
TGCGTAAGTAGCCATT-1	Myeloid	10
TGCGTAAGTAGCTGTT-1	B	9
TGCGTAAGTATTGTGC-1	B	9
TGCGTAAGTCATGAGG-1	B	0
TGCGTAAGTCTCTGCT-1	NK	7
TGCGTAAGTGATTCCA-1	B	2
TGCGTAAGTGCGCTCA-1	B	2
TGCGTAAGTTTGCCCT-1	NK	5
TGCGTAATCAGAATGA-1	B	19
TGCGTAATCCAGCACG-1	T	4
TGCGTAATCCGATGCG-1	B	0
TGCGTAATCGAGCGCT-1	T	4
TGCGTAATCTGAAAGA-1	B	8
TGCGTAATCTGTAGAC-1	B	9
TGCTATTAGAGAAGCA-1	B	9
TGCTATTAGCCTCGCA-1	Myeloid	6
TGCTATTAGCTGATTC-1	NK	7
TGCTATTAGGACTTTC-1	B	0
TGCTATTAGTAACATG-1	B	16
TGCTATTAGTATAGTG-1	Myeloid	1
TGCTATTCAAGACTTC-1	T	14
TGCTATTCAATGGCTT-1	NK	7
TGCTATTCAATGGTAA-1	Myeloid	10
TGCTATTCAGTCAGCC-1	Myeloid	6
TGCTATTCATACCCGG-1	Myeloid	6
TGCTATTCATTTGGCA-1	B	8
TGCTATTGTGGTGGTA-1	B	2
TGCTATTGTTGTGAGG-1	B	11
TGCTATTTCAAGGCAG-1	B	0
TGCTATTTCCACACCT-1	T	14
TGCTATTTCGCGCCAA-1	Myeloid	15
TGCTATTTCGGTCGAC-1	B	8
TGCTATTTCGGTTGTA-1	NK	7
TGCTATTTCTGGCGCA-1	Myeloid	1
TGCTATTTCTTAACGG-1	B	16
TGCTCACAGATACCAA-1	B	2
TGCTCACAGATTAGAC-1	Myeloid	1
TGCTCACAGGCTCCTG-1	NK	5
TGCTCACAGGGTTCTT-1	NK	7
TGCTCACAGGTCTTTG-1	B	2
TGCTCACAGTACCTCA-1	Myeloid	6
TGCTCACAGTGAGTTA-1	NK	7
TGCTCACAGTTCGCGC-1	Myeloid	6
TGCTCACCAACAAACA-1	B	9
TGCTCACCAAGAGCGT-1	T	14
TGCTCACCAAGGAGGG-1	B	16
TGCTCACCAGGACCTC-1	B	19
TGCTCACCAGGCATCC-1	Myeloid	6
TGCTCACCATAGACGG-1	Myeloid	15
TGCTCACCATGGTTTG-1	Myeloid	10
TGCTCACGTAGATGAT-1	Myeloid	6
TGCTCACGTAGCGAGT-1	Myeloid	6
TGCTCACGTATCCTTT-1	B	17
TGCTCACGTCCTATTT-1	B	17
TGCTCACGTCTGAGCC-1	T	14
TGCTCACGTGAATGTA-1	Myeloid	1
TGCTCACGTGAGTAAT-1	NK	7
TGCTCACGTTAACCGT-1	NK	7
TGCTCACGTTCCAGTA-1	B	9
TGCTCACTCAGTGGTT-1	T	14
TGCTCACTCCACTAGA-1	Myeloid	6
TGCTCACTCCAGTACA-1	T	18
TGCTCACTCCGTACGG-1	Myeloid	15
TGCTCACTCTCTGTTA-1	NK	7
TGCTCGTAGAAATCTG-1	T	14
TGCTCGTAGAATCAGT-1	B	9
TGCTCGTAGATCTCAC-1	B	17
TGCTCGTAGATGCGAC-1	Myeloid	1
TGCTCGTAGCCTGTAT-1	B	9
TGCTCGTAGGAGAACA-1	Myeloid	6
TGCTCGTAGGTGATGC-1	B	0
TGCTCGTAGGTTACAA-1	B	11
TGCTCGTAGTACCACT-1	NK	7
TGCTCGTAGTAGAAGG-1	NK	7
TGCTCGTAGTATCTGC-1	NK	7
TGCTCGTAGTCACACT-1	B	19
TGCTCGTAGTGCAACG-1	B	2
TGCTCGTAGTTACCAC-1	Myeloid	6
TGCTCGTCAAGAAACT-1	NK	7
TGCTCGTCAATGGCTT-1	B	9
TGCTCGTCAGACTAAA-1	B	16
TGCTCGTCAGATACAA-1	Myeloid	6
TGCTCGTCATCCTGGG-1	B	17
TGCTCGTCATCGCTAA-1	NK	7
TGCTCGTCATTTCTTG-1	B	11
TGCTCGTGTAGCGGTA-1	NK	3
TGCTCGTGTGTACGCC-1	B	2
TGCTCGTTCCATCTAT-1	T	4
TGCTCGTTCGATCTTT-1	B	9
TGCTCGTTCGTGGTAT-1	T	18
TGCTCGTTCTGCGTCT-1	B	2
TGCTTCGAGAGACTCG-1	B	2
TGCTTCGAGATGGGAA-1	T	14
TGCTTCGAGCCTGTAT-1	B	8
TGCTTCGAGCGAGCTA-1	T	4
TGCTTCGAGCTCGTTA-1	B	8
TGCTTCGAGGAGACTC-1	B	2
TGCTTCGAGTCCCGCA-1	B	2
TGCTTCGAGTCTGCTA-1	B	9
TGCTTCGAGTCTGGGA-1	Myeloid	1
TGCTTCGCAAGCAGGT-1	B	2
TGCTTCGCACATGATC-1	T	4
TGCTTCGCACCTCGTT-1	Myeloid	6
TGCTTCGCAGAACTTC-1	Myeloid	1
TGCTTCGCAGTTAAAG-1	B	11
TGCTTCGGTACGGATG-1	NK	7
TGCTTCGGTAGAAGCC-1	NK	7
TGCTTCGGTGAATGGC-1	NK	3
TGCTTCGTCAAAGTAG-1	B	11
TGCTTCGTCAGTCACA-1	B	11
TGCTTCGTCAGTCTTT-1	Myeloid	1
TGCTTCGTCCCAGCAG-1	B	9
TGCTTCGTCCGTTAGA-1	B	2
TGCTTCGTCCTCCATG-1	NK	7
TGCTTCGTCTCGCGGA-1	T	18
TGCTTCGTCTCTATTG-1	Myeloid	1
TGCTTTAAGCTATCCA-1	B	9
TGCTTTAAGGCATGCA-1	Stromal	12
TGCTTTAAGGTCGTTT-1	Myeloid	6
TGCTTTAAGTGTCCCG-1	NK	7
TGCTTTACAACGTCGC-1	B	9
TGCTTTACAAGTTCGT-1	Myeloid	10
TGCTTTACATATACGC-1	B	11
TGCTTTAGTACAACGG-1	Myeloid	6
TGCTTTAGTACGACCC-1	NK	3
TGCTTTAGTCATAAGA-1	NK	3
TGCTTTAGTCCCTAAA-1	Myeloid	6
TGCTTTAGTCTGGTCG-1	B	19
TGCTTTAGTCTGTTGA-1	Stromal	12
TGCTTTAGTGGCCTCA-1	Myeloid	15
TGCTTTAGTTCCCGGA-1	B	8
TGCTTTAGTTGGCTAT-1	B	2
TGCTTTAGTTTGCCCT-1	T	18
TGCTTTATCCAGGCCA-1	Stromal	12
TGCTTTATCCTTTGAT-1	NK	7
TGCTTTATCGGTCCGA-1	B	2
TGCTTTATCGTTGTTT-1	B	19
TGGAAGGAGAACCCGA-1	B	11
TGGAAGGAGACTAATG-1	Myeloid	1
TGGAAGGAGACTAGGC-1	NK	3
TGGAAGGAGGGTCTGA-1	Myeloid	6
TGGAAGGAGTCTGTGT-1	B	8
TGGAAGGAGTGATATG-1	B	0
TGGAAGGCAAAGACGC-1	NK	5
TGGAAGGCAATGTAAG-1	Myeloid	6
TGGAAGGCATCCCAAA-1	Myeloid	1
TGGAAGGGTAGAATAC-1	Myeloid	6
TGGAAGGGTAGTGATA-1	Myeloid	1
TGGAAGGGTGCTGGCT-1	Stromal	12
TGGAAGGGTTATGCAC-1	B	19
TGGAAGGGTTGGCTAT-1	NK	3
TGGAAGGTCATTCGGA-1	T	14
TGGAAGGTCATTCTTG-1	B	2
TGGAAGGTCCGTGCAG-1	Myeloid	1
TGGAAGGTCGAGTGTT-1	Myeloid	1
TGGAAGGTCGCGGCAT-1	T	14
TGGAAGGTCTGCGTCT-1	Myeloid	6
TGGACATAGCAGTAGC-1	Myeloid	15
TGGACATAGGATCCTT-1	B	11
TGGACATAGTACAACA-1	B	19
TGGACATCAAGTCTGT-1	Myeloid	1
TGGACATCAATGTGCT-1	Stromal	12
TGGACATCACAGCTTA-1	B	17
TGGACATCACCGTTGG-1	T	4
TGGACATCACGCTAAT-1	Myeloid	1
TGGACATCACGTGAAG-1	Myeloid	1
TGGACATCAGGGCTTC-1	B	8
TGGACATCAGGTCCTG-1	NK	7
TGGACATGTAAACGTA-1	B	11
TGGACATGTAGGTGAC-1	Stromal	12
TGGACATGTATCTCAG-1	Myeloid	6
TGGACATGTATGTTCG-1	B	8
TGGACATGTCAAGACG-1	Myeloid	1
TGGACATGTGTCTACA-1	B	9
TGGACATGTGTGTGTT-1	Myeloid	1
TGGACATGTTGGCGAA-1	T	14
TGGACATGTTGGGAAC-1	Myeloid	15
TGGACATGTTTGACCA-1	B	9
TGGACATTCACTTACT-1	Myeloid	1
TGGACATTCCAGGGAA-1	T	14
TGGACATTCCATCATT-1	NK	5
TGGACATTCCGCCTAT-1	Myeloid	13
TGGACATTCCTAGAGT-1	B	11
TGGACATTCCTCCTGA-1	Myeloid	6
TGGACATTCGTGGCGT-1	NK	3
TGGACATTCTCTTAAC-1	Myeloid	15
TGGCAATAGAGGCGGA-1	T	18
TGGCAATAGCAGAATT-1	B	8
TGGCAATAGCTATCCA-1	T	14
TGGCAATAGGCCTAAG-1	B	8
TGGCAATAGGTTAACA-1	Myeloid	1
TGGCAATAGGTTACAA-1	B	9
TGGCAATAGTCGACCC-1	Myeloid	1
TGGCAATAGTGATCTC-1	B	11
TGGCAATCAGGTGTGA-1	Myeloid	6
TGGCAATCATGCCCTT-1	T	18
TGGCAATCATGGGACA-1	Myeloid	1
TGGCAATCATTGAACC-1	Myeloid	10
TGGCAATGTATCGCGC-1	B	19
TGGCAATGTCAGACGA-1	B	9
TGGCAATGTCAGCTTA-1	T	14
TGGCAATGTCTAAAGA-1	Myeloid	1
TGGCAATGTCTCTAAG-1	Myeloid	1
TGGCAATGTGCAAGAC-1	B	2
TGGCAATGTGCGCTCA-1	B	2
TGGCAATTCATACTTC-1	Myeloid	1
TGGCAATTCCAGTACA-1	NK	7
TGGCAATTCCCAATGA-1	B	0
TGGCAATTCCGGCGAT-1	Myeloid	6
TGGCAATTCGTCTTAT-1	NK	5
TGGCAATTCGTGAGTT-1	NK	3
TGGCAATTCTCCCTTT-1	B	9
TGGCAATTCTGAACGT-1	T	14
TGGCCTTAGGTACATA-1	Myeloid	6
TGGCCTTCAAACCTAC-1	Myeloid	1
TGGCCTTCAAACGACG-1	Myeloid	6
TGGCCTTCAACGTCGC-1	B	8
TGGCCTTCAAGCGTCC-1	B	0
TGGCCTTCACCTGAAT-1	NK	3
TGGCCTTCAGTTAAAG-1	B	8
TGGCCTTCATCATGTG-1	T	4
TGGCCTTCATGCGTTA-1	Myeloid	1
TGGCCTTCATTTGGCA-1	B	8
TGGCCTTGTAAACGGC-1	T	4
TGGCCTTGTAGAAAGG-1	T	14
TGGCCTTGTAGGTAAT-1	B	8
TGGCCTTGTATCCCTC-1	Myeloid	6
TGGCCTTGTGAATCAA-1	T	18
TGGCCTTGTGAGGTCA-1	Myeloid	6
TGGCCTTGTGGTACTT-1	B	11
TGGCCTTGTGGTGGTA-1	B	9
TGGCCTTGTTATGCAC-1	NK	3
TGGCCTTGTTGCAGAG-1	B	9
TGGCCTTGTTGGCTAT-1	T	18
TGGCCTTGTTTCAGCA-1	B	0
TGGCCTTTCAGGAAGC-1	Myeloid	6
TGGCCTTTCAGTACAC-1	NK	3
TGGCCTTTCCCGAAGC-1	B	16
TGGCCTTTCCCTATTA-1	NK	3
TGGCCTTTCGCGCTGA-1	NK	3
TGGCCTTTCTATATCC-1	T	14
TGGCGCAAGACAGTGC-1	B	0
TGGCGCAAGAGCCTGA-1	B	9
TGGCGCAAGATGGGAA-1	Myeloid	6
TGGCGCAAGCGAGCTA-1	B	9
TGGCGCAAGGCACCTC-1	T	4
TGGCGCAAGGGTATCG-1	Myeloid	1
TGGCGCAAGGTTAACA-1	B	8
TGGCGCAAGTCGAAAT-1	B	9
TGGCGCACAACTGCGC-1	Myeloid	1
TGGCGCACACCTGAAT-1	B	9
TGGCGCACAGATTTGC-1	Myeloid	6
TGGCGCACAGGACCTC-1	Myeloid	6
TGGCGCACAGTCAGAG-1	Myeloid	15
TGGCGCACAGTTGGAG-1	NK	7
TGGCGCACATCACAAC-1	B	11
TGGCGCACATGGTAAA-1	T	4
TGGCGCAGTCCAACCG-1	Myeloid	6
TGGCGCAGTGTGACCC-1	B	9
TGGCGCAGTTAGAGAT-1	B	19
TGGCGCAGTTGGACGA-1	NK	7
TGGCGCAGTTTAGGAA-1	NK	7
TGGCGCATCCGCCTAT-1	T	4
TGGCGCATCCTGAAAC-1	B	2
TGGCGCATCGGTAGGA-1	NK	3
TGGCGCATCGGTCTCT-1	T	14
TGGCGCATCGTTCCGT-1	NK	7
TGGCGCATCTCCCTTT-1	NK	5
TGGCGCATCTCCTTGG-1	NK	7
TGGCGCATCTCTATCA-1	Myeloid	10
TGGCGCATCTTCGTTA-1	NK	3
TGGCGCATCTTCTCTC-1	B	11
TGGGTGCAGAAATACC-1	T	4
TGGGTGCAGCATACCT-1	Myeloid	1
TGGGTGCAGCTGGAGT-1	Myeloid	1
TGGGTGCAGGATATCA-1	B	19
TGGGTGCAGTACAGTA-1	B	9
TGGGTGCAGTTAGCAA-1	B	8
TGGGTGCAGTTGTCCA-1	B	0
TGGGTGCCAAACAGTA-1	Myeloid	1
TGGGTGCCAAAGAAGG-1	B	2
TGGGTGCCAAGTCTGT-1	Myeloid	15
TGGGTGCCAATGGTCT-1	Myeloid	6
TGGGTGCCAATTCGTG-1	T	18
TGGGTGCCACGGTTAT-1	T	4
TGGGTGCCAGTCCTGG-1	Stromal	12
TGGGTGCCATCAACTG-1	Myeloid	1
TGGGTGCCATGCGTTA-1	Myeloid	13
TGGGTGCCATTACTTC-1	T	14
TGGGTGCGTCTGGGAA-1	B	11
TGGGTGCGTGACGCAA-1	B	19
TGGGTGCGTGGAAGCT-1	Myeloid	10
TGGGTGCGTTCTTTGT-1	B	8
TGGGTGCGTTTGCATG-1	Myeloid	6
TGGGTGCTCATCGCCT-1	Myeloid	6
TGGGTGCTCCATCTAT-1	B	9
TGGGTGCTCCCAGCGA-1	B	9
TGGGTGCTCCTATCCG-1	T	14
TGGGTGCTCGCCAGAC-1	T	14
TGGGTGCTCTTACTCA-1	B	11
TGGGTTAAGAGTTCGG-1	Myeloid	1
TGGGTTAAGATGGCAC-1	NK	3
TGGGTTAAGCACGTAG-1	NK	7
TGGGTTAAGGAAACTT-1	B	9
TGGGTTACAAACTACC-1	Myeloid	13
TGGGTTACAAAGGAAG-1	B	11
TGGGTTACAAATGCTC-1	T	4
TGGGTTACAACTAGAA-1	NK	7
TGGGTTACAATGGCTT-1	Myeloid	6
TGGGTTACACGTTAGT-1	Myeloid	6
TGGGTTACAGGTCTGC-1	NK	3
TGGGTTACATGCCCTT-1	NK	3
TGGGTTACATGGTATC-1	B	2
TGGGTTAGTACGCCCA-1	T	14
TGGGTTAGTAGAAGCC-1	B	11
TGGGTTAGTAGGTCTT-1	T	14
TGGGTTAGTATTCGAC-1	T	4
TGGGTTAGTCGTAGTT-1	B	11
TGGGTTAGTGCTAGTT-1	B	8
TGGGTTAGTTAAGGGC-1	B	9
TGGGTTATCCAGGCCA-1	B	19
TGGGTTATCTCGCGGA-1	T	14
TGGGTTATCTCTCAAT-1	B	2
TGGGTTATCTGGAAGG-1	NK	7
TGGGTTATCTTCCGTG-1	Myeloid	6
TGGTCAAAGCGCAATG-1	NK	7
TGGTCAAAGGGTGTTG-1	T	4
TGGTCAAAGTGAGCTG-1	Myeloid	13
TGGTCAACAAGAAACT-1	T	4
TGGTCAACAATCATCG-1	Myeloid	1
TGGTCAACAATGCCAT-1	T	18
TGGTCAACACACATTG-1	NK	7
TGGTCAACAGCAATGG-1	B	17
TGGTCAACAGGACTGA-1	B	17
TGGTCAACAGGTAACG-1	Myeloid	15
TGGTCAACATCATGTG-1	B	2
TGGTCAACATCCCGGA-1	B	17
TGGTCAACATCGACCG-1	B	11
TGGTCAACATCGTACA-1	Myeloid	1
TGGTCAAGTACGCAAG-1	Myeloid	10
TGGTCAAGTCAACTGT-1	T	14
TGGTCAAGTCAGTGTT-1	Stromal	12
TGGTCAAGTCCCGTGA-1	B	8
TGGTCAAGTCCGTGCA-1	Myeloid	6
TGGTCAAGTGAATACA-1	B	8
TGGTCAAGTTGTCGGC-1	Myeloid	10
TGGTCAAGTTTCTTAC-1	Myeloid	10
TGGTCAAGTTTGTCTT-1	Myeloid	6
TGGTCAAGTTTGTGAC-1	Myeloid	10
TGGTCAATCACATTCT-1	Myeloid	1
TGGTCAATCAGGAAGC-1	NK	7
TGGTCAATCCGAGGAA-1	B	2
TGGTCAATCGAGCGCT-1	Myeloid	1
TGGTCAATCGCTCGGA-1	Stromal	12
TGGTCAATCTACCCGT-1	NK	3
TGGTCAATCTATTTCG-1	B	11
TGGTCAATCTCCTTAA-1	B	9
TGGTCAATCTTCCACG-1	Myeloid	10
TGGTCAATCTTGTACT-1	NK	5
TGGTCAATCTTTATCG-1	Myeloid	1
TGGTCCTAGAAGGGCG-1	Myeloid	10
TGGTCCTAGAGGCCTA-1	B	2
TGGTCCTAGCGTTAGG-1	B	11
TGGTCCTAGGGAAATG-1	Myeloid	1
TGGTCCTAGGGATCCA-1	B	2
TGGTCCTAGGGTTCCC-1	T	14
TGGTCCTAGTAACACA-1	Myeloid	6
TGGTCCTCAATCATCG-1	NK	5
TGGTCCTCAATGTAAG-1	B	2
TGGTCCTCACGATTAC-1	B	11
TGGTCCTCACGCTCAG-1	B	19
TGGTCCTCAGCGTGAA-1	B	9
TGGTCCTCATTTAGGC-1	Myeloid	6
TGGTCCTGTACGGTTT-1	NK	3
TGGTCCTGTGTACGCC-1	T	4
TGGTCCTGTTAGGAAT-1	T	4
TGGTCCTTCATGTTCT-1	T	4
TGGTCCTTCCATACGA-1	B	17
TGGTCCTTCCATCATT-1	B	9
TGGTCCTTCCCGGGTA-1	B	8
TGGTCCTTCCTGGAAT-1	Myeloid	10
TGGTCCTTCGCAAACT-1	Myeloid	15
TGGTCCTTCTCGACCT-1	Myeloid	6
TGTAAGCAGACTAGGC-1	Myeloid	6
TGTAAGCAGGATGCCA-1	B	2
TGTAAGCAGGCCAGTA-1	Myeloid	15
TGTAAGCAGTACGACG-1	NK	3
TGTAAGCAGTAGAAGG-1	NK	3
TGTAAGCAGTCATACC-1	Myeloid	1
TGTAAGCAGTGGGACT-1	NK	7
TGTAAGCAGTTCGTTG-1	B	19
TGTAAGCCACAAACAA-1	NK	3
TGTAAGCCACCGAATT-1	NK	7
TGTAAGCCAGGCATTT-1	B	11
TGTAAGCCATCATAGC-1	T	14
TGTAAGCGTACAAATG-1	B	2
TGTAAGCGTATACGCT-1	B	2
TGTAAGCGTATGCTAC-1	B	17
TGTAAGCGTATTGTGC-1	B	9
TGTAAGCGTCACTCTC-1	T	4
TGTAAGCGTCATGAGG-1	Myeloid	6
TGTAAGCTCAGGCCGT-1	T	14
TGTAAGCTCCATGACA-1	T	4
TGTAAGCTCCTTTGAT-1	B	11
TGTAAGCTCGACGGAA-1	B	11
TGTAAGCTCGATCGCG-1	B	0
TGTAAGCTCGCTATTT-1	B	9
TGTAAGCTCGGCAATT-1	NK	3
TGTAAGCTCTTACGGA-1	T	14
TGTACAGAGACCGCAA-1	NK	3
TGTACAGAGATGCGCA-1	Myeloid	10
TGTACAGAGGGTCCCT-1	B	2
TGTACAGAGGTACACG-1	B	17
TGTACAGAGTTAGCAA-1	Stromal	12
TGTACAGAGTTCGCGC-1	T	4
TGTACAGCAAAGGTCG-1	T	14
TGTACAGCAAGGACCA-1	NK	5
TGTACAGCAATCCATG-1	T	18
TGTACAGCACCGATCG-1	Myeloid	6
TGTACAGCACGTTGTA-1	Stromal	12
TGTACAGCATACAACC-1	B	8
TGTACAGGTACGTAGG-1	B	9
TGTACAGGTCACAGTT-1	NK	7
TGTACAGGTCTCGGGT-1	Myeloid	6
TGTACAGGTCTTAGCA-1	Stromal	12
TGTACAGGTGGCGCTT-1	B	11
TGTACAGTCACTAGCA-1	T	4
TGTACAGTCACTAGGT-1	B	19
TGTACAGTCGTTCAGA-1	B	19
TGTACGAAGAGAAGCA-1	NK	7
TGTACGAAGAGTGGAA-1	NK	3
TGTACGAAGCAGAGCT-1	B	2
TGTACGAAGTGTCACT-1	NK	7
TGTACGAAGTTGAATG-1	Myeloid	6
TGTACGACAACTCGTA-1	Myeloid	1
TGTACGACACAGATGG-1	NK	3
TGTACGACACAGTTAC-1	B	11
TGTACGACACGTTACA-1	B	19
TGTACGACAGGACTGA-1	T	14
TGTACGACAGTAGGCA-1	Myeloid	6
TGTACGACATCCTCGT-1	B	2
TGTACGACATCGGCCA-1	Myeloid	1
TGTACGAGTACTTGAC-1	B	11
TGTACGAGTATTCGAC-1	B	19
TGTACGAGTCAATACC-1	Myeloid	10
TGTACGAGTGGTAGAC-1	NK	7
TGTACGAGTGTTAGAA-1	T	4
TGTACGAGTTCTTAGG-1	B	16
TGTACGATCAGGTTTG-1	Myeloid	6
TGTACGATCAGTCACA-1	B	9
TGTACGATCATACTTC-1	T	18
TGTACGATCCAATAGC-1	Myeloid	1
TGTACGATCTCTTCCT-1	T	14
TGTACGATCTGTTGCC-1	Myeloid	10
TGTAGCAAGACCAATA-1	NK	7
TGTAGCAAGGTTACAA-1	B	2
TGTAGCAAGTAACTCC-1	B	9
TGTAGCAAGTACGCGA-1	Myeloid	1
TGTAGCAAGTAGTCGG-1	B	2
TGTAGCAAGTATGCTC-1	Myeloid	1
TGTAGCAAGTTGCCGC-1	B	2
TGTAGCACACCGTCTT-1	B	9
TGTAGCACACTGATTG-1	B	11
TGTAGCACAGTAGGCA-1	Myeloid	1
TGTAGCACAGTAGTCT-1	B	8
TGTAGCACATCTCACC-1	Myeloid	10
TGTAGCACATGGTAAA-1	NK	3
TGTAGCACATTGTGAC-1	B	11
TGTAGCAGTACGTAGG-1	Myeloid	15
TGTAGCAGTAGGGTTG-1	Myeloid	13
TGTAGCAGTAGTACAA-1	Myeloid	6
TGTAGCAGTGCTTCCT-1	B	8
TGTAGCAGTTTAAGGA-1	Myeloid	6
TGTAGCAGTTTGGATC-1	Myeloid	1
TGTAGCATCAAAGTAG-1	B	19
TGTAGCATCACGATTG-1	B	19
TGTAGCATCACTACCC-1	NK	7
TGTAGCATCCCAATAG-1	NK	3
TGTAGCATCCGAGAGA-1	NK	5
TGTAGCATCGGGACAA-1	NK	7
TGTAGCATCGGTCTAA-1	B	11
TGTGACAAGACCCTAT-1	Myeloid	15
TGTGACAAGGTGATGC-1	Myeloid	10
TGTGACAAGTACGCGA-1	B	2
TGTGACAAGTAGTCGG-1	B	11
TGTGACAAGTCTCTAG-1	NK	7
TGTGACACACTGTCGG-1	B	2
TGTGACACAGGTCCTG-1	Myeloid	6
TGTGACACATCCGTGG-1	B	9
TGTGACACATTACTCT-1	Myeloid	6
TGTGACAGTATTCTCT-1	Myeloid	15
TGTGACAGTTAGGCTT-1	Myeloid	15
TGTGACATCAATCGTG-1	B	16
TGTGACATCATTCGGA-1	Myeloid	6
TGTGACATCCATAGGT-1	Myeloid	1
TGTGACATCCCAGCAG-1	Myeloid	1
TGTGACATCGGGTCCA-1	Myeloid	15
TGTGACATCGTGGCGT-1	Myeloid	6
TGTGACATCTCTGAGA-1	Myeloid	1
TGTGACATCTGTGTCC-1	T	4
TGTGACATCTTCAGAG-1	T	14
TGTGGCGAGACTTCCA-1	B	17
TGTGGCGAGGATCCTT-1	T	14
TGTGGCGAGGGACGTT-1	Myeloid	1
TGTGGCGAGTATGCTC-1	Myeloid	6
TGTGGCGAGTGCAACG-1	Myeloid	10
TGTGGCGCACAGAAGC-1	B	8
TGTGGCGCACCTGGTG-1	Myeloid	1
TGTGGCGCACTTACAG-1	NK	5
TGTGGCGCAGTAGTTC-1	Myeloid	6
TGTGGCGCAGTTCGGC-1	T	4
TGTGGCGCATTGATGC-1	B	9
TGTGGCGGTAAGCCTT-1	Myeloid	6
TGTGGCGGTCCTATTT-1	Myeloid	10
TGTGGCGGTCGTAGTT-1	Myeloid	1
TGTGGCGGTGAATCAA-1	T	4
TGTGGCGGTTCCGGCA-1	Myeloid	10
TGTGGCGGTTGTATCG-1	NK	3
TGTGGCGTCAAACCCA-1	NK	3
TGTGGCGTCATGTTCT-1	NK	7
TGTGGCGTCATTCTTG-1	B	11
TGTGGCGTCCCGTATC-1	NK	3
TGTGGCGTCGATGTGT-1	NK	7
TGTGGCGTCGGAGTTT-1	Stromal	12
TGTGGCGTCGGGAATG-1	T	4
TGTGGCGTCGGGCTCA-1	T	14
TGTGGCGTCTGAAAGA-1	NK	7
TGTGGCGTCTGGCCAG-1	NK	7
TGTGGCGTCTTCTCTC-1	NK	3
TGTGTCCAGAAGACTT-1	B	8
TGTGTCCAGACAACGC-1	T	4
TGTGTCCAGACACAAT-1	T	4
TGTGTCCAGACCCTAT-1	NK	3
TGTGTCCAGGTGTTGG-1	B	9
TGTGTCCAGTAGAAGG-1	Myeloid	1
TGTGTCCAGTGTTCCA-1	Myeloid	10
TGTGTCCCAACTCCCT-1	B	9
TGTGTCCCAATTGGCT-1	Myeloid	13
TGTGTCCCACCTGTGG-1	Myeloid	1
TGTGTCCCACTGATTG-1	B	8
TGTGTCCCACTGTAAC-1	B	9
TGTGTCCCAGCAACAG-1	Myeloid	15
TGTGTCCCATGGATGG-1	Myeloid	6
TGTGTCCGTAACGGAC-1	B	2
TGTGTCCGTAACTGAA-1	B	11
TGTGTCCGTACGGAGT-1	Myeloid	15
TGTGTCCGTATGGTTC-1	B	11
TGTGTCCGTCCACCAG-1	B	11
TGTGTCCGTCTTAGCA-1	Myeloid	15
TGTGTCCGTGCCCGAT-1	Myeloid	6
TGTGTCCGTGGACTGA-1	T	14
TGTGTCCGTTCAGTTG-1	NK	3
TGTGTCCGTTGTGACT-1	B	9
TGTGTCCTCAGCACGC-1	Myeloid	1
TGTGTCCTCCACGAGC-1	T	14
TGTGTCCTCCATAACG-1	B	11
TGTGTCCTCCCGAAGC-1	Myeloid	6
TGTGTCCTCCGGCTGA-1	NK	3
TGTGTCCTCCGTGCAG-1	NK	3
TGTGTCCTCCTATCCG-1	Myeloid	6
TGTGTCCTCCTGAAAC-1	B	11
TGTGTCCTCGCGTGAC-1	B	16
TGTGTCCTCGGATAGG-1	T	18
TGTGTCCTCGGGTCCA-1	B	9
TGTGTCCTCTCAGATG-1	B	8
TGTGTCCTCTGGCACG-1	NK	3
TGTGTCCTCTTCGTTA-1	B	17
TGTTAGGAGAAAGGGT-1	NK	3
TGTTAGGAGAATCAGT-1	T	14
TGTTAGGAGAGTAAGG-1	Myeloid	10
TGTTAGGAGCAGAAAG-1	Myeloid	6
TGTTAGGAGCATTGGG-1	Myeloid	10
TGTTAGGAGGTCTTGT-1	B	19
TGTTAGGAGGTTGACG-1	T	14
TGTTAGGAGTAACACA-1	Myeloid	6
TGTTAGGAGTAGTTCC-1	NK	7
TGTTAGGAGTCTGTGT-1	Myeloid	6
TGTTAGGAGTTGAATG-1	NK	7
TGTTAGGCAATGATGA-1	Myeloid	13
TGTTAGGCACCCATCT-1	Myeloid	6
TGTTAGGCAGGAGCAT-1	T	4
TGTTAGGCATGGGAAC-1	Myeloid	6
TGTTAGGGTATGAAGT-1	Myeloid	13
TGTTAGGGTGCACATT-1	B	9
TGTTAGGGTTGCTTGA-1	Myeloid	6
TGTTAGGGTTGTCGGC-1	B	8
TGTTAGGGTTTGTCTT-1	B	11
TGTTAGGTCAATCGTG-1	Myeloid	6
TGTTAGGTCAGGATCT-1	Myeloid	1
TGTTAGGTCAGTCAAC-1	B	17
TGTTAGGTCCCAATAG-1	T	14
TGTTAGGTCCCACGGA-1	NK	3
TGTTAGGTCCGTCAAA-1	B	17
TGTTAGGTCGAGCGCT-1	Myeloid	1
TGTTAGGTCGCCACTT-1	B	8
TGTTAGGTCGGTTCCT-1	Myeloid	15
TGTTAGGTCTAAACGC-1	B	2
TTAACGGAGATTGACA-1	B	17
TTAACGGAGTTCTCCC-1	NK	7
TTAACGGCAAGTCTGT-1	B	16
TTAACGGCACTGATAC-1	Stromal	12
TTAACGGCAGCTTACA-1	B	11
TTAACGGCATACCCGG-1	B	9
TTAACGGCATTATGGC-1	B	9
TTAACGGGTAAGCCGA-1	T	4
TTAACGGGTAGATTAG-1	B	9
TTAACGGGTCACATTG-1	B	11
TTAACGGGTGTCTCGG-1	T	14
TTAACGGGTTCACGTA-1	Myeloid	10
TTAACGGGTTTAGACC-1	NK	7
TTAACGGGTTTCCTAT-1	NK	5
TTAACGGTCAACACGT-1	B	2
TTAACGGTCACCGCGA-1	B	0
TTAACGGTCATGCTTT-1	Myeloid	1
TTAACGGTCCTCCTGA-1	Myeloid	1
TTAACGGTCCTTTGAT-1	T	14
TTAACGGTCGAGGTAG-1	Myeloid	1
TTAACGGTCGGGTCCA-1	B	16
TTAACGGTCGGTGATT-1	Myeloid	10
TTAACGGTCTACATCT-1	Myeloid	1
TTAACGGTCTTGGCCT-1	Myeloid	15
TTACCCGAGCCTCGCA-1	B	0
TTACCCGAGCGTGTTT-1	Myeloid	6
TTACCCGAGCTTTCCC-1	T	18
TTACCCGAGGCAGTGT-1	Myeloid	6
TTACCCGAGGGTGTTG-1	B	9
TTACCCGAGTAACACA-1	B	9
TTACCCGAGTCTTAGC-1	B	11
TTACCCGCAAGTCTCA-1	Myeloid	6
TTACCCGCAATTGCCA-1	Myeloid	10
TTACCCGCACCTGTGG-1	B	11
TTACCCGCACTACACA-1	B	11
TTACCCGCACTAGGAG-1	Myeloid	1
TTACCCGCACTCCCAT-1	Myeloid	1
TTACCCGCATAGCCAT-1	NK	7
TTACCCGCATCATGTG-1	Myeloid	10
TTACCCGCATGGAGGT-1	Myeloid	10
TTACCCGCATTAGCCA-1	B	8
TTACCCGGTATGGATA-1	B	9
TTACCCGGTCTGAGCC-1	B	8
TTACCCGGTTCAGAAA-1	Myeloid	13
TTACCCGGTTGCCTGG-1	Stromal	12
TTACCCGGTTTAGAAG-1	B	11
TTACCCGGTTTCTACT-1	T	18
TTACCCGTCAGTGTAC-1	B	16
TTACCCGTCATGTTCT-1	Myeloid	1
TTACCCGTCCACTAGA-1	NK	3
TTACCCGTCCCAGTAA-1	B	9
TTACCCGTCCCTACCA-1	Myeloid	6
TTACCCGTCGGATAGG-1	T	14
TTACCGCAGCAGAAAG-1	Myeloid	10
TTACCGCAGCATTCCA-1	Myeloid	15
TTACCGCAGGAACCGT-1	T	18
TTACCGCAGGGTCTGA-1	Stromal	12
TTACCGCCAAGCACTT-1	NK	7
TTACCGCCACTACACA-1	Myeloid	1
TTACCGCCAGCGTGAA-1	B	2
TTACCGCCATCGCTAA-1	Myeloid	10
TTACCGCCATCGTACA-1	NK	7
TTACCGCCATGGCCCA-1	B	2
TTACCGCGTAACACTC-1	B	11
TTACCGCGTGAATCAA-1	Myeloid	15
TTACCGCGTGTTGGTT-1	Myeloid	1
TTACCGCTCCATCGAA-1	NK	3
TTACCGCTCCTGACCT-1	NK	3
TTACCGCTCGACTGGC-1	Myeloid	1
TTACCGCTCGTTCAGA-1	T	18
TTACCGCTCTCCACTG-1	Myeloid	6
TTACCGCTCTCTGCGT-1	Myeloid	6
TTACGGAAGAGCAGCT-1	B	19
TTACGGAAGATCCGAG-1	B	2
TTACGGAAGGTAAGTT-1	B	17
TTACGGAAGTCAGCCC-1	NK	7
TTACGGACAATCACTG-1	Myeloid	6
TTACGGACACTCCACT-1	T	14
TTACGGACACTTTGGA-1	B	19
TTACGGACAGGTAGGT-1	NK	3
TTACGGACAGTATACC-1	B	8
TTACGGACATCACAAC-1	Myeloid	6
TTACGGACATCCCAAA-1	B	17
TTACGGACATCGGCTG-1	Myeloid	6
TTACGGAGTAAGTCTC-1	B	11
TTACGGAGTAAGTGCG-1	Myeloid	10
TTACGGAGTATGGGTG-1	NK	5
TTACGGAGTCAATACC-1	NK	7
TTACGGAGTCAGTGTT-1	NK	3
TTACGGAGTCATAGAA-1	T	14
TTACGGAGTCCCTAAA-1	NK	7
TTACGGAGTCTGTGTA-1	B	8
TTACGGAGTGAAACAT-1	Myeloid	6
TTACGGAGTGTGAGGT-1	Myeloid	15
TTACGGAGTTACCACA-1	Myeloid	6
TTACGGAGTTCATTTC-1	NK	5
TTACGGAGTTGTGACT-1	T	14
TTACGGAGTTTGTCTT-1	B	8
TTACGGATCACACGTA-1	B	17
TTACGGATCAGGCCGT-1	B	9
TTACGGATCCTAGAGT-1	NK	7
TTACGGATCGAGAAGC-1	Myeloid	10
TTACGGATCGGTAGGA-1	B	19
TTACGGATCTGGGCGT-1	B	9
TTACGTTAGAACGTCG-1	T	14
TTACGTTAGAGCGAAA-1	NK	7
TTACGTTAGGAAGACA-1	NK	7
TTACGTTAGTAGTTCC-1	B	19
TTACGTTAGTGATCTC-1	Myeloid	13
TTACGTTAGTGTCGGA-1	NK	7
TTACGTTCAAAGGCCA-1	B	9
TTACGTTCAAGAAACT-1	Myeloid	10
TTACGTTCAAGTAACA-1	B	9
TTACGTTCACGGTTAT-1	Myeloid	13
TTACGTTCACTCCACT-1	Stromal	12
TTACGTTCAGAGCCAA-1	T	14
TTACGTTCATGCTATG-1	B	2
TTACGTTCATGGTTTG-1	Myeloid	1
TTACGTTGTACGCAAG-1	B	0
TTACGTTGTAGTTTGC-1	B	8
TTACGTTGTCCGTAGC-1	T	18
TTACGTTGTCGCTACG-1	NK	3
TTACGTTGTCTCTAAG-1	Myeloid	15
TTACGTTGTGAAACAT-1	Myeloid	6
TTACGTTGTGAGCTAG-1	T	4
TTACGTTGTGCCCAGT-1	B	9
TTACGTTGTGGCGCTT-1	NK	3
TTACGTTGTTTCCGGG-1	Stromal	12
TTACGTTTCAACGTGT-1	NK	7
TTACGTTTCAATTCCT-1	B	8
TTACGTTTCACTACCC-1	Myeloid	1
TTACGTTTCCAAGTCA-1	T	4
TTACGTTTCCATAACG-1	B	2
TTACGTTTCTCTATTG-1	Myeloid	6
TTACGTTTCTGGAAGG-1	T	14
TTACTCAAGACGACTG-1	B	8
TTACTCAAGAGATTAC-1	B	2
TTACTCAAGATCGAGC-1	B	9
TTACTCAAGATGTTGA-1	Myeloid	6
TTACTCAAGGAGGCGA-1	Myeloid	13
TTACTCAAGTACCCAT-1	B	8
TTACTCAAGTCAGGAC-1	Myeloid	1
TTACTCACAAGCCAGA-1	B	8
TTACTCACACAAACAA-1	Myeloid	10
TTACTCACACAGTTAC-1	B	11
TTACTCACACCCATCT-1	B	11
TTACTCACACGGTTAT-1	Myeloid	15
TTACTCAGTATGCTAC-1	Myeloid	6
TTACTCAGTCGAGGTA-1	T	18
TTACTCAGTCTGCGCA-1	B	11
TTACTCAGTGCTTTGA-1	T	18
TTACTCAGTGGAAAGA-1	B	9
TTACTCAGTGGTTCTA-1	Myeloid	1
TTACTCAGTTCCGCGA-1	Stromal	12
TTACTCATCAAATGGA-1	B	2
TTACTCATCAACGTGT-1	Stromal	12
TTACTCATCCAGCACG-1	NK	3
TTACTCATCCAGTTAG-1	B	19
TTACTCATCGATCGCG-1	Myeloid	1
TTACTCATCGTTCCGT-1	Myeloid	15
TTACTCATCTAGCAGT-1	B	2
TTACTCATCTGACATG-1	B	19
TTACTTGAGAAAGCAG-1	B	2
TTACTTGAGCTATCGT-1	B	17
TTACTTGAGGCAAGGG-1	B	16
TTACTTGAGGTGATGC-1	B	11
TTACTTGAGTCTTAGC-1	T	18
TTACTTGAGTGAACCG-1	Myeloid	1
TTACTTGAGTGCCCTG-1	Myeloid	10
TTACTTGAGTTGTCCA-1	B	11
TTACTTGCAACGACAG-1	T	4
TTACTTGCAAGGCGTA-1	T	18
TTACTTGCATTCACCC-1	NK	7
TTACTTGGTAAGGTCG-1	NK	3
TTACTTGGTAGGTGAC-1	NK	7
TTACTTGGTATCTCAG-1	B	11
TTACTTGGTATTCGAC-1	Myeloid	1
TTACTTGGTCGCTACG-1	T	4
TTACTTGGTCTCTAAG-1	NK	3
TTACTTGGTGTGTGTT-1	B	8
TTACTTGGTTTGTGAC-1	Myeloid	1
TTACTTGTCACCCGGA-1	B	9
TTACTTGTCAGTACAC-1	B	11
TTACTTGTCCAATAGC-1	Myeloid	6
TTACTTGTCCTCCCAA-1	T	4
TTACTTGTCTCGTGAA-1	NK	3
TTACTTGTCTGATCTT-1	NK	3
TTAGCGAAGCACACCC-1	B	2
TTAGCGAAGCGTCAAG-1	Myeloid	6
TTAGCGAAGGAGGCGA-1	Stromal	12
TTAGCGAAGGCGTCCT-1	T	18
TTAGCGAAGGTTAGTA-1	B	11
TTAGCGAAGTCCAGAG-1	Myeloid	10
TTAGCGAAGTGAAGGA-1	B	19
TTAGCGAAGTGGTGTG-1	Myeloid	10
TTAGCGAAGTTTGGAA-1	NK	7
TTAGCGACAAACTACC-1	Myeloid	6
TTAGCGACAACTCGTA-1	Myeloid	6
TTAGCGACACAGCTTA-1	Stromal	12
TTAGCGACAGACCTGC-1	B	9
TTAGCGACAGCTGATT-1	Myeloid	1
TTAGCGACATAGCCAT-1	B	2
TTAGCGACATGGTATC-1	B	2
TTAGCGAGTAAACGGC-1	Myeloid	10
TTAGCGAGTAGGGTCA-1	B	0
TTAGCGAGTCACCCGA-1	NK	5
TTAGCGAGTCTGCACG-1	B	11
TTAGCGAGTGGACGAT-1	Myeloid	1
TTAGCGAGTGGAGTGT-1	Myeloid	6
TTAGCGAGTGTTGGTT-1	T	18
TTAGCGAGTTATGCAC-1	Myeloid	10
TTAGCGAGTTCAGAAA-1	B	2
TTAGCGATCAGCCGGT-1	B	9
TTAGCGATCCACACCT-1	B	2
TTAGCGATCCTAGAGT-1	Myeloid	6
TTAGCGATCTCTCAAT-1	Myeloid	1
TTAGCGATCTTGCGCT-1	Myeloid	10
TTAGCTTAGAAGAGTG-1	NK	3
TTAGCTTAGAGCGGTT-1	NK	7
TTAGCTTAGAGGCGGA-1	NK	5
TTAGCTTAGCCATCAT-1	T	18
TTAGCTTAGGCTTCGC-1	Myeloid	10
TTAGCTTAGGGTCTGA-1	B	2
TTAGCTTAGGTCGGTA-1	T	14
TTAGCTTCAAACAGTA-1	Myeloid	6
TTAGCTTCAATAGCGG-1	Myeloid	15
TTAGCTTCACACATGT-1	B	17
TTAGCTTCACGTGAAG-1	T	14
TTAGCTTCAGCGTCGT-1	Myeloid	1
TTAGCTTCAGGCAGAT-1	NK	3
TTAGCTTCAGTAGGCA-1	Myeloid	1
TTAGCTTCAGTTAAAG-1	NK	5
TTAGCTTGTACGAGAC-1	B	0
TTAGCTTGTACTTCGA-1	NK	7
TTAGCTTGTAGATGAT-1	B	2
TTAGCTTGTATTGTGC-1	Myeloid	13
TTAGCTTGTCAGAAGC-1	NK	7
TTAGCTTGTCCAAGAG-1	NK	5
TTAGCTTGTCTAACCA-1	Myeloid	10
TTAGCTTGTGCGCTCA-1	B	11
TTAGCTTGTGGACCAA-1	Stromal	12
TTAGCTTGTGTTGGTT-1	Myeloid	1
TTAGCTTGTTACGAAA-1	NK	3
TTAGCTTGTTCAGTAC-1	NK	5
TTAGCTTGTTGAAGCG-1	B	9
TTAGCTTTCATTCTTG-1	T	14
TTAGCTTTCCAAGTCA-1	Myeloid	6
TTAGCTTTCCTAAGTG-1	T	18
TTAGCTTTCCTGACCT-1	Myeloid	10
TTAGCTTTCGACTATG-1	B	9
TTAGCTTTCGATGCAT-1	Myeloid	1
TTAGCTTTCGCGTTCT-1	T	14
TTAGCTTTCGGTTCCT-1	B	8
TTAGGTGAGAGATTAC-1	NK	7
TTAGGTGAGATACCAA-1	NK	3
TTAGGTGAGATCCGAG-1	T	18
TTAGGTGAGCGTGTTT-1	B	9
TTAGGTGAGGCAAGGG-1	T	18
TTAGGTGAGGCTCAGA-1	B	19
TTAGGTGAGGTCACTT-1	Myeloid	6
TTAGGTGAGTTACCAC-1	NK	3
TTAGGTGCAATACTGC-1	Stromal	12
TTAGGTGCACAGGAAC-1	Myeloid	15
TTAGGTGCAGGCAGAT-1	Myeloid	13
TTAGGTGCAGGGAGTT-1	NK	3
TTAGGTGCATCCCTTG-1	NK	5
TTAGGTGCATGCGTTA-1	Myeloid	10
TTAGGTGCATTCTCGC-1	Myeloid	15
TTAGGTGGTACAAATG-1	Stromal	12
TTAGGTGGTCAATACC-1	Stromal	12
TTAGGTGGTCATAAGA-1	Myeloid	13
TTAGGTGGTCATAGCT-1	Myeloid	13
TTAGGTGGTCTGTCCT-1	Myeloid	6
TTAGGTGGTGAATACA-1	T	4
TTAGGTGGTGCTGAAG-1	Myeloid	6
TTAGGTGGTTTAGACC-1	Myeloid	1
TTAGGTGGTTTCTTAC-1	B	11
TTAGGTGTCAAGGCCC-1	B	9
TTAGGTGTCCAGGTCG-1	B	2
TTAGGTGTCGGTCCGA-1	B	2
TTAGGTGTCTCAGATG-1	T	18
TTATGTCAGAACGCCA-1	NK	3
TTATGTCAGACTTGAA-1	B	16
TTATGTCAGAGCTCCC-1	Myeloid	6
TTATGTCAGCTTACCA-1	T	4
TTATGTCAGGATTGCG-1	T	14
TTATGTCAGGCCAGTA-1	B	16
TTATGTCAGGTGATGC-1	Myeloid	1
TTATGTCAGGTTGACG-1	B	9
TTATGTCAGTCGCCTG-1	Myeloid	10
TTATGTCAGTCTGGGA-1	Myeloid	13
TTATGTCAGTTTGGAA-1	B	2
TTATGTCCAATTCTCT-1	T	18
TTATGTCCACACTAGT-1	B	11
TTATGTCCAGTAGTCT-1	T	18
TTATGTCCATTTGGTG-1	T	18
TTATGTCGTAACCCAT-1	Myeloid	6
TTATGTCGTTGCAGCC-1	Myeloid	1
TTATGTCGTTTGCGAT-1	Myeloid	15
TTATGTCTCACTCCCA-1	NK	3
TTATGTCTCAGGAAGC-1	Myeloid	10
TTATGTCTCAGTGGTT-1	NK	3
TTATGTCTCATTCTCA-1	B	19
TTATGTCTCGATATGC-1	B	8
TTATGTCTCTTACCTA-1	B	19
TTCAACTAGAACGACC-1	NK	7
TTCAACTAGACGACTG-1	B	9
TTCAACTCAACGACAG-1	B	2
TTCAACTCAAGTAATG-1	T	4
TTCAACTCACAGCCAC-1	Myeloid	1
TTCAACTCACAGTTCA-1	Myeloid	1
TTCAACTCACGTTACA-1	NK	3
TTCAACTCAGACTAAA-1	T	14
TTCAACTCATCGCTAA-1	Myeloid	10
TTCAACTGTAACGGAC-1	Myeloid	6
TTCAACTGTACGGAGT-1	B	11
TTCAACTGTAGTCTGT-1	Myeloid	6
TTCAACTGTAGTTTGC-1	Myeloid	6
TTCAACTGTATCACAC-1	B	2
TTCAACTGTATGTTCG-1	NK	7
TTCAACTGTCACAGTT-1	B	8
TTCAACTGTCTCTAAG-1	T	14
TTCAACTGTCTCTGGG-1	T	4
TTCAACTGTGAATACA-1	NK	3
TTCAACTGTGCATTCA-1	Myeloid	6
TTCAACTGTGCGCTCA-1	NK	3
TTCAACTGTTAACCGT-1	B	8
TTCAACTGTTCCTATT-1	B	9
TTCAACTGTTCTCGAA-1	Stromal	12
TTCAACTGTTTCGTTT-1	Myeloid	1
TTCAACTGTTTGAAGA-1	T	4
TTCAACTTCAACGTGT-1	B	8
TTCAACTTCGAGGCTC-1	Myeloid	6
TTCAACTTCTAGCTGA-1	Myeloid	1
TTCAACTTCTATCCTA-1	B	16
TTCATCAAGACTCTTG-1	Myeloid	1
TTCATCAAGAGTCCGA-1	NK	3
TTCATCAAGCCATCAT-1	Myeloid	1
TTCATCAAGCGGACTA-1	NK	5
TTCATCAAGGTTCGTT-1	NK	3
TTCATCAAGTTCCAGT-1	Myeloid	1
TTCATCAAGTTCCCGG-1	B	19
TTCATCACACGAACGA-1	B	9
TTCATCACACTCGCAG-1	B	11
TTCATCACAGTAACCT-1	T	18
TTCATCACAGTTAAAG-1	T	18
TTCATCACATCAGCTA-1	B	2
TTCATCACATTTCTTG-1	T	18
TTCATCAGTAAGTGCG-1	T	18
TTCATCAGTACCCACG-1	B	11
TTCATCAGTCCCGAGT-1	B	17
TTCATCAGTGAATGTA-1	B	17
TTCATCATCAACTTGG-1	Myeloid	6
TTCATCATCGATAGCT-1	T	14
TTCATCATCTAGCAGT-1	B	11
TTCATTGAGAACGTTA-1	NK	7
TTCATTGAGAACTCCT-1	T	4
TTCATTGAGCTCGTTA-1	NK	5
TTCATTGAGGTTAGTA-1	B	2
TTCATTGAGTACAGAT-1	B	11
TTCATTGAGTATACCC-1	B	9
TTCATTGAGTATCTGC-1	NK	7
TTCATTGCAATCCATG-1	Myeloid	10
TTCATTGCACAAACAA-1	NK	3
TTCATTGCACCACCAG-1	B	8
TTCATTGCAGAGATGC-1	B	8
TTCATTGCAGTATCTG-1	B	19
TTCATTGCATACTGCA-1	Myeloid	10
TTCATTGGTACTTCAG-1	Myeloid	6
TTCATTGGTCAGAAGC-1	B	19
TTCATTGGTCGCTACG-1	Myeloid	15
TTCATTGGTCTAACCA-1	B	9
TTCATTGGTGCTTACA-1	Myeloid	6
TTCATTGGTGGACAGT-1	Myeloid	13
TTCATTGGTTGGAGGT-1	Myeloid	15
TTCATTGGTTTGCCCT-1	Myeloid	1
TTCATTGTCCTATCAT-1	Myeloid	1
TTCATTGTCCTCCTGA-1	B	19
TTCATTGTCGGGTCCA-1	Myeloid	6
TTCGATTAGAATATCG-1	B	9
TTCGATTAGACCAATA-1	Myeloid	10
TTCGATTAGACGACTG-1	Myeloid	6
TTCGATTAGATCTAAG-1	B	2
TTCGATTAGCAATAAC-1	NK	3
TTCGATTAGCTACGCC-1	Myeloid	1
TTCGATTAGGCTGGAT-1	B	9
TTCGATTAGGGTCTGA-1	B	19
TTCGATTAGTAGAAGG-1	B	11
TTCGATTAGTCTCTAG-1	B	11
TTCGATTAGTTTGGAA-1	NK	3
TTCGATTCAAGTGGCA-1	B	19
TTCGATTCACGCTCAG-1	Stromal	12
TTCGATTCAGGCTACC-1	Myeloid	6
TTCGATTCAGTCCTGG-1	Myeloid	1
TTCGATTCATGGGTGA-1	NK	3
TTCGATTCATTCTTTG-1	Myeloid	13
TTCGATTGTCCTTCAC-1	Myeloid	1
TTCGATTGTGGGTAGT-1	NK	3
TTCGATTGTGTCTACA-1	B	2
TTCGATTTCAATTCCT-1	Myeloid	1
TTCGATTTCCCTACGT-1	Stromal	12
TTCGATTTCGACCCGA-1	B	8
TTCGATTTCGATGAAA-1	B	2
TTCGATTTCGCGCTGA-1	Myeloid	6
TTCGATTTCGGAGTTT-1	NK	3
TTCGATTTCTCGCGGA-1	Myeloid	15
TTCGCGTAGAATATCG-1	T	14
TTCGCGTAGCACACCC-1	NK	7
TTCGCGTAGGCTAAAT-1	B	11
TTCGCGTAGTGATATG-1	Myeloid	6
TTCGCGTCACAAGTGG-1	T	18
TTCGCGTCACAGATGG-1	Myeloid	1
TTCGCGTCAGCCACGT-1	NK	7
TTCGCGTCAGTAGGCA-1	Myeloid	6
TTCGCGTCAGTTGCAT-1	NK	7
TTCGCGTCATGCCCTT-1	Myeloid	10
TTCGCGTCATTACTCT-1	Myeloid	13
TTCGCGTGTATTCTCT-1	B	9
TTCGCGTGTCAAATCC-1	B	2
TTCGCGTGTGCATTGT-1	B	2
TTCGCGTGTGTACGCC-1	Myeloid	1
TTCGCGTGTGTGAGGT-1	NK	3
TTCGCGTGTTACCACA-1	B	11
TTCGCGTGTTAGCTCA-1	Myeloid	6
TTCGCGTTCAGTTGAC-1	Myeloid	15
TTCGCGTTCCAGGTCG-1	Myeloid	10
TTCGCGTTCGCTCTAC-1	B	0
TTCGCGTTCTATACCT-1	B	19
TTCGCGTTCTCGCGTT-1	T	18
TTCGCGTTCTGAGTCA-1	B	9
TTCGCGTTCTTATCAC-1	Myeloid	15
TTCGGTCAGATGAGGA-1	Myeloid	13
TTCGGTCAGGTCGGTA-1	Myeloid	1
TTCGGTCAGTCCAGAG-1	NK	3
TTCGGTCAGTCTGCTA-1	T	14
TTCGGTCAGTGAGTTA-1	B	0
TTCGGTCAGTGTAATG-1	B	8
TTCGGTCCAAATGTCC-1	NK	5
TTCGGTCCAAGCCCTG-1	B	2
TTCGGTCCAATGGCTT-1	Myeloid	6
TTCGGTCCACATAAAG-1	B	8
TTCGGTCCAGAGTCGA-1	Myeloid	15
TTCGGTCCAGCAATGG-1	NK	3
TTCGGTCCAGGTAGGT-1	Stromal	12
TTCGGTCCAGTCAGAG-1	Myeloid	1
TTCGGTCCATAGGCGA-1	B	11
TTCGGTCCATTTCACT-1	B	16
TTCGGTCGTGGCCTTG-1	B	11
TTCGGTCGTTATAGAG-1	Myeloid	10
TTCGGTCTCACCCTTG-1	T	4
TTCGGTCTCACTCCCA-1	B	2
TTCGGTCTCCAATCCC-1	B	11
TTCGGTCTCCCACGGA-1	T	4
TTCGGTCTCCCAGTAA-1	B	2
TTCGGTCTCCGGCTGA-1	B	2
TTCGGTCTCGGTTCCT-1	T	18
TTCGTTAAGACCAATA-1	T	14
TTCGTTAAGAGCTACG-1	T	4
TTCGTTAAGCTCCATA-1	Myeloid	1
TTCGTTAAGGCTTCGC-1	B	8
TTCGTTAAGGTGTCGA-1	B	9
TTCGTTAAGTACAACA-1	B	8
TTCGTTAAGTCTGCTA-1	Myeloid	1
TTCGTTACAACAAACA-1	B	17
TTCGTTACAAGCAGGT-1	T	18
TTCGTTACACATTGCA-1	Myeloid	13
TTCGTTACACGGCCAT-1	NK	3
TTCGTTACATAGACGG-1	B	0
TTCGTTAGTCAACTGT-1	B	9
TTCGTTAGTCAATCCA-1	T	4
TTCGTTAGTCAGTGCC-1	B	19
TTCGTTAGTCCAACCG-1	B	9
TTCGTTAGTCCGAGCT-1	T	14
TTCGTTAGTGGACCAA-1	Myeloid	6
TTCGTTAGTGTTGGTT-1	B	11
TTCGTTAGTTCCGGCA-1	T	18
TTCGTTATCCACACCT-1	T	18
TTCGTTATCCATACCC-1	Myeloid	1
TTCGTTATCGCTACCT-1	B	11
TTCGTTATCGGTGATT-1	B	17
TTCGTTATCTATCTAC-1	B	2
TTCGTTATCTATCTTG-1	T	4
TTCGTTATCTTCACTA-1	NK	3
TTCTAACAGACAGCTG-1	Myeloid	15
TTCTAACAGACCGCAA-1	Myeloid	6
TTCTAACAGATGGCAC-1	T	18
TTCTAACAGGCTAAAT-1	NK	3
TTCTAACAGGGCGAAG-1	B	11
TTCTAACAGGTACACG-1	B	11
TTCTAACAGGTTGTTC-1	Myeloid	10
TTCTAACCACGTTACA-1	B	19
TTCTAACCACTGATAC-1	Stromal	12
TTCTAACCAGAAGTGC-1	Myeloid	15
TTCTAACCAGATAAGT-1	B	2
TTCTAACCAGCCACGT-1	B	9
TTCTAACCATAGTCCA-1	B	9
TTCTAACCATTCTTTG-1	B	19
TTCTAACGTAAGTGCG-1	Myeloid	10
TTCTAACGTGTCTCGG-1	NK	7
TTCTAACTCACTTACT-1	Stromal	12
TTCTAACTCAGCACTA-1	T	14
TTCTAACTCCACCTAC-1	B	11
TTCTAACTCGGTAGGA-1	T	4
TTCTAACTCGGTCCGA-1	NK	7
TTCTAACTCGTTCTAT-1	Myeloid	6
TTCTAACTCTATCCTA-1	T	4
TTCTAACTCTGACTTT-1	Myeloid	10
TTCTAACTCTGGACAT-1	Myeloid	1
TTCTGTAAGCCGCTGT-1	B	9
TTCTGTAAGTACTCTG-1	T	18
TTCTGTAAGTGGGACT-1	Myeloid	6
TTCTGTACAACTCAAC-1	Myeloid	6
TTCTGTACACATAAAG-1	Myeloid	1
TTCTGTACACTAAACC-1	B	19
TTCTGTACACTCAGCG-1	NK	3
TTCTGTACAGGCATTT-1	T	14
TTCTGTACATAGGCGA-1	Myeloid	6
TTCTGTAGTCTCAAAC-1	Myeloid	13
TTCTGTAGTGACAAGC-1	B	8
TTCTGTAGTGAGTCGA-1	B	17
TTCTGTAGTGTCGTCG-1	B	9
TTCTGTAGTTTGTACG-1	B	9
TTCTGTATCAACACGT-1	NK	3
TTCTGTATCATTCATC-1	B	2
TTCTGTATCCGGGCAT-1	Myeloid	1
TTCTGTATCGCTATTT-1	Myeloid	1
TTCTGTATCTGCGTCT-1	T	4
TTCTGTATCTTCGTTA-1	NK	5
TTGACGAAGCGAGAAA-1	NK	7
TTGACGAAGCGTAGCA-1	T	14
TTGACGAAGTCTCGAT-1	Myeloid	6
TTGACGACAACAAACA-1	Myeloid	1
TTGACGACAATTCAGC-1	Myeloid	10
TTGACGACACTCCTCA-1	Myeloid	15
TTGACGACAGCTTACA-1	NK	3
TTGACGAGTAATGCCT-1	Myeloid	6
TTGACGAGTAGAAAGG-1	B	8
TTGACGAGTAGCCATT-1	B	11
TTGACGAGTGCGTAGA-1	T	18
TTGACGAGTGTTGTTG-1	Myeloid	15
TTGACGAGTTACCACA-1	NK	5
TTGACGATCCCTAAAG-1	NK	7
TTGACGATCCGTTAGA-1	Myeloid	6
TTGACGATCGAGGTAG-1	Myeloid	6
TTGAGCAAGAGGCGGA-1	B	9
TTGAGCAAGATCTCAC-1	B	8
TTGAGCAAGCAGAAAG-1	T	4
TTGAGCAAGCAGGAGG-1	Myeloid	1
TTGAGCAAGCTTACCA-1	T	18
TTGAGCAAGGAACCGT-1	Myeloid	6
TTGAGCAAGGCACCTC-1	B	0
TTGAGCAAGGCTCAGA-1	Myeloid	13
TTGAGCAAGGTCCTCG-1	Myeloid	6
TTGAGCAAGTGAACCG-1	Myeloid	6
TTGAGCAAGTTGACAA-1	B	2
TTGAGCACAAACTACC-1	B	2
TTGAGCACAACGAGGT-1	B	9
TTGAGCACACCGAAAG-1	NK	3
TTGAGCACACTGTCGG-1	NK	7
TTGAGCACAGCAATGG-1	NK	7
TTGAGCAGTAACGTAA-1	NK	3
TTGAGCAGTACGCCCA-1	Myeloid	1
TTGAGCAGTACTTCAG-1	Myeloid	1
TTGAGCAGTAGAAAGG-1	B	8
TTGAGCAGTATCCTTT-1	Myeloid	10
TTGAGCAGTCGCTAGC-1	T	18
TTGAGCAGTTGGACGA-1	Myeloid	6
TTGAGCAGTTTGCATG-1	Myeloid	6
TTGAGCATCCAAGAGG-1	B	9
TTGAGCATCCCGGGTA-1	B	8
TTGAGCATCGCGATGC-1	B	9
TTGAGCATCTCTTAAC-1	NK	7
TTGAGCATCTGAACGT-1	B	9
TTGAGCATCTGCTACC-1	T	18
TTGAGTGAGCACCATT-1	T	14
TTGAGTGAGCAGAATT-1	Myeloid	6
TTGAGTGAGCATTGGG-1	NK	7
TTGAGTGAGCTCGTTA-1	B	17
TTGAGTGAGGGTCCCT-1	Stromal	12
TTGAGTGCACAAACAA-1	T	18
TTGAGTGCACGCGACT-1	Stromal	12
TTGAGTGCACTCGGAC-1	B	11
TTGAGTGCAGATGGCA-1	NK	7
TTGAGTGCAGCGTGAA-1	Myeloid	6
TTGAGTGCATAGAATG-1	B	2
TTGAGTGCATCGTACA-1	NK	5
TTGAGTGCATGATCGT-1	B	11
TTGAGTGCATTACACG-1	Myeloid	10
TTGAGTGGTAGTGATA-1	Myeloid	1
TTGAGTGGTCGAGGTA-1	NK	5
TTGAGTGGTGCACTTA-1	B	17
TTGAGTGGTGCTTACA-1	Myeloid	10
TTGAGTGGTTGGCGAA-1	NK	7
TTGAGTGTCAGGATCT-1	T	18
TTGAGTGTCCAACCTC-1	Myeloid	6
TTGAGTGTCCGAATTG-1	B	9
TTGAGTGTCCGGCGAT-1	Myeloid	6
TTGAGTGTCGAGGTCC-1	B	11
TTGAGTGTCGATAGGG-1	NK	3
TTGAGTGTCGCAACTA-1	B	8
TTGAGTGTCGGTGATT-1	Myeloid	10
TTGAGTGTCTCCACTG-1	Myeloid	10
TTGCACCAGACCCTAT-1	Myeloid	1
TTGCACCAGAGATTAC-1	NK	7
TTGCACCAGAGTTCGG-1	Myeloid	10
TTGCACCAGATTAGAC-1	B	2
TTGCACCAGCGCATTT-1	B	8
TTGCACCAGCTATCGT-1	B	11
TTGCACCAGTACCACT-1	T	18
TTGCACCAGTCTCGAT-1	Myeloid	1
TTGCACCAGTTGCGCC-1	B	19
TTGCACCCAACGCACC-1	Myeloid	1
TTGCACCCAATGTAAG-1	NK	3
TTGCACCCACAGTTAC-1	B	2
TTGCACCCAGTGCGAA-1	B	8
TTGCACCCATCATAGC-1	B	19
TTGCACCCATCGAGTT-1	Myeloid	10
TTGCACCGTAACCATC-1	Myeloid	10
TTGCACCGTCTAACCA-1	Myeloid	1
TTGCACCGTGGAAAGA-1	Myeloid	1
TTGCACCGTGTGCTTA-1	NK	7
TTGCACCGTGTGTGCC-1	T	4
TTGCACCGTTAGAGAT-1	T	4
TTGCACCGTTTAGACC-1	B	9
TTGCACCGTTTCCACC-1	B	11
TTGCACCGTTTCTCTA-1	Myeloid	6
TTGCACCTCAATTCCT-1	Myeloid	10
TTGCACCTCGGATGTT-1	Myeloid	6
TTGCACCTCGGGAATG-1	Myeloid	1
TTGCACCTCGGGCTCA-1	B	11
TTGCACCTCGTCTAGA-1	Myeloid	6
TTGCAGAAGAGGCAGG-1	Myeloid	15
TTGCAGAAGCTGAAAT-1	B	17
TTGCAGAAGGCAGTAC-1	T	14
TTGCAGAAGGTCTTGT-1	NK	7
TTGCAGAAGGTCTTTG-1	Myeloid	6
TTGCAGAAGTGTGTAA-1	Myeloid	10
TTGCAGACAATGCACT-1	NK	7
TTGCAGAGTGAATCGG-1	Myeloid	1
TTGCAGAGTTGAAGCG-1	B	2
TTGCAGATCATTCTTG-1	Myeloid	10
TTGCAGATCCCTACGT-1	B	11
TTGCAGATCGCGTTCT-1	B	8
TTGCAGATCTTCTTCC-1	Myeloid	6
TTGCCCAAGAGCTACG-1	B	9
TTGCCCAAGGTGTCGA-1	Myeloid	1
TTGCCCAAGTGAACCG-1	B	8
TTGCCCAAGTGCTGAG-1	Myeloid	1
TTGCCCACAAGGCGTA-1	T	4
TTGCCCACACGATATC-1	Myeloid	1
TTGCCCACACTCAGCG-1	B	2
TTGCCCACATCATAGC-1	T	4
TTGCCCACATGATTGC-1	B	2
TTGCCCACATTGCCTC-1	Myeloid	1
TTGCCCAGTAGCCATT-1	B	11
TTGCCCAGTATTTGCG-1	Myeloid	13
TTGCCCAGTCCTTCAC-1	Myeloid	6
TTGCCCAGTGCAACAG-1	B	11
TTGCCCAGTGTCTCGG-1	B	19
TTGCCCAGTGTGAGGT-1	B	19
TTGCCCAGTTTGTCTT-1	Myeloid	1
TTGCCCATCATGCTTT-1	B	19
TTGCCCATCATTCGGA-1	B	11
TTGCGAAAGAGCTACG-1	Myeloid	1
TTGCGAAAGCATTCCA-1	B	19
TTGCGAAAGCGTCTGC-1	Myeloid	6
TTGCGAAAGCTAACAA-1	B	11
TTGCGAAAGCTCCGGT-1	B	9
TTGCGAAAGGAAACTT-1	B	11
TTGCGAAAGGCTGGAT-1	B	8
TTGCGAAAGTCCGTGC-1	Myeloid	15
TTGCGAAAGTGCACAG-1	Stromal	12
TTGCGAAAGTGTCGCC-1	B	19
TTGCGAACAAGCAACG-1	Stromal	12
TTGCGAACATCGCCTT-1	B	9
TTGCGAACATCTCTCG-1	Myeloid	1
TTGCGAACATCTGCAA-1	NK	7
TTGCGAACATGCGTTA-1	Myeloid	1
TTGCGAACATTACACG-1	T	4
TTGCGAACATTGCGAT-1	NK	7
TTGCGAAGTATCCTTT-1	B	11
TTGCGAAGTCACAGTT-1	B	9
TTGCGAAGTCCTCAGG-1	Myeloid	6
TTGCGAAGTGGATTCT-1	T	4
TTGCGAAGTTAAGTCC-1	T	18
TTGCGAAGTTGAATAG-1	Myeloid	6
TTGCGAAGTTGCTTGA-1	T	4
TTGCGAATCAAGGCAG-1	Myeloid	6
TTGCGAATCAGAATGA-1	Myeloid	1
TTGCGAATCGAGGTAG-1	B	19
TTGCGAATCGCTCTAC-1	Myeloid	1
TTGCGAATCGGTTAGT-1	NK	7
TTGCGAATCTAAACGC-1	Myeloid	1
TTGCGAATCTGATCCC-1	T	18
TTGCGAATCTGCGTCT-1	Myeloid	1
TTGCGAATCTGTAGAC-1	Myeloid	1
TTGCGAATCTGTGTGA-1	Stromal	12
TTGCGGGAGACGCCAA-1	B	11
TTGCGGGAGACTCGGA-1	B	16
TTGCGGGAGCGCACAA-1	Myeloid	1
TTGCGGGAGGTACATA-1	B	9
TTGCGGGAGTATACCC-1	B	2
TTGCGGGAGTCCGATT-1	Myeloid	13
TTGCGGGAGTGAGCTG-1	T	18
TTGCGGGAGTGATTAG-1	Myeloid	1
TTGCGGGAGTGTTCCA-1	NK	5
TTGCGGGCAACTTGGT-1	B	9
TTGCGGGCAATTGGCT-1	B	11
TTGCGGGCACCCTTTG-1	Myeloid	10
TTGCGGGCACGTGAAG-1	T	14
TTGCGGGCACGTTGTA-1	B	11
TTGCGGGCAGCAACCC-1	T	14
TTGCGGGCAGGTCCTG-1	T	14
TTGCGGGGTAGCAGCA-1	T	4
TTGCGGGGTAGCGGTA-1	Stromal	12
TTGCGGGGTAGGTCTT-1	Myeloid	1
TTGCGGGGTATACGCT-1	B	9
TTGCGGGGTATTCTGG-1	Myeloid	13
TTGCGGGGTCCTCAGG-1	B	2
TTGCGGGGTGATAACA-1	Myeloid	10
TTGCGGGTCAAGAGAT-1	Myeloid	6
TTGCGGGTCCTTTGCG-1	T	14
TTGCGGGTCGAACCGC-1	B	9
TTGCGGGTCGCGGCAT-1	Myeloid	6
TTGCGGGTCGCTTGAA-1	Stromal	12
TTGCGGGTCGGTCTAA-1	T	4
TTGCGGGTCGTCAACA-1	T	14
TTGCGGGTCGTTCAGA-1	Myeloid	6
TTGCGGGTCTCTGCGT-1	Myeloid	1
TTGCGGGTCTTAGTGG-1	T	18
TTGCGGGTCTTTATCG-1	Myeloid	1
TTGCTATAGAGCACTG-1	NK	7
TTGCTATAGCAGAGCT-1	B	8
TTGCTATAGGGAAGCG-1	Myeloid	6
TTGCTATAGGGCTCTC-1	B	11
TTGCTATCAAAGAGAG-1	NK	3
TTGCTATCAACTACTG-1	Myeloid	1
TTGCTATCAAGGAACC-1	B	11
TTGCTATCAAGTAATG-1	Myeloid	6
TTGCTATCAATGACTC-1	B	2
TTGCTATCAATTGTGC-1	NK	5
TTGCTATCACACACAT-1	Myeloid	1
TTGCTATCACACATGT-1	B	2
TTGCTATCACCCTTTG-1	NK	7
TTGCTATCATTCTTTG-1	T	18
TTGCTATCATTGTGAC-1	T	14
TTGCTATGTACAAATG-1	T	4
TTGCTATGTAGGGTTG-1	B	11
TTGCTATGTATCTCAG-1	Myeloid	6
TTGCTATGTCAATCCA-1	B	2
TTGCTATGTCCGAGCT-1	B	8
TTGCTATGTGCAAGCA-1	NK	7
TTGCTATGTGGACCAA-1	T	18
TTGCTATGTTACTACG-1	B	11
TTGCTATGTTGCAGCC-1	NK	3
TTGCTATTCAGTACAC-1	Myeloid	6
TTGCTATTCGATAGGG-1	NK	3
TTGCTATTCGCTCTAC-1	B	2
TTGCTATTCGTTTGAG-1	Myeloid	10
TTGCTATTCTGTGTGA-1	B	19
TTGCTTAAGCGTTAGG-1	NK	7
TTGCTTAAGGAGTCTG-1	B	19
TTGCTTAAGTCACACT-1	B	11
TTGCTTACAATGCATC-1	Myeloid	6
TTGCTTACAATGGTAA-1	T	18
TTGCTTACACGCGTTG-1	Myeloid	13
TTGCTTACAGAGATGC-1	Stromal	12
TTGCTTACAGGCAGAT-1	Myeloid	10
TTGCTTACATTCACCC-1	NK	5
TTGCTTAGTAAACCCT-1	NK	7
TTGCTTAGTAATGTGA-1	Myeloid	6
TTGCTTAGTCATGAGG-1	Myeloid	1
TTGCTTAGTCTGCACG-1	T	18
TTGCTTAGTTAACTCG-1	Myeloid	6
TTGCTTAGTTGGCTTA-1	Myeloid	1
TTGCTTATCACCGCGA-1	B	2
TTGCTTATCACTGGTA-1	B	2
TTGCTTATCCTTACGC-1	NK	7
TTGCTTATCCTTTGAT-1	B	9
TTGCTTATCTATCTCA-1	NK	7
TTGCTTATCTATCTTG-1	B	11
TTGCTTATCTCGGCGA-1	Stromal	12
TTGCTTATCTTGTACT-1	NK	3
TTGGTCCAGATCTCAC-1	Myeloid	6
TTGGTCCAGCACACCC-1	Myeloid	1
TTGGTCCAGCAGAGCT-1	B	9
TTGGTCCAGCAGGAGG-1	B	11
TTGGTCCAGGAAGGTA-1	Myeloid	6
TTGGTCCAGTTGCGCC-1	T	14
TTGGTCCCAATTAGGA-1	T	14
TTGGTCCCACCAAGGA-1	B	0
TTGGTCCCAGAATGCG-1	Myeloid	6
TTGGTCCCAGCCACGT-1	B	8
TTGGTCCCAGCGTGAA-1	Myeloid	10
TTGGTCCCATATAGAG-1	B	9
TTGGTCCCATCTCACC-1	Stromal	12
TTGGTCCGTAATGCAA-1	NK	7
TTGGTCCGTAGATTAG-1	Stromal	12
TTGGTCCGTATGGATA-1	Myeloid	1
TTGGTCCGTCAAACAA-1	T	18
TTGGTCCGTCGATAGG-1	B	17
TTGGTCCGTTATCGAC-1	Myeloid	15
TTGGTCCGTTGAAGCG-1	Myeloid	6
TTGGTCCGTTGGCGAA-1	T	18
TTGGTCCTCCAGGCCA-1	B	8
TTGGTCCTCCGTTTCG-1	Myeloid	6
TTGGTCCTCGATTACG-1	NK	7
TTGGTCCTCGTGGCGT-1	B	9
TTGGTCCTCTATCTCA-1	B	9
TTGTCTAAGATCGAGC-1	Myeloid	1
TTGTCTAAGCTCCATA-1	Myeloid	6
TTGTCTAAGGAGTACC-1	Myeloid	6
TTGTCTACAATGGTCT-1	B	11
TTGTCTACATCGACCG-1	B	2
TTGTCTACATGACTGT-1	Stromal	12
TTGTCTAGTAAGTGCG-1	B	9
TTGTCTAGTCATAAGA-1	Myeloid	6
TTGTCTAGTCATAGCT-1	Myeloid	10
TTGTCTAGTCGCGCTA-1	B	9
TTGTCTAGTGCCCTAG-1	B	11
TTGTCTAGTGTACGCC-1	B	8
TTGTCTAGTGTTTCTT-1	B	11
TTGTCTAGTTACCCAA-1	NK	7
TTGTCTAGTTCAGAAA-1	B	11
TTGTCTAGTTGAAGCG-1	Myeloid	1
TTGTCTATCAGGTTTG-1	T	18
TTGTCTATCCCAGCAG-1	NK	5
TTGTCTATCCGCTCTA-1	B	11
TTGTCTATCTCATATC-1	T	4
TTGTCTATCTCGCGGA-1	B	17
TTGTCTATCTTACGGA-1	T	14
TTGTTCAAGAACTAAC-1	Myeloid	6
TTGTTCAAGACCATAA-1	T	14
TTGTTCAAGCATGTGG-1	Myeloid	1
TTGTTCAAGCTAGTTC-1	NK	7
TTGTTCAAGGAATGGA-1	B	19
TTGTTCAAGGTACACG-1	NK	5
TTGTTCAAGGTCGTTT-1	NK	5
TTGTTCAAGGTTCGTT-1	B	2
TTGTTCAAGTAACTCC-1	Myeloid	6
TTGTTCAAGTGTGTAA-1	NK	7
TTGTTCACAAATAGTG-1	NK	7
TTGTTCACAAGAGCGT-1	NK	5
TTGTTCACAATTAGGA-1	Myeloid	15
TTGTTCACACTCAGCG-1	B	8
TTGTTCACATCAGCTA-1	B	2
TTGTTCACATGCTATG-1	NK	3
TTGTTCACATGTGGGA-1	Myeloid	13
TTGTTCAGTACAACGG-1	Myeloid	1
TTGTTCAGTACTTCAG-1	NK	7
TTGTTCAGTATTCTCT-1	B	9
TTGTTCAGTGCTTTGA-1	Myeloid	6
TTGTTCAGTTGCAGCC-1	Myeloid	1
TTGTTCATCAGAACGG-1	B	19
TTGTTCATCATGTTCT-1	Myeloid	6
TTGTTCATCCAGTACA-1	B	9
TTGTTCATCCGTCAAA-1	Stromal	12
TTGTTCATCGACTGGC-1	NK	7
TTGTTCATCTGCGTCT-1	Stromal	12
TTGTTGTAGAACAGGA-1	B	8
TTGTTGTAGACAACGC-1	B	2
TTGTTGTAGGGTCCCT-1	NK	5
TTGTTGTAGGTTCTCA-1	NK	7
TTGTTGTAGGTTTCTG-1	B	11
TTGTTGTAGTAGAAGG-1	Myeloid	10
TTGTTGTAGTGAACCG-1	T	4
TTGTTGTCACTACACA-1	T	18
TTGTTGTCATAGGCGA-1	NK	3
TTGTTGTCATAGTCCA-1	B	19
TTGTTGTCATTTCTTG-1	B	2
TTGTTGTGTAAACCCT-1	B	16
TTGTTGTGTAACGGAC-1	Myeloid	15
TTGTTGTGTACCGGCT-1	B	2
TTGTTGTGTACTTCGA-1	Myeloid	6
TTGTTGTGTGACCAGA-1	Stromal	12
TTGTTGTGTGATTCCA-1	B	16
TTGTTGTGTGCAAAGC-1	B	9
TTGTTGTGTTTCCGGG-1	Stromal	12
TTGTTGTTCGGTTCCT-1	Myeloid	1
TTGTTGTTCTCTCAAT-1	B	2
TTGTTGTTCTCTTCCT-1	NK	3
TTGTTGTTCTTATCAC-1	Myeloid	1
TTTACGTAGAAGCCTG-1	Myeloid	1
TTTACGTAGACCAATA-1	B	2
TTTACGTAGATGTTGA-1	B	16
TTTACGTAGGAAGGTA-1	T	4
TTTACGTAGTACAGAT-1	Myeloid	1
TTTACGTCAAAGGCCA-1	NK	3
TTTACGTCAAGCTTTG-1	B	19
TTTACGTCAATGCACT-1	B	11
TTTACGTCAGATTAAG-1	Myeloid	6
TTTACGTCATAGGCGA-1	B	9
TTTACGTCATCCGTAA-1	Stromal	12
TTTACGTCATGATCGT-1	B	8
TTTACGTGTCTAACCA-1	T	14
TTTACGTGTGCTAGTT-1	Myeloid	1
TTTACGTGTGGATTCT-1	NK	3
TTTACGTGTTTAGGAA-1	Myeloid	6
TTTACGTGTTTCCGGG-1	Myeloid	1
TTTACGTTCCAGGTCG-1	Stromal	12
TTTACGTTCCGCGATG-1	B	19
TTTACGTTCCTCTCTT-1	T	14
TTTGAGGAGAGCCACA-1	NK	3
TTTGAGGAGAGCTCCC-1	NK	7
TTTGAGGAGATAGGTT-1	T	14
TTTGAGGAGTGATCTC-1	T	18
TTTGAGGAGTTACCAC-1	B	9
TTTGAGGCAACGCAAG-1	B	9
TTTGAGGCAATTCGTG-1	T	4
TTTGAGGCACATAAAG-1	Myeloid	6
TTTGAGGCACGCTGTG-1	B	8
TTTGAGGCACGTTGTA-1	B	11
TTTGAGGCAGCAACGA-1	Myeloid	6
TTTGAGGGTAACGTAA-1	Myeloid	6
TTTGAGGGTAAGTCTC-1	B	11
TTTGAGGGTATCACAC-1	T	18
TTTGAGGGTCAGACGA-1	B	19
TTTGAGGGTGCACATT-1	T	4
TTTGAGGTCACGTGTA-1	B	11
TTTGAGGTCATCGCAA-1	Myeloid	6
TTTGAGGTCCATGTTT-1	T	14
TTTGAGGTCCCTAAAG-1	Myeloid	6
TTTGAGGTCCCTACCA-1	Myeloid	1
TTTGAGGTCCGCTCTA-1	B	17
TTTGAGGTCCTCCTGA-1	Myeloid	1
TTTGAGGTCCTGTGGG-1	NK	5
TTTGAGGTCGAAGCCC-1	B	19
TTTGAGGTCGGGAATG-1	B	8
TTTGCGCAGAATGCTA-1	Myeloid	6
TTTGCGCAGAGCTGTG-1	B	9
TTTGCGCAGCAGAAAG-1	NK	7
TTTGCGCAGGGCTTCC-1	NK	5
TTTGCGCAGTATACCC-1	T	18
TTTGCGCAGTCACGCC-1	Myeloid	6
TTTGCGCCAAAGGTCG-1	Myeloid	6
TTTGCGCCAAATAGTG-1	B	11
TTTGCGCCAATTCTCT-1	NK	3
TTTGCGCCAGGCAAGT-1	T	4
TTTGCGCGTAGTATCC-1	B	19
TTTGCGCGTCCTTATT-1	B	9
TTTGCGCGTTCTTTGT-1	Myeloid	6
TTTGCGCTCATGTTCT-1	T	18
TTTGCGCTCCAGTACA-1	NK	3
TTTGCGCTCCGTTTCG-1	Myeloid	6
TTTGCGCTCCTGGAAT-1	NK	3
TTTGCGCTCTAAACGC-1	B	8
TTTGCGCTCTACATCT-1	T	18
TTTGGCCAGGCAAGGG-1	B	0
TTTGGCCCAAGGCGTA-1	B	2
TTTGGCCCAATGTAAG-1	B	9
TTTGGCCCACTCGGAC-1	B	16
TTTGGCCCAGTTGGAG-1	Myeloid	6
TTTGGCCCATGTAGAA-1	Myeloid	1
TTTGGCCGTATATGGA-1	Myeloid	10
TTTGGCCGTATCTCAG-1	Myeloid	15
TTTGGCCGTCTCTGCT-1	B	0
TTTGGCCGTCTCTGGG-1	Stromal	12
TTTGGCCGTGATCAGG-1	B	11
TTTGGCCGTGCGTAGA-1	B	8
TTTGGCCGTTAGGAGC-1	B	8
TTTGGCCGTTATCGAC-1	NK	5
TTTGGCCGTTTGTAGC-1	T	18
TTTGGCCTCACGATTG-1	Stromal	12
TTTGGCCTCACTGGTA-1	B	11
TTTGGCCTCACTTACT-1	T	14
TTTGGCCTCCAGAGAG-1	Myeloid	15
TTTGGCCTCCTCTCTT-1	NK	3
TTTGGCCTCGATAGCT-1	T	4
TTTGGCCTCTATTTCG-1	NK	5
TTTGGTTAGAGGAACA-1	Myeloid	6
TTTGGTTAGCCATGGA-1	T	14
TTTGGTTAGCGAGAAA-1	B	9
TTTGGTTAGTAGACCG-1	B	11
TTTGGTTAGTCAGCCC-1	T	4
TTTGGTTAGTCCCTCT-1	Myeloid	10
TTTGGTTAGTTTACGC-1	NK	5
TTTGGTTCAACGTACT-1	Myeloid	6
TTTGGTTCACGCTAAT-1	NK	3
TTTGGTTCATCGCCTT-1	B	17
TTTGGTTCATGGTTTG-1	Myeloid	13
TTTGGTTCATTACACG-1	B	19
TTTGGTTGTAGTCTGT-1	B	9
TTTGGTTGTCAGCTTA-1	Myeloid	1
TTTGGTTGTGAGTAAT-1	Myeloid	15
TTTGGTTGTGGACGAT-1	B	2
TTTGGTTGTTCCAATG-1	T	18
TTTGGTTGTTCCCAAA-1	NK	7
TTTGGTTGTTTGAAGA-1	B	8
TTTGGTTTCACAAGCT-1	B	11
TTTGGTTTCCGTACGG-1	Myeloid	1
TTTGGTTTCCTCCCAA-1	T	14
TTTGGTTTCGATCTTT-1	Myeloid	1
TTTGGTTTCTGCTACC-1	B	9
TTTGGTTTCTTCCAGC-1	Myeloid	6
TTTGTGTAGAGACTCG-1	B	0
TTTGTGTAGAGCAGCT-1	B	19
TTTGTGTAGAGGCAGG-1	B	16
TTTGTGTAGATATGTG-1	NK	5
TTTGTGTAGCAATAAC-1	Myeloid	1
TTTGTGTAGGATTGCG-1	B	9
TTTGTGTAGTAACACA-1	Myeloid	6
TTTGTGTAGTATACCC-1	B	11
TTTGTGTAGTCTTAGC-1	B	11
TTTGTGTCAAGGTCGA-1	B	11
TTTGTGTCAATGGCAG-1	B	9
TTTGTGTCACAAGGGT-1	NK	3
TTTGTGTCACTCAAGT-1	B	8
TTTGTGTCATGACTGT-1	Myeloid	1
TTTGTGTCATGCTATG-1	Myeloid	15
TTTGTGTGTAGTCTGT-1	NK	7
TTTGTGTGTTCACGTA-1	Myeloid	1
TTTGTGTGTTGTGAGG-1	Myeloid	1
TTTGTGTGTTTGTAGC-1	B	11
TTTGTGTTCACACGTA-1	Myeloid	6
TTTGTGTTCAGTACAC-1	B	2
TTTGTGTTCCGCGATG-1	NK	5
TTTGTGTTCGACTTAG-1	B	2
TTTGTGTTCGCTTACC-1	B	17
