AAACGAAAGCTGATTC-1	Epithelial	14
AAACGAAAGGGCATTG-1	Epithelial	15
AAACGAAAGTAACACA-1	Epithelial	2
AAACGAAAGTACAGAT-1	Epithelial	17
AAACGAAAGTGCACAG-1	B	8
AAACGAACAAGGTTCT-1	B	8
AAACGAACACAGGAAC-1	Myeloid	3
AAACGAACACCGTTGG-1	Epithelial	2
AAACGAACATGCGCTG-1	B	13
AAACGAACATGGGAAC-1	B	1
AAACGAACATTAGCAC-1	B	1
AAACGAAGTCCAAGTT-1	Epithelial	18
AAACGAAGTCCCGAGT-1	Epithelial	17
AAACGAAGTGATGCGA-1	B	8
AAACGAATCCAGGGAA-1	Myeloid	3
AAACGAATCCAGTTAG-1	Epithelial	2
AAACGAATCCATACGA-1	T	11
AAACGAATCTCATATC-1	Epithelial	10
AAACGAATCTCGACAA-1	Epithelial	7
AAACTCGAGCAACGGT-1	Epithelial	12
AAACTCGAGTGTCCCG-1	B	13
AAACTCGCAAATTGAG-1	Epithelial	6
AAACTCGCAAGCGTCC-1	Epithelial	0
AAACTCGCAAGTTGCT-1	Epithelial	12
AAACTCGCAATGCATC-1	Epithelial	15
AAACTCGCACTGTAAC-1	Epithelial	6
AAACTCGGTAGACACG-1	B	13
AAACTCGGTGCACTTA-1	B	8
AAACTCGGTTAGTAGA-1	B	4
AAACTCGGTTCCCTTG-1	T	11
AAACTCGGTTGGCTTA-1	Epithelial	15
AAACTCGGTTGGTAAA-1	B	13
AAACTCGTCAAGGCAG-1	Myeloid	3
AAACTCGTCCATAACG-1	Epithelial	15
AAACTCGTCCGTGCGA-1	B	8
AAACTCGTCCTCCAGT-1	B	1
AAACTCGTCGTATAGC-1	Epithelial	2
AAACTGCAGAACGCCA-1	B	8
AAACTGCAGACTTCCA-1	Epithelial	18
AAACTGCAGAGGTACC-1	B	13
AAACTGCAGCAACGGT-1	B	8
AAACTGCAGCTACGTT-1	Epithelial	12
AAACTGCAGGCGTAGT-1	Epithelial	7
AAACTGCAGTAATCAG-1	B	8
AAACTGCCAACAACTC-1	Stromal	9
AAACTGCCAAGTGGCA-1	Epithelial	10
AAACTGCCACGAACGA-1	Epithelial	0
AAACTGCCATCAGAAA-1	Epithelial	7
AAACTGCGTAACCATC-1	Epithelial	15
AAACTGCGTACAAATG-1	B	1
AAACTGCGTATGGGTG-1	Epithelial	2
AAACTGCGTATTTGCG-1	Epithelial	14
AAACTGCGTCAGAAGC-1	B	1
AAACTGCGTGAATCAA-1	B	13
AAACTGCGTGATTCCA-1	Epithelial	10
AAACTGCGTGCAAGCA-1	Epithelial	12
AAACTGCGTGTCCCAG-1	Epithelial	15
AAACTGCGTTAGGAGC-1	B	13
AAACTGCGTTTAGGAA-1	Epithelial	6
AAACTGCTCAGGAAGC-1	Epithelial	7
AAACTGCTCCAACGCG-1	B	4
AAACTGCTCCGAGGAA-1	B	19
AAACTGCTCCTCCAGT-1	Epithelial	7
AAACTGCTCGCTATAG-1	B	19
AAACTGCTCTCTGACC-1	Epithelial	18
AAAGATGAGCTCGGCT-1	B	8
AAAGATGAGGACCGAT-1	Epithelial	2
AAAGATGAGGTTGTGG-1	Epithelial	0
AAAGATGCAATGGCAG-1	Epithelial	17
AAAGATGCACGATTAC-1	B	1
AAAGATGCATCCATAG-1	B	13
AAAGATGCATCGAGTT-1	B	8
AAAGATGCATCTGCAA-1	Epithelial	7
AAAGATGGTAAACCCT-1	Epithelial	2
AAAGATGGTAACCCAT-1	Epithelial	12
AAAGATGGTAAGTCTC-1	B	13
AAAGATGGTACAAATG-1	Epithelial	15
AAAGATGGTACGGATG-1	Epithelial	15
AAAGATGGTCGCTAGC-1	B	8
AAAGATGGTCTTAGCA-1	B	1
AAAGATGGTGACCAGA-1	Epithelial	6
AAAGATGGTGTGAGGT-1	Epithelial	12
AAAGATGGTGTTGGTT-1	Epithelial	6
AAAGATGGTTTCCACC-1	Epithelial	2
AAAGATGTCATTCGGA-1	B	1
AAAGATGTCCATCTAT-1	B	19
AAAGATGTCCGGAAAG-1	Epithelial	17
AAAGATGTCCTGTAGA-1	B	8
AAAGATGTCGTGGCGT-1	B	1
AAAGATGTCTGACATG-1	B	13
AAAGGATAGACAACGC-1	Epithelial	7
AAAGGATAGATGGGAA-1	Epithelial	0
AAAGGATAGGTAAGTT-1	B	1
AAAGGATAGGTACACG-1	Epithelial	2
AAAGGATAGTTTACGC-1	Epithelial	0
AAAGGATGTACCTATG-1	B	8
AAAGGATGTCCCGTGA-1	Epithelial	18
AAAGGATGTCCGAGCT-1	Epithelial	18
AAAGGATGTGCACCCA-1	Epithelial	15
AAAGGATGTGGAGTGT-1	B	8
AAAGGATGTTTAAGCC-1	B	8
AAAGGATGTTTCCTAT-1	B	1
AAAGGATTCCCGGGTA-1	T	11
AAAGGATTCGAAGCCC-1	B	4
AAAGGATTCGCAAGCC-1	B	4
AAAGGATTCGGATCGC-1	B	13
AAAGGATTCGGATGTT-1	Epithelial	14
AAAGGATTCGTGTGCG-1	B	8
AAAGGATTCGTTACAG-1	B	8
AAAGGATTCTGTGTGA-1	Epithelial	6
AAAGGATTCTTTGCAT-1	T	11
AAAGGGCAGACTAGGC-1	Epithelial	2
AAAGGGCAGCATTCCA-1	Epithelial	12
AAAGGGCAGGCTTTAC-1	B	13
AAAGGGCAGTAATCAG-1	B	13
AAAGGGCCAACTCAAC-1	T	11
AAAGGGCCAATGCATC-1	Epithelial	15
AAAGGGCCACCCTTAC-1	Epithelial	17
AAAGGGCCAGAGCCAA-1	B	8
AAAGGGCCAGCTATAC-1	B	1
AAAGGGCCATCCTGGG-1	Epithelial	10
AAAGGGCCATGGCCGT-1	Epithelial	17
AAAGGGCCATTAGCAC-1	Epithelial	2
AAAGGGCGTAACGGCA-1	Epithelial	7
AAAGGGCGTAGCGGTA-1	Epithelial	18
AAAGGGCGTATCTCAG-1	Epithelial	17
AAAGGGCGTCAGAAGC-1	B	1
AAAGGGCGTCCAACCG-1	Epithelial	10
AAAGGGCGTGTTTCTT-1	B	4
AAAGGGCGTTAACTCG-1	Epithelial	17
AAAGGGCGTTCCCGGA-1	Epithelial	2
AAAGGGCGTTTGCCAA-1	Epithelial	14
AAAGGGCTCAAATGGA-1	B	1
AAAGGGCTCAACGTGT-1	Epithelial	12
AAAGGGCTCAATCGTG-1	B	4
AAAGGGCTCACTACCC-1	Myeloid	3
AAAGGGCTCAGAATGA-1	B	1
AAAGGGCTCCCGAAGC-1	Epithelial	2
AAAGGGCTCCTCATTA-1	B	1
AAAGGGCTCCTTGACC-1	Epithelial	16
AAAGGGCTCTGACTTT-1	B	13
AAATGAGAGATATGAC-1	B	1
AAATGAGAGATGCGAC-1	Epithelial	2
AAATGAGAGGATATCA-1	Epithelial	12
AAATGAGAGGCAATTA-1	B	4
AAATGAGAGGCTCCTG-1	Epithelial	17
AAATGAGAGGGCGAAG-1	Epithelial	12
AAATGAGAGGTAGGCT-1	Epithelial	6
AAATGAGAGTTCAGGG-1	Epithelial	2
AAATGAGCAAGGTCGA-1	Epithelial	10
AAATGAGCACTCCCAT-1	Epithelial	10
AAATGAGCACTTATGG-1	B	8
AAATGAGCAGACTAAA-1	B	8
AAATGAGCAGAGATGC-1	B	8
AAATGAGCATAGATAG-1	Stromal	9
AAATGAGCATCCCGGA-1	Epithelial	2
AAATGAGGTAACGTAA-1	Epithelial	7
AAATGAGGTACGTAGG-1	Myeloid	3
AAATGAGGTATGTTCG-1	B	1
AAATGAGGTCAGAGTG-1	Epithelial	16
AAATGAGGTCCAAGTT-1	Epithelial	2
AAATGAGGTCGCTACG-1	Epithelial	7
AAATGAGGTCTGGATT-1	Epithelial	10
AAATGAGGTGAAACAT-1	Epithelial	2
AAATGAGGTGCTAGTT-1	B	1
AAATGAGGTGCTTGAT-1	Epithelial	7
AAATGAGGTTGCCGCA-1	Epithelial	12
AAATGAGTCAGTGGTT-1	Epithelial	18
AAATGAGTCCTTTGAT-1	B	4
AAATGAGTCGCTGATA-1	Epithelial	15
AAATGAGTCGGAGTTT-1	B	4
AAATGAGTCTGTAGAC-1	Myeloid	3
AAATGCCAGACCATAA-1	B	13
AAATGCCAGCATTCCA-1	B	13
AAATGCCAGCCGCTGT-1	Epithelial	12
AAATGCCAGGTACATA-1	Epithelial	7
AAATGCCAGTGAAACT-1	Epithelial	17
AAATGCCAGTGAAGGA-1	Epithelial	2
AAATGCCAGTTAGCAA-1	Epithelial	6
AAATGCCCAAGGAGGG-1	Epithelial	15
AAATGCCCACAGCCAC-1	B	1
AAATGCCCACCAAGGA-1	Epithelial	18
AAATGCCCACCTGAAT-1	B	13
AAATGCCCACGGCCAT-1	Myeloid	3
AAATGCCCAGAAGTGC-1	T	11
AAATGCCCATGGCCGT-1	B	8
AAATGCCGTAAGTCTC-1	Epithelial	18
AAATGCCGTATGAAGT-1	Epithelial	15
AAATGCCGTATTCGAC-1	Epithelial	2
AAATGCCGTGATAAGT-1	Epithelial	2
AAATGCCGTGTGTGTT-1	Stromal	9
AAATGCCGTTACGAAA-1	B	8
AAATGCCTCAGGAAGC-1	B	4
AAATGCCTCATCGCAA-1	Stromal	5
AAATGCCTCCCGCAAG-1	Epithelial	6
AAATGCCTCGCTTCAC-1	B	8
AAATGCCTCGGCATAT-1	Epithelial	6
AAATGCCTCTATATCC-1	Epithelial	14
AACAAAGAGACCATAA-1	Epithelial	16
AACAAAGAGCCCATTA-1	B	13
AACAAAGAGCTGAGGT-1	Epithelial	0
AACAAAGAGGTTGTGG-1	Epithelial	6
AACAAAGAGTAGGAAG-1	B	13
AACAAAGAGTGGGACT-1	B	13
AACAAAGAGTTACACC-1	T	11
AACAAAGCACAGTTAC-1	B	8
AACAAAGCAGGTCTGC-1	B	1
AACAAAGCATGACTGT-1	B	8
AACAAAGGTAAGTCTC-1	Epithelial	7
AACAAAGGTAATGCAA-1	Stromal	9
AACAAAGGTCACATTG-1	B	8
AACAAAGGTCAGGTGA-1	Epithelial	2
AACAAAGGTCCCGAGT-1	Epithelial	6
AACAAAGGTCGATTAC-1	B	1
AACAAAGGTCTAAAGA-1	B	4
AACAAAGGTGAATCAA-1	Epithelial	0
AACAAAGGTGGTCGAA-1	T	11
AACAAAGGTGTGTGTT-1	Epithelial	2
AACAAAGGTTAACCGT-1	Epithelial	15
AACAAAGGTTACCACA-1	B	13
AACAAAGTCCACGCTT-1	Epithelial	0
AACAAAGTCCTTTGCG-1	Epithelial	12
AACAAAGTCGCAAACT-1	Epithelial	2
AACAAAGTCGGAGTTT-1	Epithelial	10
AACAAAGTCTCTCAAT-1	Epithelial	6
AACAGTCAGAAAGCAG-1	B	13
AACAGTCAGAACCCGA-1	T	11
AACAGTCAGACTAATG-1	Myeloid	3
AACAGTCAGAGGAATG-1	B	13
AACAGTCAGCGCACAA-1	Epithelial	10
AACAGTCAGCTGAATA-1	B	8
AACAGTCAGGAGAACA-1	Epithelial	14
AACAGTCAGGCAAGGG-1	Epithelial	15
AACAGTCAGGGTGTTG-1	Epithelial	7
AACAGTCCAAATTCCG-1	B	13
AACAGTCCAACTCGAT-1	Epithelial	18
AACAGTCCACTGGGCT-1	B	1
AACAGTCGTACGCCCA-1	Epithelial	7
AACAGTCGTAGTATCC-1	T	11
AACAGTCGTATCCTTT-1	B	8
AACAGTCGTATGTCCA-1	Epithelial	12
AACAGTCGTTCCAATG-1	Epithelial	7
AACAGTCGTTTAAGGA-1	B	4
AACAGTCTCACCACAA-1	Epithelial	7
AACAGTCTCCACGGCA-1	Epithelial	2
AACAGTCTCGTTGTAG-1	B	4
AACAGTCTCTATACCT-1	B	1
AACAGTCTCTTCATAC-1	B	1
AACATCGAGAGACTCG-1	Epithelial	12
AACATCGAGAGCAGCT-1	Epithelial	2
AACATCGAGAGGTCCA-1	B	13
AACATCGAGCTGAAAT-1	Epithelial	7
AACATCGAGGAGTAGA-1	Epithelial	6
AACATCGAGGTCACTT-1	B	8
AACATCGCAGGTGTGA-1	Epithelial	12
AACATCGCAGTTGCAT-1	Epithelial	12
AACATCGGTAAAGCTA-1	B	8
AACATCGGTAAGTGCG-1	Epithelial	18
AACATCGGTCGATAGG-1	B	1
AACATCGGTCTGGGAA-1	Epithelial	18
AACATCGGTGGACCAA-1	B	1
AACATCGGTGGTGGTA-1	B	8
AACATCGGTTAACCAC-1	Epithelial	18
AACATCGGTTAACCGT-1	Epithelial	12
AACATCGGTTGGACGA-1	Epithelial	15
AACATCGTCAGAGTGG-1	B	13
AACATCGTCAGATACC-1	B	8
AACATCGTCCAATAGC-1	Epithelial	14
AACCAACAGAAATACC-1	Epithelial	17
AACCAACAGCGTTGCC-1	B	8
AACCAACAGGAGTCTG-1	Epithelial	10
AACCAACAGGTAAGCC-1	B	1
AACCAACAGGTTCTCA-1	Epithelial	12
AACCAACAGTGAAGGA-1	Epithelial	2
AACCAACAGTTCCCGG-1	Epithelial	10
AACCAACAGTTCGCGC-1	Epithelial	2
AACCAACAGTTTACGC-1	B	13
AACCAACCAAACAGTA-1	B	1
AACCAACCAACTCGAT-1	B	19
AACCAACCAAGCAACG-1	B	13
AACCAACCAATGCACT-1	Epithelial	7
AACCAACCACGAACGA-1	B	19
AACCAACCACGTTACA-1	B	4
AACCAACCATTAGCCA-1	B	1
AACCAACGTAGGTAAT-1	Epithelial	16
AACCAACGTAGTACAA-1	Epithelial	17
AACCAACGTCAATACC-1	Epithelial	7
AACCAACGTCCTCAGG-1	Epithelial	17
AACCAACGTTCCCGGA-1	Epithelial	0
AACCAACTCAATTCCT-1	Stromal	9
AACCAACTCACTCGGG-1	B	4
AACCAACTCCGAATTG-1	B	8
AACCAACTCCGTTAGA-1	Epithelial	0
AACCAACTCCTTGACC-1	Epithelial	7
AACCAACTCTTCTTCC-1	B	4
AACCGATAGAATATCG-1	T	11
AACCGATAGACACTTC-1	Epithelial	14
AACCGATAGACAGCTG-1	B	4
AACCGATAGCAGTAGC-1	B	1
AACCGATAGGAGAACA-1	Epithelial	6
AACCGATAGGCCTAAG-1	B	1
AACCGATAGTCGGGAT-1	Epithelial	18
AACCGATAGTGCACAG-1	Epithelial	15
AACCGATCAACGTAGG-1	Epithelial	0
AACCGATCAATTGGCT-1	Epithelial	2
AACCGATCACAAGGGT-1	T	11
AACCGATCACAGTTCA-1	Epithelial	0
AACCGATCACTTTGGA-1	Epithelial	16
AACCGATCAGATTAAG-1	B	1
AACCGATCAGCAAACG-1	T	11
AACCGATCAGTTCGGC-1	B	8
AACCGATCATTGATGC-1	Epithelial	10
AACCGATGTAAACGGC-1	Epithelial	7
AACCGATGTCCCGAGT-1	Epithelial	12
AACCGATGTCCTCAGG-1	B	4
AACCGATGTGACGCAA-1	Epithelial	15
AACCGATGTGCATTGT-1	B	1
AACCGATGTGTGAGGT-1	Epithelial	14
AACCGATGTTCCATCC-1	B	1
AACCGATGTTCCCAAA-1	Epithelial	17
AACCGATGTTCTTTGT-1	B	4
AACCGATTCAACTTGG-1	B	19
AACCGATTCAGATACC-1	Epithelial	12
AACCGATTCCATCATT-1	Epithelial	10
AACCGATTCCCTAAAG-1	Epithelial	17
AACCGATTCCGTCAAA-1	Epithelial	14
AACCGATTCCTATCAT-1	Epithelial	6
AACCGATTCCTCTCTT-1	Epithelial	17
AACCGATTCCTGACCT-1	Myeloid	3
AACCGATTCCTGGAAT-1	B	8
AACCGATTCGGTCTAA-1	Epithelial	15
AACCGATTCTGATCTT-1	Stromal	5
AACCGATTCTGGCCAG-1	Epithelial	12
AACCGATTCTGTAGAC-1	B	19
AACCGATTCTTAGTGG-1	B	8
AACCGATTCTTGTCAT-1	Epithelial	2
AACCTGAAGAAGCCTG-1	T	11
AACCTGAAGACACTTC-1	Epithelial	6
AACCTGAAGACTCTTG-1	Epithelial	15
AACCTGAAGATGCGAC-1	Epithelial	2
AACCTGAAGGTCTTGT-1	B	1
AACCTGAAGTTCAAGA-1	Epithelial	14
AACCTGACAATGAAAC-1	Myeloid	3
AACCTGACACCACCAG-1	Epithelial	10
AACCTGACATTATGGC-1	B	4
AACCTGAGTATTCACG-1	B	1
AACCTGAGTCCCTAAA-1	Epithelial	18
AACCTGAGTGGCCTTG-1	Epithelial	7
AACCTGATCAGGTTTG-1	Epithelial	7
AACCTGATCATTCTCA-1	B	8
AACCTGATCCACTAGA-1	Epithelial	17
AACCTGATCCTTGACC-1	Epithelial	16
AACCTGATCGGGAATG-1	Epithelial	14
AACCTGATCTATTTCG-1	Epithelial	10
AACCTTTAGAGCAGCT-1	B	13
AACCTTTAGCAGGAGG-1	B	13
AACCTTTAGCCATGGA-1	Epithelial	18
AACCTTTAGCTCCGGT-1	Epithelial	6
AACCTTTAGGATATCA-1	Epithelial	2
AACCTTTAGGATGTAT-1	Epithelial	2
AACCTTTAGGTTTCTG-1	B	13
AACCTTTAGTACAACA-1	B	19
AACCTTTCAAGCTTTG-1	Epithelial	12
AACCTTTCACGATATC-1	Epithelial	14
AACCTTTCACTACACA-1	Epithelial	2
AACCTTTCAGAGAGAA-1	B	13
AACCTTTCATTCACCC-1	Epithelial	12
AACCTTTCATTGAACC-1	B	8
AACCTTTGTAGGTGAC-1	B	1
AACCTTTGTAGTATCC-1	B	1
AACCTTTGTCAGAAAT-1	Epithelial	12
AACCTTTGTCCCGAGT-1	Stromal	5
AACCTTTGTGGACCAA-1	B	1
AACCTTTGTGTCTCGG-1	Epithelial	2
AACCTTTTCAGTGGTT-1	Epithelial	16
AACCTTTTCCCAGCGA-1	Epithelial	2
AACCTTTTCCTAAGTG-1	B	19
AACCTTTTCCTGACCT-1	B	4
AACCTTTTCGCTATAG-1	B	1
AACCTTTTCGGATCGC-1	Epithelial	17
AACCTTTTCGGTAGGA-1	Epithelial	12
AACCTTTTCTCTGCGT-1	Stromal	9
AACCTTTTCTCTTCTC-1	Myeloid	3
AACCTTTTCTGCTACC-1	Epithelial	10
AACGAGGAGAGAATTC-1	B	4
AACGAGGAGAGCAGCT-1	Epithelial	12
AACGAGGAGATTCCGT-1	Epithelial	15
AACGAGGAGCTGCTCG-1	T	11
AACGAGGAGGCTCCTG-1	Stromal	9
AACGAGGAGGTACTCT-1	Epithelial	10
AACGAGGAGGTTAACA-1	Epithelial	0
AACGAGGAGTAATCAG-1	Epithelial	2
AACGAGGCAATGTAAG-1	Epithelial	0
AACGAGGCACAGTTCA-1	Epithelial	6
AACGAGGCAGAGTCGA-1	Epithelial	7
AACGAGGCAGGGTAAC-1	B	8
AACGAGGCAGTGCTCG-1	B	8
AACGAGGCATACCCGG-1	Epithelial	2
AACGAGGCATACTGCA-1	B	1
AACGAGGGTAACTGAA-1	B	13
AACGAGGGTAAGTGCG-1	Epithelial	17
AACGAGGGTCCAACCG-1	B	13
AACGAGGGTGGCATAG-1	Epithelial	7
AACGAGGGTTCCAATG-1	Epithelial	0
AACGAGGGTTTAAGGA-1	Epithelial	14
AACGAGGTCAAGGCCC-1	Epithelial	0
AACGAGGTCAGTGTGT-1	Myeloid	3
AACGAGGTCCACGCTT-1	Epithelial	14
AACGAGGTCCGCGATG-1	B	19
AACGAGGTCCGTACGG-1	B	13
AACGAGGTCGTTGTAG-1	Myeloid	3
AACGAGGTCTTCACTA-1	B	4
AACGAGGTCTTCTTCC-1	B	8
AACGAGGTCTTTGCAT-1	B	1
AACGGGAAGAACCCGA-1	Epithelial	12
AACGGGAAGACCAATA-1	B	1
AACGGGAAGAGAACCC-1	B	13
AACGGGAAGCCCATTA-1	B	13
AACGGGAAGCTGCCAC-1	Epithelial	6
AACGGGAAGGTCACTT-1	Epithelial	14
AACGGGAAGTACCCAT-1	Epithelial	6
AACGGGAAGTCGGGAT-1	B	19
AACGGGACACAGCTTA-1	B	8
AACGGGACACTCCCAT-1	B	1
AACGGGACAGACCTGC-1	T	11
AACGGGACAGATTAAG-1	Stromal	5
AACGGGACATTTCACT-1	Epithelial	2
AACGGGAGTACGTAGG-1	Epithelial	16
AACGGGAGTCGCGCTA-1	B	13
AACGGGAGTGCTGGCT-1	Epithelial	17
AACGGGAGTGTCGTCG-1	Epithelial	0
AACGGGAGTGTTGTTG-1	B	1
AACGGGAGTTACGCTA-1	Epithelial	6
AACGGGAGTTGAAGCG-1	B	8
AACGGGAGTTGGACGA-1	B	13
AACGGGATCACTGGTA-1	B	1
AACGGGATCCTCCTGA-1	Myeloid	3
AACGGGATCGAGGTAG-1	Epithelial	7
AACGGGATCTATCTAC-1	B	8
AACGGGATCTTCCGTG-1	B	1
AACGTACAGAACTCCT-1	B	8
AACGTACAGCCCATGC-1	B	4
AACGTACAGGCCAATG-1	B	1
AACGTACAGGCCTCGT-1	B	8
AACGTACAGGTCGTTT-1	Epithelial	16
AACGTACAGTTCCAGT-1	Myeloid	3
AACGTACCAAATGTCC-1	Epithelial	10
AACGTACCAAATTCCG-1	B	8
AACGTACCAATGGCAG-1	B	1
AACGTACCAATGTGCT-1	B	13
AACGTACCACACTAGT-1	Epithelial	15
AACGTACCACTTATGG-1	B	8
AACGTACCAGATTTGC-1	B	13
AACGTACCAGGTAGCA-1	Epithelial	16
AACGTACCAGGTTATC-1	Epithelial	18
AACGTACGTAGATGAT-1	Epithelial	10
AACGTACGTCAAACAA-1	B	1
AACGTACGTCAGAGTG-1	Epithelial	6
AACGTACGTCATAAGA-1	Stromal	9
AACGTACGTCCCTAAA-1	B	1
AACGTACGTCTGTCCT-1	B	8
AACGTACGTGGACTGA-1	B	1
AACGTACGTTCCAATG-1	B	1
AACGTACGTTCCGGCA-1	B	1
AACGTACGTTCTCGAA-1	Epithelial	17
AACGTACGTTCTGATG-1	Epithelial	16
AACGTACGTTTGTGAC-1	Epithelial	7
AACGTACTCCATCGAA-1	Stromal	5
AACGTACTCCGATTGA-1	Epithelial	7
AACGTACTCGGTCTAA-1	Stromal	9
AACGTACTCGGTTCCT-1	Epithelial	7
AACGTACTCGTTTGAG-1	Stromal	9
AACGTACTCTCGCGGA-1	B	1
AACGTACTCTGTGTGA-1	Epithelial	7
AACTGGTAGCATTGGG-1	Myeloid	3
AACTGGTAGCTGAGGT-1	B	1
AACTGGTAGGAAGACA-1	B	1
AACTGGTAGGTAGGCT-1	B	8
AACTGGTAGTCAGGAC-1	Epithelial	10
AACTGGTAGTCTCTAG-1	Epithelial	2
AACTGGTAGTGTAATG-1	Epithelial	18
AACTGGTAGTGTTCCA-1	B	1
AACTGGTAGTTGGAAT-1	B	1
AACTGGTCAATGGTCT-1	B	13
AACTGGTCAGCGCGTT-1	B	8
AACTGGTCAGGTGTCC-1	Epithelial	10
AACTGGTGTGACAAGC-1	Epithelial	15
AACTGGTGTGTGCTTA-1	B	1
AACTGGTGTTACCACA-1	B	4
AACTGGTGTTCCCGGA-1	B	4
AACTGGTGTTTAGACC-1	Epithelial	0
AACTGGTTCCAAGAGG-1	B	8
AACTGGTTCCGAGAGA-1	B	8
AACTGGTTCGACTTAG-1	B	13
AACTGGTTCTGGAAGG-1	B	8
AACTGTGAGAGTTTGA-1	Epithelial	14
AACTGTGAGCACGTAG-1	B	8
AACTGTGAGCATGTGG-1	B	13
AACTGTGAGTGATCTC-1	B	8
AACTGTGAGTGCTGAG-1	Epithelial	10
AACTGTGAGTTGAATG-1	Myeloid	3
AACTGTGAGTTTACGC-1	B	4
AACTGTGCAAAGAAGG-1	B	1
AACTGTGCACAGTTAC-1	Epithelial	2
AACTGTGCACCCTTTG-1	Epithelial	14
AACTGTGCACGCGACT-1	Myeloid	3
AACTGTGCACTAGGAG-1	Epithelial	12
AACTGTGCAGGTGTGA-1	Epithelial	2
AACTGTGCATCCCTTG-1	Epithelial	12
AACTGTGCATCTCACC-1	Epithelial	15
AACTGTGCATTGTGAC-1	B	4
AACTGTGGTAACTGAA-1	Epithelial	12
AACTGTGGTAGAACGC-1	Epithelial	2
AACTGTGGTATTCGCA-1	B	8
AACTGTGGTCATCGTA-1	Epithelial	14
AACTGTGGTCGTAATC-1	B	1
AACTGTGGTGAAACAT-1	Epithelial	17
AACTGTGGTGTAGGAC-1	Epithelial	0
AACTGTGGTTGTGACT-1	Epithelial	10
AACTGTGTCAATTCCT-1	B	8
AACTGTGTCAGGAAGC-1	Epithelial	15
AACTGTGTCCAGGGAA-1	Epithelial	10
AACTGTGTCCGGGCAT-1	Epithelial	7
AACTGTGTCGGTTCCT-1	Epithelial	10
AACTGTGTCGTTCCGT-1	B	1
AACTGTGTCTGCTACC-1	Epithelial	2
AACTGTGTCTGGGCGT-1	B	8
AACTGTGTCTTAATCC-1	Epithelial	17
AACTTGGAGTAACTCC-1	Myeloid	3
AACTTGGAGTGAAACT-1	Epithelial	7
AACTTGGCAGAACGAC-1	B	13
AACTTGGCATACAACC-1	Epithelial	18
AACTTGGCATTTCACT-1	Epithelial	2
AACTTGGCATTTGGTG-1	Stromal	5
AACTTGGGTCAAATCC-1	B	1
AACTTGGGTCCACCAG-1	Epithelial	0
AACTTGGGTCTCTGCT-1	Myeloid	3
AACTTGGGTGTTGTTG-1	Epithelial	12
AACTTGGGTTCTACCC-1	Myeloid	3
AACTTGGTCAAGGCAG-1	Epithelial	2
AACTTGGTCACAGGGA-1	B	13
AACTTGGTCCAAGAGG-1	B	8
AACTTGGTCCGTGCAG-1	B	13
AACTTGGTCGTGGTAT-1	Epithelial	14
AAGATAGAGAACTAAC-1	Epithelial	12
AAGATAGAGACTCGGA-1	Epithelial	7
AAGATAGAGGATATCA-1	B	13
AAGATAGAGTGCTGAG-1	Epithelial	14
AAGATAGCACAAGTGG-1	B	1
AAGATAGCAGATAAGT-1	Stromal	9
AAGATAGCATCGGCCA-1	Epithelial	6
AAGATAGCATGGTAAA-1	B	4
AAGATAGGTAACACTC-1	B	1
AAGATAGGTAGCATGG-1	B	1
AAGATAGGTGGACGAT-1	Epithelial	16
AAGATAGGTGGTACTT-1	B	1
AAGATAGGTTCAGAAA-1	Epithelial	14
AAGATAGGTTCAGTAC-1	Epithelial	18
AAGATAGGTTCCTATT-1	B	8
AAGATAGGTTCTACCC-1	Epithelial	15
AAGATAGTCAAGAGGC-1	B	8
AAGATAGTCAAGGCAG-1	Epithelial	15
AAGATAGTCACCCTTG-1	B	13
AAGATAGTCAGTCACA-1	Epithelial	12
AAGATAGTCAGTGGTT-1	Epithelial	15
AAGATAGTCATGTTCT-1	B	1
AAGATAGTCCCACTTG-1	B	13
AAGATAGTCCCTACCA-1	T	11
AAGATAGTCCTCATTA-1	B	1
AAGATAGTCCTCCCAA-1	Epithelial	7
AAGATAGTCGGTTAGT-1	B	13
AAGATAGTCGTTACAG-1	B	1
AAGATAGTCTCTGACC-1	B	8
AAGATAGTCTTCAGAG-1	Epithelial	2
AAGGAGCAGAAGAGTG-1	B	4
AAGGAGCAGACAACGC-1	Myeloid	3
AAGGAGCAGACCGCAA-1	Epithelial	17
AAGGAGCAGACGCCAA-1	Epithelial	2
AAGGAGCAGACTTGAA-1	Epithelial	2
AAGGAGCAGAGAAGCA-1	B	1
AAGGAGCAGATATGAC-1	Myeloid	3
AAGGAGCAGCGAGCTA-1	Myeloid	3
AAGGAGCAGTGAAGGA-1	Epithelial	17
AAGGAGCAGTGCTAGG-1	Epithelial	7
AAGGAGCCAACTGCGC-1	Epithelial	2
AAGGAGCCACATTGCA-1	Epithelial	12
AAGGAGCCACTGATAC-1	Epithelial	10
AAGGAGCCAGCAACCC-1	Epithelial	10
AAGGAGCCAGCAGGTA-1	B	8
AAGGAGCCAGTTCGGC-1	T	11
AAGGAGCCATGCCTTC-1	Epithelial	16
AAGGAGCGTAAGTCTC-1	Myeloid	3
AAGGAGCGTAAGTGCG-1	B	19
AAGGAGCGTACGTATC-1	B	13
AAGGAGCGTATTGTCG-1	Epithelial	12
AAGGAGCGTCAATACC-1	Myeloid	3
AAGGAGCGTCCTATTT-1	B	13
AAGGAGCGTCTGGTCG-1	B	4
AAGGAGCGTGCAAAGC-1	B	1
AAGGAGCGTTCTTATC-1	Epithelial	14
AAGGAGCGTTTCTACT-1	B	1
AAGGAGCGTTTCTTAC-1	Epithelial	14
AAGGAGCTCATCATGG-1	B	1
AAGGAGCTCATCGCCT-1	Epithelial	16
AAGGAGCTCGACTATG-1	Epithelial	14
AAGGAGCTCTAGCTGA-1	Epithelial	7
AAGGAGCTCTATCTCA-1	B	1
AAGGAGCTCTGAACGT-1	B	1
AAGGAGCTCTGAGTCA-1	B	1
AAGGTTCAGAACGTCG-1	B	8
AAGGTTCAGAAGAGTG-1	Epithelial	0
AAGGTTCAGCAGAGCT-1	Epithelial	17
AAGGTTCAGGCCAATG-1	B	8
AAGGTTCAGTTCCAGT-1	T	11
AAGGTTCAGTTGGAAT-1	T	11
AAGGTTCCAAATAGTG-1	Epithelial	17
AAGGTTCCACAGTAGG-1	Epithelial	17
AAGGTTCCACGACGAA-1	B	4
AAGGTTCCACTAGGAG-1	B	1
AAGGTTCCACTGATAC-1	Epithelial	7
AAGGTTCCAGAACAGC-1	T	11
AAGGTTCCAGCGTAGA-1	Epithelial	18
AAGGTTCCAGGTGTGA-1	Epithelial	2
AAGGTTCCATGGTTTG-1	B	13
AAGGTTCGTGTGTGCC-1	Epithelial	7
AAGGTTCTCAAGTTGC-1	Epithelial	6
AAGGTTCTCACGTCAA-1	B	1
AAGGTTCTCCACGCTT-1	Epithelial	7
AAGGTTCTCCAGTTAG-1	Epithelial	15
AAGGTTCTCGCAACTA-1	Epithelial	7
AAGGTTCTCGGTTGTA-1	B	8
AAGGTTCTCTGCTACC-1	B	8
AATACGCAGACTTGAA-1	Epithelial	10
AATACGCAGGCACCTC-1	Epithelial	0
AATACGCAGGGACGTT-1	Epithelial	18
AATACGCCAAAGAAGG-1	Epithelial	12
AATACGCCAAGGCTTT-1	Epithelial	7
AATACGCCAAGTTCGT-1	B	8
AATACGCCACTTACAG-1	Epithelial	15
AATACGCCAGCACATT-1	Epithelial	0
AATACGCCAGCTTACA-1	Epithelial	12
AATACGCCAGGACCTC-1	Epithelial	15
AATACGCCATAGAATG-1	Myeloid	3
AATACGCCATCCCAAA-1	B	1
AATACGCGTAAACGTA-1	B	1
AATACGCGTAGAAGCC-1	Epithelial	6
AATACGCGTATGTTCG-1	B	1
AATACGCGTGCACTTA-1	Epithelial	12
AATACGCGTTTGACCA-1	Epithelial	10
AATACGCTCAGCACGC-1	Epithelial	7
AATACGCTCCAGAATC-1	Epithelial	18
AATACGCTCCAGGTAT-1	Epithelial	2
AATACGCTCTTCAGAG-1	B	1
AATACGCTCTTCTCTC-1	B	1
AATGCCAAGAACAGGA-1	Epithelial	12
AATGCCAAGAACGTCG-1	B	13
AATGCCACAAACGACG-1	B	13
AATGCCACAAAGACGC-1	Epithelial	14
AATGCCACAAGACTAA-1	B	8
AATGCCACACAGCCAC-1	Epithelial	6
AATGCCACACGTTAGT-1	B	1
AATGCCACAGCAACCC-1	B	13
AATGCCACAGGTCCTG-1	Epithelial	17
AATGCCACATTGTTCT-1	B	8
AATGCCAGTACGTATC-1	Epithelial	18
AATGCCAGTGCTGAAG-1	B	1
AATGCCAGTTCCATCC-1	B	8
AATGCCAGTTGTGAGG-1	Epithelial	7
AATGCCAGTTTGCCAA-1	Epithelial	16
AATGCCATCCAAGTCA-1	B	8
AATGCCATCCTCATTA-1	Epithelial	12
AATGCCATCCTCCCAA-1	B	1
AATGCCATCGAGTGTT-1	Epithelial	7
AATGCCATCGATTACG-1	Stromal	5
AATGCCATCGGGACAA-1	B	1
AATGCCATCGTGAGTT-1	Epithelial	10
AATGCCATCTATTTCG-1	B	4
AATGCCATCTCTGCGT-1	Epithelial	12
AATGGAAAGAGTTCGG-1	Epithelial	14
AATGGAAAGATTACGA-1	Epithelial	10
AATGGAAAGGACTTTC-1	B	1
AATGGAAAGGCCAATG-1	Epithelial	12
AATGGAAAGGCCTCTG-1	B	8
AATGGAAAGGCTTCGC-1	B	1
AATGGAAAGTACAGAT-1	Epithelial	16
AATGGAAAGTAGAAGG-1	Epithelial	17
AATGGAAAGTGTCGGA-1	Epithelial	0
AATGGAACAAATGTCC-1	B	1
AATGGAACAATGTGCT-1	Epithelial	0
AATGGAACAATTCTCT-1	B	8
AATGGAACACCTACCT-1	Epithelial	7
AATGGAACACTCGTGG-1	B	1
AATGGAACAGGTCTGC-1	Epithelial	17
AATGGAACATTGCACA-1	B	8
AATGGAAGTACGGATG-1	B	8
AATGGAAGTACGTAAA-1	Epithelial	0
AATGGAAGTAGACACG-1	B	13
AATGGAAGTATCTCAG-1	Epithelial	12
AATGGAAGTCAATCCA-1	Epithelial	6
AATGGAAGTCAGCTTA-1	Myeloid	3
AATGGAAGTGCACTTA-1	Epithelial	2
AATGGAAGTGCCCTAG-1	Myeloid	3
AATGGAAGTGTCTACA-1	Myeloid	3
AATGGAAGTTTCGACA-1	Epithelial	17
AATGGAATCAACGTGT-1	B	4
AATGGAATCCAACAAC-1	B	1
AATGGAATCCCGTATC-1	Epithelial	16
AATGGAATCGGATAAA-1	B	8
AATGGAATCGGCAATT-1	Epithelial	17
AATGGAATCTACATCT-1	B	8
AATGGAATCTAGCAAC-1	B	13
AATGGAATCTAGCTGA-1	Epithelial	18
AATGGAATCTGGCTAA-1	B	8
AATGGAATCTTGCGCT-1	Epithelial	17
AATGGAATCTTGGCCT-1	Myeloid	3
AATGGCTAGAACGTTA-1	Epithelial	7
AATGGCTAGGCGTAGT-1	Epithelial	7
AATGGCTAGTCGTGAG-1	B	8
AATGGCTAGTGCAACG-1	Epithelial	14
AATGGCTCAATGACTC-1	B	13
AATGGCTCACCACCAG-1	Epithelial	14
AATGGCTCACGCCGAT-1	B	19
AATGGCTCAGGTAGGT-1	B	8
AATGGCTCAGTATCTG-1	B	1
AATGGCTCATTACTCT-1	B	8
AATGGCTCATTCCCGT-1	B	8
AATGGCTGTACCCATA-1	B	8
AATGGCTGTACCTATG-1	Epithelial	12
AATGGCTGTACGGTTT-1	Epithelial	18
AATGGCTGTATCAGCT-1	Epithelial	7
AATGGCTGTCAACTGT-1	Epithelial	6
AATGGCTGTCCGTAGC-1	Epithelial	17
AATGGCTGTCTCTGGG-1	B	13
AATGGCTGTGAGTAAT-1	Epithelial	6
AATGGCTGTTAACTCG-1	Epithelial	0
AATGGCTGTTACGGAG-1	Epithelial	7
AATGGCTGTTCCTATT-1	Epithelial	7
AATGGCTTCCCACGGA-1	Epithelial	7
AATGGCTTCCCAGCGA-1	B	13
AATGGCTTCCGAGAGA-1	Epithelial	15
AATGGCTTCCGTTAGA-1	Epithelial	7
AATGGCTTCCTAAGTG-1	Epithelial	10
AATGGCTTCGAGAAGC-1	Epithelial	17
AATGGCTTCGAGGTAG-1	B	1
AATGGCTTCGCAGATT-1	Epithelial	7
AATGGCTTCGCGGCAT-1	Myeloid	3
AATGGCTTCGTGCTGG-1	Epithelial	7
AATGTCGAGAAATGGG-1	Epithelial	12
AATGTCGAGAACCATA-1	B	8
AATGTCGAGAATACTG-1	Epithelial	14
AATGTCGAGATGTTGA-1	Epithelial	2
AATGTCGAGCAATGTA-1	Epithelial	15
AATGTCGAGGCGCTTC-1	B	1
AATGTCGAGGTAAGTT-1	B	1
AATGTCGAGGTAGGAA-1	Epithelial	2
AATGTCGAGGTGATGC-1	B	13
AATGTCGAGTTGTCCA-1	Epithelial	6
AATGTCGCAAATGTCC-1	B	13
AATGTCGCACAGTTAC-1	Epithelial	16
AATGTCGCAGTCCTGG-1	Epithelial	15
AATGTCGGTAGCTGTT-1	B	8
AATGTCGGTCCAGACC-1	Epithelial	2
AATGTCGGTCTTAGCA-1	Epithelial	0
AATGTCGGTGCCAAGA-1	Epithelial	14
AATGTCGGTTTCAGCA-1	B	13
AATGTCGGTTTCTTAC-1	Epithelial	12
AATGTCGTCACGTGTA-1	Epithelial	14
AATGTCGTCAGGGTTT-1	Myeloid	3
AATGTCGTCCACCTAC-1	Epithelial	17
AATGTCGTCCGTGCGA-1	Epithelial	12
AATGTCGTCGAGCGCT-1	Epithelial	16
AATGTCGTCGGACGAA-1	B	13
AATGTCGTCGGTACTA-1	Epithelial	15
AATGTCGTCGTCGCAG-1	Epithelial	0
ACAAACCAGCCCATTA-1	Myeloid	3
ACAAACCAGCCTCGCA-1	Epithelial	14
ACAAACCAGCGTCTGC-1	B	13
ACAAACCAGCTCCATA-1	B	13
ACAAACCAGGTACACG-1	B	1
ACAAACCAGGTTAACA-1	Epithelial	12
ACAAACCAGTCGAAAT-1	Epithelial	12
ACAAACCAGTGTGTAA-1	B	4
ACAAACCCAACACGGA-1	Epithelial	2
ACAAACCCAAGCACTT-1	B	13
ACAAACCCACAACGGA-1	Epithelial	10
ACAAACCCACCACGAC-1	Epithelial	7
ACAAACCCACCGTCTT-1	B	13
ACAAACCCACCTGGTG-1	B	13
ACAAACCGTAACCGAG-1	Epithelial	7
ACAAACCGTATGTCCA-1	B	13
ACAAACCGTCCGGTAC-1	Epithelial	7
ACAAACCGTCGAGAAC-1	B	8
ACAAACCGTGAAACAT-1	Stromal	9
ACAAACCGTGCAAGCA-1	B	8
ACAAACCGTGGAGTGT-1	T	11
ACAAACCTCCAGAGAG-1	B	13
ACAAACCTCGGTCTCT-1	Epithelial	0
ACAAACCTCGTCTTAT-1	B	13
ACAAACCTCGTGAGTT-1	B	1
ACAAAGAAGAATCAGT-1	B	13
ACAAAGAAGACTCTTG-1	Epithelial	2
ACAAAGAAGCACCATT-1	B	13
ACAAAGAAGCTAGCAG-1	Epithelial	14
ACAAAGAAGGATTGAT-1	Epithelial	0
ACAAAGAAGGCGACTA-1	B	4
ACAAAGAAGGTGTCGA-1	Epithelial	16
ACAAAGACAAACTACC-1	Myeloid	3
ACAAAGACACGTTGTA-1	B	13
ACAAAGACACTCCTCA-1	B	4
ACAAAGACATCGAGTT-1	B	1
ACAAAGAGTCGATTAC-1	B	8
ACAAAGAGTGCAGACA-1	Epithelial	12
ACAAAGAGTTGGCTAT-1	Epithelial	0
ACAAAGATCCAATAGC-1	B	4
ACAAAGATCCACGGCA-1	B	1
ACAAAGATCCCGATTC-1	Epithelial	7
ACAAAGATCGAACACT-1	B	8
ACAAAGATCGCATACA-1	B	13
ACAAAGATCGCTCGGA-1	T	11
ACAAAGATCTCATCCG-1	B	13
ACAAAGATCTTGTGCC-1	Stromal	5
ACAAAGATCTTTGCAT-1	B	1
ACAAGCTAGCAGAATT-1	B	1
ACAAGCTAGCGGACTA-1	Epithelial	17
ACAAGCTAGCTCCATA-1	B	1
ACAAGCTAGGCAAGGG-1	B	8
ACAAGCTAGGTGTCGA-1	Epithelial	15
ACAAGCTAGTAGTTCC-1	B	19
ACAAGCTCAAGGATGC-1	Stromal	9
ACAAGCTCAAGTCCTA-1	B	8
ACAAGCTCACGATATC-1	Epithelial	12
ACAAGCTCACTCCCAT-1	B	1
ACAAGCTCATGGGTGA-1	B	1
ACAAGCTGTAACGGCA-1	Epithelial	7
ACAAGCTGTAAGCCTT-1	B	13
ACAAGCTGTAGACACG-1	B	1
ACAAGCTGTCAGTGCC-1	Epithelial	7
ACAAGCTGTGAATCGG-1	Epithelial	14
ACAAGCTGTGTCCTTC-1	Epithelial	17
ACAAGCTGTTGAAGCG-1	Myeloid	3
ACAAGCTGTTTAGAAG-1	B	8
ACAAGCTGTTTCCTAT-1	Epithelial	17
ACAAGCTGTTTGATCG-1	B	4
ACAAGCTTCCCGAAGC-1	T	11
ACAAGCTTCCCTACCA-1	Epithelial	15
ACAAGCTTCCTCCAGT-1	Epithelial	2
ACAATCGAGACCATAA-1	Epithelial	18
ACAATCGAGAGAAGCA-1	Epithelial	7
ACAATCGAGAGCAGCT-1	Epithelial	16
ACAATCGAGAGGTCCA-1	B	1
ACAATCGAGTACGCGA-1	Myeloid	3
ACAATCGCAAACCCTA-1	T	11
ACAATCGCAACAAACA-1	B	8
ACAATCGCAACAACTC-1	Epithelial	17
ACAATCGCACTCAGCG-1	Epithelial	14
ACAATCGCACTGTTAG-1	B	1
ACAATCGCATCCCAAA-1	Epithelial	14
ACAATCGCATTCCCGT-1	Epithelial	2
ACAATCGCATTGCGAT-1	Epithelial	7
ACAATCGGTAATGTAG-1	B	1
ACAATCGGTAGTGATA-1	B	8
ACAATCGGTCAGAAGC-1	Epithelial	15
ACAATCGGTCAGCTTA-1	B	8
ACAATCGGTCCTCAGG-1	B	8
ACAATCGGTGATGCTT-1	Myeloid	3
ACAATCGGTTACTACG-1	Epithelial	14
ACAATCGGTTCCGGCA-1	B	1
ACAATCGTCACAAGCT-1	B	1
ACAATCGTCACTCGGG-1	B	8
ACAATCGTCATCGCAA-1	B	8
ACAATCGTCCCGAAGC-1	B	1
ACAATCGTCGGACGAA-1	Epithelial	17
ACAATCGTCGTTCTAT-1	B	1
ACAATCGTCTACCCGT-1	B	13
ACAATCGTCTCGCGTT-1	B	13
ACAATCGTCTGGCACG-1	Epithelial	7
ACAGAAAAGAACCCGA-1	B	1
ACAGAAAAGACAACGC-1	T	11
ACAGAAAAGATTCCGT-1	B	8
ACAGAAAAGGCTAAAT-1	B	19
ACAGAAAAGGGCTCTC-1	Epithelial	2
ACAGAAAAGGTTAGTA-1	B	1
ACAGAAAAGTATACGA-1	B	13
ACAGAAACAAGACTAA-1	Epithelial	12
ACAGAAACACAGAAGC-1	Epithelial	12
ACAGAAACACATTCTT-1	Epithelial	2
ACAGAAACACCTGGTG-1	Epithelial	0
ACAGAAACACTTATGG-1	B	8
ACAGAAACATCGTACA-1	Epithelial	16
ACAGAAACATCTCTCG-1	Epithelial	7
ACAGAAAGTAATGCCT-1	B	1
ACAGAAAGTACGTAGG-1	B	8
ACAGAAAGTCAAATCC-1	Epithelial	14
ACAGAAAGTCAAGACG-1	Epithelial	16
ACAGAAAGTGTGAGGT-1	Epithelial	12
ACAGAAAGTTCTTTGT-1	B	13
ACAGAAATCAAGAGGC-1	B	8
ACAGAAATCCAACAAC-1	B	4
ACAGAAATCCGAGGAA-1	B	4
ACAGAAATCCTTTGAT-1	B	1
ACAGAAATCGCATACA-1	B	13
ACAGAAATCGCTTACC-1	T	11
ACAGAAATCGGACGAA-1	T	11
ACAGAAATCGGTTCCT-1	Epithelial	15
ACAGACTAGCTAGCAG-1	Stromal	5
ACAGACTAGGAATGGA-1	Epithelial	15
ACAGACTAGGCTTTAC-1	B	13
ACAGACTCAAGCGACA-1	T	11
ACAGACTCATATACGC-1	Epithelial	16
ACAGACTCATGGTAAA-1	B	1
ACAGACTGTATCTGCA-1	B	1
ACAGACTGTATGAAGT-1	B	1
ACAGACTGTGAGTAAT-1	B	8
ACAGACTGTGGATTCT-1	B	4
ACAGACTGTTAACCAC-1	Stromal	5
ACAGACTGTTTGAAGA-1	Epithelial	14
ACAGACTTCCGCGATG-1	Epithelial	2
ACAGACTTCGCTATAG-1	Epithelial	18
ACAGACTTCGTGAGTT-1	Epithelial	7
ACAGACTTCGTTACAG-1	B	13
ACAGACTTCTTGCGCT-1	B	8
ACAGCGCAGAAGCCGT-1	Epithelial	6
ACAGCGCAGAGGTCCA-1	Myeloid	3
ACAGCGCAGCGAGCTA-1	Epithelial	15
ACAGCGCAGCTAGCAG-1	B	1
ACAGCGCAGCTATCGT-1	B	1
ACAGCGCAGGGAGATA-1	B	13
ACAGCGCAGGTTCGTT-1	Epithelial	0
ACAGCGCAGTCGAGCA-1	Epithelial	15
ACAGCGCCAACGGACA-1	B	8
ACAGCGCCAAGCGACA-1	Epithelial	16
ACAGCGCCAATTGTGC-1	B	13
ACAGCGCCACAACGGA-1	Epithelial	14
ACAGCGCCACAGTTAC-1	Epithelial	12
ACAGCGCCACTTTGGA-1	Epithelial	14
ACAGCGCCAGAGAGAA-1	Epithelial	14
ACAGCGCCAGGTGGTA-1	B	13
ACAGCGCCAGTGGTCC-1	Epithelial	0
ACAGCGCCATCGCCTT-1	Epithelial	0
ACAGCGCCATTCACGA-1	Epithelial	7
ACAGCGCGTAGATGAT-1	B	8
ACAGCGCGTAGCAGCA-1	B	1
ACAGCGCGTAGCCATT-1	Myeloid	3
ACAGCGCGTCAACTAC-1	B	8
ACAGCGCGTGATGCTT-1	B	1
ACAGCGCGTTCATTTC-1	Epithelial	12
ACAGCGCTCAGATACC-1	Epithelial	7
ACAGCGCTCAGTCTTT-1	Epithelial	2
ACAGCGCTCCACCTAC-1	B	1
ACAGCGCTCTCGACAA-1	B	13
ACAGCGCTCTCTATTG-1	Epithelial	2
ACAGCGCTCTGAGTCA-1	B	8
ACAGCGCTCTGGCCAG-1	Epithelial	2
ACAGCGCTCTTAACGG-1	B	8
ACAGGCCAGAAGCCGT-1	Epithelial	16
ACAGGCCAGACTAATG-1	Epithelial	6
ACAGGCCAGACTAGGC-1	Epithelial	12
ACAGGCCAGAGCACTG-1	B	1
ACAGGCCAGAGCGAAA-1	Epithelial	14
ACAGGCCCAATTCGTG-1	T	11
ACAGGCCCACAAGGGT-1	B	8
ACAGGCCCACTCAAGT-1	Epithelial	7
ACAGGCCCACTCGTGG-1	Epithelial	10
ACAGGCCCAGGTAACG-1	Epithelial	2
ACAGGCCCATGATTGC-1	Epithelial	0
ACAGGCCCATGCGACC-1	B	1
ACAGGCCGTAGCATGG-1	Myeloid	3
ACAGGCCGTAGGTCTT-1	Epithelial	2
ACAGGCCGTATGAAGT-1	B	13
ACAGGCCGTGACGCAA-1	Epithelial	6
ACAGGCCGTGCAACAG-1	Epithelial	7
ACAGGCCGTTACCCAA-1	B	1
ACAGGCCGTTTCAGCA-1	B	13
ACAGGCCTCAATTGGC-1	B	8
ACAGGCCTCAGTTGAC-1	B	4
ACAGGCCTCCGCTATC-1	Myeloid	3
ACAGGCCTCGACTATG-1	Epithelial	12
ACAGGCCTCGCTGATA-1	Epithelial	12
ACAGGCCTCTGGACAT-1	Stromal	9
ACATGCAAGAAGGGCG-1	Epithelial	7
ACATGCAAGACGTCAG-1	B	1
ACATGCAAGATGTTCC-1	Epithelial	10
ACATGCAAGCAGAGCT-1	Epithelial	15
ACATGCAAGGATCCTT-1	Epithelial	15
ACATGCAAGGGTATCG-1	Stromal	9
ACATGCACACAAACGG-1	B	8
ACATGCACAGGTCTGC-1	Epithelial	18
ACATGCACATCGACGC-1	Epithelial	17
ACATGCACATGGCCGT-1	Epithelial	10
ACATGCACATGTCCCT-1	B	1
ACATGCACATTCACGA-1	Epithelial	7
ACATGCACATTCGTCC-1	B	8
ACATGCAGTAACGGCA-1	Epithelial	2
ACATGCAGTCTGTCCT-1	Epithelial	16
ACATGCAGTGAGGGTT-1	B	1
ACATGCAGTTCCCGGA-1	Epithelial	18
ACATGCATCATCGCCT-1	Epithelial	15
ACATGCATCCTTACGC-1	Epithelial	2
ACATGCATCGATTACG-1	Epithelial	7
ACATGCATCGGAGTTT-1	Epithelial	10
ACATGCATCGGTCAGC-1	Myeloid	3
ACATGCATCGGTTGTA-1	Epithelial	17
ACATGCATCGTGATAC-1	B	8
ACATGCATCGTTCTAT-1	Epithelial	17
ACATGCATCTGTGTCC-1	B	1
ACATGGTAGAATACTG-1	Stromal	9
ACATGGTAGACTTCCA-1	Myeloid	3
ACATGGTAGCAGGAGG-1	Epithelial	2
ACATGGTAGCCAGAAC-1	B	8
ACATGGTAGCTACGCC-1	Epithelial	7
ACATGGTAGGAGACTC-1	Epithelial	17
ACATGGTAGGGTATCG-1	Myeloid	3
ACATGGTAGGTTGTGG-1	Epithelial	15
ACATGGTAGTGAAACT-1	Epithelial	15
ACATGGTCAAAGCATA-1	B	4
ACATGGTCAAGTTGCT-1	B	13
ACATGGTCAATGACTC-1	B	8
ACATGGTCACAAACGG-1	B	4
ACATGGTCAGATACAA-1	Epithelial	16
ACATGGTCAGCGTACC-1	Epithelial	2
ACATGGTCAGCGTCGT-1	Epithelial	2
ACATGGTCAGTAGTCT-1	Epithelial	14
ACATGGTCATCGACCG-1	B	4
ACATGGTGTAACGGCA-1	T	11
ACATGGTGTAGATTAG-1	Myeloid	3
ACATGGTGTCAGGCTC-1	Epithelial	7
ACATGGTGTCCGTCGA-1	Epithelial	12
ACATGGTGTGTTAGAA-1	Epithelial	18
ACATGGTGTTTCAGCA-1	B	8
ACATGGTGTTTCGTTT-1	Epithelial	17
ACATGGTTCACACGTA-1	Stromal	5
ACATGGTTCACCCTTG-1	Epithelial	2
ACATGGTTCCACGGCA-1	B	8
ACATGGTTCCATCATT-1	Epithelial	2
ACATGGTTCCCTACCA-1	Epithelial	12
ACATGGTTCGATGCAT-1	Stromal	5
ACATGGTTCGCCTTAC-1	Epithelial	10
ACATGGTTCGCGCCAA-1	Epithelial	10
ACATGGTTCGGCTATA-1	Epithelial	10
ACATGGTTCTGAGTAC-1	Epithelial	2
ACATGGTTCTGGCGCA-1	B	13
ACCAAACAGAAGAGTG-1	B	8
ACCAAACAGCCATCAT-1	Myeloid	3
ACCAAACAGGAGGCGA-1	Epithelial	16
ACCAAACAGGCAGATC-1	Epithelial	15
ACCAAACAGGCAGTGT-1	Epithelial	6
ACCAAACAGGGAGTTC-1	Stromal	9
ACCAAACAGGTGAACC-1	B	13
ACCAAACAGTTCCCGG-1	B	19
ACCAAACCAAGTAATG-1	Epithelial	7
ACCAAACCAATCCATG-1	Epithelial	14
ACCAAACCAATGGTAA-1	B	8
ACCAAACCACAGATGG-1	Epithelial	7
ACCAAACCACGCTAAT-1	B	13
ACCAAACCACTTATGG-1	Epithelial	15
ACCAAACCAGTATCTG-1	Epithelial	2
ACCAAACCATGCCCTT-1	Epithelial	12
ACCAAACGTACTTCAG-1	Epithelial	17
ACCAAACGTATTCGAC-1	B	4
ACCAAACGTCCAAGAG-1	Stromal	5
ACCAAACGTCTCTGCT-1	B	19
ACCAAACGTGAGCTAG-1	Epithelial	12
ACCAAACGTGCTGAAG-1	B	1
ACCAAACGTGGAAGCT-1	T	11
ACCAAACTCACATCCC-1	B	1
ACCAAACTCAGTTGAC-1	B	8
ACCAAACTCCACACCT-1	Epithelial	2
ACCAAACTCCGGACTG-1	B	13
ACCAAACTCGCACAAT-1	Epithelial	12
ACCAAACTCTGACTTT-1	Epithelial	6
ACCATCCAGACAACGC-1	B	4
ACCATCCAGCCTCGCA-1	Epithelial	7
ACCATCCAGGCCTAAG-1	B	1
ACCATCCAGTATCTGC-1	B	19
ACCATCCAGTCTGTGT-1	Epithelial	17
ACCATCCCAAGACACG-1	B	1
ACCATCCCAAGTGGCA-1	B	1
ACCATCCCAATGTAAG-1	Epithelial	12
ACCATCCCACTCGTGG-1	B	8
ACCATCCCAGCAGGTA-1	T	11
ACCATCCCAGTAACCT-1	Epithelial	6
ACCATCCCATAGCCAT-1	Epithelial	17
ACCATCCCATCCCAAA-1	B	13
ACCATCCCATTAGCAC-1	B	8
ACCATCCGTACCCACG-1	Epithelial	2
ACCATCCGTATGTCCA-1	B	13
ACCATCCGTCGCGCTA-1	T	11
ACCATCCGTGCGTTTA-1	B	8
ACCATCCGTTACGCTA-1	Epithelial	14
ACCATCCTCACTCCCA-1	B	1
ACCATCCTCGCACCTT-1	Epithelial	14
ACCATCCTCTTCACTA-1	B	1
ACCCAAAAGCTATCGT-1	Epithelial	7
ACCCAAAAGGCAAGGG-1	B	13
ACCCAAAAGGCCTAAG-1	Epithelial	17
ACCCAAAAGTCATCTG-1	B	19
ACCCAAACAAGGCTTT-1	B	1
ACCCAAACACATATCG-1	Epithelial	6
ACCCAAACACGATATC-1	B	13
ACCCAAACAGATTAAG-1	Epithelial	0
ACCCAAACATTGTGAC-1	Stromal	9
ACCCAAAGTACCCATA-1	B	8
ACCCAAAGTACGAGAC-1	Stromal	5
ACCCAAAGTACGCCCA-1	Epithelial	7
ACCCAAAGTACTAGAA-1	Epithelial	12
ACCCAAAGTATATGGA-1	B	19
ACCCAAAGTATGTCCA-1	B	1
ACCCAAAGTCATCGTA-1	B	13
ACCCAAAGTGGATTTC-1	Epithelial	12
ACCCAAAGTTTGTGAC-1	Epithelial	7
ACCCAAATCCAATCCC-1	Epithelial	14
ACCCAAATCCATACCC-1	Epithelial	7
ACCCAAATCCCACGGA-1	B	1
ACCCAAATCCCAGCAG-1	B	4
ACCCAAATCCCGAAGC-1	Myeloid	3
ACCCAAATCCTTCGAC-1	Myeloid	3
ACCCAAATCGATAGGG-1	T	11
ACCCAAATCGTGAACT-1	Epithelial	7
ACCCAAATCTTAATCC-1	B	8
ACCCAAATCTTGTCGC-1	Epithelial	18
ACCGAATAGCGTTAGG-1	B	1
ACCGAATAGTACCTCA-1	Epithelial	16
ACCGAATAGTGAGCTG-1	Epithelial	7
ACCGAATCAACCTCCT-1	Stromal	5
ACCGAATCAACTACTG-1	B	8
ACCGAATCACTTATGG-1	B	8
ACCGAATCAGTTAAAG-1	Epithelial	6
ACCGAATGTACCCATA-1	B	13
ACCGAATGTATCTAGC-1	Epithelial	10
ACCGAATGTCAAATCC-1	B	1
ACCGAATGTCAGGTGA-1	Epithelial	6
ACCGAATGTGAGTTGG-1	Epithelial	12
ACCGAATGTGCATTGT-1	Epithelial	12
ACCGAATGTTGGCTAT-1	Epithelial	14
ACCGAATTCTCGTAGA-1	B	1
ACCGCAGAGAACCCGA-1	B	1
ACCGCAGAGCAGGAGG-1	Epithelial	2
ACCGCAGAGGAAACTT-1	Epithelial	15
ACCGCAGAGGGTTCTT-1	B	1
ACCGCAGAGTCGTATC-1	Epithelial	18
ACCGCAGAGTTCGTTG-1	Epithelial	7
ACCGCAGCAACACGGA-1	T	11
ACCGCAGCAAGGAGGG-1	Stromal	5
ACCGCAGCAATAGCGG-1	B	4
ACCGCAGCAATTCTCT-1	B	1
ACCGCAGCACCACAGC-1	Epithelial	16
ACCGCAGCACCGATCG-1	Epithelial	18
ACCGCAGCAGATAAGT-1	Epithelial	18
ACCGCAGCAGGTAGGT-1	B	4
ACCGCAGCATTAAGGA-1	B	1
ACCGCAGGTAAACCCT-1	B	1
ACCGCAGGTAACGGTG-1	Epithelial	6
ACCGCAGGTAAGGTCG-1	Epithelial	17
ACCGCAGGTACGTAGG-1	Epithelial	14
ACCGCAGGTCAGCAAG-1	Epithelial	14
ACCGCAGGTCCCTTTG-1	B	13
ACCGCAGGTCTAAGAA-1	B	1
ACCGCAGGTGCCCGAT-1	B	4
ACCGCAGGTGGTACTT-1	Epithelial	0
ACCGCAGGTGGTCGAA-1	B	8
ACCGCAGGTGTGAGGT-1	B	13
ACCGCAGGTTCAGAAA-1	Epithelial	0
ACCGCAGGTTCCATCC-1	Myeloid	3
ACCGCAGTCACTGATG-1	B	1
ACCGCAGTCAGCACTA-1	Epithelial	7
ACCGCAGTCCAACGCG-1	Epithelial	10
ACCGCAGTCTGACTTT-1	B	13
ACCGGGTAGAAATTCG-1	Epithelial	10
ACCGGGTAGAACGACC-1	Epithelial	12
ACCGGGTAGATGTTGA-1	B	13
ACCGGGTAGCACACCC-1	Epithelial	12
ACCGGGTAGCGAATAT-1	Stromal	5
ACCGGGTAGGCGCTTC-1	B	13
ACCGGGTAGGCTTTAC-1	B	1
ACCGGGTAGTATGCTC-1	Epithelial	6
ACCGGGTAGTTGAATG-1	Epithelial	0
ACCGGGTAGTTGCTTG-1	B	8
ACCGGGTCAAATTGAG-1	B	4
ACCGGGTCAAGAAACT-1	Epithelial	15
ACCGGGTCAAGTAATG-1	Epithelial	12
ACCGGGTCACCGTCTT-1	Stromal	9
ACCGGGTCACGCCGAT-1	Epithelial	7
ACCGGGTCACGTTACA-1	B	1
ACCGGGTCAGGCACAA-1	T	11
ACCGGGTCAGTATCTG-1	Epithelial	12
ACCGGGTCATAGGCGA-1	B	8
ACCGGGTCATCCATAG-1	Epithelial	6
ACCGGGTCATCCCTTG-1	Epithelial	2
ACCGGGTCATGTAGAA-1	Epithelial	7
ACCGGGTGTAGAAGCC-1	Epithelial	18
ACCGGGTGTATGGGTG-1	Epithelial	0
ACCGGGTGTCAGAGTG-1	Epithelial	17
ACCGGGTGTGGTAAGC-1	Epithelial	2
ACCGGGTGTGTGTGTT-1	Epithelial	2
ACCGGGTGTTGGAGGT-1	Epithelial	16
ACCGGGTTCACAACAC-1	B	4
ACCGGGTTCACATTCT-1	B	8
ACCGGGTTCGAGAACG-1	B	1
ACCGGGTTCGCAAACT-1	Epithelial	2
ACCGGGTTCGCCACTT-1	Epithelial	6
ACCGGGTTCTCTGAGA-1	Epithelial	2
ACCTGCTAGAGACTCG-1	Epithelial	12
ACCTGCTAGGCCTAAG-1	Epithelial	12
ACCTGCTAGTTGACAA-1	B	1
ACCTGCTAGTTGCGCC-1	B	13
ACCTGCTCACCAAGGA-1	Epithelial	10
ACCTGCTCAGAGAGAA-1	B	8
ACCTGCTCATTTCACT-1	T	11
ACCTGCTGTAACGGTG-1	Epithelial	7
ACCTGCTGTACGTAAA-1	Epithelial	15
ACCTGCTGTATCCCTC-1	Epithelial	18
ACCTGCTGTGCGCATC-1	Epithelial	0
ACCTGCTGTTAACCAC-1	B	13
ACCTGCTGTTGAAGCG-1	Epithelial	16
ACCTGCTTCACGTGTA-1	Epithelial	12
ACCTGCTTCACTTACT-1	B	8
ACCTGCTTCAGGAATA-1	B	4
ACCTGCTTCGCCCTTA-1	Epithelial	7
ACCTGCTTCGGATGTT-1	Stromal	5
ACCTGCTTCTCTTCTC-1	Epithelial	10
ACCTGCTTCTGAACGT-1	B	8
ACCTGCTTCTTCCAGC-1	Epithelial	10
ACGGATTAGATTAGAC-1	Epithelial	7
ACGGATTAGCTGATTC-1	B	19
ACGGATTAGGCCTCGT-1	B	8
ACGGATTAGGGCTCTC-1	Epithelial	17
ACGGATTAGTATACGA-1	B	8
ACGGATTAGTGAGCAC-1	B	19
ACGGATTCAAGATGCG-1	B	1
ACGGATTCAATAGTGA-1	B	1
ACGGATTCACAAGGGT-1	B	8
ACGGATTCACACATGT-1	Myeloid	3
ACGGATTCACGCGACT-1	B	4
ACGGATTCAGCAACGA-1	Epithelial	2
ACGGATTCATCGACCG-1	Epithelial	2
ACGGATTCATGGCCCA-1	Epithelial	17
ACGGATTCATGGCCGT-1	Epithelial	10
ACGGATTGTCATCAAC-1	Epithelial	12
ACGGATTGTCGGCTGT-1	Epithelial	0
ACGGATTGTCTAAGAA-1	Epithelial	12
ACGGATTGTGTCTCGG-1	B	13
ACGGATTGTTTGTAGC-1	Epithelial	15
ACGGATTTCAGCCGAC-1	Epithelial	17
ACGGATTTCATGAACC-1	B	1
ACGGATTTCCACACCT-1	B	19
ACGGATTTCCAGTTAG-1	Epithelial	7
ACGGATTTCGGTCAGC-1	B	8
ACGGATTTCGTCTAGA-1	Epithelial	18
ACGGATTTCGTTCCGT-1	Epithelial	0
ACGGATTTCTCAGATG-1	B	8
ACGGATTTCTCTTAAC-1	Epithelial	18
ACGTGGCAGAGTCCGA-1	B	1
ACGTGGCAGCATTCCA-1	Stromal	5
ACGTGGCAGGCAGTAC-1	Epithelial	18
ACGTGGCAGGTTGTTC-1	Myeloid	3
ACGTGGCAGTAGTGTA-1	Epithelial	2
ACGTGGCAGTCTTAGC-1	Epithelial	6
ACGTGGCCACCTGTGG-1	Epithelial	6
ACGTGGCCACGAACGA-1	B	13
ACGTGGCCAGGATAGC-1	Epithelial	14
ACGTGGCCAGGTGTGA-1	B	1
ACGTGGCCATCACAAC-1	Epithelial	0
ACGTGGCCATCGAGTT-1	B	8
ACGTGGCCATTACCTT-1	B	13
ACGTGGCGTAGCCATT-1	Myeloid	3
ACGTGGCGTCAGAAAT-1	Myeloid	3
ACGTGGCGTGTCGTCG-1	B	1
ACGTGGCGTTGAAGCG-1	Epithelial	18
ACGTGGCGTTTAGGAA-1	B	8
ACGTGGCGTTTCTACT-1	Stromal	9
ACGTGGCTCAAACCCA-1	Epithelial	2
ACGTGGCTCACCCTTG-1	Epithelial	2
ACGTGGCTCATCGCTC-1	Epithelial	6
ACGTGGCTCCCTACGT-1	Epithelial	18
ACGTGGCTCGCATACA-1	Epithelial	18
ACGTGGCTCTACTTTG-1	Epithelial	14
ACGTGGCTCTGCGTCT-1	T	11
ACGTGGCTCTTAAGCG-1	Epithelial	7
ACGTGGCTCTTCCACG-1	Epithelial	12
ACGTTAGAGAAGCCGT-1	Epithelial	18
ACGTTAGAGACCGCAA-1	B	19
ACGTTAGAGATGTTCC-1	Epithelial	10
ACGTTAGAGCTGAGGT-1	B	8
ACGTTAGAGTACGCGA-1	Stromal	9
ACGTTAGCAATTGCCA-1	B	1
ACGTTAGCAGCTATAC-1	Epithelial	12
ACGTTAGCAGGCTACC-1	Epithelial	0
ACGTTAGCATCGCCTT-1	B	1
ACGTTAGGTACTTGAC-1	Epithelial	15
ACGTTAGGTATCTAGC-1	B	13
ACGTTAGGTCAACTGT-1	B	13
ACGTTAGGTCAATACC-1	Epithelial	15
ACGTTAGGTCAGAAAT-1	T	11
ACGTTAGGTCAGAAGC-1	Epithelial	12
ACGTTAGGTCTCTAAG-1	Epithelial	2
ACGTTAGGTGAATCGG-1	B	8
ACGTTAGGTTCTTTCA-1	B	8
ACGTTAGTCACGTGTA-1	B	8
ACGTTAGTCCAGGCCA-1	B	8
ACGTTAGTCCCACGGA-1	Epithelial	15
ACGTTAGTCCGGGCAT-1	Epithelial	15
ACGTTAGTCGGATGTT-1	Epithelial	2
ACGTTAGTCGTCCCAT-1	Epithelial	12
ACGTTAGTCTCTATTG-1	Epithelial	7
ACGTTAGTCTTACCTA-1	B	1
ACGTTAGTCTTTATCG-1	Epithelial	12
ACTAACGAGAGGCAGG-1	B	4
ACTAACGAGCCATCAT-1	Epithelial	7
ACTAACGAGCCTCGCA-1	T	11
ACTAACGAGGGCTTCC-1	B	1
ACTAACGAGGTCTTTG-1	Epithelial	12
ACTAACGAGGTTCGTT-1	Epithelial	6
ACTAACGAGTTCAACC-1	B	13
ACTAACGAGTTGCGCC-1	Myeloid	3
ACTAACGCAAGCACTT-1	B	1
ACTAACGCAATTCGTG-1	B	13
ACTAACGGTACGTAAA-1	Epithelial	7
ACTAACGGTAGAAGCC-1	Epithelial	0
ACTAACGGTCATAGCT-1	B	4
ACTAACGGTCTGGGCT-1	Myeloid	3
ACTAACGGTGCGTTTA-1	Stromal	9
ACTAACGGTTGTGAGG-1	B	8
ACTAACGTCCCGGGTA-1	Epithelial	10
ACTAACGTCCGTACGG-1	B	1
ACTAACGTCGACTTAG-1	Epithelial	17
ACTAACGTCTGGCACG-1	B	13
ACTACCCAGAGCTACG-1	B	8
ACTACCCAGATCCGAG-1	Epithelial	10
ACTACCCAGATCGAGC-1	T	11
ACTACCCAGGAATGGA-1	B	8
ACTACCCAGGAGACTC-1	Myeloid	3
ACTACCCAGGCTCAGA-1	T	11
ACTACCCAGGGCGAAG-1	Epithelial	15
ACTACCCAGTAGGTCG-1	B	19
ACTACCCAGTCATACC-1	T	11
ACTACCCAGTGAACCG-1	B	1
ACTACCCCAACTCCCT-1	B	1
ACTACCCCACGCGACT-1	Stromal	9
ACTACCCCACTGTAAC-1	Epithelial	15
ACTACCCCACTGTTAG-1	Epithelial	10
ACTACCCCAGGCAAGT-1	Epithelial	14
ACTACCCGTAACCCAT-1	Epithelial	2
ACTACCCGTAGGGTTG-1	Epithelial	17
ACTACCCGTATTCTTC-1	Stromal	9
ACTACCCGTCACAGGA-1	Myeloid	3
ACTACCCGTCATCAAC-1	B	1
ACTACCCGTCCAAGAG-1	B	1
ACTACCCGTGATAGAT-1	Epithelial	0
ACTACCCGTGCGCTCA-1	Epithelial	2
ACTACCCGTGTCCCAG-1	B	8
ACTACCCGTTGCAGAG-1	B	1
ACTACCCTCAAACCCA-1	B	8
ACTACCCTCACCGCGA-1	B	8
ACTACCCTCACTAGCA-1	Epithelial	18
ACTACCCTCAGTGTGT-1	Epithelial	7
ACTACCCTCCAACCTC-1	B	1
ACTACCCTCCAACGCG-1	Epithelial	7
ACTACCCTCCACACCT-1	Myeloid	3
ACTACCCTCCTAGAGT-1	Epithelial	15
ACTACCCTCGACGGAA-1	B	13
ACTACCCTCGACTCGG-1	Epithelial	0
ACTACCCTCGCTAGTA-1	Epithelial	16
ACTACCCTCTAGCTGA-1	B	8
ACTACCCTCTCCAACC-1	B	1
ACTACCCTCTCCTTGG-1	T	11
ACTACCCTCTCTCAAT-1	Epithelial	15
ACTACGAAGGGTGTTG-1	Epithelial	16
ACTACGAAGTGTCGGA-1	Epithelial	15
ACTACGACAAACCGAG-1	Epithelial	12
ACTACGACAAGGTCGA-1	Epithelial	7
ACTACGACAATTGGCT-1	Epithelial	0
ACTACGACACAGTTAC-1	B	8
ACTACGACACCACCAG-1	B	8
ACTACGACACCGAATT-1	Epithelial	0
ACTACGACACCTGGTG-1	Epithelial	16
ACTACGACAGAGATGC-1	B	1
ACTACGACAGGCATTT-1	Epithelial	18
ACTACGACATGGGAAC-1	B	13
ACTACGACATGGTTTG-1	Epithelial	17
ACTACGAGTATCCCTC-1	B	8
ACTACGAGTCAACTGT-1	Epithelial	12
ACTACGAGTCATAGAA-1	B	1
ACTACGAGTCATAGCT-1	B	8
ACTACGAGTCCAAGAG-1	Epithelial	7
ACTACGAGTGCCGGTT-1	Epithelial	0
ACTACGAGTTAAGTCC-1	Epithelial	2
ACTACGAGTTCCATCC-1	B	8
ACTACGAGTTCTTTGT-1	Epithelial	12
ACTACGAGTTTGCGAT-1	Epithelial	12
ACTACGATCAATGCAC-1	Stromal	9
ACTACGATCCAGAGAG-1	B	4
ACTACGATCCAGCACG-1	Epithelial	17
ACTACGATCCTGTGGG-1	Epithelial	2
ACTACGATCTGCCGAG-1	B	8
ACTACGATCTTAGTGG-1	B	19
ACTACGATCTTCCGTG-1	Epithelial	14
ACTAGGTAGAACGACC-1	B	8
ACTAGGTAGAGGAATG-1	B	8
ACTAGGTAGATTACGA-1	B	1
ACTAGGTAGCTCGGCT-1	B	4
ACTAGGTAGGAGTACC-1	B	8
ACTAGGTAGGCTCCTG-1	Stromal	5
ACTAGGTAGGTTAACA-1	B	4
ACTAGGTCAACCTCCT-1	Epithelial	15
ACTAGGTCAACTAGAA-1	Epithelial	18
ACTAGGTCAAGAGCGT-1	Epithelial	18
ACTAGGTCAAGCCAGA-1	Epithelial	7
ACTAGGTCACAGTAGG-1	B	13
ACTAGGTCACTCGGAC-1	Epithelial	7
ACTAGGTCATTGCGAT-1	B	8
ACTAGGTGTACGCAAG-1	B	8
ACTAGGTGTAGAATAC-1	Epithelial	15
ACTAGGTGTATCCTTT-1	Epithelial	17
ACTAGGTGTATTTGCG-1	Epithelial	12
ACTAGGTGTCACAGTT-1	Epithelial	7
ACTAGGTGTCGAGAAC-1	Epithelial	17
ACTAGGTGTCTGGTCG-1	Epithelial	15
ACTAGGTGTGATAACA-1	Epithelial	14
ACTAGGTGTGATTCCA-1	B	4
ACTAGGTGTGCAACAG-1	B	4
ACTAGGTGTGGCCTTG-1	B	1
ACTAGGTTCCTGTAGA-1	B	1
ACTAGGTTCGTGTGCG-1	B	1
ACTAGGTTCTGGCCAG-1	B	8
ACTAGGTTCTGTGTCC-1	Epithelial	17
ACTATTCAGAAAGCAG-1	B	1
ACTATTCAGAGCCACA-1	Epithelial	0
ACTATTCAGCCCATTA-1	T	11
ACTATTCAGTACGACG-1	Epithelial	17
ACTATTCCAAAGACGC-1	B	1
ACTATTCCAACGACAG-1	Epithelial	12
ACTATTCCAACGTCCG-1	Epithelial	17
ACTATTCCAAGCCCTG-1	B	1
ACTATTCCACCAAGGA-1	Epithelial	12
ACTATTCGTACCCATA-1	Myeloid	3
ACTATTCGTGCCGGTT-1	Epithelial	17
ACTATTCGTGGACCAA-1	B	8
ACTATTCGTGGACGAT-1	Myeloid	3
ACTATTCGTTATAGAG-1	B	13
ACTATTCGTTCAGTTG-1	Epithelial	0
ACTATTCTCACCGCGA-1	Epithelial	10
ACTATTCTCAGTTGAC-1	B	8
ACTATTCTCCAATCCC-1	B	13
ACTATTCTCTTATCAC-1	Epithelial	15
ACTATTCTCTTCACTA-1	Epithelial	6
ACTCGGGAGAGCAGCT-1	Myeloid	3
ACTCGGGAGAGCCACA-1	Epithelial	12
ACTCGGGAGGCATGCA-1	Epithelial	7
ACTCGGGAGGTAAGCC-1	Epithelial	7
ACTCGGGAGTACCACT-1	B	8
ACTCGGGAGTCGTGAG-1	T	11
ACTCGGGAGTTACACC-1	Epithelial	6
ACTCGGGCAAGGCTTT-1	Epithelial	12
ACTCGGGCAAGTCCTA-1	Epithelial	2
ACTCGGGCAATTCGTG-1	B	13
ACTCGGGCAGTCAGAG-1	B	1
ACTCGGGGTATTCTTC-1	Epithelial	12
ACTCGGGGTCAAACAA-1	Epithelial	10
ACTCGGGGTCAATACC-1	Epithelial	10
ACTCGGGGTCAGCTTA-1	B	1
ACTCGGGGTCTGGTTA-1	B	1
ACTCGGGGTTAAGTCC-1	B	8
ACTCGGGGTTTCAGCA-1	Epithelial	0
ACTCGGGTCCCAGCAG-1	B	1
ACTCGGGTCCTTACGC-1	Epithelial	0
ACTCGGGTCGTTCAGA-1	Epithelial	12
ACTCGGGTCTATATCC-1	Epithelial	6
ACTCGGGTCTTGTACT-1	B	4
ACTGCAAAGAAGGGCG-1	Epithelial	10
ACTGCAAAGACACTTC-1	Epithelial	12
ACTGCAAAGACTCTTG-1	B	8
ACTGCAAAGAGGAAGT-1	B	1
ACTGCAAAGATCACCT-1	B	19
ACTGCAAAGCTACGTT-1	Epithelial	12
ACTGCAAAGGAAACTT-1	B	13
ACTGCAAAGTCCCGCA-1	B	4
ACTGCAAAGTGTAATG-1	B	19
ACTGCAAAGTTGCCGC-1	B	1
ACTGCAACAACTCAAC-1	B	1
ACTGCAACAAGACTAA-1	B	8
ACTGCAACACGGCCAT-1	B	8
ACTGCAACACTGTAAC-1	B	8
ACTGCAACACTTACAG-1	B	4
ACTGCAACAGCAACCC-1	B	1
ACTGCAACATCTCTCG-1	Stromal	5
ACTGCAAGTACAAATG-1	Myeloid	3
ACTGCAAGTCCTCAGG-1	B	13
ACTGCAAGTGCATTCA-1	B	1
ACTGCAAGTGTTGGTT-1	T	11
ACTGCAAGTTCTTATC-1	Epithelial	18
ACTGCAAGTTGTCGGC-1	B	13
ACTGCAAGTTTCTACT-1	Epithelial	2
ACTGCAATCAGTTGAC-1	B	4
ACTGCAATCCAACAAC-1	Myeloid	3
ACTGCAATCCAATCCC-1	Epithelial	0
ACTGCAATCCCACGGA-1	Epithelial	18
ACTGCAATCCTGAAAC-1	Epithelial	0
ACTGCAATCGATGTAC-1	Epithelial	14
ACTGCAATCGCAAGCC-1	B	8
ACTGCAATCGGCAATT-1	Epithelial	14
ACTGCAATCTACATCT-1	Epithelial	12
ACTGCAATCTGGGCGT-1	B	1
ACTGCAATCTTGCGCT-1	T	11
ACTGCGGAGAAAGGGT-1	Epithelial	18
ACTGCGGAGCCTCGCA-1	B	13
ACTGCGGAGCTCGGCT-1	Myeloid	3
ACTGCGGAGTGCTAGG-1	B	8
ACTGCGGAGTTGAATG-1	Epithelial	7
ACTGCGGCACATATCG-1	Epithelial	0
ACTGCGGCAGGCACAA-1	Epithelial	2
ACTGCGGCAGGTGGTA-1	Epithelial	17
ACTGCGGCATCATGTG-1	B	1
ACTGCGGCATCGCTAA-1	B	1
ACTGCGGGTACATGGG-1	Epithelial	2
ACTGCGGGTACCTATG-1	Epithelial	18
ACTGCGGGTATCTAGC-1	Epithelial	2
ACTGCGGGTCCGTGCA-1	B	13
ACTGCGGGTTAAGGGC-1	Epithelial	14
ACTGCGGGTTGGCGAA-1	B	8
ACTGCGGGTTGTGACT-1	Epithelial	18
ACTGCGGTCAGGGTTT-1	B	8
ACTGCGGTCCTTCGAC-1	Epithelial	10
ACTGCGGTCGCTTACC-1	Epithelial	6
ACTGCGGTCTCGACAA-1	Epithelial	7
ACTGCGGTCTCTTCTC-1	Epithelial	15
ACTGCGGTCTGTTGCC-1	Epithelial	14
ACTGTCCAGAACAGGA-1	B	4
ACTGTCCAGACTCGGA-1	Epithelial	2
ACTGTCCAGAGAATTC-1	B	8
ACTGTCCAGCCAGAAC-1	Epithelial	12
ACTGTCCCAGGACCTC-1	Epithelial	12
ACTGTCCCATCGGCCA-1	B	8
ACTGTCCGTACGTAGG-1	B	13
ACTGTCCGTATCTAGC-1	B	13
ACTGTCCGTATCTCAG-1	Epithelial	10
ACTGTCCGTCTAAAGA-1	Epithelial	14
ACTGTCCGTGATAAGT-1	Epithelial	17
ACTGTCCGTTACACTG-1	Epithelial	18
ACTGTCCTCCAGTTAG-1	Myeloid	3
ACTGTCCTCCCGATTC-1	Epithelial	17
ACTGTCCTCCGAGGAA-1	B	8
ACTGTCCTCTTTATCG-1	B	1
ACTTCCGAGAGTGGAA-1	Epithelial	18
ACTTCCGAGTACCACT-1	Epithelial	2
ACTTCCGAGTAGGAAG-1	Epithelial	7
ACTTCCGCAAGCCCTG-1	B	8
ACTTCCGCAAGGATGC-1	Stromal	5
ACTTCCGCAAGGTCGA-1	Epithelial	17
ACTTCCGCAATGCCAT-1	B	8
ACTTCCGCAGAACAGC-1	B	13
ACTTCCGCATCATGTG-1	Stromal	5
ACTTCCGCATGCCCTT-1	Epithelial	15
ACTTCCGGTAGCCATT-1	Epithelial	6
ACTTCCGGTCGTAGTT-1	Epithelial	15
ACTTCCGGTGACGCAA-1	B	13
ACTTCCGGTGTGACCC-1	B	1
ACTTCCGGTTACGAAA-1	B	1
ACTTCCGGTTCCAATG-1	B	19
ACTTCCGTCAGAATGA-1	Epithelial	0
ACTTCCGTCATGCTTT-1	B	4
ACTTCCGTCCTAAAGC-1	B	19
ACTTCCGTCGTAGCGC-1	Epithelial	12
ACTTCCGTCGTCTAGA-1	B	8
ACTTCCGTCTACATCT-1	B	4
ACTTTCAAGAATACTG-1	B	8
ACTTTCAAGCAGTAGC-1	B	8
ACTTTCAAGGTTACAA-1	B	1
ACTTTCACAAGATTAG-1	Epithelial	7
ACTTTCACAAGCGGTA-1	B	1
ACTTTCACAAGTAATG-1	Epithelial	18
ACTTTCACAGAACTTC-1	B	19
ACTTTCACAGGGTACA-1	Epithelial	10
ACTTTCAGTAGAACGC-1	Epithelial	15
ACTTTCAGTATCCCTC-1	B	1
ACTTTCAGTCAAGACG-1	Epithelial	18
ACTTTCAGTGCACCCA-1	Epithelial	0
ACTTTCAGTTCCTATT-1	Epithelial	2
ACTTTCAGTTGGTAAA-1	Epithelial	18
ACTTTCATCACTAGGT-1	Epithelial	12
ACTTTCATCAGTACAC-1	B	4
ACTTTCATCCATCATT-1	Epithelial	17
ACTTTCATCCCACGGA-1	B	4
ACTTTCATCCTAAGTG-1	Epithelial	7
ACTTTCATCGATGCAT-1	B	1
ACTTTCATCTTCACTA-1	Epithelial	18
AGACAAAAGAGTTCGG-1	Epithelial	15
AGACAAAAGGATATCA-1	Epithelial	2
AGACAAAAGTACCCAT-1	Epithelial	6
AGACAAAAGTCACACT-1	Epithelial	17
AGACAAAAGTGGTGTG-1	Epithelial	16
AGACAAAAGTTCAGGG-1	Epithelial	10
AGACAAACAAATAGTG-1	Epithelial	7
AGACAAACAACTAGAA-1	B	8
AGACAAACAATGCACT-1	B	8
AGACAAACAATGGTCT-1	Epithelial	7
AGACAAACACACACCG-1	Epithelial	12
AGACAAACACCAAGGA-1	Stromal	9
AGACAAACATAGCCAT-1	B	1
AGACAAAGTATTCACG-1	B	8
AGACAAAGTATTCTCT-1	B	8
AGACAAAGTCAAACAA-1	B	13
AGACAAAGTCACTCTC-1	B	13
AGACAAAGTCATAGCT-1	B	8
AGACAAAGTCTCGGGT-1	Epithelial	2
AGACAAAGTGATGCGA-1	Epithelial	17
AGACAAAGTGCAGACA-1	B	8
AGACAAAGTTGGGAAC-1	B	1
AGACAAATCAAGTTGC-1	Epithelial	7
AGACAAATCAGTGGTT-1	B	19
AGACAAATCCAACAAC-1	Epithelial	14
AGACAAATCCCTACGT-1	B	1
AGACAAATCCGATTGA-1	Stromal	9
AGACAAATCGTCAACA-1	Epithelial	10
AGACAAATCTCGTGAA-1	Epithelial	6
AGACAAATCTTAGTGG-1	Epithelial	0
AGATAGAAGAAGCCGT-1	Epithelial	2
AGATAGAAGATGCGCA-1	Stromal	9
AGATAGAAGATGGCAC-1	Epithelial	6
AGATAGAAGATGGGAA-1	Epithelial	2
AGATAGAAGATGTTCC-1	B	13
AGATAGAAGCGAGAAA-1	Epithelial	12
AGATAGAAGGATGCCA-1	Epithelial	12
AGATAGAAGGGATCCA-1	B	4
AGATAGAAGTAACATG-1	Myeloid	3
AGATAGAAGTCAGGAC-1	B	8
AGATAGAAGTGTCCCG-1	B	19
AGATAGACAAACAGTA-1	B	8
AGATAGACAAGCACTT-1	B	13
AGATAGACACGCGTTG-1	B	1
AGATAGACATCCTCGT-1	Epithelial	14
AGATAGACATCGTACA-1	Epithelial	2
AGATAGACATGACTGT-1	Epithelial	12
AGATAGACATGGGTGA-1	B	8
AGATAGAGTAACCCAT-1	Epithelial	14
AGATAGAGTGACGCAA-1	Epithelial	17
AGATAGAGTTTGCATG-1	T	11
AGATAGATCAAGGCCC-1	B	8
AGATAGATCAATCGTG-1	B	8
AGATAGATCACTACCC-1	B	1
AGATAGATCCAGTACA-1	B	1
AGATAGATCTCGACAA-1	Epithelial	2
AGATAGATCTTCCACG-1	B	8
AGATTCGAGCCAGAAC-1	Epithelial	16
AGATTCGAGCCATTCA-1	Epithelial	0
AGATTCGAGCGCACAA-1	B	13
AGATTCGAGGAAGGTA-1	T	11
AGATTCGAGGTTCGAG-1	Epithelial	2
AGATTCGAGTACAGTA-1	B	13
AGATTCGAGTACCCAT-1	B	8
AGATTCGAGTCGTACT-1	B	13
AGATTCGAGTGATCTC-1	T	11
AGATTCGAGTGCTAGG-1	Epithelial	0
AGATTCGCATATACGC-1	B	13
AGATTCGCATCGTACA-1	Epithelial	0
AGATTCGCATGGCCTG-1	Stromal	9
AGATTCGCATTAACGC-1	Epithelial	10
AGATTCGCATTTGGCA-1	Epithelial	15
AGATTCGGTAAAGCTA-1	B	1
AGATTCGGTACGGATG-1	B	1
AGATTCGGTAGAAGCC-1	Myeloid	3
AGATTCGGTATTGTCG-1	Epithelial	2
AGATTCGGTCTGGGAA-1	Epithelial	18
AGATTCGTCAGCACTA-1	Epithelial	7
AGATTCGTCAGGCCGT-1	Epithelial	12
AGATTCGTCCACTAGA-1	Epithelial	12
AGATTCGTCCCAGCAG-1	B	19
AGATTCGTCCGTGCAG-1	Epithelial	12
AGATTCGTCCTCAAGA-1	B	13
AGATTCGTCTAGCAGT-1	Epithelial	17
AGATTCGTCTTCTCTC-1	Myeloid	3
AGATTCGTCTTCTTCC-1	Epithelial	17
AGCCAGCAGAATCAGT-1	B	1
AGCCAGCAGATCGAGC-1	Epithelial	18
AGCCAGCAGCACGTAG-1	B	13
AGCCAGCAGGCAAGCT-1	Epithelial	7
AGCCAGCAGGGTATCG-1	Epithelial	6
AGCCAGCAGTTACACC-1	B	8
AGCCAGCAGTTAGCAA-1	Epithelial	7
AGCCAGCCAACACGGA-1	Epithelial	15
AGCCAGCCAAGACTAA-1	Epithelial	15
AGCCAGCCAATGACTC-1	Epithelial	7
AGCCAGCCATATAGAG-1	B	1
AGCCAGCGTAATGCCT-1	B	8
AGCCAGCGTCCAAGTT-1	Myeloid	3
AGCCAGCGTCCGCTTT-1	Epithelial	15
AGCCAGCGTGCGCATC-1	Epithelial	18
AGCCAGCGTTACACTG-1	B	4
AGCCAGCGTTGTATCG-1	Stromal	5
AGCCAGCTCCACCTAC-1	B	8
AGCCAGCTCCCGATTC-1	B	13
AGCCAGCTCTATTTCG-1	B	8
AGCCAGCTCTTACGGA-1	Epithelial	16
AGCCCGAAGAATCAGT-1	B	19
AGCCCGAAGACTCGGA-1	B	4
AGCCCGAAGCTAGCAG-1	B	8
AGCCCGAAGGCAAGCT-1	B	13
AGCCCGAAGTGAGTTA-1	B	13
AGCCCGAAGTGTCACT-1	Myeloid	3
AGCCCGACAAGACTAA-1	Epithelial	15
AGCCCGACAAGCAGGT-1	B	4
AGCCCGACACAAGGGT-1	B	8
AGCCCGACACGTTAGT-1	Epithelial	10
AGCCCGACAGCAACGA-1	Epithelial	16
AGCCCGACATTAGCAC-1	Epithelial	10
AGCCCGAGTAACACTC-1	B	13
AGCCCGAGTAACGGAC-1	Stromal	9
AGCCCGAGTACCGGCT-1	Epithelial	12
AGCCCGAGTAGTAACA-1	Epithelial	15
AGCCCGATCACTAGGT-1	T	11
AGCCCGATCCATTGAG-1	B	19
AGCCCGATCCCAATGA-1	Epithelial	2
AGCCCGATCCGGACTG-1	Epithelial	7
AGCCCGATCTAAACGC-1	Epithelial	2
AGCCGCAAGAAGACTT-1	Epithelial	12
AGCCGCAAGAATGCTA-1	B	1
AGCCGCAAGAGTTCGG-1	Epithelial	17
AGCCGCAAGCCATCAT-1	Epithelial	6
AGCCGCAAGCTTCAAC-1	Epithelial	0
AGCCGCAAGGCTTAAA-1	B	13
AGCCGCACAACTGCGC-1	Epithelial	10
AGCCGCACAAGCCAGA-1	Epithelial	10
AGCCGCACACGCTAAT-1	Epithelial	12
AGCCGCACAGATGGCA-1	B	1
AGCCGCACAGTAACCT-1	Myeloid	3
AGCCGCACATGGGAAC-1	B	13
AGCCGCACATGGGTGA-1	Myeloid	3
AGCCGCAGTAGAACGC-1	Stromal	9
AGCCGCAGTATCTCAG-1	Epithelial	14
AGCCGCAGTGCCCAGT-1	B	8
AGCCGCAGTTCATTTC-1	T	11
AGCCGCAGTTTCCGGG-1	Epithelial	10
AGCCGCATCAGGTCTA-1	Epithelial	10
AGCCGCATCCACCTAC-1	Epithelial	0
AGCCGCATCCAGTACA-1	T	11
AGCCGCATCCATATCT-1	Epithelial	0
AGCCGCATCCTCCAGT-1	Epithelial	2
AGCCGCATCGCGTTCT-1	B	8
AGCCGCATCGGGATCC-1	Epithelial	0
AGCCGCATCGTCAACA-1	Epithelial	10
AGCCGCATCTATACCT-1	Epithelial	7
AGCCGCATCTGGGCGT-1	Epithelial	7
AGCCGCATCTTCCGTG-1	Epithelial	2
AGCCTCTAGAAATTCG-1	Stromal	5
AGCCTCTAGAACTAAC-1	B	1
AGCCTCTAGCAACGGT-1	Epithelial	2
AGCCTCTAGCGGACTA-1	B	8
AGCCTCTAGCGTCTGC-1	Epithelial	12
AGCCTCTAGGCTTCGC-1	Epithelial	10
AGCCTCTAGGTAAGCC-1	Epithelial	12
AGCCTCTAGTGAACCG-1	Epithelial	12
AGCCTCTAGTGTCGCC-1	Epithelial	12
AGCCTCTCAACTCCCT-1	Epithelial	2
AGCCTCTCAATGCCAT-1	Epithelial	10
AGCCTCTCACACATGT-1	B	1
AGCCTCTCACTTTGGA-1	Epithelial	18
AGCCTCTCATGTATCG-1	B	13
AGCCTCTGTAGAATAC-1	B	19
AGCCTCTGTATCGCGC-1	Epithelial	18
AGCCTCTGTCCAAGTT-1	Epithelial	12
AGCCTCTGTCTGGTTA-1	T	11
AGCCTCTGTGCATTGT-1	Myeloid	3
AGCCTCTGTGGACTGA-1	B	4
AGCCTCTGTTCATTTC-1	B	8
AGCCTCTTCCCAGTAA-1	B	8
AGCCTCTTCCTTTGCG-1	Epithelial	0
AGCCTCTTCGCCCTTA-1	Epithelial	7
AGCCTCTTCGCTATAG-1	B	8
AGCCTCTTCTACTGCC-1	T	11
AGCCTGGAGACTTCCA-1	Epithelial	18
AGCCTGGAGAGTCCGA-1	T	11
AGCCTGGAGTGAGTTA-1	B	13
AGCCTGGCAAGATGCG-1	Epithelial	2
AGCCTGGCATCCCGGA-1	Epithelial	18
AGCCTGGCATCGTACA-1	Epithelial	6
AGCCTGGGTAACGGTG-1	Epithelial	12
AGCCTGGGTATTCTGG-1	Epithelial	15
AGCCTGGGTGTTGTTG-1	B	8
AGCCTGGGTTGTGACT-1	Epithelial	7
AGCCTGGTCAAGAGGC-1	B	8
AGCCTGGTCACAAGCT-1	Epithelial	14
AGCCTGGTCCAGTTAG-1	Epithelial	10
AGCCTGGTCCGAGAGA-1	B	8
AGCCTGGTCGATGTGT-1	Epithelial	7
AGCCTGGTCTTCCACG-1	Epithelial	6
AGCCTTCAGAGGTCCA-1	Epithelial	7
AGCCTTCAGATCTAAG-1	B	1
AGCCTTCAGGATGTCG-1	B	1
AGCCTTCAGTGCTCGC-1	Epithelial	16
AGCCTTCAGTTACACC-1	B	8
AGCCTTCCAACGAGGT-1	Epithelial	0
AGCCTTCCAAGCTTTG-1	Myeloid	3
AGCCTTCCAAGTTCGT-1	B	1
AGCCTTCCAGAAGTGC-1	B	8
AGCCTTCCAGCGCGTT-1	B	4
AGCCTTCCAGTTCGGC-1	Epithelial	12
AGCCTTCCATGCGACC-1	B	8
AGCCTTCCATGGGACA-1	Epithelial	2
AGCCTTCGTAGGTAAT-1	Epithelial	17
AGCCTTCGTCAAGACG-1	Epithelial	18
AGCCTTCGTCTCGGGT-1	Epithelial	6
AGCCTTCGTTCAGAAA-1	Epithelial	17
AGCCTTCGTTCCATCC-1	Epithelial	0
AGCCTTCTCACTAGCA-1	Epithelial	16
AGCCTTCTCCCGTATC-1	Stromal	9
AGCCTTCTCCGCGATG-1	B	4
AGCCTTCTCCTCCCAA-1	Epithelial	18
AGCCTTCTCGACTATG-1	Epithelial	10
AGCCTTCTCGATGAAA-1	B	13
AGCCTTCTCGGATAAA-1	Epithelial	12
AGCCTTCTCGGTTAGT-1	Epithelial	15
AGCCTTCTCTATTTCG-1	Epithelial	6
AGCGATTAGAAACGCC-1	Epithelial	17
AGCGATTAGACTAGGC-1	Epithelial	7
AGCGATTAGAGTTTGA-1	B	1
AGCGATTAGATTACGA-1	B	13
AGCGATTAGGCGCTTC-1	B	1
AGCGATTAGTACCACT-1	Epithelial	18
AGCGATTCAGACTAAA-1	Epithelial	14
AGCGATTCAGCAACCC-1	Epithelial	6
AGCGATTCATCATGTG-1	Stromal	5
AGCGATTCATTAACGC-1	T	11
AGCGATTGTAGTAACA-1	Stromal	5
AGCGATTGTATGAAGT-1	B	1
AGCGATTGTCAGGCTC-1	B	4
AGCGATTGTCTCTGGG-1	B	13
AGCGATTGTGGCCTCA-1	Epithelial	0
AGCGATTGTTCAGTTG-1	Epithelial	15
AGCGATTTCACAAGCT-1	Epithelial	18
AGCGATTTCCAAGAGG-1	Epithelial	17
AGCGATTTCCCACTTG-1	Epithelial	15
AGCGATTTCGGTTGTA-1	B	13
AGCGATTTCGTTGTTT-1	Epithelial	15
AGCGATTTCTGAACGT-1	B	8
AGCGTATAGGAGTAGA-1	Epithelial	15
AGCGTATCAACTGCGC-1	Epithelial	17
AGCGTATCAAGCTTTG-1	Epithelial	10
AGCGTATCACCCTTAC-1	Epithelial	12
AGCGTATCAGCCGAAA-1	Epithelial	2
AGCGTATGTAGCTGTT-1	Epithelial	17
AGCGTATGTCACAGTT-1	Epithelial	6
AGCGTATGTGATGCTT-1	Epithelial	7
AGCGTATGTTACGAAA-1	Epithelial	12
AGCGTATGTTACGCTA-1	Epithelial	10
AGCGTATGTTTGTGAC-1	B	8
AGCGTATTCAAGAGGC-1	B	1
AGCGTATTCCAGAGAG-1	B	1
AGCGTATTCCGGAAAG-1	B	1
AGCGTATTCCTTACGC-1	Epithelial	6
AGCGTATTCGAGAACG-1	T	11
AGCGTATTCGTTGTAG-1	B	13
AGCGTATTCTACTTTG-1	Epithelial	6
AGCGTATTCTATAGGC-1	B	8
AGCGTATTCTCCAACC-1	Epithelial	15
AGCGTATTCTCTGACC-1	Epithelial	15
AGCGTATTCTTACCTA-1	B	13
AGCGTGCAGAAATACC-1	Epithelial	17
AGCGTGCAGACCGCAA-1	B	8
AGCGTGCAGCCCATTA-1	B	8
AGCGTGCAGTACCTCA-1	Epithelial	18
AGCGTGCAGTAGGTCG-1	Stromal	5
AGCGTGCCAACATAAG-1	Epithelial	15
AGCGTGCCAAGTAATG-1	B	1
AGCGTGCCAATGGTAA-1	Epithelial	14
AGCGTGCCAATTGGCT-1	B	13
AGCGTGCCACACTAGT-1	Epithelial	0
AGCGTGCCATTCCCGT-1	Epithelial	15
AGCGTGCGTATGGATA-1	B	13
AGCGTGCGTCAGCTTA-1	Epithelial	10
AGCGTGCGTCCGTAGC-1	B	8
AGCGTGCGTCTAAGAA-1	Epithelial	18
AGCGTGCGTCTGGTTA-1	B	4
AGCGTGCGTTCTTTCA-1	B	8
AGCGTGCTCACCCGGA-1	B	13
AGCGTGCTCACTACCC-1	B	1
AGCGTGCTCACTTACT-1	Epithelial	6
AGCGTGCTCAGTCTTT-1	B	1
AGCGTGCTCCATACCC-1	Epithelial	0
AGCGTGCTCCTGTAGA-1	B	8
AGCGTGCTCGATGTAC-1	B	8
AGCGTGCTCGGGAATG-1	Epithelial	15
AGCGTGCTCTACATCT-1	Epithelial	7
AGCTATGAGACTTCCA-1	B	19
AGCTATGAGCATTGGG-1	Epithelial	17
AGCTATGAGCGTTGCC-1	B	1
AGCTATGCAGGATGTG-1	T	11
AGCTATGCATGGGACA-1	Epithelial	16
AGCTATGCATGGTTTG-1	Epithelial	17
AGCTATGGTAGCGGTA-1	T	11
AGCTATGGTCATTGGT-1	Epithelial	10
AGCTATGGTCGAGGTA-1	T	11
AGCTATGGTCTGGTCG-1	B	8
AGCTATGGTGCACATT-1	Epithelial	12
AGCTATGGTTCCGCGA-1	B	1
AGCTATGGTTTGTACG-1	Epithelial	6
AGCTATGTCAGGCCGT-1	Epithelial	12
AGCTATGTCCCATAGA-1	Epithelial	10
AGCTATGTCCGATTGA-1	B	4
AGCTATGTCCTCCCAA-1	Epithelial	0
AGCTATGTCGATGTGT-1	Epithelial	7
AGCTATGTCGCACCGA-1	Epithelial	17
AGCTATGTCTGGCCAG-1	T	11
AGCTGATAGAACGTTA-1	B	13
AGCTGATAGAGTTTGA-1	B	8
AGCTGATAGGCAGTGT-1	Epithelial	14
AGCTGATAGGCATGCA-1	Epithelial	12
AGCTGATAGTCGAAAT-1	Epithelial	10
AGCTGATCAAACCGAG-1	B	8
AGCTGATCAAAGGAAG-1	Epithelial	7
AGCTGATCAAGATTAG-1	B	1
AGCTGATCAAGGAAGA-1	Epithelial	7
AGCTGATCACATCATG-1	B	8
AGCTGATCATTAACGC-1	T	11
AGCTGATGTAAACGAT-1	B	8
AGCTGATGTCAAGACG-1	B	1
AGCTGATGTCACCCGA-1	Epithelial	17
AGCTGATGTCCAAGAG-1	Epithelial	12
AGCTGATGTCTGGTTA-1	B	4
AGCTGATGTGAAACAT-1	Epithelial	17
AGCTGATGTGATAAGT-1	Epithelial	2
AGCTGATGTGATGCTT-1	Epithelial	6
AGCTGATGTTCCCTTG-1	B	8
AGCTGATTCACTGGTA-1	Epithelial	0
AGCTGATTCAGCCGAC-1	B	13
AGCTGATTCGCCTTAC-1	Epithelial	6
AGCTGATTCTCTATTG-1	Epithelial	0
AGCTGGCAGCAACTGG-1	Epithelial	12
AGCTGGCAGGAAGACA-1	Epithelial	18
AGCTGGCAGTCCGATT-1	Epithelial	18
AGCTGGCCAAGGTTCT-1	B	13
AGCTGGCCACTGCTCT-1	Epithelial	12
AGCTGGCCAGATTAAG-1	Stromal	5
AGCTGGCCAGTTAAAG-1	T	11
AGCTGGCCATCCGTAA-1	B	8
AGCTGGCCATCGTACA-1	B	1
AGCTGGCGTATTCACG-1	B	8
AGCTGGCGTGCAAGAC-1	Epithelial	12
AGCTGGCGTGCCCTAG-1	Epithelial	2
AGCTGGCGTTCTTTGT-1	B	8
AGCTGGCTCCGGCGAT-1	Epithelial	18
AGCTGGCTCCGTGCAG-1	T	11
AGCTGGCTCGCGCTGA-1	B	8
AGCTGGCTCGGTTAGT-1	Epithelial	10
AGCTGGCTCTGGGCGT-1	Epithelial	7
AGCTGGCTCTTGCGCT-1	B	13
AGCTGTAAGACACTTC-1	Epithelial	10
AGCTGTAAGACTAATG-1	Epithelial	18
AGCTGTAAGAGAACCC-1	B	1
AGCTGTAAGGCGATTG-1	Epithelial	10
AGCTGTAAGTACAACA-1	B	1
AGCTGTACAACGGGTA-1	B	1
AGCTGTACAAGGAGGG-1	Epithelial	10
AGCTGTACAGTGCTCG-1	B	1
AGCTGTACATAGAATG-1	B	1
AGCTGTACATCCTCGT-1	Epithelial	2
AGCTGTACATGTATCG-1	Epithelial	17
AGCTGTACATTCTCGC-1	Epithelial	12
AGCTGTACATTTCTTG-1	Epithelial	17
AGCTGTAGTAACTCCA-1	Stromal	9
AGCTGTAGTACATGGG-1	T	11
AGCTGTAGTATTTGCG-1	Epithelial	14
AGCTGTAGTTACCACA-1	B	1
AGCTGTAGTTGGAGGT-1	B	13
AGCTGTATCACATTCT-1	T	11
AGCTGTATCAGAATGA-1	Epithelial	7
AGCTGTATCCCATAGA-1	Stromal	9
AGCTGTATCGGGTCCA-1	B	13
AGCTGTATCGGTAGGA-1	B	1
AGCTGTATCTCCACTG-1	B	13
AGCTGTATCTTCATAC-1	Epithelial	6
AGGACGAAGAAATCTG-1	Epithelial	2
AGGACGAAGATTAGAC-1	Myeloid	3
AGGACGAAGGAGGCGA-1	B	1
AGGACGAAGTAACTCC-1	Epithelial	15
AGGACGACAATTCAGC-1	B	1
AGGACGACAGACCTGC-1	B	8
AGGACGACATGCGTTA-1	Epithelial	12
AGGACGACATTCCCGT-1	T	11
AGGACGAGTAGAACGC-1	B	1
AGGACGAGTATGGGTG-1	Epithelial	6
AGGACGAGTCAAGACG-1	B	8
AGGACGAGTCAATCCA-1	Epithelial	17
AGGACGAGTTAGAGAT-1	Epithelial	12
AGGACGAGTTCAGAAA-1	Epithelial	2
AGGACGAGTTCCCAAA-1	B	1
AGGACGATCCATCGAA-1	B	13
AGGACGATCCGCGATG-1	Myeloid	3
AGGACGATCCTCCCAA-1	B	1
AGGACGATCGATAGGG-1	B	13
AGGACGATCGATATGC-1	Epithelial	18
AGGACGATCTACATCT-1	Epithelial	15
AGGCCCAAGAACCATA-1	Epithelial	15
AGGCCCAAGACCAATA-1	Epithelial	15
AGGCCCAAGATGAGGA-1	T	11
AGGCCCAAGCTTACCA-1	B	1
AGGCCCAAGGAGTAGA-1	B	4
AGGCCCAAGTCATCTG-1	Epithelial	6
AGGCCCAAGTGGGACT-1	B	19
AGGCCCACAAAGGAAG-1	Epithelial	0
AGGCCCACAAATGTCC-1	B	8
AGGCCCACAATGTGCT-1	B	8
AGGCCCACAATTCAGC-1	B	8
AGGCCCACACACATTG-1	Epithelial	12
AGGCCCACACCACGAC-1	Epithelial	2
AGGCCCACACCGAAAG-1	Epithelial	2
AGGCCCACACCTACCT-1	Epithelial	2
AGGCCCACACTGTTAG-1	B	13
AGGCCCACAGCAGGTA-1	B	1
AGGCCCACAGTTCGGC-1	Myeloid	3
AGGCCCACATCAACTG-1	B	19
AGGCCCACATTTAGGC-1	B	8
AGGCCCAGTCAGCTTA-1	B	19
AGGCCCAGTCTGGTTA-1	B	1
AGGCCCAGTGCGCATC-1	B	1
AGGCCCAGTTCCAGTA-1	B	13
AGGCCCATCACAACAC-1	Stromal	5
AGGCCCATCCACGAGC-1	B	13
AGGCCCATCGATGAAA-1	B	8
AGGCCCATCGCCAGAC-1	B	8
AGGCCCATCGTTTGAG-1	Epithelial	10
AGGCCCATCTCAGATG-1	Epithelial	14
AGGCCTGAGAGCGAAA-1	Epithelial	12
AGGCCTGAGAGGAAGT-1	Epithelial	0
AGGCCTGAGATGTTCC-1	B	1
AGGCCTGAGCGAATAT-1	Epithelial	10
AGGCCTGAGCGGACTA-1	Stromal	5
AGGCCTGCACTACACA-1	Epithelial	17
AGGCCTGCACTCGTGG-1	Stromal	5
AGGCCTGCATCGTACA-1	Myeloid	3
AGGCCTGGTATCGCGC-1	Epithelial	14
AGGCCTGGTATGGGTG-1	Epithelial	10
AGGCCTGGTTACGAAA-1	B	4
AGGCCTGGTTGCCTGG-1	B	1
AGGCCTGGTTTGTACG-1	Epithelial	10
AGGCCTGTCAAACCAC-1	Epithelial	0
AGGCCTGTCAAGGCCC-1	Epithelial	2
AGGCCTGTCAATTCCT-1	Epithelial	14
AGGCCTGTCAGATACC-1	B	4
AGGCCTGTCCAAGTCA-1	B	13
AGGCCTGTCGATAGGG-1	Epithelial	14
AGGCCTGTCGCCGAAC-1	T	11
AGGCCTGTCTGGCACG-1	Epithelial	2
AGGCGAAAGAAAGGGT-1	B	19
AGGCGAAAGAGAATTC-1	B	1
AGGCGAAAGGAGTCTG-1	B	13
AGGCGAAAGTACAGAT-1	Epithelial	15
AGGCGAAAGTTGACAA-1	B	1
AGGCGAACAAGAGCGT-1	B	1
AGGCGAACACATGATC-1	Epithelial	2
AGGCGAACACCACCAG-1	B	8
AGGCGAACACTCGCAG-1	B	1
AGGCGAACACTTACAG-1	Epithelial	14
AGGCGAACAGTCAGAG-1	Epithelial	0
AGGCGAACATAGATAG-1	Epithelial	2
AGGCGAAGTACATGGG-1	Myeloid	3
AGGCGAAGTACGCCCA-1	Epithelial	10
AGGCGAAGTACGGATG-1	T	11
AGGCGAAGTACGTAAA-1	T	11
AGGCGAAGTACTAGAA-1	Epithelial	0
AGGCGAAGTATGGGTG-1	Epithelial	14
AGGCGAAGTCGTAGTT-1	Stromal	5
AGGCGAAGTTCGGGAA-1	B	1
AGGCGAATCAGGCCGT-1	B	8
AGGCGAATCCTCCATG-1	Epithelial	7
AGGCGAATCGCAACTA-1	B	8
AGGCGAATCGCTCGGA-1	Epithelial	6
AGGCGAATCTTCCACG-1	B	13
AGGCGTCAGAAACGCC-1	Myeloid	3
AGGCGTCAGAAAGCAG-1	B	4
AGGCGTCAGTACAACA-1	Stromal	5
AGGCGTCAGTTCTCCC-1	Epithelial	17
AGGCGTCCAAAGAAGG-1	Epithelial	17
AGGCGTCCAACTCCCT-1	Myeloid	3
AGGCGTCCAAGCAACG-1	T	11
AGGCGTCCAAGGTTCT-1	Epithelial	15
AGGCGTCCACACATTG-1	B	1
AGGCGTCCACAGTAGG-1	Myeloid	3
AGGCGTCCAGAACAGC-1	Epithelial	17
AGGCGTCCAGCCGAAA-1	B	1
AGGCGTCCAGCTATAC-1	Epithelial	10
AGGCGTCCAGGAGCAT-1	T	11
AGGCGTCCAGGTCCTG-1	Epithelial	10
AGGCGTCCATAGATAG-1	Epithelial	6
AGGCGTCGTCAATCCA-1	Epithelial	10
AGGCGTCGTCATAGAA-1	Epithelial	12
AGGCGTCGTCCCTAAA-1	Stromal	5
AGGCGTCGTCTGCACG-1	B	13
AGGCGTCGTGCCCTAG-1	T	11
AGGCGTCGTGGAAGCT-1	Epithelial	2
AGGCGTCTCAAGTTGC-1	B	1
AGGCGTCTCCCGCAAG-1	Epithelial	17
AGGCGTCTCCGTACGG-1	Epithelial	18
AGGCGTCTCGGAGTTT-1	B	8
AGGCGTCTCTTAACGG-1	B	8
AGGCGTCTCTTAAGCG-1	Epithelial	15
AGTCAACAGACCTATC-1	B	1
AGTCAACAGGCGTAGT-1	Epithelial	15
AGTCAACAGTACCCAT-1	B	8
AGTCAACAGTCTTAGC-1	B	8
AGTCAACCAACAACTC-1	B	8
AGTCAACCAACCTCCT-1	B	13
AGTCAACCAAGAAACT-1	B	8
AGTCAACCACTCCCAT-1	Epithelial	7
AGTCAACCATAGGCGA-1	Epithelial	15
AGTCAACCATCTCTCG-1	B	13
AGTCAACCATGGAGGT-1	B	8
AGTCAACCATTAACGC-1	B	1
AGTCAACGTAGGGTTG-1	Epithelial	2
AGTCAACGTATCATGC-1	Epithelial	16
AGTCAACGTCAGGCTC-1	Epithelial	14
AGTCAACGTCATTGGT-1	Epithelial	12
AGTCAACGTGAATGTA-1	Epithelial	2
AGTCAACGTGGACAGT-1	B	8
AGTCAACTCAATTGGC-1	Epithelial	18
AGTCAACTCACCCGGA-1	B	8
AGTCAACTCAGGCGCT-1	Epithelial	0
AGTCAACTCCTCTCTT-1	Stromal	5
AGTCAACTCGAGAAGC-1	Epithelial	18
AGTCAACTCTGGCTAA-1	B	8
AGTCCGGAGGCAGTGT-1	B	1
AGTCCGGAGTAGACCG-1	Epithelial	0
AGTCCGGAGTAGGAAG-1	B	13
AGTCCGGAGTAGTCGG-1	Myeloid	3
AGTCCGGAGTGTCCCG-1	Epithelial	17
AGTCCGGCAACAACTC-1	Epithelial	0
AGTCCGGCAAGGAAGA-1	B	4
AGTCCGGCAAGTTCGT-1	Epithelial	7
AGTCCGGCACTGCTTC-1	Epithelial	10
AGTCCGGCAGTCAGAG-1	B	8
AGTCCGGCAGTTGCAT-1	Epithelial	6
AGTCCGGCATACTGCA-1	Epithelial	17
AGTCCGGCATGCGTTA-1	Epithelial	0
AGTCCGGCATGGTTTG-1	Epithelial	12
AGTCCGGGTATCACAC-1	B	1
AGTCCGGGTCAGTGTT-1	Epithelial	10
AGTCCGGGTCTAAGAA-1	Epithelial	17
AGTCCGGGTGAGTCGA-1	B	8
AGTCCGGGTGATAAGT-1	Epithelial	18
AGTCCGGGTGATCAGG-1	Epithelial	17
AGTCCGGGTGCTGGCT-1	Epithelial	12
AGTCCGGGTGGATTCT-1	T	11
AGTCCGGTCAATTGGC-1	Epithelial	0
AGTCCGGTCATTCTTG-1	B	1
AGTCCGGTCCAGAGAG-1	Epithelial	14
AGTCCGGTCCGCTCTA-1	B	1
AGTCCGGTCCTCCAGT-1	B	1
AGTCCGGTCGGTACTA-1	B	1
AGTCCGGTCTTTGCAT-1	Stromal	5
AGTGCCGAGAACGTTA-1	Epithelial	0
AGTGCCGAGATTCCGT-1	B	8
AGTGCCGAGCAGGAGG-1	Epithelial	18
AGTGCCGAGGCTTAAA-1	B	13
AGTGCCGAGGTAAGTT-1	Epithelial	2
AGTGCCGAGTGTCGCC-1	Epithelial	15
AGTGCCGCAAATTGAG-1	Epithelial	6
AGTGCCGCAACGGGTA-1	B	13
AGTGCCGCAACTCCCT-1	Epithelial	16
AGTGCCGCAAGCCCTG-1	Epithelial	12
AGTGCCGCAAGCGACA-1	B	13
AGTGCCGCAATCAGGG-1	Epithelial	6
AGTGCCGCAATTGGCT-1	Myeloid	3
AGTGCCGCACCACCAG-1	B	8
AGTGCCGCACCTGAAT-1	B	8
AGTGCCGCAGGAGCAT-1	Epithelial	0
AGTGCCGCAGGTGGTA-1	Epithelial	12
AGTGCCGCATTTCACT-1	Epithelial	12
AGTGCCGGTAGACACG-1	Epithelial	17
AGTGCCGGTAGTCTGT-1	Epithelial	7
AGTGCCGGTCCCGAGT-1	Epithelial	12
AGTGCCGGTCTGGGCT-1	Epithelial	18
AGTGCCGGTGGTCGAA-1	B	1
AGTGCCGGTGTCCTTC-1	B	13
AGTGCCGGTTAACCAC-1	B	8
AGTGCCGGTTCTTTGT-1	B	1
AGTGCCGTCATGAACC-1	B	19
AGTGCCGTCCAGAGAG-1	Epithelial	6
AGTGCCGTCCTCCTGA-1	Epithelial	7
AGTGCCGTCGAACACT-1	Epithelial	14
AGTGCCGTCGATAGCT-1	Epithelial	14
AGTGCCGTCGCCCTTA-1	B	1
AGTGCCGTCGGATCGC-1	Stromal	9
AGTGCGCAGAATCAAC-1	Epithelial	10
AGTGCGCAGATCTAAG-1	Epithelial	14
AGTGCGCAGGATGTAT-1	B	13
AGTGCGCAGTAATCAG-1	B	4
AGTGCGCAGTACGCGA-1	Epithelial	0
AGTGCGCAGTGGACGT-1	Epithelial	2
AGTGCGCCAAGACTTC-1	Stromal	9
AGTGCGCCACCTGGTG-1	T	11
AGTGCGCCAGGAGCAT-1	Epithelial	10
AGTGCGCCATGTGAGG-1	B	1
AGTGCGCGTCAAGACG-1	B	8
AGTGCGCGTGCAAGCA-1	Epithelial	10
AGTGCGCGTGCGACCT-1	B	1
AGTGCGCGTGGAAGCT-1	Epithelial	18
AGTGCGCGTGGCCTTG-1	Epithelial	15
AGTGCGCGTGGTCGAA-1	T	11
AGTGCGCGTGGTTCTA-1	B	19
AGTGCGCGTTTGGATC-1	B	19
AGTGCGCTCCAGGGAA-1	B	1
AGTGCGCTCGTCCCTA-1	Epithelial	18
AGTGCGCTCGTTCAGA-1	B	4
AGTGCGCTCTGCGTCT-1	Epithelial	6
AGTGCGCTCTTATCAC-1	Epithelial	15
AGTGTACAGCTACGCC-1	B	13
AGTGTACAGGCTCAGA-1	Epithelial	18
AGTGTACAGTACCCAT-1	Epithelial	18
AGTGTACAGTCTAGAA-1	B	8
AGTGTACCAAAGGTCG-1	Epithelial	10
AGTGTACCAAATTCCG-1	B	1
AGTGTACCAAGCAACG-1	Epithelial	17
AGTGTACCAAGCAATA-1	Epithelial	0
AGTGTACCAAGCACTT-1	Epithelial	7
AGTGTACCAAGTCCTA-1	B	1
AGTGTACCACAAGGGT-1	Epithelial	14
AGTGTACCACGCCGAT-1	T	11
AGTGTACCAGAACGAC-1	B	8
AGTGTACCAGGATGTG-1	B	1
AGTGTACCATCGTACA-1	Epithelial	12
AGTGTACGTACCGGCT-1	Epithelial	10
AGTGTACGTACGGAGT-1	B	4
AGTGTACGTGAATCAA-1	T	11
AGTGTACGTGCGCATC-1	Epithelial	12
AGTGTACGTGCGTAGA-1	Epithelial	15
AGTGTACGTGTCGTGC-1	Epithelial	6
AGTGTACGTTTCGATG-1	Epithelial	7
AGTGTACGTTTCTTAC-1	B	1
AGTGTACTCACTCCCA-1	Stromal	5
AGTGTACTCCTCTCTT-1	T	11
AGTGTACTCTCATATC-1	Epithelial	2
AGTGTACTCTCTATTG-1	Epithelial	12
AGTGTACTCTGGCGCA-1	B	8
AGTTACGAGAAACGCC-1	Epithelial	0
AGTTACGAGACACGGT-1	Epithelial	12
AGTTACGAGCACACCC-1	B	4
AGTTACGAGCATGTGG-1	B	13
AGTTACGAGCCATTCA-1	B	1
AGTTACGAGCGATACG-1	Epithelial	15
AGTTACGAGGCAGATC-1	Epithelial	7
AGTTACGAGGCGTCCT-1	B	8
AGTTACGAGGCTCCTG-1	B	8
AGTTACGAGTATCTGC-1	Epithelial	0
AGTTACGCACCGTCTT-1	Epithelial	12
AGTTACGCAGCGTGAA-1	Epithelial	14
AGTTACGCATTGCACA-1	B	8
AGTTACGGTAACCGAG-1	Epithelial	6
AGTTACGGTAGCAGGT-1	Epithelial	10
AGTTACGGTCCAAGTT-1	Epithelial	7
AGTTACGGTCTCTAAG-1	Epithelial	6
AGTTACGGTTAACCGT-1	Epithelial	17
AGTTACGGTTCTACCC-1	Epithelial	17
AGTTACGTCATTGCCC-1	Epithelial	18
AGTTACGTCCAAGAGG-1	Epithelial	7
AGTTACGTCGAGTGTT-1	Epithelial	17
AGTTACGTCGCGATGC-1	Epithelial	2
AGTTACGTCGGAGTTT-1	Epithelial	18
AGTTACGTCGTTCTAT-1	Epithelial	7
AGTTACGTCTATAGGC-1	B	1
AGTTACGTCTCTATCA-1	B	4
AGTTACGTCTTACGGA-1	Epithelial	12
AGTTTGGAGACCGCAA-1	Myeloid	3
AGTTTGGAGCAATAAC-1	Epithelial	0
AGTTTGGAGTGTCACT-1	B	1
AGTTTGGCAAGTCTGT-1	T	11
AGTTTGGCACAGGTAG-1	B	1
AGTTTGGCACCTGTGG-1	Epithelial	7
AGTTTGGCACTGATTG-1	Epithelial	12
AGTTTGGCATCAACTG-1	B	13
AGTTTGGCATCGCCTT-1	B	4
AGTTTGGCATGGGAAC-1	B	13
AGTTTGGGTCTGCGCA-1	Epithelial	10
AGTTTGGGTGAGCTAG-1	B	13
AGTTTGGGTGTGCTTA-1	Epithelial	15
AGTTTGGTCGCAACTA-1	Epithelial	15
AGTTTGGTCGGGAATG-1	Epithelial	17
AGTTTGGTCTTCCACG-1	Epithelial	6
AGTTTGGTCTTCCAGC-1	Stromal	5
ATAGGCTAGGATTAAC-1	B	1
ATAGGCTAGTATACGA-1	Stromal	5
ATAGGCTAGTGTCCCG-1	Epithelial	15
ATAGGCTAGTTAGCGG-1	B	1
ATAGGCTAGTTCGCGC-1	B	4
ATAGGCTCAAAGCTTC-1	B	1
ATAGGCTCACTCCCAT-1	T	11
ATAGGCTCACTTACAG-1	Epithelial	0
ATAGGCTCAGCAACAG-1	B	19
ATAGGCTCAGGCACAA-1	T	11
ATAGGCTCAGGCATTT-1	B	8
ATAGGCTCAGTGCGAA-1	Epithelial	2
ATAGGCTCATATTGGC-1	B	4
ATAGGCTCATCAGAAA-1	B	13
ATAGGCTCATTTCTTG-1	Epithelial	7
ATAGGCTGTACGTATC-1	Epithelial	18
ATAGGCTGTATGGATA-1	Epithelial	15
ATAGGCTGTGCACCCA-1	B	1
ATAGGCTGTGCTTCCT-1	Epithelial	6
ATAGGCTGTTCTGATG-1	B	19
ATAGGCTTCATGCTTT-1	Epithelial	14
ATAGGCTTCCAAGTCA-1	Epithelial	6
ATAGGCTTCGGGTCCA-1	B	13
ATAGGCTTCTAGTCGA-1	Epithelial	15
ATAGTCGAGAGGCCTA-1	Epithelial	12
ATAGTCGAGAGTTTGA-1	Epithelial	16
ATAGTCGAGCCGCTGT-1	B	4
ATAGTCGAGGTGATGC-1	Epithelial	16
ATAGTCGAGTCGCCTG-1	B	1
ATAGTCGAGTTGAATG-1	Epithelial	2
ATAGTCGCAAAGGAAG-1	Epithelial	7
ATAGTCGCAAATGTCC-1	T	11
ATAGTCGCAAGCGACA-1	B	13
ATAGTCGCAATCCATG-1	Epithelial	16
ATAGTCGCAGATAAGT-1	Epithelial	6
ATAGTCGCAGATGGCA-1	Epithelial	7
ATAGTCGCATACCCGG-1	Epithelial	7
ATAGTCGCATCGCTAA-1	Epithelial	12
ATAGTCGGTACTTCGA-1	Stromal	5
ATAGTCGGTAGACACG-1	Epithelial	6
ATAGTCGGTATGGGTG-1	Epithelial	10
ATAGTCGGTCTCAAAC-1	Epithelial	7
ATAGTCGGTCTCTAAG-1	Epithelial	2
ATAGTCGGTGATGTGG-1	Epithelial	15
ATAGTCGGTGTTTCTT-1	Myeloid	3
ATAGTCGGTTATGCAC-1	B	13
ATAGTCGTCCTAAAGC-1	B	4
ATAGTCGTCGGCATAT-1	B	8
ATAGTCGTCGTAGCGC-1	Epithelial	0
ATAGTCGTCTCCCTTT-1	B	1
ATAGTCGTCTCTGTTA-1	Myeloid	3
ATAGTCGTCTTTGCAT-1	Epithelial	10
ATATTCCAGAATGCTA-1	B	19
ATATTCCAGAGAGTAG-1	Myeloid	3
ATATTCCAGAGGAAGT-1	B	1
ATATTCCAGATGTTGA-1	B	1
ATATTCCAGGATGTAT-1	B	13
ATATTCCAGGGAGTTC-1	B	8
ATATTCCAGGGTGTTG-1	B	4
ATATTCCAGTCTCCAA-1	Epithelial	7
ATATTCCCAAAGCATA-1	T	11
ATATTCCCAAGTCTCA-1	B	1
ATATTCCCAATGCACT-1	B	4
ATATTCCCACAAACGG-1	Epithelial	6
ATATTCCCACATCATG-1	B	8
ATATTCCCACATTGCA-1	Stromal	9
ATATTCCCACTGTAAC-1	B	1
ATATTCCGTAAACGGC-1	B	1
ATATTCCGTAGAGAGA-1	Stromal	9
ATATTCCGTATTCTCT-1	Epithelial	0
ATATTCCGTCCGTAGC-1	B	13
ATATTCCGTCTCGGGT-1	Epithelial	18
ATATTCCGTCTGTGTA-1	Epithelial	15
ATATTCCGTGAATCGG-1	Epithelial	16
ATATTCCGTTACCCAA-1	Epithelial	17
ATATTCCTCATACTTC-1	B	8
ATATTCCTCGATATGC-1	Epithelial	7
ATATTCCTCGCAGATT-1	B	8
ATATTCCTCGCGCCAA-1	Epithelial	14
ATATTCCTCGGTACTA-1	Epithelial	18
ATATTCCTCTACTTTG-1	B	8
ATCCAGAAGACACGGT-1	Epithelial	2
ATCCAGAAGCTATCCA-1	Epithelial	0
ATCCAGAAGCTGATTC-1	Epithelial	7
ATCCAGAAGTACCTCA-1	Stromal	9
ATCCAGACAAACAGTA-1	B	13
ATCCAGACAAATGTCC-1	B	13
ATCCAGACAAGGAAGA-1	Epithelial	2
ATCCAGACAATACTGC-1	B	1
ATCCAGACACCAAGGA-1	B	1
ATCCAGACAGCGTGAA-1	Myeloid	3
ATCCAGACAGTTGGAG-1	B	8
ATCCAGACATCCCGGA-1	Epithelial	15
ATCCAGAGTAAAGCTA-1	B	1
ATCCAGAGTATCATGC-1	B	13
ATCCAGAGTCAATACC-1	T	11
ATCCAGAGTCATTGCA-1	Epithelial	16
ATCCAGAGTGTTGTTG-1	B	13
ATCCAGAGTTCTGAGT-1	Epithelial	0
ATCCAGATCCCTAAAG-1	Epithelial	18
ATCCAGATCGTGTGCG-1	Stromal	5
ATCCAGATCTATAGGC-1	Epithelial	7
ATCCAGATCTATGAGC-1	Epithelial	18
ATCCAGATCTGGCACG-1	Epithelial	14
ATCCCTGAGTATACGA-1	Epithelial	12
ATCCCTGAGTTAGCGG-1	Epithelial	6
ATCCCTGCAACGTCCG-1	Epithelial	14
ATCCCTGCAAGGTCGA-1	Epithelial	16
ATCCCTGCAGCGCGTT-1	B	1
ATCCCTGCATCGGCCA-1	B	1
ATCCCTGCATCGTACA-1	Epithelial	7
ATCCCTGGTAGCTGTT-1	B	4
ATCCCTGGTGAATCGG-1	Epithelial	12
ATCCCTGGTGCTGTGC-1	B	8
ATCCCTGGTTACCCAA-1	Epithelial	15
ATCCCTGGTTAGTAGA-1	Epithelial	10
ATCCCTGGTTTAGAAG-1	B	13
ATCCCTGGTTTCAGCA-1	Epithelial	0
ATCCCTGGTTTCCACC-1	Epithelial	14
ATCCCTGTCACTCGGG-1	Epithelial	6
ATCCCTGTCCAGAATC-1	Epithelial	18
ATCCCTGTCCCAATGA-1	Epithelial	17
ATCCCTGTCCCTACGT-1	Epithelial	2
ATCCCTGTCGGGACAA-1	Epithelial	6
ATCCTCGAGCACCATT-1	Epithelial	2
ATCCTCGAGCGCAATG-1	B	4
ATCCTCGAGCTACGTT-1	B	13
ATCCTCGAGCTCCGGT-1	Epithelial	0
ATCCTCGAGGATCCTT-1	Stromal	5
ATCCTCGAGGCAGATC-1	Epithelial	0
ATCCTCGAGTTCAACC-1	T	11
ATCCTCGCAAGGAACC-1	B	13
ATCCTCGCAAGGATGC-1	Epithelial	15
ATCCTCGCACAAGGGT-1	B	19
ATCCTCGCAGATACAA-1	Epithelial	15
ATCCTCGCAGGCAGAT-1	Epithelial	2
ATCCTCGCAGTTGGAG-1	Epithelial	2
ATCCTCGCATCGTACA-1	Epithelial	2
ATCCTCGCATTGTTCT-1	B	1
ATCCTCGGTATGAAGT-1	T	11
ATCCTCGGTCCCGTGA-1	Epithelial	18
ATCCTCGGTGTTTCTT-1	Epithelial	14
ATCCTCGGTTCTGATG-1	B	1
ATCCTCGGTTTCTTAC-1	Epithelial	16
ATCCTCGTCCGGGCAT-1	Epithelial	0
ATCCTCGTCCTGTAGA-1	Stromal	9
ATCCTCGTCCTTGACC-1	B	13
ATCCTCGTCGATGAAA-1	Epithelial	12
ATCCTCGTCTCGACAA-1	B	13
ATCCTCGTCTGTCGGG-1	B	8
ATCCTGCAGACTTGAA-1	B	8
ATCCTGCAGGAATGGA-1	Epithelial	14
ATCCTGCAGTACCACT-1	Epithelial	10
ATCCTGCAGTCAGCCC-1	Epithelial	18
ATCCTGCAGTGGGACT-1	Epithelial	14
ATCCTGCAGTTAGCGG-1	Epithelial	2
ATCCTGCCAAAGAAGG-1	Epithelial	10
ATCCTGCCAAGGTCGA-1	Epithelial	0
ATCCTGCCACCTACCT-1	B	4
ATCCTGCCACTACACA-1	B	1
ATCCTGCCAGATAAGT-1	Epithelial	2
ATCCTGCGTAGCAGGT-1	B	1
ATCCTGCGTCTCAAAC-1	Epithelial	14
ATCCTGCGTGGCATAG-1	Epithelial	18
ATCCTGCGTTTCCACC-1	B	1
ATCCTGCTCACATCCC-1	Epithelial	10
ATCCTGCTCAGTACAC-1	Epithelial	12
ATCCTGCTCCGCTATC-1	Epithelial	12
ATCCTGCTCGCAACTA-1	B	1
ATCCTGCTCGCGCTGA-1	B	4
ATCCTGCTCTCCTTAA-1	Epithelial	15
ATCGAGTAGAACGTTA-1	Epithelial	7
ATCGAGTAGACGACTG-1	Stromal	9
ATCGAGTAGATTAGAC-1	B	8
ATCGAGTAGCATTGGG-1	B	19
ATCGAGTAGCCCATGC-1	B	1
ATCGAGTAGCGCAATG-1	Myeloid	3
ATCGAGTAGCGGACAT-1	Epithelial	0
ATCGAGTAGGATGTCG-1	B	8
ATCGAGTAGGATTTGA-1	Epithelial	7
ATCGAGTAGTAACACA-1	Myeloid	3
ATCGAGTAGTAGAAGG-1	Epithelial	0
ATCGAGTAGTCAACTC-1	Epithelial	12
ATCGAGTAGTCGTATC-1	B	1
ATCGAGTAGTTGCCGC-1	Epithelial	15
ATCGAGTCAAAGGTCG-1	Epithelial	12
ATCGAGTCAACGCAAG-1	B	1
ATCGAGTCAAGGGTAC-1	Myeloid	3
ATCGAGTCACTTACAG-1	B	13
ATCGAGTCAGCAACCC-1	B	1
ATCGAGTCAGGACCTC-1	B	1
ATCGAGTCATGCCCTT-1	B	13
ATCGAGTGTACATGGG-1	Epithelial	17
ATCGAGTGTACCGGCT-1	Epithelial	0
ATCGAGTGTAGACGCA-1	B	1
ATCGAGTGTGAATACA-1	Myeloid	3
ATCGAGTGTGAATCAA-1	B	19
ATCGAGTGTGCGTCCA-1	Epithelial	7
ATCGAGTGTTTAGGAA-1	T	11
ATCGAGTTCACAACAC-1	Epithelial	12
ATCGAGTTCATTCTTG-1	Epithelial	12
ATCGAGTTCCATTGAG-1	Epithelial	0
ATCGAGTTCCGTGCGA-1	Epithelial	15
ATCGAGTTCGCGATGC-1	Epithelial	6
ATCGAGTTCGCTATAG-1	B	8
ATCGAGTTCTCATCCG-1	B	8
ATCGAGTTCTGTTTAC-1	B	1
ATGCATGAGAAACGCC-1	B	13
ATGCATGAGCTATCCA-1	B	1
ATGCATGAGCTCCATA-1	Epithelial	12
ATGCATGAGCTCGGCT-1	B	1
ATGCATGAGGTACACG-1	Myeloid	3
ATGCATGAGTCCCGCA-1	Epithelial	17
ATGCATGAGTCGTATC-1	Epithelial	2
ATGCATGAGTGCCCTG-1	Epithelial	14
ATGCATGAGTTCAAGA-1	B	8
ATGCATGCAACGTAGG-1	B	13
ATGCATGCACACTAGT-1	B	8
ATGCATGCACATGATC-1	Epithelial	7
ATGCATGCACGTACAT-1	Epithelial	14
ATGCATGCACGTTAGT-1	Epithelial	2
ATGCATGCACTCGCAG-1	B	13
ATGCATGCAGAATGCG-1	B	1
ATGCATGGTAAGTCTC-1	B	13
ATGCATGGTGCACTTA-1	Epithelial	12
ATGCATGGTGTGTGTT-1	Epithelial	12
ATGCATGGTTTCTCTA-1	B	1
ATGCATGTCAACACGT-1	B	1
ATGCATGTCAGGTTTG-1	Epithelial	18
ATGCATGTCAGTGGTT-1	Epithelial	7
ATGCATGTCCCTACGT-1	B	8
ATGCATGTCGATCTTT-1	Epithelial	6
ATGCATGTCGCGCTGA-1	Myeloid	3
ATGGATCAGAGTCCGA-1	Epithelial	0
ATGGATCAGGCCTCGT-1	B	13
ATGGATCAGGGAAATG-1	B	13
ATGGATCAGTCGATAA-1	B	1
ATGGATCCAAATGTCC-1	Stromal	9
ATGGATCCAACGTAGG-1	Epithelial	15
ATGGATCCACCGAAAG-1	B	1
ATGGATCCACTCGGAC-1	Epithelial	10
ATGGATCCAGAACTTC-1	B	1
ATGGATCCATTCACCC-1	B	8
ATGGATCGTATGTCCA-1	Epithelial	17
ATGGATCGTCACAGGA-1	Epithelial	0
ATGGATCGTGAGTTGG-1	Epithelial	12
ATGGATCGTGCTGAAG-1	B	1
ATGGATCGTGTCCAGC-1	B	1
ATGGATCGTTCTGATG-1	B	13
ATGGATCGTTGCAGAG-1	B	4
ATGGATCTCACAAGCT-1	Epithelial	15
ATGGATCTCCCGCAAG-1	Epithelial	17
ATGGATCTCCTAAGTG-1	Epithelial	7
ATGGATCTCGCCACTT-1	Epithelial	14
ATGGATCTCTAGCAGT-1	B	1
ATGGATCTCTGGCGCA-1	Epithelial	10
ATGTACGAGAAATCTG-1	Epithelial	2
ATGTACGAGAGCAGCT-1	B	4
ATGTACGAGGTACATA-1	B	13
ATGTACGAGGTCTTGT-1	T	11
ATGTACGAGGTTGTTC-1	Epithelial	14
ATGTACGAGTAACTCC-1	Epithelial	15
ATGTACGAGTCGATAA-1	Stromal	9
ATGTACGAGTCTCCAA-1	B	1
ATGTACGAGTGTCACT-1	Epithelial	0
ATGTACGCAAATGTCC-1	B	19
ATGTACGCAACGAGGT-1	B	1
ATGTACGCAACTCAAC-1	B	8
ATGTACGCAAGATGCG-1	Epithelial	15
ATGTACGCAATTGGCT-1	Epithelial	7
ATGTACGCACAGGTAG-1	Epithelial	10
ATGTACGCACTACACA-1	B	13
ATGTACGCACTAGGAG-1	B	4
ATGTACGCAGGACTGA-1	Epithelial	10
ATGTACGGTCGATAGG-1	Epithelial	7
ATGTACGGTGATGTGG-1	B	8
ATGTACGGTTGTGAGG-1	Myeloid	3
ATGTACGTCACTTACT-1	Epithelial	2
ATGTACGTCCGGAAAG-1	B	4
ATGTACGTCCGTCAAA-1	B	8
ATGTACGTCCGTTTCG-1	Stromal	5
ATGTCGAAGACAGTGC-1	Epithelial	12
ATGTCGAAGCTAGCAG-1	Epithelial	12
ATGTCGAAGTCGGGAT-1	B	8
ATGTCGACAAAGACGC-1	B	1
ATGTCGACACAAACGG-1	Epithelial	15
ATGTCGACAGAATGCG-1	T	11
ATGTCGACAGCGTACC-1	Epithelial	18
ATGTCGACAGGACTGA-1	B	8
ATGTCGACAGTGGTCC-1	B	1
ATGTCGACATCTGCAA-1	B	8
ATGTCGAGTATCTCAG-1	B	8
ATGTCGAGTCAGACGA-1	Epithelial	10
ATGTCGAGTCGCTAGC-1	Epithelial	18
ATGTCGAGTGATAGAT-1	Epithelial	12
ATGTCGAGTGGCGCTT-1	Epithelial	2
ATGTCGAGTGGTAAGC-1	B	13
ATGTCGAGTTACTTTC-1	Epithelial	7
ATGTCGAGTTATAGAG-1	B	4
ATGTCGAGTTGTATCG-1	Epithelial	2
ATGTCGAGTTTCTTAC-1	Epithelial	7
ATGTCGATCAGAACGG-1	Epithelial	0
ATGTCGATCCAAACCA-1	B	13
ATGTCGATCCCATAGA-1	B	4
ATGTCGATCCCTATTA-1	Epithelial	16
ATGTCGATCCTAAAGC-1	Epithelial	12
ATGTCGATCGACTCGG-1	Epithelial	7
ATGTCGATCGAGGTAG-1	B	13
ATGTCGATCTTCACTA-1	Myeloid	3
ATGTCTTAGAAGCCGT-1	B	13
ATGTCTTAGCGTTAGG-1	Epithelial	6
ATGTCTTAGTTGACAA-1	B	8
ATGTCTTCAAACCCTA-1	B	8
ATGTCTTCAACGACAG-1	Epithelial	6
ATGTCTTCAACGGACA-1	Stromal	5
ATGTCTTCATATAGAG-1	T	11
ATGTCTTCATTGCGAT-1	Epithelial	6
ATGTCTTCATTGTGAC-1	B	13
ATGTCTTCATTTAGGC-1	Epithelial	14
ATGTCTTGTATCTAGC-1	Epithelial	10
ATGTCTTGTCAACAGG-1	T	11
ATGTCTTGTCAACTGT-1	Epithelial	12
ATGTCTTGTCAGACGA-1	Stromal	5
ATGTCTTGTCATCAAC-1	B	13
ATGTCTTGTCTCGGGT-1	Epithelial	14
ATGTCTTGTGCGTTTA-1	B	8
ATGTCTTGTTTCCTAT-1	B	1
ATGTCTTTCGTGCTGG-1	B	13
ATGTCTTTCTGGCACG-1	B	1
ATGTCTTTCTGTTGCC-1	Myeloid	3
ATGTCTTTCTTCATAC-1	B	4
ATGTCTTTCTTCTCTC-1	Stromal	9
ATGTTTCAGAACGTCG-1	B	13
ATGTTTCAGCAGAAAG-1	B	1
ATGTTTCAGCCATTCA-1	Epithelial	7
ATGTTTCAGGCAAGGG-1	Epithelial	10
ATGTTTCAGGTACACG-1	B	1
ATGTTTCAGTGTCACT-1	Epithelial	16
ATGTTTCAGTTATGAG-1	B	1
ATGTTTCCAAACCGAG-1	Epithelial	12
ATGTTTCCAACCTCTC-1	Epithelial	18
ATGTTTCCAATTCAGC-1	Epithelial	12
ATGTTTCCACAAACAA-1	Epithelial	0
ATGTTTCCACTGTAAC-1	B	8
ATGTTTCCATTTGTTC-1	Epithelial	6
ATGTTTCGTAGACACG-1	Myeloid	3
ATGTTTCGTATCGCGC-1	Epithelial	6
ATGTTTCGTATTCACG-1	Epithelial	6
ATGTTTCGTGAATGTA-1	Epithelial	6
ATGTTTCGTGCATTCA-1	B	1
ATGTTTCGTGGCATAG-1	Epithelial	18
ATGTTTCGTTCAGAAA-1	B	19
ATGTTTCGTTCCAATG-1	Epithelial	7
ATGTTTCTCAATTCCT-1	B	1
ATGTTTCTCAGGAAGC-1	B	4
ATGTTTCTCCATGACA-1	Epithelial	10
ATGTTTCTCCCAATAG-1	Epithelial	2
ATGTTTCTCGACTATG-1	B	8
ATGTTTCTCGACTCGG-1	T	11
ATGTTTCTCGTAGCGC-1	B	1
ATGTTTCTCGTTCAGA-1	B	1
ATGTTTCTCTTTCGAT-1	Epithelial	12
ATTACCTAGATAGGTT-1	Epithelial	2
ATTACCTAGTCGTACT-1	B	8
ATTACCTAGTTGTCCA-1	B	8
ATTACCTCAACGTCGC-1	Epithelial	18
ATTACCTCAAGTGGCA-1	B	4
ATTACCTCACAGGAAC-1	B	8
ATTACCTCAGAACTTC-1	Epithelial	0
ATTACCTCAGCTATAC-1	B	1
ATTACCTCAGGCATCC-1	Epithelial	15
ATTACCTGTAACGGCA-1	Epithelial	12
ATTACCTGTATGGGTG-1	Epithelial	16
ATTACCTGTCACATTG-1	Epithelial	12
ATTACCTGTGGAGTGT-1	Epithelial	6
ATTACCTGTGTTGTTG-1	B	4
ATTACCTTCAAGAGAT-1	Stromal	9
ATTACCTTCACAAGCT-1	B	8
ATTACCTTCCTCCAGT-1	B	1
ATTACCTTCGCATACA-1	T	11
ATTACCTTCGGTCTCT-1	Epithelial	12
ATTACCTTCTCATCCG-1	B	13
ATTACTCAGAATATCG-1	Myeloid	3
ATTACTCAGAGGCAGG-1	Stromal	5
ATTACTCAGAGGCGGA-1	Epithelial	12
ATTACTCAGATCTAAG-1	B	1
ATTACTCAGGGATCCA-1	Epithelial	10
ATTACTCAGGGTCCCT-1	Epithelial	15
ATTACTCAGTCAGCCC-1	Epithelial	15
ATTACTCAGTCGGGAT-1	B	13
ATTACTCAGTCTGGGA-1	B	8
ATTACTCCAAACCCTA-1	Epithelial	2
ATTACTCCAAACTACC-1	Stromal	9
ATTACTCCAACTCGTA-1	B	1
ATTACTCCAAGCCCTG-1	Epithelial	17
ATTACTCCAAGTAACA-1	T	11
ATTACTCCAATGGTCT-1	Epithelial	14
ATTACTCCACCATTCC-1	B	1
ATTACTCCACGTACAT-1	Epithelial	7
ATTACTCGTAACCCAT-1	Epithelial	17
ATTACTCGTAATGTGA-1	B	8
ATTACTCGTATTTGCG-1	B	13
ATTACTCGTCCCTTTG-1	B	1
ATTACTCGTCCGCTTT-1	Epithelial	17
ATTACTCGTTACACTG-1	Epithelial	12
ATTACTCTCAGATACC-1	T	11
ATTACTCTCATCGCAA-1	B	8
ATTACTCTCTATAGGC-1	Epithelial	0
ATTCGTTAGATATGAC-1	Epithelial	7
ATTCGTTAGCAACTGG-1	Epithelial	10
ATTCGTTAGCGGACTA-1	B	13
ATTCGTTAGCTGCCAC-1	B	8
ATTCGTTAGGAGTCTG-1	Myeloid	3
ATTCGTTAGGCAGATC-1	Epithelial	12
ATTCGTTAGGTTCGTT-1	B	1
ATTCGTTCAAGCAATA-1	Epithelial	14
ATTCGTTCAAGCCAGA-1	Epithelial	14
ATTCGTTCACAGGAAC-1	T	11
ATTCGTTCACCAAGGA-1	Epithelial	12
ATTCGTTCACGTTACA-1	B	8
ATTCGTTCACTGCTTC-1	Epithelial	7
ATTCGTTCACTGTCGG-1	Epithelial	0
ATTCGTTCAGCAACCC-1	Epithelial	6
ATTCGTTCAGCGTACC-1	Epithelial	0
ATTCGTTCATGGCCGT-1	B	4
ATTCGTTGTAGAGAGA-1	Epithelial	10
ATTCGTTGTCCTCAGG-1	B	19
ATTCGTTGTGCTGAAG-1	Epithelial	15
ATTCGTTGTGGATTTC-1	B	8
ATTCGTTGTTGGCGAA-1	B	1
ATTCGTTTCAAGGCAG-1	Epithelial	0
ATTCGTTTCAGGAAGC-1	B	1
ATTCGTTTCCCAGTAA-1	Epithelial	12
ATTCGTTTCCTTGACC-1	Epithelial	7
ATTCGTTTCGATGTGT-1	Epithelial	12
ATTCGTTTCGCACCTT-1	B	8
ATTCGTTTCGTCTTAT-1	B	4
ATTCGTTTCGTGATAC-1	B	13
ATTGTCTAGAATCAAC-1	B	13
ATTGTCTAGACGCCCT-1	Epithelial	18
ATTGTCTAGCACACCC-1	Epithelial	14
ATTGTCTAGCGGACTA-1	Epithelial	10
ATTGTCTAGGAAACTT-1	Epithelial	2
ATTGTCTAGGGAAATG-1	B	8
ATTGTCTAGGGAAGCG-1	Epithelial	7
ATTGTCTAGTACCACT-1	B	19
ATTGTCTAGTCTCCAA-1	Epithelial	10
ATTGTCTCAAGAAACT-1	Epithelial	17
ATTGTCTCAAGCTTTG-1	B	8
ATTGTCTCAATGGCTT-1	Epithelial	17
ATTGTCTCACGGCCAT-1	B	1
ATTGTCTCACGTACAT-1	Epithelial	2
ATTGTCTCACTGATAC-1	B	8
ATTGTCTCAGCGTACC-1	B	1
ATTGTCTCAGGTGGTA-1	B	4
ATTGTCTCAGTTGCAT-1	B	1
ATTGTCTCATCTCTCG-1	B	8
ATTGTCTCATGCGCTG-1	B	1
ATTGTCTCATTACTCT-1	Epithelial	6
ATTGTCTGTCGATTAC-1	B	8
ATTGTCTGTCTGTCCT-1	Epithelial	6
ATTGTCTGTGGCGCTT-1	Epithelial	15
ATTGTCTTCAATTCCT-1	Myeloid	3
ATTGTCTTCATGCTTT-1	T	11
ATTGTCTTCCAGGCCA-1	Epithelial	14
ATTGTCTTCCGCTCTA-1	Epithelial	12
ATTGTCTTCGGGACAA-1	Epithelial	12
ATTGTCTTCTGATCTT-1	Epithelial	15
ATTGTCTTCTTACTCA-1	T	11
ATTGTCTTCTTTCGAT-1	B	8
ATTGTGGAGACCATAA-1	Epithelial	10
ATTGTGGCAACTTGGT-1	Epithelial	0
ATTGTGGCAAGCCAGA-1	B	4
ATTGTGGCAAGTCCTA-1	B	13
ATTGTGGCACATGATC-1	Epithelial	17
ATTGTGGCAGGGTAAC-1	Epithelial	7
ATTGTGGCATATAGAG-1	B	8
ATTGTGGCATCCGTGG-1	B	1
ATTGTGGCATCGACGC-1	Epithelial	12
ATTGTGGGTAAGGTCG-1	T	11
ATTGTGGGTCTCTGGG-1	B	19
ATTGTGGGTGAATGTA-1	Epithelial	18
ATTGTGGGTGAGTCGA-1	Epithelial	2
ATTGTGGGTGGAAGCT-1	B	8
ATTGTGGGTTAGCTCA-1	B	8
ATTGTGGTCAAGGCAG-1	B	13
ATTGTGGTCATCGCAA-1	B	1
ATTGTGGTCATTGCCC-1	B	8
ATTGTGGTCCATATCT-1	B	1
ATTGTGGTCCATCTAT-1	Myeloid	3
ATTGTGGTCGGTCAGC-1	B	1
ATTGTGGTCGGTCCGA-1	B	1
ATTGTGGTCTGGCCAG-1	B	1
ATTTGTCAGACGCCAA-1	Epithelial	12
ATTTGTCAGATCGCCC-1	T	11
ATTTGTCAGCTAGTTC-1	Epithelial	14
ATTTGTCAGGGAGTTC-1	Epithelial	0
ATTTGTCAGGTCGGTA-1	T	11
ATTTGTCAGTATACCC-1	B	8
ATTTGTCAGTGATTAG-1	B	1
ATTTGTCAGTTCAGGG-1	Epithelial	17
ATTTGTCCAAGCGTCC-1	B	1
ATTTGTCCACTTACAG-1	Epithelial	12
ATTTGTCCAGATACAA-1	B	1
ATTTGTCCAGCAAACG-1	Epithelial	7
ATTTGTCGTATGAAGT-1	B	8
ATTTGTCGTCCTATTT-1	Epithelial	12
ATTTGTCGTGAATACA-1	Epithelial	14
ATTTGTCGTTAGGAGC-1	Epithelial	16
ATTTGTCGTTGCTTGA-1	Epithelial	15
ATTTGTCTCAAGAGGC-1	B	13
ATTTGTCTCACATTCT-1	Myeloid	3
ATTTGTCTCAGAATGA-1	B	8
ATTTGTCTCAGAGTGG-1	Stromal	9
ATTTGTCTCCACCTAC-1	Epithelial	2
ATTTGTCTCTGATCTT-1	B	4
CAAAGCTAGACAGCTG-1	Epithelial	6
CAAAGCTCAACTCGAT-1	B	1
CAAAGCTCACGCTGTG-1	Epithelial	0
CAAAGCTCAGGATAGC-1	B	1
CAAAGCTCAGGATGTG-1	B	13
CAAAGCTCATCTCTCG-1	Epithelial	7
CAAAGCTGTAAGCCGA-1	Epithelial	2
CAAAGCTGTGATAGAT-1	Epithelial	6
CAAAGCTGTGCCCTAG-1	B	8
CAAAGCTGTGGATTCT-1	Epithelial	2
CAAAGCTGTTTGATCG-1	Epithelial	0
CAAAGCTTCAGTGTAC-1	Epithelial	0
CAAAGCTTCCATCATT-1	Epithelial	7
CAAAGCTTCGAGGTCC-1	Stromal	5
CAAAGCTTCGCAAACT-1	B	13
CAAAGCTTCGGTTAGT-1	B	1
CAACCAAAGCACACCC-1	Stromal	9
CAACCAAAGCAGAGCT-1	Epithelial	6
CAACCAAAGGCACCTC-1	B	4
CAACCAAAGTACGACG-1	B	8
CAACCAAAGTAGTTCC-1	B	13
CAACCAACAAGACACG-1	B	19
CAACCAACAAGCTTTG-1	Epithelial	7
CAACCAACAGTGCGAA-1	B	8
CAACCAACAGTGGTCC-1	Stromal	9
CAACCAACATCATGTG-1	Epithelial	12
CAACCAAGTAAACGTA-1	Epithelial	17
CAACCAAGTAACTGAA-1	B	13
CAACCAAGTATCTAGC-1	B	13
CAACCAAGTATCTGCA-1	Epithelial	17
CAACCAAGTATGTCCA-1	Epithelial	12
CAACCAAGTCTGTGTA-1	B	8
CAACCAAGTGCTGGCT-1	Epithelial	6
CAACCAAGTGGACTGA-1	Epithelial	16
CAACCAAGTTTAAGGA-1	Epithelial	2
CAACCAAGTTTCGACA-1	Epithelial	10
CAACCAATCATTCGGA-1	T	11
CAACCAATCCACTAGA-1	Epithelial	12
CAACCAATCCCTACGT-1	B	4
CAACCAATCCTATCAT-1	Myeloid	3
CAACCAATCGATCTTT-1	Epithelial	0
CAACCAATCGCGATGC-1	B	13
CAACCAATCTCTTAAC-1	T	11
CAACGGCAGAAGCCTG-1	Epithelial	18
CAACGGCAGGCAAGGG-1	Epithelial	7
CAACGGCAGGTTAACA-1	B	13
CAACGGCAGTACCCAT-1	Epithelial	7
CAACGGCAGTGAGTGC-1	Epithelial	12
CAACGGCCACAGGTAG-1	Epithelial	0
CAACGGCCATTCCCGT-1	Epithelial	14
CAACGGCGTGAATCGG-1	Epithelial	10
CAACGGCGTTCTACCC-1	Epithelial	12
CAACGGCGTTTCCGGG-1	B	8
CAACGGCTCCATAGGT-1	B	8
CAACGGCTCCCAGCGA-1	B	1
CAACGGCTCCCAGTAA-1	Epithelial	10
CAACGGCTCCGCTATC-1	Epithelial	2
CAACGGCTCCGTCAAA-1	B	1
CAACGGCTCGGGAAAC-1	Epithelial	12
CAACGGCTCGTTCAGA-1	Stromal	9
CAACGGCTCTGACATG-1	Myeloid	3
CAACGGCTCTTCTTCC-1	Epithelial	17
CAACGTAAGAGTTTGA-1	B	8
CAACGTAAGATGAGGA-1	Epithelial	17
CAACGTAAGCATGATA-1	Epithelial	15
CAACGTAAGGAAGGTA-1	B	1
CAACGTAAGGTCTTTG-1	B	8
CAACGTAAGTCCCTCT-1	Epithelial	7
CAACGTAAGTTAGCGG-1	B	8
CAACGTACAAGCCTTA-1	B	13
CAACGTACAATGTGCT-1	Epithelial	2
CAACGTACACGGCCAT-1	B	8
CAACGTAGTACGCCCA-1	B	13
CAACGTAGTAGATTAG-1	B	8
CAACGTAGTATCACAC-1	Epithelial	7
CAACGTAGTGATCAGG-1	Epithelial	10
CAACGTAGTTTGCGAT-1	Epithelial	0
CAACGTATCAAGGCCC-1	Epithelial	17
CAACGTATCATGAACC-1	Epithelial	10
CAACGTATCCATGTTT-1	B	13
CAACGTATCCCAATAG-1	T	11
CAACGTATCCGCGATG-1	B	1
CAACGTATCGAGAACG-1	Epithelial	12
CAACGTATCGCACAAT-1	Epithelial	17
CAACGTATCGCGCCAA-1	Epithelial	6
CAACGTATCGCTTGAA-1	Myeloid	3
CAACGTATCGTTGTTT-1	Myeloid	3
CAACGTATCTCGCGTT-1	B	1
CAACGTATCTGACTTT-1	B	8
CAACGTATCTGGCCAG-1	Epithelial	7
CAAGAAAAGACTCTTG-1	Epithelial	14
CAAGAAAAGAGAGTTT-1	Myeloid	3
CAAGAAAAGAGGAATG-1	B	8
CAAGAAAAGCAACGGT-1	Epithelial	18
CAAGAAAAGCAGAAAG-1	Epithelial	15
CAAGAAAAGGCATGCA-1	Epithelial	15
CAAGAAAAGGCTAAAT-1	Epithelial	18
CAAGAAAAGTGAAACT-1	Epithelial	18
CAAGAAAAGTGCCCTG-1	Epithelial	2
CAAGAAAAGTTCGACT-1	B	1
CAAGAAAAGTTCGTTG-1	Epithelial	18
CAAGAAACAATAGCGG-1	B	13
CAAGAAACAATTAGGA-1	B	1
CAAGAAACATCGTACA-1	B	1
CAAGAAACATGCCCTT-1	T	11
CAAGAAACATTACCTT-1	B	8
CAAGAAACATTGCCTC-1	B	8
CAAGAAACATTTCACT-1	B	8
CAAGAAAGTACCCATA-1	Epithelial	2
CAAGAAAGTAGTTTGC-1	B	1
CAAGAAAGTTTGACCA-1	Epithelial	6
CAAGAAATCAAATGGA-1	Myeloid	3
CAAGAAATCGCAAGCC-1	Epithelial	18
CAAGCTAAGACTAGCG-1	Epithelial	2
CAAGCTAAGATGTTCC-1	Epithelial	14
CAAGCTAAGCCATTCA-1	Stromal	5
CAAGCTAAGGAGAACA-1	T	11
CAAGCTAAGGTTTCTG-1	Epithelial	7
CAAGCTAAGTGTCCCG-1	Epithelial	12
CAAGCTAAGTTACCAC-1	T	11
CAAGCTACAACGTCCG-1	B	13
CAAGCTACAAGCAGGT-1	Epithelial	7
CAAGCTACAAGCCCTG-1	B	13
CAAGCTACACAGGAAC-1	B	13
CAAGCTACACATAAAG-1	Stromal	5
CAAGCTACACCGTTGG-1	Epithelial	2
CAAGCTACACTGTTAG-1	B	13
CAAGCTACAGACTAAA-1	B	8
CAAGCTACATGGGACA-1	B	13
CAAGCTAGTACGTAAA-1	Epithelial	10
CAAGCTAGTAGGGTCA-1	B	13
CAAGCTAGTCATGAGG-1	Epithelial	14
CAAGCTAGTCATTGGT-1	Epithelial	7
CAAGCTAGTCCAGACC-1	Epithelial	0
CAAGCTAGTCGCTAGC-1	B	8
CAAGCTAGTCTAACCA-1	B	4
CAAGCTAGTCTCTGGG-1	Epithelial	17
CAAGCTAGTGCCAAGA-1	Epithelial	15
CAAGCTAGTGGACTGA-1	Epithelial	12
CAAGCTAGTGTACGCC-1	Epithelial	0
CAAGCTAGTTTCCTAT-1	Epithelial	2
CAAGCTATCAAGAGGC-1	Epithelial	18
CAAGCTATCCAGTACA-1	Epithelial	6
CAAGCTATCCAGTTAG-1	Epithelial	12
CAAGCTATCCATCTAT-1	B	1
CAAGCTATCCCGTAGG-1	Epithelial	17
CAAGCTATCCCTAAAG-1	B	19
CAAGCTATCCGAGAGA-1	Epithelial	15
CAAGCTATCCTGAAAC-1	B	1
CAAGCTATCGGTCTCT-1	Epithelial	14
CAAGCTATCGTGAACT-1	B	1
CAAGCTATCGTTCCGT-1	B	13
CAAGGCCAGAACGACC-1	B	13
CAAGGCCAGCTGATTC-1	B	13
CAAGGCCAGGAGACTC-1	B	1
CAAGGCCAGTTCAGGG-1	Myeloid	3
CAAGGCCCAACACGGA-1	B	8
CAAGGCCCAATCAGGG-1	Epithelial	7
CAAGGCCCACACATTG-1	B	1
CAAGGCCCAGTTACAC-1	B	1
CAAGGCCCAGTTGGAG-1	Epithelial	10
CAAGGCCGTAAACGTA-1	Stromal	5
CAAGGCCGTGGTAGAC-1	Epithelial	2
CAAGGCCGTGTTAGAA-1	Epithelial	2
CAAGGCCGTTAAGGGC-1	Epithelial	12
CAAGGCCGTTATGCAC-1	Epithelial	0
CAAGGCCGTTGGAGGT-1	B	1
CAAGGCCTCAAACCCA-1	Epithelial	14
CAAGGCCTCAATCGTG-1	Epithelial	12
CAAGGCCTCAATTGGC-1	Stromal	9
CAAGGCCTCCAACGCG-1	Epithelial	12
CAAGGCCTCGCACCTT-1	B	1
CAAGGCCTCGGGTCCA-1	Epithelial	7
CAAGGCCTCTACTGCC-1	Epithelial	17
CAAGGCCTCTTCGTTA-1	B	1
CAAGGCCTCTTGTACT-1	Epithelial	18
CAATCCCAGAAGACTT-1	B	8
CAATCCCAGATAGGTT-1	Epithelial	0
CAATCCCAGATATGTG-1	B	1
CAATCCCAGATCGCCC-1	Stromal	5
CAATCCCAGATCTCAC-1	Epithelial	2
CAATCCCAGGATATCA-1	Epithelial	16
CAATCCCAGGCATGCA-1	Epithelial	15
CAATCCCAGGCTCAGA-1	Epithelial	18
CAATCCCAGTACCTCA-1	Epithelial	7
CAATCCCAGTTCGACT-1	B	19
CAATCCCCACGCTGTG-1	B	1
CAATCCCCAGTAACGG-1	B	4
CAATCCCCAGTGCGAA-1	Epithelial	18
CAATCCCCATCAACTG-1	Epithelial	14
CAATCCCGTAACATAG-1	Epithelial	17
CAATCCCGTCTGTTGA-1	Stromal	5
CAATCCCTCACGATTG-1	B	4
CAATCCCTCATCGCCT-1	Epithelial	6
CAATCCCTCCAGAGAG-1	Epithelial	6
CAATCCCTCGAAGCCC-1	B	8
CAATCCCTCGGTCCGA-1	B	1
CAATCCCTCTATGAGC-1	B	8
CAATCCCTCTCGACCT-1	Epithelial	14
CAATCCCTCTGAAAGA-1	B	1
CACAACAAGCAATAAC-1	Epithelial	7
CACAACAAGCTCCGGT-1	B	4
CACAACAAGCTCGGCT-1	Epithelial	17
CACAACAAGGTAAGTT-1	Epithelial	10
CACAACAAGGTTTCTG-1	B	13
CACAACAAGTAGACCG-1	B	1
CACAACAAGTCTAGAA-1	Epithelial	16
CACAACAAGTTTACGC-1	Epithelial	12
CACAACACACACACAT-1	Epithelial	15
CACAACACACATGATC-1	Epithelial	7
CACAACACAGGTGGTA-1	Myeloid	3
CACAACACATTTGGCA-1	B	4
CACAACAGTAGCGAGT-1	B	1
CACAACAGTTAACCAC-1	Epithelial	15
CACAACATCAGTCTTT-1	T	11
CACAACATCAGTGTAC-1	Epithelial	18
CACAACATCCCTACCA-1	Stromal	5
CACAACATCGCATACA-1	Epithelial	12
CACAACATCGCGTGAC-1	Epithelial	14
CACAACATCTAGTCGA-1	B	4
CACAACATCTCTGCGT-1	Epithelial	6
CACAACATCTGTGTCC-1	B	4
CACAACATCTTCGTTA-1	T	11
CACAGATAGAATACTG-1	Myeloid	3
CACAGATAGACTTGAA-1	Epithelial	12
CACAGATAGGATGCCA-1	B	1
CACAGATAGTACAGAT-1	B	8
CACAGATAGTAGTGTA-1	Epithelial	14
CACAGATAGTGTCGCC-1	B	8
CACAGATAGTTCGTTG-1	Epithelial	7
CACAGATCACCGATCG-1	B	1
CACAGATCAGGACTGA-1	Myeloid	3
CACAGATCATGATCGT-1	Stromal	5
CACAGATGTTCCCTTG-1	Epithelial	10
CACAGATTCAACGTGT-1	Epithelial	10
CACAGATTCATCGCCT-1	Epithelial	7
CACAGATTCATTCTTG-1	Epithelial	17
CACAGATTCCCAATAG-1	Epithelial	0
CACAGATTCGGTTAGT-1	T	11
CACAGATTCGTGGAAG-1	Stromal	9
CACAGATTCTGAGTCA-1	B	4
CACAGATTCTGATCCC-1	T	11
CACAGATTCTTTATCG-1	Epithelial	2
CACATGAAGATGTTGA-1	B	4
CACATGAAGCAGTAGC-1	Epithelial	0
CACATGAAGCTAACAA-1	Epithelial	7
CACATGAAGTGGGACT-1	B	1
CACATGACAATTCGTG-1	Epithelial	10
CACATGACACTCCCAT-1	B	4
CACATGACACTTGCGG-1	Epithelial	12
CACATGACAGCTTACA-1	Epithelial	2
CACATGACATAGTCCA-1	Epithelial	16
CACATGAGTAACTCCA-1	Epithelial	2
CACATGAGTAGCGAGT-1	B	1
CACATGAGTCTAAGAA-1	Epithelial	14
CACATGAGTGCTGAAG-1	Epithelial	7
CACATGAGTTAAGTCC-1	Epithelial	10
CACATGAGTTACTACG-1	Epithelial	15
CACATGAGTTCTACCC-1	Epithelial	14
CACATGATCCGGCTGA-1	Epithelial	16
CACATGATCGCAGATT-1	B	13
CACATGATCGCCACTT-1	Epithelial	7
CACATGATCGGTAGGA-1	B	8
CACATGATCTGACATG-1	B	13
CACCACTAGAATGCTA-1	B	13
CACCACTAGACTAGCG-1	B	8
CACCACTAGAGTCCGA-1	Epithelial	12
CACCACTAGAGTTTGA-1	Epithelial	14
CACCACTAGGGCGAAG-1	B	1
CACCACTAGTCCGTGC-1	Epithelial	14
CACCACTAGTTAGAGT-1	Epithelial	7
CACCACTCAAACCTAC-1	Stromal	5
CACCACTCAAGACTAA-1	Epithelial	15
CACCACTCAATGCCAT-1	Epithelial	18
CACCACTCAATGGCTT-1	Epithelial	18
CACCACTCACATTGCA-1	Epithelial	6
CACCACTCAGAGCCAA-1	B	13
CACCACTCAGGAGCAT-1	B	13
CACCACTCAGGCACAA-1	Epithelial	18
CACCACTCAGTTGGAG-1	B	1
CACCACTCATATTGGC-1	Stromal	5
CACCACTCATGCGCTG-1	Epithelial	2
CACCACTGTAAACCCT-1	Epithelial	18
CACCACTGTAACGGAC-1	Stromal	5
CACCACTGTAAGGTCG-1	B	13
CACCACTGTCATAGAA-1	Epithelial	10
CACCACTGTGCCGGTT-1	B	8
CACCACTGTTTGATCG-1	B	1
CACCACTTCACTAGGT-1	B	19
CACCACTTCACTCGGG-1	Epithelial	12
CACCACTTCAGGGTTT-1	Epithelial	0
CACCACTTCAGTGGTT-1	Epithelial	6
CACCACTTCCCATAGA-1	Epithelial	16
CACCACTTCCCTAAAG-1	Epithelial	6
CACCACTTCCTTACGC-1	B	8
CACCACTTCTGAAAGA-1	Epithelial	7
CACCTGTAGCCTATAC-1	B	1
CACCTGTAGCGTTGCC-1	Epithelial	14
CACCTGTAGCTACGCC-1	Epithelial	12
CACCTGTAGGGCATTG-1	B	8
CACCTGTAGGGTAATT-1	Epithelial	0
CACCTGTCACGCGTTG-1	B	1
CACCTGTCACTGATTG-1	B	1
CACCTGTCAGAGCCAA-1	B	8
CACCTGTCAGGTCTGC-1	Epithelial	17
CACCTGTCATATACGC-1	Epithelial	10
CACCTGTGTACAAATG-1	Epithelial	0
CACCTGTGTATTCGCA-1	Epithelial	17
CACCTGTGTCGACTGC-1	Epithelial	14
CACCTGTGTCGAGGTA-1	Epithelial	2
CACCTGTGTGAGTTGG-1	B	8
CACCTGTGTGATGCTT-1	B	4
CACCTGTGTGGAAAGA-1	Epithelial	14
CACCTGTGTTCCAATG-1	Epithelial	15
CACCTGTGTTGAAGCG-1	B	1
CACCTGTGTTGGCTTA-1	B	8
CACCTGTTCCCGATTC-1	B	1
CACCTGTTCCTTTGCG-1	B	1
CACCTGTTCGACTGGC-1	Stromal	9
CACCTGTTCGCTTACC-1	Epithelial	18
CACCTGTTCTAGCAAC-1	B	4
CACCTGTTCTATACCT-1	B	1
CACCTTGAGATTGACA-1	Epithelial	2
CACCTTGAGGCACCTC-1	Myeloid	3
CACCTTGCAACGTCGC-1	B	1
CACCTTGCAAGATTAG-1	Epithelial	17
CACCTTGCAATGGCAG-1	B	8
CACCTTGCAGTAGTCT-1	Epithelial	6
CACCTTGCATCGGCTG-1	B	8
CACCTTGGTCGAGGAT-1	Epithelial	10
CACCTTGGTCTGAGCC-1	Epithelial	7
CACCTTGGTCTGTTGA-1	B	19
CACCTTGGTGGTTCTA-1	B	4
CACCTTGTCACTAGCA-1	T	11
CACCTTGTCACTAGGT-1	B	13
CACCTTGTCCCAGCAG-1	B	4
CACCTTGTCGCCTTAC-1	Epithelial	2
CACCTTGTCGGCTATA-1	Epithelial	10
CACCTTGTCGGTCGAC-1	Epithelial	0
CACGTTCAGAGGCGGA-1	Epithelial	6
CACGTTCAGCCGCAAA-1	Epithelial	17
CACGTTCAGCGTTAGG-1	Epithelial	0
CACGTTCCAAAGAGAG-1	Epithelial	7
CACGTTCCAAGGCGTA-1	B	1
CACGTTCCACATGATC-1	Epithelial	18
CACGTTCCAGTGCGAA-1	B	8
CACGTTCCATTGTTCT-1	B	8
CACGTTCGTAAAGGCC-1	B	8
CACGTTCGTAACACTC-1	B	4
CACGTTCGTATCTAGC-1	Epithelial	6
CACGTTCGTCAATACC-1	Epithelial	2
CACGTTCGTGATGCTT-1	B	1
CACGTTCGTGTTAGAA-1	T	11
CACGTTCGTTCAGAAA-1	Epithelial	18
CACGTTCGTTGCTTGA-1	Myeloid	3
CACGTTCGTTTGTGAC-1	B	1
CACGTTCTCATCGCAA-1	B	19
CACTAAGAGAGACTCG-1	B	1
CACTAAGAGAGCGAAA-1	Epithelial	2
CACTAAGAGCAACTGG-1	Epithelial	12
CACTAAGAGCACGTAG-1	Epithelial	10
CACTAAGAGGAATGGA-1	B	8
CACTAAGAGGCAGTGT-1	Epithelial	0
CACTAAGAGTTGAATG-1	B	1
CACTAAGCAAAGGTCG-1	B	8
CACTAAGCAAGACACG-1	Myeloid	3
CACTAAGCACCATTCC-1	Epithelial	14
CACTAAGCACGCCGAT-1	Myeloid	3
CACTAAGCACGCTAAT-1	B	8
CACTAAGCATAGCCAT-1	T	11
CACTAAGCATGCCTTC-1	Epithelial	17
CACTAAGCATGGTAAA-1	Epithelial	14
CACTAAGGTACTTCAG-1	T	11
CACTAAGGTAGCATGG-1	B	1
CACTAAGGTAGTTTGC-1	Epithelial	18
CACTAAGGTCGCTAGC-1	Epithelial	7
CACTAAGGTGCACATT-1	Epithelial	15
CACTAAGGTGGAGTGT-1	B	1
CACTAAGGTTAAGGGC-1	Epithelial	10
CACTAAGGTTATCGAC-1	Epithelial	17
CACTAAGGTTGTCGGC-1	Epithelial	2
CACTAAGTCAAATGGA-1	Epithelial	2
CACTAAGTCATGCTTT-1	Epithelial	6
CACTAAGTCCGTACGG-1	Epithelial	0
CACTAAGTCCTAAGTG-1	Epithelial	7
CACTGAAAGAACGTCG-1	B	4
CACTGAAAGCTCCATA-1	B	8
CACTGAAAGGGATCCA-1	B	1
CACTGAAAGGTTCTCA-1	B	8
CACTGAAAGTAACATG-1	Epithelial	12
CACTGAAAGTACTCTG-1	T	11
CACTGAAAGTGAGTTA-1	Epithelial	0
CACTGAAAGTTAGAGT-1	Myeloid	3
CACTGAACAACGACAG-1	Epithelial	16
CACTGAACACCGATCG-1	B	8
CACTGAACACGCGACT-1	Myeloid	3
CACTGAACACTCGTGG-1	B	4
CACTGAACAGCTATAC-1	Epithelial	10
CACTGAACAGTAGTCT-1	B	1
CACTGAACAGTATCTG-1	Epithelial	12
CACTGAAGTAGTCTGT-1	Epithelial	6
CACTGAAGTGCATTCA-1	B	13
CACTGAAGTGTAGGAC-1	Epithelial	15
CACTGAAGTTAAGGGC-1	Epithelial	0
CACTGAAGTTGCTTGA-1	Myeloid	3
CACTGAATCACGTCAA-1	B	4
CACTGAATCCGGGCAT-1	B	4
CACTGAATCTATAGGC-1	Epithelial	10
CACTGAATCTCCTTAA-1	Epithelial	2
CAGCCTTAGAAATCTG-1	Epithelial	12
CAGCCTTAGAAGACTT-1	B	1
CAGCCTTAGGATGTCG-1	Epithelial	2
CAGCCTTAGGCCTCGT-1	Epithelial	17
CAGCCTTAGGGCTCTC-1	B	19
CAGCCTTAGGGTGTTG-1	Epithelial	14
CAGCCTTAGTAACACA-1	B	1
CAGCCTTAGTCTGCTA-1	Epithelial	2
CAGCCTTCAACTAGAA-1	Stromal	9
CAGCCTTCAAGCGACA-1	Epithelial	2
CAGCCTTCAATACTGC-1	Stromal	9
CAGCCTTCACATATCG-1	B	1
CAGCCTTCAGCGCGTT-1	B	19
CAGCCTTCAGGAGCAT-1	B	8
CAGCCTTCAGGTCCTG-1	Epithelial	2
CAGCCTTCAGTCCTGG-1	Epithelial	10
CAGCCTTCATAGCCAT-1	Epithelial	18
CAGCCTTGTCTAAGAA-1	Myeloid	3
CAGCCTTGTGTGAGGT-1	Myeloid	3
CAGCCTTGTTGGAGGT-1	B	1
CAGCCTTTCAATTCCT-1	B	4
CAGCCTTTCAGAATGA-1	Epithelial	15
CAGCCTTTCATCGCAA-1	Myeloid	3
CAGCCTTTCATGAACC-1	B	13
CAGCCTTTCGATAGCT-1	Epithelial	15
CAGCCTTTCGCCAGAC-1	Myeloid	3
CAGCCTTTCGCGTTCT-1	Epithelial	0
CAGCCTTTCGGAGTTT-1	Epithelial	15
CAGCCTTTCGGTCTAA-1	B	1
CAGCTAAAGACACAAT-1	B	1
CAGCTAAAGAGAATTC-1	Epithelial	15
CAGCTAAAGATTACGA-1	Epithelial	10
CAGCTAAAGTCGACCC-1	Myeloid	3
CAGCTAAAGTGAGTTA-1	Epithelial	12
CAGCTAACAAACTACC-1	Epithelial	0
CAGCTAACAAGATGCG-1	B	1
CAGCTAACACCACCAG-1	Epithelial	0
CAGCTAACAGACCTGC-1	B	1
CAGCTAACAGAGTCGA-1	Epithelial	2
CAGCTAACAGCCGAAA-1	B	8
CAGCTAACAGGTCCTG-1	Epithelial	0
CAGCTAACAGTGCGAA-1	Epithelial	0
CAGCTAACATAAAGTG-1	Epithelial	10
CAGCTAACATCCTCGT-1	Epithelial	7
CAGCTAACATGGTATC-1	Epithelial	2
CAGCTAACATTTCACT-1	B	13
CAGCTAAGTACAAGCG-1	B	1
CAGCTAAGTCATTGCA-1	Epithelial	6
CAGCTAAGTGTTAGAA-1	Epithelial	15
CAGCTAAGTTCGGGAA-1	B	19
CAGCTAAGTTTCTACT-1	Epithelial	10
CAGCTAATCCCTATTA-1	B	8
CAGCTAATCTCAGATG-1	Epithelial	0
CAGCTGGAGAGCAGCT-1	T	11
CAGCTGGAGCCCATGC-1	B	1
CAGCTGGAGGCTCCTG-1	Epithelial	10
CAGCTGGAGTAATCAG-1	Epithelial	0
CAGCTGGAGTCCTTCC-1	Epithelial	7
CAGCTGGAGTGAGCTG-1	B	8
CAGCTGGAGTTCGCGC-1	Epithelial	15
CAGCTGGCAACGAGGT-1	B	19
CAGCTGGCACTCCACT-1	Myeloid	3
CAGCTGGCAGCCACGT-1	Epithelial	7
CAGCTGGCATCGGCCA-1	T	11
CAGCTGGCATGGTTTG-1	B	13
CAGCTGGCATGTGGGA-1	Epithelial	14
CAGCTGGGTCGAGGTA-1	B	13
CAGCTGGGTCTAACCA-1	Epithelial	15
CAGCTGGGTGACCAGA-1	Epithelial	17
CAGCTGGGTTATCGAC-1	Epithelial	17
CAGCTGGTCACTTACT-1	Epithelial	18
CAGCTGGTCAGGTCTA-1	B	1
CAGCTGGTCCGGACTG-1	B	8
CAGGATTAGACACTTC-1	B	8
CAGGATTAGAGCTGTG-1	B	13
CAGGATTAGCCATTCA-1	B	1
CAGGATTAGCGAATAT-1	Epithelial	7
CAGGATTAGGGAGTTC-1	Epithelial	15
CAGGATTAGTAACATG-1	Epithelial	0
CAGGATTAGTCGCCTG-1	Epithelial	14
CAGGATTAGTGGTGTG-1	Epithelial	18
CAGGATTAGTTGCCGC-1	B	8
CAGGATTCAACGGACA-1	B	13
CAGGATTCAACTGCGC-1	B	8
CAGGATTCAATTGTGC-1	B	1
CAGGATTCACCACGAC-1	Epithelial	2
CAGGATTCAGTATACC-1	Epithelial	14
CAGGATTCATAAAGTG-1	B	8
CAGGATTCATCGGCCA-1	B	8
CAGGATTCATGGAGGT-1	Epithelial	15
CAGGATTCATTCACCC-1	Stromal	5
CAGGATTGTATCACAC-1	Epithelial	2
CAGGATTGTGAAACAT-1	Epithelial	0
CAGGATTGTGAATCGG-1	Epithelial	12
CAGGATTGTGCAAGCA-1	B	1
CAGGATTTCACTGGTA-1	B	4
CAGGATTTCAGCCGGT-1	B	13
CAGGATTTCCATATCT-1	B	1
CAGGATTTCCCACGGA-1	Epithelial	15
CAGGATTTCGATCGCG-1	Epithelial	2
CAGGATTTCGTTCAGA-1	Epithelial	6
CAGGATTTCTACTTTG-1	B	1
CAGGGCTAGCTCGGCT-1	B	8
CAGGGCTAGTAATCAG-1	B	1
CAGGGCTCAAGCGTCC-1	Myeloid	3
CAGGGCTCAAGGAGGG-1	B	8
CAGGGCTCAAGTTGCT-1	Epithelial	18
CAGGGCTCAATCCATG-1	Myeloid	3
CAGGGCTCACTCCACT-1	Epithelial	12
CAGGGCTCAGAATGCG-1	Epithelial	16
CAGGGCTCATAGCCAT-1	Myeloid	3
CAGGGCTCATCTCACC-1	Stromal	5
CAGGGCTCATCTGCAA-1	T	11
CAGGGCTCATGTAGAA-1	Epithelial	6
CAGGGCTCATTGATGC-1	Epithelial	17
CAGGGCTGTAAGTGCG-1	B	8
CAGGGCTGTACCAAGG-1	B	1
CAGGGCTGTATATGGA-1	B	1
CAGGGCTGTATCTCAG-1	Epithelial	7
CAGGGCTGTATTCACG-1	Epithelial	7
CAGGGCTGTCAATACC-1	Stromal	5
CAGGGCTGTTCTGATG-1	Epithelial	0
CAGGGCTGTTCTTAGG-1	B	13
CAGGGCTTCCGGAAAG-1	Epithelial	17
CAGGGCTTCGATAGGG-1	Epithelial	12
CAGGGCTTCTAGTCGA-1	Epithelial	0
CAGTATGAGAAAGGGT-1	Epithelial	2
CAGTATGAGAACTCCT-1	Epithelial	6
CAGTATGAGAAGGGCG-1	B	4
CAGTATGAGGAAGAAC-1	Stromal	9
CAGTATGAGGAAGGTA-1	Epithelial	10
CAGTATGAGGACTTTC-1	B	13
CAGTATGAGGCGCTTC-1	Stromal	5
CAGTATGCAAACAGTA-1	B	4
CAGTATGCAACGTACT-1	T	11
CAGTATGCAAGCGGTA-1	Epithelial	14
CAGTATGCAATGGTCT-1	B	1
CAGTATGCACCGTCTT-1	B	8
CAGTATGCATTCTCGC-1	Epithelial	18
CAGTATGGTACGGATG-1	Epithelial	18
CAGTATGGTATTCGCA-1	B	8
CAGTATGGTATTCTGG-1	Epithelial	7
CAGTATGGTCCCGAGT-1	B	1
CAGTATGGTGCACTTA-1	Epithelial	2
CAGTATGGTGCCGGTT-1	B	13
CAGTATGGTGTCGTCG-1	B	8
CAGTATGGTTTGACCA-1	T	11
CAGTATGGTTTGCATG-1	B	4
CAGTATGTCACATTCT-1	Epithelial	7
CAGTATGTCACCCTTG-1	B	1
CAGTATGTCAGTCACA-1	T	11
CAGTATGTCCCATAGA-1	Epithelial	17
CAGTATGTCCGGACTG-1	Epithelial	12
CAGTATGTCGGCAATT-1	B	13
CAGTATGTCTCTTCTC-1	B	1
CAGTATGTCTGATCTT-1	Epithelial	10
CAGTATGTCTTGCGCT-1	Epithelial	17
CAGTGCGAGACTAATG-1	B	13
CAGTGCGAGCTCGGCT-1	B	8
CAGTGCGAGGTTAACA-1	Epithelial	15
CAGTGCGCAACTACTG-1	B	1
CAGTGCGCAATGCATC-1	Epithelial	18
CAGTGCGCAATGGTAA-1	Epithelial	2
CAGTGCGCACCTATTT-1	Epithelial	10
CAGTGCGCACTGATTG-1	Epithelial	2
CAGTGCGCAGAGTCGA-1	Epithelial	2
CAGTGCGCAGTAACGG-1	Epithelial	14
CAGTGCGCATAGACGG-1	Epithelial	10
CAGTGCGGTACCCACG-1	Epithelial	2
CAGTGCGGTACGCAAG-1	B	1
CAGTGCGGTAGAATAC-1	Epithelial	0
CAGTGCGGTATCCCTC-1	Epithelial	12
CAGTGCGGTCAACTAC-1	Epithelial	6
CAGTGCGGTCGAGGAT-1	B	8
CAGTGCGGTTTCCACC-1	Epithelial	17
CAGTGCGTCCATACGA-1	B	13
CAGTGCGTCCTGACCT-1	B	13
CAGTGCGTCGAACCGC-1	B	13
CAGTGCGTCGACCCGA-1	Epithelial	14
CAGTGCGTCTGTTGCC-1	Stromal	9
CAGTGTAAGGAAACTT-1	T	11
CAGTGTAAGGTCTTGT-1	T	11
CAGTGTAAGTCGTACT-1	Epithelial	12
CAGTGTAAGTGAAGGA-1	Epithelial	7
CAGTGTAAGTGCCCTG-1	Epithelial	7
CAGTGTACACGGTTAT-1	B	1
CAGTGTACAGGTAGCA-1	T	11
CAGTGTACAGTGGTCC-1	Epithelial	2
CAGTGTACATGGTTTG-1	Stromal	5
CAGTGTAGTACCAAGG-1	Epithelial	7
CAGTGTAGTACGTAGG-1	Epithelial	17
CAGTGTAGTCAGGTGA-1	B	1
CAGTGTAGTCCTATTT-1	Epithelial	12
CAGTGTAGTGATCAGG-1	Epithelial	2
CAGTGTAGTGCTGAAG-1	Epithelial	16
CAGTGTATCCCAGTAA-1	Epithelial	14
CAGTGTATCGGATAAA-1	Epithelial	12
CAGTGTATCGTTCAGA-1	Epithelial	14
CAGTGTATCTCCTTGG-1	Epithelial	7
CAGTGTATCTCGACAA-1	Epithelial	2
CAGTGTATCTCTATTG-1	B	8
CAGTGTATCTGACTTT-1	Epithelial	18
CATAACGAGATGCGCA-1	Epithelial	7
CATAACGAGCGAATAT-1	Epithelial	7
CATAACGAGCTAACAA-1	Epithelial	18
CATAACGAGGGCTTCC-1	Epithelial	18
CATAACGAGGTCTTGT-1	Epithelial	18
CATAACGAGTAGTGTA-1	Epithelial	18
CATAACGAGTGCACAG-1	Epithelial	18
CATAACGCAAGCGTCC-1	Epithelial	10
CATAACGCAATCCATG-1	Epithelial	10
CATAACGCACTGTTAG-1	Epithelial	7
CATAACGCATTAAGGA-1	Epithelial	12
CATAACGGTAGTACAA-1	Epithelial	18
CATAACGGTCATTGCA-1	B	8
CATAACGGTCCAAGAG-1	B	13
CATAACGGTCTCAAAC-1	B	8
CATAACGGTGCCCGAT-1	Epithelial	17
CATAACGGTTACGGAG-1	B	13
CATAACGGTTCAGTTG-1	Epithelial	0
CATAACGGTTTAAGCC-1	Epithelial	2
CATAACGTCAGCACGC-1	B	19
CATAACGTCAGCACTA-1	Epithelial	16
CATAACGTCATTCGGA-1	B	8
CATAACGTCCAATCCC-1	Epithelial	6
CATAACGTCCAGGTAT-1	Epithelial	7
CATAACGTCGCAAACT-1	B	13
CATAACGTCGGACGAA-1	Epithelial	15
CATGCCTAGCGGACTA-1	T	11
CATGCCTAGTCGATAA-1	Epithelial	12
CATGCCTCAAATAGTG-1	B	1
CATGCCTCAACCTCTC-1	B	1
CATGCCTCAACGTAGG-1	B	1
CATGCCTCAATGCACT-1	Epithelial	14
CATGCCTCACACACAT-1	B	8
CATGCCTCACAGGAAC-1	Epithelial	2
CATGCCTCATAGAATG-1	Epithelial	17
CATGCCTGTAACGGTG-1	Epithelial	10
CATGCCTGTACATGGG-1	B	8
CATGCCTGTCAAACAA-1	B	13
CATGCCTGTCCGAGCT-1	B	1
CATGCCTGTTAGGAGC-1	Epithelial	10
CATGCCTGTTCCCAAA-1	Epithelial	6
CATGCCTTCAAGGCAG-1	B	1
CATGCCTTCGCACCTT-1	B	8
CATGCCTTCGCTGATA-1	B	8
CATGCCTTCGTGCTGG-1	Epithelial	6
CATGCCTTCTGCTACC-1	Epithelial	7
CATGTTTAGAAAGCAG-1	B	8
CATGTTTAGAACTCCT-1	B	4
CATGTTTAGCAGAGCT-1	Epithelial	7
CATGTTTAGGGTTCCC-1	Epithelial	18
CATGTTTAGGTGTTGG-1	B	1
CATGTTTAGTATACCC-1	Epithelial	12
CATGTTTAGTATAGTG-1	Epithelial	10
CATGTTTAGTATGCTC-1	Epithelial	15
CATGTTTAGTGCTGAG-1	B	13
CATGTTTAGTTGCCGC-1	B	1
CATGTTTCAAAGCATA-1	Epithelial	14
CATGTTTCAACTCAAC-1	Epithelial	0
CATGTTTCAAGCCAGA-1	Epithelial	7
CATGTTTCAAGTCCTA-1	Epithelial	2
CATGTTTCAGAAGTGC-1	Epithelial	16
CATGTTTCAGACTAAA-1	Myeloid	3
CATGTTTCAGGTAGGT-1	Epithelial	10
CATGTTTCATAAAGTG-1	Myeloid	3
CATGTTTCATGCGTTA-1	Myeloid	3
CATGTTTCATGTATCG-1	Myeloid	3
CATGTTTGTATACGCT-1	T	11
CATGTTTGTTAGAGAT-1	B	1
CATGTTTTCAGGGTTT-1	Epithelial	17
CATGTTTTCATTCTCA-1	Epithelial	6
CATGTTTTCCACGCTT-1	Epithelial	15
CATGTTTTCGATAGGG-1	B	8
CATGTTTTCGCGGCAT-1	T	11
CATGTTTTCGCTTCAC-1	B	1
CATTCATAGATACCAA-1	B	8
CATTCATAGGAAGACA-1	T	11
CATTCATAGGATGCCA-1	B	1
CATTCATAGGCTTTAC-1	Epithelial	0
CATTCATAGGTCGTTT-1	T	11
CATTCATAGTCTAGAA-1	B	13
CATTCATCAAGCCCTG-1	Epithelial	2
CATTCATCAAGCGAAC-1	Epithelial	18
CATTCATCAATCCATG-1	Epithelial	2
CATTCATCACCACCAG-1	Epithelial	6
CATTCATCACCGTTGG-1	Epithelial	12
CATTCATCACGACGAA-1	Epithelial	18
CATTCATCACTAGGAG-1	B	4
CATTCATCAGCAGGTA-1	Epithelial	14
CATTCATCAGGACTGA-1	B	8
CATTCATCATCTGCAA-1	Epithelial	2
CATTCATCATTTCACT-1	Epithelial	2
CATTCATGTAAGTGCG-1	B	8
CATTCATGTAGGTAAT-1	B	4
CATTCATGTATTCACG-1	T	11
CATTCATGTCCGTAGC-1	B	1
CATTCATGTCGATTAC-1	Epithelial	15
CATTCATGTGAATCGG-1	Epithelial	14
CATTCATGTTAGCTCA-1	Epithelial	10
CATTCATTCAGCCGAC-1	Epithelial	14
CATTCATTCCGGGCAT-1	T	11
CATTCATTCCTAGAGT-1	B	8
CATTCATTCGCACAAT-1	Epithelial	18
CATTCATTCGCTTCAC-1	Myeloid	3
CATTCATTCGTATAGC-1	Epithelial	14
CATTCATTCTATACCT-1	T	11
CATTCCGAGAAGGGCG-1	Stromal	9
CATTCCGAGATGTTGA-1	Epithelial	2
CATTCCGAGCGAGAAA-1	Epithelial	16
CATTCCGAGGCCTCGT-1	B	8
CATTCCGAGTGAGCAC-1	Epithelial	7
CATTCCGCAAACTACC-1	Epithelial	16
CATTCCGCAATGGCTT-1	Epithelial	6
CATTCCGCACAAGGGT-1	Myeloid	3
CATTCCGCACTGTCAA-1	Epithelial	16
CATTCCGCAGAGCCAA-1	Epithelial	17
CATTCCGCATTAGCCA-1	Epithelial	16
CATTCCGGTAAGCCGA-1	Epithelial	17
CATTCCGGTACGCCCA-1	Epithelial	2
CATTCCGGTATCTGCA-1	Epithelial	0
CATTCCGGTCAACTAC-1	T	11
CATTCCGGTCATAGCT-1	Epithelial	7
CATTCCGGTGTCCCAG-1	Epithelial	15
CATTCCGGTTAACCGT-1	T	11
CATTCCGGTTAGCTCA-1	Epithelial	2
CATTCCGTCACTCCCA-1	B	13
CATTCCGTCAGTGTAC-1	B	8
CATTCCGTCCATCATT-1	B	1
CATTCCGTCCGTGCGA-1	Epithelial	0
CATTCCGTCGCACAAT-1	Epithelial	6
CATTCCGTCGGTCCGA-1	B	8
CATTCCGTCGTGAGTT-1	B	1
CATTCCGTCGTGTGCG-1	B	8
CATTGGAAGAGGCCTA-1	Epithelial	12
CATTGGAAGATGAGGA-1	B	8
CATTGGAAGATTACGA-1	Epithelial	15
CATTGGAAGCACCATT-1	Epithelial	12
CATTGGAAGCACGTAG-1	Epithelial	0
CATTGGAAGGAAGGTA-1	Epithelial	7
CATTGGAAGGAATGGA-1	B	1
CATTGGAAGTACCACT-1	T	11
CATTGGAAGTACCCAT-1	B	13
CATTGGAAGTCCTTCC-1	Epithelial	6
CATTGGACAAACAGTA-1	Epithelial	15
CATTGGACAGCAACAG-1	Epithelial	17
CATTGGACAGTAACTC-1	B	8
CATTGGACATAGCAGG-1	Stromal	9
CATTGGACATTATGGC-1	B	8
CATTGGAGTCCTTCAC-1	Epithelial	16
CATTGGAGTCTAACCA-1	Myeloid	3
CATTGGAGTCTGCACG-1	B	13
CATTGGAGTTACTACG-1	B	8
CATTGGAGTTATAGAG-1	B	8
CATTGGAGTTCATTTC-1	Epithelial	10
CATTGGAGTTCTTTCA-1	Epithelial	10
CATTGGATCACCCGGA-1	Epithelial	12
CATTGGATCAGCACTA-1	B	1
CATTGGATCCATAGGT-1	Epithelial	7
CATTGGATCCATGACA-1	Epithelial	7
CATTGGATCCCGATTC-1	B	13
CATTGGATCGCGTTCT-1	Myeloid	3
CATTGGATCGGATAGG-1	B	13
CATTGGATCGTGGAAG-1	Epithelial	17
CATTGGATCGTTTGAG-1	Epithelial	16
CATTGGATCTCTGCAC-1	B	8
CATTGGATCTGAACGT-1	Epithelial	12
CCAATGAAGAAGCCTG-1	Epithelial	2
CCAATGAAGCGATACG-1	Epithelial	2
CCAATGAAGCTGATTC-1	T	11
CCAATGAAGGCTCCTG-1	B	1
CCAATGACAACGGACA-1	Epithelial	12
CCAATGACAACTCGAT-1	B	4
CCAATGACAAGCGGTA-1	Myeloid	3
CCAATGACATCCTCGT-1	Epithelial	10
CCAATGAGTACAAGCG-1	Epithelial	15
CCAATGAGTAGACGCA-1	Epithelial	7
CCAATGAGTCAATCCA-1	B	4
CCAATGAGTGCGTCCA-1	B	4
CCAATGAGTGTCGTGC-1	Myeloid	3
CCAATGAGTGTTTCTT-1	Epithelial	14
CCAATGAGTTGCCGCA-1	Epithelial	16
CCAATGAGTTTAGAAG-1	T	11
CCAATGAGTTTGGATC-1	B	1
CCAATGATCACCGCGA-1	Epithelial	14
CCAATGATCATCGCCT-1	B	1
CCAATGATCATGAACC-1	Epithelial	7
CCAATGATCCAGAATC-1	B	19
CCAATGATCCCTATTA-1	Stromal	5
CCAATGATCGCCACTT-1	Epithelial	12
CCAATGATCTAAACGC-1	Epithelial	15
CCACAGGAGACAGTGC-1	B	1
CCACAGGAGACTTGAA-1	Epithelial	14
CCACAGGAGATCTCAC-1	Epithelial	18
CCACAGGAGCCCATGC-1	B	8
CCACAGGAGGGATCCA-1	Epithelial	15
CCACAGGAGGTGATGC-1	Epithelial	0
CCACAGGAGTCTGGGA-1	T	11
CCACAGGAGTGGGACT-1	Epithelial	7
CCACAGGCAAGCGAAC-1	Epithelial	10
CCACAGGCAAGTGGCA-1	B	1
CCACAGGCAGAGAGAA-1	Epithelial	10
CCACAGGCAGTTGCAT-1	Epithelial	15
CCACAGGCATCGCTAA-1	Epithelial	2
CCACAGGGTAAGCCTT-1	Epithelial	7
CCACAGGGTAATGTAG-1	Epithelial	12
CCACAGGGTACAACGG-1	Epithelial	16
CCACAGGGTACGGTTT-1	B	8
CCACAGGGTAGGGTCA-1	B	8
CCACAGGGTATCCCTC-1	B	1
CCACAGGGTCACAGGA-1	Myeloid	3
CCACAGGGTCATGAGG-1	B	8
CCACAGGGTCCTCAGG-1	B	19
CCACAGGGTTAGGCTT-1	Epithelial	14
CCACAGGGTTGGCTTA-1	B	8
CCACAGGGTTTGCCCT-1	B	19
CCACAGGTCACTCCCA-1	B	13
CCACAGGTCAGGTTTG-1	Epithelial	15
CCACAGGTCCCGGGTA-1	Epithelial	16
CCACAGGTCGCTGATA-1	Epithelial	18
CCACAGGTCGTGGCGT-1	B	8
CCACAGGTCTTAGTGG-1	B	8
CCACGTTAGAGGTGGG-1	B	1
CCACGTTAGATCGATA-1	Epithelial	17
CCACGTTAGCAGAATT-1	B	13
CCACGTTAGCGTGTTT-1	Epithelial	15
CCACGTTAGTAATGTG-1	Epithelial	2
CCACGTTAGTCTTAGC-1	Epithelial	0
CCACGTTCACGCGATC-1	Epithelial	10
CCACGTTCAGTAACCT-1	Epithelial	0
CCACGTTCATGGCCGT-1	B	8
CCACGTTGTAAACCCT-1	B	13
CCACGTTGTAGACACG-1	Epithelial	10
CCACGTTGTGGATTCT-1	Epithelial	12
CCACGTTTCCAGAATC-1	B	8
CCACGTTTCCATGTTT-1	B	1
CCACGTTTCCCAATGA-1	B	4
CCACGTTTCCGATTGA-1	B	13
CCACGTTTCCTCAAGA-1	B	4
CCACGTTTCGAACACT-1	B	8
CCACGTTTCGGTCCGA-1	B	4
CCACGTTTCTCGACCT-1	B	1
CCAGAATAGAAATACC-1	B	1
CCAGAATAGAGCTGTG-1	Epithelial	2
CCAGAATAGGAGTACC-1	Epithelial	2
CCAGAATAGGTACACG-1	B	13
CCAGAATAGTGAATAC-1	B	13
CCAGAATAGTTCCCGG-1	B	8
CCAGAATAGTTCTCCC-1	T	11
CCAGAATCAAGGCGTA-1	B	1
CCAGAATCAAGTGGCA-1	T	11
CCAGAATCAAGTTGCT-1	Epithelial	16
CCAGAATCACAGCCAC-1	B	13
CCAGAATCACTAGGAG-1	B	8
CCAGAATCACTCCTCA-1	Epithelial	17
CCAGAATCAGACCTGC-1	Stromal	9
CCAGAATCATAGCCGC-1	Epithelial	6
CCAGAATGTATCCCTC-1	Epithelial	7
CCAGAATGTCCAGACC-1	B	19
CCAGAATGTGATTCCA-1	Stromal	5
CCAGAATGTTAGTAGA-1	B	1
CCAGAATTCACGTGTA-1	Epithelial	16
CCAGAATTCCAGTACA-1	B	1
CCAGAATTCCTCAAGA-1	B	8
CCAGAATTCGACTTAG-1	Epithelial	2
CCAGAATTCGTGTGCG-1	B	19
CCAGATAAGATCACCT-1	Stromal	5
CCAGATAAGCTGATTC-1	Epithelial	7
CCAGATAAGGGCGAAG-1	Epithelial	0
CCAGATAAGTGTCGCC-1	B	4
CCAGATACAACGTACT-1	B	1
CCAGATACACATATCG-1	B	13
CCAGATACACGACGAA-1	Epithelial	15
CCAGATACACTCGCAG-1	B	8
CCAGATACAGCGTGAA-1	Epithelial	15
CCAGATACATCAGAAA-1	B	19
CCAGATACATGGAGGT-1	B	4
CCAGATACATTGAACC-1	Epithelial	10
CCAGATAGTACGAGAC-1	Epithelial	12
CCAGATAGTAGGTCTT-1	Epithelial	15
CCAGATAGTCACTCTC-1	Epithelial	2
CCAGATAGTCAGCAAG-1	Epithelial	10
CCAGATAGTCCAAGAG-1	Epithelial	2
CCAGATAGTCCCTTTG-1	B	8
CCAGATAGTGCCGGTT-1	Epithelial	10
CCAGATAGTTAAGGGC-1	Epithelial	18
CCAGATAGTTACGAAA-1	Epithelial	12
CCAGATAGTTGAATAG-1	Stromal	5
CCAGATATCATGAACC-1	Epithelial	2
CCAGATATCATTCTCA-1	Epithelial	14
CCAGATATCCCACTTG-1	B	13
CCAGATATCGACTCGG-1	B	8
CCAGATATCGATGTGT-1	B	8
CCAGATATCGGAGTTT-1	Epithelial	7
CCAGATATCTGCTACC-1	B	13
CCAGATATCTTAGTGG-1	Epithelial	0
CCATACCAGATTAGAC-1	Epithelial	10
CCATACCAGCCATCAT-1	B	1
CCATACCAGCTTCAAC-1	Epithelial	15
CCATACCCAAACTACC-1	Epithelial	12
CCATACCCAACGCAAG-1	B	1
CCATACCCAACTCAAC-1	B	13
CCATACCCAATGCATC-1	Epithelial	15
CCATACCCATCAACTG-1	Epithelial	2
CCATACCCATTTAGGC-1	Epithelial	15
CCATACCGTACGGAGT-1	Epithelial	18
CCATACCGTGGCATAG-1	B	19
CCATACCGTTCCTATT-1	B	1
CCATACCTCACCGCGA-1	Myeloid	3
CCATACCTCCCGATTC-1	Stromal	5
CCATACCTCGGGCTCA-1	B	8
CCCACATAGGACTAGC-1	Myeloid	3
CCCACATAGGTAGGAA-1	B	13
CCCACATAGTACGCGA-1	B	13
CCCACATCAAACTACC-1	Epithelial	17
CCCACATCAACGAGGT-1	B	8
CCCACATCAACTACTG-1	Myeloid	3
CCCACATCAAGAGCGT-1	B	1
CCCACATCAAGTCCTA-1	Epithelial	10
CCCACATCAAGTCTCA-1	B	19
CCCACATCACGCGACT-1	B	4
CCCACATCAGCCGAAA-1	Epithelial	15
CCCACATCAGGCATTT-1	Epithelial	17
CCCACATCAGTAAGAT-1	B	1
CCCACATCATTGCGAT-1	Epithelial	0
CCCACATGTAGAATAC-1	B	1
CCCACATGTATGGGTG-1	B	8
CCCACATGTTCCGGCA-1	Epithelial	15
CCCACATGTTGCAGAG-1	Epithelial	17
CCCACATGTTGTGAGG-1	T	11
CCCACATGTTTAAGCC-1	Myeloid	3
CCCACATGTTTGTCTT-1	Stromal	9
CCCACATTCATACTTC-1	B	13
CCCACATTCCTAGAGT-1	Epithelial	0
CCCACATTCGTGATAC-1	Epithelial	14
CCCACATTCTTATCAC-1	Epithelial	10
CCCAGAGAGAACTCCT-1	Epithelial	7
CCCAGAGAGGCGACTA-1	B	13
CCCAGAGAGGTTACAA-1	B	1
CCCAGAGAGGTTCTCA-1	Epithelial	12
CCCAGAGAGTCGAAAT-1	B	8
CCCAGAGAGTGATATG-1	B	13
CCCAGAGCAAGGATGC-1	B	1
CCCAGAGCACCGAAAG-1	Epithelial	2
CCCAGAGCACTTACAG-1	Epithelial	15
CCCAGAGCAGAACAGC-1	Epithelial	14
CCCAGAGCAGTAACTC-1	Myeloid	3
CCCAGAGCATGATCGT-1	Epithelial	15
CCCAGAGCATTATGGC-1	Myeloid	3
CCCAGAGCATTGCACA-1	B	13
CCCAGAGGTCGATAGG-1	B	4
CCCAGAGGTCGCGCTA-1	B	8
CCCAGAGGTGAGTTGG-1	B	13
CCCAGAGGTGCAAGAC-1	B	1
CCCAGAGGTTTAGGAA-1	Myeloid	3
CCCAGAGTCACGATTG-1	Stromal	5
CCCAGAGTCCAACCTC-1	Epithelial	7
CCCAGAGTCCTAGAGT-1	Epithelial	16
CCCAGAGTCCTATCCG-1	T	11
CCCAGAGTCGATATGC-1	Epithelial	7
CCCAGAGTCGCCACTT-1	B	8
CCCAGAGTCGGCAATT-1	Epithelial	2
CCCAGAGTCTCTGCAC-1	Epithelial	17
CCCGTTAAGGCCAATG-1	B	4
CCCGTTAAGGTCTTGT-1	T	11
CCCGTTAAGTTACACC-1	B	1
CCCGTTAAGTTCCAGT-1	Epithelial	14
CCCGTTAAGTTCTCCC-1	Epithelial	15
CCCGTTACAAGCAGGT-1	Epithelial	0
CCCGTTACACAAACGG-1	B	8
CCCGTTACACCTGTGG-1	B	1
CCCGTTACAGATACAA-1	Epithelial	7
CCCGTTACAGTAACTC-1	Epithelial	7
CCCGTTACATCTCTCG-1	Epithelial	7
CCCGTTACATGTAGAA-1	B	8
CCCGTTAGTAATGTGA-1	Myeloid	3
CCCGTTAGTACATGGG-1	T	11
CCCGTTAGTCAGCTTA-1	B	1
CCCGTTAGTCTGTGTA-1	Epithelial	2
CCCGTTAGTGAGTCGA-1	Epithelial	16
CCCGTTAGTGCGTAGA-1	Epithelial	17
CCCGTTAGTTACGGAG-1	Epithelial	15
CCCGTTAGTTCCAATG-1	Epithelial	12
CCCGTTAGTTCTCGAA-1	B	13
CCCGTTAGTTTGACCA-1	Epithelial	7
CCCGTTAGTTTGCGAT-1	B	13
CCCGTTATCGAGAAGC-1	Epithelial	12
CCCGTTATCGCAAACT-1	Epithelial	14
CCCGTTATCGCGTTCT-1	B	4
CCCGTTATCGCTTACC-1	Epithelial	10
CCCGTTATCGGGAAAC-1	Epithelial	17
CCCGTTATCGGGCTCA-1	Epithelial	6
CCCGTTATCTATCTAC-1	Stromal	5
CCCGTTATCTCTATCA-1	Epithelial	18
CCCGTTATCTTTGCAT-1	Epithelial	15
CCCTAACAGGATGCCA-1	Epithelial	15
CCCTAACAGGTAAGCC-1	Epithelial	0
CCCTAACAGGTACTCT-1	Epithelial	7
CCCTAACAGTATGGGC-1	Epithelial	2
CCCTAACAGTTCAGGG-1	Stromal	9
CCCTAACCAAAGAGAG-1	B	13
CCCTAACCAAAGGAAG-1	Epithelial	15
CCCTAACCAAAGGTCG-1	B	1
CCCTAACCAAATTGAG-1	Stromal	9
CCCTAACCAAGACTTC-1	B	8
CCCTAACCAAGAGCGT-1	B	1
CCCTAACCAAGGAACC-1	Epithelial	15
CCCTAACCAAGTCTCA-1	B	13
CCCTAACCAATGTGCT-1	B	8
CCCTAACCACTTTGGA-1	Epithelial	0
CCCTAACCAGTAGTCT-1	T	11
CCCTAACCATAGGCGA-1	Epithelial	18
CCCTAACGTACTTCGA-1	B	1
CCCTAACGTATCCTTT-1	Epithelial	17
CCCTAACGTCTGTTGA-1	Epithelial	2
CCCTAACGTGCCCAGT-1	Epithelial	12
CCCTAACGTTCCGCGA-1	B	1
CCCTAACTCACAGGGA-1	Epithelial	10
CCCTAACTCCATAGGT-1	B	13
CCCTAACTCCCACTAC-1	B	4
CCCTAACTCCTCCCAA-1	Epithelial	14
CCCTAACTCGCCCTTA-1	B	1
CCCTAACTCGCGGCAT-1	Epithelial	12
CCCTAACTCGGTTAGT-1	B	1
CCCTAACTCGTCTTAT-1	Stromal	9
CCCTAGTAGAGCTGTG-1	B	13
CCCTAGTAGCGTCTGC-1	T	11
CCCTAGTAGGAAGACA-1	B	13
CCCTAGTAGGATGCCA-1	Epithelial	2
CCCTAGTAGGATGTAT-1	Epithelial	16
CCCTAGTAGTTCAAGA-1	B	8
CCCTAGTCAAGGGAGG-1	Epithelial	18
CCCTAGTCACAGGTAG-1	B	4
CCCTAGTCACTCCCAT-1	Myeloid	3
CCCTAGTCAGCAATGG-1	Epithelial	2
CCCTAGTCAGTTCGGC-1	B	1
CCCTAGTCATCAGAAA-1	Epithelial	15
CCCTAGTCATCCCGGA-1	Epithelial	12
CCCTAGTCATCCGTAA-1	Myeloid	3
CCCTAGTGTCAGAAAT-1	B	8
CCCTAGTGTCATGAGG-1	Epithelial	2
CCCTAGTGTGATAAGT-1	Epithelial	14
CCCTAGTGTTAACCGT-1	Epithelial	14
CCCTAGTGTTAGGAGC-1	B	1
CCCTAGTTCAGGAAGC-1	Epithelial	7
CCCTAGTTCCCAGTAA-1	T	11
CCCTAGTTCCTCCATG-1	Epithelial	10
CCCTAGTTCGATGCAT-1	Epithelial	2
CCCTAGTTCGGTACTA-1	Epithelial	2
CCCTAGTTCGGTTCCT-1	Epithelial	0
CCCTAGTTCGTGGCGT-1	Epithelial	12
CCCTAGTTCTCCTTAA-1	Epithelial	2
CCCTCTCAGAACTAAC-1	Epithelial	7
CCCTCTCAGCGCAATG-1	Epithelial	2
CCCTCTCAGGAAGAAC-1	Epithelial	12
CCCTCTCCAATCATCG-1	Epithelial	0
CCCTCTCCACCTGAAT-1	Epithelial	2
CCCTCTCCAGAGCCAA-1	Epithelial	12
CCCTCTCCATTCACCC-1	Epithelial	0
CCCTCTCGTAAAGGCC-1	Epithelial	2
CCCTCTCGTACCCATA-1	B	4
CCCTCTCGTACGGATG-1	B	8
CCCTCTCGTAGTTTGC-1	Epithelial	17
CCCTCTCGTCCTATTT-1	Stromal	5
CCCTCTCGTCCTCAGG-1	Stromal	9
CCCTCTCGTGGCGCTT-1	Epithelial	18
CCCTCTCTCCAGGGAA-1	Myeloid	3
CCCTCTCTCGAGAACG-1	Epithelial	12
CCCTCTCTCGCTACCT-1	Epithelial	15
CCCTCTCTCGCTTACC-1	Epithelial	18
CCCTGATAGAACAGGA-1	Epithelial	6
CCCTGATAGATCTCAC-1	Epithelial	12
CCCTGATAGCATGTGG-1	Epithelial	17
CCCTGATAGGTACATA-1	Epithelial	2
CCCTGATAGGTCACTT-1	Epithelial	18
CCCTGATAGGTGTTGG-1	Epithelial	18
CCCTGATAGTTCTCCC-1	Epithelial	2
CCCTGATCAAGCAATA-1	Epithelial	0
CCCTGATCAGAAAGAG-1	B	8
CCCTGATCAGTTAAAG-1	Epithelial	6
CCCTGATCATCCATAG-1	T	11
CCCTGATGTACTAGAA-1	Epithelial	16
CCCTGATGTAGATGAT-1	Epithelial	15
CCCTGATGTCACATTG-1	B	4
CCCTGATGTCAGAAGC-1	B	1
CCCTGATGTGACGCAA-1	Stromal	5
CCCTGATGTGGAAAGA-1	Epithelial	12
CCCTGATGTTACGCTA-1	B	1
CCCTGATGTTCTGAGT-1	B	1
CCCTGATGTTGTATCG-1	B	8
CCCTGATTCAATTCCT-1	Epithelial	14
CCCTGATTCAGTCTTT-1	Epithelial	16
CCCTGATTCCATAGGT-1	B	1
CCCTGATTCCATGTTT-1	B	19
CCCTGATTCCTTGACC-1	Epithelial	2
CCCTGATTCGTATAGC-1	Epithelial	10
CCCTGATTCTCGACAA-1	Epithelial	2
CCCTGATTCTCTGCGT-1	Epithelial	7
CCCTGATTCTGGCTAA-1	Myeloid	3
CCGAAGCAGACTCGGA-1	Epithelial	17
CCGAAGCAGAGAGTAG-1	Epithelial	7
CCGAAGCAGAGCTACG-1	Epithelial	7
CCGAAGCAGGGAGTTC-1	Epithelial	7
CCGAAGCAGGTTGTTC-1	B	8
CCGAAGCCAAACCTAC-1	Epithelial	0
CCGAAGCCAAAGAAGG-1	Epithelial	15
CCGAAGCCAACCTCCT-1	Epithelial	7
CCGAAGCCAACTGCGC-1	Stromal	9
CCGAAGCCAAGGATGC-1	B	8
CCGAAGCCAGTAAGCG-1	Epithelial	12
CCGAAGCCATAGCAGG-1	B	8
CCGAAGCGTAACGGCA-1	Epithelial	12
CCGAAGCGTATTCTGG-1	B	1
CCGAAGCGTCAGAAGC-1	Epithelial	2
CCGAAGCGTCCCTAAA-1	Epithelial	12
CCGAAGCGTCCGGTAC-1	Epithelial	14
CCGAAGCGTCTAAGAA-1	Epithelial	6
CCGAAGCGTCTGAGCC-1	Epithelial	2
CCGAAGCGTGAGCTAG-1	B	13
CCGAAGCGTGTGTGCC-1	Epithelial	0
CCGAAGCTCACCCTTG-1	Epithelial	14
CCGAAGCTCCTCAAGA-1	B	1
CCGAAGCTCGCAAACT-1	B	8
CCGAAGCTCGTCCCTA-1	B	19
CCGAAGCTCGTGCTTC-1	B	1
CCGCATTAGAACTAAC-1	B	4
CCGCATTAGGACCGAT-1	B	1
CCGCATTAGTGATAAC-1	B	13
CCGCATTCAAACCCTA-1	B	1
CCGCATTCAAATTCCG-1	B	13
CCGCATTCAATGAAAC-1	B	4
CCGCATTCACGCGACT-1	Epithelial	14
CCGCATTCACGCGTTG-1	Epithelial	10
CCGCATTCACTGTCGG-1	Epithelial	7
CCGCATTCAGTCCTGG-1	Epithelial	12
CCGCATTCATTCCCGT-1	Epithelial	2
CCGCATTGTCCGCTTT-1	Epithelial	17
CCGCATTGTTAGAGAT-1	Epithelial	15
CCGCATTGTTTCAGCA-1	Epithelial	14
CCGCATTTCCCGATTC-1	Epithelial	7
CCGCATTTCCTCCAGT-1	Epithelial	12
CCGCATTTCGATGCAT-1	Epithelial	17
CCGCATTTCGCACAAT-1	Epithelial	0
CCGCATTTCGGCATAT-1	Epithelial	7
CCGCATTTCTAAACGC-1	B	13
CCGCATTTCTCTGCGT-1	Stromal	9
CCGTACTAGAGGCGGA-1	B	8
CCGTACTAGATCTCAC-1	Epithelial	6
CCGTACTAGCAACTGG-1	Epithelial	6
CCGTACTAGCTGGAGT-1	Stromal	9
CCGTACTAGGCTCCTG-1	B	8
CCGTACTAGTAATCAG-1	Epithelial	16
CCGTACTCAACGTCCG-1	Epithelial	0
CCGTACTCAATCAGGG-1	Epithelial	15
CCGTACTCACCGAAAG-1	B	13
CCGTACTCAGCTATAC-1	Epithelial	0
CCGTACTCAGTAACGG-1	Epithelial	0
CCGTACTCAGTGCTCG-1	Epithelial	2
CCGTACTCAGTTACAC-1	Epithelial	15
CCGTACTCATCCGTGG-1	B	13
CCGTACTCATGATTGC-1	B	1
CCGTACTGTGACCAGA-1	Epithelial	2
CCGTACTGTGATGCGA-1	Epithelial	15
CCGTACTGTGTCTACA-1	Epithelial	10
CCGTACTTCGATAGCT-1	Myeloid	3
CCGTACTTCTAGCAAC-1	B	8
CCGTACTTCTCTTAAC-1	B	8
CCGTAGGAGAGTTTGA-1	B	13
CCGTAGGAGCCTTTGA-1	Stromal	5
CCGTAGGAGTACCACT-1	B	1
CCGTAGGAGTTTACGC-1	B	8
CCGTAGGCAATGTAAG-1	B	13
CCGTAGGCACAAACAA-1	B	1
CCGTAGGCACGTTACA-1	T	11
CCGTAGGCAGCAACCC-1	Epithelial	2
CCGTAGGCAGCGTAGA-1	Epithelial	7
CCGTAGGCAGCTATAC-1	Epithelial	18
CCGTAGGCATGGAGGT-1	Epithelial	0
CCGTAGGGTACCCACG-1	B	8
CCGTAGGGTCAGAGTG-1	Epithelial	14
CCGTAGGGTCGGCTGT-1	Epithelial	10
CCGTAGGGTCTGGTTA-1	Myeloid	3
CCGTAGGGTGGACGAT-1	Epithelial	14
CCGTAGGGTGTGACCC-1	Epithelial	2
CCGTAGGTCCCTATTA-1	Epithelial	7
CCGTAGGTCGATGTAC-1	Epithelial	2
CCGTAGGTCGTTCAGA-1	Epithelial	10
CCGTAGGTCTGCGTCT-1	Epithelial	10
CCGTAGGTCTGGCGCA-1	Epithelial	17
CCGTGAGAGAGACTCG-1	Myeloid	3
CCGTGAGAGAGAGTTT-1	Epithelial	2
CCGTGAGAGAGGTACC-1	Epithelial	16
CCGTGAGAGAGTAAGG-1	Epithelial	12
CCGTGAGAGCAACTGG-1	Epithelial	17
CCGTGAGAGCCATTCA-1	T	11
CCGTGAGAGGTAGGAA-1	B	13
CCGTGAGAGTGTAATG-1	B	1
CCGTGAGCAACATAAG-1	Epithelial	6
CCGTGAGCAACGCACC-1	B	8
CCGTGAGCAATGATGA-1	B	13
CCGTGAGCACCGTTGG-1	Epithelial	7
CCGTGAGCACTGTTAG-1	B	4
CCGTGAGCATCTCTCG-1	B	8
CCGTGAGGTCAGTGTT-1	Epithelial	7
CCGTGAGGTCCAAGTT-1	Epithelial	17
CCGTGAGGTGGATTCT-1	Epithelial	15
CCGTGAGGTGTCCCAG-1	B	4
CCGTGAGGTTCTTATC-1	Stromal	9
CCGTGAGTCCCTACGT-1	B	1
CCGTGAGTCGGCTATA-1	Epithelial	10
CCGTGAGTCTATCTAC-1	Epithelial	18
CCGTGAGTCTTTATCG-1	T	11
CCTAAAGAGAAGCCTG-1	Epithelial	18
CCTAAAGAGATTACGA-1	Epithelial	14
CCTAAAGAGCCTCGCA-1	B	8
CCTAAAGAGCGCCTAC-1	Epithelial	2
CCTAAAGAGCGGACTA-1	B	1
CCTAAAGAGCGTATCT-1	B	1
CCTAAAGAGCTGCTCG-1	B	13
CCTAAAGAGGTAAGTT-1	Stromal	5
CCTAAAGAGGTACATA-1	Epithelial	10
CCTAAAGAGTGATCTC-1	B	1
CCTAAAGCAAAGGCCA-1	B	8
CCTAAAGCAAGACTAA-1	B	4
CCTAAAGCAATCACTG-1	B	1
CCTAAAGCAATGGCTT-1	Epithelial	12
CCTAAAGCACACACCG-1	B	8
CCTAAAGCACTCCCAT-1	Epithelial	12
CCTAAAGCACTGAAGG-1	Epithelial	15
CCTAAAGCAGAGTCGA-1	Epithelial	0
CCTAAAGCATTACTCT-1	B	8
CCTAAAGGTCAAATCC-1	Epithelial	17
CCTAAAGGTCACCCGA-1	B	8
CCTAAAGGTGATAACA-1	B	1
CCTAAAGGTGGACCAA-1	Epithelial	6
CCTAAAGGTTTCCACC-1	Myeloid	3
CCTAAAGTCAGGTTTG-1	B	8
CCTAAAGTCAGTTGAC-1	B	4
CCTAAAGTCCAGCACG-1	Epithelial	17
CCTAAAGTCCATTGTT-1	B	13
CCTAAAGTCCCACTAC-1	Stromal	5
CCTAAAGTCCTAAGTG-1	Epithelial	2
CCTAAAGTCGTCTTAT-1	B	13
CCTATTAAGACACGGT-1	Epithelial	17
CCTATTAAGACCAATA-1	Epithelial	18
CCTATTAAGACCCTAT-1	B	8
CCTATTAAGAGCGAAA-1	B	4
CCTATTAAGAGGCGGA-1	B	1
CCTATTAAGATCACCT-1	Epithelial	18
CCTATTAAGATTACGA-1	Epithelial	2
CCTATTAAGCGTATCT-1	Epithelial	12
CCTATTAAGGCCTCTG-1	Epithelial	6
CCTATTAAGGGTGTTG-1	Epithelial	16
CCTATTAAGTACCTCA-1	Epithelial	10
CCTATTAAGTGATAAC-1	Epithelial	7
CCTATTAAGTGCCCTG-1	Epithelial	17
CCTATTACAAGGAACC-1	Epithelial	18
CCTATTACACCGTCTT-1	B	8
CCTATTACACTTATGG-1	Epithelial	14
CCTATTACAGAACAGC-1	Epithelial	0
CCTATTACAGCAACGA-1	Epithelial	10
CCTATTACATCAACTG-1	Epithelial	12
CCTATTACATGGTTTG-1	T	11
CCTATTAGTACTAGAA-1	Epithelial	14
CCTATTAGTCAGACGA-1	B	1
CCTATTAGTCCAAGTT-1	Epithelial	2
CCTATTAGTCTGTCCT-1	Epithelial	10
CCTATTAGTGCAAAGC-1	Epithelial	14
CCTATTAGTTACACTG-1	Epithelial	12
CCTATTAGTTATGCAC-1	Epithelial	17
CCTATTAGTTGGGAAC-1	Epithelial	14
CCTATTATCCAACGCG-1	Epithelial	10
CCTATTATCCAAGTCA-1	Epithelial	2
CCTATTATCCATCGAA-1	B	1
CCTATTATCCGCGATG-1	B	8
CCTATTATCGCACCTT-1	T	11
CCTATTATCGTATAGC-1	Myeloid	3
CCTATTATCGTCTTAT-1	T	11
CCTATTATCTAAACGC-1	B	4
CCTATTATCTGGAAGG-1	B	13
CCTATTATCTGTGTGA-1	Epithelial	14
CCTATTATCTTACCTA-1	B	8
CCTCCCTAGCTAGCAG-1	B	8
CCTCCCTAGCTCGGCT-1	B	1
CCTCCCTAGCTTCAAC-1	B	13
CCTCCCTAGTAACATG-1	Epithelial	14
CCTCCCTAGTCTGTGT-1	Epithelial	12
CCTCCCTAGTGAGTTA-1	Epithelial	0
CCTCCCTCAAACCCTA-1	B	1
CCTCCCTCAAGATGCG-1	B	8
CCTCCCTCAATTGTGC-1	Epithelial	7
CCTCCCTCACGTTAGT-1	Epithelial	6
CCTCCCTCATCCTGGG-1	Epithelial	7
CCTCCCTCATGTATCG-1	Epithelial	0
CCTCCCTCATTCGTCC-1	B	1
CCTCCCTGTAACCCAT-1	Epithelial	12
CCTCCCTGTAGATTAG-1	Stromal	9
CCTCCCTGTAGCCATT-1	Epithelial	2
CCTCCCTGTAGGGTTG-1	Epithelial	14
CCTCCCTGTAGTGATA-1	Epithelial	14
CCTCCCTGTCACAGGA-1	Epithelial	14
CCTCCCTGTCTGGTCG-1	Epithelial	14
CCTCCCTGTGCCAAGA-1	Epithelial	14
CCTCCCTGTTAGGCTT-1	Epithelial	10
CCTCCCTGTTCCCAAA-1	B	8
CCTCCCTGTTGTGAGG-1	Epithelial	12
CCTCCCTTCACAGGGA-1	Epithelial	6
CCTCCCTTCCACGAGC-1	B	1
CCTCCCTTCCTAAGTG-1	Epithelial	0
CCTCCCTTCGACTTAG-1	B	4
CCTCCCTTCGATTACG-1	Epithelial	16
CCTCCCTTCGTTACAG-1	T	11
CCTGCTAAGAAATGGG-1	B	8
CCTGCTAAGAACCCGA-1	Epithelial	12
CCTGCTAAGGACCGAT-1	B	1
CCTGCTAAGGCGCTTC-1	Epithelial	0
CCTGCTAAGGCGTCCT-1	B	8
CCTGCTAAGGGTGTTG-1	B	1
CCTGCTAAGGTAAGTT-1	Epithelial	14
CCTGCTACAATGGTCT-1	Epithelial	7
CCTGCTACAATTGTGC-1	Epithelial	6
CCTGCTACACACACAT-1	T	11
CCTGCTACACAGATGG-1	B	1
CCTGCTACAGGATAGC-1	Epithelial	15
CCTGCTACAGGGCTTC-1	Epithelial	6
CCTGCTACAGTTAAAG-1	Epithelial	7
CCTGCTACATCCCAAA-1	B	1
CCTGCTACATCGTGAT-1	Epithelial	16
CCTGCTAGTACCTATG-1	Stromal	5
CCTGCTAGTAGAATAC-1	B	8
CCTGCTAGTAGCGAGT-1	Epithelial	2
CCTGCTAGTATTCGCA-1	B	13
CCTGCTAGTATTCTGG-1	Epithelial	16
CCTGCTAGTCTGTCCT-1	Epithelial	18
CCTGCTAGTGCGCATC-1	Epithelial	2
CCTGCTAGTTACCCAA-1	B	4
CCTGCTAGTTATGCAC-1	B	8
CCTGCTATCAACGTGT-1	Epithelial	7
CCTGCTATCCGGCTGA-1	Epithelial	7
CCTGCTATCGATCGCG-1	Stromal	9
CCTGCTATCGCATACA-1	B	8
CCTGCTATCTGACATG-1	Stromal	5
CCTGCTATCTGCGTCT-1	B	1
CCTGCTATCTGTGTCC-1	Epithelial	14
CCTGGGAAGAACCATA-1	Stromal	9
CCTGGGAAGAACGCCA-1	B	1
CCTGGGAAGAAGCCGT-1	Epithelial	0
CCTGGGAAGGATCCTT-1	T	11
CCTGGGAAGGTGAACC-1	Epithelial	18
CCTGGGAAGTAACTCC-1	Epithelial	0
CCTGGGAAGTACCCAT-1	B	1
CCTGGGAAGTCCCGCA-1	T	11
CCTGGGAAGTCGTACT-1	B	1
CCTGGGACAATGATGA-1	Myeloid	3
CCTGGGACAATGGCAG-1	Epithelial	12
CCTGGGACACGCTGTG-1	B	13
CCTGGGACACGTGAAG-1	B	1
CCTGGGACAGAGATGC-1	T	11
CCTGGGAGTCAGACGA-1	T	11
CCTGGGAGTCATAGCT-1	Epithelial	18
CCTGGGAGTGCGTAGA-1	B	13
CCTGGGAGTGTAGGAC-1	Epithelial	12
CCTGGGAGTTCCATCC-1	B	8
CCTGGGATCAAGAGGC-1	Stromal	9
CCTGGGATCACACGTA-1	Epithelial	15
CCTGGGATCCACCTAC-1	B	8
CCTGGGATCGCCACTT-1	Epithelial	10
CCTGGGATCGGGAATG-1	B	4
CCTGGGATCTCCACTG-1	Epithelial	2
CCTTAATAGTAATCAG-1	Epithelial	15
CCTTAATAGTCAACTC-1	Epithelial	14
CCTTAATCAACGCAAG-1	Epithelial	18
CCTTAATCATAGAATG-1	Epithelial	17
CCTTAATCATCCATAG-1	Epithelial	2
CCTTAATGTATGGTTC-1	B	1
CCTTAATGTATGTTCG-1	Epithelial	2
CCTTAATGTGATGTGG-1	Epithelial	0
CCTTAATGTTCTCGAA-1	T	11
CCTTAATTCACTGATG-1	Myeloid	3
CCTTAATTCAGGTTTG-1	T	11
CCTTAATTCCAGAATC-1	Stromal	9
CCTTAATTCCAGTTAG-1	Epithelial	7
CCTTAATTCCCATAGA-1	Epithelial	10
CCTTAATTCCTCATTA-1	Epithelial	10
CCTTAATTCCTTTGCG-1	Epithelial	17
CCTTAATTCGCATAAC-1	B	4
CCTTAATTCGCGCTGA-1	B	8
CCTTGCAAGAATCAAC-1	Epithelial	10
CCTTGCAAGATCGAGC-1	Epithelial	7
CCTTGCAAGTAGTGTA-1	Epithelial	18
CCTTGCAAGTGAAACT-1	Epithelial	2
CCTTGCAAGTGAATAC-1	Epithelial	14
CCTTGCAAGTGAGCTG-1	T	11
CCTTGCAAGTGCACAG-1	B	8
CCTTGCACAACGCACC-1	Epithelial	6
CCTTGCACAACGTCCG-1	Epithelial	18
CCTTGCACAAGATGCG-1	B	1
CCTTGCACACATTCTT-1	B	1
CCTTGCACAGGACTGA-1	Epithelial	15
CCTTGCACAGGCACAA-1	Epithelial	12
CCTTGCACAGTTGGAG-1	B	1
CCTTGCACATCGTACA-1	Epithelial	0
CCTTGCACATTTCACT-1	B	1
CCTTGCAGTACGGATG-1	B	4
CCTTGCAGTACGTAAA-1	Epithelial	16
CCTTGCAGTATGTTCG-1	T	11
CCTTGCAGTGCATTCA-1	Epithelial	17
CCTTGCAGTTCTGAAC-1	B	1
CCTTGCATCCAACGCG-1	Stromal	5
CCTTGCATCCCGTATC-1	Epithelial	12
CCTTGCATCCTTCGAC-1	Epithelial	2
CCTTGCATCTCAGATG-1	B	8
CCTTGCATCTCGGCGA-1	Stromal	5
CCTTGGTAGATCTAAG-1	Myeloid	3
CCTTGGTAGTCGTACT-1	B	8
CCTTGGTAGTGGTGTG-1	Epithelial	16
CCTTGGTCAACCTCTC-1	Epithelial	17
CCTTGGTCAAGCGTCC-1	Epithelial	7
CCTTGGTCAAGGCTTT-1	Epithelial	12
CCTTGGTCACCGTTGG-1	B	13
CCTTGGTCACCTGTGG-1	Epithelial	17
CCTTGGTCACGATATC-1	B	1
CCTTGGTCAGAGTCGA-1	B	4
CCTTGGTCAGGTCTGC-1	B	1
CCTTGGTGTATTCGCA-1	Epithelial	7
CCTTGGTGTATTGTCG-1	B	13
CCTTGGTGTCACAGTT-1	Epithelial	12
CCTTGGTGTCAGAGTG-1	Epithelial	2
CCTTGGTGTGCCCAGT-1	B	1
CCTTGGTGTGCGTTTA-1	Epithelial	17
CCTTGGTGTTAACCGT-1	Epithelial	16
CCTTGGTGTTCAGTTG-1	Epithelial	16
CCTTGGTGTTTGTACG-1	Myeloid	3
CCTTGGTTCCACGAGC-1	Epithelial	7
CCTTGGTTCGGATCGC-1	Epithelial	6
CCTTGGTTCTATCTTG-1	Epithelial	17
CCTTGGTTCTCGCGGA-1	B	1
CCTTGGTTCTGTGTGA-1	Epithelial	7
CGAGTTAAGACACTTC-1	Myeloid	3
CGAGTTAAGACTAGCG-1	Epithelial	17
CGAGTTAAGCCTATAC-1	B	13
CGAGTTAAGGAAGGTA-1	B	19
CGAGTTAAGGTAAGTT-1	Epithelial	2
CGAGTTAAGGTACACG-1	B	13
CGAGTTAAGGTTTCTG-1	Epithelial	17
CGAGTTAAGTCTCCAA-1	Epithelial	2
CGAGTTACAATGCACT-1	B	1
CGAGTTACATTTCTTG-1	Epithelial	18
CGAGTTAGTAAGTGCG-1	Myeloid	3
CGAGTTAGTATTGTGC-1	T	11
CGAGTTAGTCGCTAGC-1	Epithelial	2
CGAGTTAGTCGTAGTT-1	Epithelial	2
CGAGTTAGTCTTAGCA-1	Epithelial	18
CGAGTTAGTGAGGGTT-1	Epithelial	14
CGAGTTAGTGAGTTGG-1	B	8
CGAGTTAGTGGAAGCT-1	Stromal	5
CGAGTTAGTGGACTGA-1	Epithelial	2
CGAGTTAGTTGCCTGG-1	Epithelial	18
CGAGTTATCCTAAGTG-1	B	1
CGAGTTATCTCCAACC-1	Epithelial	7
CGATGATAGCCTATAC-1	B	13
CGATGATAGTCCGGAA-1	Stromal	5
CGATGATCAAATTCCG-1	B	13
CGATGATCAAGCTTTG-1	B	13
CGATGATCAGTATCTG-1	B	8
CGATGATCAGTCCTGG-1	Epithelial	2
CGATGATCATCGTACA-1	Epithelial	12
CGATGATCATGGATGG-1	B	8
CGATGATGTACAACGG-1	Epithelial	17
CGATGATGTCACAGGA-1	B	8
CGATGATGTGGATTTC-1	Epithelial	6
CGATGATTCAAGAGAT-1	Epithelial	0
CGATGATTCACTAGCA-1	Epithelial	2
CGATGATTCCCTAAAG-1	B	1
CGATGATTCGCAACTA-1	B	1
CGATGATTCGCGATGC-1	Epithelial	12
CGATGATTCGGTCGAC-1	B	1
CGATGATTCTCCTTAA-1	Epithelial	2
CGATGATTCTCTGTTA-1	T	11
CGCAATAAGATCTCAC-1	Epithelial	7
CGCAATAAGCCCATTA-1	Epithelial	17
CGCAATAAGGAAGACA-1	Myeloid	3
CGCAATAAGGTCCTCG-1	B	4
CGCAATAAGGTTAGTA-1	B	1
CGCAATAAGTGTCCCG-1	Epithelial	15
CGCAATAAGTTGACAA-1	Myeloid	3
CGCAATACAGATGGCA-1	Epithelial	10
CGCAATACAGCTGATT-1	Epithelial	2
CGCAATACAGGCATCC-1	Epithelial	14
CGCAATACATCCGTAA-1	B	13
CGCAATAGTCAGACGA-1	Epithelial	2
CGCAATAGTGGACGAT-1	Epithelial	10
CGCAATATCAAACCAC-1	B	13
CGCAATATCAGGATCT-1	B	8
CGCAATATCCCATAGA-1	Epithelial	14
CGCAATATCCCGATTC-1	Epithelial	15
CGCAATATCCTGGAAT-1	B	1
CGCAATATCCTGGGAC-1	B	1
CGCAATATCGGTCGAC-1	Epithelial	2
CGCAATATCGTGAACT-1	B	1
CGCAATATCTCCTTGG-1	Epithelial	10
CGCAATATCTTGTCAT-1	Stromal	9
CGCACAGAGAGTGGAA-1	B	1
CGCACAGAGAGTTTGA-1	Epithelial	2
CGCACAGAGCTCGTTA-1	Epithelial	12
CGCACAGAGGAGTAGA-1	Epithelial	17
CGCACAGAGTTGCGCC-1	Epithelial	6
CGCACAGCAAACCCTA-1	B	4
CGCACAGCACGATTAC-1	Epithelial	0
CGCACAGCACGGTTAT-1	B	1
CGCACAGCACTGTCAA-1	Epithelial	18
CGCACAGCATCCCTTG-1	B	8
CGCACAGCATTGAACC-1	Epithelial	15
CGCACAGGTACGGAGT-1	Epithelial	2
CGCACAGGTAGCAGGT-1	T	11
CGCACAGGTATCCTTT-1	Epithelial	12
CGCACAGGTCAACTGT-1	Epithelial	18
CGCACAGGTGACGCAA-1	B	1
CGCACAGGTGCAACAG-1	B	13
CGCACAGGTTACGGAG-1	Epithelial	2
CGCACAGGTTCCAATG-1	B	1
CGCACAGTCCCACTTG-1	Myeloid	3
CGCACAGTCCTGTAGA-1	Epithelial	6
CGCACAGTCGGAGTTT-1	Epithelial	2
CGCACAGTCGGGAAAC-1	B	1
CGCACAGTCGGTACTA-1	B	8
CGCACAGTCGTTCTAT-1	Epithelial	7
CGCACAGTCTCCACTG-1	B	4
CGCAGGTAGACACGGT-1	B	13
CGCAGGTAGAGGAACA-1	T	11
CGCAGGTAGATCCGAG-1	B	1
CGCAGGTAGCAGAGCT-1	B	8
CGCAGGTAGCTCCGGT-1	B	13
CGCAGGTAGGCTTAAA-1	B	1
CGCAGGTAGTAACACA-1	T	11
CGCAGGTCAATTCTCT-1	Epithelial	6
CGCAGGTCACGATTAC-1	Epithelial	17
CGCAGGTCACGCTAAT-1	T	11
CGCAGGTCACTGGGCT-1	Epithelial	6
CGCAGGTCAGAGATGC-1	Epithelial	12
CGCAGGTCATTACTCT-1	Epithelial	0
CGCAGGTCATTGATGC-1	Epithelial	2
CGCAGGTGTAGCAGCA-1	Stromal	9
CGCAGGTGTGATAAGT-1	B	8
CGCAGGTGTGTCGTGC-1	Epithelial	2
CGCAGGTGTTAGAGAT-1	B	4
CGCAGGTTCCAGTACA-1	Epithelial	17
CGCAGGTTCGTGGTAT-1	B	1
CGCAGGTTCTTACCTA-1	B	1
CGCGCAAAGAAATGGG-1	Epithelial	7
CGCGCAAAGAGATTAC-1	B	13
CGCGCAAAGAGCAGCT-1	B	1
CGCGCAAAGGAAGACA-1	Epithelial	7
CGCGCAAAGGTGATGC-1	Epithelial	14
CGCGCAAAGTCCGGAA-1	B	19
CGCGCAACAAAGCTGG-1	B	8
CGCGCAACAATTGCCA-1	Epithelial	6
CGCGCAACACGGCCAT-1	Epithelial	10
CGCGCAACATCCGTAA-1	T	11
CGCGCAACATCGAGTT-1	Epithelial	18
CGCGCAACATTGTGAC-1	B	13
CGCGCAAGTATCACAC-1	Epithelial	7
CGCGCAAGTATCGCGC-1	B	8
CGCGCAAGTCAACTGT-1	B	13
CGCGCAAGTCCCTTTG-1	Epithelial	17
CGCGCAAGTGCATTCA-1	Epithelial	7
CGCGCAAGTGTAGGAC-1	Epithelial	2
CGCGCAAGTTAACCGT-1	Epithelial	12
CGCGCAAGTTTGACCA-1	Epithelial	17
CGCGCAATCAACGTGT-1	Epithelial	0
CGCGCAATCAGGGTTT-1	Epithelial	17
CGCGCAATCCCACGGA-1	B	13
CGCGCAATCCCGATTC-1	T	11
CGCTAGGAGAAACGCC-1	B	8
CGCTAGGAGAATCAAC-1	B	8
CGCTAGGAGACGTCAG-1	Epithelial	2
CGCTAGGAGCAACGGT-1	Stromal	9
CGCTAGGAGCTACGTT-1	Epithelial	10
CGCTAGGAGCTATCGT-1	T	11
CGCTAGGAGGCGACTA-1	B	8
CGCTAGGAGTGAGTTA-1	Stromal	9
CGCTAGGCACCGTCTT-1	Epithelial	2
CGCTAGGCACGCGACT-1	Epithelial	2
CGCTAGGCAGTAAGCG-1	Stromal	5
CGCTAGGCAGTCAGAG-1	Epithelial	0
CGCTAGGCATCCCTTG-1	Epithelial	2
CGCTAGGCATGGGAAC-1	Epithelial	2
CGCTAGGGTAAACGGC-1	T	11
CGCTAGGGTAACTGAA-1	B	19
CGCTAGGGTCAGAAGC-1	Epithelial	7
CGCTAGGGTCATCAAC-1	B	1
CGCTAGGGTCTAAAGA-1	B	1
CGCTAGGGTGCACCCA-1	Epithelial	15
CGCTAGGGTTTGACCA-1	Epithelial	2
CGCTAGGTCAGCACTA-1	B	8
CGCTAGGTCCATCATT-1	B	13
CGCTAGGTCGCACCTT-1	T	11
CGCTAGGTCGCCGAAC-1	Epithelial	10
CGCTAGGTCGGACGAA-1	Myeloid	3
CGCTAGGTCTATGAGC-1	Epithelial	6
CGCTAGGTCTGAACGT-1	Epithelial	17
CGCTAGGTCTGGCTAA-1	Epithelial	7
CGCTATCAGCTGAGGT-1	B	1
CGCTATCAGGATCCTT-1	Epithelial	6
CGCTATCAGGCACTAG-1	Stromal	9
CGCTATCAGTCCCGCA-1	Myeloid	3
CGCTATCCACCGAATT-1	B	13
CGCTATCCACTCCTCA-1	T	11
CGCTATCCAGGGTACA-1	Epithelial	17
CGCTATCCATCATCGA-1	B	8
CGCTATCCATCGAGTT-1	B	8
CGCTATCCATGCACTA-1	Epithelial	16
CGCTATCCATTGCGAT-1	T	11
CGCTATCGTAAACGAT-1	Epithelial	2
CGCTATCGTAGGTAAT-1	B	8
CGCTATCGTAGTGATA-1	B	19
CGCTATCGTCTCTGCT-1	Epithelial	10
CGCTATCGTTCCATCC-1	B	1
CGCTATCGTTTCGATG-1	Epithelial	18
CGCTATCTCAGCGGTC-1	Epithelial	18
CGCTATCTCCCACTAC-1	T	11
CGCTATCTCGAACCGC-1	Epithelial	14
CGCTATCTCGGCAATT-1	Epithelial	2
CGCTATCTCTTCACTA-1	B	13
CGCTGGAAGAGATTAC-1	Stromal	9
CGCTGGAAGATTACGA-1	B	13
CGCTGGAAGCAACGGT-1	B	8
CGCTGGAAGGGACGTT-1	Epithelial	6
CGCTGGAAGGGAGATA-1	B	8
CGCTGGAAGGGTATCG-1	B	4
CGCTGGAAGTTCGCGC-1	B	1
CGCTGGACAACGGGTA-1	Epithelial	18
CGCTGGACAAGGAAGA-1	Epithelial	12
CGCTGGACAATCAGGG-1	Epithelial	2
CGCTGGACATAGCCAT-1	Epithelial	14
CGCTGGACATGCGACC-1	Epithelial	12
CGCTGGAGTAGACACG-1	B	8
CGCTGGAGTGTCCAGC-1	Epithelial	18
CGCTGGAGTTACGGAG-1	Epithelial	17
CGCTGGAGTTTAAGCC-1	B	8
CGCTGGAGTTTCCACC-1	Epithelial	12
CGCTGGAGTTTGCCCT-1	Epithelial	7
CGCTGGATCAGGATCT-1	Epithelial	10
CGCTGGATCCATCATT-1	Epithelial	2
CGCTGGATCCATGACA-1	B	8
CGCTGGATCCTAGAGT-1	Epithelial	6
CGCTGGATCGATAGCT-1	Stromal	5
CGCTGGATCGTCTAGA-1	Epithelial	15
CGCTGGATCTAGCTGA-1	B	13
CGGACCAAGCACGTAG-1	B	13
CGGACCAAGCATACCT-1	B	1
CGGACCAAGGCTTTAC-1	Epithelial	17
CGGACCAAGGTTTCTG-1	B	13
CGGACCAAGTCTGCTA-1	B	13
CGGACCAAGTGAACCG-1	Epithelial	16
CGGACCACAACTCAAC-1	Epithelial	2
CGGACCACAAGGAACC-1	Epithelial	18
CGGACCACACTAAACC-1	B	8
CGGACCACATGGTAAA-1	B	1
CGGACCACATTTCACT-1	Epithelial	7
CGGACCAGTAATGCAA-1	B	1
CGGACCAGTAGATGAT-1	Epithelial	10
CGGACCAGTATTCACG-1	Epithelial	6
CGGACCAGTGCGACCT-1	T	11
CGGACCAGTGTGCTTA-1	Epithelial	14
CGGACCAGTTGGCTTA-1	B	13
CGGACCAGTTGTCGGC-1	Epithelial	16
CGGACCATCAGCACTA-1	Epithelial	6
CGGACCATCCGCGATG-1	Epithelial	10
CGGACCATCGTCCCTA-1	B	4
CGGACCATCTAGCAAC-1	B	8
CGGACCATCTATCCTA-1	B	13
CGGACCATCTTACCTA-1	B	1
CGGACTGAGAAGCCGT-1	Epithelial	15
CGGACTGAGAGCACTG-1	Epithelial	18
CGGACTGAGCGTTGCC-1	Epithelial	15
CGGACTGAGGATGCCA-1	Epithelial	6
CGGACTGAGGCACTAG-1	Epithelial	7
CGGACTGAGGGCTTCC-1	Epithelial	10
CGGACTGAGTACAACA-1	Epithelial	18
CGGACTGAGTCTGTGT-1	Epithelial	17
CGGACTGAGTTCTCCC-1	Epithelial	10
CGGACTGCAGGATGTG-1	Epithelial	0
CGGACTGCATGGTATC-1	Epithelial	12
CGGACTGCATTAACGC-1	B	4
CGGACTGGTAACGGTG-1	Epithelial	17
CGGACTGGTAAGGTCG-1	Epithelial	16
CGGACTGTCAAATGGA-1	T	11
CGGACTGTCCGGACTG-1	B	13
CGGACTGTCCTATCCG-1	Epithelial	17
CGGACTGTCGCACAAT-1	B	13
CGGACTGTCTCTGTTA-1	Stromal	5
CGGACTGTCTGAGTCA-1	B	8
CGGTGCAAGATTACGA-1	Epithelial	10
CGGTGCAAGCCCATGC-1	Epithelial	7
CGGTGCAAGGCTCAGA-1	B	1
CGGTGCAAGGGTTCTT-1	Epithelial	10
CGGTGCAAGGTTAGTA-1	Epithelial	12
CGGTGCAAGGTTCGTT-1	B	1
CGGTGCAAGTAACATG-1	B	8
CGGTGCAAGTAGGTCG-1	Epithelial	0
CGGTGCACAACAAACA-1	Epithelial	14
CGGTGCACAGCACATT-1	Epithelial	17
CGGTGCACATGGGAAC-1	Myeloid	3
CGGTGCACATTAACGC-1	B	1
CGGTGCAGTAATGCCT-1	Epithelial	6
CGGTGCAGTACTTCAG-1	Epithelial	2
CGGTGCAGTATTTGCG-1	B	13
CGGTGCAGTCATCGTA-1	Epithelial	15
CGGTGCAGTCTAAAGA-1	B	1
CGGTGCAGTCTAAGAA-1	B	13
CGGTGCAGTGTTGGTT-1	Stromal	9
CGGTGCAGTTAGGAGC-1	Stromal	5
CGGTGCATCAATCGTG-1	Myeloid	3
CGGTGCATCATTGCCC-1	Epithelial	15
CGGTGCATCCAACGCG-1	Epithelial	2
CGGTGCATCCTTTGCG-1	B	8
CGGTGCATCTGGCCAG-1	Stromal	5
CGTAAACAGAGACTCG-1	Epithelial	18
CGTAAACAGAGCCTGA-1	Epithelial	0
CGTAAACAGATGCGCA-1	B	1
CGTAAACAGCAATGTA-1	Epithelial	10
CGTAAACAGCACCATT-1	Epithelial	6
CGTAAACAGCTCCATA-1	Epithelial	6
CGTAAACAGCTTTCCC-1	Epithelial	14
CGTAAACAGGAATGGA-1	Epithelial	2
CGTAAACAGTCATCTG-1	T	11
CGTAAACAGTCTTAGC-1	Epithelial	2
CGTAAACAGTGAAACT-1	Epithelial	7
CGTAAACAGTTCAGGG-1	B	8
CGTAAACCAACCTCTC-1	Epithelial	14
CGTAAACCAAGCGAAC-1	Epithelial	18
CGTAAACCACGTTAGT-1	B	1
CGTAAACCACTAAACC-1	Epithelial	7
CGTAAACCACTACACA-1	Epithelial	17
CGTAAACCAGTTGCAT-1	Epithelial	7
CGTAAACCATATAGAG-1	B	13
CGTAAACCATTCTTTG-1	Myeloid	3
CGTAAACGTAAAGCTA-1	Epithelial	12
CGTAAACGTCCAACCG-1	Epithelial	15
CGTAAACGTGACGCAA-1	Stromal	9
CGTAAACTCAAACCCA-1	Stromal	5
CGTAAACTCAATTCCT-1	B	13
CGTAAACTCAGTGTAC-1	B	8
CGTAAACTCATCGCCT-1	B	8
CGTAAACTCATTCGGA-1	B	1
CGTAAACTCCAATCCC-1	B	8
CGTAAACTCCCAATAG-1	B	1
CGTAAACTCCGGCTGA-1	Epithelial	10
CGTAAACTCTCATCCG-1	Epithelial	15
CGTACAAAGACGCCAA-1	B	4
CGTACAAAGCCGCTGT-1	B	13
CGTACAAAGGATCCTT-1	Epithelial	12
CGTACAAAGGTGAACC-1	Epithelial	15
CGTACAAAGTGGGACT-1	B	4
CGTACAACAACGTAGG-1	Epithelial	7
CGTACAACACACATTG-1	Epithelial	2
CGTACAACACCCTTAC-1	Myeloid	3
CGTACAACACCTGAAT-1	Epithelial	17
CGTACAACACGCGTTG-1	Stromal	5
CGTACAACAGTTCGGC-1	Epithelial	16
CGTACAAGTCCTTATT-1	Epithelial	2
CGTACAAGTCGATAGG-1	Epithelial	10
CGTACAAGTCTGCGCA-1	B	1
CGTACAAGTGCTGAAG-1	Epithelial	7
CGTACAAGTGGACGAT-1	T	11
CGTACAAGTGTAGGAC-1	B	1
CGTACAAGTGTGACCC-1	B	1
CGTACAAGTTGGACGA-1	B	8
CGTACAATCAGGCGCT-1	Epithelial	2
CGTACAATCATTCATC-1	B	8
CGTACAATCCTGGGAC-1	B	1
CGTGGCAAGATCTCAC-1	B	1
CGTGGCAAGCAATGTA-1	B	4
CGTGGCAAGCGCACAA-1	Epithelial	14
CGTGGCACAATGGTAA-1	Epithelial	17
CGTGGCACAATTCGTG-1	Epithelial	17
CGTGGCACACATATCG-1	Epithelial	12
CGTGGCACAGCGTCGT-1	B	8
CGTGGCACATGATCGT-1	B	13
CGTGGCAGTATCCTTT-1	B	8
CGTGGCAGTCGAGGAT-1	Epithelial	17
CGTGGCAGTGCCAAGA-1	B	1
CGTGGCAGTGGCCTTG-1	T	11
CGTGGCAGTGTCTACA-1	Epithelial	6
CGTGGCAGTTGAAGCG-1	Epithelial	7
CGTGGCATCAGTCTTT-1	Epithelial	15
CGTGGCATCGACTCGG-1	Epithelial	12
CGTGGCATCGCAAGCC-1	B	1
CGTGGCATCGGACGAA-1	B	4
CGTGGCATCTCTTCTC-1	Epithelial	10
CGTGGCATCTGGCTAA-1	B	8
CGTGGCATCTTAATCC-1	T	11
CGTTCCAAGACAACGC-1	B	19
CGTTCCAAGACTAGGC-1	Epithelial	6
CGTTCCAAGAGCCACA-1	Epithelial	10
CGTTCCAAGCGAGCTA-1	Epithelial	10
CGTTCCAAGTCGATAA-1	B	8
CGTTCCAAGTTGCGCC-1	Epithelial	17
CGTTCCACAACGCACC-1	Epithelial	2
CGTTCCACACATTCTT-1	Epithelial	10
CGTTCCACACCTGAAT-1	Epithelial	12
CGTTCCACATGGTAAA-1	Epithelial	14
CGTTCCACATTACCTT-1	Epithelial	10
CGTTCCAGTGCTGTGC-1	B	8
CGTTCCATCACACGTA-1	Epithelial	6
CGTTCCATCCAGGTAT-1	B	13
CGTTCCATCCATACGA-1	B	19
CGTTCCATCGGTCTCT-1	B	1
CGTTCCATCTTCCGTG-1	B	8
CGTTCCATCTTGCGCT-1	B	4
CTAACTTAGACACGGT-1	B	8
CTAACTTAGAGCTGTG-1	Epithelial	2
CTAACTTAGATCTCAC-1	B	13
CTAACTTAGCATACCT-1	Epithelial	0
CTAACTTAGCCATTCA-1	Epithelial	14
CTAACTTAGCGCAATG-1	B	13
CTAACTTAGCTACGTT-1	Epithelial	18
CTAACTTAGGATCCTT-1	Epithelial	6
CTAACTTAGTAACATG-1	Epithelial	7
CTAACTTAGTAGAAGG-1	Epithelial	6
CTAACTTAGTTGCTTG-1	B	1
CTAACTTCAACTCGAT-1	B	1
CTAACTTCAAGCCCTG-1	Epithelial	10
CTAACTTCAAGGAAGA-1	Epithelial	14
CTAACTTCACAGAAGC-1	T	11
CTAACTTCACCTGGTG-1	B	8
CTAACTTCACTTACAG-1	Myeloid	3
CTAACTTCAGCAAACG-1	Epithelial	2
CTAACTTCATAGAATG-1	B	8
CTAACTTCATCAGCTA-1	B	8
CTAACTTCATGTGAGG-1	Epithelial	7
CTAACTTGTAGTGATA-1	Epithelial	7
CTAACTTGTGCGTCCA-1	Epithelial	15
CTAACTTGTTCCGGCA-1	Epithelial	18
CTAACTTGTTGGTAAA-1	Epithelial	10
CTAACTTTCAGAATGA-1	Epithelial	15
CTAACTTTCCATCATT-1	Epithelial	14
CTAACTTTCGTCCCAT-1	Epithelial	10
CTAACTTTCGTGATAC-1	Epithelial	0
CTACAGAAGCAACTGG-1	Stromal	5
CTACAGAAGCTGCCAC-1	Epithelial	12
CTACAGAAGGACTTTC-1	Epithelial	14
CTACAGAAGGAGGCGA-1	Epithelial	6
CTACAGAAGGCGTAGT-1	Epithelial	15
CTACAGACAACGTACT-1	Epithelial	16
CTACAGACAATTCAGC-1	Epithelial	10
CTACAGACACGTGAAG-1	Myeloid	3
CTACAGACACTCGGAC-1	Epithelial	15
CTACAGACATATACGC-1	Epithelial	7
CTACAGAGTAAGCCGA-1	Epithelial	2
CTACAGAGTCAACAGG-1	Epithelial	0
CTACAGAGTGCAAGCA-1	B	8
CTACAGATCCAAACCA-1	T	11
CTACAGATCCGGCGAT-1	B	8
CTACAGATCCGTCAAA-1	Epithelial	7
CTACAGATCGATGCAT-1	Epithelial	10
CTACAGATCGTCTTAT-1	B	8
CTACAGATCGTTACAG-1	Epithelial	18
CTACAGATCTGAAAGA-1	B	8
CTACAGATCTTCATAC-1	Stromal	9
CTACTTAAGAAAGCAG-1	Epithelial	17
CTACTTAAGATGCGAC-1	B	8
CTACTTAAGTACCCAT-1	B	1
CTACTTAAGTCATACC-1	Myeloid	3
CTACTTAAGTCGCCTG-1	B	8
CTACTTAAGTGCACAG-1	Epithelial	2
CTACTTACAACTCCCT-1	B	1
CTACTTACAAGAAACT-1	Epithelial	0
CTACTTACAAGGGAGG-1	B	8
CTACTTACACCAAGGA-1	B	1
CTACTTACACTACACA-1	Epithelial	14
CTACTTACACTAGGAG-1	Epithelial	17
CTACTTACAGTAAGCG-1	Epithelial	2
CTACTTACATCATCGA-1	Stromal	9
CTACTTACATCGGCTG-1	Epithelial	14
CTACTTAGTACCTATG-1	B	1
CTACTTAGTGCATCAT-1	Epithelial	14
CTACTTAGTGGCATAG-1	Myeloid	3
CTACTTATCACTAGGT-1	Epithelial	10
CTACTTATCACTCGGG-1	Epithelial	18
CTACTTATCACTGGTA-1	Epithelial	12
CTACTTATCAGATACC-1	Epithelial	2
CTACTTATCAGTGTGT-1	Epithelial	6
CTACTTATCCCGATTC-1	B	1
CTACTTATCGGTCAGC-1	Epithelial	17
CTACTTATCGTGGGTC-1	Epithelial	6
CTACTTATCTTAATCC-1	Epithelial	10
CTAGCGGAGATCGCCC-1	Epithelial	6
CTAGCGGAGGCAGTGT-1	B	1
CTAGCGGAGGCCTCTG-1	B	13
CTAGCGGAGGGTATCG-1	Epithelial	2
CTAGCGGAGGTGTCGA-1	Epithelial	14
CTAGCGGCAACTAGAA-1	Epithelial	10
CTAGCGGCACAGGTAG-1	B	1
CTAGCGGCACATAAAG-1	Epithelial	10
CTAGCGGCACTCCTCA-1	Epithelial	6
CTAGCGGCACTGTCAA-1	Epithelial	14
CTAGCGGCAGGTAACG-1	B	1
CTAGCGGGTCAGGTGA-1	B	13
CTAGCGGGTGCACTTA-1	Stromal	9
CTAGCGGGTGCGTCCA-1	Epithelial	18
CTAGCGGGTTATAGAG-1	Epithelial	0
CTAGCGGTCAACTTGG-1	B	19
CTAGCGGTCCAGCACG-1	B	13
CTAGCGGTCCATGTTT-1	B	1
CTAGCGGTCCGTACGG-1	Epithelial	12
CTAGCGGTCCTATCCG-1	B	1
CTAGCGGTCGCCGAAC-1	Epithelial	12
CTAGCGGTCTATAGGC-1	Epithelial	0
CTAGCGGTCTCGTGAA-1	Epithelial	6
CTAGGATAGACAGCTG-1	Epithelial	12
CTAGGATAGAGAAGCA-1	Epithelial	12
CTAGGATAGAGACTCG-1	Epithelial	12
CTAGGATAGCATGATA-1	Epithelial	16
CTAGGATAGGAAGAAC-1	Myeloid	3
CTAGGATAGGACCGAT-1	Epithelial	17
CTAGGATAGGTTAGTA-1	Epithelial	17
CTAGGATAGGTTCGAG-1	B	8
CTAGGATCAACTCCCT-1	T	11
CTAGGATCACAGTAGG-1	Epithelial	12
CTAGGATCACTGGGCT-1	Epithelial	2
CTAGGATCACTTATGG-1	Epithelial	17
CTAGGATCAGACCTGC-1	Epithelial	12
CTAGGATCATAGAATG-1	Epithelial	15
CTAGGATCATTTCACT-1	B	13
CTAGGATGTACCAAGG-1	B	8
CTAGGATGTACTATGC-1	B	13
CTAGGATGTCAGAAAT-1	Epithelial	7
CTAGGATGTCGCGCTA-1	Epithelial	18
CTAGGATGTGCGTAGA-1	B	1
CTAGGATGTGCTTACA-1	Epithelial	6
CTAGGATGTGGTAAGC-1	Epithelial	14
CTAGGATGTTCGGGAA-1	Epithelial	14
CTAGGATGTTCTTAGG-1	B	8
CTAGGATGTTGTATCG-1	B	1
CTAGGATTCAGCCGAC-1	Epithelial	15
CTAGGATTCCAGAGAG-1	Stromal	5
CTAGGATTCGAGAAGC-1	Epithelial	15
CTAGGATTCGATCGCG-1	Stromal	9
CTAGGATTCGCGCCAA-1	B	1
CTAGGATTCGCTAGTA-1	B	8
CTAGGATTCTGTCGGG-1	B	8
CTAGGGCAGATCGAGC-1	B	19
CTAGGGCAGCGTCTGC-1	B	4
CTAGGGCAGCTACGTT-1	Epithelial	7
CTAGGGCAGGTTCTCA-1	B	1
CTAGGGCCACCCTTTG-1	B	13
CTAGGGCCACCGTTGG-1	T	11
CTAGGGCCACTGTCAA-1	Epithelial	10
CTAGGGCCACTTACAG-1	T	11
CTAGGGCCAGGCAGAT-1	Epithelial	12
CTAGGGCGTATGGGTG-1	Epithelial	0
CTAGGGCGTCATCGTA-1	Epithelial	17
CTAGGGCGTCATGAGG-1	B	13
CTAGGGCGTCCGTCGA-1	B	1
CTAGGGCGTGTCGTCG-1	T	11
CTAGGGCGTTTCTACT-1	Epithelial	10
CTAGGGCTCAAACCCA-1	B	1
CTAGGGCTCCAAGAGG-1	Epithelial	18
CTAGGGCTCCGAGAGA-1	Epithelial	2
CTAGGGCTCGCAACTA-1	B	8
CTAGGGCTCGCGGCAT-1	B	8
CTAGGGCTCGCTTGAA-1	Epithelial	18
CTCAACCCAATTAGGA-1	Stromal	9
CTCAACCCACCCTTTG-1	B	8
CTCAACCCAGAGCCAA-1	Epithelial	14
CTCAACCCATAAAGTG-1	Epithelial	2
CTCAACCGTAACCATC-1	Epithelial	12
CTCAACCGTCAACGGA-1	Myeloid	3
CTCAACCGTCACCCGA-1	Epithelial	2
CTCAACCGTCCGCTTT-1	Epithelial	10
CTCAACCGTCGCTACG-1	Epithelial	7
CTCAACCGTGACAAGC-1	B	8
CTCAACCGTGCATTGT-1	Epithelial	18
CTCAACCGTGCCCAGT-1	B	13
CTCAACCGTGGTAGAC-1	Stromal	5
CTCAACCGTTCTACGA-1	B	1
CTCAACCGTTCTGAAC-1	Epithelial	12
CTCAACCGTTTCGATG-1	Epithelial	17
CTCAACCTCATTGCCC-1	B	13
CTCAACCTCCGAATTG-1	B	1
CTCAACCTCCTATCCG-1	Epithelial	0
CTCAACCTCCTCCCAA-1	Epithelial	7
CTCAACCTCGCGTGAC-1	Epithelial	0
CTCAACCTCTGGCACG-1	Epithelial	15
CTCAACCTCTTCTCTC-1	T	11
CTCACCAAGATCGATA-1	B	19
CTCACCAAGCCTGTAT-1	Epithelial	2
CTCACCAAGGTTCGTT-1	B	8
CTCACCAAGTCGAAAT-1	Epithelial	12
CTCACCAAGTGGACGT-1	B	1
CTCACCACAATGAAAC-1	Epithelial	18
CTCACCACAGATTTGC-1	Stromal	9
CTCACCACAGGACCTC-1	B	1
CTCACCAGTGGCGCTT-1	Epithelial	15
CTCACCAGTTATCGAC-1	Epithelial	2
CTCACCAGTTCCCAAA-1	Epithelial	14
CTCACCATCAGCACTA-1	Epithelial	7
CTCACCATCTATATCC-1	B	1
CTCACCATCTCTATTG-1	B	8
CTCACCATCTGAACGT-1	Epithelial	2
CTCACCATCTGGCTAA-1	Epithelial	17
CTCACCATCTGTTTAC-1	B	8
CTCAGAAAGACGTCAG-1	Epithelial	7
CTCAGAAAGACTAGCG-1	Epithelial	14
CTCAGAAAGAGCCACA-1	B	1
CTCAGAAAGAGGAATG-1	Epithelial	17
CTCAGAAAGGCTTAAA-1	Epithelial	12
CTCAGAAAGTACCACT-1	B	1
CTCAGAACAACACGGA-1	B	8
CTCAGAACAAGCGAAC-1	B	1
CTCAGAACACAACGGA-1	B	1
CTCAGAACATCGCTAA-1	Epithelial	12
CTCAGAACATCGGCCA-1	Epithelial	12
CTCAGAAGTAGAAGCC-1	B	8
CTCAGAAGTCAACAGG-1	Epithelial	18
CTCAGAAGTCAGGCTC-1	B	13
CTCAGAAGTCCGAGCT-1	Epithelial	17
CTCAGAAGTCTAAAGA-1	T	11
CTCAGAAGTGCTGGCT-1	Epithelial	7
CTCAGAAGTGTAGGAC-1	Epithelial	18
CTCAGAAGTTCTTATC-1	Stromal	5
CTCAGAAGTTGGCTTA-1	Epithelial	2
CTCAGAATCAGTGTGT-1	B	4
CTCAGAATCCAGCACG-1	Epithelial	6
CTCAGAATCCATACCC-1	Epithelial	17
CTCAGAATCCGGAAAG-1	Epithelial	18
CTCAGAATCGAGGTAG-1	B	1
CTCAGAATCGTGTGCG-1	B	1
CTCAGAATCTGGACAT-1	Epithelial	10
CTCAGCTAGACAACGC-1	T	11
CTCAGCTAGAGAACCC-1	Epithelial	2
CTCAGCTAGATATGAC-1	Epithelial	10
CTCAGCTAGCAATAAC-1	B	8
CTCAGCTAGCGTCAAG-1	Myeloid	3
CTCAGCTAGGGTCCCT-1	B	1
CTCAGCTCAAACGTTC-1	B	1
CTCAGCTCAATTGTGC-1	Epithelial	14
CTCAGCTCACACACCG-1	Epithelial	7
CTCAGCTCACGCGCAT-1	B	1
CTCAGCTCAGATAAGT-1	Epithelial	7
CTCAGCTCAGTCAGCC-1	Epithelial	2
CTCAGCTCATGGATGG-1	B	1
CTCAGCTCATTGCGAT-1	B	19
CTCAGCTGTAAACGAT-1	Epithelial	7
CTCAGCTGTCCCTTTG-1	Epithelial	7
CTCAGCTGTGCTTTGA-1	Epithelial	17
CTCAGCTGTTATGCAC-1	Stromal	5
CTCAGCTTCACCCTTG-1	B	19
CTCAGCTTCAGGTCTA-1	Epithelial	17
CTCAGCTTCATACTTC-1	B	1
CTCAGCTTCCACGAGC-1	B	1
CTCAGCTTCCAGAGAG-1	Epithelial	15
CTCAGCTTCCGAATTG-1	Epithelial	17
CTCAGCTTCCTGTAGA-1	Myeloid	3
CTCAGCTTCGATGCAT-1	Epithelial	12
CTCAGCTTCGCTCTAC-1	Epithelial	6
CTCAGCTTCGGTTGTA-1	B	1
CTCAGCTTCTGAGTAC-1	B	8
CTCATGCAGCAGGACT-1	B	13
CTCATGCAGGCAAGCT-1	Epithelial	17
CTCATGCAGTGAAGGA-1	Epithelial	7
CTCATGCCAAGTTCGT-1	Epithelial	17
CTCATGCCACTCGCAG-1	Epithelial	7
CTCATGCCAGGCACAA-1	Epithelial	10
CTCATGCCAGTTGCAT-1	B	1
CTCATGCCATGGGTGA-1	Epithelial	7
CTCATGCGTCATCAAC-1	Epithelial	15
CTCATGCGTCGATAGG-1	B	13
CTCATGCGTTAACTCG-1	Epithelial	12
CTCATGCGTTGGAGGT-1	B	4
CTCATGCGTTTAAGCC-1	Epithelial	16
CTCATGCGTTTCTCTA-1	Epithelial	15
CTCATGCTCAAGTTGC-1	B	4
CTCATGCTCATTCGGA-1	Stromal	9
CTCATGCTCATTGCCC-1	B	8
CTCATGCTCGCACCTT-1	Epithelial	15
CTCATGCTCTCTCAAT-1	B	4
CTCATGCTCTCTTCTC-1	Epithelial	16
CTCCCAAAGAGCTGTG-1	B	13
CTCCCAAAGAGGAATG-1	B	1
CTCCCAAAGATTAGAC-1	Epithelial	10
CTCCCAAAGCATTCCA-1	B	13
CTCCCAAAGCGCACAA-1	B	1
CTCCCAAAGGAATGGA-1	Epithelial	14
CTCCCAAAGGATGTAT-1	Epithelial	2
CTCCCAAAGGGCTCTC-1	B	13
CTCCCAAAGTACAGTA-1	Myeloid	3
CTCCCAAAGTCACGCC-1	Epithelial	12
CTCCCAAAGTCCTTCC-1	Epithelial	18
CTCCCAACAACGTACT-1	Epithelial	12
CTCCCAACACACATTG-1	Epithelial	2
CTCCCAACAGGATAGC-1	Epithelial	2
CTCCCAACATCCTGGG-1	B	1
CTCCCAACATCGGCCA-1	Epithelial	18
CTCCCAAGTGAATGTA-1	T	11
CTCCCAAGTGAGTAAT-1	Epithelial	15
CTCCCAAGTTACGCTA-1	B	4
CTCCCAAGTTCTGATG-1	Epithelial	18
CTCCCAATCATCGCAA-1	Epithelial	7
CTCCCAATCCACGCTT-1	Epithelial	15
CTCCCAATCCTATCAT-1	B	1
CTCCCAATCGCGCTGA-1	B	13
CTCCCAATCGCGGCAT-1	B	8
CTCCCAATCGTAGCGC-1	Epithelial	14
CTCGCTAAGAACGTTA-1	Stromal	5
CTCGCTAAGCACACCC-1	Myeloid	3
CTCGCTAAGCAGAATT-1	Epithelial	0
CTCGCTAAGCATACCT-1	B	19
CTCGCTAAGCTGGAGT-1	Epithelial	6
CTCGCTAAGGCTTAAA-1	Epithelial	7
CTCGCTAAGGTTGACG-1	Myeloid	3
CTCGCTACAACCTCCT-1	Myeloid	3
CTCGCTACAAGGCTTT-1	B	8
CTCGCTACAATGATGA-1	Myeloid	3
CTCGCTACACCGATCG-1	Epithelial	0
CTCGCTACACGCTAAT-1	B	4
CTCGCTACATCACAGT-1	B	8
CTCGCTAGTAACGGTG-1	Epithelial	12
CTCGCTAGTAATGTGA-1	B	13
CTCGCTAGTCACAGGA-1	B	1
CTCGCTAGTCATCAAC-1	B	19
CTCGCTAGTCCGTGCA-1	Epithelial	14
CTCGCTAGTGCCGGTT-1	B	1
CTCGCTAGTGCTTGAT-1	B	13
CTCGCTAGTTTAGACC-1	B	8
CTCGCTAGTTTGCCAA-1	Epithelial	14
CTCGCTAGTTTGTCTT-1	Epithelial	6
CTCGCTATCAGTCACA-1	Epithelial	10
CTCGCTATCCTTTGCG-1	B	8
CTCGCTATCGCCACTT-1	Epithelial	7
CTCGCTATCGTGCTGG-1	B	13
CTCGCTATCTATCCTA-1	Epithelial	15
CTCGCTATCTGGCACG-1	Epithelial	6
CTCGCTATCTTGTCAT-1	Epithelial	18
CTCTACGAGACACGGT-1	Epithelial	6
CTCTACGAGCCATCAT-1	B	8
CTCTACGAGGTAGGAA-1	Epithelial	6
CTCTACGAGGTCTTTG-1	Stromal	9
CTCTACGAGTAGTGTA-1	Epithelial	15
CTCTACGCAAAGAAGG-1	Epithelial	10
CTCTACGCAAAGCTGG-1	B	8
CTCTACGCAACTGCGC-1	B	1
CTCTACGCAAGCAATA-1	Myeloid	3
CTCTACGCAAGCGTCC-1	B	13
CTCTACGCAAGGATGC-1	Epithelial	7
CTCTACGCAATACTGC-1	Epithelial	10
CTCTACGCAATGCATC-1	Epithelial	16
CTCTACGCACGCTCAG-1	Epithelial	2
CTCTACGCACTTTGGA-1	Epithelial	6
CTCTACGCAGTGCGAA-1	B	13
CTCTACGCATCGAGTT-1	B	8
CTCTACGCATCGGCTG-1	B	8
CTCTACGCATTGATGC-1	Epithelial	2
CTCTACGCATTTCTTG-1	Epithelial	16
CTCTACGGTAGCAGCA-1	B	8
CTCTACGGTAGTACAA-1	B	8
CTCTACGGTCACATTG-1	Epithelial	18
CTCTACGGTCAGCTTA-1	B	13
CTCTACGGTCAGGCTC-1	B	13
CTCTACGGTGATCAGG-1	Stromal	5
CTCTACGTCAAACCCA-1	Epithelial	2
CTCTACGTCACCACAA-1	Epithelial	10
CTCTACGTCGCGGCAT-1	Epithelial	12
CTCTACGTCGCTTCAC-1	B	4
CTCTACGTCGGGATCC-1	Epithelial	12
CTCTACGTCTCTGCGT-1	Epithelial	17
CTCTACGTCTGACATG-1	Epithelial	14
CTCTAGCAGCTCCATA-1	B	4
CTCTAGCAGGCAGTAC-1	Stromal	9
CTCTAGCAGGCTCCTG-1	Epithelial	12
CTCTAGCAGGTACTCT-1	Epithelial	7
CTCTAGCAGTAGTTCC-1	B	8
CTCTAGCAGTGAAGGA-1	B	8
CTCTAGCAGTGCTGAG-1	Epithelial	6
CTCTAGCAGTTCCAGT-1	Epithelial	14
CTCTAGCAGTTCCCGG-1	Stromal	5
CTCTAGCCACAGGTAG-1	B	13
CTCTAGCCACCGATCG-1	Epithelial	18
CTCTAGCCACCTGAAT-1	B	8
CTCTAGCCACTTTGGA-1	T	11
CTCTAGCCATCGTACA-1	Epithelial	6
CTCTAGCCATTACCTT-1	Epithelial	18
CTCTAGCCATTACTCT-1	T	11
CTCTAGCGTACTATGC-1	Epithelial	6
CTCTAGCGTCATCGTA-1	Epithelial	10
CTCTAGCGTTAACCAC-1	Epithelial	7
CTCTAGCGTTACGGAG-1	B	8
CTCTAGCTCACTAGCA-1	B	13
CTCTAGCTCATGAACC-1	B	13
CTCTAGCTCCAACCTC-1	Epithelial	6
CTCTAGCTCCATAGGT-1	Epithelial	18
CTCTAGCTCGACTATG-1	B	19
CTCTAGCTCGTCTAGA-1	Epithelial	7
CTCTAGCTCGTGGCGT-1	Epithelial	14
CTCTCAGAGAAGCCTG-1	Epithelial	7
CTCTCAGAGCAGTAGC-1	Epithelial	16
CTCTCAGAGGAGACTC-1	Epithelial	16
CTCTCAGAGGCTGGAT-1	T	11
CTCTCAGAGTCAGCCC-1	Epithelial	15
CTCTCAGAGTTCGACT-1	B	13
CTCTCAGCAAGAGCGT-1	Epithelial	10
CTCTCAGCAATTGCCA-1	Epithelial	12
CTCTCAGCACAGATGG-1	Epithelial	0
CTCTCAGCACTAAACC-1	B	8
CTCTCAGCATAGTCCA-1	Epithelial	2
CTCTCAGCATGTAGAA-1	Stromal	5
CTCTCAGCATTACTCT-1	Epithelial	2
CTCTCAGGTAACTCCA-1	Epithelial	12
CTCTCAGGTATGGATA-1	Epithelial	17
CTCTCAGGTATGTTCG-1	Epithelial	0
CTCTCAGGTCTGATTG-1	Epithelial	14
CTCTCAGTCACACGTA-1	B	8
CTCTCAGTCAGTGTGT-1	B	1
CTCTCAGTCATCATGG-1	Epithelial	10
CTCTCAGTCATGCTTT-1	Epithelial	16
CTCTCAGTCCATACGA-1	Epithelial	16
CTCTCAGTCCCGATTC-1	Epithelial	18
CTCTCAGTCCTAGAGT-1	Epithelial	15
CTCTCAGTCGGATAGG-1	Epithelial	7
CTCTCAGTCGTTTGAG-1	Epithelial	12
CTCTCAGTCTATCCTA-1	Epithelial	14
CTCTCAGTCTCATCCG-1	Epithelial	15
CTCTCAGTCTCTATCA-1	Myeloid	3
CTCTCAGTCTTAGTGG-1	B	4
CTCTCAGTCTTGTCGC-1	Epithelial	17
CTCTCGAAGACACAAT-1	Epithelial	7
CTCTCGAAGATGAGGA-1	B	8
CTCTCGAAGCCATGGA-1	T	11
CTCTCGAAGCGAATAT-1	B	8
CTCTCGACAAACGACG-1	B	1
CTCTCGACACCCATCT-1	B	8
CTCTCGACACTCGCAG-1	B	1
CTCTCGACAGTAACGG-1	B	1
CTCTCGACATGATTGC-1	Epithelial	10
CTCTCGACATTTGGCA-1	Epithelial	6
CTCTCGAGTCACAGGA-1	B	1
CTCTCGAGTCCGAGCT-1	Epithelial	17
CTCTCGAGTTCCATCC-1	B	13
CTCTCGAGTTTAGACC-1	Epithelial	17
CTCTCGATCACAGGGA-1	Epithelial	2
CTCTCGATCAGGTCTA-1	Epithelial	7
CTCTCGATCCACGGCA-1	Epithelial	12
CTCTCGATCCACTAGA-1	Epithelial	2
CTCTCGATCGCAAGCC-1	Epithelial	12
CTCTCGATCGGTGATT-1	B	13
CTCTCGATCTATCTTG-1	Epithelial	16
CTCTCGATCTGATCTT-1	Epithelial	7
CTCTCGATCTTCCAGC-1	B	1
CTGAATGAGACAACGC-1	Epithelial	18
CTGAATGAGCCATTCA-1	B	1
CTGAATGAGGGTGTTG-1	Epithelial	6
CTGAATGAGTACAACA-1	Epithelial	16
CTGAATGAGTCGACCC-1	B	8
CTGAATGCAAGATTAG-1	B	1
CTGAATGCAAGCAGGT-1	Myeloid	3
CTGAATGCACGCGTTG-1	Epithelial	16
CTGAATGCACTTGCGG-1	T	11
CTGAATGCATCGGCTG-1	Epithelial	2
CTGAATGGTAGGGTCA-1	Epithelial	0
CTGAATGGTATGTCCA-1	Epithelial	7
CTGAATGGTGGCCTTG-1	Epithelial	10
CTGAATGGTTCCTATT-1	B	8
CTGAATGTCAATTGGC-1	T	11
CTGAATGTCCACGCTT-1	B	8
CTGAATGTCCATGACA-1	T	11
CTGAATGTCGCCAGAC-1	Epithelial	7
CTGAATGTCGCGCCAA-1	B	1
CTGAATGTCGCGTGAC-1	B	19
CTGAATGTCTCATATC-1	B	8
CTGAATGTCTGAACGT-1	Epithelial	18
CTGAATGTCTGGAAGG-1	B	13
CTGCGTTAGAACGACC-1	Epithelial	17
CTGCGTTAGGCTCAGA-1	Epithelial	2
CTGCGTTAGGTACACG-1	Myeloid	3
CTGCGTTAGGTGAACC-1	Epithelial	14
CTGCGTTAGTGTCGCC-1	Epithelial	0
CTGCGTTCAAACCTAC-1	Epithelial	12
CTGCGTTCAATAGCGG-1	Epithelial	14
CTGCGTTCACACTAGT-1	Epithelial	18
CTGCGTTCACATCATG-1	B	13
CTGCGTTCATAGGCGA-1	B	8
CTGCGTTCATATAGAG-1	Epithelial	0
CTGCGTTCATCGACCG-1	Stromal	5
CTGCGTTCATGCCTTC-1	Myeloid	3
CTGCGTTCATGGAGGT-1	B	13
CTGCGTTCATGTCCCT-1	Epithelial	6
CTGCGTTGTACAAGCG-1	B	1
CTGCGTTGTCAAACAA-1	B	1
CTGCGTTGTCTAAAGA-1	B	8
CTGCGTTGTGAATGGC-1	B	1
CTGCGTTGTGATAACA-1	Myeloid	3
CTGCGTTGTGCGTAGA-1	Epithelial	16
CTGCGTTGTGTCCTTC-1	Epithelial	15
CTGCGTTGTGTCTCGG-1	B	1
CTGCGTTGTTGTGAGG-1	T	11
CTGCGTTTCCCAATGA-1	T	11
CTGCGTTTCCTATCAT-1	Epithelial	15
CTGCGTTTCCTCATTA-1	Epithelial	0
CTGCGTTTCGCAAGCC-1	B	1
CTGCGTTTCGGATAGG-1	Stromal	5
CTGCGTTTCGGTTCCT-1	Epithelial	7
CTGCTCAAGAGACTCG-1	B	13
CTGCTCAAGCATGATA-1	Epithelial	17
CTGCTCAAGGAATGGA-1	B	1
CTGCTCAAGGCATGCA-1	B	19
CTGCTCAAGGGCTCTC-1	Epithelial	2
CTGCTCAAGGTTGTTC-1	Epithelial	12
CTGCTCAAGTACTCTG-1	Epithelial	2
CTGCTCAAGTATACCC-1	Epithelial	7
CTGCTCAAGTGTCCCG-1	B	13
CTGCTCACAAGATGCG-1	Epithelial	7
CTGCTCACAAGCGAAC-1	T	11
CTGCTCACACCCTTAC-1	Epithelial	10
CTGCTCACATGGAGGT-1	Epithelial	18
CTGCTCACATTTAGGC-1	Stromal	5
CTGCTCAGTCATAGCT-1	Epithelial	12
CTGCTCAGTCTAAGAA-1	Epithelial	7
CTGCTCAGTGATAGAT-1	Epithelial	17
CTGCTCAGTGTAGGAC-1	Epithelial	18
CTGCTCAGTTACCACA-1	Epithelial	17
CTGCTCAGTTCCCGGA-1	Stromal	9
CTGCTCATCGGGAAAC-1	T	11
CTGCTCATCTGTGTCC-1	B	1
CTGCTCATCTTTATCG-1	Epithelial	2
CTGGCAGAGAACGTTA-1	Epithelial	7
CTGGCAGAGCACCATT-1	Epithelial	2
CTGGCAGCAACGACAG-1	Stromal	5
CTGGCAGCACAAACAA-1	B	1
CTGGCAGCACAGTTCA-1	B	1
CTGGCAGCACCCATCT-1	B	8
CTGGCAGCACGTTACA-1	Epithelial	18
CTGGCAGCACTCCTCA-1	Epithelial	15
CTGGCAGCAGCTATAC-1	B	13
CTGGCAGCATACTGCA-1	Stromal	5
CTGGCAGGTCCAAGTT-1	B	1
CTGGCAGGTCGATAGG-1	B	8
CTGGCAGGTGGTACTT-1	B	1
CTGGCAGGTGTCTCGG-1	Epithelial	2
CTGGCAGGTTACCCAA-1	B	1
CTGGCAGTCATGCTTT-1	Epithelial	18
CTGGCAGTCCTAAAGC-1	B	4
CTGGCAGTCCTCCTGA-1	B	1
CTGGCAGTCCTGGGAC-1	Epithelial	2
CTGGCAGTCGCTTGAA-1	Epithelial	17
CTGGCAGTCGGGAATG-1	Epithelial	0
CTGGCAGTCTTCCGTG-1	B	8
CTGGGACAGAGAGTAG-1	Myeloid	3
CTGGGACAGAGGCGGA-1	Epithelial	17
CTGGGACAGCCTCGCA-1	Epithelial	12
CTGGGACAGGCACTAG-1	B	1
CTGGGACAGGTTACAA-1	Epithelial	18
CTGGGACAGTCATCTG-1	B	8
CTGGGACCAAGGAGGG-1	B	13
CTGGGACCAATCATCG-1	Epithelial	17
CTGGGACCAATGGCAG-1	B	4
CTGGGACCACCAAGGA-1	B	8
CTGGGACCACCGTTGG-1	B	4
CTGGGACCATACTGCA-1	Epithelial	17
CTGGGACCATCGAGTT-1	B	4
CTGGGACCATGGCCCA-1	Epithelial	14
CTGGGACCATTAGCAC-1	T	11
CTGGGACGTTTCGTTT-1	Epithelial	17
CTGGGACTCCCAATAG-1	B	13
CTGGGACTCGAGGTAG-1	B	19
CTGGGACTCGGGAATG-1	Epithelial	0
CTGGGACTCGTCTTAT-1	Epithelial	2
CTGGGACTCGTGATAC-1	T	11
CTGTATTAGAAACGCC-1	Epithelial	2
CTGTATTAGAGGCGGA-1	Epithelial	10
CTGTATTAGAGGTGGG-1	B	19
CTGTATTAGCATGATA-1	T	11
CTGTATTAGGCCTCGT-1	Epithelial	2
CTGTATTAGTAGAAGG-1	Epithelial	0
CTGTATTAGTCATCTG-1	Epithelial	6
CTGTATTCAAGGAAGA-1	Epithelial	10
CTGTATTCAATGTAAG-1	Epithelial	18
CTGTATTCACAGGTAG-1	B	1
CTGTATTCAGAAGTGC-1	B	4
CTGTATTCAGCGTACC-1	B	13
CTGTATTCAGCGTCGT-1	Epithelial	2
CTGTATTCATATTGGC-1	Epithelial	10
CTGTATTCATCCGTGG-1	Epithelial	7
CTGTATTGTAAAGCTA-1	Epithelial	12
CTGTATTGTATGGTTC-1	Epithelial	7
CTGTATTGTGGAGTGT-1	B	8
CTGTATTGTGTTGTTG-1	Epithelial	7
CTGTATTGTTTGATCG-1	T	11
CTGTATTTCTCTCAAT-1	Epithelial	16
CTGTATTTCTGTCGGG-1	T	11
CTGTTCGAGAGCGGTT-1	B	13
CTGTTCGAGCGAGCTA-1	Epithelial	6
CTGTTCGAGCGATACG-1	Epithelial	6
CTGTTCGAGGGCATTG-1	B	1
CTGTTCGAGTGCACAG-1	T	11
CTGTTCGAGTTGGAAT-1	B	8
CTGTTCGCAAACCGAG-1	Epithelial	7
CTGTTCGCACGACGAA-1	Epithelial	0
CTGTTCGCACGGTTAT-1	B	13
CTGTTCGCATCCCTCA-1	Epithelial	2
CTGTTCGCATTCTCGC-1	B	8
CTGTTCGCATTGAACC-1	Epithelial	6
CTGTTCGGTCCTTATT-1	B	8
CTGTTCGGTGCAAAGC-1	Epithelial	12
CTGTTCGGTGCGCATC-1	Epithelial	14
CTGTTCGGTGGTGGTA-1	B	8
CTGTTCGTCAAGAGAT-1	Epithelial	18
CTGTTCGTCAGGCCGT-1	Epithelial	18
CTGTTCGTCCCTAAAG-1	Epithelial	10
CTGTTCGTCCTGAAAC-1	T	11
CTGTTCGTCGAACCGC-1	Epithelial	2
CTGTTCGTCGCTCGGA-1	B	8
CTGTTCGTCGGGTCCA-1	Epithelial	7
CTGTTCGTCGGTCTCT-1	T	11
CTGTTCGTCGTGAGTT-1	B	8
CTGTTCGTCGTGGCGT-1	Epithelial	10
CTGTTCGTCTAAACGC-1	Epithelial	12
CTGTTCGTCTATCCTA-1	Myeloid	3
CTTAATCAGACAGCTG-1	Myeloid	3
CTTAATCAGACCCTAT-1	Epithelial	0
CTTAATCAGCAGGACT-1	Epithelial	12
CTTAATCAGCAGGAGG-1	B	1
CTTAATCAGCTTTCCC-1	Epithelial	0
CTTAATCAGTGAGTTA-1	B	13
CTTAATCAGTTCCCGG-1	B	1
CTTAATCCACCCATCT-1	B	1
CTTAATCGTCACCCGA-1	Stromal	5
CTTAATCGTCTGGTCG-1	Stromal	9
CTTAATCGTGAATCAA-1	Epithelial	18
CTTAATCGTGATAGAT-1	B	1
CTTAATCGTGCAGACA-1	Epithelial	2
CTTAATCGTGCGTTTA-1	B	8
CTTAATCGTGCTGTCG-1	Epithelial	15
CTTAATCGTTACGGAG-1	Epithelial	7
CTTAATCGTTCGGGAA-1	Epithelial	12
CTTAATCTCACTAGGT-1	Epithelial	7
CTTAATCTCAGTGTGT-1	B	8
CTTAATCTCCCTACCA-1	Epithelial	7
CTTAATCTCTCGACAA-1	B	8
CTTAATCTCTCTGCAC-1	Epithelial	17
CTTAATCTCTCTGCGT-1	B	4
CTTCCAGAGAACGTCG-1	Epithelial	12
CTTCCAGAGCATTCCA-1	Epithelial	10
CTTCCAGAGCGTATCT-1	Epithelial	7
CTTCCAGAGGAGGCGA-1	B	8
CTTCCAGAGGTTAACA-1	Epithelial	14
CTTCCAGAGTAGTCGG-1	B	4
CTTCCAGAGTCGTGAG-1	Epithelial	2
CTTCCAGAGTGAAACT-1	Epithelial	12
CTTCCAGCACACACAT-1	B	13
CTTCCAGCACCGTTGG-1	Stromal	9
CTTCCAGCACTCGTGG-1	Epithelial	0
CTTCCAGCAGTCAGAG-1	Myeloid	3
CTTCCAGCATCGCCTT-1	B	1
CTTCCAGGTCCATTGA-1	Epithelial	15
CTTCCAGGTGGTAAGC-1	T	11
CTTCCAGGTTTCAGCA-1	Epithelial	0
CTTCCAGTCAAGGCCC-1	Epithelial	14
CTTCCAGTCAGTGTAC-1	Epithelial	2
CTTCCAGTCCAATCCC-1	B	4
CTTCCAGTCCCAATGA-1	Epithelial	12
CTTCCAGTCCGCTCTA-1	B	8
CTTCCAGTCTATCTCA-1	Epithelial	7
CTTCCAGTCTCAGATG-1	Epithelial	14
CTTCCAGTCTCCACTG-1	Epithelial	6
CTTCCAGTCTCTTCCT-1	B	1
CTTCCAGTCTGCCGAG-1	Epithelial	18
CTTCTAAAGAAAGCAG-1	Epithelial	10
CTTCTAAAGCCTTTGA-1	Epithelial	6
CTTCTAAAGCTCGTTA-1	Epithelial	12
CTTCTAAAGCTTTCCC-1	Epithelial	16
CTTCTAAAGGATGCCA-1	Epithelial	6
CTTCTAAAGGATGTAT-1	B	4
CTTCTAAAGGTCTTGT-1	Epithelial	12
CTTCTAACAAACCTAC-1	B	13
CTTCTAACAAGTTGCT-1	B	1
CTTCTAACAGATAAGT-1	Stromal	9
CTTCTAACATTGATGC-1	B	1
CTTCTAAGTAAACGTA-1	Epithelial	7
CTTCTAAGTCAGAGTG-1	Epithelial	18
CTTCTAAGTGAATGTA-1	Epithelial	7
CTTCTAAGTGCACTTA-1	Epithelial	15
CTTCTAAGTGCTTGAT-1	Epithelial	7
CTTCTAATCGCACCTT-1	Epithelial	7
CTTCTAATCGCTTCAC-1	B	1
CTTCTAATCGGATGTT-1	B	4
CTTCTAATCGGGAAAC-1	Epithelial	18
CTTCTAATCGTGGGTC-1	Epithelial	15
CTTCTAATCTCAGATG-1	Epithelial	18
CTTCTAATCTTGTCAT-1	Myeloid	3
CTTGAAGAGAGAACCC-1	Epithelial	16
CTTGAAGAGCGCACAA-1	B	1
CTTGAAGAGCGCCTAC-1	Epithelial	0
CTTGAAGAGCGGACAT-1	B	1
CTTGAAGAGGTCGTTT-1	Epithelial	10
CTTGAAGAGGTGATGC-1	Epithelial	17
CTTGAAGAGTCTCCAA-1	Epithelial	6
CTTGAAGAGTCTCGAT-1	Epithelial	12
CTTGAAGCACCTACCT-1	B	8
CTTGAAGCACGTACAT-1	B	8
CTTGAAGCACTGATAC-1	B	8
CTTGAAGCAGCGCGTT-1	Epithelial	17
CTTGAAGCATACTGCA-1	Epithelial	6
CTTGAAGCATCATGTG-1	B	1
CTTGAAGCATTGCCTC-1	Epithelial	2
CTTGAAGGTATTCTCT-1	Epithelial	17
CTTGAAGGTCTGGTCG-1	B	1
CTTGAAGGTGAATGTA-1	Epithelial	18
CTTGAAGGTGAGGGTT-1	B	8
CTTGAAGGTTCCCGGA-1	Epithelial	12
CTTGAAGGTTTGTACG-1	Epithelial	6
CTTGAAGTCAGGATCT-1	Epithelial	12
CTTGAAGTCCATAGGT-1	B	4
CTTGAAGTCTCCCTTT-1	B	1
CTTGAAGTCTCTTCCT-1	Epithelial	18
CTTGCCAAGAAATGGG-1	Epithelial	2
CTTGCCAAGACACGGT-1	Epithelial	18
CTTGCCAAGCTACGTT-1	Epithelial	2
CTTGCCAAGGATGCCA-1	Epithelial	6
CTTGCCAAGTACCACT-1	B	13
CTTGCCAAGTAGTGTA-1	T	11
CTTGCCACAAGATTAG-1	Epithelial	12
CTTGCCACAATTGGCT-1	Epithelial	7
CTTGCCACACAGATGG-1	Epithelial	7
CTTGCCACACAGGTAG-1	B	4
CTTGCCACACATTGCA-1	Epithelial	6
CTTGCCACAGTAACCT-1	B	8
CTTGCCACATGTAGAA-1	Epithelial	10
CTTGCCAGTAACAATG-1	B	13
CTTGCCAGTACTTCGA-1	B	8
CTTGCCAGTCACTCTC-1	B	1
CTTGCCAGTCGAGGAT-1	B	1
CTTGCCAGTCTCAAAC-1	Myeloid	3
CTTGCCAGTGACCAGA-1	B	1
CTTGCCAGTTGTATCG-1	Epithelial	17
CTTGCCATCACTACCC-1	B	13
CTTGCCATCACTGATG-1	Myeloid	3
CTTGCCATCATTCATC-1	Epithelial	2
CTTGCCATCCTTGACC-1	Epithelial	7
CTTGCCATCGAGGCTC-1	Epithelial	10
CTTGCCATCGGATAGG-1	B	4
CTTGCTGAGACTTGAA-1	B	4
CTTGCTGAGAGGCAGG-1	Myeloid	3
CTTGCTGAGAGTTTGA-1	Epithelial	0
CTTGCTGAGCTCCGGT-1	Epithelial	10
CTTGCTGAGTCCCGCA-1	Epithelial	2
CTTGCTGAGTCTCTAG-1	B	13
CTTGCTGAGTGCACAG-1	Epithelial	7
CTTGCTGCACCGATCG-1	Epithelial	15
CTTGCTGCACGCTCAG-1	Epithelial	15
CTTGCTGCAGGGCTTC-1	Epithelial	14
CTTGCTGCAGTATCTG-1	Epithelial	17
CTTGCTGGTAAGCCGA-1	B	13
CTTGCTGGTATGAAGT-1	Epithelial	7
CTTGCTGGTCAAACAA-1	T	11
CTTGCTGGTCTCTAAG-1	Epithelial	16
CTTGCTGGTGCCCAGT-1	Stromal	9
CTTGCTGGTGCGTTTA-1	Epithelial	18
CTTGCTGGTGGCATAG-1	Epithelial	18
CTTGCTGGTTAAGTCC-1	Myeloid	3
CTTGCTGGTTGCCGCA-1	Epithelial	10
CTTGCTGGTTGTATCG-1	Epithelial	7
CTTGCTGGTTTGTGAC-1	B	13
CTTGCTGTCAATCGTG-1	Epithelial	7
CTTGCTGTCCAGGGAA-1	B	13
CTTGCTGTCGCCCTTA-1	Epithelial	17
CTTGCTGTCTGATCCC-1	Epithelial	12
CTTGTCGAGAGATTAC-1	Epithelial	18
CTTGTCGAGCCAGAAC-1	Myeloid	3
CTTGTCGAGGGAGATA-1	B	4
CTTGTCGAGGGTAATT-1	B	8
CTTGTCGAGGTCGTTT-1	B	8
CTTGTCGAGTACAGTA-1	Epithelial	15
CTTGTCGAGTATGCTC-1	B	8
CTTGTCGCAAATGTCC-1	Epithelial	12
CTTGTCGCAAGATTAG-1	Epithelial	16
CTTGTCGCACACACCG-1	T	11
CTTGTCGCACCATTCC-1	Stromal	9
CTTGTCGCACGCGACT-1	B	1
CTTGTCGCAGGCAAGT-1	B	13
CTTGTCGCATTTCACT-1	B	4
CTTGTCGGTAGACGCA-1	B	4
CTTGTCGGTAGTCTGT-1	B	13
CTTGTCGGTCGTAATC-1	Epithelial	14
CTTGTCGGTGGATTCT-1	B	13
CTTGTCGGTTCAGTTG-1	B	8
CTTGTCGGTTGTGACT-1	Epithelial	6
CTTGTCGTCCAAGAGG-1	Epithelial	17
CTTGTCGTCCGGAAAG-1	Myeloid	3
CTTGTCGTCCTCAAGA-1	Epithelial	7
CTTGTCGTCGCCCTTA-1	Myeloid	3
CTTGTCGTCTAGCAGT-1	B	19
CTTGTCGTCTGATCTT-1	B	8
CTTTGCGAGCAGAAAG-1	Epithelial	2
CTTTGCGAGCTGAAAT-1	B	13
CTTTGCGAGGCACCTC-1	B	4
CTTTGCGAGGCCAGTA-1	Epithelial	14
CTTTGCGAGGGTAATT-1	Epithelial	18
CTTTGCGAGGTGTCGA-1	Epithelial	10
CTTTGCGAGTGTAATG-1	Epithelial	2
CTTTGCGAGTTTACGC-1	B	8
CTTTGCGCAACCTCCT-1	B	1
CTTTGCGCAACTGCGC-1	Epithelial	12
CTTTGCGCAATCAGGG-1	Epithelial	10
CTTTGCGCAATGCCAT-1	Epithelial	7
CTTTGCGCACATTGCA-1	Epithelial	0
CTTTGCGCACCTATTT-1	Epithelial	2
CTTTGCGCAGCGTACC-1	Epithelial	12
CTTTGCGCAGGCATCC-1	T	11
CTTTGCGCAGGCTACC-1	Epithelial	18
CTTTGCGCAGTAACTC-1	Epithelial	15
CTTTGCGCATAGATAG-1	Epithelial	0
CTTTGCGCATCCGTAA-1	B	8
CTTTGCGGTAGTCTGT-1	Epithelial	10
CTTTGCGGTCAACGGA-1	B	1
CTTTGCGGTCTGTCCT-1	Epithelial	2
CTTTGCGGTCTGTTGA-1	B	1
CTTTGCGGTGCAGACA-1	Epithelial	7
CTTTGCGGTGGTAGAC-1	B	19
CTTTGCGGTTAGCTCA-1	Epithelial	18
CTTTGCGGTTCGGGAA-1	Epithelial	18
CTTTGCGGTTTCGACA-1	T	11
CTTTGCGTCACATTCT-1	Epithelial	17
CTTTGCGTCCATATCT-1	Epithelial	6
CTTTGCGTCCATTGTT-1	Epithelial	18
CTTTGCGTCCGTACGG-1	Epithelial	17
CTTTGCGTCGGATGTT-1	B	1
CTTTGCGTCTTACTCA-1	Epithelial	0
CTTTGCGTCTTAGTGG-1	Stromal	9
CTTTGCGTCTTGTCGC-1	Epithelial	14
CTTTGCGTCTTTATCG-1	Epithelial	10
GAAACAAAGAGCCACA-1	Myeloid	3
GAAACAAAGATTACGA-1	Epithelial	12
GAAACAAAGCAACTGG-1	B	1
GAAACAAAGCCCATTA-1	Epithelial	0
GAAACAAAGGTTAACA-1	Myeloid	3
GAAACAAAGTCGATAA-1	B	13
GAAACAAAGTGAAACT-1	B	8
GAAACAACAATGATGA-1	Epithelial	14
GAAACAACACCCTTAC-1	Epithelial	0
GAAACAACACCGAATT-1	Epithelial	7
GAAACAACAGCGCGTT-1	Epithelial	0
GAAACAACATACTGCA-1	B	8
GAAACAACATCCTGGG-1	Epithelial	16
GAAACAACATGGTATC-1	B	8
GAAACAACATGTAGAA-1	Epithelial	18
GAAACAACATTTAGGC-1	Epithelial	7
GAAACAAGTAATGCCT-1	Epithelial	15
GAAACAAGTGAGTCGA-1	Epithelial	18
GAAACAAGTTCAGAAA-1	B	19
GAAACAATCACCCTTG-1	T	11
GAAACAATCACGTCAA-1	Stromal	5
GAAACAATCAGTCAAC-1	Epithelial	12
GAAACAATCCATACGA-1	Epithelial	7
GAAACAATCCGTTAGA-1	Stromal	9
GAAACAATCCTAAAGC-1	Epithelial	6
GAAACAATCGATAGGG-1	B	8
GAAACAATCGCGTGAC-1	B	13
GAAACAATCGGACGAA-1	B	1
GAAACAATCTAGCAGT-1	Epithelial	15
GAAACAATCTGTGTCC-1	Epithelial	14
GAAACAATCTTCATAC-1	B	1
GAAAGTAAGCGAGAAA-1	B	4
GAAAGTAAGTATCTGC-1	B	1
GAAAGTAAGTCGAAAT-1	T	11
GAAAGTACAAGCTTTG-1	B	1
GAAAGTACAATGGTCT-1	Epithelial	14
GAAAGTACATCCGTAA-1	B	13
GAAAGTAGTAAAGCTA-1	Epithelial	2
GAAAGTAGTAAGTCTC-1	B	8
GAAAGTAGTATGTTCG-1	T	11
GAAAGTAGTCAGAAGC-1	Epithelial	0
GAAAGTAGTCGCTACG-1	Stromal	9
GAAAGTAGTTCTTATC-1	B	13
GAAAGTAGTTGCAGCC-1	B	8
GAAAGTAGTTTAGACC-1	B	13
GAAAGTAGTTTCTCTA-1	Epithelial	12
GAAAGTATCAAACCCA-1	Stromal	5
GAAAGTATCATGCTTT-1	Epithelial	7
GAAAGTATCATTCATC-1	B	13
GAAAGTATCCGGCGAT-1	B	13
GAAAGTATCGACTGGC-1	B	13
GAAAGTATCGGTCGAC-1	B	8
GAAAGTATCTTGTGCC-1	B	13
GAAATGAAGATCTCAC-1	Epithelial	18
GAAATGAAGCATTGGG-1	Epithelial	15
GAAATGAAGGAAACTT-1	B	19
GAAATGAAGGCCTCTG-1	Epithelial	6
GAAATGAAGTACCACT-1	B	1
GAAATGAAGTCCGATT-1	Myeloid	3
GAAATGAAGTCGTGAG-1	B	8
GAAATGACAAGGCGTA-1	B	1
GAAATGACACGGTTAT-1	Epithelial	2
GAAATGACAGTAACCT-1	Epithelial	10
GAAATGACATACCCGG-1	Epithelial	2
GAAATGACATTGCACA-1	B	8
GAAATGAGTAATGCCT-1	Epithelial	14
GAAATGAGTACTATGC-1	B	1
GAAATGAGTAGTGATA-1	Epithelial	2
GAAATGAGTATGCTAC-1	Epithelial	14
GAAATGAGTGCGACCT-1	Epithelial	15
GAAATGAGTGGTGGTA-1	Epithelial	12
GAAATGAGTTCCAATG-1	Epithelial	7
GAAATGAGTTTGCCCT-1	Epithelial	16
GAAATGATCAATTGGC-1	B	4
GAAATGATCATACTTC-1	Epithelial	15
GAAATGATCGACGGAA-1	Epithelial	6
GAAATGATCGACTCGG-1	Epithelial	7
GAAATGATCGGATGTT-1	Epithelial	7
GAAATGATCTGGAAGG-1	Epithelial	12
GAACCGCAGCACACCC-1	B	8
GAACCGCAGGGTCTGA-1	B	1
GAACCGCAGTCCCTCT-1	Stromal	9
GAACCGCAGTTCGACT-1	Epithelial	7
GAACCGCCAACTCCCT-1	B	1
GAACCGCCAACTCGTA-1	B	1
GAACCGCCAATGGTAA-1	B	1
GAACCGCCACAGGAAC-1	Epithelial	7
GAACCGCCAGCAGGTA-1	B	8
GAACCGCCAGGCACAA-1	Epithelial	2
GAACCGCGTAAAGCTA-1	Epithelial	7
GAACCGCGTACTATGC-1	Myeloid	3
GAACCGCGTCCAGACC-1	Epithelial	10
GAACCGCGTTCCATCC-1	Epithelial	12
GAACCGCGTTCCCTTG-1	B	4
GAACCGCGTTGTGAGG-1	Epithelial	17
GAACCGCGTTTCGTTT-1	Epithelial	14
GAACCGCGTTTCTACT-1	Epithelial	14
GAACCGCTCGAACCGC-1	B	1
GAACCGCTCGTGCTTC-1	Epithelial	12
GAACCGCTCTCATCCG-1	Epithelial	2
GAACCGCTCTCTTCCT-1	Epithelial	14
GAACCTAAGAGAGTAG-1	Epithelial	17
GAACCTAAGAGCGGTT-1	T	11
GAACCTAAGCAACGGT-1	Epithelial	10
GAACCTAAGCTGGAGT-1	B	1
GAACCTACAAAGAAGG-1	B	13
GAACCTACAAAGCTGG-1	Epithelial	7
GAACCTACAGGTGTCC-1	B	4
GAACCTACATCCCAAA-1	Epithelial	2
GAACCTACATCCCTCA-1	Epithelial	7
GAACCTACATGGTTTG-1	B	13
GAACCTACATTACACG-1	B	8
GAACCTAGTATCTCAG-1	Epithelial	10
GAACCTAGTCATTGCA-1	Epithelial	10
GAACCTAGTCATTGGT-1	Epithelial	2
GAACCTAGTTGGCTAT-1	Epithelial	2
GAACCTAGTTTGCATG-1	B	4
GAACCTATCAAAGTAG-1	B	13
GAACCTATCAATTGGC-1	B	13
GAACCTATCACTCCCA-1	Epithelial	18
GAACCTATCCTCCAGT-1	Epithelial	10
GAACCTATCCTGAAAC-1	B	13
GAACCTATCCTGACCT-1	Epithelial	7
GAACCTATCGCTTCAC-1	Epithelial	12
GAACCTATCGTGATAC-1	Epithelial	18
GAACCTATCTCGGCGA-1	B	8
GAACGTTAGACTAGCG-1	Epithelial	12
GAACGTTAGAGCTGTG-1	Epithelial	0
GAACGTTAGATTACGA-1	Epithelial	2
GAACGTTAGCAGAATT-1	T	11
GAACGTTAGGCACTAG-1	Epithelial	15
GAACGTTAGGCAGTAC-1	Epithelial	2
GAACGTTAGTCGAGCA-1	Epithelial	14
GAACGTTAGTTGCCGC-1	B	1
GAACGTTCAATCAGGG-1	Epithelial	16
GAACGTTCAATTCTCT-1	B	1
GAACGTTCAGGTAGGT-1	Epithelial	2
GAACGTTCATGTAGAA-1	Epithelial	7
GAACGTTCATTACCTT-1	B	1
GAACGTTCATTTGTTC-1	B	8
GAACGTTGTATCATGC-1	Epithelial	6
GAACGTTGTATTGTCG-1	B	1
GAACGTTGTCAGGCTC-1	Epithelial	15
GAACGTTGTCATAGAA-1	Epithelial	14
GAACGTTGTGACCAGA-1	T	11
GAACGTTGTTGGCTTA-1	Epithelial	2
GAACGTTGTTTAGAAG-1	Epithelial	14
GAACGTTTCAAATGGA-1	Epithelial	14
GAACGTTTCACCGCGA-1	Epithelial	10
GAACGTTTCATGCTTT-1	B	1
GAACGTTTCCATTGTT-1	B	4
GAACTTGAGAGAACCC-1	Epithelial	18
GAACTTGAGCGTGTTT-1	Epithelial	15
GAACTTGAGGAGTAGA-1	Epithelial	17
GAACTTGAGGCAATTA-1	Epithelial	18
GAACTTGAGTCGACCC-1	Epithelial	10
GAACTTGAGTCTGGGA-1	Epithelial	6
GAACTTGAGTTCGCGC-1	B	1
GAACTTGAGTTGTCCA-1	B	1
GAACTTGCAAAGAGAG-1	Epithelial	0
GAACTTGCAACATAAG-1	Myeloid	3
GAACTTGCAACTTGGT-1	Epithelial	17
GAACTTGCACAACGGA-1	Myeloid	3
GAACTTGCACCACGAC-1	B	1
GAACTTGCACCTACCT-1	Epithelial	10
GAACTTGCAGCGTCGT-1	Epithelial	10
GAACTTGCATCGTACA-1	B	8
GAACTTGGTCACAGGA-1	Epithelial	12
GAACTTGGTCTGGGAA-1	Epithelial	10
GAACTTGGTGGTACTT-1	T	11
GAACTTGGTTCGGGAA-1	T	11
GAACTTGGTTGCAGCC-1	Epithelial	7
GAACTTGTCACAACAC-1	Myeloid	3
GAACTTGTCATTCGGA-1	Epithelial	15
GAACTTGTCCAACAAC-1	Epithelial	2
GAACTTGTCCAGCACG-1	Epithelial	10
GAACTTGTCCATACCC-1	B	13
GAACTTGTCGTGGAAG-1	B	8
GAACTTGTCGTTCAGA-1	Epithelial	10
GAACTTGTCTACCCGT-1	B	1
GAACTTGTCTCAGATG-1	B	1
GAACTTGTCTCGCGTT-1	B	8
GAAGAGCAGAGCACTG-1	Epithelial	12
GAAGAGCAGGCCTCGT-1	Epithelial	0
GAAGAGCAGTCAGCCC-1	Epithelial	0
GAAGAGCCACCGAAAG-1	B	8
GAAGAGCCACCTGGTG-1	Epithelial	14
GAAGAGCCACGATTAC-1	Epithelial	14
GAAGAGCCACGCTCAG-1	Epithelial	0
GAAGAGCCACTCAAGT-1	Epithelial	12
GAAGAGCCACTGTCGG-1	Epithelial	2
GAAGAGCCAGATAAGT-1	B	4
GAAGAGCCAGCGTACC-1	Epithelial	16
GAAGAGCCAGCGTAGA-1	T	11
GAAGAGCCATATTGGC-1	Myeloid	3
GAAGAGCCATTGCGAT-1	B	1
GAAGAGCGTATTCTGG-1	Epithelial	7
GAAGAGCGTCCCTTTG-1	B	1
GAAGAGCGTCGCTAGC-1	Epithelial	18
GAAGAGCGTCTGCACG-1	B	13
GAAGAGCGTGCACTTA-1	B	4
GAAGAGCGTTAACCAC-1	Epithelial	18
GAAGAGCGTTCTTATC-1	T	11
GAAGAGCGTTGGCTAT-1	Epithelial	12
GAAGAGCGTTTCCGGG-1	B	1
GAAGAGCGTTTGTCTT-1	Myeloid	3
GAAGAGCTCCACTAGA-1	B	8
GAAGAGCTCCATACGA-1	Epithelial	15
GAAGAGCTCGGTCTCT-1	Epithelial	6
GAAGAGCTCGTAGCGC-1	B	8
GAAGAGCTCTGATCTT-1	B	1
GAAGAGCTCTTAGTGG-1	B	1
GAAGTCTAGAACTAAC-1	T	11
GAAGTCTAGAATCAAC-1	Epithelial	6
GAAGTCTAGCTGAAAT-1	Epithelial	17
GAAGTCTAGGATGCCA-1	Epithelial	7
GAAGTCTCAACGGGTA-1	Epithelial	15
GAAGTCTCAAGGCGTA-1	B	1
GAAGTCTCAATGGCTT-1	Epithelial	16
GAAGTCTCACCTATTT-1	Epithelial	7
GAAGTCTCACCTGAAT-1	B	8
GAAGTCTCACGTTAGT-1	B	13
GAAGTCTCACTTGCGG-1	Epithelial	15
GAAGTCTCAGGGCTTC-1	B	19
GAAGTCTCATTGCCTC-1	Epithelial	6
GAAGTCTGTACGCAAG-1	Epithelial	14
GAAGTCTGTCTTAGCA-1	T	11
GAAGTCTGTTTAGGAA-1	Epithelial	16
GAAGTCTGTTTCGACA-1	Epithelial	18
GAAGTCTTCACTTACT-1	B	1
GAAGTCTTCGATAGGG-1	T	11
GAAGTCTTCGCGGCAT-1	Epithelial	7
GAAGTCTTCTACTTTG-1	B	4
GAAGTGGAGATGCGCA-1	B	19
GAAGTGGAGGCGTAGT-1	B	19
GAAGTGGAGGTACATA-1	Epithelial	16
GAAGTGGAGTTCGACT-1	Epithelial	7
GAAGTGGCAAGACACG-1	Epithelial	0
GAAGTGGCAAGCCTTA-1	Epithelial	10
GAAGTGGCAATCCATG-1	Epithelial	18
GAAGTGGCAATGTGCT-1	T	11
GAAGTGGCACTTTGGA-1	B	8
GAAGTGGCAGTCAGAG-1	B	1
GAAGTGGCATCGTACA-1	B	4
GAAGTGGCATTACACG-1	Epithelial	14
GAAGTGGGTCCTTATT-1	Epithelial	15
GAAGTGGGTGACCAGA-1	T	11
GAAGTGGGTGGATTCT-1	Stromal	5
GAAGTGGGTTAGGCTT-1	Epithelial	2
GAAGTGGGTTCTTAGG-1	Epithelial	7
GAAGTGGTCAGCACTA-1	B	8
GAAGTGGTCCAAACCA-1	Epithelial	14
GAAGTGGTCCAAGTCA-1	Epithelial	10
GAAGTGGTCCAATAGC-1	Epithelial	7
GAAGTGGTCGGGAATG-1	Epithelial	7
GAAGTGGTCTATATCC-1	B	8
GAAGTGGTCTTCACTA-1	Epithelial	0
GAATCTGAGAATACTG-1	Epithelial	17
GAATCTGAGAGCTACG-1	B	13
GAATCTGAGGCAGATC-1	Epithelial	14
GAATCTGAGGCCTCGT-1	Epithelial	7
GAATCTGAGTGTAATG-1	Epithelial	17
GAATCTGAGTTCAACC-1	B	1
GAATCTGCAAGCGACA-1	B	8
GAATCTGCAGCGTCGT-1	B	8
GAATCTGCATGCTATG-1	B	13
GAATCTGCATGGGTGA-1	Epithelial	2
GAATCTGGTACCAAGG-1	B	13
GAATCTGGTACCTATG-1	Epithelial	6
GAATCTGGTAGCTGTT-1	Epithelial	12
GAATCTGGTGCAACAG-1	B	1
GAATCTGGTGCCCGAT-1	Epithelial	15
GAATCTGGTGCGTCCA-1	Epithelial	7
GAATCTGTCAATGCAC-1	Epithelial	18
GAATCTGTCCGTGCGA-1	B	1
GAATCTGTCGCTCGGA-1	T	11
GAATCTGTCGCTTCAC-1	B	1
GAATCTGTCTATCCTA-1	B	8
GAATCTGTCTGGCTAA-1	B	4
GACCAATAGAAGCCTG-1	Epithelial	10
GACCAATAGATTCCGT-1	Myeloid	3
GACCAATAGCTATCGT-1	B	1
GACCAATAGCTGAAAT-1	T	11
GACCAATAGGTCACTT-1	Stromal	5
GACCAATAGTAGGAAG-1	Stromal	5
GACCAATAGTCTCTAG-1	Epithelial	18
GACCAATCAAACCTAC-1	Epithelial	2
GACCAATCAAAGGCCA-1	B	1
GACCAATCAAGAAACT-1	B	4
GACCAATCAATTAGGA-1	B	1
GACCAATCAATTCGTG-1	Epithelial	0
GACCAATCACAACGGA-1	Epithelial	7
GACCAATCACAGATGG-1	Epithelial	12
GACCAATCACGAACGA-1	B	1
GACCAATCACGACGAA-1	B	1
GACCAATCATGTAGAA-1	B	1
GACCAATCATTACCTT-1	B	4
GACCAATGTAGCCATT-1	Epithelial	15
GACCAATGTAGTCCAT-1	B	8
GACCAATTCACTCGGG-1	B	13
GACCAATTCCAGAATC-1	Epithelial	10
GACCAATTCCATCATT-1	B	1
GACCAATTCCCTATTA-1	Myeloid	3
GACCAATTCCGTGCAG-1	B	8
GACCAATTCCTCCAGT-1	Epithelial	0
GACCAATTCGACCCGA-1	Epithelial	15
GACCAATTCGGGAATG-1	B	8
GACCAATTCGTTCAGA-1	Epithelial	6
GACCAATTCTATCCTA-1	B	1
GACCAATTCTCTATCA-1	Stromal	9
GACCAATTCTGTTGCC-1	B	13
GACCAATTCTTAAGCG-1	Epithelial	10
GACCAATTCTTCCACG-1	T	11
GACCCAGAGCACACCC-1	B	4
GACCCAGAGCGAGCTA-1	Epithelial	12
GACCCAGAGCTGAAAT-1	B	4
GACCCAGAGGATCCTT-1	T	11
GACCCAGAGGCCTAAG-1	Epithelial	18
GACCCAGAGTACGACG-1	Epithelial	0
GACCCAGCAAACCGAG-1	B	8
GACCCAGCAAGATTAG-1	Epithelial	10
GACCCAGCAGACTAAA-1	B	19
GACCCAGCAGCGTGAA-1	Epithelial	7
GACCCAGCATCCTCGT-1	B	1
GACCCAGCATGATTGC-1	B	13
GACCCAGCATGCCCTT-1	B	1
GACCCAGGTCCCTTTG-1	B	13
GACCCAGGTGATAGAT-1	T	11
GACCCAGGTGATTCCA-1	T	11
GACCCAGGTTAGGAGC-1	Epithelial	7
GACCCAGGTTTGCATG-1	Epithelial	15
GACCCAGTCACATTCT-1	Epithelial	0
GACCCAGTCCAGGCCA-1	B	4
GACCCAGTCCCGCAAG-1	Epithelial	2
GACCCAGTCCCTATTA-1	Epithelial	15
GACCCAGTCCTGGGAC-1	Epithelial	2
GACCCAGTCGACTCGG-1	Epithelial	6
GACCCAGTCGCAGATT-1	Stromal	9
GACCCAGTCGCGTTCT-1	B	1
GACCCAGTCGGATAAA-1	B	1
GACCCAGTCGTCCCAT-1	Epithelial	6
GACCCAGTCGTGAGTT-1	B	1
GACCCAGTCTCGCGTT-1	B	4
GACCCAGTCTCTGACC-1	B	1
GACCCAGTCTTCACTA-1	Epithelial	12
GACCGACAGAATATCG-1	B	4
GACCGACAGAGCTCCC-1	Epithelial	15
GACCGACAGGGTGTTG-1	Epithelial	18
GACCGACAGGTGAACC-1	Epithelial	0
GACCGACAGTTACACC-1	Epithelial	12
GACCGACCAAAGGAAG-1	B	13
GACCGACCAAATTGAG-1	Epithelial	10
GACCGACCAACGGACA-1	Epithelial	12
GACCGACCAAGGCGTA-1	B	4
GACCGACCAATGTGCT-1	Stromal	5
GACCGACCACGACGAA-1	B	8
GACCGACCATCACAGT-1	Epithelial	14
GACCGACGTCCCGTGA-1	Epithelial	6
GACCGACGTCGAGAAC-1	Epithelial	2
GACCGACGTCGCGCTA-1	Epithelial	10
GACCGACGTTAAGGGC-1	Epithelial	15
GACCGACGTTCTTTGT-1	Epithelial	18
GACCGACGTTGAATAG-1	Epithelial	17
GACCGACTCAAGTTGC-1	B	1
GACCGACTCCATCTAT-1	B	13
GACCGACTCCTATCAT-1	Myeloid	3
GACCGACTCCTATCCG-1	Epithelial	17
GACCGACTCGCATAAC-1	B	1
GACCGACTCGCTTACC-1	Epithelial	7
GACCGACTCTCTGACC-1	Epithelial	18
GACCTTCAGAGAACCC-1	B	1
GACCTTCAGATGAGGA-1	Epithelial	2
GACCTTCAGGCTTCGC-1	Epithelial	12
GACCTTCAGGTTTCTG-1	Epithelial	0
GACCTTCAGTTAGCAA-1	B	8
GACCTTCCAACGGGTA-1	B	13
GACCTTCCAACTTGGT-1	B	4
GACCTTCCACCGATCG-1	B	13
GACCTTCCAGAGCCAA-1	Epithelial	17
GACCTTCCAGGCATTT-1	B	19
GACCTTCCAGGTGTCC-1	Epithelial	15
GACCTTCCAGTCAGCC-1	Epithelial	16
GACCTTCCATCCCTCA-1	Epithelial	10
GACCTTCCATCTCACC-1	Epithelial	12
GACCTTCGTTAACCGT-1	Stromal	5
GACCTTCGTTAAGGGC-1	Stromal	5
GACCTTCGTTAGGAGC-1	Epithelial	7
GACCTTCTCAGGCGCT-1	T	11
GACCTTCTCAGTGTAC-1	Epithelial	18
GACCTTCTCCAGCACG-1	Epithelial	0
GACTAACAGAGAGTTT-1	Epithelial	2
GACTAACAGCAGAATT-1	B	1
GACTAACAGCCCATGC-1	T	11
GACTAACAGCGTTAGG-1	Epithelial	18
GACTAACAGCTAGTTC-1	B	1
GACTAACAGGTTAGTA-1	T	11
GACTAACAGTCCGGAA-1	Epithelial	12
GACTAACCAATCACTG-1	T	11
GACTAACCACACACCG-1	B	13
GACTAACCACTACACA-1	B	8
GACTAACCACTGTCGG-1	Stromal	5
GACTAACCAGGATGTG-1	Epithelial	14
GACTAACCAGTTGCAT-1	Epithelial	6
GACTAACCATCCGTGG-1	T	11
GACTAACCATGATCGT-1	B	8
GACTAACGTCCGAGCT-1	B	8
GACTAACGTGGCATAG-1	Epithelial	7
GACTAACGTTTCGATG-1	Stromal	5
GACTAACTCCTTTGAT-1	Myeloid	3
GACTAACTCGTCAACA-1	Epithelial	16
GACTAACTCTATCTTG-1	Epithelial	14
GACTAACTCTGTTTAC-1	B	13
GACTAGTAGACTTCCA-1	T	11
GACTAGTAGCGTCAAG-1	B	1
GACTAGTAGCTAACAA-1	Epithelial	15
GACTAGTAGGAGTACC-1	Epithelial	6
GACTAGTAGTACGCGA-1	Epithelial	18
GACTAGTAGTGATAAC-1	B	8
GACTAGTCAAACCGAG-1	Epithelial	17
GACTAGTCAAGGTCGA-1	Epithelial	2
GACTAGTCAAGTGGCA-1	Myeloid	3
GACTAGTCAGCAAACG-1	T	11
GACTAGTCAGTAGTCT-1	Epithelial	18
GACTAGTCATCCCTTG-1	Epithelial	15
GACTAGTCATCGACCG-1	Epithelial	12
GACTAGTCATGGGACA-1	Epithelial	14
GACTAGTCATTAAGGA-1	Epithelial	6
GACTAGTGTAGTTTGC-1	B	1
GACTAGTGTATTCTCT-1	B	13
GACTAGTGTCAGAAGC-1	B	1
GACTAGTGTCAGGTGA-1	Epithelial	7
GACTAGTGTCGAGGAT-1	B	8
GACTAGTGTCTGTGTA-1	Epithelial	2
GACTAGTGTGATGTGG-1	Epithelial	12
GACTAGTGTTCATTTC-1	B	8
GACTAGTGTTTCTCTA-1	Epithelial	12
GACTAGTGTTTGTCTT-1	Stromal	5
GACTAGTTCAACTTGG-1	Epithelial	0
GACTAGTTCATCGCAA-1	B	19
GACTAGTTCATTCTTG-1	Epithelial	15
GACTAGTTCCCGGGTA-1	Epithelial	7
GACTAGTTCCCTACCA-1	B	1
GACTAGTTCCCTACGT-1	B	8
GACTAGTTCCGAGAGA-1	B	1
GACTAGTTCCGTGCAG-1	Myeloid	3
GACTAGTTCGCTTACC-1	B	1
GACTAGTTCGTGCTTC-1	Epithelial	2
GAGAACGAGATATGTG-1	Epithelial	10
GAGAACGAGCGAATAT-1	Stromal	9
GAGAACGAGGAACCGT-1	B	13
GAGAACGAGGACTAGC-1	Epithelial	7
GAGAACGAGGTAAGTT-1	Epithelial	2
GAGAACGAGGTAGGCT-1	B	1
GAGAACGAGTGAGTTA-1	B	8
GAGAACGCAACTCAAC-1	Myeloid	3
GAGAACGCAATGAAAC-1	Epithelial	16
GAGAACGCACCTGGTG-1	B	19
GAGAACGGTAAGCCGA-1	Epithelial	14
GAGAACGGTCAGTGTT-1	Epithelial	2
GAGAACGGTCTCAAAC-1	Epithelial	17
GAGAACGGTGAAACAT-1	Epithelial	12
GAGAACGTCACCCTTG-1	Epithelial	2
GAGAACGTCGCGGCAT-1	Epithelial	14
GAGAACGTCTATCTCA-1	B	8
GAGACTTAGAACTAAC-1	B	1
GAGACTTAGACACGGT-1	Epithelial	7
GAGACTTAGGATGTCG-1	B	1
GAGACTTAGGTAGGCT-1	Epithelial	12
GAGACTTAGTTCAGGG-1	B	4
GAGACTTCAAAGAAGG-1	Epithelial	10
GAGACTTCAACGGACA-1	Epithelial	18
GAGACTTCAACTCCCT-1	B	1
GAGACTTCAATGACTC-1	Epithelial	17
GAGACTTCACTGTTAG-1	B	1
GAGACTTCAGACCTGC-1	B	13
GAGACTTCAGGCATCC-1	B	1
GAGACTTCAGGTAGCA-1	Epithelial	15
GAGACTTCATGTGAGG-1	B	13
GAGACTTCATTCGTCC-1	Epithelial	0
GAGACTTGTCATCAAC-1	Epithelial	0
GAGACTTGTGCAAAGC-1	B	1
GAGACTTGTGCAAGCA-1	B	8
GAGACTTGTGGTAGAC-1	B	13
GAGACTTGTGTGTGCC-1	B	1
GAGACTTGTTCAGTTG-1	B	13
GAGACTTTCCATATCT-1	B	13
GAGACTTTCCGATGCG-1	B	13
GAGACTTTCCGTCAAA-1	B	13
GAGACTTTCGAGAAGC-1	Epithelial	14
GAGACTTTCGGTCGAC-1	B	8
GAGATTCAGAAATCTG-1	Epithelial	0
GAGATTCAGAACGACC-1	B	1
GAGATTCAGACCCTAT-1	Epithelial	15
GAGATTCAGAGAGGTA-1	Epithelial	10
GAGATTCAGCTACGTT-1	B	8
GAGATTCAGGGTCTGA-1	B	4
GAGATTCAGGGTGTTG-1	B	13
GAGATTCAGGGTTCCC-1	Epithelial	14
GAGATTCAGTACTCTG-1	T	11
GAGATTCAGTCGGGAT-1	B	4
GAGATTCAGTGATTAG-1	B	8
GAGATTCAGTGTCACT-1	B	4
GAGATTCAGTTACCAC-1	B	1
GAGATTCCAAAGGCCA-1	Epithelial	7
GAGATTCCAAGCGAAC-1	Myeloid	3
GAGATTCCAAGCGTCC-1	Epithelial	17
GAGATTCCAATCATCG-1	Epithelial	10
GAGATTCGTACGCCCA-1	B	1
GAGATTCGTATATGGA-1	B	13
GAGATTCGTATTCACG-1	B	13
GAGATTCGTGCACCCA-1	Epithelial	18
GAGATTCGTTCCAATG-1	Epithelial	2
GAGATTCTCAGTTGAC-1	Epithelial	15
GAGATTCTCCCTAAAG-1	B	1
GAGATTCTCGATCGCG-1	B	8
GAGATTCTCTATCCTA-1	Epithelial	12
GAGCATTAGAAAGGGT-1	Epithelial	0
GAGCATTAGCAGTAGC-1	Epithelial	6
GAGCATTAGGAGAACA-1	Epithelial	0
GAGCATTAGGATCCTT-1	B	8
GAGCATTAGGATTAAC-1	Epithelial	0
GAGCATTAGTAGACCG-1	B	8
GAGCATTAGTGAGCAC-1	Epithelial	18
GAGCATTCAATTCAGC-1	Epithelial	12
GAGCATTCACCGTTGG-1	Epithelial	16
GAGCATTCACTCAGCG-1	Epithelial	12
GAGCATTCAGAGAGAA-1	Epithelial	15
GAGCATTCAGTAGTCT-1	Epithelial	14
GAGCATTCATAGGCGA-1	Epithelial	14
GAGCATTCATCCTCGT-1	B	8
GAGCATTCATCGCTAA-1	B	8
GAGCATTCATTACCTT-1	Epithelial	0
GAGCATTGTCTCTGCT-1	B	8
GAGCATTTCACACGTA-1	Epithelial	10
GAGCATTTCACATCCC-1	B	4
GAGCATTTCAGGATCT-1	Epithelial	17
GAGCATTTCATACTTC-1	B	4
GAGCATTTCCACACCT-1	Epithelial	7
GAGCATTTCGCGTTCT-1	Epithelial	0
GAGCGCTAGACACTTC-1	B	4
GAGCGCTAGAGGCAGG-1	Epithelial	12
GAGCGCTAGGCGATTG-1	Epithelial	15
GAGCGCTCAAGACTTC-1	Epithelial	0
GAGCGCTCAAGAGATT-1	Epithelial	12
GAGCGCTCACCCATCT-1	Epithelial	16
GAGCGCTCACCGAATT-1	B	8
GAGCGCTCACGCTCAG-1	B	8
GAGCGCTCACTCCCAT-1	Epithelial	0
GAGCGCTCATATAGAG-1	Epithelial	18
GAGCGCTCATTCCCGT-1	Epithelial	10
GAGCGCTCATTGATGC-1	Epithelial	18
GAGCGCTGTAACCCAT-1	B	4
GAGCGCTGTAGTACAA-1	Epithelial	7
GAGCGCTGTGAATACA-1	B	4
GAGCGCTGTGCAAGCA-1	Epithelial	0
GAGCGCTGTGGACAGT-1	Epithelial	17
GAGCGCTGTTACGCTA-1	Epithelial	16
GAGCGCTGTTCTGAGT-1	B	4
GAGCGCTGTTGCCTGG-1	Epithelial	6
GAGCGCTGTTTAAGGA-1	Epithelial	7
GAGCGCTTCAAGGCCC-1	B	13
GAGCGCTTCAATCGTG-1	Epithelial	2
GAGCGCTTCACTCCCA-1	Epithelial	0
GAGCGCTTCCATCTAT-1	B	1
GAGCGCTTCCCGGGTA-1	Epithelial	10
GAGCGCTTCGAGTTAC-1	Epithelial	6
GAGCGCTTCTGACTTT-1	B	8
GAGGATGCAAACCGAG-1	Epithelial	18
GAGGATGCAACGCACC-1	B	1
GAGGATGCAAGGTTCT-1	Epithelial	14
GAGGATGCACAGATGG-1	B	8
GAGGATGCACCGAATT-1	Stromal	9
GAGGATGCAGGAGCAT-1	Epithelial	18
GAGGATGCATTCACCC-1	Epithelial	0
GAGGATGGTAGGTCTT-1	B	1
GAGGATGGTGCCGGTT-1	Epithelial	14
GAGGATGGTGGCATAG-1	Myeloid	3
GAGGATGTCAGCACGC-1	Epithelial	6
GAGGATGTCCCGGGTA-1	Epithelial	15
GAGGATGTCGCTAGTA-1	Epithelial	7
GAGGATGTCGTGCTGG-1	B	1
GAGGATGTCGTGGCGT-1	B	1
GAGGATGTCTCTATTG-1	Epithelial	18
GAGGCTCAGACACAAT-1	B	8
GAGGCTCAGCGTAGCA-1	Epithelial	6
GAGGCTCAGCTAGTTC-1	Epithelial	16
GAGGCTCAGCTGATTC-1	Epithelial	15
GAGGCTCAGGTAGGAA-1	T	11
GAGGCTCAGTTTGGAA-1	B	1
GAGGCTCCAACTCGAT-1	B	19
GAGGCTCCAAGAGATT-1	Epithelial	17
GAGGCTCCACTCCACT-1	Epithelial	14
GAGGCTCCAGATTTGC-1	B	1
GAGGCTCGTAAACCCT-1	Myeloid	3
GAGGCTCGTAAACGTA-1	B	8
GAGGCTCGTAACGGCA-1	B	4
GAGGCTCGTAACGTAA-1	B	13
GAGGCTCGTATGGATA-1	T	11
GAGGCTCGTCCGAGCT-1	Stromal	5
GAGGCTCGTGCACATT-1	Epithelial	10
GAGGCTCGTGCCCGAT-1	Epithelial	12
GAGGCTCGTTCACGTA-1	Epithelial	7
GAGGCTCGTTCCTATT-1	Epithelial	14
GAGGCTCTCAAGGCCC-1	B	8
GAGGCTCTCAAGTTGC-1	Epithelial	7
GAGGCTCTCACTGATG-1	Epithelial	17
GAGGCTCTCAGAACGG-1	Epithelial	6
GAGGCTCTCATGTTCT-1	Epithelial	0
GAGGTCCAGAAGAGTG-1	Epithelial	10
GAGGTCCAGACACGGT-1	Epithelial	7
GAGGTCCAGACCCTAT-1	Epithelial	14
GAGGTCCAGACTAGCG-1	B	1
GAGGTCCAGCATGTGG-1	Epithelial	7
GAGGTCCAGGATCCTT-1	B	8
GAGGTCCCAACATAAG-1	B	1
GAGGTCCCAAGAAACT-1	Epithelial	0
GAGGTCCCAAGTTCGT-1	B	8
GAGGTCCCACAGTAGG-1	Epithelial	10
GAGGTCCCATAAAGTG-1	B	13
GAGGTCCCATCGTGAT-1	B	1
GAGGTCCGTAGCGAGT-1	Epithelial	17
GAGGTCCGTAGTCCAT-1	B	1
GAGGTCCGTGTGAGGT-1	Epithelial	17
GAGGTCCGTGTTGGTT-1	Epithelial	17
GAGGTCCGTTACACTG-1	Epithelial	12
GAGGTCCGTTCTGAGT-1	Epithelial	14
GAGGTCCGTTGGCGAA-1	B	13
GAGGTCCTCACATCCC-1	B	1
GAGGTCCTCACTCGGG-1	B	8
GAGGTCCTCCAGTTAG-1	Epithelial	14
GAGGTCCTCGATGCAT-1	Epithelial	2
GAGGTCCTCGCCAGAC-1	Epithelial	6
GAGGTCCTCGCCCTTA-1	B	4
GAGGTCCTCGCGATGC-1	Epithelial	6
GAGGTCCTCGGTTCCT-1	Epithelial	6
GAGGTCCTCTCATCCG-1	Epithelial	18
GAGGTCCTCTCGTGAA-1	Epithelial	17
GAGTGAGAGAACGTCG-1	B	1
GAGTGAGAGACCCTAT-1	Epithelial	14
GAGTGAGAGACTCGGA-1	B	1
GAGTGAGAGAGTTCGG-1	Epithelial	7
GAGTGAGAGCTGGAGT-1	B	4
GAGTGAGAGGCATGCA-1	B	13
GAGTGAGAGTAGTTCC-1	B	1
GAGTGAGAGTTGGAAT-1	T	11
GAGTGAGCAAGGAAGA-1	Epithelial	12
GAGTGAGCAAGGCGTA-1	B	4
GAGTGAGCAATTCGTG-1	Epithelial	6
GAGTGAGCACTCAGCG-1	Epithelial	14
GAGTGAGCAGCGTAGA-1	Epithelial	7
GAGTGAGCATAGAATG-1	Epithelial	10
GAGTGAGGTAAACGTA-1	T	11
GAGTGAGGTACTATGC-1	B	1
GAGTGAGGTATCTGCA-1	Epithelial	6
GAGTGAGGTCAGAAAT-1	Epithelial	6
GAGTGAGGTCTCAAAC-1	B	8
GAGTGAGGTTAACCGT-1	Epithelial	17
GAGTGAGGTTCCGCGA-1	B	8
GAGTGAGGTTCTTATC-1	Epithelial	7
GAGTGAGTCAGCACTA-1	Epithelial	18
GAGTGAGTCCATACGA-1	Epithelial	2
GAGTGAGTCCTATCAT-1	Epithelial	15
GAGTGAGTCTACTGCC-1	B	4
GAGTGAGTCTTCTTCC-1	B	4
GATCATGAGCTAGTTC-1	Epithelial	14
GATCATGAGCTCCGGT-1	Epithelial	15
GATCATGAGGCTCCTG-1	Epithelial	12
GATCATGAGTTAGAGT-1	Epithelial	14
GATCATGCAACGTAGG-1	Epithelial	2
GATCATGCAATTCAGC-1	Epithelial	15
GATCATGCACGCTGTG-1	B	13
GATCATGCACGGTTAT-1	B	1
GATCATGCACTTATGG-1	B	1
GATCATGCAGCAACCC-1	Epithelial	2
GATCATGCATAGCCGC-1	B	1
GATCATGGTCCGTCGA-1	B	8
GATCATGGTCTGAGCC-1	Epithelial	0
GATCATGGTTAGGAAT-1	Epithelial	12
GATCATGGTTTAAGCC-1	T	11
GATCATGTCAATGCAC-1	Epithelial	2
GATCATGTCCCAGCAG-1	Epithelial	15
GATCATGTCGACCCGA-1	B	1
GATCATGTCGGAGTTT-1	Epithelial	7
GATCATGTCTCGCGGA-1	B	13
GATCATGTCTGGACAT-1	Epithelial	12
GATCATGTCTTGCGCT-1	Epithelial	7
GATCGTAAGCGTTAGG-1	Epithelial	2
GATCGTAAGGTAGGCT-1	B	1
GATCGTAAGTCATACC-1	Epithelial	2
GATCGTAAGTGAATAC-1	Epithelial	0
GATCGTAAGTTGCCGC-1	Epithelial	15
GATCGTACAACACGGA-1	Stromal	9
GATCGTACAATACTGC-1	Epithelial	12
GATCGTACACTCCTCA-1	B	8
GATCGTACAGGACCTC-1	Epithelial	6
GATCGTACAGTGCGAA-1	B	13
GATCGTACATCCCGGA-1	B	4
GATCGTACATTGAACC-1	B	8
GATCGTAGTACCCATA-1	Epithelial	2
GATCGTAGTGACCAGA-1	Epithelial	6
GATCGTAGTTCCCAAA-1	Epithelial	10
GATCGTATCAAAGTAG-1	Epithelial	12
GATCGTATCAAATGGA-1	Epithelial	15
GATCGTATCACATTCT-1	Epithelial	17
GATCGTATCAGTCACA-1	B	8
GATCGTATCCAACCTC-1	Myeloid	3
GATCGTATCCAGAATC-1	Epithelial	10
GATCGTATCCCTACCA-1	Epithelial	7
GATCGTATCCGAGGAA-1	Myeloid	3
GATCGTATCGCTAGTA-1	Epithelial	2
GATCGTATCTAGTCGA-1	B	13
GATCGTATCTGAGTCA-1	Epithelial	0
GATGATCAGCGAGAAA-1	Epithelial	14
GATGATCCAGGTCCTG-1	Epithelial	12
GATGATCCAGTAGTCT-1	B	4
GATGATCCATATTGGC-1	Epithelial	2
GATGATCCATCGAGTT-1	Stromal	9
GATGATCCATTGATGC-1	Epithelial	10
GATGATCGTAGAGAGA-1	T	11
GATGATCGTAGCAGCA-1	Epithelial	6
GATGATCGTAGCATGG-1	Epithelial	10
GATGATCGTATTCACG-1	Epithelial	12
GATGATCGTCATAGAA-1	B	1
GATGATCGTCCACCAG-1	Epithelial	14
GATGATCGTGCGTAGA-1	Epithelial	12
GATGATCGTTTGAAGA-1	Epithelial	16
GATGATCGTTTGATCG-1	B	8
GATGATCTCCCAATAG-1	B	13
GATGATCTCGAACCGC-1	B	4
GATGATCTCGATGTAC-1	Epithelial	15
GATGATCTCGCCTTAC-1	B	1
GATGATCTCGCGTGAC-1	Stromal	9
GATGATCTCGCTGATA-1	Epithelial	2
GATGATCTCGGTAGGA-1	Epithelial	6
GATGGCCAGAACAGGA-1	Epithelial	2
GATGGCCAGAAGCCGT-1	Epithelial	12
GATGGCCAGAATATCG-1	B	4
GATGGCCAGGATTAAC-1	B	4
GATGGCCAGTACAACA-1	T	11
GATGGCCAGTAGACCG-1	Epithelial	2
GATGGCCCAAGTGGCA-1	B	1
GATGGCCCACCTATTT-1	Epithelial	2
GATGGCCCACTCCACT-1	B	13
GATGGCCCACTGTCGG-1	B	8
GATGGCCCATCAACTG-1	Epithelial	2
GATGGCCGTACGAGAC-1	T	11
GATGGCCGTACTATGC-1	B	8
GATGGCCGTAGTATCC-1	B	1
GATGGCCGTCTGAGCC-1	Epithelial	7
GATGGCCGTGCCCTAG-1	T	11
GATGGCCGTTAGGAGC-1	B	8
GATGGCCGTTCCATCC-1	Epithelial	2
GATGGCCTCAAATGGA-1	B	8
GATGGCCTCAACACGT-1	Epithelial	14
GATGGCCTCACACGTA-1	B	4
GATGGCCTCCAACGCG-1	B	8
GATGGCCTCCATTGAG-1	Epithelial	2
GATGGCCTCCGATGCG-1	B	8
GATGGCCTCCTTTGAT-1	T	11
GATGGCCTCGTTCAGA-1	B	13
GATGGCCTCTGGCTAA-1	B	1
GATTAGCAGACCATAA-1	B	1
GATTAGCAGCGTATCT-1	B	1
GATTAGCAGGGTAATT-1	Epithelial	7
GATTAGCAGGTGTTGG-1	Epithelial	12
GATTAGCAGTTACCAC-1	B	4
GATTAGCAGTTCCCGG-1	Epithelial	2
GATTAGCCAACGTACT-1	Epithelial	12
GATTAGCCAACTCAAC-1	B	1
GATTAGCCAAGAGATT-1	Epithelial	2
GATTAGCCAAGTTCGT-1	Epithelial	2
GATTAGCCAATAGTGA-1	B	4
GATTAGCCACTCAAGT-1	Epithelial	14
GATTAGCCATTCTTTG-1	B	1
GATTAGCCATTGCCTC-1	Epithelial	14
GATTAGCGTAAACGTA-1	B	1
GATTAGCGTACGGAGT-1	Epithelial	2
GATTAGCGTAGTATCC-1	B	4
GATTAGCGTAGTCCAT-1	Epithelial	14
GATTAGCGTATGAAGT-1	Myeloid	3
GATTAGCGTGTTGTTG-1	Epithelial	2
GATTAGCGTTCAGTTG-1	B	1
GATTAGCGTTGTGACT-1	B	8
GATTAGCTCAAACCAC-1	B	1
GATTAGCTCAATTCCT-1	Epithelial	2
GATTAGCTCCCACGGA-1	Epithelial	14
GATTAGCTCGTTCAGA-1	Epithelial	2
GATTGACAGAAATCTG-1	Epithelial	10
GATTGACAGAGGCAGG-1	Epithelial	14
GATTGACAGATATGAC-1	B	13
GATTGACAGCACCATT-1	B	8
GATTGACAGGGCTCTC-1	Stromal	9
GATTGACCAAACCGAG-1	Epithelial	10
GATTGACCAACGCACC-1	Epithelial	7
GATTGACCAACGTACT-1	Epithelial	12
GATTGACCAAGACTAA-1	B	8
GATTGACCAAGCAACG-1	Epithelial	12
GATTGACCAAGGTCGA-1	B	4
GATTGACCAATTCTCT-1	Epithelial	2
GATTGACCACCACGAC-1	B	4
GATTGACCAGGGAGTT-1	B	1
GATTGACCATCACAGT-1	Myeloid	3
GATTGACGTACGCAAG-1	B	13
GATTGACGTATGCTAC-1	Epithelial	16
GATTGACGTGAATGTA-1	Epithelial	14
GATTGACGTGAGTCGA-1	Epithelial	7
GATTGACGTTCTACCC-1	Epithelial	18
GATTGACTCCAGGTCG-1	T	11
GATTGACTCCATACCC-1	Epithelial	6
GATTGACTCTATAGGC-1	Epithelial	12
GATTGACTCTCAGATG-1	Epithelial	2
GATTGACTCTCGCGTT-1	Epithelial	16
GCAAAGGAGAAGCCTG-1	B	4
GCAAAGGAGACACAAT-1	Epithelial	14
GCAAAGGAGAGGTGGG-1	B	13
GCAAAGGAGCCTATAC-1	Stromal	5
GCAAAGGAGGGTCTGA-1	Epithelial	12
GCAAAGGCAAGTAATG-1	B	8
GCAAAGGCAATAGCGG-1	Epithelial	6
GCAAAGGCACATTCTT-1	B	13
GCAAAGGCAGACTAAA-1	B	4
GCAAAGGCAGATAAGT-1	B	8
GCAAAGGCAGCTATAC-1	Epithelial	17
GCAAAGGCAGGAGCAT-1	Epithelial	0
GCAAAGGCAGGTCCTG-1	B	13
GCAAAGGCATCGAGTT-1	B	1
GCAAAGGCATGCACTA-1	B	8
GCAAAGGCATGCGTTA-1	Epithelial	10
GCAAAGGCATTAGCAC-1	B	13
GCAAAGGGTAGAAGCC-1	B	13
GCAAAGGGTATCGCGC-1	B	8
GCAAAGGGTCAGAAAT-1	B	1
GCAAAGGGTCCGCTTT-1	Epithelial	6
GCAAAGGGTGGCGCTT-1	B	19
GCAAAGGTCCATACGA-1	B	1
GCAAAGGTCCCGGGTA-1	Epithelial	0
GCAAAGGTCGACCCGA-1	Epithelial	15
GCAAAGGTCGAGAAGC-1	B	4
GCAAAGGTCGAGGCTC-1	Epithelial	18
GCAAAGGTCGCATAAC-1	Epithelial	7
GCAAAGGTCGCTCTAC-1	Epithelial	17
GCAAAGGTCGGATGTT-1	B	19
GCAAAGGTCTCCACTG-1	B	8
GCAACCGAGACCTATC-1	B	4
GCAACCGAGTTTACGC-1	Epithelial	17
GCAACCGCAAACGTTC-1	Epithelial	17
GCAACCGCAAAGAAGG-1	Stromal	9
GCAACCGCACATGATC-1	B	1
GCAACCGCAGAAGTGC-1	Epithelial	10
GCAACCGGTAACACTC-1	Epithelial	18
GCAACCGGTAACGGCA-1	Epithelial	6
GCAACCGGTAAGCCTT-1	Epithelial	2
GCAACCGGTACCTATG-1	B	8
GCAACCGGTACGGTTT-1	B	1
GCAACCGGTATCCCTC-1	Epithelial	2
GCAACCGGTCTGCACG-1	Epithelial	0
GCAACCGGTGAATCAA-1	Epithelial	6
GCAACCGGTGCGTAGA-1	B	1
GCAACCGGTTCTTTCA-1	Epithelial	7
GCAACCGTCACTGGTA-1	B	8
GCAACCGTCAGTCAAC-1	Epithelial	6
GCAACCGTCCAACAAC-1	Epithelial	14
GCAACCGTCCATCATT-1	T	11
GCAACCGTCCGCTCTA-1	Epithelial	2
GCAACCGTCCGGGCAT-1	B	1
GCAACCGTCCGTGCGA-1	B	8
GCAACCGTCGCATAAC-1	B	1
GCAACCGTCGCTAGTA-1	B	8
GCAACCGTCTCCCTTT-1	B	13
GCAACCGTCTGAAAGA-1	Epithelial	2
GCAACCGTCTTTGCAT-1	Epithelial	10
GCACCTTAGAACCCGA-1	B	8
GCACCTTAGAGCTGTG-1	B	8
GCACCTTAGCTAGCAG-1	Epithelial	0
GCACCTTAGTAGCAAT-1	Epithelial	10
GCACCTTAGTCTGGGA-1	B	19
GCACCTTCAAGATGCG-1	Epithelial	10
GCACCTTCAAGGCTTT-1	B	13
GCACCTTCACCGTCTT-1	B	1
GCACCTTCACGGTTAT-1	B	13
GCACCTTCACTCGGAC-1	Epithelial	17
GCACCTTCAGTAGTTC-1	B	1
GCACCTTCATGGCCTG-1	B	8
GCACCTTGTCATCGTA-1	B	1
GCACCTTGTCATGAGG-1	Epithelial	15
GCACCTTGTGCAAGCA-1	Epithelial	18
GCACCTTGTTAAGGGC-1	B	8
GCACCTTGTTCTTTCA-1	B	4
GCACCTTTCACAACAC-1	B	1
GCACCTTTCACTACCC-1	B	1
GCACCTTTCAGATACC-1	B	13
GCACCTTTCCCACTTG-1	Epithelial	15
GCACCTTTCCCTACGT-1	T	11
GCACCTTTCCTGACCT-1	Epithelial	7
GCACCTTTCGCAAGCC-1	B	1
GCACCTTTCGCTAGTA-1	Epithelial	0
GCACCTTTCGGTAGGA-1	B	1
GCACCTTTCGTTTGAG-1	B	13
GCACCTTTCTGCGTCT-1	B	1
GCACGCAAGAGAGGTA-1	T	11
GCACGCAAGAGTTCGG-1	B	13
GCACGCAAGCTACGCC-1	B	4
GCACGCAAGGCAGATC-1	Epithelial	7
GCACGCAAGTCTCCAA-1	B	1
GCACGCAAGTCTCGAT-1	B	1
GCACGCAAGTTAGCGG-1	Epithelial	7
GCACGCACACCTGTGG-1	Epithelial	17
GCACGCACACGGCCAT-1	Epithelial	7
GCACGCACACTACACA-1	B	13
GCACGCACACTCAAGT-1	Epithelial	14
GCACGCACAGCTATAC-1	Epithelial	0
GCACGCACAGGTGTCC-1	Epithelial	18
GCACGCACAGTAGTCT-1	Epithelial	7
GCACGCACAGTGGTCC-1	Epithelial	15
GCACGCACATCGACGC-1	Epithelial	6
GCACGCACATGCTATG-1	B	8
GCACGCACATGTATCG-1	T	11
GCACGCAGTAAACCCT-1	Epithelial	17
GCACGCAGTATCTCAG-1	Epithelial	14
GCACGCAGTATTTGCG-1	Epithelial	17
GCACGCAGTCCTCAGG-1	T	11
GCACGCAGTGATGTGG-1	Epithelial	6
GCACGCAGTTACACTG-1	B	1
GCACGCAGTTCCATCC-1	Epithelial	7
GCACGCAGTTTGCATG-1	B	8
GCACGCAGTTTGTGAC-1	Epithelial	16
GCACGCATCAATGCAC-1	B	8
GCACGCATCATGAACC-1	Epithelial	7
GCACGCATCCCTACGT-1	B	8
GCACGCATCCGGCGAT-1	B	1
GCACGCATCTACCCGT-1	Epithelial	16
GCACGCATCTCGCGTT-1	Epithelial	2
GCACGCATCTCTCAAT-1	Epithelial	7
GCACGCATCTGTGTCC-1	Epithelial	12
GCACGGTAGAAAGGGT-1	Epithelial	6
GCACGGTAGACTAGCG-1	Epithelial	12
GCACGGTCAAATGTCC-1	Epithelial	7
GCACGGTCAAGGACCA-1	Epithelial	7
GCACGGTCAATGCACT-1	Epithelial	2
GCACGGTCACTGGGCT-1	Stromal	9
GCACGGTCATAAAGTG-1	Epithelial	12
GCACGGTCATGTGGGA-1	Epithelial	12
GCACGGTGTACGAGAC-1	B	8
GCACGGTGTAGCAGGT-1	Epithelial	0
GCACGGTGTCATAGAA-1	Epithelial	10
GCACGGTGTCCGCTTT-1	B	4
GCACGGTGTGTCTCGG-1	B	4
GCACGGTGTTTAGGAA-1	B	13
GCACGGTTCACGTCAA-1	B	1
GCACGGTTCAGGTTTG-1	B	1
GCACGGTTCATACTTC-1	B	8
GCACGGTTCCAGTACA-1	Epithelial	6
GCACGGTTCCATCGAA-1	B	8
GCACGGTTCCCACGGA-1	Epithelial	16
GCACGGTTCCTTCGAC-1	Epithelial	10
GCAGATTAGACAACGC-1	B	8
GCAGATTAGAGACTCG-1	Epithelial	12
GCAGATTAGAGTTCGG-1	Epithelial	2
GCAGATTAGATCGATA-1	Epithelial	17
GCAGATTAGGAAGACA-1	Epithelial	7
GCAGATTAGTAACTCC-1	B	8
GCAGATTAGTCGACCC-1	Epithelial	6
GCAGATTAGTTCAAGA-1	Epithelial	7
GCAGATTCAAACAGTA-1	B	1
GCAGATTCAACACGGA-1	B	13
GCAGATTCAACTCGTA-1	T	11
GCAGATTCACTCAGCG-1	B	8
GCAGATTCAGGCTACC-1	B	1
GCAGATTCAGGTAACG-1	T	11
GCAGATTCAGTTCGGC-1	Epithelial	0
GCAGATTCATCGTACA-1	Epithelial	14
GCAGATTCATGGCCGT-1	B	13
GCAGATTCATGTCCCT-1	Stromal	9
GCAGATTGTCTGGGAA-1	B	4
GCAGATTGTGAATCGG-1	Epithelial	2
GCAGATTGTGACGCAA-1	Myeloid	3
GCAGATTGTGAGGGTT-1	B	1
GCAGATTGTTAACTCG-1	Epithelial	2
GCAGATTGTTCTACCC-1	Epithelial	7
GCAGATTGTTGGCTTA-1	T	11
GCAGATTGTTTAGACC-1	Epithelial	7
GCAGATTGTTTGTAGC-1	Epithelial	12
GCAGATTGTTTGTCTT-1	Epithelial	15
GCAGATTTCACAGGGA-1	Epithelial	17
GCAGATTTCACCCTTG-1	Epithelial	7
GCAGATTTCACTCCCA-1	Epithelial	7
GCAGATTTCAGGGTTT-1	Epithelial	18
GCAGATTTCCACGCTT-1	B	4
GCAGATTTCCTTTGAT-1	B	19
GCAGATTTCGATGAAA-1	Epithelial	7
GCAGATTTCGCTATAG-1	Epithelial	2
GCAGATTTCTCGCGTT-1	Epithelial	14
GCAGATTTCTGTTGCC-1	Epithelial	14
GCAGCCAAGAAGCCGT-1	Epithelial	0
GCAGCCAAGACGCCAA-1	B	8
GCAGCCAAGGACTTTC-1	B	1
GCAGCCAAGGCAAGCT-1	Epithelial	10
GCAGCCAAGGCACCTC-1	Epithelial	10
GCAGCCAAGGTCCTCG-1	B	13
GCAGCCAAGTTCGCGC-1	Stromal	5
GCAGCCACAAGGACCA-1	Epithelial	18
GCAGCCACAATCACTG-1	Epithelial	18
GCAGCCACATCCCAAA-1	T	11
GCAGCCACATGCCTTC-1	B	1
GCAGCCACATGCGCTG-1	Epithelial	6
GCAGCCAGTGCGCATC-1	Epithelial	6
GCAGCCAGTGCTGAAG-1	B	4
GCAGCCAGTTCCTATT-1	Epithelial	18
GCAGCCAGTTCGGGAA-1	B	4
GCAGCCAGTTTCCTAT-1	T	11
GCAGCCATCCATAGGT-1	Epithelial	16
GCAGCCATCCGCTCTA-1	Epithelial	0
GCAGCCATCGATATGC-1	Epithelial	2
GCAGCCATCGGATCGC-1	B	13
GCAGCCATCGGGAATG-1	Epithelial	2
GCAGCCATCGTCTAGA-1	B	8
GCAGCCATCTCGCGGA-1	B	4
GCAGCTGAGAACTCCT-1	T	11
GCAGCTGAGACGAAAG-1	Epithelial	0
GCAGCTGAGATGGCAC-1	Epithelial	10
GCAGCTGAGCTAGCAG-1	Epithelial	6
GCAGCTGAGGAGTAGA-1	Epithelial	6
GCAGCTGAGGCACTAG-1	Epithelial	7
GCAGCTGAGGTGTCGA-1	B	13
GCAGCTGAGTGCAACG-1	B	8
GCAGCTGAGTTATGAG-1	Stromal	9
GCAGCTGCAAGGAAGA-1	B	4
GCAGCTGCATGTATCG-1	Epithelial	15
GCAGCTGCATTAGCAC-1	B	1
GCAGCTGCATTTCTTG-1	Epithelial	12
GCAGCTGGTAACCCAT-1	Epithelial	2
GCAGCTGGTAGGTAAT-1	Epithelial	12
GCAGCTGGTATCCTTT-1	B	4
GCAGCTGGTCGAGGAT-1	B	8
GCAGCTGGTGGTAGAC-1	Epithelial	14
GCAGCTGGTTCTTTCA-1	T	11
GCAGCTGGTTTCTCTA-1	B	1
GCAGCTGTCATGTTCT-1	Epithelial	7
GCAGCTGTCCACGAGC-1	B	13
GCAGCTGTCGCAACTA-1	Epithelial	18
GCAGCTGTCGTATAGC-1	Epithelial	18
GCAGCTGTCTATAGGC-1	Epithelial	7
GCAGCTGTCTCTGAGA-1	Stromal	5
GCAGCTGTCTGGTACA-1	Epithelial	12
GCAGCTGTCTTACGGA-1	B	4
GCATGATAGAACGCCA-1	B	1
GCATGATAGAGTTCGG-1	Epithelial	0
GCATGATAGCGTCAAG-1	Epithelial	12
GCATGATCAATGAAAC-1	Epithelial	18
GCATGATCACCTGAAT-1	Epithelial	10
GCATGATCAGTGCGAA-1	B	13
GCATGATGTACCTATG-1	Epithelial	6
GCATGATGTATCAGCT-1	Epithelial	17
GCATGATGTCAACTGT-1	Stromal	5
GCATGATGTCCCTAAA-1	Myeloid	3
GCATGATGTCCTTCAC-1	Epithelial	10
GCATGATGTGCACTTA-1	Epithelial	10
GCATGATGTTCCCGGA-1	Epithelial	17
GCATGATGTTGTGAGG-1	Epithelial	7
GCATGATTCAAATGGA-1	Epithelial	12
GCATGATTCCGGACTG-1	Epithelial	14
GCATGATTCGCATAAC-1	B	13
GCATGATTCTGGCACG-1	Epithelial	12
GCATTCCAGAATACTG-1	B	4
GCATTCCAGAGCTGTG-1	B	1
GCATTCCAGCGTGTTT-1	B	4
GCATTCCAGGAGTACC-1	B	13
GCATTCCAGGAGTAGA-1	Epithelial	7
GCATTCCCAAATGCTC-1	Myeloid	3
GCATTCCCAACGGGTA-1	Epithelial	2
GCATTCCCAACTCAAC-1	B	8
GCATTCCCAAGCGAAC-1	Epithelial	6
GCATTCCCAAGTTCGT-1	B	13
GCATTCCCACGGTTAT-1	Epithelial	14
GCATTCCCACGTACAT-1	Epithelial	12
GCATTCCCAGAACGAC-1	Epithelial	12
GCATTCCCATAGCCAT-1	Epithelial	18
GCATTCCCATGCACTA-1	B	4
GCATTCCCATGTGAGG-1	Epithelial	12
GCATTCCCATTGCGAT-1	Epithelial	17
GCATTCCGTAAGGTCG-1	B	8
GCATTCCGTACGTAGG-1	B	13
GCATTCCGTACTTCGA-1	Epithelial	18
GCATTCCGTATGAAGT-1	Epithelial	6
GCATTCCGTCAAGACG-1	Epithelial	15
GCATTCCGTGAATCGG-1	Epithelial	15
GCATTCCGTGTTAGAA-1	B	1
GCATTCCGTTCAGAAA-1	Epithelial	17
GCATTCCGTTTCACCC-1	Epithelial	6
GCATTCCTCAAGGCCC-1	Myeloid	3
GCATTCCTCATTCGGA-1	Epithelial	15
GCATTCCTCCGCCTAT-1	Epithelial	17
GCATTCCTCCGTGCAG-1	Myeloid	3
GCATTCCTCCTCCATG-1	Epithelial	0
GCATTCCTCGCGCTGA-1	Epithelial	2
GCATTCCTCGTGTGCG-1	Epithelial	12
GCATTCCTCTGAGTAC-1	T	11
GCATTCCTCTGAGTCA-1	B	8
GCATTGAAGATCTAAG-1	Myeloid	3
GCATTGAAGCCTGTAT-1	Myeloid	3
GCATTGAAGCGTCAAG-1	Epithelial	7
GCATTGAAGGGTATCG-1	T	11
GCATTGAAGTACAGAT-1	Epithelial	6
GCATTGAAGTAGAAGG-1	T	11
GCATTGAAGTCTGCTA-1	Epithelial	2
GCATTGAAGTGCTGAG-1	Epithelial	7
GCATTGACAACGCACC-1	T	11
GCATTGACAAGCGTCC-1	B	8
GCATTGACAGACTAAA-1	B	1
GCATTGACAGCGTGAA-1	B	8
GCATTGACATGGTTTG-1	T	11
GCATTGAGTAACCGAG-1	Epithelial	12
GCATTGAGTAATGCAA-1	B	4
GCATTGAGTACCGGCT-1	B	8
GCATTGAGTACTAGAA-1	Epithelial	10
GCATTGAGTAGTCCAT-1	Epithelial	10
GCATTGAGTATCACAC-1	Epithelial	18
GCATTGAGTGCAAGCA-1	B	8
GCATTGAGTGTCCAGC-1	Epithelial	18
GCATTGATCCATACCC-1	T	11
GCATTGATCGCGATGC-1	B	13
GCATTGATCGCTTCAC-1	Epithelial	6
GCATTGATCTCGTGAA-1	B	1
GCCAGACAGACGTCAG-1	Stromal	9
GCCAGACAGCAGGAGG-1	B	8
GCCAGACAGCTATCCA-1	Epithelial	2
GCCAGACAGGACCGAT-1	T	11
GCCAGACAGGTTGTTC-1	Epithelial	12
GCCAGACAGTAATCAG-1	B	8
GCCAGACAGTGATAAC-1	B	4
GCCAGACCAAGATGCG-1	Epithelial	0
GCCAGACCAAGTCTGT-1	Epithelial	12
GCCAGACCACATTCTT-1	Stromal	9
GCCAGACCACTCCCAT-1	Epithelial	18
GCCAGACCATAGACGG-1	Epithelial	15
GCCAGACCATCGTACA-1	B	8
GCCAGACCATGATCGT-1	B	8
GCCAGACGTAGTTTGC-1	Epithelial	2
GCCAGACGTGCAAGCA-1	Epithelial	10
GCCAGACGTTATCGAC-1	Epithelial	18
GCCAGACGTTCTTAGG-1	Epithelial	16
GCCAGACGTTTCTTAC-1	T	11
GCCAGACTCAACTTGG-1	B	13
GCCAGACTCCAACAAC-1	Epithelial	6
GCCAGACTCGTGAGTT-1	T	11
GCCAGACTCTCCCTTT-1	Epithelial	12
GCCAGCAAGAACAGGA-1	B	19
GCCAGCAAGACACTTC-1	Epithelial	6
GCCAGCAAGATATGAC-1	Stromal	9
GCCAGCAAGGAGGCGA-1	Epithelial	14
GCCAGCAAGGAGTACC-1	Epithelial	0
GCCAGCAAGGATGTCG-1	B	13
GCCAGCAAGGTAGGAA-1	Epithelial	7
GCCAGCAAGGTGATGC-1	Epithelial	0
GCCAGCAAGTCATCTG-1	Epithelial	15
GCCAGCAAGTTCAGGG-1	Epithelial	16
GCCAGCACACGCTAAT-1	Epithelial	0
GCCAGCACACTGATAC-1	B	4
GCCAGCACAGGCTACC-1	Epithelial	15
GCCAGCACATGGCCCA-1	Epithelial	7
GCCAGCAGTAGGGTCA-1	B	4
GCCAGCAGTCATAAGA-1	Stromal	5
GCCAGCAGTCATTGCA-1	B	1
GCCAGCAGTCTGGTTA-1	B	8
GCCAGCATCCAATAGC-1	B	13
GCCAGCATCCCACTAC-1	T	11
GCCAGCATCGACGGAA-1	Epithelial	2
GCCAGCATCGGAGTTT-1	Epithelial	18
GCCATAAAGAACCATA-1	Epithelial	6
GCCATAAAGCATGATA-1	B	13
GCCATAAAGCATTGGG-1	Epithelial	15
GCCATAAAGGGAGTTC-1	B	13
GCCATAAAGGTACTCT-1	Epithelial	12
GCCATAACAAAGACGC-1	Epithelial	10
GCCATAACAATGCATC-1	Epithelial	18
GCCATAACACTCGGAC-1	Epithelial	12
GCCATAACAGAAGTGC-1	Epithelial	12
GCCATAAGTCAAACAA-1	B	1
GCCATAAGTCAATCCA-1	B	1
GCCATAAGTCGGCTGT-1	Myeloid	3
GCCATAAGTGCACCCA-1	Epithelial	14
GCCATAAGTGCAGACA-1	B	19
GCCATAAGTGCCAAGA-1	T	11
GCCATAAGTGCGACCT-1	Epithelial	0
GCCATAAGTGGAGTGT-1	Epithelial	2
GCCATAATCCCAATGA-1	Epithelial	12
GCCATAATCCCAGCAG-1	Epithelial	18
GCCATAATCGCAAACT-1	B	8
GCCATAATCTGGCTAA-1	Epithelial	18
GCCCAGAAGGCCTCGT-1	Epithelial	18
GCCCAGAAGGTTCGTT-1	Epithelial	10
GCCCAGAAGGTTGTGG-1	B	1
GCCCAGAAGTTACCAC-1	B	4
GCCCAGAAGTTCGACT-1	B	1
GCCCAGACAACGTAGG-1	B	8
GCCCAGACACAGGTAG-1	Epithelial	14
GCCCAGACACTAGCCG-1	Myeloid	3
GCCCAGACAGCTGATT-1	B	1
GCCCAGACAGGTCCTG-1	B	4
GCCCAGAGTAATGCAA-1	Stromal	9
GCCCAGAGTAGATGAT-1	Epithelial	18
GCCCAGAGTAGATTAG-1	Myeloid	3
GCCCAGAGTCAGACGA-1	Epithelial	17
GCCCAGAGTCCCGAGT-1	Myeloid	3
GCCCAGAGTGAAACAT-1	Myeloid	3
GCCCAGAGTGATGTGG-1	Epithelial	2
GCCCAGAGTGCAAGCA-1	Epithelial	17
GCCCAGAGTTACGAAA-1	B	8
GCCCAGAGTTGTGACT-1	Epithelial	17
GCCCAGAGTTGTGAGG-1	Epithelial	6
GCCCAGATCCCAGCGA-1	Epithelial	10
GCCCAGATCCGCCTAT-1	Epithelial	10
GCCCAGATCCTTTGCG-1	B	8
GCCCAGATCGTGCTTC-1	Epithelial	12
GCCCAGATCTCCAACC-1	Epithelial	7
GCCCAGATCTGCCGAG-1	B	8
GCCCAGATCTGGAAGG-1	Epithelial	12
GCCCGAAAGACAACGC-1	B	1
GCCCGAAAGCTGAGGT-1	Epithelial	17
GCCCGAAAGGGCATTG-1	Epithelial	18
GCCCGAAAGTGAAACT-1	Epithelial	16
GCCCGAAAGTTACACC-1	Epithelial	7
GCCCGAACAAATTCCG-1	Epithelial	15
GCCCGAACAACTCCCT-1	Epithelial	10
GCCCGAACAATACTGC-1	Epithelial	12
GCCCGAACACGCGTTG-1	Epithelial	16
GCCCGAACACTTGCGG-1	Epithelial	7
GCCCGAACAGCGTCGT-1	B	4
GCCCGAACAGTAACGG-1	Epithelial	15
GCCCGAACATGATTGC-1	Epithelial	17
GCCCGAACATGGTTTG-1	B	1
GCCCGAAGTACGAGAC-1	Epithelial	6
GCCCGAAGTATTCTGG-1	B	1
GCCCGAAGTCCAAGTT-1	B	8
GCCCGAAGTCTGTGTA-1	B	4
GCCCGAAGTGACAAGC-1	Epithelial	7
GCCCGAAGTTAGTAGA-1	T	11
GCCCGAAGTTGCAGCC-1	B	1
GCCCGAATCACTAGCA-1	Epithelial	0
GCCCGAATCAGCCGGT-1	B	4
GCCCGAATCATGTTCT-1	B	4
GCCCGAATCGGCAATT-1	Epithelial	12
GCCCGAATCGGTCTAA-1	Epithelial	15
GCCCGAATCGGTTGTA-1	B	1
GCCCGAATCGTGAACT-1	Epithelial	10
GCCTACTAGGCATGCA-1	B	8
GCCTACTAGGCCAATG-1	B	1
GCCTACTAGGGTTCTT-1	Epithelial	2
GCCTACTAGGTTAGTA-1	B	1
GCCTACTAGTGTAATG-1	B	13
GCCTACTAGTTTACGC-1	B	13
GCCTACTCAAGGACCA-1	B	1
GCCTACTCAATGGTCT-1	Epithelial	6
GCCTACTCACGCTGTG-1	T	11
GCCTACTCAGGTGTGA-1	Epithelial	14
GCCTACTCATCGCCTT-1	B	19
GCCTACTCATGGATGG-1	Myeloid	3
GCCTACTGTCAGTGTT-1	B	13
GCCTACTGTCATGAGG-1	Epithelial	10
GCCTACTGTCGGCTGT-1	B	4
GCCTACTGTCGTCGCA-1	Epithelial	10
GCCTACTGTCTAAGAA-1	Epithelial	7
GCCTACTGTCTGGTTA-1	B	13
GCCTACTGTGGCCTTG-1	B	8
GCCTACTGTTAGAGAT-1	B	1
GCCTACTGTTGGGAAC-1	Epithelial	2
GCCTACTTCACGATTG-1	B	1
GCCTACTTCCCGAAGC-1	Epithelial	17
GCCTACTTCGCTATAG-1	T	11
GCCTACTTCTTAATCC-1	Myeloid	3
GCCTACTTCTTCATAC-1	B	1
GCCTAGGAGAGCCTGA-1	Epithelial	10
GCCTAGGAGGTTAACA-1	Epithelial	16
GCCTAGGAGTAGCAAT-1	Epithelial	15
GCCTAGGCAAAGCATA-1	Epithelial	6
GCCTAGGCAACGGACA-1	B	1
GCCTAGGCAATAGTGA-1	B	8
GCCTAGGCAATGACTC-1	Epithelial	6
GCCTAGGCAATGGTAA-1	Epithelial	18
GCCTAGGCACTTACAG-1	Epithelial	10
GCCTAGGCATCGACGC-1	Epithelial	2
GCCTAGGCATTATGGC-1	B	4
GCCTAGGGTAAACCCT-1	Epithelial	14
GCCTAGGGTACGCAAG-1	B	1
GCCTAGGGTACGTATC-1	B	13
GCCTAGGGTATTCACG-1	Epithelial	12
GCCTAGGGTCGCGCTA-1	Epithelial	10
GCCTAGGGTGGACCAA-1	B	4
GCCTAGGTCCAGGCCA-1	B	8
GCCTAGGTCCATTGAG-1	Epithelial	12
GCCTAGGTCGCAAGCC-1	Myeloid	3
GCCTAGGTCTGGAAGG-1	Epithelial	7
GCGAGAAAGAGGTGGG-1	Epithelial	15
GCGAGAAAGATAGGTT-1	Epithelial	15
GCGAGAAAGCGTGTTT-1	Epithelial	15
GCGAGAAAGGATCCTT-1	B	8
GCGAGAAAGGCTTCGC-1	T	11
GCGAGAAAGGGCATTG-1	B	8
GCGAGAAAGTAGTCGG-1	Epithelial	15
GCGAGAACAACAACTC-1	Epithelial	0
GCGAGAACAACGCACC-1	B	1
GCGAGAACAAGGCTTT-1	T	11
GCGAGAACAATGAAAC-1	Epithelial	17
GCGAGAACAGGGTAAC-1	Epithelial	18
GCGAGAAGTAAACGAT-1	Stromal	5
GCGAGAAGTAACTGAA-1	B	8
GCGAGAAGTCACAGGA-1	Myeloid	3
GCGAGAAGTGCTTTGA-1	Epithelial	6
GCGAGAATCAAGGCAG-1	Epithelial	17
GCGAGAATCAAGGCCC-1	Epithelial	0
GCGAGAATCACCACAA-1	B	1
GCGAGAATCCAATAGC-1	Epithelial	18
GCGAGAATCCAGAGAG-1	Epithelial	6
GCGAGAATCGACTCGG-1	Epithelial	6
GCGAGAATCGCACCTT-1	B	8
GCGAGAATCTATCTCA-1	B	1
GCGAGTCAGAGAAGCA-1	B	1
GCGAGTCAGAGGAAGT-1	Epithelial	18
GCGAGTCAGCATACCT-1	B	13
GCGAGTCAGCCATCAT-1	B	13
GCGAGTCAGCTTCAAC-1	Epithelial	12
GCGAGTCAGGCAGATC-1	Epithelial	2
GCGAGTCAGTACAGTA-1	B	8
GCGAGTCAGTCCTTCC-1	Epithelial	7
GCGAGTCAGTCTCTAG-1	Epithelial	2
GCGAGTCCAAAGACGC-1	Epithelial	2
GCGAGTCCAAATGTCC-1	Epithelial	10
GCGAGTCCACAAGGGT-1	Epithelial	14
GCGAGTCCACTCGGAC-1	B	8
GCGAGTCCAGCGTGAA-1	Epithelial	17
GCGAGTCCAGGTTATC-1	Epithelial	7
GCGAGTCCATTTCTTG-1	B	1
GCGAGTCGTAACATAG-1	B	4
GCGAGTCGTAGACACG-1	B	13
GCGAGTCGTCAAACAA-1	B	1
GCGAGTCGTCCAGACC-1	B	1
GCGAGTCGTCCTTATT-1	Epithelial	10
GCGAGTCGTCGATAGG-1	B	1
GCGAGTCGTGTGTGTT-1	T	11
GCGAGTCGTTATGCAC-1	T	11
GCGAGTCGTTCCCAAA-1	B	1
GCGAGTCTCATTCGGA-1	Epithelial	2
GCGAGTCTCTCTTCCT-1	B	1
GCGAGTCTCTGGCACG-1	B	1
GCGAGTCTCTGGTACA-1	T	11
GCGATCGAGAACAGGA-1	B	1
GCGATCGAGAACTCCT-1	B	4
GCGATCGAGAGTTCGG-1	Epithelial	18
GCGATCGAGAGTTTGA-1	Epithelial	12
GCGATCGAGATATGAC-1	B	13
GCGATCGAGGCAATTA-1	Epithelial	0
GCGATCGCAAGTGGCA-1	Epithelial	15
GCGATCGCAGTATACC-1	B	1
GCGATCGCAGTTAAAG-1	B	8
GCGATCGCATTGTTCT-1	T	11
GCGATCGGTACAAATG-1	B	1
GCGATCGGTGCTTGAT-1	B	1
GCGATCGGTGTTGTTG-1	T	11
GCGATCGTCACATCCC-1	Epithelial	14
GCGATCGTCACGTCAA-1	Epithelial	6
GCGATCGTCATACTTC-1	Epithelial	12
GCGATCGTCGAGGTCC-1	Epithelial	7
GCGATCGTCGCAGATT-1	Epithelial	0
GCGATTAAGAGCCACA-1	Epithelial	18
GCGATTAAGCCCATGC-1	Epithelial	12
GCGATTAAGGCTTCGC-1	B	1
GCGATTAAGTTCAAGA-1	B	8
GCGATTACAACGCAAG-1	Epithelial	7
GCGATTACAAGACACG-1	B	13
GCGATTACAAGACTAA-1	Epithelial	7
GCGATTACAAGGTCGA-1	T	11
GCGATTACACACACAT-1	B	8
GCGATTAGTAATGCCT-1	Epithelial	17
GCGATTAGTACTAGAA-1	B	13
GCGATTAGTAGCCATT-1	Epithelial	17
GCGATTAGTAGCGTTT-1	B	13
GCGATTAGTAGGTGAC-1	Epithelial	18
GCGATTAGTGGAAAGA-1	Stromal	5
GCGATTAGTTGGCTTA-1	B	13
GCGATTATCAGTCTTT-1	B	13
GCGATTATCCATACCC-1	Epithelial	7
GCGATTATCCCAATAG-1	B	13
GCGATTATCCGATGCG-1	B	13
GCGATTATCCTATCCG-1	Epithelial	17
GCGATTATCGGTACTA-1	T	11
GCGATTATCTCTGAGA-1	Epithelial	10
GCGATTATCTCTGCGT-1	Epithelial	18
GCGATTATCTCTTCTC-1	Stromal	5
GCGCATGAGACACTTC-1	Epithelial	7
GCGCATGAGACTAGCG-1	B	13
GCGCATGAGATCGATA-1	Epithelial	15
GCGCATGAGCTGCCAC-1	Epithelial	6
GCGCATGAGGCACCTC-1	Epithelial	7
GCGCATGAGGGAAATG-1	Epithelial	17
GCGCATGAGTCAGCCC-1	B	4
GCGCATGAGTGCAACG-1	Epithelial	18
GCGCATGCAAACCGAG-1	Epithelial	17
GCGCATGCACAGGTAG-1	B	8
GCGCATGCAGCAGGTA-1	B	1
GCGCATGCATTTGGCA-1	B	13
GCGCATGTCAGTCTTT-1	Epithelial	10
GCGCATGTCCAACAAC-1	T	11
GCGCATGTCCCACGGA-1	Epithelial	0
GCGCATGTCCCTAAAG-1	Epithelial	6
GCGCATGTCCCTACCA-1	T	11
GCGCATGTCCTCCCAA-1	B	8
GCGCATGTCGCAACTA-1	Epithelial	12
GCGCATGTCGGGCTCA-1	Epithelial	6
GCGCATGTCGTCCCTA-1	B	8
GCGCATGTCTCCCTTT-1	B	13
GCGCCAAAGACCCTAT-1	B	13
GCGCCAAAGAGAAGCA-1	B	13
GCGCCAAAGAGCTACG-1	B	1
GCGCCAAAGATGCGCA-1	Myeloid	3
GCGCCAAAGGTTGTGG-1	Epithelial	2
GCGCCAAAGTAACTCC-1	T	11
GCGCCAAAGTACTCTG-1	Epithelial	12
GCGCCAAAGTTAGCGG-1	Myeloid	3
GCGCCAACAAGACTTC-1	Epithelial	15
GCGCCAACAATGGCAG-1	B	1
GCGCCAACACTGCTTC-1	Epithelial	10
GCGCCAACAGGTTATC-1	Epithelial	12
GCGCCAACAGTAACCT-1	Epithelial	0
GCGCCAACATAGCCGC-1	Epithelial	0
GCGCCAACATGCCCTT-1	Epithelial	10
GCGCCAACATTAACGC-1	Epithelial	12
GCGCCAAGTAACATAG-1	Epithelial	0
GCGCCAAGTAGATGAT-1	Epithelial	12
GCGCCAAGTATCCTTT-1	Stromal	9
GCGCCAAGTCTAAAGA-1	Stromal	5
GCGCCAAGTGGAAAGA-1	B	1
GCGCCAATCACTGATG-1	B	8
GCGCCAATCACTGGTA-1	B	8
GCGCCAATCGCTCTAC-1	Epithelial	10
GCGGAAAAGACACGGT-1	B	13
GCGGAAAAGAGATTAC-1	Myeloid	3
GCGGAAAAGCCCATTA-1	Epithelial	12
GCGGAAAAGCCTTTGA-1	B	13
GCGGAAAAGGGTATCG-1	Epithelial	10
GCGGAAAAGTAATGTG-1	Epithelial	2
GCGGAAAAGTCAACTC-1	Epithelial	18
GCGGAAACAACGTCGC-1	B	1
GCGGAAACAATGTGCT-1	Epithelial	6
GCGGAAACACACACAT-1	Epithelial	10
GCGGAAACACAGGTAG-1	B	13
GCGGAAACACCGAATT-1	Epithelial	7
GCGGAAACAGAATGCG-1	B	1
GCGGAAACAGCAACAG-1	Epithelial	6
GCGGAAACAGGTCCTG-1	T	11
GCGGAAACATAGATAG-1	Epithelial	2
GCGGAAACATGGCCGT-1	B	1
GCGGAAACATTGTGAC-1	Epithelial	7
GCGGAAAGTCATCAAC-1	B	1
GCGGAAAGTCTGGTTA-1	Epithelial	0
GCGGAAAGTGCATTCA-1	Epithelial	17
GCGGAAAGTGCTGGCT-1	B	1
GCGGAAAGTGTCGTGC-1	Epithelial	18
GCGGAAAGTTATAGAG-1	Epithelial	10
GCGGAAATCAGCCGGT-1	B	4
GCGGAAATCCCTAAAG-1	Epithelial	17
GCGGAAATCGATGCAT-1	Epithelial	12
GCGGAAATCGATGTAC-1	B	8
GCGGAAATCTGTCGGG-1	Epithelial	17
GCGGGTTAGACTAGCG-1	B	13
GCGGGTTAGCTACGCC-1	T	11
GCGGGTTAGTAGTTCC-1	T	11
GCGGGTTAGTTCGTTG-1	Epithelial	6
GCGGGTTCAAACCCTA-1	Epithelial	10
GCGGGTTCAACGCAAG-1	Epithelial	7
GCGGGTTCACAACGGA-1	Epithelial	10
GCGGGTTCACTGTCAA-1	Epithelial	7
GCGGGTTCACTTGCGG-1	Epithelial	2
GCGGGTTCAGGTCCTG-1	B	1
GCGGGTTCATGGTAAA-1	T	11
GCGGGTTGTAACACTC-1	Epithelial	15
GCGGGTTGTAACGGAC-1	Epithelial	17
GCGGGTTGTATACGCT-1	Epithelial	6
GCGGGTTGTGCGTTTA-1	B	1
GCGGGTTGTGTGCGTC-1	Epithelial	0
GCGGGTTGTTAGGAGC-1	T	11
GCGGGTTGTTCCAGTA-1	Epithelial	6
GCGGGTTGTTGAATAG-1	B	4
GCGGGTTGTTTCTTAC-1	Epithelial	2
GCGGGTTTCAGTGTGT-1	Epithelial	2
GCGGGTTTCCATGTTT-1	Epithelial	0
GCGGGTTTCGGCATAT-1	Epithelial	15
GCGGGTTTCGGTCGAC-1	B	8
GCGGGTTTCGTGGAAG-1	Epithelial	2
GCGGGTTTCGTTCCGT-1	Myeloid	3
GCGGGTTTCTATCCTA-1	Epithelial	2
GCGGTGTAGACCAATA-1	Epithelial	18
GCGGTGTAGATCGATA-1	Epithelial	12
GCGGTGTAGCGGACAT-1	Epithelial	0
GCGGTGTAGTAGCAAT-1	B	4
GCGGTGTAGTCGTACT-1	Epithelial	16
GCGGTGTAGTGAAACT-1	Epithelial	17
GCGGTGTAGTGCACAG-1	Epithelial	10
GCGGTGTCAAAGCATA-1	Epithelial	14
GCGGTGTCACGTTGTA-1	Stromal	9
GCGGTGTCAGGGTACA-1	Myeloid	3
GCGGTGTCAGGTAACG-1	B	13
GCGGTGTCATTCTCGC-1	B	4
GCGGTGTGTCATAGCT-1	Epithelial	10
GCGGTGTGTCTCAAAC-1	Epithelial	15
GCGGTGTGTGTAGGAC-1	Epithelial	0
GCGGTGTGTTTGCGAT-1	Epithelial	7
GCGGTGTGTTTGTACG-1	B	8
GCGGTGTTCACTAGGT-1	B	4
GCGGTGTTCCAGGCCA-1	B	4
GCGGTGTTCCGTGCAG-1	Epithelial	10
GCGGTGTTCGAACACT-1	B	13
GCGGTGTTCGAACCGC-1	B	1
GCGGTGTTCGGTTGTA-1	B	13
GCGGTGTTCGTCTTAT-1	Epithelial	16
GCGGTGTTCTACTGCC-1	B	4
GCGTAGCAGAAATGGG-1	Epithelial	17
GCGTAGCAGGCCTCTG-1	Epithelial	14
GCGTAGCAGTCGATAA-1	Epithelial	2
GCGTAGCAGTGCAACG-1	Epithelial	12
GCGTAGCCAACGCACC-1	Epithelial	15
GCGTAGCCAATTGCCA-1	Epithelial	2
GCGTAGCCACCTGAAT-1	B	8
GCGTAGCCACGCCGAT-1	Epithelial	2
GCGTAGCCATACCCGG-1	B	1
GCGTAGCCATCCCGGA-1	Epithelial	10
GCGTAGCGTAAGTCTC-1	B	19
GCGTAGCGTATGGTTC-1	Epithelial	0
GCGTAGCGTGATTCCA-1	Epithelial	2
GCGTAGCGTGCTGGCT-1	Epithelial	7
GCGTAGCGTGGATTCT-1	Epithelial	16
GCGTAGCTCAGCCGGT-1	Epithelial	6
GCGTAGCTCCAAACCA-1	Epithelial	18
GCGTAGCTCCATTGTT-1	Stromal	9
GCGTTGGAGAACCCGA-1	Epithelial	0
GCGTTGGAGCCAGAAC-1	Epithelial	14
GCGTTGGAGCCATGGA-1	Epithelial	10
GCGTTGGAGCTCCATA-1	Epithelial	7
GCGTTGGAGGCAGATC-1	B	13
GCGTTGGAGGCCAGTA-1	B	13
GCGTTGGAGGTTACAA-1	B	8
GCGTTGGAGTATCTGC-1	Epithelial	7
GCGTTGGCAAACGACG-1	Epithelial	2
GCGTTGGCAAGCAGGT-1	B	1
GCGTTGGCACAACGGA-1	Epithelial	6
GCGTTGGCAGAACGAC-1	Epithelial	7
GCGTTGGCAGAAGTGC-1	Epithelial	2
GCGTTGGCAGTAGTCT-1	B	1
GCGTTGGGTAACCGAG-1	Epithelial	15
GCGTTGGGTACGGTTT-1	Stromal	5
GCGTTGGGTATTCACG-1	B	8
GCGTTGGGTGGCCTCA-1	Epithelial	10
GCGTTGGGTTCCAGTA-1	B	8
GCGTTGGTCAGGGTTT-1	Epithelial	12
GCTCACTAGATGAGGA-1	Epithelial	0
GCTCACTAGCAGAATT-1	T	11
GCTCACTAGCGAGAAA-1	B	8
GCTCACTAGCTGATTC-1	Epithelial	18
GCTCACTAGGCGTAGT-1	T	11
GCTCACTAGGCTGGAT-1	B	13
GCTCACTAGGTCGTTT-1	Epithelial	12
GCTCACTAGTTCCCGG-1	B	4
GCTCACTCAATCACTG-1	Epithelial	7
GCTCACTCAGCAACCC-1	Epithelial	15
GCTCACTCAGGTGGTA-1	Myeloid	3
GCTCACTCAGGTTATC-1	B	8
GCTCACTCATACAACC-1	Epithelial	6
GCTCACTCATATACGC-1	B	13
GCTCACTCATGTGGGA-1	T	11
GCTCACTGTAGGTGAC-1	Myeloid	3
GCTCACTTCACTGGTA-1	B	4
GCTCACTTCAGATACC-1	Epithelial	14
GCTCACTTCCAGGTCG-1	B	1
GCTCACTTCCATGTTT-1	B	1
GCTCACTTCCCAGTAA-1	Epithelial	17
GCTCACTTCCGCTCTA-1	Epithelial	0
GCTCACTTCGCAACTA-1	B	13
GCTCACTTCGCGTTCT-1	Epithelial	10
GCTCACTTCGCTAGTA-1	Epithelial	12
GCTCACTTCGGACGAA-1	Epithelial	2
GCTCACTTCGGTCGAC-1	Epithelial	15
GCTCACTTCTGATCTT-1	B	1
GCTCACTTCTGGACAT-1	B	4
GCTCACTTCTTACCTA-1	B	1
GCTCACTTCTTATCAC-1	B	4
GCTCAGGAGAACGACC-1	B	13
GCTCAGGAGCGCCTAC-1	B	4
GCTCAGGAGGGCGAAG-1	B	1
GCTCAGGAGTACCTCA-1	B	13
GCTCAGGAGTCGTACT-1	B	1
GCTCAGGAGTGAATAC-1	B	8
GCTCAGGCAAGAGCGT-1	Epithelial	15
GCTCAGGCACAGTAGG-1	Epithelial	6
GCTCAGGCACTAGCCG-1	B	13
GCTCAGGCAGTATACC-1	Stromal	5
GCTCAGGCATACTGCA-1	Myeloid	3
GCTCAGGCATGTGGGA-1	Epithelial	0
GCTCAGGGTACAACGG-1	Epithelial	16
GCTCAGGGTACGGAGT-1	B	4
GCTCAGGGTCGCTACG-1	Epithelial	12
GCTCAGGGTCGTAGTT-1	B	4
GCTCAGGGTCTCGGGT-1	B	1
GCTCAGGGTGGCCTTG-1	T	11
GCTCAGGGTGTGCTTA-1	Epithelial	14
GCTCAGGGTTTCGATG-1	Epithelial	10
GCTCAGGTCGTCAACA-1	B	8
GCTCAGGTCTCGTGAA-1	Epithelial	2
GCTCAGGTCTCTGCGT-1	Epithelial	10
GCTCAGGTCTTATCAC-1	B	1
GCTCCTAAGAGCTCCC-1	B	1
GCTCCTAAGCGGACTA-1	B	19
GCTCCTAAGGATTAAC-1	Myeloid	3
GCTCCTAAGGGATCCA-1	Myeloid	3
GCTCCTAAGGTTCTCA-1	Epithelial	15
GCTCCTAAGTAGTCGG-1	Epithelial	17
GCTCCTAAGTGAACCG-1	Epithelial	10
GCTCCTAAGTTGGAAT-1	B	8
GCTCCTACAACGTACT-1	B	1
GCTCCTACAACTCCCT-1	Epithelial	18
GCTCCTACAAGCCTTA-1	Epithelial	0
GCTCCTACAGGCATCC-1	Epithelial	14
GCTCCTACAGGCTACC-1	B	19
GCTCCTACATATACGC-1	B	19
GCTCCTACATCGTGAT-1	Epithelial	14
GCTCCTAGTAACGGAC-1	B	8
GCTCCTAGTACAACGG-1	Epithelial	10
GCTCCTAGTATCGCGC-1	Myeloid	3
GCTCCTAGTCGATAGG-1	Epithelial	12
GCTCCTAGTGACCAGA-1	Epithelial	0
GCTCCTATCAGGCGCT-1	B	1
GCTCCTATCCGAGGAA-1	Epithelial	0
GCTCCTATCGTTGTAG-1	T	11
GCTCCTATCTAGCAAC-1	T	11
GCTCCTATCTAGCAGT-1	B	1
GCTCCTATCTCTGACC-1	B	1
GCTCGAGAGAAAGCAG-1	Epithelial	12
GCTCGAGAGAACGCCA-1	B	13
GCTCGAGAGAGGTACC-1	Epithelial	2
GCTCGAGAGCCTGTAT-1	B	1
GCTCGAGAGGAAGACA-1	B	13
GCTCGAGAGGCAAGCT-1	Stromal	5
GCTCGAGAGGCAGTAC-1	Epithelial	10
GCTCGAGAGTCCCGCA-1	B	1
GCTCGAGAGTGTCGCC-1	Epithelial	12
GCTCGAGCAAGCGAAC-1	Myeloid	3
GCTCGAGCAATCACTG-1	B	1
GCTCGAGCAATGACTC-1	Epithelial	12
GCTCGAGCAGGCAAGT-1	Epithelial	2
GCTCGAGCAGTTGCAT-1	B	13
GCTCGAGGTAATGTGA-1	B	1
GCTCGAGGTAGATTAG-1	Epithelial	10
GCTCGAGGTAGGTCTT-1	B	13
GCTCGAGGTCAAATCC-1	B	8
GCTCGAGGTGGATTTC-1	B	8
GCTCGAGGTTACGAAA-1	B	13
GCTCGAGTCAACGTGT-1	B	8
GCTCGAGTCCATGTTT-1	Stromal	9
GCTCGAGTCCCGCAAG-1	Epithelial	18
GCTCGAGTCCGTGCAG-1	Epithelial	7
GCTCGAGTCGCGCCAA-1	Epithelial	7
GCTGAGCAGGCTTTAC-1	B	1
GCTGAGCAGGGTTCTT-1	Epithelial	2
GCTGAGCAGTCAACTC-1	Epithelial	12
GCTGAGCCAAAGACGC-1	B	1
GCTGAGCCAACCTCCT-1	B	8
GCTGAGCCAAGCCTTA-1	B	1
GCTGAGCCAAGGATGC-1	B	1
GCTGAGCCAAGTTGCT-1	Epithelial	6
GCTGAGCCAGCTATAC-1	Epithelial	2
GCTGAGCCAGGCACAA-1	Epithelial	18
GCTGAGCCATGGTAAA-1	Epithelial	2
GCTGAGCCATTGTGAC-1	B	4
GCTGAGCGTACGAGAC-1	B	4
GCTGAGCGTACTAGAA-1	B	8
GCTGAGCGTCCACCAG-1	Epithelial	7
GCTGAGCGTGGATTTC-1	Myeloid	3
GCTGAGCGTTGAATAG-1	B	8
GCTGAGCGTTTAAGCC-1	Epithelial	6
GCTGAGCTCAGAATGA-1	B	13
GCTGAGCTCCAACAAC-1	Epithelial	14
GCTGAGCTCCCATAGA-1	Epithelial	2
GCTGAGCTCGAGAACG-1	Epithelial	12
GCTGAGCTCGTTTGAG-1	Epithelial	0
GCTGAGCTCTATCTTG-1	Epithelial	2
GCTGAGCTCTCATATC-1	Stromal	5
GCTGCGAAGACTCGGA-1	B	8
GCTGCGAAGAGGCAGG-1	Epithelial	10
GCTGCGAAGAGGCCTA-1	Epithelial	15
GCTGCGAAGCCTCGCA-1	Epithelial	14
GCTGCGAAGCGCACAA-1	Epithelial	6
GCTGCGAAGGTACATA-1	B	1
GCTGCGAAGTGTTCCA-1	Epithelial	15
GCTGCGACAAAGAAGG-1	Epithelial	18
GCTGCGACAAAGGAAG-1	B	1
GCTGCGACAATGGCAG-1	B	8
GCTGCGAGTAAACGAT-1	Epithelial	12
GCTGCGAGTGTCGTCG-1	Epithelial	7
GCTGCGAGTTAAGTCC-1	Epithelial	17
GCTGCGAGTTTCCGGG-1	Epithelial	12
GCTGCGATCGGTCCGA-1	B	1
GCTGCGATCTCTCAAT-1	B	1
GCTGTTCAGAGGTACC-1	Epithelial	0
GCTGTTCAGAGTAAGG-1	B	13
GCTGTTCAGATCACCT-1	B	13
GCTGTTCAGATGCGCA-1	Epithelial	12
GCTGTTCAGGAAGACA-1	Epithelial	0
GCTGTTCAGGGAAATG-1	Myeloid	3
GCTGTTCAGGGTCTGA-1	Epithelial	10
GCTGTTCAGTGAGCAC-1	Epithelial	10
GCTGTTCAGTGAGTGC-1	Epithelial	0
GCTGTTCCAGAACGAC-1	Epithelial	10
GCTGTTCCAGATAAGT-1	B	8
GCTGTTCCATAGACGG-1	Epithelial	2
GCTGTTCCATCGAGTT-1	B	1
GCTGTTCCATCGTGAT-1	Epithelial	17
GCTGTTCGTAAACGAT-1	Epithelial	2
GCTGTTCGTAGCGGTA-1	Epithelial	12
GCTGTTCGTATCATGC-1	Epithelial	2
GCTGTTCGTATTCTTC-1	B	13
GCTGTTCGTCCCTTTG-1	Epithelial	17
GCTGTTCGTTCCAATG-1	Epithelial	18
GCTGTTCGTTTCGACA-1	Epithelial	12
GCTGTTCTCAGAACGG-1	B	1
GCTGTTCTCCTCCAGT-1	Epithelial	10
GCTGTTCTCGAGGTAG-1	T	11
GCTGTTCTCGCACCGA-1	B	13
GCTGTTCTCGCCGAAC-1	B	4
GCTGTTCTCGCGGCAT-1	Epithelial	2
GCTGTTCTCGTGAACT-1	B	13
GCTGTTCTCTCGTAGA-1	Myeloid	3
GCTGTTCTCTGAACGT-1	B	19
GCTGTTCTCTGGCTAA-1	Epithelial	10
GCTTAAGAGACTTGAA-1	Stromal	9
GCTTAAGAGAGAGTAG-1	Epithelial	17
GCTTAAGAGAGGCAGG-1	Epithelial	6
GCTTAAGAGCGCATTT-1	Epithelial	12
GCTTAAGAGGTAGGAA-1	B	1
GCTTAAGAGTACCCAT-1	Stromal	9
GCTTAAGAGTAGAAGG-1	Epithelial	10
GCTTAAGAGTTACCAC-1	Epithelial	7
GCTTAAGCAAACCTAC-1	B	1
GCTTAAGCAATTCAGC-1	T	11
GCTTAAGCACACTAGT-1	Epithelial	16
GCTTAAGCACAGTTCA-1	B	8
GCTTAAGCACCAAGGA-1	Epithelial	6
GCTTAAGCACTGCTCT-1	Epithelial	17
GCTTAAGCAGATACAA-1	Epithelial	15
GCTTAAGGTCATCGTA-1	B	8
GCTTAAGGTCCGAGCT-1	B	4
GCTTAAGGTCCGTAGC-1	Epithelial	10
GCTTAAGGTCTGATTG-1	Epithelial	14
GCTTAAGGTCTGGTCG-1	Epithelial	0
GCTTAAGGTTCTTTCA-1	Epithelial	7
GCTTAAGGTTGGACGA-1	Epithelial	12
GCTTAAGTCCTGGGAC-1	B	8
GCTTGCTAGATTGACA-1	Epithelial	18
GCTTGCTAGGGAGATA-1	B	8
GCTTGCTAGGTACTCT-1	Epithelial	12
GCTTGCTAGTCCTTCC-1	Epithelial	16
GCTTGCTCAACGTCGC-1	Epithelial	0
GCTTGCTCACCAAGGA-1	Epithelial	12
GCTTGCTCACCTGGTG-1	Epithelial	7
GCTTGCTCATAGATAG-1	Epithelial	17
GCTTGCTCATAGCAGG-1	Stromal	9
GCTTGCTCATCCCTTG-1	Epithelial	7
GCTTGCTCATGATTGC-1	Epithelial	0
GCTTGCTCATGGTATC-1	Epithelial	2
GCTTGCTGTAGACACG-1	Epithelial	15
GCTTGCTGTAGTTTGC-1	Epithelial	18
GCTTGCTGTCACATTG-1	T	11
GCTTGCTGTGCAGACA-1	Epithelial	15
GCTTGCTGTGCTGTCG-1	Epithelial	15
GCTTGCTTCAAACCCA-1	Epithelial	7
GCTTGCTTCAGATACC-1	B	1
GCTTGCTTCCGCCTAT-1	B	8
GCTTGCTTCTGATCCC-1	B	1
GCTTTCGAGAGTGGTC-1	Epithelial	18
GCTTTCGAGGGTTCTT-1	Epithelial	6
GCTTTCGAGGTCTTGT-1	Epithelial	14
GCTTTCGAGTACCTCA-1	Epithelial	14
GCTTTCGAGTCCTTCC-1	Epithelial	15
GCTTTCGAGTGATAAC-1	B	1
GCTTTCGCACAAACAA-1	B	1
GCTTTCGCACTAGCCG-1	Epithelial	15
GCTTTCGCAGCGCGTT-1	T	11
GCTTTCGCAGGCAAGT-1	Stromal	9
GCTTTCGCAGGCATTT-1	Epithelial	17
GCTTTCGCAGGTAGCA-1	Epithelial	7
GCTTTCGCAGTATACC-1	Epithelial	2
GCTTTCGCAGTTAAAG-1	Epithelial	6
GCTTTCGCATCATCGA-1	Epithelial	7
GCTTTCGGTAGACGCA-1	B	8
GCTTTCGGTAGCGAGT-1	Epithelial	16
GCTTTCGGTATACGCT-1	Epithelial	2
GCTTTCGGTATTTGCG-1	Epithelial	10
GCTTTCGGTCAAATCC-1	Epithelial	2
GCTTTCGGTCAAGACG-1	B	19
GCTTTCGGTCTGGTCG-1	B	1
GCTTTCGGTGATAAGT-1	T	11
GCTTTCGTCCGATGCG-1	Epithelial	15
GCTTTCGTCCTAAGTG-1	Epithelial	18
GCTTTCGTCGATGAAA-1	B	8
GCTTTCGTCGCGCTGA-1	Epithelial	7
GCTTTCGTCGTATAGC-1	B	1
GCTTTCGTCGTCCCTA-1	B	8
GCTTTCGTCGTGGAAG-1	B	4
GCTTTCGTCTCGGCGA-1	B	8
GGAACCCAGACAACGC-1	T	11
GGAACCCAGAGCACTG-1	Epithelial	14
GGAACCCAGAGCGAAA-1	B	8
GGAACCCAGTCTCCAA-1	B	8
GGAACCCAGTGAGTGC-1	Epithelial	16
GGAACCCAGTTTGGAA-1	Epithelial	2
GGAACCCCAAGGTTCT-1	Epithelial	17
GGAACCCCAATGTGCT-1	Epithelial	10
GGAACCCCACCAAGGA-1	Myeloid	3
GGAACCCCACCTGAAT-1	Epithelial	10
GGAACCCCAGCGTACC-1	B	4
GGAACCCCATAGAATG-1	B	13
GGAACCCCATCATAGC-1	Epithelial	6
GGAACCCCATGCGACC-1	B	8
GGAACCCCATGTGAGG-1	T	11
GGAACCCCATTTGGTG-1	Epithelial	17
GGAACCCGTACGGAGT-1	Epithelial	10
GGAACCCGTACTTCAG-1	Epithelial	0
GGAACCCGTAGCTGTT-1	Epithelial	16
GGAACCCGTCAGCAAG-1	B	1
GGAACCCGTGCATTCA-1	Stromal	5
GGAACCCGTGTTAGAA-1	Myeloid	3
GGAACCCTCATTGCCC-1	Epithelial	6
GGAACCCTCCAATAGC-1	B	4
GGAACCCTCCATCATT-1	Epithelial	10
GGAACCCTCCATGACA-1	Epithelial	14
GGAACCCTCCATGTTT-1	Myeloid	3
GGAACCCTCGACCCGA-1	Stromal	5
GGAACCCTCGAGTTAC-1	Epithelial	7
GGAACCCTCGGCATAT-1	B	1
GGAACCCTCGTTGTTT-1	B	8
GGAACCCTCTGAAAGA-1	Epithelial	10
GGAACTTAGAACCCGA-1	B	13
GGAACTTAGCCGCAAA-1	Epithelial	12
GGAACTTAGGTTCGAG-1	Epithelial	0
GGAACTTAGTCGTGAG-1	Myeloid	3
GGAACTTAGTGCTGAG-1	B	1
GGAACTTCAACACGGA-1	T	11
GGAACTTCAGTATCTG-1	T	11
GGAACTTCAGTTGGAG-1	B	13
GGAACTTCATCCATAG-1	Stromal	5
GGAACTTCATGGATGG-1	B	8
GGAACTTGTACGTAGG-1	B	8
GGAACTTGTAGCTGTT-1	B	1
GGAACTTGTAGGGTCA-1	B	1
GGAACTTGTATCTAGC-1	Epithelial	6
GGAACTTGTCAAGACG-1	B	8
GGAACTTGTCATAGAA-1	Epithelial	12
GGAACTTGTCTCAAAC-1	Epithelial	17
GGAACTTGTGCCCAGT-1	Epithelial	7
GGAACTTGTTTCCACC-1	Epithelial	0
GGAACTTGTTTGTACG-1	B	1
GGAACTTTCACGTGTA-1	Epithelial	7
GGAACTTTCAGCCGGT-1	Epithelial	0
GGAACTTTCAGGGTTT-1	Epithelial	0
GGAACTTTCCAGGTAT-1	Stromal	5
GGAACTTTCGAGAACG-1	Epithelial	14
GGAACTTTCGATGTGT-1	B	8
GGAACTTTCTCCAACC-1	Epithelial	15
GGAACTTTCTGCCGAG-1	B	8
GGAATCTAGAAAGCAG-1	Epithelial	18
GGAATCTAGAATCAGT-1	Epithelial	7
GGAATCTAGACACGGT-1	B	8
GGAATCTAGACGACTG-1	Epithelial	10
GGAATCTAGATGCGAC-1	Epithelial	0
GGAATCTAGGCAGTAC-1	Epithelial	6
GGAATCTAGGCTTTAC-1	Epithelial	0
GGAATCTAGGTGTTGG-1	B	1
GGAATCTAGTATACGA-1	B	1
GGAATCTAGTCGTACT-1	T	11
GGAATCTAGTGGACGT-1	Epithelial	15
GGAATCTCAACTCGAT-1	Epithelial	7
GGAATCTCAAGACTAA-1	Epithelial	7
GGAATCTCAAGCCCTG-1	B	1
GGAATCTCAATACTGC-1	Epithelial	6
GGAATCTCACCGTTGG-1	B	13
GGAATCTCACTGATTG-1	Epithelial	2
GGAATCTCAGAACAGC-1	Epithelial	10
GGAATCTCAGGACTGA-1	B	19
GGAATCTCAGGTCCTG-1	Myeloid	3
GGAATCTCATTGATGC-1	B	8
GGAATCTGTGCCCTAG-1	Epithelial	2
GGAATCTGTGGACAGT-1	B	8
GGAATCTGTGTCCTTC-1	Epithelial	7
GGAATCTGTTGCCGCA-1	T	11
GGAATCTGTTGCCTGG-1	B	4
GGAATCTTCTGTAGAC-1	Epithelial	12
GGAATCTTCTGTTGCC-1	Epithelial	18
GGACACCAGACACGGT-1	Epithelial	7
GGACACCAGACCTATC-1	B	8
GGACACCAGAGAACCC-1	B	19
GGACACCAGATACCAA-1	Myeloid	3
GGACACCAGCCCATTA-1	Epithelial	10
GGACACCAGGCACTAG-1	B	1
GGACACCAGTCCCGCA-1	B	8
GGACACCCAACGAGGT-1	B	8
GGACACCCAAGCAGGT-1	Epithelial	2
GGACACCCACTGATTG-1	Epithelial	10
GGACACCCACTTACAG-1	Epithelial	2
GGACACCGTAAGCCTT-1	Epithelial	12
GGACACCGTACCTATG-1	B	8
GGACACCGTGCGCTCA-1	B	8
GGACACCGTGGTTCTA-1	Epithelial	7
GGACACCGTTGGAGGT-1	B	8
GGACACCTCAAGGCAG-1	Epithelial	7
GGACACCTCAGTCAAC-1	Epithelial	16
GGACACCTCCTAAGTG-1	B	8
GGACACCTCGGTCGAC-1	B	8
GGACACCTCGTTCTAT-1	Epithelial	17
GGACACCTCTCTTCCT-1	B	4
GGACACCTCTGGCACG-1	T	11
GGACACCTCTTCCGTG-1	B	1
GGAGAACAGACACTTC-1	B	1
GGAGAACAGCAGAATT-1	Epithelial	7
GGAGAACAGGTAAGTT-1	Epithelial	17
GGAGAACAGTATAGTG-1	B	1
GGAGAACAGTCATCTG-1	Epithelial	7
GGAGAACAGTCTCGAT-1	Epithelial	18
GGAGAACAGTTGACAA-1	B	4
GGAGAACCAACGACAG-1	Epithelial	15
GGAGAACCAACTTGGT-1	Myeloid	3
GGAGAACCAAGGAAGA-1	B	8
GGAGAACCAAGGTTCT-1	B	4
GGAGAACCACGCGATC-1	Epithelial	14
GGAGAACCACGGTTAT-1	B	8
GGAGAACCAGATTTGC-1	Epithelial	2
GGAGAACCAGCGTGAA-1	Epithelial	14
GGAGAACCAGTAGTCT-1	Epithelial	15
GGAGAACCATTTGGTG-1	Epithelial	0
GGAGAACGTAGCTGTT-1	Epithelial	12
GGAGAACGTAGTAACA-1	Epithelial	17
GGAGAACGTGATAACA-1	Epithelial	12
GGAGAACGTGATGCGA-1	Epithelial	12
GGAGAACGTTATGCAC-1	Epithelial	15
GGAGAACGTTGGAGGT-1	B	1
GGAGAACTCCGGCTGA-1	Epithelial	14
GGAGAACTCGCGTTCT-1	Epithelial	6
GGAGAACTCGTCCCAT-1	B	8
GGAGAACTCTATCCTA-1	Epithelial	0
GGAGAACTCTATCTTG-1	Epithelial	14
GGAGAACTCTGTTTAC-1	T	11
GGAGAACTCTTACCTA-1	B	13
GGAGGATAGCCATGGA-1	B	1
GGAGGATAGTCTCGAT-1	Epithelial	6
GGAGGATCAACTCGTA-1	Epithelial	10
GGAGGATCACTAAACC-1	T	11
GGAGGATCAGAACTTC-1	B	1
GGAGGATCAGCAATGG-1	Epithelial	2
GGAGGATCATCAGAAA-1	Epithelial	6
GGAGGATCATTGCACA-1	Epithelial	16
GGAGGATGTATATGGA-1	Stromal	9
GGAGGATGTATGAAGT-1	B	8
GGAGGATGTGCCCAGT-1	B	1
GGAGGATGTTAACCGT-1	Epithelial	0
GGAGGATGTTACGAAA-1	B	1
GGAGGATGTTCCATCC-1	B	1
GGAGGATGTTCTTTCA-1	Epithelial	15
GGAGGATTCAGCACGC-1	B	13
GGAGGATTCAGGAATA-1	Epithelial	2
GGAGTAGAGAGTTCGG-1	Myeloid	3
GGAGTAGAGCCATCAT-1	Epithelial	2
GGAGTAGAGCTCGTTA-1	Epithelial	7
GGAGTAGAGGACTAGC-1	Myeloid	3
GGAGTAGAGGCTCAGA-1	Epithelial	15
GGAGTAGAGGGTCCCT-1	Epithelial	2
GGAGTAGAGTCATACC-1	Epithelial	0
GGAGTAGAGTTGCTTG-1	Epithelial	12
GGAGTAGCACATTCTT-1	Epithelial	10
GGAGTAGCAGATAAGT-1	B	8
GGAGTAGCAGATGGCA-1	Epithelial	14
GGAGTAGGTACGTAGG-1	Myeloid	3
GGAGTAGGTAGGGTTG-1	B	1
GGAGTAGGTAGGTAAT-1	B	13
GGAGTAGGTAGTAACA-1	Epithelial	0
GGAGTAGGTATCATGC-1	Epithelial	10
GGAGTAGGTGCATTCA-1	B	4
GGAGTAGGTTCCGCGA-1	Epithelial	10
GGAGTAGGTTTGCCCT-1	Epithelial	12
GGAGTAGTCATACTTC-1	Epithelial	15
GGAGTAGTCCGTCAAA-1	Epithelial	7
GGAGTAGTCCTTCGAC-1	B	1
GGAGTAGTCGGTTAGT-1	B	13
GGATAGGAGACCATAA-1	Epithelial	15
GGATAGGAGAGAGGTA-1	B	1
GGATAGGAGCGCGTTC-1	Epithelial	0
GGATAGGAGCGTATCT-1	Epithelial	6
GGATAGGAGGAATGGA-1	Myeloid	3
GGATAGGAGGGACGTT-1	B	1
GGATAGGAGTGTCCCG-1	Epithelial	15
GGATAGGCAACTTGGT-1	Epithelial	7
GGATAGGCAAGATTAG-1	Epithelial	7
GGATAGGCAAGCAGGT-1	Epithelial	0
GGATAGGCACGTTGTA-1	Myeloid	3
GGATAGGCAGCAAACG-1	B	1
GGATAGGCAGCGCGTT-1	Epithelial	15
GGATAGGCAGCGTACC-1	Epithelial	0
GGATAGGCATAGACGG-1	B	13
GGATAGGCATGACTGT-1	Myeloid	3
GGATAGGCATTCTTTG-1	B	1
GGATAGGGTTGTATCG-1	B	1
GGATAGGTCAGGATCT-1	T	11
GGATAGGTCGCTACCT-1	Epithelial	6
GGATAGGTCGGTACTA-1	Myeloid	3
GGATAGGTCTACTTTG-1	Epithelial	16
GGATGAGAGACGTCAG-1	Epithelial	10
GGATGAGAGAGCCTGA-1	T	11
GGATGAGAGATGCGAC-1	Epithelial	14
GGATGAGAGATGTTCC-1	Epithelial	10
GGATGAGAGATGTTGA-1	B	8
GGATGAGAGGATATCA-1	Epithelial	17
GGATGAGAGGATGCCA-1	B	13
GGATGAGAGTCTCCAA-1	Epithelial	2
GGATGAGAGTGATTAG-1	B	13
GGATGAGCAAGACTTC-1	Epithelial	10
GGATGAGCAATCACTG-1	Epithelial	2
GGATGAGCACATAAAG-1	B	13
GGATGAGCACTAAACC-1	T	11
GGATGAGCATAGCCAT-1	B	13
GGATGAGCATTTCACT-1	Epithelial	7
GGATGAGGTACAACGG-1	Epithelial	18
GGATGAGGTCAGACGA-1	Epithelial	18
GGATGAGGTTCAGTAC-1	Epithelial	16
GGATGAGGTTCTTATC-1	T	11
GGATGAGGTTGTATCG-1	B	1
GGATGAGTCAAGGCCC-1	Epithelial	16
GGATGAGTCCGCGATG-1	B	13
GGATGAGTCGTCTTAT-1	B	13
GGATGAGTCGTGATAC-1	Epithelial	15
GGATGAGTCTCCTTAA-1	Epithelial	18
GGATGAGTCTCTATCA-1	Epithelial	18
GGATGAGTCTGAACGT-1	Epithelial	7
GGATGAGTCTTCTCTC-1	Stromal	5
GGCACGTAGAGGAACA-1	Epithelial	6
GGCACGTAGCCATCAT-1	B	8
GGCACGTAGTCCCGCA-1	Epithelial	18
GGCACGTCAACGTAGG-1	B	19
GGCACGTCAAGGACCA-1	Epithelial	7
GGCACGTCAATCCATG-1	Epithelial	10
GGCACGTCAGGATGTG-1	B	13
GGCACGTCAGTGCTCG-1	Epithelial	2
GGCACGTCATCCCTCA-1	Epithelial	14
GGCACGTCATTCGTCC-1	B	1
GGCACGTGTAGTCCAT-1	B	4
GGCACGTGTCACAGTT-1	Epithelial	2
GGCACGTGTCGAGGAT-1	Epithelial	10
GGCACGTGTGCACATT-1	Epithelial	2
GGCACGTGTGCAGACA-1	Epithelial	0
GGCACGTGTTCCCTTG-1	B	8
GGCACGTTCCATTGTT-1	Epithelial	17
GGCACGTTCGAAGCCC-1	Epithelial	16
GGCACGTTCGCGGCAT-1	B	1
GGCACGTTCGGAGTTT-1	B	8
GGCACGTTCGGTCAGC-1	B	8
GGCACGTTCGTGGCGT-1	Epithelial	0
GGCATTAAGCGATACG-1	B	4
GGCATTAAGTCTCCAA-1	Epithelial	14
GGCATTACAACGGACA-1	Stromal	5
GGCATTACACAATAAG-1	Epithelial	7
GGCATTACACCTATTT-1	B	8
GGCATTACAGAAAGAG-1	Epithelial	16
GGCATTACAGGCAGAT-1	B	4
GGCATTACATCACAGT-1	Epithelial	17
GGCATTACATCCCGGA-1	Epithelial	7
GGCATTAGTAGGTCTT-1	B	8
GGCATTAGTCAAACAA-1	Epithelial	17
GGCATTAGTCAGTGCC-1	Epithelial	7
GGCATTAGTGAATACA-1	Epithelial	12
GGCATTAGTGACGCAA-1	Epithelial	7
GGCATTAGTGGAAGCT-1	Epithelial	12
GGCATTAGTTACCCAA-1	Epithelial	2
GGCATTAGTTTAGGAA-1	B	8
GGCATTATCAGGTCTA-1	Stromal	9
GGCATTATCGGGAAAC-1	B	4
GGCATTATCGTCTTAT-1	Epithelial	12
GGCATTATCTGGCCAG-1	Epithelial	10
GGCGAAAAGAACAGGA-1	Epithelial	12
GGCGAAAAGAGGAACA-1	Stromal	5
GGCGAAAAGCGGACAT-1	Epithelial	6
GGCGAAAAGGACCGAT-1	B	8
GGCGAAAAGGTACATA-1	B	4
GGCGAAAAGTACCTCA-1	T	11
GGCGAAAAGTAGGTCG-1	B	1
GGCGAAAAGTCGATAA-1	Epithelial	7
GGCGAAAAGTCTGCTA-1	B	1
GGCGAAACAAAGCTTC-1	B	8
GGCGAAACAACGTCCG-1	Epithelial	0
GGCGAAACAACTCCCT-1	B	4
GGCGAAACACACATGT-1	Epithelial	17
GGCGAAACACCAAGGA-1	B	8
GGCGAAACACTCAAGT-1	B	8
GGCGAAACAGAGAGAA-1	B	1
GGCGAAACAGTGCGAA-1	Epithelial	17
GGCGAAAGTCATCGTA-1	B	1
GGCGAAAGTCTCTGCT-1	Epithelial	2
GGCGAAAGTGGACGAT-1	B	1
GGCGAAAGTTCAGTTG-1	Epithelial	14
GGCGAAAGTTTGACCA-1	B	8
GGCGAAATCAGTCAAC-1	Epithelial	14
GGCGAAATCCCAATAG-1	Epithelial	14
GGCGAAATCGACTCGG-1	B	8
GGCGAAATCTCTGCGT-1	B	8
GGCGTTGAGAAGGGCG-1	Epithelial	15
GGCGTTGAGAGCCACA-1	B	4
GGCGTTGAGAGGTGGG-1	Epithelial	7
GGCGTTGAGCCATTCA-1	Epithelial	2
GGCGTTGAGGAAGACA-1	B	13
GGCGTTGAGGAAGGTA-1	Stromal	9
GGCGTTGAGGCAAGCT-1	T	11
GGCGTTGAGTACCTCA-1	Epithelial	12
GGCGTTGCAACTGCGC-1	Epithelial	15
GGCGTTGCAATTAGGA-1	Stromal	9
GGCGTTGCACAGAAGC-1	Myeloid	3
GGCGTTGCAGGCATCC-1	B	4
GGCGTTGGTATGGTTC-1	Epithelial	6
GGCGTTGTCACCCGGA-1	Epithelial	12
GGCGTTGTCAGATACC-1	Epithelial	7
GGCGTTGTCCACGGCA-1	Myeloid	3
GGCGTTGTCCCACTTG-1	Epithelial	15
GGCGTTGTCGAACCGC-1	B	8
GGCGTTGTCGAGTTAC-1	B	13
GGCGTTGTCGCGGCAT-1	B	4
GGCGTTGTCGCTAGTA-1	Epithelial	16
GGCGTTGTCGTGATAC-1	Epithelial	12
GGGAACAAGCATTGGG-1	B	4
GGGAACAAGGCAGTAC-1	B	4
GGGAACAAGGTAAGTT-1	B	1
GGGAACAAGGTGTTGG-1	Epithelial	7
GGGAACAAGTACAGAT-1	Epithelial	0
GGGAACAAGTCCGGAA-1	Epithelial	0
GGGAACAAGTGCTAGG-1	B	1
GGGAACAAGTGGACGT-1	Stromal	5
GGGAACACAACTCCCT-1	B	1
GGGAACACAAGGACCA-1	B	1
GGGAACACACCATTCC-1	Epithelial	7
GGGAACACACCTGGTG-1	B	13
GGGAACACACGTTACA-1	B	8
GGGAACACAGGTAACG-1	B	13
GGGAACACATCAGCTA-1	Epithelial	14
GGGAACACATGACTGT-1	B	1
GGGAACACATTGTGAC-1	B	4
GGGAACAGTAATGTAG-1	Epithelial	0
GGGAACAGTACGGATG-1	Epithelial	2
GGGAACAGTCCGTAGC-1	B	13
GGGAACAGTCGGCTGT-1	Myeloid	3
GGGAACAGTTATAGAG-1	B	1
GGGAACATCAAGAGAT-1	Epithelial	18
GGGAACATCAATGCAC-1	Epithelial	7
GGGAACATCCAGAATC-1	Epithelial	18
GGGAACATCCTGGAAT-1	Epithelial	10
GGGAACATCCTTTGCG-1	Epithelial	10
GGGAACATCTCCCTTT-1	Myeloid	3
GGGAACATCTTACGGA-1	B	1
GGGAACATCTTTCGAT-1	Epithelial	0
GGGACCTAGAAATACC-1	B	8
GGGACCTAGATGCGAC-1	B	13
GGGACCTAGATGTTGA-1	Epithelial	7
GGGACCTAGTCGGGAT-1	B	4
GGGACCTAGTCGTGAG-1	Epithelial	16
GGGACCTAGTGTGTAA-1	Myeloid	3
GGGACCTCAAATAGTG-1	Epithelial	10
GGGACCTCACGGTTAT-1	B	1
GGGACCTCACTGTTAG-1	Epithelial	10
GGGACCTCAGGCAAGT-1	Stromal	5
GGGACCTCAGTCCTGG-1	B	8
GGGACCTCATGGTTTG-1	Epithelial	12
GGGACCTGTAAGTCTC-1	Epithelial	15
GGGACCTGTACAACGG-1	Epithelial	17
GGGACCTGTCACATTG-1	T	11
GGGACCTGTCGCTAGC-1	Epithelial	17
GGGACCTGTGTACGCC-1	Epithelial	6
GGGACCTGTTATAGAG-1	Epithelial	15
GGGACCTGTTGAATAG-1	B	1
GGGACCTTCAGCACTA-1	Epithelial	6
GGGACCTTCAGGCGCT-1	Epithelial	7
GGGACCTTCCATCTAT-1	Epithelial	18
GGGACCTTCCGGCTGA-1	Epithelial	18
GGGACCTTCTCGCGTT-1	Epithelial	2
GGGACCTTCTGAGTAC-1	Epithelial	14
GGGACCTTCTTACTCA-1	Epithelial	10
GGGCCATAGACAGTGC-1	Epithelial	12
GGGCCATAGATTGACA-1	B	1
GGGCCATAGCGTATCT-1	B	13
GGGCCATAGGTAAGTT-1	T	11
GGGCCATAGGTTGTGG-1	B	1
GGGCCATAGTCGTATC-1	Epithelial	16
GGGCCATAGTGAGCAC-1	Epithelial	18
GGGCCATCAAATAGTG-1	Epithelial	17
GGGCCATCAAGATGCG-1	Myeloid	3
GGGCCATCAAGCAGGT-1	B	13
GGGCCATCAGATGGCA-1	B	1
GGGCCATCATGGGTGA-1	B	4
GGGCCATCATTAGCAC-1	Epithelial	10
GGGCCATGTAACCCAT-1	B	1
GGGCCATGTGGACCAA-1	Epithelial	2
GGGCCATGTTCTCGAA-1	B	4
GGGCCATGTTTAGGAA-1	Epithelial	15
GGGCCATTCACTAGCA-1	Myeloid	3
GGGCCATTCCAGGCCA-1	B	1
GGGCCATTCCCGTATC-1	Epithelial	15
GGGCCATTCGATAGCT-1	Myeloid	3
GGGCCATTCGCCTTAC-1	B	1
GGGCCATTCGGTCGAC-1	Epithelial	10
GGGCCATTCTTACTCA-1	B	19
GGGTCTGAGACGTCAG-1	Epithelial	18
GGGTCTGAGCCTATAC-1	Epithelial	14
GGGTCTGAGCGCCTAC-1	Myeloid	3
GGGTCTGAGGGCATTG-1	B	1
GGGTCTGAGGGCTCTC-1	Epithelial	0
GGGTCTGAGGGCTTCC-1	Epithelial	16
GGGTCTGAGGTTCTCA-1	Epithelial	7
GGGTCTGAGTAGACCG-1	B	13
GGGTCTGCAAGAGATT-1	Epithelial	17
GGGTCTGCACACATTG-1	T	11
GGGTCTGCACCTGGTG-1	Epithelial	10
GGGTCTGCAGTTCGGC-1	Epithelial	6
GGGTCTGCATCGTACA-1	B	1
GGGTCTGCATGATTGC-1	Epithelial	12
GGGTCTGCATGTGGGA-1	T	11
GGGTCTGGTATCAGCT-1	B	1
GGGTCTGGTGATGCGA-1	B	4
GGGTCTGTCACGATTG-1	Epithelial	18
GGGTCTGTCCCGTATC-1	Myeloid	3
GGGTCTGTCGATGAAA-1	B	1
GGGTCTGTCGCAAACT-1	Epithelial	10
GGGTCTGTCGGATAGG-1	Stromal	5
GGGTCTGTCGGCTATA-1	Epithelial	6
GGGTCTGTCGGTCGAC-1	B	19
GGGTCTGTCGTCCCTA-1	Epithelial	14
GGGTCTGTCGTGTGCG-1	B	4
GGGTCTGTCTTATCAC-1	Epithelial	0
GGGTGTCAGATGCGAC-1	Epithelial	12
GGGTGTCAGGGACGTT-1	B	1
GGGTGTCAGTACCACT-1	Epithelial	18
GGGTGTCAGTTCAGGG-1	Myeloid	3
GGGTGTCCAATTCGTG-1	Epithelial	16
GGGTGTCCACCGAAAG-1	B	8
GGGTGTCCACGCGACT-1	B	8
GGGTGTCCAGCAAACG-1	Epithelial	7
GGGTGTCCAGCGTCGT-1	Stromal	5
GGGTGTCCAGGTGGTA-1	Epithelial	10
GGGTGTCCATAGAATG-1	Epithelial	10
GGGTGTCCATCTCACC-1	Epithelial	17
GGGTGTCGTAAACGAT-1	B	8
GGGTGTCGTATTCTGG-1	Epithelial	10
GGGTGTCGTCAAGACG-1	B	1
GGGTGTCGTCTGATTG-1	Epithelial	14
GGGTGTCGTGATGCTT-1	B	1
GGGTGTCGTGGTGGTA-1	Epithelial	16
GGGTGTCGTTCGGGAA-1	Epithelial	2
GGGTGTCGTTGAATAG-1	Myeloid	3
GGGTGTCGTTTCTCTA-1	Epithelial	2
GGGTGTCTCAGAACGG-1	Epithelial	17
GGGTGTCTCAGGGTTT-1	B	8
GGGTGTCTCAGGTTTG-1	B	1
GGGTGTCTCAGTACAC-1	Epithelial	0
GGGTGTCTCCTCCATG-1	B	1
GGGTGTCTCGATGCAT-1	Epithelial	0
GGGTGTCTCGCCAGAC-1	Stromal	5
GGGTGTCTCGCCCTTA-1	B	1
GGGTGTCTCGGGTCCA-1	Epithelial	10
GGGTGTCTCGGTCTAA-1	Epithelial	2
GGGTGTCTCTCGTAGA-1	B	13
GGGTGTCTCTTACGGA-1	Epithelial	14
GGGTTATAGGCTGGAT-1	Epithelial	2
GGGTTATAGGCTTAAA-1	B	8
GGGTTATAGTATGGGC-1	Epithelial	0
GGGTTATAGTCATCTG-1	B	13
GGGTTATAGTGCTGAG-1	Epithelial	6
GGGTTATAGTTACACC-1	B	8
GGGTTATAGTTAGAGT-1	B	13
GGGTTATCAACGCAAG-1	Epithelial	16
GGGTTATCAAGGAAGA-1	Epithelial	14
GGGTTATCACCACAGC-1	Epithelial	17
GGGTTATCAGGGAGTT-1	Epithelial	17
GGGTTATCAGGTCTGC-1	B	8
GGGTTATCATAGATAG-1	B	4
GGGTTATCATCATGTG-1	Epithelial	15
GGGTTATGTAACAATG-1	Myeloid	3
GGGTTATGTCAGCAAG-1	Epithelial	0
GGGTTATGTCTGTTGA-1	Epithelial	17
GGGTTATGTGCACCCA-1	Epithelial	0
GGGTTATGTGGCCTCA-1	Epithelial	15
GGGTTATTCCGTTTCG-1	B	1
GGGTTATTCGCAGATT-1	B	8
GGGTTATTCGGAGTTT-1	Epithelial	15
GGGTTATTCGGGAAAC-1	B	19
GGGTTATTCGGTCGAC-1	Epithelial	10
GGGTTATTCGGTGATT-1	Epithelial	18
GGGTTATTCTGAACGT-1	Epithelial	18
GGGTTATTCTTATCAC-1	Myeloid	3
GGTACCGAGCAGGACT-1	Epithelial	0
GGTACCGAGCCTGGTC-1	Epithelial	18
GGTACCGAGCTTCAAC-1	Epithelial	17
GGTACCGAGTACGCGA-1	Epithelial	6
GGTACCGAGTCCAGAG-1	B	13
GGTACCGAGTTAGCAA-1	B	13
GGTACCGCAAACCGAG-1	Epithelial	0
GGTACCGCAATAGCGG-1	T	11
GGTACCGCACATATCG-1	B	8
GGTACCGCATAGCCAT-1	Epithelial	15
GGTACCGGTAACCGAG-1	T	11
GGTACCGGTCACTCTC-1	B	1
GGTACCGGTCAGAGTG-1	Stromal	5
GGTACCGGTCGTAATC-1	Epithelial	12
GGTACCGGTGACGCAA-1	Epithelial	17
GGTACCGGTGAGGGTT-1	B	1
GGTACCGGTGCGCTCA-1	Epithelial	0
GGTACCGGTTGCAGAG-1	Epithelial	17
GGTACCGTCAGGGTTT-1	B	1
GGTACCGTCTGGCCAG-1	Epithelial	2
GGTACCGTCTTCTTCC-1	Stromal	9
GGTAGGAAGAAATGGG-1	Epithelial	10
GGTAGGAAGACACAAT-1	B	1
GGTAGGAAGATATGTG-1	B	1
GGTAGGAAGCAGAAAG-1	Epithelial	14
GGTAGGAAGGAACCGT-1	Epithelial	16
GGTAGGAAGGACTAGC-1	Epithelial	6
GGTAGGAAGGCAAGGG-1	Epithelial	12
GGTAGGAAGGCAATTA-1	Epithelial	17
GGTAGGAAGGCGTCCT-1	Epithelial	0
GGTAGGAAGGCTTAAA-1	B	13
GGTAGGAAGGCTTCGC-1	B	8
GGTAGGAAGGGTCTGA-1	Epithelial	15
GGTAGGAAGTAGACCG-1	B	13
GGTAGGAAGTCCGATT-1	B	1
GGTAGGAAGTCCGGAA-1	Epithelial	0
GGTAGGACAACGTACT-1	B	8
GGTAGGACAGCGTAGA-1	B	1
GGTAGGACAGGCAGAT-1	Epithelial	2
GGTAGGACATTAGCCA-1	B	13
GGTAGGACATTCACGA-1	B	13
GGTAGGAGTATCGCGC-1	B	13
GGTAGGAGTCAGGTGA-1	B	13
GGTAGGAGTGATGCTT-1	Epithelial	0
GGTAGGAGTTACCACA-1	Stromal	5
GGTAGGAGTTCTTAGG-1	Stromal	9
GGTAGGATCAGTCAAC-1	B	8
GGTAGGATCCAATAGC-1	Epithelial	18
GGTAGGATCCATACGA-1	B	13
GGTAGGATCCCGTATC-1	Epithelial	10
GGTAGGATCGGTTGTA-1	Myeloid	3
GGTCATAAGAAATACC-1	Epithelial	12
GGTCATAAGCTTACCA-1	Myeloid	3
GGTCATAAGGCATGCA-1	B	13
GGTCATAAGTCACGCC-1	Epithelial	17
GGTCATAAGTCGAAAT-1	B	8
GGTCATAAGTCTCGAT-1	B	13
GGTCATACAACAACTC-1	Epithelial	6
GGTCATACAACGTAGG-1	Epithelial	2
GGTCATACAACTCGAT-1	B	13
GGTCATACACCTATTT-1	B	1
GGTCATACACCTGGTG-1	Epithelial	10
GGTCATACACTGTAAC-1	B	8
GGTCATACAGTCAGCC-1	Epithelial	15
GGTCATAGTACTTCGA-1	B	8
GGTCATAGTCAGTGTT-1	Epithelial	6
GGTCATAGTCCAAGTT-1	B	4
GGTCATAGTCTAACCA-1	Epithelial	2
GGTCATAGTCTGTCCT-1	B	19
GGTCATAGTTCCATCC-1	B	4
GGTCATAGTTGCCTGG-1	T	11
GGTCATATCAATCGTG-1	Epithelial	15
GGTCATATCCCAATAG-1	Epithelial	18
GGTCATATCGATCGCG-1	T	11
GGTCATATCGCGTTCT-1	B	13
GGTCATATCGGTCTAA-1	B	1
GGTCATATCTAGTCGA-1	B	1
GGTCATATCTCTGACC-1	B	8
GGTGAAGAGAAATACC-1	Epithelial	0
GGTGAAGAGACAGTGC-1	Epithelial	17
GGTGAAGAGATATGAC-1	Epithelial	2
GGTGAAGAGATCGCCC-1	Epithelial	12
GGTGAAGAGCGAGCTA-1	Stromal	9
GGTGAAGAGCGTATCT-1	B	1
GGTGAAGAGCTAGCAG-1	Epithelial	2
GGTGAAGAGTGAGCAC-1	Epithelial	0
GGTGAAGCAAGTCTGT-1	B	4
GGTGAAGCAGTAGGCA-1	B	1
GGTGAAGGTACCAAGG-1	Epithelial	12
GGTGAAGGTAGGGTCA-1	B	1
GGTGAAGGTATTTGCG-1	Epithelial	17
GGTGAAGGTCGAGGAT-1	T	11
GGTGAAGGTCTGGTCG-1	Epithelial	0
GGTGAAGGTTAACCGT-1	B	19
GGTGAAGTCCATCGAA-1	Epithelial	15
GGTGAAGTCGCCACTT-1	Epithelial	2
GGTGAAGTCTATGAGC-1	B	8
GGTGCTGAGATTGACA-1	B	8
GGTGCTGAGCGCATTT-1	Epithelial	0
GGTGCTGAGCTCCATA-1	Epithelial	15
GGTGCTGAGGAAGGTA-1	Epithelial	0
GGTGCTGAGGATCCTT-1	Epithelial	6
GGTGCTGAGGATTGAT-1	Epithelial	16
GGTGCTGAGGCAGTAC-1	Stromal	9
GGTGCTGAGGCTTCGC-1	Epithelial	7
GGTGCTGAGTAACACA-1	Epithelial	0
GGTGCTGAGTGAAGGA-1	Epithelial	7
GGTGCTGCAACGCAAG-1	Epithelial	6
GGTGCTGCACTCAGCG-1	T	11
GGTGCTGCAGCGTGAA-1	Epithelial	15
GGTGCTGCAGGGTAAC-1	Epithelial	17
GGTGCTGCATGGAGGT-1	Epithelial	17
GGTGCTGGTACATGGG-1	Epithelial	6
GGTGCTGGTCCGTCGA-1	Epithelial	14
GGTGCTGGTCTTAGCA-1	Epithelial	2
GGTGCTGGTGCAAGCA-1	T	11
GGTGCTGGTTGGCTAT-1	B	13
GGTGCTGGTTGTCGGC-1	B	13
GGTGCTGGTTGTGAGG-1	Epithelial	12
GGTGCTGTCAACACGT-1	B	8
GGTGCTGTCAGTTGAC-1	Stromal	5
GGTGCTGTCCATAACG-1	Epithelial	12
GGTGCTGTCCTTCGAC-1	Epithelial	14
GGTGCTGTCTCGTAGA-1	Stromal	5
GGTGCTGTCTGAGTCA-1	Epithelial	0
GGTGCTGTCTTACGGA-1	B	8
GGTGTCGAGAACCCGA-1	Epithelial	18
GGTGTCGAGATCGAGC-1	B	8
GGTGTCGAGATGGCAC-1	Epithelial	0
GGTGTCGAGCTAGTTC-1	Epithelial	0
GGTGTCGAGTGAAGGA-1	Epithelial	15
GGTGTCGCAAGGATGC-1	B	19
GGTGTCGCACGCTCAG-1	B	1
GGTGTCGCACTGCTCT-1	Myeloid	3
GGTGTCGGTACAAGCG-1	Epithelial	17
GGTGTCGGTACCGGCT-1	B	4
GGTGTCGGTACCTATG-1	Epithelial	17
GGTGTCGGTACGGTTT-1	Myeloid	3
GGTGTCGGTCTGAGCC-1	B	4
GGTGTCGGTGAAACAT-1	T	11
GGTGTCGGTTGTGAGG-1	B	4
GGTGTCGTCCTCTCTT-1	B	13
GGTGTCGTCGAACCGC-1	Epithelial	14
GGTGTCGTCGCCTTAC-1	Epithelial	14
GGTGTCGTCTACATCT-1	B	8
GGTGTCGTCTCGTAGA-1	B	1
GGTTGCGAGACTTCCA-1	T	11
GGTTGCGAGATCTCAC-1	Epithelial	2
GGTTGCGAGATGCGAC-1	Myeloid	3
GGTTGCGAGGACCGAT-1	Epithelial	12
GGTTGCGAGGAGTCTG-1	B	19
GGTTGCGAGGTTGACG-1	Epithelial	2
GGTTGCGAGTCTGGGA-1	B	8
GGTTGCGCACACTAGT-1	Epithelial	2
GGTTGCGCACCTGAAT-1	B	1
GGTTGCGCAGGATGTG-1	Epithelial	12
GGTTGCGCATCAGAAA-1	B	13
GGTTGCGCATGACTGT-1	B	13
GGTTGCGGTAGGTCTT-1	Epithelial	18
GGTTGCGGTCATCAAC-1	B	1
GGTTGCGGTCCTATTT-1	T	11
GGTTGCGGTCTGCGCA-1	Epithelial	17
GGTTGCGGTGCGACCT-1	Epithelial	17
GGTTGCGGTTCCATCC-1	Epithelial	17
GGTTGCGGTTTCTACT-1	B	1
GGTTGCGGTTTGCATG-1	B	1
GGTTGCGTCAGTCAAC-1	B	8
GGTTGCGTCCAATCCC-1	Myeloid	3
GGTTGCGTCCCTACCA-1	B	8
GGTTGCGTCCTTTGCG-1	Epithelial	12
GGTTGCGTCGCTATAG-1	B	1
GGTTGCGTCTATACCT-1	T	11
GTAATCGAGAGACTCG-1	Myeloid	3
GTAATCGAGCAACGGT-1	T	11
GTAATCGAGCAGAGCT-1	B	1
GTAATCGAGGACTAGC-1	Epithelial	0
GTAATCGAGGATCCTT-1	Epithelial	10
GTAATCGAGGCTTCGC-1	B	13
GTAATCGCAACGTCCG-1	B	8
GTAATCGCAAGCAGGT-1	Epithelial	12
GTAATCGCACCTACCT-1	Epithelial	7
GTAATCGCACTCCACT-1	Epithelial	14
GTAATCGCAGAACTTC-1	Epithelial	12
GTAATCGCATCGAGTT-1	T	11
GTAATCGGTACTTCAG-1	T	11
GTAATCGGTAGAAAGG-1	Epithelial	10
GTAATCGGTAGATGAT-1	Epithelial	7
GTAATCGGTGACAAGC-1	Epithelial	18
GTAATCGGTTCTGATG-1	Epithelial	6
GTAATCGTCAGGTTTG-1	Epithelial	15
GTAATCGTCCATCATT-1	Epithelial	17
GTAATCGTCGGCAATT-1	Epithelial	2
GTAATCGTCTACTGCC-1	Epithelial	7
GTAATCGTCTCTCAAT-1	B	4
GTAATCGTCTTCCAGC-1	B	8
GTAATCGTCTTCCGTG-1	B	8
GTACTTTAGACTAATG-1	Epithelial	6
GTACTTTAGACTTGAA-1	Epithelial	14
GTACTTTAGCGAGAAA-1	Myeloid	3
GTACTTTAGCTTCAAC-1	B	1
GTACTTTAGGTTCGTT-1	Epithelial	18
GTACTTTAGTCCGTGC-1	B	13
GTACTTTCAAACAGTA-1	B	13
GTACTTTCAATTCGTG-1	B	8
GTACTTTCACAACGGA-1	Epithelial	12
GTACTTTCATGTCCCT-1	B	1
GTACTTTCATTAGCAC-1	B	4
GTACTTTGTAGAATAC-1	B	13
GTACTTTGTAGCGTTT-1	T	11
GTACTTTGTATGGGTG-1	B	1
GTACTTTGTCGAGGTA-1	Epithelial	17
GTACTTTGTGAATGGC-1	Epithelial	18
GTACTTTGTTGGTAAA-1	T	11
GTACTTTGTTGTATCG-1	Epithelial	14
GTACTTTTCACAAGCT-1	B	1
GTACTTTTCATCATGG-1	B	1
GTACTTTTCCGCCTAT-1	Stromal	5
GTACTTTTCGAGTTAC-1	Epithelial	12
GTACTTTTCGATGTGT-1	Epithelial	15
GTACTTTTCGTCTTAT-1	Epithelial	18
GTACTTTTCTTTATCG-1	Myeloid	3
GTAGACTAGACTCGGA-1	Epithelial	7
GTAGACTAGAGCCACA-1	Epithelial	10
GTAGACTAGATACCAA-1	B	4
GTAGACTAGATTACGA-1	Epithelial	18
GTAGACTAGCTAGCAG-1	B	1
GTAGACTAGCTGAGGT-1	Epithelial	10
GTAGACTAGTATACCC-1	Epithelial	10
GTAGACTAGTGTTCCA-1	Epithelial	15
GTAGACTCAAAGAAGG-1	B	1
GTAGACTCACTGCTCT-1	Epithelial	7
GTAGACTCAGAGATGC-1	Epithelial	7
GTAGACTCAGATACAA-1	B	1
GTAGACTCATGATTGC-1	T	11
GTAGACTCATGGCCGT-1	Stromal	5
GTAGACTGTAGAAAGG-1	B	1
GTAGACTGTCAAGACG-1	Epithelial	14
GTAGACTGTCAGAAGC-1	Stromal	9
GTAGACTGTCCACCAG-1	Epithelial	10
GTAGACTGTCTAACCA-1	Epithelial	16
GTAGACTGTGATGCGA-1	B	1
GTAGACTGTGCTTCCT-1	B	8
GTAGACTGTGTCCAGC-1	Epithelial	0
GTAGACTGTTGAAGCG-1	Epithelial	12
GTAGACTTCACTAGGT-1	Epithelial	12
GTAGACTTCAGGCCGT-1	B	1
GTAGACTTCCACGGCA-1	Epithelial	12
GTAGACTTCCTCCAGT-1	B	8
GTAGACTTCGGTCGAC-1	B	4
GTAGACTTCGTCTTAT-1	B	1
GTAGACTTCTAGCAGT-1	B	13
GTAGACTTCTGACTTT-1	B	8
GTAGACTTCTGCGTCT-1	Epithelial	0
GTAGGAGAGAAGACTT-1	Stromal	9
GTAGGAGAGCCTTTGA-1	B	1
GTAGGAGAGCGCAATG-1	B	4
GTAGGAGAGGAGAACA-1	Epithelial	7
GTAGGAGAGGATTGAT-1	Epithelial	15
GTAGGAGAGGCTCCTG-1	B	1
GTAGGAGAGGTTCGAG-1	Epithelial	14
GTAGGAGAGTCCGATT-1	B	19
GTAGGAGAGTGAGTGC-1	B	8
GTAGGAGCAACAAACA-1	Epithelial	0
GTAGGAGCAACGCAAG-1	Epithelial	7
GTAGGAGCAAGGATGC-1	B	8
GTAGGAGCACTGCTTC-1	B	8
GTAGGAGCACTGTCGG-1	B	13
GTAGGAGCAGGACCTC-1	Epithelial	18
GTAGGAGCAGGCAGAT-1	B	13
GTAGGAGCAGGGCTTC-1	Epithelial	12
GTAGGAGCATCATAGC-1	Epithelial	10
GTAGGAGCATGGATGG-1	B	13
GTAGGAGCATGGGACA-1	B	4
GTAGGAGCATTGCACA-1	B	1
GTAGGAGGTAGCGTTT-1	B	1
GTAGGAGGTGATAGAT-1	Epithelial	7
GTAGGAGGTGTAGGAC-1	Epithelial	7
GTAGGAGGTTGGTAAA-1	Epithelial	6
GTAGGAGTCAAGGCAG-1	Epithelial	12
GTAGGAGTCAGAGTGG-1	Myeloid	3
GTAGGAGTCAGGCGCT-1	Epithelial	12
GTAGGAGTCGCACCTT-1	Epithelial	18
GTAGGAGTCGGATAAA-1	B	1
GTAGGAGTCGGATAGG-1	B	8
GTAGGAGTCTCTTCCT-1	B	4
GTAGGAGTCTTCCGTG-1	T	11
GTAGTACAGAAATGGG-1	Epithelial	12
GTAGTACAGATGAGGA-1	Epithelial	0
GTAGTACAGATGGGAA-1	Myeloid	3
GTAGTACAGCGCATTT-1	Myeloid	3
GTAGTACCACTCGCAG-1	Epithelial	0
GTAGTACCACTCGGAC-1	T	11
GTAGTACCAGCAAACG-1	B	13
GTAGTACCAGGTAACG-1	B	1
GTAGTACCATTAGCCA-1	B	1
GTAGTACGTAACCGAG-1	B	1
GTAGTACGTAGCCATT-1	Epithelial	12
GTAGTACGTATACGCT-1	Epithelial	2
GTAGTACGTCTGTTGA-1	Epithelial	7
GTAGTACGTGCCAAGA-1	Epithelial	2
GTAGTACGTGCCCTAG-1	Epithelial	2
GTAGTACGTTCCGGCA-1	Epithelial	0
GTAGTACGTTTAAGGA-1	Epithelial	10
GTAGTACTCAAGTTGC-1	B	13
GTAGTACTCCAGCACG-1	B	8
GTAGTACTCCATACGA-1	Epithelial	17
GTAGTACTCCCACTTG-1	Epithelial	2
GTAGTACTCCGTCAAA-1	Epithelial	10
GTAGTACTCGCGTGAC-1	Epithelial	17
GTAGTACTCGGTACTA-1	Epithelial	15
GTAGTACTCGGTCGAC-1	Epithelial	12
GTAGTACTCTTCCGTG-1	B	13
GTCACAAAGACGTCAG-1	Epithelial	7
GTCACAAAGAGCAGCT-1	B	8
GTCACAAAGCAATGTA-1	Epithelial	14
GTCACAAAGGGATCCA-1	Epithelial	15
GTCACAAAGTGCAACG-1	Epithelial	10
GTCACAACAACACGGA-1	B	1
GTCACAACACAGTAGG-1	Epithelial	2
GTCACAACACGGCCAT-1	Epithelial	14
GTCACAACACTCGGAC-1	B	1
GTCACAACAGGCACAA-1	Epithelial	15
GTCACAAGTAACCATC-1	Epithelial	12
GTCACAAGTACGCAAG-1	Epithelial	18
GTCACAAGTATTCTGG-1	Epithelial	7
GTCACAAGTCCACCAG-1	Epithelial	12
GTCACAAGTCCCGTGA-1	Epithelial	17
GTCACAAGTGGTGGTA-1	Epithelial	10
GTCACAAGTTAACCGT-1	Epithelial	14
GTCACAAGTTAGTAGA-1	B	1
GTCACAATCACCGCGA-1	Epithelial	0
GTCACAATCCAAACCA-1	B	4
GTCACAATCCATTGTT-1	Epithelial	0
GTCACAATCGCACCGA-1	B	13
GTCACAATCGGTAGGA-1	Epithelial	14
GTCACCTAGACACAAT-1	T	11
GTCACCTAGAGAACCC-1	Epithelial	12
GTCACCTAGGTACATA-1	B	1
GTCACCTAGTCTCGAT-1	Epithelial	0
GTCACCTAGTGCTAGG-1	B	8
GTCACCTAGTGGGACT-1	Epithelial	18
GTCACCTCAAAGCTTC-1	Epithelial	2
GTCACCTCAAATGCTC-1	Stromal	9
GTCACCTCAACAAACA-1	B	1
GTCACCTCAATGATGA-1	Epithelial	18
GTCACCTCAGAACGAC-1	B	1
GTCACCTCAGTAACGG-1	Epithelial	0
GTCACCTCAGTAGTCT-1	Epithelial	7
GTCACCTCATCACAGT-1	Epithelial	7
GTCACCTCATTGTGAC-1	T	11
GTCACCTGTACGTAAA-1	B	8
GTCACCTGTAGGGTTG-1	Epithelial	2
GTCACCTGTCTAAGAA-1	B	4
GTCACCTGTCTGGTCG-1	B	1
GTCACCTGTGCCCAGT-1	Epithelial	10
GTCACCTGTTACGCTA-1	B	8
GTCACCTTCACTCCCA-1	B	8
GTCACCTTCAGGCGCT-1	B	1
GTCACCTTCCATCATT-1	Epithelial	2
GTCACCTTCCCGGGTA-1	B	8
GTCACCTTCCTGTGGG-1	Epithelial	7
GTCACCTTCGGTACTA-1	Myeloid	3
GTCACCTTCGGTTGTA-1	B	4
GTCACCTTCTAGTCGA-1	B	13
GTCACCTTCTGCGTCT-1	B	8
GTCACGGAGATTCCGT-1	B	13
GTCACGGAGCGCAATG-1	Stromal	9
GTCACGGAGGCGACTA-1	B	1
GTCACGGAGGCGTCCT-1	Epithelial	7
GTCACGGAGTCTCGAT-1	T	11
GTCACGGAGTCTCTAG-1	B	4
GTCACGGCAAAGAAGG-1	Epithelial	7
GTCACGGCAAGGCTTT-1	Epithelial	12
GTCACGGCACAGTTCA-1	Epithelial	2
GTCACGGCACGCCGAT-1	T	11
GTCACGGCAGCAACCC-1	Stromal	9
GTCACGGCAGCACATT-1	Epithelial	10
GTCACGGCATCGACGC-1	Epithelial	12
GTCACGGCATCTCACC-1	Epithelial	12
GTCACGGCATGGTTTG-1	Myeloid	3
GTCACGGCATTTGGTG-1	B	8
GTCACGGGTACGGAGT-1	Epithelial	17
GTCACGGGTAGAACGC-1	B	8
GTCACGGGTAGGGTTG-1	T	11
GTCACGGGTCATGAGG-1	B	1
GTCACGGGTGTTGTTG-1	B	19
GTCACGGGTTAAGGGC-1	B	13
GTCACGGGTTCTTTCA-1	Epithelial	17
GTCACGGGTTGAAGCG-1	T	11
GTCACGGGTTGTGACT-1	Epithelial	12
GTCACGGTCAGGAATA-1	Epithelial	6
GTCACGGTCCATCGAA-1	Epithelial	10
GTCACGGTCCCAGTAA-1	B	1
GTCACGGTCCTTACGC-1	Epithelial	7
GTCACGGTCGAACACT-1	B	8
GTCACGGTCGTGGGTC-1	Epithelial	15
GTCACGGTCTCGGCGA-1	B	1
GTCACGGTCTCTTCTC-1	Epithelial	18
GTCACGGTCTTAATCC-1	Epithelial	2
GTCACTCAGAGGAAGT-1	Epithelial	14
GTCACTCAGGCGACTA-1	Epithelial	2
GTCACTCAGGGTTCCC-1	B	4
GTCACTCAGTAGGTCG-1	Epithelial	18
GTCACTCAGTCATCTG-1	B	13
GTCACTCCAACATAAG-1	B	4
GTCACTCCAACGTACT-1	Epithelial	0
GTCACTCCACGATTAC-1	Epithelial	6
GTCACTCCACTCCACT-1	T	11
GTCACTCCAGCAACGA-1	Epithelial	2
GTCACTCCATGCCTTC-1	B	1
GTCACTCGTAGAACGC-1	B	1
GTCACTCGTATTCTTC-1	Epithelial	15
GTCACTCGTGACGCAA-1	Stromal	5
GTCACTCGTGGCCTTG-1	Epithelial	18
GTCACTCGTGTCTACA-1	B	4
GTCACTCGTTAACTCG-1	B	13
GTCACTCGTTAGGCTT-1	B	8
GTCACTCGTTATAGAG-1	Stromal	5
GTCACTCGTTATGCAC-1	B	1
GTCACTCTCACGTCAA-1	Epithelial	12
GTCACTCTCAGGCGCT-1	B	13
GTCACTCTCCGGGCAT-1	Epithelial	10
GTCACTCTCTGATCCC-1	Epithelial	7
GTCACTCTCTGTGTCC-1	B	8
GTCCATCAGACCAATA-1	Epithelial	2
GTCCATCAGAGAGGTA-1	Myeloid	3
GTCCATCAGCAACGGT-1	Epithelial	12
GTCCATCAGCACCATT-1	B	13
GTCCATCAGCAGAATT-1	B	1
GTCCATCAGTCGACCC-1	Epithelial	18
GTCCATCCAAACTACC-1	Epithelial	7
GTCCATCCAACCTCCT-1	B	1
GTCCATCCACAGGAAC-1	B	8
GTCCATCCACGTTACA-1	T	11
GTCCATCCACTGCTTC-1	B	13
GTCCATCCAGCAACCC-1	Epithelial	12
GTCCATCCAGCTTACA-1	B	8
GTCCATCCAGGATAGC-1	Epithelial	0
GTCCATCCATGGCCTG-1	Myeloid	3
GTCCATCGTCTGCACG-1	Epithelial	17
GTCCATCGTGAGCTAG-1	B	13
GTCCATCGTGCCCGAT-1	T	11
GTCCATCGTTCTTTCA-1	Epithelial	18
GTCCATCGTTTGTGAC-1	B	1
GTCCATCTCCATTGTT-1	Epithelial	14
GTCCATCTCCCACTAC-1	Epithelial	10
GTCCATCTCCGGCTGA-1	Epithelial	7
GTCCATCTCCTTACGC-1	Epithelial	12
GTCCATCTCGATGAAA-1	Epithelial	18
GTCCATCTCGCTTCAC-1	Epithelial	7
GTCCATCTCGTGGTAT-1	Stromal	5
GTCCATCTCTTCAGAG-1	Epithelial	17
GTCGTAAAGAAACGCC-1	B	1
GTCGTAAAGACCGCAA-1	B	4
GTCGTAAAGAGGCCTA-1	Epithelial	6
GTCGTAAAGATGTTGA-1	Epithelial	0
GTCGTAAAGCCATCAT-1	Epithelial	2
GTCGTAAAGCGCCTAC-1	Epithelial	15
GTCGTAAAGGAAACTT-1	T	11
GTCGTAAAGTATACCC-1	T	11
GTCGTAACAAGAGCGT-1	Epithelial	10
GTCGTAACAATTGCCA-1	B	1
GTCGTAACACACACCG-1	B	8
GTCGTAACACAGTTAC-1	Epithelial	12
GTCGTAACAGATACAA-1	Epithelial	18
GTCGTAACAGTAAGCG-1	B	8
GTCGTAAGTACAAGCG-1	Epithelial	18
GTCGTAAGTCTGTCCT-1	Epithelial	16
GTCGTAAGTCTGTTGA-1	Epithelial	16
GTCGTAAGTGCATCAT-1	Epithelial	7
GTCGTAAGTGCATTCA-1	Epithelial	16
GTCGTAAGTTAACCGT-1	B	1
GTCGTAAGTTTAGAAG-1	B	8
GTCGTAATCAGCCGGT-1	B	8
GTCGTAATCAGTGGTT-1	T	11
GTCGTAATCCATGACA-1	T	11
GTCGTAATCCGTTAGA-1	B	13
GTCGTAATCCTCCCAA-1	B	4
GTCGTAATCGGTTAGT-1	B	4
GTCGTAATCTCGTAGA-1	B	1
GTCTACCAGATATGTG-1	T	11
GTCTACCAGATCGCCC-1	B	1
GTCTACCAGGCGTCCT-1	B	13
GTCTACCAGTCGGGAT-1	B	4
GTCTACCCAAATAGTG-1	T	11
GTCTACCCAAGTCTCA-1	B	1
GTCTACCCACCCTTTG-1	Epithelial	2
GTCTACCCAGTTCGGC-1	B	13
GTCTACCCATCATAGC-1	Epithelial	7
GTCTACCGTACGCAAG-1	Epithelial	15
GTCTACCGTAGAGAGA-1	Epithelial	16
GTCTACCGTATTCGAC-1	B	13
GTCTACCGTCTGGTCG-1	B	4
GTCTACCGTGGAAAGA-1	Epithelial	2
GTCTACCGTGGTCGAA-1	Epithelial	18
GTCTACCGTGTCCCAG-1	B	1
GTCTACCGTGTCCTTC-1	Epithelial	6
GTCTACCGTTCACGTA-1	B	19
GTCTACCTCAGTCAAC-1	Epithelial	2
GTCTACCTCATGAACC-1	Epithelial	2
GTCTACCTCCACCTAC-1	B	13
GTCTACCTCGCACCTT-1	Epithelial	7
GTCTACCTCGTGATAC-1	Epithelial	16
GTCTACCTCGTTTGAG-1	B	8
GTCTACCTCTACTTTG-1	Epithelial	2
GTCTACCTCTAGCAAC-1	B	8
GTCTACCTCTTCATAC-1	B	1
GTCTACCTCTTTATCG-1	B	13
GTGACATAGCATGATA-1	Epithelial	6
GTGACATAGCGCGTTC-1	B	1
GTGACATAGTGTTCCA-1	B	1
GTGACATCAAGAGATT-1	Epithelial	7
GTGACATCAGCAGGTA-1	B	1
GTGACATCAGGGCTTC-1	B	8
GTGACATGTATATGGA-1	B	8
GTGACATGTCAAGACG-1	Epithelial	15
GTGACATGTCACCCGA-1	B	8
GTGACATGTCTCTGCT-1	B	8
GTGACATTCAAAGTAG-1	Epithelial	15
GTGACATTCTACTGCC-1	Myeloid	3
GTGACATTCTACTTTG-1	Epithelial	2
GTGATCAAGACAACGC-1	Epithelial	12
GTGATCAAGATAGGTT-1	Epithelial	7
GTGATCAAGCTCGGCT-1	Myeloid	3
GTGATCAAGGGCATTG-1	Epithelial	12
GTGATCAAGGTACTCT-1	Epithelial	2
GTGATCACACAACGGA-1	Epithelial	14
GTGATCACACGTTGTA-1	Epithelial	14
GTGATCACAGATAAGT-1	Epithelial	18
GTGATCACATGCCTTC-1	B	13
GTGATCACATTAGCCA-1	Epithelial	17
GTGATCAGTATCACAC-1	B	8
GTGATCAGTGGACCAA-1	B	1
GTGATCAGTGTGCTTA-1	Epithelial	10
GTGATCAGTGTGTGCC-1	Epithelial	7
GTGATCATCAGCCGGT-1	T	11
GTGATCATCCATAACG-1	Epithelial	10
GTGATCATCCCAATGA-1	B	8
GTGATCATCGATCTTT-1	Epithelial	18
GTGATCATCGGTCGAC-1	Epithelial	10
GTGATCATCGTGGTAT-1	Epithelial	14
GTGATCATCTAGCAAC-1	Epithelial	7
GTGCACGAGAGACTCG-1	B	8
GTGCACGAGAGGCAGG-1	Epithelial	15
GTGCACGAGATATGAC-1	Epithelial	2
GTGCACGAGGCCAGTA-1	B	4
GTGCACGAGTAGTTCC-1	B	13
GTGCACGAGTATGGGC-1	B	13
GTGCACGAGTCCGATT-1	B	8
GTGCACGAGTCTGTGT-1	B	4
GTGCACGAGTGTTCCA-1	B	13
GTGCACGCAAAGCATA-1	B	8
GTGCACGCAACGGGTA-1	Epithelial	2
GTGCACGCAAGCAATA-1	B	1
GTGCACGCAAGCCTTA-1	Epithelial	6
GTGCACGCACAGTTAC-1	B	8
GTGCACGCAGACCTGC-1	Epithelial	17
GTGCACGGTACAACGG-1	Epithelial	14
GTGCACGGTACGGATG-1	B	1
GTGCACGGTATTCGCA-1	B	1
GTGCACGGTCCGTGCA-1	Epithelial	18
GTGCACGGTGGCGCTT-1	B	1
GTGCACGGTTACTTTC-1	B	1
GTGCACGGTTTCTACT-1	Epithelial	12
GTGCACGTCACTGATG-1	Epithelial	14
GTGCACGTCCTCCAGT-1	Epithelial	14
GTGCACGTCCTGAAAC-1	Epithelial	14
GTGCACGTCCTTGACC-1	Epithelial	7
GTGCACGTCGTCTTAT-1	Epithelial	0
GTGCACGTCGTTACAG-1	Epithelial	14
GTGCACGTCGTTGTTT-1	B	8
GTGCACGTCTCAGATG-1	Epithelial	17
GTGCACGTCTCGCGTT-1	B	19
GTGCCAGAGATAGGTT-1	B	8
GTGCCAGAGCCTCGCA-1	Epithelial	7
GTGCCAGCAAATGTCC-1	B	13
GTGCCAGCACTCCCAT-1	Epithelial	14
GTGCCAGCAGATAAGT-1	Epithelial	0
GTGCCAGCATATACGC-1	Epithelial	10
GTGCCAGCATCGGCTG-1	Myeloid	3
GTGCCAGCATGCACTA-1	Myeloid	3
GTGCCAGGTAAACGAT-1	B	8
GTGCCAGGTAGCAGCA-1	Epithelial	7
GTGCCAGGTAGGTGAC-1	Epithelial	14
GTGCCAGGTCAATACC-1	B	1
GTGCCAGGTGATAAGT-1	B	13
GTGCCAGGTGCGTCCA-1	Epithelial	12
GTGCCAGGTGCTTGAT-1	B	1
GTGCCAGGTTCCAGTA-1	Epithelial	15
GTGCCAGGTTGGACGA-1	B	13
GTGCCAGTCACTCCCA-1	Epithelial	17
GTGCCAGTCATCGCAA-1	Epithelial	0
GTGCCAGTCGGTCTAA-1	Epithelial	10
GTGCCAGTCGTCTAGA-1	Epithelial	10
GTGCCAGTCTATCTTG-1	Epithelial	18
GTGCCAGTCTCTATTG-1	B	1
GTGCCAGTCTGAGTAC-1	Epithelial	7
GTGCCAGTCTTCTCTC-1	B	1
GTGCCAGTCTTTCGAT-1	Epithelial	6
GTGCTGGAGAGTGGAA-1	Epithelial	12
GTGCTGGAGGAGTACC-1	Epithelial	0
GTGCTGGAGGATTTGA-1	Epithelial	18
GTGCTGGAGTTAGAGT-1	Myeloid	3
GTGCTGGCAAGTGGCA-1	Epithelial	6
GTGCTGGCACTCCACT-1	B	8
GTGCTGGCACTTGCGG-1	Epithelial	18
GTGCTGGCAGGATAGC-1	Myeloid	3
GTGCTGGCAGGCACAA-1	B	8
GTGCTGGCAGGTGGTA-1	B	8
GTGCTGGCATAGAATG-1	Epithelial	14
GTGCTGGCATCCCGGA-1	Epithelial	10
GTGCTGGCATGTCCCT-1	Epithelial	12
GTGCTGGGTTGGCTAT-1	Epithelial	18
GTGCTGGTCACAAGCT-1	Epithelial	18
GTGCTGGTCATCGCTC-1	Epithelial	10
GTGCTGGTCGAACACT-1	Stromal	5
GTGCTGGTCGAGGCTC-1	Epithelial	7
GTGCTGGTCGAGGTAG-1	T	11
GTGCTGGTCGATAGCT-1	Epithelial	10
GTGCTGGTCGGTAGGA-1	B	1
GTGCTGGTCTCTATCA-1	Myeloid	3
GTGCTGGTCTGAACGT-1	B	8
GTGCTGGTCTGGTACA-1	Epithelial	15
GTGCTGGTCTTGTGCC-1	Epithelial	17
GTGGATTAGAAATGGG-1	Epithelial	14
GTGGATTAGAGCACTG-1	B	1
GTGGATTAGATCCGAG-1	Epithelial	14
GTGGATTAGCGAATAT-1	Epithelial	2
GTGGATTAGCGTAGCA-1	B	1
GTGGATTAGCGTCAAG-1	Stromal	9
GTGGATTAGTATACCC-1	Epithelial	10
GTGGATTAGTGATATG-1	Epithelial	7
GTGGATTAGTGCTGAG-1	Epithelial	17
GTGGATTCAACTACTG-1	B	1
GTGGATTCAAGCACTT-1	Epithelial	12
GTGGATTCAATTGTGC-1	B	13
GTGGATTCACCACAGC-1	B	4
GTGGATTCACTCCTCA-1	B	13
GTGGATTCAGCGCGTT-1	Myeloid	3
GTGGATTCAGGGAGTT-1	B	8
GTGGATTCATGGCCCA-1	B	4
GTGGATTGTAACGGAC-1	B	8
GTGGATTGTAACGGCA-1	B	8
GTGGATTGTAGATGAT-1	Epithelial	0
GTGGATTGTCCAAGAG-1	B	8
GTGGATTGTGGTTCTA-1	Epithelial	18
GTGGATTTCACTAGCA-1	Epithelial	12
GTGGATTTCCGTTAGA-1	Epithelial	17
GTGGATTTCGAAGCCC-1	Epithelial	15
GTGGATTTCGATATGC-1	Stromal	5
GTGGATTTCGGGAAAC-1	B	13
GTGGCGTAGAAGACTT-1	B	1
GTGGCGTAGAAGCCGT-1	B	1
GTGGCGTAGAAGGGCG-1	Epithelial	7
GTGGCGTAGATGTTGA-1	Epithelial	7
GTGGCGTAGCGCAATG-1	B	4
GTGGCGTAGCTAGTTC-1	B	13
GTGGCGTAGGCTTTAC-1	B	8
GTGGCGTAGGTCACTT-1	B	8
GTGGCGTAGGTTCGAG-1	Epithelial	18
GTGGCGTCAAGGAAGA-1	Epithelial	0
GTGGCGTCAAGTGGCA-1	Myeloid	3
GTGGCGTCACGTTGTA-1	B	13
GTGGCGTCACTAGGAG-1	B	4
GTGGCGTCAGATTAAG-1	B	1
GTGGCGTCAGTCAGAG-1	B	4
GTGGCGTCAGTTGCAT-1	Epithelial	2
GTGGCGTCATCGAGTT-1	Epithelial	0
GTGGCGTCATTGAACC-1	Epithelial	2
GTGGCGTCATTTGGCA-1	Epithelial	2
GTGGCGTGTAACGGCA-1	Epithelial	14
GTGGCGTGTCAAGACG-1	Myeloid	3
GTGGCGTGTCAGGTGA-1	B	8
GTGGCGTGTCATGAGG-1	B	13
GTGGCGTGTCTAAGAA-1	Epithelial	10
GTGGCGTGTTCAGTAC-1	Epithelial	12
GTGGCGTTCAGTGTAC-1	Epithelial	12
GTGGCGTTCCTTTGCG-1	B	8
GTGGCGTTCGATCGCG-1	Epithelial	7
GTGGCGTTCGATCTTT-1	Epithelial	2
GTGGCGTTCGATGCAT-1	Epithelial	7
GTGGCGTTCGCTACCT-1	B	13
GTGGCGTTCGGGTCCA-1	B	1
GTGGCGTTCTATAGGC-1	T	11
GTGGCGTTCTATTTCG-1	B	8
GTGGCGTTCTCGCGGA-1	Epithelial	15
GTGGCGTTCTCGTAGA-1	B	13
GTGTCAAAGAGCAGCT-1	Epithelial	2
GTGTCAAAGCTACGCC-1	Epithelial	12
GTGTCAAAGTCTCCAA-1	Epithelial	2
GTGTCAAAGTGGTGTG-1	Epithelial	12
GTGTCAAAGTGTCGGA-1	B	8
GTGTCAACACGCGTTG-1	Epithelial	0
GTGTCAACATACAACC-1	Epithelial	7
GTGTCAACATCATAGC-1	Stromal	9
GTGTCAACATTACTTC-1	Stromal	9
GTGTCAAGTAAACGGC-1	B	1
GTGTCAAGTATCGCGC-1	B	8
GTGTCAAGTCATCAAC-1	Epithelial	0
GTGTCAAGTGCACATT-1	Epithelial	6
GTGTCAAGTTTCCTAT-1	B	1
GTGTCAATCACACGTA-1	Epithelial	14
GTGTCAATCAGGTTTG-1	T	11
GTGTCAATCCCGATTC-1	Epithelial	17
GTGTCAATCCTATCCG-1	Epithelial	0
GTGTCAATCGAGGTAG-1	T	11
GTGTCAATCGCACCGA-1	B	13
GTGTCAATCGCACCTT-1	Stromal	9
GTGTCAATCGGTCTCT-1	Epithelial	2
GTGTCAATCTTATCAC-1	Epithelial	14
GTGTCAATCTTGTCAT-1	Epithelial	16
GTGTCCTAGAAATGGG-1	Epithelial	18
GTGTCCTAGACTTCCA-1	Epithelial	0
GTGTCCTAGAGCCTGA-1	Epithelial	18
GTGTCCTAGCAGTAGC-1	Epithelial	2
GTGTCCTAGTCAGGAC-1	Epithelial	10
GTGTCCTAGTCTCTAG-1	B	19
GTGTCCTCAAATAGTG-1	Epithelial	7
GTGTCCTCAAGAGCGT-1	Epithelial	10
GTGTCCTCACGCGACT-1	Epithelial	17
GTGTCCTCACTCAAGT-1	B	1
GTGTCCTCAGATACAA-1	Epithelial	2
GTGTCCTCAGGACTGA-1	Epithelial	17
GTGTCCTCATTCTCGC-1	Epithelial	7
GTGTCCTGTAATGTAG-1	Myeloid	3
GTGTCCTGTCACAGTT-1	Epithelial	14
GTGTCCTGTCCGTGCA-1	Epithelial	7
GTGTCCTGTCGATTAC-1	B	1
GTGTCCTGTCTCGGGT-1	B	19
GTGTCCTGTCTGGATT-1	Epithelial	7
GTGTCCTGTGTCGTCG-1	B	1
GTGTCCTGTTGTATCG-1	Stromal	5
GTGTCCTTCAGTTGAC-1	Epithelial	7
GTGTCCTTCATGTTCT-1	B	1
GTGTCCTTCCTCATTA-1	B	8
GTGTCCTTCGACGGAA-1	Epithelial	15
GTGTCCTTCGGTCAGC-1	B	13
GTGTCCTTCGGTTGTA-1	B	8
GTGTCCTTCGTCTTAT-1	Epithelial	7
GTGTCCTTCGTGTGCG-1	B	1
GTGTCCTTCTCGCGGA-1	B	8
GTGTCCTTCTCTGACC-1	Epithelial	7
GTGTCCTTCTGTAGAC-1	Epithelial	16
GTGTGATAGCTAGCAG-1	Epithelial	10
GTGTGATAGCTGGAGT-1	B	8
GTGTGATAGGAACCGT-1	Epithelial	14
GTGTGATAGGGCATTG-1	Epithelial	10
GTGTGATAGGTGATGC-1	B	8
GTGTGATAGTCGAAAT-1	B	19
GTGTGATAGTGAACCG-1	B	1
GTGTGATAGTGATATG-1	B	13
GTGTGATAGTTCCAGT-1	B	1
GTGTGATCAATTGTGC-1	Epithelial	12
GTGTGATCACAGAAGC-1	B	13
GTGTGATCACCTACCT-1	Myeloid	3
GTGTGATCACGAACGA-1	Epithelial	12
GTGTGATCAGAACTTC-1	Epithelial	2
GTGTGATCAGGCATCC-1	Epithelial	7
GTGTGATCATAGACGG-1	Epithelial	6
GTGTGATCATGGTATC-1	Epithelial	18
GTGTGATGTAGCGTTT-1	Epithelial	0
GTGTGATGTCTGATTG-1	Stromal	5
GTGTGATGTGGAGTGT-1	Myeloid	3
GTGTGATTCAAGTTGC-1	B	1
GTGTGATTCCCTAAAG-1	Myeloid	3
GTGTGATTCCTTCGAC-1	Epithelial	18
GTGTGATTCGCTATAG-1	Epithelial	12
GTGTGATTCGTGGTAT-1	B	8
GTGTGATTCTCTGCGT-1	Epithelial	7
GTTACGAAGAACGACC-1	Epithelial	6
GTTACGAAGAACGCCA-1	B	4
GTTACGAAGATATGAC-1	Epithelial	18
GTTACGAAGCTTTCCC-1	Epithelial	10
GTTACGAAGGATTGCG-1	B	1
GTTACGACAACTGCGC-1	Epithelial	7
GTTACGACAATTGGCT-1	B	13
GTTACGACAGTTAAAG-1	Epithelial	2
GTTACGACATCACAGT-1	B	1
GTTACGAGTACGTAGG-1	B	8
GTTACGAGTGAAACAT-1	B	1
GTTACGAGTTAACCAC-1	B	8
GTTACGATCATCGCCT-1	Epithelial	0
GTTACGATCCATTGAG-1	B	13
GTTACGATCTGGACAT-1	Epithelial	18
GTTACTTAGAACCATA-1	Epithelial	7
GTTACTTAGAGAGTTT-1	Epithelial	18
GTTACTTAGTGAAGGA-1	B	13
GTTACTTCAACGGACA-1	Epithelial	16
GTTACTTCAAGTCCTA-1	Myeloid	3
GTTACTTCACATGATC-1	Epithelial	2
GTTACTTCACCTACCT-1	Epithelial	12
GTTACTTCAGTGGTCC-1	B	13
GTTACTTCATTGATGC-1	Epithelial	15
GTTACTTGTAACTCCA-1	Epithelial	6
GTTACTTGTCATAAGA-1	Epithelial	17
GTTACTTGTGCTTTGA-1	B	8
GTTACTTTCCACTAGA-1	B	1
GTTACTTTCCTTGACC-1	B	13
GTTACTTTCGATAGCT-1	Epithelial	7
GTTACTTTCGCTATAG-1	Epithelial	17
GTTACTTTCGTTACAG-1	T	11
GTTACTTTCTCCAACC-1	Epithelial	15
GTTACTTTCTGTAGAC-1	Epithelial	0
GTTATGGAGAAGCCTG-1	Epithelial	7
GTTATGGAGCCCATTA-1	Epithelial	2
GTTATGGAGCGCCTAC-1	Epithelial	0
GTTATGGAGTCGAAAT-1	Epithelial	6
GTTATGGAGTTCAGGG-1	Myeloid	3
GTTATGGAGTTGGAAT-1	Myeloid	3
GTTATGGCAACGTACT-1	Myeloid	3
GTTATGGCAAGACTTC-1	B	8
GTTATGGCAAGCAATA-1	B	1
GTTATGGCAAGGTTCT-1	B	8
GTTATGGCAGTTACAC-1	Epithelial	12
GTTATGGCATAGCCAT-1	Epithelial	2
GTTATGGCATCGGCTG-1	T	11
GTTATGGCATTACACG-1	B	1
GTTATGGGTAGACACG-1	Epithelial	18
GTTATGGGTAGAGAGA-1	Stromal	9
GTTATGGGTATGCTAC-1	B	4
GTTATGGGTCTCTGCT-1	Stromal	9
GTTATGGGTGAGTAAT-1	Epithelial	2
GTTATGGGTGCATCAT-1	B	13
GTTATGGGTGCCCGAT-1	Epithelial	15
GTTATGGGTGGAAAGA-1	Epithelial	14
GTTATGGGTTAACCGT-1	Epithelial	6
GTTATGGGTTCCGCGA-1	Epithelial	17
GTTATGGGTTTGGATC-1	Epithelial	17
GTTATGGTCATCGCAA-1	B	8
GTTATGGTCCGATGCG-1	B	1
GTTATGGTCCTAAAGC-1	B	13
GTTATGGTCGCCGAAC-1	Epithelial	17
GTTATGGTCTCTGAGA-1	Epithelial	17
GTTATTCAGAAATACC-1	B	1
GTTATTCAGAACGTCG-1	T	11
GTTATTCAGAGTTCGG-1	Epithelial	7
GTTATTCAGCAGGACT-1	B	8
GTTATTCAGCTAGCAG-1	B	13
GTTATTCAGGTGATGC-1	Epithelial	18
GTTATTCAGTAATCAG-1	B	13
GTTATTCAGTAGGAAG-1	Epithelial	6
GTTATTCAGTCAACTC-1	B	4
GTTATTCAGTCATACC-1	B	1
GTTATTCAGTTACCAC-1	Epithelial	10
GTTATTCCACCCTTAC-1	Epithelial	6
GTTATTCCACCTGTGG-1	Epithelial	12
GTTATTCCAGAACAGC-1	Epithelial	10
GTTATTCCAGAGAGAA-1	B	1
GTTATTCCAGAGCCAA-1	Myeloid	3
GTTATTCCAGGGAGTT-1	B	1
GTTATTCGTATCCTTT-1	B	13
GTTATTCGTCCAGACC-1	Epithelial	10
GTTATTCGTCTGTTGA-1	Epithelial	18
GTTATTCGTGATCAGG-1	T	11
GTTATTCGTGCTTCCT-1	Epithelial	15
GTTATTCGTTCCGGCA-1	B	13
GTTATTCTCACATTCT-1	Epithelial	17
GTTATTCTCAGTGTGT-1	Epithelial	10
GTTATTCTCCATCATT-1	B	8
GTTATTCTCCTGAAAC-1	Epithelial	10
GTTATTCTCGCAACTA-1	Epithelial	7
GTTATTCTCGGATAGG-1	Epithelial	2
GTTATTCTCGTTGTAG-1	B	1
GTTATTCTCTATGAGC-1	B	1
GTTATTCTCTTGGCCT-1	Epithelial	7
GTTCAAGAGAAGGGCG-1	B	13
GTTCAAGAGATTAGAC-1	Epithelial	18
GTTCAAGAGCGCACAA-1	B	4
GTTCAAGAGGATCCTT-1	B	1
GTTCAAGAGGATTGCG-1	B	1
GTTCAAGAGGGCGAAG-1	Epithelial	12
GTTCAAGAGTATAGTG-1	B	8
GTTCAAGAGTTCAAGA-1	B	1
GTTCAAGCAAATTGAG-1	B	13
GTTCAAGCAACTCGAT-1	Epithelial	17
GTTCAAGCAAGAAACT-1	Myeloid	3
GTTCAAGCACGCGTTG-1	Epithelial	10
GTTCAAGCATACAACC-1	B	4
GTTCAAGCATTCTTTG-1	Epithelial	7
GTTCAAGGTCGCTACG-1	B	1
GTTCAAGGTGACCAGA-1	B	8
GTTCAAGGTTCTTTCA-1	B	8
GTTCAAGGTTTCTACT-1	B	13
GTTCAAGTCCAGTACA-1	Epithelial	2
GTTCAAGTCCATAACG-1	T	11
GTTCAAGTCCGAGGAA-1	B	1
GTTCAAGTCGGTCAGC-1	Epithelial	7
GTTCAAGTCGTTCCGT-1	B	19
GTTCAAGTCTGCTACC-1	Epithelial	0
GTTCAAGTCTTCTCTC-1	B	8
GTTCAAGTCTTTATCG-1	T	11
GTTGGGCAGAAGAGTG-1	Epithelial	16
GTTGGGCAGAGCCTGA-1	Epithelial	7
GTTGGGCAGCATGATA-1	Epithelial	12
GTTGGGCAGGACTTTC-1	B	1
GTTGGGCAGGGAGTTC-1	B	8
GTTGGGCAGGTAAGCC-1	Epithelial	15
GTTGGGCAGGTACATA-1	Epithelial	10
GTTGGGCAGTATCTGC-1	B	4
GTTGGGCAGTGAGTGC-1	Epithelial	12
GTTGGGCCAAATGCTC-1	Epithelial	12
GTTGGGCCAACGTACT-1	Epithelial	7
GTTGGGCCAAGTAACA-1	Epithelial	6
GTTGGGCCAAGTCCTA-1	Epithelial	7
GTTGGGCCAAGTTCGT-1	Stromal	5
GTTGGGCCAGAAGTGC-1	B	8
GTTGGGCCAGAGCCAA-1	Epithelial	2
GTTGGGCCAGTAACGG-1	B	13
GTTGGGCCAGTAACTC-1	Epithelial	2
GTTGGGCCATGGGACA-1	Myeloid	3
GTTGGGCCATTGCACA-1	B	1
GTTGGGCGTAACTGAA-1	Epithelial	7
GTTGGGCGTACTATGC-1	B	13
GTTGGGCGTCATAAGA-1	Epithelial	10
GTTGGGCGTGAGTTGG-1	B	1
GTTGGGCGTGATTCCA-1	B	1
GTTGGGCGTTCAGTTG-1	Epithelial	15
GTTGGGCGTTCCCTTG-1	Epithelial	2
GTTGGGCGTTTCGACA-1	Myeloid	3
GTTGGGCTCACTAGGT-1	B	8
GTTGGGCTCCTGGAAT-1	Epithelial	10
GTTGGGCTCGAGTTAC-1	Epithelial	17
GTTGGGCTCGCAGATT-1	Epithelial	15
GTTGGGCTCGCCCTTA-1	B	13
GTTGGGCTCTCATATC-1	Epithelial	15
GTTGGGCTCTCTGACC-1	Epithelial	17
GTTGGTAAGAACGACC-1	Myeloid	3
GTTGGTAAGCGAATAT-1	Myeloid	3
GTTGGTAAGTATCTGC-1	Epithelial	6
GTTGGTAAGTCTGCTA-1	Epithelial	17
GTTGGTAAGTGCTGAG-1	Epithelial	12
GTTGGTACAGAAGTGC-1	Epithelial	18
GTTGGTACAGGACTGA-1	Epithelial	7
GTTGGTACAGGTGTCC-1	Epithelial	7
GTTGGTAGTCCGCTTT-1	Myeloid	3
GTTGGTAGTCGATTAC-1	B	19
GTTGGTAGTGTACGCC-1	Epithelial	17
GTTGGTAGTGTTAGAA-1	B	8
GTTGGTAGTGTTGGTT-1	B	1
GTTGGTATCACTAGGT-1	B	8
GTTGGTATCATGAACC-1	Epithelial	10
GTTGGTATCCCAGTAA-1	T	11
GTTGGTATCCGTTTCG-1	Epithelial	15
GTTGGTATCGATATGC-1	B	1
GTTGGTATCGCCTTAC-1	B	1
GTTGGTATCGCGCTGA-1	B	8
GTTGGTATCGTGATAC-1	Epithelial	6
GTTGGTATCGTGCTGG-1	Epithelial	2
GTTGGTATCTACTTTG-1	Epithelial	2
GTTGGTATCTATCTAC-1	Myeloid	3
GTTGGTATCTTTCGAT-1	T	11
TAAACCGAGCCATCAT-1	Epithelial	16
TAAACCGAGGAACCGT-1	Stromal	5
TAAACCGAGGTTGTGG-1	Epithelial	7
TAAACCGAGTTAGCGG-1	Epithelial	6
TAAACCGAGTTCAAGA-1	B	13
TAAACCGCAAATTGAG-1	B	13
TAAACCGCACAGTTAC-1	Epithelial	10
TAAACCGCACAGTTCA-1	B	8
TAAACCGCAGATAAGT-1	Epithelial	12
TAAACCGCATCTCTCG-1	B	1
TAAACCGCATGGCCCA-1	T	11
TAAACCGCATGTCCCT-1	B	8
TAAACCGGTATGTCCA-1	B	1
TAAACCGGTATTCTGG-1	Epithelial	6
TAAACCGGTCGTCGCA-1	Epithelial	2
TAAACCGGTGTCGTGC-1	Epithelial	0
TAAACCGGTTGCTTGA-1	B	1
TAAACCGGTTTGTCTT-1	Epithelial	7
TAAACCGTCAATTGGC-1	B	13
TAAACCGTCAGCACTA-1	B	13
TAAACCGTCAGGTCTA-1	B	1
TAAACCGTCCAAACCA-1	B	13
TAAACCGTCCTAAGTG-1	B	19
TAAACCGTCGATGCAT-1	B	8
TAAACCGTCGGGTCCA-1	B	4
TAAACCGTCGTGGGTC-1	Epithelial	12
TAACAGCAGACCCTAT-1	B	1
TAACAGCAGATATGAC-1	Epithelial	7
TAACAGCAGATGTTGA-1	Stromal	9
TAACAGCAGATTCCGT-1	Epithelial	12
TAACAGCAGGCGATTG-1	Epithelial	17
TAACAGCAGTAACTCC-1	Epithelial	2
TAACAGCAGTTGGAAT-1	Epithelial	15
TAACAGCCAAGTAATG-1	Epithelial	12
TAACAGCCAAGTCTGT-1	B	8
TAACAGCCAATTGCCA-1	Epithelial	6
TAACAGCCAGGTAGCA-1	Epithelial	17
TAACAGCCATATACGC-1	B	1
TAACAGCCATGATCGT-1	B	13
TAACAGCGTCACCCGA-1	B	8
TAACAGCGTTCCCTTG-1	Epithelial	17
TAACAGCTCAAATGGA-1	B	8
TAACAGCTCCAGGTCG-1	Epithelial	6
TAACAGCTCGCGCTGA-1	B	8
TAACAGCTCTCTTCCT-1	Epithelial	18
TAACAGCTCTGGTACA-1	B	8
TAACAGCTCTTCATAC-1	Epithelial	18
TAACGGTAGACTCTTG-1	Epithelial	12
TAACGGTAGAGGTACC-1	Epithelial	18
TAACGGTAGCAATGTA-1	Myeloid	3
TAACGGTAGCAGGACT-1	Epithelial	2
TAACGGTAGGGTAATT-1	B	1
TAACGGTCAACGAGGT-1	Epithelial	14
TAACGGTCAACGCAAG-1	Epithelial	15
TAACGGTCAACTACTG-1	Epithelial	18
TAACGGTCACTAAACC-1	Epithelial	0
TAACGGTCAGCAACAG-1	Epithelial	18
TAACGGTCATCAGAAA-1	B	4
TAACGGTCATCGGCTG-1	Stromal	9
TAACGGTCATGATCGT-1	Epithelial	18
TAACGGTCATTGTTCT-1	Epithelial	0
TAACGGTGTACCCATA-1	B	8
TAACGGTGTGACAAGC-1	Epithelial	10
TAACGGTGTGGCCTCA-1	B	4
TAACGGTGTGGTCGAA-1	B	1
TAACGGTGTTGGCTTA-1	B	4
TAACGGTGTTTCGTTT-1	Epithelial	12
TAACGGTTCAGGTTTG-1	Epithelial	0
TAACGGTTCCAACCTC-1	Epithelial	15
TAACGGTTCTAGCAAC-1	B	8
TAACTTCAGAACCATA-1	B	8
TAACTTCAGAGTGGAA-1	B	8
TAACTTCAGCGGACTA-1	Epithelial	18
TAACTTCAGCTATCGT-1	Epithelial	14
TAACTTCAGGAGAACA-1	Epithelial	7
TAACTTCAGGCTTAAA-1	Epithelial	6
TAACTTCAGTTACACC-1	B	13
TAACTTCCAACGTAGG-1	Epithelial	17
TAACTTCCACAAGTGG-1	B	1
TAACTTCCACGATTAC-1	B	4
TAACTTCCAGGGTAAC-1	Myeloid	3
TAACTTCCATAGCCGC-1	Epithelial	12
TAACTTCCATCCCTCA-1	Epithelial	18
TAACTTCGTAACGGCA-1	T	11
TAACTTCGTAACGTAA-1	Epithelial	7
TAACTTCGTACGCAAG-1	B	8
TAACTTCGTACGTAGG-1	Epithelial	7
TAACTTCGTCAGAAAT-1	B	1
TAACTTCGTCCAACCG-1	Epithelial	6
TAACTTCGTGTGCTTA-1	B	1
TAACTTCGTTACGAAA-1	Epithelial	2
TAACTTCTCAGAATGA-1	Epithelial	18
TAACTTCTCAGTGTGT-1	Epithelial	10
TAACTTCTCGCAGATT-1	Epithelial	0
TAAGCCAAGAGGAACA-1	B	8
TAAGCCAAGGCAAGGG-1	B	1
TAAGCCAAGGCCTCTG-1	Stromal	5
TAAGCCAAGGCTCCTG-1	Epithelial	0
TAAGCCACAACTCCCT-1	B	8
TAAGCCACAAGAGCGT-1	B	13
TAAGCCACACAACGGA-1	B	1
TAAGCCACACATATCG-1	Epithelial	12
TAAGCCACATGATTGC-1	T	11
TAAGCCAGTCAACGGA-1	Epithelial	15
TAAGCCAGTCACCCGA-1	Epithelial	10
TAAGCCAGTCTGCACG-1	Epithelial	12
TAAGCCAGTGCAAGAC-1	Epithelial	7
TAAGCCAGTGCCCAGT-1	B	8
TAAGCCAGTGGAAGCT-1	B	8
TAAGCCAGTGTTGTTG-1	B	1
TAAGCCAGTTTGTCTT-1	B	8
TAAGCCATCAAACCAC-1	T	11
TAAGCCATCAGGTTTG-1	Epithelial	6
TAAGCCATCCTAAAGC-1	Myeloid	3
TAAGCCATCCTGGGAC-1	B	8
TAAGTGCAGACCCATT-1	T	11
TAAGTGCAGATGCGCA-1	T	11
TAAGTGCAGCGAGCTA-1	Epithelial	18
TAAGTGCAGCTGAAAT-1	Epithelial	15
TAAGTGCAGGCAGATC-1	Epithelial	16
TAAGTGCCAAATTCCG-1	Epithelial	7
TAAGTGCCAAGACACG-1	B	1
TAAGTGCCAATTAGGA-1	Epithelial	7
TAAGTGCCACTGTAAC-1	Epithelial	10
TAAGTGCGTACTTCGA-1	Epithelial	2
TAAGTGCGTGAGTCGA-1	Epithelial	14
TAAGTGCGTGCAAGCA-1	Epithelial	7
TAAGTGCGTGCGTTTA-1	B	4
TAAGTGCGTGGTAGAC-1	Epithelial	2
TAAGTGCGTTAGGAAT-1	B	8
TAAGTGCGTTCCCGGA-1	B	4
TAAGTGCTCAATTCCT-1	B	1
TAAGTGCTCGATAGGG-1	Epithelial	12
TAAGTGCTCGGATAAA-1	Epithelial	10
TAAGTGCTCTGGACAT-1	Epithelial	15
TAAGTGCTCTTCGTTA-1	B	19
TAATCGGAGACGAAAG-1	B	8
TAATCGGAGACTAGCG-1	B	1
TAATCGGAGACTTCCA-1	B	13
TAATCGGAGCGTGTTT-1	Epithelial	7
TAATCGGAGCTCGGCT-1	B	13
TAATCGGAGGAGAACA-1	Epithelial	18
TAATCGGAGTACGACG-1	Epithelial	7
TAATCGGAGTAGGTCG-1	Epithelial	12
TAATCGGAGTCCCTCT-1	B	8
TAATCGGCAACCTCCT-1	Epithelial	18
TAATCGGCACTTGCGG-1	Epithelial	2
TAATCGGCAGATAAGT-1	B	1
TAATCGGCATGATTGC-1	Epithelial	14
TAATCGGCATGGAGGT-1	Epithelial	7
TAATCGGGTAACGGCA-1	B	1
TAATCGGGTAAGTGCG-1	Epithelial	18
TAATCGGGTACGGTTT-1	T	11
TAATCGGGTAGTTTGC-1	Epithelial	15
TAATCGGGTATACGCT-1	B	8
TAATCGGGTCAATACC-1	B	4
TAATCGGGTCAGCAAG-1	Epithelial	17
TAATCGGGTCTGGGCT-1	Epithelial	12
TAATCGGGTGCAAGAC-1	Myeloid	3
TAATCGGGTGGTACTT-1	B	8
TAATCGGGTTCCATCC-1	Epithelial	7
TAATCGGGTTCCCAAA-1	Epithelial	17
TAATCGGGTTCTGATG-1	B	1
TAATCGGGTTTCTCTA-1	Epithelial	6
TAATCGGTCAAAGTAG-1	Epithelial	15
TAATCGGTCACGTCAA-1	Epithelial	18
TAATCGGTCACTACCC-1	Epithelial	15
TAATCGGTCAGGATCT-1	B	8
TAATCGGTCCATGTTT-1	Epithelial	6
TAATCGGTCGTCCCAT-1	Myeloid	3
TAATCGGTCTGGCCAG-1	Epithelial	17
TAATTCCAGAACCCGA-1	Epithelial	12
TAATTCCAGACGTCAG-1	Epithelial	6
TAATTCCAGAGGAACA-1	B	8
TAATTCCAGGCAAGGG-1	B	13
TAATTCCAGGTTACAA-1	Epithelial	16
TAATTCCAGTATCTGC-1	Myeloid	3
TAATTCCAGTCTGCTA-1	Epithelial	16
TAATTCCCAAAGCATA-1	Epithelial	18
TAATTCCCAAGCGTCC-1	Epithelial	12
TAATTCCCACGACGAA-1	B	13
TAATTCCGTCAACTGT-1	Epithelial	16
TAATTCCGTCACCCGA-1	Myeloid	3
TAATTCCGTGAGTTGG-1	Epithelial	12
TAATTCCGTGCATCAT-1	Epithelial	10
TAATTCCGTTCTTTCA-1	Epithelial	7
TAATTCCGTTGTCGGC-1	Epithelial	2
TAATTCCTCACTGATG-1	Epithelial	10
TAATTCCTCCCTACCA-1	Epithelial	10
TAATTCCTCCGTACGG-1	T	11
TAATTCCTCTATTTCG-1	B	4
TAATTCCTCTGGACAT-1	Epithelial	7
TAATTCCTCTTGTCAT-1	B	8
TACAGCAAGACTTCCA-1	B	1
TACAGCAAGAGCGAAA-1	B	13
TACAGCAAGCTGATTC-1	Epithelial	15
TACAGCAAGCTTACCA-1	B	1
TACAGCAAGGCAAGGG-1	Epithelial	6
TACAGCAAGGCGACTA-1	B	1
TACAGCAAGTAGGTCG-1	B	8
TACAGCAAGTAGTCGG-1	Myeloid	3
TACAGCAAGTCCGGAA-1	Epithelial	7
TACAGCAAGTTCAACC-1	Epithelial	2
TACAGCACAAGTGGCA-1	Epithelial	16
TACAGCACAATCAGGG-1	B	4
TACAGCACAATGATGA-1	Epithelial	7
TACAGCACATCCATAG-1	B	4
TACAGCAGTATCATGC-1	B	8
TACAGCAGTATGTTCG-1	Epithelial	2
TACAGCAGTCAGAGTG-1	Stromal	5
TACAGCAGTCCAACCG-1	Epithelial	7
TACAGCAGTCCATTGA-1	B	1
TACAGCAGTGCGACCT-1	Epithelial	0
TACAGCAGTGCGCTCA-1	B	1
TACAGCAGTGGTAAGC-1	Stromal	5
TACAGCAGTTAGGCTT-1	B	8
TACAGCAGTTGCAGAG-1	Epithelial	10
TACAGCATCAGGAAGC-1	Epithelial	16
TACAGCATCCGATTGA-1	Epithelial	14
TACAGCATCGATGTAC-1	Epithelial	0
TACAGCATCGCTCGGA-1	Epithelial	7
TACAGCATCTACATCT-1	Epithelial	6
TACATGGAGAACTAAC-1	Myeloid	3
TACATGGAGACGAAAG-1	B	8
TACATGGAGAGGAACA-1	Epithelial	17
TACATGGAGAGTTTGA-1	Epithelial	15
TACATGGAGCAGGACT-1	Epithelial	7
TACATGGAGGCTCCTG-1	B	1
TACATGGAGGGCTTCC-1	Epithelial	15
TACATGGAGTCCGATT-1	Epithelial	7
TACATGGCAAGTAACA-1	Epithelial	6
TACATGGCAAGTTGCT-1	Epithelial	0
TACATGGCACAAGGGT-1	B	13
TACATGGCAGTAACGG-1	Epithelial	12
TACATGGCATAGAATG-1	Epithelial	18
TACATGGCATGCCCTT-1	Epithelial	7
TACATGGCATGGATGG-1	B	8
TACATGGCATTCACCC-1	Epithelial	7
TACATGGGTAACGGTG-1	Stromal	5
TACATGGGTACGCCCA-1	Epithelial	18
TACATGGGTCAGGCTC-1	B	1
TACATGGGTCCCTAAA-1	B	8
TACATGGGTGCTTTGA-1	B	1
TACATGGGTGGACGAT-1	Epithelial	6
TACATGGGTGTCCAGC-1	B	1
TACATGGGTTTAGAAG-1	B	8
TACATGGTCACAAGCT-1	Myeloid	3
TACATGGTCGAGTGTT-1	B	8
TACATGGTCTAAACGC-1	Epithelial	15
TACATGGTCTGTAGAC-1	Epithelial	17
TACATTCAGAAAGGGT-1	Epithelial	16
TACATTCAGACGCCAA-1	B	8
TACATTCAGAGCTGTG-1	T	11
TACATTCAGATTCCGT-1	Epithelial	17
TACATTCAGATTGACA-1	Epithelial	16
TACATTCAGCAGAGCT-1	Epithelial	18
TACATTCAGCAGGAGG-1	B	1
TACATTCAGGTACATA-1	B	1
TACATTCAGTAGACCG-1	Epithelial	6
TACATTCAGTTCAGGG-1	Epithelial	16
TACATTCCAAAGCTGG-1	B	8
TACATTCCACTGTCGG-1	Stromal	9
TACATTCCAGGCTACC-1	Epithelial	0
TACATTCCAGTAGTCT-1	B	1
TACATTCCATAGTCCA-1	B	13
TACATTCGTGAATCAA-1	Epithelial	0
TACATTCGTGCATTGT-1	Epithelial	18
TACATTCGTTGCAGCC-1	Epithelial	12
TACATTCGTTGTATCG-1	Epithelial	18
TACATTCGTTTAGGAA-1	B	1
TACATTCTCCGTACGG-1	Epithelial	12
TACATTCTCGATCGCG-1	B	1
TACATTCTCGCTTGAA-1	Epithelial	2
TACATTCTCGTGTGCG-1	Epithelial	7
TACATTCTCGTTCTAT-1	B	1
TACATTCTCTACTGCC-1	B	4
TACATTCTCTGTCGGG-1	Stromal	9
TACATTCTCTTAAGCG-1	B	13
TACCCTGAGAGCTGTG-1	B	1
TACCCTGAGCGCAATG-1	B	4
TACCCTGAGGGCGAAG-1	B	1
TACCCTGAGTAGGAAG-1	B	1
TACCCTGAGTCCGGAA-1	Epithelial	2
TACCCTGAGTCGAAAT-1	Epithelial	18
TACCCTGAGTTCAGGG-1	Epithelial	6
TACCCTGCAACGGGTA-1	Epithelial	17
TACCCTGCACCTCGTT-1	B	8
TACCCTGCACGTGAAG-1	B	1
TACCCTGCACGTTAGT-1	Epithelial	12
TACCCTGCACTCGTGG-1	B	4
TACCCTGCATTCGTCC-1	Epithelial	0
TACCCTGGTCGAGGAT-1	Epithelial	7
TACCCTGGTCTGAGCC-1	Epithelial	0
TACCCTGGTGGATTTC-1	Stromal	9
TACCCTGGTGTCGTGC-1	Epithelial	7
TACCCTGGTTACGGAG-1	Epithelial	14
TACCCTGGTTGCCTGG-1	B	1
TACCCTGGTTGTCGGC-1	Epithelial	17
TACCCTGGTTTCTCTA-1	Epithelial	7
TACCCTGTCGCTACCT-1	Epithelial	18
TACCCTGTCGGTCAGC-1	B	4
TACCCTGTCGTGGTAT-1	B	8
TACCCTGTCTAGCTGA-1	Epithelial	7
TACCCTGTCTCATCCG-1	B	1
TACCCTGTCTGTGTGA-1	Epithelial	7
TACCCTGTCTGTTTAC-1	Epithelial	14
TACCTATAGCTAACAA-1	Myeloid	3
TACCTATAGGATGCCA-1	Epithelial	18
TACCTATAGGCTGGAT-1	Epithelial	16
TACCTATAGGGATCCA-1	Epithelial	12
TACCTATAGGGCTCTC-1	B	1
TACCTATAGGTTTCTG-1	Epithelial	15
TACCTATAGTAGAAGG-1	B	4
TACCTATAGTCCCTCT-1	B	4
TACCTATAGTCCGATT-1	Epithelial	10
TACCTATCACTTGCGG-1	B	1
TACCTATCATGTCCCT-1	T	11
TACCTATGTACGCCCA-1	Stromal	9
TACCTATGTCCAGACC-1	Epithelial	16
TACCTATGTCTAAAGA-1	Epithelial	10
TACCTATGTTACGAAA-1	Epithelial	15
TACCTATGTTTGTAGC-1	Epithelial	16
TACCTATTCAAAGTAG-1	Epithelial	15
TACCTATTCCCAGCAG-1	Epithelial	18
TACCTATTCTCTGCAC-1	B	13
TACCTATTCTTATCAC-1	B	13
TACCTCGAGATCGAGC-1	B	13
TACCTCGAGCCTATAC-1	Stromal	5
TACCTCGAGGGAGTTC-1	B	4
TACCTCGAGGTCGTTT-1	Epithelial	18
TACCTCGAGTCATCTG-1	B	1
TACCTCGCAATTGTGC-1	B	13
TACCTCGCACCGTCTT-1	Epithelial	12
TACCTCGCAGCAACAG-1	B	1
TACCTCGCATGACTGT-1	T	11
TACCTCGGTAACATAG-1	Epithelial	18
TACCTCGGTAGCTGTT-1	Epithelial	15
TACCTCGGTATACGCT-1	Epithelial	12
TACCTCGGTCAAGACG-1	B	8
TACCTCGGTCATCAAC-1	T	11
TACCTCGTCACGGGTC-1	Epithelial	15
TACCTCGTCCAATAGC-1	Stromal	5
TACCTCGTCCCGTATC-1	B	4
TACCTCGTCCTAAGTG-1	B	8
TACCTCGTCGGACGAA-1	B	1
TACCTCGTCGGTCCGA-1	Myeloid	3
TACCTCGTCGTCGCAG-1	Epithelial	12
TACCTCGTCTTGCGCT-1	Epithelial	17
TACGCAAAGAGGTACC-1	Epithelial	6
TACGCAAAGATCGAGC-1	B	8
TACGCAAAGATGCGAC-1	Epithelial	6
TACGCAAAGGCTCAGA-1	Epithelial	6
TACGCAAAGGTGTTGG-1	Epithelial	10
TACGCAAAGTCATCTG-1	Epithelial	14
TACGCAACAAAGAGAG-1	B	8
TACGCAACAAGGTTCT-1	Epithelial	0
TACGCAACACGCGTTG-1	B	13
TACGCAACAGAACGAC-1	Epithelial	10
TACGCAACAGATGGCA-1	Stromal	5
TACGCAACAGCAGGTA-1	Epithelial	10
TACGCAACAGTAAGAT-1	B	19
TACGCAACAGTAGTCT-1	Epithelial	12
TACGCAACATTCCCGT-1	B	1
TACGCAAGTAACCATC-1	B	8
TACGCAAGTAATGCAA-1	B	8
TACGCAAGTACGGTTT-1	Epithelial	12
TACGCAAGTCCAAGAG-1	Epithelial	14
TACGCAAGTGTACGCC-1	Epithelial	18
TACGCAAGTTCTGAAC-1	Epithelial	2
TACGCAAGTTTGACCA-1	Epithelial	10
TACGCAATCAATCGTG-1	B	1
TACGCAATCCACGGCA-1	Epithelial	7
TACGCAATCCCTATTA-1	B	13
TACGCAATCGCAACTA-1	B	1
TACGCAATCGCTTCAC-1	Epithelial	10
TACGCAATCGTCTAGA-1	Epithelial	6
TACGCAATCTGACTTT-1	Epithelial	10
TACGCAATCTTGTACT-1	B	13
TACGCCTAGAGAAGCA-1	Epithelial	6
TACGCCTAGCAGGAGG-1	Epithelial	7
TACGCCTAGCCTTTGA-1	B	1
TACGCCTAGTGGACGT-1	B	8
TACGCCTAGTTGCCGC-1	Epithelial	2
TACGCCTCAAATTGAG-1	Epithelial	17
TACGCCTCAAGCTTTG-1	Epithelial	2
TACGCCTCACACACAT-1	Epithelial	2
TACGCCTCACCCATCT-1	Epithelial	7
TACGCCTCACTGCTCT-1	Epithelial	15
TACGCCTCAGTGCTCG-1	Epithelial	15
TACGCCTCATCCCTCA-1	Myeloid	3
TACGCCTCATTTGGCA-1	B	1
TACGCCTGTCAACTGT-1	Epithelial	7
TACGCCTGTCATAAGA-1	Epithelial	18
TACGCCTGTCATCAAC-1	Epithelial	6
TACGCCTGTCCGCTTT-1	Epithelial	12
TACGCCTGTTCACGTA-1	Epithelial	7
TACGCCTGTTTGTACG-1	Epithelial	12
TACGCCTTCAGTCACA-1	Epithelial	7
TACGCCTTCCCACTAC-1	Epithelial	18
TACGCCTTCGGCATAT-1	B	8
TACGCCTTCTTCAGAG-1	Epithelial	14
TACGGATAGCCAGAAC-1	Stromal	5
TACGGATAGTACAGTA-1	Epithelial	7
TACGGATAGTACTCTG-1	B	1
TACGGATAGTGGGACT-1	Epithelial	2
TACGGATAGTGGTGTG-1	Epithelial	0
TACGGATAGTGTGTAA-1	Epithelial	10
TACGGATCAAGTTCGT-1	Epithelial	10
TACGGATCAATGATGA-1	B	1
TACGGATCACGAACGA-1	Epithelial	12
TACGGATCACGCGCAT-1	B	8
TACGGATCAGAAAGAG-1	Epithelial	2
TACGGATCAGCAGGTA-1	Epithelial	7
TACGGATCAGTAACTC-1	Epithelial	2
TACGGATCATACAACC-1	B	13
TACGGATCATCAACTG-1	B	8
TACGGATGTAACACTC-1	B	1
TACGGATGTATGAAGT-1	Epithelial	10
TACGGATGTCAACAGG-1	Epithelial	2
TACGGATGTCTGGATT-1	Epithelial	6
TACGGATGTGATGCGA-1	Epithelial	2
TACGGATGTGGAAAGA-1	B	19
TACGGATGTTGCAGAG-1	B	1
TACGGATTCATCGCAA-1	Epithelial	17
TACGGATTCCAGGTCG-1	T	11
TACGGATTCCCACGGA-1	B	13
TACGGATTCGCACCGA-1	Epithelial	15
TACGGATTCTCTATCA-1	Epithelial	10
TACTAGGAGAATGCTA-1	B	8
TACTAGGAGAGGAATG-1	Epithelial	17
TACTAGGAGATGGGAA-1	Myeloid	3
TACTAGGAGCAGTAGC-1	Epithelial	12
TACTAGGAGCCATTCA-1	B	19
TACTAGGAGGTACACG-1	Myeloid	3
TACTAGGAGGTCGTTT-1	Epithelial	0
TACTAGGCAACTCGTA-1	Epithelial	7
TACTAGGCAAGGTCGA-1	Epithelial	15
TACTAGGCAATGTAAG-1	Epithelial	12
TACTAGGCAATTGTGC-1	Epithelial	12
TACTAGGCACTGATAC-1	B	8
TACTAGGCACTGATTG-1	Epithelial	17
TACTAGGCAGATTAAG-1	Epithelial	7
TACTAGGCAGGGAGTT-1	Epithelial	16
TACTAGGCAGTCCTGG-1	B	1
TACTAGGCATACCCGG-1	Epithelial	17
TACTAGGCATCCCAAA-1	B	8
TACTAGGCATCCGTAA-1	B	13
TACTAGGCATCCGTGG-1	B	13
TACTAGGCATGCGCTG-1	B	8
TACTAGGCATTGATGC-1	B	1
TACTAGGGTCTGTCCT-1	Epithelial	17
TACTAGGGTGAATACA-1	Epithelial	14
TACTAGGGTGAGGGTT-1	Stromal	5
TACTAGGGTTTCACCC-1	Epithelial	2
TACTAGGTCCCGAAGC-1	Epithelial	0
TACTAGGTCCTGTAGA-1	B	4
TACTAGGTCCTTACGC-1	Epithelial	10
TACTAGGTCGATCTTT-1	Epithelial	15
TACTAGGTCGCTGATA-1	T	11
TACTAGGTCGGCATAT-1	B	13
TACTCGCAGAACCCGA-1	Epithelial	12
TACTCGCAGACCCATT-1	B	4
TACTCGCAGCTGCCAC-1	Epithelial	12
TACTCGCAGCTGGAGT-1	Epithelial	12
TACTCGCAGGCAGATC-1	Epithelial	17
TACTCGCAGTGTAATG-1	Epithelial	6
TACTCGCCAACATAAG-1	Epithelial	18
TACTCGCCACTGCTCT-1	Epithelial	6
TACTCGCCAGCGTACC-1	Epithelial	18
TACTCGCCATGCTATG-1	Epithelial	14
TACTCGCGTACCAAGG-1	Epithelial	14
TACTCGCGTAGTGATA-1	Stromal	9
TACTCGCGTCGAGGTA-1	Myeloid	3
TACTCGCGTGATGTGG-1	B	19
TACTCGCTCACGTCAA-1	Epithelial	12
TACTCGCTCCATACGA-1	Epithelial	10
TACTCGCTCCATCGAA-1	Epithelial	17
TACTCGCTCGCAAGCC-1	T	11
TACTCGCTCGGGTCCA-1	Stromal	9
TACTCGCTCGGTGATT-1	Epithelial	10
TACTCGCTCTGTTGCC-1	B	4
TACTCGCTCTTGCGCT-1	Epithelial	17
TACTGCCAGAAATCTG-1	B	4
TACTGCCAGACGAAAG-1	Epithelial	18
TACTGCCAGAGAAGCA-1	Epithelial	18
TACTGCCAGGCTAAAT-1	Epithelial	10
TACTGCCAGGGTCCCT-1	Epithelial	6
TACTGCCAGGTCTTGT-1	Epithelial	14
TACTGCCAGTAGGAAG-1	B	1
TACTGCCCAACAACTC-1	T	11
TACTGCCCAAGACACG-1	Epithelial	15
TACTGCCCAATGACTC-1	B	8
TACTGCCCACAGGTAG-1	Epithelial	10
TACTGCCGTACAACGG-1	Epithelial	7
TACTGCCGTAGGTGAC-1	B	1
TACTGCCGTATTGTCG-1	Epithelial	17
TACTGCCGTGGCATAG-1	B	8
TACTGCCTCCTCCAGT-1	B	8
TACTGCCTCGGACGAA-1	B	13
TACTGCCTCTATGAGC-1	Epithelial	14
TAGACTGAGAGTCCGA-1	B	8
TAGACTGAGATGAGGA-1	Epithelial	14
TAGACTGAGCGTAGCA-1	Epithelial	15
TAGACTGAGGAGGCGA-1	B	8
TAGACTGAGTGCTGAG-1	B	8
TAGACTGCAACCTCTC-1	Epithelial	0
TAGACTGCACGTTGTA-1	T	11
TAGACTGCAGGACTGA-1	Epithelial	7
TAGACTGCATAGACGG-1	B	1
TAGACTGGTACGCAAG-1	B	13
TAGACTGGTAGAACGC-1	Epithelial	7
TAGACTGGTATGGTTC-1	Epithelial	6
TAGACTGGTCCAGACC-1	Epithelial	7
TAGACTGGTCTCTGGG-1	Epithelial	7
TAGACTGGTGCATTGT-1	B	13
TAGACTGGTGGATTCT-1	Epithelial	10
TAGACTGGTGTCGTGC-1	B	8
TAGACTGTCAAACCAC-1	Epithelial	2
TAGACTGTCACAACAC-1	Epithelial	6
TAGACTGTCACAAGCT-1	Epithelial	12
TAGACTGTCCCGTATC-1	Epithelial	6
TAGACTGTCGATGCAT-1	B	1
TAGACTGTCGCAAGCC-1	B	1
TAGACTGTCGCTCTAC-1	Epithelial	10
TAGACTGTCGGTACTA-1	Epithelial	16
TAGACTGTCGTGGCGT-1	Epithelial	2
TAGACTGTCTGGACAT-1	Epithelial	14
TAGCACAAGACGCCCT-1	Epithelial	12
TAGCACAAGACGTCAG-1	B	8
TAGCACAAGGCGACTA-1	Epithelial	12
TAGCACAAGGTACACG-1	Epithelial	6
TAGCACAAGGTCTTGT-1	Epithelial	7
TAGCACAAGGTTCGAG-1	B	1
TAGCACAAGTGTCACT-1	B	4
TAGCACACAACTCCCT-1	Epithelial	15
TAGCACACACATGATC-1	Epithelial	15
TAGCACACACCACGAC-1	Epithelial	7
TAGCACACACCCTTAC-1	B	13
TAGCACACACCTCGTT-1	B	1
TAGCACACACCTGGTG-1	B	1
TAGCACACACGTTGTA-1	B	8
TAGCACACACTGTCGG-1	B	19
TAGCACACAGGTAGCA-1	Epithelial	7
TAGCACACATGGATGG-1	B	1
TAGCACACATTATGGC-1	Epithelial	15
TAGCACAGTAACAATG-1	B	13
TAGCACAGTAATGTGA-1	B	4
TAGCACAGTGCACCCA-1	Epithelial	12
TAGCACAGTTTCAGCA-1	B	13
TAGCACATCACTGGTA-1	Epithelial	12
TAGCACATCAGGTTTG-1	B	8
TAGCACATCATGTTCT-1	T	11
TAGCACATCCAACGCG-1	B	8
TAGCACATCCAGTACA-1	B	1
TAGCACATCCGTACGG-1	Epithelial	0
TAGCACATCGCAACTA-1	Epithelial	2
TAGCACATCTCTTCCT-1	Epithelial	7
TAGCACATCTGTCGGG-1	B	1
TAGCACATCTTACGGA-1	T	11
TAGCACATCTTATCAC-1	Epithelial	14
TAGCACATCTTCACTA-1	B	13
TAGCATGAGAATATCG-1	Epithelial	17
TAGCATGAGAGGCAGG-1	Epithelial	15
TAGCATGAGAGTCCGA-1	Epithelial	14
TAGCATGAGCGTGTTT-1	Epithelial	2
TAGCATGAGCTGAATA-1	Epithelial	10
TAGCATGAGGACTTTC-1	B	1
TAGCATGAGGAGTCTG-1	Myeloid	3
TAGCATGCACAAGGGT-1	Epithelial	6
TAGCATGCATCACAAC-1	Epithelial	7
TAGCATGGTACGGATG-1	B	13
TAGCATGGTATCTAGC-1	Stromal	9
TAGCATGGTCAGCTTA-1	B	8
TAGCATGGTCGAGGTA-1	Epithelial	14
TAGCATGGTCTGTGTA-1	Epithelial	14
TAGCATGGTTGGACGA-1	B	19
TAGCATGTCCAGTACA-1	Epithelial	2
TAGCATGTCCCAGCGA-1	Epithelial	7
TAGCATGTCGCGATGC-1	B	4
TAGCATGTCGGTAGGA-1	B	8
TAGCATGTCGGTCGAC-1	T	11
TAGCATGTCTTCCGTG-1	B	13
TAGCCCTAGCTAGTTC-1	Epithelial	12
TAGCCCTAGGAGAACA-1	Epithelial	17
TAGCCCTCAATTCGTG-1	B	13
TAGCCCTCACACACAT-1	Epithelial	18
TAGCCCTCACAGATGG-1	Myeloid	3
TAGCCCTCACCGTTGG-1	B	1
TAGCCCTCACGAACGA-1	B	4
TAGCCCTCATGGATGG-1	B	13
TAGCCCTCATGTCCCT-1	Epithelial	10
TAGCCCTCATTGTGAC-1	B	1
TAGCCCTGTACCCACG-1	Epithelial	7
TAGCCCTGTAGAAAGG-1	Epithelial	10
TAGCCCTGTATTGTGC-1	B	13
TAGCCCTGTCAACTAC-1	B	1
TAGCCCTGTCTGCACG-1	Epithelial	10
TAGCCCTGTGAATACA-1	T	11
TAGCCCTGTGCGCTCA-1	Epithelial	15
TAGCCCTGTTGGCTAT-1	Epithelial	7
TAGCCCTTCCAAACCA-1	B	1
TAGCCCTTCCAACCTC-1	Epithelial	2
TAGCCCTTCGAGCGCT-1	Epithelial	2
TAGCCCTTCGTTCTAT-1	Epithelial	6
TAGCCCTTCTATACCT-1	T	11
TAGCCCTTCTATCCTA-1	Epithelial	18
TAGCCCTTCTTTCGAT-1	Epithelial	2
TAGCCGGAGACAGTGC-1	Epithelial	10
TAGCCGGAGAGGCGGA-1	B	8
TAGCCGGAGATCGAGC-1	B	4
TAGCCGGAGTCAGCCC-1	T	11
TAGCCGGAGTCCTTCC-1	B	4
TAGCCGGAGTTTACGC-1	B	8
TAGCCGGCAAATAGTG-1	Epithelial	7
TAGCCGGCAAGACTTC-1	B	1
TAGCCGGCAAGAGCGT-1	Epithelial	0
TAGCCGGCACTCGTGG-1	Epithelial	12
TAGCCGGCAGATTAAG-1	Epithelial	14
TAGCCGGCATTACCTT-1	Stromal	9
TAGCCGGGTAGTGATA-1	Epithelial	2
TAGCCGGGTATCTCAG-1	Epithelial	16
TAGCCGGGTGCAAAGC-1	B	19
TAGCCGGGTGCACATT-1	B	8
TAGCCGGGTGTCGTCG-1	Epithelial	0
TAGCCGGGTTGGCTAT-1	Epithelial	12
TAGCCGGTCAGGGTTT-1	B	13
TAGCCGGTCCTGACCT-1	B	8
TAGCGGCAGAAGGGCG-1	B	1
TAGCGGCAGTAACTCC-1	Myeloid	3
TAGCGGCAGTAGTGTA-1	Myeloid	3
TAGCGGCAGTATACCC-1	Epithelial	15
TAGCGGCAGTTGTCCA-1	Epithelial	14
TAGCGGCAGTTTACGC-1	Myeloid	3
TAGCGGCCAAACGACG-1	Epithelial	2
TAGCGGCCAAATGTCC-1	Myeloid	3
TAGCGGCCAAGCAACG-1	Epithelial	0
TAGCGGCCAATTGGCT-1	B	13
TAGCGGCCACACACCG-1	Myeloid	3
TAGCGGCCACCCTTTG-1	Epithelial	15
TAGCGGCCAGGGAGTT-1	Epithelial	6
TAGCGGCCATAGACGG-1	B	8
TAGCGGCGTCTCGGGT-1	Epithelial	10
TAGCGGCGTGCCCGAT-1	B	13
TAGCGGCGTTGCTTGA-1	Epithelial	2
TAGCGGCGTTTAGACC-1	Myeloid	3
TAGCGGCTCCAGAATC-1	B	8
TAGCGGCTCGGGTCCA-1	B	4
TAGCGGCTCTCTGTTA-1	Epithelial	18
TAGCGGCTCTGGTACA-1	Myeloid	3
TAGCTTTAGGCTTCGC-1	B	8
TAGCTTTAGTCGTGAG-1	B	1
TAGCTTTAGTTCTCCC-1	Epithelial	6
TAGCTTTCAATACTGC-1	B	1
TAGCTTTCAATTCGTG-1	B	4
TAGCTTTCACAACGGA-1	Epithelial	0
TAGCTTTCAGAACTTC-1	Epithelial	6
TAGCTTTCAGGACTGA-1	Epithelial	12
TAGCTTTCAGGATGTG-1	Epithelial	7
TAGCTTTCAGGTCTGC-1	Epithelial	2
TAGCTTTCATGGTAAA-1	Epithelial	10
TAGCTTTGTAACCATC-1	Epithelial	16
TAGCTTTGTAACGGAC-1	B	1
TAGCTTTGTACTTGAC-1	Epithelial	15
TAGCTTTGTAGCATGG-1	B	13
TAGCTTTGTAGCGTTT-1	B	8
TAGCTTTGTCAGCTTA-1	Epithelial	15
TAGCTTTTCCAGGGAA-1	B	19
TAGCTTTTCGCTCTAC-1	Epithelial	14
TAGCTTTTCTACATCT-1	Epithelial	7
TAGCTTTTCTATCTCA-1	Epithelial	0
TAGCTTTTCTGAGTAC-1	B	1
TAGCTTTTCTTTATCG-1	Epithelial	18
TAGGAGGAGAAATTCG-1	B	1
TAGGAGGAGATTACGA-1	B	1
TAGGAGGAGCGCAATG-1	Myeloid	3
TAGGAGGAGTGAATAC-1	Epithelial	14
TAGGAGGCACAAGTGG-1	B	8
TAGGAGGCACCACAGC-1	B	4
TAGGAGGCACCACGAC-1	Epithelial	12
TAGGAGGCACTGGGCT-1	Epithelial	12
TAGGAGGCAGTAGTCT-1	B	1
TAGGAGGCAGTATCTG-1	B	1
TAGGAGGCATCGTACA-1	Stromal	5
TAGGAGGGTACGAGAC-1	Epithelial	10
TAGGAGGGTATTGTCG-1	Epithelial	12
TAGGAGGGTCATAGCT-1	T	11
TAGGAGGGTGACGCAA-1	Epithelial	18
TAGGAGGGTGATAACA-1	Epithelial	18
TAGGAGGTCATTCGGA-1	Epithelial	2
TAGGAGGTCGCTCGGA-1	B	8
TAGGAGGTCGCTCTAC-1	Epithelial	7
TAGGAGGTCGGGAATG-1	Epithelial	2
TAGGAGGTCTCCCTTT-1	Epithelial	2
TAGGAGGTCTTCAGAG-1	Epithelial	2
TAGGTCAAGATCGAGC-1	B	4
TAGGTCAAGATGCGAC-1	Epithelial	7
TAGGTCAAGCGCCTAC-1	Epithelial	0
TAGGTCAAGGTTCTCA-1	B	8
TAGGTCAAGTCTTAGC-1	Epithelial	2
TAGGTCAAGTGCTAGG-1	Epithelial	15
TAGGTCAAGTTGGAAT-1	Epithelial	14
TAGGTCACAAGTCTCA-1	Epithelial	7
TAGGTCACAATAGCGG-1	Epithelial	15
TAGGTCACAATGCACT-1	Epithelial	2
TAGGTCACAATGGTCT-1	Epithelial	12
TAGGTCACACAGCTTA-1	B	1
TAGGTCACACATTGCA-1	Epithelial	0
TAGGTCACACCACAGC-1	Epithelial	2
TAGGTCACACCGATCG-1	Myeloid	3
TAGGTCACAGTTGGAG-1	Epithelial	7
TAGGTCACATTTAGGC-1	B	4
TAGGTCAGTGCATTGT-1	Epithelial	16
TAGGTCAGTGCGTTTA-1	Epithelial	2
TAGGTCAGTTGTGAGG-1	B	8
TAGGTCAGTTTGACCA-1	Epithelial	0
TAGGTCATCACTCCCA-1	Epithelial	15
TAGGTCATCACTGATG-1	B	13
TAGGTCATCAGAACGG-1	Epithelial	12
TAGGTCATCGCACCTT-1	T	11
TAGGTCATCGGTTAGT-1	Epithelial	14
TAGGTCATCTGCTACC-1	B	1
TAGGTGTAGAGGCAGG-1	B	1
TAGGTGTAGATGTTCC-1	Stromal	5
TAGGTGTAGCCAGAAC-1	B	1
TAGGTGTAGCCTTTGA-1	Epithelial	14
TAGGTGTAGCTTTCCC-1	B	8
TAGGTGTAGGAATGGA-1	Myeloid	3
TAGGTGTAGGATTGCG-1	Epithelial	12
TAGGTGTAGGCGCTTC-1	B	8
TAGGTGTCAATTCGTG-1	B	13
TAGGTGTCAGGCTACC-1	Epithelial	18
TAGGTGTCATGATCGT-1	Epithelial	14
TAGGTGTCATGTCCCT-1	B	1
TAGGTGTCATTACTTC-1	Epithelial	15
TAGGTGTGTAACGGAC-1	B	4
TAGGTGTGTCGAGGTA-1	B	13
TAGGTGTGTGGGTAGT-1	Epithelial	15
TAGGTGTGTTAGGAAT-1	Epithelial	7
TAGGTGTGTTGGTAAA-1	B	1
TAGGTGTTCAAGAGAT-1	Epithelial	10
TAGGTGTTCCATTGAG-1	Epithelial	2
TAGGTGTTCGCGCTGA-1	Epithelial	12
TAGGTGTTCTGATCTT-1	Epithelial	2
TAGTCCCAGAGGTACC-1	B	13
TAGTCCCAGATCTCAC-1	Epithelial	2
TAGTCCCAGATTACGA-1	Epithelial	18
TAGTCCCAGATTCCGT-1	B	4
TAGTCCCAGGAGTAGA-1	B	1
TAGTCCCAGGCTTAAA-1	Epithelial	6
TAGTCCCAGTCGAAAT-1	Epithelial	7
TAGTCCCAGTGGTGTG-1	Epithelial	0
TAGTCCCAGTGTCGGA-1	B	13
TAGTCCCAGTTTACGC-1	B	1
TAGTCCCCACAACGGA-1	B	1
TAGTCCCCACGCGATC-1	Epithelial	0
TAGTCCCCACGTTACA-1	Epithelial	7
TAGTCCCCAGGGAGTT-1	Epithelial	10
TAGTCCCCAGTAACCT-1	B	13
TAGTCCCCAGTTACAC-1	B	8
TAGTCCCCAGTTGGAG-1	T	11
TAGTCCCCATACCCGG-1	B	1
TAGTCCCCATAGCAGG-1	Epithelial	16
TAGTCCCCATTACCTT-1	Epithelial	0
TAGTCCCGTACATGGG-1	Epithelial	14
TAGTCCCGTACCCATA-1	B	13
TAGTCCCGTAGCTGTT-1	Epithelial	0
TAGTCCCGTATGGTTC-1	Epithelial	12
TAGTCCCGTCAATCCA-1	B	13
TAGTCCCGTGTCCAGC-1	B	13
TAGTCCCGTTCTTAGG-1	Myeloid	3
TAGTCCCGTTGCAGAG-1	Epithelial	2
TAGTCCCGTTTCGATG-1	B	8
TAGTCCCTCCGTCAAA-1	Stromal	5
TAGTCCCTCGATGCAT-1	Epithelial	10
TAGTCCCTCTGTCGGG-1	Epithelial	10
TAGTCCCTCTTCACTA-1	Epithelial	2
TATCGAGAGAAGAGTG-1	Epithelial	7
TATCGAGAGCTCGTTA-1	T	11
TATCGAGAGGCACCTC-1	Epithelial	17
TATCGAGAGGTCGGTA-1	B	1
TATCGAGAGTCGGGAT-1	Epithelial	12
TATCGAGAGTGATTAG-1	B	8
TATCGAGAGTGTGTAA-1	Stromal	5
TATCGAGCACCTGAAT-1	Epithelial	2
TATCGAGCACGCGTTG-1	B	13
TATCGAGCATACAACC-1	B	13
TATCGAGCATGCTATG-1	B	4
TATCGAGCATGTATCG-1	Epithelial	7
TATCGAGGTACGGTTT-1	B	8
TATCGAGGTAGTACAA-1	B	19
TATCGAGGTCGAGGAT-1	Epithelial	7
TATCGAGGTCGTCGCA-1	Epithelial	6
TATCGAGTCAAACCCA-1	Myeloid	3
TATCGAGTCACACGTA-1	Epithelial	7
TATCGAGTCCATACCC-1	Epithelial	0
TATCGAGTCCCACTAC-1	Epithelial	10
TATCGAGTCCGTTTCG-1	B	8
TATCGAGTCGCACAAT-1	Epithelial	10
TATCGAGTCGCTAGTA-1	Epithelial	2
TATCGAGTCGGATAAA-1	B	1
TATCGAGTCGTTTGAG-1	B	4
TATCGAGTCTCCACTG-1	Stromal	9
TATCGAGTCTGGTACA-1	Epithelial	6
TATCTGTAGAAGGGCG-1	B	4
TATCTGTAGAGAACCC-1	Epithelial	16
TATCTGTAGAGACTCG-1	B	1
TATCTGTAGCTGAGGT-1	Epithelial	12
TATCTGTAGGATATCA-1	Epithelial	7
TATCTGTAGGTTCGTT-1	Myeloid	3
TATCTGTAGTACAGTA-1	Stromal	5
TATCTGTAGTACTCTG-1	B	13
TATCTGTCAACGAGGT-1	B	13
TATCTGTCAGTAAGAT-1	B	13
TATCTGTCATTACTCT-1	B	13
TATCTGTGTACCCATA-1	B	4
TATCTGTGTCCAAGAG-1	Epithelial	15
TATCTGTGTCTGGTCG-1	Epithelial	14
TATCTGTGTTTCAGCA-1	T	11
TATCTGTTCAGGTTTG-1	Epithelial	2
TATCTGTTCCTCCCAA-1	B	1
TATCTGTTCGATCTTT-1	Epithelial	16
TATCTGTTCGTTGTTT-1	B	8
TATGTGGAGAGAGTTT-1	Epithelial	2
TATGTGGAGAGGTACC-1	T	11
TATGTGGAGCCTGTAT-1	Epithelial	6
TATGTGGAGGGACGTT-1	Epithelial	10
TATGTGGAGGGAGATA-1	Epithelial	2
TATGTGGCAAGGGAGG-1	T	11
TATGTGGCACGTGAAG-1	B	1
TATGTGGCAGCAACAG-1	Epithelial	16
TATGTGGCAGGATGTG-1	B	8
TATGTGGCATAGATAG-1	B	4
TATGTGGCATCTCTCG-1	Epithelial	7
TATGTGGGTAATGTAG-1	Epithelial	17
TATGTGGGTAGCGGTA-1	B	4
TATGTGGGTCACAGGA-1	Epithelial	7
TATGTGGGTCTGTGTA-1	Epithelial	12
TATGTGGGTGGTGGTA-1	Epithelial	12
TATGTGGGTTAAGGGC-1	B	1
TATGTGGGTTCCGGCA-1	Epithelial	10
TATGTGGTCAATCGTG-1	Epithelial	6
TATGTGGTCCAGAATC-1	Stromal	5
TATGTGGTCCAGGTAT-1	B	19
TATGTGGTCCTAAGTG-1	Stromal	9
TATGTGGTCGTGGAAG-1	T	11
TATGTGGTCTCGACAA-1	Stromal	5
TATGTTCAGAATATCG-1	Epithelial	15
TATGTTCAGAGGAATG-1	Epithelial	15
TATGTTCAGGAAACTT-1	Epithelial	14
TATGTTCAGGCAGTGT-1	B	4
TATGTTCCACTCAGCG-1	T	11
TATGTTCCAGGAGCAT-1	B	1
TATGTTCCAGTAGTTC-1	Epithelial	7
TATGTTCCATTCCCGT-1	B	1
TATGTTCGTACGGTTT-1	Epithelial	18
TATGTTCGTAGGTGAC-1	Epithelial	0
TATGTTCGTTGAAGCG-1	B	13
TATGTTCGTTTCTTAC-1	Epithelial	2
TATGTTCGTTTGAAGA-1	B	4
TATGTTCTCAGTTGAC-1	B	13
TATGTTCTCCGGACTG-1	Epithelial	18
TATGTTCTCGCAACTA-1	Epithelial	12
TATGTTCTCGCGCCAA-1	Epithelial	18
TATGTTCTCGTCGCAG-1	Epithelial	17
TATGTTCTCGTTCTAT-1	Epithelial	10
TATGTTCTCTGAGTCA-1	Epithelial	12
TATTGCTAGACTCTTG-1	B	13
TATTGCTAGATATGTG-1	B	19
TATTGCTAGCATTGGG-1	B	13
TATTGCTAGGTAAGTT-1	Epithelial	15
TATTGCTAGTCGTGAG-1	Stromal	9
TATTGCTAGTTTACGC-1	Epithelial	15
TATTGCTCAAGACACG-1	Epithelial	17
TATTGCTCAAGTTGCT-1	B	1
TATTGCTCAATTCGTG-1	Epithelial	2
TATTGCTCATCCATAG-1	B	8
TATTGCTCATCTCACC-1	Myeloid	3
TATTGCTCATGTGAGG-1	Epithelial	7
TATTGCTCATTCACCC-1	T	11
TATTGCTCATTCCCGT-1	Epithelial	0
TATTGCTGTAACCCAT-1	Epithelial	15
TATTGCTGTCAGAAGC-1	Epithelial	12
TATTGCTTCAGAGTGG-1	Epithelial	18
TATTGCTTCCAGTTAG-1	Epithelial	17
TATTGCTTCCCTACGT-1	B	8
TCAAAGCAGAAATCTG-1	Epithelial	12
TCAAAGCAGAATACTG-1	Epithelial	10
TCAAAGCAGCCTGTAT-1	Epithelial	2
TCAAAGCAGGAGAACA-1	Epithelial	18
TCAAAGCAGTAGTGTA-1	Myeloid	3
TCAAAGCCAAGGAAGA-1	Epithelial	14
TCAAAGCCAATGGCTT-1	B	1
TCAAAGCCAGAACAGC-1	Epithelial	2
TCAAAGCCAGATGGCA-1	Epithelial	18
TCAAAGCCAGTTGCAT-1	Epithelial	7
TCAAAGCCATGGCCGT-1	Epithelial	10
TCAAAGCGTAGGGTCA-1	Epithelial	6
TCAAAGCGTGTGCTTA-1	Epithelial	2
TCAAAGCGTTTCTTAC-1	B	8
TCAAAGCTCCAGTTAG-1	Epithelial	14
TCAAAGCTCCATACGA-1	Epithelial	10
TCAAAGCTCCCAGTAA-1	Epithelial	15
TCAAAGCTCCGCCTAT-1	B	1
TCAAAGCTCCTTGACC-1	B	8
TCAAAGCTCCTTTGCG-1	B	1
TCAAAGCTCGATGTGT-1	Epithelial	18
TCAAAGCTCGCTTACC-1	Epithelial	0
TCAAAGCTCTGTGTCC-1	Epithelial	6
TCAAGACAGACCAATA-1	Epithelial	18
TCAAGACAGGGCATTG-1	Epithelial	7
TCAAGACCAAAGGAAG-1	T	11
TCAAGACCAATTGCCA-1	B	8
TCAAGACCACTGTAAC-1	Epithelial	7
TCAAGACCAGGTCTGC-1	Epithelial	7
TCAAGACCAGTTAAAG-1	Epithelial	14
TCAAGACCATCCCGGA-1	B	13
TCAAGACCATCTGCAA-1	Epithelial	10
TCAAGACCATTAACGC-1	Epithelial	18
TCAAGACGTATTCGCA-1	Epithelial	7
TCAAGACGTCTGCACG-1	T	11
TCAAGACGTGATGCGA-1	Epithelial	16
TCAAGACGTGTGACCC-1	Epithelial	12
TCAAGACGTTGAATAG-1	B	1
TCAAGACGTTTGTAGC-1	B	1
TCAAGACTCCCGTAGG-1	T	11
TCAAGACTCTGAACGT-1	Epithelial	0
TCAAGACTCTGCGTCT-1	Epithelial	7
TCAAGCAAGACTAGGC-1	T	11
TCAAGCAAGAGTTCGG-1	B	8
TCAAGCAAGCTCCATA-1	B	13
TCAAGCAAGGTTAGTA-1	Epithelial	7
TCAAGCAAGTTGCTTG-1	B	1
TCAAGCACAAGCGTCC-1	Epithelial	7
TCAAGCACAATCAGGG-1	Epithelial	10
TCAAGCACACCGTCTT-1	B	1
TCAAGCACACGCCGAT-1	Epithelial	17
TCAAGCACACTAAACC-1	Epithelial	17
TCAAGCACAGTAAGAT-1	Epithelial	7
TCAAGCACATCAGAAA-1	Epithelial	7
TCAAGCAGTAACGGCA-1	Epithelial	17
TCAAGCAGTACGGTTT-1	Epithelial	7
TCAAGCAGTCACAGTT-1	Epithelial	2
TCAAGCAGTCCGTGCA-1	Epithelial	16
TCAAGCAGTTAAGTCC-1	Epithelial	17
TCAAGCAGTTTGCGAT-1	B	8
TCAAGCATCAGGAAGC-1	Epithelial	18
TCAAGCATCCAGGTCG-1	Epithelial	10
TCAAGCATCCGGCGAT-1	Epithelial	12
TCAAGCATCGAGAAGC-1	B	8
TCAAGCATCGCCCTTA-1	Epithelial	6
TCAAGCATCGGTCCGA-1	B	1
TCAAGCATCGTTCTAT-1	T	11
TCAAGCATCTGGCTAA-1	Myeloid	3
TCAAGGTAGAAGCCTG-1	B	19
TCAAGGTAGACTAATG-1	B	1
TCAAGGTAGAGCACTG-1	Epithelial	12
TCAAGGTAGGGTGTTG-1	Myeloid	3
TCAAGGTAGGTAAGTT-1	B	8
TCAAGGTAGGTTTCTG-1	Epithelial	18
TCAAGGTAGTGAACCG-1	B	8
TCAAGGTCAAACCGAG-1	B	8
TCAAGGTCACATTCTT-1	Epithelial	10
TCAAGGTCACGCGTTG-1	Myeloid	3
TCAAGGTCACTCAGCG-1	B	13
TCAAGGTGTAGAATAC-1	B	1
TCAAGGTGTAGGTGAC-1	Epithelial	14
TCAAGGTGTGTACGCC-1	Epithelial	15
TCAAGGTGTGTGTGCC-1	B	1
TCAAGGTGTGTTAGAA-1	Epithelial	15
TCAAGGTGTTACGGAG-1	Epithelial	2
TCAAGGTGTTACTACG-1	Epithelial	7
TCAAGGTGTTAGAGAT-1	B	13
TCAAGGTGTTTCACCC-1	B	8
TCAAGGTTCAATTGGC-1	Epithelial	17
TCAAGGTTCCGTACGG-1	Epithelial	7
TCAAGGTTCGAGAAGC-1	Epithelial	6
TCAAGGTTCGATCGCG-1	Epithelial	10
TCAAGGTTCGCGATGC-1	Epithelial	10
TCAAGGTTCGTTGTAG-1	Epithelial	6
TCAAGGTTCTCGTGAA-1	Epithelial	16
TCAATTCAGGACCGAT-1	Epithelial	10
TCAATTCAGTACAGAT-1	Epithelial	16
TCAATTCAGTCATCTG-1	B	8
TCAATTCCAAGAGATT-1	Myeloid	3
TCAATTCCAAGGTCGA-1	B	8
TCAATTCCACAAACAA-1	B	13
TCAATTCCACAGTAGG-1	Epithelial	0
TCAATTCCACGTTGTA-1	Epithelial	6
TCAATTCCACTCGTGG-1	Epithelial	12
TCAATTCCAGATTTGC-1	B	4
TCAATTCCAGTAACTC-1	Epithelial	2
TCAATTCCATCCCGGA-1	Epithelial	17
TCAATTCCATTAAGGA-1	B	13
TCAATTCCATTGTGAC-1	B	8
TCAATTCGTACGACCC-1	B	13
TCAATTCGTATGGATA-1	Epithelial	2
TCAATTCGTATGGTTC-1	Epithelial	12
TCAATTCGTCAATCCA-1	Epithelial	7
TCAATTCGTCATTGCA-1	Epithelial	18
TCAATTCGTCCACCAG-1	B	8
TCAATTCGTCCCGTGA-1	Epithelial	17
TCAATTCGTCCGGTAC-1	Stromal	5
TCAATTCGTGACGCAA-1	Epithelial	12
TCAATTCGTTACCACA-1	Epithelial	10
TCAATTCGTTCTGAAC-1	Epithelial	2
TCAATTCTCAAGGCCC-1	T	11
TCAATTCTCACTACCC-1	Myeloid	3
TCAATTCTCCAAACCA-1	Epithelial	10
TCACAAGAGAAGGGCG-1	B	8
TCACAAGAGATCCGAG-1	B	1
TCACAAGAGCATTGGG-1	B	8
TCACAAGAGGGTGTTG-1	B	1
TCACAAGAGGTTCGAG-1	Epithelial	12
TCACAAGAGTCTGGGA-1	Stromal	9
TCACAAGAGTGGGACT-1	B	8
TCACAAGAGTTTACGC-1	Epithelial	7
TCACAAGCAACGTCCG-1	B	8
TCACAAGCACGCGTTG-1	B	8
TCACAAGCAGAGTCGA-1	B	1
TCACAAGCAGATTAAG-1	B	13
TCACAAGCAGGTTATC-1	Epithelial	12
TCACAAGCAGTCAGCC-1	Epithelial	7
TCACAAGCATTAAGGA-1	Stromal	5
TCACAAGCATTGCACA-1	Epithelial	12
TCACAAGCATTTCACT-1	Epithelial	17
TCACAAGGTAGAAGCC-1	B	13
TCACAAGGTAGGGTTG-1	Epithelial	0
TCACAAGGTAGTCTGT-1	Myeloid	3
TCACAAGGTCAAGACG-1	Epithelial	10
TCACAAGGTCACAGGA-1	Epithelial	10
TCACAAGGTCTGGGAA-1	Epithelial	7
TCACAAGGTTCTTATC-1	Epithelial	7
TCACAAGTCAAGGCAG-1	B	8
TCACAAGTCACGATTG-1	B	4
TCACAAGTCCCAATGA-1	B	8
TCACAAGTCCCTATTA-1	B	13
TCACAAGTCCGCGATG-1	T	11
TCACAAGTCCGCTATC-1	Epithelial	15
TCACAAGTCGCTTGAA-1	B	13
TCACAAGTCGGTCTAA-1	Myeloid	3
TCACAGAAGGCTGGAT-1	B	1
TCACAGAAGGTAGGAA-1	B	8
TCACAGAAGTAACATG-1	Epithelial	2
TCACAGAAGTCGATAA-1	T	11
TCACAGAAGTCGTGAG-1	B	13
TCACAGAAGTGTCGCC-1	Epithelial	2
TCACAGAAGTTATGAG-1	Epithelial	0
TCACAGACAAAGGCCA-1	Epithelial	14
TCACAGACAACATAAG-1	Epithelial	10
TCACAGACACAATAAG-1	Epithelial	10
TCACAGACACAGGTAG-1	B	19
TCACAGACATAGACGG-1	Epithelial	7
TCACAGACATCAGCTA-1	B	13
TCACAGACATGCGCTG-1	B	13
TCACAGAGTACGGAGT-1	Epithelial	18
TCACAGAGTCATTGGT-1	Epithelial	12
TCACAGATCATTCTTG-1	B	8
TCACAGATCCAGTTAG-1	Epithelial	10
TCACAGATCGCCGAAC-1	Epithelial	6
TCACAGATCGGCAATT-1	B	4
TCACCACAGAACTAAC-1	Epithelial	17
TCACCACAGAAGACTT-1	B	8
TCACCACAGAGCTGTG-1	B	8
TCACCACAGCAGGAGG-1	Myeloid	3
TCACCACAGCGCACAA-1	B	1
TCACCACAGGCACTAG-1	B	8
TCACCACAGGGTATCG-1	B	1
TCACCACAGGTAGGCT-1	B	1
TCACCACAGTAGGTCG-1	Epithelial	10
TCACCACAGTCGTGAG-1	Epithelial	17
TCACCACAGTTATGAG-1	B	8
TCACCACCAAACGTTC-1	B	1
TCACCACCAAACTACC-1	Epithelial	0
TCACCACCAAATAGTG-1	Epithelial	18
TCACCACCAATGAAAC-1	Epithelial	7
TCACCACCAATGCCAT-1	Stromal	9
TCACCACCACACACCG-1	B	1
TCACCACCACCTATTT-1	Epithelial	2
TCACCACCACGCTCAG-1	B	8
TCACCACCAGTAGTTC-1	Epithelial	14
TCACCACCAGTCAGCC-1	Epithelial	7
TCACCACCATCGACCG-1	B	19
TCACCACCATCGCTAA-1	Epithelial	12
TCACCACCATGGTTTG-1	Epithelial	10
TCACCACGTAGTCCAT-1	B	8
TCACCACGTATTCGAC-1	Stromal	9
TCACCACGTCCGTGCA-1	Epithelial	0
TCACCACGTGCAGACA-1	Epithelial	17
TCACCACGTTAGTAGA-1	B	8
TCACCACTCAAAGTAG-1	T	11
TCACCACTCAGAATGA-1	Epithelial	17
TCACCACTCCGTCAAA-1	B	8
TCACCACTCGCCCTTA-1	Epithelial	12
TCACCACTCTTAACGG-1	Epithelial	17
TCACCTGAGACTTGAA-1	T	11
TCACCTGAGATAGGTT-1	Epithelial	18
TCACCTGAGCCTATAC-1	Epithelial	7
TCACCTGAGCTCGTTA-1	Epithelial	0
TCACCTGAGGAAACTT-1	Epithelial	10
TCACCTGAGGAGTCTG-1	B	1
TCACCTGAGTCGCCTG-1	B	1
TCACCTGAGTGATCTC-1	Epithelial	15
TCACCTGCAAACCGAG-1	Epithelial	18
TCACCTGCAATGACTC-1	Epithelial	6
TCACCTGCACAGTAGG-1	B	1
TCACCTGCACGCTCAG-1	B	13
TCACCTGCACTCCCAT-1	B	1
TCACCTGCAGGGCTTC-1	B	1
TCACCTGCATAGACGG-1	Epithelial	2
TCACCTGCATAGATAG-1	Epithelial	12
TCACCTGCATCGACCG-1	B	8
TCACCTGCATTACTTC-1	B	1
TCACCTGGTCAGAAGC-1	Epithelial	0
TCACCTGGTCCGTCGA-1	Myeloid	3
TCACCTGGTGTGTGTT-1	Epithelial	15
TCACCTGGTTGCCGCA-1	B	4
TCACCTGTCAATTGGC-1	B	13
TCACCTGTCACCACAA-1	Myeloid	3
TCACCTGTCAGGCCGT-1	Epithelial	18
TCACCTGTCGGTCTCT-1	Epithelial	15
TCACTCGAGGCTGGAT-1	Epithelial	6
TCACTCGAGGGAGTTC-1	Myeloid	3
TCACTCGAGGTTCGAG-1	B	8
TCACTCGAGTGCTGAG-1	Epithelial	18
TCACTCGCACCTACCT-1	Stromal	9
TCACTCGCACGATATC-1	Epithelial	10
TCACTCGCACGTACAT-1	Myeloid	3
TCACTCGCATCACAGT-1	Epithelial	16
TCACTCGCATCGACGC-1	Epithelial	15
TCACTCGGTCATCAAC-1	Epithelial	6
TCACTCGGTCTGGGCT-1	B	1
TCACTCGTCCTTTGAT-1	Epithelial	10
TCACTCGTCGGTCCGA-1	Epithelial	15
TCAGCTCAGACACTTC-1	Myeloid	3
TCAGCTCAGAGAACCC-1	B	19
TCAGCTCAGGCTCAGA-1	Epithelial	15
TCAGCTCAGGTCGTTT-1	Epithelial	10
TCAGCTCAGGTTCGTT-1	B	1
TCAGCTCAGTCATCTG-1	Epithelial	14
TCAGCTCAGTGGACGT-1	Epithelial	6
TCAGCTCCAATCAGGG-1	B	19
TCAGCTCCAATGCACT-1	B	13
TCAGCTCCAATGCCAT-1	Epithelial	17
TCAGCTCCACTAAACC-1	B	1
TCAGCTCCAGAAGTGC-1	Epithelial	10
TCAGCTCGTATCCTTT-1	Epithelial	18
TCAGCTCGTATTCACG-1	Epithelial	12
TCAGCTCGTTACTACG-1	Epithelial	18
TCAGCTCTCCCAGCAG-1	Epithelial	6
TCAGCTCTCCGTACGG-1	Epithelial	2
TCAGCTCTCTATATCC-1	Stromal	5
TCAGGGCAGAACGACC-1	Epithelial	17
TCAGGGCAGACCTATC-1	Epithelial	12
TCAGGGCAGCTGCTCG-1	Epithelial	2
TCAGGGCAGGGATCCA-1	Epithelial	18
TCAGGGCAGTTTACGC-1	Epithelial	18
TCAGGGCCAACTTGGT-1	Epithelial	7
TCAGGGCCACGTTACA-1	B	1
TCAGGGCCACTCAGCG-1	Epithelial	18
TCAGGGCCAGCAACCC-1	Epithelial	7
TCAGGGCCAGCCGAAA-1	B	4
TCAGGGCCATGTATCG-1	Stromal	9
TCAGGGCGTAACGGTG-1	B	1
TCAGGGCGTAACTGAA-1	Epithelial	12
TCAGGGCGTCCACCAG-1	Epithelial	10
TCAGGGCGTCGATTAC-1	B	13
TCAGGGCGTTCCCGGA-1	B	1
TCAGGGCGTTCTGATG-1	Epithelial	18
TCAGGGCGTTGTATCG-1	Epithelial	7
TCAGGGCGTTTAAGGA-1	Epithelial	2
TCAGGGCTCAAGAGGC-1	B	1
TCAGGGCTCCGCTATC-1	B	1
TCAGGGCTCCGGACTG-1	B	19
TCAGGGCTCTCGCGTT-1	Epithelial	7
TCAGGGCTCTTCCGTG-1	Epithelial	17
TCAGGTAAGATCCGAG-1	Epithelial	17
TCAGGTAAGCAACGGT-1	Myeloid	3
TCAGGTAAGCATTGGG-1	B	1
TCAGGTAAGCGTATCT-1	Epithelial	6
TCAGGTAAGGCGTAGT-1	B	1
TCAGGTAAGGTTGTGG-1	B	8
TCAGGTAAGTACTCTG-1	T	11
TCAGGTACAAGCTTTG-1	Epithelial	14
TCAGGTACAAGTCTGT-1	B	8
TCAGGTACACCGATCG-1	Epithelial	15
TCAGGTACACTGCTTC-1	B	8
TCAGGTACAGCAAACG-1	Epithelial	0
TCAGGTACAGGGTAAC-1	B	13
TCAGGTACAGGGTACA-1	B	1
TCAGGTACATTGAACC-1	B	1
TCAGGTAGTAAACGGC-1	B	13
TCAGGTAGTACTTCGA-1	Epithelial	10
TCAGGTAGTCATCAAC-1	Epithelial	14
TCAGGTAGTCTGGGAA-1	Myeloid	3
TCAGGTATCATTGCCC-1	Epithelial	12
TCAGGTATCGACTTAG-1	B	8
TCAGGTATCGAGGCTC-1	Epithelial	10
TCAGGTATCTCGCGTT-1	B	8
TCAGTCCAGACCCATT-1	Epithelial	0
TCAGTCCAGACCTATC-1	Epithelial	6
TCAGTCCAGAGCACTG-1	B	1
TCAGTCCAGATGGGAA-1	B	4
TCAGTCCAGCCAGAAC-1	Epithelial	14
TCAGTCCAGCCATGGA-1	Epithelial	7
TCAGTCCAGGCTGGAT-1	B	13
TCAGTCCAGGGCGAAG-1	B	1
TCAGTCCAGTGTCACT-1	B	8
TCAGTCCCAAAGCATA-1	B	1
TCAGTCCCAAATGTCC-1	B	13
TCAGTCCCAATGCATC-1	Epithelial	18
TCAGTCCCACGTTAGT-1	Epithelial	12
TCAGTCCCACTCAGCG-1	B	13
TCAGTCCCACTGCTTC-1	Epithelial	14
TCAGTCCGTAGTCTGT-1	B	1
TCAGTCCGTAGTGATA-1	B	4
TCAGTCCGTATCGCGC-1	Epithelial	7
TCAGTCCGTCAGAAGC-1	Epithelial	7
TCAGTCCGTCATAAGA-1	Epithelial	7
TCAGTCCGTCCGTAGC-1	Epithelial	14
TCAGTCCGTGATGTGG-1	B	4
TCAGTCCGTTAACCAC-1	B	8
TCAGTCCGTTGTCGGC-1	B	1
TCAGTCCTCAACACGT-1	B	1
TCAGTCCTCAATGCAC-1	T	11
TCAGTCCTCATGTTCT-1	Epithelial	7
TCAGTCCTCCATACGA-1	T	11
TCAGTCCTCGCTGATA-1	Epithelial	6
TCAGTCCTCGGGACAA-1	Epithelial	6
TCAGTCCTCGTGAGTT-1	Epithelial	2
TCAGTTTAGCGCATTT-1	Epithelial	15
TCAGTTTAGGCACTAG-1	B	13
TCAGTTTAGTGTCGCC-1	B	1
TCAGTTTAGTTCAGGG-1	B	13
TCAGTTTAGTTCCAGT-1	B	8
TCAGTTTCAAGCGGTA-1	B	1
TCAGTTTCAAGGATGC-1	Epithelial	14
TCAGTTTCACGCCGAT-1	B	1
TCAGTTTGTAACTGAA-1	Epithelial	6
TCAGTTTGTACAAGCG-1	Epithelial	7
TCAGTTTGTAGAAAGG-1	Epithelial	7
TCAGTTTGTCCCTAAA-1	T	11
TCAGTTTGTCCGTGCA-1	B	8
TCAGTTTGTCTAAGAA-1	B	13
TCAGTTTGTCTGGTCG-1	Epithelial	12
TCAGTTTGTGCCCTAG-1	B	4
TCAGTTTGTGCGCATC-1	Epithelial	12
TCAGTTTGTGTCTACA-1	Epithelial	6
TCAGTTTGTGTGCTTA-1	Myeloid	3
TCAGTTTGTTACACTG-1	Epithelial	6
TCAGTTTTCAAGTTGC-1	Stromal	9
TCAGTTTTCCCGCAAG-1	Epithelial	7
TCAGTTTTCTTTGCAT-1	T	11
TCCAGAAAGAAAGCAG-1	B	13
TCCAGAAAGACGACTG-1	Epithelial	2
TCCAGAAAGATATGTG-1	Epithelial	7
TCCAGAAAGCCTTTGA-1	B	1
TCCAGAAAGCGAGAAA-1	Epithelial	6
TCCAGAAAGGATGCCA-1	Epithelial	15
TCCAGAAAGGTCTTGT-1	Epithelial	0
TCCAGAAAGGTTAGTA-1	Epithelial	18
TCCAGAACAATGAAAC-1	B	13
TCCAGAACACAAACGG-1	B	1
TCCAGAACACGTGAAG-1	B	1
TCCAGAACAGCGTACC-1	Epithelial	2
TCCAGAACAGCTATAC-1	B	1
TCCAGAACATCCCTTG-1	Myeloid	3
TCCAGAACATTACTTC-1	B	8
TCCAGAACATTCTTTG-1	B	8
TCCAGAAGTATCAGCT-1	B	8
TCCAGAAGTATGAAGT-1	Epithelial	15
TCCAGAAGTCAACTGT-1	Epithelial	6
TCCAGAAGTCCCGTGA-1	Epithelial	2
TCCAGAAGTCGTCGCA-1	Epithelial	14
TCCAGAAGTTAGGAAT-1	B	1
TCCAGAAGTTATAGAG-1	Epithelial	14
TCCAGAAGTTTCGACA-1	Epithelial	0
TCCAGAATCAGGCCGT-1	B	8
TCCAGAATCCATTGAG-1	B	1
TCCAGAATCCCGATTC-1	B	13
TCCAGAATCCGGACTG-1	Epithelial	2
TCCAGAATCCTCAAGA-1	B	13
TCCAGAATCGCGTTCT-1	B	8
TCCATCGAGAAGGGCG-1	Epithelial	6
TCCATCGAGGATCCTT-1	Epithelial	2
TCCATCGAGTTCCAGT-1	Epithelial	12
TCCATCGCAAGCAACG-1	Epithelial	0
TCCATCGCAAGGTCGA-1	Epithelial	6
TCCATCGCAATGAAAC-1	B	1
TCCATCGCAATTCAGC-1	Epithelial	6
TCCATCGCACGCGACT-1	Epithelial	18
TCCATCGCACGTGAAG-1	B	1
TCCATCGCAGGACCTC-1	Epithelial	7
TCCATCGCAGGTGTCC-1	Stromal	9
TCCATCGCATAAAGTG-1	Epithelial	2
TCCATCGCATCACAGT-1	Epithelial	2
TCCATCGCATGGTAAA-1	B	19
TCCATCGGTAGGGTTG-1	B	1
TCCATCGGTCGCTAGC-1	Epithelial	2
TCCATCGGTGGTACTT-1	Stromal	5
TCCATCGGTTACACTG-1	B	8
TCCATCGGTTACTACG-1	B	13
TCCATCGGTTTCGACA-1	B	1
TCCATCGTCAACGTGT-1	B	1
TCCATCGTCATTCGGA-1	Epithelial	0
TCCATCGTCCGTACGG-1	Epithelial	6
TCCATCGTCGGCAATT-1	Epithelial	0
TCCATCGTCTGGCCAG-1	B	13
TCCATCGTCTTATCAC-1	Epithelial	17
TCCCACAAGAACGCCA-1	B	1
TCCCACAAGGTCGGTA-1	B	19
TCCCACAAGTAGCAAT-1	Epithelial	14
TCCCACAAGTGGGACT-1	Epithelial	15
TCCCACACAAGTTCGT-1	Stromal	5
TCCCACACACAATAAG-1	Epithelial	12
TCCCACACACGTTGTA-1	Epithelial	6
TCCCACACACTGATAC-1	Epithelial	0
TCCCACACATCATCGA-1	B	4
TCCCACACATTCACCC-1	Epithelial	10
TCCCACAGTAGTATCC-1	Epithelial	12
TCCCACAGTATCACAC-1	Epithelial	18
TCCCACAGTATCTAGC-1	Stromal	5
TCCCACAGTGGAGTGT-1	B	13
TCCCACAGTGGTCGAA-1	B	4
TCCCACAGTTTCAGCA-1	Epithelial	7
TCCCACAGTTTGCCAA-1	Epithelial	2
TCCCACAGTTTGTCTT-1	B	13
TCCCACATCACTTACT-1	Epithelial	12
TCCCACATCAGGAAGC-1	Epithelial	2
TCCCACATCGCCACTT-1	B	8
TCCCACATCGTCCCTA-1	Epithelial	7
TCCCACATCTCCCTTT-1	Epithelial	12
TCCGACTAGCAATAAC-1	Myeloid	3
TCCGACTAGCCGCTGT-1	Myeloid	3
TCCGACTAGCTTACCA-1	Epithelial	7
TCCGACTAGGTAGGAA-1	B	8
TCCGACTAGGTCCTCG-1	B	8
TCCGACTAGTAACACA-1	Epithelial	0
TCCGACTAGTATACGA-1	Epithelial	12
TCCGACTAGTCGATAA-1	B	13
TCCGACTAGTTAGCAA-1	Epithelial	2
TCCGACTCAAATTCCG-1	Epithelial	18
TCCGACTCACCTACCT-1	T	11
TCCGACTCAGACCTGC-1	B	4
TCCGACTGTAAACGGC-1	Epithelial	18
TCCGACTGTAAAGCTA-1	Epithelial	15
TCCGACTGTACGGATG-1	Epithelial	14
TCCGACTGTCATAAGA-1	B	13
TCCGACTGTCTGATTG-1	Epithelial	14
TCCGACTGTGCACATT-1	Epithelial	2
TCCGACTGTGCCCTAG-1	T	11
TCCGACTGTGTGTGCC-1	Epithelial	7
TCCGACTGTGTTGTTG-1	B	1
TCCGACTGTTGGCTAT-1	B	8
TCCGACTTCACCACAA-1	B	1
TCCGACTTCATCATGG-1	Epithelial	2
TCCGACTTCCGATTGA-1	B	8
TCCGACTTCGGACGAA-1	B	19
TCCGACTTCGGGACAA-1	B	1
TCCGACTTCTGTAGAC-1	Epithelial	15
TCGAGCGAGACAGCTG-1	Epithelial	0
TCGAGCGAGAGATTAC-1	Epithelial	0
TCGAGCGAGAGGCGGA-1	Epithelial	17
TCGAGCGAGCCTTTGA-1	B	13
TCGAGCGAGCTGCTCG-1	Epithelial	12
TCGAGCGAGGCTCAGA-1	Epithelial	6
TCGAGCGAGTGAAACT-1	B	1
TCGAGCGAGTGGTGTG-1	Epithelial	17
TCGAGCGAGTTAGCGG-1	Myeloid	3
TCGAGCGCAACGGACA-1	Myeloid	3
TCGAGCGCAATCATCG-1	Epithelial	15
TCGAGCGCAATGGTAA-1	Epithelial	15
TCGAGCGCACACTAGT-1	B	19
TCGAGCGCACGTTACA-1	B	19
TCGAGCGCAGGTAGGT-1	Epithelial	14
TCGAGCGCATCATAGC-1	Epithelial	17
TCGAGCGCATGGATGG-1	Epithelial	0
TCGAGCGCATTAACGC-1	B	1
TCGAGCGCATTGATGC-1	B	1
TCGAGCGGTCAGGCTC-1	Epithelial	2
TCGAGCGGTCAGTGTT-1	B	8
TCGAGCGGTTACGGAG-1	B	19
TCGAGCGGTTTCCGGG-1	Epithelial	18
TCGAGCGGTTTCCTAT-1	Epithelial	7
TCGAGCGGTTTGCATG-1	Epithelial	0
TCGAGCGTCAATTGGC-1	B	1
TCGAGCGTCACCCGGA-1	Epithelial	6
TCGAGCGTCAGAATGA-1	Epithelial	10
TCGAGCGTCCTTTGCG-1	Epithelial	7
TCGAGCGTCGCACCTT-1	Epithelial	12
TCGAGCGTCGCAGATT-1	Myeloid	3
TCGAGCGTCGCGCCAA-1	Epithelial	7
TCGAGCGTCTCTGCGT-1	Epithelial	17
TCGAGCGTCTTCCGTG-1	B	1
TCGATTTAGAAGCCGT-1	Epithelial	7
TCGATTTAGATGAGGA-1	Epithelial	18
TCGATTTAGGACTTTC-1	Epithelial	15
TCGATTTAGGAGACTC-1	B	1
TCGATTTAGGTGAACC-1	B	1
TCGATTTAGTATCTGC-1	B	1
TCGATTTCAAGTTCGT-1	B	8
TCGATTTCACAAGGGT-1	B	1
TCGATTTCACACTAGT-1	Myeloid	3
TCGATTTCACCTGTGG-1	Epithelial	14
TCGATTTCAGGACCTC-1	Epithelial	2
TCGATTTCAGGATAGC-1	Epithelial	2
TCGATTTCATCCCTCA-1	Epithelial	10
TCGATTTCATCTCACC-1	Epithelial	0
TCGATTTCATGTGGGA-1	B	1
TCGATTTGTACGTAAA-1	Stromal	9
TCGATTTGTATTCACG-1	Epithelial	7
TCGATTTGTCAGAAGC-1	Epithelial	0
TCGATTTGTCATCGTA-1	B	1
TCGATTTGTGGAAAGA-1	B	8
TCGATTTGTTGCCGCA-1	B	1
TCGATTTTCACGATTG-1	Myeloid	3
TCGATTTTCAGGCGCT-1	B	1
TCGATTTTCATTCTCA-1	Epithelial	15
TCGATTTTCCGTACGG-1	Epithelial	10
TCGATTTTCCTGTAGA-1	Epithelial	7
TCGATTTTCTGGCACG-1	Epithelial	18
TCGATTTTCTTCCAGC-1	Epithelial	0
TCGATTTTCTTCTTCC-1	B	1
TCGCAGGAGCATTGGG-1	Epithelial	0
TCGCAGGAGGCACTAG-1	B	1
TCGCAGGAGGCGATTG-1	T	11
TCGCAGGAGGCTTAAA-1	B	1
TCGCAGGAGTCGAAAT-1	B	8
TCGCAGGAGTCTGTGT-1	Epithelial	2
TCGCAGGAGTTCCCGG-1	Stromal	9
TCGCAGGCAACAACTC-1	Epithelial	2
TCGCAGGCAATGAAAC-1	Epithelial	0
TCGCAGGCACAGGTAG-1	Epithelial	0
TCGCAGGCACAGTTCA-1	Stromal	9
TCGCAGGCATGTCCCT-1	Epithelial	15
TCGCAGGGTACGGAGT-1	Epithelial	0
TCGCAGGGTACTTCAG-1	B	1
TCGCAGGGTCAGAAAT-1	B	13
TCGCAGGGTCATAAGA-1	Epithelial	7
TCGCAGGGTCCAAGAG-1	Epithelial	10
TCGCAGGGTTATAGAG-1	Stromal	9
TCGCAGGTCCCAGTAA-1	Myeloid	3
TCGCAGGTCCCTAAAG-1	Epithelial	7
TCGCAGGTCCGTTAGA-1	B	8
TCGCAGGTCGCCCTTA-1	Epithelial	17
TCGCCTAAGAGGAATG-1	B	13
TCGCCTAAGATGAGGA-1	B	8
TCGCCTAAGGATATCA-1	B	8
TCGCCTAAGTTCCCGG-1	B	13
TCGCCTACAACGCACC-1	B	1
TCGCCTACAAGTAACA-1	B	8
TCGCCTACAATGATGA-1	Epithelial	7
TCGCCTACAATGCCAT-1	Epithelial	14
TCGCCTACACGCGTTG-1	Epithelial	6
TCGCCTACACTTACAG-1	Epithelial	18
TCGCCTACAGAATGCG-1	B	1
TCGCCTACAGACTAAA-1	Epithelial	7
TCGCCTACAGATTTGC-1	B	1
TCGCCTACAGGCAAGT-1	Epithelial	18
TCGCCTACATAGCCAT-1	Stromal	5
TCGCCTACATAGCCGC-1	B	8
TCGCCTACATCGGCTG-1	B	8
TCGCCTACATTCACCC-1	Epithelial	12
TCGCCTACATTTGTTC-1	Epithelial	7
TCGCCTAGTAAGCCGA-1	Epithelial	7
TCGCCTAGTACGTAAA-1	Epithelial	7
TCGCCTAGTGCCCTAG-1	Myeloid	3
TCGCCTAGTGCTGGCT-1	Epithelial	14
TCGCCTAGTGTTAGAA-1	B	8
TCGCCTAGTTACGCTA-1	T	11
TCGCCTAGTTTAAGGA-1	B	8
TCGCCTAGTTTGTCTT-1	B	13
TCGCCTAGTTTGTGAC-1	T	11
TCGCCTATCCAATCCC-1	Epithelial	15
TCGCCTATCCAGTACA-1	Epithelial	12
TCGCCTATCGACTATG-1	B	1
TCGCCTATCGATGAAA-1	B	8
TCGCCTATCGCCTTAC-1	Epithelial	10
TCGCCTATCGCGTTCT-1	B	8
TCGCCTATCGGATCGC-1	B	1
TCGCCTATCTTGTGCC-1	Epithelial	10
TCGGGACAGATATGAC-1	Epithelial	12
TCGGGACAGCTAGTTC-1	Epithelial	10
TCGGGACAGGTTCGAG-1	Epithelial	12
TCGGGACAGTACCTCA-1	Epithelial	2
TCGGGACCAAGATGCG-1	Epithelial	7
TCGGGACCACATTCTT-1	Epithelial	2
TCGGGACCACGCGCAT-1	B	1
TCGGGACCAGGTAGGT-1	Epithelial	6
TCGGGACCAGTGCTCG-1	T	11
TCGGGACCAGTGGTCC-1	B	13
TCGGGACCATAGAATG-1	T	11
TCGGGACGTCCTTATT-1	B	8
TCGGGACGTCGACTGC-1	Epithelial	15
TCGGGACGTGCCCTAG-1	B	1
TCGGGACGTTCCCTTG-1	T	11
TCGGGACTCACCCTTG-1	Epithelial	12
TCGGGACTCGAGAACG-1	Epithelial	14
TCGGGACTCGATCTTT-1	Epithelial	2
TCGGGACTCGCTCTAC-1	Stromal	5
TCGGGACTCGGAAAGC-1	Epithelial	7
TCGGGACTCTATACCT-1	Epithelial	0
TCGGGACTCTATAGGC-1	B	13
TCGTTCGAGGATTTGA-1	Myeloid	3
TCGTTCGAGTCCTTCC-1	B	13
TCGTTCGCAAACCCTA-1	B	8
TCGTTCGCAACCTCTC-1	B	19
TCGTTCGCAAGAAACT-1	Epithelial	17
TCGTTCGCACCGAATT-1	Epithelial	7
TCGTTCGCACCTGTGG-1	Stromal	5
TCGTTCGCACTAAACC-1	Epithelial	10
TCGTTCGCACTCGCAG-1	B	4
TCGTTCGCATCCCTTG-1	B	1
TCGTTCGGTATTCACG-1	Epithelial	15
TCGTTCGGTCTGATTG-1	B	1
TCGTTCGGTGAATCAA-1	B	8
TCGTTCGGTGGTACTT-1	Epithelial	6
TCGTTCGGTTTGTGAC-1	Epithelial	0
TCGTTCGTCAGTTGAC-1	B	19
TCGTTCGTCATACTTC-1	Epithelial	2
TCGTTCGTCCATTGTT-1	Epithelial	0
TCGTTCGTCCTTACGC-1	B	1
TCTAGTTAGACGACTG-1	Epithelial	18
TCTAGTTAGCGTGTTT-1	Epithelial	7
TCTAGTTAGCTTACCA-1	T	11
TCTAGTTAGTATAGTG-1	B	8
TCTAGTTAGTCTGCTA-1	Epithelial	12
TCTAGTTAGTCTGTGT-1	Epithelial	10
TCTAGTTCAAATGCTC-1	T	11
TCTAGTTCAACGTCCG-1	B	1
TCTAGTTCAACTAGAA-1	Epithelial	12
TCTAGTTCAACTGCGC-1	B	8
TCTAGTTCAGGCAAGT-1	Epithelial	12
TCTAGTTCATCGCCTT-1	Epithelial	17
TCTAGTTCATTTAGGC-1	Epithelial	12
TCTAGTTGTAGCAGCA-1	B	13
TCTAGTTGTAGCCATT-1	Epithelial	2
TCTAGTTGTCACAGTT-1	Epithelial	0
TCTAGTTGTTCTGAGT-1	B	1
TCTAGTTTCACGTGTA-1	Epithelial	7
TCTAGTTTCCTATCCG-1	T	11
TCTAGTTTCCTCCTGA-1	Epithelial	7
TCTAGTTTCGAGCGCT-1	B	1
TCTAGTTTCTCTGAGA-1	B	1
TCTAGTTTCTGCTACC-1	Epithelial	6
TCTATTGAGACTAGGC-1	Epithelial	0
TCTATTGAGCACCATT-1	Epithelial	15
TCTATTGAGCGTCAAG-1	B	13
TCTATTGAGCGTTGCC-1	Epithelial	2
TCTATTGAGCTCGTTA-1	Epithelial	6
TCTATTGAGGGTAATT-1	Epithelial	10
TCTATTGAGGTCCTCG-1	Epithelial	7
TCTATTGCAACGTCGC-1	B	1
TCTATTGCAAGACTAA-1	T	11
TCTATTGCACCCTTAC-1	Epithelial	15
TCTATTGCACGTGAAG-1	Epithelial	2
TCTATTGCATATTGGC-1	B	8
TCTATTGCATTTGTTC-1	T	11
TCTATTGGTACAAATG-1	B	1
TCTATTGGTCAACGGA-1	Epithelial	12
TCTATTGGTCTGGTCG-1	Epithelial	2
TCTATTGGTTCCCTTG-1	Epithelial	0
TCTATTGGTTGCAGAG-1	Epithelial	14
TCTATTGTCACACGTA-1	B	1
TCTATTGTCTCTGTTA-1	B	1
TCTCAGCAGAATCAAC-1	B	13
TCTCAGCAGATCGCCC-1	B	8
TCTCAGCAGATTGACA-1	B	1
TCTCAGCAGCGAATAT-1	B	1
TCTCAGCAGTGTCGGA-1	T	11
TCTCAGCCAAATTCCG-1	Epithelial	17
TCTCAGCCACACACAT-1	B	8
TCTCAGCCACCTGGTG-1	Epithelial	15
TCTCAGCCAGTAACTC-1	B	1
TCTCAGCCATCCTCGT-1	Epithelial	7
TCTCAGCGTAACAATG-1	Epithelial	2
TCTCAGCGTCTGCACG-1	Epithelial	6
TCTCAGCGTCTGGGAA-1	B	1
TCTCAGCGTTGAAGCG-1	Epithelial	2
TCTCAGCGTTGGCTTA-1	Epithelial	7
TCTCAGCTCCAGCACG-1	B	8
TCTCAGCTCCCTACGT-1	Epithelial	2
TCTCAGCTCCGGCTGA-1	Myeloid	3
TCTCAGCTCGCACCTT-1	Epithelial	6
TCTCAGCTCGCAGATT-1	B	8
TCTCAGCTCGGATGTT-1	B	13
TCTCAGCTCGGTCCGA-1	B	1
TCTCTGGAGAAGCCGT-1	B	13
TCTCTGGAGAATATCG-1	B	8
TCTCTGGAGAGCGAAA-1	B	13
TCTCTGGAGCGCGTTC-1	Epithelial	16
TCTCTGGAGCTTACCA-1	B	13
TCTCTGGAGGAGAACA-1	Stromal	9
TCTCTGGAGGTTCGTT-1	Epithelial	18
TCTCTGGAGTACCACT-1	Epithelial	10
TCTCTGGAGTGCAACG-1	Epithelial	15
TCTCTGGAGTTCAGGG-1	Epithelial	7
TCTCTGGAGTTGACAA-1	B	13
TCTCTGGCAAGGCGTA-1	Myeloid	3
TCTCTGGCAAGGGAGG-1	Epithelial	14
TCTCTGGCACGCGCAT-1	Epithelial	12
TCTCTGGCACTGGGCT-1	B	13
TCTCTGGCACTGTCGG-1	Epithelial	2
TCTCTGGCATCCCTTG-1	B	8
TCTCTGGGTAAGTGCG-1	Epithelial	0
TCTCTGGGTAATGCAA-1	Epithelial	17
TCTCTGGGTACTTGAC-1	B	8
TCTCTGGGTAGATTAG-1	B	1
TCTCTGGGTCAGAAGC-1	Epithelial	12
TCTCTGGGTGCACATT-1	Epithelial	16
TCTCTGGGTGTTGTTG-1	Epithelial	18
TCTCTGGGTTACTACG-1	Epithelial	7
TCTCTGGGTTTCGATG-1	B	8
TCTCTGGTCATGAACC-1	T	11
TCTCTGGTCCAGGCCA-1	Epithelial	17
TCTCTGGTCCGTTTCG-1	Epithelial	2
TCTCTGGTCGCAGATT-1	B	13
TCTCTGGTCGCATAAC-1	Epithelial	17
TCTCTGGTCGGAAAGC-1	B	1
TCTCTGGTCGGGACAA-1	Epithelial	7
TCTCTGGTCGGTCTAA-1	B	4
TCTCTGGTCTATCTTG-1	Epithelial	2
TCTCTGGTCTCCACTG-1	T	11
TGAATCGAGATCTAAG-1	Epithelial	12
TGAATCGAGCCTATAC-1	Epithelial	17
TGAATCGAGGGACGTT-1	Epithelial	15
TGAATCGAGGGAGATA-1	B	4
TGAATCGAGTATACCC-1	Epithelial	10
TGAATCGCAACTCCCT-1	Myeloid	3
TGAATCGCAATGGTAA-1	Epithelial	17
TGAATCGCACATAAAG-1	Epithelial	17
TGAATCGCACCGATCG-1	B	1
TGAATCGCACTAGCCG-1	Epithelial	12
TGAATCGCACTCCACT-1	B	1
TGAATCGCACTGATAC-1	Epithelial	16
TGAATCGCAGGTAGGT-1	Epithelial	15
TGAATCGCAGTAAGCG-1	Epithelial	0
TGAATCGCATGTGAGG-1	B	1
TGAATCGGTAGTCCAT-1	B	8
TGAATCGGTCTGGGAA-1	B	13
TGAATCGGTGGCCTCA-1	B	1
TGAATCGGTTGGCTTA-1	Stromal	9
TGAATCGTCAAGAGAT-1	Myeloid	3
TGAATCGTCAGAACGG-1	Epithelial	12
TGAATCGTCAGGTTTG-1	B	4
TGAATCGTCCAAGTCA-1	B	8
TGAATCGTCGCATACA-1	Myeloid	3
TGACAACAGAGCGGTT-1	Epithelial	10
TGACAACAGCGTATCT-1	B	1
TGACAACAGGCCAGTA-1	Stromal	9
TGACAACAGTAGGAAG-1	Epithelial	2
TGACAACAGTCCGGAA-1	Epithelial	16
TGACAACAGTGTGTAA-1	Epithelial	6
TGACAACCACCTGGTG-1	B	19
TGACAACCACTTATGG-1	Epithelial	6
TGACAACCAGCAATGG-1	Epithelial	7
TGACAACCAGTTAAAG-1	Myeloid	3
TGACAACCATGGGACA-1	T	11
TGACAACCATGGTTTG-1	Epithelial	7
TGACAACGTAAACGAT-1	B	8
TGACAACGTAGCAGGT-1	B	13
TGACAACGTAGTATCC-1	Myeloid	3
TGACAACGTCAAGACG-1	Epithelial	6
TGACAACGTGATCAGG-1	B	13
TGACAACGTGCGTTTA-1	B	1
TGACAACGTGCTAGTT-1	Epithelial	12
TGACAACGTGTTGGTT-1	B	4
TGACAACGTTGAATAG-1	B	1
TGACAACGTTTCCGGG-1	Epithelial	6
TGACAACGTTTCCTAT-1	Epithelial	7
TGACAACGTTTCGATG-1	B	8
TGACAACTCATGTTCT-1	Epithelial	7
TGACAACTCCATACGA-1	Myeloid	3
TGACAACTCCCAATGA-1	Epithelial	0
TGACAACTCCTCCCAA-1	Epithelial	12
TGACAACTCGTGAACT-1	Epithelial	10
TGACAACTCTCTGCAC-1	Epithelial	15
TGACTCCAGAGGTACC-1	Epithelial	7
TGACTCCAGCTCCGGT-1	T	11
TGACTCCAGGAGGCGA-1	Epithelial	2
TGACTCCAGGTCACTT-1	Epithelial	10
TGACTCCAGTAGACCG-1	B	13
TGACTCCAGTGAGTGC-1	Epithelial	2
TGACTCCAGTGGGACT-1	Epithelial	17
TGACTCCCAAAGAAGG-1	Epithelial	7
TGACTCCCAGCGCGTT-1	B	13
TGACTCCCAGGTAACG-1	Stromal	9
TGACTCCCATCGTACA-1	B	1
TGACTCCGTAACCGAG-1	B	13
TGACTCCGTACGTAGG-1	B	8
TGACTCCGTAGTACAA-1	B	8
TGACTCCGTCCATTGA-1	Epithelial	18
TGACTCCGTGGTAAGC-1	Stromal	5
TGACTCCGTGTGTGTT-1	Epithelial	12
TGACTCCGTTACCCAA-1	Epithelial	0
TGACTCCTCCACACCT-1	Myeloid	3
TGACTCCTCCGGAAAG-1	Epithelial	0
TGACTCCTCCGTACGG-1	Epithelial	14
TGACTCCTCGGATAGG-1	Epithelial	10
TGACTCCTCTAGCTGA-1	B	4
TGACTCCTCTATAGGC-1	Epithelial	18
TGACTCCTCTCTGAGA-1	B	8
TGACTCCTCTTAGTGG-1	B	8
TGACTCCTCTTCAGAG-1	Epithelial	16
TGAGCCGAGACCCATT-1	B	8
TGAGCCGAGCGTTAGG-1	Epithelial	15
TGAGCCGAGCTGAAAT-1	B	1
TGAGCCGAGGTTTCTG-1	Epithelial	6
TGAGCCGAGTGAACCG-1	Epithelial	17
TGAGCCGCAACAAACA-1	B	8
TGAGCCGCAACGGACA-1	Epithelial	14
TGAGCCGCAAGCAACG-1	B	13
TGAGCCGCAAGCGACA-1	B	1
TGAGCCGCAATAGTGA-1	Epithelial	7
TGAGCCGCAATGCATC-1	Epithelial	18
TGAGCCGCATGGCCCA-1	B	1
TGAGCCGGTAAGCCTT-1	Epithelial	7
TGAGCCGGTAATGTGA-1	Epithelial	2
TGAGCCGGTAGAAAGG-1	B	13
TGAGCCGGTAGGTGAC-1	Epithelial	7
TGAGCCGGTATGAAGT-1	B	1
TGAGCCGGTCTCGGGT-1	B	8
TGAGCCGGTTGCAGCC-1	B	1
TGAGCCGGTTTGCATG-1	Epithelial	18
TGAGCCGTCAGGTTTG-1	B	4
TGAGCCGTCAGTCACA-1	Stromal	5
TGAGCCGTCGAAGCCC-1	Epithelial	2
TGAGCCGTCGGGATCC-1	Epithelial	6
TGAGCCGTCTATGAGC-1	B	8
TGAGCCGTCTCTTCCT-1	Epithelial	17
TGAGTCAAGAAATCTG-1	B	1
TGAGTCAAGACACGGT-1	B	8
TGAGTCAAGACTAGGC-1	Myeloid	3
TGAGTCAAGCCCATGC-1	Epithelial	10
TGAGTCAAGGCTTTAC-1	Epithelial	12
TGAGTCAAGGTAAGTT-1	Epithelial	0
TGAGTCAAGTCTCGAT-1	Epithelial	7
TGAGTCAAGTGTAATG-1	B	8
TGAGTCACAAAGGAAG-1	Epithelial	18
TGAGTCACAAGGAGGG-1	B	8
TGAGTCACACCAAGGA-1	B	4
TGAGTCACACCATTCC-1	Epithelial	0
TGAGTCACACCGTCTT-1	B	1
TGAGTCACACCTGGTG-1	B	13
TGAGTCACATATTGGC-1	B	1
TGAGTCACATCCGTAA-1	Epithelial	7
TGAGTCAGTACGGAGT-1	B	1
TGAGTCAGTAGAATAC-1	Epithelial	15
TGAGTCAGTAGTCTGT-1	Epithelial	12
TGAGTCAGTATTCGCA-1	B	13
TGAGTCAGTCTCGGGT-1	Epithelial	2
TGAGTCAGTCTGGATT-1	Epithelial	12
TGAGTCAGTGCTGAAG-1	Epithelial	16
TGAGTCAGTGTCGTCG-1	B	1
TGAGTCATCCACACCT-1	T	11
TGAGTCATCCACTAGA-1	B	19
TGATCAGAGAACGCCA-1	Myeloid	3
TGATCAGAGACAACGC-1	Myeloid	3
TGATCAGAGGCACCTC-1	Epithelial	7
TGATCAGAGGGCATTG-1	Myeloid	3
TGATCAGAGGGTTCCC-1	Epithelial	18
TGATCAGAGGTACACG-1	B	8
TGATCAGAGTGATATG-1	B	8
TGATCAGAGTGTGTAA-1	Epithelial	15
TGATCAGCAATAGCGG-1	B	13
TGATCAGCAATCACTG-1	T	11
TGATCAGCACCTGAAT-1	Epithelial	18
TGATCAGCAGTTCGGC-1	Epithelial	15
TGATCAGCATCATCGA-1	Epithelial	17
TGATCAGCATTGCACA-1	B	13
TGATCAGGTACTAGAA-1	Epithelial	14
TGATCAGGTATTCTGG-1	Epithelial	6
TGATCAGGTCAATACC-1	Epithelial	7
TGATCAGGTGATAAGT-1	B	8
TGATCAGGTTCTGATG-1	B	8
TGATCAGGTTGAAGCG-1	B	4
TGATCAGTCAAGGCCC-1	B	13
TGATCAGTCACAAGCT-1	Epithelial	10
TGATCAGTCCCGTATC-1	Epithelial	18
TGATCAGTCCGCTCTA-1	B	8
TGATCAGTCCGTGCGA-1	Epithelial	6
TGATCAGTCGGTGATT-1	Epithelial	10
TGATCAGTCGTCCCTA-1	B	13
TGATCAGTCTCTTCTC-1	Epithelial	12
TGATGCAAGAACTCCT-1	T	11
TGATGCAAGATCCGAG-1	Epithelial	0
TGATGCAAGATCGATA-1	Epithelial	2
TGATGCAAGATGGCAC-1	Epithelial	2
TGATGCAAGTAGCAAT-1	B	1
TGATGCAAGTCATCTG-1	Epithelial	17
TGATGCAAGTGATCTC-1	B	13
TGATGCACAACCTCTC-1	Epithelial	14
TGATGCACAAGATGCG-1	B	13
TGATGCACAAGCCAGA-1	Epithelial	12
TGATGCACAAGGACCA-1	Stromal	5
TGATGCACACATATCG-1	B	13
TGATGCACACTACACA-1	Epithelial	6
TGATGCACAGGATGTG-1	Epithelial	14
TGATGCACAGTAGTTC-1	Epithelial	2
TGATGCACATGGCCTG-1	Epithelial	12
TGATGCAGTAGCATGG-1	B	8
TGATGCAGTAGTATCC-1	B	8
TGATGCAGTAGTCTGT-1	B	4
TGATGCAGTCCACCAG-1	Epithelial	2
TGATGCAGTCTGTCCT-1	Epithelial	2
TGATGCAGTGATGCTT-1	B	13
TGATGCAGTGTGTGTT-1	Epithelial	2
TGATGCAGTTACGCTA-1	Epithelial	10
TGATGCAGTTCCATCC-1	B	19
TGATGCATCAAGAGAT-1	Epithelial	15
TGATGCATCAGTCAAC-1	T	11
TGATGCATCGACTGGC-1	B	19
TGATGCATCGCTACCT-1	Epithelial	6
TGATGCATCGTGATAC-1	B	8
TGATGCATCTAAACGC-1	B	19
TGATTTCAGAAAGGGT-1	Epithelial	7
TGATTTCAGAGGTACC-1	B	8
TGATTTCAGCAGGAGG-1	B	8
TGATTTCAGCATACCT-1	Epithelial	10
TGATTTCAGCGTTAGG-1	B	1
TGATTTCAGCTGAAAT-1	Epithelial	0
TGATTTCAGGCTTTAC-1	B	13
TGATTTCAGGTCGTTT-1	B	8
TGATTTCAGTACAGTA-1	Epithelial	18
TGATTTCAGTAGAAGG-1	T	11
TGATTTCCACGTTAGT-1	Epithelial	7
TGATTTCCATAGATAG-1	B	1
TGATTTCGTACGGAGT-1	Epithelial	0
TGATTTCGTGGTGGTA-1	B	1
TGATTTCGTTACGAAA-1	Epithelial	10
TGATTTCGTTGAAGCG-1	B	1
TGATTTCTCCCTAAAG-1	B	1
TGATTTCTCCTAGAGT-1	Epithelial	7
TGATTTCTCGCAGATT-1	B	8
TGATTTCTCGCTTCAC-1	B	1
TGCACCTAGAGCTGTG-1	Epithelial	15
TGCACCTAGGCGATTG-1	T	11
TGCACCTAGTGCTAGG-1	Epithelial	12
TGCACCTCAAACCCTA-1	B	1
TGCACCTCAACTCAAC-1	B	1
TGCACCTCAAGCCAGA-1	B	1
TGCACCTCAAGTAATG-1	Epithelial	15
TGCACCTCACACTAGT-1	B	13
TGCACCTCACGATTAC-1	Epithelial	7
TGCACCTCAGAATGCG-1	Epithelial	0
TGCACCTGTAAACGGC-1	Epithelial	7
TGCACCTGTAACGGTG-1	Myeloid	3
TGCACCTGTCCGTCGA-1	B	8
TGCACCTGTCGACTGC-1	B	13
TGCACCTGTCTGAGCC-1	Myeloid	3
TGCACCTGTGATGCTT-1	Epithelial	12
TGCACCTGTGCTGAAG-1	Epithelial	14
TGCACCTGTGTCTACA-1	B	13
TGCACCTGTTTGTAGC-1	B	19
TGCACCTTCCGTGCAG-1	Epithelial	15
TGCACCTTCGCCTTAC-1	B	1
TGCACCTTCGCTCTAC-1	Epithelial	18
TGCACCTTCGTGAGTT-1	B	1
TGCACCTTCTCCTTAA-1	Epithelial	2
TGCACCTTCTGAACGT-1	B	8
TGCACCTTCTGAGTAC-1	T	11
TGCACCTTCTTCTTCC-1	Epithelial	12
TGCACCTTCTTGTACT-1	Epithelial	7
TGCATGAAGACTAGCG-1	Epithelial	12
TGCATGAAGGGAAATG-1	B	1
TGCATGAAGGTCGGTA-1	Epithelial	17
TGCATGAAGGTGATGC-1	B	1
TGCATGAAGGTTTCTG-1	Epithelial	7
TGCATGAAGTTGCTTG-1	T	11
TGCATGACAAAGCATA-1	B	8
TGCATGACAATTGGCT-1	Epithelial	2
TGCATGACAGAAAGAG-1	Epithelial	2
TGCATGACATTTAGGC-1	Myeloid	3
TGCATGACATTTGGCA-1	B	13
TGCATGAGTAAACCCT-1	Epithelial	18
TGCATGAGTAACCCAT-1	Epithelial	7
TGCATGAGTAGTAACA-1	B	8
TGCATGAGTCCAAGTT-1	Stromal	5
TGCATGAGTTAGGAAT-1	Epithelial	6
TGCATGAGTTCCAATG-1	B	8
TGCATGATCACTGATG-1	T	11
TGCATGATCCAAGTCA-1	Epithelial	2
TGCATGATCGAACACT-1	B	13
TGCATGATCGCTATAG-1	B	8
TGCATGATCTACTTTG-1	B	1
TGCATGATCTATCCTA-1	B	8
TGCATGATCTTGTCGC-1	B	8
TGCATTTAGCAACTGG-1	B	8
TGCATTTAGCAATAAC-1	B	1
TGCATTTAGCTGCCAC-1	B	13
TGCATTTAGGACCGAT-1	B	13
TGCATTTAGGATTGAT-1	Epithelial	15
TGCATTTAGGCTCAGA-1	B	13
TGCATTTAGGCTGGAT-1	Epithelial	0
TGCATTTAGGTGTCGA-1	B	4
TGCATTTAGTAGTTCC-1	B	1
TGCATTTAGTGGTGTG-1	B	1
TGCATTTAGTTGCGCC-1	B	1
TGCATTTCAAGTCTCA-1	Epithelial	2
TGCATTTCACAGATGG-1	Epithelial	2
TGCATTTCAGGCTACC-1	B	1
TGCATTTCATCCCAAA-1	Epithelial	0
TGCATTTCATCGGCTG-1	B	1
TGCATTTGTACGCCCA-1	Epithelial	7
TGCATTTGTACTATGC-1	Epithelial	17
TGCATTTGTATCTCAG-1	B	4
TGCATTTGTCCCTTTG-1	Epithelial	6
TGCATTTGTGATGCTT-1	B	1
TGCATTTGTGCAGACA-1	B	4
TGCATTTGTGTCCTTC-1	T	11
TGCATTTGTTCTACCC-1	B	1
TGCATTTGTTGCAGCC-1	Epithelial	16
TGCATTTTCAGAGTGG-1	Myeloid	3
TGCATTTTCATTGCCC-1	Epithelial	14
TGCATTTTCCAATAGC-1	Epithelial	17
TGCATTTTCGAGAAGC-1	T	11
TGCATTTTCGGTCGAC-1	Epithelial	10
TGCATTTTCGTTACAG-1	Stromal	9
TGCATTTTCGTTCCGT-1	Epithelial	12
TGCATTTTCTCTTCTC-1	B	8
TGCATTTTCTTCTCTC-1	B	1
TGCCTCAAGCAACGGT-1	Epithelial	10
TGCCTCAAGCATGATA-1	B	8
TGCCTCAAGCCAGAAC-1	B	1
TGCCTCAAGCCGCTGT-1	Myeloid	3
TGCCTCAAGCTGAAAT-1	Epithelial	7
TGCCTCAAGGAATGGA-1	Epithelial	12
TGCCTCAAGGCTGGAT-1	B	1
TGCCTCACACGTTAGT-1	B	1
TGCCTCACAGTATACC-1	Epithelial	12
TGCCTCACATGCGTTA-1	B	8
TGCCTCACATGTCCCT-1	B	8
TGCCTCAGTAAGTGCG-1	B	8
TGCCTCAGTACGACCC-1	Epithelial	12
TGCCTCAGTCAGTGCC-1	Epithelial	10
TGCCTCAGTCATCGTA-1	Epithelial	14
TGCCTCAGTCCAAGAG-1	Epithelial	10
TGCCTCAGTCCCGAGT-1	T	11
TGCCTCAGTCCCTAAA-1	Epithelial	10
TGCCTCAGTCTCTAAG-1	B	8
TGCCTCAGTGCAAGAC-1	B	1
TGCCTCAGTTCTGATG-1	B	8
TGCCTCAGTTTGATCG-1	B	1
TGCCTCATCCAAACCA-1	B	8
TGCCTCATCCGATTGA-1	B	1
TGCCTCATCCTCCCAA-1	Epithelial	0
TGCCTCATCGATGTAC-1	B	1
TGCCTCATCGGACGAA-1	Epithelial	14
TGCCTCATCGGGATCC-1	Stromal	5
TGCCTCATCTATGAGC-1	Epithelial	2
TGCCTCATCTCTTCCT-1	B	1
TGCCTCATCTGTTTAC-1	Epithelial	14
TGCCTCATCTTGTGCC-1	Epithelial	14
TGCCTGTAGAACCCGA-1	Epithelial	10
TGCCTGTAGACACTTC-1	Epithelial	7
TGCCTGTAGACGAAAG-1	Epithelial	16
TGCCTGTAGATCTCAC-1	Epithelial	18
TGCCTGTAGATGTTCC-1	B	1
TGCCTGTAGCTATCCA-1	B	13
TGCCTGTAGGGCTTCC-1	B	13
TGCCTGTAGTACCCAT-1	B	1
TGCCTGTCAAACGACG-1	Epithelial	0
TGCCTGTCAGTAGGCA-1	Stromal	9
TGCCTGTCATCCCAAA-1	Epithelial	7
TGCCTGTCATGCGCTG-1	Epithelial	0
TGCCTGTGTGCAAGCA-1	B	13
TGCCTGTGTGGATTTC-1	Epithelial	16
TGCCTGTGTGGTAGAC-1	Stromal	5
TGCCTGTGTTTGCCAA-1	Epithelial	12
TGCCTGTGTTTGCGAT-1	Epithelial	2
TGCCTGTTCACATTCT-1	Epithelial	6
TGCCTGTTCACCACAA-1	Epithelial	0
TGCCTGTTCATCGCCT-1	B	4
TGCCTGTTCCGCTCTA-1	Epithelial	7
TGCCTGTTCGCACCGA-1	B	13
TGCCTGTTCGCTTACC-1	Myeloid	3
TGCCTGTTCTCAGATG-1	Epithelial	7
TGCCTGTTCTTATCAC-1	Stromal	9
TGCGTAAAGAAATCTG-1	B	1
TGCGTAAAGAATCAAC-1	Epithelial	17
TGCGTAAAGAGAACCC-1	Epithelial	18
TGCGTAAAGTGATCTC-1	Epithelial	10
TGCGTAACAAACTACC-1	Epithelial	0
TGCGTAACAAGCGACA-1	B	1
TGCGTAACAATTCAGC-1	B	1
TGCGTAACAGAAAGAG-1	Epithelial	7
TGCGTAACAGCTTACA-1	B	8
TGCGTAACATGGTAAA-1	Stromal	9
TGCGTAAGTACCGGCT-1	B	13
TGCGTAAGTATGGTTC-1	Stromal	5
TGCGTAAGTCTGATTG-1	Stromal	5
TGCGTAAGTGAGGTCA-1	Epithelial	7
TGCGTAAGTGGTGGTA-1	B	4
TGCGTAAGTTAACTCG-1	B	8
TGCGTAATCACCACAA-1	Epithelial	2
TGCGTAATCAGGAAGC-1	Epithelial	6
TGCGTAATCCGTGCGA-1	B	1
TGCGTAATCGGGTCCA-1	Epithelial	12
TGCGTAATCGGTAGGA-1	B	1
TGCGTAATCGTGATAC-1	B	13
TGCGTAATCTACATCT-1	Epithelial	12
TGCGTAATCTCTATCA-1	B	1
TGCTATTAGATCTAAG-1	Epithelial	12
TGCTATTAGATGAGGA-1	T	11
TGCTATTAGCAACTGG-1	B	4
TGCTATTAGCGCCTAC-1	Epithelial	2
TGCTATTAGGGATCCA-1	B	8
TGCTATTAGTCGGGAT-1	Epithelial	18
TGCTATTCAAATAGTG-1	Epithelial	0
TGCTATTCAAGGTTCT-1	Epithelial	0
TGCTATTCACGCTAAT-1	Stromal	5
TGCTATTCAGGCAAGT-1	Epithelial	18
TGCTATTCATCCCTTG-1	Epithelial	7
TGCTATTCATTGCGAT-1	Epithelial	6
TGCTATTGTAACGGTG-1	Epithelial	17
TGCTATTGTCGAGGTA-1	B	1
TGCTATTGTGCCGGTT-1	B	1
TGCTATTGTTGAAGCG-1	Epithelial	15
TGCTATTGTTTCCACC-1	T	11
TGCTATTTCCAGAGAG-1	B	8
TGCTATTTCCCAGCAG-1	Epithelial	0
TGCTATTTCCTATCCG-1	Epithelial	17
TGCTATTTCGACTATG-1	Epithelial	2
TGCTATTTCTACTTTG-1	B	8
TGCTATTTCTATACCT-1	Epithelial	14
TGCTATTTCTTGTACT-1	Epithelial	0
TGCTCACAGCGTATCT-1	B	4
TGCTCACAGTCATACC-1	Epithelial	0
TGCTCACAGTCCGTGC-1	Epithelial	10
TGCTCACAGTTACACC-1	Epithelial	18
TGCTCACCAAGCGAAC-1	Epithelial	7
TGCTCACCAATGCACT-1	Epithelial	12
TGCTCACCACATCATG-1	Epithelial	7
TGCTCACCACGCCGAT-1	Myeloid	3
TGCTCACCAGATACAA-1	Epithelial	7
TGCTCACCATCAACTG-1	Epithelial	0
TGCTCACGTAAGCCTT-1	T	11
TGCTCACGTACGTAAA-1	Epithelial	10
TGCTCACGTAGAGAGA-1	Epithelial	7
TGCTCACGTCCAGACC-1	B	1
TGCTCACGTGGCCTCA-1	B	1
TGCTCACGTTACACTG-1	B	4
TGCTCACGTTGTGACT-1	Myeloid	3
TGCTCACTCAAAGTAG-1	B	1
TGCTCACTCCATCGAA-1	Epithelial	14
TGCTCACTCCTAAAGC-1	Epithelial	15
TGCTCACTCGATAGCT-1	Epithelial	15
TGCTCACTCGGTCTAA-1	Epithelial	2
TGCTCACTCGTGGCGT-1	Epithelial	17
TGCTCACTCGTTTGAG-1	Epithelial	6
TGCTCGTAGACGCCCT-1	Epithelial	14
TGCTCGTAGGAAGAAC-1	Epithelial	7
TGCTCGTAGGTCTTTG-1	B	13
TGCTCGTCAAGCAATA-1	Epithelial	6
TGCTCGTCACGCGACT-1	Myeloid	3
TGCTCGTCATGCACTA-1	B	8
TGCTCGTCATGGGTGA-1	B	1
TGCTCGTGTATCACAC-1	T	11
TGCTCGTGTCAGTGCC-1	Epithelial	0
TGCTCGTGTGATAGAT-1	Epithelial	17
TGCTCGTGTGCGCATC-1	Epithelial	17
TGCTCGTGTTACTTTC-1	Epithelial	10
TGCTCGTGTTTCTACT-1	B	4
TGCTCGTTCACGATTG-1	Epithelial	15
TGCTCGTTCCATGACA-1	Epithelial	0
TGCTCGTTCCGCTCTA-1	Epithelial	17
TGCTCGTTCGAGTTAC-1	Epithelial	15
TGCTCGTTCTCTATCA-1	Epithelial	6
TGCTTCGAGACGTCAG-1	B	4
TGCTTCGAGACTAGGC-1	Epithelial	7
TGCTTCGAGAGCACTG-1	Epithelial	12
TGCTTCGAGAGGTCCA-1	Epithelial	7
TGCTTCGAGCGAATAT-1	B	13
TGCTTCGAGCTAACAA-1	T	11
TGCTTCGAGGATGCCA-1	Epithelial	12
TGCTTCGAGTCATACC-1	Stromal	5
TGCTTCGAGTCCGATT-1	T	11
TGCTTCGAGTCTAGAA-1	Myeloid	3
TGCTTCGCATAGCAGG-1	B	1
TGCTTCGCATGCTATG-1	Epithelial	2
TGCTTCGGTAAAGCTA-1	B	8
TGCTTCGGTACGTAGG-1	B	8
TGCTTCGGTAGGTGAC-1	B	19
TGCTTCGGTCCGTGCA-1	B	1
TGCTTCGGTGATCAGG-1	T	11
TGCTTCGGTGCCCTAG-1	Stromal	9
TGCTTCGGTGGGTAGT-1	B	1
TGCTTCGGTTCCGCGA-1	Stromal	5
TGCTTCGGTTCCGGCA-1	Epithelial	12
TGCTTCGGTTTCTCTA-1	Epithelial	18
TGCTTCGTCAGTCTTT-1	Epithelial	7
TGCTTCGTCCAACGCG-1	B	1
TGCTTCGTCCAATCCC-1	Epithelial	14
TGCTTCGTCCATTGTT-1	B	1
TGCTTCGTCCCAATAG-1	Epithelial	7
TGCTTCGTCCCGGGTA-1	B	1
TGCTTCGTCCGTACGG-1	B	8
TGCTTCGTCGCTCGGA-1	B	4
TGCTTCGTCGTCGCAG-1	Epithelial	10
TGCTTTAAGACTTGAA-1	B	4
TGCTTTAAGCTTTCCC-1	B	1
TGCTTTAAGGAAGAAC-1	Stromal	9
TGCTTTAAGGCAGTAC-1	B	8
TGCTTTAAGGTACTCT-1	Epithelial	10
TGCTTTAAGTGCACAG-1	B	4
TGCTTTAAGTTGGAAT-1	Epithelial	18
TGCTTTACAACTGCGC-1	Epithelial	2
TGCTTTACAATTCTCT-1	B	8
TGCTTTACAGGATGTG-1	Epithelial	14
TGCTTTACATAGGCGA-1	Epithelial	0
TGCTTTACATCGAGTT-1	B	8
TGCTTTACATTGTTCT-1	B	8
TGCTTTAGTATTCGCA-1	B	8
TGCTTTAGTCAAACAA-1	Epithelial	0
TGCTTTAGTGAGTTGG-1	T	11
TGCTTTAGTGCAGACA-1	Epithelial	18
TGCTTTAGTGGATTTC-1	B	13
TGCTTTAGTGGTCGAA-1	Epithelial	0
TGCTTTAGTTTGTAGC-1	Epithelial	7
TGCTTTATCCATACCC-1	B	8
TGCTTTATCCTAGAGT-1	Stromal	5
TGCTTTATCGACTTAG-1	B	1
TGCTTTATCGATGTAC-1	B	13
TGCTTTATCGTCTTAT-1	Epithelial	12
TGCTTTATCTTACGGA-1	Epithelial	15
TGGAAGGAGATTACGA-1	Epithelial	15
TGGAAGGAGCGAGCTA-1	Epithelial	15
TGGAAGGAGCTAGTTC-1	B	4
TGGAAGGAGCTCCGGT-1	B	1
TGGAAGGAGGATGCCA-1	Epithelial	10
TGGAAGGAGGCAAGCT-1	B	8
TGGAAGGAGGTTGTGG-1	Epithelial	18
TGGAAGGAGTGGGACT-1	Epithelial	14
TGGAAGGCAAACGACG-1	B	8
TGGAAGGCAACCTCCT-1	Epithelial	0
TGGAAGGCAACTACTG-1	B	13
TGGAAGGCAAGATTAG-1	T	11
TGGAAGGCAAGCGTCC-1	Epithelial	0
TGGAAGGCACGCCGAT-1	B	1
TGGAAGGCAGGTAACG-1	B	13
TGGAAGGCAGGTAGGT-1	B	1
TGGAAGGGTACGCCCA-1	Epithelial	18
TGGAAGGGTCGATAGG-1	Epithelial	17
TGGAAGGGTGCATTGT-1	T	11
TGGAAGGGTTCCGGCA-1	B	19
TGGAAGGTCAAAGTAG-1	B	13
TGGAAGGTCACTGATG-1	Stromal	9
TGGAAGGTCCGGGCAT-1	Epithelial	7
TGGAAGGTCGAGTGTT-1	T	11
TGGACATAGAACGACC-1	Epithelial	6
TGGACATAGATTAGAC-1	B	13
TGGACATAGGGATCCA-1	Epithelial	0
TGGACATAGTCGCCTG-1	B	1
TGGACATAGTCTAGAA-1	Epithelial	12
TGGACATAGTCTCTAG-1	Epithelial	15
TGGACATCAAGCCCTG-1	B	8
TGGACATCAAGGCGTA-1	T	11
TGGACATCACGCTAAT-1	B	8
TGGACATCACGTTACA-1	B	1
TGGACATCAGGTAGCA-1	B	1
TGGACATGTACAAATG-1	Epithelial	18
TGGACATGTACGCCCA-1	B	1
TGGACATGTCAAATCC-1	B	1
TGGACATGTCGCTACG-1	B	13
TGGACATGTGGACGAT-1	B	8
TGGACATTCAAACCAC-1	B	8
TGGACATTCAAACCCA-1	Myeloid	3
TGGACATTCAACGTGT-1	B	13
TGGACATTCAAGAGGC-1	Epithelial	6
TGGACATTCATACTTC-1	Epithelial	14
TGGACATTCCTCATTA-1	B	1
TGGACATTCGCTATAG-1	Myeloid	3
TGGACATTCGCTATTT-1	Epithelial	16
TGGACATTCGTTCTAT-1	B	1
TGGACATTCTGGAAGG-1	T	11
TGGCAATAGACCATAA-1	T	11
TGGCAATAGATCGCCC-1	Epithelial	18
TGGCAATAGATGGCAC-1	T	11
TGGCAATAGCATTGGG-1	B	1
TGGCAATAGTATCTGC-1	B	8
TGGCAATAGTCCCTCT-1	Epithelial	12
TGGCAATAGTCGCCTG-1	Epithelial	6
TGGCAATAGTTGAATG-1	B	1
TGGCAATCAAGCAGGT-1	B	8
TGGCAATCAATGCATC-1	Epithelial	15
TGGCAATCAATGGCAG-1	Stromal	9
TGGCAATCAGCAGGTA-1	B	4
TGGCAATCAGTTGGAG-1	B	4
TGGCAATCATAGATAG-1	B	4
TGGCAATGTACGGTTT-1	B	13
TGGCAATGTAGCGTTT-1	Epithelial	17
TGGCAATGTATTCGCA-1	B	13
TGGCAATGTCTGTCCT-1	Stromal	9
TGGCAATGTTGCCTGG-1	T	11
TGGCAATTCAAACCAC-1	Epithelial	14
TGGCAATTCCCTAAAG-1	B	13
TGGCAATTCCTCATTA-1	Epithelial	7
TGGCAATTCCTCTCTT-1	Epithelial	16
TGGCAATTCCTGACCT-1	B	13
TGGCAATTCGATTACG-1	B	13
TGGCAATTCTATACCT-1	Myeloid	3
TGGCAATTCTGTTGCC-1	B	13
TGGCAATTCTTGTCAT-1	Epithelial	0
TGGCCTTAGAACGCCA-1	Epithelial	7
TGGCCTTAGCACCATT-1	B	1
TGGCCTTAGGCAAGGG-1	Epithelial	17
TGGCCTTAGGTGTCGA-1	Epithelial	12
TGGCCTTAGTACCTCA-1	Epithelial	18
TGGCCTTCAAATTGAG-1	B	1
TGGCCTTCAAGGAAGA-1	B	1
TGGCCTTCACCACAGC-1	Epithelial	12
TGGCCTTCACGTGAAG-1	B	8
TGGCCTTCAGGCAAGT-1	Epithelial	7
TGGCCTTCAGTATCTG-1	Epithelial	12
TGGCCTTCAGTTACAC-1	Epithelial	12
TGGCCTTCATACTGCA-1	B	13
TGGCCTTCATGTGGGA-1	T	11
TGGCCTTGTCAACTGT-1	Epithelial	10
TGGCCTTGTCAATCCA-1	Epithelial	2
TGGCCTTGTCAGAGTG-1	Epithelial	2
TGGCCTTGTCCGTCGA-1	Epithelial	16
TGGCCTTGTCCTCAGG-1	B	13
TGGCCTTGTCTCAAAC-1	Epithelial	6
TGGCCTTGTGGTACTT-1	Epithelial	15
TGGCCTTGTTACCACA-1	B	1
TGGCCTTGTTTGCCCT-1	Epithelial	2
TGGCCTTTCCAACGCG-1	B	8
TGGCCTTTCCCAGCGA-1	B	13
TGGCCTTTCGATGAAA-1	B	13
TGGCCTTTCTCTGTTA-1	Epithelial	17
TGGCCTTTCTGAACGT-1	B	1
TGGCCTTTCTGAGTCA-1	B	13
TGGCGCAAGAATCAGT-1	Epithelial	12
TGGCGCAAGACCCTAT-1	Epithelial	6
TGGCGCAAGCGAATAT-1	Stromal	9
TGGCGCAAGGCCTCTG-1	Stromal	9
TGGCGCAAGGCTTAAA-1	Epithelial	15
TGGCGCAAGGTCTTGT-1	Epithelial	7
TGGCGCAAGTAACATG-1	B	1
TGGCGCACAAGGAACC-1	B	8
TGGCGCACAAGGAAGA-1	B	13
TGGCGCACAGGTGGTA-1	Epithelial	16
TGGCGCACATACAACC-1	Stromal	9
TGGCGCACATCGGCTG-1	Epithelial	14
TGGCGCACATGCCCTT-1	B	8
TGGCGCACATTCTTTG-1	Epithelial	10
TGGCGCACATTTGGTG-1	B	13
TGGCGCAGTCCTCAGG-1	Epithelial	16
TGGCGCAGTGCAGACA-1	B	1
TGGCGCAGTGCCGGTT-1	B	1
TGGCGCAGTTTCAGCA-1	B	8
TGGCGCATCACCCGGA-1	Epithelial	7
TGGCGCATCACTAGCA-1	Stromal	9
TGGCGCATCCAACAAC-1	B	4
TGGCGCATCCATCGAA-1	Epithelial	15
TGGCGCATCGCAACTA-1	Myeloid	3
TGGCGCATCGCGTTCT-1	B	1
TGGCGCATCGGAAAGC-1	Myeloid	3
TGGCGCATCTGATCTT-1	B	1
TGGCGCATCTTAGTGG-1	B	8
TGGGTGCAGACTTCCA-1	B	8
TGGGTGCAGAGAAGCA-1	B	1
TGGGTGCAGCAATGTA-1	Epithelial	7
TGGGTGCAGCCATGGA-1	Epithelial	12
TGGGTGCAGCGCACAA-1	Epithelial	15
TGGGTGCAGCTTACCA-1	Epithelial	2
TGGGTGCAGGAGTAGA-1	B	1
TGGGTGCAGTGAACCG-1	B	8
TGGGTGCAGTGTCGGA-1	Epithelial	6
TGGGTGCCAAGTCTCA-1	Epithelial	17
TGGGTGCCACCACAGC-1	Epithelial	18
TGGGTGCCACCCTTAC-1	B	8
TGGGTGCCATCATAGC-1	Epithelial	14
TGGGTGCCATGATTGC-1	B	8
TGGGTGCCATGCGCTG-1	Epithelial	0
TGGGTGCCATTGAACC-1	B	1
TGGGTGCCATTGTTCT-1	Epithelial	10
TGGGTGCGTAGCATGG-1	B	13
TGGGTGCGTAGCCATT-1	Epithelial	12
TGGGTGCGTCAGTGCC-1	Epithelial	6
TGGGTGCGTCCCGAGT-1	Epithelial	18
TGGGTGCGTCCCTTTG-1	B	1
TGGGTGCGTCGACTGC-1	Epithelial	6
TGGGTGCTCCTGTGGG-1	Epithelial	12
TGGGTGCTCGAGGTAG-1	Epithelial	15
TGGGTGCTCGCATAAC-1	Epithelial	18
TGGGTGCTCGTGGCGT-1	B	8
TGGGTGCTCTATCCTA-1	B	13
TGGGTGCTCTGAGTAC-1	Epithelial	2
TGGGTGCTCTTTCGAT-1	Epithelial	12
TGGGTTAAGAAATACC-1	B	1
TGGGTTAAGAATACTG-1	B	1
TGGGTTAAGGGAAATG-1	Epithelial	17
TGGGTTAAGGTCCTCG-1	B	1
TGGGTTAAGGTCGGTA-1	B	1
TGGGTTACAACCTCTC-1	Epithelial	18
TGGGTTACAAGCGAAC-1	Epithelial	10
TGGGTTACAATGGCAG-1	B	8
TGGGTTACACTGAAGG-1	B	8
TGGGTTACACTGTCGG-1	Epithelial	15
TGGGTTACAGTTCGGC-1	Epithelial	2
TGGGTTACATAAAGTG-1	B	1
TGGGTTACATGCCTTC-1	B	8
TGGGTTACATTTCACT-1	Epithelial	7
TGGGTTAGTATCAGCT-1	Epithelial	7
TGGGTTAGTCAACAGG-1	T	11
TGGGTTAGTGAGCTAG-1	B	8
TGGGTTAGTGGGTAGT-1	B	8
TGGGTTAGTTATGCAC-1	B	8
TGGGTTATCACTCGGG-1	Epithelial	14
TGGGTTATCCTTGACC-1	Epithelial	10
TGGGTTATCGGAAAGC-1	Epithelial	10
TGGTCAAAGACACGGT-1	Epithelial	17
TGGTCAAAGATGTTGA-1	B	1
TGGTCAAAGCGAGCTA-1	B	8
TGGTCAAAGGGAGATA-1	Epithelial	7
TGGTCAAAGTACGACG-1	B	8
TGGTCAAAGTATACGA-1	Epithelial	0
TGGTCAAAGTCGTATC-1	Epithelial	15
TGGTCAACAAACGTTC-1	Epithelial	17
TGGTCAACAACAACTC-1	B	1
TGGTCAACAATAGCGG-1	B	4
TGGTCAACACAGCCAC-1	B	13
TGGTCAACACTGTCGG-1	Epithelial	18
TGGTCAACATCATGTG-1	T	11
TGGTCAAGTAAAGCTA-1	B	13
TGGTCAAGTAACGGTG-1	Stromal	9
TGGTCAAGTAGGTGAC-1	Epithelial	2
TGGTCAAGTCTCAAAC-1	B	8
TGGTCAAGTCTGATTG-1	Epithelial	17
TGGTCAAGTGATTCCA-1	Stromal	9
TGGTCAAGTGCACCCA-1	Epithelial	6
TGGTCAAGTGGTCGAA-1	Epithelial	15
TGGTCAAGTGTGTGTT-1	B	1
TGGTCAAGTTATAGAG-1	Epithelial	17
TGGTCAAGTTCCTATT-1	Epithelial	16
TGGTCAAGTTCTGATG-1	Epithelial	12
TGGTCAAGTTGGGAAC-1	B	1
TGGTCAATCGAGAACG-1	Epithelial	7
TGGTCAATCGTCGCAG-1	Epithelial	7
TGGTCAATCGTGGCGT-1	B	13
TGGTCAATCGTTCAGA-1	Epithelial	0
TGGTCAATCTGGCTAA-1	Epithelial	15
TGGTCCTAGAATCAAC-1	Epithelial	14
TGGTCCTAGAGAGTTT-1	B	1
TGGTCCTAGGTCTTTG-1	B	1
TGGTCCTAGTATACGA-1	B	13
TGGTCCTCAACATAAG-1	Myeloid	3
TGGTCCTCAACCTCTC-1	Epithelial	6
TGGTCCTCACGAACGA-1	B	8
TGGTCCTCATTGTTCT-1	Epithelial	0
TGGTCCTGTAACATAG-1	Myeloid	3
TGGTCCTGTAACTGAA-1	Myeloid	3
TGGTCCTGTCAACAGG-1	Epithelial	15
TGGTCCTGTCAATACC-1	Epithelial	0
TGGTCCTGTCATAGAA-1	Epithelial	14
TGGTCCTGTCATAGCT-1	B	13
TGGTCCTGTCCGTAGC-1	Epithelial	12
TGGTCCTGTCTGGTTA-1	Epithelial	18
TGGTCCTGTGGGTAGT-1	B	1
TGGTCCTGTGTCTACA-1	B	1
TGGTCCTTCGCTAGTA-1	Epithelial	12
TGGTCCTTCTGACATG-1	Epithelial	2
TGTAAGCAGCGATACG-1	Epithelial	15
TGTAAGCAGGAGAACA-1	Epithelial	10
TGTAAGCAGGATTTGA-1	Epithelial	10
TGTAAGCAGGGAGTTC-1	B	8
TGTAAGCAGGTCACTT-1	B	13
TGTAAGCAGTCTCGAT-1	Epithelial	7
TGTAAGCAGTTCAACC-1	Epithelial	14
TGTAAGCCAACTCAAC-1	Epithelial	0
TGTAAGCCAAGCGGTA-1	Epithelial	17
TGTAAGCCAAGGAGGG-1	Stromal	5
TGTAAGCCAATGGTAA-1	B	8
TGTAAGCCACAGAAGC-1	Epithelial	18
TGTAAGCCACGTTAGT-1	Epithelial	2
TGTAAGCCAGGGTAAC-1	Epithelial	15
TGTAAGCCAGTAGGCA-1	T	11
TGTAAGCCATCATAGC-1	Epithelial	15
TGTAAGCCATGGCCTG-1	Epithelial	10
TGTAAGCCATGGTTTG-1	Epithelial	18
TGTAAGCGTCCTTCAC-1	T	11
TGTAAGCGTGCGTTTA-1	B	4
TGTAAGCGTGGACTGA-1	Epithelial	14
TGTAAGCGTTACTTTC-1	B	8
TGTAAGCGTTCTGAAC-1	Epithelial	2
TGTAAGCTCAGAACGG-1	Epithelial	10
TGTAAGCTCCAGGTAT-1	Stromal	5
TGTAAGCTCCTTCGAC-1	B	8
TGTAAGCTCTATACCT-1	Epithelial	18
TGTAAGCTCTCTGCAC-1	Epithelial	18
TGTACAGAGATGCGAC-1	T	11
TGTACAGAGCCTGTAT-1	B	1
TGTACAGAGCGTGTTT-1	Epithelial	14
TGTACAGAGCTAACAA-1	Epithelial	14
TGTACAGAGTAGGAAG-1	B	8
TGTACAGAGTGATATG-1	Epithelial	18
TGTACAGAGTTACACC-1	Myeloid	3
TGTACAGCAAGAGATT-1	B	1
TGTACAGCAAGGTTCT-1	T	11
TGTACAGCAATAGTGA-1	B	19
TGTACAGCACAGTAGG-1	Epithelial	7
TGTACAGCACCAAGGA-1	B	1
TGTACAGCACCGAAAG-1	B	4
TGTACAGCACGCCGAT-1	Epithelial	17
TGTACAGCAGTATACC-1	B	8
TGTACAGCATCAGCTA-1	B	13
TGTACAGGTAAGCCTT-1	Epithelial	10
TGTACAGGTAGTAACA-1	T	11
TGTACAGGTATCATGC-1	Epithelial	12
TGTACAGGTATCTCAG-1	B	1
TGTACAGGTCTAAAGA-1	Epithelial	6
TGTACAGGTGCTGTCG-1	B	8
TGTACAGGTTACCCAA-1	Epithelial	18
TGTACAGGTTGTATCG-1	B	8
TGTACAGTCAGCCGGT-1	Epithelial	2
TGTACAGTCCCGCAAG-1	B	8
TGTACAGTCCTCAAGA-1	Epithelial	18
TGTACAGTCCTCTCTT-1	B	13
TGTACAGTCCTGTGGG-1	B	19
TGTACAGTCCTTCGAC-1	B	1
TGTACAGTCGAGGTAG-1	Epithelial	10
TGTACAGTCGTCAACA-1	Epithelial	18
TGTACAGTCGTGAACT-1	T	11
TGTACAGTCTGAGTAC-1	Epithelial	7
TGTACGAAGAATCAAC-1	B	8
TGTACGAAGTGAGTGC-1	Epithelial	6
TGTACGAAGTTACCAC-1	Epithelial	18
TGTACGACAAATTGAG-1	Epithelial	7
TGTACGAGTATTCGAC-1	B	4
TGTACGAGTCACATTG-1	Epithelial	2
TGTACGAGTCAGTGCC-1	Epithelial	10
TGTACGAGTCGACTGC-1	Epithelial	0
TGTACGAGTCTGGGCT-1	Epithelial	2
TGTACGAGTGGCATAG-1	Stromal	5
TGTACGAGTTACGAAA-1	B	1
TGTACGATCGCGCCAA-1	B	8
TGTACGATCTATCCTA-1	Stromal	5
TGTACGATCTGGCTAA-1	B	4
TGTACGATCTGTCGGG-1	Epithelial	0
TGTAGCAAGAACCCGA-1	Epithelial	15
TGTAGCAAGCACCATT-1	Epithelial	15
TGTAGCAAGCCCATGC-1	Epithelial	12
TGTAGCAAGCGGACTA-1	Epithelial	12
TGTAGCAAGGGAAGCG-1	Stromal	9
TGTAGCAAGGTGAACC-1	Epithelial	14
TGTAGCAAGGTTCTCA-1	Epithelial	2
TGTAGCAAGTGGTGTG-1	Epithelial	10
TGTAGCAAGTTGTCCA-1	B	1
TGTAGCACAAAGAGAG-1	B	8
TGTAGCACAACCTCTC-1	Epithelial	0
TGTAGCACAACTCCCT-1	B	8
TGTAGCACAATCACTG-1	Epithelial	17
TGTAGCACAATTCTCT-1	B	4
TGTAGCACACCATTCC-1	T	11
TGTAGCACAGACTAAA-1	B	1
TGTAGCACATCCCGGA-1	Epithelial	7
TGTAGCAGTACCGGCT-1	B	1
TGTAGCAGTATTCACG-1	B	4
TGTAGCAGTATTTGCG-1	B	1
TGTAGCAGTGTCGTGC-1	Epithelial	6
TGTAGCATCAGCACTA-1	B	19
TGTAGCATCCGTCAAA-1	Epithelial	10
TGTAGCATCGTCGCAG-1	B	8
TGTAGCATCTTCCGTG-1	B	1
TGTGACAAGAACTCCT-1	B	1
TGTGACAAGACCGCAA-1	B	8
TGTGACAAGAGAGTAG-1	Epithelial	7
TGTGACAAGAGTAAGG-1	Epithelial	7
TGTGACAAGCACACCC-1	Epithelial	14
TGTGACAAGCAGTAGC-1	Myeloid	3
TGTGACAAGGCAGTGT-1	T	11
TGTGACACAATAGCGG-1	Epithelial	15
TGTGACACACATGATC-1	B	8
TGTGACACACATTCTT-1	Epithelial	16
TGTGACACATAAAGTG-1	B	1
TGTGACACATCGACCG-1	B	8
TGTGACAGTAGCGTTT-1	B	8
TGTGACAGTATCTGCA-1	Epithelial	7
TGTGACAGTATGGGTG-1	T	11
TGTGACAGTATTCTCT-1	B	8
TGTGACAGTCATCGTA-1	Epithelial	12
TGTGACAGTCATGAGG-1	Epithelial	17
TGTGACAGTCGTAGTT-1	B	8
TGTGACAGTGCATTCA-1	Epithelial	17
TGTGACAGTTCACGTA-1	B	8
TGTGACATCAAGAGAT-1	Epithelial	18
TGTGACATCACTAGGT-1	Epithelial	15
TGTGACATCATTCTTG-1	Epithelial	7
TGTGACATCGAACACT-1	B	8
TGTGACATCGATTACG-1	Epithelial	12
TGTGACATCTACATCT-1	Epithelial	18
TGTGACATCTCGTAGA-1	T	11
TGTGACATCTGTTGCC-1	B	1
TGTGACATCTTCCAGC-1	Epithelial	18
TGTGGCGAGACTTCCA-1	B	19
TGTGGCGAGGAGTAGA-1	B	8
TGTGGCGAGGAGTCTG-1	Epithelial	17
TGTGGCGAGGTTCGTT-1	B	1
TGTGGCGAGTACGACG-1	B	1
TGTGGCGCAATCCATG-1	B	4
TGTGGCGCACACATTG-1	B	4
TGTGGCGCACGATTAC-1	Epithelial	14
TGTGGCGCAGGAGCAT-1	Epithelial	17
TGTGGCGCATTCACCC-1	Epithelial	2
TGTGGCGGTACGCCCA-1	Epithelial	0
TGTGGCGGTCAAGACG-1	B	8
TGTGGCGGTCTTAGCA-1	B	13
TGTGGCGGTGCACCCA-1	B	8
TGTGGCGGTGTCGTGC-1	Epithelial	0
TGTGGCGGTTATCGAC-1	Epithelial	18
TGTGGCGGTTGCCGCA-1	Stromal	9
TGTGGCGGTTTAGGAA-1	Epithelial	17
TGTGGCGTCACTACCC-1	B	1
TGTGGCGTCATTCTTG-1	Myeloid	3
TGTGGCGTCCAAGTCA-1	B	1
TGTGGCGTCCTGAAAC-1	B	1
TGTGGCGTCCTTACGC-1	B	1
TGTGGCGTCGACCCGA-1	T	11
TGTGGCGTCGACTGGC-1	Epithelial	16
TGTGGCGTCGCATAAC-1	T	11
TGTGGCGTCGGATGTT-1	Epithelial	10
TGTGGCGTCGGGCTCA-1	B	8
TGTGGCGTCTATCTAC-1	B	1
TGTGTCCAGAATCAAC-1	Epithelial	7
TGTGTCCAGACCCATT-1	B	8
TGTGTCCAGAGGCGGA-1	B	4
TGTGTCCAGATATGTG-1	B	13
TGTGTCCAGGATATCA-1	B	8
TGTGTCCAGGATGCCA-1	Epithelial	15
TGTGTCCAGGCGACTA-1	Epithelial	16
TGTGTCCAGGTGAACC-1	B	1
TGTGTCCCAAATGCTC-1	Epithelial	12
TGTGTCCCAAGGAGGG-1	Epithelial	2
TGTGTCCCAATGATGA-1	Epithelial	6
TGTGTCCCAGTAGTTC-1	Epithelial	6
TGTGTCCCATCGCTAA-1	B	4
TGTGTCCCATGTATCG-1	B	4
TGTGTCCGTAGCTGTT-1	Epithelial	10
TGTGTCCGTATTCGAC-1	Epithelial	0
TGTGTCCGTCCTATTT-1	T	11
TGTGTCCGTCGAGGAT-1	Epithelial	17
TGTGTCCGTGCGCATC-1	Stromal	9
TGTGTCCGTTCTGATG-1	Epithelial	0
TGTGTCCTCAGTCACA-1	Myeloid	3
TGTGTCCTCATGCTTT-1	B	1
TGTGTCCTCCATAACG-1	B	13
TGTGTCCTCCCAATGA-1	Stromal	5
TGTGTCCTCCGTACGG-1	B	13
TGTGTCCTCGCGTGAC-1	Epithelial	7
TGTGTCCTCGGTCAGC-1	Epithelial	17
TGTGTCCTCTCGCGTT-1	Epithelial	2
TGTTAGGAGAACGCCA-1	B	13
TGTTAGGAGAAGCCGT-1	T	11
TGTTAGGAGACTTGAA-1	B	1
TGTTAGGAGAGGTACC-1	Epithelial	2
TGTTAGGAGCAGAAAG-1	Epithelial	2
TGTTAGGAGGATTTGA-1	Stromal	5
TGTTAGGAGTCCAGAG-1	Epithelial	7
TGTTAGGAGTGCTGAG-1	Epithelial	2
TGTTAGGAGTGTCGGA-1	Epithelial	12
TGTTAGGCAAGTAACA-1	T	11
TGTTAGGCACGCGCAT-1	B	13
TGTTAGGCAGGTGGTA-1	Epithelial	2
TGTTAGGCAGTGCGAA-1	Epithelial	18
TGTTAGGCATCCCAAA-1	T	11
TGTTAGGCATCCGTAA-1	Epithelial	14
TGTTAGGCATGGATGG-1	B	13
TGTTAGGCATGTGAGG-1	Epithelial	12
TGTTAGGGTCAGAGTG-1	B	1
TGTTAGGGTCCTCAGG-1	Epithelial	14
TGTTAGGGTTCCGGCA-1	B	8
TGTTAGGTCATTCTCA-1	Epithelial	12
TGTTAGGTCCAAACCA-1	Epithelial	12
TGTTAGGTCCGTGCAG-1	T	11
TGTTAGGTCGTAGCGC-1	Epithelial	0
TGTTAGGTCGTTCTAT-1	Epithelial	17
TGTTAGGTCTCGACCT-1	Epithelial	2
TGTTAGGTCTCTCAAT-1	Epithelial	17
TGTTAGGTCTTACGGA-1	Epithelial	0
TTAACGGAGACACTTC-1	B	1
TTAACGGAGCAACGGT-1	B	4
TTAACGGAGCATACCT-1	Epithelial	18
TTAACGGAGCGCACAA-1	T	11
TTAACGGAGCTGAAAT-1	Epithelial	7
TTAACGGAGGCGTAGT-1	Epithelial	12
TTAACGGAGGCTCAGA-1	Epithelial	2
TTAACGGAGGGACGTT-1	B	1
TTAACGGAGTGAGTGC-1	Epithelial	17
TTAACGGCACAAACAA-1	Epithelial	15
TTAACGGCACGTTGTA-1	B	13
TTAACGGCACTAGCCG-1	Epithelial	7
TTAACGGCAGCGCGTT-1	B	4
TTAACGGCAGGCACAA-1	Epithelial	17
TTAACGGCATCACAAC-1	Epithelial	6
TTAACGGCATCCATAG-1	Epithelial	18
TTAACGGCATTTGGTG-1	B	1
TTAACGGGTACGCAAG-1	B	1
TTAACGGGTATACGCT-1	B	8
TTAACGGGTATTCACG-1	B	8
TTAACGGGTGATAAGT-1	Epithelial	16
TTAACGGGTGCACCCA-1	Epithelial	12
TTAACGGGTTATAGAG-1	Myeloid	3
TTAACGGTCAATGCAC-1	Epithelial	18
TTAACGGTCATTCATC-1	Epithelial	2
TTAACGGTCCCAGCGA-1	B	8
TTAACGGTCGGTTAGT-1	Epithelial	16
TTAACGGTCTCGGCGA-1	Epithelial	7
TTACCCGAGCTGCCAC-1	Epithelial	18
TTACCCGAGTCTTAGC-1	B	1
TTACCCGAGTGCCCTG-1	Epithelial	16
TTACCCGAGTTCGACT-1	B	1
TTACCCGAGTTGAATG-1	Epithelial	16
TTACCCGCAAAGGCCA-1	Epithelial	14
TTACCCGCAATGTGCT-1	Epithelial	15
TTACCCGCACAAACAA-1	Epithelial	12
TTACCCGCACGAACGA-1	B	1
TTACCCGCACGCGATC-1	Myeloid	3
TTACCCGCACTGATAC-1	B	1
TTACCCGCAGACTAAA-1	T	11
TTACCCGCAGTAGTCT-1	B	13
TTACCCGCAGTGCTCG-1	Epithelial	18
TTACCCGCATCCCTCA-1	Epithelial	15
TTACCCGGTAGACACG-1	Epithelial	6
TTACCCGGTATGTTCG-1	T	11
TTACCCGGTCCATTGA-1	B	13
TTACCCGGTCGGCTGT-1	B	19
TTACCCGGTCTTAGCA-1	Myeloid	3
TTACCCGGTGCAAGAC-1	Epithelial	10
TTACCCGGTGCATTGT-1	B	1
TTACCCGGTTGGACGA-1	B	8
TTACCCGGTTGTCGGC-1	Epithelial	6
TTACCCGTCAAACCCA-1	Myeloid	3
TTACCCGTCAGAACGG-1	B	13
TTACCCGTCAGTGGTT-1	Epithelial	6
TTACCCGTCCTCCCAA-1	B	13
TTACCCGTCCTGGGAC-1	B	1
TTACCCGTCGGGAAAC-1	Epithelial	14
TTACCCGTCGGGTCCA-1	Stromal	9
TTACCCGTCGTCTTAT-1	Epithelial	14
TTACCGCAGCATGTGG-1	B	8
TTACCGCAGGCTCAGA-1	T	11
TTACCGCAGGGAAGCG-1	B	13
TTACCGCAGTCGAAAT-1	Stromal	5
TTACCGCAGTCTAGAA-1	B	8
TTACCGCCAAGGAGGG-1	B	1
TTACCGCCAAGGGAGG-1	B	13
TTACCGCCAATGCACT-1	Stromal	9
TTACCGCCAATGCCAT-1	B	1
TTACCGCCACACTAGT-1	B	8
TTACCGCCACCGAATT-1	Epithelial	17
TTACCGCCAGCTGATT-1	Myeloid	3
TTACCGCCAGTTAAAG-1	Epithelial	2
TTACCGCCATGGCCCA-1	Epithelial	12
TTACCGCGTAAACGAT-1	B	1
TTACCGCGTAACTGAA-1	Epithelial	2
TTACCGCGTCTGAGCC-1	B	1
TTACCGCGTGTACGCC-1	Epithelial	7
TTACCGCGTTCCAATG-1	B	4
TTACCGCTCAATTCCT-1	B	8
TTACCGCTCATGAACC-1	B	1
TTACCGCTCCAACGCG-1	Epithelial	0
TTACCGCTCCCGGGTA-1	B	8
TTACCGCTCCGATGCG-1	Epithelial	10
TTACCGCTCGACTGGC-1	B	13
TTACGGAAGACGCCAA-1	Epithelial	12
TTACGGAAGGTCTTGT-1	Epithelial	18
TTACGGAAGTCCCGCA-1	B	19
TTACGGACAAAGCATA-1	B	13
TTACGGACAGAGTCGA-1	B	1
TTACGGACAGGACTGA-1	Epithelial	18
TTACGGACAGGGCTTC-1	B	8
TTACGGACATCACAAC-1	Epithelial	15
TTACGGACATGTGAGG-1	T	11
TTACGGACATTCGTCC-1	Myeloid	3
TTACGGAGTAGCATGG-1	Epithelial	12
TTACGGAGTCCCGAGT-1	B	13
TTACGGAGTGAAACAT-1	T	11
TTACGGAGTGATAAGT-1	B	1
TTACGGATCAAGGCCC-1	Epithelial	2
TTACGGATCAGAACGG-1	Epithelial	10
TTACGGATCATGCTTT-1	T	11
TTACGGATCCGATGCG-1	B	1
TTACGGATCTACTTTG-1	Epithelial	18
TTACGGATCTCATATC-1	B	8
TTACGTTAGACTTGAA-1	Epithelial	6
TTACGTTAGAGGCCTA-1	Epithelial	7
TTACGTTCAACGACAG-1	Epithelial	16
TTACGTTCAAGGAAGA-1	T	11
TTACGTTCAAGGCTTT-1	Epithelial	15
TTACGTTCAATGACTC-1	Epithelial	12
TTACGTTCACAGGTAG-1	B	4
TTACGTTCACCATTCC-1	B	13
TTACGTTCAGTAGTTC-1	Epithelial	2
TTACGTTGTAGATGAT-1	Epithelial	18
TTACGTTGTAGCAGGT-1	B	8
TTACGTTGTATGTTCG-1	Epithelial	7
TTACGTTGTCATCGTA-1	Epithelial	17
TTACGTTGTCGCTACG-1	Epithelial	14
TTACGTTGTGACGCAA-1	T	11
TTACGTTGTGCGTCCA-1	Epithelial	2
TTACGTTGTGGACGAT-1	B	8
TTACGTTGTTCATTTC-1	B	13
TTACGTTGTTTAGGAA-1	Epithelial	18
TTACGTTGTTTGGATC-1	Epithelial	18
TTACGTTTCCGGACTG-1	Stromal	5
TTACGTTTCGATGAAA-1	B	19
TTACTCAAGAAAGGGT-1	Epithelial	2
TTACTCAAGGCAAGCT-1	Epithelial	10
TTACTCAAGGGAAATG-1	B	13
TTACTCAAGGGTCCCT-1	B	4
TTACTCAAGTACAGTA-1	T	11
TTACTCACACGTTACA-1	Epithelial	18
TTACTCACAGCAACCC-1	Epithelial	12
TTACTCACAGCGTAGA-1	B	1
TTACTCACAGGCATCC-1	B	8
TTACTCACAGTCAGAG-1	T	11
TTACTCAGTCATAAGA-1	Epithelial	0
TTACTCAGTCCGTGCA-1	Stromal	9
TTACTCAGTCTCTGGG-1	Epithelial	15
TTACTCAGTGCTGTCG-1	Epithelial	2
TTACTCAGTGGAGTGT-1	Epithelial	0
TTACTCAGTTCCATCC-1	B	1
TTACTCAGTTCTGATG-1	Epithelial	2
TTACTCAGTTCTTAGG-1	Stromal	5
TTACTCATCCGAGAGA-1	Epithelial	16
TTACTCATCGCCCTTA-1	Epithelial	15
TTACTCATCGGATGTT-1	Epithelial	7
TTACTCATCTACATCT-1	B	13
TTACTCATCTGTGTCC-1	B	1
TTACTCATCTGTTTAC-1	Epithelial	0
TTACTCATCTTCCAGC-1	Epithelial	10
TTACTCATCTTTCGAT-1	B	1
TTACTTGAGACCCTAT-1	Epithelial	7
TTACTTGAGCGTAGCA-1	B	1
TTACTTGAGCTGAGGT-1	B	8
TTACTTGAGGTACACG-1	B	1
TTACTTGCAACTTGGT-1	Epithelial	7
TTACTTGCAAGTCTGT-1	Epithelial	18
TTACTTGCACATTGCA-1	B	1
TTACTTGCACTGCTCT-1	T	11
TTACTTGGTAACGGAC-1	B	1
TTACTTGGTACAACGG-1	Epithelial	15
TTACTTGGTATGCTAC-1	B	8
TTACTTGGTATTCTCT-1	Epithelial	6
TTACTTGGTCGATAGG-1	Epithelial	10
TTACTTGGTGCTGTCG-1	B	1
TTACTTGGTGTCCAGC-1	B	1
TTACTTGGTTTGTAGC-1	B	1
TTACTTGTCAGGAAGC-1	B	13
TTACTTGTCCAGAGAG-1	Epithelial	2
TTACTTGTCGCTGATA-1	B	4
TTACTTGTCTCTGAGA-1	B	4
TTACTTGTCTCTTAAC-1	Epithelial	2
TTACTTGTCTTACCTA-1	Epithelial	15
TTACTTGTCTTGCGCT-1	B	1
TTAGCGAAGACAGCTG-1	T	11
TTAGCGAAGACCCTAT-1	Stromal	9
TTAGCGAAGATCGAGC-1	Epithelial	0
TTAGCGAAGATGGGAA-1	Stromal	5
TTAGCGAAGCCATTCA-1	Epithelial	17
TTAGCGAAGGTTGTTC-1	B	8
TTAGCGAAGTAGGAAG-1	B	1
TTAGCGAAGTTCCAGT-1	Epithelial	2
TTAGCGAAGTTGAATG-1	Epithelial	0
TTAGCGACACCTGGTG-1	B	8
TTAGCGACACTCAAGT-1	Epithelial	14
TTAGCGACAGAGCCAA-1	Epithelial	7
TTAGCGACATGGAGGT-1	B	8
TTAGCGAGTACGCCCA-1	Epithelial	2
TTAGCGAGTATTCACG-1	Epithelial	7
TTAGCGAGTATTCGAC-1	Epithelial	12
TTAGCGAGTGAGTCGA-1	Epithelial	10
TTAGCGAGTGTACGCC-1	B	13
TTAGCGATCGCTTCAC-1	B	1
TTAGCGATCGGTTAGT-1	B	13
TTAGCGATCTTGTCGC-1	Epithelial	15
TTAGCTTAGCCTATAC-1	B	1
TTAGCTTAGCGAATAT-1	B	13
TTAGCTTAGGAAGGTA-1	T	11
TTAGCTTAGGAGTACC-1	Epithelial	10
TTAGCTTAGGTACATA-1	Epithelial	10
TTAGCTTAGTAATGTG-1	Epithelial	12
TTAGCTTAGTACGACG-1	B	1
TTAGCTTCAACTCAAC-1	Epithelial	17
TTAGCTTCAATTGCCA-1	Stromal	9
TTAGCTTCAATTGTGC-1	Epithelial	15
TTAGCTTCACGCGTTG-1	B	1
TTAGCTTCAGGGTAAC-1	B	8
TTAGCTTCATAGCCGC-1	Epithelial	6
TTAGCTTCATTCACCC-1	Epithelial	18
TTAGCTTGTACAAGCG-1	Epithelial	10
TTAGCTTGTAGGGTTG-1	Epithelial	15
TTAGCTTGTCACAGTT-1	Epithelial	18
TTAGCTTGTCCGTCGA-1	Epithelial	7
TTAGCTTGTCCTCAGG-1	Epithelial	2
TTAGCTTGTCGCTAGC-1	B	13
TTAGCTTGTCGTCGCA-1	Epithelial	0
TTAGCTTGTCTCGGGT-1	B	1
TTAGCTTGTTAGCTCA-1	Epithelial	0
TTAGCTTGTTAGTAGA-1	Epithelial	0
TTAGCTTGTTGAATAG-1	Epithelial	6
TTAGCTTGTTGGGAAC-1	B	4
TTAGCTTTCACCCGGA-1	Epithelial	15
TTAGCTTTCCATTGTT-1	B	8
TTAGCTTTCGGGCTCA-1	Myeloid	3
TTAGCTTTCTAGCTGA-1	Epithelial	6
TTAGCTTTCTGCGTCT-1	Epithelial	12
TTAGCTTTCTGGCCAG-1	Epithelial	6
TTAGCTTTCTTTCGAT-1	Epithelial	10
TTAGGTGAGAGTTTGA-1	B	1
TTAGGTGAGATCACCT-1	Epithelial	10
TTAGGTGAGCATTCCA-1	Epithelial	2
TTAGGTGAGCTCGTTA-1	B	13
TTAGGTGAGGTTCGTT-1	Epithelial	14
TTAGGTGAGTGAGTTA-1	Epithelial	16
TTAGGTGAGTGTAATG-1	Epithelial	10
TTAGGTGCAAGTCTCA-1	Epithelial	2
TTAGGTGCACTCAGCG-1	Epithelial	7
TTAGGTGCATAGCAGG-1	B	1
TTAGGTGCATCAGAAA-1	B	13
TTAGGTGCATCCCTCA-1	Epithelial	2
TTAGGTGCATCCGTAA-1	Epithelial	14
TTAGGTGCATTGATGC-1	B	1
TTAGGTGGTAGAAAGG-1	B	1
TTAGGTGGTAGAACGC-1	Epithelial	18
TTAGGTGGTAGTATCC-1	Epithelial	6
TTAGGTGGTCAGCAAG-1	Epithelial	10
TTAGGTGGTCCCTAAA-1	Epithelial	15
TTAGGTGGTCTAAGAA-1	Epithelial	10
TTAGGTGGTCTCAAAC-1	Epithelial	0
TTAGGTGGTTTGCCCT-1	Epithelial	7
TTAGGTGTCGCCCTTA-1	Epithelial	6
TTAGGTGTCTCGTGAA-1	B	8
TTAGGTGTCTCTGACC-1	Epithelial	6
TTATGTCAGACTCTTG-1	B	1
TTATGTCAGAGCAGCT-1	Epithelial	2
TTATGTCAGAGGAAGT-1	Epithelial	17
TTATGTCAGCCCATTA-1	B	19
TTATGTCAGGCCAATG-1	Epithelial	17
TTATGTCAGTACAGTA-1	Epithelial	17
TTATGTCAGTTCAACC-1	B	4
TTATGTCCAACGACAG-1	B	8
TTATGTCCAATCAGGG-1	B	4
TTATGTCCACACATTG-1	Epithelial	0
TTATGTCCACAGATGG-1	T	11
TTATGTCCACAGTAGG-1	B	8
TTATGTCCACTACACA-1	Epithelial	10
TTATGTCCAGGTAACG-1	Stromal	9
TTATGTCCATATACGC-1	B	4
TTATGTCCATTCACCC-1	Myeloid	3
TTATGTCCATTGCCTC-1	Epithelial	18
TTATGTCGTACGAGAC-1	B	4
TTATGTCGTACTAGAA-1	Epithelial	15
TTATGTCGTACTTCAG-1	Epithelial	14
TTATGTCGTCCGTGCA-1	Epithelial	14
TTATGTCGTGACCAGA-1	Epithelial	15
TTATGTCGTTAGGCTT-1	Epithelial	17
TTATGTCGTTCGGGAA-1	Epithelial	18
TTATGTCTCAGCACGC-1	Epithelial	10
TTATGTCTCATCATGG-1	Epithelial	7
TTATGTCTCCCAGCGA-1	Epithelial	12
TTATGTCTCGAACCGC-1	Epithelial	0
TTATGTCTCGATTACG-1	T	11
TTATGTCTCGCGCTGA-1	B	8
TTATGTCTCGTCTAGA-1	Epithelial	7
TTATGTCTCGTCTTAT-1	B	1
TTATGTCTCTCATCCG-1	B	1
TTATGTCTCTTCACTA-1	B	8
TTCAACTAGAAGACTT-1	Epithelial	17
TTCAACTAGACGACTG-1	Epithelial	0
TTCAACTAGCCCATGC-1	Epithelial	0
TTCAACTAGGCTTAAA-1	Epithelial	6
TTCAACTAGGGCTCTC-1	B	8
TTCAACTAGTCATACC-1	Epithelial	17
TTCAACTAGTGATTAG-1	B	8
TTCAACTAGTTGAATG-1	B	8
TTCAACTCAAACGACG-1	Epithelial	14
TTCAACTCAACAAACA-1	B	8
TTCAACTCAACGACAG-1	Epithelial	18
TTCAACTCAAGACTTC-1	B	8
TTCAACTCACACACAT-1	Stromal	9
TTCAACTCAGCAACCC-1	B	8
TTCAACTGTCAGAAAT-1	B	4
TTCAACTGTCCAACCG-1	B	1
TTCAACTGTCTAACCA-1	Epithelial	12
TTCAACTGTCTGTGTA-1	B	13
TTCAACTGTTCTACCC-1	B	1
TTCAACTTCAATCGTG-1	B	4
TTCAACTTCACGTGTA-1	B	1
TTCAACTTCCGCTATC-1	B	8
TTCAACTTCGAGAAGC-1	Epithelial	15
TTCAACTTCGTGGCGT-1	B	1
TTCATCAAGAACGTCG-1	Epithelial	18
TTCATCAAGAGGAAGT-1	Epithelial	2
TTCATCAAGCCGCAAA-1	Epithelial	14
TTCATCAAGGCCAATG-1	B	1
TTCATCAAGTCAGCCC-1	Stromal	5
TTCATCACAAGACTAA-1	B	13
TTCATCACAAGGAACC-1	Epithelial	10
TTCATCACACAGAAGC-1	Myeloid	3
TTCATCACAGGTAGCA-1	Epithelial	6
TTCATCAGTAGCGAGT-1	Epithelial	12
TTCATCAGTAGTGATA-1	Epithelial	7
TTCATCAGTGGTGGTA-1	Epithelial	17
TTCATCAGTTATGCAC-1	Epithelial	10
TTCATCAGTTCAGTTG-1	B	1
TTCATCAGTTTGCATG-1	Epithelial	15
TTCATCATCATTCTCA-1	Epithelial	0
TTCATCATCCCAGCGA-1	Epithelial	17
TTCATCATCGGTTGTA-1	T	11
TTCATCATCGTTCAGA-1	Epithelial	14
TTCATCATCTCGTGAA-1	B	19
TTCATCATCTGACATG-1	Epithelial	15
TTCATTGAGAACGCCA-1	Epithelial	7
TTCATTGAGCCATTCA-1	Epithelial	6
TTCATTGAGCCGCTGT-1	Epithelial	14
TTCATTGAGCGTATCT-1	Epithelial	2
TTCATTGAGGCCTCGT-1	B	1
TTCATTGAGGCTAAAT-1	B	1
TTCATTGAGTATGGGC-1	B	13
TTCATTGCAAAGGCCA-1	Stromal	5
TTCATTGCAACGGGTA-1	Epithelial	18
TTCATTGCAACTCAAC-1	B	4
TTCATTGCAAGAAACT-1	Epithelial	2
TTCATTGCAAGTTGCT-1	B	19
TTCATTGCATACCCGG-1	Epithelial	16
TTCATTGCATCATAGC-1	Epithelial	15
TTCATTGCATCATGTG-1	B	8
TTCATTGCATGTGAGG-1	Epithelial	18
TTCATTGGTCAGAAGC-1	B	1
TTCATTGGTCGGCTGT-1	T	11
TTCATTGGTGTGTGCC-1	Epithelial	7
TTCATTGGTTACGCTA-1	Epithelial	12
TTCATTGGTTCCCGGA-1	B	1
TTCATTGTCCGGAAAG-1	Epithelial	7
TTCATTGTCGCCAGAC-1	Epithelial	16
TTCATTGTCGTATAGC-1	B	8
TTCGATTAGGATGTAT-1	B	13
TTCGATTAGGCACTAG-1	Stromal	9
TTCGATTAGTCCCGCA-1	B	8
TTCGATTAGTGCAACG-1	Epithelial	7
TTCGATTCAAACGTTC-1	B	13
TTCGATTCAACCTCTC-1	Epithelial	2
TTCGATTCAATTAGGA-1	B	1
TTCGATTCAGAAAGAG-1	T	11
TTCGATTCAGTAACTC-1	Epithelial	12
TTCGATTCATATAGAG-1	B	8
TTCGATTCATCACAAC-1	B	1
TTCGATTCATCCGTGG-1	B	1
TTCGATTGTATTTGCG-1	Epithelial	7
TTCGATTGTGAGTCGA-1	Stromal	9
TTCGATTGTGCTTACA-1	B	1
TTCGATTGTGCTTGAT-1	B	8
TTCGATTGTGGTAAGC-1	B	13
TTCGATTGTTAGCTCA-1	B	8
TTCGATTGTTATGCAC-1	T	11
TTCGATTGTTCTGAGT-1	B	1
TTCGATTTCCATACCC-1	Epithelial	2
TTCGATTTCGAGTGTT-1	B	8
TTCGATTTCTGAGTAC-1	B	1
TTCGCGTAGACGCCAA-1	B	13
TTCGCGTAGATCACCT-1	Epithelial	7
TTCGCGTAGGAATGGA-1	Epithelial	17
TTCGCGTAGGATATCA-1	Epithelial	12
TTCGCGTAGGGTCCCT-1	Epithelial	14
TTCGCGTAGGTAGGAA-1	Epithelial	2
TTCGCGTAGGTTAACA-1	Myeloid	3
TTCGCGTAGTAATGTG-1	B	1
TTCGCGTAGTCTCGAT-1	Epithelial	6
TTCGCGTAGTCTGCTA-1	B	8
TTCGCGTCAAAGAAGG-1	Epithelial	10
TTCGCGTCAAGACACG-1	Epithelial	18
TTCGCGTCACAGAAGC-1	Epithelial	10
TTCGCGTCACTGATTG-1	Epithelial	2
TTCGCGTCAGTAGTTC-1	Myeloid	3
TTCGCGTGTATTCTTC-1	Myeloid	3
TTCGCGTGTCAGTGTT-1	B	19
TTCGCGTGTCTGGATT-1	Epithelial	10
TTCGCGTGTGGCGCTT-1	T	11
TTCGCGTGTTAACCAC-1	Myeloid	3
TTCGCGTGTTAACCGT-1	Epithelial	12
TTCGCGTGTTCTGATG-1	B	13
TTCGCGTTCAAATGGA-1	T	11
TTCGCGTTCAACACGT-1	B	13
TTCGCGTTCCAATAGC-1	Epithelial	2
TTCGCGTTCCAGAGAG-1	Epithelial	12
TTCGCGTTCCTCCATG-1	B	1
TTCGCGTTCGGCAATT-1	B	8
TTCGCGTTCTATCCTA-1	Epithelial	2
TTCGCGTTCTGGACAT-1	B	13
TTCGCGTTCTTCAGAG-1	Epithelial	10
TTCGCGTTCTTTATCG-1	B	1
TTCGGTCAGACGCCCT-1	Epithelial	2
TTCGGTCAGAGGTGGG-1	B	13
TTCGGTCAGCGTTAGG-1	Epithelial	10
TTCGGTCAGGACCGAT-1	Epithelial	15
TTCGGTCAGGCATGCA-1	B	1
TTCGGTCAGTCGCCTG-1	B	8
TTCGGTCAGTGAAACT-1	Epithelial	6
TTCGGTCAGTGCAACG-1	Epithelial	2
TTCGGTCCAAAGCTGG-1	Epithelial	10
TTCGGTCCAAGCAATA-1	Epithelial	15
TTCGGTCCAAGCTTTG-1	B	1
TTCGGTCCACCCTTAC-1	B	13
TTCGGTCCACTCGGAC-1	Epithelial	6
TTCGGTCCATCCTCGT-1	Epithelial	7
TTCGGTCGTAATGTGA-1	Epithelial	2
TTCGGTCGTACCCACG-1	Epithelial	7
TTCGGTCGTAGAAAGG-1	Epithelial	18
TTCGGTCGTAGGGTCA-1	Epithelial	7
TTCGGTCGTAGTTTGC-1	Epithelial	10
TTCGGTCGTATGGGTG-1	Epithelial	12
TTCGGTCGTATTGTGC-1	Epithelial	6
TTCGGTCGTCAGAGTG-1	Epithelial	12
TTCGGTCGTGCGTCCA-1	B	1
TTCGGTCGTGTCGTCG-1	Epithelial	17
TTCGGTCGTGTTGGTT-1	T	11
TTCGGTCGTTATAGAG-1	Epithelial	14
TTCGGTCGTTATCGAC-1	B	13
TTCGGTCGTTTAAGGA-1	T	11
TTCGGTCGTTTCGTTT-1	B	13
TTCGGTCGTTTGCCAA-1	B	1
TTCGGTCTCACGTGTA-1	B	4
TTCGGTCTCACTCGGG-1	B	4
TTCGGTCTCGAGAACG-1	Epithelial	12
TTCGGTCTCGGTCCGA-1	Myeloid	3
TTCGGTCTCTGTAGAC-1	B	1
TTCGGTCTCTGTCGGG-1	Stromal	5
TTCGGTCTCTTCACTA-1	Epithelial	2
TTCGTTAAGACCAATA-1	B	1
TTCGTTAAGAGCAGCT-1	Epithelial	2
TTCGTTAAGAGCTGTG-1	Epithelial	0
TTCGTTAAGCGTGTTT-1	Epithelial	18
TTCGTTAAGGTCTTGT-1	Epithelial	15
TTCGTTACAAGCGACA-1	Epithelial	6
TTCGTTACAAGGAGGG-1	Epithelial	7
TTCGTTACACGTTGTA-1	Epithelial	17
TTCGTTACAGTCAGAG-1	B	13
TTCGTTACATTCCCGT-1	Epithelial	10
TTCGTTAGTAACTGAA-1	B	13
TTCGTTAGTATCATGC-1	B	8
TTCGTTAGTCTGGATT-1	B	8
TTCGTTAGTGCTTACA-1	B	13
TTCGTTAGTGTGAGGT-1	Epithelial	15
TTCGTTAGTTAGCTCA-1	B	19
TTCGTTAGTTATGCAC-1	Epithelial	6
TTCGTTAGTTTGATCG-1	Epithelial	14
TTCGTTATCAACTTGG-1	B	13
TTCGTTATCACACGTA-1	B	13
TTCGTTATCCAGGTAT-1	Epithelial	2
TTCGTTATCCAGTACA-1	Epithelial	7
TTCGTTATCGCCACTT-1	B	4
TTCGTTATCGGCATAT-1	B	1
TTCGTTATCGGTCTAA-1	Epithelial	16
TTCGTTATCTACTTTG-1	B	8
TTCGTTATCTTCGTTA-1	Epithelial	2
TTCTAACAGAACCATA-1	T	11
TTCTAACAGAGCGAAA-1	Stromal	9
TTCTAACAGAGTGGAA-1	Epithelial	15
TTCTAACAGCAGGACT-1	Epithelial	16
TTCTAACAGCGTAGCA-1	Epithelial	12
TTCTAACAGGATATCA-1	B	4
TTCTAACAGGATTAAC-1	B	8
TTCTAACAGTACGACG-1	Epithelial	17
TTCTAACAGTGCTGAG-1	B	13
TTCTAACCAAAGAGAG-1	B	1
TTCTAACCAATGACTC-1	T	11
TTCTAACCACAGAAGC-1	Epithelial	15
TTCTAACCACGCGACT-1	B	4
TTCTAACCACTTTGGA-1	Epithelial	18
TTCTAACCAGATTAAG-1	B	8
TTCTAACCAGCAACAG-1	Epithelial	12
TTCTAACCATTAACGC-1	B	8
TTCTAACCATTAGCAC-1	B	4
TTCTAACGTACGACCC-1	B	19
TTCTAACGTAGCAGCA-1	B	8
TTCTAACGTCATTGCA-1	Epithelial	7
TTCTAACGTCCAAGAG-1	B	8
TTCTAACGTCCAAGTT-1	B	1
TTCTAACGTCGACTGC-1	B	1
TTCTAACGTGTCCTTC-1	Epithelial	0
TTCTAACGTTCTTTGT-1	Myeloid	3
TTCTAACGTTGCTTGA-1	Stromal	5
TTCTAACGTTTCCACC-1	B	8
TTCTAACTCAACGTGT-1	Epithelial	18
TTCTAACTCAATGCAC-1	Epithelial	17
TTCTAACTCCAAACCA-1	B	8
TTCTAACTCCAGGTAT-1	Epithelial	14
TTCTAACTCCAGGTCG-1	B	1
TTCTAACTCCTCATTA-1	Epithelial	14
TTCTAACTCGTGGAAG-1	Epithelial	2
TTCTAACTCTGGCACG-1	Epithelial	15
TTCTAACTCTTAACGG-1	Epithelial	18
TTCTAACTCTTATCAC-1	Epithelial	0
TTCTGTAAGAATCAGT-1	Epithelial	0
TTCTGTAAGCAGAATT-1	Epithelial	6
TTCTGTAAGGAATGGA-1	B	13
TTCTGTAAGGACTTTC-1	B	8
TTCTGTAAGTGATATG-1	B	4
TTCTGTACAAAGCTTC-1	T	11
TTCTGTACAACTACTG-1	Epithelial	12
TTCTGTACAAGAAACT-1	Epithelial	2
TTCTGTACAAGCTTTG-1	B	8
TTCTGTACACATTGCA-1	T	11
TTCTGTACATTGCGAT-1	Epithelial	14
TTCTGTACATTTCACT-1	Epithelial	12
TTCTGTAGTAGAAGCC-1	B	13
TTCTGTAGTATCACAC-1	Epithelial	16
TTCTGTAGTATCTCAG-1	Epithelial	10
TTCTGTAGTATGCTAC-1	Stromal	5
TTCTGTAGTATGGTTC-1	Epithelial	17
TTCTGTAGTATGTCCA-1	Stromal	9
TTCTGTAGTCAACAGG-1	B	1
TTCTGTAGTCGAGAAC-1	Epithelial	6
TTCTGTAGTGCAAGCA-1	Epithelial	14
TTCTGTAGTGTGCTTA-1	Epithelial	14
TTCTGTAGTGTTTCTT-1	Epithelial	12
TTCTGTATCCAAGTCA-1	Epithelial	6
TTCTGTATCCAGAGAG-1	Epithelial	12
TTCTGTATCCTAAGTG-1	Epithelial	14
TTGACGAAGACTAGCG-1	Epithelial	12
TTGACGAAGAGGCAGG-1	B	1
TTGACGAAGGAAGGTA-1	Epithelial	16
TTGACGAAGTCTTAGC-1	B	1
TTGACGACAACAACTC-1	Epithelial	6
TTGACGACACAAACAA-1	Epithelial	12
TTGACGACATCAACTG-1	Myeloid	3
TTGACGAGTAGTTTGC-1	Epithelial	0
TTGACGAGTCCTTCAC-1	Epithelial	12
TTGACGAGTCTCTAAG-1	Epithelial	15
TTGACGAGTCTGCACG-1	T	11
TTGACGAGTGCGCTCA-1	Epithelial	18
TTGACGAGTTCAGTTG-1	Epithelial	2
TTGACGAGTTCTTAGG-1	Epithelial	0
TTGACGATCATTGCCC-1	Epithelial	12
TTGACGATCCGAGAGA-1	B	8
TTGACGATCCGTGCGA-1	B	8
TTGACGATCCTTGACC-1	B	8
TTGACGATCTTAGTGG-1	Epithelial	15
TTGAGCAAGGCAATTA-1	Epithelial	17
TTGAGCAAGTTGAATG-1	Epithelial	14
TTGAGCACAAAGCTGG-1	B	1
TTGAGCACAATTCGTG-1	B	8
TTGAGCACACAACGGA-1	B	8
TTGAGCACACGATTAC-1	B	13
TTGAGCACAGGACTGA-1	Epithelial	0
TTGAGCAGTAACGTAA-1	T	11
TTGAGCAGTACTAGAA-1	Epithelial	12
TTGAGCAGTAGTCTGT-1	B	13
TTGAGCAGTCAACGGA-1	Epithelial	0
TTGAGCAGTCGATAGG-1	B	1
TTGAGCAGTTCCCTTG-1	Epithelial	7
TTGAGCATCAAACCAC-1	Epithelial	18
TTGAGCATCACCACAA-1	Epithelial	7
TTGAGCATCATGAACC-1	Myeloid	3
TTGAGCATCCTAGAGT-1	Epithelial	14
TTGAGCATCGGGAATG-1	B	1
TTGAGCATCGGTTAGT-1	B	1
TTGAGTGAGAAGAGTG-1	Epithelial	17
TTGAGTGAGCGTTGCC-1	B	19
TTGAGTGAGGCTGGAT-1	Epithelial	15
TTGAGTGAGTAACACA-1	B	13
TTGAGTGAGTAGTCGG-1	Stromal	9
TTGAGTGAGTCCGATT-1	Epithelial	2
TTGAGTGCAAGACTAA-1	Epithelial	2
TTGAGTGGTAGAATAC-1	Stromal	5
TTGAGTGGTGGAAGCT-1	Epithelial	10
TTGAGTGGTGTCCCAG-1	Epithelial	12
TTGAGTGGTTTGGATC-1	Epithelial	7
TTGAGTGTCAAGTTGC-1	Epithelial	16
TTGAGTGTCACATCCC-1	Epithelial	17
TTGAGTGTCCCTAAAG-1	Epithelial	2
TTGAGTGTCGAGGCTC-1	B	1
TTGAGTGTCGGCAATT-1	B	13
TTGAGTGTCTTAATCC-1	Epithelial	18
TTGCACCAGAGTTCGG-1	Epithelial	0
TTGCACCAGATCGAGC-1	Epithelial	6
TTGCACCAGCAACGGT-1	Stromal	9
TTGCACCAGCCATCAT-1	Epithelial	15
TTGCACCAGCCATTCA-1	B	4
TTGCACCAGCGTAGCA-1	B	13
TTGCACCAGGACTTTC-1	Epithelial	14
TTGCACCAGGTAGGAA-1	Epithelial	10
TTGCACCAGTGATTAG-1	Epithelial	10
TTGCACCAGTGGGACT-1	T	11
TTGCACCAGTTCAACC-1	B	4
TTGCACCCAACACGGA-1	B	1
TTGCACCCAAGTTGCT-1	Epithelial	15
TTGCACCCACAAGTGG-1	Epithelial	7
TTGCACCCAGTTGGAG-1	Epithelial	17
TTGCACCCATGATCGT-1	Epithelial	18
TTGCACCCATGGAGGT-1	B	8
TTGCACCCATTTCTTG-1	Epithelial	6
TTGCACCGTATCTCAG-1	Epithelial	15
TTGCACCGTATTTGCG-1	B	4
TTGCACCGTGCACATT-1	Epithelial	18
TTGCACCGTTCCCTTG-1	B	1
TTGCACCTCCACACCT-1	Epithelial	12
TTGCACCTCGTGATAC-1	Epithelial	2
TTGCACCTCGTTACAG-1	B	13
TTGCACCTCGTTCTAT-1	Myeloid	3
TTGCACCTCTTATCAC-1	B	1
TTGCAGAAGACCCATT-1	Epithelial	12
TTGCAGAAGGCCAATG-1	Epithelial	15
TTGCAGAAGGTACTCT-1	Epithelial	12
TTGCAGAAGTAGAAGG-1	B	8
TTGCAGAAGTATACCC-1	Myeloid	3
TTGCAGAAGTCCGATT-1	Epithelial	6
TTGCAGAAGTTCGTTG-1	T	11
TTGCAGACAAGAAACT-1	Epithelial	7
TTGCAGACAAGGCGTA-1	Epithelial	2
TTGCAGACACACATGT-1	B	8
TTGCAGACAGCAGGTA-1	Myeloid	3
TTGCAGACAGGCAAGT-1	Epithelial	15
TTGCAGACATGTGAGG-1	Epithelial	12
TTGCAGAGTAAGTCTC-1	B	4
TTGCAGAGTAGACACG-1	B	1
TTGCAGAGTAGTAACA-1	B	1
TTGCAGAGTATACGCT-1	Epithelial	7
TTGCAGAGTATTCGCA-1	Epithelial	17
TTGCAGAGTCCCTTTG-1	T	11
TTGCAGAGTGCAACAG-1	B	8
TTGCAGAGTGCAAGCA-1	Epithelial	2
TTGCAGAGTGCCCTAG-1	Epithelial	17
TTGCAGAGTGTGCTTA-1	Epithelial	0
TTGCAGAGTTCTCGAA-1	B	1
TTGCAGAGTTTGACCA-1	Epithelial	16
TTGCAGATCAATCGTG-1	B	1
TTGCAGATCAGAGTGG-1	Epithelial	12
TTGCAGATCAGGCGCT-1	B	13
TTGCAGATCCATTGTT-1	Epithelial	17
TTGCAGATCCTCAAGA-1	Epithelial	14
TTGCAGATCGCAAGCC-1	B	13
TTGCAGATCGCTTACC-1	Epithelial	12
TTGCAGATCGGGACAA-1	Epithelial	17
TTGCAGATCTATAGGC-1	B	1
TTGCAGATCTCGCGTT-1	B	8
TTGCAGATCTTGCGCT-1	Epithelial	2
TTGCCCAAGACGACTG-1	Epithelial	2
TTGCCCAAGACTCGGA-1	B	13
TTGCCCAAGAGCACTG-1	Epithelial	6
TTGCCCAAGATCGCCC-1	Epithelial	7
TTGCCCAAGCCTCGCA-1	Epithelial	10
TTGCCCACAAGACTTC-1	B	1
TTGCCCACAAGTAATG-1	Epithelial	12
TTGCCCACACAGTTCA-1	Epithelial	2
TTGCCCACAGTGCTCG-1	B	8
TTGCCCACATGCGACC-1	T	11
TTGCCCAGTAAACGGC-1	Epithelial	6
TTGCCCAGTAGCGTTT-1	B	1
TTGCCCAGTCAAATCC-1	Epithelial	15
TTGCCCAGTCAGAGTG-1	Epithelial	12
TTGCCCAGTCAGTGCC-1	Myeloid	3
TTGCCCAGTGCACTTA-1	Epithelial	14
TTGCCCAGTGTCCTTC-1	Epithelial	2
TTGCCCAGTTACCCAA-1	B	8
TTGCCCAGTTGAATAG-1	B	1
TTGCCCATCAACACGT-1	Epithelial	10
TTGCCCATCCAGGCCA-1	B	8
TTGCCCATCCATGACA-1	B	8
TTGCCCATCTTAATCC-1	Epithelial	15
TTGCCCATCTTTCGAT-1	B	13
TTGCGAAAGAATCAAC-1	Epithelial	12
TTGCGAAAGACGAAAG-1	B	13
TTGCGAAAGATTAGAC-1	Epithelial	6
TTGCGAAAGCACACCC-1	Epithelial	0
TTGCGAAAGGATTAAC-1	Epithelial	0
TTGCGAAAGGTTGTTC-1	Epithelial	12
TTGCGAAAGTACCCAT-1	Epithelial	17
TTGCGAACAACTCCCT-1	Epithelial	15
TTGCGAACACTGTAAC-1	Stromal	9
TTGCGAACAGTATCTG-1	B	8
TTGCGAACAGTTACAC-1	Epithelial	10
TTGCGAAGTAGCGTTT-1	B	1
TTGCGAAGTCACTCTC-1	B	13
TTGCGAAGTCAGAGTG-1	B	1
TTGCGAAGTCGGCTGT-1	Epithelial	10
TTGCGAAGTGATCAGG-1	Epithelial	7
TTGCGAAGTGCATTGT-1	Epithelial	17
TTGCGAAGTGGACTGA-1	Epithelial	15
TTGCGAAGTGGCATAG-1	Epithelial	0
TTGCGAAGTGGGTAGT-1	Epithelial	18
TTGCGAAGTTACTACG-1	Stromal	5
TTGCGAATCAGTCACA-1	B	8
TTGCGAATCATTCATC-1	Epithelial	2
TTGCGAATCCATATCT-1	B	1
TTGCGAATCCCGTAGG-1	B	4
TTGCGAATCCGATGCG-1	B	1
TTGCGAATCGATATGC-1	B	1
TTGCGGGAGAAAGGGT-1	Epithelial	2
TTGCGGGAGAACGCCA-1	Myeloid	3
TTGCGGGAGACGCCAA-1	Epithelial	7
TTGCGGGAGACTCTTG-1	B	8
TTGCGGGAGAGGAATG-1	B	8
TTGCGGGAGAGGCGGA-1	Epithelial	15
TTGCGGGAGATCGATA-1	Epithelial	14
TTGCGGGAGATCTCAC-1	T	11
TTGCGGGAGTTATGAG-1	T	11
TTGCGGGCAAACTACC-1	Epithelial	7
TTGCGGGCACACTAGT-1	Epithelial	0
TTGCGGGGTCCTTATT-1	Epithelial	7
TTGCGGGGTCTCTGCT-1	Epithelial	12
TTGCGGGGTTGTGAGG-1	B	19
TTGCGGGTCAATGCAC-1	T	11
TTGCGGGTCACCCGGA-1	B	8
TTGCGGGTCAGCACTA-1	B	4
TTGCGGGTCGATGTAC-1	Epithelial	0
TTGCGGGTCGCGGCAT-1	Epithelial	12
TTGCGGGTCGGATCGC-1	B	13
TTGCGGGTCTACTTTG-1	B	1
TTGCGGGTCTAGTCGA-1	Epithelial	12
TTGCGGGTCTCTGCGT-1	Myeloid	3
TTGCGGGTCTGATCTT-1	B	8
TTGCGGGTCTTCAGAG-1	Stromal	9
TTGCGGGTCTTCCGTG-1	Epithelial	10
TTGCTATAGACAACGC-1	T	11
TTGCTATAGACGACTG-1	Epithelial	14
TTGCTATAGATAGGTT-1	Epithelial	7
TTGCTATAGATTACGA-1	B	13
TTGCTATAGCCATGGA-1	Epithelial	10
TTGCTATAGGACCGAT-1	B	4
TTGCTATAGGCAGTAC-1	Epithelial	2
TTGCTATAGGGTATCG-1	B	13
TTGCTATAGGTCGGTA-1	B	4
TTGCTATAGTAATGTG-1	Epithelial	17
TTGCTATAGTATACCC-1	B	4
TTGCTATAGTCTAGAA-1	B	1
TTGCTATCAACGAGGT-1	Epithelial	14
TTGCTATCAACTAGAA-1	B	13
TTGCTATCATTAAGGA-1	Epithelial	14
TTGCTATGTAAGGTCG-1	Epithelial	14
TTGCTATGTCCAACCG-1	Epithelial	16
TTGCTATGTCTGGGAA-1	Stromal	9
TTGCTATGTTACTTTC-1	Epithelial	2
TTGCTATTCACGTGTA-1	Myeloid	3
TTGCTATTCATGAACC-1	B	8
TTGCTATTCCCAATGA-1	Epithelial	17
TTGCTATTCCTTACGC-1	B	8
TTGCTATTCGACTATG-1	B	1
TTGCTATTCTATCTTG-1	Epithelial	2
TTGCTATTCTGTTGCC-1	B	8
TTGCTTAAGGCCTAAG-1	Epithelial	10
TTGCTTAAGTGGACGT-1	Epithelial	14
TTGCTTAAGTTGCTTG-1	Epithelial	6
TTGCTTAAGTTGGAAT-1	B	4
TTGCTTACAAACAGTA-1	B	1
TTGCTTACAACTCAAC-1	Epithelial	18
TTGCTTACACAATAAG-1	Epithelial	12
TTGCTTACACGCCGAT-1	T	11
TTGCTTACACGTGAAG-1	Epithelial	15
TTGCTTACATCGTGAT-1	B	8
TTGCTTAGTCACCCGA-1	Epithelial	18
TTGCTTAGTGATGCGA-1	B	1
TTGCTTAGTGCATTGT-1	Epithelial	18
TTGCTTAGTGGAAAGA-1	B	1
TTGCTTAGTTAGAGAT-1	B	4
TTGCTTAGTTGCCTGG-1	Epithelial	2
TTGCTTATCCCTACGT-1	Epithelial	15
TTGCTTATCCTATCAT-1	Epithelial	7
TTGCTTATCGGTAGGA-1	Epithelial	7
TTGCTTATCGTGAACT-1	B	8
TTGCTTATCGTGGAAG-1	B	1
TTGCTTATCTTCACTA-1	Epithelial	2
TTGGTCCAGAACCCGA-1	B	4
TTGGTCCAGAGCCACA-1	B	1
TTGGTCCAGATCTAAG-1	Epithelial	17
TTGGTCCAGCAATAAC-1	Epithelial	6
TTGGTCCAGCTCGGCT-1	B	13
TTGGTCCAGGAAGAAC-1	B	8
TTGGTCCAGGCAAGGG-1	Epithelial	10
TTGGTCCAGGCTTAAA-1	Myeloid	3
TTGGTCCCAACAAACA-1	Myeloid	3
TTGGTCCCACCCTTAC-1	Epithelial	17
TTGGTCCCACTGAAGG-1	Epithelial	14
TTGGTCCCAGCAACGA-1	B	4
TTGGTCCCATAGCAGG-1	Epithelial	14
TTGGTCCCATAGCCAT-1	Epithelial	18
TTGGTCCCATGGTTTG-1	B	1
TTGGTCCCATGTATCG-1	B	1
TTGGTCCGTAGCGGTA-1	B	13
TTGGTCCGTCAATCCA-1	B	8
TTGGTCCGTCAGGTGA-1	Stromal	5
TTGGTCCGTCATCAAC-1	B	1
TTGGTCCGTGGCGCTT-1	Epithelial	12
TTGGTCCGTTACGGAG-1	Epithelial	17
TTGGTCCGTTAGGAGC-1	B	19
TTGGTCCGTTCTGAGT-1	Epithelial	12
TTGGTCCGTTTAGAAG-1	Epithelial	14
TTGGTCCTCAAGAGGC-1	B	8
TTGGTCCTCAGTACAC-1	T	11
TTGGTCCTCCCACTTG-1	Epithelial	17
TTGGTCCTCCTAGAGT-1	Epithelial	15
TTGGTCCTCGGGACAA-1	Epithelial	15
TTGTCTAAGAATGCTA-1	Epithelial	0
TTGTCTAAGACGACTG-1	B	1
TTGTCTAAGATCTCAC-1	B	1
TTGTCTAAGCGTTGCC-1	Epithelial	12
TTGTCTAAGTGAGTTA-1	Stromal	9
TTGTCTAAGTTCCAGT-1	Epithelial	12
TTGTCTACAAGTCCTA-1	B	1
TTGTCTACAAGTTGCT-1	Epithelial	7
TTGTCTACAGGCAGAT-1	Epithelial	6
TTGTCTAGTAAACGGC-1	Epithelial	18
TTGTCTAGTAGAACGC-1	Epithelial	7
TTGTCTAGTAGTCTGT-1	Epithelial	7
TTGTCTAGTGGAAAGA-1	Epithelial	10
TTGTCTAGTGTACGCC-1	B	13
TTGTCTAGTTTAGAAG-1	Epithelial	12
TTGTCTATCAGTACAC-1	B	1
TTGTCTATCCAGTACA-1	B	19
TTGTCTATCCCTAAAG-1	B	1
TTGTCTATCCTAAGTG-1	B	4
TTGTCTATCTCAGATG-1	Stromal	5
TTGTCTATCTCGTGAA-1	Epithelial	7
TTGTTCAAGAACCCGA-1	B	13
TTGTTCAAGGAACCGT-1	Epithelial	6
TTGTTCAAGTGCCCTG-1	Epithelial	6
TTGTTCACAACAACTC-1	Epithelial	17
TTGTTCACAACTCGTA-1	Epithelial	14
TTGTTCACAATTCGTG-1	B	8
TTGTTCACAGGCACAA-1	Epithelial	7
TTGTTCACAGGTCCTG-1	T	11
TTGTTCACATCGGCCA-1	Epithelial	7
TTGTTCACATTCTTTG-1	B	4
TTGTTCAGTAAACGAT-1	B	13
TTGTTCAGTAACCGAG-1	Epithelial	2
TTGTTCAGTACTATGC-1	T	11
TTGTTCAGTATACGCT-1	B	1
TTGTTCAGTGACAAGC-1	Epithelial	14
TTGTTCAGTGTCTACA-1	Epithelial	2
TTGTTCAGTTGGCTTA-1	Epithelial	7
TTGTTCATCACCCGGA-1	Myeloid	3
TTGTTCATCACGTCAA-1	Epithelial	18
TTGTTCATCAGTTGAC-1	Epithelial	15
TTGTTCATCCACACCT-1	Myeloid	3
TTGTTCATCCAGGCCA-1	Epithelial	12
TTGTTCATCCATACCC-1	Epithelial	0
TTGTTCATCGGTAGGA-1	Epithelial	14
TTGTTCATCGGTCAGC-1	Epithelial	18
TTGTTCATCTCCAACC-1	Epithelial	0
TTGTTGTAGCATACCT-1	Epithelial	14
TTGTTGTAGGCTTAAA-1	Epithelial	16
TTGTTGTAGGTTGACG-1	B	13
TTGTTGTAGTCGAAAT-1	Epithelial	17
TTGTTGTCAAGTAACA-1	B	1
TTGTTGTCATTCTTTG-1	B	1
TTGTTGTGTAGATGAT-1	Epithelial	17
TTGTTGTGTGCCGGTT-1	B	8
TTGTTGTGTGTCTCGG-1	Epithelial	14
TTGTTGTGTTTCTACT-1	B	1
TTGTTGTTCAAACCCA-1	Epithelial	7
TTGTTGTTCACTCGGG-1	B	13
TTGTTGTTCATCATGG-1	Epithelial	7
TTGTTGTTCCAACAAC-1	Epithelial	15
TTGTTGTTCCAACGCG-1	Epithelial	2
TTGTTGTTCCGATTGA-1	Epithelial	14
TTGTTGTTCGCAAGCC-1	Epithelial	2
TTGTTGTTCGTCAACA-1	Epithelial	7
TTTACGTAGAGGAATG-1	B	4
TTTACGTAGATTCCGT-1	B	8
TTTACGTAGCGCAATG-1	Epithelial	15
TTTACGTAGCTAGTTC-1	B	13
TTTACGTAGGACCGAT-1	Epithelial	12
TTTACGTAGGCCAGTA-1	B	13
TTTACGTAGTAATGTG-1	Epithelial	7
TTTACGTCAACAACTC-1	B	8
TTTACGTCAACATAAG-1	T	11
TTTACGTCAAGGAGGG-1	Epithelial	14
TTTACGTCACGATATC-1	B	4
TTTACGTCACTCCCAT-1	B	8
TTTACGTGTACAAATG-1	Stromal	9
TTTACGTGTAGGTGAC-1	Epithelial	2
TTTACGTGTAGTGATA-1	B	1
TTTACGTGTGGAGTGT-1	B	13
TTTACGTGTGGGTAGT-1	Epithelial	2
TTTACGTGTTACGCTA-1	Stromal	9
TTTACGTGTTCATTTC-1	T	11
TTTACGTGTTCCCAAA-1	B	8
TTTACGTTCAGTACAC-1	Epithelial	14
TTTACGTTCTTAGTGG-1	B	13
TTTGAGGAGATCGATA-1	B	13
TTTGAGGAGCCTGTAT-1	Epithelial	18
TTTGAGGAGGAAGAAC-1	B	1
TTTGAGGAGGCAGTAC-1	Epithelial	12
TTTGAGGAGGGCTTCC-1	B	8
TTTGAGGAGTACTCTG-1	Epithelial	12
TTTGAGGCAAGAGCGT-1	Epithelial	2
TTTGAGGCAATGATGA-1	Epithelial	17
TTTGAGGCACACTAGT-1	T	11
TTTGAGGCACAGGTAG-1	Epithelial	2
TTTGAGGCACATAAAG-1	Epithelial	2
TTTGAGGCAGACCTGC-1	B	1
TTTGAGGCAGGTTATC-1	B	8
TTTGAGGCAGTAGTTC-1	B	8
TTTGAGGCATACTGCA-1	Epithelial	14
TTTGAGGCATCCTGGG-1	Epithelial	2
TTTGAGGCATGTGAGG-1	B	4
TTTGAGGGTGCGCTCA-1	Epithelial	0
TTTGAGGGTGTTGTTG-1	Epithelial	15
TTTGAGGTCACCGCGA-1	B	1
TTTGAGGTCGGTCAGC-1	Stromal	9
TTTGAGGTCTGAGTAC-1	B	13
TTTGCGCAGAGCAGCT-1	Epithelial	7
TTTGCGCAGAGGAATG-1	Epithelial	0
TTTGCGCAGATGCGCA-1	Epithelial	10
TTTGCGCAGTCTGGGA-1	B	1
TTTGCGCCAACGTCGC-1	Epithelial	7
TTTGCGCCAACTAGAA-1	Epithelial	0
TTTGCGCCACCACGAC-1	B	4
TTTGCGCCACCTCGTT-1	Epithelial	18
TTTGCGCCAGGCATCC-1	B	1
TTTGCGCCATCGTACA-1	Epithelial	18
TTTGCGCGTAGCGGTA-1	B	1
TTTGCGCGTGCTGAAG-1	Epithelial	6
TTTGCGCGTGTCCCAG-1	B	19
TTTGCGCGTTAGGCTT-1	B	8
TTTGCGCTCAATTCCT-1	T	11
TTTGCGCTCAGGCCGT-1	Epithelial	18
TTTGCGCTCATCGCAA-1	B	1
TTTGCGCTCATCGCTC-1	B	8
TTTGCGCTCCATAGGT-1	B	4
TTTGCGCTCCGCTCTA-1	B	4
TTTGCGCTCGCTCTAC-1	Epithelial	10
TTTGCGCTCTTTCGAT-1	B	8
TTTGGCCAGCCGCAAA-1	Epithelial	10
TTTGGCCAGGTTAGTA-1	B	1
TTTGGCCCAAATAGTG-1	Epithelial	18
TTTGGCCCAACGAGGT-1	Epithelial	14
TTTGGCCCAACGTCGC-1	T	11
TTTGGCCCACACATTG-1	Epithelial	0
TTTGGCCCACTGTTAG-1	Epithelial	2
TTTGGCCCAGTAGGCA-1	B	13
TTTGGCCCATCGCTAA-1	Epithelial	12
TTTGGCCGTAACGGAC-1	Epithelial	18
TTTGGCCGTAGCAGGT-1	B	8
TTTGGCCGTAGCCATT-1	Epithelial	15
TTTGGCCGTAGTACAA-1	Epithelial	12
TTTGGCCGTATACGCT-1	Myeloid	3
TTTGGCCGTATTCACG-1	Myeloid	3
TTTGGCCGTGCCCGAT-1	B	8
TTTGGCCGTTTAAGCC-1	Epithelial	17
TTTGGCCGTTTGTACG-1	Myeloid	3
TTTGGCCTCCTAAGTG-1	B	13
TTTGGCCTCGCAGATT-1	T	11
TTTGGCCTCGGTACTA-1	Epithelial	18
TTTGGCCTCGTTACAG-1	B	13
TTTGGCCTCTAAACGC-1	B	8
TTTGGCCTCTGGAAGG-1	B	13
TTTGGCCTCTGGACAT-1	B	19
TTTGGTTAGCCAGAAC-1	Epithelial	17
TTTGGTTAGCTCGTTA-1	Epithelial	16
TTTGGTTAGGTCCTCG-1	Epithelial	2
TTTGGTTAGTGCTCGC-1	Epithelial	12
TTTGGTTCAAGTCTGT-1	Stromal	9
TTTGGTTCAATTCGTG-1	Epithelial	14
TTTGGTTCACTGAAGG-1	Epithelial	17
TTTGGTTCAGATAAGT-1	Epithelial	6
TTTGGTTCAGGCACAA-1	Epithelial	16
TTTGGTTCAGTTCGGC-1	Epithelial	2
TTTGGTTCATCATAGC-1	Epithelial	14
TTTGGTTGTAGACACG-1	B	1
TTTGGTTGTCTCTGGG-1	T	11
TTTGGTTGTGTACGCC-1	Epithelial	18
TTTGGTTGTGTCGTGC-1	B	8
TTTGGTTTCACAGGGA-1	B	4
TTTGGTTTCAGTTGAC-1	Epithelial	7
TTTGGTTTCCCTACCA-1	Epithelial	18
TTTGGTTTCGAACCGC-1	Epithelial	15
TTTGGTTTCGACTGGC-1	Epithelial	17
TTTGGTTTCGTGATAC-1	Myeloid	3
TTTGTGTAGAGCTCCC-1	Epithelial	12
TTTGTGTAGCATTCCA-1	Epithelial	18
TTTGTGTAGCTATCCA-1	Myeloid	3
TTTGTGTAGCTGAATA-1	B	1
TTTGTGTAGTTCGTTG-1	Epithelial	16
TTTGTGTCAAGCACTT-1	Epithelial	12
TTTGTGTCACAGCCAC-1	Epithelial	2
TTTGTGTCACGTTAGT-1	B	8
TTTGTGTCAGACCTGC-1	B	8
TTTGTGTCAGGTGTGA-1	B	4
TTTGTGTCATCATCGA-1	T	11
TTTGTGTCATCGCCTT-1	B	4
TTTGTGTGTAACCCAT-1	B	8
TTTGTGTGTATTGTGC-1	Epithelial	18
TTTGTGTGTCCGCTTT-1	B	1
TTTGTGTGTGATAAGT-1	Epithelial	17
TTTGTGTGTGCATCAT-1	Epithelial	7
TTTGTGTGTGTGTGCC-1	Epithelial	10
TTTGTGTGTTCCCGGA-1	B	4
TTTGTGTTCCAAACCA-1	Epithelial	14
TTTGTGTTCGATGAAA-1	Epithelial	18
TTTGTGTTCGATGCAT-1	B	1
TTTGTGTTCGCATACA-1	Epithelial	7
TTTGTGTTCTATAGGC-1	Epithelial	6
TTTGTGTTCTCTTAAC-1	B	8
TTTGTGTTCTTCAGAG-1	Epithelial	15
TTTGTGTTCTTGTGCC-1	B	1
