AAACGAAAGGACCGAT-1	T	11
AAACGAAAGTACTCTG-1	T	15
AAACGAACAAAGAAGG-1	T	19
AAACGAACAGTAACTC-1	B	10
AAACGAAGTCATCGTA-1	NK	13
AAACGAAGTGAATGTA-1	T	15
AAACGAAGTGTACGCC-1	T	4
AAACGAAGTTCCATCC-1	T	1
AAACGAAGTTCTTATC-1	B	10
AAACGAAGTTGCCGCA-1	T	12
AAACGAATCCGCCTAT-1	T	8
AAACGAATCGGGCTCA-1	T	11
AAACTCGAGAACGCCA-1	T	8
AAACTCGAGGAGTACC-1	T	12
AAACTCGAGGGTCTGA-1	T	9
AAACTCGAGTGCTGAG-1	T	7
AAACTCGCAATGGCTT-1	T	7
AAACTCGCATGGTAAA-1	T	12
AAACTCGGTAGATTAG-1	T	8
AAACTCGGTGGATTTC-1	T	7
AAACTCGGTTCACGTA-1	T	1
AAACTCGGTTCGGGAA-1	T	17
AAACTCGGTTCTGAGT-1	B	3
AAACTCGGTTTGTACG-1	T	11
AAACTCGTCTATCTCA-1	T	5
AAACTCGTCTATGAGC-1	T	11
AAACTGCAGAACTAAC-1	T	17
AAACTGCAGACGTCAG-1	T	9
AAACTGCAGATGCGCA-1	T	12
AAACTGCAGGCTTAAA-1	B	3
AAACTGCAGGTTCTCA-1	T	17
AAACTGCAGTGAAACT-1	Epithelial	18
AAACTGCAGTTTGGAA-1	T	8
AAACTGCCAGCAAACG-1	T	9
AAACTGCCAGGTTATC-1	T	14
AAACTGCCATACAACC-1	B	3
AAACTGCGTACTAGAA-1	T	0
AAACTGCGTCGACTGC-1	NK	13
AAACTGCGTGATAACA-1	NK	13
AAACTGCGTTGTCGGC-1	B	3
AAACTGCTCTCCACTG-1	T	19
AAAGATGAGCTTTCCC-1	T	12
AAAGATGAGGACCGAT-1	T	12
AAAGATGAGGCACTAG-1	T	19
AAAGATGCACTAAACC-1	NK	2
AAAGATGCACTCAGCG-1	T	15
AAAGATGGTGTCTACA-1	B	3
AAAGATGGTTATGCAC-1	T	4
AAAGATGTCACCGCGA-1	T	7
AAAGGATAGAGCAGCT-1	B	3
AAAGGATAGAGCGAAA-1	T	9
AAAGGATAGCTTACCA-1	T	0
AAAGGATAGTGCCCTG-1	T	16
AAAGGATGTGTCCAGC-1	NK	2
AAAGGATGTTGCTTGA-1	T	9
AAAGGATTCCATAACG-1	T	12
AAAGGATTCCATGTTT-1	NK	13
AAAGGATTCGTTACAG-1	T	8
AAAGGGCAGCTCGGCT-1	T	12
AAAGGGCAGTGTTCCA-1	T	6
AAAGGGCCAAGCAACG-1	T	15
AAAGGGCCACTGTCGG-1	T	14
AAAGGGCCATCATGTG-1	T	8
AAAGGGCGTGCAAGCA-1	T	6
AAAGGGCTCCGTACGG-1	T	9
AAAGGGCTCGAGGTCC-1	T	15
AAAGGGCTCTTGTACT-1	T	7
AAATGAGAGAGCCACA-1	T	19
AAATGAGAGAGGTCCA-1	NK	13
AAATGAGAGTAATGTG-1	T	1
AAATGAGAGTCAACTC-1	B	3
AAATGAGCACAATAAG-1	T	1
AAATGAGCAGCAATGG-1	T	8
AAATGAGGTATTCTTC-1	T	9
AAATGAGGTGACCAGA-1	NK	2
AAATGAGGTGATAACA-1	T	4
AAATGAGGTGCGACCT-1	B	3
AAATGAGGTGGAAGCT-1	T	1
AAATGAGGTTGGGAAC-1	T	7
AAATGAGTCCTATCAT-1	B	10
AAATGAGTCGATGAAA-1	T	14
AAATGAGTCGGATAAA-1	T	1
AAATGAGTCGTTCCGT-1	T	15
AAATGCCAGCCATTCA-1	B	3
AAATGCCAGCTACGCC-1	NK	2
AAATGCCAGTGTCGGA-1	T	4
AAATGCCCATTCCCGT-1	B	3
AAATGCCGTACTTCGA-1	T	0
AAATGCCGTCTGGTCG-1	NK	13
AAATGCCGTGCTGTCG-1	T	19
AAATGCCGTTACCCAA-1	T	16
AAATGCCGTTTGACCA-1	T	15
AAATGCCTCCACCTAC-1	T	14
AACAAAGAGGCCTCTG-1	B	3
AACAAAGAGTTACACC-1	T	11
AACAAAGAGTTTACGC-1	T	1
AACAAAGCAGTAACTC-1	T	15
AACAAAGGTACGGAGT-1	T	19
AACAAAGTCGTTACAG-1	T	6
AACAGTCAGGCTCAGA-1	T	19
AACAGTCAGTGAACCG-1	T	9
AACAGTCCATTACACG-1	T	16
AACAGTCGTGCTGGCT-1	B	3
AACAGTCTCAGGAATA-1	T	6
AACAGTCTCCATATCT-1	T	8
AACATCGAGATCTAAG-1	T	19
AACATCGAGCCGCAAA-1	T	19
AACATCGAGTCGAGCA-1	T	1
AACATCGCAAGTCTGT-1	T	11
AACATCGCAGAGATGC-1	T	5
AACATCGCAGATTAAG-1	T	8
AACATCGGTTACACTG-1	B	3
AACATCGTCAGGCGCT-1	B	3
AACATCGTCTATCTAC-1	T	15
AACCAACAGGCATGCA-1	T	11
AACCAACAGTCAGGAC-1	T	8
AACCAACCAGCGTCGT-1	T	9
AACCAACCAGTTGGAG-1	T	1
AACCAACCATGTGAGG-1	T	8
AACCAACGTAGGGTCA-1	B	3
AACCAACGTGGTTCTA-1	T	19
AACCAACGTTCCCAAA-1	T	12
AACCGATAGAGAGTTT-1	T	6
AACCGATAGCTCGGCT-1	T	8
AACCGATAGGAAGACA-1	NK	2
AACCGATAGGAGTAGA-1	T	17
AACCGATAGTATGCTC-1	T	19
AACCGATCAATGACTC-1	T	7
AACCGATCACCTATTT-1	T	16
AACCGATGTATGCTAC-1	T	7
AACCGATGTGAATGTA-1	B	3
AACCGATGTTTGTACG-1	T	16
AACCGATTCCAACCTC-1	T	15
AACCGATTCCAACGCG-1	B	3
AACCTGAAGACTAGGC-1	B	3
AACCTGAAGCACACCC-1	T	15
AACCTGAAGGTAGGCT-1	T	7
AACCTGAAGTATGGGC-1	B	3
AACCTGACAAGAGCGT-1	T	12
AACCTGACAATCCATG-1	T	12
AACCTGACACTAAACC-1	NK	13
AACCTGACATGCGCTG-1	T	5
AACCTGAGTCAACAGG-1	B	3
AACCTGAGTCCAACCG-1	T	17
AACCTGAGTTTCCACC-1	T	1
AACCTGAGTTTGATCG-1	T	17
AACCTGATCGAACACT-1	T	4
AACCTGATCGTTGTTT-1	T	9
AACCTTTAGAGGAACA-1	T	7
AACCTTTAGATAGGTT-1	T	4
AACCTTTAGCACACCC-1	NK	13
AACCTTTAGCGATACG-1	T	19
AACCTTTAGTCTAGAA-1	T	15
AACCTTTAGTGAGTTA-1	T	11
AACCTTTCAATTCGTG-1	T	16
AACCTTTGTAATGCCT-1	T	6
AACCTTTGTACGAGAC-1	T	6
AACCTTTGTGAATGTA-1	NK	2
AACCTTTGTTGCTTGA-1	T	8
AACCTTTTCCAAGTCA-1	T	0
AACCTTTTCCATACCC-1	T	9
AACCTTTTCGCAAACT-1	T	8
AACCTTTTCGCCCTTA-1	T	14
AACCTTTTCGGCAATT-1	Epithelial	18
AACCTTTTCGGGAATG-1	T	9
AACGAGGAGATGGCAC-1	B	3
AACGAGGAGGTACTCT-1	T	19
AACGAGGGTATGGTTC-1	T	4
AACGAGGGTATTGTCG-1	T	8
AACGAGGGTGCCCTAG-1	T	17
AACGAGGGTTGTGACT-1	T	8
AACGAGGTCATTGCCC-1	T	11
AACGAGGTCCCGTATC-1	T	7
AACGAGGTCCGGGCAT-1	T	0
AACGAGGTCCTCCATG-1	T	11
AACGGGACAACGCAAG-1	T	12
AACGGGACAAGTAACA-1	B	3
AACGGGACACCACCAG-1	T	4
AACGGGACACGCGTTG-1	T	11
AACGGGACATCATAGC-1	T	15
AACGGGAGTAGCGTTT-1	T	7
AACGGGAGTTAAGTCC-1	T	17
AACGGGATCGCGATGC-1	B	10
AACGGGATCGCTAGTA-1	T	8
AACGTACAGGATGCCA-1	T	19
AACGTACAGTATACGA-1	T	8
AACGTACCAAGGAGGG-1	T	11
AACGTACCACGCCGAT-1	T	4
AACGTACCAGACCTGC-1	T	17
AACGTACCATCGACGC-1	T	17
AACGTACGTACGACCC-1	T	7
AACGTACGTAGCTGTT-1	T	7
AACGTACGTGTCGTGC-1	T	14
AACGTACGTTTGAAGA-1	T	8
AACGTACTCACGATTG-1	T	17
AACGTACTCACTAGGT-1	NK	2
AACGTACTCACTGATG-1	B	10
AACGTACTCCCACTTG-1	T	4
AACGTACTCCGGGCAT-1	T	14
AACGTACTCTGCGTCT-1	T	12
AACTGGTAGAGAGTTT-1	T	11
AACTGGTAGGTTAGTA-1	T	8
AACTGGTAGTACCCAT-1	T	9
AACTGGTCAAGCGAAC-1	B	3
AACTGGTCAATTCAGC-1	T	1
AACTGGTCAGGATAGC-1	T	4
AACTGGTCATGCTATG-1	B	3
AACTGGTCATGTCCCT-1	T	1
AACTGGTCATTTGGTG-1	T	1
AACTGGTGTCAAACAA-1	T	1
AACTGGTGTGCTGTGC-1	T	1
AACTGGTGTTATGCAC-1	T	16
AACTGGTGTTCAGTAC-1	T	0
AACTGGTTCCTCCCAA-1	T	8
AACTGGTTCGCCACTT-1	T	4
AACTGGTTCTATCCTA-1	T	7
AACTGGTTCTCGCGTT-1	NK	2
AACTGTGAGAAGGGCG-1	T	12
AACTGTGAGATCACCT-1	T	16
AACTGTGCAATGACTC-1	T	11
AACTGTGCACACACAT-1	T	12
AACTGTGGTAGCATGG-1	T	16
AACTGTGGTATGTCCA-1	T	12
AACTGTGTCAACTTGG-1	B	3
AACTTGGAGCGAGCTA-1	T	8
AACTTGGAGGAACCGT-1	T	17
AACTTGGAGGCCTCGT-1	T	5
AACTTGGAGGCTCCTG-1	T	16
AACTTGGAGTGCTGAG-1	T	1
AACTTGGAGTTATGAG-1	T	14
AACTTGGCAACATAAG-1	T	1
AACTTGGCACACTAGT-1	NK	13
AACTTGGGTGTTAGAA-1	T	11
AACTTGGGTTCCAGTA-1	T	15
AACTTGGGTTTCCACC-1	B	3
AACTTGGTCAGTGGTT-1	T	1
AACTTGGTCCATCTAT-1	T	8
AACTTGGTCGCAGATT-1	T	11
AACTTGGTCGTTCTAT-1	T	17
AACTTGGTCTAGCAAC-1	T	17
AAGATAGAGACCAATA-1	T	5
AAGATAGAGGTTCTCA-1	T	11
AAGATAGCACTGCTCT-1	T	8
AAGATAGCAGGCACAA-1	B	3
AAGATAGCAGTTGCAT-1	T	12
AAGATAGGTCCCTAAA-1	Epithelial	18
AAGATAGGTGACCAGA-1	T	19
AAGATAGGTGCTGAAG-1	T	19
AAGATAGGTGGTACTT-1	T	14
AAGATAGGTTACCCAA-1	T	7
AAGATAGGTTCCCTTG-1	B	10
AAGATAGTCGCAACTA-1	B	3
AAGATAGTCTCATATC-1	T	0
AAGGAGCAGAGGAATG-1	T	7
AAGGAGCAGCCATTCA-1	NK	2
AAGGAGCAGGCCAGTA-1	T	17
AAGGAGCAGGGTATCG-1	T	12
AAGGAGCCAATTGTGC-1	T	0
AAGGAGCCAGGATAGC-1	T	14
AAGGAGCCATGCTATG-1	NK	2
AAGGAGCCATTAGCCA-1	T	19
AAGGAGCGTCCGTCGA-1	B	3
AAGGAGCGTCGTAATC-1	T	5
AAGGAGCGTGCAAAGC-1	T	19
AAGGAGCTCAGGTCTA-1	T	12
AAGGAGCTCCGATGCG-1	T	8
AAGGAGCTCTCTGTTA-1	T	19
AAGGTTCAGCCGCAAA-1	NK	2
AAGGTTCAGGTTAACA-1	T	19
AAGGTTCAGTCTAGAA-1	B	3
AAGGTTCAGTTACACC-1	B	10
AAGGTTCCACACATGT-1	T	7
AAGGTTCCACTGTTAG-1	T	0
AAGGTTCCATACAACC-1	T	8
AAGGTTCGTGACCAGA-1	T	0
AAGGTTCTCCTGGGAC-1	T	11
AATACGCCAGATTTGC-1	T	6
AATACGCGTAGTCTGT-1	T	8
AATACGCGTTAGGAGC-1	T	19
AATACGCTCAGGAAGC-1	T	4
AATACGCTCCTTGACC-1	T	7
AATACGCTCGGTAGGA-1	T	15
AATACGCTCTGGCTAA-1	NK	13
AATGCCAAGATCACCT-1	B	3
AATGCCACAAGGATGC-1	B	3
AATGCCACACACATGT-1	T	8
AATGCCACACCCATCT-1	NK	13
AATGCCACACGCGCAT-1	T	16
AATGCCAGTAAACGAT-1	T	4
AATGCCAGTAGCGGTA-1	T	1
AATGCCAGTCTGGGAA-1	T	14
AATGCCATCCCAATAG-1	B	10
AATGCCATCGATAGGG-1	T	4
AATGCCATCTAAGGTC-1	T	8
AATGGAACAGATAAGT-1	NK	13
AATGGAACAGTCCTGG-1	NK	13
AATGGAACATGTGGGA-1	NK	13
AATGGAAGTGGTAAGC-1	NK	13
AATGGAAGTTTGATCG-1	Epithelial	18
AATGGCTAGTACCACT-1	T	17
AATGGCTAGTACCCAT-1	NK	2
AATGGCTAGTTCGCGC-1	T	12
AATGGCTCAACTGCGC-1	T	6
AATGGCTCACAGTTCA-1	B	10
AATGGCTCACGTACAT-1	T	7
AATGGCTCACTAGCCG-1	T	19
AATGGCTCAGAACTTC-1	B	3
AATGGCTCAGTTGGAG-1	T	19
AATGGCTGTATCGCGC-1	T	5
AATGGCTGTCAATACC-1	NK	2
AATGGCTGTGCTAGTT-1	T	9
AATGGCTTCAGTGTAC-1	T	9
AATGGCTTCGTCGCAG-1	NK	2
AATGGCTTCTTGTGCC-1	T	1
AATGTCGAGACGTCAG-1	T	7
AATGTCGCAACAACTC-1	T	8
AATGTCGCAACGGACA-1	T	5
AATGTCGGTCGCTAGC-1	T	0
AATGTCGGTGCATCAT-1	B	10
AATGTCGTCCATTGTT-1	T	12
AATGTCGTCGGCTATA-1	T	8
ACAAACCAGATCCGAG-1	T	14
ACAAACCAGCATTCCA-1	NK	2
ACAAACCAGCTACGCC-1	T	17
ACAAACCAGTTAGCGG-1	T	7
ACAAACCCAGCAAACG-1	T	15
ACAAACCCAGGATGTG-1	B	10
ACAAACCCATACCCGG-1	B	3
ACAAACCCATCATCGA-1	T	19
ACAAACCCATCGTGAT-1	T	4
ACAAACCCATTAGCAC-1	T	17
ACAAACCGTCCCGTGA-1	T	1
ACAAACCGTGGAAAGA-1	T	19
ACAAACCGTGGATTCT-1	T	7
ACAAACCTCGCTCGGA-1	T	16
ACAAACCTCGGATAAA-1	T	11
ACAAACCTCGTGCTTC-1	T	4
ACAAAGAAGCTCGTTA-1	T	16
ACAAAGAAGGAAGGTA-1	NK	2
ACAAAGACAAAGCTGG-1	T	12
ACAAAGACAGGAGCAT-1	T	9
ACAAAGACATCGTACA-1	B	3
ACAAAGAGTAGGTCTT-1	T	14
ACAAAGAGTATGTCCA-1	T	17
ACAAAGAGTGCAAGAC-1	T	14
ACAAAGAGTTAACCAC-1	B	3
ACAAAGATCGAGTTAC-1	NK	13
ACAAAGATCGCGGCAT-1	T	9
ACAAAGATCGGTCTCT-1	T	9
ACAAGCTAGAACTCCT-1	T	17
ACAAGCTAGACTAATG-1	T	11
ACAAGCTAGATCGCCC-1	T	9
ACAAGCTAGCGTCAAG-1	T	15
ACAAGCTAGTAGACCG-1	T	19
ACAAGCTCAAGGAAGA-1	T	12
ACAAGCTCAAGGGTAC-1	T	17
ACAAGCTCACTCAGCG-1	T	17
ACAAGCTCATCGTGAT-1	T	8
ACAAGCTGTAGCGGTA-1	T	1
ACAAGCTGTCATTGCA-1	B	10
ACAAGCTGTGAGTCGA-1	T	5
ACAAGCTTCAGAACGG-1	T	7
ACAAGCTTCTCCAACC-1	NK	13
ACAATCGAGCGTTAGG-1	B	3
ACAATCGAGTCCGTGC-1	T	15
ACAATCGCAAACGTTC-1	T	17
ACAATCGCAATCATCG-1	T	1
ACAATCGCAGGCACAA-1	T	12
ACAATCGCATGATCGT-1	T	15
ACAATCGCATTGATGC-1	T	4
ACAATCGTCAGCACTA-1	B	3
ACAATCGTCATTGCCC-1	T	4
ACAATCGTCCAACGCG-1	NK	2
ACAATCGTCCGTTTCG-1	T	8
ACAATCGTCGCCGAAC-1	T	4
ACAATCGTCGCGGCAT-1	T	1
ACAATCGTCGCTTGAA-1	T	9
ACAATCGTCTATCTAC-1	T	19
ACAGAAAAGCAGGAGG-1	T	17
ACAGAAAAGTGTGTAA-1	T	6
ACAGAAACATGATTGC-1	T	5
ACAGAAAGTTGCCTGG-1	Epithelial	18
ACAGAAATCGTTTGAG-1	T	1
ACAGAAATCTTCTTCC-1	T	1
ACAGACTAGAACAGGA-1	T	9
ACAGACTAGGCTAAAT-1	T	0
ACAGACTAGTCGCCTG-1	NK	13
ACAGACTCAACTCCCT-1	B	3
ACAGACTCAATCATCG-1	T	17
ACAGACTCACCTATTT-1	T	4
ACAGACTGTGCTGTGC-1	B	3
ACAGACTTCGATATGC-1	T	8
ACAGACTTCGGCTATA-1	T	0
ACAGACTTCGGGAAAC-1	T	19
ACAGACTTCGTTACAG-1	NK	13
ACAGACTTCTCTTAAC-1	T	0
ACAGCGCAGAAATGGG-1	T	7
ACAGCGCAGCAGAGCT-1	T	1
ACAGCGCCAATTCTCT-1	NK	2
ACAGCGCCACGGTTAT-1	T	9
ACAGCGCGTCAGACGA-1	T	7
ACAGCGCGTCTGCGCA-1	T	11
ACAGCGCGTGTCGTCG-1	T	7
ACAGCGCTCAGCCGAC-1	T	7
ACAGCGCTCGCCACTT-1	T	7
ACAGCGCTCGCCTTAC-1	T	15
ACAGGCCAGCATGATA-1	T	1
ACAGGCCAGTATACGA-1	B	10
ACAGGCCAGTGAGCAC-1	T	0
ACAGGCCAGTTGCGCC-1	T	12
ACAGGCCCACAGCCAC-1	T	7
ACAGGCCCACATGATC-1	B	3
ACAGGCCCAGAACGAC-1	T	0
ACAGGCCCAGATTAAG-1	NK	13
ACAGGCCCAGGTCTGC-1	T	4
ACAGGCCGTAACACTC-1	T	16
ACAGGCCGTTAGGAGC-1	T	8
ACAGGCCTCCCTACGT-1	T	11
ACAGGCCTCCGCTATC-1	T	1
ACAGGCCTCGAGTTAC-1	B	10
ACAGGCCTCTGCTACC-1	T	7
ACATGCAAGAGGCAGG-1	T	12
ACATGCAAGGATGTAT-1	T	17
ACATGCAAGTCGATAA-1	T	12
ACATGCACAACGTCGC-1	T	14
ACATGCACAATAGTGA-1	T	1
ACATGCACACGCTGTG-1	T	9
ACATGCAGTATCTAGC-1	T	19
ACATGCAGTATGTTCG-1	T	1
ACATGCAGTGCGTGTC-1	T	1
ACATGCATCAGTGTAC-1	T	11
ACATGCATCGCAACTA-1	B	3
ACATGCATCTGAACGT-1	T	6
ACATGGTAGACCGCAA-1	T	6
ACATGGTCAGAACTTC-1	T	9
ACATGGTGTCCGTAGC-1	T	12
ACATGGTTCAGATACC-1	T	17
ACATGGTTCATGAACC-1	T	0
ACATGGTTCCTCCCAA-1	T	8
ACCAAACAGATGCGCA-1	T	17
ACCAAACAGGAAGACA-1	T	8
ACCAAACAGGTTAGTA-1	NK	2
ACCAAACGTATCTAGC-1	T	15
ACCAAACGTCTCTGGG-1	T	12
ACCAAACGTTGTGACT-1	T	1
ACCAAACTCAGGATCT-1	NK	2
ACCAAACTCAGGCCGT-1	T	7
ACCAAACTCCTTTGCG-1	T	17
ACCATCCAGTCATACC-1	T	15
ACCATCCAGTCCAGAG-1	T	1
ACCATCCCAAGCTTTG-1	T	19
ACCATCCCAGTAGGCA-1	T	11
ACCATCCCATCAGCTA-1	B	3
ACCATCCGTACTTCAG-1	B	10
ACCATCCGTAGTGATA-1	T	17
ACCATCCGTCTGCACG-1	T	1
ACCATCCTCAGGCGCT-1	T	14
ACCATCCTCAGTCTTT-1	T	12
ACCATCCTCGCGTTCT-1	T	12
ACCCAAAAGAAATTCG-1	B	3
ACCCAAAAGAGGCAGG-1	B	3
ACCCAAAAGTGAGCAC-1	T	12
ACCCAAACAACCTCTC-1	T	14
ACCCAAAGTCAGCAAG-1	T	1
ACCCAAAGTCTCGGGT-1	T	15
ACCCAAAGTTTAGAAG-1	B	10
ACCCAAATCCCTAAAG-1	T	1
ACCCAAATCCTCCAGT-1	T	11
ACCGAATAGAGAATTC-1	T	19
ACCGAATAGGTAAGTT-1	T	8
ACCGAATCAAAGAGAG-1	T	1
ACCGAATCAAATTCCG-1	T	5
ACCGAATCAAGTCCTA-1	T	5
ACCGAATCAAGTGGCA-1	T	12
ACCGAATCACTCAGCG-1	T	11
ACCGAATCAGAACAGC-1	T	9
ACCGAATCATCAGAAA-1	T	16
ACCGAATGTGGTGGTA-1	T	1
ACCGAATTCTCATCCG-1	NK	13
ACCGCAGAGAACCATA-1	NK	13
ACCGCAGAGCTCGTTA-1	B	10
ACCGCAGCAGTAGGCA-1	B	3
ACCGCAGGTACTTCGA-1	T	5
ACCGCAGGTGCTGGCT-1	NK	13
ACCGCAGGTGTTGTTG-1	T	12
ACCGCAGGTTGCAGCC-1	T	11
ACCGCAGTCATTCGGA-1	T	7
ACCGCAGTCCGATGCG-1	T	7
ACCGCAGTCCTTGACC-1	T	6
ACCGCAGTCGATGTGT-1	T	0
ACCGCAGTCGCAAGCC-1	T	1
ACCGCAGTCTCCTTGG-1	T	14
ACCGGGTAGTGAGTGC-1	T	0
ACCGGGTAGTTACACC-1	T	9
ACCGGGTCAAGACTTC-1	T	15
ACCGGGTCACAGTTCA-1	T	4
ACCGGGTCACGCCGAT-1	T	12
ACCGGGTCACTTGCGG-1	B	3
ACCGGGTCATTCTCGC-1	T	7
ACCGGGTGTAAGGTCG-1	NK	2
ACCGGGTGTAGTACAA-1	B	3
ACCGGGTGTTAGTAGA-1	NK	13
ACCGGGTGTTCTACGA-1	T	8
ACCGGGTTCCTTTGAT-1	T	19
ACCGGGTTCGATCGCG-1	T	12
ACCGGGTTCGCATACA-1	T	0
ACCGGGTTCTCGTAGA-1	NK	13
ACCTGCTAGAACGCCA-1	T	16
ACCTGCTAGAGCGAAA-1	T	17
ACCTGCTCACACACCG-1	T	1
ACCTGCTGTACCGGCT-1	NK	13
ACCTGCTGTAGGGTTG-1	Epithelial	18
ACCTGCTTCATTCTCA-1	T	16
ACCTGCTTCCACGAGC-1	T	15
ACCTGCTTCGAGTTAC-1	T	14
ACCTGCTTCTCGCGTT-1	T	4
ACGGATTAGCTCGGCT-1	T	8
ACGGATTAGTCGATAA-1	T	17
ACGGATTCAACTCGTA-1	T	15
ACGGATTCACGCGATC-1	T	19
ACGGATTGTCAGAAAT-1	T	5
ACGGATTGTTGGAGGT-1	B	3
ACGGATTGTTTAGGAA-1	NK	13
ACGGATTTCAAGTTGC-1	T	14
ACGTGGCAGAGTGGAA-1	T	15
ACGTGGCAGCCCATGC-1	T	19
ACGTGGCAGTACAACA-1	B	10
ACGTGGCAGTTACACC-1	T	12
ACGTGGCCAAGGACCA-1	B	3
ACGTGGCCACGTACAT-1	T	5
ACGTGGCCATCACAGT-1	B	3
ACGTGGCGTAAGCCGA-1	T	7
ACGTGGCGTACGCCCA-1	T	5
ACGTGGCGTCACATTG-1	NK	13
ACGTGGCGTTAACCGT-1	T	17
ACGTGGCTCATCGCAA-1	T	1
ACGTGGCTCCGCGATG-1	B	10
ACGTTAGAGTCGAAAT-1	T	12
ACGTTAGCACCTGGTG-1	T	1
ACGTTAGCACGGCCAT-1	T	4
ACGTTAGGTACCGGCT-1	T	6
ACGTTAGGTCAATACC-1	T	1
ACGTTAGGTCTGTCCT-1	T	0
ACGTTAGGTTCACGTA-1	T	9
ACGTTAGTCCAAACCA-1	NK	13
ACTAACGCAAGTCTGT-1	B	3
ACTAACGCACTGTTAG-1	B	3
ACTAACGGTGAAACAT-1	T	7
ACTAACGGTGCGTCCA-1	T	11
ACTAACGGTTCTTATC-1	T	11
ACTAACGTCAAATGGA-1	T	17
ACTAACGTCAGGAAGC-1	T	12
ACTAACGTCTCGACCT-1	T	8
ACTAACGTCTTACGGA-1	B	3
ACTAACGTCTTATCAC-1	T	6
ACTACCCCAAGCGTCC-1	T	5
ACTACCCCAGGGTAAC-1	B	3
ACTACCCCAGGTAGCA-1	T	1
ACTACCCGTCCCGTGA-1	T	19
ACTACCCGTTACCACA-1	B	3
ACTACCCGTTCTACCC-1	T	1
ACTACCCGTTGGTAAA-1	NK	13
ACTACCCTCAGCCGAC-1	T	5
ACTACCCTCCCACGGA-1	T	12
ACTACCCTCCTGTAGA-1	T	14
ACTACCCTCTGGCCAG-1	B	3
ACTACGAAGAATCAAC-1	T	8
ACTACGAAGGTTGACG-1	B	3
ACTACGACAGGACCTC-1	T	7
ACTACGACAGGTCTGC-1	B	10
ACTACGACATTCACGA-1	T	19
ACTACGAGTATCCTTT-1	B	10
ACTAGGTAGAACCATA-1	T	17
ACTAGGTAGGGAGTTC-1	T	14
ACTAGGTAGTTAGCGG-1	T	17
ACTAGGTCACACTAGT-1	T	12
ACTAGGTGTAGTTTGC-1	T	1
ACTAGGTGTCGTCGCA-1	B	10
ACTAGGTGTGTGCTTA-1	NK	2
ACTAGGTGTTATAGAG-1	T	15
ACTAGGTGTTTGTAGC-1	T	4
ACTAGGTTCAGTCAAC-1	T	9
ACTAGGTTCCCGATTC-1	T	11
ACTAGGTTCCCGTATC-1	T	15
ACTAGGTTCTCATATC-1	T	4
ACTATTCAGCTCCATA-1	T	8
ACTATTCAGTGATCTC-1	Epithelial	18
ACTATTCCATCCTGGG-1	NK	2
ACTATTCCATGGATGG-1	B	3
ACTATTCGTCTAACCA-1	T	15
ACTATTCGTGTTGGTT-1	T	5
ACTATTCTCCGAGAGA-1	T	17
ACTATTCTCGTCGCAG-1	T	0
ACTCGGGAGAAAGCAG-1	T	12
ACTCGGGAGATTACGA-1	T	19
ACTCGGGAGGCCAATG-1	T	17
ACTCGGGAGGGTGTTG-1	T	15
ACTCGGGAGTCGCCTG-1	NK	13
ACTCGGGCAAGCAATA-1	T	14
ACTCGGGCAAGCCAGA-1	NK	13
ACTCGGGCACACACAT-1	T	16
ACTCGGGCACTCAGCG-1	T	14
ACTCGGGCACTCGTGG-1	T	0
ACTCGGGGTAGCATGG-1	T	12
ACTCGGGGTATATGGA-1	B	3
ACTCGGGGTATGTCCA-1	T	15
ACTCGGGGTCAATACC-1	T	9
ACTCGGGGTCTCTAAG-1	T	12
ACTCGGGGTGCAAAGC-1	T	19
ACTCGGGGTTCTACGA-1	T	17
ACTCGGGGTTCTGAGT-1	T	5
ACTCGGGTCAGTCTTT-1	T	14
ACTCGGGTCCGGAAAG-1	B	3
ACTCGGGTCTCAGATG-1	T	17
ACTGCAAAGATGCGAC-1	T	8
ACTGCAAAGGATGTCG-1	T	7
ACTGCAAAGTTTGGAA-1	T	9
ACTGCAACAACAACTC-1	T	8
ACTGCAACAATAGCGG-1	NK	2
ACTGCAACACAACGGA-1	T	9
ACTGCAACAGAACTTC-1	T	6
ACTGCAACATGGTAAA-1	T	1
ACTGCAACATTAGCAC-1	B	10
ACTGCAACATTAGCCA-1	T	1
ACTGCAAGTAGGTGAC-1	T	12
ACTGCAAGTCATAGAA-1	T	4
ACTGCAAGTGCGTTTA-1	T	14
ACTGCAAGTTCTGAAC-1	T	12
ACTGCAAGTTGCTTGA-1	B	3
ACTGCAATCAGTGTGT-1	T	5
ACTGCAATCGCATAAC-1	T	15
ACTGCAATCGGCTATA-1	B	10
ACTGCAATCGTGATAC-1	T	0
ACTGCAATCTGAACGT-1	T	11
ACTGCGGAGGAAACTT-1	B	3
ACTGCGGCAAGAGATT-1	T	1
ACTGCGGCATTTGGTG-1	T	8
ACTGCGGGTAATGTGA-1	T	9
ACTGCGGGTACGACCC-1	T	15
ACTGCGGTCAATGCAC-1	T	4
ACTGCGGTCACAACAC-1	T	1
ACTGCGGTCCATTGTT-1	NK	13
ACTGTCCAGCCGCTGT-1	NK	13
ACTGTCCAGTAACATG-1	T	12
ACTGTCCAGTCCAGAG-1	NK	13
ACTGTCCAGTGAAGGA-1	T	0
ACTGTCCCAAGCGTCC-1	T	4
ACTGTCCTCAATCGTG-1	B	3
ACTGTCCTCGACGGAA-1	T	19
ACTGTCCTCGATGTGT-1	T	6
ACTTCCGAGCACACCC-1	T	1
ACTTCCGAGTCGGGAT-1	T	14
ACTTCCGAGTTCGACT-1	T	12
ACTTCCGCACCTGAAT-1	T	16
ACTTCCGGTAACGGTG-1	T	17
ACTTCCGGTCTGTTGA-1	T	19
ACTTCCGTCCGTCAAA-1	T	8
ACTTCCGTCGGTCCGA-1	T	1
ACTTCCGTCTTGTGCC-1	NK	2
ACTTTCAAGACTAATG-1	T	1
ACTTTCACAAGATTAG-1	T	12
ACTTTCACACGCGCAT-1	T	14
ACTTTCACATTCCCGT-1	T	15
ACTTTCACATTTGGTG-1	T	7
ACTTTCAGTAGAGAGA-1	T	14
ACTTTCAGTATTCTCT-1	T	14
ACTTTCAGTTCCGCGA-1	T	6
ACTTTCATCATGAACC-1	T	17
ACTTTCATCGGAGTTT-1	T	15
ACTTTCATCTCTGCGT-1	T	17
AGACAAAAGACTTGAA-1	T	11
AGACAAAAGGATCCTT-1	T	4
AGACAAACACTTACAG-1	T	19
AGACAAACAGCGCGTT-1	T	8
AGACAAACATTTCTTG-1	T	14
AGACAAAGTTCATTTC-1	NK	2
AGACAAATCCAACGCG-1	T	17
AGACAAATCCAGGTAT-1	T	1
AGACAAATCTCGTAGA-1	NK	13
AGATAGAAGAAATGGG-1	T	8
AGATAGAAGTCTCTAG-1	T	1
AGATAGACAGGTAGCA-1	T	11
AGATAGACATATAGAG-1	T	9
AGATAGAGTCTGGGAA-1	T	19
AGATAGAGTGAGGGTT-1	T	9
AGATAGAGTTTAGACC-1	T	15
AGATAGATCACATCCC-1	T	8
AGATAGATCAGTCACA-1	T	11
AGATAGATCCAACCTC-1	B	3
AGATAGATCGAGCGCT-1	B	10
AGATTCGAGGGCGAAG-1	T	7
AGATTCGAGTTCAACC-1	T	16
AGATTCGCAAAGAAGG-1	T	15
AGATTCGCAATGGCTT-1	T	4
AGATTCGCACACGGTC-1	T	4
AGATTCGCAGCTATAC-1	T	5
AGATTCGCATCAACTG-1	T	15
AGATTCGGTACCTATG-1	T	4
AGATTCGGTCATCGTA-1	T	11
AGATTCGTCAAGTTGC-1	T	8
AGCCAGCAGAACTCCT-1	T	1
AGCCAGCAGCGATACG-1	T	8
AGCCAGCCACTGCTTC-1	NK	13
AGCCAGCGTGATAGAT-1	T	19
AGCCAGCGTTCTGAGT-1	T	5
AGCCAGCTCACATTCT-1	T	17
AGCCAGCTCATCGCAA-1	T	4
AGCCAGCTCGGGAATG-1	T	1
AGCCCGAAGTGAGCTG-1	T	15
AGCCCGACAAGCGAAC-1	T	8
AGCCCGACAGGTGTGA-1	T	5
AGCCCGACAGTGGTCC-1	B	3
AGCCCGAGTACTAGAA-1	T	8
AGCCCGAGTAGCATGG-1	T	19
AGCCCGAGTCGAGGTA-1	T	9
AGCCCGATCGCAGATT-1	NK	2
AGCCCGATCGCATACA-1	T	12
AGCCCGATCGGACGAA-1	B	3
AGCCCGATCGTCCCTA-1	T	11
AGCCCGATCTCTTCCT-1	T	6
AGCCGCAAGAGCGAAA-1	T	0
AGCCGCAAGTTGCCGC-1	T	17
AGCCGCACACAGGAAC-1	T	7
AGCCGCACACTGATAC-1	T	4
AGCCGCAGTCTCAAAC-1	T	4
AGCCGCAGTTCTTTGT-1	T	5
AGCCGCATCCTTCGAC-1	T	5
AGCCGCATCGTTCAGA-1	T	15
AGCCGCATCTCGCGGA-1	T	14
AGCCTCTAGAGAAGCA-1	T	11
AGCCTCTAGGATGTAT-1	T	12
AGCCTCTAGGGTTCTT-1	T	8
AGCCTCTAGTACTCTG-1	T	1
AGCCTCTAGTAGAAGG-1	T	9
AGCCTCTAGTCCGGAA-1	T	4
AGCCTCTCAATAGTGA-1	T	4
AGCCTCTGTAGAAGCC-1	T	1
AGCCTCTGTCAGACGA-1	T	14
AGCCTCTGTGCATTGT-1	T	1
AGCCTCTTCAAATGGA-1	T	17
AGCCTGGAGGACCGAT-1	T	16
AGCCTGGAGGCAAGGG-1	T	7
AGCCTGGAGTAACACA-1	T	16
AGCCTGGCAAAGGAAG-1	T	16
AGCCTGGCAAGCAACG-1	T	15
AGCCTGGCAGAGTCGA-1	T	8
AGCCTGGGTACAAATG-1	T	7
AGCCTGGGTAGCAGGT-1	T	17
AGCCTGGGTAGCGAGT-1	T	9
AGCCTGGGTCTAACCA-1	T	17
AGCCTGGGTTCCCAAA-1	T	17
AGCCTGGGTTTGTAGC-1	B	10
AGCCTGGTCAAACCAC-1	T	0
AGCCTGGTCGCGTTCT-1	NK	13
AGCCTGGTCGGGCTCA-1	T	8
AGCCTGGTCTCCACTG-1	T	14
AGCCTTCAGATCTAAG-1	T	7
AGCCTTCAGCGTGTTT-1	T	0
AGCCTTCAGGGAAGCG-1	T	19
AGCCTTCCAAGCACTT-1	T	14
AGCCTTCCACAATAAG-1	T	12
AGCCTTCCAGGACTGA-1	B	3
AGCCTTCGTATGGGTG-1	T	12
AGCCTTCGTATTCTTC-1	T	4
AGCCTTCGTGTCCTTC-1	B	3
AGCCTTCGTTTCTCTA-1	T	11
AGCCTTCGTTTGACCA-1	T	17
AGCCTTCTCACTGATG-1	T	7
AGCCTTCTCGTCGCAG-1	B	10
AGCGATTAGAAACGCC-1	T	7
AGCGATTAGACACTTC-1	NK	13
AGCGATTAGATATGAC-1	T	7
AGCGATTAGTCTAGAA-1	T	17
AGCGATTAGTGGTGTG-1	T	1
AGCGATTCAAGGAAGA-1	T	16
AGCGATTCAATACTGC-1	T	9
AGCGATTCAGGTGTGA-1	NK	2
AGCGATTCAGTCAGCC-1	T	1
AGCGATTGTGTTTCTT-1	T	15
AGCGATTTCGCCGAAC-1	NK	13
AGCGATTTCGGTACTA-1	B	3
AGCGATTTCTCCTTGG-1	T	15
AGCGATTTCTGGAAGG-1	T	7
AGCGATTTCTTGTACT-1	B	3
AGCGTATAGCGTCTGC-1	T	5
AGCGTATAGGTTACAA-1	T	8
AGCGTATCACCGAAAG-1	T	1
AGCGTATCACGCGCAT-1	T	16
AGCGTATGTTAACTCG-1	B	3
AGCGTATGTTGTATCG-1	T	9
AGCGTATGTTGTGAGG-1	T	7
AGCGTATTCCATGTTT-1	T	14
AGCGTATTCCATTGTT-1	T	9
AGCGTATTCCTGTAGA-1	B	3
AGCGTATTCGAGAACG-1	T	17
AGCGTATTCGCTTACC-1	T	15
AGCGTATTCTGCCGAG-1	NK	13
AGCGTATTCTTAGTGG-1	T	0
AGCGTGCAGAGCTACG-1	T	0
AGCGTGCAGCAGGACT-1	T	0
AGCGTGCAGGGTCTGA-1	T	0
AGCGTGCAGTCCAGAG-1	T	12
AGCGTGCAGTCCGGAA-1	T	7
AGCGTGCCAATACTGC-1	T	9
AGCGTGCCACTAGCCG-1	T	15
AGCGTGCCACTTTGGA-1	T	9
AGCGTGCCAGCAGGTA-1	T	14
AGCGTGCCATCCCAAA-1	T	7
AGCGTGCCATGGCCCA-1	B	3
AGCGTGCGTCCGAGCT-1	T	5
AGCGTGCGTTCTTAGG-1	T	12
AGCGTGCTCATTCTTG-1	T	1
AGCGTGCTCCTGACCT-1	NK	2
AGCGTGCTCGGGAATG-1	B	10
AGCGTGCTCTAGCTGA-1	T	4
AGCTATGAGCGAGCTA-1	T	17
AGCTATGAGTACCACT-1	T	11
AGCTATGCAAATAGTG-1	B	3
AGCTATGCAATGCATC-1	T	15
AGCTATGGTAGAATAC-1	T	19
AGCTATGGTGACAAGC-1	T	15
AGCTATGGTGGATTCT-1	T	9
AGCTATGGTGGATTTC-1	T	1
AGCTATGTCAAAGTAG-1	T	4
AGCTATGTCCGGACTG-1	NK	2
AGCTATGTCGTGATAC-1	T	19
AGCTATGTCTTCAGAG-1	T	9
AGCTGATAGGAGTACC-1	B	3
AGCTGATAGGATTGCG-1	T	1
AGCTGATAGTAGACCG-1	T	11
AGCTGATAGTCAACTC-1	T	6
AGCTGATCAAGGACCA-1	T	7
AGCTGATCAATTGGCT-1	T	14
AGCTGATCAGGACCTC-1	T	5
AGCTGATGTCACAGTT-1	T	4
AGCTGATGTGCTTACA-1	T	17
AGCTGATGTTTGTCTT-1	T	17
AGCTGATTCCATAACG-1	NK	2
AGCTGATTCCATAGGT-1	T	17
AGCTGATTCTCAGATG-1	T	19
AGCTGGCAGCATTCCA-1	T	1
AGCTGGCAGGCAAGCT-1	T	1
AGCTGGCCACGATATC-1	NK	2
AGCTGGCCATTTAGGC-1	T	5
AGCTGGCGTCCGGTAC-1	T	11
AGCTGGCGTTACCCAA-1	T	15
AGCTGGCTCCCAGTAA-1	B	10
AGCTGTACAAGCAATA-1	T	14
AGCTGTACACACACCG-1	T	15
AGCTGTACAGCCACGT-1	T	16
AGCTGTACATCATAGC-1	T	19
AGCTGTAGTAGAGAGA-1	T	15
AGCTGTAGTATGTTCG-1	T	8
AGCTGTAGTCAGTGTT-1	T	7
AGCTGTAGTTTCAGCA-1	B	3
AGCTGTATCAATTGGC-1	T	7
AGCTGTATCCCTATTA-1	Epithelial	18
AGGACGAAGAAGGGCG-1	T	15
AGGACGAAGGTTAGTA-1	NK	13
AGGACGACAAACGACG-1	B	3
AGGACGACAACGACAG-1	T	4
AGGACGACAAGCACTT-1	NK	13
AGGACGACAGCAACAG-1	T	14
AGGACGACAGGGTACA-1	NK	2
AGGACGAGTGTGCTTA-1	Epithelial	18
AGGACGATCCCAATAG-1	T	6
AGGACGATCCTGTGGG-1	T	0
AGGCCCAAGTCTAGAA-1	T	7
AGGCCCACAACAACTC-1	B	3
AGGCCCACACAAACGG-1	T	1
AGGCCCACACAATAAG-1	T	15
AGGCCCACAGGTGGTA-1	T	15
AGGCCCAGTACAAGCG-1	T	15
AGGCCCAGTATTCTCT-1	T	17
AGGCCCAGTCAGCAAG-1	T	12
AGGCCCATCAGAACGG-1	B	3
AGGCCCATCCAACCTC-1	T	7
AGGCCCATCGCGTGAC-1	T	12
AGGCCTGAGATTACGA-1	T	1
AGGCCTGAGTACAACA-1	NK	13
AGGCCTGAGTAGTTCC-1	T	11
AGGCCTGCAACGAGGT-1	T	17
AGGCCTGCAAGGACCA-1	T	19
AGGCCTGCAGAATGCG-1	B	3
AGGCCTGCAGGTCTGC-1	T	19
AGGCCTGCATGCTATG-1	T	0
AGGCCTGGTCAACGGA-1	T	14
AGGCCTGGTCGAGGTA-1	B	10
AGGCCTGGTGGAAAGA-1	Epithelial	18
AGGCCTGTCCTTTGCG-1	B	3
AGGCCTGTCTTCTTCC-1	T	9
AGGCGAAAGAAATCTG-1	T	1
AGGCGAAAGACGAAAG-1	T	19
AGGCGAAAGCCCATGC-1	T	7
AGGCGAAAGGCCTCGT-1	B	3
AGGCGAACAAATTGAG-1	NK	2
AGGCGAACAACGGACA-1	T	17
AGGCGAACAAGCGACA-1	T	15
AGGCGAACAGCAACGA-1	B	3
AGGCGAACAGGGTAAC-1	T	6
AGGCGAACATCCGTGG-1	T	11
AGGCGAAGTCCCGTGA-1	T	7
AGGCGAAGTTACGAAA-1	NK	13
AGGCGAATCGGGAATG-1	T	4
AGGCGAATCGTGCTTC-1	T	6
AGGCGTCAGCGAATAT-1	T	9
AGGCGTCAGCTACGTT-1	T	11
AGGCGTCAGGTAAGCC-1	T	7
AGGCGTCAGTACAACA-1	B	3
AGGCGTCGTATTGTCG-1	T	14
AGGCGTCTCCAAACCA-1	T	1
AGGCGTCTCCTCCCAA-1	T	9
AGGCGTCTCGGTCAGC-1	T	0
AGTCAACAGAAATTCG-1	T	19
AGTCAACAGACTAGGC-1	B	3
AGTCAACAGAGCAGCT-1	T	8
AGTCAACAGGCAGATC-1	NK	13
AGTCAACAGGCAGTAC-1	T	15
AGTCAACCACGCTAAT-1	T	4
AGTCAACCAGAGAGAA-1	T	17
AGTCAACGTTGTGACT-1	T	14
AGTCAACTCGCTCGGA-1	T	9
AGTCAACTCTATCTAC-1	T	6
AGTCCGGAGCAGAAAG-1	T	6
AGTCCGGAGTCTTAGC-1	T	1
AGTCCGGAGTTCGCGC-1	T	12
AGTCCGGAGTTGGAAT-1	T	5
AGTCCGGCAGCACATT-1	T	19
AGTCCGGCATACCCGG-1	NK	13
AGTCCGGGTATTCGCA-1	T	12
AGTCCGGTCCGCGATG-1	T	9
AGTCCGGTCCTAAGTG-1	T	8
AGTCCGGTCGCAGATT-1	T	19
AGTCCGGTCTCCACTG-1	T	9
AGTGCCGAGTGTAATG-1	T	5
AGTGCCGCAAGCAACG-1	T	6
AGTGCCGCAGGGCTTC-1	T	11
AGTGCCGCATCAACTG-1	NK	2
AGTGCCGTCATTGCCC-1	T	1
AGTGCGCAGAGGAATG-1	T	16
AGTGCGCAGCATTCCA-1	T	12
AGTGCGCAGCTACGTT-1	T	0
AGTGCGCAGGAAGGTA-1	T	17
AGTGCGCAGGGCTTCC-1	T	8
AGTGCGCAGTACAGTA-1	T	19
AGTGCGCGTACCTATG-1	T	5
AGTGCGCGTCACTCTC-1	T	19
AGTGCGCTCAATCGTG-1	T	6
AGTGCGCTCGCCACTT-1	T	4
AGTGCGCTCTGTAGAC-1	T	11
AGTGTACAGAAGAGTG-1	T	15
AGTGTACAGAGGCAGG-1	B	10
AGTGTACCAAACCTAC-1	T	5
AGTGTACCAAGCTTTG-1	T	16
AGTGTACCAAGGAGGG-1	Epithelial	18
AGTGTACCAATCAGGG-1	NK	2
AGTGTACCAGACTAAA-1	T	6
AGTGTACTCCTATCCG-1	NK	13
AGTGTACTCTCTTAAC-1	B	3
AGTGTACTCTTCCAGC-1	T	19
AGTTACGAGAGCGGTT-1	NK	2
AGTTACGAGTCCAGAG-1	T	4
AGTTACGAGTTACCAC-1	T	0
AGTTACGCAATGTGCT-1	T	19
AGTTACGCAATTGGCT-1	B	3
AGTTACGCACAGGTAG-1	T	1
AGTTACGCACATTGCA-1	T	6
AGTTACGCATCATCGA-1	T	14
AGTTACGGTCGACTGC-1	T	17
AGTTACGTCACAAGCT-1	NK	2
AGTTACGTCGTCCCAT-1	T	0
AGTTTGGAGCAATGTA-1	Epithelial	18
AGTTTGGAGTGTCGGA-1	T	7
AGTTTGGCAACTTGGT-1	T	9
AGTTTGGGTTACGGAG-1	B	3
AGTTTGGGTTCTTATC-1	NK	2
AGTTTGGTCCAGGTCG-1	T	5
AGTTTGGTCCTAAGTG-1	T	5
AGTTTGGTCTTCAGAG-1	B	10
ATAGGCTAGACAGTGC-1	T	6
ATAGGCTAGACTAGCG-1	T	5
ATAGGCTAGGTTCGAG-1	T	7
ATAGGCTCACCGAATT-1	T	9
ATAGGCTCAGCAGGTA-1	T	14
ATAGGCTCAGTGCTCG-1	NK	2
ATAGGCTGTATCATGC-1	B	10
ATAGGCTTCCATACGA-1	T	11
ATAGTCGCACACATTG-1	T	7
ATAGTCGCAGCTTACA-1	B	10
ATAGTCGCAGTTCGGC-1	T	15
ATAGTCGCATAGATAG-1	T	19
ATAGTCGGTCACCCGA-1	T	0
ATAGTCGGTTGCAGCC-1	Epithelial	18
ATAGTCGTCCTCATTA-1	T	16
ATAGTCGTCGTCTTAT-1	NK	13
ATATTCCAGAACTAAC-1	Epithelial	18
ATATTCCAGGGACGTT-1	T	12
ATATTCCAGGTCTTTG-1	NK	2
ATATTCCAGTCCAGAG-1	T	7
ATATTCCCAAGGTCGA-1	T	17
ATATTCCCATGGCCCA-1	T	15
ATATTCCGTCAGAGTG-1	T	14
ATATTCCGTGCGTAGA-1	B	3
ATATTCCGTTACACTG-1	T	5
ATATTCCGTTGAATAG-1	T	9
ATATTCCTCCCTACGT-1	T	11
ATATTCCTCGGGTCCA-1	B	3
ATATTCCTCGTCCCTA-1	Epithelial	18
ATATTCCTCTTAAGCG-1	T	14
ATCCAGAAGGACCGAT-1	T	7
ATCCAGACAAGGGTAC-1	Epithelial	18
ATCCAGACAATGATGA-1	T	1
ATCCAGACAGGGTAAC-1	T	12
ATCCAGACATACCCGG-1	T	4
ATCCAGACATCATGTG-1	T	19
ATCCAGAGTACATGGG-1	T	12
ATCCAGAGTCATCGTA-1	T	16
ATCCAGAGTGCAAGCA-1	T	9
ATCCAGATCCATCATT-1	T	1
ATCCAGATCTCTCAAT-1	T	8
ATCCCTGAGAAACGCC-1	T	4
ATCCCTGAGATCGAGC-1	T	12
ATCCCTGAGCTACGTT-1	T	19
ATCCCTGCAAGCAGGT-1	T	1
ATCCCTGCAGCTTACA-1	T	11
ATCCCTGCATGTAGAA-1	Epithelial	18
ATCCCTGGTGTGACCC-1	T	8
ATCCCTGGTTCCAGTA-1	T	14
ATCCCTGGTTGAATAG-1	T	1
ATCCCTGTCACACGTA-1	T	8
ATCCCTGTCGGATGTT-1	T	16
ATCCCTGTCGGCTATA-1	T	4
ATCCCTGTCTTGTGCC-1	T	1
ATCCTCGAGACTTGAA-1	T	7
ATCCTCGAGAGTGGAA-1	T	1
ATCCTCGAGATTCCGT-1	T	9
ATCCTCGAGTCCTTCC-1	T	7
ATCCTCGCAAGTAACA-1	T	0
ATCCTCGCACCCTTAC-1	T	8
ATCCTCGCATACCCGG-1	T	11
ATCCTCGGTAGGGTTG-1	B	10
ATCCTCGGTCCGCTTT-1	T	6
ATCCTCGGTGGATTCT-1	B	3
ATCCTCGTCGACTATG-1	T	11
ATCCTCGTCGGTTCCT-1	T	7
ATCCTCGTCTCCAACC-1	T	17
ATCCTGCAGAGAGTAG-1	T	9
ATCCTGCAGCCTCGCA-1	NK	2
ATCCTGCAGCGTCAAG-1	T	14
ATCCTGCAGGATCCTT-1	T	15
ATCCTGCAGTTAGAGT-1	T	16
ATCCTGCCAAGTTGCT-1	T	1
ATCCTGCCACCTATTT-1	T	15
ATCCTGCCAGTGGTCC-1	T	5
ATCCTGCTCAAGAGGC-1	T	16
ATCCTGCTCCGATTGA-1	T	4
ATCCTGCTCGCACCGA-1	B	3
ATCCTGCTCTCAGATG-1	T	8
ATCGAGTAGCAATGTA-1	T	8
ATCGAGTAGTATACGA-1	T	4
ATCGAGTAGTCTCTAG-1	T	19
ATCGAGTAGTTATGAG-1	T	12
ATCGAGTCAAGTCTGT-1	B	3
ATCGAGTGTATACGCT-1	B	3
ATCGAGTGTATGCTAC-1	T	19
ATCGAGTGTCAGACGA-1	T	12
ATCGAGTGTCTTAGCA-1	T	16
ATCGAGTGTGTGTGTT-1	T	9
ATCGAGTTCACTAGCA-1	NK	2
ATCGAGTTCCAACCTC-1	T	14
ATCGAGTTCGAGGCTC-1	T	14
ATCGAGTTCGGTCTAA-1	T	14
ATCGAGTTCTGTTGCC-1	B	3
ATGCATGAGAGGTGGG-1	NK	13
ATGCATGAGGCGATTG-1	T	0
ATGCATGAGGTGTTGG-1	T	11
ATGCATGAGGTTGTGG-1	T	9
ATGCATGCAAGTCTCA-1	T	7
ATGCATGCAGTGCGAA-1	T	7
ATGCATGCATATAGAG-1	T	19
ATGCATGGTAGGTGAC-1	B	10
ATGCATGGTCTGTTGA-1	T	9
ATGCATGGTTCTTTCA-1	NK	2
ATGCATGTCACGGGTC-1	T	1
ATGCATGTCAGTCAAC-1	T	11
ATGCATGTCTATTGTC-1	T	8
ATGGATCAGATATGAC-1	T	7
ATGGATCAGGAGTACC-1	T	7
ATGGATCAGGCTAAAT-1	Epithelial	18
ATGGATCAGGTTGTTC-1	T	0
ATGGATCGTAGAAGCC-1	T	14
ATGGATCGTCTGTCCT-1	T	8
ATGGATCGTTCCAATG-1	B	3
ATGGATCGTTCTTATC-1	T	17
ATGGATCGTTTCACCC-1	T	0
ATGGATCTCACGGGTC-1	T	1
ATGGATCTCCATCGAA-1	T	9
ATGGATCTCCGCGATG-1	NK	13
ATGGATCTCGTGGCGT-1	T	16
ATGGATCTCTTGGCCT-1	T	0
ATGTACGAGCTGAGGT-1	T	19
ATGTACGCACATTGCA-1	T	16
ATGTACGGTAGATTAG-1	T	7
ATGTACGGTGATGCTT-1	T	0
ATGTACGTCACGTCAA-1	NK	2
ATGTACGTCGCGTTCT-1	B	3
ATGTACGTCGGATGTT-1	T	15
ATGTCGAAGAAAGGGT-1	T	5
ATGTCGAAGAGAACCC-1	T	6
ATGTCGAAGATCGATA-1	T	9
ATGTCGACACATATCG-1	T	19
ATGTCGACACGAACGA-1	T	9
ATGTCGACACTAAACC-1	T	14
ATGTCGAGTACCCATA-1	T	16
ATGTCGATCGTATAGC-1	T	0
ATGTCTTAGGAGACTC-1	T	1
ATGTCTTAGGCATGCA-1	T	7
ATGTCTTAGGGTCCCT-1	B	10
ATGTCTTAGGTGATGC-1	B	3
ATGTCTTAGTAATGTG-1	T	1
ATGTCTTCAAGCGAAC-1	T	9
ATGTCTTCAGGTAGCA-1	T	15
ATGTCTTCATCCATAG-1	T	0
ATGTCTTGTACGCCCA-1	T	1
ATGTCTTTCGGATAGG-1	T	11
ATGTTTCAGAGTTCGG-1	T	16
ATGTTTCAGTACAACA-1	B	3
ATGTTTCAGTGCTAGG-1	T	0
ATGTTTCCACTCAAGT-1	T	8
ATGTTTCCAGCAACGA-1	T	8
ATGTTTCGTGCTGTCG-1	T	12
ATGTTTCGTTCCCTTG-1	T	1
ATGTTTCTCTGGCACG-1	T	14
ATTACCTAGCCTCGCA-1	T	6
ATTACCTAGGGAAGCG-1	T	1
ATTACCTAGTCGTACT-1	T	1
ATTACCTCAAGATGCG-1	T	8
ATTACCTCAAGCGAAC-1	T	1
ATTACCTGTCGAGAAC-1	NK	2
ATTACCTGTTGTATCG-1	T	1
ATTACCTTCCATCTAT-1	T	8
ATTACCTTCCTATCAT-1	T	7
ATTACCTTCGCACAAT-1	T	15
ATTACTCAGACTCTTG-1	T	0
ATTACTCAGAGAATTC-1	NK	2
ATTACTCAGCGCCTAC-1	B	3
ATTACTCAGTACCCAT-1	T	0
ATTACTCCACAAACAA-1	T	17
ATTACTCCAGGATGTG-1	T	19
ATTACTCGTGGCCTCA-1	NK	13
ATTACTCGTTGAATAG-1	NK	13
ATTACTCTCACTCGGG-1	T	15
ATTACTCTCAGTCACA-1	T	0
ATTCGTTAGAGGCGGA-1	T	8
ATTCGTTAGGGTCTGA-1	B	3
ATTCGTTAGTGATATG-1	NK	2
ATTCGTTCATCAGAAA-1	T	16
ATTCGTTTCACCGCGA-1	T	7
ATTCGTTTCCATTGAG-1	T	0
ATTCGTTTCTCTGAGA-1	T	0
ATTGTCTAGAACCATA-1	T	4
ATTGTCTAGCTGAATA-1	B	10
ATTGTCTAGGAAGACA-1	T	11
ATTGTCTAGGCAGTGT-1	T	0
ATTGTCTAGTGAGCAC-1	B	10
ATTGTCTCAAAGGAAG-1	T	9
ATTGTCTCACAAGTGG-1	T	9
ATTGTCTCATGGCCCA-1	NK	2
ATTGTCTGTCCCTTTG-1	T	17
ATTGTCTGTCTGGGCT-1	NK	2
ATTGTCTGTGACCAGA-1	T	0
ATTGTCTGTTCTGAGT-1	T	17
ATTGTCTTCAAGAGGC-1	B	3
ATTGTCTTCCCATAGA-1	T	15
ATTGTCTTCCTTGACC-1	T	12
ATTGTCTTCGCACAAT-1	T	9
ATTGTCTTCGGGCTCA-1	T	5
ATTGTCTTCGTGCTTC-1	T	8
ATTGTCTTCTTCCACG-1	T	1
ATTGTCTTCTTCTCTC-1	T	11
ATTGTGGAGCGCAATG-1	T	4
ATTGTGGAGGAGAACA-1	T	1
ATTGTGGAGTACAGTA-1	T	15
ATTGTGGCAAACCGAG-1	T	0
ATTGTGGCAAGACTTC-1	T	17
ATTGTGGCAAGGTCGA-1	T	15
ATTGTGGCAAGTCTGT-1	B	3
ATTGTGGCAATTCGTG-1	NK	2
ATTGTGGCACCAAGGA-1	T	5
ATTGTGGCATACCCGG-1	T	1
ATTGTGGGTCCGAGCT-1	T	5
ATTGTGGGTTACTACG-1	T	7
ATTGTGGGTTCTGATG-1	T	11
ATTGTGGTCCAGGCCA-1	B	3
ATTTGTCAGCGCGTTC-1	Epithelial	18
ATTTGTCCACCCTTAC-1	T	0
ATTTGTCCATGGTTTG-1	T	4
ATTTGTCGTAAGCCGA-1	T	12
ATTTGTCGTCAGACGA-1	T	17
ATTTGTCGTCCAACCG-1	B	3
ATTTGTCGTCCTCAGG-1	T	9
ATTTGTCGTGATGCGA-1	T	11
ATTTGTCGTGGGTAGT-1	T	15
ATTTGTCGTGTAGGAC-1	B	3
ATTTGTCTCATGCTTT-1	T	16
ATTTGTCTCCATATCT-1	T	1
ATTTGTCTCGGGAAAC-1	T	1
ATTTGTCTCTGAGTCA-1	T	15
ATTTGTCTCTTTATCG-1	T	8
CAAAGCTAGAAGCCGT-1	T	15
CAAAGCTCAATGCACT-1	T	1
CAAAGCTCAGCCGAAA-1	T	8
CAAAGCTGTCAATCCA-1	T	7
CAAAGCTGTTCTTTGT-1	NK	2
CAAAGCTGTTGGAGGT-1	T	19
CAAAGCTTCACTTACT-1	B	3
CAAAGCTTCTCCACTG-1	T	16
CAACCAAAGAACGCCA-1	T	19
CAACCAAAGAAGCCGT-1	T	8
CAACCAAAGACTAGGC-1	NK	13
CAACCAAAGGTACATA-1	T	11
CAACCAAAGTAGCAAT-1	T	5
CAACCAACAGCTATAC-1	T	17
CAACCAAGTGGAAGCT-1	T	17
CAACCAAGTGGATTCT-1	T	16
CAACCAAGTGTCTACA-1	NK	13
CAACCAAGTTAAGTCC-1	T	9
CAACCAAGTTCGGGAA-1	T	14
CAACCAAGTTCTACCC-1	T	9
CAACCAATCAGTCACA-1	T	0
CAACGGCAGACCCTAT-1	NK	13
CAACGGCAGCCTCGCA-1	T	11
CAACGGCAGTATCTGC-1	T	1
CAACGGCCAACGTACT-1	T	15
CAACGGCCAAGACTAA-1	T	4
CAACGGCCATCATCGA-1	T	17
CAACGGCTCGCGGCAT-1	Epithelial	18
CAACGTAAGCGAGCTA-1	T	17
CAACGTAAGGCAAGCT-1	T	19
CAACGTAAGTGTCGCC-1	T	1
CAACGTACAAAGAGAG-1	T	14
CAACGTAGTACATGGG-1	T	8
CAACGTAGTGGATTTC-1	NK	13
CAACGTAGTGTTGGTT-1	T	8
CAACGTATCGCGTTCT-1	B	3
CAACGTATCTACCCGT-1	NK	13
CAACGTATCTGGAAGG-1	T	12
CAAGAAAAGTACTCTG-1	T	0
CAAGAAAAGTAGCAAT-1	T	15
CAAGAAAAGTCGGGAT-1	T	4
CAAGAAACAAATTGAG-1	T	0
CAAGAAACACAGGAAC-1	T	17
CAAGAAACATTGTGAC-1	T	19
CAAGAAAGTCAAATCC-1	T	1
CAAGAAAGTCTCAAAC-1	B	3
CAAGAAAGTTAACCGT-1	NK	2
CAAGAAAGTTACGGAG-1	T	14
CAAGAAATCACGATTG-1	T	19
CAAGAAATCAGAATGA-1	T	7
CAAGAAATCAGTCAAC-1	T	5
CAAGAAATCCATTGAG-1	T	7
CAAGAAATCCCGAAGC-1	T	15
CAAGCTACAAACAGTA-1	T	4
CAAGCTACAACAACTC-1	T	14
CAAGCTACAAGGAAGA-1	T	11
CAAGCTAGTCATGAGG-1	NK	13
CAAGCTAGTTGTATCG-1	T	5
CAAGCTATCTGAACGT-1	B	3
CAAGGCCAGAATATCG-1	NK	2
CAAGGCCAGAGTGGAA-1	B	3
CAAGGCCAGATTGACA-1	T	19
CAAGGCCAGCGCAATG-1	T	19
CAAGGCCAGCTAGTTC-1	T	11
CAAGGCCAGTCGCCTG-1	T	7
CAAGGCCCAAGGCGTA-1	T	0
CAAGGCCCAAGTCTGT-1	T	8
CAAGGCCCACAAGTGG-1	T	4
CAAGGCCCACCTGTGG-1	T	15
CAAGGCCGTAAGTCTC-1	NK	2
CAAGGCCGTACAAGCG-1	T	4
CAAGGCCGTACCCATA-1	T	15
CAAGGCCGTAGCTGTT-1	T	0
CAAGGCCGTTGTGAGG-1	T	11
CAAGGCCGTTTCCACC-1	B	3
CAAGGCCGTTTGGATC-1	T	8
CAAGGCCTCCAGTTAG-1	T	17
CAAGGCCTCCTGGGAC-1	T	16
CAAGGCCTCTCTTCTC-1	B	10
CAATCCCCACACATGT-1	T	7
CAATCCCCACGAACGA-1	B	10
CAATCCCCACGTTGTA-1	T	1
CAATCCCCACTTATGG-1	B	3
CAATCCCGTCCTATTT-1	T	1
CAATCCCTCAAACCAC-1	T	12
CAATCCCTCTCGTAGA-1	T	5
CACAACAAGTGATCTC-1	T	5
CACAACACAAAGGAAG-1	T	17
CACAACACAACGCACC-1	T	4
CACAACACATCAGCTA-1	B	10
CACAACACATCGCTAA-1	T	1
CACAACAGTACTTCGA-1	T	7
CACAACAGTGCTGTGC-1	T	19
CACAACAGTGCTTGAT-1	T	6
CACAACAGTTTCGACA-1	T	15
CACAACAGTTTGGATC-1	T	15
CACAACATCAAGTTGC-1	T	1
CACAACATCCAGGGAA-1	T	17
CACAACATCCGGAAAG-1	T	7
CACAACATCCTAGAGT-1	T	1
CACAACATCGATAGGG-1	T	19
CACAACATCTTGTCGC-1	T	14
CACAGATAGGCTCCTG-1	T	5
CACAGATAGTCTCTAG-1	T	7
CACAGATAGTTGCTTG-1	T	15
CACAGATCAAAGAAGG-1	T	15
CACAGATCACCGATCG-1	T	11
CACAGATCACTACACA-1	B	3
CACAGATCATAGTCCA-1	T	11
CACAGATGTAAACGGC-1	T	6
CACAGATGTAACAATG-1	T	15
CACAGATGTCTAACCA-1	T	19
CACAGATGTCTGTGTA-1	T	4
CACAGATGTGGACCAA-1	T	1
CACAGATGTTTCGATG-1	T	16
CACAGATGTTTGTCTT-1	T	11
CACAGATTCATGAACC-1	T	17
CACATGAAGGTAAGCC-1	T	0
CACATGACACAATAAG-1	B	3
CACATGAGTAACAATG-1	T	1
CACATGAGTCAGGTGA-1	T	8
CACATGAGTGCCCAGT-1	NK	13
CACATGAGTTTGCCCT-1	T	11
CACATGATCATCGCTC-1	B	10
CACATGATCCAGTTAG-1	T	1
CACATGATCGACTCGG-1	T	5
CACCACTAGCGCAATG-1	T	1
CACCACTCACACTAGT-1	T	12
CACCACTCATATTGGC-1	T	7
CACCACTCATGCGTTA-1	T	9
CACCACTGTACAACGG-1	T	5
CACCACTGTTACCACA-1	B	10
CACCACTTCCAACAAC-1	T	17
CACCACTTCGAGCGCT-1	T	15
CACCACTTCGGTCAGC-1	T	5
CACCACTTCTGTTGCC-1	T	19
CACCACTTCTTAACGG-1	T	15
CACCTGTAGAACAGGA-1	T	1
CACCTGTAGAACTAAC-1	NK	13
CACCTGTAGGGAGTTC-1	T	14
CACCTGTGTACCCACG-1	T	8
CACCTGTGTAGACGCA-1	T	7
CACCTGTTCCACGCTT-1	T	8
CACCTGTTCTATGAGC-1	T	14
CACCTTGAGAGCGAAA-1	T	7
CACCTTGAGGAACCGT-1	T	11
CACCTTGAGGTCACTT-1	T	5
CACCTTGCAACACGGA-1	T	5
CACCTTGCAATTAGGA-1	T	15
CACCTTGCACGTTACA-1	T	9
CACCTTGCACTCGGAC-1	NK	13
CACCTTGCAGGCAAGT-1	NK	13
CACCTTGGTCAGTGTT-1	T	1
CACCTTGTCAGTCACA-1	T	0
CACCTTGTCGAAGCCC-1	T	8
CACCTTGTCGTATAGC-1	T	0
CACCTTGTCTAAGGTC-1	NK	13
CACCTTGTCTCGCGTT-1	T	12
CACCTTGTCTCGTAGA-1	NK	13
CACGTTCAGACGAAAG-1	T	17
CACGTTCAGAGCAGCT-1	T	16
CACGTTCAGGCCTAAG-1	T	5
CACGTTCAGTCTCCAA-1	B	3
CACGTTCCAATAGTGA-1	B	3
CACGTTCCACATATCG-1	T	19
CACGTTCGTAAGTCTC-1	B	10
CACGTTCGTATATGGA-1	B	10
CACGTTCGTCAGTGCC-1	T	7
CACGTTCGTCTGGTCG-1	T	11
CACGTTCGTGCCAAGA-1	T	8
CACGTTCGTGTCCCAG-1	B	10
CACGTTCGTTGTATCG-1	T	1
CACGTTCTCGCATAAC-1	T	7
CACGTTCTCGTCTTAT-1	B	3
CACGTTCTCTACTGCC-1	NK	13
CACTAAGAGCAGAATT-1	T	8
CACTAAGAGCCTATAC-1	T	15
CACTAAGAGCGATACG-1	T	11
CACTAAGAGCTCCATA-1	T	12
CACTAAGCAAGCAACG-1	T	19
CACTAAGCACCTGAAT-1	T	1
CACTAAGGTACGAGAC-1	Epithelial	18
CACTAAGGTATTCTCT-1	NK	13
CACTAAGGTCAGAGTG-1	B	10
CACTAAGGTTCTTTCA-1	T	4
CACTAAGTCCGAATTG-1	NK	13
CACTAAGTCTACTGCC-1	T	4
CACTGAACAACGTCCG-1	NK	2
CACTGAACAGCGTCGT-1	T	14
CACTGAACAGTAACTC-1	T	7
CACTGAACATCTGCAA-1	B	3
CACTGAAGTAGAAAGG-1	T	4
CACTGAAGTAGACACG-1	Epithelial	18
CACTGAAGTAGCTGTT-1	T	0
CACTGAATCATAGGTC-1	T	8
CACTGAATCCGTTTCG-1	B	3
CACTGAATCTTGTGCC-1	T	16
CAGCCTTAGATGTTCC-1	T	15
CAGCCTTAGCGTAGCA-1	T	5
CAGCCTTAGGTGTTGG-1	NK	2
CAGCCTTAGTGAGCAC-1	NK	13
CAGCCTTCAATGATGA-1	T	4
CAGCCTTCATTGCACA-1	NK	2
CAGCCTTGTTTCCACC-1	B	3
CAGCCTTTCATTCGGA-1	T	0
CAGCCTTTCCTATCAT-1	T	16
CAGCCTTTCCTGACCT-1	T	5
CAGCCTTTCGTTCTAT-1	B	10
CAGCTAAAGATGTTCC-1	B	10
CAGCTAAAGGAAGACA-1	T	16
CAGCTAACAACTACTG-1	T	1
CAGCTAACAATGGTCT-1	T	17
CAGCTAACAGCGCGTT-1	B	3
CAGCTAAGTAACAATG-1	T	5
CAGCTAATCAAAGTAG-1	Epithelial	18
CAGCTAATCCGATGCG-1	T	5
CAGCTAATCTTCGTTA-1	T	7
CAGCTAATCTTGTCAT-1	T	17
CAGCTGGAGACCCATT-1	T	11
CAGCTGGAGGTTAGTA-1	T	15
CAGCTGGAGTAATGTG-1	T	19
CAGCTGGCAACTACTG-1	T	11
CAGCTGGCATGATTGC-1	B	3
CAGCTGGCATTAGCCA-1	T	19
CAGCTGGGTAAACCCT-1	T	17
CAGCTGGGTCAGACGA-1	NK	13
CAGCTGGGTGTAGGAC-1	T	15
CAGCTGGGTGTCCCAG-1	T	19
CAGCTGGGTTTGTCTT-1	T	19
CAGCTGGTCCTGTAGA-1	T	8
CAGCTGGTCTCGGCGA-1	T	16
CAGCTGGTCTGATCCC-1	NK	2
CAGGATTAGCGTCTGC-1	T	1
CAGGATTAGTAGTTCC-1	T	9
CAGGATTCAAGTCTGT-1	T	1
CAGGATTGTCAGCAAG-1	B	3
CAGGATTGTCGCGCTA-1	B	3
CAGGGCTAGACGACTG-1	T	11
CAGGGCTCAAGATTAG-1	T	12
CAGGGCTCAGTTGGAG-1	B	10
CAGGGCTGTAGAATAC-1	T	9
CAGGGCTGTCCGTCGA-1	T	17
CAGGGCTTCGACTATG-1	T	9
CAGGGCTTCTAAGGTC-1	T	8
CAGGGCTTCTGGACAT-1	T	12
CAGGGCTTCTTCACTA-1	T	9
CAGTATGAGAACGTTA-1	T	1
CAGTATGAGGGTGTTG-1	T	9
CAGTATGAGTAACTCC-1	T	0
CAGTATGCAAACCCTA-1	T	17
CAGTATGCAATCACTG-1	NK	13
CAGTATGCATAGCCAT-1	NK	2
CAGTATGGTCCCTAAA-1	B	3
CAGTATGGTCTAAGAA-1	T	17
CAGTATGGTTATGCAC-1	T	0
CAGTATGTCCAGGGAA-1	T	7
CAGTATGTCGCACCGA-1	T	4
CAGTATGTCTAGCAAC-1	T	5
CAGTATGTCTTAAGCG-1	T	19
CAGTGCGAGAAATGGG-1	T	9
CAGTGCGAGCCCATTA-1	T	6
CAGTGCGAGTTCGTTG-1	T	14
CAGTGCGCACATTCTT-1	T	16
CAGTGCGCATGTGGGA-1	B	10
CAGTGCGGTAGCGTTT-1	T	1
CAGTGCGGTCAGCTTA-1	T	17
CAGTGCGGTTGCTTGA-1	B	3
CAGTGCGTCAGATACC-1	T	17
CAGTGCGTCCGTTAGA-1	T	1
CAGTGCGTCCTGTAGA-1	T	11
CAGTGCGTCGGTCAGC-1	T	11
CAGTGTAAGTCATCTG-1	T	17
CAGTGTACAACACGGA-1	T	5
CAGTGTACAGGTGGTA-1	B	3
CAGTGTAGTACTAGAA-1	Epithelial	18
CAGTGTAGTCATCGTA-1	T	16
CAGTGTAGTGCGCATC-1	T	4
CAGTGTAGTGGCGCTT-1	T	4
CAGTGTATCGATTACG-1	T	9
CAGTGTATCGCTATAG-1	T	17
CATAACGCAGTAACCT-1	T	11
CATAACGTCCAGGTAT-1	T	19
CATAACGTCGCACCTT-1	T	0
CATAACGTCGCTTCAC-1	T	17
CATAACGTCTTAACGG-1	T	12
CATAACGTCTTGCGCT-1	T	17
CATGCCTAGGTTGTGG-1	T	11
CATGCCTAGTGAATAC-1	B	3
CATGCCTCAGCTTACA-1	T	6
CATGCCTCAGGCTACC-1	T	12
CATGCCTCATGGCCCA-1	T	11
CATGCCTGTAGCAGGT-1	B	3
CATGCCTGTAGTGATA-1	T	9
CATGCCTGTTGGTAAA-1	B	3
CATGCCTTCCTGTAGA-1	B	3
CATGTTTAGAACGTCG-1	B	10
CATGTTTAGATCGATA-1	T	8
CATGTTTAGATGCGCA-1	T	16
CATGTTTAGCGCCTAC-1	T	0
CATGTTTAGGGTCTGA-1	NK	13
CATGTTTCAAGGGTAC-1	T	7
CATGTTTCAAGTCTGT-1	T	6
CATGTTTCAATACTGC-1	T	1
CATGTTTCACACATTG-1	T	1
CATGTTTCACCGTCTT-1	T	9
CATGTTTCATCCCGGA-1	T	19
CATGTTTGTGTGCTTA-1	T	19
CATTCATAGACCTATC-1	T	19
CATTCATAGGGTTCCC-1	T	5
CATTCATAGTTCAACC-1	T	5
CATTCATCAAGCGGTA-1	T	7
CATTCATCAATTAGGA-1	NK	2
CATTCATCACGCGACT-1	T	4
CATTCATCAGACTAAA-1	T	8
CATTCATCATGGGAAC-1	T	17
CATTCATCATTGATGC-1	T	11
CATTCATGTACCGGCT-1	T	1
CATTCATGTATGCTAC-1	B	10
CATTCATGTCATGAGG-1	T	16
CATTCATGTTGTGACT-1	T	15
CATTCATTCAATTGGC-1	T	5
CATTCATTCACTCGGG-1	NK	13
CATTCATTCACTTACT-1	T	9
CATTCATTCATGTTCT-1	T	9
CATTCATTCGAACACT-1	T	15
CATTCATTCGCTGATA-1	T	17
CATTCATTCTCAGATG-1	T	11
CATTCCGCACCGAAAG-1	T	8
CATTCCGCAGTAACCT-1	T	1
CATTCCGGTAAGTGCG-1	T	5
CATTCCGGTCTTAGCA-1	T	12
CATTCCGGTGGTAGAC-1	B	3
CATTCCGGTTCGGGAA-1	T	9
CATTCCGTCACTTACT-1	T	9
CATTCCGTCCCGCAAG-1	T	9
CATTGGAAGATTACGA-1	NK	2
CATTGGAAGCGGACAT-1	T	8
CATTGGAAGGCCAATG-1	T	4
CATTGGAAGGGTAATT-1	NK	13
CATTGGAAGTACAGTA-1	B	10
CATTGGAAGTCACGCC-1	T	15
CATTGGACAACGACAG-1	T	9
CATTGGACAAGCAGGT-1	T	14
CATTGGACACAGTTCA-1	T	5
CATTGGACAGAAAGAG-1	T	9
CATTGGACATAGAATG-1	T	0
CATTGGAGTCAAGACG-1	T	0
CATTGGAGTCATTGGT-1	T	1
CATTGGAGTGGCCTTG-1	T	7
CATTGGATCAATGCAC-1	T	5
CATTGGATCCCACTAC-1	T	12
CATTGGATCGATGAAA-1	T	19
CCAATGAAGACCCATT-1	B	3
CCAATGAAGAGGAACA-1	T	4
CCAATGAAGGAGAACA-1	T	7
CCAATGAAGGCAGTAC-1	T	0
CCAATGACAGCCACGT-1	T	9
CCAATGACATGGGACA-1	T	8
CCAATGAGTCGTAATC-1	B	3
CCAATGAGTGAGTAAT-1	T	4
CCAATGATCAATTGGC-1	T	1
CCAATGATCCTGAAAC-1	T	0
CCACAGGAGAGACTCG-1	T	8
CCACAGGAGAGGCGGA-1	T	12
CCACAGGAGTAGACCG-1	T	9
CCACAGGCAAAGCTTC-1	T	4
CCACAGGCATCTGCAA-1	B	3
CCACAGGGTAGCGTTT-1	T	4
CCACAGGGTTTCGATG-1	B	10
CCACGTTAGAAAGCAG-1	T	19
CCACGTTCACCATTCC-1	T	1
CCACGTTCATCATAGC-1	T	17
CCAGAATAGAATATCG-1	T	4
CCAGAATAGCTGAGGT-1	T	14
CCAGAATAGGAAGAAC-1	B	3
CCAGAATCACTACACA-1	T	16
CCAGAATGTACATGGG-1	T	9
CCAGAATGTATTGTCG-1	T	11
CCAGAATGTGTGTGTT-1	T	8
CCAGAATGTTAGTAGA-1	B	10
CCAGAATGTTCCCTTG-1	T	19
CCAGAATGTTTAGACC-1	Epithelial	18
CCAGAATTCGTTTGAG-1	T	11
CCAGAATTCTAAACGC-1	T	14
CCAGAATTCTTACTCA-1	T	12
CCAGAATTCTTAGTGG-1	NK	13
CCAGATAAGAGCTACG-1	T	12
CCAGATAAGCAGTAGC-1	T	5
CCAGATAAGCTACGTT-1	T	9
CCAGATAAGGTAAGTT-1	T	11
CCAGATAAGTACAGAT-1	T	11
CCAGATAAGTGGGACT-1	NK	13
CCAGATACAAACCGAG-1	B	3
CCAGATACACGCGATC-1	NK	2
CCAGATAGTCAAACAA-1	T	8
CCAGATAGTGATAACA-1	T	15
CCAGATAGTGGAAGCT-1	T	14
CCAGATAGTTCATTTC-1	T	17
CCAGATAGTTCTCGAA-1	T	12
CCAGATATCGTAGCGC-1	Epithelial	18
CCATACCAGAAGCCTG-1	B	3
CCATACCAGGTAAGCC-1	T	9
CCATACCCACTGTTAG-1	T	17
CCATACCCATGGGTGA-1	B	3
CCATACCGTCAATCCA-1	Epithelial	18
CCATACCTCTGAACGT-1	NK	2
CCATACCTCTTACTCA-1	T	14
CCCACATAGTTGCCGC-1	T	9
CCCACATCAGCAATGG-1	B	3
CCCACATGTTTGTGAC-1	T	15
CCCACATTCCTGGGAC-1	NK	13
CCCACATTCGCTTACC-1	B	10
CCCACATTCTGGCTAA-1	NK	2
CCCAGAGAGGAGTACC-1	B	3
CCCAGAGAGTGCTAGG-1	T	8
CCCAGAGAGTGTCCCG-1	T	8
CCCAGAGGTAACATAG-1	T	9
CCCAGAGGTCCAAGTT-1	T	8
CCCAGAGGTTAGTAGA-1	T	4
CCCAGAGTCGCAAACT-1	T	4
CCCGTTAAGCTTACCA-1	T	12
CCCGTTAAGTGTTCCA-1	B	3
CCCGTTACAAGTCTGT-1	NK	2
CCCGTTACATAGACGG-1	B	10
CCCGTTACATCGAGTT-1	T	5
CCCGTTAGTAATGCCT-1	T	15
CCCGTTAGTATGTTCG-1	Epithelial	18
CCCGTTATCGTATAGC-1	B	10
CCCTAACAGACGCCCT-1	T	9
CCCTAACAGCTACGCC-1	T	14
CCCTAACAGGATTGAT-1	T	15
CCCTAACAGTCATACC-1	T	9
CCCTAACAGTCGTGAG-1	B	3
CCCTAACGTCCCGAGT-1	T	11
CCCTAACGTGGCCTTG-1	NK	13
CCCTAACGTTAGCTCA-1	B	3
CCCTAACTCCTCATTA-1	NK	2
CCCTAACTCGGGAAAC-1	T	7
CCCTAGTAGAAAGCAG-1	T	8
CCCTAGTAGCCATCAT-1	B	10
CCCTAGTAGCTAGCAG-1	T	11
CCCTAGTCACGATATC-1	Epithelial	18
CCCTAGTCAGTCCTGG-1	T	0
CCCTAGTCATTCACGA-1	B	3
CCCTAGTCATTCCCGT-1	T	0
CCCTAGTGTCTGCACG-1	T	14
CCCTAGTGTTACTACG-1	T	15
CCCTAGTGTTATCGAC-1	T	0
CCCTAGTTCCCGTATC-1	T	17
CCCTCTCAGTCGTATC-1	B	3
CCCTCTCCAGTAACGG-1	NK	2
CCCTCTCGTACGACCC-1	NK	2
CCCTCTCTCTACTTTG-1	T	15
CCCTGATAGACACTTC-1	T	7
CCCTGATCAGGTGTCC-1	NK	2
CCCTGATGTAAACGAT-1	T	14
CCCTGATGTACCCATA-1	T	0
CCCTGATGTACGCCCA-1	T	5
CCCTGATTCACTAGGT-1	T	12
CCCTGATTCCGTGCGA-1	T	9
CCCTGATTCCTAGAGT-1	T	11
CCCTGATTCGCAACTA-1	NK	13
CCGAAGCAGAAGCCGT-1	T	19
CCGAAGCAGACCATAA-1	T	4
CCGAAGCAGACCCATT-1	NK	13
CCGAAGCGTAATGTGA-1	T	9
CCGAAGCGTGGTTCTA-1	B	3
CCGAAGCGTTCTTAGG-1	B	3
CCGAAGCTCGCTACCT-1	T	9
CCGAAGCTCGGAAAGC-1	T	5
CCGAAGCTCTCGTAGA-1	T	12
CCGCATTAGCGCACAA-1	B	10
CCGCATTAGGCACTAG-1	Epithelial	18
CCGCATTAGTCGTACT-1	T	8
CCGCATTGTGATTCCA-1	T	9
CCGCATTGTTCCCAAA-1	T	8
CCGCATTGTTTAGGAA-1	B	3
CCGCATTTCATTCTCA-1	T	11
CCGCATTTCGTCCCAT-1	NK	2
CCGTACTAGGCTTAAA-1	T	5
CCGTACTAGGGCATTG-1	T	16
CCGTACTAGTCTCCAA-1	T	15
CCGTACTCAATGCATC-1	T	5
CCGTACTCAGTCCTGG-1	T	1
CCGTACTGTAACGGAC-1	T	7
CCGTACTGTACGACCC-1	B	10
CCGTACTGTCATTGCA-1	T	7
CCGTACTGTCCGGTAC-1	T	5
CCGTACTGTTATAGAG-1	T	19
CCGTACTGTTCTTTCA-1	T	19
CCGTACTTCACGTGTA-1	T	7
CCGTACTTCCATTGAG-1	NK	13
CCGTACTTCTGTCGGG-1	T	19
CCGTACTTCTTAACGG-1	T	12
CCGTAGGAGATATGAC-1	T	15
CCGTAGGAGATGCGCA-1	T	8
CCGTAGGAGGACTAGC-1	T	0
CCGTAGGAGTCAGCCC-1	NK	2
CCGTAGGCAATGACTC-1	T	17
CCGTAGGCACCATTCC-1	T	8
CCGTAGGCACTGATAC-1	T	4
CCGTAGGCAGAGATGC-1	T	12
CCGTAGGCAGCGCGTT-1	T	15
CCGTAGGCATGTCCCT-1	T	6
CCGTAGGGTCACATTG-1	B	3
CCGTAGGGTCGCGCTA-1	T	1
CCGTAGGGTCTCTGGG-1	T	11
CCGTAGGGTTATAGAG-1	NK	13
CCGTAGGTCTTAGTGG-1	T	11
CCGTGAGAGGCTCCTG-1	B	3
CCGTGAGCACAGGAAC-1	T	14
CCGTGAGCACGAACGA-1	T	7
CCGTGAGGTGCTTTGA-1	T	7
CCGTGAGGTTCCAGTA-1	T	19
CCGTGAGGTTCCCAAA-1	T	7
CCGTGAGTCCCAGCGA-1	Epithelial	18
CCGTGAGTCCTCATTA-1	T	19
CCTAAAGAGCGAATAT-1	T	12
CCTAAAGCAAGCCAGA-1	T	6
CCTAAAGCAAGGGTAC-1	T	7
CCTAAAGCATCACAAC-1	T	16
CCTAAAGGTCAATCCA-1	T	12
CCTAAAGGTCAGCAAG-1	T	17
CCTAAAGTCACCCTTG-1	T	14
CCTAAAGTCGTGCTGG-1	T	4
CCTAAAGTCTTCCAGC-1	T	8
CCTATTAAGAGGAATG-1	NK	13
CCTATTAAGTCTGGGA-1	T	7
CCTATTAAGTGCAACG-1	NK	2
CCTATTACAAGGATGC-1	T	1
CCTATTACACCACCAG-1	B	3
CCTATTACACCGTTGG-1	T	19
CCTATTACAGTAGGCA-1	T	17
CCTATTACATCACAGT-1	NK	2
CCTATTACATTTGGCA-1	T	12
CCTATTAGTACGCCCA-1	T	6
CCTATTATCAAACCAC-1	B	10
CCTATTATCCGCTCTA-1	T	6
CCTATTATCGAGCGCT-1	T	8
CCTATTATCGGAGTTT-1	T	5
CCTCCCTAGATCTCAC-1	T	11
CCTCCCTCAATTGGCT-1	T	11
CCTCCCTCACTCCTCA-1	Epithelial	18
CCTCCCTCAGTCAGCC-1	T	0
CCTCCCTGTCAGTGCC-1	T	15
CCTCCCTGTGTTGTTG-1	T	6
CCTCCCTTCACAAGCT-1	T	17
CCTCCCTTCGGTCTCT-1	T	9
CCTCCCTTCTACTTTG-1	T	6
CCTCCCTTCTATTTCG-1	B	3
CCTGCTAAGCCATCAT-1	NK	13
CCTGCTAAGCTACGCC-1	T	14
CCTGCTAAGCTGCCAC-1	T	4
CCTGCTAAGGAGTCTG-1	T	7
CCTGCTAAGGCAGTGT-1	T	8
CCTGCTAAGGGTCCCT-1	NK	13
CCTGCTAAGTAGAAGG-1	B	3
CCTGCTAAGTAGGAAG-1	T	5
CCTGCTACATAGCCAT-1	T	17
CCTGCTACATGGCCGT-1	T	1
CCTGCTACATTCACGA-1	T	1
CCTGCTAGTAAACGTA-1	T	8
CCTGCTAGTTCACGTA-1	T	9
CCTGCTAGTTCTTATC-1	T	15
CCTGCTATCCCTACGT-1	T	17
CCTGCTATCGTGGAAG-1	T	8
CCTGCTATCTATGAGC-1	T	14
CCTGGGAAGAATACTG-1	T	12
CCTGGGAAGACACGGT-1	T	12
CCTGGGAAGACAGTGC-1	B	3
CCTGGGAAGAGTAAGG-1	T	5
CCTGGGAAGCGCCTAC-1	T	4
CCTGGGAAGTCCCGCA-1	T	19
CCTGGGACAAACCGAG-1	T	9
CCTGGGACAAGTCTGT-1	T	8
CCTGGGACAGAGAGAA-1	T	7
CCTGGGACAGGATAGC-1	T	16
CCTGGGATCGCATAAC-1	T	5
CCTTAATAGAGGTCCA-1	T	4
CCTTAATAGGGTTCTT-1	B	3
CCTTAATAGGTTAACA-1	B	3
CCTTAATAGTACGCGA-1	T	9
CCTTAATCAAACAGTA-1	T	0
CCTTAATCACAAACGG-1	B	3
CCTTAATCAGTGGTCC-1	T	8
CCTTAATCATAGAATG-1	T	16
CCTTAATCATGTAGAA-1	B	3
CCTTAATGTAACCCAT-1	T	19
CCTTAATGTCGATAGG-1	B	3
CCTTAATGTCTGGTTA-1	T	16
CCTTAATGTGCGCATC-1	NK	13
CCTTAATGTGGTCGAA-1	T	19
CCTTAATGTTTCGACA-1	T	5
CCTTAATTCAAGAGGC-1	T	1
CCTTAATTCACTCGGG-1	T	4
CCTTAATTCACTGATG-1	T	17
CCTTAATTCAGGTTTG-1	B	3
CCTTAATTCGATTACG-1	T	4
CCTTAATTCGGTTAGT-1	T	1
CCTTAATTCTAAGGTC-1	B	10
CCTTGCAAGAGGCAGG-1	B	3
CCTTGCAAGTCGCCTG-1	NK	2
CCTTGCACACCCATCT-1	T	11
CCTTGCACACTAGCCG-1	B	3
CCTTGCATCCATTGAG-1	T	1
CCTTGCATCTAGCTGA-1	T	9
CCTTGGTAGAAAGCAG-1	T	0
CCTTGGTAGACTCTTG-1	T	16
CCTTGGTAGAGGAATG-1	T	0
CCTTGGTAGGACCGAT-1	T	11
CCTTGGTAGGGCGAAG-1	B	10
CCTTGGTAGTTATGAG-1	T	17
CCTTGGTAGTTGCTTG-1	T	1
CCTTGGTCAAGCGACA-1	T	7
CCTTGGTCAAGGTCGA-1	T	17
CCTTGGTCAAGTCCTA-1	B	10
CCTTGGTCACGGCCAT-1	T	12
CCTTGGTCATCAGAAA-1	T	7
CCTTGGTGTGTCCCAG-1	T	16
CCTTGGTTCAGTGTAC-1	T	8
CCTTGGTTCCTTTGCG-1	B	3
CCTTGGTTCTGCCGAG-1	T	9
CGAGTTAAGATAGGTT-1	B	10
CGAGTTAAGCAGGAGG-1	T	17
CGAGTTAAGTCCAGAG-1	T	14
CGAGTTACAAAGACGC-1	T	8
CGAGTTACAAGACTTC-1	NK	2
CGAGTTACAAGGCGTA-1	T	1
CGAGTTACATAGCCGC-1	T	5
CGAGTTAGTACGAGAC-1	T	11
CGAGTTAGTATTGTCG-1	B	3
CGAGTTAGTCAACAGG-1	B	10
CGAGTTAGTCGAGAAC-1	B	3
CGAGTTATCCCGTAGG-1	T	4
CGAGTTATCGCGCTGA-1	T	1
CGAGTTATCGTGAGTT-1	T	7
CGAGTTATCTCCCTTT-1	T	5
CGATGATAGCGTTAGG-1	B	3
CGATGATCACAGAAGC-1	Epithelial	18
CGATGATGTGGTAAGC-1	NK	13
CGATGATGTGTCGTGC-1	T	6
CGATGATTCAAAGTAG-1	T	19
CGATGATTCAAGTTGC-1	T	9
CGATGATTCACTGGTA-1	T	0
CGATGATTCAGCACTA-1	T	1
CGATGATTCAGTCACA-1	T	0
CGATGATTCATCGCAA-1	T	19
CGATGATTCGCCACTT-1	NK	13
CGCAATAAGACGACTG-1	T	7
CGCAATACACAAACAA-1	T	12
CGCAATACACGCGTTG-1	T	19
CGCAATACATGGGACA-1	NK	13
CGCAATACATTAGCAC-1	T	16
CGCAATAGTATTTGCG-1	T	9
CGCAATAGTCATAAGA-1	T	11
CGCAATAGTCCGAGCT-1	T	15
CGCAATAGTCTCTGCT-1	T	12
CGCAATAGTTTAAGCC-1	T	0
CGCAATATCAAACCAC-1	B	10
CGCAATATCCTAAGTG-1	B	3
CGCAATATCGACTATG-1	T	6
CGCAATATCTTGTCAT-1	B	3
CGCACAGAGAGGTGGG-1	T	8
CGCACAGAGGCAGTGT-1	T	11
CGCACAGCACGCGACT-1	T	9
CGCACAGCAGCGTCGT-1	B	10
CGCACAGCAGGTAACG-1	T	9
CGCACAGTCACAAGCT-1	B	3
CGCACAGTCAGGCCGT-1	T	1
CGCACAGTCCCACTAC-1	T	8
CGCACAGTCGATGAAA-1	T	9
CGCAGGTAGACAGTGC-1	T	15
CGCAGGTAGCACCATT-1	T	0
CGCAGGTAGTTCAGGG-1	B	3
CGCAGGTGTACTAGAA-1	T	7
CGCAGGTGTGTACGCC-1	T	17
CGCAGGTTCGGACGAA-1	T	7
CGCAGGTTCTATATCC-1	NK	13
CGCGCAAAGTACCTCA-1	T	17
CGCGCAAAGTCCGTGC-1	T	17
CGCGCAACAAGGCTTT-1	T	12
CGCGCAATCCATTGAG-1	T	5
CGCTAGGCAGACTAAA-1	T	19
CGCTAGGCATGTCCCT-1	B	10
CGCTAGGGTACTTGAC-1	T	11
CGCTAGGGTCGCGCTA-1	T	11
CGCTAGGGTTGGCTTA-1	NK	2
CGCTAGGTCAGAACGG-1	B	3
CGCTAGGTCGACTGGC-1	T	16
CGCTAGGTCTGTGTCC-1	T	11
CGCTATCAGAGGAACA-1	T	8
CGCTATCAGGCAGTAC-1	B	3
CGCTATCAGGCAGTGT-1	T	1
CGCTATCCAGCTATAC-1	B	10
CGCTATCCAGTAAGAT-1	T	6
CGCTATCGTCATCGTA-1	T	0
CGCTATCGTTAACTCG-1	B	3
CGCTGGAAGAGACTCG-1	T	16
CGCTGGAAGATTACGA-1	NK	2
CGCTGGAAGCTGGAGT-1	T	7
CGCTGGAAGTGATAAC-1	Epithelial	18
CGCTGGACAAGCAACG-1	T	9
CGCTGGACAGGTAGGT-1	T	7
CGCTGGACATAAAGTG-1	NK	13
CGCTGGAGTATCCTTT-1	T	15
CGCTGGATCAGATACC-1	NK	13
CGCTGGATCCAAACCA-1	T	15
CGCTGGATCTTGGCCT-1	T	0
CGGACCAAGGTACACG-1	T	11
CGGACCACAAGGTCGA-1	NK	13
CGGACCACACTAGGAG-1	T	5
CGGACCAGTGGACTGA-1	T	8
CGGACCAGTTTCCGGG-1	NK	13
CGGACCATCGGTCAGC-1	T	5
CGGACCATCTTGTCGC-1	T	1
CGGACTGAGAACGCCA-1	T	15
CGGACTGAGTACAACA-1	T	1
CGGACTGCAGGTCTGC-1	T	17
CGGACTGGTAACCCAT-1	T	9
CGGACTGGTATACGCT-1	NK	13
CGGACTGGTGCCCTAG-1	T	15
CGGACTGGTGTCTACA-1	B	10
CGGACTGTCAGAATGA-1	T	15
CGGACTGTCGTGGCGT-1	T	12
CGGTGCAAGAGTCCGA-1	B	3
CGGTGCAAGCCATCAT-1	T	19
CGGTGCAAGCTGAATA-1	B	10
CGGTGCAAGTCGATAA-1	B	10
CGGTGCACAATCATCG-1	T	5
CGGTGCACACTGTAAC-1	T	8
CGGTGCACATTAAGGA-1	T	19
CGGTGCACATTCGTCC-1	T	12
CGGTGCAGTCAGCAAG-1	B	10
CGGTGCAGTCTGGATT-1	T	15
CGGTGCAGTGGACGAT-1	T	4
CGGTGCATCCAAACCA-1	T	19
CGGTGCATCGCTTCAC-1	T	9
CGTAAACAGAATACTG-1	B	3
CGTAAACAGACGCCCT-1	B	10
CGTAAACAGCGCGTTC-1	T	9
CGTAAACAGCTAGCAG-1	T	0
CGTAAACCAATCACTG-1	T	19
CGTAAACCACGCGTTG-1	T	6
CGTAAACGTCGCTACG-1	T	17
CGTAAACGTTAAGTCC-1	B	3
CGTAAACGTTCATTTC-1	T	11
CGTAAACTCCGCCTAT-1	T	16
CGTAAACTCTATTTCG-1	T	4
CGTACAAAGCTAGTTC-1	T	5
CGTACAACAACAAACA-1	NK	2
CGTACAACAATGTGCT-1	T	15
CGTACAAGTAGAGAGA-1	T	19
CGTACAATCAATCGTG-1	T	0
CGTACAATCGAACCGC-1	T	17
CGTACAATCGGTTCCT-1	B	3
CGTACAATCTGGAAGG-1	T	8
CGTGGCAAGGCATGCA-1	T	12
CGTGGCAAGGTCTTTG-1	T	12
CGTGGCAAGTCCCTCT-1	T	15
CGTGGCACACGATATC-1	T	7
CGTGGCACAGGCAGAT-1	B	3
CGTGGCAGTGTGCGTC-1	T	16
CGTGGCAGTTGGCGAA-1	T	11
CGTGGCATCCCAGCGA-1	T	15
CGTGGCATCCCTATTA-1	T	19
CGTGGCATCCTGAAAC-1	T	11
CGTGGCATCTCCTTAA-1	T	4
CGTGGCATCTTCTTCC-1	T	9
CGTGGCATCTTGCGCT-1	NK	13
CGTTCCAAGCGCACAA-1	T	17
CGTTCCAAGCGTCTGC-1	T	17
CGTTCCACAATTGGCT-1	T	8
CGTTCCACACAGCCAC-1	T	19
CGTTCCACACCACCAG-1	T	9
CGTTCCACACCCATCT-1	T	12
CGTTCCAGTACGGATG-1	NK	2
CGTTCCATCTCTGTTA-1	T	8
CTAACTTAGCGAGCTA-1	T	4
CTAACTTAGCGCAATG-1	Epithelial	18
CTAACTTAGGTCACTT-1	T	17
CTAACTTCATTGTTCT-1	T	16
CTAACTTGTAAACGAT-1	B	3
CTAACTTGTCAATCCA-1	T	1
CTAACTTGTGCTTTGA-1	T	14
CTAACTTTCAAGTTGC-1	B	3
CTAACTTTCACCGCGA-1	T	8
CTAACTTTCCACGCTT-1	T	19
CTAACTTTCCATGACA-1	T	4
CTACAGAAGCTCCGGT-1	T	9
CTACAGAAGGTTAGTA-1	B	10
CTACAGACACCTGGTG-1	T	11
CTACAGACATGGTAAA-1	B	10
CTACAGACATTTGGTG-1	NK	2
CTACAGAGTAACTGAA-1	T	5
CTACAGAGTAGAAAGG-1	T	12
CTACAGAGTGCCGGTT-1	NK	2
CTACAGAGTGCTGTCG-1	T	8
CTACAGATCAGCACGC-1	T	8
CTACAGATCGTCCCAT-1	T	17
CTACTTAAGCTAGTTC-1	T	14
CTACTTAAGGATGCCA-1	T	7
CTACTTAAGGCGCTTC-1	T	6
CTACTTAAGGTAAGTT-1	T	9
CTACTTACAAGTCTGT-1	T	1
CTACTTACATTTGTTC-1	T	9
CTACTTAGTTCTACCC-1	T	7
CTACTTAGTTGGACGA-1	T	9
CTACTTAGTTGTGAGG-1	B	3
CTACTTATCAGCCGGT-1	T	17
CTACTTATCAGGCCGT-1	T	6
CTACTTATCTCGCGTT-1	Epithelial	18
CTAGCGGAGAACGACC-1	T	9
CTAGCGGAGAACTAAC-1	T	12
CTAGCGGAGCCAGAAC-1	T	12
CTAGCGGAGGATTTGA-1	T	7
CTAGCGGAGTTTGGAA-1	T	19
CTAGCGGCATGTGGGA-1	T	17
CTAGCGGGTGAGAGTC-1	T	4
CTAGCGGGTGGCCTTG-1	T	16
CTAGCGGTCATCGCAA-1	B	3
CTAGCGGTCCCTACCA-1	T	6
CTAGCGGTCGCGTGAC-1	Epithelial	18
CTAGCGGTCTCGCGGA-1	T	1
CTAGGATCAAGTTGCT-1	T	6
CTAGGATCACAATAAG-1	B	3
CTAGGATCACGCTCAG-1	T	19
CTAGGATCATGGGTGA-1	T	9
CTAGGATCATTACTTC-1	B	3
CTAGGATGTCCCTTTG-1	T	6
CTAGGATGTCCTATTT-1	T	12
CTAGGATGTGGACCAA-1	NK	2
CTAGGATTCTTCAGAG-1	B	3
CTAGGGCCAAGGACCA-1	T	1
CTAGGGCCAAGGATGC-1	NK	13
CTAGGGCCAGATAAGT-1	T	6
CTAGGGCCAGGATGTG-1	T	1
CTAGGGCCATAGGCGA-1	T	9
CTAGGGCCATCGACGC-1	T	17
CTAGGGCGTTGGCGAA-1	T	8
CTAGGGCTCACGTGTA-1	B	3
CTAGGGCTCTGATCTT-1	T	7
CTAGGGCTCTTCGTTA-1	T	12
CTCAACCAGACCTATC-1	NK	13
CTCAACCAGAGGAAGT-1	B	3
CTCAACCAGCGCACAA-1	T	8
CTCAACCAGCTTACCA-1	T	7
CTCAACCAGTACAACA-1	T	8
CTCAACCAGTTTACGC-1	T	8
CTCAACCCAATGACTC-1	B	3
CTCAACCCACAAGGGT-1	T	1
CTCAACCCACTGATTG-1	T	9
CTCAACCCATAGGCGA-1	T	1
CTCAACCCATTAGCCA-1	T	5
CTCAACCGTATCCCTC-1	T	12
CTCAACCGTCCATTGA-1	T	8
CTCAACCGTGACGCAA-1	T	16
CTCAACCGTTGTATCG-1	T	4
CTCACCAAGAGGAAGT-1	T	9
CTCACCAAGGGTGTTG-1	T	1
CTCACCAAGTGCCCTG-1	NK	13
CTCACCACAAAGGAAG-1	T	0
CTCACCACAAGCTTTG-1	T	12
CTCACCACACAGATGG-1	T	8
CTCACCACAGCGTCGT-1	B	10
CTCACCACAGGCAGAT-1	T	0
CTCACCAGTATGGATA-1	NK	2
CTCACCAGTTTGGATC-1	B	3
CTCACCATCACGGGTC-1	T	8
CTCAGAAAGAACGTTA-1	T	11
CTCAGAAAGCTTACCA-1	T	1
CTCAGAAAGTATACCC-1	T	14
CTCAGAATCGAGCGCT-1	T	19
CTCAGAATCTCAGATG-1	T	0
CTCAGCTAGAACGCCA-1	T	15
CTCAGCTAGACGCCAA-1	T	16
CTCAGCTAGTCTCGAT-1	T	15
CTCAGCTAGTTCGCGC-1	T	12
CTCAGCTCAACAACTC-1	T	14
CTCAGCTCACCTACCT-1	T	15
CTCAGCTCATCGGCCA-1	T	1
CTCAGCTCATGGTAAA-1	T	5
CTCAGCTGTAACACTC-1	NK	13
CTCAGCTGTTACACTG-1	T	6
CTCAGCTTCAGGCCGT-1	T	11
CTCAGCTTCCTGACCT-1	T	14
CTCAGCTTCGGTACTA-1	B	3
CTCATGCAGACAGCTG-1	T	0
CTCATGCAGCAATAAC-1	T	15
CTCATGCAGCGAGCTA-1	T	1
CTCATGCGTAGTACAA-1	T	0
CTCATGCGTCATTGGT-1	T	9
CTCATGCGTGAGTAAT-1	T	16
CTCATGCTCACTCGGG-1	T	7
CTCATGCTCAGAACGG-1	T	12
CTCATGCTCCGCTATC-1	T	7
CTCATGCTCGCAGATT-1	B	3
CTCATGCTCGTGATAC-1	B	3
CTCCCAAAGAAATCTG-1	T	19
CTCCCAAAGTATGCTC-1	B	10
CTCCCAACAAAGACGC-1	T	11
CTCCCAACAAGCCCTG-1	B	3
CTCCCAACACAGTTCA-1	NK	2
CTCCCAACACTCGTGG-1	T	4
CTCCCAACAGAAGTGC-1	T	5
CTCCCAAGTCAAATCC-1	T	4
CTCCCAAGTGCAACAG-1	T	1
CTCCCAAGTGGGTAGT-1	T	15
CTCCCAAGTTTAGAAG-1	NK	2
CTCCCAATCAGGCGCT-1	B	3
CTCCCAATCATCGCTC-1	T	19
CTCCCAATCATTCGGA-1	T	1
CTCCCAATCCAGGCCA-1	T	14
CTCGCTAAGCTTACCA-1	T	1
CTCGCTACAAGCCCTG-1	Epithelial	18
CTCGCTACACAACGGA-1	T	17
CTCGCTAGTAATGTGA-1	NK	13
CTCGCTAGTCGAGAAC-1	Epithelial	18
CTCGCTAGTGGCCTCA-1	T	15
CTCGCTATCGATTACG-1	T	12
CTCTACGAGCTATCCA-1	T	4
CTCTACGAGGGCTTCC-1	T	7
CTCTACGCAATGCATC-1	B	3
CTCTACGCACAACGGA-1	T	12
CTCTACGCAGAATGCG-1	T	19
CTCTACGCAGGCATTT-1	T	6
CTCTACGCATTTCTTG-1	T	11
CTCTACGTCCCGCAAG-1	T	14
CTCTACGTCGGCATAT-1	T	16
CTCTACGTCTAGCAGT-1	T	19
CTCTACGTCTATCTTG-1	T	1
CTCTACGTCTGGCCAG-1	T	7
CTCTACGTCTTCTTCC-1	T	17
CTCTACGTCTTGTCGC-1	T	17
CTCTAGCAGGCAATTA-1	T	16
CTCTAGCAGGTTCGTT-1	T	14
CTCTAGCAGTACAACA-1	T	7
CTCTAGCAGTACTCTG-1	T	15
CTCTAGCCAAAGGTCG-1	T	11
CTCTAGCCAATGGTCT-1	T	17
CTCTAGCCACTAGCCG-1	B	3
CTCTAGCCACTCCTCA-1	B	3
CTCTAGCCACTGGGCT-1	T	9
CTCTAGCCAGAGTCGA-1	T	11
CTCTAGCCAGGCTACC-1	NK	13
CTCTAGCCATTCTTTG-1	B	3
CTCTAGCTCAAGGCAG-1	T	9
CTCTAGCTCAGGAATA-1	T	16
CTCTCAGAGAGCTACG-1	T	7
CTCTCAGAGGTGAACC-1	T	16
CTCTCAGAGTGAGCTG-1	T	8
CTCTCAGCAAATTGAG-1	T	14
CTCTCAGCACACATGT-1	T	4
CTCTCAGCAGGCACAA-1	T	0
CTCTCAGCATTGATGC-1	T	5
CTCTCAGGTGTGTGCC-1	T	4
CTCTCAGTCACACGTA-1	NK	13
CTCTCGACATGTGGGA-1	T	11
CTCTCGAGTCAGAGTG-1	T	7
CTCTCGAGTCTGGATT-1	T	5
CTCTCGATCAATGCAC-1	T	15
CTCTCGATCGGTTCCT-1	T	14
CTCTCGATCTATCTTG-1	T	8
CTGAATGAGATAGGTT-1	T	11
CTGAATGAGGCAATTA-1	B	3
CTGAATGAGTCAGCCC-1	T	19
CTGAATGCACACTAGT-1	T	11
CTGAATGCACAGAAGC-1	T	7
CTGAATGCACAGATGG-1	T	9
CTGAATGCACAGGTAG-1	T	19
CTGAATGCATCTGCAA-1	T	12
CTGAATGCATTCTCGC-1	T	0
CTGAATGGTAGTGATA-1	T	5
CTGAATGTCAGGAAGC-1	T	17
CTGAATGTCCAGGTCG-1	T	4
CTGAATGTCCTAGAGT-1	T	12
CTGAATGTCGCAGATT-1	T	11
CTGAATGTCTACCCGT-1	B	10
CTGAATGTCTGGCGCA-1	B	3
CTGCGTTAGAGGTCCA-1	B	3
CTGCGTTAGTCTGCTA-1	T	17
CTGCGTTAGTGATTAG-1	T	0
CTGCGTTCAACGTCCG-1	T	17
CTGCGTTGTAAACGAT-1	T	9
CTGCGTTGTCCTTATT-1	B	3
CTGCGTTTCAGGCCGT-1	T	0
CTGCGTTTCCAAGTCA-1	T	11
CTGCGTTTCGGTTGTA-1	T	0
CTGCTCAAGTGAATAC-1	T	6
CTGCTCACATGCGTTA-1	T	16
CTGCTCAGTGGACTGA-1	T	16
CTGCTCAGTTCGGGAA-1	B	3
CTGCTCAGTTTGCCCT-1	T	5
CTGCTCATCGTTGTTT-1	T	19
CTGCTCATCTATATCC-1	T	17
CTGCTCATCTTACTCA-1	T	15
CTGGCAGAGACGAAAG-1	T	4
CTGGCAGAGCGTTGCC-1	T	8
CTGGCAGCAACTACTG-1	T	4
CTGGCAGCACGTGAAG-1	T	17
CTGGCAGCAGATTTGC-1	T	6
CTGGCAGGTCAGGTGA-1	T	9
CTGGCAGGTCATGAGG-1	T	0
CTGGCAGGTCGAGAAC-1	T	5
CTGGCAGGTGCCAAGA-1	T	12
CTGGCAGGTGCCCGAT-1	T	12
CTGGCAGGTTTGCGAT-1	NK	13
CTGGGACAGACAGCTG-1	T	17
CTGGGACAGATCGCCC-1	T	19
CTGGGACAGGACCGAT-1	T	1
CTGGGACAGGGTGTTG-1	T	15
CTGGGACCAACGTCGC-1	B	3
CTGGGACCAATCCATG-1	T	19
CTGGGACCAATGGTAA-1	T	5
CTGGGACCATTTCACT-1	T	9
CTGGGACGTCAAACAA-1	T	5
CTGGGACGTCATCGTA-1	T	16
CTGGGACTCAACACGT-1	T	12
CTGTATTAGAAATACC-1	B	3
CTGTATTAGAATCAAC-1	T	6
CTGTATTCAAGGAGTC-1	T	8
CTGTATTCAATGCCAT-1	B	3
CTGTATTCAGTAAGAT-1	T	6
CTGTATTCATCATAGC-1	T	17
CTGTATTGTACCCACG-1	NK	13
CTGTATTGTAGTCTGT-1	T	17
CTGTATTGTCAAACAA-1	T	12
CTGTATTGTGAATGTA-1	T	19
CTGTATTGTTCATTTC-1	T	11
CTGTATTGTTGGAGGT-1	T	11
CTGTATTGTTGGCTAT-1	B	10
CTGTATTGTTTGTACG-1	T	0
CTGTATTTCGCATACA-1	NK	2
CTGTATTTCTATCCTA-1	T	19
CTGTATTTCTCTTCCT-1	T	8
CTGTATTTCTTTATCG-1	B	3
CTGTTCGAGGCCTCTG-1	NK	13
CTGTTCGAGGTCTTGT-1	T	0
CTGTTCGAGTAATGTG-1	T	8
CTGTTCGAGTGTCGCC-1	T	9
CTGTTCGCAAGGTCGA-1	T	8
CTGTTCGCAGCAACGA-1	T	0
CTGTTCGCAGCTTACA-1	T	5
CTGTTCGCATCGTACA-1	T	11
CTGTTCGCATTTCACT-1	T	1
CTGTTCGGTAGAACGC-1	T	9
CTGTTCGGTAGTGATA-1	T	17
CTGTTCGGTGTGCTTA-1	T	1
CTGTTCGGTTTAAGCC-1	T	16
CTGTTCGTCCTGACCT-1	T	5
CTGTTCGTCGGCTATA-1	T	15
CTGTTCGTCTACTTTG-1	Epithelial	18
CTGTTCGTCTGTAGAC-1	B	3
CTTAATCAGAACGTTA-1	T	15
CTTAATCAGAGAGGTA-1	B	10
CTTAATCAGCAGTAGC-1	T	1
CTTAATCAGTGAGTGC-1	T	11
CTTAATCCAACTCGAT-1	T	0
CTTAATCCACAGGAAC-1	T	6
CTTAATCCATGCGTTA-1	B	3
CTTAATCGTTAAGGGC-1	B	3
CTTAATCGTTTGTAGC-1	T	16
CTTAATCTCCAGAGAG-1	NK	2
CTTAATCTCCCATAGA-1	T	1
CTTAATCTCCTGGGAC-1	B	10
CTTAATCTCGGTTCCT-1	T	15
CTTAATCTCTCGTAGA-1	B	3
CTTAATCTCTCTGACC-1	T	8
CTTCCAGAGAGAAGCA-1	B	3
CTTCCAGAGGCCTCTG-1	Epithelial	18
CTTCCAGCACTGTTAG-1	T	9
CTTCCAGCAGTATCTG-1	T	1
CTTCCAGCATGGGAAC-1	T	15
CTTCCAGGTACTATGC-1	T	7
CTTCCAGGTCAGTGTT-1	T	15
CTTCCAGTCTAGCTGA-1	T	9
CTTCCAGTCTCTGCGT-1	T	1
CTTCTAAAGAGAGTTT-1	NK	13
CTTCTAAAGTAGGTCG-1	T	7
CTTCTAAAGTGCTAGG-1	T	9
CTTCTAACAATGCCAT-1	T	4
CTTCTAACAGGTAGCA-1	T	15
CTTCTAACATCCGTAA-1	B	3
CTTCTAAGTACCCATA-1	T	4
CTTCTAAGTACTTCAG-1	T	17
CTTCTAAGTAGTCTGT-1	NK	2
CTTCTAATCACGTGTA-1	T	1
CTTCTAATCGCACCTT-1	T	14
CTTCTAATCTCTTCCT-1	T	8
CTTCTAATCTGAACGT-1	T	17
CTTGAAGAGCACACCC-1	T	8
CTTGAAGAGCCCATTA-1	T	12
CTTGAAGCAATCCATG-1	B	3
CTTGAAGCACCGAAAG-1	T	15
CTTGAAGCACGCTAAT-1	B	3
CTTGAAGCAGATTAAG-1	T	4
CTTGAAGCAGGTAACG-1	T	8
CTTGAAGCATCGCTAA-1	T	17
CTTGAAGTCCGCTCTA-1	NK	13
CTTGCCAAGGCCAATG-1	T	0
CTTGCCACACGCTGTG-1	T	9
CTTGCCACAGCAATGG-1	T	19
CTTGCCAGTACGTATC-1	T	8
CTTGCCAGTCCGTCGA-1	T	17
CTTGCCAGTGAATCAA-1	T	6
CTTGCCAGTTACCCAA-1	T	8
CTTGCCATCAAACCAC-1	B	3
CTTGCCATCGCCAGAC-1	T	4
CTTGCCATCTAGCTGA-1	NK	2
CTTGCCATCTCCAACC-1	T	4
CTTGCTGCAAATTGAG-1	T	19
CTTGCTGCAAGTAACA-1	T	6
CTTGCTGCAAGTTGCT-1	T	16
CTTGCTGCACTGCTTC-1	T	4
CTTGCTGGTACGAGAC-1	NK	2
CTTGCTGGTACGCCCA-1	T	9
CTTGCTGGTTGGCGAA-1	T	11
CTTGCTGTCCCACTTG-1	T	19
CTTGCTGTCTATATCC-1	NK	2
CTTGTCGCAAGAGCGT-1	T	9
CTTGTCGGTAGTACAA-1	T	4
CTTGTCGGTCAGACGA-1	T	11
CTTGTCGGTCGCTACG-1	B	3
CTTGTCGGTGTGTGTT-1	B	3
CTTGTCGTCGCACAAT-1	T	7
CTTGTCGTCGCACCGA-1	NK	13
CTTGTCGTCTCTGCGT-1	NK	2
CTTTGCGAGAGCGGTT-1	NK	13
CTTTGCGAGTGTCCCG-1	Epithelial	18
CTTTGCGCAAATGCTC-1	T	17
CTTTGCGCAGAAGTGC-1	T	15
CTTTGCGCATAGCAGG-1	T	0
CTTTGCGTCGATTACG-1	T	12
CTTTGCGTCTTAACGG-1	T	5
CTTTGCGTCTTGTGCC-1	T	1
GAAACAAAGGTCTTGT-1	T	12
GAAACAACACAAACAA-1	T	11
GAAACAACACTGCTCT-1	T	7
GAAACAAGTGCTTACA-1	T	7
GAAACAAGTGGATTCT-1	T	19
GAAACAAGTTGGCGAA-1	T	7
GAAACAATCCAAGTCA-1	T	17
GAAACAATCGGAAAGC-1	NK	2
GAAACAATCTCATCCG-1	T	0
GAAACAATCTGTTTAC-1	T	19
GAAAGTAAGATCTAAG-1	T	9
GAAAGTAAGCAATGTA-1	NK	2
GAAAGTAAGGCAAGGG-1	T	9
GAAAGTAAGTCTCCAA-1	NK	13
GAAAGTACAGGCACAA-1	T	9
GAAAGTAGTGAGGGTT-1	T	19
GAAAGTAGTGTGTGTT-1	NK	2
GAAAGTATCCCTAAAG-1	T	1
GAAAGTATCGATGTGT-1	T	9
GAAAGTATCGTATAGC-1	T	14
GAAATGAAGCAGTAGC-1	T	1
GAAATGAAGCGCGTTC-1	B	3
GAAATGACAATGCACT-1	T	5
GAAATGAGTAACGGTG-1	T	17
GAAATGAGTCTGATTG-1	T	12
GAAATGAGTGATAACA-1	T	4
GAAATGAGTTAGGAGC-1	T	16
GAAATGAGTTCTACCC-1	B	3
GAAATGATCAGGCCGT-1	B	3
GAAATGATCGACTCGG-1	T	17
GAAATGATCGCGATGC-1	T	19
GAAATGATCGCGTTCT-1	T	19
GAAATGATCTCATCCG-1	T	1
GAACCGCAGAATATCG-1	T	8
GAACCGCAGACCGCAA-1	T	15
GAACCGCAGCGCCTAC-1	NK	13
GAACCGCCAAAGCATA-1	T	6
GAACCGCCAATGCACT-1	NK	2
GAACCGCCACAACGGA-1	T	12
GAACCGCCACTGAAGG-1	T	6
GAACCGCCAGAGCCAA-1	T	15
GAACCGCCATTGCGAT-1	T	1
GAACCGCCATTGTTCT-1	B	3
GAACCGCGTATGGGTG-1	T	12
GAACCGCTCCAGCACG-1	B	10
GAACCGCTCTCTATCA-1	T	8
GAACCGCTCTGTCGGG-1	T	17
GAACCTAAGACTAGCG-1	B	10
GAACCTAAGGATGTAT-1	T	4
GAACCTAAGTAGTCGG-1	T	11
GAACCTAAGTCTGTGT-1	T	15
GAACCTAAGTGAGCAC-1	T	12
GAACCTACAAAGAAGG-1	T	5
GAACCTACAAGAAACT-1	T	5
GAACCTACAGTCAGAG-1	B	3
GAACGTTAGCTTTCCC-1	T	14
GAACGTTAGTTCAACC-1	T	4
GAACGTTCAATGTAAG-1	T	1
GAACGTTCACCTCGTT-1	T	4
GAACGTTCACTCAAGT-1	B	3
GAACGTTCATGTAGAA-1	T	5
GAACGTTGTATTGTCG-1	NK	13
GAACGTTGTGTCCAGC-1	B	10
GAACGTTGTGTCGGTC-1	T	8
GAACGTTTCCCTATTA-1	T	19
GAACTTGAGAGTTCGG-1	NK	2
GAACTTGAGGCCAATG-1	T	9
GAACTTGAGTCACGCC-1	T	4
GAACTTGAGTCGATAA-1	T	11
GAACTTGCAAAGGTCG-1	T	17
GAACTTGCATTTCTTG-1	T	0
GAACTTGGTGCTGTCG-1	T	17
GAACTTGGTTAACCGT-1	T	8
GAACTTGTCACCCGGA-1	NK	2
GAACTTGTCCACTAGA-1	T	17
GAACTTGTCGATAGGG-1	T	19
GAACTTGTCGGGAAAC-1	T	12
GAAGAGCAGATCTAAG-1	T	15
GAAGAGCAGTATACGA-1	T	8
GAAGAGCAGTGTTCCA-1	T	7
GAAGAGCCAACGCACC-1	B	3
GAAGAGCCACAGCCAC-1	T	12
GAAGAGCGTACAACGG-1	T	8
GAAGAGCGTCTCTGGG-1	NK	13
GAAGAGCGTTTGAAGA-1	T	0
GAAGAGCTCAGGGTTT-1	NK	13
GAAGAGCTCCACGCTT-1	T	14
GAAGAGCTCCCAATAG-1	T	7
GAAGTCTAGGTACTCT-1	T	19
GAAGTCTCACTAGCCG-1	T	16
GAAGTCTCAGAAAGAG-1	T	9
GAAGTCTCATGTATCG-1	T	11
GAAGTCTGTAACGGTG-1	T	16
GAAGTCTGTTTGCCCT-1	T	19
GAAGTCTTCACTTACT-1	NK	2
GAAGTCTTCGGCAATT-1	T	14
GAAGTGGAGAGCTCCC-1	NK	2
GAAGTGGAGCGGACAT-1	T	0
GAAGTGGCAAGCCAGA-1	T	12
GAAGTGGCAAGGCGTA-1	T	4
GAAGTGGGTAAAGCTA-1	NK	13
GAAGTGGGTGTTGGTT-1	T	12
GAAGTGGGTTCAGTTG-1	NK	13
GAAGTGGGTTGCCTGG-1	T	11
GAAGTGGGTTGGACGA-1	T	8
GAAGTGGTCAAGAGGC-1	B	3
GAAGTGGTCAGTGTAC-1	T	8
GAAGTGGTCCGTGCAG-1	T	0
GAAGTGGTCGGATAGG-1	T	0
GAAGTGGTCTCAGATG-1	T	17
GAAGTGGTCTGATCCC-1	T	7
GAATCTGAGAGAGTTT-1	NK	13
GAATCTGAGGTTAACA-1	B	10
GAATCTGCAAGCGTCC-1	T	9
GAATCTGCACTGTCGG-1	NK	13
GAATCTGGTGGAAGCT-1	T	1
GAATCTGGTGGACTGA-1	T	19
GAATCTGGTTATAGAG-1	T	19
GAATCTGTCCCAGCAG-1	B	3
GAATCTGTCCGAATTG-1	T	6
GAATCTGTCGTCAACA-1	T	15
GAATCTGTCGTGATAC-1	T	19
GAATCTGTCTTGTCGC-1	T	15
GACCAATAGATTGACA-1	T	1
GACCAATAGCGCGTTC-1	T	15
GACCAATAGCTCCATA-1	T	14
GACCAATAGTGAAACT-1	T	12
GACCAATAGTTACACC-1	NK	2
GACCAATAGTTAGCGG-1	T	9
GACCAATCACTTGCGG-1	T	1
GACCAATCAGCGTAGA-1	T	0
GACCAATGTCATCGTA-1	T	9
GACCAATGTGAATCAA-1	T	12
GACCAATGTTCCCAAA-1	T	0
GACCAATGTTTCCACC-1	NK	13
GACCAATTCTACTGCC-1	T	16
GACCAATTCTATCTTG-1	B	3
GACCCAGAGCGTAGCA-1	T	1
GACCCAGCAAGACACG-1	T	19
GACCCAGCACTGTAAC-1	T	9
GACCCAGCATTCACGA-1	T	17
GACCCAGGTCATAAGA-1	T	19
GACCCAGGTCTGGGAA-1	B	3
GACCCAGTCAACACGT-1	T	17
GACCCAGTCCATCGAA-1	B	10
GACCGACAGCATTGGG-1	T	1
GACCGACAGTCACACT-1	T	8
GACCGACCAAGCACTT-1	T	12
GACCGACCAATCAGGG-1	T	12
GACCGACCATCCCAAA-1	T	7
GACCGACGTACGCCCA-1	T	12
GACCGACGTAGACACG-1	T	17
GACCGACGTGGGTAGT-1	NK	2
GACCGACTCAGTGTAC-1	T	15
GACCGACTCAGTTGAC-1	T	8
GACCGACTCCTTCGAC-1	T	9
GACCGACTCGTCCCAT-1	T	16
GACCTTCAGAATATCG-1	T	9
GACCTTCAGAGCTACG-1	T	1
GACCTTCAGGAAGACA-1	T	11
GACCTTCAGTCGTACT-1	T	19
GACCTTCAGTTACACC-1	T	15
GACCTTCCACAGTAGG-1	T	15
GACCTTCCATGGGTGA-1	T	5
GACCTTCGTATGGGTG-1	T	15
GACCTTCTCACTAGCA-1	T	8
GACCTTCTCAGGGTTT-1	T	7
GACCTTCTCCTCCAGT-1	T	15
GACCTTCTCGACTCGG-1	T	14
GACCTTCTCGGATAGG-1	NK	2
GACCTTCTCTGAAAGA-1	T	17
GACCTTCTCTGAGTCA-1	T	7
GACCTTCTCTGGAAGG-1	T	12
GACTAACAGCTGAATA-1	B	3
GACTAACAGTCTCTAG-1	T	15
GACTAACCAATGGTCT-1	T	8
GACTAACCATTGAACC-1	T	9
GACTAACGTATCTCAG-1	T	9
GACTAACGTTAGGAGC-1	B	10
GACTAACTCGGATCGC-1	T	17
GACTAACTCGTTGTAG-1	T	19
GACTAGTAGGACTAGC-1	T	8
GACTAGTAGGCAGTAC-1	B	3
GACTAGTAGGGTATCG-1	T	9
GACTAGTAGTCCAGAG-1	T	19
GACTAGTCAATGATGA-1	T	19
GACTAGTCAATGCCAT-1	Epithelial	18
GACTAGTCATTAACGC-1	T	12
GACTAGTCATTGATGC-1	T	7
GACTAGTGTTACTACG-1	T	17
GACTAGTTCCAATCCC-1	T	15
GACTAGTTCCGTTAGA-1	T	17
GACTAGTTCTTCCGTG-1	T	19
GAGAACGAGAGCTACG-1	T	16
GAGAACGAGATATGAC-1	T	6
GAGAACGAGCGCATTT-1	T	7
GAGAACGAGCTCGTTA-1	T	8
GAGAACGAGGCGTCCT-1	T	9
GAGAACGCAGAGCCAA-1	T	16
GAGAACGGTCAAATCC-1	T	12
GAGAACGGTCCTCAGG-1	B	3
GAGAACGTCCCACTAC-1	B	3
GAGAACGTCCCGCAAG-1	T	12
GAGAACGTCCGATGCG-1	T	6
GAGAACGTCGCGGCAT-1	T	5
GAGAACGTCGTGAGTT-1	T	12
GAGACTTAGCAGAAAG-1	Epithelial	18
GAGACTTAGGGTATCG-1	T	11
GAGACTTAGGTACATA-1	NK	2
GAGACTTAGTGCAACG-1	T	12
GAGACTTAGTGTCACT-1	T	0
GAGACTTCAAGGATGC-1	T	17
GAGACTTCAGACCTGC-1	T	7
GAGACTTCATCACAAC-1	B	10
GAGACTTCATCTCTCG-1	T	16
GAGACTTCATGCCTTC-1	T	14
GAGACTTCATTCACGA-1	T	7
GAGACTTGTAACGTAA-1	T	17
GAGACTTGTCAACAGG-1	T	15
GAGACTTTCAAATGGA-1	T	8
GAGACTTTCCGTGCGA-1	B	3
GAGATTCAGAAATCTG-1	T	11
GAGATTCCAAGCCTTA-1	NK	13
GAGATTCCACAGTTAC-1	NK	13
GAGATTCCAGGTAACG-1	NK	2
GAGATTCCATGCGTTA-1	T	15
GAGATTCCATTCACGA-1	T	19
GAGATTCGTACAAATG-1	B	3
GAGATTCGTAGTCTGT-1	T	11
GAGATTCGTCCGAGCT-1	T	8
GAGATTCGTTGTATCG-1	T	0
GAGATTCTCGGAGTTT-1	T	0
GAGATTCTCGTGGAAG-1	NK	13
GAGCATTAGATGCGAC-1	T	7
GAGCATTAGCGAGAAA-1	Epithelial	18
GAGCATTCAGGACCTC-1	T	19
GAGCATTCAGTCAGCC-1	NK	13
GAGCATTCATCGGCTG-1	T	6
GAGCATTGTAACCCAT-1	T	4
GAGCATTGTAGACACG-1	T	11
GAGCATTGTCTGGTCG-1	NK	2
GAGCATTTCCGATGCG-1	T	16
GAGCATTTCCGGAAAG-1	T	5
GAGCATTTCCTCATTA-1	T	15
GAGCATTTCCTGGGAC-1	T	0
GAGCATTTCGCCAGAC-1	T	17
GAGCGCTAGCTAACAA-1	T	8
GAGCGCTAGGGCTCTC-1	T	11
GAGCGCTCAACTCAAC-1	B	3
GAGCGCTCAGACTAAA-1	T	11
GAGCGCTCATTCACCC-1	T	5
GAGCGCTCATTGCACA-1	T	7
GAGCGCTGTCATCGTA-1	T	9
GAGCGCTGTCCATTGA-1	T	8
GAGCGCTTCCCGTATC-1	B	3
GAGCGCTTCCGGCTGA-1	T	1
GAGCGCTTCGGTCTAA-1	B	10
GAGCGCTTCGTCTTAT-1	B	3
GAGGATGAGCTAACAA-1	T	7
GAGGATGAGGTGATGC-1	T	1
GAGGATGCACATGATC-1	T	1
GAGGATGCACGATATC-1	T	17
GAGGATGCAGCAACAG-1	T	6
GAGGATGGTACCGGCT-1	T	12
GAGGATGGTACGTAAA-1	B	3
GAGGATGGTTGAAGCG-1	B	3
GAGGATGTCACTAGCA-1	T	0
GAGGATGTCAGAGTGG-1	T	16
GAGGATGTCCTGTGGG-1	NK	13
GAGGATGTCTCATATC-1	T	8
GAGGCTCAGAAATCTG-1	T	15
GAGGCTCAGAAGCCTG-1	T	6
GAGGCTCAGTTGTCCA-1	T	1
GAGGCTCCATACAACC-1	T	15
GAGGCTCGTCAGAGTG-1	T	14
GAGGCTCGTCGATAGG-1	T	8
GAGGCTCGTGCCAAGA-1	T	5
GAGGCTCTCAAGAGAT-1	T	8
GAGGCTCTCTCAGATG-1	T	15
GAGGTCCAGAAATCTG-1	T	9
GAGGTCCCAAACGACG-1	NK	13
GAGGTCCCACCACAGC-1	T	4
GAGGTCCCACTGTCAA-1	T	0
GAGGTCCCAGTTACAC-1	T	15
GAGGTCCGTCATAAGA-1	Epithelial	18
GAGGTCCGTGAGGTCA-1	B	3
GAGGTCCGTTCCGCGA-1	T	15
GAGGTCCGTTGCAGCC-1	NK	13
GAGGTCCTCGCACCTT-1	T	7
GAGTGAGAGCTAACAA-1	Epithelial	18
GAGTGAGCAAGCAGGT-1	T	11
GAGTGAGGTAGTCCAT-1	B	3
GAGTGAGGTTCCAGTA-1	T	0
GAGTGAGTCCAAGAGG-1	T	17
GAGTGAGTCCATCTAT-1	T	15
GAGTGAGTCGCAAACT-1	NK	13
GAGTGAGTCGGATAAA-1	T	12
GAGTGAGTCGGTCAGC-1	T	19
GATCATGAGATGTTCC-1	T	1
GATCATGAGCCTGTAT-1	T	17
GATCATGAGGCGACTA-1	Epithelial	18
GATCATGAGTCTAGAA-1	T	4
GATCATGAGTGAACCG-1	T	12
GATCATGCACACTAGT-1	T	16
GATCATGCACGTGAAG-1	T	19
GATCATGCAGCGCGTT-1	B	3
GATCATGCAGGGTACA-1	T	7
GATCATGGTGCTGTCG-1	T	17
GATCATGTCAAGGCAG-1	B	3
GATCGTAAGAATAGTC-1	T	8
GATCGTAAGCCTATAC-1	T	17
GATCGTACACTGGGCT-1	NK	2
GATCGTACACTGTCGG-1	T	11
GATCGTACATCACAAC-1	T	15
GATCGTAGTAAGTGCG-1	T	0
GATCGTAGTAATGTGA-1	T	14
GATCGTAGTATGGATA-1	T	9
GATCGTATCCGAGAGA-1	T	11
GATCGTATCGTTACAG-1	T	19
GATCGTATCTGTAGAC-1	B	10
GATGATCAGTGAAACT-1	T	1
GATGATCAGTGCAACG-1	T	9
GATGATCGTACCCACG-1	T	19
GATGATCGTACGACCC-1	T	9
GATGATCGTCAGCTTA-1	T	15
GATGATCTCCGTGCGA-1	T	1
GATGATCTCGTTCCGT-1	T	19
GATGGCCAGCTCCGGT-1	T	16
GATGGCCAGCTTACCA-1	T	15
GATGGCCCATGTGAGG-1	T	8
GATGGCCGTCATTGCA-1	T	5
GATGGCCGTGCGACCT-1	B	3
GATGGCCTCACGTCAA-1	T	1
GATGGCCTCCACGAGC-1	T	7
GATGGCCTCCTTTGAT-1	T	6
GATGGCCTCTCTTCCT-1	B	3
GATTAGCAGATGGCAC-1	B	10
GATTAGCAGTCCAGAG-1	B	10
GATTAGCAGTCTCTAG-1	T	8
GATTAGCCAAACGACG-1	T	15
GATTAGCCAACTCAAC-1	NK	13
GATTAGCCAATGTGCT-1	B	10
GATTAGCCACAGAAGC-1	T	14
GATTAGCCATGGAGGT-1	B	3
GATTAGCCATTATGGC-1	B	3
GATTAGCGTAAGTCTC-1	B	3
GATTAGCGTGCTGGCT-1	T	7
GATTAGCGTTGGGAAC-1	B	3
GATTAGCGTTTCCGGG-1	T	8
GATTAGCTCCGGGCAT-1	T	19
GATTAGCTCCTGGGAC-1	NK	2
GATTAGCTCCTTCGAC-1	T	11
GATTAGCTCGATGTAC-1	T	8
GATTGACAGAGGTACC-1	B	3
GATTGACAGGGACGTT-1	T	14
GATTGACAGTGATTAG-1	T	5
GATTGACCAAGTTCGT-1	T	19
GATTGACCAATGTAAG-1	B	10
GATTGACGTTCATTTC-1	B	3
GATTGACGTTTCGACA-1	T	0
GATTGACTCCGTTAGA-1	T	4
GATTGACTCGTCAACA-1	Epithelial	18
GCAAAGGAGCCAGAAC-1	T	4
GCAAAGGCAGGCTACC-1	T	8
GCAAAGGGTCTTAGCA-1	T	1
GCAAAGGGTGAGTTGG-1	B	10
GCAAAGGGTGATAACA-1	T	4
GCAAAGGGTTAACTCG-1	T	7
GCAAAGGGTTTGCCAA-1	T	4
GCAAAGGTCCTCTCTT-1	T	5
GCAAAGGTCGATCTTT-1	T	1
GCAAAGGTCGGACGAA-1	T	6
GCAAAGGTCGGCATAT-1	T	17
GCAAAGGTCTTCACTA-1	T	4
GCAAAGGTCTTGTACT-1	T	19
GCAAAGGTCTTGTGCC-1	T	4
GCAACCGAGAGCACTG-1	T	7
GCAACCGCAAAGCTTC-1	T	15
GCAACCGCACGTGAAG-1	T	0
GCAACCGCATGGTATC-1	T	9
GCAACCGCATTCTTTG-1	T	19
GCAACCGCATTGATGC-1	T	4
GCAACCGGTAACAATG-1	NK	2
GCAACCGGTACAAGCG-1	T	1
GCAACCGGTCGATAGG-1	B	3
GCAACCGGTCTGTTGA-1	T	1
GCAACCGTCCTATCCG-1	NK	2
GCAACCGTCCTGTGGG-1	T	1
GCAACCGTCGGATGTT-1	T	11
GCAACCGTCTCTTAAC-1	T	1
GCACCTTAGAACGACC-1	B	3
GCACCTTAGACCATAA-1	T	12
GCACCTTAGAGAGGTA-1	T	11
GCACCTTAGAGTCCGA-1	T	14
GCACCTTAGCACACCC-1	B	3
GCACCTTAGTCAACTC-1	T	8
GCACCTTCAATGGTAA-1	T	14
GCACCTTCACGTTGTA-1	B	3
GCACCTTCAGCCACGT-1	NK	2
GCACCTTGTATCAGCT-1	T	9
GCACCTTGTTGCTTGA-1	T	15
GCACCTTTCATACTTC-1	T	8
GCACCTTTCGCAAGCC-1	T	16
GCACCTTTCTCCTTGG-1	T	14
GCACGCAAGAAGAGTG-1	T	4
GCACGCAAGTAATCAG-1	NK	13
GCACGCAAGTCATACC-1	NK	13
GCACGCACAGGTAACG-1	T	7
GCACGCAGTCAGTGCC-1	T	0
GCACGCAGTTGCCGCA-1	T	6
GCACGCAGTTTGTCTT-1	T	11
GCACGCATCAGATACC-1	B	3
GCACGCATCCTCCTGA-1	B	3
GCACGCATCTCGCGGA-1	T	15
GCACGCATCTGGTACA-1	NK	2
GCACGGTAGGCCAATG-1	T	14
GCACGGTCACATCATG-1	NK	13
GCACGGTCAGCCACGT-1	T	9
GCACGGTCATGGCCCA-1	T	1
GCACGGTGTATCCCTC-1	T	5
GCACGGTGTCATAAGA-1	T	11
GCACGGTGTTGGGAAC-1	T	15
GCACGGTGTTGTGACT-1	NK	2
GCACGGTGTTTGCCCT-1	T	16
GCACGGTTCAAGAGAT-1	T	9
GCACGGTTCGCAAGCC-1	T	17
GCACGGTTCGTCCCAT-1	T	17
GCACGGTTCGTCTAGA-1	T	19
GCAGATTAGATATGTG-1	T	17
GCAGATTAGCTATCGT-1	T	1
GCAGATTAGGCTAAAT-1	T	11
GCAGATTAGGTCACTT-1	T	17
GCAGATTGTGAGTTGG-1	T	0
GCAGATTGTGCACATT-1	T	8
GCAGATTGTGTCGTGC-1	T	8
GCAGATTGTTTCGACA-1	NK	13
GCAGATTTCAGGAAGC-1	T	19
GCAGATTTCATCGCAA-1	T	12
GCAGCCAAGAGAGGTA-1	NK	2
GCAGCCAAGCAATGTA-1	NK	13
GCAGCCAAGCGAGAAA-1	T	17
GCAGCCAAGTCGGGAT-1	T	15
GCAGCCAAGTGATATG-1	T	7
GCAGCCACAGAGTCGA-1	T	11
GCAGCCACATGCGTTA-1	T	17
GCAGCCAGTAAGCCTT-1	B	3
GCAGCCAGTCGTCGCA-1	T	0
GCAGCCAGTTCCGGCA-1	T	9
GCAGCCAGTTTGTGAC-1	T	4
GCAGCCATCAAGAGAT-1	T	19
GCAGCCATCAGCACTA-1	NK	2
GCAGCCATCCTAAGTG-1	T	9
GCAGCCATCTGAAAGA-1	B	10
GCAGCTGAGACTAGCG-1	T	1
GCAGCTGCAGTAGTTC-1	T	4
GCAGCTGGTCATAGCT-1	T	12
GCAGCTGGTGAATGTA-1	T	12
GCAGCTGGTGATCAGG-1	Epithelial	18
GCAGCTGGTGGTAGAC-1	T	17
GCAGCTGTCGGTTCCT-1	T	12
GCATGATAGACCCATT-1	B	10
GCATGATAGGCAGTGT-1	T	4
GCATGATAGGTCTTTG-1	T	4
GCATGATAGTTACCAC-1	T	1
GCATGATAGTTAGCAA-1	T	14
GCATGATCAATCAGGG-1	T	8
GCATGATCACGATATC-1	T	5
GCATGATCACGCGCAT-1	B	10
GCATGATCACTGATAC-1	T	5
GCATGATCAGTCAGAG-1	NK	2
GCATGATCATTACTCT-1	T	4
GCATGATGTCATAGAA-1	T	15
GCATGATGTGATAACA-1	T	17
GCATGATTCACTAGCA-1	B	3
GCATGATTCGTCGCAG-1	T	9
GCATGATTCTGACTTT-1	T	14
GCATTCCAGATAGGTT-1	B	3
GCATTCCAGTCTCTAG-1	T	15
GCATTCCAGTTCGTTG-1	T	7
GCATTCCCACGAACGA-1	T	12
GCATTCCCATCTCACC-1	T	17
GCATTCCGTAGAAGCC-1	B	3
GCATTCCGTCAGAGTG-1	T	17
GCATTCCTCATTCATC-1	T	11
GCATTCCTCTCATATC-1	Epithelial	18
GCATTGAAGATACCAA-1	T	9
GCATTGAAGCCAGAAC-1	B	3
GCATTGAAGCGTCTGC-1	T	11
GCATTGAAGCTCCGGT-1	T	12
GCATTGAAGTAATGTG-1	B	3
GCATTGAAGTCTAGAA-1	T	19
GCATTGACATAGTCCA-1	T	11
GCATTGAGTAACGTAA-1	T	15
GCATTGAGTGTGTGTT-1	T	11
GCATTGAGTTAGGCTT-1	T	8
GCATTGATCAGGATCT-1	B	10
GCATTGATCGAACCGC-1	T	1
GCATTGATCGTTACAG-1	NK	2
GCCAGACAGGATCCTT-1	NK	13
GCCAGACAGGTGAACC-1	T	9
GCCAGACAGTCTTAGC-1	T	7
GCCAGACAGTGAATAC-1	T	8
GCCAGACGTAGCATGG-1	NK	13
GCCAGACGTATGGGTG-1	T	15
GCCAGACGTCTGGATT-1	T	8
GCCAGACTCACGTCAA-1	B	10
GCCAGACTCCCACTAC-1	Epithelial	18
GCCAGACTCTATCCTA-1	B	10
GCCAGACTCTCTATCA-1	T	15
GCCAGACTCTTACCTA-1	T	5
GCCAGCAAGAAATACC-1	T	14
GCCAGCAAGAACGACC-1	T	14
GCCAGCAAGTGATTAG-1	T	0
GCCAGCAAGTTATGAG-1	T	16
GCCAGCACATGATCGT-1	T	14
GCCAGCAGTAGTATCC-1	T	14
GCCAGCAGTCTGCGCA-1	T	17
GCCAGCAGTGAAACAT-1	NK	2
GCCAGCAGTGTAGGAC-1	T	6
GCCAGCATCCTGGAAT-1	T	17
GCCAGCATCGTGGAAG-1	B	3
GCCAGCATCTCCAACC-1	T	8
GCCATAAAGAACAGGA-1	T	7
GCCATAAAGACGAAAG-1	T	7
GCCATAAAGCTAACAA-1	T	1
GCCATAAAGCTACGCC-1	T	16
GCCATAAAGTTCGACT-1	T	19
GCCATAACACTACACA-1	T	8
GCCATAATCGAACACT-1	T	19
GCCATAATCTGACTTT-1	T	7
GCCCAGAAGCGCAATG-1	B	3
GCCCAGAAGCTAGCAG-1	NK	2
GCCCAGAAGGGTATCG-1	T	1
GCCCAGAAGTCGATAA-1	T	17
GCCCAGACAACTAGAA-1	T	1
GCCCAGACACCACCAG-1	T	11
GCCCAGAGTGTCCCAG-1	T	8
GCCCAGAGTTACTACG-1	T	19
GCCCAGATCTGTGTCC-1	T	15
GCCCGAAAGAAATGGG-1	T	11
GCCCGAAAGTCGTACT-1	T	8
GCCCGAAAGTTCGACT-1	T	1
GCCCGAAAGTTTACGC-1	NK	13
GCCCGAAAGTTTGGAA-1	T	4
GCCCGAAGTCACCCGA-1	T	9
GCCCGAAGTCGCGCTA-1	NK	13
GCCCGAAGTCTGATTG-1	T	9
GCCCGAAGTGATTCCA-1	T	0
GCCCGAAGTGCAGACA-1	T	19
GCCCGAAGTGCCCAGT-1	T	12
GCCCGAAGTTAGGAAT-1	NK	13
GCCCGAAGTTATGCAC-1	T	9
GCCCGAAGTTGGCTTA-1	B	10
GCCCGAATCAAGGCCC-1	T	15
GCCCGAATCCTGTAGA-1	T	12
GCCTACTCACAATAAG-1	B	10
GCCTACTCACCGATCG-1	T	14
GCCTACTGTTAGGCTT-1	T	12
GCCTACTTCAAACCCA-1	NK	13
GCCTACTTCCTCTCTT-1	T	7
GCCTACTTCGACTATG-1	T	1
GCCTACTTCGGTAGGA-1	T	15
GCCTAGGAGAGGCAGG-1	B	3
GCCTAGGAGCCGCTGT-1	T	4
GCCTAGGAGGGTGTTG-1	B	3
GCCTAGGAGTAATCAG-1	T	19
GCCTAGGAGTCCGGAA-1	T	11
GCCTAGGCACGCGTTG-1	T	17
GCCTAGGCACGGCCAT-1	T	16
GCCTAGGCATCGGCCA-1	T	1
GCCTAGGGTACAACGG-1	T	15
GCCTAGGGTCAGGCTC-1	T	12
GCCTAGGGTCCGTCGA-1	T	12
GCCTAGGGTTACTACG-1	T	19
GCCTAGGGTTAGGCTT-1	T	9
GCCTAGGTCAAACCCA-1	NK	2
GCCTAGGTCAGGGTTT-1	T	1
GCCTAGGTCAGTGTAC-1	T	19
GCCTAGGTCGCTAGTA-1	T	1
GCGAGAAAGAAACGCC-1	Epithelial	18
GCGAGAAAGTATACCC-1	T	19
GCGAGAAAGTCCAGAG-1	B	10
GCGAGAAAGTGAGTGC-1	T	1
GCGAGAAAGTGTCGCC-1	B	3
GCGAGAACACTCAAGT-1	T	15
GCGAGAACAGGTAGCA-1	B	3
GCGAGAACAGGTCTGC-1	T	11
GCGAGAAGTAGTTTGC-1	T	15
GCGAGAAGTGCGACCT-1	T	4
GCGAGAAGTGTGTGTT-1	T	7
GCGAGAAGTTAGGAGC-1	T	0
GCGAGAATCCGTGCAG-1	B	3
GCGAGAATCGCAGATT-1	B	3
GCGAGAATCTGATCCC-1	B	3
GCGAGTCCAAGGGAGG-1	B	3
GCGAGTCCAAGTTCGT-1	T	4
GCGAGTCCACTGCTCT-1	T	15
GCGAGTCCAGTCAGCC-1	T	14
GCGAGTCGTAGGGTCA-1	NK	2
GCGAGTCGTTTAAGGA-1	B	3
GCGAGTCTCGAGGTCC-1	T	14
GCGAGTCTCTCCCTTT-1	T	7
GCGAGTCTCTCCTTAA-1	T	4
GCGAGTCTCTCTATTG-1	T	6
GCGATCGAGAAGCCTG-1	T	17
GCGATCGAGCTGGAGT-1	T	12
GCGATCGCAACTTGGT-1	T	17
GCGATCGCACGACGAA-1	T	9
GCGATCGGTATCTGCA-1	B	3
GCGATCGGTGCGCTCA-1	T	9
GCGATCGGTGTTTCTT-1	T	7
GCGATCGGTTCTGAGT-1	T	4
GCGATCGGTTTAGAAG-1	T	15
GCGATCGTCCGCTCTA-1	T	17
GCGATTAAGAGTAAGG-1	T	15
GCGATTAAGATACCAA-1	NK	2
GCGATTAAGATCGCCC-1	T	9
GCGATTACAATACTGC-1	B	3
GCGATTACACCATTCC-1	T	5
GCGATTACACTGATTG-1	T	9
GCGATTACAGAGTCGA-1	T	0
GCGATTACATCCCGGA-1	T	9
GCGATTAGTAGACACG-1	T	12
GCGATTAGTCCTTCAC-1	T	5
GCGCATGAGTCACGCC-1	T	15
GCGCATGCACTAAACC-1	T	5
GCGCATGCATCGTACA-1	T	15
GCGCATGTCATTCGGA-1	T	8
GCGCCAAAGAGAACCC-1	T	16
GCGCCAAAGGTTCGAG-1	T	8
GCGCCAACAATCACTG-1	NK	2
GCGCCAAGTTCTTATC-1	T	9
GCGCCAATCCCTACCA-1	T	11
GCGCCAATCGGTAGGA-1	T	5
GCGCCAATCGGTTCCT-1	NK	13
GCGCCAATCGTTGTAG-1	T	1
GCGGAAAAGGATTGAT-1	T	8
GCGGAAACAATCCATG-1	T	7
GCGGAAACACCCTTAC-1	T	15
GCGGAAACAGTCAGAG-1	T	19
GCGGAAAGTACAAATG-1	B	3
GCGGAAAGTATCACAC-1	T	1
GCGGAAAGTCAATCCA-1	T	8
GCGGAAAGTGCGTGTC-1	T	1
GCGGAAAGTTTCCACC-1	T	15
GCGGAAATCAGGTTTG-1	T	7
GCGGGTTAGACTTCCA-1	T	9
GCGGGTTAGAGGAAGT-1	B	3
GCGGGTTAGTGAAACT-1	T	9
GCGGGTTCAACGCAAG-1	T	1
GCGGGTTCAGGCACAA-1	T	11
GCGGGTTCATTGCACA-1	T	1
GCGGGTTGTAAACGGC-1	T	15
GCGGGTTGTAACCATC-1	T	17
GCGGGTTGTAATGTGA-1	T	9
GCGGGTTGTGCACATT-1	T	17
GCGGGTTTCACATTCT-1	T	14
GCGGGTTTCGATCGCG-1	T	15
GCGGTGTAGAGAACCC-1	T	14
GCGGTGTAGATAGGTT-1	T	7
GCGGTGTAGCTCGGCT-1	T	14
GCGGTGTAGGGACGTT-1	T	15
GCGGTGTAGTCTAGAA-1	NK	2
GCGGTGTAGTCTTAGC-1	T	9
GCGGTGTCAACGCACC-1	T	9
GCGGTGTCAAGTCTCA-1	T	16
GCGGTGTCACTTTGGA-1	T	0
GCGGTGTGTGATGCGA-1	T	11
GCGGTGTGTGGGTAGT-1	T	7
GCGGTGTGTTTGACCA-1	B	3
GCGGTGTGTTTGATCG-1	B	3
GCGGTGTTCCTGGAAT-1	T	15
GCGTAGCAGGATGTCG-1	T	19
GCGTAGCAGTGCTAGG-1	T	17
GCGTAGCCACATCATG-1	T	4
GCGTAGCCAGTAACGG-1	B	3
GCGTAGCGTTCCAATG-1	T	6
GCGTAGCGTTTGTAGC-1	B	10
GCGTAGCTCGTTCAGA-1	T	0
GCGTAGCTCTTCCACG-1	T	11
GCGTAGCTCTTGGCCT-1	T	8
GCGTTGGAGCGAGAAA-1	T	17
GCGTTGGAGTTAGCGG-1	T	16
GCGTTGGCAAGACTAA-1	NK	13
GCGTTGGCAGAAAGAG-1	T	9
GCGTTGGCAGCAACAG-1	B	3
GCGTTGGGTGATAAGT-1	T	4
GCGTTGGTCACTAGCA-1	T	8
GCGTTGGTCCCACGGA-1	NK	13
GCTCACTAGCCATGGA-1	T	19
GCTCACTAGGTTGTGG-1	T	15
GCTCACTAGTCTGGGA-1	T	7
GCTCACTCAAGCACTT-1	B	3
GCTCACTCAAGCCTTA-1	T	1
GCTCACTGTCTAAAGA-1	T	15
GCTCACTGTCTGATTG-1	T	11
GCTCACTTCTCTGTTA-1	T	11
GCTCAGGAGAAATGGG-1	Epithelial	18
GCTCAGGAGCTGCCAC-1	T	11
GCTCAGGAGGGAAGCG-1	T	9
GCTCAGGAGTCTCGAT-1	NK	2
GCTCAGGAGTGCTAGG-1	T	14
GCTCAGGCAAGTGGCA-1	T	9
GCTCAGGCATGTAGAA-1	T	12
GCTCAGGGTCAATACC-1	T	11
GCTCAGGGTGCTGTGC-1	T	7
GCTCAGGTCGATGTAC-1	T	5
GCTCAGGTCGTGGCGT-1	T	1
GCTCAGGTCTGGCTAA-1	B	3
GCTCCTACAATGTGTC-1	T	8
GCTCCTACACATAAAG-1	B	10
GCTCCTACACTCCTCA-1	T	15
GCTCCTAGTAATGCAA-1	T	8
GCTCCTAGTGCACTTA-1	T	5
GCTCCTAGTTTAAGCC-1	T	1
GCTCCTATCACCCTTG-1	T	5
GCTCCTATCACTCCCA-1	T	11
GCTCCTATCAGGATCT-1	B	3
GCTCGAGAGGATGTAT-1	T	11
GCTCGAGAGGTAGGCT-1	T	16
GCTCGAGCAAAGAAGG-1	T	17
GCTCGAGCAAATTCCG-1	T	4
GCTCGAGCACAGCCAC-1	NK	13
GCTCGAGCACGTTGTA-1	T	11
GCTCGAGCATGCACTA-1	B	10
GCTCGAGGTACGTAGG-1	T	16
GCTCGAGGTAGTAACA-1	NK	2
GCTCGAGGTAGTCTGT-1	T	16
GCTCGAGTCTGGCTAA-1	T	4
GCTGAGCAGGATTGAT-1	T	9
GCTGAGCAGGCCAATG-1	T	7
GCTGAGCAGGGTATCG-1	T	19
GCTGAGCAGTTACCAC-1	T	8
GCTGAGCCAACTCGTA-1	T	14
GCTGAGCCAATGCATC-1	T	19
GCTGAGCCACAATAAG-1	T	19
GCTGAGCCACACGGTC-1	T	1
GCTGAGCGTAACGGAC-1	T	6
GCTGAGCGTAGCTGTT-1	NK	13
GCTGAGCGTATCATGC-1	T	4
GCTGAGCGTCAGCTTA-1	T	9
GCTGAGCGTGAATCAA-1	NK	2
GCTGAGCTCCTTTGCG-1	T	17
GCTGCGAAGTGATAAC-1	T	14
GCTGCGAGTGTGACCC-1	T	9
GCTGCGAGTTCCGGCA-1	T	11
GCTGCGAGTTCTACGA-1	NK	2
GCTGCGATCACAGGGA-1	T	0
GCTGCGATCTATCCTA-1	NK	13
GCTGTTCAGCAGTAGC-1	T	7
GCTGTTCAGCTGATTC-1	T	4
GCTGTTCAGTACGCGA-1	T	12
GCTGTTCAGTATAGTG-1	NK	13
GCTGTTCAGTGAACCG-1	T	16
GCTGTTCCAAAGAAGG-1	T	7
GCTGTTCCACAGGAAC-1	T	4
GCTGTTCCATTCCCGT-1	T	8
GCTGTTCGTATGCTAC-1	NK	13
GCTGTTCGTTAGAGAT-1	B	10
GCTGTTCGTTGTGACT-1	T	19
GCTGTTCTCGACCCGA-1	T	4
GCTGTTCTCTTGTCAT-1	NK	13
GCTTAAGAGCCTGTAT-1	T	9
GCTTAAGAGTGAGCAC-1	T	9
GCTTAAGAGTGCCCTG-1	T	15
GCTTAAGCAACTTGGT-1	T	5
GCTTAAGCACACATGT-1	T	12
GCTTAAGCATGATTGC-1	T	8
GCTTAAGGTAACTGAA-1	T	19
GCTTAAGGTCGACTGC-1	T	19
GCTTAAGGTGAAACAT-1	T	15
GCTTAAGGTGGTCGAA-1	T	9
GCTTAAGGTTAGAGAT-1	T	17
GCTTAAGTCAATTCCT-1	T	12
GCTTAAGTCATCGCAA-1	T	19
GCTTGCTAGGGTCTGA-1	T	19
GCTTGCTAGGTTCGAG-1	T	14
GCTTGCTAGTCGTGAG-1	T	17
GCTTGCTCACCCTTTG-1	T	0
GCTTGCTGTGCAAAGC-1	T	12
GCTTGCTGTTCTGAGT-1	T	16
GCTTGCTGTTGGGAAC-1	T	19
GCTTGCTTCAACTTGG-1	T	7
GCTTGCTTCGAACCGC-1	T	8
GCTTGCTTCTTCTCTC-1	T	6
GCTTTCGAGACGCCCT-1	T	16
GCTTTCGAGGTAAGTT-1	T	8
GCTTTCGAGGTAGGCT-1	T	19
GCTTTCGAGTACTCTG-1	B	3
GCTTTCGCAAAGCATA-1	T	12
GCTTTCGGTACATGGG-1	T	11
GCTTTCGGTAGTCCAT-1	T	1
GCTTTCGGTATGTTCG-1	B	3
GCTTTCGGTCAGAAAT-1	B	3
GCTTTCGGTCATAGAA-1	T	16
GCTTTCGGTTAACCGT-1	T	11
GCTTTCGTCACAGGGA-1	NK	13
GCTTTCGTCGCCACTT-1	T	6
GCTTTCGTCGTGCTGG-1	T	1
GGAACCCAGACAGTGC-1	T	19
GGAACCCAGATGGGTC-1	T	1
GGAACCCAGTTCGCGC-1	T	1
GGAACCCCAACTTGGT-1	T	16
GGAACCCCACCCATCT-1	T	14
GGAACCCCACCGAATT-1	T	15
GGAACCCCATTGATGC-1	T	1
GGAACCCTCCATAGGT-1	T	1
GGAACCCTCCTCATTA-1	T	7
GGAACTTAGACCCATT-1	T	14
GGAACTTAGATCACCT-1	T	17
GGAACTTAGGTTCGTT-1	NK	2
GGAACTTCAAGTGGCA-1	T	0
GGAACTTCAGAACGAC-1	T	12
GGAACTTCATCTCACC-1	T	9
GGAACTTGTAAGCCTT-1	T	7
GGAACTTGTATGAAGT-1	B	10
GGAACTTGTCCGAGCT-1	T	19
GGAACTTGTCTGGTTA-1	NK	2
GGAACTTGTTCAGTTG-1	T	4
GGAACTTTCAGTGTGT-1	B	10
GGAACTTTCATGTTCT-1	T	1
GGAACTTTCGGGAATG-1	NK	2
GGAATCTAGCCAGAAC-1	B	3
GGAATCTAGGGAGATA-1	T	1
GGAATCTAGTCCGATT-1	T	17
GGAATCTCAACTTGGT-1	T	12
GGAATCTGTACTAGAA-1	T	15
GGAATCTGTAGCAGCA-1	T	0
GGAATCTGTGCCCGAT-1	NK	13
GGAATCTTCCAGGTAT-1	T	11
GGACACCCAGAATGCG-1	T	16
GGACACCCATTACCTT-1	T	11
GGACACCCATTGTGAC-1	T	14
GGACACCGTCTGGTTA-1	B	10
GGACACCGTGGATTTC-1	T	17
GGACACCTCCACTAGA-1	B	3
GGAGAACAGATGTTGA-1	T	4
GGAGAACAGTAGTGTA-1	B	3
GGAGAACAGTCCCTCT-1	T	9
GGAGAACAGTCCGGAA-1	B	3
GGAGAACAGTCCGTGC-1	T	5
GGAGAACAGTCGTGAG-1	NK	2
GGAGAACAGTTAGCAA-1	T	8
GGAGAACGTAGCAGCA-1	T	8
GGAGAACGTGCGCATC-1	T	19
GGAGAACGTTCCGCGA-1	T	5
GGAGAACGTTCTTAGG-1	T	16
GGAGAACGTTTGGATC-1	T	17
GGAGAACTCAGGTTTG-1	B	3
GGAGAACTCCAGAGAG-1	T	16
GGAGAACTCCAGTACA-1	NK	13
GGAGAACTCCCACTAC-1	T	7
GGAGAACTCGTGAGTT-1	B	3
GGAGGATAGAGCCTGA-1	T	1
GGAGGATAGGGTTCTT-1	T	9
GGAGGATCAACGTACT-1	Epithelial	18
GGAGGATCAAGGGAGG-1	T	7
GGAGGATGTTTGAAGA-1	T	9
GGAGGATTCCACGAGC-1	T	15
GGAGGATTCCCGGGTA-1	T	9
GGAGTAGAGGCCAGTA-1	T	11
GGAGTAGAGGGTCTGA-1	T	12
GGAGTAGCAAGCCAGA-1	T	17
GGAGTAGCACTTACAG-1	T	5
GGAGTAGCAGATACAA-1	T	4
GGAGTAGGTGGTAGAC-1	T	17
GGAGTAGTCAACGTGT-1	T	4
GGAGTAGTCGTCTTAT-1	B	3
GGATAGGAGCACGTAG-1	T	1
GGATAGGAGGGTCCCT-1	T	7
GGATAGGAGTCACACT-1	T	9
GGATAGGAGTTCTCCC-1	T	17
GGATAGGCAAGAGCGT-1	T	12
GGATAGGCAATGTAAG-1	T	8
GGATAGGCACAGCCAC-1	T	1
GGATAGGGTGATTCCA-1	T	1
GGATAGGGTGTCGTGC-1	T	16
GGATAGGTCCTCCCAA-1	B	3
GGATGAGAGAGACTCG-1	T	8
GGATGAGAGAGCGAAA-1	T	11
GGATGAGAGATGCGCA-1	T	8
GGATGAGCAGACTAAA-1	T	16
GGATGAGCAGTAACCT-1	T	7
GGATGAGGTAGCTGTT-1	NK	13
GGATGAGGTCCAACCG-1	T	5
GGATGAGGTCTCTGGG-1	T	9
GGATGAGGTGCATTCA-1	T	19
GGATGAGGTTCCCGGA-1	T	6
GGATGAGGTTCCGGCA-1	T	15
GGATGAGGTTTCGATG-1	T	9
GGATGAGTCATTCGGA-1	T	4
GGATGAGTCCGCTCTA-1	B	10
GGATGAGTCGGAAAGC-1	T	17
GGCACGTAGCTGATTC-1	T	1
GGCACGTAGTACGACG-1	T	17
GGCACGTAGTCCAGAG-1	T	5
GGCACGTCACGCGACT-1	T	15
GGCACGTCACGGTGTC-1	T	1
GGCACGTCACGTTGTA-1	T	9
GGCACGTCATGCGCTG-1	T	11
GGCACGTGTATATGGA-1	T	12
GGCACGTGTCCCGAGT-1	T	7
GGCACGTGTGCCCTAG-1	NK	13
GGCACGTTCAGGGTTT-1	B	3
GGCACGTTCCATTGAG-1	NK	2
GGCACGTTCCGGCTGA-1	T	0
GGCATTAAGAAAGGGT-1	T	16
GGCATTAAGCCCATGC-1	T	6
GGCATTACACTGCTTC-1	T	17
GGCATTACATCTCTCG-1	T	15
GGCATTAGTAACGGCA-1	NK	13
GGCATTAGTTCAGTTG-1	T	1
GGCATTAGTTCCTATT-1	T	12
GGCATTATCCTCTCTT-1	T	15
GGCATTATCGCGGCAT-1	B	10
GGCATTATCGTGGAAG-1	T	16
GGCATTATCTACTGCC-1	T	9
GGCGAAAAGAGGCGGA-1	T	17
GGCGAAAAGATAGGTT-1	NK	2
GGCGAAAAGGCATGCA-1	NK	2
GGCGAAAAGTAACATG-1	T	12
GGCGAAACAGTGGTCC-1	T	8
GGCGAAACATTGCCTC-1	T	1
GGCGAAAGTAAAGGCC-1	T	11
GGCGAAAGTCGTCGCA-1	T	0
GGCGAAAGTGCTGTCG-1	NK	2
GGCGAAATCCTTTGAT-1	T	15
GGCGTTGAGATCGAGC-1	T	19
GGCGTTGCAACTAGAA-1	T	15
GGCGTTGCAAGCAATA-1	T	7
GGCGTTGCACCGTCTT-1	T	0
GGCGTTGCATGTAGAA-1	T	12
GGCGTTGGTATGAAGT-1	T	5
GGCGTTGGTCAGACGA-1	NK	2
GGCGTTGGTCCAGACC-1	T	0
GGCGTTGGTTAACCGT-1	T	9
GGCGTTGTCGCTGATA-1	T	7
GGGAACAAGCTGCTCG-1	T	5
GGGAACAAGGGATCCA-1	T	6
GGGAACAAGTGAGTTA-1	T	12
GGGAACACACAGAAGC-1	T	17
GGGAACACACGTTGTA-1	B	3
GGGAACACATTACTTC-1	T	15
GGGAACAGTAAAGCTA-1	T	9
GGGAACAGTACTATGC-1	NK	13
GGGAACAGTAGCTGTT-1	T	15
GGGAACAGTCTGGGCT-1	T	12
GGGAACATCATGAACC-1	NK	13
GGGAACATCGTGGCGT-1	NK	13
GGGACCTAGCCCATTA-1	T	6
GGGACCTAGCGTTAGG-1	T	19
GGGACCTCAATTGCCA-1	B	10
GGGACCTCACACTAGT-1	NK	2
GGGACCTGTAGAACGC-1	T	6
GGGACCTGTGCTGGCT-1	T	0
GGGACCTGTGGACTGA-1	T	15
GGGACCTTCAATCGTG-1	B	3
GGGACCTTCTATCTAC-1	B	10
GGGCCATAGAACAGGA-1	Epithelial	18
GGGCCATAGATCGATA-1	T	12
GGGCCATAGGTCCTCG-1	T	7
GGGCCATGTCAAATCC-1	T	16
GGGCCATGTTAGGAAT-1	T	11
GGGCCATGTTTGAAGA-1	T	19
GGGCCATTCAGCCGGT-1	T	12
GGGCCATTCCCAGTAA-1	T	4
GGGCCATTCTGGCGCA-1	T	19
GGGTCTGAGCAGGACT-1	T	11
GGGTCTGAGGCACCTC-1	T	17
GGGTCTGAGGCTGGAT-1	T	8
GGGTCTGCAATGGCTT-1	T	1
GGGTCTGCATAGTCCA-1	T	15
GGGTCTGCATGTGAGG-1	NK	13
GGGTCTGGTACAAGCG-1	T	8
GGGTCTGGTGTTGTTG-1	T	1
GGGTCTGTCCGTCAAA-1	T	17
GGGTCTGTCGACGGAA-1	T	4
GGGTCTGTCGACTCGG-1	T	17
GGGTCTGTCGATCGCG-1	T	5
GGGTCTGTCGCTACCT-1	B	10
GGGTGTCAGAGCCACA-1	T	12
GGGTGTCCAAAGAGAG-1	T	8
GGGTGTCCAACAAACA-1	T	0
GGGTGTCCAAGCAATA-1	T	19
GGGTGTCCAGGCAGAT-1	T	4
GGGTGTCGTAGAGAGA-1	T	9
GGGTGTCGTTATAGAG-1	T	8
GGGTGTCTCACCACAA-1	T	4
GGGTGTCTCGTATAGC-1	T	19
GGGTGTCTCTATCTTG-1	T	1
GGGTGTCTCTCGTGAA-1	NK	13
GGGTGTCTCTTAAGCG-1	NK	2
GGGTTATAGACTAGGC-1	T	1
GGGTTATCAAATGCTC-1	T	11
GGGTTATCACGCTCAG-1	T	19
GGGTTATCAGATGGCA-1	NK	13
GGGTTATCAGTAACGG-1	B	3
GGGTTATGTATGAAGT-1	T	17
GGGTTATGTCGATAGG-1	T	14
GGGTTATGTGTTGGTT-1	T	17
GGGTTATGTTACCACA-1	T	0
GGGTTATGTTCACGTA-1	T	11
GGGTTATGTTCAGTTG-1	T	9
GGGTTATGTTCCCTTG-1	T	1
GGGTTATGTTGCAGCC-1	T	15
GGGTTATGTTTGCCCT-1	T	11
GGGTTATTCCCTACGT-1	T	1
GGGTTATTCGTAGCGC-1	T	16
GGTACCGAGGTGTTGG-1	Epithelial	18
GGTACCGAGTAACTCC-1	T	8
GGTACCGAGTACAACA-1	Epithelial	18
GGTACCGAGTATAGTG-1	T	0
GGTACCGCAAATGCTC-1	T	7
GGTACCGCATTACCTT-1	T	7
GGTACCGGTCCTATTT-1	NK	13
GGTACCGGTTACCCAA-1	T	0
GGTACCGGTTCAGTTG-1	T	17
GGTACCGTCCCGAAGC-1	T	1
GGTACCGTCGCGCCAA-1	NK	2
GGTACCGTCGGCATAT-1	B	3
GGTACCGTCGGGACAA-1	T	1
GGTAGGAAGAACGTTA-1	T	4
GGTAGGAAGATTACGA-1	T	17
GGTAGGACAAGTCTGT-1	T	16
GGTAGGACATCAGCTA-1	T	8
GGTAGGAGTTCTTTCA-1	B	10
GGTAGGATCAGTCACA-1	T	15
GGTAGGATCGAACACT-1	T	0
GGTAGGATCGTGCTGG-1	B	10
GGTAGGATCTCCAACC-1	T	6
GGTCATAAGCAACGGT-1	T	4
GGTCATAAGCCGCAAA-1	T	9
GGTCATAAGCCTCGCA-1	T	8
GGTCATACAAGGAACC-1	NK	13
GGTCATACATCCCAAA-1	T	1
GGTCATACATTCTTTG-1	T	4
GGTCATAGTAACTCCA-1	T	19
GGTCATAGTACAAGCG-1	T	4
GGTCATAGTAGCGGTA-1	T	1
GGTCATAGTATTCTCT-1	B	3
GGTCATAGTGCGACCT-1	T	6
GGTCATAGTGTCGTGC-1	NK	13
GGTCATATCGCCCTTA-1	T	1
GGTCATATCTATCTTG-1	T	1
GGTGAAGAGAGAGGTA-1	T	5
GGTGAAGAGGACCGAT-1	T	15
GGTGAAGAGTTCGACT-1	T	14
GGTGAAGCAAGCTTTG-1	T	7
GGTGAAGCAAGTAATG-1	T	1
GGTGAAGCACAGTTAC-1	T	19
GGTGAAGCACTCAGCG-1	B	3
GGTGAAGGTCAAATCC-1	NK	13
GGTGAAGGTCACCCGA-1	T	14
GGTGAAGGTCCCGAGT-1	T	16
GGTGAAGGTGCAAGAC-1	T	9
GGTGAAGGTGTTGTTG-1	T	9
GGTGAAGTCACGTCAA-1	B	3
GGTGAAGTCCCAGCAG-1	T	8
GGTGAAGTCGCTTGAA-1	T	12
GGTGAAGTCGTTACAG-1	T	12
GGTGCTGAGGAACCGT-1	T	5
GGTGCTGAGGGTATCG-1	T	19
GGTGCTGCAACGGACA-1	T	11
GGTGCTGCACCACGAC-1	T	4
GGTGCTGCACTGTTAG-1	T	14
GGTGCTGCAGGGCTTC-1	T	14
GGTGCTGCATCATCGA-1	T	5
GGTGCTGCATGCGCTG-1	T	8
GGTGCTGGTAACATAG-1	T	15
GGTGCTGGTACCTATG-1	T	11
GGTGCTGGTCTCTGGG-1	T	17
GGTGCTGGTTTCCGGG-1	Epithelial	18
GGTGCTGTCTATAGGC-1	T	19
GGTGCTGTCTTTGCAT-1	T	4
GGTGTCGAGGGCATTG-1	NK	13
GGTGTCGAGTTGAATG-1	T	11
GGTGTCGCAACGAGGT-1	T	0
GGTGTCGCACGGTTAT-1	T	19
GGTGTCGGTATGCTAC-1	NK	2
GGTGTCGTCCCGTATC-1	T	7
GGTTGCGAGAAAGCAG-1	T	14
GGTTGCGAGCACACCC-1	NK	2
GGTTGCGAGGCTGGAT-1	T	12
GGTTGCGCAACGGGTA-1	B	10
GGTTGCGCAGGTTATC-1	T	1
GGTTGCGGTTGGTAAA-1	T	4
GGTTGCGTCGACTGGC-1	B	3
GGTTGCGTCTCTGTTA-1	NK	13
GGTTGCGTCTTAACGG-1	T	4
GTAATCGAGAGTCCGA-1	T	15
GTAATCGAGGCAAGCT-1	T	8
GTAATCGAGTGATAAC-1	T	19
GTAATCGCAAATGTCC-1	T	5
GTAATCGCACGTTAGT-1	B	3
GTAATCGCAGGATAGC-1	T	0
GTAATCGCATGGATGG-1	T	4
GTAATCGGTTAGTAGA-1	T	12
GTAATCGGTTTGTCTT-1	T	8
GTAATCGTCTGAGTCA-1	B	3
GTAATCGTCTTGCGCT-1	B	3
GTACTTTAGATATGAC-1	B	3
GTACTTTGTGAAACAT-1	T	15
GTACTTTTCACACGTA-1	T	8
GTACTTTTCCGCGATG-1	NK	13
GTACTTTTCTGAGTCA-1	T	19
GTAGACTAGGTAAGTT-1	T	14
GTAGACTAGTGGTGTG-1	T	1
GTAGACTCAAGCAACG-1	T	9
GTAGACTCAGGAGCAT-1	Epithelial	18
GTAGACTGTTCCATCC-1	B	10
GTAGACTTCAAGGCCC-1	B	3
GTAGACTTCCAATAGC-1	T	14
GTAGACTTCTTACTCA-1	T	8
GTAGGAGAGACACGGT-1	B	3
GTAGGAGAGGAGGCGA-1	T	5
GTAGGAGAGTTGCGCC-1	T	15
GTAGGAGCAAGCCCTG-1	B	10
GTAGGAGCAAGTGGCA-1	B	3
GTAGGAGGTAGGGTCA-1	T	12
GTAGGAGGTTCTACGA-1	T	19
GTAGGAGGTTTGTGAC-1	B	3
GTAGGAGTCCATAGGT-1	NK	2
GTAGGAGTCGCCAGAC-1	T	15
GTAGTACAGCGAATAT-1	T	19
GTAGTACAGGAGTCTG-1	T	11
GTAGTACCATTACTCT-1	T	14
GTAGTACGTAGTCTGT-1	T	6
GTAGTACGTCCAAGTT-1	T	11
GTAGTACGTCTGGGAA-1	T	5
GTAGTACGTTACACTG-1	T	8
GTAGTACTCTATCTAC-1	B	3
GTCACAAAGATCGAGC-1	NK	13
GTCACAACACATATCG-1	T	14
GTCACAACACCTCGTT-1	B	10
GTCACAACATAGAATG-1	B	10
GTCACAACATCAGAAA-1	T	15
GTCACAACATGCCCTT-1	T	7
GTCACAAGTAATGCAA-1	NK	13
GTCACAAGTGGACTGA-1	Epithelial	18
GTCACAAGTGTGAGGT-1	T	6
GTCACAAGTTCTGAGT-1	T	7
GTCACAATCCAACCTC-1	Epithelial	18
GTCACAATCCCATAGA-1	T	19
GTCACAATCCGGAAAG-1	T	4
GTCACAATCGCTTCAC-1	B	10
GTCACAATCTTCGTTA-1	B	3
GTCACCTAGGTACACG-1	NK	13
GTCACCTCAATACTGC-1	T	7
GTCACCTCACGTTACA-1	T	9
GTCACCTCAGAACAGC-1	T	0
GTCACCTCAGGATGTG-1	T	15
GTCACCTCATGGTATC-1	T	14
GTCACCTCATTTGGCA-1	B	10
GTCACCTGTCCGTAGC-1	T	14
GTCACCTGTCCTTCAC-1	NK	2
GTCACCTGTGATGTGG-1	T	8
GTCACCTGTGCTGTGC-1	T	12
GTCACCTGTTGAAGCG-1	T	8
GTCACCTTCCGGACTG-1	T	8
GTCACCTTCTTAAGCG-1	T	7
GTCACGGCAACTCAAC-1	NK	2
GTCACGGGTAACTGAA-1	T	11
GTCACGGGTACGCAAG-1	T	4
GTCACGGGTCCCTTTG-1	T	11
GTCACGGTCACAACAC-1	T	0
GTCACGGTCATACTTC-1	T	4
GTCACGGTCCTTTGAT-1	B	3
GTCACTCAGGCCTCGT-1	T	19
GTCACTCAGTCGTGAG-1	T	11
GTCACTCAGTTGCGCC-1	T	7
GTCACTCCAACTGCGC-1	T	11
GTCACTCCAGATAAGT-1	NK	2
GTCACTCCATTGCACA-1	B	3
GTCACTCGTAGAAGCC-1	T	19
GTCACTCGTGGTCGAA-1	T	19
GTCACTCGTGTCCCAG-1	T	17
GTCACTCGTTCTGAGT-1	B	3
GTCACTCTCCCGTATC-1	B	3
GTCCATCAGAAACGCC-1	T	9
GTCCATCAGCAACGGT-1	T	15
GTCCATCAGCATGTGG-1	T	14
GTCCATCAGCTGATTC-1	T	12
GTCCATCAGGTTCGTT-1	T	12
GTCCATCAGTAGGAAG-1	T	7
GTCCATCCAAGATTAG-1	T	14
GTCCATCCAGGTAGCA-1	T	9
GTCCATCGTGATGTGG-1	T	6
GTCCATCTCGGCAATT-1	B	3
GTCCATCTCGTATAGC-1	T	5
GTCCATCTCGTGGCGT-1	T	12
GTCGTAAAGAAGAGTG-1	T	5
GTCGTAAAGCCGCAAA-1	T	9
GTCGTAAAGTTCAGGG-1	T	1
GTCGTAACAATTCGTG-1	T	0
GTCGTAACAGGATAGC-1	T	1
GTCGTAACATTCTTTG-1	T	11
GTCGTAAGTCAGAGTG-1	T	8
GTCGTAAGTGAATGTA-1	T	1
GTCGTAAGTTACGGAG-1	T	19
GTCGTAATCCATAGGT-1	T	17
GTCTACCAGACCGCAA-1	T	5
GTCTACCAGATGAGGA-1	T	16
GTCTACCAGGCCAGTA-1	T	8
GTCTACCAGGCGACTA-1	NK	2
GTCTACCAGGTAAGCC-1	T	6
GTCTACCCACCACCAG-1	B	3
GTCTACCCATCATAGC-1	T	17
GTCTACCTCAGATACC-1	T	8
GTCTACCTCATCATGG-1	T	1
GTCTACCTCCGGCGAT-1	Epithelial	18
GTCTACCTCGATAGCT-1	T	16
GTGACATAGAACGTTA-1	T	14
GTGACATAGACTTCCA-1	NK	13
GTGACATAGAGAACCC-1	T	15
GTGACATAGCCATGGA-1	T	7
GTGACATAGCTTCAAC-1	T	7
GTGACATAGGATTGAT-1	T	17
GTGACATCAATTGCCA-1	NK	2
GTGACATCAGGTAACG-1	T	14
GTGACATCATGGTATC-1	T	16
GTGACATGTACCGGCT-1	T	4
GTGACATGTCTGTTGA-1	T	5
GTGACATGTGTCTCGG-1	T	8
GTGACATTCCTCAAGA-1	T	19
GTGACATTCTGCTACC-1	T	1
GTGACATTCTGGAAGG-1	T	14
GTGACATTCTGTTGCC-1	B	3
GTGATCAAGAAATCTG-1	T	6
GTGATCAAGCAATAAC-1	T	5
GTGATCAAGGGAAGCG-1	NK	13
GTGATCACAGGCTACC-1	B	10
GTGATCACAGTTGCAT-1	T	4
GTGATCAGTCAGTGTT-1	T	17
GTGATCAGTTCTTAGG-1	T	16
GTGATCATCACACGTA-1	T	4
GTGATCATCATTCGGA-1	B	3
GTGATCATCGCTATTT-1	T	17
GTGCACGAGAACGCCA-1	T	1
GTGCACGAGTATGCTC-1	T	15
GTGCACGGTAGGGTCA-1	T	15
GTGCACGGTGCTTGAT-1	T	17
GTGCACGTCCAATCCC-1	B	3
GTGCACGTCGGATAGG-1	B	3
GTGCCAGAGCTGAAAT-1	NK	13
GTGCCAGCAAGCTTTG-1	B	3
GTGCCAGCACAAGGGT-1	T	17
GTGCCAGCACACACAT-1	T	17
GTGCCAGCACGTTAGT-1	T	11
GTGCCAGCAGGTCCTG-1	NK	13
GTGCCAGCATCACAGT-1	T	0
GTGCCAGGTAGGTAAT-1	T	12
GTGCCAGGTCCCGAGT-1	T	17
GTGCCAGGTGCGCTCA-1	T	17
GTGCCAGGTTCCCGGA-1	T	1
GTGCCAGGTTTAAGCC-1	T	11
GTGCCAGTCAGGATCT-1	T	4
GTGCCAGTCCAGGTCG-1	T	17
GTGCCAGTCCGGGCAT-1	B	10
GTGCTGGCACCGATCG-1	NK	13
GTGCTGGCACTACACA-1	T	15
GTGCTGGGTAATGTGA-1	T	11
GTGCTGGGTACGAGAC-1	B	3
GTGCTGGGTAGACGCA-1	T	9
GTGCTGGGTCAACTAC-1	T	4
GTGCTGGGTCATCAAC-1	T	7
GTGCTGGTCGCTGATA-1	T	17
GTGGATTCACTGTAAC-1	T	0
GTGGATTCAGTATCTG-1	T	17
GTGGATTCATATACGC-1	T	12
GTGGATTGTGCATTCA-1	T	0
GTGGATTGTTCTGAAC-1	NK	13
GTGGATTGTTTCAGCA-1	T	11
GTGGATTTCACAGGGA-1	T	4
GTGGATTTCGGTCTCT-1	T	17
GTGGCGTAGCTCGGCT-1	T	0
GTGGCGTCAGAACAGC-1	T	17
GTGGCGTCAGCAACCC-1	T	0
GTGGCGTCAGGGTAAC-1	T	12
GTGGCGTGTAACCATC-1	NK	2
GTGGCGTGTCCAAGTT-1	T	7
GTGGCGTGTCGGCTGT-1	NK	2
GTGGCGTGTGATGCGA-1	T	15
GTGGCGTTCACAGGGA-1	T	11
GTGGCGTTCCCGTAGG-1	T	7
GTGGCGTTCGCACCTT-1	T	9
GTGGCGTTCGGGAATG-1	B	3
GTGGCGTTCGGGATCC-1	T	0
GTGTCAAAGCGTCTGC-1	NK	13
GTGTCAAAGTATACCC-1	T	7
GTGTCAAAGTCCGTGC-1	T	9
GTGTCAACAAGGAGTC-1	T	1
GTGTCAACACATTCTT-1	T	1
GTGTCAACACCACCAG-1	T	17
GTGTCAAGTCATAGAA-1	T	11
GTGTCAAGTGGAGTGT-1	T	9
GTGTCAAGTGTCGTCG-1	T	12
GTGTCAAGTTCAGTTG-1	T	12
GTGTCAATCCCACTAC-1	B	3
GTGTCAATCTGGCACG-1	T	9
GTGTCCTAGAGCGAAA-1	B	10
GTGTCCTAGAGCTGTG-1	T	16
GTGTCCTCAGACTAAA-1	T	7
GTGTCCTGTAACTGAA-1	T	9
GTGTCCTGTCCGAGCT-1	B	3
GTGTCCTTCAGTCTTT-1	T	15
GTGTGATAGTAGTTCC-1	T	8
GTGTGATCAAGCGAAC-1	B	3
GTGTGATCAAGCGACA-1	T	4
GTGTGATCAATCATCG-1	B	10
GTGTGATCACCGTCTT-1	T	16
GTGTGATCACTCCTCA-1	T	12
GTGTGATCACTCGCAG-1	NK	13
GTGTGATCATTGATGC-1	T	17
GTGTGATGTAACGGCA-1	T	0
GTGTGATGTAGTCTGT-1	T	1
GTGTGATGTGCAGACA-1	T	19
GTGTGATGTTTGTAGC-1	T	0
GTGTGATTCCCAGTAA-1	B	3
GTGTGATTCGAACACT-1	T	16
GTGTGATTCTCTTCTC-1	T	5
GTTACGAAGACAACGC-1	T	5
GTTACGACAGTCAGAG-1	T	8
GTTACGACATGCCTTC-1	T	19
GTTACGAGTACCAAGG-1	T	4
GTTACGAGTGCGACCT-1	B	3
GTTACGAGTGGTGGTA-1	T	19
GTTACGAGTTCTACCC-1	T	11
GTTACGATCAGGTTTG-1	T	5
GTTACGATCCCGTAGG-1	B	10
GTTACGATCCGCCTAT-1	NK	2
GTTACGATCTGAGTAC-1	B	3
GTTACGATCTTATCAC-1	T	17
GTTACTTCAAAGAAGG-1	T	17
GTTACTTCAACCTCCT-1	B	3
GTTACTTCACGCTCAG-1	T	8
GTTACTTCAGAAGTGC-1	T	15
GTTACTTCATTCACGA-1	Epithelial	18
GTTACTTGTCCAGACC-1	T	19
GTTACTTTCATTGCCC-1	NK	13
GTTACTTTCCATTGAG-1	T	5
GTTACTTTCCCACTAC-1	T	7
GTTACTTTCGATGTAC-1	T	12
GTTACTTTCGCGCTGA-1	T	16
GTTACTTTCGGTAGGA-1	T	7
GTTACTTTCTACATCT-1	T	7
GTTATGGAGACTTGAA-1	T	9
GTTATGGAGCCTATAC-1	Epithelial	18
GTTATGGAGCTGAATA-1	T	11
GTTATGGAGTTTACGC-1	B	3
GTTATGGCAAATGCTC-1	T	14
GTTATGGCACAGAAGC-1	T	19
GTTATGGCATATACGC-1	T	16
GTTATGGCATGGTATC-1	T	6
GTTATGGCATGTGGGA-1	T	14
GTTATGGCATTTGGTG-1	T	8
GTTATGGGTTCAGAAA-1	T	12
GTTATGGGTTGTGAGG-1	T	8
GTTATGGTCCCACTAC-1	T	11
GTTATGGTCCGCTCTA-1	T	8
GTTATGGTCTCCTTGG-1	T	9
GTTATGGTCTCGTGAA-1	T	1
GTTATTCAGACCCTAT-1	T	12
GTTATTCAGCGTCTGC-1	NK	13
GTTATTCAGTACAGTA-1	T	4
GTTATTCAGTGAAGGA-1	T	19
GTTATTCCAAATGCTC-1	T	8
GTTATTCCAAGCGAAC-1	B	3
GTTATTCCATATACGC-1	T	16
GTTATTCGTATATGGA-1	B	3
GTTATTCTCTCGCGTT-1	T	19
GTTCAAGAGAATCAAC-1	T	15
GTTCAAGAGGAGTACC-1	T	9
GTTCAAGCAAGTTGCT-1	T	11
GTTCAAGCAATAGTGA-1	NK	2
GTTCAAGCAGCAACCC-1	T	14
GTTCAAGGTACATGGG-1	T	12
GTTCAAGGTCCTATTT-1	B	3
GTTCAAGGTGATCAGG-1	B	3
GTTCAAGTCCCTACCA-1	T	4
GTTCAAGTCGAGGTCC-1	B	3
GTTCAAGTCGCACAAT-1	T	7
GTTCAAGTCTTAGTGG-1	T	1
GTTGGGCAGATGTTGA-1	T	4
GTTGGGCAGGAGGCGA-1	T	7
GTTGGGCAGGGTCTGA-1	NK	2
GTTGGGCAGGTCCTCG-1	T	5
GTTGGGCCAAACTACC-1	T	5
GTTGGGCCACGTTAGT-1	T	5
GTTGGGCGTCCAACCG-1	T	9
GTTGGGCGTCCCTTTG-1	T	9
GTTGGGCGTTAGGAGC-1	T	15
GTTGGGCTCGGGACAA-1	NK	13
GTTGGGCTCGGGATCC-1	NK	2
GTTGGTACAAGGAGGG-1	B	3
GTTGGTACAATGTGCT-1	T	1
GTTGGTACAATTAGGA-1	T	17
GTTGGTACACTAGCCG-1	T	11
GTTGGTACAGATACAA-1	T	1
GTTGGTACAGGAGCAT-1	T	0
GTTGGTACATTGTGAC-1	T	5
GTTGGTAGTACCTATG-1	T	12
GTTGGTAGTCACAGTT-1	T	11
GTTGGTAGTCTAAGAA-1	T	7
GTTGGTAGTGCGTTTA-1	T	5
GTTGGTATCCCAGCGA-1	T	16
GTTGGTATCGAGTTAC-1	T	12
GTTGGTATCGGTAGGA-1	T	15
GTTGGTATCGTGGCGT-1	T	9
TAAACCGAGTAACATG-1	T	7
TAAACCGAGTACAGAT-1	T	12
TAAACCGCATCCTGGG-1	B	3
TAAACCGCATTGCACA-1	NK	13
TAAACCGGTATGGTTC-1	T	15
TAAACCGGTTCGGGAA-1	T	17
TAAACCGTCACTCCCA-1	T	17
TAACAGCAGAGTGGTC-1	T	1
TAACAGCAGGGACGTT-1	T	19
TAACAGCAGTTACCAC-1	T	17
TAACAGCCAAACCCTA-1	T	15
TAACAGCCAGGAGCAT-1	T	7
TAACAGCCAGGGCTTC-1	T	17
TAACAGCCATATACGC-1	T	1
TAACAGCGTATCCCTC-1	T	1
TAACAGCGTATCTCAG-1	T	16
TAACAGCTCGCGTGAC-1	T	8
TAACGGTAGTCTCTAG-1	T	7
TAACGGTCAGGCACAA-1	T	8
TAACGGTGTTGGCTAT-1	T	1
TAACGGTTCCCGCAAG-1	T	8
TAACGGTTCTCCTTGG-1	B	3
TAACTTCAGAACAGGA-1	T	9
TAACTTCAGCAGAATT-1	T	7
TAACTTCAGTATGCTC-1	T	0
TAACTTCCACGTTACA-1	T	5
TAACTTCGTATCTAGC-1	T	12
TAACTTCGTCATAGCT-1	T	15
TAACTTCGTGGTAAGC-1	T	1
TAACTTCTCACATTCT-1	T	4
TAACTTCTCCGCTCTA-1	T	9
TAACTTCTCGATGAAA-1	T	9
TAAGCCAAGAAGAGTG-1	T	7
TAAGCCAAGAGCAGCT-1	T	8
TAAGCCAAGATGTTGA-1	NK	13
TAAGCCAAGCATTGGG-1	NK	2
TAAGCCAAGGGAGTTC-1	B	3
TAAGCCAAGGTTCGAG-1	T	19
TAAGCCAAGTCTAGAA-1	T	19
TAAGCCACAGGTCTGC-1	T	8
TAAGCCACATTAAGGA-1	T	7
TAAGCCACATTCCCGT-1	T	17
TAAGCCAGTCTGGTTA-1	NK	13
TAAGCCAGTGTCCCAG-1	T	6
TAAGCCAGTGTCTACA-1	T	8
TAAGCCATCACAGGGA-1	T	5
TAAGCCATCCGATGCG-1	T	14
TAAGCCATCTGTGTGA-1	T	14
TAAGCCATCTTGTACT-1	T	0
TAAGTGCAGGTCCTCG-1	T	0
TAAGTGCAGTAGAAGG-1	B	3
TAAGTGCAGTCACACT-1	T	11
TAAGTGCAGTCGCCTG-1	T	1
TAAGTGCGTCGCGCTA-1	T	19
TAAGTGCTCCTCTCTT-1	T	11
TAATCGGAGACTTCCA-1	T	4
TAATCGGAGCATACCT-1	T	19
TAATCGGAGCTGCCAC-1	NK	13
TAATCGGAGGCGCTTC-1	T	12
TAATCGGAGTCCCGCA-1	T	19
TAATCGGAGTGTAATG-1	T	15
TAATCGGCAAGGATGC-1	T	12
TAATCGGTCAAATGGA-1	B	3
TAATCGGTCCTTTGAT-1	T	8
TAATCGGTCGCTTACC-1	B	10
TAATCGGTCTGGCCAG-1	T	11
TAATTCCAGATCACCT-1	T	19
TAATTCCAGTGCACAG-1	T	17
TAATTCCCACGATATC-1	T	17
TAATTCCCAGATACAA-1	T	5
TAATTCCCATAGCCAT-1	T	0
TAATTCCGTACCCACG-1	T	16
TAATTCCGTCAAACAA-1	T	15
TAATTCCGTGCTAGTT-1	B	3
TACAGCAAGAAAGCAG-1	T	9
TACAGCAAGGGACGTT-1	T	8
TACAGCAAGTACAGAT-1	NK	13
TACAGCACAGCGTGAA-1	T	0
TACAGCACAGGTCTGC-1	T	8
TACAGCACATGTGAGG-1	T	15
TACAGCATCTGAGTCA-1	B	3
TACATGGCAGGGAGTT-1	T	12
TACATGGCAGTGCTCG-1	B	3
TACATGGGTACGTAAA-1	T	15
TACATGGGTAGGTAAT-1	T	7
TACATGGTCGCGCTGA-1	T	6
TACATGGTCTCGGCGA-1	T	16
TACATGGTCTTCAGAG-1	T	9
TACATTCAGAAACGCC-1	T	19
TACATTCAGGCGACTA-1	T	8
TACATTCAGTCTCCAA-1	NK	2
TACATTCAGTCTCGAT-1	T	9
TACATTCCACCGAAAG-1	B	3
TACATTCCATGGCCCA-1	T	0
TACATTCGTATGGTTC-1	T	1
TACATTCGTGCTGGCT-1	T	12
TACATTCGTTCTGAGT-1	T	12
TACATTCTCAATTCCT-1	T	14
TACATTCTCAGGATCT-1	T	17
TACATTCTCGCCACTT-1	T	15
TACATTCTCGGTGATT-1	T	5
TACATTCTCGTATAGC-1	T	1
TACATTCTCTGTGTGA-1	B	10
TACATTCTCTTCTTCC-1	NK	13
TACCCTGAGCTTTCCC-1	T	11
TACCCTGAGTGAACCG-1	B	3
TACCCTGCAAGTCTGT-1	T	9
TACCCTGCACGCCGAT-1	T	19
TACCCTGCAGTTACAC-1	T	6
TACCCTGGTATGGTTC-1	B	3
TACCCTGGTATTCGCA-1	T	17
TACCCTGGTTCGGGAA-1	T	7
TACCCTGGTTGGCTTA-1	T	15
TACCCTGTCAGGTTTG-1	T	4
TACCCTGTCGGTCTCT-1	T	16
TACCCTGTCGTTCAGA-1	T	17
TACCCTGTCTCATATC-1	T	4
TACCTATAGGAATGGA-1	B	3
TACCTATAGTCCTTCC-1	B	3
TACCTATCACATAAAG-1	B	3
TACCTATCACCCTTAC-1	T	8
TACCTATGTACGTAGG-1	T	4
TACCTATGTATTCGAC-1	T	11
TACCTATGTTTCCGGG-1	T	14
TACCTATTCACTAGGT-1	T	14
TACCTATTCACTCGGG-1	T	1
TACCTATTCCCTACCA-1	T	7
TACCTCGAGAAGACTT-1	T	9
TACCTCGAGACTAGGC-1	B	3
TACCTCGAGCCCATTA-1	T	15
TACCTCGCAACAAACA-1	B	10
TACCTCGCAACGGACA-1	T	7
TACCTCGCACGATATC-1	T	14
TACCTCGCAGCACATT-1	B	3
TACCTCGCAGGTGTGA-1	T	12
TACCTCGCATCGACCG-1	T	7
TACCTCGGTCCCGTGA-1	T	7
TACCTCGGTGAGGGTT-1	T	5
TACCTCGGTTTGCCAA-1	B	3
TACCTCGTCCTTGACC-1	T	7
TACCTCGTCGGAAAGC-1	T	19
TACCTCGTCGTGGTAT-1	T	9
TACGCAAAGCATGATA-1	Epithelial	18
TACGCAAAGGAGTACC-1	T	15
TACGCAACACTTGCGG-1	T	11
TACGCAACAGTAAGCG-1	T	11
TACGCAACATGTCCCT-1	T	19
TACGCAACATTACACG-1	B	3
TACGCAACATTTCTTG-1	T	8
TACGCAATCACGTGTA-1	B	3
TACGCCTAGGGTAATT-1	NK	2
TACGCCTAGGGTCTGA-1	T	9
TACGCCTAGTACAACA-1	B	10
TACGCCTAGTGATCTC-1	B	3
TACGCCTCAATGATGA-1	T	1
TACGCCTCATCTGCAA-1	B	3
TACGCCTGTAGGTAAT-1	T	17
TACGCCTGTGGTCGAA-1	T	8
TACGCCTGTTTAGGAA-1	T	14
TACGCCTTCGATGCAT-1	B	3
TACGCCTTCGGATAGG-1	T	15
TACGCCTTCTTGTGCC-1	T	7
TACGGATAGAAACGCC-1	T	19
TACGGATAGAGACTCG-1	B	3
TACGGATAGTATCTGC-1	T	7
TACGGATAGTGAATAC-1	T	15
TACGGATCAAACCGAG-1	T	19
TACGGATCAAGGTCGA-1	T	1
TACGGATCACGCGATC-1	T	5
TACGGATCAGATTTGC-1	T	1
TACGGATCATCGACCG-1	T	19
TACGGATCATGGGACA-1	B	3
TACGGATGTAGAATAC-1	T	0
TACGGATGTCATGAGG-1	T	7
TACGGATGTGATAACA-1	T	19
TACGGATGTTTGGATC-1	B	3
TACGGATTCCTCAAGA-1	T	12
TACGGATTCCTTTGCG-1	T	0
TACGGATTCGATCGCG-1	T	15
TACGGATTCGGTCTCT-1	T	4
TACTAGGAGAGCTACG-1	B	3
TACTAGGAGATGCGAC-1	T	14
TACTAGGCAGCAACGA-1	T	11
TACTAGGGTCCTCAGG-1	T	15
TACTAGGGTCTAACCA-1	T	15
TACTAGGGTGACCAGA-1	T	5
TACTAGGGTGTCCAGC-1	T	16
TACTAGGGTTCAGTAC-1	T	15
TACTAGGTCCGGAAAG-1	T	9
TACTAGGTCCTAGAGT-1	T	12
TACTCGCAGGAGAACA-1	T	8
TACTCGCCAAAGGTCG-1	T	7
TACTCGCCAAGCCCTG-1	T	4
TACTCGCCAATTCAGC-1	T	16
TACTCGCCACATCATG-1	T	12
TACTCGCGTATCAGCT-1	T	1
TACTCGCGTCAGCAAG-1	T	14
TACTCGCGTGCCCTAG-1	T	4
TACTCGCGTGGCGCTT-1	B	3
TACTCGCGTTTCCACC-1	B	3
TACTCGCTCCGGCGAT-1	T	9
TACTGCCAGAAATACC-1	T	4
TACTGCCAGTAACATG-1	T	16
TACTGCCAGTTTGGAA-1	T	12
TACTGCCCAGCGTGAA-1	T	19
TACTGCCCATTTGGCA-1	T	0
TACTGCCGTATTCACG-1	NK	13
TACTGCCGTCACTCTC-1	T	11
TACTGCCGTCCGTCGA-1	T	9
TACTGCCGTTGAAGCG-1	T	17
TACTGCCGTTTGACCA-1	T	5
TACTGCCTCTGGACAT-1	B	3
TAGACTGAGGTACATA-1	T	9
TAGACTGCAATGCATC-1	B	3
TAGACTGGTACGAGAC-1	T	9
TAGACTGGTCAGAAAT-1	T	14
TAGACTGGTCGAGGAT-1	T	16
TAGACTGGTTCATTTC-1	T	17
TAGACTGGTTCTGAGT-1	T	1
TAGACTGGTTTGTACG-1	T	9
TAGACTGTCCGATTGA-1	Epithelial	18
TAGACTGTCCTGTGGG-1	B	10
TAGCACAAGCTTACCA-1	T	5
TAGCACAAGTGCTAGG-1	T	17
TAGCACAAGTTGACAA-1	T	9
TAGCACACAAGGGTAC-1	T	12
TAGCACACACGCGCAT-1	T	12
TAGCACACACTGAAGG-1	B	3
TAGCACACAGGTGTCC-1	B	3
TAGCACACATGCACTA-1	B	3
TAGCACACATTACACG-1	T	7
TAGCACAGTCCAACCG-1	T	1
TAGCACAGTCCCTAAA-1	T	7
TAGCACATCCGCGATG-1	T	16
TAGCACATCGAAGCCC-1	B	3
TAGCACATCGCCGAAC-1	T	4
TAGCACATCGTGAGTT-1	T	4
TAGCACATCTAGTCGA-1	B	3
TAGCATGAGAAACGCC-1	T	6
TAGCATGAGAATCAAC-1	T	1
TAGCATGAGCATTGGG-1	T	8
TAGCATGCAACGGGTA-1	T	9
TAGCATGGTAGCAGCA-1	T	0
TAGCATGGTCAACAGG-1	T	4
TAGCATGGTTCACGTA-1	B	10
TAGCATGTCCGATGCG-1	T	8
TAGCATGTCCTATCAT-1	B	3
TAGCATGTCGCACCTT-1	T	0
TAGCATGTCGGATCGC-1	T	7
TAGCATGTCGTCTAGA-1	T	15
TAGCCCTCAAGATTAG-1	T	8
TAGCCCTGTCGCGCTA-1	T	4
TAGCCCTGTGCACATT-1	B	10
TAGCCCTGTGCTTACA-1	T	5
TAGCCCTGTTCTTTCA-1	T	16
TAGCCCTGTTGCAGCC-1	NK	13
TAGCCCTTCCGAGAGA-1	T	1
TAGCCCTTCTATCCTA-1	T	1
TAGCCCTTCTTAAGCG-1	T	7
TAGCCGGAGACCCATT-1	T	4
TAGCCGGAGGAAGAAC-1	T	8
TAGCCGGAGGACCGAT-1	T	14
TAGCCGGCACAATAAG-1	T	8
TAGCCGGCACGTGAAG-1	B	3
TAGCCGGGTATCCTTT-1	T	12
TAGCCGGGTCAGGCTC-1	T	17
TAGCCGGTCAGTGTAC-1	T	4
TAGCCGGTCCTGTGGG-1	T	1
TAGCCGGTCTCTGACC-1	B	3
TAGCGGCAGAGTTTGA-1	T	4
TAGCGGCAGTACAACA-1	T	19
TAGCGGCAGTCCGATT-1	B	3
TAGCGGCCAAAGCATA-1	B	10
TAGCGGCCAAGAGCGT-1	T	17
TAGCGGCCAAGCACTT-1	NK	2
TAGCGGCCAGGACCTC-1	B	10
TAGCGGCCATGTAGAA-1	NK	13
TAGCGGCGTGATTCCA-1	T	4
TAGCGGCTCAGCCGAC-1	T	0
TAGCGGCTCATAGGTC-1	T	1
TAGCGGCTCCTGGAAT-1	T	5
TAGCGGCTCGCAAGCC-1	T	6
TAGCTTTAGTAATCAG-1	NK	2
TAGCTTTCAAGCAACG-1	T	1
TAGCTTTCAATAGTGA-1	T	4
TAGCTTTCAATGCACT-1	T	1
TAGCTTTCATTAGCCA-1	T	0
TAGCTTTGTTTGCATG-1	T	1
TAGCTTTTCCAGAGAG-1	T	14
TAGCTTTTCCTGAAAC-1	T	19
TAGGAGGAGACGAAAG-1	T	1
TAGGAGGAGTCGAGCA-1	T	9
TAGGAGGAGTGTCGGA-1	T	4
TAGGAGGCACCGAATT-1	T	15
TAGGAGGCAGCAACGA-1	T	17
TAGGAGGGTCACAGTT-1	B	3
TAGGAGGGTTCTTATC-1	T	12
TAGGAGGTCGAGGTAG-1	T	11
TAGGAGGTCGCATACA-1	NK	13
TAGGAGGTCGTGCTTC-1	B	3
TAGGAGGTCGTGTGCG-1	B	3
TAGGAGGTCTGGCGCA-1	B	3
TAGGAGGTCTTCATAC-1	NK	13
TAGGTCAAGCGTCAAG-1	T	9
TAGGTCAAGTGTGTAA-1	T	4
TAGGTCACAAACCGAG-1	T	0
TAGGTCACATTCTCGC-1	T	7
TAGGTCACATTTGGTG-1	B	3
TAGGTCAGTCCAAGTT-1	T	4
TAGGTCAGTGCCAAGA-1	T	12
TAGGTCAGTGTGTGCC-1	B	3
TAGGTCATCAATTGGC-1	T	7
TAGGTCATCGTCTTAT-1	B	3
TAGGTGTAGGGAAGCG-1	T	11
TAGGTGTAGTGCCCTG-1	T	9
TAGGTGTCACTGTTAG-1	NK	13
TAGGTGTCAGGCAAGT-1	T	7
TAGGTGTCAGGGCTTC-1	T	1
TAGGTGTGTACCTATG-1	T	7
TAGTCCCAGGGCGAAG-1	T	12
TAGTCCCAGTGTTCCA-1	B	3
TAGTCCCCAAGTCCTA-1	T	1
TAGTCCCCACACATTG-1	NK	13
TAGTCCCCATATAGAG-1	T	19
TAGTCCCGTATTCGCA-1	T	5
TAGTCCCGTGCATCAT-1	B	3
TAGTCCCGTTTGTCTT-1	T	5
TAGTCCCTCACAGGGA-1	NK	2
TAGTCCCTCGTCGCAG-1	B	10
TAGTCCCTCTTCATAC-1	T	19
TATCGAGAGAGGAAGT-1	T	14
TATCGAGAGATCTCAC-1	B	3
TATCGAGCAAAGCATA-1	T	19
TATCGAGCAATGTAAG-1	T	6
TATCGAGGTACTTGAC-1	T	17
TATCGAGGTATATGGA-1	T	0
TATCGAGGTATCCCTC-1	T	9
TATCGAGGTATTGTGC-1	B	3
TATCGAGGTCCAGACC-1	T	1
TATCGAGGTTAGGAGC-1	T	1
TATCGAGGTTGCCGCA-1	B	3
TATCGAGTCACTCGGG-1	T	6
TATCGAGTCCTTACGC-1	T	1
TATCTGTAGAGACTCG-1	T	1
TATCTGTAGGAAGACA-1	T	1
TATCTGTAGGTCTTTG-1	T	15
TATCTGTAGTCGTGAG-1	T	19
TATCTGTAGTTAGCGG-1	T	0
TATCTGTCACACATTG-1	T	5
TATCTGTCACTTATGG-1	T	15
TATCTGTCAGTAAGAT-1	T	17
TATCTGTCATCGCCTT-1	T	0
TATCTGTCATGGCCCA-1	NK	13
TATCTGTCATTAAGGA-1	NK	13
TATCTGTGTAACAATG-1	T	8
TATCTGTGTATTTGCG-1	T	11
TATCTGTGTCAGAAAT-1	T	0
TATCTGTGTGTCCAGC-1	T	14
TATCTGTGTGTTAGAA-1	B	3
TATCTGTGTTTCTACT-1	T	8
TATCTGTGTTTGCCAA-1	T	15
TATCTGTTCGCTTACC-1	T	19
TATCTGTTCGGGATCC-1	T	5
TATGTGGAGATGTTGA-1	NK	13
TATGTGGAGCTACGCC-1	B	10
TATGTGGAGGTACTCT-1	T	7
TATGTGGCAAGCTTTG-1	T	9
TATGTGGCACAAACAA-1	T	1
TATGTGGCACAGTAGG-1	T	15
TATGTGGCACGCCGAT-1	T	0
TATGTGGCACGCGATC-1	Epithelial	18
TATGTGGCAGTAAGCG-1	T	4
TATGTGGGTATACGCT-1	T	19
TATGTGGGTTTGAAGA-1	B	3
TATGTGGTCCACGGCA-1	T	8
TATGTGGTCTTCGTTA-1	T	1
TATGTTCAGGGAGTTC-1	T	6
TATGTTCAGTACAGAT-1	T	19
TATGTTCGTCAACGGA-1	T	12
TATGTTCGTGCACTTA-1	B	3
TATGTTCGTGGACTGA-1	T	17
TATGTTCTCAGATACC-1	T	5
TATGTTCTCATCGCCT-1	T	7
TATGTTCTCCACGAGC-1	B	10
TATGTTCTCCCAGTAA-1	T	12
TATGTTCTCTACTTTG-1	T	9
TATTGCTAGAAGACTT-1	T	19
TATTGCTAGCGTAGCA-1	B	3
TATTGCTCAGGTTATC-1	T	17
TATTGCTCATCCCAAA-1	T	7
TATTGCTTCACTAGCA-1	NK	13
TATTGCTTCCAACGCG-1	T	4
TATTGCTTCTTTGCAT-1	Epithelial	18
TCAAAGCAGAGAACCC-1	T	14
TCAAAGCAGCTATCCA-1	T	11
TCAAAGCAGTATCTGC-1	B	10
TCAAAGCAGTCTCTAG-1	NK	2
TCAAAGCGTAAACGTA-1	B	3
TCAAAGCGTATATGGA-1	T	17
TCAAAGCGTCATCGTA-1	T	17
TCAAAGCTCCACGGCA-1	B	3
TCAAAGCTCCTGGGAC-1	B	3
TCAAAGCTCGTCAACA-1	T	19
TCAAGACAGGACCGAT-1	B	3
TCAAGACAGGCTAAAT-1	T	8
TCAAGACAGTCGCCTG-1	T	8
TCAAGACAGTTCGTTG-1	T	17
TCAAGACCAGGTGTCC-1	T	16
TCAAGACCATGCGTTA-1	T	0
TCAAGACGTTCCCGGA-1	T	1
TCAAGACGTTTCCACC-1	T	12
TCAAGACTCCACTAGA-1	T	19
TCAAGCAAGGCAAGGG-1	T	9
TCAAGCAAGTCTCGAT-1	T	12
TCAAGCAAGTTCGTTG-1	T	15
TCAAGCACAGCGTACC-1	T	12
TCAAGCAGTATGGATA-1	B	3
TCAAGCATCTATCTTG-1	T	8
TCAAGCATCTGTGTCC-1	T	17
TCAAGGTAGACGCCCT-1	T	1
TCAAGGTAGCAACGGT-1	B	3
TCAAGGTAGGTAAGCC-1	Epithelial	18
TCAAGGTAGTTACACC-1	T	7
TCAAGGTCAGGCTACC-1	T	7
TCAAGGTCATTTCACT-1	T	4
TCAAGGTGTGATAGAT-1	T	15
TCAAGGTGTGATGTGG-1	T	16
TCAAGGTGTTCTTTCA-1	B	3
TCAAGGTTCCAAACCA-1	T	12
TCAAGGTTCCATCTAT-1	T	15
TCAAGGTTCTCTTCCT-1	NK	2
TCAAGGTTCTGGTACA-1	T	4
TCAATTCAGTACGACG-1	T	9
TCAATTCAGTCCCGCA-1	NK	2
TCAATTCAGTGCTCGC-1	T	4
TCAATTCCACTGCTCT-1	T	1
TCAATTCCATTCACGA-1	T	15
TCAATTCGTTCTCGAA-1	B	3
TCAATTCGTTGAATAG-1	B	3
TCAATTCGTTTGCATG-1	T	4
TCAATTCTCCAGTACA-1	T	5
TCAATTCTCGAGTGTT-1	T	4
TCAATTCTCGTGATAC-1	T	1
TCACAAGAGGTCACTT-1	T	4
TCACAAGCACGGTGTC-1	T	4
TCACAAGCACTGATAC-1	T	15
TCACAAGCAGTTAAAG-1	B	10
TCACAAGCATACTGCA-1	B	3
TCACAAGGTCTGCGCA-1	Epithelial	18
TCACAAGGTGCCCAGT-1	T	16
TCACAAGGTTTGACCA-1	T	1
TCACAAGTCCATCGAA-1	B	3
TCACAAGTCTTACTCA-1	T	11
TCACAGAAGGTCTTTG-1	B	3
TCACAGAAGTGCTGAG-1	T	8
TCACAGACAACGGACA-1	NK	2
TCACAGACAAGACACG-1	T	1
TCACAGACACACATTG-1	T	7
TCACAGACACCTTGTC-1	T	8
TCACAGAGTACCCATA-1	T	1
TCACAGAGTGGACTGA-1	NK	2
TCACAGATCAGAACGG-1	B	10
TCACAGATCTGTCGTC-1	T	1
TCACCACAGATTAGAC-1	T	4
TCACCACGTAGGTCTT-1	T	9
TCACCACGTCGCGCTA-1	T	15
TCACCACGTGCTTTGA-1	T	1
TCACCACGTGGCGCTT-1	T	7
TCACCTGAGAGCGAAA-1	NK	2
TCACCTGCAACGGACA-1	NK	2
TCACCTGGTAAACGTA-1	T	8
TCACCTGGTAGAATAC-1	T	5
TCACCTGGTTCTTTGT-1	T	9
TCACCTGTCAGCACGC-1	T	4
TCACCTGTCCCAGTAA-1	T	4
TCACCTGTCTTTCGAT-1	T	8
TCACTCGAGAGAGGTA-1	T	4
TCACTCGAGGGTATCG-1	T	1
TCACTCGCACCTATTT-1	T	6
TCACTCGCAGAGATGC-1	T	15
TCACTCGCATTACCTT-1	T	5
TCACTCGGTAGCCATT-1	T	7
TCACTCGGTAGGGTCA-1	T	19
TCACTCGGTCAACTAC-1	T	15
TCACTCGGTCGGCTGT-1	T	11
TCACTCGGTCTGTCCT-1	B	10
TCACTCGGTTCCGGCA-1	T	19
TCACTCGTCTACCCGT-1	T	7
TCAGCTCAGCCTTTGA-1	T	11
TCAGCTCAGGTAGGAA-1	B	10
TCAGCTCGTTCCGCGA-1	B	3
TCAGCTCGTTCTTTCA-1	T	15
TCAGCTCGTTGGCTTA-1	T	15
TCAGGGCAGACCCTAT-1	T	16
TCAGGGCCAAACGTTC-1	T	19
TCAGGGCCAAGCCAGA-1	T	11
TCAGGGCCAAGTCTGT-1	T	8
TCAGGGCCACGCGACT-1	NK	13
TCAGGGCCAGGCATTT-1	T	9
TCAGGGCGTACAACGG-1	T	17
TCAGGGCGTACCCATA-1	T	17
TCAGGGCGTCAGACGA-1	T	5
TCAGGGCTCAGCCGGT-1	T	15
TCAGGGCTCGCAAGCC-1	NK	2
TCAGGGCTCGCACAAT-1	T	7
TCAGGGCTCGGCATAT-1	NK	13
TCAGGGCTCTGTAGAC-1	B	3
TCAGGTAAGAAAGGGT-1	T	0
TCAGGTAAGACGCCCT-1	B	3
TCAGGTAAGAGGAACA-1	T	4
TCAGGTAAGAGTTTGA-1	B	3
TCAGGTAAGATTAGAC-1	T	15
TCAGGTAAGCGCCTAC-1	T	19
TCAGGTACAGGCATCC-1	T	12
TCAGGTACAGTGCTCG-1	T	9
TCAGGTAGTGCCCGAT-1	NK	13
TCAGGTAGTTCCTATT-1	NK	13
TCAGGTATCATTCATC-1	T	5
TCAGGTATCCCACGGA-1	T	16
TCAGGTATCCCAGCGA-1	T	12
TCAGGTATCCGATTGA-1	T	0
TCAGGTATCGACTGGC-1	B	10
TCAGGTATCTCTATTG-1	T	15
TCAGTCCAGGGCATTG-1	T	1
TCAGTCCCAACATAAG-1	T	15
TCAGTCCCAACTAGAA-1	T	0
TCAGTCCCAAGTCTGT-1	T	1
TCAGTCCCAATGACTC-1	T	1
TCAGTCCCACACACCG-1	T	12
TCAGTCCCACGCGATC-1	T	15
TCAGTCCCATGACTGT-1	T	4
TCAGTCCCATTAAGGA-1	T	1
TCAGTCCGTGGCGCTT-1	T	4
TCAGTCCTCAGAATGA-1	T	4
TCAGTCCTCCGTGCAG-1	T	4
TCAGTTTAGTTGCCGC-1	B	3
TCAGTTTCACTGATTG-1	T	4
TCAGTTTCAGGTAGGT-1	T	5
TCCAGAAAGAAGCCTG-1	T	9
TCCAGAACAATGAAAC-1	T	7
TCCAGAACACTGAAGG-1	T	4
TCCAGAACATTGCACA-1	T	11
TCCAGAAGTACTATGC-1	B	3
TCCAGAAGTCAACAGG-1	T	16
TCCAGAAGTCATAGAA-1	T	0
TCCAGAATCACCCTTG-1	T	1
TCCAGAATCACTCCCA-1	NK	2
TCCAGAATCGCAACTA-1	T	0
TCCAGAATCGGTACTA-1	T	7
TCCATCGAGAAGCCTG-1	T	15
TCCATCGAGCTTTCCC-1	T	1
TCCATCGAGGCGATTG-1	T	15
TCCATCGAGTCGATAA-1	T	11
TCCATCGCACGACGAA-1	T	12
TCCATCGCACTGTTAG-1	B	3
TCCATCGCAGTGCGAA-1	T	9
TCCATCGCAGTGCGTC-1	T	9
TCCATCGCATGCCTTC-1	T	5
TCCATCGGTTACGGAG-1	T	6
TCCATCGGTTTAGAAG-1	T	0
TCCATCGTCACAAGCT-1	T	11
TCCATCGTCACGGGTC-1	T	9
TCCATCGTCCAAGTCA-1	T	8
TCCATCGTCCTCAAGA-1	T	14
TCCATCGTCCTTGACC-1	T	17
TCCATCGTCTTACTCA-1	T	0
TCCCACAGTACCCATA-1	T	1
TCCCACAGTGCGTAGA-1	T	0
TCCCACAGTGGTAGAC-1	T	11
TCCCACAGTTGCCTGG-1	T	7
TCCCACATCAGAACGG-1	T	4
TCCCACATCGGCATAT-1	T	16
TCCGACTAGGGACGTT-1	T	5
TCCGACTCAAGCTTTG-1	T	8
TCCGACTCACCTCGTT-1	T	1
TCCGACTGTATGGTTC-1	T	11
TCCGACTGTCCAAGAG-1	T	8
TCCGACTGTCGTAATC-1	T	0
TCCGACTGTGAGAGTC-1	T	1
TCCGACTGTGATTCCA-1	T	6
TCCGACTGTGGTGGTA-1	T	14
TCCGACTGTTGGCGAA-1	NK	2
TCCGACTTCATCGCAA-1	T	7
TCCGACTTCCAGGTAT-1	T	16
TCCGACTTCCAGTTAG-1	T	7
TCGAGCGAGAAATCTG-1	T	14
TCGAGCGAGGATGCCA-1	T	1
TCGAGCGAGGTACACG-1	T	4
TCGAGCGCAAGGCTTT-1	NK	2
TCGAGCGCAATGCATC-1	B	3
TCGAGCGCACATTGCA-1	T	1
TCGAGCGCACTGCTCT-1	T	0
TCGAGCGGTCCGGTAC-1	NK	13
TCGAGCGGTTACGCTA-1	T	15
TCGATTTAGCCGCAAA-1	T	12
TCGATTTAGTCGTACT-1	Epithelial	18
TCGATTTCATCTCTCG-1	T	4
TCGATTTCATCTGCAA-1	T	19
TCGATTTCATGTCCCT-1	T	4
TCGATTTGTCAGAAGC-1	T	16
TCGATTTGTGGGTAGT-1	T	15
TCGATTTGTTCGGGAA-1	T	19
TCGATTTTCATGTTCT-1	T	8
TCGATTTTCGCCTTAC-1	T	15
TCGCAGGCAATGACTC-1	T	7
TCGCAGGCAATGTAAG-1	T	4
TCGCAGGCAATTCAGC-1	T	0
TCGCAGGCAGGCATCC-1	T	6
TCGCAGGCATGTGAGG-1	T	12
TCGCAGGTCAGGTCTA-1	T	16
TCGCAGGTCATCGCAA-1	T	9
TCGCAGGTCTTTATCG-1	T	16
TCGCCTAAGACTTCCA-1	T	9
TCGCCTACAAATAGTG-1	T	16
TCGCCTACAAGAGATT-1	T	8
TCGCCTACAAGAGCGT-1	Epithelial	18
TCGCCTACACGTACAT-1	T	15
TCGCCTACACGTTACA-1	B	3
TCGCCTAGTACGGATG-1	T	15
TCGCCTAGTAGAGAGA-1	T	9
TCGCCTAGTCAGTGCC-1	T	19
TCGCCTATCAGGTTTG-1	T	15
TCGCCTATCGTGCTGG-1	T	7
TCGGGACAGCTAGTTC-1	B	3
TCGGGACAGGCTCCTG-1	T	9
TCGGGACAGTGGTGTG-1	T	12
TCGGGACCAAGCACTT-1	Epithelial	18
TCGGGACCACGATATC-1	T	16
TCGGGACCACGCGATC-1	T	8
TCGGGACCAGATTAAG-1	T	14
TCGGGACCATCCTCGT-1	T	9
TCGGGACGTATCGCGC-1	B	3
TCGGGACGTATGGGTG-1	T	9
TCGGGACGTCACAGGA-1	NK	2
TCGGGACGTCATAGAA-1	T	5
TCGGGACGTGATGCGA-1	T	8
TCGGGACGTTGGTAAA-1	NK	13
TCGGGACTCAGGGTTT-1	T	15
TCGGGACTCGCTCTAC-1	T	9
TCGGGACTCTACCCGT-1	T	0
TCGGGACTCTCCACTG-1	T	4
TCGTTCGAGACTCGGA-1	T	1
TCGTTCGAGGGCGAAG-1	NK	13
TCGTTCGAGTTGTCCA-1	T	8
TCGTTCGCACGCGCAT-1	NK	13
TCGTTCGCAGACCTGC-1	T	1
TCGTTCGCAGTAACGG-1	T	19
TCGTTCGCATCCTGGG-1	T	19
TCGTTCGGTCCTTATT-1	T	15
TCGTTCGGTGAATGGC-1	T	16
TCGTTCGGTGCCCTAG-1	T	11
TCGTTCGGTGCTGTGC-1	T	1
TCTAGTTAGCTACGTT-1	T	1
TCTAGTTAGCTATCCA-1	NK	13
TCTAGTTCACTCGTGG-1	B	10
TCTAGTTCATAGGCGA-1	T	12
TCTAGTTGTACCGGCT-1	T	4
TCTAGTTGTAGTCTGT-1	T	19
TCTAGTTGTCAGTGCC-1	NK	13
TCTAGTTGTCCCGAGT-1	B	3
TCTAGTTGTTTGCCCT-1	T	1
TCTAGTTTCAAACCAC-1	Epithelial	18
TCTAGTTTCTCGTAGA-1	T	17
TCTAGTTTCTTCTCTC-1	T	12
TCTATTGAGAATATCG-1	T	15
TCTATTGAGATGTTCC-1	T	12
TCTATTGAGGGTCTGA-1	T	11
TCTATTGAGGTTAGTA-1	T	9
TCTATTGAGTTGAATG-1	T	17
TCTATTGCAAGGTCGA-1	T	12
TCTATTGCAGCAGGTA-1	T	1
TCTATTGCATTTGGCA-1	NK	2
TCTATTGGTACGCCCA-1	NK	13
TCTATTGGTCACAGGA-1	B	3
TCTATTGTCCTGAAAC-1	T	4
TCTATTGTCGTAGCGC-1	T	15
TCTCAGCAGAGCACTG-1	T	11
TCTCAGCAGATACCAA-1	T	16
TCTCAGCAGGAAGAAC-1	T	8
TCTCAGCAGGTTGTGG-1	T	19
TCTCAGCCAAAGGTCG-1	T	14
TCTCAGCCAATCAGGG-1	T	19
TCTCAGCCATCCGTAA-1	T	16
TCTCAGCCATTGCGAT-1	T	5
TCTCAGCGTAACGTAA-1	T	14
TCTCAGCGTAGTAACA-1	NK	2
TCTCAGCGTCCCGTGA-1	T	4
TCTCAGCGTCCGTGCA-1	T	1
TCTCAGCGTGCAACAG-1	T	16
TCTCAGCTCGATAGTC-1	T	1
TCTCAGCTCGGGCTCA-1	T	8
TCTCTGGAGATCACCT-1	Epithelial	18
TCTCTGGAGGGTGTTG-1	B	3
TCTCTGGAGTCGTATC-1	T	4
TCTCTGGCAAAGAAGG-1	T	15
TCTCTGGCACGTTAGT-1	T	4
TCTCTGGGTACAAGCG-1	T	17
TCTCTGGGTACTTCGA-1	NK	2
TCTCTGGGTCACCCGA-1	T	1
TGAATCGAGACGCCCT-1	T	9
TGAATCGAGACTTGAA-1	T	17
TGAATCGAGCTGCCAC-1	T	9
TGAATCGAGGTTACAA-1	T	16
TGAATCGCATGCACTA-1	T	7
TGAATCGGTTCCATCC-1	T	9
TGAATCGTCGCGCTGA-1	T	19
TGACAACAGACACGGT-1	T	15
TGACAACAGACCCATT-1	B	3
TGACAACAGATACCAA-1	T	9
TGACAACCAGTAAGCG-1	T	4
TGACAACGTATCGCGC-1	T	16
TGACAACGTCATAAGA-1	T	11
TGACAACGTCCATTGA-1	T	8
TGACAACGTCTGGGCT-1	T	16
TGACAACGTGGCCTCA-1	T	0
TGACAACGTGGTACTT-1	T	4
TGACAACGTTACGGAG-1	T	4
TGACAACTCTATTTCG-1	T	9
TGACTCCAGACACTTC-1	T	0
TGACTCCCACCAAGGA-1	B	3
TGACTCCGTACCCATA-1	T	11
TGACTCCGTCCTTATT-1	T	0
TGACTCCTCAGTGTAC-1	T	1
TGACTCCTCGTCGCAG-1	T	12
TGACTCCTCTGAGTAC-1	T	15
TGAGCCGAGAAAGGGT-1	B	3
TGAGCCGAGAGGCAGG-1	T	11
TGAGCCGCAAGCACTT-1	T	1
TGAGCCGCACCACCAG-1	T	6
TGAGCCGCATAGACGG-1	T	4
TGAGCCGCATTCGTCC-1	T	9
TGAGCCGGTAGGTGAC-1	T	1
TGAGCCGTCAAGAGAT-1	T	0
TGAGCCGTCCACGAGC-1	B	10
TGAGCCGTCCAGGTAT-1	B	3
TGAGCCGTCCGTTAGA-1	B	3
TGAGCCGTCTATATCC-1	T	5
TGAGCCGTCTGGCGCA-1	T	16
TGAGTCAAGAACGTTA-1	B	3
TGAGTCAAGAAGCCTG-1	T	7
TGAGTCAAGACGCCAA-1	T	11
TGAGTCAAGAGCACTG-1	T	15
TGAGTCAAGCTATCGT-1	Epithelial	18
TGAGTCAAGGAAGACA-1	T	19
TGAGTCAAGGATGTAT-1	T	4
TGAGTCACAATAGTGA-1	T	9
TGAGTCACAATCACTG-1	T	9
TGAGTCACACAACGGA-1	T	14
TGAGTCATCACACGTA-1	NK	13
TGAGTCATCAGTGTAC-1	B	3
TGAGTCATCCTAGAGT-1	T	7
TGAGTCATCCTCCATG-1	T	7
TGAGTCATCGTGATAC-1	T	17
TGAGTCATCGTTGTTT-1	T	19
TGAGTCATCTGGACAT-1	Epithelial	18
TGATCAGAGGCACTAG-1	NK	13
TGATCAGAGGTCCTCG-1	T	14
TGATCAGAGTTCAAGA-1	NK	13
TGATCAGAGTTCCAGT-1	NK	13
TGATCAGCAAGGGAGG-1	T	1
TGATCAGCAAGTCTGT-1	T	12
TGATCAGCAATGGCTT-1	T	9
TGATCAGGTAGACACG-1	T	11
TGATCAGGTATTCTTC-1	NK	13
TGATCAGGTCATAGCT-1	B	3
TGATCAGGTCCGTAGC-1	T	5
TGATCAGGTCGATTAC-1	T	15
TGATCAGGTTAAGTCC-1	T	16
TGATCAGTCGCGGCAT-1	T	4
TGATCAGTCTCTGAGA-1	T	15
TGATGCAAGCGCATTT-1	T	7
TGATGCACACAAGTGG-1	T	14
TGATGCACAGACCTGC-1	B	3
TGATGCACAGCAACAG-1	T	4
TGATGCACATCAGAAA-1	T	0
TGATGCAGTCTAACCA-1	B	3
TGATGCAGTCTCGGGT-1	T	1
TGATGCATCACCCGGA-1	T	1
TGATGCATCCAGGCCA-1	T	19
TGATGCATCCCGCAAG-1	T	4
TGATGCATCTATCCTA-1	T	0
TGATTTCCAATGCATC-1	T	0
TGATTTCCACCACGAC-1	T	19
TGATTTCCATTCTCGC-1	T	14
TGATTTCGTTAGCTCA-1	T	1
TGATTTCGTTTGTCTT-1	T	15
TGCACCTAGAGGTCCA-1	NK	2
TGCACCTAGGGTAATT-1	T	9
TGCACCTAGGTAGGCT-1	NK	13
TGCACCTAGGTCCTCG-1	T	14
TGCACCTAGTCCCGCA-1	T	15
TGCACCTCAAGCCCTG-1	T	1
TGCACCTCATAGATAG-1	T	0
TGCACCTCATGGTAAA-1	T	19
TGCACCTGTAGCAGGT-1	T	11
TGCACCTGTCATGAGG-1	T	16
TGCACCTTCACTCGGG-1	B	3
TGCACCTTCCTGTAGA-1	T	5
TGCACCTTCGGATGTT-1	B	3
TGCATGACAAATTGAG-1	T	15
TGCATGACAAGTGGCA-1	T	11
TGCATGACACAGAAGC-1	T	19
TGCATGACACGCGATC-1	T	16
TGCATGATCACTACCC-1	T	6
TGCATGATCCTTCGAC-1	NK	13
TGCATGATCGCGCCAA-1	T	0
TGCATGATCTCATATC-1	T	7
TGCATGATCTTCCACG-1	T	0
TGCATTTAGGGCGAAG-1	B	3
TGCATTTCAGCGCGTT-1	Epithelial	18
TGCATTTCAGGTCTGC-1	T	8
TGCATTTGTACTTCGA-1	T	1
TGCATTTGTGAATCAA-1	T	7
TGCATTTGTGCATCAT-1	T	5
TGCATTTTCACTCCCA-1	NK	2
TGCCTCACATTAAGGA-1	T	17
TGCCTCAGTGATTCCA-1	T	8
TGCCTCAGTGCAAAGC-1	T	8
TGCCTCAGTGCTAGTT-1	T	1
TGCCTCATCATGAACC-1	Epithelial	18
TGCCTCATCGGTCGAC-1	T	1
TGCCTCATCGTAGCGC-1	T	17
TGCCTGTAGAACGCCA-1	B	3
TGCCTGTAGAGAGTAG-1	T	5
TGCCTGTAGAGGCGGA-1	T	19
TGCCTGTAGCGAGAAA-1	T	8
TGCCTGTAGGTTAGTA-1	B	3
TGCCTGTCAAACGACG-1	T	16
TGCCTGTCACAGAAGC-1	T	0
TGCCTGTGTGCGTTTA-1	T	15
TGCCTGTGTGTGAGGT-1	T	12
TGCCTGTTCCTCCAGT-1	T	4
TGCCTGTTCCTTCGAC-1	Epithelial	18
TGCCTGTTCTGAGTCA-1	NK	2
TGCCTGTTCTGTCGTC-1	T	1
TGCCTGTTCTTGCGCT-1	T	19
TGCGTAAAGGCGCTTC-1	B	3
TGCGTAACAATCCATG-1	B	3
TGCGTAACACGATATC-1	B	10
TGCGTAACAGTAACGG-1	NK	13
TGCGTAACATTGTTCT-1	B	3
TGCGTAAGTACCTATG-1	NK	2
TGCGTAAGTAGGTGAC-1	B	10
TGCGTAAGTATTGTGC-1	T	9
TGCGTAAGTCAGGCTC-1	T	11
TGCGTAAGTGAGCTAG-1	T	11
TGCGTAAGTGTTGTTG-1	Epithelial	18
TGCGTAATCAAAGTAG-1	T	19
TGCGTAATCAGTGTGT-1	T	17
TGCGTAATCCAGGGAA-1	T	15
TGCGTAATCCATATCT-1	B	3
TGCTATTAGCCGCTGT-1	T	6
TGCTATTAGGAGTCTG-1	T	4
TGCTATTAGGCGATTG-1	T	15
TGCTATTGTGGTAGAC-1	T	12
TGCTATTGTGGTGGTA-1	NK	13
TGCTATTGTGTCGTCG-1	T	11
TGCTATTTCGTTACAG-1	T	8
TGCTATTTCTATACCT-1	T	7
TGCTATTTCTTCCAGC-1	B	3
TGCTCACAGGTTCTCA-1	B	3
TGCTCACAGTGTCGCC-1	T	11
TGCTCACGTTTGGATC-1	T	19
TGCTCACTCGAGCGCT-1	T	15
TGCTCGTAGCCTATAC-1	B	3
TGCTCGTAGGCTTCGC-1	T	9
TGCTCGTAGGTCACTT-1	T	4
TGCTCGTAGTGATCTC-1	B	10
TGCTCGTCAGAGAGAA-1	NK	2
TGCTCGTGTCATTGCA-1	T	14
TGCTCGTGTGCAAAGC-1	B	3
TGCTCGTTCTTCATAC-1	NK	2
TGCTCGTTCTTTATCG-1	T	16
TGCTTCGAGACAGCTG-1	T	1
TGCTTCGAGTCGTACT-1	NK	2
TGCTTCGCAACGGGTA-1	T	9
TGCTTCGCACCGAATT-1	T	15
TGCTTCGCACGAACGA-1	T	12
TGCTTCGCACGATATC-1	T	19
TGCTTCGCACGCCGAT-1	B	3
TGCTTCGCAGCGTACC-1	NK	13
TGCTTCGCATCGAGTT-1	T	5
TGCTTCGTCACGTGTA-1	T	5
TGCTTCGTCGCTAGTA-1	B	10
TGCTTCGTCGTGAGTT-1	T	11
TGCTTTAAGAACTAAC-1	B	10
TGCTTTAAGACCGCAA-1	NK	2
TGCTTTAAGAGGTCCA-1	B	3
TGCTTTACAATACTGC-1	NK	2
TGCTTTACACTGTCAA-1	B	3
TGCTTTACAGGATGTG-1	T	12
TGCTTTAGTATTCACG-1	T	12
TGCTTTAGTCAGCAAG-1	T	11
TGCTTTATCCTTGACC-1	T	8
TGCTTTATCGCACCGA-1	T	16
TGCTTTATCGCTTGAA-1	B	3
TGCTTTATCTTCTCTC-1	T	11
TGGAAGGAGAAATTCG-1	T	1
TGGAAGGAGCTATCGT-1	T	5
TGGAAGGAGGTCTTGT-1	NK	2
TGGAAGGAGTAGGTCG-1	NK	13
TGGAAGGAGTGAATAC-1	T	6
TGGAAGGGTATCATGC-1	T	17
TGGAAGGGTCGAGGTA-1	T	9
TGGAAGGGTGACGCAA-1	T	15
TGGAAGGGTGGGTAGT-1	T	7
TGGAAGGTCCCTACCA-1	T	5
TGGAAGGTCGCTTCAC-1	T	17
TGGAAGGTCGTGGAAG-1	T	7
TGGAAGGTCTGGCCAG-1	B	10
TGGACATAGACTAGGC-1	T	17
TGGACATAGTCACACT-1	T	15
TGGACATCAAATTGAG-1	T	0
TGGACATCACGTTACA-1	T	11
TGGACATGTAGACACG-1	T	11
TGGACATGTGAGTTGG-1	T	9
TGGACATGTGATTCCA-1	T	1
TGGACATGTTTGCCCT-1	B	3
TGGACATTCAGCGGTC-1	T	8
TGGACATTCTGTGTGA-1	T	1
TGGCAATAGCTGGAGT-1	B	3
TGGCAATAGTCCAGAG-1	T	4
TGGCAATCAAGGGAGG-1	T	7
TGGCAATCACAGAAGC-1	T	9
TGGCAATCAGGTGTGA-1	T	9
TGGCAATGTGTACGCC-1	NK	2
TGGCAATGTTATCGAC-1	T	4
TGGCAATTCACTGGTA-1	T	19
TGGCAATTCAGAGTGG-1	B	10
TGGCAATTCGTGGTAT-1	T	12
TGGCCTTAGAAAGGGT-1	T	12
TGGCCTTAGGGCTTCC-1	T	11
TGGCCTTCAAGGAACC-1	T	7
TGGCCTTCACATTGCA-1	T	12
TGGCCTTCACTGTCGG-1	T	4
TGGCCTTCAGGTCCTG-1	T	1
TGGCCTTCAGGTTATC-1	T	17
TGGCCTTCAGTGCGAA-1	T	12
TGGCCTTCATTCACGA-1	T	1
TGGCCTTGTGCTTGAT-1	B	3
TGGCCTTGTTAACCGT-1	T	19
TGGCCTTTCCGGGCAT-1	T	17
TGGCCTTTCCGTCAAA-1	T	12
TGGCCTTTCGGATAAA-1	T	14
TGGCGCAAGACAGCTG-1	T	17
TGGCGCAGTAGCAGGT-1	T	15
TGGCGCAGTCACATTG-1	B	3
TGGCGCAGTCGATTAC-1	T	1
TGGCGCAGTTACACTG-1	T	0
TGGCGCAGTTTGAAGA-1	B	3
TGGCGCATCCTCCCAA-1	T	4
TGGCGCATCGGTTGTA-1	T	5
TGGGTGCAGCATGTGG-1	NK	13
TGGGTGCAGCTAACAA-1	T	12
TGGGTGCAGGAAGACA-1	T	11
TGGGTGCAGTGTCCCG-1	T	8
TGGGTGCCACGCTGTG-1	T	19
TGGGTGCCATCGCCTT-1	T	19
TGGGTGCGTGGCCTTG-1	T	16
TGGGTGCGTGGTTCTA-1	B	3
TGGGTGCGTGTGTGTT-1	T	9
TGGGTGCGTTTCTTAC-1	Epithelial	18
TGGGTGCTCTGATCTT-1	B	3
TGGGTTAAGTATGGGC-1	T	19
TGGGTTACACTCAAGT-1	T	5
TGGGTTACAGTAGGCA-1	T	14
TGGGTTACATCCTCGT-1	T	8
TGGGTTACATGTGAGG-1	T	9
TGGGTTAGTAACGGTG-1	T	8
TGGGTTAGTTCCTATT-1	T	5
TGGGTTATCGGAGTTT-1	T	16
TGGGTTATCTTAGTGG-1	T	19
TGGTCAAAGAGGAATG-1	T	7
TGGTCAAAGCCAGAAC-1	B	3
TGGTCAACATTGCGAT-1	T	12
TGGTCAAGTAACCATC-1	T	6
TGGTCAAGTAAGTCTC-1	T	8
TGGTCAAGTTCCAGTA-1	T	17
TGGTCAATCACTCCCA-1	T	12
TGGTCAATCGGTCAGC-1	B	10
TGGTCAATCTTGTCGC-1	T	17
TGGTCCTAGTATGGGC-1	B	3
TGGTCCTCAATGCACT-1	T	14
TGGTCCTGTAAAGCTA-1	B	3
TGGTCCTGTAACACTC-1	B	3
TGGTCCTGTTCTGATG-1	T	7
TGGTCCTTCGGTACTA-1	T	17
TGGTCCTTCTGTGTCC-1	NK	2
TGTAAGCAGACTAATG-1	T	8
TGTAAGCAGTCTGCTA-1	T	7
TGTAAGCGTACATGGG-1	T	19
TGTAAGCGTCTCTGCT-1	T	11
TGTAAGCTCAATTCCT-1	B	3
TGTAAGCTCCTCCTGA-1	T	4
TGTAAGCTCTGGGCGT-1	T	12
TGTACAGAGACGCCCT-1	B	3
TGTACAGAGTGTGTAA-1	NK	13
TGTACAGCAACGGGTA-1	B	3
TGTACAGCACCAAGGA-1	T	7
TGTACAGCATCATGTG-1	T	7
TGTACAGGTCCGTCGA-1	T	1
TGTACAGGTGATAGAT-1	T	9
TGTACAGTCAGGGTTT-1	NK	2
TGTACAGTCGGTTGTA-1	B	3
TGTACAGTCTGAGTCA-1	T	17
TGTACGAAGAGCAGCT-1	T	19
TGTACGAAGCGCAATG-1	T	4
TGTACGAAGCTCGTTA-1	T	19
TGTACGAAGGCCAGTA-1	T	15
TGTACGACAATGGTAA-1	T	4
TGTACGACACAAACAA-1	T	6
TGTACGACACAGTTAC-1	Epithelial	18
TGTACGACACTTGCGG-1	B	3
TGTACGACAGTAAGCG-1	T	12
TGTACGAGTTGCCTGG-1	B	10
TGTACGATCGCTACCT-1	T	17
TGTACGATCGGGAAAC-1	T	17
TGTACGATCTCGTAGA-1	T	9
TGTACGATCTGGTACA-1	T	15
TGTAGCAAGTCTGGGA-1	T	12
TGTAGCACAAGCCAGA-1	T	11
TGTAGCACAGAACAGC-1	T	4
TGTAGCACAGTGGTCC-1	T	12
TGTAGCAGTAGAAAGG-1	B	3
TGTAGCAGTGGAGTGT-1	NK	13
TGTAGCATCGCTGATA-1	B	10
TGTAGCATCTTCGTTA-1	T	12
TGTAGCATCTTGTCGC-1	T	9
TGTGACAAGGTGTCGA-1	T	1
TGTGACAAGTCTCCAA-1	T	17
TGTGACACACTGAAGG-1	T	8
TGTGACACATCTCACC-1	T	14
TGTGACAGTCCGCTTT-1	T	19
TGTGACAGTGTTAGAA-1	B	3
TGTGACAGTTCTTATC-1	T	12
TGTGACAGTTGCCGCA-1	T	14
TGTGACATCCTTGACC-1	T	12
TGTGACATCGCTGATA-1	T	17
TGTGGCGAGCAGTAGC-1	NK	2
TGTGGCGAGCTAGTTC-1	NK	2
TGTGGCGAGTACCCAT-1	T	4
TGTGGCGAGTCGAGCA-1	T	11
TGTGGCGCACAGTTCA-1	T	19
TGTGGCGCAGGACCTC-1	T	17
TGTGGCGGTACGTATC-1	NK	13
TGTGGCGTCCATCATT-1	T	17
TGTGGCGTCCCATAGA-1	T	15
TGTGGCGTCCTTACGC-1	B	3
TGTGTCCCACATTGCA-1	B	3
TGTGTCCCAGAGCCAA-1	T	1
TGTGTCCCATGTAGAA-1	B	3
TGTGTCCGTACATGGG-1	T	19
TGTGTCCGTACGAGAC-1	NK	13
TGTGTCCGTAGCGTTT-1	T	17
TGTGTCCGTCATAAGA-1	NK	13
TGTGTCCTCACTGGTA-1	B	3
TGTGTCCTCCAGGCCA-1	T	16
TGTGTCCTCTCGTGAA-1	T	11
TGTGTCCTCTGACTTT-1	B	3
TGTTAGGAGAGTGGAA-1	T	4
TGTTAGGAGCCTTTGA-1	T	12
TGTTAGGAGGTGATGC-1	T	1
TGTTAGGAGTCAACTC-1	T	12
TGTTAGGAGTGAGTGC-1	T	4
TGTTAGGAGTTCTCCC-1	T	4
TGTTAGGCAAGGAACC-1	T	19
TGTTAGGCAGGAGCAT-1	T	8
TGTTAGGGTAAGTCTC-1	T	6
TGTTAGGGTCTCAAAC-1	B	10
TTAACGGAGCGAGCTA-1	B	3
TTAACGGAGTAACATG-1	T	17
TTAACGGAGTCTAGAA-1	T	12
TTAACGGAGTCTCCAA-1	B	3
TTAACGGCAGTAACCT-1	T	5
TTAACGGGTAGTCCAT-1	T	4
TTAACGGGTTCGGGAA-1	T	15
TTAACGGTCCCGAAGC-1	B	3
TTAACGGTCGCTATTT-1	T	19
TTAACGGTCGGAGTTT-1	T	9
TTAACGGTCGTGATAC-1	NK	2
TTACCCGAGACACTTC-1	T	15
TTACCCGAGCGCGTTC-1	T	6
TTACCCGAGGCCAATG-1	T	12
TTACCCGAGTCATACC-1	T	1
TTACCCGCAACACGGA-1	T	14
TTACCCGCACATTGCA-1	T	0
TTACCCGCAGGATAGC-1	T	12
TTACCCGGTAGAACGC-1	B	3
TTACCCGGTTCTGAAC-1	T	9
TTACCCGTCCCGATTC-1	B	10
TTACCGCAGAACTCCT-1	T	17
TTACCGCAGAGGCAGG-1	B	3
TTACCGCAGCTATCCA-1	T	8
TTACCGCAGTAGGTCG-1	T	0
TTACCGCCAACGCACC-1	B	10
TTACCGCCAATGCCAT-1	T	9
TTACCGCCATTGAACC-1	T	5
TTACCGCGTATGTTCG-1	B	3
TTACCGCGTATTCGCA-1	T	9
TTACCGCGTCATTGCA-1	T	7
TTACCGCGTCTCGGGT-1	T	12
TTACCGCGTGGATTTC-1	T	0
TTACCGCGTTCAGTAC-1	T	16
TTACGGAAGTGCACAG-1	T	1
TTACGGACACTCAGCG-1	B	3
TTACGGACAGGCATCC-1	T	11
TTACGGAGTAGGGTTG-1	T	5
TTACGGATCGATTACG-1	T	12
TTACGGATCGTCCCAT-1	T	15
TTACGGATCTAAGGTC-1	T	8
TTACGGATCTATCTAC-1	T	9
TTACGGATCTGATCCC-1	T	9
TTACGGATCTTCGTTA-1	T	0
TTACGTTCACTAAACC-1	T	7
TTACGTTGTACCGGCT-1	B	10
TTACGTTTCCTCATTA-1	T	11
TTACTCAAGAACGACC-1	T	1
TTACTCAAGATATGTG-1	T	15
TTACTCAAGCTGCCAC-1	T	1
TTACTCAGTAAACGGC-1	B	3
TTACTCAGTCCAAGAG-1	T	19
TTACTCATCAGCACTA-1	T	11
TTACTCATCCAGAATC-1	T	14
TTACTCATCCTGGAAT-1	B	10
TTACTCATCGATGTGT-1	T	4
TTACTCATCTCTTAAC-1	T	15
TTACTTGAGAAATTCG-1	T	16
TTACTTGAGGTTCTCA-1	T	9
TTACTTGAGGTTGTGG-1	T	7
TTACTTGCATAGATAG-1	T	1
TTACTTGCATTTAGGC-1	T	4
TTACTTGGTACCCACG-1	T	11
TTACTTGGTAGCGGTA-1	T	7
TTACTTGGTTACCCAA-1	T	8
TTACTTGGTTCCGCGA-1	T	12
TTACTTGTCCTGTAGA-1	Epithelial	18
TTACTTGTCGGATAAA-1	T	19
TTACTTGTCGGATAGG-1	T	16
TTACTTGTCGGGAATG-1	T	4
TTAGCGAAGGTTAACA-1	T	19
TTAGCGACACTGAAGG-1	T	1
TTAGCGAGTAGAACGC-1	T	4
TTAGCGAGTATATGGA-1	T	14
TTAGCGAGTTTAGAAG-1	T	12
TTAGCTTAGAACGACC-1	T	6
TTAGCTTAGCCATTCA-1	NK	2
TTAGCTTAGGGTCCCT-1	T	1
TTAGCTTAGGTTACAA-1	T	7
TTAGCTTAGTATGGGC-1	NK	13
TTAGCTTCAAAGAGAG-1	T	12
TTAGCTTCAACATAAG-1	T	15
TTAGCTTCATTAACGC-1	T	1
TTAGCTTCATTTGGCA-1	T	8
TTAGCTTGTGCTTGAT-1	T	14
TTAGCTTGTTAACTCG-1	T	7
TTAGCTTTCGCATAAC-1	T	16
TTAGCTTTCTATAGGC-1	NK	2
TTAGCTTTCTCTGCAC-1	NK	2
TTAGGTGAGCTCGGCT-1	T	4
TTAGGTGAGGGTAATT-1	T	7
TTAGGTGAGGTTGTTC-1	T	7
TTAGGTGAGTAGTGTA-1	NK	2
TTAGGTGAGTCGAGCA-1	B	3
TTAGGTGAGTTGTCCA-1	T	16
TTAGGTGCAAGGGAGG-1	T	0
TTAGGTGCACGATATC-1	T	6
TTAGGTGCAGCAGGTA-1	T	6
TTAGGTGCAGTTACAC-1	T	4
TTAGGTGGTACTTCAG-1	T	1
TTAGGTGGTATTCTCT-1	T	7
TTAGGTGGTGCATCAT-1	T	9
TTAGGTGGTGGTTCTA-1	T	4
TTAGGTGGTTGGCTAT-1	T	6
TTAGGTGTCCATGACA-1	NK	2
TTAGGTGTCTATGAGC-1	B	3
TTAGGTGTCTTTGCAT-1	T	11
TTATGTCCAAGTTGCT-1	T	12
TTATGTCGTAGGTCTT-1	T	11
TTATGTCGTAGTAACA-1	T	8
TTATGTCGTCCTTATT-1	T	0
TTATGTCTCTCTTAAC-1	T	19
TTCAACTCAACGTAGG-1	T	16
TTCAACTCAAGGAAGA-1	T	19
TTCAACTCACCTGTGG-1	T	0
TTCAACTCAGGTCCTG-1	B	3
TTCAACTCATGTCCCT-1	T	17
TTCAACTGTCAGAGTG-1	T	11
TTCAACTTCAGGTTTG-1	B	10
TTCAACTTCAGTGTAC-1	T	17
TTCAACTTCTCTTAAC-1	T	6
TTCATCAAGGGCTTCC-1	T	7
TTCATCAAGTAACACA-1	T	11
TTCATCAAGTGAGCTG-1	T	9
TTCATCAAGTGCACAG-1	T	9
TTCATCACAAGGAGGG-1	T	0
TTCATCAGTATTCTTC-1	T	11
TTCATCAGTCTGTGTA-1	T	15
TTCATCATCGAGAACG-1	Epithelial	18
TTCATCATCGCCGAAC-1	T	7
TTCATCATCGCTATAG-1	T	15
TTCATTGAGGGTGTTG-1	T	15
TTCATTGAGGTCCTCG-1	B	3
TTCATTGCAACAACTC-1	B	3
TTCATTGCACAAGGGT-1	T	15
TTCATTGCAGTGGTCC-1	T	12
TTCATTGGTAACCGAG-1	T	11
TTCATTGGTAGCAGCA-1	T	0
TTCATTGGTAGTGATA-1	B	3
TTCATTGGTCGTCGCA-1	T	7
TTCATTGGTGGATTTC-1	T	14
TTCATTGGTGGCCTCA-1	T	8
TTCATTGTCATACTTC-1	NK	2
TTCATTGTCGTGGGTC-1	T	4
TTCGATTAGTTGACAA-1	T	16
TTCGATTCAAGTAATG-1	B	3
TTCGATTCACAAACAA-1	NK	13
TTCGATTGTACTAGAA-1	NK	2
TTCGATTGTATGGGTG-1	T	0
TTCGATTGTTTCCGGG-1	T	16
TTCGATTGTTTGTACG-1	T	5
TTCGATTTCCGCCTAT-1	B	10
TTCGATTTCGTGGAAG-1	B	10
TTCGCGTAGACTAGCG-1	T	5
TTCGCGTCATGCGACC-1	NK	2
TTCGCGTGTCACAGTT-1	B	3
TTCGCGTGTCCATTGA-1	T	9
TTCGGTCAGAACGACC-1	T	8
TTCGGTCAGCTACGCC-1	T	7
TTCGGTCCAAGACTAA-1	B	3
TTCGGTCCACAAGGGT-1	B	10
TTCGGTCCATAGACGG-1	T	17
TTCGGTCGTCCGTAGC-1	T	12
TTCGGTCGTTCTCGAA-1	T	9
TTCGGTCTCATCGCAA-1	T	11
TTCGGTCTCCGGACTG-1	T	12
TTCGGTCTCTGAGTAC-1	T	9
TTCGTTAAGAAGACTT-1	T	11
TTCGTTAAGCGCATTT-1	T	4
TTCGTTAAGGATTGCG-1	T	0
TTCGTTAAGGCCTAAG-1	T	1
TTCGTTAAGTTACCAC-1	T	6
TTCGTTACACCCTTTG-1	T	5
TTCGTTACACGTTAGT-1	B	3
TTCGTTAGTAGTAACA-1	T	19
TTCGTTAGTTACGCTA-1	T	1
TTCGTTAGTTATAGAG-1	T	17
TTCGTTAGTTCAGTAC-1	T	4
TTCGTTAGTTCCCTTG-1	B	3
TTCGTTAGTTGGGAAC-1	T	12
TTCGTTATCCAGCACG-1	T	7
TTCGTTATCCATCGAA-1	T	11
TTCGTTATCTACTGCC-1	T	7
TTCGTTATCTCAGATG-1	T	19
TTCTAACAGAATAGTC-1	T	1
TTCTAACAGAGGAATG-1	B	3
TTCTAACAGCTCGGCT-1	T	19
TTCTAACAGGGCATTG-1	T	6
TTCTAACAGTGAGTTA-1	T	19
TTCTAACCAAGCCAGA-1	T	15
TTCTAACCAGTAACGG-1	T	7
TTCTAACGTTTCTACT-1	T	17
TTCTAACTCTGACATG-1	T	11
TTCTGTAAGAGGAATG-1	T	12
TTCTGTAAGCAGAATT-1	T	8
TTCTGTAAGGCAAGCT-1	B	3
TTCTGTAAGTTGACAA-1	T	9
TTCTGTAGTAAACGAT-1	T	4
TTCTGTAGTACGGATG-1	T	17
TTCTGTAGTGGTTCTA-1	T	17
TTCTGTAGTTTGTGAC-1	B	3
TTCTGTATCGCACCTT-1	Epithelial	18
TTCTGTATCTCGACAA-1	T	15
TTCTGTATCTGGCACG-1	T	1
TTGACGAAGAAGACTT-1	T	1
TTGACGACATCCCAAA-1	T	12
TTGACGAGTAATGTGA-1	T	9
TTGACGAGTATTGTCG-1	T	1
TTGACGAGTCCAGACC-1	T	11
TTGACGAGTGTGAGGT-1	T	7
TTGACGATCCAGCACG-1	T	11
TTGACGATCGACTATG-1	T	9
TTGACGATCTAGCAGT-1	T	15
TTGAGCACAAAGCTTC-1	T	1
TTGAGCACAGGTAGGT-1	NK	13
TTGAGCACATCGAGTT-1	Epithelial	18
TTGAGCAGTAACGGAC-1	T	15
TTGAGCAGTGAGGGTT-1	B	3
TTGAGCAGTGATGTGG-1	T	16
TTGAGCAGTTCTACCC-1	T	15
TTGAGCAGTTTCACCC-1	T	9
TTGAGCATCCATAACG-1	B	3
TTGAGCATCGATGAAA-1	T	6
TTGAGTGAGACCCATT-1	T	14
TTGAGTGAGCCATCAT-1	B	3
TTGAGTGAGGTAAGCC-1	T	12
TTGAGTGCAACTGCGC-1	B	10
TTGAGTGCAGTCAGAG-1	T	15
TTGAGTGCATATAGAG-1	T	5
TTGAGTGGTTGGCTTA-1	T	14
TTGCACCAGAACTCCT-1	NK	2
TTGCACCAGCCTCGCA-1	B	3
TTGCACCAGTCGTGAG-1	T	15
TTGCACCCAAGCCAGA-1	T	4
TTGCACCCAAGTCTCA-1	T	16
TTGCACCCACAACGGA-1	T	8
TTGCACCCATTGTGAC-1	B	3
TTGCACCGTCATGAGG-1	NK	13
TTGCACCTCCATATCT-1	B	3
TTGCACCTCCCGATTC-1	T	15
TTGCACCTCGTGATAC-1	Epithelial	18
TTGCACCTCTCCACTG-1	B	3
TTGCACCTCTCGTAGA-1	T	11
TTGCACCTCTTCCACG-1	T	8
TTGCACCTCTTGTCAT-1	T	12
TTGCACCTCTTTCGAT-1	T	0
TTGCAGAAGCTGATTC-1	T	9
TTGCAGAAGTGATATG-1	T	19
TTGCAGACAGTTAAAG-1	T	19
TTGCAGACATAGCCAT-1	T	14
TTGCAGACATGACTGT-1	T	7
TTGCAGAGTAACGTAA-1	T	7
TTGCAGAGTACAAATG-1	T	9
TTGCAGAGTATCAGCT-1	T	7
TTGCAGAGTATCATGC-1	T	1
TTGCAGAGTATTCTCT-1	T	0
TTGCAGAGTGGCCTCA-1	T	4
TTGCAGAGTTGCCGCA-1	T	19
TTGCCCAAGCGGACTA-1	T	9
TTGCCCAAGGAAGAAC-1	T	16
TTGCCCAAGGAATGGA-1	T	8
TTGCCCACAACCTCCT-1	T	19
TTGCCCACAAGTCTGT-1	T	7
TTGCCCACACCCTTTG-1	T	11
TTGCCCAGTAACTCCA-1	T	17
TTGCCCAGTCGGCTGT-1	T	14
TTGCCCAGTGGCCTCA-1	B	3
TTGCGAAAGGCAAGCT-1	T	7
TTGCGAAAGTGTCCCG-1	T	7
TTGCGAACAACATAAG-1	NK	13
TTGCGAACAAGCGGTA-1	NK	13
TTGCGAACAATGATGA-1	T	9
TTGCGAACAGTAAGAT-1	T	8
TTGCGAAGTTCTACCC-1	T	8
TTGCGAATCAAGAGGC-1	T	15
TTGCGAATCAGTCTTT-1	T	14
TTGCGAATCATCGCAA-1	T	8
TTGCGAATCTTCAGAG-1	T	5
TTGCGGGAGAGGAAGT-1	T	12
TTGCGGGAGGAACCGT-1	T	15
TTGCGGGAGGGCGAAG-1	T	8
TTGCGGGCAAGCCCTG-1	B	3
TTGCGGGCAATGCCAT-1	Epithelial	18
TTGCGGGCAATTCAGC-1	T	6
TTGCGGGCATAGATAG-1	Epithelial	18
TTGCGGGCATGCGCTG-1	T	11
TTGCGGGCATGGAGGT-1	T	8
TTGCGGGGTAAGTCTC-1	T	8
TTGCGGGGTAGGTCTT-1	B	3
TTGCGGGGTATTCTCT-1	B	10
TTGCGGGGTCAACTGT-1	T	12
TTGCGGGGTTTCCGGG-1	T	4
TTGCGGGTCATTCTTG-1	T	4
TTGCGGGTCTGGAAGG-1	T	7
TTGCTATAGACCGCAA-1	T	15
TTGCTATAGCAAGGTC-1	T	0
TTGCTATAGTTATGAG-1	NK	2
TTGCTATCAGGGTAAC-1	T	1
TTGCTATCAGTAAGAT-1	T	7
TTGCTATCATAGCCGC-1	T	7
TTGCTATGTCCTTATT-1	T	8
TTGCTATTCTGTCGGG-1	T	17
TTGCTATTCTGTTTAC-1	T	8
TTGCTTAAGATTAGAC-1	T	11
TTGCTTAAGCGTATCT-1	B	3
TTGCTTAAGTTACACC-1	T	12
TTGCTTACAAACCGAG-1	T	11
TTGCTTAGTAACCCAT-1	NK	2
TTGCTTAGTAGTATCC-1	B	10
TTGCTTAGTGCGTCCA-1	T	1
TTGCTTAGTGTCCTTC-1	NK	13
TTGCTTATCTCTGTTA-1	NK	2
TTGCTTATCTGTTGCC-1	T	16
TTGCTTATCTTAACGG-1	NK	13
TTGGTCCAGTACAGTA-1	T	0
TTGGTCCAGTCTTAGC-1	T	19
TTGGTCCAGTGTGTAA-1	T	14
TTGGTCCAGTTGGAAT-1	T	7
TTGGTCCCAACTCGAT-1	T	9
TTGGTCCCAAGGAGGG-1	T	12
TTGGTCCCAGCAACGA-1	T	8
TTGGTCCTCGGTAGGA-1	T	17
TTGTCTAAGAGAGTTT-1	NK	2
TTGTCTAAGGAGACTC-1	T	15
TTGTCTAAGTCGCCTG-1	T	17
TTGTCTACACGTTAGT-1	T	5
TTGTCTAGTCCAAGAG-1	T	15
TTGTCTATCCTGAAAC-1	T	5
TTGTCTATCGCCACTT-1	B	3
TTGTTCAAGACGAAAG-1	T	17
TTGTTCAAGAGGAATG-1	B	3
TTGTTCAAGAGGTCCA-1	T	19
TTGTTCAAGATCGAGC-1	T	16
TTGTTCAAGGGCATTG-1	B	3
TTGTTCAAGGTCTTGT-1	T	7
TTGTTCACAAGATTAG-1	T	8
TTGTTCACAAGCGTCC-1	T	15
TTGTTCACAGATAAGT-1	T	9
TTGTTCACAGCTGATT-1	B	10
TTGTTCAGTACTTGAC-1	T	0
TTGTTCAGTGACAAGC-1	T	4
TTGTTCAGTGCTTACA-1	T	12
TTGTTCAGTGGTGGTA-1	T	1
TTGTTCAGTGTGACCC-1	T	12
TTGTTCATCACGATTG-1	T	12
TTGTTCATCACTACCC-1	T	4
TTGTTCATCTTAACGG-1	T	19
TTGTTGTAGCCTATAC-1	T	4
TTGTTGTAGGAGTCTG-1	T	0
TTGTTGTCAAGAAACT-1	T	1
TTGTTGTCAGGTGTCC-1	T	1
TTGTTGTCATCACAGT-1	T	7
TTGTTGTCATGACTGT-1	NK	13
TTGTTGTGTCGGCTGT-1	T	19
TTGTTGTGTCTTAGCA-1	T	14
TTGTTGTGTTAACTCG-1	T	15
TTGTTGTTCCTAGAGT-1	NK	2
TTGTTGTTCTGGCCAG-1	T	12
TTGTTGTTCTTTGCAT-1	T	12
TTTACGTCACTGCTTC-1	T	5
TTTACGTCATGGCCTG-1	T	6
TTTACGTGTCGGCTGT-1	T	15
TTTACGTTCCAGAATC-1	T	15
TTTACGTTCCTTTGAT-1	T	17
TTTACGTTCTTACTCA-1	NK	2
TTTGAGGAGCACACCC-1	NK	13
TTTGAGGAGCTACGCC-1	NK	13
TTTGAGGAGGCCTAAG-1	T	8
TTTGAGGAGTCGTGAG-1	T	12
TTTGAGGCAATGCATC-1	T	0
TTTGAGGCATCAGAAA-1	T	6
TTTGAGGCATTAGCAC-1	T	8
TTTGAGGGTATTTGCG-1	T	6
TTTGAGGTCAGTCTTT-1	T	15
TTTGCGCAGCTCCATA-1	T	8
TTTGCGCAGGACTTTC-1	T	19
TTTGCGCAGGTACTCT-1	T	15
TTTGCGCAGGTGTTGG-1	NK	2
TTTGCGCCAATTCAGC-1	NK	2
TTTGCGCCAATTGGCT-1	T	17
TTTGCGCCACTCCCAT-1	T	8
TTTGCGCCATCAGCTA-1	B	3
TTTGCGCGTACTTGAC-1	T	16
TTTGCGCGTCATAAGA-1	T	11
TTTGCGCGTCCGTGCA-1	T	19
TTTGCGCGTCGAGAAC-1	T	19
TTTGCGCTCACCGCGA-1	T	15
TTTGCGCTCCTCCAGT-1	T	11
TTTGGCCAGAATCAGT-1	NK	13
TTTGGCCAGCTACGTT-1	NK	2
TTTGGCCAGGCACTAG-1	T	15
TTTGGCCCATGCACTA-1	B	3
TTTGGCCGTATCTAGC-1	B	3
TTTGGCCGTGTCTCGG-1	NK	13
TTTGGCCGTTAGAGAT-1	T	19
TTTGGCCGTTGGCGAA-1	T	15
TTTGGCCTCCACACCT-1	T	0
TTTGGCCTCCCGAAGC-1	B	3
TTTGGCCTCGCTTCAC-1	T	4
TTTGGTTAGGCACTAG-1	T	12
TTTGGTTCAAGCACTT-1	Epithelial	18
TTTGGTTGTCAGAAGC-1	T	9
TTTGGTTGTCGACTGC-1	NK	2
TTTGTGTAGATACCAA-1	B	3
TTTGTGTAGCACACCC-1	NK	2
TTTGTGTAGTATGGGC-1	B	10
TTTGTGTAGTCCCTCT-1	T	0
TTTGTGTCACGCGCAT-1	T	9
TTTGTGTCATTGTTCT-1	NK	2
TTTGTGTGTAATGCAA-1	T	19
TTTGTGTGTACAACGG-1	T	0
TTTGTGTGTAGCTGTT-1	T	7
TTTGTGTTCACACGTA-1	T	15
TTTGTGTTCAGTCACA-1	NK	13
TTTGTGTTCCACACCT-1	T	16
TTTGTGTTCCGGGCAT-1	T	5
