AAACGAAAGAAATTCG-1	NK	9
AAACGAAAGAAGACTT-1	NK	1
AAACGAAAGACAGCTG-1	Stromal	0
AAACGAAAGAGAGGTA-1	NK	18
AAACGAAAGAGGCGGA-1	Stromal	0
AAACGAAAGTGATATG-1	Stromal	10
AAACGAACAACGGACA-1	NK	18
AAACGAACAACGTCGC-1	Stromal	16
AAACGAACAACTCGTA-1	DC	13
AAACGAACAGAACTTC-1	Stromal	0
AAACGAACAGGGTAAC-1	NK	1
AAACGAAGTATGCTAC-1	NK	1
AAACGAAGTCAATCCA-1	NK	4
AAACGAAGTTTCACCC-1	Stromal	0
AAACGAATCCAAACCA-1	NK	1
AAACGAATCCGAGAGA-1	Stromal	2
AAACGAATCGGGAAAC-1	Stromal	6
AAACGAATCTATCTCA-1	NK	14
AAACGAATCTCGACAA-1	B	7
AAACTCGAGTCACGCC-1	NK	9
AAACTCGAGTGAAGGA-1	NK	8
AAACTCGAGTGAGTGC-1	Stromal	0
AAACTCGCAAGCACTT-1	B	7
AAACTCGCAAGTAATG-1	NK	8
AAACTCGCACGCTAAT-1	NK	18
AAACTCGGTAACCGAG-1	T	17
AAACTCGGTACCCACG-1	Epithelial	12
AAACTCGGTACCGGCT-1	Stromal	6
AAACTCGGTATTCTGG-1	NK	1
AAACTCGGTGGATTTC-1	NK	1
AAACTCGGTTAAGTCC-1	NK	1
AAACTCGGTTAGGCTT-1	Stromal	0
AAACTCGGTTTCTACT-1	Stromal	2
AAACTCGTCCGTGCAG-1	Stromal	2
AAACTCGTCCTATCAT-1	NK	4
AAACTCGTCGAGTTAC-1	Stromal	10
AAACTCGTCGCTAGTA-1	NK	1
AAACTCGTCGTTGTAG-1	NK	14
AAACTGCAGCCTGTAT-1	Epithelial	12
AAACTGCAGTACAGAT-1	NK	18
AAACTGCAGTTACCAC-1	NK	14
AAACTGCCACCCTTTG-1	Stromal	0
AAACTGCGTAGCTGTT-1	Stromal	15
AAACTGCGTTGGCGAA-1	Stromal	5
AAAGATGAGATCTCAC-1	NK	4
AAAGATGAGGTAAGCC-1	Stromal	6
AAAGATGAGTTGCTTG-1	NK	18
AAAGATGCAGCTGATT-1	NK	4
AAAGATGGTAATGTAG-1	NK	19
AAAGATGGTATATGGA-1	NK	1
AAAGATGGTCATGAGG-1	T	17
AAAGATGGTGATGTGG-1	Stromal	6
AAAGATGGTGCCCGAT-1	NK	8
AAAGATGGTTCCGGCA-1	Stromal	10
AAAGATGTCACATTCT-1	NK	18
AAAGATGTCACTCGGG-1	Stromal	5
AAAGATGTCCCATAGA-1	Stromal	0
AAAGATGTCGGTGATT-1	Stromal	6
AAAGGATAGAGGAATG-1	Stromal	0
AAAGGATAGTCTTAGC-1	Stromal	3
AAAGGATCAAACTACC-1	Stromal	10
AAAGGATCACTGTCAA-1	Epithelial	12
AAAGGATGTCAGAAGC-1	Stromal	6
AAAGGATGTCTCTGCT-1	DC	13
AAAGGATTCTGATCCC-1	Stromal	6
AAAGGGCAGGCCTCTG-1	NK	18
AAAGGGCCAGGCAGAT-1	NK	9
AAAGGGCGTAATGCAA-1	Stromal	3
AAAGGGCGTCTAAAGA-1	T	17
AAAGGGCGTGGTCGAA-1	Stromal	6
AAAGGGCGTTTGATCG-1	NK	1
AAAGGGCTCAGTCACA-1	NK	19
AAATGAGAGACTAGGC-1	NK	4
AAATGAGAGAGTGGAA-1	NK	1
AAATGAGAGTCGTATC-1	B	7
AAATGAGCAACAACTC-1	Stromal	15
AAATGAGCAAGTAACA-1	NK	18
AAATGAGCACAAGTGG-1	Stromal	15
AAATGAGCATCGCCTT-1	NK	8
AAATGAGCATGGCCTG-1	NK	18
AAATGAGCATTACACG-1	Stromal	6
AAATGAGCATTGTTCT-1	Stromal	0
AAATGAGGTTCTTTGT-1	NK	19
AAATGAGGTTTCGATG-1	T	17
AAATGAGTCCAATAGC-1	T	17
AAATGAGTCTTCGTTA-1	Stromal	2
AAATGCCAGAGGTACC-1	Stromal	0
AAATGCCAGATCGCCC-1	Stromal	15
AAATGCCAGCGCCTAC-1	Stromal	5
AAATGCCAGTAGAAGG-1	NK	8
AAATGCCCAAATTGAG-1	Stromal	6
AAATGCCCAACGGACA-1	B	7
AAATGCCCATGGTATC-1	NK	19
AAATGCCGTAGAGAGA-1	Epithelial	12
AAATGCCGTATTGTCG-1	NK	18
AAATGCCTCATGAACC-1	Stromal	3
AAATGCCTCGCAAGCC-1	NK	1
AAATGCCTCTCGCGTT-1	DC	13
AACAAAGAGAAGCCTG-1	Stromal	0
AACAAAGAGAGATTAC-1	DC	13
AACAAAGCAAAGGCCA-1	NK	1
AACAAAGCACGCTCAG-1	Stromal	0
AACAAAGCACTAGCCG-1	Stromal	6
AACAAAGCATTACCTT-1	Stromal	16
AACAAAGGTAACTCCA-1	Stromal	6
AACAAAGGTACGGTTT-1	Stromal	0
AACAAAGGTGAATACA-1	NK	14
AACAAAGGTGAGTTGG-1	Stromal	16
AACAAAGGTGCTGAAG-1	T	17
AACAGTCAGGAAGGTA-1	NK	1
AACAGTCAGTACCACT-1	NK	1
AACAGTCCAGGCAAGT-1	T	17
AACAGTCCAGTTAAAG-1	Stromal	5
AACAGTCCATGCGCTG-1	NK	18
AACAGTCTCGATATGC-1	NK	14
AACAGTCTCGCTAGTA-1	Stromal	15
AACAGTCTCTCTGAGA-1	NK	14
AACATCGAGCAACGGT-1	Stromal	3
AACATCGAGTTGCGCC-1	Stromal	11
AACATCGCAAACCTAC-1	Stromal	6
AACATCGCACACACCG-1	Epithelial	12
AACATCGCAGTAACCT-1	NK	19
AACATCGGTAGAAAGG-1	Stromal	6
AACATCGGTGCCCAGT-1	Stromal	6
AACATCGTCGCCACTT-1	T	17
AACATCGTCGTTCAGA-1	DC	13
AACATCGTCTGAACGT-1	Stromal	6
AACCAACAGGTAAGCC-1	Stromal	0
AACCAACAGTATACCC-1	Stromal	5
AACCAACCAAATAGTG-1	Stromal	0
AACCAACCAATGACTC-1	T	17
AACCAACGTGCCGGTT-1	Epithelial	12
AACCAACGTTTCGACA-1	Stromal	15
AACCAACTCAGGAATA-1	B	7
AACCAACTCCGAGAGA-1	NK	4
AACCAACTCTATAGGC-1	Stromal	16
AACCAACTCTCTTAAC-1	B	7
AACCGATAGTATAGTG-1	Stromal	5
AACCGATAGTCATCTG-1	Stromal	10
AACCGATCAGAGAGAA-1	NK	14
AACCGATCATTTGGCA-1	Stromal	11
AACCGATGTCAATCCA-1	Stromal	15
AACCGATGTTTGAAGA-1	Stromal	16
AACCGATTCGATAGGG-1	NK	18
AACCGATTCGCTATAG-1	NK	14
AACCGATTCGTCCCTA-1	NK	18
AACCTGAAGCCTTTGA-1	Stromal	10
AACCTGAAGGTAGGCT-1	Stromal	5
AACCTGAAGTTCAGGG-1	NK	1
AACCTGACACGCTCAG-1	NK	8
AACCTGACACGTTACA-1	NK	14
AACCTGAGTGCACCCA-1	Stromal	6
AACCTGATCCGTGCGA-1	Stromal	16
AACCTGATCGTTCAGA-1	Stromal	10
AACCTGATCTCGACAA-1	NK	4
AACCTTTAGAGGTACC-1	Stromal	10
AACCTTTAGAGTTTGA-1	Stromal	16
AACCTTTCAAGTCTCA-1	NK	1
AACCTTTCAGATACAA-1	NK	14
AACCTTTGTAATGTGA-1	NK	19
AACCTTTGTATCCCTC-1	Stromal	10
AACCTTTGTGTCGTCG-1	NK	18
AACCTTTTCGTCTAGA-1	NK	18
AACGAGGAGATAGGTT-1	Epithelial	12
AACGAGGAGGTCACTT-1	Stromal	0
AACGAGGAGGTCGGTA-1	Stromal	5
AACGAGGAGTCGGGAT-1	NK	4
AACGAGGCACCATTCC-1	Stromal	0
AACGAGGCACGACGAA-1	NK	9
AACGAGGCAGGGTAAC-1	NK	18
AACGAGGCATTTGTTC-1	B	7
AACGAGGGTAACTGAA-1	Stromal	10
AACGAGGGTAGACACG-1	NK	1
AACGAGGGTATCTCAG-1	NK	18
AACGAGGGTATTTGCG-1	NK	1
AACGAGGGTTGGCTAT-1	NK	14
AACGAGGTCATTCATC-1	Stromal	10
AACGAGGTCCGAATTG-1	Stromal	0
AACGAGGTCCGTCAAA-1	NK	4
AACGAGGTCGATAGCT-1	Stromal	10
AACGAGGTCGCTCTAC-1	Stromal	0
AACGAGGTCGCTGATA-1	NK	4
AACGAGGTCTTGGCCT-1	B	7
AACGGGAAGGATGTAT-1	Stromal	0
AACGGGAAGTTGACAA-1	Stromal	16
AACGGGAAGTTTGGAA-1	Stromal	10
AACGGGACAAGGGAGG-1	Stromal	5
AACGGGACATTCACCC-1	NK	1
AACGGGAGTCCGTAGC-1	Stromal	11
AACGGGAGTGCATCAT-1	NK	1
AACGGGAGTTGTATCG-1	Stromal	3
AACGGGATCACCACAA-1	Stromal	6
AACGTACAGTAACACA-1	Stromal	6
AACGTACCAAGGATGC-1	Epithelial	12
AACGTACCACGATATC-1	NK	18
AACGTACCATGCGACC-1	NK	14
AACGTACGTAACTGAA-1	NK	1
AACGTACGTACCCATA-1	Stromal	11
AACGTACGTAGCCATT-1	Stromal	11
AACGTACGTGCCAAGA-1	NK	18
AACGTACGTGGTTCTA-1	Stromal	0
AACGTACTCGACGGAA-1	Stromal	16
AACTGGTAGAACGTCG-1	NK	18
AACTGGTAGATACCAA-1	Stromal	0
AACTGGTAGTAGTCGG-1	Stromal	16
AACTGGTCACATTCTT-1	NK	4
AACTGGTCAGAACTTC-1	Stromal	10
AACTGGTGTAACCATC-1	B	7
AACTGGTGTCAGACGA-1	Stromal	0
AACTGGTGTCTGGGAA-1	NK	14
AACTGGTGTTAACCAC-1	NK	19
AACTGGTGTTCTTAGG-1	NK	1
AACTGGTGTTGGGAAC-1	T	17
AACTGGTTCCGTGCGA-1	NK	14
AACTGGTTCGCCTTAC-1	NK	18
AACTGTGAGAAAGCAG-1	NK	1
AACTGTGAGAGGTGGG-1	NK	9
AACTGTGCACAAGGGT-1	NK	4
AACTGTGCATCTCACC-1	NK	19
AACTGTGGTAGAAAGG-1	Stromal	5
AACTGTGGTATCCCTC-1	NK	1
AACTGTGGTTGTCGGC-1	Stromal	3
AACTGTGTCACACGTA-1	Stromal	3
AACTGTGTCGCAAACT-1	DC	13
AACTGTGTCTTACCTA-1	NK	4
AACTTGGAGGCACTAG-1	NK	4
AACTTGGAGGTCACTT-1	Stromal	10
AACTTGGAGTGTCGCC-1	Stromal	5
AACTTGGAGTTGAATG-1	NK	19
AACTTGGCAAGTAACA-1	Stromal	10
AACTTGGCAGCAACAG-1	NK	1
AACTTGGCATTTCACT-1	Stromal	10
AACTTGGGTAACGGCA-1	Stromal	10
AACTTGGGTAAGTCTC-1	NK	18
AACTTGGGTCCATTGA-1	Stromal	0
AACTTGGGTCCTCAGG-1	NK	18
AACTTGGGTGGACGAT-1	NK	4
AACTTGGGTGTCGTCG-1	NK	18
AACTTGGTCCTGACCT-1	Stromal	11
AACTTGGTCGGATAAA-1	NK	1
AACTTGGTCTTCGTTA-1	Stromal	10
AAGATAGAGAACGCCA-1	Stromal	5
AAGATAGAGACCAATA-1	NK	18
AAGATAGAGCCTGTAT-1	NK	19
AAGATAGAGCTCCGGT-1	Stromal	3
AAGATAGAGCTGAATA-1	Stromal	0
AAGATAGAGGCGTCCT-1	Stromal	5
AAGATAGAGTCGTATC-1	NK	18
AAGATAGCAGAAAGAG-1	Stromal	3
AAGATAGCAGACCTGC-1	Stromal	6
AAGATAGCAGGTGTGA-1	NK	1
AAGATAGCATACTGCA-1	Stromal	0
AAGATAGCATTAACGC-1	Stromal	6
AAGATAGGTACAAGCG-1	NK	9
AAGATAGTCCAGCACG-1	NK	19
AAGATAGTCGTTCCGT-1	NK	8
AAGGAGCAGATGGCAC-1	Stromal	3
AAGGAGCAGTGAGCAC-1	NK	14
AAGGAGCCAACGAGGT-1	NK	18
AAGGAGCCATCATCGA-1	NK	19
AAGGAGCCATGTGAGG-1	NK	14
AAGGAGCGTCAACGGA-1	Stromal	0
AAGGAGCGTCTGAGCC-1	Stromal	11
AAGGAGCTCCACGGCA-1	NK	1
AAGGTTCAGAACGTTA-1	NK	19
AAGGTTCAGACACTTC-1	NK	1
AAGGTTCAGAGGAATG-1	NK	9
AAGGTTCAGAGTTCGG-1	Stromal	2
AAGGTTCAGCCTTTGA-1	T	17
AAGGTTCAGCTCCATA-1	T	17
AAGGTTCAGGAGTACC-1	Stromal	10
AAGGTTCAGGCCAATG-1	NK	1
AAGGTTCAGGTTCGTT-1	Stromal	6
AAGGTTCAGTGAGTTA-1	Stromal	11
AAGGTTCCAACGTCGC-1	NK	19
AAGGTTCCAACTTGGT-1	NK	18
AAGGTTCCACCTGAAT-1	Stromal	6
AAGGTTCCACGTTAGT-1	NK	14
AAGGTTCGTAACGGTG-1	NK	18
AAGGTTCGTCAGGTGA-1	NK	19
AAGGTTCTCTCTATCA-1	Stromal	2
AATACGCAGTCAGCCC-1	Stromal	6
AATACGCAGTGATAAC-1	Stromal	6
AATACGCCAAGACTAA-1	Stromal	10
AATACGCCATCAACTG-1	Stromal	0
AATACGCGTAACCATC-1	Stromal	0
AATACGCGTACAACGG-1	NK	14
AATACGCGTCACAGGA-1	Stromal	11
AATACGCTCGGTTCCT-1	Stromal	16
AATACGCTCTTCTTCC-1	Stromal	0
AATGCCAAGAGGTGGG-1	Stromal	11
AATGCCAAGCAACGGT-1	NK	1
AATGCCAAGTACAGAT-1	NK	18
AATGCCAAGTCGTGAG-1	NK	18
AATGCCACAACTTGGT-1	Stromal	6
AATGCCACAAGCAACG-1	Stromal	11
AATGCCACACCGTCTT-1	NK	1
AATGCCACAGTAACCT-1	Stromal	0
AATGCCACAGTCAGCC-1	T	17
AATGCCACATGGTTTG-1	Epithelial	12
AATGCCACATTAAGGA-1	Stromal	3
AATGCCAGTATTTGCG-1	NK	8
AATGCCATCACTGATG-1	NK	1
AATGCCATCGTGCTTC-1	NK	9
AATGGAAAGCAACGGT-1	Stromal	0
AATGGAAAGGTAAGTT-1	Stromal	0
AATGGAAAGTAGGAAG-1	Stromal	3
AATGGAAAGTATGGGC-1	NK	8
AATGGAACAGCAGGTA-1	Stromal	16
AATGGAACATGGGTGA-1	NK	14
AATGGAAGTACTATGC-1	NK	18
AATGGAAGTGCCCGAT-1	Stromal	5
AATGGAAGTTCGGGAA-1	NK	18
AATGGAAGTTCTCGAA-1	Stromal	0
AATGGAATCAGTCAAC-1	Stromal	0
AATGGAATCGTTTGAG-1	Stromal	6
AATGGAATCTCATCCG-1	NK	14
AATGGAATCTGGGCGT-1	NK	8
AATGGCTAGACTAATG-1	Stromal	0
AATGGCTAGATGCGAC-1	Stromal	6
AATGGCTAGGCCTCTG-1	NK	1
AATGGCTCACAGAAGC-1	Stromal	3
AATGGCTGTGAATCAA-1	B	7
AATGGCTGTGGAAAGA-1	NK	18
AATGGCTGTGGCGCTT-1	NK	14
AATGGCTGTTCCGCGA-1	Stromal	0
AATGGCTTCCAGGGAA-1	NK	1
AATGGCTTCCAGTTAG-1	Stromal	0
AATGGCTTCCCGTAGG-1	T	17
AATGGCTTCGTGGGTC-1	Stromal	10
AATGGCTTCTTAATCC-1	Stromal	10
AATGTCGAGCTAGCAG-1	Stromal	10
AATGTCGAGGCACTAG-1	Stromal	0
AATGTCGAGTATACGA-1	DC	13
AATGTCGGTTAGGCTT-1	NK	1
AATGTCGTCGCACCGA-1	Stromal	6
ACAAACCAGAACTAAC-1	NK	8
ACAAACCAGGGCATTG-1	Stromal	0
ACAAACCCACGCTAAT-1	NK	14
ACAAACCCAGATAAGT-1	NK	14
ACAAACCCATGCCCTT-1	Stromal	11
ACAAACCGTCAGTGTT-1	NK	18
ACAAACCGTCGCTAGC-1	NK	19
ACAAACCGTCTGTCCT-1	Stromal	0
ACAAACCTCCATGTTT-1	NK	19
ACAAACCTCCGCTATC-1	Stromal	11
ACAAACCTCGTGGTAT-1	Stromal	3
ACAAACCTCTGCTACC-1	NK	1
ACAAAGAAGAGGCCTA-1	Stromal	16
ACAAAGAAGAGGCGGA-1	Stromal	0
ACAAAGAAGGTGTTGG-1	Stromal	10
ACAAAGACAACCTCTC-1	DC	13
ACAAAGACAGAGAGAA-1	T	17
ACAAAGAGTGGTTCTA-1	NK	1
ACAAAGATCATTGCCC-1	NK	1
ACAAAGATCCAACGCG-1	Stromal	16
ACAAAGATCCAGGTAT-1	NK	18
ACAAAGATCCCGGGTA-1	Stromal	10
ACAAAGATCGACTATG-1	T	17
ACAAAGATCGAGAAGC-1	B	7
ACAAAGATCTGAAAGA-1	Stromal	6
ACAAGCTAGACGCCCT-1	Stromal	0
ACAAGCTCACGTTACA-1	Stromal	10
ACAAGCTCAGCGTCGT-1	Stromal	6
ACAAGCTCATATAGAG-1	Stromal	6
ACAAGCTGTAGTCCAT-1	NK	14
ACAAGCTGTGCGCATC-1	Stromal	5
ACAAGCTTCCGGAAAG-1	Stromal	3
ACAAGCTTCTGACATG-1	Stromal	0
ACAATCGAGCCATCAT-1	NK	18
ACAATCGAGTACCACT-1	Stromal	15
ACAATCGAGTCGAGCA-1	Stromal	5
ACAATCGCAAAGGTCG-1	NK	14
ACAATCGCACAGAAGC-1	NK	9
ACAATCGGTAGACACG-1	Stromal	5
ACAATCGGTAGGTAAT-1	NK	14
ACAATCGTCAAGGCCC-1	NK	19
ACAATCGTCCTCTCTT-1	NK	1
ACAATCGTCTTAAGCG-1	NK	4
ACAGAAAAGATGCGAC-1	NK	19
ACAGAAAAGTCCGATT-1	Stromal	0
ACAGAAAAGTCGTGAG-1	DC	13
ACAGAAACACGTGAAG-1	NK	19
ACAGAAACAGCAACAG-1	NK	18
ACAGAAACAGTCCTGG-1	Stromal	5
ACAGAAACAGTTAAAG-1	Stromal	2
ACAGAAAGTAGTACAA-1	NK	1
ACAGAAAGTGTCTACA-1	Stromal	10
ACAGAAATCAAATGGA-1	NK	19
ACAGAAATCCATATCT-1	NK	14
ACAGAAATCCGGGCAT-1	Stromal	2
ACAGAAATCGATAGGG-1	NK	4
ACAGAAATCGCACCTT-1	NK	19
ACAGAAATCGCCAGAC-1	NK	18
ACAGAAATCGCCCTTA-1	Stromal	5
ACAGAAATCTAGCTGA-1	NK	1
ACAGAAATCTTCCAGC-1	Stromal	10
ACAGACTAGAGCCACA-1	Stromal	16
ACAGACTAGCTATCGT-1	Stromal	11
ACAGACTAGTCTGCTA-1	Stromal	16
ACAGACTCATACCCGG-1	NK	8
ACAGACTCATGTGGGA-1	NK	4
ACAGACTGTCAGAGTG-1	Stromal	16
ACAGACTGTTATCGAC-1	Stromal	10
ACAGACTGTTTGATCG-1	DC	13
ACAGACTTCCTCCAGT-1	NK	19
ACAGCGCAGTCGTACT-1	Stromal	15
ACAGCGCCAAGACACG-1	B	7
ACAGCGCCAATGAAAC-1	Stromal	10
ACAGCGCCACAGCCAC-1	Stromal	6
ACAGCGCCACGCGACT-1	NK	1
ACAGCGCGTTGGCTAT-1	Stromal	5
ACAGCGCGTTTGAAGA-1	Stromal	0
ACAGCGCTCGAACCGC-1	NK	14
ACAGGCCAGAACCCGA-1	Stromal	10
ACAGGCCAGCTCGGCT-1	Stromal	0
ACAGGCCAGGAATGGA-1	Stromal	6
ACAGGCCCAAACAGTA-1	NK	14
ACAGGCCGTAATGTGA-1	NK	18
ACAGGCCTCGCGCTGA-1	NK	19
ACAGGCCTCGTTACAG-1	Stromal	0
ACATGCAAGACTTGAA-1	NK	4
ACATGCAAGTGATAAC-1	Stromal	0
ACATGCAAGTGGACGT-1	NK	1
ACATGCACATCCATAG-1	Stromal	0
ACATGCACATTAGCAC-1	NK	14
ACATGCACATTATGGC-1	Stromal	3
ACATGCAGTACGCCCA-1	Stromal	16
ACATGCAGTCTCTGCT-1	NK	14
ACATGCAGTGCGCATC-1	Stromal	2
ACATGCAGTTCCCGGA-1	Stromal	0
ACATGCATCCTCAAGA-1	DC	13
ACATGCATCGCACCTT-1	Stromal	6
ACATGCATCGTAGCGC-1	T	17
ACATGCATCGTTTGAG-1	Stromal	5
ACATGGTAGGCCTCGT-1	Stromal	0
ACATGGTAGTGTCGGA-1	Stromal	0
ACATGGTCAATGAAAC-1	Stromal	0
ACATGGTCACGTTAGT-1	Stromal	2
ACATGGTCAGCAAACG-1	NK	9
ACATGGTCAGTCAGAG-1	NK	18
ACATGGTGTAGATGAT-1	Stromal	10
ACATGGTGTGTGTGCC-1	NK	14
ACATGGTTCGTTTGAG-1	NK	18
ACATGGTTCTCGTGAA-1	Stromal	0
ACATGGTTCTGCGTCT-1	Stromal	3
ACCAAACAGAATACTG-1	Stromal	5
ACCAAACAGAGAGGTA-1	Stromal	5
ACCAAACAGCGTTGCC-1	Stromal	0
ACCAAACAGCTTACCA-1	Stromal	2
ACCAAACAGGAGTACC-1	Stromal	0
ACCAAACAGTAGCAAT-1	NK	1
ACCAAACCACCCTTTG-1	Stromal	5
ACCAAACGTCACAGTT-1	Stromal	0
ACCAAACGTCTGGGAA-1	Stromal	5
ACCAAACGTGTACGCC-1	NK	18
ACCAAACGTTACGCTA-1	NK	14
ACCAAACGTTCCCGGA-1	Stromal	3
ACCATCCAGCAGGAGG-1	Stromal	0
ACCATCCAGCGGACAT-1	Stromal	10
ACCATCCCAAGCACTT-1	DC	13
ACCATCCCAATACTGC-1	Stromal	11
ACCATCCCAGAAGTGC-1	NK	18
ACCATCCCAGATTAAG-1	Stromal	16
ACCATCCCAGTGGTCC-1	Stromal	3
ACCATCCGTAACTGAA-1	Stromal	0
ACCATCCGTACTAGAA-1	NK	8
ACCATCCGTGCTAGTT-1	Stromal	15
ACCATCCTCCAGGTAT-1	Stromal	16
ACCATCCTCCATATCT-1	Epithelial	12
ACCATCCTCGCAAGCC-1	NK	1
ACCCAAAAGAAAGGGT-1	NK	19
ACCCAAAAGATATGTG-1	T	17
ACCCAAAAGCGTAGCA-1	Stromal	2
ACCCAAACACAAACGG-1	Stromal	5
ACCCAAACATAGCAGG-1	Stromal	15
ACCCAAAGTGGAGTGT-1	B	7
ACCCAAAGTTCTTTCA-1	Stromal	5
ACCCAAAGTTTGCCCT-1	NK	1
ACCCAAATCTCTGCGT-1	Epithelial	12
ACCGAATAGAGTTTGA-1	Stromal	5
ACCGAATAGCAATAAC-1	Stromal	2
ACCGAATAGCACGTAG-1	NK	8
ACCGAATAGCAGGAGG-1	Stromal	10
ACCGAATAGGCCTCGT-1	NK	4
ACCGAATAGGGTCCCT-1	Stromal	16
ACCGAATCAAATAGTG-1	Stromal	2
ACCGAATCACCTACCT-1	NK	14
ACCGAATCATGGGACA-1	T	17
ACCGAATCATTTGGTG-1	NK	14
ACCGAATGTACGACCC-1	Stromal	2
ACCGAATGTACGCAAG-1	NK	18
ACCGAATGTATGGATA-1	NK	18
ACCGAATGTCCTCAGG-1	Stromal	0
ACCGAATGTTAGGCTT-1	NK	1
ACCGAATTCTATTTCG-1	NK	19
ACCGCAGAGAGCACTG-1	Stromal	6
ACCGCAGAGATGTTCC-1	NK	18
ACCGCAGAGCCGCAAA-1	Stromal	5
ACCGCAGCAAGACTTC-1	DC	13
ACCGCAGCACTCCTCA-1	Epithelial	12
ACCGCAGCAGGACCTC-1	Stromal	16
ACCGCAGCATCTGCAA-1	T	17
ACCGCAGGTCTCTAAG-1	B	7
ACCGCAGGTGCTGTGC-1	Stromal	0
ACCGCAGGTTCCAATG-1	Stromal	3
ACCGCAGTCAAGAGGC-1	Stromal	6
ACCGCAGTCATGAACC-1	NK	19
ACCGCAGTCTACATCT-1	NK	14
ACCGGGTAGCGTATCT-1	Stromal	2
ACCGGGTAGGCTTCGC-1	NK	19
ACCGGGTCACGTTACA-1	Stromal	6
ACCGGGTCACTCCCAT-1	NK	1
ACCGGGTGTAGCATGG-1	Stromal	16
ACCGGGTGTATTCGCA-1	NK	18
ACCGGGTGTGCAGACA-1	Stromal	16
ACCGGGTGTTCCATCC-1	NK	18
ACCGGGTGTTCCCGGA-1	Stromal	5
ACCGGGTGTTCCGGCA-1	NK	4
ACCGGGTTCGCGTGAC-1	Stromal	11
ACCGGGTTCGTGGCGT-1	Stromal	11
ACCGGGTTCTTCACTA-1	DC	13
ACCTGCTAGAGATTAC-1	NK	18
ACCTGCTAGAGCAGCT-1	Stromal	0
ACCTGCTAGCTGATTC-1	Stromal	11
ACCTGCTAGTACCCAT-1	DC	13
ACCTGCTAGTGCAACG-1	Stromal	2
ACCTGCTAGTGTGTAA-1	Stromal	16
ACCTGCTCAAGCGAAC-1	Stromal	0
ACCTGCTCAAGGGAGG-1	Stromal	16
ACCTGCTCAGTATCTG-1	Stromal	15
ACCTGCTGTAAACCCT-1	Stromal	6
ACCTGCTGTGCACTTA-1	Stromal	2
ACCTGCTTCAGCACTA-1	Stromal	6
ACCTGCTTCGATAGCT-1	Stromal	15
ACCTGCTTCTGAAAGA-1	Stromal	5
ACGGATTAGCGATACG-1	Stromal	16
ACGGATTAGGAGTAGA-1	Epithelial	12
ACGGATTAGTAGGTCG-1	NK	18
ACGGATTCAAAGAAGG-1	Stromal	3
ACGGATTCAAGTTGCT-1	NK	4
ACGGATTCACATCATG-1	Stromal	3
ACGGATTCACGGTTAT-1	Stromal	5
ACGGATTCAGTGCGAA-1	Stromal	0
ACGGATTCATCGACCG-1	NK	18
ACGGATTGTAACTCCA-1	NK	4
ACGGATTGTAGCAGGT-1	NK	4
ACGGATTGTCAGTGTT-1	NK	1
ACGGATTGTCTGGTCG-1	NK	14
ACGGATTGTCTGTGTA-1	T	17
ACGGATTTCCTTTGAT-1	NK	18
ACGGATTTCGGATGTT-1	NK	14
ACGGATTTCTTCATAC-1	Stromal	0
ACGTGGCAGACTAGCG-1	NK	9
ACGTGGCAGCATTCCA-1	Stromal	6
ACGTGGCAGGATTGAT-1	Stromal	10
ACGTGGCCAAATAGTG-1	Stromal	6
ACGTGGCCAATCAGGG-1	Stromal	11
ACGTGGCCAGGTAACG-1	NK	14
ACGTGGCGTACTTGAC-1	NK	14
ACGTGGCGTATTGTGC-1	T	17
ACGTGGCGTTCCGCGA-1	Stromal	0
ACGTGGCGTTCTTATC-1	Stromal	11
ACGTGGCGTTTGTGAC-1	NK	4
ACGTGGCTCCAACCTC-1	NK	18
ACGTGGCTCGGGACAA-1	Stromal	3
ACGTGGCTCGTGTGCG-1	Stromal	10
ACGTTAGAGAGGAATG-1	NK	1
ACGTTAGAGCATGTGG-1	Stromal	10
ACGTTAGAGGATTAAC-1	Epithelial	12
ACGTTAGCAACTCAAC-1	Epithelial	12
ACGTTAGCACCTGAAT-1	NK	4
ACGTTAGCAGGCAAGT-1	Stromal	5
ACGTTAGCATACCCGG-1	Stromal	0
ACGTTAGTCAGCCGAC-1	Stromal	5
ACGTTAGTCCAGAATC-1	Stromal	5
ACGTTAGTCCGTCAAA-1	Stromal	0
ACGTTAGTCGATCGCG-1	Stromal	2
ACGTTAGTCGGCATAT-1	NK	1
ACTAACGAGTAGCAAT-1	Stromal	5
ACTAACGAGTTGCCGC-1	NK	9
ACTAACGCAATGAAAC-1	Epithelial	12
ACTAACGCACACTAGT-1	NK	18
ACTAACGCACCTACCT-1	NK	14
ACTAACGCACTGTAAC-1	Stromal	16
ACTAACGCATGGAGGT-1	Stromal	6
ACTAACGGTATACGCT-1	Epithelial	12
ACTAACGTCGATGTAC-1	Stromal	2
ACTACCCAGCAGAATT-1	Stromal	10
ACTACCCAGGTCTTTG-1	NK	4
ACTACCCAGTCTTAGC-1	Epithelial	12
ACTACCCCAGAGAGAA-1	NK	1
ACTACCCCAGGGTACA-1	Stromal	10
ACTACCCGTCTGTCCT-1	NK	1
ACTACCCGTGCAAGAC-1	DC	13
ACTACCCGTTTCCTAT-1	NK	19
ACTACCCGTTTGTCTT-1	Stromal	16
ACTACCCTCAACTTGG-1	Epithelial	12
ACTACCCTCAGTCACA-1	NK	18
ACTACCCTCGATCTTT-1	NK	1
ACTACGAAGTTGAATG-1	NK	1
ACTACGACAGTAACTC-1	Stromal	3
ACTACGACATTGTGAC-1	Stromal	6
ACTACGAGTGGGTAGT-1	T	17
ACTACGAGTGTTTCTT-1	Stromal	5
ACTACGATCCCACTTG-1	NK	18
ACTACGATCGTGCTTC-1	Stromal	6
ACTAGGTAGCACACCC-1	Stromal	6
ACTAGGTAGCTGAAAT-1	Stromal	6
ACTAGGTAGTTCCCGG-1	NK	1
ACTAGGTAGTTGCCGC-1	NK	19
ACTAGGTCAAGGCGTA-1	Stromal	0
ACTAGGTCATTGATGC-1	Stromal	5
ACTAGGTGTACTTGAC-1	NK	18
ACTAGGTGTCAGCTTA-1	Stromal	6
ACTAGGTGTCTCTGGG-1	NK	18
ACTAGGTGTCTTAGCA-1	Stromal	6
ACTAGGTGTGATGTGG-1	Stromal	16
ACTAGGTGTTTAGACC-1	NK	1
ACTAGGTTCAACGTGT-1	NK	4
ACTAGGTTCGACTGGC-1	Stromal	0
ACTAGGTTCGGTGATT-1	Stromal	11
ACTAGGTTCTGATCCC-1	Stromal	0
ACTATTCAGGTAAGCC-1	Stromal	3
ACTATTCCAGCAATGG-1	Stromal	2
ACTATTCCATACTGCA-1	NK	19
ACTATTCCATCCCTCA-1	Stromal	2
ACTATTCGTTAGGAGC-1	NK	4
ACTATTCGTTCCAATG-1	DC	13
ACTATTCTCATTCATC-1	Stromal	10
ACTATTCTCCATGACA-1	Stromal	0
ACTCGGGAGCTACGTT-1	Stromal	2
ACTCGGGAGGGAGATA-1	NK	19
ACTCGGGAGTGCTAGG-1	NK	19
ACTCGGGCAAAGACGC-1	NK	4
ACTCGGGCAGATACAA-1	Stromal	10
ACTCGGGCATCTGCAA-1	Stromal	5
ACTCGGGCATTTGGTG-1	Stromal	16
ACTCGGGTCGATGAAA-1	Stromal	10
ACTCGGGTCGTGTGCG-1	Stromal	0
ACTCGGGTCTCGTGAA-1	NK	19
ACTGCAAAGAAATACC-1	NK	14
ACTGCAAAGCCTATAC-1	Stromal	2
ACTGCAAAGTCCGATT-1	NK	1
ACTGCAACAAGCAACG-1	Stromal	0
ACTGCAACACAAACGG-1	NK	14
ACTGCAACACTCCACT-1	NK	1
ACTGCAAGTACTTCAG-1	Stromal	5
ACTGCAAGTCGGCTGT-1	Stromal	15
ACTGCAAGTCTAACCA-1	Stromal	0
ACTGCAAGTGGACCAA-1	Stromal	0
ACTGCAAGTTCCCGGA-1	NK	1
ACTGCAATCAATGCAC-1	Stromal	2
ACTGCGGAGCTACGCC-1	B	7
ACTGCGGAGGTACTCT-1	Stromal	3
ACTGCGGCAAGGGTAC-1	NK	1
ACTGCGGCATGGAGGT-1	Stromal	3
ACTGCGGGTACAACGG-1	Stromal	2
ACTGCGGGTCCTTATT-1	Stromal	5
ACTGCGGGTGTGCTTA-1	Stromal	2
ACTGCGGGTTTCAGCA-1	Stromal	6
ACTGCGGTCAAGAGGC-1	Stromal	6
ACTGCGGTCGGAAAGC-1	NK	19
ACTGTCCAGATACCAA-1	Stromal	5
ACTGTCCAGCGCACAA-1	Stromal	3
ACTGTCCAGGTTCTCA-1	NK	14
ACTGTCCAGGTTGTGG-1	Stromal	16
ACTGTCCCAAAGGTCG-1	Stromal	0
ACTGTCCCAAATGTCC-1	Stromal	5
ACTGTCCCACAACGGA-1	NK	18
ACTGTCCGTAACATAG-1	Stromal	2
ACTGTCCGTCGAGGAT-1	Stromal	6
ACTGTCCGTCGTAATC-1	NK	18
ACTGTCCGTGCTAGTT-1	Stromal	3
ACTGTCCGTGGACAGT-1	Stromal	10
ACTGTCCTCTGGTACA-1	Stromal	16
ACTGTCCTCTTCCACG-1	NK	18
ACTTCCGAGGCACTAG-1	Epithelial	12
ACTTCCGGTTCAGAAA-1	Stromal	10
ACTTCCGTCACTGATG-1	Stromal	11
ACTTCCGTCATTCATC-1	NK	19
ACTTCCGTCGATGAAA-1	Stromal	0
ACTTCCGTCGGTCGAC-1	NK	18
ACTTTCAAGTCTGCTA-1	Stromal	11
ACTTTCAAGTGAGTTA-1	NK	1
ACTTTCACAGATACAA-1	Stromal	6
ACTTTCACATATAGAG-1	NK	1
ACTTTCAGTATTCTTC-1	NK	4
AGACAAAAGACTCGGA-1	NK	1
AGACAAAAGATGCGAC-1	NK	18
AGACAAAAGATGGCAC-1	Stromal	2
AGACAAACAACGTCGC-1	Stromal	11
AGACAAACACTTATGG-1	Epithelial	12
AGACAAACAGGGTAAC-1	NK	19
AGACAAACATAGCCGC-1	NK	1
AGACAAAGTAGTATCC-1	Stromal	16
AGACAAAGTGAAACAT-1	DC	13
AGACAAAGTGATCAGG-1	NK	14
AGACAAATCATTCTCA-1	NK	1
AGACAAATCCAACGCG-1	NK	14
AGACAAATCCGTGCAG-1	Stromal	16
AGATAGAAGCGTCAAG-1	NK	14
AGATAGAAGGATTTGA-1	Stromal	16
AGATAGAAGTACTCTG-1	NK	14
AGATAGAAGTCCCTCT-1	NK	18
AGATAGAAGTCGTGAG-1	NK	18
AGATAGACAACGTAGG-1	Stromal	0
AGATAGACAGAAAGAG-1	NK	1
AGATAGACAGAACAGC-1	NK	18
AGATAGAGTACCAAGG-1	T	17
AGATAGAGTCTGATTG-1	NK	1
AGATAGAGTTATGCAC-1	Stromal	3
AGATAGATCTGATCCC-1	NK	14
AGATTCGAGCTAGTTC-1	Stromal	3
AGATTCGAGTACCACT-1	DC	13
AGATTCGAGTACGCGA-1	Stromal	5
AGATTCGCATTAAGGA-1	NK	4
AGATTCGGTATCTGCA-1	Epithelial	12
AGATTCGGTATTGTGC-1	Stromal	5
AGATTCGGTGATGCTT-1	Stromal	16
AGATTCGGTGCGCATC-1	NK	18
AGATTCGGTTGCAGAG-1	NK	18
AGATTCGTCACAAGCT-1	Stromal	16
AGATTCGTCCCGTAGG-1	Stromal	5
AGATTCGTCTCCCTTT-1	NK	4
AGATTCGTCTGCCGAG-1	Stromal	0
AGCCAGCAGAAGGGCG-1	B	7
AGCCAGCAGGCGCTTC-1	NK	9
AGCCAGCCAATGCCAT-1	NK	14
AGCCAGCCATAGAATG-1	B	7
AGCCAGCCATAGGCGA-1	Stromal	16
AGCCAGCGTAGAGAGA-1	B	7
AGCCAGCGTATGGGTG-1	NK	1
AGCCAGCGTCAAGACG-1	Stromal	2
AGCCAGCTCAGAGTGG-1	NK	1
AGCCAGCTCGCCCTTA-1	NK	8
AGCCAGCTCGTCAACA-1	NK	18
AGCCCGAAGATGTTGA-1	Stromal	16
AGCCCGAAGCATTGGG-1	Stromal	0
AGCCCGACAACTCCCT-1	NK	1
AGCCCGACAAGGTCGA-1	Stromal	3
AGCCCGACAGCTATAC-1	NK	19
AGCCCGAGTAACGTAA-1	NK	18
AGCCCGAGTAGCAGCA-1	NK	19
AGCCCGAGTCCGTAGC-1	Stromal	2
AGCCCGAGTGTTGTTG-1	Stromal	6
AGCCCGAGTTACCCAA-1	Stromal	11
AGCCCGAGTTACGCTA-1	Stromal	3
AGCCCGAGTTCCGCGA-1	Stromal	0
AGCCCGATCAACGTGT-1	Stromal	6
AGCCCGATCTCGCGTT-1	Stromal	2
AGCCCGATCTTAGTGG-1	T	17
AGCCGCAAGAGTCCGA-1	DC	13
AGCCGCAAGCCAGAAC-1	Stromal	5
AGCCGCAAGCTACGCC-1	NK	1
AGCCGCAAGGTTGTTC-1	DC	13
AGCCGCAAGTGGACGT-1	Stromal	0
AGCCGCACAAAGGTCG-1	DC	13
AGCCGCACAGCAACCC-1	Stromal	16
AGCCGCACATGGCCCA-1	Stromal	3
AGCCGCACATGGTTTG-1	Stromal	3
AGCCGCAGTCGCTAGC-1	Stromal	0
AGCCGCAGTGTTAGAA-1	NK	1
AGCCGCAGTTTCCTAT-1	NK	14
AGCCGCATCCGCCTAT-1	Stromal	6
AGCCGCATCTAGCAAC-1	Epithelial	12
AGCCGCATCTCTGCAC-1	NK	18
AGCCGCATCTTAAGCG-1	Stromal	2
AGCCTCTAGACTAGGC-1	Stromal	0
AGCCTCTCAAAGGAAG-1	Stromal	11
AGCCTCTCACAGGAAC-1	NK	9
AGCCTCTCAGTAGTTC-1	B	7
AGCCTCTCATCCGTAA-1	Stromal	6
AGCCTCTGTACAAATG-1	Stromal	0
AGCCTCTGTGTGTGTT-1	B	7
AGCCTCTTCCAGAATC-1	NK	14
AGCCTCTTCCTGGGAC-1	Stromal	2
AGCCTCTTCCTGTGGG-1	Stromal	10
AGCCTCTTCGTTGTAG-1	NK	18
AGCCTGGAGAAGGGCG-1	NK	4
AGCCTGGAGGAAGAAC-1	Stromal	5
AGCCTGGAGTACAGTA-1	DC	13
AGCCTGGCACTCGCAG-1	NK	8
AGCCTGGCATACAACC-1	DC	13
AGCCTGGGTTGCCTGG-1	NK	1
AGCCTGGTCACCGCGA-1	NK	1
AGCCTGGTCCAATAGC-1	Epithelial	12
AGCCTGGTCGGTTAGT-1	NK	1
AGCCTGGTCTCTGCGT-1	B	7
AGCCTGGTCTGTTTAC-1	NK	14
AGCCTTCAGGGTCTGA-1	B	7
AGCCTTCAGTGATCTC-1	Stromal	6
AGCCTTCCAATGAAAC-1	Stromal	6
AGCCTTCGTTCTCGAA-1	Stromal	10
AGCCTTCTCAGTGGTT-1	Stromal	6
AGCCTTCTCCATAACG-1	NK	1
AGCCTTCTCGTAGCGC-1	Stromal	0
AGCGATTAGCGCGTTC-1	NK	1
AGCGATTCAAAGAGAG-1	NK	1
AGCGATTCATGTAGAA-1	Stromal	10
AGCGATTGTCCCGTGA-1	NK	14
AGCGATTGTTGCAGAG-1	T	17
AGCGATTGTTTCTTAC-1	Stromal	11
AGCGATTTCCAGTACA-1	Stromal	5
AGCGATTTCCGTCAAA-1	NK	19
AGCGTATAGACGCCAA-1	NK	4
AGCGTATAGAGCTCCC-1	Epithelial	12
AGCGTATAGTCACGCC-1	B	7
AGCGTATAGTGAGCAC-1	B	7
AGCGTATCATGGTTTG-1	NK	14
AGCGTATGTAGACGCA-1	Stromal	15
AGCGTATTCATACTTC-1	NK	1
AGCGTATTCGCATACA-1	NK	4
AGCGTGCAGGCACTAG-1	Stromal	11
AGCGTGCAGGTTGTGG-1	Stromal	16
AGCGTGCCATAGCCAT-1	Epithelial	12
AGCGTGCGTACGTAGG-1	Stromal	16
AGCGTGCGTCTGTGTA-1	NK	18
AGCGTGCGTTACACTG-1	Stromal	11
AGCGTGCGTTACGGAG-1	NK	18
AGCGTGCTCATCGCCT-1	B	7
AGCGTGCTCCAGGCCA-1	B	7
AGCGTGCTCTCCACTG-1	Stromal	3
AGCGTGCTCTCTTAAC-1	NK	14
AGCTATGAGATTGACA-1	Stromal	0
AGCTATGAGCCTGTAT-1	Stromal	10
AGCTATGAGGTAGGAA-1	Stromal	3
AGCTATGAGTCGAGCA-1	Stromal	11
AGCTATGAGTCGATAA-1	NK	4
AGCTATGAGTGCCCTG-1	Stromal	2
AGCTATGCAACGAGGT-1	Stromal	6
AGCTATGCACCTATTT-1	Stromal	3
AGCTATGCATCTCTCG-1	NK	9
AGCTATGCATGGGTGA-1	Stromal	2
AGCTATGGTGACGCAA-1	NK	1
AGCTATGGTGCATTGT-1	Stromal	0
AGCTATGGTTGTCGGC-1	Epithelial	12
AGCTATGGTTTCAGCA-1	Stromal	10
AGCTATGTCAGTACAC-1	Stromal	0
AGCTATGTCGCTATAG-1	Stromal	11
AGCTGATAGCTGGAGT-1	NK	1
AGCTGATAGTAGTTCC-1	NK	14
AGCTGATAGTTGAATG-1	NK	4
AGCTGATCACGGTTAT-1	NK	1
AGCTGATCACGTTAGT-1	Stromal	16
AGCTGATCAGAACGAC-1	Stromal	2
AGCTGATCAGGCAAGT-1	NK	9
AGCTGATCAGGGCTTC-1	Stromal	16
AGCTGATGTATCCTTT-1	NK	19
AGCTGATGTGATCAGG-1	Stromal	5
AGCTGATGTGCAACAG-1	Stromal	0
AGCTGATTCCACCTAC-1	Stromal	0
AGCTGATTCCATGTTT-1	NK	14
AGCTGGCAGCGTATCT-1	NK	18
AGCTGGCAGGCACTAG-1	Epithelial	12
AGCTGGCAGTCTCTAG-1	Stromal	0
AGCTGGCAGTTAGCGG-1	T	17
AGCTGGCCACAGTTAC-1	Stromal	5
AGCTGGCCATGGTTTG-1	Epithelial	12
AGCTGGCGTATGTTCG-1	Stromal	0
AGCTGGCGTCTCAAAC-1	Stromal	5
AGCTGGCGTTCTGATG-1	NK	4
AGCTGGCTCACTAGGT-1	Stromal	2
AGCTGGCTCATTGCCC-1	Stromal	3
AGCTGGCTCGGTTGTA-1	Stromal	10
AGCTGGCTCTATCTAC-1	NK	1
AGCTGTAAGACCTATC-1	Stromal	5
AGCTGTACAAAGCTGG-1	NK	8
AGCTGTACAACGAGGT-1	Stromal	16
AGCTGTACAAGGACCA-1	NK	18
AGCTGTACACATAAAG-1	Stromal	11
AGCTGTACACCTATTT-1	Stromal	0
AGCTGTACACGATTAC-1	Stromal	0
AGCTGTAGTGTCCCAG-1	NK	1
AGCTGTATCAAGTTGC-1	Stromal	16
AGCTGTATCACATCCC-1	NK	14
AGCTGTATCACGTGTA-1	T	17
AGCTGTATCATGTTCT-1	NK	19
AGCTGTATCGCTAGTA-1	B	7
AGCTGTATCTCATATC-1	Stromal	3
AGCTGTATCTGGGCGT-1	Stromal	5
AGGACGAAGAACGACC-1	NK	19
AGGACGAAGGCCAGTA-1	Stromal	2
AGGACGACAGGATAGC-1	Stromal	16
AGGACGACATCCCAAA-1	Stromal	10
AGGACGAGTACAAGCG-1	NK	8
AGGACGAGTCGAGGTA-1	Stromal	6
AGGACGATCACTACCC-1	NK	18
AGGACGATCCTCCTGA-1	Epithelial	12
AGGCCCAAGCCTCGCA-1	Stromal	11
AGGCCCAAGCTAGCAG-1	Stromal	6
AGGCCCACACGTTAGT-1	Stromal	3
AGGCCCACAGCCACGT-1	Stromal	10
AGGCCCACATTGCACA-1	NK	1
AGGCCCAGTGATGCGA-1	NK	1
AGGCCCAGTTCTTATC-1	Stromal	0
AGGCCCATCATTCTTG-1	Stromal	10
AGGCCCATCCATCTAT-1	NK	1
AGGCCCATCCGTCAAA-1	Stromal	16
AGGCCCATCTATAGGC-1	NK	1
AGGCCTGAGAGGAACA-1	Stromal	5
AGGCCTGAGAGTGGAA-1	NK	14
AGGCCTGAGCCTCGCA-1	NK	14
AGGCCTGAGGCTAAAT-1	Stromal	10
AGGCCTGAGTACCTCA-1	NK	18
AGGCCTGAGTCGAGCA-1	Epithelial	12
AGGCCTGAGTGCCCTG-1	NK	18
AGGCCTGAGTTCCCGG-1	NK	1
AGGCCTGCATTCTCGC-1	DC	13
AGGCCTGGTCTGGGCT-1	Stromal	6
AGGCCTGGTGGACCAA-1	Stromal	5
AGGCCTGTCCCAATAG-1	NK	9
AGGCGAAAGCCTTTGA-1	Stromal	5
AGGCGAAAGTGTTCCA-1	Stromal	0
AGGCGAACAAGGCGTA-1	Stromal	10
AGGCGAACATTACCTT-1	NK	1
AGGCGAAGTCGAGGTA-1	Stromal	0
AGGCGAATCAGAGTGG-1	Stromal	0
AGGCGAATCCACGGCA-1	Stromal	10
AGGCGAATCGCACAAT-1	Stromal	2
AGGCGAATCTAGTCGA-1	T	17
AGGCGTCAGTAGCAAT-1	NK	4
AGGCGTCAGTGAACCG-1	Stromal	0
AGGCGTCAGTGTAATG-1	NK	19
AGGCGTCCAATGGCAG-1	Stromal	15
AGGCGTCCAGGCATTT-1	NK	1
AGGCGTCGTGATCAGG-1	Stromal	6
AGGCGTCTCCAGGTCG-1	Stromal	11
AGGCGTCTCCGTTTCG-1	Stromal	10
AGGCGTCTCGGGACAA-1	NK	1
AGGCGTCTCTCGGCGA-1	Stromal	3
AGTCAACAGGTTCTCA-1	Stromal	16
AGTCAACAGTAGGTCG-1	NK	18
AGTCAACAGTGTCACT-1	Epithelial	12
AGTCAACCAAAGCTTC-1	NK	1
AGTCAACCATCATAGC-1	Stromal	15
AGTCAACCATGGTATC-1	NK	1
AGTCAACCATTAACGC-1	NK	1
AGTCAACGTCAGAAGC-1	Stromal	15
AGTCAACGTGTCGTGC-1	NK	18
AGTCAACGTTAAGTCC-1	Stromal	11
AGTCAACGTTCCCAAA-1	NK	4
AGTCAACGTTTGATCG-1	NK	1
AGTCAACTCAAATGGA-1	DC	13
AGTCAACTCCATACGA-1	Stromal	6
AGTCAACTCCCACGGA-1	NK	14
AGTCAACTCCCTAAAG-1	NK	9
AGTCCGGAGAGAAGCA-1	Stromal	10
AGTCCGGAGATGCGAC-1	Stromal	5
AGTCCGGAGGCCTAAG-1	Epithelial	12
AGTCCGGAGTGAACCG-1	B	7
AGTCCGGCAAAGACGC-1	Stromal	3
AGTCCGGCAACGAGGT-1	Stromal	15
AGTCCGGCACATAAAG-1	Stromal	15
AGTCCGGCATTGCCTC-1	NK	4
AGTCCGGGTAACGGCA-1	Stromal	6
AGTCCGGGTAATGTAG-1	NK	18
AGTCCGGGTCCAAGTT-1	Stromal	10
AGTCCGGTCAGGTCTA-1	T	17
AGTCCGGTCCATTGAG-1	Stromal	15
AGTCCGGTCTTAGTGG-1	B	7
AGTGCCGAGTCGTACT-1	Stromal	6
AGTGCCGAGTGAGCAC-1	Stromal	3
AGTGCCGCAAGTCCTA-1	NK	14
AGTGCCGCATTCCCGT-1	Stromal	0
AGTGCCGCATTCGTCC-1	Stromal	0
AGTGCCGCATTGATGC-1	NK	19
AGTGCCGGTAAGTGCG-1	Stromal	5
AGTGCCGGTAGTCCAT-1	Stromal	6
AGTGCCGGTGATAACA-1	NK	14
AGTGCCGTCCAAACCA-1	Stromal	2
AGTGCGCAGAGGCCTA-1	NK	19
AGTGCGCAGGTTACAA-1	Stromal	16
AGTGCGCCACAAGTGG-1	NK	1
AGTGCGCCACCGATCG-1	NK	14
AGTGCGCGTATCTCAG-1	NK	9
AGTGCGCGTCATTGGT-1	NK	18
AGTGCGCGTCTGGTCG-1	Stromal	6
AGTGCGCGTGCCCGAT-1	T	17
AGTGCGCGTGCTGAAG-1	Stromal	3
AGTGCGCTCATGAACC-1	NK	14
AGTGCGCTCCGTGCAG-1	Stromal	0
AGTGCGCTCGAGTGTT-1	Stromal	15
AGTGCGCTCGTGCTGG-1	NK	1
AGTGCGCTCTGCGTCT-1	NK	19
AGTGCGCTCTTACGGA-1	Stromal	5
AGTGTACAGAATACTG-1	NK	18
AGTGTACAGACAGTGC-1	Stromal	6
AGTGTACAGCCTCGCA-1	Stromal	5
AGTGTACAGTCTCTAG-1	Stromal	2
AGTGTACCACTCCACT-1	Stromal	5
AGTGTACCATCCTGGG-1	T	17
AGTGTACGTCAAGACG-1	NK	19
AGTGTACGTCCTTCAC-1	B	7
AGTGTACGTTGAATAG-1	NK	9
AGTGTACTCCCTACCA-1	Stromal	3
AGTGTACTCGCCGAAC-1	Stromal	0
AGTGTACTCTGGCCAG-1	Stromal	6
AGTTACGAGAAGCCTG-1	NK	4
AGTTACGAGGGTCTGA-1	Stromal	0
AGTTACGCAAATTGAG-1	NK	18
AGTTACGCAAGGAGGG-1	NK	1
AGTTACGCACCAAGGA-1	NK	14
AGTTACGGTCCTTATT-1	Stromal	0
AGTTTGGAGAAATGGG-1	Stromal	10
AGTTTGGAGACGCCCT-1	Stromal	6
AGTTTGGAGCTCCATA-1	NK	1
AGTTTGGAGGAGAACA-1	Stromal	0
AGTTTGGAGTGGACGT-1	NK	14
AGTTTGGAGTTTACGC-1	Stromal	5
AGTTTGGCACATCATG-1	Stromal	15
AGTTTGGCACGGCCAT-1	Stromal	15
AGTTTGGCAGATGGCA-1	Stromal	6
AGTTTGGGTCTCTGCT-1	NK	4
AGTTTGGGTTCCGCGA-1	NK	1
AGTTTGGTCAAACCCA-1	Stromal	0
AGTTTGGTCACATTCT-1	NK	14
AGTTTGGTCGTTGTAG-1	NK	1
ATAGGCTAGACACGGT-1	Stromal	0
ATAGGCTAGACGCCAA-1	NK	4
ATAGGCTAGTAACTCC-1	Stromal	2
ATAGGCTCATTGCACA-1	Stromal	5
ATAGGCTGTAACGTAA-1	Stromal	3
ATAGGCTGTATCACAC-1	Stromal	0
ATAGGCTTCACTCCCA-1	Stromal	6
ATAGGCTTCTGAGTCA-1	NK	4
ATAGTCGAGCACCATT-1	Stromal	10
ATAGTCGAGGACTTTC-1	NK	1
ATAGTCGAGGTGTCGA-1	Stromal	15
ATAGTCGCAACGCACC-1	Stromal	6
ATAGTCGCAATGCCAT-1	Stromal	0
ATAGTCGCACCGAATT-1	Stromal	2
ATAGTCGCACTCCACT-1	Stromal	5
ATAGTCGCAGCCACGT-1	B	7
ATAGTCGCAGTAACTC-1	Stromal	0
ATAGTCGCATTCACGA-1	Stromal	6
ATAGTCGCATTGTGAC-1	Stromal	6
ATAGTCGTCAAGAGAT-1	Stromal	10
ATATTCCAGACTAGCG-1	NK	1
ATATTCCAGGTAGGCT-1	Stromal	6
ATATTCCCACACATGT-1	Stromal	6
ATATTCCTCCCGCAAG-1	NK	19
ATATTCCTCGGTCGAC-1	Stromal	6
ATCCAGAAGATAGGTT-1	NK	18
ATCCAGACACAATAAG-1	Stromal	0
ATCCAGACAGGTGGTA-1	NK	14
ATCCAGACATTAACGC-1	T	17
ATCCAGAGTAGAACGC-1	NK	9
ATCCAGAGTCAGTGTT-1	NK	18
ATCCAGAGTTCTGAAC-1	NK	1
ATCCAGAGTTTCACCC-1	Stromal	3
ATCCAGATCGCAAACT-1	NK	1
ATCCCTGAGATCACCT-1	Stromal	6
ATCCCTGAGGGCTTCC-1	NK	18
ATCCCTGAGTGCTGAG-1	Stromal	6
ATCCCTGCAATTCAGC-1	Stromal	10
ATCCCTGCAATTCTCT-1	Stromal	0
ATCCCTGCAGGACCTC-1	NK	19
ATCCCTGCAGGTCCTG-1	NK	14
ATCCCTGGTCACCCGA-1	B	7
ATCCCTGGTGCAAAGC-1	Stromal	5
ATCCCTGTCCAAGTCA-1	Stromal	3
ATCCCTGTCGATCTTT-1	Stromal	16
ATCCCTGTCTGAACGT-1	NK	1
ATCCTCGCAATTGGCT-1	Stromal	10
ATCCTCGCACAGTTCA-1	NK	18
ATCCTCGGTAATGTGA-1	Stromal	2
ATCCTCGGTATTCGAC-1	Stromal	0
ATCCTCGGTTCTTTGT-1	DC	13
ATCCTCGTCCCGTATC-1	NK	19
ATCCTGCAGGAATGGA-1	Stromal	2
ATCCTGCAGGTCCTCG-1	Stromal	3
ATCCTGCAGGTCGTTT-1	Stromal	15
ATCCTGCCAAGAGCGT-1	Stromal	6
ATCCTGCCATGTGGGA-1	Stromal	5
ATCCTGCGTACGTAAA-1	Stromal	6
ATCCTGCGTCCGCTTT-1	NK	19
ATCCTGCGTCTGTTGA-1	Stromal	16
ATCCTGCGTGACAAGC-1	Stromal	2
ATCCTGCTCCCACGGA-1	Stromal	3
ATCCTGCTCGAGGCTC-1	NK	14
ATCCTGCTCTGGTACA-1	NK	18
ATCGAGTCAACGACAG-1	Stromal	10
ATCGAGTCAACTTGGT-1	NK	4
ATCGAGTGTAACTCCA-1	Stromal	6
ATCGAGTGTAGGTCTT-1	Stromal	2
ATCGAGTTCAGCACTA-1	Stromal	5
ATGCATGAGACCTATC-1	NK	19
ATGCATGAGATAGGTT-1	Stromal	5
ATGCATGCAAGATGCG-1	NK	18
ATGCATGCAGTAGTCT-1	Stromal	11
ATGCATGGTGGCATAG-1	NK	8
ATGCATGGTTGAATAG-1	Epithelial	12
ATGGATCAGACAGTGC-1	Stromal	2
ATGGATCAGCCATCAT-1	T	17
ATGGATCAGCTATCCA-1	NK	18
ATGGATCAGGATTGCG-1	Stromal	6
ATGGATCAGGCAAGCT-1	NK	14
ATGGATCAGTATACCC-1	NK	18
ATGGATCCAACGTCGC-1	Stromal	15
ATGGATCCACGATATC-1	Stromal	2
ATGGATCCACTCCACT-1	Stromal	0
ATGGATCGTCAGCTTA-1	Stromal	11
ATGGATCGTGTCCCAG-1	Stromal	16
ATGGATCGTGTGCTTA-1	T	17
ATGGATCTCAAGGCAG-1	NK	19
ATGGATCTCACCCGGA-1	NK	19
ATGGATCTCCTGTGGG-1	Stromal	16
ATGGATCTCGATCTTT-1	Stromal	0
ATGGATCTCGTGGAAG-1	Stromal	10
ATGGATCTCTTCAGAG-1	Stromal	6
ATGTACGAGATCGCCC-1	NK	4
ATGTACGAGCTCCATA-1	NK	19
ATGTACGAGGATTTGA-1	NK	1
ATGTACGAGTTTGGAA-1	NK	14
ATGTACGCAAGATTAG-1	Epithelial	12
ATGTACGCAAGGACCA-1	Stromal	6
ATGTACGCAGCAAACG-1	Stromal	0
ATGTACGCATCGAGTT-1	Stromal	0
ATGTACGCATTACTTC-1	NK	18
ATGTACGGTAATGCAA-1	DC	13
ATGTACGGTGGTAAGC-1	NK	1
ATGTACGGTTACGGAG-1	NK	19
ATGTACGTCAGGTCTA-1	NK	19
ATGTACGTCGTAGCGC-1	NK	18
ATGTACGTCTTCTCTC-1	NK	18
ATGTACGTCTTTATCG-1	Stromal	3
ATGTCGAAGAGTAAGG-1	T	17
ATGTCGAAGAGTCCGA-1	Stromal	6
ATGTCGAAGTCACGCC-1	NK	4
ATGTCGAAGTTGAATG-1	Stromal	0
ATGTCGAAGTTGCCGC-1	NK	18
ATGTCGACAAAGAGAG-1	NK	1
ATGTCGACATGACTGT-1	Stromal	0
ATGTCGAGTGGTAAGC-1	Stromal	3
ATGTCGATCGCCCTTA-1	Stromal	0
ATGTCTTAGCCTTTGA-1	NK	18
ATGTCTTAGCTGAGGT-1	Stromal	6
ATGTCTTAGGCTTTAC-1	Epithelial	12
ATGTCTTCAACGGACA-1	Stromal	2
ATGTCTTCACCACAGC-1	Stromal	5
ATGTCTTGTAGTATCC-1	Stromal	6
ATGTCTTGTCGTCGCA-1	NK	1
ATGTCTTGTGCTTCCT-1	NK	4
ATGTCTTGTGGAGTGT-1	Stromal	5
ATGTCTTGTGGTGGTA-1	NK	18
ATGTCTTGTTTCGATG-1	NK	19
ATGTCTTTCCAGCACG-1	Stromal	2
ATGTCTTTCCATACGA-1	Stromal	15
ATGTCTTTCGATGTAC-1	Stromal	5
ATGTCTTTCGTCCCAT-1	Stromal	5
ATGTTTCAGAAACGCC-1	Stromal	10
ATGTTTCAGGCGTCCT-1	NK	1
ATGTTTCAGGTTACAA-1	T	17
ATGTTTCCAAGCCCTG-1	Epithelial	12
ATGTTTCCAAGGGAGG-1	Stromal	2
ATGTTTCCAAGGTCGA-1	Epithelial	12
ATGTTTCCACGCGTTG-1	Stromal	0
ATGTTTCCACTCGCAG-1	NK	18
ATGTTTCCATCCGTGG-1	Stromal	0
ATGTTTCGTGAATCGG-1	NK	18
ATGTTTCGTGTTGGTT-1	B	7
ATGTTTCGTTAACTCG-1	NK	1
ATGTTTCGTTGTATCG-1	NK	18
ATGTTTCTCGCAGATT-1	NK	4
ATTACCTAGACTAATG-1	NK	8
ATTACCTAGATGCGAC-1	NK	18
ATTACCTAGATGTTGA-1	Stromal	5
ATTACCTAGCCAGAAC-1	B	7
ATTACCTAGCGTATCT-1	NK	9
ATTACCTAGCTTTCCC-1	NK	4
ATTACCTAGGGTTCTT-1	Stromal	5
ATTACCTAGGTTACAA-1	NK	18
ATTACCTCAAGGACCA-1	DC	13
ATTACCTCACTGTCAA-1	Stromal	0
ATTACCTCAGGTCTGC-1	Stromal	10
ATTACCTCATTAACGC-1	NK	14
ATTACCTGTAGAAGCC-1	Stromal	16
ATTACCTGTCCCTAAA-1	T	17
ATTACCTGTGCGCATC-1	NK	18
ATTACCTGTTACTACG-1	Stromal	0
ATTACCTTCGAGCGCT-1	Stromal	5
ATTACCTTCGATGCAT-1	NK	14
ATTACTCAGCCGCTGT-1	Stromal	6
ATTACTCAGGTCCTCG-1	Stromal	6
ATTACTCAGTCAGCCC-1	Stromal	10
ATTACTCAGTTATGAG-1	NK	14
ATTACTCCAACCTCTC-1	NK	1
ATTACTCCAGCAATGG-1	NK	1
ATTACTCGTAAACGGC-1	NK	18
ATTACTCGTGCGACCT-1	Stromal	6
ATTACTCTCCACTAGA-1	Stromal	16
ATTACTCTCCTTGACC-1	NK	18
ATTACTCTCGATCTTT-1	Stromal	2
ATTACTCTCTTATCAC-1	NK	1
ATTCGTTAGAACGTCG-1	Stromal	5
ATTCGTTAGCCGCAAA-1	Stromal	10
ATTCGTTAGTAATGTG-1	NK	19
ATTCGTTAGTCCTTCC-1	Stromal	0
ATTCGTTCACAGTTCA-1	Stromal	10
ATTCGTTCACCACCAG-1	Stromal	3
ATTCGTTCACGACGAA-1	Stromal	10
ATTCGTTCACGTGAAG-1	NK	19
ATTCGTTCAGATACAA-1	NK	4
ATTCGTTCATAGCCAT-1	Stromal	10
ATTCGTTCATGCGTTA-1	Stromal	10
ATTCGTTGTAGCGAGT-1	NK	19
ATTCGTTGTCTAACCA-1	NK	1
ATTCGTTGTCTGGGAA-1	Stromal	0
ATTCGTTGTGGCCTTG-1	Stromal	3
ATTCGTTGTTAGAGAT-1	NK	18
ATTCGTTTCGCGGCAT-1	Stromal	2
ATTGTCTAGACCAATA-1	Stromal	16
ATTGTCTAGGCCTCTG-1	Stromal	15
ATTGTCTAGGGAAATG-1	NK	19
ATTGTCTAGTGAACCG-1	Stromal	3
ATTGTCTCAACGACAG-1	Stromal	5
ATTGTCTCACTGATAC-1	Stromal	2
ATTGTCTCAGAAAGAG-1	Stromal	2
ATTGTCTCAGCCACGT-1	Stromal	6
ATTGTCTCATCATGTG-1	Stromal	5
ATTGTCTCATCTCTCG-1	NK	18
ATTGTCTGTAACGGTG-1	NK	14
ATTGTCTGTAATGTGA-1	NK	14
ATTGTCTGTAGGTAAT-1	Epithelial	12
ATTGTCTTCTAGCAAC-1	Stromal	6
ATTGTGGAGGGAGATA-1	T	17
ATTGTGGAGGGCTCTC-1	Stromal	10
ATTGTGGAGTATCTGC-1	Stromal	16
ATTGTGGCAGTCAGAG-1	NK	18
ATTGTGGGTCTGGTCG-1	Stromal	0
ATTGTGGGTGGTGGTA-1	NK	1
ATTGTGGTCAGGAAGC-1	NK	1
ATTGTGGTCCCACTTG-1	DC	13
ATTGTGGTCCCGATTC-1	Stromal	11
ATTTGTCAGAGCGGTT-1	NK	18
ATTTGTCAGATTACGA-1	NK	4
ATTTGTCCAAACCCTA-1	NK	19
ATTTGTCCACAGTTCA-1	NK	18
ATTTGTCCACATTGCA-1	NK	14
ATTTGTCCAGCAGGTA-1	NK	1
ATTTGTCCAGTAACTC-1	Stromal	10
ATTTGTCGTACCTATG-1	Stromal	11
ATTTGTCGTAGCGGTA-1	NK	18
ATTTGTCGTGCGTTTA-1	T	17
ATTTGTCTCAGCACTA-1	NK	19
ATTTGTCTCCGATTGA-1	Stromal	0
ATTTGTCTCGCAAGCC-1	Stromal	0
ATTTGTCTCTCGTGAA-1	NK	14
CAAAGCTAGCTTACCA-1	Stromal	0
CAAAGCTAGGGTCTGA-1	DC	13
CAAAGCTAGTCAACTC-1	NK	1
CAAAGCTCAACGCACC-1	Stromal	3
CAAAGCTCAGTAGGCA-1	Stromal	16
CAAAGCTCAGTCCTGG-1	NK	1
CAAAGCTGTACCAAGG-1	NK	8
CAAAGCTGTTCAGTAC-1	NK	9
CAAAGCTTCCGATGCG-1	Stromal	5
CAAAGCTTCGAGGTCC-1	Stromal	5
CAAAGCTTCTGTTTAC-1	Stromal	16
CAACCAAAGACCGCAA-1	NK	1
CAACCAAAGGCTCAGA-1	NK	9
CAACCAACAAAGAGAG-1	Stromal	10
CAACCAAGTAAGTCTC-1	Stromal	10
CAACCAAGTATGTTCG-1	Stromal	3
CAACCAAGTCATTGGT-1	NK	19
CAACCAAGTCCTTCAC-1	NK	18
CAACCAAGTCTGTTGA-1	NK	14
CAACCAAGTGCACATT-1	NK	18
CAACCAAGTTGCAGAG-1	NK	18
CAACCAATCCTCCTGA-1	Stromal	3
CAACCAATCTATCTAC-1	Stromal	0
CAACGGCAGAGAGGTA-1	Stromal	16
CAACGGCAGCTAGCAG-1	NK	14
CAACGGCAGCTATCGT-1	B	7
CAACGGCAGGCAAGCT-1	Stromal	16
CAACGGCAGGTACTCT-1	NK	18
CAACGGCCACAAACAA-1	Stromal	3
CAACGGCCAGATACAA-1	Stromal	0
CAACGGCGTACATGGG-1	Stromal	5
CAACGGCGTACTATGC-1	Stromal	0
CAACGGCGTGGTCGAA-1	NK	18
CAACGGCGTTTGTCTT-1	NK	1
CAACGGCTCAGGGTTT-1	Stromal	15
CAACGGCTCCGGCGAT-1	NK	4
CAACGTAAGGTAGGCT-1	Stromal	5
CAACGTAAGTACAACA-1	Stromal	6
CAACGTACAAGGAACC-1	Stromal	16
CAACGTACACAAGTGG-1	Stromal	10
CAACGTACACATGATC-1	NK	9
CAACGTACAGGTCTGC-1	Stromal	16
CAACGTACATAGATAG-1	NK	9
CAACGTACATCAGCTA-1	Stromal	3
CAACGTAGTGCACTTA-1	Epithelial	12
CAACGTATCCAACAAC-1	Stromal	10
CAACGTATCCATAACG-1	NK	1
CAACGTATCTATTTCG-1	NK	19
CAACGTATCTCGACAA-1	Stromal	6
CAACGTATCTGTGTGA-1	T	17
CAAGAAAAGACGCCCT-1	Stromal	5
CAAGAAAAGCGTATCT-1	Stromal	5
CAAGAAAAGGCGATTG-1	NK	1
CAAGAAAAGTTCCAGT-1	Stromal	10
CAAGAAACAAGTGGCA-1	NK	18
CAAGAAACACTGGGCT-1	Stromal	2
CAAGAAACAGCAAACG-1	Stromal	10
CAAGAAACAGGCAGAT-1	Stromal	16
CAAGAAACAGTTGCAT-1	B	7
CAAGAAACATTGCGAT-1	NK	19
CAAGAAACATTTGGTG-1	NK	9
CAAGAAAGTTAGGAAT-1	Stromal	5
CAAGAAAGTTAGGCTT-1	Stromal	6
CAAGAAATCGGTAGGA-1	NK	1
CAAGAAATCGTATAGC-1	Stromal	0
CAAGAAATCTCGACAA-1	NK	4
CAAGCTAAGAGAAGCA-1	NK	8
CAAGCTAAGCAGGAGG-1	NK	1
CAAGCTAAGCTAGTTC-1	NK	14
CAAGCTAAGTATGGGC-1	Stromal	0
CAAGCTAAGTGATATG-1	NK	1
CAAGCTACACCAAGGA-1	Stromal	0
CAAGCTACACCGTCTT-1	NK	4
CAAGCTACAGGAGCAT-1	DC	13
CAAGCTACATTTGGTG-1	NK	19
CAAGCTAGTGGTGGTA-1	NK	9
CAAGCTAGTGTCCCAG-1	Stromal	2
CAAGCTATCAATTGGC-1	Stromal	15
CAAGCTATCACGTCAA-1	Stromal	10
CAAGCTATCAGCACGC-1	NK	4
CAAGCTATCAGGCCGT-1	Stromal	10
CAAGGCCAGAGGCCTA-1	NK	8
CAAGGCCAGATACCAA-1	NK	4
CAAGGCCAGGTCTTGT-1	Stromal	0
CAAGGCCGTAAACCCT-1	NK	1
CAAGGCCGTAATGCCT-1	Stromal	11
CAAGGCCGTATCCTTT-1	T	17
CAAGGCCGTGTCGTCG-1	NK	8
CAAGGCCTCGAACCGC-1	B	7
CAATCCCAGATGTTCC-1	Stromal	5
CAATCCCCAAGTCCTA-1	NK	1
CAATCCCCACCGTTGG-1	NK	19
CAATCCCCATCGCTAA-1	Stromal	15
CAATCCCCATGCGACC-1	Stromal	0
CAATCCCCATGGGACA-1	Stromal	3
CAATCCCGTAACACTC-1	NK	1
CAATCCCGTAGCATGG-1	NK	19
CAATCCCGTCTCTGGG-1	NK	1
CAATCCCTCAACGTGT-1	Stromal	2
CAATCCCTCGAAGCCC-1	NK	14
CAATCCCTCTATATCC-1	Stromal	6
CAATCCCTCTATCTTG-1	Stromal	5
CACAACAAGACGAAAG-1	NK	18
CACAACAAGATAGGTT-1	Stromal	10
CACAACAAGTAGGAAG-1	Stromal	6
CACAACAAGTCGTGAG-1	Stromal	16
CACAACAAGTGAGCTG-1	NK	18
CACAACACAAGCCAGA-1	DC	13
CACAACACACCTACCT-1	Stromal	5
CACAACACAGAAGTGC-1	Stromal	5
CACAACACAGCAACAG-1	Stromal	0
CACAACACAGCAACCC-1	Stromal	5
CACAACAGTACCCATA-1	T	17
CACAACAGTCTGGGCT-1	NK	14
CACAACATCCTGACCT-1	NK	1
CACAGATAGTACAGAT-1	Stromal	5
CACAGATCACCGATCG-1	NK	18
CACAGATCAGGTTATC-1	Stromal	3
CACAGATCAGTCAGAG-1	NK	1
CACAGATCATCCCTTG-1	NK	1
CACAGATCATTTGGTG-1	NK	4
CACAGATGTAACTCCA-1	NK	18
CACAGATTCACTGATG-1	Stromal	5
CACAGATTCGACTCGG-1	NK	19
CACAGATTCTATCTTG-1	T	17
CACATGAAGATGAGGA-1	Stromal	15
CACATGAAGTAGGTCG-1	NK	19
CACATGAAGTGATAAC-1	Stromal	0
CACATGACAGGGTACA-1	Epithelial	12
CACATGACATTACCTT-1	Stromal	11
CACATGAGTCACATTG-1	Stromal	0
CACATGAGTTAAGGGC-1	NK	1
CACATGAGTTAGTAGA-1	Stromal	6
CACATGAGTTGTGACT-1	DC	13
CACATGATCACAACAC-1	Stromal	5
CACATGATCTCTTCTC-1	Stromal	0
CACCACTAGGGAAATG-1	Stromal	10
CACCACTAGTTGAATG-1	NK	14
CACCACTCAAGTCCTA-1	NK	19
CACCACTCACCGTCTT-1	NK	4
CACCACTCAGCACATT-1	Stromal	5
CACCACTCAGGTAGCA-1	NK	4
CACCACTCAGTAGTTC-1	Stromal	15
CACCACTGTAACGTAA-1	NK	9
CACCACTGTACCGGCT-1	Stromal	6
CACCACTGTGAATCAA-1	Stromal	5
CACCACTGTTCCGGCA-1	NK	18
CACCACTGTTGGAGGT-1	Stromal	3
CACCTGTCAAACGTTC-1	Stromal	10
CACCTGTCAAAGCTTC-1	B	7
CACCTGTCAGAGTCGA-1	Stromal	3
CACCTGTGTATGGATA-1	NK	4
CACCTGTGTTACTACG-1	Stromal	6
CACCTGTTCAGAGTGG-1	B	7
CACCTGTTCAGGGTTT-1	NK	14
CACCTGTTCAGGTCTA-1	Stromal	10
CACCTGTTCCTCCCAA-1	NK	1
CACCTGTTCGATTACG-1	NK	19
CACCTGTTCGTGCTTC-1	Stromal	0
CACCTGTTCGTTCTAT-1	Stromal	0
CACCTTGAGCATGATA-1	Stromal	0
CACCTTGAGTACAACA-1	NK	14
CACCTTGCAAAGGTCG-1	Stromal	5
CACCTTGCACTACACA-1	Stromal	6
CACCTTGCAGAGCCAA-1	Stromal	16
CACCTTGCAGGTCTGC-1	Stromal	10
CACCTTGGTATCCCTC-1	T	17
CACCTTGGTCGACTGC-1	NK	1
CACCTTGGTTGCAGCC-1	Stromal	0
CACCTTGTCAAGAGGC-1	NK	19
CACCTTGTCAGGATCT-1	Stromal	11
CACGTTCAGATGCGAC-1	Stromal	10
CACGTTCAGATTAGAC-1	Stromal	16
CACGTTCAGGTAGGAA-1	NK	1
CACGTTCAGTATGCTC-1	Stromal	3
CACGTTCAGTTCCCGG-1	Stromal	0
CACGTTCCAACGGGTA-1	NK	19
CACGTTCCACAAGTGG-1	Stromal	0
CACGTTCGTACTTCAG-1	NK	4
CACGTTCGTCGTAATC-1	NK	18
CACGTTCGTCTCAAAC-1	Stromal	16
CACGTTCTCAGTGGTT-1	NK	18
CACGTTCTCAGTGTAC-1	Stromal	5
CACGTTCTCCACGGCA-1	NK	4
CACGTTCTCGAACCGC-1	Stromal	10
CACTAAGAGGCGATTG-1	Stromal	0
CACTAAGAGTACAGTA-1	B	7
CACTAAGAGTGGGACT-1	NK	1
CACTAAGAGTTCGTTG-1	Stromal	0
CACTAAGCAAAGGAAG-1	NK	18
CACTAAGCAGACTAAA-1	Stromal	15
CACTAAGCAGTATACC-1	Stromal	15
CACTAAGGTCCAAGAG-1	NK	19
CACTAAGTCGGTAGGA-1	NK	18
CACTAAGTCTCTCAAT-1	Stromal	15
CACTAAGTCTTGCGCT-1	NK	18
CACTGAAAGCTATCGT-1	Stromal	16
CACTGAACAGGTGTCC-1	B	7
CACTGAACATACTGCA-1	Stromal	11
CACTGAACATCGACCG-1	Stromal	3
CACTGAACATCGGCTG-1	NK	1
CACTGAAGTGTCTCGG-1	NK	14
CACTGAAGTTACCACA-1	Stromal	11
CACTGAATCCATAACG-1	DC	13
CACTGAATCCTTTGAT-1	Stromal	0
CACTGAATCGACTGGC-1	Stromal	10
CAGCCTTCACACACAT-1	Stromal	2
CAGCCTTGTACCAAGG-1	Stromal	0
CAGCCTTGTCTGCGCA-1	DC	13
CAGCCTTTCACTGGTA-1	NK	18
CAGCCTTTCTTGTCGC-1	NK	19
CAGCTAAAGGAGAACA-1	Stromal	5
CAGCTAAAGTTGCGCC-1	Stromal	15
CAGCTAACAAGGCTTT-1	NK	1
CAGCTAAGTATTCTTC-1	NK	4
CAGCTAATCATTCTCA-1	Stromal	0
CAGCTAATCATTCTTG-1	NK	18
CAGCTAATCCGTGCGA-1	Stromal	3
CAGCTAATCGACCCGA-1	NK	19
CAGCTAATCGATGTGT-1	DC	13
CAGCTAATCGTGCTGG-1	NK	1
CAGCTGGAGTACGCGA-1	Epithelial	12
CAGCTGGAGTCTCTAG-1	NK	9
CAGCTGGCACTGATTG-1	Epithelial	12
CAGCTGGCAGAACGAC-1	Stromal	10
CAGCTGGGTCCCTTTG-1	Stromal	0
CAGCTGGGTCGCTAGC-1	Stromal	6
CAGCTGGGTGCATTGT-1	NK	4
CAGCTGGGTGGACCAA-1	NK	14
CAGCTGGGTGGTCGAA-1	T	17
CAGCTGGGTTCCCTTG-1	NK	18
CAGCTGGTCAAGGCAG-1	Stromal	16
CAGCTGGTCGATTACG-1	NK	9
CAGGATTAGGAAGGTA-1	Stromal	0
CAGGATTAGGCATGCA-1	Stromal	11
CAGGATTCACTAGGAG-1	NK	14
CAGGATTCACTTACAG-1	NK	1
CAGGATTGTAATGTGA-1	NK	1
CAGGATTGTCTGGGAA-1	NK	1
CAGGATTTCTGGACAT-1	Stromal	5
CAGGGCTAGCTTCAAC-1	Stromal	0
CAGGGCTAGCTTTCCC-1	NK	4
CAGGGCTCAAAGCTGG-1	Stromal	6
CAGGGCTCAACGTAGG-1	Stromal	10
CAGGGCTCAATGACTC-1	Stromal	15
CAGGGCTCACTCGTGG-1	Stromal	6
CAGGGCTCAGAGATGC-1	Stromal	10
CAGGGCTCATGTGGGA-1	NK	18
CAGGGCTGTATGGATA-1	NK	19
CAGGGCTGTCTAAGAA-1	NK	19
CAGGGCTGTGAATGGC-1	NK	19
CAGGGCTGTGGTCGAA-1	Stromal	3
CAGGGCTTCGATGCAT-1	NK	8
CAGGGCTTCGCAAGCC-1	Stromal	3
CAGGGCTTCTCATATC-1	Stromal	10
CAGTATGAGCTGAATA-1	Stromal	5
CAGTATGAGGCGTAGT-1	T	17
CAGTATGAGTGCTAGG-1	NK	4
CAGTATGCAATGGCAG-1	NK	14
CAGTATGCAGTGCTCG-1	Stromal	6
CAGTATGGTAGAGAGA-1	Epithelial	12
CAGTATGGTCCCGAGT-1	Stromal	3
CAGTATGGTCCTATTT-1	Stromal	15
CAGTATGGTCGCTACG-1	Stromal	0
CAGTATGGTCTGTTGA-1	Stromal	5
CAGTATGGTTAGTAGA-1	Stromal	11
CAGTATGTCATGCTTT-1	NK	1
CAGTATGTCGCCCTTA-1	NK	14
CAGTATGTCGTTACAG-1	DC	13
CAGTATGTCTACCCGT-1	Stromal	3
CAGTGCGCAAAGAGAG-1	NK	1
CAGTGCGCAAATAGTG-1	Stromal	11
CAGTGCGCAATAGTGA-1	Stromal	3
CAGTGCGCAATTGCCA-1	NK	4
CAGTGCGCACGTACAT-1	NK	8
CAGTGCGCAGGTCCTG-1	Stromal	16
CAGTGCGCATAGAATG-1	Stromal	11
CAGTGCGGTCATTGGT-1	Stromal	16
CAGTGCGTCCATCGAA-1	NK	18
CAGTGCGTCGTGATAC-1	NK	19
CAGTGTAAGTGCACAG-1	NK	18
CAGTGTAAGTTGCCGC-1	NK	1
CAGTGTACAAATGCTC-1	Stromal	2
CAGTGTACAATGGCAG-1	Stromal	6
CAGTGTACATCTCACC-1	Stromal	5
CAGTGTACATTAGCCA-1	NK	1
CAGTGTAGTACGGAGT-1	Stromal	0
CAGTGTAGTCTCGGGT-1	B	7
CAGTGTAGTGCACCCA-1	Stromal	10
CAGTGTAGTGGACCAA-1	Stromal	3
CAGTGTAGTTCTTAGG-1	Stromal	0
CAGTGTATCACTAGGT-1	Stromal	6
CAGTGTATCCTGTGGG-1	T	17
CAGTGTATCTAGCTGA-1	Stromal	3
CAGTGTATCTTCAGAG-1	NK	1
CATAACGAGCGGACAT-1	Stromal	11
CATAACGAGGTAAGTT-1	Stromal	0
CATAACGCAAACGTTC-1	NK	1
CATAACGCAAGGACCA-1	Stromal	6
CATAACGCAATGGCTT-1	Stromal	0
CATAACGCAATGGTCT-1	Epithelial	12
CATAACGCACCACCAG-1	Stromal	2
CATAACGCAGTAGGCA-1	NK	9
CATAACGGTGTGTGCC-1	NK	18
CATAACGTCAGTGGTT-1	DC	13
CATAACGTCCATTGTT-1	Stromal	0
CATAACGTCGCACAAT-1	Stromal	0
CATAACGTCTATCTAC-1	NK	8
CATGCCTGTTCAGTTG-1	Epithelial	12
CATGCCTTCCAAGTCA-1	Stromal	5
CATGCCTTCGGAGTTT-1	Stromal	10
CATGCCTTCTCCAACC-1	Stromal	5
CATGTTTAGCCCATGC-1	NK	14
CATGTTTAGGAATGGA-1	T	17
CATGTTTAGGATGTCG-1	Stromal	11
CATGTTTAGTTGACAA-1	Stromal	10
CATGTTTCAGGTGGTA-1	NK	14
CATGTTTCATTAAGGA-1	Stromal	5
CATGTTTGTGGTCGAA-1	Stromal	0
CATGTTTGTTGGCTAT-1	NK	1
CATGTTTTCTACTTTG-1	Stromal	3
CATTCATAGAAAGGGT-1	NK	1
CATTCATAGAACAGGA-1	NK	1
CATTCATAGATCCGAG-1	NK	18
CATTCATAGGGTCCCT-1	NK	4
CATTCATCAAGAGCGT-1	Stromal	0
CATTCATCACCTGTGG-1	NK	14
CATTCATCAGCTTACA-1	DC	13
CATTCATGTCTCTAAG-1	Stromal	15
CATTCATGTGCAAGCA-1	NK	19
CATTCATGTTATGCAC-1	Stromal	3
CATTCATTCCTTCGAC-1	NK	14
CATTCATTCGACTGGC-1	NK	19
CATTCATTCGCGCCAA-1	Stromal	6
CATTCATTCGTGAACT-1	B	7
CATTCATTCTCGGCGA-1	NK	19
CATTCATTCTCTCAAT-1	NK	14
CATTCATTCTGTTGCC-1	DC	13
CATTCCGAGGCAGTGT-1	NK	18
CATTCCGAGTGCACAG-1	NK	18
CATTCCGGTACGTAGG-1	T	17
CATTCCGGTTGGACGA-1	Stromal	0
CATTGGAAGCTGCTCG-1	NK	1
CATTGGACAAACCGAG-1	NK	18
CATTGGACAATGGCAG-1	Stromal	0
CATTGGACATCACAAC-1	Stromal	10
CATTGGACATCGGCCA-1	NK	18
CATTGGAGTAACTCCA-1	NK	1
CATTGGAGTATCCCTC-1	NK	18
CATTGGAGTGCTTCCT-1	Stromal	6
CATTGGATCCCACTTG-1	Stromal	0
CATTGGATCCTAAAGC-1	Stromal	6
CATTGGATCGGTCGAC-1	Stromal	16
CATTGGATCTAGCAGT-1	NK	1
CATTGGATCTTCTCTC-1	Epithelial	12
CCAATGAAGAATCAAC-1	T	17
CCAATGAAGCTTACCA-1	T	17
CCAATGAAGGCGCTTC-1	T	17
CCAATGAAGTAGACCG-1	Stromal	10
CCAATGAGTACTTCAG-1	Stromal	2
CCAATGAGTCAGTGTT-1	Stromal	0
CCAATGAGTTCAGAAA-1	Stromal	16
CCAATGATCCATCGAA-1	DC	13
CCAATGATCGTCCCTA-1	Stromal	0
CCAATGATCGTTGTAG-1	NK	14
CCACAGGAGCGTAGCA-1	Stromal	0
CCACAGGAGTTAGAGT-1	NK	14
CCACAGGCAATGAAAC-1	NK	18
CCACAGGCACTTACAG-1	Stromal	11
CCACAGGGTATTCTGG-1	Stromal	11
CCACAGGGTCCTCAGG-1	Stromal	3
CCACAGGTCACTAGGT-1	NK	14
CCACAGGTCATTGCCC-1	DC	13
CCACAGGTCGTTGTTT-1	Stromal	0
CCACAGGTCTACCCGT-1	Stromal	6
CCACAGGTCTGCTACC-1	Stromal	5
CCACGTTAGATGAGGA-1	Stromal	0
CCACGTTAGCAACGGT-1	Epithelial	12
CCACGTTAGCCCATTA-1	NK	14
CCACGTTCAACAAACA-1	Stromal	11
CCACGTTCAAGCACTT-1	B	7
CCACGTTCACGTTGTA-1	Stromal	6
CCACGTTCATCGCTAA-1	B	7
CCACGTTCATGCGCTG-1	Stromal	2
CCACGTTCATTTCACT-1	Stromal	0
CCACGTTGTACCCATA-1	NK	19
CCACGTTGTGAAACAT-1	Stromal	6
CCACGTTTCACTGATG-1	NK	19
CCAGAATAGGTCTTGT-1	Stromal	5
CCAGAATAGTTCAAGA-1	Stromal	11
CCAGAATCAATGTAAG-1	Stromal	15
CCAGAATCAGCTTACA-1	Stromal	16
CCAGAATCATGTATCG-1	NK	18
CCAGAATGTAGTTTGC-1	NK	4
CCAGAATGTCACAGTT-1	B	7
CCAGAATGTCAGTGTT-1	NK	18
CCAGAATGTTGCAGCC-1	Stromal	6
CCAGAATTCGAGTGTT-1	Stromal	11
CCAGAATTCGCTCGGA-1	NK	14
CCAGATAAGAGAACCC-1	Stromal	6
CCAGATAAGCCCATGC-1	Stromal	10
CCAGATACATCGTACA-1	NK	1
CCAGATACATCTCTCG-1	NK	1
CCAGATAGTTGTGAGG-1	Stromal	16
CCAGATATCCGTACGG-1	Stromal	16
CCAGATATCGCCCTTA-1	Stromal	10
CCAGATATCTCTCAAT-1	Stromal	5
CCATACCAGAACTCCT-1	NK	14
CCATACCAGAGGAAGT-1	Stromal	10
CCATACCAGATCGCCC-1	Epithelial	12
CCATACCAGGGTCCCT-1	Stromal	0
CCATACCAGTCTCTAG-1	NK	1
CCATACCCATCCATAG-1	Stromal	10
CCATACCCATCCCTCA-1	Epithelial	12
CCATACCCATTTCACT-1	Stromal	6
CCATACCGTAACATAG-1	B	7
CCATACCGTGGGTAGT-1	Stromal	3
CCATACCGTTTGTAGC-1	NK	1
CCCACATAGTTCCCGG-1	Stromal	10
CCCACATCAGCGTAGA-1	NK	14
CCCACATCATCCTCGT-1	Stromal	5
CCCACATGTAGAACGC-1	NK	8
CCCACATGTATCAGCT-1	Stromal	3
CCCACATGTGCGTAGA-1	NK	19
CCCACATTCCGCCTAT-1	Stromal	6
CCCACATTCTCGACAA-1	NK	19
CCCACATTCTTTGCAT-1	Stromal	2
CCCAGAGAGACAACGC-1	Stromal	3
CCCAGAGAGGAGTAGA-1	Stromal	15
CCCAGAGAGGCGTCCT-1	NK	18
CCCAGAGAGTGATATG-1	NK	19
CCCAGAGCAAACGACG-1	Stromal	0
CCCAGAGCAATGTAAG-1	NK	1
CCCAGAGCACCCATCT-1	T	17
CCCAGAGCACCCTTTG-1	NK	18
CCCAGAGCAGCAAACG-1	NK	4
CCCAGAGCAGGTGGTA-1	B	7
CCCAGAGGTCACAGGA-1	NK	14
CCCAGAGGTCATCAAC-1	Stromal	5
CCCAGAGGTGCATCAT-1	NK	18
CCCGTTAAGGCACTAG-1	B	7
CCCGTTAAGGTTGTTC-1	Stromal	10
CCCGTTAAGTACCTCA-1	Stromal	6
CCCGTTACAAACAGTA-1	Stromal	0
CCCGTTACATCAGAAA-1	NK	9
CCCGTTAGTAACATAG-1	Stromal	0
CCCGTTAGTCACATTG-1	Stromal	16
CCCGTTAGTCAGAAAT-1	Stromal	3
CCCGTTAGTCAGGTGA-1	NK	18
CCCGTTAGTTTGATCG-1	B	7
CCCGTTATCTCGGCGA-1	B	7
CCCTAACAGAAATGGG-1	Stromal	0
CCCTAACCAAATAGTG-1	Stromal	16
CCCTAACCAAGAAACT-1	Stromal	10
CCCTAACCATGTGGGA-1	Stromal	11
CCCTAACTCCAGTTAG-1	Stromal	16
CCCTAACTCCGGAAAG-1	Stromal	0
CCCTAACTCGATCTTT-1	NK	1
CCCTAGTAGAAGGGCG-1	NK	1
CCCTAGTAGGCAATTA-1	NK	1
CCCTAGTCACTAAACC-1	Stromal	0
CCCTAGTCATCCCTCA-1	DC	13
CCCTAGTTCAATTCCT-1	B	7
CCCTAGTTCACCACAA-1	NK	18
CCCTAGTTCAGGGTTT-1	Stromal	15
CCCTAGTTCGACTTAG-1	Stromal	5
CCCTAGTTCGTTACAG-1	Stromal	2
CCCTCTCCAAGCAACG-1	Stromal	0
CCCTCTCCATATAGAG-1	Stromal	11
CCCTCTCTCACTCCCA-1	Stromal	3
CCCTCTCTCAGTCTTT-1	Epithelial	12
CCCTCTCTCCTTTGAT-1	DC	13
CCCTCTCTCGCAACTA-1	Stromal	5
CCCTCTCTCGTTCAGA-1	NK	18
CCCTGATAGGAAGAAC-1	Stromal	10
CCCTGATAGTGAACCG-1	Stromal	10
CCCTGATAGTGTCGGA-1	Stromal	3
CCCTGATCACAAGTGG-1	Stromal	6
CCCTGATCAGCCACGT-1	NK	4
CCCTGATCAGCGTGAA-1	NK	18
CCCTGATCATCCTGGG-1	Stromal	16
CCCTGATGTCAACTAC-1	Stromal	5
CCCTGATGTGTTGTTG-1	NK	1
CCCTGATTCCAAGAGG-1	NK	1
CCCTGATTCCGCGATG-1	Stromal	5
CCCTGATTCGCTCGGA-1	NK	1
CCCTGATTCGTTGTTT-1	Epithelial	12
CCCTGATTCTAGTCGA-1	Stromal	2
CCCTGATTCTGAGTCA-1	NK	19
CCCTGATTCTTAACGG-1	Stromal	0
CCGAAGCAGAACTAAC-1	Stromal	0
CCGAAGCAGAACTCCT-1	Stromal	11
CCGAAGCAGGCACTAG-1	Stromal	10
CCGAAGCTCGATATGC-1	Stromal	5
CCGAAGCTCGCCGAAC-1	NK	1
CCGAAGCTCGCTTGAA-1	Stromal	6
CCGCATTAGATCTAAG-1	NK	1
CCGCATTAGGTACATA-1	Stromal	15
CCGCATTAGTCGAAAT-1	NK	1
CCGCATTCACCACCAG-1	Stromal	2
CCGCATTCACCGTTGG-1	Stromal	2
CCGCATTGTAGAACGC-1	NK	19
CCGCATTGTGTCTACA-1	NK	14
CCGCATTGTTTAGAAG-1	NK	14
CCGCATTGTTTGCCAA-1	Stromal	10
CCGCATTTCAGTGGTT-1	NK	1
CCGCATTTCGAGCGCT-1	Stromal	2
CCGTACTAGCTACGCC-1	DC	13
CCGTACTAGGGAGATA-1	Stromal	11
CCGTACTCAAAGCATA-1	Stromal	10
CCGTACTCACATAAAG-1	NK	1
CCGTACTCACTTATGG-1	Stromal	2
CCGTACTCATTTGTTC-1	NK	18
CCGTACTGTGATAAGT-1	NK	18
CCGTACTGTGCTGTCG-1	NK	14
CCGTACTGTTCTACCC-1	Stromal	2
CCGTACTGTTCTACGA-1	NK	4
CCGTACTTCAGTCAAC-1	Stromal	6
CCGTACTTCCTTCGAC-1	Stromal	11
CCGTAGGAGGTTGTGG-1	Stromal	6
CCGTAGGAGTGCAACG-1	NK	8
CCGTAGGGTATCTGCA-1	NK	9
CCGTAGGGTTTGTACG-1	NK	4
CCGTAGGTCACTACCC-1	Stromal	3
CCGTAGGTCAGTACAC-1	NK	18
CCGTAGGTCGTCTTAT-1	T	17
CCGTAGGTCTCTGACC-1	Stromal	2
CCGTGAGAGCCTCGCA-1	Stromal	3
CCGTGAGAGTCTTAGC-1	Stromal	3
CCGTGAGAGTGCAACG-1	Stromal	5
CCGTGAGAGTTGTCCA-1	Stromal	16
CCGTGAGCAAACGTTC-1	NK	1
CCGTGAGCAAGACTAA-1	Stromal	0
CCGTGAGGTAACTCCA-1	T	17
CCGTGAGGTATTCTGG-1	Stromal	0
CCGTGAGGTCAGTGTT-1	NK	18
CCGTGAGGTGGATTTC-1	NK	1
CCGTGAGTCCTTACGC-1	Stromal	3
CCTAAAGAGGCGCTTC-1	Stromal	0
CCTAAAGAGTCCGATT-1	NK	1
CCTAAAGAGTGATCTC-1	Stromal	5
CCTAAAGAGTGGGACT-1	NK	1
CCTAAAGCAAACCCTA-1	Stromal	15
CCTAAAGCAACGAGGT-1	NK	1
CCTAAAGCAATACTGC-1	T	17
CCTAAAGCACCGATCG-1	Stromal	3
CCTAAAGCAGTCCTGG-1	Stromal	0
CCTAAAGGTCAGAGTG-1	NK	18
CCTAAAGGTGATAACA-1	NK	1
CCTAAAGGTTGGGAAC-1	NK	1
CCTAAAGTCACTAGGT-1	Epithelial	12
CCTAAAGTCGAAGCCC-1	NK	14
CCTAAAGTCGCCTTAC-1	Stromal	5
CCTAAAGTCGGTCCGA-1	Stromal	3
CCTAAAGTCTGAAAGA-1	Stromal	15
CCTAAAGTCTTTATCG-1	Stromal	2
CCTATTAAGCATACCT-1	Stromal	6
CCTATTAAGCCCATGC-1	Stromal	3
CCTATTAAGGTTCGTT-1	DC	13
CCTATTACAACCTCCT-1	NK	4
CCTATTACACCTGTGG-1	NK	18
CCTATTACACGACGAA-1	NK	18
CCTATTACATCTCTCG-1	Stromal	15
CCTATTACATTACACG-1	Stromal	16
CCTATTAGTCACATTG-1	NK	1
CCTATTATCCAGAGAG-1	Stromal	2
CCTATTATCGAGCGCT-1	Stromal	10
CCTCCCTAGAACGTTA-1	Stromal	2
CCTCCCTAGGAGAACA-1	Stromal	11
CCTCCCTAGGCTTTAC-1	NK	18
CCTCCCTCAAGCCTTA-1	NK	18
CCTCCCTCACAAGTGG-1	Stromal	5
CCTCCCTCACTAAACC-1	Stromal	15
CCTCCCTGTACGAGAC-1	NK	9
CCTCCCTGTCATAGAA-1	NK	1
CCTCCCTGTGATGTGG-1	NK	19
CCTCCCTGTGCTGAAG-1	NK	18
CCTCCCTTCAAATGGA-1	Stromal	0
CCTCCCTTCTCATCCG-1	Stromal	10
CCTGCTAAGTAGCAAT-1	DC	13
CCTGCTACATCCCAAA-1	NK	18
CCTGCTAGTAGAATAC-1	NK	14
CCTGCTAGTCTAACCA-1	NK	18
CCTGCTAGTTCAGTTG-1	Stromal	5
CCTGCTAGTTGCAGCC-1	NK	4
CCTGCTATCACGTGTA-1	Stromal	5
CCTGCTATCCAGAATC-1	NK	18
CCTGCTATCCATCGAA-1	Stromal	5
CCTGCTATCCGTACGG-1	Stromal	2
CCTGCTATCGCATAAC-1	NK	18
CCTGGGAAGACGAAAG-1	Stromal	10
CCTGGGAAGAGAAGCA-1	Stromal	3
CCTGGGAAGGAATGGA-1	Stromal	0
CCTGGGAAGTGCACAG-1	Stromal	15
CCTGGGACAAAGGTCG-1	Stromal	11
CCTGGGACAACGTACT-1	Epithelial	12
CCTGGGACACCACAGC-1	NK	1
CCTGGGACAGAGCCAA-1	NK	1
CCTGGGACATGGAGGT-1	Epithelial	12
CCTGGGAGTGACCAGA-1	Stromal	3
CCTGGGAGTTTCCTAT-1	NK	14
CCTGGGATCCACGAGC-1	Stromal	6
CCTGGGATCGAGGCTC-1	Stromal	0
CCTTAATAGATCTAAG-1	Epithelial	12
CCTTAATAGGACCGAT-1	Stromal	10
CCTTAATAGGATGCCA-1	DC	13
CCTTAATAGGCCTCTG-1	NK	18
CCTTAATCAACTCCCT-1	NK	4
CCTTAATCAAGTCTGT-1	NK	18
CCTTAATCAATGATGA-1	Stromal	6
CCTTAATCAGCAATGG-1	Stromal	10
CCTTAATGTGATGCTT-1	NK	14
CCTTAATGTGCCCGAT-1	Stromal	0
CCTTAATGTGGAAGCT-1	NK	1
CCTTAATTCAAATGGA-1	NK	1
CCTTAATTCACATCCC-1	NK	1
CCTTAATTCAGCACTA-1	NK	18
CCTTAATTCCATTGTT-1	Stromal	2
CCTTAATTCCCGAAGC-1	Stromal	5
CCTTAATTCTCATATC-1	NK	1
CCTTAATTCTTTCGAT-1	Stromal	10
CCTTGCAAGGAGAACA-1	Stromal	16
CCTTGCAAGTGCTGAG-1	T	17
CCTTGCACAAGCCCTG-1	NK	1
CCTTGCACACAGGTAG-1	Epithelial	12
CCTTGCACAGTTCGGC-1	NK	19
CCTTGCATCACCCTTG-1	NK	14
CCTTGCATCGCAAACT-1	Stromal	2
CCTTGCATCGCTCTAC-1	NK	1
CCTTGCATCGGTCTAA-1	Stromal	6
CCTTGCATCTCTGCGT-1	Stromal	2
CCTTGGTAGATGGCAC-1	Stromal	2
CCTTGGTAGCTGCCAC-1	NK	19
CCTTGGTAGGTGTCGA-1	Stromal	16
CCTTGGTAGGTTCGTT-1	NK	18
CCTTGGTCAAGGACCA-1	Stromal	5
CCTTGGTCACATATCG-1	NK	18
CCTTGGTGTATTGTGC-1	Stromal	0
CCTTGGTGTCCAACCG-1	NK	14
CCTTGGTTCACAGGGA-1	Stromal	3
CCTTGGTTCTCGCGGA-1	Stromal	6
CGAGTTAAGACGACTG-1	T	17
CGAGTTAAGTATGCTC-1	Stromal	6
CGAGTTAAGTCCAGAG-1	Stromal	11
CGAGTTACAAGATGCG-1	NK	18
CGAGTTAGTTATAGAG-1	Stromal	6
CGAGTTAGTTTCTTAC-1	Epithelial	12
CGAGTTATCATTCGGA-1	Stromal	11
CGAGTTATCCGAGGAA-1	Stromal	3
CGATGATCAGTAACGG-1	NK	18
CGATGATGTGCATCAT-1	NK	1
CGATGATTCAAACCAC-1	Stromal	6
CGATGATTCCGGACTG-1	NK	1
CGATGATTCCTCCCAA-1	NK	14
CGCAATAAGCGTCTGC-1	NK	14
CGCAATAAGGTACTCT-1	NK	19
CGCAATAAGTAACACA-1	NK	9
CGCAATAAGTCACACT-1	NK	19
CGCAATACAATGTAAG-1	Stromal	16
CGCAATACACGCGATC-1	Stromal	15
CGCAATACACTGCTCT-1	Stromal	11
CGCAATACAGCACATT-1	B	7
CGCAATACAGGCTACC-1	NK	1
CGCAATAGTATCATGC-1	Stromal	5
CGCAATAGTATGTCCA-1	NK	14
CGCAATAGTCCAACCG-1	Epithelial	12
CGCAATAGTGCCCGAT-1	NK	18
CGCAATAGTGCGTCCA-1	NK	4
CGCAATAGTGTTAGAA-1	Stromal	3
CGCAATAGTGTTGGTT-1	Stromal	2
CGCAATAGTTTGATCG-1	Stromal	10
CGCAATATCAGGAATA-1	NK	1
CGCAATATCCCAGTAA-1	Stromal	0
CGCAATATCCTGGGAC-1	Stromal	0
CGCACAGAGATAGGTT-1	NK	19
CGCACAGAGGTTAACA-1	NK	1
CGCACAGAGTGATAAC-1	NK	4
CGCACAGCAAACGACG-1	Stromal	0
CGCACAGCAAGGTCGA-1	Stromal	5
CGCACAGCAAGGTTCT-1	Epithelial	12
CGCACAGCAATGCATC-1	Stromal	5
CGCACAGCACAGTAGG-1	Stromal	16
CGCACAGCATTGTGAC-1	NK	4
CGCACAGGTATGCTAC-1	NK	1
CGCACAGGTCACTCTC-1	NK	14
CGCACAGGTGAGTAAT-1	NK	19
CGCACAGGTGTTAGAA-1	NK	19
CGCACAGGTTATAGAG-1	Epithelial	12
CGCACAGGTTGGTAAA-1	NK	14
CGCACAGTCACGTCAA-1	Stromal	11
CGCACAGTCGCTGATA-1	Stromal	0
CGCAGGTAGAGTCCGA-1	NK	4
CGCAGGTAGTGTCGCC-1	NK	9
CGCAGGTCACCTACCT-1	NK	1
CGCAGGTCATAGCCGC-1	NK	19
CGCAGGTCATGGATGG-1	NK	1
CGCAGGTCATGGTTTG-1	Stromal	10
CGCAGGTCATTGAACC-1	Stromal	0
CGCAGGTGTGCCCTAG-1	NK	18
CGCAGGTGTTGGACGA-1	NK	1
CGCAGGTTCCAACGCG-1	Stromal	0
CGCAGGTTCTCTCAAT-1	NK	19
CGCGCAAAGCTGAAAT-1	T	17
CGCGCAAAGTTCAAGA-1	Stromal	2
CGCGCAACAAACGACG-1	Stromal	0
CGCGCAACAATGGCTT-1	NK	14
CGCGCAACACCCATCT-1	NK	14
CGCGCAAGTAATGTAG-1	Stromal	15
CGCGCAAGTAGAGAGA-1	NK	1
CGCGCAAGTATCATGC-1	Stromal	2
CGCGCAAGTGCACCCA-1	NK	1
CGCGCAATCTGATCTT-1	NK	19
CGCGCAATCTGGCACG-1	NK	1
CGCGCAATCTGGCTAA-1	Stromal	16
CGCTAGGAGCAACGGT-1	NK	18
CGCTAGGCACTTGCGG-1	Epithelial	12
CGCTAGGCATTTAGGC-1	Stromal	2
CGCTAGGGTATTCTCT-1	NK	1
CGCTAGGGTGGATTCT-1	B	7
CGCTAGGTCACATCCC-1	Stromal	3
CGCTATCAGAGGTCCA-1	Stromal	0
CGCTATCAGGAGAACA-1	Stromal	3
CGCTATCAGGGAGATA-1	Stromal	3
CGCTATCAGGTCCTCG-1	Stromal	3
CGCTATCAGTCGTACT-1	NK	19
CGCTATCAGTTCAACC-1	Epithelial	12
CGCTATCCAAGGTTCT-1	Stromal	5
CGCTATCCACTAAACC-1	Stromal	16
CGCTATCGTAGGGTTG-1	Stromal	16
CGCTATCGTATTCGAC-1	NK	18
CGCTATCGTATTGTCG-1	Stromal	3
CGCTATCGTTGGAGGT-1	Stromal	16
CGCTATCGTTGTATCG-1	Stromal	6
CGCTATCTCGAGGCTC-1	NK	18
CGCTATCTCGGCATAT-1	NK	18
CGCTATCTCGGTTAGT-1	NK	19
CGCTATCTCTCTGTTA-1	Epithelial	12
CGCTGGAAGGTAAGCC-1	Stromal	16
CGCTGGAAGGTACATA-1	NK	1
CGCTGGACACGGTTAT-1	Stromal	6
CGCTGGACAGAAGTGC-1	NK	14
CGCTGGAGTTTGCCAA-1	Stromal	10
CGCTGGATCTGACTTT-1	NK	18
CGGACCAAGCGATACG-1	Stromal	5
CGGACCAAGGTTCGAG-1	Stromal	0
CGGACCAAGTGATAAC-1	NK	19
CGGACCACAAGGATGC-1	Stromal	15
CGGACCAGTCACAGGA-1	Stromal	0
CGGACCAGTTAACCAC-1	NK	1
CGGACCAGTTACGGAG-1	Stromal	11
CGGACCATCGGATAAA-1	NK	19
CGGACCATCGGGTCCA-1	Stromal	5
CGGACTGGTGCCCAGT-1	NK	18
CGGACTGGTTCTTTCA-1	Stromal	3
CGGACTGTCACTGATG-1	B	7
CGGACTGTCAGGTTTG-1	Stromal	0
CGGACTGTCTTATCAC-1	NK	1
CGGTGCAAGTAGTGTA-1	Stromal	2
CGGTGCACAAGCCCTG-1	Stromal	0
CGGTGCACACGCTGTG-1	Stromal	11
CGGTGCAGTAGCAGCA-1	NK	18
CGGTGCAGTTCAGTTG-1	Stromal	11
CGGTGCATCCGTACGG-1	Stromal	11
CGGTGCATCGACTATG-1	Stromal	10
CGTAAACAGAACCATA-1	Stromal	0
CGTAAACAGAGCGAAA-1	NK	18
CGTAAACAGCCAGAAC-1	Stromal	0
CGTAAACCACCTCGTT-1	NK	18
CGTAAACCATTCACCC-1	Stromal	0
CGTAAACCATTGTTCT-1	Stromal	10
CGTAAACGTCAGCTTA-1	Stromal	5
CGTAAACGTCCCTTTG-1	NK	1
CGTAAACGTGCGTTTA-1	B	7
CGTAAACGTTCTTAGG-1	Stromal	5
CGTAAACTCTGATCCC-1	Stromal	11
CGTAAACTCTGCTACC-1	Stromal	0
CGTACAAAGCTATCCA-1	NK	4
CGTACAAAGGATGTAT-1	NK	18
CGTACAAGTAACCGAG-1	Stromal	5
CGTACAAGTAAGGTCG-1	NK	18
CGTACAAGTAGATGAT-1	Stromal	15
CGTACAAGTCAACTAC-1	NK	18
CGTACAAGTCTGGTCG-1	Stromal	0
CGTACAATCTCGACAA-1	T	17
CGTACAATCTGGGCGT-1	Stromal	3
CGTGGCAAGCTACGTT-1	Stromal	16
CGTGGCAAGGCACCTC-1	NK	1
CGTGGCAAGGCAGTAC-1	NK	14
CGTGGCAAGTAATGTG-1	NK	14
CGTGGCAAGTAGGTCG-1	Epithelial	12
CGTGGCACAAAGAAGG-1	Stromal	10
CGTGGCACAATTCGTG-1	Stromal	2
CGTGGCACATTGCACA-1	Stromal	0
CGTGGCAGTAGTGATA-1	Stromal	10
CGTGGCAGTCAACTAC-1	Stromal	10
CGTGGCAGTGGTAAGC-1	Stromal	15
CGTGGCATCCACGGCA-1	NK	19
CGTGGCATCGATAGGG-1	Stromal	16
CGTGGCATCGGTTAGT-1	Stromal	0
CGTGGCATCTTCATAC-1	Epithelial	12
CGTTCCAAGTGCACAG-1	NK	18
CGTTCCACAGGTAGGT-1	NK	18
CGTTCCAGTATCCTTT-1	NK	1
CGTTCCAGTCGCTAGC-1	NK	18
CGTTCCAGTGAAACAT-1	Stromal	10
CGTTCCAGTGCGCTCA-1	NK	19
CGTTCCATCCTAAGTG-1	Stromal	6
CGTTCCATCGACGGAA-1	Stromal	5
CGTTCCATCGGAGTTT-1	NK	1
CTAACTTAGAGGTCCA-1	Stromal	6
CTAACTTAGCCCATTA-1	B	7
CTAACTTAGCGCAATG-1	Stromal	6
CTAACTTAGCGCACAA-1	NK	19
CTAACTTCACATTGCA-1	NK	18
CTAACTTCACCATTCC-1	Stromal	6
CTAACTTCATGACTGT-1	NK	14
CTAACTTCATGGGACA-1	NK	4
CTAACTTGTACGGATG-1	NK	18
CTAACTTGTGGTAAGC-1	Stromal	16
CTAACTTTCACATTCT-1	Stromal	5
CTACAGAAGCAGGACT-1	Stromal	2
CTACAGACACGATTAC-1	NK	4
CTACAGACATGGTTTG-1	Stromal	0
CTACAGAGTAGAAAGG-1	NK	18
CTACAGAGTAGCGAGT-1	NK	14
CTACAGAGTGGTGGTA-1	Stromal	0
CTACAGATCACACGTA-1	Stromal	16
CTACAGATCCGTGCGA-1	Stromal	3
CTACAGATCCTAGAGT-1	Stromal	2
CTACAGATCGGCATAT-1	NK	19
CTACAGATCGGTCCGA-1	NK	18
CTACAGATCGTTCCGT-1	Stromal	5
CTACAGATCTCTGAGA-1	Stromal	6
CTACTTAAGAACTAAC-1	Stromal	16
CTACTTAAGACTAGCG-1	Stromal	2
CTACTTAAGCTGAGGT-1	DC	13
CTACTTACAAGAGATT-1	Stromal	10
CTACTTAGTAACTCCA-1	NK	14
CTACTTAGTAGCAGGT-1	NK	4
CTACTTAGTTTGGATC-1	Stromal	6
CTACTTATCCTGTAGA-1	NK	1
CTACTTATCTTCATAC-1	Stromal	0
CTAGCGGAGCACGTAG-1	Stromal	5
CTAGCGGAGGTCGGTA-1	Stromal	2
CTAGCGGAGTCATACC-1	Stromal	3
CTAGCGGCACCACAGC-1	NK	14
CTAGCGGCACCTGAAT-1	Stromal	6
CTAGCGGCAGCTATAC-1	Stromal	10
CTAGCGGCATCAGAAA-1	NK	9
CTAGCGGCATTAACGC-1	Stromal	10
CTAGCGGGTCCCGAGT-1	NK	4
CTAGCGGGTTATAGAG-1	NK	4
CTAGCGGGTTGAAGCG-1	NK	19
CTAGCGGTCATCGCAA-1	DC	13
CTAGGATAGAACAGGA-1	Stromal	0
CTAGGATAGACCATAA-1	Stromal	0
CTAGGATAGTTGAATG-1	Stromal	0
CTAGGATCAACGTCCG-1	DC	13
CTAGGATCAGGACCTC-1	Stromal	2
CTAGGATGTGATGCGA-1	Stromal	2
CTAGGATGTGCATTCA-1	NK	1
CTAGGATGTTAGTAGA-1	NK	4
CTAGGATGTTTAGGAA-1	Stromal	0
CTAGGATTCCAGGTCG-1	DC	13
CTAGGATTCGCTATAG-1	NK	14
CTAGGATTCGGGAATG-1	Epithelial	12
CTAGGATTCGTATAGC-1	Stromal	6
CTAGGGCAGAGAGGTA-1	NK	1
CTAGGGCAGATGGCAC-1	NK	19
CTAGGGCAGTGAATAC-1	B	7
CTAGGGCAGTTGAATG-1	Stromal	10
CTAGGGCCATGATTGC-1	NK	1
CTAGGGCCATTCCCGT-1	NK	18
CTAGGGCGTCATAAGA-1	Stromal	5
CTAGGGCGTGGACCAA-1	NK	1
CTAGGGCTCCAATAGC-1	NK	14
CTAGGGCTCTCTATCA-1	Stromal	10
CTCAACCAGCTGAGGT-1	NK	1
CTCAACCAGGCACCTC-1	T	17
CTCAACCAGGGAGTTC-1	Stromal	10
CTCAACCAGTTGGAAT-1	Stromal	16
CTCAACCCAGGTGGTA-1	T	17
CTCAACCGTAGCAGCA-1	NK	9
CTCAACCGTCCCGTGA-1	NK	14
CTCAACCGTCTGGTCG-1	DC	13
CTCAACCGTGAATCGG-1	Stromal	16
CTCAACCGTGCAGACA-1	Stromal	2
CTCAACCGTGCGTCCA-1	NK	4
CTCAACCGTGGAAAGA-1	Stromal	5
CTCAACCGTGGCATAG-1	Stromal	0
CTCAACCGTGTGTGCC-1	NK	1
CTCAACCTCCAACGCG-1	Stromal	3
CTCACCAAGAAGACTT-1	NK	14
CTCACCAAGCGATACG-1	Stromal	16
CTCACCAAGCTGATTC-1	Stromal	5
CTCACCAAGGAAACTT-1	Stromal	2
CTCACCAAGGCGTAGT-1	Stromal	2
CTCACCAAGGCTAAAT-1	Stromal	3
CTCACCACAACCTCTC-1	DC	13
CTCACCACAGCGCGTT-1	Stromal	16
CTCACCACATGGCCCA-1	Stromal	0
CTCACCAGTAGGTGAC-1	Stromal	2
CTCACCATCCATACGA-1	NK	8
CTCACCATCCGATGCG-1	Stromal	0
CTCACCATCGACTGGC-1	NK	4
CTCACCATCGCTGATA-1	NK	1
CTCACCATCGTGGTAT-1	Stromal	0
CTCACCATCTCGTAGA-1	Epithelial	12
CTCACCATCTCTTCTC-1	NK	19
CTCACCATCTGGCACG-1	Stromal	2
CTCAGAAAGCGTTGCC-1	Stromal	5
CTCAGAAAGGCACTAG-1	Stromal	15
CTCAGAACAATTGTGC-1	Stromal	2
CTCAGAACATGCGACC-1	NK	14
CTCAGAAGTACAAATG-1	Stromal	16
CTCAGAAGTCTAAAGA-1	NK	18
CTCAGAAGTTCATTTC-1	Stromal	3
CTCAGAATCAGGTCTA-1	Stromal	15
CTCAGAATCCCAATGA-1	NK	14
CTCAGAATCGTTGTAG-1	Stromal	2
CTCAGAATCTGGGCGT-1	Stromal	0
CTCAGCTAGCTAACAA-1	Stromal	5
CTCAGCTAGGATGTAT-1	NK	1
CTCAGCTAGGGATCCA-1	NK	18
CTCAGCTAGTGTCGGA-1	Stromal	5
CTCAGCTCACATTGCA-1	T	17
CTCAGCTCACTCGTGG-1	Stromal	2
CTCAGCTCAGCAGGTA-1	NK	1
CTCAGCTCAGTTACAC-1	NK	14
CTCAGCTCATCAGAAA-1	Stromal	0
CTCAGCTCATCATAGC-1	Stromal	16
CTCAGCTGTTTAAGCC-1	Stromal	15
CTCAGCTTCACCCTTG-1	Stromal	2
CTCAGCTTCCAGGGAA-1	NK	4
CTCAGCTTCGGGCTCA-1	Stromal	5
CTCAGCTTCTATCTTG-1	NK	14
CTCATGCCAATTGGCT-1	NK	14
CTCATGCCATAGGCGA-1	DC	13
CTCATGCGTATGGATA-1	Stromal	6
CTCATGCGTCTGGATT-1	Stromal	0
CTCATGCGTGCAACAG-1	Stromal	11
CTCATGCGTTAGTAGA-1	Stromal	3
CTCATGCTCAATTGGC-1	Stromal	10
CTCATGCTCTGATCCC-1	Stromal	11
CTCCCAAAGAACGCCA-1	Stromal	0
CTCCCAACAAGGGTAC-1	DC	13
CTCCCAAGTAGAAAGG-1	Stromal	0
CTCCCAAGTGGTAGAC-1	NK	1
CTCCCAATCAACACGT-1	NK	18
CTCCCAATCACAACAC-1	Stromal	5
CTCGCTAAGACGACTG-1	Stromal	3
CTCGCTAAGCCGCAAA-1	Stromal	0
CTCGCTAAGTACCACT-1	Stromal	16
CTCGCTAAGTAGGAAG-1	Stromal	5
CTCGCTACAGTAAGAT-1	NK	1
CTCGCTACATTACACG-1	NK	1
CTCGCTAGTAGGGTTG-1	NK	8
CTCGCTAGTCGTAGTT-1	NK	4
CTCGCTATCGATCGCG-1	NK	19
CTCTACGAGACGTCAG-1	Stromal	6
CTCTACGAGACTAATG-1	NK	1
CTCTACGAGTTCGACT-1	NK	18
CTCTACGCAAGCCTTA-1	Stromal	16
CTCTACGCAATTGCCA-1	Epithelial	12
CTCTACGCACAAACAA-1	Stromal	5
CTCTACGCATAGGCGA-1	NK	1
CTCTACGCATATAGAG-1	Stromal	2
CTCTACGCATCTCTCG-1	B	7
CTCTACGGTCAGTGTT-1	B	7
CTCTACGGTGCACCCA-1	Stromal	5
CTCTACGTCCGATTGA-1	Stromal	15
CTCTACGTCCTAAAGC-1	NK	1
CTCTACGTCGTGTGCG-1	Stromal	15
CTCTACGTCTCGTGAA-1	Stromal	0
CTCTACGTCTTCAGAG-1	NK	4
CTCTAGCAGGAAGACA-1	Stromal	3
CTCTAGCAGTCATCTG-1	Stromal	10
CTCTAGCCAAGACTTC-1	Stromal	2
CTCTAGCCATCATCGA-1	Stromal	10
CTCTAGCCATGTCCCT-1	NK	19
CTCTAGCCATTTGGTG-1	B	7
CTCTAGCCATTTGTTC-1	Stromal	16
CTCTAGCTCTCCTTGG-1	NK	4
CTCTCAGAGATCGAGC-1	Epithelial	12
CTCTCAGAGCGCCTAC-1	Stromal	2
CTCTCAGAGCTAGCAG-1	Stromal	15
CTCTCAGAGGGAAGCG-1	B	7
CTCTCAGAGGTCTTGT-1	NK	1
CTCTCAGCACGCTGTG-1	Stromal	10
CTCTCAGCAGCCACGT-1	NK	18
CTCTCAGGTAATGTAG-1	NK	19
CTCTCAGGTAGATGAT-1	DC	13
CTCTCAGGTCTAACCA-1	Stromal	6
CTCTCAGGTGAATCAA-1	Stromal	10
CTCTCAGGTGTGCTTA-1	Stromal	10
CTCTCAGGTTGTGACT-1	Stromal	0
CTCTCAGTCCACGGCA-1	Stromal	6
CTCTCAGTCCCAGCGA-1	DC	13
CTCTCAGTCCGATGCG-1	Stromal	2
CTCTCAGTCGATCTTT-1	Epithelial	12
CTCTCAGTCGCAACTA-1	NK	19
CTCTCAGTCTGACATG-1	NK	9
CTCTCGAAGACTAATG-1	NK	8
CTCTCGAAGCTAGCAG-1	Stromal	15
CTCTCGAAGGCAATTA-1	NK	1
CTCTCGAAGGGTCTGA-1	NK	18
CTCTCGAAGGTACATA-1	NK	1
CTCTCGAAGGTTCTCA-1	DC	13
CTCTCGAAGTCGTACT-1	Stromal	10
CTCTCGAAGTCTAGAA-1	NK	18
CTCTCGAAGTGGGACT-1	NK	1
CTCTCGAGTAGTTTGC-1	NK	1
CTCTCGAGTCATTGGT-1	NK	14
CTCTCGAGTCTGATTG-1	NK	4
CTCTCGAGTGGTACTT-1	Stromal	10
CTCTCGATCGTGAGTT-1	Stromal	10
CTGAATGAGAAGCCGT-1	NK	19
CTGAATGAGTTCGTTG-1	NK	18
CTGAATGCAATCCATG-1	Stromal	10
CTGAATGCACCCTTTG-1	NK	14
CTGAATGCACTGTTAG-1	Stromal	2
CTGAATGCATCATAGC-1	Stromal	10
CTGAATGGTATTCTCT-1	Stromal	3
CTGAATGGTGATAGAT-1	Stromal	5
CTGAATGGTTCCCTTG-1	NK	1
CTGAATGTCACTCGGG-1	Stromal	2
CTGAATGTCATGAACC-1	Stromal	10
CTGAATGTCGGTCTAA-1	Stromal	3
CTGAATGTCTTATCAC-1	Stromal	11
CTGCGTTAGAATACTG-1	Epithelial	12
CTGCGTTAGATATGTG-1	NK	19
CTGCGTTAGGCGACTA-1	Stromal	3
CTGCGTTCAGAAGTGC-1	NK	19
CTGCGTTCATCGCCTT-1	NK	8
CTGCGTTCATCGCTAA-1	B	7
CTGCGTTGTATTTGCG-1	Stromal	16
CTGCGTTGTTATCGAC-1	Stromal	3
CTGCGTTTCGGTCAGC-1	Stromal	16
CTGCGTTTCGTAGCGC-1	B	7
CTGCTCAAGACTCGGA-1	NK	1
CTGCTCAAGGTTGACG-1	NK	19
CTGCTCAAGTATAGTG-1	Stromal	15
CTGCTCAAGTGTCACT-1	NK	1
CTGCTCACAGAGAGAA-1	Stromal	6
CTGCTCAGTTTCACCC-1	NK	14
CTGCTCAGTTTCCGGG-1	NK	1
CTGCTCATCATGTTCT-1	NK	18
CTGCTCATCCCTACGT-1	Stromal	5
CTGCTCATCGGATAGG-1	NK	1
CTGGCAGAGGGTTCCC-1	Stromal	5
CTGGCAGCAATCCATG-1	Stromal	0
CTGGCAGCATCAGAAA-1	Stromal	11
CTGGCAGCATCATGTG-1	NK	19
CTGGCAGGTCGAGGTA-1	Stromal	3
CTGGCAGTCAGCACTA-1	Stromal	11
CTGGCAGTCTCGGCGA-1	Stromal	5
CTGGCAGTCTTTATCG-1	NK	19
CTGGGACAGAGCCACA-1	Stromal	10
CTGGGACAGGACCGAT-1	NK	19
CTGGGACAGGATTAAC-1	NK	1
CTGGGACCACTACACA-1	Stromal	3
CTGGGACCAGCAACCC-1	Stromal	15
CTGGGACCAGCAATGG-1	Stromal	10
CTGGGACGTATGGTTC-1	NK	1
CTGGGACTCGGGATCC-1	B	7
CTGTATTAGGAAGGTA-1	Stromal	0
CTGTATTCAACTCGTA-1	Stromal	0
CTGTATTCAAGCAGGT-1	Stromal	5
CTGTATTCAAGCGGTA-1	NK	9
CTGTATTCAAGGCGTA-1	NK	18
CTGTATTCACAGATGG-1	B	7
CTGTATTCACCCATCT-1	Stromal	5
CTGTATTCATCGGCCA-1	NK	18
CTGTATTGTAAGTCTC-1	NK	14
CTGTATTGTACGGTTT-1	NK	14
CTGTATTGTACGTAGG-1	Stromal	6
CTGTATTGTAGCGTTT-1	NK	14
CTGTATTGTGTACGCC-1	Stromal	0
CTGTATTTCATCGCAA-1	Stromal	5
CTGTATTTCCAGCACG-1	Stromal	15
CTGTATTTCCTGGGAC-1	NK	1
CTGTATTTCGATGTGT-1	Stromal	2
CTGTATTTCTGTAGAC-1	Epithelial	12
CTGTTCGAGAAATTCG-1	Stromal	2
CTGTTCGAGCACGTAG-1	Stromal	2
CTGTTCGAGCGCGTTC-1	NK	8
CTGTTCGAGCGTTAGG-1	NK	14
CTGTTCGAGCTGAATA-1	Stromal	10
CTGTTCGAGGTTCGTT-1	NK	1
CTGTTCGAGTACAGTA-1	NK	1
CTGTTCGAGTTCAAGA-1	Stromal	5
CTGTTCGAGTTCGCGC-1	Stromal	2
CTGTTCGCATTATGGC-1	Stromal	15
CTGTTCGCATTCACCC-1	Stromal	3
CTGTTCGCATTGCACA-1	T	17
CTGTTCGGTAAGCCGA-1	NK	18
CTGTTCGGTCGGCTGT-1	Stromal	0
CTGTTCGGTCTGGTTA-1	Epithelial	12
CTGTTCGGTGCTGAAG-1	Stromal	10
CTGTTCGGTTCAGTAC-1	Epithelial	12
CTGTTCGTCAGTCACA-1	Stromal	0
CTGTTCGTCCATGTTT-1	NK	8
CTGTTCGTCCTGAAAC-1	Stromal	16
CTGTTCGTCGTGGGTC-1	Stromal	10
CTGTTCGTCTTCATAC-1	NK	1
CTGTTCGTCTTTATCG-1	Stromal	6
CTTAATCAGAACCATA-1	Stromal	0
CTTAATCAGTAACATG-1	Stromal	3
CTTAATCAGTGTCACT-1	Stromal	10
CTTAATCAGTGTCGCC-1	Stromal	15
CTTAATCCACACATTG-1	Stromal	0
CTTAATCCAGATTTGC-1	NK	19
CTTAATCCAGTAACGG-1	Stromal	2
CTTAATCCATAGCAGG-1	Stromal	16
CTTAATCCATTTAGGC-1	Stromal	0
CTTAATCGTCAATACC-1	Stromal	16
CTTAATCGTCTGGGCT-1	NK	1
CTTAATCTCACAGGGA-1	Stromal	2
CTTAATCTCACTGATG-1	Stromal	15
CTTAATCTCGCCACTT-1	NK	1
CTTAATCTCTTGGCCT-1	NK	18
CTTAATCTCTTTGCAT-1	Stromal	2
CTTCCAGAGCAACGGT-1	Stromal	5
CTTCCAGAGGTTTCTG-1	Stromal	5
CTTCCAGAGTGAGCAC-1	DC	13
CTTCCAGCAAACTACC-1	Stromal	0
CTTCCAGCACCGAAAG-1	NK	4
CTTCCAGCACGCTGTG-1	Stromal	3
CTTCCAGCAGCAACAG-1	Stromal	6
CTTCCAGCAGTAGTCT-1	Stromal	16
CTTCCAGCAGTTACAC-1	Stromal	2
CTTCCAGGTCAACTAC-1	NK	1
CTTCCAGGTCCAAGTT-1	T	17
CTTCCAGTCAGGCCGT-1	NK	18
CTTCCAGTCTATGAGC-1	Stromal	2
CTTCTAAAGATTACGA-1	Stromal	15
CTTCTAACACCGAATT-1	Stromal	10
CTTCTAACACGTTAGT-1	Stromal	0
CTTCTAATCCATGACA-1	NK	9
CTTCTAATCTAGTCGA-1	Stromal	5
CTTGAAGAGGAAGGTA-1	Stromal	3
CTTGAAGCAACGACAG-1	NK	4
CTTGAAGCACGAACGA-1	NK	18
CTTGAAGCATTAACGC-1	Stromal	16
CTTGAAGGTATCATGC-1	Stromal	6
CTTGAAGGTGAGGGTT-1	Stromal	0
CTTGAAGGTGCTGTCG-1	Stromal	3
CTTGAAGGTTGTGACT-1	NK	4
CTTGAAGTCGATCTTT-1	Stromal	10
CTTGCCAAGCAATGTA-1	NK	19
CTTGCCAAGGCCTCGT-1	NK	19
CTTGCCAAGGTTCTCA-1	Stromal	2
CTTGCCACAAACCGAG-1	NK	1
CTTGCCACAAGGGTAC-1	Stromal	10
CTTGCCACATCACAGT-1	Stromal	6
CTTGCCAGTACTTCGA-1	Stromal	2
CTTGCCAGTCACTCTC-1	NK	14
CTTGCCAGTTTCTCTA-1	NK	1
CTTGCCATCCTCAAGA-1	NK	18
CTTGCCATCGGACGAA-1	Stromal	3
CTTGCCATCTATCCTA-1	Stromal	10
CTTGCCATCTGCGTCT-1	Stromal	6
CTTGCCATCTTGTCAT-1	NK	14
CTTGCCATCTTTATCG-1	NK	4
CTTGCTGAGAGTAAGG-1	Stromal	0
CTTGCTGAGGCTGGAT-1	NK	8
CTTGCTGAGGTAGGAA-1	NK	1
CTTGCTGAGGTGATGC-1	Stromal	16
CTTGCTGCAAGTGGCA-1	NK	1
CTTGCTGCACGCTCAG-1	NK	18
CTTGCTGGTACTTCGA-1	NK	1
CTTGCTGGTATTCTGG-1	Stromal	15
CTTGCTGGTGAATCGG-1	NK	1
CTTGCTGTCTTCTTCC-1	NK	4
CTTGTCGAGCATGATA-1	Stromal	3
CTTGTCGAGTACGACG-1	Stromal	15
CTTGTCGAGTCAACTC-1	NK	19
CTTGTCGAGTCGTGAG-1	DC	13
CTTGTCGAGTGCCCTG-1	Stromal	2
CTTGTCGCATCACAGT-1	Stromal	16
CTTGTCGCATCGACCG-1	NK	1
CTTGTCGCATCGGCCA-1	Stromal	0
CTTGTCGGTGCGTAGA-1	Stromal	3
CTTGTCGGTGGTAAGC-1	NK	18
CTTGTCGGTTCATTTC-1	NK	18
CTTGTCGTCTCTGCGT-1	Stromal	2
CTTTGCGAGATCTCAC-1	Stromal	2
CTTTGCGCAAGATTAG-1	DC	13
CTTTGCGCATGCCCTT-1	NK	19
CTTTGCGCATGCGCTG-1	Stromal	11
CTTTGCGCATTTCACT-1	NK	18
CTTTGCGGTCAGACGA-1	NK	4
CTTTGCGGTCAGCTTA-1	Stromal	5
CTTTGCGGTGCACTTA-1	Stromal	5
CTTTGCGGTTACACTG-1	NK	1
CTTTGCGGTTTCAGCA-1	Stromal	11
CTTTGCGGTTTCTTAC-1	Stromal	16
CTTTGCGTCCCGGGTA-1	NK	1
CTTTGCGTCGGTCTCT-1	Stromal	5
CTTTGCGTCGTTACAG-1	NK	18
GAAACAAAGACAGCTG-1	Stromal	2
GAAACAAAGAGCTGTG-1	Stromal	10
GAAACAACAAGTAACA-1	Stromal	6
GAAACAACACCTATTT-1	NK	4
GAAACAACAGCTATAC-1	NK	14
GAAACAAGTAAACGAT-1	NK	19
GAAACAAGTGTACGCC-1	Stromal	6
GAAAGTACAATCAGGG-1	Stromal	16
GAAAGTACAGCGTGAA-1	NK	14
GAAAGTACATAGTCCA-1	NK	4
GAAAGTAGTGCACTTA-1	Stromal	10
GAAAGTATCATGAACC-1	NK	1
GAAAGTATCCCGCAAG-1	Stromal	16
GAAAGTATCCTGTGGG-1	NK	4
GAAAGTATCTTCATAC-1	Stromal	2
GAAATGAAGAAATGGG-1	DC	13
GAAATGAAGAGATTAC-1	NK	4
GAAATGAAGCACACCC-1	NK	8
GAAATGAAGCCATGGA-1	Stromal	0
GAAATGAAGGTTAACA-1	Stromal	2
GAAATGAAGTCGCCTG-1	Stromal	3
GAAATGAAGTGAGCTG-1	Stromal	0
GAAATGACAATGGCAG-1	NK	1
GAAATGAGTAACGGCA-1	Stromal	3
GAAATGAGTACTTGAC-1	Stromal	2
GAAATGAGTCCATTGA-1	Stromal	6
GAAATGAGTTAGAGAT-1	Stromal	6
GAACCGCAGTACAGTA-1	Stromal	15
GAACCGCCATTACTTC-1	Stromal	5
GAACCGCGTCACATTG-1	Stromal	6
GAACCGCGTCGTCGCA-1	NK	4
GAACCGCGTGCTGGCT-1	Stromal	6
GAACCGCGTTTCTACT-1	Stromal	16
GAACCGCTCTCCTTGG-1	Stromal	5
GAACCTAAGTAACACA-1	NK	1
GAACCTAAGTAGACCG-1	Stromal	6
GAACCTACAATGGCAG-1	DC	13
GAACCTAGTACGTAAA-1	DC	13
GAACCTAGTGAATGGC-1	NK	18
GAACCTAGTGTGACCC-1	NK	18
GAACCTAGTTACCCAA-1	NK	18
GAACCTAGTTCCATCC-1	NK	4
GAACCTAGTTCCCAAA-1	Stromal	0
GAACCTAGTTTCCGGG-1	NK	9
GAACCTATCAGAATGA-1	NK	4
GAACCTATCCAACGCG-1	Stromal	11
GAACCTATCGGTGATT-1	Stromal	0
GAACCTATCTGAACGT-1	NK	8
GAACGTTAGAGCTCCC-1	NK	1
GAACGTTAGCAATAAC-1	Stromal	6
GAACGTTAGGCGCTTC-1	Stromal	16
GAACGTTCAAGAGCGT-1	Stromal	0
GAACGTTCACTGAAGG-1	NK	18
GAACGTTCAGAGTCGA-1	Stromal	5
GAACGTTCATGGATGG-1	Stromal	6
GAACGTTCATGTAGAA-1	NK	4
GAACGTTGTACGCAAG-1	NK	14
GAACGTTGTTGCAGAG-1	Stromal	5
GAACGTTTCACAGGGA-1	Stromal	0
GAACGTTTCCTATCAT-1	NK	18
GAACTTGAGCGCGTTC-1	Stromal	2
GAACTTGAGTCGATAA-1	NK	19
GAACTTGAGTTCCCGG-1	NK	4
GAACTTGCACGGTTAT-1	NK	18
GAACTTGCAGAGATGC-1	NK	8
GAACTTGCATCGAGTT-1	NK	19
GAACTTGGTCGTCGCA-1	Stromal	2
GAACTTGGTGGCATAG-1	Stromal	5
GAACTTGGTGTAGGAC-1	Stromal	15
GAACTTGTCACTGATG-1	NK	18
GAACTTGTCCGTGCAG-1	NK	18
GAACTTGTCGGGAATG-1	NK	18
GAACTTGTCTTCACTA-1	NK	18
GAACTTGTCTTCCGTG-1	Stromal	10
GAAGAGCAGAATCAAC-1	Stromal	0
GAAGAGCAGTCAGCCC-1	NK	18
GAAGAGCCACTTATGG-1	T	17
GAAGAGCCATCTCTCG-1	NK	19
GAAGAGCGTACAAGCG-1	Stromal	0
GAAGAGCGTCACTCTC-1	Stromal	10
GAAGAGCGTGCTTACA-1	Stromal	11
GAAGAGCGTTTGCGAT-1	NK	9
GAAGAGCGTTTGTCTT-1	NK	9
GAAGAGCTCGTCTTAT-1	Stromal	10
GAAGTCTAGAACCCGA-1	NK	4
GAAGTCTAGTAGAAGG-1	NK	1
GAAGTCTAGTGCCCTG-1	NK	1
GAAGTCTCAAGCTTTG-1	Stromal	15
GAAGTCTCAGCTGATT-1	Stromal	6
GAAGTCTCATCATCGA-1	Epithelial	12
GAAGTCTCATCATGTG-1	Stromal	0
GAAGTCTCATGCGCTG-1	Epithelial	12
GAAGTCTGTAAGTGCG-1	Stromal	10
GAAGTCTGTTACACTG-1	T	17
GAAGTCTGTTATAGAG-1	Stromal	6
GAAGTCTGTTCCCAAA-1	Stromal	3
GAAGTCTTCAGTGTAC-1	NK	18
GAAGTCTTCGCATAAC-1	Stromal	3
GAAGTCTTCTCTTAAC-1	NK	19
GAAGTGGAGTCTGCTA-1	NK	18
GAAGTGGCACTTATGG-1	Stromal	6
GAAGTGGGTCTCGGGT-1	NK	18
GAAGTGGGTGATAAGT-1	Stromal	10
GAAGTGGGTGCAGACA-1	Stromal	10
GAAGTGGTCGCGCTGA-1	NK	14
GAATCTGAGAACTAAC-1	DC	13
GAATCTGAGCATGTGG-1	Stromal	10
GAATCTGAGGTGTTGG-1	Stromal	5
GAATCTGAGTAGGAAG-1	NK	19
GAATCTGCAAGGAGGG-1	Stromal	6
GAATCTGGTGATTCCA-1	Stromal	0
GAATCTGGTGCGCTCA-1	NK	1
GAATCTGGTGTTGTTG-1	NK	14
GAATCTGGTTCTTTCA-1	Epithelial	12
GAATCTGTCACAAGCT-1	NK	1
GAATCTGTCGATAGGG-1	Stromal	6
GAATCTGTCGGATCGC-1	NK	1
GAATCTGTCGGTCCGA-1	Stromal	16
GAATCTGTCTCGACAA-1	Stromal	15
GAATCTGTCTCTGCGT-1	Stromal	10
GACCAATAGAGTCCGA-1	Stromal	5
GACCAATAGCCCATTA-1	NK	18
GACCAATAGTAGTGTA-1	Stromal	2
GACCAATCAAAGACGC-1	Stromal	0
GACCAATCAAGGCGTA-1	NK	4
GACCAATCAGATGGCA-1	Stromal	5
GACCAATGTAAAGCTA-1	Stromal	3
GACCAATGTACCCACG-1	Stromal	6
GACCAATGTGAGGGTT-1	B	7
GACCAATGTGCGTAGA-1	Stromal	10
GACCAATTCGACTTAG-1	NK	18
GACCAATTCTATCTCA-1	NK	18
GACCAATTCTCCTTAA-1	Stromal	10
GACCCAGAGAACCATA-1	NK	19
GACCCAGAGAGTTCGG-1	Stromal	2
GACCCAGAGCGCGTTC-1	NK	1
GACCCAGAGGGAAGCG-1	Stromal	0
GACCCAGAGTGATTAG-1	DC	13
GACCCAGAGTGTGTAA-1	NK	14
GACCCAGGTCAATACC-1	Stromal	6
GACCCAGGTCATCGTA-1	NK	18
GACCCAGTCACTCGGG-1	Stromal	2
GACCCAGTCCATAACG-1	NK	14
GACCCAGTCCGTTAGA-1	Stromal	15
GACCGACAGTCGAAAT-1	NK	4
GACCGACCACAAGGGT-1	B	7
GACCGACCATCATCGA-1	Stromal	15
GACCGACGTTATAGAG-1	Stromal	6
GACCGACTCGAACACT-1	Stromal	6
GACCTTCAGAGAACCC-1	Stromal	3
GACCTTCAGCAACGGT-1	NK	1
GACCTTCAGGACTTTC-1	NK	1
GACCTTCAGGAGGCGA-1	NK	19
GACCTTCAGTCCCGCA-1	NK	14
GACCTTCCAAAGGAAG-1	NK	18
GACCTTCCAAGGGAGG-1	Stromal	10
GACCTTCCAATTCGTG-1	NK	4
GACCTTCGTCTGTGTA-1	Stromal	0
GACCTTCTCCCAGTAA-1	NK	14
GACCTTCTCGGTCGAC-1	Stromal	11
GACCTTCTCGGTCTCT-1	Stromal	0
GACTAACAGAATCAAC-1	NK	19
GACTAACAGAGTGGAA-1	Stromal	2
GACTAACAGGGAAGCG-1	NK	14
GACTAACAGGTACTCT-1	NK	14
GACTAACAGTGTCGGA-1	Stromal	0
GACTAACCAACTCCCT-1	T	17
GACTAACGTCTAAGAA-1	Stromal	2
GACTAACGTGTTTCTT-1	Stromal	2
GACTAACTCACTGATG-1	Stromal	5
GACTAACTCTCGCGTT-1	NK	18
GACTAGTAGCCGCAAA-1	Stromal	2
GACTAGTCAAGACACG-1	NK	18
GACTAGTGTCCGTAGC-1	NK	18
GACTAGTGTTTCTCTA-1	NK	1
GACTAGTTCAGCACGC-1	Stromal	16
GACTAGTTCGTCAACA-1	NK	1
GAGAACGAGCTACGCC-1	NK	1
GAGAACGAGGACTAGC-1	Stromal	0
GAGAACGAGTGCTCGC-1	Stromal	10
GAGAACGCACGTACAT-1	Stromal	16
GAGAACGCAGGTGTCC-1	NK	1
GAGAACGCAGTGGTCC-1	NK	1
GAGAACGCAGTTGCAT-1	Stromal	2
GAGAACGGTTTGCCCT-1	Stromal	16
GAGACTTAGCTGGAGT-1	B	7
GAGACTTAGGCTAAAT-1	NK	19
GAGACTTCACTCAAGT-1	Stromal	6
GAGACTTCAGTATACC-1	NK	19
GAGACTTGTAACGTAA-1	Stromal	15
GAGACTTGTAAGGTCG-1	Stromal	2
GAGACTTGTGAGTCGA-1	T	17
GAGACTTTCACCCGGA-1	Stromal	16
GAGACTTTCCATACCC-1	Stromal	11
GAGACTTTCTAGTCGA-1	Stromal	11
GAGATTCAGGAAGACA-1	Epithelial	12
GAGATTCAGGCAGTAC-1	NK	14
GAGATTCAGGTCTTTG-1	Stromal	3
GAGATTCCAGATTAAG-1	NK	18
GAGATTCGTCCGAGCT-1	Stromal	10
GAGATTCGTCTAACCA-1	NK	19
GAGATTCGTCTGCGCA-1	NK	18
GAGATTCGTGCAAGAC-1	Stromal	3
GAGATTCGTTAACTCG-1	Stromal	2
GAGATTCTCCATGACA-1	Stromal	16
GAGATTCTCGATGCAT-1	Stromal	10
GAGATTCTCGTGTGCG-1	Stromal	16
GAGCATTAGACACTTC-1	Stromal	11
GAGCATTAGACGAAAG-1	NK	14
GAGCATTAGGAGTCTG-1	Stromal	0
GAGCATTAGGGTCCCT-1	NK	19
GAGCATTCACGCGTTG-1	NK	1
GAGCATTCAGAAAGAG-1	Epithelial	12
GAGCATTCAGGTCCTG-1	Stromal	11
GAGCATTCATCTCTCG-1	Stromal	2
GAGCATTGTAACGGAC-1	Stromal	5
GAGCATTGTACGGATG-1	NK	1
GAGCATTGTGATAAGT-1	NK	1
GAGCATTGTGGTGGTA-1	NK	4
GAGCATTGTTGTGACT-1	NK	1
GAGCATTTCATTGCCC-1	DC	13
GAGCATTTCCACGGCA-1	NK	1
GAGCATTTCCTTCGAC-1	NK	8
GAGCATTTCTTCCACG-1	NK	19
GAGCGCTAGAATACTG-1	NK	1
GAGCGCTAGACGAAAG-1	Stromal	10
GAGCGCTAGAGCGGTT-1	B	7
GAGCGCTAGCCTTTGA-1	Stromal	0
GAGCGCTCAACTCGTA-1	Stromal	3
GAGCGCTCAAGTCTCA-1	Stromal	15
GAGCGCTCACTGTCGG-1	Stromal	15
GAGCGCTCAGGATGTG-1	NK	1
GAGCGCTCAGGCTACC-1	NK	14
GAGCGCTCATTGATGC-1	NK	18
GAGCGCTGTATGTCCA-1	NK	14
GAGCGCTGTTCTGAAC-1	B	7
GAGCGCTGTTTGCATG-1	Stromal	10
GAGCGCTTCATCGCCT-1	NK	1
GAGCGCTTCGATTACG-1	NK	18
GAGCGCTTCGGATCGC-1	NK	1
GAGGATGAGGGATCCA-1	NK	14
GAGGATGAGTACAGTA-1	Stromal	6
GAGGATGCACAGAAGC-1	NK	4
GAGGATGGTACTAGAA-1	Stromal	10
GAGGATGGTATCACAC-1	Stromal	10
GAGGATGGTGTACGCC-1	NK	1
GAGGATGTCCCAGCAG-1	Stromal	10
GAGGATGTCGCACCTT-1	DC	13
GAGGATGTCGTCCCTA-1	Stromal	6
GAGGATGTCTCCTTAA-1	Stromal	5
GAGGCTCAGACGAAAG-1	Stromal	0
GAGGCTCAGAGCGAAA-1	Stromal	0
GAGGCTCAGCACCATT-1	NK	8
GAGGCTCAGGAGACTC-1	Stromal	3
GAGGCTCCAAGCAACG-1	NK	1
GAGGCTCCAATAGTGA-1	Stromal	3
GAGGCTCCATCAGCTA-1	Stromal	0
GAGGCTCGTATGTCCA-1	Stromal	16
GAGGCTCGTATTCGAC-1	NK	4
GAGGCTCGTCATCGTA-1	NK	9
GAGGCTCGTTTCGTTT-1	NK	8
GAGGCTCTCGATGTAC-1	Stromal	5
GAGGCTCTCGCTTCAC-1	Stromal	11
GAGGCTCTCGGGAATG-1	NK	18
GAGGTCCAGAGAGTAG-1	Stromal	0
GAGGTCCAGGTTCGAG-1	NK	9
GAGGTCCAGTCCCTCT-1	Stromal	0
GAGGTCCAGTTAGCGG-1	NK	1
GAGGTCCAGTTATGAG-1	NK	14
GAGGTCCCAAACCGAG-1	Stromal	2
GAGGTCCGTGCATTGT-1	Stromal	10
GAGGTCCGTGGACGAT-1	Stromal	6
GAGGTCCGTTACGGAG-1	T	17
GAGGTCCTCCCGAAGC-1	Epithelial	12
GAGGTCCTCGTTCAGA-1	NK	9
GAGTGAGAGGAGAACA-1	T	17
GAGTGAGAGTCTGTGT-1	Epithelial	12
GAGTGAGAGTGATCTC-1	NK	19
GAGTGAGCAATGCACT-1	NK	1
GAGTGAGCATTGAACC-1	Stromal	6
GAGTGAGGTATCACAC-1	Stromal	0
GAGTGAGGTGGCCTCA-1	NK	1
GAGTGAGGTGGCCTTG-1	NK	8
GAGTGAGGTTGCAGAG-1	NK	14
GAGTGAGTCATTCGGA-1	Stromal	11
GAGTGAGTCGGTTGTA-1	NK	1
GAGTGAGTCTGAACGT-1	Epithelial	12
GATCATGAGTCTTAGC-1	NK	18
GATCATGAGTTGACAA-1	NK	19
GATCATGCATCTGCAA-1	Stromal	3
GATCATGCATGGCCCA-1	NK	1
GATCATGGTCTGAGCC-1	Stromal	5
GATCATGGTTACTACG-1	T	17
GATCGTAAGACGACTG-1	Stromal	5
GATCGTAAGCGCATTT-1	Stromal	11
GATCGTAAGTGGTGTG-1	Stromal	10
GATCGTACAAACCGAG-1	Stromal	5
GATCGTACAATCACTG-1	NK	19
GATCGTACAGATAAGT-1	NK	18
GATCGTACAGGCATTT-1	NK	14
GATCGTACAGTTAAAG-1	NK	18
GATCGTACATCGCTAA-1	Stromal	16
GATCGTATCCCACTTG-1	NK	1
GATCGTATCGACTTAG-1	NK	8
GATCGTATCGGCATAT-1	Stromal	11
GATCGTATCTTCATAC-1	Stromal	6
GATGATCAGTCGAAAT-1	NK	8
GATGATCCACAGGTAG-1	NK	1
GATGATCCACTCAGCG-1	NK	18
GATGATCGTCAAACAA-1	NK	19
GATGATCGTGTGCTTA-1	Stromal	10
GATGATCTCAAGGCCC-1	Stromal	5
GATGATCTCTCGACCT-1	Stromal	5
GATGGCCAGAGAAGCA-1	NK	18
GATGGCCAGGAATGGA-1	Stromal	0
GATGGCCCACAGATGG-1	B	7
GATGGCCCACGCTCAG-1	Stromal	5
GATGGCCGTTTCAGCA-1	Stromal	0
GATGGCCTCCGAATTG-1	Stromal	11
GATGGCCTCGCGTTCT-1	NK	8
GATGGCCTCGGGATCC-1	NK	19
GATTAGCAGCATGATA-1	NK	1
GATTAGCAGTTGGAAT-1	NK	18
GATTAGCCAAGCGACA-1	Stromal	6
GATTAGCCATAGATAG-1	NK	4
GATTAGCGTCAGAGTG-1	DC	13
GATTAGCGTGCAAGCA-1	NK	19
GATTAGCTCTTACGGA-1	NK	4
GATTGACAGGGTGTTG-1	NK	8
GATTGACAGGTTAACA-1	NK	1
GATTGACAGTAGTCGG-1	Stromal	5
GATTGACAGTAGTTCC-1	Stromal	5
GATTGACGTCCGCTTT-1	NK	14
GATTGACGTCTAAAGA-1	NK	19
GATTGACGTTTCGTTT-1	NK	14
GATTGACTCAAGGCAG-1	Stromal	11
GATTGACTCACTGATG-1	Stromal	5
GATTGACTCGTGGCGT-1	Stromal	2
GCAAAGGAGCATGATA-1	NK	4
GCAAAGGAGGCCTCTG-1	Stromal	0
GCAAAGGAGTCAGCCC-1	NK	4
GCAAAGGCAACGCAAG-1	Stromal	6
GCAAAGGCAATTCTCT-1	NK	18
GCAAAGGCACAGGAAC-1	B	7
GCAAAGGCACTTGCGG-1	Stromal	10
GCAAAGGGTAACGGCA-1	Stromal	2
GCAAAGGGTATCGCGC-1	NK	8
GCAAAGGGTCAGTGTT-1	Stromal	6
GCAAAGGGTGTTGGTT-1	Stromal	10
GCAAAGGTCCAATAGC-1	NK	19
GCAACCGAGGATATCA-1	Stromal	10
GCAACCGAGTCGTATC-1	Stromal	3
GCAACCGCACTCGTGG-1	NK	18
GCAACCGGTATCAGCT-1	NK	1
GCAACCGGTATCTAGC-1	NK	1
GCAACCGGTGATAACA-1	NK	4
GCAACCGGTGGTGGTA-1	T	17
GCAACCGTCCCATAGA-1	NK	1
GCAACCGTCCGGGCAT-1	NK	18
GCACCTTCAGTTCGGC-1	NK	14
GCACCTTGTGCGTTTA-1	Stromal	5
GCACCTTTCACATCCC-1	Stromal	3
GCACCTTTCACCCGGA-1	NK	4
GCACCTTTCATTCGGA-1	NK	4
GCACCTTTCCCTACCA-1	Stromal	10
GCACCTTTCGCCAGAC-1	Stromal	3
GCACGCACACAGTTAC-1	NK	14
GCACGCACATAGCAGG-1	Stromal	6
GCACGCACATTCCCGT-1	Stromal	0
GCACGCACATTTGGTG-1	NK	4
GCACGCAGTACGCAAG-1	NK	4
GCACGCAGTAGAATAC-1	Stromal	0
GCACGCAGTGGAAAGA-1	Stromal	10
GCACGCAGTTGCCTGG-1	Epithelial	12
GCACGCATCAGGAATA-1	Stromal	6
GCACGCATCAGTGTGT-1	Stromal	16
GCACGCATCCATATCT-1	NK	19
GCACGCATCCCAATGA-1	Stromal	16
GCACGCATCCTGACCT-1	Stromal	15
GCACGCATCGATGTAC-1	Stromal	0
GCACGCATCGCTTGAA-1	NK	14
GCACGGTAGCACACCC-1	NK	8
GCACGGTAGCAGAATT-1	Stromal	11
GCACGGTCAAGGAGGG-1	NK	18
GCACGGTCAATTCAGC-1	Stromal	2
GCACGGTCACCACAGC-1	NK	18
GCACGGTCACTGCTTC-1	Epithelial	12
GCACGGTCAGCAACCC-1	NK	19
GCACGGTCATCCGTGG-1	NK	1
GCACGGTCATTGATGC-1	Stromal	10
GCACGGTGTACGGTTT-1	Stromal	15
GCACGGTGTCTTAGCA-1	NK	4
GCACGGTGTGATGTGG-1	B	7
GCACGGTGTGTCCTTC-1	NK	4
GCACGGTGTTCTTTGT-1	NK	19
GCACGGTTCGTGGTAT-1	Epithelial	12
GCAGATTAGAGGCAGG-1	Stromal	16
GCAGATTAGCAGGAGG-1	Stromal	2
GCAGATTAGTGGGACT-1	Epithelial	12
GCAGATTCACTCCCAT-1	NK	18
GCAGATTCATCAGAAA-1	Stromal	10
GCAGATTCATGGTAAA-1	Stromal	10
GCAGATTGTACATGGG-1	Stromal	16
GCAGATTGTATCATGC-1	NK	18
GCAGATTGTATTCTCT-1	NK	14
GCAGATTGTCCGTCGA-1	NK	18
GCAGATTGTCTGCACG-1	Stromal	0
GCAGATTGTGCCGGTT-1	NK	1
GCAGATTGTTCAGAAA-1	Stromal	6
GCAGATTGTTCAGTAC-1	Stromal	11
GCAGATTTCTGAGTCA-1	NK	14
GCAGATTTCTTCAGAG-1	Stromal	6
GCAGATTTCTTCTTCC-1	Stromal	2
GCAGCCACAGTAGTTC-1	Stromal	0
GCAGCCAGTACAACGG-1	Stromal	11
GCAGCCAGTGATAACA-1	NK	9
GCAGCCAGTGGAGTGT-1	NK	1
GCAGCCAGTTTAAGCC-1	Stromal	0
GCAGCCATCGGTCTCT-1	NK	18
GCAGCCATCTCTGCAC-1	Stromal	0
GCAGCTGAGGCTTAAA-1	NK	14
GCAGCTGAGTCCTTCC-1	Stromal	5
GCAGCTGAGTCTGCTA-1	NK	18
GCAGCTGCAACGGGTA-1	NK	18
GCAGCTGCAAGCGTCC-1	Stromal	10
GCAGCTGCAAGGAAGA-1	Stromal	2
GCAGCTGCAAGGGAGG-1	NK	1
GCAGCTGCACAAGTGG-1	NK	4
GCAGCTGCAGCAGGTA-1	NK	18
GCAGCTGCAGGATAGC-1	NK	19
GCAGCTGGTAACTGAA-1	Stromal	11
GCAGCTGGTACGGATG-1	Epithelial	12
GCAGCTGGTTCGGGAA-1	Stromal	0
GCAGCTGTCTGAACGT-1	Stromal	0
GCATGATAGCACGTAG-1	NK	14
GCATGATAGGAATGGA-1	Stromal	0
GCATGATAGTCTGGGA-1	Stromal	3
GCATGATAGTGTCGCC-1	Stromal	0
GCATGATCAGTTACAC-1	NK	14
GCATGATCATGGCCCA-1	Stromal	3
GCATGATGTATTCTCT-1	Stromal	5
GCATGATGTCATAGAA-1	Epithelial	12
GCATGATGTTCCATCC-1	Stromal	0
GCATGATTCACAACAC-1	Stromal	10
GCATGATTCCTCCCAA-1	Stromal	0
GCATGATTCGCTTCAC-1	NK	4
GCATGATTCGTGTGCG-1	NK	1
GCATGATTCTGGTACA-1	Stromal	11
GCATTCCAGCTGAGGT-1	NK	19
GCATTCCAGTAACACA-1	NK	18
GCATTCCAGTCCGGAA-1	NK	4
GCATTCCCAACTCGTA-1	NK	19
GCATTCCCAGTATACC-1	NK	19
GCATTCCCAGTTCGGC-1	Stromal	0
GCATTCCCATGGAGGT-1	NK	14
GCATTCCGTACGTAGG-1	NK	9
GCATTCCGTATATGGA-1	NK	18
GCATTCCGTCCGAGCT-1	Stromal	10
GCATTCCGTCTGGTTA-1	B	7
GCATTCCGTTAGGCTT-1	Stromal	15
GCATTCCGTTGAAGCG-1	Stromal	6
GCATTCCTCCTGTAGA-1	NK	1
GCATTGAAGCGCATTT-1	Stromal	5
GCATTGACAGTCAGCC-1	NK	4
GCATTGAGTAGAAGCC-1	Stromal	11
GCATTGAGTCTGGATT-1	NK	14
GCATTGATCAAGGCCC-1	Stromal	3
GCATTGATCACGATTG-1	Stromal	0
GCATTGATCATCATGG-1	Stromal	5
GCATTGATCGGGTCCA-1	NK	1
GCATTGATCTATAGGC-1	NK	14
GCCAGACAGATATGTG-1	Stromal	3
GCCAGACAGATGAGGA-1	Stromal	6
GCCAGACAGCGTTAGG-1	NK	1
GCCAGACAGGGTTCCC-1	Stromal	3
GCCAGACAGTAGTCGG-1	Stromal	0
GCCAGACAGTAGTGTA-1	Stromal	16
GCCAGACAGTCCTTCC-1	NK	18
GCCAGACAGTCTGTGT-1	Stromal	5
GCCAGACCAACTCGTA-1	NK	19
GCCAGACCAATGGCTT-1	Stromal	3
GCCAGACCACAAACGG-1	Stromal	16
GCCAGACCACCACAGC-1	Stromal	16
GCCAGACCACCGATCG-1	NK	19
GCCAGACCAGCGTGAA-1	Stromal	5
GCCAGACCATAGCCGC-1	Stromal	15
GCCAGACCATGGGTGA-1	NK	18
GCCAGACGTAAACGAT-1	DC	13
GCCAGACGTCAATACC-1	NK	19
GCCAGACTCCAGGTAT-1	Stromal	0
GCCAGACTCGAACACT-1	NK	1
GCCAGACTCGCATACA-1	NK	4
GCCAGCAAGACTAGGC-1	Stromal	3
GCCAGCAAGAGAGGTA-1	Stromal	0
GCCAGCAAGAGGCCTA-1	Stromal	5
GCCAGCAAGATCGAGC-1	Stromal	15
GCCAGCAAGCGCGTTC-1	Epithelial	12
GCCAGCAAGGAAGAAC-1	Stromal	5
GCCAGCAAGGGTCTGA-1	NK	18
GCCAGCAAGTTCAACC-1	NK	1
GCCAGCACACAGCCAC-1	Stromal	0
GCCAGCACAGACCTGC-1	NK	4
GCCAGCACAGAGCCAA-1	Stromal	5
GCCAGCAGTACAAGCG-1	Stromal	6
GCCAGCAGTAGGTAAT-1	Stromal	0
GCCAGCAGTATTCTTC-1	Stromal	11
GCCAGCAGTTTCTTAC-1	Stromal	6
GCCAGCATCCGATTGA-1	NK	14
GCCAGCATCGCACCGA-1	Stromal	6
GCCAGCATCGCCCTTA-1	Stromal	3
GCCATAAAGTTCCAGT-1	NK	19
GCCATAAGTAGCATGG-1	DC	13
GCCATAAGTCATAGCT-1	NK	1
GCCATAAGTCTGTCCT-1	NK	1
GCCATAATCAGTTGAC-1	NK	18
GCCATAATCGCGTGAC-1	Stromal	5
GCCCAGAAGAACTAAC-1	Stromal	15
GCCCAGAAGAGGAATG-1	Stromal	3
GCCCAGAAGGCTCCTG-1	Stromal	11
GCCCAGAAGTGTGTAA-1	Stromal	2
GCCCAGACAAGGCTTT-1	Epithelial	12
GCCCAGAGTAGTCCAT-1	Stromal	0
GCCCAGAGTTAGGCTT-1	Stromal	3
GCCCAGATCCGATTGA-1	Stromal	5
GCCCAGATCGGGCTCA-1	Stromal	5
GCCCGAAAGAGGAAGT-1	Stromal	3
GCCCGAACAAGCAACG-1	Stromal	16
GCCCGAACAGCAACGA-1	Stromal	0
GCCCGAACATTCTCGC-1	Stromal	2
GCCCGAAGTGCATTGT-1	NK	18
GCCCGAAGTGTAGGAC-1	Stromal	0
GCCCGAATCAGTCTTT-1	NK	19
GCCCGAATCGATCTTT-1	NK	1
GCCTACTAGAACTAAC-1	Stromal	0
GCCTACTAGGCGACTA-1	Stromal	2
GCCTACTCACGCGTTG-1	NK	14
GCCTACTCAGTATACC-1	Stromal	0
GCCTACTCATGGATGG-1	NK	19
GCCTACTGTATGAAGT-1	NK	8
GCCTACTGTTCCGCGA-1	Stromal	16
GCCTACTTCAGAATGA-1	Stromal	0
GCCTACTTCCACACCT-1	Stromal	6
GCCTACTTCGAGCGCT-1	NK	1
GCCTACTTCTTAAGCG-1	Stromal	10
GCCTAGGAGAGCCACA-1	NK	8
GCCTAGGCAAGTCCTA-1	Stromal	3
GCCTAGGCAGCAATGG-1	Stromal	3
GCCTAGGCAGGGAGTT-1	NK	9
GCCTAGGGTTGGTAAA-1	B	7
GCCTAGGTCGATTACG-1	NK	18
GCCTAGGTCTGACTTT-1	Stromal	2
GCGAGAAAGGTTACAA-1	NK	9
GCGAGAAAGTCTGGGA-1	Stromal	2
GCGAGAAAGTGTCACT-1	B	7
GCGAGAACACATTCTT-1	NK	1
GCGAGAACACGGCCAT-1	NK	9
GCGAGAACACTTACAG-1	Epithelial	12
GCGAGAAGTACGGTTT-1	Stromal	0
GCGAGAAGTGCAACAG-1	NK	14
GCGAGAATCAACGTGT-1	NK	18
GCGAGAATCACACGTA-1	NK	1
GCGAGAATCATTGCCC-1	Stromal	16
GCGAGAATCCCAGTAA-1	Stromal	2
GCGAGAATCGTCCCAT-1	Stromal	0
GCGAGAATCGTGCTTC-1	NK	1
GCGAGAATCTGGGCGT-1	DC	13
GCGAGAATCTTAGTGG-1	NK	19
GCGAGTCAGTGAGTTA-1	NK	4
GCGAGTCCAAGTAATG-1	B	7
GCGAGTCCATCCCGGA-1	DC	13
GCGAGTCGTAAACGTA-1	T	17
GCGAGTCGTAAAGCTA-1	NK	18
GCGAGTCGTTCCAATG-1	NK	1
GCGAGTCTCAAGGCCC-1	Stromal	3
GCGAGTCTCGAGGTCC-1	Stromal	11
GCGAGTCTCTGAGTAC-1	NK	1
GCGAGTCTCTTACGGA-1	NK	18
GCGAGTCTCTTTGCAT-1	NK	4
GCGATCGAGAACCCGA-1	Epithelial	12
GCGATCGAGAAGGGCG-1	NK	8
GCGATCGAGGAATGGA-1	Stromal	11
GCGATCGCAACCTCTC-1	NK	1
GCGATCGCAATGCACT-1	DC	13
GCGATCGCACCTGGTG-1	Stromal	5
GCGATCGCACTCCACT-1	Stromal	5
GCGATCGCAGTTAAAG-1	NK	1
GCGATCGGTAAACGAT-1	NK	4
GCGATCGGTATCTAGC-1	Stromal	0
GCGATCGGTCCGCTTT-1	NK	19
GCGATCGGTGATTCCA-1	Stromal	0
GCGATCGTCAGGCGCT-1	Stromal	0
GCGATCGTCAGGGTTT-1	NK	4
GCGATCGTCCGCTCTA-1	Stromal	10
GCGATCGTCCGTCAAA-1	NK	1
GCGATCGTCCGTGCGA-1	NK	14
GCGATCGTCGTTGTTT-1	Stromal	10
GCGATTAAGACGACTG-1	Stromal	0
GCGATTAAGCTAGTTC-1	Stromal	3
GCGATTAAGTCAGCCC-1	Stromal	10
GCGATTAAGTTGGAAT-1	NK	1
GCGATTACAAGACTTC-1	Stromal	6
GCGATTACAAGATTAG-1	NK	19
GCGATTAGTAGGTGAC-1	Stromal	0
GCGATTAGTATCTGCA-1	NK	18
GCGATTAGTGATGTGG-1	Epithelial	12
GCGATTAGTGCCGGTT-1	Stromal	5
GCGATTAGTGGATTTC-1	Stromal	10
GCGATTATCAACGTGT-1	Stromal	11
GCGATTATCCTTTGAT-1	Stromal	2
GCGATTATCGACTGGC-1	NK	4
GCGATTATCTGGCACG-1	DC	13
GCGCATGAGCCATCAT-1	NK	18
GCGCATGAGGGTATCG-1	Stromal	0
GCGCATGCAACAACTC-1	NK	1
GCGCATGCAACGCACC-1	NK	18
GCGCATGCAATGAAAC-1	NK	19
GCGCATGCACACATGT-1	Stromal	5
GCGCATGCAGACCTGC-1	Epithelial	12
GCGCATGCATTTCACT-1	Stromal	0
GCGCATGGTCCACCAG-1	NK	18
GCGCATGGTGGCCTTG-1	Stromal	2
GCGCATGGTTGGACGA-1	NK	14
GCGCATGTCGATAGCT-1	NK	1
GCGCATGTCGCTGATA-1	T	17
GCGCATGTCGCTTCAC-1	NK	1
GCGCCAAAGAAATCTG-1	Stromal	10
GCGCCAAAGACAACGC-1	NK	4
GCGCCAAAGACTTCCA-1	NK	14
GCGCCAAAGCAATAAC-1	Stromal	2
GCGCCAAAGGGTGTTG-1	Stromal	5
GCGCCAAGTATCTAGC-1	Stromal	15
GCGCCAAGTGGATTTC-1	Stromal	16
GCGCCAAGTGGGTAGT-1	Epithelial	12
GCGCCAATCACTAGGT-1	Epithelial	12
GCGCCAATCACTCGGG-1	NK	18
GCGCCAATCGCCTTAC-1	NK	18
GCGCCAATCGGTCCGA-1	Stromal	16
GCGCCAATCGTCGCAG-1	Stromal	11
GCGCCAATCTCTCAAT-1	Stromal	15
GCGCCAATCTGTCGGG-1	Stromal	5
GCGGAAAAGAGCCTGA-1	NK	1
GCGGAAAAGCTCCATA-1	NK	19
GCGGAAACAGGCAGAT-1	Stromal	11
GCGGAAACAGTGCTCG-1	Stromal	10
GCGGAAAGTAAGTGCG-1	NK	18
GCGGAAAGTACGAGAC-1	Stromal	15
GCGGAAAGTGCTGGCT-1	NK	1
GCGGAAAGTGTCTACA-1	Stromal	3
GCGGAAATCCTGGGAC-1	Stromal	3
GCGGAAATCGATAGCT-1	Stromal	2
GCGGAAATCGTAGCGC-1	Epithelial	12
GCGGAAATCGTTCTAT-1	Stromal	0
GCGGAAATCTCTATTG-1	NK	1
GCGGGTTAGTAGGAAG-1	NK	1
GCGGGTTAGTCCTTCC-1	Epithelial	12
GCGGGTTAGTGAGCTG-1	Stromal	2
GCGGGTTCACAGCTTA-1	NK	18
GCGGGTTCACGTTAGT-1	DC	13
GCGGGTTCAGGCATTT-1	Stromal	10
GCGGGTTCAGTGCGAA-1	Stromal	11
GCGGGTTGTCCGGTAC-1	B	7
GCGGGTTGTGGCGCTT-1	NK	4
GCGGGTTGTTGGCGAA-1	DC	13
GCGGGTTTCCAGTTAG-1	NK	14
GCGGGTTTCCGATTGA-1	Stromal	0
GCGGGTTTCTGAAAGA-1	Stromal	2
GCGGGTTTCTTGTACT-1	NK	1
GCGGTGTAGCAGGACT-1	NK	1
GCGGTGTAGGAATGGA-1	Stromal	15
GCGGTGTAGGGACGTT-1	Stromal	6
GCGGTGTAGGGCATTG-1	NK	4
GCGGTGTAGGTGAACC-1	Epithelial	12
GCGGTGTAGTGGACGT-1	NK	18
GCGGTGTCACAGCCAC-1	NK	18
GCGGTGTCACTCCCAT-1	Epithelial	12
GCGGTGTCACTCGCAG-1	Stromal	15
GCGGTGTCAGAACGAC-1	NK	1
GCGGTGTCATACAACC-1	NK	19
GCGGTGTGTAGGGTTG-1	Stromal	2
GCGGTGTGTAGTCTGT-1	NK	1
GCGGTGTGTATGCTAC-1	DC	13
GCGGTGTGTGATGCTT-1	Stromal	3
GCGGTGTGTGCCCGAT-1	Stromal	3
GCGGTGTGTGCGTAGA-1	B	7
GCGGTGTTCCCGAAGC-1	NK	18
GCGGTGTTCGAGAACG-1	Stromal	5
GCGTAGCAGCGTTAGG-1	Stromal	15
GCGTAGCAGGGTTCTT-1	DC	13
GCGTAGCCAACGGACA-1	NK	9
GCGTAGCCAAGGTCGA-1	Stromal	16
GCGTAGCCACAAACAA-1	NK	18
GCGTAGCCACTAAACC-1	Epithelial	12
GCGTAGCCATCGAGTT-1	Stromal	11
GCGTAGCGTCCGCTTT-1	Stromal	6
GCGTAGCTCCATGTTT-1	Stromal	6
GCGTAGCTCGAACCGC-1	Stromal	3
GCGTAGCTCGAGGTAG-1	Stromal	10
GCGTAGCTCTGATCTT-1	Stromal	10
GCGTAGCTCTTAATCC-1	NK	1
GCGTTGGAGACACGGT-1	Stromal	3
GCGTTGGAGCCCATTA-1	Stromal	5
GCGTTGGAGGGACGTT-1	NK	9
GCGTTGGCAAGTCCTA-1	Stromal	16
GCGTTGGCACCGTCTT-1	Stromal	10
GCGTTGGCACGAACGA-1	Stromal	3
GCGTTGGCAGCAGGTA-1	NK	19
GCGTTGGCATCCATAG-1	NK	14
GCGTTGGCATGGCCCA-1	NK	18
GCGTTGGGTCCCTTTG-1	Stromal	0
GCGTTGGGTGATTCCA-1	B	7
GCGTTGGGTTCTACGA-1	NK	1
GCGTTGGTCACCGCGA-1	Stromal	2
GCGTTGGTCCAGTTAG-1	B	7
GCGTTGGTCCTCCATG-1	Stromal	15
GCGTTGGTCGCATAAC-1	NK	8
GCGTTGGTCTATCTTG-1	NK	19
GCTCACTAGAGTCCGA-1	Stromal	0
GCTCACTAGGCCAGTA-1	NK	18
GCTCACTCAGGCTACC-1	Stromal	10
GCTCACTCATATACGC-1	NK	8
GCTCACTCATCACAGT-1	Stromal	6
GCTCACTCATTTGGTG-1	NK	14
GCTCACTGTGCACTTA-1	Stromal	16
GCTCACTGTTGGCGAA-1	B	7
GCTCACTTCCGATTGA-1	Stromal	10
GCTCACTTCGATGTAC-1	Stromal	11
GCTCACTTCGCTACCT-1	Stromal	5
GCTCACTTCGGTCGAC-1	NK	1
GCTCACTTCTGACTTT-1	T	17
GCTCAGGAGAAGGGCG-1	Stromal	11
GCTCAGGAGCGAATAT-1	Stromal	3
GCTCAGGAGTCAGGAC-1	NK	1
GCTCAGGCAGCACATT-1	NK	19
GCTCAGGCAGTCAGCC-1	Stromal	6
GCTCAGGTCAACTTGG-1	NK	18
GCTCAGGTCCAACGCG-1	Stromal	11
GCTCAGGTCGAGAAGC-1	NK	18
GCTCAGGTCGGTGATT-1	NK	18
GCTCAGGTCGTTCAGA-1	NK	14
GCTCCTAAGAAATGGG-1	Stromal	6
GCTCCTAAGACCAATA-1	Stromal	6
GCTCCTAAGCGCCTAC-1	Stromal	2
GCTCCTACACAGATGG-1	Stromal	0
GCTCCTACACCGATCG-1	NK	18
GCTCCTACATGCGTTA-1	Stromal	0
GCTCCTAGTGCACCCA-1	NK	18
GCTCCTAGTTCCCTTG-1	Epithelial	12
GCTCCTAGTTTCCTAT-1	Stromal	10
GCTCCTATCACAAGCT-1	Stromal	11
GCTCCTATCACTAGGT-1	NK	19
GCTCGAGAGAAATACC-1	DC	13
GCTCGAGAGAGAACCC-1	NK	9
GCTCGAGAGCAGAATT-1	NK	18
GCTCGAGCACACATTG-1	DC	13
GCTCGAGCATAGCCGC-1	Stromal	11
GCTCGAGGTATATGGA-1	NK	19
GCTCGAGGTGAATGTA-1	NK	9
GCTCGAGGTGAGGGTT-1	Stromal	5
GCTCGAGGTTATAGAG-1	DC	13
GCTCGAGTCAGGGTTT-1	NK	18
GCTCGAGTCCAGGTAT-1	Stromal	3
GCTGAGCAGAGCAGCT-1	NK	1
GCTGAGCCAAGCCAGA-1	Stromal	15
GCTGAGCCAATGAAAC-1	B	7
GCTGAGCCACATAAAG-1	Stromal	6
GCTGAGCCACCGTTGG-1	NK	1
GCTGAGCCAGGAGCAT-1	Stromal	3
GCTGAGCCATTGATGC-1	Stromal	15
GCTGAGCGTATCTGCA-1	NK	19
GCTGAGCGTCAGACGA-1	Stromal	6
GCTGAGCGTCCGTGCA-1	NK	1
GCTGAGCGTGCATTGT-1	Stromal	16
GCTGAGCGTTGGCGAA-1	NK	14
GCTGCGAAGACTCGGA-1	NK	18
GCTGCGAGTCATAGCT-1	Stromal	3
GCTGCGATCACCCTTG-1	Stromal	16
GCTGCGATCAGAGTGG-1	Stromal	10
GCTGCGATCAGTGGTT-1	Stromal	10
GCTGCGATCCACACCT-1	Stromal	10
GCTGCGATCCCGAAGC-1	NK	19
GCTGCGATCTGTCGGG-1	NK	18
GCTGCGATCTTGTCGC-1	Stromal	5
GCTGTTCAGCGCAATG-1	NK	4
GCTGTTCAGTACCTCA-1	Stromal	15
GCTGTTCCACGCTAAT-1	DC	13
GCTGTTCCAGCACATT-1	Stromal	11
GCTGTTCGTAAGCCGA-1	Stromal	16
GCTGTTCGTCGTAGTT-1	Stromal	11
GCTGTTCGTCTTAGCA-1	Stromal	6
GCTGTTCTCTAGCAAC-1	Stromal	0
GCTGTTCTCTTACGGA-1	Stromal	6
GCTTAAGAGAAACGCC-1	Epithelial	12
GCTTAAGAGGGCTCTC-1	Stromal	6
GCTTAAGAGTAACACA-1	Stromal	6
GCTTAAGAGTTAGAGT-1	Stromal	16
GCTTAAGCAAGGAGGG-1	B	7
GCTTAAGCAGCGTCGT-1	Stromal	6
GCTTAAGCAGCGTGAA-1	NK	1
GCTTAAGGTGCTTTGA-1	NK	8
GCTTAAGGTGGTAGAC-1	NK	1
GCTTAAGGTTTGCCAA-1	NK	14
GCTTAAGTCCATAGGT-1	NK	14
GCTTAAGTCGGTACTA-1	Stromal	11
GCTTAAGTCGTAGCGC-1	Stromal	2
GCTTAAGTCGTTACAG-1	Stromal	10
GCTTGCTAGACTAGCG-1	Stromal	2
GCTTGCTAGTATGCTC-1	NK	1
GCTTGCTAGTTCAAGA-1	Stromal	6
GCTTGCTCAATGCATC-1	Stromal	15
GCTTGCTCACAACGGA-1	NK	14
GCTTGCTGTACAACGG-1	Stromal	15
GCTTGCTGTATTGTCG-1	NK	18
GCTTGCTGTGATTCCA-1	Stromal	10
GCTTGCTTCGAGGTAG-1	Epithelial	12
GCTTGCTTCTCGTGAA-1	Stromal	16
GCTTTCGAGAGGTCCA-1	Stromal	15
GCTTTCGAGGGTTCTT-1	NK	4
GCTTTCGAGTACAGAT-1	NK	1
GCTTTCGAGTGTCCCG-1	Stromal	15
GCTTTCGCAAGTGGCA-1	NK	1
GCTTTCGCACGTTGTA-1	NK	14
GCTTTCGGTAATGCAA-1	Stromal	0
GCTTTCGGTCAATACC-1	NK	1
GCTTTCGGTCAGACGA-1	Stromal	2
GCTTTCGGTCCAAGAG-1	NK	1
GCTTTCGGTGGACTGA-1	Stromal	0
GCTTTCGGTTCGGGAA-1	NK	14
GCTTTCGTCACTGATG-1	Stromal	10
GCTTTCGTCAGATACC-1	Stromal	10
GCTTTCGTCATGTTCT-1	B	7
GCTTTCGTCGGTTAGT-1	Stromal	16
GCTTTCGTCTAGCAGT-1	NK	19
GCTTTCGTCTCATCCG-1	Stromal	16
GCTTTCGTCTTACTCA-1	NK	1
GGAACCCAGGTGAACC-1	B	7
GGAACCCAGTCCAGAG-1	NK	18
GGAACCCCACATCATG-1	NK	8
GGAACCCCATCCATAG-1	Stromal	0
GGAACCCGTAGAACGC-1	Stromal	0
GGAACCCGTAGACACG-1	Stromal	6
GGAACCCGTGCTTACA-1	Stromal	0
GGAACCCGTGGTACTT-1	Stromal	0
GGAACCCTCGCAAGCC-1	NK	14
GGAACTTAGAAGCCTG-1	Stromal	15
GGAACTTAGCCATTCA-1	Stromal	15
GGAACTTAGGCCTCTG-1	NK	8
GGAACTTAGTACTCTG-1	Stromal	11
GGAACTTAGTGAAGGA-1	NK	1
GGAACTTAGTTGGAAT-1	NK	1
GGAACTTCAAAGGCCA-1	NK	4
GGAACTTCAAGCCAGA-1	Stromal	10
GGAACTTCAAGGAAGA-1	Stromal	3
GGAACTTCACGTTACA-1	NK	18
GGAACTTGTCTGGGCT-1	NK	14
GGAACTTGTTACGAAA-1	NK	1
GGAACTTGTTTGAAGA-1	NK	1
GGAACTTTCAAGGCAG-1	NK	1
GGAACTTTCCATGTTT-1	B	7
GGAATCTAGGGTTCCC-1	Stromal	16
GGAATCTAGTCCTTCC-1	NK	1
GGAATCTAGTGCAACG-1	Stromal	0
GGAATCTCAATTGCCA-1	NK	18
GGAATCTCACGCGTTG-1	Stromal	0
GGAATCTCACTTGCGG-1	Stromal	5
GGAATCTCAGGAGCAT-1	Stromal	15
GGAATCTGTAACTGAA-1	Stromal	5
GGAATCTGTACGTATC-1	NK	19
GGAATCTGTCCGTAGC-1	Epithelial	12
GGAATCTTCCTTCGAC-1	Stromal	11
GGACACCAGGCAAGCT-1	Epithelial	12
GGACACCAGTGAAGGA-1	NK	1
GGACACCAGTTGCGCC-1	NK	18
GGACACCCAACCTCCT-1	Stromal	0
GGACACCCAATGCCAT-1	NK	4
GGACACCCACGCTAAT-1	Stromal	0
GGACACCCAGGTGGTA-1	T	17
GGACACCGTACGTATC-1	DC	13
GGACACCGTAGATTAG-1	Stromal	6
GGACACCTCAGAATGA-1	Stromal	16
GGAGAACAGGGTCCCT-1	NK	1
GGAGAACCACAAGGGT-1	Stromal	3
GGAGAACCACGTGAAG-1	NK	9
GGAGAACCAGATAAGT-1	Stromal	16
GGAGAACGTATATGGA-1	Stromal	10
GGAGAACGTATTTGCG-1	NK	18
GGAGAACGTTTGACCA-1	Epithelial	12
GGAGAACTCCAACCTC-1	NK	18
GGAGAACTCCTCCATG-1	Stromal	5
GGAGAACTCGCACCGA-1	NK	19
GGAGAACTCGTCCCTA-1	Stromal	10
GGAGAACTCTGGAAGG-1	Stromal	3
GGAGGATAGCCTGTAT-1	DC	13
GGAGGATAGCGCACAA-1	Stromal	15
GGAGGATAGGTAAGCC-1	DC	13
GGAGGATAGTGTCGGA-1	Stromal	2
GGAGGATCAACACGGA-1	Stromal	0
GGAGGATCAATCAGGG-1	NK	8
GGAGGATCACAGGTAG-1	NK	19
GGAGGATGTATGTCCA-1	NK	19
GGAGGATGTCATGAGG-1	NK	18
GGAGGATGTTTCAGCA-1	NK	18
GGAGGATTCGCACAAT-1	NK	1
GGAGGATTCGTCTTAT-1	NK	4
GGAGTAGAGCTAGTTC-1	NK	8
GGAGTAGAGGAGTCTG-1	NK	18
GGAGTAGAGGCTCAGA-1	Stromal	2
GGAGTAGAGTATAGTG-1	Stromal	10
GGAGTAGAGTTGGAAT-1	Stromal	6
GGAGTAGCATTTGGTG-1	DC	13
GGAGTAGGTCTGGGCT-1	Stromal	5
GGAGTAGGTGTTGTTG-1	NK	19
GGAGTAGGTTCCCTTG-1	Stromal	10
GGAGTAGTCCTGTGGG-1	NK	18
GGAGTAGTCGGTCTAA-1	NK	1
GGATAGGAGAGCAGCT-1	Stromal	0
GGATAGGAGCGAATAT-1	DC	13
GGATAGGAGGAGAACA-1	Stromal	11
GGATAGGAGGCGTAGT-1	NK	4
GGATAGGAGTATAGTG-1	Stromal	15
GGATAGGCAAGCGGTA-1	NK	1
GGATAGGCAAGGAAGA-1	Stromal	11
GGATAGGCAATCAGGG-1	NK	14
GGATAGGCACACACAT-1	NK	19
GGATAGGCACCGAATT-1	NK	4
GGATAGGGTACGCAAG-1	Stromal	10
GGATAGGGTGAATGGC-1	T	17
GGATAGGGTTCAGTAC-1	Stromal	6
GGATAGGTCACTCGGG-1	Stromal	16
GGATAGGTCCCAATAG-1	Stromal	5
GGATAGGTCCCACTTG-1	NK	18
GGATAGGTCCTTTGCG-1	Stromal	0
GGATAGGTCGTCTAGA-1	T	17
GGATAGGTCTACATCT-1	Stromal	10
GGATAGGTCTCTGAGA-1	Stromal	0
GGATGAGAGACACAAT-1	Stromal	0
GGATGAGAGTACGACG-1	Stromal	11
GGATGAGAGTTGGAAT-1	NK	14
GGATGAGCAAGACACG-1	Stromal	0
GGATGAGCAAGCGGTA-1	Stromal	0
GGATGAGCACGTTGTA-1	Stromal	10
GGATGAGCAGAACAGC-1	Stromal	2
GGATGAGCATTTCTTG-1	Epithelial	12
GGATGAGGTGATCAGG-1	NK	1
GGATGAGGTGCTAGTT-1	Stromal	5
GGATGAGGTGGGTAGT-1	Stromal	15
GGATGAGTCACTGGTA-1	Stromal	0
GGATGAGTCTCTGAGA-1	NK	1
GGCACGTAGAACTCCT-1	Stromal	11
GGCACGTAGACTAGGC-1	Stromal	6
GGCACGTAGTATGGGC-1	Stromal	2
GGCACGTAGTCTCCAA-1	NK	19
GGCACGTCAAACCGAG-1	Stromal	0
GGCACGTCAAACGTTC-1	NK	9
GGCACGTCACACATTG-1	Stromal	5
GGCACGTCAGCAGGTA-1	NK	14
GGCACGTTCCCAATAG-1	Stromal	5
GGCATTAAGAGCCTGA-1	Stromal	6
GGCATTAAGATATGAC-1	T	17
GGCATTAAGCCCATTA-1	NK	18
GGCATTACACCCTTTG-1	Stromal	16
GGCATTACACGGTTAT-1	NK	19
GGCATTACAGGGTACA-1	NK	1
GGCATTAGTCAAGACG-1	NK	1
GGCATTAGTGCTTTGA-1	NK	14
GGCATTAGTTTCCGGG-1	Epithelial	12
GGCATTATCCAACCTC-1	NK	9
GGCATTATCCATTGTT-1	NK	14
GGCATTATCCTGACCT-1	Stromal	3
GGCATTATCGACCCGA-1	NK	1
GGCGAAAAGGTTAACA-1	T	17
GGCGAAACAGATTAAG-1	Stromal	0
GGCGAAAGTGAGTAAT-1	NK	18
GGCGTTGAGGCCAATG-1	Stromal	5
GGCGTTGAGGTACACG-1	T	17
GGCGTTGAGTACAGTA-1	Stromal	6
GGCGTTGAGTACGACG-1	NK	1
GGCGTTGCACGCTAAT-1	NK	14
GGCGTTGCAGGCATTT-1	Stromal	3
GGCGTTGGTAACGTAA-1	NK	14
GGCGTTGGTCAAGACG-1	Stromal	6
GGCGTTGGTGATAACA-1	Epithelial	12
GGCGTTGGTGCATTCA-1	NK	1
GGCGTTGGTGGGTAGT-1	NK	8
GGCGTTGTCATTCGGA-1	B	7
GGGAACAAGTCGTGAG-1	Stromal	5
GGGAACACAAGTTGCT-1	Stromal	3
GGGAACACACAGGTAG-1	NK	8
GGGAACAGTGCTAGTT-1	NK	18
GGGAACAGTGCTTCCT-1	T	17
GGGAACATCATCGCAA-1	Stromal	11
GGGAACATCCCATAGA-1	Stromal	0
GGGAACATCCGGGCAT-1	NK	18
GGGAACATCGATAGGG-1	Stromal	5
GGGACCTAGGACCGAT-1	Stromal	2
GGGACCTAGTTGACAA-1	Stromal	0
GGGACCTCATTGCCTC-1	NK	1
GGGACCTCATTTGGTG-1	NK	18
GGGACCTGTCTGCACG-1	NK	4
GGGACCTGTGCACCCA-1	NK	1
GGGACCTGTTACTACG-1	NK	19
GGGACCTGTTTGTCTT-1	NK	4
GGGACCTTCACAACAC-1	Stromal	3
GGGACCTTCGCACAAT-1	Stromal	5
GGGACCTTCGGGTCCA-1	Stromal	2
GGGACCTTCTTGCGCT-1	T	17
GGGCCATAGATATGTG-1	NK	18
GGGCCATAGGGTATCG-1	NK	14
GGGCCATAGGGTTCCC-1	NK	19
GGGCCATAGTCTAGAA-1	NK	19
GGGCCATAGTGAATAC-1	NK	19
GGGCCATCAACGTAGG-1	DC	13
GGGCCATCAAGACACG-1	Stromal	6
GGGCCATCAGGGAGTT-1	Stromal	0
GGGCCATGTATCTCAG-1	NK	19
GGGCCATGTTTCCTAT-1	Stromal	2
GGGCCATTCAGGAAGC-1	NK	18
GGGCCATTCCTCCAGT-1	NK	8
GGGCCATTCGCAAGCC-1	NK	18
GGGCCATTCGTCTTAT-1	Stromal	0
GGGCCATTCTCGTAGA-1	NK	19
GGGTCTGAGAACTCCT-1	Stromal	0
GGGTCTGAGGAGTAGA-1	Stromal	16
GGGTCTGCAAATAGTG-1	Stromal	5
GGGTCTGCAATGAAAC-1	Stromal	16
GGGTCTGCATTATGGC-1	NK	4
GGGTCTGGTCATAAGA-1	T	17
GGGTCTGGTGGCCTCA-1	Stromal	0
GGGTCTGGTTTGATCG-1	NK	9
GGGTCTGTCCACGAGC-1	Stromal	15
GGGTCTGTCCATGACA-1	Stromal	2
GGGTCTGTCTTCTTCC-1	Stromal	5
GGGTGTCAGTACCCAT-1	Stromal	0
GGGTGTCAGTATCTGC-1	Stromal	0
GGGTGTCAGTTCGCGC-1	Stromal	0
GGGTGTCCAACGTCGC-1	NK	14
GGGTGTCCAGGCATTT-1	Stromal	11
GGGTGTCCATTGCGAT-1	Stromal	6
GGGTGTCGTAAGTCTC-1	Stromal	0
GGGTGTCGTCGAGGAT-1	NK	1
GGGTGTCTCAGGAATA-1	NK	18
GGGTGTCTCTCGGCGA-1	B	7
GGGTTATAGAAATACC-1	NK	18
GGGTTATAGACGACTG-1	Stromal	0
GGGTTATAGCAATAAC-1	T	17
GGGTTATAGCGGACTA-1	NK	1
GGGTTATCAATCACTG-1	NK	18
GGGTTATCAATTCGTG-1	NK	18
GGGTTATCAATTCTCT-1	Stromal	3
GGGTTATCATGGGACA-1	NK	4
GGGTTATGTATGTCCA-1	Stromal	0
GGGTTATGTGGCCTTG-1	NK	19
GGGTTATGTTACGAAA-1	Stromal	10
GGGTTATGTTTCGTTT-1	Stromal	6
GGGTTATTCATTCGGA-1	NK	1
GGGTTATTCTAGCTGA-1	Stromal	11
GGGTTATTCTGGGCGT-1	NK	18
GGTACCGAGCAATGTA-1	NK	18
GGTACCGCAAACCGAG-1	Stromal	6
GGTACCGCAAAGGCCA-1	NK	14
GGTACCGCATAGTCCA-1	Stromal	0
GGTACCGCATGTAGAA-1	Stromal	15
GGTACCGGTACTATGC-1	Stromal	10
GGTACCGGTCCGTAGC-1	NK	19
GGTACCGGTGATAAGT-1	NK	18
GGTACCGTCATTCATC-1	Stromal	6
GGTACCGTCGCACAAT-1	Stromal	10
GGTAGGAAGAACTCCT-1	Stromal	3
GGTAGGAAGACCCATT-1	Stromal	0
GGTAGGAAGGAGTAGA-1	Stromal	5
GGTAGGAAGGCTTTAC-1	Stromal	3
GGTAGGACACAGATGG-1	Stromal	0
GGTAGGACAGTTACAC-1	T	17
GGTAGGACATCACAAC-1	NK	18
GGTAGGACATTACTCT-1	Stromal	11
GGTAGGAGTAAGTCTC-1	NK	18
GGTAGGAGTACGCCCA-1	NK	18
GGTAGGAGTCAACTAC-1	Stromal	2
GGTAGGAGTGTGCTTA-1	NK	1
GGTAGGATCGGACGAA-1	NK	4
GGTAGGATCGTGAGTT-1	B	7
GGTCATAAGGCCTAAG-1	Stromal	10
GGTCATAAGGGAAGCG-1	T	17
GGTCATAAGGGTAATT-1	Stromal	0
GGTCATAAGTTCGACT-1	Stromal	3
GGTCATACAAACGACG-1	NK	1
GGTCATACAAGCCAGA-1	T	17
GGTCATACAAGGTTCT-1	Stromal	11
GGTCATACAGGTAGCA-1	Stromal	5
GGTCATACAGGTAGGT-1	NK	18
GGTCATACAGGTGTCC-1	Stromal	3
GGTCATACATAGACGG-1	Stromal	0
GGTCATACATGCCTTC-1	Stromal	6
GGTCATAGTACGCCCA-1	Stromal	3
GGTCATAGTAGCGAGT-1	NK	1
GGTCATATCATCGCCT-1	NK	14
GGTCATATCCATATCT-1	NK	4
GGTCATATCGCTATAG-1	Stromal	3
GGTCATATCGTCTTAT-1	Stromal	6
GGTCATATCTCTGAGA-1	Stromal	5
GGTGAAGAGAACGACC-1	NK	1
GGTGAAGAGAGGTGGG-1	Stromal	11
GGTGAAGAGCTGCCAC-1	T	17
GGTGAAGCAAACAGTA-1	NK	18
GGTGAAGCAAAGAAGG-1	T	17
GGTGAAGCAAGTTCGT-1	NK	18
GGTGAAGCATCGGCCA-1	Stromal	10
GGTGAAGGTGATGCTT-1	NK	1
GGTGAAGGTGCACTTA-1	Stromal	15
GGTGAAGTCGTAGCGC-1	NK	18
GGTGAAGTCTGGAAGG-1	Stromal	6
GGTGCTGAGACAGCTG-1	NK	4
GGTGCTGCAACTACTG-1	NK	14
GGTGCTGCACTGCTCT-1	NK	1
GGTGCTGCAGTTGGAG-1	Stromal	6
GGTGCTGGTATGGTTC-1	Stromal	2
GGTGCTGGTCGAGGAT-1	Stromal	0
GGTGCTGGTGCAAGCA-1	Epithelial	12
GGTGCTGGTTACGAAA-1	Stromal	0
GGTGCTGGTTCCGGCA-1	Stromal	5
GGTGCTGTCAAGTTGC-1	Stromal	3
GGTGCTGTCCGGGCAT-1	Stromal	2
GGTGCTGTCGTGCTGG-1	NK	1
GGTGTCGAGATATGTG-1	Stromal	10
GGTGTCGAGGCGTAGT-1	Stromal	2
GGTGTCGAGGGAAGCG-1	NK	19
GGTGTCGAGGTAGGCT-1	Stromal	3
GGTGTCGAGGTCGGTA-1	Stromal	5
GGTGTCGAGTCTAGAA-1	Epithelial	12
GGTGTCGAGTCTTAGC-1	Stromal	5
GGTGTCGCAAGTCCTA-1	NK	1
GGTGTCGCACAAACAA-1	Stromal	6
GGTGTCGCACACATTG-1	NK	14
GGTGTCGCACTCGGAC-1	Stromal	5
GGTGTCGCAGCAAACG-1	Stromal	6
GGTGTCGCATTGATGC-1	NK	19
GGTGTCGGTCTAAAGA-1	Stromal	2
GGTGTCGGTCTGCGCA-1	Stromal	6
GGTGTCGGTTGGGAAC-1	NK	8
GGTGTCGGTTTCAGCA-1	Stromal	16
GGTGTCGTCCCACTAC-1	NK	19
GGTGTCGTCTATATCC-1	Epithelial	12
GGTTGCGAGGAATGGA-1	T	17
GGTTGCGAGGAGACTC-1	Stromal	10
GGTTGCGAGTAGTCGG-1	NK	9
GGTTGCGCATCACAGT-1	Stromal	0
GGTTGCGGTCAACAGG-1	Stromal	2
GGTTGCGGTTCCCAAA-1	Stromal	15
GGTTGCGTCCACGAGC-1	Stromal	5
GGTTGCGTCCCACGGA-1	Stromal	6
GGTTGCGTCGATGCAT-1	Stromal	10
GGTTGCGTCGCATAAC-1	Stromal	0
GGTTGCGTCTTCCAGC-1	Stromal	16
GTAATCGAGAGAATTC-1	NK	14
GTAATCGCAACGGACA-1	Stromal	3
GTAATCGGTCATAGAA-1	NK	19
GTAATCGGTGGAAGCT-1	Stromal	3
GTAATCGGTGGCATAG-1	T	17
GTAATCGGTGTCGTGC-1	NK	18
GTAATCGGTTTGCCAA-1	NK	4
GTAATCGTCCGGACTG-1	NK	19
GTAATCGTCCTGGGAC-1	Stromal	15
GTAATCGTCGCAGATT-1	Stromal	15
GTACTTTAGAAAGGGT-1	NK	14
GTACTTTAGCCGCTGT-1	Stromal	0
GTACTTTAGGATTAAC-1	B	7
GTACTTTAGTGTCGCC-1	Epithelial	12
GTACTTTCACGCGACT-1	NK	14
GTACTTTCACTCAGCG-1	Stromal	10
GTACTTTCACTTATGG-1	NK	1
GTACTTTGTAGACGCA-1	NK	19
GTACTTTTCCATTGAG-1	NK	1
GTACTTTTCGAACACT-1	NK	19
GTACTTTTCGCTTGAA-1	NK	8
GTACTTTTCTGTCGGG-1	NK	19
GTAGACTAGAACTAAC-1	B	7
GTAGACTAGATAGGTT-1	NK	19
GTAGACTAGTTGGAAT-1	Stromal	15
GTAGACTCATGGCCCA-1	DC	13
GTAGACTGTATTCGAC-1	Epithelial	12
GTAGACTGTGAGGGTT-1	Stromal	0
GTAGACTGTTGCTTGA-1	Stromal	2
GTAGACTTCAGCCGGT-1	NK	18
GTAGACTTCCGTTTCG-1	NK	1
GTAGACTTCTCCACTG-1	Stromal	2
GTAGGAGAGAACGTTA-1	NK	14
GTAGGAGAGAAGCCGT-1	NK	14
GTAGGAGAGCGATACG-1	Stromal	16
GTAGGAGAGCTCGGCT-1	NK	18
GTAGGAGAGGCTCCTG-1	NK	1
GTAGGAGCAAGGACCA-1	DC	13
GTAGGAGCATCCCGGA-1	Stromal	5
GTAGGAGGTATCTCAG-1	B	7
GTAGGAGGTGAGGGTT-1	NK	8
GTAGGAGGTGAGGTCA-1	Stromal	10
GTAGGAGTCCAACGCG-1	Stromal	16
GTAGGAGTCCTGTAGA-1	Stromal	0
GTAGGAGTCGATAGGG-1	Stromal	6
GTAGGAGTCTCGTAGA-1	Stromal	0
GTAGGAGTCTTCAGAG-1	T	17
GTAGTACAGAATCAAC-1	NK	8
GTAGTACAGACAACGC-1	NK	14
GTAGTACAGTCGCCTG-1	NK	19
GTAGTACCAAGTTGCT-1	Stromal	11
GTAGTACCAATACTGC-1	NK	1
GTAGTACCAGTTGCAT-1	Stromal	6
GTAGTACCATAAAGTG-1	NK	14
GTAGTACGTCAGTGTT-1	NK	14
GTAGTACGTTGTGAGG-1	NK	18
GTAGTACTCAAGAGAT-1	Stromal	6
GTAGTACTCCGAATTG-1	Stromal	0
GTAGTACTCTGAGTCA-1	Stromal	2
GTCACAACAAAGACGC-1	Stromal	2
GTCACAACACCGAAAG-1	T	17
GTCACAACACGGTTAT-1	Stromal	5
GTCACAACAGTAAGAT-1	Stromal	2
GTCACAAGTAGAACGC-1	NK	18
GTCACAAGTCAACAGG-1	NK	14
GTCACAATCACCGCGA-1	Stromal	15
GTCACAATCCGTTAGA-1	Stromal	0
GTCACAATCGCCTTAC-1	NK	18
GTCACAATCTCTTAAC-1	Stromal	3
GTCACAATCTGGAAGG-1	NK	19
GTCACCTAGCAACGGT-1	NK	19
GTCACCTAGTCTAGAA-1	Stromal	0
GTCACCTAGTTAGAGT-1	NK	8
GTCACCTCACGATTAC-1	NK	1
GTCACCTCACTGATTG-1	Stromal	5
GTCACCTCAGGCAAGT-1	Stromal	15
GTCACCTCATTAGCAC-1	Stromal	0
GTCACCTGTACGCAAG-1	Stromal	2
GTCACCTGTTTCTCTA-1	Stromal	5
GTCACCTTCAAACCAC-1	Stromal	6
GTCACCTTCGCGGCAT-1	NK	18
GTCACCTTCGGTCTCT-1	NK	19
GTCACCTTCTACTGCC-1	Stromal	16
GTCACCTTCTGGAAGG-1	Stromal	11
GTCACGGAGCTGCTCG-1	NK	19
GTCACGGAGTACAACA-1	Epithelial	12
GTCACGGAGTGTCGGA-1	Stromal	16
GTCACGGAGTTCAGGG-1	NK	18
GTCACGGCACTCCCAT-1	Epithelial	12
GTCACGGCATGGCCTG-1	NK	14
GTCACGGCATTGTGAC-1	Stromal	0
GTCACGGTCATGCTTT-1	NK	18
GTCACGGTCCAAGTCA-1	NK	18
GTCACGGTCCCAGTAA-1	Stromal	0
GTCACGGTCGAGTTAC-1	Stromal	10
GTCACTCAGACGTCAG-1	NK	18
GTCACTCAGCTTCAAC-1	Stromal	0
GTCACTCCAAGTAATG-1	NK	14
GTCACTCCATGTAGAA-1	Stromal	6
GTCACTCTCAGGAAGC-1	NK	18
GTCACTCTCCTCCAGT-1	Epithelial	12
GTCACTCTCGCTACCT-1	Stromal	10
GTCACTCTCTGAACGT-1	Stromal	6
GTCACTCTCTGGAAGG-1	Stromal	2
GTCCATCAGGTACACG-1	Stromal	11
GTCCATCAGTGCAACG-1	Stromal	6
GTCCATCAGTTAGCGG-1	Stromal	5
GTCCATCCACTCGTGG-1	Stromal	16
GTCCATCCAGAATGCG-1	NK	14
GTCCATCCATTGATGC-1	DC	13
GTCCATCGTAAAGCTA-1	Stromal	0
GTCCATCGTAACGGAC-1	Stromal	0
GTCCATCGTAGGTAAT-1	DC	13
GTCCATCGTGGTCGAA-1	NK	18
GTCCATCGTGTACGCC-1	Stromal	0
GTCCATCGTTAGTAGA-1	NK	4
GTCCATCGTTCTGATG-1	T	17
GTCCATCTCCCAGCAG-1	T	17
GTCCATCTCGTCTAGA-1	Stromal	0
GTCGTAAAGACGTCAG-1	NK	4
GTCGTAAAGCAGAGCT-1	Stromal	0
GTCGTAAAGGCAGATC-1	Epithelial	12
GTCGTAAAGTACGACG-1	NK	14
GTCGTAAAGTCACACT-1	Stromal	16
GTCGTAACACTGATAC-1	Epithelial	12
GTCGTAACAGCAAACG-1	NK	9
GTCGTAAGTAAACGAT-1	NK	19
GTCGTAAGTAACGGCA-1	Stromal	0
GTCGTAAGTGCACCCA-1	Stromal	5
GTCGTAAGTGGACTGA-1	NK	18
GTCGTAATCCTTTGAT-1	Stromal	16
GTCGTAATCTGAGTAC-1	NK	18
GTCTACCAGACACGGT-1	Stromal	0
GTCTACCAGCTATCGT-1	NK	18
GTCTACCAGTATAGTG-1	NK	1
GTCTACCGTCCATTGA-1	NK	1
GTCTACCTCATCGCAA-1	Stromal	5
GTCTACCTCCTATCCG-1	NK	9
GTCTACCTCGAGAAGC-1	NK	1
GTCTACCTCGCATAAC-1	Stromal	2
GTGACATAGCGTCAAG-1	NK	1
GTGACATAGGAGTACC-1	Epithelial	12
GTGACATAGTCGCCTG-1	NK	1
GTGACATCAGCGTGAA-1	Stromal	16
GTGACATCATCACAAC-1	Stromal	16
GTGACATCATGTATCG-1	Stromal	0
GTGACATGTATTGTCG-1	T	17
GTGACATGTCCACCAG-1	NK	8
GTGACATGTGGCCTTG-1	T	17
GTGACATGTGGCGCTT-1	T	17
GTGACATTCAGGATCT-1	NK	19
GTGACATTCGGTGATT-1	NK	18
GTGACATTCTGAAAGA-1	NK	1
GTGATCAAGCGAGAAA-1	NK	19
GTGATCAAGCTTCAAC-1	Stromal	16
GTGATCAAGGCCAGTA-1	NK	19
GTGATCAAGGGAAATG-1	Epithelial	12
GTGATCAAGTAGTGTA-1	Stromal	0
GTGATCAAGTTACACC-1	Stromal	10
GTGATCACAACCTCCT-1	Stromal	10
GTGATCACAACGGGTA-1	NK	14
GTGATCACAAGCCCTG-1	Stromal	6
GTGATCACACTCGTGG-1	Stromal	5
GTGATCACATGCTATG-1	Stromal	0
GTGATCAGTACGCAAG-1	Stromal	5
GTGATCAGTGAGTAAT-1	Stromal	11
GTGATCAGTTGGCGAA-1	NK	14
GTGATCATCAGGATCT-1	Stromal	5
GTGATCATCTTGCGCT-1	NK	14
GTGCACGAGACCATAA-1	T	17
GTGCACGAGCGATACG-1	NK	19
GTGCACGAGGTCTTGT-1	Stromal	10
GTGCACGCACTCCACT-1	Stromal	6
GTGCACGCACTGTCAA-1	NK	19
GTGCACGGTACCTATG-1	NK	19
GTGCACGGTATGCTAC-1	Stromal	2
GTGCACGGTGATGCTT-1	Stromal	15
GTGCACGGTGCTTGAT-1	NK	18
GTGCACGGTTGGACGA-1	DC	13
GTGCACGTCAAGAGGC-1	Stromal	3
GTGCACGTCCATAACG-1	NK	19
GTGCACGTCCTTTGAT-1	NK	1
GTGCACGTCGAACACT-1	NK	9
GTGCCAGAGGTCGTTT-1	Stromal	15
GTGCCAGAGTCGAGCA-1	Stromal	16
GTGCCAGAGTGAGCTG-1	B	7
GTGCCAGAGTTACCAC-1	NK	1
GTGCCAGCAACGACAG-1	Stromal	3
GTGCCAGTCACCCTTG-1	NK	18
GTGCCAGTCAGTTGAC-1	T	17
GTGCCAGTCGCAACTA-1	Stromal	5
GTGCCAGTCTCCACTG-1	Stromal	0
GTGCCAGTCTTAACGG-1	Stromal	0
GTGCTGGAGATGGGAA-1	NK	1
GTGCTGGAGTAGACCG-1	Stromal	11
GTGCTGGCAGCGCGTT-1	Stromal	5
GTGCTGGCATAGTCCA-1	NK	14
GTGCTGGCATCATAGC-1	NK	1
GTGCTGGGTACGCCCA-1	B	7
GTGCTGGGTGGTTCTA-1	NK	1
GTGCTGGGTTCCAATG-1	NK	14
GTGCTGGTCAATCGTG-1	Stromal	5
GTGCTGGTCAGAATGA-1	Stromal	0
GTGCTGGTCTATACCT-1	NK	14
GTGCTGGTCTATGAGC-1	Stromal	16
GTGGATTAGTGCTGAG-1	NK	1
GTGGATTCAAAGGAAG-1	Stromal	16
GTGGATTCAAATTGAG-1	NK	14
GTGGATTCAGACTAAA-1	NK	18
GTGGATTGTACGGAGT-1	NK	14
GTGGATTGTTCCCAAA-1	Stromal	16
GTGGATTTCAACGTGT-1	Stromal	10
GTGGCGTAGTGATATG-1	Stromal	0
GTGGCGTAGTTATGAG-1	NK	1
GTGGCGTCAAAGCTTC-1	Stromal	10
GTGGCGTCACAGATGG-1	NK	4
GTGGCGTCAGATTAAG-1	Epithelial	12
GTGGCGTCAGCTATAC-1	NK	14
GTGGCGTCATGCACTA-1	NK	14
GTGGCGTGTAGAAAGG-1	NK	1
GTGGCGTGTATCACAC-1	Stromal	5
GTGGCGTGTATCCCTC-1	NK	1
GTGGCGTGTATCGCGC-1	NK	1
GTGGCGTGTCTGGGAA-1	NK	1
GTGGCGTGTTGCAGAG-1	NK	9
GTGGCGTGTTTGAAGA-1	Stromal	0
GTGGCGTTCGTGGTAT-1	NK	1
GTGGCGTTCTTATCAC-1	NK	8
GTGTCAAAGACGCCCT-1	Stromal	2
GTGTCAAAGCAACGGT-1	NK	14
GTGTCAAAGGGTATCG-1	NK	19
GTGTCAACAACCTCCT-1	Stromal	16
GTGTCAACACCTGTGG-1	NK	1
GTGTCAACACTCCACT-1	Stromal	2
GTGTCAACAGATACAA-1	NK	18
GTGTCAACATGATCGT-1	Stromal	2
GTGTCAAGTACATGGG-1	Epithelial	12
GTGTCAAGTTCTGAGT-1	Stromal	10
GTGTCAAGTTGTCGGC-1	NK	9
GTGTCAATCACTCCCA-1	Stromal	0
GTGTCAATCCATCGAA-1	Stromal	3
GTGTCAATCCGGCTGA-1	Stromal	2
GTGTCAATCGACTATG-1	DC	13
GTGTCAATCGTGGTAT-1	NK	18
GTGTCAATCTTACCTA-1	Stromal	11
GTGTCCTAGAACTCCT-1	T	17
GTGTCCTAGTCGACCC-1	NK	1
GTGTCCTCAAGGGTAC-1	Stromal	15
GTGTCCTCACCTCGTT-1	NK	1
GTGTCCTCAGGATGTG-1	Stromal	3
GTGTCCTCATAGCCAT-1	Stromal	11
GTGTCCTGTGTCGTGC-1	NK	1
GTGTCCTGTTACGGAG-1	Stromal	3
GTGTCCTGTTTAGGAA-1	NK	1
GTGTCCTTCAAGAGGC-1	NK	9
GTGTCCTTCACGTGTA-1	NK	1
GTGTCCTTCCGTTTCG-1	Stromal	10
GTGTCCTTCCTAAAGC-1	Stromal	5
GTGTCCTTCGAGTTAC-1	NK	1
GTGTCCTTCTAAACGC-1	Stromal	0
GTGTGATAGAGAATTC-1	Stromal	16
GTGTGATAGCTCCATA-1	NK	4
GTGTGATAGTTGACAA-1	NK	19
GTGTGATCAGTAGTCT-1	NK	14
GTGTGATCATTGATGC-1	B	7
GTGTGATGTAACGGTG-1	NK	14
GTGTGATGTGAGGGTT-1	Stromal	5
GTGTGATGTTAGCTCA-1	NK	14
GTGTGATGTTTGCCCT-1	B	7
GTGTGATTCATGCTTT-1	Stromal	15
GTGTGATTCCCATAGA-1	NK	19
GTGTGATTCGATGTGT-1	Stromal	10
GTGTGATTCGCCTTAC-1	B	7
GTGTGATTCGGGATCC-1	NK	18
GTGTGATTCTAGCTGA-1	Stromal	3
GTGTGATTCTCGCGTT-1	Stromal	3
GTGTGATTCTTACGGA-1	NK	19
GTTACGAAGTACAGTA-1	B	7
GTTACGAAGTATGCTC-1	Stromal	10
GTTACGAAGTCAGGAC-1	NK	14
GTTACGACAATTGTGC-1	NK	18
GTTACGAGTAACCATC-1	Stromal	2
GTTACGAGTAAGGTCG-1	Stromal	5
GTTACGAGTACGCAAG-1	Stromal	16
GTTACGAGTGCGCTCA-1	NK	1
GTTACGAGTTAAGGGC-1	Stromal	3
GTTACGAGTTCTCGAA-1	Stromal	3
GTTACGATCAAAGTAG-1	NK	8
GTTACGATCATCATGG-1	Stromal	5
GTTACGATCCGTTAGA-1	Stromal	11
GTTACGATCGCTATTT-1	Stromal	15
GTTACGATCTTTGCAT-1	Stromal	5
GTTACTTAGGTAAGCC-1	Stromal	0
GTTACTTAGGTGTTGG-1	NK	14
GTTACTTCAGGCATCC-1	Stromal	6
GTTACTTCAGTTGCAT-1	Stromal	0
GTTACTTGTCCGTAGC-1	Stromal	3
GTTACTTGTTGGAGGT-1	Stromal	3
GTTACTTTCATCGCTC-1	Stromal	6
GTTATGGAGAAAGGGT-1	NK	1
GTTATGGAGAGGAAGT-1	NK	4
GTTATGGAGGATTAAC-1	NK	1
GTTATGGAGGGACGTT-1	NK	4
GTTATGGAGTTGCGCC-1	Stromal	15
GTTATGGCAAAGGCCA-1	Stromal	16
GTTATGGCAATGCACT-1	NK	4
GTTATGGCACAGCCAC-1	Stromal	16
GTTATGGGTGGCATAG-1	Stromal	15
GTTATGGGTTTCGATG-1	Stromal	0
GTTATGGTCGCATACA-1	NK	9
GTTATGGTCGCCGAAC-1	Stromal	5
GTTATGGTCGCGTTCT-1	Stromal	15
GTTATGGTCGCTTACC-1	Stromal	15
GTTATGGTCGGTCTCT-1	Stromal	16
GTTATGGTCGTCTTAT-1	T	17
GTTATTCAGACTTCCA-1	Stromal	5
GTTATTCAGAGTTTGA-1	Stromal	10
GTTATTCAGCATTGGG-1	Stromal	2
GTTATTCAGGCTTTAC-1	Stromal	3
GTTATTCAGGTAGGAA-1	Stromal	0
GTTATTCAGTCGAAAT-1	NK	18
GTTATTCCACATTGCA-1	NK	1
GTTATTCCACGCTCAG-1	B	7
GTTATTCGTAGTGATA-1	NK	1
GTTATTCTCCAGGTAT-1	Stromal	0
GTTATTCTCTAGTCGA-1	NK	1
GTTATTCTCTATCTAC-1	NK	1
GTTCAAGAGATGGGAA-1	NK	1
GTTCAAGAGCCTCGCA-1	Stromal	0
GTTCAAGAGGTGTTGG-1	B	7
GTTCAAGCAAAGAAGG-1	NK	1
GTTCAAGCAGTCAGAG-1	Stromal	6
GTTCAAGCATCGGCCA-1	NK	1
GTTCAAGGTTTCAGCA-1	NK	1
GTTCAAGTCGTATAGC-1	NK	14
GTTGGGCAGAGACTCG-1	NK	14
GTTGGGCAGATCCGAG-1	Stromal	11
GTTGGGCAGCGTAGCA-1	T	17
GTTGGGCAGTCTCGAT-1	Stromal	3
GTTGGGCCATTTCACT-1	Stromal	3
GTTGGGCGTGAATGGC-1	Stromal	2
GTTGGGCTCCAATCCC-1	Stromal	5
GTTGGGCTCCCAGTAA-1	NK	1
GTTGGGCTCGCACAAT-1	Stromal	3
GTTGGGCTCGCCTTAC-1	Stromal	11
GTTGGGCTCGGTCTCT-1	Stromal	6
GTTGGGCTCGTCCCAT-1	NK	1
GTTGGGCTCTAGCAGT-1	NK	4
GTTGGGCTCTTGTCGC-1	NK	14
GTTGGTAAGAACGTTA-1	Stromal	0
GTTGGTAAGGTAAGCC-1	NK	18
GTTGGTACAAGACTAA-1	NK	19
GTTGGTACACTCGTGG-1	NK	1
GTTGGTACAGCTGATT-1	Stromal	5
GTTGGTAGTACGGTTT-1	NK	4
GTTGGTATCTCGCGTT-1	T	17
TAAACCGAGAATGCTA-1	NK	1
TAAACCGAGGCAAGGG-1	NK	18
TAAACCGAGGCACCTC-1	NK	1
TAAACCGAGGGAAATG-1	Stromal	0
TAAACCGCAATGCCAT-1	T	17
TAAACCGGTTCAGAAA-1	NK	14
TAAACCGTCAGGAATA-1	Stromal	10
TAAACCGTCCAGTACA-1	NK	1
TAACAGCAGGAAGGTA-1	NK	14
TAACAGCAGGCTCAGA-1	NK	19
TAACAGCAGGCTTAAA-1	Stromal	0
TAACAGCCACATAAAG-1	NK	9
TAACAGCCATCCGTAA-1	Stromal	6
TAACAGCCATCGCTAA-1	Stromal	10
TAACAGCGTCTGGTTA-1	NK	18
TAACAGCTCAATTCCT-1	NK	18
TAACAGCTCCACCTAC-1	NK	18
TAACAGCTCCGGACTG-1	NK	14
TAACAGCTCGGACGAA-1	Stromal	16
TAACGGTAGGATGCCA-1	Stromal	0
TAACGGTCAAGGAAGA-1	Stromal	10
TAACGGTCAATAGTGA-1	Stromal	0
TAACGGTCACAACGGA-1	Stromal	2
TAACGGTCACGGCCAT-1	NK	14
TAACGGTCATCATGTG-1	NK	18
TAACGGTGTACGGATG-1	NK	1
TAACGGTGTCAAATCC-1	NK	1
TAACGGTGTGATCAGG-1	NK	14
TAACGGTGTTAGAGAT-1	Stromal	0
TAACGGTTCCTATCCG-1	Stromal	6
TAACGGTTCTTGGCCT-1	B	7
TAACTTCAGAAATCTG-1	NK	19
TAACTTCAGGACCGAT-1	Stromal	0
TAACTTCAGGTTCTCA-1	NK	9
TAACTTCAGTACCACT-1	Stromal	16
TAACTTCCAAAGCATA-1	Stromal	2
TAACTTCCAAGCAGGT-1	Stromal	0
TAACTTCCACAGGAAC-1	Stromal	5
TAACTTCCACTAGGAG-1	NK	19
TAACTTCGTAAAGCTA-1	Stromal	0
TAACTTCGTAAGCCGA-1	NK	14
TAACTTCGTGCCCGAT-1	Epithelial	12
TAACTTCGTTTCTTAC-1	Stromal	10
TAACTTCTCCAATCCC-1	Stromal	6
TAACTTCTCGATAGGG-1	NK	19
TAACTTCTCGCACAAT-1	Stromal	3
TAACTTCTCGGTTAGT-1	DC	13
TAACTTCTCGTGGCGT-1	Stromal	3
TAACTTCTCGTTCAGA-1	Epithelial	12
TAACTTCTCTCATATC-1	Stromal	5
TAAGCCAAGAGACTCG-1	Stromal	0
TAAGCCAAGCAGAGCT-1	Stromal	16
TAAGCCACAAGTTCGT-1	NK	19
TAAGCCACACCACCAG-1	NK	4
TAAGCCACACCTACCT-1	Stromal	0
TAAGCCACACCTGGTG-1	NK	14
TAAGCCAGTATGGTTC-1	Epithelial	12
TAAGCCAGTTGGCTAT-1	Stromal	5
TAAGCCATCATTCTTG-1	NK	8
TAAGCCATCCGTGCGA-1	Epithelial	12
TAAGCCATCGTGAGTT-1	NK	14
TAAGCCATCTGGACAT-1	NK	1
TAAGTGCAGAAAGCAG-1	Stromal	10
TAAGTGCAGAAGACTT-1	Stromal	2
TAAGTGCAGAGCTACG-1	Stromal	11
TAAGTGCAGCCCATGC-1	Stromal	0
TAAGTGCAGCTATCCA-1	Stromal	16
TAAGTGCCAAAGCTGG-1	Stromal	11
TAAGTGCCAACGGACA-1	NK	1
TAAGTGCCAAGACTTC-1	NK	1
TAAGTGCCACATTGCA-1	NK	4
TAAGTGCCAGCGTGAA-1	NK	4
TAAGTGCCAGGGCTTC-1	NK	19
TAAGTGCCATTACACG-1	Stromal	16
TAAGTGCGTAGAAGCC-1	NK	18
TAAGTGCGTAGCGTTT-1	DC	13
TAAGTGCGTGGCATAG-1	B	7
TAAGTGCGTTAGGAGC-1	NK	1
TAAGTGCGTTGGTAAA-1	Stromal	10
TAAGTGCTCCCGCAAG-1	T	17
TAAGTGCTCGCTTACC-1	NK	18
TAATCGGAGAATACTG-1	DC	13
TAATCGGAGCTGCCAC-1	Stromal	6
TAATCGGAGGTGTCGA-1	NK	18
TAATCGGCAAAGCTGG-1	Stromal	11
TAATCGGCAAGTCCTA-1	Stromal	11
TAATCGGCACCTGGTG-1	Stromal	2
TAATCGGCATGGGACA-1	NK	4
TAATCGGCATTCACCC-1	NK	4
TAATCGGGTAGACACG-1	NK	1
TAATCGGGTGAGTCGA-1	Stromal	3
TAATCGGGTGCGTCCA-1	Stromal	3
TAATTCCAGAAAGCAG-1	Stromal	0
TAATTCCAGACGAAAG-1	Epithelial	12
TAATTCCAGCTTACCA-1	NK	1
TAATTCCCAAACTACC-1	Stromal	5
TAATTCCCACTCCTCA-1	Stromal	2
TAATTCCCAGGTGTGA-1	DC	13
TAATTCCCATTGAACC-1	Epithelial	12
TAATTCCGTCAGCTTA-1	Stromal	5
TAATTCCGTGGATTCT-1	NK	1
TAATTCCGTTGCTTGA-1	NK	1
TAATTCCGTTTCCACC-1	NK	1
TAATTCCTCACTAGGT-1	NK	18
TAATTCCTCACTCGGG-1	NK	1
TAATTCCTCATTGCCC-1	Stromal	6
TAATTCCTCGCTCTAC-1	Stromal	6
TAATTCCTCGTGATAC-1	Stromal	10
TAATTCCTCTACTGCC-1	NK	4
TACAGCAAGCAGAATT-1	NK	1
TACAGCAAGCAGGACT-1	Stromal	6
TACAGCAAGTATACGA-1	NK	1
TACAGCAAGTCGAGCA-1	NK	1
TACAGCAAGTGTCCCG-1	Stromal	10
TACAGCACACGTACAT-1	DC	13
TACAGCACACTCCTCA-1	NK	1
TACAGCACAGGCATTT-1	Stromal	3
TACAGCAGTATCATGC-1	Stromal	3
TACAGCAGTCAGACGA-1	Stromal	10
TACAGCATCTCTGCGT-1	NK	1
TACAGCATCTTGTCAT-1	Stromal	5
TACATGGAGTCAACTC-1	B	7
TACATGGAGTGAATAC-1	Stromal	0
TACATGGAGTTGCGCC-1	Stromal	6
TACATGGCATCCGTAA-1	NK	1
TACATGGCATGGATGG-1	Stromal	3
TACATGGGTACGCCCA-1	Stromal	5
TACATGGGTCACATTG-1	Stromal	6
TACATGGGTCACTCTC-1	Stromal	10
TACATGGGTCTCTAAG-1	Stromal	3
TACATGGGTGCGTAGA-1	Stromal	0
TACATGGGTTTGTACG-1	Stromal	5
TACATGGTCGACGGAA-1	NK	4
TACATTCAGAACGTTA-1	Stromal	3
TACATTCAGGCCTCTG-1	Stromal	3
TACATTCGTAGTCCAT-1	Stromal	10
TACATTCGTGTCTACA-1	Stromal	5
TACATTCGTTACGAAA-1	NK	18
TACATTCTCAAGGCCC-1	NK	1
TACATTCTCGCTGATA-1	NK	14
TACATTCTCTGAACGT-1	Stromal	3
TACCCTGAGAAAGGGT-1	NK	1
TACCCTGAGCAGAGCT-1	Stromal	10
TACCCTGAGGAGAACA-1	B	7
TACCCTGAGTCCAGAG-1	Stromal	10
TACCCTGAGTCCCTCT-1	Stromal	2
TACCCTGCACTCCCAT-1	Stromal	0
TACCCTGCACTCGGAC-1	Stromal	0
TACCCTGCAGGACCTC-1	NK	4
TACCCTGCATTCTCGC-1	NK	1
TACCCTGGTATTGTGC-1	Stromal	6
TACCCTGGTCAAGACG-1	NK	14
TACCCTGGTGGTACTT-1	NK	19
TACCCTGGTGTACGCC-1	Stromal	0
TACCCTGTCGCGTGAC-1	Stromal	16
TACCCTGTCTACCCGT-1	Stromal	15
TACCTATAGCTGCCAC-1	Stromal	0
TACCTATAGTAGTGTA-1	NK	14
TACCTATCAAAGAAGG-1	T	17
TACCTATCAACTAGAA-1	NK	8
TACCTATCAATTCGTG-1	NK	1
TACCTATCACAAGGGT-1	Stromal	11
TACCTATCACCCATCT-1	NK	8
TACCTATCATCCTCGT-1	Stromal	0
TACCTATGTAATGTGA-1	Stromal	16
TACCTATGTAGCATGG-1	Stromal	6
TACCTATTCATACTTC-1	DC	13
TACCTATTCTGACTTT-1	Stromal	10
TACCTATTCTTCACTA-1	Stromal	3
TACCTCGAGAACGTCG-1	Stromal	3
TACCTCGAGAGAACCC-1	Stromal	0
TACCTCGAGGCAAGGG-1	B	7
TACCTCGAGGCAGTAC-1	NK	1
TACCTCGAGTGAATAC-1	DC	13
TACCTCGCAAGACTAA-1	NK	4
TACCTCGCACGTTGTA-1	Stromal	10
TACCTCGCACTAAACC-1	Stromal	15
TACCTCGCACTGGGCT-1	Stromal	16
TACCTCGGTCATAGCT-1	Stromal	3
TACCTCGGTGGACGAT-1	Stromal	0
TACCTCGGTTCCAATG-1	NK	18
TACCTCGGTTTGTACG-1	B	7
TACCTCGTCCCGGGTA-1	NK	19
TACCTCGTCGCACCGA-1	Stromal	2
TACCTCGTCGGTTGTA-1	NK	18
TACCTCGTCTCTTCTC-1	NK	1
TACCTCGTCTGGAAGG-1	Stromal	16
TACGCAAAGATGCGAC-1	Stromal	2
TACGCAAAGGGTGTTG-1	Stromal	6
TACGCAACAAACCTAC-1	NK	18
TACGCAACACTTGCGG-1	Stromal	5
TACGCAACATCAGAAA-1	B	7
TACGCAAGTACGTAAA-1	Stromal	0
TACGCAAGTGTCGTGC-1	NK	18
TACGCAAGTTACTTTC-1	NK	19
TACGCAAGTTAGCTCA-1	Stromal	10
TACGCAAGTTAGGAAT-1	NK	18
TACGCAATCCACGCTT-1	NK	14
TACGCAATCCATCGAA-1	Stromal	5
TACGCAATCCCTACGT-1	T	17
TACGCAATCGGTAGGA-1	Epithelial	12
TACGCCTAGAAAGGGT-1	Stromal	16
TACGCCTAGAACTCCT-1	Epithelial	12
TACGCCTAGAATATCG-1	Stromal	16
TACGCCTAGCAGAGCT-1	NK	18
TACGCCTCAACTGCGC-1	NK	19
TACGCCTCACCTGGTG-1	Stromal	0
TACGCCTCAGAAGTGC-1	NK	18
TACGCCTCAGGAGCAT-1	Stromal	5
TACGCCTCATACAACC-1	Stromal	6
TACGCCTCATCACAGT-1	NK	14
TACGCCTGTCAACTAC-1	T	17
TACGCCTTCATTCTTG-1	B	7
TACGCCTTCGATGTAC-1	NK	4
TACGCCTTCGATTACG-1	Stromal	15
TACGCCTTCTAGCAAC-1	NK	18
TACGGATAGAAGAGTG-1	Stromal	16
TACGGATAGACACGGT-1	Stromal	3
TACGGATAGAGAAGCA-1	Stromal	10
TACGGATAGAGCTCCC-1	NK	1
TACGGATAGATGGCAC-1	NK	18
TACGGATAGGCGCTTC-1	DC	13
TACGGATAGTCACGCC-1	Stromal	0
TACGGATCAAAGCTTC-1	Stromal	5
TACGGATCAATGATGA-1	Stromal	6
TACGGATCAATGCCAT-1	Stromal	0
TACGGATCATTCGTCC-1	Stromal	15
TACGGATGTAAACCCT-1	NK	1
TACGGATGTATACGCT-1	B	7
TACGGATGTGGAAGCT-1	Stromal	3
TACGGATGTTAGTAGA-1	NK	1
TACGGATTCAATTCCT-1	NK	4
TACGGATTCGGTCTCT-1	B	7
TACTAGGAGTCGAAAT-1	Stromal	0
TACTAGGCAGGGAGTT-1	Stromal	2
TACTAGGGTCCGTAGC-1	Stromal	6
TACTAGGGTGCAAGAC-1	Stromal	15
TACTAGGGTTGCCTGG-1	Stromal	16
TACTAGGTCACTAGCA-1	NK	1
TACTAGGTCAGTGTGT-1	DC	13
TACTAGGTCCAGGTCG-1	DC	13
TACTAGGTCTTCCACG-1	Stromal	3
TACTCGCAGCCAGAAC-1	Stromal	5
TACTCGCAGCCATGGA-1	NK	18
TACTCGCAGGAGTAGA-1	T	17
TACTCGCAGTCATCTG-1	NK	4
TACTCGCAGTGTCGCC-1	Stromal	10
TACTCGCCAAGGATGC-1	B	7
TACTCGCCACGCTGTG-1	NK	14
TACTCGCCAGACCTGC-1	NK	19
TACTCGCCATTATGGC-1	NK	8
TACTCGCGTACGACCC-1	Stromal	3
TACTCGCGTAGTGATA-1	Stromal	5
TACTCGCGTCCGAGCT-1	NK	19
TACTCGCGTGCAACAG-1	Stromal	10
TACTCGCGTGCATCAT-1	T	17
TACTCGCGTGCTGAAG-1	Stromal	0
TACTCGCGTTTCGACA-1	Stromal	10
TACTGCCAGAGTTTGA-1	Epithelial	12
TACTGCCAGCTCCGGT-1	Epithelial	12
TACTGCCAGTCAGCCC-1	Stromal	0
TACTGCCAGTTGCCGC-1	NK	14
TACTGCCCAAAGGTCG-1	NK	18
TACTGCCCAGCCACGT-1	NK	4
TACTGCCGTAACGGCA-1	NK	1
TACTGCCGTAGGGTCA-1	Stromal	2
TACTGCCTCCAAGAGG-1	Stromal	10
TACTGCCTCGCAGATT-1	NK	19
TACTGCCTCTACTGCC-1	Epithelial	12
TACTGCCTCTTGTACT-1	T	17
TAGACTGAGAACCATA-1	Stromal	2
TAGACTGAGTCTCTAG-1	NK	19
TAGACTGCAACTCCCT-1	NK	18
TAGACTGCAAGGGTAC-1	NK	8
TAGACTGCATCCGTAA-1	Stromal	6
TAGACTGGTAAACGTA-1	Epithelial	12
TAGACTGGTCAGAGTG-1	NK	8
TAGACTGGTCAGTGCC-1	NK	1
TAGACTGGTCCCGAGT-1	Stromal	10
TAGACTGGTCTCTAAG-1	Stromal	0
TAGACTGGTTATGCAC-1	NK	1
TAGACTGGTTGTGAGG-1	Stromal	0
TAGACTGTCGCCTTAC-1	Stromal	3
TAGCACAAGGCTGGAT-1	Stromal	0
TAGCACACAAAGAAGG-1	NK	1
TAGCACACAGTTGGAG-1	NK	4
TAGCACAGTGGTCGAA-1	Stromal	0
TAGCACAGTTCCATCC-1	Stromal	2
TAGCACATCGGATCGC-1	Stromal	6
TAGCACATCGTCTTAT-1	Stromal	6
TAGCACATCTTCGTTA-1	NK	4
TAGCATGAGCTGATTC-1	Stromal	10
TAGCATGGTCAGGCTC-1	NK	14
TAGCATGTCACAACAC-1	Stromal	10
TAGCATGTCAGCCGAC-1	Epithelial	12
TAGCATGTCGATAGTC-1	Stromal	0
TAGCATGTCGCGTGAC-1	NK	1
TAGCCCTAGTTCGACT-1	Stromal	16
TAGCCCTCACCGAATT-1	Stromal	16
TAGCCCTCAGCGTAGA-1	Stromal	16
TAGCCCTCAGTAAGCG-1	Stromal	16
TAGCCCTCATCACAGT-1	NK	9
TAGCCCTCATCGCTAA-1	Stromal	5
TAGCCCTCATCGTGAT-1	NK	14
TAGCCCTGTAAGTGCG-1	NK	14
TAGCCCTGTACGCAAG-1	Stromal	5
TAGCCCTGTCTTAGCA-1	NK	14
TAGCCCTTCATGAACC-1	NK	4
TAGCCCTTCTGGCGCA-1	Stromal	3
TAGCCGGAGACACTTC-1	Stromal	10
TAGCCGGAGGCGCTTC-1	Stromal	2
TAGCCGGAGTACCCAT-1	NK	1
TAGCCGGCAATTCGTG-1	Stromal	2
TAGCCGGGTGTGTGCC-1	NK	18
TAGCCGGGTTGGCGAA-1	NK	1
TAGCCGGTCCGATTGA-1	NK	14
TAGCGGCAGATGTTCC-1	Stromal	6
TAGCGGCAGTAGCAAT-1	Stromal	2
TAGCGGCCAATTGCCA-1	Stromal	6
TAGCGGCCACTGATAC-1	Stromal	6
TAGCGGCCATGGCCGT-1	NK	1
TAGCGGCCATGGGAAC-1	Stromal	15
TAGCGGCGTAGAACGC-1	Stromal	16
TAGCGGCGTCCAAGTT-1	Stromal	0
TAGCGGCTCATTCTCA-1	Stromal	0
TAGCGGCTCCATTGTT-1	Stromal	2
TAGCGGCTCGCTCGGA-1	NK	9
TAGCGGCTCTTGTACT-1	T	17
TAGCTTTAGCAGTAGC-1	Stromal	0
TAGCTTTAGTTTGGAA-1	NK	18
TAGCTTTCACACACAT-1	Stromal	5
TAGCTTTCAGAACTTC-1	Stromal	3
TAGCTTTCAGGTTATC-1	Stromal	3
TAGCTTTGTAGGGTCA-1	NK	4
TAGCTTTGTATCCTTT-1	NK	1
TAGCTTTGTATTCGAC-1	Stromal	16
TAGCTTTGTGAATGGC-1	NK	14
TAGCTTTTCACCGCGA-1	Stromal	11
TAGCTTTTCAGTCACA-1	NK	14
TAGGAGGAGACCAATA-1	NK	18
TAGGAGGAGATGCGCA-1	Stromal	0
TAGGAGGAGTTAGAGT-1	Stromal	6
TAGGAGGAGTTGCGCC-1	DC	13
TAGGAGGCAATCAGGG-1	NK	14
TAGGAGGCATTTGGTG-1	NK	18
TAGGAGGGTAGAAAGG-1	NK	18
TAGGAGGGTCAGGCTC-1	NK	1
TAGGAGGGTTACTTTC-1	NK	14
TAGGAGGTCCTCCTGA-1	NK	4
TAGGAGGTCGCTAGTA-1	B	7
TAGGAGGTCTCTGTTA-1	NK	1
TAGGAGGTCTGCTACC-1	B	7
TAGGAGGTCTGGACAT-1	Stromal	0
TAGGTCAAGGTTGTGG-1	NK	1
TAGGTCAAGTAACTCC-1	NK	14
TAGGTCAAGTATACGA-1	Stromal	0
TAGGTCAAGTGAATAC-1	Stromal	0
TAGGTCACATAGCCAT-1	NK	1
TAGGTCACATGGAGGT-1	Stromal	5
TAGGTCACATGTGAGG-1	NK	19
TAGGTCAGTATGTCCA-1	NK	18
TAGGTCAGTATTCTGG-1	NK	18
TAGGTCAGTCATAGAA-1	Stromal	2
TAGGTCAGTGCACATT-1	Stromal	2
TAGGTCATCCACGCTT-1	Epithelial	12
TAGGTGTAGAGTTCGG-1	Stromal	5
TAGGTGTAGCAACGGT-1	Stromal	16
TAGGTGTAGTCGAAAT-1	NK	19
TAGGTGTAGTCTGGGA-1	DC	13
TAGGTGTCACTTACAG-1	Stromal	10
TAGGTGTCAGACTAAA-1	NK	19
TAGGTGTCATATTGGC-1	Stromal	15
TAGGTGTCATCGCTAA-1	NK	14
TAGGTGTCATGGCCTG-1	NK	18
TAGGTGTGTAACATAG-1	NK	19
TAGGTGTGTAGAGAGA-1	NK	4
TAGGTGTGTGTAGGAC-1	Stromal	5
TAGTCCCAGTAGGAAG-1	NK	18
TAGTCCCCACCACCAG-1	NK	18
TAGTCCCCATAGATAG-1	NK	1
TAGTCCCGTAAGGTCG-1	NK	1
TAGTCCCGTACGGATG-1	NK	4
TAGTCCCGTATTTGCG-1	Stromal	16
TAGTCCCGTTGAATAG-1	Stromal	5
TAGTCCCTCGCGCTGA-1	NK	19
TAGTCCCTCGCTACCT-1	Epithelial	12
TATCGAGAGCTGCTCG-1	NK	19
TATCGAGAGGTAGGCT-1	Stromal	3
TATCGAGAGTTCGCGC-1	NK	1
TATCGAGCAAAGACGC-1	NK	1
TATCGAGCACGTACAT-1	Epithelial	12
TATCGAGCATCTGCAA-1	NK	18
TATCGAGCATTCGTCC-1	Stromal	11
TATCGAGGTGATAACA-1	Stromal	2
TATCGAGGTGATTCCA-1	NK	18
TATCGAGGTGGACCAA-1	Stromal	6
TATCGAGGTTGGCGAA-1	NK	8
TATCGAGGTTTGCATG-1	Stromal	6
TATCGAGTCGAGAAGC-1	Stromal	16
TATCGAGTCTAGCAGT-1	NK	1
TATCTGTCAAAGCTGG-1	Stromal	5
TATCTGTCAATTGTGC-1	NK	8
TATCTGTCACGGTTAT-1	Epithelial	12
TATCTGTCATAAAGTG-1	NK	1
TATCTGTCATTCTTTG-1	NK	8
TATCTGTGTAGGGTCA-1	Stromal	0
TATCTGTGTCAGACGA-1	T	17
TATCTGTGTCGCGCTA-1	Epithelial	12
TATCTGTGTCTGGTCG-1	Stromal	0
TATCTGTGTGCTGTGC-1	NK	4
TATCTGTGTGCTTTGA-1	B	7
TATCTGTGTGGTTCTA-1	DC	13
TATCTGTGTTCTTTCA-1	Stromal	11
TATCTGTTCAAGAGGC-1	Epithelial	12
TATCTGTTCACTAGCA-1	NK	1
TATCTGTTCCACGGCA-1	Stromal	11
TATCTGTTCCAGTTAG-1	Stromal	6
TATGTGGAGGATTTGA-1	NK	18
TATGTGGAGTGGTGTG-1	NK	1
TATGTGGCACTGTCGG-1	NK	1
TATGTGGCATAGTCCA-1	NK	14
TATGTGGGTGCTGTCG-1	NK	19
TATGTGGTCCCATAGA-1	Stromal	0
TATGTGGTCCTCAAGA-1	B	7
TATGTGGTCGTATAGC-1	NK	1
TATGTGGTCTCTTAAC-1	NK	18
TATGTTCAGACCTATC-1	NK	19
TATGTTCCACACACCG-1	Stromal	5
TATGTTCCATACAACC-1	NK	14
TATGTTCGTGCGTCCA-1	NK	4
TATGTTCGTGTCGTCG-1	NK	19
TATGTTCTCACATCCC-1	Stromal	10
TATGTTCTCCATAACG-1	Stromal	16
TATGTTCTCCTAGAGT-1	NK	14
TATGTTCTCCTGAAAC-1	Stromal	5
TATGTTCTCGTTGTAG-1	NK	19
TATGTTCTCTGGCTAA-1	Stromal	3
TATTGCTCAATGCCAT-1	NK	19
TATTGCTCATCTCTCG-1	NK	1
TATTGCTTCACCACAA-1	Epithelial	12
TATTGCTTCACCCGGA-1	NK	1
TATTGCTTCTCTGAGA-1	NK	14
TCAAAGCAGATATGAC-1	NK	18
TCAAAGCAGGACTTTC-1	NK	1
TCAAAGCAGTGAAGGA-1	Stromal	3
TCAAAGCCAAAGGCCA-1	Stromal	6
TCAAAGCCATGCACTA-1	Stromal	15
TCAAAGCGTACTAGAA-1	NK	4
TCAAAGCGTGCCCTAG-1	NK	18
TCAAAGCGTTATGCAC-1	Stromal	0
TCAAAGCGTTGGACGA-1	Stromal	0
TCAAAGCTCTTAATCC-1	Stromal	10
TCAAGACAGAGCTCCC-1	NK	18
TCAAGACAGGTACTCT-1	Stromal	15
TCAAGACAGTACCACT-1	Stromal	6
TCAAGACCAACGAGGT-1	Stromal	10
TCAAGACGTACGACCC-1	Stromal	3
TCAAGACGTCTGTTGA-1	NK	1
TCAAGACGTTTAGAAG-1	T	17
TCAAGACTCATACTTC-1	Stromal	15
TCAAGACTCTCATATC-1	NK	4
TCAAGACTCTTTATCG-1	Stromal	3
TCAAGCAAGGAACCGT-1	Stromal	5
TCAAGCACACAGAAGC-1	Stromal	2
TCAAGCACACTCCCAT-1	Stromal	0
TCAAGCAGTAGATTAG-1	NK	19
TCAAGCAGTCTGCGCA-1	Stromal	11
TCAAGCAGTGATGCTT-1	Epithelial	12
TCAAGCAGTGCAAAGC-1	T	17
TCAAGCAGTTCTCGAA-1	B	7
TCAAGCATCTCGACCT-1	NK	1
TCAAGCATCTCGTGAA-1	Stromal	0
TCAAGGTAGATCGAGC-1	NK	4
TCAAGGTAGTACAGTA-1	DC	13
TCAAGGTAGTTGCGCC-1	Stromal	6
TCAAGGTCAACGGGTA-1	B	7
TCAAGGTCAAGGTCGA-1	NK	18
TCAAGGTCACGAACGA-1	NK	18
TCAAGGTCAGTTCGGC-1	Stromal	11
TCAAGGTGTCCTATTT-1	NK	1
TCAAGGTTCCATTGTT-1	Epithelial	12
TCAATTCAGAAGCCGT-1	NK	1
TCAATTCAGACTCGGA-1	Epithelial	12
TCAATTCAGCCAGAAC-1	Stromal	16
TCAATTCAGGAGTACC-1	NK	4
TCAATTCCAACGTAGG-1	Stromal	15
TCAATTCCAAGGTTCT-1	NK	19
TCAATTCCACAATAAG-1	B	7
TCAATTCCACAGCCAC-1	Stromal	2
TCAATTCCAGCTATAC-1	Stromal	2
TCAATTCGTAACGGAC-1	Stromal	10
TCAATTCGTGAGTTGG-1	Stromal	6
TCAATTCGTTGTATCG-1	NK	14
TCAATTCTCCAGGCCA-1	NK	4
TCAATTCTCCCAGCAG-1	NK	8
TCAATTCTCGGATCGC-1	NK	4
TCACAAGAGAAATACC-1	T	17
TCACAAGAGCGTGTTT-1	T	17
TCACAAGAGCTGGAGT-1	Epithelial	12
TCACAAGAGGGTCCCT-1	NK	19
TCACAAGAGTAGTCGG-1	NK	1
TCACAAGCAAACGACG-1	Epithelial	12
TCACAAGCAACTCGAT-1	Stromal	3
TCACAAGCAAGACTTC-1	Stromal	10
TCACAAGCACTAGCCG-1	NK	1
TCACAAGCACTGTAAC-1	NK	18
TCACAAGCAGCGCGTT-1	NK	18
TCACAAGCATGATTGC-1	Stromal	0
TCACAAGGTATGGATA-1	Stromal	6
TCACAAGGTCCACCAG-1	NK	18
TCACAAGGTGGCCTTG-1	T	17
TCACAAGGTGGTCGAA-1	NK	14
TCACAAGGTTACCCAA-1	NK	18
TCACAAGTCAGTGTGT-1	NK	14
TCACAAGTCCGTCAAA-1	Stromal	0
TCACAAGTCCGTTTCG-1	T	17
TCACAAGTCGGAAAGC-1	Stromal	3
TCACAAGTCTGGCGCA-1	NK	1
TCACAGACAGTAGGCA-1	Stromal	5
TCACAGAGTATGGATA-1	Stromal	10
TCACAGATCACTGGTA-1	Stromal	16
TCACAGATCCGCTATC-1	Stromal	3
TCACAGATCTTCTCTC-1	NK	18
TCACCACAGATCACCT-1	NK	4
TCACCACAGCGCATTT-1	Stromal	16
TCACCACCACTCAGCG-1	Stromal	0
TCACCACCAGGGTAAC-1	Stromal	10
TCACCACCAGGTGTGA-1	Stromal	5
TCACCACCATAGCCAT-1	NK	19
TCACCACTCCAAGAGG-1	Stromal	16
TCACCACTCCTCCTGA-1	NK	19
TCACCACTCGGATCGC-1	Epithelial	12
TCACCACTCGGTCAGC-1	Stromal	5
TCACCACTCGTTACAG-1	Stromal	0
TCACCTGAGCAATGTA-1	Stromal	2
TCACCTGAGTCGACCC-1	Stromal	3
TCACCTGAGTGGGACT-1	NK	4
TCACCTGCAGGTGTCC-1	NK	1
TCACCTGCATGTCCCT-1	Stromal	15
TCACCTGGTACAAGCG-1	Stromal	5
TCACCTGGTCATAAGA-1	Epithelial	12
TCACCTGGTCTGGTTA-1	NK	1
TCACCTGGTGACCAGA-1	Stromal	16
TCACCTGTCACGATTG-1	Stromal	16
TCACCTGTCAGTCAAC-1	Stromal	0
TCACCTGTCCCAGCGA-1	NK	1
TCACCTGTCGCTTCAC-1	NK	14
TCACCTGTCGGACGAA-1	Stromal	10
TCACTCGCAACGTCCG-1	Stromal	10
TCACTCGCAGCAAACG-1	NK	1
TCACTCGCAGGCATCC-1	T	17
TCACTCGGTGTCCAGC-1	NK	14
TCACTCGTCACGTGTA-1	T	17
TCACTCGTCGAGAAGC-1	Stromal	15
TCACTCGTCGTAGCGC-1	Epithelial	12
TCACTCGTCTGACATG-1	Stromal	6
TCACTCGTCTTACGGA-1	Stromal	16
TCAGCTCAGATCGATA-1	NK	1
TCAGCTCCAATGTGCT-1	NK	9
TCAGCTCCATCCTGGG-1	NK	1
TCAGCTCGTACGCCCA-1	Stromal	0
TCAGCTCGTCTCTGCT-1	NK	1
TCAGCTCGTGACGCAA-1	Stromal	11
TCAGCTCTCGAACCGC-1	NK	18
TCAGCTCTCTCGACCT-1	NK	18
TCAGCTCTCTTACGGA-1	Stromal	5
TCAGGGCAGGTTAACA-1	NK	8
TCAGGGCAGTCACACT-1	Stromal	10
TCAGGGCCAATCACTG-1	NK	4
TCAGGGCCACATAAAG-1	NK	14
TCAGGGCCACTGTTAG-1	Stromal	2
TCAGGGCCATCAACTG-1	NK	1
TCAGGGCCATTAAGGA-1	Stromal	6
TCAGGGCGTATTCTCT-1	Stromal	2
TCAGGGCGTGCAGACA-1	NK	9
TCAGGGCGTTACCCAA-1	Stromal	0
TCAGGGCTCATCATGG-1	NK	19
TCAGGGCTCCTTTGCG-1	Stromal	15
TCAGGTAAGCCTTTGA-1	Stromal	11
TCAGGTACAAGTCTCA-1	Stromal	5
TCAGGTACAAGTTGCT-1	NK	1
TCAGGTACAATCACTG-1	NK	18
TCAGGTACACCACCAG-1	Stromal	10
TCAGGTACAGAAAGAG-1	Stromal	10
TCAGGTACAGAGTCGA-1	T	17
TCAGGTAGTGCCGGTT-1	NK	1
TCAGTCCAGAGGAACA-1	Stromal	15
TCAGTCCAGCTCCATA-1	NK	8
TCAGTCCAGTCGACCC-1	NK	18
TCAGTCCAGTCGCCTG-1	NK	1
TCAGTCCCAAGCGACA-1	NK	1
TCAGTCCCAATGGTAA-1	Stromal	2
TCAGTCCCACGGTTAT-1	NK	19
TCAGTCCCAGAGATGC-1	NK	1
TCAGTCCCATAGCCGC-1	Stromal	5
TCAGTCCCATCCCTCA-1	NK	18
TCAGTCCCATGGGACA-1	Stromal	3
TCAGTCCCATTATGGC-1	Stromal	10
TCAGTCCGTAGAAAGG-1	NK	1
TCAGTCCGTCGACTGC-1	NK	19
TCAGTCCTCCCGTAGG-1	NK	1
TCAGTCCTCGTTCTAT-1	NK	9
TCAGTTTAGGTTACAA-1	Stromal	6
TCAGTTTAGTGCTCGC-1	Stromal	15
TCAGTTTAGTTTGGAA-1	NK	1
TCAGTTTGTATACGCT-1	Stromal	5
TCAGTTTGTATCACAC-1	NK	14
TCAGTTTGTGCAAGAC-1	Stromal	2
TCAGTTTGTTCTTTCA-1	NK	1
TCAGTTTTCCTCCATG-1	Stromal	3
TCAGTTTTCGGTTAGT-1	Stromal	5
TCAGTTTTCTACTGCC-1	Stromal	2
TCCAGAAAGATGTTGA-1	Stromal	2
TCCAGAAAGGCCAGTA-1	Stromal	10
TCCAGAACAAGAGCGT-1	B	7
TCCAGAACAAGGATGC-1	Stromal	10
TCCAGAACATGATTGC-1	NK	19
TCCAGAAGTTCAGAAA-1	NK	1
TCCAGAAGTTCCTATT-1	Stromal	6
TCCAGAATCAATCGTG-1	Stromal	15
TCCAGAATCCACGGCA-1	Stromal	16
TCCAGAATCCCGTAGG-1	NK	4
TCCATCGAGACTAATG-1	Stromal	15
TCCATCGAGCTAGCAG-1	Stromal	2
TCCATCGAGTCCGGAA-1	NK	1
TCCATCGCAAGCAACG-1	Stromal	6
TCCATCGCAGGGTAAC-1	Stromal	6
TCCATCGGTATTCTCT-1	NK	19
TCCATCGTCAGGTTTG-1	Stromal	15
TCCATCGTCGATGCAT-1	NK	14
TCCATCGTCTCCACTG-1	NK	19
TCCATCGTCTCTGAGA-1	NK	1
TCCATCGTCTTGTCGC-1	NK	18
TCCCACAAGACTAGCG-1	NK	1
TCCCACAAGGTCCTCG-1	NK	18
TCCCACAGTATATGGA-1	Stromal	0
TCCCACAGTGCGTTTA-1	NK	1
TCCCACAGTGCTGAAG-1	NK	18
TCCCACATCAAATGGA-1	NK	19
TCCCACATCAGTTGAC-1	Stromal	6
TCCCACATCGTCTTAT-1	Stromal	0
TCCCACATCTGAGTAC-1	NK	19
TCCGACTAGAACGTCG-1	NK	18
TCCGACTAGGCAATTA-1	NK	19
TCCGACTAGGTACTCT-1	NK	18
TCCGACTAGTCCTTCC-1	Stromal	5
TCCGACTAGTCGACCC-1	Stromal	0
TCCGACTCAAATGTCC-1	Stromal	16
TCCGACTCAACATAAG-1	Stromal	0
TCCGACTCAAGTGGCA-1	Stromal	3
TCCGACTCACCGAAAG-1	Stromal	10
TCCGACTCAGAGCCAA-1	Stromal	2
TCCGACTGTAACCATC-1	NK	1
TCCGACTGTATTTGCG-1	NK	1
TCCGACTGTCATCGTA-1	Stromal	6
TCCGACTGTCGATTAC-1	Stromal	10
TCCGACTGTTTGATCG-1	Stromal	15
TCCGACTTCACTGATG-1	Stromal	10
TCCGACTTCATTGCCC-1	NK	4
TCCGACTTCCATAACG-1	NK	14
TCGAGCGAGAACGACC-1	Stromal	2
TCGAGCGAGTAACACA-1	Stromal	11
TCGAGCGCAAGTCTGT-1	NK	1
TCGAGCGCAATCACTG-1	Stromal	6
TCGAGCGCACCGTTGG-1	Stromal	6
TCGAGCGGTAGAAAGG-1	NK	1
TCGAGCGGTTACTTTC-1	B	7
TCGAGCGGTTGGCGAA-1	Stromal	0
TCGAGCGTCAAGAGAT-1	Stromal	3
TCGAGCGTCACAGGGA-1	NK	19
TCGAGCGTCGAGGCTC-1	NK	4
TCGAGCGTCGCTTGAA-1	NK	1
TCGAGCGTCGTCCCTA-1	NK	14
TCGAGCGTCTTCTTCC-1	NK	1
TCGATTTAGAACGACC-1	NK	9
TCGATTTAGCGTAGCA-1	NK	4
TCGATTTAGCGTCTGC-1	Stromal	2
TCGATTTAGGTGTCGA-1	NK	14
TCGATTTAGTAGAAGG-1	Stromal	10
TCGATTTCAATGGCTT-1	Stromal	11
TCGATTTCAGCGTACC-1	NK	14
TCGATTTCAGGTGTCC-1	NK	1
TCGATTTGTAGACGCA-1	Stromal	0
TCGATTTGTAGCAGGT-1	Stromal	15
TCGATTTGTCAATCCA-1	NK	14
TCGATTTGTCGTCGCA-1	NK	14
TCGATTTGTTATAGAG-1	NK	18
TCGATTTGTTGGTAAA-1	NK	18
TCGATTTTCAAGAGAT-1	NK	1
TCGATTTTCGTGAGTT-1	NK	14
TCGATTTTCGTGATAC-1	Stromal	0
TCGATTTTCGTTACAG-1	Epithelial	12
TCGATTTTCTTCGTTA-1	NK	4
TCGCAGGAGTCATCTG-1	NK	18
TCGCAGGCATAAAGTG-1	Epithelial	12
TCGCAGGGTCATTGCA-1	NK	9
TCGCAGGGTCTAAGAA-1	NK	1
TCGCAGGGTGTCCCAG-1	NK	8
TCGCAGGTCGTCAACA-1	Stromal	10
TCGCAGGTCTCGACCT-1	Stromal	6
TCGCAGGTCTGATCTT-1	NK	14
TCGCCTAAGACTTGAA-1	NK	1
TCGCCTAAGCGTATCT-1	Stromal	10
TCGCCTAAGTGGGACT-1	NK	9
TCGCCTAGTACGGATG-1	NK	14
TCGCCTATCCTAAGTG-1	Stromal	2
TCGCCTATCTCTATCA-1	Stromal	5
TCGGGACAGAATACTG-1	NK	14
TCGGGACAGGCAGTGT-1	Stromal	2
TCGGGACAGTCTCGAT-1	Stromal	0
TCGGGACCAAATTCCG-1	Stromal	0
TCGGGACCAAGCACTT-1	NK	4
TCGGGACCAATAGCGG-1	Stromal	0
TCGGGACCATGGTTTG-1	Stromal	2
TCGGGACGTCTGTCCT-1	Stromal	10
TCGGGACGTTTGCCAA-1	NK	18
TCGGGACTCACTCCCA-1	Stromal	10
TCGGGACTCACTGGTA-1	Stromal	5
TCGGGACTCAGTGTGT-1	Stromal	5
TCGGGACTCCAGGTAT-1	NK	19
TCGGGACTCTGATCTT-1	Stromal	3
TCGTTCGAGGTGAACC-1	NK	8
TCGTTCGAGTAGAAGG-1	T	17
TCGTTCGCAATGATGA-1	Stromal	5
TCGTTCGCACAGCTTA-1	NK	19
TCGTTCGCACTCAGCG-1	Stromal	0
TCGTTCGCATACTGCA-1	Stromal	0
TCGTTCGGTAGCTGTT-1	DC	13
TCGTTCGGTATTCACG-1	NK	1
TCGTTCGGTATTCTGG-1	NK	14
TCGTTCGGTTGCTTGA-1	Stromal	5
TCGTTCGTCCACGAGC-1	NK	18
TCGTTCGTCGCATAAC-1	Stromal	10
TCGTTCGTCGGCTATA-1	Stromal	15
TCTAGTTAGCCGCAAA-1	Stromal	5
TCTAGTTAGCTCGTTA-1	NK	8
TCTAGTTAGTATACCC-1	B	7
TCTAGTTAGTCATACC-1	NK	18
TCTAGTTCAAAGGAAG-1	NK	1
TCTAGTTCAACTCGTA-1	NK	14
TCTAGTTCACGATATC-1	Stromal	0
TCTAGTTGTAAGGTCG-1	Stromal	11
TCTAGTTGTGCAAGAC-1	Stromal	6
TCTAGTTGTGCTTTGA-1	NK	1
TCTAGTTGTTACTTTC-1	Stromal	10
TCTAGTTGTTAGTAGA-1	Epithelial	12
TCTAGTTTCAGAATGA-1	T	17
TCTAGTTTCTCCACTG-1	B	7
TCTAGTTTCTTGTCGC-1	Stromal	5
TCTATTGAGGTGAACC-1	Stromal	16
TCTATTGAGTACCCAT-1	T	17
TCTATTGAGTGCTAGG-1	Stromal	16
TCTATTGCAAATTCCG-1	Stromal	16
TCTATTGCAATCATCG-1	NK	1
TCTATTGCATCCCTCA-1	NK	19
TCTATTGCATCTCTCG-1	Stromal	2
TCTATTGCATTTCTTG-1	Stromal	2
TCTATTGGTATCGCGC-1	NK	18
TCTATTGGTCTCTAAG-1	Epithelial	12
TCTATTGGTGATTCCA-1	T	17
TCTATTGGTGTGACCC-1	NK	9
TCTATTGGTTCACGTA-1	T	17
TCTATTGTCACGTCAA-1	Stromal	0
TCTCAGCAGATCTAAG-1	Stromal	0
TCTCAGCAGCTGATTC-1	NK	9
TCTCAGCAGTAGTGTA-1	NK	1
TCTCAGCCAATCATCG-1	NK	8
TCTCAGCCAATGGTAA-1	T	17
TCTCAGCCACAGGAAC-1	NK	1
TCTCAGCCACCAAGGA-1	NK	18
TCTCAGCCAGCAATGG-1	NK	19
TCTCAGCGTACGTATC-1	Stromal	2
TCTCAGCGTAGCTGTT-1	Stromal	15
TCTCAGCGTGCATCAT-1	NK	1
TCTCAGCTCCCACTAC-1	Stromal	0
TCTCAGCTCGTTGTAG-1	NK	1
TCTCTGGAGACTAGCG-1	Stromal	10
TCTCTGGAGGTCTTGT-1	Stromal	2
TCTCTGGAGTTGGAAT-1	Stromal	10
TCTCTGGCAATGACTC-1	Stromal	6
TCTCTGGCACGAACGA-1	NK	14
TCTCTGGGTGCTAGTT-1	DC	13
TCTCTGGTCCTGAAAC-1	Stromal	10
TCTCTGGTCGGTACTA-1	NK	14
TCTCTGGTCTGTAGAC-1	NK	1
TCTCTGGTCTTACCTA-1	Stromal	2
TGAATCGAGAAGGGCG-1	NK	9
TGAATCGAGAGAACCC-1	Stromal	2
TGAATCGAGCATACCT-1	Stromal	0
TGAATCGAGGACCGAT-1	T	17
TGAATCGCAAACCTAC-1	NK	19
TGAATCGCACCATTCC-1	NK	1
TGAATCGCATACAACC-1	Stromal	0
TGAATCGGTGCACCCA-1	Stromal	10
TGAATCGGTGTTGTTG-1	Stromal	0
TGAATCGGTTCTGAAC-1	NK	14
TGAATCGTCAAGTTGC-1	NK	14
TGAATCGTCAGGGTTT-1	NK	1
TGAATCGTCGAGAAGC-1	NK	18
TGAATCGTCTCGGCGA-1	NK	18
TGACAACAGAGGCCTA-1	NK	1
TGACAACAGTAGTGTA-1	NK	8
TGACAACAGTCTGGGA-1	Stromal	11
TGACAACAGTTAGAGT-1	B	7
TGACAACCACTCCCAT-1	Stromal	2
TGACAACCAGATAAGT-1	Stromal	11
TGACAACCAGTTACAC-1	Stromal	6
TGACAACGTTACGGAG-1	NK	1
TGACAACTCAAGGCCC-1	NK	19
TGACAACTCCAACGCG-1	Stromal	16
TGACAACTCCCGATTC-1	NK	14
TGACAACTCGTGTGCG-1	Stromal	0
TGACAACTCTCTGAGA-1	Stromal	2
TGACAACTCTCTGCGT-1	NK	18
TGACAACTCTGGAAGG-1	NK	18
TGACTCCAGAGAAGCA-1	Stromal	10
TGACTCCCAAACCTAC-1	Stromal	15
TGACTCCCAGATAAGT-1	Stromal	5
TGACTCCCATCGCTAA-1	NK	1
TGACTCCGTGCATCAT-1	NK	14
TGACTCCTCAAAGTAG-1	Stromal	6
TGACTCCTCCCAGTAA-1	NK	18
TGACTCCTCGCGGCAT-1	Stromal	5
TGAGCCGAGATGCGCA-1	Stromal	10
TGAGCCGAGGCTTTAC-1	Stromal	11
TGAGCCGCATCCCAAA-1	Stromal	0
TGAGCCGGTAAAGCTA-1	NK	18
TGAGCCGGTCGTAATC-1	NK	18
TGAGCCGTCCAGGTCG-1	NK	1
TGAGCCGTCTAGCTGA-1	Stromal	5
TGAGTCAAGGACTAGC-1	Stromal	0
TGAGTCAAGGATCCTT-1	Stromal	6
TGAGTCACAAATGTCC-1	NK	14
TGAGTCAGTAACTGAA-1	NK	19
TGAGTCAGTATACGCT-1	Stromal	10
TGAGTCAGTGGACCAA-1	NK	18
TGAGTCAGTTACACTG-1	NK	1
TGAGTCAGTTCCAATG-1	Stromal	16
TGAGTCATCAATCGTG-1	Stromal	6
TGAGTCATCAGTCAAC-1	Stromal	10
TGAGTCATCGCAAACT-1	Stromal	6
TGATCAGAGCGTTAGG-1	NK	18
TGATCAGAGTGAACCG-1	B	7
TGATCAGCACACATTG-1	NK	1
TGATCAGCACGTTGTA-1	NK	18
TGATCAGCACTGGGCT-1	Stromal	5
TGATCAGGTCCGTAGC-1	DC	13
TGATCAGTCAAACCCA-1	NK	19
TGATCAGTCATTCGGA-1	Stromal	3
TGATCAGTCCCACTAC-1	NK	14
TGATGCAAGACTTGAA-1	B	7
TGATGCAAGATGGGAA-1	NK	4
TGATGCAAGCAACGGT-1	Stromal	15
TGATGCAAGGTCTTGT-1	Stromal	10
TGATGCAAGTTGTCCA-1	NK	9
TGATGCACAATGATGA-1	Stromal	11
TGATGCACAATGGTAA-1	Epithelial	12
TGATGCACAATTCAGC-1	Stromal	0
TGATGCACAGTTGCAT-1	Stromal	10
TGATGCAGTCTGGGCT-1	Stromal	0
TGATGCAGTGCAAAGC-1	Stromal	0
TGATGCAGTTAACTCG-1	Stromal	6
TGATGCATCAGTTGAC-1	Stromal	0
TGATGCATCATTCTTG-1	NK	19
TGATGCATCCGTTTCG-1	NK	1
TGATGCATCGTCAACA-1	DC	13
TGATGCATCGTGGAAG-1	NK	1
TGATGCATCTTCCACG-1	Stromal	6
TGATTTCAGAAATACC-1	Stromal	5
TGATTTCAGGTAAGCC-1	Stromal	5
TGATTTCCAAGCTTTG-1	Stromal	10
TGATTTCCACAGTAGG-1	DC	13
TGATTTCCAGCAAACG-1	Stromal	6
TGATTTCGTGATCAGG-1	DC	13
TGATTTCTCAAGAGGC-1	B	7
TGCACCTAGGCGATTG-1	Stromal	0
TGCACCTAGTGTCGGA-1	Stromal	3
TGCACCTCAATGGCTT-1	NK	8
TGCACCTCACACTAGT-1	Stromal	5
TGCACCTGTTTGTAGC-1	NK	18
TGCACCTTCAAGTTGC-1	NK	4
TGCACCTTCTAGTCGA-1	NK	19
TGCATGAAGAACTAAC-1	Stromal	0
TGCATGACAACTAGAA-1	Stromal	5
TGCATGACAATGGCTT-1	NK	1
TGCATGAGTAAACGGC-1	Stromal	2
TGCATGAGTAGGTCTT-1	Stromal	10
TGCATGAGTGCATTGT-1	Stromal	5
TGCATGAGTGTTTCTT-1	Stromal	0
TGCATGATCCGATGCG-1	Stromal	11
TGCATTTAGGACTAGC-1	B	7
TGCATTTCAACGGACA-1	Stromal	10
TGCATTTCAACGTCGC-1	NK	4
TGCATTTCATTTGGTG-1	Stromal	5
TGCATTTGTCGCTACG-1	NK	18
TGCATTTGTGCATCAT-1	Stromal	11
TGCCTCAAGGGATCCA-1	NK	18
TGCCTCAAGTGTCCCG-1	NK	14
TGCCTCACAAGGAACC-1	NK	4
TGCCTCACACGTTGTA-1	NK	1
TGCCTCACAGAATGCG-1	NK	1
TGCCTCAGTATTCTTC-1	Stromal	3
TGCCTCAGTGCATCAT-1	NK	4
TGCCTCATCGCACAAT-1	B	7
TGCCTCATCTGTCGGG-1	DC	13
TGCCTCATCTTGGCCT-1	NK	1
TGCCTGTAGTACAGTA-1	NK	1
TGCCTGTCAAGGAAGA-1	NK	19
TGCCTGTCAGGAGCAT-1	Stromal	10
TGCCTGTCAGGCTACC-1	Stromal	0
TGCCTGTGTGCTGTGC-1	NK	19
TGCCTGTGTTAGCTCA-1	Stromal	15
TGCCTGTGTTCTGATG-1	Stromal	10
TGCCTGTTCGCTACCT-1	Stromal	5
TGCGTAAAGGACTAGC-1	Stromal	3
TGCGTAAAGGCACTAG-1	Stromal	11
TGCGTAACAACTGCGC-1	Stromal	0
TGCGTAACAATGGCTT-1	Stromal	3
TGCGTAACACATGATC-1	NK	9
TGCGTAACAGTTAAAG-1	Stromal	6
TGCGTAACATACAACC-1	DC	13
TGCGTAAGTATTCGAC-1	Stromal	0
TGCGTAAGTCAGGTGA-1	Stromal	2
TGCGTAAGTCGTAGTT-1	Stromal	10
TGCGTAAGTTACCCAA-1	NK	19
TGCGTAAGTTCCATCC-1	Epithelial	12
TGCGTAATCCATAACG-1	Stromal	6
TGCGTAATCCGATGCG-1	Stromal	15
TGCGTAATCGTGTGCG-1	Stromal	2
TGCTATTAGACACAAT-1	NK	1
TGCTATTAGAGTAAGG-1	Stromal	10
TGCTATTAGGAGGCGA-1	Stromal	5
TGCTATTAGGATGCCA-1	Stromal	10
TGCTATTAGGATTTGA-1	T	17
TGCTATTCAGGCACAA-1	Stromal	0
TGCTATTCAGGTGGTA-1	Stromal	6
TGCTATTGTACTAGAA-1	Stromal	0
TGCTATTGTGGCCTCA-1	NK	18
TGCTCACAGAACCATA-1	NK	14
TGCTCACAGCCAGAAC-1	Stromal	2
TGCTCACAGGAATGGA-1	Stromal	11
TGCTCACAGGCAGATC-1	Stromal	10
TGCTCACAGGGAAGCG-1	DC	13
TGCTCACCAACTACTG-1	Stromal	6
TGCTCACCATGTATCG-1	NK	1
TGCTCACCATGTGGGA-1	NK	18
TGCTCACGTGCTGTGC-1	NK	4
TGCTCACGTGTCCTTC-1	NK	19
TGCTCACGTTAGGCTT-1	Stromal	3
TGCTCACTCCGGGCAT-1	Stromal	3
TGCTCACTCCGTTTCG-1	DC	13
TGCTCACTCTTGTCAT-1	Stromal	2
TGCTCGTAGCTGAAAT-1	NK	18
TGCTCGTAGGCAAGCT-1	Stromal	5
TGCTCGTAGGTCCTCG-1	Stromal	5
TGCTCGTCAATGACTC-1	NK	9
TGCTCGTCAATGATGA-1	Stromal	0
TGCTCGTCAGATAAGT-1	NK	14
TGCTCGTCAGGATAGC-1	Stromal	0
TGCTCGTGTAAGGTCG-1	NK	14
TGCTCGTGTGAATGGC-1	NK	1
TGCTCGTGTTGGGAAC-1	Stromal	15
TGCTCGTTCACTACCC-1	NK	1
TGCTCGTTCCAACCTC-1	Stromal	16
TGCTCGTTCCATGTTT-1	Stromal	11
TGCTCGTTCCCGGGTA-1	Stromal	10
TGCTCGTTCCGCGATG-1	NK	9
TGCTCGTTCTCGCGGA-1	Stromal	5
TGCTTCGAGACACAAT-1	NK	14
TGCTTCGAGACGCCCT-1	Stromal	2
TGCTTCGAGCAGAATT-1	DC	13
TGCTTCGAGGCTTTAC-1	Stromal	16
TGCTTCGAGTTATGAG-1	T	17
TGCTTCGCAAGCCCTG-1	NK	14
TGCTTCGCATGTAGAA-1	NK	19
TGCTTCGCATTATGGC-1	Stromal	0
TGCTTCGGTCAGACGA-1	Stromal	6
TGCTTCGGTCCCGAGT-1	T	17
TGCTTCGGTCGTAATC-1	Epithelial	12
TGCTTCGGTGATAACA-1	NK	14
TGCTTCGTCCAGAATC-1	NK	1
TGCTTCGTCCAGGTAT-1	Epithelial	12
TGCTTCGTCGAGAACG-1	Stromal	0
TGCTTCGTCGTCCCTA-1	Stromal	3
TGCTTCGTCTCGCGTT-1	Epithelial	12
TGCTTTAAGAATCAGT-1	NK	4
TGCTTTAAGAGGAACA-1	NK	1
TGCTTTAAGCATTCCA-1	Stromal	5
TGCTTTAAGTCTAGAA-1	NK	19
TGCTTTAAGTGAAGGA-1	T	17
TGCTTTACACTCCCAT-1	NK	18
TGCTTTACATAGTCCA-1	NK	9
TGCTTTAGTACTATGC-1	Stromal	11
TGCTTTAGTGGCCTCA-1	NK	1
TGCTTTAGTTATGCAC-1	Stromal	2
TGCTTTAGTTCAGAAA-1	Stromal	0
TGCTTTAGTTGGCTTA-1	NK	19
TGCTTTATCAGATACC-1	NK	14
TGCTTTATCCGAGGAA-1	Stromal	0
TGGAAGGAGAGGTCCA-1	NK	18
TGGAAGGAGGCTCAGA-1	Epithelial	12
TGGAAGGAGTGCACAG-1	Stromal	16
TGGAAGGCAACGAGGT-1	Stromal	10
TGGAAGGCACACACAT-1	Stromal	5
TGGAAGGCAGACCTGC-1	Stromal	10
TGGAAGGCATGGTTTG-1	B	7
TGGAAGGGTAGTTTGC-1	NK	4
TGGAAGGGTATTGTCG-1	NK	18
TGGAAGGGTCACAGGA-1	NK	14
TGGAAGGGTTTGCCAA-1	Stromal	16
TGGAAGGTCACTCCCA-1	NK	19
TGGAAGGTCCCTACGT-1	NK	9
TGGAAGGTCGAGTGTT-1	Stromal	10
TGGAAGGTCGCTCTAC-1	Stromal	5
TGGAAGGTCGCTGATA-1	NK	1
TGGAAGGTCTCCAACC-1	Stromal	3
TGGACATAGAGGCCTA-1	Stromal	3
TGGACATAGGTGTTGG-1	Stromal	5
TGGACATAGTATCTGC-1	Stromal	15
TGGACATAGTGAATAC-1	NK	19
TGGACATCAAGATTAG-1	NK	19
TGGACATCAATGATGA-1	Stromal	3
TGGACATCACAGTAGG-1	NK	1
TGGACATCACATAAAG-1	NK	1
TGGACATCACCGAATT-1	Stromal	10
TGGACATCACTTACAG-1	Stromal	2
TGGACATTCAACACGT-1	Stromal	0
TGGACATTCCGCCTAT-1	NK	9
TGGACATTCCGTTAGA-1	Stromal	0
TGGACATTCTCTATCA-1	Stromal	0
TGGCAATAGACGAAAG-1	NK	18
TGGCAATAGGGTGTTG-1	DC	13
TGGCAATCAATGGCAG-1	NK	14
TGGCAATCACAGAAGC-1	T	17
TGGCAATCATGATCGT-1	NK	19
TGGCAATGTAAACCCT-1	Stromal	0
TGGCAATGTTGGGAAC-1	NK	18
TGGCAATGTTTGAAGA-1	NK	1
TGGCAATTCCGGAAAG-1	Stromal	0
TGGCAATTCGTCTAGA-1	T	17
TGGCAATTCGTGGCGT-1	NK	14
TGGCAATTCTCTTAAC-1	NK	18
TGGCCTTAGAGCAGCT-1	Stromal	0
TGGCCTTAGCTCCGGT-1	NK	19
TGGCCTTAGGGTTCCC-1	Stromal	5
TGGCCTTAGTAACACA-1	NK	18
TGGCCTTAGTCCTTCC-1	NK	4
TGGCCTTAGTCTAGAA-1	NK	18
TGGCCTTAGTGATAAC-1	Stromal	0
TGGCCTTCAAAGCTTC-1	Stromal	10
TGGCCTTGTAACATAG-1	Stromal	15
TGGCCTTGTAGCTGTT-1	NK	1
TGGCCTTGTCAACTGT-1	NK	14
TGGCCTTGTGCTTGAT-1	Stromal	3
TGGCCTTGTGGTAAGC-1	Stromal	3
TGGCCTTTCCCGGGTA-1	Stromal	16
TGGCGCACAAGCCCTG-1	B	7
TGGCGCACAATGGCAG-1	NK	1
TGGCGCACAATGTGCT-1	Stromal	0
TGGCGCACACAATAAG-1	Stromal	2
TGGCGCACACATTCTT-1	Stromal	6
TGGCGCACACCACCAG-1	Stromal	5
TGGCGCACAGAGCCAA-1	Stromal	10
TGGCGCAGTCATTGCA-1	Stromal	2
TGGCGCAGTCCACCAG-1	Stromal	5
TGGCGCAGTCCTCAGG-1	Stromal	6
TGGCGCAGTTCCGCGA-1	NK	19
TGGCGCAGTTTGGATC-1	NK	1
TGGCGCATCAAAGTAG-1	NK	1
TGGCGCATCCCACGGA-1	Stromal	15
TGGCGCATCGGTTGTA-1	B	7
TGGCGCATCTTGTACT-1	Stromal	0
TGGGTGCAGCTCCATA-1	Stromal	0
TGGGTGCAGTAACTCC-1	Stromal	3
TGGGTGCCATTGCCTC-1	Stromal	0
TGGGTGCGTAGATTAG-1	Stromal	16
TGGGTGCGTCACAGGA-1	NK	18
TGGGTGCGTGTGTGCC-1	NK	4
TGGGTGCGTTCCAGTA-1	NK	1
TGGGTGCGTTTCTACT-1	Stromal	3
TGGGTGCTCACTAGCA-1	Stromal	0
TGGGTGCTCGGACGAA-1	Stromal	0
TGGGTGCTCGTGGTAT-1	Stromal	16
TGGGTTAAGTGATAAC-1	Stromal	2
TGGGTTAAGTTGGAAT-1	Stromal	11
TGGGTTACAAACGACG-1	NK	14
TGGGTTACACGTTAGT-1	Epithelial	12
TGGGTTACAGCTTACA-1	Stromal	10
TGGGTTACATCATGTG-1	NK	4
TGGGTTACATTCGTCC-1	Epithelial	12
TGGGTTACATTGCACA-1	Stromal	5
TGGGTTAGTATCACAC-1	NK	18
TGGGTTAGTCATAGCT-1	Stromal	10
TGGGTTAGTCCAACCG-1	Stromal	6
TGGGTTAGTTCTGATG-1	NK	18
TGGGTTATCCGTGCAG-1	NK	1
TGGGTTATCCTTGACC-1	Stromal	3
TGGGTTATCTCGACAA-1	Stromal	16
TGGTCAAAGAGAGGTA-1	NK	18
TGGTCAAAGGAGACTC-1	NK	1
TGGTCAAAGTCCTTCC-1	T	17
TGGTCAACAGAATGCG-1	Stromal	6
TGGTCAAGTCATAAGA-1	NK	14
TGGTCAAGTTCAGTTG-1	Stromal	16
TGGTCAAGTTGTGAGG-1	Stromal	15
TGGTCAAGTTTGAAGA-1	NK	18
TGGTCAATCACAACAC-1	Stromal	6
TGGTCAATCTTGGCCT-1	Stromal	6
TGGTCCTCAACACGGA-1	Stromal	3
TGGTCCTCACGCGCAT-1	Stromal	16
TGGTCCTCACTGATTG-1	NK	4
TGGTCCTCAGCGTAGA-1	NK	19
TGGTCCTCATCCCTTG-1	T	17
TGGTCCTCATGCCTTC-1	Stromal	16
TGGTCCTGTTTGCGAT-1	Stromal	5
TGGTCCTTCCAACGCG-1	NK	18
TGGTCCTTCTATACCT-1	Stromal	0
TGGTCCTTCTATCTAC-1	Stromal	0
TGGTCCTTCTTAAGCG-1	Stromal	0
TGTAAGCAGAAATCTG-1	Stromal	6
TGTAAGCAGACACTTC-1	NK	1
TGTAAGCCAATACTGC-1	Stromal	15
TGTAAGCCACTGATAC-1	Stromal	5
TGTAAGCCACTTATGG-1	NK	1
TGTAAGCCAGTAGTTC-1	Stromal	10
TGTAAGCGTACGGTTT-1	Epithelial	12
TGTAAGCGTGCCCTAG-1	Stromal	10
TGTAAGCGTTGGAGGT-1	NK	1
TGTAAGCTCCTATCAT-1	NK	19
TGTAAGCTCGATTACG-1	Stromal	11
TGTAAGCTCGTTCAGA-1	T	17
TGTACAGAGAATATCG-1	NK	4
TGTACAGAGCGTCAAG-1	Stromal	0
TGTACAGAGTCGCCTG-1	NK	18
TGTACAGCAGATTAAG-1	DC	13
TGTACAGCATGCGACC-1	NK	9
TGTACAGGTGAGGGTT-1	NK	1
TGTACAGTCATCGCTC-1	NK	14
TGTACAGTCCCGTATC-1	Stromal	2
TGTACAGTCGAGTGTT-1	Stromal	6
TGTACAGTCTCTCAAT-1	Stromal	15
TGTACGAAGCGTTAGG-1	Stromal	16
TGTACGAAGGTTACAA-1	Stromal	6
TGTACGACAAAGGCCA-1	NK	1
TGTACGACACACTAGT-1	NK	1
TGTACGACAGATTAAG-1	Stromal	3
TGTACGACAGTCAGAG-1	NK	1
TGTACGAGTAAGCCGA-1	NK	18
TGTACGAGTAATGCAA-1	Stromal	16
TGTACGAGTGTCGTGC-1	Stromal	16
TGTACGAGTTCTTAGG-1	Stromal	15
TGTACGATCAGGTTTG-1	Epithelial	12
TGTACGATCCCAGTAA-1	Stromal	6
TGTACGATCGCCCTTA-1	NK	1
TGTACGATCGTGAACT-1	NK	1
TGTACGATCTCGACAA-1	Stromal	3
TGTACGATCTTTATCG-1	NK	1
TGTAGCAAGCGGACTA-1	NK	14
TGTAGCAAGGATTTGA-1	NK	14
TGTAGCAAGTATACCC-1	NK	14
TGTAGCACAAGACTAA-1	Stromal	5
TGTAGCACATCAGCTA-1	NK	19
TGTAGCACATGTGAGG-1	Stromal	5
TGTAGCAGTAATGTAG-1	Stromal	0
TGTAGCAGTATCGCGC-1	B	7
TGTAGCAGTGTCCTTC-1	Stromal	10
TGTAGCATCATGAACC-1	Stromal	5
TGTAGCATCGTTGTTT-1	Stromal	10
TGTAGCATCTCTGACC-1	NK	9
TGTAGCATCTTGTCGC-1	NK	18
TGTGACAAGATCACCT-1	Stromal	3
TGTGACAAGGGAAGCG-1	Stromal	11
TGTGACACACAAGGGT-1	NK	14
TGTGACACACTGTAAC-1	NK	19
TGTGACACAGGCATTT-1	DC	13
TGTGACACAGGGTAAC-1	NK	1
TGTGACACATTCTCGC-1	NK	19
TGTGACAGTATTCTTC-1	NK	1
TGTGACAGTCACAGGA-1	NK	14
TGTGACAGTCAGGCTC-1	Stromal	2
TGTGACAGTGTCCCAG-1	Stromal	11
TGTGACAGTTTGTAGC-1	Stromal	16
TGTGACATCACCGCGA-1	NK	9
TGTGACATCAGGATCT-1	Stromal	6
TGTGACATCCATACGA-1	NK	18
TGTGACATCCATAGGT-1	Stromal	16
TGTGACATCGATGTGT-1	B	7
TGTGACATCGGGACAA-1	NK	1
TGTGACATCGGTCCGA-1	NK	19
TGTGGCGAGACAGTGC-1	NK	1
TGTGGCGAGAGGAACA-1	Stromal	3
TGTGGCGAGGAATGGA-1	Stromal	5
TGTGGCGAGGCCAGTA-1	Stromal	11
TGTGGCGAGGGCGAAG-1	Stromal	0
TGTGGCGCAACTGCGC-1	NK	1
TGTGGCGCAGGCATCC-1	Stromal	3
TGTGGCGGTACAAATG-1	NK	9
TGTGGCGGTACCCATA-1	NK	18
TGTGGCGTCATGAACC-1	NK	1
TGTGGCGTCCTAAGTG-1	Stromal	5
TGTGGCGTCGGGATCC-1	NK	8
TGTGTCCAGAGCGGTT-1	Stromal	3
TGTGTCCAGCAATGTA-1	NK	19
TGTGTCCCACAAGTGG-1	NK	1
TGTGTCCCACGTACAT-1	Stromal	2
TGTGTCCCACTCGCAG-1	Stromal	5
TGTGTCCCAGCAACAG-1	Stromal	11
TGTGTCCCAGTAGTTC-1	Stromal	0
TGTGTCCCATCGGCTG-1	Stromal	2
TGTGTCCGTATTCTCT-1	NK	18
TGTGTCCGTGATGCGA-1	Stromal	6
TGTGTCCTCGGTCTAA-1	NK	14
TGTGTCCTCGTCCCTA-1	B	7
TGTGTCCTCTACCCGT-1	Stromal	0
TGTGTCCTCTAGTCGA-1	NK	14
TGTGTCCTCTGGCTAA-1	NK	19
TGTTAGGCAATTGCCA-1	NK	4
TGTTAGGCACCTCGTT-1	Stromal	16
TGTTAGGCATAGACGG-1	DC	13
TGTTAGGGTATTGTCG-1	Stromal	6
TGTTAGGGTCAGCAAG-1	Stromal	16
TGTTAGGGTGTCGTCG-1	Stromal	2
TGTTAGGGTGTTGTTG-1	Epithelial	12
TGTTAGGTCCATACCC-1	Stromal	6
TGTTAGGTCGCACAAT-1	NK	14
TGTTAGGTCGCTATAG-1	Stromal	0
TGTTAGGTCTTACTCA-1	NK	19
TTAACGGAGGCCAATG-1	NK	1
TTAACGGAGTTGCCGC-1	Stromal	6
TTAACGGGTCCCGAGT-1	Stromal	2
TTAACGGTCAGAACGG-1	Stromal	0
TTAACGGTCAGGCGCT-1	NK	14
TTAACGGTCGATCTTT-1	Stromal	11
TTAACGGTCGGAAAGC-1	NK	18
TTAACGGTCTTGTACT-1	Stromal	11
TTACCCGAGAATCAAC-1	Stromal	10
TTACCCGAGCGCCTAC-1	B	7
TTACCCGAGTGAGCTG-1	NK	1
TTACCCGCAACGTCGC-1	NK	14
TTACCCGGTAACGGAC-1	NK	4
TTACCCGGTGATAGAT-1	NK	1
TTACCCGGTGGACGAT-1	NK	4
TTACCCGGTGTTGGTT-1	Stromal	16
TTACCCGTCTCTATCA-1	Stromal	2
TTACCGCAGGGCGAAG-1	Stromal	15
TTACCGCCACTAGCCG-1	Epithelial	12
TTACCGCGTATTCACG-1	Stromal	16
TTACCGCGTCACTCTC-1	NK	1
TTACCGCGTGCGACCT-1	Stromal	0
TTACCGCGTTTGGATC-1	Stromal	0
TTACCGCTCGGCTATA-1	NK	1
TTACGGAAGCAGTAGC-1	Stromal	10
TTACGGACATAGCCAT-1	Stromal	3
TTACGGAGTAAGGTCG-1	Stromal	3
TTACGGAGTAGCGTTT-1	Stromal	11
TTACGGAGTATCAGCT-1	NK	19
TTACGGAGTCGAGAAC-1	Stromal	15
TTACGGAGTGGTAGAC-1	Stromal	3
TTACGGAGTTTAAGGA-1	T	17
TTACGGAGTTTCGACA-1	Stromal	10
TTACGGATCAAAGTAG-1	NK	18
TTACGGATCCGATGCG-1	NK	18
TTACGGATCGCTATTT-1	DC	13
TTACGTTAGCCCATGC-1	NK	19
TTACGTTAGCGTTAGG-1	Stromal	0
TTACGTTAGGGACGTT-1	Stromal	3
TTACGTTAGTGGACGT-1	Stromal	16
TTACGTTCAATCACTG-1	Stromal	2
TTACGTTCACATGATC-1	T	17
TTACGTTCACGCTAAT-1	Stromal	0
TTACGTTCACTGGGCT-1	Stromal	16
TTACGTTCAGTGGTCC-1	DC	13
TTACGTTCATCCCTTG-1	Stromal	0
TTACGTTCATGCGCTG-1	Stromal	10
TTACGTTCATTCACCC-1	NK	4
TTACGTTGTCAACGGA-1	Stromal	0
TTACGTTTCCAACCTC-1	NK	1
TTACGTTTCCACGGCA-1	Epithelial	12
TTACGTTTCCGAGGAA-1	NK	18
TTACTCAAGAGCTACG-1	Stromal	6
TTACTCAAGATAGGTT-1	NK	18
TTACTCAAGGAAGAAC-1	NK	8
TTACTCAAGGCGATTG-1	Epithelial	12
TTACTCAAGGTTTCTG-1	NK	9
TTACTCACAAAGGCCA-1	NK	14
TTACTCACAAGTTGCT-1	Epithelial	12
TTACTCACACAAACAA-1	NK	18
TTACTCACACAGTTCA-1	Stromal	16
TTACTCACACCCTTTG-1	NK	1
TTACTCAGTCGTAATC-1	Stromal	10
TTACTCAGTGAATGTA-1	Stromal	0
TTACTCAGTGGAGTGT-1	NK	9
TTACTCATCGAGGTAG-1	Stromal	11
TTACTTGAGCTTCAAC-1	NK	9
TTACTTGCACTAGCCG-1	NK	19
TTACTTGCATCATAGC-1	NK	9
TTACTTGGTAAAGGCC-1	NK	4
TTACTTGGTATCTGCA-1	B	7
TTACTTGGTATTCGAC-1	NK	1
TTACTTGGTTCTACGA-1	Stromal	6
TTACTTGTCCAATCCC-1	Stromal	2
TTACTTGTCCATACCC-1	NK	1
TTACTTGTCGCACCGA-1	Epithelial	12
TTACTTGTCGTTACAG-1	Stromal	6
TTAGCGAAGACCATAA-1	NK	4
TTAGCGACAATGAAAC-1	NK	14
TTAGCGACATACAACC-1	NK	18
TTAGCGAGTCAATCCA-1	NK	14
TTAGCGATCACTACCC-1	Stromal	16
TTAGCGATCGCTGATA-1	Stromal	10
TTAGCGATCGCTTGAA-1	NK	19
TTAGCTTAGTCATACC-1	NK	18
TTAGCTTAGTGAATAC-1	Stromal	6
TTAGCTTAGTTGACAA-1	Stromal	11
TTAGCTTCACATAAAG-1	Stromal	0
TTAGCTTCACTACACA-1	Epithelial	12
TTAGCTTCATTAGCAC-1	Stromal	0
TTAGCTTGTGCTGGCT-1	Stromal	0
TTAGCTTGTGGACAGT-1	Stromal	6
TTAGGTGAGAACCATA-1	NK	19
TTAGGTGAGTCCAGAG-1	Stromal	3
TTAGGTGCATAGCCAT-1	Stromal	16
TTAGGTGCATATTGGC-1	Stromal	5
TTAGGTGGTAACTGAA-1	NK	4
TTAGGTGGTATTCTGG-1	NK	9
TTAGGTGGTCAAATCC-1	Stromal	0
TTAGGTGGTGTGCGTC-1	Stromal	10
TTAGGTGGTTGAAGCG-1	Stromal	2
TTAGGTGTCAGAACGG-1	Stromal	10
TTAGGTGTCGCTTACC-1	Stromal	0
TTAGGTGTCTAAACGC-1	Stromal	16
TTATGTCAGCGTATCT-1	Stromal	6
TTATGTCAGTAACTCC-1	NK	14
TTATGTCAGTCGAAAT-1	Stromal	6
TTATGTCCAACGCAAG-1	B	7
TTATGTCCAAGCAACG-1	Stromal	11
TTATGTCCAATCAGGG-1	Stromal	0
TTATGTCCAATTCAGC-1	NK	18
TTATGTCCATAGACGG-1	NK	18
TTATGTCGTCAACAGG-1	Stromal	5
TTATGTCGTTTCGATG-1	NK	1
TTATGTCTCGACTGGC-1	NK	14
TTATGTCTCGTCCCTA-1	Stromal	10
TTATGTCTCTGGGCGT-1	Epithelial	12
TTCAACTAGGCACTAG-1	Stromal	3
TTCAACTCAACGCAAG-1	Stromal	0
TTCAACTCAAGGCGTA-1	Stromal	0
TTCAACTCACCATTCC-1	Stromal	3
TTCAACTCAGCAAACG-1	Stromal	0
TTCAACTCATAGTCCA-1	NK	14
TTCAACTGTATCACAC-1	NK	19
TTCAACTGTCCAACCG-1	NK	1
TTCAACTGTGAATGTA-1	Stromal	5
TTCAACTGTTAAGTCC-1	Stromal	6
TTCAACTTCCAAGTCA-1	DC	13
TTCAACTTCCATCGAA-1	Stromal	0
TTCAACTTCTATCTCA-1	Stromal	6
TTCAACTTCTCGACCT-1	Stromal	3
TTCATCAAGGATATCA-1	Stromal	3
TTCATCACACCGTTGG-1	Stromal	3
TTCATCACACTCCCAT-1	Stromal	5
TTCATCACAGCGCGTT-1	NK	4
TTCATCACAGGGAGTT-1	Stromal	15
TTCATCAGTACTTCAG-1	B	7
TTCATCAGTATCCCTC-1	T	17
TTCATCAGTGAGGGTT-1	NK	18
TTCATCAGTGCTAGTT-1	NK	14
TTCATCATCCCGAAGC-1	NK	4
TTCATCATCCCGCAAG-1	Epithelial	12
TTCATCATCGCACCTT-1	NK	18
TTCATTGAGGGAAGCG-1	NK	4
TTCATTGAGTGAGCTG-1	T	17
TTCATTGCAGTAAGAT-1	NK	18
TTCATTGGTAAACGAT-1	Stromal	0
TTCATTGGTACCCACG-1	Stromal	2
TTCATTGGTTACTACG-1	NK	14
TTCATTGTCAATTCCT-1	NK	1
TTCATTGTCGCAACTA-1	Stromal	6
TTCATTGTCGGGCTCA-1	Stromal	0
TTCGATTAGAAATCTG-1	NK	8
TTCGATTAGAGTTCGG-1	Stromal	6
TTCGATTAGGCACTAG-1	Stromal	0
TTCGATTAGGCCTAAG-1	Stromal	5
TTCGATTAGGCTGGAT-1	NK	19
TTCGATTAGTATGGGC-1	Epithelial	12
TTCGATTAGTCCAGAG-1	Stromal	5
TTCGATTGTACAAGCG-1	Stromal	0
TTCGATTGTACTAGAA-1	NK	1
TTCGATTTCGTGAGTT-1	NK	1
TTCGCGTAGGTCACTT-1	Stromal	10
TTCGCGTCAAAGAAGG-1	NK	14
TTCGCGTCAAGCAGGT-1	NK	18
TTCGCGTGTAAGGTCG-1	NK	4
TTCGCGTGTCAACGGA-1	Stromal	0
TTCGCGTGTCAGCAAG-1	Stromal	5
TTCGCGTGTGAATGTA-1	NK	1
TTCGCGTGTGGAGTGT-1	Stromal	15
TTCGCGTGTTCGGGAA-1	Stromal	10
TTCGCGTGTTTGATCG-1	Stromal	0
TTCGCGTTCAGGCCGT-1	NK	9
TTCGCGTTCCAGCACG-1	NK	19
TTCGCGTTCGATTACG-1	NK	14
TTCGCGTTCGCATAAC-1	Stromal	0
TTCGCGTTCTCTTAAC-1	NK	18
TTCGGTCAGTCTGGGA-1	Stromal	0
TTCGGTCAGTTCGACT-1	Stromal	5
TTCGGTCCAACTCGAT-1	T	17
TTCGGTCCAGGGTAAC-1	NK	18
TTCGGTCGTCCGGTAC-1	NK	18
TTCGGTCGTTCCCAAA-1	NK	19
TTCGGTCTCACTTACT-1	NK	18
TTCGGTCTCCCAGCAG-1	T	17
TTCGGTCTCCTGAAAC-1	NK	18
TTCGGTCTCTTCAGAG-1	NK	1
TTCGTTAAGACAGCTG-1	NK	18
TTCGTTAAGAGCGGTT-1	NK	4
TTCGTTAAGCAGGAGG-1	Stromal	0
TTCGTTACAAACCGAG-1	Stromal	0
TTCGTTACAATTCAGC-1	T	17
TTCGTTACATTTCACT-1	Stromal	5
TTCGTTAGTAGAGAGA-1	Stromal	15
TTCGTTAGTCAAGACG-1	NK	19
TTCGTTAGTCGAGGTA-1	Stromal	0
TTCGTTAGTCGTCGCA-1	Stromal	5
TTCGTTAGTGCGTTTA-1	NK	1
TTCGTTAGTGTGCTTA-1	Stromal	11
TTCGTTATCCAACGCG-1	NK	18
TTCGTTATCTAGTCGA-1	T	17
TTCGTTATCTTTATCG-1	Stromal	16
TTCTAACAGCAATGTA-1	NK	8
TTCTAACAGGCGATTG-1	Stromal	5
TTCTAACAGTGTCGGA-1	Stromal	6
TTCTAACCATTCCCGT-1	NK	14
TTCTAACTCAAACCAC-1	Stromal	5
TTCTAACTCAGTCAAC-1	B	7
TTCTAACTCCCTAAAG-1	Stromal	10
TTCTGTAAGATCGAGC-1	NK	9
TTCTGTAAGTCCGGAA-1	Epithelial	12
TTCTGTAAGTGGGACT-1	T	17
TTCTGTACAAAGGTCG-1	Stromal	6
TTCTGTACAATGGTAA-1	Stromal	2
TTCTGTACAATTGGCT-1	NK	1
TTCTGTACAGAGAGAA-1	NK	18
TTCTGTACAGCGCGTT-1	Stromal	5
TTCTGTACATGTGGGA-1	Stromal	15
TTCTGTAGTAGCATGG-1	Stromal	3
TTCTGTAGTAGTGATA-1	Stromal	6
TTCTGTAGTGAGCTAG-1	NK	14
TTCTGTAGTGAGTTGG-1	Stromal	6
TTCTGTAGTGATAGAT-1	NK	1
TTCTGTAGTGCTGAAG-1	Stromal	0
TTCTGTATCACACGTA-1	NK	19
TTCTGTATCGGCTATA-1	NK	19
TTCTGTATCTTAGTGG-1	NK	19
TTGACGAAGAGCGGTT-1	Epithelial	12
TTGACGAGTACTTCAG-1	T	17
TTGACGAGTATTCTGG-1	NK	1
TTGACGAGTGCTTACA-1	NK	1
TTGACGAGTGGACTGA-1	NK	1
TTGACGAGTTACTACG-1	Stromal	16
TTGACGATCAATCGTG-1	NK	18
TTGACGATCACAAGCT-1	Stromal	10
TTGACGATCACTGATG-1	NK	14
TTGACGATCATTCTTG-1	NK	19
TTGACGATCCACCTAC-1	Epithelial	12
TTGACGATCGACTATG-1	NK	18
TTGACGATCGCAGATT-1	Stromal	11
TTGAGCACAAGTCTCA-1	NK	18
TTGAGCACAATTCTCT-1	Epithelial	12
TTGAGCACACTTATGG-1	Stromal	6
TTGAGCACAGCGTACC-1	Stromal	2
TTGAGCAGTTTCCTAT-1	NK	19
TTGAGCATCACTGGTA-1	NK	1
TTGAGCATCAGTCTTT-1	Stromal	5
TTGAGCATCCATGACA-1	Stromal	10
TTGAGCATCGCCAGAC-1	Stromal	10
TTGAGCATCTTAATCC-1	NK	4
TTGAGTGAGACGTCAG-1	NK	18
TTGAGTGAGCTGAAAT-1	NK	1
TTGAGTGAGTGAGCTG-1	Stromal	15
TTGAGTGCATGCCCTT-1	Stromal	0
TTGAGTGGTACGCAAG-1	Stromal	0
TTGAGTGGTGATAACA-1	NK	1
TTGAGTGTCGCGCCAA-1	NK	4
TTGCACCAGACCCATT-1	Stromal	6
TTGCACCAGGTGTCGA-1	DC	13
TTGCACCAGGTTGTTC-1	NK	18
TTGCACCCACGGCCAT-1	NK	18
TTGCACCCACTACACA-1	Stromal	16
TTGCACCCACTTATGG-1	Stromal	0
TTGCACCCAGATAAGT-1	Stromal	2
TTGCACCCAGCGCGTT-1	NK	18
TTGCACCCATTCGTCC-1	DC	13
TTGCACCTCCATAACG-1	Stromal	10
TTGCACCTCTTTCGAT-1	NK	18
TTGCAGACACGATATC-1	NK	19
TTGCAGACATATACGC-1	NK	1
TTGCAGACATGATTGC-1	NK	19
TTGCAGAGTACGTAAA-1	NK	4
TTGCAGATCGACTCGG-1	NK	14
TTGCAGATCTGACTTT-1	Stromal	0
TTGCAGATCTTCTTCC-1	B	7
TTGCCCAAGCGATACG-1	NK	18
TTGCCCAAGGCTTCGC-1	Epithelial	12
TTGCCCAAGTCAGCCC-1	NK	1
TTGCCCAAGTCTGTGT-1	DC	13
TTGCCCACAATGATGA-1	Stromal	5
TTGCCCACAGAGATGC-1	T	17
TTGCCCAGTAACTGAA-1	NK	14
TTGCCCAGTATTCGAC-1	Stromal	10
TTGCCCAGTGGCCTTG-1	NK	19
TTGCCCATCAATCGTG-1	Stromal	10
TTGCCCATCACGGGTC-1	NK	18
TTGCCCATCCATTGTT-1	NK	14
TTGCCCATCCTCCCAA-1	Stromal	2
TTGCCCATCGCCAGAC-1	NK	4
TTGCCCATCGGACGAA-1	NK	1
TTGCCCATCGTGATAC-1	Stromal	10
TTGCGAACACTCGGAC-1	NK	8
TTGCGAACAGTCAGAG-1	Stromal	0
TTGCGAACATTCACGA-1	B	7
TTGCGAAGTCAACGGA-1	NK	14
TTGCGAATCCTATCCG-1	Stromal	16
TTGCGAATCTATCTAC-1	Stromal	16
TTGCGAATCTTCCGTG-1	NK	9
TTGCGGGAGACACGGT-1	NK	18
TTGCGGGAGTCGATAA-1	NK	1
TTGCGGGCACTGCTTC-1	NK	1
TTGCGGGCAGAACTTC-1	Stromal	6
TTGCGGGCATGTATCG-1	NK	14
TTGCGGGGTAAACGTA-1	Stromal	0
TTGCGGGGTCAATCCA-1	Stromal	2
TTGCGGGGTCGAGGAT-1	Stromal	6
TTGCGGGGTTGGACGA-1	NK	1
TTGCGGGGTTTAGACC-1	Stromal	16
TTGCGGGTCAAGGCAG-1	NK	8
TTGCGGGTCCCACGGA-1	NK	1
TTGCGGGTCTCGCGGA-1	NK	1
TTGCTATAGACGTCAG-1	Stromal	15
TTGCTATAGCAATAAC-1	Stromal	3
TTGCTATAGGGCGAAG-1	Stromal	3
TTGCTATAGTCGTATC-1	NK	1
TTGCTATCAAATTGAG-1	B	7
TTGCTATCACTCAAGT-1	Stromal	10
TTGCTATCACTCCTCA-1	Stromal	2
TTGCTATCATACAACC-1	Stromal	15
TTGCTATCATAGGCGA-1	Stromal	0
TTGCTATCATTCACGA-1	DC	13
TTGCTATGTAGACACG-1	Stromal	2
TTGCTATGTATCATGC-1	Stromal	3
TTGCTATGTATCTGCA-1	NK	19
TTGCTATGTCGACTGC-1	DC	13
TTGCTATGTGGTACTT-1	NK	19
TTGCTATTCCTATCAT-1	NK	14
TTGCTATTCCTTCGAC-1	NK	19
TTGCTATTCGTTGTAG-1	NK	14
TTGCTTAAGACCATAA-1	NK	4
TTGCTTAAGACCCATT-1	Stromal	2
TTGCTTAAGACTCGGA-1	Stromal	6
TTGCTTAAGAGAACCC-1	Stromal	16
TTGCTTAAGTCCGTGC-1	NK	4
TTGCTTAAGTGCTCGC-1	NK	19
TTGCTTAAGTTGCTTG-1	Stromal	6
TTGCTTACAAGGAGGG-1	NK	18
TTGCTTACAAGTTGCT-1	Stromal	10
TTGCTTACACTGGGCT-1	Epithelial	12
TTGCTTACAGATTAAG-1	NK	18
TTGCTTACATTGCGAT-1	Stromal	0
TTGCTTAGTGCTTCCT-1	Stromal	3
TTGCTTATCAGAATGA-1	NK	1
TTGCTTATCCAGTTAG-1	Stromal	5
TTGCTTATCCCACTTG-1	Stromal	15
TTGCTTATCTTAACGG-1	Stromal	0
TTGGTCCAGCTCGGCT-1	NK	14
TTGGTCCAGGATTGCG-1	Stromal	2
TTGGTCCAGTACAACA-1	NK	19
TTGGTCCAGTTCAACC-1	NK	14
TTGGTCCCAAGGAACC-1	Stromal	15
TTGGTCCCAGTTGGAG-1	T	17
TTGGTCCCATGTAGAA-1	DC	13
TTGGTCCCATTTGGTG-1	NK	18
TTGGTCCGTTACTACG-1	B	7
TTGGTCCGTTGTGAGG-1	Stromal	3
TTGGTCCGTTTGCCAA-1	Stromal	6
TTGGTCCTCACTGATG-1	Epithelial	12
TTGGTCCTCGCCCTTA-1	NK	14
TTGGTCCTCGGTCTAA-1	Stromal	16
TTGTCTAAGCTGCTCG-1	DC	13
TTGTCTACAAGCTTTG-1	Stromal	0
TTGTCTACATTTGGCA-1	Stromal	2
TTGTCTAGTAATGCAA-1	NK	18
TTGTCTAGTAGGGTTG-1	NK	1
TTGTCTAGTCAACTAC-1	Epithelial	12
TTGTCTATCAGGGTTT-1	Stromal	6
TTGTCTATCAGGTTTG-1	Stromal	0
TTGTCTATCCCAGTAA-1	Stromal	10
TTGTCTATCGATAGCT-1	Stromal	0
TTGTCTATCTACATCT-1	NK	18
TTGTCTATCTGGAAGG-1	Stromal	2
TTGTTCAAGGCTTCGC-1	Stromal	2
TTGTTCACAGTCCTGG-1	NK	4
TTGTTCACATGGTAAA-1	T	17
TTGTTCAGTAGAAAGG-1	Stromal	11
TTGTTCAGTCATCGTA-1	NK	1
TTGTTCAGTCGACTGC-1	Stromal	6
TTGTTCAGTCTGATTG-1	B	7
TTGTTCAGTGAGTAAT-1	Stromal	3
TTGTTGTAGAGGTGGG-1	NK	4
TTGTTGTAGCAGTAGC-1	Stromal	10
TTGTTGTAGGAGAACA-1	NK	4
TTGTTGTCAAGTTGCT-1	Stromal	6
TTGTTGTCACACACAT-1	NK	19
TTGTTGTCACAGGTAG-1	NK	8
TTGTTGTCAGCTATAC-1	Stromal	5
TTGTTGTCAGGTAGGT-1	DC	13
TTGTTGTGTCCTCAGG-1	Stromal	10
TTGTTGTTCGCCTTAC-1	Stromal	0
TTGTTGTTCGTGTGCG-1	Stromal	5
TTTACGTAGCGCACAA-1	NK	19
TTTACGTAGGCTTCGC-1	NK	19
TTTACGTCAATCACTG-1	Stromal	5
TTTACGTCACAATAAG-1	NK	14
TTTACGTCAGCAACGA-1	B	7
TTTACGTCATGGCCCA-1	NK	19
TTTACGTCATGGGTGA-1	Stromal	2
TTTACGTGTAAGTCTC-1	NK	1
TTTACGTGTAGTCTGT-1	NK	14
TTTACGTTCAGAACGG-1	NK	18
TTTACGTTCATCATGG-1	Stromal	10
TTTACGTTCGGTACTA-1	NK	18
TTTACGTTCTGCGTCT-1	NK	1
TTTGAGGAGACGACTG-1	NK	4
TTTGAGGAGTAATGTG-1	NK	18
TTTGAGGCAAGGATGC-1	NK	4
TTTGAGGCACCATTCC-1	NK	14
TTTGAGGCAGTTAAAG-1	T	17
TTTGAGGGTAAACGTA-1	NK	18
TTTGAGGGTCAGAGTG-1	Stromal	5
TTTGAGGTCGGAGTTT-1	Stromal	0
TTTGCGCAGATTACGA-1	Stromal	0
TTTGCGCAGGGCGAAG-1	Stromal	6
TTTGCGCAGTCCGTGC-1	Stromal	5
TTTGCGCAGTGAACCG-1	NK	18
TTTGCGCAGTTCGACT-1	NK	14
TTTGCGCCACGTGAAG-1	NK	19
TTTGCGCCAGTAACCT-1	Stromal	10
TTTGCGCGTCTGGTCG-1	NK	19
TTTGCGCGTGTCCAGC-1	NK	18
TTTGCGCGTGTCCCAG-1	NK	14
TTTGCGCTCGAGGTCC-1	Stromal	16
TTTGCGCTCGGTCTCT-1	NK	1
TTTGCGCTCGTGCTTC-1	NK	1
TTTGCGCTCTAGCAGT-1	NK	1
TTTGGCCAGCGCAATG-1	Stromal	6
TTTGGCCAGGAAGGTA-1	Stromal	3
TTTGGCCAGTTGCCGC-1	NK	4
TTTGGCCCAAGCACTT-1	Stromal	0
TTTGGCCGTCTAACCA-1	Epithelial	12
TTTGGCCTCAAGGCCC-1	DC	13
TTTGGCCTCACTAGGT-1	T	17
TTTGGCCTCATCATGG-1	Stromal	2
TTTGGCCTCGACTGGC-1	NK	8
TTTGGTTAGAGCCTGA-1	NK	18
TTTGGTTAGAGTGGAA-1	NK	18
TTTGGTTAGGATGTAT-1	NK	1
TTTGGTTAGTGAGCAC-1	NK	1
TTTGGTTCAATTGGCT-1	Stromal	2
TTTGGTTCACCTGGTG-1	NK	1
TTTGGTTCAGTCCTGG-1	B	7
TTTGGTTGTAACTCCA-1	Stromal	16
TTTGGTTGTCTAAGAA-1	NK	8
TTTGGTTGTGTGAGGT-1	NK	14
TTTGGTTTCCGAGAGA-1	NK	18
TTTGGTTTCGTTACAG-1	NK	18
TTTGGTTTCTATGAGC-1	B	7
TTTGTGTAGACAGTGC-1	Epithelial	12
TTTGTGTAGCAGAGCT-1	Stromal	6
TTTGTGTCAGGTGGTA-1	NK	1
TTTGTGTCATTAGCAC-1	NK	14
TTTGTGTGTAGAAAGG-1	NK	8
TTTGTGTGTCATTGCA-1	Stromal	10
TTTGTGTGTCCGTAGC-1	NK	1
TTTGTGTGTGCATTGT-1	B	7
TTTGTGTTCGACTGGC-1	NK	19
TTTGTGTTCTTCTCTC-1	NK	18
