AAACGAAAGACGACTG-1	Epithelial	15
AAACGAACAACCTCCT-1	Epithelial	19
AAACGAACACGCGTTG-1	Epithelial	2
AAACGAAGTGATGCGA-1	Epithelial	18
AAACGAAGTGCAACAG-1	Myeloid	0
AAACGAAGTGGCATAG-1	Epithelial	19
AAACGAAGTTCCCAAA-1	Epithelial	15
AAACGAATCCAGTACA-1	Epithelial	16
AAACGAATCGCGATGC-1	Epithelial	2
AAACGAATCGTCGCAG-1	Epithelial	5
AAACGAATCTCGCGGA-1	Epithelial	2
AAACTCGAGAACGCCA-1	Epithelial	18
AAACTCGAGGTTACAA-1	Epithelial	1
AAACTCGCAAAGGCCA-1	Myeloid	17
AAACTCGCAAGCGGTA-1	Epithelial	10
AAACTCGGTAGATTAG-1	Epithelial	13
AAACTCGGTCATCAAC-1	Epithelial	11
AAACTCGGTTCTGATG-1	Epithelial	18
AAACTCGTCACGTGTA-1	Epithelial	6
AAACTGCAGATGAGGA-1	Epithelial	13
AAACTGCCAAGCGTCC-1	Epithelial	2
AAACTGCCACCTCGTT-1	Epithelial	3
AAACTGCCAGACCTGC-1	Epithelial	15
AAACTGCCATACTGCA-1	Myeloid	0
AAACTGCCATCCGTGG-1	Myeloid	0
AAACTGCCATCTCACC-1	T	4
AAACTGCGTCGTAGTT-1	Epithelial	2
AAACTGCGTTAACTCG-1	Epithelial	1
AAACTGCGTTATCGAC-1	Stromal	9
AAACTGCTCATTCTTG-1	Myeloid	0
AAACTGCTCCGAGAGA-1	Epithelial	2
AAACTGCTCTCATCCG-1	T	4
AAAGATGAGCTGAGGT-1	Epithelial	12
AAAGATGAGGAGACTC-1	Epithelial	16
AAAGATGAGTTCTCCC-1	Epithelial	6
AAAGATGCAATGCACT-1	T	4
AAAGATGCAATGGCAG-1	Epithelial	1
AAAGATGCATCCGTGG-1	T	4
AAAGATGCATCTCTCG-1	Epithelial	12
AAAGATGCATGATCGT-1	Epithelial	10
AAAGATGCATTGCACA-1	Epithelial	16
AAAGATGGTCATTGGT-1	Epithelial	11
AAAGATGGTGATGCTT-1	Epithelial	11
AAAGATGGTTCCCTTG-1	Epithelial	3
AAAGATGGTTGTGACT-1	Epithelial	5
AAAGATGTCAGAGTGG-1	Epithelial	15
AAAGATGTCCTGAAAC-1	Epithelial	15
AAAGATGTCGAGGTAG-1	Epithelial	12
AAAGATGTCGGTTCCT-1	Epithelial	2
AAAGATGTCGTATAGC-1	Myeloid	17
AAAGATGTCTACATCT-1	Myeloid	17
AAAGATGTCTGACTTT-1	Epithelial	5
AAAGGATAGCATTGGG-1	Epithelial	15
AAAGGATAGCTATCCA-1	Epithelial	10
AAAGGATCAGGCACAA-1	Epithelial	15
AAAGGATCAGGGAGTT-1	Stromal	9
AAAGGATCATCACAAC-1	Myeloid	0
AAAGGATCATCGAGTT-1	Epithelial	12
AAAGGATGTAGATTAG-1	Myeloid	17
AAAGGATGTAGGGTCA-1	Epithelial	7
AAAGGATGTGTCGTCG-1	Epithelial	6
AAAGGATGTTCCGCGA-1	Epithelial	3
AAAGGATGTTTCACCC-1	Epithelial	14
AAAGGATGTTTCGTTT-1	Epithelial	19
AAAGGATTCAGTCACA-1	Epithelial	3
AAAGGATTCAGTGTAC-1	Epithelial	13
AAAGGATTCCAAGAGG-1	T	4
AAAGGATTCTTTCGAT-1	Epithelial	6
AAAGGGCAGGCCAGTA-1	Epithelial	6
AAAGGGCCATAAAGTG-1	Myeloid	17
AAAGGGCGTCGCTAGC-1	Epithelial	7
AAAGGGCGTGCACATT-1	T	4
AAAGGGCGTGTGTGTT-1	Epithelial	11
AAAGGGCGTTTGTACG-1	Epithelial	16
AAAGGGCTCAGCACTA-1	Epithelial	19
AAAGGGCTCTCTTCTC-1	Epithelial	16
AAATGAGAGCCGCTGT-1	Epithelial	18
AAATGAGAGGCCAATG-1	Epithelial	3
AAATGAGCAAGAAACT-1	Epithelial	1
AAATGAGCATGGATGG-1	Epithelial	11
AAATGAGGTACCAAGG-1	Stromal	9
AAATGAGGTACCTATG-1	Myeloid	0
AAATGAGGTATGAAGT-1	Epithelial	13
AAATGAGGTGAGTAAT-1	Epithelial	1
AAATGAGGTGTGTGCC-1	Epithelial	3
AAATGAGGTTGGGAAC-1	Epithelial	13
AAATGAGTCGTCGCAG-1	Epithelial	2
AAATGAGTCTATACCT-1	Epithelial	3
AAATGCCAGAAGAGTG-1	T	4
AAATGCCAGACACGGT-1	Epithelial	6
AAATGCCAGATACCAA-1	Epithelial	10
AAATGCCAGCTGAATA-1	Epithelial	3
AAATGCCAGGGTATCG-1	Epithelial	1
AAATGCCAGGGTCCCT-1	Epithelial	11
AAATGCCAGGTTTCTG-1	Epithelial	18
AAATGCCAGTGAGCTG-1	Epithelial	18
AAATGCCCAAGGTCGA-1	Epithelial	2
AAATGCCCAATTCTCT-1	Epithelial	16
AAATGCCCACCTATTT-1	Epithelial	13
AAATGCCCACTGTCAA-1	T	4
AAATGCCCATAGCCAT-1	Epithelial	19
AAATGCCCATGGGACA-1	Myeloid	0
AAATGCCGTTTCCGGG-1	T	4
AAATGCCTCAAACCCA-1	Epithelial	5
AAATGCCTCAGGAAGC-1	Epithelial	5
AAATGCCTCCTGTAGA-1	Epithelial	1
AAATGCCTCGATGAAA-1	Epithelial	2
AAATGCCTCTCTGTTA-1	Epithelial	16
AACAAAGAGATATGTG-1	Myeloid	17
AACAAAGAGCGAATAT-1	Epithelial	18
AACAAAGAGCTCCGGT-1	Epithelial	11
AACAAAGCAATTGCCA-1	Epithelial	3
AACAAAGCACGTTGTA-1	Epithelial	10
AACAAAGCATCAACTG-1	Epithelial	1
AACAAAGGTAACGGCA-1	T	4
AACAAAGGTCAAGACG-1	Epithelial	16
AACAAAGGTGATCAGG-1	Epithelial	2
AACAAAGGTGCACCCA-1	T	4
AACAAAGGTGCCGGTT-1	Epithelial	2
AACAAAGGTGCTGGCT-1	Epithelial	12
AACAAAGGTTTCTACT-1	Myeloid	0
AACAAAGGTTTGCCCT-1	Epithelial	18
AACAAAGTCGCCGAAC-1	Epithelial	16
AACAAAGTCTATCTAC-1	T	4
AACAAAGTCTTCGTTA-1	Epithelial	10
AACAGTCAGATGAGGA-1	Epithelial	19
AACAGTCAGCTGAATA-1	Myeloid	0
AACAGTCCAATCACTG-1	Stromal	9
AACAGTCCAGATTAAG-1	Epithelial	3
AACAGTCCATGGAGGT-1	Epithelial	6
AACAGTCGTAGAATAC-1	Epithelial	6
AACAGTCGTATGTCCA-1	Epithelial	2
AACAGTCGTCAATCCA-1	Epithelial	11
AACAGTCTCGGTACTA-1	Epithelial	2
AACATCGAGAGTGGAA-1	Stromal	9
AACATCGAGTTCAGGG-1	Epithelial	2
AACATCGCAACGTCCG-1	Epithelial	10
AACATCGCACCCTTAC-1	Epithelial	6
AACATCGCATCGGCCA-1	Epithelial	14
AACATCGGTCAAGACG-1	Epithelial	19
AACATCGGTCAGAAAT-1	Epithelial	15
AACATCGGTTCCCTTG-1	T	4
AACATCGTCCCGTATC-1	Epithelial	12
AACCAACAGGAGAACA-1	T	4
AACCAACAGTCCGGAA-1	Epithelial	15
AACCAACAGTTAGCGG-1	Myeloid	17
AACCAACCAAGATTAG-1	Epithelial	5
AACCAACCATTAAGGA-1	Myeloid	17
AACCAACGTATCATGC-1	Epithelial	10
AACCAACGTCAGTGTT-1	Epithelial	15
AACCAACGTCGAGGAT-1	Epithelial	11
AACCAACGTGAATCAA-1	Epithelial	19
AACCAACGTTCCATCC-1	Epithelial	2
AACCAACTCAGCCGGT-1	Myeloid	17
AACCAACTCCACCTAC-1	Epithelial	10
AACCAACTCGAGGTCC-1	Epithelial	16
AACCAACTCTGTGTCC-1	Epithelial	15
AACCGATAGAACGTCG-1	Epithelial	16
AACCGATAGACCTATC-1	Epithelial	11
AACCGATAGACTTGAA-1	Myeloid	17
AACCGATAGAGCAGCT-1	Epithelial	5
AACCGATAGCAGAATT-1	Epithelial	2
AACCGATAGGAGTCTG-1	Epithelial	12
AACCGATAGGATTTGA-1	Epithelial	15
AACCGATAGGGAAATG-1	Epithelial	15
AACCGATCAACGCAAG-1	Epithelial	7
AACCGATCATATACGC-1	Epithelial	1
AACCGATCATGCGCTG-1	Epithelial	13
AACCGATTCGCTATAG-1	Epithelial	16
AACCGATTCTCCTTGG-1	T	4
AACCGATTCTGGACAT-1	Epithelial	18
AACCTGAAGCACCATT-1	Epithelial	7
AACCTGAAGCCATTCA-1	Epithelial	10
AACCTGAAGGAAACTT-1	Epithelial	2
AACCTGAAGTAGTTCC-1	Epithelial	3
AACCTGAAGTTTACGC-1	Epithelial	6
AACCTGACAAATAGTG-1	Epithelial	11
AACCTGACAACTCGTA-1	Epithelial	5
AACCTGACACGCTCAG-1	Epithelial	10
AACCTGACAGAGTCGA-1	Myeloid	0
AACCTGACAGTAACCT-1	Epithelial	10
AACCTGACATTCACCC-1	Stromal	9
AACCTGAGTGGTAGAC-1	T	4
AACCTGAGTGTCCTTC-1	Epithelial	11
AACCTGAGTGTCTCGG-1	Epithelial	2
AACCTGATCAAAGTAG-1	Epithelial	16
AACCTGATCCAGGGAA-1	Epithelial	13
AACCTGATCCTAAAGC-1	Myeloid	17
AACCTGATCGCCCTTA-1	Epithelial	7
AACCTGATCGGTACTA-1	Epithelial	18
AACCTGATCGTAGCGC-1	Epithelial	2
AACCTGATCGTTACAG-1	Epithelial	13
AACCTGATCTATACCT-1	T	4
AACCTGATCTCGACCT-1	Epithelial	3
AACCTTTAGACCCATT-1	Epithelial	11
AACCTTTAGATGAGGA-1	Epithelial	15
AACCTTTAGGAAGACA-1	Stromal	8
AACCTTTAGGATATCA-1	Epithelial	14
AACCTTTAGTAGGTCG-1	Epithelial	10
AACCTTTCAAACAGTA-1	Epithelial	5
AACCTTTCACCAAGGA-1	Epithelial	10
AACCTTTCACGCTGTG-1	Myeloid	0
AACCTTTCACGTACAT-1	Epithelial	10
AACCTTTCACTCCACT-1	Epithelial	1
AACCTTTCATTCGTCC-1	Stromal	9
AACCTTTGTAACGTAA-1	Epithelial	6
AACCTTTGTACGGTTT-1	Epithelial	12
AACCTTTGTAGGTCTT-1	Epithelial	13
AACCTTTGTTACGAAA-1	T	4
AACCTTTGTTGAATAG-1	Epithelial	3
AACCTTTGTTTGTACG-1	Epithelial	1
AACCTTTTCCGTCAAA-1	Epithelial	1
AACCTTTTCGCGGCAT-1	Epithelial	2
AACGAGGAGCAACTGG-1	T	4
AACGAGGAGGTACACG-1	Myeloid	17
AACGAGGAGTATAGTG-1	Myeloid	17
AACGAGGAGTCAGCCC-1	Epithelial	3
AACGAGGCAAGCGTCC-1	Myeloid	0
AACGAGGCAAGTAATG-1	Epithelial	1
AACGAGGCACGCGATC-1	Stromal	9
AACGAGGCATCGACCG-1	Epithelial	18
AACGAGGGTAAACGGC-1	Epithelial	2
AACGAGGGTATTCGCA-1	Myeloid	0
AACGAGGGTGGTAGAC-1	Myeloid	17
AACGAGGGTTGCAGCC-1	Epithelial	12
AACGAGGTCAGAATGA-1	Epithelial	2
AACGAGGTCAGGCGCT-1	Epithelial	11
AACGAGGTCAGTGTGT-1	Epithelial	5
AACGAGGTCTCTTCCT-1	Epithelial	16
AACGGGAAGATTGACA-1	Epithelial	16
AACGGGACACGCTAAT-1	Epithelial	13
AACGGGACACTCCCAT-1	Epithelial	11
AACGGGACATCAGCTA-1	Epithelial	16
AACGGGACATGGTATC-1	Epithelial	11
AACGGGAGTCAGCAAG-1	Epithelial	12
AACGGGAGTGCTTTGA-1	Epithelial	7
AACGGGAGTGGATTCT-1	Epithelial	2
AACGGGAGTGGTCGAA-1	Epithelial	5
AACGGGAGTTAACCAC-1	Epithelial	6
AACGGGATCAAGGCCC-1	Epithelial	5
AACGGGATCCGGAAAG-1	Myeloid	0
AACGGGATCGCGCCAA-1	Epithelial	12
AACGTACAGGGATCCA-1	Myeloid	17
AACGTACAGTACTCTG-1	Myeloid	0
AACGTACAGTGATAAC-1	Epithelial	3
AACGTACAGTTCAACC-1	Epithelial	12
AACGTACAGTTCAGGG-1	Epithelial	15
AACGTACCAAATAGTG-1	Epithelial	7
AACGTACCAACTCCCT-1	Epithelial	15
AACGTACCAATCAGGG-1	Epithelial	5
AACGTACCAATTCTCT-1	Epithelial	3
AACGTACCAGGCATCC-1	T	4
AACGTACCAGTCAGAG-1	Myeloid	0
AACGTACGTATTTGCG-1	Epithelial	10
AACGTACGTCAGAAGC-1	Epithelial	2
AACGTACGTCCATTGA-1	Epithelial	3
AACGTACGTTCCATCC-1	T	4
AACGTACTCAACACGT-1	Epithelial	11
AACGTACTCAGGATCT-1	Myeloid	17
AACGTACTCAGTCAAC-1	Myeloid	0
AACGTACTCCGCCTAT-1	Stromal	9
AACGTACTCCTTACGC-1	Epithelial	3
AACGTACTCGGGCTCA-1	Epithelial	6
AACGTACTCTTAATCC-1	Stromal	9
AACTGGTAGACTAATG-1	T	4
AACTGGTAGGAGGCGA-1	Epithelial	10
AACTGGTAGGTGATGC-1	Epithelial	5
AACTGGTAGTGTAATG-1	T	4
AACTGGTCAAACCTAC-1	Epithelial	12
AACTGGTCACTGATAC-1	Epithelial	6
AACTGGTGTACTTGAC-1	Epithelial	15
AACTGGTGTAGAACGC-1	T	4
AACTGGTGTAGGTGAC-1	Epithelial	5
AACTGGTGTAGTACAA-1	Epithelial	11
AACTGGTGTATCGCGC-1	Myeloid	17
AACTGGTGTCTAAGAA-1	Epithelial	16
AACTGGTGTCTGGGCT-1	Myeloid	0
AACTGGTGTGAGTTGG-1	Myeloid	0
AACTGGTGTGCGTAGA-1	Myeloid	0
AACTGGTTCCTCCCAA-1	Epithelial	11
AACTGGTTCCTTTGCG-1	Epithelial	12
AACTGGTTCGGACGAA-1	Epithelial	1
AACTGGTTCTGGAAGG-1	Stromal	9
AACTGTGAGACCTATC-1	Stromal	9
AACTGTGAGGAATGGA-1	Epithelial	3
AACTGTGAGTCGGGAT-1	Epithelial	12
AACTGTGAGTTACACC-1	Epithelial	12
AACTGTGCAAACGTTC-1	Myeloid	17
AACTGTGCAAAGCATA-1	Epithelial	1
AACTGTGCAAAGGCCA-1	Epithelial	7
AACTGTGCAACTCGAT-1	Epithelial	6
AACTGTGCAAGTTCGT-1	Myeloid	17
AACTGTGCACAATAAG-1	Epithelial	13
AACTGTGCACATAAAG-1	Epithelial	15
AACTGTGCATCCCAAA-1	T	4
AACTGTGCATGCCCTT-1	Epithelial	2
AACTGTGGTGACGCAA-1	Epithelial	11
AACTGTGGTGGCCTTG-1	T	4
AACTGTGTCACCCGGA-1	Epithelial	1
AACTGTGTCACGTGTA-1	Epithelial	19
AACTGTGTCCACGGCA-1	Epithelial	15
AACTGTGTCCGTACGG-1	Epithelial	1
AACTGTGTCTGTAGAC-1	Myeloid	0
AACTGTGTCTTCGTTA-1	Epithelial	2
AACTTGGAGCTGAATA-1	Epithelial	5
AACTTGGAGTCTCTAG-1	Epithelial	10
AACTTGGGTACTTCAG-1	Epithelial	15
AACTTGGGTGCAAAGC-1	Epithelial	7
AACTTGGTCACTTACT-1	Epithelial	10
AACTTGGTCAGGAATA-1	Epithelial	13
AACTTGGTCAGGTTTG-1	Epithelial	11
AACTTGGTCCTGGGAC-1	Epithelial	7
AACTTGGTCTCGGCGA-1	Epithelial	1
AACTTGGTCTTCTTCC-1	Myeloid	0
AAGATAGAGAGAAGCA-1	Epithelial	10
AAGATAGAGCAATGTA-1	Myeloid	0
AAGATAGAGGCAAGCT-1	Epithelial	3
AAGATAGAGGGTGTTG-1	Epithelial	18
AAGATAGAGTGTAATG-1	Epithelial	12
AAGATAGAGTGTCGCC-1	Epithelial	5
AAGATAGCAAAGGTCG-1	Myeloid	17
AAGATAGCAATTGCCA-1	Epithelial	13
AAGATAGCATGGAGGT-1	Epithelial	10
AAGATAGGTACTATGC-1	Epithelial	3
AAGATAGGTCAACGGA-1	Stromal	9
AAGATAGGTCGCTAGC-1	Epithelial	11
AAGATAGGTCTCAAAC-1	Epithelial	2
AAGATAGGTGTCGTCG-1	Epithelial	11
AAGATAGGTTATCGAC-1	Epithelial	5
AAGATAGTCGACGGAA-1	Epithelial	16
AAGATAGTCTCTTCTC-1	Myeloid	17
AAGGAGCAGAAATGGG-1	Epithelial	13
AAGGAGCAGAGCTCCC-1	Myeloid	0
AAGGAGCAGGAACCGT-1	Epithelial	15
AAGGAGCCATCAGCTA-1	Epithelial	13
AAGGAGCCATCCATAG-1	Epithelial	7
AAGGAGCCATGGCCTG-1	Epithelial	13
AAGGAGCGTAGCGGTA-1	Epithelial	2
AAGGAGCGTGCACTTA-1	Epithelial	18
AAGGAGCGTTTGGATC-1	Epithelial	2
AAGGAGCTCACCCGGA-1	Epithelial	2
AAGGAGCTCGGTCGAC-1	Epithelial	2
AAGGTTCAGGGTATCG-1	Epithelial	13
AAGGTTCAGGGTGTTG-1	Epithelial	15
AAGGTTCAGTGTCGCC-1	Epithelial	1
AAGGTTCCAACTCGAT-1	Epithelial	11
AAGGTTCCAATACTGC-1	Epithelial	5
AAGGTTCCACAACGGA-1	Epithelial	15
AAGGTTCCAGCGTACC-1	Epithelial	16
AAGGTTCCAGGATGTG-1	Epithelial	6
AAGGTTCGTATCTCAG-1	Myeloid	0
AAGGTTCGTCCAGACC-1	Myeloid	0
AAGGTTCGTGGTAGAC-1	Epithelial	5
AAGGTTCGTTCCAGTA-1	Epithelial	1
AAGGTTCTCACCACAA-1	Epithelial	18
AAGGTTCTCCAACCTC-1	Epithelial	16
AAGGTTCTCGGCAATT-1	Myeloid	0
AAGGTTCTCTCCTTAA-1	Epithelial	5
AAGGTTCTCTGTTGCC-1	T	4
AATACGCAGAACGTCG-1	Epithelial	12
AATACGCAGATATGAC-1	Epithelial	18
AATACGCAGATTGACA-1	Epithelial	2
AATACGCAGGCACCTC-1	Epithelial	6
AATACGCAGTAATCAG-1	Epithelial	15
AATACGCAGTCGAGCA-1	Epithelial	15
AATACGCAGTGATCTC-1	Epithelial	10
AATACGCCACCACGAC-1	Stromal	9
AATACGCCAGATTAAG-1	Epithelial	7
AATACGCCAGGTTATC-1	Myeloid	0
AATACGCCATCTCACC-1	Epithelial	2
AATACGCCATTTGGCA-1	Epithelial	10
AATACGCGTATCTCAG-1	Epithelial	14
AATACGCGTCCACCAG-1	T	4
AATACGCGTTGTGAGG-1	T	4
AATACGCTCAACGTGT-1	Epithelial	2
AATACGCTCAGTCAAC-1	T	4
AATACGCTCCTTTGAT-1	Epithelial	2
AATACGCTCGGTTCCT-1	Epithelial	12
AATGCCAAGAACGACC-1	Myeloid	0
AATGCCAAGATGTTCC-1	Epithelial	2
AATGCCACACAGTTAC-1	Epithelial	7
AATGCCACATGGTTTG-1	Epithelial	15
AATGCCAGTCTGGTCG-1	Epithelial	11
AATGCCAGTGGTTCTA-1	T	4
AATGCCAGTTTAAGCC-1	Epithelial	11
AATGCCATCACAAGCT-1	Epithelial	11
AATGCCATCCAAGAGG-1	Myeloid	0
AATGCCATCCTGAAAC-1	Epithelial	10
AATGCCATCGATAGCT-1	Epithelial	15
AATGCCATCGGATAGG-1	Epithelial	18
AATGCCATCTGAAAGA-1	Epithelial	16
AATGGAAAGCGATACG-1	Epithelial	1
AATGGAAAGGTTACAA-1	Myeloid	0
AATGGAACAGCCGAAA-1	Epithelial	15
AATGGAACAGTAGGCA-1	Epithelial	1
AATGGAACATGGCCCA-1	Myeloid	17
AATGGAACATTGTGAC-1	Epithelial	3
AATGGAAGTAGTATCC-1	T	4
AATGGAAGTAGTCCAT-1	Myeloid	0
AATGGAAGTCCGTCGA-1	Epithelial	7
AATGGAAGTCGCTAGC-1	Epithelial	6
AATGGAAGTTAGGCTT-1	Epithelial	19
AATGGAATCATGCTTT-1	T	4
AATGGAATCCTGAAAC-1	Epithelial	13
AATGGAATCGCCGAAC-1	T	4
AATGGAATCGGATCGC-1	Myeloid	17
AATGGAATCTGTCGGG-1	Epithelial	6
AATGGCTAGCTGATTC-1	Epithelial	7
AATGGCTAGCTGCCAC-1	Epithelial	6
AATGGCTAGGTAGGCT-1	Epithelial	6
AATGGCTCATAAAGTG-1	Epithelial	15
AATGGCTCATAGACGG-1	Epithelial	2
AATGGCTGTATCAGCT-1	Epithelial	18
AATGGCTGTATGTCCA-1	Epithelial	1
AATGGCTGTATTTGCG-1	Myeloid	17
AATGGCTGTCAGTGTT-1	Epithelial	5
AATGGCTGTCTGGGCT-1	Myeloid	0
AATGGCTGTTTAGACC-1	Epithelial	7
AATGGCTTCAAAGTAG-1	Epithelial	10
AATGGCTTCCATGACA-1	Epithelial	7
AATGGCTTCCATTGAG-1	Myeloid	17
AATGGCTTCCGGGCAT-1	Epithelial	14
AATGGCTTCGAACACT-1	Epithelial	15
AATGGCTTCTCTTAAC-1	Epithelial	1
AATGGCTTCTTAATCC-1	Epithelial	18
AATGGCTTCTTCTTCC-1	Epithelial	7
AATGTCGAGAAACGCC-1	Epithelial	13
AATGTCGAGAACGACC-1	Stromal	8
AATGTCGAGCTTTCCC-1	Epithelial	14
AATGTCGAGGGACGTT-1	Myeloid	17
AATGTCGCAGTATACC-1	Stromal	9
AATGTCGCAGTATCTG-1	Myeloid	17
AATGTCGCATATAGAG-1	Epithelial	15
AATGTCGGTATCCCTC-1	Myeloid	17
AATGTCGGTATTCACG-1	Epithelial	10
AATGTCGGTATTCGAC-1	Myeloid	17
AATGTCGGTCGGCTGT-1	Epithelial	15
AATGTCGTCAGGTTTG-1	Myeloid	0
AATGTCGTCTTGTGCC-1	Epithelial	16
ACAAACCAGCTGCTCG-1	Myeloid	17
ACAAACCAGGGATCCA-1	Epithelial	12
ACAAACCAGGTTGTTC-1	Epithelial	3
ACAAACCAGTACCACT-1	Epithelial	7
ACAAACCAGTTCCAGT-1	Epithelial	12
ACAAACCCAAGCTTTG-1	T	4
ACAAACCCACCTATTT-1	Myeloid	17
ACAAACCCATATTGGC-1	Epithelial	7
ACAAACCGTAGTGATA-1	Epithelial	3
ACAAACCGTCAGAAAT-1	Epithelial	5
ACAAACCGTCTGGTTA-1	Epithelial	3
ACAAACCGTGCCGGTT-1	Epithelial	12
ACAAACCGTGGACCAA-1	Epithelial	2
ACAAACCTCACTGATG-1	Epithelial	2
ACAAACCTCCAAACCA-1	Epithelial	13
ACAAACCTCCTAAGTG-1	Myeloid	0
ACAAAGAAGACCCATT-1	Epithelial	10
ACAAAGAAGCTACGTT-1	Epithelial	15
ACAAAGAAGTTCGTTG-1	Epithelial	6
ACAAAGACAATTGTGC-1	Epithelial	2
ACAAAGACACTAAACC-1	Myeloid	17
ACAAAGAGTACAAGCG-1	Myeloid	17
ACAAAGAGTACGCCCA-1	Myeloid	0
ACAAAGAGTCTAACCA-1	Stromal	9
ACAAAGAGTGGCATAG-1	Epithelial	14
ACAAAGATCACATCCC-1	Epithelial	15
ACAAAGATCCGGACTG-1	Epithelial	6
ACAAAGATCGAGGTAG-1	Epithelial	6
ACAAGCTAGAACTCCT-1	T	4
ACAAGCTAGAGAATTC-1	Epithelial	15
ACAAGCTAGGCCAGTA-1	Epithelial	10
ACAAGCTAGGTACTCT-1	Myeloid	0
ACAAGCTAGTTGACAA-1	Epithelial	16
ACAAGCTCAGGATGTG-1	Epithelial	5
ACAAGCTCAGGGAGTT-1	Epithelial	19
ACAAGCTGTGGACTGA-1	Epithelial	1
ACAAGCTTCCTGTGGG-1	Epithelial	12
ACAAGCTTCGCATACA-1	T	4
ACAAGCTTCGCGATGC-1	Epithelial	6
ACAAGCTTCTGGCCAG-1	Epithelial	10
ACAATCGAGAGGCAGG-1	Myeloid	17
ACAATCGAGATGCGCA-1	Stromal	9
ACAATCGAGGCACCTC-1	Epithelial	11
ACAATCGAGGCGTCCT-1	Myeloid	0
ACAATCGAGTGAGCTG-1	Myeloid	17
ACAATCGAGTTCGTTG-1	Epithelial	13
ACAATCGCAACGTCCG-1	Stromal	9
ACAATCGCAGTAGTCT-1	T	4
ACAATCGCATCACAAC-1	Stromal	8
ACAATCGGTGCTTACA-1	Epithelial	1
ACAATCGGTGGTCGAA-1	Stromal	9
ACAATCGGTTTGTACG-1	Epithelial	10
ACAATCGTCGGTACTA-1	Myeloid	17
ACAATCGTCTACTGCC-1	Epithelial	18
ACAATCGTCTCTTAAC-1	Myeloid	0
ACAGAAAAGAGCACTG-1	T	4
ACAGAAAAGCGGACAT-1	Epithelial	19
ACAGAAAAGGGCTCTC-1	Epithelial	6
ACAGAAAAGTAACACA-1	Epithelial	6
ACAGAAACAACTCGAT-1	Epithelial	5
ACAGAAACACAGCCAC-1	Stromal	8
ACAGAAACACCTACCT-1	Epithelial	13
ACAGAAACATGTCCCT-1	Epithelial	3
ACAGAAAGTAACGGTG-1	Myeloid	0
ACAGAAAGTGGTGGTA-1	Epithelial	10
ACAGAAAGTTCTACCC-1	T	4
ACAGAAATCCGTACGG-1	Epithelial	18
ACAGAAATCTGAAAGA-1	Epithelial	19
ACAGACTAGGCTAAAT-1	Epithelial	11
ACAGACTAGGCTCCTG-1	Epithelial	3
ACAGACTAGGTCCTCG-1	Stromal	8
ACAGACTAGTAGAAGG-1	Epithelial	16
ACAGACTAGTCAGCCC-1	Epithelial	12
ACAGACTCAACCTCCT-1	Epithelial	16
ACAGACTCAATTGTGC-1	Epithelial	16
ACAGACTCACAGGTAG-1	Epithelial	7
ACAGACTCACATTCTT-1	Epithelial	11
ACAGACTCAGGTCTGC-1	T	4
ACAGACTCATAGCAGG-1	Stromal	9
ACAGACTCATTCTCGC-1	Myeloid	0
ACAGACTGTACCCATA-1	Epithelial	12
ACAGACTGTAGCGTTT-1	Epithelial	3
ACAGACTTCCGATGCG-1	Epithelial	15
ACAGCGCAGATGTTGA-1	Epithelial	16
ACAGCGCAGTGAGTTA-1	Epithelial	12
ACAGCGCCACAAACAA-1	Epithelial	15
ACAGCGCCACAACGGA-1	Epithelial	10
ACAGCGCCAGTAACCT-1	Epithelial	10
ACAGCGCCATCGGCTG-1	Epithelial	13
ACAGCGCGTACCGGCT-1	Epithelial	14
ACAGCGCGTATTCGAC-1	Epithelial	2
ACAGCGCGTATTCTCT-1	Myeloid	0
ACAGCGCGTCTGCGCA-1	Epithelial	6
ACAGCGCGTTAGGAGC-1	Myeloid	17
ACAGCGCGTTCCTATT-1	Epithelial	11
ACAGCGCTCACCGCGA-1	Epithelial	6
ACAGCGCTCCAACCTC-1	Epithelial	2
ACAGCGCTCGGGAAAC-1	Epithelial	15
ACAGGCCAGCGAGAAA-1	Epithelial	18
ACAGGCCAGCGGACAT-1	Epithelial	18
ACAGGCCAGCTTCAAC-1	Epithelial	3
ACAGGCCAGGAGGCGA-1	Epithelial	2
ACAGGCCAGGCAAGGG-1	Epithelial	19
ACAGGCCAGTGTCGCC-1	Epithelial	1
ACAGGCCCACATTGCA-1	Epithelial	12
ACAGGCCCACGCCGAT-1	Stromal	9
ACAGGCCCAGCACATT-1	Epithelial	15
ACAGGCCCAGGGTAAC-1	Myeloid	17
ACAGGCCGTAACGGAC-1	Epithelial	11
ACAGGCCGTAAGGTCG-1	Epithelial	5
ACAGGCCGTAGCCATT-1	T	4
ACAGGCCGTATTGTCG-1	Epithelial	11
ACAGGCCGTGTTGTTG-1	Epithelial	15
ACAGGCCGTTAACCAC-1	T	4
ACAGGCCGTTAGTAGA-1	Myeloid	0
ACAGGCCTCATCGCTC-1	Epithelial	16
ACATGCAAGTACCCAT-1	Epithelial	6
ACATGCAAGTTCCCGG-1	Epithelial	1
ACATGCACACTCGCAG-1	Epithelial	5
ACATGCAGTACGTAAA-1	Epithelial	14
ACATGCAGTATCACAC-1	Epithelial	2
ACATGCAGTATCGCGC-1	Epithelial	16
ACATGCAGTATGCTAC-1	Epithelial	11
ACATGCAGTGCATTGT-1	Epithelial	3
ACATGCATCCAGCACG-1	Myeloid	0
ACATGCATCTGGCTAA-1	Epithelial	12
ACATGGTAGAAATACC-1	T	4
ACATGGTCAAACTACC-1	Epithelial	6
ACATGGTCAAATAGTG-1	Myeloid	17
ACATGGTCAAGTGGCA-1	Epithelial	13
ACATGGTCAGAACAGC-1	Epithelial	16
ACATGGTCAGGTCCTG-1	Myeloid	17
ACATGGTGTCGATAGG-1	Myeloid	0
ACATGGTGTGCGCTCA-1	Epithelial	18
ACATGGTGTGCTAGTT-1	Epithelial	18
ACATGGTTCAGAACGG-1	Epithelial	10
ACATGGTTCCTCATTA-1	Epithelial	11
ACATGGTTCGGATGTT-1	Myeloid	17
ACATGGTTCGGCATAT-1	Epithelial	15
ACATGGTTCTCCTTGG-1	Epithelial	18
ACATGGTTCTGGAAGG-1	Epithelial	16
ACCAAACAGAGGTACC-1	Myeloid	0
ACCAAACAGATGGCAC-1	Epithelial	16
ACCAAACAGCTGCTCG-1	Epithelial	5
ACCAAACAGGTCGGTA-1	T	4
ACCAAACCAAAGCTTC-1	Epithelial	10
ACCAAACCAAATGCTC-1	Epithelial	7
ACCAAACCAAGTAACA-1	Myeloid	0
ACCAAACCACTTATGG-1	Myeloid	17
ACCAAACCAGTTCGGC-1	Epithelial	13
ACCAAACCATAGCAGG-1	Epithelial	13
ACCAAACGTAACCGAG-1	Epithelial	1
ACCAAACGTAGACGCA-1	Epithelial	12
ACCAAACGTTACGAAA-1	Epithelial	13
ACCAAACTCACTAGGT-1	Epithelial	12
ACCAAACTCCTTTGAT-1	Epithelial	3
ACCAAACTCGCCGAAC-1	Epithelial	14
ACCAAACTCGGATAGG-1	Epithelial	1
ACCAAACTCGTCAACA-1	Epithelial	19
ACCATCCAGAAATCTG-1	Stromal	9
ACCATCCAGGCAGATC-1	Epithelial	15
ACCATCCAGGGTGTTG-1	Epithelial	12
ACCATCCAGTATACCC-1	Epithelial	16
ACCATCCAGTCGAGCA-1	Epithelial	3
ACCATCCCACATTCTT-1	Epithelial	11
ACCATCCCAGGCACAA-1	Epithelial	10
ACCATCCCATTCACGA-1	Epithelial	3
ACCATCCGTAACGGAC-1	Epithelial	3
ACCATCCGTATCCTTT-1	Myeloid	17
ACCATCCGTATTCTGG-1	Epithelial	15
ACCATCCGTCATCAAC-1	Epithelial	3
ACCATCCGTCTGGGAA-1	Epithelial	12
ACCATCCGTGAATGGC-1	Epithelial	15
ACCATCCGTGATCAGG-1	Epithelial	19
ACCATCCGTTGGTAAA-1	T	4
ACCATCCTCTCCTTGG-1	Epithelial	11
ACCATCCTCTCTTCCT-1	T	4
ACCCAAAAGAAGCCTG-1	Epithelial	3
ACCCAAAAGACAGTGC-1	Epithelial	19
ACCCAAAAGGATGCCA-1	Epithelial	19
ACCCAAAAGGTACATA-1	Epithelial	13
ACCCAAAAGTAATGTG-1	Myeloid	17
ACCCAAAAGTAGTCGG-1	Myeloid	17
ACCCAAACAAGCAACG-1	Epithelial	1
ACCCAAACACTCCACT-1	Epithelial	12
ACCCAAACATGGGACA-1	Epithelial	5
ACCCAAAGTATTGTCG-1	Myeloid	17
ACCCAAAGTGGTACTT-1	Epithelial	11
ACCCAAAGTTTGCCCT-1	Epithelial	19
ACCCAAATCAGTACAC-1	Stromal	9
ACCCAAATCATTCTTG-1	Epithelial	2
ACCGAATAGCGCGTTC-1	Epithelial	18
ACCGAATAGTCCGTGC-1	Epithelial	1
ACCGAATAGTCGCCTG-1	Epithelial	15
ACCGAATAGTTGAATG-1	Epithelial	2
ACCGAATCAACGTCGC-1	Epithelial	3
ACCGAATCAACTAGAA-1	Myeloid	17
ACCGAATCAGAGCCAA-1	Epithelial	11
ACCGAATCAGGCAGAT-1	Epithelial	14
ACCGAATGTAACGGTG-1	Myeloid	0
ACCGAATGTACTTGAC-1	Epithelial	16
ACCGAATGTCTGGGAA-1	Epithelial	12
ACCGAATGTGGATTCT-1	Epithelial	12
ACCGAATGTTACTACG-1	Epithelial	5
ACCGAATGTTCTTTGT-1	Epithelial	5
ACCGAATTCACCGCGA-1	Epithelial	6
ACCGAATTCAGTCACA-1	Epithelial	2
ACCGAATTCATTGCCC-1	Epithelial	1
ACCGAATTCTGAGTAC-1	Stromal	8
ACCGCAGAGAGGCAGG-1	Epithelial	12
ACCGCAGAGCGGACAT-1	Epithelial	3
ACCGCAGAGCTTACCA-1	Epithelial	10
ACCGCAGAGGCAATTA-1	Myeloid	0
ACCGCAGAGGCCTAAG-1	Myeloid	0
ACCGCAGAGGTTCGAG-1	Epithelial	19
ACCGCAGCAAGCCTTA-1	Epithelial	3
ACCGCAGCACTGTAAC-1	Epithelial	18
ACCGCAGCAGTAAGAT-1	Epithelial	19
ACCGCAGCATGCCTTC-1	Epithelial	11
ACCGCAGCATTACCTT-1	Epithelial	14
ACCGCAGCATTGTGAC-1	Epithelial	11
ACCGCAGGTACTTCAG-1	Epithelial	3
ACCGCAGGTCAGACGA-1	Epithelial	11
ACCGCAGGTCTAACCA-1	T	4
ACCGCAGGTTAGTAGA-1	T	4
ACCGCAGGTTCCATCC-1	Epithelial	7
ACCGCAGGTTGCCGCA-1	Epithelial	1
ACCGCAGGTTTAAGCC-1	T	4
ACCGCAGGTTTCTCTA-1	Epithelial	2
ACCGCAGTCCAAACCA-1	Epithelial	19
ACCGCAGTCCCGCAAG-1	Epithelial	16
ACCGCAGTCCCTACGT-1	T	4
ACCGCAGTCTTCACTA-1	Epithelial	10
ACCGGGTAGACTCTTG-1	Epithelial	15
ACCGGGTAGAGTCCGA-1	Stromal	9
ACCGGGTAGATCCGAG-1	Epithelial	15
ACCGGGTAGATTAGAC-1	Epithelial	13
ACCGGGTAGGATTGAT-1	Myeloid	0
ACCGGGTAGTATGGGC-1	Epithelial	15
ACCGGGTCACGTTAGT-1	Epithelial	2
ACCGGGTCAGTAAGAT-1	Epithelial	16
ACCGGGTCATGGTATC-1	Epithelial	3
ACCGGGTCATTCCCGT-1	Epithelial	13
ACCGGGTGTACAAGCG-1	Epithelial	2
ACCGGGTGTAGGGTCA-1	T	4
ACCGGGTGTAGTCCAT-1	Epithelial	12
ACCGGGTGTCGCTACG-1	Epithelial	1
ACCGGGTTCGAGTGTT-1	Epithelial	16
ACCTGCTAGATGAGGA-1	Epithelial	2
ACCTGCTAGTCCGATT-1	Epithelial	15
ACCTGCTAGTGAGCTG-1	Epithelial	14
ACCTGCTCAATGGTCT-1	Epithelial	5
ACCTGCTGTCTGTGTA-1	Epithelial	16
ACCTGCTGTTCCTATT-1	Myeloid	0
ACCTGCTGTTTGCCCT-1	Stromal	9
ACCTGCTTCACCACAA-1	Stromal	8
ACCTGCTTCAGAATGA-1	Epithelial	13
ACCTGCTTCCGGCTGA-1	Epithelial	16
ACCTGCTTCGGGACAA-1	Epithelial	2
ACGGATTAGAAATGGG-1	Epithelial	12
ACGGATTAGATAGGTT-1	Myeloid	0
ACGGATTAGGGTAATT-1	Epithelial	6
ACGGATTCAGGGCTTC-1	Epithelial	13
ACGGATTGTAAACGTA-1	Epithelial	16
ACGGATTGTACGTAGG-1	Stromal	9
ACGGATTGTAGTAACA-1	Epithelial	16
ACGGATTGTGATAAGT-1	Myeloid	17
ACGGATTTCACTAGGT-1	Epithelial	16
ACGGATTTCTCGTAGA-1	Epithelial	16
ACGTGGCAGACCAATA-1	Epithelial	13
ACGTGGCAGATATGAC-1	Epithelial	11
ACGTGGCAGGTACTCT-1	Epithelial	1
ACGTGGCAGGTTGTGG-1	Epithelial	3
ACGTGGCAGTCACGCC-1	T	4
ACGTGGCAGTCGCCTG-1	Epithelial	2
ACGTGGCCACGCCGAT-1	Epithelial	3
ACGTGGCCACGTGAAG-1	Myeloid	17
ACGTGGCCACTGATTG-1	Epithelial	13
ACGTGGCCAGCAAACG-1	Epithelial	11
ACGTGGCCAGCGTAGA-1	T	4
ACGTGGCCATAGCAGG-1	Epithelial	18
ACGTGGCGTGATGTGG-1	Epithelial	16
ACGTGGCGTTGCCTGG-1	Epithelial	16
ACGTGGCGTTTGCCCT-1	Epithelial	16
ACGTGGCTCGGTCTCT-1	T	4
ACGTTAGAGGATCCTT-1	Epithelial	10
ACGTTAGAGGTTGACG-1	Myeloid	0
ACGTTAGAGTAGGAAG-1	Epithelial	7
ACGTTAGAGTTAGAGT-1	Epithelial	10
ACGTTAGAGTTGCGCC-1	Epithelial	3
ACGTTAGCACCTGGTG-1	Stromal	9
ACGTTAGCACTAGGAG-1	Epithelial	11
ACGTTAGCACTCCACT-1	Epithelial	1
ACGTTAGCAGGTGGTA-1	Stromal	9
ACGTTAGGTCGGCTGT-1	Epithelial	11
ACGTTAGGTGATTCCA-1	Epithelial	3
ACGTTAGGTTTCGATG-1	Epithelial	10
ACGTTAGGTTTGAAGA-1	Epithelial	6
ACGTTAGTCAAGTTGC-1	Epithelial	12
ACGTTAGTCCATTGAG-1	Myeloid	17
ACGTTAGTCCTAAGTG-1	Epithelial	2
ACTAACGAGAAATCTG-1	Myeloid	17
ACTAACGAGATGTTGA-1	Epithelial	5
ACTAACGAGCACGTAG-1	Epithelial	2
ACTAACGAGCCTTTGA-1	Epithelial	15
ACTAACGAGCTCGGCT-1	Epithelial	12
ACTAACGAGTATACGA-1	T	4
ACTAACGAGTCCCTCT-1	Myeloid	0
ACTAACGAGTTGAATG-1	Epithelial	5
ACTAACGCACCTGGTG-1	Epithelial	16
ACTAACGCACGTTAGT-1	Epithelial	2
ACTAACGCAGTGCTCG-1	Epithelial	10
ACTAACGCATGGTTTG-1	Epithelial	7
ACTAACGGTCCGGTAC-1	Epithelial	6
ACTAACGGTTTGCGAT-1	Stromal	9
ACTAACGTCCATATCT-1	Epithelial	10
ACTAACGTCCATGTTT-1	Epithelial	5
ACTAACGTCGAGAACG-1	Epithelial	16
ACTAACGTCGATGTAC-1	Myeloid	17
ACTAACGTCTCGGCGA-1	Myeloid	17
ACTAACGTCTGTAGAC-1	Epithelial	11
ACTACCCAGGATTGAT-1	Myeloid	0
ACTACCCAGGTTGTTC-1	Epithelial	5
ACTACCCAGTCAGCCC-1	Epithelial	15
ACTACCCCAAATAGTG-1	Epithelial	5
ACTACCCCATATTGGC-1	Epithelial	15
ACTACCCCATTACCTT-1	Epithelial	1
ACTACCCGTGGTGGTA-1	Epithelial	7
ACTACCCGTGTCGTGC-1	Epithelial	2
ACTACCCGTTATGCAC-1	Epithelial	18
ACTACCCGTTCACGTA-1	Myeloid	17
ACTACCCGTTCTTAGG-1	Stromal	8
ACTACCCTCAAACCCA-1	Epithelial	16
ACTACCCTCGCAGATT-1	Epithelial	3
ACTACCCTCGGTAGGA-1	Myeloid	0
ACTACCCTCGTTGTAG-1	Epithelial	16
ACTACCCTCTACCCGT-1	Myeloid	17
ACTACGAAGTAGGTCG-1	Epithelial	16
ACTACGACAAATTCCG-1	Myeloid	0
ACTACGACAACTAGAA-1	Epithelial	19
ACTACGACAAGAAACT-1	Epithelial	3
ACTACGACAATGCACT-1	Epithelial	19
ACTACGACACGCCGAT-1	Epithelial	16
ACTACGACAGGTGTGA-1	Epithelial	2
ACTACGACAGTAGTCT-1	Myeloid	0
ACTACGAGTACAACGG-1	Epithelial	7
ACTACGAGTACGCCCA-1	Epithelial	11
ACTACGAGTGATAGAT-1	Epithelial	18
ACTACGATCAGGAAGC-1	Epithelial	11
ACTACGATCGAGAAGC-1	Myeloid	17
ACTACGATCGGTCCGA-1	Epithelial	10
ACTAGGTAGAAGACTT-1	Epithelial	5
ACTAGGTAGCCGCAAA-1	Epithelial	19
ACTAGGTAGGAGTAGA-1	Epithelial	10
ACTAGGTAGGCATGCA-1	Epithelial	10
ACTAGGTCAAATAGTG-1	Epithelial	6
ACTAGGTCAACGACAG-1	Epithelial	11
ACTAGGTCAGGTTATC-1	Myeloid	0
ACTAGGTCAGTGGTCC-1	Epithelial	16
ACTAGGTGTGATTCCA-1	Epithelial	15
ACTAGGTTCGTTGTTT-1	Stromal	8
ACTATTCAGAAGACTT-1	Myeloid	0
ACTATTCAGATGCGAC-1	Epithelial	13
ACTATTCAGCAATGTA-1	Epithelial	13
ACTATTCAGCCGCAAA-1	Myeloid	0
ACTATTCAGGATTGCG-1	Epithelial	13
ACTATTCAGGCCTAAG-1	Myeloid	0
ACTATTCAGGCTAAAT-1	Epithelial	1
ACTATTCAGTGAAGGA-1	Epithelial	16
ACTATTCCAAAGGCCA-1	Epithelial	3
ACTATTCCACAGCTTA-1	Epithelial	6
ACTATTCCAGCGTACC-1	Epithelial	7
ACTATTCCATCGCCTT-1	Epithelial	11
ACTATTCCATTCTCGC-1	Epithelial	7
ACTATTCGTACCGGCT-1	Epithelial	1
ACTATTCGTAGCGGTA-1	Epithelial	2
ACTATTCGTATCCCTC-1	Epithelial	6
ACTATTCGTCAACTAC-1	Epithelial	15
ACTATTCGTCTGTCCT-1	Epithelial	6
ACTATTCTCGCGCCAA-1	Epithelial	15
ACTATTCTCTCTGTTA-1	Myeloid	0
ACTCGGGAGGCGATTG-1	Epithelial	16
ACTCGGGAGGCGTCCT-1	Myeloid	0
ACTCGGGAGTCTAGAA-1	Epithelial	15
ACTCGGGAGTGTCGGA-1	Epithelial	14
ACTCGGGCAGGGAGTT-1	Epithelial	1
ACTCGGGCAGGGCTTC-1	Epithelial	15
ACTCGGGCATCGCCTT-1	Epithelial	1
ACTCGGGGTAAAGGCC-1	Epithelial	6
ACTCGGGGTGCGCTCA-1	T	4
ACTCGGGGTTCATTTC-1	Epithelial	1
ACTCGGGTCCGAATTG-1	Epithelial	12
ACTCGGGTCTCGCGGA-1	Epithelial	18
ACTGCAAAGAGGCCTA-1	Epithelial	13
ACTGCAAAGAGGTACC-1	Stromal	8
ACTGCAAAGCTATCGT-1	Epithelial	11
ACTGCAAAGGTAGGAA-1	Epithelial	11
ACTGCAACAAGGGTAC-1	Epithelial	15
ACTGCAACACAGATGG-1	Epithelial	16
ACTGCAACACTCAGCG-1	Epithelial	16
ACTGCAACACTGTCGG-1	Epithelial	15
ACTGCAACATCCCAAA-1	T	4
ACTGCAACATCCCTCA-1	Epithelial	18
ACTGCAACATGCTATG-1	Epithelial	11
ACTGCAACATGGAGGT-1	Epithelial	15
ACTGCAAGTCCCTTTG-1	Epithelial	1
ACTGCAAGTGAGGTCA-1	Epithelial	7
ACTGCAAGTGATAACA-1	Epithelial	12
ACTGCAATCTACCCGT-1	Epithelial	3
ACTGCAATCTGTAGAC-1	Epithelial	10
ACTGCAATCTTAGTGG-1	Epithelial	19
ACTGCAATCTTCCACG-1	Epithelial	13
ACTGCGGAGACTCGGA-1	T	4
ACTGCGGAGGGTGTTG-1	Epithelial	11
ACTGCGGCAAGTAACA-1	Epithelial	16
ACTGCGGCACCTGTGG-1	Epithelial	6
ACTGCGGCACTCCTCA-1	Epithelial	13
ACTGCGGCAGCGTGAA-1	Epithelial	16
ACTGCGGCAGGATGTG-1	Epithelial	14
ACTGCGGCAGTTCGGC-1	Epithelial	18
ACTGCGGGTAACGGTG-1	Epithelial	11
ACTGCGGGTATCTGCA-1	Epithelial	3
ACTGCGGGTCATAAGA-1	Epithelial	19
ACTGCGGGTGGGTAGT-1	Epithelial	5
ACTGCGGTCCATTGTT-1	Epithelial	5
ACTGCGGTCCGGCTGA-1	Myeloid	0
ACTGCGGTCGATAGGG-1	Epithelial	3
ACTGCGGTCGCCAGAC-1	Epithelial	12
ACTGCGGTCGTTGTAG-1	Epithelial	1
ACTGCGGTCTATCTCA-1	Myeloid	17
ACTGTCCAGGGCTTCC-1	Epithelial	1
ACTGTCCCAAGTCCTA-1	Epithelial	6
ACTGTCCCACATAAAG-1	T	4
ACTGTCCCAGCAACAG-1	Epithelial	19
ACTGTCCCAGTTGGAG-1	Epithelial	18
ACTGTCCGTAAGTCTC-1	Epithelial	11
ACTGTCCGTCAACGGA-1	Epithelial	13
ACTGTCCGTCATAGCT-1	Epithelial	12
ACTGTCCGTTGCAGCC-1	Myeloid	0
ACTGTCCTCCTTACGC-1	Epithelial	12
ACTGTCCTCTGGCCAG-1	Epithelial	11
ACTTCCGAGAGCGGTT-1	Epithelial	1
ACTTCCGCAACAACTC-1	Myeloid	0
ACTTCCGCACTGAAGG-1	Epithelial	1
ACTTCCGCACTGTTAG-1	Epithelial	6
ACTTCCGCAGACCTGC-1	Epithelial	2
ACTTCCGCAGCAAACG-1	Epithelial	13
ACTTCCGCATCGTACA-1	Epithelial	12
ACTTCCGGTAACGGAC-1	Epithelial	6
ACTTCCGGTACAACGG-1	Epithelial	5
ACTTCCGTCAGTCACA-1	Epithelial	2
ACTTCCGTCAGTGTGT-1	Myeloid	17
ACTTCCGTCCCACTAC-1	Epithelial	15
ACTTCCGTCTGACTTT-1	Epithelial	3
ACTTTCAAGAGCACTG-1	Epithelial	6
ACTTTCAAGAGCTCCC-1	Stromal	9
ACTTTCAAGCAACGGT-1	T	4
ACTTTCAAGGGTCCCT-1	Epithelial	15
ACTTTCAAGGTGATGC-1	Epithelial	2
ACTTTCAAGTATGGGC-1	Epithelial	15
ACTTTCACAACACGGA-1	Epithelial	13
ACTTTCACAAGTCTGT-1	Stromal	9
ACTTTCACAATTGTGC-1	Myeloid	17
ACTTTCACAGCGTACC-1	Epithelial	10
ACTTTCACAGGTAACG-1	Epithelial	2
ACTTTCAGTAGATTAG-1	T	4
ACTTTCAGTAGTACAA-1	Epithelial	5
ACTTTCAGTTGCCTGG-1	T	4
ACTTTCATCAAAGTAG-1	Epithelial	11
ACTTTCATCCCAGCGA-1	T	4
ACTTTCATCGCACAAT-1	Stromal	9
ACTTTCATCTCTGCAC-1	Epithelial	1
AGACAAAAGAATACTG-1	Epithelial	1
AGACAAAAGGGTATCG-1	Epithelial	13
AGACAAACAAACCTAC-1	T	4
AGACAAACAAGGATGC-1	T	4
AGACAAACAATGGCTT-1	Epithelial	6
AGACAAACACCTGTGG-1	Epithelial	2
AGACAAACACTAGCCG-1	Epithelial	13
AGACAAAGTCTAACCA-1	Epithelial	12
AGACAAAGTGGTGGTA-1	Epithelial	16
AGACAAAGTTAGGAGC-1	Epithelial	2
AGACAAAGTTGGACGA-1	Epithelial	1
AGACAAATCAACACGT-1	Myeloid	17
AGACAAATCATCGCCT-1	T	4
AGACAAATCCAATCCC-1	Epithelial	12
AGACAAATCCACGGCA-1	Epithelial	16
AGACAAATCGGAGTTT-1	Myeloid	17
AGATAGAAGAACTAAC-1	Epithelial	10
AGATAGAAGACACAAT-1	Epithelial	13
AGATAGAAGACCTATC-1	Stromal	9
AGATAGAAGCACGTAG-1	Epithelial	12
AGATAGAAGCTACGCC-1	T	4
AGATAGACAATACTGC-1	Epithelial	18
AGATAGACACAGAAGC-1	Epithelial	3
AGATAGACAGAATGCG-1	Myeloid	17
AGATAGACAGCTTACA-1	Epithelial	11
AGATAGACAGTTAAAG-1	Epithelial	2
AGATAGACATGTAGAA-1	Epithelial	18
AGATAGAGTACAACGG-1	Myeloid	0
AGATAGAGTACAAGCG-1	Epithelial	6
AGATAGATCAAGAGAT-1	Myeloid	17
AGATAGATCGGGCTCA-1	Epithelial	12
AGATTCGAGAAGCCTG-1	Epithelial	18
AGATTCGAGACGAAAG-1	Epithelial	5
AGATTCGCAAACCCTA-1	Epithelial	12
AGATTCGCAAGGAAGA-1	Epithelial	2
AGATTCGCACCAAGGA-1	Epithelial	18
AGATTCGCACTCGCAG-1	Stromal	9
AGATTCGCAGAAGTGC-1	Epithelial	6
AGATTCGCAGCTATAC-1	Epithelial	13
AGATTCGGTCCAGACC-1	Epithelial	1
AGATTCGGTGGACCAA-1	Epithelial	10
AGATTCGTCAGAGTGG-1	Epithelial	13
AGATTCGTCATTGCCC-1	Myeloid	0
AGATTCGTCCGTTTCG-1	Epithelial	1
AGATTCGTCGAGGTCC-1	Epithelial	6
AGATTCGTCTTCACTA-1	Epithelial	13
AGCCAGCAGCGAATAT-1	Myeloid	17
AGCCAGCAGCGTCAAG-1	Epithelial	12
AGCCAGCCAAGGCGTA-1	Epithelial	7
AGCCAGCCAATCAGGG-1	Epithelial	6
AGCCAGCGTACGAGAC-1	Epithelial	13
AGCCAGCGTACGCCCA-1	Epithelial	5
AGCCAGCGTAGTATCC-1	Epithelial	16
AGCCAGCGTGGTAAGC-1	Epithelial	18
AGCCAGCTCAGCGGTC-1	Epithelial	3
AGCCAGCTCGATAGTC-1	Epithelial	18
AGCCCGAAGAAACGCC-1	Epithelial	10
AGCCCGAAGATTGACA-1	Myeloid	17
AGCCCGAAGCAATAAC-1	Epithelial	2
AGCCCGAAGGATCCTT-1	Stromal	8
AGCCCGAAGGCAGTGT-1	Epithelial	5
AGCCCGAAGTACAGTA-1	Epithelial	5
AGCCCGAAGTGAGTGC-1	Epithelial	13
AGCCCGAAGTTCAGGG-1	Epithelial	10
AGCCCGACAACGTACT-1	Myeloid	17
AGCCCGACAGGCATTT-1	Stromal	8
AGCCCGAGTAAGGTCG-1	Epithelial	11
AGCCCGAGTAGTCTGT-1	Myeloid	0
AGCCCGAGTATCTCAG-1	Epithelial	13
AGCCCGAGTCAGCTTA-1	Epithelial	18
AGCCCGAGTCCGTGCA-1	Epithelial	19
AGCCCGAGTCTAACCA-1	Epithelial	15
AGCCCGATCATGCTTT-1	Epithelial	15
AGCCCGATCCGTTAGA-1	Epithelial	16
AGCCCGATCGGATAGG-1	Epithelial	2
AGCCCGATCGTCTTAT-1	Epithelial	15
AGCCCGATCTTCATAC-1	Epithelial	3
AGCCGCAAGGTAGGCT-1	Epithelial	5
AGCCGCAAGGTCTTTG-1	Epithelial	18
AGCCGCAAGTAGGAAG-1	Epithelial	18
AGCCGCAAGTGAATAC-1	T	4
AGCCGCACAAAGCTGG-1	Epithelial	16
AGCCGCACAAGCGAAC-1	Epithelial	2
AGCCGCACAAGGTCGA-1	Stromal	8
AGCCGCACAGAACAGC-1	T	4
AGCCGCACAGTAAGAT-1	Epithelial	3
AGCCGCACATTGCCTC-1	Epithelial	6
AGCCGCAGTACGTAAA-1	Epithelial	12
AGCCGCAGTAGAGAGA-1	Epithelial	10
AGCCGCAGTAGGTCTT-1	Epithelial	6
AGCCGCAGTCCTTCAC-1	Myeloid	17
AGCCGCAGTGCAAGAC-1	Myeloid	0
AGCCGCAGTGGCGCTT-1	Epithelial	19
AGCCGCAGTTAGGCTT-1	Epithelial	3
AGCCGCATCGTGGTAT-1	Epithelial	18
AGCCTCTAGAAGCCGT-1	T	4
AGCCTCTAGACTTCCA-1	Myeloid	0
AGCCTCTAGAGGAATG-1	Epithelial	2
AGCCTCTAGGACTAGC-1	Myeloid	0
AGCCTCTAGGCGTAGT-1	Epithelial	5
AGCCTCTCAATGTGCT-1	Epithelial	13
AGCCTCTGTAGATGAT-1	Epithelial	10
AGCCTCTGTTCCATCC-1	Epithelial	2
AGCCTCTTCCAATAGC-1	Epithelial	16
AGCCTCTTCCTTCGAC-1	Epithelial	13
AGCCTCTTCTCAGATG-1	Epithelial	16
AGCCTGGAGAATCAGT-1	Epithelial	6
AGCCTGGAGAGTGGAA-1	Epithelial	12
AGCCTGGAGCTGCTCG-1	Stromal	8
AGCCTGGAGTCACACT-1	Epithelial	3
AGCCTGGAGTCGTACT-1	Epithelial	15
AGCCTGGCAAGCAACG-1	Stromal	9
AGCCTGGGTATTCTTC-1	Epithelial	13
AGCCTGGGTCGTAGTT-1	Epithelial	15
AGCCTGGTCATGAACC-1	Epithelial	12
AGCCTGGTCCGTTTCG-1	Epithelial	11
AGCCTGGTCTTAGTGG-1	Myeloid	17
AGCCTTCAGAAATACC-1	T	4
AGCCTTCAGATATGTG-1	Epithelial	19
AGCCTTCAGCCCATGC-1	Epithelial	11
AGCCTTCAGGCAGATC-1	Epithelial	5
AGCCTTCAGGTCACTT-1	Myeloid	0
AGCCTTCAGTACCCAT-1	Epithelial	6
AGCCTTCCAAAGCTTC-1	Epithelial	12
AGCCTTCCAATCACTG-1	Epithelial	16
AGCCTTCCAGATTTGC-1	Epithelial	6
AGCCTTCCATTACCTT-1	Epithelial	2
AGCCTTCCATTAGCCA-1	T	4
AGCCTTCGTCGTAGTT-1	Epithelial	12
AGCCTTCGTGCGTAGA-1	Stromal	9
AGCCTTCGTTACTACG-1	Epithelial	18
AGCCTTCGTTCCAATG-1	Epithelial	2
AGCCTTCTCAACTTGG-1	T	4
AGCCTTCTCCAGCACG-1	Epithelial	15
AGCCTTCTCTACATCT-1	Myeloid	0
AGCGATTAGACCCATT-1	Epithelial	14
AGCGATTAGGGTATCG-1	Epithelial	11
AGCGATTAGGTACATA-1	Myeloid	0
AGCGATTAGTGTCACT-1	Epithelial	6
AGCGATTCAAACGACG-1	Epithelial	10
AGCGATTCAATCATCG-1	Epithelial	12
AGCGATTCACGCGATC-1	Epithelial	6
AGCGATTGTCATTGGT-1	Stromal	8
AGCGATTGTCCTTATT-1	Epithelial	6
AGCGATTGTTGCCTGG-1	Epithelial	6
AGCGATTTCGCAAACT-1	Epithelial	5
AGCGATTTCGCTGATA-1	Epithelial	6
AGCGATTTCGGTCCGA-1	Epithelial	10
AGCGATTTCGGTTAGT-1	Epithelial	15
AGCGATTTCGTCAACA-1	Epithelial	10
AGCGATTTCTGAGTAC-1	Epithelial	10
AGCGATTTCTGTCGGG-1	Epithelial	1
AGCGTATAGGCAGATC-1	Epithelial	7
AGCGTATAGGCGATTG-1	Epithelial	1
AGCGTATCAATTGCCA-1	Epithelial	7
AGCGTATCACCGAAAG-1	Epithelial	13
AGCGTATCACTGTCGG-1	Myeloid	0
AGCGTATCAGCGTGAA-1	T	4
AGCGTATGTATTCACG-1	Myeloid	17
AGCGTATGTCTGGTCG-1	Epithelial	16
AGCGTATGTTCCAATG-1	Epithelial	18
AGCGTATGTTCCCGGA-1	Epithelial	11
AGCGTATTCAGGTCTA-1	Epithelial	6
AGCGTATTCCCTAAAG-1	Epithelial	6
AGCGTATTCGATCGCG-1	Epithelial	3
AGCGTATTCGGTTCCT-1	Epithelial	12
AGCGTGCAGACCTATC-1	Epithelial	5
AGCGTGCAGATATGAC-1	Epithelial	14
AGCGTGCAGGAACCGT-1	Epithelial	1
AGCGTGCAGTACAGAT-1	Epithelial	3
AGCGTGCAGTGAGTTA-1	Epithelial	6
AGCGTGCCAGTATACC-1	Epithelial	1
AGCGTGCGTAAACGAT-1	T	4
AGCGTGCGTAGTACAA-1	Epithelial	16
AGCGTGCGTCTAAGAA-1	Myeloid	17
AGCGTGCGTTTGAAGA-1	Epithelial	15
AGCGTGCTCGTAGCGC-1	T	4
AGCGTGCTCGTCTTAT-1	Epithelial	12
AGCGTGCTCTTAGTGG-1	Epithelial	1
AGCGTGCTCTTCCGTG-1	Epithelial	6
AGCTATGAGAATATCG-1	Epithelial	13
AGCTATGAGATGTTCC-1	Epithelial	18
AGCTATGAGCGGACTA-1	T	4
AGCTATGAGGTAGGAA-1	Epithelial	16
AGCTATGCAGATACAA-1	Epithelial	16
AGCTATGCAGTGGTCC-1	Epithelial	2
AGCTATGGTCAAATCC-1	Myeloid	0
AGCTATGGTCTGAGCC-1	Stromal	9
AGCTATGGTTAACCAC-1	Epithelial	19
AGCTATGTCACCACAA-1	T	4
AGCTATGTCCGCTATC-1	T	4
AGCTATGTCGAGTGTT-1	Epithelial	11
AGCTATGTCGTCCCAT-1	Epithelial	10
AGCTATGTCGTTGTTT-1	Epithelial	1
AGCTGATAGAGGTACC-1	Myeloid	0
AGCTGATAGGCAAGGG-1	Epithelial	16
AGCTGATAGGTAGGAA-1	Epithelial	3
AGCTGATAGGTTAACA-1	Epithelial	10
AGCTGATCAAGAGATT-1	Epithelial	1
AGCTGATCACTCGCAG-1	T	4
AGCTGATCAGAGATGC-1	Myeloid	0
AGCTGATCAGAGCCAA-1	Epithelial	18
AGCTGATCAGTAACGG-1	Epithelial	18
AGCTGATCATAGCCGC-1	T	4
AGCTGATGTCTCGGGT-1	Epithelial	13
AGCTGATGTCTTAGCA-1	Epithelial	16
AGCTGATTCAGGCGCT-1	Myeloid	0
AGCTGATTCCAGGCCA-1	Epithelial	13
AGCTGATTCCTCCCAA-1	Epithelial	16
AGCTGATTCCTGTGGG-1	Epithelial	19
AGCTGATTCGGGAAAC-1	Epithelial	18
AGCTGGCAGCCATCAT-1	Epithelial	14
AGCTGGCAGCGAGCTA-1	T	4
AGCTGGCCAATGATGA-1	Epithelial	18
AGCTGGCCACTGTTAG-1	Myeloid	17
AGCTGGCCAGGACCTC-1	Epithelial	10
AGCTGGCCAGGCATTT-1	Epithelial	5
AGCTGGCGTGGCGCTT-1	Stromal	9
AGCTGTAAGAACAGGA-1	T	4
AGCTGTAAGCCTATAC-1	Epithelial	18
AGCTGTAAGGAAACTT-1	Epithelial	7
AGCTGTACAAATTCCG-1	Epithelial	16
AGCTGTACAAGCACTT-1	Stromal	8
AGCTGTACAAGTCTGT-1	Epithelial	13
AGCTGTACAATGATGA-1	Epithelial	19
AGCTGTAGTACGACCC-1	Epithelial	6
AGCTGTAGTATGAAGT-1	Epithelial	10
AGCTGTAGTCAACAGG-1	T	4
AGCTGTAGTTGAATAG-1	Epithelial	2
AGCTGTATCAAGAGAT-1	Epithelial	5
AGCTGTATCGGTTGTA-1	Stromal	8
AGGACGAAGAGCGGTT-1	Epithelial	18
AGGACGAAGGGCTCTC-1	Myeloid	17
AGGACGAAGGTTCGAG-1	Epithelial	11
AGGACGAAGTAACTCC-1	Myeloid	17
AGGACGACAACTAGAA-1	Epithelial	6
AGGACGACAAGCGGTA-1	T	4
AGGACGACACCAAGGA-1	Epithelial	16
AGGACGACACTCCACT-1	Epithelial	12
AGGACGACATATTGGC-1	T	4
AGGACGACATGCGACC-1	Myeloid	0
AGGACGACATTGTTCT-1	Epithelial	16
AGGACGAGTAACCATC-1	Stromal	8
AGGACGAGTACTAGAA-1	T	4
AGGACGAGTCGAGGAT-1	T	4
AGGACGAGTGAGCTAG-1	Epithelial	12
AGGACGAGTGCTAGTT-1	Epithelial	13
AGGACGAGTTCGGGAA-1	Epithelial	5
AGGACGATCACCCTTG-1	T	4
AGGACGATCATTGCCC-1	Myeloid	17
AGGACGATCCATAGGT-1	Stromal	9
AGGACGATCCCACGGA-1	Epithelial	13
AGGCCCAAGAACTCCT-1	Myeloid	17
AGGCCCAAGAGGTGGG-1	Epithelial	16
AGGCCCAAGCGCATTT-1	Epithelial	6
AGGCCCAAGCTGGAGT-1	Epithelial	2
AGGCCCAAGGGCATTG-1	Epithelial	2
AGGCCCAAGTGTCCCG-1	Myeloid	0
AGGCCCACAGGCTACC-1	Stromal	9
AGGCCCAGTAACTGAA-1	Stromal	8
AGGCCCAGTAGCAGGT-1	Epithelial	15
AGGCCCAGTTCCGCGA-1	T	4
AGGCCCAGTTTGATCG-1	Epithelial	16
AGGCCCATCCGAGAGA-1	Epithelial	2
AGGCCCATCCTAAGTG-1	Epithelial	1
AGGCCCATCCTATCCG-1	Epithelial	1
AGGCCCATCGAACCGC-1	Epithelial	11
AGGCCCATCGGATGTT-1	Epithelial	15
AGGCCCATCTCGACCT-1	Epithelial	11
AGGCCCATCTGATCCC-1	Epithelial	3
AGGCCTGAGACAGTGC-1	Epithelial	2
AGGCCTGAGAGAAGCA-1	Stromal	9
AGGCCTGAGATCTAAG-1	Epithelial	1
AGGCCTGAGATGCGAC-1	Epithelial	1
AGGCCTGAGCTAGCAG-1	Epithelial	15
AGGCCTGAGTGATATG-1	Stromal	9
AGGCCTGCAACATAAG-1	Epithelial	2
AGGCCTGCAATGCCAT-1	Epithelial	11
AGGCCTGCACTCGTGG-1	Epithelial	15
AGGCCTGCACTTGCGG-1	Epithelial	15
AGGCCTGGTAACAATG-1	Epithelial	6
AGGCCTGGTGGTACTT-1	Epithelial	1
AGGCCTGGTGTGACCC-1	Epithelial	3
AGGCCTGTCCGATGCG-1	Stromal	9
AGGCCTGTCCGGAAAG-1	Myeloid	0
AGGCCTGTCGCACCTT-1	Epithelial	1
AGGCCTGTCTCCTTAA-1	Epithelial	14
AGGCGAAAGACGCCCT-1	T	4
AGGCGAAAGAGTAAGG-1	Epithelial	10
AGGCGAAAGGGAGTTC-1	Stromal	9
AGGCGAAAGTAGGAAG-1	Epithelial	15
AGGCGAACAGCGCGTT-1	T	4
AGGCGAACATGACTGT-1	T	4
AGGCGAACATTTCTTG-1	Epithelial	1
AGGCGAAGTCATAAGA-1	Epithelial	11
AGGCGAAGTCTGATTG-1	T	4
AGGCGAATCACAAGCT-1	Epithelial	10
AGGCGAATCACTACCC-1	Epithelial	3
AGGCGAATCCAATAGC-1	Stromal	8
AGGCGAATCTGATCTT-1	Stromal	8
AGGCGTCAGCTTACCA-1	Epithelial	16
AGGCGTCAGGTTGTGG-1	Epithelial	1
AGGCGTCCAAACTACC-1	Epithelial	15
AGGCGTCCAAGGGAGG-1	Epithelial	10
AGGCGTCCAGATACAA-1	Epithelial	5
AGGCGTCGTAAACGAT-1	Epithelial	12
AGGCGTCGTAGTACAA-1	Epithelial	1
AGGCGTCGTGGTTCTA-1	Epithelial	18
AGGCGTCGTGTCTCGG-1	Epithelial	13
AGGCGTCGTTCCCAAA-1	Epithelial	2
AGGCGTCTCAATCGTG-1	Epithelial	12
AGGCGTCTCACGGGTC-1	Epithelial	18
AGGCGTCTCACTCCCA-1	Epithelial	13
AGGCGTCTCAGTACAC-1	T	4
AGGCGTCTCTCCAACC-1	Epithelial	15
AGTCAACAGAAAGCAG-1	T	4
AGTCAACAGACTCGGA-1	Epithelial	19
AGTCAACCAACATAAG-1	Myeloid	0
AGTCAACCAATGTAAG-1	Epithelial	16
AGTCAACCACAGCCAC-1	Epithelial	7
AGTCAACCACGTGAAG-1	T	4
AGTCAACCAGACCTGC-1	Myeloid	17
AGTCAACCAGTCAGCC-1	Epithelial	3
AGTCAACGTAAGCCGA-1	T	4
AGTCAACGTAGTACAA-1	Epithelial	15
AGTCAACGTTAACTCG-1	Myeloid	0
AGTCAACGTTAAGTCC-1	Epithelial	16
AGTCAACTCATCGCAA-1	T	4
AGTCAACTCTGGAAGG-1	Epithelial	14
AGTCCGGAGTCGGGAT-1	Stromal	9
AGTCCGGAGTGCTGAG-1	Epithelial	15
AGTCCGGCAACAACTC-1	Epithelial	15
AGTCCGGCAGAAAGAG-1	Epithelial	1
AGTCCGGCATCGCTAA-1	Epithelial	7
AGTCCGGGTATTCACG-1	Myeloid	0
AGTCCGGGTCGACTGC-1	Epithelial	12
AGTCCGGGTCGCGCTA-1	Epithelial	15
AGTCCGGGTTACTTTC-1	Epithelial	15
AGTCCGGTCAAAGTAG-1	Epithelial	18
AGTCCGGTCCATGTTT-1	Epithelial	10
AGTCCGGTCGGGATCC-1	Epithelial	1
AGTCCGGTCGGTCAGC-1	T	4
AGTCCGGTCTTAGTGG-1	Stromal	9
AGTGCCGAGCGTTAGG-1	Epithelial	19
AGTGCCGAGTAACACA-1	Epithelial	10
AGTGCCGAGTTGCGCC-1	Epithelial	13
AGTGCCGCAAGTAACA-1	Epithelial	1
AGTGCCGGTGACAAGC-1	Epithelial	7
AGTGCCGGTGGCCTCA-1	Epithelial	3
AGTGCCGGTTCCAGTA-1	Stromal	8
AGTGCCGGTTCTTTCA-1	Epithelial	18
AGTGCCGGTTGCAGAG-1	Epithelial	12
AGTGCCGTCTGGCTAA-1	Epithelial	5
AGTGCGCAGATCTAAG-1	Epithelial	15
AGTGCGCAGCTATCGT-1	Myeloid	0
AGTGCGCAGGGTATCG-1	Epithelial	15
AGTGCGCAGTCGCCTG-1	Epithelial	10
AGTGCGCCAACAACTC-1	Epithelial	19
AGTGCGCCACAGGTAG-1	Epithelial	3
AGTGCGCCACGCCGAT-1	Epithelial	18
AGTGCGCCAGTATCTG-1	Myeloid	0
AGTGCGCCATAGATAG-1	Epithelial	7
AGTGCGCCATAGCCAT-1	Myeloid	17
AGTGCGCGTGGACTGA-1	Epithelial	6
AGTGCGCTCCACGGCA-1	T	4
AGTGCGCTCGATCTTT-1	Epithelial	7
AGTGCGCTCTTCAGAG-1	Epithelial	6
AGTGTACAGTCATACC-1	Epithelial	3
AGTGTACAGTTCCCGG-1	Myeloid	17
AGTGTACCACTCGCAG-1	Epithelial	5
AGTGTACCATCCGTGG-1	Epithelial	19
AGTGTACGTACGCAAG-1	T	4
AGTGTACGTAGGTAAT-1	Epithelial	19
AGTGTACGTTCTGAGT-1	Epithelial	18
AGTGTACGTTTGACCA-1	Epithelial	11
AGTGTACTCAGCACGC-1	Epithelial	11
AGTGTACTCAGGATCT-1	Myeloid	17
AGTGTACTCCAATCCC-1	Epithelial	3
AGTGTACTCCATCGAA-1	T	4
AGTGTACTCGCCGAAC-1	Epithelial	11
AGTGTACTCGTGATAC-1	Epithelial	6
AGTTACGAGACCGCAA-1	Epithelial	15
AGTTACGAGATGGCAC-1	Epithelial	1
AGTTACGAGTCGCCTG-1	Epithelial	1
AGTTACGAGTGAGTGC-1	Epithelial	18
AGTTACGAGTTGCCGC-1	Epithelial	11
AGTTACGCAAACCCTA-1	Epithelial	16
AGTTACGCATGTCCCT-1	Epithelial	10
AGTTACGGTAAACCCT-1	Epithelial	7
AGTTACGGTAAACGTA-1	Epithelial	18
AGTTACGGTAGTGATA-1	T	4
AGTTACGGTTTAGAAG-1	Stromal	9
AGTTACGTCAGGCCGT-1	Epithelial	2
AGTTACGTCCAGAGAG-1	Epithelial	11
AGTTACGTCGTGTGCG-1	Epithelial	10
AGTTACGTCTCTATCA-1	Epithelial	15
AGTTACGTCTTCGTTA-1	Epithelial	10
AGTTTGGAGATGCGAC-1	Epithelial	7
AGTTTGGAGGCAGTGT-1	Epithelial	16
AGTTTGGAGTCGGGAT-1	Epithelial	6
AGTTTGGAGTGATATG-1	Epithelial	1
AGTTTGGCACAGGTAG-1	Epithelial	15
AGTTTGGCACGTTGTA-1	Epithelial	7
AGTTTGGCAGGTCTGC-1	Epithelial	12
AGTTTGGGTGTGCTTA-1	Epithelial	6
AGTTTGGGTTGAATAG-1	Epithelial	14
AGTTTGGTCACAGGGA-1	Epithelial	16
AGTTTGGTCACCCGGA-1	Epithelial	16
AGTTTGGTCTATACCT-1	Epithelial	2
AGTTTGGTCTGTAGAC-1	Epithelial	18
ATAGGCTAGCAGAATT-1	Epithelial	15
ATAGGCTAGGAAACTT-1	T	4
ATAGGCTAGGACTAGC-1	T	4
ATAGGCTAGGCCAGTA-1	Epithelial	15
ATAGGCTAGTGTCACT-1	Epithelial	15
ATAGGCTAGTTCAACC-1	Epithelial	14
ATAGGCTCAAGGATGC-1	Epithelial	12
ATAGGCTCAATTCGTG-1	Epithelial	10
ATAGGCTCACATTGCA-1	Epithelial	5
ATAGGCTGTCTGAGCC-1	Epithelial	6
ATAGGCTGTCTGATTG-1	Epithelial	2
ATAGGCTGTTGGCTAT-1	Epithelial	11
ATAGGCTTCACCCGGA-1	Epithelial	10
ATAGGCTTCCGTTTCG-1	Epithelial	18
ATAGGCTTCGGTCAGC-1	Myeloid	17
ATAGGCTTCTGTGTGA-1	Stromal	8
ATAGTCGAGCAGTAGC-1	Myeloid	17
ATAGTCGAGCCGCTGT-1	Epithelial	18
ATAGTCGAGGCCAATG-1	Epithelial	18
ATAGTCGAGGTCTTTG-1	Epithelial	5
ATAGTCGAGTTCCCGG-1	Epithelial	19
ATAGTCGCACTGTAAC-1	Myeloid	17
ATAGTCGCAGAGATGC-1	Epithelial	3
ATAGTCGGTATCTCAG-1	Epithelial	13
ATAGTCGGTCATAGAA-1	Myeloid	0
ATAGTCGGTTGCCGCA-1	Epithelial	7
ATAGTCGTCAGCACTA-1	Epithelial	11
ATAGTCGTCGTTGTAG-1	Epithelial	19
ATAGTCGTCTATATCC-1	Epithelial	18
ATAGTCGTCTCTTCCT-1	Epithelial	18
ATAGTCGTCTGTTGCC-1	Myeloid	17
ATATTCCAGCCATTCA-1	T	4
ATATTCCCAATAGCGG-1	Epithelial	12
ATATTCCCAATGTAAG-1	Myeloid	0
ATATTCCCAGTTGGAG-1	Myeloid	17
ATATTCCGTGGACAGT-1	Myeloid	17
ATATTCCGTTGGACGA-1	Myeloid	0
ATATTCCTCACTAGCA-1	Epithelial	12
ATATTCCTCCCAGCAG-1	Epithelial	5
ATATTCCTCCTTTGCG-1	Epithelial	14
ATATTCCTCGACGGAA-1	Epithelial	6
ATATTCCTCGCACAAT-1	Epithelial	6
ATATTCCTCGGATAAA-1	Epithelial	6
ATCCAGAAGAAGCCGT-1	Epithelial	13
ATCCAGAAGTAGGAAG-1	Epithelial	18
ATCCAGACACTCGGAC-1	Epithelial	15
ATCCAGACATCGTGAT-1	Epithelial	16
ATCCAGACATGGGTGA-1	Epithelial	11
ATCCAGACATTACCTT-1	Epithelial	12
ATCCAGAGTAATGTAG-1	Epithelial	7
ATCCAGAGTAGGGTTG-1	Epithelial	18
ATCCAGAGTCAGGCTC-1	Epithelial	5
ATCCAGAGTGGACGAT-1	Myeloid	0
ATCCAGATCAGATACC-1	T	4
ATCCAGATCAGGCCGT-1	Epithelial	11
ATCCAGATCAGTGTGT-1	Epithelial	5
ATCCAGATCCAACCTC-1	Epithelial	1
ATCCAGATCTCCTTAA-1	Epithelial	19
ATCCAGATCTCGTGAA-1	Epithelial	11
ATCCCTGAGAACTAAC-1	Epithelial	11
ATCCCTGAGAAGAGTG-1	T	4
ATCCCTGAGTTCGACT-1	Epithelial	19
ATCCCTGCAATACTGC-1	Epithelial	5
ATCCCTGCACCCATCT-1	Myeloid	0
ATCCCTGCACGCGATC-1	Epithelial	11
ATCCCTGCAGAGCCAA-1	Epithelial	3
ATCCCTGGTGGTACTT-1	Epithelial	2
ATCCCTGGTTACCCAA-1	Epithelial	2
ATCCCTGGTTTGACCA-1	Epithelial	3
ATCCCTGTCAAACCAC-1	Epithelial	2
ATCCCTGTCATCGCTC-1	Epithelial	19
ATCCCTGTCCGGAAAG-1	Epithelial	18
ATCCCTGTCGGTAGGA-1	T	4
ATCCTCGAGAATACTG-1	Epithelial	6
ATCCTCGAGAGGAACA-1	Epithelial	18
ATCCTCGAGATCCGAG-1	Epithelial	15
ATCCTCGAGATCTAAG-1	Myeloid	17
ATCCTCGAGGCAATTA-1	Stromal	9
ATCCTCGCAAACCCTA-1	Epithelial	15
ATCCTCGCAATAGCGG-1	Epithelial	2
ATCCTCGCAATTCTCT-1	Epithelial	19
ATCCTCGCACCACGAC-1	Epithelial	18
ATCCTCGCAGTTCGGC-1	Epithelial	6
ATCCTCGGTAACCGAG-1	T	4
ATCCTCGTCATGCTTT-1	T	4
ATCCTCGTCTACCCGT-1	Epithelial	12
ATCCTCGTCTGGCCAG-1	Epithelial	2
ATCCTGCAGAGACTCG-1	Epithelial	11
ATCCTGCAGCGTGTTT-1	Epithelial	1
ATCCTGCAGGGCTCTC-1	Epithelial	7
ATCCTGCCAAGCCCTG-1	Epithelial	2
ATCCTGCCAGGGAGTT-1	Epithelial	13
ATCCTGCGTCGAGGTA-1	Epithelial	11
ATCCTGCGTGACAAGC-1	Epithelial	2
ATCCTGCGTGAGTCGA-1	Epithelial	15
ATCCTGCGTGCCAAGA-1	Epithelial	10
ATCCTGCGTGTAGGAC-1	Epithelial	6
ATCCTGCGTTTGTGAC-1	Myeloid	0
ATCCTGCTCAAAGTAG-1	Myeloid	0
ATCCTGCTCAACGTGT-1	Myeloid	17
ATCCTGCTCCACCTAC-1	Epithelial	7
ATCCTGCTCCATGACA-1	T	4
ATCGAGTAGGGAAATG-1	Epithelial	10
ATCGAGTAGGGTGTTG-1	Myeloid	17
ATCGAGTAGGTTCGTT-1	Epithelial	15
ATCGAGTAGTTCGTTG-1	Epithelial	18
ATCGAGTCAATGACTC-1	Epithelial	19
ATCGAGTCATGGCCGT-1	Epithelial	11
ATCGAGTGTGATGCTT-1	Myeloid	17
ATCGAGTGTTACGCTA-1	Epithelial	2
ATCGAGTGTTTGAAGA-1	Myeloid	0
ATCGAGTTCGACTTAG-1	Epithelial	12
ATCGAGTTCTCGGCGA-1	Epithelial	13
ATCGAGTTCTGAGTCA-1	Epithelial	16
ATCGAGTTCTGGTACA-1	Epithelial	15
ATGCATGAGCGATACG-1	Epithelial	10
ATGCATGAGCTGAGGT-1	Epithelial	13
ATGCATGAGTGAAGGA-1	Epithelial	13
ATGCATGCAACGTACT-1	Epithelial	11
ATGCATGCACGCGCAT-1	Myeloid	0
ATGCATGCAGAACTTC-1	Epithelial	11
ATGCATGGTCCCTAAA-1	T	4
ATGCATGGTCGCTAGC-1	Myeloid	0
ATGCATGGTGATGTGG-1	Epithelial	10
ATGCATGGTTGAAGCG-1	Epithelial	10
ATGCATGGTTTCTCTA-1	Epithelial	3
ATGCATGTCACGATTG-1	Epithelial	6
ATGCATGTCCGGAAAG-1	T	4
ATGCATGTCGCGCTGA-1	Epithelial	13
ATGCATGTCGTTCCGT-1	Myeloid	0
ATGCATGTCTTACTCA-1	Epithelial	6
ATGGATCAGAGCCTGA-1	Epithelial	16
ATGGATCAGATGTTGA-1	Epithelial	6
ATGGATCAGCAGTAGC-1	Epithelial	11
ATGGATCAGTCTGCTA-1	Myeloid	17
ATGGATCCAACGTACT-1	Epithelial	3
ATGGATCCACACACCG-1	Epithelial	5
ATGGATCCACGTGAAG-1	Epithelial	7
ATGGATCCACTTACAG-1	Myeloid	17
ATGGATCCAGTAACGG-1	T	4
ATGGATCGTACGCAAG-1	Epithelial	3
ATGGATCGTGCTTGAT-1	Epithelial	16
ATGGATCTCACTGGTA-1	Epithelial	16
ATGGATCTCAGTGTGT-1	Epithelial	1
ATGGATCTCATCATGG-1	Myeloid	0
ATGGATCTCCAACAAC-1	Epithelial	2
ATGGATCTCGATGAAA-1	Epithelial	5
ATGGATCTCTTTGCAT-1	Myeloid	17
ATGTACGAGATGTTGA-1	Epithelial	16
ATGTACGAGCTACGTT-1	Epithelial	10
ATGTACGAGGCTCAGA-1	Myeloid	17
ATGTACGAGTGAACCG-1	Epithelial	2
ATGTACGCAGAACGAC-1	Epithelial	7
ATGTACGCATACTGCA-1	Epithelial	10
ATGTACGGTAAACGAT-1	Epithelial	19
ATGTACGGTAACAATG-1	Epithelial	18
ATGTACGGTATCACAC-1	Epithelial	7
ATGTACGGTCAATCCA-1	Epithelial	10
ATGTACGGTCATTGCA-1	Epithelial	16
ATGTACGGTCCCGTGA-1	Epithelial	6
ATGTACGGTCTGGGAA-1	Epithelial	15
ATGTACGTCAATCGTG-1	Myeloid	17
ATGTACGTCAGGATCT-1	Epithelial	16
ATGTACGTCCATTGAG-1	Epithelial	5
ATGTCGAAGGAGTAGA-1	Epithelial	13
ATGTCGACACGTTACA-1	Epithelial	11
ATGTCGACAGCAAACG-1	Epithelial	19
ATGTCGACAGCAGGTA-1	Epithelial	2
ATGTCGACATCCCTCA-1	Epithelial	3
ATGTCGAGTCCCTTTG-1	Epithelial	7
ATGTCGAGTGAGGGTT-1	Epithelial	3
ATGTCGAGTGGCATAG-1	T	4
ATGTCGAGTGTGAGGT-1	Epithelial	10
ATGTCGAGTTACCCAA-1	Epithelial	14
ATGTCGAGTTGAAGCG-1	Epithelial	16
ATGTCGATCGGGTCCA-1	Stromal	8
ATGTCGATCTACATCT-1	Epithelial	14
ATGTCGATCTGGCACG-1	Epithelial	13
ATGTCTTAGAGCTACG-1	Myeloid	0
ATGTCTTAGAGTGGAA-1	Epithelial	12
ATGTCTTAGGCGCTTC-1	Epithelial	15
ATGTCTTCAAAGGAAG-1	Myeloid	17
ATGTCTTCACAAGGGT-1	Epithelial	13
ATGTCTTCAGGCATCC-1	T	4
ATGTCTTGTCGAGAAC-1	Epithelial	3
ATGTCTTGTCTGCGCA-1	Epithelial	15
ATGTCTTGTTAACCGT-1	Epithelial	2
ATGTCTTGTTTAGACC-1	Epithelial	19
ATGTCTTGTTTGATCG-1	Epithelial	16
ATGTCTTTCCCAATAG-1	Epithelial	5
ATGTCTTTCCCAGTAA-1	T	4
ATGTCTTTCCTTTGAT-1	Epithelial	1
ATGTCTTTCGGGATCC-1	Epithelial	10
ATGTCTTTCTTGCGCT-1	Stromal	9
ATGTTTCAGCGTTGCC-1	Epithelial	14
ATGTTTCCAAGCCCTG-1	Myeloid	17
ATGTTTCCACGTTACA-1	Epithelial	11
ATGTTTCGTAAGCCTT-1	Stromal	9
ATGTTTCGTCGTCGCA-1	Epithelial	14
ATGTTTCGTCTGCACG-1	Myeloid	17
ATGTTTCTCAAGGCAG-1	Epithelial	3
ATGTTTCTCACAACAC-1	Epithelial	1
ATGTTTCTCATCGCTC-1	T	4
ATGTTTCTCATTGCCC-1	Epithelial	12
ATGTTTCTCCAGTACA-1	Epithelial	2
ATGTTTCTCCTGTGGG-1	Epithelial	7
ATGTTTCTCTCTGTTA-1	Epithelial	11
ATGTTTCTCTTATCAC-1	Myeloid	0
ATTACCTAGACGAAAG-1	T	4
ATTACCTAGGTACATA-1	Epithelial	16
ATTACCTAGTAGTCGG-1	Stromal	8
ATTACCTCACGATTAC-1	Epithelial	14
ATTACCTCACGTGAAG-1	Epithelial	19
ATTACCTCACTACACA-1	Myeloid	0
ATTACCTCACTGTTAG-1	Epithelial	16
ATTACCTCAGGTGGTA-1	T	4
ATTACCTCATCCGTGG-1	Epithelial	16
ATTACCTCATTCTTTG-1	Epithelial	12
ATTACCTGTAAAGCTA-1	Epithelial	15
ATTACCTGTACCCATA-1	Epithelial	2
ATTACCTGTCAGTGCC-1	Epithelial	3
ATTACCTTCACGTCAA-1	T	4
ATTACCTTCATGTTCT-1	Epithelial	10
ATTACCTTCGTGTGCG-1	Myeloid	17
ATTACCTTCTGCTACC-1	Stromal	9
ATTACCTTCTTGTCAT-1	Epithelial	5
ATTACTCAGAAAGCAG-1	Epithelial	6
ATTACTCAGAACTAAC-1	Myeloid	0
ATTACTCAGCCTGTAT-1	Epithelial	7
ATTACTCAGCTTACCA-1	Epithelial	12
ATTACTCAGTCGATAA-1	Epithelial	2
ATTACTCCAAGCGGTA-1	T	4
ATTACTCCAGGCTACC-1	Epithelial	2
ATTACTCCATCGCTAA-1	Epithelial	5
ATTACTCGTCAAGACG-1	Epithelial	2
ATTACTCGTGGTAGAC-1	Epithelial	19
ATTACTCGTGTTGTTG-1	Epithelial	6
ATTACTCTCAGCACGC-1	Epithelial	18
ATTACTCTCCCAGTAA-1	Epithelial	19
ATTACTCTCTGAACGT-1	Epithelial	5
ATTACTCTCTGGCACG-1	Epithelial	18
ATTCGTTAGTTGAATG-1	Epithelial	18
ATTCGTTAGTTGTCCA-1	Myeloid	0
ATTCGTTCAGGCTACC-1	T	4
ATTCGTTGTCACATTG-1	Epithelial	16
ATTCGTTGTCTCGGGT-1	T	4
ATTCGTTGTGTGACCC-1	Epithelial	13
ATTCGTTGTTGTGACT-1	Epithelial	18
ATTCGTTTCACCCTTG-1	Epithelial	6
ATTCGTTTCAGAGTGG-1	Epithelial	15
ATTCGTTTCCCAATAG-1	Epithelial	2
ATTCGTTTCGGTCTCT-1	Epithelial	10
ATTCGTTTCTCATCCG-1	Epithelial	12
ATTCGTTTCTTAGTGG-1	Epithelial	13
ATTGTCTAGAACGCCA-1	Epithelial	10
ATTGTCTAGAAGGGCG-1	Epithelial	6
ATTGTCTAGACTTGAA-1	Epithelial	12
ATTGTCTAGATTAGAC-1	Epithelial	12
ATTGTCTAGGCCAATG-1	Stromal	9
ATTGTCTAGTGTGTAA-1	Epithelial	10
ATTGTCTCAAGTCTCA-1	Myeloid	0
ATTGTCTCACGTTGTA-1	Epithelial	3
ATTGTCTGTAAAGGCC-1	Epithelial	18
ATTGTCTGTAAGTCTC-1	Epithelial	3
ATTGTCTGTATCGCGC-1	Epithelial	18
ATTGTCTGTCAACGGA-1	Epithelial	16
ATTGTCTGTTACGCTA-1	Epithelial	1
ATTGTCTTCAGTTGAC-1	Stromal	8
ATTGTCTTCATCGCTC-1	Epithelial	13
ATTGTCTTCCCGTAGG-1	Epithelial	15
ATTGTCTTCGGTCCGA-1	Epithelial	11
ATTGTGGAGATCTCAC-1	Epithelial	16
ATTGTGGAGGTGTTGG-1	Epithelial	6
ATTGTGGCAACTCAAC-1	Epithelial	12
ATTGTGGCAAGGATGC-1	Epithelial	16
ATTGTGGCAAGTCTCA-1	Epithelial	19
ATTGTGGCACTGCTTC-1	Myeloid	0
ATTGTGGCAGTCAGAG-1	Epithelial	15
ATTGTGGGTACGGATG-1	Epithelial	3
ATTGTGGGTACGTAGG-1	Epithelial	6
ATTGTGGGTAGGTCTT-1	Epithelial	2
ATTGTGGGTATTCTTC-1	Epithelial	16
ATTGTGGGTCCTTATT-1	Epithelial	1
ATTGTGGGTTTAAGGA-1	Epithelial	3
ATTGTGGGTTTCTACT-1	T	4
ATTGTGGTCGATGTGT-1	Epithelial	15
ATTGTGGTCTTGTCGC-1	Epithelial	16
ATTTGTCAGAACGCCA-1	Epithelial	6
ATTTGTCAGAGAACCC-1	Myeloid	0
ATTTGTCAGATCACCT-1	Epithelial	15
ATTTGTCAGGCTTTAC-1	Myeloid	0
ATTTGTCCACTCCCAT-1	Epithelial	6
ATTTGTCCAGAACAGC-1	Epithelial	7
ATTTGTCCAGGAGCAT-1	Myeloid	0
ATTTGTCCAGGTAGGT-1	Stromal	9
ATTTGTCCAGTTGGAG-1	Epithelial	1
ATTTGTCCATCCCTTG-1	Myeloid	0
ATTTGTCGTATCGCGC-1	Epithelial	6
ATTTGTCGTGTCCTTC-1	Epithelial	3
ATTTGTCGTGTCTCGG-1	Epithelial	3
ATTTGTCGTTACGCTA-1	Epithelial	16
ATTTGTCGTTGTGACT-1	Epithelial	15
ATTTGTCGTTTCGATG-1	Epithelial	19
ATTTGTCTCCACGCTT-1	Epithelial	13
ATTTGTCTCGGTACTA-1	Myeloid	0
CAAAGCTAGAGACTCG-1	Epithelial	10
CAAAGCTAGAGGTCCA-1	Epithelial	10
CAAAGCTCAACAACTC-1	Epithelial	15
CAAAGCTCAAGTTCGT-1	T	4
CAAAGCTCAGGCATCC-1	Epithelial	5
CAAAGCTCAGTAGTTC-1	Epithelial	16
CAAAGCTCATCCCAAA-1	Epithelial	12
CAAAGCTGTACTTCAG-1	Epithelial	3
CAAAGCTGTCAGGCTC-1	Epithelial	13
CAAAGCTGTGGACCAA-1	Stromal	8
CAAAGCTGTGGACTGA-1	Epithelial	18
CAAAGCTGTGTCCCAG-1	T	4
CAAAGCTGTTGGACGA-1	Epithelial	3
CAAAGCTGTTTGGATC-1	Epithelial	18
CAAAGCTTCACACGTA-1	Epithelial	15
CAAAGCTTCCATCTAT-1	T	4
CAAAGCTTCCGTTAGA-1	Epithelial	11
CAAAGCTTCTCCTTAA-1	Stromal	9
CAACCAAAGAAGCCTG-1	Epithelial	19
CAACCAAAGAGGCAGG-1	Epithelial	7
CAACCAAAGCTTCAAC-1	Stromal	8
CAACCAAAGCTTTCCC-1	Epithelial	3
CAACCAAAGGATTGCG-1	Stromal	9
CAACCAACAAAGACGC-1	Epithelial	6
CAACCAACAACTCAAC-1	Epithelial	11
CAACCAACAATCATCG-1	T	4
CAACCAACAGAACGAC-1	Epithelial	13
CAACCAAGTATTGTCG-1	Epithelial	15
CAACCAAGTCACAGGA-1	Epithelial	19
CAACCAAGTTCCGGCA-1	Epithelial	10
CAACCAAGTTGGAGGT-1	Myeloid	0
CAACCAAGTTTGTACG-1	Stromal	9
CAACCAATCAATTCCT-1	Epithelial	19
CAACCAATCGATGCAT-1	Epithelial	1
CAACCAATCGCTCTAC-1	Epithelial	2
CAACCAATCGCTTGAA-1	Epithelial	19
CAACGGCAGAAATTCG-1	Epithelial	5
CAACGGCAGGACTAGC-1	T	4
CAACGGCAGTCATACC-1	Epithelial	3
CAACGGCAGTTTACGC-1	Myeloid	17
CAACGGCCAAGCAATA-1	Epithelial	5
CAACGGCCACATAAAG-1	Myeloid	0
CAACGGCCACGCGACT-1	Epithelial	6
CAACGGCGTATGGATA-1	Epithelial	1
CAACGGCGTCAGCAAG-1	Epithelial	6
CAACGGCGTTCCCGGA-1	Epithelial	13
CAACGGCTCTGTCGGG-1	Epithelial	12
CAACGTAAGACACGGT-1	Epithelial	19
CAACGTAAGGCGCTTC-1	Epithelial	10
CAACGTAAGTCAGCCC-1	Epithelial	18
CAACGTAAGTTCCCGG-1	Myeloid	0
CAACGTACAAAGGCCA-1	Epithelial	11
CAACGTACACAATAAG-1	Epithelial	11
CAACGTACAGCGTCGT-1	Epithelial	13
CAACGTACAGGCATTT-1	Myeloid	17
CAACGTACATTTAGGC-1	Epithelial	2
CAACGTAGTAACAATG-1	Epithelial	18
CAACGTAGTAGGTCTT-1	Epithelial	11
CAACGTAGTAGTACAA-1	Epithelial	7
CAACGTAGTCAACAGG-1	Stromal	8
CAACGTAGTCCGTGCA-1	Epithelial	13
CAACGTAGTTCCCTTG-1	Epithelial	6
CAACGTAGTTTGTACG-1	Epithelial	16
CAACGTATCCGTTAGA-1	Epithelial	16
CAACGTATCCTATCAT-1	Epithelial	11
CAACGTATCGCATAAC-1	T	4
CAAGAAAAGTGAACCG-1	Epithelial	12
CAAGAAAAGTTCCCGG-1	Epithelial	11
CAAGAAACAGACTAAA-1	Epithelial	7
CAAGAAACAGGCACAA-1	T	4
CAAGAAACAGTGCGTC-1	Epithelial	2
CAAGAAACATTACTCT-1	T	4
CAAGAAAGTGCCCGAT-1	Epithelial	15
CAAGAAAGTGGACAGT-1	Epithelial	16
CAAGAAAGTTAACCGT-1	Epithelial	14
CAAGAAATCAACACGT-1	Epithelial	2
CAAGAAATCATTCATC-1	Epithelial	2
CAAGAAATCGCGCTGA-1	Epithelial	15
CAAGAAATCTCTGACC-1	Epithelial	15
CAAGCTAAGAAATACC-1	Epithelial	3
CAAGCTAAGAACCCGA-1	Epithelial	15
CAAGCTAAGGAATGGA-1	Epithelial	16
CAAGCTAAGGATTGCG-1	Epithelial	19
CAAGCTAAGGCATGCA-1	Epithelial	5
CAAGCTAAGTGCACAG-1	Myeloid	0
CAAGCTACAAGATTAG-1	Myeloid	17
CAAGCTACACCATTCC-1	Myeloid	17
CAAGCTACACGCCGAT-1	Myeloid	17
CAAGCTACAGCTGATT-1	Myeloid	17
CAAGCTAGTGGCGCTT-1	Epithelial	18
CAAGCTAGTGTCCAGC-1	Myeloid	0
CAAGCTATCAAACCAC-1	Epithelial	15
CAAGCTATCACGTGTA-1	Epithelial	5
CAAGCTATCCATATCT-1	Epithelial	10
CAAGCTATCGCGTTCT-1	Epithelial	12
CAAGCTATCTCCCTTT-1	Epithelial	3
CAAGGCCAGACTTCCA-1	Myeloid	0
CAAGGCCAGGGAGTTC-1	Epithelial	2
CAAGGCCAGGTGAACC-1	Epithelial	3
CAAGGCCAGGTTCGAG-1	Myeloid	0
CAAGGCCAGTGATAAC-1	Epithelial	6
CAAGGCCAGTGATTAG-1	Epithelial	16
CAAGGCCAGTGTAATG-1	Epithelial	16
CAAGGCCCAATCCATG-1	Epithelial	7
CAAGGCCCATACTGCA-1	Epithelial	3
CAAGGCCGTAGACACG-1	Epithelial	14
CAAGGCCGTGAATCGG-1	Epithelial	16
CAATCCCAGACAACGC-1	Epithelial	2
CAATCCCAGGTGTTGG-1	Myeloid	17
CAATCCCCATATAGAG-1	Epithelial	3
CAATCCCGTAAGTGCG-1	Epithelial	3
CAATCCCGTGACAAGC-1	Epithelial	11
CAATCCCGTGTCCAGC-1	Myeloid	17
CAATCCCTCAAACCAC-1	Epithelial	11
CAATCCCTCCGAGAGA-1	Epithelial	16
CAATCCCTCTAGCTGA-1	T	4
CACAACAAGCCCATTA-1	Epithelial	13
CACAACAAGGAGAACA-1	Epithelial	18
CACAACAAGTACGACG-1	Epithelial	1
CACAACAAGTGAAACT-1	Epithelial	18
CACAACAAGTTCCCGG-1	Epithelial	16
CACAACACAAGGGAGG-1	Epithelial	3
CACAACACAATCATCG-1	Epithelial	12
CACAACACAATGTAAG-1	Epithelial	2
CACAACACACGTTGTA-1	Epithelial	15
CACAACAGTAATGTAG-1	Epithelial	3
CACAACAGTATCCCTC-1	Stromal	9
CACAACAGTCGAGGTA-1	T	4
CACAACAGTGGATTCT-1	Epithelial	16
CACAACAGTTTCACCC-1	Epithelial	2
CACAACATCCCATAGA-1	Epithelial	11
CACAACATCCCGCAAG-1	Epithelial	6
CACAACATCCGCTCTA-1	Epithelial	15
CACAACATCGATATGC-1	Epithelial	19
CACAACATCGCAAACT-1	Epithelial	16
CACAACATCGGGAAAC-1	Epithelial	10
CACAACATCGGTCGAC-1	Epithelial	2
CACAACATCGTGCTGG-1	Epithelial	6
CACAACATCTATACCT-1	Epithelial	2
CACAGATAGAGCCTGA-1	T	4
CACAGATAGAGCTGTG-1	Epithelial	5
CACAGATAGGTGATGC-1	T	4
CACAGATAGTCGCCTG-1	Epithelial	10
CACAGATCACGGCCAT-1	Epithelial	14
CACAGATCACTGTAAC-1	Myeloid	17
CACAGATCATACCCGG-1	Myeloid	17
CACAGATGTACGCCCA-1	Epithelial	11
CACAGATGTGGACAGT-1	Epithelial	3
CACAGATGTGTGACCC-1	Epithelial	7
CACAGATGTGTTTCTT-1	Epithelial	15
CACAGATGTTGGTAAA-1	Epithelial	2
CACAGATTCACTTACT-1	Myeloid	17
CACAGATTCCAGGTAT-1	Epithelial	19
CACAGATTCGTCCCAT-1	Myeloid	0
CACAGATTCTTCACTA-1	Epithelial	11
CACAGATTCTTCCACG-1	Epithelial	1
CACAGATTCTTCTTCC-1	T	4
CACATGAAGGTACACG-1	Epithelial	15
CACATGAAGGTGTCGA-1	Stromal	9
CACATGAAGTACCTCA-1	Stromal	9
CACATGAAGTCGATAA-1	Epithelial	2
CACATGACAGACCTGC-1	Epithelial	6
CACATGACAGCGCGTT-1	Epithelial	16
CACATGACATGGTTTG-1	Epithelial	18
CACATGACATGTGAGG-1	Stromal	8
CACATGAGTACCTATG-1	Epithelial	15
CACATGAGTATCACAC-1	T	4
CACATGAGTCAACTAC-1	Epithelial	12
CACATGAGTCAATCCA-1	Epithelial	15
CACATGAGTTCCGGCA-1	Myeloid	0
CACATGAGTTCTGAGT-1	Epithelial	6
CACATGATCACTGATG-1	Epithelial	5
CACATGATCAGTCAAC-1	Epithelial	2
CACATGATCCTCATTA-1	Epithelial	10
CACATGATCCTCCCAA-1	Epithelial	3
CACATGATCCTGGAAT-1	Stromal	8
CACATGATCTCGCGTT-1	Epithelial	2
CACCACTAGCAGGAGG-1	Myeloid	17
CACCACTAGCTGCCAC-1	T	4
CACCACTAGTCACACT-1	Epithelial	18
CACCACTAGTCATACC-1	Epithelial	18
CACCACTAGTCCTTCC-1	Epithelial	19
CACCACTCAATACTGC-1	Epithelial	13
CACCACTCACTCCTCA-1	Epithelial	12
CACCACTGTAACTCCA-1	Epithelial	16
CACCACTGTGCACTTA-1	Myeloid	0
CACCACTGTGTAGGAC-1	Epithelial	2
CACCACTGTGTGTGCC-1	Epithelial	18
CACCACTGTTAAGGGC-1	Epithelial	11
CACCACTTCCCTATTA-1	Epithelial	5
CACCACTTCTTCATAC-1	Epithelial	16
CACCTGTAGCTCGGCT-1	Epithelial	11
CACCTGTAGGACTTTC-1	Epithelial	11
CACCTGTAGGCTCCTG-1	Epithelial	2
CACCTGTAGGTTGACG-1	Epithelial	6
CACCTGTAGTGAATAC-1	Epithelial	10
CACCTGTCAAGTTCGT-1	Epithelial	1
CACCTGTCACCAAGGA-1	Epithelial	1
CACCTGTGTCTCTGCT-1	Myeloid	17
CACCTGTGTCTTAGCA-1	Epithelial	15
CACCTGTGTGCTGAAG-1	Epithelial	12
CACCTGTGTGGTAAGC-1	Epithelial	16
CACCTGTGTTTAAGGA-1	Epithelial	16
CACCTGTTCATTCATC-1	Epithelial	10
CACCTGTTCCGCTATC-1	Epithelial	7
CACCTGTTCGCTTCAC-1	T	4
CACCTGTTCGGCATAT-1	Epithelial	10
CACCTGTTCTCATCCG-1	Epithelial	1
CACCTGTTCTTCACTA-1	Myeloid	17
CACCTTGAGATAGGTT-1	Epithelial	16
CACCTTGAGGCTTAAA-1	Epithelial	5
CACCTTGAGTCGGGAT-1	Myeloid	0
CACCTTGGTTACACTG-1	Epithelial	11
CACCTTGTCAAGTTGC-1	Epithelial	2
CACCTTGTCCAACCTC-1	Epithelial	10
CACCTTGTCGCCAGAC-1	Epithelial	6
CACCTTGTCGGTCTCT-1	Epithelial	1
CACCTTGTCGTGCTGG-1	Epithelial	15
CACCTTGTCTCTCAAT-1	Myeloid	17
CACCTTGTCTTCGTTA-1	Stromal	9
CACGTTCAGATGGCAC-1	Epithelial	10
CACGTTCAGGCCAATG-1	Epithelial	2
CACGTTCAGGTCACTT-1	Epithelial	13
CACGTTCAGGTTCGAG-1	Epithelial	18
CACGTTCCAATCCATG-1	T	4
CACGTTCCAATGCCAT-1	Epithelial	15
CACGTTCCACATATCG-1	Stromal	9
CACGTTCCAGTTCGGC-1	Epithelial	7
CACGTTCCATCGAGTT-1	Epithelial	19
CACGTTCCATGCCCTT-1	Epithelial	12
CACGTTCGTTAGGAGC-1	Epithelial	2
CACGTTCGTTCCAGTA-1	Epithelial	15
CACGTTCGTTCCATCC-1	Epithelial	10
CACGTTCGTTCGGGAA-1	Epithelial	10
CACGTTCGTTGAAGCG-1	Stromal	9
CACGTTCTCAGAATGA-1	Epithelial	11
CACGTTCTCAGGATCT-1	Epithelial	7
CACGTTCTCCACACCT-1	Epithelial	2
CACGTTCTCCCAATAG-1	Myeloid	17
CACTAAGAGAAAGCAG-1	Epithelial	19
CACTAAGAGGCGTAGT-1	Epithelial	1
CACTAAGAGGCGTCCT-1	Epithelial	13
CACTAAGAGGGAGATA-1	Epithelial	3
CACTAAGAGGTACACG-1	Epithelial	6
CACTAAGAGTAGAAGG-1	Epithelial	11
CACTAAGAGTCCCTCT-1	Epithelial	1
CACTAAGCACTAGCCG-1	T	4
CACTAAGGTAACGGAC-1	Epithelial	2
CACTAAGGTGGTCGAA-1	T	4
CACTAAGGTTAGGAAT-1	Myeloid	17
CACTAAGGTTTCTACT-1	Epithelial	16
CACTAAGTCAAGAGGC-1	Epithelial	15
CACTAAGTCAGTGTAC-1	Stromal	9
CACTAAGTCCATCTAT-1	Epithelial	16
CACTAAGTCGCACCTT-1	Epithelial	11
CACTAAGTCTCTGCGT-1	Epithelial	13
CACTAAGTCTGAACGT-1	Stromal	9
CACTAAGTCTGGCCAG-1	Myeloid	0
CACTGAAAGATGGCAC-1	Epithelial	18
CACTGAAAGCGTAGCA-1	Epithelial	11
CACTGAAAGTATGGGC-1	Epithelial	10
CACTGAACAGCCACGT-1	Epithelial	13
CACTGAACAGTTCGGC-1	Epithelial	13
CACTGAACATCCCGGA-1	Epithelial	14
CACTGAACATGCCTTC-1	Epithelial	16
CACTGAAGTAAAGCTA-1	Myeloid	17
CACTGAAGTACCCATA-1	Epithelial	3
CACTGAAGTTAGCTCA-1	Epithelial	1
CACTGAAGTTCCCAAA-1	Epithelial	19
CACTGAAGTTGGCTAT-1	Epithelial	18
CACTGAAGTTGGGAAC-1	Myeloid	0
CACTGAAGTTTCTACT-1	Myeloid	0
CACTGAATCAAGTTGC-1	Epithelial	2
CACTGAATCAGCACGC-1	Myeloid	17
CACTGAATCATTCTTG-1	Epithelial	6
CACTGAATCGTGCTTC-1	T	4
CAGCCTTAGGTCTTTG-1	Epithelial	18
CAGCCTTCAACTCGTA-1	Epithelial	15
CAGCCTTCAACTTGGT-1	Epithelial	1
CAGCCTTCAATTCGTG-1	Myeloid	0
CAGCCTTCAGAATGCG-1	Epithelial	15
CAGCCTTCAGGTAGCA-1	Stromal	8
CAGCCTTCAGGTGGTA-1	Epithelial	11
CAGCCTTCATCGTACA-1	Epithelial	12
CAGCCTTGTCGATAGG-1	Epithelial	10
CAGCCTTGTTCTGAAC-1	Epithelial	1
CAGCCTTGTTTGTGAC-1	Myeloid	0
CAGCCTTTCAGTACAC-1	T	4
CAGCCTTTCCTTGACC-1	Stromal	9
CAGCCTTTCGCTAGTA-1	Epithelial	11
CAGCCTTTCTCGGCGA-1	Epithelial	18
CAGCCTTTCTTCTTCC-1	Epithelial	14
CAGCTAAAGTTGACAA-1	Epithelial	16
CAGCTAACACGCGACT-1	Epithelial	3
CAGCTAACACTCGTGG-1	Epithelial	16
CAGCTAACATTCGTCC-1	Myeloid	17
CAGCTAAGTCATCGTA-1	Epithelial	18
CAGCTAAGTGGACGAT-1	Epithelial	10
CAGCTAAGTTACCCAA-1	Epithelial	11
CAGCTAATCAAGAGAT-1	Epithelial	14
CAGCTAATCCGTTAGA-1	Epithelial	3
CAGCTAATCTATCTAC-1	Myeloid	17
CAGCTAATCTCGCGTT-1	Epithelial	5
CAGCTGGAGAACGTTA-1	Epithelial	6
CAGCTGGAGATTGACA-1	Epithelial	5
CAGCTGGAGCATGTGG-1	Epithelial	15
CAGCTGGAGTTGAATG-1	Epithelial	13
CAGCTGGCACGCTAAT-1	Myeloid	17
CAGCTGGCATGGGACA-1	Epithelial	11
CAGCTGGGTGAGTCGA-1	Epithelial	2
CAGCTGGGTGCAAAGC-1	Myeloid	0
CAGCTGGGTGTCGTGC-1	Epithelial	15
CAGCTGGGTTGCTTGA-1	Epithelial	14
CAGCTGGTCCGATTGA-1	Epithelial	6
CAGCTGGTCCGTACGG-1	Epithelial	5
CAGCTGGTCGGGAATG-1	Epithelial	11
CAGCTGGTCTGGCTAA-1	Epithelial	3
CAGGATTAGAATCAGT-1	Epithelial	15
CAGGATTAGACACTTC-1	T	4
CAGGATTAGGAGACTC-1	Epithelial	2
CAGGATTAGGAGTCTG-1	Epithelial	15
CAGGATTAGTTCGACT-1	Epithelial	19
CAGGATTCACGCCGAT-1	Epithelial	11
CAGGATTCACGCTAAT-1	Epithelial	10
CAGGATTCACGGTTAT-1	Stromal	9
CAGGATTCATACCCGG-1	Myeloid	0
CAGGATTCATAGACGG-1	Epithelial	3
CAGGATTGTAGACGCA-1	Epithelial	19
CAGGATTGTAGCGTTT-1	Myeloid	0
CAGGATTTCACGATTG-1	Epithelial	10
CAGGATTTCCCATAGA-1	Epithelial	11
CAGGATTTCCGATGCG-1	Myeloid	0
CAGGATTTCCGGCGAT-1	Epithelial	19
CAGGGCTAGCCTCGCA-1	Epithelial	2
CAGGGCTAGCTTTCCC-1	Stromal	8
CAGGGCTAGGAGTAGA-1	Epithelial	3
CAGGGCTAGGTGTCGA-1	Epithelial	18
CAGGGCTAGTGAAACT-1	Epithelial	13
CAGGGCTAGTTACACC-1	Myeloid	17
CAGGGCTCAAGCAACG-1	Myeloid	0
CAGGGCTCACGCGCAT-1	Epithelial	15
CAGGGCTCATGCGTTA-1	Epithelial	1
CAGGGCTCATTCGTCC-1	Epithelial	16
CAGGGCTGTTACACTG-1	Epithelial	2
CAGGGCTGTTGGACGA-1	Myeloid	0
CAGGGCTTCACCCTTG-1	Epithelial	6
CAGGGCTTCCTAGAGT-1	Epithelial	3
CAGTATGAGATTAGAC-1	Epithelial	16
CAGTATGCACTCCTCA-1	Epithelial	15
CAGTATGGTAAACGGC-1	Epithelial	12
CAGTATGGTAACTGAA-1	Epithelial	2
CAGTATGGTCGATTAC-1	Epithelial	3
CAGTATGTCACATTCT-1	Epithelial	18
CAGTATGTCAGCCGGT-1	Epithelial	11
CAGTATGTCAGGCCGT-1	Myeloid	0
CAGTATGTCATGTTCT-1	Epithelial	16
CAGTATGTCCCGCAAG-1	Epithelial	18
CAGTATGTCTTAATCC-1	Epithelial	16
CAGTGCGAGCAACTGG-1	Epithelial	19
CAGTGCGAGGGAAGCG-1	Epithelial	15
CAGTGCGAGGTTCGAG-1	Myeloid	17
CAGTGCGCAACGTCGC-1	Myeloid	17
CAGTGCGCATTACACG-1	Epithelial	19
CAGTGCGGTCGTCGCA-1	Epithelial	18
CAGTGCGGTGGACGAT-1	Epithelial	15
CAGTGCGTCCAGCACG-1	Epithelial	10
CAGTGCGTCCTCAAGA-1	Epithelial	7
CAGTGCGTCGCTATAG-1	Epithelial	19
CAGTGCGTCTACTGCC-1	Epithelial	6
CAGTGCGTCTTACTCA-1	Epithelial	11
CAGTGTAAGAGTAAGG-1	Epithelial	11
CAGTGTAAGGAAACTT-1	Epithelial	15
CAGTGTAAGTAGTCGG-1	Myeloid	17
CAGTGTACACAGATGG-1	Epithelial	3
CAGTGTACAGTAACCT-1	Epithelial	14
CAGTGTACATTGTGAC-1	Epithelial	19
CAGTGTAGTACTTGAC-1	Epithelial	12
CAGTGTAGTAGCGAGT-1	Epithelial	1
CAGTGTAGTAGTTTGC-1	Epithelial	15
CAGTGTAGTCAGGCTC-1	Epithelial	5
CAGTGTAGTCTAACCA-1	Epithelial	10
CAGTGTAGTCTCTGCT-1	Epithelial	16
CAGTGTAGTTATAGAG-1	Epithelial	6
CAGTGTAGTTCACGTA-1	Epithelial	7
CAGTGTATCCCGAAGC-1	Epithelial	10
CAGTGTATCCGATTGA-1	Epithelial	11
CAGTGTATCCGGCTGA-1	Epithelial	11
CAGTGTATCTATATCC-1	Epithelial	16
CATAACGAGAGCGAAA-1	Epithelial	10
CATAACGAGAGTCCGA-1	Epithelial	16
CATAACGAGATAGGTT-1	Myeloid	17
CATAACGAGCACACCC-1	Epithelial	19
CATAACGAGCTATCGT-1	Epithelial	13
CATAACGAGTACAGAT-1	Myeloid	17
CATAACGCACAACGGA-1	Epithelial	10
CATAACGCACCGTTGG-1	Epithelial	6
CATAACGCACCTCGTT-1	Epithelial	19
CATAACGCAGGTTATC-1	Epithelial	12
CATAACGCATCATCGA-1	T	4
CATAACGCATCCATAG-1	Epithelial	6
CATAACGGTACGCCCA-1	Myeloid	0
CATAACGGTATGGTTC-1	Epithelial	2
CATAACGGTGGTTCTA-1	T	4
CATAACGGTTACTTTC-1	Epithelial	2
CATAACGTCACGATTG-1	T	4
CATAACGTCCATCTAT-1	Epithelial	15
CATAACGTCCCGAAGC-1	Epithelial	14
CATAACGTCCGTCAAA-1	Epithelial	16
CATAACGTCCTGAAAC-1	Epithelial	11
CATGCCTAGCTGCCAC-1	Stromal	9
CATGCCTAGTCCCTCT-1	Epithelial	5
CATGCCTCAAGCCTTA-1	Epithelial	13
CATGCCTCAATTGTGC-1	Stromal	9
CATGCCTCAGGAGCAT-1	Myeloid	17
CATGCCTCAGGGAGTT-1	T	4
CATGCCTCATCTGCAA-1	Epithelial	14
CATGCCTGTAGCAGCA-1	Epithelial	6
CATGCCTGTAGTATCC-1	Epithelial	5
CATGCCTGTGCACATT-1	Epithelial	2
CATGCCTGTGGACCAA-1	Epithelial	12
CATGCCTGTTCTGATG-1	Epithelial	10
CATGCCTTCTTTATCG-1	Myeloid	0
CATGTTTAGATTACGA-1	Epithelial	16
CATGTTTAGCAATAAC-1	T	4
CATGTTTAGCTAGCAG-1	Myeloid	17
CATGTTTAGCTCCGGT-1	Epithelial	3
CATGTTTAGTCTGGGA-1	Epithelial	6
CATGTTTCAAGCACTT-1	Myeloid	0
CATGTTTCAAGTGGCA-1	Epithelial	12
CATGTTTCAATGATGA-1	Epithelial	11
CATGTTTCAGGATAGC-1	T	4
CATGTTTGTTCTGAGT-1	Epithelial	16
CATGTTTGTTGAATAG-1	Epithelial	15
CATTCATAGACTCTTG-1	Epithelial	10
CATTCATAGATATGAC-1	Epithelial	19
CATTCATAGGATATCA-1	Epithelial	6
CATTCATAGGTCGGTA-1	Epithelial	10
CATTCATAGGTGTCGA-1	Epithelial	12
CATTCATAGTACCCAT-1	Epithelial	10
CATTCATAGTCGAAAT-1	Epithelial	13
CATTCATCAAGTCTGT-1	Myeloid	17
CATTCATCAGTAAGCG-1	Epithelial	5
CATTCATCAGTGCGAA-1	Epithelial	18
CATTCATCATCAGAAA-1	Epithelial	3
CATTCATGTACTTCAG-1	Epithelial	11
CATTCATGTGATAAGT-1	Epithelial	19
CATTCATGTTGGCGAA-1	Stromal	8
CATTCATTCAAACCAC-1	Epithelial	2
CATTCATTCCCGGGTA-1	T	4
CATTCATTCGCGCTGA-1	Myeloid	17
CATTCATTCGGATGTT-1	T	4
CATTCATTCTGCTACC-1	Stromal	9
CATTCCGAGAAGACTT-1	Epithelial	5
CATTCCGAGGAAGACA-1	Epithelial	3
CATTCCGAGGCTGGAT-1	Epithelial	12
CATTCCGAGTCAACTC-1	Epithelial	14
CATTCCGCAAGACTAA-1	T	4
CATTCCGCAATGAAAC-1	Myeloid	0
CATTCCGCAGCGTAGA-1	Epithelial	10
CATTCCGGTACCAAGG-1	Epithelial	18
CATTCCGGTGCATTCA-1	Myeloid	17
CATTCCGGTTTGCCAA-1	Epithelial	13
CATTCCGGTTTGTACG-1	Stromal	8
CATTCCGGTTTGTAGC-1	T	4
CATTCCGTCAGGTTTG-1	T	4
CATTCCGTCCTTTGAT-1	Epithelial	5
CATTCCGTCGCGATGC-1	Myeloid	17
CATTGGAAGACGACTG-1	Epithelial	10
CATTGGAAGATTGACA-1	Myeloid	0
CATTGGAAGGATCCTT-1	T	4
CATTGGAAGGATTAAC-1	Epithelial	12
CATTGGAAGGGTCCCT-1	Epithelial	15
CATTGGAAGTTCCCGG-1	Epithelial	2
CATTGGACAACTGCGC-1	Epithelial	11
CATTGGACACAGGAAC-1	Epithelial	11
CATTGGACATCGCTAA-1	Epithelial	16
CATTGGACATTAGCAC-1	Epithelial	6
CATTGGAGTCGATTAC-1	Stromal	9
CATTGGAGTCTAAGAA-1	Epithelial	6
CATTGGATCCGTCAAA-1	Stromal	9
CATTGGATCGTGGAAG-1	Epithelial	13
CATTGGATCTTGGCCT-1	Epithelial	14
CCAATGAAGAGAGGTA-1	Epithelial	19
CCAATGAAGATCTCAC-1	Stromal	8
CCAATGAAGCACACCC-1	Myeloid	0
CCAATGACAAACCTAC-1	Stromal	9
CCAATGACAACCTCTC-1	Epithelial	14
CCAATGACAACGTCGC-1	Epithelial	19
CCAATGACAACTCCCT-1	Epithelial	7
CCAATGACAACTGCGC-1	Stromal	8
CCAATGACAATTGCCA-1	T	4
CCAATGACACTAAACC-1	Epithelial	3
CCAATGACAGTAACCT-1	Epithelial	16
CCAATGACATTCACCC-1	Epithelial	11
CCAATGAGTGCGCTCA-1	Epithelial	16
CCAATGATCAGGAAGC-1	Epithelial	18
CCAATGATCCAGGCCA-1	T	4
CCAATGATCGCCTTAC-1	Myeloid	17
CCAATGATCGGGATCC-1	T	4
CCAATGATCTACCCGT-1	Epithelial	3
CCACAGGAGAGCTCCC-1	Epithelial	16
CCACAGGAGTCCAGAG-1	Epithelial	5
CCACAGGAGTCTGTGT-1	Epithelial	2
CCACAGGAGTGAAACT-1	Epithelial	10
CCACAGGAGTGTGTAA-1	Epithelial	16
CCACAGGCACTTATGG-1	Myeloid	0
CCACAGGCAGACTAAA-1	Epithelial	2
CCACAGGCATCCCTCA-1	Epithelial	15
CCACAGGCATCCGTGG-1	Epithelial	5
CCACAGGGTATTCTCT-1	Myeloid	0
CCACAGGGTGGTGGTA-1	Epithelial	1
CCACAGGGTGTTGTTG-1	Stromal	9
CCACAGGGTTGGCTTA-1	Epithelial	13
CCACAGGTCAATTCCT-1	T	4
CCACAGGTCATCGCAA-1	Myeloid	17
CCACAGGTCGACTGGC-1	Epithelial	11
CCACAGGTCTTCCACG-1	Epithelial	11
CCACGTTAGAGCCTGA-1	Epithelial	1
CCACGTTAGATCTAAG-1	T	4
CCACGTTAGGGATCCA-1	Epithelial	3
CCACGTTAGGTTACAA-1	Epithelial	3
CCACGTTAGTCATACC-1	Epithelial	6
CCACGTTCAACGACAG-1	Epithelial	11
CCACGTTCACTCCTCA-1	Epithelial	5
CCACGTTCAGCAATGG-1	Epithelial	13
CCACGTTCAGGATGTG-1	Epithelial	15
CCACGTTCAGGTCCTG-1	Epithelial	15
CCACGTTCATCAACTG-1	Epithelial	11
CCACGTTGTACGCCCA-1	Epithelial	6
CCACGTTGTACGGTTT-1	Myeloid	0
CCACGTTGTCACCCGA-1	Epithelial	11
CCACGTTGTCTGTCCT-1	Epithelial	11
CCACGTTTCAGGCCGT-1	Epithelial	2
CCACGTTTCCAACAAC-1	Epithelial	1
CCACGTTTCGTTCTAT-1	Epithelial	6
CCAGAATAGAGTAAGG-1	Epithelial	15
CCAGAATAGATACCAA-1	Epithelial	16
CCAGAATAGGTCGGTA-1	Myeloid	0
CCAGAATAGTCCGGAA-1	Epithelial	16
CCAGAATCAATGCATC-1	Epithelial	7
CCAGAATCAGGGAGTT-1	Myeloid	0
CCAGAATCATACCCGG-1	Epithelial	18
CCAGAATCATAGCCAT-1	Epithelial	12
CCAGAATGTAACAATG-1	Epithelial	6
CCAGAATGTGCTTTGA-1	Epithelial	6
CCAGAATGTTATAGAG-1	Epithelial	11
CCAGAATTCATCATGG-1	Epithelial	16
CCAGAATTCCGGGCAT-1	Epithelial	11
CCAGAATTCTTGTCGC-1	Myeloid	0
CCAGATAAGAAATTCG-1	Epithelial	2
CCAGATAAGGATGCCA-1	Epithelial	11
CCAGATAAGGCAGATC-1	Myeloid	17
CCAGATAAGTACGCGA-1	Epithelial	6
CCAGATAAGTCCGATT-1	Epithelial	6
CCAGATACAAACAGTA-1	Epithelial	18
CCAGATACACCGATCG-1	Epithelial	5
CCAGATACACGCGATC-1	Epithelial	12
CCAGATACATGCGACC-1	Epithelial	19
CCAGATACATTGATGC-1	Stromal	8
CCAGATACATTTCACT-1	Epithelial	15
CCAGATAGTAATGCAA-1	Myeloid	0
CCAGATAGTCTGTTGA-1	Epithelial	3
CCAGATAGTGGTGGTA-1	Epithelial	18
CCAGATATCCAGGCCA-1	Epithelial	3
CCAGATATCGCACAAT-1	Epithelial	6
CCAGATATCTCTGAGA-1	Epithelial	19
CCATACCAGACTTGAA-1	Epithelial	3
CCATACCAGCATTCCA-1	Epithelial	6
CCATACCAGGAGTACC-1	Epithelial	2
CCATACCCAAGGTCGA-1	Epithelial	1
CCATACCCAGAGATGC-1	Epithelial	10
CCATACCCAGGCAAGT-1	Epithelial	6
CCATACCCAGGCAGAT-1	Epithelial	2
CCATACCCATCCATAG-1	Epithelial	7
CCATACCGTACGAGAC-1	Epithelial	12
CCATACCGTTCTGATG-1	Epithelial	12
CCATACCTCAGATACC-1	Epithelial	3
CCATACCTCGATCTTT-1	Myeloid	17
CCATACCTCTATAGGC-1	T	4
CCCACATAGCAGAAAG-1	Myeloid	17
CCCACATAGGGACGTT-1	Epithelial	15
CCCACATCAATGTGCT-1	Epithelial	18
CCCACATCACTACACA-1	Epithelial	13
CCCACATCAGGTAGGT-1	Epithelial	11
CCCACATCATTAGCCA-1	Epithelial	1
CCCACATGTACGACCC-1	Epithelial	13
CCCACATGTCACTCTC-1	Epithelial	2
CCCACATGTTTCGACA-1	Epithelial	16
CCCACATGTTTGGATC-1	Myeloid	0
CCCACATTCACTGATG-1	Epithelial	6
CCCACATTCGAAGCCC-1	Epithelial	10
CCCACATTCTAGCAAC-1	Epithelial	15
CCCAGAGAGAGGAAGT-1	Epithelial	18
CCCAGAGAGAGTAAGG-1	Stromal	8
CCCAGAGAGATATGTG-1	Epithelial	15
CCCAGAGAGCAGAAAG-1	Epithelial	3
CCCAGAGAGGGAAATG-1	T	4
CCCAGAGAGGTCTTTG-1	Myeloid	17
CCCAGAGAGTACGCGA-1	Epithelial	14
CCCAGAGAGTGAGTTA-1	Epithelial	7
CCCAGAGAGTGTCCCG-1	Epithelial	12
CCCAGAGCAAACAGTA-1	Epithelial	11
CCCAGAGCAAGCTTTG-1	Epithelial	12
CCCAGAGCAATTGGCT-1	T	4
CCCAGAGCAGCGCGTT-1	Epithelial	11
CCCAGAGCATAGCAGG-1	Epithelial	2
CCCAGAGGTCTGATTG-1	Myeloid	17
CCCAGAGGTTCTACGA-1	Epithelial	3
CCCAGAGGTTTCAGCA-1	Myeloid	0
CCCAGAGTCACAACAC-1	Epithelial	10
CCCAGAGTCGAGAAGC-1	Epithelial	10
CCCAGAGTCGCACCTT-1	Stromal	8
CCCGTTAAGAAACGCC-1	Epithelial	3
CCCGTTAAGAGTTCGG-1	Epithelial	11
CCCGTTAAGGAAGACA-1	Myeloid	17
CCCGTTAAGGATTAAC-1	Epithelial	1
CCCGTTAAGTAGCAAT-1	Epithelial	13
CCCGTTACACGCGTTG-1	Epithelial	16
CCCGTTACACGCTCAG-1	Epithelial	3
CCCGTTACACTGTAAC-1	Myeloid	17
CCCGTTACATATACGC-1	Myeloid	17
CCCGTTACATCGTGAT-1	Epithelial	11
CCCGTTAGTACAAGCG-1	Epithelial	19
CCCGTTAGTAGGTCTT-1	Epithelial	13
CCCGTTAGTCAACTAC-1	Epithelial	12
CCCGTTAGTGTTTCTT-1	Epithelial	19
CCCGTTAGTTTGGATC-1	Epithelial	15
CCCGTTATCAGTGTAC-1	Epithelial	3
CCCGTTATCCTGACCT-1	Epithelial	2
CCCGTTATCGAGTTAC-1	Myeloid	17
CCCGTTATCTCGCGGA-1	Stromal	9
CCCGTTATCTTCCGTG-1	Epithelial	10
CCCTAACAGTTGTCCA-1	T	4
CCCTAACCATCCCGGA-1	Epithelial	11
CCCTAACGTGCATTCA-1	Epithelial	3
CCCTAACGTGCGTGTC-1	Epithelial	10
CCCTAACGTGCTGGCT-1	Epithelial	2
CCCTAACGTGGCCTCA-1	Epithelial	11
CCCTAACGTGTCGTGC-1	Epithelial	19
CCCTAACTCACGTCAA-1	Epithelial	14
CCCTAACTCGAAGCCC-1	Epithelial	10
CCCTAGTAGAATCAGT-1	Epithelial	1
CCCTAGTAGCATGATA-1	Epithelial	11
CCCTAGTAGGAACCGT-1	Epithelial	11
CCCTAGTAGGCCAATG-1	Stromal	9
CCCTAGTAGTGATAAC-1	Epithelial	14
CCCTAGTCACCATTCC-1	Epithelial	7
CCCTAGTCACGGCCAT-1	Epithelial	2
CCCTAGTCACTGTAAC-1	Epithelial	19
CCCTAGTCAGTAACTC-1	Epithelial	1
CCCTAGTCATACCCGG-1	Myeloid	0
CCCTAGTCATAGCCAT-1	Epithelial	15
CCCTAGTGTAACGTAA-1	Epithelial	18
CCCTAGTGTCAACGGA-1	Epithelial	16
CCCTAGTGTCACATTG-1	Epithelial	12
CCCTAGTGTCTCTGGG-1	Epithelial	15
CCCTAGTGTGGTGGTA-1	T	4
CCCTAGTGTTACTACG-1	Epithelial	18
CCCTAGTGTTGTGACT-1	Myeloid	17
CCCTAGTTCACACGTA-1	Epithelial	3
CCCTAGTTCCAAGAGG-1	Epithelial	11
CCCTAGTTCCACGGCA-1	T	4
CCCTAGTTCCCAATGA-1	Myeloid	0
CCCTAGTTCCTCTCTT-1	Epithelial	5
CCCTAGTTCGCAAACT-1	Epithelial	1
CCCTAGTTCTCGCGTT-1	Epithelial	10
CCCTAGTTCTCTTCCT-1	Epithelial	2
CCCTCTCAGTAACATG-1	Epithelial	16
CCCTCTCAGTTGCGCC-1	Myeloid	17
CCCTCTCCAAGGATGC-1	Myeloid	17
CCCTCTCCAGATGGCA-1	Epithelial	10
CCCTCTCCAGGACTGA-1	Myeloid	0
CCCTCTCCATTAGCAC-1	T	4
CCCTCTCGTATCACAC-1	Epithelial	10
CCCTCTCGTGCACTTA-1	Epithelial	6
CCCTCTCGTGCTGTGC-1	Epithelial	12
CCCTCTCGTGCTTGAT-1	Epithelial	2
CCCTCTCGTGGCATAG-1	Epithelial	18
CCCTCTCGTTACGAAA-1	Epithelial	5
CCCTCTCGTTTGTACG-1	Myeloid	0
CCCTCTCTCAATTCCT-1	Epithelial	12
CCCTCTCTCAGCCGAC-1	Epithelial	16
CCCTCTCTCCTAAGTG-1	Epithelial	6
CCCTCTCTCGGATAAA-1	Myeloid	0
CCCTCTCTCTAGCAAC-1	Epithelial	15
CCCTCTCTCTGAACGT-1	Epithelial	15
CCCTCTCTCTGACTTT-1	Stromal	9
CCCTCTCTCTGGCGCA-1	Epithelial	5
CCCTGATAGAGGCGGA-1	Epithelial	10
CCCTGATAGATATGTG-1	Myeloid	0
CCCTGATAGGCCAGTA-1	Stromal	9
CCCTGATAGGCGCTTC-1	Epithelial	12
CCCTGATCACGCTAAT-1	T	4
CCCTGATCATGCCCTT-1	Epithelial	2
CCCTGATGTCAGTGCC-1	Epithelial	1
CCCTGATGTTAGGAGC-1	Epithelial	15
CCCTGATGTTTGGATC-1	Epithelial	5
CCCTGATTCTGGACAT-1	Epithelial	12
CCGAAGCAGACAACGC-1	Epithelial	15
CCGAAGCAGACCGCAA-1	Epithelial	13
CCGAAGCAGGCGATTG-1	Epithelial	11
CCGAAGCAGTATCTGC-1	T	4
CCGAAGCCAAGGAAGA-1	Epithelial	2
CCGAAGCCAGCAGGTA-1	Myeloid	17
CCGAAGCCAGTCCTGG-1	Epithelial	12
CCGAAGCCATTACACG-1	Myeloid	17
CCGAAGCGTATTCGCA-1	Epithelial	18
CCGAAGCGTGGACAGT-1	Myeloid	0
CCGAAGCGTTCTTATC-1	T	4
CCGAAGCGTTGCCTGG-1	Epithelial	2
CCGAAGCGTTGGACGA-1	Epithelial	11
CCGAAGCTCCACGGCA-1	Epithelial	15
CCGAAGCTCCCTATTA-1	Epithelial	3
CCGAAGCTCTCGTGAA-1	Epithelial	14
CCGCATTAGAGCTACG-1	Myeloid	17
CCGCATTAGAGGAATG-1	Myeloid	0
CCGCATTAGATATGAC-1	Epithelial	3
CCGCATTAGTCCCGCA-1	Epithelial	13
CCGCATTAGTGAACCG-1	Epithelial	1
CCGCATTAGTTCGACT-1	T	4
CCGCATTCAATGGCTT-1	Myeloid	17
CCGCATTCAATGGTCT-1	T	4
CCGCATTCACAGTAGG-1	Epithelial	6
CCGCATTGTATATGGA-1	T	4
CCGCATTGTATTCGAC-1	Epithelial	2
CCGCATTGTCGAGAAC-1	Epithelial	15
CCGCATTGTGCGCTCA-1	T	4
CCGCATTGTTGCTTGA-1	Epithelial	11
CCGCATTGTTTGCCCT-1	Epithelial	1
CCGCATTGTTTGTCTT-1	T	4
CCGCATTTCCATTGTT-1	Epithelial	1
CCGTACTAGAAACGCC-1	Epithelial	11
CCGTACTAGAGCTACG-1	Epithelial	19
CCGTACTAGCTCGTTA-1	Epithelial	11
CCGTACTAGTTGGAAT-1	Myeloid	17
CCGTACTCACGCCGAT-1	Epithelial	19
CCGTACTCAGTCAGAG-1	T	4
CCGTACTGTGGCCTCA-1	Epithelial	2
CCGTACTGTTACGAAA-1	Epithelial	3
CCGTACTGTTAGAGAT-1	Epithelial	1
CCGTACTTCAACGTGT-1	Epithelial	11
CCGTACTTCACGTCAA-1	Epithelial	1
CCGTACTTCACTACCC-1	T	4
CCGTACTTCATGCTTT-1	Stromal	8
CCGTACTTCCCTACGT-1	Epithelial	12
CCGTACTTCCGTTTCG-1	Epithelial	12
CCGTACTTCTACATCT-1	Epithelial	7
CCGTACTTCTCCCTTT-1	Epithelial	14
CCGTACTTCTTGTACT-1	Myeloid	17
CCGTAGGAGGCAGTGT-1	Epithelial	15
CCGTAGGCAACTTGGT-1	Epithelial	16
CCGTAGGCACTCCACT-1	Myeloid	0
CCGTAGGGTACGTAAA-1	Epithelial	15
CCGTAGGGTGTGACCC-1	Epithelial	10
CCGTAGGTCATCATGG-1	Epithelial	6
CCGTGAGAGCGAGAAA-1	T	4
CCGTGAGAGGTAGGCT-1	T	4
CCGTGAGCAAATGTCC-1	Epithelial	16
CCGTGAGCAATGCACT-1	Epithelial	2
CCGTGAGCACGATTAC-1	Epithelial	18
CCGTGAGCACTCAGCG-1	Stromal	8
CCGTGAGCATAGATAG-1	Myeloid	0
CCGTGAGCATTATGGC-1	Epithelial	10
CCGTGAGGTAGCATGG-1	Epithelial	16
CCGTGAGGTCGTAATC-1	Epithelial	16
CCGTGAGGTGGACCAA-1	Epithelial	13
CCGTGAGGTTCACGTA-1	Epithelial	14
CCGTGAGTCAATTCCT-1	Epithelial	6
CCGTGAGTCCAACAAC-1	Epithelial	5
CCGTGAGTCGAGGCTC-1	Epithelial	1
CCGTGAGTCGCCGAAC-1	Stromal	9
CCGTGAGTCGTTTGAG-1	Epithelial	11
CCGTGAGTCTATCTTG-1	Epithelial	6
CCTAAAGAGCCTTTGA-1	Epithelial	15
CCTAAAGAGGTGTCGA-1	Epithelial	1
CCTAAAGAGTATACCC-1	Epithelial	18
CCTAAAGCAAGGTTCT-1	Epithelial	12
CCTAAAGCAGTGCGAA-1	Myeloid	0
CCTAAAGCATTGAACC-1	Epithelial	19
CCTAAAGGTCAGGCTC-1	Epithelial	1
CCTAAAGGTTTAGAAG-1	Myeloid	17
CCTAAAGGTTTCACCC-1	Myeloid	0
CCTAAAGTCACGATTG-1	Epithelial	6
CCTAAAGTCAGGAATA-1	Myeloid	17
CCTAAAGTCCACGGCA-1	Stromal	9
CCTAAAGTCGGACGAA-1	Epithelial	12
CCTAAAGTCGTCAACA-1	Stromal	9
CCTATTAAGGCGTAGT-1	Epithelial	15
CCTATTACACTTGCGG-1	Epithelial	13
CCTATTACAGAGAGAA-1	Epithelial	1
CCTATTACATCATAGC-1	Epithelial	15
CCTATTAGTATTCGAC-1	Epithelial	10
CCTATTAGTCATAGAA-1	Epithelial	16
CCTATTAGTGGAAAGA-1	Epithelial	3
CCTATTAGTGGCCTCA-1	Epithelial	11
CCTATTAGTTAGGAAT-1	Epithelial	19
CCTATTAGTTGCCGCA-1	Epithelial	12
CCTATTATCGGTTGTA-1	Epithelial	19
CCTATTATCTAGCTGA-1	Epithelial	2
CCTCCCTAGAAAGGGT-1	Stromal	9
CCTCCCTAGCTCGTTA-1	Epithelial	11
CCTCCCTAGGAGAACA-1	Epithelial	1
CCTCCCTAGTAACTCC-1	Epithelial	11
CCTCCCTCAACGTACT-1	Epithelial	15
CCTCCCTCACCACCAG-1	Myeloid	0
CCTCCCTCACCATTCC-1	T	4
CCTCCCTCAGCAATGG-1	Epithelial	10
CCTCCCTCAGCAGGTA-1	Epithelial	2
CCTCCCTCAGGCAGAT-1	Epithelial	1
CCTCCCTCATACCCGG-1	Epithelial	14
CCTCCCTCATCCTGGG-1	Epithelial	15
CCTCCCTCATTAGCCA-1	Epithelial	12
CCTCCCTCATTCACCC-1	Epithelial	13
CCTCCCTGTCAGTGTT-1	Epithelial	12
CCTCCCTTCAGTCTTT-1	Myeloid	0
CCTCCCTTCCATCTAT-1	Epithelial	5
CCTCCCTTCCGCTCTA-1	Myeloid	17
CCTGCTAAGACCCTAT-1	Myeloid	17
CCTGCTAAGAGGCCTA-1	Epithelial	5
CCTGCTAAGCAGAATT-1	Stromal	9
CCTGCTAAGGATGTCG-1	Epithelial	10
CCTGCTAAGGGTGTTG-1	Myeloid	17
CCTGCTAAGGTGTTGG-1	T	4
CCTGCTACACCTATTT-1	T	4
CCTGCTACATTACACG-1	Epithelial	19
CCTGCTAGTACCCATA-1	Epithelial	10
CCTGCTAGTCTGTGTA-1	Epithelial	14
CCTGCTATCCTCTCTT-1	Myeloid	17
CCTGCTATCGCAAACT-1	Epithelial	5
CCTGCTATCTCATATC-1	Epithelial	16
CCTGCTATCTTGGCCT-1	Myeloid	0
CCTGCTATCTTGTGCC-1	Epithelial	3
CCTGCTATCTTTATCG-1	Epithelial	1
CCTGGGAAGCCATTCA-1	Epithelial	5
CCTGGGAAGTACTCTG-1	Epithelial	10
CCTGGGAAGTAGCAAT-1	Epithelial	16
CCTGGGAAGTGTCCCG-1	Epithelial	7
CCTGGGACAAGCGTCC-1	Epithelial	16
CCTGGGACAAGGCGTA-1	Epithelial	2
CCTGGGACAGGCAGAT-1	T	4
CCTGGGACAGGGTAAC-1	Myeloid	0
CCTGGGAGTGCGCTCA-1	Epithelial	18
CCTGGGATCCAGGTCG-1	Stromal	9
CCTGGGATCCCAGCGA-1	Epithelial	15
CCTGGGATCGAGTGTT-1	Epithelial	3
CCTGGGATCGCATACA-1	Epithelial	11
CCTGGGATCGGTTCCT-1	Myeloid	17
CCTGGGATCTGAACGT-1	Epithelial	14
CCTTAATAGAAGCCGT-1	Epithelial	1
CCTTAATAGCGAGAAA-1	Epithelial	18
CCTTAATAGGATGTCG-1	Myeloid	0
CCTTAATAGGTACATA-1	Epithelial	11
CCTTAATCAACGCACC-1	T	4
CCTTAATCAATTCTCT-1	Stromal	8
CCTTAATCAGTATACC-1	Epithelial	2
CCTTAATGTAAGGTCG-1	Epithelial	3
CCTTAATGTCATAGCT-1	Epithelial	1
CCTTAATGTGCGTCCA-1	Epithelial	6
CCTTAATGTTCTTTGT-1	Epithelial	13
CCTTGCAAGCATACCT-1	Epithelial	6
CCTTGCACACTAAACC-1	Epithelial	5
CCTTGCACAGTATCTG-1	Epithelial	19
CCTTGCACATTCACCC-1	Myeloid	0
CCTTGCACATTGCACA-1	Epithelial	18
CCTTGCAGTAGAAAGG-1	Epithelial	2
CCTTGCAGTCACAGTT-1	Epithelial	7
CCTTGCAGTGACCAGA-1	Epithelial	16
CCTTGCAGTGCCCGAT-1	Epithelial	5
CCTTGCAGTGTCCTTC-1	Epithelial	2
CCTTGCATCGGCAATT-1	Epithelial	1
CCTTGGTAGGCGCTTC-1	Epithelial	3
CCTTGGTAGTTGAATG-1	Myeloid	0
CCTTGGTCACGCTAAT-1	Epithelial	18
CCTTGGTCACGTTGTA-1	Epithelial	11
CCTTGGTCACTTTGGA-1	Epithelial	18
CCTTGGTCAGGGAGTT-1	Epithelial	15
CCTTGGTCAGTTGGAG-1	Myeloid	17
CCTTGGTCATTACACG-1	Epithelial	5
CCTTGGTGTACAACGG-1	Epithelial	16
CCTTGGTGTCCGTAGC-1	Epithelial	18
CCTTGGTGTGCTTGAT-1	Epithelial	5
CCTTGGTGTGGCATAG-1	Epithelial	18
CCTTGGTTCACAAGCT-1	Epithelial	6
CCTTGGTTCCTCCATG-1	Epithelial	10
CCTTGGTTCCTTCGAC-1	Epithelial	5
CCTTGGTTCGATCTTT-1	Myeloid	17
CCTTGGTTCGGTACTA-1	Epithelial	6
CCTTGGTTCTTAAGCG-1	Epithelial	2
CGAGTTAAGTTATGAG-1	Epithelial	3
CGAGTTACAAACTACC-1	Epithelial	16
CGAGTTACACAATAAG-1	Epithelial	19
CGAGTTACAGGAGCAT-1	Epithelial	16
CGAGTTACATAGAATG-1	Epithelial	11
CGAGTTAGTAACAATG-1	Epithelial	7
CGAGTTAGTTCTCGAA-1	T	4
CGAGTTATCACTCCCA-1	Epithelial	2
CGAGTTATCGATAGGG-1	Epithelial	10
CGATGATAGCCAGAAC-1	Epithelial	18
CGATGATAGCCGCAAA-1	Epithelial	2
CGATGATAGGAGAACA-1	Epithelial	18
CGATGATAGGGCGAAG-1	T	4
CGATGATAGTACAGAT-1	Epithelial	6
CGATGATAGTGTGTAA-1	Epithelial	2
CGATGATAGTTACACC-1	Epithelial	16
CGATGATCATGATTGC-1	Epithelial	1
CGATGATGTATGGTTC-1	Myeloid	17
CGATGATGTGCTGAAG-1	Epithelial	6
CGATGATTCAGTCTTT-1	Epithelial	7
CGATGATTCATCATGG-1	Myeloid	0
CGATGATTCCATCATT-1	Epithelial	2
CGATGATTCCTGTGGG-1	Epithelial	6
CGATGATTCGCACCTT-1	Epithelial	16
CGATGATTCGTCTTAT-1	Epithelial	15
CGATGATTCTCTGTTA-1	Epithelial	18
CGCAATAAGAGAGGTA-1	Epithelial	11
CGCAATAAGCATGATA-1	Epithelial	15
CGCAATAAGCCGCTGT-1	Epithelial	6
CGCAATAAGTATCTGC-1	Myeloid	17
CGCAATAAGTCGAGCA-1	Myeloid	17
CGCAATAAGTGCTAGG-1	Myeloid	0
CGCAATACAAGCGAAC-1	Epithelial	15
CGCAATACACCAAGGA-1	Epithelial	14
CGCAATACACCCTTAC-1	Epithelial	15
CGCAATACAGAACGAC-1	Epithelial	5
CGCAATAGTACAAATG-1	Epithelial	5
CGCAATAGTAGGTAAT-1	Epithelial	13
CGCAATAGTGCAAGCA-1	Epithelial	16
CGCAATATCCAATAGC-1	Myeloid	0
CGCAATATCCATACGA-1	Epithelial	11
CGCAATATCGAGTGTT-1	Epithelial	15
CGCAATATCTCTATTG-1	Epithelial	3
CGCACAGAGAAGAGTG-1	Epithelial	18
CGCACAGAGCAATAAC-1	T	4
CGCACAGAGCGGACAT-1	Epithelial	19
CGCACAGAGCTCCGGT-1	Epithelial	11
CGCACAGAGGCCTCTG-1	Epithelial	1
CGCACAGAGGGAAATG-1	Epithelial	7
CGCACAGCAAATTGAG-1	Epithelial	5
CGCACAGCAAGTTGCT-1	Epithelial	10
CGCACAGCAGCAACGA-1	Myeloid	0
CGCACAGCATAGCAGG-1	T	4
CGCACAGCATCCGTGG-1	Epithelial	3
CGCACAGGTCGTCGCA-1	Epithelial	10
CGCACAGGTGATGCGA-1	Epithelial	7
CGCACAGGTGCACTTA-1	Epithelial	19
CGCACAGGTGCTGTCG-1	Epithelial	3
CGCACAGGTGGACAGT-1	Stromal	8
CGCACAGGTTTCTTAC-1	Epithelial	18
CGCACAGTCCCAGTAA-1	Myeloid	17
CGCACAGTCCCTACGT-1	Epithelial	7
CGCACAGTCCGCGATG-1	Epithelial	15
CGCACAGTCCTGGAAT-1	Myeloid	17
CGCACAGTCGAGTTAC-1	Myeloid	0
CGCACAGTCGTCCCTA-1	Epithelial	18
CGCACAGTCGTGGTAT-1	Epithelial	5
CGCACAGTCTAGCAAC-1	Epithelial	15
CGCACAGTCTCATATC-1	Stromal	8
CGCAGGTAGAAGCCGT-1	Epithelial	13
CGCAGGTAGTATGGGC-1	Stromal	8
CGCAGGTCAAGCCCTG-1	Epithelial	10
CGCAGGTCACAGCCAC-1	Epithelial	5
CGCAGGTCAGATAAGT-1	Epithelial	16
CGCAGGTCAGTTGCAT-1	Epithelial	1
CGCAGGTCATCCCAAA-1	Epithelial	10
CGCAGGTCATTGAACC-1	Epithelial	5
CGCAGGTGTAAGGTCG-1	Stromal	9
CGCAGGTGTACCCATA-1	Epithelial	10
CGCAGGTGTCAGAAAT-1	Epithelial	11
CGCAGGTGTGAATGTA-1	Myeloid	0
CGCAGGTGTTCCCAAA-1	Epithelial	2
CGCAGGTGTTGTCGGC-1	Epithelial	11
CGCAGGTTCACATTCT-1	Epithelial	16
CGCAGGTTCCACGCTT-1	Epithelial	3
CGCAGGTTCCGCCTAT-1	Epithelial	16
CGCAGGTTCGGCATAT-1	Epithelial	11
CGCGCAAAGCCATCAT-1	Stromal	9
CGCGCAAAGGAATGGA-1	Epithelial	10
CGCGCAACAAGTAACA-1	T	4
CGCGCAACAAGTGGCA-1	Epithelial	14
CGCGCAACACATATCG-1	Epithelial	15
CGCGCAACACTCGGAC-1	Epithelial	3
CGCGCAACACTGGGCT-1	Epithelial	16
CGCGCAACATTGTTCT-1	Epithelial	1
CGCGCAAGTAAGGTCG-1	Stromal	8
CGCGCAAGTAGACGCA-1	Epithelial	11
CGCGCAAGTCAGAAGC-1	Epithelial	10
CGCGCAAGTGAATCAA-1	Epithelial	11
CGCGCAAGTGATCAGG-1	Epithelial	14
CGCGCAAGTTCTGATG-1	Epithelial	3
CGCGCAATCCAGTTAG-1	Myeloid	0
CGCGCAATCGCTTGAA-1	Epithelial	10
CGCTAGGAGAAGAGTG-1	Epithelial	10
CGCTAGGCACGCTCAG-1	T	4
CGCTAGGCAGGTAACG-1	T	4
CGCTAGGGTAATGCCT-1	Epithelial	13
CGCTAGGGTACAAGCG-1	Epithelial	10
CGCTAGGGTGGAAAGA-1	Epithelial	13
CGCTAGGTCCCAGCAG-1	Epithelial	3
CGCTAGGTCGATGTAC-1	Epithelial	3
CGCTAGGTCTTGCGCT-1	Epithelial	11
CGCTATCAGATGTTCC-1	T	4
CGCTATCAGGGTGTTG-1	Epithelial	6
CGCTATCAGTAATCAG-1	Epithelial	12
CGCTATCAGTCACACT-1	Epithelial	18
CGCTATCCAAGACTAA-1	Myeloid	17
CGCTATCCAAGGACCA-1	Epithelial	16
CGCTATCCACAGCTTA-1	Epithelial	2
CGCTATCCAGGCAAGT-1	Myeloid	0
CGCTATCCATTGCACA-1	Epithelial	6
CGCTATCGTAACTCCA-1	Epithelial	12
CGCTATCGTAAGCCGA-1	T	4
CGCTATCGTAATGCCT-1	Myeloid	17
CGCTATCGTGCGTTTA-1	Epithelial	12
CGCTATCTCGTTGTTT-1	Epithelial	15
CGCTATCTCTCAGATG-1	Myeloid	0
CGCTGGAAGAGCGAAA-1	Myeloid	0
CGCTGGAAGGGCGAAG-1	Epithelial	18
CGCTGGACACCGTCTT-1	Epithelial	1
CGCTGGACACGTTAGT-1	Epithelial	12
CGCTGGACAGCAAACG-1	Epithelial	16
CGCTGGACAGGGAGTT-1	Epithelial	19
CGCTGGACATGCACTA-1	Epithelial	13
CGCTGGAGTATCCCTC-1	Epithelial	12
CGCTGGAGTATTGTGC-1	Epithelial	11
CGCTGGAGTCAGAAAT-1	Epithelial	10
CGCTGGAGTGATAACA-1	Stromal	8
CGCTGGAGTTAGGAAT-1	Epithelial	5
CGCTGGAGTTGAAGCG-1	Epithelial	19
CGCTGGATCCCGGGTA-1	Epithelial	7
CGCTGGATCCGATGCG-1	Epithelial	1
CGCTGGATCGGGATCC-1	Epithelial	2
CGCTGGATCTTGTACT-1	Myeloid	0
CGGACCAAGAACCCGA-1	Epithelial	15
CGGACCAAGAATCAAC-1	Epithelial	16
CGGACCAAGCACCATT-1	Epithelial	18
CGGACCAAGCTGAATA-1	Epithelial	11
CGGACCAAGGATTGCG-1	Epithelial	10
CGGACCAAGGCGATTG-1	Epithelial	10
CGGACCACAAAGCTGG-1	Epithelial	6
CGGACCACAATTAGGA-1	T	4
CGGACCACAGAGCCAA-1	Myeloid	0
CGGACCACAGTTACAC-1	Epithelial	10
CGGACCACATTGCCTC-1	Epithelial	12
CGGACCAGTACCCACG-1	Epithelial	12
CGGACCAGTCAATCCA-1	Epithelial	1
CGGACCATCACAACAC-1	Epithelial	15
CGGACCATCATTGCCC-1	Epithelial	18
CGGACCATCCACGAGC-1	Epithelial	3
CGGACCATCCCTACCA-1	Stromal	8
CGGACCATCCTCCTGA-1	Myeloid	0
CGGACCATCGGAAAGC-1	Epithelial	16
CGGACTGAGCCTCGCA-1	Epithelial	10
CGGACTGAGCTACGTT-1	Myeloid	17
CGGACTGCATCACAAC-1	Epithelial	10
CGGACTGGTAACGGCA-1	Epithelial	2
CGGACTGGTACGAGAC-1	Epithelial	7
CGGACTGGTTACGAAA-1	Epithelial	11
CGGACTGTCAGCACTA-1	Epithelial	18
CGGACTGTCGCTTGAA-1	Epithelial	5
CGGACTGTCTCTATCA-1	Epithelial	14
CGGTGCAAGAACTAAC-1	Epithelial	11
CGGTGCAAGAGCTACG-1	Epithelial	1
CGGTGCAAGATTAGAC-1	Epithelial	11
CGGTGCAAGCGTGTTT-1	Myeloid	0
CGGTGCAAGCTTTCCC-1	Epithelial	11
CGGTGCACAAATTGAG-1	Epithelial	16
CGGTGCACAATGTAAG-1	Epithelial	16
CGGTGCACACCTATTT-1	Epithelial	6
CGGTGCAGTAACACTC-1	Epithelial	11
CGGTGCAGTAACGTAA-1	Epithelial	15
CGGTGCAGTCACAGGA-1	Epithelial	15
CGGTGCAGTCACTCTC-1	Epithelial	16
CGGTGCAGTGCGTCCA-1	Epithelial	5
CGGTGCAGTGTGCTTA-1	Myeloid	17
CGGTGCAGTTCATTTC-1	T	4
CGGTGCAGTTCTTAGG-1	Epithelial	15
CGGTGCATCAAGTTGC-1	Epithelial	2
CGGTGCATCCCGTAGG-1	Epithelial	13
CGGTGCATCGGGAAAC-1	Epithelial	16
CGGTGCATCTCCAACC-1	Epithelial	13
CGTAAACAGAAAGGGT-1	Epithelial	3
CGTAAACAGACTAGGC-1	Epithelial	10
CGTAAACAGAGGCAGG-1	Epithelial	16
CGTAAACAGTCGACCC-1	Epithelial	14
CGTAAACAGTCTGTGT-1	Epithelial	15
CGTAAACCACGCTAAT-1	Myeloid	0
CGTAAACCAGTCCTGG-1	Myeloid	0
CGTAAACCATTCACGA-1	Epithelial	5
CGTAAACGTAATGTGA-1	Epithelial	5
CGTAAACGTAGACGCA-1	Epithelial	18
CGTAAACGTAGCGAGT-1	Epithelial	11
CGTAAACGTCGTCGCA-1	Epithelial	10
CGTAAACTCGGATCGC-1	Myeloid	0
CGTAAACTCTGGCACG-1	Epithelial	15
CGTACAAAGAGGCAGG-1	Epithelial	6
CGTACAAAGCATTCCA-1	Stromal	9
CGTACAAAGGTTGTTC-1	Epithelial	13
CGTACAAAGTCATCTG-1	Epithelial	3
CGTACAAAGTGAGTTA-1	Epithelial	16
CGTACAAAGTGTCGGA-1	Epithelial	13
CGTACAACACCTCGTT-1	Epithelial	1
CGTACAACACTGGGCT-1	Epithelial	2
CGTACAACACTGTAAC-1	Epithelial	2
CGTACAACAGGTGGTA-1	Epithelial	11
CGTACAAGTATCCCTC-1	Epithelial	16
CGTACAAGTCATGAGG-1	Epithelial	14
CGTACAAGTGCAGACA-1	Epithelial	5
CGTACAAGTTGGCTTA-1	Myeloid	17
CGTACAAGTTTGATCG-1	Epithelial	7
CGTACAATCAGGCGCT-1	Myeloid	17
CGTACAATCCTAAAGC-1	Epithelial	18
CGTACAATCGTCCCAT-1	Myeloid	0
CGTGGCAAGAGTTCGG-1	Myeloid	17
CGTGGCAAGCTGATTC-1	Epithelial	1
CGTGGCAAGGCTCCTG-1	Myeloid	0
CGTGGCAAGTCATCTG-1	Myeloid	17
CGTGGCACAAACCTAC-1	Epithelial	7
CGTGGCACAAGTAATG-1	Epithelial	2
CGTGGCACATAGATAG-1	Epithelial	3
CGTGGCACATTTAGGC-1	Myeloid	0
CGTGGCAGTAAGCCTT-1	Myeloid	17
CGTGGCAGTCTGTGTA-1	Epithelial	16
CGTGGCAGTGCCAAGA-1	Myeloid	0
CGTGGCAGTTAGGCTT-1	Stromal	8
CGTGGCAGTTCATTTC-1	Epithelial	16
CGTGGCAGTTTCCGGG-1	Epithelial	15
CGTGGCATCATTCTTG-1	Epithelial	16
CGTGGCATCGTCCCTA-1	Epithelial	13
CGTTCCAAGAAACGCC-1	Epithelial	11
CGTTCCAAGACAGCTG-1	Epithelial	15
CGTTCCAAGCTGGAGT-1	Epithelial	2
CGTTCCAAGGATTGAT-1	T	4
CGTTCCAAGGCTCAGA-1	Epithelial	14
CGTTCCACAAAGAAGG-1	T	4
CGTTCCACAACTCAAC-1	Epithelial	10
CGTTCCACAAGCGACA-1	Myeloid	0
CGTTCCACACGACGAA-1	Epithelial	16
CGTTCCAGTACCCATA-1	Epithelial	10
CGTTCCAGTTAGTAGA-1	Epithelial	16
CGTTCCATCAGAATGA-1	Epithelial	16
CGTTCCATCATACTTC-1	Epithelial	3
CGTTCCATCATTGCCC-1	Epithelial	18
CGTTCCATCCTCCATG-1	Epithelial	1
CGTTCCATCGTCGCAG-1	Epithelial	15
CTAACTTAGAAGAGTG-1	Epithelial	14
CTAACTTAGCATTGGG-1	Stromal	8
CTAACTTAGCGATACG-1	Epithelial	11
CTAACTTAGGGAGATA-1	Epithelial	16
CTAACTTAGGTTAGTA-1	Epithelial	15
CTAACTTAGGTTGACG-1	Myeloid	0
CTAACTTAGTGATATG-1	Epithelial	3
CTAACTTAGTTACCAC-1	Epithelial	15
CTAACTTCAACTCGAT-1	Myeloid	17
CTAACTTCAGGGCTTC-1	Epithelial	2
CTAACTTCAGTAACGG-1	Epithelial	5
CTAACTTCATCCTGGG-1	Stromal	9
CTAACTTGTAAACCCT-1	Epithelial	18
CTAACTTGTGATGCTT-1	Myeloid	0
CTAACTTGTTATCGAC-1	T	4
CTAACTTGTTTGCATG-1	Myeloid	0
CTAACTTTCGACGGAA-1	Epithelial	18
CTAACTTTCGGATAAA-1	Epithelial	15
CTAACTTTCTGTTTAC-1	Epithelial	13
CTACAGAAGAGGTGGG-1	T	4
CTACAGAAGCAGTAGC-1	T	4
CTACAGAAGCTGAGGT-1	T	4
CTACAGAAGGGAAATG-1	Epithelial	16
CTACAGAAGGGCATTG-1	Epithelial	5
CTACAGAAGTCAGGAC-1	Epithelial	15
CTACAGAAGTGCTCGC-1	Stromal	9
CTACAGACAACTGCGC-1	Epithelial	18
CTACAGACAATTGGCT-1	Epithelial	16
CTACAGACACTCCACT-1	Epithelial	18
CTACAGACAGGAGCAT-1	Epithelial	15
CTACAGAGTAACCCAT-1	Epithelial	15
CTACAGAGTGCAGACA-1	Epithelial	11
CTACAGATCCATCATT-1	Epithelial	2
CTACAGATCGCAAACT-1	Myeloid	0
CTACAGATCTCTCAAT-1	Myeloid	0
CTACTTAAGCTGATTC-1	T	4
CTACTTAAGGCGTAGT-1	Epithelial	13
CTACTTAAGGTCTTTG-1	Myeloid	0
CTACTTAAGTCGAGCA-1	Epithelial	14
CTACTTAAGTCTGCTA-1	Epithelial	15
CTACTTACAAACGTTC-1	Stromal	9
CTACTTACATTTGTTC-1	Epithelial	18
CTACTTAGTGAGGGTT-1	Epithelial	2
CTACTTAGTGGTGGTA-1	Myeloid	17
CTACTTATCAAGGCAG-1	Epithelial	2
CTACTTATCCCGGGTA-1	Epithelial	13
CTACTTATCCGTTTCG-1	Epithelial	11
CTACTTATCGAGAAGC-1	Epithelial	1
CTACTTATCGATCTTT-1	Myeloid	17
CTACTTATCTCTGCAC-1	Myeloid	0
CTAGCGGAGAAAGGGT-1	Epithelial	10
CTAGCGGAGCCATGGA-1	Epithelial	18
CTAGCGGAGCTGCTCG-1	Epithelial	3
CTAGCGGAGGTTCGTT-1	Myeloid	0
CTAGCGGAGTCAGCCC-1	Epithelial	2
CTAGCGGAGTGCTCGC-1	Epithelial	6
CTAGCGGAGTGTCACT-1	Epithelial	2
CTAGCGGCATCTCACC-1	Epithelial	10
CTAGCGGGTAGGTGAC-1	Epithelial	11
CTAGCGGGTCAATACC-1	Epithelial	14
CTAGCGGGTCTGGTTA-1	Epithelial	16
CTAGCGGGTGGACAGT-1	Epithelial	11
CTAGCGGTCAACGTGT-1	Epithelial	11
CTAGCGGTCAGTGGTT-1	T	4
CTAGCGGTCCGATTGA-1	Epithelial	1
CTAGCGGTCGAGAAGC-1	Epithelial	16
CTAGCGGTCGCAACTA-1	Epithelial	15
CTAGGATAGTTGCCGC-1	Epithelial	7
CTAGGATCAAGCAGGT-1	Epithelial	16
CTAGGATCAGGCACAA-1	T	4
CTAGGATCAGTAAGAT-1	Epithelial	12
CTAGGATCATCCGTGG-1	Epithelial	12
CTAGGATCATGGTATC-1	Epithelial	13
CTAGGATGTAGACACG-1	Epithelial	13
CTAGGATGTCATGAGG-1	Epithelial	16
CTAGGATGTCTCAAAC-1	Myeloid	0
CTAGGATGTGACCAGA-1	Epithelial	2
CTAGGATGTGCTAGTT-1	Epithelial	16
CTAGGATGTTTGGATC-1	Epithelial	16
CTAGGATTCAAGAGGC-1	Epithelial	1
CTAGGATTCACAACAC-1	Epithelial	1
CTAGGATTCGCAAGCC-1	Epithelial	2
CTAGGATTCGTCCCAT-1	Epithelial	13
CTAGGGCAGAACTCCT-1	Myeloid	0
CTAGGGCAGAGAGTTT-1	Epithelial	18
CTAGGGCAGAGTGGAA-1	Epithelial	14
CTAGGGCAGCCAGAAC-1	Epithelial	13
CTAGGGCAGCCTATAC-1	Epithelial	10
CTAGGGCAGCTAACAA-1	Epithelial	1
CTAGGGCAGCTTCAAC-1	Myeloid	0
CTAGGGCAGGCAAGGG-1	Epithelial	7
CTAGGGCAGGTTCTCA-1	Stromal	9
CTAGGGCAGTCGCCTG-1	Epithelial	11
CTAGGGCAGTGAGTGC-1	Myeloid	17
CTAGGGCAGTTGCGCC-1	Myeloid	0
CTAGGGCCAAGCCAGA-1	T	4
CTAGGGCCACTGTTAG-1	Epithelial	14
CTAGGGCCATATTGGC-1	Epithelial	1
CTAGGGCCATTGATGC-1	T	4
CTAGGGCGTACTATGC-1	Epithelial	7
CTAGGGCGTCAGCAAG-1	Epithelial	2
CTAGGGCGTGGATTTC-1	Epithelial	2
CTAGGGCGTTCTGATG-1	Epithelial	10
CTAGGGCTCACAACAC-1	Epithelial	18
CTAGGGCTCGGATAAA-1	Myeloid	0
CTAGGGCTCTATCTTG-1	Epithelial	13
CTCAACCAGAGATTAC-1	T	4
CTCAACCCAACGGGTA-1	Epithelial	6
CTCAACCCAAGCGGTA-1	Epithelial	18
CTCAACCCAAGTAATG-1	Epithelial	3
CTCAACCCATGGTTTG-1	Epithelial	15
CTCAACCCATTTGGCA-1	Epithelial	19
CTCAACCGTAACCCAT-1	Epithelial	1
CTCAACCGTCAGGTGA-1	Stromal	8
CTCAACCGTGCACCCA-1	Epithelial	5
CTCAACCGTGCCCTAG-1	Epithelial	3
CTCAACCTCCATAGGT-1	T	4
CTCAACCTCCTAAAGC-1	Epithelial	15
CTCACCAAGAGGTCCA-1	Epithelial	13
CTCACCAAGATCGATA-1	Epithelial	3
CTCACCAAGCTAACAA-1	Epithelial	2
CTCACCAAGTCGGGAT-1	Epithelial	15
CTCACCACAAATTCCG-1	T	4
CTCACCACACCGAATT-1	Epithelial	19
CTCACCAGTACAAGCG-1	T	4
CTCACCAGTGCCCGAT-1	Epithelial	10
CTCACCAGTTCCAGTA-1	Epithelial	2
CTCACCATCCAACAAC-1	Epithelial	12
CTCACCATCCTTTGAT-1	Epithelial	7
CTCACCATCGTTCTAT-1	Epithelial	6
CTCAGAAAGGAAGACA-1	Epithelial	10
CTCAGAAAGTCCCTCT-1	Epithelial	16
CTCAGAAAGTTGCGCC-1	Epithelial	10
CTCAGAACAATTGCCA-1	Epithelial	16
CTCAGAACACCCATCT-1	Epithelial	11
CTCAGAACACGCTCAG-1	Epithelial	6
CTCAGAACATAGATAG-1	Epithelial	3
CTCAGAAGTAACACTC-1	Epithelial	11
CTCAGAAGTACGAGAC-1	Epithelial	14
CTCAGAAGTACTAGAA-1	Epithelial	11
CTCAGAAGTAGTCCAT-1	Epithelial	1
CTCAGAAGTCAGTGCC-1	Epithelial	11
CTCAGAAGTCATCAAC-1	Epithelial	11
CTCAGAAGTGCGACCT-1	Epithelial	1
CTCAGAATCCCGTATC-1	Epithelial	3
CTCAGAATCCTCAAGA-1	Epithelial	2
CTCAGCTAGCTAGTTC-1	Epithelial	19
CTCAGCTAGGCCAATG-1	Stromal	9
CTCAGCTCAAGGAACC-1	Epithelial	7
CTCAGCTCACATTGCA-1	Epithelial	1
CTCAGCTCACCCTTAC-1	Epithelial	13
CTCAGCTCAGTGGTCC-1	Epithelial	1
CTCAGCTGTTGGCTAT-1	Epithelial	13
CTCAGCTTCACCACAA-1	Epithelial	15
CTCAGCTTCCATAGGT-1	Epithelial	18
CTCAGCTTCCGATGCG-1	T	4
CTCAGCTTCGGATAGG-1	Epithelial	2
CTCAGCTTCTCAGATG-1	Epithelial	2
CTCATGCAGACGCCAA-1	Epithelial	16
CTCATGCAGCTCGGCT-1	Myeloid	0
CTCATGCAGTTCTCCC-1	Epithelial	13
CTCATGCCAAGGAAGA-1	Myeloid	0
CTCATGCCAATTCAGC-1	Myeloid	17
CTCATGCCACCCTTAC-1	Epithelial	6
CTCATGCCAGCCACGT-1	Epithelial	19
CTCATGCCAGGACCTC-1	Epithelial	1
CTCATGCCAGGCAGAT-1	Epithelial	15
CTCATGCGTAACGGTG-1	Myeloid	17
CTCATGCGTATCGCGC-1	Epithelial	19
CTCATGCTCAAACCAC-1	Stromal	8
CTCATGCTCGCAAACT-1	Epithelial	18
CTCATGCTCGCAAGCC-1	Myeloid	0
CTCATGCTCTCCACTG-1	Epithelial	5
CTCATGCTCTCTTAAC-1	Myeloid	0
CTCCCAAAGAACAGGA-1	Epithelial	16
CTCCCAAAGAATACTG-1	Epithelial	13
CTCCCAAAGAGGCAGG-1	Stromal	8
CTCCCAAAGCAGAATT-1	Myeloid	17
CTCCCAAAGGATTTGA-1	Epithelial	18
CTCCCAAAGGCTCCTG-1	Epithelial	1
CTCCCAAAGTCGCCTG-1	Epithelial	5
CTCCCAACAAGCAATA-1	Epithelial	3
CTCCCAACACCGAAAG-1	Epithelial	2
CTCCCAACACTGAAGG-1	Epithelial	7
CTCCCAACATGTCCCT-1	Epithelial	1
CTCCCAAGTCACTCTC-1	Epithelial	18
CTCCCAAGTCCTTCAC-1	Epithelial	16
CTCCCAAGTGACAAGC-1	Epithelial	7
CTCCCAAGTGCATTCA-1	Myeloid	0
CTCCCAAGTGGACTGA-1	Epithelial	15
CTCCCAATCAATGCAC-1	Stromal	9
CTCCCAATCCCAGCGA-1	Epithelial	3
CTCCCAATCCTAGAGT-1	Epithelial	14
CTCGCTAAGAGCTGTG-1	Myeloid	17
CTCGCTAAGCTCGGCT-1	Epithelial	15
CTCGCTACAAACTACC-1	Myeloid	0
CTCGCTACACCCATCT-1	Epithelial	6
CTCGCTAGTAGACACG-1	Myeloid	0
CTCGCTAGTCTGTCCT-1	Epithelial	7
CTCGCTAGTGTCGTCG-1	Myeloid	17
CTCGCTATCAGTAGTC-1	Epithelial	18
CTCGCTATCATCGCTC-1	Myeloid	0
CTCGCTATCCGTGCGA-1	Epithelial	16
CTCGCTATCGAGAACG-1	T	4
CTCGCTATCGGTTGTA-1	Epithelial	10
CTCGCTATCTTAACGG-1	Epithelial	18
CTCGCTATCTTAATCC-1	Myeloid	0
CTCTACGAGATATGTG-1	Epithelial	6
CTCTACGAGCTTTCCC-1	T	4
CTCTACGCAACTTGGT-1	Myeloid	0
CTCTACGCACAAACGG-1	Epithelial	16
CTCTACGCACAGAAGC-1	Stromal	9
CTCTACGCATGCCTTC-1	Epithelial	3
CTCTACGCATGGTATC-1	Epithelial	3
CTCTACGGTACGTAAA-1	Epithelial	10
CTCTACGGTAGTAACA-1	Epithelial	3
CTCTACGTCAGCACGC-1	Epithelial	15
CTCTACGTCATCATGG-1	T	4
CTCTACGTCGTGGTAT-1	Epithelial	16
CTCTAGCAGGAAGGTA-1	T	4
CTCTAGCAGGCAGTAC-1	Epithelial	15
CTCTAGCAGGCGACTA-1	Epithelial	3
CTCTAGCAGGCGCTTC-1	Epithelial	16
CTCTAGCAGTAACTCC-1	Myeloid	17
CTCTAGCCACTCGGAC-1	Epithelial	3
CTCTAGCCAGGATAGC-1	Epithelial	13
CTCTAGCCATTCACGA-1	Epithelial	16
CTCTAGCGTACGAGAC-1	Stromal	9
CTCTAGCGTAGCCATT-1	Myeloid	0
CTCTAGCGTGATGCTT-1	Epithelial	7
CTCTAGCGTTAACTCG-1	Myeloid	0
CTCTAGCGTTCTTATC-1	Epithelial	10
CTCTAGCTCCTTACGC-1	Epithelial	6
CTCTAGCTCGATATGC-1	Epithelial	6
CTCTAGCTCGGTCAGC-1	Epithelial	15
CTCTAGCTCGTCTTAT-1	Epithelial	19
CTCTCAGAGAGATTAC-1	Epithelial	7
CTCTCAGAGTGTAATG-1	Myeloid	0
CTCTCAGCAGAAAGAG-1	Epithelial	6
CTCTCAGCAGAACGAC-1	Epithelial	18
CTCTCAGCAGCTATAC-1	Epithelial	2
CTCTCAGCATCGGCTG-1	Epithelial	3
CTCTCAGGTACTTCAG-1	Epithelial	1
CTCTCAGGTAGCATGG-1	Epithelial	6
CTCTCAGGTCACATTG-1	Epithelial	3
CTCTCAGGTGCCCGAT-1	Epithelial	5
CTCTCAGGTTCGGGAA-1	T	4
CTCTCAGTCAACTTGG-1	Epithelial	15
CTCTCAGTCCTCCTGA-1	Epithelial	2
CTCTCAGTCCTCTCTT-1	Epithelial	2
CTCTCAGTCGGTTCCT-1	Epithelial	7
CTCTCGAAGTAGCAAT-1	Myeloid	0
CTCTCGAAGTGATTAG-1	Epithelial	16
CTCTCGAAGTGGGACT-1	Epithelial	6
CTCTCGACAAGCAGGT-1	Epithelial	14
CTCTCGACAATCACTG-1	Epithelial	3
CTCTCGAGTAAACCCT-1	Epithelial	5
CTCTCGAGTACCCATA-1	Epithelial	3
CTCTCGAGTAGCGAGT-1	Epithelial	18
CTCTCGAGTAGCGGTA-1	Epithelial	3
CTCTCGAGTGCGTCCA-1	Myeloid	0
CTCTCGAGTTAAGTCC-1	Epithelial	15
CTCTCGAGTTCTCGAA-1	Epithelial	7
CTCTCGAGTTCTTATC-1	Epithelial	10
CTCTCGATCACCCGGA-1	T	4
CTCTCGATCCCGGGTA-1	T	4
CTCTCGATCCTTTGAT-1	Epithelial	7
CTCTCGATCGCTCGGA-1	T	4
CTCTCGATCGGATGTT-1	Epithelial	18
CTCTCGATCTCTTCTC-1	Myeloid	0
CTCTCGATCTGACATG-1	Epithelial	2
CTGAATGAGACTCGGA-1	Epithelial	12
CTGAATGAGGATATCA-1	Epithelial	13
CTGAATGAGGTGTCGA-1	Epithelial	3
CTGAATGCAACGTAGG-1	Epithelial	5
CTGAATGCAAGAGCGT-1	Epithelial	12
CTGAATGCACATTCTT-1	Epithelial	18
CTGAATGCAGATGGCA-1	Epithelial	11
CTGAATGCAGTTAAAG-1	Epithelial	1
CTGAATGCATCCTCGT-1	Epithelial	18
CTGAATGCATCTGCAA-1	Epithelial	12
CTGAATGGTAAACGGC-1	Epithelial	2
CTGAATGGTAGAACGC-1	Stromal	8
CTGAATGGTCAAACAA-1	Myeloid	17
CTGAATGGTTACCCAA-1	Epithelial	12
CTGAATGTCACTCGGG-1	Epithelial	14
CTGAATGTCCAATCCC-1	Epithelial	12
CTGAATGTCCATAGGT-1	Epithelial	13
CTGAATGTCGCGATGC-1	Epithelial	5
CTGAATGTCGCTCGGA-1	Epithelial	16
CTGAATGTCTCCAACC-1	Epithelial	16
CTGCGTTAGACGCCAA-1	Epithelial	18
CTGCGTTAGATGTTGA-1	Epithelial	18
CTGCGTTAGCGCAATG-1	Epithelial	12
CTGCGTTAGGTAGGCT-1	Epithelial	3
CTGCGTTAGTCGAGCA-1	Epithelial	11
CTGCGTTAGTGAATAC-1	Epithelial	10
CTGCGTTCAAGGGAGG-1	Epithelial	6
CTGCGTTGTAACATAG-1	Epithelial	15
CTGCGTTGTCATTGCA-1	Epithelial	11
CTGCGTTGTGCGTTTA-1	Myeloid	17
CTGCGTTTCACTGATG-1	Epithelial	1
CTGCGTTTCAGGAAGC-1	Myeloid	0
CTGCGTTTCCTCCAGT-1	Epithelial	11
CTGCGTTTCCTTCGAC-1	Myeloid	17
CTGCGTTTCGACTCGG-1	Epithelial	10
CTGCGTTTCGTGGCGT-1	Epithelial	12
CTGCTCAAGACAGCTG-1	Epithelial	19
CTGCTCAAGGCAGATC-1	Epithelial	18
CTGCTCACACCTGTGG-1	Epithelial	11
CTGCTCACATTTCTTG-1	Epithelial	2
CTGCTCAGTCTGGATT-1	Epithelial	5
CTGCTCAGTCTGGTTA-1	Epithelial	11
CTGCTCAGTGATGTGG-1	Epithelial	11
CTGCTCAGTTAGGCTT-1	Epithelial	3
CTGCTCATCGCTAGTA-1	Myeloid	0
CTGCTCATCGTCTAGA-1	Epithelial	16
CTGCTCATCGTGGTAT-1	Epithelial	16
CTGCTCATCTCGTAGA-1	Epithelial	11
CTGCTCATCTGGCTAA-1	Epithelial	6
CTGCTCATCTGTGTGA-1	Epithelial	10
CTGGCAGAGAGCTGTG-1	Epithelial	10
CTGGCAGAGCGCATTT-1	Epithelial	11
CTGGCAGAGCTTCAAC-1	Stromal	9
CTGGCAGAGGCGACTA-1	Epithelial	5
CTGGCAGAGGCGTAGT-1	Epithelial	16
CTGGCAGAGGGACGTT-1	Epithelial	11
CTGGCAGAGTTTGGAA-1	Epithelial	6
CTGGCAGCACTCCCAT-1	Epithelial	18
CTGGCAGCACTGAAGG-1	Epithelial	16
CTGGCAGCACTGCTTC-1	Epithelial	7
CTGGCAGCAGAGAGAA-1	Epithelial	6
CTGGCAGCATAGACGG-1	Epithelial	15
CTGGCAGGTATCTAGC-1	Epithelial	7
CTGGCAGGTCCCTAAA-1	Stromal	8
CTGGCAGGTTGAATAG-1	Epithelial	2
CTGGCAGTCACGTCAA-1	Epithelial	15
CTGGCAGTCCGCTCTA-1	Epithelial	12
CTGGCAGTCGGTCAGC-1	Epithelial	18
CTGGGACAGAGCCTGA-1	Epithelial	3
CTGGGACAGAGGCAGG-1	Epithelial	2
CTGGGACAGCACCATT-1	Epithelial	10
CTGGGACCAAGCGACA-1	Epithelial	7
CTGGGACCACTGCTTC-1	Epithelial	2
CTGGGACCAGTAGTCT-1	Epithelial	10
CTGGGACCATCCATAG-1	Epithelial	15
CTGGGACGTCTGATTG-1	Epithelial	15
CTGGGACGTGTTGTTG-1	Myeloid	0
CTGGGACGTTAGCTCA-1	Epithelial	15
CTGGGACGTTTCGATG-1	Epithelial	2
CTGGGACTCCGCCTAT-1	Epithelial	1
CTGGGACTCCGGAAAG-1	Epithelial	11
CTGGGACTCCTCTCTT-1	Epithelial	15
CTGTATTAGAGGCGGA-1	Epithelial	12
CTGTATTAGATGTTGA-1	Epithelial	15
CTGTATTAGGAGGCGA-1	Epithelial	13
CTGTATTAGGATTTGA-1	Epithelial	11
CTGTATTCAATCATCG-1	Epithelial	19
CTGTATTCACAGATGG-1	Epithelial	15
CTGTATTCAGCGTACC-1	Epithelial	11
CTGTATTCATTACTCT-1	Epithelial	2
CTGTATTGTATCATGC-1	Epithelial	11
CTGTATTGTTCGGGAA-1	Epithelial	15
CTGTATTGTTGAATAG-1	Epithelial	15
CTGTATTGTTTAAGCC-1	Epithelial	12
CTGTATTTCCCACGGA-1	Epithelial	15
CTGTATTTCCCGTAGG-1	Myeloid	0
CTGTATTTCCTTCGAC-1	Epithelial	16
CTGTATTTCGCTTCAC-1	Epithelial	6
CTGTATTTCGGTAGGA-1	Epithelial	16
CTGTATTTCTATCTAC-1	Epithelial	7
CTGTTCGAGACACAAT-1	Epithelial	16
CTGTTCGAGAGGCAGG-1	Epithelial	11
CTGTTCGAGAGGTGGG-1	Stromal	9
CTGTTCGAGATCGCCC-1	Epithelial	14
CTGTTCGAGCTTCAAC-1	Epithelial	7
CTGTTCGAGTGATAAC-1	Stromal	8
CTGTTCGAGTGTAATG-1	Myeloid	17
CTGTTCGCAGAATGCG-1	Epithelial	10
CTGTTCGCATGATTGC-1	Epithelial	15
CTGTTCGCATTTGGCA-1	Epithelial	13
CTGTTCGGTAAACCCT-1	Epithelial	16
CTGTTCGGTCACAGGA-1	Myeloid	17
CTGTTCGGTCTGAGCC-1	Epithelial	3
CTGTTCGTCACAGGGA-1	Myeloid	0
CTGTTCGTCGCTATAG-1	Epithelial	16
CTGTTCGTCTGAAAGA-1	Epithelial	19
CTGTTCGTCTTCGTTA-1	Epithelial	16
CTTAATCAGATGCGCA-1	Epithelial	2
CTTAATCAGCGTGTTT-1	Myeloid	17
CTTAATCAGCGTTAGG-1	Stromal	9
CTTAATCAGGGTAATT-1	Stromal	9
CTTAATCAGGTTCGTT-1	Epithelial	14
CTTAATCAGTCCCGCA-1	Epithelial	11
CTTAATCAGTGGTGTG-1	Myeloid	17
CTTAATCCAATTGTGC-1	Epithelial	3
CTTAATCCACGTACAT-1	T	4
CTTAATCCACGTTACA-1	Epithelial	1
CTTAATCGTAACCGAG-1	Epithelial	10
CTTAATCGTACGGATG-1	Epithelial	13
CTTAATCGTAGTATCC-1	Myeloid	0
CTTAATCGTCCGTAGC-1	Epithelial	2
CTTAATCGTCGTCGCA-1	Epithelial	7
CTTAATCGTGGCCTCA-1	Epithelial	10
CTTAATCGTTACGAAA-1	Myeloid	0
CTTAATCTCCGAGGAA-1	Epithelial	19
CTTAATCTCGCCTTAC-1	Myeloid	17
CTTAATCTCTGATCCC-1	Epithelial	19
CTTAATCTCTGATCTT-1	Myeloid	0
CTTCCAGAGACGACTG-1	Epithelial	10
CTTCCAGAGATCTCAC-1	Epithelial	16
CTTCCAGAGCTAACAA-1	Epithelial	13
CTTCCAGCAAGCCCTG-1	Epithelial	6
CTTCCAGCACTGATAC-1	Epithelial	19
CTTCCAGCAGATGGCA-1	Myeloid	17
CTTCCAGCAGCCACGT-1	Myeloid	17
CTTCCAGCAGGGTAAC-1	T	4
CTTCCAGCAGTCAGCC-1	Epithelial	13
CTTCCAGGTCCTATTT-1	Epithelial	16
CTTCCAGTCCGTTTCG-1	Epithelial	16
CTTCCAGTCGTATAGC-1	Epithelial	2
CTTCTAAAGAGGCGGA-1	Epithelial	7
CTTCTAAAGCTGAAAT-1	Epithelial	15
CTTCTAAAGTGTCGGA-1	Epithelial	7
CTTCTAAAGTTAGCAA-1	Epithelial	10
CTTCTAACACATCATG-1	Epithelial	13
CTTCTAACAGGGCTTC-1	Epithelial	16
CTTCTAAGTGAATACA-1	Epithelial	2
CTTCTAAGTGCCCAGT-1	Epithelial	10
CTTCTAAGTTCCAATG-1	Stromal	8
CTTCTAAGTTGAATAG-1	Epithelial	11
CTTCTAATCACAAGCT-1	Myeloid	0
CTTCTAATCCTGACCT-1	Epithelial	5
CTTCTAATCCTTTGAT-1	Myeloid	0
CTTCTAATCGAGCGCT-1	Stromal	9
CTTCTAATCGCTTACC-1	Epithelial	15
CTTCTAATCTTATCAC-1	Epithelial	15
CTTCTAATCTTCAGAG-1	T	4
CTTCTAATCTTCTTCC-1	Myeloid	0
CTTGAAGAGCAACGGT-1	Epithelial	15
CTTGAAGAGGAAGGTA-1	Myeloid	17
CTTGAAGAGTGTTCCA-1	Epithelial	11
CTTGAAGCAAATGCTC-1	Myeloid	17
CTTGAAGCAGCAACGA-1	Epithelial	7
CTTGAAGCAGTTCGGC-1	Stromal	8
CTTGAAGCATTAGCCA-1	Epithelial	13
CTTGAAGGTGCAAGAC-1	Epithelial	18
CTTGAAGGTTAACCAC-1	Myeloid	0
CTTGAAGTCATCATGG-1	Epithelial	2
CTTGAAGTCGGGCTCA-1	Myeloid	0
CTTGAAGTCTCTATCA-1	Epithelial	1
CTTGAAGTCTGGCCAG-1	Epithelial	10
CTTGCCAAGCCATGGA-1	Epithelial	11
CTTGCCAAGTACCTCA-1	Epithelial	19
CTTGCCACACTCCTCA-1	Epithelial	3
CTTGCCACACTGTCAA-1	Epithelial	1
CTTGCCACATTGCCTC-1	Myeloid	17
CTTGCCAGTCCGCTTT-1	Epithelial	11
CTTGCCAGTGAGGGTT-1	Epithelial	16
CTTGCCATCGCTGATA-1	Epithelial	7
CTTGCCATCGTTCCGT-1	Epithelial	10
CTTGCTGAGTCGAGCA-1	Epithelial	11
CTTGCTGCAAAGCTGG-1	Epithelial	16
CTTGCTGCAGATGGCA-1	Epithelial	18
CTTGCTGCATACAACC-1	Epithelial	1
CTTGCTGCATCATAGC-1	Epithelial	6
CTTGCTGCATCGGCTG-1	T	4
CTTGCTGGTGACAAGC-1	Epithelial	18
CTTGCTGTCATGTTCT-1	Epithelial	15
CTTGCTGTCCTAAGTG-1	Epithelial	1
CTTGCTGTCGCCCTTA-1	Epithelial	7
CTTGTCGAGACAGTGC-1	Epithelial	14
CTTGTCGAGGTCCTCG-1	Myeloid	17
CTTGTCGCAAGACACG-1	Stromal	9
CTTGTCGCACTAGGAG-1	Epithelial	11
CTTGTCGCATGGATGG-1	Myeloid	17
CTTGTCGCATTGATGC-1	Stromal	9
CTTGTCGGTAACCATC-1	Epithelial	2
CTTGTCGGTATTGTGC-1	Myeloid	0
CTTGTCGGTTACGAAA-1	Myeloid	0
CTTGTCGGTTGTATCG-1	Epithelial	13
CTTGTCGGTTTGGATC-1	Epithelial	5
CTTGTCGTCCAGGCCA-1	Epithelial	13
CTTGTCGTCGTCTTAT-1	Epithelial	18
CTTGTCGTCTATAGGC-1	Epithelial	19
CTTGTCGTCTCTTCTC-1	T	4
CTTGTCGTCTTAATCC-1	Epithelial	3
CTTTGCGAGCACACCC-1	Epithelial	11
CTTTGCGAGCGAGAAA-1	Epithelial	10
CTTTGCGAGGCTTCGC-1	Epithelial	10
CTTTGCGAGTTGAATG-1	Epithelial	2
CTTTGCGCAACACGGA-1	Epithelial	18
CTTTGCGCAAGCGACA-1	Epithelial	6
CTTTGCGCAAGTTGCT-1	Epithelial	19
CTTTGCGCAATGACTC-1	Myeloid	17
CTTTGCGCACAAGGGT-1	Epithelial	15
CTTTGCGCATGCGCTG-1	Epithelial	3
CTTTGCGGTCAAATCC-1	Epithelial	13
CTTTGCGGTCTTAGCA-1	Epithelial	6
CTTTGCGGTGCTGAAG-1	Epithelial	16
CTTTGCGGTGGCCTCA-1	Epithelial	1
CTTTGCGTCCACGGCA-1	Epithelial	6
CTTTGCGTCTCCAACC-1	Epithelial	3
CTTTGCGTCTGCCGAG-1	Epithelial	18
CTTTGCGTCTGGTACA-1	Epithelial	10
CTTTGCGTCTTAGTGG-1	Epithelial	18
GAAACAAAGATCTAAG-1	T	4
GAAACAAAGCGCACAA-1	T	4
GAAACAAAGGATGTCG-1	Epithelial	5
GAAACAACAAAGGTCG-1	Epithelial	6
GAAACAACAAGTTCGT-1	Epithelial	14
GAAACAACAATTGCCA-1	Epithelial	2
GAAACAACACTGCTCT-1	Epithelial	16
GAAACAACAGTCAGAG-1	Myeloid	17
GAAACAACATCCCAAA-1	Epithelial	15
GAAACAACATCCCTTG-1	T	4
GAAACAAGTAGGTCTT-1	Epithelial	2
GAAACAAGTATCATGC-1	Epithelial	13
GAAACAAGTCACAGGA-1	Myeloid	17
GAAACAAGTCCGAGCT-1	Myeloid	0
GAAACAAGTCTTAGCA-1	Epithelial	5
GAAACAAGTGCTGTGC-1	Epithelial	12
GAAACAAGTTTCCTAT-1	Epithelial	16
GAAACAATCGTAGCGC-1	Epithelial	6
GAAACAATCTTGGCCT-1	Stromal	9
GAAAGTAAGGATTGCG-1	Epithelial	2
GAAAGTACACTCCCAT-1	Epithelial	16
GAAAGTAGTACCAAGG-1	T	4
GAAAGTAGTATTCTTC-1	Epithelial	16
GAAAGTAGTGAATCGG-1	Epithelial	6
GAAAGTATCTGTGTCC-1	Myeloid	0
GAAATGAAGATACCAA-1	Epithelial	16
GAAATGAAGCCGCTGT-1	Epithelial	15
GAAATGAAGGCTCCTG-1	Epithelial	3
GAAATGAAGGGAAGCG-1	Epithelial	16
GAAATGACAAGATTAG-1	Epithelial	1
GAAATGACAAGGGTAC-1	Epithelial	2
GAAATGACAAGTTGCT-1	Epithelial	11
GAAATGACACGCGCAT-1	Epithelial	11
GAAATGACACTCCCAT-1	Epithelial	1
GAAATGACATCACAAC-1	Epithelial	16
GAAATGAGTCAGACGA-1	Myeloid	17
GAAATGAGTCCAAGTT-1	Epithelial	16
GAAATGAGTCCACCAG-1	Epithelial	2
GAAATGAGTCCCGTGA-1	Epithelial	11
GAAATGAGTGACAAGC-1	Myeloid	0
GAAATGAGTTACGCTA-1	Epithelial	14
GAAATGATCAATCGTG-1	Epithelial	19
GAAATGATCAGCACGC-1	Epithelial	7
GAAATGATCCCAATAG-1	Epithelial	16
GAAATGATCGAGAACG-1	Epithelial	11
GAAATGATCGGGAATG-1	T	4
GAACCGCAGACAACGC-1	Epithelial	13
GAACCGCAGCTATCCA-1	Stromal	9
GAACCGCCAACGCACC-1	Epithelial	2
GAACCGCCACACTAGT-1	Epithelial	10
GAACCGCGTCACAGTT-1	Epithelial	6
GAACCGCGTCCGTGCA-1	Myeloid	17
GAACCGCGTGATTCCA-1	Epithelial	10
GAACCGCGTGCCCGAT-1	Epithelial	13
GAACCGCGTTACCCAA-1	Epithelial	7
GAACCGCTCAGAATGA-1	Epithelial	19
GAACCGCTCAGCACGC-1	Stromal	8
GAACCGCTCATTCTTG-1	Epithelial	5
GAACCGCTCCATCATT-1	T	4
GAACCGCTCCTGAAAC-1	Epithelial	10
GAACCGCTCGTTACAG-1	T	4
GAACCGCTCTTAGTGG-1	Epithelial	11
GAACCGCTCTTTATCG-1	Epithelial	6
GAACCTAAGGGTTCTT-1	Epithelial	1
GAACCTAAGGTTAGTA-1	Epithelial	12
GAACCTAAGTTAGCAA-1	Epithelial	3
GAACCTACACGGCCAT-1	Stromal	8
GAACCTAGTACCTATG-1	Epithelial	6
GAACCTAGTACGTAAA-1	Epithelial	10
GAACCTATCAATGCAC-1	Epithelial	3
GAACCTATCTGCTACC-1	Epithelial	12
GAACCTATCTTTATCG-1	Epithelial	1
GAACGTTAGAATCAAC-1	Epithelial	13
GAACGTTAGAGAACCC-1	Epithelial	12
GAACGTTAGTTAGCAA-1	T	4
GAACGTTCAAGCAATA-1	Epithelial	10
GAACGTTCAGATAAGT-1	Epithelial	11
GAACGTTCAGGTAGGT-1	Epithelial	12
GAACGTTCAGTTCGGC-1	Epithelial	5
GAACGTTCATAGCAGG-1	Epithelial	2
GAACGTTCATGGATGG-1	Epithelial	18
GAACGTTGTACATGGG-1	Myeloid	17
GAACGTTGTAGCGGTA-1	Epithelial	16
GAACGTTGTCAACGGA-1	Epithelial	2
GAACGTTGTGTCTACA-1	Epithelial	10
GAACGTTGTGTCTCGG-1	Epithelial	11
GAACGTTGTTCCGCGA-1	Epithelial	3
GAACGTTGTTGGGAAC-1	Epithelial	16
GAACGTTTCACGATTG-1	Epithelial	11
GAACGTTTCGAGTGTT-1	Epithelial	16
GAACGTTTCGGTTCCT-1	Epithelial	16
GAACTTGAGAGCGAAA-1	Epithelial	13
GAACTTGAGCAGTAGC-1	Epithelial	15
GAACTTGAGCCATTCA-1	Epithelial	7
GAACTTGAGCGTAGCA-1	Epithelial	10
GAACTTGAGCTGAATA-1	Epithelial	6
GAACTTGAGGAGAACA-1	T	4
GAACTTGAGGATCCTT-1	Epithelial	10
GAACTTGCACAGATGG-1	Epithelial	2
GAACTTGCACAGTTCA-1	Epithelial	3
GAACTTGCACGCTGTG-1	Epithelial	1
GAACTTGCAGGGAGTT-1	Epithelial	10
GAACTTGCAGTGGTCC-1	Stromal	8
GAACTTGGTCATTGGT-1	Epithelial	18
GAACTTGGTCCTCAGG-1	Epithelial	16
GAACTTGGTTACGGAG-1	Myeloid	0
GAACTTGTCCTTTGCG-1	Epithelial	18
GAACTTGTCTATACCT-1	Epithelial	11
GAACTTGTCTGGACAT-1	Epithelial	14
GAACTTGTCTGGCTAA-1	Epithelial	16
GAAGAGCAGAATCAAC-1	Epithelial	3
GAAGAGCAGACGAAAG-1	Epithelial	5
GAAGAGCAGAGGCAGG-1	Epithelial	16
GAAGAGCAGCAGAATT-1	Epithelial	18
GAAGAGCAGGATATCA-1	Epithelial	15
GAAGAGCAGGTTACAA-1	Stromal	9
GAAGAGCAGTCATCTG-1	Epithelial	11
GAAGAGCCAGCGTACC-1	Epithelial	1
GAAGAGCCAGGCACAA-1	Epithelial	3
GAAGAGCCATCGTGAT-1	Epithelial	19
GAAGAGCGTAGATTAG-1	Epithelial	10
GAAGAGCGTGAGAGTC-1	Epithelial	7
GAAGAGCTCACTCGGG-1	Myeloid	17
GAAGAGCTCGCAAGCC-1	Epithelial	6
GAAGAGCTCTGGCCAG-1	Epithelial	18
GAAGAGCTCTTGTCGC-1	Myeloid	17
GAAGTCTAGATTAGAC-1	Myeloid	17
GAAGTCTAGCGTCAAG-1	Epithelial	18
GAAGTCTAGGCAGTGT-1	Epithelial	3
GAAGTCTAGTAACACA-1	Epithelial	6
GAAGTCTAGTAACTCC-1	Myeloid	17
GAAGTCTCAACCTCCT-1	Epithelial	16
GAAGTCTCAAGATTAG-1	T	4
GAAGTCTCACAACGGA-1	T	4
GAAGTCTCACACTAGT-1	Epithelial	1
GAAGTCTCACGGTTAT-1	Epithelial	12
GAAGTCTCACTAAACC-1	Epithelial	15
GAAGTCTCACTGTCAA-1	Epithelial	18
GAAGTCTGTAGACGCA-1	Epithelial	2
GAAGTCTGTCAGAAGC-1	Myeloid	0
GAAGTCTGTCTGCACG-1	Epithelial	19
GAAGTCTGTTGAAGCG-1	Epithelial	16
GAAGTCTTCAGTCACA-1	Epithelial	13
GAAGTCTTCCTCCTGA-1	Epithelial	13
GAAGTGGAGACTTGAA-1	Stromal	9
GAAGTGGAGAGAGTAG-1	Epithelial	2
GAAGTGGAGATATGAC-1	Myeloid	17
GAAGTGGAGGATGCCA-1	Epithelial	2
GAAGTGGAGGGCTTCC-1	Epithelial	15
GAAGTGGAGTTACCAC-1	Epithelial	19
GAAGTGGCAAGCAACG-1	Myeloid	17
GAAGTGGCAAGCCTTA-1	Myeloid	0
GAAGTGGCAATGGTAA-1	Epithelial	16
GAAGTGGCACGATTAC-1	Epithelial	15
GAAGTGGGTCCTTATT-1	Epithelial	2
GAAGTGGGTCTGGGAA-1	Epithelial	19
GAAGTGGGTGATGCGA-1	Epithelial	6
GAAGTGGGTGCCGGTT-1	Epithelial	6
GAAGTGGTCATCGCTC-1	Epithelial	1
GAAGTGGTCGCCAGAC-1	T	4
GAAGTGGTCGCTTACC-1	Stromal	9
GAAGTGGTCGGTTAGT-1	Epithelial	6
GAATCTGAGAGCCTGA-1	Epithelial	13
GAATCTGAGAGGAATG-1	Epithelial	3
GAATCTGAGGCGACTA-1	Epithelial	2
GAATCTGAGGTCACTT-1	Epithelial	15
GAATCTGAGTCCCTCT-1	Epithelial	3
GAATCTGAGTTCGACT-1	Epithelial	10
GAATCTGCACGTTAGT-1	Myeloid	17
GAATCTGCAGGCAAGT-1	Epithelial	1
GAATCTGGTCCGCTTT-1	Epithelial	10
GAATCTGGTGATCAGG-1	Epithelial	2
GAATCTGGTGCGACCT-1	Epithelial	11
GAATCTGTCAAATGGA-1	Epithelial	6
GAATCTGTCAGGCCGT-1	Stromal	8
GAATCTGTCGTTTGAG-1	Epithelial	6
GACCAATAGATCTCAC-1	Epithelial	7
GACCAATAGCAGGACT-1	T	4
GACCAATAGTTCAAGA-1	Epithelial	3
GACCAATCAAGGGTAC-1	Epithelial	2
GACCAATCACAGCCAC-1	Epithelial	16
GACCAATCACCATTCC-1	Epithelial	13
GACCAATCACTCCACT-1	Stromal	8
GACCAATCATTTGGTG-1	Epithelial	1
GACCAATGTACGAGAC-1	Myeloid	0
GACCAATGTAGGGTTG-1	Epithelial	1
GACCAATGTCCAAGAG-1	Epithelial	1
GACCAATTCCAGGCCA-1	Epithelial	13
GACCAATTCCGATTGA-1	Epithelial	15
GACCAATTCCGTGCAG-1	Epithelial	19
GACCAATTCGATAGGG-1	Epithelial	11
GACCAATTCGTGAACT-1	Epithelial	14
GACCCAGAGCGTCTGC-1	Epithelial	11
GACCCAGAGTTTGGAA-1	Epithelial	15
GACCCAGCAAACCGAG-1	Epithelial	5
GACCCAGCACTTACAG-1	Myeloid	17
GACCCAGGTAGGTCTT-1	Epithelial	3
GACCCAGGTCGAGGTA-1	Epithelial	3
GACCCAGGTGGTCGAA-1	Epithelial	12
GACCCAGGTGGTGGTA-1	Epithelial	15
GACCCAGGTTCCTATT-1	Epithelial	16
GACCCAGTCAAGGCCC-1	Epithelial	16
GACCCAGTCAGCGGTC-1	Epithelial	7
GACCCAGTCATGAACC-1	Epithelial	6
GACCGACAGACCGCAA-1	Epithelial	13
GACCGACAGCATACCT-1	Epithelial	1
GACCGACAGCCGCAAA-1	Epithelial	2
GACCGACAGTACGACG-1	Myeloid	17
GACCGACAGTAGCAAT-1	Epithelial	15
GACCGACAGTCCAGAG-1	Epithelial	16
GACCGACAGTTTACGC-1	T	4
GACCGACCACACATTG-1	Epithelial	5
GACCGACCACGGTGTC-1	Epithelial	7
GACCGACCACTGCTCT-1	Epithelial	14
GACCGACCATTTCTTG-1	Epithelial	10
GACCGACGTAACCCAT-1	Epithelial	6
GACCGACGTCAAGACG-1	Epithelial	5
GACCGACGTCCAAGTT-1	Myeloid	0
GACCGACGTCGCGCTA-1	Epithelial	7
GACCGACGTCTGGATT-1	Epithelial	18
GACCGACGTCTGGGCT-1	Stromal	8
GACCGACGTGCTTACA-1	Epithelial	10
GACCGACGTTCCATCC-1	T	4
GACCGACGTTGGGAAC-1	Epithelial	13
GACCGACGTTTGAAGA-1	Epithelial	12
GACCGACTCAGAGTGG-1	Myeloid	0
GACCGACTCGATAGGG-1	Epithelial	3
GACCGACTCGTGAGTT-1	Myeloid	0
GACCTTCAGACAGCTG-1	Epithelial	6
GACCTTCAGACGAAAG-1	Epithelial	19
GACCTTCAGGCATGCA-1	Epithelial	19
GACCTTCCAATTGGCT-1	Epithelial	2
GACCTTCCAGTAGTTC-1	Epithelial	13
GACCTTCCATGCGCTG-1	Myeloid	17
GACCTTCGTCCTCAGG-1	Myeloid	17
GACCTTCGTCTTAGCA-1	Epithelial	18
GACCTTCGTGAGTAAT-1	Epithelial	5
GACCTTCGTGCACATT-1	Myeloid	0
GACCTTCGTTCAGTTG-1	Stromal	9
GACCTTCTCAGAACGG-1	Myeloid	17
GACTAACAGAAGAGTG-1	Stromal	9
GACTAACAGCAGGAGG-1	Epithelial	10
GACTAACAGGGTGTTG-1	Epithelial	1
GACTAACAGTTCTCCC-1	Epithelial	15
GACTAACCACAGAAGC-1	Epithelial	13
GACTAACCACGCGTTG-1	Epithelial	10
GACTAACCACTTGCGG-1	Epithelial	2
GACTAACCAGTAGTCT-1	Epithelial	7
GACTAACCATTTCACT-1	Epithelial	13
GACTAACGTAGCTGTT-1	T	4
GACTAACGTCAGACGA-1	Myeloid	0
GACTAACGTCGCGCTA-1	Myeloid	0
GACTAACGTCTGGATT-1	Myeloid	0
GACTAACGTTAACTCG-1	Epithelial	3
GACTAACGTTGCAGAG-1	Myeloid	0
GACTAACTCCAGAGAG-1	Epithelial	2
GACTAACTCCAGCACG-1	Myeloid	17
GACTAACTCCTCCCAA-1	Epithelial	5
GACTAACTCCTTTGAT-1	Epithelial	2
GACTAGTAGCAGAAAG-1	Epithelial	3
GACTAGTAGGAGTAGA-1	Myeloid	17
GACTAGTAGGCCTCTG-1	Epithelial	16
GACTAGTAGTACCACT-1	Epithelial	5
GACTAGTAGTTTGGAA-1	Epithelial	19
GACTAGTCAAAGGCCA-1	Epithelial	18
GACTAGTCAAGAGATT-1	Epithelial	2
GACTAGTCAATGTAAG-1	Epithelial	18
GACTAGTGTAACAATG-1	Epithelial	6
GACTAGTGTAGTGATA-1	Epithelial	1
GACTAGTGTCCGCTTT-1	Epithelial	11
GACTAGTGTCTGGTTA-1	Epithelial	19
GACTAGTGTTGTATCG-1	T	4
GACTAGTTCCCACTAC-1	Epithelial	11
GACTAGTTCCCTACCA-1	Epithelial	3
GACTAGTTCCCTATTA-1	Epithelial	11
GACTAGTTCTGGACAT-1	Myeloid	0
GAGAACGAGAACGACC-1	Epithelial	10
GAGAACGAGACAGTGC-1	Epithelial	10
GAGAACGAGACTTCCA-1	Epithelial	2
GAGAACGAGATTGACA-1	Epithelial	7
GAGAACGAGTCCTTCC-1	T	4
GAGAACGAGTCGGGAT-1	Epithelial	2
GAGAACGCACACACAT-1	T	4
GAGAACGCATGCCCTT-1	Epithelial	15
GAGAACGCATGGCCGT-1	Epithelial	12
GAGAACGGTAACTGAA-1	Myeloid	0
GAGAACGGTATTCTCT-1	Epithelial	15
GAGAACGGTCTAAGAA-1	Myeloid	0
GAGAACGGTGCTGAAG-1	Epithelial	6
GAGAACGTCAACACGT-1	Epithelial	5
GAGAACGTCACATTCT-1	Epithelial	14
GAGAACGTCAGGCCGT-1	Epithelial	15
GAGAACGTCATACTTC-1	T	4
GAGACTTAGAGCCACA-1	Stromal	9
GAGACTTAGGGTTCTT-1	Epithelial	6
GAGACTTAGTCGATAA-1	Epithelial	7
GAGACTTAGTGCTGAG-1	Myeloid	0
GAGACTTCAAACGTTC-1	Epithelial	18
GAGACTTCACCTATTT-1	Epithelial	7
GAGACTTCAGGCACAA-1	Epithelial	16
GAGACTTGTCAATACC-1	Epithelial	16
GAGACTTGTGGTAGAC-1	Epithelial	11
GAGACTTGTTACGGAG-1	Epithelial	18
GAGACTTGTTGGACGA-1	Epithelial	16
GAGACTTTCACCACAA-1	Epithelial	1
GAGACTTTCACTAGCA-1	T	4
GAGACTTTCCCGTATC-1	Epithelial	13
GAGACTTTCGAGAACG-1	Myeloid	17
GAGACTTTCTCCTTGG-1	Epithelial	18
GAGATTCAGACCCATT-1	Epithelial	3
GAGATTCAGAGGAAGT-1	Epithelial	13
GAGATTCAGCAATGTA-1	Epithelial	14
GAGATTCAGGAGGCGA-1	Epithelial	10
GAGATTCAGGATTGAT-1	Myeloid	17
GAGATTCAGGCGATTG-1	Myeloid	17
GAGATTCAGGCGTAGT-1	Stromal	9
GAGATTCCAAAGGCCA-1	Epithelial	12
GAGATTCCAGGATAGC-1	Myeloid	17
GAGATTCCATAGATAG-1	Epithelial	5
GAGATTCCATTGCCTC-1	Myeloid	0
GAGATTCGTAACTGAA-1	Epithelial	6
GAGATTCGTCTGCGCA-1	Epithelial	3
GAGATTCGTTTGTACG-1	Epithelial	1
GAGATTCTCAACGTGT-1	Epithelial	16
GAGATTCTCACCACAA-1	Epithelial	10
GAGATTCTCGATATGC-1	Epithelial	13
GAGATTCTCGCACCTT-1	Epithelial	10
GAGATTCTCGCCTTAC-1	Epithelial	16
GAGATTCTCTGTGTCC-1	Epithelial	16
GAGCATTCAAGCAGGT-1	Myeloid	17
GAGCATTCAATCATCG-1	Stromal	9
GAGCATTCAGGACTGA-1	T	4
GAGCATTCATCCCTTG-1	Epithelial	10
GAGCATTCATCGGCTG-1	Epithelial	5
GAGCATTGTAGTATCC-1	Epithelial	1
GAGCATTGTTAGGCTT-1	Epithelial	1
GAGCATTTCATTCATC-1	Stromal	9
GAGCATTTCCATAACG-1	Epithelial	11
GAGCATTTCTTATCAC-1	T	4
GAGCGCTAGACCGCAA-1	Epithelial	3
GAGCGCTAGAGCTCCC-1	Epithelial	5
GAGCGCTAGCAGAGCT-1	Epithelial	15
GAGCGCTAGCGAATAT-1	Myeloid	17
GAGCGCTAGCTAACAA-1	Epithelial	12
GAGCGCTAGTAGTCGG-1	Epithelial	6
GAGCGCTAGTAGTTCC-1	Epithelial	16
GAGCGCTAGTCGGGAT-1	Epithelial	15
GAGCGCTCAAAGAAGG-1	Epithelial	10
GAGCGCTCAACGTACT-1	Epithelial	6
GAGCGCTGTAGCCATT-1	Epithelial	2
GAGCGCTGTAGGGTTG-1	T	4
GAGCGCTGTTCCGGCA-1	Epithelial	12
GAGCGCTTCCAACCTC-1	T	4
GAGCGCTTCCGGACTG-1	Epithelial	2
GAGCGCTTCGGCAATT-1	Epithelial	6
GAGGATGAGAAATGGG-1	Epithelial	10
GAGGATGAGACGTCAG-1	Myeloid	0
GAGGATGAGGTCCTCG-1	Myeloid	17
GAGGATGCAATAGTGA-1	Epithelial	18
GAGGATGCACTTATGG-1	Epithelial	1
GAGGATGCAGCTTACA-1	Epithelial	2
GAGGATGCAGGTCCTG-1	Epithelial	10
GAGGATGCATGCTATG-1	Epithelial	10
GAGGATGCATTCTCGC-1	Epithelial	10
GAGGATGGTGAATACA-1	Myeloid	17
GAGGATGGTGGACAGT-1	Epithelial	5
GAGGATGGTGGACCAA-1	Epithelial	7
GAGGATGGTGGATTCT-1	T	4
GAGGATGTCCGTGCAG-1	Epithelial	12
GAGGATGTCGATAGGG-1	Epithelial	18
GAGGATGTCGCATAAC-1	Epithelial	16
GAGGCTCAGACTCTTG-1	Stromal	9
GAGGCTCAGAGAGTAG-1	Epithelial	16
GAGGCTCAGTATACCC-1	Epithelial	13
GAGGCTCCAAAGCATA-1	Myeloid	17
GAGGCTCCAAGAAACT-1	Epithelial	18
GAGGCTCCAAGGAACC-1	Epithelial	11
GAGGCTCCAAGGGAGG-1	Epithelial	16
GAGGCTCCATTAGCCA-1	Epithelial	10
GAGGCTCGTAGCGGTA-1	T	4
GAGGCTCGTGCGTCCA-1	Myeloid	17
GAGGCTCGTTTAAGGA-1	Epithelial	6
GAGGCTCTCAAAGTAG-1	Epithelial	2
GAGGCTCTCCACCTAC-1	Epithelial	11
GAGGCTCTCTGACTTT-1	Epithelial	15
GAGGTCCAGACGCCCT-1	Epithelial	5
GAGGTCCAGGCCTCTG-1	Epithelial	10
GAGGTCCAGGTCCTCG-1	T	4
GAGGTCCCAGCAACAG-1	Stromal	8
GAGGTCCCATCATAGC-1	Epithelial	13
GAGGTCCGTACTATGC-1	Epithelial	14
GAGGTCCGTCAGTGCC-1	Epithelial	1
GAGGTCCGTGGTACTT-1	Epithelial	5
GAGGTCCGTTTGGATC-1	Epithelial	18
GAGGTCCTCAGTCTTT-1	Epithelial	10
GAGGTCCTCCAGGTCG-1	Myeloid	17
GAGGTCCTCCTTTGCG-1	Epithelial	6
GAGGTCCTCGTCCCTA-1	Epithelial	3
GAGGTCCTCTATCCTA-1	Epithelial	2
GAGTGAGAGACCCTAT-1	Epithelial	13
GAGTGAGAGCAACTGG-1	Myeloid	0
GAGTGAGAGCCCATTA-1	Epithelial	15
GAGTGAGAGTCGCCTG-1	Myeloid	17
GAGTGAGAGTTTACGC-1	Epithelial	3
GAGTGAGCAATGGCTT-1	Epithelial	13
GAGTGAGCACGCGCAT-1	Epithelial	14
GAGTGAGCATAGAATG-1	Myeloid	17
GAGTGAGCATCCCGGA-1	Epithelial	2
GAGTGAGGTCCAAGTT-1	Stromal	9
GAGTGAGGTCCTCAGG-1	T	4
GAGTGAGTCATACTTC-1	Epithelial	18
GAGTGAGTCATTCGGA-1	Myeloid	17
GAGTGAGTCGAACCGC-1	Epithelial	11
GAGTGAGTCGCGCTGA-1	Myeloid	17
GAGTGAGTCGTAGCGC-1	Stromal	8
GAGTGAGTCTCTTCTC-1	Epithelial	3
GAGTGAGTCTTGGCCT-1	Epithelial	2
GATCATGAGACACAAT-1	Epithelial	1
GATCATGAGACCTATC-1	Epithelial	15
GATCATGAGGAATGGA-1	Myeloid	17
GATCATGAGGGAGATA-1	Epithelial	2
GATCATGAGTATAGTG-1	Epithelial	3
GATCATGCAAGTAACA-1	Myeloid	17
GATCATGCAATGATGA-1	Epithelial	16
GATCATGCACACATGT-1	Epithelial	11
GATCATGCACATTCTT-1	Epithelial	11
GATCATGCACGATTAC-1	Epithelial	5
GATCATGCACGCCGAT-1	Epithelial	1
GATCATGCACGGCCAT-1	Epithelial	16
GATCATGCACTCAAGT-1	T	4
GATCATGGTAGATGAT-1	Epithelial	18
GATCATGGTAGGGTTG-1	Myeloid	17
GATCATGGTCAGTGTT-1	Myeloid	0
GATCATGGTCGACTGC-1	Epithelial	11
GATCATGGTTTCACCC-1	Epithelial	6
GATCATGTCCGGCTGA-1	Epithelial	1
GATCATGTCGGCAATT-1	Epithelial	6
GATCATGTCGGTTGTA-1	Epithelial	2
GATCATGTCTCGACCT-1	Epithelial	16
GATCGTAAGAAAGCAG-1	Epithelial	13
GATCGTAAGACTAGCG-1	Epithelial	2
GATCGTAAGCAGGACT-1	Epithelial	15
GATCGTAAGGGTTCCC-1	Epithelial	7
GATCGTACAAATGCTC-1	Epithelial	3
GATCGTACACAGATGG-1	Myeloid	17
GATCGTACACGACGAA-1	Epithelial	5
GATCGTACAGCGTCGT-1	Epithelial	15
GATCGTACAGTCAGAG-1	Epithelial	15
GATCGTACATTACTTC-1	Myeloid	0
GATCGTAGTCACCCGA-1	T	4
GATCGTAGTCCACCAG-1	Myeloid	0
GATCGTAGTCTGTTGA-1	Epithelial	5
GATCGTAGTGATAGAT-1	Myeloid	17
GATCGTAGTTCTGATG-1	Epithelial	3
GATCGTAGTTGGTAAA-1	Epithelial	5
GATCGTATCGGCATAT-1	Epithelial	1
GATCGTATCGTATAGC-1	Epithelial	14
GATCGTATCGTGCTGG-1	Myeloid	17
GATGATCAGGTGATGC-1	Epithelial	15
GATGATCAGTCGAAAT-1	Epithelial	10
GATGATCAGTTATGAG-1	Epithelial	19
GATGATCCAATTCAGC-1	Epithelial	10
GATGATCCACAGATGG-1	Epithelial	6
GATGATCCAGCGTACC-1	Epithelial	16
GATGATCCAGTATACC-1	Myeloid	17
GATGATCCATACTGCA-1	Epithelial	10
GATGATCGTAACGTAA-1	Epithelial	13
GATGATCGTAGCAGGT-1	Epithelial	5
GATGATCGTCCGAGCT-1	Epithelial	13
GATGATCGTGATCAGG-1	Epithelial	16
GATGATCGTTACTACG-1	Epithelial	3
GATGATCTCATACTTC-1	Epithelial	1
GATGATCTCCATACCC-1	Myeloid	0
GATGATCTCCGAGGAA-1	Epithelial	12
GATGATCTCCGTCAAA-1	Epithelial	1
GATGATCTCCTCATTA-1	Epithelial	6
GATGATCTCGCCAGAC-1	Epithelial	6
GATGATCTCGCTTACC-1	Epithelial	6
GATGATCTCGTGAACT-1	Epithelial	6
GATGATCTCTACTGCC-1	Epithelial	16
GATGATCTCTCCTTGG-1	Epithelial	15
GATGGCCAGAAGACTT-1	Stromal	8
GATGGCCAGAGCGGTT-1	Epithelial	13
GATGGCCAGCACGTAG-1	Epithelial	15
GATGGCCAGCCCATTA-1	Epithelial	6
GATGGCCAGTCGAGCA-1	T	4
GATGGCCAGTCTCCAA-1	Epithelial	11
GATGGCCAGTTACCAC-1	T	4
GATGGCCCAAGACTTC-1	Epithelial	15
GATGGCCCACACATGT-1	Epithelial	6
GATGGCCCAGCAACAG-1	Epithelial	18
GATGGCCCAGGTCCTG-1	Myeloid	17
GATGGCCGTACGCCCA-1	Epithelial	19
GATGGCCGTCTGAGCC-1	Myeloid	17
GATGGCCGTCTGGTCG-1	Epithelial	7
GATGGCCGTGCCAAGA-1	Epithelial	2
GATGGCCGTGCGCTCA-1	Epithelial	15
GATGGCCGTTAGTAGA-1	Stromal	8
GATGGCCGTTATGCAC-1	Myeloid	0
GATGGCCGTTGCTTGA-1	Epithelial	11
GATGGCCTCCACGAGC-1	Epithelial	19
GATGGCCTCCAGCACG-1	Epithelial	10
GATGGCCTCGCTTACC-1	Epithelial	15
GATGGCCTCTATACCT-1	Epithelial	10
GATTAGCAGAAGCCGT-1	Epithelial	10
GATTAGCAGGTCCTCG-1	Epithelial	16
GATTAGCAGTCCGTGC-1	Epithelial	19
GATTAGCCACAAACGG-1	Epithelial	2
GATTAGCCACCCTTAC-1	Epithelial	12
GATTAGCCAGAGTCGA-1	Myeloid	17
GATTAGCCAGCCACGT-1	Epithelial	15
GATTAGCCATGGCCTG-1	Epithelial	18
GATTAGCGTACCAAGG-1	T	4
GATTAGCGTAGATGAT-1	Epithelial	18
GATTAGCGTCTGTTGA-1	Epithelial	13
GATTAGCGTGGCCTTG-1	T	4
GATTAGCGTTTCTACT-1	Epithelial	12
GATTAGCTCATCGCTC-1	Epithelial	16
GATTAGCTCGGATAGG-1	T	4
GATTAGCTCGGCTATA-1	Epithelial	5
GATTGACAGATCTAAG-1	Epithelial	14
GATTGACAGGCATGCA-1	Epithelial	18
GATTGACAGGTACTCT-1	Epithelial	12
GATTGACCAAGGCTTT-1	Myeloid	17
GATTGACCAAGTAACA-1	Epithelial	16
GATTGACCACCAAGGA-1	Epithelial	18
GATTGACCACCGTCTT-1	Epithelial	5
GATTGACCAGCACATT-1	Epithelial	1
GATTGACCAGGTAACG-1	Epithelial	16
GATTGACCATTGATGC-1	Epithelial	2
GATTGACGTGCGACCT-1	Epithelial	18
GATTGACGTTATGCAC-1	Epithelial	14
GATTGACTCCCAATAG-1	Epithelial	19
GATTGACTCTTGTACT-1	Myeloid	17
GCAAAGGAGACTAGCG-1	Epithelial	18
GCAAAGGAGGAGAACA-1	Epithelial	16
GCAAAGGAGTTAGCGG-1	Epithelial	5
GCAAAGGCAACTTGGT-1	Myeloid	0
GCAAAGGCAAGACTAA-1	T	4
GCAAAGGCAATTGTGC-1	Epithelial	15
GCAAAGGCACTCAGCG-1	Epithelial	19
GCAAAGGCATCCCGGA-1	Epithelial	15
GCAAAGGCATCCCTCA-1	Myeloid	0
GCAAAGGCATTCGTCC-1	Myeloid	17
GCAAAGGGTACTAGAA-1	Epithelial	18
GCAAAGGGTCAACGGA-1	Epithelial	16
GCAAAGGGTCATTGCA-1	T	4
GCAAAGGGTGCATCAT-1	T	4
GCAAAGGGTTCCCGGA-1	Epithelial	13
GCAAAGGGTTGGACGA-1	Epithelial	2
GCAAAGGTCAGCCGAC-1	Myeloid	0
GCAAAGGTCATTCGGA-1	Epithelial	5
GCAAAGGTCCATACGA-1	Epithelial	3
GCAAAGGTCGTCTAGA-1	Myeloid	0
GCAACCGAGCGTTAGG-1	T	4
GCAACCGAGGACCGAT-1	Epithelial	13
GCAACCGAGTCGATAA-1	Epithelial	13
GCAACCGAGTGCACAG-1	Epithelial	16
GCAACCGCAATGGTCT-1	Epithelial	6
GCAACCGCACAACGGA-1	Epithelial	14
GCAACCGCACACGGTC-1	Epithelial	18
GCAACCGCACCCTTTG-1	Epithelial	13
GCAACCGCACGCTGTG-1	Epithelial	6
GCAACCGCAGCACATT-1	Epithelial	13
GCAACCGGTAGTACAA-1	Epithelial	3
GCAACCGGTCAACGGA-1	Myeloid	0
GCAACCGGTCGTAATC-1	Epithelial	3
GCAACCGGTGCAACAG-1	Epithelial	11
GCAACCGGTGCACATT-1	Myeloid	0
GCAACCGTCCAATCCC-1	Epithelial	19
GCAACCGTCCGGGCAT-1	Epithelial	3
GCAACCGTCGACTGGC-1	Epithelial	7
GCAACCGTCTACCCGT-1	Epithelial	14
GCACCTTAGCACACCC-1	Epithelial	13
GCACCTTAGCTAGTTC-1	Epithelial	11
GCACCTTAGGTTTCTG-1	Epithelial	6
GCACCTTAGTTCAAGA-1	Epithelial	6
GCACCTTCATGGCCCA-1	Epithelial	1
GCACCTTCATTGTGAC-1	Epithelial	16
GCACCTTGTCAAGACG-1	Epithelial	12
GCACCTTGTGTCCTTC-1	Stromal	9
GCACCTTGTTCCCTTG-1	Myeloid	17
GCACCTTGTTGTCGGC-1	Epithelial	16
GCACCTTGTTTAGACC-1	Epithelial	16
GCACCTTTCATTGCCC-1	Epithelial	15
GCACCTTTCCGAGAGA-1	Epithelial	11
GCACCTTTCGGCATAT-1	Stromal	9
GCACGCAAGAACGTCG-1	Epithelial	15
GCACGCAAGATTACGA-1	Epithelial	10
GCACGCAAGGGTGTTG-1	Epithelial	18
GCACGCACAGAGCCAA-1	Epithelial	7
GCACGCACATCGGCCA-1	Epithelial	13
GCACGCAGTCACAGTT-1	Myeloid	0
GCACGCAGTCCAGACC-1	Myeloid	17
GCACGCATCACCACAA-1	Epithelial	1
GCACGCATCCACGAGC-1	Epithelial	5
GCACGCATCGACGGAA-1	Epithelial	1
GCACGCATCGCCGAAC-1	Epithelial	5
GCACGCATCGTGGAAG-1	Epithelial	6
GCACGCATCTCTGACC-1	Epithelial	13
GCACGGTAGCAACTGG-1	Epithelial	12
GCACGGTAGCTGCCAC-1	Stromal	9
GCACGGTAGTACGCGA-1	Epithelial	1
GCACGGTCAACGTCGC-1	T	4
GCACGGTCACCTGAAT-1	Epithelial	1
GCACGGTCATAGGCGA-1	Stromal	9
GCACGGTGTATTGTGC-1	Epithelial	7
GCACGGTGTCGGCTGT-1	Epithelial	12
GCACGGTGTTGAATAG-1	Epithelial	10
GCACGGTTCGAACCGC-1	Epithelial	7
GCACGGTTCGAGAACG-1	Epithelial	13
GCACGGTTCGGATCGC-1	Epithelial	10
GCACGGTTCTCGTGAA-1	Epithelial	1
GCAGATTAGCCCATGC-1	Epithelial	10
GCAGATTAGCCTGTAT-1	Epithelial	18
GCAGATTAGTGTCCCG-1	Epithelial	3
GCAGATTCACGTTGTA-1	Epithelial	5
GCAGATTCATGGTTTG-1	Stromal	9
GCAGATTGTAGTTTGC-1	T	4
GCAGATTGTCACATTG-1	Epithelial	3
GCAGATTGTCTCGGGT-1	Myeloid	0
GCAGATTGTGGAAGCT-1	Epithelial	2
GCAGATTGTGGTAGAC-1	Myeloid	17
GCAGATTGTTACCACA-1	Epithelial	11
GCAGATTGTTGAATAG-1	Epithelial	16
GCAGATTTCAAGAGAT-1	Epithelial	16
GCAGATTTCACGATTG-1	T	4
GCAGATTTCAGTTGAC-1	Epithelial	10
GCAGATTTCCATACCC-1	Epithelial	10
GCAGATTTCTGGACAT-1	Myeloid	17
GCAGATTTCTGTAGAC-1	Epithelial	13
GCAGCCAAGACTAATG-1	T	4
GCAGCCAAGTGTGTAA-1	Myeloid	17
GCAGCCACAAGCCTTA-1	Epithelial	10
GCAGCCACAAGTCCTA-1	Epithelial	2
GCAGCCACAATCAGGG-1	Epithelial	15
GCAGCCACAGCCGAAA-1	Epithelial	16
GCAGCCACATAGCCAT-1	T	4
GCAGCCACATCAACTG-1	Epithelial	19
GCAGCCAGTACGTAGG-1	Epithelial	2
GCAGCCAGTGGAAAGA-1	Epithelial	15
GCAGCCAGTGGATTCT-1	Epithelial	2
GCAGCCAGTGTGAGGT-1	Epithelial	15
GCAGCCATCAGCACGC-1	Epithelial	18
GCAGCCATCAGTCACA-1	Epithelial	18
GCAGCCATCGATAGGG-1	Epithelial	18
GCAGCCATCTCCAACC-1	T	4
GCAGCTGAGACACGGT-1	T	4
GCAGCTGAGCGAGCTA-1	Epithelial	18
GCAGCTGAGCGTGTTT-1	Myeloid	0
GCAGCTGCAACCTCTC-1	Myeloid	17
GCAGCTGCACTAGGAG-1	Epithelial	16
GCAGCTGCAGTTGCAT-1	Epithelial	3
GCAGCTGCATTGCCTC-1	Epithelial	12
GCAGCTGCATTGTGAC-1	Epithelial	6
GCAGCTGGTCACTCTC-1	Myeloid	0
GCAGCTGGTCATCAAC-1	Myeloid	17
GCAGCTGGTTACGCTA-1	Epithelial	1
GCAGCTGGTTGAATAG-1	T	4
GCAGCTGTCCTGACCT-1	Epithelial	2
GCAGCTGTCGAGAAGC-1	Epithelial	6
GCATGATAGATCGAGC-1	Epithelial	11
GCATGATAGGTAGGCT-1	Epithelial	6
GCATGATAGTTGCGCC-1	Epithelial	6
GCATGATCAAGGTCGA-1	Epithelial	11
GCATGATCAGCAAACG-1	Epithelial	15
GCATGATCAGGACTGA-1	Stromal	8
GCATGATGTAGATGAT-1	Epithelial	6
GCATGATGTCAACTAC-1	Epithelial	7
GCATGATGTCGTCGCA-1	Epithelial	2
GCATGATGTTGAAGCG-1	Myeloid	0
GCATGATTCCGATTGA-1	Myeloid	0
GCATGATTCCTCCCAA-1	Epithelial	16
GCATGATTCTGGAAGG-1	Epithelial	6
GCATGATTCTTCACTA-1	Epithelial	14
GCATTCCAGAACTAAC-1	Epithelial	15
GCATTCCAGAGCTGTG-1	Epithelial	16
GCATTCCAGCGCGTTC-1	Epithelial	16
GCATTCCAGTCGAAAT-1	Epithelial	3
GCATTCCAGTGTAATG-1	Myeloid	17
GCATTCCCAAGGAGGG-1	Epithelial	12
GCATTCCCACATCATG-1	Epithelial	12
GCATTCCCACGCGCAT-1	Myeloid	0
GCATTCCGTAGACACG-1	Epithelial	11
GCATTCCTCAGGAAGC-1	Epithelial	10
GCATTCCTCATTCATC-1	Epithelial	3
GCATTCCTCCATATCT-1	Myeloid	0
GCATTCCTCGGGCTCA-1	Myeloid	17
GCATTGAAGAACCATA-1	Epithelial	6
GCATTGAAGGGAGTTC-1	Epithelial	11
GCATTGAAGGGCTCTC-1	Epithelial	11
GCATTGACAAAGCTGG-1	Stromal	9
GCATTGACAGAATGCG-1	Epithelial	5
GCATTGACATGTGGGA-1	Epithelial	3
GCATTGAGTCACATTG-1	Myeloid	0
GCATTGAGTTAGGAGC-1	Epithelial	15
GCATTGATCGAACACT-1	Epithelial	1
GCATTGATCGACCCGA-1	Epithelial	5
GCCAGACAGAGCTACG-1	Epithelial	1
GCCAGACAGGAGTACC-1	Epithelial	1
GCCAGACAGTCATACC-1	Epithelial	19
GCCAGACCAAGCTTTG-1	T	4
GCCAGACCACGGTTAT-1	T	4
GCCAGACCAGGTTATC-1	Epithelial	12
GCCAGACCAGTTACAC-1	Stromal	8
GCCAGACCATTGTGAC-1	Epithelial	7
GCCAGACGTAGGGTTG-1	T	4
GCCAGACGTCTGAGCC-1	T	4
GCCAGACGTGCGCATC-1	Myeloid	17
GCCAGACGTTTGTGAC-1	Epithelial	12
GCCAGACTCGCCCTTA-1	Epithelial	7
GCCAGACTCGGTCTAA-1	Epithelial	1
GCCAGACTCGTTCTAT-1	Epithelial	16
GCCAGACTCTTCAGAG-1	Epithelial	15
GCCAGCAAGACAACGC-1	Epithelial	6
GCCAGCAAGAGCGGTT-1	Epithelial	13
GCCAGCAAGCGCGTTC-1	Epithelial	16
GCCAGCAAGCTAACAA-1	Myeloid	0
GCCAGCAAGGACTTTC-1	Epithelial	16
GCCAGCAAGGGTTCTT-1	Epithelial	5
GCCAGCAAGTAACTCC-1	Epithelial	16
GCCAGCACAAGGCGTA-1	Epithelial	5
GCCAGCACACCCATCT-1	Epithelial	3
GCCAGCACAGGCATTT-1	T	4
GCCAGCAGTAAAGGCC-1	Epithelial	18
GCCAGCAGTAACGGAC-1	Epithelial	10
GCCAGCAGTACGAGAC-1	T	4
GCCAGCAGTCCATTGA-1	T	4
GCCAGCAGTCCCTAAA-1	Epithelial	5
GCCAGCAGTTACGGAG-1	Stromal	8
GCCAGCAGTTGTGAGG-1	Epithelial	3
GCCAGCATCACCGCGA-1	Epithelial	18
GCCAGCATCAGCGGTC-1	Epithelial	18
GCCAGCATCATTCGGA-1	Stromal	8
GCCAGCATCGAAGCCC-1	Epithelial	6
GCCAGCATCGCTCGGA-1	Epithelial	11
GCCATAAAGAAATACC-1	Epithelial	16
GCCATAAAGGAAGAAC-1	Epithelial	16
GCCATAAAGGAGACTC-1	Epithelial	3
GCCATAAAGGGCTTCC-1	Epithelial	5
GCCATAAAGTCGCCTG-1	Myeloid	17
GCCATAACAACACGGA-1	Epithelial	1
GCCATAACAAGACTTC-1	Stromal	9
GCCATAACACCACCAG-1	Epithelial	16
GCCATAACAGATACAA-1	Epithelial	14
GCCATAAGTATTCTGG-1	Myeloid	0
GCCATAAGTCATAGCT-1	Epithelial	3
GCCATAAGTCCGTGCA-1	Stromal	9
GCCATAAGTCGATAGG-1	Epithelial	15
GCCATAAGTTCATTTC-1	Epithelial	19
GCCATAATCAAACCAC-1	Epithelial	15
GCCATAATCCACGAGC-1	Epithelial	12
GCCATAATCCCTATTA-1	Epithelial	15
GCCATAATCTAGCTGA-1	Myeloid	17
GCCCAGAAGACAACGC-1	Epithelial	3
GCCCAGAAGAGTTTGA-1	Epithelial	15
GCCCAGAAGGAAACTT-1	Epithelial	13
GCCCAGAAGGGTTCCC-1	T	4
GCCCAGACAAAGGTCG-1	Myeloid	17
GCCCAGACAACGACAG-1	Epithelial	10
GCCCAGACAAGCAATA-1	T	4
GCCCAGACACTCCACT-1	Stromal	9
GCCCAGACAGGCAGAT-1	Epithelial	18
GCCCAGACATTATGGC-1	Epithelial	5
GCCCAGAGTAAACCCT-1	Stromal	8
GCCCAGAGTAGCGAGT-1	Epithelial	11
GCCCAGAGTCAATACC-1	T	4
GCCCAGAGTTACCACA-1	Epithelial	5
GCCCAGAGTTCCCTTG-1	Epithelial	2
GCCCAGATCCCAATGA-1	Epithelial	3
GCCCAGATCCCTACCA-1	Epithelial	3
GCCCAGATCTCTGTTA-1	T	4
GCCCAGATCTGGACAT-1	Myeloid	17
GCCCGAAAGGATTGCG-1	T	4
GCCCGAAAGGTTAACA-1	Epithelial	1
GCCCGAACAAAGGCCA-1	Epithelial	2
GCCCGAACAACGTAGG-1	Epithelial	13
GCCCGAACACTGGGCT-1	Epithelial	2
GCCCGAACATGGTTTG-1	Epithelial	19
GCCCGAAGTACATGGG-1	Epithelial	10
GCCCGAAGTACGTAAA-1	Epithelial	5
GCCCGAAGTGCATTGT-1	T	4
GCCCGAAGTGCGTAGA-1	Epithelial	12
GCCCGAAGTTTCGATG-1	Epithelial	11
GCCCGAATCCAGTACA-1	Myeloid	17
GCCCGAATCCCTAAAG-1	Epithelial	11
GCCCGAATCGCCTTAC-1	Epithelial	13
GCCCGAATCTCGCGGA-1	T	4
GCCCGAATCTCGTGAA-1	Epithelial	16
GCCTACTAGAAGAGTG-1	Myeloid	17
GCCTACTAGAGGTCCA-1	Epithelial	15
GCCTACTAGCATTCCA-1	Epithelial	3
GCCTACTAGGCGCTTC-1	Epithelial	7
GCCTACTAGGTTGACG-1	Myeloid	0
GCCTACTAGTAGTGTA-1	Epithelial	6
GCCTACTAGTTCAACC-1	Epithelial	18
GCCTACTCAAACCGAG-1	Myeloid	0
GCCTACTCAAGGAACC-1	Epithelial	13
GCCTACTCACATAAAG-1	Epithelial	18
GCCTACTCACTCAAGT-1	T	4
GCCTACTCATAGCAGG-1	Epithelial	1
GCCTACTCATTGCCTC-1	Epithelial	1
GCCTACTCATTTAGGC-1	Myeloid	17
GCCTACTGTGATAACA-1	Epithelial	11
GCCTACTGTGATGTGG-1	Epithelial	3
GCCTACTGTGCATTGT-1	Epithelial	12
GCCTACTGTGGAAAGA-1	Stromal	8
GCCTACTGTGTCTCGG-1	Epithelial	2
GCCTACTGTTGCCGCA-1	Epithelial	16
GCCTACTTCCAGAGAG-1	Epithelial	10
GCCTACTTCCGGACTG-1	Epithelial	19
GCCTACTTCGAGTGTT-1	Myeloid	0
GCCTACTTCGTTCAGA-1	Epithelial	19
GCCTACTTCTCAGATG-1	Myeloid	17
GCCTAGGAGACGCCAA-1	T	4
GCCTAGGAGAGAATTC-1	Epithelial	3
GCCTAGGAGATGTTGA-1	Epithelial	5
GCCTAGGCAAAGCTGG-1	Epithelial	18
GCCTAGGCAAAGGAAG-1	Myeloid	0
GCCTAGGCAATAGCGG-1	Epithelial	3
GCCTAGGCATAGCCAT-1	Epithelial	5
GCCTAGGGTAATGCCT-1	Epithelial	1
GCCTAGGGTTAGGCTT-1	Epithelial	12
GCCTAGGTCTGGAAGG-1	Epithelial	16
GCCTAGGTCTGGCCAG-1	Epithelial	10
GCGAGAAAGCTGGAGT-1	Epithelial	16
GCGAGAAAGGCGTCCT-1	Stromal	9
GCGAGAAAGTCTGCTA-1	Myeloid	0
GCGAGAACACTGTCGG-1	Epithelial	16
GCGAGAACAGAACGAC-1	Epithelial	16
GCGAGAACAGAGAGAA-1	Myeloid	17
GCGAGAACATAGACGG-1	Epithelial	6
GCGAGAAGTAGTCTGT-1	Myeloid	17
GCGAGAAGTTACTTTC-1	Epithelial	16
GCGAGAAGTTCATTTC-1	Epithelial	1
GCGAGAAGTTCTTAGG-1	Stromal	9
GCGAGAAGTTTAGGAA-1	Epithelial	13
GCGAGAATCAAGTTGC-1	Epithelial	13
GCGAGAATCCAGGCCA-1	Epithelial	16
GCGAGAATCCGGACTG-1	Epithelial	1
GCGAGAATCTTCCGTG-1	Epithelial	11
GCGAGTCAGAACCATA-1	Epithelial	5
GCGAGTCAGGAGTAGA-1	Epithelial	10
GCGAGTCAGGATGTCG-1	T	4
GCGAGTCAGGCACTAG-1	T	4
GCGAGTCCACACACCG-1	Epithelial	2
GCGAGTCCAGTAGTTC-1	Stromal	9
GCGAGTCCATCGGCCA-1	Epithelial	2
GCGAGTCCATTGATGC-1	Epithelial	7
GCGAGTCGTAAGCCTT-1	Epithelial	10
GCGAGTCGTCACTCTC-1	Myeloid	0
GCGAGTCGTGCGTTTA-1	Epithelial	10
GCGAGTCGTGGAAGCT-1	Epithelial	7
GCGAGTCGTGGTTCTA-1	Myeloid	17
GCGAGTCGTTACTACG-1	Epithelial	11
GCGAGTCGTTCTACGA-1	Epithelial	6
GCGAGTCTCAATTCCT-1	Epithelial	2
GCGAGTCTCAGCACTA-1	Epithelial	15
GCGAGTCTCCGATGCG-1	T	4
GCGAGTCTCGATCGCG-1	Epithelial	5
GCGAGTCTCTATATCC-1	Stromal	9
GCGAGTCTCTTAATCC-1	Epithelial	3
GCGATCGAGAGAGTTT-1	Epithelial	12
GCGATCGAGCAGGAGG-1	Epithelial	1
GCGATCGAGGAAGGTA-1	Epithelial	11
GCGATCGAGGCGACTA-1	Epithelial	7
GCGATCGAGGGATCCA-1	T	4
GCGATCGAGTGGACGT-1	Epithelial	5
GCGATCGCAAGCCTTA-1	Epithelial	2
GCGATCGCAATAGTGA-1	Epithelial	16
GCGATCGCACAAGTGG-1	Epithelial	18
GCGATCGCACGAACGA-1	Myeloid	17
GCGATCGGTAGCAGCA-1	Epithelial	18
GCGATCGGTCATTGCA-1	T	4
GCGATCGGTGAGTTGG-1	Epithelial	12
GCGATCGGTGATAAGT-1	Epithelial	5
GCGATCGGTGCCCTAG-1	Epithelial	2
GCGATCGGTTCCATCC-1	Epithelial	7
GCGATCGTCAGATACC-1	Epithelial	3
GCGATCGTCATGTTCT-1	Epithelial	16
GCGATCGTCGGTTCCT-1	Epithelial	2
GCGATCGTCTCTGTTA-1	Epithelial	13
GCGATCGTCTTCAGAG-1	Myeloid	0
GCGATTAAGACACGGT-1	Myeloid	17
GCGATTAAGATTGACA-1	Stromal	9
GCGATTAAGGCCAATG-1	Epithelial	10
GCGATTAAGGCGACTA-1	Epithelial	15
GCGATTACAACGTACT-1	Epithelial	13
GCGATTACAAGCAATA-1	Epithelial	19
GCGATTACACAGAAGC-1	Epithelial	15
GCGATTACACCACAGC-1	Epithelial	11
GCGATTACACGCCGAT-1	Epithelial	18
GCGATTACACTGTTAG-1	Epithelial	3
GCGATTACATATTGGC-1	Epithelial	15
GCGATTACATGGTATC-1	Myeloid	0
GCGATTACATTCACCC-1	Myeloid	0
GCGATTAGTAGCAGGT-1	Epithelial	3
GCGATTAGTATTGTCG-1	Myeloid	17
GCGATTAGTGAGTTGG-1	Epithelial	15
GCGATTAGTGCATTCA-1	Epithelial	3
GCGATTAGTGTCCAGC-1	Epithelial	7
GCGATTAGTTCAGAAA-1	Epithelial	18
GCGATTAGTTCCTATT-1	Epithelial	6
GCGATTATCAGGAAGC-1	Epithelial	18
GCGATTATCAGGTTTG-1	Epithelial	5
GCGATTATCCCACTTG-1	Epithelial	13
GCGATTATCCCGGGTA-1	Epithelial	19
GCGATTATCGCCGAAC-1	Epithelial	13
GCGATTATCGTTGTAG-1	Epithelial	18
GCGCATGAGAACGACC-1	Epithelial	19
GCGCATGAGATCTCAC-1	Epithelial	10
GCGCATGCACAGTTCA-1	T	4
GCGCATGCATGGGTGA-1	Epithelial	11
GCGCATGCATTTAGGC-1	Epithelial	5
GCGCATGGTCGACTGC-1	Epithelial	7
GCGCATGGTCTAACCA-1	Stromal	8
GCGCATGGTTACGCTA-1	Epithelial	11
GCGCATGGTTAGGAGC-1	Epithelial	16
GCGCATGTCACCCGGA-1	Epithelial	6
GCGCATGTCAGCACTA-1	Myeloid	17
GCGCATGTCAGTCACA-1	Myeloid	17
GCGCATGTCCCAGCGA-1	Epithelial	13
GCGCATGTCGATAGCT-1	Epithelial	16
GCGCATGTCGCGGCAT-1	Epithelial	18
GCGCATGTCTCGGCGA-1	Epithelial	7
GCGCCAAAGATGTTGA-1	Epithelial	6
GCGCCAAAGGATTAAC-1	Epithelial	19
GCGCCAAAGTACAGAT-1	Epithelial	1
GCGCCAACAAGAGATT-1	T	4
GCGCCAACAAGATGCG-1	Epithelial	15
GCGCCAACAATTAGGA-1	Epithelial	5
GCGCCAACAATTGCCA-1	Epithelial	15
GCGCCAACATTGATGC-1	Epithelial	18
GCGCCAAGTAGAAGCC-1	Epithelial	15
GCGCCAAGTGACCAGA-1	Epithelial	13
GCGCCAAGTTAACCGT-1	Myeloid	17
GCGCCAATCCATAACG-1	Epithelial	2
GCGCCAATCGCTTCAC-1	Stromal	9
GCGCCAATCTCAGATG-1	Epithelial	18
GCGGAAAAGAAAGCAG-1	Epithelial	19
GCGGAAAAGAAGGGCG-1	Epithelial	3
GCGGAAAAGACACGGT-1	Myeloid	0
GCGGAAAAGCAGAATT-1	Epithelial	1
GCGGAAAAGCCGCAAA-1	Epithelial	6
GCGGAAAAGCCTCGCA-1	Epithelial	6
GCGGAAAAGGCCTCTG-1	Epithelial	12
GCGGAAAAGTCAGCCC-1	Epithelial	15
GCGGAAACACATTCTT-1	Myeloid	17
GCGGAAACACATTGCA-1	Myeloid	17
GCGGAAACACTGTCAA-1	Epithelial	2
GCGGAAACATTAAGGA-1	Myeloid	0
GCGGAAAGTAGAAAGG-1	Epithelial	16
GCGGAAAGTCAGGCTC-1	Epithelial	2
GCGGAAAGTGGTAAGC-1	Myeloid	0
GCGGAAAGTGTGTGTT-1	Epithelial	14
GCGGAAAGTTCCCTTG-1	Epithelial	11
GCGGAAAGTTGGGAAC-1	Epithelial	11
GCGGAAATCCCGTATC-1	Epithelial	3
GCGGAAATCGCGCTGA-1	Epithelial	19
GCGGAAATCGGTTGTA-1	Myeloid	0
GCGGAAATCGTGGGTC-1	Myeloid	17
GCGGGTTAGAGGCGGA-1	Epithelial	11
GCGGGTTAGATGTTCC-1	T	4
GCGGGTTAGCAATAAC-1	Epithelial	13
GCGGGTTAGCGAGCTA-1	Epithelial	12
GCGGGTTAGGACCGAT-1	Epithelial	18
GCGGGTTAGGATATCA-1	Epithelial	14
GCGGGTTAGGTTGTGG-1	Epithelial	18
GCGGGTTCAACTCGAT-1	Stromal	8
GCGGGTTCAATACTGC-1	Epithelial	7
GCGGGTTCAATCCATG-1	Myeloid	0
GCGGGTTCACAGTTCA-1	Epithelial	14
GCGGGTTCATACCCGG-1	Epithelial	10
GCGGGTTCATGGTATC-1	Epithelial	3
GCGGGTTGTACGACCC-1	Epithelial	7
GCGGGTTGTCCCGAGT-1	Epithelial	3
GCGGGTTGTTAGCTCA-1	Epithelial	6
GCGGGTTTCGCAACTA-1	Epithelial	5
GCGGGTTTCTAAACGC-1	Epithelial	16
GCGGTGTAGGCAATTA-1	Myeloid	0
GCGGTGTAGTAACTCC-1	Epithelial	18
GCGGTGTAGTAGACCG-1	Myeloid	17
GCGGTGTAGTGATATG-1	Epithelial	15
GCGGTGTCAAAGCTGG-1	Epithelial	18
GCGGTGTCAGCGCGTT-1	Myeloid	17
GCGGTGTGTAACCATC-1	Epithelial	14
GCGGTGTGTATCCCTC-1	Epithelial	12
GCGGTGTGTCAACGGA-1	Epithelial	5
GCGGTGTGTCCTATTT-1	Epithelial	10
GCGGTGTGTTTGGATC-1	Epithelial	11
GCGGTGTTCAGGCCGT-1	Epithelial	16
GCGGTGTTCAGTGTAC-1	Epithelial	1
GCGGTGTTCGATATGC-1	Epithelial	1
GCGTAGCAGAATATCG-1	T	4
GCGTAGCAGAGGAATG-1	Epithelial	15
GCGTAGCAGGCTTAAA-1	Epithelial	6
GCGTAGCAGGTAGGAA-1	Epithelial	6
GCGTAGCAGTAGAAGG-1	T	4
GCGTAGCAGTGAATAC-1	T	4
GCGTAGCAGTTAGAGT-1	Epithelial	18
GCGTAGCCACTGCTCT-1	Epithelial	19
GCGTAGCCACTGTTAG-1	Epithelial	15
GCGTAGCCAGCGTAGA-1	Epithelial	19
GCGTAGCGTAGAAGCC-1	Myeloid	0
GCGTAGCGTCATAAGA-1	Epithelial	16
GCGTAGCGTGTCGTCG-1	Epithelial	6
GCGTAGCTCACCGCGA-1	Myeloid	0
GCGTAGCTCAGAGTGG-1	Epithelial	11
GCGTAGCTCGATAGTC-1	Epithelial	7
GCGTAGCTCGGGAAAC-1	Epithelial	3
GCGTAGCTCGTCTTAT-1	Epithelial	13
GCGTAGCTCTATCCTA-1	Epithelial	15
GCGTAGCTCTCTTCTC-1	Epithelial	11
GCGTTGGAGCCTTTGA-1	Epithelial	15
GCGTTGGAGCTTTCCC-1	Epithelial	16
GCGTTGGAGGAGTCTG-1	Epithelial	2
GCGTTGGAGGTCTTGT-1	Epithelial	1
GCGTTGGCAAACGTTC-1	Epithelial	3
GCGTTGGCAAGCACTT-1	Epithelial	18
GCGTTGGCACGTTGTA-1	Myeloid	17
GCGTTGGCAGGCAGAT-1	Epithelial	6
GCGTTGGCATCCCTTG-1	Epithelial	15
GCGTTGGGTAATGTGA-1	Epithelial	14
GCGTTGGGTATACGCT-1	Epithelial	18
GCGTTGGGTCGAGGAT-1	Epithelial	18
GCGTTGGGTGGAAGCT-1	Epithelial	16
GCGTTGGGTGGTCGAA-1	Myeloid	17
GCGTTGGGTTGCCGCA-1	Epithelial	16
GCGTTGGTCAGAGTGG-1	Epithelial	3
GCGTTGGTCGTTCAGA-1	Epithelial	10
GCTCACTAGAATGCTA-1	Epithelial	16
GCTCACTAGAGGAATG-1	Epithelial	13
GCTCACTAGTTGCGCC-1	Epithelial	5
GCTCACTCAAGGAGGG-1	Epithelial	10
GCTCACTCATACAACC-1	Epithelial	13
GCTCACTCATGTAGAA-1	Epithelial	5
GCTCACTGTAAACGGC-1	Epithelial	15
GCTCACTGTAGGGTTG-1	Epithelial	15
GCTCACTGTATTCGCA-1	Epithelial	11
GCTCACTGTGGGTAGT-1	Myeloid	17
GCTCACTGTTCTGAGT-1	Epithelial	18
GCTCACTTCGCTATTT-1	Epithelial	2
GCTCACTTCTGGAAGG-1	Epithelial	19
GCTCAGGCAAACCTAC-1	Myeloid	17
GCTCAGGCAACTGCGC-1	Epithelial	3
GCTCAGGCAGTAGGCA-1	Epithelial	16
GCTCAGGGTAACCCAT-1	Epithelial	16
GCTCAGGGTCAAACAA-1	Epithelial	12
GCTCAGGGTTCCCAAA-1	T	4
GCTCAGGGTTTCGACA-1	Epithelial	7
GCTCAGGTCACACGTA-1	Myeloid	17
GCTCAGGTCGCAGATT-1	Epithelial	12
GCTCAGGTCGCCGAAC-1	Epithelial	3
GCTCAGGTCTTCGTTA-1	Epithelial	15
GCTCCTAAGAGCTGTG-1	Epithelial	14
GCTCCTAAGATCGCCC-1	Epithelial	19
GCTCCTAAGTGAGTGC-1	Epithelial	12
GCTCCTACACGCGACT-1	Epithelial	5
GCTCCTACACTGCTTC-1	Epithelial	12
GCTCCTAGTACGCAAG-1	Myeloid	17
GCTCCTAGTGTTGTTG-1	Myeloid	0
GCTCCTAGTTGGTAAA-1	Epithelial	5
GCTCCTATCACCGCGA-1	Epithelial	5
GCTCCTATCAGTCAAC-1	T	4
GCTCCTATCCTGAAAC-1	Epithelial	15
GCTCCTATCGCTTACC-1	Epithelial	6
GCTCCTATCTTCCGTG-1	T	4
GCTCGAGAGCGGACAT-1	Myeloid	17
GCTCGAGAGTATACGA-1	Epithelial	12
GCTCGAGCAAACGTTC-1	Stromal	9
GCTCGAGCAGATGGCA-1	Epithelial	12
GCTCGAGCAGCGTCGT-1	Stromal	8
GCTCGAGGTCATAGAA-1	Epithelial	16
GCTCGAGGTCATCAAC-1	Epithelial	1
GCTCGAGGTCTGCACG-1	Epithelial	7
GCTCGAGTCACCGCGA-1	Epithelial	2
GCTCGAGTCATCGCAA-1	Epithelial	2
GCTCGAGTCATCGCTC-1	Epithelial	6
GCTCGAGTCGATAGCT-1	Epithelial	13
GCTCGAGTCGATATGC-1	Epithelial	15
GCTCGAGTCGCTTCAC-1	Myeloid	0
GCTCGAGTCGTAGCGC-1	Epithelial	2
GCTGAGCAGAAATCTG-1	Epithelial	12
GCTGAGCAGCACCATT-1	Myeloid	17
GCTGAGCAGGTACATA-1	T	4
GCTGAGCCAGAGCCAA-1	Epithelial	11
GCTGAGCCAGGGTACA-1	Epithelial	16
GCTGAGCGTATCAGCT-1	Myeloid	17
GCTGAGCGTCAACGGA-1	Epithelial	6
GCTGAGCGTCAGAAGC-1	Epithelial	16
GCTGAGCGTCGTAGTT-1	Epithelial	2
GCTGAGCGTTGCTTGA-1	Epithelial	3
GCTGAGCGTTTCACCC-1	Myeloid	17
GCTGAGCGTTTCCTAT-1	Epithelial	6
GCTGAGCTCAATTCCT-1	Myeloid	17
GCTGAGCTCATACTTC-1	Epithelial	16
GCTGCGAAGTAATGTG-1	Epithelial	6
GCTGCGACAAGGCGTA-1	Epithelial	16
GCTGCGACAAGTAACA-1	Epithelial	18
GCTGCGACAGCTTACA-1	Epithelial	18
GCTGCGACATCACAGT-1	Stromal	9
GCTGCGAGTACGGTTT-1	Epithelial	3
GCTGCGAGTCTGGGAA-1	Epithelial	3
GCTGCGAGTGATCAGG-1	Epithelial	13
GCTGCGAGTTGCCTGG-1	Epithelial	1
GCTGCGAGTTTAAGGA-1	Epithelial	3
GCTGCGATCTTCCAGC-1	Epithelial	11
GCTGTTCAGAAATACC-1	Myeloid	0
GCTGTTCAGCCCATTA-1	Epithelial	15
GCTGTTCAGGCAATTA-1	Epithelial	18
GCTGTTCAGTTGCGCC-1	Epithelial	3
GCTGTTCCAAATAGTG-1	T	4
GCTGTTCCACGCGATC-1	Epithelial	18
GCTGTTCCACGCTAAT-1	Epithelial	15
GCTGTTCCAGAAAGAG-1	Epithelial	11
GCTGTTCCAGGTCTGC-1	T	4
GCTGTTCCATCCTCGT-1	Epithelial	2
GCTGTTCGTAGCAGGT-1	Epithelial	10
GCTGTTCGTCGTAATC-1	Epithelial	12
GCTGTTCGTTCCGGCA-1	Myeloid	0
GCTGTTCGTTGCAGAG-1	Epithelial	11
GCTGTTCGTTTCGATG-1	Stromal	9
GCTGTTCTCACAGGGA-1	Epithelial	16
GCTGTTCTCCGCCTAT-1	Epithelial	5
GCTTAAGAGAAGCCGT-1	Epithelial	16
GCTTAAGAGAGTTTGA-1	Epithelial	3
GCTTAAGAGCCTTTGA-1	Myeloid	0
GCTTAAGAGCTCGTTA-1	Epithelial	7
GCTTAAGAGGATCCTT-1	Epithelial	14
GCTTAAGAGTGCACAG-1	Epithelial	11
GCTTAAGAGTTACACC-1	Epithelial	2
GCTTAAGCACCAAGGA-1	Epithelial	2
GCTTAAGCATCCTCGT-1	T	4
GCTTAAGGTAACTCCA-1	Epithelial	10
GCTTAAGGTATTCTTC-1	Epithelial	16
GCTTAAGGTCGTAGTT-1	Epithelial	18
GCTTAAGTCAGTGGTT-1	Epithelial	2
GCTTAAGTCCAATAGC-1	Myeloid	17
GCTTAAGTCCCGTAGG-1	T	4
GCTTAAGTCGAGGTCC-1	Epithelial	6
GCTTAAGTCGGGATCC-1	Epithelial	2
GCTTAAGTCGGTCCGA-1	Epithelial	19
GCTTAAGTCGTATAGC-1	Epithelial	3
GCTTAAGTCGTGGAAG-1	Epithelial	11
GCTTGCTAGAACGACC-1	Myeloid	0
GCTTGCTAGACTAATG-1	Epithelial	6
GCTTGCTAGATACCAA-1	Epithelial	15
GCTTGCTAGCACGTAG-1	Stromal	9
GCTTGCTAGTCGTATC-1	Epithelial	18
GCTTGCTCAACACGGA-1	Epithelial	10
GCTTGCTCAGAACGAC-1	Myeloid	0
GCTTGCTCAGGACCTC-1	Epithelial	18
GCTTGCTCAGTCCTGG-1	Epithelial	16
GCTTGCTGTAAGTCTC-1	Epithelial	10
GCTTGCTGTGAGTTGG-1	Epithelial	3
GCTTGCTGTGGATTTC-1	Epithelial	19
GCTTGCTGTTACCACA-1	Epithelial	10
GCTTGCTTCAAACCAC-1	Epithelial	18
GCTTGCTTCCAACGCG-1	Stromal	8
GCTTGCTTCCATCATT-1	Epithelial	10
GCTTGCTTCGACTCGG-1	Epithelial	5
GCTTGCTTCGGGAAAC-1	Stromal	8
GCTTTCGAGGTTTCTG-1	Epithelial	15
GCTTTCGAGTCCCGCA-1	Epithelial	18
GCTTTCGAGTGTAATG-1	Epithelial	2
GCTTTCGCAATAGCGG-1	Epithelial	16
GCTTTCGGTAGGGTTG-1	T	4
GCTTTCGGTTGAAGCG-1	Epithelial	15
GCTTTCGTCATCGCCT-1	T	4
GCTTTCGTCCACACCT-1	Epithelial	1
GCTTTCGTCCCTACGT-1	Epithelial	11
GCTTTCGTCGCGGCAT-1	Epithelial	3
GCTTTCGTCTCTATTG-1	Epithelial	18
GGAACCCAGAGGTACC-1	Epithelial	1
GGAACCCAGCCATGGA-1	T	4
GGAACCCAGTACTCTG-1	Stromal	8
GGAACCCAGTCCGGAA-1	Epithelial	13
GGAACCCCAACGAGGT-1	Myeloid	0
GGAACCCCACAAACAA-1	Epithelial	18
GGAACCCCACAAGGGT-1	T	4
GGAACCCCAGGCAAGT-1	Epithelial	2
GGAACCCCATAGTCCA-1	Epithelial	16
GGAACCCCATCGTGAT-1	Epithelial	10
GGAACCCGTCGAGGTA-1	Epithelial	11
GGAACCCGTGCACTTA-1	Epithelial	15
GGAACCCTCCACCTAC-1	Epithelial	16
GGAACCCTCGGGCTCA-1	Epithelial	16
GGAACCCTCTGAAAGA-1	Epithelial	19
GGAACCCTCTGAGTCA-1	Myeloid	0
GGAACCCTCTGGGCGT-1	Epithelial	7
GGAACTTAGGATGCCA-1	T	4
GGAACTTAGGTAAGTT-1	Epithelial	16
GGAACTTAGTTCAACC-1	Epithelial	3
GGAACTTCACAGTTAC-1	T	4
GGAACTTCACTGAAGG-1	Myeloid	17
GGAACTTGTAAACCCT-1	Epithelial	12
GGAACTTGTAACGGCA-1	Epithelial	5
GGAACTTGTACGGAGT-1	Epithelial	13
GGAACTTGTAGCGTTT-1	Stromal	9
GGAACTTGTTGAAGCG-1	Epithelial	18
GGAACTTGTTTCAGCA-1	Epithelial	16
GGAACTTTCCTATCCG-1	Epithelial	18
GGAACTTTCGTTCCGT-1	Epithelial	7
GGAATCTAGGAGTAGA-1	Epithelial	1
GGAATCTAGGCTTAAA-1	Myeloid	0
GGAATCTCACAACGGA-1	Epithelial	1
GGAATCTCACGGCCAT-1	Epithelial	7
GGAATCTCACTTTGGA-1	Epithelial	16
GGAATCTCATCACAAC-1	Epithelial	3
GGAATCTGTAAACCCT-1	Epithelial	18
GGAATCTGTAAACGGC-1	Myeloid	0
GGAATCTGTAAAGGCC-1	Stromal	9
GGAATCTGTAGTAACA-1	Epithelial	15
GGAATCTGTATCTCAG-1	Epithelial	3
GGAATCTGTATTCGCA-1	Epithelial	3
GGAATCTGTCATCGTA-1	Epithelial	14
GGAATCTTCGCTTCAC-1	Epithelial	6
GGAATCTTCGTCCCTA-1	Epithelial	12
GGAATCTTCTAGTCGA-1	Stromal	9
GGAATCTTCTGACTTT-1	Epithelial	12
GGACACCAGATCTCAC-1	Myeloid	0
GGACACCAGCAGAATT-1	T	4
GGACACCAGCCGCAAA-1	Epithelial	18
GGACACCAGGATTGAT-1	Stromal	9
GGACACCAGGCGCTTC-1	Epithelial	5
GGACACCAGGTGAACC-1	Epithelial	19
GGACACCAGTGCACAG-1	Epithelial	12
GGACACCCATGGGACA-1	Epithelial	2
GGACACCGTACTATGC-1	Epithelial	2
GGACACCGTATCTCAG-1	Epithelial	2
GGACACCGTCCAAGTT-1	Epithelial	15
GGACACCGTGAATGGC-1	Epithelial	5
GGACACCGTTTGTACG-1	Epithelial	14
GGACACCTCCCTAAAG-1	Myeloid	0
GGACACCTCCGTGCGA-1	Epithelial	1
GGACACCTCCTTTGCG-1	Stromal	9
GGACACCTCGAGCGCT-1	Epithelial	2
GGACACCTCGATGTGT-1	Epithelial	15
GGACACCTCTAGCAGT-1	Epithelial	3
GGACACCTCTATACCT-1	Epithelial	14
GGACACCTCTGTCGTC-1	Epithelial	18
GGAGAACAGAAGAGTG-1	Epithelial	15
GGAGAACAGAGTCCGA-1	Epithelial	15
GGAGAACAGATGGGTC-1	Epithelial	5
GGAGAACAGGCTTCGC-1	Epithelial	2
GGAGAACAGGTAAGCC-1	Epithelial	18
GGAGAACAGTGCACAG-1	Epithelial	2
GGAGAACCAATCACTG-1	Myeloid	0
GGAGAACCAATGGTAA-1	T	4
GGAGAACCACCGAATT-1	Epithelial	1
GGAGAACCATGGGACA-1	Epithelial	2
GGAGAACCATTCTTTG-1	Epithelial	1
GGAGAACGTGCATTGT-1	Stromal	9
GGAGAACGTGGACAGT-1	Epithelial	7
GGAGAACGTTACCCAA-1	Epithelial	18
GGAGAACTCCACGCTT-1	Epithelial	2
GGAGAACTCGGGCTCA-1	Stromal	8
GGAGAACTCGGTCGAC-1	Epithelial	15
GGAGGATAGCATTCCA-1	Epithelial	15
GGAGGATAGGCACTAG-1	Epithelial	14
GGAGGATAGTAGAAGG-1	Epithelial	2
GGAGGATCACGGTTAT-1	Epithelial	1
GGAGGATCATGGAGGT-1	Epithelial	16
GGAGGATGTACGTAGG-1	T	4
GGAGGATGTGCTTACA-1	Stromal	9
GGAGGATTCTGGCCAG-1	Epithelial	6
GGAGGATTCTGGCGCA-1	Myeloid	17
GGAGTAGAGCCGCTGT-1	Epithelial	18
GGAGTAGAGGCCTAAG-1	Epithelial	3
GGAGTAGAGTTGCTTG-1	T	4
GGAGTAGCATATTGGC-1	Epithelial	18
GGAGTAGCATGGCCCA-1	Epithelial	15
GGAGTAGGTAAGTGCG-1	Epithelial	7
GGAGTAGGTCCGTGCA-1	Epithelial	18
GGAGTAGGTTTGCCAA-1	Epithelial	18
GGAGTAGTCGTGCTGG-1	Epithelial	10
GGAGTAGTCTAGCTGA-1	Epithelial	14
GGATAGGAGAGCTGTG-1	Epithelial	18
GGATAGGAGGCATGCA-1	Epithelial	2
GGATAGGCAAGAAACT-1	Epithelial	14
GGATAGGCACGCTGTG-1	Epithelial	7
GGATAGGCAGTAGTTC-1	Epithelial	6
GGATAGGGTATTCTGG-1	Epithelial	16
GGATAGGGTCAACGGA-1	Myeloid	17
GGATAGGGTCGAGGTA-1	Epithelial	6
GGATAGGGTCGTAATC-1	Epithelial	11
GGATAGGGTGCTGTCG-1	Stromal	9
GGATAGGTCCAGGCCA-1	Epithelial	19
GGATAGGTCGCGTTCT-1	Epithelial	16
GGATAGGTCGGTTGTA-1	Myeloid	0
GGATAGGTCGTGAGTT-1	Epithelial	15
GGATAGGTCGTGGCGT-1	Stromal	9
GGATGAGAGAAGAGTG-1	T	4
GGATGAGCAATGGCTT-1	Epithelial	15
GGATGAGCAGGTGTGA-1	T	4
GGATGAGCAGTAACCT-1	Epithelial	19
GGATGAGCAGTTACAC-1	Epithelial	15
GGATGAGCATCGACGC-1	Epithelial	3
GGATGAGGTACGCCCA-1	T	4
GGATGAGGTCGCTAGC-1	Myeloid	17
GGATGAGTCCAGTACA-1	Myeloid	17
GGATGAGTCCTAAAGC-1	T	4
GGATGAGTCTCTATCA-1	Epithelial	7
GGATGAGTCTTAATCC-1	Epithelial	15
GGCACGTAGATGGCAC-1	Epithelial	10
GGCACGTAGCACACCC-1	Myeloid	0
GGCACGTAGCAGGAGG-1	Epithelial	13
GGCACGTAGGCAGTAC-1	Stromal	9
GGCACGTAGGCTCCTG-1	Epithelial	15
GGCACGTAGGTACACG-1	Stromal	9
GGCACGTAGTGTCCCG-1	Epithelial	11
GGCACGTCAAAGCATA-1	Stromal	9
GGCACGTCAACGCACC-1	Epithelial	5
GGCACGTCACAAGGGT-1	Epithelial	18
GGCACGTCAGCCACGT-1	Epithelial	3
GGCACGTCATTAGCCA-1	Epithelial	6
GGCACGTGTACGTAGG-1	Epithelial	18
GGCACGTGTGACGCAA-1	Epithelial	18
GGCACGTGTTCCGGCA-1	Epithelial	11
GGCACGTGTTCTTTGT-1	Myeloid	0
GGCACGTGTTTGCCAA-1	Epithelial	16
GGCACGTTCAGGCGCT-1	Epithelial	15
GGCACGTTCGATAGCT-1	Epithelial	1
GGCACGTTCGGACGAA-1	Epithelial	1
GGCATTAAGAATCAAC-1	Stromal	8
GGCATTAAGATCGAGC-1	Epithelial	3
GGCATTAAGCAATAAC-1	T	4
GGCATTAAGCCATGGA-1	Epithelial	6
GGCATTAAGGCAAGCT-1	Epithelial	16
GGCATTAAGGTTCTCA-1	T	4
GGCATTACAGTAACGG-1	Myeloid	17
GGCATTACAGTATACC-1	T	4
GGCATTAGTACGGATG-1	Epithelial	10
GGCATTAGTACGTAAA-1	Epithelial	3
GGCATTAGTATCTCAG-1	Epithelial	11
GGCATTAGTTAGCTCA-1	Epithelial	2
GGCATTAGTTTCGATG-1	Epithelial	1
GGCATTATCAAGAGAT-1	Epithelial	15
GGCGAAAAGAGGAACA-1	Epithelial	10
GGCGAAAAGGCCTCGT-1	Epithelial	11
GGCGAAAAGGGCATTG-1	T	4
GGCGAAAAGTCTGCTA-1	Epithelial	16
GGCGAAACAGTAACGG-1	Epithelial	10
GGCGAAACAGTAGTTC-1	Myeloid	17
GGCGAAAGTCCCTAAA-1	Myeloid	0
GGCGAAAGTCCTTATT-1	Myeloid	0
GGCGAAATCAGCCGGT-1	Epithelial	11
GGCGAAATCCATTGAG-1	Stromal	9
GGCGAAATCCTGGGAC-1	Epithelial	11
GGCGAAATCGCTACCT-1	Epithelial	18
GGCGAAATCGGAGTTT-1	T	4
GGCGTTGAGACTAATG-1	Epithelial	13
GGCGTTGAGAGCTCCC-1	Myeloid	0
GGCGTTGAGAGGCAGG-1	Epithelial	15
GGCGTTGAGCGCATTT-1	Epithelial	3
GGCGTTGAGCGGACTA-1	Myeloid	0
GGCGTTGAGGATATCA-1	Epithelial	18
GGCGTTGAGGTTTCTG-1	Epithelial	11
GGCGTTGAGTATAGTG-1	Myeloid	17
GGCGTTGAGTATGCTC-1	Epithelial	18
GGCGTTGAGTCGATAA-1	Epithelial	16
GGCGTTGAGTGCTGAG-1	Epithelial	7
GGCGTTGCATCCTCGT-1	Stromal	9
GGCGTTGGTCAGACGA-1	Epithelial	5
GGCGTTGGTCAGGCTC-1	Myeloid	0
GGCGTTGGTGCTGAAG-1	Epithelial	3
GGCGTTGGTTCCGCGA-1	T	4
GGCGTTGGTTCTCGAA-1	Epithelial	3
GGGAACAAGCAGAAAG-1	Epithelial	19
GGGAACACAAATTGAG-1	Myeloid	17
GGGAACACAAGTCCTA-1	Epithelial	3
GGGAACACATCATAGC-1	Stromal	8
GGGAACAGTCAAGACG-1	Myeloid	0
GGGAACAGTGGAAGCT-1	Epithelial	7
GGGAACAGTGGACTGA-1	Epithelial	10
GGGAACAGTTGCAGAG-1	Epithelial	1
GGGAACATCGGTAGGA-1	Epithelial	12
GGGACCTAGATTACGA-1	Epithelial	16
GGGACCTAGTCTGCTA-1	Epithelial	6
GGGACCTCAACGTCGC-1	Epithelial	11
GGGACCTCAGGTCCTG-1	Epithelial	11
GGGACCTCAGTCAGCC-1	Epithelial	5
GGGACCTGTAACACTC-1	Epithelial	16
GGGACCTGTATGTCCA-1	T	4
GGGACCTGTCCCTTTG-1	Epithelial	16
GGGACCTGTCCTCAGG-1	Epithelial	10
GGGACCTGTCGAGAAC-1	Epithelial	2
GGGACCTGTCGCGCTA-1	Myeloid	0
GGGACCTGTGGAAAGA-1	Epithelial	3
GGGACCTGTGGAGTGT-1	Epithelial	12
GGGACCTGTGTGTGCC-1	Epithelial	5
GGGACCTGTTCTTATC-1	Stromal	9
GGGACCTGTTTCCGGG-1	Myeloid	0
GGGACCTGTTTGGATC-1	Epithelial	16
GGGACCTTCAGCCGGT-1	Stromal	8
GGGACCTTCAGTGTGT-1	Epithelial	18
GGGACCTTCCATACCC-1	Epithelial	6
GGGACCTTCGACTCGG-1	Epithelial	15
GGGACCTTCGCCCTTA-1	Epithelial	16
GGGACCTTCGCGTTCT-1	Epithelial	11
GGGACCTTCTAGCTGA-1	T	4
GGGCCATCACCTGGTG-1	Epithelial	16
GGGCCATCAGAAAGAG-1	Epithelial	15
GGGCCATCAGTGCGAA-1	Epithelial	2
GGGCCATCATTCCCGT-1	Myeloid	17
GGGCCATTCCTGTGGG-1	Myeloid	0
GGGCCATTCGCTATTT-1	Epithelial	10
GGGCCATTCTGAACGT-1	Epithelial	6
GGGTCTGAGAAATACC-1	Myeloid	0
GGGTCTGAGATATGAC-1	Epithelial	16
GGGTCTGAGATGAGGA-1	Myeloid	17
GGGTCTGAGCGCAATG-1	Epithelial	16
GGGTCTGAGGCACTAG-1	Stromal	9
GGGTCTGAGGCTTCGC-1	Epithelial	15
GGGTCTGAGTAGGAAG-1	Epithelial	18
GGGTCTGGTAGGTGAC-1	Epithelial	6
GGGTCTGGTCAAATCC-1	Epithelial	6
GGGTCTGGTCATTGGT-1	Stromal	9
GGGTCTGGTCCTATTT-1	Myeloid	0
GGGTCTGGTCTGCGCA-1	Epithelial	7
GGGTCTGGTGTGTGCC-1	Epithelial	6
GGGTCTGTCAAACCAC-1	Epithelial	2
GGGTCTGTCACAAGCT-1	Epithelial	19
GGGTGTCAGCGTCAAG-1	Myeloid	17
GGGTGTCAGGAATGGA-1	Myeloid	0
GGGTGTCAGGCGTCCT-1	Epithelial	15
GGGTGTCAGTTGAATG-1	Myeloid	0
GGGTGTCCAAACCTAC-1	Epithelial	15
GGGTGTCCAACAACTC-1	Epithelial	18
GGGTGTCCAAGGAAGA-1	Epithelial	10
GGGTGTCCAGAACAGC-1	Epithelial	15
GGGTGTCCATGGCCGT-1	T	4
GGGTGTCGTAACATAG-1	Myeloid	17
GGGTGTCGTAGACGCA-1	Epithelial	19
GGGTGTCGTATCGCGC-1	Epithelial	5
GGGTGTCGTTAGGAGC-1	Epithelial	1
GGGTGTCTCAGTAGTC-1	Epithelial	3
GGGTGTCTCGGATCGC-1	Epithelial	7
GGGTTATAGGTTGTGG-1	Epithelial	12
GGGTTATAGTTACCAC-1	Epithelial	16
GGGTTATCACGCTCAG-1	Epithelial	2
GGGTTATCATAGCAGG-1	Epithelial	7
GGGTTATGTCAATCCA-1	Epithelial	2
GGGTTATGTTCGGGAA-1	T	4
GGGTTATTCCCAGCGA-1	Myeloid	17
GGGTTATTCGTTACAG-1	Epithelial	13
GGTACCGAGACGTCAG-1	Epithelial	5
GGTACCGAGCACCATT-1	Epithelial	18
GGTACCGAGGCGACTA-1	Epithelial	13
GGTACCGCAACGAGGT-1	Epithelial	18
GGTACCGCACTTATGG-1	Epithelial	6
GGTACCGCAGCGTACC-1	Epithelial	6
GGTACCGCAGGGCTTC-1	Epithelial	16
GGTACCGCAGTGCTCG-1	Epithelial	18
GGTACCGGTCAGTGTT-1	Stromal	9
GGTACCGGTCGAGGAT-1	Epithelial	12
GGTACCGGTGGGTAGT-1	T	4
GGTACCGGTTAAGGGC-1	Myeloid	0
GGTACCGGTTTGCATG-1	Myeloid	17
GGTACCGTCGAGAAGC-1	Epithelial	16
GGTAGGAAGAAGAGTG-1	Myeloid	0
GGTAGGAAGAGCAGCT-1	Epithelial	5
GGTAGGAAGCATGATA-1	Epithelial	13
GGTAGGAAGGAGTAGA-1	Epithelial	10
GGTAGGAAGGCACTAG-1	Epithelial	7
GGTAGGACAACCTCTC-1	Epithelial	1
GGTAGGACAGGTAGCA-1	Stromal	9
GGTAGGAGTCTGTGTA-1	Epithelial	6
GGTAGGAGTGCAGACA-1	Epithelial	19
GGTAGGAGTGGCCTCA-1	Epithelial	1
GGTAGGAGTTGGCTTA-1	Stromal	9
GGTAGGAGTTGGGAAC-1	T	4
GGTAGGAGTTTAGAAG-1	Epithelial	2
GGTAGGAGTTTCGTTT-1	Epithelial	1
GGTAGGATCAGATACC-1	Epithelial	19
GGTAGGATCGTCAACA-1	Epithelial	6
GGTAGGATCTACCCGT-1	Epithelial	2
GGTAGGATCTATAGGC-1	Epithelial	12
GGTAGGATCTATCTAC-1	Myeloid	17
GGTAGGATCTTCTCTC-1	Epithelial	10
GGTCATAAGACCTATC-1	Epithelial	18
GGTCATAAGCGCATTT-1	Epithelial	2
GGTCATAAGGCTTCGC-1	Myeloid	0
GGTCATAAGGTGTCGA-1	Epithelial	13
GGTCATAAGTATCTGC-1	Epithelial	2
GGTCATAAGTCTGGGA-1	Epithelial	19
GGTCATACAAGTGGCA-1	Epithelial	3
GGTCATACAATTGGCT-1	Epithelial	14
GGTCATAGTAGCGTTT-1	Epithelial	1
GGTCATAGTCCTATTT-1	Myeloid	0
GGTCATAGTGACGCAA-1	Epithelial	13
GGTCATAGTGCACTTA-1	Epithelial	15
GGTGAAGAGAACGCCA-1	Epithelial	15
GGTGAAGAGACTAGCG-1	Epithelial	10
GGTGAAGAGAGCGAAA-1	Epithelial	1
GGTGAAGAGATGCGCA-1	Epithelial	2
GGTGAAGAGCTGAAAT-1	T	4
GGTGAAGAGGCCTAAG-1	T	4
GGTGAAGAGGCTAAAT-1	Epithelial	11
GGTGAAGAGTACCACT-1	Epithelial	16
GGTGAAGCAAGCGTCC-1	Epithelial	18
GGTGAAGCACCAAGGA-1	Epithelial	7
GGTGAAGCAGTCCTGG-1	Epithelial	13
GGTGAAGCATGGCCGT-1	Myeloid	17
GGTGAAGGTAACGGCA-1	Epithelial	10
GGTGAAGGTCTCTGCT-1	Epithelial	1
GGTGAAGGTTCCGGCA-1	Epithelial	11
GGTGAAGGTTTAGACC-1	Epithelial	6
GGTGAAGTCCATCATT-1	Epithelial	15
GGTGAAGTCCCTAAAG-1	Epithelial	16
GGTGAAGTCTATTTCG-1	Epithelial	6
GGTGAAGTCTCAGATG-1	Epithelial	18
GGTGAAGTCTCTATCA-1	Epithelial	10
GGTGCTGAGATATGTG-1	Epithelial	10
GGTGCTGAGCCATTCA-1	Epithelial	16
GGTGCTGAGCGCATTT-1	Epithelial	3
GGTGCTGAGCGTATCT-1	T	4
GGTGCTGAGGCCTCGT-1	Epithelial	10
GGTGCTGAGGGCGAAG-1	Epithelial	12
GGTGCTGAGTTGCTTG-1	Epithelial	10
GGTGCTGCACTTGCGG-1	Myeloid	0
GGTGCTGCATCTGCAA-1	Myeloid	0
GGTGCTGCATTGCGAT-1	Epithelial	6
GGTGCTGGTAACACTC-1	Myeloid	17
GGTGCTGGTACAAGCG-1	T	4
GGTGCTGGTTAGGCTT-1	Epithelial	5
GGTGCTGTCACTCCCA-1	Epithelial	15
GGTGCTGTCAGAACGG-1	Epithelial	12
GGTGCTGTCCTTACGC-1	Epithelial	14
GGTGCTGTCGCCAGAC-1	Epithelial	11
GGTGTCGAGACACGGT-1	T	4
GGTGTCGAGACGACTG-1	Epithelial	3
GGTGTCGCAAGGTTCT-1	Epithelial	12
GGTGTCGCACGGCCAT-1	Epithelial	11
GGTGTCGCAGAAAGAG-1	T	4
GGTGTCGCAGTTCGGC-1	Epithelial	6
GGTGTCGCATCGGCCA-1	Epithelial	2
GGTGTCGCATTACTCT-1	Epithelial	15
GGTGTCGGTAACGGAC-1	Epithelial	15
GGTGTCGGTACCCACG-1	Epithelial	14
GGTGTCGGTAGCCATT-1	Epithelial	2
GGTGTCGGTCCACCAG-1	Myeloid	17
GGTGTCGTCAGTACAC-1	Epithelial	6
GGTGTCGTCCAACAAC-1	Epithelial	13
GGTGTCGTCCCGCAAG-1	Epithelial	18
GGTGTCGTCGTCTAGA-1	Myeloid	17
GGTGTCGTCTGTTGCC-1	Stromal	8
GGTTGCGAGAGGTACC-1	Epithelial	15
GGTTGCGAGCGATACG-1	Epithelial	6
GGTTGCGAGTCGATAA-1	Epithelial	1
GGTTGCGCAAGTAATG-1	T	4
GGTTGCGCATTCACGA-1	Epithelial	13
GGTTGCGGTAGACACG-1	Epithelial	6
GGTTGCGGTAGCAGGT-1	Epithelial	3
GGTTGCGGTAGTCTGT-1	Epithelial	10
GGTTGCGTCAACACGT-1	Epithelial	5
GGTTGCGTCAGCACTA-1	Epithelial	2
GGTTGCGTCAGGTCTA-1	Epithelial	3
GGTTGCGTCCATTGTT-1	Epithelial	18
GGTTGCGTCGAGTTAC-1	Myeloid	0
GGTTGCGTCGCAAGCC-1	Epithelial	13
GGTTGCGTCGTCGCAG-1	Epithelial	2
GTAATCGAGAGACTCG-1	Myeloid	0
GTAATCGAGCTGATTC-1	Epithelial	14
GTAATCGAGGCCTAAG-1	Myeloid	17
GTAATCGAGTTCCAGT-1	Myeloid	0
GTAATCGCAAAGACGC-1	Myeloid	0
GTAATCGCAACGTAGG-1	Epithelial	16
GTAATCGCAGGTGTCC-1	Epithelial	1
GTAATCGGTAACTGAA-1	Myeloid	0
GTAATCGGTAAGGTCG-1	Epithelial	2
GTAATCGGTTAGGAGC-1	Epithelial	5
GTAATCGGTTTCCACC-1	Epithelial	6
GTAATCGGTTTGCCCT-1	Myeloid	17
GTAATCGTCAGAATGA-1	Epithelial	6
GTAATCGTCATTGCCC-1	Epithelial	2
GTAATCGTCCGAGAGA-1	Epithelial	5
GTAATCGTCTACTTTG-1	Epithelial	3
GTAATCGTCTCTGAGA-1	Epithelial	13
GTAATCGTCTGTTGCC-1	Myeloid	0
GTACTTTAGCAACGGT-1	Epithelial	3
GTACTTTCAAACAGTA-1	Epithelial	13
GTACTTTCAAGGAACC-1	Epithelial	6
GTACTTTCATTACTCT-1	Epithelial	15
GTACTTTCATTTGGTG-1	Epithelial	2
GTACTTTGTGAATGTA-1	Epithelial	18
GTACTTTGTGTTGGTT-1	Epithelial	6
GTACTTTTCCACGAGC-1	Epithelial	11
GTACTTTTCCGCTCTA-1	Epithelial	12
GTACTTTTCTAGCAGT-1	Myeloid	0
GTACTTTTCTCTGCAC-1	Epithelial	19
GTAGACTAGAAGAGTG-1	Epithelial	1
GTAGACTAGACGCCAA-1	Epithelial	3
GTAGACTAGATGCGCA-1	Epithelial	16
GTAGACTAGGCAAGCT-1	Epithelial	18
GTAGACTAGTACAACA-1	Epithelial	6
GTAGACTCACTCGTGG-1	Myeloid	0
GTAGACTCAGGCTACC-1	Epithelial	2
GTAGACTCATCATGTG-1	Epithelial	2
GTAGACTCATTGTTCT-1	Epithelial	19
GTAGACTCATTTGGCA-1	Stromal	9
GTAGACTGTAAACGAT-1	Epithelial	3
GTAGACTGTACCCATA-1	Epithelial	2
GTAGACTGTACGGATG-1	Epithelial	14
GTAGACTGTGGAAGCT-1	Epithelial	18
GTAGACTTCATACTTC-1	T	4
GTAGACTTCATCGCCT-1	Epithelial	12
GTAGACTTCCGCCTAT-1	Epithelial	18
GTAGACTTCTTGTCGC-1	Stromal	9
GTAGACTTCTTTGCAT-1	Epithelial	2
GTAGGAGAGCGCACAA-1	Epithelial	5
GTAGGAGAGGCGCTTC-1	Epithelial	1
GTAGGAGCAATTGTGC-1	Epithelial	11
GTAGGAGCACAGTTAC-1	Myeloid	0
GTAGGAGGTAAACGGC-1	Epithelial	7
GTAGGAGGTAATGTAG-1	Epithelial	10
GTAGGAGTCTATATCC-1	Epithelial	18
GTAGGAGTCTTGTCAT-1	Epithelial	6
GTAGTACAGCAGTAGC-1	Epithelial	16
GTAGTACAGCCTATAC-1	Epithelial	11
GTAGTACAGGCTAAAT-1	Epithelial	6
GTAGTACAGGGACGTT-1	T	4
GTAGTACAGGTCCTCG-1	Epithelial	13
GTAGTACCAAATTCCG-1	Epithelial	19
GTAGTACCAAGCGAAC-1	Epithelial	13
GTAGTACCAATGGCTT-1	Epithelial	10
GTAGTACCAATTGTGC-1	Epithelial	7
GTAGTACCAGTAGTCT-1	Epithelial	13
GTAGTACCATTCACCC-1	Epithelial	5
GTAGTACGTCTAAAGA-1	Epithelial	3
GTAGTACTCCAGGCCA-1	T	4
GTAGTACTCGCGCCAA-1	Epithelial	15
GTAGTACTCGGTCTAA-1	Epithelial	14
GTCACAAAGATTAGAC-1	Stromal	9
GTCACAAAGTGTTCCA-1	Epithelial	6
GTCACAAAGTTCCCGG-1	Myeloid	17
GTCACAACAAAGACGC-1	Myeloid	17
GTCACAACAACGGGTA-1	Epithelial	11
GTCACAACAAGATGCG-1	Epithelial	11
GTCACAACACCCATCT-1	Epithelial	1
GTCACAACAGATGGCA-1	T	4
GTCACAACATATACGC-1	Epithelial	19
GTCACAAGTAGCGTTT-1	T	4
GTCACAAGTAGGGTCA-1	Epithelial	18
GTCACAAGTCGTAGTT-1	Epithelial	19
GTCACAATCCTTGACC-1	Myeloid	0
GTCACAATCGGTCCGA-1	Epithelial	2
GTCACAATCGTGGAAG-1	Epithelial	11
GTCACCTAGATTACGA-1	Epithelial	15
GTCACCTCAACTCAAC-1	Stromal	8
GTCACCTCACAGATGG-1	Stromal	9
GTCACCTGTACGACCC-1	Myeloid	17
GTCACCTGTATGGTTC-1	Epithelial	11
GTCACCTGTCTGGTTA-1	Epithelial	18
GTCACCTGTTAGGAGC-1	Epithelial	15
GTCACCTTCAAACCCA-1	Epithelial	6
GTCACCTTCAATGCAC-1	Myeloid	0
GTCACCTTCACCCTTG-1	Myeloid	17
GTCACCTTCAGGTTTG-1	Epithelial	1
GTCACCTTCGGAAAGC-1	Epithelial	18
GTCACCTTCGTTCTAT-1	Epithelial	7
GTCACGGAGATTACGA-1	Myeloid	0
GTCACGGAGGACTAGC-1	Epithelial	1
GTCACGGAGGATTTGA-1	Epithelial	12
GTCACGGAGTGCTCGC-1	Epithelial	7
GTCACGGAGTTGACAA-1	Epithelial	13
GTCACGGCAAGATTAG-1	Epithelial	5
GTCACGGCAAGGGTAC-1	T	4
GTCACGGCAATGTGCT-1	Myeloid	0
GTCACGGCACGCGACT-1	Epithelial	16
GTCACGGGTACGCCCA-1	Epithelial	11
GTCACGGGTATTCGAC-1	Stromal	8
GTCACGGGTGGTAAGC-1	Myeloid	17
GTCACGGGTGTTGTTG-1	T	4
GTCACGGTCAAACCAC-1	T	4
GTCACGGTCCGTACGG-1	Epithelial	18
GTCACGGTCCGTGCAG-1	Epithelial	6
GTCACGGTCTCGACCT-1	Epithelial	15
GTCACTCAGTAGGTCG-1	Epithelial	11
GTCACTCAGTGCACAG-1	Stromal	9
GTCACTCCAAACAGTA-1	Epithelial	11
GTCACTCCAAAGCATA-1	Epithelial	10
GTCACTCCAGTCAGAG-1	Myeloid	0
GTCACTCCATACCCGG-1	Epithelial	6
GTCACTCCATAGCCAT-1	Myeloid	17
GTCACTCCATGTCCCT-1	Epithelial	2
GTCACTCCATTGATGC-1	Epithelial	16
GTCACTCGTAGTTTGC-1	Myeloid	0
GTCACTCGTATCACAC-1	Epithelial	7
GTCACTCTCACACGTA-1	Epithelial	3
GTCACTCTCATTGCCC-1	Epithelial	10
GTCCATCAGGGTTCCC-1	Epithelial	15
GTCCATCAGGTTTCTG-1	Epithelial	14
GTCCATCCACACATTG-1	Epithelial	19
GTCCATCCACTCGTGG-1	Epithelial	3
GTCCATCCAGGCTACC-1	Epithelial	11
GTCCATCCATGGCCCA-1	Myeloid	0
GTCCATCGTACCGGCT-1	Epithelial	2
GTCCATCGTAGCAGGT-1	Epithelial	3
GTCCATCGTCTGGATT-1	Epithelial	16
GTCCATCTCATTGCCC-1	Epithelial	16
GTCCATCTCCTGTAGA-1	Epithelial	15
GTCCATCTCGTTTGAG-1	Epithelial	6
GTCCATCTCTTCGTTA-1	Stromal	9
GTCGTAAAGAAAGGGT-1	Epithelial	19
GTCGTAAAGTTGTCCA-1	Epithelial	2
GTCGTAACAACAACTC-1	Epithelial	1
GTCGTAACAACGCACC-1	Stromal	8
GTCGTAACAGAGCCAA-1	Epithelial	10
GTCGTAACAGGCAAGT-1	Epithelial	2
GTCGTAAGTTCCCTTG-1	Epithelial	1
GTCGTAAGTTCTGAGT-1	Epithelial	3
GTCGTAAGTTCTGATG-1	Epithelial	11
GTCGTAATCAGGAAGC-1	Epithelial	16
GTCGTAATCAGTCAAC-1	Epithelial	11
GTCGTAATCCGCCTAT-1	Epithelial	2
GTCGTAATCGTGAACT-1	Myeloid	17
GTCGTAATCGTGGTAT-1	Epithelial	5
GTCTACCAGAGCCACA-1	Epithelial	15
GTCTACCAGATCTAAG-1	Epithelial	5
GTCTACCAGCAATGTA-1	T	4
GTCTACCAGCACACCC-1	Epithelial	13
GTCTACCAGCTAACAA-1	Epithelial	1
GTCTACCAGCTGAGGT-1	Epithelial	15
GTCTACCAGGTGTCGA-1	T	4
GTCTACCAGGTTGTTC-1	Epithelial	3
GTCTACCAGTGTCGCC-1	T	4
GTCTACCCAAACCGAG-1	Epithelial	2
GTCTACCCAGGCAGAT-1	Epithelial	2
GTCTACCCATGGATGG-1	Myeloid	0
GTCTACCCATTACACG-1	Epithelial	1
GTCTACCGTAAGCCTT-1	Epithelial	5
GTCTACCGTCCCGTGA-1	Epithelial	7
GTCTACCGTGACGCAA-1	Epithelial	6
GTCTACCGTTCTTTGT-1	Epithelial	16
GTCTACCGTTTGTGAC-1	Epithelial	10
GTCTACCTCCTATCCG-1	Myeloid	17
GTCTACCTCGTTCTAT-1	Epithelial	13
GTCTACCTCTGTCGGG-1	Epithelial	11
GTGACATAGTTCGACT-1	Epithelial	15
GTGACATCAAGATTAG-1	Epithelial	16
GTGACATCATGCGCTG-1	Epithelial	19
GTGACATGTATGTCCA-1	Epithelial	14
GTGACATGTCGTCGCA-1	Epithelial	11
GTGACATGTGAATCAA-1	Epithelial	1
GTGACATGTGCCAAGA-1	Epithelial	16
GTGACATGTGTGACCC-1	Epithelial	11
GTGACATTCCATAACG-1	Epithelial	1
GTGACATTCTATCTCA-1	Myeloid	17
GTGATCAAGCAATAAC-1	Epithelial	10
GTGATCAAGTAGGTCG-1	Epithelial	19
GTGATCAAGTCCAGAG-1	Epithelial	10
GTGATCAAGTTGACAA-1	Myeloid	0
GTGATCACAGAATGCG-1	Epithelial	6
GTGATCACATCGCTAA-1	Epithelial	12
GTGATCAGTCCAGACC-1	Epithelial	16
GTGATCAGTTATGCAC-1	Epithelial	16
GTGATCAGTTGGACGA-1	Epithelial	5
GTGATCAGTTTCGACA-1	Epithelial	19
GTGCACGAGGATTGCG-1	Epithelial	15
GTGCACGAGGCTCAGA-1	Epithelial	5
GTGCACGAGGTACATA-1	Epithelial	13
GTGCACGAGTCGACCC-1	Epithelial	16
GTGCACGAGTGGACGT-1	Epithelial	10
GTGCACGCAGCACATT-1	Epithelial	12
GTGCACGCAGTTGCAT-1	Epithelial	2
GTGCACGGTACCCACG-1	Epithelial	13
GTGCACGGTCTAAAGA-1	Epithelial	19
GTGCACGGTGAGCTAG-1	Epithelial	16
GTGCACGGTGCCCAGT-1	Epithelial	18
GTGCACGGTGCCCTAG-1	Epithelial	1
GTGCACGGTTACCACA-1	Epithelial	6
GTGCACGGTTTAGGAA-1	Epithelial	12
GTGCACGTCCCACGGA-1	Epithelial	2
GTGCACGTCGAACCGC-1	Epithelial	11
GTGCACGTCGCCAGAC-1	Myeloid	0
GTGCACGTCGCTATTT-1	Epithelial	6
GTGCACGTCTCCCTTT-1	T	4
GTGCCAGAGACTAGCG-1	Myeloid	0
GTGCCAGAGAGCGGTT-1	Epithelial	3
GTGCCAGAGATTCCGT-1	Epithelial	5
GTGCCAGAGCACACCC-1	Epithelial	12
GTGCCAGAGGACCGAT-1	Epithelial	1
GTGCCAGCAAGCACTT-1	Epithelial	10
GTGCCAGCACAGCTTA-1	Myeloid	17
GTGCCAGCATCATCGA-1	Epithelial	13
GTGCCAGGTAGCGTTT-1	Epithelial	10
GTGCCAGGTCAAGACG-1	Epithelial	15
GTGCCAGGTCAATACC-1	Myeloid	0
GTGCCAGGTGCACTTA-1	Epithelial	1
GTGCCAGGTGGCCTTG-1	Epithelial	5
GTGCCAGTCAAGAGAT-1	Myeloid	17
GTGCCAGTCCCGTATC-1	Stromal	8
GTGCCAGTCGATATGC-1	Epithelial	3
GTGCCAGTCGGAGTTT-1	Epithelial	7
GTGCCAGTCTCCACTG-1	Epithelial	1
GTGCTGGAGCATTGGG-1	Epithelial	2
GTGCTGGAGCCTATAC-1	Epithelial	19
GTGCTGGAGCTCCGGT-1	Myeloid	0
GTGCTGGAGCTGAATA-1	Myeloid	0
GTGCTGGAGGAAACTT-1	Epithelial	1
GTGCTGGAGGATTGCG-1	Myeloid	17
GTGCTGGCAAGCAATA-1	Myeloid	0
GTGCTGGCAGGTGTGA-1	Epithelial	5
GTGCTGGCATCCCGGA-1	Epithelial	2
GTGCTGGCATGTCCCT-1	Epithelial	11
GTGCTGGCATTACACG-1	T	4
GTGCTGGGTAAGGTCG-1	Epithelial	12
GTGCTGGGTCTAACCA-1	Epithelial	19
GTGCTGGGTGAGGGTT-1	Epithelial	7
GTGCTGGGTTAACCGT-1	Epithelial	19
GTGCTGGTCGCGATGC-1	Epithelial	1
GTGCTGGTCTGTTTAC-1	Epithelial	13
GTGGATTAGACGCCCT-1	Epithelial	13
GTGGATTAGAGCGGTT-1	Epithelial	15
GTGGATTAGATAGGTT-1	Epithelial	15
GTGGATTAGTCTGCTA-1	Epithelial	3
GTGGATTAGTGTCACT-1	Epithelial	13
GTGGATTCACACACCG-1	Epithelial	1
GTGGATTCACCACCAG-1	Myeloid	17
GTGGATTCACCGAATT-1	Epithelial	10
GTGGATTCACTTGCGG-1	Epithelial	12
GTGGATTTCAAGTTGC-1	Epithelial	12
GTGGATTTCACTCGGG-1	Epithelial	1
GTGGATTTCCTATCAT-1	Epithelial	1
GTGGCGTAGGAAACTT-1	Epithelial	3
GTGGCGTAGGCGATTG-1	Epithelial	18
GTGGCGTAGTCGTGAG-1	Epithelial	6
GTGGCGTCAAAGGCCA-1	Stromal	9
GTGGCGTCAAATAGTG-1	T	4
GTGGCGTCAAGGAACC-1	Epithelial	16
GTGGCGTCAATTCTCT-1	Epithelial	10
GTGGCGTCACGCCGAT-1	Epithelial	16
GTGGCGTCACGCGATC-1	Myeloid	0
GTGGCGTCACTAGGAG-1	Epithelial	6
GTGGCGTCAGGTGTGA-1	Epithelial	10
GTGGCGTGTGGACGAT-1	Epithelial	16
GTGGCGTTCAATTGGC-1	Epithelial	1
GTGGCGTTCATCGCTC-1	Epithelial	7
GTGGCGTTCATGCTTT-1	Epithelial	1
GTGGCGTTCCCTATTA-1	Myeloid	0
GTGGCGTTCGCGTTCT-1	Epithelial	12
GTGTCAAAGCATGTGG-1	Epithelial	14
GTGTCAAAGCCATTCA-1	Epithelial	7
GTGTCAAAGGTGAACC-1	Epithelial	3
GTGTCAAAGTGAACCG-1	Epithelial	11
GTGTCAACAACGTACT-1	Epithelial	13
GTGTCAACAATGATGA-1	Epithelial	10
GTGTCAAGTAGAACGC-1	T	4
GTGTCAAGTATTCACG-1	Epithelial	16
GTGTCAAGTCGCTACG-1	Epithelial	5
GTGTCAATCATTCTTG-1	Epithelial	10
GTGTCAATCCCACTTG-1	Myeloid	0
GTGTCAATCCCGAAGC-1	Epithelial	6
GTGTCAATCCGTGCGA-1	Epithelial	7
GTGTCAATCGACTCGG-1	Epithelial	16
GTGTCAATCGATGTAC-1	Epithelial	6
GTGTCAATCGCAGATT-1	Epithelial	19
GTGTCAATCTCTTAAC-1	Myeloid	0
GTGTCAATCTTACTCA-1	T	4
GTGTCCTAGAATGCTA-1	Epithelial	7
GTGTCCTAGATGCGAC-1	Epithelial	6
GTGTCCTAGGTTGTGG-1	Epithelial	3
GTGTCCTAGTAATGTG-1	Epithelial	16
GTGTCCTCAATGTAAG-1	T	4
GTGTCCTCACAGATGG-1	Epithelial	13
GTGTCCTGTACATGGG-1	Epithelial	16
GTGTCCTGTAGATTAG-1	Epithelial	18
GTGTCCTGTAGTATCC-1	Epithelial	11
GTGTCCTGTCCTATTT-1	Myeloid	0
GTGTCCTGTCTGCACG-1	Myeloid	17
GTGTCCTGTGAAACAT-1	Epithelial	12
GTGTCCTGTTGCAGCC-1	Epithelial	18
GTGTCCTGTTGTCGGC-1	Epithelial	15
GTGTCCTGTTTCTACT-1	Epithelial	10
GTGTCCTTCAAGTTGC-1	Epithelial	14
GTGTCCTTCAGTGTGT-1	Epithelial	1
GTGTCCTTCGGATAAA-1	Epithelial	6
GTGTGATAGGTCGGTA-1	Epithelial	3
GTGTGATAGTAGCAAT-1	Epithelial	3
GTGTGATCAATGATGA-1	Epithelial	11
GTGTGATCACAAGTGG-1	Epithelial	5
GTGTGATCATGATCGT-1	T	4
GTGTGATGTCAGTGCC-1	Myeloid	0
GTGTGATGTCGCTAGC-1	Epithelial	11
GTGTGATTCGCTAGTA-1	T	4
GTGTGATTCTACTGCC-1	Epithelial	16
GTGTGATTCTATACCT-1	Epithelial	1
GTTACGAAGACGCCCT-1	Epithelial	2
GTTACGAAGCGTCTGC-1	Epithelial	5
GTTACGAAGGATTGCG-1	Epithelial	3
GTTACGACATGTAGAA-1	Epithelial	2
GTTACGAGTACGTAAA-1	Epithelial	3
GTTACGAGTAGCGTTT-1	Epithelial	13
GTTACGAGTCGATAGG-1	Epithelial	19
GTTACGAGTTCCGGCA-1	Epithelial	13
GTTACGAGTTTGATCG-1	Epithelial	2
GTTACGATCAAACCCA-1	Epithelial	18
GTTACGATCACACGTA-1	Epithelial	16
GTTACGATCAGAACGG-1	Myeloid	17
GTTACGATCATCGCCT-1	Stromal	9
GTTACGATCGACGGAA-1	Myeloid	17
GTTACGATCGATATGC-1	Epithelial	7
GTTACGATCGCTTCAC-1	Myeloid	17
GTTACGATCTGGTACA-1	Myeloid	0
GTTACTTAGACAACGC-1	Myeloid	0
GTTACTTAGGAGTAGA-1	T	4
GTTACTTAGTCCCGCA-1	Epithelial	16
GTTACTTAGTCTCTAG-1	Myeloid	17
GTTACTTCAACATAAG-1	T	4
GTTACTTCAAGAAACT-1	Epithelial	6
GTTACTTCACTGTTAG-1	Stromal	9
GTTACTTCAGATGGCA-1	Myeloid	17
GTTACTTCAGTATACC-1	Epithelial	2
GTTACTTCAGTCAGAG-1	T	4
GTTACTTGTTATAGAG-1	Epithelial	15
GTTACTTGTTTCTCTA-1	T	4
GTTACTTTCAAAGTAG-1	Epithelial	18
GTTACTTTCCAGGTAT-1	Epithelial	16
GTTACTTTCGCGCTGA-1	T	4
GTTATGGAGAAATTCG-1	Stromal	9
GTTATGGAGAGTGGAA-1	Epithelial	19
GTTATGGAGCAATGTA-1	Epithelial	5
GTTATGGAGCCATCAT-1	Epithelial	2
GTTATGGAGGTTACAA-1	Epithelial	13
GTTATGGAGTCGTATC-1	Epithelial	12
GTTATGGAGTTCCAGT-1	Epithelial	16
GTTATGGCAACTCCCT-1	Epithelial	19
GTTATGGCATCGAGTT-1	Myeloid	0
GTTATGGCATTCACCC-1	Epithelial	5
GTTATGGCATTGCCTC-1	Epithelial	18
GTTATGGGTATGAAGT-1	Epithelial	19
GTTATGGGTATGCTAC-1	Epithelial	6
GTTATGGGTCCGCTTT-1	Epithelial	18
GTTATGGGTCGTCGCA-1	Epithelial	1
GTTATGGGTCTGATTG-1	Epithelial	1
GTTATGGGTCTGCACG-1	Epithelial	5
GTTATGGGTGGCATAG-1	T	4
GTTATGGGTGTGAGGT-1	Myeloid	17
GTTATGGGTTCTTAGG-1	Myeloid	0
GTTATGGGTTTAGAAG-1	Epithelial	3
GTTATGGGTTTGATCG-1	Epithelial	2
GTTATGGTCCCTACGT-1	Epithelial	12
GTTATGGTCCGAGGAA-1	Epithelial	15
GTTATGGTCGTTACAG-1	Epithelial	11
GTTATGGTCTTAAGCG-1	Epithelial	16
GTTATTCAGACAACGC-1	Epithelial	3
GTTATTCAGATTACGA-1	Epithelial	1
GTTATTCAGGAAACTT-1	Epithelial	2
GTTATTCAGTTCGCGC-1	Myeloid	17
GTTATTCCAACGACAG-1	Epithelial	11
GTTATTCCAAGGCTTT-1	Epithelial	18
GTTATTCCACTTACAG-1	Epithelial	19
GTTATTCCAGAACTTC-1	Epithelial	6
GTTATTCGTAGAGAGA-1	Epithelial	18
GTTATTCGTGAATCAA-1	Epithelial	6
GTTATTCGTGCCCAGT-1	Epithelial	16
GTTATTCGTTCTGAAC-1	Epithelial	6
GTTATTCTCCCTACGT-1	Epithelial	11
GTTATTCTCGTCTTAT-1	T	4
GTTCAAGAGATTGACA-1	Epithelial	15
GTTCAAGAGCGTAGCA-1	Epithelial	6
GTTCAAGAGCTCCGGT-1	T	4
GTTCAAGAGGCAAGCT-1	Myeloid	17
GTTCAAGAGGCCTCTG-1	Epithelial	19
GTTCAAGAGGTGTCGA-1	Epithelial	3
GTTCAAGCATCGCTAA-1	Epithelial	3
GTTCAAGCATCTGCAA-1	Epithelial	1
GTTCAAGGTATTCTCT-1	Epithelial	16
GTTCAAGGTCAGAGTG-1	Epithelial	15
GTTCAAGGTCGTCGCA-1	Epithelial	16
GTTCAAGGTGAATCGG-1	Myeloid	17
GTTCAAGGTGGTACTT-1	Epithelial	6
GTTCAAGTCAGTCAAC-1	Epithelial	11
GTTCAAGTCCATAGGT-1	Epithelial	13
GTTCAAGTCGCATACA-1	Myeloid	0
GTTCAAGTCGTCAACA-1	Epithelial	5
GTTGGGCAGAATCAGT-1	Epithelial	11
GTTGGGCAGAATGCTA-1	Epithelial	18
GTTGGGCAGAGCCTGA-1	Epithelial	18
GTTGGGCAGCTGAATA-1	Stromal	8
GTTGGGCAGGCAAGCT-1	Myeloid	0
GTTGGGCAGTCATACC-1	Epithelial	16
GTTGGGCAGTCTGTGT-1	Stromal	8
GTTGGGCCAAGATTAG-1	Myeloid	17
GTTGGGCCACAGAAGC-1	Epithelial	16
GTTGGGCCACCCATCT-1	Epithelial	2
GTTGGGCCAGGTCTGC-1	Epithelial	16
GTTGGGCCATCCTCGT-1	Myeloid	0
GTTGGGCCATCTGCAA-1	Epithelial	12
GTTGGGCCATGGGACA-1	Epithelial	2
GTTGGGCGTAGAAAGG-1	Stromal	9
GTTGGGCTCAACGTGT-1	Epithelial	16
GTTGGGCTCAGGTTTG-1	Epithelial	16
GTTGGGCTCCTATCAT-1	Myeloid	0
GTTGGGCTCGCAACTA-1	Epithelial	10
GTTGGGCTCTCTGAGA-1	Epithelial	7
GTTGGGCTCTGAGTCA-1	Epithelial	11
GTTGGTAAGACCATAA-1	Myeloid	17
GTTGGTAAGACGCCAA-1	Epithelial	12
GTTGGTAAGATCACCT-1	Epithelial	19
GTTGGTAAGTCACGCC-1	Epithelial	12
GTTGGTAAGTCCGTGC-1	Myeloid	17
GTTGGTAAGTGTGTAA-1	Epithelial	18
GTTGGTACATCCATAG-1	Epithelial	6
GTTGGTAGTCAACAGG-1	Epithelial	16
GTTGGTAGTGACGCAA-1	Epithelial	1
GTTGGTAGTTCGGGAA-1	Epithelial	1
GTTGGTATCGTGAGTT-1	Epithelial	12
GTTGGTATCGTGGTAT-1	Epithelial	15
TAAACCGAGAAAGGGT-1	Epithelial	19
TAAACCGAGAACGCCA-1	Stromal	9
TAAACCGAGGTTCGTT-1	Epithelial	16
TAAACCGAGTGCAACG-1	Epithelial	6
TAAACCGAGTGTTCCA-1	Epithelial	12
TAAACCGCAACTCGTA-1	Epithelial	11
TAAACCGCACAAACGG-1	Epithelial	10
TAAACCGCACGGCCAT-1	Epithelial	2
TAAACCGCACTCAGCG-1	Epithelial	5
TAAACCGCAGTGGTCC-1	Epithelial	5
TAAACCGCATAGGCGA-1	Myeloid	0
TAAACCGGTCACTCTC-1	Epithelial	6
TAAACCGGTTACGAAA-1	Epithelial	19
TAAACCGTCCAATCCC-1	Epithelial	6
TAAACCGTCGAGAACG-1	Myeloid	0
TAAACCGTCGCATACA-1	Myeloid	17
TAAACCGTCGGATCGC-1	Epithelial	12
TAAACCGTCGGTACTA-1	Epithelial	16
TAAACCGTCTCCACTG-1	Epithelial	16
TAACAGCAGGATGTCG-1	Epithelial	15
TAACAGCAGTACTCTG-1	Myeloid	0
TAACAGCAGTGAGCAC-1	Epithelial	18
TAACAGCCAAACGACG-1	Epithelial	7
TAACAGCCACTGAAGG-1	Epithelial	2
TAACAGCGTCTGTTGA-1	Epithelial	10
TAACAGCGTGCTGTCG-1	Epithelial	6
TAACAGCGTTCAGTTG-1	Epithelial	15
TAACAGCGTTCTTTGT-1	Epithelial	13
TAACAGCTCATCGCAA-1	Myeloid	17
TAACAGCTCGTCCCTA-1	Epithelial	6
TAACAGCTCTTCGTTA-1	Epithelial	15
TAACGGTAGACAACGC-1	Myeloid	17
TAACGGTAGAGACTCG-1	Epithelial	3
TAACGGTAGATGCGCA-1	Epithelial	16
TAACGGTAGCGTCTGC-1	Stromal	9
TAACGGTAGTATACGA-1	Epithelial	16
TAACGGTAGTATGGGC-1	T	4
TAACGGTCAAAGAGAG-1	Epithelial	11
TAACGGTCAGAACAGC-1	Epithelial	12
TAACGGTCATCGCCTT-1	Epithelial	10
TAACGGTGTAACCATC-1	Epithelial	11
TAACGGTGTACTTCGA-1	T	4
TAACGGTGTAGACACG-1	Epithelial	10
TAACGGTGTCGACTGC-1	Myeloid	17
TAACGGTGTGCTTGAT-1	Epithelial	12
TAACGGTGTTTGTAGC-1	Epithelial	6
TAACGGTTCCATACGA-1	Myeloid	0
TAACGGTTCGATCTTT-1	Epithelial	12
TAACGGTTCGCATACA-1	Myeloid	0
TAACGGTTCGTTCCGT-1	Myeloid	0
TAACTTCAGGGTAATT-1	Epithelial	16
TAACTTCAGTTCGCGC-1	Epithelial	5
TAACTTCCAATCATCG-1	Myeloid	17
TAACTTCCAATTCAGC-1	Stromal	8
TAACTTCCAGTGCTCG-1	Epithelial	12
TAACTTCGTACAAGCG-1	Epithelial	1
TAACTTCGTATCAGCT-1	Epithelial	11
TAACTTCGTCTGCACG-1	Epithelial	19
TAACTTCGTTAAGGGC-1	Epithelial	15
TAACTTCGTTCAGAAA-1	Epithelial	10
TAACTTCTCAAACCCA-1	Epithelial	19
TAACTTCTCAATCGTG-1	Epithelial	16
TAACTTCTCAGTCTTT-1	Epithelial	13
TAACTTCTCAGTGTGT-1	Epithelial	7
TAACTTCTCATCGCAA-1	Epithelial	2
TAACTTCTCCCAGCAG-1	Epithelial	11
TAACTTCTCCGGCGAT-1	Epithelial	11
TAACTTCTCGCTAGTA-1	Epithelial	1
TAACTTCTCTGGCACG-1	Epithelial	6
TAAGCCAAGTTGTCCA-1	Myeloid	0
TAAGCCAGTACAAGCG-1	Epithelial	19
TAAGCCAGTCTCTGCT-1	Epithelial	10
TAAGCCAGTGCCAAGA-1	Epithelial	2
TAAGCCAGTTTAGAAG-1	Epithelial	6
TAAGCCAGTTTCGACA-1	Epithelial	5
TAAGCCAGTTTGTCTT-1	Epithelial	10
TAAGCCATCAACTTGG-1	Epithelial	18
TAAGCCATCACTTACT-1	Epithelial	16
TAAGCCATCAGCCGGT-1	Epithelial	3
TAAGCCATCAGGATCT-1	Stromal	9
TAAGCCATCTCCCTTT-1	Myeloid	17
TAAGTGCAGCAGTAGC-1	Epithelial	6
TAAGTGCAGGAAGAAC-1	Myeloid	17
TAAGTGCAGGTAGGAA-1	Epithelial	15
TAAGTGCAGTGATATG-1	Epithelial	2
TAAGTGCCAAACGTTC-1	Epithelial	13
TAAGTGCCAAATGCTC-1	Epithelial	16
TAAGTGCCAACTTGGT-1	Myeloid	0
TAAGTGCCAATGAAAC-1	Epithelial	19
TAAGTGCCATCACAGT-1	Myeloid	17
TAAGTGCCATCCCTCA-1	Epithelial	12
TAAGTGCCATGATCGT-1	Epithelial	11
TAAGTGCGTCATAAGA-1	Epithelial	5
TAAGTGCGTGGCGCTT-1	Epithelial	11
TAAGTGCGTTCTTAGG-1	Epithelial	16
TAAGTGCGTTGCAGAG-1	Epithelial	5
TAAGTGCTCTATCTTG-1	T	4
TAAGTGCTCTCTGACC-1	Epithelial	13
TAATCGGAGGTGTTGG-1	Epithelial	18
TAATCGGAGTCCTTCC-1	Myeloid	0
TAATCGGAGTTCCAGT-1	Epithelial	18
TAATCGGAGTTTACGC-1	Epithelial	6
TAATCGGAGTTTGGAA-1	Myeloid	0
TAATCGGCAACTGCGC-1	Stromal	9
TAATCGGCAAGCTTTG-1	Epithelial	15
TAATCGGCATGACTGT-1	Myeloid	0
TAATCGGGTATACGCT-1	Epithelial	19
TAATCGGGTGCGACCT-1	Myeloid	0
TAATCGGGTGGATTCT-1	Epithelial	3
TAATCGGTCAACGTGT-1	Myeloid	0
TAATCGGTCACAAGCT-1	Epithelial	2
TAATCGGTCCCAGCAG-1	Epithelial	7
TAATCGGTCTATTTCG-1	Stromal	9
TAATCGGTCTCCCTTT-1	T	4
TAATTCCAGCCCATGC-1	Epithelial	15
TAATTCCAGGCTGGAT-1	Epithelial	10
TAATTCCAGTGCCCTG-1	Epithelial	3
TAATTCCAGTGGGACT-1	T	4
TAATTCCCAAGCGGTA-1	Epithelial	10
TAATTCCCACGACGAA-1	Stromal	8
TAATTCCCACGTGAAG-1	Epithelial	1
TAATTCCCACTGAAGG-1	Epithelial	15
TAATTCCGTAGATGAT-1	Myeloid	17
TAATTCCGTCACAGGA-1	Epithelial	12
TAATTCCGTCATCAAC-1	Epithelial	3
TAATTCCGTTCTGAAC-1	Epithelial	7
TAATTCCGTTTCGACA-1	Epithelial	18
TAATTCCTCAACTTGG-1	Epithelial	2
TAATTCCTCAGGAATA-1	Epithelial	12
TAATTCCTCGCACCTT-1	Epithelial	11
TACAGCAAGAACTCCT-1	Epithelial	15
TACAGCAAGAGGCCTA-1	Epithelial	3
TACAGCAAGATATGAC-1	Epithelial	1
TACAGCAAGCTCGTTA-1	Epithelial	15
TACAGCAAGGCAATTA-1	Epithelial	11
TACAGCAAGGTAAGTT-1	Epithelial	18
TACAGCAAGGTTCGTT-1	Epithelial	3
TACAGCAAGTATGGGC-1	Epithelial	1
TACAGCAAGTGTCACT-1	Epithelial	13
TACAGCACAATGACTC-1	Epithelial	16
TACAGCACACATTGCA-1	Epithelial	7
TACAGCAGTAACCCAT-1	Epithelial	6
TACAGCAGTCATGAGG-1	Myeloid	17
TACAGCAGTGATGCGA-1	Myeloid	0
TACAGCAGTGGATTCT-1	Epithelial	5
TACAGCATCCATAGGT-1	Epithelial	16
TACAGCATCCTGAAAC-1	Epithelial	10
TACAGCATCGTGAGTT-1	Epithelial	7
TACAGCATCTCTGAGA-1	Myeloid	17
TACATGGAGACAGCTG-1	Stromal	9
TACATGGAGACCATAA-1	Epithelial	11
TACATGGAGACGTCAG-1	Epithelial	2
TACATGGAGGCAGTAC-1	Epithelial	15
TACATGGAGTCCGGAA-1	Epithelial	12
TACATGGAGTCGACCC-1	Epithelial	13
TACATGGCAAGGCGTA-1	Epithelial	15
TACATGGCAGACCTGC-1	Epithelial	3
TACATGGCATCCATAG-1	T	4
TACATGGGTGTGTGCC-1	Epithelial	1
TACATGGGTTGGACGA-1	Epithelial	6
TACATGGGTTTCCGGG-1	Epithelial	1
TACATGGTCAATCGTG-1	Epithelial	19
TACATGGTCCATATCT-1	Epithelial	19
TACATGGTCGCTCTAC-1	Epithelial	6
TACATGGTCTGGCGCA-1	Epithelial	19
TACATTCAGCAACTGG-1	Epithelial	16
TACATTCAGCGCGTTC-1	Epithelial	6
TACATTCAGGCAAGGG-1	Epithelial	15
TACATTCAGTTCTCCC-1	Epithelial	2
TACATTCCACGTGAAG-1	Epithelial	6
TACATTCCACTCAGCG-1	Epithelial	18
TACATTCCATAGATAG-1	Epithelial	6
TACATTCGTTCGGGAA-1	Epithelial	12
TACATTCTCCCACTTG-1	T	4
TACATTCTCCTGAAAC-1	Epithelial	5
TACATTCTCGATTACG-1	Epithelial	10
TACATTCTCGTTGTAG-1	Epithelial	2
TACATTCTCGTTGTTT-1	Epithelial	1
TACATTCTCTCTTAAC-1	Epithelial	15
TACCCTGAGAAGCCTG-1	Epithelial	11
TACCCTGAGACGTCAG-1	Epithelial	1
TACCCTGAGATGTTGA-1	Epithelial	16
TACCCTGAGCTCCGGT-1	Epithelial	5
TACCCTGAGGGAAGCG-1	Myeloid	17
TACCCTGAGTAACTCC-1	Myeloid	0
TACCCTGAGTCCAGAG-1	Epithelial	6
TACCCTGCAACGTAGG-1	Myeloid	0
TACCCTGCAAGTCTGT-1	Myeloid	17
TACCCTGCAATTAGGA-1	Myeloid	0
TACCCTGCACGCGACT-1	Epithelial	16
TACCCTGCACGCGCAT-1	Epithelial	1
TACCCTGCACTCGCAG-1	Epithelial	6
TACCCTGCAGGGAGTT-1	Epithelial	18
TACCCTGCATAGTCCA-1	Epithelial	13
TACCCTGCATGGCCCA-1	Myeloid	17
TACCCTGGTATGCTAC-1	Epithelial	18
TACCCTGGTTAAGTCC-1	Epithelial	18
TACCCTGTCCGGCGAT-1	Epithelial	18
TACCCTGTCGAAGCCC-1	Epithelial	13
TACCCTGTCGGCATAT-1	Epithelial	13
TACCCTGTCTACTGCC-1	Epithelial	6
TACCCTGTCTCTATTG-1	Epithelial	18
TACCCTGTCTGTGTCC-1	Epithelial	2
TACCCTGTCTGTTTAC-1	Stromal	9
TACCCTGTCTTACCTA-1	Myeloid	17
TACCTATAGGCGATTG-1	Epithelial	19
TACCTATAGTACAACA-1	Epithelial	15
TACCTATAGTGAGCTG-1	Epithelial	6
TACCTATCAAGTTGCT-1	Epithelial	2
TACCTATCAATAGTGA-1	Epithelial	15
TACCTATCAGTCAGCC-1	Epithelial	15
TACCTATGTAGACGCA-1	Epithelial	19
TACCTATTCTCCTTGG-1	Epithelial	2
TACCTATTCTCGTGAA-1	Epithelial	7
TACCTATTCTGAGTAC-1	Epithelial	11
TACCTATTCTTGTCAT-1	Epithelial	5
TACCTCGAGCAGAATT-1	Epithelial	15
TACCTCGAGCGTCTGC-1	Epithelial	13
TACCTCGAGGGATCCA-1	Epithelial	15
TACCTCGAGTCCAGAG-1	Epithelial	15
TACCTCGAGTGCTAGG-1	Epithelial	10
TACCTCGCACGCTAAT-1	Epithelial	11
TACCTCGCACTCCCAT-1	T	4
TACCTCGCATGCACTA-1	Epithelial	14
TACCTCGGTACTATGC-1	Epithelial	16
TACCTCGGTCTAAGAA-1	Epithelial	15
TACCTCGGTGCTTACA-1	Epithelial	18
TACCTCGGTTGGAGGT-1	Epithelial	5
TACCTCGTCCACGAGC-1	Epithelial	11
TACCTCGTCTATTTCG-1	Stromal	8
TACGCAAAGCGCAATG-1	Epithelial	11
TACGCAAAGGGTTCCC-1	Epithelial	1
TACGCAAAGGTAGGCT-1	Epithelial	18
TACGCAAAGTCTGTGT-1	Epithelial	3
TACGCAAAGTGAATAC-1	Epithelial	7
TACGCAACAAGATGCG-1	Myeloid	17
TACGCAACAATACTGC-1	Epithelial	18
TACGCAACACCGTTGG-1	Epithelial	7
TACGCAACACGCGCAT-1	Epithelial	2
TACGCAACACTGTCAA-1	Epithelial	19
TACGCAACAGAGATGC-1	Epithelial	6
TACGCAACAGATAAGT-1	Epithelial	1
TACGCAACAGGTCTGC-1	Epithelial	18
TACGCAACATCCTGGG-1	Epithelial	3
TACGCAACATTTGGCA-1	Stromal	9
TACGCAAGTAGATTAG-1	Epithelial	13
TACGCAAGTCTAACCA-1	Epithelial	6
TACGCAAGTGCTTACA-1	Epithelial	15
TACGCAAGTGGCATAG-1	Epithelial	1
TACGCAAGTTAAGTCC-1	Myeloid	0
TACGCAAGTTGAAGCG-1	Epithelial	6
TACGCAAGTTTGATCG-1	Epithelial	6
TACGCAATCCCAGCGA-1	Epithelial	15
TACGCAATCCTTCGAC-1	Epithelial	11
TACGCAATCTACCCGT-1	Myeloid	17
TACGCAATCTTCATAC-1	Myeloid	0
TACGCAATCTTGTGCC-1	Epithelial	7
TACGCCTAGAACGACC-1	Epithelial	12
TACGCCTAGATCGATA-1	Epithelial	18
TACGCCTAGGCTCCTG-1	T	4
TACGCCTAGTATAGTG-1	Epithelial	6
TACGCCTAGTCCAGAG-1	T	4
TACGCCTAGTGAGCAC-1	Epithelial	11
TACGCCTCAACGACAG-1	Epithelial	11
TACGCCTCACAACGGA-1	Myeloid	0
TACGCCTCAGAACGAC-1	Epithelial	7
TACGCCTGTGCAAGAC-1	Epithelial	12
TACGCCTGTGCGACCT-1	Epithelial	19
TACGCCTGTTTGTACG-1	Epithelial	5
TACGCCTTCAAGTTGC-1	Epithelial	11
TACGCCTTCACTCCCA-1	Epithelial	2
TACGCCTTCCAAGTCA-1	Epithelial	6
TACGCCTTCGTGTGCG-1	Epithelial	15
TACGCCTTCTGATCTT-1	Epithelial	3
TACGGATAGAGTTTGA-1	Epithelial	12
TACGGATAGCTGAGGT-1	Epithelial	15
TACGGATAGGAGGCGA-1	Epithelial	16
TACGGATAGTACAGTA-1	Myeloid	0
TACGGATAGTCGTGAG-1	Epithelial	16
TACGGATCAAAGAGAG-1	Myeloid	0
TACGGATCAGCGCGTT-1	Epithelial	3
TACGGATGTAATGTGA-1	Stromal	9
TACGGATGTACATGGG-1	Stromal	8
TACGGATGTCAGAAAT-1	Epithelial	18
TACGGATGTGCAAAGC-1	Epithelial	3
TACGGATGTGCACATT-1	Epithelial	1
TACGGATTCCGGGCAT-1	Epithelial	1
TACTAGGAGAGTAAGG-1	Myeloid	0
TACTAGGAGAGTTCGG-1	T	4
TACTAGGAGGTACACG-1	Epithelial	15
TACTAGGCAAATTGAG-1	Epithelial	3
TACTAGGCAACTAGAA-1	Epithelial	18
TACTAGGCACCTACCT-1	Epithelial	10
TACTAGGCACCTGAAT-1	Epithelial	2
TACTAGGCAGGAGCAT-1	Myeloid	0
TACTAGGCATGGCCTG-1	Epithelial	2
TACTAGGGTCGCGCTA-1	Epithelial	13
TACTAGGGTGGTTCTA-1	Epithelial	19
TACTAGGGTTTGGATC-1	T	4
TACTAGGTCAACACGT-1	Epithelial	10
TACTAGGTCCCGGGTA-1	Epithelial	10
TACTAGGTCCTGAAAC-1	Epithelial	1
TACTAGGTCGATGCAT-1	Epithelial	10
TACTAGGTCGTGGCGT-1	Myeloid	0
TACTAGGTCTCCACTG-1	Epithelial	18
TACTCGCAGATCCGAG-1	Epithelial	5
TACTCGCAGCTGGAGT-1	Myeloid	0
TACTCGCAGGCAGTGT-1	Epithelial	11
TACTCGCAGGTGTCGA-1	Epithelial	15
TACTCGCAGTCACACT-1	Epithelial	6
TACTCGCAGTGCACAG-1	Epithelial	16
TACTCGCCAAGGCTTT-1	Epithelial	5
TACTCGCCAATTGTGC-1	Epithelial	2
TACTCGCCACATATCG-1	Epithelial	5
TACTCGCGTAATGTAG-1	Epithelial	18
TACTCGCGTACCTATG-1	Epithelial	15
TACTCGCGTATTCTCT-1	T	4
TACTCGCGTCCACCAG-1	Epithelial	18
TACTCGCTCAGCACGC-1	Epithelial	5
TACTCGCTCCAAGTCA-1	Epithelial	6
TACTCGCTCCAATCCC-1	Myeloid	0
TACTCGCTCCCGTAGG-1	Epithelial	15
TACTGCCAGAACCATA-1	Epithelial	19
TACTGCCAGAGAGGTA-1	Epithelial	5
TACTGCCAGCTATCGT-1	Epithelial	19
TACTGCCAGTGAATAC-1	T	4
TACTGCCCAAGGATGC-1	Epithelial	1
TACTGCCCACAGCTTA-1	Epithelial	11
TACTGCCCACATTGCA-1	Epithelial	13
TACTGCCGTAGTATCC-1	Epithelial	2
TACTGCCGTCAACTAC-1	Epithelial	15
TACTGCCGTGCCGGTT-1	Epithelial	11
TACTGCCGTGGTACTT-1	Epithelial	2
TACTGCCGTTATAGAG-1	Epithelial	11
TACTGCCGTTGCTTGA-1	Epithelial	5
TACTGCCTCGGTCAGC-1	Epithelial	2
TACTGCCTCTCGCGGA-1	Epithelial	10
TACTGCCTCTCTGAGA-1	Epithelial	16
TAGACTGAGAAGACTT-1	Epithelial	15
TAGACTGAGAGTTTGA-1	Epithelial	13
TAGACTGAGATTGACA-1	Epithelial	16
TAGACTGAGGACCGAT-1	Epithelial	5
TAGACTGAGTCGGGAT-1	T	4
TAGACTGCAAATTGAG-1	Epithelial	12
TAGACTGCAAGCCTTA-1	Myeloid	17
TAGACTGCAATAGTGA-1	Stromal	9
TAGACTGCACAAACGG-1	Myeloid	0
TAGACTGGTACGCCCA-1	T	4
TAGACTGTCCTCAAGA-1	T	4
TAGACTGTCTGTAGAC-1	Epithelial	18
TAGCACAAGCATGTGG-1	Epithelial	2
TAGCACAAGCGGACTA-1	Epithelial	3
TAGCACAAGGCATGCA-1	Epithelial	18
TAGCACACAAGCAATA-1	Epithelial	1
TAGCACACAATCATCG-1	Epithelial	1
TAGCACACACGCTGTG-1	Myeloid	17
TAGCACACATAGAATG-1	T	4
TAGCACACATCCGTGG-1	Epithelial	18
TAGCACACATGCCCTT-1	Epithelial	10
TAGCACACATTGTGAC-1	Myeloid	17
TAGCACAGTGATGTGG-1	Epithelial	5
TAGCACAGTGCATTCA-1	Epithelial	10
TAGCACAGTTGTATCG-1	Stromal	8
TAGCACAGTTTGGATC-1	Epithelial	6
TAGCACATCCATACGA-1	Myeloid	17
TAGCACATCGCCGAAC-1	Epithelial	1
TAGCACATCTCGCGGA-1	T	4
TAGCACATCTGATCTT-1	Epithelial	5
TAGCATGAGAAGAGTG-1	Epithelial	15
TAGCATGAGATACCAA-1	Epithelial	1
TAGCATGAGGACTAGC-1	Epithelial	18
TAGCATGAGTACGCGA-1	Epithelial	3
TAGCATGAGTGATAAC-1	Myeloid	17
TAGCATGCAAACCGAG-1	Epithelial	1
TAGCATGCACAAGTGG-1	Epithelial	3
TAGCATGCACATCATG-1	Epithelial	16
TAGCATGCAGGTCCTG-1	Epithelial	11
TAGCATGCATCGAGTT-1	Epithelial	11
TAGCATGGTATTCGAC-1	Epithelial	19
TAGCATGGTCGAGGAT-1	Epithelial	5
TAGCATGGTTAGGAGC-1	Epithelial	5
TAGCATGTCGCTAGTA-1	Epithelial	16
TAGCATGTCTCGCGGA-1	Epithelial	14
TAGCCCTAGAATATCG-1	Epithelial	14
TAGCCCTAGAGCACTG-1	Epithelial	16
TAGCCCTAGTACAACA-1	Epithelial	2
TAGCCCTAGTCTTAGC-1	T	4
TAGCCCTCAGTTGCAT-1	Epithelial	16
TAGCCCTCATCGACCG-1	Myeloid	17
TAGCCCTCATCGCCTT-1	Epithelial	14
TAGCCCTCATTCACCC-1	T	4
TAGCCCTGTGAATCAA-1	Epithelial	12
TAGCCCTGTGAATCGG-1	T	4
TAGCCCTGTTCTCGAA-1	Myeloid	17
TAGCCCTGTTGGCTTA-1	Epithelial	16
TAGCCCTTCACTTACT-1	T	4
TAGCCCTTCAGCACTA-1	Epithelial	10
TAGCCCTTCATGAACC-1	Epithelial	11
TAGCCCTTCCGGGCAT-1	Epithelial	18
TAGCCCTTCCTCATTA-1	Epithelial	15
TAGCCCTTCGCTTGAA-1	Epithelial	18
TAGCCCTTCTCTGTTA-1	Epithelial	13
TAGCCGGAGAACAGGA-1	Epithelial	1
TAGCCGGAGTGAGCTG-1	Epithelial	6
TAGCCGGCATACTGCA-1	Epithelial	12
TAGCCGGGTATCTGCA-1	Myeloid	17
TAGCCGGGTCCGTCGA-1	Epithelial	6
TAGCCGGTCAGGATCT-1	Epithelial	16
TAGCCGGTCCACTAGA-1	T	4
TAGCCGGTCCATACGA-1	T	4
TAGCCGGTCGCACAAT-1	Epithelial	6
TAGCCGGTCGCATACA-1	Epithelial	12
TAGCCGGTCGGTCTCT-1	Myeloid	17
TAGCGGCAGATGGGAA-1	Epithelial	10
TAGCGGCAGCATTCCA-1	Stromal	9
TAGCGGCAGCCATTCA-1	Epithelial	6
TAGCGGCAGGCCAGTA-1	Epithelial	18
TAGCGGCAGTCTCTAG-1	Myeloid	17
TAGCGGCCAAACGTTC-1	Epithelial	14
TAGCGGCCAACTCCCT-1	Epithelial	1
TAGCGGCCAGTAGTCT-1	Myeloid	0
TAGCGGCCATCTCACC-1	Stromal	9
TAGCGGCCATTTAGGC-1	Epithelial	11
TAGCGGCGTAGAATAC-1	Epithelial	10
TAGCGGCGTATCGCGC-1	T	4
TAGCGGCGTGGTCGAA-1	Epithelial	6
TAGCGGCTCAGTGGTT-1	Epithelial	16
TAGCGGCTCCAGGTCG-1	Stromal	9
TAGCGGCTCCATTGAG-1	Epithelial	7
TAGCGGCTCCCGTATC-1	Epithelial	5
TAGCGGCTCGATAGCT-1	Epithelial	1
TAGCGGCTCGTTCTAT-1	Epithelial	7
TAGCGGCTCTCGGCGA-1	Epithelial	2
TAGCTTTAGAATGCTA-1	Myeloid	17
TAGCTTTAGCACCATT-1	Epithelial	11
TAGCTTTAGCCAGAAC-1	Epithelial	7
TAGCTTTAGCGTATCT-1	Myeloid	17
TAGCTTTAGGTAGGCT-1	Epithelial	1
TAGCTTTAGTATACGA-1	Epithelial	10
TAGCTTTAGTGATATG-1	Epithelial	13
TAGCTTTCAACCTCCT-1	Myeloid	0
TAGCTTTCACTCCTCA-1	Epithelial	15
TAGCTTTCATCGTGAT-1	Epithelial	12
TAGCTTTGTAACGGTG-1	Epithelial	15
TAGCTTTGTCCAAGAG-1	Epithelial	18
TAGCTTTGTGAATACA-1	T	4
TAGCTTTGTGGACTGA-1	Epithelial	5
TAGCTTTTCATTGCCC-1	Epithelial	3
TAGCTTTTCGACTGGC-1	Epithelial	3
TAGCTTTTCGTCCCTA-1	Epithelial	7
TAGCTTTTCTTAAGCG-1	Epithelial	15
TAGGAGGAGAACCCGA-1	Myeloid	0
TAGGAGGAGATGAGGA-1	T	4
TAGGAGGAGTACGCGA-1	Epithelial	1
TAGGAGGAGTAGGTCG-1	Epithelial	16
TAGGAGGAGTCCGTGC-1	T	4
TAGGAGGCAACGTCGC-1	Epithelial	6
TAGGAGGCAAGCGGTA-1	Epithelial	3
TAGGAGGCAAGGGTAC-1	Epithelial	2
TAGGAGGGTGAGTTGG-1	Epithelial	19
TAGGAGGGTGATAAGT-1	Epithelial	2
TAGGAGGTCATCGCAA-1	Stromal	8
TAGGAGGTCCAACGCG-1	Epithelial	10
TAGGAGGTCCACTAGA-1	Epithelial	2
TAGGAGGTCGACTTAG-1	Epithelial	10
TAGGTCAAGACACGGT-1	Epithelial	18
TAGGTCAAGCATGTGG-1	Epithelial	3
TAGGTCAAGGCGATTG-1	Epithelial	3
TAGGTCAAGGGATCCA-1	Epithelial	2
TAGGTCAAGGGTCTGA-1	Epithelial	18
TAGGTCAAGTGATTAG-1	Epithelial	7
TAGGTCACAAATTGAG-1	Stromal	9
TAGGTCACAAGGAAGA-1	Epithelial	6
TAGGTCACAAGGGTAC-1	Epithelial	11
TAGGTCACAATGACTC-1	Epithelial	11
TAGGTCACACAGTTCA-1	Epithelial	2
TAGGTCACATCATGTG-1	Epithelial	2
TAGGTCAGTCCCGAGT-1	Epithelial	11
TAGGTCAGTCGTCGCA-1	Epithelial	7
TAGGTCAGTGAATGGC-1	Epithelial	6
TAGGTCATCAGCACTA-1	Epithelial	10
TAGGTCATCGATATGC-1	Epithelial	15
TAGGTCATCGTCTTAT-1	Epithelial	13
TAGGTCATCTTCTTCC-1	Epithelial	19
TAGGTGTAGAACCATA-1	Epithelial	1
TAGGTGTAGAAGACTT-1	Epithelial	11
TAGGTGTAGGCAAGGG-1	Epithelial	11
TAGGTGTAGGCGACTA-1	Epithelial	12
TAGGTGTAGTATCTGC-1	Epithelial	5
TAGGTGTAGTCTGCTA-1	T	4
TAGGTGTAGTTACACC-1	Epithelial	3
TAGGTGTCAATGGCAG-1	Stromal	9
TAGGTGTCAGCAACAG-1	Epithelial	3
TAGGTGTCAGCGTACC-1	Epithelial	15
TAGGTGTCATCGCCTT-1	Epithelial	5
TAGGTGTCATGCCCTT-1	Epithelial	11
TAGGTGTCATGTGAGG-1	Epithelial	18
TAGGTGTGTCAGTGCC-1	Stromal	9
TAGGTGTGTCTGGGCT-1	Epithelial	2
TAGGTGTGTGCATCAT-1	Epithelial	2
TAGGTGTGTTAGAGAT-1	Epithelial	7
TAGGTGTGTTGGCTTA-1	Epithelial	7
TAGGTGTTCAAGAGAT-1	Epithelial	16
TAGGTGTTCGTGGGTC-1	Epithelial	18
TAGGTGTTCGTTGTTT-1	Epithelial	1
TAGTCCCAGAAAGCAG-1	Epithelial	13
TAGTCCCAGACACGGT-1	Myeloid	17
TAGTCCCAGACGAAAG-1	Epithelial	12
TAGTCCCAGAGCCACA-1	Epithelial	5
TAGTCCCAGCTGAATA-1	Epithelial	1
TAGTCCCCAAAGCTGG-1	Epithelial	2
TAGTCCCCAATGTAAG-1	Epithelial	6
TAGTCCCCACGCTGTG-1	Epithelial	2
TAGTCCCCACTGTCGG-1	Epithelial	1
TAGTCCCCAGATTTGC-1	Myeloid	17
TAGTCCCCATTAACGC-1	Stromal	8
TAGTCCCGTCCGGTAC-1	Epithelial	16
TAGTCCCGTGCTAGTT-1	Stromal	9
TAGTCCCGTGGTAAGC-1	Epithelial	18
TAGTCCCGTTGGCTTA-1	Epithelial	15
TAGTCCCGTTTAGACC-1	Epithelial	16
TAGTCCCGTTTCCACC-1	T	4
TAGTCCCTCGCCAGAC-1	Epithelial	13
TAGTCCCTCGGCATAT-1	Epithelial	7
TAGTCCCTCTCTATCA-1	Myeloid	0
TAGTCCCTCTTACGGA-1	Epithelial	13
TAGTCCCTCTTCGTTA-1	Epithelial	12
TATCGAGAGCCATTCA-1	Epithelial	12
TATCGAGAGGCCAATG-1	Epithelial	11
TATCGAGCAAATAGTG-1	Epithelial	2
TATCGAGCAACTCGAT-1	Epithelial	15
TATCGAGCACCATTCC-1	Epithelial	1
TATCGAGGTGTGTGTT-1	Epithelial	18
TATCGAGGTTACGAAA-1	Epithelial	5
TATCGAGTCAGGGTTT-1	Epithelial	12
TATCGAGTCAGTGGTT-1	Epithelial	16
TATCGAGTCAGTGTAC-1	Epithelial	6
TATCGAGTCGGGAATG-1	Epithelial	6
TATCGAGTCTGTTGCC-1	Epithelial	10
TATCGAGTCTTAAGCG-1	Stromal	8
TATCTGTAGAATACTG-1	Epithelial	16
TATCTGTAGAGGTCCA-1	Epithelial	18
TATCTGTCACAGCCAC-1	Epithelial	18
TATCTGTCAGGAGCAT-1	Epithelial	5
TATCTGTCAGGCTACC-1	Epithelial	3
TATCTGTCATACTGCA-1	Epithelial	5
TATCTGTCATAGTCCA-1	T	4
TATCTGTGTAACACTC-1	Epithelial	1
TATCTGTGTACGGAGT-1	T	4
TATCTGTGTAGTCTGT-1	T	4
TATCTGTGTGGACCAA-1	Epithelial	7
TATCTGTGTTGGTAAA-1	Epithelial	16
TATCTGTTCGAGGTCC-1	Epithelial	7
TATCTGTTCGGTCAGC-1	Epithelial	15
TATCTGTTCTACATCT-1	T	4
TATGTGGAGAAGCCGT-1	Epithelial	12
TATGTGGAGCGCATTT-1	Epithelial	12
TATGTGGAGTAGGTCG-1	Epithelial	5
TATGTGGCACAGATGG-1	Myeloid	17
TATGTGGCACCACAGC-1	Epithelial	16
TATGTGGCATTACTCT-1	Epithelial	3
TATGTGGGTCATTGGT-1	Epithelial	15
TATGTGGGTCTGGGAA-1	Epithelial	12
TATGTGGGTGCGTCCA-1	Epithelial	15
TATGTGGGTTACACTG-1	Epithelial	3
TATGTGGTCATCGCCT-1	Epithelial	3
TATGTGGTCGCAACTA-1	Epithelial	15
TATGTGGTCGCCAGAC-1	T	4
TATGTGGTCGCCTTAC-1	Myeloid	0
TATGTGGTCGCGTGAC-1	Epithelial	14
TATGTTCAGGGCATTG-1	Myeloid	0
TATGTTCAGGGTCCCT-1	Epithelial	16
TATGTTCAGTGAATAC-1	Epithelial	15
TATGTTCAGTGCTAGG-1	Epithelial	13
TATGTTCCAAATAGTG-1	Epithelial	16
TATGTTCCAGCGTGAA-1	Epithelial	2
TATGTTCCATGGCCTG-1	Epithelial	2
TATGTTCGTAACTGAA-1	Epithelial	15
TATGTTCGTGCAAGCA-1	Epithelial	16
TATGTTCGTGCCCTAG-1	Myeloid	17
TATGTTCGTTCTACCC-1	Stromal	9
TATGTTCGTTCTGAAC-1	Epithelial	6
TATGTTCTCCAATAGC-1	Myeloid	0
TATGTTCTCCCGATTC-1	Myeloid	17
TATGTTCTCGCAAACT-1	Epithelial	3
TATGTTCTCGCACAAT-1	Epithelial	2
TATGTTCTCTGGGCGT-1	Myeloid	0
TATTGCTAGGACCGAT-1	Epithelial	12
TATTGCTCACTGGGCT-1	Epithelial	5
TATTGCTCATCATAGC-1	Epithelial	18
TATTGCTCATCGGCTG-1	Epithelial	16
TATTGCTCATGTGGGA-1	Myeloid	17
TATTGCTGTAGCTGTT-1	T	4
TATTGCTGTATCTGCA-1	Epithelial	15
TATTGCTGTATGGATA-1	Epithelial	11
TATTGCTGTGCATCAT-1	Epithelial	2
TATTGCTGTGCTAGTT-1	Epithelial	3
TATTGCTTCCCAGCGA-1	Epithelial	1
TATTGCTTCTGGACAT-1	Epithelial	16
TATTGCTTCTTAAGCG-1	Epithelial	13
TCAAAGCAGATGGGAA-1	Epithelial	1
TCAAAGCAGATTGACA-1	Epithelial	12
TCAAAGCAGCATGTGG-1	Epithelial	16
TCAAAGCAGGCTCCTG-1	Epithelial	15
TCAAAGCAGTCTGGGA-1	Epithelial	2
TCAAAGCAGTGTCCCG-1	Epithelial	16
TCAAAGCCAATGACTC-1	Epithelial	3
TCAAAGCCACCCTTTG-1	Myeloid	0
TCAAAGCCAGCAACCC-1	T	4
TCAAAGCCAGTCAGCC-1	Epithelial	1
TCAAAGCCAGTGCGAA-1	Stromal	9
TCAAAGCCATAGTCCA-1	Myeloid	0
TCAAAGCCATGGCCTG-1	Myeloid	0
TCAAAGCGTCGTAGTT-1	Stromal	9
TCAAAGCGTGCATTCA-1	Epithelial	6
TCAAAGCGTGTACGCC-1	Epithelial	16
TCAAAGCGTTGCTTGA-1	Myeloid	0
TCAAAGCTCCTTTGAT-1	Epithelial	13
TCAAAGCTCGATAGCT-1	Epithelial	2
TCAAAGCTCGCACAAT-1	Epithelial	15
TCAAAGCTCGGTCTCT-1	Myeloid	17
TCAAGACAGAACGCCA-1	Epithelial	10
TCAAGACAGAGCTGTG-1	Epithelial	16
TCAAGACAGCGGACAT-1	Epithelial	2
TCAAGACAGGTTGTGG-1	Epithelial	6
TCAAGACCAGGTAGCA-1	Epithelial	16
TCAAGACCATCATCGA-1	Epithelial	15
TCAAGACGTCCAGACC-1	Epithelial	16
TCAAGACGTCCGTGCA-1	T	4
TCAAGACGTCTGATTG-1	Epithelial	6
TCAAGACGTGTGTGCC-1	Epithelial	18
TCAAGACGTTTCGATG-1	Myeloid	17
TCAAGACTCAAGAGGC-1	Epithelial	5
TCAAGACTCCCAATGA-1	Epithelial	5
TCAAGACTCCGAGAGA-1	Myeloid	0
TCAAGACTCGTGAACT-1	Epithelial	1
TCAAGACTCTCCCTTT-1	Epithelial	3
TCAAGCAAGCGTAGCA-1	Epithelial	2
TCAAGCAAGTGATTAG-1	Epithelial	16
TCAAGCACAGCGTACC-1	T	4
TCAAGCAGTACAAGCG-1	T	4
TCAAGCAGTAGCAGGT-1	Myeloid	0
TCAAGCAGTGAAACAT-1	Epithelial	15
TCAAGCAGTGATTCCA-1	Myeloid	0
TCAAGCAGTGCATCAT-1	T	4
TCAAGCATCACTACCC-1	Epithelial	2
TCAAGCATCCAAGAGG-1	Epithelial	13
TCAAGCATCTATCTCA-1	Epithelial	15
TCAAGGTAGATGTTCC-1	Epithelial	7
TCAAGGTAGCGTCTGC-1	Epithelial	6
TCAAGGTAGCTCCGGT-1	Myeloid	0
TCAAGGTAGTAATCAG-1	Epithelial	11
TCAAGGTCAAACCTAC-1	Epithelial	19
TCAAGGTCAAAGAAGG-1	Epithelial	10
TCAAGGTCAAGCAATA-1	Myeloid	17
TCAAGGTCACCTGTGG-1	Epithelial	18
TCAAGGTCAGCGTCGT-1	Myeloid	0
TCAAGGTCAGCTATAC-1	Epithelial	13
TCAAGGTCATTCTTTG-1	Epithelial	11
TCAAGGTGTAGAATAC-1	Epithelial	15
TCAAGGTGTGGACTGA-1	Epithelial	19
TCAAGGTGTTACCCAA-1	Epithelial	3
TCAAGGTGTTATAGAG-1	Epithelial	13
TCAAGGTTCCAAGTCA-1	Epithelial	2
TCAAGGTTCGTGGGTC-1	Epithelial	7
TCAAGGTTCGTTCTAT-1	Epithelial	15
TCAAGGTTCTATGAGC-1	Epithelial	3
TCAATTCAGAGGCAGG-1	Myeloid	0
TCAATTCAGGTTGACG-1	Myeloid	17
TCAATTCAGTCTTAGC-1	Epithelial	15
TCAATTCAGTGGGACT-1	Epithelial	15
TCAATTCAGTTTGGAA-1	Epithelial	16
TCAATTCGTGAATACA-1	Epithelial	11
TCAATTCGTGAATCAA-1	Epithelial	16
TCAATTCTCATTCGGA-1	Epithelial	13
TCAATTCTCCATGTTT-1	Epithelial	6
TCAATTCTCGCTTGAA-1	Myeloid	0
TCAATTCTCGGTCCGA-1	Epithelial	15
TCAATTCTCTCCAACC-1	Epithelial	7
TCAATTCTCTCCCTTT-1	Epithelial	10
TCACAAGAGAACTCCT-1	Myeloid	17
TCACAAGAGCCTATAC-1	Epithelial	16
TCACAAGAGTGATCTC-1	Epithelial	1
TCACAAGAGTTACACC-1	Epithelial	2
TCACAAGCAAAGACGC-1	Epithelial	19
TCACAAGCAACGCACC-1	Epithelial	7
TCACAAGCAGCCGAAA-1	Epithelial	16
TCACAAGCAGCGTACC-1	Epithelial	13
TCACAAGCATCCCTCA-1	Myeloid	0
TCACAAGGTAACATAG-1	Stromal	9
TCACAAGGTAACGGAC-1	Epithelial	13
TCACAAGGTAGACGCA-1	Epithelial	11
TCACAAGGTCCCTTTG-1	Epithelial	1
TCACAAGGTGGACAGT-1	Epithelial	2
TCACAAGGTTGGGAAC-1	Epithelial	13
TCACAAGTCACCACAA-1	Epithelial	3
TCACAAGTCAGTGTGT-1	Epithelial	3
TCACAAGTCCAGAATC-1	Epithelial	12
TCACAAGTCCAGGGAA-1	Epithelial	15
TCACAAGTCCCAGCGA-1	T	4
TCACAAGTCCCGTATC-1	Epithelial	16
TCACAAGTCCGTGCGA-1	Epithelial	16
TCACAAGTCGCTTACC-1	Epithelial	3
TCACAAGTCGGATGTT-1	Epithelial	19
TCACAGAAGATCACCT-1	Epithelial	11
TCACAGACAAGCCAGA-1	Myeloid	0
TCACAGACACACATGT-1	Epithelial	12
TCACAGACACCACAGC-1	Myeloid	0
TCACAGACACGACGAA-1	Epithelial	19
TCACAGACACGCTAAT-1	Epithelial	2
TCACAGACAGACTAAA-1	Epithelial	5
TCACAGACATGGGACA-1	Epithelial	6
TCACAGACATTCTTTG-1	Epithelial	10
TCACAGAGTACAAGCG-1	Epithelial	3
TCACAGAGTCTGGGCT-1	Epithelial	2
TCACAGAGTTGTGACT-1	Epithelial	18
TCACAGAGTTTAAGCC-1	T	4
TCACAGATCACAGGGA-1	Epithelial	14
TCACAGATCCAATAGC-1	Epithelial	19
TCACAGATCCACGGCA-1	Epithelial	16
TCACAGATCGCAACTA-1	Myeloid	17
TCACAGATCGGGAAAC-1	Epithelial	1
TCACAGATCTATTTCG-1	Epithelial	12
TCACAGATCTTAACGG-1	Epithelial	3
TCACCACAGAACTAAC-1	Epithelial	6
TCACCACAGCTGGAGT-1	Epithelial	13
TCACCACAGGCAATTA-1	Myeloid	0
TCACCACAGGGTGTTG-1	Myeloid	0
TCACCACCACCATTCC-1	Epithelial	19
TCACCACCACCTGGTG-1	Epithelial	7
TCACCACCACGCTGTG-1	Myeloid	0
TCACCACCACGGCCAT-1	Epithelial	19
TCACCACCACTCGTGG-1	Myeloid	17
TCACCACGTAACCCAT-1	Epithelial	14
TCACCACGTAGCTGTT-1	T	4
TCACCACGTGACCAGA-1	Epithelial	6
TCACCACGTTCTTTCA-1	Epithelial	3
TCACCACGTTTGTAGC-1	Epithelial	15
TCACCACTCCATACGA-1	Epithelial	2
TCACCACTCCTGAAAC-1	Epithelial	1
TCACCACTCGCTACCT-1	Epithelial	14
TCACCACTCGGGCTCA-1	Epithelial	16
TCACCACTCTGTGTCC-1	Epithelial	18
TCACCTGAGACTAGGC-1	Stromal	8
TCACCTGAGAGAGTTT-1	Epithelial	6
TCACCTGAGCTCGTTA-1	Epithelial	16
TCACCTGAGGCCAATG-1	Stromal	9
TCACCTGCAACAACTC-1	Epithelial	2
TCACCTGCACTTATGG-1	Epithelial	5
TCACCTGCAGTCCTGG-1	Epithelial	18
TCACCTGCATTCTCGC-1	Epithelial	15
TCACCTGGTCCAGACC-1	Epithelial	3
TCACCTGGTCTGTTGA-1	Epithelial	3
TCACCTGGTGCACATT-1	Myeloid	0
TCACCTGTCACCCGGA-1	Epithelial	6
TCACCTGTCTAAACGC-1	Epithelial	3
TCACCTGTCTACCCGT-1	Epithelial	11
TCACCTGTCTCCAACC-1	Epithelial	16
TCACCTGTCTCTGTTA-1	Epithelial	13
TCACTCGAGAAGACTT-1	Epithelial	16
TCACTCGAGATTAGAC-1	Epithelial	3
TCACTCGAGGCTTTAC-1	Epithelial	11
TCACTCGAGTAGTGTA-1	T	4
TCACTCGAGTCCTTCC-1	Epithelial	6
TCACTCGCAAGACACG-1	Epithelial	11
TCACTCGCAATTCAGC-1	Myeloid	17
TCACTCGCACTCCTCA-1	Epithelial	10
TCACTCGCAGATTAAG-1	Epithelial	11
TCACTCGCAGTAACTC-1	Epithelial	18
TCACTCGCATCGACGC-1	Epithelial	11
TCACTCGGTCAGCAAG-1	Epithelial	1
TCACTCGGTTTCCACC-1	Epithelial	12
TCACTCGGTTTCCGGG-1	Epithelial	10
TCACTCGTCAGTACAC-1	Epithelial	15
TCACTCGTCAGTCTTT-1	Epithelial	11
TCACTCGTCAGTTGAC-1	Epithelial	2
TCACTCGTCCATCATT-1	Myeloid	0
TCACTCGTCGCTTGAA-1	Epithelial	1
TCACTCGTCGGGCTCA-1	Epithelial	14
TCACTCGTCGTCCCAT-1	Myeloid	0
TCAGCTCAGCCTATAC-1	Epithelial	13
TCAGCTCAGGAAGACA-1	Epithelial	1
TCAGCTCAGTAGTTCC-1	Epithelial	2
TCAGCTCAGTCATACC-1	Epithelial	11
TCAGCTCAGTCCCTCT-1	Epithelial	11
TCAGCTCAGTCGACCC-1	Epithelial	15
TCAGCTCCAAACCCTA-1	Stromal	9
TCAGCTCCAACTCGAT-1	Myeloid	17
TCAGCTCCACTCCCAT-1	Epithelial	16
TCAGCTCCAGGCATTT-1	Epithelial	15
TCAGCTCCATTACCTT-1	Epithelial	10
TCAGCTCGTCCGTCGA-1	T	4
TCAGCTCGTCGTAATC-1	Epithelial	7
TCAGCTCGTGGACGAT-1	Epithelial	14
TCAGCTCGTTCCATCC-1	Myeloid	0
TCAGCTCGTTTGCCAA-1	Epithelial	15
TCAGCTCTCACTCCCA-1	Epithelial	19
TCAGCTCTCGCCCTTA-1	Epithelial	2
TCAGCTCTCGGCAATT-1	Epithelial	6
TCAGCTCTCTCTGAGA-1	T	4
TCAGGGCAGAACGACC-1	Epithelial	3
TCAGGGCAGGGTTCTT-1	Myeloid	0
TCAGGGCAGTGGGACT-1	Epithelial	1
TCAGGGCCAACGTCCG-1	Myeloid	17
TCAGGGCCATCCCGGA-1	Myeloid	17
TCAGGGCGTGTTGTTG-1	Myeloid	0
TCAGGGCGTTGTGACT-1	Myeloid	17
TCAGGGCGTTTCTCTA-1	Epithelial	10
TCAGGGCTCCGCCTAT-1	Epithelial	1
TCAGGGCTCGACTATG-1	Epithelial	11
TCAGGGCTCGAGTGTT-1	Epithelial	1
TCAGGGCTCGCTATAG-1	Epithelial	5
TCAGGGCTCTGTGTGA-1	Myeloid	17
TCAGGGCTCTTAATCC-1	T	4
TCAGGGCTCTTCCGTG-1	Epithelial	10
TCAGGTAAGCATACCT-1	Stromal	9
TCAGGTAAGTCCCGCA-1	Stromal	8
TCAGGTAAGTGAGCTG-1	Epithelial	18
TCAGGTACACAAGTGG-1	Epithelial	11
TCAGGTACACAGGAAC-1	Epithelial	2
TCAGGTACACTCAAGT-1	Epithelial	11
TCAGGTACAGGACCTC-1	Epithelial	13
TCAGGTACATAGCAGG-1	Epithelial	16
TCAGGTACATCGCTAA-1	Epithelial	5
TCAGGTAGTAATGTAG-1	Epithelial	13
TCAGGTAGTACATGGG-1	Epithelial	18
TCAGGTAGTACCTATG-1	Epithelial	16
TCAGGTAGTGAATCGG-1	Epithelial	16
TCAGGTATCAGGCCGT-1	Epithelial	16
TCAGGTATCTACTTTG-1	Myeloid	0
TCAGGTATCTCATATC-1	Epithelial	2
TCAGGTATCTGCTACC-1	Epithelial	5
TCAGTCCAGCAATAAC-1	Epithelial	10
TCAGTCCAGCAGAAAG-1	Stromal	9
TCAGTCCAGTCAACTC-1	Epithelial	15
TCAGTCCCAAGCACTT-1	Epithelial	18
TCAGTCCCAGAGTCGA-1	Myeloid	17
TCAGTCCCATGGCCGT-1	Epithelial	1
TCAGTCCGTACGGAGT-1	Epithelial	14
TCAGTCCGTACTAGAA-1	Epithelial	2
TCAGTCCGTCGCGCTA-1	Epithelial	1
TCAGTCCGTGATGTGG-1	Epithelial	19
TCAGTCCGTTAACTCG-1	T	4
TCAGTCCGTTTCCGGG-1	Epithelial	10
TCAGTCCTCACATCCC-1	Stromal	9
TCAGTCCTCCCACTAC-1	Epithelial	2
TCAGTCCTCGAGTTAC-1	Epithelial	6
TCAGTCCTCTTGTCGC-1	Epithelial	3
TCAGTTTAGAATATCG-1	Epithelial	5
TCAGTTTAGGTACATA-1	Epithelial	18
TCAGTTTAGTATCTGC-1	Epithelial	13
TCAGTTTAGTCACACT-1	T	4
TCAGTTTCAAGCGTCC-1	Epithelial	16
TCAGTTTCAAGTCCTA-1	Myeloid	17
TCAGTTTCACGCTGTG-1	Epithelial	11
TCAGTTTCAGCGTAGA-1	Epithelial	7
TCAGTTTGTAAACGAT-1	Epithelial	12
TCAGTTTTCAGCACGC-1	Epithelial	5
TCAGTTTTCAGTACAC-1	Epithelial	10
TCAGTTTTCCCGAAGC-1	Epithelial	2
TCAGTTTTCGCCCTTA-1	Epithelial	12
TCAGTTTTCGGGTCCA-1	Epithelial	19
TCAGTTTTCTGGACAT-1	Epithelial	10
TCCAGAAAGAGGAAGT-1	Epithelial	18
TCCAGAAAGGCTCCTG-1	Myeloid	17
TCCAGAACAGGTGTCC-1	Epithelial	19
TCCAGAAGTAATGTAG-1	Epithelial	1
TCCAGAAGTTACTACG-1	Stromal	9
TCCAGAATCCAAGAGG-1	Myeloid	0
TCCAGAATCCCGAAGC-1	Epithelial	18
TCCAGAATCGCTATTT-1	Epithelial	18
TCCAGAATCGGTCGAC-1	Stromal	9
TCCAGAATCTCTGACC-1	T	4
TCCATCGAGAGACTCG-1	Epithelial	18
TCCATCGAGCCATTCA-1	Myeloid	17
TCCATCGAGGCGTAGT-1	Epithelial	6
TCCATCGCAGAACAGC-1	Myeloid	17
TCCATCGCATCCTCGT-1	Epithelial	13
TCCATCGCATTGTTCT-1	Epithelial	15
TCCATCGGTCAAACAA-1	T	4
TCCATCGTCAGTGGTT-1	Epithelial	3
TCCATCGTCCAGCACG-1	T	4
TCCATCGTCCAGGCCA-1	Epithelial	12
TCCATCGTCTTGTCAT-1	Epithelial	18
TCCCACAAGATGAGGA-1	Epithelial	6
TCCCACAAGGAATGGA-1	Epithelial	6
TCCCACAAGGATTAAC-1	Epithelial	1
TCCCACAAGGTAGGAA-1	Epithelial	7
TCCCACAAGTCGCCTG-1	Epithelial	6
TCCCACACACAATAAG-1	Epithelial	7
TCCCACACACAGAAGC-1	Myeloid	17
TCCCACACATCCCAAA-1	Epithelial	12
TCCCACACATGTATCG-1	Epithelial	11
TCCCACAGTCTGCGCA-1	Myeloid	17
TCCCACAGTTCCTATT-1	Epithelial	16
TCCCACATCCATAACG-1	Myeloid	17
TCCCACATCCGCGATG-1	Epithelial	11
TCCCACATCTCATATC-1	Epithelial	3
TCCCACATCTGGCACG-1	T	4
TCCCACATCTGTAGAC-1	Epithelial	1
TCCGACTAGAGAACCC-1	Epithelial	2
TCCGACTAGGCTAAAT-1	Epithelial	16
TCCGACTAGGCTTAAA-1	Epithelial	5
TCCGACTAGGGAAATG-1	Epithelial	2
TCCGACTAGTCTAGAA-1	Epithelial	18
TCCGACTAGTTCAACC-1	Epithelial	12
TCCGACTCATGACTGT-1	Epithelial	15
TCCGACTGTAACATAG-1	Epithelial	3
TCCGACTGTATTCGAC-1	Epithelial	2
TCCGACTTCCGATTGA-1	Epithelial	10
TCCGACTTCGAAGCCC-1	Myeloid	17
TCCGACTTCTACTGCC-1	Epithelial	1
TCCGACTTCTGTTTAC-1	Epithelial	15
TCCGACTTCTTCGTTA-1	Stromal	9
TCGAGCGAGAACCATA-1	Epithelial	12
TCGAGCGAGCTTACCA-1	Myeloid	17
TCGAGCGAGGATCCTT-1	Epithelial	3
TCGAGCGAGTCTGTGT-1	Epithelial	15
TCGAGCGAGTGCCCTG-1	Epithelial	3
TCGAGCGCACGACGAA-1	Epithelial	15
TCGAGCGCAGAAAGAG-1	T	4
TCGAGCGCAGCTGATT-1	Epithelial	13
TCGAGCGCATTTAGGC-1	Epithelial	5
TCGAGCGGTCATAGAA-1	Stromal	9
TCGAGCGGTCGAGAAC-1	Epithelial	10
TCGAGCGGTGAGTAAT-1	Myeloid	0
TCGAGCGGTTGCAGCC-1	Epithelial	2
TCGAGCGTCAACACGT-1	Epithelial	16
TCGAGCGTCCGAATTG-1	Epithelial	19
TCGAGCGTCTCCTTAA-1	Myeloid	17
TCGAGCGTCTGCGTCT-1	Myeloid	17
TCGATTTAGCCATCAT-1	Epithelial	1
TCGATTTAGCGAATAT-1	Epithelial	12
TCGATTTAGGCAAGGG-1	Epithelial	13
TCGATTTAGTCCTTCC-1	T	4
TCGATTTCAATTGCCA-1	T	4
TCGATTTCACAACGGA-1	Myeloid	0
TCGATTTCAGCAACAG-1	Epithelial	3
TCGATTTCATATACGC-1	Epithelial	10
TCGATTTGTAATGTGA-1	Epithelial	2
TCGATTTGTAGCATGG-1	Epithelial	7
TCGATTTGTCTGGATT-1	Epithelial	12
TCGATTTGTGTCTACA-1	Epithelial	7
TCGATTTGTGTTGTTG-1	Epithelial	5
TCGATTTGTTGCAGAG-1	Myeloid	17
TCGATTTGTTTAGGAA-1	Epithelial	18
TCGATTTTCATCGCTC-1	Epithelial	13
TCGATTTTCCAAGTCA-1	Epithelial	3
TCGATTTTCCCACTAC-1	Epithelial	15
TCGATTTTCCCAGTAA-1	Epithelial	19
TCGATTTTCGTCTTAT-1	Epithelial	19
TCGATTTTCGTTACAG-1	T	4
TCGCAGGAGAACCCGA-1	Epithelial	6
TCGCAGGAGAACTCCT-1	Myeloid	17
TCGCAGGAGAATACTG-1	T	4
TCGCAGGAGGCGTCCT-1	Epithelial	16
TCGCAGGAGGGAGTTC-1	Myeloid	0
TCGCAGGAGGTAAGCC-1	Epithelial	2
TCGCAGGAGTGAAACT-1	Epithelial	18
TCGCAGGCAAGCAATA-1	Epithelial	10
TCGCAGGCATTTGGCA-1	Epithelial	13
TCGCAGGGTCGCTAGC-1	Myeloid	0
TCGCAGGGTCTGGTCG-1	Epithelial	5
TCGCAGGGTGAGCTAG-1	Epithelial	5
TCGCAGGGTGGAAGCT-1	Epithelial	2
TCGCAGGGTTGAATAG-1	Epithelial	13
TCGCAGGTCGCCGAAC-1	Epithelial	7
TCGCAGGTCGGGACAA-1	Epithelial	15
TCGCAGGTCTGGACAT-1	Epithelial	15
TCGCCTAAGACACGGT-1	Epithelial	5
TCGCCTAAGGCAGTGT-1	Epithelial	16
TCGCCTAAGGTTCGTT-1	Epithelial	2
TCGCCTAAGTCTGGGA-1	Epithelial	18
TCGCCTACAAGGTCGA-1	Epithelial	10
TCGCCTACAGGGTACA-1	Epithelial	16
TCGCCTACATGGTTTG-1	Epithelial	6
TCGCCTAGTAACCCAT-1	Epithelial	12
TCGCCTAGTCAGGTGA-1	Epithelial	18
TCGCCTAGTGGCCTCA-1	Epithelial	2
TCGCCTAGTTCATTTC-1	Epithelial	11
TCGCCTATCACTCCCA-1	Myeloid	0
TCGCCTATCGATCGCG-1	Myeloid	17
TCGCCTATCGCCGAAC-1	Epithelial	10
TCGCCTATCTATGAGC-1	Epithelial	1
TCGCCTATCTTAGTGG-1	Epithelial	16
TCGGGACAGAACCATA-1	Epithelial	13
TCGGGACAGAGGAACA-1	Epithelial	10
TCGGGACAGCATGATA-1	T	4
TCGGGACAGGCCTAAG-1	Epithelial	5
TCGGGACAGGGAAGCG-1	Epithelial	10
TCGGGACAGTAACACA-1	Epithelial	16
TCGGGACAGTATGCTC-1	Epithelial	5
TCGGGACAGTGAGCTG-1	Epithelial	2
TCGGGACCAAACGTTC-1	Epithelial	18
TCGGGACCAAAGCATA-1	Epithelial	19
TCGGGACCACCACAGC-1	Myeloid	17
TCGGGACCACTCCACT-1	Epithelial	12
TCGGGACCAGATTTGC-1	Epithelial	14
TCGGGACCATATACGC-1	Epithelial	16
TCGGGACCATTATGGC-1	Myeloid	17
TCGGGACGTCATTGGT-1	Epithelial	13
TCGGGACGTCCTATTT-1	Epithelial	6
TCGGGACGTGCGCTCA-1	Stromal	9
TCGGGACGTGTGTGCC-1	Epithelial	7
TCGGGACTCAGGTCTA-1	Epithelial	16
TCGGGACTCCGCCTAT-1	Epithelial	15
TCGGGACTCGATGTGT-1	Epithelial	10
TCGGGACTCGTGTGCG-1	Epithelial	18
TCGGGACTCTTCATAC-1	Epithelial	11
TCGTTCGAGAACGTCG-1	Epithelial	2
TCGTTCGAGACCCTAT-1	Epithelial	10
TCGTTCGAGACGTCAG-1	Epithelial	16
TCGTTCGAGATCCGAG-1	Epithelial	6
TCGTTCGAGTCGGGAT-1	Epithelial	6
TCGTTCGCAATTGGCT-1	Epithelial	16
TCGTTCGCACCCTTAC-1	Epithelial	2
TCGTTCGCAGAACTTC-1	Epithelial	16
TCGTTCGCAGGCATTT-1	Epithelial	11
TCGTTCGCAGTAGTTC-1	Epithelial	10
TCGTTCGCATCGACCG-1	Epithelial	16
TCGTTCGGTAATGCAA-1	Myeloid	17
TCGTTCGGTACCGGCT-1	Epithelial	13
TCGTTCGGTGCATTGT-1	Epithelial	11
TCGTTCGGTGGTACTT-1	Epithelial	5
TCGTTCGGTTCTTTGT-1	Epithelial	19
TCGTTCGGTTGGTAAA-1	Myeloid	0
TCGTTCGTCAATTCCT-1	Epithelial	6
TCGTTCGTCACTTACT-1	Epithelial	11
TCGTTCGTCAGGTTTG-1	Epithelial	11
TCTAGTTAGAGCTCCC-1	Epithelial	3
TCTAGTTAGATTGACA-1	Stromal	9
TCTAGTTAGCAATAAC-1	Epithelial	11
TCTAGTTAGGAAGAAC-1	Myeloid	0
TCTAGTTCACTAGGAG-1	Epithelial	15
TCTAGTTCAGGGTAAC-1	Epithelial	1
TCTAGTTCATGCGCTG-1	Epithelial	13
TCTAGTTCATGGTTTG-1	Epithelial	14
TCTAGTTCATTCTCGC-1	Epithelial	18
TCTAGTTGTACCCATA-1	Epithelial	16
TCTAGTTGTCAACAGG-1	Epithelial	16
TCTAGTTGTGCAAAGC-1	Epithelial	16
TCTAGTTTCCAGGGAA-1	Epithelial	6
TCTAGTTTCCGTCAAA-1	Epithelial	18
TCTAGTTTCCTGACCT-1	T	4
TCTAGTTTCTATAGGC-1	Myeloid	0
TCTAGTTTCTCAGATG-1	T	4
TCTAGTTTCTGAAAGA-1	Epithelial	18
TCTATTGAGCTTTCCC-1	Epithelial	7
TCTATTGCAACGACAG-1	Epithelial	5
TCTATTGCAACGTAGG-1	Epithelial	6
TCTATTGGTAACAATG-1	Epithelial	16
TCTATTGGTAGAGAGA-1	Myeloid	0
TCTATTGGTGACAAGC-1	Stromal	9
TCTATTGGTGCAAGAC-1	Epithelial	18
TCTATTGGTTTAAGGA-1	Myeloid	17
TCTATTGTCAGGTCTA-1	Epithelial	3
TCTATTGTCGCCACTT-1	Epithelial	11
TCTCAGCAGACTAGCG-1	Epithelial	12
TCTCAGCAGGATTGAT-1	Epithelial	13
TCTCAGCCAAGTCTGT-1	Epithelial	15
TCTCAGCCAGGCATCC-1	Epithelial	6
TCTCAGCGTAAGCCGA-1	T	4
TCTCAGCGTACGTAAA-1	Epithelial	15
TCTCAGCGTATCTGCA-1	Epithelial	1
TCTCAGCGTCCCTTTG-1	Stromal	9
TCTCAGCGTCGAGAAC-1	Epithelial	15
TCTCAGCGTGCACTTA-1	Myeloid	0
TCTCAGCGTTCAGTTG-1	Epithelial	7
TCTCAGCTCCTAAAGC-1	Epithelial	10
TCTCAGCTCGAGAACG-1	Epithelial	10
TCTCTGGAGAAATGGG-1	T	4
TCTCTGGAGTGAACCG-1	Epithelial	6
TCTCTGGCACAGATGG-1	Epithelial	15
TCTCTGGCACCGTCTT-1	Myeloid	0
TCTCTGGCACGATATC-1	Epithelial	2
TCTCTGGCACGTTAGT-1	Epithelial	16
TCTCTGGCATCTCACC-1	Epithelial	13
TCTCTGGCATGACTGT-1	Epithelial	15
TCTCTGGGTATGGGTG-1	Epithelial	16
TCTCTGGGTCCGGTAC-1	Epithelial	6
TCTCTGGGTCTCTAAG-1	Epithelial	1
TCTCTGGGTGGAAGCT-1	Epithelial	10
TGAATCGAGACTCTTG-1	T	4
TGAATCGAGAGACTCG-1	T	4
TGAATCGAGATGAGGA-1	Epithelial	15
TGAATCGAGATTCCGT-1	Stromal	8
TGAATCGAGCAGGAGG-1	Epithelial	18
TGAATCGAGGCATGCA-1	Epithelial	2
TGAATCGAGTCGGGAT-1	Epithelial	13
TGAATCGCAATTGGCT-1	Epithelial	5
TGAATCGCACTTATGG-1	Epithelial	13
TGAATCGCATCCCAAA-1	Epithelial	2
TGAATCGGTGCCCGAT-1	T	4
TGAATCGTCCCTAAAG-1	Epithelial	13
TGAATCGTCGCGCTGA-1	Myeloid	17
TGAATCGTCGGTCTAA-1	Epithelial	3
TGAATCGTCGTATAGC-1	T	4
TGACAACAGATATGAC-1	Epithelial	2
TGACAACAGATCGCCC-1	Epithelial	19
TGACAACAGGCCAGTA-1	Epithelial	15
TGACAACAGTCCCGCA-1	Myeloid	0
TGACAACAGTTGGAAT-1	Epithelial	18
TGACAACCACCTCGTT-1	T	4
TGACAACCACTGATTG-1	Myeloid	0
TGACAACCAGGGAGTT-1	Epithelial	13
TGACAACCATGGGTGA-1	Myeloid	0
TGACAACCATGTGGGA-1	T	4
TGACAACGTAACTCCA-1	Epithelial	3
TGACAACGTAGGTGAC-1	Epithelial	6
TGACAACGTCATTGGT-1	Stromal	9
TGACAACGTGAATACA-1	Epithelial	11
TGACAACGTGCTAGTT-1	Epithelial	2
TGACAACTCACTCGGG-1	Epithelial	19
TGACAACTCAGATACC-1	T	4
TGACAACTCATTCTTG-1	Epithelial	19
TGACAACTCCATAACG-1	Epithelial	11
TGACAACTCCATTGAG-1	Epithelial	16
TGACAACTCCTCCAGT-1	T	4
TGACAACTCGTGGTAT-1	Epithelial	15
TGACAACTCTCAGATG-1	Epithelial	7
TGACTCCAGACCAATA-1	Epithelial	18
TGACTCCAGCAATAAC-1	Epithelial	10
TGACTCCAGGAGTAGA-1	Epithelial	15
TGACTCCAGGTGTTGG-1	Epithelial	6
TGACTCCAGTGAACCG-1	Epithelial	6
TGACTCCCACATTCTT-1	T	4
TGACTCCCACCTATTT-1	Epithelial	12
TGACTCCCACGCTGTG-1	Epithelial	19
TGACTCCCAGAAGTGC-1	T	4
TGACTCCCATAGTCCA-1	Epithelial	15
TGACTCCCATCTGCAA-1	Epithelial	3
TGACTCCCATTCTTTG-1	Epithelial	18
TGACTCCCATTGTTCT-1	Epithelial	13
TGACTCCGTAAAGGCC-1	Epithelial	16
TGACTCCGTATTCGAC-1	Epithelial	16
TGACTCCGTCGATAGG-1	Epithelial	1
TGACTCCTCTTCCAGC-1	Epithelial	12
TGAGCCGAGAACTAAC-1	Myeloid	0
TGAGCCGAGCTGAAAT-1	Epithelial	16
TGAGCCGAGTCTTAGC-1	Epithelial	11
TGAGCCGAGTGAGTGC-1	Epithelial	2
TGAGCCGCAAAGGTCG-1	Epithelial	13
TGAGCCGCAACTACTG-1	Myeloid	0
TGAGCCGCAATTAGGA-1	Epithelial	2
TGAGCCGGTAGAAAGG-1	Epithelial	6
TGAGCCGGTAGCATGG-1	Epithelial	18
TGAGCCGGTGGAAAGA-1	Epithelial	7
TGAGCCGGTGGTAGAC-1	Epithelial	2
TGAGCCGGTGGTTCTA-1	Epithelial	13
TGAGCCGGTTAGGAAT-1	Epithelial	11
TGAGCCGGTTAGGAGC-1	Myeloid	17
TGAGCCGGTTCATTTC-1	Epithelial	1
TGAGCCGTCCCAATAG-1	Myeloid	0
TGAGCCGTCCGTTAGA-1	Epithelial	1
TGAGCCGTCCTCCAGT-1	Epithelial	16
TGAGCCGTCGTGAACT-1	T	4
TGAGCCGTCTCTTCTC-1	T	4
TGAGCCGTCTTATCAC-1	Epithelial	2
TGAGTCAAGAGTTCGG-1	T	4
TGAGTCAAGATCGATA-1	Epithelial	16
TGAGTCAAGATGAGGA-1	Epithelial	10
TGAGTCAAGCTGGAGT-1	Epithelial	5
TGAGTCACACAGTTCA-1	Epithelial	1
TGAGTCACACTCCACT-1	Epithelial	5
TGAGTCACAGTGGTCC-1	Epithelial	12
TGAGTCACATGTATCG-1	Epithelial	16
TGAGTCAGTATTTGCG-1	Epithelial	5
TGAGTCAGTCCGCTTT-1	Epithelial	2
TGAGTCAGTCCTCAGG-1	T	4
TGAGTCAGTCGGCTGT-1	Epithelial	13
TGAGTCAGTGATGCGA-1	Epithelial	16
TGAGTCAGTGCTGGCT-1	Epithelial	15
TGAGTCAGTTACCCAA-1	Epithelial	5
TGAGTCATCACTTACT-1	Epithelial	18
TGAGTCATCCGGCTGA-1	Epithelial	3
TGATCAGAGAGAGGTA-1	Epithelial	11
TGATCAGAGGCAAGCT-1	Epithelial	6
TGATCAGAGGCAATTA-1	Myeloid	17
TGATCAGAGGGATCCA-1	T	4
TGATCAGAGTCCCTCT-1	Epithelial	11
TGATCAGAGTGAGTGC-1	Epithelial	11
TGATCAGCACACATTG-1	Epithelial	3
TGATCAGCACCTCGTT-1	Myeloid	0
TGATCAGCACTCGGAC-1	Epithelial	14
TGATCAGCATCAGCTA-1	Stromal	9
TGATCAGCATTTAGGC-1	Epithelial	18
TGATCAGGTAGCATGG-1	Epithelial	18
TGATCAGGTAGCGGTA-1	Epithelial	15
TGATCAGGTATGTCCA-1	Epithelial	13
TGATCAGGTCCTTATT-1	Epithelial	12
TGATCAGGTGTTGGTT-1	Epithelial	6
TGATCAGGTTCCGCGA-1	Epithelial	1
TGATCAGGTTCTGAAC-1	Epithelial	19
TGATCAGTCAGTGTAC-1	Myeloid	0
TGATCAGTCCGCTCTA-1	Epithelial	19
TGATGCAAGTGTCCCG-1	Epithelial	12
TGATGCACAATGGCAG-1	Epithelial	11
TGATGCACAGGCACAA-1	Epithelial	19
TGATGCACAGGGTAAC-1	Epithelial	3
TGATGCACATAGCCAT-1	Epithelial	15
TGATGCAGTACTAGAA-1	Epithelial	1
TGATGCAGTAGGTCTT-1	Epithelial	15
TGATGCAGTCCGTGCA-1	Epithelial	2
TGATGCAGTCTGGTCG-1	Epithelial	19
TGATGCAGTGCGCATC-1	Epithelial	10
TGATGCATCCATAACG-1	Stromal	8
TGATGCATCCGCTCTA-1	Stromal	8
TGATTTCAGAACGTCG-1	Epithelial	18
TGATTTCAGAGCAGCT-1	Myeloid	0
TGATTTCAGAGGAACA-1	Epithelial	13
TGATTTCAGGAAACTT-1	Epithelial	18
TGATTTCAGTAATCAG-1	Myeloid	0
TGATTTCCAACACGGA-1	Epithelial	2
TGATTTCCAAGGATGC-1	Epithelial	13
TGATTTCCATAGGCGA-1	Epithelial	2
TGATTTCCATCCATAG-1	Myeloid	0
TGATTTCGTGATGTGG-1	Epithelial	16
TGATTTCTCAAGGCAG-1	T	4
TGATTTCTCACAGGGA-1	T	4
TGATTTCTCCTGGAAT-1	Epithelial	18
TGCACCTAGAACGTTA-1	Epithelial	10
TGCACCTAGACGCCCT-1	Epithelial	13
TGCACCTAGGAAGACA-1	Epithelial	6
TGCACCTCAAACCCTA-1	Epithelial	11
TGCACCTCAGCGTACC-1	Epithelial	16
TGCACCTGTAATGCAA-1	Epithelial	15
TGCACCTGTCGAGGAT-1	Epithelial	18
TGCACCTGTGCCAAGA-1	Epithelial	5
TGCACCTTCACCACAA-1	T	4
TGCACCTTCCACGCTT-1	Epithelial	2
TGCACCTTCCTCCAGT-1	Epithelial	13
TGCACCTTCGAGTTAC-1	Epithelial	5
TGCACCTTCGGTCGAC-1	Epithelial	2
TGCACCTTCGGTTAGT-1	Epithelial	10
TGCACCTTCGGTTCCT-1	Epithelial	16
TGCACCTTCTAAACGC-1	Epithelial	18
TGCACCTTCTATACCT-1	Epithelial	10
TGCACCTTCTCCTTAA-1	Stromal	9
TGCACCTTCTGAAAGA-1	Epithelial	12
TGCACCTTCTGACTTT-1	Stromal	9
TGCATGAAGGGCTTCC-1	Epithelial	5
TGCATGACAAAGAGAG-1	Epithelial	18
TGCATGACAACGAGGT-1	Epithelial	1
TGCATGACACACACAT-1	Epithelial	16
TGCATGACATTACTCT-1	Epithelial	3
TGCATGAGTACTAGAA-1	Epithelial	1
TGCATGAGTATCATGC-1	Epithelial	6
TGCATGAGTTTGCATG-1	Myeloid	0
TGCATGATCAAACCAC-1	Myeloid	0
TGCATGATCAAATGGA-1	T	4
TGCATGATCACCGCGA-1	Epithelial	15
TGCATGATCCCAATAG-1	Epithelial	18
TGCATGATCTCAGATG-1	Epithelial	16
TGCATGATCTCCTTGG-1	Epithelial	3
TGCATTTAGAAAGCAG-1	Epithelial	15
TGCATTTAGAAGACTT-1	Epithelial	18
TGCATTTAGCGAGCTA-1	Epithelial	18
TGCATTTAGCTCGGCT-1	Epithelial	15
TGCATTTAGCTGCCAC-1	Epithelial	12
TGCATTTAGGAGACTC-1	Epithelial	5
TGCATTTCAAATTGAG-1	Epithelial	3
TGCATTTCACACACCG-1	Epithelial	15
TGCATTTCAGTAGTTC-1	Epithelial	3
TGCATTTGTAAAGGCC-1	T	4
TGCATTTGTCATCAAC-1	Stromal	8
TGCATTTGTGCTTACA-1	Epithelial	13
TGCATTTGTTACGCTA-1	T	4
TGCATTTTCCGGAAAG-1	Epithelial	1
TGCATTTTCGACTCGG-1	Myeloid	0
TGCATTTTCGTCTTAT-1	Epithelial	5
TGCATTTTCTATCTTG-1	Epithelial	1
TGCCTCACACAGAAGC-1	Epithelial	19
TGCCTCACAGACTAAA-1	Epithelial	15
TGCCTCACAGGTCTGC-1	Epithelial	2
TGCCTCACATCCGTAA-1	Stromal	9
TGCCTCAGTGCAAAGC-1	Epithelial	15
TGCCTCAGTGTTTCTT-1	Epithelial	6
TGCCTCAGTTCTTAGG-1	Epithelial	11
TGCCTCAGTTTCGTTT-1	Epithelial	19
TGCCTCATCCATTGTT-1	Epithelial	11
TGCCTCATCGCTACCT-1	Epithelial	5
TGCCTCATCTAGTCGA-1	Myeloid	17
TGCCTCATCTATGAGC-1	Myeloid	0
TGCCTCATCTCCAACC-1	Epithelial	16
TGCCTCATCTCTGACC-1	Epithelial	16
TGCCTGTAGGAACCGT-1	Epithelial	15
TGCCTGTAGTACTCTG-1	Epithelial	16
TGCCTGTAGTATAGTG-1	Epithelial	1
TGCCTGTCAAAGAGAG-1	Epithelial	16
TGCCTGTCAAGGTCGA-1	Myeloid	0
TGCCTGTCACTCGGAC-1	Epithelial	7
TGCCTGTCAGTTCGGC-1	Epithelial	7
TGCCTGTCATTCGTCC-1	Epithelial	3
TGCCTGTGTCCGTGCA-1	Myeloid	0
TGCCTGTGTCTAACCA-1	Myeloid	17
TGCCTGTGTGAATCGG-1	Epithelial	14
TGCCTGTGTGGGTAGT-1	Epithelial	11
TGCCTGTTCCAAACCA-1	Myeloid	0
TGCCTGTTCGATAGCT-1	Epithelial	18
TGCCTGTTCTACTGCC-1	Epithelial	11
TGCCTGTTCTGATCTT-1	Epithelial	14
TGCGTAAAGAACTAAC-1	Epithelial	16
TGCGTAAAGATGGCAC-1	Epithelial	6
TGCGTAAAGGGTCCCT-1	Epithelial	11
TGCGTAAAGGTAAGTT-1	Epithelial	12
TGCGTAAAGTAGCAAT-1	Epithelial	13
TGCGTAAAGTAGGAAG-1	Epithelial	1
TGCGTAAAGTGATAAC-1	Epithelial	10
TGCGTAAAGTTGCCGC-1	Epithelial	16
TGCGTAACAGATGGCA-1	Myeloid	17
TGCGTAAGTACTTCAG-1	Epithelial	10
TGCGTAAGTGATTCCA-1	Myeloid	17
TGCGTAAGTGTGAGGT-1	Epithelial	6
TGCGTAAGTTCCTATT-1	Stromal	9
TGCGTAATCCATCATT-1	Myeloid	0
TGCGTAATCTCGCGTT-1	Epithelial	11
TGCGTAATCTTAAGCG-1	Epithelial	15
TGCTATTAGAAAGGGT-1	Epithelial	6
TGCTATTAGATGGCAC-1	T	4
TGCTATTAGGTTGTGG-1	Epithelial	1
TGCTATTAGTGTTCCA-1	Epithelial	12
TGCTATTCAACGTCCG-1	Epithelial	3
TGCTATTCAACTCGAT-1	Epithelial	6
TGCTATTCAATTCAGC-1	Myeloid	0
TGCTATTCACACATGT-1	Epithelial	15
TGCTATTCATGGATGG-1	Myeloid	17
TGCTATTCATTAACGC-1	Myeloid	17
TGCTATTCATTACTTC-1	Epithelial	3
TGCTATTGTATCAGCT-1	Epithelial	11
TGCTATTGTCAACAGG-1	Epithelial	3
TGCTATTGTCAGAGTG-1	Epithelial	15
TGCTATTGTTCGGGAA-1	T	4
TGCTATTGTTTAGGAA-1	Epithelial	12
TGCTATTTCCTTTGCG-1	Epithelial	5
TGCTATTTCTTGTACT-1	Stromal	9
TGCTCACAGACAGCTG-1	Epithelial	16
TGCTCACAGCAACGGT-1	Epithelial	2
TGCTCACAGTACCTCA-1	Epithelial	10
TGCTCACCAATGGTAA-1	Myeloid	17
TGCTCACCACATGATC-1	Stromal	9
TGCTCACCAGTAAGAT-1	Epithelial	16
TGCTCACGTATCGCGC-1	Epithelial	12
TGCTCACGTCTGCGCA-1	Epithelial	6
TGCTCACGTTTCAGCA-1	Epithelial	2
TGCTCACGTTTGCATG-1	Epithelial	18
TGCTCACTCGCCCTTA-1	Epithelial	15
TGCTCACTCGCTCGGA-1	Epithelial	15
TGCTCACTCTATCTAC-1	Epithelial	2
TGCTCACTCTCCAACC-1	Epithelial	18
TGCTCACTCTGCGTCT-1	Myeloid	0
TGCTCGTAGAAATCTG-1	Epithelial	16
TGCTCGTAGATCACCT-1	Epithelial	16
TGCTCGTAGCAACGGT-1	Epithelial	6
TGCTCGTAGCGTATCT-1	Epithelial	2
TGCTCGTAGTACCACT-1	Epithelial	3
TGCTCGTAGTGATTAG-1	Epithelial	10
TGCTCGTCAAATAGTG-1	T	4
TGCTCGTCACAGCCAC-1	Myeloid	0
TGCTCGTCACGCTAAT-1	Epithelial	2
TGCTCGTCATTCTTTG-1	Epithelial	6
TGCTCGTGTAGGTCTT-1	Epithelial	5
TGCTCGTGTCATAAGA-1	Epithelial	19
TGCTCGTGTCTGGTCG-1	Epithelial	3
TGCTCGTGTGCCAAGA-1	Epithelial	19
TGCTCGTGTTACGGAG-1	Epithelial	12
TGCTCGTGTTCCGCGA-1	T	4
TGCTCGTTCCATAGGT-1	Epithelial	7
TGCTCGTTCCGCCTAT-1	Epithelial	14
TGCTCGTTCCTTTGAT-1	Epithelial	1
TGCTCGTTCGACTGGC-1	Myeloid	0
TGCTCGTTCGATCGCG-1	Epithelial	6
TGCTCGTTCGTCTTAT-1	Epithelial	11
TGCTCGTTCTATACCT-1	Epithelial	1
TGCTTCGAGGACTTTC-1	Epithelial	1
TGCTTCGAGTAACTCC-1	T	4
TGCTTCGCAAACCCTA-1	Epithelial	15
TGCTTCGCACCGAAAG-1	Myeloid	0
TGCTTCGCACCTATTT-1	Stromal	9
TGCTTCGCACGAACGA-1	Epithelial	6
TGCTTCGCATTAAGGA-1	Epithelial	2
TGCTTCGGTCACATTG-1	Myeloid	0
TGCTTCGGTGGACGAT-1	Epithelial	3
TGCTTCGTCACTGATG-1	T	4
TGCTTCGTCATTCTCA-1	Epithelial	14
TGCTTCGTCCAGTACA-1	Epithelial	7
TGCTTCGTCCGCTCTA-1	Epithelial	13
TGCTTCGTCCTATCAT-1	Epithelial	6
TGCTTCGTCCTCTCTT-1	Epithelial	3
TGCTTCGTCTCTGAGA-1	Epithelial	2
TGCTTTAAGCTATCCA-1	Stromal	8
TGCTTTAAGTCCAGAG-1	Stromal	9
TGCTTTAAGTTCGACT-1	Epithelial	13
TGCTTTACAACTTGGT-1	Epithelial	3
TGCTTTACACGACGAA-1	Epithelial	6
TGCTTTACAGGGAGTT-1	Epithelial	15
TGCTTTACATGACTGT-1	Epithelial	12
TGCTTTACATTACCTT-1	Epithelial	16
TGCTTTACATTGCGAT-1	Epithelial	11
TGCTTTAGTATCACAC-1	Epithelial	1
TGCTTTAGTCGAGAAC-1	Epithelial	3
TGCTTTAGTCGTAATC-1	Epithelial	1
TGCTTTAGTGGAAAGA-1	Epithelial	19
TGCTTTATCAAGTTGC-1	Epithelial	2
TGCTTTATCGATAGCT-1	Epithelial	18
TGCTTTATCGCGTGAC-1	Epithelial	14
TGCTTTATCGGTTGTA-1	Myeloid	17
TGCTTTATCTCTTCCT-1	Myeloid	0
TGGAAGGAGAACAGGA-1	Epithelial	12
TGGAAGGAGAAGGGCG-1	Epithelial	12
TGGAAGGAGAATCAGT-1	Myeloid	0
TGGAAGGAGGCAATTA-1	Epithelial	11
TGGAAGGAGTGCCCTG-1	Epithelial	5
TGGAAGGAGTGTTCCA-1	Epithelial	11
TGGAAGGCATCTGCAA-1	Myeloid	0
TGGAAGGCATTGTTCT-1	Epithelial	3
TGGAAGGGTAGAACGC-1	Myeloid	0
TGGAAGGGTTCTACCC-1	Epithelial	18
TGGAAGGGTTGTATCG-1	Epithelial	16
TGGAAGGTCACAACAC-1	Epithelial	16
TGGAAGGTCCAACCTC-1	Myeloid	17
TGGAAGGTCCATAACG-1	Epithelial	10
TGGAAGGTCCGGGCAT-1	Myeloid	0
TGGAAGGTCGCGCTGA-1	Epithelial	15
TGGAAGGTCTATACCT-1	Epithelial	12
TGGACATAGGGCTCTC-1	Epithelial	16
TGGACATAGTATGGGC-1	Epithelial	3
TGGACATCAAACGACG-1	Myeloid	0
TGGACATCAAAGGAAG-1	Epithelial	3
TGGACATCAATCAGGG-1	Epithelial	16
TGGACATCAGTAAGCG-1	Epithelial	11
TGGACATCAGTTAAAG-1	Epithelial	12
TGGACATCAGTTCGGC-1	Epithelial	1
TGGACATCATGGCCTG-1	Epithelial	2
TGGACATGTACTTCGA-1	Myeloid	17
TGGACATGTAGCTGTT-1	Stromal	9
TGGACATGTCGTCGCA-1	Epithelial	15
TGGACATTCAAGGCAG-1	Epithelial	13
TGGACATTCAGGCGCT-1	Stromal	9
TGGACATTCCATAACG-1	T	4
TGGACATTCCGGAAAG-1	Epithelial	3
TGGACATTCCTTTGCG-1	Epithelial	16
TGGACATTCGCGTTCT-1	Epithelial	2
TGGACATTCTGACTTT-1	T	4
TGGACATTCTTACTCA-1	Epithelial	14
TGGCAATAGAATCAGT-1	Stromal	8
TGGCAATAGAGGTGGG-1	Stromal	9
TGGCAATAGTTATGAG-1	Epithelial	16
TGGCAATCATTGCCTC-1	Myeloid	0
TGGCAATGTTCAGTAC-1	Epithelial	5
TGGCAATTCACCCGGA-1	Epithelial	12
TGGCAATTCACTAGCA-1	Epithelial	19
TGGCAATTCCACTAGA-1	Epithelial	19
TGGCAATTCCCTACGT-1	Epithelial	18
TGGCAATTCGGATGTT-1	Epithelial	18
TGGCAATTCGTGGCGT-1	Epithelial	13
TGGCAATTCTCTGCAC-1	Epithelial	3
TGGCCTTAGACACAAT-1	Myeloid	0
TGGCCTTAGCGAGCTA-1	Epithelial	7
TGGCCTTAGTTCAACC-1	Epithelial	15
TGGCCTTCAATGATGA-1	Epithelial	12
TGGCCTTCACTAGCCG-1	Stromal	9
TGGCCTTCATTAGCAC-1	Epithelial	6
TGGCCTTGTATCCTTT-1	Epithelial	7
TGGCCTTGTGCGTCCA-1	Epithelial	1
TGGCCTTTCATCGCAA-1	Myeloid	0
TGGCCTTTCCCGCAAG-1	Epithelial	3
TGGCCTTTCCGAATTG-1	Stromal	9
TGGCCTTTCGCAACTA-1	Epithelial	12
TGGCCTTTCTATTTCG-1	Stromal	9
TGGCCTTTCTTAATCC-1	Myeloid	0
TGGCGCAAGCCTCGCA-1	Epithelial	2
TGGCGCAAGGATTGCG-1	Epithelial	5
TGGCGCACAATGCATC-1	Myeloid	17
TGGCGCACACCCTTTG-1	Epithelial	2
TGGCGCACACCTACCT-1	Epithelial	6
TGGCGCACAGTGCTCG-1	Epithelial	18
TGGCGCACATAGTCCA-1	Epithelial	14
TGGCGCAGTATCGCGC-1	Epithelial	3
TGGCGCAGTGCACTTA-1	Epithelial	12
TGGCGCAGTGCTGTGC-1	Epithelial	6
TGGCGCAGTGGCCTCA-1	Epithelial	2
TGGCGCAGTGTGCTTA-1	Epithelial	1
TGGCGCATCATCGCAA-1	Epithelial	11
TGGCGCATCGGTCCGA-1	Myeloid	17
TGGCGCATCTACTTTG-1	Epithelial	7
TGGCGCATCTCATCCG-1	Epithelial	13
TGGCGCATCTGCGTCT-1	Epithelial	16
TGGCGCATCTTCACTA-1	Epithelial	6
TGGGTGCAGAGGCGGA-1	Epithelial	15
TGGGTGCAGGAGTAGA-1	Epithelial	5
TGGGTGCAGTTGCGCC-1	Epithelial	14
TGGGTGCCAAAGGAAG-1	Epithelial	7
TGGGTGCCACAGTAGG-1	Epithelial	18
TGGGTGCCACCAAGGA-1	Myeloid	17
TGGGTGCCACTCAAGT-1	Epithelial	16
TGGGTGCCAGCAACAG-1	Epithelial	7
TGGGTGCGTAACACTC-1	Epithelial	5
TGGGTGCGTATCACAC-1	Myeloid	0
TGGGTGCGTGGCCTCA-1	T	4
TGGGTGCTCTTCAGAG-1	Myeloid	17
TGGGTTAAGACAGTGC-1	Epithelial	13
TGGGTTAAGCGCCTAC-1	Epithelial	5
TGGGTTAAGGCCAGTA-1	Epithelial	13
TGGGTTAAGGGATCCA-1	Epithelial	18
TGGGTTAAGTGAGTTA-1	Epithelial	5
TGGGTTACAAAGCTTC-1	Myeloid	17
TGGGTTACAATCCATG-1	Epithelial	16
TGGGTTACACCACCAG-1	Epithelial	12
TGGGTTACAGTTCGGC-1	Epithelial	3
TGGGTTAGTAGATTAG-1	Epithelial	16
TGGGTTAGTTGCCGCA-1	T	4
TGGGTTAGTTTGTACG-1	Epithelial	11
TGGGTTATCAGATACC-1	Epithelial	15
TGGGTTATCGCGTGAC-1	Myeloid	17
TGGGTTATCTGTGTCC-1	Myeloid	17
TGGTCAAAGATCTAAG-1	Epithelial	7
TGGTCAAAGTTAGCAA-1	Epithelial	11
TGGTCAACACGGTTAT-1	Stromal	9
TGGTCAAGTAGATGAT-1	Epithelial	3
TGGTCAAGTAGTATCC-1	Epithelial	12
TGGTCAAGTGCAGACA-1	Myeloid	0
TGGTCAAGTGCATTCA-1	Epithelial	5
TGGTCCTAGAACCATA-1	Epithelial	16
TGGTCCTAGCTTCAAC-1	Epithelial	13
TGGTCCTAGGAAGGTA-1	Epithelial	18
TGGTCCTAGTTCAACC-1	Epithelial	6
TGGTCCTCACAAACGG-1	Epithelial	5
TGGTCCTCAGACTAAA-1	Epithelial	13
TGGTCCTCAGATAAGT-1	Epithelial	6
TGGTCCTCATTAACGC-1	Epithelial	10
TGGTCCTGTCCCTTTG-1	Epithelial	12
TGGTCCTTCCAGTTAG-1	T	4
TGGTCCTTCGTCCCTA-1	Epithelial	3
TGTAAGCAGATGGGAA-1	Epithelial	19
TGTAAGCAGGGTGTTG-1	Epithelial	19
TGTAAGCAGTAATCAG-1	Epithelial	15
TGTAAGCAGTGAGCTG-1	Epithelial	10
TGTAAGCAGTGAGTGC-1	Myeloid	0
TGTAAGCAGTGGGACT-1	T	4
TGTAAGCCACAGCCAC-1	Epithelial	1
TGTAAGCCACGTGAAG-1	T	4
TGTAAGCGTCAACAGG-1	Epithelial	16
TGTAAGCGTGAATACA-1	Epithelial	11
TGTAAGCGTGGAAAGA-1	Myeloid	0
TGTAAGCGTTCAGTTG-1	Epithelial	6
TGTAAGCTCCTCTCTT-1	Epithelial	3
TGTACAGAGAACGCCA-1	Epithelial	12
TGTACAGAGTGAGTGC-1	Stromal	9
TGTACAGCACGACGAA-1	Epithelial	6
TGTACAGCACGGTTAT-1	Epithelial	6
TGTACAGCACTCCACT-1	Epithelial	3
TGTACAGCACTTATGG-1	Epithelial	1
TGTACAGCAGTAACTC-1	Epithelial	15
TGTACAGCATAGTCCA-1	Epithelial	2
TGTACAGGTATATGGA-1	Myeloid	0
TGTACAGGTCATTGCA-1	Epithelial	11
TGTACAGGTTCTTATC-1	Epithelial	16
TGTACAGTCATTCTCA-1	Epithelial	5
TGTACAGTCCATTGAG-1	Epithelial	16
TGTACAGTCCCTAAAG-1	Myeloid	0
TGTACAGTCCGTGCGA-1	Epithelial	5
TGTACAGTCGTGCTTC-1	Epithelial	2
TGTACAGTCTAAACGC-1	T	4
TGTACAGTCTCCAACC-1	Epithelial	12
TGTACAGTCTTAGTGG-1	Epithelial	13
TGTACGAAGCATTGGG-1	Myeloid	17
TGTACGAAGCCGCAAA-1	Epithelial	15
TGTACGAAGCTGAATA-1	Epithelial	1
TGTACGACAGGTCTGC-1	Epithelial	14
TGTACGACATATACGC-1	Epithelial	3
TGTACGACATGATCGT-1	Epithelial	3
TGTACGAGTAGCCATT-1	Epithelial	11
TGTACGAGTAGGTGAC-1	Epithelial	10
TGTACGAGTCGACTGC-1	Epithelial	19
TGTACGAGTGCGTTTA-1	Myeloid	0
TGTACGAGTTGGCTTA-1	Epithelial	12
TGTACGAGTTTGTCTT-1	Epithelial	15
TGTACGATCAAGGCCC-1	Epithelial	2
TGTACGATCACCCTTG-1	Epithelial	10
TGTACGATCCGAGGAA-1	Myeloid	0
TGTACGATCGATGTAC-1	Epithelial	10
TGTACGATCGCCTTAC-1	Stromal	9
TGTACGATCGGTCAGC-1	T	4
TGTACGATCTGCGTCT-1	Epithelial	5
TGTACGATCTTAATCC-1	Epithelial	19
TGTACGATCTTGCGCT-1	Epithelial	18
TGTAGCAAGAAGCCGT-1	Epithelial	3
TGTAGCAAGACTTCCA-1	Epithelial	11
TGTAGCAAGAGAGTAG-1	Epithelial	10
TGTAGCAAGAGCACTG-1	Epithelial	16
TGTAGCAAGCGATACG-1	Epithelial	3
TGTAGCAAGCTCCGGT-1	Myeloid	0
TGTAGCAAGGCTAAAT-1	Myeloid	17
TGTAGCACAAGCTTTG-1	Epithelial	11
TGTAGCACACAGGAAC-1	T	4
TGTAGCACACCATTCC-1	Epithelial	15
TGTAGCACACGTTACA-1	T	4
TGTAGCACAGCAGGTA-1	Epithelial	2
TGTAGCACAGTAAGCG-1	Epithelial	1
TGTAGCACATCCATAG-1	Stromal	8
TGTAGCACATGCTATG-1	Epithelial	5
TGTAGCAGTCTGATTG-1	Epithelial	6
TGTAGCAGTGCTTGAT-1	Epithelial	6
TGTAGCAGTTAACCGT-1	Stromal	9
TGTAGCAGTTACGCTA-1	Stromal	9
TGTAGCAGTTAGCTCA-1	Myeloid	0
TGTAGCATCGTGTGCG-1	Epithelial	7
TGTAGCATCTCGCGTT-1	Epithelial	10
TGTGACAAGAGACTCG-1	Epithelial	10
TGTGACAAGCTACGTT-1	Myeloid	0
TGTGACAAGGACTTTC-1	Epithelial	7
TGTGACAAGGCAAGCT-1	Epithelial	11
TGTGACAAGTCTAGAA-1	T	4
TGTGACAAGTCTCCAA-1	Epithelial	5
TGTGACACAATTGTGC-1	Epithelial	15
TGTGACACAGCAACGA-1	Epithelial	3
TGTGACACATCTCACC-1	Epithelial	13
TGTGACAGTAACCCAT-1	T	4
TGTGACAGTCTCAAAC-1	Stromal	9
TGTGACAGTGAATACA-1	Epithelial	19
TGTGACAGTGGCATAG-1	Epithelial	13
TGTGACATCCAACGCG-1	Epithelial	7
TGTGGCGAGAAGACTT-1	Epithelial	11
TGTGGCGAGACCCTAT-1	Epithelial	16
TGTGGCGAGGTACATA-1	Epithelial	16
TGTGGCGAGTGAATAC-1	Stromal	9
TGTGGCGAGTGCTAGG-1	Epithelial	5
TGTGGCGCATGTCCCT-1	Myeloid	17
TGTGGCGGTAGAAAGG-1	Myeloid	17
TGTGGCGGTATTCTTC-1	Epithelial	18
TGTGGCGGTCCGTGCA-1	Epithelial	11
TGTGGCGTCAACTTGG-1	Epithelial	10
TGTGGCGTCACTAGCA-1	Epithelial	10
TGTGGCGTCAGTCTTT-1	Epithelial	10
TGTGGCGTCATTCATC-1	Epithelial	12
TGTGGCGTCCCAGCGA-1	Epithelial	5
TGTGTCCAGAAAGGGT-1	Myeloid	0
TGTGTCCAGATGGGTC-1	Epithelial	7
TGTGTCCAGGTCGGTA-1	Epithelial	11
TGTGTCCAGGTGTTGG-1	Epithelial	1
TGTGTCCAGTCGAGCA-1	T	4
TGTGTCCCAATCCATG-1	Epithelial	5
TGTGTCCCATTAGCAC-1	Epithelial	5
TGTGTCCGTAGAACGC-1	T	4
TGTGTCCGTCATAGAA-1	Epithelial	18
TGTGTCCGTCGGCTGT-1	Epithelial	3
TGTGTCCGTCTCTGGG-1	Epithelial	6
TGTGTCCGTCTTAGCA-1	Epithelial	16
TGTGTCCTCCTGACCT-1	Myeloid	0
TGTGTCCTCGAACACT-1	Epithelial	6
TGTTAGGAGTACTCTG-1	Epithelial	12
TGTTAGGAGTCCTTCC-1	Myeloid	17
TGTTAGGAGTCTAGAA-1	Epithelial	2
TGTTAGGCAGAGAGAA-1	Epithelial	13
TGTTAGGCAGCAGGTA-1	T	4
TGTTAGGCAGGTAGGT-1	Epithelial	11
TGTTAGGCATCATAGC-1	Epithelial	13
TGTTAGGGTGCAAGAC-1	Epithelial	19
TGTTAGGGTTAAGGGC-1	Epithelial	10
TGTTAGGGTTGCCTGG-1	Epithelial	2
TGTTAGGTCCAATCCC-1	Epithelial	10
TGTTAGGTCCACCTAC-1	Epithelial	7
TGTTAGGTCCATCGAA-1	Epithelial	16
TGTTAGGTCGAAGCCC-1	Epithelial	2
TGTTAGGTCGGTCCGA-1	Epithelial	19
TGTTAGGTCGGTCTCT-1	T	4
TGTTAGGTCGTTCTAT-1	Epithelial	2
TGTTAGGTCTATCTTG-1	Myeloid	0
TGTTAGGTCTTACCTA-1	Epithelial	11
TTAACGGAGCACACCC-1	T	4
TTAACGGAGGACTTTC-1	Epithelial	3
TTAACGGAGTGCTAGG-1	T	4
TTAACGGCACGGCCAT-1	Epithelial	18
TTAACGGCATAGAATG-1	Epithelial	1
TTAACGGGTCCGAGCT-1	Epithelial	16
TTAACGGGTTCTGATG-1	Epithelial	7
TTAACGGTCAGGGTTT-1	Epithelial	10
TTAACGGTCCATCATT-1	Myeloid	0
TTAACGGTCCATCGAA-1	Epithelial	18
TTAACGGTCCGAGAGA-1	Myeloid	0
TTAACGGTCCGGGCAT-1	Epithelial	3
TTAACGGTCCGTCAAA-1	Epithelial	13
TTAACGGTCGATTACG-1	Epithelial	13
TTAACGGTCGCACCTT-1	Epithelial	15
TTACCCGAGCTACGTT-1	Epithelial	13
TTACCCGAGGAAGAAC-1	Epithelial	15
TTACCCGAGGATTGCG-1	Epithelial	1
TTACCCGCAAAGCTTC-1	Epithelial	3
TTACCCGCAATCACTG-1	Epithelial	15
TTACCCGTCATTGCCC-1	Epithelial	3
TTACCCGTCCAGAGAG-1	Epithelial	15
TTACCCGTCCATGTTT-1	Epithelial	15
TTACCCGTCTCTGCAC-1	Stromal	9
TTACCCGTCTGACATG-1	Epithelial	1
TTACCGCAGCGATACG-1	Epithelial	7
TTACCGCAGCTGATTC-1	T	4
TTACCGCAGCTTTCCC-1	Epithelial	10
TTACCGCAGGTCACTT-1	Epithelial	1
TTACCGCAGTACGCGA-1	Epithelial	19
TTACCGCAGTTCAGGG-1	T	4
TTACCGCCACATATCG-1	Myeloid	0
TTACCGCCATGGGTGA-1	Epithelial	18
TTACCGCCATTCCCGT-1	Myeloid	0
TTACCGCGTAACATAG-1	Myeloid	0
TTACCGCGTATTTGCG-1	Epithelial	3
TTACCGCGTGAGTTGG-1	Epithelial	12
TTACCGCGTGTGTGCC-1	Epithelial	11
TTACCGCGTGTTGGTT-1	Epithelial	7
TTACCGCTCCGTGCGA-1	Epithelial	6
TTACCGCTCGGACGAA-1	Epithelial	14
TTACCGCTCTATCCTA-1	Epithelial	2
TTACGGAAGCTCCATA-1	T	4
TTACGGAAGGATTAAC-1	Epithelial	12
TTACGGAAGTTCTCCC-1	Epithelial	6
TTACGGAAGTTGCGCC-1	Epithelial	19
TTACGGACAAACCTAC-1	Epithelial	10
TTACGGACACAAACGG-1	Epithelial	19
TTACGGACAGAATGCG-1	Epithelial	13
TTACGGACAGTTACAC-1	Epithelial	19
TTACGGAGTACCAAGG-1	Epithelial	12
TTACGGAGTAGTGATA-1	Epithelial	10
TTACGGAGTATTGTCG-1	Epithelial	12
TTACGGAGTCAACTGT-1	Epithelial	6
TTACGGAGTTTGATCG-1	Epithelial	10
TTACGGATCAGGCCGT-1	T	4
TTACGGATCCAGGTCG-1	Epithelial	6
TTACGGATCGTGTGCG-1	Myeloid	17
TTACGGATCTGAAAGA-1	Myeloid	17
TTACGTTAGTCAGCCC-1	Stromal	8
TTACGTTCAACGCAAG-1	Epithelial	11
TTACGTTCAAGCAATA-1	Epithelial	15
TTACGTTCAAGGACCA-1	Epithelial	12
TTACGTTCAATCAGGG-1	Epithelial	13
TTACGTTCACCAAGGA-1	Myeloid	0
TTACGTTCACGCGACT-1	Stromal	9
TTACGTTCAGTAACTC-1	Epithelial	19
TTACGTTCATCAACTG-1	Epithelial	2
TTACGTTCATCCGTAA-1	Epithelial	12
TTACGTTGTTACTACG-1	Epithelial	7
TTACGTTTCAAGAGGC-1	Epithelial	11
TTACGTTTCACTAGGT-1	Myeloid	0
TTACGTTTCAGAATGA-1	Epithelial	2
TTACGTTTCCAAGAGG-1	Epithelial	15
TTACGTTTCCTTTGCG-1	Epithelial	6
TTACGTTTCGCGTTCT-1	Epithelial	16
TTACTCAAGAAGCCGT-1	Epithelial	18
TTACTCAAGCGTAGCA-1	Myeloid	0
TTACTCAAGCTATCCA-1	Epithelial	7
TTACTCAAGGTAGGAA-1	Epithelial	6
TTACTCAAGTGAAGGA-1	Epithelial	7
TTACTCACAATAGTGA-1	Epithelial	14
TTACTCACAGGTAGGT-1	Epithelial	15
TTACTCACATTACACG-1	T	4
TTACTCACATTTGTTC-1	Epithelial	12
TTACTCAGTAAACCCT-1	Stromal	9
TTACTCAGTATGGTTC-1	Epithelial	13
TTACTCATCAGGAATA-1	Epithelial	11
TTACTTGAGAAATCTG-1	Epithelial	1
TTACTTGAGGCCAGTA-1	Myeloid	17
TTACTTGAGGTCTTGT-1	Epithelial	12
TTACTTGAGTAGCAAT-1	Myeloid	17
TTACTTGCAACAACTC-1	Epithelial	7
TTACTTGCAACGTACT-1	Epithelial	11
TTACTTGCAAGAGATT-1	Epithelial	12
TTACTTGCAATGCATC-1	Epithelial	1
TTACTTGCACCGATCG-1	Myeloid	0
TTACTTGCACTCAAGT-1	Epithelial	16
TTACTTGCACTCGGAC-1	Epithelial	13
TTACTTGCAGCGTACC-1	Stromal	9
TTACTTGCAGGTCTGC-1	Epithelial	16
TTACTTGCATGGGACA-1	Epithelial	15
TTACTTGGTAGGTGAC-1	Epithelial	6
TTACTTGGTGTGCTTA-1	Epithelial	3
TTACTTGGTTACGCTA-1	Epithelial	7
TTACTTGGTTTGAAGA-1	Epithelial	3
TTACTTGGTTTGCCAA-1	Epithelial	15
TTACTTGTCCGAGGAA-1	Epithelial	16
TTACTTGTCCGTCAAA-1	Myeloid	17
TTACTTGTCCGTTTCG-1	Myeloid	0
TTACTTGTCGCGATGC-1	Epithelial	12
TTACTTGTCGTCTAGA-1	Epithelial	3
TTAGCGAAGAACGTTA-1	Stromal	9
TTAGCGAAGCGTGTTT-1	Epithelial	12
TTAGCGAAGGATATCA-1	Epithelial	19
TTAGCGAAGGCTTTAC-1	Epithelial	19
TTAGCGAAGTACGACG-1	Epithelial	10
TTAGCGAAGTTGTCCA-1	Epithelial	3
TTAGCGACACGCCGAT-1	Epithelial	16
TTAGCGACAGAACGAC-1	Epithelial	19
TTAGCGACATTACTCT-1	Epithelial	10
TTAGCGAGTAGCCATT-1	Epithelial	2
TTAGCGAGTAGTACAA-1	Epithelial	13
TTAGCGAGTCAATCCA-1	Epithelial	7
TTAGCGAGTCATTGCA-1	Epithelial	12
TTAGCGAGTCTGCACG-1	Epithelial	18
TTAGCGAGTGAGTTGG-1	Stromal	9
TTAGCGATCGACCCGA-1	T	4
TTAGCGATCTGCGTCT-1	Epithelial	13
TTAGCGATCTTACTCA-1	Epithelial	1
TTAGCTTAGCTGCCAC-1	Epithelial	2
TTAGCTTAGGAAGAAC-1	Epithelial	1
TTAGCTTAGTCCGATT-1	Stromal	8
TTAGCTTCAAGGATGC-1	Epithelial	14
TTAGCTTCAGCAACGA-1	Epithelial	2
TTAGCTTGTAAACCCT-1	Epithelial	18
TTAGCTTGTTAAGTCC-1	Stromal	9
TTAGCTTGTTTCTCTA-1	Epithelial	18
TTAGCTTTCCAGAGAG-1	Epithelial	13
TTAGCTTTCCGATTGA-1	Epithelial	10
TTAGCTTTCCTCAAGA-1	Epithelial	19
TTAGCTTTCGATATGC-1	Epithelial	14
TTAGCTTTCGATCTTT-1	Epithelial	7
TTAGCTTTCGCCCTTA-1	Epithelial	1
TTAGCTTTCTTGTCAT-1	Epithelial	6
TTAGGTGCAAGGGAGG-1	Epithelial	10
TTAGGTGCAAGGTTCT-1	Epithelial	3
TTAGGTGCAGTATACC-1	Epithelial	1
TTAGGTGCATTTAGGC-1	Stromal	9
TTAGGTGGTACCCACG-1	Epithelial	16
TTAGGTGGTCATCGTA-1	Epithelial	1
TTAGGTGGTGATAACA-1	Epithelial	3
TTAGGTGGTTTGTAGC-1	Epithelial	13
TTAGGTGTCCATGTTT-1	Epithelial	12
TTAGGTGTCGGCAATT-1	Myeloid	0
TTAGGTGTCGTGAACT-1	Myeloid	0
TTATGTCAGATGAGGA-1	Epithelial	6
TTATGTCAGATTCCGT-1	Epithelial	13
TTATGTCAGCCCATGC-1	T	4
TTATGTCAGGAGTACC-1	T	4
TTATGTCAGGATCCTT-1	Myeloid	17
TTATGTCAGGCTTCGC-1	Epithelial	16
TTATGTCAGGTACATA-1	Epithelial	16
TTATGTCAGTGAGTGC-1	Epithelial	6
TTATGTCAGTGTCGCC-1	Epithelial	15
TTATGTCGTAAGGTCG-1	Epithelial	10
TTATGTCGTATCATGC-1	T	4
TTATGTCGTCACTCTC-1	Epithelial	3
TTATGTCGTCCACCAG-1	Epithelial	11
TTATGTCGTCTAAGAA-1	Epithelial	19
TTATGTCGTGCTTGAT-1	Epithelial	5
TTATGTCTCCCGAAGC-1	Epithelial	7
TTATGTCTCTGAGTCA-1	Myeloid	17
TTCAACTAGACGCCAA-1	Epithelial	12
TTCAACTAGGTTCGTT-1	Epithelial	3
TTCAACTCAAGGAACC-1	Epithelial	10
TTCAACTCAGGAGCAT-1	Epithelial	2
TTCAACTCATTACCTT-1	Epithelial	6
TTCAACTGTCAACTAC-1	Epithelial	13
TTCAACTGTCTGGTTA-1	Epithelial	2
TTCAACTGTTACACTG-1	Epithelial	5
TTCAACTTCAGAATGA-1	Epithelial	6
TTCAACTTCTAGCAAC-1	Epithelial	10
TTCAACTTCTCTGTTA-1	Epithelial	7
TTCATCACAACCTCTC-1	Epithelial	13
TTCATCACAACTCGAT-1	Epithelial	3
TTCATCACAGGTCTGC-1	Epithelial	6
TTCATCACATATTGGC-1	Epithelial	16
TTCATCAGTCCGTGCA-1	Epithelial	16
TTCATCAGTCTAAAGA-1	Epithelial	11
TTCATCAGTCTGCACG-1	Epithelial	1
TTCATCAGTGATCAGG-1	Epithelial	15
TTCATCAGTGGTTCTA-1	Epithelial	5
TTCATCATCAGGTTTG-1	Epithelial	3
TTCATCATCGTCGCAG-1	T	4
TTCATCATCTAAACGC-1	Epithelial	1
TTCATCATCTATACCT-1	Epithelial	15
TTCATCATCTCTATCA-1	Epithelial	19
TTCATTGAGACTTCCA-1	Epithelial	6
TTCATTGAGGCACTAG-1	Epithelial	6
TTCATTGAGGCCAGTA-1	Epithelial	11
TTCATTGAGGTTGTTC-1	Epithelial	13
TTCATTGCACCGTTGG-1	Epithelial	6
TTCATTGCACGATATC-1	T	4
TTCATTGCATCGCTAA-1	Epithelial	11
TTCATTGCATTGTGAC-1	Myeloid	0
TTCATTGGTCACAGTT-1	Epithelial	1
TTCATTGGTCAGTGTT-1	Epithelial	1
TTCATTGGTCTGGGAA-1	Epithelial	14
TTCATTGGTGAAACAT-1	Epithelial	1
TTCATTGTCAGTCACA-1	Myeloid	17
TTCATTGTCCGTTTCG-1	Myeloid	17
TTCATTGTCGATAGGG-1	T	4
TTCATTGTCGTTCCGT-1	Epithelial	3
TTCGATTAGCGTTAGG-1	T	4
TTCGATTAGCTTACCA-1	Epithelial	16
TTCGATTAGGGACGTT-1	Epithelial	6
TTCGATTCAAGAAACT-1	Epithelial	16
TTCGATTCAGATGGCA-1	Epithelial	10
TTCGATTGTAGCGAGT-1	Epithelial	2
TTCGATTTCACGTCAA-1	Myeloid	17
TTCGATTTCCGGCTGA-1	Epithelial	15
TTCGATTTCGACGGAA-1	Epithelial	6
TTCGATTTCGCACCTT-1	Epithelial	2
TTCGATTTCTATCCTA-1	Myeloid	0
TTCGATTTCTTCCGTG-1	Epithelial	10
TTCGCGTAGCAACGGT-1	Epithelial	16
TTCGCGTAGCGATACG-1	Epithelial	16
TTCGCGTAGCGGACTA-1	Epithelial	15
TTCGCGTAGTTCCCGG-1	Stromal	9
TTCGCGTAGTTGCCGC-1	Epithelial	16
TTCGCGTCAGGGCTTC-1	Epithelial	13
TTCGCGTGTACCGGCT-1	Stromal	8
TTCGCGTGTTAACCAC-1	Epithelial	1
TTCGCGTTCAGCCGGT-1	Epithelial	3
TTCGCGTTCATCGCAA-1	Epithelial	6
TTCGCGTTCCAGGCCA-1	Stromal	9
TTCGCGTTCCGGGCAT-1	Epithelial	3
TTCGCGTTCCGTGCGA-1	Epithelial	10
TTCGCGTTCGAGGTAG-1	Epithelial	1
TTCGCGTTCGGATAAA-1	Epithelial	13
TTCGCGTTCTGACATG-1	Epithelial	3
TTCGGTCAGACGTCAG-1	Epithelial	11
TTCGGTCAGCCCATGC-1	T	4
TTCGGTCCAAAGCTTC-1	T	4
TTCGGTCCAAGACACG-1	Myeloid	0
TTCGGTCGTAAACGAT-1	Epithelial	16
TTCGGTCGTATGGTTC-1	Epithelial	14
TTCGGTCGTATTCACG-1	Epithelial	16
TTCGGTCGTGATTCCA-1	Epithelial	7
TTCGGTCGTTAACCAC-1	Epithelial	6
TTCGGTCTCAAACCCA-1	T	4
TTCGGTCTCCATGACA-1	Epithelial	16
TTCGGTCTCCGCGATG-1	T	4
TTCGGTCTCGAGGCTC-1	Epithelial	15
TTCGGTCTCGCATACA-1	Epithelial	13
TTCGGTCTCGCGGCAT-1	Myeloid	0
TTCGGTCTCGGAAAGC-1	Myeloid	17
TTCGGTCTCTAGCAAC-1	Epithelial	11
TTCGGTCTCTGGCCAG-1	Epithelial	15
TTCGTTAAGACTTCCA-1	Epithelial	3
TTCGTTAAGATGCGAC-1	Epithelial	14
TTCGTTAAGGGAGATA-1	Epithelial	11
TTCGTTAAGTCCGTGC-1	Epithelial	1
TTCGTTAAGTGGACGT-1	Epithelial	6
TTCGTTAAGTTCGTTG-1	Epithelial	10
TTCGTTACAAGTAATG-1	Epithelial	13
TTCGTTACAGTTAAAG-1	T	4
TTCGTTACATTTGGTG-1	Epithelial	15
TTCGTTAGTAGCGTTT-1	Myeloid	17
TTCGTTAGTCAACGGA-1	Myeloid	17
TTCGTTAGTCAGGTGA-1	Epithelial	5
TTCGTTAGTCCAAGTT-1	Epithelial	2
TTCGTTAGTGCACTTA-1	Epithelial	15
TTCGTTATCAACGTGT-1	Epithelial	11
TTCGTTATCAGGTTTG-1	Epithelial	3
TTCGTTATCCGAGGAA-1	Epithelial	3
TTCGTTATCCTGGAAT-1	Epithelial	3
TTCGTTATCGCACCTT-1	Epithelial	5
TTCGTTATCTCCTTAA-1	Epithelial	10
TTCTAACAGAAATACC-1	Stromal	9
TTCTAACAGACTAATG-1	Epithelial	2
TTCTAACCAAGCAATA-1	Epithelial	6
TTCTAACCAAGCGTCC-1	Epithelial	6
TTCTAACCAATGACTC-1	Epithelial	10
TTCTAACCACAGATGG-1	Epithelial	13
TTCTAACCACGTTAGT-1	Epithelial	15
TTCTAACGTAATGTGA-1	Epithelial	12
TTCTAACGTCAGAAGC-1	Myeloid	17
TTCTAACGTCTGGATT-1	T	4
TTCTAACGTGCGTTTA-1	Epithelial	3
TTCTAACGTTCCGGCA-1	Epithelial	16
TTCTAACGTTTCAGCA-1	Epithelial	3
TTCTAACTCACTCGGG-1	Epithelial	7
TTCTAACTCGCAAACT-1	Epithelial	11
TTCTAACTCGCGATGC-1	Epithelial	6
TTCTAACTCTATACCT-1	Epithelial	15
TTCTGTAAGCGTGTTT-1	Epithelial	16
TTCTGTAAGCTGAGGT-1	Epithelial	15
TTCTGTAAGGAGTAGA-1	Epithelial	16
TTCTGTAAGTTACACC-1	Epithelial	10
TTCTGTACAAAGGCCA-1	Epithelial	6
TTCTGTACACCATTCC-1	Epithelial	11
TTCTGTACACTACACA-1	Epithelial	6
TTCTGTACACTGTCGG-1	T	4
TTCTGTACAGAGCCAA-1	Epithelial	2
TTCTGTACATTACCTT-1	Epithelial	15
TTCTGTAGTTCAGTTG-1	Epithelial	18
TTCTGTAGTTTAAGGA-1	Epithelial	2
TTCTGTAGTTTCACCC-1	Epithelial	16
TTCTGTATCATTCATC-1	Epithelial	16
TTCTGTATCCTTGACC-1	Epithelial	11
TTCTGTATCGAGCGCT-1	Epithelial	1
TTCTGTATCGGTGATT-1	Stromal	9
TTCTGTATCGTGAGTT-1	Epithelial	6
TTCTGTATCTTGGCCT-1	T	4
TTGACGAAGATCTAAG-1	Stromal	9
TTGACGAAGCGTCTGC-1	Epithelial	16
TTGACGAAGGTACATA-1	Epithelial	16
TTGACGACAACGTACT-1	Epithelial	1
TTGACGACAACTAGAA-1	Epithelial	1
TTGACGACAACTGCGC-1	Epithelial	2
TTGACGACACGATTAC-1	Epithelial	2
TTGACGACATCGGCTG-1	Epithelial	12
TTGACGACATGACTGT-1	Epithelial	15
TTGACGAGTATCACAC-1	Epithelial	19
TTGACGAGTCATCAAC-1	Epithelial	3
TTGACGAGTGGTACTT-1	Epithelial	18
TTGACGAGTTACCACA-1	Epithelial	16
TTGACGAGTTCAGTAC-1	Epithelial	10
TTGACGATCAAACCAC-1	Epithelial	16
TTGACGATCACCCTTG-1	Myeloid	0
TTGACGATCCCAATAG-1	T	4
TTGACGATCCTCCAGT-1	Myeloid	17
TTGACGATCGGGAAAC-1	Epithelial	16
TTGACGATCGGGATCC-1	Epithelial	12
TTGAGCAAGAACGACC-1	Epithelial	15
TTGAGCAAGACGCCAA-1	Epithelial	11
TTGAGCAAGAGAATTC-1	Epithelial	15
TTGAGCAAGAGGAAGT-1	Epithelial	10
TTGAGCAAGCCATTCA-1	Epithelial	10
TTGAGCAAGTAGTGTA-1	Myeloid	17
TTGAGCAAGTCGATAA-1	Epithelial	15
TTGAGCACAATGCCAT-1	Epithelial	16
TTGAGCAGTCGTCGCA-1	Epithelial	16
TTGAGCAGTGCGTCCA-1	T	4
TTGAGCATCCGCTATC-1	Epithelial	10
TTGAGCATCCGGACTG-1	Myeloid	0
TTGAGCATCGATCGCG-1	Epithelial	1
TTGAGCATCGGATAAA-1	Epithelial	18
TTGAGCATCGGGCTCA-1	Epithelial	15
TTGAGCATCGTGAACT-1	Stromal	9
TTGAGTGAGAAGCCGT-1	Epithelial	6
TTGAGTGAGAGGCCTA-1	Epithelial	16
TTGAGTGAGATGCGAC-1	Epithelial	11
TTGAGTGAGGTAAGTT-1	Epithelial	3
TTGAGTGAGTAACTCC-1	Epithelial	16
TTGAGTGAGTTCGACT-1	Epithelial	3
TTGAGTGCAAATGCTC-1	Epithelial	5
TTGAGTGCAAGTAACA-1	Epithelial	1
TTGAGTGCATTAAGGA-1	Epithelial	19
TTGAGTGGTGTCCAGC-1	Epithelial	12
TTGAGTGGTTACACTG-1	Epithelial	10
TTGAGTGGTTAGAGAT-1	Myeloid	0
TTGAGTGTCAAATGGA-1	Epithelial	6
TTGAGTGTCGCATAAC-1	Epithelial	12
TTGAGTGTCGCATACA-1	Epithelial	6
TTGCACCAGCCATTCA-1	Epithelial	5
TTGCACCAGGGAGTTC-1	Epithelial	16
TTGCACCCAAGCACTT-1	Myeloid	0
TTGCACCCAAGCGGTA-1	Epithelial	15
TTGCACCCAATCACTG-1	Epithelial	14
TTGCACCCACTTATGG-1	Epithelial	15
TTGCACCCATCGTACA-1	Epithelial	16
TTGCACCGTAACGTAA-1	Epithelial	6
TTGCACCGTCGATTAC-1	Epithelial	12
TTGCACCGTGCTGTGC-1	Myeloid	17
TTGCACCGTTAGCTCA-1	T	4
TTGCACCGTTATAGAG-1	Epithelial	1
TTGCACCTCAAACCAC-1	Epithelial	2
TTGCACCTCAGGAAGC-1	Epithelial	15
TTGCACCTCAGTACAC-1	Myeloid	17
TTGCACCTCCTGAAAC-1	Myeloid	0
TTGCACCTCGCTTGAA-1	Epithelial	2
TTGCACCTCGGCATAT-1	Stromal	9
TTGCACCTCGTGAACT-1	Myeloid	0
TTGCACCTCTAGCAAC-1	Epithelial	18
TTGCAGAAGAAATTCG-1	Epithelial	13
TTGCAGAAGACTCTTG-1	Epithelial	3
TTGCAGAAGGAAGAAC-1	Epithelial	5
TTGCAGAAGGACTAGC-1	Epithelial	14
TTGCAGACAACCTCCT-1	Epithelial	12
TTGCAGACACCACCAG-1	Epithelial	16
TTGCAGACACGCTAAT-1	Epithelial	3
TTGCAGACATAGACGG-1	Epithelial	16
TTGCAGACATGACTGT-1	Myeloid	17
TTGCAGACATTTGGCA-1	Epithelial	18
TTGCAGAGTAACGTAA-1	T	4
TTGCAGAGTCAACAGG-1	Epithelial	16
TTGCAGAGTCTAACCA-1	Epithelial	2
TTGCAGAGTTAACCAC-1	Epithelial	13
TTGCAGAGTTGCCGCA-1	Epithelial	2
TTGCAGAGTTTCGTTT-1	Epithelial	7
TTGCAGATCCGATGCG-1	Myeloid	0
TTGCCCAAGAGGAATG-1	Epithelial	1
TTGCCCAAGCCGCTGT-1	Epithelial	16
TTGCCCAAGTGATAAC-1	Myeloid	0
TTGCCCACAACGTAGG-1	Stromal	9
TTGCCCACAAGGAACC-1	Stromal	9
TTGCCCAGTAGAAGCC-1	Epithelial	11
TTGCCCATCCCGTATC-1	Epithelial	7
TTGCCCATCGACTTAG-1	Epithelial	16
TTGCCCATCTCCACTG-1	Epithelial	5
TTGCGAAAGAACCATA-1	T	4
TTGCGAAAGTCAGCCC-1	Epithelial	5
TTGCGAAAGTCGAAAT-1	Epithelial	11
TTGCGAACAACGCACC-1	Epithelial	1
TTGCGAACACGTTAGT-1	Epithelial	13
TTGCGAACAGCGTACC-1	Myeloid	17
TTGCGAAGTATCGCGC-1	Epithelial	11
TTGCGAAGTCTAACCA-1	Epithelial	15
TTGCGAATCACCGCGA-1	Epithelial	2
TTGCGAATCATCGCAA-1	Myeloid	17
TTGCGAATCATTCTTG-1	Epithelial	12
TTGCGAATCTAGTCGA-1	Epithelial	5
TTGCGAATCTCGCGTT-1	Epithelial	15
TTGCGGGAGGTAAGCC-1	Epithelial	11
TTGCGGGCACTCAGCG-1	T	4
TTGCGGGCACTGGGCT-1	T	4
TTGCGGGCACTGTCGG-1	Epithelial	16
TTGCGGGGTGAATACA-1	Myeloid	17
TTGCGGGGTGGACCAA-1	Epithelial	7
TTGCGGGGTGTGCTTA-1	Epithelial	18
TTGCGGGGTTGCTTGA-1	Epithelial	6
TTGCGGGTCAGCACGC-1	Epithelial	13
TTGCGGGTCAGTGTGT-1	Epithelial	2
TTGCGGGTCATCGCAA-1	Epithelial	11
TTGCGGGTCCAGTACA-1	Epithelial	2
TTGCGGGTCCTGTGGG-1	Epithelial	16
TTGCGGGTCGACTCGG-1	T	4
TTGCGGGTCTCATATC-1	Epithelial	11
TTGCGGGTCTGGACAT-1	Epithelial	16
TTGCTATAGAGCACTG-1	Epithelial	15
TTGCTATAGATACCAA-1	Epithelial	11
TTGCTATAGGCCTCTG-1	Myeloid	0
TTGCTATAGTACAGTA-1	Epithelial	12
TTGCTATAGTATACCC-1	Myeloid	0
TTGCTATAGTGTCGCC-1	Epithelial	11
TTGCTATCAAGCGAAC-1	Myeloid	17
TTGCTATCACAACGGA-1	T	4
TTGCTATCACAGGTAG-1	T	4
TTGCTATCACTCCCAT-1	Epithelial	10
TTGCTATCAGGCTACC-1	Myeloid	0
TTGCTATCATGGCCCA-1	Epithelial	6
TTGCTATGTACGACCC-1	Epithelial	7
TTGCTATGTATCCCTC-1	Epithelial	12
TTGCTATGTCAGAAAT-1	Epithelial	1
TTGCTATGTTCTTATC-1	Epithelial	13
TTGCTATGTTTGCATG-1	Epithelial	18
TTGCTATGTTTGCGAT-1	Epithelial	12
TTGCTATTCAGTCACA-1	Myeloid	0
TTGCTATTCTCGACAA-1	Epithelial	5
TTGCTTAAGTAGGTCG-1	Epithelial	5
TTGCTTAAGTGAGTTA-1	Epithelial	10
TTGCTTACACAATAAG-1	Epithelial	19
TTGCTTACACATCATG-1	Epithelial	6
TTGCTTACAGGTCCTG-1	Epithelial	10
TTGCTTACATGCGACC-1	Epithelial	12
TTGCTTACATGCTATG-1	Epithelial	12
TTGCTTAGTAACGGTG-1	Epithelial	2
TTGCTTAGTAGCAGGT-1	Epithelial	18
TTGCTTAGTCATCAAC-1	Epithelial	2
TTGCTTAGTGGACAGT-1	Epithelial	18
TTGCTTAGTGTGTGTT-1	Epithelial	6
TTGCTTAGTTACGGAG-1	Epithelial	15
TTGCTTAGTTGGTAAA-1	Epithelial	2
TTGCTTATCACCCTTG-1	Epithelial	16
TTGCTTATCACTGATG-1	Epithelial	3
TTGCTTATCCGCGATG-1	T	4
TTGGTCCAGTCCTTCC-1	Epithelial	7
TTGGTCCCAACGCACC-1	Epithelial	15
TTGGTCCCAAGGCTTT-1	T	4
TTGGTCCCAATTGCCA-1	Epithelial	11
TTGGTCCCACCGAAAG-1	Epithelial	15
TTGGTCCCACCGAATT-1	T	4
TTGGTCCCACGATATC-1	Myeloid	0
TTGGTCCCAGGCATTT-1	Epithelial	10
TTGGTCCCATCGTGAT-1	Myeloid	0
TTGGTCCCATTAAGGA-1	Epithelial	5
TTGGTCCGTCAGAAAT-1	Epithelial	16
TTGGTCCGTCGAGGTA-1	Epithelial	13
TTGGTCCGTGCAAGAC-1	T	4
TTGGTCCGTGGTACTT-1	Epithelial	14
TTGGTCCTCCATATCT-1	Myeloid	17
TTGGTCCTCGTATAGC-1	T	4
TTGTCTAAGCACACCC-1	Epithelial	14
TTGTCTAAGGTCTTGT-1	Epithelial	18
TTGTCTAAGTACCTCA-1	Epithelial	3
TTGTCTACAAAGCTTC-1	Epithelial	18
TTGTCTACAACGTACT-1	Epithelial	10
TTGTCTACAAGCCTTA-1	Epithelial	13
TTGTCTACAGTAACCT-1	Myeloid	0
TTGTCTAGTAGAAAGG-1	Epithelial	18
TTGTCTAGTATTCTGG-1	Epithelial	5
TTGTCTAGTCACAGGA-1	Myeloid	0
TTGTCTAGTCATCGTA-1	Epithelial	5
TTGTCTAGTGGCATAG-1	Epithelial	19
TTGTCTATCCCAGCAG-1	Myeloid	0
TTGTCTATCGCTCTAC-1	Epithelial	3
TTGTTCACAGAGTCGA-1	Epithelial	10
TTGTTCACAGTAACTC-1	Epithelial	7
TTGTTCACATTCACCC-1	Epithelial	13
TTGTTCAGTACTTCAG-1	Epithelial	1
TTGTTCAGTCGGCTGT-1	Epithelial	3
TTGTTCAGTGAATGGC-1	Myeloid	17
TTGTTCAGTTAGGAGC-1	Epithelial	6
TTGTTCAGTTTCGATG-1	Epithelial	10
TTGTTCATCCGTGCAG-1	Epithelial	2
TTGTTCATCCTGACCT-1	Epithelial	15
TTGTTCATCGTTCTAT-1	Epithelial	2
TTGTTCATCTTAAGCG-1	Epithelial	14
TTGTTCATCTTACTCA-1	Epithelial	14
TTGTTGTAGGTTTCTG-1	Epithelial	6
TTGTTGTAGTCATACC-1	Myeloid	0
TTGTTGTAGTCGAAAT-1	Stromal	9
TTGTTGTCACCTGTGG-1	Epithelial	15
TTGTTGTGTCCATTGA-1	Epithelial	18
TTGTTGTGTTAACCAC-1	Epithelial	3
TTGTTGTGTTCAGTAC-1	Epithelial	6
TTGTTGTTCAAGAGAT-1	Epithelial	19
TTGTTGTTCGCCCTTA-1	T	4
TTTACGTAGCCTATAC-1	Epithelial	1
TTTACGTCACCCTTAC-1	Epithelial	5
TTTACGTCACTGATAC-1	Myeloid	17
TTTACGTCATTCACGA-1	Epithelial	14
TTTACGTGTCAACAGG-1	Epithelial	6
TTTACGTGTCAATACC-1	Epithelial	19
TTTACGTGTCATGAGG-1	Myeloid	17
TTTACGTGTGGCCTCA-1	Epithelial	5
TTTACGTGTTCTCGAA-1	Epithelial	10
TTTACGTTCATTCTTG-1	Epithelial	10
TTTACGTTCCAGTTAG-1	Epithelial	13
TTTGAGGAGACCCTAT-1	Epithelial	13
TTTGAGGAGCCCATGC-1	Epithelial	16
TTTGAGGAGGAAGAAC-1	Epithelial	3
TTTGAGGAGTAGTTCC-1	Myeloid	0
TTTGAGGCACAGTTAC-1	Epithelial	16
TTTGAGGCACGCGATC-1	Epithelial	5
TTTGAGGCATAGAATG-1	Epithelial	19
TTTGAGGCATGCTATG-1	Epithelial	6
TTTGAGGGTAATGTAG-1	Stromal	9
TTTGAGGGTAGTCCAT-1	Epithelial	13
TTTGAGGGTATATGGA-1	Epithelial	3
TTTGAGGGTCCACCAG-1	Myeloid	17
TTTGAGGTCAAGAGGC-1	Epithelial	16
TTTGAGGTCGCGTGAC-1	Epithelial	10
TTTGAGGTCGGAAAGC-1	Epithelial	11
TTTGAGGTCGGTTGTA-1	Epithelial	10
TTTGAGGTCTTCCGTG-1	Epithelial	16
TTTGCGCAGGTTCGTT-1	T	4
TTTGCGCAGTCTAGAA-1	Epithelial	15
TTTGCGCCAAAGACGC-1	Epithelial	2
TTTGCGCCACCAAGGA-1	Epithelial	6
TTTGCGCCAGTTCGGC-1	Epithelial	13
TTTGCGCCATCCGTAA-1	T	4
TTTGCGCGTAATGCAA-1	Epithelial	6
TTTGCGCGTGCCCAGT-1	Myeloid	17
TTTGCGCGTGGATTCT-1	Myeloid	0
TTTGCGCTCCCGGGTA-1	Epithelial	11
TTTGCGCTCGTCCCTA-1	Epithelial	13
TTTGCGCTCTACATCT-1	Epithelial	3
TTTGGCCAGGCAGATC-1	Epithelial	10
TTTGGCCAGGCCAATG-1	Epithelial	7
TTTGGCCAGTCACGCC-1	Epithelial	6
TTTGGCCAGTGTGTAA-1	Epithelial	15
TTTGGCCAGTTAGCAA-1	Epithelial	16
TTTGGCCCAAACTACC-1	Epithelial	12
TTTGGCCCAAAGGTCG-1	Epithelial	10
TTTGGCCCACATATCG-1	Myeloid	0
TTTGGCCCACCGAATT-1	Epithelial	16
TTTGGCCCATAGCAGG-1	T	4
TTTGGCCCATTAGCAC-1	Epithelial	13
TTTGGCCCATTGTGAC-1	Epithelial	11
TTTGGCCGTAAGCCGA-1	Epithelial	14
TTTGGCCGTCCCGAGT-1	Epithelial	19
TTTGGCCGTGCAAGAC-1	Epithelial	7
TTTGGCCGTTCAGTTG-1	Epithelial	15
TTTGGCCTCAAGGCAG-1	Myeloid	0
TTTGGCCTCAGAACGG-1	Epithelial	6
TTTGGCCTCAGCGGTC-1	Epithelial	7
TTTGGCCTCCTCCAGT-1	Epithelial	1
TTTGGCCTCTATTTCG-1	Epithelial	13
TTTGGCCTCTCGACAA-1	Epithelial	5
TTTGGTTAGAGCTGTG-1	Epithelial	6
TTTGGTTAGCACCATT-1	Myeloid	17
TTTGGTTCATTAGCAC-1	Epithelial	1
TTTGGTTGTAACCATC-1	Myeloid	0
TTTGGTTGTCCGAGCT-1	Epithelial	19
TTTGGTTGTCCGGTAC-1	Myeloid	0
TTTGGTTGTCTGCACG-1	Myeloid	0
TTTGGTTGTGGAAGCT-1	Epithelial	18
TTTGGTTGTTTCGTTT-1	Epithelial	5
TTTGGTTTCCATACGA-1	Epithelial	10
TTTGGTTTCTTGTCAT-1	Epithelial	6
TTTGTGTAGACACTTC-1	Stromal	8
TTTGTGTAGAGGAAGT-1	T	4
TTTGTGTAGATCGAGC-1	Stromal	8
TTTGTGTAGGATGCCA-1	Myeloid	17
TTTGTGTAGTACTCTG-1	Epithelial	13
TTTGTGTAGTCGAAAT-1	Epithelial	2
TTTGTGTAGTGAGTTA-1	Epithelial	19
TTTGTGTAGTTCCCGG-1	Epithelial	12
TTTGTGTCAAACGTTC-1	Myeloid	17
TTTGTGTCACAGCCAC-1	Epithelial	16
TTTGTGTCACGTTGTA-1	T	4
TTTGTGTCAGTGGTCC-1	Epithelial	2
TTTGTGTCATCCATAG-1	Epithelial	6
TTTGTGTGTGGTCGAA-1	Stromal	9
TTTGTGTGTGTCCCAG-1	Epithelial	1
TTTGTGTGTGTCGTCG-1	Epithelial	7
TTTGTGTTCCTAAGTG-1	Epithelial	15
TTTGTGTTCTCGACCT-1	Epithelial	11
TTTGTGTTCTTAATCC-1	Epithelial	6
TTTGTGTTCTTCCGTG-1	Myeloid	0
