AAACGAAAGACACTTC-1	B	13
AAACGAAAGCGTTGCC-1	B	7
AAACGAAAGTCCGTGC-1	Epithelial	8
AAACGAACACTAAACC-1	Epithelial	1
AAACGAACATCGTGAT-1	Epithelial	19
AAACGAAGTAGCGTTT-1	Epithelial	19
AAACGAAGTCTGAGCC-1	Epithelial	1
AAACGAAGTTCTGAGT-1	Epithelial	12
AAACGAAGTTGTCGGC-1	Epithelial	16
AAACGAAGTTTGTACG-1	Epithelial	18
AAACGAATCAGTTGAC-1	Epithelial	19
AAACGAATCCAATCCC-1	Epithelial	15
AAACGAATCCGAGGAA-1	Epithelial	18
AAACGAATCGACTTAG-1	T	5
AAACGAATCGCCCTTA-1	Epithelial	11
AAACTCGAGAGAAGCA-1	Epithelial	16
AAACTCGAGATGCGCA-1	Epithelial	16
AAACTCGAGCATACCT-1	Epithelial	11
AAACTCGAGGCACCTC-1	Epithelial	12
AAACTCGAGTAATCAG-1	Epithelial	8
AAACTCGAGTCGACCC-1	Epithelial	18
AAACTCGCAGAACGAC-1	Epithelial	18
AAACTCGCAGATAAGT-1	Myeloid	6
AAACTCGCAGGCAGAT-1	B	7
AAACTCGCATCCTCGT-1	Epithelial	2
AAACTCGGTCAACTAC-1	Myeloid	6
AAACTCGGTCGTAATC-1	Epithelial	2
AAACTCGGTTAAGGGC-1	T	5
AAACTCGTCACATCCC-1	B	0
AAACTCGTCATGAACC-1	Myeloid	14
AAACTCGTCCGATGCG-1	T	5
AAACTCGTCGCAGATT-1	Epithelial	18
AAACTCGTCGCCAGAC-1	T	5
AAACTCGTCGCCCTTA-1	Myeloid	6
AAACTCGTCTATCTAC-1	B	7
AAACTCGTCTGGTACA-1	T	5
AAACTGCAGTGAGTTA-1	Epithelial	1
AAACTGCCACGAACGA-1	Epithelial	1
AAACTGCGTAGAAAGG-1	Epithelial	2
AAACTGCGTCAGTGCC-1	Epithelial	11
AAACTGCTCAATGCAC-1	Epithelial	18
AAACTGCTCACTAGCA-1	T	5
AAACTGCTCCACACCT-1	Myeloid	6
AAACTGCTCCGAATTG-1	B	7
AAACTGCTCCGCTCTA-1	Epithelial	12
AAACTGCTCGGCATAT-1	Epithelial	3
AAACTGCTCGTATAGC-1	B	17
AAAGATGAGGATGTAT-1	Epithelial	8
AAAGATGAGGCTTAAA-1	Myeloid	6
AAAGATGAGTAGTGTA-1	Epithelial	18
AAAGATGCACATGATC-1	Epithelial	1
AAAGATGCACTGATTG-1	Epithelial	8
AAAGATGCAGCTGATT-1	Epithelial	8
AAAGATGCATATTGGC-1	Epithelial	11
AAAGATGGTGCGACCT-1	B	7
AAAGATGGTGTAGGAC-1	Epithelial	16
AAAGATGTCAACGTGT-1	Myeloid	6
AAAGATGTCCGGCTGA-1	Epithelial	1
AAAGATGTCGATAGCT-1	Epithelial	2
AAAGATGTCTCTCAAT-1	Epithelial	8
AAAGGATAGAACGTTA-1	B	7
AAAGGATAGTATCTGC-1	Epithelial	12
AAAGGATAGTGATCTC-1	T	5
AAAGGATCAGGTAACG-1	B	13
AAAGGATCAGTCAGAG-1	B	17
AAAGGATCATATACGC-1	Epithelial	3
AAAGGATGTGCATTCA-1	T	5
AAAGGATGTGCCCGAT-1	Epithelial	12
AAAGGATGTTACGCTA-1	Epithelial	11
AAAGGATTCGTTCAGA-1	Epithelial	2
AAAGGGCAGAAAGGGT-1	DC	10
AAAGGGCAGAAATCTG-1	Epithelial	8
AAAGGGCAGAGCTGTG-1	Epithelial	3
AAAGGGCCAAGTTGCT-1	B	17
AAAGGGCCAATGGCAG-1	Epithelial	8
AAAGGGCGTACCTATG-1	Epithelial	16
AAAGGGCGTGTCGTCG-1	B	7
AAAGGGCTCACTAGGT-1	Myeloid	6
AAAGGGCTCGGATAGG-1	Epithelial	16
AAAGGGCTCTCGTGAA-1	Epithelial	18
AAATGAGAGCCGCAAA-1	Stromal	9
AAATGAGAGCCTGTAT-1	Myeloid	6
AAATGAGCAAAGGTCG-1	Epithelial	18
AAATGAGCACCAAGGA-1	T	5
AAATGAGCAGGTAGCA-1	Epithelial	1
AAATGAGCATCGACGC-1	B	13
AAATGAGGTCTGCGCA-1	B	7
AAATGAGGTGCTGTGC-1	Epithelial	1
AAATGAGTCACTGATG-1	Stromal	9
AAATGAGTCTGAGTCA-1	Epithelial	1
AAATGCCAGAACTCCT-1	Epithelial	16
AAATGCCAGGTACATA-1	T	5
AAATGCCAGTAGCAAT-1	Epithelial	3
AAATGCCAGTATCTGC-1	Epithelial	3
AAATGCCAGTCGGGAT-1	Epithelial	8
AAATGCCAGTCTGGGA-1	Epithelial	12
AAATGCCCAACTCGAT-1	Epithelial	12
AAATGCCCAATAGTGA-1	Epithelial	3
AAATGCCCACAACGGA-1	T	5
AAATGCCGTCCAGACC-1	Epithelial	18
AAATGCCGTTACTTTC-1	Epithelial	1
AAATGCCGTTATGCAC-1	B	0
AACAAAGAGGCGACTA-1	Epithelial	11
AACAAAGCAAACCTAC-1	T	5
AACAAAGCAACTAGAA-1	B	7
AACAAAGCAAGCAACG-1	Epithelial	18
AACAAAGCACTTACAG-1	B	13
AACAAAGGTCGCTACG-1	Epithelial	3
AACAAAGGTCGTAATC-1	Myeloid	6
AACAAAGGTGCGCATC-1	Epithelial	18
AACAAAGTCAAACCCA-1	T	5
AACAAAGTCAACGTGT-1	DC	10
AACAGTCAGATGGGAA-1	Epithelial	8
AACAGTCAGGCTGGAT-1	Stromal	9
AACAGTCAGTTCAAGA-1	Epithelial	1
AACAGTCCAAACAGTA-1	Epithelial	11
AACAGTCCAAAGGAAG-1	Epithelial	3
AACAGTCCAAGTAATG-1	Epithelial	18
AACAGTCCACGCGATC-1	Myeloid	6
AACAGTCCAGTAACGG-1	Epithelial	19
AACAGTCGTATCCTTT-1	Myeloid	14
AACAGTCGTTCTACGA-1	Epithelial	18
AACAGTCGTTGCTTGA-1	B	7
AACAGTCTCATGCTTT-1	DC	10
AACAGTCTCTCATCCG-1	Epithelial	15
AACAGTCTCTGTCGGG-1	Epithelial	16
AACATCGAGATGGGAA-1	Epithelial	3
AACATCGAGGAGGCGA-1	Epithelial	11
AACATCGAGGCAGTAC-1	Epithelial	2
AACATCGAGGGTTCTT-1	Epithelial	12
AACATCGCAACAACTC-1	T	5
AACATCGCAAGCAACG-1	B	13
AACATCGCAAGCGACA-1	T	5
AACATCGCACGCTCAG-1	Epithelial	16
AACATCGCAGTGGTCC-1	Epithelial	8
AACATCGCATCTCTCG-1	Epithelial	2
AACATCGGTAGTATCC-1	Epithelial	8
AACATCGGTATTCACG-1	T	5
AACATCGGTGGTAAGC-1	Epithelial	19
AACATCGGTGTGCTTA-1	Epithelial	18
AACATCGTCAGTGTGT-1	Epithelial	1
AACATCGTCCGAATTG-1	Epithelial	11
AACATCGTCTGATCTT-1	Epithelial	16
AACATCGTCTGCGTCT-1	Stromal	9
AACCAACAGACGACTG-1	Epithelial	18
AACCAACAGCAGGACT-1	Epithelial	2
AACCAACAGTGATAAC-1	Myeloid	6
AACCAACGTGGCCTCA-1	Epithelial	11
AACCAACGTTATAGAG-1	Epithelial	15
AACCAACGTTCTGAAC-1	Stromal	9
AACCAACTCAGCACTA-1	B	7
AACCAACTCATGTTCT-1	Epithelial	1
AACCAACTCTCGACCT-1	Epithelial	12
AACCGATAGAATACTG-1	Myeloid	6
AACCGATAGCGATACG-1	Epithelial	16
AACCGATAGCTAACAA-1	Epithelial	18
AACCGATAGCTACGCC-1	B	13
AACCGATAGTACCCAT-1	B	7
AACCGATCAATCAGGG-1	Epithelial	19
AACCGATCACAAACGG-1	Stromal	9
AACCGATCACGATTAC-1	Epithelial	16
AACCGATCAGCTGATT-1	DC	10
AACCGATGTCTCAAAC-1	Epithelial	16
AACCGATGTGTCCTTC-1	T	5
AACCGATGTGTGAGGT-1	Epithelial	16
AACCGATGTTATGCAC-1	Epithelial	2
AACCGATTCACAGGGA-1	Epithelial	12
AACCGATTCACTTACT-1	Epithelial	8
AACCGATTCGACGGAA-1	Stromal	4
AACCGATTCGCTCGGA-1	Epithelial	15
AACCGATTCGGTACTA-1	Epithelial	19
AACCGATTCGGTCGAC-1	Epithelial	18
AACCTGAAGCGATACG-1	Epithelial	12
AACCTGAAGCGGACTA-1	Myeloid	14
AACCTGAAGGGAGTTC-1	Epithelial	2
AACCTGAAGTAGGTCG-1	Epithelial	18
AACCTGACAGCGTAGA-1	T	5
AACCTGAGTAACATAG-1	Epithelial	11
AACCTGAGTACAAGCG-1	Epithelial	3
AACCTGAGTACCCACG-1	Epithelial	11
AACCTGAGTTGGCTTA-1	T	5
AACCTGATCCAGGCCA-1	Epithelial	11
AACCTGATCTATCTTG-1	B	17
AACCTTTAGCTTTCCC-1	Epithelial	11
AACCTTTAGGATTTGA-1	Epithelial	2
AACCTTTAGGCTTCGC-1	T	5
AACCTTTCAGGCAAGT-1	Epithelial	19
AACCTTTCATTCGTCC-1	Myeloid	6
AACCTTTGTCTCTAAG-1	Stromal	9
AACCTTTGTTACGCTA-1	T	5
AACCTTTTCCATAGGT-1	Epithelial	11
AACCTTTTCCCACTAC-1	Epithelial	3
AACCTTTTCCGGACTG-1	Epithelial	8
AACCTTTTCTACCCGT-1	Epithelial	19
AACCTTTTCTTGTACT-1	Epithelial	16
AACGAGGAGAGAGGTA-1	B	17
AACGAGGAGGGACGTT-1	B	0
AACGAGGCAATTGTGC-1	Epithelial	1
AACGAGGCACATTCTT-1	B	17
AACGAGGCAGTAACGG-1	Epithelial	11
AACGAGGCATGGGACA-1	Epithelial	3
AACGAGGGTATCACAC-1	Epithelial	11
AACGAGGGTCGTCGCA-1	B	0
AACGAGGGTGGACTGA-1	B	0
AACGAGGTCAACTTGG-1	B	17
AACGAGGTCCTAAAGC-1	Epithelial	15
AACGAGGTCGCTATAG-1	Epithelial	2
AACGAGGTCTCGACCT-1	Epithelial	18
AACGAGGTCTGTCGGG-1	Stromal	4
AACGGGAAGACAGTGC-1	Epithelial	12
AACGGGAAGAGCTACG-1	Epithelial	15
AACGGGAAGCAGTAGC-1	Epithelial	16
AACGGGAAGCCATCAT-1	Epithelial	16
AACGGGAAGCTAGCAG-1	Stromal	4
AACGGGAAGGCCTAAG-1	Epithelial	8
AACGGGACAAAGAGAG-1	B	0
AACGGGACAGTTAAAG-1	Stromal	9
AACGGGAGTAACGTAA-1	B	17
AACGGGAGTGGTACTT-1	Myeloid	14
AACGGGATCAAACCCA-1	Epithelial	16
AACGGGATCAATGCAC-1	Epithelial	11
AACGGGATCGAGCGCT-1	T	5
AACGGGATCGTGAGTT-1	Epithelial	19
AACGGGATCTGGAAGG-1	T	5
AACGGGATCTTAAGCG-1	T	5
AACGTACAGAAGCCGT-1	Epithelial	2
AACGTACAGAATACTG-1	Epithelial	3
AACGTACAGATAGGTT-1	Epithelial	18
AACGTACAGGGCTCTC-1	Epithelial	2
AACGTACCACACACCG-1	Epithelial	16
AACGTACCATCGTACA-1	Epithelial	3
AACGTACGTTGAAGCG-1	B	17
AACGTACGTTTCACCC-1	B	7
AACGTACTCATTCTCA-1	Epithelial	8
AACGTACTCTCGACAA-1	Epithelial	2
AACTGGTAGAAGCCGT-1	Myeloid	6
AACTGGTAGCGTCTGC-1	B	7
AACTGGTAGGGTCCCT-1	DC	10
AACTGGTAGTCGTATC-1	T	5
AACTGGTAGTTTACGC-1	B	7
AACTGGTCAAGGTCGA-1	B	0
AACTGGTCAGAAAGAG-1	Myeloid	14
AACTGGTCATGCCCTT-1	Myeloid	6
AACTGGTGTACAACGG-1	Myeloid	6
AACTGGTGTAGGTCTT-1	Myeloid	6
AACTGGTGTTAACCAC-1	Myeloid	14
AACTGGTGTTTGATCG-1	Epithelial	3
AACTGGTTCTGGGCGT-1	Epithelial	15
AACTGTGAGATAGGTT-1	Epithelial	12
AACTGTGAGTAACTCC-1	Epithelial	19
AACTGTGAGTTGCGCC-1	B	13
AACTGTGCAAGGTCGA-1	Myeloid	14
AACTGTGCACAGCCAC-1	DC	10
AACTGTGCATTCTTTG-1	Epithelial	16
AACTGTGGTCTCTAAG-1	Epithelial	11
AACTGTGTCGGACGAA-1	B	0
AACTGTGTCTCGTAGA-1	B	17
AACTTGGAGAGTTTGA-1	Epithelial	1
AACTTGGAGTTCCAGT-1	Stromal	9
AACTTGGCAAATTGAG-1	Epithelial	2
AACTTGGCAACGGACA-1	B	7
AACTTGGCAACGGGTA-1	Epithelial	11
AACTTGGCACGCGCAT-1	T	5
AACTTGGCAGCGTACC-1	B	17
AACTTGGCAGTAAGAT-1	T	5
AACTTGGGTACAAATG-1	Epithelial	2
AACTTGGGTCTTAGCA-1	Epithelial	8
AACTTGGGTGAGTAAT-1	Epithelial	12
AACTTGGGTTTCGATG-1	Epithelial	12
AACTTGGTCAGAATGA-1	B	0
AACTTGGTCCAATAGC-1	T	5
AACTTGGTCCTCTCTT-1	B	17
AACTTGGTCGCTTCAC-1	B	0
AACTTGGTCGGTCTAA-1	Epithelial	16
AACTTGGTCGTAGCGC-1	Epithelial	12
AAGATAGAGAAGACTT-1	Epithelial	16
AAGATAGAGATTCCGT-1	Epithelial	3
AAGATAGAGCCCATTA-1	Epithelial	2
AAGATAGCAACGTCCG-1	T	5
AAGATAGCACAGTTCA-1	Epithelial	18
AAGATAGCACGGCCAT-1	T	5
AAGATAGCACGTACAT-1	Epithelial	3
AAGATAGCAGCGCGTT-1	DC	10
AAGATAGGTAAGGTCG-1	Epithelial	16
AAGATAGGTCTGGATT-1	Epithelial	2
AAGATAGGTTTAGAAG-1	Epithelial	2
AAGATAGTCAACACGT-1	Epithelial	12
AAGATAGTCTACCCGT-1	Myeloid	6
AAGATAGTCTCTTCTC-1	Myeloid	6
AAGGAGCAGACCTATC-1	T	5
AAGGAGCAGACGCCAA-1	B	0
AAGGAGCAGAGCTGTG-1	Stromal	4
AAGGAGCAGCTTCAAC-1	Epithelial	3
AAGGAGCCAAGTGGCA-1	B	0
AAGGAGCCACAAACAA-1	Epithelial	18
AAGGAGCCACACTAGT-1	Epithelial	2
AAGGAGCCACCTGTGG-1	Epithelial	8
AAGGAGCGTAGCGGTA-1	B	7
AAGGAGCGTAGTCTGT-1	T	5
AAGGAGCGTATACGCT-1	B	7
AAGGAGCGTCACTCTC-1	Epithelial	8
AAGGAGCGTCCTCAGG-1	T	5
AAGGAGCGTGTCCTTC-1	T	5
AAGGAGCGTTCATTTC-1	T	5
AAGGAGCGTTTAAGCC-1	T	5
AAGGAGCGTTTCACCC-1	B	7
AAGGAGCTCAGCACGC-1	T	5
AAGGAGCTCAGTACAC-1	T	5
AAGGAGCTCGTCCCTA-1	Epithelial	18
AAGGAGCTCTTCCGTG-1	Epithelial	16
AAGGTTCAGAACAGGA-1	B	13
AAGGTTCAGCGTCTGC-1	Epithelial	3
AAGGTTCAGCTGAATA-1	Stromal	4
AAGGTTCAGGCTAAAT-1	Epithelial	2
AAGGTTCAGGTGAACC-1	Myeloid	6
AAGGTTCCAACGGGTA-1	Epithelial	2
AAGGTTCCAAGACACG-1	Epithelial	8
AAGGTTCCACTCGCAG-1	Stromal	4
AAGGTTCCAGGTAACG-1	Epithelial	8
AAGGTTCCATTAAGGA-1	Epithelial	18
AAGGTTCGTCACTCTC-1	Stromal	9
AAGGTTCGTCTGCGCA-1	T	5
AAGGTTCGTGATAAGT-1	Epithelial	8
AAGGTTCGTGGACAGT-1	Epithelial	3
AAGGTTCGTGTTGTTG-1	Epithelial	2
AAGGTTCTCAATGCAC-1	B	7
AAGGTTCTCGATGAAA-1	Myeloid	6
AAGGTTCTCGCTGATA-1	T	5
AAGGTTCTCGGATGTT-1	Myeloid	6
AAGGTTCTCTATCCTA-1	Epithelial	2
AAGGTTCTCTATGAGC-1	Epithelial	8
AATACGCAGCTATCGT-1	Epithelial	12
AATACGCAGTACGACG-1	B	7
AATACGCAGTAGGTCG-1	Epithelial	2
AATACGCAGTTCGTTG-1	T	5
AATACGCCAAACTACC-1	T	5
AATACGCCAACGCACC-1	Epithelial	8
AATACGCCAATGACTC-1	T	5
AATACGCCATCCCTCA-1	Myeloid	14
AATACGCCATCCGTAA-1	B	0
AATACGCGTAAAGCTA-1	B	0
AATACGCGTCCGTGCA-1	Myeloid	14
AATACGCGTCTGGATT-1	Epithelial	3
AATACGCTCACGTGTA-1	Myeloid	14
AATACGCTCAGTCACA-1	B	7
AATACGCTCCAGCACG-1	Epithelial	8
AATACGCTCCGGGCAT-1	Epithelial	12
AATACGCTCGTGCTGG-1	Epithelial	1
AATGCCAAGAGGTACC-1	Epithelial	11
AATGCCAAGAGTTTGA-1	Myeloid	6
AATGCCAAGCCCATTA-1	DC	10
AATGCCAAGGATGCCA-1	Myeloid	6
AATGCCAAGGGTCCCT-1	B	7
AATGCCACAAGTTGCT-1	Epithelial	19
AATGCCACAATTGCCA-1	Epithelial	2
AATGCCACACAAACAA-1	Epithelial	3
AATGCCACACCTACCT-1	T	5
AATGCCACAGATAAGT-1	Epithelial	8
AATGCCACATCCTGGG-1	Epithelial	12
AATGCCACATCTGCAA-1	Epithelial	11
AATGCCACATTGAACC-1	Epithelial	11
AATGCCAGTCATAGAA-1	Epithelial	16
AATGCCAGTCTAACCA-1	Epithelial	1
AATGCCAGTGATGCTT-1	Epithelial	2
AATGCCAGTGCAAGAC-1	Myeloid	6
AATGCCAGTGCGCATC-1	Epithelial	16
AATGCCATCATCGCAA-1	B	7
AATGCCATCCTCCTGA-1	Epithelial	11
AATGCCATCGCTTCAC-1	Epithelial	3
AATGCCATCGTCTAGA-1	DC	10
AATGCCATCTATTTCG-1	Epithelial	12
AATGCCATCTCTGAGA-1	B	13
AATGGAAAGCTGCCAC-1	T	5
AATGGAAAGGTACATA-1	Epithelial	3
AATGGAAAGTACGCGA-1	Epithelial	18
AATGGAAAGTCAGCCC-1	T	5
AATGGAACAGCCACGT-1	Epithelial	12
AATGGAACAGTAAGAT-1	Myeloid	6
AATGGAACATTGATGC-1	Epithelial	12
AATGGAAGTATCGCGC-1	B	13
AATGGAAGTGCAGACA-1	Epithelial	2
AATGGAAGTGCGCTCA-1	Epithelial	3
AATGGAAGTTCCCAAA-1	Epithelial	18
AATGGAATCAGGAAGC-1	Epithelial	3
AATGGAATCCAGTACA-1	Epithelial	18
AATGGAATCCGATTGA-1	Epithelial	16
AATGGAATCTCGACCT-1	Epithelial	3
AATGGCTAGAACGTCG-1	Epithelial	16
AATGGCTAGACTTGAA-1	T	5
AATGGCTAGATCCGAG-1	Epithelial	15
AATGGCTAGGGTATCG-1	Epithelial	1
AATGGCTAGTGCCCTG-1	T	5
AATGGCTCAATAGTGA-1	Epithelial	3
AATGGCTCATTCCCGT-1	Stromal	4
AATGGCTGTGTCCCAG-1	B	13
AATGGCTTCAACACGT-1	Myeloid	14
AATGGCTTCACTGGTA-1	Epithelial	19
AATGGCTTCCCACGGA-1	Epithelial	16
AATGGCTTCCTTGACC-1	Myeloid	6
AATGGCTTCTTGTGCC-1	Epithelial	19
AATGTCGAGGCGATTG-1	Epithelial	3
AATGTCGAGGGATCCA-1	Epithelial	8
AATGTCGAGTCGAGCA-1	Epithelial	16
AATGTCGCAAATAGTG-1	B	13
AATGTCGCAACGGACA-1	T	5
AATGTCGCACACATGT-1	Epithelial	12
AATGTCGCACAGTAGG-1	Epithelial	12
AATGTCGCAGGCACAA-1	Epithelial	2
AATGTCGCATGGATGG-1	DC	10
AATGTCGCATTAACGC-1	Epithelial	16
AATGTCGGTAACCGAG-1	Epithelial	11
AATGTCGGTAACTGAA-1	T	5
AATGTCGGTCGCTACG-1	B	13
AATGTCGGTGGAAGCT-1	T	5
AATGTCGGTGGTGGTA-1	T	5
AATGTCGGTTTCGACA-1	Stromal	9
AATGTCGTCAAACCCA-1	DC	10
AATGTCGTCACTCGGG-1	Epithelial	2
AATGTCGTCGCTTCAC-1	Myeloid	14
AATGTCGTCTTCTTCC-1	B	7
ACAAACCAGACAGTGC-1	Epithelial	8
ACAAACCAGACCCTAT-1	T	5
ACAAACCAGGCAGATC-1	Epithelial	15
ACAAACCAGGTTGTGG-1	B	7
ACAAACCAGTACCACT-1	DC	10
ACAAACCCAAGGATGC-1	B	13
ACAAACCCAATCCATG-1	Epithelial	16
ACAAACCCACAAACAA-1	Epithelial	16
ACAAACCCACTGCTTC-1	Epithelial	18
ACAAACCCATCCCAAA-1	Stromal	4
ACAAACCGTAGTACAA-1	Myeloid	6
ACAAACCGTCAGTGTT-1	DC	10
ACAAACCGTTAGAGAT-1	Epithelial	12
ACAAACCGTTGGCGAA-1	T	5
ACAAACCGTTTGTAGC-1	Epithelial	16
ACAAACCTCGGTAGGA-1	B	7
ACAAACCTCTATTTCG-1	T	5
ACAAACCTCTCTGCAC-1	T	5
ACAAACCTCTGTGTGA-1	T	5
ACAAAGAAGCGCATTT-1	Epithelial	19
ACAAAGAAGTTCGTTG-1	Epithelial	18
ACAAAGACAAGAGCGT-1	B	17
ACAAAGACACAGTAGG-1	Epithelial	2
ACAAAGACACATTCTT-1	DC	10
ACAAAGACATACTGCA-1	Epithelial	16
ACAAAGAGTAAAGCTA-1	Epithelial	12
ACAAAGAGTAACACTC-1	Myeloid	14
ACAAAGAGTATTGTCG-1	Epithelial	2
ACAAAGAGTCAGCAAG-1	Epithelial	18
ACAAAGAGTCTAAAGA-1	Epithelial	8
ACAAAGAGTGGTAGAC-1	DC	10
ACAAAGAGTGTGAGGT-1	T	5
ACAAAGAGTTGAATAG-1	Epithelial	8
ACAAAGATCACCACAA-1	Epithelial	15
ACAAAGATCCGTTTCG-1	Epithelial	8
ACAAAGATCGAGAAGC-1	DC	10
ACAAAGATCGGTTCCT-1	Myeloid	6
ACAAAGATCTAGCTGA-1	B	7
ACAAGCTAGGAAGAAC-1	Epithelial	2
ACAAGCTAGTCAGCCC-1	Epithelial	1
ACAAGCTCAAAGGAAG-1	T	5
ACAAGCTCAACATAAG-1	B	17
ACAAGCTCAATGAAAC-1	DC	10
ACAAGCTGTTGTGAGG-1	Epithelial	11
ACAAGCTTCCTATCAT-1	Epithelial	12
ACAAGCTTCCTCCAGT-1	T	5
ACAATCGAGAAATTCG-1	Epithelial	12
ACAATCGAGGCTGGAT-1	Epithelial	18
ACAATCGAGTCGTACT-1	Epithelial	8
ACAATCGCACCACAGC-1	B	17
ACAATCGCAGTTCGGC-1	Epithelial	2
ACAATCGCATGCCTTC-1	Myeloid	14
ACAATCGCATGCGCTG-1	Epithelial	8
ACAATCGGTAACGGTG-1	Epithelial	18
ACAATCGGTCCCTTTG-1	Epithelial	2
ACAATCGGTCGTCGCA-1	Myeloid	6
ACAATCGGTGGTCGAA-1	T	5
ACAATCGGTTTAAGGA-1	Epithelial	3
ACAATCGTCGCTGATA-1	Epithelial	18
ACAGAAAAGGATATCA-1	Epithelial	11
ACAGAAAAGTACCCAT-1	Epithelial	8
ACAGAAAAGTCCGTGC-1	Myeloid	6
ACAGAAACAAAGAAGG-1	Stromal	9
ACAGAAACAAGTCTCA-1	Epithelial	11
ACAGAAACACGCCGAT-1	Epithelial	2
ACAGAAACAGCAACGA-1	DC	10
ACAGAAACAGGCTACC-1	Epithelial	1
ACAGAAACATAGATAG-1	Epithelial	18
ACAGAAAGTAACTCCA-1	B	0
ACAGAAAGTGGAGTGT-1	B	17
ACAGAAAGTTAAGTCC-1	Epithelial	18
ACAGAAATCAAAGTAG-1	Epithelial	1
ACAGAAATCATCGCTC-1	B	0
ACAGAAATCGGTCCGA-1	T	5
ACAGAAATCGTGGTAT-1	Epithelial	8
ACAGACTCAATGGTCT-1	Epithelial	2
ACAGACTCACCACGAC-1	Epithelial	3
ACAGACTCAGCAATGG-1	Epithelial	18
ACAGACTGTATTCGAC-1	B	17
ACAGACTGTGCAACAG-1	DC	10
ACAGACTGTTTCGATG-1	Epithelial	12
ACAGACTTCGAGGTCC-1	Epithelial	16
ACAGACTTCGGGCTCA-1	Epithelial	11
ACAGACTTCTGGACAT-1	Myeloid	6
ACAGACTTCTTTATCG-1	T	5
ACAGCGCAGTAGCAAT-1	T	5
ACAGCGCCACAACGGA-1	Epithelial	8
ACAGCGCCATGCCTTC-1	B	13
ACAGCGCGTAACGGTG-1	Epithelial	11
ACAGCGCGTGCGACCT-1	Epithelial	2
ACAGCGCGTGTTGTTG-1	Epithelial	19
ACAGCGCTCAGGAAGC-1	Epithelial	3
ACAGCGCTCAGGCCGT-1	B	7
ACAGCGCTCAGTCTTT-1	Epithelial	8
ACAGCGCTCCGTTTCG-1	Epithelial	19
ACAGCGCTCTCTTCCT-1	Epithelial	3
ACAGGCCAGAGCCACA-1	B	17
ACAGGCCAGAGCTACG-1	Epithelial	8
ACAGGCCAGATCCGAG-1	Epithelial	12
ACAGGCCCAAACCCTA-1	B	17
ACAGGCCCAACGTCGC-1	T	5
ACAGGCCCAATCATCG-1	Epithelial	3
ACAGGCCCACGCGATC-1	Epithelial	1
ACAGGCCCACTCCTCA-1	Epithelial	8
ACAGGCCCAGCTTACA-1	Epithelial	18
ACAGGCCCAGTGGTCC-1	Epithelial	18
ACAGGCCTCCATTGAG-1	DC	10
ACAGGCCTCTCCTTAA-1	Epithelial	19
ACAGGCCTCTCTGCGT-1	Epithelial	8
ACAGGCCTCTTCGTTA-1	Epithelial	8
ACATGCAAGAAACGCC-1	Stromal	4
ACATGCAAGTGAGTTA-1	Myeloid	6
ACATGCACAAGCACTT-1	Epithelial	19
ACATGCACATTACTTC-1	Epithelial	1
ACATGCAGTACTATGC-1	Epithelial	2
ACATGCAGTCAACGGA-1	Epithelial	3
ACATGCAGTGAATCAA-1	T	5
ACATGCAGTTACGGAG-1	Epithelial	2
ACATGCATCCATGACA-1	B	0
ACATGCATCCGCTATC-1	Epithelial	12
ACATGCATCCGTGCAG-1	Epithelial	2
ACATGCATCGTTCTAT-1	Stromal	4
ACATGCATCTCCTTGG-1	B	0
ACATGGTAGAGTAAGG-1	Epithelial	19
ACATGGTAGAGTGGAA-1	Epithelial	18
ACATGGTAGCTAGTTC-1	Epithelial	19
ACATGGTAGGAGGCGA-1	Epithelial	18
ACATGGTCAAGCCCTG-1	T	5
ACATGGTCACTCAAGT-1	B	17
ACATGGTGTATGCTAC-1	B	17
ACATGGTGTATGGTTC-1	Epithelial	2
ACATGGTGTCAGGTGA-1	Epithelial	19
ACATGGTGTCGGCTGT-1	DC	10
ACATGGTGTCTGCACG-1	Epithelial	8
ACATGGTTCACTTACT-1	Epithelial	16
ACATGGTTCCCAATGA-1	Myeloid	6
ACATGGTTCCGTTTCG-1	Epithelial	2
ACATGGTTCGCAAACT-1	Epithelial	18
ACCAAACAGGGCTTCC-1	Epithelial	1
ACCAAACAGTGTCGGA-1	T	5
ACCAAACCAAGGAACC-1	Stromal	4
ACCAAACCACCACCAG-1	B	17
ACCAAACCACGGCCAT-1	Epithelial	8
ACCAAACCACTTGCGG-1	Epithelial	16
ACCAAACCAGCGCGTT-1	Epithelial	11
ACCAAACGTTTGCCCT-1	Stromal	4
ACCAAACTCACTAGGT-1	Epithelial	3
ACCAAACTCCTAAAGC-1	Stromal	4
ACCATCCAGAGGCCTA-1	B	17
ACCATCCAGTAACATG-1	Myeloid	14
ACCATCCCACAAGGGT-1	Stromal	9
ACCATCCCAGAGCCAA-1	B	7
ACCATCCCATAGATAG-1	Epithelial	19
ACCATCCGTCAGGCTC-1	Stromal	4
ACCATCCGTCTCTGGG-1	Stromal	9
ACCATCCGTGAGTAAT-1	Stromal	4
ACCATCCGTGTCTCGG-1	Myeloid	6
ACCATCCGTTTCGACA-1	Epithelial	18
ACCATCCTCAAGGCAG-1	T	5
ACCATCCTCACCGCGA-1	T	5
ACCATCCTCCAGGTAT-1	Epithelial	18
ACCATCCTCGCGTGAC-1	B	13
ACCATCCTCGTGGCGT-1	Epithelial	2
ACCATCCTCTCCAACC-1	Epithelial	11
ACCCAAAAGCAATAAC-1	Epithelial	1
ACCCAAAAGCTAACAA-1	T	5
ACCCAAACAATACTGC-1	B	13
ACCCAAACAGGCAAGT-1	Epithelial	2
ACCCAAACAGGCTACC-1	Stromal	4
ACCCAAAGTAAGGTCG-1	Epithelial	18
ACCCAAAGTAGGTCTT-1	Epithelial	1
ACCCAAAGTCATGAGG-1	Epithelial	19
ACCCAAAGTCCCGAGT-1	B	17
ACCCAAAGTGCGCATC-1	Epithelial	2
ACCCAAAGTGGTGGTA-1	Epithelial	8
ACCCAAAGTGTCCTTC-1	DC	10
ACCCAAAGTTCCTATT-1	Epithelial	15
ACCCAAAGTTTCACCC-1	Myeloid	6
ACCCAAAGTTTCGTTT-1	B	7
ACCCAAATCGATGAAA-1	B	13
ACCGAATAGATGGCAC-1	B	0
ACCGAATAGGAGGCGA-1	Myeloid	14
ACCGAATAGGTTCGTT-1	Epithelial	18
ACCGAATAGTACGCGA-1	Epithelial	3
ACCGAATAGTGATATG-1	Epithelial	2
ACCGAATCAACTACTG-1	B	13
ACCGAATCAGAGATGC-1	Epithelial	18
ACCGAATGTCCTATTT-1	Stromal	9
ACCGAATGTGAATCGG-1	T	5
ACCGAATGTGTCCCAG-1	Epithelial	18
ACCGAATGTTCAGTTG-1	Epithelial	12
ACCGAATTCACTCCCA-1	B	7
ACCGAATTCGAGGTCC-1	Epithelial	16
ACCGAATTCGCACCGA-1	Epithelial	19
ACCGAATTCTGGGCGT-1	Epithelial	2
ACCGCAGAGACACAAT-1	Epithelial	18
ACCGCAGAGATGGGAA-1	T	5
ACCGCAGAGCAACGGT-1	Epithelial	11
ACCGCAGAGCGCCTAC-1	T	5
ACCGCAGAGGCTAAAT-1	B	13
ACCGCAGAGTCGTACT-1	Epithelial	16
ACCGCAGCAACTAGAA-1	Epithelial	8
ACCGCAGCACTGCTCT-1	Epithelial	3
ACCGCAGCATCTCACC-1	Epithelial	16
ACCGCAGGTCCAAGTT-1	B	0
ACCGCAGGTGTCTACA-1	T	5
ACCGCAGTCCATACGA-1	Epithelial	11
ACCGCAGTCCTTTGAT-1	Epithelial	12
ACCGCAGTCGTCCCTA-1	Epithelial	8
ACCGGGTAGAACGTTA-1	Epithelial	8
ACCGGGTAGACAGTGC-1	Epithelial	3
ACCGGGTAGAGCCTGA-1	DC	10
ACCGGGTAGATAGGTT-1	Epithelial	19
ACCGGGTAGCAATGTA-1	Epithelial	18
ACCGGGTAGCTAGCAG-1	Epithelial	12
ACCGGGTAGTCCGGAA-1	Epithelial	3
ACCGGGTAGTCGAGCA-1	B	7
ACCGGGTCAACTGCGC-1	Myeloid	6
ACCGGGTCATTTAGGC-1	Epithelial	16
ACCGGGTGTAAACGTA-1	Epithelial	11
ACCGGGTGTAGGTAAT-1	Epithelial	16
ACCGGGTGTGCACTTA-1	B	7
ACCGGGTTCACGTCAA-1	Epithelial	1
ACCGGGTTCCACTAGA-1	T	5
ACCGGGTTCGAGGTCC-1	Epithelial	16
ACCGGGTTCGAGTTAC-1	Epithelial	2
ACCTGCTAGACGCCAA-1	B	0
ACCTGCTAGCAGGAGG-1	B	0
ACCTGCTTCACTAGCA-1	Epithelial	3
ACCTGCTTCACTGATG-1	Epithelial	2
ACCTGCTTCGACTATG-1	Epithelial	8
ACCTGCTTCGCAACTA-1	T	5
ACCTGCTTCGCTACCT-1	T	5
ACCTGCTTCGGATAAA-1	Epithelial	2
ACGGATTAGAATCAAC-1	Epithelial	19
ACGGATTAGTCATCTG-1	Myeloid	6
ACGGATTAGTCGTACT-1	Epithelial	19
ACGGATTCAACGTCGC-1	T	5
ACGGATTCAATGGCAG-1	Myeloid	6
ACGGATTCACAATAAG-1	B	7
ACGGATTCAGAATGCG-1	T	5
ACGGATTGTAAACGAT-1	B	7
ACGGATTGTAAGTCTC-1	Epithelial	11
ACGGATTGTTTGTAGC-1	B	17
ACGGATTTCCATCGAA-1	Myeloid	14
ACGGATTTCGAGTGTT-1	Epithelial	11
ACGGATTTCGGCAATT-1	Stromal	9
ACGGATTTCGGTCCGA-1	B	17
ACGGATTTCTGTGTGA-1	Epithelial	11
ACGTGGCAGAATCAAC-1	Epithelial	2
ACGTGGCAGCTCGTTA-1	B	0
ACGTGGCAGGTCTTTG-1	B	7
ACGTGGCCAAATGCTC-1	Myeloid	14
ACGTGGCCACTCAAGT-1	B	13
ACGTGGCCAGGGCTTC-1	Epithelial	11
ACGTGGCCAGGTGTGA-1	Epithelial	11
ACGTGGCCATAGTCCA-1	T	5
ACGTGGCCATGGATGG-1	B	7
ACGTGGCGTAACGGCA-1	B	0
ACGTGGCGTAGCTGTT-1	Epithelial	8
ACGTGGCGTCATAGAA-1	Epithelial	15
ACGTGGCGTCCGTCGA-1	T	5
ACGTGGCGTGGCGCTT-1	B	13
ACGTGGCTCCAGGTAT-1	DC	10
ACGTTAGAGCAACGGT-1	Epithelial	1
ACGTTAGCAACGTAGG-1	T	5
ACGTTAGGTACAAATG-1	T	5
ACGTTAGGTCTCTGGG-1	Stromal	9
ACGTTAGGTTACCACA-1	Epithelial	8
ACGTTAGTCCTGTAGA-1	T	5
ACGTTAGTCTATCTTG-1	B	13
ACTAACGAGAGCAGCT-1	Epithelial	18
ACTAACGAGCAATAAC-1	Epithelial	18
ACTAACGAGGTTAACA-1	Stromal	4
ACTAACGCAACGCACC-1	T	5
ACTAACGCACAAGTGG-1	Epithelial	12
ACTAACGCACCTCGTT-1	B	7
ACTAACGCAGTCAGCC-1	Epithelial	18
ACTAACGCAGTTCGGC-1	Stromal	4
ACTAACGCATAGAATG-1	Epithelial	8
ACTAACGGTAAACGGC-1	Stromal	4
ACTAACGTCACGATTG-1	Epithelial	12
ACTAACGTCATTCTCA-1	Epithelial	15
ACTAACGTCCCGTAGG-1	T	5
ACTAACGTCCCGTATC-1	Epithelial	3
ACTACCCAGCATACCT-1	Epithelial	11
ACTACCCAGTATGCTC-1	Stromal	4
ACTACCCCACAAACAA-1	T	5
ACTACCCCACAAACGG-1	Epithelial	2
ACTACCCCACCTGTGG-1	Epithelial	2
ACTACCCCAGCAAACG-1	B	0
ACTACCCCAGTTGCAT-1	Epithelial	12
ACTACCCCATTCCCGT-1	Epithelial	18
ACTACCCCATTTCTTG-1	Myeloid	14
ACTACCCGTAAACGGC-1	Epithelial	12
ACTACCCGTTAGTAGA-1	Stromal	4
ACTACCCGTTGCCTGG-1	Epithelial	8
ACTACCCTCAAATGGA-1	Epithelial	12
ACTACCCTCGCATACA-1	Stromal	9
ACTACGAAGACTTGAA-1	Epithelial	15
ACTACGAAGTGCAACG-1	Stromal	9
ACTACGACAGCAACGA-1	Epithelial	11
ACTACGAGTACTTCAG-1	Stromal	4
ACTACGAGTATATGGA-1	B	17
ACTACGAGTATCAGCT-1	Epithelial	11
ACTACGATCAGTCAAC-1	Epithelial	18
ACTACGATCTAGCAAC-1	Epithelial	2
ACTACGATCTCTTCCT-1	B	0
ACTAGGTAGAACTAAC-1	Epithelial	2
ACTAGGTAGCCTATAC-1	Stromal	4
ACTAGGTAGCGTAGCA-1	B	17
ACTAGGTAGTGATATG-1	Epithelial	18
ACTAGGTCAACTTGGT-1	B	7
ACTAGGTCACATAAAG-1	Epithelial	11
ACTAGGTCACGTTGTA-1	Myeloid	14
ACTAGGTCACTAAACC-1	DC	10
ACTAGGTCATTACACG-1	Stromal	4
ACTAGGTGTACGACCC-1	B	7
ACTAGGTGTAGATGAT-1	Stromal	4
ACTAGGTGTCTGGGCT-1	Epithelial	18
ACTAGGTGTTCAGTTG-1	Myeloid	6
ACTAGGTTCCTGTAGA-1	Epithelial	12
ACTAGGTTCTCGTAGA-1	Epithelial	16
ACTATTCAGAAATCTG-1	T	5
ACTATTCAGAGACTCG-1	Epithelial	18
ACTATTCAGTGTCGCC-1	Myeloid	6
ACTATTCCAAAGGCCA-1	Epithelial	16
ACTATTCCAAGTTGCT-1	T	5
ACTATTCCAATTCTCT-1	Epithelial	2
ACTATTCCACGACGAA-1	Epithelial	11
ACTATTCCAGATTTGC-1	Epithelial	3
ACTATTCGTAACACTC-1	Epithelial	2
ACTATTCGTCACCCGA-1	T	5
ACTATTCGTCAGTGCC-1	Epithelial	8
ACTATTCGTCTGGGCT-1	Epithelial	1
ACTATTCGTGCTTTGA-1	B	13
ACTATTCTCCACACCT-1	Stromal	4
ACTATTCTCCGCGATG-1	T	5
ACTATTCTCCTCCCAA-1	Epithelial	2
ACTATTCTCGCCCTTA-1	Epithelial	8
ACTATTCTCTGAACGT-1	Epithelial	16
ACTCGGGAGCCATGGA-1	DC	10
ACTCGGGAGGCGCTTC-1	T	5
ACTCGGGAGGCTCAGA-1	Epithelial	16
ACTCGGGAGTCGACCC-1	B	13
ACTCGGGAGTGAATAC-1	Epithelial	1
ACTCGGGCAAGCAACG-1	B	13
ACTCGGGCAATGTAAG-1	B	0
ACTCGGGCATGTAGAA-1	Epithelial	8
ACTCGGGCATTCACCC-1	Myeloid	6
ACTCGGGGTGATAACA-1	Epithelial	3
ACTCGGGTCACGTCAA-1	B	17
ACTCGGGTCGCACAAT-1	Stromal	9
ACTGCAAAGTTTACGC-1	Stromal	9
ACTGCAACAAGCAATA-1	Epithelial	12
ACTGCAACAAGCAGGT-1	Epithelial	18
ACTGCAACACACATTG-1	Epithelial	11
ACTGCAACACGCGCAT-1	Epithelial	8
ACTGCAAGTTCCAGTA-1	Epithelial	11
ACTGCAAGTTGAATAG-1	B	13
ACTGCAATCGGTTAGT-1	T	5
ACTGCAATCTCTTAAC-1	B	13
ACTGCGGAGAGAATTC-1	B	0
ACTGCGGAGAGAGTTT-1	Epithelial	3
ACTGCGGAGAGGAATG-1	Epithelial	16
ACTGCGGAGTCGTACT-1	Epithelial	18
ACTGCGGAGTGAGCTG-1	Epithelial	16
ACTGCGGAGTGCTAGG-1	B	0
ACTGCGGAGTTAGCGG-1	Myeloid	14
ACTGCGGCACCGAAAG-1	Epithelial	2
ACTGCGGCATGATTGC-1	Epithelial	11
ACTGCGGCATTACTTC-1	B	7
ACTGCGGGTATTCACG-1	Epithelial	3
ACTGCGGGTCCTTATT-1	Epithelial	15
ACTGCGGTCATTCTCA-1	Epithelial	8
ACTGCGGTCCGTCAAA-1	B	7
ACTGCGGTCTTTATCG-1	T	5
ACTGTCCAGAGCTGTG-1	Epithelial	1
ACTGTCCAGAGTAAGG-1	T	5
ACTGTCCCAGCACATT-1	Epithelial	2
ACTGTCCCATTTCACT-1	Epithelial	16
ACTGTCCGTAAACCCT-1	T	5
ACTGTCCGTAGGGTTG-1	T	5
ACTGTCCGTGGAGTGT-1	T	5
ACTGTCCTCGCAAACT-1	Epithelial	2
ACTTCCGAGTACAGTA-1	Epithelial	3
ACTTCCGAGTAGACCG-1	Myeloid	14
ACTTCCGCAGAGAGAA-1	B	0
ACTTCCGGTAACCCAT-1	T	5
ACTTCCGGTCAGCAAG-1	Epithelial	16
ACTTCCGGTCATTGGT-1	Epithelial	3
ACTTCCGGTTTCTTAC-1	Myeloid	6
ACTTCCGTCATTGCCC-1	Epithelial	1
ACTTCCGTCCGAGAGA-1	Epithelial	15
ACTTCCGTCTAGCTGA-1	Epithelial	1
ACTTCCGTCTCCTTGG-1	Epithelial	19
ACTTTCAAGACAGTGC-1	Epithelial	3
ACTTTCAAGGTTACAA-1	Epithelial	1
ACTTTCAAGTAGCAAT-1	DC	10
ACTTTCACAAGGTTCT-1	Epithelial	8
ACTTTCACAATGGCAG-1	Epithelial	11
ACTTTCACAGTTGCAT-1	T	5
ACTTTCACATATTGGC-1	B	7
ACTTTCAGTAGCTGTT-1	Epithelial	12
ACTTTCAGTCCCTTTG-1	B	0
ACTTTCATCAGTCAAC-1	Epithelial	8
ACTTTCATCGAGGCTC-1	Epithelial	3
ACTTTCATCGCACAAT-1	Stromal	4
ACTTTCATCGCACCGA-1	DC	10
ACTTTCATCGTCCCAT-1	Epithelial	8
ACTTTCATCTGGAAGG-1	Epithelial	11
AGACAAACACATATCG-1	Epithelial	1
AGACAAACACCGTCTT-1	Epithelial	19
AGACAAACAGAGATGC-1	T	5
AGACAAACATAGAATG-1	Epithelial	3
AGACAAACATGGGTGA-1	Epithelial	12
AGACAAAGTATTCTGG-1	Epithelial	3
AGACAAAGTCTGCGCA-1	Epithelial	12
AGACAAAGTGGAAAGA-1	Epithelial	18
AGACAAAGTGTCCAGC-1	Epithelial	3
AGACAAATCTAGCAAC-1	T	5
AGATAGACAACTACTG-1	B	0
AGATAGACAATTGGCT-1	Myeloid	6
AGATAGAGTAATGTAG-1	B	13
AGATAGAGTATTCGAC-1	DC	10
AGATAGAGTCCGTGCA-1	Myeloid	6
AGATAGATCACGTCAA-1	Myeloid	14
AGATAGATCCAGGTAT-1	Epithelial	11
AGATAGATCCATAACG-1	Epithelial	8
AGATAGATCTTCGTTA-1	Epithelial	16
AGATAGATCTTGGCCT-1	Epithelial	12
AGATTCGAGAGGAAGT-1	Epithelial	8
AGATTCGAGGTCGGTA-1	Myeloid	6
AGATTCGAGTGAAGGA-1	B	7
AGATTCGGTAACTGAA-1	Epithelial	12
AGATTCGGTAGGTGAC-1	Epithelial	3
AGATTCGGTCAGTGTT-1	B	0
AGATTCGGTCCGTGCA-1	Epithelial	12
AGATTCGGTCGATAGG-1	B	0
AGATTCGGTTCTGATG-1	Epithelial	11
AGATTCGGTTGCAGCC-1	Epithelial	15
AGATTCGGTTGGACGA-1	Epithelial	19
AGATTCGTCCAGGGAA-1	Epithelial	8
AGATTCGTCCGGACTG-1	Myeloid	14
AGCCAGCAGCTATCCA-1	T	5
AGCCAGCAGGCAAGCT-1	Epithelial	18
AGCCAGCAGGCAGTAC-1	Epithelial	8
AGCCAGCAGTCATACC-1	Epithelial	1
AGCCAGCCAGAGAGAA-1	Stromal	4
AGCCAGCCAGCAGGTA-1	T	5
AGCCAGCCATTAACGC-1	T	5
AGCCAGCGTCATAGAA-1	Myeloid	6
AGCCAGCGTGAGTAAT-1	Stromal	4
AGCCCGAAGATGTTGA-1	Epithelial	2
AGCCCGACAATTAGGA-1	Epithelial	3
AGCCCGACATGGTAAA-1	DC	10
AGCCCGACATTACTCT-1	Epithelial	18
AGCCCGAGTACGTAGG-1	Myeloid	6
AGCCCGAGTTGCTTGA-1	Myeloid	6
AGCCCGATCAAAGTAG-1	B	13
AGCCCGATCATGAACC-1	Epithelial	8
AGCCCGATCATTGCCC-1	Epithelial	8
AGCCCGATCCATAGGT-1	Epithelial	2
AGCCGCAAGAGAGTAG-1	Epithelial	16
AGCCGCAAGTATCTGC-1	Myeloid	14
AGCCGCAAGTCAGCCC-1	Epithelial	8
AGCCGCACACCTACCT-1	Epithelial	19
AGCCGCACACTAAACC-1	Epithelial	2
AGCCGCACAGAACTTC-1	T	5
AGCCGCAGTTCTTATC-1	Epithelial	3
AGCCGCAGTTCTTTCA-1	Epithelial	8
AGCCGCATCACACGTA-1	DC	10
AGCCGCATCCATACGA-1	Epithelial	2
AGCCGCATCGTTCCGT-1	Epithelial	2
AGCCGCATCTCTTCTC-1	Epithelial	8
AGCCTCTAGGGTTCTT-1	Epithelial	12
AGCCTCTAGTCCAGAG-1	T	5
AGCCTCTAGTGCACAG-1	Epithelial	16
AGCCTCTCAAACCGAG-1	Epithelial	1
AGCCTCTGTAAGCCTT-1	Epithelial	12
AGCCTCTGTAGATTAG-1	Epithelial	15
AGCCTCTGTATGGTTC-1	Epithelial	3
AGCCTCTGTCACCCGA-1	Epithelial	11
AGCCTCTGTCCAGACC-1	Epithelial	1
AGCCTCTGTTACTTTC-1	Epithelial	3
AGCCTCTGTTTCCACC-1	Epithelial	12
AGCCTCTTCCTCAAGA-1	T	5
AGCCTCTTCTCTGTTA-1	Epithelial	11
AGCCTCTTCTGATCCC-1	Epithelial	11
AGCCTGGAGCCAGAAC-1	Epithelial	11
AGCCTGGAGGATGTCG-1	Epithelial	16
AGCCTGGCAAGCGAAC-1	Epithelial	3
AGCCTGGCAAGGAGGG-1	Myeloid	6
AGCCTGGGTACGTAAA-1	B	7
AGCCTGGGTGCATTCA-1	Epithelial	8
AGCCTGGGTGGCCTTG-1	T	5
AGCCTGGTCAGAATGA-1	Epithelial	16
AGCCTGGTCAGCCGGT-1	Epithelial	1
AGCCTGGTCCGTGCGA-1	Epithelial	8
AGCCTGGTCGGCATAT-1	B	13
AGCCTGGTCGGTTCCT-1	Myeloid	14
AGCCTGGTCTTGCGCT-1	B	0
AGCCTTCAGAACTAAC-1	B	7
AGCCTTCAGGATTGAT-1	Epithelial	2
AGCCTTCAGTAACACA-1	Stromal	4
AGCCTTCCAAGCCTTA-1	B	0
AGCCTTCCAGAGCCAA-1	Epithelial	2
AGCCTTCCATAAAGTG-1	Epithelial	19
AGCCTTCGTAACCGAG-1	Epithelial	2
AGCCTTCGTACGAGAC-1	Epithelial	16
AGCCTTCGTCATAGCT-1	Epithelial	16
AGCCTTCGTCTGGTTA-1	B	0
AGCCTTCTCACTACCC-1	Epithelial	11
AGCCTTCTCCATCTAT-1	T	5
AGCCTTCTCCCATAGA-1	Epithelial	16
AGCCTTCTCGGACGAA-1	Epithelial	8
AGCCTTCTCGGGCTCA-1	Stromal	9
AGCCTTCTCTATATCC-1	Epithelial	19
AGCGATTAGAGGCGGA-1	Epithelial	11
AGCGATTAGAGTGGAA-1	Epithelial	2
AGCGATTAGTCGATAA-1	Stromal	4
AGCGATTCACAAACAA-1	Epithelial	16
AGCGATTCACAAACGG-1	B	17
AGCGATTCACATCATG-1	Epithelial	2
AGCGATTCAGGGTACA-1	B	0
AGCGATTCATCACAGT-1	T	5
AGCGATTCATCGGCTG-1	DC	10
AGCGATTCATGGGAAC-1	Epithelial	2
AGCGATTGTCGCGCTA-1	Epithelial	16
AGCGATTGTTCTTTGT-1	Epithelial	3
AGCGATTTCACGATTG-1	Epithelial	2
AGCGATTTCCGGACTG-1	Stromal	4
AGCGATTTCCGGGCAT-1	B	13
AGCGTATAGAAGACTT-1	Myeloid	6
AGCGTATAGACCATAA-1	Epithelial	11
AGCGTATAGTCGTACT-1	Epithelial	8
AGCGTATCAAAGCATA-1	Epithelial	18
AGCGTATCAAGATGCG-1	Myeloid	6
AGCGTATCACTAGCCG-1	Epithelial	2
AGCGTATCACTCGTGG-1	Epithelial	11
AGCGTATCATACCCGG-1	Epithelial	16
AGCGTATGTAGATGAT-1	B	17
AGCGTATGTCTCTGGG-1	Epithelial	11
AGCGTATGTGTCGTCG-1	T	5
AGCGTATGTGTTGGTT-1	T	5
AGCGTATTCCAAACCA-1	Epithelial	12
AGCGTATTCGGGAATG-1	Epithelial	3
AGCGTGCAGGATTTGA-1	Epithelial	16
AGCGTGCAGTGAATAC-1	Epithelial	8
AGCGTGCCACTAGGAG-1	Epithelial	1
AGCGTGCGTATACGCT-1	DC	10
AGCGTGCGTTTGTACG-1	Epithelial	12
AGCGTGCTCAATTCCT-1	Epithelial	18
AGCGTGCTCCGAGAGA-1	Epithelial	11
AGCGTGCTCGTTTGAG-1	Epithelial	18
AGCTATGAGTCGCCTG-1	T	5
AGCTATGCACTGATTG-1	Epithelial	15
AGCTATGCATCTCTCG-1	Epithelial	18
AGCTATGGTAAACGTA-1	Epithelial	1
AGCTATGGTCAACTAC-1	Epithelial	2
AGCTATGGTCAATCCA-1	Epithelial	8
AGCTATGGTTTCTTAC-1	Epithelial	18
AGCTATGTCGAACACT-1	Stromal	9
AGCTATGTCTGCGTCT-1	B	7
AGCTGATAGAGGCGGA-1	Stromal	9
AGCTGATAGGCACCTC-1	Epithelial	1
AGCTGATAGGTTAGTA-1	B	7
AGCTGATCACCTGGTG-1	B	0
AGCTGATCACGCTCAG-1	Epithelial	16
AGCTGATCAGCGTGAA-1	Epithelial	8
AGCTGATCATTACTCT-1	Epithelial	8
AGCTGATGTTCTTAGG-1	B	13
AGCTGATTCGGGAATG-1	Epithelial	1
AGCTGATTCTTCCAGC-1	Epithelial	8
AGCTGGCAGGATTGAT-1	B	7
AGCTGGCCAAGTAATG-1	Epithelial	19
AGCTGGCCACCCTTAC-1	Epithelial	18
AGCTGGCCATACAACC-1	Epithelial	2
AGCTGGCCATCCCTCA-1	Epithelial	19
AGCTGGCGTCCGCTTT-1	Epithelial	8
AGCTGGCTCAGATACC-1	T	5
AGCTGGCTCATGTTCT-1	T	5
AGCTGGCTCGGAAAGC-1	DC	10
AGCTGGCTCGTGCTTC-1	Epithelial	3
AGCTGGCTCTATCTAC-1	T	5
AGCTGTAAGAATCAAC-1	Epithelial	11
AGCTGTAAGAGGAATG-1	Epithelial	2
AGCTGTAAGTACAGAT-1	Epithelial	12
AGCTGTACAACGAGGT-1	Epithelial	11
AGCTGTACACAGGAAC-1	Myeloid	6
AGCTGTACATCCTCGT-1	Epithelial	19
AGCTGTACATGGGAAC-1	B	17
AGCTGTACATGGTAAA-1	Myeloid	6
AGCTGTAGTACTAGAA-1	DC	10
AGCTGTAGTAGCGAGT-1	Stromal	4
AGCTGTATCAACGTGT-1	Myeloid	6
AGCTGTATCAAGGCAG-1	Epithelial	3
AGCTGTATCCACGAGC-1	Stromal	9
AGCTGTATCCCGGGTA-1	Epithelial	15
AGCTGTATCGAAGCCC-1	Stromal	4
AGCTGTATCGCAACTA-1	Epithelial	12
AGCTGTATCTAAACGC-1	B	0
AGCTGTATCTCAGATG-1	Epithelial	3
AGCTGTATCTCTGACC-1	Epithelial	16
AGGACGAAGTACCTCA-1	Epithelial	12
AGGACGAAGTGGTGTG-1	B	0
AGGACGAGTCATAGAA-1	Epithelial	11
AGGACGAGTGATGCGA-1	T	5
AGGACGATCAATTCCT-1	Epithelial	3
AGGACGATCCGTTAGA-1	B	13
AGGACGATCCTTACGC-1	Epithelial	16
AGGCCCAAGAGGAAGT-1	B	0
AGGCCCAAGGTCCTCG-1	Epithelial	8
AGGCCCAAGTGCTGAG-1	B	0
AGGCCCAAGTTCGTTG-1	Stromal	4
AGGCCCAAGTTTGGAA-1	T	5
AGGCCCACACGTTACA-1	Epithelial	16
AGGCCCACAGTCCTGG-1	Epithelial	18
AGGCCCAGTCGAGGTA-1	Epithelial	1
AGGCCCAGTTCCCAAA-1	B	13
AGGCCCATCCCATAGA-1	B	7
AGGCCCATCTACTGCC-1	B	7
AGGCCTGAGATCTCAC-1	Epithelial	19
AGGCCTGAGCCATTCA-1	DC	10
AGGCCTGAGGTTGACG-1	Epithelial	3
AGGCCTGCAAACCCTA-1	B	7
AGGCCTGCAAGGAACC-1	Myeloid	14
AGGCCTGGTAGATGAT-1	B	7
AGGCCTGGTAGGTGAC-1	B	7
AGGCCTGGTCTAAGAA-1	Epithelial	1
AGGCCTGGTGCACTTA-1	Epithelial	16
AGGCCTGGTTCGGGAA-1	Epithelial	8
AGGCCTGGTTGGCTTA-1	Epithelial	16
AGGCCTGTCAGGCGCT-1	Epithelial	8
AGGCCTGTCCCTACGT-1	Epithelial	2
AGGCCTGTCCTCAAGA-1	T	5
AGGCCTGTCGTCTTAT-1	Myeloid	14
AGGCCTGTCTGACATG-1	Epithelial	18
AGGCCTGTCTGGCACG-1	B	17
AGGCGAAAGACTAATG-1	Epithelial	18
AGGCGAACACCCTTTG-1	Epithelial	18
AGGCGAACACGAACGA-1	B	17
AGGCGAACAGCAGGTA-1	T	5
AGGCGAACATTTGTTC-1	B	17
AGGCGAAGTGATAACA-1	B	7
AGGCGAAGTGCCAAGA-1	Epithelial	2
AGGCGAAGTGTGCTTA-1	B	17
AGGCGAAGTGTTAGAA-1	DC	10
AGGCGAATCAAGGCAG-1	Epithelial	19
AGGCGAATCATTCTTG-1	Epithelial	19
AGGCGAATCGAGGCTC-1	Epithelial	18
AGGCGTCAGATCGCCC-1	B	7
AGGCGTCAGTCTGGGA-1	Myeloid	6
AGGCGTCCACAATAAG-1	Epithelial	8
AGGCGTCCAGAGCCAA-1	Epithelial	16
AGGCGTCCAGGGTAAC-1	Epithelial	16
AGGCGTCCATACCCGG-1	Epithelial	2
AGGCGTCGTAAAGGCC-1	B	17
AGGCGTCGTCCGTGCA-1	Epithelial	2
AGGCGTCGTGCTTACA-1	Epithelial	2
AGGCGTCGTTGAAGCG-1	Epithelial	18
AGGCGTCTCAGTCACA-1	Stromal	4
AGGCGTCTCATTCATC-1	Epithelial	16
AGTCAACAGATGAGGA-1	Epithelial	19
AGTCAACAGCGTTAGG-1	Epithelial	12
AGTCAACAGGGTCTGA-1	Epithelial	3
AGTCAACAGTTCGCGC-1	B	0
AGTCAACCAACTAGAA-1	Epithelial	18
AGTCAACCAATCAGGG-1	Epithelial	18
AGTCAACCACCACCAG-1	Epithelial	8
AGTCAACCAGGTAACG-1	T	5
AGTCAACCAGGTAGCA-1	T	5
AGTCAACCATTTCACT-1	Epithelial	18
AGTCAACGTATTGTCG-1	Epithelial	2
AGTCAACGTCTAAAGA-1	B	17
AGTCAACGTGGAAAGA-1	Stromal	9
AGTCAACGTTACTACG-1	Epithelial	8
AGTCAACTCATCGCTC-1	Stromal	9
AGTCAACTCTCTGCAC-1	Epithelial	16
AGTCCGGAGAACCATA-1	Epithelial	12
AGTCCGGAGCGCAATG-1	Epithelial	2
AGTCCGGAGGAAACTT-1	T	5
AGTCCGGAGGCTCCTG-1	Epithelial	2
AGTCCGGAGGTTGTTC-1	Epithelial	3
AGTCCGGAGTCGCCTG-1	B	0
AGTCCGGAGTTCAGGG-1	B	0
AGTCCGGCAACTCGTA-1	B	0
AGTCCGGCACTCAGCG-1	B	17
AGTCCGGCATCCTCGT-1	Epithelial	2
AGTCCGGCATTAGCAC-1	Epithelial	12
AGTCCGGGTGCAACAG-1	Myeloid	6
AGTCCGGGTTCCAGTA-1	T	5
AGTCCGGTCACTAGCA-1	Epithelial	19
AGTCCGGTCCCGATTC-1	Stromal	9
AGTCCGGTCCGTACGG-1	Epithelial	1
AGTCCGGTCGCAAGCC-1	Epithelial	3
AGTCCGGTCTATAGGC-1	Epithelial	11
AGTCCGGTCTCCACTG-1	B	7
AGTGCCGAGGCTTTAC-1	Epithelial	12
AGTGCCGAGTACTCTG-1	Epithelial	8
AGTGCCGAGTGAATAC-1	Epithelial	11
AGTGCCGCAAACGTTC-1	Epithelial	2
AGTGCCGCACGCGACT-1	Epithelial	3
AGTGCCGCATGTCCCT-1	T	5
AGTGCCGGTATGTTCG-1	Myeloid	6
AGTGCCGTCATCGCAA-1	Epithelial	18
AGTGCCGTCGTTCCGT-1	Epithelial	8
AGTGCCGTCTCTTAAC-1	Epithelial	18
AGTGCCGTCTTACGGA-1	T	5
AGTGCGCAGATTAGAC-1	Stromal	4
AGTGCGCAGCAGAATT-1	Stromal	4
AGTGCGCAGTGAATAC-1	Epithelial	12
AGTGCGCCAAGCGGTA-1	Myeloid	6
AGTGCGCCATCAGCTA-1	Epithelial	1
AGTGCGCCATTATGGC-1	Myeloid	6
AGTGCGCGTACGAGAC-1	Myeloid	6
AGTGCGCGTAGTATCC-1	Epithelial	8
AGTGCGCGTCAGTGCC-1	Epithelial	11
AGTGCGCGTCCCGAGT-1	B	13
AGTGCGCGTGCGCTCA-1	Epithelial	11
AGTGCGCGTGCTTACA-1	T	5
AGTGCGCGTTAACCGT-1	Epithelial	18
AGTGCGCTCACACGTA-1	Epithelial	2
AGTGCGCTCGTGGCGT-1	Epithelial	11
AGTGCGCTCTATCCTA-1	Epithelial	1
AGTGCGCTCTCCACTG-1	Epithelial	8
AGTGCGCTCTGTCGGG-1	T	5
AGTGCGCTCTGTGTGA-1	Epithelial	1
AGTGTACAGTATAGTG-1	Epithelial	3
AGTGTACCAGGCTACC-1	Epithelial	8
AGTGTACCAGTATACC-1	T	5
AGTGTACCATAGATAG-1	Epithelial	15
AGTGTACGTCGTAATC-1	T	5
AGTGTACGTGCTGGCT-1	Epithelial	1
AGTGTACGTTACACTG-1	Epithelial	8
AGTGTACTCCAAACCA-1	Myeloid	14
AGTGTACTCCCTACCA-1	Epithelial	8
AGTGTACTCCTCTCTT-1	B	13
AGTGTACTCGGATCGC-1	B	7
AGTGTACTCGTCTAGA-1	Epithelial	18
AGTGTACTCTATCTTG-1	Epithelial	2
AGTTACGAGATATGTG-1	Epithelial	2
AGTTACGAGTTGCGCC-1	Epithelial	18
AGTTACGCATTAACGC-1	Epithelial	1
AGTTACGGTGCGCTCA-1	B	13
AGTTACGGTTACCCAA-1	Epithelial	18
AGTTACGGTTCAGTTG-1	DC	10
AGTTACGGTTTGTAGC-1	T	5
AGTTACGTCCTCCTGA-1	T	5
AGTTACGTCGGGAATG-1	T	5
AGTTTGGAGACAACGC-1	T	5
AGTTTGGAGATTACGA-1	Epithelial	2
AGTTTGGAGCTGAAAT-1	Epithelial	11
AGTTTGGAGGCAGTAC-1	B	0
AGTTTGGCAAAGCTTC-1	Stromal	9
AGTTTGGCAATCATCG-1	B	7
AGTTTGGCACACACCG-1	Epithelial	16
AGTTTGGCATCGGCTG-1	Myeloid	14
AGTTTGGGTAACCGAG-1	Epithelial	8
AGTTTGGGTATTCGCA-1	Stromal	4
AGTTTGGTCGCACCGA-1	DC	10
AGTTTGGTCGGTAGGA-1	Epithelial	18
AGTTTGGTCTCGCGGA-1	Epithelial	19
AGTTTGGTCTGGGCGT-1	T	5
AGTTTGGTCTTCACTA-1	Myeloid	6
ATAGGCTAGAACGTCG-1	T	5
ATAGGCTAGACTTCCA-1	Epithelial	1
ATAGGCTAGCGCAATG-1	Epithelial	16
ATAGGCTAGTGATATG-1	Epithelial	16
ATAGGCTCAACTACTG-1	Epithelial	11
ATAGGCTCAAGGCGTA-1	Epithelial	8
ATAGGCTCAGGTCCTG-1	Epithelial	8
ATAGGCTCATCCCAAA-1	Epithelial	8
ATAGGCTCATCGAGTT-1	B	7
ATAGGCTGTATCTGCA-1	Myeloid	6
ATAGGCTGTATTCGCA-1	Epithelial	18
ATAGGCTGTCAATCCA-1	Epithelial	3
ATAGGCTGTGTCTACA-1	Myeloid	6
ATAGGCTTCGTTCTAT-1	Epithelial	19
ATAGGCTTCTTTCGAT-1	B	13
ATAGTCGAGTGTAATG-1	Epithelial	16
ATAGTCGAGTTTACGC-1	T	5
ATAGTCGAGTTTGGAA-1	B	7
ATAGTCGCATCACAGT-1	Epithelial	8
ATAGTCGCATCATCGA-1	Epithelial	11
ATAGTCGCATGGTTTG-1	T	5
ATAGTCGGTATACGCT-1	B	7
ATAGTCGGTCAGTGCC-1	Epithelial	2
ATAGTCGGTCCGTGCA-1	Epithelial	11
ATAGTCGGTGGATTCT-1	B	17
ATAGTCGGTGTGACCC-1	Epithelial	18
ATAGTCGGTGTGTGCC-1	T	5
ATAGTCGGTTCCATCC-1	Epithelial	2
ATAGTCGTCGCGCCAA-1	Stromal	9
ATAGTCGTCTACATCT-1	Epithelial	18
ATAGTCGTCTCTCAAT-1	Epithelial	12
ATAGTCGTCTGCTACC-1	T	5
ATATTCCAGACCCATT-1	T	5
ATATTCCAGATTAGAC-1	Myeloid	6
ATATTCCAGCTAGCAG-1	T	5
ATATTCCAGTCTGGGA-1	B	17
ATATTCCCAAGCCCTG-1	Epithelial	19
ATATTCCCAAGGGTAC-1	Epithelial	18
ATATTCCCAAGTAACA-1	T	5
ATATTCCCACAGGAAC-1	Epithelial	8
ATATTCCCAGGTGGTA-1	T	5
ATATTCCCATACCCGG-1	Stromal	4
ATATTCCCATGCACTA-1	B	0
ATATTCCGTCACATTG-1	Stromal	9
ATATTCCGTCGTAGTT-1	Stromal	9
ATATTCCGTGCACCCA-1	Epithelial	11
ATATTCCGTTAACCAC-1	Epithelial	8
ATATTCCTCAGGATCT-1	Epithelial	12
ATATTCCTCAGGCGCT-1	Epithelial	18
ATATTCCTCGTCAACA-1	Epithelial	19
ATCCAGAAGAGCCACA-1	B	7
ATCCAGAAGCCCATTA-1	B	7
ATCCAGACACCCTTAC-1	B	17
ATCCAGACACCGTTGG-1	Stromal	9
ATCCAGACATAAAGTG-1	Epithelial	11
ATCCAGAGTCGCTAGC-1	Myeloid	14
ATCCAGAGTGATTCCA-1	B	17
ATCCAGAGTGCTGAAG-1	Epithelial	1
ATCCAGAGTTTAGAAG-1	Epithelial	12
ATCCAGAGTTTCGTTT-1	Stromal	9
ATCCAGATCACGATTG-1	DC	10
ATCCAGATCCCACTAC-1	Epithelial	1
ATCCAGATCGAACACT-1	Epithelial	2
ATCCCTGAGACTTGAA-1	Epithelial	11
ATCCCTGAGCCATCAT-1	DC	10
ATCCCTGAGGGTGTTG-1	DC	10
ATCCCTGAGGTACTCT-1	Epithelial	18
ATCCCTGAGGTGTCGA-1	T	5
ATCCCTGAGTTATGAG-1	Epithelial	8
ATCCCTGCAATGTAAG-1	Epithelial	18
ATCCCTGCACAAACGG-1	Epithelial	2
ATCCCTGCACGTACAT-1	B	7
ATCCCTGCAGTAGGCA-1	Epithelial	1
ATCCCTGGTAATGTGA-1	B	13
ATCCCTGTCACCACAA-1	Epithelial	16
ATCCCTGTCCAATCCC-1	Epithelial	18
ATCCCTGTCCCTATTA-1	Epithelial	8
ATCCCTGTCGCTTACC-1	Epithelial	11
ATCCCTGTCTATAGGC-1	Epithelial	1
ATCCCTGTCTTGTCAT-1	Myeloid	14
ATCCTCGAGACACTTC-1	Epithelial	19
ATCCTCGAGCTAACAA-1	T	5
ATCCTCGAGGAGACTC-1	Epithelial	11
ATCCTCGAGGGCTCTC-1	Epithelial	3
ATCCTCGAGTGAGTGC-1	B	7
ATCCTCGAGTTGACAA-1	Epithelial	2
ATCCTCGCACACTAGT-1	Epithelial	1
ATCCTCGCACGACGAA-1	Myeloid	6
ATCCTCGCAGAATGCG-1	B	0
ATCCTCGCAGGTAACG-1	B	0
ATCCTCGCAGTTGGAG-1	B	7
ATCCTCGCATAGCAGG-1	T	5
ATCCTCGGTGCTTTGA-1	Epithelial	3
ATCCTCGGTGTTTCTT-1	Epithelial	2
ATCCTCGGTTAAGGGC-1	Epithelial	8
ATCCTCGGTTATGCAC-1	Epithelial	16
ATCCTCGTCTAGCAGT-1	Epithelial	11
ATCCTGCAGAAGCCGT-1	Epithelial	8
ATCCTGCCAACGGGTA-1	Epithelial	2
ATCCTGCCAGCGCGTT-1	Epithelial	3
ATCCTGCCATCGCTAA-1	DC	10
ATCCTGCGTAGCATGG-1	Stromal	4
ATCCTGCGTCGATAGG-1	T	5
ATCCTGCGTGCTAGTT-1	Epithelial	3
ATCCTGCGTGTCCCAG-1	Epithelial	2
ATCCTGCGTGTGTGTT-1	Epithelial	11
ATCCTGCGTGTTGTTG-1	Epithelial	11
ATCCTGCTCCAAGTCA-1	Epithelial	16
ATCCTGCTCCCACTAC-1	DC	10
ATCCTGCTCTGATCCC-1	Epithelial	18
ATCCTGCTCTTCCAGC-1	B	0
ATCGAGTAGACTAATG-1	Epithelial	2
ATCGAGTAGAGACTCG-1	Epithelial	8
ATCGAGTAGATGGGAA-1	B	7
ATCGAGTAGCCGCTGT-1	Epithelial	8
ATCGAGTAGGGTATCG-1	T	5
ATCGAGTAGGTAGGAA-1	Epithelial	16
ATCGAGTCACTACACA-1	T	5
ATCGAGTCAGTATACC-1	T	5
ATCGAGTGTACGTAGG-1	Epithelial	11
ATCGAGTGTCCTTATT-1	Epithelial	1
ATCGAGTGTTCCAATG-1	DC	10
ATCGAGTGTTGAAGCG-1	Epithelial	11
ATCGAGTTCGCGCCAA-1	Epithelial	18
ATGCATGAGGGATCCA-1	T	5
ATGCATGAGTAATGTG-1	Epithelial	19
ATGCATGCAAGACTTC-1	DC	10
ATGCATGCAATGGTCT-1	Epithelial	16
ATGCATGCATTACACG-1	Epithelial	3
ATGCATGGTCAAATCC-1	Epithelial	2
ATGCATGGTGCAGACA-1	T	5
ATGCATGGTTCCGGCA-1	Epithelial	18
ATGCATGTCACAACAC-1	Epithelial	19
ATGCATGTCAGTTGAC-1	T	5
ATGCATGTCATTCGGA-1	Epithelial	12
ATGCATGTCTGACTTT-1	Epithelial	18
ATGGATCAGACAACGC-1	Epithelial	16
ATGGATCAGAGGTGGG-1	Stromal	9
ATGGATCAGATGCGAC-1	Epithelial	16
ATGGATCAGGCGTCCT-1	Myeloid	6
ATGGATCAGTCGTACT-1	B	17
ATGGATCAGTCTCGAT-1	B	0
ATGGATCCAGTGCGAA-1	Epithelial	16
ATGGATCCATGGATGG-1	Epithelial	3
ATGGATCCATTCACCC-1	T	5
ATGGATCGTACAACGG-1	T	5
ATGGATCGTGCTTTGA-1	Stromal	9
ATGGATCTCTGGACAT-1	Stromal	9
ATGTACGAGACAGCTG-1	Epithelial	11
ATGTACGAGCAGAAAG-1	Epithelial	3
ATGTACGAGCGTCAAG-1	T	5
ATGTACGAGGTTGACG-1	Epithelial	3
ATGTACGCAAATTCCG-1	Epithelial	19
ATGTACGCAACGACAG-1	Epithelial	8
ATGTACGCACCTGTGG-1	Epithelial	19
ATGTACGCACTGGGCT-1	Epithelial	11
ATGTACGCACTTATGG-1	Epithelial	8
ATGTACGCAGGCATTT-1	Epithelial	11
ATGTACGGTCCACCAG-1	Epithelial	11
ATGTACGTCAGTGGTT-1	Epithelial	16
ATGTACGTCCAGGTAT-1	Epithelial	12
ATGTACGTCCCTAAAG-1	T	5
ATGTACGTCGGTAGGA-1	Myeloid	6
ATGTACGTCTTTATCG-1	B	7
ATGTCGAAGATCCGAG-1	Myeloid	6
ATGTCGAAGTTGTCCA-1	Epithelial	11
ATGTCGACAAGCGAAC-1	Epithelial	2
ATGTCGACAGCAACAG-1	T	5
ATGTCGACATCCGTGG-1	DC	10
ATGTCGACATTAGCCA-1	DC	10
ATGTCGAGTAGGGTTG-1	Epithelial	8
ATGTCGAGTGCAAGAC-1	Epithelial	18
ATGTCGAGTTCTCGAA-1	B	7
ATGTCGATCGCTATAG-1	Epithelial	11
ATGTCGATCGTTCAGA-1	Epithelial	8
ATGTCTTAGCCAGAAC-1	Epithelial	2
ATGTCTTAGTACCCAT-1	T	5
ATGTCTTAGTACGCGA-1	Epithelial	15
ATGTCTTCAAGGAACC-1	Epithelial	11
ATGTCTTCATTAACGC-1	Epithelial	12
ATGTCTTCATTCACGA-1	Epithelial	16
ATGTCTTGTGATGTGG-1	B	7
ATGTCTTGTTCAGTTG-1	T	5
ATGTCTTTCGTCCCAT-1	T	5
ATGTCTTTCGTGAGTT-1	T	5
ATGTCTTTCTCCCTTT-1	Epithelial	3
ATGTCTTTCTTCTTCC-1	Epithelial	18
ATGTCTTTCTTGTCGC-1	Epithelial	19
ATGTTTCAGACACAAT-1	T	5
ATGTTTCAGATCACCT-1	Myeloid	6
ATGTTTCAGGGAAATG-1	Epithelial	8
ATGTTTCCAAGCCTTA-1	Epithelial	16
ATGTTTCCACAGGTAG-1	Epithelial	18
ATGTTTCCAGTAGTTC-1	B	7
ATGTTTCCATCGACCG-1	Myeloid	14
ATGTTTCCATCGAGTT-1	Myeloid	14
ATGTTTCGTCAACTAC-1	T	5
ATGTTTCGTGGACCAA-1	Epithelial	3
ATGTTTCGTGTGACCC-1	Epithelial	2
ATGTTTCGTTTGCATG-1	Epithelial	8
ATGTTTCGTTTGCCCT-1	T	5
ATGTTTCTCCATGTTT-1	Epithelial	8
ATGTTTCTCGCACAAT-1	Epithelial	1
ATGTTTCTCGTTCTAT-1	Epithelial	16
ATGTTTCTCTTGTACT-1	Epithelial	2
ATTACCTAGCTGCTCG-1	Stromal	4
ATTACCTAGTCTCCAA-1	Epithelial	2
ATTACCTCAACGTAGG-1	Epithelial	15
ATTACCTCAAGCGGTA-1	B	0
ATTACCTCACTCCTCA-1	Epithelial	18
ATTACCTGTCAACAGG-1	Epithelial	18
ATTACCTGTTGGGAAC-1	Myeloid	14
ATTACCTTCCATCTAT-1	Epithelial	2
ATTACCTTCCGTCAAA-1	Stromal	4
ATTACCTTCGCGGCAT-1	T	5
ATTACCTTCTATGAGC-1	B	13
ATTACTCAGCGAATAT-1	Epithelial	18
ATTACTCAGCGTCTGC-1	Epithelial	2
ATTACTCAGGCTAAAT-1	B	7
ATTACTCAGTCGAAAT-1	Epithelial	8
ATTACTCGTAAAGGCC-1	Epithelial	3
ATTACTCGTAGCATGG-1	B	7
ATTACTCGTCCACCAG-1	B	7
ATTACTCGTGGACCAA-1	B	7
ATTACTCGTTTAGGAA-1	T	5
ATTACTCGTTTCACCC-1	Epithelial	2
ATTACTCTCACCCTTG-1	Epithelial	11
ATTACTCTCAGAATGA-1	B	7
ATTACTCTCCTCCTGA-1	Stromal	9
ATTACTCTCGTAGCGC-1	Myeloid	6
ATTACTCTCGTGGTAT-1	Epithelial	12
ATTCGTTAGAATCAAC-1	Epithelial	18
ATTCGTTAGATGAGGA-1	Epithelial	16
ATTCGTTAGGCTTTAC-1	Epithelial	12
ATTCGTTAGGTTAACA-1	Stromal	9
ATTCGTTAGTATACCC-1	Epithelial	12
ATTCGTTAGTGTTCCA-1	Epithelial	8
ATTCGTTCAACAAACA-1	Epithelial	2
ATTCGTTCAACGCACC-1	B	7
ATTCGTTCAACTCGAT-1	B	17
ATTCGTTCAATGCACT-1	Epithelial	2
ATTCGTTCATGTATCG-1	Epithelial	12
ATTCGTTGTAATGCCT-1	Epithelial	11
ATTCGTTGTTGGAGGT-1	Epithelial	12
ATTCGTTTCAGGTCTA-1	Stromal	9
ATTCGTTTCATCGCCT-1	Epithelial	18
ATTCGTTTCGGTACTA-1	T	5
ATTCGTTTCGGTCGAC-1	Epithelial	16
ATTGTCTAGTATAGTG-1	Myeloid	14
ATTGTCTCAGCGTAGA-1	DC	10
ATTGTCTCAGTAAGAT-1	B	7
ATTGTCTCATCATCGA-1	Epithelial	2
ATTGTCTGTCAGGCTC-1	Epithelial	11
ATTGTCTTCAAGAGGC-1	Epithelial	12
ATTGTCTTCACATCCC-1	B	17
ATTGTCTTCCACCTAC-1	Epithelial	12
ATTGTCTTCCTCCATG-1	Epithelial	3
ATTGTCTTCGACTGGC-1	Myeloid	6
ATTGTCTTCTTCTCTC-1	Epithelial	3
ATTGTGGAGGCAAGGG-1	Epithelial	12
ATTGTGGAGTACTCTG-1	Stromal	9
ATTGTGGAGTAGACCG-1	B	13
ATTGTGGAGTTGAATG-1	Epithelial	2
ATTGTGGCACTGTCAA-1	Epithelial	15
ATTGTGGCATCCCTCA-1	Epithelial	3
ATTGTGGCATCGACGC-1	Epithelial	19
ATTGTGGGTCAGCAAG-1	B	13
ATTGTGGGTCTGATTG-1	T	5
ATTGTGGTCCGCCTAT-1	Epithelial	8
ATTGTGGTCGCACAAT-1	Myeloid	14
ATTTGTCAGACCAATA-1	B	7
ATTTGTCAGCAATAAC-1	Epithelial	19
ATTTGTCAGCTCCGGT-1	Epithelial	11
ATTTGTCAGGCAGTGT-1	Epithelial	2
ATTTGTCCACACACCG-1	Epithelial	8
ATTTGTCCACATTCTT-1	Epithelial	8
ATTTGTCCACTAGGAG-1	Epithelial	2
ATTTGTCGTAACGGTG-1	Epithelial	1
ATTTGTCGTGGAAGCT-1	B	0
ATTTGTCGTGGACGAT-1	B	0
ATTTGTCGTGGCATAG-1	Epithelial	11
ATTTGTCTCAAGGCAG-1	B	0
ATTTGTCTCCGAATTG-1	Epithelial	2
ATTTGTCTCCTTGACC-1	B	7
ATTTGTCTCGATTACG-1	T	5
CAAAGCTAGACGACTG-1	B	13
CAAAGCTAGATGGCAC-1	Myeloid	6
CAAAGCTAGCCTCGCA-1	Epithelial	8
CAAAGCTAGGATGTCG-1	B	7
CAAAGCTAGGGTTCTT-1	B	13
CAAAGCTAGTGATCTC-1	T	5
CAAAGCTCAAGCACTT-1	B	0
CAAAGCTCACAAACAA-1	T	5
CAAAGCTCATCATGTG-1	Epithelial	3
CAAAGCTCATGCCTTC-1	T	5
CAAAGCTCATTGCACA-1	Epithelial	1
CAAAGCTGTAACGGAC-1	T	5
CAAAGCTGTGAGGGTT-1	DC	10
CAAAGCTTCAGAATGA-1	Epithelial	1
CAAAGCTTCCAGTTAG-1	Myeloid	6
CAAAGCTTCCGTTAGA-1	B	13
CAAAGCTTCCTGGAAT-1	B	17
CAAAGCTTCGTGAGTT-1	Epithelial	1
CAACCAAAGACGCCAA-1	Epithelial	18
CAACCAAAGCAATAAC-1	Epithelial	3
CAACCAAAGGTTAACA-1	Epithelial	11
CAACCAAAGGTTGACG-1	DC	10
CAACCAAAGTGCACAG-1	Epithelial	16
CAACCAACAAAGGAAG-1	Myeloid	14
CAACCAACAATGACTC-1	B	7
CAACCAACATGCGCTG-1	Epithelial	16
CAACCAACATTTGTTC-1	Epithelial	12
CAACCAAGTAGGTGAC-1	T	5
CAACCAAGTAGTGATA-1	Epithelial	8
CAACCAAGTCACAGTT-1	B	0
CAACCAAGTTGTGAGG-1	T	5
CAACCAAGTTTGTAGC-1	Epithelial	12
CAACCAAGTTTGTCTT-1	B	7
CAACCAATCACTGGTA-1	Epithelial	8
CAACCAATCAGCACGC-1	Stromal	4
CAACCAATCAGTTGAC-1	Epithelial	1
CAACCAATCCAGTACA-1	B	7
CAACCAATCCCATAGA-1	Epithelial	12
CAACCAATCGGGCTCA-1	T	5
CAACGGCAGACTTCCA-1	Epithelial	16
CAACGGCAGTACAGTA-1	Epithelial	16
CAACGGCAGTAGACCG-1	B	13
CAACGGCCACTGAAGG-1	Epithelial	3
CAACGGCCATGCACTA-1	Epithelial	1
CAACGGCCATTTAGGC-1	Epithelial	18
CAACGGCGTACGGTTT-1	B	17
CAACGGCGTAGTACAA-1	Epithelial	11
CAACGGCGTGAGCTAG-1	Epithelial	3
CAACGGCTCGATGTGT-1	Epithelial	11
CAACGTAAGAACCATA-1	B	13
CAACGTAAGCAGTAGC-1	Epithelial	12
CAACGTAAGCTTACCA-1	Epithelial	18
CAACGTAAGGCATGCA-1	Epithelial	1
CAACGTAAGTCGTATC-1	Epithelial	12
CAACGTACAGAATGCG-1	B	13
CAACGTAGTAACATAG-1	Epithelial	1
CAACGTAGTATTGTGC-1	B	7
CAACGTAGTCTGGTCG-1	Epithelial	2
CAACGTATCGTGCTGG-1	B	13
CAACGTATCGTGGCGT-1	B	7
CAACGTATCTCCTTGG-1	B	13
CAAGAAAAGAAACGCC-1	T	5
CAAGAAAAGAGCGAAA-1	Stromal	9
CAAGAAAAGGAAGACA-1	Epithelial	16
CAAGAAAAGTAATCAG-1	Myeloid	6
CAAGAAAAGTGCACAG-1	Epithelial	16
CAAGAAACATTACTCT-1	T	5
CAAGAAAGTAAACGAT-1	B	7
CAAGAAAGTCACCCGA-1	Epithelial	2
CAAGAAAGTCATCAAC-1	Epithelial	8
CAAGAAAGTCCCGAGT-1	Epithelial	3
CAAGAAAGTGGCCTTG-1	Stromal	4
CAAGAAATCCCATAGA-1	Epithelial	16
CAAGAAATCGACTCGG-1	Epithelial	12
CAAGAAATCGCTAGTA-1	T	5
CAAGCTAAGCGAATAT-1	Epithelial	8
CAAGCTACAATGGCAG-1	Epithelial	16
CAAGCTACAGAGCCAA-1	Epithelial	18
CAAGCTACAGGACCTC-1	Myeloid	14
CAAGCTACATAGCAGG-1	Epithelial	12
CAAGCTAGTCAACGGA-1	Epithelial	3
CAAGCTAGTCAGTGCC-1	Myeloid	6
CAAGCTAGTCATCAAC-1	Epithelial	3
CAAGCTAGTGCAAGCA-1	Epithelial	18
CAAGCTAGTTACACTG-1	T	5
CAAGCTAGTTTCTTAC-1	Epithelial	2
CAAGCTATCAAAGTAG-1	Epithelial	19
CAAGCTATCCCGTATC-1	B	7
CAAGCTATCGATAGGG-1	Myeloid	6
CAAGCTATCGTTCCGT-1	B	13
CAAGCTATCTATCTAC-1	Epithelial	3
CAAGCTATCTGGCTAA-1	B	17
CAAGGCCAGGGTCTGA-1	Epithelial	11
CAAGGCCAGTAGGTCG-1	Epithelial	16
CAAGGCCAGTAGTGTA-1	Epithelial	11
CAAGGCCAGTCCGATT-1	Epithelial	11
CAAGGCCCAACTACTG-1	Myeloid	6
CAAGGCCCAAGCTTTG-1	Epithelial	3
CAAGGCCCACCCATCT-1	Epithelial	19
CAAGGCCCATTGTGAC-1	B	7
CAAGGCCGTAGTGATA-1	Myeloid	6
CAAGGCCGTATCCCTC-1	Epithelial	16
CAAGGCCGTATTTGCG-1	Epithelial	16
CAAGGCCGTCATAAGA-1	T	5
CAAGGCCGTGCAGACA-1	Stromal	9
CAAGGCCTCAGGAATA-1	Epithelial	1
CAAGGCCTCCATCGAA-1	Epithelial	18
CAAGGCCTCCGTTTCG-1	Epithelial	8
CAAGGCCTCTTGCGCT-1	B	17
CAATCCCAGATTGACA-1	Epithelial	8
CAATCCCAGCATACCT-1	Myeloid	6
CAATCCCCACATGATC-1	Epithelial	2
CAATCCCCACCAAGGA-1	Epithelial	3
CAATCCCGTAGAAGCC-1	Epithelial	8
CAATCCCGTCAAATCC-1	DC	10
CAATCCCGTGATAAGT-1	Epithelial	12
CAATCCCGTGGAAGCT-1	DC	10
CAATCCCGTGTAGGAC-1	B	13
CAATCCCGTTAGTAGA-1	Epithelial	1
CAATCCCTCAGTGTAC-1	Epithelial	15
CAATCCCTCATTCTCA-1	Epithelial	11
CAATCCCTCCAATAGC-1	Epithelial	18
CAATCCCTCGCTATAG-1	T	5
CAATCCCTCGGTCTCT-1	Myeloid	6
CAATCCCTCGTTACAG-1	Myeloid	6
CAATCCCTCTATCTTG-1	Epithelial	11
CACAACAAGACCCATT-1	Epithelial	8
CACAACAAGACCGCAA-1	Epithelial	8
CACAACAAGACCTATC-1	Myeloid	14
CACAACAAGATGTTGA-1	Epithelial	15
CACAACAAGGTCGTTT-1	T	5
CACAACAAGGTGTCGA-1	T	5
CACAACAAGTTCAAGA-1	Epithelial	16
CACAACAAGTTGAATG-1	Epithelial	16
CACAACACAACTCCCT-1	Myeloid	6
CACAACACACAATAAG-1	Epithelial	12
CACAACACACATTCTT-1	B	7
CACAACACAGAGTCGA-1	Epithelial	8
CACAACAGTATCATGC-1	B	0
CACAACAGTTTAGACC-1	T	5
CACAACATCCATCATT-1	Myeloid	14
CACAACATCGACGGAA-1	Epithelial	18
CACAACATCGGCAATT-1	Epithelial	11
CACAACATCGTCCCAT-1	Epithelial	19
CACAACATCGTCCCTA-1	Epithelial	8
CACAACATCTGTGTGA-1	Epithelial	16
CACAACATCTTGTACT-1	T	5
CACAGATAGAGGCGGA-1	Stromal	4
CACAGATAGTGATATG-1	Epithelial	8
CACAGATCACTGCTCT-1	Epithelial	2
CACAGATCATATACGC-1	B	7
CACAGATCATGTGGGA-1	B	7
CACAGATGTACTTCGA-1	Epithelial	3
CACAGATGTATCTAGC-1	B	0
CACAGATGTGGACCAA-1	Epithelial	2
CACAGATGTTAACCAC-1	Epithelial	19
CACAGATTCAAGGCAG-1	Epithelial	12
CACAGATTCGGTGATT-1	Stromal	9
CACAGATTCTCCCTTT-1	Epithelial	16
CACATGAAGGTTTCTG-1	Epithelial	3
CACATGAAGTAACACA-1	T	5
CACATGAAGTCAACTC-1	Epithelial	1
CACATGAAGTGAGCTG-1	Epithelial	16
CACATGACACGTTGTA-1	Epithelial	2
CACATGACAGCAACAG-1	Epithelial	2
CACATGACAGCTTACA-1	B	13
CACATGAGTACGCCCA-1	DC	10
CACATGAGTAGTGATA-1	T	5
CACATGAGTGCCCAGT-1	Epithelial	15
CACATGAGTGTGTGCC-1	Epithelial	16
CACATGAGTTAGGCTT-1	Epithelial	15
CACATGAGTTCCCAAA-1	B	0
CACATGATCACGTCAA-1	Stromal	4
CACATGATCATCGCTC-1	Epithelial	3
CACATGATCGTCGCAG-1	Epithelial	18
CACATGATCGTTTGAG-1	Epithelial	15
CACATGATCTTAGTGG-1	Epithelial	8
CACCACTAGAGAAGCA-1	B	7
CACCACTAGGATCCTT-1	Epithelial	11
CACCACTAGGGTTCCC-1	Epithelial	18
CACCACTAGTCCAGAG-1	T	5
CACCACTCAAGGTCGA-1	T	5
CACCACTTCACCACAA-1	T	5
CACCACTTCGTCTAGA-1	Epithelial	8
CACCACTTCGTTACAG-1	Epithelial	15
CACCTGTAGCAGAAAG-1	Epithelial	18
CACCTGTAGCTAGCAG-1	Epithelial	18
CACCTGTAGGAGTACC-1	T	5
CACCTGTAGTCCAGAG-1	Epithelial	11
CACCTGTAGTCTGGGA-1	Epithelial	16
CACCTGTCAAGCCAGA-1	T	5
CACCTGTCACCTGAAT-1	Epithelial	3
CACCTGTCACGATTAC-1	Epithelial	19
CACCTGTCAGATACAA-1	Epithelial	1
CACCTGTCAGCACATT-1	Myeloid	6
CACCTGTCATAGCAGG-1	Epithelial	16
CACCTGTGTACCCATA-1	Epithelial	8
CACCTGTGTACGAGAC-1	Epithelial	15
CACCTGTTCCGGCTGA-1	Epithelial	11
CACCTTGAGACTAATG-1	Epithelial	2
CACCTTGAGGCTTAAA-1	Epithelial	16
CACCTTGAGTCCGTGC-1	Epithelial	12
CACCTTGAGTGATATG-1	B	7
CACCTTGCAACCTCCT-1	Myeloid	6
CACCTTGCAAGCAGGT-1	Stromal	4
CACCTTGCAGTGGTCC-1	B	0
CACCTTGGTCATAGAA-1	T	5
CACCTTGGTCATGAGG-1	Epithelial	2
CACCTTGGTCCTATTT-1	Epithelial	19
CACCTTGGTCGTAGTT-1	Epithelial	2
CACCTTGGTCTGGTCG-1	Stromal	4
CACCTTGGTGGCATAG-1	Stromal	4
CACCTTGGTGGCGCTT-1	Epithelial	2
CACCTTGTCAATTGGC-1	Epithelial	18
CACCTTGTCATGAACC-1	T	5
CACCTTGTCTTACCTA-1	Epithelial	12
CACGTTCAGGCTGGAT-1	Epithelial	11
CACGTTCCAACGCACC-1	Epithelial	18
CACGTTCCAAGGAAGA-1	Epithelial	8
CACGTTCCAAGGATGC-1	Epithelial	8
CACGTTCCAGACCTGC-1	Epithelial	3
CACGTTCCAGCGCGTT-1	B	7
CACGTTCGTAGTCTGT-1	Myeloid	6
CACGTTCGTATTTGCG-1	Myeloid	6
CACGTTCGTCAGCAAG-1	T	5
CACGTTCGTCCGGTAC-1	Epithelial	11
CACGTTCGTCTAACCA-1	Myeloid	6
CACGTTCGTTACCCAA-1	Epithelial	18
CACGTTCGTTCTTATC-1	Stromal	9
CACGTTCTCAGCACGC-1	Myeloid	14
CACGTTCTCCCAATGA-1	B	0
CACGTTCTCGGTGATT-1	T	5
CACTAAGAGAGAATTC-1	B	17
CACTAAGAGAGCTGTG-1	Epithelial	18
CACTAAGAGCAACTGG-1	Epithelial	18
CACTAAGCACATCATG-1	Epithelial	1
CACTAAGCATTACTCT-1	Epithelial	8
CACTAAGGTCAACGGA-1	B	7
CACTAAGGTCCAAGAG-1	Epithelial	8
CACTAAGGTGATAAGT-1	DC	10
CACTAAGGTGCTTCCT-1	B	17
CACTAAGGTTAAGTCC-1	Myeloid	6
CACTAAGTCAGAATGA-1	B	13
CACTAAGTCAGGATCT-1	Epithelial	16
CACTAAGTCTGAAAGA-1	B	17
CACTGAAAGAACAGGA-1	Epithelial	2
CACTGAAAGACCATAA-1	T	5
CACTGAAAGACCTATC-1	Epithelial	15
CACTGAAAGTCAACTC-1	Epithelial	1
CACTGAACAACCTCCT-1	DC	10
CACTGAACAATGCATC-1	Epithelial	11
CACTGAACACCCTTAC-1	Stromal	4
CACTGAACATAGATAG-1	B	7
CACTGAACATCCCAAA-1	Epithelial	3
CACTGAACATCGGCTG-1	Epithelial	18
CACTGAACATTAACGC-1	Epithelial	19
CACTGAAGTCCAACCG-1	Myeloid	6
CACTGAAGTCCCTAAA-1	Epithelial	12
CACTGAATCCAAGAGG-1	Epithelial	8
CACTGAATCGTGGAAG-1	Epithelial	2
CAGCCTTAGAGCCACA-1	Epithelial	12
CAGCCTTAGATATGAC-1	Epithelial	16
CAGCCTTAGCCAGAAC-1	Epithelial	12
CAGCCTTAGCTACGTT-1	Epithelial	18
CAGCCTTAGTGAGCAC-1	Epithelial	2
CAGCCTTCAGATACAA-1	Epithelial	3
CAGCCTTCAGGCACAA-1	B	13
CAGCCTTCAGGTCTGC-1	Epithelial	16
CAGCCTTCATGCCCTT-1	T	5
CAGCCTTGTAGTGATA-1	Epithelial	18
CAGCCTTGTCATAGCT-1	Epithelial	3
CAGCCTTTCCATCTAT-1	T	5
CAGCCTTTCTGTCGGG-1	Myeloid	14
CAGCCTTTCTTAGTGG-1	Epithelial	2
CAGCCTTTCTTTATCG-1	T	5
CAGCTAAAGAAATCTG-1	T	5
CAGCTAAAGCATACCT-1	Stromal	4
CAGCTAACAACTTGGT-1	B	7
CAGCTAAGTAACTGAA-1	Epithelial	11
CAGCTAAGTGATGTGG-1	Epithelial	1
CAGCTAAGTGCACCCA-1	B	7
CAGCTAATCAATTGGC-1	Stromal	4
CAGCTAATCCAGGTCG-1	Epithelial	1
CAGCTAATCCCACTTG-1	Epithelial	2
CAGCTAATCCTCCTGA-1	B	0
CAGCTAATCTCGTAGA-1	Epithelial	11
CAGCTGGAGAACCATA-1	Epithelial	12
CAGCTGGAGATGAGGA-1	Stromal	4
CAGCTGGAGTTTGGAA-1	Epithelial	16
CAGCTGGCAAAGAAGG-1	Epithelial	3
CAGCTGGCACAATAAG-1	T	5
CAGCTGGCATCGGCCA-1	Epithelial	1
CAGCTGGGTAAGTGCG-1	T	5
CAGCTGGGTACAAGCG-1	T	5
CAGCTGGGTAGATGAT-1	B	17
CAGCTGGGTCATTGGT-1	B	0
CAGCTGGGTCGCTACG-1	Epithelial	2
CAGCTGGTCCATCATT-1	Epithelial	11
CAGCTGGTCCTGGGAC-1	T	5
CAGCTGGTCGACTGGC-1	Epithelial	16
CAGCTGGTCTACATCT-1	DC	10
CAGCTGGTCTCGTGAA-1	Epithelial	18
CAGGATTAGAACGACC-1	Epithelial	1
CAGGATTAGCCAGAAC-1	Epithelial	8
CAGGATTAGTAGTCGG-1	Epithelial	2
CAGGATTCAACGTAGG-1	Epithelial	16
CAGGATTCACGAACGA-1	Epithelial	8
CAGGATTGTACTTCAG-1	Epithelial	8
CAGGATTGTCCGTCGA-1	Epithelial	1
CAGGATTTCCCGGGTA-1	Stromal	9
CAGGGCTAGATGGCAC-1	Epithelial	19
CAGGGCTAGCAATAAC-1	Epithelial	11
CAGGGCTAGCAGAGCT-1	Epithelial	16
CAGGGCTAGCCTCGCA-1	Epithelial	18
CAGGGCTAGGCGTAGT-1	Epithelial	2
CAGGGCTAGGCTTTAC-1	Epithelial	3
CAGGGCTAGGGTTCCC-1	T	5
CAGGGCTAGTGTGTAA-1	Epithelial	2
CAGGGCTCAAACTACC-1	Epithelial	2
CAGGGCTCAACAAACA-1	Stromal	4
CAGGGCTCAGATTAAG-1	Myeloid	6
CAGGGCTCATCAGCTA-1	Epithelial	19
CAGGGCTCATGTAGAA-1	DC	10
CAGGGCTGTGAGGGTT-1	Epithelial	1
CAGGGCTTCGGCAATT-1	Epithelial	16
CAGGGCTTCTTACTCA-1	Epithelial	8
CAGTATGAGTCGACCC-1	Epithelial	8
CAGTATGAGTTGCTTG-1	Epithelial	18
CAGTATGGTTTGCCAA-1	Epithelial	18
CAGTATGTCGCTACCT-1	Epithelial	8
CAGTATGTCGTTCAGA-1	Epithelial	16
CAGTATGTCTCGCGGA-1	T	5
CAGTGCGAGAATATCG-1	Myeloid	6
CAGTGCGAGCTGAAAT-1	Epithelial	19
CAGTGCGAGGTAGGCT-1	T	5
CAGTGCGAGTATACGA-1	Myeloid	14
CAGTGCGAGTTCCCGG-1	B	17
CAGTGCGCAACTTGGT-1	Epithelial	2
CAGTGCGCACTAAACC-1	DC	10
CAGTGCGCACTGATTG-1	Myeloid	6
CAGTGCGCAGAGATGC-1	Epithelial	18
CAGTGCGCATGTAGAA-1	Epithelial	12
CAGTGCGCATTAGCAC-1	Epithelial	3
CAGTGCGGTCTTAGCA-1	B	7
CAGTGCGGTTAAGTCC-1	Epithelial	8
CAGTGCGGTTCTACGA-1	Stromal	4
CAGTGCGGTTTGCATG-1	B	7
CAGTGCGTCACAACAC-1	Epithelial	18
CAGTGCGTCCAAACCA-1	Epithelial	11
CAGTGCGTCGCCACTT-1	Epithelial	11
CAGTGTAAGACAGCTG-1	Epithelial	16
CAGTGTAAGACCGCAA-1	Stromal	4
CAGTGTAAGGGTTCTT-1	Epithelial	12
CAGTGTACAACGCACC-1	Stromal	9
CAGTGTACACGCGTTG-1	B	13
CAGTGTAGTACAAATG-1	Epithelial	12
CAGTGTAGTCATGAGG-1	Epithelial	1
CAGTGTAGTCCGTAGC-1	Stromal	4
CAGTGTATCACGATTG-1	B	13
CAGTGTATCCTGGAAT-1	Epithelial	11
CAGTGTATCTCCTTAA-1	Epithelial	3
CAGTGTATCTGGAAGG-1	B	0
CATAACGAGAGGTCCA-1	Epithelial	18
CATAACGCAAGAAACT-1	T	5
CATAACGCAAGAGCGT-1	T	5
CATAACGCACATCATG-1	T	5
CATAACGCACCGAATT-1	Epithelial	16
CATAACGCACTGTCAA-1	Epithelial	18
CATAACGCAGTATCTG-1	Stromal	9
CATAACGGTACGCAAG-1	Epithelial	3
CATAACGGTGAATACA-1	Epithelial	2
CATAACGGTGGACTGA-1	B	13
CATAACGGTGTCTACA-1	Epithelial	12
CATAACGTCAGGAAGC-1	B	7
CATAACGTCATGAACC-1	T	5
CATAACGTCCTGGAAT-1	Epithelial	3
CATAACGTCCTTTGAT-1	Epithelial	1
CATAACGTCGATTACG-1	Epithelial	11
CATAACGTCTGGCACG-1	B	17
CATAACGTCTGTGTCC-1	Epithelial	2
CATGCCTAGCGCCTAC-1	T	5
CATGCCTCACAAGTGG-1	Epithelial	19
CATGCCTCAGTAGTTC-1	Epithelial	18
CATGCCTGTACATGGG-1	Epithelial	2
CATGCCTGTGCCAAGA-1	B	7
CATGCCTTCACAACAC-1	Epithelial	2
CATGTTTAGATCGCCC-1	Stromal	4
CATGTTTAGGAGTACC-1	Epithelial	12
CATGTTTCACGGTTAT-1	Epithelial	8
CATGTTTGTGCAAAGC-1	B	0
CATGTTTGTTACTTTC-1	B	7
CATGTTTTCGATGTGT-1	Epithelial	11
CATGTTTTCTCTGACC-1	Epithelial	15
CATTCATAGAAAGCAG-1	T	5
CATTCATAGCGCCTAC-1	Epithelial	11
CATTCATAGCGTTAGG-1	Epithelial	11
CATTCATAGTAATCAG-1	DC	10
CATTCATAGTCTTAGC-1	T	5
CATTCATAGTTTGGAA-1	Stromal	9
CATTCATCACACACCG-1	Epithelial	16
CATTCATCATTCGTCC-1	Myeloid	6
CATTCATCATTCTTTG-1	Epithelial	3
CATTCATGTAGTCTGT-1	Epithelial	11
CATTCATGTATTCGAC-1	Epithelial	12
CATTCATGTCGCTAGC-1	B	7
CATTCATGTGTGCTTA-1	Epithelial	3
CATTCATGTTGGAGGT-1	T	5
CATTCATTCAATTGGC-1	Epithelial	1
CATTCATTCACTGATG-1	Epithelial	12
CATTCATTCCATCGAA-1	Epithelial	16
CATTCCGAGAAAGGGT-1	Epithelial	18
CATTCCGAGAGGCCTA-1	Stromal	9
CATTCCGAGGAATGGA-1	Epithelial	2
CATTCCGAGGTTGTTC-1	B	17
CATTCCGAGTGGGACT-1	Epithelial	16
CATTCCGAGTGTCGGA-1	B	7
CATTCCGAGTTTACGC-1	Epithelial	18
CATTCCGCACCCATCT-1	Epithelial	3
CATTCCGCATACCCGG-1	B	17
CATTCCGCATGGGAAC-1	Epithelial	11
CATTCCGCATTGCCTC-1	Epithelial	3
CATTCCGGTAGCCATT-1	Epithelial	18
CATTCCGGTCCAGACC-1	Myeloid	6
CATTCCGTCACAACAC-1	Myeloid	6
CATTCCGTCACATTCT-1	Epithelial	19
CATTCCGTCCGGCTGA-1	Epithelial	8
CATTGGAAGCGCCTAC-1	Epithelial	11
CATTGGAAGGAACCGT-1	Epithelial	11
CATTGGACACGCGACT-1	Myeloid	6
CATTGGACAGAGATGC-1	Epithelial	16
CATTGGACAGGCATCC-1	DC	10
CATTGGACAGTTGGAG-1	Epithelial	3
CATTGGAGTACAAGCG-1	Epithelial	2
CATTGGAGTCAATACC-1	Epithelial	18
CATTGGAGTCTAACCA-1	Epithelial	12
CATTGGAGTTCTACGA-1	T	5
CATTGGATCTCGACCT-1	Epithelial	8
CATTGGATCTTCTCTC-1	Epithelial	12
CCAATGAAGCGCCTAC-1	Epithelial	2
CCAATGAAGGCACTAG-1	Myeloid	6
CCAATGACACCCATCT-1	Epithelial	1
CCAATGACATCATAGC-1	Stromal	4
CCAATGACATCGACGC-1	B	7
CCAATGACATTCACGA-1	B	0
CCAATGACATTGAACC-1	Epithelial	11
CCAATGAGTAGGTGAC-1	B	7
CCAATGAGTTCTGAAC-1	Stromal	4
CCAATGATCACTCCCA-1	Epithelial	8
CCAATGATCGCCGAAC-1	Epithelial	18
CCAATGATCTATATCC-1	T	5
CCAATGATCTCTATTG-1	T	5
CCACAGGAGAGAACCC-1	T	5
CCACAGGCAACGCAAG-1	B	13
CCACAGGCAGCAACAG-1	Epithelial	2
CCACAGGCAGCAACGA-1	Epithelial	2
CCACAGGCATTTGGTG-1	B	0
CCACAGGGTATTCACG-1	Stromal	4
CCACAGGGTCATGAGG-1	Myeloid	6
CCACAGGGTGAATCAA-1	Epithelial	16
CCACAGGTCCCTACGT-1	Epithelial	16
CCACAGGTCGCTTCAC-1	Epithelial	11
CCACAGGTCTTGTGCC-1	Epithelial	8
CCACGTTAGCAGAAAG-1	B	7
CCACGTTCAAACTACC-1	Myeloid	14
CCACGTTCAAAGAGAG-1	Epithelial	3
CCACGTTCAAGGAAGA-1	Epithelial	18
CCACGTTCATGGGAAC-1	DC	10
CCACGTTCATTCCCGT-1	Epithelial	11
CCACGTTGTACCGGCT-1	T	5
CCACGTTGTACGTATC-1	Epithelial	16
CCACGTTGTAGAATAC-1	Myeloid	14
CCACGTTGTGCTTCCT-1	Epithelial	16
CCACGTTGTGTGAGGT-1	Epithelial	2
CCACGTTTCCAGTACA-1	Epithelial	11
CCACGTTTCTCGACCT-1	Epithelial	18
CCAGAATAGCCTTTGA-1	Epithelial	11
CCAGAATAGTTGCTTG-1	Epithelial	3
CCAGAATCACCCTTAC-1	Myeloid	6
CCAGAATCAGGTAGCA-1	Epithelial	11
CCAGAATCATCACAGT-1	Epithelial	12
CCAGAATGTTAACTCG-1	B	7
CCAGAATTCAGTACAC-1	Stromal	9
CCAGAATTCTACTGCC-1	Epithelial	3
CCAGAATTCTCCAACC-1	B	0
CCAGATAAGAAAGGGT-1	Epithelial	16
CCAGATAAGAAGAGTG-1	Myeloid	14
CCAGATAAGACTCTTG-1	Epithelial	19
CCAGATAAGCGAGAAA-1	Epithelial	3
CCAGATAAGTGAGTTA-1	Epithelial	12
CCAGATAAGTTCCAGT-1	T	5
CCAGATATCCGGCTGA-1	Epithelial	8
CCAGATATCGGAGTTT-1	Epithelial	16
CCAGATATCTTAACGG-1	Myeloid	6
CCATACCAGACCGCAA-1	Epithelial	2
CCATACCAGTCTAGAA-1	B	13
CCATACCCAACTGCGC-1	Epithelial	11
CCATACCCACCCTTAC-1	T	5
CCATACCCAGAGATGC-1	B	0
CCATACCCAGTTGCAT-1	Epithelial	18
CCATACCGTAGTCCAT-1	T	5
CCATACCGTATATGGA-1	B	0
CCATACCGTGGACGAT-1	Epithelial	16
CCATACCTCAGAGTGG-1	T	5
CCATACCTCAGTCAAC-1	Epithelial	16
CCATACCTCCTAAAGC-1	Epithelial	12
CCATACCTCCTCAAGA-1	DC	10
CCATACCTCCTGACCT-1	Epithelial	8
CCATACCTCGGGTCCA-1	DC	10
CCATACCTCTAGTCGA-1	Epithelial	18
CCATACCTCTGCTACC-1	T	5
CCCACATAGAGAAGCA-1	Epithelial	12
CCCACATAGAGTAAGG-1	Epithelial	18
CCCACATAGGTAAGTT-1	Epithelial	3
CCCACATCAATGGCAG-1	Epithelial	8
CCCACATCACGATATC-1	DC	10
CCCACATCATGTGAGG-1	Myeloid	6
CCCACATCATTTCTTG-1	Epithelial	3
CCCACATGTTAAGGGC-1	T	5
CCCACATTCCAACGCG-1	Epithelial	18
CCCACATTCCCACTTG-1	B	0
CCCACATTCGAGAACG-1	Epithelial	18
CCCACATTCGCCACTT-1	B	7
CCCACATTCTATCCTA-1	Epithelial	12
CCCACATTCTGACTTT-1	Epithelial	12
CCCAGAGAGAGCAGCT-1	Epithelial	11
CCCAGAGAGTTCGCGC-1	B	7
CCCAGAGCAAGCGTCC-1	T	5
CCCAGAGCACTCAAGT-1	T	5
CCCAGAGCATTGTTCT-1	T	5
CCCAGAGGTTGGTAAA-1	B	13
CCCAGAGGTTGTGACT-1	Epithelial	11
CCCAGAGTCACACGTA-1	B	17
CCCAGAGTCTCCACTG-1	Epithelial	12
CCCGTTAAGCTTACCA-1	Stromal	9
CCCGTTACAACGTCCG-1	Epithelial	2
CCCGTTACATCGCCTT-1	T	5
CCCGTTACATGGAGGT-1	T	5
CCCGTTACATGGCCCA-1	B	7
CCCGTTAGTCATCGTA-1	B	17
CCCGTTAGTTGCTTGA-1	Epithelial	19
CCCGTTAGTTTAGAAG-1	Myeloid	6
CCCGTTAGTTTCAGCA-1	T	5
CCCGTTATCAAAGTAG-1	Epithelial	11
CCCGTTATCAATGCAC-1	Epithelial	8
CCCGTTATCGATAGCT-1	Epithelial	11
CCCGTTATCGGATCGC-1	B	0
CCCGTTATCTCGCGTT-1	Epithelial	12
CCCTAACAGCGTAGCA-1	Stromal	4
CCCTAACAGCTGAAAT-1	Epithelial	16
CCCTAACAGTGCCCTG-1	Epithelial	18
CCCTAACAGTGTGTAA-1	Myeloid	14
CCCTAACCAAATTCCG-1	Epithelial	15
CCCTAACCAAGATTAG-1	Epithelial	19
CCCTAACCAATTGCCA-1	Epithelial	11
CCCTAACCATAGAATG-1	T	5
CCCTAACCATCCCTCA-1	Epithelial	3
CCCTAACGTCCGTCGA-1	Epithelial	11
CCCTAACGTCGCTAGC-1	T	5
CCCTAACGTGAGTAAT-1	Epithelial	2
CCCTAACGTTGAAGCG-1	Stromal	9
CCCTAACGTTGTGACT-1	B	13
CCCTAACGTTTCGATG-1	Stromal	4
CCCTAACGTTTGTGAC-1	B	7
CCCTAACTCCGTGCGA-1	T	5
CCCTAACTCGATGTGT-1	Epithelial	19
CCCTAACTCGCAGATT-1	Epithelial	2
CCCTAGTAGTGAGCTG-1	Myeloid	6
CCCTAGTCAACAACTC-1	Epithelial	8
CCCTAGTCAGGCAAGT-1	Epithelial	2
CCCTAGTCAGTTGGAG-1	Epithelial	11
CCCTAGTCATGGCCTG-1	Epithelial	2
CCCTAGTCATTGCACA-1	Epithelial	3
CCCTAGTGTCACAGGA-1	Myeloid	6
CCCTAGTGTCTGTCCT-1	Epithelial	15
CCCTAGTGTTAGGAGC-1	Epithelial	2
CCCTAGTTCAACGTGT-1	T	5
CCCTAGTTCACATCCC-1	Epithelial	8
CCCTAGTTCCACCTAC-1	B	0
CCCTAGTTCCACGAGC-1	Epithelial	2
CCCTAGTTCCTAAGTG-1	Stromal	9
CCCTAGTTCTATAGGC-1	Epithelial	2
CCCTAGTTCTTAACGG-1	Epithelial	12
CCCTCTCAGAGATTAC-1	Epithelial	15
CCCTCTCAGAGGAATG-1	Epithelial	1
CCCTCTCAGATGGGAA-1	T	5
CCCTCTCAGTGATTAG-1	Epithelial	2
CCCTCTCCAAGGTCGA-1	B	17
CCCTCTCCAAGTCCTA-1	Myeloid	6
CCCTCTCCACCTGAAT-1	Epithelial	19
CCCTCTCCAGCAATGG-1	Epithelial	2
CCCTCTCGTCCCTTTG-1	Epithelial	3
CCCTCTCGTTTCGATG-1	B	0
CCCTCTCGTTTGGATC-1	Epithelial	8
CCCTCTCTCAGTGTAC-1	Epithelial	12
CCCTCTCTCCCGTAGG-1	T	5
CCCTCTCTCTTGTCGC-1	T	5
CCCTGATAGAGAACCC-1	Myeloid	6
CCCTGATAGTAGAAGG-1	B	7
CCCTGATCAAAGAAGG-1	T	5
CCCTGATCATAGCCGC-1	Epithelial	8
CCCTGATCATATAGAG-1	B	7
CCCTGATCATCCCAAA-1	Epithelial	16
CCCTGATCATCGCTAA-1	Epithelial	11
CCCTGATGTATCGCGC-1	Myeloid	14
CCCTGATGTATTCGCA-1	Myeloid	6
CCCTGATGTCGCTAGC-1	T	5
CCCTGATGTGGGTAGT-1	DC	10
CCGAAGCAGGATCCTT-1	B	17
CCGAAGCAGGGTGTTG-1	Epithelial	11
CCGAAGCCAAACCTAC-1	Epithelial	16
CCGAAGCCAATGGTAA-1	T	5
CCGAAGCCACTGTCAA-1	Epithelial	8
CCGAAGCCATATAGAG-1	Epithelial	8
CCGAAGCGTAACTGAA-1	Epithelial	16
CCGAAGCGTCAGAGTG-1	Epithelial	12
CCGAAGCGTTCTGAGT-1	Epithelial	8
CCGAAGCGTTTCTACT-1	T	5
CCGAAGCTCCATTGTT-1	Epithelial	16
CCGCATTAGGAGAACA-1	T	5
CCGCATTAGGGCGAAG-1	B	7
CCGCATTAGTCGACCC-1	Epithelial	19
CCGCATTCACGCGACT-1	Epithelial	8
CCGCATTGTAAACGGC-1	Myeloid	6
CCGCATTGTAGATTAG-1	T	5
CCGCATTGTAGGTGAC-1	Epithelial	2
CCGCATTGTGGCATAG-1	B	7
CCGCATTTCGCATAAC-1	Epithelial	18
CCGTACTAGCCTTTGA-1	Epithelial	11
CCGTACTAGTCTCTAG-1	Epithelial	11
CCGTACTCAACTGCGC-1	Epithelial	19
CCGTACTCAGGATGTG-1	T	5
CCGTACTCAGGTAACG-1	Epithelial	15
CCGTACTCATGTGGGA-1	Myeloid	14
CCGTACTGTACGGAGT-1	Epithelial	1
CCGTACTGTATTGTGC-1	Epithelial	16
CCGTACTGTCAGAAGC-1	Epithelial	11
CCGTACTGTTCTGATG-1	Epithelial	19
CCGTACTGTTGGAGGT-1	Epithelial	11
CCGTACTTCAACGTGT-1	Epithelial	3
CCGTACTTCAAGAGAT-1	Epithelial	1
CCGTACTTCGCTTACC-1	B	13
CCGTAGGAGCAATGTA-1	Stromal	9
CCGTAGGAGGAAGACA-1	Epithelial	1
CCGTAGGAGGCCTAAG-1	Epithelial	8
CCGTAGGAGGTACTCT-1	Epithelial	12
CCGTAGGCAGAATGCG-1	Epithelial	11
CCGTAGGCAGGCACAA-1	Epithelial	18
CCGTAGGGTACTTCAG-1	Epithelial	15
CCGTAGGGTGAGGTCA-1	Epithelial	2
CCGTAGGGTGCCAAGA-1	B	13
CCGTAGGTCCGTGCAG-1	Epithelial	11
CCGTAGGTCGGATCGC-1	Myeloid	6
CCGTGAGAGTTGCGCC-1	B	7
CCGTGAGCAATTCAGC-1	Epithelial	16
CCGTGAGCATAGGCGA-1	Myeloid	6
CCGTGAGCATATAGAG-1	Epithelial	11
CCGTGAGGTAACTCCA-1	T	5
CCGTGAGGTACCGGCT-1	Epithelial	19
CCGTGAGGTCGTAGTT-1	T	5
CCGTGAGGTTTGTGAC-1	Epithelial	18
CCTAAAGAGCTAGCAG-1	Epithelial	18
CCTAAAGAGGCAGATC-1	B	7
CCTAAAGCAAGCCCTG-1	T	5
CCTAAAGGTAAGCCTT-1	Epithelial	11
CCTAAAGGTAGACGCA-1	Stromal	4
CCTAAAGGTCACAGTT-1	Myeloid	14
CCTAAAGGTTAGGAAT-1	Myeloid	6
CCTAAAGGTTGTGACT-1	Epithelial	19
CCTAAAGTCCCGATTC-1	Stromal	9
CCTAAAGTCGCAAACT-1	Epithelial	1
CCTAAAGTCGGGTCCA-1	T	5
CCTAAAGTCTCTGTTA-1	Epithelial	8
CCTATTAAGAGTGGAA-1	Epithelial	11
CCTATTAAGGATGCCA-1	B	0
CCTATTAAGGCGCTTC-1	Epithelial	3
CCTATTAAGGCTCAGA-1	Epithelial	11
CCTATTAAGTACGCGA-1	T	5
CCTATTACAACTGCGC-1	Epithelial	18
CCTATTACAAGCCCTG-1	Epithelial	16
CCTATTACAATAGTGA-1	DC	10
CCTATTACATCCGTGG-1	Epithelial	8
CCTATTAGTAAAGCTA-1	Epithelial	16
CCTATTAGTAGGTAAT-1	Epithelial	19
CCTATTAGTCTCAAAC-1	B	7
CCTATTATCCGATTGA-1	B	7
CCTATTATCGCACCGA-1	B	7
CCTCCCTAGAGGCCTA-1	Epithelial	18
CCTCCCTAGCGTTGCC-1	T	5
CCTCCCTAGCTGATTC-1	Epithelial	12
CCTCCCTAGGATGCCA-1	T	5
CCTCCCTAGTATCTGC-1	Epithelial	12
CCTCCCTAGTCTCTAG-1	Epithelial	2
CCTCCCTAGTTAGCAA-1	Epithelial	15
CCTCCCTAGTTGCCGC-1	Myeloid	6
CCTCCCTCAATGTGCT-1	Epithelial	16
CCTCCCTCACTCAGCG-1	B	7
CCTCCCTCAGGTGTCC-1	Epithelial	8
CCTCCCTCAGTAACCT-1	Epithelial	1
CCTCCCTCATACTGCA-1	Epithelial	8
CCTCCCTCATCATAGC-1	Epithelial	15
CCTCCCTCATTATGGC-1	B	0
CCTCCCTGTTGCTTGA-1	Stromal	9
CCTCCCTGTTTGCGAT-1	DC	10
CCTCCCTTCAAAGTAG-1	Epithelial	11
CCTCCCTTCGATAGGG-1	Stromal	9
CCTCCCTTCTCTTCCT-1	Myeloid	14
CCTCCCTTCTTCAGAG-1	Epithelial	19
CCTCCCTTCTTCTCTC-1	B	17
CCTGCTAAGCCGCAAA-1	Epithelial	16
CCTGCTAAGGTTCTCA-1	Stromal	4
CCTGCTACACGATTAC-1	Myeloid	14
CCTGCTACAGCAAACG-1	Epithelial	18
CCTGCTACATTAACGC-1	Epithelial	18
CCTGCTAGTGCCCTAG-1	T	5
CCTGCTATCCATACGA-1	B	0
CCTGCTATCCCACGGA-1	Myeloid	14
CCTGCTATCCGGAAAG-1	Myeloid	6
CCTGCTATCGTTGTAG-1	Epithelial	16
CCTGGGAAGAGAAGCA-1	Stromal	9
CCTGGGAAGAGGTGGG-1	Epithelial	11
CCTGGGAAGCTGAAAT-1	Epithelial	19
CCTGGGAAGGGCATTG-1	Epithelial	11
CCTGGGAAGTGATAAC-1	B	7
CCTGGGACAAAGCTGG-1	DC	10
CCTGGGACAACTTGGT-1	T	5
CCTGGGAGTTACTACG-1	B	7
CCTGGGAGTTGGGAAC-1	Epithelial	8
CCTGGGATCGCGTGAC-1	Epithelial	3
CCTGGGATCGTGGTAT-1	Epithelial	1
CCTTAATAGAAAGGGT-1	Epithelial	16
CCTTAATAGCACACCC-1	B	17
CCTTAATAGTACAACA-1	Epithelial	8
CCTTAATCAATACTGC-1	Epithelial	1
CCTTAATCACCATTCC-1	Epithelial	11
CCTTAATCACCCTTAC-1	Epithelial	15
CCTTAATGTAGAAAGG-1	B	0
CCTTAATGTGAGTAAT-1	B	7
CCTTAATGTTCCCAAA-1	Myeloid	6
CCTTAATGTTGCCTGG-1	Epithelial	2
CCTTAATTCAGAATGA-1	Epithelial	2
CCTTAATTCATTCATC-1	Epithelial	1
CCTTAATTCGGTAGGA-1	T	5
CCTTGCAAGCCTATAC-1	Epithelial	8
CCTTGCAAGCGTCTGC-1	Epithelial	8
CCTTGCACAAGTTGCT-1	B	7
CCTTGCACACTGATAC-1	B	0
CCTTGCAGTATGGGTG-1	Epithelial	3
CCTTGCATCAAACCAC-1	Epithelial	8
CCTTGCATCAGATACC-1	Myeloid	6
CCTTGCATCAGTGGTT-1	B	0
CCTTGCATCCATCGAA-1	Epithelial	1
CCTTGCATCTTCATAC-1	Epithelial	15
CCTTGGTAGAACGTCG-1	Epithelial	19
CCTTGGTAGCATTGGG-1	Myeloid	14
CCTTGGTAGGAGACTC-1	Epithelial	15
CCTTGGTAGGCCTCTG-1	B	17
CCTTGGTAGTATGCTC-1	Epithelial	16
CCTTGGTCAAACGTTC-1	Epithelial	11
CCTTGGTCAAGCGTCC-1	B	0
CCTTGGTCAGCAAACG-1	Myeloid	14
CCTTGGTCATCACAAC-1	Epithelial	18
CCTTGGTGTCATGAGG-1	B	17
CCTTGGTGTTTGTCTT-1	Epithelial	19
CCTTGGTTCAACACGT-1	Stromal	4
CCTTGGTTCTCTGTTA-1	Epithelial	2
CGAGTTAAGACAGCTG-1	Stromal	4
CGAGTTAAGATACCAA-1	Epithelial	11
CGAGTTAAGCGTCAAG-1	B	17
CGAGTTAAGTACTCTG-1	T	5
CGAGTTACAAAGGCCA-1	DC	10
CGAGTTACAGCAGGTA-1	B	7
CGAGTTACATCAACTG-1	Myeloid	6
CGAGTTACATTGCCTC-1	T	5
CGAGTTAGTGACCAGA-1	Epithelial	15
CGAGTTAGTGAGTAAT-1	Epithelial	18
CGAGTTAGTTGGGAAC-1	Epithelial	18
CGAGTTATCCATCGAA-1	B	0
CGAGTTATCCTTACGC-1	Epithelial	19
CGAGTTATCGATCGCG-1	Epithelial	8
CGAGTTATCTCTGCAC-1	Myeloid	14
CGATGATAGGTAGGCT-1	Epithelial	8
CGATGATAGTAGGAAG-1	Epithelial	11
CGATGATCAAACTACC-1	Epithelial	2
CGATGATGTAGCAGGT-1	Epithelial	11
CGATGATGTTCCATCC-1	Epithelial	1
CGATGATGTTCTACCC-1	Epithelial	12
CGATGATTCAATGCAC-1	Epithelial	16
CGATGATTCAGTGGTT-1	DC	10
CGATGATTCCTAAGTG-1	Epithelial	19
CGATGATTCGTCAACA-1	Epithelial	2
CGCAATAAGTCTGGGA-1	T	5
CGCAATACAAACCTAC-1	Epithelial	18
CGCAATACACACATTG-1	Epithelial	2
CGCAATACAGCAATGG-1	T	5
CGCAATACAGTAAGAT-1	DC	10
CGCAATACATCAGAAA-1	Epithelial	12
CGCAATAGTCCCGAGT-1	Myeloid	6
CGCAATAGTCCGGTAC-1	Epithelial	16
CGCAATAGTCCTTCAC-1	B	0
CGCAATAGTGGACAGT-1	Epithelial	1
CGCAATATCAAGGCAG-1	B	0
CGCAATATCGCCTTAC-1	B	17
CGCAATATCGTGAGTT-1	Stromal	9
CGCAATATCTGGAAGG-1	Epithelial	11
CGCACAGAGAGTCCGA-1	B	0
CGCACAGAGCAGAAAG-1	Epithelial	1
CGCACAGAGGTTACAA-1	Epithelial	18
CGCACAGCATGGAGGT-1	Epithelial	2
CGCACAGGTAAACGAT-1	Epithelial	8
CGCACAGGTCAACGGA-1	Epithelial	16
CGCACAGGTGAATACA-1	DC	10
CGCACAGGTGTTGGTT-1	Epithelial	1
CGCACAGGTTTCACCC-1	Epithelial	11
CGCACAGTCCAGGCCA-1	Epithelial	3
CGCACAGTCCTCCCAA-1	Epithelial	16
CGCACAGTCGATAGGG-1	Epithelial	8
CGCAGGTAGAGCAGCT-1	B	7
CGCAGGTAGATGAGGA-1	Epithelial	19
CGCAGGTAGTACGCGA-1	Epithelial	18
CGCAGGTCAATCAGGG-1	T	5
CGCAGGTCACAATAAG-1	Stromal	4
CGCAGGTCAGATGGCA-1	Epithelial	18
CGCAGGTGTAGCAGGT-1	Epithelial	18
CGCAGGTGTGATGTGG-1	Epithelial	18
CGCAGGTGTGGACTGA-1	DC	10
CGCAGGTTCACAGGGA-1	Epithelial	18
CGCAGGTTCCAACGCG-1	Epithelial	16
CGCAGGTTCGCAAACT-1	Myeloid	6
CGCGCAAAGAACTCCT-1	Epithelial	3
CGCGCAAAGATATGAC-1	Epithelial	11
CGCGCAAAGGCCTCGT-1	Epithelial	3
CGCGCAAAGGGCATTG-1	T	5
CGCGCAAAGGGTTCCC-1	Epithelial	16
CGCGCAAAGTATACCC-1	Epithelial	12
CGCGCAAAGTGAGCTG-1	Epithelial	2
CGCGCAAAGTGCACAG-1	Epithelial	19
CGCGCAACACGATATC-1	B	0
CGCGCAACAGATACAA-1	Epithelial	16
CGCGCAACAGCACATT-1	Myeloid	6
CGCGCAACATCAGAAA-1	Epithelial	11
CGCGCAAGTCGATTAC-1	B	17
CGCGCAAGTTGTGAGG-1	Stromal	9
CGCGCAATCACAGGGA-1	Epithelial	3
CGCGCAATCGGGTCCA-1	Stromal	4
CGCGCAATCTATCCTA-1	Epithelial	2
CGCGCAATCTTCACTA-1	T	5
CGCGCAATCTTCAGAG-1	T	5
CGCTAGGAGACAACGC-1	Epithelial	8
CGCTAGGAGCCGCAAA-1	T	5
CGCTAGGAGCGCAATG-1	Epithelial	12
CGCTAGGAGGCTTTAC-1	Epithelial	11
CGCTAGGCACAGAAGC-1	Epithelial	11
CGCTAGGCACCACGAC-1	Epithelial	2
CGCTAGGCACCTATTT-1	Myeloid	14
CGCTAGGCAGCAACAG-1	B	7
CGCTAGGCATAGTCCA-1	B	0
CGCTAGGGTAAAGCTA-1	Epithelial	2
CGCTAGGGTGCCCTAG-1	B	13
CGCTAGGGTGTTGGTT-1	Epithelial	3
CGCTAGGGTTTCAGCA-1	B	7
CGCTAGGTCGCACAAT-1	Stromal	9
CGCTAGGTCGGAGTTT-1	B	17
CGCTAGGTCTAGCTGA-1	Epithelial	11
CGCTATCAGAGGTACC-1	B	0
CGCTATCAGCTGATTC-1	Epithelial	11
CGCTATCAGGCGTAGT-1	Epithelial	1
CGCTATCAGGGTCTGA-1	T	5
CGCTATCAGTTACACC-1	Epithelial	16
CGCTATCCACTACACA-1	Epithelial	18
CGCTATCCAGAGCCAA-1	B	17
CGCTATCCAGGGTACA-1	B	13
CGCTATCCAGTTCGGC-1	Epithelial	18
CGCTATCCATGCACTA-1	T	5
CGCTATCCATTGATGC-1	Epithelial	3
CGCTATCGTTGGCGAA-1	Epithelial	8
CGCTATCGTTTGATCG-1	Epithelial	12
CGCTATCTCCCAGTAA-1	Epithelial	16
CGCTATCTCCGCCTAT-1	Myeloid	14
CGCTATCTCGAGGTAG-1	Epithelial	8
CGCTATCTCTAGTCGA-1	DC	10
CGCTGGAAGCATTGGG-1	Epithelial	11
CGCTGGAAGGAAACTT-1	DC	10
CGCTGGAAGGCCTCGT-1	DC	10
CGCTGGAAGTCAACTC-1	Epithelial	12
CGCTGGACAGCAACAG-1	DC	10
CGCTGGACAGGCATTT-1	Myeloid	6
CGCTGGACAGTAGGCA-1	Epithelial	16
CGCTGGACATGATCGT-1	B	0
CGCTGGAGTAACCCAT-1	DC	10
CGCTGGAGTACGCCCA-1	B	0
CGCTGGAGTCACTCTC-1	T	5
CGCTGGAGTCGTCGCA-1	Epithelial	3
CGCTGGATCAAGGCAG-1	DC	10
CGCTGGATCAATGCAC-1	Myeloid	14
CGCTGGATCAGTCAAC-1	Myeloid	14
CGCTGGATCTCGACAA-1	Epithelial	1
CGGACCAAGACGCCAA-1	Epithelial	1
CGGACCAAGGTAGGCT-1	Epithelial	11
CGGACCAAGTCCCTCT-1	Epithelial	1
CGGACCAAGTGAGCTG-1	Epithelial	2
CGGACCACAAGTAATG-1	Epithelial	8
CGGACCACACGTGAAG-1	Epithelial	2
CGGACCACATGGGAAC-1	Stromal	4
CGGACCAGTATTCGAC-1	Epithelial	11
CGGACCAGTGACCAGA-1	Stromal	4
CGGACCAGTTGCAGAG-1	Epithelial	19
CGGACCATCAAACCAC-1	Epithelial	12
CGGACCATCCCAGCGA-1	Epithelial	19
CGGACCATCGTGGAAG-1	Epithelial	8
CGGACTGAGATATGAC-1	Epithelial	18
CGGACTGAGTCCGTGC-1	Epithelial	12
CGGACTGAGTCTCCAA-1	Myeloid	14
CGGACTGAGTGGTGTG-1	Myeloid	6
CGGACTGAGTTCCAGT-1	B	13
CGGACTGCACTGAAGG-1	Stromal	4
CGGACTGGTCGAGGAT-1	B	7
CGGACTGTCAAGGCAG-1	Epithelial	3
CGGACTGTCAAGTTGC-1	Epithelial	12
CGGACTGTCATCATGG-1	Epithelial	19
CGGACTGTCCCACTTG-1	Epithelial	19
CGGACTGTCCGTTTCG-1	Stromal	4
CGGACTGTCGAACACT-1	T	5
CGGACTGTCTCATCCG-1	Epithelial	8
CGGTGCAAGCAGAATT-1	Myeloid	6
CGGTGCAAGTATAGTG-1	Epithelial	8
CGGTGCACAAGCCTTA-1	Epithelial	3
CGGTGCACAATGGCTT-1	Epithelial	3
CGGTGCACACCAAGGA-1	Epithelial	8
CGGTGCACATGCGACC-1	Epithelial	16
CGGTGCAGTCAGGTGA-1	B	13
CGGTGCAGTGATCAGG-1	B	7
CGGTGCAGTTGAATAG-1	Epithelial	16
CGGTGCATCGCGGCAT-1	B	0
CGGTGCATCGGACGAA-1	B	0
CGTAAACAGTCGCCTG-1	Epithelial	18
CGTAAACAGTCTCCAA-1	Epithelial	2
CGTAAACCAAGCGAAC-1	Epithelial	11
CGTAAACGTAGTTTGC-1	Epithelial	18
CGTAAACGTATCGCGC-1	Stromal	4
CGTAAACGTCATAAGA-1	Epithelial	18
CGTAAACGTCTCTGGG-1	T	5
CGTAAACGTGCAACAG-1	Epithelial	8
CGTAAACGTGGTGGTA-1	Stromal	4
CGTAAACGTTTAGGAA-1	T	5
CGTAAACTCGTTGTTT-1	Epithelial	2
CGTACAAAGCAGAGCT-1	Epithelial	11
CGTACAAAGGAGTAGA-1	Epithelial	18
CGTACAAAGGGTAATT-1	Myeloid	6
CGTACAACAAGCCCTG-1	T	5
CGTACAACAAGGAGGG-1	B	7
CGTACAACAGCAGGTA-1	Epithelial	2
CGTACAAGTCCCGAGT-1	Epithelial	16
CGTACAAGTGCCCTAG-1	Epithelial	16
CGTACAATCAGTCAAC-1	T	5
CGTACAATCCCTACGT-1	Epithelial	2
CGTACAATCGCTATAG-1	Epithelial	11
CGTACAATCGCTGATA-1	Epithelial	11
CGTACAATCTCGACCT-1	Stromal	4
CGTGGCAAGACTTCCA-1	Myeloid	6
CGTGGCAAGAGCGGTT-1	Myeloid	6
CGTGGCAAGAGTAAGG-1	Epithelial	16
CGTGGCACAAGCCCTG-1	Epithelial	11
CGTGGCACAGAACGAC-1	Epithelial	19
CGTGGCACATAGTCCA-1	T	5
CGTGGCACATTCTTTG-1	Stromal	4
CGTGGCAGTGGTAGAC-1	Myeloid	6
CGTGGCATCAGTTGAC-1	Stromal	4
CGTGGCATCCATCGAA-1	Epithelial	16
CGTGGCATCCATTGTT-1	Epithelial	12
CGTGGCATCCTGGAAT-1	Epithelial	1
CGTTCCAAGCGCAATG-1	Epithelial	8
CGTTCCAAGGACTAGC-1	Epithelial	12
CGTTCCACAATGATGA-1	Myeloid	6
CGTTCCACACAGTTAC-1	Epithelial	18
CGTTCCACAGTATCTG-1	Epithelial	8
CGTTCCACATGTAGAA-1	Epithelial	12
CGTTCCATCCATGTTT-1	Epithelial	16
CGTTCCATCTGATCCC-1	Epithelial	18
CTAACTTAGCCATGGA-1	Epithelial	12
CTAACTTAGTTGACAA-1	Myeloid	6
CTAACTTCAAACTACC-1	Stromal	4
CTAACTTCAAGGTTCT-1	T	5
CTAACTTCACCTCGTT-1	Epithelial	3
CTAACTTCATGGCCGT-1	Epithelial	1
CTAACTTGTGATAACA-1	T	5
CTAACTTTCAGGTTTG-1	DC	10
CTAACTTTCGTTGTAG-1	Stromal	4
CTAACTTTCTGTTGCC-1	Epithelial	15
CTACAGAAGCCATGGA-1	B	7
CTACAGAAGGAAGGTA-1	Myeloid	6
CTACAGAAGGAGTAGA-1	B	17
CTACAGAAGGCAAGCT-1	Epithelial	12
CTACAGAAGTAACACA-1	T	5
CTACAGAAGTGCTGAG-1	Epithelial	19
CTACAGAAGTTGCTTG-1	Epithelial	18
CTACAGACAATCCATG-1	Myeloid	6
CTACAGACAATGATGA-1	B	0
CTACAGACACAAGGGT-1	Myeloid	6
CTACAGACACGCGCAT-1	Epithelial	2
CTACAGAGTCCACCAG-1	Epithelial	18
CTACAGAGTGCTTCCT-1	B	17
CTACAGATCAGCACTA-1	Epithelial	2
CTACAGATCCCTACGT-1	DC	10
CTACTTAAGAGGAAGT-1	Epithelial	11
CTACTTAAGCCTCGCA-1	B	0
CTACTTAAGTATGGGC-1	Epithelial	18
CTACTTACACTTTGGA-1	Myeloid	14
CTACTTACATCGTACA-1	Epithelial	11
CTACTTACATTGAACC-1	Epithelial	18
CTACTTAGTCAGACGA-1	Epithelial	2
CTACTTAGTTGGACGA-1	T	5
CTACTTAGTTTAGAAG-1	Epithelial	18
CTACTTATCCATGACA-1	Stromal	9
CTACTTATCCGATTGA-1	DC	10
CTAGCGGAGGAAACTT-1	Epithelial	15
CTAGCGGAGGTGATGC-1	B	13
CTAGCGGAGTCCGTGC-1	Epithelial	1
CTAGCGGAGTCGTGAG-1	Epithelial	16
CTAGCGGAGTGGACGT-1	T	5
CTAGCGGCAAGACACG-1	Epithelial	12
CTAGCGGCAATGGTCT-1	Epithelial	15
CTAGCGGCACGGCCAT-1	Myeloid	14
CTAGCGGCACTCGGAC-1	Epithelial	19
CTAGCGGCAGGCAAGT-1	Epithelial	11
CTAGCGGCATTATGGC-1	Epithelial	16
CTAGCGGCATTGATGC-1	Epithelial	8
CTAGCGGGTACCCACG-1	DC	10
CTAGCGGGTATACGCT-1	Epithelial	16
CTAGCGGGTATGGGTG-1	T	5
CTAGCGGGTCAGACGA-1	T	5
CTAGCGGGTGCGCATC-1	B	13
CTAGCGGGTTGAATAG-1	Stromal	4
CTAGCGGGTTGGCTTA-1	Epithelial	12
CTAGCGGTCAGAGTGG-1	Stromal	4
CTAGCGGTCAGGCGCT-1	Stromal	4
CTAGCGGTCGGCATAT-1	Epithelial	2
CTAGGATAGACCCATT-1	DC	10
CTAGGATAGAGCGAAA-1	B	17
CTAGGATAGAGGAAGT-1	Epithelial	2
CTAGGATAGTACCCAT-1	Stromal	4
CTAGGATAGTGCTCGC-1	B	13
CTAGGATGTGCTGTGC-1	Epithelial	19
CTAGGATTCACTTACT-1	Epithelial	1
CTAGGATTCAGAACGG-1	Epithelial	12
CTAGGATTCGCAGATT-1	Epithelial	19
CTAGGATTCGTGTGCG-1	DC	10
CTAGGGCAGAGGAAGT-1	Epithelial	8
CTAGGGCAGGGTAATT-1	Epithelial	2
CTAGGGCAGTAGTGTA-1	B	13
CTAGGGCCAATGGCAG-1	Epithelial	19
CTAGGGCCAGCAAACG-1	B	0
CTAGGGCGTACCTATG-1	Epithelial	11
CTAGGGCGTATTCGCA-1	Epithelial	12
CTAGGGCGTGACCAGA-1	Epithelial	16
CTAGGGCTCGGAGTTT-1	T	5
CTCAACCAGACACGGT-1	Epithelial	2
CTCAACCAGCGTCTGC-1	B	0
CTCAACCAGGTTCTCA-1	Epithelial	8
CTCAACCAGTGTTCCA-1	B	0
CTCAACCCACACTAGT-1	Epithelial	18
CTCAACCCACGATTAC-1	B	13
CTCAACCGTAATGCAA-1	Epithelial	12
CTCAACCTCCTTTGAT-1	Epithelial	16
CTCAACCTCGTTCAGA-1	Epithelial	16
CTCACCAAGGACTTTC-1	Epithelial	19
CTCACCAAGTATCTGC-1	B	0
CTCACCACAAGGAAGA-1	Epithelial	18
CTCACCACAAGTCCTA-1	Epithelial	3
CTCACCACACTGAAGG-1	Epithelial	19
CTCACCACATGCGCTG-1	Epithelial	11
CTCACCAGTAGCGGTA-1	Myeloid	14
CTCACCAGTCACAGGA-1	B	17
CTCACCAGTCATAAGA-1	Epithelial	18
CTCACCATCTAGTCGA-1	Myeloid	6
CTCAGAAAGCCCATGC-1	B	0
CTCAGAAAGCTGATTC-1	Epithelial	8
CTCAGAAAGTCGAGCA-1	Epithelial	2
CTCAGAACAATGTAAG-1	Epithelial	2
CTCAGAACACAAACGG-1	T	5
CTCAGAACATAGATAG-1	Epithelial	18
CTCAGAACATCACAGT-1	Epithelial	18
CTCAGAAGTAACGGTG-1	Epithelial	15
CTCAGAAGTTCCCAAA-1	DC	10
CTCAGAAGTTCGGGAA-1	T	5
CTCAGAATCACATCCC-1	Epithelial	12
CTCAGAATCACGATTG-1	Epithelial	16
CTCAGAATCACTACCC-1	Epithelial	3
CTCAGAATCCATACGA-1	Epithelial	16
CTCAGAATCGAGGCTC-1	B	0
CTCAGAATCTATACCT-1	Epithelial	3
CTCAGCTAGCACACCC-1	Epithelial	2
CTCAGCTAGGCGTCCT-1	DC	10
CTCAGCTAGTACTCTG-1	B	13
CTCAGCTAGTTGACAA-1	Epithelial	3
CTCAGCTCACACATGT-1	Epithelial	12
CTCAGCTCACCTGAAT-1	Myeloid	6
CTCAGCTCAGGAGCAT-1	Epithelial	2
CTCAGCTGTAAGTCTC-1	Epithelial	12
CTCAGCTGTACGCCCA-1	T	5
CTCAGCTGTTAACCGT-1	Epithelial	11
CTCAGCTGTTAACTCG-1	Stromal	9
CTCAGCTTCACACGTA-1	Myeloid	6
CTCAGCTTCACGATTG-1	B	0
CTCAGCTTCCATGACA-1	Epithelial	1
CTCAGCTTCGGATGTT-1	T	5
CTCAGCTTCTATATCC-1	Epithelial	2
CTCATGCAGACCCTAT-1	Myeloid	14
CTCATGCAGAGACTCG-1	Epithelial	2
CTCATGCAGAGGTACC-1	Epithelial	12
CTCATGCCAAAGCTGG-1	Epithelial	12
CTCATGCCAAATGTCC-1	Myeloid	14
CTCATGCCACGTTGTA-1	T	5
CTCATGCCACTAAACC-1	Myeloid	14
CTCATGCCATTAAGGA-1	Epithelial	16
CTCATGCCATTTGGCA-1	Epithelial	16
CTCATGCGTAGCTGTT-1	B	13
CTCATGCGTGCGTCCA-1	T	5
CTCATGCTCGGGATCC-1	Epithelial	18
CTCATGCTCTCATCCG-1	Stromal	4
CTCATGCTCTCTTAAC-1	Epithelial	11
CTCCCAAAGGAGTCTG-1	Stromal	4
CTCCCAAAGGCCTAAG-1	Epithelial	8
CTCCCAAAGTATAGTG-1	B	7
CTCCCAAAGTTAGAGT-1	Epithelial	18
CTCCCAACAATTGCCA-1	Epithelial	11
CTCCCAACAGAAAGAG-1	B	7
CTCCCAACAGCAATGG-1	Epithelial	16
CTCCCAACATGCCTTC-1	B	7
CTCCCAACATTACTCT-1	Epithelial	11
CTCCCAAGTCGAGGAT-1	Epithelial	8
CTCCCAAGTGTCTACA-1	Epithelial	2
CTCCCAAGTTACACTG-1	Epithelial	2
CTCCCAAGTTTCCGGG-1	Epithelial	12
CTCCCAATCATACTTC-1	Epithelial	2
CTCCCAATCATCGCAA-1	Epithelial	16
CTCCCAATCGCACCTT-1	Epithelial	12
CTCCCAATCTGGCACG-1	B	0
CTCGCTAAGCTTACCA-1	B	0
CTCGCTAAGGTCTTGT-1	T	5
CTCGCTAAGTGATATG-1	B	7
CTCGCTACAAACCTAC-1	Epithelial	3
CTCGCTACAATAGTGA-1	Epithelial	8
CTCGCTACACTACACA-1	Epithelial	11
CTCGCTACAGGATGTG-1	Epithelial	18
CTCGCTACATTGAACC-1	DC	10
CTCGCTAGTAAACGTA-1	B	17
CTCGCTAGTACGTATC-1	Epithelial	8
CTCGCTAGTGTTGTTG-1	Epithelial	16
CTCGCTAGTTTAGACC-1	Epithelial	8
CTCTACGAGAATACTG-1	Myeloid	14
CTCTACGAGCGCACAA-1	Epithelial	19
CTCTACGAGCTCGGCT-1	Epithelial	2
CTCTACGAGGATGTAT-1	Epithelial	16
CTCTACGAGTAACATG-1	Epithelial	15
CTCTACGAGTCGTATC-1	Myeloid	14
CTCTACGCAACGGGTA-1	Epithelial	11
CTCTACGCAACTCAAC-1	Epithelial	12
CTCTACGCACCTGGTG-1	Epithelial	3
CTCTACGCACGCGCAT-1	T	5
CTCTACGCACTGTCAA-1	Epithelial	12
CTCTACGCATGGATGG-1	Epithelial	16
CTCTACGGTGACGCAA-1	Stromal	9
CTCTACGGTGCGACCT-1	T	5
CTCTACGTCCATGACA-1	Epithelial	18
CTCTACGTCCGTGCGA-1	Epithelial	12
CTCTACGTCGGTCGAC-1	B	0
CTCTACGTCTCGCGTT-1	Epithelial	19
CTCTAGCAGAGCTACG-1	Epithelial	3
CTCTAGCAGCGCATTT-1	Epithelial	1
CTCTAGCAGGCTGGAT-1	Myeloid	6
CTCTAGCAGTAACTCC-1	Epithelial	16
CTCTAGCAGTAATCAG-1	Epithelial	16
CTCTAGCCAAAGAAGG-1	Myeloid	6
CTCTAGCCAATGGTAA-1	Epithelial	11
CTCTAGCCAGCAGGTA-1	Epithelial	16
CTCTAGCCAGTTCGGC-1	Myeloid	6
CTCTAGCGTATACGCT-1	Epithelial	8
CTCTAGCTCAAAGTAG-1	Epithelial	16
CTCTAGCTCGATAGGG-1	T	5
CTCTAGCTCGTGCTGG-1	B	0
CTCTAGCTCTGGACAT-1	T	5
CTCTAGCTCTGTTTAC-1	Epithelial	16
CTCTCAGAGGATTGAT-1	Stromal	4
CTCTCAGAGTCGGGAT-1	Epithelial	8
CTCTCAGCAAACCTAC-1	Epithelial	15
CTCTCAGCAACTCGAT-1	B	7
CTCTCAGCAATGGCAG-1	T	5
CTCTCAGCACTGCTTC-1	Myeloid	14
CTCTCAGCATCCTGGG-1	Epithelial	15
CTCTCAGCATTTAGGC-1	B	13
CTCTCAGGTATTGTCG-1	T	5
CTCTCAGGTATTGTGC-1	Epithelial	8
CTCTCAGGTGCACTTA-1	T	5
CTCTCAGTCACTTACT-1	Epithelial	18
CTCTCAGTCGGTAGGA-1	Epithelial	19
CTCTCAGTCGGTCTAA-1	Epithelial	11
CTCTCAGTCTGGCTAA-1	DC	10
CTCTCGAAGATCGATA-1	Epithelial	19
CTCTCGAAGTATGCTC-1	T	5
CTCTCGACAAACCCTA-1	Myeloid	6
CTCTCGACACAAACGG-1	Epithelial	16
CTCTCGACACATAAAG-1	B	7
CTCTCGACACGATATC-1	Epithelial	2
CTCTCGACAGAGCCAA-1	T	5
CTCTCGACAGTAACCT-1	Epithelial	18
CTCTCGAGTAGATGAT-1	B	17
CTCTCGAGTCATGAGG-1	Epithelial	11
CTCTCGAGTTTGCCCT-1	B	17
CTCTCGAGTTTGTCTT-1	Myeloid	14
CTCTCGATCAATTGGC-1	DC	10
CTCTCGATCCAACGCG-1	Epithelial	18
CTCTCGATCCATACGA-1	DC	10
CTCTCGATCCGTTAGA-1	T	5
CTCTCGATCGCTCTAC-1	Stromal	4
CTCTCGATCGGTAGGA-1	B	7
CTGAATGAGAGAGTAG-1	Epithelial	18
CTGAATGAGGGATCCA-1	Epithelial	2
CTGAATGCACGGTTAT-1	Epithelial	2
CTGAATGCATCCGTGG-1	Epithelial	16
CTGAATGGTAGAGAGA-1	Epithelial	8
CTGAATGGTGCCCGAT-1	Epithelial	11
CTGAATGGTGCTGGCT-1	Epithelial	16
CTGAATGGTTAGGCTT-1	Epithelial	8
CTGAATGTCACTAGCA-1	Epithelial	2
CTGAATGTCCCGGGTA-1	Epithelial	8
CTGCGTTCAAGGACCA-1	Epithelial	2
CTGCGTTCAATGCACT-1	Epithelial	12
CTGCGTTCACCATTCC-1	Epithelial	12
CTGCGTTCATATAGAG-1	Epithelial	2
CTGCGTTGTGTGTGCC-1	T	5
CTGCGTTTCACTTACT-1	B	13
CTGCGTTTCGTTCAGA-1	Epithelial	18
CTGCTCAAGACTAATG-1	DC	10
CTGCTCAAGGCCTCTG-1	Epithelial	16
CTGCTCACAAATAGTG-1	Epithelial	18
CTGCTCACAATACTGC-1	Epithelial	18
CTGCTCACACTCCACT-1	Epithelial	1
CTGCTCACAGCGCGTT-1	B	13
CTGCTCACATCAGCTA-1	Epithelial	12
CTGCTCAGTAGCCATT-1	Epithelial	2
CTGCTCAGTCTGCGCA-1	Stromal	4
CTGCTCAGTGGCGCTT-1	Stromal	9
CTGCTCATCGCTTCAC-1	Epithelial	2
CTGGCAGAGATTAGAC-1	T	5
CTGGCAGAGCTAACAA-1	B	17
CTGGCAGAGGTAGGAA-1	T	5
CTGGCAGCAAATGTCC-1	DC	10
CTGGCAGCAAGCGTCC-1	Epithelial	8
CTGGCAGCAAGGACCA-1	Stromal	4
CTGGCAGCACGTTGTA-1	Myeloid	6
CTGGCAGCAGCAGGTA-1	Epithelial	16
CTGGCAGGTATGCTAC-1	Epithelial	2
CTGGCAGGTCTGATTG-1	Epithelial	8
CTGGCAGGTCTGCACG-1	Epithelial	15
CTGGCAGGTTGCAGCC-1	B	7
CTGGCAGGTTTAGGAA-1	Myeloid	6
CTGGCAGTCAAGAGAT-1	Stromal	9
CTGGCAGTCTATACCT-1	Epithelial	12
CTGGGACAGTCCGATT-1	Epithelial	2
CTGGGACAGTTGTCCA-1	B	7
CTGGGACCAAGGCTTT-1	T	5
CTGGGACCAGGTGTGA-1	Stromal	4
CTGGGACCAGTCCTGG-1	B	17
CTGGGACCATTATGGC-1	DC	10
CTGGGACGTCAAGACG-1	T	5
CTGGGACGTGAGTCGA-1	Epithelial	16
CTGGGACGTGCTGTCG-1	DC	10
CTGGGACGTTACACTG-1	Epithelial	18
CTGGGACTCACTACCC-1	Epithelial	16
CTGGGACTCCAGAATC-1	Epithelial	11
CTGGGACTCCCGGGTA-1	Epithelial	3
CTGGGACTCGCACCGA-1	Myeloid	6
CTGTATTAGGCACTAG-1	T	5
CTGTATTAGGCGTCCT-1	Epithelial	16
CTGTATTAGGCTTAAA-1	B	0
CTGTATTAGTATGGGC-1	Epithelial	12
CTGTATTCACGATATC-1	Stromal	9
CTGTATTCATTAAGGA-1	Epithelial	18
CTGTATTGTACATGGG-1	Epithelial	18
CTGTATTGTAGATTAG-1	Epithelial	11
CTGTATTGTATTCGAC-1	Epithelial	2
CTGTATTGTGCGTCCA-1	Epithelial	12
CTGTATTGTTCTTTGT-1	DC	10
CTGTATTGTTTCCGGG-1	Epithelial	8
CTGTATTTCAGGAATA-1	B	17
CTGTATTTCCAAACCA-1	Epithelial	8
CTGTATTTCGTCCCAT-1	Stromal	9
CTGTATTTCTCTATTG-1	Myeloid	14
CTGTATTTCTGGCCAG-1	T	5
CTGTTCGAGAACAGGA-1	Myeloid	6
CTGTTCGCACATTCTT-1	Myeloid	14
CTGTTCGCATCACAAC-1	B	13
CTGTTCGGTCCTTATT-1	Epithelial	16
CTGTTCGGTTTCCGGG-1	Epithelial	18
CTGTTCGTCTATTTCG-1	Epithelial	3
CTGTTCGTCTTGGCCT-1	Epithelial	3
CTTAATCCAGTTCGGC-1	Epithelial	2
CTTAATCGTCAGCTTA-1	Stromal	4
CTTAATCGTCGCTACG-1	B	17
CTTAATCTCCGAGAGA-1	Epithelial	19
CTTAATCTCCGTACGG-1	Epithelial	3
CTTAATCTCGACTCGG-1	Myeloid	14
CTTAATCTCGCAACTA-1	Stromal	9
CTTAATCTCGGCAATT-1	Epithelial	18
CTTAATCTCTCTGACC-1	Epithelial	2
CTTCCAGAGCAACGGT-1	Epithelial	16
CTTCCAGAGCCTCGCA-1	Epithelial	8
CTTCCAGAGCTAGCAG-1	DC	10
CTTCCAGCAACGTCCG-1	Stromal	9
CTTCCAGCACAATAAG-1	DC	10
CTTCCAGCACTGAAGG-1	Epithelial	3
CTTCCAGCATACTGCA-1	Epithelial	11
CTTCCAGCATATAGAG-1	Epithelial	16
CTTCCAGCATTTGTTC-1	Stromal	4
CTTCCAGGTCAACTAC-1	Epithelial	8
CTTCCAGTCAACACGT-1	Epithelial	8
CTTCCAGTCAGGGTTT-1	Epithelial	15
CTTCCAGTCTGTAGAC-1	Epithelial	12
CTTCTAAAGAAATACC-1	Epithelial	11
CTTCTAAAGAGTTCGG-1	B	7
CTTCTAAAGTACCACT-1	Epithelial	16
CTTCTAAAGTGCTAGG-1	B	7
CTTCTAACACCACCAG-1	T	5
CTTCTAACAGCGTAGA-1	DC	10
CTTCTAAGTGAGTTGG-1	B	13
CTTCTAATCATCGCTC-1	Stromal	4
CTTCTAATCGGTCAGC-1	Epithelial	8
CTTCTAATCTAGCTGA-1	Epithelial	12
CTTCTAATCTGGGCGT-1	Epithelial	3
CTTCTAATCTGTGTGA-1	Epithelial	16
CTTGAAGAGAGACTCG-1	B	7
CTTGAAGAGGAAACTT-1	Stromal	4
CTTGAAGAGGTCGGTA-1	Epithelial	2
CTTGAAGCAACTCCCT-1	T	5
CTTGAAGCAATGAAAC-1	Stromal	4
CTTGAAGCATGCGTTA-1	Epithelial	18
CTTGAAGGTAATGTGA-1	Epithelial	15
CTTGAAGGTTCAGTAC-1	Epithelial	2
CTTGAAGGTTCTACGA-1	Epithelial	11
CTTGAAGTCAGGAATA-1	Epithelial	1
CTTGAAGTCCTAAAGC-1	Epithelial	12
CTTGAAGTCCTCAAGA-1	Epithelial	2
CTTGAAGTCCTCCATG-1	Epithelial	11
CTTGAAGTCGCTTACC-1	Epithelial	2
CTTGAAGTCTGGCCAG-1	Epithelial	12
CTTGCCACATGTCCCT-1	B	13
CTTGCCAGTCATCAAC-1	Epithelial	16
CTTGCCAGTCGTAATC-1	Epithelial	12
CTTGCCAGTTAACCAC-1	Myeloid	14
CTTGCCAGTTAGGAAT-1	Epithelial	8
CTTGCCAGTTAGTAGA-1	B	0
CTTGCCATCTTGTCGC-1	Epithelial	19
CTTGCTGAGAACCCGA-1	T	5
CTTGCTGAGTTCCAGT-1	Epithelial	19
CTTGCTGCAATAGCGG-1	Epithelial	3
CTTGCTGCAATGGCTT-1	Myeloid	6
CTTGCTGCAGTAAGCG-1	Epithelial	12
CTTGCTGCATCATCGA-1	Myeloid	14
CTTGCTGCATCGCCTT-1	Epithelial	1
CTTGCTGGTCATAAGA-1	Epithelial	8
CTTGCTGGTCGTCGCA-1	Stromal	4
CTTGCTGTCCCACGGA-1	Epithelial	11
CTTGCTGTCCTGTGGG-1	Epithelial	8
CTTGTCGAGAGGAATG-1	Epithelial	16
CTTGTCGAGCGTCAAG-1	Epithelial	12
CTTGTCGAGGACTAGC-1	Epithelial	15
CTTGTCGAGGCAATTA-1	T	5
CTTGTCGAGGCTGGAT-1	Epithelial	16
CTTGTCGCACGCGACT-1	Myeloid	14
CTTGTCGCAGCGTAGA-1	Stromal	4
CTTGTCGCAGTTACAC-1	Stromal	4
CTTGTCGCATCGGCCA-1	Myeloid	6
CTTGTCGGTAACAATG-1	Epithelial	2
CTTGTCGGTCAGACGA-1	B	17
CTTGTCGGTCATGAGG-1	Epithelial	18
CTTGTCGGTTAGGCTT-1	Epithelial	2
CTTGTCGGTTCCATCC-1	Epithelial	16
CTTGTCGTCATAGGTC-1	Epithelial	2
CTTGTCGTCCTGGGAC-1	Epithelial	11
CTTGTCGTCGGGATCC-1	Epithelial	18
CTTTGCGAGCATGTGG-1	B	0
CTTTGCGAGTCTGCTA-1	B	0
CTTTGCGAGTGATATG-1	B	7
CTTTGCGAGTTGTCCA-1	Myeloid	6
CTTTGCGCAAACCTAC-1	Epithelial	2
CTTTGCGCAAGCAACG-1	Epithelial	3
CTTTGCGCACAGAAGC-1	T	5
CTTTGCGCACTTATGG-1	Epithelial	16
CTTTGCGCAGCGCGTT-1	Epithelial	18
CTTTGCGGTAACGGAC-1	B	7
CTTTGCGGTAGTATCC-1	B	7
CTTTGCGGTATCTGCA-1	T	5
CTTTGCGGTATGTCCA-1	Epithelial	2
CTTTGCGGTCCTCAGG-1	Epithelial	8
CTTTGCGGTTCCCAAA-1	Epithelial	11
CTTTGCGTCGATGAAA-1	Epithelial	8
CTTTGCGTCGCATACA-1	Stromal	4
CTTTGCGTCGGGCTCA-1	Epithelial	1
CTTTGCGTCTGCTACC-1	Epithelial	3
GAAACAACAACAAACA-1	DC	10
GAAACAACAATCCATG-1	T	5
GAAACAACACTTTGGA-1	T	5
GAAACAACATGCTATG-1	B	7
GAAACAAGTAACCGAG-1	Epithelial	2
GAAACAAGTACGCCCA-1	Epithelial	12
GAAACAAGTATTCTGG-1	B	7
GAAACAAGTCCGAGCT-1	Epithelial	1
GAAAGTAAGCAGAGCT-1	B	17
GAAAGTAAGCGTCAAG-1	Epithelial	12
GAAAGTAAGTCGACCC-1	Epithelial	12
GAAAGTAAGTGCACAG-1	Myeloid	14
GAAAGTACAGTTGGAG-1	Epithelial	16
GAAAGTAGTAGTAACA-1	Epithelial	8
GAAAGTAGTCAGTGTT-1	B	0
GAAAGTAGTCTCTGGG-1	Epithelial	1
GAAAGTAGTTACGGAG-1	Epithelial	19
GAAAGTAGTTTGCCCT-1	Stromal	9
GAAAGTATCTACCCGT-1	B	7
GAAAGTATCTTCTTCC-1	Myeloid	6
GAAATGAAGGGAAGCG-1	B	7
GAAATGAAGGGTTCTT-1	Epithelial	1
GAAATGAAGTAGGTCG-1	Epithelial	16
GAAATGACACCGAATT-1	Epithelial	18
GAAATGACACTCAAGT-1	Epithelial	18
GAAATGACAGGCAGAT-1	B	0
GAAATGAGTGAGTCGA-1	Epithelial	2
GAAATGATCACTACCC-1	Stromal	9
GAAATGATCACTGGTA-1	T	5
GAAATGATCCGGGCAT-1	Epithelial	18
GAAATGATCTTAAGCG-1	Stromal	9
GAAATGATCTTCTCTC-1	T	5
GAACCGCAGAGTTCGG-1	T	5
GAACCGCAGCAACTGG-1	T	5
GAACCGCAGCAATGTA-1	Epithelial	2
GAACCGCAGCATACCT-1	B	7
GAACCGCAGTAACACA-1	Epithelial	3
GAACCGCAGTGCACAG-1	DC	10
GAACCGCAGTTAGAGT-1	Epithelial	16
GAACCGCAGTTGGAAT-1	T	5
GAACCGCCACATATCG-1	Myeloid	6
GAACCGCCACTCAAGT-1	Epithelial	2
GAACCGCCAGAATGCG-1	B	0
GAACCGCCATTACACG-1	Epithelial	1
GAACCGCGTAAACCCT-1	DC	10
GAACCGCGTAATGTAG-1	B	0
GAACCGCGTACATGGG-1	Epithelial	18
GAACCGCGTACGGATG-1	Epithelial	19
GAACCGCGTATTCTGG-1	T	5
GAACCGCGTCGCTAGC-1	Stromal	4
GAACCGCGTGGCCTCA-1	Epithelial	16
GAACCGCGTTTCTACT-1	Epithelial	2
GAACCGCTCCATACGA-1	B	0
GAACCGCTCCATGACA-1	Epithelial	8
GAACCGCTCGCTTCAC-1	B	17
GAACCTAAGTCACACT-1	Epithelial	15
GAACCTAAGTCACGCC-1	Epithelial	2
GAACCTAAGTTGAATG-1	Epithelial	3
GAACCTACAACTCGTA-1	Myeloid	14
GAACCTACACGTACAT-1	Epithelial	1
GAACCTACACTGTTAG-1	Epithelial	11
GAACCTACAGTAGGCA-1	Epithelial	3
GAACCTAGTAATGTGA-1	Epithelial	11
GAACCTAGTAGAGAGA-1	Epithelial	18
GAACCTAGTAGCTGTT-1	T	5
GAACCTAGTTTCGTTT-1	Epithelial	2
GAACCTATCACTACCC-1	Epithelial	8
GAACCTATCATTCTCA-1	T	5
GAACCTATCTGAGTCA-1	Epithelial	11
GAACGTTAGGCTTAAA-1	B	7
GAACGTTCACTCCTCA-1	Epithelial	3
GAACGTTCAGGCATCC-1	Epithelial	18
GAACGTTCATGCGCTG-1	Epithelial	16
GAACGTTGTTCTACCC-1	Myeloid	14
GAACGTTTCGCTTCAC-1	Epithelial	2
GAACGTTTCGGGCTCA-1	Epithelial	8
GAACGTTTCTACATCT-1	Epithelial	2
GAACTTGAGACAGTGC-1	DC	10
GAACTTGAGAGAGTAG-1	Epithelial	11
GAACTTGAGTAGGTCG-1	Epithelial	3
GAACTTGGTAACGGAC-1	Epithelial	8
GAACTTGGTTTCGATG-1	Myeloid	6
GAACTTGTCCACCTAC-1	DC	10
GAACTTGTCGTTGTTT-1	B	7
GAACTTGTCTATCCTA-1	Epithelial	2
GAACTTGTCTTCTTCC-1	Epithelial	19
GAAGAGCAGATTGACA-1	B	7
GAAGAGCAGCCGCAAA-1	B	7
GAAGAGCAGGAGTACC-1	Myeloid	6
GAAGAGCAGGCTTTAC-1	Epithelial	16
GAAGAGCAGGTAGGCT-1	Epithelial	11
GAAGAGCCAGGGTAAC-1	Epithelial	12
GAAGAGCCATCGCCTT-1	Epithelial	19
GAAGAGCGTGCATCAT-1	Epithelial	3
GAAGAGCGTGTACGCC-1	Epithelial	1
GAAGAGCGTTCGGGAA-1	Epithelial	19
GAAGAGCGTTCTGAAC-1	Stromal	9
GAAGAGCTCCAGTACA-1	Stromal	4
GAAGAGCTCTCCACTG-1	Epithelial	16
GAAGAGCTCTTAACGG-1	Epithelial	18
GAAGTCTAGAACGTTA-1	T	5
GAAGTCTAGCATACCT-1	Epithelial	8
GAAGTCTCAAGACTTC-1	Epithelial	3
GAAGTCTCACTCAAGT-1	Myeloid	14
GAAGTCTCAGATTAAG-1	B	0
GAAGTCTCATCTCTCG-1	Epithelial	2
GAAGTCTGTAGAACGC-1	Epithelial	12
GAAGTCTGTGCACCCA-1	Epithelial	11
GAAGTCTGTGCTTGAT-1	Myeloid	6
GAAGTCTGTGTCGTCG-1	Epithelial	18
GAAGTCTTCGCGCCAA-1	Epithelial	11
GAAGTGGAGATAGGTT-1	B	7
GAAGTGGAGCCTCGCA-1	T	5
GAAGTGGAGGATGTCG-1	Epithelial	3
GAAGTGGAGTACGCGA-1	Epithelial	18
GAAGTGGAGTGCTCGC-1	Epithelial	12
GAAGTGGAGTGGGACT-1	Epithelial	2
GAAGTGGCAAGCGACA-1	Stromal	9
GAAGTGGCACTGTTAG-1	Epithelial	3
GAAGTGGCAGCTATAC-1	T	5
GAAGTGGGTCAACGGA-1	Epithelial	18
GAAGTGGGTGAATCGG-1	Epithelial	11
GAAGTGGGTTGTCGGC-1	B	7
GAAGTGGTCGAAGCCC-1	Stromal	4
GAAGTGGTCGATGCAT-1	T	5
GAATCTGAGAGTAAGG-1	Epithelial	11
GAATCTGAGATCACCT-1	Epithelial	19
GAATCTGAGGCAAGCT-1	Epithelial	18
GAATCTGAGGTACACG-1	Epithelial	16
GAATCTGAGTCGAAAT-1	Epithelial	3
GAATCTGCATTACACG-1	Epithelial	2
GAATCTGGTATCACAC-1	Stromal	9
GAATCTGGTGCATCAT-1	Epithelial	19
GAATCTGTCCAGTACA-1	Epithelial	8
GAATCTGTCGCCTTAC-1	Stromal	4
GAATCTGTCGTCCCTA-1	Epithelial	11
GAATCTGTCTCTTAAC-1	Epithelial	2
GACCAATAGATCTCAC-1	Myeloid	14
GACCAATAGTTTACGC-1	Epithelial	19
GACCAATCAATCACTG-1	Myeloid	6
GACCAATCACACATTG-1	Epithelial	2
GACCAATCATCCCTTG-1	Epithelial	12
GACCAATTCACACGTA-1	Epithelial	12
GACCAATTCGTCCCAT-1	Epithelial	18
GACCAATTCTCGACAA-1	Stromal	9
GACCAATTCTCGTGAA-1	B	7
GACCAATTCTGAGTAC-1	B	7
GACCAATTCTTCGTTA-1	DC	10
GACCCAGAGAAGGGCG-1	Stromal	9
GACCCAGAGACAGTGC-1	Epithelial	2
GACCCAGCAACGTCCG-1	Epithelial	2
GACCCAGCAGATTAAG-1	Epithelial	18
GACCCAGGTAGATGAT-1	B	17
GACCCAGGTAGTATCC-1	Epithelial	15
GACCCAGGTCATCGTA-1	Epithelial	8
GACCCAGGTGCCCTAG-1	DC	10
GACCCAGGTGTCGTGC-1	Epithelial	18
GACCCAGTCAGTCACA-1	Epithelial	3
GACCCAGTCCCACTAC-1	Epithelial	19
GACCCAGTCGTCTTAT-1	B	0
GACCCAGTCTCATATC-1	Epithelial	18
GACCGACAGAAAGCAG-1	Myeloid	14
GACCGACAGATGCGCA-1	B	17
GACCGACAGCCTCGCA-1	Epithelial	11
GACCGACAGGTACTCT-1	Myeloid	14
GACCGACAGTGATATG-1	Epithelial	8
GACCGACCACCTACCT-1	DC	10
GACCGACCAGAGCCAA-1	Epithelial	8
GACCGACCAGGAGCAT-1	Epithelial	11
GACCGACGTCCTTCAC-1	Epithelial	11
GACCGACTCACGTGTA-1	Myeloid	6
GACCGACTCCTAGAGT-1	Epithelial	11
GACCGACTCCTTCGAC-1	Stromal	4
GACCTTCAGATTAGAC-1	Myeloid	6
GACCTTCAGATTCCGT-1	B	17
GACCTTCAGTGCTGAG-1	Epithelial	2
GACCTTCCAAACCCTA-1	B	7
GACCTTCCAAATAGTG-1	Myeloid	6
GACCTTCCAACTCAAC-1	T	5
GACCTTCCAGGTGTCC-1	Epithelial	8
GACCTTCGTAGATGAT-1	Epithelial	15
GACCTTCGTATTTGCG-1	Epithelial	2
GACCTTCGTGATAACA-1	T	5
GACCTTCTCGATCTTT-1	B	13
GACCTTCTCGGATAGG-1	Epithelial	16
GACTAACAGGTTCGAG-1	T	5
GACTAACCAAAGACGC-1	Epithelial	12
GACTAACCAATCAGGG-1	Epithelial	11
GACTAACCACATATCG-1	Epithelial	2
GACTAACGTATTCTGG-1	B	0
GACTAACGTGATTCCA-1	Myeloid	6
GACTAACGTGGTAAGC-1	DC	10
GACTAACTCCATCGAA-1	B	7
GACTAACTCCGAGAGA-1	Epithelial	15
GACTAGTAGAATATCG-1	Epithelial	16
GACTAGTAGAGAATTC-1	Epithelial	3
GACTAGTAGGGCGAAG-1	Epithelial	16
GACTAGTAGGTTCTCA-1	Epithelial	2
GACTAGTCACCGATCG-1	Epithelial	8
GACTAGTCATAGACGG-1	Epithelial	3
GACTAGTGTAATGCCT-1	Myeloid	6
GACTAGTTCTGGACAT-1	Epithelial	11
GAGAACGAGAAGAGTG-1	B	7
GAGAACGAGTTGTCCA-1	Myeloid	14
GAGAACGCACTCCCAT-1	T	5
GAGAACGCAGCAAACG-1	DC	10
GAGAACGCAGCAGGTA-1	Epithelial	3
GAGAACGGTCTAAGAA-1	T	5
GAGAACGGTCTTAGCA-1	Epithelial	8
GAGAACGGTTCCCTTG-1	B	7
GAGAACGTCCTATCAT-1	T	5
GAGACTTAGAGCCTGA-1	Epithelial	2
GAGACTTAGATGGCAC-1	B	17
GAGACTTCATTCTTTG-1	Stromal	4
GAGACTTGTCTCTAAG-1	Stromal	4
GAGACTTGTTGTATCG-1	B	17
GAGACTTTCAGTCACA-1	Epithelial	16
GAGATTCAGAAGCCTG-1	B	17
GAGATTCAGGCTCCTG-1	Stromal	9
GAGATTCAGGGTGTTG-1	DC	10
GAGATTCAGTAACATG-1	T	5
GAGATTCAGTATGCTC-1	Epithelial	2
GAGATTCCACCACCAG-1	T	5
GAGATTCCAGCAAACG-1	DC	10
GAGATTCCAGGCAAGT-1	B	13
GAGATTCCATGTGAGG-1	B	0
GAGATTCGTGATGCTT-1	Myeloid	6
GAGATTCGTGGTGGTA-1	B	13
GAGATTCGTTAGGAAT-1	B	0
GAGATTCGTTTGCCCT-1	T	5
GAGATTCGTTTGTAGC-1	Epithelial	2
GAGATTCTCCGCTATC-1	Epithelial	2
GAGATTCTCGCTCGGA-1	Epithelial	18
GAGATTCTCGGTTCCT-1	Epithelial	15
GAGATTCTCTTGTCAT-1	Epithelial	1
GAGCATTAGATTACGA-1	T	5
GAGCATTAGCAATGTA-1	B	0
GAGCATTAGCGTGTTT-1	B	7
GAGCATTAGCTCCATA-1	Myeloid	14
GAGCATTCAACGTACT-1	B	0
GAGCATTCAGCGCGTT-1	Epithelial	8
GAGCATTGTCGTAGTT-1	DC	10
GAGCATTGTGTGAGGT-1	T	5
GAGCATTTCAGCCGGT-1	Epithelial	19
GAGCATTTCCTTTGCG-1	Epithelial	2
GAGCATTTCTCTGTTA-1	Epithelial	15
GAGCGCTAGAGCACTG-1	B	0
GAGCGCTAGCTGCCAC-1	Epithelial	12
GAGCGCTAGGATGTAT-1	Epithelial	3
GAGCGCTAGGCACTAG-1	Epithelial	15
GAGCGCTAGGGAAATG-1	Stromal	4
GAGCGCTAGTCATACC-1	Epithelial	18
GAGCGCTAGTGTAATG-1	Epithelial	11
GAGCGCTCAAGCAATA-1	Epithelial	19
GAGCGCTCAAGGTTCT-1	Epithelial	18
GAGCGCTCAGCCACGT-1	Myeloid	14
GAGCGCTCATCCGTGG-1	Stromal	9
GAGCGCTCATCTGCAA-1	B	17
GAGCGCTGTCTCTGCT-1	Epithelial	2
GAGCGCTGTTCTGATG-1	T	5
GAGCGCTTCACTCGGG-1	Epithelial	16
GAGCGCTTCCAGGGAA-1	Epithelial	8
GAGCGCTTCGCTTACC-1	T	5
GAGGATGAGATCTCAC-1	Myeloid	6
GAGGATGAGATTACGA-1	Epithelial	15
GAGGATGAGCTGCTCG-1	B	13
GAGGATGAGGCGATTG-1	T	5
GAGGATGCAACGTCGC-1	T	5
GAGGATGCAGTATCTG-1	Myeloid	14
GAGGATGCATGACTGT-1	Myeloid	6
GAGGATGCATTGTGAC-1	T	5
GAGGATGGTAACGGCA-1	B	0
GAGGATGGTACTTCGA-1	B	0
GAGGATGGTAGACGCA-1	Epithelial	16
GAGGATGGTCAGCTTA-1	T	5
GAGGATGGTGGAAAGA-1	Stromal	4
GAGGATGGTTCCAATG-1	Epithelial	8
GAGGATGGTTGCTTGA-1	T	5
GAGGCTCAGCGTTGCC-1	B	7
GAGGCTCAGGGTATCG-1	Epithelial	11
GAGGCTCCACAGTTCA-1	Epithelial	12
GAGGCTCCAGCAATGG-1	Epithelial	3
GAGGCTCGTATGGGTG-1	Epithelial	2
GAGGCTCGTCCAAGAG-1	Epithelial	18
GAGGCTCGTGAGTTGG-1	Epithelial	12
GAGGCTCGTGCTTCCT-1	DC	10
GAGGCTCGTTACTACG-1	Epithelial	11
GAGGCTCGTTCCGCGA-1	Epithelial	2
GAGGCTCGTTGCAGAG-1	T	5
GAGGCTCTCACCCTTG-1	Epithelial	18
GAGGCTCTCGCTTCAC-1	Epithelial	2
GAGGCTCTCTAAACGC-1	Myeloid	6
GAGGTCCAGATGAGGA-1	Epithelial	8
GAGGTCCAGCGTTAGG-1	Epithelial	16
GAGGTCCAGTACGCGA-1	Myeloid	6
GAGGTCCCAAGGGTAC-1	Epithelial	3
GAGGTCCCACTGGGCT-1	Myeloid	14
GAGGTCCCAGTAAGCG-1	T	5
GAGGTCCCATTCACGA-1	Epithelial	19
GAGGTCCGTAGACGCA-1	Stromal	9
GAGGTCCGTCAACTAC-1	DC	10
GAGGTCCGTGCTTCCT-1	B	13
GAGGTCCGTGTGCTTA-1	DC	10
GAGGTCCGTTACGGAG-1	T	5
GAGTGAGAGACGACTG-1	Epithelial	3
GAGTGAGAGCACACCC-1	T	5
GAGTGAGAGCAGAGCT-1	T	5
GAGTGAGAGCCATTCA-1	T	5
GAGTGAGAGCGGACTA-1	B	0
GAGTGAGAGGAGTAGA-1	Epithelial	3
GAGTGAGAGGATTAAC-1	Epithelial	2
GAGTGAGAGTTGGAAT-1	Epithelial	19
GAGTGAGCACGCGATC-1	T	5
GAGTGAGCATGCCTTC-1	T	5
GAGTGAGGTCCGCTTT-1	Epithelial	19
GAGTGAGGTCTGGTTA-1	Myeloid	14
GAGTGAGGTGGACTGA-1	Epithelial	2
GAGTGAGTCCAAGTCA-1	B	7
GAGTGAGTCCACACCT-1	Epithelial	16
GAGTGAGTCCAGGCCA-1	Epithelial	12
GAGTGAGTCGTATAGC-1	Epithelial	8
GAGTGAGTCGTCCCAT-1	Epithelial	12
GAGTGAGTCTGGCCAG-1	Epithelial	18
GAGTGAGTCTTCTTCC-1	DC	10
GATCATGAGAACTCCT-1	Epithelial	11
GATCATGAGAAGCCGT-1	Epithelial	8
GATCATGAGAAGCCTG-1	Stromal	4
GATCATGAGCGCATTT-1	Myeloid	6
GATCATGAGTACAACA-1	Epithelial	12
GATCATGCAAAGCTTC-1	Myeloid	6
GATCATGCAATGACTC-1	B	7
GATCATGCACATTGCA-1	Epithelial	3
GATCATGCACCGTTGG-1	B	17
GATCATGCACGCGATC-1	Epithelial	19
GATCATGGTCACAGTT-1	B	17
GATCATGGTCCTCAGG-1	B	13
GATCATGGTTGGCTAT-1	T	5
GATCATGTCAGTACAC-1	Epithelial	18
GATCATGTCATTCTTG-1	Epithelial	2
GATCATGTCCCTACGT-1	Epithelial	8
GATCATGTCGCCAGAC-1	Epithelial	18
GATCATGTCGCTCGGA-1	Epithelial	1
GATCGTAAGGCTTAAA-1	T	5
GATCGTACACGTTACA-1	B	0
GATCGTACACTGCTCT-1	Epithelial	11
GATCGTACAGGCTACC-1	B	7
GATCGTACATGTGAGG-1	Epithelial	2
GATCGTACATTCTCGC-1	B	0
GATCGTAGTAACGGCA-1	B	7
GATCGTAGTACAAATG-1	B	13
GATCGTAGTACCTATG-1	Myeloid	6
GATCGTAGTCCGTCGA-1	B	0
GATCGTAGTGGTACTT-1	Myeloid	6
GATCGTAGTGGTCGAA-1	Epithelial	2
GATCGTAGTTTCTTAC-1	Epithelial	8
GATCGTATCACAAGCT-1	B	0
GATCGTATCAGGCCGT-1	Myeloid	6
GATCGTATCCATAGGT-1	Epithelial	15
GATCGTATCTGGCGCA-1	T	5
GATGATCAGATTCCGT-1	Epithelial	18
GATGATCAGGGTATCG-1	T	5
GATGATCAGTAATCAG-1	Stromal	4
GATGATCAGTCCGATT-1	Epithelial	8
GATGATCAGTCGAGCA-1	Myeloid	6
GATGATCAGTCTCGAT-1	B	7
GATGATCAGTGAGTTA-1	B	7
GATGATCAGTTGCGCC-1	DC	10
GATGATCCACGGTTAT-1	Epithelial	8
GATGATCGTCCCTTTG-1	Epithelial	11
GATGATCGTGAGCTAG-1	Epithelial	11
GATGATCTCACCCGGA-1	Stromal	4
GATGATCTCCAGGTAT-1	Myeloid	6
GATGATCTCCCACTTG-1	Epithelial	1
GATGATCTCCCGCAAG-1	Myeloid	14
GATGATCTCTATCTCA-1	Epithelial	16
GATGGCCAGCCATGGA-1	Epithelial	2
GATGGCCAGGAAGAAC-1	Epithelial	2
GATGGCCAGGTGATGC-1	Epithelial	1
GATGGCCAGTAGTGTA-1	Epithelial	16
GATGGCCCAACGCACC-1	T	5
GATGGCCCAGTAACCT-1	Epithelial	3
GATGGCCCATCACAGT-1	B	7
GATGGCCCATGGTTTG-1	B	7
GATGGCCCATTAGCAC-1	Epithelial	1
GATGGCCGTAACTCCA-1	Epithelial	19
GATGGCCGTATGAAGT-1	B	13
GATGGCCGTATTCGCA-1	Stromal	9
GATGGCCTCAGATACC-1	Epithelial	2
GATGGCCTCATGTTCT-1	T	5
GATGGCCTCCGGGCAT-1	Epithelial	16
GATGGCCTCGACTGGC-1	B	17
GATGGCCTCGGTTGTA-1	Epithelial	18
GATGGCCTCGTGGAAG-1	Myeloid	6
GATTAGCAGGTGTTGG-1	DC	10
GATTAGCAGTCGGGAT-1	Stromal	4
GATTAGCAGTGTGTAA-1	B	7
GATTAGCCAGCAACGA-1	T	5
GATTAGCCATAGCAGG-1	Epithelial	15
GATTAGCCATATACGC-1	T	5
GATTAGCCATGCTATG-1	Epithelial	19
GATTAGCGTCAACTGT-1	Epithelial	18
GATTAGCGTCATCGTA-1	Epithelial	3
GATTAGCGTCGAGAAC-1	Epithelial	8
GATTAGCGTGTGAGGT-1	B	7
GATTAGCTCAGGATCT-1	Epithelial	11
GATTAGCTCCTTTGCG-1	Epithelial	2
GATTGACAGCGATACG-1	T	5
GATTGACAGGATGCCA-1	B	7
GATTGACCAACTCAAC-1	Epithelial	3
GATTGACCACATTCTT-1	T	5
GATTGACCATTACTCT-1	Myeloid	6
GATTGACCATTCACGA-1	Epithelial	2
GATTGACGTCACAGTT-1	B	0
GATTGACGTCCATTGA-1	Epithelial	8
GATTGACGTCTGTGTA-1	Epithelial	8
GATTGACGTTCCGCGA-1	Myeloid	6
GATTGACGTTCCGGCA-1	Epithelial	11
GATTGACTCCCAGCAG-1	Epithelial	8
GATTGACTCTCTTCCT-1	Epithelial	19
GCAAAGGAGCCGCTGT-1	Epithelial	18
GCAAAGGCAAGCCTTA-1	B	13
GCAAAGGCAATTCGTG-1	T	5
GCAAAGGCACACATGT-1	B	7
GCAAAGGCAGGAGCAT-1	DC	10
GCAAAGGGTTAACTCG-1	Epithelial	19
GCAAAGGTCATGTTCT-1	Epithelial	3
GCAAAGGTCCGGCTGA-1	B	7
GCAACCGAGATACCAA-1	T	5
GCAACCGAGTTCGCGC-1	Myeloid	6
GCAACCGCAACTAGAA-1	Epithelial	8
GCAACCGCAGCAACGA-1	Myeloid	6
GCAACCGCAGGGTACA-1	DC	10
GCAACCGCAGTTGCAT-1	Stromal	4
GCAACCGGTAACATAG-1	B	17
GCAACCGGTAACGTAA-1	Epithelial	15
GCAACCGGTACCAAGG-1	Epithelial	11
GCAACCGGTGTGTGTT-1	DC	10
GCAACCGTCAACACGT-1	Myeloid	14
GCAACCGTCCACACCT-1	Epithelial	18
GCAACCGTCGTCAACA-1	Epithelial	1
GCACCTTAGACGAAAG-1	T	5
GCACCTTAGCTATCCA-1	Epithelial	16
GCACCTTAGTTCGTTG-1	Epithelial	18
GCACCTTGTACGGAGT-1	Epithelial	11
GCACCTTGTATCAGCT-1	Epithelial	1
GCACCTTGTATCATGC-1	DC	10
GCACCTTTCCATTGTT-1	T	5
GCACCTTTCGCACAAT-1	Epithelial	8
GCACCTTTCGCCAGAC-1	Epithelial	11
GCACGCAAGCTATCGT-1	Epithelial	3
GCACGCAAGGATCCTT-1	Stromal	9
GCACGCAAGGATGCCA-1	Epithelial	8
GCACGCAAGGGACGTT-1	Epithelial	8
GCACGCAAGTCACACT-1	Epithelial	11
GCACGCAAGTGATATG-1	B	17
GCACGCACAATCCATG-1	T	5
GCACGCACACATTGCA-1	Epithelial	19
GCACGCACATCAGAAA-1	Epithelial	8
GCACGCACATTAGCCA-1	Epithelial	18
GCACGCAGTATTCTTC-1	Epithelial	8
GCACGCAGTGAGTAAT-1	B	0
GCACGCAGTTTCACCC-1	Epithelial	19
GCACGCATCCATACGA-1	Myeloid	6
GCACGCATCGGGAATG-1	B	0
GCACGCATCTCCACTG-1	Epithelial	16
GCACGGTAGAAGGGCG-1	B	7
GCACGGTAGACCCATT-1	Epithelial	1
GCACGGTCACGTTAGT-1	B	0
GCACGGTCACTGATTG-1	Epithelial	16
GCACGGTCAGGCAGAT-1	Epithelial	3
GCACGGTCATCAGCTA-1	Epithelial	3
GCACGGTCATCGGCTG-1	Epithelial	3
GCACGGTCATGCTATG-1	Epithelial	16
GCACGGTGTATTCGCA-1	Epithelial	18
GCACGGTGTCTAAGAA-1	Epithelial	11
GCACGGTGTTGTGACT-1	Epithelial	19
GCACGGTTCCGGACTG-1	Epithelial	15
GCACGGTTCGGTAGGA-1	Epithelial	3
GCACGGTTCGGTGATT-1	T	5
GCACGGTTCTATTTCG-1	B	17
GCAGATTAGAAGCCGT-1	Epithelial	3
GCAGATTAGCTGCTCG-1	Epithelial	8
GCAGATTAGGGACGTT-1	Epithelial	2
GCAGATTAGGGTATCG-1	T	5
GCAGATTAGGTTCGAG-1	Epithelial	8
GCAGATTAGTCTGGGA-1	Myeloid	6
GCAGATTCATCCCTTG-1	Epithelial	16
GCAGATTGTCACATTG-1	B	13
GCAGATTTCAGATACC-1	Epithelial	12
GCAGATTTCAGTCAAC-1	Epithelial	8
GCAGATTTCCAAACCA-1	B	7
GCAGATTTCCGTTTCG-1	B	0
GCAGATTTCCTTTGCG-1	B	7
GCAGATTTCTGTCGGG-1	B	0
GCAGCCAAGAGCAGCT-1	Epithelial	12
GCAGCCAAGCGAGCTA-1	Epithelial	15
GCAGCCAAGCGTCTGC-1	B	7
GCAGCCAAGCTAGCAG-1	Myeloid	14
GCAGCCAAGGCAATTA-1	Epithelial	16
GCAGCCAAGGGAGATA-1	Epithelial	3
GCAGCCACAAAGGCCA-1	Epithelial	18
GCAGCCACAAGAGATT-1	Epithelial	16
GCAGCCACAATGGCAG-1	Epithelial	8
GCAGCCACACCCTTTG-1	Epithelial	2
GCAGCCACAGAATGCG-1	Epithelial	12
GCAGCCAGTAAGCCTT-1	Epithelial	19
GCAGCCAGTAGGTGAC-1	Epithelial	2
GCAGCCAGTTAACTCG-1	T	5
GCAGCCAGTTTGTAGC-1	B	0
GCAGCCAGTTTGTCTT-1	Epithelial	1
GCAGCCATCACATTCT-1	DC	10
GCAGCCATCCTGGAAT-1	Epithelial	19
GCAGCCATCTCTTCTC-1	Epithelial	11
GCAGCCATCTTCATAC-1	Epithelial	3
GCAGCTGAGCTGAGGT-1	Epithelial	11
GCAGCTGAGGAGGCGA-1	Epithelial	11
GCAGCTGAGTCTCGAT-1	Epithelial	16
GCAGCTGCAAGGAACC-1	Epithelial	18
GCAGCTGCAGGTAGCA-1	B	17
GCAGCTGCATTAGCAC-1	B	17
GCAGCTGGTCCTATTT-1	Stromal	4
GCAGCTGTCAAACCCA-1	T	5
GCAGCTGTCCACGGCA-1	Epithelial	1
GCAGCTGTCCTATCCG-1	Epithelial	1
GCAGCTGTCGCAAACT-1	Myeloid	6
GCATGATAGAGAGTAG-1	B	0
GCATGATAGGCAGTAC-1	Epithelial	11
GCATGATAGGTTGTTC-1	Epithelial	8
GCATGATCACTCCCAT-1	Stromal	9
GCATGATCATGATCGT-1	Epithelial	15
GCATGATGTGCTGGCT-1	Epithelial	3
GCATGATGTTAACTCG-1	Myeloid	14
GCATGATGTTGGCGAA-1	Stromal	4
GCATGATTCAGGGTTT-1	Epithelial	8
GCATGATTCCCAATGA-1	Epithelial	1
GCATGATTCCCATAGA-1	Epithelial	19
GCATGATTCGCATACA-1	Epithelial	8
GCATGATTCGGATGTT-1	Stromal	4
GCATTCCAGAAATTCG-1	B	13
GCATTCCAGCCCATGC-1	T	5
GCATTCCAGTACGACG-1	Myeloid	6
GCATTCCAGTCACGCC-1	Epithelial	3
GCATTCCAGTGCACAG-1	T	5
GCATTCCCAAGCCCTG-1	Stromal	4
GCATTCCCAATTCTCT-1	B	17
GCATTCCCATCGCTAA-1	B	7
GCATTCCCATCTGCAA-1	T	5
GCATTCCGTAGATGAT-1	Epithelial	18
GCATTCCGTAGCGAGT-1	Stromal	9
GCATTCCTCAGATACC-1	Epithelial	11
GCATTCCTCCTGACCT-1	Epithelial	18
GCATTCCTCTCTTCTC-1	Epithelial	15
GCATTGAAGAACGTTA-1	B	13
GCATTGAAGACAGTGC-1	Epithelial	18
GCATTGAAGCTATCCA-1	B	17
GCATTGAAGGTCTTTG-1	Epithelial	16
GCATTGAAGTCCCGCA-1	DC	10
GCATTGAAGTCGTACT-1	B	17
GCATTGACAAGTAATG-1	B	0
GCATTGACAATCCATG-1	B	7
GCATTGACAATGTGCT-1	DC	10
GCATTGACATCTCACC-1	Epithelial	19
GCATTGACATGGCCTG-1	Epithelial	12
GCATTGAGTGTTGGTT-1	Myeloid	6
GCATTGAGTTTCAGCA-1	T	5
GCATTGATCAAACCAC-1	Epithelial	2
GCATTGATCCATATCT-1	DC	10
GCATTGATCTAGCAGT-1	DC	10
GCCAGACAGAGGCAGG-1	Epithelial	18
GCCAGACAGGACTTTC-1	Epithelial	8
GCCAGACAGGCTTTAC-1	Epithelial	16
GCCAGACAGTAGGAAG-1	Epithelial	16
GCCAGACAGTTTACGC-1	Epithelial	16
GCCAGACGTCCGCTTT-1	Epithelial	18
GCCAGACGTGTCGTGC-1	Epithelial	11
GCCAGACGTTAGTAGA-1	Epithelial	3
GCCAGACTCAAAGTAG-1	T	5
GCCAGACTCCACGCTT-1	Epithelial	11
GCCAGACTCGTTCTAT-1	Epithelial	19
GCCAGCAAGATGGCAC-1	Epithelial	12
GCCAGCAAGTAGAAGG-1	Epithelial	8
GCCAGCAAGTGAGCAC-1	Epithelial	19
GCCAGCACAAGCGAAC-1	Epithelial	1
GCCAGCACATCGCCTT-1	B	17
GCCAGCAGTAACATAG-1	T	5
GCCAGCAGTAGAAAGG-1	Epithelial	16
GCCAGCAGTAGGTGAC-1	Stromal	9
GCCAGCAGTGAGCTAG-1	Epithelial	18
GCCAGCATCCTGACCT-1	Epithelial	19
GCCAGCATCGATCGCG-1	Stromal	4
GCCAGCATCGTTTGAG-1	Epithelial	8
GCCATAAAGAAGCCGT-1	Stromal	9
GCCATAAAGCGCATTT-1	Epithelial	2
GCCATAAAGCGTCTGC-1	Epithelial	12
GCCATAAAGCTCGTTA-1	Epithelial	11
GCCATAAAGTTGCGCC-1	Epithelial	16
GCCATAACAATCCATG-1	DC	10
GCCATAACACTCCACT-1	Epithelial	3
GCCATAACAGGCATCC-1	Epithelial	15
GCCATAACAGTAGGCA-1	T	5
GCCATAAGTACGTAAA-1	Epithelial	12
GCCATAAGTGCAAAGC-1	Epithelial	8
GCCATAAGTGGAGTGT-1	Epithelial	12
GCCATAAGTTATAGAG-1	Stromal	9
GCCATAATCAAGAGAT-1	Epithelial	19
GCCATAATCCATCATT-1	Myeloid	6
GCCATAATCGTGCTGG-1	B	7
GCCATAATCGTTCCGT-1	Epithelial	18
GCCCAGAAGAAAGCAG-1	Epithelial	11
GCCCAGAAGGATGCCA-1	B	0
GCCCAGAAGTCGTGAG-1	Epithelial	18
GCCCAGACAAGCGTCC-1	Epithelial	3
GCCCAGACATTGCACA-1	B	0
GCCCAGAGTAAGCCTT-1	B	0
GCCCAGAGTCAGTGTT-1	Epithelial	1
GCCCAGAGTGGAAAGA-1	Epithelial	8
GCCCAGAGTTCTACGA-1	Epithelial	18
GCCCAGATCATTCGGA-1	Epithelial	2
GCCCAGATCCATACCC-1	Epithelial	18
GCCCAGATCCTGGAAT-1	B	0
GCCCAGATCTGCGTCT-1	Epithelial	3
GCCCAGATCTGGCCAG-1	T	5
GCCCAGATCTTGTCAT-1	Epithelial	16
GCCCGAAAGAAATGGG-1	Epithelial	3
GCCCGAAAGAGGTCCA-1	Epithelial	12
GCCCGAAAGCGGACTA-1	Epithelial	11
GCCCGAAAGGACTAGC-1	Epithelial	3
GCCCGAAAGGCCTCGT-1	T	5
GCCCGAAAGGTACTCT-1	Epithelial	2
GCCCGAACAAAGGAAG-1	Epithelial	2
GCCCGAACAAGCGAAC-1	B	17
GCCCGAACAAGGTCGA-1	Epithelial	2
GCCCGAACACTCGCAG-1	T	5
GCCCGAACATCGCCTT-1	Epithelial	11
GCCCGAACATGGGAAC-1	Epithelial	18
GCCCGAAGTACGACCC-1	DC	10
GCCCGAAGTCCCGTGA-1	Epithelial	2
GCCCGAAGTGAGTCGA-1	Epithelial	18
GCCCGAATCACTCGGG-1	B	0
GCCCGAATCGGCTATA-1	Stromal	4
GCCCGAATCGGTTAGT-1	Epithelial	2
GCCCGAATCTATGAGC-1	Epithelial	15
GCCCGAATCTGAGTAC-1	B	17
GCCCGAATCTTCCACG-1	DC	10
GCCTACTAGACAGCTG-1	DC	10
GCCTACTAGCGGACTA-1	Epithelial	12
GCCTACTAGTAACACA-1	B	13
GCCTACTAGTGAGCTG-1	Myeloid	6
GCCTACTCAAGCGAAC-1	B	17
GCCTACTCAATGGTCT-1	Epithelial	8
GCCTACTCACAGCTTA-1	Myeloid	6
GCCTACTCATTACACG-1	T	5
GCCTACTGTCCTTCAC-1	DC	10
GCCTACTGTCTCGGGT-1	T	5
GCCTACTGTGGTGGTA-1	DC	10
GCCTACTTCAACGTGT-1	Epithelial	12
GCCTACTTCAGGAAGC-1	Epithelial	8
GCCTACTTCTGGCCAG-1	T	5
GCCTAGGAGAAAGCAG-1	B	7
GCCTAGGAGTATAGTG-1	Epithelial	3
GCCTAGGCACTGTCAA-1	Epithelial	3
GCCTAGGCACTTTGGA-1	Stromal	9
GCCTAGGCATGGAGGT-1	B	17
GCCTAGGGTAACCATC-1	Epithelial	3
GCCTAGGGTAATGTAG-1	Epithelial	8
GCCTAGGGTGCCCTAG-1	B	17
GCCTAGGGTTCATTTC-1	Epithelial	3
GCCTAGGGTTGCAGAG-1	B	17
GCCTAGGGTTTGCCCT-1	DC	10
GCCTAGGTCATTCGGA-1	Epithelial	2
GCCTAGGTCCTATCAT-1	T	5
GCCTAGGTCTTACTCA-1	T	5
GCGAGAAAGAACTCCT-1	Epithelial	19
GCGAGAAAGAAGACTT-1	Myeloid	14
GCGAGAAAGCATTCCA-1	Epithelial	2
GCGAGAAAGTCCCGCA-1	Epithelial	8
GCGAGAACAAAGCTGG-1	T	5
GCGAGAACAACGTCGC-1	T	5
GCGAGAACAATCCATG-1	Epithelial	18
GCGAGAACAATGTGCT-1	Epithelial	8
GCGAGAACAGGACTGA-1	Epithelial	2
GCGAGAACAGTTCGGC-1	Epithelial	8
GCGAGAACATCCCGGA-1	Myeloid	6
GCGAGAACATCGAGTT-1	Epithelial	12
GCGAGAACATTGCACA-1	B	17
GCGAGAAGTATGCTAC-1	Myeloid	6
GCGAGAAGTCCATTGA-1	Epithelial	16
GCGAGAAGTGACCAGA-1	Epithelial	8
GCGAGAAGTGATAACA-1	Myeloid	6
GCGAGAAGTGGAGTGT-1	DC	10
GCGAGAAGTTCTTTGT-1	T	5
GCGAGAATCGGATAAA-1	Epithelial	18
GCGAGTCAGAGGTCCA-1	T	5
GCGAGTCAGATCACCT-1	Epithelial	8
GCGAGTCAGCGCCTAC-1	T	5
GCGAGTCAGGCTTAAA-1	Epithelial	16
GCGAGTCAGGTCCTCG-1	Stromal	4
GCGAGTCAGTGAATAC-1	Epithelial	2
GCGAGTCAGTGTCGGA-1	Epithelial	18
GCGAGTCCAGTAACCT-1	B	17
GCGAGTCGTAAACGAT-1	Epithelial	1
GCGAGTCGTATGCTAC-1	Myeloid	6
GCGAGTCGTCACAGTT-1	Epithelial	12
GCGAGTCGTCAGCAAG-1	B	17
GCGAGTCGTGAAACAT-1	Epithelial	2
GCGAGTCTCTATCCTA-1	T	5
GCGAGTCTCTCGACAA-1	Myeloid	6
GCGATCGAGCGGACTA-1	Epithelial	12
GCGATCGAGGGAGTTC-1	DC	10
GCGATCGAGTCGAGCA-1	DC	10
GCGATCGCAAGGTTCT-1	Epithelial	16
GCGATCGGTAAACCCT-1	Epithelial	12
GCGATCGTCAACGTGT-1	Myeloid	6
GCGATCGTCCGCGATG-1	Epithelial	8
GCGATCGTCCTAAAGC-1	Epithelial	11
GCGATCGTCTGGCGCA-1	Epithelial	8
GCGATCGTCTTAAGCG-1	T	5
GCGATTAAGACACGGT-1	Epithelial	11
GCGATTAAGAGAGTTT-1	Epithelial	11
GCGATTAAGGGTTCTT-1	Myeloid	6
GCGATTAAGTTCCAGT-1	Epithelial	3
GCGATTACAAAGAAGG-1	Epithelial	18
GCGATTACAAGGAAGA-1	B	13
GCGATTACACCATTCC-1	Epithelial	3
GCGATTACACTAAACC-1	T	5
GCGATTACACTGTTAG-1	Epithelial	18
GCGATTACATCCGTGG-1	Epithelial	11
GCGATTACATGACTGT-1	Epithelial	1
GCGATTACATGGAGGT-1	Epithelial	16
GCGATTAGTACCTATG-1	Epithelial	8
GCGATTAGTACGAGAC-1	T	5
GCGATTAGTAGACACG-1	Epithelial	12
GCGATTAGTGGGTAGT-1	B	17
GCGATTAGTTGCAGCC-1	DC	10
GCGATTATCCAGGGAA-1	Epithelial	18
GCGATTATCCATATCT-1	T	5
GCGATTATCGTGTGCG-1	T	5
GCGCATGAGAGCTACG-1	Epithelial	11
GCGCATGAGGAAGGTA-1	Stromal	4
GCGCATGAGGAGTAGA-1	Epithelial	8
GCGCATGAGTACGCGA-1	B	17
GCGCATGCAACGTAGG-1	Epithelial	3
GCGCATGCAACTTGGT-1	T	5
GCGCATGCAATTCGTG-1	Epithelial	8
GCGCATGCAGAGCCAA-1	Epithelial	19
GCGCATGCAGGATAGC-1	DC	10
GCGCATGCATTTAGGC-1	Epithelial	18
GCGCATGGTCAGTGCC-1	Epithelial	2
GCGCATGTCATGTTCT-1	Epithelial	15
GCGCATGTCCAAACCA-1	B	0
GCGCATGTCGGATAAA-1	Epithelial	12
GCGCATGTCGTCTAGA-1	Epithelial	16
GCGCATGTCTTCCACG-1	Epithelial	12
GCGCCAAAGACGTCAG-1	Epithelial	3
GCGCCAAAGGAGTCTG-1	Myeloid	6
GCGCCAAAGTTCAAGA-1	Stromal	4
GCGCCAACAGAGATGC-1	Epithelial	1
GCGCCAACATCGGCTG-1	Epithelial	16
GCGCCAAGTACTTCGA-1	Epithelial	18
GCGCCAAGTAGAAGCC-1	B	7
GCGCCAAGTCGAGGAT-1	B	17
GCGCCAAGTCTGGTCG-1	DC	10
GCGCCAAGTGGACAGT-1	B	13
GCGCCAATCAAAGTAG-1	T	5
GCGCCAATCCACACCT-1	Epithelial	15
GCGCCAATCCCGCAAG-1	Epithelial	3
GCGCCAATCTCCACTG-1	Stromal	4
GCGGAAAAGAAGACTT-1	Epithelial	2
GCGGAAAAGGTGTCGA-1	B	7
GCGGAAAAGTGATCTC-1	T	5
GCGGAAACAACATAAG-1	Epithelial	11
GCGGAAACAGATTAAG-1	T	5
GCGGAAACAGCGTACC-1	DC	10
GCGGAAACAGGCATTT-1	Myeloid	14
GCGGAAAGTGCAGACA-1	Epithelial	11
GCGGAAAGTTGCAGAG-1	Epithelial	1
GCGGAAAGTTGCAGCC-1	Stromal	9
GCGGAAATCACGTGTA-1	T	5
GCGGAAATCCTGGAAT-1	Epithelial	8
GCGGAAATCGTTGTAG-1	Epithelial	1
GCGGAAATCTTAAGCG-1	Epithelial	1
GCGGAAATCTTTATCG-1	Epithelial	11
GCGGGTTAGGAGGCGA-1	Stromal	4
GCGGGTTAGGGTCTGA-1	T	5
GCGGGTTAGTAACTCC-1	B	13
GCGGGTTAGTGAAACT-1	Epithelial	15
GCGGGTTAGTTACCAC-1	T	5
GCGGGTTAGTTCGTTG-1	Stromal	4
GCGGGTTCAAGCCAGA-1	Epithelial	2
GCGGGTTCAATCATCG-1	B	13
GCGGGTTCACTGTTAG-1	Stromal	9
GCGGGTTCATAGCAGG-1	Epithelial	12
GCGGGTTCATCTCTCG-1	Stromal	9
GCGGGTTCATTGCACA-1	T	5
GCGGGTTGTAAACCCT-1	Epithelial	18
GCGGGTTGTAGGTCTT-1	Myeloid	6
GCGGGTTGTCATCAAC-1	Epithelial	8
GCGGGTTGTCCTTATT-1	Myeloid	6
GCGGGTTTCTATTTCG-1	Epithelial	2
GCGGTGTAGAAGCCTG-1	Epithelial	3
GCGGTGTAGCGATACG-1	Epithelial	1
GCGGTGTAGGAAGAAC-1	Epithelial	19
GCGGTGTAGGAGTAGA-1	Epithelial	2
GCGGTGTAGGTAAGCC-1	T	5
GCGGTGTAGTATACGA-1	Epithelial	3
GCGGTGTCAAATGTCC-1	Epithelial	11
GCGGTGTCAACCTCCT-1	Epithelial	11
GCGGTGTCATCAGCTA-1	Myeloid	14
GCGGTGTGTCAGAGTG-1	Stromal	4
GCGGTGTGTTCTCGAA-1	B	0
GCGGTGTTCACCCGGA-1	Epithelial	15
GCGGTGTTCCCTACCA-1	Myeloid	14
GCGTAGCAGCATGATA-1	Epithelial	3
GCGTAGCAGGCTCAGA-1	Epithelial	2
GCGTAGCAGGTCTTGT-1	Epithelial	11
GCGTAGCCAAGGAGGG-1	Epithelial	19
GCGTAGCCAATGTGCT-1	Epithelial	2
GCGTAGCCACGTGAAG-1	Myeloid	6
GCGTAGCCATGGCCCA-1	B	17
GCGTAGCGTCTAAGAA-1	B	17
GCGTAGCGTGCTTACA-1	Epithelial	2
GCGTAGCGTTCAGTAC-1	Epithelial	11
GCGTAGCGTTGTCGGC-1	Epithelial	3
GCGTAGCTCGGATAGG-1	Epithelial	2
GCGTAGCTCGGGAAAC-1	Epithelial	3
GCGTTGGAGACCCATT-1	Epithelial	19
GCGTTGGAGTCGAAAT-1	B	0
GCGTTGGAGTCTGTGT-1	Epithelial	16
GCGTTGGAGTGTGTAA-1	B	17
GCGTTGGCAATGTGCT-1	Epithelial	18
GCGTTGGGTAAACGGC-1	Epithelial	2
GCGTTGGGTCCAAGAG-1	Epithelial	18
GCGTTGGGTCGCTACG-1	B	13
GCGTTGGGTGCAAAGC-1	Epithelial	12
GCGTTGGTCACCCTTG-1	Epithelial	11
GCGTTGGTCGATTACG-1	Myeloid	14
GCGTTGGTCGCTCTAC-1	Stromal	4
GCGTTGGTCTGACATG-1	B	13
GCGTTGGTCTTGCGCT-1	B	7
GCTCACTAGAATCAAC-1	B	0
GCTCACTAGATCGAGC-1	Epithelial	15
GCTCACTAGTTACCAC-1	T	5
GCTCACTCAAGCGTCC-1	Epithelial	19
GCTCACTCACTAAACC-1	Epithelial	11
GCTCACTCAGGGTACA-1	Epithelial	11
GCTCACTCAGTGCGAA-1	T	5
GCTCACTGTTGTATCG-1	B	7
GCTCACTTCCATCGAA-1	T	5
GCTCACTTCCTCCTGA-1	Epithelial	18
GCTCACTTCGGAGTTT-1	Epithelial	16
GCTCACTTCTGGCTAA-1	Epithelial	1
GCTCAGGAGAGGAATG-1	B	17
GCTCAGGAGAGGCAGG-1	B	13
GCTCAGGAGCACGTAG-1	Stromal	4
GCTCAGGAGGTTTCTG-1	Epithelial	19
GCTCAGGCAAGGAACC-1	Epithelial	1
GCTCAGGCAAGGAGGG-1	T	5
GCTCAGGCAAGGCGTA-1	T	5
GCTCAGGCAATGGCTT-1	Epithelial	2
GCTCAGGCATGATTGC-1	Epithelial	3
GCTCAGGGTACGCAAG-1	B	17
GCTCAGGGTGAATGTA-1	Stromal	4
GCTCAGGGTGGAAAGA-1	Myeloid	6
GCTCAGGTCAGCCGGT-1	Epithelial	8
GCTCAGGTCCGAGGAA-1	Epithelial	2
GCTCAGGTCGAAGCCC-1	Epithelial	2
GCTCAGGTCTCCCTTT-1	Epithelial	16
GCTCAGGTCTGTTTAC-1	Myeloid	14
GCTCAGGTCTTAAGCG-1	Epithelial	3
GCTCCTAAGACTAGGC-1	T	5
GCTCCTAAGCCCATGC-1	DC	10
GCTCCTAAGGCTAAAT-1	B	17
GCTCCTAAGTCGTGAG-1	Epithelial	2
GCTCCTAAGTGAGCTG-1	Epithelial	2
GCTCCTAAGTGTTCCA-1	Epithelial	2
GCTCCTACAACTCGAT-1	Epithelial	16
GCTCCTACACATTCTT-1	T	5
GCTCCTACAGCTATAC-1	Epithelial	11
GCTCCTACATGCGCTG-1	Epithelial	11
GCTCCTAGTAGTCCAT-1	B	13
GCTCCTAGTTTGTACG-1	Epithelial	11
GCTCCTATCAAGGCAG-1	Epithelial	8
GCTCCTATCGATCTTT-1	B	13
GCTCCTATCGCTAGTA-1	Epithelial	16
GCTCCTATCGGTCCGA-1	Epithelial	12
GCTCGAGAGAGAAGCA-1	Epithelial	16
GCTCGAGAGCCTTTGA-1	Epithelial	12
GCTCGAGAGGAACCGT-1	Myeloid	14
GCTCGAGAGTCTTAGC-1	Epithelial	15
GCTCGAGCACGCGATC-1	DC	10
GCTCGAGCACGCGCAT-1	B	7
GCTCGAGCATAGAATG-1	Stromal	4
GCTCGAGGTAATGTAG-1	B	7
GCTGAGCAGATCCGAG-1	T	5
GCTGAGCAGATTAGAC-1	T	5
GCTGAGCAGCTGAAAT-1	Epithelial	16
GCTGAGCAGTGCCCTG-1	Epithelial	11
GCTGAGCAGTGTCGCC-1	Epithelial	8
GCTGAGCAGTTCTCCC-1	Epithelial	15
GCTGAGCAGTTGCTTG-1	T	5
GCTGAGCCAACCTCCT-1	Myeloid	14
GCTGAGCCAAGGGAGG-1	B	0
GCTGAGCCACAATAAG-1	Epithelial	16
GCTGAGCCAGGCAAGT-1	Epithelial	1
GCTGAGCCAGTAACCT-1	Epithelial	18
GCTGAGCCATAGTCCA-1	B	17
GCTGAGCGTAAACGAT-1	Epithelial	16
GCTGAGCTCAGATACC-1	Epithelial	16
GCTGAGCTCAGCACGC-1	Stromal	4
GCTGAGCTCCAACCTC-1	Epithelial	1
GCTGAGCTCCATGTTT-1	B	17
GCTGAGCTCCCAGCGA-1	Epithelial	2
GCTGAGCTCCTATCCG-1	T	5
GCTGAGCTCGCGTTCT-1	Epithelial	16
GCTGAGCTCGGGAATG-1	B	17
GCTGAGCTCTGTGTGA-1	Epithelial	1
GCTGCGAAGTTCGACT-1	DC	10
GCTGCGAGTGGTACTT-1	B	17
GCTGCGAGTTTCCACC-1	B	7
GCTGCGATCAATTGGC-1	B	0
GCTGCGATCTGTGTGA-1	B	0
GCTGTTCAGAACGTCG-1	B	13
GCTGTTCAGCAATGTA-1	B	7
GCTGTTCAGTACAACA-1	T	5
GCTGTTCCAAGCTTTG-1	Epithelial	18
GCTGTTCCACCCTTTG-1	Epithelial	8
GCTGTTCCACCTCGTT-1	Epithelial	3
GCTGTTCCACGGCCAT-1	Epithelial	8
GCTGTTCCAGCAACCC-1	Epithelial	1
GCTGTTCCATCAACTG-1	Epithelial	19
GCTGTTCGTAACACTC-1	Myeloid	6
GCTGTTCGTCACAGGA-1	Epithelial	11
GCTGTTCGTCTAAGAA-1	Epithelial	8
GCTGTTCGTTAACCAC-1	B	13
GCTGTTCGTTACCCAA-1	Stromal	4
GCTGTTCGTTACGCTA-1	T	5
GCTGTTCTCTTAAGCG-1	T	5
GCTTAAGAGAAGCCTG-1	Myeloid	14
GCTTAAGAGACTAGGC-1	Stromal	9
GCTTAAGAGCGTCAAG-1	Epithelial	19
GCTTAAGAGCTACGCC-1	Epithelial	18
GCTTAAGAGTAATCAG-1	B	7
GCTTAAGCAAGCAACG-1	Epithelial	18
GCTTAAGCACTAGGAG-1	Epithelial	11
GCTTAAGCAGGTAACG-1	Stromal	9
GCTTAAGGTACCAAGG-1	B	13
GCTTAAGGTATTCTCT-1	Epithelial	19
GCTTAAGGTGATAGAT-1	Stromal	4
GCTTAAGTCAAGGCCC-1	T	5
GCTTAAGTCAATCGTG-1	Myeloid	6
GCTTAAGTCATTGCCC-1	Myeloid	6
GCTTAAGTCGCTGATA-1	Epithelial	1
GCTTAAGTCGGTACTA-1	Myeloid	6
GCTTAAGTCTAGCAGT-1	B	13
GCTTAAGTCTTCATAC-1	B	7
GCTTGCTAGAACTCCT-1	Epithelial	16
GCTTGCTAGAGGTACC-1	B	13
GCTTGCTAGATCTAAG-1	Epithelial	11
GCTTGCTAGCGTCTGC-1	Stromal	4
GCTTGCTAGGACTTTC-1	Myeloid	6
GCTTGCTAGTCAGCCC-1	B	0
GCTTGCTCAACGCAAG-1	Epithelial	12
GCTTGCTCAAGATTAG-1	B	0
GCTTGCTCAGGACTGA-1	Epithelial	8
GCTTGCTCATACAACC-1	T	5
GCTTGCTGTAACCCAT-1	Epithelial	8
GCTTGCTTCAGTCACA-1	Epithelial	15
GCTTGCTTCGAGGTAG-1	Epithelial	16
GCTTGCTTCTCCCTTT-1	B	7
GCTTGCTTCTGTTTAC-1	B	13
GCTTGCTTCTTAATCC-1	Myeloid	6
GCTTTCGAGAGTGGAA-1	Stromal	9
GCTTTCGAGGCTTCGC-1	Epithelial	2
GCTTTCGAGTAATCAG-1	Epithelial	8
GCTTTCGCAAAGAAGG-1	Stromal	9
GCTTTCGCAAGGCTTT-1	Stromal	9
GCTTTCGCAGCAAACG-1	B	7
GCTTTCGCAGGCAAGT-1	Myeloid	6
GCTTTCGCATTGTTCT-1	T	5
GCTTTCGGTAGCATGG-1	Epithelial	18
GCTTTCGGTATTCTGG-1	Epithelial	11
GCTTTCGGTCAGCTTA-1	B	0
GCTTTCGGTCGTCGCA-1	Epithelial	8
GCTTTCGGTGTACGCC-1	Epithelial	8
GCTTTCGTCAGTGTGT-1	B	17
GCTTTCGTCCACTAGA-1	T	5
GGAACCCAGATGGGAA-1	Epithelial	18
GGAACCCAGTCGTGAG-1	T	5
GGAACCCAGTTACCAC-1	Epithelial	12
GGAACCCCAACTACTG-1	Stromal	9
GGAACCCCAAGTTCGT-1	Epithelial	8
GGAACCCCAATTCGTG-1	T	5
GGAACCCCACGGCCAT-1	Epithelial	12
GGAACCCCAGGCACAA-1	Epithelial	18
GGAACCCCATCATAGC-1	Stromal	9
GGAACCCGTGATAACA-1	Epithelial	2
GGAACCCGTTCCATCC-1	Epithelial	3
GGAACCCGTTGAATAG-1	DC	10
GGAACCCTCCAGAATC-1	Epithelial	3
GGAACCCTCCAGTACA-1	Epithelial	11
GGAACCCTCGCCAGAC-1	Epithelial	1
GGAACTTAGAGACTCG-1	Epithelial	3
GGAACTTCACTCCTCA-1	B	7
GGAACTTCAGTATACC-1	DC	10
GGAACTTTCGCCAGAC-1	Epithelial	11
GGAATCTAGATGAGGA-1	T	5
GGAATCTAGCGATACG-1	T	5
GGAATCTCAATGGCAG-1	B	0
GGAATCTCAGCGCGTT-1	B	7
GGAATCTCAGTTACAC-1	B	7
GGAATCTCATTGAACC-1	Epithelial	1
GGAATCTGTACCAAGG-1	Epithelial	3
GGAATCTGTCATAGCT-1	Epithelial	2
GGAATCTTCGCTATAG-1	Myeloid	14
GGAATCTTCTGGAAGG-1	Epithelial	18
GGAATCTTCTTAAGCG-1	Epithelial	11
GGACACCAGGCAAGGG-1	B	0
GGACACCAGGTACACG-1	Epithelial	3
GGACACCCAATTCAGC-1	Epithelial	15
GGACACCCACTGTAAC-1	Epithelial	12
GGACACCCAGTGGTCC-1	Myeloid	6
GGACACCGTCAGAAGC-1	Myeloid	6
GGACACCTCACTAGCA-1	Stromal	4
GGACACCTCAGGCGCT-1	Epithelial	2
GGACACCTCATCGCAA-1	T	5
GGACACCTCGATATGC-1	Epithelial	2
GGAGAACAGACTCGGA-1	B	0
GGAGAACAGAGACTCG-1	Epithelial	19
GGAGAACAGATCTAAG-1	B	13
GGAGAACAGGGCGAAG-1	Epithelial	2
GGAGAACAGGTCTTTG-1	Epithelial	15
GGAGAACAGTCACGCC-1	Epithelial	8
GGAGAACAGTCGTACT-1	DC	10
GGAGAACAGTGTAATG-1	B	13
GGAGAACCACCTATTT-1	B	0
GGAGAACCACGTTGTA-1	B	13
GGAGAACCAGTGCGAA-1	Epithelial	8
GGAGAACGTAAGTGCG-1	T	5
GGAGAACGTATTCGAC-1	T	5
GGAGAACGTATTCTTC-1	Stromal	4
GGAGAACGTTAGTAGA-1	Epithelial	2
GGAGAACGTTATGCAC-1	T	5
GGAGAACTCCCAGCAG-1	Epithelial	12
GGAGAACTCGATAGCT-1	B	0
GGAGGATAGTAATGTG-1	T	5
GGAGGATAGTGAGTTA-1	Epithelial	16
GGAGGATAGTTCGTTG-1	Epithelial	12
GGAGGATAGTTTACGC-1	Epithelial	8
GGAGGATCACCAAGGA-1	Epithelial	18
GGAGGATCACCACCAG-1	B	13
GGAGGATCAGCCACGT-1	Epithelial	12
GGAGGATCATGTGGGA-1	Epithelial	11
GGAGGATGTAACCCAT-1	Epithelial	19
GGAGGATGTTATGCAC-1	Myeloid	6
GGAGGATGTTCATTTC-1	Stromal	4
GGAGGATGTTTCCGGG-1	Epithelial	16
GGAGGATTCAGGCCGT-1	Epithelial	15
GGAGGATTCATCATGG-1	Epithelial	18
GGAGGATTCATCGCCT-1	T	5
GGAGGATTCCACGCTT-1	Epithelial	8
GGAGGATTCCTTCGAC-1	B	7
GGAGGATTCGACTTAG-1	Myeloid	14
GGAGGATTCTCTATTG-1	B	0
GGAGGATTCTGGAAGG-1	B	17
GGAGTAGAGATGTTGA-1	T	5
GGAGTAGCAACATAAG-1	Epithelial	19
GGAGTAGCAGGACCTC-1	Epithelial	3
GGAGTAGCAGTTGCAT-1	Epithelial	11
GGAGTAGGTATTGTCG-1	B	7
GGAGTAGGTCTGGTCG-1	B	0
GGAGTAGTCATTCATC-1	Epithelial	19
GGAGTAGTCCAGTTAG-1	Epithelial	2
GGAGTAGTCGCGGCAT-1	Myeloid	14
GGAGTAGTCGGGAAAC-1	Epithelial	19
GGAGTAGTCGTGGCGT-1	DC	10
GGAGTAGTCTCTGCAC-1	Epithelial	16
GGATAGGAGACCATAA-1	Epithelial	12
GGATAGGAGACCGCAA-1	Stromal	9
GGATAGGAGCGTATCT-1	T	5
GGATAGGCAAGGAACC-1	B	7
GGATAGGCAGGAGCAT-1	Epithelial	18
GGATAGGCAGTCCTGG-1	Epithelial	16
GGATAGGCAGTGGTCC-1	Epithelial	1
GGATAGGCATGCGCTG-1	Epithelial	2
GGATAGGGTCTCTGGG-1	Epithelial	8
GGATAGGGTGGTACTT-1	Epithelial	18
GGATAGGTCCGTGCAG-1	Epithelial	16
GGATAGGTCGCTTACC-1	Epithelial	2
GGATGAGAGAACCCGA-1	Epithelial	3
GGATGAGAGCCATGGA-1	T	5
GGATGAGAGTAGTGTA-1	T	5
GGATGAGCAAACCCTA-1	B	17
GGATGAGCAACGTAGG-1	Epithelial	8
GGATGAGCAACGTCCG-1	Epithelial	1
GGATGAGCACAGTTAC-1	Epithelial	18
GGATGAGCAGGCTACC-1	T	5
GGATGAGCATGCCTTC-1	T	5
GGATGAGGTAAACGGC-1	Epithelial	2
GGATGAGGTAACGGTG-1	DC	10
GGATGAGGTAGCTGTT-1	T	5
GGATGAGGTCCGAGCT-1	Myeloid	6
GGATGAGTCGTTCCGT-1	Myeloid	14
GGATGAGTCTCCACTG-1	DC	10
GGCACGTAGAGATTAC-1	DC	10
GGCACGTAGTCCTTCC-1	Epithelial	2
GGCACGTCAAAGCTTC-1	Myeloid	6
GGCACGTCAAGCCTTA-1	T	5
GGCACGTCAAGCGGTA-1	B	13
GGCACGTCAATCCATG-1	Epithelial	3
GGCACGTCAGTTGGAG-1	Epithelial	18
GGCACGTCATCAGCTA-1	Epithelial	3
GGCACGTCATCGTACA-1	Epithelial	11
GGCACGTGTCCGAGCT-1	Epithelial	18
GGCACGTGTTGTATCG-1	B	0
GGCACGTTCAGCCGGT-1	Epithelial	15
GGCACGTTCCACACCT-1	B	7
GGCATTAAGAACGCCA-1	Epithelial	11
GGCATTAAGAACGTTA-1	T	5
GGCATTAAGTGTAATG-1	Epithelial	8
GGCATTACAACAAACA-1	Epithelial	18
GGCATTACACAAGGGT-1	Stromal	9
GGCATTACACTAAACC-1	B	0
GGCATTACACTCGGAC-1	Myeloid	14
GGCATTACATCGACCG-1	Epithelial	3
GGCATTAGTAGCAGCA-1	Myeloid	6
GGCATTAGTCTGGATT-1	Stromal	9
GGCATTAGTGACCAGA-1	B	7
GGCATTAGTTAGCTCA-1	Epithelial	11
GGCATTATCCAGTTAG-1	Epithelial	15
GGCATTATCGGGAATG-1	Myeloid	14
GGCATTATCTCTATTG-1	Epithelial	1
GGCATTATCTTGTGCC-1	DC	10
GGCGAAAAGACCGCAA-1	T	5
GGCGAAAAGTAGGTCG-1	Epithelial	18
GGCGAAACATCCCGGA-1	Epithelial	1
GGCGAAATCCCTACCA-1	Epithelial	19
GGCGTTGAGATGCGAC-1	Epithelial	2
GGCGTTGAGCGCGTTC-1	Epithelial	12
GGCGTTGAGCTTTCCC-1	B	7
GGCGTTGAGTAGTCGG-1	Epithelial	3
GGCGTTGCAACTCGTA-1	B	0
GGCGTTGCAAGCGACA-1	T	5
GGCGTTGCATCGGCTG-1	Epithelial	3
GGCGTTGGTAAGTCTC-1	Epithelial	2
GGCGTTGGTGATAAGT-1	Stromal	9
GGCGTTGGTGTACGCC-1	Myeloid	6
GGCGTTGTCAGATACC-1	Epithelial	2
GGCGTTGTCAGTGTGT-1	Epithelial	3
GGCGTTGTCCAGCACG-1	Stromal	9
GGCGTTGTCCATACCC-1	Epithelial	16
GGCGTTGTCCTCCAGT-1	Epithelial	11
GGCGTTGTCCTTACGC-1	B	0
GGCGTTGTCGCCTTAC-1	Epithelial	8
GGCGTTGTCTCCTTAA-1	Epithelial	12
GGCGTTGTCTTACCTA-1	Epithelial	11
GGGAACAAGTAACATG-1	Epithelial	8
GGGAACAAGTAGTGTA-1	T	5
GGGAACACAAATGTCC-1	Stromal	4
GGGAACACAACGAGGT-1	Epithelial	18
GGGAACACAGCAAACG-1	Stromal	9
GGGAACACAGGCAAGT-1	Epithelial	8
GGGAACAGTACAAGCG-1	B	0
GGGAACAGTCAATACC-1	Epithelial	16
GGGAACAGTGGACTGA-1	Epithelial	2
GGGAACAGTTAACTCG-1	Stromal	4
GGGAACAGTTCTTTGT-1	Epithelial	19
GGGAACATCAAGAGAT-1	Epithelial	1
GGGAACATCACATTCT-1	Epithelial	2
GGGAACATCAGCACGC-1	T	5
GGGAACATCTCTATTG-1	Epithelial	12
GGGAACATCTTACGGA-1	Epithelial	18
GGGACCTAGAAGAGTG-1	B	17
GGGACCTAGAAGCCGT-1	Epithelial	15
GGGACCTAGATATGAC-1	Myeloid	14
GGGACCTAGCACGTAG-1	Epithelial	18
GGGACCTAGCGCACAA-1	Epithelial	16
GGGACCTAGCTCCGGT-1	B	17
GGGACCTAGTATAGTG-1	Epithelial	2
GGGACCTCAATCCATG-1	Epithelial	11
GGGACCTCACTGAAGG-1	DC	10
GGGACCTCAGCAGGTA-1	Epithelial	18
GGGACCTCAGGATAGC-1	T	5
GGGACCTCAGTAACCT-1	Epithelial	3
GGGACCTGTAAACGGC-1	B	13
GGGACCTGTACTTCAG-1	Stromal	9
GGGACCTGTCGTCGCA-1	Epithelial	11
GGGACCTTCAACACGT-1	Epithelial	8
GGGACCTTCGATAGCT-1	Myeloid	6
GGGACCTTCTATAGGC-1	Myeloid	6
GGGACCTTCTTAACGG-1	Myeloid	14
GGGCCATAGTAACACA-1	Epithelial	3
GGGCCATCAATAGTGA-1	Stromal	4
GGGCCATCAATGAAAC-1	Epithelial	1
GGGCCATCACCTGTGG-1	Epithelial	3
GGGCCATCATGGGAAC-1	B	7
GGGCCATGTAACGTAA-1	B	0
GGGCCATGTAGTGATA-1	Epithelial	3
GGGCCATGTGAGTTGG-1	T	5
GGGCCATGTGCTGTCG-1	Epithelial	1
GGGCCATTCCCTAAAG-1	T	5
GGGCCATTCGACTATG-1	T	5
GGGCCATTCGGAGTTT-1	B	7
GGGCCATTCGTCGCAG-1	Stromal	9
GGGTCTGAGAAGGGCG-1	Epithelial	2
GGGTCTGAGAATACTG-1	Epithelial	11
GGGTCTGAGGGTAATT-1	Myeloid	6
GGGTCTGAGGTCACTT-1	Epithelial	18
GGGTCTGCAATTGTGC-1	Epithelial	19
GGGTCTGGTATCTGCA-1	Epithelial	16
GGGTCTGGTCAGTGTT-1	Epithelial	3
GGGTCTGGTCGTCGCA-1	Epithelial	8
GGGTCTGGTGCCCTAG-1	DC	10
GGGTCTGGTTAGGAGC-1	Epithelial	11
GGGTCTGGTTGTGAGG-1	Stromal	9
GGGTCTGGTTTAAGCC-1	Epithelial	8
GGGTCTGTCACCCTTG-1	B	7
GGGTCTGTCACCGCGA-1	B	17
GGGTCTGTCTGTGTGA-1	DC	10
GGGTGTCAGAGAAGCA-1	T	5
GGGTGTCAGCGTTAGG-1	Epithelial	16
GGGTGTCAGTGAGCAC-1	Epithelial	11
GGGTGTCAGTTATGAG-1	Epithelial	11
GGGTGTCCAAAGCATA-1	Stromal	4
GGGTGTCCAGATGGCA-1	Epithelial	3
GGGTGTCCATAGACGG-1	Epithelial	15
GGGTGTCCATGATCGT-1	Epithelial	12
GGGTGTCTCGTCTTAT-1	Epithelial	8
GGGTTATAGACGCCAA-1	Epithelial	19
GGGTTATAGAGGCCTA-1	B	0
GGGTTATAGTCCGGAA-1	Epithelial	18
GGGTTATAGTTGCTTG-1	Epithelial	19
GGGTTATCAACTGCGC-1	B	7
GGGTTATCAAGACTTC-1	Myeloid	6
GGGTTATCAAGATGCG-1	T	5
GGGTTATCAAGCGAAC-1	Epithelial	18
GGGTTATCACAGCTTA-1	Epithelial	11
GGGTTATCACGTTAGT-1	Epithelial	12
GGGTTATCATACCCGG-1	B	13
GGGTTATGTACGCCCA-1	Epithelial	1
GGGTTATGTCACAGGA-1	DC	10
GGGTTATGTGCGTTTA-1	Epithelial	16
GGGTTATGTGCTTCCT-1	Epithelial	19
GGGTTATGTGTTGGTT-1	Epithelial	3
GGGTTATTCCCGGGTA-1	Epithelial	18
GGGTTATTCGAGAAGC-1	B	17
GGGTTATTCTGTTGCC-1	Epithelial	1
GGTACCGAGGGCTCTC-1	B	7
GGTACCGAGTCCCTCT-1	Epithelial	8
GGTACCGAGTGAATAC-1	Epithelial	18
GGTACCGCAAACGACG-1	Stromal	4
GGTACCGCAAATTCCG-1	Epithelial	12
GGTACCGCACCACGAC-1	Epithelial	8
GGTACCGGTACGCCCA-1	Epithelial	3
GGTACCGGTATTGTGC-1	Myeloid	14
GGTACCGGTCAGCAAG-1	Epithelial	18
GGTACCGGTCGAGGTA-1	Epithelial	19
GGTACCGGTGGCATAG-1	Epithelial	18
GGTACCGGTTGTGAGG-1	B	13
GGTACCGTCGCCGAAC-1	Myeloid	6
GGTACCGTCGTGAACT-1	Epithelial	2
GGTAGGAAGAGCGGTT-1	Epithelial	12
GGTAGGACAAGATTAG-1	DC	10
GGTAGGACACGTACAT-1	Epithelial	8
GGTAGGACAGCGCGTT-1	B	7
GGTAGGATCATCGCTC-1	Epithelial	19
GGTAGGATCGGGAATG-1	B	0
GGTAGGATCGTGAGTT-1	B	7
GGTCATAAGATGCGAC-1	Stromal	4
GGTCATAAGTCGGGAT-1	Stromal	9
GGTCATAAGTTCGCGC-1	B	7
GGTCATACAATGGCAG-1	T	5
GGTCATACACAAGGGT-1	Epithelial	1
GGTCATACACAGAAGC-1	Epithelial	3
GGTCATACACCACAGC-1	T	5
GGTCATACAGCTGATT-1	T	5
GGTCATAGTCATAAGA-1	Epithelial	8
GGTCATAGTTCAGTTG-1	Epithelial	2
GGTCATATCAGAACGG-1	T	5
GGTCATATCCTATCCG-1	Epithelial	11
GGTCATATCGCTCGGA-1	Epithelial	2
GGTCATATCGGAAAGC-1	Myeloid	14
GGTGAAGAGAAATACC-1	Stromal	4
GGTGAAGAGAACGTCG-1	Myeloid	6
GGTGAAGAGACGCCAA-1	Epithelial	18
GGTGAAGAGTCGATAA-1	Stromal	4
GGTGAAGCAAGGAGGG-1	Epithelial	8
GGTGAAGCATGGATGG-1	Stromal	4
GGTGAAGGTAACGTAA-1	B	17
GGTGAAGGTGAATACA-1	Epithelial	15
GGTGAAGGTGTCCCAG-1	Epithelial	2
GGTGAAGGTTAAGGGC-1	Epithelial	11
GGTGAAGGTTGCAGCC-1	B	17
GGTGAAGGTTGTCGGC-1	Myeloid	14
GGTGCTGAGAATGCTA-1	Epithelial	3
GGTGCTGAGCAGAAAG-1	Stromal	9
GGTGCTGAGTGAGCTG-1	B	7
GGTGCTGCAAGTAATG-1	Epithelial	3
GGTGCTGCAGGTTATC-1	Epithelial	1
GGTGCTGGTAAAGGCC-1	Stromal	4
GGTGCTGGTCAACTAC-1	Epithelial	18
GGTGCTGGTCACTCTC-1	Epithelial	3
GGTGCTGGTCTGGTTA-1	Epithelial	8
GGTGCTGGTGCGTAGA-1	B	7
GGTGCTGGTTCCAATG-1	Epithelial	2
GGTGCTGTCTCTATTG-1	Epithelial	3
GGTGCTGTCTGTGTGA-1	Myeloid	6
GGTGCTGTCTTCCAGC-1	T	5
GGTGTCGAGAAGCCTG-1	Myeloid	6
GGTGTCGAGACCTATC-1	T	5
GGTGTCGAGAGCACTG-1	Epithelial	8
GGTGTCGAGCCGCAAA-1	B	7
GGTGTCGAGGCAAGGG-1	DC	10
GGTGTCGAGTAATGTG-1	Epithelial	8
GGTGTCGCAAACTACC-1	T	5
GGTGTCGCAATGATGA-1	Epithelial	3
GGTGTCGCACGTTGTA-1	Epithelial	8
GGTGTCGCATGGCCGT-1	DC	10
GGTGTCGCATTCACCC-1	Epithelial	11
GGTGTCGGTGGACCAA-1	Epithelial	16
GGTGTCGTCATCATGG-1	Epithelial	19
GGTGTCGTCATTGCCC-1	Myeloid	6
GGTGTCGTCTGGCCAG-1	Stromal	4
GGTTGCGCAATACTGC-1	Epithelial	3
GGTTGCGCATGGGTGA-1	B	0
GGTTGCGGTGTAGGAC-1	B	0
GGTTGCGGTTGGACGA-1	T	5
GGTTGCGGTTGTCGGC-1	T	5
GGTTGCGTCCAGGTAT-1	Stromal	9
GGTTGCGTCTTACTCA-1	Epithelial	8
GTAATCGAGAACGTCG-1	B	7
GTAATCGAGTACGCGA-1	Epithelial	11
GTAATCGCAATCCATG-1	B	0
GTAATCGCAGAACAGC-1	Epithelial	18
GTAATCGCAGGGAGTT-1	Epithelial	18
GTAATCGGTAGAAGCC-1	B	7
GTAATCGGTCCCTTTG-1	Epithelial	18
GTAATCGGTTAGCTCA-1	Epithelial	8
GTAATCGTCCATCTAT-1	Epithelial	2
GTAATCGTCCCACTTG-1	T	5
GTAATCGTCCTGTAGA-1	DC	10
GTAATCGTCGCACCTT-1	Epithelial	1
GTACTTTAGACTTGAA-1	T	5
GTACTTTAGAGAGTTT-1	Epithelial	3
GTACTTTAGCAGGACT-1	Epithelial	16
GTACTTTAGGAAACTT-1	Epithelial	11
GTACTTTAGGATGTAT-1	Stromal	4
GTACTTTCAAGTAACA-1	Epithelial	2
GTACTTTGTCCACCAG-1	DC	10
GTACTTTGTCGTAGTT-1	Epithelial	1
GTAGACTAGCGTCTGC-1	Epithelial	15
GTAGACTAGGAGTAGA-1	B	0
GTAGACTAGTAGGTCG-1	Epithelial	2
GTAGACTAGTATACGA-1	Epithelial	12
GTAGACTCAAATAGTG-1	Epithelial	16
GTAGACTCAAGTAATG-1	Epithelial	12
GTAGACTCACACACAT-1	Epithelial	16
GTAGACTCACTCAGCG-1	Epithelial	8
GTAGACTCACTCGCAG-1	T	5
GTAGACTCATCAGAAA-1	Epithelial	19
GTAGACTCATCATAGC-1	B	13
GTAGACTGTACGACCC-1	Stromal	4
GTAGACTGTCCGTCGA-1	Epithelial	8
GTAGACTGTGCAAGCA-1	B	7
GTAGACTGTTTGTGAC-1	Epithelial	11
GTAGGAGAGAGGAAGT-1	Stromal	4
GTAGGAGAGGTTTCTG-1	T	5
GTAGGAGAGTCCTTCC-1	B	17
GTAGGAGAGTTGCCGC-1	Epithelial	12
GTAGGAGCAAATTCCG-1	B	0
GTAGGAGCAGGCAGAT-1	Myeloid	6
GTAGGAGCATGATTGC-1	Epithelial	15
GTAGGAGCATTACTCT-1	B	17
GTAGGAGGTAGTAACA-1	Epithelial	11
GTAGGAGGTATCTAGC-1	B	7
GTAGGAGGTATCTGCA-1	Epithelial	11
GTAGGAGGTCATTGGT-1	B	17
GTAGGAGTCACCACAA-1	Epithelial	18
GTAGGAGTCGGTTCCT-1	Epithelial	12
GTAGTACAGCCATTCA-1	Epithelial	1
GTAGTACAGGGTTCTT-1	Myeloid	6
GTAGTACAGTCAACTC-1	Epithelial	2
GTAGTACCACACATGT-1	T	5
GTAGTACCACACTAGT-1	Epithelial	8
GTAGTACCACGCTAAT-1	Epithelial	3
GTAGTACGTACGGATG-1	Epithelial	15
GTAGTACGTCAACTAC-1	B	13
GTAGTACGTCACATTG-1	T	5
GTAGTACGTTGCAGAG-1	T	5
GTAGTACTCCCAATAG-1	Epithelial	12
GTAGTACTCGGGACAA-1	Epithelial	12
GTCACAAAGCAGAGCT-1	DC	10
GTCACAAAGGGACGTT-1	Epithelial	11
GTCACAACAAAGCTTC-1	T	5
GTCACAACAACGCACC-1	T	5
GTCACAACACGGCCAT-1	Epithelial	8
GTCACAACAGTAGTCT-1	Epithelial	11
GTCACAACATTTAGGC-1	Epithelial	2
GTCACAAGTAAAGGCC-1	Epithelial	12
GTCACAAGTATTCGCA-1	T	5
GTCACAAGTCAGAAGC-1	Myeloid	6
GTCACAAGTCCAGACC-1	Epithelial	16
GTCACAAGTCGCTACG-1	Epithelial	11
GTCACAAGTCTGATTG-1	T	5
GTCACAATCCCAGCAG-1	T	5
GTCACCTAGATGAGGA-1	Epithelial	12
GTCACCTAGTTCCCGG-1	B	7
GTCACCTCAACAAACA-1	Epithelial	16
GTCACCTCACTGCTCT-1	Epithelial	8
GTCACCTCAGGTAACG-1	DC	10
GTCACCTCAGGTAGGT-1	Stromal	9
GTCACCTCATTTGGTG-1	Epithelial	8
GTCACCTGTAGCAGGT-1	B	0
GTCACCTGTTACGGAG-1	DC	10
GTCACCTGTTCTTAGG-1	Epithelial	1
GTCACCTTCATTCTTG-1	Epithelial	8
GTCACCTTCCATACCC-1	Epithelial	1
GTCACCTTCGTGGTAT-1	Stromal	4
GTCACCTTCTAAACGC-1	Epithelial	3
GTCACCTTCTCCCTTT-1	Epithelial	3
GTCACCTTCTTATCAC-1	Stromal	4
GTCACGGAGCATGATA-1	Epithelial	18
GTCACGGAGGTTCGAG-1	Epithelial	18
GTCACGGCACAAACAA-1	T	5
GTCACGGCACCCATCT-1	T	5
GTCACGGCACTAGGAG-1	Epithelial	18
GTCACGGCAGAGTCGA-1	Epithelial	16
GTCACGGGTCCGCTTT-1	B	13
GTCACGGGTGATTCCA-1	Epithelial	11
GTCACGGGTGCTGGCT-1	Epithelial	11
GTCACGGGTGTGTGTT-1	Epithelial	18
GTCACGGGTTAGTAGA-1	Myeloid	14
GTCACGGTCAGCCGAC-1	Epithelial	2
GTCACGGTCCCACTAC-1	Epithelial	11
GTCACGGTCGAAGCCC-1	Epithelial	15
GTCACGGTCGGATGTT-1	Epithelial	2
GTCACTCAGAGAACCC-1	Epithelial	2
GTCACTCAGCAATAAC-1	Epithelial	18
GTCACTCAGCTACGCC-1	Epithelial	16
GTCACTCAGTCATACC-1	B	0
GTCACTCCAAGCCAGA-1	Epithelial	2
GTCACTCCAATCATCG-1	Epithelial	15
GTCACTCCAGTAGGCA-1	Epithelial	8
GTCACTCGTTCAGAAA-1	Epithelial	8
GTCACTCGTTGAATAG-1	Epithelial	8
GTCACTCTCAGTGTGT-1	T	5
GTCACTCTCGACCCGA-1	Epithelial	16
GTCACTCTCGATGTGT-1	T	5
GTCACTCTCGGTCAGC-1	Epithelial	3
GTCACTCTCTTAAGCG-1	Epithelial	11
GTCCATCAGAAATGGG-1	Epithelial	18
GTCCATCAGAGCTGTG-1	Epithelial	15
GTCCATCAGATCGCCC-1	B	0
GTCCATCCAGCCACGT-1	Epithelial	3
GTCCATCCAGTCAGAG-1	Epithelial	8
GTCCATCGTGCACCCA-1	Epithelial	8
GTCCATCGTTCTTAGG-1	Epithelial	11
GTCGTAAAGGAAGAAC-1	Epithelial	16
GTCGTAAAGGGACGTT-1	Epithelial	18
GTCGTAAAGTCGTATC-1	Epithelial	18
GTCGTAACAAACCCTA-1	Myeloid	6
GTCGTAACAATGGCAG-1	Myeloid	14
GTCGTAACACGCGACT-1	T	5
GTCGTAACACTGTAAC-1	Epithelial	16
GTCGTAAGTCCAAGAG-1	DC	10
GTCGTAAGTCTAAGAA-1	B	17
GTCGTAAGTGATGTGG-1	Epithelial	11
GTCGTAAGTGGTCGAA-1	Epithelial	11
GTCGTAAGTTTGACCA-1	Epithelial	11
GTCGTAATCACATTCT-1	B	7
GTCGTAATCCCTAAAG-1	B	7
GTCGTAATCGGGACAA-1	Myeloid	6
GTCGTAATCTGCGTCT-1	Epithelial	3
GTCGTAATCTGGAAGG-1	Epithelial	2
GTCTACCAGCTCCGGT-1	Epithelial	15
GTCTACCAGGGTTCTT-1	Epithelial	8
GTCTACCCAAGCAATA-1	Epithelial	12
GTCTACCCAATGAAAC-1	Epithelial	11
GTCTACCCATCAACTG-1	T	5
GTCTACCCATTGTTCT-1	Epithelial	3
GTCTACCGTAATGTAG-1	Myeloid	6
GTCTACCGTAGCTGTT-1	Epithelial	2
GTCTACCTCAGCACGC-1	B	7
GTCTACCTCATTCGGA-1	Epithelial	18
GTCTACCTCGAGGTAG-1	B	13
GTCTACCTCGCTACCT-1	Epithelial	16
GTCTACCTCGGCAATT-1	Epithelial	15
GTCTACCTCGTGGCGT-1	Epithelial	3
GTGACATAGACCCTAT-1	Epithelial	11
GTGACATAGAGAGTAG-1	Epithelial	19
GTGACATAGATTGACA-1	Epithelial	18
GTGACATAGCCATCAT-1	B	7
GTGACATAGGCTGGAT-1	Epithelial	18
GTGACATAGGGTATCG-1	T	5
GTGACATAGGTACACG-1	B	0
GTGACATCAAGCCAGA-1	Epithelial	15
GTGACATCATGATCGT-1	Epithelial	19
GTGACATGTAACGGAC-1	B	17
GTGACATGTGGACGAT-1	Epithelial	15
GTGACATGTGGACTGA-1	Epithelial	12
GTGACATGTGTCGTGC-1	Epithelial	16
GTGACATGTTTGGATC-1	Epithelial	18
GTGACATTCACTAGGT-1	Epithelial	1
GTGATCAAGAGGAATG-1	Epithelial	12
GTGATCAAGAGGTGGG-1	Epithelial	8
GTGATCAAGTATCTGC-1	Epithelial	2
GTGATCACAACTTGGT-1	T	5
GTGATCACACAGGTAG-1	Epithelial	16
GTGATCACACGAACGA-1	Epithelial	16
GTGATCAGTTTGTAGC-1	Epithelial	15
GTGATCATCAACGTGT-1	B	13
GTGATCATCCCACTAC-1	Stromal	4
GTGATCATCGGTCCGA-1	B	7
GTGATCATCGTGGCGT-1	Epithelial	18
GTGCACGAGGGTCTGA-1	Stromal	4
GTGCACGAGTTCAAGA-1	Epithelial	2
GTGCACGCAACTAGAA-1	T	5
GTGCACGCAATGACTC-1	B	13
GTGCACGCACTGTTAG-1	Epithelial	8
GTGCACGGTCCACCAG-1	Epithelial	19
GTGCACGGTTAGAGAT-1	Epithelial	2
GTGCACGGTTTGCGAT-1	B	7
GTGCACGTCGCAACTA-1	B	7
GTGCACGTCGCCTTAC-1	B	0
GTGCCAGAGAGAATTC-1	T	5
GTGCCAGAGATGCGCA-1	Epithelial	12
GTGCCAGAGCTGCCAC-1	Stromal	9
GTGCCAGAGGGATCCA-1	Myeloid	6
GTGCCAGAGGTTAACA-1	Myeloid	14
GTGCCAGAGGTTCGAG-1	Epithelial	8
GTGCCAGAGTGTCGCC-1	Epithelial	2
GTGCCAGAGTTTACGC-1	Epithelial	2
GTGCCAGCAAAGAGAG-1	Epithelial	19
GTGCCAGCACACACAT-1	Epithelial	18
GTGCCAGCACTGATTG-1	Epithelial	11
GTGCCAGCAGATACAA-1	B	0
GTGCCAGCAGCGCGTT-1	Epithelial	15
GTGCCAGCATTAAGGA-1	Epithelial	15
GTGCCAGCATTTCTTG-1	B	0
GTGCCAGGTAACTGAA-1	T	5
GTGCCAGGTCGTAATC-1	Epithelial	19
GTGCCAGTCGCACCGA-1	Epithelial	11
GTGCCAGTCTATCTTG-1	Epithelial	2
GTGCCAGTCTTCAGAG-1	B	7
GTGCTGGAGAGGTACC-1	Epithelial	11
GTGCTGGAGATATGTG-1	Stromal	4
GTGCTGGAGCATTCCA-1	T	5
GTGCTGGAGCTGATTC-1	Epithelial	1
GTGCTGGAGGTTACAA-1	B	13
GTGCTGGCAAATAGTG-1	Stromal	9
GTGCTGGCAAATTCCG-1	Epithelial	16
GTGCTGGCACAAACGG-1	Epithelial	11
GTGCTGGCACGCGTTG-1	Epithelial	16
GTGCTGGCACTGGGCT-1	Epithelial	11
GTGCTGGGTGCTTCCT-1	Epithelial	18
GTGCTGGTCAAACCAC-1	Epithelial	12
GTGCTGGTCCAATCCC-1	Epithelial	8
GTGGATTAGCCATCAT-1	Epithelial	8
GTGGATTAGCGTTGCC-1	B	0
GTGGATTAGCTGAAAT-1	B	0
GTGGATTAGTACGCGA-1	Epithelial	11
GTGGATTCACTCCCAT-1	B	17
GTGGATTCATAGATAG-1	Epithelial	19
GTGGATTGTGCGTCCA-1	Epithelial	18
GTGGATTTCGATATGC-1	Myeloid	6
GTGGATTTCGGGACAA-1	Epithelial	2
GTGGATTTCTTCCGTG-1	B	7
GTGGCGTAGATCGAGC-1	T	5
GTGGCGTAGTGAATAC-1	Epithelial	11
GTGGCGTCAGAGAGAA-1	Stromal	4
GTGGCGTCATGCGCTG-1	Epithelial	16
GTGGCGTGTGCTGGCT-1	Epithelial	18
GTGGCGTTCACTACCC-1	Epithelial	16
GTGGCGTTCACTGGTA-1	T	5
GTGGCGTTCGAGAAGC-1	B	17
GTGGCGTTCGATATGC-1	Epithelial	2
GTGGCGTTCTTGTCAT-1	Epithelial	8
GTGGCGTTCTTTCGAT-1	T	5
GTGTCAAAGAAGCCGT-1	Epithelial	19
GTGTCAAAGACTCTTG-1	Epithelial	1
GTGTCAAAGCAATAAC-1	Stromal	9
GTGTCAAAGGCGCTTC-1	Stromal	9
GTGTCAAGTATTCTGG-1	Myeloid	14
GTGTCAAGTGATGTGG-1	Stromal	4
GTGTCAAGTTAAGGGC-1	Stromal	4
GTGTCAAGTTCCAATG-1	Epithelial	12
GTGTCAATCCAGAATC-1	Epithelial	2
GTGTCAATCCATATCT-1	Epithelial	19
GTGTCAATCTATACCT-1	Epithelial	18
GTGTCAATCTTACTCA-1	B	17
GTGTCCTAGAAATACC-1	Epithelial	2
GTGTCCTAGCCTTTGA-1	Epithelial	1
GTGTCCTAGCTCGTTA-1	Epithelial	16
GTGTCCTAGGATTTGA-1	Epithelial	18
GTGTCCTAGTGGACGT-1	Stromal	4
GTGTCCTCAAATTGAG-1	B	0
GTGTCCTCAGGTCCTG-1	T	5
GTGTCCTCAGTAAGCG-1	Myeloid	6
GTGTCCTGTAGTTTGC-1	DC	10
GTGTCCTGTGAAACAT-1	B	17
GTGTCCTGTGCATTGT-1	Epithelial	2
GTGTCCTTCAGGGTTT-1	Epithelial	8
GTGTCCTTCAGTGTGT-1	Epithelial	11
GTGTCCTTCCCGGGTA-1	B	0
GTGTCCTTCTCGCGTT-1	B	7
GTGTCCTTCTGGCCAG-1	T	5
GTGTGATAGAAATTCG-1	Epithelial	18
GTGTGATAGATCTAAG-1	Epithelial	1
GTGTGATAGCGGACTA-1	Epithelial	15
GTGTGATAGCGTCAAG-1	Epithelial	8
GTGTGATCAAAGAAGG-1	Epithelial	15
GTGTGATCAATGTAAG-1	B	17
GTGTGATCATCGTGAT-1	Epithelial	16
GTGTGATGTGAATGGC-1	Epithelial	11
GTGTGATGTGCTTGAT-1	Epithelial	8
GTGTGATGTTAGGAAT-1	Epithelial	16
GTGTGATGTTTGTGAC-1	Epithelial	18
GTGTGATTCCAAGTCA-1	Epithelial	11
GTGTGATTCCGGACTG-1	Epithelial	3
GTGTGATTCTAGCAGT-1	B	7
GTGTGATTCTCGGCGA-1	Epithelial	11
GTGTGATTCTGTTGCC-1	Epithelial	8
GTTACGAAGGAAGACA-1	Epithelial	18
GTTACGAAGGCTTCGC-1	T	5
GTTACGAAGTGATCTC-1	Epithelial	18
GTTACGACAAAGCATA-1	Epithelial	18
GTTACGACACAACGGA-1	Epithelial	3
GTTACGACACAGCTTA-1	Epithelial	2
GTTACGAGTACCGGCT-1	Myeloid	14
GTTACGAGTATATGGA-1	B	7
GTTACGAGTATGAAGT-1	Stromal	9
GTTACGAGTCGTAATC-1	T	5
GTTACGAGTTCCAGTA-1	Epithelial	8
GTTACGAGTTTAAGCC-1	B	13
GTTACGATCACTAGGT-1	B	7
GTTACGATCAGCACTA-1	Epithelial	12
GTTACGATCCAGAATC-1	Epithelial	19
GTTACGATCTAAACGC-1	Epithelial	18
GTTACTTAGAAAGCAG-1	Myeloid	14
GTTACTTCACTCCACT-1	Myeloid	14
GTTACTTCAGAAAGAG-1	T	5
GTTACTTCATTCCCGT-1	Epithelial	18
GTTACTTGTATCTCAG-1	B	7
GTTACTTGTGCGCATC-1	Epithelial	16
GTTACTTGTTTGTGAC-1	B	7
GTTACTTTCACTCGGG-1	Epithelial	18
GTTACTTTCCAGGCCA-1	B	7
GTTATGGAGCGCCTAC-1	T	5
GTTATGGAGTGTCACT-1	Epithelial	19
GTTATGGCAGAACGAC-1	T	5
GTTATGGCAGATACAA-1	Myeloid	6
GTTATGGGTAGCCATT-1	Epithelial	8
GTTATGGGTATCTGCA-1	Epithelial	11
GTTATGGGTGGTAAGC-1	B	7
GTTATGGGTTAACCGT-1	Stromal	9
GTTATGGGTTTCACCC-1	T	5
GTTATGGTCCGTGCGA-1	Epithelial	16
GTTATGGTCGAACACT-1	Epithelial	19
GTTATGGTCGGTTCCT-1	Epithelial	19
GTTATGGTCTATGAGC-1	Stromal	4
GTTATTCAGATCTCAC-1	B	0
GTTATTCAGTACTCTG-1	Stromal	9
GTTATTCCAAGAGCGT-1	Epithelial	16
GTTATTCCAATTGTGC-1	Epithelial	2
GTTATTCCACGTTAGT-1	Epithelial	3
GTTATTCGTCAGAAGC-1	Myeloid	6
GTTATTCGTCCAGACC-1	DC	10
GTTATTCGTCTGCGCA-1	T	5
GTTATTCTCCCACTAC-1	Myeloid	6
GTTCAAGAGACTCTTG-1	Stromal	9
GTTCAAGAGAGTAAGG-1	T	5
GTTCAAGAGCACCATT-1	Epithelial	8
GTTCAAGAGCGAGCTA-1	B	7
GTTCAAGAGGAGAACA-1	Epithelial	18
GTTCAAGCAAAGCATA-1	Epithelial	2
GTTCAAGCAACAAACA-1	Epithelial	18
GTTCAAGCAGATAAGT-1	Epithelial	12
GTTCAAGCAGGTCTGC-1	Epithelial	2
GTTCAAGGTCAGACGA-1	T	5
GTTCAAGGTCCAAGAG-1	Epithelial	18
GTTCAAGTCCAGGTAT-1	Epithelial	8
GTTGGGCAGATCACCT-1	Epithelial	8
GTTGGGCCAACTCAAC-1	Epithelial	16
GTTGGGCCACTCAAGT-1	Epithelial	18
GTTGGGCCATTTGGCA-1	Epithelial	15
GTTGGGCGTGAATGTA-1	B	0
GTTGGGCGTGGAAAGA-1	Epithelial	2
GTTGGGCGTGGTAAGC-1	B	7
GTTGGGCGTGGTCGAA-1	Epithelial	8
GTTGGGCTCACAACAC-1	DC	10
GTTGGGCTCTCCACTG-1	Epithelial	8
GTTGGGCTCTCTGTTA-1	Epithelial	12
GTTGGGCTCTGCGTCT-1	Epithelial	8
GTTGGGCTCTTGTACT-1	Epithelial	18
GTTGGTAAGATCTAAG-1	Epithelial	2
GTTGGTAAGGCAGTAC-1	Epithelial	18
GTTGGTAAGGTTGACG-1	T	5
GTTGGTAAGTTCAAGA-1	Epithelial	3
GTTGGTACAAAGCTGG-1	Myeloid	14
GTTGGTACAAGACTTC-1	Epithelial	18
GTTGGTACAAGCGACA-1	B	7
GTTGGTACACTCAAGT-1	Epithelial	19
GTTGGTAGTGGTACTT-1	Epithelial	2
GTTGGTATCGAGAACG-1	Epithelial	15
GTTGGTATCGGGAATG-1	T	5
GTTGGTATCTACATCT-1	Epithelial	8
TAAACCGAGGGAAGCG-1	Epithelial	3
TAAACCGCAACGCACC-1	Epithelial	19
TAAACCGCAACGTCGC-1	Myeloid	6
TAAACCGCACAGTAGG-1	Epithelial	11
TAAACCGCACTGATAC-1	Epithelial	16
TAAACCGCACTGATTG-1	Epithelial	16
TAAACCGCATGGAGGT-1	T	5
TAAACCGGTAACCATC-1	Epithelial	15
TAAACCGGTACCTATG-1	T	5
TAAACCGGTCACATTG-1	Epithelial	2
TAAACCGGTCTGGGAA-1	T	5
TAAACCGGTGGACTGA-1	Stromal	9
TAAACCGGTGGTAAGC-1	Epithelial	3
TAAACCGGTGTTTCTT-1	Epithelial	8
TAAACCGTCAGGAATA-1	Epithelial	16
TAAACCGTCAGGCGCT-1	Epithelial	16
TAAACCGTCCGCGATG-1	Epithelial	18
TAAACCGTCCTTTGCG-1	B	0
TAAACCGTCGGATCGC-1	Myeloid	6
TAACAGCAGAAGACTT-1	B	0
TAACAGCAGGCCTCTG-1	Epithelial	3
TAACAGCAGGCTTCGC-1	Epithelial	2
TAACAGCAGGGTATCG-1	Epithelial	15
TAACAGCAGTGTCGCC-1	B	0
TAACAGCCACGAACGA-1	Epithelial	15
TAACAGCGTACTAGAA-1	Epithelial	16
TAACAGCGTCCCTTTG-1	Epithelial	2
TAACAGCGTCGAGAAC-1	Epithelial	15
TAACAGCGTCTGCACG-1	T	5
TAACAGCGTGCATTCA-1	B	0
TAACAGCGTGCTGTCG-1	Epithelial	16
TAACAGCGTTTAGGAA-1	Epithelial	3
TAACAGCTCAAAGTAG-1	Myeloid	6
TAACAGCTCGAGTGTT-1	Epithelial	8
TAACGGTAGAGGCCTA-1	Epithelial	19
TAACGGTAGATTACGA-1	Epithelial	15
TAACGGTAGCCTATAC-1	B	0
TAACGGTAGTGGTGTG-1	Epithelial	18
TAACGGTCAACTTGGT-1	Epithelial	3
TAACGGTCAAGCGACA-1	DC	10
TAACGGTCAAGGCGTA-1	Epithelial	18
TAACGGTCACTGCTTC-1	Epithelial	12
TAACGGTCATAGATAG-1	Epithelial	16
TAACGGTCATGGCCGT-1	Epithelial	2
TAACGGTGTGCACATT-1	B	0
TAACGGTGTTACCACA-1	Epithelial	1
TAACGGTGTTCCCTTG-1	Epithelial	2
TAACGGTGTTTGACCA-1	Epithelial	19
TAACGGTTCAGAGTGG-1	B	7
TAACGGTTCAGTGTAC-1	Epithelial	3
TAACGGTTCATGCTTT-1	Epithelial	11
TAACGGTTCTAGTCGA-1	Epithelial	1
TAACGGTTCTCCTTAA-1	Epithelial	18
TAACTTCAGTACAGTA-1	Epithelial	18
TAACTTCCAAACAGTA-1	T	5
TAACTTCCAACGTCGC-1	Epithelial	16
TAACTTCCACGTTAGT-1	Epithelial	18
TAACTTCCAGGAGCAT-1	Epithelial	3
TAACTTCCATACCCGG-1	Epithelial	18
TAACTTCCATGCCTTC-1	B	7
TAACTTCCATTGCCTC-1	Epithelial	18
TAACTTCGTATTCGCA-1	Epithelial	15
TAACTTCGTCAAATCC-1	Epithelial	19
TAACTTCGTCCGCTTT-1	Epithelial	3
TAACTTCGTGCGACCT-1	Epithelial	19
TAACTTCGTGGGTAGT-1	Epithelial	2
TAACTTCTCCGCTCTA-1	T	5
TAACTTCTCCTGTAGA-1	Epithelial	18
TAACTTCTCTATACCT-1	Epithelial	16
TAACTTCTCTATCCTA-1	Stromal	4
TAAGCCAAGAGCTCCC-1	T	5
TAAGCCAAGATCCGAG-1	Epithelial	19
TAAGCCAAGATGTTCC-1	Epithelial	1
TAAGCCAAGCGCCTAC-1	B	13
TAAGCCAAGTTGAATG-1	T	5
TAAGCCACACCACGAC-1	Stromal	4
TAAGCCACACCGAAAG-1	Epithelial	2
TAAGCCACATAGCAGG-1	Myeloid	14
TAAGCCACATAGTCCA-1	Stromal	9
TAAGCCAGTATCACAC-1	Epithelial	8
TAAGCCAGTGTCTCGG-1	Epithelial	2
TAAGCCAGTTTCCACC-1	Epithelial	19
TAAGCCATCCCAGCGA-1	T	5
TAAGTGCAGACTCTTG-1	Epithelial	3
TAAGTGCAGTTCAACC-1	B	0
TAAGTGCCAGAGAGAA-1	Epithelial	18
TAAGTGCGTACCTATG-1	Epithelial	16
TAAGTGCGTAGTCTGT-1	B	0
TAAGTGCGTCATCGTA-1	Stromal	4
TAAGTGCGTGCAAGCA-1	Myeloid	6
TAAGTGCGTGGTCGAA-1	T	5
TAAGTGCGTTGGCGAA-1	Stromal	4
TAAGTGCTCACAGGGA-1	Epithelial	11
TAAGTGCTCACATTCT-1	T	5
TAAGTGCTCACTGATG-1	Stromal	9
TAAGTGCTCAGTGTGT-1	B	0
TAAGTGCTCCCAGCGA-1	B	17
TAAGTGCTCGATAGCT-1	Epithelial	2
TAAGTGCTCTGGTACA-1	T	5
TAATCGGAGCCATTCA-1	Epithelial	11
TAATCGGAGTGATTAG-1	T	5
TAATCGGAGTTCAACC-1	Stromal	4
TAATCGGGTCGATAGG-1	Epithelial	16
TAATCGGGTCTTAGCA-1	Stromal	4
TAATCGGTCACCCGGA-1	Epithelial	3
TAATCGGTCCAATCCC-1	Epithelial	2
TAATCGGTCGCCGAAC-1	T	5
TAATCGGTCTTAATCC-1	T	5
TAATTCCAGCTAACAA-1	Epithelial	1
TAATTCCAGGTAGGCT-1	Epithelial	16
TAATTCCAGTCTGCTA-1	B	13
TAATTCCCAACGTACT-1	Epithelial	12
TAATTCCCAAGTGGCA-1	Epithelial	3
TAATTCCCAATGCCAT-1	T	5
TAATTCCCACACACCG-1	DC	10
TAATTCCGTAAACCCT-1	B	0
TAATTCCGTACAACGG-1	Epithelial	18
TAATTCCGTACTAGAA-1	Epithelial	8
TAATTCCGTCACAGGA-1	T	5
TAATTCCGTTGCAGAG-1	Epithelial	11
TAATTCCGTTGTCGGC-1	Epithelial	19
TAATTCCTCGACTTAG-1	Myeloid	6
TAATTCCTCGTCGCAG-1	Epithelial	8
TAATTCCTCTAGCAGT-1	Stromal	4
TAATTCCTCTCAGATG-1	T	5
TACAGCAAGCTTTCCC-1	Epithelial	11
TACAGCAAGGCCTAAG-1	T	5
TACAGCAAGTTACACC-1	Epithelial	11
TACAGCACAAGCGGTA-1	Myeloid	6
TACAGCACAAGGGTAC-1	Epithelial	16
TACAGCACACCATTCC-1	Epithelial	3
TACAGCACAGGCAAGT-1	Epithelial	2
TACAGCACATTTGGCA-1	T	5
TACAGCAGTACTTGAC-1	Epithelial	16
TACAGCAGTTCACGTA-1	Epithelial	8
TACAGCAGTTGCAGCC-1	Epithelial	16
TACAGCATCAGTGTGT-1	Epithelial	16
TACAGCATCCAACAAC-1	B	7
TACAGCATCTCTGCGT-1	T	5
TACAGCATCTGGCTAA-1	Epithelial	1
TACATGGAGAACCCGA-1	Epithelial	11
TACATGGAGCGAGAAA-1	Stromal	4
TACATGGAGCGCACAA-1	Epithelial	11
TACATGGAGCGTGTTT-1	Epithelial	8
TACATGGAGTTCGTTG-1	Epithelial	16
TACATGGCAAGCCAGA-1	Epithelial	11
TACATGGCAGCAAACG-1	Epithelial	2
TACATGGCATTTGTTC-1	Epithelial	19
TACATGGTCCAACGCG-1	Epithelial	19
TACATGGTCCTATCCG-1	T	5
TACATGGTCGACTTAG-1	T	5
TACATGGTCGCCAGAC-1	Epithelial	12
TACATGGTCTGGCCAG-1	Epithelial	18
TACATTCAGGTACTCT-1	Epithelial	16
TACATTCAGTAATCAG-1	Epithelial	16
TACATTCCACCACAGC-1	Epithelial	18
TACATTCCAGACCTGC-1	Epithelial	8
TACATTCCAGACTAAA-1	Stromal	9
TACATTCGTAGTCCAT-1	Epithelial	1
TACATTCGTCTCTGCT-1	Epithelial	8
TACATTCGTCTGGGAA-1	Epithelial	11
TACATTCGTTACGAAA-1	B	0
TACATTCGTTCAGTTG-1	B	0
TACATTCGTTCCCTTG-1	T	5
TACATTCGTTCTACCC-1	B	7
TACATTCTCAGGTTTG-1	B	7
TACATTCTCATACTTC-1	Epithelial	19
TACATTCTCCAAGAGG-1	DC	10
TACATTCTCGAGTTAC-1	T	5
TACCCTGAGAGTCCGA-1	B	0
TACCCTGAGCTACGTT-1	T	5
TACCCTGAGGCGTCCT-1	Epithelial	2
TACCCTGAGTAACATG-1	Myeloid	6
TACCCTGCAACGTCGC-1	T	5
TACCCTGCAATCACTG-1	B	0
TACCCTGCAATTCTCT-1	Epithelial	18
TACCCTGCACCCATCT-1	B	13
TACCCTGCAGAATGCG-1	Epithelial	8
TACCCTGCAGGGTACA-1	Epithelial	16
TACCCTGGTCGAGGTA-1	Epithelial	3
TACCCTGGTGCACCCA-1	Epithelial	8
TACCCTGGTGTTGGTT-1	Epithelial	15
TACCCTGGTTAAGTCC-1	B	17
TACCCTGGTTTGTGAC-1	Epithelial	16
TACCCTGTCATCGCTC-1	Myeloid	14
TACCCTGTCCACACCT-1	B	17
TACCCTGTCCAGTTAG-1	T	5
TACCCTGTCCCGTATC-1	Epithelial	1
TACCCTGTCCTGGGAC-1	T	5
TACCTATAGCAGAATT-1	B	7
TACCTATAGGAGTACC-1	Epithelial	2
TACCTATAGTAGAAGG-1	T	5
TACCTATAGTCTCCAA-1	T	5
TACCTATCACTGTCAA-1	Stromal	4
TACCTATCAGCTTACA-1	B	7
TACCTATGTCTCTAAG-1	Stromal	4
TACCTATGTTCTTAGG-1	Epithelial	2
TACCTATTCAGGGTTT-1	Epithelial	18
TACCTCGAGCTATCGT-1	Epithelial	11
TACCTCGAGGCAGTAC-1	Epithelial	8
TACCTCGAGGCAGTGT-1	Epithelial	16
TACCTCGAGGCCTCGT-1	T	5
TACCTCGAGGTGTTGG-1	B	0
TACCTCGCAATTGGCT-1	Epithelial	11
TACCTCGCATGGAGGT-1	Epithelial	16
TACCTCGGTAGCGTTT-1	Myeloid	14
TACCTCGGTCATAAGA-1	Epithelial	8
TACCTCGGTGGTACTT-1	T	5
TACCTCGTCCACACCT-1	Epithelial	11
TACCTCGTCCATCATT-1	B	0
TACCTCGTCGCTAGTA-1	T	5
TACCTCGTCTAAACGC-1	Epithelial	3
TACGCAAAGAACGTCG-1	Epithelial	18
TACGCAAAGACGCCCT-1	B	0
TACGCAAAGCTCGGCT-1	Stromal	4
TACGCAAAGGTGAACC-1	DC	10
TACGCAACAAAGGTCG-1	B	17
TACGCAACAACGCAAG-1	Epithelial	1
TACGCAACACCACAGC-1	Epithelial	2
TACGCAACACGACGAA-1	Myeloid	6
TACGCAACAGATAAGT-1	B	13
TACGCAACAGCAATGG-1	Epithelial	2
TACGCAACATAGTCCA-1	Stromal	4
TACGCAACATATTGGC-1	Myeloid	6
TACGCAACATTGCCTC-1	Epithelial	16
TACGCAAGTAACATAG-1	Stromal	9
TACGCAAGTGCCCAGT-1	Epithelial	12
TACGCAAGTTCAGTTG-1	Myeloid	6
TACGCAATCACTTACT-1	Epithelial	19
TACGCAATCATGAACC-1	B	17
TACGCAATCCTGGAAT-1	T	5
TACGCAATCTCCTTGG-1	Epithelial	12
TACGCCTAGCAGGAGG-1	Epithelial	11
TACGCCTAGGAGTACC-1	Epithelial	3
TACGCCTCAAGATGCG-1	Epithelial	16
TACGCCTCACCACAGC-1	Epithelial	2
TACGCCTCAGCAACGA-1	Epithelial	11
TACGCCTCATAGTCCA-1	B	13
TACGCCTGTACGACCC-1	T	5
TACGCCTGTAGGTCTT-1	Epithelial	12
TACGCCTGTATCACAC-1	Epithelial	3
TACGCCTTCAGGATCT-1	T	5
TACGCCTTCCATACGA-1	Epithelial	11
TACGCCTTCGAGCGCT-1	Epithelial	1
TACGCCTTCTTCCAGC-1	Epithelial	12
TACGGATAGAAGCCGT-1	T	5
TACGGATAGGGTATCG-1	Epithelial	2
TACGGATAGGTTAGTA-1	B	0
TACGGATAGTTCAGGG-1	DC	10
TACGGATGTATGGGTG-1	T	5
TACGGATGTTACGCTA-1	B	7
TACGGATTCACTTACT-1	Myeloid	14
TACGGATTCAGTCAAC-1	Epithelial	3
TACGGATTCCATAGGT-1	Epithelial	2
TACTAGGAGATCACCT-1	Epithelial	16
TACTAGGAGCGTTGCC-1	T	5
TACTAGGAGGCCTAAG-1	Epithelial	18
TACTAGGAGTAATGTG-1	Epithelial	19
TACTAGGAGTCGCCTG-1	Epithelial	12
TACTAGGAGTGATCTC-1	Epithelial	3
TACTAGGAGTGGACGT-1	DC	10
TACTAGGCAAACGACG-1	B	0
TACTAGGCAAGTGGCA-1	Epithelial	19
TACTAGGCACGTGAAG-1	T	5
TACTAGGCATATAGAG-1	Myeloid	6
TACTAGGCATCATGTG-1	T	5
TACTAGGGTACGTAAA-1	Epithelial	16
TACTAGGGTGGAAGCT-1	Epithelial	2
TACTAGGTCCGAGGAA-1	Epithelial	15
TACTAGGTCCGCTATC-1	Epithelial	3
TACTAGGTCGACTGGC-1	Epithelial	8
TACTAGGTCTCATATC-1	Epithelial	8
TACTCGCAGCTAACAA-1	T	5
TACTCGCAGGTGTTGG-1	T	5
TACTCGCAGTATCTGC-1	T	5
TACTCGCCAAGCCAGA-1	Epithelial	18
TACTCGCCAAGCCTTA-1	T	5
TACTCGCGTCCGGTAC-1	Epithelial	16
TACTCGCGTGTCGTCG-1	B	7
TACTCGCTCCGCCTAT-1	Epithelial	11
TACTCGCTCGCATACA-1	B	13
TACTCGCTCGCTAGTA-1	Epithelial	3
TACTCGCTCTACCCGT-1	Myeloid	6
TACTCGCTCTCGGCGA-1	B	0
TACTCGCTCTTAGTGG-1	B	7
TACTGCCAGAGGTACC-1	Myeloid	6
TACTGCCAGATCGATA-1	B	17
TACTGCCAGGCAATTA-1	Epithelial	2
TACTGCCCAAATGTCC-1	Myeloid	6
TACTGCCCAAGGGTAC-1	T	5
TACTGCCGTCAACTGT-1	Epithelial	8
TACTGCCGTTACACTG-1	Myeloid	6
TACTGCCGTTACGAAA-1	Epithelial	2
TACTGCCGTTGAAGCG-1	Epithelial	8
TACTGCCTCAATTCCT-1	Stromal	9
TACTGCCTCCAGTACA-1	Epithelial	3
TACTGCCTCGACTCGG-1	Myeloid	6
TACTGCCTCGCAAGCC-1	Epithelial	2
TACTGCCTCGTGCTGG-1	Epithelial	3
TAGACTGAGGACTAGC-1	B	7
TAGACTGAGGGTTCTT-1	DC	10
TAGACTGCACCACAGC-1	Epithelial	18
TAGACTGCACGCGTTG-1	B	7
TAGACTGCAGCGTGAA-1	Epithelial	11
TAGACTGCAGGCAGAT-1	Epithelial	19
TAGACTGCATTCACCC-1	Epithelial	16
TAGACTGGTAACGTAA-1	Epithelial	16
TAGACTGGTTGTGACT-1	Epithelial	18
TAGACTGTCATGCTTT-1	Epithelial	12
TAGACTGTCCCAATAG-1	T	5
TAGACTGTCCGGCGAT-1	Epithelial	2
TAGCACAAGGCGCTTC-1	B	7
TAGCACACAACCTCTC-1	Epithelial	11
TAGCACACAAGTGGCA-1	Epithelial	3
TAGCACACAATAGCGG-1	Epithelial	16
TAGCACACAGAGCCAA-1	Epithelial	2
TAGCACACAGGCACAA-1	Epithelial	2
TAGCACACAGGTAGGT-1	Stromal	4
TAGCACACAGTTGGAG-1	Stromal	4
TAGCACACATTTCTTG-1	Myeloid	6
TAGCACAGTATGGGTG-1	Epithelial	11
TAGCACAGTATGTCCA-1	Epithelial	15
TAGCACAGTGGAGTGT-1	T	5
TAGCACATCTAAACGC-1	Epithelial	3
TAGCATGAGAACGTCG-1	Stromal	4
TAGCATGAGAAGGGCG-1	B	0
TAGCATGAGAATGCTA-1	Epithelial	16
TAGCATGCAAGCAGGT-1	Epithelial	2
TAGCATGCAATTGGCT-1	Stromal	4
TAGCATGCAGGGTACA-1	Epithelial	2
TAGCATGGTAACGTAA-1	Epithelial	2
TAGCATGGTACGGTTT-1	Epithelial	8
TAGCATGGTCTTAGCA-1	Epithelial	19
TAGCATGTCAAAGTAG-1	Stromal	4
TAGCATGTCCGGCGAT-1	Stromal	9
TAGCATGTCTCCACTG-1	Epithelial	11
TAGCCCTAGAAATGGG-1	Epithelial	16
TAGCCCTAGACCGCAA-1	Epithelial	18
TAGCCCTAGAGAATTC-1	Stromal	4
TAGCCCTAGTGTCACT-1	Epithelial	3
TAGCCCTCAAAGAGAG-1	Stromal	4
TAGCCCTCAAATTGAG-1	B	17
TAGCCCTCAAGCCAGA-1	B	0
TAGCCCTCACCTCGTT-1	Stromal	9
TAGCCCTCACTGATTG-1	Stromal	9
TAGCCCTCATCATGTG-1	B	0
TAGCCCTCATCGGCCA-1	Myeloid	14
TAGCCCTGTGGATTTC-1	Epithelial	16
TAGCCCTTCACAAGCT-1	Epithelial	16
TAGCCCTTCCATCTAT-1	Myeloid	14
TAGCCCTTCCTTACGC-1	Epithelial	2
TAGCCGGAGGTTGACG-1	T	5
TAGCCGGAGTAGAAGG-1	Epithelial	11
TAGCCGGGTCCAGACC-1	Epithelial	11
TAGCCGGTCCATCATT-1	T	5
TAGCCGGTCTCTTCCT-1	Epithelial	1
TAGCCGGTCTGAGTCA-1	Epithelial	11
TAGCGGCAGAAGCCTG-1	Epithelial	8
TAGCGGCAGACTAGCG-1	Epithelial	2
TAGCGGCAGGTTCGAG-1	Epithelial	8
TAGCGGCAGTCAACTC-1	Epithelial	18
TAGCGGCAGTTCGTTG-1	T	5
TAGCGGCCAACTCGTA-1	B	7
TAGCGGCCACGCGCAT-1	Stromal	9
TAGCGGCCACTCCTCA-1	B	7
TAGCGGCCAGCGTGAA-1	Epithelial	16
TAGCGGCCATCCTGGG-1	Stromal	9
TAGCGGCCATGGCCCA-1	B	0
TAGCGGCGTAAACGGC-1	Epithelial	8
TAGCGGCGTAGACGCA-1	Epithelial	12
TAGCGGCGTCATTGCA-1	Epithelial	8
TAGCGGCGTCCGAGCT-1	B	0
TAGCGGCTCGCTAGTA-1	T	5
TAGCGGCTCTCCACTG-1	Myeloid	6
TAGCTTTAGAATACTG-1	Epithelial	16
TAGCTTTAGAGCTCCC-1	T	5
TAGCTTTAGGCACTAG-1	B	13
TAGCTTTAGGCTGGAT-1	Epithelial	11
TAGCTTTAGGTTTCTG-1	Epithelial	2
TAGCTTTAGTTTACGC-1	Epithelial	16
TAGCTTTCAAAGGTCG-1	Epithelial	1
TAGCTTTCAAGCAGGT-1	Epithelial	11
TAGCTTTCACGTTGTA-1	Myeloid	14
TAGCTTTCAGCAAACG-1	Myeloid	6
TAGCTTTGTAATGCAA-1	T	5
TAGCTTTGTATGGATA-1	Myeloid	14
TAGCTTTGTCTGGATT-1	Epithelial	8
TAGCTTTGTGTCTACA-1	Stromal	4
TAGCTTTGTTTGTCTT-1	Epithelial	1
TAGCTTTTCACTGATG-1	Epithelial	19
TAGCTTTTCCCGATTC-1	Epithelial	3
TAGCTTTTCCTCATTA-1	Epithelial	3
TAGGAGGAGAGGCGGA-1	Epithelial	8
TAGGAGGAGCCATCAT-1	Epithelial	2
TAGGAGGAGTTAGCGG-1	T	5
TAGGAGGCACCTGGTG-1	B	7
TAGGAGGCACTGAAGG-1	T	5
TAGGAGGGTAACCGAG-1	Epithelial	11
TAGGAGGGTACCAAGG-1	T	5
TAGGAGGGTGAAACAT-1	Epithelial	16
TAGGAGGGTTACACTG-1	Stromal	4
TAGGAGGGTTACGAAA-1	Epithelial	3
TAGGAGGGTTGGAGGT-1	Epithelial	1
TAGGAGGTCATCGCTC-1	Epithelial	12
TAGGTCAAGAAGCCTG-1	Stromal	4
TAGGTCAAGAGTGGAA-1	Epithelial	16
TAGGTCACAAGACACG-1	B	7
TAGGTCACAATTAGGA-1	Epithelial	16
TAGGTCACACAGAAGC-1	Epithelial	2
TAGGTCACACGTTACA-1	Epithelial	16
TAGGTCACAGGACCTC-1	Stromal	9
TAGGTCACATTAAGGA-1	Epithelial	16
TAGGTCATCCACGAGC-1	Epithelial	12
TAGGTCATCGATTACG-1	Epithelial	2
TAGGTGTAGAATATCG-1	Epithelial	12
TAGGTGTAGACAGTGC-1	B	13
TAGGTGTAGACTTCCA-1	Epithelial	8
TAGGTGTAGCCATCAT-1	Stromal	4
TAGGTGTAGGAAGGTA-1	Epithelial	19
TAGGTGTAGTCATCTG-1	T	5
TAGGTGTCAAGCAGGT-1	Epithelial	3
TAGGTGTCAAGTAATG-1	Epithelial	15
TAGGTGTCAGATGGCA-1	Epithelial	18
TAGGTGTTCCTCCATG-1	Epithelial	19
TAGGTGTTCGGGCTCA-1	Epithelial	15
TAGGTGTTCGGTACTA-1	T	5
TAGTCCCAGAGGTGGG-1	Epithelial	11
TAGTCCCAGGGTCTGA-1	T	5
TAGTCCCAGTTCGCGC-1	T	5
TAGTCCCCAAGTCTCA-1	B	7
TAGTCCCCAATGGTCT-1	Epithelial	1
TAGTCCCCACATTGCA-1	Epithelial	8
TAGTCCCCAGCGTGAA-1	Epithelial	8
TAGTCCCCATAGGCGA-1	Epithelial	11
TAGTCCCCATGCGTTA-1	Myeloid	6
TAGTCCCGTCTGAGCC-1	Stromal	9
TAGTCCCGTGGTACTT-1	Epithelial	8
TAGTCCCGTTTAGGAA-1	Stromal	9
TAGTCCCGTTTCCGGG-1	B	0
TAGTCCCTCCATTGAG-1	Epithelial	3
TATCGAGAGAAAGGGT-1	Myeloid	6
TATCGAGAGTGAATAC-1	Epithelial	1
TATCGAGAGTTAGCGG-1	T	5
TATCGAGAGTTCAAGA-1	B	17
TATCGAGCACTTTGGA-1	Epithelial	16
TATCGAGGTATGTTCG-1	B	7
TATCGAGGTTAAGGGC-1	Epithelial	18
TATCGAGGTTACCCAA-1	T	5
TATCGAGGTTCATTTC-1	B	7
TATCGAGGTTGAATAG-1	Epithelial	16
TATCGAGTCAGAACGG-1	B	0
TATCGAGTCCAGAGAG-1	Myeloid	6
TATCGAGTCGTTGTAG-1	B	7
TATCTGTAGAAGGGCG-1	B	13
TATCTGTAGTTACCAC-1	B	13
TATCTGTCAAAGCTGG-1	Epithelial	16
TATCTGTCAAGATGCG-1	T	5
TATCTGTCAAGCAACG-1	Epithelial	1
TATCTGTCAAGCCCTG-1	Epithelial	18
TATCTGTCAGCAAACG-1	DC	10
TATCTGTCATAGCCAT-1	B	7
TATCTGTCATGGAGGT-1	Epithelial	16
TATCTGTGTCACATTG-1	B	13
TATCTGTTCAAGGCCC-1	Epithelial	16
TATCTGTTCACTCGGG-1	Stromal	4
TATCTGTTCGCTAGTA-1	Epithelial	2
TATCTGTTCTCGCGGA-1	Stromal	4
TATCTGTTCTGTAGAC-1	Epithelial	2
TATGTGGAGGCAAGCT-1	Epithelial	19
TATGTGGCAAACCTAC-1	B	7
TATGTGGCACACATTG-1	Epithelial	12
TATGTGGCAGTAAGAT-1	Epithelial	11
TATGTGGCATTTGGCA-1	Epithelial	12
TATGTGGGTACGACCC-1	Epithelial	19
TATGTGGGTATTTGCG-1	Epithelial	8
TATGTGGGTCGCGCTA-1	Epithelial	11
TATGTGGGTTGCAGCC-1	B	7
TATGTGGTCCAACGCG-1	Epithelial	8
TATGTGGTCGGACGAA-1	Stromal	9
TATGTGGTCTACCCGT-1	Epithelial	3
TATGTGGTCTCTTCTC-1	B	13
TATGTTCAGCGCACAA-1	Epithelial	8
TATGTTCAGCGTCTGC-1	B	0
TATGTTCAGGGTATCG-1	DC	10
TATGTTCAGTATCTGC-1	Epithelial	1
TATGTTCAGTCCTTCC-1	Epithelial	2
TATGTTCCAAGCAGGT-1	Epithelial	2
TATGTTCCACTTGCGG-1	Epithelial	11
TATGTTCCAGGTCTGC-1	Epithelial	12
TATGTTCCATTCTCGC-1	B	17
TATGTTCCATTCTTTG-1	Epithelial	8
TATGTTCCATTGCCTC-1	Epithelial	8
TATGTTCGTATTTGCG-1	Epithelial	8
TATGTTCTCAGATACC-1	Myeloid	6
TATGTTCTCAGCACTA-1	T	5
TATGTTCTCATGAACC-1	Epithelial	3
TATGTTCTCTACTTTG-1	Epithelial	12
TATTGCTAGAAATGGG-1	Epithelial	19
TATTGCTAGAATGCTA-1	Stromal	9
TATTGCTAGCAATAAC-1	Myeloid	14
TATTGCTAGCCCATTA-1	Epithelial	18
TATTGCTAGCGAGAAA-1	Epithelial	19
TATTGCTAGCGCAATG-1	Epithelial	11
TATTGCTCACTGATTG-1	Epithelial	18
TATTGCTGTATGTCCA-1	Epithelial	1
TATTGCTGTATTCTTC-1	Epithelial	18
TATTGCTGTGATGCTT-1	B	13
TATTGCTGTTCTACGA-1	Epithelial	12
TATTGCTTCCTAAAGC-1	Epithelial	2
TCAAAGCAGATGAGGA-1	Epithelial	18
TCAAAGCAGGAGTACC-1	Epithelial	18
TCAAAGCAGGATTAAC-1	Myeloid	6
TCAAAGCAGGCTCCTG-1	Stromal	9
TCAAAGCAGTGTTCCA-1	Epithelial	19
TCAAAGCCAAACCTAC-1	Epithelial	18
TCAAAGCCAATCCATG-1	Epithelial	11
TCAAAGCCAGATAAGT-1	Epithelial	11
TCAAAGCCAGTATCTG-1	Epithelial	16
TCAAAGCGTAACGGAC-1	Stromal	4
TCAAAGCGTGACGCAA-1	Epithelial	16
TCAAAGCGTGCGTAGA-1	Epithelial	19
TCAAAGCGTGTGACCC-1	Epithelial	18
TCAAAGCTCAAGTTGC-1	Epithelial	11
TCAAAGCTCCACACCT-1	Epithelial	2
TCAAAGCTCCTAGAGT-1	Epithelial	8
TCAAAGCTCGTTGTAG-1	Epithelial	8
TCAAAGCTCTTCATAC-1	Epithelial	3
TCAAGACCACCGATCG-1	T	5
TCAAGACCACTTTGGA-1	Epithelial	1
TCAAGACCAGAGCCAA-1	Stromal	9
TCAAGACCAGATAAGT-1	Stromal	4
TCAAGACGTCCAGACC-1	Epithelial	16
TCAAGACGTCGAGGTA-1	Stromal	4
TCAAGACGTGCGTAGA-1	Epithelial	16
TCAAGACTCCAAGAGG-1	Epithelial	15
TCAAGACTCCTGTGGG-1	Epithelial	2
TCAAGACTCGATTACG-1	B	7
TCAAGACTCGCACCGA-1	Epithelial	8
TCAAGCAAGAGCTGTG-1	Epithelial	11
TCAAGCACAGAGCCAA-1	Epithelial	2
TCAAGCAGTAACGTAA-1	T	5
TCAAGCAGTCAGGTGA-1	T	5
TCAAGCATCATTGCCC-1	Myeloid	14
TCAAGCATCCGGGCAT-1	Myeloid	14
TCAAGCATCGCAACTA-1	B	0
TCAAGGTAGAGCGAAA-1	Myeloid	6
TCAAGGTAGTAGTGTA-1	Myeloid	6
TCAAGGTAGTTCGACT-1	Epithelial	8
TCAAGGTCAACATAAG-1	B	13
TCAAGGTCAAGCAATA-1	T	5
TCAAGGTCAAGCCCTG-1	Epithelial	2
TCAAGGTCAATGTAAG-1	T	5
TCAAGGTCACAAGTGG-1	Epithelial	2
TCAAGGTCACCGAAAG-1	Epithelial	11
TCAAGGTCACGCTCAG-1	B	13
TCAAGGTCATCGTACA-1	B	7
TCAAGGTCATCTCTCG-1	B	7
TCAAGGTCATGTGAGG-1	Epithelial	8
TCAAGGTGTCATTGCA-1	Stromal	4
TCAAGGTGTGCGTAGA-1	Epithelial	18
TCAAGGTGTGGAGTGT-1	Epithelial	2
TCAAGGTGTTCTGATG-1	Epithelial	8
TCAAGGTTCCCAGCAG-1	B	7
TCAAGGTTCGTGTGCG-1	T	5
TCAATTCAGAGCGGTT-1	T	5
TCAATTCAGATTCCGT-1	T	5
TCAATTCAGTTCAGGG-1	Epithelial	16
TCAATTCCACATAAAG-1	Epithelial	1
TCAATTCCACCGTCTT-1	Epithelial	12
TCAATTCCATTGAACC-1	B	7
TCAATTCGTAGTGATA-1	Epithelial	8
TCAATTCGTGTTAGAA-1	B	0
TCAATTCGTTGGAGGT-1	T	5
TCAATTCTCACGATTG-1	Epithelial	2
TCAATTCTCCACGCTT-1	T	5
TCAATTCTCCAGGTAT-1	Epithelial	1
TCAATTCTCCTCCTGA-1	Epithelial	2
TCAATTCTCCTTACGC-1	T	5
TCACAAGAGTAGGTCG-1	B	17
TCACAAGAGTGTCGGA-1	Stromal	9
TCACAGAAGCATTGGG-1	Myeloid	14
TCACAGACATACTGCA-1	Epithelial	3
TCACAGACATCCATAG-1	Epithelial	2
TCACAGACATCGTGAT-1	Epithelial	3
TCACAGAGTAAAGCTA-1	Epithelial	18
TCACAGAGTATATGGA-1	Epithelial	16
TCACAGAGTCAAGACG-1	Epithelial	8
TCACAGAGTGGCCTTG-1	B	17
TCACAGATCAAGAGGC-1	T	5
TCACAGATCAGGTCTA-1	Epithelial	18
TCACAGATCATGTTCT-1	Epithelial	15
TCACAGATCCACACCT-1	T	5
TCACAGATCGAGAACG-1	Epithelial	1
TCACAGATCGAGGTAG-1	Epithelial	2
TCACCACCAAGTAATG-1	B	17
TCACCACCAGGATGTG-1	T	5
TCACCACCATATTGGC-1	T	5
TCACCACGTAACATAG-1	Epithelial	18
TCACCACGTCACAGTT-1	Epithelial	3
TCACCACGTCCAGACC-1	Stromal	4
TCACCACGTGATAACA-1	T	5
TCACCACGTGCATTCA-1	Epithelial	18
TCACCACTCATCGCCT-1	Epithelial	16
TCACCACTCGGATGTT-1	Epithelial	1
TCACCTGAGAGCCACA-1	Epithelial	8
TCACCTGAGTGATCTC-1	Epithelial	11
TCACCTGCAACGTAGG-1	Epithelial	16
TCACCTGCATCCCAAA-1	Epithelial	2
TCACCTGGTACAAATG-1	T	5
TCACCTGGTACCTATG-1	Epithelial	18
TCACCTGGTTTCACCC-1	Epithelial	3
TCACCTGTCCATACCC-1	Epithelial	15
TCACCTGTCGCTCGGA-1	T	5
TCACCTGTCTGAAAGA-1	Epithelial	2
TCACTCGAGCAATAAC-1	B	0
TCACTCGAGTCAGGAC-1	Epithelial	8
TCACTCGAGTGAACCG-1	Epithelial	11
TCACTCGCAACATAAG-1	Epithelial	3
TCACTCGCATATTGGC-1	Epithelial	15
TCACTCGCATCATAGC-1	Epithelial	11
TCACTCGGTAATGCAA-1	Epithelial	3
TCACTCGGTAGGTAAT-1	Epithelial	18
TCACTCGTCTTAACGG-1	Myeloid	6
TCAGCTCAGAAGCCGT-1	Epithelial	15
TCAGCTCAGAAGCCTG-1	Epithelial	18
TCAGCTCAGAGGTACC-1	Myeloid	6
TCAGCTCAGTCAACTC-1	T	5
TCAGCTCAGTCAGGAC-1	Epithelial	16
TCAGCTCCAAGATGCG-1	Epithelial	12
TCAGCTCCATGCGACC-1	T	5
TCAGCTCGTAAGCCTT-1	Stromal	4
TCAGCTCGTCCGCTTT-1	Epithelial	8
TCAGCTCGTGCAGACA-1	Myeloid	6
TCAGCTCGTTGGCTTA-1	T	5
TCAGCTCTCAATTGGC-1	B	0
TCAGCTCTCCAAGAGG-1	B	7
TCAGCTCTCCTTGACC-1	Epithelial	19
TCAGCTCTCGGTAGGA-1	B	7
TCAGCTCTCTATCTCA-1	Epithelial	1
TCAGGGCAGAAGAGTG-1	T	5
TCAGGGCAGCCATGGA-1	Epithelial	15
TCAGGGCAGCGTGTTT-1	Epithelial	8
TCAGGGCAGGTTGTGG-1	Epithelial	19
TCAGGGCCACTGCTCT-1	Myeloid	14
TCAGGGCCATTGCCTC-1	T	5
TCAGGGCGTAAGGTCG-1	Epithelial	12
TCAGGGCGTGGACGAT-1	Epithelial	18
TCAGGGCGTGTCCAGC-1	Epithelial	19
TCAGGGCGTTAACCAC-1	Epithelial	8
TCAGGGCTCAACGTGT-1	T	5
TCAGGGCTCGAACACT-1	Epithelial	12
TCAGGGCTCGGGACAA-1	T	5
TCAGGTAAGCAGGAGG-1	Epithelial	2
TCAGGTAAGCGCCTAC-1	T	5
TCAGGTAAGCTGCCAC-1	Epithelial	11
TCAGGTAAGGATTAAC-1	Epithelial	11
TCAGGTAAGGCAGTAC-1	B	17
TCAGGTAAGTACCCAT-1	T	5
TCAGGTAAGTTCAGGG-1	T	5
TCAGGTACAAAGGAAG-1	Epithelial	3
TCAGGTACAATGTAAG-1	Epithelial	2
TCAGGTACACTTTGGA-1	Epithelial	8
TCAGGTACAGCTTACA-1	Epithelial	11
TCAGGTACATCGCTAA-1	Epithelial	15
TCAGGTAGTACGGTTT-1	B	13
TCAGGTAGTTTCTACT-1	Epithelial	8
TCAGGTATCAGTACAC-1	Epithelial	8
TCAGGTATCTACATCT-1	Myeloid	14
TCAGTCCAGATCGCCC-1	Myeloid	6
TCAGTCCAGGAAGGTA-1	T	5
TCAGTCCAGTGATATG-1	Epithelial	12
TCAGTCCAGTTCGCGC-1	T	5
TCAGTCCCAAATGCTC-1	Epithelial	3
TCAGTCCCAGGGTACA-1	DC	10
TCAGTCCCAGTGCGAA-1	Epithelial	3
TCAGTCCCATGCACTA-1	Epithelial	2
TCAGTCCGTAATGCAA-1	T	5
TCAGTCCGTCAATACC-1	Epithelial	2
TCAGTCCGTGCACATT-1	Epithelial	19
TCAGTCCGTTTCGACA-1	Epithelial	2
TCAGTCCTCAGTCAAC-1	Epithelial	2
TCAGTCCTCCCAATAG-1	Epithelial	8
TCAGTCCTCGTGGAAG-1	DC	10
TCAGTCCTCTCTATTG-1	Epithelial	12
TCAGTTTAGATCCGAG-1	Epithelial	8
TCAGTTTAGGCCTCGT-1	Epithelial	3
TCAGTTTAGTAACTCC-1	Epithelial	8
TCAGTTTCAAGCGGTA-1	T	5
TCAGTTTCAATTCAGC-1	T	5
TCAGTTTCACAAACAA-1	Epithelial	16
TCAGTTTCACGATATC-1	Epithelial	8
TCAGTTTCAGATGGCA-1	Epithelial	3
TCAGTTTGTATTGTCG-1	Stromal	4
TCAGTTTGTCTCTGGG-1	Epithelial	12
TCAGTTTTCCATATCT-1	T	5
TCAGTTTTCGCGATGC-1	Epithelial	8
TCAGTTTTCGTCTAGA-1	Epithelial	19
TCCAGAAAGCAATGTA-1	B	0
TCCAGAAAGCGAGCTA-1	B	17
TCCAGAACAACGACAG-1	Epithelial	18
TCCAGAACAACTCGAT-1	Epithelial	15
TCCAGAACAAGTGGCA-1	Epithelial	18
TCCAGAACACGATATC-1	Epithelial	3
TCCAGAACACTGTTAG-1	Epithelial	16
TCCAGAACAGACTAAA-1	Stromal	4
TCCAGAACAGGTAGCA-1	B	7
TCCAGAACATACAACC-1	Epithelial	15
TCCAGAACATCTCTCG-1	Epithelial	2
TCCAGAAGTATCATGC-1	Epithelial	2
TCCAGAAGTTAAGGGC-1	B	0
TCCAGAATCCAACGCG-1	Epithelial	11
TCCAGAATCGCATACA-1	Epithelial	8
TCCAGAATCTAAACGC-1	Epithelial	8
TCCAGAATCTTCTTCC-1	T	5
TCCATCGAGAAGACTT-1	Epithelial	8
TCCATCGAGAGCACTG-1	Epithelial	8
TCCATCGCAAATGCTC-1	Stromal	4
TCCATCGCAAGAGATT-1	Epithelial	11
TCCATCGCAGTTAAAG-1	Epithelial	18
TCCATCGGTTCTTTCA-1	B	0
TCCCACAAGTAATGTG-1	Epithelial	3
TCCCACACACGATTAC-1	Stromal	4
TCCCACACAGGTGGTA-1	T	5
TCCCACAGTACGGAGT-1	B	7
TCCCACAGTGAGCTAG-1	Epithelial	19
TCCCACAGTTCCCGGA-1	Epithelial	8
TCCCACAGTTGGTAAA-1	Epithelial	8
TCCCACAGTTGTATCG-1	Epithelial	19
TCCCACAGTTTGATCG-1	B	13
TCCCACAGTTTGCCCT-1	T	5
TCCCACATCATTCATC-1	Epithelial	8
TCCCACATCGGGATCC-1	Epithelial	16
TCCGACTAGTAGGAAG-1	Myeloid	6
TCCGACTCAAAGCATA-1	Epithelial	2
TCCGACTCACGCCGAT-1	Epithelial	2
TCCGACTCACTCGTGG-1	Epithelial	2
TCCGACTCACTTGCGG-1	Epithelial	2
TCCGACTCAGTATACC-1	Epithelial	11
TCCGACTGTCTAAGAA-1	Epithelial	2
TCCGACTGTGGGTAGT-1	Epithelial	3
TCCGACTGTTAGGAGC-1	Epithelial	19
TCCGACTTCCTCATTA-1	B	7
TCGAGCGAGATGAGGA-1	Epithelial	1
TCGAGCGAGCTAGCAG-1	Epithelial	12
TCGAGCGCAAATTGAG-1	Epithelial	16
TCGAGCGCACAGTTCA-1	Epithelial	3
TCGAGCGCACCCTTTG-1	T	5
TCGAGCGCAGGTAGGT-1	Epithelial	18
TCGAGCGCAGTTACAC-1	Stromal	4
TCGAGCGCATTACCTT-1	B	7
TCGAGCGGTAACGTAA-1	Epithelial	19
TCGAGCGGTCTGATTG-1	B	0
TCGAGCGGTTAGTAGA-1	Epithelial	12
TCGAGCGTCCAACAAC-1	Epithelial	11
TCGAGCGTCCCTACGT-1	Epithelial	19
TCGAGCGTCCTGTAGA-1	T	5
TCGAGCGTCGGGAATG-1	Epithelial	16
TCGAGCGTCTACTTTG-1	Epithelial	8
TCGATTTAGCCGCTGT-1	Epithelial	2
TCGATTTAGCTCCGGT-1	Epithelial	1
TCGATTTAGTCGTATC-1	Epithelial	12
TCGATTTCACGAACGA-1	B	0
TCGATTTCAGCCACGT-1	B	13
TCGATTTCATCCGTAA-1	Epithelial	2
TCGATTTCATTGCCTC-1	Epithelial	8
TCGATTTGTGAGTCGA-1	Myeloid	14
TCGATTTGTTCTTAGG-1	Epithelial	12
TCGCAGGAGAACGACC-1	B	7
TCGCAGGAGAGCTCCC-1	Epithelial	18
TCGCAGGAGCATTGGG-1	Epithelial	11
TCGCAGGAGTGGTGTG-1	B	17
TCGCAGGCAATAGTGA-1	Myeloid	6
TCGCAGGCAATGGTCT-1	Epithelial	2
TCGCAGGCACCGAATT-1	Epithelial	8
TCGCAGGGTATTGTGC-1	B	17
TCGCAGGTCAGCACGC-1	Epithelial	3
TCGCAGGTCAGTCAAC-1	Epithelial	19
TCGCAGGTCCAAACCA-1	Epithelial	11
TCGCAGGTCCGTGCGA-1	T	5
TCGCAGGTCGCTACCT-1	Epithelial	12
TCGCAGGTCGTAGCGC-1	T	5
TCGCAGGTCGTCAACA-1	B	17
TCGCAGGTCGTCGCAG-1	Epithelial	18
TCGCAGGTCTTCTTCC-1	Myeloid	6
TCGCCTAAGAGGTGGG-1	Stromal	9
TCGCCTAAGGGAAGCG-1	Epithelial	12
TCGCCTAAGGTCACTT-1	Epithelial	2
TCGCCTAAGTCCAGAG-1	Myeloid	6
TCGCCTACATTAAGGA-1	T	5
TCGCCTAGTACTATGC-1	Epithelial	11
TCGCCTAGTCGGCTGT-1	Stromal	4
TCGCCTAGTGACGCAA-1	Epithelial	16
TCGCCTAGTGGGTAGT-1	T	5
TCGCCTAGTTTGGATC-1	Epithelial	18
TCGCCTATCACACGTA-1	Epithelial	11
TCGCCTATCCAGGTCG-1	Myeloid	14
TCGCCTATCGCGGCAT-1	T	5
TCGCCTATCGGTTCCT-1	B	7
TCGGGACAGCATTCCA-1	Epithelial	18
TCGGGACAGGAGTACC-1	Epithelial	8
TCGGGACAGTGATAAC-1	Stromal	4
TCGGGACCAATTAGGA-1	Stromal	9
TCGGGACCAGAACAGC-1	DC	10
TCGGGACCAGAATGCG-1	Stromal	4
TCGGGACCAGCTGATT-1	Epithelial	18
TCGGGACCAGGTCTGC-1	B	13
TCGGGACCATGGGTGA-1	Stromal	4
TCGGGACGTGCATTGT-1	B	13
TCGGGACGTTATGCAC-1	T	5
TCGGGACTCGTTTGAG-1	Epithelial	16
TCGGGACTCTAGCAGT-1	T	5
TCGGGACTCTCATCCG-1	Epithelial	18
TCGTTCGAGAAATTCG-1	Stromal	9
TCGTTCGAGAATAGTC-1	Myeloid	14
TCGTTCGAGGGAGTTC-1	Myeloid	14
TCGTTCGAGTACAGTA-1	Epithelial	11
TCGTTCGAGTTCGCGC-1	T	5
TCGTTCGCAAAGAAGG-1	T	5
TCGTTCGGTAGCGGTA-1	Epithelial	8
TCGTTCGGTCAACGGA-1	Myeloid	6
TCGTTCGGTCATAAGA-1	Epithelial	19
TCGTTCGTCCCGTAGG-1	Epithelial	11
TCGTTCGTCCGAGAGA-1	Epithelial	12
TCGTTCGTCCGCTATC-1	Stromal	4
TCGTTCGTCGGTTGTA-1	Epithelial	18
TCTAGTTAGAATCAGT-1	Epithelial	12
TCTAGTTAGACTTCCA-1	Epithelial	19
TCTAGTTAGATTACGA-1	B	0
TCTAGTTAGCGCAATG-1	DC	10
TCTAGTTAGCTCGGCT-1	Myeloid	6
TCTAGTTAGTGCTCGC-1	Epithelial	8
TCTAGTTAGTGTCACT-1	Epithelial	8
TCTAGTTCAAATGCTC-1	Epithelial	8
TCTAGTTCACGTGAAG-1	T	5
TCTAGTTGTAGTACAA-1	Epithelial	8
TCTAGTTGTATCTGCA-1	B	7
TCTAGTTGTTCCTATT-1	Epithelial	19
TCTAGTTTCTTCAGAG-1	Epithelial	1
TCTATTGAGTTAGCAA-1	Epithelial	11
TCTATTGCAAGAAACT-1	Stromal	9
TCTATTGCACTGTAAC-1	Epithelial	18
TCTATTGCAGCAATGG-1	B	7
TCTATTGCAGGTGGTA-1	Epithelial	1
TCTATTGCATGGGACA-1	T	5
TCTATTGCATTGCCTC-1	Myeloid	6
TCTATTGCATTTGGTG-1	DC	10
TCTATTGGTCAAGACG-1	Epithelial	18
TCTATTGGTCCACCAG-1	DC	10
TCTATTGGTGGATTCT-1	Epithelial	18
TCTATTGGTTTGGATC-1	Epithelial	19
TCTATTGTCCACCTAC-1	Epithelial	12
TCTATTGTCCACGAGC-1	B	7
TCTATTGTCCAGGGAA-1	Epithelial	2
TCTCAGCAGGAGACTC-1	Epithelial	16
TCTCAGCAGGGTCCCT-1	T	5
TCTCAGCAGTTATGAG-1	Epithelial	11
TCTCAGCCAACGTCCG-1	Epithelial	16
TCTCAGCGTGAGTCGA-1	T	5
TCTCAGCGTGGATTCT-1	Epithelial	16
TCTCAGCGTTACACTG-1	Stromal	9
TCTCAGCTCACGTGTA-1	DC	10
TCTCAGCTCCAGCACG-1	Epithelial	19
TCTCAGCTCCGATTGA-1	Myeloid	14
TCTCAGCTCGACCCGA-1	T	5
TCTCAGCTCGGACGAA-1	Epithelial	8
TCTCAGCTCGTGATAC-1	Epithelial	11
TCTCTGGAGAAACGCC-1	Epithelial	2
TCTCTGGAGAGAACCC-1	Epithelial	2
TCTCTGGAGTGTCCCG-1	Epithelial	12
TCTCTGGCAAGGAAGA-1	Epithelial	16
TCTCTGGCAATGCATC-1	Epithelial	8
TCTCTGGCATGGAGGT-1	DC	10
TCTCTGGGTAGACGCA-1	Stromal	4
TCTCTGGGTAGATTAG-1	Epithelial	2
TCTCTGGGTATTGTCG-1	Myeloid	6
TCTCTGGTCCCAGCAG-1	B	0
TCTCTGGTCTGAACGT-1	T	5
TGAATCGAGGGTCCCT-1	Epithelial	18
TGAATCGAGTGAACCG-1	Epithelial	3
TGAATCGAGTGTGTAA-1	DC	10
TGAATCGCAAATTCCG-1	Epithelial	3
TGAATCGCAATGACTC-1	Epithelial	1
TGAATCGCACGCGTTG-1	Epithelial	3
TGAATCGCAGGCATCC-1	Epithelial	18
TGAATCGCATACTGCA-1	Epithelial	3
TGAATCGGTAGCATGG-1	Epithelial	12
TGAATCGGTAGGGTTG-1	Epithelial	16
TGAATCGGTCACCCGA-1	Epithelial	15
TGAATCGGTCGAGGAT-1	Stromal	4
TGAATCGGTCTCGGGT-1	Myeloid	6
TGAATCGGTGCACATT-1	Epithelial	16
TGAATCGTCACGTGTA-1	Epithelial	11
TGAATCGTCGCTCGGA-1	Epithelial	8
TGAATCGTCGTTACAG-1	Epithelial	2
TGACAACAGCTCGGCT-1	T	5
TGACAACCAAATAGTG-1	Epithelial	8
TGACAACCAACTCCCT-1	T	5
TGACAACCAATGGCAG-1	Stromal	9
TGACAACCACGTTGTA-1	B	7
TGACAACGTATCGCGC-1	B	7
TGACAACGTATTCTTC-1	Epithelial	11
TGACAACGTTCCCTTG-1	T	5
TGACAACTCCAGTTAG-1	Myeloid	14
TGACAACTCGATGTGT-1	B	17
TGACAACTCGGTACTA-1	Stromal	4
TGACTCCAGGCGATTG-1	Epithelial	11
TGACTCCAGGCTTTAC-1	Epithelial	1
TGACTCCAGTAACATG-1	Epithelial	8
TGACTCCAGTTAGCGG-1	Epithelial	1
TGACTCCCAAAGAGAG-1	Myeloid	14
TGACTCCCAAGATTAG-1	Epithelial	8
TGACTCCGTAACAATG-1	Epithelial	11
TGACTCCGTTGGCGAA-1	Epithelial	11
TGACTCCTCGAACCGC-1	Epithelial	2
TGACTCCTCGGTGATT-1	Epithelial	8
TGAGCCGAGGTAGGAA-1	Epithelial	16
TGAGCCGCAAGAAACT-1	Epithelial	18
TGAGCCGCAGCTGATT-1	Epithelial	2
TGAGCCGGTGGTCGAA-1	Epithelial	1
TGAGCCGGTTCCAATG-1	Epithelial	2
TGAGCCGTCCCTATTA-1	Epithelial	8
TGAGCCGTCCGTTTCG-1	DC	10
TGAGCCGTCTGGCACG-1	Epithelial	2
TGAGCCGTCTTAAGCG-1	Epithelial	3
TGAGTCAAGAATCAGT-1	Stromal	4
TGAGTCAAGAGGCAGG-1	Stromal	4
TGAGTCAAGCGCAATG-1	T	5
TGAGTCAAGCTCGGCT-1	B	17
TGAGTCAAGTACTCTG-1	Epithelial	12
TGAGTCAAGTGATATG-1	Epithelial	3
TGAGTCAAGTTACACC-1	B	13
TGAGTCACAAGCGAAC-1	Epithelial	1
TGAGTCACATGACTGT-1	B	13
TGAGTCACATTTCACT-1	B	13
TGAGTCAGTTCTTATC-1	Epithelial	2
TGAGTCATCGATGTAC-1	Epithelial	18
TGATCAGAGAACTCCT-1	Epithelial	16
TGATCAGAGCCATCAT-1	Epithelial	18
TGATCAGAGCCCATGC-1	T	5
TGATCAGAGGATGCCA-1	Stromal	4
TGATCAGAGGCATGCA-1	Epithelial	11
TGATCAGAGGGTATCG-1	Stromal	4
TGATCAGAGTGAGTTA-1	Epithelial	11
TGATCAGCAACGTAGG-1	B	17
TGATCAGCAAGCTTTG-1	Epithelial	16
TGATCAGCACCATTCC-1	T	5
TGATCAGCACTGAAGG-1	Epithelial	15
TGATCAGCAGGATAGC-1	Epithelial	8
TGATCAGCATCGGCCA-1	Epithelial	11
TGATCAGCATGATTGC-1	Epithelial	2
TGATCAGCATGGTATC-1	Epithelial	11
TGATCAGGTCATTGCA-1	T	5
TGATCAGGTGCATTCA-1	Myeloid	6
TGATCAGTCAGTCTTT-1	B	17
TGATCAGTCCCTACCA-1	Epithelial	8
TGATCAGTCTGTTGCC-1	B	0
TGATGCAAGACTAGCG-1	Epithelial	18
TGATGCAAGTCGTACT-1	Epithelial	8
TGATGCAAGTTGCCGC-1	Epithelial	16
TGATGCACAATGGTCT-1	Epithelial	1
TGATGCACACTCGCAG-1	Epithelial	3
TGATGCACAGGTGTCC-1	Epithelial	3
TGATGCACATTCCCGT-1	Epithelial	1
TGATGCAGTAGGGTTG-1	Epithelial	18
TGATGCAGTATCACAC-1	Epithelial	11
TGATGCAGTCAGCTTA-1	Epithelial	16
TGATGCAGTTATGCAC-1	Epithelial	1
TGATGCATCACATCCC-1	Epithelial	3
TGATGCATCCCGTAGG-1	T	5
TGATGCATCGATTACG-1	Epithelial	11
TGATGCATCGGGAATG-1	B	13
TGATGCATCTTGTCGC-1	Myeloid	6
TGATTTCAGAAGGGCG-1	B	7
TGATTTCAGGTCTTGT-1	Epithelial	1
TGATTTCAGTACCTCA-1	T	5
TGATTTCCAAGTCTCA-1	Epithelial	18
TGATTTCCAATGCATC-1	B	17
TGATTTCCACCGAAAG-1	Epithelial	12
TGATTTCCAGCGTCGT-1	Epithelial	12
TGATTTCCATATTGGC-1	Epithelial	18
TGATTTCGTAACGGCA-1	Epithelial	2
TGATTTCGTACAACGG-1	B	0
TGATTTCGTCGATAGG-1	Stromal	4
TGATTTCTCACTGGTA-1	Epithelial	16
TGATTTCTCTATGAGC-1	Epithelial	3
TGCACCTAGAAAGGGT-1	Stromal	4
TGCACCTAGGTGTCGA-1	T	5
TGCACCTAGTAACTCC-1	Stromal	4
TGCACCTCACACATGT-1	Epithelial	2
TGCACCTCAGAGTCGA-1	Epithelial	16
TGCACCTCAGGCACAA-1	B	13
TGCACCTCAGGTAGGT-1	T	5
TGCACCTCATCTCACC-1	Epithelial	1
TGCACCTCATTCGTCC-1	Epithelial	19
TGCACCTGTAACAATG-1	Epithelial	8
TGCACCTGTCATAAGA-1	B	7
TGCACCTTCATACTTC-1	T	5
TGCACCTTCCTTTGCG-1	Stromal	9
TGCACCTTCGCAGATT-1	Epithelial	18
TGCACCTTCGTCGCAG-1	Epithelial	3
TGCATGAAGAGAGTTT-1	T	5
TGCATGAAGCCTTTGA-1	T	5
TGCATGAAGGCTCAGA-1	Myeloid	6
TGCATGAAGGTGAACC-1	Epithelial	2
TGCATGAAGTAGTCGG-1	Epithelial	1
TGCATGAAGTGTTCCA-1	Epithelial	18
TGCATGACACATTGCA-1	B	17
TGCATGACACCAAGGA-1	B	7
TGCATGACATCCCTTG-1	T	5
TGCATGACATTACACG-1	Epithelial	8
TGCATGAGTACTTGAC-1	Myeloid	14
TGCATGAGTCCACCAG-1	Epithelial	2
TGCATGAGTGGACCAA-1	Stromal	4
TGCATGATCACGTCAA-1	Epithelial	8
TGCATGATCCCACGGA-1	T	5
TGCATGATCCGCTATC-1	Epithelial	19
TGCATGATCGAACACT-1	Epithelial	2
TGCATGATCGCCAGAC-1	Epithelial	12
TGCATTTAGAGAATTC-1	Myeloid	14
TGCATTTAGGAAGGTA-1	B	13
TGCATTTAGGGAGATA-1	Myeloid	6
TGCATTTAGGTACACG-1	Epithelial	8
TGCATTTAGTCAGCCC-1	Myeloid	14
TGCATTTCAACGCAAG-1	Epithelial	16
TGCATTTCAAGTCTCA-1	Epithelial	18
TGCATTTCAGTTGCAT-1	Epithelial	11
TGCATTTCATCATCGA-1	Epithelial	18
TGCATTTGTTTCGTTT-1	Epithelial	1
TGCATTTGTTTCTCTA-1	Epithelial	2
TGCATTTTCAGATACC-1	Epithelial	2
TGCATTTTCCGTCAAA-1	Epithelial	15
TGCATTTTCCTATCAT-1	Myeloid	6
TGCATTTTCCTCAAGA-1	Epithelial	19
TGCCTCAAGACTAATG-1	Epithelial	2
TGCCTCAAGACTTCCA-1	Epithelial	1
TGCCTCAAGATGTTCC-1	T	5
TGCCTCAAGGGAGATA-1	B	0
TGCCTCAAGTGAGTTA-1	Epithelial	2
TGCCTCACAAGCAATA-1	Epithelial	1
TGCCTCACAAGCGACA-1	Myeloid	14
TGCCTCACAGTAAGAT-1	Epithelial	2
TGCCTCACATTCTCGC-1	Stromal	9
TGCCTCAGTCATAGAA-1	T	5
TGCCTCAGTCCGGTAC-1	Myeloid	14
TGCCTCAGTGCGTAGA-1	Epithelial	8
TGCCTCAGTGGATTCT-1	Epithelial	12
TGCCTCAGTTACACTG-1	Epithelial	2
TGCCTCATCCGTTTCG-1	Epithelial	1
TGCCTCATCTCGTGAA-1	Epithelial	1
TGCCTGTAGACTAGGC-1	Epithelial	3
TGCCTGTAGGTGAACC-1	Epithelial	8
TGCCTGTAGTTGAATG-1	Epithelial	8
TGCCTGTCACACTAGT-1	Epithelial	8
TGCCTGTCAGTAACTC-1	Epithelial	19
TGCCTGTCATGCGACC-1	DC	10
TGCCTGTGTATTGTGC-1	Epithelial	8
TGCCTGTGTGTGTGTT-1	Epithelial	8
TGCCTGTTCCTCTCTT-1	Epithelial	16
TGCCTGTTCCTGACCT-1	B	7
TGCCTGTTCGCCACTT-1	Epithelial	2
TGCCTGTTCGTAGCGC-1	Epithelial	1
TGCGTAAAGACTCTTG-1	Epithelial	18
TGCGTAAAGCGAGAAA-1	Epithelial	12
TGCGTAAAGGGAAATG-1	B	7
TGCGTAACAATGACTC-1	Epithelial	8
TGCGTAACACTGTTAG-1	Epithelial	19
TGCGTAACATCAACTG-1	Epithelial	16
TGCGTAACATCCCGGA-1	Epithelial	8
TGCGTAACATGCGACC-1	Epithelial	3
TGCGTAAGTATCAGCT-1	Epithelial	12
TGCGTAAGTCATTGCA-1	T	5
TGCGTAAGTGAGGGTT-1	B	0
TGCGTAAGTTAGAGAT-1	Epithelial	16
TGCGTAATCAGAATGA-1	Epithelial	3
TGCGTAATCCCGTATC-1	Epithelial	3
TGCGTAATCTCTGTTA-1	Myeloid	6
TGCGTAATCTCTTCTC-1	Epithelial	3
TGCTATTAGTAGTGTA-1	T	5
TGCTATTCAACGTACT-1	DC	10
TGCTATTCAAGCACTT-1	Epithelial	1
TGCTATTCACGTACAT-1	Epithelial	12
TGCTATTCACTACACA-1	B	7
TGCTATTCAGAGAGAA-1	Epithelial	3
TGCTATTCAGTATCTG-1	Epithelial	12
TGCTATTCAGTCAGCC-1	Epithelial	8
TGCTATTCATCATCGA-1	Epithelial	18
TGCTATTGTAACTCCA-1	Epithelial	19
TGCTATTGTTCTACCC-1	B	13
TGCTATTTCAACTTGG-1	Epithelial	1
TGCTATTTCCGAGAGA-1	Epithelial	16
TGCTATTTCGCATAAC-1	DC	10
TGCTATTTCTTGTCAT-1	Myeloid	14
TGCTATTTCTTGTCGC-1	Epithelial	12
TGCTCACAGCTACGCC-1	DC	10
TGCTCACAGCTATCGT-1	B	7
TGCTCACAGTTGCTTG-1	B	0
TGCTCACCAAGCGACA-1	Epithelial	12
TGCTCACCACTGCTTC-1	Epithelial	12
TGCTCACCACTGGGCT-1	Epithelial	8
TGCTCACCAGCAAACG-1	Epithelial	18
TGCTCACCATTAAGGA-1	B	0
TGCTCACGTAGTTTGC-1	Epithelial	1
TGCTCACGTGGACCAA-1	B	7
TGCTCACGTTAGGCTT-1	Epithelial	3
TGCTCACGTTATAGAG-1	B	7
TGCTCACTCACATTCT-1	Epithelial	18
TGCTCACTCACTGATG-1	B	13
TGCTCACTCATTCGGA-1	Epithelial	8
TGCTCACTCGATGAAA-1	Epithelial	16
TGCTCACTCGCTCTAC-1	Epithelial	8
TGCTCGTAGCCATTCA-1	B	7
TGCTCGTAGTGTCCCG-1	B	0
TGCTCGTCATTTGTTC-1	Epithelial	18
TGCTCGTGTAACGTAA-1	Epithelial	11
TGCTCGTGTCAACAGG-1	Epithelial	3
TGCTCGTGTGCAACAG-1	Myeloid	6
TGCTCGTGTTACTACG-1	T	5
TGCTCGTGTTTCTACT-1	Epithelial	15
TGCTCGTTCAATCGTG-1	Epithelial	18
TGCTCGTTCCATCTAT-1	B	0
TGCTCGTTCGGTCAGC-1	Myeloid	6
TGCTCGTTCTCCAACC-1	B	0
TGCTCGTTCTTAAGCG-1	B	0
TGCTCGTTCTTCCGTG-1	Epithelial	16
TGCTTCGAGCGCCTAC-1	T	5
TGCTTCGAGCGTTAGG-1	Epithelial	16
TGCTTCGAGTAATCAG-1	Myeloid	6
TGCTTCGCAATGAAAC-1	Stromal	9
TGCTTCGTCAAGTTGC-1	T	5
TGCTTCGTCGGTCTAA-1	Epithelial	16
TGCTTCGTCTAAACGC-1	Epithelial	1
TGCTTCGTCTATGAGC-1	Epithelial	11
TGCTTTAAGCTGAAAT-1	Epithelial	3
TGCTTTAAGGTCGTTT-1	Epithelial	15
TGCTTTACAACCTCCT-1	T	5
TGCTTTACAATGACTC-1	B	7
TGCTTTACAATGATGA-1	Epithelial	19
TGCTTTACAGGATAGC-1	Epithelial	16
TGCTTTACAGGCACAA-1	Epithelial	8
TGCTTTACATCGTGAT-1	Epithelial	16
TGCTTTACATTACTTC-1	Epithelial	1
TGCTTTAGTAGGTAAT-1	Stromal	4
TGCTTTAGTGAGTCGA-1	Epithelial	1
TGCTTTAGTGGACTGA-1	Epithelial	8
TGCTTTAGTTGGGAAC-1	B	7
TGCTTTATCATCATGG-1	Epithelial	3
TGGAAGGAGAATCAGT-1	Epithelial	2
TGGAAGGAGCAGAGCT-1	Epithelial	1
TGGAAGGAGGTCGTTT-1	B	13
TGGAAGGAGGTTACAA-1	Epithelial	3
TGGAAGGCAACGGACA-1	Epithelial	2
TGGAAGGCACTCCTCA-1	T	5
TGGAAGGCAGAACGAC-1	Myeloid	14
TGGAAGGCAGCACATT-1	Epithelial	12
TGGAAGGCAGGCAGAT-1	Epithelial	19
TGGAAGGCAGTCAGAG-1	Epithelial	11
TGGAAGGGTCCATTGA-1	Epithelial	2
TGGAAGGTCTCCACTG-1	T	5
TGGACATAGGATGTCG-1	Epithelial	16
TGGACATCAAGCAGGT-1	B	7
TGGACATCAAGGATGC-1	B	7
TGGACATCACCTACCT-1	Epithelial	8
TGGACATCACGCGTTG-1	T	5
TGGACATCAGAGATGC-1	Epithelial	11
TGGACATCATCTCACC-1	B	13
TGGACATGTAAACGAT-1	Epithelial	18
TGGACATGTTCAGAAA-1	Epithelial	18
TGGACATTCAGGGTTT-1	Epithelial	16
TGGACATTCCACGGCA-1	DC	10
TGGACATTCCGAATTG-1	Epithelial	11
TGGACATTCGAGGCTC-1	Epithelial	3
TGGACATTCGCGATGC-1	B	13
TGGACATTCTCGCGGA-1	Epithelial	2
TGGCAATAGAGCTACG-1	Myeloid	6
TGGCAATAGCTGAAAT-1	T	5
TGGCAATAGGATTTGA-1	Epithelial	3
TGGCAATAGGCAGTAC-1	Stromal	9
TGGCAATAGGGTTCCC-1	Epithelial	1
TGGCAATCAGTATCTG-1	Epithelial	2
TGGCAATCATATTGGC-1	Epithelial	15
TGGCAATCATGGCCCA-1	B	17
TGGCAATGTATCACAC-1	B	13
TGGCAATGTATGTTCG-1	B	13
TGGCAATGTCAGGTGA-1	Myeloid	14
TGGCAATGTGCATTCA-1	Epithelial	18
TGGCAATGTTCTCGAA-1	B	7
TGGCAATTCCAGGTAT-1	B	0
TGGCAATTCCGCTCTA-1	Epithelial	12
TGGCAATTCCTCCATG-1	Stromal	4
TGGCAATTCTCTTCCT-1	Epithelial	16
TGGCCTTAGCATACCT-1	DC	10
TGGCCTTAGGCACCTC-1	Epithelial	15
TGGCCTTAGGTAAGTT-1	Epithelial	2
TGGCCTTAGTCCCTCT-1	Stromal	4
TGGCCTTCACTCCTCA-1	Stromal	4
TGGCCTTCATGCACTA-1	Epithelial	1
TGGCCTTGTACAACGG-1	B	17
TGGCCTTGTCAATACC-1	Epithelial	18
TGGCCTTGTGATGCTT-1	Stromal	4
TGGCCTTGTGGCATAG-1	B	0
TGGCCTTTCAACACGT-1	Epithelial	18
TGGCCTTTCTACATCT-1	Epithelial	19
TGGCGCAAGACACTTC-1	Stromal	4
TGGCGCAAGGCACCTC-1	B	13
TGGCGCAAGTTCGCGC-1	Epithelial	16
TGGCGCACAAAGCTTC-1	Epithelial	18
TGGCGCACAAGAGATT-1	B	0
TGGCGCAGTCAAGACG-1	Epithelial	16
TGGCGCAGTCTGGGCT-1	Epithelial	8
TGGCGCATCCCAGCGA-1	Epithelial	2
TGGCGCATCCTGAAAC-1	Epithelial	1
TGGCGCATCCTTACGC-1	Stromal	9
TGGCGCATCGTCCCAT-1	Epithelial	8
TGGGTGCAGCGTGTTT-1	Epithelial	19
TGGGTGCAGGGTAATT-1	Stromal	4
TGGGTGCAGTTGCTTG-1	Epithelial	16
TGGGTGCCAATTAGGA-1	Epithelial	11
TGGGTGCGTCCCTAAA-1	Epithelial	19
TGGGTGCGTGCTTTGA-1	Epithelial	3
TGGGTGCGTTCCGCGA-1	Epithelial	2
TGGGTGCTCAATTCCT-1	Epithelial	11
TGGGTGCTCCAAGAGG-1	Epithelial	16
TGGGTGCTCGAGGTAG-1	Epithelial	11
TGGGTGCTCGCTACCT-1	Epithelial	3
TGGGTTAAGAACTCCT-1	Epithelial	18
TGGGTTAAGACAGCTG-1	Stromal	4
TGGGTTAAGTGAAACT-1	Epithelial	19
TGGGTTAAGTTACCAC-1	Epithelial	8
TGGGTTACAACGCAAG-1	B	0
TGGGTTACAGCAAACG-1	Epithelial	8
TGGGTTACATACAACC-1	B	13
TGGGTTAGTACAAGCG-1	Epithelial	11
TGGGTTAGTGGATTTC-1	Epithelial	16
TGGGTTAGTGGGTAGT-1	Epithelial	8
TGGGTTAGTTAGGCTT-1	B	17
TGGGTTAGTTCTTTGT-1	Epithelial	16
TGGGTTAGTTGGACGA-1	Myeloid	6
TGGGTTATCAAACCAC-1	T	5
TGGGTTATCGCACAAT-1	Stromal	9
TGGGTTATCGCGCCAA-1	B	7
TGGGTTATCGTGGTAT-1	B	7
TGGTCAAAGATCGAGC-1	Epithelial	1
TGGTCAAAGATGGCAC-1	T	5
TGGTCAACAACATAAG-1	Epithelial	16
TGGTCAAGTTCGGGAA-1	Epithelial	2
TGGTCAATCCATGACA-1	Stromal	9
TGGTCAATCGACTCGG-1	Epithelial	12
TGGTCAATCGGATAAA-1	B	0
TGGTCAATCTAAACGC-1	Epithelial	16
TGGTCAATCTCTGCGT-1	Epithelial	12
TGGTCCTAGAGTGGAA-1	Epithelial	8
TGGTCCTAGAGTGGTC-1	Epithelial	12
TGGTCCTAGCTATCGT-1	Epithelial	19
TGGTCCTAGTATACGA-1	Epithelial	16
TGGTCCTCAAGGTTCT-1	Epithelial	8
TGGTCCTCACAACGGA-1	DC	10
TGGTCCTCACATGATC-1	Epithelial	18
TGGTCCTCATGTAGAA-1	Epithelial	11
TGGTCCTGTAGCAGCA-1	Epithelial	11
TGGTCCTGTATTCTCT-1	Stromal	4
TGGTCCTGTATTGTGC-1	T	5
TGGTCCTGTTGCAGCC-1	B	17
TGGTCCTTCCACGAGC-1	Epithelial	18
TGGTCCTTCGAGAACG-1	T	5
TGGTCCTTCGCCCTTA-1	Myeloid	6
TGGTCCTTCTCGTAGA-1	Epithelial	16
TGTAAGCAGATCCGAG-1	B	7
TGTAAGCCAAACAGTA-1	Epithelial	18
TGTAAGCCAAGCCTTA-1	B	7
TGTAAGCCACCTGGTG-1	Epithelial	19
TGTAAGCCACTACACA-1	T	5
TGTAAGCCAGCGTCGT-1	Epithelial	8
TGTAAGCCATGCGACC-1	B	0
TGTAAGCGTACCAAGG-1	Epithelial	2
TGTAAGCGTATTGTCG-1	DC	10
TGTAAGCGTCATCGTA-1	Epithelial	16
TGTAAGCGTGCATTGT-1	Epithelial	8
TGTAAGCGTTGAAGCG-1	Epithelial	16
TGTAAGCTCCATACGA-1	B	17
TGTAAGCTCCCGGGTA-1	Myeloid	14
TGTAAGCTCGATATGC-1	Epithelial	2
TGTAAGCTCTATCTTG-1	Epithelial	16
TGTAAGCTCTTACGGA-1	Myeloid	6
TGTACAGAGCAGAATT-1	Epithelial	1
TGTACAGAGGGAGATA-1	Epithelial	3
TGTACAGAGTCACGCC-1	Epithelial	15
TGTACAGCAAATAGTG-1	Myeloid	6
TGTACAGCAAGCTTTG-1	B	7
TGTACAGCATTGCACA-1	Stromal	4
TGTACAGGTGCTTTGA-1	T	5
TGTACAGGTTTAAGGA-1	T	5
TGTACAGTCACTCGGG-1	Epithelial	2
TGTACAGTCAGTGTGT-1	B	0
TGTACAGTCCCGAAGC-1	B	7
TGTACAGTCTGACATG-1	Myeloid	6
TGTACGAAGAGAGTTT-1	Epithelial	2
TGTACGAAGAGGCGGA-1	T	5
TGTACGAAGGTCGTTT-1	T	5
TGTACGAAGGTCTTGT-1	Epithelial	12
TGTACGAAGTTGACAA-1	Epithelial	15
TGTACGACAACAAACA-1	B	17
TGTACGACAGTTAAAG-1	Epithelial	1
TGTACGACATCGGCCA-1	Epithelial	8
TGTACGACATTAGCAC-1	Epithelial	2
TGTACGACATTGAACC-1	Epithelial	18
TGTACGAGTGTTGGTT-1	Epithelial	1
TGTACGATCGATAGGG-1	B	17
TGTACGATCTGATCCC-1	Myeloid	14
TGTAGCAAGATGCGCA-1	B	13
TGTAGCAAGCTGCCAC-1	Epithelial	11
TGTAGCACAATTCGTG-1	Epithelial	2
TGTAGCACACCTGGTG-1	Myeloid	6
TGTAGCACACGCTCAG-1	Epithelial	2
TGTAGCACAGAGATGC-1	T	5
TGTAGCACAGGCATCC-1	Epithelial	3
TGTAGCAGTACAACGG-1	Stromal	9
TGTAGCAGTGCTGTCG-1	Epithelial	11
TGTAGCAGTGTAGGAC-1	Epithelial	18
TGTAGCATCAACTTGG-1	Epithelial	8
TGTAGCATCCGTTAGA-1	DC	10
TGTAGCATCGCGTGAC-1	T	5
TGTAGCATCGTGGCGT-1	T	5
TGTAGCATCTACTGCC-1	Epithelial	16
TGTAGCATCTGTTGCC-1	Myeloid	14
TGTGACAAGATCTAAG-1	Epithelial	15
TGTGACAAGCAGAGCT-1	T	5
TGTGACAAGGATTAAC-1	Epithelial	11
TGTGACACAAGGAGGG-1	Myeloid	6
TGTGACACAAGGTCGA-1	Myeloid	6
TGTGACACAGGCAAGT-1	B	7
TGTGACACATTTGTTC-1	Epithelial	16
TGTGACAGTCAGCAAG-1	Epithelial	8
TGTGACAGTCTAAAGA-1	B	0
TGTGACAGTTACGGAG-1	Epithelial	16
TGTGACATCAGGAATA-1	Epithelial	2
TGTGACATCATCGCAA-1	DC	10
TGTGACATCATCGCTC-1	Epithelial	16
TGTGACATCCATGTTT-1	Epithelial	3
TGTGACATCCTCTCTT-1	Epithelial	2
TGTGACATCGACTATG-1	DC	10
TGTGACATCGCACCTT-1	Epithelial	3
TGTGACATCTTCCAGC-1	B	7
TGTGGCGAGTCTGGGA-1	Epithelial	8
TGTGGCGCACAGAAGC-1	Epithelial	2
TGTGGCGCAGGTCCTG-1	Epithelial	8
TGTGGCGCAGTAACCT-1	Stromal	9
TGTGGCGGTATTCGCA-1	B	7
TGTGGCGGTCCCGAGT-1	Epithelial	2
TGTGGCGGTCCGTGCA-1	Epithelial	18
TGTGGCGGTTAACTCG-1	B	13
TGTGGCGTCCATCATT-1	T	5
TGTGTCCAGAGGCGGA-1	Stromal	9
TGTGTCCAGATTACGA-1	B	7
TGTGTCCAGCGCAATG-1	Stromal	9
TGTGTCCAGGCGTAGT-1	Stromal	9
TGTGTCCCACACACCG-1	Stromal	4
TGTGTCCCAGCAACAG-1	Epithelial	16
TGTGTCCCAGCGCGTT-1	Epithelial	11
TGTGTCCCAGTTAAAG-1	Epithelial	2
TGTGTCCCATGTCCCT-1	T	5
TGTGTCCGTACTTCGA-1	B	0
TGTGTCCGTCCTATTT-1	T	5
TGTGTCCGTGCCCGAT-1	Epithelial	16
TGTGTCCGTGCCCTAG-1	Epithelial	1
TGTGTCCGTTACGGAG-1	Epithelial	16
TGTGTCCTCGACCCGA-1	T	5
TGTGTCCTCGCGCTGA-1	Myeloid	14
TGTGTCCTCGTCGCAG-1	Epithelial	1
TGTGTCCTCTGTTTAC-1	Epithelial	2
TGTGTCCTCTTAACGG-1	Epithelial	8
TGTTAGGAGAACGTTA-1	Epithelial	3
TGTTAGGAGGCGTCCT-1	Myeloid	6
TGTTAGGCAAGGAGGG-1	T	5
TGTTAGGCAAGGGAGG-1	T	5
TGTTAGGCAATGCATC-1	Epithelial	12
TGTTAGGCAATTCTCT-1	Epithelial	2
TGTTAGGCAGATACAA-1	B	0
TGTTAGGGTAAACGTA-1	Stromal	4
TGTTAGGGTATATGGA-1	Epithelial	12
TGTTAGGGTATTCTCT-1	Epithelial	3
TGTTAGGGTGATGCGA-1	B	17
TGTTAGGGTGGTTCTA-1	T	5
TGTTAGGGTTGGCTAT-1	Epithelial	12
TGTTAGGTCAACTTGG-1	Epithelial	2
TGTTAGGTCCAGGCCA-1	Epithelial	8
TTAACGGAGCAGGACT-1	T	5
TTAACGGAGCCCATTA-1	Stromal	4
TTAACGGAGGGAGTTC-1	Epithelial	3
TTAACGGAGTGCAACG-1	Epithelial	8
TTAACGGCACCTATTT-1	T	5
TTAACGGCAGCAACGA-1	Epithelial	18
TTAACGGCAGTCAGCC-1	Epithelial	2
TTAACGGGTACTTCAG-1	Epithelial	3
TTAACGGGTCATTGGT-1	T	5
TTAACGGGTCCTATTT-1	B	7
TTAACGGGTGTCGTGC-1	B	0
TTAACGGTCACTAGCA-1	Epithelial	1
TTAACGGTCATCGCTC-1	Epithelial	16
TTAACGGTCGCATACA-1	Epithelial	18
TTACCCGAGAGCCACA-1	Epithelial	2
TTACCCGAGCAATAAC-1	Myeloid	6
TTACCCGAGCAGAAAG-1	B	0
TTACCCGAGCGTCTGC-1	Epithelial	12
TTACCCGAGTCATACC-1	B	17
TTACCCGCAACTCGAT-1	Epithelial	12
TTACCCGCAAGTAATG-1	B	0
TTACCCGGTCTGCACG-1	Epithelial	18
TTACCCGGTTGGCTTA-1	Epithelial	12
TTACCGCAGAATCAGT-1	Epithelial	2
TTACCGCAGGCAAGGG-1	T	5
TTACCGCAGTACAGTA-1	B	13
TTACCGCCAGGTCCTG-1	T	5
TTACCGCGTAGCATGG-1	Myeloid	6
TTACCGCGTATCCCTC-1	Epithelial	2
TTACCGCGTCACAGTT-1	Epithelial	18
TTACCGCGTCCCGAGT-1	Myeloid	6
TTACCGCGTTCTGAGT-1	Epithelial	19
TTACCGCGTTTAAGCC-1	Epithelial	2
TTACCGCTCGCCAGAC-1	Epithelial	19
TTACCGCTCGGGTCCA-1	Epithelial	8
TTACCGCTCGTGAACT-1	B	7
TTACCGCTCTATCTTG-1	Epithelial	16
TTACGGAAGAAACGCC-1	Stromal	4
TTACGGAAGGTACACG-1	Epithelial	3
TTACGGACAACCTCTC-1	T	5
TTACGGACAGATAAGT-1	B	7
TTACGGACATCTCACC-1	Epithelial	18
TTACGGAGTAGGTAAT-1	T	5
TTACGGAGTCAGAAGC-1	Epithelial	1
TTACGGAGTCCCTTTG-1	B	17
TTACGGAGTCTAACCA-1	Myeloid	14
TTACGGATCTGTGTGA-1	DC	10
TTACGTTAGAAATACC-1	Epithelial	19
TTACGTTAGACTTCCA-1	Myeloid	6
TTACGTTAGGACTTTC-1	Epithelial	1
TTACGTTAGGTAGGAA-1	Myeloid	6
TTACGTTAGTAGGTCG-1	Epithelial	12
TTACGTTGTATCCCTC-1	B	13
TTACGTTGTCCTTCAC-1	B	7
TTACGTTGTCTGAGCC-1	Myeloid	6
TTACGTTTCCTCAAGA-1	Epithelial	18
TTACGTTTCGAGGTAG-1	Epithelial	8
TTACGTTTCTTACCTA-1	T	5
TTACTCAAGGGTTCCC-1	Epithelial	18
TTACTCAAGTCGCCTG-1	Epithelial	3
TTACTCACACATATCG-1	T	5
TTACTCACACTGTTAG-1	Epithelial	16
TTACTCACAGCAAACG-1	Epithelial	11
TTACTCACAGCTGATT-1	B	17
TTACTCAGTAGGTCTT-1	T	5
TTACTCAGTCCCTAAA-1	B	7
TTACTCAGTCTCTAAG-1	Myeloid	6
TTACTCAGTGCTGTCG-1	Epithelial	16
TTACTCATCACGTGTA-1	Epithelial	16
TTACTCATCACTACCC-1	Epithelial	12
TTACTCATCCATCGAA-1	Myeloid	6
TTACTCATCTGACATG-1	Stromal	4
TTACTCATCTGGTACA-1	Epithelial	2
TTACTTGAGAGGTCCA-1	T	5
TTACTTGAGCAGAATT-1	B	13
TTACTTGAGGCCTCTG-1	T	5
TTACTTGAGTCCCTCT-1	Epithelial	2
TTACTTGAGTGAAGGA-1	Epithelial	12
TTACTTGCAATGCATC-1	B	13
TTACTTGCACTGCTCT-1	T	5
TTACTTGCAGCTTACA-1	Epithelial	11
TTACTTGCATTAGCCA-1	B	7
TTACTTGGTATCGCGC-1	Myeloid	14
TTACTTGGTCAGAGTG-1	B	7
TTACTTGGTCTGATTG-1	Epithelial	3
TTACTTGGTTACCACA-1	B	7
TTACTTGTCGGTAGGA-1	Epithelial	8
TTACTTGTCGTGAACT-1	B	17
TTACTTGTCTACCCGT-1	Epithelial	2
TTACTTGTCTCTCAAT-1	Epithelial	16
TTAGCGAAGAAGAGTG-1	Epithelial	8
TTAGCGAAGCAGAATT-1	Epithelial	2
TTAGCGAAGCTGAGGT-1	Epithelial	15
TTAGCGAAGGGATCCA-1	Epithelial	8
TTAGCGACAAGCAACG-1	Epithelial	11
TTAGCGACAGATACAA-1	Epithelial	3
TTAGCGACAGGTCTGC-1	T	5
TTAGCGACATTCCCGT-1	Myeloid	14
TTAGCGATCAATTCCT-1	Epithelial	15
TTAGCGATCACGTCAA-1	Myeloid	6
TTAGCGATCCATGACA-1	Epithelial	18
TTAGCGATCCCGGGTA-1	Epithelial	8
TTAGCGATCCGGAAAG-1	Epithelial	16
TTAGCGATCTATAGGC-1	Epithelial	11
TTAGCTTAGAGAGTAG-1	Myeloid	6
TTAGCTTAGGGAGATA-1	Epithelial	8
TTAGCTTAGGGCGAAG-1	DC	10
TTAGCTTAGGTTCGAG-1	B	0
TTAGCTTCAACTAGAA-1	Epithelial	15
TTAGCTTCACAAGTGG-1	Epithelial	18
TTAGCTTCACCTGGTG-1	T	5
TTAGCTTCATGGGTGA-1	Epithelial	16
TTAGCTTGTAAGGTCG-1	Epithelial	2
TTAGCTTGTCTGGTTA-1	Epithelial	2
TTAGCTTGTGGCCTCA-1	Epithelial	2
TTAGGTGAGAAGCCGT-1	T	5
TTAGGTGAGCACCATT-1	Epithelial	11
TTAGGTGAGGCGACTA-1	Epithelial	2
TTAGGTGAGTCTCCAA-1	Epithelial	16
TTAGGTGCAAGGTTCT-1	Epithelial	16
TTAGGTGCAAGTTGCT-1	Epithelial	12
TTAGGTGCAATCCATG-1	T	5
TTAGGTGCAGATACAA-1	Epithelial	19
TTAGGTGCATGTCCCT-1	Epithelial	11
TTAGGTGGTCTCGGGT-1	Myeloid	6
TTAGGTGGTGTTTCTT-1	Epithelial	16
TTAGGTGGTTCAGTAC-1	Epithelial	15
TTAGGTGGTTTGCCCT-1	B	7
TTAGGTGTCATTGCCC-1	Epithelial	2
TTAGGTGTCCTTGACC-1	Epithelial	18
TTATGTCAGAACCCGA-1	Epithelial	2
TTATGTCAGGGAGATA-1	DC	10
TTATGTCAGTCACGCC-1	Epithelial	3
TTATGTCAGTGAAACT-1	Epithelial	2
TTATGTCCAGCAACCC-1	B	0
TTATGTCGTATATGGA-1	B	7
TTATGTCGTCACAGGA-1	Epithelial	1
TTATGTCGTCCGTAGC-1	B	13
TTATGTCGTCGATAGG-1	B	13
TTATGTCTCAGAATGA-1	B	17
TTATGTCTCTAGCAGT-1	Epithelial	8
TTATGTCTCTTACCTA-1	Stromal	4
TTCAACTAGCAACTGG-1	Epithelial	2
TTCAACTAGCATTCCA-1	Epithelial	8
TTCAACTAGGGTGTTG-1	Epithelial	8
TTCAACTAGTAATCAG-1	Epithelial	1
TTCAACTAGTAGGAAG-1	Epithelial	11
TTCAACTCAACGACAG-1	Epithelial	8
TTCAACTCACAATAAG-1	Epithelial	18
TTCAACTGTAAAGGCC-1	Epithelial	18
TTCAACTGTCTGGGAA-1	Epithelial	3
TTCAACTGTGGCCTTG-1	B	7
TTCAACTTCAGAGTGG-1	Epithelial	16
TTCAACTTCGACTGGC-1	Epithelial	11
TTCATCAAGCCATGGA-1	Epithelial	8
TTCATCAAGCGGACTA-1	Epithelial	11
TTCATCAAGGGTAATT-1	B	7
TTCATCACACAAGTGG-1	T	5
TTCATCACACCAAGGA-1	Epithelial	19
TTCATCAGTCATGAGG-1	Epithelial	15
TTCATCAGTGAATGGC-1	Epithelial	18
TTCATCAGTTATGCAC-1	B	7
TTCATCATCATCGCAA-1	Epithelial	19
TTCATCATCCAGCACG-1	Epithelial	2
TTCATCATCCAGGCCA-1	Epithelial	19
TTCATCATCCCTACGT-1	Epithelial	18
TTCATCATCCTGTAGA-1	Epithelial	19
TTCATCATCTATTTCG-1	B	17
TTCATCATCTGATCCC-1	Epithelial	19
TTCATTGAGACTCTTG-1	Myeloid	6
TTCATTGAGAGGCAGG-1	Myeloid	14
TTCATTGAGCATGTGG-1	Epithelial	3
TTCATTGAGGCTTCGC-1	Epithelial	19
TTCATTGAGGTCCTCG-1	Epithelial	1
TTCATTGAGTCCCTCT-1	B	13
TTCATTGCAACGGGTA-1	B	13
TTCATTGCACACATGT-1	Epithelial	3
TTCATTGGTAGCATGG-1	T	5
TTCATTGGTATCTGCA-1	B	7
TTCATTGGTGTACGCC-1	B	7
TTCATTGTCACTTACT-1	Myeloid	14
TTCATTGTCGGAAAGC-1	Myeloid	6
TTCATTGTCTCTTCTC-1	B	7
TTCATTGTCTGTAGAC-1	Epithelial	19
TTCGATTAGACTCTTG-1	Epithelial	19
TTCGATTAGTACCACT-1	Epithelial	3
TTCGATTAGTCCGTGC-1	Epithelial	18
TTCGATTAGTTACACC-1	Epithelial	18
TTCGATTCAAGGGAGG-1	DC	10
TTCGATTCACATCATG-1	T	5
TTCGATTGTAACGGCA-1	Epithelial	19
TTCGATTGTAAGCCGA-1	Epithelial	16
TTCGATTGTCAGAAAT-1	Epithelial	8
TTCGATTGTTCTACCC-1	Epithelial	19
TTCGATTGTTTAGACC-1	Myeloid	14
TTCGATTTCCCACTAC-1	B	0
TTCGATTTCGCATAAC-1	Epithelial	1
TTCGCGTAGCGAATAT-1	Myeloid	6
TTCGCGTCACTTGCGG-1	Epithelial	8
TTCGCGTCATTGAACC-1	Epithelial	18
TTCGCGTGTCTCTAAG-1	T	5
TTCGCGTGTGCGACCT-1	Epithelial	2
TTCGCGTGTTAACCGT-1	Epithelial	3
TTCGCGTGTTCTTAGG-1	Epithelial	3
TTCGCGTTCCATAGGT-1	T	5
TTCGCGTTCCCATAGA-1	Epithelial	2
TTCGCGTTCCTTCGAC-1	Myeloid	6
TTCGCGTTCGGTACTA-1	B	0
TTCGCGTTCGGTTGTA-1	T	5
TTCGCGTTCGTCGCAG-1	Epithelial	8
TTCGCGTTCTGTGTCC-1	Epithelial	8
TTCGGTCAGAAACGCC-1	Epithelial	2
TTCGGTCAGACTAATG-1	T	5
TTCGGTCAGCTCCATA-1	Epithelial	18
TTCGGTCAGGCGATTG-1	B	7
TTCGGTCAGTCGGGAT-1	T	5
TTCGGTCCAACGTAGG-1	Epithelial	18
TTCGGTCCACCGAAAG-1	Epithelial	12
TTCGGTCCAGTGCTCG-1	Epithelial	2
TTCGGTCGTACGGAGT-1	T	5
TTCGGTCGTAGTCTGT-1	Myeloid	6
TTCGGTCGTCCATTGA-1	B	7
TTCGGTCGTGAATCGG-1	Epithelial	1
TTCGGTCGTGCTGGCT-1	Epithelial	3
TTCGGTCTCACTCGGG-1	T	5
TTCGGTCTCCATACGA-1	B	7
TTCGGTCTCCCACTAC-1	Epithelial	11
TTCGGTCTCCCACTTG-1	Epithelial	11
TTCGGTCTCTGGCTAA-1	B	13
TTCGTTAAGAACCCGA-1	Epithelial	11
TTCGTTAAGAGAGTTT-1	Epithelial	1
TTCGTTAAGCCCATGC-1	B	7
TTCGTTAAGCGCCTAC-1	Epithelial	8
TTCGTTAAGTGAAGGA-1	T	5
TTCGTTACACGCTCAG-1	Epithelial	8
TTCGTTACACTCAAGT-1	Epithelial	3
TTCGTTACAGGAGCAT-1	T	5
TTCGTTACATCATGTG-1	Epithelial	12
TTCGTTACATCGCTAA-1	B	0
TTCGTTAGTATGGATA-1	B	17
TTCGTTAGTTATGCAC-1	B	17
TTCTAACAGATCTAAG-1	B	0
TTCTAACAGGCCTCTG-1	Epithelial	8
TTCTAACAGTAACATG-1	B	7
TTCTAACAGTATACGA-1	Epithelial	8
TTCTAACAGTGGTGTG-1	Epithelial	12
TTCTAACCACCAAGGA-1	Epithelial	8
TTCTAACCATGGAGGT-1	T	5
TTCTAACGTAAGCCGA-1	Epithelial	8
TTCTAACGTACCGGCT-1	Epithelial	15
TTCTAACGTCCGAGCT-1	Epithelial	16
TTCTAACGTGCCCGAT-1	Epithelial	18
TTCTAACGTTAGGAAT-1	Epithelial	8
TTCTAACGTTGCAGCC-1	DC	10
TTCTAACTCCAACGCG-1	B	7
TTCTAACTCGTTCAGA-1	Epithelial	3
TTCTGTAAGACAGCTG-1	T	5
TTCTGTAAGCCTTTGA-1	Epithelial	15
TTCTGTAAGGTTGACG-1	Epithelial	16
TTCTGTAAGTAGGTCG-1	Epithelial	1
TTCTGTACAATCATCG-1	Epithelial	2
TTCTGTACACATTCTT-1	B	7
TTCTGTACACGTGAAG-1	Epithelial	11
TTCTGTACACTCAAGT-1	Epithelial	2
TTCTGTACACTGCTCT-1	B	17
TTCTGTACATTGCACA-1	T	5
TTCTGTAGTACGTAAA-1	B	0
TTCTGTAGTCAACTGT-1	Epithelial	2
TTCTGTAGTGAGTTGG-1	DC	10
TTCTGTAGTTTAGAAG-1	Epithelial	19
TTCTGTATCGCTATAG-1	B	7
TTGACGAAGGTAGGAA-1	B	7
TTGACGAAGTAGGAAG-1	Epithelial	18
TTGACGAAGTTCCAGT-1	B	17
TTGACGACATCAGCTA-1	Epithelial	3
TTGACGACATCTCACC-1	Epithelial	11
TTGACGAGTACCCATA-1	Epithelial	8
TTGACGAGTGGATTCT-1	Epithelial	8
TTGACGATCCAGGTCG-1	Myeloid	14
TTGACGATCCCTAAAG-1	DC	10
TTGACGATCGATGCAT-1	Epithelial	2
TTGAGCAAGAACAGGA-1	T	5
TTGAGCAAGAATCAAC-1	Myeloid	14
TTGAGCAAGCTCCGGT-1	B	7
TTGAGCAAGGACTTTC-1	T	5
TTGAGCAAGTGAGTGC-1	Epithelial	18
TTGAGCACATACCCGG-1	Epithelial	16
TTGAGCACATCGAGTT-1	Epithelial	2
TTGAGCAGTACTATGC-1	Myeloid	6
TTGAGCAGTGGAAGCT-1	Epithelial	8
TTGAGCAGTTCCCAAA-1	Epithelial	8
TTGAGCAGTTGGAGGT-1	Epithelial	1
TTGAGCAGTTGTGAGG-1	Epithelial	11
TTGAGCAGTTTGACCA-1	Myeloid	6
TTGAGCATCCACGGCA-1	Stromal	4
TTGAGCATCCTGGGAC-1	Epithelial	2
TTGAGTGAGACAGCTG-1	Epithelial	11
TTGAGTGAGCGAGCTA-1	Epithelial	1
TTGAGTGAGCGATACG-1	Myeloid	14
TTGAGTGAGGGAAATG-1	Epithelial	16
TTGAGTGAGTACAGAT-1	Epithelial	19
TTGAGTGAGTCTGGGA-1	T	5
TTGAGTGCATCGCCTT-1	B	0
TTGAGTGCATCGGCTG-1	Epithelial	18
TTGAGTGTCATCGCAA-1	Epithelial	11
TTGAGTGTCCTGTGGG-1	Epithelial	3
TTGAGTGTCGCTTACC-1	Epithelial	11
TTGAGTGTCTCGTAGA-1	Epithelial	15
TTGCACCAGAACCCGA-1	Epithelial	18
TTGCACCAGTTGCGCC-1	Epithelial	11
TTGCACCCAAACAGTA-1	Epithelial	2
TTGCACCCACTGGGCT-1	T	5
TTGCACCCAGGACCTC-1	Epithelial	15
TTGCACCCATATTGGC-1	B	17
TTGCACCCATGCCTTC-1	Epithelial	8
TTGCACCGTCGGCTGT-1	Myeloid	6
TTGCACCGTCTAAGAA-1	Epithelial	16
TTGCACCTCACTCGGG-1	Myeloid	6
TTGCACCTCGAAGCCC-1	DC	10
TTGCACCTCGCAGATT-1	Epithelial	3
TTGCAGACAAAGGTCG-1	Epithelial	19
TTGCAGACAAGATGCG-1	Epithelial	19
TTGCAGACACATCATG-1	Epithelial	1
TTGCAGACACTACACA-1	Epithelial	8
TTGCAGACATCGGCTG-1	Epithelial	12
TTGCAGACATGCGCTG-1	B	13
TTGCAGACATTACTTC-1	Stromal	4
TTGCAGACATTGCACA-1	Myeloid	14
TTGCAGAGTAACTGAA-1	B	7
TTGCAGAGTCATCAAC-1	Stromal	9
TTGCAGATCCTCCATG-1	T	5
TTGCAGATCGTCGCAG-1	Epithelial	3
TTGCAGATCTCTTCCT-1	B	13
TTGCCCAAGCAACGGT-1	Epithelial	15
TTGCCCAAGTAATGTG-1	T	5
TTGCCCAAGTGATATG-1	T	5
TTGCCCACAACATAAG-1	T	5
TTGCCCACAACGTAGG-1	Epithelial	2
TTGCCCACAACTAGAA-1	B	7
TTGCCCACACACATGT-1	Epithelial	12
TTGCCCACACCACAGC-1	Epithelial	2
TTGCCCACAGCGTCGT-1	Epithelial	12
TTGCCCACAGGTAGCA-1	Epithelial	18
TTGCCCACATGTGGGA-1	Epithelial	19
TTGCCCACATTAGCAC-1	B	13
TTGCCCAGTATTTGCG-1	T	5
TTGCCCAGTCAATACC-1	T	5
TTGCCCAGTCAGGCTC-1	Epithelial	12
TTGCCCAGTCATGAGG-1	B	7
TTGCCCAGTGCGTAGA-1	Epithelial	8
TTGCCCATCCAACGCG-1	B	0
TTGCCCATCCAGAATC-1	Epithelial	18
TTGCCCATCCAGGGAA-1	Epithelial	8
TTGCCCATCCTTCGAC-1	T	5
TTGCCCATCGATGTAC-1	Epithelial	8
TTGCCCATCGCGATGC-1	Epithelial	18
TTGCCCATCTCGCGTT-1	Epithelial	18
TTGCGAACAATGACTC-1	Epithelial	12
TTGCGAACACCATTCC-1	Epithelial	3
TTGCGAACATTACTCT-1	B	13
TTGCGAAGTAGGGTTG-1	Epithelial	18
TTGCGAAGTCAGTGCC-1	Myeloid	6
TTGCGAAGTCCACCAG-1	B	17
TTGCGAAGTGCTGAAG-1	Epithelial	8
TTGCGAAGTTCCCGGA-1	B	0
TTGCGAATCCAACGCG-1	B	13
TTGCGAATCCATTGAG-1	B	13
TTGCGAATCGCACCGA-1	Epithelial	12
TTGCGAATCTGTTGCC-1	Epithelial	8
TTGCGGGAGAAGGGCG-1	Epithelial	16
TTGCGGGAGGTAGGCT-1	Epithelial	18
TTGCGGGCATAAAGTG-1	Epithelial	16
TTGCGGGGTCGGCTGT-1	B	7
TTGCGGGGTTACGAAA-1	Epithelial	19
TTGCGGGTCCAGTTAG-1	Epithelial	18
TTGCGGGTCCGCCTAT-1	T	5
TTGCTATAGACGCCAA-1	Epithelial	18
TTGCTATAGCACCATT-1	T	5
TTGCTATAGCTGCCAC-1	B	17
TTGCTATAGTCAGGAC-1	Epithelial	11
TTGCTATAGTCTAGAA-1	B	7
TTGCTATCAAGCAGGT-1	Epithelial	18
TTGCTATCATCGTGAT-1	Epithelial	11
TTGCTATGTGAATACA-1	Stromal	9
TTGCTATGTTTAAGCC-1	B	0
TTGCTATGTTTAAGGA-1	Epithelial	2
TTGCTATTCGTGCTGG-1	B	0
TTGCTATTCTCAGATG-1	T	5
TTGCTTAAGAACTAAC-1	T	5
TTGCTTAAGCGTAGCA-1	Epithelial	3
TTGCTTAAGGAGTACC-1	Stromal	4
TTGCTTAAGGTACACG-1	B	13
TTGCTTAAGTGATAAC-1	Stromal	4
TTGCTTACAAACAGTA-1	DC	10
TTGCTTACAAAGACGC-1	Epithelial	2
TTGCTTACAAGCTTTG-1	Epithelial	18
TTGCTTACAGAACTTC-1	Epithelial	11
TTGCTTACATTACCTT-1	Epithelial	1
TTGCTTACATTGTGAC-1	Epithelial	3
TTGCTTAGTACGACCC-1	Epithelial	19
TTGCTTAGTACGGAGT-1	Epithelial	19
TTGCTTAGTCAGAGTG-1	Epithelial	19
TTGCTTAGTCTCTGGG-1	B	13
TTGCTTAGTCTGCACG-1	Epithelial	18
TTGCTTAGTTACGGAG-1	B	7
TTGCTTATCACATTCT-1	Epithelial	16
TTGCTTATCACCGCGA-1	B	7
TTGCTTATCCAGAATC-1	Epithelial	18
TTGCTTATCCTTCGAC-1	Epithelial	15
TTGCTTATCGTGGAAG-1	Stromal	4
TTGCTTATCTTCAGAG-1	Epithelial	2
TTGGTCCCAAAGCTGG-1	Epithelial	1
TTGGTCCCATTGATGC-1	Epithelial	2
TTGGTCCGTAGCGTTT-1	Epithelial	19
TTGGTCCGTGGAGTGT-1	Epithelial	11
TTGGTCCGTTTGTAGC-1	B	7
TTGGTCCTCACCCTTG-1	Epithelial	2
TTGGTCCTCACGTGTA-1	T	5
TTGGTCCTCGAGGTAG-1	Epithelial	3
TTGGTCCTCGTCTTAT-1	Epithelial	8
TTGGTCCTCTGATCTT-1	Epithelial	18
TTGTCTAAGCCCATTA-1	T	5
TTGTCTAAGCGCGTTC-1	DC	10
TTGTCTAAGCGTCTGC-1	Myeloid	6
TTGTCTAAGGGACGTT-1	DC	10
TTGTCTAAGGTTGACG-1	Epithelial	16
TTGTCTAAGTGAACCG-1	Stromal	4
TTGTCTACAAGCAGGT-1	Stromal	4
TTGTCTACATGGGAAC-1	T	5
TTGTCTAGTACTTCGA-1	Epithelial	2
TTGTCTAGTAGCAGCA-1	Epithelial	2
TTGTCTAGTCAATCCA-1	Epithelial	16
TTGTCTAGTTGAAGCG-1	Epithelial	3
TTGTCTATCAAGAGGC-1	Myeloid	6
TTGTCTATCACTCCCA-1	Myeloid	6
TTGTCTATCCCATAGA-1	Stromal	4
TTGTCTATCCCGGGTA-1	Epithelial	12
TTGTTCAAGAACTAAC-1	Epithelial	16
TTGTTCACAATGCACT-1	Epithelial	12
TTGTTCACATGGCCCA-1	T	5
TTGTTCAGTCTAAGAA-1	Epithelial	16
TTGTTCATCAATTGGC-1	Epithelial	1
TTGTTCATCATGAACC-1	T	5
TTGTTCATCCGAATTG-1	Epithelial	16
TTGTTCATCGTTGTAG-1	Epithelial	18
TTGTTCATCTCCTTGG-1	Epithelial	12
TTGTTCATCTCTGAGA-1	Epithelial	8
TTGTTGTAGAGAAGCA-1	B	17
TTGTTGTAGCGCACAA-1	Stromal	4
TTGTTGTAGGGACGTT-1	Epithelial	8
TTGTTGTAGTCATCTG-1	Epithelial	3
TTGTTGTCAGGTGGTA-1	T	5
TTGTTGTGTAGACGCA-1	B	13
TTGTTGTGTTACTTTC-1	B	17
TTGTTGTTCCGTTAGA-1	Stromal	9
TTGTTGTTCGCTAGTA-1	B	17
TTTACGTAGAAATCTG-1	Epithelial	11
TTTACGTAGTCGAAAT-1	T	5
TTTACGTCAACGTACT-1	Epithelial	16
TTTACGTCAAGACTAA-1	B	0
TTTACGTCACTGTCGG-1	Epithelial	8
TTTACGTGTTTCAGCA-1	Epithelial	3
TTTACGTTCACGTCAA-1	Epithelial	16
TTTACGTTCGTCTAGA-1	T	5
TTTGAGGAGAAGAGTG-1	B	0
TTTGAGGAGCTGAGGT-1	DC	10
TTTGAGGAGGCAGTGT-1	Epithelial	8
TTTGAGGAGTAATCAG-1	Epithelial	2
TTTGAGGAGTTGCCGC-1	Epithelial	18
TTTGAGGCACTACACA-1	Epithelial	3
TTTGAGGCACTCGCAG-1	Epithelial	11
TTTGAGGCATCACAAC-1	Epithelial	12
TTTGAGGCATTGTTCT-1	Epithelial	16
TTTGAGGGTCGTAATC-1	Epithelial	2
TTTGAGGGTGCCCAGT-1	Epithelial	2
TTTGAGGTCACTCGGG-1	Epithelial	8
TTTGAGGTCCACCTAC-1	Epithelial	3
TTTGAGGTCCGCCTAT-1	Epithelial	12
TTTGAGGTCCTTCGAC-1	DC	10
TTTGAGGTCGGGAAAC-1	B	13
TTTGAGGTCTACATCT-1	DC	10
TTTGCGCAGAACGACC-1	B	0
TTTGCGCAGAAGGGCG-1	Epithelial	2
TTTGCGCAGATCGCCC-1	Myeloid	6
TTTGCGCAGCGAATAT-1	Epithelial	1
TTTGCGCAGGTCCTCG-1	Epithelial	18
TTTGCGCAGTATAGTG-1	T	5
TTTGCGCCAAGGCTTT-1	Myeloid	14
TTTGCGCCAGTTACAC-1	Epithelial	12
TTTGCGCGTTGCTTGA-1	Epithelial	16
TTTGCGCTCATTCGGA-1	B	0
TTTGCGCTCCATAGGT-1	B	0
TTTGCGCTCCCGTAGG-1	Epithelial	3
TTTGCGCTCTGAAAGA-1	DC	10
TTTGCGCTCTTGTACT-1	T	5
TTTGGCCGTGATGCGA-1	Stromal	4
TTTGGCCTCAAACCAC-1	Epithelial	8
TTTGGCCTCAGGGTTT-1	Myeloid	14
TTTGGCCTCATTCATC-1	Epithelial	16
TTTGGCCTCTGATCTT-1	Epithelial	1
TTTGGTTAGAATATCG-1	Epithelial	3
TTTGGTTAGATATGTG-1	B	17
TTTGGTTAGTTACACC-1	Epithelial	16
TTTGGTTCAGGGAGTT-1	T	5
TTTGGTTGTCAAATCC-1	B	13
TTTGGTTTCAGCCGAC-1	T	5
TTTGGTTTCATACTTC-1	Epithelial	18
TTTGGTTTCGCAAACT-1	B	17
TTTGTGTAGGCTTCGC-1	Stromal	4
TTTGTGTAGGTGAACC-1	Epithelial	2
TTTGTGTCAACGCACC-1	Epithelial	18
TTTGTGTCAAGCGTCC-1	Epithelial	12
TTTGTGTCACTACACA-1	Epithelial	3
TTTGTGTCATCCGTGG-1	Epithelial	11
TTTGTGTCATTAACGC-1	B	13
TTTGTGTGTCAACAGG-1	Epithelial	2
TTTGTGTGTGGAAGCT-1	Epithelial	16
