AAACGAAAGAGACTCG-1	T	2
AAACGAAAGGGAGATA-1	T	5
AAACGAAAGTTCAAGA-1	T	17
AAACGAACAAAGCATA-1	T	13
AAACGAACACATGATC-1	T	13
AAACGAACACCGTCTT-1	T	12
AAACGAACACTGAAGG-1	T	9
AAACGAACACTGATTG-1	T	17
AAACGAACAGAGAGAA-1	T	8
AAACGAACATTACTTC-1	T	3
AAACGAAGTCTGAGCC-1	T	2
AAACGAAGTGCCGGTT-1	T	5
AAACGAATCACTAGGT-1	Myeloid	15
AAACGAATCGAGGTCC-1	T	1
AAACGAATCTTGTCGC-1	T	0
AAACTCGAGAGGTACC-1	T	6
AAACTCGAGATCGAGC-1	T	0
AAACTCGAGCACACCC-1	T	3
AAACTCGAGTCAGGAC-1	T	7
AAACTCGCAATGACTC-1	T	10
AAACTCGCACAGCCAC-1	T	14
AAACTCGCAGGTAACG-1	T	17
AAACTCGCATGATTGC-1	T	9
AAACTCGGTGGCGCTT-1	Myeloid	15
AAACTCGTCACAAGCT-1	T	14
AAACTCGTCCACCTAC-1	T	17
AAACTCGTCCCTACGT-1	T	13
AAACTGCAGACTTCCA-1	T	19
AAACTGCAGATCGATA-1	T	19
AAACTGCAGGTAAGTT-1	T	17
AAACTGCAGGTCCTCG-1	T	16
AAACTGCAGTACCTCA-1	T	2
AAACTGCAGTAGTTCC-1	T	3
AAACTGCCACGTACAT-1	T	0
AAACTGCGTAACTCCA-1	T	17
AAACTGCGTAGAACGC-1	T	12
AAACTGCGTCTCTGCT-1	T	13
AAACTGCTCAGTGTAC-1	T	2
AAACTGCTCCTATCCG-1	T	1
AAACTGCTCGATTACG-1	T	0
AAAGATGAGTTCGTTG-1	T	5
AAAGATGCAACTTGGT-1	T	9
AAAGATGCAAGCCCTG-1	T	10
AAAGATGCAAGTAACA-1	T	12
AAAGATGCAATTGTGC-1	T	2
AAAGATGCATCATCGA-1	T	0
AAAGATGGTAGACACG-1	T	14
AAAGATGGTCACCCGA-1	T	12
AAAGATGGTGCCCAGT-1	T	17
AAAGATGGTTTCCTAT-1	Myeloid	15
AAAGATGGTTTGAAGA-1	T	0
AAAGATGTCCAGAGAG-1	Myeloid	15
AAAGATGTCCATGACA-1	T	5
AAAGATGTCGCTCGGA-1	T	8
AAAGGATAGCAGGAGG-1	T	5
AAAGGATAGCGTATCT-1	T	11
AAAGGATAGGCAAGGG-1	T	0
AAAGGATAGTACAACA-1	T	19
AAAGGATAGTTCAACC-1	T	6
AAAGGATCAGGAGCAT-1	T	10
AAAGGATCAGTCAGCC-1	T	8
AAAGGATCATGATCGT-1	T	14
AAAGGATGTCACAGTT-1	T	1
AAAGGATGTGATGCTT-1	T	8
AAAGGATGTTCTTTGT-1	T	5
AAAGGATGTTGTGACT-1	T	2
AAAGGATTCCTGTGGG-1	T	12
AAAGGATTCGGATGTT-1	T	8
AAAGGATTCTACCCGT-1	T	13
AAAGGGCAGAACGTCG-1	T	5
AAAGGGCAGACGACTG-1	T	16
AAAGGGCAGAGCCTGA-1	T	19
AAAGGGCAGTACGCGA-1	T	13
AAAGGGCCAGAGCCAA-1	T	13
AAAGGGCCAGGCAAGT-1	T	16
AAAGGGCCAGTAACGG-1	T	17
AAAGGGCGTAGCATGG-1	T	2
AAAGGGCGTGAAACAT-1	T	4
AAAGGGCTCGCCCTTA-1	T	1
AAAGGGCTCTGCGTCT-1	T	8
AAAGGGCTCTTACGGA-1	T	14
AAAGGGCTCTTCCAGC-1	T	12
AAAGGGCTCTTGTCAT-1	T	1
AAATGAGAGGGACGTT-1	T	9
AAATGAGCAGAGAGAA-1	Myeloid	15
AAATGAGCATATTGGC-1	T	5
AAATGAGGTCGTCGCA-1	T	10
AAATGAGGTGGATTTC-1	T	0
AAATGAGTCCATCATT-1	T	17
AAATGAGTCGAGGCTC-1	T	2
AAATGAGTCGTCCCAT-1	T	11
AAATGCCAGACCAATA-1	T	19
AAATGCCAGACGCCCT-1	T	1
AAATGCCAGCTATCGT-1	T	7
AAATGCCAGGCCTCGT-1	T	5
AAATGCCAGGGCTCTC-1	T	11
AAATGCCAGTGCACAG-1	T	13
AAATGCCCACGCTAAT-1	T	7
AAATGCCTCACCCGGA-1	T	14
AAATGCCTCGAGAAGC-1	T	11
AAATGCCTCGCATAAC-1	T	19
AAATGCCTCTCTGACC-1	T	0
AACAAAGAGGATATCA-1	T	7
AACAAAGAGTAGAAGG-1	T	18
AACAAAGGTAAACGAT-1	T	5
AACAAAGGTAGTGATA-1	T	11
AACAAAGGTCACCCGA-1	T	19
AACAAAGGTCAGCTTA-1	T	12
AACAAAGGTCATAGCT-1	T	11
AACAAAGGTGGTGGTA-1	T	4
AACAAAGGTTAGCTCA-1	T	16
AACAAAGGTTCTGAGT-1	T	5
AACAAAGTCATTGCCC-1	T	16
AACAAAGTCGGGAAAC-1	T	7
AACAAAGTCTCTGCAC-1	T	16
AACAGTCAGAGGAAGT-1	T	10
AACAGTCAGCGCAATG-1	T	3
AACAGTCAGCTCGTTA-1	T	0
AACAGTCAGTAGTTCC-1	T	11
AACAGTCAGTCCGTGC-1	T	10
AACAGTCAGTCCTTCC-1	T	18
AACAGTCCAATCCATG-1	T	4
AACAGTCCACGGTTAT-1	T	1
AACAGTCCAGAATGCG-1	T	2
AACAGTCCATAGCAGG-1	T	14
AACAGTCGTCATCAAC-1	T	7
AACAGTCGTTTCGACA-1	T	4
AACAGTCTCCGAGAGA-1	T	3
AACAGTCTCGAGTGTT-1	T	5
AACAGTCTCTTAACGG-1	T	9
AACATCGAGAGCAGCT-1	T	5
AACATCGAGCTAGTTC-1	T	14
AACATCGAGGTCGGTA-1	T	8
AACATCGAGTGCACAG-1	T	7
AACATCGAGTTGACAA-1	T	5
AACATCGCAAGCGAAC-1	T	18
AACATCGCAAGGCTTT-1	T	8
AACATCGCACGGTGTC-1	T	2
AACATCGGTAACAATG-1	T	8
AACATCGGTACCAAGG-1	T	13
AACATCGGTGTCTCGG-1	T	1
AACATCGGTTCCAATG-1	T	8
AACATCGTCCCAGCAG-1	T	8
AACATCGTCGAACACT-1	T	11
AACCAACAGAATGCTA-1	T	14
AACCAACAGAGAACCC-1	T	0
AACCAACAGAGTGGAA-1	T	11
AACCAACAGGGAAGCG-1	T	0
AACCAACCAGGGAGTT-1	T	17
AACCAACCAGTAACCT-1	T	6
AACCAACGTGGAGTGT-1	T	1
AACCAACGTTGCAGCC-1	T	3
AACCAACTCCAGCACG-1	Myeloid	15
AACCGATAGAAGGGCG-1	T	1
AACCGATAGAGCGGTT-1	T	8
AACCGATAGAGGAACA-1	T	2
AACCGATAGATATGTG-1	T	6
AACCGATAGCGTCAAG-1	T	2
AACCGATAGGCTCAGA-1	T	3
AACCGATAGTACAACA-1	T	8
AACCGATAGTGCTGAG-1	T	7
AACCGATCAACTACTG-1	T	6
AACCGATCAGGCAGAT-1	T	19
AACCGATGTACCCACG-1	T	1
AACCGATGTAGAAGCC-1	T	5
AACCGATGTCTCTGGG-1	T	13
AACCGATGTGACAAGC-1	T	8
AACCGATTCAATTCCT-1	T	13
AACCGATTCAGGAAGC-1	T	6
AACCGATTCCGGAAAG-1	T	17
AACCGATTCGATGCAT-1	T	14
AACCGATTCGTGGAAG-1	T	16
AACCGATTCTGCCGAG-1	T	2
AACCTGAAGAACCATA-1	T	14
AACCTGAAGCCATCAT-1	T	11
AACCTGAAGGAGTACC-1	T	0
AACCTGAAGTCCGGAA-1	T	7
AACCTGACAAACAGTA-1	T	8
AACCTGACAACATAAG-1	T	1
AACCTGACATAAAGTG-1	T	14
AACCTGACATGCACTA-1	T	0
AACCTGAGTCATTGGT-1	T	7
AACCTGAGTCTCTGCT-1	T	12
AACCTGAGTTCAGTAC-1	T	3
AACCTGATCCCTATTA-1	T	2
AACCTGATCGGACGAA-1	T	2
AACCTGATCGTGGGTC-1	T	0
AACCTTTAGACCCATT-1	T	7
AACCTTTAGCAGGACT-1	T	17
AACCTTTAGCGAGAAA-1	T	17
AACCTTTAGCTGGAGT-1	T	8
AACCTTTAGTCTCCAA-1	T	11
AACCTTTGTCACTCTC-1	T	6
AACCTTTGTGCATTCA-1	T	18
AACCTTTGTGGAAGCT-1	T	6
AACCTTTGTTACACTG-1	Myeloid	15
AACCTTTGTTGGACGA-1	T	8
AACCTTTTCAGCACTA-1	T	12
AACCTTTTCAGGTTTG-1	T	14
AACCTTTTCATTGCCC-1	T	9
AACCTTTTCCAGGTCG-1	T	19
AACCTTTTCCCAGTAA-1	T	7
AACCTTTTCCGTGCGA-1	T	1
AACCTTTTCGGACGAA-1	T	4
AACCTTTTCTGAGTAC-1	T	13
AACGAGGAGCCTCGCA-1	T	16
AACGAGGAGGCGACTA-1	T	10
AACGAGGAGTAGAAGG-1	T	1
AACGAGGCAGGCTACC-1	T	7
AACGAGGGTCCGCTTT-1	T	5
AACGAGGGTGAGTAAT-1	T	14
AACGAGGGTGCGTTTA-1	T	18
AACGAGGGTGTCTACA-1	T	11
AACGAGGGTTCTTATC-1	T	9
AACGAGGGTTTGCCCT-1	T	5
AACGAGGTCCCACTTG-1	T	9
AACGAGGTCCCAGTAA-1	T	6
AACGAGGTCCCGAAGC-1	T	9
AACGAGGTCGATGTGT-1	T	19
AACGAGGTCGGCAATT-1	T	12
AACGAGGTCGGGAATG-1	T	9
AACGGGAAGGATTAAC-1	T	16
AACGGGAAGGTGTTGG-1	T	4
AACGGGAAGTTCAACC-1	T	6
AACGGGAGTACGCCCA-1	T	8
AACGGGAGTAGTACAA-1	T	7
AACGGGAGTTCAGAAA-1	T	7
AACGGGATCAAACCAC-1	T	18
AACGGGATCTCATCCG-1	T	3
AACGTACAGAGACTCG-1	T	9
AACGTACAGAGGTGGG-1	T	11
AACGTACAGCGCGTTC-1	T	18
AACGTACAGCTCGTTA-1	T	13
AACGTACAGCTTACCA-1	T	8
AACGTACAGTACGACG-1	T	13
AACGTACAGTGGACGT-1	T	18
AACGTACCAAGTAATG-1	T	0
AACGTACCACCTACCT-1	T	13
AACGTACCACGCGACT-1	T	16
AACGTACCAGCTGATT-1	T	17
AACGTACCAGTTCGGC-1	T	10
AACGTACCATCGAGTT-1	T	12
AACGTACCATTCCCGT-1	T	10
AACGTACGTCCAAGAG-1	T	5
AACGTACGTCGTAATC-1	T	17
AACGTACGTGGATTTC-1	T	10
AACGTACGTGTCCAGC-1	T	12
AACGTACGTTAGGAGC-1	T	1
AACGTACGTTTGCCAA-1	T	11
AACGTACTCAGTGTGT-1	T	10
AACGTACTCATAGGTC-1	T	2
AACGTACTCGTGCTTC-1	T	1
AACGTACTCTGGCTAA-1	T	4
AACTGGTAGACCAATA-1	T	5
AACTGGTAGGAAACTT-1	T	6
AACTGGTAGTGCTGAG-1	T	10
AACTGGTCACCCTTAC-1	T	10
AACTGGTCACGCTCAG-1	T	7
AACTGGTCATTGCGAT-1	T	13
AACTGGTGTACGCAAG-1	T	5
AACTGGTGTAGGGTCA-1	T	5
AACTGGTGTATTCGCA-1	T	1
AACTGGTGTTGCCTGG-1	T	11
AACTGGTTCACTCGTC-1	T	2
AACTGGTTCCTTACGC-1	T	13
AACTGGTTCGGTCCGA-1	T	7
AACTGGTTCGTTGTAG-1	Myeloid	15
AACTGGTTCTCAGATG-1	T	12
AACTGTGAGACAACGC-1	T	6
AACTGTGAGGACTAGC-1	T	8
AACTGTGAGGATATCA-1	T	0
AACTGTGAGTAACATG-1	T	11
AACTGTGAGTTCAACC-1	T	12
AACTGTGCAGATTTGC-1	T	3
AACTGTGCAGGATAGC-1	T	10
AACTGTGCATGACTGT-1	T	7
AACTGTGGTGCTTCCT-1	T	5
AACTGTGGTGTTGGTT-1	T	11
AACTGTGGTTCCAGTA-1	T	7
AACTGTGGTTGGTAAA-1	T	6
AACTGTGTCACAAGCT-1	T	3
AACTGTGTCACTAGCA-1	T	14
AACTGTGTCGCAACTA-1	T	11
AACTTGGAGCGCGTTC-1	T	16
AACTTGGAGCGTATCT-1	T	8
AACTTGGAGGAGTACC-1	T	2
AACTTGGAGGGAAGCG-1	T	0
AACTTGGAGTTCAAGA-1	T	5
AACTTGGCAAGTAATG-1	T	6
AACTTGGCACAATAAG-1	T	6
AACTTGGCAGGGAGTT-1	T	1
AACTTGGCATGCTATG-1	T	17
AACTTGGGTTCTTAGG-1	T	12
AACTTGGTCCTATCAT-1	T	17
AACTTGGTCGCAAGCC-1	T	19
AACTTGGTCGCTAGTA-1	T	10
AACTTGGTCGTCTAGA-1	T	1
AACTTGGTCTAGTCGA-1	T	2
AACTTGGTCTCTTAAC-1	T	17
AAGATAGAGAACCCGA-1	T	0
AAGATAGAGACGAAAG-1	T	11
AAGATAGAGCGCCTAC-1	T	13
AAGATAGAGCGTCTGC-1	T	1
AAGATAGAGCTTTCCC-1	T	19
AAGATAGAGGCAAGCT-1	T	1
AAGATAGCAAAGGAAG-1	T	19
AAGATAGCAATGTGCT-1	T	11
AAGATAGCACCCTTAC-1	T	19
AAGATAGCACCTGTGG-1	T	1
AAGATAGCACTCAAGT-1	T	8
AAGATAGCATTTCACT-1	T	1
AAGATAGGTAGCATGG-1	T	2
AAGATAGGTCAGGTGA-1	T	5
AAGATAGGTCTAAGAA-1	T	4
AAGATAGGTCTCTAAG-1	T	10
AAGATAGGTGCAAAGC-1	T	7
AAGATAGGTGCATCAT-1	T	11
AAGATAGGTGCGTCCA-1	T	4
AAGATAGGTTAAGGGC-1	T	14
AAGATAGGTTACCACA-1	T	14
AAGATAGTCGATGAAA-1	T	4
AAGATAGTCGCAGATT-1	T	6
AAGATAGTCGGCAATT-1	T	6
AAGATAGTCGTGATAC-1	T	5
AAGGAGCAGACAGCTG-1	T	9
AAGGAGCAGAGAATTC-1	T	6
AAGGAGCAGAGCAGCT-1	T	11
AAGGAGCAGATGGCAC-1	T	0
AAGGAGCAGTAGGAAG-1	T	18
AAGGAGCAGTGTGTAA-1	T	17
AAGGAGCCAAATAGTG-1	T	8
AAGGAGCCAAGGGAGG-1	T	11
AAGGAGCCACTTATGG-1	T	11
AAGGAGCCAGCAGGTA-1	T	0
AAGGAGCGTAACACTC-1	T	0
AAGGAGCGTACAAATG-1	T	11
AAGGAGCGTATGGATA-1	T	4
AAGGAGCGTATTGTCG-1	T	13
AAGGAGCGTATTTGCG-1	T	6
AAGGAGCGTCTGAGCC-1	T	17
AAGGAGCGTCTGTTGA-1	T	18
AAGGAGCGTGAGTTGG-1	T	17
AAGGAGCGTTAGGAAT-1	T	1
AAGGAGCTCACAGGGA-1	T	7
AAGGAGCTCAGGAATA-1	T	9
AAGGAGCTCAGGGTTT-1	T	11
AAGGAGCTCAGTGGTT-1	T	0
AAGGAGCTCCAATAGC-1	T	3
AAGGAGCTCCCTATTA-1	T	4
AAGGAGCTCGCGCCAA-1	T	8
AAGGAGCTCGGGAAAC-1	T	6
AAGGAGCTCGTCCCAT-1	T	8
AAGGAGCTCTTGTGCC-1	T	8
AAGGTTCAGAGAGTTT-1	T	17
AAGGTTCAGGAGAACA-1	T	19
AAGGTTCAGGATGCCA-1	T	16
AAGGTTCAGTGTTCCA-1	T	11
AAGGTTCAGTTCCCGG-1	T	19
AAGGTTCCAGCTTACA-1	T	18
AAGGTTCGTCAATCCA-1	T	10
AAGGTTCGTCGAGGAT-1	T	17
AAGGTTCGTCTGTCCT-1	T	12
AAGGTTCGTGGTGGTA-1	T	7
AAGGTTCTCTGTAGAC-1	T	4
AAGGTTCTCTTACGGA-1	T	12
AATACGCAGGCCTCTG-1	T	0
AATACGCCAAAGAAGG-1	T	17
AATACGCCAACTTGGT-1	T	10
AATACGCCACGGTTAT-1	T	5
AATACGCGTATTCGCA-1	T	7
AATACGCGTCACAGGA-1	T	16
AATACGCGTGAATCAA-1	Myeloid	15
AATACGCGTTACGCTA-1	T	16
AATACGCGTTACGGAG-1	T	0
AATACGCTCACGGGTC-1	T	5
AATACGCTCAGTGGTT-1	T	19
AATACGCTCTCATATC-1	T	9
AATGCCAAGGCGACTA-1	T	9
AATGCCAAGTTTACGC-1	T	0
AATGCCACACAAACGG-1	T	8
AATGCCACACCGAAAG-1	T	5
AATGCCACAGCTATAC-1	T	16
AATGCCACATCACAAC-1	T	11
AATGCCAGTAAAGCTA-1	T	8
AATGCCAGTCCCTAAA-1	T	2
AATGCCATCACACGTA-1	T	17
AATGCCATCCAAGTCA-1	T	17
AATGCCATCGGTACTA-1	T	19
AATGCCATCGTCGCAG-1	T	14
AATGCCATCGTTTGAG-1	T	2
AATGCCATCTGTGTCC-1	T	8
AATGGAAAGACAGCTG-1	T	17
AATGGAAAGATCCGAG-1	T	8
AATGGAAAGGCGACTA-1	T	9
AATGGAAAGTCTGCTA-1	T	13
AATGGAACAAGACTTC-1	T	17
AATGGAACAAGCCAGA-1	Myeloid	15
AATGGAACACCGTTGG-1	T	13
AATGGAACATGGCCTG-1	T	4
AATGGAAGTACTAGAA-1	T	7
AATGGAAGTCACAGGA-1	T	5
AATGGAAGTTCTACGA-1	T	3
AATGGAAGTTTCTCTA-1	T	6
AATGGAATCCGGCTGA-1	T	19
AATGGAATCTGGCCAG-1	T	7
AATGGAATCTTACTCA-1	Myeloid	15
AATGGCTAGAGGCGGA-1	T	2
AATGGCTAGCCATTCA-1	T	8
AATGGCTAGGAGTAGA-1	T	13
AATGGCTAGTGAAACT-1	T	0
AATGGCTAGTTTACGC-1	T	7
AATGGCTCAGTTCGGC-1	T	3
AATGGCTGTCCATTGA-1	T	10
AATGGCTGTCCCGAGT-1	T	13
AATGGCTGTGATCAGG-1	T	17
AATGGCTGTGGATTCT-1	T	11
AATGGCTGTGTGACCC-1	T	13
AATGGCTTCAGAATGA-1	T	5
AATGGCTTCCGCCTAT-1	T	7
AATGGCTTCGATAGCT-1	T	13
AATGGCTTCGCATAAC-1	T	2
AATGGCTTCGGTACTA-1	T	12
AATGTCGAGCGTAGCA-1	T	7
AATGTCGAGGTTGACG-1	T	16
AATGTCGAGTACAACA-1	T	9
AATGTCGCAAATGTCC-1	T	17
AATGTCGCAACGAGGT-1	T	11
AATGTCGCAAGCAATA-1	T	10
AATGTCGCAGGTAGGT-1	T	6
AATGTCGCATCAACTG-1	T	7
AATGTCGCATGTAGAA-1	T	17
AATGTCGCATGTATCG-1	T	11
AATGTCGTCCATACCC-1	T	16
AATGTCGTCCGGACTG-1	T	11
AATGTCGTCGACTCGG-1	T	0
AATGTCGTCGGCAATT-1	T	5
AATGTCGTCGTGGTAT-1	T	13
ACAAACCAGACGAAAG-1	T	9
ACAAACCAGTGCTAGG-1	T	1
ACAAACCCAAACCCTA-1	T	5
ACAAACCCACAGAAGC-1	Myeloid	15
ACAAACCCACTGAAGG-1	T	17
ACAAACCCATCACAAC-1	T	11
ACAAACCGTATCGCGC-1	T	12
ACAAACCGTATCTAGC-1	T	12
ACAAACCGTCAACAGG-1	T	14
ACAAACCGTCAACTAC-1	T	6
ACAAACCGTTGCAGAG-1	T	6
ACAAACCGTTGCAGCC-1	T	7
ACAAACCGTTGGACGA-1	T	12
ACAAACCGTTTAGAAG-1	T	13
ACAAACCTCTGGAAGG-1	T	11
ACAAAGAAGGGATCCA-1	T	10
ACAAAGAAGGTAGGCT-1	T	3
ACAAAGACAAGTAACA-1	T	11
ACAAAGACAAGTTCGT-1	T	9
ACAAAGACATCATCGA-1	T	7
ACAAAGACATCCTGGG-1	T	11
ACAAAGACATGCGCTG-1	T	6
ACAAAGACATGGAGGT-1	T	7
ACAAAGAGTCAGAAAT-1	T	16
ACAAAGAGTCGGCTGT-1	T	1
ACAAAGATCGCTGATA-1	T	2
ACAAAGATCGGGATCC-1	T	13
ACAAAGATCGGTACTA-1	T	1
ACAAGCTAGCGCGTTC-1	T	7
ACAAGCTAGGGTAATT-1	T	9
ACAAGCTAGGTCACTT-1	T	14
ACAAGCTAGTGATTAG-1	T	9
ACAAGCTCACCTGTGG-1	T	11
ACAAGCTCAGCAACGA-1	T	5
ACAAGCTCATAGGCGA-1	T	11
ACAAGCTCATCAGAAA-1	T	5
ACAAGCTCATGCACTA-1	T	9
ACAAGCTCATGGCCGT-1	T	5
ACAAGCTGTAGATGAT-1	T	13
ACAAGCTGTAGTTTGC-1	T	4
ACAAGCTGTCATCGTA-1	T	7
ACAAGCTGTCCAGACC-1	T	11
ACAAGCTGTGACGCAA-1	T	11
ACAAGCTGTGATAAGT-1	T	7
ACAAGCTGTGCAAGCA-1	T	6
ACAAGCTGTGCGTTTA-1	T	1
ACAAGCTGTTCGGGAA-1	T	8
ACAAGCTTCCGCTCTA-1	T	11
ACAAGCTTCCTTCGAC-1	T	14
ACAATCGCACCATTCC-1	T	19
ACAATCGCAGCAGGTA-1	T	14
ACAATCGCATCCTCGT-1	T	9
ACAATCGCATTACCTT-1	T	7
ACAATCGGTAGATGAT-1	T	11
ACAATCGGTCACCCGA-1	T	1
ACAATCGTCAACACGT-1	T	1
ACAATCGTCACTAGGT-1	T	1
ACAATCGTCAGCCGGT-1	T	9
ACAATCGTCGCGGCAT-1	T	12
ACAATCGTCTAGCTGA-1	T	0
ACAATCGTCTGGACAT-1	T	18
ACAGAAAAGCGCCTAC-1	T	12
ACAGAAAAGTACGACG-1	T	8
ACAGAAAAGTTACCAC-1	T	6
ACAGAAACAAACAGTA-1	T	4
ACAGAAACAACGCAAG-1	T	13
ACAGAAACAAGGAGTC-1	T	0
ACAGAAACAATCATCG-1	T	13
ACAGAAACACGATTAC-1	T	7
ACAGAAACACGCGTTG-1	T	18
ACAGAAACATAGGCGA-1	T	14
ACAGAAACATGCGCTG-1	T	10
ACAGAAATCATGCTTT-1	T	8
ACAGAAATCCCAGTAA-1	T	7
ACAGAAATCCGTGCGA-1	T	10
ACAGAAATCGTATAGC-1	T	5
ACAGAAATCTAGCTGA-1	T	18
ACAGAAATCTCGTAGA-1	T	19
ACAGAAATCTTCTTCC-1	T	12
ACAGACTAGAGATTAC-1	T	4
ACAGACTAGAGCACTG-1	T	16
ACAGACTAGTCTTAGC-1	T	12
ACAGACTCAAGTCCTA-1	T	17
ACAGACTCATAGACGG-1	T	7
ACAGACTGTCGCGCTA-1	T	19
ACAGACTGTCTTAGCA-1	T	18
ACAGACTGTTCAGTTG-1	T	10
ACAGACTGTTCCGGCA-1	T	5
ACAGACTTCCGAATTG-1	T	8
ACAGACTTCCTAGAGT-1	T	18
ACAGACTTCGAAGCCC-1	T	0
ACAGACTTCGACTGGC-1	T	8
ACAGACTTCTATCTCA-1	T	11
ACAGACTTCTTAAGCG-1	T	1
ACAGCGCAGACCGCAA-1	T	14
ACAGCGCAGACTAATG-1	T	2
ACAGCGCAGTGATATG-1	T	12
ACAGCGCCACAGGTAG-1	T	9
ACAGCGCCAGACTAAA-1	T	12
ACAGCGCCAGCTGATT-1	T	8
ACAGCGCCAGTAGGCA-1	T	17
ACAGCGCGTAACCCAT-1	T	0
ACAGCGCGTAATGTAG-1	T	17
ACAGCGCGTATCCCTC-1	T	6
ACAGCGCGTATTTGCG-1	T	19
ACAGCGCGTGGATTCT-1	T	14
ACAGCGCTCCTCTCTT-1	T	13
ACAGGCCAGCACCATT-1	T	0
ACAGGCCAGCAGAGCT-1	T	10
ACAGGCCAGGCTCCTG-1	T	14
ACAGGCCAGGTTCGAG-1	T	12
ACAGGCCGTAAGCCGA-1	T	17
ACAGGCCGTGCAAAGC-1	T	5
ACAGGCCGTGCTGTCG-1	T	17
ACAGGCCTCAGCACTA-1	T	12
ACAGGCCTCCCACGGA-1	T	2
ACAGGCCTCGATAGGG-1	T	11
ACAGGCCTCGATCGCG-1	T	17
ACAGGCCTCGGATCGC-1	T	3
ACAGGCCTCGGCAATT-1	T	2
ACAGGCCTCGTCTTAT-1	T	1
ACATGCAAGCTGGAGT-1	T	0
ACATGCAAGGCAGTGT-1	T	9
ACATGCAAGGCTCCTG-1	T	10
ACATGCAAGTGCTCGC-1	T	7
ACATGCAAGTTGTCCA-1	T	1
ACATGCACAAATAGTG-1	T	16
ACATGCACAACGGGTA-1	T	14
ACATGCACACTCGCAG-1	T	3
ACATGCACACTTGCGG-1	T	18
ACATGCACAGCACATT-1	T	14
ACATGCAGTCATGAGG-1	T	10
ACATGCAGTGAATCAA-1	T	10
ACATGCAGTGCGCTCA-1	T	1
ACATGCAGTGGCGCTT-1	T	12
ACATGCATCGCACCGA-1	T	17
ACATGGTAGACAGCTG-1	T	14
ACATGGTAGATCGCCC-1	T	2
ACATGGTAGGGAGATA-1	T	17
ACATGGTAGGTTCGTT-1	T	7
ACATGGTCAAATTCCG-1	T	6
ACATGGTCAGTAGGCA-1	T	6
ACATGGTCATGATCGT-1	T	7
ACATGGTCATTTCTTG-1	T	13
ACATGGTGTGAGAGTC-1	T	2
ACATGGTGTGCTTCCT-1	T	18
ACATGGTGTGGAGTGT-1	T	18
ACATGGTGTGTGTGCC-1	T	11
ACATGGTTCAGTCTTT-1	T	12
ACATGGTTCCCTACCA-1	T	10
ACATGGTTCTATCTTG-1	T	19
ACCAAACAGAGCCACA-1	T	12
ACCAAACAGATGGGAA-1	T	4
ACCAAACAGGCAGATC-1	T	1
ACCAAACAGGGCTCTC-1	T	12
ACCAAACAGGTACACG-1	T	16
ACCAAACCAGATGGCA-1	T	0
ACCAAACGTAAACCCT-1	T	2
ACCAAACGTACTTCGA-1	T	13
ACCAAACGTAGCATGG-1	T	7
ACCAAACGTATCTGCA-1	T	16
ACCAAACGTTAGAGAT-1	T	17
ACCAAACGTTCTGATG-1	T	17
ACCAAACGTTCTTAGG-1	T	17
ACCAAACGTTTGCATG-1	T	5
ACCAAACTCGCTACCT-1	T	0
ACCAAACTCTTACCTA-1	T	9
ACCATCCAGACCATAA-1	T	10
ACCATCCAGCTCGTTA-1	T	13
ACCATCCAGTCAGGAC-1	T	4
ACCATCCCAAAGAAGG-1	T	7
ACCATCCCAAGTTCGT-1	T	1
ACCATCCCATGTAGAA-1	T	13
ACCATCCGTACGGAGT-1	T	17
ACCATCCGTCAACTGT-1	T	17
ACCATCCGTCATAAGA-1	T	5
ACCATCCTCCGGGCAT-1	T	16
ACCATCCTCGACTTAG-1	T	11
ACCATCCTCTGGAAGG-1	T	10
ACCCAAAAGCACCATT-1	T	5
ACCCAAAAGCTGCTCG-1	T	1
ACCCAAACACCGAAAG-1	T	0
ACCCAAACACCTACCT-1	T	13
ACCCAAACAGCAGGTA-1	T	1
ACCCAAAGTACGCCCA-1	T	8
ACCCAAAGTGATAAGT-1	T	1
ACCCAAAGTTTAGACC-1	T	13
ACCCAAATCATGAACC-1	T	13
ACCCAAATCTACTGCC-1	T	18
ACCCAAATCTCTCAAT-1	T	5
ACCGAATAGACAGCTG-1	T	6
ACCGAATAGGAGACTC-1	T	13
ACCGAATAGGTCTTGT-1	T	11
ACCGAATAGTTCAGGG-1	T	11
ACCGAATAGTTTACGC-1	T	5
ACCGAATCAAGGACCA-1	T	4
ACCGAATCACGACGAA-1	T	11
ACCGAATGTAGTTTGC-1	T	11
ACCGAATGTCAACTAC-1	T	17
ACCGAATGTCAGAAAT-1	T	14
ACCGAATGTCGACTGC-1	T	19
ACCGAATGTGCTTGAT-1	T	17
ACCGAATGTGTTTCTT-1	T	16
ACCGAATGTTTCGATG-1	T	10
ACCGAATTCCGCTCTA-1	T	0
ACCGAATTCCGGAAAG-1	T	16
ACCGAATTCGGTGATT-1	Myeloid	15
ACCGAATTCTTCAGAG-1	T	3
ACCGCAGAGAACAGGA-1	T	19
ACCGCAGAGAAGCCGT-1	T	1
ACCGCAGAGACTAATG-1	T	13
ACCGCAGAGATGGGAA-1	T	10
ACCGCAGCAATAGTGA-1	T	19
ACCGCAGCAATCCATG-1	T	9
ACCGCAGCACATAAAG-1	T	0
ACCGCAGCAGATTAAG-1	T	2
ACCGCAGCATACAACC-1	T	4
ACCGCAGCATCGACGC-1	T	12
ACCGCAGCATTCACCC-1	T	6
ACCGCAGGTAGTACAA-1	T	17
ACCGCAGTCAATGCAC-1	T	7
ACCGCAGTCACAACAC-1	T	9
ACCGCAGTCCATACCC-1	T	12
ACCGCAGTCGCAGATT-1	T	16
ACCGCAGTCGCATAAC-1	T	16
ACCGCAGTCGGAAAGC-1	T	1
ACCGGGTAGAGCGAAA-1	T	5
ACCGGGTAGATGTTCC-1	T	12
ACCGGGTAGCCCATTA-1	T	13
ACCGGGTAGTCCGGAA-1	Myeloid	15
ACCGGGTAGTCGTGAG-1	T	1
ACCGGGTCAACACGGA-1	T	6
ACCGGGTCAACGCACC-1	T	7
ACCGGGTCAGATTAAG-1	T	7
ACCGGGTCAGGGTACA-1	T	11
ACCGGGTCATTGTTCT-1	T	16
ACCGGGTGTGCTGTGC-1	T	4
ACCGGGTTCAATTCCT-1	T	7
ACCGGGTTCAGGAATA-1	T	0
ACCGGGTTCCAAGAGG-1	T	17
ACCGGGTTCCATCTAT-1	T	13
ACCGGGTTCGCCAGAC-1	T	10
ACCGGGTTCTATCTAC-1	T	2
ACCGGGTTCTCTGACC-1	T	6
ACCTGCTAGTTAGAGT-1	T	1
ACCTGCTAGTTGCTTG-1	T	16
ACCTGCTCAAACCTAC-1	T	19
ACCTGCTCACAGTTCA-1	T	4
ACCTGCTCACTCAAGT-1	T	1
ACCTGCTCAGCCACGT-1	T	3
ACCTGCTCAGCTATAC-1	T	2
ACCTGCTGTTTGTACG-1	T	19
ACCTGCTTCATTCATC-1	T	3
ACCTGCTTCCCGATTC-1	T	7
ACCTGCTTCCCGGGTA-1	T	11
ACCTGCTTCTTTATCG-1	T	14
ACGGATTAGCAGTAGC-1	T	17
ACGGATTAGGCGTCCT-1	T	16
ACGGATTAGTATGCTC-1	Myeloid	15
ACGGATTAGTCGGGAT-1	T	14
ACGGATTCACAGCTTA-1	T	0
ACGGATTCACCGTCTT-1	T	18
ACGGATTCACTCCACT-1	T	7
ACGGATTCATCGTACA-1	T	18
ACGGATTGTAACAATG-1	T	0
ACGGATTGTAGCTGTT-1	Myeloid	15
ACGGATTGTAGGGTTG-1	T	11
ACGGATTGTATTCTCT-1	T	17
ACGGATTGTCATAAGA-1	T	5
ACGGATTGTGTGCGTC-1	T	1
ACGGATTGTTCCAATG-1	T	5
ACGGATTTCAAAGTAG-1	T	12
ACGGATTTCAATTCCT-1	T	10
ACGGATTTCCCATAGA-1	T	7
ACGTGGCAGAGGAACA-1	T	12
ACGTGGCAGAGGTCCA-1	T	13
ACGTGGCAGTCAGGAC-1	T	3
ACGTGGCCACCTATTT-1	T	18
ACGTGGCCACTGCTTC-1	T	1
ACGTGGCCATCAGCTA-1	T	16
ACGTGGCGTACTTGAC-1	T	18
ACGTGGCGTAGAGAGA-1	T	16
ACGTGGCGTCGCGCTA-1	T	0
ACGTGGCTCGCAAACT-1	T	17
ACGTGGCTCTAGCAAC-1	T	18
ACGTGGCTCTTGTCAT-1	T	6
ACGTTAGCAAGGAGGG-1	T	17
ACGTTAGCAAGGGAGG-1	T	0
ACGTTAGCAATGTGTC-1	T	5
ACGTTAGCACTCGGAC-1	T	12
ACGTTAGCACTGAAGG-1	T	11
ACGTTAGGTAGAAGCC-1	T	1
ACGTTAGGTATTCTTC-1	T	12
ACGTTAGGTCAGCAAG-1	T	2
ACGTTAGGTTCAGTTG-1	T	12
ACGTTAGTCCACACCT-1	T	12
ACGTTAGTCCGAGAGA-1	T	7
ACGTTAGTCTCATATC-1	T	7
ACTAACGAGAAACGCC-1	T	17
ACTAACGCAGGCACAA-1	T	1
ACTAACGCATATTGGC-1	T	0
ACTAACGGTCAACGGA-1	T	2
ACTAACGGTCCGAGCT-1	T	10
ACTAACGGTGCTGGCT-1	T	11
ACTAACGGTGGTTCTA-1	T	12
ACTAACGGTTCCAGTA-1	T	12
ACTAACGGTTGGCGAA-1	T	13
ACTAACGTCAATCGTG-1	T	11
ACTAACGTCACGTGTA-1	T	14
ACTAACGTCAGTAGTC-1	T	5
ACTAACGTCATTGCCC-1	T	9
ACTAACGTCCACGGCA-1	T	5
ACTAACGTCCTGTAGA-1	T	10
ACTAACGTCTTCATAC-1	T	16
ACTACCCAGGTTGTTC-1	T	7
ACTACCCGTACGGTTT-1	T	6
ACTACCCGTCGTCGCA-1	T	14
ACTACCCGTCTGGGAA-1	T	14
ACTACCCGTGAGTCGA-1	T	13
ACTACCCGTTCTACGA-1	T	16
ACTACCCTCGAACACT-1	T	7
ACTACCCTCTGATCTT-1	T	9
ACTACCCTCTTCTCTC-1	T	6
ACTACGAAGAGAATTC-1	T	16
ACTACGAAGAGCTGTG-1	T	9
ACTACGAAGAGGCCTA-1	Myeloid	15
ACTACGAAGGATTAAC-1	T	17
ACTACGAAGGCTGGAT-1	T	1
ACTACGACAGTAAGCG-1	T	12
ACTACGACAGTTGCAT-1	T	8
ACTACGACATACTGCA-1	T	7
ACTACGAGTACATGGG-1	T	14
ACTACGAGTCACAGGA-1	T	7
ACTACGAGTCACTCTC-1	T	5
ACTACGAGTTAGGAAT-1	T	2
ACTACGAGTTCCGCGA-1	T	14
ACTACGAGTTCTTTCA-1	T	5
ACTACGATCCATAGGT-1	T	13
ACTACGATCCGTCAAA-1	T	0
ACTACGATCGTAGCGC-1	T	9
ACTAGGTAGAGGTACC-1	T	7
ACTAGGTAGCATGTGG-1	T	6
ACTAGGTAGCGAATAT-1	Myeloid	15
ACTAGGTAGGCAGTGT-1	T	10
ACTAGGTCATCTCACC-1	T	1
ACTAGGTGTATGTCCA-1	T	6
ACTAGGTGTCGTCGCA-1	T	7
ACTAGGTGTGTCGGTC-1	T	5
ACTAGGTGTGTCTACA-1	T	10
ACTAGGTGTTTGGATC-1	T	14
ACTAGGTTCCATAACG-1	T	5
ACTAGGTTCCGATTGA-1	T	12
ACTAGGTTCGCTCGGA-1	T	0
ACTATTCAGAGGAATG-1	T	18
ACTATTCAGAGGCCTA-1	T	10
ACTATTCAGGTACATA-1	T	10
ACTATTCAGGTCGTTT-1	T	1
ACTATTCCAATGCATC-1	T	19
ACTATTCGTAACTGAA-1	T	0
ACTATTCGTAGCAGGT-1	T	1
ACTATTCGTGCAAGAC-1	T	17
ACTATTCGTGGATTCT-1	T	5
ACTATTCGTGGTAGAC-1	T	1
ACTATTCGTTAGTAGA-1	T	19
ACTATTCGTTGGCGAA-1	T	7
ACTATTCGTTTAGAAG-1	T	3
ACTATTCTCACTAGGT-1	T	9
ACTATTCTCGAGTGTT-1	T	11
ACTATTCTCTGTGTGA-1	T	11
ACTCGGGAGAGCTGTG-1	T	5
ACTCGGGAGCACCATT-1	T	19
ACTCGGGAGGCCAGTA-1	T	9
ACTCGGGAGGGCTCTC-1	T	5
ACTCGGGAGTCTCTAG-1	T	2
ACTCGGGCACATTGCA-1	T	10
ACTCGGGCAGGGTACA-1	T	17
ACTCGGGCATGGGAAC-1	T	5
ACTCGGGGTAACCATC-1	T	11
ACTCGGGGTCAACTGT-1	T	6
ACTCGGGGTCCCTTTG-1	T	17
ACTCGGGGTCCTTATT-1	T	3
ACTCGGGGTCTGATTG-1	T	8
ACTCGGGGTGATAAGT-1	T	16
ACTCGGGTCATACTTC-1	T	14
ACTCGGGTCCTAAAGC-1	Myeloid	15
ACTCGGGTCCTCCCAA-1	T	17
ACTGCAAAGAAATCTG-1	T	2
ACTGCAAAGGACCGAT-1	T	1
ACTGCAACAATGCCAT-1	T	0
ACTGCAACAGGAGCAT-1	T	19
ACTGCAACATTGCCTC-1	T	16
ACTGCAACATTGTTCT-1	T	3
ACTGCAACATTTGGCA-1	T	9
ACTGCAAGTAAGCCTT-1	T	16
ACTGCAAGTCGAGAAC-1	T	7
ACTGCAAGTGAGCTAG-1	T	7
ACTGCAAGTTGCCGCA-1	T	13
ACTGCAAGTTTCACCC-1	T	7
ACTGCAATCAATGCAC-1	T	12
ACTGCAATCACGTCAA-1	T	0
ACTGCAATCACTCCCA-1	T	7
ACTGCAATCAGTGGTT-1	T	3
ACTGCAATCATCGCAA-1	T	6
ACTGCAATCCCAGTAA-1	T	3
ACTGCAATCGCGCTGA-1	T	12
ACTGCAATCGTTCAGA-1	T	5
ACTGCAATCTTACTCA-1	T	8
ACTGCGGAGACTCGGA-1	T	13
ACTGCGGAGCGCATTT-1	Myeloid	15
ACTGCGGAGTCCCGCA-1	T	18
ACTGCGGAGTCCGGAA-1	T	2
ACTGCGGAGTTCCCGG-1	T	18
ACTGCGGCAACTGCGC-1	Myeloid	15
ACTGCGGCACCGAAAG-1	T	8
ACTGCGGGTACGTATC-1	T	8
ACTGCGGGTCAGAGTG-1	T	5
ACTGCGGGTTGTGACT-1	T	17
ACTGCGGTCCAGAATC-1	T	14
ACTGCGGTCCTCTCTT-1	T	12
ACTGCGGTCGCCAGAC-1	T	5
ACTGTCCAGAACCCGA-1	T	12
ACTGTCCAGACACAAT-1	T	8
ACTGTCCAGAGTAAGG-1	T	18
ACTGTCCAGCTAGCAG-1	T	16
ACTGTCCAGCTCGTTA-1	Myeloid	15
ACTGTCCCAAGATGCG-1	T	6
ACTGTCCCAAGTCTGT-1	T	17
ACTGTCCCACAGATGG-1	T	4
ACTGTCCCACTCGCAG-1	T	7
ACTGTCCCACTTATGG-1	T	6
ACTGTCCCAGGCATTT-1	T	14
ACTGTCCCATGGATGG-1	T	12
ACTGTCCCATGGGTGA-1	T	10
ACTGTCCGTATCTAGC-1	T	19
ACTGTCCGTCGATAGG-1	T	16
ACTGTCCGTCTCAAAC-1	T	17
ACTGTCCGTGCTGTGC-1	T	17
ACTGTCCGTGTTGTTG-1	T	9
ACTGTCCTCCCGGGTA-1	T	18
ACTGTCCTCGGGAAAC-1	T	0
ACTGTCCTCGGTTAGT-1	T	7
ACTTCCGAGCATACCT-1	T	16
ACTTCCGAGGATCCTT-1	T	19
ACTTCCGGTACGCCCA-1	T	17
ACTTCCGGTGACCAGA-1	T	19
ACTTCCGGTTTAAGCC-1	T	6
ACTTCCGGTTTCACCC-1	T	1
ACTTCCGGTTTGCCAA-1	T	2
ACTTCCGTCATCGCCT-1	T	8
ACTTCCGTCCAGAGAG-1	T	1
ACTTCCGTCGCAAGCC-1	T	2
ACTTCCGTCGCCGAAC-1	T	8
ACTTCCGTCTAGCTGA-1	T	17
ACTTCCGTCTTGTCAT-1	T	9
ACTTTCAAGGCGCTTC-1	T	17
ACTTTCAAGTACAGAT-1	T	14
ACTTTCAAGTTCTCCC-1	T	8
ACTTTCACAAACGTTC-1	T	4
ACTTTCACACATAAAG-1	T	18
ACTTTCACATAGCAGG-1	Myeloid	15
ACTTTCACATGGCCGT-1	T	13
ACTTTCACATTGTGAC-1	T	8
ACTTTCAGTCCGAGCT-1	T	9
ACTTTCAGTCTAAAGA-1	T	6
ACTTTCATCTCCAACC-1	T	13
ACTTTCATCTGAAAGA-1	T	9
AGACAAAAGAATCAAC-1	T	14
AGACAAAAGATCGAGC-1	T	7
AGACAAAAGCATTCCA-1	T	0
AGACAAAAGCTAACAA-1	Myeloid	15
AGACAAAAGTGGTGTG-1	T	3
AGACAAAAGTTGGAAT-1	T	2
AGACAAAAGTTGTCCA-1	T	13
AGACAAACAAGACACG-1	T	16
AGACAAACACATGATC-1	T	17
AGACAAAGTCGACTGC-1	T	6
AGACAAAGTGCTAGTT-1	T	12
AGACAAAGTGGAAGCT-1	T	19
AGACAAAGTGGTCGAA-1	T	4
AGACAAATCCCTACGT-1	T	5
AGACAAATCCGTTAGA-1	T	10
AGACAAATCCTCATTA-1	T	14
AGACAAATCGCGATGC-1	T	2
AGACAAATCGCTATTT-1	T	17
AGACAAATCTGGCCAG-1	T	13
AGATAGAAGGATGCCA-1	T	6
AGATAGAAGGCAAGGG-1	T	14
AGATAGAAGTACGACG-1	T	5
AGATAGAAGTGATCTC-1	T	17
AGATAGAAGTTAGAGT-1	T	9
AGATAGAAGTTAGCGG-1	Myeloid	15
AGATAGACAAAGCATA-1	T	0
AGATAGACAACAAACA-1	T	7
AGATAGACAATGTAAG-1	T	13
AGATAGACAGCAATGG-1	T	7
AGATAGACATCGTACA-1	T	1
AGATAGACATGGCCGT-1	T	7
AGATAGACATGGGAAC-1	T	14
AGATAGAGTATTCTGG-1	Myeloid	15
AGATAGAGTCAACTGT-1	T	1
AGATAGAGTCTGCACG-1	T	19
AGATAGAGTCTGTGTA-1	T	13
AGATAGAGTGCAAAGC-1	T	3
AGATAGAGTTCCATCC-1	T	6
AGATAGATCCTCATTA-1	T	12
AGATAGATCCTTGACC-1	T	13
AGATAGATCGCGTGAC-1	T	0
AGATTCGAGATAGGTT-1	T	8
AGATTCGAGCATTCCA-1	T	13
AGATTCGAGGTAGGCT-1	T	1
AGATTCGAGGTTGTTC-1	T	14
AGATTCGCAAGATGCG-1	T	10
AGATTCGCACACGGTC-1	T	11
AGATTCGCATCGTGAT-1	T	9
AGATTCGCATGATTGC-1	T	19
AGATTCGGTTTGCCCT-1	T	10
AGATTCGGTTTGCGAT-1	T	3
AGATTCGTCACTAGGT-1	T	9
AGATTCGTCCGATGCG-1	T	10
AGCCAGCAGAGGTGGG-1	T	19
AGCCAGCAGCTCCATA-1	T	14
AGCCAGCCAAATAGTG-1	T	4
AGCCAGCCATTCACCC-1	T	7
AGCCAGCGTACATGGG-1	T	16
AGCCAGCGTAGAATAC-1	T	5
AGCCAGCGTAGCGAGT-1	T	18
AGCCAGCGTATGTTCG-1	T	8
AGCCAGCGTCAACTGT-1	T	2
AGCCAGCTCAATTGGC-1	T	14
AGCCAGCTCCAAGTCA-1	T	0
AGCCAGCTCTGAGTAC-1	T	1
AGCCCGAAGAGAAGCA-1	T	6
AGCCCGAAGCCCATGC-1	T	6
AGCCCGAAGCTAACAA-1	T	2
AGCCCGAAGTATAGTG-1	T	8
AGCCCGACACGCGACT-1	T	1
AGCCCGACAGCAGGTA-1	T	16
AGCCCGACAGCCGAAA-1	T	14
AGCCCGACAGGTTATC-1	T	14
AGCCCGACATGTAGAA-1	T	11
AGCCCGAGTAACAATG-1	T	14
AGCCCGATCCTGAAAC-1	T	6
AGCCCGATCTTCATAC-1	T	18
AGCCGCAAGACGTCAG-1	T	14
AGCCGCAAGATTACGA-1	T	0
AGCCGCAAGCAATAAC-1	T	1
AGCCGCAAGCTAACAA-1	T	10
AGCCGCAAGGTTAACA-1	T	19
AGCCGCACAACTACTG-1	T	16
AGCCGCACAGACCTGC-1	T	4
AGCCGCACAGCTGATT-1	T	7
AGCCGCAGTATTCACG-1	T	13
AGCCGCAGTCCCTAAA-1	T	8
AGCCGCAGTCCTTATT-1	T	11
AGCCGCAGTCTGTTGA-1	T	7
AGCCGCAGTGGATTCT-1	T	2
AGCCGCAGTTAACCAC-1	T	13
AGCCGCAGTTGTCGGC-1	T	0
AGCCGCAGTTTGGATC-1	T	19
AGCCGCATCCCTATTA-1	T	17
AGCCGCATCGAGCGCT-1	T	5
AGCCGCATCGGATAGG-1	Myeloid	15
AGCCTCTAGACGCCCT-1	T	2
AGCCTCTAGGAATGGA-1	T	2
AGCCTCTAGGTTCGAG-1	T	1
AGCCTCTAGTATACCC-1	T	11
AGCCTCTCACGATATC-1	T	5
AGCCTCTCACTCGGAC-1	T	10
AGCCTCTCATCGACGC-1	T	9
AGCCTCTGTATCACAC-1	T	9
AGCCTCTGTATGCTAC-1	T	4
AGCCTCTGTCGGCTGT-1	T	9
AGCCTCTGTGAGCTAG-1	T	3
AGCCTCTGTGGTAGAC-1	T	14
AGCCTCTGTTAGGAGC-1	T	10
AGCCTCTTCGCTTCAC-1	T	14
AGCCTCTTCTAGCAGT-1	T	7
AGCCTGGAGGAGTAGA-1	T	7
AGCCTGGCAAGGTCGA-1	T	7
AGCCTGGCACAGTAGG-1	T	12
AGCCTGGCAGCGTAGA-1	T	19
AGCCTGGCATGTGAGG-1	T	11
AGCCTGGCATTTGTTC-1	T	12
AGCCTGGGTAACCATC-1	T	1
AGCCTGGGTATGTTCG-1	T	17
AGCCTGGGTTGCCGCA-1	T	9
AGCCTGGTCAACTTGG-1	T	19
AGCCTGGTCAAGGCCC-1	T	0
AGCCTGGTCAGTACAC-1	T	7
AGCCTGGTCGCGTGAC-1	T	6
AGCCTGGTCGCTTACC-1	T	7
AGCCTGGTCGCTTCAC-1	T	19
AGCCTGGTCTGTCGGG-1	Myeloid	15
AGCCTTCAGAAAGGGT-1	T	17
AGCCTTCAGGCAGATC-1	Myeloid	15
AGCCTTCAGTTCAACC-1	T	18
AGCCTTCCACGCGATC-1	T	1
AGCCTTCCACGCTGTG-1	T	10
AGCCTTCCAGGTAGGT-1	T	4
AGCCTTCCATACTGCA-1	T	19
AGCCTTCCATCGTACA-1	T	1
AGCCTTCGTTACGCTA-1	T	12
AGCCTTCTCATGTTCT-1	T	12
AGCCTTCTCGCTATTT-1	T	2
AGCCTTCTCGTTACAG-1	T	14
AGCCTTCTCTCTATCA-1	T	7
AGCCTTCTCTCTTAAC-1	T	7
AGCCTTCTCTTGGCCT-1	T	16
AGCGATTAGACACTTC-1	T	8
AGCGATTAGTTTGGAA-1	T	5
AGCGATTCAAATTGAG-1	T	11
AGCGATTCACCACGAC-1	T	8
AGCGATTCACCTGTGG-1	T	16
AGCGATTCAGTTGCAT-1	T	9
AGCGATTCATTGCCTC-1	T	12
AGCGATTGTCTAAGAA-1	T	1
AGCGATTGTGTTGTTG-1	T	6
AGCGATTGTTAAGTCC-1	T	11
AGCGATTGTTGGCGAA-1	T	13
AGCGATTTCAGAACGG-1	T	13
AGCGATTTCCATATCT-1	T	2
AGCGATTTCCTCCTGA-1	T	9
AGCGTATAGATATGAC-1	T	9
AGCGTATAGCAGAAAG-1	T	6
AGCGTATAGCCATCAT-1	T	13
AGCGTATAGTCCTTCC-1	T	1
AGCGTATAGTTAGCGG-1	T	14
AGCGTATCAATTCTCT-1	T	11
AGCGTATCAGTAGGCA-1	T	4
AGCGTATCATCTCTCG-1	T	19
AGCGTATGTACGCAAG-1	T	18
AGCGTATGTACGGTTT-1	T	1
AGCGTATGTATTGTCG-1	T	14
AGCGTATGTCATTGGT-1	T	10
AGCGTATGTCTGTCCT-1	T	1
AGCGTATGTGAGTCGA-1	T	9
AGCGTATGTGCAAGAC-1	T	5
AGCGTATGTGGCATAG-1	T	1
AGCGTATGTTAGGCTT-1	T	1
AGCGTATTCAAGAGAT-1	T	10
AGCGTATTCCCACGGA-1	T	9
AGCGTATTCGAGTTAC-1	T	19
AGCGTATTCGGTCTAA-1	T	13
AGCGTATTCTCATCCG-1	T	13
AGCGTATTCTCCAACC-1	T	13
AGCGTATTCTGTGTGA-1	T	18
AGCGTGCCAAATGTCC-1	T	8
AGCGTGCCAGGCAAGT-1	T	4
AGCGTGCGTGAATGTA-1	T	4
AGCGTGCGTGTACGCC-1	T	7
AGCGTGCTCAACGTGT-1	T	18
AGCGTGCTCGCGCTGA-1	T	2
AGCTATGAGAGGTGGG-1	T	10
AGCTATGAGCATACCT-1	T	10
AGCTATGAGGAAGGTA-1	T	19
AGCTATGAGTGTCGGA-1	T	14
AGCTATGCAACTCAAC-1	T	14
AGCTATGCAAGTGGCA-1	T	13
AGCTATGCACCTGTGG-1	T	1
AGCTATGCATGGGACA-1	T	4
AGCTATGGTGGACTGA-1	T	5
AGCTATGTCCTTACGC-1	T	11
AGCTATGTCGCTCGGA-1	T	18
AGCTATGTCTATATCC-1	T	2
AGCTGATAGAATACTG-1	T	13
AGCTGATAGACGACTG-1	T	9
AGCTGATAGAGCCTGA-1	T	19
AGCTGATAGAGGTCCA-1	T	13
AGCTGATAGGCAATTA-1	T	12
AGCTGATAGGGAGTTC-1	T	5
AGCTGATAGGGCTCTC-1	T	1
AGCTGATAGTCCGGAA-1	T	8
AGCTGATAGTTGGAAT-1	T	19
AGCTGATCAATGAAAC-1	T	6
AGCTGATCACTGTAAC-1	T	18
AGCTGATCAGAACTTC-1	T	1
AGCTGATCATGGTTTG-1	T	17
AGCTGATGTTTGACCA-1	T	0
AGCTGATTCAAACCAC-1	T	16
AGCTGATTCCGCTCTA-1	T	5
AGCTGGCAGAAATGGG-1	T	14
AGCTGGCAGCATGATA-1	T	0
AGCTGGCAGCTTACCA-1	T	13
AGCTGGCAGTATGGGC-1	T	1
AGCTGGCCAGGCATTT-1	T	11
AGCTGGCGTCATAGCT-1	T	1
AGCTGGCGTCTAACCA-1	T	14
AGCTGGCGTGCAAAGC-1	T	0
AGCTGGCTCAACACGT-1	T	5
AGCTGGCTCAGCGGTC-1	T	2
AGCTGGCTCATTCATC-1	Myeloid	15
AGCTGGCTCGTATAGC-1	T	13
AGCTGTAAGAACCCGA-1	Myeloid	15
AGCTGTAAGAGGTACC-1	T	0
AGCTGTAAGGAGACTC-1	T	3
AGCTGTAAGTCCTTCC-1	T	0
AGCTGTAAGTGTCCCG-1	T	17
AGCTGTAAGTTGACAA-1	T	16
AGCTGTACAACGACAG-1	T	1
AGCTGTACACTCCTCA-1	T	7
AGCTGTAGTAAGTGCG-1	T	4
AGCTGTAGTAGTACAA-1	T	14
AGCTGTAGTGAGTCGA-1	T	13
AGCTGTAGTTCCCGGA-1	T	14
AGCTGTAGTTTAGGAA-1	T	18
AGCTGTATCATCGCAA-1	T	0
AGCTGTATCCCGAAGC-1	T	17
AGCTGTATCGCTATAG-1	T	9
AGCTGTATCGGACGAA-1	T	13
AGCTGTATCGTGGCGT-1	T	4
AGCTGTATCTACCCGT-1	T	0
AGCTGTATCTCTGACC-1	T	14
AGGACGAAGAATATCG-1	T	16
AGGACGAAGCTCGGCT-1	T	18
AGGACGAAGGATTTGA-1	T	3
AGGACGAAGTAACTCC-1	T	11
AGGACGACAATTCTCT-1	T	11
AGGACGACACCTGAAT-1	T	12
AGGACGAGTAAACGAT-1	T	16
AGGACGAGTAAACGGC-1	T	19
AGGACGAGTTCCTATT-1	T	18
AGGACGATCAAGGCAG-1	Myeloid	15
AGGACGATCAGGATCT-1	T	13
AGGACGATCGGGATCC-1	T	18
AGGACGATCGTCCCAT-1	T	3
AGGACGATCTCCTTGG-1	T	16
AGGCCCAAGAGGTCCA-1	T	7
AGGCCCAAGGTTCGTT-1	T	14
AGGCCCAAGTACAGTA-1	T	12
AGGCCCACAACGCAAG-1	T	0
AGGCCCACAAGGCTTT-1	T	10
AGGCCCAGTAACCGAG-1	T	16
AGGCCCAGTAGCGGTA-1	T	13
AGGCCCAGTTCATTTC-1	T	1
AGGCCCAGTTGGCTTA-1	Myeloid	15
AGGCCCATCCTAAAGC-1	T	4
AGGCCCATCCTTCGAC-1	T	5
AGGCCCATCGAGGTCC-1	T	10
AGGCCCATCGCTCTAC-1	T	7
AGGCCCATCGCTTACC-1	T	19
AGGCCCATCTATTTCG-1	T	0
AGGCCTGAGAGCGGTT-1	T	7
AGGCCTGAGCATGATA-1	T	7
AGGCCTGAGGGTCCCT-1	T	0
AGGCCTGCAAAGGCCA-1	T	6
AGGCCTGCAACTCGAT-1	T	10
AGGCCTGCAATGTGCT-1	T	10
AGGCCTGCAGAGTCGA-1	T	7
AGGCCTGCAGATTAAG-1	T	18
AGGCCTGCATCGCTAA-1	T	9
AGGCCTGCATGTAGAA-1	T	9
AGGCCTGGTATGCTAC-1	T	14
AGGCCTGGTCAATACC-1	T	9
AGGCCTGGTCCGAGCT-1	T	1
AGGCCTGGTCGAGGAT-1	T	9
AGGCCTGGTCTGTGTA-1	T	4
AGGCCTGTCCCTAAAG-1	T	5
AGGCCTGTCTAGCAGT-1	T	13
AGGCCTGTCTAGTCGA-1	T	7
AGGCGAAAGATTCCGT-1	T	14
AGGCGAAAGCTGAAAT-1	T	18
AGGCGAACACACACAT-1	T	10
AGGCGAACAGAGAGAA-1	T	8
AGGCGAACAGGTAGCA-1	T	17
AGGCGAACATAGAATG-1	T	0
AGGCGAAGTAGACGCA-1	T	0
AGGCGAAGTCAGGTGA-1	T	12
AGGCGAAGTCTCTGGG-1	T	12
AGGCGAAGTGAATGGC-1	T	13
AGGCGAATCCGTGCAG-1	T	13
AGGCGAATCTAGCAGT-1	T	16
AGGCGTCAGGTTGTTC-1	T	14
AGGCGTCAGTAACTCC-1	T	8
AGGCGTCAGTGATCTC-1	T	5
AGGCGTCCAAACTACC-1	T	6
AGGCGTCCACACATGT-1	T	5
AGGCGTCCAGCAACCC-1	T	12
AGGCGTCCAGTATACC-1	T	8
AGGCGTCGTAACGTAA-1	T	12
AGGCGTCGTATCCTTT-1	T	9
AGGCGTCGTCAGTGCC-1	T	5
AGGCGTCGTGCTTACA-1	T	17
AGGCGTCGTGGAGTGT-1	T	18
AGGCGTCGTTAAGGGC-1	T	14
AGGCGTCTCCCGATTC-1	T	4
AGGCGTCTCCGCTATC-1	Myeloid	15
AGGCGTCTCCGGCGAT-1	T	5
AGTCAACAGAACGTCG-1	T	1
AGTCAACAGGGTAATT-1	T	13
AGTCAACAGTCGAAAT-1	T	18
AGTCAACAGTCTTAGC-1	T	5
AGTCAACCAAGCGTCC-1	T	10
AGTCAACCAATCAGGG-1	T	8
AGTCAACCATACAACC-1	T	6
AGTCAACCATCATCGA-1	T	13
AGTCAACCATGGCCCA-1	T	11
AGTCAACGTCAGGTGA-1	T	3
AGTCAACGTGCTTACA-1	T	5
AGTCAACGTTTGCCCT-1	T	8
AGTCAACTCGCTTCAC-1	T	0
AGTCAACTCTCTGAGA-1	T	13
AGTCCGGAGAATCAAC-1	T	2
AGTCCGGAGCATGATA-1	T	12
AGTCCGGCATGTGAGG-1	T	9
AGTCCGGGTAACCCAT-1	T	13
AGTCCGGGTGCGTGTC-1	T	11
AGTCCGGGTTCGGGAA-1	T	7
AGTCCGGGTTTCGACA-1	T	13
AGTCCGGTCAGGCGCT-1	T	14
AGTCCGGTCCAGAGAG-1	T	1
AGTCCGGTCCATATCT-1	T	9
AGTGCCGAGAACGCCA-1	T	8
AGTGCCGAGACAGTGC-1	T	2
AGTGCCGAGAGGCAGG-1	T	9
AGTGCCGAGTCTGTGT-1	T	0
AGTGCCGGTACATGGG-1	T	7
AGTGCCGGTAGCGTTT-1	T	11
AGTGCCGGTAGTTTGC-1	T	16
AGTGCCGGTGCATTGT-1	T	13
AGTGCCGGTTTGATCG-1	T	5
AGTGCCGGTTTGTCTT-1	T	11
AGTGCGCAGAACGCCA-1	T	7
AGTGCGCAGCGGACTA-1	T	8
AGTGCGCAGGCTAAAT-1	T	1
AGTGCGCAGTTCTCCC-1	T	1
AGTGCGCCAAACGTTC-1	T	13
AGTGCGCCAATAGTGA-1	T	16
AGTGCGCCATACAACC-1	T	7
AGTGCGCCATAGAATG-1	Myeloid	15
AGTGCGCGTCCAGACC-1	T	12
AGTGCGCGTCCTTATT-1	T	10
AGTGCGCGTGCGTAGA-1	T	11
AGTGCGCGTTTAAGCC-1	T	13
AGTGCGCGTTTCCGGG-1	T	0
AGTGCGCGTTTGACCA-1	T	13
AGTGCGCTCAACGTGT-1	T	0
AGTGCGCTCACCCTTG-1	T	19
AGTGCGCTCAGGATCT-1	T	8
AGTGCGCTCAGTAGTC-1	T	0
AGTGCGCTCCAGAATC-1	T	8
AGTGCGCTCCTCTCTT-1	T	3
AGTGCGCTCCTGACCT-1	T	5
AGTGCGCTCGATCGCG-1	T	3
AGTGCGCTCGGATAGG-1	T	7
AGTGTACAGAAATTCG-1	T	12
AGTGTACCAACGCAAG-1	T	0
AGTGTACCAACGTCCG-1	T	8
AGTGTACCATAGCAGG-1	T	19
AGTGTACCATTACCTT-1	T	8
AGTGTACGTACGCAAG-1	T	16
AGTGTACGTCCAGACC-1	T	8
AGTGTACGTCGCTAGC-1	T	17
AGTGTACGTCGTCGCA-1	T	13
AGTGTACGTCTCTAAG-1	T	1
AGTGTACGTCTGTGTA-1	Myeloid	15
AGTGTACGTGGAAGCT-1	T	6
AGTGTACGTTGAATAG-1	T	10
AGTGTACTCCGGACTG-1	T	13
AGTGTACTCGTGATAC-1	T	11
AGTGTACTCTTGTCGC-1	T	17
AGTTACGAGATCTCAC-1	T	16
AGTTACGAGCACCATT-1	T	8
AGTTACGAGGACCGAT-1	T	14
AGTTACGCAACAAACA-1	T	11
AGTTACGCAACGCAAG-1	T	14
AGTTACGCACGGTTAT-1	T	13
AGTTACGCAGAGAGAA-1	T	3
AGTTACGCATTTGGCA-1	T	16
AGTTACGGTAGAATAC-1	T	2
AGTTACGGTCAGACGA-1	T	5
AGTTACGGTCATCGTA-1	T	19
AGTTACGGTTGTATCG-1	T	6
AGTTACGGTTGTGACT-1	T	3
AGTTACGTCAGTACAC-1	T	10
AGTTACGTCCGCCTAT-1	T	19
AGTTACGTCCTATCAT-1	T	12
AGTTTGGAGCGCGTTC-1	T	12
AGTTTGGAGGTCTTGT-1	T	11
AGTTTGGCAATGCCAT-1	T	1
AGTTTGGCATTACACG-1	Myeloid	15
AGTTTGGGTCTAACCA-1	T	2
AGTTTGGTCATTGCCC-1	T	5
AGTTTGGTCCTGTGGG-1	T	11
AGTTTGGTCGCACCGA-1	T	14
AGTTTGGTCGGGCTCA-1	T	8
AGTTTGGTCTGTCGTC-1	T	2
AGTTTGGTCTTCACTA-1	T	6
ATAGGCTAGAGAGGTA-1	T	1
ATAGGCTAGCCCATTA-1	T	11
ATAGGCTAGGCGTCCT-1	T	1
ATAGGCTAGGTAAGCC-1	T	10
ATAGGCTAGTACGACG-1	T	5
ATAGGCTCACCGTCTT-1	T	5
ATAGGCTCACTAGCCG-1	T	19
ATAGGCTCATAGAATG-1	T	14
ATAGGCTGTCAGGCTC-1	Myeloid	15
ATAGGCTGTGGCATAG-1	T	3
ATAGGCTGTTCCGCGA-1	T	12
ATAGGCTTCAGAATGA-1	T	17
ATAGGCTTCAGCCGAC-1	T	9
ATAGGCTTCATTGCCC-1	T	2
ATAGGCTTCCGCGATG-1	T	8
ATAGGCTTCCGGAAAG-1	T	19
ATAGGCTTCTCGACAA-1	T	14
ATAGGCTTCTCTGCGT-1	T	14
ATAGGCTTCTGACTTT-1	T	7
ATAGGCTTCTGTGTCC-1	T	19
ATAGTCGAGCGCAATG-1	T	6
ATAGTCGAGGATATCA-1	T	16
ATAGTCGCAACTCCCT-1	T	1
ATAGTCGCAAGGTCGA-1	T	12
ATAGTCGCACGTACAT-1	T	9
ATAGTCGCATACAACC-1	T	16
ATAGTCGGTACGTAAA-1	T	13
ATAGTCGGTAGTACAA-1	T	8
ATAGTCGGTCTCTAAG-1	T	4
ATAGTCGGTGCGTTTA-1	T	10
ATAGTCGGTTGGCTAT-1	T	2
ATAGTCGTCTCTGACC-1	T	1
ATATTCCAGAAATTCG-1	T	8
ATATTCCAGACACGGT-1	T	9
ATATTCCAGACTCGGA-1	T	12
ATATTCCAGATAGGTT-1	T	5
ATATTCCAGATTACGA-1	T	14
ATATTCCAGGTGTTGG-1	T	14
ATATTCCAGTCCCTCT-1	T	5
ATATTCCCAATCCATG-1	T	5
ATATTCCCATAGTCCA-1	T	4
ATATTCCCATGGGTGA-1	T	13
ATATTCCGTACGCAAG-1	T	11
ATATTCCGTCCGTAGC-1	Myeloid	15
ATATTCCGTGCAACAG-1	T	4
ATATTCCGTGGACAGT-1	T	10
ATATTCCGTGGTACTT-1	T	16
ATATTCCGTTTAAGGA-1	T	13
ATATTCCTCACGTCAA-1	T	14
ATATTCCTCATTCTTG-1	T	16
ATATTCCTCATTGCCC-1	T	12
ATATTCCTCCGTGCGA-1	T	5
ATCCAGAAGAGATTAC-1	T	2
ATCCAGAAGATCCGAG-1	T	17
ATCCAGAAGCCCATTA-1	T	18
ATCCAGAAGCTCCGGT-1	T	0
ATCCAGAAGGGTAATT-1	T	4
ATCCAGACAAAGGAAG-1	T	11
ATCCAGACATCCATAG-1	T	12
ATCCAGAGTAAACGGC-1	T	17
ATCCAGAGTAATGCCT-1	T	2
ATCCAGAGTAGTGATA-1	T	1
ATCCAGAGTCTCGGGT-1	T	5
ATCCAGAGTCTGCGCA-1	T	9
ATCCAGAGTTGGACGA-1	T	10
ATCCAGATCAAGGCCC-1	T	19
ATCCAGATCCAAGTCA-1	T	4
ATCCCTGAGATGTTCC-1	T	14
ATCCCTGGTAAAGGCC-1	T	12
ATCCCTGGTACTTCAG-1	T	10
ATCCCTGGTATTGTGC-1	T	12
ATCCCTGGTCACAGGA-1	T	14
ATCCCTGGTCATCAAC-1	T	17
ATCCCTGGTCTGGATT-1	T	17
ATCCCTGTCACCACAA-1	T	16
ATCCCTGTCGTTACAG-1	T	19
ATCCTCGAGAGCTGTG-1	T	2
ATCCTCGAGGATGCCA-1	T	19
ATCCTCGAGTTACACC-1	T	7
ATCCTCGCAACAACTC-1	T	19
ATCCTCGCAAGGCGTA-1	T	12
ATCCTCGCACGCTAAT-1	T	7
ATCCTCGCAGTCAGCC-1	T	11
ATCCTCGCATAAAGTG-1	T	6
ATCCTCGCATGCGACC-1	T	14
ATCCTCGGTGACCAGA-1	T	11
ATCCTCGGTGCGTAGA-1	T	0
ATCCTCGGTTAACCGT-1	T	18
ATCCTCGGTTCCGGCA-1	T	16
ATCCTCGGTTTGTGAC-1	T	6
ATCCTCGTCAATGCAC-1	T	2
ATCCTGCAGACACGGT-1	T	18
ATCCTGCAGATGCGCA-1	T	6
ATCCTGCAGCCAGAAC-1	T	11
ATCCTGCAGCGTCTGC-1	T	12
ATCCTGCAGCGTGTTT-1	T	2
ATCCTGCAGCGTTAGG-1	T	10
ATCCTGCAGGTTCGAG-1	T	18
ATCCTGCCAAGTTCGT-1	T	6
ATCCTGCCACAGTTAC-1	T	5
ATCCTGCCATCCCTCA-1	T	9
ATCCTGCGTACGCCCA-1	T	7
ATCCTGCGTCCGCTTT-1	T	19
ATCCTGCGTGCCCGAT-1	T	16
ATCCTGCGTTTCCGGG-1	T	18
ATCCTGCTCCATAGGT-1	T	13
ATCCTGCTCTTGGCCT-1	T	18
ATCGAGTAGGGAGTTC-1	T	1
ATCGAGTAGGTGAACC-1	T	3
ATCGAGTCAAACGTTC-1	T	14
ATCGAGTCAACTCGAT-1	T	6
ATCGAGTCAACTCGTA-1	T	9
ATCGAGTCACAACGGA-1	T	13
ATCGAGTCAGGTGTCC-1	T	7
ATCGAGTCATAGATAG-1	T	16
ATCGAGTGTACCGGCT-1	T	18
ATCGAGTGTGAATGGC-1	T	19
ATCGAGTGTTAGCTCA-1	T	5
ATCGAGTTCACTCCCA-1	T	18
ATCGAGTTCCACGAGC-1	T	10
ATCGAGTTCCTAAGTG-1	T	5
ATCGAGTTCGAGTTAC-1	T	3
ATCGAGTTCGGATAAA-1	T	17
ATCGAGTTCGTGAACT-1	T	10
ATCGAGTTCTAGTCGA-1	Myeloid	15
ATCGAGTTCTATCCTA-1	T	1
ATCGAGTTCTCTGCAC-1	T	14
ATGCATGAGAAGAGTG-1	T	14
ATGCATGAGAAGCCGT-1	T	13
ATGCATGAGAGCTACG-1	T	19
ATGCATGAGATATGAC-1	T	13
ATGCATGAGATCCGAG-1	T	13
ATGCATGAGCAACGGT-1	T	12
ATGCATGCAATGCCAT-1	T	19
ATGCATGCAGATTTGC-1	T	6
ATGCATGCAGCAACCC-1	T	10
ATGCATGCATAGAATG-1	T	7
ATGCATGGTCGATAGG-1	T	6
ATGCATGGTTGGACGA-1	T	17
ATGCATGTCAATTCCT-1	T	11
ATGCATGTCAGTCTTT-1	T	5
ATGCATGTCCTAAAGC-1	T	19
ATGCATGTCGCTTACC-1	T	5
ATGCATGTCGGGAATG-1	T	7
ATGCATGTCTGGCTAA-1	T	6
ATGGATCCACAACGGA-1	T	3
ATGGATCCACATCATG-1	Myeloid	15
ATGGATCCATTGTTCT-1	T	5
ATGGATCGTATATGGA-1	T	12
ATGGATCGTATTCACG-1	T	18
ATGGATCGTCCTTCAC-1	T	6
ATGGATCGTGTGTGTT-1	T	5
ATGGATCTCAACTTGG-1	T	10
ATGGATCTCACTGGTA-1	T	1
ATGGATCTCGCACCGA-1	T	5
ATGGATCTCTCCCTTT-1	T	19
ATGGATCTCTGGAAGG-1	T	19
ATGTACGAGCTGCTCG-1	T	18
ATGTACGAGGTTCGAG-1	T	7
ATGTACGCAAACGTTC-1	T	8
ATGTACGCAGATAAGT-1	T	14
ATGTACGCAGGCATTT-1	T	11
ATGTACGCATATAGAG-1	T	3
ATGTACGGTACAAATG-1	T	10
ATGTACGGTACGGATG-1	T	7
ATGTACGGTCTAAGAA-1	T	11
ATGTACGGTTTCCTAT-1	T	5
ATGTACGTCAAATGGA-1	T	12
ATGTACGTCCATTGAG-1	T	16
ATGTACGTCCCTACGT-1	T	5
ATGTACGTCTGTGTGA-1	T	10
ATGTCGAAGGGTCCCT-1	T	17
ATGTCGAAGTCCGTGC-1	T	0
ATGTCGAGTAGGGTCA-1	T	13
ATGTCGAGTAGTCTGT-1	T	13
ATGTCGAGTATCATGC-1	T	4
ATGTCGAGTATGGGTG-1	T	7
ATGTCGAGTCCCGTGA-1	T	6
ATGTCGAGTGCATCAT-1	Myeloid	15
ATGTCGAGTTACGGAG-1	T	5
ATGTCGAGTTCCGCGA-1	T	2
ATGTCGAGTTGCCTGG-1	T	16
ATGTCGATCGATAGTC-1	T	19
ATGTCGATCGATATGC-1	T	18
ATGTCGATCTCTTCTC-1	T	6
ATGTCGATCTGATCTT-1	T	18
ATGTCGATCTTCATAC-1	T	9
ATGTCTTAGAACCATA-1	T	11
ATGTCTTAGAGCAGCT-1	T	10
ATGTCTTAGATGCGCA-1	T	18
ATGTCTTAGCAACTGG-1	T	3
ATGTCTTAGGATCCTT-1	T	13
ATGTCTTAGGATTGCG-1	T	8
ATGTCTTAGTAACACA-1	T	8
ATGTCTTCAAAGCTTC-1	T	9
ATGTCTTCAAGCGGTA-1	T	17
ATGTCTTCAAGGACCA-1	T	18
ATGTCTTCACGATATC-1	T	0
ATGTCTTCAGACTAAA-1	T	1
ATGTCTTGTAGCGTTT-1	T	8
ATGTCTTGTCACCCGA-1	T	13
ATGTCTTGTGCCCAGT-1	T	10
ATGTCTTGTGCGCATC-1	T	14
ATGTCTTGTGCTGAAG-1	T	6
ATGTCTTGTTCTGAAC-1	T	18
ATGTCTTGTTGAATAG-1	T	4
ATGTCTTGTTGGACGA-1	T	14
ATGTCTTTCACTCGTC-1	T	2
ATGTCTTTCCTTCGAC-1	T	9
ATGTCTTTCGCTATAG-1	T	14
ATGTCTTTCTGACTTT-1	T	18
ATGTTTCAGAACGCCA-1	T	6
ATGTTTCAGAGAAGCA-1	T	3
ATGTTTCCAAAGGAAG-1	T	7
ATGTTTCCACAGGAAC-1	T	1
ATGTTTCCACTTATGG-1	T	7
ATGTTTCCAGCGTAGA-1	T	14
ATGTTTCGTCAACTAC-1	T	3
ATGTTTCGTCAGCTTA-1	T	17
ATGTTTCGTTCCAGTA-1	T	1
ATGTTTCGTTCTTAGG-1	T	8
ATGTTTCTCACTCGGG-1	Myeloid	15
ATGTTTCTCAGTACAC-1	T	4
ATGTTTCTCCACTAGA-1	T	12
ATGTTTCTCGATTACG-1	T	13
ATGTTTCTCTATACCT-1	T	7
ATGTTTCTCTGTTTAC-1	T	19
ATTACCTAGGCGTCCT-1	T	9
ATTACCTAGGCTTTAC-1	T	17
ATTACCTAGGGAAGCG-1	T	17
ATTACCTAGTACGACG-1	T	8
ATTACCTAGTCAACTC-1	T	2
ATTACCTAGTCCTTCC-1	T	17
ATTACCTAGTCGCCTG-1	T	7
ATTACCTAGTCGTGAG-1	T	6
ATTACCTCAACGTCGC-1	T	16
ATTACCTCAGATAAGT-1	T	0
ATTACCTCAGGACTGA-1	T	6
ATTACCTCATGGGTGA-1	T	9
ATTACCTGTAGTATCC-1	T	0
ATTACCTGTGATGCTT-1	T	8
ATTACCTGTGGAAAGA-1	T	14
ATTACCTGTTTGCCAA-1	T	9
ATTACCTTCAGAGTGG-1	T	0
ATTACCTTCGCCGAAC-1	T	4
ATTACCTTCTGACATG-1	T	6
ATTACTCAGAACTCCT-1	T	9
ATTACTCAGACTTGAA-1	T	17
ATTACTCCATATAGAG-1	T	16
ATTACTCCATGGCCCA-1	T	9
ATTACTCGTAACCCAT-1	T	2
ATTACTCGTAGCGTTT-1	T	5
ATTACTCGTAGGGTTG-1	T	2
ATTACTCGTAGTCCAT-1	T	11
ATTACTCGTAGTTTGC-1	T	10
ATTACTCGTCTCAAAC-1	T	1
ATTACTCGTTGGCTAT-1	T	3
ATTACTCGTTTCACCC-1	T	1
ATTACTCGTTTGTGAC-1	T	4
ATTACTCTCAATGCAC-1	T	13
ATTACTCTCAGAACGG-1	T	0
ATTACTCTCATTCGGA-1	T	5
ATTACTCTCCCGTATC-1	T	17
ATTACTCTCGATAGGG-1	T	2
ATTACTCTCTTCACTA-1	T	16
ATTACTCTCTTGTACT-1	T	13
ATTCGTTAGATCTAAG-1	T	19
ATTCGTTAGTCGACCC-1	T	17
ATTCGTTCAAAGGCCA-1	T	6
ATTCGTTCAAGAGATT-1	T	16
ATTCGTTCAGATGGCA-1	T	6
ATTCGTTCATGTGAGG-1	T	6
ATTCGTTGTAACGGAC-1	T	14
ATTCGTTGTACTATGC-1	T	1
ATTCGTTTCACAAGCT-1	T	5
ATTCGTTTCACTGATG-1	T	7
ATTCGTTTCATTGCCC-1	T	0
ATTCGTTTCCAGTACA-1	T	0
ATTCGTTTCCATACGA-1	T	6
ATTCGTTTCCTTTGCG-1	T	10
ATTCGTTTCTGGACAT-1	T	19
ATTGTCTAGAGAATTC-1	T	14
ATTGTCTAGCCTGTAT-1	T	3
ATTGTCTAGCTGAGGT-1	T	10
ATTGTCTAGTCGAGCA-1	Myeloid	15
ATTGTCTAGTGTTCCA-1	T	18
ATTGTCTCAACTCCCT-1	T	5
ATTGTCTCACGACGAA-1	T	4
ATTGTCTCATCCCAAA-1	T	2
ATTGTCTGTCAGGCTC-1	Myeloid	15
ATTGTCTGTGAATGTA-1	T	12
ATTGTCTTCCCGTAGG-1	T	14
ATTGTCTTCTATCTAC-1	T	12
ATTGTCTTCTGGCGCA-1	T	12
ATTGTCTTCTGGGCGT-1	T	14
ATTGTCTTCTTCATAC-1	T	7
ATTGTGGAGATTCCGT-1	Myeloid	15
ATTGTGGAGCCATTCA-1	T	6
ATTGTGGCAATGTGCT-1	T	17
ATTGTGGCACTACACA-1	T	3
ATTGTGGGTCACAGGA-1	T	9
ATTGTGGGTCGAGGTA-1	Myeloid	15
ATTGTGGGTCTAACCA-1	T	2
ATTGTGGGTGCATTGT-1	T	11
ATTGTGGGTGTGACCC-1	T	19
ATTGTGGGTTGCTTGA-1	T	3
ATTGTGGGTTTGGATC-1	T	17
ATTGTGGTCAATGCAC-1	T	10
ATTGTGGTCAGGAAGC-1	T	16
ATTGTGGTCATTCTCA-1	T	9
ATTGTGGTCCTGAAAC-1	T	5
ATTGTGGTCGTTCCGT-1	T	11
ATTGTGGTCTGTTTAC-1	T	8
ATTGTGGTCTTGTCAT-1	T	13
ATTTGTCAGCATGTGG-1	Myeloid	15
ATTTGTCAGCGCATTT-1	T	16
ATTTGTCAGTTGCTTG-1	T	1
ATTTGTCCAAAGGAAG-1	T	1
ATTTGTCCAAGGAACC-1	T	7
ATTTGTCCACAAGTGG-1	T	10
ATTTGTCCACCGTCTT-1	T	11
ATTTGTCCAGCAGGTA-1	T	14
ATTTGTCGTAATGTGA-1	T	7
ATTTGTCGTCATCGTA-1	T	10
ATTTGTCGTCCCTAAA-1	T	0
ATTTGTCGTGATGTGG-1	T	3
ATTTGTCGTTAAGGGC-1	T	2
ATTTGTCGTTCAGAAA-1	T	7
ATTTGTCGTTCGGGAA-1	T	1
ATTTGTCTCCACACCT-1	T	16
ATTTGTCTCCATGTTT-1	T	14
ATTTGTCTCCCTACGT-1	T	5
ATTTGTCTCTACCCGT-1	T	17
ATTTGTCTCTCTGCAC-1	T	6
CAAAGCTAGAGAGTAG-1	T	8
CAAAGCTAGATCACCT-1	T	8
CAAAGCTAGGGCTCTC-1	T	5
CAAAGCTAGGGTCTGA-1	T	1
CAAAGCTCAACGCACC-1	T	14
CAAAGCTCAAGCTTTG-1	T	4
CAAAGCTCAAGTCTGT-1	T	9
CAAAGCTCACCGAATT-1	T	2
CAAAGCTCACCTACCT-1	T	6
CAAAGCTCAGAACGAC-1	T	3
CAAAGCTGTACAAATG-1	T	11
CAAAGCTGTATCAGCT-1	T	4
CAAAGCTGTCCGGTAC-1	T	8
CAAAGCTGTCGCTACG-1	T	3
CAAAGCTGTGGTCGAA-1	T	13
CAAAGCTGTTCTTTCA-1	T	17
CAAAGCTTCGATAGCT-1	T	7
CAAAGCTTCGCAAACT-1	T	9
CAAAGCTTCTCCTTGG-1	T	12
CAAAGCTTCTGAGTAC-1	T	19
CAAAGCTTCTTCGTTA-1	T	19
CAACCAAAGACAGCTG-1	T	6
CAACCAAAGAGGTACC-1	T	8
CAACCAAAGCTTTCCC-1	T	0
CAACCAAAGTTCGCGC-1	T	1
CAACCAACAATCAGGG-1	T	1
CAACCAACACCACGAC-1	T	4
CAACCAAGTGCTGGCT-1	T	5
CAACCAAGTTCCCGGA-1	T	17
CAACCAATCACTGGTA-1	T	14
CAACCAATCAGAATGA-1	T	14
CAACCAATCCTGGGAC-1	T	10
CAACCAATCTGGAAGG-1	T	4
CAACGGCAGAACGTTA-1	T	0
CAACGGCAGCATACCT-1	T	11
CAACGGCCAAACCGAG-1	T	9
CAACGGCCAAGCCCTG-1	T	0
CAACGGCCACCTACCT-1	Myeloid	15
CAACGGCCAGACTAAA-1	T	3
CAACGGCCAGCGTACC-1	T	9
CAACGGCCAGTAGTCT-1	T	0
CAACGGCGTGGTAGAC-1	T	5
CAACGGCGTTCCAATG-1	T	16
CAACGGCTCAAGTTGC-1	T	1
CAACGGCTCCAGTTAG-1	T	13
CAACGGCTCCGTTTCG-1	T	11
CAACGGCTCGTGAGTT-1	T	6
CAACGTAAGACCATAA-1	T	13
CAACGTAAGATATGTG-1	T	12
CAACGTAAGGGAGATA-1	T	0
CAACGTAAGTACAGTA-1	T	12
CAACGTACAAGGCTTT-1	Myeloid	15
CAACGTACACACACCG-1	T	4
CAACGTACAGGACCTC-1	T	0
CAACGTACATCGCTAA-1	T	13
CAACGTACATGATTGC-1	T	8
CAACGTAGTATCTAGC-1	Myeloid	15
CAACGTAGTCCGCTTT-1	T	13
CAACGTAGTTGGTAAA-1	T	19
CAACGTATCACTAGGT-1	T	9
CAACGTATCCACACCT-1	T	10
CAACGTATCGTAGCGC-1	T	16
CAACGTATCTATTTCG-1	T	9
CAACGTATCTTGTACT-1	T	1
CAAGAAAAGAAATACC-1	T	9
CAAGAAAAGCCCATGC-1	T	7
CAAGAAAAGGCGCTTC-1	T	1
CAAGAAAAGTCGTGAG-1	T	9
CAAGAAAAGTCTCCAA-1	T	2
CAAGAAAGTACCGGCT-1	T	11
CAAGAAAGTCAGCAAG-1	T	1
CAAGAAAGTCAGGCTC-1	T	5
CAAGAAAGTCTTAGCA-1	T	6
CAAGAAAGTGGTTCTA-1	T	1
CAAGAAAGTTAGCTCA-1	T	19
CAAGAAAGTTGGCTAT-1	T	14
CAAGAAAGTTTGTGAC-1	T	7
CAAGAAATCAACACGT-1	T	17
CAAGAAATCAAGGCAG-1	T	9
CAAGAAATCATCGCCT-1	T	8
CAAGAAATCCGGAAAG-1	T	7
CAAGAAATCGTTCTAT-1	T	9
CAAGAAATCTATCTCA-1	T	14
CAAGAAATCTCAGATG-1	T	13
CAAGCTAAGAACGACC-1	T	16
CAAGCTAAGAGCTGTG-1	T	9
CAAGCTAAGAGTGGAA-1	T	7
CAAGCTAAGATCGCCC-1	T	3
CAAGCTAAGGTCGGTA-1	T	2
CAAGCTAAGGTTAACA-1	T	9
CAAGCTAAGTACGCGA-1	T	12
CAAGCTACAAGGAGGG-1	T	13
CAAGCTACACATTGCA-1	T	11
CAAGCTACAGGCATTT-1	T	1
CAAGCTACATTGCGAT-1	T	14
CAAGCTAGTAACGGTG-1	T	17
CAAGCTAGTCATAAGA-1	T	12
CAAGCTAGTGCTTCCT-1	T	17
CAAGCTAGTGGTTCTA-1	T	19
CAAGCTAGTTTGATCG-1	T	10
CAAGCTATCGAGTGTT-1	T	16
CAAGGCCAGACAGTGC-1	T	6
CAAGGCCAGTCAGGAC-1	T	6
CAAGGCCAGTCTTAGC-1	T	5
CAAGGCCAGTTCGTTG-1	T	12
CAAGGCCCACATGATC-1	T	18
CAAGGCCCACGTTAGT-1	T	7
CAAGGCCCATAAAGTG-1	T	0
CAAGGCCCATACAACC-1	T	16
CAAGGCCGTTCCCTTG-1	T	19
CAAGGCCGTTCTCGAA-1	T	6
CAAGGCCTCCAGGCCA-1	T	9
CAAGGCCTCGCCACTT-1	T	1
CAAGGCCTCGTTCAGA-1	T	1
CAAGGCCTCTGATCTT-1	T	6
CAAGGCCTCTGGCCAG-1	T	16
CAATCCCAGACAGCTG-1	T	2
CAATCCCAGCGAGCTA-1	T	0
CAATCCCAGCGGACAT-1	T	14
CAATCCCAGCGTTAGG-1	T	11
CAATCCCAGTTAGAGT-1	T	14
CAATCCCCAAATGCTC-1	T	5
CAATCCCCAACTCAAC-1	T	4
CAATCCCCACTAAACC-1	Myeloid	15
CAATCCCCAGACTAAA-1	T	5
CAATCCCCAGCAACGA-1	T	9
CAATCCCGTAGGTCTT-1	T	13
CAATCCCGTTACCCAA-1	T	5
CAATCCCTCATGCTTT-1	T	16
CAATCCCTCCCATAGA-1	T	7
CAATCCCTCGCCAGAC-1	T	19
CAATCCCTCGCGCCAA-1	T	6
CAATCCCTCTTTATCG-1	T	12
CACAACAAGATGCGCA-1	T	19
CACAACAAGTCCCGCA-1	T	16
CACAACACAAATGCTC-1	T	13
CACAACACAATTCTCT-1	T	1
CACAACACATCAGCTA-1	T	10
CACAACAGTATCTAGC-1	T	13
CACAACAGTCACTCTC-1	T	14
CACAACAGTGCATCAT-1	T	3
CACAACAGTGCTTGAT-1	T	1
CACAACAGTGTGTGTT-1	T	10
CACAACATCATTCATC-1	T	3
CACAACATCGGTCAGC-1	T	3
CACAGATAGAATCAGT-1	T	12
CACAGATAGGAGACTC-1	T	10
CACAGATAGTTCTCCC-1	T	1
CACAGATCAAACCTAC-1	T	11
CACAGATCAACTCCCT-1	T	2
CACAGATCAATAGTGA-1	T	5
CACAGATCAATTCAGC-1	T	8
CACAGATCACCTGGTG-1	T	4
CACAGATCAGGTTATC-1	T	5
CACAGATGTACAAATG-1	T	17
CACAGATGTAGGTAAT-1	T	19
CACAGATGTCATCGTA-1	T	8
CACAGATGTCGACTGC-1	T	0
CACAGATGTTATAGAG-1	T	13
CACAGATTCCATGTTT-1	T	16
CACAGATTCCCGGGTA-1	T	5
CACAGATTCGGTCTCT-1	T	10
CACAGATTCTCATATC-1	T	3
CACAGATTCTCCCTTT-1	T	9
CACAGATTCTTTATCG-1	T	6
CACATGAAGAAAGGGT-1	T	7
CACATGAAGATTGACA-1	T	6
CACATGAAGCACGTAG-1	T	1
CACATGAAGTGAACCG-1	T	7
CACATGAAGTGATATG-1	T	3
CACATGACAACAACTC-1	T	2
CACATGACAACTCGAT-1	T	8
CACATGACAAGCGACA-1	T	8
CACATGACACGACGAA-1	T	2
CACATGACAGGGCTTC-1	T	8
CACATGAGTATTTGCG-1	T	4
CACATGAGTCGCGCTA-1	T	11
CACATGAGTGAATCGG-1	T	9
CACATGAGTGACGCAA-1	T	14
CACATGAGTGAGTCGA-1	T	13
CACATGAGTTCTTTCA-1	Myeloid	15
CACATGATCAATGCAC-1	T	8
CACATGATCGCATAAC-1	T	5
CACCACTAGAGAACCC-1	Myeloid	15
CACCACTAGCCCATTA-1	T	16
CACCACTAGTGCAACG-1	T	4
CACCACTCAGCGTAGA-1	T	12
CACCACTCATTCACCC-1	T	11
CACCACTGTCTAAGAA-1	T	6
CACCACTGTGTCCCAG-1	T	6
CACCACTTCAAGAGAT-1	T	11
CACCACTTCAATGCAC-1	T	18
CACCACTTCATGAACC-1	T	16
CACCACTTCCACGGCA-1	T	9
CACCACTTCGCAACTA-1	T	6
CACCACTTCGTGGTAT-1	T	2
CACCACTTCTTAGTGG-1	T	10
CACCACTTCTTTCGAT-1	T	5
CACCACTTCTTTGCAT-1	T	5
CACCTGTAGATCGCCC-1	Myeloid	15
CACCTGTAGATCTAAG-1	T	6
CACCTGTAGATGCGCA-1	T	19
CACCTGTAGGAAGGTA-1	T	9
CACCTGTAGTGAGCAC-1	T	4
CACCTGTCACCTGGTG-1	T	19
CACCTGTCACTTGCGG-1	T	11
CACCTGTCATCCCGGA-1	T	7
CACCTGTGTAAACCCT-1	Myeloid	15
CACCTGTGTATTCACG-1	T	12
CACCTGTGTTCAGAAA-1	T	14
CACCTGTTCAGGCGCT-1	T	16
CACCTGTTCGGTTCCT-1	T	1
CACCTGTTCGTGGGTC-1	T	14
CACCTTGAGATGGGAA-1	T	18
CACCTTGAGTATAGTG-1	T	13
CACCTTGAGTCATCTG-1	T	8
CACCTTGCAAGACTAA-1	T	0
CACCTTGCAAGTCCTA-1	T	6
CACCTTGCAATTCAGC-1	T	2
CACCTTGCAGGAGCAT-1	T	16
CACCTTGCATACCCGG-1	T	19
CACCTTGCATGTAGAA-1	T	12
CACCTTGGTAGAACGC-1	T	9
CACCTTGGTATCCTTT-1	T	16
CACCTTGGTCCAGACC-1	T	14
CACCTTGGTCGCGCTA-1	T	1
CACCTTGGTCTCTAAG-1	T	19
CACCTTGGTGCTGAAG-1	Myeloid	15
CACCTTGGTGCTTGAT-1	T	18
CACCTTGGTTCTTTCA-1	T	19
CACCTTGGTTGTCGGC-1	T	5
CACCTTGTCCTCAAGA-1	T	5
CACCTTGTCGCCACTT-1	T	2
CACGTTCAGATCCGAG-1	T	16
CACGTTCAGCGCCTAC-1	T	18
CACGTTCAGGCCTAAG-1	T	18
CACGTTCAGTGGTGTG-1	T	6
CACGTTCAGTTCAGGG-1	T	5
CACGTTCCACCACCAG-1	T	14
CACGTTCCAGCTTACA-1	T	12
CACGTTCGTACGGATG-1	T	4
CACGTTCGTCTCTGCT-1	T	11
CACGTTCGTGAATCAA-1	T	6
CACGTTCGTTCAGAAA-1	T	1
CACGTTCTCCTATCCG-1	T	1
CACGTTCTCGAGTGTT-1	T	5
CACGTTCTCTAGCAAC-1	T	14
CACTAAGAGATGAGGA-1	T	12
CACTAAGAGGCGACTA-1	T	0
CACTAAGCAGGATGTG-1	T	6
CACTAAGGTCAACAGG-1	T	12
CACTAAGGTCTAAGAA-1	T	7
CACTAAGGTCTCTGCT-1	T	0
CACTAAGTCAGTCACA-1	T	13
CACTAAGTCGACCCGA-1	T	7
CACTAAGTCTCATCCG-1	T	18
CACTAAGTCTTGTCAT-1	T	2
CACTGAAAGAAGGGCG-1	T	1
CACTGAAAGGGAAGCG-1	T	13
CACTGAAAGTACTCTG-1	T	18
CACTGAACAGTGCGAA-1	T	9
CACTGAAGTAACGGTG-1	T	14
CACTGAAGTCGTAGTT-1	T	8
CACTGAAGTTGCAGCC-1	T	17
CACTGAATCAGAATGA-1	T	11
CACTGAATCTTTCGAT-1	T	6
CAGCCTTAGACGTCAG-1	T	13
CAGCCTTAGTCCCTCT-1	T	2
CAGCCTTCACACACAT-1	T	8
CAGCCTTCACCAAGGA-1	T	3
CAGCCTTCACCTGTGG-1	T	4
CAGCCTTCAGGCATTT-1	T	18
CAGCCTTCATCAACTG-1	T	17
CAGCCTTGTATGGATA-1	T	4
CAGCCTTGTTCCATCC-1	T	5
CAGCCTTTCAGGTTTG-1	T	12
CAGCTAAAGAACTCCT-1	T	7
CAGCTAAAGCGCCTAC-1	T	6
CAGCTAAAGTAGCAAT-1	T	9
CAGCTAACAAGTCTCA-1	T	1
CAGCTAACAAGTGGCA-1	T	8
CAGCTAACAATGGTAA-1	T	1
CAGCTAACACTAGGAG-1	T	5
CAGCTAACATATAGAG-1	T	7
CAGCTAACATGTAGAA-1	T	14
CAGCTAAGTACCAAGG-1	T	5
CAGCTAAGTAGGGTTG-1	T	12
CAGCTAAGTCCAGACC-1	T	19
CAGCTAAGTGCATTGT-1	T	4
CAGCTAAGTGGAAAGA-1	T	5
CAGCTAAGTTACACTG-1	T	4
CAGCTAATCAGCACGC-1	T	9
CAGCTAATCGACTCGG-1	T	14
CAGCTAATCGCCCTTA-1	T	11
CAGCTGGAGCATTCCA-1	T	13
CAGCTGGAGCGTTGCC-1	T	1
CAGCTGGAGGATGTCG-1	T	13
CAGCTGGAGGTCGTTT-1	T	19
CAGCTGGAGTCAGGAC-1	T	12
CAGCTGGAGTTGGAAT-1	T	8
CAGCTGGCATAGTCCA-1	T	0
CAGCTGGGTAAGTGCG-1	T	17
CAGCTGGGTAGCGAGT-1	T	12
CAGCTGGGTGCTGGCT-1	T	8
CAGCTGGGTTATGCAC-1	T	9
CAGCTGGTCAGCCGGT-1	Myeloid	15
CAGCTGGTCAGGATCT-1	T	6
CAGCTGGTCGATAGGG-1	T	12
CAGCTGGTCGCGTTCT-1	T	9
CAGCTGGTCTACCCGT-1	T	13
CAGCTGGTCTACTGCC-1	T	13
CAGCTGGTCTATCTAC-1	T	11
CAGCTGGTCTTGTACT-1	T	8
CAGGATTAGCCTCGCA-1	T	17
CAGGATTAGTGAGCTG-1	T	4
CAGGATTCAGTAGTTC-1	T	14
CAGGATTCATAGACGG-1	T	11
CAGGATTGTATTGTCG-1	T	12
CAGGATTGTCCGTGCA-1	T	14
CAGGATTGTCTCTGGG-1	T	17
CAGGATTTCGATCTTT-1	T	13
CAGGGCTAGCTAGTTC-1	T	0
CAGGGCTAGTATACGA-1	T	16
CAGGGCTAGTCAGGAC-1	T	9
CAGGGCTAGTCGTATC-1	T	8
CAGGGCTCAAACCGAG-1	T	5
CAGGGCTCACTGAAGG-1	T	14
CAGGGCTCAGCAACAG-1	T	1
CAGGGCTCAGTGCTCG-1	T	1
CAGGGCTCAGTTGCAT-1	T	0
CAGGGCTCATAGCCGC-1	Myeloid	15
CAGGGCTCATGGCCGT-1	T	10
CAGGGCTGTATGCTAC-1	T	1
CAGGGCTGTGGAGTGT-1	T	13
CAGGGCTTCAAGTTGC-1	T	19
CAGGGCTTCATACTTC-1	T	8
CAGGGCTTCGGTTAGT-1	T	1
CAGGGCTTCTTACGGA-1	T	10
CAGTATGAGCAGAATT-1	T	2
CAGTATGAGTCTCCAA-1	T	8
CAGTATGCAAGGGTAC-1	T	9
CAGTATGCACACGGTC-1	T	1
CAGTATGCAGGCAGAT-1	T	3
CAGTATGCAGGGCTTC-1	T	14
CAGTATGCAGTTAAAG-1	T	2
CAGTATGCATTGCCTC-1	T	19
CAGTATGCATTTGGCA-1	T	19
CAGTATGGTAAAGGCC-1	T	9
CAGTATGGTTCCTATT-1	T	14
CAGTATGTCAGAGTGG-1	Myeloid	15
CAGTATGTCCCGTAGG-1	T	18
CAGTATGTCGCCACTT-1	T	3
CAGTATGTCGCGATGC-1	T	14
CAGTATGTCGTCTTAT-1	T	19
CAGTATGTCGTGATAC-1	T	3
CAGTATGTCTAGTCGA-1	T	12
CAGTGCGAGATATGAC-1	T	5
CAGTGCGAGTGAAGGA-1	T	12
CAGTGCGAGTTGAATG-1	T	6
CAGTGCGCAAGGATGC-1	T	6
CAGTGCGCATAGCCAT-1	T	11
CAGTGCGCATCGACGC-1	T	3
CAGTGCGGTAGGGTCA-1	T	13
CAGTGCGGTGAATCAA-1	T	12
CAGTGCGGTGGTCGAA-1	T	5
CAGTGCGGTGTGTGCC-1	T	2
CAGTGCGTCACTCGGG-1	T	13
CAGTGCGTCTAAACGC-1	T	13
CAGTGTAAGACACGGT-1	T	1
CAGTGTAAGCATTGGG-1	T	7
CAGTGTAAGGAGTAGA-1	T	14
CAGTGTAAGTGTCCCG-1	Myeloid	15
CAGTGTACAACCTCCT-1	T	10
CAGTGTACACACACCG-1	T	12
CAGTGTACAGTGCTCG-1	T	1
CAGTGTACATACCCGG-1	T	17
CAGTGTAGTAACGTAA-1	T	19
CAGTGTAGTGCACATT-1	T	1
CAGTGTAGTTTCCGGG-1	T	5
CAGTGTATCACGTCAA-1	T	19
CAGTGTATCATGTTCT-1	T	4
CAGTGTATCCACGGCA-1	T	3
CAGTGTATCCCTATTA-1	T	4
CAGTGTATCGACGGAA-1	T	18
CAGTGTATCGCTATAG-1	T	13
CAGTGTATCTACTTTG-1	T	12
CAGTGTATCTGGAAGG-1	T	4
CATAACGAGACTTGAA-1	T	19
CATAACGAGATGAGGA-1	T	12
CATAACGAGGTACATA-1	T	12
CATAACGAGTATGCTC-1	T	8
CATAACGCAACGGACA-1	T	8
CATAACGCACCGAAAG-1	T	5
CATAACGCACGTGAAG-1	T	2
CATAACGCAGATAAGT-1	T	5
CATAACGCATCGAGTT-1	T	19
CATAACGGTAGTACAA-1	T	2
CATAACGGTCCATTGA-1	Myeloid	15
CATAACGGTGGACGAT-1	T	5
CATAACGGTTCCTATT-1	T	5
CATAACGTCACATCCC-1	T	9
CATAACGTCCCACTTG-1	T	9
CATAACGTCGATATGC-1	T	1
CATAACGTCGCCGAAC-1	T	18
CATAACGTCTAGCAAC-1	T	0
CATAACGTCTGAACGT-1	T	7
CATGCCTAGATGGGAA-1	T	17
CATGCCTAGCTGGAGT-1	T	14
CATGCCTAGGCCTCTG-1	T	7
CATGCCTAGTGAGTTA-1	T	7
CATGCCTCACTCAGCG-1	T	13
CATGCCTCAGTTGCAT-1	T	8
CATGCCTCATCGAGTT-1	T	9
CATGCCTGTACGTAAA-1	T	5
CATGCCTGTGTCCCAG-1	T	9
CATGCCTGTGTTGGTT-1	T	10
CATGCCTTCTGAAAGA-1	T	8
CATGTTTAGAAGCCTG-1	T	14
CATGTTTAGCTGAGGT-1	T	5
CATGTTTAGGAAGACA-1	T	3
CATGTTTCAACGGGTA-1	T	17
CATGTTTCAATAGCGG-1	T	16
CATGTTTCAATGAAAC-1	T	16
CATGTTTCACAGGTAG-1	T	8
CATGTTTCACGGCCAT-1	T	19
CATGTTTCACGTTGTA-1	T	19
CATGTTTCATATTGGC-1	T	12
CATGTTTGTAACACTC-1	T	2
CATGTTTGTCAACGGA-1	T	19
CATGTTTGTCAGCTTA-1	T	1
CATGTTTGTCTTAGCA-1	T	13
CATGTTTTCCTCCATG-1	T	1
CATGTTTTCTTAGTGG-1	T	8
CATTCATAGACTCTTG-1	T	14
CATTCATAGGGTGTTG-1	T	5
CATTCATAGTAGCAAT-1	T	2
CATTCATCAAAGGCCA-1	T	4
CATTCATCAAGGTTCT-1	T	5
CATTCATCAGTTCGGC-1	T	12
CATTCATGTCTGCGCA-1	T	10
CATTCATGTTCCTGTC-1	T	2
CATTCATGTTTCAGCA-1	T	6
CATTCATTCCAGTACA-1	T	9
CATTCATTCCCAATAG-1	T	2
CATTCATTCGGATGTT-1	T	10
CATTCATTCTTCAGAG-1	T	16
CATTCCGAGGTCTTGT-1	T	0
CATTCCGAGTAGTGTA-1	Myeloid	15
CATTCCGCACTGCTCT-1	Myeloid	15
CATTCCGCAGCAGGTA-1	T	13
CATTCCGGTAGCATGG-1	T	11
CATTCCGGTAGCGGTA-1	T	18
CATTCCGGTGTGTGTT-1	T	12
CATTCCGTCACAGGGA-1	T	19
CATTCCGTCCAAACCA-1	T	8
CATTCCGTCGAGGCTC-1	T	13
CATTCCGTCTTCGTTA-1	Myeloid	15
CATTGGAAGCATGATA-1	T	13
CATTGGAAGGAGAACA-1	T	19
CATTGGACATCATGTG-1	T	1
CATTGGACATCCATAG-1	T	10
CATTGGAGTAGTGATA-1	T	17
CATTGGAGTCAATACC-1	T	12
CATTGGAGTCTGGGAA-1	T	5
CATTGGAGTGGATTCT-1	T	11
CATTGGAGTTTAAGCC-1	T	7
CATTGGATCACGTGTA-1	T	12
CATTGGATCACTGGTA-1	T	6
CATTGGATCAGCACTA-1	T	10
CATTGGATCCTCCAGT-1	T	13
CCAATGAAGAGAACCC-1	T	13
CCAATGAAGAGCACTG-1	T	7
CCAATGACAAGGACCA-1	T	7
CCAATGACAAGTCTCA-1	T	13
CCAATGACACAAGGGT-1	T	5
CCAATGACACGTGAAG-1	T	18
CCAATGACACGTTAGT-1	T	17
CCAATGACAGTCAGAG-1	T	0
CCAATGAGTAGCGGTA-1	T	3
CCAATGAGTAGTCCAT-1	T	9
CCAATGAGTAGTTTGC-1	T	19
CCAATGAGTATGCTAC-1	T	6
CCAATGAGTCAACTGT-1	T	14
CCAATGAGTCCGTGCA-1	T	7
CCAATGAGTGATAACA-1	T	6
CCAATGAGTGCTTTGA-1	T	14
CCAATGAGTTAGCTCA-1	T	13
CCAATGAGTTAGTAGA-1	T	12
CCAATGAGTTCTTTCA-1	T	18
CCAATGAGTTGGCTTA-1	T	17
CCAATGATCGAGCGCT-1	T	1
CCAATGATCGGGACAA-1	T	16
CCAATGATCTACTTTG-1	T	10
CCACAGGAGACAACGC-1	T	8
CCACAGGAGAGTAAGG-1	T	5
CCACAGGAGGCCTCGT-1	T	9
CCACAGGAGTCACGCC-1	T	13
CCACAGGAGTCGCCTG-1	T	12
CCACAGGAGTTAGCGG-1	T	7
CCACAGGCAAATAGTG-1	T	11
CCACAGGCAACGACAG-1	T	7
CCACAGGCAATTGCCA-1	T	7
CCACAGGCACTGTAAC-1	T	17
CCACAGGCAGCGTCGT-1	T	19
CCACAGGCATAGGCGA-1	T	8
CCACAGGCATCATAGC-1	T	7
CCACAGGCATTGTGAC-1	T	16
CCACAGGGTCAACGGA-1	T	2
CCACAGGTCACGTCAA-1	T	8
CCACAGGTCGGTTAGT-1	T	0
CCACAGGTCTATCTAC-1	T	12
CCACGTTAGACCTATC-1	T	9
CCACGTTAGGTCACTT-1	T	14
CCACGTTAGGTTCTCA-1	T	19
CCACGTTAGTCTAGAA-1	T	13
CCACGTTAGTGGTGTG-1	T	16
CCACGTTCACGCTGTG-1	T	1
CCACGTTCAGTAGTTC-1	T	9
CCACGTTCAGTGGTCC-1	T	8
CCACGTTGTCAGAAAT-1	T	5
CCACGTTGTTCCGGCA-1	T	4
CCACGTTGTTTAAGCC-1	T	14
CCACGTTTCATCGCTC-1	T	14
CCACGTTTCCACGCTT-1	T	13
CCACGTTTCGGGTCCA-1	T	1
CCACGTTTCTCTGCAC-1	T	3
CCAGAATAGAACAGGA-1	T	17
CCAGAATAGACGTCAG-1	T	8
CCAGAATAGACTTCCA-1	T	13
CCAGAATCAAGGGAGG-1	T	10
CCAGAATCAGATTGTC-1	Myeloid	15
CCAGAATCATGCGACC-1	T	10
CCAGAATGTCCGTCGA-1	T	12
CCAGAATGTCGACTGC-1	T	4
CCAGAATGTGAGTTGG-1	T	10
CCAGAATGTGTTGTTG-1	T	13
CCAGAATGTTTGGATC-1	T	13
CCAGAATTCCGCTATC-1	T	1
CCAGAATTCTAAACGC-1	T	1
CCAGAATTCTTGTCGC-1	T	7
CCAGATAAGACTTGAA-1	T	9
CCAGATAAGAGTTCGG-1	T	0
CCAGATAAGCACCATT-1	T	3
CCAGATAAGCGGACAT-1	T	0
CCAGATAAGCTAACAA-1	T	7
CCAGATAAGTGTAATG-1	T	16
CCAGATAAGTGTCACT-1	T	1
CCAGATACAACCTCCT-1	T	1
CCAGATACAAGCAATA-1	T	19
CCAGATACACCATTCC-1	T	14
CCAGATAGTATACGCT-1	T	0
CCAGATAGTCAACGGA-1	T	18
CCAGATAGTCAACTAC-1	T	11
CCAGATAGTGCGTAGA-1	T	11
CCAGATAGTGTGCTTA-1	T	11
CCAGATAGTTCGGGAA-1	T	4
CCAGATAGTTGTGACT-1	T	7
CCAGATATCGCTTCAC-1	T	11
CCAGATATCGGTGATT-1	T	11
CCAGATATCGTTGTAG-1	T	3
CCAGATATCTCGCGTT-1	T	8
CCATACCAGACGCCAA-1	T	18
CCATACCAGGATCCTT-1	T	17
CCATACCAGGATGTCG-1	T	14
CCATACCCAAGCCAGA-1	T	13
CCATACCCACCGTCTT-1	T	19
CCATACCCAGATAAGT-1	T	14
CCATACCCAGCGTAGA-1	T	4
CCATACCCAGTAACTC-1	T	13
CCATACCCAGTAAGCG-1	T	6
CCATACCGTAACAATG-1	T	10
CCATACCGTACTAGAA-1	T	8
CCATACCGTCCAGACC-1	T	19
CCATACCGTGCAGACA-1	T	0
CCATACCGTGTGTGTT-1	T	5
CCATACCGTTCCATCC-1	T	9
CCATACCGTTCCCAAA-1	T	9
CCATACCTCAGCACGC-1	T	14
CCATACCTCGTTGTAG-1	T	19
CCATACCTCTCAGATG-1	T	16
CCATACCTCTTACGGA-1	Myeloid	15
CCCACATAGAACCCGA-1	T	10
CCCACATAGCCATGGA-1	T	1
CCCACATAGGAGTAGA-1	T	1
CCCACATAGGATTAAC-1	T	6
CCCACATAGTCCAGAG-1	T	7
CCCACATCAACTCGAT-1	T	0
CCCACATCAATGCACT-1	T	4
CCCACATCACCTGGTG-1	T	7
CCCACATCAGAACTTC-1	T	13
CCCACATCAGAGAGAA-1	T	13
CCCACATGTAACTCCA-1	T	4
CCCACATGTACCGGCT-1	T	13
CCCACATGTAGAGAGA-1	T	1
CCCACATTCCTTTGAT-1	T	5
CCCACATTCGATCGCG-1	T	13
CCCACATTCGTCAACA-1	T	6
CCCACATTCTGGCGCA-1	T	4
CCCACATTCTTGTCAT-1	T	12
CCCAGAGAGAACTAAC-1	T	16
CCCAGAGAGAGAACCC-1	T	9
CCCAGAGAGCTGCTCG-1	T	13
CCCAGAGAGGAACCGT-1	T	0
CCCAGAGAGTACAGTA-1	T	14
CCCAGAGGTAGCAGGT-1	T	17
CCCAGAGGTTGCAGAG-1	T	17
CCCAGAGTCAGCACGC-1	T	5
CCCAGAGTCCACTAGA-1	T	14
CCCAGAGTCCGCCTAT-1	T	14
CCCAGAGTCGCGCCAA-1	T	19
CCCAGAGTCTATCCTA-1	T	5
CCCAGAGTCTATTGTC-1	T	0
CCCAGAGTCTCTGACC-1	T	5
CCCGTTAAGAACGACC-1	T	19
CCCGTTAAGCCTGTAT-1	T	18
CCCGTTAAGGCATGCA-1	T	14
CCCGTTAAGGGTAATT-1	T	16
CCCGTTACAAGCGAAC-1	T	9
CCCGTTACACCGTTGG-1	T	17
CCCGTTACATGCCTTC-1	T	1
CCCGTTAGTAAACGTA-1	T	6
CCCGTTAGTGTCCCAG-1	T	12
CCCGTTATCCCGGGTA-1	T	8
CCCGTTATCCGCCTAT-1	T	14
CCCGTTATCCGGCGAT-1	T	5
CCCGTTATCCTGAAAC-1	T	14
CCCGTTATCCTTTGCG-1	T	17
CCCGTTATCGCTCTAC-1	T	6
CCCTAACAGAGCCTGA-1	T	4
CCCTAACAGCTATCGT-1	T	0
CCCTAACAGTACCCAT-1	T	17
CCCTAACAGTGATCTC-1	T	2
CCCTAACAGTTGCCGC-1	T	11
CCCTAACCAACGACAG-1	Myeloid	15
CCCTAACCACAATAAG-1	T	14
CCCTAACCACCTACCT-1	T	13
CCCTAACCAGCTATAC-1	T	7
CCCTAACCAGGTAGGT-1	T	8
CCCTAACCATTGCCTC-1	T	11
CCCTAACGTACTAGAA-1	T	10
CCCTAACGTCAGCAAG-1	T	1
CCCTAACGTGCCCTAG-1	T	8
CCCTAACTCCGCTATC-1	T	14
CCCTAACTCTGTGTGA-1	T	8
CCCTAGTAGAACCATA-1	T	8
CCCTAGTAGAGGTACC-1	T	14
CCCTAGTAGTCATCTG-1	T	7
CCCTAGTAGTCCAGAG-1	T	7
CCCTAGTAGTTCCCGG-1	T	9
CCCTAGTCACGTTAGT-1	T	16
CCCTAGTCAGCGCGTT-1	T	7
CCCTAGTGTACGCCCA-1	T	10
CCCTAGTGTCGAGAAC-1	T	1
CCCTAGTGTTTGATCG-1	T	14
CCCTAGTGTTTGCATG-1	T	13
CCCTAGTTCCATACGA-1	Myeloid	15
CCCTAGTTCGGATCGC-1	T	5
CCCTAGTTCTTGTGCC-1	T	3
CCCTCTCAGGGAGATA-1	T	12
CCCTCTCAGTTAGCAA-1	T	2
CCCTCTCCACAATAAG-1	T	12
CCCTCTCCACTGCTCT-1	T	3
CCCTCTCCAGCAACCC-1	T	9
CCCTCTCCATAGCAGG-1	T	9
CCCTCTCGTAGGTCTT-1	T	13
CCCTCTCGTCAACTAC-1	T	19
CCCTCTCGTCATGAGG-1	T	10
CCCTCTCGTCCGTGCA-1	T	5
CCCTCTCGTCTGGTCG-1	T	5
CCCTCTCGTGCTAGTT-1	T	7
CCCTCTCGTGGACGAT-1	T	0
CCCTGATAGACAGTGC-1	T	3
CCCTGATAGAGGAACA-1	T	0
CCCTGATAGAGGTCCA-1	T	16
CCCTGATAGATTGACA-1	T	3
CCCTGATAGCCATCAT-1	T	12
CCCTGATAGCCGCTGT-1	T	0
CCCTGATCAAATTGAG-1	T	3
CCCTGATCAGAGAGAA-1	T	6
CCCTGATCAGCCACGT-1	T	14
CCCTGATGTAACCATC-1	T	1
CCCTGATGTACCAAGG-1	T	9
CCCTGATGTCTCTGGG-1	T	5
CCCTGATTCAACGTGT-1	T	8
CCCTGATTCACAGGGA-1	T	0
CCCTGATTCATCGCTC-1	T	19
CCCTGATTCATGAACC-1	T	13
CCCTGATTCGATCTTT-1	T	11
CCCTGATTCGCTAGTA-1	T	10
CCCTGATTCGGTTGTA-1	T	7
CCGAAGCAGGCACCTC-1	Myeloid	15
CCGAAGCAGGCTAAAT-1	T	7
CCGAAGCCACATTCTT-1	T	0
CCGAAGCCACCACGAC-1	T	11
CCGAAGCCAGCGTAGA-1	T	17
CCGAAGCGTAAGTGCG-1	T	8
CCGAAGCGTATCACAC-1	Myeloid	15
CCGAAGCGTCCGAGCT-1	T	11
CCGAAGCGTGCAAGCA-1	T	0
CCGAAGCTCTCTGTTA-1	T	9
CCGCATTAGCAGAAAG-1	T	8
CCGCATTAGCGGACAT-1	T	8
CCGCATTAGTAACATG-1	T	17
CCGCATTAGTACCTCA-1	T	8
CCGCATTAGTCGTGAG-1	T	1
CCGCATTCAAATTGAG-1	T	18
CCGCATTCAAGCGAAC-1	T	8
CCGCATTCACGCGCAT-1	T	3
CCGCATTCATAGCCAT-1	T	19
CCGCATTCATGGTTTG-1	T	6
CCGCATTGTATCATGC-1	T	1
CCGCATTGTCAACTGT-1	T	5
CCGCATTGTGGTCGAA-1	T	11
CCGCATTGTGGTTCTA-1	T	4
CCGCATTTCAGTGTGT-1	T	14
CCGCATTTCCGATTGA-1	T	5
CCGCATTTCCGCCTAT-1	T	10
CCGCATTTCCTATCCG-1	T	7
CCGCATTTCGCCGAAC-1	T	10
CCGTACTAGACCGCAA-1	T	10
CCGTACTAGCGCATTT-1	T	8
CCGTACTAGCTACGTT-1	T	10
CCGTACTAGGAAGAAC-1	T	4
CCGTACTAGGGCGAAG-1	T	16
CCGTACTAGTCTAGAA-1	T	18
CCGTACTAGTTATGAG-1	Myeloid	15
CCGTACTCAGGCAAGT-1	T	10
CCGTACTGTCAGTGCC-1	T	1
CCGTACTGTCATAAGA-1	Myeloid	15
CCGTACTGTGTTGGTT-1	T	6
CCGTACTGTTCAGTTG-1	T	13
CCGTACTTCAAAGTAG-1	T	13
CCGTACTTCAATTGGC-1	Myeloid	15
CCGTACTTCATTCTTG-1	T	19
CCGTACTTCGCTGATA-1	T	14
CCGTACTTCTTTATCG-1	T	18
CCGTAGGAGACGCCCT-1	T	16
CCGTAGGAGGAGGCGA-1	T	8
CCGTAGGCATAGACGG-1	T	1
CCGTAGGCATTTGTTC-1	T	3
CCGTAGGGTCACTCTC-1	T	5
CCGTAGGGTCCGAGCT-1	T	8
CCGTAGGTCACTGGTA-1	T	1
CCGTAGGTCCAGAATC-1	T	9
CCGTAGGTCCTCTCTT-1	T	12
CCGTAGGTCTCGACCT-1	T	3
CCGTGAGAGACCCTAT-1	T	3
CCGTGAGAGTTATGAG-1	T	7
CCGTGAGCAAGACTAA-1	T	16
CCGTGAGCACGTACAT-1	T	8
CCGTGAGCAGATTGTC-1	T	5
CCGTGAGCATCCCGGA-1	T	10
CCGTGAGCATTATGGC-1	T	10
CCGTGAGGTACAAGCG-1	T	9
CCGTGAGGTGAATCGG-1	T	5
CCGTGAGGTGCGACCT-1	T	10
CCGTGAGGTTAACTCG-1	T	5
CCGTGAGGTTGGGAAC-1	T	1
CCGTGAGTCCGGACTG-1	T	10
CCGTGAGTCGGATAGG-1	T	7
CCGTGAGTCTAGCAGT-1	T	11
CCGTGAGTCTAGTCGA-1	T	16
CCTAAAGAGACCATAA-1	T	18
CCTAAAGAGATGTTCC-1	T	8
CCTAAAGAGGATTGAT-1	T	9
CCTAAAGAGGCACTAG-1	T	14
CCTAAAGAGGCATGCA-1	T	5
CCTAAAGAGGCCAGTA-1	T	10
CCTAAAGAGGCGTAGT-1	T	18
CCTAAAGCAAACCTAC-1	T	11
CCTAAAGCAAGAGATT-1	T	12
CCTAAAGCACAGTTAC-1	T	7
CCTAAAGCACGTACAT-1	T	11
CCTAAAGCAGTCAGAG-1	T	5
CCTAAAGCATTACTCT-1	T	13
CCTAAAGGTATCTGCA-1	T	8
CCTAAAGGTATGGTTC-1	T	7
CCTAAAGGTATTCACG-1	T	3
CCTAAAGGTCCCGAGT-1	T	5
CCTAAAGGTGCTGAAG-1	T	17
CCTAAAGGTGTCCAGC-1	T	13
CCTAAAGGTTTAAGCC-1	T	3
CCTAAAGTCATTCTCA-1	Myeloid	15
CCTAAAGTCCCAGTAA-1	T	16
CCTAAAGTCCCTATTA-1	T	8
CCTATTAAGCAGAGCT-1	T	19
CCTATTAAGTACAGAT-1	T	5
CCTATTACAACTCAAC-1	T	13
CCTATTACACCACGAC-1	T	0
CCTATTACACGCGCAT-1	T	1
CCTATTACATCACAAC-1	T	6
CCTATTACATGGATGG-1	T	5
CCTATTAGTAGTTTGC-1	T	19
CCTATTAGTGGAAAGA-1	T	5
CCTATTAGTTACGAAA-1	T	4
CCTATTAGTTTCTCTA-1	T	11
CCTATTATCATTCATC-1	T	2
CCTATTATCCCAGTAA-1	T	14
CCTATTATCCTCCTGA-1	T	13
CCTCCCTAGAACGTTA-1	T	5
CCTCCCTAGCGTGTTT-1	T	16
CCTCCCTAGGTACACG-1	T	17
CCTCCCTCAAACCCTA-1	T	14
CCTCCCTCAAAGGTCG-1	T	13
CCTCCCTCACAGATGG-1	T	10
CCTCCCTCAGGTGTGA-1	T	4
CCTCCCTGTAGACACG-1	T	2
CCTCCCTGTGCTTCCT-1	T	18
CCTCCCTTCGATAGGG-1	T	0
CCTCCCTTCGCCCTTA-1	T	19
CCTCCCTTCGCTTGAA-1	T	11
CCTCCCTTCGGAAAGC-1	T	7
CCTCCCTTCTCCTTAA-1	T	17
CCTGCTAAGAGAAGCA-1	T	18
CCTGCTAAGAGAGTTT-1	T	5
CCTGCTAAGTAGTGTA-1	T	18
CCTGCTACATTACTTC-1	T	14
CCTGCTACATTAGCAC-1	T	8
CCTGCTACATTGCACA-1	T	8
CCTGCTAGTAATGTGA-1	T	0
CCTGCTAGTCCAACCG-1	T	5
CCTGCTAGTCCCTTTG-1	T	13
CCTGCTAGTCGCTAGC-1	T	0
CCTGCTAGTGTCGGTC-1	T	2
CCTGCTATCCAATAGC-1	T	8
CCTGCTATCCCGATTC-1	T	2
CCTGCTATCGCAACTA-1	T	0
CCTGGGAAGGCAAGCT-1	T	13
CCTGGGAAGGCCAGTA-1	Myeloid	15
CCTGGGAAGGCTCAGA-1	T	9
CCTGGGAAGTGATCTC-1	T	13
CCTGGGACAAACGACG-1	T	2
CCTGGGACAACGACAG-1	T	6
CCTGGGACAATAGCGG-1	T	1
CCTGGGACACAAGTGG-1	T	5
CCTGGGACAGAAAGAG-1	T	12
CCTGGGACATCAGCTA-1	T	8
CCTGGGACATCCTGGG-1	T	13
CCTGGGACATTACTTC-1	T	1
CCTGGGAGTAGCAGCA-1	T	0
CCTGGGATCCGTTAGA-1	T	4
CCTGGGATCGGTGATT-1	T	2
CCTGGGATCTATACCT-1	T	14
CCTGGGATCTTAACGG-1	T	18
CCTTAATAGAGCCACA-1	T	10
CCTTAATAGAGCGAAA-1	T	3
CCTTAATAGGCCTAAG-1	T	8
CCTTAATAGTTCAAGA-1	T	17
CCTTAATCAAGGAACC-1	T	1
CCTTAATCAAGTTGCT-1	T	11
CCTTAATCACCTCGTT-1	T	4
CCTTAATCAGATTAAG-1	T	9
CCTTAATCAGTGCTCG-1	Myeloid	15
CCTTAATCAGTTAAAG-1	Myeloid	15
CCTTAATGTACGACCC-1	T	5
CCTTAATGTATACGCT-1	T	13
CCTTAATGTGAGTTGG-1	T	6
CCTTAATGTGATAGAT-1	T	0
CCTTAATGTGCGCTCA-1	T	1
CCTTAATGTGCTTTGA-1	T	8
CCTTAATGTGGCGCTT-1	T	7
CCTTAATGTTTCGTTT-1	T	1
CCTTAATTCACGATTG-1	T	8
CCTTAATTCCAAACCA-1	T	10
CCTTAATTCCGCTCTA-1	T	14
CCTTAATTCTATATCC-1	T	1
CCTTAATTCTCTTCCT-1	T	14
CCTTAATTCTGCGTCT-1	T	12
CCTTAATTCTTGCGCT-1	T	8
CCTTAATTCTTTGCAT-1	T	6
CCTTGCAAGGATCCTT-1	Myeloid	15
CCTTGCAAGTTGCGCC-1	T	18
CCTTGCACAACTCAAC-1	T	1
CCTTGCACAAGCGAAC-1	T	14
CCTTGCACAATGCATC-1	T	13
CCTTGCAGTAAACCCT-1	T	0
CCTTGCAGTAAGCCTT-1	T	13
CCTTGCAGTACGACCC-1	T	2
CCTTGCAGTGCTTACA-1	T	12
CCTTGCAGTTCAGTAC-1	T	6
CCTTGCAGTTCTGATG-1	T	13
CCTTGCATCTCTGTTA-1	T	8
CCTTGGTAGAAGAGTG-1	T	12
CCTTGGTAGTCTCCAA-1	T	11
CCTTGGTCAAAGCTGG-1	T	18
CCTTGGTCAAATTCCG-1	T	6
CCTTGGTCAAGTGGCA-1	T	0
CCTTGGTCAATAGTGA-1	T	12
CCTTGGTCACGATATC-1	T	19
CCTTGGTCAGAACTTC-1	T	18
CCTTGGTCAGATGGCA-1	T	17
CCTTGGTGTAAACGTA-1	T	11
CCTTGGTGTCCTTCAC-1	T	5
CCTTGGTGTGATCAGG-1	T	16
CCTTGGTGTGATTCCA-1	T	14
CCTTGGTGTGGTCGAA-1	T	2
CCTTGGTGTTCCAGTA-1	T	1
CCTTGGTTCACGATTG-1	T	10
CCTTGGTTCCCGCAAG-1	T	13
CCTTGGTTCCTGACCT-1	T	17
CCTTGGTTCTCGTGAA-1	T	1
CGAGTTAAGACCATAA-1	T	7
CGAGTTAAGGTTCTCA-1	T	8
CGAGTTAAGTAGTTCC-1	T	0
CGAGTTAAGTTAGAGT-1	T	5
CGAGTTACAAGCCCTG-1	T	16
CGAGTTACAGGCATCC-1	T	1
CGAGTTACATTCACGA-1	T	0
CGAGTTAGTGCTTACA-1	T	14
CGAGTTAGTGTTGTTG-1	T	12
CGAGTTAGTTGCAGAG-1	T	13
CGAGTTAGTTTGTACG-1	T	8
CGAGTTATCTGCTACC-1	T	7
CGAGTTATCTTTCGAT-1	T	7
CGATGATAGCGTATCT-1	T	7
CGATGATAGCGTCTGC-1	T	14
CGATGATAGGCTAAAT-1	T	14
CGATGATAGTAACACA-1	T	19
CGATGATAGTACTCTG-1	T	6
CGATGATCAAAGAGAG-1	T	2
CGATGATCAACCTCTC-1	T	2
CGATGATCAAGGAAGA-1	T	9
CGATGATCAAGGGTAC-1	T	7
CGATGATCATACAACC-1	T	1
CGATGATCATGGTTTG-1	Myeloid	15
CGATGATGTCTGATTG-1	T	7
CGATGATGTGAGTTGG-1	T	14
CGATGATGTGCTTCCT-1	T	10
CGATGATGTGCTTTGA-1	T	1
CGATGATTCGCCCTTA-1	T	7
CGATGATTCTATCTTG-1	T	7
CGCAATAAGATATGTG-1	T	19
CGCAATAAGATCTAAG-1	T	7
CGCAATAAGATCTCAC-1	T	19
CGCAATAAGGTCGTTT-1	T	2
CGCAATACAAAGAAGG-1	T	10
CGCAATACAGAGTCGA-1	T	16
CGCAATAGTTCTACGA-1	T	5
CGCAATATCCATCGAA-1	T	19
CGCAATATCGAACACT-1	T	19
CGCAATATCGCACCTT-1	T	11
CGCAATATCTGACTTT-1	T	14
CGCACAGAGACAGTGC-1	T	5
CGCACAGAGACCCTAT-1	T	14
CGCACAGAGAGAGGTA-1	T	13
CGCACAGAGGGCGAAG-1	T	13
CGCACAGAGTGCTAGG-1	T	18
CGCACAGCAAGTTCGT-1	T	7
CGCACAGCAATGACTC-1	T	2
CGCACAGCAGGAGCAT-1	T	18
CGCACAGCATAGCCGC-1	T	2
CGCACAGCATCACAAC-1	T	8
CGCACAGCATCGACGC-1	T	17
CGCACAGCATGGCCTG-1	T	19
CGCACAGGTAATGTAG-1	T	13
CGCACAGGTACGAGAC-1	T	0
CGCACAGGTCTAACCA-1	T	1
CGCACAGGTCTCTAAG-1	T	13
CGCACAGGTGGGTAGT-1	T	4
CGCACAGGTTACGCTA-1	T	13
CGCACAGGTTGTGACT-1	T	16
CGCACAGTCACGTCAA-1	T	17
CGCAGGTAGAGAGTTT-1	T	9
CGCAGGTAGCTACGCC-1	T	6
CGCAGGTAGGATTGAT-1	T	19
CGCAGGTAGGGTAATT-1	T	7
CGCAGGTAGTCGCCTG-1	T	4
CGCAGGTAGTTGTCCA-1	T	3
CGCAGGTCAATACTGC-1	T	10
CGCAGGTCACAGTTCA-1	T	2
CGCAGGTCATCCCAAA-1	T	17
CGCAGGTCATGGCCTG-1	T	18
CGCAGGTGTCACAGTT-1	T	7
CGCAGGTGTGTCCCAG-1	T	14
CGCAGGTGTTGCAGCC-1	T	1
CGCAGGTTCACAGGGA-1	T	17
CGCAGGTTCAGTCACA-1	T	7
CGCAGGTTCCAGGTCG-1	T	16
CGCAGGTTCCGTGCGA-1	T	8
CGCAGGTTCCTTCGAC-1	T	13
CGCGCAAAGGGATCCA-1	T	17
CGCGCAAAGGTTCTCA-1	T	14
CGCGCAACACCTATTT-1	T	14
CGCGCAACAGGCAGAT-1	T	7
CGCGCAAGTCATTGGT-1	T	9
CGCGCAAGTCTCGGGT-1	T	6
CGCGCAAGTGTGCTTA-1	T	6
CGCGCAAGTTCTGATG-1	T	19
CGCGCAATCCCTACGT-1	T	14
CGCGCAATCCTTCGAC-1	T	0
CGCGCAATCTACATCT-1	T	6
CGCGCAATCTTGCGCT-1	T	4
CGCGCAATCTTTGCAT-1	T	18
CGCTAGGAGAAGACTT-1	T	13
CGCTAGGAGGAGAACA-1	T	6
CGCTAGGAGGCTTTAC-1	T	6
CGCTAGGCAACGTACT-1	T	12
CGCTAGGCAAGCTTTG-1	T	12
CGCTAGGCAATTGCCA-1	T	14
CGCTAGGCACAGCTTA-1	T	18
CGCTAGGCAGGATGTG-1	T	13
CGCTAGGCATTCCCGT-1	T	13
CGCTAGGCATTGCCTC-1	T	13
CGCTAGGGTATCCCTC-1	T	5
CGCTAGGGTGCTTTGA-1	T	9
CGCTAGGGTTCTGAAC-1	T	17
CGCTAGGTCGAGGTAG-1	T	12
CGCTAGGTCGATGTGT-1	T	17
CGCTAGGTCGCAACTA-1	T	4
CGCTAGGTCGCCAGAC-1	T	4
CGCTAGGTCTCCTTAA-1	T	17
CGCTAGGTCTTTGCAT-1	T	6
CGCTATCAGACTTGAA-1	T	19
CGCTATCAGATTGACA-1	T	16
CGCTATCAGCCCATGC-1	T	3
CGCTATCAGCTAGTTC-1	T	17
CGCTATCAGGATATCA-1	T	14
CGCTATCAGGATGTCG-1	T	17
CGCTATCAGTAGTCGG-1	T	16
CGCTATCCAGTAAGAT-1	T	6
CGCTATCCATCAGCTA-1	T	7
CGCTATCGTGGACAGT-1	T	3
CGCTATCGTTTCTCTA-1	T	11
CGCTATCGTTTGCCAA-1	T	5
CGCTATCTCCATAACG-1	T	8
CGCTATCTCCGCCTAT-1	Myeloid	15
CGCTATCTCCTGTAGA-1	T	13
CGCTATCTCGATCGCG-1	T	13
CGCTGGAAGAGAGGTA-1	T	8
CGCTGGAAGCTCCATA-1	T	13
CGCTGGACACATTCTT-1	T	2
CGCTGGACACGCGATC-1	T	3
CGCTGGACAGCTGATT-1	T	14
CGCTGGACATCCGTGG-1	T	10
CGCTGGACATGGGAAC-1	T	9
CGCTGGAGTAGAGAGA-1	T	0
CGCTGGAGTCCTATTT-1	T	18
CGCTGGAGTTGCAGCC-1	T	1
CGCTGGATCCAGTACA-1	T	1
CGCTGGATCGTGGTAT-1	T	17
CGGACCAAGACGTCAG-1	T	17
CGGACCAAGAGAGGTA-1	T	19
CGGACCAAGCTCGGCT-1	T	7
CGGACCAAGTTTGGAA-1	T	7
CGGACCACAAACCGAG-1	T	4
CGGACCACATCGCCTT-1	T	11
CGGACCAGTATGCTAC-1	T	5
CGGACCAGTATTCTGG-1	T	1
CGGACCAGTCAGCTTA-1	T	1
CGGACCAGTGGATTTC-1	T	17
CGGACCAGTGTCGTGC-1	T	0
CGGACCAGTTATGCAC-1	T	17
CGGACCAGTTGGGAAC-1	T	12
CGGACCATCCGTCAAA-1	T	14
CGGACCATCCTAAAGC-1	T	11
CGGACCATCTAGCAAC-1	T	17
CGGACCATCTCATATC-1	T	10
CGGACTGAGAGCCACA-1	T	8
CGGACTGAGATCTAAG-1	T	14
CGGACTGAGCAACTGG-1	T	12
CGGACTGAGGGTATCG-1	T	17
CGGACTGAGGGTCTGA-1	T	13
CGGACTGAGTTCGACT-1	T	1
CGGACTGCAATGCACT-1	T	14
CGGACTGCAGTTAAAG-1	T	17
CGGACTGCATCATGTG-1	T	6
CGGACTGGTCACTCTC-1	T	7
CGGACTGGTCAGCTTA-1	T	12
CGGACTGGTGCTGTGC-1	T	12
CGGACTGGTTGGCTTA-1	T	1
CGGACTGTCAACACGT-1	T	18
CGGACTGTCCAACAAC-1	T	5
CGGTGCAAGGATCCTT-1	T	7
CGGTGCAAGTAGACCG-1	T	0
CGGTGCAAGTGCACAG-1	T	7
CGGTGCACAAATTCCG-1	T	1
CGGTGCACAAGGAGGG-1	T	19
CGGTGCACAGTAGTTC-1	T	0
CGGTGCACATGCGACC-1	Myeloid	15
CGGTGCAGTAAAGCTA-1	T	13
CGGTGCAGTGCACCCA-1	T	14
CGGTGCATCCAGGTAT-1	T	10
CGGTGCATCGATCGCG-1	T	8
CGGTGCATCGATCTTT-1	T	10
CGGTGCATCGTCAACA-1	T	1
CGTAAACAGATCGATA-1	T	11
CGTAAACAGGGTGTTG-1	T	9
CGTAAACAGTACAGTA-1	T	13
CGTAAACAGTGATATG-1	T	12
CGTAAACAGTTCAAGA-1	T	5
CGTAAACCAACGGACA-1	T	13
CGTAAACCAGGTAGGT-1	T	7
CGTAAACCAGGTGGTA-1	T	8
CGTAAACCATCTGCAA-1	T	9
CGTAAACGTATATGGA-1	T	5
CGTAAACGTATGGATA-1	T	10
CGTAAACGTCAACGGA-1	T	19
CGTAAACGTTGCAGAG-1	T	6
CGTAAACTCACTCCCA-1	T	14
CGTAAACTCCAAGAGG-1	T	2
CGTAAACTCCATAACG-1	T	5
CGTAAACTCCTCAAGA-1	T	17
CGTAAACTCGTGCTGG-1	T	5
CGTAAACTCTATCCTA-1	T	9
CGTAAACTCTGATCCC-1	T	2
CGTACAAAGACCCTAT-1	T	17
CGTACAAAGAGCGAAA-1	T	9
CGTACAAAGCAGAATT-1	T	19
CGTACAAAGCGCACAA-1	T	19
CGTACAAAGCTAGTTC-1	T	12
CGTACAAAGGTAAGTT-1	T	2
CGTACAAAGTCCCGCA-1	T	10
CGTACAAAGTCGATAA-1	T	17
CGTACAAAGTGTCGGA-1	T	0
CGTACAACAAAGGAAG-1	T	6
CGTACAACACCATTCC-1	T	10
CGTACAACACCGAATT-1	T	0
CGTACAACATTGAACC-1	T	10
CGTACAAGTAACCGAG-1	T	8
CGTACAAGTACGGATG-1	T	7
CGTACAAGTACTAGAA-1	T	2
CGTACAAGTCACCCGA-1	T	14
CGTACAAGTCCGTCGA-1	T	5
CGTACAAGTGACAAGC-1	T	12
CGTACAAGTTACCACA-1	T	16
CGTACAATCCAGGCCA-1	T	16
CGTACAATCCATAGGT-1	T	14
CGTACAATCCGCTCTA-1	T	8
CGTGGCAAGACACAAT-1	T	17
CGTGGCAAGAGGTGGG-1	T	18
CGTGGCAAGCGTATCT-1	T	9
CGTGGCAAGGTCGGTA-1	T	2
CGTGGCAAGTCCGATT-1	T	3
CGTGGCACACACACCG-1	T	7
CGTGGCACACATGATC-1	T	18
CGTGGCACAGGCACAA-1	T	14
CGTGGCACATTGCGAT-1	T	9
CGTGGCAGTACGTAAA-1	T	8
CGTGGCAGTAGCATGG-1	T	16
CGTGGCAGTATCTCAG-1	T	2
CGTGGCAGTGTACGCC-1	T	4
CGTGGCAGTGTGCTTA-1	T	3
CGTGGCAGTTAGTAGA-1	Myeloid	15
CGTGGCATCAAACCCA-1	T	11
CGTGGCATCAAGGCAG-1	T	16
CGTGGCATCACCCGGA-1	T	5
CGTGGCATCACGGGTC-1	T	1
CGTGGCATCGATGCAT-1	T	14
CGTGGCATCGCAACTA-1	T	7
CGTGGCATCGGGATCC-1	T	1
CGTGGCATCTTATCAC-1	T	6
CGTTCCAAGATTACGA-1	T	10
CGTTCCAAGCCATTCA-1	T	17
CGTTCCAAGCTGAGGT-1	T	11
CGTTCCAAGGTTCTCA-1	T	1
CGTTCCAAGTACAACA-1	T	16
CGTTCCACAACGTACT-1	T	8
CGTTCCACAAGATGCG-1	T	10
CGTTCCACAATGGTAA-1	T	5
CGTTCCACATCCGTGG-1	T	12
CGTTCCACATGGTATC-1	T	2
CGTTCCAGTACCAAGG-1	T	13
CGTTCCAGTAGAACGC-1	T	18
CGTTCCAGTCAGTGCC-1	T	3
CGTTCCAGTGGACCAA-1	T	1
CGTTCCATCATGAACC-1	T	19
CGTTCCATCGATAGTC-1	T	2
CGTTCCATCTTCATAC-1	T	10
CTAACTTAGAGCGAAA-1	T	12
CTAACTTAGCAGGACT-1	T	12
CTAACTTAGCCAGAAC-1	T	18
CTAACTTAGCCTATAC-1	T	18
CTAACTTAGTGAACCG-1	T	14
CTAACTTCAATGGTCT-1	T	0
CTAACTTCAATTGGCT-1	T	2
CTAACTTCAGCAAACG-1	T	0
CTAACTTGTAGAACGC-1	T	5
CTAACTTGTTGAAGCG-1	T	1
CTAACTTTCAGAATGA-1	T	18
CTAACTTTCTATATCC-1	T	9
CTACAGAAGAGAGTTT-1	T	1
CTACAGAAGCGAGAAA-1	T	7
CTACAGAAGCTACGCC-1	T	9
CTACAGACAAACCGAG-1	T	7
CTACAGACAAGCACTT-1	T	9
CTACAGACAAGCCCTG-1	T	9
CTACAGACACGCTGTG-1	T	16
CTACAGACAGAACTTC-1	T	19
CTACAGACATCCTGGG-1	T	6
CTACAGACATGGTTTG-1	T	13
CTACAGAGTAAACGAT-1	T	14
CTACAGAGTATCCCTC-1	T	5
CTACAGAGTGGTAGAC-1	T	2
CTACAGAGTTTCTTAC-1	T	7
CTACAGATCAAGAGAT-1	T	12
CTACAGATCAGCACGC-1	T	16
CTACAGATCAGTCAAC-1	T	17
CTACAGATCAGTTGAC-1	T	19
CTACAGATCCATTGTT-1	T	8
CTACAGATCCCTATTA-1	T	4
CTACAGATCCTAAGTG-1	T	17
CTACAGATCTGATCCC-1	T	5
CTACTTAAGAAGGGCG-1	T	5
CTACTTAAGCTCGGCT-1	T	6
CTACTTAAGCTGATTC-1	T	7
CTACTTAAGGTTAACA-1	T	17
CTACTTAAGTTAGCGG-1	T	18
CTACTTACAACATAAG-1	T	14
CTACTTACAAGGACCA-1	T	5
CTACTTACAGAACGAC-1	T	12
CTACTTACATCCTCGT-1	T	17
CTACTTACATTGCGAT-1	T	14
CTACTTAGTAACATAG-1	T	6
CTACTTAGTGCAAGAC-1	T	13
CTAGCGGAGAGAGTTT-1	T	13
CTAGCGGAGATCACCT-1	T	13
CTAGCGGAGGCGTCCT-1	T	11
CTAGCGGAGGGAAGCG-1	T	11
CTAGCGGCAAGCAGGT-1	T	7
CTAGCGGCAAGGTCGA-1	T	3
CTAGCGGCACAGGAAC-1	T	11
CTAGCGGCACCACGAC-1	T	0
CTAGCGGCAGCAGGTA-1	T	2
CTAGCGGCATATAGAG-1	T	0
CTAGCGGGTTTAGGAA-1	T	9
CTAGCGGTCGAACACT-1	T	12
CTAGCGGTCTGACTTT-1	T	5
CTAGGATAGAGCGGTT-1	T	17
CTAGGATAGGTGATGC-1	T	18
CTAGGATAGTCGTATC-1	T	2
CTAGGATAGTGTAATG-1	T	10
CTAGGATAGTTGCCGC-1	T	13
CTAGGATCACAGGTAG-1	T	13
CTAGGATCACCCTTTG-1	T	10
CTAGGATCATGTGAGG-1	T	17
CTAGGATGTAAAGGCC-1	T	14
CTAGGATGTAACGGAC-1	T	5
CTAGGATGTACTAGAA-1	T	6
CTAGGATGTGCACCCA-1	T	19
CTAGGATGTGCTTCCT-1	T	14
CTAGGATGTTCGGGAA-1	T	6
CTAGGATGTTTGCCCT-1	T	7
CTAGGATGTTTGCGAT-1	T	16
CTAGGATTCAATCGTG-1	T	6
CTAGGATTCCGTTAGA-1	T	10
CTAGGATTCTGGTACA-1	T	16
CTAGGGCAGCTACGCC-1	T	6
CTAGGGCAGGTCCTCG-1	T	1
CTAGGGCAGGTTGACG-1	T	14
CTAGGGCCAACTACTG-1	T	2
CTAGGGCCACGCGATC-1	T	3
CTAGGGCCATGGGAAC-1	T	19
CTAGGGCCATGTATCG-1	T	10
CTAGGGCGTAACGTAA-1	T	11
CTAGGGCGTAACTGAA-1	T	17
CTAGGGCGTGAATGGC-1	T	14
CTAGGGCGTGACAAGC-1	T	1
CTAGGGCGTGATCAGG-1	T	7
CTAGGGCGTTCACGTA-1	T	7
CTAGGGCGTTCAGTTG-1	T	12
CTAGGGCTCAAGAGAT-1	T	3
CTAGGGCTCGCGTTCT-1	T	8
CTAGGGCTCTGGAAGG-1	T	1
CTAGGGCTCTTCTCTC-1	T	8
CTAGGGCTCTTTCGAT-1	T	18
CTCAACCAGAATACTG-1	T	4
CTCAACCAGAGGAACA-1	T	13
CTCAACCAGAGGTACC-1	T	5
CTCAACCAGGGAGATA-1	T	5
CTCAACCAGGTTAACA-1	T	1
CTCAACCAGTACAACA-1	T	17
CTCAACCAGTCTCGAT-1	T	19
CTCAACCCAGGTCTGC-1	T	11
CTCAACCGTGGATTCT-1	T	4
CTCAACCTCAAGGCCC-1	T	17
CTCAACCTCCTCCCAA-1	T	1
CTCAACCTCTAAACGC-1	T	1
CTCAACCTCTGTGTGA-1	T	4
CTCACCAAGCACGTAG-1	T	2
CTCACCAAGTCTCTAG-1	T	14
CTCACCACAAATGTCC-1	T	10
CTCACCACACAAGTGG-1	T	9
CTCACCACACCCTTTG-1	Myeloid	15
CTCACCACAGTTCGGC-1	T	1
CTCACCAGTAGAAGCC-1	T	7
CTCACCAGTGCCCAGT-1	T	8
CTCACCAGTTAACCAC-1	T	14
CTCACCATCAAGGCCC-1	T	7
CTCACCATCGACTTAG-1	T	13
CTCACCATCGCCACTT-1	T	19
CTCAGAAAGATCTCAC-1	T	13
CTCAGAAAGCAACTGG-1	T	10
CTCAGAAAGCACCATT-1	T	19
CTCAGAAAGCAGAAAG-1	T	1
CTCAGAAAGCTTTCCC-1	T	5
CTCAGAAAGGTAAGTT-1	T	8
CTCAGAACAAGTGGCA-1	T	17
CTCAGAACACAGTTAC-1	T	1
CTCAGAACACGCGTTG-1	T	7
CTCAGAAGTATTCACG-1	T	19
CTCAGAAGTGAGTTGG-1	T	13
CTCAGAAGTGCCCAGT-1	T	8
CTCAGAAGTGCTGTGC-1	T	0
CTCAGAAGTGGCCTTG-1	T	8
CTCAGAAGTTATGCAC-1	T	13
CTCAGAATCAGGGTTT-1	T	3
CTCAGAATCAGTTGAC-1	T	14
CTCAGAATCATTCTTG-1	T	5
CTCAGAATCCGCCTAT-1	T	13
CTCAGAATCCTAAAGC-1	T	19
CTCAGAATCCTCATTA-1	Myeloid	15
CTCAGAATCGACTTAG-1	T	7
CTCAGAATCGCCTTAC-1	T	14
CTCAGAATCGCGATGC-1	T	16
CTCAGAATCGTTGTAG-1	T	7
CTCAGAATCTAGCAGT-1	T	16
CTCAGCTAGAACTCCT-1	T	5
CTCAGCTAGGGTGTTG-1	T	18
CTCAGCTAGTACAACA-1	T	6
CTCAGCTCAAAGACGC-1	T	8
CTCAGCTCACACATGT-1	T	3
CTCAGCTGTAACTCCA-1	T	0
CTCAGCTGTACTAGAA-1	T	4
CTCAGCTGTCTCTGGG-1	T	17
CTCAGCTTCCATCATT-1	T	4
CTCATGCAGACGCCCT-1	T	8
CTCATGCAGTATCTGC-1	T	10
CTCATGCAGTCCCTCT-1	T	7
CTCATGCAGTCCTTCC-1	T	13
CTCATGCAGTGGACGT-1	T	0
CTCATGCAGTGGTGTG-1	T	10
CTCATGCCAAAGCTGG-1	T	17
CTCATGCCAAGTGGCA-1	T	6
CTCATGCCAAGTTCGT-1	T	13
CTCATGCGTGCATTGT-1	T	4
CTCATGCTCACTGGTA-1	T	8
CTCATGCTCGCATACA-1	T	17
CTCATGCTCTGAACGT-1	T	19
CTCATGCTCTTTATCG-1	T	11
CTCCCAAAGATCTCAC-1	T	5
CTCCCAAAGGAAGAAC-1	T	13
CTCCCAAAGGCGTCCT-1	T	1
CTCCCAAAGTAGGTCG-1	T	11
CTCCCAACACAAACAA-1	T	5
CTCCCAACATCTGCAA-1	T	18
CTCCCAAGTAACCGAG-1	T	19
CTCCCAAGTAACTGAA-1	T	16
CTCCCAAGTGATAAGT-1	T	14
CTCCCAATCGAGAAGC-1	T	1
CTCCCAATCGAGGCTC-1	T	4
CTCCCAATCGTTCTAT-1	T	0
CTCCCAATCTTCCACG-1	T	13
CTCGCTAAGACCCTAT-1	T	2
CTCGCTAAGATATGTG-1	T	8
CTCGCTAAGCAGAATT-1	T	17
CTCGCTAAGGTACATA-1	T	14
CTCGCTAAGTCTCTAG-1	T	2
CTCGCTACACTCCACT-1	T	17
CTCGCTACATAGCCAT-1	T	5
CTCGCTACATCTCTCG-1	T	19
CTCGCTACATTCGTCC-1	T	12
CTCGCTAGTAACATAG-1	T	6
CTCGCTAGTCGAGGTA-1	T	13
CTCGCTAGTGAATCAA-1	T	13
CTCGCTAGTGAGCTAG-1	T	13
CTCGCTAGTGATGTGG-1	Myeloid	15
CTCGCTAGTTACGGAG-1	T	12
CTCGCTAGTTCCCAAA-1	T	6
CTCGCTAGTTCTACGA-1	T	8
CTCGCTAGTTTAGGAA-1	T	2
CTCGCTATCCATCTAT-1	T	12
CTCGCTATCGCATAAC-1	T	14
CTCTACGAGAACAGGA-1	T	11
CTCTACGAGATCGAGC-1	T	9
CTCTACGAGATGTTCC-1	T	13
CTCTACGAGATTACGA-1	T	9
CTCTACGCAAAGAAGG-1	T	19
CTCTACGCACAAACGG-1	T	4
CTCTACGCACACACCG-1	T	5
CTCTACGCAGATACAA-1	T	1
CTCTACGCATCGTACA-1	T	0
CTCTACGGTAACGGTG-1	T	13
CTCTACGGTATGCTAC-1	T	10
CTCTACGGTGTCCTTC-1	T	0
CTCTACGTCAGCACGC-1	T	14
CTCTACGTCATCATGG-1	T	7
CTCTACGTCCCGATTC-1	T	1
CTCTACGTCTAGCAAC-1	T	1
CTCTAGCAGCCAGAAC-1	T	0
CTCTAGCCACAGTAGG-1	T	16
CTCTAGCCACCTGGTG-1	T	13
CTCTAGCGTAATGTGA-1	T	10
CTCTAGCGTACATGGG-1	T	0
CTCTAGCGTAGTATCC-1	T	17
CTCTAGCGTGGTAGAC-1	T	13
CTCTAGCTCCATACCC-1	T	12
CTCTAGCTCGATGTAC-1	T	14
CTCTAGCTCGTATAGC-1	Myeloid	15
CTCTAGCTCTCGCGGA-1	T	3
CTCTAGCTCTCTCAAT-1	T	5
CTCTCAGAGACGTCAG-1	T	7
CTCTCAGAGATTCCGT-1	T	12
CTCTCAGAGCAGGACT-1	T	2
CTCTCAGAGGCCAGTA-1	T	1
CTCTCAGCAAAGGAAG-1	T	10
CTCTCAGCAACGTCCG-1	T	11
CTCTCAGCAATGGCTT-1	T	8
CTCTCAGCACAAACAA-1	T	8
CTCTCAGCACGATATC-1	T	2
CTCTCAGCACGCGCAT-1	T	5
CTCTCAGCACGCGTTG-1	T	6
CTCTCAGCACGCTGTG-1	T	2
CTCTCAGCAGCCACGT-1	T	13
CTCTCAGCATTCACGA-1	T	9
CTCTCAGGTTGCCTGG-1	T	14
CTCTCAGTCATCGCAA-1	T	5
CTCTCAGTCCATACGA-1	T	12
CTCTCAGTCGAAGCCC-1	T	7
CTCTCAGTCGCCACTT-1	T	0
CTCTCAGTCGCGCCAA-1	T	11
CTCTCAGTCTCGCGGA-1	T	2
CTCTCAGTCTGAAAGA-1	T	6
CTCTCGAAGACCATAA-1	T	6
CTCTCGAAGTATGGGC-1	T	14
CTCTCGACAACGCACC-1	T	12
CTCTCGACACATTGCA-1	T	3
CTCTCGACACGCTAAT-1	T	13
CTCTCGACACTCGCAG-1	T	11
CTCTCGACAGCAACAG-1	T	5
CTCTCGACATCCGTAA-1	T	19
CTCTCGACATGTAGAA-1	T	8
CTCTCGAGTACAAATG-1	Myeloid	15
CTCTCGAGTATTGTGC-1	T	6
CTCTCGAGTGGTACTT-1	T	14
CTCTCGAGTGTCGTCG-1	T	8
CTCTCGATCCATCATT-1	T	2
CTCTCGATCGGTCCGA-1	T	12
CTCTCGATCGTCTAGA-1	T	16
CTCTCGATCGTTGTAG-1	T	5
CTCTCGATCTGATCTT-1	T	8
CTCTCGATCTGTGTGA-1	T	4
CTGAATGAGATGTTCC-1	T	14
CTGAATGAGGCTTAAA-1	T	5
CTGAATGCAACGGGTA-1	T	7
CTGAATGCACCACGAC-1	T	0
CTGAATGCAGGGTAAC-1	T	7
CTGAATGCAGTTGGAG-1	T	9
CTGAATGGTACGGTTT-1	T	7
CTGAATGGTATTCACG-1	T	5
CTGAATGGTATTGTCG-1	T	5
CTGAATGTCTATGAGC-1	T	4
CTGCGTTAGGATCCTT-1	T	0
CTGCGTTAGTTCGACT-1	T	10
CTGCGTTCAAAGCTTC-1	T	14
CTGCGTTCACAAGGGT-1	T	0
CTGCGTTCACCTACCT-1	T	5
CTGCGTTCACGATTAC-1	T	16
CTGCGTTCAGATGGCA-1	T	6
CTGCGTTCAGCGTGAA-1	T	11
CTGCGTTCATGGCCCA-1	T	11
CTGCGTTGTAAAGCTA-1	T	12
CTGCGTTGTCAAGACG-1	T	18
CTGCGTTGTCCGAGCT-1	T	16
CTGCGTTGTCCGTCGA-1	T	10
CTGCGTTGTCTGAGCC-1	T	3
CTGCGTTGTGTGCGTC-1	T	5
CTGCGTTTCCATTGAG-1	T	6
CTGCGTTTCCCTAAAG-1	T	12
CTGCGTTTCGCTTACC-1	T	7
CTGCGTTTCTTCTTCC-1	T	11
CTGCTCAAGAGCTACG-1	T	14
CTGCTCAAGAGGTGGG-1	T	19
CTGCTCAAGGGTTCCC-1	T	8
CTGCTCACAGCGTACC-1	T	0
CTGCTCACAGTCAGCC-1	T	17
CTGCTCACATGGGTGA-1	T	5
CTGCTCAGTTCGGGAA-1	T	6
CTGCTCAGTTTCTCTA-1	T	13
CTGCTCATCGCAAACT-1	T	17
CTGCTCATCGTGCTTC-1	T	8
CTGGCAGAGAACTAAC-1	T	13
CTGGCAGAGACACAAT-1	T	19
CTGGCAGAGCGATACG-1	T	6
CTGGCAGAGCTTACCA-1	T	6
CTGGCAGAGGAATGGA-1	T	18
CTGGCAGAGTCGCCTG-1	T	1
CTGGCAGAGTTAGCAA-1	Myeloid	15
CTGGCAGAGTTCGCGC-1	T	7
CTGGCAGAGTTGCGCC-1	T	2
CTGGCAGCACTTACAG-1	T	4
CTGGCAGCATAGACGG-1	T	2
CTGGCAGGTCGCGCTA-1	T	18
CTGGCAGGTTAGGAAT-1	T	5
CTGGCAGTCCGAGAGA-1	T	18
CTGGCAGTCCTCATTA-1	Myeloid	15
CTGGCAGTCCTTGACC-1	T	16
CTGGCAGTCGGTTCCT-1	T	10
CTGGCAGTCGTGGGTC-1	T	6
CTGGCAGTCTAAGGTC-1	T	2
CTGGGACAGAATATCG-1	T	3
CTGGGACCAAGTTCGT-1	T	0
CTGGGACCATAGCCGC-1	T	11
CTGGGACGTAACGGCA-1	Myeloid	15
CTGGGACGTATCACAC-1	T	3
CTGGGACGTGCACCCA-1	T	17
CTGGGACTCACGGGTC-1	T	2
CTGGGACTCCTAGAGT-1	T	9
CTGGGACTCGTGCTTC-1	T	7
CTGGGACTCTATCTCA-1	T	1
CTGTATTAGCGATACG-1	T	1
CTGTATTAGTGTTCCA-1	T	8
CTGTATTCAAGCCAGA-1	T	9
CTGTATTCACGGCCAT-1	T	1
CTGTATTCACGGTGTC-1	T	4
CTGTATTCACTCGTGG-1	T	3
CTGTATTCAGCTATAC-1	T	2
CTGTATTCAGGATAGC-1	T	8
CTGTATTCAGGTAGGT-1	T	3
CTGTATTCATCGACGC-1	T	4
CTGTATTGTCGAGAAC-1	T	19
CTGTATTGTGAAACAT-1	T	14
CTGTATTGTGCGCTCA-1	T	10
CTGTATTGTTATCGAC-1	T	12
CTGTATTGTTTCGATG-1	T	19
CTGTATTTCAATGCAC-1	T	17
CTGTATTTCACACGTA-1	T	13
CTGTATTTCACGTGTA-1	T	9
CTGTATTTCACTGATG-1	T	1
CTGTATTTCAGGCGCT-1	T	18
CTGTATTTCCCACGGA-1	T	6
CTGTATTTCTACCCGT-1	T	19
CTGTATTTCTTGTACT-1	T	1
CTGTTCGAGAAGAGTG-1	T	6
CTGTTCGAGAGTTTGA-1	T	19
CTGTTCGAGCGCCTAC-1	T	3
CTGTTCGAGCGCGTTC-1	T	16
CTGTTCGAGGCTTAAA-1	T	7
CTGTTCGCAAGGATGC-1	T	0
CTGTTCGCAGCAAACG-1	T	1
CTGTTCGGTATTCTTC-1	T	8
CTGTTCGGTCGATTAC-1	Myeloid	15
CTGTTCGGTGGAGTGT-1	T	14
CTGTTCGGTGTTGGTT-1	T	1
CTGTTCGGTGTTTCTT-1	T	17
CTGTTCGTCCCGTAGG-1	T	10
CTGTTCGTCGACTTAG-1	T	16
CTGTTCGTCTCAGATG-1	T	1
CTGTTCGTCTCTCAAT-1	T	5
CTGTTCGTCTCTGCGT-1	T	12
CTTAATCAGAAATTCG-1	T	18
CTTAATCAGATATGTG-1	T	12
CTTAATCAGCTGAAAT-1	T	11
CTTAATCAGTCTGTGT-1	T	19
CTTAATCCATGTGGGA-1	T	1
CTTAATCGTCCATTGA-1	T	7
CTTAATCGTCCGGTAC-1	T	11
CTTAATCGTCCTTATT-1	T	19
CTTAATCGTCGATAGG-1	T	13
CTTAATCGTCTGGTCG-1	T	13
CTTAATCGTGCAAGCA-1	T	14
CTTAATCGTTTAAGCC-1	T	10
CTTAATCTCAGGTTTG-1	T	5
CTTAATCTCGCAAACT-1	T	5
CTTAATCTCGCGTTCT-1	T	1
CTTAATCTCTAAACGC-1	T	10
CTTCCAGAGACGACTG-1	T	8
CTTCCAGAGACGCCAA-1	T	10
CTTCCAGAGCGTAGCA-1	T	18
CTTCCAGAGTGAACCG-1	T	8
CTTCCAGAGTTGCTTG-1	T	3
CTTCCAGCATCCCTTG-1	T	14
CTTCCAGGTATTCTTC-1	T	17
CTTCCAGGTCACAGTT-1	T	12
CTTCCAGGTTTGAAGA-1	T	17
CTTCCAGTCCCAATGA-1	T	2
CTTCCAGTCGAGTTAC-1	T	14
CTTCCAGTCTAGTCGA-1	T	4
CTTCTAAAGGGTGTTG-1	T	8
CTTCTAAAGGTCGGTA-1	T	16
CTTCTAACAAATGTCC-1	T	0
CTTCTAACACAACGGA-1	T	11
CTTCTAACAGTATCTG-1	T	19
CTTCTAACAGTTGCAT-1	T	9
CTTCTAACATCGCCTT-1	T	7
CTTCTAAGTCCACCAG-1	T	0
CTTCTAAGTCCGTCGA-1	T	6
CTTCTAAGTTTAAGGA-1	T	16
CTTCTAAGTTTGCGAT-1	T	9
CTTCTAATCACACGTA-1	T	14
CTTCTAATCACTCCCA-1	T	14
CTTCTAATCGGCATAT-1	T	16
CTTGAAGAGATCGCCC-1	T	10
CTTGAAGAGATGCGAC-1	T	1
CTTGAAGAGTATGCTC-1	T	1
CTTGAAGAGTCGATAA-1	T	6
CTTGAAGAGTCTCGAT-1	T	3
CTTGAAGAGTGAGCTG-1	T	9
CTTGAAGCAAATGCTC-1	T	3
CTTGAAGCAAGTCTCA-1	T	9
CTTGAAGCACAGTTAC-1	T	9
CTTGAAGCACCGATCG-1	T	8
CTTGAAGCAGAACGAC-1	T	1
CTTGAAGCAGGGCTTC-1	T	6
CTTGAAGGTACATGGG-1	T	4
CTTGAAGGTCAGAAAT-1	T	16
CTTGAAGGTCGATAGG-1	T	0
CTTGAAGGTGCACTTA-1	T	2
CTTGAAGGTGTGAGGT-1	T	13
CTTGAAGTCATCGCTC-1	T	8
CTTGAAGTCTGTCGGG-1	T	5
CTTGCCAAGAGCCACA-1	T	5
CTTGCCAAGCGCGTTC-1	T	17
CTTGCCAAGGTTCGTT-1	T	9
CTTGCCAAGTATAGTG-1	T	5
CTTGCCAAGTGTTCCA-1	T	14
CTTGCCAGTTTCTCTA-1	T	1
CTTGCCAGTTTGACCA-1	T	1
CTTGCCATCCTCCATG-1	T	7
CTTGCCATCGGTTCCT-1	T	1
CTTGCTGAGAGGAAGT-1	T	13
CTTGCTGAGATCCGAG-1	T	1
CTTGCTGAGGCACCTC-1	T	19
CTTGCTGAGTCAGGAC-1	T	1
CTTGCTGCAGTGCGAA-1	T	3
CTTGCTGCATCGACCG-1	T	14
CTTGCTGGTAGGTAAT-1	T	9
CTTGCTGGTATCATGC-1	T	6
CTTGCTGGTCGAGGTA-1	T	8
CTTGCTGGTGAATCGG-1	T	8
CTTGCTGGTGTGTGCC-1	T	9
CTTGCTGTCATTGCCC-1	T	14
CTTGCTGTCCGCCTAT-1	T	1
CTTGCTGTCGAGCGCT-1	T	4
CTTGCTGTCTCGCGTT-1	T	18
CTTGTCGAGAACTCCT-1	T	5
CTTGTCGAGAGTTTGA-1	T	19
CTTGTCGAGATTCCGT-1	T	9
CTTGTCGAGTACGCGA-1	T	13
CTTGTCGAGTAGACCG-1	T	16
CTTGTCGCAAGGAACC-1	T	16
CTTGTCGCACGTTAGT-1	Myeloid	15
CTTGTCGCAGTCAGAG-1	T	6
CTTGTCGCATGGTAAA-1	T	13
CTTGTCGGTCATTGCA-1	T	0
CTTGTCGGTGCAAGAC-1	T	4
CTTGTCGTCAATTCCT-1	Myeloid	15
CTTGTCGTCAGAATGA-1	T	7
CTTGTCGTCATTCATC-1	T	18
CTTGTCGTCCGGGCAT-1	T	8
CTTGTCGTCCGTGCGA-1	T	5
CTTGTCGTCTGGTACA-1	T	18
CTTTGCGAGAACGTCG-1	T	6
CTTTGCGAGAGTCCGA-1	T	17
CTTTGCGAGCGTTAGG-1	T	6
CTTTGCGCAAACGACG-1	T	8
CTTTGCGCAAGCGAAC-1	T	10
CTTTGCGCACCTGGTG-1	T	2
CTTTGCGCAGGTGGTA-1	T	2
CTTTGCGCATGCGCTG-1	T	0
CTTTGCGCATGGTTTG-1	T	19
CTTTGCGGTCTGGGAA-1	T	6
CTTTGCGGTGTCGTGC-1	T	5
CTTTGCGGTTCAGTTG-1	T	8
CTTTGCGTCCAATAGC-1	T	14
CTTTGCGTCGATAGGG-1	T	4
CTTTGCGTCGCAAACT-1	T	17
CTTTGCGTCGTGAGTT-1	T	7
CTTTGCGTCTGGGCGT-1	T	8
CTTTGCGTCTTGTGCC-1	T	19
GAAACAAAGACGCCCT-1	T	12
GAAACAAAGGTAGGAA-1	T	7
GAAACAAAGTACTCTG-1	T	1
GAAACAAAGTGTGTAA-1	T	13
GAAACAACAAAGCTTC-1	T	2
GAAACAACAACTAGAA-1	T	10
GAAACAACAATGGTCT-1	T	12
GAAACAACACACACCG-1	T	19
GAAACAACAGCGTAGA-1	T	13
GAAACAACATCGAGTT-1	T	3
GAAACAACATTGCGAT-1	T	18
GAAACAACATTGTTCT-1	T	9
GAAACAAGTAATGTAG-1	T	16
GAAACAAGTACGGATG-1	T	16
GAAACAAGTACGTATC-1	T	17
GAAACAAGTAGTTTGC-1	T	8
GAAACAAGTTCCCGGA-1	T	7
GAAACAATCCAGGCCA-1	T	19
GAAACAATCGCACAAT-1	T	8
GAAACAATCTCTGCGT-1	T	7
GAAACAATCTGTGTGA-1	T	1
GAAACAATCTTTCGAT-1	T	5
GAAAGTAAGAACTAAC-1	T	12
GAAAGTAAGAGTTTGA-1	T	13
GAAAGTAAGATCGCCC-1	T	7
GAAAGTAAGCAGTAGC-1	T	10
GAAAGTAAGCTATCCA-1	T	5
GAAAGTAAGTGAGTGC-1	T	0
GAAAGTACATTTGGCA-1	T	1
GAAAGTAGTAAGTGCG-1	T	12
GAAAGTAGTAGAACGC-1	T	2
GAAAGTAGTCCGTAGC-1	T	14
GAAAGTAGTGAATCGG-1	T	13
GAAAGTAGTGTGTGTT-1	T	12
GAAAGTATCCGGACTG-1	T	17
GAAAGTATCTTCCAGC-1	T	11
GAAATGAAGACAGTGC-1	T	11
GAAATGAAGTACAGAT-1	T	14
GAAATGAAGTGCCCTG-1	T	17
GAAATGACACCACGAC-1	T	2
GAAATGACATCAGCTA-1	T	8
GAAATGACATCGGCTG-1	T	9
GAAATGACATGGGACA-1	T	9
GAAATGACATTCACGA-1	T	9
GAAATGAGTTTGCCCT-1	T	5
GAAATGATCACAACAC-1	T	0
GAAATGATCCGAGAGA-1	T	13
GAAATGATCGCACCGA-1	T	13
GAAATGATCTGAAAGA-1	T	3
GAACCGCAGCTGGAGT-1	T	11
GAACCGCCAACACGGA-1	T	17
GAACCGCCACAATAAG-1	T	19
GAACCGCCACGCGTTG-1	T	14
GAACCGCCACTACACA-1	T	19
GAACCGCCAGAATGCG-1	T	8
GAACCGCCAGTAGGCA-1	T	18
GAACCGCCATTACTTC-1	Myeloid	15
GAACCGCCATTCACGA-1	T	16
GAACCGCGTATCTGCA-1	Myeloid	15
GAACCGCTCCCTATTA-1	T	5
GAACCGCTCCGTGCGA-1	T	7
GAACCGCTCCTGTGGG-1	T	6
GAACCGCTCCTTACGC-1	T	12
GAACCGCTCGCGGCAT-1	T	0
GAACCTAAGACACGGT-1	T	13
GAACCTAAGAGCCTGA-1	T	11
GAACCTAAGTTATGAG-1	T	19
GAACCTACAGAACGAC-1	T	4
GAACCTACATTCGTCC-1	T	13
GAACCTACATTTGGCA-1	T	19
GAACCTAGTACGACCC-1	T	9
GAACCTAGTATCACAC-1	T	9
GAACCTAGTCGAGAAC-1	T	5
GAACCTAGTGAATACA-1	T	6
GAACCTATCACATTCT-1	T	16
GAACCTATCCATCTAT-1	T	0
GAACCTATCGCAAACT-1	T	5
GAACCTATCGGACGAA-1	T	11
GAACCTATCTGAGTAC-1	T	8
GAACGTTAGAGGCGGA-1	T	13
GAACGTTAGAGTTCGG-1	T	13
GAACGTTAGGTAGGAA-1	T	1
GAACGTTAGTGAGTGC-1	T	8
GAACGTTCAATGCATC-1	T	8
GAACGTTCACGCTAAT-1	T	5
GAACGTTCAGATAAGT-1	T	0
GAACGTTCAGGATAGC-1	T	13
GAACGTTCATTTCTTG-1	T	12
GAACGTTGTAAGGTCG-1	T	3
GAACGTTGTAGGTCTT-1	T	18
GAACGTTGTATGTTCG-1	T	13
GAACGTTGTGTAGGAC-1	T	11
GAACGTTTCAAGTTGC-1	T	13
GAACGTTTCACAACAC-1	T	13
GAACGTTTCTCGTAGA-1	T	12
GAACTTGAGACTCGGA-1	T	4
GAACTTGAGGGAAATG-1	T	1
GAACTTGAGGTACTCT-1	T	17
GAACTTGAGTCGCCTG-1	T	10
GAACTTGAGTTCTCCC-1	T	7
GAACTTGCAATGAAAC-1	T	16
GAACTTGCACCATTCC-1	T	11
GAACTTGCACCTCGTT-1	T	1
GAACTTGCATGCACTA-1	T	13
GAACTTGGTCAAATCC-1	T	2
GAACTTGGTGCATTCA-1	T	5
GAACTTGGTGCCCTAG-1	Myeloid	15
GAACTTGGTGTAGGAC-1	T	13
GAACTTGGTTAGAGAT-1	T	13
GAACTTGGTTGGACGA-1	T	12
GAACTTGTCCATGACA-1	T	12
GAACTTGTCCGATTGA-1	T	11
GAACTTGTCCGCCTAT-1	T	19
GAAGAGCAGAAATGGG-1	T	9
GAAGAGCAGCGCACAA-1	T	4
GAAGAGCAGTTGGAAT-1	T	12
GAAGAGCCAGAGCCAA-1	T	19
GAAGAGCCAGGTTATC-1	T	5
GAAGAGCCATAGCAGG-1	T	1
GAAGAGCGTTACCCAA-1	T	10
GAAGAGCTCAGTCACA-1	T	9
GAAGAGCTCTGCCGAG-1	T	4
GAAGTCTAGATGTTCC-1	T	1
GAAGTCTAGCGTTGCC-1	T	6
GAAGTCTAGGACTTTC-1	Myeloid	15
GAAGTCTAGTATCTGC-1	T	13
GAAGTCTAGTTGACAA-1	T	19
GAAGTCTCAAGGGTAC-1	T	17
GAAGTCTCAATGGTAA-1	T	3
GAAGTCTCATCACAAC-1	T	16
GAAGTCTGTCGATAGG-1	T	13
GAAGTCTGTCTTAGCA-1	T	17
GAAGTCTGTGATGCTT-1	T	5
GAAGTCTGTGGATTCT-1	T	9
GAAGTCTTCAGCCGGT-1	T	19
GAAGTCTTCGAGGTCC-1	T	7
GAAGTGGAGAAATCTG-1	T	6
GAAGTGGAGATGGCAC-1	T	7
GAAGTGGAGCTTTCCC-1	T	10
GAAGTGGAGTGATTAG-1	Myeloid	15
GAAGTGGCAAAGACGC-1	T	0
GAAGTGGCACTACACA-1	T	7
GAAGTGGCATTCACCC-1	T	7
GAAGTGGGTATCTCAG-1	T	16
GAAGTGGGTATGGGTG-1	T	12
GAAGTGGGTCAGAGTG-1	T	18
GAAGTGGGTCTGGGAA-1	T	12
GAAGTGGGTCTGTGTA-1	T	2
GAAGTGGGTGCGTTTA-1	T	11
GAAGTGGGTTAGTAGA-1	T	7
GAAGTGGTCATTCTCA-1	T	1
GAAGTGGTCCAAGAGG-1	T	3
GAAGTGGTCCAATCCC-1	T	13
GAAGTGGTCCAGTACA-1	T	1
GAAGTGGTCCGCCTAT-1	T	1
GAAGTGGTCTACTGCC-1	T	17
GAAGTGGTCTGGTACA-1	T	14
GAAGTGGTCTTTCGAT-1	T	17
GAATCTGAGATCACCT-1	T	8
GAATCTGAGCGCACAA-1	T	7
GAATCTGAGGCACTAG-1	Myeloid	15
GAATCTGCAAATTGAG-1	T	2
GAATCTGCAACGTACT-1	T	13
GAATCTGCAGCTGATT-1	T	5
GAATCTGCAGGGTAAC-1	T	2
GAATCTGCATCCATAG-1	T	0
GAATCTGGTCAACAGG-1	T	3
GAATCTGGTCTGATTG-1	T	4
GAATCTGGTGCCCGAT-1	T	1
GAATCTGGTTTAAGGA-1	T	2
GAATCTGTCCGTACGG-1	T	14
GAATCTGTCCTGTGGG-1	T	11
GAATCTGTCTAGCTGA-1	T	7
GACCAATGTACGGATG-1	T	7
GACCAATGTATGCTAC-1	T	1
GACCAATGTCGTAATC-1	T	11
GACCAATGTTGAATAG-1	T	3
GACCAATTCCAGTACA-1	T	14
GACCAATTCGCAGATT-1	Myeloid	15
GACCCAGAGAGATTAC-1	T	6
GACCCAGAGCTATCGT-1	T	5
GACCCAGAGGAGAACA-1	T	8
GACCCAGCAAGTTGCT-1	T	17
GACCCAGCACTAAACC-1	Myeloid	15
GACCCAGCACTCAGCG-1	T	6
GACCCAGCAGCGTCGT-1	T	12
GACCCAGCATCCGTGG-1	T	0
GACCCAGGTAGACACG-1	T	9
GACCCAGGTTGGTAAA-1	T	14
GACCCAGGTTTCTACT-1	T	2
GACCCAGTCCCAGTAA-1	T	18
GACCCAGTCCTCCCAA-1	T	18
GACCCAGTCCTCTCTT-1	T	4
GACCCAGTCGCGCTGA-1	T	18
GACCCAGTCTCCACTG-1	T	16
GACCGACAGCTAGCAG-1	T	5
GACCGACCAATGTAAG-1	T	7
GACCGACCACACATGT-1	T	14
GACCGACCAGTTCGGC-1	Myeloid	15
GACCGACCATAGTCCA-1	T	17
GACCGACGTCCGAGCT-1	T	11
GACCGACGTCGTAGTT-1	T	13
GACCGACGTTAGAGAT-1	T	13
GACCGACGTTCTTATC-1	T	3
GACCGACTCCGGCGAT-1	T	3
GACCGACTCGAGGTAG-1	T	5
GACCGACTCTTGTACT-1	T	5
GACCTTCAGAAATACC-1	T	9
GACCTTCAGGCGACTA-1	T	0
GACCTTCAGGTGTTGG-1	Myeloid	15
GACCTTCCACCTATTT-1	T	13
GACCTTCGTCTGTTGA-1	T	3
GACCTTCGTTAGAGAT-1	T	1
GACCTTCTCAGCACGC-1	T	7
GACCTTCTCATGTTCT-1	T	13
GACCTTCTCGACTATG-1	T	10
GACCTTCTCTCTGCAC-1	T	18
GACCTTCTCTTACTCA-1	T	8
GACTAACAGAATAGTC-1	T	1
GACTAACAGCCATTCA-1	T	16
GACTAACCAAAGCATA-1	T	19
GACTAACCACAGCTTA-1	T	5
GACTAACCAGAACGAC-1	T	1
GACTAACCATCGGCCA-1	T	6
GACTAACGTCGTAATC-1	T	17
GACTAACGTTAGCTCA-1	T	13
GACTAACGTTCAGTTG-1	T	16
GACTAACGTTCCTATT-1	T	5
GACTAACGTTGCAGAG-1	T	17
GACTAACTCCGGAAAG-1	T	6
GACTAGTAGCATGATA-1	T	14
GACTAGTAGCTAGCAG-1	T	13
GACTAGTAGTCCCGCA-1	T	14
GACTAGTAGTGAACCG-1	Myeloid	15
GACTAGTAGTGTCACT-1	T	8
GACTAGTCACCACAGC-1	T	1
GACTAGTCAGGACCTC-1	Myeloid	15
GACTAGTCAGGATGTG-1	T	17
GACTAGTCAGTATCTG-1	T	6
GACTAGTCATTCGTCC-1	T	5
GACTAGTGTAGTGATA-1	T	0
GACTAGTGTCTGATTG-1	T	14
GACTAGTGTGCACATT-1	T	1
GACTAGTGTGCATCAT-1	T	5
GACTAGTGTGGCATAG-1	T	13
GACTAGTTCAATGCAC-1	T	0
GACTAGTTCGATAGCT-1	T	12
GACTAGTTCGCAAACT-1	T	14
GAGAACGAGATGGCAC-1	T	0
GAGAACGAGGATTAAC-1	T	19
GAGAACGAGGCAGATC-1	T	1
GAGAACGAGTTACACC-1	T	0
GAGAACGCAACTAGAA-1	T	1
GAGAACGCAAGGTCGA-1	T	11
GAGAACGCACTCAAGT-1	T	13
GAGAACGCATCCGTAA-1	T	19
GAGAACGCATGGTATC-1	T	5
GAGAACGCATTTGTTC-1	Myeloid	15
GAGAACGGTGTGACCC-1	T	16
GAGAACGTCTCTTCTC-1	T	5
GAGAACGTCTTCTTCC-1	T	16
GAGACTTAGATATGTG-1	T	5
GAGACTTAGTACCTCA-1	T	6
GAGACTTAGTATCTGC-1	T	9
GAGACTTAGTCACGCC-1	T	19
GAGACTTAGTTTGGAA-1	T	7
GAGACTTCAAAGAAGG-1	T	13
GAGACTTCAAGCGAAC-1	T	14
GAGACTTCACGGTTAT-1	T	4
GAGACTTCACTCGGAC-1	T	13
GAGACTTCACTGTCAA-1	Myeloid	15
GAGACTTGTATTCACG-1	T	6
GAGACTTGTGAATCGG-1	T	2
GAGACTTGTGTTTCTT-1	T	8
GAGACTTGTTATAGAG-1	Myeloid	15
GAGACTTTCGCACCGA-1	T	3
GAGACTTTCGCTACCT-1	T	14
GAGACTTTCGGTACTA-1	Myeloid	15
GAGATTCAGCCTATAC-1	T	9
GAGATTCAGGTGAACC-1	T	5
GAGATTCAGTACAGTA-1	T	17
GAGATTCAGTCTCTAG-1	T	10
GAGATTCAGTTAGCGG-1	T	10
GAGATTCAGTTGACAA-1	T	14
GAGATTCCAAAGCTGG-1	T	6
GAGATTCCATTCACGA-1	T	6
GAGATTCCATTGAACC-1	T	13
GAGATTCGTATGTTCG-1	T	7
GAGATTCGTCCTTCAC-1	T	1
GAGATTCTCAAGAGAT-1	T	1
GAGATTCTCCAACCTC-1	T	13
GAGATTCTCCAGGTCG-1	T	8
GAGATTCTCGAGGCTC-1	T	2
GAGATTCTCGATTACG-1	T	7
GAGATTCTCTACATCT-1	T	19
GAGCATTAGAGTAAGG-1	T	7
GAGCATTAGCATACCT-1	T	1
GAGCATTAGGCCAATG-1	T	9
GAGCATTAGGCCTCGT-1	T	18
GAGCATTAGGTGTTGG-1	T	1
GAGCATTAGTACAGAT-1	T	2
GAGCATTCAAACTACC-1	T	3
GAGCATTCAGCGTCGT-1	T	13
GAGCATTCATATAGAG-1	T	14
GAGCATTCATGGTTTG-1	T	12
GAGCATTCATTGCGAT-1	T	19
GAGCATTGTAGGGTCA-1	T	14
GAGCATTGTATCCCTC-1	T	11
GAGCATTGTCCCTTTG-1	T	13
GAGCATTGTTGTATCG-1	T	8
GAGCATTTCACCCTTG-1	T	7
GAGCATTTCATAGGTC-1	T	2
GAGCATTTCATTCTCA-1	T	1
GAGCATTTCCATTGTT-1	T	1
GAGCGCTAGGCAGTGT-1	T	2
GAGCGCTAGGTGATGC-1	T	17
GAGCGCTCAACGTCGC-1	T	0
GAGCGCTCAAGTCTGT-1	T	12
GAGCGCTCACAAGGGT-1	T	1
GAGCGCTCAGTGCTCG-1	T	17
GAGCGCTCATCAACTG-1	T	7
GAGCGCTCATGTGGGA-1	T	5
GAGCGCTGTCCTTATT-1	T	10
GAGCGCTGTCCTTCAC-1	T	4
GAGCGCTTCTTTGCAT-1	T	5
GAGGATGAGACACGGT-1	T	16
GAGGATGAGTCGTACT-1	T	10
GAGGATGCAACTCAAC-1	T	18
GAGGATGCAGATAAGT-1	T	9
GAGGATGCAGCGCGTT-1	T	13
GAGGATGCATCCTCGT-1	T	14
GAGGATGGTAACGGCA-1	T	10
GAGGATGGTAACTGAA-1	T	12
GAGGATGGTCCGTAGC-1	T	9
GAGGATGTCCACGAGC-1	T	13
GAGGATGTCCTTTGAT-1	T	9
GAGGATGTCGCATACA-1	T	4
GAGGATGTCGTAGCGC-1	T	7
GAGGATGTCTACTTTG-1	T	16
GAGGATGTCTTATCAC-1	T	12
GAGGCTCAGAAATGGG-1	T	14
GAGGCTCAGACCTATC-1	T	16
GAGGCTCAGAGGAACA-1	T	17
GAGGCTCAGCATTCCA-1	T	1
GAGGCTCAGCTGAGGT-1	T	18
GAGGCTCAGCTGGAGT-1	T	19
GAGGCTCAGGCGATTG-1	T	17
GAGGCTCCAAAGGAAG-1	T	5
GAGGCTCCACAGATGG-1	T	17
GAGGCTCCAGCAGGTA-1	T	7
GAGGCTCCATTGTGAC-1	T	5
GAGGCTCGTAATGTGA-1	T	19
GAGGCTCTCATCGCAA-1	T	2
GAGGCTCTCGCTATAG-1	T	11
GAGGCTCTCGGTCGAC-1	T	5
GAGGTCCAGACCCTAT-1	T	10
GAGGTCCAGATCTAAG-1	T	16
GAGGTCCAGCCATGGA-1	T	12
GAGGTCCAGTTCTCCC-1	T	4
GAGGTCCCAAGTCCTA-1	T	5
GAGGTCCCATACTGCA-1	T	10
GAGGTCCGTAGAATAC-1	T	8
GAGGTCCGTGATGCGA-1	T	17
GAGGTCCGTTTAAGGA-1	T	13
GAGGTCCGTTTAGGAA-1	T	4
GAGGTCCTCGACCCGA-1	T	5
GAGGTCCTCGGTGATT-1	Myeloid	15
GAGGTCCTCTAAACGC-1	T	19
GAGGTCCTCTCCCTTT-1	T	10
GAGGTCCTCTTGTCAT-1	T	7
GAGTGAGAGAATCAAC-1	T	5
GAGTGAGAGGGCTCTC-1	T	8
GAGTGAGAGGTAGGAA-1	T	7
GAGTGAGAGTTAGAGT-1	T	9
GAGTGAGCAACCTCCT-1	T	16
GAGTGAGCAACGACAG-1	T	18
GAGTGAGCAAGGAAGA-1	T	13
GAGTGAGCAAGGAGTC-1	T	2
GAGTGAGCACATATCG-1	T	3
GAGTGAGCACTCAAGT-1	T	12
GAGTGAGCAGAAGTGC-1	T	17
GAGTGAGCAGCGTGAA-1	T	1
GAGTGAGCAGGGTAAC-1	T	17
GAGTGAGGTCAAGACG-1	T	17
GAGTGAGGTCAGGCTC-1	Myeloid	15
GAGTGAGGTCGTAGTT-1	T	16
GAGTGAGTCAGATACC-1	T	6
GAGTGAGTCCTGTGGG-1	T	5
GAGTGAGTCGATGTAC-1	T	10
GAGTGAGTCGTTACAG-1	T	6
GAGTGAGTCTCTATCA-1	T	10
GAGTGAGTCTTTCGAT-1	T	13
GATCATGAGAAATGGG-1	T	1
GATCATGAGATGAGGA-1	T	1
GATCATGAGGGATCCA-1	T	1
GATCATGAGTCAGCCC-1	T	0
GATCATGAGTCTCGAT-1	T	11
GATCATGAGTGCCCTG-1	T	10
GATCATGCAACGTCCG-1	T	2
GATCATGCACAGTAGG-1	T	13
GATCATGGTCCAAGAG-1	T	7
GATCATGGTCCCTTTG-1	T	7
GATCATGGTTTGATCG-1	T	8
GATCATGTCCTGGGAC-1	T	7
GATCATGTCGAGAACG-1	T	17
GATCATGTCGGTCCGA-1	T	13
GATCATGTCTATGAGC-1	T	11
GATCATGTCTCGACAA-1	T	16
GATCGTAAGAAATTCG-1	T	13
GATCGTAAGAGAGGTA-1	T	1
GATCGTAAGAGTTTGA-1	T	14
GATCGTAAGTTGACAA-1	T	18
GATCGTACAACTCGTA-1	T	17
GATCGTAGTCGCTAGC-1	T	12
GATCGTAGTGATGTGG-1	T	19
GATCGTAGTTAAGGGC-1	T	10
GATCGTATCCCACTTG-1	T	16
GATCGTATCGAAGCCC-1	T	16
GATGATCAGAGCACTG-1	T	19
GATGATCAGAGTCCGA-1	T	16
GATGATCAGCCGCTGT-1	T	19
GATGATCCAAGATGCG-1	T	9
GATGATCCAGACCTGC-1	T	7
GATGATCCAGGTTATC-1	T	18
GATGATCGTACAAGCG-1	T	5
GATGATCGTATCAGCT-1	T	5
GATGATCGTATCCCTC-1	T	19
GATGATCGTCCCGTGA-1	T	0
GATGATCGTGAGAGTC-1	T	5
GATGATCGTTAACCGT-1	T	13
GATGATCGTTATCGAC-1	T	14
GATGATCGTTGAAGCG-1	T	12
GATGATCTCAAAGTAG-1	T	17
GATGATCTCCGAGAGA-1	T	9
GATGATCTCCGATGCG-1	T	19
GATGATCTCTTCGTTA-1	Myeloid	15
GATGGCCAGCTACGTT-1	T	6
GATGGCCAGGATGTAT-1	T	9
GATGGCCAGGCAATTA-1	T	0
GATGGCCAGTCAGCCC-1	T	9
GATGGCCCACAGCCAC-1	T	16
GATGGCCCACCTGAAT-1	T	17
GATGGCCCACGTGAAG-1	T	5
GATGGCCCATATTGGC-1	T	11
GATGGCCGTATACGCT-1	T	5
GATGGCCGTCCGGTAC-1	T	1
GATGGCCGTGGGTAGT-1	T	1
GATGGCCGTTACCACA-1	T	6
GATGGCCGTTGTGACT-1	T	10
GATGGCCTCAACGTGT-1	T	9
GATTAGCAGCTCCATA-1	T	5
GATTAGCAGGTACTCT-1	T	11
GATTAGCCAAGCGAAC-1	Myeloid	15
GATTAGCCACGATATC-1	T	7
GATTAGCGTAACGGCA-1	T	6
GATTAGCGTAAGCCTT-1	T	0
GATTAGCGTACGTATC-1	T	6
GATTAGCGTAGATTAG-1	T	6
GATTAGCGTATCCTTT-1	T	17
GATTAGCGTGACGCAA-1	T	14
GATTAGCTCCAGTACA-1	T	7
GATTAGCTCCGAGGAA-1	T	18
GATTAGCTCCTATCAT-1	T	2
GATTAGCTCCTGACCT-1	T	16
GATTAGCTCCTTTGCG-1	T	1
GATTAGCTCGGTGATT-1	T	9
GATTAGCTCTTCGTTA-1	T	12
GATTGACAGCTATCCA-1	T	14
GATTGACAGGAATGGA-1	T	10
GATTGACAGGTACTCT-1	Myeloid	15
GATTGACAGTCTTAGC-1	T	8
GATTGACCAACTAGAA-1	T	12
GATTGACCAATGGTAA-1	T	8
GATTGACCACTGAAGG-1	T	16
GATTGACCAGGTAACG-1	T	18
GATTGACCATCCTGGG-1	T	16
GATTGACGTCTAAGAA-1	T	10
GATTGACTCAACACGT-1	T	19
GATTGACTCCAACCTC-1	T	16
GATTGACTCCATCATT-1	T	2
GATTGACTCGCATACA-1	T	9
GATTGACTCGGTTAGT-1	T	9
GCAAAGGAGAAGAGTG-1	T	17
GCAAAGGAGGAATGGA-1	T	10
GCAAAGGAGTATACGA-1	T	3
GCAAAGGCAACGTACT-1	T	1
GCAAAGGCAGAAAGAG-1	T	17
GCAAAGGGTACCCACG-1	T	10
GCAAAGGGTACGTATC-1	T	6
GCAAAGGGTAGATGAT-1	T	1
GCAAAGGGTATGGGTG-1	T	10
GCAAAGGGTTCTTAGG-1	T	16
GCAAAGGTCAATTCCT-1	T	8
GCAAAGGTCCACTAGA-1	T	2
GCAAAGGTCCTAAAGC-1	T	8
GCAAAGGTCTTGGCCT-1	T	19
GCAACCGAGACAGCTG-1	T	10
GCAACCGAGATGAGGA-1	T	19
GCAACCGAGTATACGA-1	T	12
GCAACCGCAAGCGACA-1	T	19
GCAACCGCAAGGGAGG-1	T	17
GCAACCGCAGAGCCAA-1	T	5
GCAACCGCATCCGTAA-1	T	10
GCAACCGCATGTAGAA-1	T	4
GCAACCGCATTTAGGC-1	T	11
GCAACCGGTCCGCTTT-1	T	2
GCAACCGGTGCCCAGT-1	T	1
GCAACCGGTTATCGAC-1	T	2
GCAACCGGTTTCGATG-1	T	19
GCAACCGTCCAGAGAG-1	T	5
GCAACCGTCGAGTGTT-1	T	2
GCAACCGTCGTGAGTT-1	T	14
GCAACCGTCTTGCGCT-1	T	13
GCACCTTAGCCTTTGA-1	T	12
GCACCTTCAATGGCTT-1	T	0
GCACCTTGTACGCCCA-1	T	1
GCACCTTGTATTCTGG-1	T	13
GCACCTTGTGCAACAG-1	T	1
GCACCTTGTGCACTTA-1	T	12
GCACCTTGTGCATCAT-1	T	8
GCACCTTGTGGATTCT-1	T	0
GCACCTTTCCAGGCCA-1	T	17
GCACGCAAGAACGCCA-1	T	5
GCACGCAAGAAGGGCG-1	T	13
GCACGCAAGAGCTGTG-1	T	16
GCACGCAAGTTGTCCA-1	T	5
GCACGCACAACGACAG-1	T	0
GCACGCACAATGATGA-1	T	18
GCACGCACACAGGTAG-1	T	8
GCACGCACACCACGAC-1	T	4
GCACGCACATCCGTGG-1	Myeloid	15
GCACGCACATCTCACC-1	T	17
GCACGCACATTTCACT-1	T	4
GCACGCAGTAGCATGG-1	T	8
GCACGCAGTCTCTAAG-1	T	17
GCACGCAGTGCGTCCA-1	T	11
GCACGCAGTTTGTACG-1	T	19
GCACGCATCACTCGGG-1	T	17
GCACGGTAGATATGAC-1	T	7
GCACGGTAGCCGCAAA-1	T	11
GCACGGTAGTTCTCCC-1	T	13
GCACGGTCAACGCAAG-1	T	4
GCACGGTCAAGCGGTA-1	T	17
GCACGGTCAGCGCGTT-1	T	19
GCACGGTCATTGCGAT-1	T	18
GCACGGTGTAACGGCA-1	T	11
GCACGGTGTGATGCGA-1	T	13
GCACGGTGTTCTTTGT-1	T	7
GCACGGTGTTTGAAGA-1	T	18
GCACGGTTCATAGGTC-1	T	1
GCACGGTTCCACGCTT-1	T	9
GCACGGTTCGGTCTCT-1	T	17
GCACGGTTCGGTTGTA-1	T	17
GCACGGTTCGTGGAAG-1	T	7
GCAGATTAGAGGTCCA-1	T	3
GCAGATTAGGCCTCGT-1	T	4
GCAGATTAGGTAGGAA-1	T	5
GCAGATTCACTAAACC-1	T	19
GCAGATTCATAGCAGG-1	T	13
GCAGATTCATCCCTTG-1	T	9
GCAGATTCATTTCACT-1	T	2
GCAGATTGTGTAGGAC-1	T	14
GCAGATTGTTGGTAAA-1	T	1
GCAGCCAAGAGCCACA-1	T	17
GCAGCCAAGCTCGTTA-1	T	8
GCAGCCAAGGATGCCA-1	T	13
GCAGCCAAGTACTCTG-1	T	16
GCAGCCAAGTAGAAGG-1	T	16
GCAGCCAAGTCGGGAT-1	T	14
GCAGCCACAAACCCTA-1	T	8
GCAGCCACAAACTACC-1	T	11
GCAGCCACAAAGGTCG-1	T	1
GCAGCCACACATCATG-1	T	13
GCAGCCACAGAGAGAA-1	T	6
GCAGCCAGTACGCAAG-1	T	13
GCAGCCAGTATGCTAC-1	T	10
GCAGCCAGTTAACCAC-1	T	1
GCAGCCAGTTGGACGA-1	T	1
GCAGCCATCACTACCC-1	T	12
GCAGCCATCATTCTTG-1	T	19
GCAGCCATCCTAGAGT-1	T	17
GCAGCTGAGAGCCACA-1	T	13
GCAGCTGAGAGTTTGA-1	T	2
GCAGCTGAGCAATAAC-1	T	14
GCAGCTGAGCTGAAAT-1	T	10
GCAGCTGAGGGATCCA-1	T	2
GCAGCTGAGGTTGACG-1	T	7
GCAGCTGAGTACAGAT-1	T	18
GCAGCTGCAAACCCTA-1	T	7
GCAGCTGCAGGGTAAC-1	T	4
GCAGCTGCAGTATACC-1	T	3
GCAGCTGGTACGTAGG-1	T	17
GCAGCTGGTAGACACG-1	T	11
GCAGCTGGTGGACAGT-1	T	18
GCAGCTGGTTTGCCAA-1	T	3
GCAGCTGTCACAGGGA-1	T	8
GCAGCTGTCCTTCGAC-1	T	18
GCAGCTGTCGAGTTAC-1	T	10
GCAGCTGTCGATGTAC-1	T	2
GCAGCTGTCGGTACTA-1	T	3
GCAGCTGTCTAGCAAC-1	T	6
GCAGCTGTCTATACCT-1	T	10
GCATGATAGAACCCGA-1	T	11
GCATGATAGAATATCG-1	T	17
GCATGATAGTCTAGAA-1	T	0
GCATGATAGTGGGACT-1	T	16
GCATGATAGTTTGGAA-1	T	1
GCATGATCACTGTCGG-1	T	6
GCATGATGTAAGCCGA-1	T	12
GCATGATGTCATGAGG-1	T	12
GCATGATGTGATAGAT-1	T	7
GCATGATGTTAGGCTT-1	T	16
GCATGATGTTCAGAAA-1	Myeloid	15
GCATGATTCCACGCTT-1	T	17
GCATGATTCGCGCTGA-1	T	7
GCATGATTCGGATCGC-1	T	13
GCATGATTCTTTGCAT-1	T	0
GCATTCCAGAGTTCGG-1	T	13
GCATTCCAGCTATCCA-1	T	11
GCATTCCAGGGAGATA-1	T	6
GCATTCCAGGTCGGTA-1	T	17
GCATTCCAGTAATCAG-1	T	5
GCATTCCAGTCGAGCA-1	T	5
GCATTCCCACAGGTAG-1	T	9
GCATTCCCAGACTAAA-1	T	16
GCATTCCCATCATAGC-1	T	7
GCATTCCCATGGCCGT-1	T	13
GCATTCCCATTGTGAC-1	T	5
GCATTCCGTAACGGCA-1	T	13
GCATTCCGTAGACACG-1	T	3
GCATTCCGTGCACCCA-1	T	9
GCATTCCGTGGCCTTG-1	T	13
GCATTCCGTGTCGTGC-1	T	13
GCATTCCTCACGTCAA-1	T	9
GCATTCCTCATCATGG-1	T	12
GCATTCCTCTTGTCAT-1	T	13
GCATTGAAGAATATCG-1	T	14
GCATTGAAGCAATAAC-1	T	5
GCATTGAAGCAGGAGG-1	T	17
GCATTGAAGGCGTCCT-1	T	11
GCATTGAAGGGTCTGA-1	T	13
GCATTGACAACTGCGC-1	T	6
GCATTGACAGCCACGT-1	T	10
GCATTGACATGCCCTT-1	T	1
GCATTGAGTGACCAGA-1	T	18
GCATTGAGTGCGTGTC-1	T	13
GCATTGATCAAATGGA-1	T	0
GCATTGATCCATGTTT-1	T	14
GCATTGATCCCAGCGA-1	T	5
GCATTGATCCGGCTGA-1	T	12
GCATTGATCGGTACTA-1	T	8
GCCAGACAGCCTTTGA-1	T	7
GCCAGACAGTACCCAT-1	T	3
GCCAGACAGTGCTGAG-1	T	13
GCCAGACCATTGCACA-1	T	2
GCCAGACCATTGTGAC-1	T	1
GCCAGACGTATCGCGC-1	T	11
GCCAGACGTATGCTAC-1	T	9
GCCAGACGTATGTTCG-1	T	10
GCCAGACGTCAGACGA-1	T	11
GCCAGACGTGCGTGTC-1	T	9
GCCAGACTCAGTCACA-1	T	1
GCCAGACTCATTGCCC-1	T	18
GCCAGACTCCTGGAAT-1	T	5
GCCAGACTCGCGTGAC-1	T	12
GCCAGCACAATGGTAA-1	T	18
GCCAGCAGTGCTGTCG-1	T	11
GCCAGCATCAATTCCT-1	T	1
GCCAGCATCGCAGATT-1	T	7
GCCAGCATCGCGTTCT-1	T	11
GCCAGCATCTCTGCAC-1	T	17
GCCATAAAGACCCTAT-1	T	8
GCCATAAAGGAGTAGA-1	T	6
GCCATAAAGGATTAAC-1	T	17
GCCATAACACCATTCC-1	T	16
GCCATAACACCTACCT-1	T	8
GCCATAACATATTGGC-1	T	14
GCCATAACATTACTTC-1	Myeloid	15
GCCATAAGTGGACGAT-1	T	2
GCCATAAGTTGCCTGG-1	T	8
GCCATAAGTTGGACGA-1	T	1
GCCATAATCGCTATAG-1	T	1
GCCATAATCGGGAATG-1	T	6
GCCCAGAAGATGTTGA-1	T	1
GCCCAGAAGTTCCAGT-1	T	4
GCCCAGACACAGTTCA-1	T	9
GCCCAGACACATTCTT-1	T	18
GCCCAGACACCGTCTT-1	T	13
GCCCAGACATCAGCTA-1	T	7
GCCCAGAGTATCACAC-1	T	13
GCCCAGAGTCCGCTTT-1	T	8
GCCCAGAGTGCTTGAT-1	T	6
GCCCAGAGTGGTACTT-1	T	6
GCCCAGATCAGGAAGC-1	T	12
GCCCAGATCTGAGTCA-1	T	11
GCCCGAAAGATATGTG-1	T	19
GCCCGAAAGCATGATA-1	T	1
GCCCGAAAGGGACGTT-1	T	5
GCCCGAAAGGTTACAA-1	T	13
GCCCGAAAGTAGAAGG-1	T	12
GCCCGAACAAGGGAGG-1	T	2
GCCCGAACAATTGGCT-1	T	5
GCCCGAACACAACGGA-1	T	1
GCCCGAACACTAGGAG-1	T	14
GCCCGAACACTCCTCA-1	T	18
GCCCGAAGTCCTCAGG-1	Myeloid	15
GCCCGAATCAGCGGTC-1	T	2
GCCCGAATCCCACGGA-1	T	17
GCCCGAATCTACTTTG-1	T	0
GCCTACTAGACCGCAA-1	T	6
GCCTACTCAAGCCAGA-1	T	17
GCCTACTCAAGTGGCA-1	T	10
GCCTACTCACAACGGA-1	T	9
GCCTACTCACAGGAAC-1	T	7
GCCTACTCACTACACA-1	T	19
GCCTACTCATCTCTCG-1	T	3
GCCTACTGTAGTGATA-1	T	18
GCCTACTGTGCTGTGC-1	T	3
GCCTACTGTTGGAGGT-1	T	9
GCCTACTGTTTAGGAA-1	Myeloid	15
GCCTACTTCAATCGTG-1	T	0
GCCTACTTCCGAATTG-1	T	13
GCCTACTTCCGTGCAG-1	T	2
GCCTACTTCCTGACCT-1	T	8
GCCTACTTCGTTTGAG-1	T	7
GCCTACTTCTGCGTCT-1	T	13
GCCTAGGAGATGTTCC-1	T	12
GCCTAGGAGTCATCTG-1	T	19
GCCTAGGAGTCCGATT-1	T	8
GCCTAGGAGTGAACCG-1	T	11
GCCTAGGCAACATAAG-1	T	3
GCCTAGGCAAGATTAG-1	T	11
GCCTAGGCAAGTCCTA-1	T	11
GCCTAGGCAATTGGCT-1	T	10
GCCTAGGCACCGATCG-1	T	2
GCCTAGGCAGGCTACC-1	T	0
GCCTAGGCATCATCGA-1	T	18
GCCTAGGGTACAACGG-1	T	0
GCCTAGGTCCACCTAC-1	T	11
GCCTAGGTCCGGCTGA-1	T	14
GCCTAGGTCGACTTAG-1	T	2
GCCTAGGTCGGTTCCT-1	T	10
GCCTAGGTCGGTTGTA-1	T	14
GCCTAGGTCTTCTTCC-1	T	4
GCGAGAAAGGTTGTGG-1	T	19
GCGAGAAAGTAACATG-1	T	17
GCGAGAACAAAGACGC-1	T	14
GCGAGAACACGCTAAT-1	T	16
GCGAGAACACTCGCAG-1	T	7
GCGAGAACAGGCTACC-1	T	7
GCGAGAAGTATTCTTC-1	T	12
GCGAGAAGTCTCAAAC-1	Myeloid	15
GCGAGAAGTGAATACA-1	T	5
GCGAGAAGTTACCCAA-1	T	6
GCGAGAAGTTCTTTCA-1	T	17
GCGAGAATCACCGCGA-1	T	18
GCGAGAATCAGCCGGT-1	T	10
GCGAGAATCATAGGTC-1	T	2
GCGAGAATCTTCAGAG-1	T	13
GCGAGTCAGAAACGCC-1	T	12
GCGAGTCAGACTCGGA-1	T	14
GCGAGTCAGTCGACCC-1	T	0
GCGAGTCCAATGCATC-1	T	2
GCGAGTCCACCGAATT-1	Myeloid	15
GCGAGTCCACCTGGTG-1	T	18
GCGAGTCCATCTCACC-1	T	7
GCGAGTCCATTAGCCA-1	T	13
GCGAGTCGTAGGGTCA-1	T	2
GCGAGTCGTCCCGAGT-1	T	2
GCGAGTCGTCGACTGC-1	T	14
GCGAGTCGTTTGCATG-1	T	0
GCGAGTCGTTTGTGAC-1	T	1
GCGAGTCTCCATAGGT-1	T	19
GCGAGTCTCCTAGAGT-1	T	10
GCGAGTCTCGCTACCT-1	T	4
GCGAGTCTCTAGTCGA-1	T	11
GCGAGTCTCTGGAAGG-1	T	5
GCGAGTCTCTTTATCG-1	T	6
GCGATCGAGACGCCCT-1	T	14
GCGATCGAGGTAGGCT-1	T	4
GCGATCGAGGTTGTGG-1	T	5
GCGATCGAGTACAGAT-1	T	7
GCGATCGAGTGTTCCA-1	T	13
GCGATCGCAACATAAG-1	T	7
GCGATCGCAAGGAGTC-1	T	19
GCGATCGCAGAATGCG-1	T	1
GCGATCGCAGGTAGGT-1	T	3
GCGATCGCATGGGACA-1	T	3
GCGATCGGTAACCGAG-1	T	1
GCGATCGGTAACGGTG-1	T	19
GCGATCGGTCCTTATT-1	T	13
GCGATCGGTGGAAGCT-1	T	12
GCGATCGGTGTCTACA-1	T	4
GCGATCGGTTCTGAGT-1	T	19
GCGATCGTCGTGCTTC-1	T	2
GCGATTAAGACAGCTG-1	T	13
GCGATTAAGCGTAGCA-1	T	8
GCGATTAAGGGCTTCC-1	T	13
GCGATTAAGGGTTCTT-1	T	19
GCGATTAAGTGAGTTA-1	T	7
GCGATTACACACTAGT-1	T	6
GCGATTACACCACGAC-1	T	7
GCGATTACACGATTAC-1	T	3
GCGATTACAGATTAAG-1	T	12
GCGATTACATATACGC-1	T	8
GCGATTACATGGCCTG-1	T	18
GCGATTAGTCTGCGCA-1	T	16
GCGATTATCACTACCC-1	T	0
GCGATTATCCAGTTAG-1	T	14
GCGATTATCCATATCT-1	T	7
GCGATTATCCGGAAAG-1	T	8
GCGATTATCTCTTAAC-1	T	11
GCGATTATCTTCCACG-1	T	12
GCGCATGAGAATCAAC-1	T	16
GCGCATGAGACGAAAG-1	T	0
GCGCATGAGAGGCCTA-1	T	16
GCGCATGAGTCGCGTC-1	T	16
GCGCATGAGTGATTAG-1	T	0
GCGCATGCAAGGAGGG-1	T	7
GCGCATGCAAGTAACA-1	T	18
GCGCATGCAATTGTGC-1	T	9
GCGCATGCACAGATGG-1	T	13
GCGCATGCAGCGTACC-1	T	6
GCGCATGCAGGTAACG-1	Myeloid	15
GCGCATGCATATTGGC-1	Myeloid	15
GCGCATGCATCCCTCA-1	T	17
GCGCATGGTCAGCTTA-1	T	7
GCGCATGGTCCCTAAA-1	T	11
GCGCATGGTGCGTCCA-1	T	5
GCGCATGGTTCGGGAA-1	T	6
GCGCATGGTTTCTCTA-1	T	10
GCGCATGTCCAGGTAT-1	T	12
GCGCATGTCTAGCAAC-1	T	0
GCGCATGTCTGGAAGG-1	T	7
GCGCATGTCTGGTACA-1	T	6
GCGCCAAAGAACGTCG-1	Myeloid	15
GCGCCAAAGCGTTAGG-1	T	4
GCGCCAAAGCTCGGCT-1	T	7
GCGCCAAAGGGAGATA-1	T	5
GCGCCAAAGGTACTCT-1	T	6
GCGCCAAAGGTCTTTG-1	T	9
GCGCCAAAGTTAGAGT-1	T	5
GCGCCAAAGTTGGAAT-1	T	5
GCGCCAACAAGTCCTA-1	T	7
GCGCCAACAGCAACCC-1	T	1
GCGCCAACAGGTGTGA-1	T	17
GCGCCAACAGGTTATC-1	T	9
GCGCCAAGTAACACTC-1	T	18
GCGCCAAGTACGCAAG-1	T	7
GCGCCAAGTCAACGGA-1	T	1
GCGCCAAGTGGTGGTA-1	T	19
GCGCCAAGTTCCATCC-1	T	5
GCGCCAAGTTTGCCAA-1	T	16
GCGCCAATCAGCACTA-1	T	10
GCGCCAATCCTGAAAC-1	T	13
GCGGAAAAGTGTCGGA-1	T	4
GCGGAAACAAACGACG-1	T	14
GCGGAAACAAAGCTTC-1	T	16
GCGGAAACAAGAAACT-1	T	11
GCGGAAACAAGTCTCA-1	T	7
GCGGAAACACATCATG-1	T	5
GCGGAAACAGTGGTCC-1	T	6
GCGGAAACATACCCGG-1	T	9
GCGGAAAGTCAACTAC-1	T	10
GCGGAAAGTGACAAGC-1	T	9
GCGGAAAGTGCCGGTT-1	T	8
GCGGAAAGTTCTTAGG-1	T	13
GCGGAAATCCCGGGTA-1	T	3
GCGGAAATCGCGATGC-1	T	9
GCGGGTTAGAAGCCTG-1	T	5
GCGGGTTAGACGCCAA-1	T	13
GCGGGTTAGTATGGGC-1	T	2
GCGGGTTCAACAACTC-1	T	16
GCGGGTTCACCAAGGA-1	T	11
GCGGGTTCAGTAACTC-1	T	16
GCGGGTTGTCGTAGTT-1	T	13
GCGGGTTGTTTAGAAG-1	T	9
GCGGGTTTCAGCCGGT-1	T	6
GCGGGTTTCAGGTTTG-1	T	18
GCGGGTTTCAGTGGTT-1	T	1
GCGGGTTTCCAACCTC-1	T	13
GCGGGTTTCGTCCCAT-1	T	0
GCGGGTTTCTCCAACC-1	T	6
GCGGTGTAGATACCAA-1	T	18
GCGGTGTAGTGTCGGA-1	T	9
GCGGTGTCAAGGCGTA-1	T	19
GCGGTGTGTGAGGGTT-1	T	11
GCGGTGTTCGACTTAG-1	T	1
GCGGTGTTCGGGATCC-1	T	5
GCGGTGTTCTCATCCG-1	T	18
GCGTAGCAGACCGCAA-1	T	1
GCGTAGCAGCCCATTA-1	T	17
GCGTAGCAGGGTCCCT-1	Myeloid	15
GCGTAGCCAAAGAGAG-1	T	0
GCGTAGCCAAGCTTTG-1	T	5
GCGTAGCCAAGGATGC-1	T	5
GCGTAGCCATCCTGGG-1	T	10
GCGTAGCGTTATGCAC-1	T	2
GCGTAGCTCATGTTCT-1	T	8
GCGTAGCTCCAGGTAT-1	T	12
GCGTAGCTCGCCCTTA-1	T	12
GCGTAGCTCGCTTACC-1	T	4
GCGTAGCTCTGAGTCA-1	T	17
GCGTTGGAGGCATGCA-1	T	8
GCGTTGGAGTGCACAG-1	T	11
GCGTTGGAGTTATGAG-1	T	19
GCGTTGGGTCCATTGA-1	T	9
GCGTTGGGTGCGTCCA-1	T	18
GCGTTGGGTGCGTGTC-1	T	8
GCGTTGGTCGCACAAT-1	T	2
GCGTTGGTCGCTCTAC-1	T	7
GCGTTGGTCTCTTCCT-1	T	3
GCGTTGGTCTTCATAC-1	T	4
GCTCACTAGACCGCAA-1	T	13
GCTCACTAGAGCTGTG-1	T	9
GCTCACTAGATATGTG-1	T	5
GCTCACTAGTCGTGAG-1	Myeloid	15
GCTCACTCAGGAGCAT-1	T	2
GCTCACTCAGTGCGAA-1	T	1
GCTCACTCATCGACGC-1	T	2
GCTCACTCATGGCCTG-1	T	7
GCTCACTCATTCTCGC-1	T	13
GCTCACTGTAGAAAGG-1	T	5
GCTCACTGTCTGATTG-1	T	14
GCTCACTGTCTGGTTA-1	T	11
GCTCACTGTGCAAGAC-1	T	13
GCTCACTGTTCCGGCA-1	T	0
GCTCACTTCACCCGGA-1	T	8
GCTCACTTCCTCTCTT-1	T	2
GCTCACTTCTACCCGT-1	T	3
GCTCACTTCTATTGTC-1	T	5
GCTCAGGAGAGCGAAA-1	T	1
GCTCAGGAGCCTGTAT-1	T	5
GCTCAGGAGGGCATTG-1	T	5
GCTCAGGAGTCAGGAC-1	T	18
GCTCAGGAGTCCGTGC-1	T	12
GCTCAGGCAACTAGAA-1	T	2
GCTCAGGCAATGCCAT-1	T	12
GCTCAGGCAATGTAAG-1	T	12
GCTCAGGCAGCAATGG-1	T	11
GCTCAGGCAGGGCTTC-1	T	14
GCTCAGGCATGACTGT-1	T	3
GCTCAGGCATGGTTTG-1	T	13
GCTCAGGGTCCGAGCT-1	Myeloid	15
GCTCAGGGTCTGGATT-1	T	17
GCTCAGGGTGGATTCT-1	T	6
GCTCAGGGTGTACGCC-1	T	14
GCTCAGGGTGTCTCGG-1	T	9
GCTCAGGTCACTAGCA-1	T	6
GCTCAGGTCCACTAGA-1	T	18
GCTCAGGTCGAGTGTT-1	T	6
GCTCAGGTCGCTTACC-1	T	17
GCTCCTAAGCTACGTT-1	T	10
GCTCCTAAGCTATCGT-1	T	8
GCTCCTAAGTGATATG-1	T	14
GCTCCTAAGTTAGAGT-1	T	8
GCTCCTACAGTAACCT-1	T	7
GCTCCTAGTAACGTAA-1	T	13
GCTCCTAGTCCACCAG-1	T	5
GCTCCTAGTGATAAGT-1	T	1
GCTCCTAGTTATGCAC-1	T	13
GCTCCTAGTTTGTGAC-1	T	1
GCTCCTATCAAGGCAG-1	T	19
GCTCCTATCACTCCCA-1	T	1
GCTCCTATCCTTACGC-1	T	13
GCTCCTATCGCTATTT-1	T	11
GCTCGAGAGGTTCTCA-1	T	10
GCTCGAGCACCTGGTG-1	T	5
GCTCGAGCATAGCAGG-1	T	16
GCTCGAGCATCATGTG-1	T	5
GCTCGAGCATTTGGCA-1	T	12
GCTCGAGGTTAGAGAT-1	T	13
GCTCGAGTCAAGAGGC-1	T	12
GCTCGAGTCCTGACCT-1	T	3
GCTCGAGTCGGTACTA-1	T	19
GCTCGAGTCTACTTTG-1	T	19
GCTCGAGTCTGAAAGA-1	T	13
GCTGAGCAGAGGAAGT-1	T	16
GCTGAGCAGGCTCCTG-1	T	16
GCTGAGCAGGGTAATT-1	T	17
GCTGAGCAGTTCAGGG-1	T	5
GCTGAGCCAAATGCTC-1	T	10
GCTGAGCCACCATTCC-1	T	16
GCTGAGCCACCGTCTT-1	T	17
GCTGAGCCAGCGTAGA-1	T	14
GCTGAGCCAGGTGTCC-1	T	13
GCTGAGCCATTACACG-1	T	12
GCTGAGCGTACCCATA-1	T	1
GCTGAGCGTCCGCTTT-1	T	13
GCTGAGCGTGCTTTGA-1	T	17
GCTGAGCGTGGTGGTA-1	T	1
GCTGAGCGTTCCCTTG-1	T	8
GCTGAGCTCAGTGGTT-1	T	11
GCTGAGCTCCAAGTCA-1	T	11
GCTGAGCTCCGAGAGA-1	T	6
GCTGAGCTCTGACATG-1	T	2
GCTGCGAAGAATATCG-1	T	7
GCTGCGAAGAGAAGCA-1	T	16
GCTGCGAAGTCTGGGA-1	T	13
GCTGCGACAAGGAAGA-1	T	13
GCTGCGACAATTAGGA-1	T	16
GCTGCGACACTGATAC-1	T	1
GCTGCGACATCATAGC-1	T	2
GCTGCGACATGCGACC-1	T	14
GCTGCGAGTATGTCCA-1	T	5
GCTGCGAGTTATGCAC-1	T	7
GCTGCGATCAATGCAC-1	T	10
GCTGCGATCACAACAC-1	T	2
GCTGCGATCCATAGGT-1	T	0
GCTGCGATCCTCCCAA-1	T	18
GCTGCGATCCTCTCTT-1	T	1
GCTGCGATCTCGCGGA-1	T	11
GCTGTTCAGACACAAT-1	T	14
GCTGTTCAGATATGAC-1	T	14
GCTGTTCAGATTAGAC-1	T	17
GCTGTTCAGGACCGAT-1	T	19
GCTGTTCAGGTGTTGG-1	T	10
GCTGTTCCAAAGGAAG-1	T	16
GCTGTTCCACACACCG-1	T	2
GCTGTTCCACTTACAG-1	T	4
GCTGTTCCATGCCCTT-1	Myeloid	15
GCTGTTCCATGGCCGT-1	T	9
GCTGTTCCATTCGTCC-1	T	16
GCTGTTCGTAAACGTA-1	T	3
GCTGTTCGTAGCCATT-1	T	4
GCTGTTCGTGCATTGT-1	T	1
GCTGTTCGTGCGTAGA-1	T	7
GCTGTTCTCCAGAATC-1	T	11
GCTGTTCTCCAGGTCG-1	T	0
GCTGTTCTCCCACTTG-1	T	13
GCTGTTCTCGGTTGTA-1	T	19
GCTGTTCTCTGCGTCT-1	T	1
GCTGTTCTCTTCCGTG-1	T	1
GCTTAAGAGGGCATTG-1	T	14
GCTTAAGAGTGAGCTG-1	T	10
GCTTAAGGTCAACGGA-1	T	13
GCTTAAGGTCACATTG-1	Myeloid	15
GCTTAAGGTCTGCGCA-1	T	11
GCTTAAGTCCAACAAC-1	T	2
GCTTAAGTCCCTACGT-1	T	19
GCTTAAGTCGAACCGC-1	T	4
GCTTAAGTCTGATCCC-1	T	1
GCTTGCTAGAGGTCCA-1	T	12
GCTTGCTAGCCATTCA-1	T	16
GCTTGCTAGCTACGTT-1	T	5
GCTTGCTAGCTTCAAC-1	T	11
GCTTGCTAGGTAAGCC-1	T	5
GCTTGCTAGGTAGGAA-1	T	13
GCTTGCTCAACGAGGT-1	T	7
GCTTGCTCAAGACTAA-1	T	9
GCTTGCTCAATTGGCT-1	T	16
GCTTGCTCAGCAAACG-1	T	10
GCTTGCTGTGAAACAT-1	T	10
GCTTGCTGTTATCGAC-1	T	3
GCTTGCTGTTTGCCAA-1	T	1
GCTTGCTTCACGTGTA-1	T	17
GCTTGCTTCCAGGTAT-1	T	7
GCTTGCTTCGAACACT-1	T	18
GCTTGCTTCGACTGGC-1	T	9
GCTTGCTTCGCCCTTA-1	T	9
GCTTGCTTCGTCAACA-1	T	1
GCTTTCGCAAGTTGCT-1	T	16
GCTTTCGCAGAGTCGA-1	T	16
GCTTTCGGTAAAGGCC-1	T	6
GCTTTCGGTGGTAGAC-1	T	13
GCTTTCGGTGTCTCGG-1	T	1
GCTTTCGTCAGTGGTT-1	T	14
GCTTTCGTCCATAGGT-1	Myeloid	15
GCTTTCGTCGGGCTCA-1	T	8
GCTTTCGTCTTACCTA-1	Myeloid	15
GCTTTCGTCTTGTACT-1	T	4
GGAACCCAGAATATCG-1	T	18
GGAACCCAGAGGAAGT-1	T	5
GGAACCCAGCGTATCT-1	T	8
GGAACCCAGGAAACTT-1	T	16
GGAACCCAGGGCTTCC-1	T	17
GGAACCCAGTTAGCGG-1	T	9
GGAACCCCATGACTGT-1	T	2
GGAACCCGTAACGTAA-1	T	19
GGAACCCGTAGAAAGG-1	T	3
GGAACCCGTCTCAAAC-1	T	19
GGAACCCGTGGCCTTG-1	T	17
GGAACCCTCCGATTGA-1	T	17
GGAACCCTCCGTCAAA-1	T	8
GGAACCCTCCTCCCAA-1	T	1
GGAACCCTCGTGGGTC-1	T	5
GGAACTTAGCGAATAT-1	T	14
GGAACTTCAAGATTAG-1	T	0
GGAACTTCAAGGCTTT-1	T	11
GGAACTTCACAGTTCA-1	T	17
GGAACTTCATGGTTTG-1	T	2
GGAACTTCATGTAGAA-1	T	17
GGAACTTCATTACTTC-1	T	2
GGAACTTGTATCGCGC-1	Myeloid	15
GGAACTTGTATTCTCT-1	T	0
GGAACTTGTTAAGGGC-1	T	5
GGAATCTAGACCATAA-1	T	12
GGAATCTAGCATTGGG-1	T	12
GGAATCTAGGATCCTT-1	T	13
GGAATCTAGGTAGGCT-1	T	13
GGAATCTAGTCATCTG-1	T	14
GGAATCTAGTCCGGAA-1	Myeloid	15
GGAATCTAGTTAGCAA-1	T	2
GGAATCTAGTTGGAAT-1	T	19
GGAATCTCATCATAGC-1	T	9
GGAATCTGTAACGGCA-1	T	13
GGAATCTGTGACCAGA-1	T	2
GGAATCTGTGATCAGG-1	T	4
GGAATCTGTGCTGTGC-1	T	9
GGAATCTTCAAGAGAT-1	T	8
GGAATCTTCAGGAAGC-1	T	18
GGAATCTTCAGTCACA-1	T	17
GGAATCTTCGCGTTCT-1	T	6
GGAATCTTCGGTTAGT-1	T	19
GGAATCTTCGTTTGAG-1	T	8
GGACACCAGGATATCA-1	T	5
GGACACCAGTTGTCCA-1	T	14
GGACACCCAACGAGGT-1	T	13
GGACACCCAATTCTCT-1	T	19
GGACACCCAGTCAGCC-1	T	5
GGACACCCATGCGTTA-1	T	6
GGACACCGTACTATGC-1	T	3
GGACACCGTAGTCCAT-1	T	1
GGACACCGTCACAGTT-1	T	0
GGACACCGTGATAGAT-1	T	19
GGACACCTCCATAGGT-1	T	9
GGACACCTCCATTGAG-1	T	13
GGACACCTCGATGCAT-1	T	6
GGACACCTCGTTCCGT-1	T	14
GGACACCTCTGAACGT-1	T	13
GGACACCTCTTACGGA-1	T	9
GGACACCTCTTGGCCT-1	T	7
GGAGAACAGAATACTG-1	Myeloid	15
GGAGAACAGAGAACCC-1	T	5
GGAGAACAGCATTCCA-1	T	4
GGAGAACAGGTACACG-1	T	2
GGAGAACAGTCAGGAC-1	T	7
GGAGAACCATGCGACC-1	T	5
GGAGAACCATGGCCGT-1	T	10
GGAGAACGTAAGGTCG-1	T	17
GGAGAACGTCGTAATC-1	T	2
GGAGAACGTGGACCAA-1	T	11
GGAGAACGTTCTTTCA-1	T	0
GGAGAACGTTTGTAGC-1	T	7
GGAGAACTCTAGTCGA-1	T	19
GGAGGATAGAACGTTA-1	T	5
GGAGGATAGCGTGTTT-1	T	17
GGAGGATAGGATTAAC-1	T	0
GGAGGATAGGTTGACG-1	T	4
GGAGGATAGTACAGAT-1	T	0
GGAGGATAGTATGCTC-1	T	13
GGAGGATCATGTGGGA-1	T	13
GGAGGATGTCTGTGTA-1	T	0
GGAGGATGTGCCCAGT-1	T	1
GGAGGATTCTCTATCA-1	T	7
GGAGTAGAGATTAGAC-1	T	16
GGAGTAGAGGCACTAG-1	T	6
GGAGTAGAGTTACACC-1	T	14
GGAGTAGAGTTCGCGC-1	T	16
GGAGTAGCAACAACTC-1	T	5
GGAGTAGCAAGGGAGG-1	T	17
GGAGTAGCACACACCG-1	T	14
GGAGTAGCAGGGCTTC-1	T	17
GGAGTAGGTCACATTG-1	T	8
GGAGTAGGTCGTAATC-1	T	14
GGAGTAGGTCTGATTG-1	T	7
GGAGTAGGTGCACCCA-1	T	9
GGAGTAGGTTAACCGT-1	T	7
GGAGTAGTCCAGGTCG-1	T	5
GGAGTAGTCCTCAAGA-1	T	6
GGAGTAGTCGCTATAG-1	T	4
GGAGTAGTCGCTTGAA-1	T	17
GGAGTAGTCTGACATG-1	T	18
GGATAGGAGTTGGAAT-1	T	19
GGATAGGCACCGTTGG-1	T	7
GGATAGGCAGTATCTG-1	T	8
GGATAGGGTGCTGGCT-1	T	0
GGATAGGGTTGGCTAT-1	T	12
GGATAGGTCAGATACC-1	T	14
GGATAGGTCCCTACGT-1	T	16
GGATAGGTCGCCACTT-1	T	19
GGATAGGTCGCGTGAC-1	T	0
GGATAGGTCGCTCTAC-1	T	14
GGATAGGTCGTCTAGA-1	T	5
GGATGAGAGGGTTCCC-1	T	4
GGATGAGAGGGTTCTT-1	T	6
GGATGAGAGGTAAGTT-1	T	9
GGATGAGAGGTTGACG-1	T	19
GGATGAGAGTCCTTCC-1	T	6
GGATGAGCAACTCGTA-1	T	18
GGATGAGCATGATTGC-1	T	17
GGATGAGGTACTTCAG-1	T	5
GGATGAGGTATGCTAC-1	T	2
GGATGAGGTTCCCGGA-1	T	0
GGATGAGGTTTGCCAA-1	T	19
GGATGAGTCACTGATG-1	Myeloid	15
GGATGAGTCGGATGTT-1	T	12
GGATGAGTCGGTACTA-1	T	9
GGCACGTAGGTACACG-1	T	2
GGCACGTCAAGACTAA-1	T	17
GGCACGTCAAGGCGTA-1	T	12
GGCACGTCAATCAGGG-1	T	19
GGCACGTGTAGCAGGT-1	T	1
GGCACGTGTAGCTGTT-1	T	0
GGCACGTGTCTCTAAG-1	T	12
GGCACGTGTGGGTAGT-1	T	5
GGCACGTGTTCAGTTG-1	T	16
GGCACGTGTTGCCGCA-1	T	8
GGCACGTGTTGGAGGT-1	T	5
GGCACGTGTTGGCTTA-1	T	14
GGCACGTTCCACACCT-1	T	0
GGCACGTTCCAGTACA-1	T	2
GGCACGTTCCGATTGA-1	T	14
GGCATTACAAAGAAGG-1	T	3
GGCATTACAAGCGACA-1	T	11
GGCATTACACAGTTAC-1	T	1
GGCATTACAGAGTCGA-1	T	12
GGCATTACAGGTAGCA-1	T	2
GGCATTACATTACCTT-1	T	0
GGCATTAGTATCGCGC-1	T	13
GGCATTAGTATCTCAG-1	T	1
GGCATTAGTATGGATA-1	T	19
GGCATTAGTCAACAGG-1	T	12
GGCATTAGTCATAGCT-1	T	7
GGCATTAGTCCATTGA-1	Myeloid	15
GGCATTAGTGGCATAG-1	T	17
GGCATTAGTTACGCTA-1	T	13
GGCATTAGTTGAATAG-1	T	17
GGCATTAGTTGCAGCC-1	T	10
GGCATTAGTTGGAGGT-1	T	7
GGCATTATCAAATGGA-1	T	5
GGCATTATCGCAACTA-1	T	19
GGCATTATCTATCCTA-1	T	7
GGCATTATCTCCAACC-1	Myeloid	15
GGCGAAAAGAGTAAGG-1	T	11
GGCGAAAAGGCTCAGA-1	T	7
GGCGAAAAGGTTACAA-1	T	13
GGCGAAAAGTGCTCGC-1	T	3
GGCGAAACACTCCTCA-1	T	16
GGCGAAACATCCCTTG-1	T	1
GGCGAAACATGATCGT-1	T	9
GGCGAAAGTGCGACCT-1	T	1
GGCGAAATCAACTTGG-1	T	1
GGCGAAATCACAACAC-1	T	2
GGCGAAATCAGGTCTA-1	T	18
GGCGAAATCCATACCC-1	T	11
GGCGAAATCGATAGGG-1	T	14
GGCGAAATCGTGAACT-1	T	13
GGCGAAATCGTGAGTT-1	T	14
GGCGAAATCTCCAACC-1	T	1
GGCGTTGAGGACTTTC-1	T	0
GGCGTTGAGGGTCCCT-1	T	1
GGCGTTGAGGTTAACA-1	T	8
GGCGTTGAGGTTTCTG-1	T	9
GGCGTTGCACTGAAGG-1	T	7
GGCGTTGCAGTATACC-1	T	7
GGCGTTGGTAACAATG-1	T	2
GGCGTTGGTGAATGTA-1	T	19
GGCGTTGTCCATGTTT-1	T	19
GGCGTTGTCTCGCGGA-1	T	3
GGCGTTGTCTTTCGAT-1	T	13
GGGAACAAGAATCAGT-1	T	2
GGGAACAAGACGACTG-1	T	8
GGGAACAAGACGTCAG-1	T	1
GGGAACAAGTGAAGGA-1	T	18
GGGAACAAGTTCAACC-1	T	17
GGGAACAAGTTCCAGT-1	T	11
GGGAACACAAGGCTTT-1	T	16
GGGAACACAGGGTACA-1	T	3
GGGAACACAGGTAGCA-1	T	0
GGGAACACAGTGCGTC-1	T	2
GGGAACACATCACAAC-1	T	5
GGGAACACATCAGCTA-1	T	16
GGGAACACATTTGTTC-1	T	12
GGGAACAGTATTCTGG-1	T	1
GGGAACAGTCTCTAAG-1	T	13
GGGAACAGTCTCTGCT-1	T	17
GGGAACATCCATATCT-1	T	12
GGGAACATCGAGAACG-1	T	19
GGGAACATCGAGCGCT-1	T	7
GGGAACATCTTGTCAT-1	T	5
GGGACCTAGCATTCCA-1	T	7
GGGACCTAGTTCGTTG-1	T	3
GGGACCTCACCACCAG-1	T	11
GGGACCTCACCCTTTG-1	T	10
GGGACCTCACGCGCAT-1	T	12
GGGACCTCACTCGTGG-1	T	17
GGGACCTGTACGAGAC-1	T	17
GGGACCTGTAGTAACA-1	T	1
GGGACCTTCACAAGCT-1	T	18
GGGACCTTCACAGGGA-1	T	6
GGGACCTTCAGTTGAC-1	T	5
GGGACCTTCCAACAAC-1	T	13
GGGACCTTCCAGAATC-1	T	2
GGGACCTTCCGCTATC-1	T	5
GGGACCTTCGATAGTC-1	T	2
GGGACCTTCGGCAATT-1	T	17
GGGCCATAGCATGTGG-1	T	14
GGGCCATAGGGTCTGA-1	T	10
GGGCCATAGGTACTCT-1	T	13
GGGCCATCAACCTCCT-1	T	1
GGGCCATCAGAAGTGC-1	T	0
GGGCCATCAGGGTAAC-1	T	16
GGGCCATCATCAACTG-1	T	16
GGGCCATCATCAGCTA-1	T	7
GGGCCATCATTGCCTC-1	T	1
GGGCCATCATTGTTCT-1	T	0
GGGCCATGTTTAAGCC-1	T	3
GGGCCATGTTTCTTAC-1	T	1
GGGCCATTCAAAGTAG-1	T	13
GGGCCATTCACTTACT-1	T	8
GGGCCATTCCAACAAC-1	T	18
GGGCCATTCCAGGCCA-1	T	13
GGGCCATTCGACCCGA-1	T	14
GGGCCATTCTTGTGCC-1	T	6
GGGTCTGAGAACAGGA-1	T	4
GGGTCTGAGAACGTCG-1	T	9
GGGTCTGAGGTCACTT-1	T	7
GGGTCTGAGTACAACA-1	T	4
GGGTCTGCAGGAGCAT-1	T	8
GGGTCTGCAGTGCTCG-1	T	10
GGGTCTGGTAGCATGG-1	T	9
GGGTCTGGTGAGCTAG-1	T	0
GGGTCTGGTTAACCGT-1	T	13
GGGTCTGTCAGTCACA-1	T	16
GGGTCTGTCCTCCAGT-1	T	11
GGGTCTGTCCTTACGC-1	T	4
GGGTGTCAGCCATCAT-1	T	13
GGGTGTCAGCGGACTA-1	T	10
GGGTGTCAGCTTACCA-1	T	18
GGGTGTCAGGCTGGAT-1	T	18
GGGTGTCAGTGAAACT-1	T	1
GGGTGTCCAAGAAACT-1	T	2
GGGTGTCCACTGTAAC-1	T	14
GGGTGTCCACTGTCAA-1	T	9
GGGTGTCGTAACTGAA-1	T	1
GGGTGTCGTCTAAAGA-1	T	8
GGGTGTCGTGCTGAAG-1	T	6
GGGTGTCGTTTCGTTT-1	T	3
GGGTGTCGTTTCTACT-1	T	12
GGGTGTCTCAGTTGAC-1	T	2
GGGTGTCTCCCAGCAG-1	T	8
GGGTGTCTCTATCTAC-1	T	16
GGGTGTCTCTCGTGAA-1	T	14
GGGTTATAGACAGCTG-1	T	9
GGGTTATAGGTCTTGT-1	T	18
GGGTTATAGTAACATG-1	T	11
GGGTTATGTACAACGG-1	T	1
GGGTTATGTATCTCAG-1	T	13
GGGTTATGTGCAACAG-1	T	16
GGGTTATGTTAGAGAT-1	T	4
GGGTTATGTTCCATCC-1	T	1
GGGTTATGTTCCCTTG-1	T	0
GGGTTATTCCCTAAAG-1	T	1
GGTACCGAGCCTGTAT-1	T	5
GGTACCGAGGGCTCTC-1	T	1
GGTACCGAGGTACTCT-1	T	7
GGTACCGAGTACGCGA-1	T	16
GGTACCGAGTGAGCAC-1	T	8
GGTACCGAGTTCGCGC-1	T	11
GGTACCGCAAGTTCGT-1	T	14
GGTACCGCAATGCATC-1	T	5
GGTACCGCACGATATC-1	T	19
GGTACCGGTAACGGCA-1	T	18
GGTACCGGTAGTACAA-1	T	12
GGTACCGGTATGCTAC-1	T	11
GGTACCGGTCTGGATT-1	T	1
GGTACCGGTCTGGGAA-1	T	14
GGTACCGGTTCTGATG-1	T	7
GGTACCGTCAGTCACA-1	T	5
GGTACCGTCAGTCTTT-1	T	19
GGTACCGTCGACTGGC-1	T	17
GGTACCGTCTATCTAC-1	T	11
GGTACCGTCTCAGATG-1	T	12
GGTAGGAAGGTTCGAG-1	T	12
GGTAGGAAGTAGCAAT-1	T	19
GGTAGGAAGTGATTAG-1	T	14
GGTAGGACAAGTTCGT-1	T	5
GGTAGGACAATGCACT-1	T	1
GGTAGGACACTCAAGT-1	T	6
GGTAGGACACTCGTGG-1	T	2
GGTAGGACAGAAGTGC-1	T	11
GGTAGGACAGTTGCAT-1	T	16
GGTAGGAGTAACATAG-1	T	11
GGTAGGAGTATTCACG-1	T	16
GGTAGGAGTCAGAAGC-1	Myeloid	15
GGTAGGAGTTAACCGT-1	T	12
GGTAGGAGTTCATTTC-1	T	12
GGTAGGAGTTTCTCTA-1	T	8
GGTAGGATCAGTCAAC-1	T	3
GGTAGGATCCAATAGC-1	Myeloid	15
GGTAGGATCCTTGACC-1	T	13
GGTAGGATCGGATCGC-1	T	11
GGTAGGATCGTTGTAG-1	T	19
GGTAGGATCTCGACCT-1	T	5
GGTCATAAGAGCCACA-1	T	11
GGTCATAAGCCATCAT-1	T	4
GGTCATAAGCCTGTAT-1	T	9
GGTCATAAGCGTCTGC-1	T	0
GGTCATAAGCTCCATA-1	T	9
GGTCATAAGTACGACG-1	T	1
GGTCATAAGTCCGGAA-1	T	17
GGTCATAAGTCGTGAG-1	T	13
GGTCATACACCTGAAT-1	T	16
GGTCATACATCCATAG-1	T	10
GGTCATACATCGACCG-1	T	13
GGTCATAGTAACATAG-1	T	10
GGTCATAGTATTCACG-1	T	5
GGTCATAGTGCGCATC-1	T	5
GGTCATAGTTATAGAG-1	Myeloid	15
GGTCATATCCAGAATC-1	T	17
GGTCATATCCCACGGA-1	T	2
GGTCATATCGACCCGA-1	T	19
GGTGAAGAGCCAGAAC-1	T	3
GGTGAAGAGCTAACAA-1	T	16
GGTGAAGAGGGATCCA-1	T	11
GGTGAAGAGGTACATA-1	T	10
GGTGAAGAGGTCTTTG-1	T	8
GGTGAAGAGTGCCCTG-1	T	0
GGTGAAGCAACGGACA-1	T	10
GGTGAAGCAAGTCTGT-1	T	14
GGTGAAGCACAATAAG-1	T	1
GGTGAAGCAGCGTCGT-1	T	5
GGTGAAGCAGGACCTC-1	T	1
GGTGAAGGTTACACTG-1	T	10
GGTGAAGGTTCCTATT-1	T	8
GGTGAAGTCCGTCAAA-1	T	3
GGTGAAGTCTACTTTG-1	T	9
GGTGAAGTCTCTGCAC-1	T	7
GGTGAAGTCTGTTTAC-1	T	5
GGTGCTGAGAGGAACA-1	T	4
GGTGCTGAGAGTGGAA-1	T	2
GGTGCTGAGGGTCCCT-1	T	18
GGTGCTGCAAGCCAGA-1	T	17
GGTGCTGCAATAGCGG-1	T	18
GGTGCTGCATCCCTCA-1	T	8
GGTGCTGCATTACACG-1	T	8
GGTGCTGCATTCACGA-1	T	13
GGTGCTGGTAAGGTCG-1	T	5
GGTGCTGGTACAAATG-1	T	6
GGTGCTGGTGCGCTCA-1	T	0
GGTGCTGTCGGATAGG-1	T	1
GGTGCTGTCGGCTATA-1	T	9
GGTGCTGTCTCATCCG-1	T	17
GGTGTCGAGAGTCCGA-1	T	2
GGTGTCGAGGCAGTGT-1	T	19
GGTGTCGAGGTCCTCG-1	T	4
GGTGTCGAGTACCACT-1	T	16
GGTGTCGAGTTAGCAA-1	T	11
GGTGTCGCAAACCCTA-1	T	1
GGTGTCGCACCTACCT-1	T	17
GGTGTCGCAGGCAGAT-1	T	4
GGTGTCGCAGGTTATC-1	T	6
GGTGTCGGTTGAAGCG-1	T	13
GGTGTCGGTTGTATCG-1	T	16
GGTGTCGTCACGGGTC-1	T	13
GGTGTCGTCCATACGA-1	T	1
GGTGTCGTCGTTGTAG-1	T	7
GGTGTCGTCTTCTTCC-1	T	9
GGTGTCGTCTTGTCAT-1	T	18
GGTTGCGAGAGCCTGA-1	T	10
GGTTGCGAGTACAACA-1	T	9
GGTTGCGCAAGGGTAC-1	T	19
GGTTGCGCACAGATGG-1	T	1
GGTTGCGCACATTCTT-1	T	2
GGTTGCGCAGGTGTGA-1	T	11
GGTTGCGGTACGCCCA-1	T	8
GGTTGCGGTATCTGCA-1	T	1
GGTTGCGGTTCATTTC-1	T	14
GGTTGCGTCAAGAGAT-1	T	6
GGTTGCGTCGAGAAGC-1	T	11
GGTTGCGTCGGATGTT-1	T	4
GGTTGCGTCTTAAGCG-1	T	3
GTAATCGAGGCAGTAC-1	T	8
GTAATCGAGTCCCTCT-1	T	7
GTAATCGAGTTGAATG-1	T	17
GTAATCGCACAAACGG-1	T	11
GTAATCGCACAGATGG-1	T	0
GTAATCGCATCCCGGA-1	T	18
GTAATCGCATGACTGT-1	T	4
GTAATCGCATGGTTTG-1	T	1
GTAATCGGTACGCAAG-1	T	12
GTAATCGGTGCATCAT-1	T	9
GTAATCGGTGCTGTCG-1	T	7
GTAATCGGTGTACGCC-1	T	7
GTAATCGTCAGCGGTC-1	T	1
GTAATCGTCCCATAGA-1	T	2
GTAATCGTCGTTCTAT-1	T	5
GTACTTTAGAAGACTT-1	T	16
GTACTTTAGATACCAA-1	T	6
GTACTTTAGGCTCAGA-1	T	3
GTACTTTCAGCCGAAA-1	T	2
GTACTTTCATATACGC-1	T	13
GTACTTTGTCAGACGA-1	T	0
GTACTTTGTCTGGATT-1	T	19
GTACTTTGTTACGCTA-1	T	2
GTACTTTTCATGCTTT-1	T	9
GTACTTTTCCAGGCCA-1	T	8
GTACTTTTCCGATGCG-1	T	12
GTAGACTAGATGCGAC-1	T	17
GTAGACTAGGTTGTGG-1	T	1
GTAGACTAGTCAACTC-1	T	16
GTAGACTCATTAGCCA-1	T	5
GTAGACTCATTTCTTG-1	T	19
GTAGACTGTAGAACGC-1	T	0
GTAGACTTCGATGCAT-1	T	1
GTAGACTTCGGTCTCT-1	T	16
GTAGACTTCTTACGGA-1	T	1
GTAGGAGAGGGTCCCT-1	T	7
GTAGGAGAGTACTCTG-1	T	5
GTAGGAGCATCGCTAA-1	T	19
GTAGGAGCATTGTGAC-1	T	11
GTAGGAGGTCATGAGG-1	T	7
GTAGGAGGTCGCTACG-1	T	19
GTAGGAGGTGCCCAGT-1	T	16
GTAGGAGGTTAGGAGC-1	T	13
GTAGGAGGTTCTACCC-1	T	7
GTAGGAGTCAGTACAC-1	T	0
GTAGGAGTCATCATGG-1	T	6
GTAGGAGTCCAGGTCG-1	T	1
GTAGGAGTCCTCCAGT-1	T	13
GTAGGAGTCCTGACCT-1	T	5
GTAGGAGTCGTGATAC-1	T	13
GTAGTACAGACGACTG-1	T	17
GTAGTACAGGCAGATC-1	T	13
GTAGTACAGGGACGTT-1	T	5
GTAGTACAGTCGTGAG-1	T	11
GTAGTACCAGCTTACA-1	T	8
GTAGTACCAGGTCTGC-1	T	7
GTAGTACCAGTTCGGC-1	T	8
GTAGTACCATAGCAGG-1	T	9
GTAGTACGTACAACGG-1	T	19
GTAGTACGTACTAGAA-1	T	8
GTAGTACGTAGAACGC-1	T	11
GTAGTACGTCTCGGGT-1	T	17
GTAGTACTCCAAGAGG-1	T	19
GTAGTACTCGAAGCCC-1	T	5
GTAGTACTCGCCACTT-1	T	13
GTAGTACTCGTGAGTT-1	T	8
GTAGTACTCTCCAACC-1	T	13
GTAGTACTCTGAAAGA-1	T	13
GTCACAAAGAGGCGGA-1	T	6
GTCACAAAGATCTCAC-1	T	13
GTCACAAAGCCATGGA-1	T	3
GTCACAAAGCTATCCA-1	T	9
GTCACAACAATCACTG-1	Myeloid	15
GTCACAACATGGTTTG-1	T	14
GTCACAAGTCCCGAGT-1	T	13
GTCACAAGTTTCTACT-1	T	12
GTCACAATCCTTCGAC-1	T	9
GTCACAATCCTTTGCG-1	T	13
GTCACAATCTATCTAC-1	T	14
GTCACAATCTGAGTCA-1	T	14
GTCACCTAGAGAATTC-1	T	1
GTCACCTAGAGAGTAG-1	T	8
GTCACCTAGTGTAATG-1	T	14
GTCACCTCAAATGTCC-1	T	12
GTCACCTCAATGGTCT-1	T	17
GTCACCTCACAAACAA-1	T	0
GTCACCTCATACAACC-1	T	0
GTCACCTGTACGGATG-1	T	0
GTCACCTGTCAATCCA-1	T	7
GTCACCTGTCTGTTGA-1	T	4
GTCACCTGTTAGGAGC-1	T	4
GTCACCTGTTGGCTTA-1	T	10
GTCACCTTCCTCCCAA-1	T	1
GTCACCTTCTCGGCGA-1	T	7
GTCACGGAGAACTCCT-1	T	14
GTCACGGAGACCCTAT-1	T	7
GTCACGGAGATCGCCC-1	T	10
GTCACGGAGCGGACTA-1	T	13
GTCACGGAGCTGATTC-1	T	14
GTCACGGAGTAGTCGG-1	T	1
GTCACGGCATGTAGAA-1	T	11
GTCACGGCATTTGGTG-1	T	17
GTCACGGGTAGGGTCA-1	T	9
GTCACGGGTATGGGTG-1	T	12
GTCACGGGTGGCATAG-1	T	6
GTCACGGTCAAGGCCC-1	T	1
GTCACGGTCTTCACTA-1	T	7
GTCACTCAGAAACGCC-1	T	6
GTCACTCAGAAAGCAG-1	T	9
GTCACTCAGACTTGAA-1	T	19
GTCACTCAGAGGCAGG-1	T	8
GTCACTCAGGCAGTGT-1	T	7
GTCACTCAGTAACTCC-1	T	3
GTCACTCAGTCTCTAG-1	T	16
GTCACTCAGTTGAATG-1	T	17
GTCACTCCAACGGGTA-1	T	8
GTCACTCCAGATTTGC-1	T	14
GTCACTCCATCCCGGA-1	T	12
GTCACTCGTCCAAGTT-1	T	10
GTCACTCTCACTACCC-1	T	0
GTCACTCTCCATTGAG-1	T	2
GTCACTCTCGGGCTCA-1	T	17
GTCACTCTCTAGCAAC-1	T	14
GTCCATCAGAATAGTC-1	T	5
GTCCATCAGACAACGC-1	T	18
GTCCATCAGAGTGGAA-1	T	16
GTCCATCAGCAGAAAG-1	T	9
GTCCATCAGCATGATA-1	T	1
GTCCATCAGCTTCAAC-1	T	0
GTCCATCAGTCCAGAG-1	T	12
GTCCATCAGTGAAGGA-1	T	5
GTCCATCAGTTACCAC-1	T	5
GTCCATCCAATGGTAA-1	T	17
GTCCATCCACGATATC-1	T	2
GTCCATCGTCTCTGCT-1	T	0
GTCCATCGTGTGCTTA-1	T	18
GTCCATCGTTGGAGGT-1	T	0
GTCCATCTCACGTGTA-1	T	7
GTCCATCTCCACACCT-1	T	1
GTCCATCTCCATCGAA-1	T	10
GTCCATCTCTCTGCGT-1	T	0
GTCGTAAAGAGCGAAA-1	T	16
GTCGTAAAGCAGGACT-1	T	6
GTCGTAAAGCGCCTAC-1	T	17
GTCGTAAAGCTTCAAC-1	T	11
GTCGTAACAAGGGTAC-1	T	5
GTCGTAACAGCCACGT-1	T	4
GTCGTAACATCGGCCA-1	T	8
GTCGTAAGTAGAGAGA-1	T	9
GTCGTAAGTAGTATCC-1	T	8
GTCGTAAGTCCCTTTG-1	T	1
GTCGTAAGTGCTTCCT-1	T	2
GTCGTAAGTTCTACGA-1	T	12
GTCGTAAGTTTGTGAC-1	T	1
GTCGTAATCATCGCTC-1	T	13
GTCTACCAGATGAGGA-1	T	11
GTCTACCAGGCAGATC-1	T	4
GTCTACCAGGCAGTGT-1	T	7
GTCTACCAGGTGATGC-1	T	16
GTCTACCAGTACAACA-1	T	0
GTCTACCAGTACAGAT-1	T	18
GTCTACCAGTGAGTGC-1	T	18
GTCTACCCAGATTAAG-1	T	12
GTCTACCCATCATCGA-1	T	18
GTCTACCCATGATCGT-1	T	17
GTCTACCCATGCCCTT-1	T	7
GTCTACCGTAACCGAG-1	Myeloid	15
GTCTACCGTCAGAGTG-1	T	1
GTCTACCGTCGATAGG-1	T	12
GTCTACCGTTTGCCCT-1	T	19
GTGACATAGATCGATA-1	T	0
GTGACATAGCGAGCTA-1	T	19
GTGACATAGGACTAGC-1	T	5
GTGACATAGGATGCCA-1	T	13
GTGACATAGGCTTAAA-1	T	19
GTGACATCAAGTCTGT-1	T	5
GTGACATCACAGTAGG-1	T	4
GTGACATCACTCAAGT-1	T	17
GTGACATGTAATGCAA-1	T	16
GTGACATGTATTGTGC-1	T	10
GTGACATGTCCAAGAG-1	T	2
GTGACATGTGATGCGA-1	T	17
GTGACATGTTCCAGTA-1	T	12
GTGACATTCAAGAGAT-1	T	12
GTGACATTCGCAAACT-1	T	19
GTGATCAAGAGTAAGG-1	T	6
GTGATCAAGCACCATT-1	T	16
GTGATCAAGCACGTAG-1	T	3
GTGATCAAGGTCGGTA-1	T	1
GTGATCACACGATTAC-1	T	3
GTGATCACACTGATAC-1	T	4
GTGATCACAGCAAACG-1	T	12
GTGATCACATTGCCTC-1	T	10
GTGATCAGTAAACCCT-1	T	1
GTGATCAGTATCGCGC-1	T	14
GTGATCAGTGCGTTTA-1	T	1
GTGATCATCACTCCCA-1	T	19
GTGATCATCGTAGCGC-1	T	0
GTGATCATCTGCGTCT-1	T	16
GTGCACGAGACCCATT-1	T	17
GTGCACGAGACGACTG-1	T	18
GTGCACGAGAGCACTG-1	T	7
GTGCACGAGCGAGCTA-1	T	3
GTGCACGAGCTCGTTA-1	T	13
GTGCACGAGTACGACG-1	T	19
GTGCACGAGTACGCGA-1	T	18
GTGCACGCACGCTCAG-1	T	13
GTGCACGGTATATGGA-1	T	1
GTGCACGGTCACAGGA-1	T	5
GTGCACGGTCATTGGT-1	T	2
GTGCACGGTCCGGTAC-1	T	19
GTGCACGGTCGAGGTA-1	T	12
GTGCACGGTGTGTGCC-1	T	4
GTGCACGGTTCTGAAC-1	T	14
GTGCACGTCCAAGAGG-1	T	13
GTGCACGTCTCGTGAA-1	T	9
GTGCACGTCTTAAGCG-1	T	10
GTGCCAGAGTCCTTCC-1	Myeloid	15
GTGCCAGAGTGGTGTG-1	T	12
GTGCCAGCAGCACATT-1	T	10
GTGCCAGCAGTTGCAT-1	T	16
GTGCCAGCATGGGAAC-1	T	2
GTGCCAGGTAGTCCAT-1	T	11
GTGCCAGGTGGATTTC-1	T	5
GTGCCAGGTGTTTCTT-1	T	4
GTGCCAGGTTGGTAAA-1	T	14
GTGCCAGTCCCAATAG-1	T	3
GTGCCAGTCCTGTAGA-1	T	11
GTGCTGGAGAACGACC-1	T	1
GTGCTGGAGCTGCCAC-1	T	7
GTGCTGGCAATTAGGA-1	T	5
GTGCTGGCAGAGATGC-1	T	13
GTGCTGGCATCGAGTT-1	T	16
GTGCTGGCATGACTGT-1	T	7
GTGCTGGCATTAGCAC-1	T	19
GTGCTGGGTAGCGGTA-1	T	18
GTGCTGGGTATACGCT-1	T	19
GTGCTGGGTCATCGTA-1	T	4
GTGCTGGGTGGAAAGA-1	T	13
GTGCTGGTCACTAGCA-1	T	19
GTGCTGGTCTCTGACC-1	T	13
GTGCTGGTCTGAAAGA-1	T	4
GTGCTGGTCTGATCTT-1	T	1
GTGCTGGTCTGCTACC-1	T	8
GTGCTGGTCTTACCTA-1	T	8
GTGCTGGTCTTTGCAT-1	T	8
GTGGATTAGAACTCCT-1	T	0
GTGGATTAGGTCGTTT-1	T	6
GTGGATTCAGATTAAG-1	T	16
GTGGATTCAGGTCCTG-1	T	9
GTGGATTCAGTTCGGC-1	T	11
GTGGATTCATGGGACA-1	T	0
GTGGATTGTAAAGGCC-1	T	8
GTGGATTGTAGAATAC-1	T	16
GTGGATTGTAGGTCTT-1	T	2
GTGGATTGTCTGATTG-1	T	3
GTGGATTGTTCTTTCA-1	T	14
GTGGATTTCCGCGATG-1	T	17
GTGGATTTCTGTCGGG-1	T	12
GTGGATTTCTTTATCG-1	T	7
GTGGCGTAGCAGGAGG-1	T	17
GTGGCGTAGGTTGACG-1	T	19
GTGGCGTCAAAGAAGG-1	T	13
GTGGCGTCACGTTAGT-1	T	19
GTGGCGTCATACCCGG-1	T	13
GTGGCGTCATCGCTAA-1	T	7
GTGGCGTGTAGTACAA-1	T	4
GTGGCGTGTCTGGGCT-1	T	11
GTGGCGTGTGCTGAAG-1	T	0
GTGGCGTTCAGGTTTG-1	T	5
GTGGCGTTCCACACCT-1	T	14
GTGGCGTTCCAGAATC-1	T	2
GTGTCAAAGAACGTTA-1	T	12
GTGTCAAAGCTGAATA-1	T	6
GTGTCAAAGGCATGCA-1	T	14
GTGTCAAAGTGTCACT-1	T	18
GTGTCAACAATGGCAG-1	T	17
GTGTCAACACGACGAA-1	T	0
GTGTCAACAGAAGTGC-1	T	17
GTGTCAAGTACGGTTT-1	T	3
GTGTCAAGTAGTAACA-1	T	5
GTGTCAAGTCCTATTT-1	T	11
GTGTCAAGTCTCTGGG-1	T	1
GTGTCAATCCAGCACG-1	T	17
GTGTCAATCCGCTCTA-1	T	14
GTGTCAATCCTCATTA-1	T	6
GTGTCAATCGTGCTGG-1	T	4
GTGTCAATCTCGTAGA-1	T	0
GTGTCCTAGCTACGCC-1	T	12
GTGTCCTAGTTAGCAA-1	T	11
GTGTCCTCACCTCGTT-1	T	2
GTGTCCTCATGTAGAA-1	T	1
GTGTCCTGTACAAGCG-1	T	5
GTGTCCTGTATCAGCT-1	T	19
GTGTCCTGTCACTCTC-1	T	3
GTGTCCTGTCATCAAC-1	T	16
GTGTCCTGTGCAAAGC-1	T	11
GTGTCCTTCCAATCCC-1	T	12
GTGTCCTTCCCAGCAG-1	T	2
GTGTCCTTCCTGGAAT-1	T	8
GTGTCCTTCGACCCGA-1	T	17
GTGTCCTTCGGGCTCA-1	T	1
GTGTGATAGAAATGGG-1	T	13
GTGTGATAGCACCATT-1	T	12
GTGTGATAGCGCCTAC-1	T	13
GTGTGATAGCGTTAGG-1	T	9
GTGTGATAGTACAGTA-1	T	11
GTGTGATAGTCGTATC-1	Myeloid	15
GTGTGATAGTTCCAGT-1	Myeloid	15
GTGTGATCAAGAAACT-1	T	13
GTGTGATCATCGCCTT-1	Myeloid	15
GTGTGATCATGGTAAA-1	T	13
GTGTGATGTACGGAGT-1	T	13
GTGTGATGTATGAAGT-1	T	12
GTGTGATGTGCACCCA-1	T	19
GTGTGATTCCTCAAGA-1	T	8
GTGTGATTCGATATGC-1	T	19
GTGTGATTCGCCACTT-1	T	17
GTGTGATTCTGTTTAC-1	T	11
GTTACGAAGCAACGGT-1	T	6
GTTACGAAGGATGCCA-1	T	16
GTTACGAAGTGAATAC-1	T	5
GTTACGAAGTGCTAGG-1	T	12
GTTACGACACTCAAGT-1	T	18
GTTACGACAGAGATGC-1	T	6
GTTACGACAGCGTGAA-1	T	10
GTTACGACATGTCCCT-1	T	9
GTTACGACATTTCACT-1	T	17
GTTACGAGTAACCCAT-1	T	0
GTTACGAGTAATGCCT-1	T	8
GTTACGAGTACATGGG-1	T	7
GTTACGAGTCAACAGG-1	T	14
GTTACGAGTCTCTGCT-1	T	7
GTTACGAGTGCGTAGA-1	T	5
GTTACGAGTTGCAGCC-1	T	14
GTTACGATCGCCAGAC-1	T	7
GTTACGATCTCGACAA-1	T	18
GTTACTTAGAATATCG-1	T	18
GTTACTTAGATATGTG-1	T	2
GTTACTTAGATCTCAC-1	T	12
GTTACTTAGATGTTCC-1	T	12
GTTACTTAGCAATAAC-1	T	3
GTTACTTAGGTAGGCT-1	T	14
GTTACTTCAAGGTCGA-1	T	7
GTTACTTCAGTTAAAG-1	T	2
GTTACTTCATTGCCTC-1	T	1
GTTACTTGTCCTTATT-1	T	9
GTTACTTGTGATAACA-1	T	12
GTTACTTTCCATCTAT-1	T	14
GTTATGGAGCGTATCT-1	T	14
GTTATGGAGGCATGCA-1	T	19
GTTATGGAGTCGATAA-1	T	16
GTTATGGCAAGCAATA-1	T	18
GTTATGGCACGCGTTG-1	T	13
GTTATGGCATTTGGTG-1	T	3
GTTATGGGTCAACTGT-1	T	6
GTTATGGGTCTAAGAA-1	T	5
GTTATGGGTGAGCTAG-1	T	16
GTTATGGGTTGGAGGT-1	T	4
GTTATGGTCCAGAGAG-1	T	12
GTTATGGTCCCGAAGC-1	T	1
GTTATGGTCTTACCTA-1	T	4
GTTATTCAGCCGCTGT-1	T	3
GTTATTCAGGAGAACA-1	T	6
GTTATTCAGGCAGATC-1	T	13
GTTATTCAGGGTCCCT-1	T	5
GTTATTCAGTCAACTC-1	T	0
GTTATTCAGTTCTCCC-1	T	16
GTTATTCCAAGGGTAC-1	T	19
GTTATTCCACACACAT-1	T	17
GTTATTCCAGTGCTCG-1	T	13
GTTATTCCATTGTTCT-1	T	6
GTTATTCGTATTCTTC-1	T	2
GTTATTCGTGATAACA-1	T	8
GTTATTCGTGTTGTTG-1	T	7
GTTATTCGTTGGGAAC-1	T	19
GTTATTCTCAAGGCCC-1	T	0
GTTATTCTCGGCAATT-1	T	5
GTTATTCTCGTAGCGC-1	T	7
GTTATTCTCTCGACCT-1	T	1
GTTCAAGAGGCTAAAT-1	T	14
GTTCAAGAGTAATCAG-1	T	16
GTTCAAGAGTTAGAGT-1	T	18
GTTCAAGCAAGAGCGT-1	T	16
GTTCAAGCACAAACGG-1	T	4
GTTCAAGCAGCGCGTT-1	T	17
GTTCAAGCAGGCACAA-1	T	6
GTTCAAGCATTGAACC-1	T	14
GTTCAAGGTCGACTGC-1	T	5
GTTCAAGGTGGACAGT-1	T	5
GTTCAAGTCATTCTTG-1	T	14
GTTCAAGTCGGCAATT-1	T	1
GTTCAAGTCTCCTTGG-1	T	1
GTTGGGCAGGAATGGA-1	T	14
GTTGGGCAGTAACTCC-1	T	16
GTTGGGCCAACAAACA-1	T	2
GTTGGGCCACTGCTCT-1	T	5
GTTGGGCCAGGCTACC-1	T	0
GTTGGGCCAGGTCCTG-1	T	1
GTTGGGCCATCGACCG-1	T	12
GTTGGGCGTATTGTCG-1	T	13
GTTGGGCGTCAGAAAT-1	T	17
GTTGGGCTCACTTACT-1	T	14
GTTGGGCTCGATGAAA-1	T	19
GTTGGGCTCGCCACTT-1	T	11
GTTGGGCTCGCTATAG-1	T	0
GTTGGGCTCGGGTCCA-1	T	10
GTTGGGCTCGGTGATT-1	T	14
GTTGGGCTCGTGGTAT-1	T	16
GTTGGGCTCTATATCC-1	T	1
GTTGGGCTCTCTGTTA-1	T	8
GTTGGTAAGCAACTGG-1	T	14
GTTGGTAAGGATTAAC-1	T	13
GTTGGTAAGTTAGCGG-1	T	5
GTTGGTACAATCATCG-1	T	13
GTTGGTACAGAAAGAG-1	T	5
GTTGGTAGTAAGTGCG-1	T	2
GTTGGTAGTCAGGCTC-1	T	6
GTTGGTAGTCCAAGTT-1	T	7
GTTGGTAGTGATAACA-1	T	2
GTTGGTAGTGCAGACA-1	T	6
GTTGGTATCAAGGCAG-1	T	7
GTTGGTATCAGCGGTC-1	T	2
GTTGGTATCAGTGGTT-1	T	2
GTTGGTATCGATTACG-1	T	4
GTTGGTATCGCGTGAC-1	T	17
TAAACCGAGAGAATTC-1	T	12
TAAACCGAGAGATTAC-1	Myeloid	15
TAAACCGAGTCTGTGT-1	T	17
TAAACCGAGTGTCACT-1	T	13
TAAACCGCAATCCATG-1	T	19
TAAACCGCACCTCGTT-1	T	16
TAAACCGCAGGCATCC-1	Myeloid	15
TAAACCGCATCAGAAA-1	T	5
TAAACCGGTAACGTAA-1	T	8
TAAACCGGTACGTAGG-1	T	5
TAAACCGGTATGGATA-1	T	18
TAAACCGGTATGGTTC-1	T	16
TAAACCGGTGTAGGAC-1	T	2
TAAACCGGTGTCCTTC-1	T	4
TAAACCGGTTTGTCTT-1	T	14
TAAACCGTCACCACAA-1	T	16
TAAACCGTCGGAAAGC-1	T	18
TAAACCGTCTGTAGAC-1	T	0
TAACAGCAGCTGAAAT-1	T	7
TAACAGCAGCTGGAGT-1	T	9
TAACAGCAGGAGTAGA-1	T	8
TAACAGCAGGATTAAC-1	T	5
TAACAGCAGGATTGAT-1	T	2
TAACAGCAGTATAGTG-1	T	11
TAACAGCCAAACGTTC-1	T	5
TAACAGCCACGTGAAG-1	T	1
TAACAGCCAGGCAGAT-1	T	11
TAACAGCCATCCCTCA-1	T	14
TAACAGCCATGATTGC-1	T	7
TAACAGCCATTCTTTG-1	T	3
TAACAGCGTCAGCAAG-1	T	19
TAACAGCGTGCTGTCG-1	T	5
TAACAGCGTTCTTAGG-1	T	10
TAACAGCTCCTATCCG-1	T	12
TAACAGCTCGCGCTGA-1	T	11
TAACGGTAGAACCATA-1	T	9
TAACGGTAGAGCGGTT-1	T	9
TAACGGTAGCCTATAC-1	T	13
TAACGGTAGGAAGAAC-1	T	6
TAACGGTAGGCCTCTG-1	T	19
TAACGGTAGGGCTTCC-1	T	19
TAACGGTAGGTCGTTT-1	T	8
TAACGGTAGGTTGTGG-1	T	16
TAACGGTAGTTGAATG-1	T	8
TAACGGTCAAGGATGC-1	T	1
TAACGGTCACATATCG-1	T	13
TAACGGTCAGATTAAG-1	T	19
TAACGGTCAGGTGTCC-1	T	2
TAACGGTCAGTATACC-1	T	1
TAACGGTGTCATTGGT-1	T	10
TAACGGTGTCCAACCG-1	T	12
TAACGGTGTGGCCTCA-1	T	18
TAACGGTGTTACCCAA-1	T	16
TAACGGTGTTGGAGGT-1	T	5
TAACGGTTCCAAGTCA-1	T	0
TAACGGTTCCTCCATG-1	T	16
TAACGGTTCTTATCAC-1	T	1
TAACTTCAGGGAAATG-1	T	16
TAACTTCAGGTACTCT-1	Myeloid	15
TAACTTCAGTCAACTC-1	T	14
TAACTTCAGTCCCGCA-1	T	3
TAACTTCCAAGTCCTA-1	T	8
TAACTTCGTGCAAGCA-1	T	11
TAACTTCTCAGCGGTC-1	T	3
TAACTTCTCGGTGATT-1	T	14
TAACTTCTCTCTATTG-1	T	18
TAAGCCAAGAGGTGGG-1	T	13
TAAGCCAAGTACCCAT-1	T	4
TAAGCCAAGTCGAGCA-1	T	1
TAAGCCAAGTTCGTTG-1	T	16
TAAGCCAAGTTCTCCC-1	Myeloid	15
TAAGCCACAAGGAAGA-1	T	8
TAAGCCACACGACGAA-1	T	12
TAAGCCACAGGGCTTC-1	T	5
TAAGCCACATCCCTTG-1	T	18
TAAGCCAGTTGGCTTA-1	T	7
TAAGCCAGTTTCGTTT-1	T	14
TAAGCCATCCAGGTAT-1	T	13
TAAGCCATCTCCCTTT-1	T	5
TAAGCCATCTGACTTT-1	Myeloid	15
TAAGCCATCTGCCGAG-1	T	14
TAAGCCATCTTGTGCC-1	T	13
TAAGTGCAGAGAACCC-1	T	10
TAAGTGCAGGAATGGA-1	T	1
TAAGTGCCACAGTTAC-1	T	12
TAAGTGCCACTCGTGG-1	T	10
TAAGTGCGTTCCCTTG-1	T	17
TAAGTGCTCACAAGCT-1	T	12
TAAGTGCTCAGAATGA-1	T	12
TAAGTGCTCTTCCACG-1	T	3
TAATCGGAGAAATACC-1	T	2
TAATCGGAGTTGTCCA-1	T	7
TAATCGGCAGCAGGTA-1	T	1
TAATCGGCATAGATAG-1	T	5
TAATCGGGTAGCAGGT-1	T	6
TAATCGGGTCATTGCA-1	T	0
TAATCGGGTCTGGGCT-1	T	19
TAATCGGGTGATGTGG-1	T	18
TAATCGGGTGCACCCA-1	T	7
TAATCGGGTGCTGAAG-1	T	13
TAATCGGGTGTAGGAC-1	T	11
TAATCGGGTTAGAGAT-1	T	12
TAATCGGGTTTAGGAA-1	T	16
TAATCGGTCCCTAAAG-1	T	6
TAATCGGTCGTATAGC-1	T	0
TAATCGGTCTATCTAC-1	T	1
TAATTCCAGGTGAACC-1	T	17
TAATTCCAGGTTCTCA-1	T	0
TAATTCCAGTGTCACT-1	T	0
TAATTCCAGTTAGAGT-1	T	11
TAATTCCCACAAACAA-1	T	4
TAATTCCCACCGAATT-1	T	1
TAATTCCGTAGAATAC-1	T	3
TAATTCCGTATTCTTC-1	T	12
TAATTCCGTCAACTAC-1	T	13
TAATTCCGTCGTAATC-1	T	7
TAATTCCGTCTAACCA-1	T	14
TAATTCCGTCTGGGCT-1	T	18
TAATTCCGTTAACTCG-1	T	19
TAATTCCGTTTAGACC-1	T	10
TAATTCCTCGTAGCGC-1	T	8
TAATTCCTCTAGTCGA-1	T	14
TAATTCCTCTATATCC-1	T	1
TACAGCAAGCGGACTA-1	T	11
TACAGCAAGCTCCATA-1	T	14
TACAGCAAGTGGGACT-1	T	17
TACAGCACAAATGCTC-1	T	10
TACAGCAGTAACTCCA-1	T	7
TACAGCAGTACTATGC-1	T	14
TACAGCAGTTCGGGAA-1	T	16
TACAGCAGTTTCACCC-1	T	13
TACAGCATCAGGATCT-1	T	10
TACAGCATCTGACTTT-1	T	11
TACAGCATCTGAGTAC-1	T	1
TACATGGAGACAACGC-1	T	8
TACATGGAGAGCTGTG-1	Myeloid	15
TACATGGAGAGGAATG-1	T	5
TACATGGAGCGCCTAC-1	T	14
TACATGGAGGCTAAAT-1	T	12
TACATGGAGTCAGGAC-1	T	2
TACATGGCACGCGCAT-1	T	19
TACATGGCAGTTGGAG-1	T	17
TACATGGGTCCTTATT-1	T	17
TACATGGGTGTCGTCG-1	T	17
TACATGGGTTATAGAG-1	T	7
TACATGGGTTTGCATG-1	T	14
TACATGGTCACATTCT-1	T	14
TACATTCAGGCAAGCT-1	T	6
TACATTCAGTGAAACT-1	T	8
TACATTCCAAACCGAG-1	T	16
TACATTCCAACCTCCT-1	T	4
TACATTCCACAGTTCA-1	T	10
TACATTCCACCGTTGG-1	T	17
TACATTCCACGCTCAG-1	T	14
TACATTCCACTGTCGG-1	T	2
TACATTCCAGCTATAC-1	T	0
TACATTCGTAAACGGC-1	T	4
TACATTCGTATGGATA-1	T	18
TACATTCGTTAACTCG-1	T	2
TACATTCTCCGTGCAG-1	T	10
TACATTCTCGCTATTT-1	T	13
TACCCTGAGAACCCGA-1	T	13
TACCCTGAGCGAGAAA-1	T	14
TACCCTGAGGCTTAAA-1	T	14
TACCCTGAGGTGATGC-1	T	11
TACCCTGAGTCTGGGA-1	T	14
TACCCTGAGTGAGTGC-1	T	19
TACCCTGAGTGCTGAG-1	T	17
TACCCTGCAGTAGTCT-1	T	9
TACCCTGCATATTGGC-1	T	14
TACCCTGCATGGGAAC-1	T	0
TACCCTGCATTCACCC-1	T	9
TACCCTGGTTTGACCA-1	T	14
TACCCTGTCCGTCAAA-1	T	10
TACCCTGTCCTCTCTT-1	T	2
TACCCTGTCGTGGAAG-1	T	14
TACCTATAGACGCCCT-1	T	19
TACCTATAGGCCAGTA-1	T	4
TACCTATAGGTACATA-1	T	6
TACCTATAGTAACTCC-1	T	7
TACCTATAGTGGACGT-1	T	0
TACCTATCAAGCGAAC-1	T	16
TACCTATCAAGGCTTT-1	T	7
TACCTATCACTGGGCT-1	T	14
TACCTATCAGGACTGA-1	T	3
TACCTATCATGGTATC-1	T	5
TACCTATGTATTCTTC-1	T	5
TACCTATGTCAACTGT-1	T	13
TACCTATTCGCAACTA-1	T	2
TACCTCGAGAAGACTT-1	T	18
TACCTCGAGCAAGGTC-1	T	8
TACCTCGCAAGGAGTC-1	T	19
TACCTCGCACAGCCAC-1	T	6
TACCTCGCACGGTGTC-1	T	9
TACCTCGCACTGTCAA-1	T	1
TACCTCGCAGATAAGT-1	T	10
TACCTCGCATTAGCCA-1	T	12
TACCTCGCATTCACGA-1	T	11
TACCTCGGTAACATAG-1	T	1
TACCTCGGTATGCTAC-1	T	4
TACCTCGGTCCAGACC-1	T	16
TACCTCGTCAAAGTAG-1	T	2
TACCTCGTCAGAGTGG-1	T	2
TACCTCGTCCAAGAGG-1	T	13
TACCTCGTCCCGCAAG-1	T	0
TACCTCGTCGATAGTC-1	T	13
TACCTCGTCGTGTGCG-1	T	9
TACCTCGTCTCTGCGT-1	T	13
TACCTCGTCTTTATCG-1	T	13
TACGCAAAGATATGTG-1	T	18
TACGCAAAGCTTCAAC-1	T	14
TACGCAAAGGCTAAAT-1	T	5
TACGCAAAGTAGACCG-1	T	12
TACGCAAAGTCTGCTA-1	T	1
TACGCAAAGTTCCCGG-1	T	6
TACGCAACAACCTCTC-1	T	1
TACGCAACAACTCAAC-1	T	16
TACGCAACAATTGTGC-1	T	3
TACGCAACACATTCTT-1	T	5
TACGCAACACGTTAGT-1	T	16
TACGCAACATGGCCCA-1	T	7
TACGCAAGTCAGAGTG-1	T	13
TACGCAAGTCTGGGAA-1	T	11
TACGCAAGTTCCCGGA-1	T	19
TACGCAAGTTGCCTGG-1	T	8
TACGCAATCCGGACTG-1	T	16
TACGCAATCCTCAAGA-1	T	2
TACGCAATCTAGTCGA-1	T	13
TACGCAATCTCAGATG-1	T	3
TACGCAATCTGGCTAA-1	T	14
TACGCCTAGCACCATT-1	T	3
TACGCCTCAAAGGAAG-1	T	0
TACGCCTCACAGATGG-1	T	7
TACGCCTCAGCAACGA-1	T	19
TACGCCTGTACCTATG-1	T	14
TACGCCTGTCAAACAA-1	T	16
TACGCCTGTCCGAGCT-1	T	13
TACGCCTGTGAGCTAG-1	T	9
TACGCCTGTTATAGAG-1	T	8
TACGCCTGTTGGGAAC-1	T	2
TACGCCTGTTTGCCAA-1	T	14
TACGCCTTCAGAGTGG-1	T	6
TACGCCTTCAGATACC-1	T	1
TACGCCTTCGACGGAA-1	T	0
TACGCCTTCGCTATAG-1	T	13
TACGCCTTCTAAGGTC-1	T	1
TACGCCTTCTACTTTG-1	T	17
TACGGATAGGCAGTGT-1	T	14
TACGGATAGTGTCGGA-1	T	10
TACGGATAGTTATGAG-1	T	5
TACGGATCAAAGAAGG-1	T	11
TACGGATGTCAGCTTA-1	T	13
TACGGATGTCCGTGCA-1	T	16
TACGGATGTGTCGTGC-1	Myeloid	15
TACGGATTCCAGAATC-1	T	14
TACGGATTCCGCTATC-1	T	14
TACGGATTCGCGGCAT-1	T	17
TACGGATTCTAGCTGA-1	T	6
TACGGATTCTATCTAC-1	T	7
TACTAGGAGACTTGAA-1	T	12
TACTAGGAGTAACATG-1	T	11
TACTAGGAGTCGGGAT-1	T	16
TACTAGGCAAGCGAAC-1	T	6
TACTAGGGTGCAACAG-1	T	17
TACTAGGGTGCGTGTC-1	T	9
TACTAGGGTGGCATAG-1	T	2
TACTAGGTCATTCTCA-1	T	5
TACTAGGTCGGGAATG-1	T	3
TACTCGCAGAATACTG-1	T	4
TACTCGCAGGAGAACA-1	T	11
TACTCGCAGGATTGAT-1	T	1
TACTCGCAGTACAGAT-1	T	13
TACTCGCAGTTAGCAA-1	T	7
TACTCGCGTCCGCTTT-1	T	0
TACTCGCTCAGTGTGT-1	T	8
TACTCGCTCCTGGAAT-1	T	7
TACTCGCTCGGAAAGC-1	T	12
TACTGCCAGCTCGTTA-1	T	3
TACTGCCAGTATACGA-1	T	4
TACTGCCAGTTCGCGC-1	T	13
TACTGCCCAAACCTAC-1	T	6
TACTGCCCAAATTGAG-1	T	5
TACTGCCCAACACGGA-1	T	13
TACTGCCCACAGCCAC-1	T	6
TACTGCCCAGGCAGAT-1	T	17
TACTGCCCAGTATACC-1	T	8
TACTGCCCATCACAGT-1	T	13
TACTGCCGTACGTATC-1	T	0
TACTGCCGTCAGTGCC-1	T	11
TACTGCCGTCTAACCA-1	T	7
TACTGCCGTGATAGAT-1	T	1
TACTGCCGTGTAGGAC-1	T	5
TACTGCCGTGTCCAGC-1	T	4
TACTGCCTCATCGCAA-1	T	6
TACTGCCTCCCACGGA-1	T	17
TACTGCCTCCGCTCTA-1	T	4
TACTGCCTCTCCAACC-1	T	5
TAGACTGAGCAAGGTC-1	T	0
TAGACTGAGGCAAGGG-1	T	5
TAGACTGCAGAATGCG-1	T	17
TAGACTGCAGGTAGGT-1	T	12
TAGACTGGTACTATGC-1	T	14
TAGACTGGTGAGGGTT-1	T	10
TAGACTGGTGTCCTTC-1	T	9
TAGACTGGTGTGTGCC-1	T	7
TAGACTGGTTGCCGCA-1	T	9
TAGACTGTCAGGCGCT-1	T	2
TAGACTGTCTCGTAGA-1	T	5
TAGCACAAGCGCACAA-1	T	6
TAGCACAAGGGCTTCC-1	T	11
TAGCACAAGGGTCCCT-1	T	5
TAGCACAAGTGTTCCA-1	T	6
TAGCACACATCCCAAA-1	T	1
TAGCACAGTACGTAGG-1	T	1
TAGCACATCGCAAGCC-1	T	10
TAGCACATCGCCGAAC-1	T	1
TAGCACATCGGATCGC-1	T	1
TAGCACATCTCTTCTC-1	T	4
TAGCATGAGAGAATTC-1	T	18
TAGCATGAGCGAATAT-1	T	12
TAGCATGAGTACGCGA-1	T	10
TAGCATGCAATACTGC-1	T	12
TAGCATGCAGACTAAA-1	T	1
TAGCATGCAGCAATGG-1	T	2
TAGCATGGTACGCAAG-1	T	11
TAGCATGGTCCGTAGC-1	T	19
TAGCATGGTGCACTTA-1	T	19
TAGCATGGTGCGTGTC-1	T	1
TAGCATGGTGTCGTCG-1	T	10
TAGCATGGTTCTGAGT-1	T	11
TAGCATGTCGAGAAGC-1	T	18
TAGCATGTCGCCACTT-1	T	10
TAGCATGTCGGATAGG-1	T	18
TAGCATGTCTAGCTGA-1	T	14
TAGCCCTAGACACTTC-1	T	10
TAGCCCTAGAGAGTAG-1	T	16
TAGCCCTAGAGGCAGG-1	T	4
TAGCCCTAGCAACTGG-1	T	9
TAGCCCTAGCTAGTTC-1	T	16
TAGCCCTAGGATATCA-1	T	10
TAGCCCTAGGTACACG-1	T	10
TAGCCCTAGTGCAACG-1	T	9
TAGCCCTCAAATTGAG-1	T	16
TAGCCCTCAAGTTGCT-1	T	6
TAGCCCTCAATACTGC-1	T	10
TAGCCCTCATGGGTGA-1	T	9
TAGCCCTGTCGAGAAC-1	T	11
TAGCCCTGTTACGCTA-1	T	0
TAGCCCTGTTGGGAAC-1	T	9
TAGCCCTTCAGGCGCT-1	T	19
TAGCCCTTCCAGGCCA-1	T	6
TAGCCCTTCCCGTAGG-1	T	16
TAGCCCTTCGGTTAGT-1	T	9
TAGCCCTTCTCCTTGG-1	T	1
TAGCCGGAGCAGAATT-1	T	1
TAGCCGGAGGCCAATG-1	T	8
TAGCCGGAGGTACATA-1	T	9
TAGCCGGAGTATAGTG-1	T	14
TAGCCGGAGTGAGTGC-1	T	11
TAGCCGGCAACGTAGG-1	T	6
TAGCCGGCAAGAAACT-1	T	3
TAGCCGGCACGTACAT-1	T	5
TAGCCGGCACTCCCAT-1	T	5
TAGCCGGCAGCAACGA-1	T	17
TAGCCGGCATCGGCTG-1	T	7
TAGCCGGCATTCACCC-1	T	18
TAGCCGGGTAAGGTCG-1	T	7
TAGCCGGGTCCAGACC-1	T	1
TAGCCGGGTGCGACCT-1	T	11
TAGCCGGGTGTTAGAA-1	T	11
TAGCCGGTCAAAGTAG-1	T	14
TAGCCGGTCAAGTTGC-1	T	10
TAGCCGGTCCACGAGC-1	T	13
TAGCCGGTCTAGCTGA-1	T	10
TAGCCGGTCTATAGGC-1	T	0
TAGCCGGTCTTGTCAT-1	T	8
TAGCGGCAGAAGAGTG-1	T	0
TAGCGGCAGATTAGAC-1	T	14
TAGCGGCAGCACACCC-1	T	17
TAGCGGCAGCGTCAAG-1	T	9
TAGCGGCAGGTCGTTT-1	T	5
TAGCGGCAGTAACACA-1	T	12
TAGCGGCCAGGATAGC-1	T	9
TAGCGGCGTACGGAGT-1	T	13
TAGCGGCGTCTTAGCA-1	T	1
TAGCGGCGTTCTACGA-1	T	4
TAGCGGCTCCACGGCA-1	T	1
TAGCGGCTCTGAGTAC-1	T	18
TAGCTTTAGACAACGC-1	T	18
TAGCTTTAGATATGTG-1	T	4
TAGCTTTAGGCGACTA-1	T	16
TAGCTTTAGGGCTTCC-1	T	12
TAGCTTTAGTAACATG-1	T	13
TAGCTTTAGTGTCACT-1	T	12
TAGCTTTCAACTACTG-1	T	5
TAGCTTTCACCAAGGA-1	T	6
TAGCTTTCACTCAGCG-1	T	18
TAGCTTTGTCCCGTGA-1	T	19
TAGCTTTGTCTAAAGA-1	T	13
TAGCTTTTCAAGAGGC-1	T	13
TAGCTTTTCTCTGTTA-1	T	17
TAGCTTTTCTGGACAT-1	T	8
TAGGAGGAGCTCGGCT-1	T	13
TAGGAGGAGTAACTCC-1	T	16
TAGGAGGAGTCCGATT-1	T	5
TAGGAGGAGTTACCAC-1	T	14
TAGGAGGCAAGTAACA-1	T	9
TAGGAGGCACGCTAAT-1	T	4
TAGGAGGCATTAAGGA-1	Myeloid	15
TAGGAGGGTAAACGAT-1	T	18
TAGGAGGGTAACGTAA-1	T	7
TAGGAGGGTAGTCCAT-1	T	17
TAGGAGGGTCCACCAG-1	T	8
TAGGAGGGTGAGTCGA-1	T	5
TAGGAGGGTGGATTCT-1	T	13
TAGGAGGTCGGATAAA-1	T	6
TAGGTCAAGCTGCTCG-1	T	13
TAGGTCACAAACTACC-1	T	12
TAGGTCACACAGTTCA-1	T	1
TAGGTCACACCTGGTG-1	T	9
TAGGTCACATTACTTC-1	T	5
TAGGTCACATTAGCCA-1	T	7
TAGGTCAGTGCGTAGA-1	T	16
TAGGTCAGTTACCACA-1	T	5
TAGGTCAGTTCTTAGG-1	T	19
TAGGTCATCTACATCT-1	T	7
TAGGTCATCTGACATG-1	T	10
TAGGTGTAGATTACGA-1	T	5
TAGGTGTAGCGTTGCC-1	T	13
TAGGTGTCAAAGGAAG-1	T	10
TAGGTGTCAAGACTAA-1	T	7
TAGGTGTCAATTGCCA-1	T	0
TAGGTGTCACAATAAG-1	T	18
TAGGTGTCACCTGAAT-1	T	6
TAGGTGTCACTGCTTC-1	T	7
TAGGTGTGTAACATAG-1	T	5
TAGGTGTGTAGGTAAT-1	T	19
TAGGTGTGTGATAAGT-1	T	12
TAGGTGTTCAGGATCT-1	T	12
TAGGTGTTCCTGTGGG-1	T	13
TAGTCCCAGTACAGTA-1	T	10
TAGTCCCAGTACCACT-1	T	14
TAGTCCCAGTCGACCC-1	T	16
TAGTCCCGTAATGCAA-1	T	5
TAGTCCCGTACGTAAA-1	T	9
TAGTCCCGTCAACTGT-1	T	0
TAGTCCCGTCAGCAAG-1	T	9
TAGTCCCGTCGATTAC-1	T	9
TAGTCCCGTCGCGCTA-1	T	5
TAGTCCCGTCTAACCA-1	T	17
TAGTCCCGTTACGCTA-1	T	1
TAGTCCCGTTCCAGTA-1	T	5
TAGTCCCGTTGTGACT-1	T	19
TAGTCCCTCCGTGCGA-1	T	5
TAGTCCCTCCTCAAGA-1	T	14
TAGTCCCTCGATAGTC-1	T	2
TAGTCCCTCGGTCCGA-1	T	11
TAGTCCCTCTCCTTGG-1	T	8
TATCGAGAGACGAAAG-1	T	17
TATCGAGAGAGCACTG-1	T	0
TATCGAGAGAGTTCGG-1	T	7
TATCGAGAGGAAGGTA-1	T	6
TATCGAGAGGGAGTTC-1	T	14
TATCGAGCAACTCCCT-1	Myeloid	15
TATCGAGCAACTGCGC-1	T	0
TATCGAGCAAGTTGCT-1	T	1
TATCGAGCATATAGAG-1	T	7
TATCGAGCATCCCTCA-1	T	0
TATCGAGCATGTAGAA-1	T	9
TATCGAGGTAACCCAT-1	T	0
TATCGAGGTCTGGATT-1	T	1
TATCGAGGTTCAGTTG-1	T	18
TATCGAGTCCGCTCTA-1	T	3
TATCGAGTCGATCTTT-1	T	16
TATCTGTAGGCCTCGT-1	T	6
TATCTGTAGGTCACTT-1	T	5
TATCTGTCAAATTCCG-1	T	17
TATCTGTCAATGCACT-1	T	17
TATCTGTCACCACCAG-1	T	5
TATCTGTGTATTCGCA-1	T	17
TATCTGTGTTCATTTC-1	T	16
TATCTGTGTTTGTGAC-1	T	12
TATCTGTTCAGTCACA-1	T	1
TATCTGTTCCGGCGAT-1	T	2
TATCTGTTCGCGCCAA-1	T	12
TATCTGTTCGCGCTGA-1	T	13
TATCTGTTCTCTGTTA-1	T	7
TATGTGGAGAACCCGA-1	T	18
TATGTGGAGAGGTGGG-1	T	3
TATGTGGAGCGTCAAG-1	T	10
TATGTGGAGGCTGGAT-1	T	19
TATGTGGAGTACGACG-1	T	9
TATGTGGCAAAGACGC-1	T	16
TATGTGGCATCGCTAA-1	T	12
TATGTGGGTCTGGTTA-1	T	14
TATGTGGGTGGATTCT-1	T	9
TATGTGGGTTTCCACC-1	T	3
TATGTGGGTTTGATCG-1	T	7
TATGTGGGTTTGTAGC-1	Myeloid	15
TATGTGGTCACAGGGA-1	T	0
TATGTGGTCAGAATGA-1	T	13
TATGTGGTCATCATGG-1	T	19
TATGTGGTCCAGGTCG-1	T	10
TATGTGGTCGCGTGAC-1	T	10
TATGTGGTCTCCAACC-1	T	19
TATGTTCAGGCGTCCT-1	T	19
TATGTTCAGTACAGAT-1	T	8
TATGTTCAGTCCTTCC-1	T	2
TATGTTCCAAGCCAGA-1	T	10
TATGTTCCAAGTTCGT-1	T	17
TATGTTCCACATCATG-1	T	2
TATGTTCCAGATACAA-1	T	5
TATGTTCCATAGCCGC-1	T	14
TATGTTCCATCCCGGA-1	T	3
TATGTTCCATTAGCAC-1	T	8
TATGTTCGTAACGGCA-1	T	11
TATGTTCGTCCATTGA-1	T	18
TATGTTCGTCCCTAAA-1	T	3
TATGTTCGTGAGGTCA-1	Myeloid	15
TATGTTCGTTGTGAGG-1	T	14
TATGTTCTCAGCACGC-1	T	17
TATGTTCTCGCATAAC-1	T	4
TATGTTCTCGCGGCAT-1	T	19
TATGTTCTCGCTGATA-1	T	17
TATGTTCTCGTCTAGA-1	Myeloid	15
TATGTTCTCTCGACCT-1	T	17
TATTGCTAGAGAATTC-1	T	6
TATTGCTAGCGCCTAC-1	T	17
TATTGCTAGGGAAATG-1	T	17
TATTGCTAGGTCGTTT-1	T	7
TATTGCTAGTTGCTTG-1	T	16
TATTGCTCAAAGAAGG-1	T	7
TATTGCTCACCATTCC-1	T	6
TATTGCTGTATGGGTG-1	T	14
TATTGCTGTCAGAGTG-1	T	0
TATTGCTGTTAACTCG-1	T	1
TATTGCTTCCACGCTT-1	T	12
TATTGCTTCTATCTCA-1	T	16
TATTGCTTCTGACATG-1	T	1
TCAAAGCAGAAGAGTG-1	T	8
TCAAAGCAGATAGGTT-1	T	13
TCAAAGCAGATGAGGA-1	T	19
TCAAAGCAGGATGTCG-1	T	6
TCAAAGCAGTGCCCTG-1	T	10
TCAAAGCCAACAAACA-1	T	12
TCAAAGCCACCAAGGA-1	T	16
TCAAAGCGTCTGGTTA-1	T	16
TCAAAGCGTGCATTGT-1	T	1
TCAAAGCGTTTCTTAC-1	T	12
TCAAAGCTCTGCTACC-1	T	4
TCAAAGCTCTGTTGCC-1	T	12
TCAAAGCTCTTACGGA-1	T	10
TCAAGACAGAAATGGG-1	Myeloid	15
TCAAGACAGATCCGAG-1	T	0
TCAAGACAGCCTGGTC-1	T	5
TCAAGACAGTTGACAA-1	T	2
TCAAGACCAACCTCCT-1	T	3
TCAAGACCACGCTAAT-1	T	5
TCAAGACCAGCAATGG-1	Myeloid	15
TCAAGACCATTAGCAC-1	T	18
TCAAGACGTAACAATG-1	T	1
TCAAGACGTAGAATAC-1	T	10
TCAAGACGTAGCCATT-1	T	11
TCAAGACGTGCTGTGC-1	T	16
TCAAGACGTTTCAGCA-1	T	7
TCAAGACTCGCTGATA-1	T	3
TCAAGACTCGGTGATT-1	T	11
TCAAGCAAGAGGAAGT-1	T	19
TCAAGCAAGATATGAC-1	T	11
TCAAGCAAGGCGACTA-1	T	6
TCAAGCAAGGTCCTCG-1	T	7
TCAAGCACACGCCGAT-1	T	5
TCAAGCACAGTATACC-1	T	14
TCAAGCATCAGGTCTA-1	T	13
TCAAGCATCATCATGG-1	T	13
TCAAGCATCCAGGTAT-1	T	11
TCAAGCATCCATCGAA-1	T	11
TCAAGCATCCCGATTC-1	T	4
TCAAGCATCGATGCAT-1	T	4
TCAAGGTAGACACAAT-1	T	2
TCAAGGTAGAGAATTC-1	T	9
TCAAGGTCAAGACTAA-1	T	13
TCAAGGTCACTTGCGG-1	T	1
TCAAGGTGTACCAAGG-1	T	9
TCAAGGTGTAGACGCA-1	Myeloid	15
TCAAGGTGTAGTGATA-1	T	1
TCAAGGTGTATGAAGT-1	T	19
TCAAGGTGTATTCGCA-1	T	13
TCAAGGTGTCAACTGT-1	T	19
TCAAGGTGTTTCGTTT-1	T	7
TCAAGGTTCCGCTCTA-1	T	16
TCAAGGTTCGATCTTT-1	T	9
TCAAGGTTCGCCCTTA-1	T	10
TCAAGGTTCTTGTCAT-1	T	0
TCAATTCAGAATATCG-1	T	13
TCAATTCAGACACAAT-1	T	16
TCAATTCAGGATTGCG-1	T	13
TCAATTCAGGGAAATG-1	T	4
TCAATTCAGGGTTCTT-1	T	4
TCAATTCAGGTTCTCA-1	T	13
TCAATTCCAGTAGTCT-1	T	11
TCAATTCCATGCGACC-1	T	8
TCAATTCGTACAAGCG-1	T	0
TCAATTCGTTCTTATC-1	T	6
TCAATTCGTTTCTCTA-1	T	14
TCAATTCTCCTATCCG-1	T	14
TCAATTCTCGCGATGC-1	T	1
TCAATTCTCGCGCCAA-1	T	17
TCACAAGAGAGGCAGG-1	T	11
TCACAAGAGTACCCAT-1	T	0
TCACAAGAGTTCCAGT-1	T	19
TCACAAGCAACTGCGC-1	T	4
TCACAAGCACAAACGG-1	T	1
TCACAAGCACCCTTTG-1	T	14
TCACAAGCACTCGCAG-1	T	17
TCACAAGCAGAGTCGA-1	T	4
TCACAAGCAGGCAAGT-1	T	12
TCACAAGGTGAATGGC-1	T	0
TCACAAGGTGGACCAA-1	T	16
TCACAAGTCAGTGGTT-1	T	4
TCACAAGTCCAATCCC-1	T	10
TCACAAGTCTCCCTTT-1	T	2
TCACAGAAGAAGCCGT-1	T	14
TCACAGAAGGGAGATA-1	T	19
TCACAGAAGGGATCCA-1	T	5
TCACAGACAACGGACA-1	T	13
TCACAGACAATTCAGC-1	T	1
TCACAGACAATTGTGC-1	T	1
TCACAGACACATATCG-1	T	0
TCACAGAGTACGTATC-1	T	6
TCACAGAGTCTGGGCT-1	T	17
TCACAGATCGATCGCG-1	T	17
TCACAGATCGCGTTCT-1	T	1
TCACCACAGAGGAAGT-1	T	6
TCACCACAGCGATACG-1	T	17
TCACCACAGGATTGAT-1	T	17
TCACCACAGGTTGACG-1	T	8
TCACCACAGTAGGAAG-1	Myeloid	15
TCACCACAGTCCGATT-1	Myeloid	15
TCACCACAGTGAACCG-1	T	16
TCACCACCAGTATACC-1	T	18
TCACCACCATGGGACA-1	T	19
TCACCACGTACCGGCT-1	T	14
TCACCACGTACGCCCA-1	T	14
TCACCACGTACTTGAC-1	T	4
TCACCACGTCTCTAAG-1	T	13
TCACCACGTCTGATTG-1	T	4
TCACCACTCCAGAATC-1	T	18
TCACCACTCGAACACT-1	T	7
TCACCACTCGTGGTAT-1	T	17
TCACCACTCTACTTTG-1	T	0
TCACCACTCTATCTCA-1	T	16
TCACCACTCTTGTCAT-1	T	12
TCACCTGAGCTATCCA-1	T	3
TCACCTGAGGATTGCG-1	T	7
TCACCTGAGGCGATTG-1	T	12
TCACCTGAGTGCCCTG-1	T	2
TCACCTGCAACTAGAA-1	T	2
TCACCTGGTGGTCGAA-1	T	6
TCACCTGGTGTAGGAC-1	T	14
TCACCTGGTTCTGATG-1	T	16
TCACCTGGTTTCTTAC-1	T	5
TCACCTGTCCGAATTG-1	T	4
TCACCTGTCCGTGCAG-1	T	0
TCACCTGTCTCTGCAC-1	T	3
TCACTCGAGACCGCAA-1	T	14
TCACTCGAGCGTTAGG-1	T	4
TCACTCGAGCTCCATA-1	T	14
TCACTCGAGGCCTCTG-1	T	12
TCACTCGAGTAACATG-1	T	1
TCACTCGAGTTATGAG-1	T	10
TCACTCGCACCACAGC-1	T	0
TCACTCGCATCGTACA-1	T	16
TCACTCGGTAAACGAT-1	T	8
TCACTCGGTAACAATG-1	T	13
TCACTCGGTAAGTGCG-1	T	10
TCACTCGGTAGACACG-1	T	17
TCACTCGGTAGTACAA-1	T	9
TCACTCGGTCTGGGCT-1	T	0
TCACTCGGTGGCCTTG-1	T	9
TCACTCGGTTCCGCGA-1	T	14
TCACTCGTCCAAGAGG-1	T	9
TCACTCGTCGATGAAA-1	T	17
TCACTCGTCTCTGACC-1	T	19
TCACTCGTCTGTTGCC-1	T	7
TCAGCTCAGAATCAGT-1	T	5
TCAGCTCAGACCCTAT-1	T	18
TCAGCTCAGCGTATCT-1	T	1
TCAGCTCAGGATTTGA-1	T	0
TCAGCTCAGGCAGTAC-1	T	13
TCAGCTCAGGGTCCCT-1	T	18
TCAGCTCAGTGTCGCC-1	T	10
TCAGCTCCACCACAGC-1	T	17
TCAGCTCCACGCGATC-1	T	16
TCAGCTCCACTACACA-1	T	4
TCAGCTCCAGCAGGTA-1	T	4
TCAGCTCCAGGTGGTA-1	T	19
TCAGCTCCATTCACGA-1	T	1
TCAGCTCGTAACGTAA-1	T	14
TCAGCTCGTATGCTAC-1	T	2
TCAGCTCGTCGCTAGC-1	T	11
TCAGCTCGTGCTGTCG-1	T	7
TCAGCTCTCAAGAGGC-1	T	0
TCAGCTCTCCACGAGC-1	T	11
TCAGCTCTCCTTACGC-1	T	9
TCAGCTCTCGCACCGA-1	T	13
TCAGCTCTCTTGTCAT-1	T	17
TCAGGGCAGTGATTAG-1	T	3
TCAGGGCGTACAAGCG-1	T	9
TCAGGGCGTAGTATCC-1	T	1
TCAGGGCGTATTCACG-1	T	19
TCAGGGCGTCCGCTTT-1	T	12
TCAGGGCGTCTGCGCA-1	T	2
TCAGGGCGTTAACTCG-1	T	16
TCAGGGCGTTTAGGAA-1	T	10
TCAGGGCTCATAGGTC-1	T	13
TCAGGGCTCCATCATT-1	T	1
TCAGGGCTCCTCCATG-1	T	9
TCAGGGCTCCTGACCT-1	T	18
TCAGGGCTCGGTGATT-1	T	10
TCAGGTAAGAAATCTG-1	T	6
TCAGGTAAGCGGACTA-1	T	6
TCAGGTAAGGATGTAT-1	T	7
TCAGGTAAGGGAGTTC-1	T	17
TCAGGTAAGGGCATTG-1	T	11
TCAGGTACAACAAACA-1	T	0
TCAGGTACAACGCACC-1	T	9
TCAGGTACAATAGTGA-1	T	13
TCAGGTACACAGCTTA-1	T	11
TCAGGTACACTCGCAG-1	T	6
TCAGGTACATTGTGAC-1	T	6
TCAGGTAGTACAACGG-1	T	9
TCAGGTAGTCACAGTT-1	T	6
TCAGGTAGTGCAAGAC-1	T	0
TCAGGTAGTGCTGTCG-1	T	1
TCAGTCCAGACTTCCA-1	T	19
TCAGTCCAGCGTCTGC-1	T	17
TCAGTCCAGGAAGGTA-1	T	9
TCAGTCCAGTTAGCGG-1	T	14
TCAGTCCCAAATTCCG-1	T	13
TCAGTCCGTAACCGAG-1	T	19
TCAGTCCGTATTCGCA-1	T	13
TCAGTCCGTCCCGTGA-1	T	18
TCAGTCCGTGTAGGAC-1	T	18
TCAGTCCGTGTCTACA-1	T	0
TCAGTCCGTTCTGAGT-1	T	9
TCAGTCCGTTGCTTGA-1	T	2
TCAGTCCTCCAGAATC-1	T	11
TCAGTCCTCCCTACGT-1	T	10
TCAGTCCTCGCGCTGA-1	T	9
TCAGTCCTCTTGTACT-1	T	7
TCAGTTTAGACACAAT-1	T	7
TCAGTTTAGCGCACAA-1	T	11
TCAGTTTAGCTGATTC-1	T	12
TCAGTTTCACAAGGGT-1	T	17
TCAGTTTCAGACCTGC-1	T	13
TCAGTTTCATGGTTTG-1	T	14
TCAGTTTGTACGTAGG-1	T	9
TCAGTTTGTATGGTTC-1	T	3
TCAGTTTGTCATAGCT-1	T	16
TCAGTTTTCAAGGCAG-1	T	1
TCAGTTTTCGAGGCTC-1	T	16
TCAGTTTTCGAGGTCC-1	T	10
TCAGTTTTCTTAATCC-1	T	14
TCCAGAAAGACTTCCA-1	T	1
TCCAGAAAGAGCGGTT-1	T	4
TCCAGAAAGCGCCTAC-1	T	11
TCCAGAAAGGCTTAAA-1	T	5
TCCAGAACAAGGTTCT-1	T	0
TCCAGAACAGTAACCT-1	T	5
TCCAGAACATCCATAG-1	T	14
TCCAGAACATGGTTTG-1	T	4
TCCAGAAGTAGAATAC-1	T	13
TCCAGAAGTGAATCGG-1	T	10
TCCAGAATCACTACCC-1	T	13
TCCAGAATCCTAGAGT-1	T	9
TCCAGAATCTGACATG-1	T	3
TCCAGAATCTTCCACG-1	T	8
TCCATCGAGTGAGTGC-1	T	9
TCCATCGCACATAAAG-1	T	6
TCCATCGCACCATTCC-1	T	18
TCCATCGCATTAACGC-1	T	17
TCCATCGGTACCGGCT-1	T	13
TCCATCGGTACCTATG-1	T	13
TCCATCGGTCCGTAGC-1	T	2
TCCATCGGTCGTAGTT-1	T	19
TCCATCGGTTTGCCCT-1	T	16
TCCATCGTCAGAATGA-1	T	11
TCCATCGTCATTCATC-1	T	19
TCCATCGTCCAGTTAG-1	T	3
TCCATCGTCGGAAAGC-1	T	19
TCCCACAAGAGTGGTC-1	T	0
TCCCACAAGATATGTG-1	T	14
TCCCACAAGGCAAGGG-1	T	8
TCCCACAAGGGTATCG-1	T	2
TCCCACACAAATTGAG-1	T	16
TCCCACACAACCTCCT-1	T	18
TCCCACACACACACAT-1	T	6
TCCCACACACGCCGAT-1	T	9
TCCCACACACTCCCAT-1	Myeloid	15
TCCCACACATCCCGGA-1	T	5
TCCCACAGTAGCCATT-1	T	17
TCCCACAGTTTGACCA-1	T	1
TCCCACATCCATCATT-1	T	19
TCCGACTAGCGTTAGG-1	T	13
TCCGACTAGTCTGCTA-1	Myeloid	15
TCCGACTAGTGAAACT-1	T	19
TCCGACTAGTGAATAC-1	T	1
TCCGACTAGTTTGGAA-1	T	18
TCCGACTCAAACGTTC-1	T	14
TCCGACTCAAGGGAGG-1	T	7
TCCGACTCACCGTTGG-1	T	12
TCCGACTCAGGTCCTG-1	T	16
TCCGACTGTAGCAGCA-1	T	4
TCCGACTGTTCTGATG-1	T	6
TCCGACTGTTTGCGAT-1	T	16
TCCGACTTCCATGACA-1	T	1
TCCGACTTCCGTGCAG-1	T	7
TCCGACTTCCTCATTA-1	T	5
TCCGACTTCGACTCGG-1	T	1
TCCGACTTCGATCTTT-1	T	7
TCCGACTTCGGTTCCT-1	T	9
TCCGACTTCGTGGAAG-1	T	6
TCCGACTTCTGAGTCA-1	T	5
TCGAGCGAGAGCACTG-1	T	12
TCGAGCGAGAGCTCCC-1	T	3
TCGAGCGAGCGCATTT-1	T	8
TCGAGCGCAAAGGAAG-1	T	18
TCGAGCGCATGCGCTG-1	T	16
TCGAGCGCATGGTAAA-1	T	5
TCGAGCGGTAATGCCT-1	T	18
TCGAGCGGTACGGAGT-1	T	5
TCGAGCGGTCATAGAA-1	T	7
TCGAGCGGTTCCGGCA-1	T	14
TCGAGCGGTTTAGACC-1	T	3
TCGAGCGTCCAGAGAG-1	T	12
TCGAGCGTCGGTGATT-1	T	19
TCGATTTAGAACGTTA-1	T	6
TCGATTTAGAGCCTGA-1	T	12
TCGATTTAGATCGATA-1	T	1
TCGATTTCACGCGTTG-1	T	3
TCGATTTGTACGAGAC-1	T	17
TCGATTTGTGAAACAT-1	T	11
TCGATTTGTGCCAAGA-1	T	11
TCGATTTTCCGCTATC-1	T	9
TCGCAGGAGAGAGGTA-1	T	17
TCGCAGGAGTGTGTAA-1	T	11
TCGCAGGCAAGGAACC-1	T	5
TCGCAGGCAATGGCAG-1	T	12
TCGCAGGCACACATTG-1	T	3
TCGCAGGCACGGTTAT-1	T	19
TCGCAGGCAGGATGTG-1	T	3
TCGCAGGCATATACGC-1	T	0
TCGCAGGCATCAGAAA-1	T	7
TCGCAGGGTGACCAGA-1	T	7
TCGCAGGGTGCGTTTA-1	T	5
TCGCAGGGTGGACAGT-1	T	9
TCGCAGGGTGTCCTTC-1	T	9
TCGCAGGTCAGCACTA-1	T	9
TCGCAGGTCATACTTC-1	T	11
TCGCAGGTCCCTACCA-1	T	5
TCGCAGGTCCGGGCAT-1	T	12
TCGCAGGTCGACTGGC-1	T	9
TCGCAGGTCTCCTTGG-1	T	9
TCGCCTAAGATACCAA-1	Myeloid	15
TCGCCTAAGATGGGTC-1	T	1
TCGCCTAAGCTAGTTC-1	T	18
TCGCCTAAGGGATCCA-1	T	13
TCGCCTACAAAGCATA-1	T	16
TCGCCTACAACTAGAA-1	T	1
TCGCCTACACCCTTTG-1	T	16
TCGCCTACAGACTAAA-1	T	13
TCGCCTAGTAGGTGAC-1	T	12
TCGCCTAGTCAGCTTA-1	T	9
TCGCCTAGTGTTGTTG-1	T	8
TCGCCTATCCTCCAGT-1	T	8
TCGCCTATCGTCAACA-1	T	0
TCGCCTATCTTCACTA-1	T	1
TCGGGACAGATTGACA-1	Myeloid	15
TCGGGACAGGAACCGT-1	T	6
TCGGGACAGTGAGCAC-1	T	6
TCGGGACCAGGACCTC-1	T	1
TCGGGACCAGGTAGCA-1	T	19
TCGGGACCATAGCCAT-1	T	5
TCGGGACGTACGGAGT-1	T	2
TCGGGACGTGAATGTA-1	T	19
TCGGGACTCGATGCAT-1	T	14
TCGGGACTCGGTAGGA-1	T	14
TCGGGACTCTCCAACC-1	T	13
TCGTTCGAGAATCAGT-1	T	10
TCGTTCGAGGGCTCTC-1	T	2
TCGTTCGAGTATCTGC-1	T	18
TCGTTCGCAAATGCTC-1	T	9
TCGTTCGCAACCTCTC-1	T	0
TCGTTCGCAACTCCCT-1	T	19
TCGTTCGCAGTGGTCC-1	T	19
TCGTTCGCATCAACTG-1	T	1
TCGTTCGCATTACACG-1	T	12
TCGTTCGGTACATGGG-1	T	18
TCGTTCGGTGGATTCT-1	T	12
TCGTTCGTCACTTACT-1	T	18
TCGTTCGTCCCGTATC-1	T	19
TCGTTCGTCCTCCCAA-1	T	11
TCGTTCGTCGAGCGCT-1	T	1
TCGTTCGTCGCCGAAC-1	T	3
TCGTTCGTCGTCGCAG-1	T	17
TCGTTCGTCGTCTTAT-1	T	10
TCGTTCGTCGTTGTAG-1	T	19
TCGTTCGTCTCGGCGA-1	T	13
TCTAGTTAGCGCAATG-1	T	19
TCTAGTTCACCACCAG-1	T	6
TCTAGTTCAGCTATAC-1	T	7
TCTAGTTGTAGGTAAT-1	T	1
TCTAGTTGTCAGTGCC-1	Myeloid	15
TCTAGTTGTCGCTAGC-1	T	2
TCTAGTTGTGCTGTGC-1	T	14
TCTAGTTGTTACCCAA-1	T	7
TCTAGTTGTTATAGAG-1	T	9
TCTAGTTTCAGTCACA-1	T	4
TCTAGTTTCCATGTTT-1	T	13
TCTAGTTTCGCTCTAC-1	T	19
TCTATTGAGAACAGGA-1	T	6
TCTATTGAGAGAGGTA-1	T	12
TCTATTGAGCTCCGGT-1	T	4
TCTATTGAGGAGAACA-1	T	1
TCTATTGAGTGCTGAG-1	T	5
TCTATTGCACATTGCA-1	T	17
TCTATTGCAGTAAGCG-1	T	9
TCTATTGCATCGTGAT-1	T	5
TCTATTGGTGCATTGT-1	T	7
TCTATTGTCGCGCTGA-1	T	3
TCTATTGTCGCTATAG-1	T	2
TCTATTGTCTGTTGCC-1	T	7
TCTCAGCAGTCGCCTG-1	T	11
TCTCAGCCACTCGCAG-1	T	12
TCTCAGCCAGCGTAGA-1	T	3
TCTCAGCCAGTAACGG-1	T	7
TCTCAGCGTCCTCAGG-1	T	14
TCTCAGCGTTGTGACT-1	T	10
TCTCAGCTCAGGAAGC-1	T	11
TCTCAGCTCAGGTCTA-1	T	1
TCTCAGCTCATCGCCT-1	T	12
TCTCAGCTCCCGCAAG-1	T	12
TCTCAGCTCCCTACGT-1	T	13
TCTCAGCTCGGTTGTA-1	T	2
TCTCAGCTCTGTTTAC-1	T	1
TCTCTGGAGAGTGGAA-1	T	1
TCTCTGGAGCTACGTT-1	T	7
TCTCTGGAGCTCGGCT-1	T	14
TCTCTGGAGGCTAAAT-1	T	10
TCTCTGGAGTTCAACC-1	T	8
TCTCTGGAGTTGAATG-1	T	2
TCTCTGGCAAACCCTA-1	T	7
TCTCTGGCACATTGCA-1	T	14
TCTCTGGCACGGTTAT-1	T	16
TCTCTGGCAGGTGTGA-1	T	7
TCTCTGGCATGGGTGA-1	T	11
TCTCTGGGTCCAGACC-1	T	0
TCTCTGGGTGTGTGTT-1	T	18
TCTCTGGGTTCTTAGG-1	T	1
TCTCTGGTCACTCGGG-1	T	16
TCTCTGGTCAGCACGC-1	T	9
TCTCTGGTCAGGGTTT-1	T	0
TCTCTGGTCGCTGATA-1	T	19
TCTCTGGTCTAGCTGA-1	T	5
TCTCTGGTCTGAGTAC-1	T	12
TGAATCGAGCGTGTTT-1	T	7
TGAATCGAGGAGTAGA-1	T	12
TGAATCGAGGGTTCCC-1	T	11
TGAATCGCAATCCATG-1	T	1
TGAATCGCACAGGTAG-1	T	11
TGAATCGCAGCTATAC-1	T	5
TGAATCGCATACTGCA-1	T	6
TGAATCGCATAGCCGC-1	T	17
TGAATCGGTAACGGCA-1	T	5
TGAATCGGTTCTTATC-1	T	18
TGAATCGTCCAGGTAT-1	T	12
TGAATCGTCCATGACA-1	T	2
TGAATCGTCGCCGAAC-1	T	18
TGAATCGTCTCGCGTT-1	T	19
TGAATCGTCTTACGGA-1	T	14
TGACAACAGAAGCCTG-1	T	10
TGACAACAGAGCTGTG-1	T	11
TGACAACAGGAGTAGA-1	T	7
TGACAACCAAGTTGCT-1	T	1
TGACAACCAGCGTGAA-1	T	12
TGACAACCAGGTGGTA-1	T	2
TGACAACCATCCCAAA-1	T	19
TGACAACCATGATTGC-1	T	12
TGACAACGTAACGTAA-1	T	10
TGACAACGTACGAGAC-1	T	8
TGACAACGTATCCCTC-1	T	8
TGACAACGTCATGAGG-1	T	17
TGACAACGTGGAAAGA-1	T	10
TGACAACGTTCTGAAC-1	T	9
TGACAACGTTTCGTTT-1	T	2
TGACAACTCCTAGAGT-1	T	5
TGACAACTCGCAAGCC-1	T	16
TGACAACTCGGACGAA-1	T	17
TGACAACTCTGGCCAG-1	T	12
TGACAACTCTTTCGAT-1	T	4
TGACTCCCAACGTACT-1	T	13
TGACTCCCACCGTCTT-1	T	13
TGACTCCCAGATTAAG-1	T	14
TGACTCCCAGGAGCAT-1	T	9
TGACTCCCAGGATGTG-1	T	13
TGACTCCCAGTTACAC-1	T	10
TGACTCCGTCACTCTC-1	T	18
TGACTCCGTCATGAGG-1	T	17
TGACTCCGTCCCGAGT-1	T	16
TGACTCCGTCGACTGC-1	T	2
TGACTCCGTCTCTGGG-1	T	19
TGACTCCGTGAGGGTT-1	T	8
TGACTCCGTGGACGAT-1	T	19
TGACTCCTCAAGAGAT-1	T	12
TGACTCCTCCATAGGT-1	T	14
TGACTCCTCCTTTGCG-1	T	11
TGACTCCTCGACCCGA-1	T	6
TGACTCCTCGGTAGGA-1	T	19
TGAGCCGAGACCAATA-1	T	13
TGAGCCGAGAGGTGGG-1	T	11
TGAGCCGAGGTTCGTT-1	T	7
TGAGCCGCAACGGGTA-1	T	1
TGAGCCGCAATGGTCT-1	T	1
TGAGCCGCATTAACGC-1	T	13
TGAGCCGGTCACCCGA-1	T	17
TGAGCCGGTGAATGTA-1	T	8
TGAGCCGGTGTCGTCG-1	T	0
TGAGCCGGTTCCAGTA-1	T	3
TGAGCCGTCAATGCAC-1	T	1
TGAGCCGTCACTCCCA-1	T	5
TGAGCCGTCGAACACT-1	T	2
TGAGCCGTCGTCTAGA-1	T	5
TGAGTCAAGGTTACAA-1	T	5
TGAGTCAAGTCTAGAA-1	T	6
TGAGTCAAGTCTGTGT-1	T	13
TGAGTCAAGTGAGTGC-1	T	11
TGAGTCAGTAGTGATA-1	T	6
TGAGTCAGTATCTCAG-1	T	17
TGAGTCAGTGATTCCA-1	T	4
TGAGTCAGTGCTGGCT-1	T	17
TGAGTCAGTGGCGCTT-1	T	13
TGAGTCAGTTCTACGA-1	T	6
TGAGTCATCCACGGCA-1	T	5
TGAGTCATCCGTTAGA-1	T	8
TGAGTCATCGTTCAGA-1	T	7
TGAGTCATCTTAACGG-1	T	14
TGATCAGAGAACCCGA-1	T	6
TGATCAGAGAGCACTG-1	T	16
TGATCAGCAAGCAACG-1	T	0
TGATCAGCACAAGGGT-1	T	16
TGATCAGCATAGTCCA-1	T	18
TGATCAGGTTACCACA-1	T	14
TGATCAGGTTCCCAAA-1	T	17
TGATCAGTCGCACAAT-1	T	17
TGATCAGTCTATCTCA-1	T	13
TGATCAGTCTCCTTAA-1	T	8
TGATCAGTCTTGTGCC-1	T	2
TGATGCAAGCGTCTGC-1	T	9
TGATGCAAGGATGTCG-1	T	10
TGATGCAAGTGCTAGG-1	T	7
TGATGCACAACTCGAT-1	T	17
TGATGCACATGCGACC-1	T	3
TGATGCACATTAAGGA-1	T	11
TGATGCACATTGTTCT-1	T	2
TGATGCAGTAACGTAA-1	T	9
TGATGCAGTACATGGG-1	T	16
TGATGCAGTAGAAGCC-1	T	14
TGATGCAGTAGACACG-1	T	6
TGATGCAGTATTGTGC-1	T	9
TGATGCAGTGAGGTCA-1	T	16
TGATGCAGTGGTGGTA-1	T	13
TGATGCATCACGTGTA-1	T	13
TGATGCATCGTGTGCG-1	T	4
TGATTTCAGACACGGT-1	T	9
TGATTTCAGAGGAAGT-1	T	2
TGATTTCAGAGTGGAA-1	T	17
TGATTTCAGGTGATGC-1	T	13
TGATTTCAGGTTAACA-1	T	8
TGATTTCCAAGTTCGT-1	T	18
TGATTTCCACAGATGG-1	T	7
TGATTTCCACTTTGGA-1	T	7
TGATTTCCATCCATAG-1	T	10
TGATTTCCATTGCACA-1	T	11
TGATTTCGTCCAGACC-1	T	10
TGATTTCTCACGATTG-1	T	13
TGATTTCTCCAGGTAT-1	T	18
TGATTTCTCGCTTCAC-1	T	5
TGATTTCTCGTTACAG-1	T	5
TGATTTCTCGTTCCGT-1	T	6
TGATTTCTCTTGCGCT-1	T	12
TGCACCTAGACCATAA-1	T	9
TGCACCTAGAGAGTAG-1	T	7
TGCACCTAGAGGCCTA-1	T	10
TGCACCTAGTAACATG-1	T	1
TGCACCTAGTCCCTCT-1	T	3
TGCACCTAGTGAGTGC-1	T	1
TGCACCTCAAATAGTG-1	T	13
TGCACCTCATCATCGA-1	T	14
TGCACCTCATTAACGC-1	T	7
TGCACCTGTACGAGAC-1	T	19
TGCACCTGTCATAGAA-1	T	13
TGCACCTGTGACAAGC-1	T	19
TGCACCTTCACAGGGA-1	T	12
TGCACCTTCATAGGTC-1	T	1
TGCACCTTCCAGAATC-1	T	14
TGCACCTTCCCGATTC-1	T	10
TGCATGAAGAGGTGGG-1	T	13
TGCATGAAGATGCGAC-1	T	13
TGCATGAAGGTTACAA-1	T	17
TGCATGACACGTTAGT-1	T	14
TGCATGACAGTGCGAA-1	T	6
TGCATGAGTCAGACGA-1	T	4
TGCATGAGTGTGTGCC-1	T	5
TGCATGAGTTAGCTCA-1	T	16
TGCATGAGTTCAGAAA-1	T	13
TGCATGAGTTGCAGCC-1	T	2
TGCATGAGTTTCTACT-1	T	14
TGCATGATCACGTGTA-1	T	18
TGCATGATCCACCTAC-1	T	6
TGCATGATCCTCCATG-1	T	4
TGCATGATCGCAGATT-1	T	1
TGCATGATCGGGAAAC-1	T	12
TGCATGATCGTGAACT-1	T	4
TGCATTTAGGTAAGTT-1	T	13
TGCATTTCAAACGACG-1	T	0
TGCATTTCACGCGACT-1	T	14
TGCATTTCAGCCACGT-1	T	7
TGCATTTCATGGCCGT-1	T	7
TGCATTTCATGGTAAA-1	T	2
TGCATTTCATTCTCGC-1	T	14
TGCATTTGTATGCTAC-1	T	10
TGCATTTGTATGGATA-1	T	8
TGCATTTGTCAGAGTG-1	T	19
TGCATTTGTCTGGATT-1	T	14
TGCATTTTCAGCCGGT-1	T	13
TGCATTTTCCTAAAGC-1	T	0
TGCATTTTCCTTACGC-1	T	12
TGCCTCAAGCACACCC-1	T	16
TGCCTCAAGCTAGTTC-1	T	17
TGCCTCAAGCTATCGT-1	T	12
TGCCTCAAGTACGACG-1	T	5
TGCCTCAAGTCACACT-1	T	6
TGCCTCAAGTGGGACT-1	T	17
TGCCTCACACACACAT-1	T	4
TGCCTCACATCCCTTG-1	T	7
TGCCTCAGTCTGTTGA-1	T	8
TGCCTCAGTGCTGGCT-1	T	0
TGCCTCAGTTCTACGA-1	T	2
TGCCTCATCGACTATG-1	T	6
TGCCTCATCGCACCGA-1	T	12
TGCCTCATCTCAGATG-1	T	9
TGCCTGTAGAAAGCAG-1	T	14
TGCCTGTAGTACCCAT-1	T	5
TGCCTGTAGTGTGTAA-1	T	5
TGCCTGTAGTTTGGAA-1	T	1
TGCCTGTCACAACGGA-1	Myeloid	15
TGCCTGTCAGCGCGTT-1	T	7
TGCCTGTCATAGAATG-1	T	8
TGCCTGTCATCACAGT-1	T	14
TGCCTGTCATCGCTAA-1	T	13
TGCCTGTGTACGTAGG-1	Myeloid	15
TGCCTGTGTATCATGC-1	T	4
TGCCTGTGTGGAGTGT-1	T	7
TGCCTGTGTTGGCTTA-1	T	7
TGCCTGTTCCACACCT-1	T	10
TGCCTGTTCTTCAGAG-1	T	10
TGCGTAAAGAACCCGA-1	T	3
TGCGTAAAGCTATCGT-1	T	19
TGCGTAACACTCAGCG-1	T	13
TGCGTAAGTCTGGTCG-1	T	6
TGCGTAAGTGCAAGAC-1	T	7
TGCGTAATCAGGAATA-1	T	7
TGCGTAATCAGTACAC-1	T	14
TGCGTAATCCAAACCA-1	T	4
TGCGTAATCCATCATT-1	T	7
TGCGTAATCTGGAAGG-1	Myeloid	15
TGCTATTAGCGTAGCA-1	T	5
TGCTATTAGGCGACTA-1	T	5
TGCTATTAGTAGAAGG-1	T	1
TGCTATTAGTCAGGAC-1	T	13
TGCTATTAGTGGTGTG-1	T	9
TGCTATTCAAAGAAGG-1	T	6
TGCTATTCACCCTTTG-1	T	19
TGCTATTCACCGATCG-1	T	19
TGCTATTGTAAAGCTA-1	T	10
TGCTATTGTATTCTTC-1	T	7
TGCTATTGTCCTTATT-1	T	17
TGCTATTGTCTAAGAA-1	T	14
TGCTATTGTTGTGAGG-1	T	7
TGCTATTGTTTGCCAA-1	T	9
TGCTATTTCAACGTGT-1	T	17
TGCTATTTCGCCAGAC-1	T	13
TGCTATTTCGGTTCCT-1	T	14
TGCTCACAGCATGATA-1	T	8
TGCTCACAGCGTCTGC-1	T	4
TGCTCACCAATTCTCT-1	Myeloid	15
TGCTCACCACAAACAA-1	T	9
TGCTCACCACATTGCA-1	T	8
TGCTCACCATTTGGCA-1	T	0
TGCTCACGTCGCGCTA-1	T	7
TGCTCACGTCTAAAGA-1	T	17
TGCTCACGTGCACCCA-1	T	17
TGCTCACGTGTCTCGG-1	T	13
TGCTCACGTTACGAAA-1	T	7
TGCTCACGTTTCCTAT-1	T	12
TGCTCACTCCATGACA-1	T	13
TGCTCACTCGCTTACC-1	T	19
TGCTCGTAGAATCAAC-1	T	14
TGCTCGTAGGAGACTC-1	T	16
TGCTCGTAGGCACTAG-1	T	1
TGCTCGTAGGGCTCTC-1	T	19
TGCTCGTAGTCGGGAT-1	T	16
TGCTCGTCAAATTCCG-1	T	16
TGCTCGTCAAGCCAGA-1	T	2
TGCTCGTCACGCTCAG-1	T	7
TGCTCGTCAGGTCTGC-1	T	7
TGCTCGTGTCAGTGTT-1	T	3
TGCTCGTGTGCGCTCA-1	T	4
TGCTCGTGTGCTGTGC-1	T	14
TGCTCGTGTTTAAGCC-1	T	1
TGCTCGTTCAGATACC-1	T	13
TGCTCGTTCCCAGTAA-1	T	8
TGCTCGTTCGTGATAC-1	T	5
TGCTCGTTCGTGGGTC-1	T	19
TGCTCGTTCTCCTTGG-1	T	10
TGCTCGTTCTGACATG-1	T	18
TGCTTCGAGCAGAAAG-1	T	3
TGCTTCGAGGAAGAAC-1	T	6
TGCTTCGCACGCGTTG-1	T	4
TGCTTCGCACGTGAAG-1	T	10
TGCTTCGCATCATAGC-1	T	7
TGCTTCGCATCCATAG-1	T	14
TGCTTCGGTAACCATC-1	T	12
TGCTTCGGTAACCCAT-1	T	7
TGCTTCGGTAAGTCTC-1	T	0
TGCTTCGGTAGTGATA-1	T	17
TGCTTCGGTCATAAGA-1	T	6
TGCTTCGGTGAATCAA-1	T	1
TGCTTCGTCAAAGTAG-1	T	19
TGCTTCGTCCCACGGA-1	T	4
TGCTTCGTCCTCATTA-1	T	5
TGCTTCGTCGATCTTT-1	T	2
TGCTTCGTCTCTATTG-1	T	2
TGCTTCGTCTCTGACC-1	T	13
TGCTTTAAGAGCACTG-1	T	9
TGCTTTAAGCGTGTTT-1	T	13
TGCTTTAAGGCGACTA-1	T	1
TGCTTTAAGTCAACTC-1	T	14
TGCTTTAAGTGATAAC-1	T	10
TGCTTTAAGTGGGACT-1	T	7
TGCTTTACAATGGCTT-1	T	12
TGCTTTAGTCCAACCG-1	T	9
TGCTTTAGTGGTACTT-1	T	12
TGCTTTAGTGTCCCAG-1	T	9
TGCTTTATCCCGATTC-1	T	5
TGCTTTATCCCTACCA-1	T	0
TGCTTTATCCGGCTGA-1	T	13
TGCTTTATCTAGCAAC-1	T	9
TGCTTTATCTGGCTAA-1	T	9
TGGAAGGAGACCTATC-1	T	9
TGGAAGGAGAGAACCC-1	T	8
TGGAAGGAGTCATACC-1	T	17
TGGAAGGAGTGAGCTG-1	T	13
TGGAAGGCAAGCCTTA-1	T	14
TGGAAGGCACAAACGG-1	T	5
TGGAAGGCATAGACGG-1	T	7
TGGAAGGGTATTCTTC-1	Myeloid	15
TGGAAGGGTCTGGGCT-1	T	1
TGGAAGGTCCTCCATG-1	T	10
TGGAAGGTCTACTGCC-1	T	16
TGGAAGGTCTCTGACC-1	T	11
TGGAAGGTCTTTGCAT-1	T	1
TGGACATAGTCTAGAA-1	T	8
TGGACATAGTTACACC-1	T	11
TGGACATCAAACCCTA-1	T	7
TGGACATCAACATAAG-1	T	12
TGGACATCAACGTCCG-1	T	12
TGGACATCAATGTAAG-1	T	13
TGGACATCACGCGTTG-1	T	17
TGGACATCACTGTCAA-1	T	1
TGGACATCAGCCGAAA-1	T	9
TGGACATCAGGATGTG-1	T	18
TGGACATCATAGATAG-1	T	1
TGGACATCATCCGTGG-1	T	6
TGGACATCATTACTCT-1	T	0
TGGACATGTCAAATCC-1	T	12
TGGACATGTCCAAGAG-1	T	10
TGGACATTCAGTGTAC-1	T	14
TGGACATTCCCAATAG-1	T	12
TGGACATTCTAGCAAC-1	T	16
TGGACATTCTATCTCA-1	T	19
TGGACATTCTTCGTTA-1	T	0
TGGCAATAGACCCTAT-1	T	17
TGGCAATAGACTTCCA-1	T	1
TGGCAATAGCGAGCTA-1	T	13
TGGCAATAGCGTAGCA-1	T	11
TGGCAATAGGATTTGA-1	T	6
TGGCAATAGGCAATTA-1	T	12
TGGCAATAGTGTCGGA-1	T	13
TGGCAATCAACCTCTC-1	T	11
TGGCAATCAATGATGA-1	T	2
TGGCAATCACGAACGA-1	T	5
TGGCAATGTCCGTAGC-1	T	0
TGGCAATGTGCTGGCT-1	T	2
TGGCAATGTGGCATAG-1	T	11
TGGCAATTCCAGGCCA-1	T	13
TGGCAATTCGCATAAC-1	T	12
TGGCCTTAGGAAGGTA-1	T	1
TGGCCTTCAAACTACC-1	T	13
TGGCCTTCAACGCACC-1	T	19
TGGCCTTCACTTTGGA-1	T	12
TGGCCTTCAGCAATGG-1	T	3
TGGCCTTCAGGTGGTA-1	T	6
TGGCCTTGTAAGTGCG-1	T	1
TGGCCTTGTCACCCGA-1	T	8
TGGCCTTGTCGTAGTT-1	T	18
TGGCCTTTCAAGTTGC-1	T	1
TGGCCTTTCGATCTTT-1	T	3
TGGCCTTTCTGGCGCA-1	T	14
TGGCCTTTCTTCACTA-1	T	13
TGGCCTTTCTTTATCG-1	T	7
TGGCGCAAGATATGAC-1	T	8
TGGCGCAAGCCTTTGA-1	T	5
TGGCGCAAGGGTCTGA-1	T	1
TGGCGCAAGGTTAGTA-1	T	0
TGGCGCAAGTAATGTG-1	T	2
TGGCGCAAGTTGCGCC-1	T	9
TGGCGCAAGTTTACGC-1	Myeloid	15
TGGCGCACAACGACAG-1	T	12
TGGCGCACAACTCAAC-1	T	18
TGGCGCACAAGACTAA-1	T	19
TGGCGCACAGGAGCAT-1	T	17
TGGCGCAGTACATGGG-1	T	14
TGGCGCAGTAGCCATT-1	T	14
TGGCGCAGTCAGACGA-1	T	7
TGGCGCAGTGTAGGAC-1	T	16
TGGCGCAGTGTTGGTT-1	T	19
TGGCGCAGTTAGGCTT-1	T	16
TGGCGCAGTTTGCCAA-1	T	7
TGGCGCATCATGAACC-1	T	7
TGGCGCATCGCAACTA-1	T	16
TGGCGCATCTCCCTTT-1	T	17
TGGGTGCAGAAATACC-1	T	16
TGGGTGCAGTGCACAG-1	T	4
TGGGTGCAGTGGACGT-1	T	9
TGGGTGCCAAGGTCGA-1	T	7
TGGGTGCCAGGCTACC-1	T	7
TGGGTGCCATATTGGC-1	T	4
TGGGTGCGTAGTGATA-1	T	3
TGGGTGCGTGACAAGC-1	T	16
TGGGTGCGTGAGGTCA-1	T	17
TGGGTGCGTGGGTAGT-1	T	17
TGGGTGCGTGTGAGGT-1	T	16
TGGGTGCTCAGGAATA-1	T	17
TGGGTGCTCCCAGTAA-1	T	17
TGGGTGCTCCTATCCG-1	T	0
TGGGTGCTCTATAGGC-1	T	1
TGGGTGCTCTCGTAGA-1	T	12
TGGGTGCTCTTGTACT-1	T	13
TGGGTTAAGAACGCCA-1	T	14
TGGGTTAAGACACAAT-1	T	16
TGGGTTAAGAGCAGCT-1	T	6
TGGGTTAAGTCTGGGA-1	T	3
TGGGTTAAGTCTTAGC-1	T	5
TGGGTTACAAATAGTG-1	T	4
TGGGTTACAAATTGAG-1	T	4
TGGGTTACACCACGAC-1	T	12
TGGGTTACACCTGTGG-1	T	0
TGGGTTACAGTAACCT-1	T	17
TGGGTTAGTATGGGTG-1	T	13
TGGGTTAGTGAATACA-1	T	17
TGGGTTAGTGGAAAGA-1	T	5
TGGGTTAGTTACGAAA-1	T	14
TGGGTTAGTTTCCTAT-1	T	11
TGGGTTATCCAGGTAT-1	T	9
TGGGTTATCGAGCGCT-1	T	18
TGGGTTATCGATAGGG-1	T	6
TGGGTTATCGGTTGTA-1	T	6
TGGGTTATCGTATAGC-1	T	13
TGGGTTATCTAGCTGA-1	T	6
TGGGTTATCTTCATAC-1	T	18
TGGTCAAAGCACGTAG-1	T	6
TGGTCAAAGTCATACC-1	T	11
TGGTCAAAGTTGTCCA-1	T	11
TGGTCAACAAGGAACC-1	T	16
TGGTCAAGTAGCATGG-1	T	13
TGGTCAAGTAGTGATA-1	T	11
TGGTCAAGTGGCCTTG-1	T	7
TGGTCAAGTTAAGGGC-1	T	12
TGGTCAAGTTATGCAC-1	T	14
TGGTCAAGTTGCCTGG-1	T	7
TGGTCAATCACAACAC-1	T	13
TGGTCAATCCAGAGAG-1	T	1
TGGTCAATCGGTTCCT-1	T	11
TGGTCAATCTATATCC-1	T	10
TGGTCAATCTGTTGCC-1	T	3
TGGTCAATCTTATCAC-1	T	14
TGGTCAATCTTGTCAT-1	T	8
TGGTCCTAGAAATGGG-1	T	9
TGGTCCTAGCCTGTAT-1	T	14
TGGTCCTAGCTGAGGT-1	T	3
TGGTCCTAGGAAGAAC-1	T	18
TGGTCCTAGGTTACAA-1	T	1
TGGTCCTCAACACGGA-1	T	19
TGGTCCTCAACGCAAG-1	T	2
TGGTCCTCACTCCACT-1	T	19
TGGTCCTCACTCGCAG-1	T	14
TGGTCCTCAGAACTTC-1	T	10
TGGTCCTCAGATTTGC-1	T	0
TGGTCCTCAGTAACCT-1	T	17
TGGTCCTCATCCGTAA-1	T	19
TGGTCCTGTCACTCTC-1	T	13
TGGTCCTGTGACAAGC-1	T	5
TGGTCCTGTTGTCGGC-1	T	19
TGGTCCTTCCATGTTT-1	T	1
TGTAAGCAGCAGAATT-1	T	11
TGTAAGCAGGCGCTTC-1	T	0
TGTAAGCCAACAACTC-1	T	12
TGTAAGCCAAGATTAG-1	T	1
TGTAAGCCAATGTGCT-1	T	5
TGTAAGCCATTTGGCA-1	T	8
TGTAAGCGTACGTATC-1	T	6
TGTAAGCGTAGGTCTT-1	T	5
TGTAAGCGTCAGGTGA-1	T	3
TGTAAGCTCATAGGTC-1	T	1
TGTAAGCTCGCGATGC-1	T	10
TGTAAGCTCGTTCTAT-1	T	16
TGTACAGAGAAATCTG-1	T	1
TGTACAGAGATCGATA-1	Myeloid	15
TGTACAGAGGTACTCT-1	T	18
TGTACAGAGTACCTCA-1	T	4
TGTACAGAGTGCAACG-1	T	1
TGTACAGCAACGACAG-1	T	6
TGTACAGCACACACCG-1	T	12
TGTACAGCATCGTACA-1	T	8
TGTACAGGTAAGCCTT-1	T	19
TGTACAGGTGAATGGC-1	T	12
TGTACAGGTTCTTAGG-1	T	5
TGTACAGTCAACACGT-1	T	19
TGTACAGTCAGGAATA-1	T	12
TGTACAGTCCAGCACG-1	T	6
TGTACAGTCCGAGGAA-1	T	5
TGTACAGTCGCGCCAA-1	T	7
TGTACGAAGGAGTCTG-1	T	8
TGTACGAAGGTAGGCT-1	T	5
TGTACGAAGTTACACC-1	T	18
TGTACGACATAGCAGG-1	T	17
TGTACGACATCCCTCA-1	T	0
TGTACGACATTGTTCT-1	T	2
TGTACGAGTAAACGTA-1	T	10
TGTACGAGTAGCAGCA-1	T	17
TGTACGAGTGCATCAT-1	T	16
TGTACGAGTTGTGACT-1	T	7
TGTACGATCCACGGCA-1	T	18
TGTACGATCCATGACA-1	T	16
TGTACGATCCCGTAGG-1	T	16
TGTACGATCCTCATTA-1	T	13
TGTACGATCGATGCAT-1	T	13
TGTACGATCTGACATG-1	T	14
TGTAGCAAGAACGACC-1	T	10
TGTAGCAAGATGTTCC-1	T	7
TGTAGCAAGCAACGGT-1	T	2
TGTAGCAAGGAGTCTG-1	T	1
TGTAGCAAGGTAAGCC-1	T	17
TGTAGCAAGGTTACAA-1	T	7
TGTAGCAAGTGAATAC-1	T	12
TGTAGCACAAGCAGGT-1	T	11
TGTAGCACAGGTAGCA-1	T	1
TGTAGCAGTACAAATG-1	T	11
TGTAGCAGTCTTAGCA-1	T	1
TGTAGCATCCTGTGGG-1	T	2
TGTAGCATCTTACTCA-1	T	11
TGTGACAAGAGCTCCC-1	T	14
TGTGACAAGCGTATCT-1	T	9
TGTGACAAGGATTGCG-1	T	6
TGTGACAAGTGATCTC-1	T	8
TGTGACAAGTTCCAGT-1	T	5
TGTGACACAAAGAAGG-1	T	10
TGTGACACATCAACTG-1	T	17
TGTGACACATTTGGTG-1	T	17
TGTGACAGTAGAAAGG-1	T	10
TGTGACAGTCCATTGA-1	T	7
TGTGACATCACAAGCT-1	T	10
TGTGACATCATTGCCC-1	T	13
TGTGACATCCATTGAG-1	T	8
TGTGACATCCCAGCGA-1	T	11
TGTGACATCGCCCTTA-1	Myeloid	15
TGTGACATCGTGGTAT-1	T	7
TGTGGCGAGGCACCTC-1	T	14
TGTGGCGAGGCTTCGC-1	T	10
TGTGGCGAGTACGACG-1	T	7
TGTGGCGCAAGCGGTA-1	T	6
TGTGGCGCAAGGAGGG-1	T	9
TGTGGCGCAAGTGGCA-1	T	1
TGTGGCGCAATTGTGC-1	T	1
TGTGGCGCACTGAAGG-1	T	12
TGTGGCGCACTGTAAC-1	T	8
TGTGGCGCAGCAGGTA-1	T	19
TGTGGCGCAGTAACCT-1	T	1
TGTGGCGCATGTATCG-1	T	6
TGTGGCGGTACCTATG-1	T	11
TGTGGCGGTACGTATC-1	T	0
TGTGGCGGTCAGGTGA-1	T	14
TGTGGCGGTTCCGGCA-1	T	13
TGTGGCGTCCATCATT-1	T	16
TGTGTCCAGGCTCAGA-1	T	1
TGTGTCCAGGGCGAAG-1	T	18
TGTGTCCCAAAGACGC-1	T	13
TGTGTCCCAATAGCGG-1	T	19
TGTGTCCCAGCGCGTT-1	T	2
TGTGTCCCATCCTCGT-1	T	9
TGTGTCCCATTTCACT-1	T	13
TGTGTCCGTAATGTGA-1	T	14
TGTGTCCGTAGAACGC-1	T	5
TGTGTCCGTGATCAGG-1	T	3
TGTGTCCGTGCAAGAC-1	T	16
TGTGTCCGTTACGGAG-1	T	5
TGTGTCCGTTGCTTGA-1	T	8
TGTGTCCTCCATAGGT-1	T	2
TGTGTCCTCCATCATT-1	T	5
TGTGTCCTCCCAATAG-1	T	8
TGTGTCCTCGATGCAT-1	T	12
TGTGTCCTCGCATAAC-1	T	19
TGTGTCCTCTGACTTT-1	T	16
TGTTAGGAGAACCATA-1	T	13
TGTTAGGAGAGCGGTT-1	T	11
TGTTAGGAGCAACGGT-1	T	1
TGTTAGGAGCGAATAT-1	T	11
TGTTAGGCAATAGCGG-1	T	19
TGTTAGGCACGTACAT-1	T	0
TGTTAGGCAGGCATCC-1	T	12
TGTTAGGCATCCATAG-1	T	1
TGTTAGGCATCCCTCA-1	T	14
TGTTAGGGTGAGGTCA-1	T	10
TGTTAGGGTTCTTATC-1	T	9
TGTTAGGTCAACGTGT-1	T	11
TGTTAGGTCCATATCT-1	T	19
TGTTAGGTCGCACAAT-1	T	9
TGTTAGGTCGGTTCCT-1	T	6
TGTTAGGTCTGTTTAC-1	T	5
TTAACGGAGAGCAGCT-1	T	17
TTAACGGAGCCCATTA-1	T	3
TTAACGGAGTCTGTGT-1	T	10
TTAACGGCACTCCCAT-1	T	6
TTAACGGCAGAAAGAG-1	T	10
TTAACGGCAGATAAGT-1	T	16
TTAACGGCAGTTAAAG-1	T	12
TTAACGGGTGCCGGTT-1	T	11
TTAACGGGTGCGCTCA-1	T	13
TTAACGGTCAACTTGG-1	T	5
TTAACGGTCCACACCT-1	T	14
TTAACGGTCCGTTTCG-1	T	18
TTAACGGTCGAGCGCT-1	T	18
TTAACGGTCGATAGCT-1	T	17
TTACCCGAGAATGCTA-1	T	2
TTACCCGAGACAGCTG-1	T	14
TTACCCGAGCACGTAG-1	T	17
TTACCCGAGCCATTCA-1	Myeloid	15
TTACCCGAGCTGAATA-1	T	19
TTACCCGAGGCAAGGG-1	T	4
TTACCCGAGTACGACG-1	T	12
TTACCCGCACAAACAA-1	Myeloid	15
TTACCCGCATTGATGC-1	T	8
TTACCCGGTCATAGCT-1	T	6
TTACCCGGTGATAAGT-1	T	0
TTACCCGGTGCATCAT-1	T	9
TTACCCGGTGCGTAGA-1	T	17
TTACCCGGTTCTTATC-1	T	13
TTACCCGTCCTATCCG-1	T	1
TTACCCGTCGTTCTAT-1	T	11
TTACCCGTCTACTTTG-1	T	10
TTACCCGTCTCGCGGA-1	T	11
TTACCCGTCTGGCTAA-1	T	14
TTACCGCAGACGCCCT-1	T	12
TTACCGCAGACGTCAG-1	T	14
TTACCGCAGGTTAACA-1	T	3
TTACCGCAGTTAGAGT-1	T	16
TTACCGCCAAGATGCG-1	Myeloid	15
TTACCGCCAAGCACTT-1	T	3
TTACCGCCAGCACATT-1	T	6
TTACCGCCAGCGCGTT-1	T	7
TTACCGCCAGCGTACC-1	T	0
TTACCGCGTCGACTGC-1	T	16
TTACCGCGTGGTGGTA-1	T	14
TTACCGCTCAGAACGG-1	T	1
TTACCGCTCCCACTTG-1	T	5
TTACCGCTCCCTATTA-1	T	9
TTACGGAAGACGAAAG-1	T	6
TTACGGAAGAGGCAGG-1	T	6
TTACGGAAGCCATGGA-1	T	1
TTACGGAAGCTCGTTA-1	T	5
TTACGGAAGTCAGCCC-1	T	8
TTACGGACAACGGACA-1	T	17
TTACGGACAATGGCAG-1	T	5
TTACGGACACACACAT-1	T	8
TTACGGAGTAACCGAG-1	T	2
TTACGGAGTACTATGC-1	T	7
TTACGGAGTAGTTTGC-1	T	6
TTACGGAGTTGTGACT-1	T	9
TTACGGATCGAGGTCC-1	T	2
TTACGTTAGGTCCTCG-1	T	2
TTACGTTCAAATAGTG-1	T	14
TTACGTTCAAGTCTGT-1	T	10
TTACGTTCAATCCATG-1	T	13
TTACGTTCACATAAAG-1	T	8
TTACGTTCATCCGTAA-1	T	8
TTACGTTGTATTCGCA-1	T	9
TTACGTTGTCAGAGTG-1	T	14
TTACGTTGTGTGACCC-1	T	19
TTACGTTGTTTGTCTT-1	T	18
TTACGTTTCAAAGTAG-1	T	10
TTACTCAAGACTAGCG-1	T	7
TTACTCAAGGCTGGAT-1	T	0
TTACTCAAGGTAAGTT-1	T	18
TTACTCACAACAACTC-1	T	11
TTACTCACACAGCCAC-1	T	5
TTACTCACACTTGCGG-1	T	17
TTACTCACAGTAAGCG-1	T	12
TTACTCACAGTTAAAG-1	T	0
TTACTCACATTAAGGA-1	T	11
TTACTCACATTATGGC-1	T	13
TTACTCAGTCATAGAA-1	T	14
TTACTCAGTGAAACAT-1	T	5
TTACTCATCAATTGGC-1	T	19
TTACTCATCCATAACG-1	T	16
TTACTCATCGACGGAA-1	T	13
TTACTTGAGACCTATC-1	T	1
TTACTTGAGATTGACA-1	T	13
TTACTTGCAAGCGAAC-1	T	11
TTACTTGCAATCACTG-1	T	7
TTACTTGCAGAAGTGC-1	T	19
TTACTTGCATAGACGG-1	T	1
TTACTTGCATCACAGT-1	T	16
TTACTTGCATGTGAGG-1	T	16
TTACTTGCATTAAGGA-1	T	12
TTACTTGGTAACTCCA-1	T	10
TTACTTGGTAGAAAGG-1	T	8
TTACTTGGTATGTTCG-1	T	7
TTACTTGGTGGATTTC-1	T	4
TTACTTGGTTGCAGAG-1	T	6
TTACTTGGTTTAGGAA-1	T	10
TTACTTGTCAAACCCA-1	T	10
TTACTTGTCACAACAC-1	T	18
TTACTTGTCCTCCTGA-1	T	14
TTACTTGTCCTTCGAC-1	T	19
TTACTTGTCGATGCAT-1	T	8
TTACTTGTCTTGGCCT-1	T	8
TTAGCGAAGAGAGTTT-1	T	16
TTAGCGAAGCTCGGCT-1	T	9
TTAGCGAAGTGCCCTG-1	T	7
TTAGCGACAATGTGTC-1	T	1
TTAGCGACAGTAGTCT-1	T	4
TTAGCGACATTGCCTC-1	T	16
TTAGCGAGTAGAAAGG-1	T	3
TTAGCGAGTATCCCTC-1	Myeloid	15
TTAGCGAGTCAGACGA-1	T	4
TTAGCGATCCGATTGA-1	T	12
TTAGCGATCGAGGTAG-1	Myeloid	15
TTAGCGATCGATGCAT-1	T	0
TTAGCTTAGCAATAAC-1	T	1
TTAGCTTAGCAGAAAG-1	T	16
TTAGCTTAGTTCGTTG-1	T	18
TTAGCTTCAACACGGA-1	T	18
TTAGCTTCAAGATGCG-1	T	9
TTAGCTTCACTCAGCG-1	T	18
TTAGCTTGTAGATGAT-1	T	14
TTAGCTTGTCTCGGGT-1	T	19
TTAGCTTTCTATATCC-1	T	3
TTAGCTTTCTTACTCA-1	T	14
TTAGGTGAGAGCTCCC-1	T	9
TTAGGTGAGGATATCA-1	T	4
TTAGGTGCAGGTGGTA-1	T	9
TTAGGTGCAGTGCTCG-1	T	2
TTAGGTGGTCATTGGT-1	T	8
TTAGGTGGTGGACTGA-1	T	3
TTAGGTGGTTATCGAC-1	T	14
TTAGGTGGTTGTATCG-1	T	18
TTAGGTGTCAGCGGTC-1	T	1
TTAGGTGTCCAGGCCA-1	T	16
TTAGGTGTCCATCATT-1	T	6
TTAGGTGTCGACTATG-1	T	3
TTAGGTGTCGGTCGAC-1	T	9
TTAGGTGTCTTCACTA-1	T	9
TTAGGTGTCTTGTGCC-1	T	8
TTATGTCAGCTGAAAT-1	T	9
TTATGTCAGGTTGACG-1	T	12
TTATGTCAGTTGTCCA-1	T	14
TTATGTCCAAGCAACG-1	T	8
TTATGTCCAAGCCCTG-1	T	13
TTATGTCCAAGGAGGG-1	T	5
TTATGTCCACACTAGT-1	T	8
TTATGTCCATCGACCG-1	T	4
TTATGTCGTGGTAGAC-1	T	8
TTATGTCGTTGAAGCG-1	T	13
TTATGTCGTTGTCGGC-1	T	11
TTATGTCTCAAGTTGC-1	T	17
TTATGTCTCTCCTTAA-1	T	13
TTCAACTAGACCCTAT-1	T	1
TTCAACTAGAGAGTAG-1	T	13
TTCAACTAGAGAGTTT-1	T	7
TTCAACTAGGCTAAAT-1	T	17
TTCAACTAGGTGTTGG-1	T	1
TTCAACTAGTCATACC-1	T	7
TTCAACTAGTTCGTTG-1	T	16
TTCAACTAGTTGCGCC-1	T	7
TTCAACTCAACGAGGT-1	T	18
TTCAACTGTAGGTCTT-1	T	17
TTCAACTGTTAACCGT-1	Myeloid	15
TTCAACTGTTTGAAGA-1	T	16
TTCAACTGTTTGTAGC-1	T	11
TTCAACTTCCCGCAAG-1	T	0
TTCAACTTCGCAAACT-1	T	17
TTCAACTTCGGTACTA-1	T	19
TTCAACTTCTACATCT-1	T	2
TTCATCAAGAGGCCTA-1	T	6
TTCATCAAGCAGAGCT-1	T	14
TTCATCAAGCGCCTAC-1	T	12
TTCATCAAGTAACTCC-1	T	13
TTCATCACAAGTGGCA-1	T	18
TTCATCACAGACCTGC-1	T	12
TTCATCACATCCCGGA-1	T	17
TTCATCACATTAGCAC-1	T	10
TTCATCAGTACAAGCG-1	T	9
TTCATCAGTAGCCATT-1	T	1
TTCATCAGTAGGGTCA-1	T	7
TTCATCAGTGGACCAA-1	T	1
TTCATCATCATTCTTG-1	T	12
TTCATCATCGCTTACC-1	T	5
TTCATCATCTTTGCAT-1	T	14
TTCATTGAGAGGCAGG-1	T	9
TTCATTGAGATCTAAG-1	T	12
TTCATTGAGCCCATTA-1	T	2
TTCATTGAGGCCAATG-1	T	16
TTCATTGAGTCTGCTA-1	T	5
TTCATTGAGTGATAAC-1	T	11
TTCATTGAGTGCACAG-1	T	14
TTCATTGCACCTCGTT-1	T	8
TTCATTGCACGATTAC-1	T	6
TTCATTGCAGCGTAGA-1	T	8
TTCATTGGTGGACAGT-1	T	17
TTCATTGGTGTCCAGC-1	Myeloid	15
TTCATTGGTGTTAGAA-1	T	13
TTCATTGTCCCAGTAA-1	T	6
TTCATTGTCTCATATC-1	T	18
TTCATTGTCTTTCGAT-1	T	17
TTCGATTAGCATGATA-1	T	0
TTCGATTAGCGCAATG-1	T	17
TTCGATTAGGCAGTAC-1	T	17
TTCGATTCAACGTAGG-1	T	2
TTCGATTCAAGACTAA-1	T	7
TTCGATTCAATGGCAG-1	T	12
TTCGATTCACCTTGTC-1	T	5
TTCGATTCATCAGAAA-1	T	3
TTCGATTCATGGGTGA-1	T	10
TTCGATTGTGTGCGTC-1	T	1
TTCGATTGTTCTTATC-1	T	17
TTCGATTTCATGCTTT-1	T	10
TTCGATTTCCGGGCAT-1	T	4
TTCGCGTAGATTGACA-1	T	12
TTCGCGTAGCTACGCC-1	T	14
TTCGCGTAGTCGGGAT-1	T	5
TTCGCGTAGTGAGTTA-1	T	17
TTCGCGTCAACAAACA-1	T	16
TTCGCGTCACAGCCAC-1	T	12
TTCGCGTCACAGTTCA-1	Myeloid	15
TTCGCGTCAGCCACGT-1	T	8
TTCGCGTCAGGAGCAT-1	T	3
TTCGCGTCATGGGTGA-1	T	13
TTCGCGTCATGGTTTG-1	T	1
TTCGCGTGTAAGCCGA-1	T	8
TTCGCGTGTAGATTAG-1	T	8
TTCGCGTGTCATGAGG-1	T	11
TTCGCGTGTCCTATTT-1	T	6
TTCGCGTGTCGAGAAC-1	T	9
TTCGCGTTCGTCAACA-1	T	19
TTCGCGTTCGTGAACT-1	T	0
TTCGCGTTCTTCAGAG-1	T	0
TTCGGTCAGGATATCA-1	T	14
TTCGGTCAGGTTAGTA-1	T	3
TTCGGTCCAAACTACC-1	T	12
TTCGGTCCACAGGTAG-1	T	11
TTCGGTCCACGGTTAT-1	T	16
TTCGGTCCAGCGTACC-1	T	7
TTCGGTCCAGGCTACC-1	T	18
TTCGGTCCATCAACTG-1	T	10
TTCGGTCGTATTCTGG-1	T	18
TTCGGTCTCGTGCTTC-1	T	17
TTCGTTAAGAAAGGGT-1	T	11
TTCGTTAAGAGTGGAA-1	T	5
TTCGTTAAGGCATGCA-1	T	18
TTCGTTACACATTGCA-1	T	18
TTCGTTACATGCCCTT-1	T	4
TTCGTTACATTTCTTG-1	T	19
TTCGTTAGTACAAGCG-1	Myeloid	15
TTCGTTAGTATTTGCG-1	T	19
TTCGTTAGTGCTGGCT-1	T	17
TTCGTTATCTACCCGT-1	T	18
TTCTAACAGATGTTCC-1	T	5
TTCTAACAGGGTCTGA-1	T	12
TTCTAACCACCTCGTT-1	T	3
TTCTAACCACTAGGAG-1	T	3
TTCTAACCATCATAGC-1	T	10
TTCTAACCATGTGGGA-1	T	0
TTCTAACGTCCAAGTT-1	T	3
TTCTAACGTGAATCAA-1	T	12
TTCTAACGTGGATTTC-1	T	17
TTCTAACGTTCCGCGA-1	T	8
TTCTAACTCCATAGGT-1	T	1
TTCTAACTCCTGTAGA-1	T	11
TTCTAACTCGCTAGTA-1	T	17
TTCTAACTCGGTACTA-1	T	14
TTCTAACTCTATCTAC-1	T	16
TTCTAACTCTCGCGGA-1	T	8
TTCTAACTCTGGTACA-1	T	13
TTCTGTAAGAACGTCG-1	T	1
TTCTGTAAGACGCCAA-1	T	1
TTCTGTAAGCTGGAGT-1	T	0
TTCTGTAAGTATCTGC-1	T	9
TTCTGTAAGTCAACTC-1	T	13
TTCTGTAAGTCTAGAA-1	T	19
TTCTGTACAACGTCGC-1	T	6
TTCTGTACATCATGTG-1	T	0
TTCTGTACATCGACCG-1	T	10
TTCTGTACATGGCCCA-1	T	16
TTCTGTAGTAGTTTGC-1	T	8
TTCTGTAGTTTCCTAT-1	T	3
TTCTGTATCCTCCATG-1	T	13
TTCTGTATCGATCGCG-1	T	18
TTCTGTATCGGATAAA-1	T	19
TTCTGTATCGTGAGTT-1	T	12
TTCTGTATCGTTCTAT-1	T	2
TTCTGTATCTTAATCC-1	T	16
TTGACGAAGAAGAGTG-1	T	1
TTGACGAAGATGTTGA-1	T	19
TTGACGAAGTGAAACT-1	T	12
TTGACGAAGTGTTCCA-1	T	13
TTGACGAAGTTAGCAA-1	T	9
TTGACGACAAGTTCGT-1	T	8
TTGACGACATAGAATG-1	T	13
TTGACGACATGCCCTT-1	T	12
TTGACGACATGGGTGA-1	T	1
TTGACGACATGGTAAA-1	T	10
TTGACGACATTAAGGA-1	T	3
TTGACGAGTAGCGGTA-1	T	13
TTGACGAGTATGGTTC-1	T	2
TTGACGAGTGCGCATC-1	T	16
TTGACGAGTGCGTCCA-1	T	1
TTGACGAGTTCTTAGG-1	T	6
TTGACGATCCACTAGA-1	T	14
TTGACGATCGCAAGCC-1	T	9
TTGACGATCTGGTACA-1	T	17
TTGACGATCTTAATCC-1	T	16
TTGAGCAAGAAGCCTG-1	T	14
TTGAGCAAGACTCTTG-1	T	0
TTGAGCACAAACCCTA-1	T	16
TTGAGCACACGCTCAG-1	T	19
TTGAGCACATGTAGAA-1	T	14
TTGAGCAGTAGTCCAT-1	T	14
TTGAGCAGTATCTGCA-1	T	19
TTGAGCAGTCAGGCTC-1	T	7
TTGAGCAGTTCTCGAA-1	T	6
TTGAGCAGTTCTTATC-1	T	5
TTGAGCATCACGATTG-1	T	10
TTGAGCATCCACGAGC-1	T	10
TTGAGCATCGATAGGG-1	T	5
TTGAGCATCGGAGTTT-1	T	7
TTGAGCATCTCTGTTA-1	T	10
TTGAGTGAGGATGTAT-1	T	3
TTGAGTGAGTCGTACT-1	T	5
TTGAGTGCAAGTTCGT-1	T	5
TTGAGTGCAGCGTACC-1	T	5
TTGAGTGCATAGCAGG-1	T	13
TTGAGTGCATCACAGT-1	T	0
TTGAGTGCATGATTGC-1	T	0
TTGAGTGGTAGGGTCA-1	T	12
TTGAGTGGTGCATTCA-1	T	7
TTGAGTGGTGTAGGAC-1	T	2
TTGAGTGTCCACCTAC-1	T	14
TTGAGTGTCCTATCAT-1	T	2
TTGAGTGTCGATATGC-1	T	3
TTGAGTGTCGCATAAC-1	T	17
TTGAGTGTCTCGGCGA-1	T	9
TTGCACCAGACAGTGC-1	T	17
TTGCACCAGCGAATAT-1	Myeloid	15
TTGCACCAGTGTGTAA-1	T	16
TTGCACCCAAAGGCCA-1	T	18
TTGCACCCACAGCTTA-1	T	7
TTGCACCCACGATTAC-1	T	11
TTGCACCCACGCGACT-1	T	5
TTGCACCCAGAATGCG-1	T	8
TTGCACCGTCAACGGA-1	T	10
TTGCACCGTCGGCTGT-1	T	9
TTGCACCGTTGAAGCG-1	T	9
TTGCACCGTTTCACCC-1	T	5
TTGCACCTCGACTCGG-1	T	13
TTGCACCTCGCCACTT-1	T	18
TTGCAGAAGGCTAAAT-1	T	10
TTGCAGAAGTGCTCGC-1	T	17
TTGCAGACAAATGTCC-1	T	3
TTGCAGACAATCACTG-1	T	1
TTGCAGAGTACCCATA-1	T	1
TTGCAGAGTTCAGAAA-1	T	6
TTGCAGATCAAGTTGC-1	T	0
TTGCAGATCCATTGTT-1	T	6
TTGCAGATCGAGGTCC-1	T	2
TTGCAGATCTCTATTG-1	T	11
TTGCAGATCTGCTACC-1	T	1
TTGCCCAAGACAGCTG-1	T	13
TTGCCCAAGACAGTGC-1	T	5
TTGCCCAAGACTTGAA-1	T	14
TTGCCCAAGATCACCT-1	T	6
TTGCCCAAGATCTAAG-1	T	0
TTGCCCAAGCCATGGA-1	T	9
TTGCCCAAGCGCATTT-1	T	6
TTGCCCAAGCTCCATA-1	T	5
TTGCCCAAGGACCGAT-1	T	13
TTGCCCAAGGTTACAA-1	T	7
TTGCCCAAGTGCACAG-1	T	7
TTGCCCACAGGCACAA-1	T	17
TTGCCCAGTACGTAAA-1	T	1
TTGCCCAGTACTTCAG-1	T	16
TTGCCCAGTCTGGTTA-1	T	11
TTGCCCAGTTGTATCG-1	T	1
TTGCCCATCCAGGTAT-1	Myeloid	15
TTGCCCATCGCTACCT-1	T	19
TTGCCCATCGTCCCTA-1	T	11
TTGCCCATCTGGTACA-1	T	2
TTGCGAAAGAAATTCG-1	T	0
TTGCGAAAGAGGCGGA-1	T	7
TTGCGAAAGCAGAGCT-1	T	9
TTGCGAAAGGAGGCGA-1	T	6
TTGCGAACAACGTACT-1	T	7
TTGCGAACAAGGTTCT-1	T	5
TTGCGAACACCACGAC-1	T	2
TTGCGAACAGGCAAGT-1	T	2
TTGCGAACAGTAACTC-1	T	13
TTGCGAAGTCAACAGG-1	T	2
TTGCGAAGTTAGGAAT-1	T	14
TTGCGAATCCAAGAGG-1	T	0
TTGCGAATCCCGAAGC-1	T	1
TTGCGAATCGTGCTTC-1	T	18
TTGCGGGAGCAAGGTC-1	T	11
TTGCGGGAGCGTTAGG-1	T	14
TTGCGGGAGGAGTAGA-1	T	10
TTGCGGGCAACGTCCG-1	T	7
TTGCGGGCAATGGCTT-1	T	17
TTGCGGGCACCCATCT-1	T	3
TTGCGGGCACCCTTAC-1	T	11
TTGCGGGCACCGATCG-1	T	18
TTGCGGGCAGATGGCA-1	T	1
TTGCGGGGTATTGTCG-1	T	18
TTGCGGGGTCGATAGG-1	T	7
TTGCGGGGTTTCGATG-1	T	14
TTGCGGGTCAGAACGG-1	T	1
TTGCGGGTCGATATGC-1	T	7
TTGCGGGTCGATTACG-1	T	12
TTGCGGGTCGGCTATA-1	T	4
TTGCTATAGCCCATTA-1	Myeloid	15
TTGCTATAGCGTAGCA-1	T	2
TTGCTATCAACTCCCT-1	T	1
TTGCTATCACAAACGG-1	Myeloid	15
TTGCTATCACTTACAG-1	T	5
TTGCTATCACTTGCGG-1	T	8
TTGCTATCATAGCAGG-1	T	17
TTGCTATGTCAGTGCC-1	T	13
TTGCTATGTCTGGGCT-1	T	7
TTGCTATGTGGGTAGT-1	T	16
TTGCTATGTGTGAGGT-1	T	7
TTGCTATTCAACGTGT-1	T	9
TTGCTATTCAAGGCCC-1	T	5
TTGCTATTCCCGAAGC-1	T	16
TTGCTTAAGCATACCT-1	T	19
TTGCTTAAGGATATCA-1	T	17
TTGCTTACAAGTAACA-1	T	6
TTGCTTACACCGAAAG-1	T	1
TTGCTTACACGTTACA-1	T	6
TTGCTTACAGCGTGAA-1	T	13
TTGCTTAGTAGTCTGT-1	T	14
TTGCTTAGTCAGAAAT-1	T	9
TTGCTTAGTGGAAAGA-1	T	13
TTGCTTAGTGTGTGCC-1	T	1
TTGCTTATCACTGATG-1	T	9
TTGCTTATCCCTATTA-1	T	1
TTGCTTATCCTAAGTG-1	T	18
TTGCTTATCTAGTCGA-1	T	11
TTGCTTATCTGGACAT-1	T	12
TTGGTCCCAAGGAGGG-1	T	5
TTGGTCCCACAGGAAC-1	T	8
TTGGTCCCACTTACAG-1	T	5
TTGGTCCCAGAAAGAG-1	T	14
TTGGTCCCAGGCTACC-1	T	14
TTGGTCCCATCCCGGA-1	T	14
TTGGTCCCATTGAACC-1	T	12
TTGGTCCGTAGGTAAT-1	T	12
TTGGTCCGTCAGCTTA-1	T	10
TTGGTCCGTCGCTAGC-1	T	6
TTGGTCCGTCTCTGGG-1	T	5
TTGGTCCGTTATAGAG-1	T	2
TTGGTCCGTTCTACGA-1	T	18
TTGGTCCGTTCTTTCA-1	T	14
TTGGTCCTCATTCTTG-1	T	1
TTGGTCCTCCGATGCG-1	T	19
TTGGTCCTCGGATCGC-1	T	1
TTGGTCCTCTATGAGC-1	T	9
TTGTCTAAGATGTTCC-1	T	17
TTGTCTAAGGCGCTTC-1	T	7
TTGTCTAAGTAGAAGG-1	T	11
TTGTCTACAAGTCTGT-1	T	13
TTGTCTACAATGATGA-1	T	17
TTGTCTACACAGATGG-1	T	14
TTGTCTACACCCTTAC-1	T	14
TTGTCTACACGAACGA-1	T	17
TTGTCTACATTAGCAC-1	T	6
TTGTCTAGTCCCTTTG-1	T	16
TTGTCTAGTGAGTTGG-1	T	12
TTGTCTAGTGGTAGAC-1	T	12
TTGTCTATCGCAAGCC-1	T	11
TTGTCTATCGCGATGC-1	T	14
TTGTCTATCGGTGATT-1	T	4
TTGTCTATCGTTGTTT-1	T	6
TTGTTCAAGCGATACG-1	T	18
TTGTTCACAAATGTCC-1	T	2
TTGTTCACACTGCTCT-1	T	16
TTGTTCACAGGCAGAT-1	T	1
TTGTTCACAGTCAGAG-1	T	11
TTGTTCAGTCCTTATT-1	T	5
TTGTTCAGTCTAAGAA-1	T	1
TTGTTCAGTTAGCTCA-1	T	1
TTGTTCATCCATGACA-1	T	7
TTGTTCATCCATTGTT-1	T	8
TTGTTCATCGGATCGC-1	T	12
TTGTTCATCTGACATG-1	T	10
TTGTTCATCTTGCGCT-1	T	7
TTGTTGTAGCTGAAAT-1	T	14
TTGTTGTAGTGTTCCA-1	T	2
TTGTTGTCAACGAGGT-1	T	18
TTGTTGTCATTTCACT-1	T	16
TTGTTGTGTAACCCAT-1	T	0
TTGTTGTGTAACCGAG-1	T	5
TTGTTGTGTGGAAAGA-1	T	2
TTGTTGTGTGTTGTTG-1	T	11
TTGTTGTGTTCCAGTA-1	T	14
TTGTTGTTCCGTGCAG-1	T	8
TTGTTGTTCGATGTGT-1	T	1
TTGTTGTTCGCAGATT-1	T	5
TTGTTGTTCGCGCCAA-1	T	10
TTGTTGTTCGTCCCAT-1	T	13
TTGTTGTTCTCTTCTC-1	T	13
TTTACGTAGACTTCCA-1	T	12
TTTACGTAGATGGGAA-1	T	18
TTTACGTAGGCTTCGC-1	T	1
TTTACGTAGGTACACG-1	T	6
TTTACGTAGTCACGCC-1	T	2
TTTACGTGTAATGCAA-1	T	5
TTTACGTGTATCGCGC-1	T	19
TTTACGTTCCAAGTCA-1	T	8
TTTACGTTCCCAGCGA-1	T	5
TTTACGTTCTTACGGA-1	T	0
TTTGAGGAGACTCGGA-1	T	11
TTTGAGGCAAACTACC-1	T	19
TTTGAGGCACAGGTAG-1	T	7
TTTGAGGCATATAGAG-1	T	13
TTTGAGGTCCATCATT-1	T	7
TTTGAGGTCGCTGATA-1	T	4
TTTGCGCAGAGATTAC-1	T	12
TTTGCGCAGCAACGGT-1	T	3
TTTGCGCAGCAGAAAG-1	T	5
TTTGCGCAGCTACGCC-1	T	6
TTTGCGCAGGGAAATG-1	T	16
TTTGCGCAGTAGTTCC-1	T	8
TTTGCGCAGTCGTATC-1	T	4
TTTGCGCCAAAGGCCA-1	T	0
TTTGCGCCAAATGTCC-1	T	3
TTTGCGCCAGAACTTC-1	T	1
TTTGCGCCAGCGTCGT-1	T	6
TTTGCGCCAGGTGTGA-1	T	19
TTTGCGCCATAAAGTG-1	T	8
TTTGCGCGTACTTCAG-1	Myeloid	15
TTTGCGCGTATTTGCG-1	T	9
TTTGCGCGTTCCAATG-1	T	9
TTTGCGCTCTATTTCG-1	T	13
TTTGGCCAGCCTGGTC-1	T	5
TTTGGCCAGCTACGTT-1	T	12
TTTGGCCAGCTATCCA-1	T	11
TTTGGCCAGGGAAGCG-1	T	14
TTTGGCCAGTTATGAG-1	T	17
TTTGGCCCAACGACAG-1	T	2
TTTGGCCCAAGATGCG-1	T	19
TTTGGCCCAAGTCCTA-1	T	3
TTTGGCCCACACTAGT-1	T	16
TTTGGCCCACTGAAGG-1	T	18
TTTGGCCCACTGGGCT-1	T	19
TTTGGCCCATTGTGAC-1	T	18
TTTGGCCGTAACTCCA-1	T	13
TTTGGCCGTCAACTGT-1	T	9
TTTGGCCGTCCACCAG-1	T	1
TTTGGCCGTGAAACAT-1	T	3
TTTGGCCTCAGAACGG-1	T	9
TTTGGCCTCCAAGTCA-1	T	10
TTTGGCCTCCCTACGT-1	T	7
TTTGGTTAGCCATGGA-1	T	8
TTTGGTTAGGCATGCA-1	T	19
TTTGGTTAGTGGTGTG-1	T	9
TTTGGTTCAGGATAGC-1	T	14
TTTGGTTCATAGAATG-1	T	7
TTTGGTTGTATCACAC-1	T	19
TTTGGTTGTCAGAGTG-1	T	9
TTTGGTTGTCTTAGCA-1	T	5
TTTGGTTGTGATAACA-1	T	11
TTTGGTTTCACTGGTA-1	T	16
TTTGGTTTCCCAGTAA-1	T	16
TTTGGTTTCTGGACAT-1	T	6
TTTGGTTTCTTGTCAT-1	T	10
TTTGTGTAGGCAGTAC-1	T	16
TTTGTGTCACCACCAG-1	T	4
TTTGTGTCAGCAAACG-1	T	13
TTTGTGTCAGGATGTG-1	T	1
TTTGTGTCAGTTCGGC-1	T	0
TTTGTGTGTATGGATA-1	T	1
TTTGTGTGTCAGAGTG-1	T	13
TTTGTGTGTCTGGATT-1	T	19
TTTGTGTGTTTCGACA-1	T	2
TTTGTGTTCCAACCTC-1	T	14
TTTGTGTTCGACTGGC-1	T	11
TTTGTGTTCGCAAACT-1	T	9
TTTGTGTTCGGAGTTT-1	Myeloid	15
