AAACGAAAGAGTGGAA-1	T	3
AAACGAAAGCAGAAAG-1	T	8
AAACGAAAGCCATCAT-1	T	12
AAACGAAAGCTAACAA-1	T	9
AAACGAAAGCTCGTTA-1	T	9
AAACGAAAGGCCAATG-1	B	6
AAACGAAAGGCTTAAA-1	T	7
AAACGAAAGGGTAATT-1	T	17
AAACGAAAGGTCCTCG-1	NK	13
AAACGAAAGTGAGTTA-1	T	9
AAACGAAAGTGATTAG-1	T	3
AAACGAAAGTTGAATG-1	T	17
AAACGAACAAAGAAGG-1	T	3
AAACGAACAAAGCATA-1	T	0
AAACGAACACCTGTGG-1	T	7
AAACGAACAGGCAAGT-1	T	1
AAACGAAGTATGGGTG-1	T	16
AAACGAAGTCAGAAGC-1	Myeloid	2
AAACGAAGTGATAGAT-1	T	4
AAACGAAGTTAGGAAT-1	T	7
AAACGAAGTTCCCTTG-1	T	11
AAACGAAGTTGTCGGC-1	NK	13
AAACGAATCACAAGCT-1	T	8
AAACGAATCCCAGTAA-1	Myeloid	2
AAACGAATCCTGTAGA-1	B	6
AAACGAATCGAAGCCC-1	T	14
AAACGAATCGAGGTCC-1	T	1
AAACGAATCGATATGC-1	NK	13
AAACGAATCGTAGCGC-1	T	14
AAACGAATCTATACCT-1	T	11
AAACGAATCTATATCC-1	T	10
AAACGAATCTCCACTG-1	T	19
AAACGAATCTGATCCC-1	T	3
AAACGAATCTGGGCGT-1	T	7
AAACTCGAGAGCCACA-1	T	1
AAACTCGAGAGCTACG-1	T	11
AAACTCGAGATACCAA-1	Myeloid	2
AAACTCGAGATCGCCC-1	T	3
AAACTCGAGCGCAATG-1	NK	13
AAACTCGAGGTTCGTT-1	T	14
AAACTCGAGTCGTATC-1	T	9
AAACTCGAGTGTCGCC-1	T	9
AAACTCGAGTGTGTAA-1	Myeloid	2
AAACTCGAGTTCAGGG-1	T	17
AAACTCGCAAACCGAG-1	T	7
AAACTCGCAAATGTCC-1	T	8
AAACTCGCAACCTCTC-1	NK	13
AAACTCGCAACGTAGG-1	Myeloid	2
AAACTCGCAAGGGAGG-1	T	12
AAACTCGCACACACCG-1	T	9
AAACTCGCACCACCAG-1	T	16
AAACTCGCACGGTTAT-1	T	19
AAACTCGCAGCAATGG-1	NK	5
AAACTCGCATCCCAAA-1	T	14
AAACTCGGTATGGGTG-1	Myeloid	2
AAACTCGGTCAGCTTA-1	T	10
AAACTCGGTCGATAGG-1	T	9
AAACTCGGTCTCAAAC-1	T	0
AAACTCGGTGAGCTAG-1	T	8
AAACTCGGTGAGGTCA-1	T	1
AAACTCGGTGGTAAGC-1	T	3
AAACTCGGTTCCCGGA-1	NK	5
AAACTCGGTTTAGGAA-1	T	12
AAACTCGTCAGGTTTG-1	NK	18
AAACTCGTCCAACAAC-1	NK	13
AAACTCGTCCAGTACA-1	T	0
AAACTCGTCCTGTGGG-1	NK	13
AAACTCGTCGATCTTT-1	Myeloid	2
AAACTCGTCGCACAAT-1	T	9
AAACTCGTCGCCACTT-1	NK	5
AAACTCGTCTTAACGG-1	B	6
AAACTGCAGAACTCCT-1	T	10
AAACTGCAGACCCATT-1	Myeloid	2
AAACTGCAGCTGCCAC-1	Myeloid	2
AAACTGCAGGCATGCA-1	NK	5
AAACTGCAGGCGTCCT-1	T	4
AAACTGCAGTAACACA-1	T	0
AAACTGCAGTACGACG-1	T	7
AAACTGCAGTAGGTCG-1	T	3
AAACTGCAGTGTCCCG-1	Myeloid	2
AAACTGCCAAACGACG-1	T	0
AAACTGCCAAAGGAAG-1	T	9
AAACTGCCAACGTACT-1	T	9
AAACTGCCAAGAAACT-1	T	8
AAACTGCCAAGCCAGA-1	NK	5
AAACTGCCACAAACAA-1	T	8
AAACTGCCACAAGTGG-1	T	7
AAACTGCCAGAAAGAG-1	T	11
AAACTGCCAGGTAGCA-1	T	3
AAACTGCCATTGATGC-1	T	17
AAACTGCCATTTGGTG-1	T	14
AAACTGCGTACCCATA-1	NK	13
AAACTGCGTATATGGA-1	T	0
AAACTGCGTGAGTAAT-1	T	16
AAACTGCGTGATAACA-1	T	8
AAACTGCGTGGTTCTA-1	Myeloid	2
AAACTGCGTTCTACGA-1	T	14
AAACTGCGTTCTGAAC-1	T	7
AAACTGCTCACATCCC-1	NK	13
AAACTGCTCCAAGAGG-1	T	0
AAACTGCTCCAGTTAG-1	T	3
AAACTGCTCCGTGCAG-1	T	10
AAACTGCTCCTAAGTG-1	T	3
AAACTGCTCCTCCATG-1	T	4
AAACTGCTCTGTTGCC-1	T	11
AAAGATGAGAGAGTTT-1	T	11
AAAGATGAGCAGAAAG-1	T	14
AAAGATGAGCCAGAAC-1	T	9
AAAGATGAGCTACGTT-1	T	19
AAAGATGAGCTATCGT-1	T	11
AAAGATGAGCTTTCCC-1	T	9
AAAGATGAGGAGAACA-1	T	10
AAAGATGAGGGTATCG-1	T	14
AAAGATGAGGGTGTTG-1	Myeloid	2
AAAGATGAGGTCACTT-1	T	3
AAAGATGAGTCTGTGT-1	Myeloid	2
AAAGATGAGTTAGCAA-1	T	9
AAAGATGCAAAGACGC-1	NK	5
AAAGATGCAACTTGGT-1	Myeloid	2
AAAGATGCAAGCGAAC-1	NK	13
AAAGATGCAAGGATGC-1	T	0
AAAGATGCAATTGGCT-1	T	16
AAAGATGCACAGAAGC-1	NK	13
AAAGATGCACTCCCAT-1	NK	13
AAAGATGCATGACTGT-1	T	4
AAAGATGGTACGCAAG-1	T	4
AAAGATGGTACTTGAC-1	T	8
AAAGATGGTATGAAGT-1	NK	18
AAAGATGGTGCAAGCA-1	T	19
AAAGATGGTGCGTCCA-1	T	7
AAAGATGGTTACTACG-1	NK	13
AAAGATGGTTCCCTTG-1	T	15
AAAGATGGTTCTGAGT-1	NK	13
AAAGATGGTTTCTACT-1	T	9
AAAGATGGTTTGATCG-1	T	10
AAAGATGTCAGGCGCT-1	T	8
AAAGATGTCCATACGA-1	Myeloid	2
AAAGATGTCCATCATT-1	T	7
AAAGATGTCCTGACCT-1	T	14
AAAGATGTCGCCACTT-1	B	6
AAAGATGTCGCGTTCT-1	T	8
AAAGATGTCGCTTGAA-1	T	16
AAAGATGTCTCGTAGA-1	B	6
AAAGGATAGAAAGCAG-1	T	1
AAAGGATAGAACCATA-1	T	8
AAAGGATAGAATATCG-1	T	3
AAAGGATAGAGCAGCT-1	T	16
AAAGGATAGAGTCCGA-1	T	10
AAAGGATAGCGATACG-1	T	12
AAAGGATAGGAAGAAC-1	NK	5
AAAGGATAGGGTAATT-1	T	1
AAAGGATAGTAGTCGG-1	T	7
AAAGGATAGTGCACAG-1	T	19
AAAGGATAGTTCGACT-1	Myeloid	2
AAAGGATCAAAGGTCG-1	NK	18
AAAGGATCAACGGGTA-1	T	1
AAAGGATCAACGTAGG-1	T	14
AAAGGATCAAGCGGTA-1	T	12
AAAGGATCACATTCTT-1	NK	13
AAAGGATCACCTGAAT-1	T	9
AAAGGATCACCTGTGG-1	T	15
AAAGGATCACTGCTCT-1	T	14
AAAGGATCATGACTGT-1	T	14
AAAGGATGTAACATAG-1	T	7
AAAGGATGTAAGGTCG-1	NK	13
AAAGGATGTACCCACG-1	T	7
AAAGGATGTATCGCGC-1	NK	18
AAAGGATGTCAACAGG-1	T	9
AAAGGATGTCCAGACC-1	Myeloid	2
AAAGGATGTCTGATTG-1	T	12
AAAGGATGTTCTTTCA-1	T	3
AAAGGATGTTTCGATG-1	T	12
AAAGGATTCAGTGTGT-1	T	9
AAAGGATTCATACTTC-1	T	0
AAAGGATTCCCAGTAA-1	T	3
AAAGGATTCCGTGCGA-1	T	15
AAAGGATTCGAGGTAG-1	T	19
AAAGGATTCGCATACA-1	NK	13
AAAGGATTCGGTTCCT-1	T	9
AAAGGGCAGAGCTACG-1	T	3
AAAGGGCAGCGAATAT-1	T	14
AAAGGGCAGGGCATTG-1	T	4
AAAGGGCAGGGTTCTT-1	T	17
AAAGGGCAGTACAGAT-1	T	16
AAAGGGCAGTAGGTCG-1	T	19
AAAGGGCAGTAGTGTA-1	T	12
AAAGGGCAGTCGCCTG-1	T	10
AAAGGGCAGTGATATG-1	T	14
AAAGGGCAGTTGGAAT-1	T	10
AAAGGGCCAAGTAATG-1	T	16
AAAGGGCCACTAGCCG-1	NK	18
AAAGGGCCAGGTCCTG-1	T	8
AAAGGGCCATCATAGC-1	T	17
AAAGGGCGTAGATTAG-1	T	3
AAAGGGCGTAGGTAAT-1	Myeloid	2
AAAGGGCGTAGTAACA-1	NK	5
AAAGGGCGTATCGCGC-1	T	12
AAAGGGCGTCAAACAA-1	T	4
AAAGGGCGTCAACTGT-1	T	1
AAAGGGCGTCCTCAGG-1	T	7
AAAGGGCGTGATCAGG-1	T	16
AAAGGGCGTTGTGACT-1	Myeloid	2
AAAGGGCTCAAGGCAG-1	T	4
AAAGGGCTCAGGTCTA-1	T	4
AAAGGGCTCATTCTCA-1	T	14
AAAGGGCTCCGCTATC-1	T	3
AAAGGGCTCGCACCTT-1	T	0
AAAGGGCTCTCGTAGA-1	T	0
AAATGAGAGAAGGGCG-1	B	6
AAATGAGAGATGCGAC-1	Myeloid	2
AAATGAGAGCAGTAGC-1	NK	18
AAATGAGAGCGAATAT-1	T	1
AAATGAGAGGCAGATC-1	T	8
AAATGAGAGGCTTTAC-1	T	11
AAATGAGAGGTCGTTT-1	T	3
AAATGAGAGGTGATGC-1	NK	18
AAATGAGAGTCCGTGC-1	T	0
AAATGAGAGTCGTACT-1	T	3
AAATGAGAGTCTCCAA-1	T	4
AAATGAGAGTCTGCTA-1	T	16
AAATGAGAGTGAAGGA-1	T	17
AAATGAGAGTGATAAC-1	T	1
AAATGAGAGTGTCACT-1	T	1
AAATGAGCAAACCCTA-1	T	15
AAATGAGCAAGTCTCA-1	NK	13
AAATGAGCATAGATAG-1	T	9
AAATGAGCATCGGCTG-1	T	12
AAATGAGCATTTAGGC-1	T	16
AAATGAGGTAGTCCAT-1	T	14
AAATGAGGTCAAACAA-1	T	4
AAATGAGGTCACATTG-1	T	7
AAATGAGGTCATGAGG-1	T	19
AAATGAGGTCGGCTGT-1	Myeloid	2
AAATGAGGTTTAGGAA-1	T	7
AAATGAGTCACTCCCA-1	T	8
AAATGAGTCATTCTCA-1	T	12
AAATGAGTCCGGACTG-1	NK	18
AAATGAGTCCGGGCAT-1	T	7
AAATGAGTCGAGAAGC-1	T	11
AAATGAGTCGCTGATA-1	T	19
AAATGAGTCGGGACAA-1	T	4
AAATGAGTCGGTTAGT-1	T	12
AAATGAGTCTAGCTGA-1	T	11
AAATGAGTCTATTTCG-1	B	6
AAATGAGTCTCTGCGT-1	T	14
AAATGAGTCTGAGTCA-1	T	11
AAATGAGTCTGCTACC-1	T	3
AAATGAGTCTTCATAC-1	T	16
AAATGAGTCTTTATCG-1	B	6
AAATGCCAGAAGCCGT-1	NK	13
AAATGCCAGAATCAGT-1	T	4
AAATGCCAGATATGAC-1	T	0
AAATGCCAGGGAGTTC-1	B	6
AAATGCCAGGGTCCCT-1	T	11
AAATGCCAGTATCTGC-1	Myeloid	2
AAATGCCCAACAACTC-1	T	9
AAATGCCCACTCGGAC-1	T	16
AAATGCCCAGACCTGC-1	T	8
AAATGCCCAGTAACCT-1	T	1
AAATGCCCAGTAACTC-1	T	0
AAATGCCCATCGGCTG-1	T	3
AAATGCCCATGGCCGT-1	T	8
AAATGCCCATTGCACA-1	T	17
AAATGCCGTAACCATC-1	T	14
AAATGCCGTCAACTGT-1	NK	18
AAATGCCGTCTGGGAA-1	T	4
AAATGCCGTCTGTCCT-1	T	12
AAATGCCGTGAATGGC-1	NK	13
AAATGCCGTGAATGTA-1	T	3
AAATGCCGTTACTTTC-1	NK	18
AAATGCCTCAAGAGAT-1	T	16
AAATGCCTCAGGATCT-1	T	4
AAATGCCTCAGGGTTT-1	T	8
AAATGCCTCCAATCCC-1	Myeloid	2
AAATGCCTCCTGGGAC-1	T	9
AAATGCCTCCTTCGAC-1	T	0
AAATGCCTCGGATCGC-1	NK	13
AAATGCCTCTCGGCGA-1	T	11
AAATGCCTCTCTTCCT-1	T	3
AACAAAGAGAGAACCC-1	NK	13
AACAAAGAGATGAGGA-1	NK	13
AACAAAGAGATTCCGT-1	T	14
AACAAAGAGCAGTAGC-1	B	6
AACAAAGAGGATTTGA-1	B	6
AACAAAGAGGCAGTGT-1	T	14
AACAAAGAGGCTTCGC-1	T	0
AACAAAGAGTGAGCAC-1	T	8
AACAAAGAGTTGAATG-1	T	4
AACAAAGAGTTGACAA-1	T	0
AACAAAGCAAAGAGAG-1	T	0
AACAAAGCACAGGTAG-1	T	19
AACAAAGCACGGCCAT-1	T	19
AACAAAGCATAGCAGG-1	T	16
AACAAAGCATAGTCCA-1	NK	18
AACAAAGCATGGCCTG-1	T	8
AACAAAGGTAATGTGA-1	T	16
AACAAAGGTACCCATA-1	T	3
AACAAAGGTCCCGTGA-1	T	16
AACAAAGGTCTGTTGA-1	NK	5
AACAAAGGTGCGACCT-1	T	1
AACAAAGGTGGTAAGC-1	T	14
AACAAAGGTTAACTCG-1	T	9
AACAAAGTCACATCCC-1	T	1
AACAAAGTCCCGTAGG-1	T	7
AACAAAGTCGGTAGGA-1	B	6
AACAAAGTCGTTCTAT-1	T	8
AACAAAGTCGTTTGAG-1	Myeloid	2
AACAGTCAGAAGAGTG-1	T	9
AACAGTCAGAGGTGGG-1	NK	18
AACAGTCAGCCCATTA-1	T	0
AACAGTCAGGTAGGAA-1	T	4
AACAGTCAGGTTAGTA-1	Myeloid	2
AACAGTCAGTACGCGA-1	T	9
AACAGTCAGTAGGAAG-1	B	6
AACAGTCCAACGCAAG-1	T	4
AACAGTCCAACTCAAC-1	T	11
AACAGTCCAAGATGCG-1	Myeloid	2
AACAGTCCAAGCGAAC-1	T	4
AACAGTCCAGGGCTTC-1	NK	13
AACAGTCCAGGTCCTG-1	NK	18
AACAGTCGTCTGATTG-1	T	0
AACAGTCGTGAATCGG-1	T	0
AACAGTCGTGTGTGCC-1	T	15
AACAGTCGTTAAGGGC-1	T	7
AACAGTCGTTAGGCTT-1	T	3
AACAGTCGTTTCGACA-1	T	7
AACAGTCTCAAGAGGC-1	B	6
AACAGTCTCAATTCCT-1	T	3
AACAGTCTCCAGTTAG-1	T	9
AACAGTCTCCGTGCAG-1	NK	5
AACAGTCTCCTGTGGG-1	T	1
AACAGTCTCGAAGCCC-1	T	3
AACAGTCTCGACCCGA-1	T	12
AACAGTCTCGCCGAAC-1	NK	18
AACAGTCTCTGTTGCC-1	T	9
AACATCGAGCAGGACT-1	T	14
AACATCGAGCGAATAT-1	T	14
AACATCGAGGTACTCT-1	T	8
AACATCGAGTACAGTA-1	T	17
AACATCGAGTGGACGT-1	T	14
AACATCGAGTGTCGCC-1	T	8
AACATCGCAAAGCTGG-1	T	16
AACATCGCAACGACAG-1	T	8
AACATCGCAAGGTTCT-1	T	15
AACATCGCAAGTCTCA-1	T	11
AACATCGCAATCACTG-1	NK	13
AACATCGCAGCACATT-1	Myeloid	2
AACATCGCAGCCACGT-1	B	6
AACATCGCAGGTGGTA-1	T	16
AACATCGCATCGCTAA-1	T	9
AACATCGCATGGAGGT-1	T	14
AACATCGGTAACAATG-1	T	8
AACATCGGTAACCCAT-1	T	0
AACATCGGTACTTGAC-1	Myeloid	2
AACATCGGTAGCTGTT-1	T	17
AACATCGGTAGTAACA-1	T	15
AACATCGGTAGTGATA-1	T	11
AACATCGGTCCACCAG-1	T	19
AACATCGGTCCCTTTG-1	T	8
AACATCGGTCGACTGC-1	T	16
AACATCGGTGAGTCGA-1	T	11
AACATCGGTGATTCCA-1	T	19
AACATCGGTGCGCATC-1	Myeloid	2
AACATCGGTTTGCGAT-1	T	1
AACATCGTCAGGAATA-1	NK	18
AACATCGTCCCGTATC-1	T	14
AACATCGTCCGCCTAT-1	B	6
AACATCGTCCTGTGGG-1	NK	5
AACATCGTCGAGTGTT-1	T	17
AACATCGTCGCGCTGA-1	T	14
AACATCGTCGGATAGG-1	T	17
AACATCGTCGGTTAGT-1	T	1
AACATCGTCGGTTGTA-1	T	4
AACATCGTCGTGGTAT-1	T	1
AACATCGTCGTTCAGA-1	T	14
AACATCGTCTAAACGC-1	NK	18
AACATCGTCTAGCTGA-1	T	0
AACATCGTCTCGCGTT-1	T	4
AACCAACAGACGCCCT-1	NK	13
AACCAACAGATCGCCC-1	T	14
AACCAACAGATTCCGT-1	T	3
AACCAACAGCTCGGCT-1	NK	5
AACCAACAGGCTCAGA-1	T	10
AACCAACAGGCTTAAA-1	T	0
AACCAACAGTAGCAAT-1	T	8
AACCAACCAAGGTCGA-1	T	14
AACCAACCAATGGTAA-1	T	0
AACCAACCACAGCTTA-1	B	6
AACCAACCATACCCGG-1	T	8
AACCAACCATAGAATG-1	T	12
AACCAACCATAGCAGG-1	T	11
AACCAACCATCGCTAA-1	T	14
AACCAACCATGCGCTG-1	T	1
AACCAACGTAAACGTA-1	T	7
AACCAACGTACGACCC-1	T	9
AACCAACGTACTATGC-1	T	15
AACCAACGTCCTTATT-1	NK	13
AACCAACGTCGCGCTA-1	Myeloid	2
AACCAACGTCTCGGGT-1	T	10
AACCAACGTGCAAAGC-1	NK	13
AACCAACGTGCATTGT-1	B	6
AACCAACGTTTCGATG-1	T	3
AACCAACTCAACGTGT-1	T	3
AACCAACTCACGTCAA-1	T	4
AACCAACTCGGTCAGC-1	T	0
AACCAACTCGTGGAAG-1	T	12
AACCAACTCTGGCACG-1	T	15
AACCGATAGACCAATA-1	T	14
AACCGATAGCAATAAC-1	T	8
AACCGATAGCGGACAT-1	T	0
AACCGATAGCTACGCC-1	T	14
AACCGATAGGTTACAA-1	NK	5
AACCGATAGGTTTCTG-1	T	1
AACCGATAGTCGAGCA-1	NK	5
AACCGATAGTCTCTAG-1	T	10
AACCGATCAAATTGAG-1	Myeloid	2
AACCGATCAAGTTGCT-1	T	9
AACCGATCACAGTTAC-1	T	14
AACCGATCACTACACA-1	T	3
AACCGATCACTCCCAT-1	T	1
AACCGATCACTGCTTC-1	Myeloid	2
AACCGATCAGTAAGCG-1	NK	13
AACCGATCATTGATGC-1	T	7
AACCGATGTACATGGG-1	NK	13
AACCGATGTATATGGA-1	T	7
AACCGATGTCACCCGA-1	Myeloid	2
AACCGATGTCAGGTGA-1	T	1
AACCGATGTGATAACA-1	B	6
AACCGATGTTCTACGA-1	NK	13
AACCGATGTTGAAGCG-1	T	8
AACCGATGTTTGTAGC-1	T	12
AACCGATTCAAACCAC-1	T	15
AACCGATTCACGTCAA-1	T	15
AACCGATTCAGGATCT-1	T	12
AACCGATTCATCGCCT-1	T	15
AACCGATTCATGAACC-1	NK	18
AACCGATTCATGCTTT-1	T	12
AACCGATTCCAGGGAA-1	T	9
AACCGATTCCTTACGC-1	NK	18
AACCGATTCGCGCCAA-1	T	0
AACCGATTCGGTCTCT-1	T	10
AACCGATTCGGTTAGT-1	T	10
AACCGATTCGTTCAGA-1	NK	18
AACCGATTCTATAGGC-1	T	11
AACCGATTCTCCAACC-1	T	0
AACCGATTCTTACCTA-1	T	7
AACCTGAAGAAAGGGT-1	T	19
AACCTGAAGAAGAGTG-1	T	9
AACCTGAAGACTAGGC-1	T	14
AACCTGAAGAGCTACG-1	T	9
AACCTGAAGAGGCCTA-1	T	15
AACCTGAAGATCACCT-1	T	15
AACCTGAAGATTAGAC-1	NK	18
AACCTGAAGCAGAAAG-1	T	19
AACCTGAAGGATTTGA-1	T	0
AACCTGAAGTGCTCGC-1	T	3
AACCTGACAAAGGTCG-1	T	1
AACCTGACAATAGCGG-1	NK	13
AACCTGACACTCCACT-1	T	10
AACCTGACAGACCTGC-1	T	10
AACCTGACAGTATCTG-1	T	19
AACCTGACATCAACTG-1	T	3
AACCTGACATCCATAG-1	Myeloid	2
AACCTGACATGGCCTG-1	B	6
AACCTGAGTCAAACAA-1	T	1
AACCTGAGTCAATACC-1	T	4
AACCTGAGTCCAGACC-1	T	16
AACCTGAGTCCCGTGA-1	T	9
AACCTGAGTGCAACAG-1	T	0
AACCTGATCAAATGGA-1	T	16
AACCTGATCCATCATT-1	NK	18
AACCTGATCCCGTAGG-1	Myeloid	2
AACCTGATCGGCATAT-1	NK	18
AACCTGATCGTCCCAT-1	T	10
AACCTGATCTCGCGTT-1	T	3
AACCTGATCTTATCAC-1	T	16
AACCTTTAGAACCATA-1	NK	13
AACCTTTAGACCCATT-1	T	7
AACCTTTAGATCTCAC-1	T	9
AACCTTTAGCCTGTAT-1	T	4
AACCTTTAGCGTATCT-1	T	4
AACCTTTAGCTGAAAT-1	T	15
AACCTTTAGCTTACCA-1	T	16
AACCTTTAGGAACCGT-1	T	7
AACCTTTAGGGACGTT-1	Myeloid	2
AACCTTTAGGTAGGAA-1	NK	18
AACCTTTAGGTCCTCG-1	T	16
AACCTTTAGTAGTTCC-1	T	9
AACCTTTCAACGTCGC-1	NK	18
AACCTTTCAAGCCAGA-1	T	1
AACCTTTCAATGGTCT-1	T	16
AACCTTTCAATTCGTG-1	T	11
AACCTTTCAGGCACAA-1	NK	18
AACCTTTCAGTTGCAT-1	T	9
AACCTTTCATCTCTCG-1	T	9
AACCTTTCATTCACCC-1	T	9
AACCTTTCATTGCCTC-1	T	4
AACCTTTGTACTATGC-1	T	10
AACCTTTGTAGTGATA-1	B	6
AACCTTTGTCAGCTTA-1	T	12
AACCTTTGTGCCCTAG-1	T	4
AACCTTTGTTACCACA-1	T	3
AACCTTTGTTCTGAAC-1	Myeloid	2
AACCTTTGTTCTTAGG-1	T	4
AACCTTTGTTTAGGAA-1	T	11
AACCTTTTCAAGGCAG-1	Myeloid	2
AACCTTTTCAGGTCTA-1	T	14
AACCTTTTCCAGTACA-1	T	1
AACCTTTTCCCGGGTA-1	T	7
AACCTTTTCTATCTCA-1	T	11
AACGAGGAGAACGCCA-1	T	4
AACGAGGAGCCCATTA-1	T	11
AACGAGGAGCGAATAT-1	T	11
AACGAGGAGGCTGGAT-1	T	4
AACGAGGCAAAGCATA-1	T	9
AACGAGGCAACGTACT-1	T	14
AACGAGGCAAGCAATA-1	T	1
AACGAGGCACCACAGC-1	T	11
AACGAGGCACTCAAGT-1	T	12
AACGAGGCAGTCAGAG-1	T	11
AACGAGGGTAAGGTCG-1	T	12
AACGAGGGTATTGTCG-1	T	0
AACGAGGGTCTGGGCT-1	T	3
AACGAGGGTGGACGAT-1	T	7
AACGAGGGTTACGGAG-1	T	12
AACGAGGGTTAGGAGC-1	T	7
AACGAGGTCAAGGCAG-1	T	10
AACGAGGTCAGGAATA-1	T	17
AACGAGGTCCACTAGA-1	T	9
AACGAGGTCCCAATAG-1	T	19
AACGAGGTCGATTACG-1	T	14
AACGAGGTCGCGATGC-1	T	14
AACGAGGTCGGATCGC-1	T	19
AACGAGGTCGGTGATT-1	T	11
AACGAGGTCGTCTTAT-1	T	9
AACGAGGTCTCCTTAA-1	T	17
AACGAGGTCTGATCCC-1	T	7
AACGAGGTCTGATCTT-1	T	9
AACGGGAAGAATCAAC-1	T	3
AACGGGAAGAGGCGGA-1	T	1
AACGGGAAGCATTCCA-1	T	17
AACGGGAAGCGAGCTA-1	T	10
AACGGGAAGGCAGTGT-1	NK	13
AACGGGAAGGTTCTCA-1	Myeloid	2
AACGGGAAGTAGACCG-1	T	14
AACGGGAAGTCGAAAT-1	T	3
AACGGGAAGTCGTACT-1	T	8
AACGGGAAGTGGTGTG-1	T	14
AACGGGAAGTTATGAG-1	T	12
AACGGGACACAAGTGG-1	T	9
AACGGGACACAGGTAG-1	T	8
AACGGGACACATCATG-1	T	11
AACGGGACACCCATCT-1	T	10
AACGGGACACGAACGA-1	T	12
AACGGGACACGTACAT-1	T	0
AACGGGACACTACACA-1	T	1
AACGGGACAGACTAAA-1	T	17
AACGGGACAGAGTCGA-1	T	17
AACGGGACAGTTGGAG-1	NK	18
AACGGGACATAGACGG-1	T	7
AACGGGACATGGTTTG-1	T	7
AACGGGAGTATCTCAG-1	T	8
AACGGGAGTCGTAGTT-1	T	9
AACGGGAGTGCTAGTT-1	NK	13
AACGGGAGTTCCAATG-1	NK	13
AACGGGAGTTCCCGGA-1	T	12
AACGGGAGTTTCAGCA-1	T	4
AACGGGATCAGGCGCT-1	T	11
AACGGGATCCCGATTC-1	T	3
AACGGGATCCTGGGAC-1	T	10
AACGGGATCGCACCGA-1	T	12
AACGGGATCGGCTATA-1	T	16
AACGGGATCGGTCTAA-1	T	7
AACGGGATCGTTGTTT-1	T	4
AACGGGATCTATCCTA-1	T	9
AACGGGATCTCCCTTT-1	T	17
AACGGGATCTCTCAAT-1	T	8
AACGGGATCTGAAAGA-1	T	17
AACGTACAGAAGACTT-1	T	11
AACGTACAGAGATTAC-1	T	7
AACGTACAGATCACCT-1	T	3
AACGTACAGATGCGCA-1	T	0
AACGTACAGATTGACA-1	T	12
AACGTACAGCTATCGT-1	NK	5
AACGTACAGGGAAATG-1	T	8
AACGTACAGTATGGGC-1	NK	18
AACGTACAGTGCACAG-1	T	12
AACGTACAGTGCTAGG-1	T	3
AACGTACAGTTCAGGG-1	Myeloid	2
AACGTACCAAAGGTCG-1	Myeloid	2
AACGTACCAAGTCCTA-1	T	3
AACGTACCAAGTTCGT-1	T	12
AACGTACCACATGATC-1	NK	18
AACGTACCACGATATC-1	NK	13
AACGTACCACTAAACC-1	B	6
AACGTACCAGATGGCA-1	Myeloid	2
AACGTACCAGTAAGAT-1	T	9
AACGTACCATGCCTTC-1	T	16
AACGTACCATTTGGTG-1	T	14
AACGTACGTACCGGCT-1	NK	13
AACGTACGTACGCAAG-1	Myeloid	2
AACGTACGTATCCTTT-1	T	14
AACGTACGTCAGAGTG-1	NK	18
AACGTACGTCCACCAG-1	NK	18
AACGTACGTCTGAGCC-1	Myeloid	2
AACGTACGTGCGACCT-1	T	0
AACGTACGTGTTGTTG-1	B	6
AACGTACGTTCCAGTA-1	T	4
AACGTACGTTTAGAAG-1	NK	18
AACGTACTCACAAGCT-1	T	4
AACGTACTCACCCTTG-1	Myeloid	2
AACGTACTCAGGCGCT-1	T	7
AACGTACTCAGTCAAC-1	T	3
AACGTACTCAGTGGTT-1	T	15
AACGTACTCATCGCTC-1	T	17
AACGTACTCCAATAGC-1	Myeloid	2
AACGTACTCCCAATAG-1	T	12
AACGTACTCGCTTGAA-1	T	1
AACGTACTCTAGTCGA-1	B	6
AACGTACTCTGGCCAG-1	NK	18
AACTGGTAGACTAATG-1	T	8
AACTGGTAGAGTCCGA-1	T	3
AACTGGTAGCATACCT-1	T	3
AACTGGTAGGATGTCG-1	T	11
AACTGGTAGTACCCAT-1	T	7
AACTGGTAGTCGCCTG-1	T	1
AACTGGTAGTCGTACT-1	T	9
AACTGGTAGTTATGAG-1	T	14
AACTGGTCAAGTCTCA-1	T	1
AACTGGTCAATTCAGC-1	T	1
AACTGGTCACCGTCTT-1	T	3
AACTGGTCAGGCACAA-1	T	9
AACTGGTCAGGTAGGT-1	T	14
AACTGGTCAGTAACCT-1	NK	13
AACTGGTCATAGAATG-1	T	4
AACTGGTCATTAAGGA-1	T	3
AACTGGTGTCAGACGA-1	NK	18
AACTGGTGTGCGACCT-1	T	12
AACTGGTGTGCTGAAG-1	B	6
AACTGGTGTGTCCCAG-1	T	0
AACTGGTGTTCCAATG-1	T	16
AACTGGTGTTCGGGAA-1	T	0
AACTGGTTCAGGTTTG-1	T	17
AACTGGTTCCAGGGAA-1	NK	13
AACTGGTTCCATATCT-1	T	4
AACTGGTTCCTATCAT-1	T	8
AACTGGTTCCTTTGCG-1	T	16
AACTGGTTCGATGTAC-1	T	8
AACTGGTTCGCACCTT-1	T	0
AACTGGTTCGCCACTT-1	T	17
AACTGGTTCGCCGAAC-1	T	8
AACTGGTTCGGTAGGA-1	T	14
AACTGGTTCGTGGTAT-1	T	4
AACTGGTTCTCATATC-1	T	11
AACTGGTTCTGATCCC-1	NK	18
AACTGGTTCTTACCTA-1	T	10
AACTGGTTCTTGTCGC-1	T	1
AACTGTGAGACTCTTG-1	Myeloid	2
AACTGTGAGAGAGTTT-1	NK	18
AACTGTGAGATGCGCA-1	NK	13
AACTGTGAGCGAGCTA-1	NK	18
AACTGTGAGCGATACG-1	T	16
AACTGTGAGCGCAATG-1	T	12
AACTGTGAGGCGATTG-1	T	10
AACTGTGAGGGTCCCT-1	NK	5
AACTGTGAGTGGTGTG-1	Myeloid	2
AACTGTGAGTTCAGGG-1	Myeloid	2
AACTGTGCAAAGACGC-1	Myeloid	2
AACTGTGCAATCCATG-1	T	14
AACTGTGCAATTCTCT-1	T	9
AACTGTGCACTTTGGA-1	T	9
AACTGTGCAGATTAAG-1	T	1
AACTGTGCATGGATGG-1	T	4
AACTGTGGTATTGTCG-1	T	11
AACTGTGGTCTGGATT-1	T	0
AACTGTGGTGCATCAT-1	T	0
AACTGTGGTGGACAGT-1	T	14
AACTGTGGTTCCAGTA-1	T	17
AACTGTGGTTGCAGCC-1	T	16
AACTGTGGTTGGTAAA-1	NK	13
AACTGTGTCAAACCAC-1	T	10
AACTGTGTCAACTTGG-1	T	16
AACTGTGTCCCACTTG-1	T	17
AACTGTGTCCGTCAAA-1	NK	13
AACTGTGTCGCCAGAC-1	T	7
AACTTGGAGAAATTCG-1	T	16
AACTTGGAGAACAGGA-1	NK	18
AACTTGGAGCGAGAAA-1	T	14
AACTTGGAGGATATCA-1	T	7
AACTTGGAGGCGTAGT-1	T	3
AACTTGGAGGCTCAGA-1	NK	13
AACTTGGAGTAGGAAG-1	T	12
AACTTGGAGTGCTGAG-1	NK	13
AACTTGGAGTGGTGTG-1	Myeloid	2
AACTTGGAGTGTTCCA-1	T	0
AACTTGGAGTTATGAG-1	T	15
AACTTGGCAAGATGCG-1	T	16
AACTTGGCACTACACA-1	T	4
AACTTGGCACTCAAGT-1	T	3
AACTTGGCACTCGTGG-1	T	12
AACTTGGGTAACAATG-1	T	19
AACTTGGGTACAAATG-1	T	17
AACTTGGGTACGTAAA-1	T	0
AACTTGGGTAGGTCTT-1	T	17
AACTTGGGTCAGACGA-1	T	4
AACTTGGGTCTAACCA-1	B	6
AACTTGGGTCTCTGGG-1	T	11
AACTTGGGTCTTAGCA-1	T	11
AACTTGGGTTACTACG-1	Myeloid	2
AACTTGGGTTAGTAGA-1	T	9
AACTTGGTCACAAGCT-1	T	8
AACTTGGTCACAGGGA-1	Myeloid	2
AACTTGGTCACCGCGA-1	NK	13
AACTTGGTCAGTGTAC-1	T	3
AACTTGGTCCAGAGAG-1	T	12
AACTTGGTCCAGGTAT-1	NK	18
AACTTGGTCCGTCAAA-1	T	10
AACTTGGTCCTCTCTT-1	T	0
AACTTGGTCGACTGGC-1	T	16
AACTTGGTCGAGTTAC-1	T	0
AACTTGGTCGCATAAC-1	T	19
AACTTGGTCGTGGCGT-1	NK	18
AACTTGGTCTTCCGTG-1	T	1
AACTTGGTCTTGTGCC-1	T	8
AAGATAGAGAGTTTGA-1	NK	18
AAGATAGAGATCGAGC-1	B	6
AAGATAGAGATGCGAC-1	Myeloid	2
AAGATAGAGCAGAGCT-1	T	1
AAGATAGAGCGGACAT-1	T	4
AAGATAGAGCTGCCAC-1	T	3
AAGATAGAGGATGTCG-1	NK	13
AAGATAGAGGCGATTG-1	T	12
AAGATAGAGGTCGGTA-1	T	12
AAGATAGAGTTGGAAT-1	NK	18
AAGATAGCAAATTCCG-1	B	6
AAGATAGCAACAAACA-1	T	16
AAGATAGCAACGAGGT-1	T	9
AAGATAGCAAGCCCTG-1	T	7
AAGATAGCAAGGGTAC-1	T	1
AAGATAGCAATCAGGG-1	T	19
AAGATAGCACAAACGG-1	T	0
AAGATAGCAGTAAGCG-1	NK	13
AAGATAGCAGTGCTCG-1	T	19
AAGATAGCATGGCCGT-1	T	16
AAGATAGGTATCACAC-1	T	1
AAGATAGGTCCGTAGC-1	T	0
AAGATAGGTGAAACAT-1	T	4
AAGATAGGTGACAAGC-1	T	4
AAGATAGGTGCTGGCT-1	T	8
AAGATAGGTTCAGTAC-1	T	7
AAGATAGGTTCCCGGA-1	NK	18
AAGATAGTCACTACCC-1	T	17
AAGATAGTCCAGGTAT-1	T	3
AAGATAGTCCATTGTT-1	T	16
AAGATAGTCCGGACTG-1	T	14
AAGATAGTCGAGCGCT-1	T	10
AAGATAGTCGCTACCT-1	T	11
AAGATAGTCGGGCTCA-1	T	0
AAGATAGTCGGTCTCT-1	T	9
AAGATAGTCTATCTAC-1	T	16
AAGGAGCAGAAGACTT-1	T	3
AAGGAGCAGACACGGT-1	T	15
AAGGAGCAGGAGTACC-1	NK	13
AAGGAGCAGGCGTCCT-1	T	9
AAGGAGCAGTAATGTG-1	B	6
AAGGAGCAGTACCTCA-1	B	6
AAGGAGCAGTCGTGAG-1	T	9
AAGGAGCCAATAGTGA-1	NK	18
AAGGAGCCACACACAT-1	T	1
AAGGAGCCACTCAGCG-1	NK	18
AAGGAGCCACTCCACT-1	NK	18
AAGGAGCCAGGATGTG-1	NK	5
AAGGAGCCATTACTTC-1	T	12
AAGGAGCGTAAGTGCG-1	T	10
AAGGAGCGTAGCTGTT-1	T	7
AAGGAGCGTCCAAGAG-1	NK	13
AAGGAGCGTCCGTCGA-1	T	7
AAGGAGCGTCCTCAGG-1	T	4
AAGGAGCGTCTGTTGA-1	T	0
AAGGAGCGTTGTATCG-1	T	4
AAGGAGCTCAAACCCA-1	T	9
AAGGAGCTCAACACGT-1	NK	13
AAGGAGCTCCAATAGC-1	NK	18
AAGGAGCTCCATACGA-1	T	4
AAGGAGCTCCGTTAGA-1	T	8
AAGGAGCTCCTAAAGC-1	Myeloid	2
AAGGAGCTCCTCATTA-1	T	8
AAGGAGCTCCTTTGAT-1	T	19
AAGGAGCTCTCTCAAT-1	Myeloid	2
AAGGAGCTCTTAACGG-1	T	11
AAGGAGCTCTTCATAC-1	T	16
AAGGTTCAGAAATACC-1	T	12
AAGGTTCAGAAGCCGT-1	Myeloid	2
AAGGTTCAGACTAGGC-1	T	16
AAGGTTCAGCATTCCA-1	T	11
AAGGTTCAGCGTATCT-1	NK	13
AAGGTTCAGGTCCTCG-1	T	12
AAGGTTCAGTACCCAT-1	T	16
AAGGTTCAGTCTCTAG-1	B	6
AAGGTTCCAAATGTCC-1	T	11
AAGGTTCCAACTAGAA-1	B	6
AAGGTTCCAACTGCGC-1	T	0
AAGGTTCCAAGGAGGG-1	T	9
AAGGTTCCACAGTTAC-1	T	14
AAGGTTCCACATTGCA-1	T	10
AAGGTTCCACTCAGCG-1	T	7
AAGGTTCCACTGCTCT-1	NK	13
AAGGTTCCACTTACAG-1	T	8
AAGGTTCCAGTAACTC-1	T	15
AAGGTTCCAGTAAGAT-1	T	8
AAGGTTCCATTCACCC-1	B	6
AAGGTTCCATTCTTTG-1	T	0
AAGGTTCGTAACTCCA-1	T	19
AAGGTTCGTAAGTGCG-1	NK	5
AAGGTTCGTCAACGGA-1	Myeloid	2
AAGGTTCGTGATAGAT-1	T	10
AAGGTTCGTGGCATAG-1	B	6
AAGGTTCTCAACTTGG-1	T	12
AAGGTTCTCACGTCAA-1	T	4
AAGGTTCTCCCACTTG-1	NK	18
AAGGTTCTCGACTATG-1	T	19
AAGGTTCTCGACTCGG-1	T	10
AAGGTTCTCGCCCTTA-1	Myeloid	2
AAGGTTCTCGCTCGGA-1	NK	5
AAGGTTCTCGCTTCAC-1	T	8
AAGGTTCTCGGAAAGC-1	T	12
AAGGTTCTCGTCTTAT-1	Myeloid	2
AAGGTTCTCGTGGCGT-1	NK	13
AAGGTTCTCGTTTGAG-1	T	0
AAGGTTCTCTGACTTT-1	T	9
AAGGTTCTCTGGCCAG-1	T	16
AAGGTTCTCTTCCACG-1	Myeloid	2
AATACGCAGAAACGCC-1	T	15
AATACGCAGAAGCCTG-1	T	10
AATACGCAGACACGGT-1	T	15
AATACGCAGCTCCGGT-1	B	6
AATACGCAGCTGAAAT-1	T	17
AATACGCAGCTGGAGT-1	T	3
AATACGCAGTAACATG-1	Myeloid	2
AATACGCAGTTGAATG-1	NK	18
AATACGCAGTTTGGAA-1	T	9
AATACGCCAAGCTTTG-1	T	8
AATACGCCAAGGATGC-1	T	10
AATACGCCACCGTTGG-1	T	14
AATACGCCACTCCTCA-1	T	16
AATACGCCAGATTAAG-1	NK	18
AATACGCCAGTAGTCT-1	T	3
AATACGCCAGTCAGAG-1	B	6
AATACGCCATACAACC-1	T	4
AATACGCCATGGCCCA-1	T	4
AATACGCGTACAAATG-1	NK	18
AATACGCGTATGTTCG-1	NK	5
AATACGCGTCAGACGA-1	T	0
AATACGCGTCGTAATC-1	Myeloid	2
AATACGCGTCTGTTGA-1	NK	13
AATACGCGTTTGTAGC-1	T	15
AATACGCTCCAAGTCA-1	T	0
AATACGCTCGAACACT-1	T	11
AATACGCTCGGTAGGA-1	NK	5
AATACGCTCTTATCAC-1	T	0
AATGCCAAGAAATCTG-1	T	15
AATGCCAAGAACTAAC-1	T	14
AATGCCAAGACCCATT-1	T	3
AATGCCAAGCGAGCTA-1	T	16
AATGCCAAGCTCCATA-1	T	17
AATGCCAAGGTTACAA-1	T	14
AATGCCAAGTACCCAT-1	T	12
AATGCCAAGTCCGGAA-1	T	9
AATGCCAAGTCGAGCA-1	T	10
AATGCCAAGTGGTGTG-1	T	17
AATGCCAAGTTCTCCC-1	NK	18
AATGCCAAGTTGGAAT-1	T	3
AATGCCACACAAGTGG-1	T	11
AATGCCACACATGATC-1	T	16
AATGCCACACGGTTAT-1	T	8
AATGCCACAGATGGCA-1	T	10
AATGCCACAGCAAACG-1	T	10
AATGCCAGTAACTGAA-1	NK	13
AATGCCAGTAATGCCT-1	NK	18
AATGCCAGTACCCATA-1	Myeloid	2
AATGCCAGTAGATGAT-1	NK	13
AATGCCAGTAGGGTTG-1	T	16
AATGCCAGTATTCTCT-1	T	7
AATGCCAGTCGTAATC-1	T	19
AATGCCAGTGAAACAT-1	T	11
AATGCCAGTTACGCTA-1	T	7
AATGCCAGTTCCCTTG-1	NK	5
AATGCCAGTTTCCGGG-1	T	8
AATGCCATCAAAGTAG-1	NK	5
AATGCCATCAAATGGA-1	T	11
AATGCCATCAGCACTA-1	Myeloid	2
AATGCCATCCAGTTAG-1	NK	13
AATGCCATCCATACCC-1	T	10
AATGCCATCCCGAAGC-1	T	4
AATGCCATCGCTTCAC-1	T	3
AATGCCATCGGTCTAA-1	T	17
AATGCCATCTTCAGAG-1	T	8
AATGGAAAGATAGGTT-1	T	16
AATGGAAAGATCGCCC-1	T	7
AATGGAAAGCAATGTA-1	T	7
AATGGAAAGCACACCC-1	T	9
AATGGAAAGCGTCTGC-1	T	12
AATGGAAAGCTCCGGT-1	T	4
AATGGAAAGGCAGTGT-1	NK	18
AATGGAAAGGCCAGTA-1	T	9
AATGGAAAGGGAAGCG-1	B	6
AATGGAAAGGTCGTTT-1	T	3
AATGGAAAGGTTAACA-1	Myeloid	2
AATGGAACAAGACTTC-1	T	19
AATGGAACACAAACAA-1	T	10
AATGGAACACAGGTAG-1	T	7
AATGGAACACGATTAC-1	T	17
AATGGAACACTACACA-1	T	4
AATGGAACAGCAATGG-1	T	16
AATGGAACAGCGTGAA-1	T	16
AATGGAACAGGTAACG-1	T	14
AATGGAACATGATTGC-1	NK	18
AATGGAACATGGAGGT-1	T	1
AATGGAACATTAGCAC-1	T	4
AATGGAAGTAAACCCT-1	T	11
AATGGAAGTAAACGGC-1	NK	13
AATGGAAGTAACTCCA-1	T	7
AATGGAAGTACATGGG-1	T	7
AATGGAAGTATTCTCT-1	T	12
AATGGAAGTATTGTCG-1	T	7
AATGGAAGTCAGCAAG-1	Myeloid	2
AATGGAAGTCCTATTT-1	NK	13
AATGGAAGTGAATCAA-1	Myeloid	2
AATGGAATCACTACCC-1	NK	18
AATGGAATCAGAACGG-1	T	0
AATGGAATCAGGGTTT-1	NK	18
AATGGAATCAGTCAAC-1	T	7
AATGGAATCGCCCTTA-1	T	12
AATGGAATCGCCTTAC-1	T	16
AATGGAATCTATACCT-1	T	16
AATGGAATCTGGTACA-1	T	3
AATGGCTAGAGGTGGG-1	T	0
AATGGCTAGATTCCGT-1	NK	18
AATGGCTAGGGCATTG-1	T	3
AATGGCTAGTACTCTG-1	T	14
AATGGCTAGTTCGCGC-1	T	16
AATGGCTCAAATTCCG-1	T	1
AATGGCTCAGGATAGC-1	T	1
AATGGCTCATGGAGGT-1	T	9
AATGGCTCATTCGTCC-1	T	19
AATGGCTGTACGACCC-1	Myeloid	2
AATGGCTGTACTATGC-1	NK	13
AATGGCTGTAGAAAGG-1	T	1
AATGGCTGTAGAGAGA-1	T	16
AATGGCTGTAGCGTTT-1	T	7
AATGGCTGTCACATTG-1	Myeloid	2
AATGGCTGTCAGGTGA-1	T	9
AATGGCTGTGAGGGTT-1	T	4
AATGGCTTCAGCCGGT-1	NK	18
AATGGCTTCAGTCAAC-1	T	11
AATGGCTTCAGTCTTT-1	T	7
AATGGCTTCCAACCTC-1	T	4
AATGGCTTCCTATCCG-1	T	19
AATGGCTTCGCTTCAC-1	NK	5
AATGGCTTCGGAGTTT-1	NK	13
AATGGCTTCGTGGCGT-1	T	9
AATGGCTTCTCTCAAT-1	T	16
AATGGCTTCTGCGTCT-1	T	12
AATGGCTTCTGGACAT-1	Myeloid	2
AATGGCTTCTTGTCAT-1	T	1
AATGGCTTCTTTGCAT-1	T	8
AATGTCGAGCTTCAAC-1	T	10
AATGTCGAGGCTCCTG-1	T	14
AATGTCGAGTAGTGTA-1	T	16
AATGTCGAGTAGTTCC-1	NK	18
AATGTCGAGTGATATG-1	T	8
AATGTCGAGTTGTCCA-1	T	15
AATGTCGCAACGGGTA-1	Myeloid	2
AATGTCGCAACGTAGG-1	NK	18
AATGTCGCAACTCGTA-1	T	16
AATGTCGCACCAAGGA-1	T	10
AATGTCGCACCGTTGG-1	B	6
AATGTCGCAGGTGTCC-1	T	3
AATGTCGCATTGAACC-1	Myeloid	2
AATGTCGCATTTGGCA-1	T	11
AATGTCGGTAAAGCTA-1	T	16
AATGTCGGTACCAAGG-1	T	4
AATGTCGGTAGTCCAT-1	T	0
AATGTCGGTCACAGGA-1	T	0
AATGTCGGTCCGTAGC-1	T	8
AATGTCGGTTCCCAAA-1	T	1
AATGTCGGTTTGACCA-1	T	12
AATGTCGGTTTGATCG-1	T	9
AATGTCGTCAGTGTAC-1	T	11
AATGTCGTCCACACCT-1	T	0
AATGTCGTCCAGAATC-1	T	14
AATGTCGTCCAGGCCA-1	T	12
AATGTCGTCCGTCAAA-1	T	12
AATGTCGTCGCTATTT-1	T	3
AATGTCGTCGGGAATG-1	T	14
AATGTCGTCGTCCCAT-1	T	12
AATGTCGTCTCCTTGG-1	T	19
AATGTCGTCTCGACAA-1	T	4
AATGTCGTCTTCCGTG-1	T	11
ACAAACCAGAAGACTT-1	T	15
ACAAACCAGAAGCCTG-1	B	6
ACAAACCAGAATCAAC-1	T	9
ACAAACCAGAATGCTA-1	T	9
ACAAACCAGAGCACTG-1	T	4
ACAAACCAGAGGTGGG-1	T	0
ACAAACCAGATGCGAC-1	T	9
ACAAACCAGCAATAAC-1	T	16
ACAAACCAGCCCATGC-1	T	0
ACAAACCAGCTTTCCC-1	B	6
ACAAACCAGGGCTCTC-1	T	9
ACAAACCAGTCCCGCA-1	T	4
ACAAACCAGTCTGTGT-1	T	12
ACAAACCAGTGAACCG-1	T	10
ACAAACCAGTGATCTC-1	T	14
ACAAACCAGTGTGTAA-1	T	19
ACAAACCAGTTGCCGC-1	T	10
ACAAACCCAACCTCCT-1	T	15
ACAAACCCAACGCAAG-1	T	16
ACAAACCCAATAGCGG-1	B	6
ACAAACCCACAACGGA-1	T	8
ACAAACCCACAGCCAC-1	B	6
ACAAACCCACCGTCTT-1	T	12
ACAAACCCACTGATAC-1	T	4
ACAAACCCACTGCTCT-1	Myeloid	2
ACAAACCCAGGTAGCA-1	T	7
ACAAACCCATCACAAC-1	T	15
ACAAACCCATTAGCCA-1	T	1
ACAAACCGTATCTCAG-1	NK	13
ACAAACCGTATTCGCA-1	T	17
ACAAACCGTCCGGTAC-1	T	15
ACAAACCGTCGCGCTA-1	T	10
ACAAACCGTCTGGATT-1	NK	18
ACAAACCGTCTGGTCG-1	T	12
ACAAACCGTCTGTTGA-1	T	16
ACAAACCGTGTCGTCG-1	T	10
ACAAACCGTTCCCGGA-1	T	7
ACAAACCGTTGAATAG-1	NK	5
ACAAACCGTTGTGACT-1	T	19
ACAAACCGTTTAAGGA-1	T	9
ACAAACCGTTTCGATG-1	Myeloid	2
ACAAACCGTTTCTACT-1	T	1
ACAAACCTCAGGAATA-1	T	9
ACAAACCTCCAACAAC-1	T	16
ACAAACCTCCACCTAC-1	T	8
ACAAACCTCCTGAAAC-1	NK	5
ACAAACCTCTATAGGC-1	B	6
ACAAACCTCTCCAACC-1	B	6
ACAAACCTCTCTATCA-1	Myeloid	2
ACAAACCTCTGGCGCA-1	T	7
ACAAACCTCTTCAGAG-1	T	10
ACAAACCTCTTGTACT-1	NK	18
ACAAAGAAGAACGACC-1	Myeloid	2
ACAAAGAAGAGGCCTA-1	T	9
ACAAAGAAGATATGTG-1	NK	18
ACAAAGAAGCAATGTA-1	NK	13
ACAAAGAAGGTACTCT-1	T	0
ACAAAGAAGTAGACCG-1	T	4
ACAAAGAAGTGTTCCA-1	T	16
ACAAAGACAACCTCTC-1	T	4
ACAAAGACACAAACAA-1	T	1
ACAAAGACACCCTTAC-1	T	8
ACAAAGACATTACCTT-1	NK	13
ACAAAGACATTGCACA-1	NK	13
ACAAAGAGTCAACGGA-1	T	1
ACAAAGAGTCACCCGA-1	T	10
ACAAAGAGTCCGGTAC-1	T	0
ACAAAGAGTCCTTATT-1	T	19
ACAAAGAGTCTGTTGA-1	NK	18
ACAAAGAGTGACAAGC-1	T	1
ACAAAGAGTGCTGTGC-1	T	9
ACAAAGAGTTACGCTA-1	T	3
ACAAAGAGTTTCTACT-1	T	12
ACAAAGAGTTTGCATG-1	T	14
ACAAAGATCATCGCCT-1	T	9
ACAAAGATCCCTACCA-1	T	12
ACAAAGATCCGAGAGA-1	T	8
ACAAAGATCCTATCAT-1	T	14
ACAAAGATCTAGCAAC-1	NK	18
ACAAAGATCTCGGCGA-1	NK	18
ACAAAGATCTTGTACT-1	NK	13
ACAAGCTAGACTAGGC-1	T	17
ACAAGCTAGACTTCCA-1	T	14
ACAAGCTAGAGAGTTT-1	T	3
ACAAGCTAGCGCGTTC-1	Myeloid	2
ACAAGCTAGCTAGCAG-1	T	15
ACAAGCTAGTCGTACT-1	T	16
ACAAGCTAGTGATATG-1	T	15
ACAAGCTAGTTCGTTG-1	T	14
ACAAGCTCAACGCAAG-1	Myeloid	2
ACAAGCTCAAGCAATA-1	T	15
ACAAGCTCAAGTTGCT-1	T	9
ACAAGCTCAATAGCGG-1	T	14
ACAAGCTCACACTAGT-1	NK	13
ACAAGCTCACCTGTGG-1	NK	13
ACAAGCTCAGGACCTC-1	NK	13
ACAAGCTCATCTCTCG-1	T	14
ACAAGCTGTAAGGTCG-1	T	14
ACAAGCTGTACATGGG-1	T	12
ACAAGCTGTAGCAGGT-1	T	0
ACAAGCTGTATTGTCG-1	Myeloid	2
ACAAGCTGTCAGCAAG-1	T	15
ACAAGCTGTCCAAGAG-1	NK	18
ACAAGCTGTCCTTATT-1	T	3
ACAAGCTGTCGAGAAC-1	T	8
ACAAGCTGTGGTACTT-1	T	17
ACAAGCTGTTCAGAAA-1	T	7
ACAAGCTGTTCTTAGG-1	T	0
ACAAGCTGTTGCTTGA-1	T	19
ACAAGCTGTTTGTAGC-1	T	3
ACAAGCTTCAGAGTGG-1	Myeloid	2
ACAAGCTTCCATTGAG-1	NK	13
ACAAGCTTCGTGGTAT-1	T	11
ACAATCGAGACTTGAA-1	T	4
ACAATCGAGAGTTCGG-1	T	4
ACAATCGAGATATGAC-1	T	14
ACAATCGAGATCGAGC-1	B	6
ACAATCGAGCCCATTA-1	NK	18
ACAATCGAGCGCAATG-1	NK	18
ACAATCGAGCGCGTTC-1	NK	18
ACAATCGAGCTACGCC-1	T	9
ACAATCGAGGAGTAGA-1	T	19
ACAATCGAGGATCCTT-1	T	14
ACAATCGAGGGTCCCT-1	NK	18
ACAATCGAGTCACACT-1	T	4
ACAATCGAGTCGGGAT-1	T	3
ACAATCGAGTGAGCTG-1	T	7
ACAATCGCAAACAGTA-1	T	0
ACAATCGCAAGAGCGT-1	T	3
ACAATCGCAATGACTC-1	NK	13
ACAATCGCACCACCAG-1	B	6
ACAATCGCAGACCTGC-1	T	4
ACAATCGCAGGCATCC-1	T	9
ACAATCGCAGGTGTGA-1	NK	13
ACAATCGCATGATCGT-1	Myeloid	2
ACAATCGCATTAACGC-1	T	16
ACAATCGGTACGCAAG-1	NK	13
ACAATCGGTACGGTTT-1	T	1
ACAATCGGTATTGTCG-1	T	3
ACAATCGGTCAGGTGA-1	T	16
ACAATCGGTGGAGTGT-1	NK	18
ACAATCGGTGTTAGAA-1	T	0
ACAATCGGTTAACTCG-1	T	16
ACAATCGTCACTACCC-1	T	0
ACAATCGTCAGGCGCT-1	T	9
ACAATCGTCAGTCAAC-1	NK	18
ACAATCGTCAGTCACA-1	T	4
ACAATCGTCCAACAAC-1	T	9
ACAATCGTCCATGACA-1	T	4
ACAATCGTCCGTTAGA-1	T	9
ACAATCGTCCTTACGC-1	T	3
ACAATCGTCGGCTATA-1	B	6
ACAATCGTCGTCTAGA-1	T	12
ACAATCGTCGTGGTAT-1	T	14
ACAATCGTCTGGAAGG-1	T	11
ACAGAAAAGATGCGAC-1	B	6
ACAGAAAAGCAGAATT-1	T	10
ACAGAAAAGCGCCTAC-1	Myeloid	2
ACAGAAAAGGACTTTC-1	T	4
ACAGAAAAGTCTGGGA-1	NK	18
ACAGAAACAAACCCTA-1	NK	13
ACAGAAACACACATGT-1	T	11
ACAGAAACACTCCCAT-1	B	6
ACAGAAACACTGCTTC-1	T	14
ACAGAAACAGCACATT-1	T	7
ACAGAAACATCCCTCA-1	T	9
ACAGAAACATTTCACT-1	T	10
ACAGAAAGTAACGTAA-1	T	17
ACAGAAAGTAAGCCGA-1	T	17
ACAGAAAGTACCTATG-1	T	19
ACAGAAAGTAGACGCA-1	T	0
ACAGAAAGTATGCTAC-1	T	0
ACAGAAAGTCAACTAC-1	Myeloid	2
ACAGAAAGTCACCCGA-1	T	11
ACAGAAAGTCAGAAAT-1	T	10
ACAGAAAGTCAGCAAG-1	NK	18
ACAGAAAGTCGATTAC-1	T	15
ACAGAAAGTCTGATTG-1	T	16
ACAGAAAGTTATCGAC-1	T	15
ACAGAAAGTTCCCTTG-1	NK	18
ACAGAAATCACTGGTA-1	T	14
ACAGAAATCCAAGAGG-1	T	10
ACAGAAATCCACCTAC-1	NK	18
ACAGAAATCCACGCTT-1	T	14
ACAGAAATCCAGCACG-1	T	9
ACAGAAATCCTGAAAC-1	T	19
ACAGAAATCGAGGTAG-1	NK	13
ACAGAAATCGTTTGAG-1	Myeloid	2
ACAGACTAGAACTAAC-1	T	9
ACAGACTAGCAGAAAG-1	Myeloid	2
ACAGACTAGGTTAGTA-1	NK	18
ACAGACTAGTCAACTC-1	T	8
ACAGACTAGTTACACC-1	T	7
ACAGACTCAACTCAAC-1	T	4
ACAGACTCAAGATTAG-1	T	1
ACAGACTCAAGCGACA-1	T	1
ACAGACTCAATCAGGG-1	B	6
ACAGACTCAATGTGCT-1	T	14
ACAGACTCACAAACGG-1	Myeloid	2
ACAGACTCAGTAACTC-1	T	9
ACAGACTCATCATAGC-1	T	3
ACAGACTGTAGCAGCA-1	NK	13
ACAGACTGTGAATGTA-1	T	4
ACAGACTGTGGATTCT-1	T	17
ACAGACTGTGTCCTTC-1	T	4
ACAGACTGTGTTGGTT-1	T	16
ACAGACTGTTGGTAAA-1	T	0
ACAGACTTCAAGAGGC-1	T	4
ACAGACTTCGAAGCCC-1	T	12
ACAGACTTCGATAGGG-1	T	12
ACAGACTTCTATACCT-1	T	0
ACAGCGCAGCAACTGG-1	T	8
ACAGCGCAGCTACGCC-1	NK	13
ACAGCGCAGCTGATTC-1	T	9
ACAGCGCAGGAGGCGA-1	NK	5
ACAGCGCAGGATATCA-1	T	7
ACAGCGCAGGTAAGTT-1	T	15
ACAGCGCAGGTGTTGG-1	T	3
ACAGCGCAGTGAAGGA-1	T	1
ACAGCGCAGTGTAATG-1	T	15
ACAGCGCAGTTCCCGG-1	NK	18
ACAGCGCCAACTAGAA-1	T	16
ACAGCGCCAATCACTG-1	T	16
ACAGCGCCAATGGCTT-1	T	8
ACAGCGCCACCTCGTT-1	T	16
ACAGCGCCACTGAAGG-1	T	9
ACAGCGCCAGTCAGAG-1	T	7
ACAGCGCCATCATAGC-1	T	10
ACAGCGCCATCATGTG-1	T	0
ACAGCGCCATCCGTGG-1	T	12
ACAGCGCGTAACGGTG-1	T	14
ACAGCGCGTAGAGAGA-1	B	6
ACAGCGCGTATCTCAG-1	T	16
ACAGCGCGTCAGGCTC-1	T	0
ACAGCGCGTCCGTAGC-1	T	0
ACAGCGCGTTATAGAG-1	T	16
ACAGCGCGTTCTTTGT-1	T	14
ACAGCGCGTTTGACCA-1	NK	18
ACAGCGCTCACTGATG-1	T	8
ACAGCGCTCAGCACGC-1	T	10
ACAGCGCTCCTTCGAC-1	T	1
ACAGCGCTCGCCACTT-1	T	15
ACAGCGCTCGGAGTTT-1	T	7
ACAGCGCTCGTAGCGC-1	Myeloid	2
ACAGCGCTCTACATCT-1	T	4
ACAGCGCTCTACTTTG-1	T	0
ACAGCGCTCTGAAAGA-1	T	7
ACAGGCCAGAAACGCC-1	T	17
ACAGGCCAGAAATACC-1	NK	18
ACAGGCCAGATGAGGA-1	T	10
ACAGGCCAGGAGTCTG-1	T	11
ACAGGCCAGTCAGGAC-1	Myeloid	2
ACAGGCCAGTCATCTG-1	T	3
ACAGGCCAGTGCACAG-1	T	16
ACAGGCCAGTGCTGAG-1	T	4
ACAGGCCAGTGTCGCC-1	T	3
ACAGGCCAGTTTGGAA-1	NK	18
ACAGGCCCACACACAT-1	NK	13
ACAGGCCCACATTGCA-1	T	9
ACAGGCCCAGAACTTC-1	T	17
ACAGGCCCAGCACATT-1	T	8
ACAGGCCCATAGATAG-1	T	1
ACAGGCCCATCGTGAT-1	T	16
ACAGGCCCATGATTGC-1	T	4
ACAGGCCCATTGAACC-1	T	16
ACAGGCCCATTTCTTG-1	T	19
ACAGGCCGTATCCCTC-1	T	14
ACAGGCCGTATTCGCA-1	T	15
ACAGGCCGTATTGTGC-1	T	3
ACAGGCCGTCCAAGTT-1	T	9
ACAGGCCGTCCCTAAA-1	Myeloid	2
ACAGGCCGTCTGTTGA-1	Myeloid	2
ACAGGCCGTGAATCGG-1	T	1
ACAGGCCGTTCTTTGT-1	T	17
ACAGGCCTCAGAATGA-1	T	10
ACAGGCCTCATGTTCT-1	T	4
ACAGGCCTCCAGCACG-1	T	0
ACAGGCCTCCGATGCG-1	T	8
ACAGGCCTCCTCCATG-1	B	6
ACAGGCCTCCTGAAAC-1	Myeloid	2
ACAGGCCTCGGTAGGA-1	B	6
ACAGGCCTCTCCACTG-1	T	8
ACAGGCCTCTCGACCT-1	Myeloid	2
ACATGCAAGGCCTCGT-1	T	7
ACATGCAAGGCTAAAT-1	T	1
ACATGCAAGGGTATCG-1	T	9
ACATGCAAGGTAAGTT-1	Myeloid	2
ACATGCAAGGTAGGAA-1	NK	18
ACATGCAAGTGTCGCC-1	T	9
ACATGCAAGTTGCTTG-1	T	9
ACATGCAAGTTGGAAT-1	T	14
ACATGCACAAAGAGAG-1	T	4
ACATGCACACACATGT-1	T	14
ACATGCACACGCTAAT-1	T	4
ACATGCACAGATTTGC-1	T	16
ACATGCACAGCAATGG-1	NK	18
ACATGCACAGTTGCAT-1	T	10
ACATGCACATAGGCGA-1	NK	18
ACATGCACATCGAGTT-1	T	3
ACATGCACATTACTTC-1	T	3
ACATGCACATTAGCAC-1	T	10
ACATGCAGTAAGCCTT-1	T	3
ACATGCAGTAATGTAG-1	T	12
ACATGCAGTCACATTG-1	T	9
ACATGCAGTCAGACGA-1	B	6
ACATGCAGTTAACTCG-1	T	14
ACATGCAGTTCTTTCA-1	T	12
ACATGCAGTTGTGACT-1	NK	18
ACATGCATCACCCGGA-1	T	15
ACATGCATCATTGCCC-1	NK	13
ACATGCATCCGTTTCG-1	T	3
ACATGCATCCTATCAT-1	T	1
ACATGCATCCTCCCAA-1	NK	13
ACATGCATCGCAAACT-1	NK	5
ACATGCATCGGTCTCT-1	T	1
ACATGCATCGGTTGTA-1	NK	18
ACATGCATCGTCTTAT-1	T	0
ACATGCATCTACCCGT-1	T	8
ACATGCATCTATAGGC-1	T	14
ACATGCATCTGGAAGG-1	T	19
ACATGCATCTGTAGAC-1	T	3
ACATGGTAGGAGGCGA-1	T	1
ACATGGTAGGTCACTT-1	T	4
ACATGGTAGTCGTGAG-1	T	14
ACATGGTCAAGGTCGA-1	T	12
ACATGGTCAAGTAACA-1	T	19
ACATGGTCAAGTGGCA-1	T	7
ACATGGTCAATTGCCA-1	T	0
ACATGGTCACTGCTTC-1	T	9
ACATGGTCAGAACTTC-1	Myeloid	2
ACATGGTCAGAAGTGC-1	T	12
ACATGGTCAGCAGGTA-1	T	1
ACATGGTCAGGATAGC-1	T	0
ACATGGTCAGGTAGGT-1	T	3
ACATGGTCAGTAGTTC-1	T	11
ACATGGTCAGTGGTCC-1	T	15
ACATGGTCATCGCCTT-1	T	8
ACATGGTGTAATGTAG-1	T	10
ACATGGTGTATGTCCA-1	NK	18
ACATGGTGTCAGTGTT-1	Myeloid	2
ACATGGTGTCCCTTTG-1	T	7
ACATGGTGTGATGTGG-1	T	14
ACATGGTGTTTAAGCC-1	T	19
ACATGGTTCCAACGCG-1	T	1
ACATGGTTCCGAGGAA-1	T	12
ACATGGTTCCTAAAGC-1	T	3
ACATGGTTCGCGGCAT-1	T	12
ACATGGTTCTAGCAAC-1	T	17
ACATGGTTCTAGTCGA-1	T	3
ACATGGTTCTGACTTT-1	B	6
ACATGGTTCTGGGCGT-1	Myeloid	2
ACCAAACAGAGTCCGA-1	T	17
ACCAAACAGATATGTG-1	T	16
ACCAAACAGCATTCCA-1	T	11
ACCAAACAGCCCATTA-1	NK	13
ACCAAACAGGGCATTG-1	T	9
ACCAAACAGGGTATCG-1	T	10
ACCAAACAGGTAGGCT-1	NK	5
ACCAAACAGGTGATGC-1	T	0
ACCAAACCACCCATCT-1	T	12
ACCAAACCACCCTTAC-1	Myeloid	2
ACCAAACCACTAAACC-1	T	0
ACCAAACCAGCGTGAA-1	T	4
ACCAAACCAGTAGTCT-1	T	0
ACCAAACCATCCTCGT-1	T	9
ACCAAACGTAAGGTCG-1	T	17
ACCAAACGTAAGTCTC-1	T	10
ACCAAACGTACAAGCG-1	T	16
ACCAAACGTACGCAAG-1	T	14
ACCAAACGTATCCTTT-1	T	17
ACCAAACGTGGACGAT-1	NK	13
ACCAAACGTGTAGGAC-1	T	11
ACCAAACGTGTTGTTG-1	T	15
ACCAAACGTTCCGGCA-1	T	17
ACCAAACTCACCACAA-1	T	9
ACCAAACTCAGGTTTG-1	Myeloid	2
ACCAAACTCATCATGG-1	Myeloid	2
ACCAAACTCCGAGGAA-1	Myeloid	2
ACCAAACTCCGTGCGA-1	NK	18
ACCAAACTCGATGTAC-1	NK	5
ACCAAACTCGTGAACT-1	T	16
ACCAAACTCTCAGATG-1	T	14
ACCAAACTCTCGCGTT-1	T	14
ACCAAACTCTCTTCCT-1	T	15
ACCATCCAGAAATACC-1	NK	18
ACCATCCAGAAGGGCG-1	B	6
ACCATCCAGATATGTG-1	B	6
ACCATCCAGATCCGAG-1	T	15
ACCATCCAGGGTCTGA-1	NK	5
ACCATCCAGTACCTCA-1	Myeloid	2
ACCATCCAGTCATCTG-1	T	0
ACCATCCAGTCGAGCA-1	NK	13
ACCATCCAGTGCCCTG-1	T	16
ACCATCCCAAACTACC-1	T	7
ACCATCCCAACAAACA-1	T	9
ACCATCCCAAGCGTCC-1	T	11
ACCATCCCACTGTAAC-1	T	9
ACCATCCCAGGTGTGA-1	T	8
ACCATCCCATCATAGC-1	NK	13
ACCATCCCATGCCCTT-1	NK	13
ACCATCCCATGGCCTG-1	Myeloid	2
ACCATCCGTAACTGAA-1	T	4
ACCATCCGTACCAAGG-1	T	16
ACCATCCGTCAGGTGA-1	T	19
ACCATCCGTCCAAGTT-1	T	10
ACCATCCGTGGCGCTT-1	T	10
ACCATCCGTGTCCTTC-1	T	9
ACCATCCGTTCCCGGA-1	Myeloid	2
ACCATCCGTTTCGACA-1	NK	13
ACCATCCTCAGCACGC-1	T	7
ACCATCCTCATTCTTG-1	T	14
ACCATCCTCCCTACGT-1	T	15
ACCATCCTCCTAAAGC-1	NK	18
ACCATCCTCCTCCTGA-1	NK	18
ACCATCCTCCTGGGAC-1	B	6
ACCATCCTCTAGCAAC-1	T	14
ACCCAAAAGATTAGAC-1	T	14
ACCCAAAAGCAGTAGC-1	T	7
ACCCAAAAGCTGCTCG-1	T	19
ACCCAAAAGGCAGATC-1	T	4
ACCCAAAAGGTAAGTT-1	T	3
ACCCAAAAGGTACTCT-1	T	15
ACCCAAAAGTAGGAAG-1	T	7
ACCCAAAAGTTAGCGG-1	T	10
ACCCAAAAGTTCCAGT-1	T	14
ACCCAAACAAACTACC-1	T	8
ACCCAAACAACATAAG-1	NK	18
ACCCAAACAACTAGAA-1	NK	5
ACCCAAACAACTTGGT-1	T	9
ACCCAAACAAGCGGTA-1	T	3
ACCCAAACACAAGGGT-1	NK	13
ACCCAAACACCTGAAT-1	T	0
ACCCAAACATCCCAAA-1	T	12
ACCCAAACATCCGTAA-1	T	4
ACCCAAACATGCACTA-1	T	1
ACCCAAACATTAGCCA-1	Myeloid	2
ACCCAAAGTAGCGGTA-1	NK	13
ACCCAAATCAAGGCAG-1	T	17
ACCCAAATCACATCCC-1	NK	13
ACCCAAATCAGCACTA-1	T	17
ACCCAAATCATGTTCT-1	T	0
ACCCAAATCATTGCCC-1	T	3
ACCCAAATCCAGGGAA-1	T	16
ACCCAAATCGCTATAG-1	T	3
ACCCAAATCGGATAGG-1	T	0
ACCCAAATCGTTACAG-1	T	0
ACCCAAATCTATCTCA-1	T	3
ACCCAAATCTCTGCAC-1	T	8
ACCCAAATCTGACATG-1	T	9
ACCGAATAGACTAGGC-1	T	3
ACCGAATAGAGATTAC-1	T	0
ACCGAATAGATCTAAG-1	T	0
ACCGAATAGCTGCTCG-1	NK	5
ACCGAATAGGAATGGA-1	T	12
ACCGAATAGGATGTAT-1	T	11
ACCGAATAGGCGTCCT-1	T	15
ACCGAATAGTCGTACT-1	T	16
ACCGAATCAACGACAG-1	T	9
ACCGAATCAACGAGGT-1	T	16
ACCGAATCAATGCCAT-1	T	16
ACCGAATCACACATTG-1	T	16
ACCGAATCAGGCACAA-1	T	1
ACCGAATCATTGCACA-1	T	4
ACCGAATGTAACTGAA-1	T	1
ACCGAATGTAAGGTCG-1	T	17
ACCGAATGTAGATTAG-1	T	19
ACCGAATGTATCGCGC-1	Myeloid	2
ACCGAATGTCCTATTT-1	NK	5
ACCGAATGTCGATAGG-1	T	11
ACCGAATGTGCACATT-1	B	6
ACCGAATGTGCAGACA-1	T	3
ACCGAATGTTGGGAAC-1	T	1
ACCGAATTCAAACCCA-1	NK	18
ACCGAATTCCATATCT-1	T	4
ACCGAATTCCATGTTT-1	NK	13
ACCGAATTCCCATAGA-1	T	12
ACCGAATTCGACTGGC-1	T	7
ACCGAATTCGAGAACG-1	Myeloid	2
ACCGAATTCGATAGCT-1	T	16
ACCGAATTCGATCGCG-1	T	8
ACCGAATTCGTTCTAT-1	Myeloid	2
ACCGAATTCGTTTGAG-1	T	19
ACCGCAGAGAGCTGTG-1	T	4
ACCGCAGAGATGAGGA-1	Myeloid	2
ACCGCAGAGCAACTGG-1	NK	5
ACCGCAGAGCAGTAGC-1	T	9
ACCGCAGAGCGTCAAG-1	T	1
ACCGCAGAGCTTTCCC-1	T	3
ACCGCAGAGTATGCTC-1	T	17
ACCGCAGAGTGAAACT-1	T	16
ACCGCAGCACCCTTTG-1	Myeloid	2
ACCGCAGCACCGTCTT-1	T	4
ACCGCAGCACTGAAGG-1	T	3
ACCGCAGGTCAACAGG-1	T	12
ACCGCAGGTCAGGTGA-1	T	17
ACCGCAGGTCGATTAC-1	NK	13
ACCGCAGGTCTCTAAG-1	T	17
ACCGCAGGTGAGGGTT-1	NK	13
ACCGCAGGTGTGACCC-1	T	11
ACCGCAGGTTGCCTGG-1	Myeloid	2
ACCGCAGGTTGGAGGT-1	T	8
ACCGCAGTCAACTTGG-1	T	10
ACCGCAGTCCATCGAA-1	T	9
ACCGCAGTCCCATAGA-1	NK	18
ACCGCAGTCTATTTCG-1	T	8
ACCGCAGTCTGGCGCA-1	T	0
ACCGGGTAGAGCTGTG-1	T	14
ACCGGGTAGCGAATAT-1	T	17
ACCGGGTAGCTTTCCC-1	T	7
ACCGGGTAGGAGTACC-1	T	7
ACCGGGTAGGCCTCGT-1	T	7
ACCGGGTAGTGATTAG-1	NK	13
ACCGGGTAGTTCAACC-1	T	0
ACCGGGTCACCCATCT-1	T	8
ACCGGGTCACTGATTG-1	T	0
ACCGGGTCAGCAATGG-1	T	12
ACCGGGTCAGCGCGTT-1	NK	13
ACCGGGTCAGCTGATT-1	T	15
ACCGGGTCATGGATGG-1	T	9
ACCGGGTCATTAGCAC-1	T	7
ACCGGGTGTACGGAGT-1	T	7
ACCGGGTGTAGCAGCA-1	T	11
ACCGGGTGTATCCCTC-1	T	4
ACCGGGTGTCCAAGAG-1	T	4
ACCGGGTGTCCCGTGA-1	T	16
ACCGGGTGTCCTCAGG-1	T	16
ACCGGGTGTCGCGCTA-1	T	3
ACCGGGTGTGCCAAGA-1	T	9
ACCGGGTGTGGAAAGA-1	T	8
ACCGGGTGTTAGGCTT-1	T	10
ACCGGGTGTTGGACGA-1	T	0
ACCGGGTGTTTGTAGC-1	NK	18
ACCGGGTTCACTAGCA-1	T	14
ACCGGGTTCCAGTACA-1	T	16
ACCGGGTTCCCAATAG-1	T	10
ACCGGGTTCGACCCGA-1	T	11
ACCGGGTTCGGTAGGA-1	T	1
ACCGGGTTCGTCAACA-1	T	19
ACCGGGTTCGTGGTAT-1	T	4
ACCGGGTTCTATCTAC-1	T	7
ACCGGGTTCTGGAAGG-1	NK	13
ACCTGCTAGACCCTAT-1	Myeloid	2
ACCTGCTAGCTAGTTC-1	T	1
ACCTGCTAGCTCGTTA-1	T	4
ACCTGCTAGGAAGGTA-1	NK	18
ACCTGCTAGGACTAGC-1	T	17
ACCTGCTAGGTTACAA-1	T	3
ACCTGCTAGTCTCTAG-1	T	9
ACCTGCTAGTGATTAG-1	T	11
ACCTGCTAGTGTGTAA-1	T	10
ACCTGCTCAAACGTTC-1	Myeloid	2
ACCTGCTCAACTCAAC-1	T	16
ACCTGCTCACTGCTCT-1	NK	18
ACCTGCTCAGAATGCG-1	T	16
ACCTGCTCAGCAATGG-1	NK	5
ACCTGCTCAGTAACGG-1	T	1
ACCTGCTCATGGGACA-1	T	8
ACCTGCTGTGGTGGTA-1	T	10
ACCTGCTGTTAGTAGA-1	T	0
ACCTGCTTCAAGAGAT-1	T	8
ACCTGCTTCACTAGGT-1	T	7
ACCTGCTTCACTGATG-1	T	4
ACCTGCTTCAGTCAAC-1	T	0
ACCTGCTTCAGTTGAC-1	NK	13
ACCTGCTTCATCGCAA-1	T	17
ACCTGCTTCGCGCTGA-1	NK	13
ACCTGCTTCGGTCAGC-1	T	4
ACCTGCTTCGTATAGC-1	B	6
ACCTGCTTCGTCCCTA-1	T	8
ACCTGCTTCTTCGTTA-1	T	1
ACGGATTAGAGAGTAG-1	Myeloid	2
ACGGATTAGATCACCT-1	T	4
ACGGATTAGATTGACA-1	T	16
ACGGATTAGCATACCT-1	NK	5
ACGGATTAGCGTATCT-1	NK	18
ACGGATTAGGAAACTT-1	T	3
ACGGATTAGGCGATTG-1	T	15
ACGGATTAGGTTACAA-1	T	7
ACGGATTAGTAGACCG-1	T	10
ACGGATTAGTTCGTTG-1	T	3
ACGGATTCAAATTCCG-1	T	3
ACGGATTCAACGACAG-1	T	4
ACGGATTCAATACTGC-1	T	0
ACGGATTCACAAACGG-1	T	9
ACGGATTCACCTCGTT-1	T	9
ACGGATTCACTACACA-1	Myeloid	2
ACGGATTCACTTACAG-1	T	10
ACGGATTCAGGATGTG-1	T	14
ACGGATTCATTTGGTG-1	T	12
ACGGATTGTAACATAG-1	T	16
ACGGATTGTAATGTAG-1	T	16
ACGGATTGTACTATGC-1	T	9
ACGGATTGTATGGATA-1	T	17
ACGGATTGTCCAACCG-1	T	15
ACGGATTGTGAGGTCA-1	T	7
ACGGATTGTTACCACA-1	T	3
ACGGATTGTTTGAAGA-1	T	14
ACGGATTTCATCATGG-1	T	7
ACGGATTTCCGCTCTA-1	T	8
ACGGATTTCGAGAAGC-1	T	7
ACGGATTTCGCACCTT-1	T	9
ACGGATTTCGGTCCGA-1	B	6
ACGGATTTCGGTTGTA-1	T	16
ACGTGGCAGAGGAACA-1	T	12
ACGTGGCAGATGAGGA-1	T	4
ACGTGGCAGCACGTAG-1	T	0
ACGTGGCAGCATTGGG-1	Myeloid	2
ACGTGGCAGCTTCAAC-1	NK	5
ACGTGGCAGGATCCTT-1	T	1
ACGTGGCAGGCAAGCT-1	Myeloid	2
ACGTGGCAGGGCTCTC-1	T	8
ACGTGGCAGTACTCTG-1	T	11
ACGTGGCAGTGAGCAC-1	T	11
ACGTGGCCAACAACTC-1	NK	5
ACGTGGCCAAGACACG-1	T	11
ACGTGGCCAAGCCCTG-1	NK	13
ACGTGGCCACCGAAAG-1	NK	18
ACGTGGCCACTCAAGT-1	T	3
ACGTGGCCAGGACCTC-1	T	17
ACGTGGCCAGGTGTCC-1	T	3
ACGTGGCCATCACAAC-1	T	16
ACGTGGCCATGACTGT-1	NK	5
ACGTGGCCATTAGCAC-1	T	19
ACGTGGCGTAGAATAC-1	T	12
ACGTGGCGTCAGTGCC-1	Myeloid	2
ACGTGGCGTGAAACAT-1	T	8
ACGTGGCGTGGTACTT-1	T	1
ACGTGGCGTGTAGGAC-1	T	11
ACGTGGCGTTACGAAA-1	T	3
ACGTGGCGTTACTTTC-1	T	11
ACGTGGCGTTCCCGGA-1	T	1
ACGTGGCGTTTCAGCA-1	T	8
ACGTGGCGTTTGTCTT-1	T	0
ACGTGGCTCCAGAGAG-1	T	16
ACGTGGCTCCATACGA-1	T	7
ACGTGGCTCCATGACA-1	T	3
ACGTGGCTCCCGCAAG-1	T	12
ACGTGGCTCCTGAAAC-1	Myeloid	2
ACGTGGCTCGGTTAGT-1	B	6
ACGTGGCTCGTCCCAT-1	T	14
ACGTGGCTCGTCGCAG-1	T	16
ACGTGGCTCTACCCGT-1	T	10
ACGTGGCTCTCCACTG-1	T	4
ACGTGGCTCTCGTAGA-1	T	9
ACGTGGCTCTGGCTAA-1	T	10
ACGTGGCTCTTAAGCG-1	T	0
ACGTGGCTCTTACTCA-1	T	11
ACGTTAGAGAATATCG-1	T	10
ACGTTAGAGATGCGCA-1	T	7
ACGTTAGAGGTGTCGA-1	T	9
ACGTTAGAGGTGTTGG-1	T	9
ACGTTAGAGGTTGACG-1	T	15
ACGTTAGAGTGAAGGA-1	Myeloid	2
ACGTTAGAGTGTGTAA-1	T	8
ACGTTAGCAACTTGGT-1	NK	13
ACGTTAGCAAGGATGC-1	T	12
ACGTTAGCAAGGCGTA-1	Myeloid	2
ACGTTAGCAAGGTCGA-1	T	15
ACGTTAGCAAGTCTGT-1	T	4
ACGTTAGCAATCACTG-1	T	11
ACGTTAGCAATCATCG-1	T	4
ACGTTAGCAGAGCCAA-1	T	1
ACGTTAGCAGCCACGT-1	B	6
ACGTTAGCAGGGAGTT-1	T	4
ACGTTAGCAGGGTAAC-1	Myeloid	2
ACGTTAGCAGGTTATC-1	T	3
ACGTTAGCATTGTTCT-1	T	4
ACGTTAGGTAAAGCTA-1	T	12
ACGTTAGGTAGCTGTT-1	Myeloid	2
ACGTTAGGTCAAACAA-1	T	16
ACGTTAGGTGCACTTA-1	T	3
ACGTTAGGTGGACGAT-1	T	8
ACGTTAGGTGGTCGAA-1	T	10
ACGTTAGTCAAGGCCC-1	T	12
ACGTTAGTCAGCACGC-1	NK	13
ACGTTAGTCCAAGAGG-1	T	4
ACGTTAGTCCCAGCAG-1	T	12
ACGTTAGTCCGCTCTA-1	T	11
ACGTTAGTCGATCGCG-1	T	14
ACGTTAGTCGGCAATT-1	T	17
ACGTTAGTCTCAGATG-1	NK	5
ACGTTAGTCTCTTCCT-1	Myeloid	2
ACGTTAGTCTTATCAC-1	T	14
ACGTTAGTCTTTGCAT-1	T	4
ACTAACGAGCCTGTAT-1	T	8
ACTAACGAGCTGCCAC-1	T	12
ACTAACGAGGAGAACA-1	Myeloid	2
ACTAACGAGGATCCTT-1	T	4
ACTAACGAGGTCCTCG-1	T	4
ACTAACGCAACGCAAG-1	T	17
ACTAACGCAAGCAGGT-1	T	8
ACTAACGCACAGCCAC-1	T	4
ACTAACGCACCGTTGG-1	T	7
ACTAACGCAGTATACC-1	NK	5
ACTAACGCAGTCAGCC-1	T	4
ACTAACGCATCCCTCA-1	NK	18
ACTAACGCATCCGTAA-1	B	6
ACTAACGGTCAGGTGA-1	T	17
ACTAACGGTCATTGGT-1	T	12
ACTAACGGTGAGGTCA-1	NK	18
ACTAACGGTGGCCTTG-1	T	8
ACTAACGGTTGGACGA-1	T	16
ACTAACGTCACTCGGG-1	NK	18
ACTAACGTCAGATACC-1	T	17
ACTAACGTCATCATGG-1	T	12
ACTAACGTCCATGTTT-1	T	1
ACTAACGTCCTCCCAA-1	T	3
ACTAACGTCGCTTCAC-1	T	9
ACTAACGTCTACATCT-1	T	11
ACTAACGTCTTACTCA-1	T	12
ACTACCCAGAGAGTTT-1	T	7
ACTACCCAGATCTCAC-1	NK	18
ACTACCCAGATTCCGT-1	T	8
ACTACCCAGTCGTATC-1	T	16
ACTACCCAGTCGTGAG-1	T	8
ACTACCCAGTGATATG-1	NK	18
ACTACCCAGTTCGCGC-1	T	14
ACTACCCCAACGGGTA-1	T	3
ACTACCCCACCATTCC-1	T	14
ACTACCCCACCGTTGG-1	T	15
ACTACCCCAGAATGCG-1	T	19
ACTACCCCAGCGTGAA-1	Myeloid	2
ACTACCCCAGTAACCT-1	T	17
ACTACCCGTAGCGGTA-1	T	12
ACTACCCGTCCGTAGC-1	T	3
ACTACCCGTCTGCGCA-1	NK	18
ACTACCCGTCTGTGTA-1	NK	13
ACTACCCGTGCACATT-1	T	9
ACTACCCTCCTCCTGA-1	T	8
ACTACCCTCGCAAGCC-1	T	8
ACTACCCTCGCGATGC-1	T	12
ACTACCCTCGCTAGTA-1	Myeloid	2
ACTACCCTCGGATAGG-1	Myeloid	2
ACTACCCTCTCTGCGT-1	NK	13
ACTACCCTCTTTGCAT-1	T	0
ACTACGAAGACACGGT-1	Myeloid	2
ACTACGAAGAGCAGCT-1	T	1
ACTACGAAGCACCATT-1	T	17
ACTACGAAGCTATCGT-1	Myeloid	2
ACTACGAAGGCAAGGG-1	T	8
ACTACGAAGGTAGGCT-1	T	0
ACTACGAAGTCTCCAA-1	T	19
ACTACGAAGTTCAAGA-1	T	8
ACTACGACAATTGCCA-1	T	17
ACTACGACACAGTTAC-1	T	10
ACTACGACACTACACA-1	T	7
ACTACGACATATAGAG-1	NK	18
ACTACGACATGTGGGA-1	T	10
ACTACGAGTACAAGCG-1	T	16
ACTACGAGTACATGGG-1	T	11
ACTACGAGTCCAGACC-1	T	16
ACTACGAGTCTGTTGA-1	T	0
ACTACGAGTGAGGTCA-1	T	7
ACTACGAGTGATAACA-1	T	7
ACTACGAGTGCAAGCA-1	T	15
ACTACGAGTGGACGAT-1	T	9
ACTACGAGTGTTGTTG-1	T	12
ACTACGATCAGCCGGT-1	T	16
ACTACGATCAGGTTTG-1	T	4
ACTACGATCCCACTAC-1	T	12
ACTACGATCCTATCCG-1	T	3
ACTACGATCGATCTTT-1	T	3
ACTAGGTAGGAGAACA-1	Myeloid	2
ACTAGGTAGGATGCCA-1	NK	5
ACTAGGTAGGCCTCGT-1	T	16
ACTAGGTAGGGAGATA-1	T	12
ACTAGGTAGTACCTCA-1	T	11
ACTAGGTAGTGTCACT-1	T	19
ACTAGGTAGTTTACGC-1	T	16
ACTAGGTCAAGTCTCA-1	Myeloid	2
ACTAGGTCAATGTGCT-1	Myeloid	2
ACTAGGTCACAAACAA-1	Myeloid	2
ACTAGGTCACGCTAAT-1	T	1
ACTAGGTCACGCTGTG-1	T	8
ACTAGGTCACTAGGAG-1	T	8
ACTAGGTCACTCGGAC-1	T	7
ACTAGGTCACTCGTGG-1	Myeloid	2
ACTAGGTCAGCGTGAA-1	T	4
ACTAGGTCAGGGTAAC-1	T	16
ACTAGGTCATACAACC-1	T	3
ACTAGGTCATAGCCGC-1	T	8
ACTAGGTCATCCTGGG-1	T	14
ACTAGGTCATCGGCTG-1	NK	13
ACTAGGTCATGCCTTC-1	T	16
ACTAGGTGTAACTCCA-1	T	15
ACTAGGTGTAAGTGCG-1	NK	18
ACTAGGTGTAGCGTTT-1	T	0
ACTAGGTGTATGAAGT-1	T	10
ACTAGGTGTGCCCAGT-1	T	9
ACTAGGTGTGTTAGAA-1	NK	18
ACTAGGTGTTACTTTC-1	T	15
ACTAGGTGTTATCGAC-1	T	14
ACTAGGTTCAACGTGT-1	NK	18
ACTAGGTTCACTCGGG-1	T	3
ACTAGGTTCAGGAATA-1	T	10
ACTAGGTTCAGTGTAC-1	T	1
ACTAGGTTCCAGGTCG-1	T	16
ACTAGGTTCCCACTAC-1	T	12
ACTAGGTTCCCAGCAG-1	T	10
ACTAGGTTCCGAGAGA-1	T	0
ACTAGGTTCGAGCGCT-1	T	7
ACTAGGTTCGGCAATT-1	T	1
ACTAGGTTCGTCAACA-1	T	9
ACTAGGTTCGTGCTTC-1	T	14
ACTAGGTTCGTGGTAT-1	Myeloid	2
ACTAGGTTCTCCAACC-1	T	4
ACTAGGTTCTCTTCTC-1	T	12
ACTAGGTTCTGAGTAC-1	T	11
ACTATTCAGAAATACC-1	B	6
ACTATTCAGAACCATA-1	T	15
ACTATTCAGACCCTAT-1	T	3
ACTATTCAGACCGCAA-1	T	15
ACTATTCAGCTATCCA-1	T	17
ACTATTCAGGCGATTG-1	T	19
ACTATTCAGGCTCCTG-1	NK	13
ACTATTCAGGTAAGCC-1	T	15
ACTATTCAGGTCACTT-1	NK	18
ACTATTCAGTACAGAT-1	T	3
ACTATTCAGTGCTAGG-1	NK	5
ACTATTCCAAAGGAAG-1	T	3
ACTATTCCACCACAGC-1	T	4
ACTATTCCACCACCAG-1	Myeloid	2
ACTATTCCACCGAATT-1	T	16
ACTATTCCACTACACA-1	T	14
ACTATTCCACTGTCAA-1	Myeloid	2
ACTATTCCAGAACTTC-1	T	4
ACTATTCCATCCCTTG-1	Myeloid	2
ACTATTCGTACGCAAG-1	T	9
ACTATTCGTAGCGTTT-1	T	17
ACTATTCGTAGTATCC-1	T	1
ACTATTCGTCAACAGG-1	T	12
ACTATTCGTCATCAAC-1	T	14
ACTATTCGTCCTTATT-1	T	0
ACTATTCGTCTGTTGA-1	T	4
ACTATTCGTGGATTCT-1	T	16
ACTATTCGTTACTTTC-1	NK	18
ACTATTCGTTCCCGGA-1	T	0
ACTATTCGTTGCCTGG-1	T	8
ACTATTCGTTGGCGAA-1	T	11
ACTATTCGTTGGCTAT-1	NK	5
ACTATTCGTTTAAGCC-1	T	10
ACTATTCTCAAGGCAG-1	T	1
ACTATTCTCAGGGTTT-1	T	11
ACTATTCTCATGCTTT-1	T	11
ACTATTCTCCAGGGAA-1	T	19
ACTATTCTCGCACAAT-1	T	1
ACTATTCTCGCTACCT-1	T	7
ACTATTCTCGGAGTTT-1	NK	18
ACTATTCTCTGCTACC-1	NK	13
ACTATTCTCTTAGTGG-1	NK	5
ACTATTCTCTTTGCAT-1	T	15
ACTCGGGAGAGCGAAA-1	T	12
ACTCGGGAGATAGGTT-1	NK	5
ACTCGGGAGGAGGCGA-1	NK	5
ACTCGGGAGTGAACCG-1	T	14
ACTCGGGCAAAGAGAG-1	NK	18
ACTCGGGCAATGGCAG-1	Myeloid	2
ACTCGGGCAGAAAGAG-1	NK	13
ACTCGGGGTAATGCAA-1	Myeloid	2
ACTCGGGGTAGCGGTA-1	NK	5
ACTCGGGGTCAGAAGC-1	T	11
ACTCGGGGTCTGTGTA-1	NK	5
ACTCGGGGTGAATACA-1	T	4
ACTCGGGGTGCAAGCA-1	T	8
ACTCGGGGTGGTACTT-1	NK	13
ACTCGGGGTGTCTACA-1	T	4
ACTCGGGGTTACGAAA-1	NK	18
ACTCGGGGTTATCGAC-1	T	16
ACTCGGGGTTCCAGTA-1	NK	18
ACTCGGGTCCAATAGC-1	NK	18
ACTCGGGTCCTATCCG-1	NK	5
ACTCGGGTCGACTGGC-1	T	12
ACTCGGGTCGCTTACC-1	Myeloid	2
ACTCGGGTCGGGAATG-1	T	15
ACTCGGGTCTATCTCA-1	T	9
ACTCGGGTCTCTTCTC-1	T	10
ACTCGGGTCTTGTCAT-1	T	16
ACTGCAAAGACCATAA-1	T	9
ACTGCAAAGAGATTAC-1	Myeloid	2
ACTGCAAAGATCGATA-1	T	7
ACTGCAAAGCTCCATA-1	T	12
ACTGCAAAGCTGCCAC-1	NK	18
ACTGCAAAGGATTAAC-1	NK	13
ACTGCAAAGTGTCACT-1	NK	18
ACTGCAAAGTGTTCCA-1	T	8
ACTGCAACAAGAGCGT-1	T	15
ACTGCAACAATGACTC-1	T	9
ACTGCAACACTGATTG-1	T	9
ACTGCAACAGATTAAG-1	T	7
ACTGCAACATATACGC-1	T	12
ACTGCAAGTAACATAG-1	T	4
ACTGCAAGTCATTGGT-1	NK	13
ACTGCAAGTGATGCTT-1	T	7
ACTGCAAGTGGAAGCT-1	T	7
ACTGCAAGTTAAGGGC-1	T	4
ACTGCAAGTTGGCTAT-1	NK	13
ACTGCAAGTTTAAGCC-1	T	9
ACTGCAATCACAACAC-1	NK	18
ACTGCAATCATTGCCC-1	T	3
ACTGCAATCCAACGCG-1	T	9
ACTGCAATCCAGGTAT-1	T	3
ACTGCAATCCATCATT-1	T	4
ACTGCAATCGGTTGTA-1	T	4
ACTGCAATCGTTGTAG-1	T	8
ACTGCAATCTACATCT-1	T	10
ACTGCAATCTGGCTAA-1	NK	18
ACTGCAATCTTACTCA-1	T	16
ACTGCAATCTTCCAGC-1	T	19
ACTGCGGAGACTAATG-1	B	6
ACTGCGGAGCAGAAAG-1	NK	13
ACTGCGGAGCATACCT-1	T	17
ACTGCGGAGTCCGGAA-1	T	11
ACTGCGGAGTTCTCCC-1	T	16
ACTGCGGCAAAGAAGG-1	NK	13
ACTGCGGCAAGATGCG-1	T	4
ACTGCGGCAAGGCGTA-1	T	7
ACTGCGGCACACACAT-1	T	4
ACTGCGGCAGATTTGC-1	B	6
ACTGCGGCATACCCGG-1	T	7
ACTGCGGCATCAGAAA-1	T	16
ACTGCGGCATCATAGC-1	T	16
ACTGCGGCATCCCGGA-1	T	11
ACTGCGGGTAACGGCA-1	T	4
ACTGCGGGTCAATACC-1	NK	5
ACTGCGGGTCCAGACC-1	T	1
ACTGCGGGTCCCGAGT-1	T	17
ACTGCGGGTCGAGGTA-1	T	16
ACTGCGGGTCTGGATT-1	T	3
ACTGCGGGTGACAAGC-1	B	6
ACTGCGGGTTGGCGAA-1	T	9
ACTGCGGGTTTGTAGC-1	T	12
ACTGCGGTCGGTAGGA-1	T	14
ACTGCGGTCTGTCGGG-1	T	16
ACTGCGGTCTTAAGCG-1	T	3
ACTGTCCAGATTCCGT-1	T	4
ACTGTCCAGCATACCT-1	T	10
ACTGTCCAGCATGTGG-1	NK	13
ACTGTCCAGCGATACG-1	T	14
ACTGTCCAGGAGACTC-1	T	14
ACTGTCCAGTGAAGGA-1	NK	13
ACTGTCCAGTGAGCAC-1	T	10
ACTGTCCAGTGAGTGC-1	Myeloid	2
ACTGTCCAGTTGAATG-1	T	12
ACTGTCCCAAAGCTTC-1	T	11
ACTGTCCCAAGGCTTT-1	T	0
ACTGTCCCAATTCTCT-1	T	12
ACTGTCCCACAGCTTA-1	T	3
ACTGTCCCACTCGGAC-1	NK	13
ACTGTCCCACTGATAC-1	T	8
ACTGTCCCATCAACTG-1	T	8
ACTGTCCCATCCTGGG-1	T	10
ACTGTCCGTAGCGTTT-1	T	1
ACTGTCCGTATCAGCT-1	T	11
ACTGTCCGTATCCTTT-1	T	9
ACTGTCCGTCCAAGAG-1	T	19
ACTGTCCGTCGCGCTA-1	T	16
ACTGTCCGTCTGGTCG-1	T	14
ACTGTCCGTGTCCAGC-1	B	6
ACTGTCCGTTGTGACT-1	T	3
ACTGTCCTCAGGATCT-1	B	6
ACTGTCCTCAGTTGAC-1	Myeloid	2
ACTGTCCTCCATATCT-1	T	0
ACTGTCCTCCCGGGTA-1	T	1
ACTGTCCTCCTAGAGT-1	T	16
ACTGTCCTCCTCAAGA-1	Myeloid	2
ACTGTCCTCCTTGACC-1	T	0
ACTGTCCTCTACTGCC-1	T	3
ACTGTCCTCTCTGACC-1	T	7
ACTGTCCTCTGGTACA-1	T	4
ACTGTCCTCTGTTTAC-1	T	3
ACTTCCGAGAACGTTA-1	T	15
ACTTCCGAGAAGACTT-1	T	3
ACTTCCGAGAAGCCGT-1	T	9
ACTTCCGAGAATGCTA-1	T	1
ACTTCCGAGACAACGC-1	T	1
ACTTCCGAGACTAATG-1	B	6
ACTTCCGAGATGGGAA-1	T	15
ACTTCCGAGCGTTAGG-1	T	7
ACTTCCGAGCTTACCA-1	T	0
ACTTCCGAGGACCGAT-1	T	4
ACTTCCGAGGTTAACA-1	T	0
ACTTCCGAGTACAGTA-1	T	17
ACTTCCGAGTCACGCC-1	T	9
ACTTCCGCAAGCAATA-1	T	16
ACTTCCGCAAGGAACC-1	T	12
ACTTCCGCACCTATTT-1	T	14
ACTTCCGCACGCGATC-1	T	15
ACTTCCGCACGCGTTG-1	T	3
ACTTCCGCATCGCTAA-1	Myeloid	2
ACTTCCGCATTGCACA-1	T	4
ACTTCCGGTAAAGGCC-1	T	7
ACTTCCGGTCAATACC-1	T	1
ACTTCCGGTCAGAAAT-1	T	12
ACTTCCGGTCCATTGA-1	T	16
ACTTCCGGTGAAACAT-1	NK	18
ACTTCCGGTGCAAGAC-1	T	16
ACTTCCGGTGGCGCTT-1	T	12
ACTTCCGGTGGTAAGC-1	T	0
ACTTCCGGTTACGAAA-1	T	12
ACTTCCGTCAGAGTGG-1	B	6
ACTTCCGTCCAAGTCA-1	NK	13
ACTTCCGTCCACTAGA-1	NK	18
ACTTCCGTCCAGGCCA-1	Myeloid	2
ACTTCCGTCGCAGATT-1	T	7
ACTTCCGTCGCCACTT-1	T	7
ACTTCCGTCGCTATTT-1	T	16
ACTTCCGTCGTAGCGC-1	T	12
ACTTCCGTCTCGCGTT-1	T	12
ACTTCCGTCTGATCTT-1	NK	18
ACTTTCAAGACGAAAG-1	T	1
ACTTTCAAGAGCTGTG-1	B	6
ACTTTCAAGATCACCT-1	T	17
ACTTTCAAGCTTTCCC-1	T	7
ACTTTCAAGGAGTACC-1	T	10
ACTTTCAAGGCACCTC-1	T	11
ACTTTCAAGTAGAAGG-1	T	10
ACTTTCAAGTCTCGAT-1	T	14
ACTTTCACAAACTACC-1	T	11
ACTTTCACAAGCGGTA-1	T	3
ACTTTCACAAGTGGCA-1	T	11
ACTTTCACACTTGCGG-1	B	6
ACTTTCACAGTTGGAG-1	Myeloid	2
ACTTTCACATAGTCCA-1	T	15
ACTTTCACATCACAGT-1	Myeloid	2
ACTTTCACATCAGAAA-1	T	17
ACTTTCACATTACCTT-1	B	6
ACTTTCACATTGCACA-1	T	10
ACTTTCAGTAACAATG-1	T	7
ACTTTCAGTAGTCTGT-1	T	16
ACTTTCAGTATCGCGC-1	Myeloid	2
ACTTTCAGTCCTATTT-1	T	4
ACTTTCAGTGTGACCC-1	T	9
ACTTTCAGTTATAGAG-1	T	3
ACTTTCAGTTCACGTA-1	T	11
ACTTTCAGTTGAATAG-1	T	1
ACTTTCAGTTTCCACC-1	T	17
ACTTTCATCACTACCC-1	Myeloid	2
ACTTTCATCCATGTTT-1	T	1
ACTTTCATCCTGAAAC-1	Myeloid	2
ACTTTCATCCTGGGAC-1	T	14
ACTTTCATCGACGGAA-1	T	7
ACTTTCATCTACTTTG-1	T	16
ACTTTCATCTCTATCA-1	T	15
ACTTTCATCTGGACAT-1	T	3
ACTTTCATCTTAAGCG-1	T	7
AGACAAAAGAGTGGAA-1	B	6
AGACAAAAGCCGCAAA-1	B	6
AGACAAAAGGGAAATG-1	T	10
AGACAAAAGTACAGTA-1	T	19
AGACAAAAGTCACGCC-1	T	1
AGACAAAAGTGCTAGG-1	Myeloid	2
AGACAAAAGTGGTGTG-1	T	11
AGACAAAAGTTACCAC-1	T	12
AGACAAAAGTTATGAG-1	T	7
AGACAAACAACGCACC-1	T	3
AGACAAACACACACCG-1	B	6
AGACAAACAGAAGTGC-1	T	9
AGACAAACAGAGATGC-1	T	9
AGACAAACAGCGTCGT-1	T	8
AGACAAACAGGTTATC-1	T	9
AGACAAACAGTCCTGG-1	NK	18
AGACAAACAGTTAAAG-1	T	14
AGACAAACATCCATAG-1	T	14
AGACAAACATCGAGTT-1	Myeloid	2
AGACAAAGTAACGGCA-1	T	3
AGACAAAGTAGACACG-1	T	1
AGACAAAGTAGCAGGT-1	NK	13
AGACAAAGTATCATGC-1	T	14
AGACAAAGTATTCTCT-1	T	4
AGACAAAGTCAACTAC-1	T	17
AGACAAAGTCAATCCA-1	NK	13
AGACAAAGTCACAGGA-1	Myeloid	2
AGACAAAGTCCATTGA-1	T	19
AGACAAAGTCCTATTT-1	B	6
AGACAAAGTGCATCAT-1	T	1
AGACAAAGTGGCCTTG-1	T	9
AGACAAAGTTAGAGAT-1	T	12
AGACAAAGTTCTGATG-1	NK	13
AGACAAAGTTGCAGCC-1	NK	13
AGACAAAGTTTCCACC-1	T	9
AGACAAATCAATGCAC-1	T	1
AGACAAATCCATACCC-1	T	15
AGACAAATCCCGTAGG-1	T	14
AGACAAATCCGTGCGA-1	T	9
AGACAAATCCTCCCAA-1	NK	18
AGACAAATCGATGTGT-1	T	8
AGACAAATCGCCAGAC-1	NK	5
AGACAAATCGCTATTT-1	T	15
AGACAAATCGTGTGCG-1	T	12
AGACAAATCGTTCCGT-1	NK	5
AGACAAATCTCGTGAA-1	T	1
AGACAAATCTCTTAAC-1	NK	5
AGACAAATCTTAAGCG-1	T	7
AGATAGAAGAAGAGTG-1	T	14
AGATAGAAGATAGGTT-1	T	4
AGATAGAAGCGCAATG-1	T	19
AGATAGAAGGAGTACC-1	T	17
AGATAGAAGGCAAGGG-1	T	17
AGATAGAAGGCATGCA-1	NK	13
AGATAGAAGGCTAAAT-1	T	0
AGATAGAAGGTTGACG-1	Myeloid	2
AGATAGAAGTACCCAT-1	T	19
AGATAGAAGTACCTCA-1	T	15
AGATAGAAGTCGAGCA-1	T	12
AGATAGAAGTTAGCAA-1	T	7
AGATAGACAACATAAG-1	T	3
AGATAGACAAGACTAA-1	T	4
AGATAGACACTAGCCG-1	T	14
AGATAGACACTTACAG-1	T	16
AGATAGACAGAACGAC-1	T	11
AGATAGACAGCCACGT-1	T	14
AGATAGACAGCTGATT-1	NK	5
AGATAGACAGGTGGTA-1	T	9
AGATAGACAGTAAGCG-1	NK	5
AGATAGACATCACAAC-1	T	15
AGATAGAGTAGACACG-1	T	17
AGATAGAGTATTCTCT-1	T	16
AGATAGAGTCAGCTTA-1	NK	13
AGATAGAGTCTGAGCC-1	T	4
AGATAGAGTGAATCAA-1	T	10
AGATAGAGTGTCGTGC-1	B	6
AGATAGAGTTCCAGTA-1	Myeloid	2
AGATAGAGTTGCCGCA-1	T	4
AGATAGAGTTTAGGAA-1	T	12
AGATAGAGTTTCAGCA-1	T	15
AGATAGATCACGTCAA-1	T	12
AGATAGATCAGAATGA-1	T	16
AGATAGATCCACGCTT-1	T	3
AGATAGATCGAGAACG-1	T	0
AGATAGATCGGGTCCA-1	T	14
AGATAGATCGGTTGTA-1	NK	18
AGATAGATCTCGACAA-1	Myeloid	2
AGATAGATCTTCCACG-1	NK	5
AGATTCGAGACCATAA-1	B	6
AGATTCGAGAGGAACA-1	NK	18
AGATTCGAGATTAGAC-1	T	9
AGATTCGAGCGCACAA-1	NK	18
AGATTCGAGCGTGTTT-1	NK	13
AGATTCGAGGAGTAGA-1	T	3
AGATTCGAGGCTTAAA-1	T	11
AGATTCGAGGGCATTG-1	T	9
AGATTCGAGGTAGGCT-1	T	3
AGATTCGAGGTCGGTA-1	T	16
AGATTCGAGTATGCTC-1	T	8
AGATTCGAGTCTGTGT-1	T	12
AGATTCGAGTGTCGCC-1	T	8
AGATTCGCAAGCGACA-1	T	9
AGATTCGCACCTCGTT-1	T	0
AGATTCGCACGGTTAT-1	T	1
AGATTCGCACGTACAT-1	T	4
AGATTCGCACTCCACT-1	T	9
AGATTCGCAGAATGCG-1	Myeloid	2
AGATTCGCAGAGAGAA-1	T	3
AGATTCGCAGAGTCGA-1	T	17
AGATTCGCAGCAACAG-1	Myeloid	2
AGATTCGCAGGACTGA-1	Myeloid	2
AGATTCGCAGGCATTT-1	T	8
AGATTCGCAGTCCTGG-1	NK	13
AGATTCGCATGGTTTG-1	Myeloid	2
AGATTCGGTAAGTGCG-1	T	19
AGATTCGGTCAGAAGC-1	T	16
AGATTCGGTCGACTGC-1	T	4
AGATTCGGTGAGGGTT-1	NK	5
AGATTCGGTGATAAGT-1	Myeloid	2
AGATTCGGTGGTGGTA-1	NK	13
AGATTCGGTGTAGGAC-1	T	8
AGATTCGGTTCAGAAA-1	NK	18
AGATTCGTCCAGGTCG-1	T	7
AGATTCGTCCATATCT-1	T	19
AGATTCGTCCTCCTGA-1	T	16
AGATTCGTCGCTCTAC-1	T	4
AGATTCGTCGCTGATA-1	NK	5
AGATTCGTCGGGAAAC-1	T	3
AGATTCGTCTTCAGAG-1	T	4
AGATTCGTCTTGTCAT-1	T	4
AGCCAGCAGAACGACC-1	T	12
AGCCAGCAGAACGTTA-1	T	19
AGCCAGCAGACCCTAT-1	T	16
AGCCAGCAGATGAGGA-1	Myeloid	2
AGCCAGCAGATGGCAC-1	T	17
AGCCAGCAGCATTCCA-1	T	17
AGCCAGCAGGTTACAA-1	T	9
AGCCAGCAGTCTCCAA-1	B	6
AGCCAGCCAAAGACGC-1	T	17
AGCCAGCCAAGATTAG-1	T	11
AGCCAGCCAAGGCTTT-1	T	12
AGCCAGCCACTCGGAC-1	NK	13
AGCCAGCCACTTGCGG-1	T	14
AGCCAGCCAGAGATGC-1	T	8
AGCCAGCCATCCCTCA-1	T	9
AGCCAGCCATTAACGC-1	T	14
AGCCAGCGTAAACCCT-1	T	7
AGCCAGCGTACAACGG-1	NK	13
AGCCAGCGTAGTACAA-1	T	17
AGCCAGCGTCATTGCA-1	T	8
AGCCAGCGTCCTCAGG-1	NK	18
AGCCAGCGTCGAGAAC-1	T	4
AGCCAGCGTCTGGTTA-1	T	0
AGCCAGCGTGCACCCA-1	T	10
AGCCAGCGTGCGCTCA-1	T	16
AGCCAGCGTTAAGTCC-1	T	7
AGCCAGCGTTTCGACA-1	T	10
AGCCAGCTCAAAGTAG-1	Myeloid	2
AGCCAGCTCCCTACGT-1	T	11
AGCCAGCTCCGATTGA-1	NK	18
AGCCAGCTCTCCCTTT-1	T	7
AGCCAGCTCTGGCACG-1	T	8
AGCCCGAAGAAATACC-1	T	14
AGCCCGAAGAGCCACA-1	T	7
AGCCCGAAGCGTTGCC-1	B	6
AGCCCGAAGGAGAACA-1	B	6
AGCCCGAAGGTGATGC-1	T	7
AGCCCGAAGTACTCTG-1	NK	13
AGCCCGAAGTCACACT-1	T	17
AGCCCGACAACTTGGT-1	T	4
AGCCCGACAAGAGCGT-1	B	6
AGCCCGACACTCAGCG-1	T	12
AGCCCGACAGTTGCAT-1	T	4
AGCCCGAGTAAGTCTC-1	T	7
AGCCCGAGTACGCCCA-1	T	12
AGCCCGAGTAGCATGG-1	NK	5
AGCCCGAGTCAAATCC-1	Myeloid	2
AGCCCGAGTCGCTACG-1	T	7
AGCCCGAGTCTCGGGT-1	T	1
AGCCCGAGTCTGTTGA-1	T	7
AGCCCGAGTTGGACGA-1	NK	18
AGCCCGAGTTTGTACG-1	T	15
AGCCCGATCAAGGCCC-1	T	16
AGCCCGATCCAAACCA-1	T	11
AGCCCGATCCCAGCAG-1	T	3
AGCCCGATCCCTAAAG-1	NK	13
AGCCGCAAGAACAGGA-1	NK	5
AGCCGCAAGATTCCGT-1	T	10
AGCCGCAAGCAACTGG-1	T	16
AGCCGCAAGCGCCTAC-1	Myeloid	2
AGCCGCAAGCTACGCC-1	T	4
AGCCGCAAGGGAGATA-1	T	14
AGCCGCAAGGTAGGAA-1	Myeloid	2
AGCCGCAAGTAGGTCG-1	Myeloid	2
AGCCGCAAGTAGTTCC-1	T	17
AGCCGCAAGTGCTAGG-1	NK	18
AGCCGCACAAGGAGGG-1	T	0
AGCCGCACACTACACA-1	NK	13
AGCCGCACATTCGTCC-1	T	16
AGCCGCAGTAGATTAG-1	T	4
AGCCGCAGTCATAGAA-1	B	6
AGCCGCAGTGACCAGA-1	B	6
AGCCGCAGTGCACCCA-1	T	9
AGCCGCAGTGTGCTTA-1	B	6
AGCCGCATCATCGCTC-1	T	15
AGCCGCATCCACGCTT-1	NK	13
AGCCGCATCCTCCAGT-1	T	0
AGCCGCATCGCATAAC-1	NK	13
AGCCGCATCGCTTGAA-1	T	1
AGCCGCATCGGTTAGT-1	T	0
AGCCGCATCGTCTTAT-1	T	10
AGCCTCTAGAACCCGA-1	T	11
AGCCTCTAGAGAACCC-1	T	16
AGCCTCTAGCGTATCT-1	NK	18
AGCCTCTAGGATGTAT-1	T	9
AGCCTCTAGGGATCCA-1	T	16
AGCCTCTAGGTAAGCC-1	T	8
AGCCTCTCAACGGACA-1	T	9
AGCCTCTCAAGGCGTA-1	T	3
AGCCTCTCAAGTTCGT-1	T	10
AGCCTCTCAAGTTGCT-1	T	0
AGCCTCTCAGGTAGGT-1	T	16
AGCCTCTCAGGTGTCC-1	T	8
AGCCTCTCATCACAAC-1	T	19
AGCCTCTCATCAGAAA-1	Myeloid	2
AGCCTCTCATCCCTCA-1	NK	18
AGCCTCTCATGCTATG-1	B	6
AGCCTCTGTATCTGCA-1	T	10
AGCCTCTGTCAAACAA-1	T	14
AGCCTCTGTCAAGACG-1	B	6
AGCCTCTGTCATAGCT-1	T	3
AGCCTCTGTGTGACCC-1	NK	18
AGCCTCTGTTAACCAC-1	T	12
AGCCTCTGTTAAGGGC-1	NK	13
AGCCTCTGTTCCGCGA-1	T	7
AGCCTCTGTTCTGATG-1	T	14
AGCCTCTGTTCTTAGG-1	T	16
AGCCTCTTCACCGCGA-1	T	3
AGCCTCTTCATCATGG-1	T	3
AGCCTCTTCCCGCAAG-1	Myeloid	2
AGCCTCTTCCGTTTCG-1	T	10
AGCCTCTTCCTCCCAA-1	T	11
AGCCTCTTCGACTTAG-1	NK	18
AGCCTCTTCGGATAGG-1	T	14
AGCCTCTTCGTGGTAT-1	NK	13
AGCCTGGAGACACAAT-1	T	0
AGCCTGGAGAGGTGGG-1	T	1
AGCCTGGAGCACGTAG-1	T	17
AGCCTGGAGCCTGTAT-1	T	4
AGCCTGGAGCTATCGT-1	T	16
AGCCTGGAGGATCCTT-1	T	17
AGCCTGGAGGTTTCTG-1	T	3
AGCCTGGAGTAATGTG-1	T	10
AGCCTGGAGTCACACT-1	T	10
AGCCTGGAGTTCCAGT-1	T	14
AGCCTGGCAATGATGA-1	NK	13
AGCCTGGCACAGATGG-1	NK	5
AGCCTGGCACGTGAAG-1	T	11
AGCCTGGCATGCGTTA-1	T	1
AGCCTGGGTAGTCTGT-1	Myeloid	2
AGCCTGGGTATCAGCT-1	NK	13
AGCCTGGGTATGTCCA-1	T	9
AGCCTGGGTCACAGTT-1	T	10
AGCCTGGGTCAGTGCC-1	T	11
AGCCTGGGTCCGTCGA-1	T	10
AGCCTGGGTCTGGATT-1	T	7
AGCCTGGGTGAGTTGG-1	T	10
AGCCTGGGTTCTTAGG-1	T	14
AGCCTGGGTTGGACGA-1	T	16
AGCCTGGGTTTGTCTT-1	B	6
AGCCTGGTCATTCTCA-1	T	1
AGCCTGGTCCAGGTCG-1	T	1
AGCCTGGTCCATAACG-1	T	11
AGCCTGGTCCCGCAAG-1	NK	13
AGCCTGGTCGTGGCGT-1	T	4
AGCCTGGTCTCAGATG-1	T	1
AGCCTGGTCTGTTGCC-1	T	1
AGCCTTCAGAAATTCG-1	T	10
AGCCTTCAGCGTATCT-1	T	14
AGCCTTCAGGTTACAA-1	T	16
AGCCTTCAGTAGTCGG-1	T	9
AGCCTTCAGTGTCGCC-1	T	12
AGCCTTCCAACGTCCG-1	T	1
AGCCTTCCATCGGCCA-1	NK	18
AGCCTTCGTATCGCGC-1	T	17
AGCCTTCGTCATAAGA-1	NK	18
AGCCTTCGTCCATTGA-1	T	3
AGCCTTCGTGCGTTTA-1	T	11
AGCCTTCGTTGAATAG-1	T	7
AGCCTTCTCAATTGGC-1	T	7
AGCCTTCTCACGTCAA-1	T	4
AGCCTTCTCACGTGTA-1	B	6
AGCCTTCTCAGAGTGG-1	NK	18
AGCCTTCTCAGGTTTG-1	T	4
AGCCTTCTCCGGAAAG-1	T	12
AGCCTTCTCCGTCAAA-1	NK	18
AGCCTTCTCGCACCTT-1	NK	13
AGCCTTCTCGCTTACC-1	T	11
AGCCTTCTCTGGCACG-1	Myeloid	2
AGCCTTCTCTTTCGAT-1	NK	13
AGCGATTAGAAATGGG-1	NK	13
AGCGATTAGAATACTG-1	NK	13
AGCGATTAGACTAGCG-1	T	15
AGCGATTAGAGACTCG-1	T	7
AGCGATTAGAGGAATG-1	T	12
AGCGATTAGCGTCAAG-1	T	3
AGCGATTAGCTCGGCT-1	T	10
AGCGATTAGCTGAGGT-1	NK	5
AGCGATTAGTGTTCCA-1	T	14
AGCGATTAGTTGCCGC-1	T	9
AGCGATTCAAGGACCA-1	T	7
AGCGATTCAAGGGAGG-1	T	12
AGCGATTCAATGCATC-1	T	3
AGCGATTCACCAAGGA-1	NK	18
AGCGATTCACTGCTCT-1	NK	18
AGCGATTCAGCCGAAA-1	Myeloid	2
AGCGATTCAGTAACTC-1	T	12
AGCGATTCATCATGTG-1	T	11
AGCGATTCATGCGACC-1	T	8
AGCGATTCATGGGACA-1	T	1
AGCGATTCATTCACCC-1	T	15
AGCGATTCATTGCGAT-1	T	16
AGCGATTGTCAGAAAT-1	T	7
AGCGATTGTCGACTGC-1	NK	13
AGCGATTGTCTCGGGT-1	T	8
AGCGATTGTTCCCGGA-1	T	11
AGCGATTGTTCTTAGG-1	T	16
AGCGATTTCACTCCCA-1	B	6
AGCGATTTCCCACGGA-1	T	12
AGCGATTTCCCACTAC-1	T	16
AGCGATTTCCTGTAGA-1	T	3
AGCGTATAGAGAACCC-1	T	12
AGCGTATAGAGGTACC-1	B	6
AGCGTATAGCACCATT-1	NK	13
AGCGTATAGCTAACAA-1	T	7
AGCGTATAGCTGGAGT-1	Myeloid	2
AGCGTATAGGCTAAAT-1	T	1
AGCGTATAGTCTCTAG-1	Myeloid	2
AGCGTATCAAAGAGAG-1	NK	5
AGCGTATCAAATTCCG-1	T	1
AGCGTATCAAGCTTTG-1	T	0
AGCGTATCAAGTAACA-1	NK	18
AGCGTATCACCGAATT-1	T	16
AGCGTATCACGGTTAT-1	NK	13
AGCGTATCAGCGTGAA-1	T	4
AGCGTATCATCATAGC-1	T	1
AGCGTATCATGGGACA-1	T	17
AGCGTATGTAACCGAG-1	T	3
AGCGTATGTACGACCC-1	T	8
AGCGTATGTCAATCCA-1	T	10
AGCGTATGTCTCTAAG-1	T	14
AGCGTATGTGATCAGG-1	NK	5
AGCGTATGTGATGCGA-1	T	17
AGCGTATGTGCATTGT-1	T	9
AGCGTATGTGCGACCT-1	T	1
AGCGTATGTGTGACCC-1	B	6
AGCGTATGTGTTGGTT-1	T	4
AGCGTATTCATTCATC-1	T	1
AGCGTATTCCAAGTCA-1	NK	5
AGCGTATTCCATAGGT-1	T	1
AGCGTATTCGAGGCTC-1	T	0
AGCGTATTCGCAGATT-1	T	4
AGCGTATTCGGTCGAC-1	T	8
AGCGTATTCGTGAACT-1	T	3
AGCGTATTCTATCCTA-1	T	8
AGCGTATTCTCGGCGA-1	B	6
AGCGTGCAGACTTGAA-1	T	0
AGCGTGCAGATCGAGC-1	T	11
AGCGTGCAGATTAGAC-1	T	16
AGCGTGCAGCCTTTGA-1	T	14
AGCGTGCAGCGCAATG-1	T	0
AGCGTGCAGTAACACA-1	T	16
AGCGTGCAGTAGTCGG-1	T	8
AGCGTGCAGTCAGGAC-1	NK	13
AGCGTGCAGTTCGTTG-1	T	19
AGCGTGCCAACGGGTA-1	T	7
AGCGTGCCAAGACTAA-1	T	0
AGCGTGCCAATAGCGG-1	T	9
AGCGTGCCACACATTG-1	T	0
AGCGTGCCACATTGCA-1	Myeloid	2
AGCGTGCCAGAATGCG-1	T	4
AGCGTGCCAGCAATGG-1	Myeloid	2
AGCGTGCCAGGCAAGT-1	T	3
AGCGTGCCAGTGCGAA-1	T	7
AGCGTGCCATCTCTCG-1	T	19
AGCGTGCGTAGAATAC-1	T	4
AGCGTGCGTATGAAGT-1	T	0
AGCGTGCGTCAAACAA-1	Myeloid	2
AGCGTGCGTGAATCAA-1	NK	18
AGCGTGCGTGGCCTCA-1	T	19
AGCGTGCGTTTGTGAC-1	B	6
AGCGTGCTCACTAGCA-1	T	15
AGCGTGCTCCAACAAC-1	T	10
AGCGTGCTCCACCTAC-1	T	12
AGCGTGCTCCAGCACG-1	T	17
AGCGTGCTCGGCAATT-1	T	15
AGCGTGCTCGGGAAAC-1	T	11
AGCGTGCTCGGTTAGT-1	NK	18
AGCGTGCTCGGTTGTA-1	T	15
AGCTATGAGTATAGTG-1	T	16
AGCTATGCAACTCGTA-1	Myeloid	2
AGCTATGCAGACTAAA-1	T	8
AGCTATGCAGGACCTC-1	T	14
AGCTATGCAGGGTACA-1	T	0
AGCTATGCAGTAGTTC-1	T	11
AGCTATGCATTTAGGC-1	T	16
AGCTATGGTAGCCATT-1	NK	13
AGCTATGGTATGTCCA-1	Myeloid	2
AGCTATGGTCATTGCA-1	NK	5
AGCTATGGTCCGGTAC-1	T	1
AGCTATGGTCTGGTCG-1	T	7
AGCTATGGTGAGCTAG-1	NK	18
AGCTATGGTGTCCTTC-1	T	11
AGCTATGGTTTCAGCA-1	T	8
AGCTATGTCAACGTGT-1	NK	13
AGCTATGTCAGGCGCT-1	T	9
AGCTATGTCAGTCTTT-1	B	6
AGCTATGTCCCACGGA-1	NK	18
AGCTATGTCCCACTAC-1	NK	13
AGCTATGTCGAGAACG-1	T	1
AGCTATGTCGGTCGAC-1	T	16
AGCTATGTCGGTCTCT-1	T	14
AGCTATGTCTATTTCG-1	NK	13
AGCTGATAGCTCGGCT-1	T	9
AGCTGATAGGCCTCGT-1	T	16
AGCTGATAGGCGTAGT-1	T	3
AGCTGATAGTAACTCC-1	Myeloid	2
AGCTGATAGTATCTGC-1	Myeloid	2
AGCTGATAGTCTAGAA-1	T	16
AGCTGATAGTGTCCCG-1	NK	13
AGCTGATCAACGTAGG-1	NK	5
AGCTGATCAAGAGATT-1	T	0
AGCTGATCAGCAACCC-1	T	14
AGCTGATCAGGTAACG-1	Myeloid	2
AGCTGATCAGGTGTGA-1	T	10
AGCTGATCATGCACTA-1	T	16
AGCTGATCATGGATGG-1	T	3
AGCTGATGTAACTGAA-1	T	10
AGCTGATGTAAGTGCG-1	T	11
AGCTGATGTAATGTGA-1	T	4
AGCTGATGTACGAGAC-1	T	17
AGCTGATGTATGTCCA-1	T	3
AGCTGATGTGACGCAA-1	T	11
AGCTGATGTGTGAGGT-1	T	7
AGCTGATGTGTGCTTA-1	T	16
AGCTGATGTTACACTG-1	Myeloid	2
AGCTGATGTTACTTTC-1	T	14
AGCTGATTCACATCCC-1	Myeloid	2
AGCTGATTCACCACAA-1	NK	18
AGCTGATTCATGCTTT-1	T	16
AGCTGATTCATGTTCT-1	T	1
AGCTGATTCCAGGCCA-1	T	12
AGCTGATTCCATCATT-1	T	11
AGCTGATTCCGGAAAG-1	T	9
AGCTGATTCCTCCTGA-1	T	3
AGCTGATTCGGATAAA-1	T	9
AGCTGATTCGGCTATA-1	T	11
AGCTGATTCGTCTTAT-1	B	6
AGCTGATTCTGAGTCA-1	T	11
AGCTGATTCTGTCGGG-1	T	4
AGCTGATTCTTCTTCC-1	NK	18
AGCTGGCAGAACGACC-1	T	10
AGCTGGCAGAGGCCTA-1	T	8
AGCTGGCAGCAGGAGG-1	T	14
AGCTGGCAGCCATTCA-1	B	6
AGCTGGCAGCTAACAA-1	T	9
AGCTGGCAGGAGGCGA-1	NK	18
AGCTGGCAGGTTGTGG-1	NK	5
AGCTGGCAGTATAGTG-1	T	9
AGCTGGCAGTGGACGT-1	T	7
AGCTGGCAGTGGTGTG-1	NK	18
AGCTGGCAGTTACCAC-1	T	12
AGCTGGCAGTTCAGGG-1	T	1
AGCTGGCAGTTGACAA-1	T	1
AGCTGGCCAAATGCTC-1	T	12
AGCTGGCCAATGCCAT-1	NK	13
AGCTGGCCACGTACAT-1	Myeloid	2
AGCTGGCCAGCTATAC-1	T	1
AGCTGGCCATGTAGAA-1	T	15
AGCTGGCGTATTTGCG-1	T	15
AGCTGGCGTGACGCAA-1	T	3
AGCTGGCGTTCCCTTG-1	NK	5
AGCTGGCGTTCTGAGT-1	Myeloid	2
AGCTGGCTCACAAGCT-1	T	3
AGCTGGCTCCAATAGC-1	T	15
AGCTGGCTCGAGAAGC-1	T	8
AGCTGGCTCGCCACTT-1	T	9
AGCTGGCTCGGTAGGA-1	T	8
AGCTGGCTCTCCACTG-1	T	9
AGCTGGCTCTCGCGTT-1	T	14
AGCTGTAAGAGGCCTA-1	Myeloid	2
AGCTGTAAGCGTAGCA-1	T	9
AGCTGTAAGCGTTGCC-1	NK	18
AGCTGTAAGGATGTCG-1	B	6
AGCTGTAAGGATTGCG-1	NK	18
AGCTGTAAGTTCAAGA-1	Myeloid	2
AGCTGTAAGTTCTCCC-1	Myeloid	2
AGCTGTAAGTTTGGAA-1	B	6
AGCTGTACACGCGTTG-1	T	4
AGCTGTACACTCCACT-1	T	14
AGCTGTACACTGTTAG-1	T	7
AGCTGTACAGATGGCA-1	T	4
AGCTGTACATCCGTAA-1	T	17
AGCTGTAGTAACCATC-1	NK	18
AGCTGTAGTATGTTCG-1	T	4
AGCTGTAGTCCCTTTG-1	T	16
AGCTGTAGTCTAACCA-1	Myeloid	2
AGCTGTAGTCTCTGGG-1	NK	18
AGCTGTAGTCTGGGAA-1	NK	18
AGCTGTAGTGTTTCTT-1	NK	13
AGCTGTAGTTACCCAA-1	Myeloid	2
AGCTGTAGTTCACGTA-1	T	15
AGCTGTATCAAATGGA-1	T	0
AGCTGTATCAATGCAC-1	T	4
AGCTGTATCACCCGGA-1	T	9
AGCTGTATCACGATTG-1	T	17
AGCTGTATCAGGAAGC-1	NK	18
AGCTGTATCCATACGA-1	NK	18
AGCTGTATCCATGACA-1	T	16
AGCTGTATCGCATACA-1	T	4
AGCTGTATCTAGCAAC-1	T	8
AGCTGTATCTCGCGTT-1	NK	18
AGCTGTATCTCGGCGA-1	T	1
AGGACGAAGAGGAACA-1	T	1
AGGACGAAGAGTGGTC-1	B	6
AGGACGAAGGCTGGAT-1	T	14
AGGACGAAGGGAAATG-1	T	10
AGGACGAAGGGACGTT-1	T	17
AGGACGAAGTACAACA-1	T	9
AGGACGAAGTCACACT-1	T	10
AGGACGAAGTGCTAGG-1	T	11
AGGACGAAGTTAGCGG-1	NK	18
AGGACGAAGTTTACGC-1	T	9
AGGACGACACAGTTCA-1	T	8
AGGACGACACTCGTGG-1	T	3
AGGACGACAGTAGGCA-1	T	4
AGGACGACATAGGCGA-1	T	9
AGGACGACATTTCTTG-1	Myeloid	2
AGGACGAGTCATAGCT-1	T	8
AGGACGAGTGATTCCA-1	T	15
AGGACGAGTTCCAATG-1	T	1
AGGACGAGTTGGCTAT-1	T	7
AGGACGATCCACCTAC-1	T	16
AGGACGATCCCAATAG-1	NK	18
AGGACGATCGAGAAGC-1	T	8
AGGACGATCGTATAGC-1	NK	18
AGGACGATCTACTTTG-1	T	9
AGGACGATCTAGCAAC-1	T	0
AGGACGATCTCTGCGT-1	T	4
AGGACGATCTTGGCCT-1	T	1
AGGCCCAAGACTTCCA-1	T	8
AGGCCCAAGATCGAGC-1	T	10
AGGCCCAAGCGAGAAA-1	T	1
AGGCCCAAGGGCGAAG-1	B	6
AGGCCCAAGGTCGGTA-1	NK	5
AGGCCCAAGTCGTGAG-1	T	17
AGGCCCAAGTCTGCTA-1	T	16
AGGCCCACAAAGCTGG-1	T	0
AGGCCCACAACGGACA-1	T	12
AGGCCCACAATTCTCT-1	T	7
AGGCCCACAGATAAGT-1	T	3
AGGCCCACAGTAAGAT-1	NK	13
AGGCCCACAGTGGTCC-1	T	12
AGGCCCACAGTTCGGC-1	T	14
AGGCCCACATTGTTCT-1	T	12
AGGCCCACATTTCACT-1	T	0
AGGCCCAGTAGGTAAT-1	T	4
AGGCCCAGTATGGATA-1	B	6
AGGCCCAGTATGTCCA-1	T	3
AGGCCCAGTCAACGGA-1	NK	13
AGGCCCAGTCGGCTGT-1	T	7
AGGCCCAGTGCTTTGA-1	T	7
AGGCCCAGTTAACCAC-1	T	16
AGGCCCATCAGGAAGC-1	T	17
AGGCCCATCCGCGATG-1	NK	13
AGGCCCATCGAGTTAC-1	T	16
AGGCCCATCTCTGCAC-1	T	16
AGGCCTGAGACAGCTG-1	T	0
AGGCCTGAGAGTAAGG-1	NK	18
AGGCCTGAGATAGGTT-1	T	9
AGGCCTGAGCCCATTA-1	B	6
AGGCCTGAGGGCTCTC-1	T	10
AGGCCTGAGTGGACGT-1	Myeloid	2
AGGCCTGAGTGTTCCA-1	T	9
AGGCCTGCAAGATGCG-1	T	4
AGGCCTGCAAGCAACG-1	T	8
AGGCCTGCAAGCGGTA-1	T	17
AGGCCTGCAATGCACT-1	Myeloid	2
AGGCCTGCATCATGTG-1	T	1
AGGCCTGGTATCAGCT-1	NK	18
AGGCCTGGTATCTCAG-1	T	8
AGGCCTGGTCGCTAGC-1	T	3
AGGCCTGGTGAATGGC-1	T	11
AGGCCTGGTGAGGTCA-1	T	4
AGGCCTGGTTAAGTCC-1	T	4
AGGCCTGGTTGTCGGC-1	T	8
AGGCCTGTCAACACGT-1	B	6
AGGCCTGTCCATGACA-1	T	4
AGGCCTGTCCCAGCGA-1	T	4
AGGCCTGTCGTGATAC-1	T	0
AGGCCTGTCTGCGTCT-1	Myeloid	2
AGGCGAAAGAACGTCG-1	T	1
AGGCGAAAGAACTAAC-1	T	15
AGGCGAAAGAAGACTT-1	T	7
AGGCGAAAGAGAGGTA-1	T	14
AGGCGAAAGAGGTACC-1	T	17
AGGCGAAAGCACGTAG-1	T	7
AGGCGAAAGCAGGACT-1	T	7
AGGCGAAAGCCCATGC-1	T	4
AGGCGAAAGCTGCCAC-1	T	11
AGGCGAAAGGCAAGGG-1	T	3
AGGCGAAAGGTACACG-1	T	9
AGGCGAAAGGTCCTCG-1	T	11
AGGCGAAAGTCGTGAG-1	T	16
AGGCGAAAGTCTAGAA-1	T	15
AGGCGAAAGTGTAATG-1	T	1
AGGCGAACACATAAAG-1	T	1
AGGCGAACACATCATG-1	Myeloid	2
AGGCGAACATCCATAG-1	NK	13
AGGCGAAGTAGAAAGG-1	B	6
AGGCGAAGTATGTTCG-1	T	12
AGGCGAAGTCCCTAAA-1	T	4
AGGCGAAGTCTTAGCA-1	T	9
AGGCGAAGTGACGCAA-1	T	0
AGGCGAAGTGCGTAGA-1	T	11
AGGCGAAGTTACCACA-1	T	1
AGGCGAATCACAGGGA-1	Myeloid	2
AGGCGAATCAGGTCTA-1	T	14
AGGCGAATCATTCATC-1	T	4
AGGCGAATCCGGCTGA-1	Myeloid	2
AGGCGAATCGAAGCCC-1	T	7
AGGCGAATCGCAACTA-1	NK	18
AGGCGAATCGTTACAG-1	T	11
AGGCGTCAGACTCTTG-1	T	12
AGGCGTCAGAGATTAC-1	T	1
AGGCGTCAGATTAGAC-1	Myeloid	2
AGGCGTCAGCATGTGG-1	Myeloid	2
AGGCGTCAGCTGCCAC-1	T	16
AGGCGTCAGGCACTAG-1	T	8
AGGCGTCAGGGACGTT-1	Myeloid	2
AGGCGTCAGTACTCTG-1	T	15
AGGCGTCAGTGAAGGA-1	T	3
AGGCGTCAGTGGGACT-1	T	4
AGGCGTCAGTGTCCCG-1	T	3
AGGCGTCCAAGAAACT-1	T	8
AGGCGTCCAAGACTAA-1	T	11
AGGCGTCCAAGATTAG-1	T	9
AGGCGTCCAAGGAAGA-1	Myeloid	2
AGGCGTCCACGACGAA-1	T	1
AGGCGTCCAGAAAGAG-1	T	19
AGGCGTCCAGATGGCA-1	T	14
AGGCGTCCATCCTCGT-1	T	12
AGGCGTCGTAAGTGCG-1	T	9
AGGCGTCGTAATGCCT-1	NK	13
AGGCGTCGTATCCCTC-1	T	17
AGGCGTCGTCCCGTGA-1	T	3
AGGCGTCGTCTCGGGT-1	T	0
AGGCGTCGTGGCATAG-1	Myeloid	2
AGGCGTCGTGTACGCC-1	T	16
AGGCGTCTCCAAGTCA-1	T	4
AGGCGTCTCTTCATAC-1	T	8
AGGCGTCTCTTCCGTG-1	T	7
AGTCAACAGACACAAT-1	T	8
AGTCAACAGCGTAGCA-1	T	16
AGTCAACAGGATGTAT-1	T	12
AGTCAACAGGCAGTGT-1	T	17
AGTCAACAGGGCTTCC-1	T	16
AGTCAACAGGTCTTTG-1	NK	13
AGTCAACAGTCAACTC-1	T	4
AGTCAACAGTGATTAG-1	NK	13
AGTCAACCAAAGGCCA-1	T	14
AGTCAACCACTTGCGG-1	T	4
AGTCAACCAGGACCTC-1	T	16
AGTCAACCATCAGCTA-1	B	6
AGTCAACGTAACTGAA-1	T	15
AGTCAACGTGGATTCT-1	T	7
AGTCAACGTGTCTACA-1	T	12
AGTCAACGTTGCCTGG-1	T	1
AGTCAACGTTTCGATG-1	T	7
AGTCAACTCACGTCAA-1	T	9
AGTCAACTCCACCTAC-1	NK	13
AGTCAACTCCATCATT-1	T	9
AGTCAACTCGGTCGAC-1	T	19
AGTCAACTCTCGCGTT-1	NK	13
AGTCCGGAGCATTGGG-1	T	1
AGTCCGGAGCCTATAC-1	T	0
AGTCCGGAGTAGTCGG-1	Myeloid	2
AGTCCGGAGTCGAAAT-1	T	4
AGTCCGGAGTGTTCCA-1	T	10
AGTCCGGCAACGGGTA-1	NK	13
AGTCCGGCAACGTCCG-1	T	8
AGTCCGGCACACACAT-1	T	15
AGTCCGGCAGCAATGG-1	T	3
AGTCCGGCAGTTCGGC-1	T	4
AGTCCGGCATCCTCGT-1	T	1
AGTCCGGCATCCTGGG-1	T	3
AGTCCGGGTACGGTTT-1	T	9
AGTCCGGGTAGGTAAT-1	T	9
AGTCCGGGTAGTCCAT-1	NK	18
AGTCCGGGTATTGTCG-1	B	6
AGTCCGGGTCAGCAAG-1	NK	13
AGTCCGGGTCCCGTGA-1	T	12
AGTCCGGGTGAAACAT-1	T	14
AGTCCGGGTGCCCTAG-1	T	9
AGTCCGGGTTGCCGCA-1	T	10
AGTCCGGGTTTCACCC-1	T	9
AGTCCGGTCACTGATG-1	T	14
AGTCCGGTCAGTGTGT-1	T	0
AGTCCGGTCGGCATAT-1	T	1
AGTCCGGTCTATCCTA-1	T	1
AGTGCCGAGACCTATC-1	T	4
AGTGCCGAGGCACCTC-1	T	11
AGTGCCGAGTCGGGAT-1	B	6
AGTGCCGAGTTAGAGT-1	T	4
AGTGCCGCAACCTCTC-1	T	12
AGTGCCGCAACTGCGC-1	T	17
AGTGCCGCACTTACAG-1	T	8
AGTGCCGCATTGCGAT-1	B	6
AGTGCCGGTAGAATAC-1	T	0
AGTGCCGGTATGGATA-1	T	7
AGTGCCGGTCAACGGA-1	T	11
AGTGCCGGTTATCGAC-1	NK	18
AGTGCCGGTTTCTTAC-1	T	4
AGTGCCGGTTTGATCG-1	T	16
AGTGCCGTCGCCCTTA-1	T	8
AGTGCCGTCGTTTGAG-1	T	0
AGTGCCGTCTCTGAGA-1	T	8
AGTGCCGTCTTCCGTG-1	T	8
AGTGCCGTCTTGCGCT-1	T	0
AGTGCGCAGAAGCCTG-1	T	9
AGTGCGCAGACAGTGC-1	T	9
AGTGCGCAGAGCGAAA-1	T	16
AGTGCGCAGAGGCAGG-1	T	14
AGTGCGCAGAGTTTGA-1	T	9
AGTGCGCAGCATTCCA-1	T	16
AGTGCGCAGCCCATGC-1	T	1
AGTGCGCAGCGTTAGG-1	T	9
AGTGCGCAGTCACACT-1	T	16
AGTGCGCAGTCCGTGC-1	T	8
AGTGCGCAGTGAATAC-1	T	4
AGTGCGCAGTTCAGGG-1	T	11
AGTGCGCCAAGACACG-1	Myeloid	2
AGTGCGCCAAGGTCGA-1	T	12
AGTGCGCCACGAACGA-1	T	0
AGTGCGCCAGCAACGA-1	T	16
AGTGCGCCAGGGCTTC-1	NK	13
AGTGCGCCAGGGTACA-1	T	11
AGTGCGCCATAGAATG-1	NK	13
AGTGCGCGTAATGCCT-1	T	10
AGTGCGCGTACAAGCG-1	T	1
AGTGCGCGTACCCATA-1	T	9
AGTGCGCGTAGGTAAT-1	NK	18
AGTGCGCGTGCACATT-1	T	7
AGTGCGCGTGCCAAGA-1	T	0
AGTGCGCGTGCTTTGA-1	T	7
AGTGCGCGTTGGGAAC-1	T	7
AGTGCGCGTTGTGAGG-1	T	12
AGTGCGCGTTTCCTAT-1	T	0
AGTGCGCTCACCCTTG-1	T	4
AGTGCGCTCATCGCAA-1	T	11
AGTGCGCTCCCACGGA-1	NK	18
AGTGCGCTCGCTCTAC-1	NK	13
AGTGCGCTCTCATCCG-1	Myeloid	2
AGTGTACAGCCTCGCA-1	NK	13
AGTGTACAGGTACACG-1	Myeloid	2
AGTGTACAGTAATCAG-1	T	7
AGTGTACAGTAATGTG-1	T	10
AGTGTACCAAAGCTTC-1	T	4
AGTGTACCAACAAACA-1	T	14
AGTGTACCACAACGGA-1	Myeloid	2
AGTGTACCAGCGTAGA-1	NK	18
AGTGTACCAGGCACAA-1	T	9
AGTGTACCAGGCTACC-1	T	9
AGTGTACCATCCCGGA-1	T	10
AGTGTACCATCGGCTG-1	T	11
AGTGTACCATTAGCCA-1	B	6
AGTGTACCATTGCGAT-1	B	6
AGTGTACGTACAAATG-1	NK	5
AGTGTACGTAGACACG-1	T	3
AGTGTACGTAGAGAGA-1	B	6
AGTGTACGTAGTATCC-1	T	4
AGTGTACGTATACGCT-1	T	1
AGTGTACGTCAACGGA-1	B	6
AGTGTACGTCGTCGCA-1	T	19
AGTGTACGTGCGTTTA-1	T	4
AGTGTACGTGCTTCCT-1	T	7
AGTGTACGTTGGACGA-1	T	10
AGTGTACTCAACTTGG-1	Myeloid	2
AGTGTACTCACGATTG-1	Myeloid	2
AGTGTACTCCATACCC-1	T	16
AGTGTACTCCATCGAA-1	T	7
AGTGTACTCCTGGAAT-1	T	14
AGTGTACTCGATCTTT-1	NK	5
AGTGTACTCGCCAGAC-1	T	16
AGTGTACTCGCGTGAC-1	NK	13
AGTGTACTCGCTCGGA-1	NK	5
AGTGTACTCGGCAATT-1	T	0
AGTGTACTCGGTCTAA-1	B	6
AGTGTACTCTCCTTGG-1	T	4
AGTGTACTCTGTTGCC-1	NK	18
AGTTACGAGCCTATAC-1	NK	18
AGTTACGAGCTCGTTA-1	T	9
AGTTACGAGCTGAATA-1	T	8
AGTTACGAGCTGATTC-1	NK	13
AGTTACGAGGCGTAGT-1	T	17
AGTTACGAGGGATCCA-1	B	6
AGTTACGAGTCGACCC-1	T	4
AGTTACGAGTCTGTGT-1	NK	13
AGTTACGAGTTAGCAA-1	NK	18
AGTTACGAGTTCCAGT-1	T	16
AGTTACGCAAACCCTA-1	NK	13
AGTTACGCAAGTTGCT-1	T	11
AGTTACGCAATCCATG-1	B	6
AGTTACGCACAGCCAC-1	T	3
AGTTACGCACCAAGGA-1	T	4
AGTTACGCAGCAGGTA-1	T	7
AGTTACGCAGGCATTT-1	T	0
AGTTACGCATACCCGG-1	NK	5
AGTTACGCATACTGCA-1	T	19
AGTTACGCATGTGAGG-1	T	17
AGTTACGCATTAGCCA-1	NK	18
AGTTACGGTACATGGG-1	NK	18
AGTTACGGTATCCTTT-1	T	16
AGTTACGGTCAACTGT-1	B	6
AGTTACGGTCAGCTTA-1	T	0
AGTTACGGTCCAACCG-1	T	4
AGTTACGGTGCATCAT-1	NK	5
AGTTACGGTGCTTGAT-1	NK	18
AGTTACGGTTAGTAGA-1	T	15
AGTTACGGTTCCAGTA-1	T	9
AGTTACGGTTTCTTAC-1	NK	13
AGTTACGTCACCGCGA-1	T	19
AGTTACGTCATTCTTG-1	T	12
AGTTACGTCCGATTGA-1	NK	13
AGTTACGTCCGGAAAG-1	T	3
AGTTACGTCTCCTTAA-1	T	16
AGTTACGTCTCGACCT-1	T	11
AGTTTGGAGATCGCCC-1	NK	18
AGTTTGGAGGATTAAC-1	T	1
AGTTTGGAGGCACTAG-1	T	1
AGTTTGGAGGCCAGTA-1	T	8
AGTTTGGAGTACCACT-1	B	6
AGTTTGGCAACGCAAG-1	T	4
AGTTTGGCAATGAAAC-1	T	17
AGTTTGGCAATGCCAT-1	NK	18
AGTTTGGCACATAAAG-1	T	10
AGTTTGGCAGACTAAA-1	T	7
AGTTTGGCATACAACC-1	Myeloid	2
AGTTTGGCATAGCCAT-1	T	4
AGTTTGGCATAGGCGA-1	T	17
AGTTTGGCATGCACTA-1	Myeloid	2
AGTTTGGCATTATGGC-1	NK	13
AGTTTGGGTAAACGAT-1	T	19
AGTTTGGGTATCACAC-1	T	14
AGTTTGGGTCTGTGTA-1	T	9
AGTTTGGGTTACACTG-1	NK	13
AGTTTGGGTTACTACG-1	T	12
AGTTTGGGTTCAGTAC-1	Myeloid	2
AGTTTGGGTTCGGGAA-1	T	15
AGTTTGGGTTTGCATG-1	Myeloid	2
AGTTTGGGTTTGGATC-1	T	11
AGTTTGGTCATGCTTT-1	T	7
AGTTTGGTCGGATAGG-1	T	3
AGTTTGGTCGGTCTAA-1	NK	18
AGTTTGGTCTCCAACC-1	T	15
AGTTTGGTCTTAACGG-1	T	7
AGTTTGGTCTTGCGCT-1	T	0
ATAGGCTAGAAATTCG-1	T	19
ATAGGCTAGATGTTGA-1	T	8
ATAGGCTAGCTTACCA-1	T	14
ATAGGCTAGTAGTTCC-1	NK	18
ATAGGCTAGTCGACCC-1	T	1
ATAGGCTCAAAGAAGG-1	T	8
ATAGGCTCAAATTCCG-1	T	11
ATAGGCTCAACCTCCT-1	T	12
ATAGGCTCAACGGGTA-1	T	9
ATAGGCTCACAAACGG-1	T	0
ATAGGCTCACAGCCAC-1	T	12
ATAGGCTCACAGTTAC-1	T	14
ATAGGCTCATTGCGAT-1	T	0
ATAGGCTGTAGCGAGT-1	T	7
ATAGGCTGTAGCGGTA-1	Myeloid	2
ATAGGCTGTCTAAGAA-1	T	0
ATAGGCTGTGAGTAAT-1	T	14
ATAGGCTGTTACTACG-1	T	16
ATAGGCTGTTCCATCC-1	T	9
ATAGGCTTCCATTGAG-1	T	11
ATAGGCTTCCGATGCG-1	T	8
ATAGGCTTCCTGACCT-1	T	16
ATAGGCTTCGCACCGA-1	T	9
ATAGGCTTCGTCCCTA-1	T	8
ATAGGCTTCGTCTTAT-1	T	8
ATAGTCGAGACACGGT-1	NK	13
ATAGTCGAGAGACTCG-1	B	6
ATAGTCGAGGCGATTG-1	T	0
ATAGTCGAGGTTTCTG-1	T	8
ATAGTCGAGTATACCC-1	T	0
ATAGTCGAGTCCTTCC-1	T	0
ATAGTCGCAAATGCTC-1	T	17
ATAGTCGCAAGCCCTG-1	T	14
ATAGTCGCAAGCGGTA-1	Myeloid	2
ATAGTCGCAAGTTGCT-1	T	3
ATAGTCGCACCCTTTG-1	Myeloid	2
ATAGTCGCACTCGGAC-1	T	17
ATAGTCGCATACCCGG-1	T	1
ATAGTCGCATCGAGTT-1	T	8
ATAGTCGCATCGCCTT-1	T	14
ATAGTCGCATGCACTA-1	T	17
ATAGTCGCATGGCCTG-1	T	16
ATAGTCGCATTCCCGT-1	T	4
ATAGTCGCATTGCACA-1	NK	18
ATAGTCGGTCAAACAA-1	T	9
ATAGTCGGTCAACTGT-1	T	14
ATAGTCGGTCACTCTC-1	T	12
ATAGTCGGTCATAGAA-1	T	1
ATAGTCGGTCTGGTCG-1	T	12
ATAGTCGGTGGACGAT-1	T	12
ATAGTCGGTGTGTGTT-1	T	3
ATAGTCGGTTGGAGGT-1	T	19
ATAGTCGTCAACACGT-1	T	19
ATAGTCGTCACCCTTG-1	T	14
ATAGTCGTCAGGATCT-1	NK	13
ATAGTCGTCCCAGTAA-1	T	4
ATAGTCGTCCGTTTCG-1	T	17
ATAGTCGTCGGCAATT-1	T	4
ATAGTCGTCTACCCGT-1	T	12
ATAGTCGTCTCATATC-1	T	4
ATAGTCGTCTCCCTTT-1	T	1
ATAGTCGTCTCGCGTT-1	T	11
ATAGTCGTCTCTTCTC-1	T	14
ATAGTCGTCTTACTCA-1	T	14
ATATTCCAGACACGGT-1	T	9
ATATTCCAGAGAAGCA-1	T	14
ATATTCCAGAGGTACC-1	B	6
ATATTCCAGCTACGCC-1	T	7
ATATTCCAGCTAGTTC-1	T	14
ATATTCCAGCTGATTC-1	NK	18
ATATTCCAGGCAATTA-1	T	8
ATATTCCAGGCATGCA-1	T	0
ATATTCCAGTGCAACG-1	T	12
ATATTCCAGTTCAAGA-1	T	15
ATATTCCCAAACGACG-1	B	6
ATATTCCCAAGCAATA-1	NK	5
ATATTCCCACAACGGA-1	T	8
ATATTCCCACAGCTTA-1	T	10
ATATTCCCAGCGTCGT-1	T	12
ATATTCCCAGGTAACG-1	T	1
ATATTCCCAGGTGTGA-1	T	7
ATATTCCCATAGGCGA-1	T	8
ATATTCCCATCTCACC-1	T	12
ATATTCCGTAGGGTTG-1	T	19
ATATTCCGTCAAATCC-1	NK	13
ATATTCCGTCATTGGT-1	T	14
ATATTCCGTCCGGTAC-1	NK	18
ATATTCCGTCGTCGCA-1	Myeloid	2
ATATTCCGTGAATCAA-1	T	12
ATATTCCGTGAGGTCA-1	T	12
ATATTCCGTGGACAGT-1	NK	18
ATATTCCGTGGTACTT-1	T	10
ATATTCCGTTACGAAA-1	T	1
ATATTCCGTTCCGCGA-1	T	3
ATATTCCGTTCTGAGT-1	T	9
ATATTCCTCAGATACC-1	T	19
ATATTCCTCCAGAATC-1	T	12
ATATTCCTCCATCGAA-1	NK	18
ATATTCCTCCGTCAAA-1	T	9
ATATTCCTCCTGGGAC-1	NK	13
ATATTCCTCGATAGCT-1	T	7
ATATTCCTCGATGTAC-1	T	7
ATATTCCTCTATACCT-1	T	9
ATATTCCTCTATATCC-1	T	12
ATATTCCTCTCTTCCT-1	T	7
ATCCAGAAGAGAACCC-1	Myeloid	2
ATCCAGAAGGCAGTGT-1	T	8
ATCCAGAAGGGAAATG-1	T	7
ATCCAGAAGTTATGAG-1	T	8
ATCCAGACAAACGACG-1	T	8
ATCCAGACAAACTACC-1	NK	13
ATCCAGACAAAGCTGG-1	T	4
ATCCAGACAACGAGGT-1	T	4
ATCCAGACAACTCGTA-1	T	12
ATCCAGACAAGCACTT-1	NK	18
ATCCAGACACACTAGT-1	T	8
ATCCAGACACAGTTAC-1	NK	13
ATCCAGACACGCGTTG-1	T	8
ATCCAGACAGGTAGCA-1	NK	18
ATCCAGACAGTTCGGC-1	T	1
ATCCAGACATACTGCA-1	NK	13
ATCCAGACATTACCTT-1	NK	18
ATCCAGAGTACCTATG-1	NK	18
ATCCAGAGTAGACGCA-1	T	12
ATCCAGAGTATTCGCA-1	T	3
ATCCAGAGTCACAGTT-1	T	9
ATCCAGAGTCGATAGG-1	Myeloid	2
ATCCAGAGTGCGACCT-1	T	17
ATCCAGAGTGTACGCC-1	T	8
ATCCAGAGTTACACTG-1	T	16
ATCCAGAGTTCCGGCA-1	T	17
ATCCAGAGTTGTGAGG-1	T	4
ATCCAGATCAGGGTTT-1	T	11
ATCCAGATCCGCTCTA-1	B	6
ATCCAGATCCGTGCAG-1	T	9
ATCCAGATCGAGGTAG-1	T	3
ATCCAGATCGTGGAAG-1	NK	13
ATCCAGATCTGGACAT-1	NK	13
ATCCCTGAGAAATACC-1	NK	18
ATCCCTGAGACACAAT-1	T	16
ATCCCTGAGACCCTAT-1	T	7
ATCCCTGAGACTCTTG-1	T	9
ATCCCTGAGATGGCAC-1	T	7
ATCCCTGAGGCCTCGT-1	T	14
ATCCCTGAGGGAAATG-1	B	6
ATCCCTGAGGGACGTT-1	NK	13
ATCCCTGAGGTTCTCA-1	T	15
ATCCCTGAGGTTGTGG-1	T	7
ATCCCTGAGTTCCAGT-1	T	3
ATCCCTGAGTTGAATG-1	T	12
ATCCCTGCAACGACAG-1	T	4
ATCCCTGCACATTGCA-1	NK	5
ATCCCTGCACGTTACA-1	Myeloid	2
ATCCCTGCAGCGTACC-1	T	3
ATCCCTGCAGTAAGCG-1	T	12
ATCCCTGCAGTGCGAA-1	NK	18
ATCCCTGGTACTTCAG-1	T	7
ATCCCTGGTCAACAGG-1	T	1
ATCCCTGGTGAATCGG-1	T	4
ATCCCTGGTGATGCGA-1	T	15
ATCCCTGGTGCAACAG-1	NK	18
ATCCCTGGTGCACCCA-1	T	11
ATCCCTGGTGGTACTT-1	T	1
ATCCCTGGTTACTACG-1	Myeloid	2
ATCCCTGGTTCTGAAC-1	T	9
ATCCCTGGTTTGCGAT-1	T	15
ATCCCTGTCAAGAGGC-1	T	10
ATCCCTGTCAAGTTGC-1	Myeloid	2
ATCCCTGTCAGAGTGG-1	T	3
ATCCCTGTCCCACTAC-1	T	9
ATCCCTGTCCCACTTG-1	T	4
ATCCCTGTCGCCTTAC-1	Myeloid	2
ATCCCTGTCTCTCAAT-1	NK	18
ATCCCTGTCTGAACGT-1	Myeloid	2
ATCCCTGTCTGGCGCA-1	T	7
ATCCCTGTCTTAATCC-1	T	4
ATCCCTGTCTTCACTA-1	NK	18
ATCCCTGTCTTTATCG-1	T	7
ATCCTCGAGATTGACA-1	T	3
ATCCTCGAGCGAGCTA-1	T	14
ATCCTCGAGGCGACTA-1	NK	13
ATCCTCGAGGCTTTAC-1	T	7
ATCCTCGAGTACGACG-1	Myeloid	2
ATCCTCGAGTCCTTCC-1	NK	18
ATCCTCGAGTCGAAAT-1	T	4
ATCCTCGAGTTCAAGA-1	T	8
ATCCTCGAGTTCCCGG-1	B	6
ATCCTCGCAACGTCGC-1	T	0
ATCCTCGCAAGTGGCA-1	T	10
ATCCTCGCAATTGTGC-1	T	4
ATCCTCGCACCATTCC-1	T	1
ATCCTCGCACCGAATT-1	T	9
ATCCTCGCATAGATAG-1	T	16
ATCCTCGCATGGATGG-1	T	7
ATCCTCGCATGGGACA-1	T	16
ATCCTCGCATGGGTGA-1	NK	18
ATCCTCGCATTACTCT-1	T	1
ATCCTCGGTATGAAGT-1	B	6
ATCCTCGGTCGAGAAC-1	Myeloid	2
ATCCTCGGTCGCTACG-1	T	0
ATCCTCGGTCTAAGAA-1	T	7
ATCCTCGGTCTCTGCT-1	NK	18
ATCCTCGGTCTGCACG-1	T	7
ATCCTCGGTGGCCTTG-1	T	7
ATCCTCGGTGTCGTGC-1	T	19
ATCCTCGGTTCCAGTA-1	NK	5
ATCCTCGGTTTCGATG-1	T	11
ATCCTCGGTTTGTAGC-1	T	12
ATCCTCGTCACGTGTA-1	T	11
ATCCTCGTCAGGTTTG-1	T	19
ATCCTCGTCCATGTTT-1	NK	13
ATCCTCGTCCCGAAGC-1	NK	18
ATCCTCGTCCGTCAAA-1	NK	13
ATCCTCGTCGATTACG-1	T	7
ATCCTCGTCGTAGCGC-1	Myeloid	2
ATCCTCGTCGTCGCAG-1	NK	18
ATCCTCGTCTTGCGCT-1	T	8
ATCCTGCAGGCAATTA-1	NK	18
ATCCTGCAGGGCATTG-1	T	19
ATCCTGCAGTGCTAGG-1	Myeloid	2
ATCCTGCCAACGAGGT-1	Myeloid	2
ATCCTGCCAAGCAATA-1	Myeloid	2
ATCCTGCCACCCTTTG-1	T	0
ATCCTGCCACGCGATC-1	T	4
ATCCTGCCACGCTAAT-1	T	12
ATCCTGCCACGTTGTA-1	T	19
ATCCTGCCACTCGGAC-1	T	15
ATCCTGCCACTGTTAG-1	T	1
ATCCTGCCAGAAGTGC-1	T	19
ATCCTGCCATAGCCAT-1	T	8
ATCCTGCGTAACATAG-1	T	0
ATCCTGCGTACTTGAC-1	T	1
ATCCTGCGTAGGGTTG-1	T	0
ATCCTGCGTCATAGCT-1	T	10
ATCCTGCGTCCCTTTG-1	T	14
ATCCTGCGTGGCATAG-1	Myeloid	2
ATCCTGCGTGTCTCGG-1	T	0
ATCCTGCGTTAACTCG-1	T	1
ATCCTGCGTTAGGAGC-1	T	3
ATCCTGCGTTCTCGAA-1	T	10
ATCCTGCGTTTCTCTA-1	T	14
ATCCTGCTCGACTGGC-1	T	16
ATCCTGCTCGATATGC-1	T	9
ATCCTGCTCGCTACCT-1	T	16
ATCCTGCTCGCTCGGA-1	T	11
ATCCTGCTCTTTCGAT-1	NK	13
ATCGAGTAGAGCTACG-1	T	19
ATCGAGTAGGAAGACA-1	T	12
ATCGAGTAGGATGTCG-1	T	7
ATCGAGTAGTAATCAG-1	Myeloid	2
ATCGAGTAGTGCACAG-1	T	7
ATCGAGTCAACGTAGG-1	B	6
ATCGAGTCAAGCCAGA-1	T	12
ATCGAGTCAAGCCCTG-1	T	4
ATCGAGTCAAGCGAAC-1	T	8
ATCGAGTCACAGAAGC-1	T	0
ATCGAGTCACTAAACC-1	T	9
ATCGAGTCACTTATGG-1	T	10
ATCGAGTCAGGTAGCA-1	NK	13
ATCGAGTCAGGTAGGT-1	T	0
ATCGAGTCATAAAGTG-1	T	10
ATCGAGTCATAGGCGA-1	NK	13
ATCGAGTCATGCGTTA-1	T	10
ATCGAGTCATTAACGC-1	T	0
ATCGAGTCATTACCTT-1	NK	13
ATCGAGTCATTCTCGC-1	Myeloid	2
ATCGAGTCATTTAGGC-1	T	16
ATCGAGTCATTTCTTG-1	T	19
ATCGAGTGTACGTAAA-1	T	14
ATCGAGTGTAGCCATT-1	T	11
ATCGAGTGTCCGAGCT-1	T	17
ATCGAGTGTCTGCACG-1	T	7
ATCGAGTGTGCAGACA-1	T	15
ATCGAGTGTTCAGTAC-1	Myeloid	2
ATCGAGTGTTTCCTAT-1	NK	5
ATCGAGTTCACAAGCT-1	T	7
ATCGAGTTCACCCTTG-1	T	14
ATCGAGTTCAGGAATA-1	NK	18
ATCGAGTTCAGGTTTG-1	T	8
ATCGAGTTCATGAACC-1	T	12
ATCGAGTTCATTCTTG-1	T	17
ATCGAGTTCCAATCCC-1	NK	18
ATCGAGTTCCGTACGG-1	Myeloid	2
ATCGAGTTCCTAAAGC-1	T	7
ATCGAGTTCGACTCGG-1	T	12
ATCGAGTTCGACTTAG-1	T	3
ATCGAGTTCGGGACAA-1	T	7
ATCGAGTTCTAAACGC-1	T	9
ATCGAGTTCTACCCGT-1	T	16
ATCGAGTTCTGTGTGA-1	T	8
ATGCATGAGAATCAAC-1	T	9
ATGCATGAGAGCGGTT-1	NK	18
ATGCATGAGGCCTCGT-1	T	10
ATGCATGAGGGCATTG-1	T	9
ATGCATGAGGTTGACG-1	Myeloid	2
ATGCATGAGTCGCCTG-1	T	10
ATGCATGAGTGGACGT-1	NK	5
ATGCATGAGTTCTCCC-1	T	4
ATGCATGAGTTGGAAT-1	T	3
ATGCATGCAACGCACC-1	T	15
ATGCATGCAACTCAAC-1	T	3
ATGCATGCAATCAGGG-1	T	12
ATGCATGCAGATTTGC-1	T	12
ATGCATGCATCCCGGA-1	T	12
ATGCATGGTAGTACAA-1	T	12
ATGCATGGTCCATTGA-1	T	7
ATGCATGGTCGACTGC-1	T	8
ATGCATGGTGGACAGT-1	T	9
ATGCATGGTTCTTTCA-1	NK	18
ATGCATGTCAGGCGCT-1	T	15
ATGCATGTCCAGTTAG-1	T	16
ATGCATGTCCCAGCGA-1	T	17
ATGCATGTCCCTAAAG-1	T	8
ATGCATGTCGCTTCAC-1	NK	13
ATGCATGTCTCCACTG-1	Myeloid	2
ATGCATGTCTGCGTCT-1	T	4
ATGCATGTCTTCATAC-1	T	1
ATGGATCAGAGTTCGG-1	T	17
ATGGATCAGCAGTAGC-1	T	14
ATGGATCAGCGGACTA-1	T	3
ATGGATCAGCGTCTGC-1	NK	18
ATGGATCAGGTCGGTA-1	NK	13
ATGGATCAGTAATGTG-1	T	16
ATGGATCAGTCGACCC-1	T	3
ATGGATCAGTCGTACT-1	T	12
ATGGATCCAACGTAGG-1	T	3
ATGGATCCAACTCAAC-1	T	4
ATGGATCCAAGCAATA-1	T	19
ATGGATCCAAGCGGTA-1	T	19
ATGGATCCACTCCACT-1	Myeloid	2
ATGGATCCACTGCTTC-1	Myeloid	2
ATGGATCCAGAACTTC-1	T	19
ATGGATCCATGCGCTG-1	T	14
ATGGATCCATGGGTGA-1	T	4
ATGGATCGTACATGGG-1	T	12
ATGGATCGTCAGAAAT-1	NK	18
ATGGATCGTCATAGCT-1	T	16
ATGGATCGTCCTATTT-1	T	10
ATGGATCGTCGATTAC-1	T	1
ATGGATCGTTCTCGAA-1	T	19
ATGGATCTCATTCTCA-1	T	14
ATGGATCTCCCACTAC-1	T	19
ATGGATCTCCCTACCA-1	T	0
ATGGATCTCGCCGAAC-1	B	6
ATGGATCTCGGTCAGC-1	T	3
ATGGATCTCTAGTCGA-1	T	4
ATGGATCTCTATCCTA-1	T	9
ATGGATCTCTCTGCGT-1	NK	5
ATGGATCTCTGACATG-1	Myeloid	2
ATGGATCTCTGGGCGT-1	T	1
ATGGATCTCTTCCAGC-1	NK	18
ATGGATCTCTTGCGCT-1	T	1
ATGTACGAGAAAGGGT-1	T	12
ATGTACGAGATAGGTT-1	T	8
ATGTACGAGATCCGAG-1	T	4
ATGTACGAGCCATCAT-1	T	16
ATGTACGAGCCATTCA-1	T	4
ATGTACGAGCTGAAAT-1	NK	5
ATGTACGAGCTTTCCC-1	T	11
ATGTACGCAAACCTAC-1	NK	18
ATGTACGCAAGCGGTA-1	T	19
ATGTACGCACTACACA-1	T	0
ATGTACGCAGGCACAA-1	NK	18
ATGTACGCAGGGTAAC-1	T	8
ATGTACGCAGTAACCT-1	T	11
ATGTACGCAGTTGGAG-1	T	7
ATGTACGCATGCGCTG-1	T	16
ATGTACGCATTGAACC-1	T	19
ATGTACGGTACGACCC-1	T	1
ATGTACGGTAGGGTTG-1	B	6
ATGTACGGTAGTCTGT-1	T	4
ATGTACGGTGAGGGTT-1	T	9
ATGTACGGTGCAAAGC-1	T	19
ATGTACGGTGCATTCA-1	T	10
ATGTACGGTGTACGCC-1	Myeloid	2
ATGTACGGTTAGTAGA-1	T	8
ATGTACGGTTGGAGGT-1	T	11
ATGTACGGTTTCCTAT-1	T	1
ATGTACGGTTTGTACG-1	NK	13
ATGTACGTCACTCGGG-1	T	0
ATGTACGTCAGGCGCT-1	T	14
ATGTACGTCATCATGG-1	NK	18
ATGTACGTCATGAACC-1	T	14
ATGTACGTCATTCGGA-1	T	4
ATGTACGTCCATAACG-1	T	9
ATGTACGTCCGGAAAG-1	T	0
ATGTACGTCGTGCTGG-1	T	0
ATGTACGTCTATGAGC-1	T	8
ATGTACGTCTCCTTGG-1	T	7
ATGTACGTCTTCCGTG-1	T	16
ATGTCGAAGAAAGGGT-1	T	7
ATGTCGAAGAGGCAGG-1	T	4
ATGTCGAAGAGTTCGG-1	T	0
ATGTCGAAGATCGCCC-1	T	10
ATGTCGAAGCGCAATG-1	NK	5
ATGTCGAAGCGTTGCC-1	T	17
ATGTCGAAGGAGGCGA-1	T	1
ATGTCGAAGGCAAGCT-1	T	9
ATGTCGAAGGCAGTAC-1	T	14
ATGTCGAAGTATACCC-1	NK	13
ATGTCGAAGTGTCACT-1	NK	5
ATGTCGAAGTTGAATG-1	NK	5
ATGTCGACAAAGCATA-1	NK	13
ATGTCGACAATTGGCT-1	T	17
ATGTCGACATTGCGAT-1	T	17
ATGTCGAGTAACGGTG-1	Myeloid	2
ATGTCGAGTAATGTAG-1	T	12
ATGTCGAGTACTTCAG-1	T	16
ATGTCGAGTCAGGCTC-1	T	15
ATGTCGAGTCATCAAC-1	T	3
ATGTCGAGTCCGTAGC-1	T	17
ATGTCGAGTGTAGGAC-1	NK	18
ATGTCGAGTTTGATCG-1	NK	18
ATGTCGAGTTTGCCCT-1	Myeloid	2
ATGTCGATCAAATGGA-1	T	19
ATGTCGATCATCATGG-1	NK	13
ATGTCGATCCAAGAGG-1	NK	18
ATGTCGATCCACTAGA-1	T	10
ATGTCGATCGTTGTTT-1	T	4
ATGTCGATCTTGCGCT-1	T	3
ATGTCTTAGAAAGCAG-1	NK	18
ATGTCTTAGACAGCTG-1	T	8
ATGTCTTAGAGCTGTG-1	NK	18
ATGTCTTAGATCGCCC-1	B	6
ATGTCTTAGGAATGGA-1	T	16
ATGTCTTAGTTGGAAT-1	T	12
ATGTCTTCAAGTTCGT-1	T	9
ATGTCTTCAATCATCG-1	B	6
ATGTCTTCAATTAGGA-1	NK	13
ATGTCTTCACCGTTGG-1	NK	18
ATGTCTTCACCTGAAT-1	NK	18
ATGTCTTCATTGTTCT-1	T	3
ATGTCTTGTCAACTGT-1	B	6
ATGTCTTGTCAGGCTC-1	T	4
ATGTCTTGTCGGCTGT-1	T	17
ATGTCTTGTGCTGTCG-1	B	6
ATGTCTTGTGGAGTGT-1	T	14
ATGTCTTGTTATGCAC-1	T	16
ATGTCTTGTTGGCTTA-1	T	7
ATGTCTTGTTTGTACG-1	T	0
ATGTCTTTCCAAGAGG-1	T	11
ATGTCTTTCCCTAAAG-1	Myeloid	2
ATGTCTTTCCTTCGAC-1	T	11
ATGTCTTTCGCACCTT-1	NK	13
ATGTCTTTCTTATCAC-1	NK	18
ATGTCTTTCTTCAGAG-1	T	7
ATGTCTTTCTTCCACG-1	T	16
ATGTCTTTCTTCCGTG-1	NK	5
ATGTTTCAGAACAGGA-1	T	3
ATGTTTCAGACGACTG-1	T	7
ATGTTTCAGAGCAGCT-1	T	4
ATGTTTCAGAGCTCCC-1	NK	18
ATGTTTCAGCCAGAAC-1	T	9
ATGTTTCAGCTAGCAG-1	T	17
ATGTTTCAGGTCTTGT-1	NK	13
ATGTTTCAGTATACGA-1	T	10
ATGTTTCAGTCTCGAT-1	T	10
ATGTTTCAGTCTCTAG-1	B	6
ATGTTTCAGTCTGGGA-1	T	7
ATGTTTCCAACATAAG-1	T	7
ATGTTTCCAAGATGCG-1	T	16
ATGTTTCCAAGCCCTG-1	T	17
ATGTTTCCACCCTTTG-1	T	15
ATGTTTCCAGCGTAGA-1	T	10
ATGTTTCCAGTTCGGC-1	T	7
ATGTTTCCATCCATAG-1	NK	5
ATGTTTCCATTGCACA-1	T	12
ATGTTTCGTAAACGAT-1	T	12
ATGTTTCGTATCTCAG-1	T	9
ATGTTTCGTGCACTTA-1	T	10
ATGTTTCGTGTGTGTT-1	NK	18
ATGTTTCGTTCCGCGA-1	T	10
ATGTTTCGTTGGCTAT-1	T	0
ATGTTTCTCATTCTTG-1	NK	18
ATGTTTCTCCAAACCA-1	T	9
ATGTTTCTCCAGTACA-1	T	7
ATGTTTCTCGTCTTAT-1	T	14
ATGTTTCTCTATCTAC-1	NK	18
ATGTTTCTCTGGCACG-1	T	3
ATGTTTCTCTGGCCAG-1	B	6
ATTACCTAGCCTGTAT-1	T	12
ATTACCTAGCTAACAA-1	T	16
ATTACCTAGGATTAAC-1	Myeloid	2
ATTACCTAGGCAAGGG-1	T	19
ATTACCTAGGCGATTG-1	NK	13
ATTACCTAGGTACTCT-1	T	1
ATTACCTAGGTGAACC-1	T	9
ATTACCTAGTTGCTTG-1	B	6
ATTACCTCAAACGTTC-1	T	7
ATTACCTCAAGACTAA-1	T	15
ATTACCTCAATGTGCT-1	NK	13
ATTACCTCACAGATGG-1	T	9
ATTACCTCACATATCG-1	T	9
ATTACCTCACCCTTTG-1	Myeloid	2
ATTACCTCACCTGGTG-1	T	12
ATTACCTCACGCCGAT-1	T	1
ATTACCTCACGCGACT-1	T	9
ATTACCTCAGAAAGAG-1	T	11
ATTACCTCAGGCAGAT-1	T	0
ATTACCTCAGGTAGCA-1	T	14
ATTACCTCAGTCCTGG-1	Myeloid	2
ATTACCTCATACTGCA-1	T	9
ATTACCTCATAGCCAT-1	T	8
ATTACCTCATCATGTG-1	NK	13
ATTACCTCATGTAGAA-1	T	10
ATTACCTCATTCTCGC-1	T	0
ATTACCTCATTGAACC-1	T	4
ATTACCTGTAAACCCT-1	T	1
ATTACCTGTAACCGAG-1	T	14
ATTACCTGTACTTCAG-1	NK	5
ATTACCTGTCCCTAAA-1	T	1
ATTACCTGTGCACTTA-1	T	17
ATTACCTGTTAGGAGC-1	T	12
ATTACCTGTTGTCGGC-1	T	12
ATTACCTGTTTGCGAT-1	B	6
ATTACCTTCATCATGG-1	T	3
ATTACCTTCATGAACC-1	T	7
ATTACCTTCCGCCTAT-1	NK	13
ATTACCTTCCTAAAGC-1	T	14
ATTACCTTCCTAAGTG-1	T	1
ATTACCTTCCTTACGC-1	T	8
ATTACCTTCCTTTGCG-1	NK	13
ATTACCTTCTAGCAGT-1	T	1
ATTACCTTCTATTTCG-1	T	4
ATTACCTTCTCGCGGA-1	T	10
ATTACCTTCTTAATCC-1	T	9
ATTACTCAGGCATGCA-1	Myeloid	2
ATTACTCAGGCTTCGC-1	T	19
ATTACTCAGGGATCCA-1	T	1
ATTACTCAGTACGCGA-1	T	3
ATTACTCAGTAGCAAT-1	T	14
ATTACTCAGTCACACT-1	T	7
ATTACTCAGTCAGGAC-1	B	6
ATTACTCAGTTCAGGG-1	T	3
ATTACTCCAAAGAAGG-1	T	3
ATTACTCCAACGACAG-1	T	14
ATTACTCCAAGCAACG-1	T	7
ATTACTCCAAGCGTCC-1	T	12
ATTACTCCAAGTCCTA-1	T	4
ATTACTCCAATCATCG-1	T	0
ATTACTCCAATGCCAT-1	T	4
ATTACTCCACAAGTGG-1	T	16
ATTACTCCACCACCAG-1	NK	18
ATTACTCCACCGAATT-1	T	8
ATTACTCCACCTACCT-1	T	1
ATTACTCCACGCTAAT-1	Myeloid	2
ATTACTCCACTGAAGG-1	T	16
ATTACTCCACTGTCGG-1	T	10
ATTACTCCAGAGTCGA-1	T	9
ATTACTCCAGCGTACC-1	NK	13
ATTACTCCATCAGCTA-1	T	4
ATTACTCCATGCGACC-1	NK	18
ATTACTCCATGTATCG-1	T	7
ATTACTCCATTCGTCC-1	T	0
ATTACTCGTATTCACG-1	T	19
ATTACTCGTATTCGAC-1	T	3
ATTACTCGTCATTGGT-1	T	7
ATTACTCGTGCGTCCA-1	T	9
ATTACTCGTGGACAGT-1	T	9
ATTACTCGTTCCTATT-1	T	3
ATTACTCGTTTGTAGC-1	T	19
ATTACTCTCACGTCAA-1	NK	18
ATTACTCTCACTTACT-1	T	8
ATTACTCTCTAGCAGT-1	T	8
ATTACTCTCTCCTTGG-1	T	7
ATTCGTTAGAACGTCG-1	Myeloid	2
ATTCGTTAGAGCACTG-1	Myeloid	2
ATTCGTTAGCCAGAAC-1	T	11
ATTCGTTAGGCGTCCT-1	T	17
ATTCGTTAGGGTCTGA-1	T	12
ATTCGTTAGTCTCTAG-1	B	6
ATTCGTTCAAAGAGAG-1	T	3
ATTCGTTCAACGTCCG-1	NK	13
ATTCGTTCAACTCGTA-1	T	12
ATTCGTTCACAGATGG-1	T	3
ATTCGTTCACAGCCAC-1	T	16
ATTCGTTCACCACAGC-1	T	11
ATTCGTTCACCCATCT-1	Myeloid	2
ATTCGTTCAGCGTACC-1	NK	18
ATTCGTTCAGGTTATC-1	T	1
ATTCGTTCATCGGCCA-1	T	3
ATTCGTTCATGGGAAC-1	T	8
ATTCGTTGTATCACAC-1	T	8
ATTCGTTGTCACAGTT-1	T	10
ATTCGTTGTCTGGTCG-1	T	16
ATTCGTTGTGATGTGG-1	T	4
ATTCGTTGTGCAACAG-1	T	4
ATTCGTTGTGTACGCC-1	T	17
ATTCGTTGTTTCTTAC-1	T	12
ATTCGTTTCAATTCCT-1	NK	18
ATTCGTTTCAGTGTGT-1	T	14
ATTCGTTTCCCAATGA-1	T	16
ATTCGTTTCGCACAAT-1	T	10
ATTCGTTTCGCTAGTA-1	T	8
ATTCGTTTCGTTACAG-1	NK	18
ATTGTCTAGACCATAA-1	T	4
ATTGTCTAGAGCTGTG-1	T	8
ATTGTCTAGAGTGGAA-1	T	9
ATTGTCTAGCTAGCAG-1	T	7
ATTGTCTAGGTTACAA-1	Myeloid	2
ATTGTCTAGTAGACCG-1	B	6
ATTGTCTAGTATACCC-1	T	14
ATTGTCTAGTATAGTG-1	T	1
ATTGTCTAGTCCAGAG-1	T	9
ATTGTCTAGTTCCCGG-1	NK	18
ATTGTCTCAAAGCATA-1	T	16
ATTGTCTCAACGAGGT-1	NK	18
ATTGTCTCAACGTAGG-1	T	8
ATTGTCTCACACACCG-1	T	9
ATTGTCTCACCACCAG-1	T	3
ATTGTCTCACCTCGTT-1	T	11
ATTGTCTCACGGCCAT-1	T	0
ATTGTCTCAGTATCTG-1	NK	13
ATTGTCTCATCTCACC-1	T	3
ATTGTCTGTATTCTTC-1	T	16
ATTGTCTGTCAACAGG-1	T	4
ATTGTCTGTCCTTATT-1	T	8
ATTGTCTGTCGAGAAC-1	T	12
ATTGTCTGTCGCTACG-1	Myeloid	2
ATTGTCTGTCTCGGGT-1	T	7
ATTGTCTGTGCGTCCA-1	T	16
ATTGTCTGTGCTAGTT-1	T	12
ATTGTCTGTGTCCTTC-1	T	8
ATTGTCTGTGTGCTTA-1	T	1
ATTGTCTGTTAGGAGC-1	T	9
ATTGTCTGTTTAGACC-1	NK	18
ATTGTCTTCCAGGTAT-1	T	0
ATTGTCTTCCCAATAG-1	T	0
ATTGTCTTCCGAGAGA-1	T	19
ATTGTCTTCCTCCATG-1	B	6
ATTGTCTTCGCAAACT-1	NK	5
ATTGTCTTCGGAAAGC-1	T	12
ATTGTGGAGAACTCCT-1	T	10
ATTGTGGAGCAGGAGG-1	T	0
ATTGTGGAGCCATTCA-1	T	16
ATTGTGGAGCTGAGGT-1	T	4
ATTGTGGAGGAATGGA-1	T	14
ATTGTGGAGGCTTTAC-1	T	0
ATTGTGGAGTACCCAT-1	T	7
ATTGTGGAGTCCCGCA-1	T	7
ATTGTGGAGTCTCGAT-1	T	7
ATTGTGGCACCAAGGA-1	T	15
ATTGTGGCACTACACA-1	T	14
ATTGTGGCAGGAGCAT-1	NK	18
ATTGTGGCAGGCATCC-1	T	19
ATTGTGGCATCAACTG-1	NK	18
ATTGTGGGTAACCCAT-1	T	16
ATTGTGGGTAACTGAA-1	T	4
ATTGTGGGTACGGATG-1	T	12
ATTGTGGGTCCAAGTT-1	T	15
ATTGTGGGTCCACCAG-1	NK	13
ATTGTGGGTCCCTAAA-1	T	8
ATTGTGGGTCGTCGCA-1	NK	5
ATTGTGGGTGCATTCA-1	NK	5
ATTGTGGGTGTTGGTT-1	NK	18
ATTGTGGGTTAAGTCC-1	T	4
ATTGTGGGTTATGCAC-1	T	0
ATTGTGGGTTCTTTGT-1	T	17
ATTGTGGGTTGTATCG-1	Myeloid	2
ATTGTGGTCAGGATCT-1	T	16
ATTGTGGTCAGTCAAC-1	NK	18
ATTGTGGTCCCTAAAG-1	T	12
ATTGTGGTCCGTTTCG-1	T	0
ATTGTGGTCGCAACTA-1	T	19
ATTGTGGTCGGTAGGA-1	Myeloid	2
ATTGTGGTCTATCCTA-1	T	10
ATTGTGGTCTGTGTCC-1	T	9
ATTGTGGTCTTTCGAT-1	T	4
ATTTGTCAGAATGCTA-1	Myeloid	2
ATTTGTCAGGCAAGGG-1	T	19
ATTTGTCAGGCAGATC-1	T	14
ATTTGTCAGGCGTAGT-1	T	14
ATTTGTCAGGTAAGCC-1	Myeloid	2
ATTTGTCAGTGATCTC-1	T	12
ATTTGTCAGTGCACAG-1	NK	13
ATTTGTCAGTTCCAGT-1	B	6
ATTTGTCCAACGTCGC-1	T	9
ATTTGTCCAAGATTAG-1	T	11
ATTTGTCCACCATTCC-1	T	11
ATTTGTCCACCTATTT-1	T	12
ATTTGTCCAGGACTGA-1	T	15
ATTTGTCCATGGTATC-1	T	17
ATTTGTCGTAACAATG-1	T	7
ATTTGTCGTAGTAACA-1	T	9
ATTTGTCGTATTGTGC-1	NK	13
ATTTGTCGTCAACAGG-1	T	4
ATTTGTCGTCCACCAG-1	T	8
ATTTGTCGTCCTCAGG-1	T	3
ATTTGTCGTCGCTACG-1	T	4
ATTTGTCGTCTAAAGA-1	T	4
ATTTGTCGTCTCGGGT-1	T	8
ATTTGTCGTCTGGATT-1	T	9
ATTTGTCGTCTTAGCA-1	T	4
ATTTGTCGTGCACATT-1	T	15
ATTTGTCGTGCCCTAG-1	T	8
ATTTGTCGTTTCGACA-1	NK	18
ATTTGTCTCAACTTGG-1	NK	13
ATTTGTCTCACACGTA-1	B	6
ATTTGTCTCCCAGCAG-1	T	0
ATTTGTCTCCTTCGAC-1	Myeloid	2
ATTTGTCTCGCACCGA-1	Myeloid	2
ATTTGTCTCGGATGTT-1	Myeloid	2
ATTTGTCTCTAAACGC-1	T	9
ATTTGTCTCTCAGATG-1	T	4
ATTTGTCTCTCTGTTA-1	T	14
ATTTGTCTCTTAGTGG-1	T	15
CAAAGCTAGAAGACTT-1	Myeloid	2
CAAAGCTAGAAGGGCG-1	T	11
CAAAGCTAGATGAGGA-1	NK	18
CAAAGCTAGCTAGCAG-1	Myeloid	2
CAAAGCTAGGGCGAAG-1	T	7
CAAAGCTAGGGTCTGA-1	T	9
CAAAGCTAGGTGATGC-1	NK	13
CAAAGCTAGGTTAGTA-1	T	14
CAAAGCTAGTCGTGAG-1	T	8
CAAAGCTAGTTGTCCA-1	T	7
CAAAGCTAGTTTGGAA-1	T	15
CAAAGCTCAAAGCATA-1	T	9
CAAAGCTCAAGAGATT-1	T	8
CAAAGCTCAAGCGAAC-1	T	1
CAAAGCTCACACATTG-1	T	0
CAAAGCTCACAGGTAG-1	T	9
CAAAGCTCACTCGCAG-1	T	12
CAAAGCTCAGAACAGC-1	NK	13
CAAAGCTCAGCAGGTA-1	T	9
CAAAGCTCAGCGTGAA-1	T	0
CAAAGCTCAGGTTATC-1	T	15
CAAAGCTCATTACTCT-1	T	9
CAAAGCTCATTAGCCA-1	T	17
CAAAGCTGTAACCGAG-1	T	8
CAAAGCTGTACCTATG-1	T	17
CAAAGCTGTATGGGTG-1	T	10
CAAAGCTGTATTCACG-1	T	11
CAAAGCTGTCAGACGA-1	T	9
CAAAGCTGTGCCCTAG-1	T	14
CAAAGCTGTGCTTGAT-1	Myeloid	2
CAAAGCTGTTTGTACG-1	T	14
CAAAGCTTCCAGAATC-1	NK	13
CAAAGCTTCCATACGA-1	T	0
CAAAGCTTCGGATAAA-1	T	16
CAAAGCTTCGGTGATT-1	T	4
CAAAGCTTCGTATAGC-1	T	16
CAAAGCTTCTATGAGC-1	T	16
CAAAGCTTCTCCTTGG-1	T	7
CAAAGCTTCTGAGTAC-1	T	12
CAAAGCTTCTGTTGCC-1	T	17
CAACCAAAGACGACTG-1	T	4
CAACCAAAGCAATAAC-1	T	7
CAACCAAAGCATACCT-1	T	11
CAACCAAAGGATGTAT-1	T	12
CAACCAAAGGCCTCGT-1	T	4
CAACCAAAGGCGTCCT-1	NK	13
CAACCAAAGGGTCTGA-1	T	0
CAACCAAAGTCATACC-1	T	14
CAACCAAAGTCGACCC-1	T	1
CAACCAAAGTCGGGAT-1	T	14
CAACCAAAGTCGTATC-1	T	1
CAACCAAAGTTGCTTG-1	T	11
CAACCAACACAGAAGC-1	T	8
CAACCAACACCTGGTG-1	Myeloid	2
CAACCAACACGTACAT-1	T	15
CAACCAACACGTTGTA-1	T	8
CAACCAACATCCCAAA-1	T	3
CAACCAACATGGGTGA-1	Myeloid	2
CAACCAACATGTGAGG-1	T	4
CAACCAACATTCACGA-1	T	4
CAACCAAGTAGAAAGG-1	Myeloid	2
CAACCAAGTATCAGCT-1	T	15
CAACCAAGTCTGGGAA-1	T	4
CAACCAAGTGGACAGT-1	T	17
CAACCAATCACAGGGA-1	T	3
CAACCAATCACCCTTG-1	T	16
CAACCAATCCGAATTG-1	NK	18
CAACCAATCGATCGCG-1	Myeloid	2
CAACCAATCGGTCAGC-1	NK	5
CAACCAATCTACATCT-1	T	11
CAACCAATCTATATCC-1	T	11
CAACCAATCTATTTCG-1	NK	13
CAACCAATCTCTATCA-1	T	3
CAACCAATCTGAACGT-1	T	17
CAACGGCAGGGTCTGA-1	T	9
CAACGGCAGTAATGTG-1	T	16
CAACGGCAGTACAGAT-1	NK	5
CAACGGCAGTACCACT-1	B	6
CAACGGCAGTACCCAT-1	T	8
CAACGGCCAAAGCTTC-1	T	3
CAACGGCCAAGACTAA-1	T	19
CAACGGCCAAGGCGTA-1	T	9
CAACGGCCACTGTCAA-1	NK	13
CAACGGCCAGCGTAGA-1	Myeloid	2
CAACGGCCATCCATAG-1	T	16
CAACGGCCATTAGCCA-1	T	17
CAACGGCGTACTAGAA-1	T	19
CAACGGCGTATCAGCT-1	T	8
CAACGGCGTCCCGAGT-1	NK	13
CAACGGCGTCCGCTTT-1	T	4
CAACGGCGTCTAAAGA-1	T	9
CAACGGCGTCTGATTG-1	T	11
CAACGGCGTGGTGGTA-1	T	3
CAACGGCGTGTCTACA-1	T	9
CAACGGCGTGTGACCC-1	T	4
CAACGGCTCAGTCAAC-1	T	9
CAACGGCTCCAACCTC-1	T	7
CAACGGCTCCCATAGA-1	T	9
CAACGGCTCCTCCATG-1	T	14
CAACGGCTCGGATAAA-1	NK	5
CAACGGCTCGTGGCGT-1	T	11
CAACGGCTCGTTACAG-1	T	10
CAACGGCTCTACTGCC-1	T	8
CAACGGCTCTATCTTG-1	T	14
CAACGGCTCTCCCTTT-1	T	0
CAACGGCTCTTCCGTG-1	T	1
CAACGTAAGAACGTTA-1	T	19
CAACGTAAGAGTAAGG-1	T	0
CAACGTAAGCTGGAGT-1	T	19
CAACGTAAGGCGTAGT-1	NK	18
CAACGTAAGGGAGATA-1	T	10
CAACGTAAGTATACCC-1	NK	18
CAACGTACAATAGCGG-1	B	6
CAACGTACAATGAAAC-1	T	9
CAACGTACAATGCCAT-1	T	16
CAACGTACACTACACA-1	T	17
CAACGTACACTTGCGG-1	T	4
CAACGTACAGCGTGAA-1	B	6
CAACGTACATAGAATG-1	T	17
CAACGTACATGGCCCA-1	T	4
CAACGTACATGGGAAC-1	NK	18
CAACGTACATGGGTGA-1	T	1
CAACGTAGTAAACGAT-1	T	14
CAACGTAGTACCAAGG-1	T	1
CAACGTAGTACGTATC-1	T	10
CAACGTAGTATCTCAG-1	NK	18
CAACGTAGTCTGTCCT-1	T	9
CAACGTAGTGCGTAGA-1	T	11
CAACGTAGTGGATTTC-1	T	3
CAACGTAGTTCTTAGG-1	T	16
CAACGTAGTTGCTTGA-1	T	16
CAACGTATCAAACCCA-1	T	0
CAACGTATCAATGCAC-1	NK	18
CAACGTATCACCACAA-1	B	6
CAACGTATCACCGCGA-1	T	12
CAACGTATCCTGGAAT-1	T	10
CAACGTATCGTGGTAT-1	T	1
CAACGTATCTACTTTG-1	T	16
CAACGTATCTGGGCGT-1	T	3
CAAGAAAAGAGAGGTA-1	B	6
CAAGAAAAGGAGAACA-1	T	16
CAAGAAAAGTCGTACT-1	T	17
CAAGAAAAGTTGAATG-1	NK	5
CAAGAAAAGTTTACGC-1	T	15
CAAGAAACAAACGTTC-1	T	9
CAAGAAACAACCTCCT-1	T	4
CAAGAAACAATAGCGG-1	T	8
CAAGAAACAATTGTGC-1	T	8
CAAGAAACACTGAAGG-1	T	0
CAAGAAACAGAGAGAA-1	NK	13
CAAGAAACAGCAACGA-1	T	8
CAAGAAACAGGAGCAT-1	NK	18
CAAGAAACAGTGGTCC-1	T	1
CAAGAAACATCCCGGA-1	T	4
CAAGAAACATCGAGTT-1	Myeloid	2
CAAGAAAGTAACTCCA-1	T	14
CAAGAAAGTATCATGC-1	T	7
CAAGAAAGTCATTGGT-1	T	19
CAAGAAAGTGTTAGAA-1	T	14
CAAGAAAGTTCCGGCA-1	T	12
CAAGAAATCCTGACCT-1	T	3
CAAGAAATCGAGGTCC-1	T	14
CAAGAAATCGCCAGAC-1	T	3
CAAGAAATCGCTATAG-1	T	10
CAAGAAATCGGGTCCA-1	T	7
CAAGAAATCTATGAGC-1	NK	13
CAAGAAATCTGAGTCA-1	B	6
CAAGAAATCTGGCTAA-1	T	1
CAAGAAATCTTTGCAT-1	T	11
CAAGCTAAGATCGATA-1	T	17
CAAGCTAAGATCTCAC-1	NK	18
CAAGCTAAGCTGATTC-1	T	16
CAAGCTAAGGAAGACA-1	NK	18
CAAGCTAAGGTCGTTT-1	B	6
CAAGCTAAGTCACACT-1	T	1
CAAGCTAAGTTACCAC-1	T	12
CAAGCTAAGTTCTCCC-1	B	6
CAAGCTACAACGTAGG-1	T	12
CAAGCTACAAGGAAGA-1	T	3
CAAGCTACAATTCGTG-1	T	1
CAAGCTACACCTGGTG-1	T	0
CAAGCTACAGCTTACA-1	NK	18
CAAGCTACAGGTGTGA-1	T	4
CAAGCTACAGTTAAAG-1	NK	18
CAAGCTACATCACAGT-1	Myeloid	2
CAAGCTACATCAGAAA-1	T	9
CAAGCTACATGCGACC-1	T	0
CAAGCTACATGGGACA-1	T	19
CAAGCTAGTAACGTAA-1	NK	18
CAAGCTAGTACGACCC-1	T	12
CAAGCTAGTACGTAAA-1	NK	13
CAAGCTAGTCAAATCC-1	T	3
CAAGCTAGTCACCCGA-1	Myeloid	2
CAAGCTAGTCAGAAGC-1	T	1
CAAGCTAGTCATAGAA-1	T	12
CAAGCTAGTCTCAAAC-1	T	4
CAAGCTAGTTAACCGT-1	T	3
CAAGCTAGTTCAGTAC-1	NK	18
CAAGCTATCCTGGAAT-1	T	3
CAAGCTATCGAGTTAC-1	T	15
CAAGCTATCGGGAATG-1	Myeloid	2
CAAGCTATCGGGCTCA-1	T	3
CAAGCTATCGGTCCGA-1	T	19
CAAGCTATCGTGGTAT-1	T	8
CAAGCTATCTTGTCGC-1	B	6
CAAGGCCAGAGAAGCA-1	T	4
CAAGGCCAGAGAGGTA-1	B	6
CAAGGCCAGATGCGCA-1	T	9
CAAGGCCAGCTCCATA-1	T	10
CAAGGCCAGTCATACC-1	T	16
CAAGGCCAGTTGCCGC-1	T	15
CAAGGCCCAACGGGTA-1	NK	13
CAAGGCCCAACGTAGG-1	T	14
CAAGGCCCACCTGAAT-1	T	1
CAAGGCCCAGGATAGC-1	T	17
CAAGGCCCATATACGC-1	T	15
CAAGGCCGTAATGCAA-1	NK	18
CAAGGCCGTAGCGTTT-1	T	16
CAAGGCCGTATTTGCG-1	Myeloid	2
CAAGGCCGTCTGGGAA-1	T	1
CAAGGCCGTGCAAGCA-1	T	12
CAAGGCCGTTTCCACC-1	T	0
CAAGGCCTCAGGGTTT-1	T	15
CAAGGCCTCAGTCACA-1	T	4
CAAGGCCTCCAATAGC-1	T	14
CAAGGCCTCCTCCTGA-1	Myeloid	2
CAAGGCCTCGGTCTCT-1	T	9
CAAGGCCTCTATTTCG-1	NK	18
CAAGGCCTCTGGCACG-1	T	16
CAAGGCCTCTGGCCAG-1	T	11
CAATCCCAGAGGTACC-1	T	11
CAATCCCAGCAGTAGC-1	Myeloid	2
CAATCCCAGCATGATA-1	T	0
CAATCCCAGCGTCAAG-1	NK	5
CAATCCCAGCGTCTGC-1	T	16
CAATCCCAGGATTGAT-1	T	7
CAATCCCAGGCTTAAA-1	T	14
CAATCCCAGGCTTCGC-1	T	12
CAATCCCAGGTTAACA-1	NK	13
CAATCCCAGTGCTGAG-1	T	16
CAATCCCCAAATAGTG-1	T	1
CAATCCCCAAGCTTTG-1	T	14
CAATCCCCAAGGCTTT-1	T	15
CAATCCCCAATTGCCA-1	T	12
CAATCCCCACATAAAG-1	Myeloid	2
CAATCCCCAGTTCGGC-1	T	9
CAATCCCCATATACGC-1	T	7
CAATCCCGTAACCGAG-1	NK	13
CAATCCCGTAATGTGA-1	T	1
CAATCCCGTAGGTCTT-1	T	10
CAATCCCGTCACCCGA-1	T	1
CAATCCCTCAATCGTG-1	T	19
CAATCCCTCACCCGGA-1	B	6
CAATCCCTCAGGAATA-1	T	4
CAATCCCTCATTCTCA-1	T	9
CAATCCCTCATTCTTG-1	T	14
CAATCCCTCCATTGTT-1	B	6
CAATCCCTCCCGAAGC-1	T	7
CAATCCCTCCTAAGTG-1	NK	13
CAATCCCTCCTGACCT-1	T	14
CAATCCCTCGATATGC-1	T	9
CAATCCCTCGGTTAGT-1	T	9
CAATCCCTCTAAACGC-1	T	14
CACAACAAGAGGCAGG-1	T	12
CACAACAAGATTCCGT-1	NK	13
CACAACAAGCATACCT-1	T	19
CACAACAAGGCGACTA-1	T	11
CACAACAAGTGCAACG-1	T	17
CACAACACAAACTACC-1	T	0
CACAACACAACTCAAC-1	NK	18
CACAACACAACTCGTA-1	T	9
CACAACACACACATGT-1	T	4
CACAACACAGAGATGC-1	T	12
CACAACACATAGCCGC-1	NK	18
CACAACACATAGTCCA-1	B	6
CACAACACATTTAGGC-1	T	11
CACAACAGTCACTCTC-1	NK	13
CACAACAGTCATAGCT-1	T	1
CACAACAGTCCGAGCT-1	T	8
CACAACAGTGCACATT-1	T	9
CACAACAGTGCGTCCA-1	T	9
CACAACAGTGCGTTTA-1	T	9
CACAACAGTGTTGTTG-1	Myeloid	2
CACAACAGTTCTACCC-1	T	19
CACAACAGTTCTGATG-1	T	9
CACAACATCACTCGGG-1	T	19
CACAACATCCGTCAAA-1	T	14
CACAACATCGAGAACG-1	T	4
CACAACATCGATATGC-1	T	0
CACAACATCGCGCTGA-1	T	1
CACAACATCTATATCC-1	NK	13
CACAACATCTCCTTGG-1	T	3
CACAACATCTGCGTCT-1	T	15
CACAACATCTTCTCTC-1	T	4
CACAACATCTTGCGCT-1	NK	13
CACAGATAGAACTAAC-1	T	14
CACAGATAGAGTCCGA-1	T	10
CACAGATAGATATGAC-1	T	10
CACAGATAGATCTCAC-1	T	0
CACAGATAGCCTGTAT-1	T	9
CACAGATAGGGTGTTG-1	T	0
CACAGATAGGTCGGTA-1	T	1
CACAGATCAAAGGAAG-1	T	14
CACAGATCAAGGTCGA-1	T	16
CACAGATCACCTACCT-1	T	17
CACAGATCACGCCGAT-1	T	0
CACAGATCACTAAACC-1	T	16
CACAGATCACTGCTTC-1	T	7
CACAGATCAGAAAGAG-1	T	12
CACAGATCAGAATGCG-1	T	7
CACAGATCAGGTAGGT-1	NK	13
CACAGATCATACAACC-1	T	0
CACAGATCATCGACCG-1	T	10
CACAGATCATGGGTGA-1	Myeloid	2
CACAGATCATTAGCCA-1	T	14
CACAGATCATTGTTCT-1	NK	13
CACAGATGTAAGCCTT-1	T	15
CACAGATGTAGACGCA-1	T	4
CACAGATGTAGTCTGT-1	T	10
CACAGATGTATTCTGG-1	T	4
CACAGATGTCAGAGTG-1	Myeloid	2
CACAGATGTCCGTAGC-1	T	3
CACAGATGTCTCTGGG-1	NK	13
CACAGATGTTCACGTA-1	T	0
CACAGATGTTGTGAGG-1	T	8
CACAGATGTTTCTTAC-1	T	9
CACAGATGTTTGCCAA-1	T	11
CACAGATTCAATTGGC-1	T	11
CACAGATTCGAGCGCT-1	T	0
CACAGATTCGGAAAGC-1	T	9
CACAGATTCTGCGTCT-1	B	6
CACAGATTCTGGCACG-1	T	3
CACAGATTCTGGCGCA-1	Myeloid	2
CACAGATTCTGTTGCC-1	T	10
CACATGAAGACCTATC-1	NK	18
CACATGAAGCGATACG-1	T	16
CACATGAAGCTATCCA-1	T	8
CACATGAAGGATTGAT-1	NK	18
CACATGAAGGGCGAAG-1	T	16
CACATGAAGGTTTCTG-1	T	16
CACATGAAGTACAGTA-1	B	6
CACATGACAAAGCTTC-1	Myeloid	2
CACATGACACAATAAG-1	NK	13
CACATGACATTGTTCT-1	T	15
CACATGAGTACCTATG-1	NK	5
CACATGAGTATATGGA-1	T	7
CACATGAGTATCTCAG-1	T	14
CACATGAGTCCGTCGA-1	NK	5
CACATGAGTGCTGTCG-1	T	11
CACATGAGTGTGAGGT-1	T	0
CACATGAGTTTGCATG-1	NK	13
CACATGATCAAGTTGC-1	T	12
CACATGATCAGAACGG-1	T	15
CACATGATCCCGGGTA-1	T	0
CACATGATCCGTACGG-1	T	8
CACATGATCCTGTAGA-1	T	11
CACATGATCGATAGGG-1	T	4
CACATGATCGCTATAG-1	Myeloid	2
CACATGATCGTGGAAG-1	T	10
CACATGATCTGCTACC-1	B	6
CACCACTAGAAGCCGT-1	T	1
CACCACTAGAGTCCGA-1	T	14
CACCACTAGATGGGAA-1	T	9
CACCACTAGATTAGAC-1	T	7
CACCACTAGCTACGCC-1	T	17
CACCACTAGGAAGAAC-1	T	0
CACCACTAGGATTAAC-1	T	12
CACCACTAGGCTTAAA-1	Myeloid	2
CACCACTAGGTACACG-1	T	3
CACCACTAGGTAGGAA-1	T	0
CACCACTAGGTAGGCT-1	T	4
CACCACTAGTAGGTCG-1	T	15
CACCACTAGTGATCTC-1	T	14
CACCACTCAAACAGTA-1	T	17
CACCACTCAAAGGTCG-1	T	16
CACCACTCAAATGTCC-1	T	8
CACCACTCAAGAGCGT-1	T	3
CACCACTCACACATGT-1	T	11
CACCACTCACTTTGGA-1	T	1
CACCACTCAGGACCTC-1	T	14
CACCACTCATCGGCTG-1	T	7
CACCACTGTACGCAAG-1	T	11
CACCACTGTACTATGC-1	T	14
CACCACTGTAGAGAGA-1	T	16
CACCACTGTATGGTTC-1	T	12
CACCACTGTATTCGAC-1	T	14
CACCACTGTCAATCCA-1	T	14
CACCACTGTGAGTCGA-1	Myeloid	2
CACCACTGTGTGCTTA-1	T	7
CACCACTGTTGGAGGT-1	Myeloid	2
CACCACTGTTTCCTAT-1	T	9
CACCACTTCAGAATGA-1	T	7
CACCACTTCAGGTTTG-1	T	9
CACCACTTCATCGCTC-1	NK	5
CACCACTTCCAAGAGG-1	NK	13
CACCACTTCCAGAATC-1	T	4
CACCACTTCCGTGCAG-1	T	16
CACCACTTCGCGGCAT-1	T	14
CACCACTTCGTGCTTC-1	NK	13
CACCACTTCTTCAGAG-1	B	6
CACCTGTAGCTCCATA-1	T	7
CACCTGTAGTATAGTG-1	T	12
CACCTGTAGTCACACT-1	T	17
CACCTGTAGTTAGCGG-1	T	4
CACCTGTAGTTCCAGT-1	T	17
CACCTGTCAAAGACGC-1	Myeloid	2
CACCTGTCAATAGTGA-1	T	16
CACCTGTCAATTCTCT-1	NK	18
CACCTGTCACAGATGG-1	T	7
CACCTGTCACAGTAGG-1	Myeloid	2
CACCTGTCAGGTCTGC-1	T	10
CACCTGTCATCATAGC-1	T	16
CACCTGTCATCGGCTG-1	T	7
CACCTGTCATCGTACA-1	T	11
CACCTGTCATGATTGC-1	NK	18
CACCTGTCATGGATGG-1	T	12
CACCTGTCATGTGGGA-1	NK	18
CACCTGTGTAGCGTTT-1	T	10
CACCTGTGTAGGTCTT-1	T	11
CACCTGTGTGATAAGT-1	T	16
CACCTGTGTGCGCATC-1	T	4
CACCTGTGTGCGTAGA-1	T	4
CACCTGTGTGCTTTGA-1	T	11
CACCTGTGTTCCCGGA-1	T	8
CACCTGTTCAACGTGT-1	T	19
CACCTGTTCAGTCAAC-1	NK	18
CACCTGTTCCTTACGC-1	T	12
CACCTGTTCGAACCGC-1	T	1
CACCTGTTCGCGCCAA-1	T	19
CACCTGTTCGGGACAA-1	T	16
CACCTGTTCGGTTAGT-1	Myeloid	2
CACCTGTTCGTGAGTT-1	T	17
CACCTGTTCGTTCCGT-1	NK	13
CACCTGTTCTGGCGCA-1	T	1
CACCTGTTCTTAACGG-1	T	19
CACCTGTTCTTCCACG-1	NK	13
CACCTGTTCTTTCGAT-1	T	16
CACCTTGAGAACCCGA-1	T	1
CACCTTGAGAATACTG-1	NK	13
CACCTTGAGCAGAAAG-1	NK	13
CACCTTGAGCAGGACT-1	NK	5
CACCTTGAGCCAGAAC-1	NK	13
CACCTTGAGCGCAATG-1	T	8
CACCTTGAGGGAGTTC-1	B	6
CACCTTGAGGTTCTCA-1	NK	18
CACCTTGAGTACAGTA-1	Myeloid	2
CACCTTGAGTCTCTAG-1	T	7
CACCTTGAGTGAGCAC-1	Myeloid	2
CACCTTGAGTGCCCTG-1	T	7
CACCTTGCAAATTCCG-1	NK	18
CACCTTGCAATGCACT-1	T	1
CACCTTGCAATGTAAG-1	T	17
CACCTTGCAATTGCCA-1	T	4
CACCTTGCACGCGTTG-1	T	12
CACCTTGCATAGAATG-1	NK	18
CACCTTGCATGGGAAC-1	T	10
CACCTTGGTCGCTACG-1	T	3
CACCTTGGTCTGGGCT-1	T	14
CACCTTGGTGCACCCA-1	NK	18
CACCTTGGTTCTCGAA-1	T	1
CACCTTGGTTGGCTAT-1	T	1
CACCTTGTCCAAGAGG-1	T	4
CACCTTGTCCGGCGAT-1	T	8
CACCTTGTCGCCAGAC-1	B	6
CACCTTGTCGGGCTCA-1	T	14
CACCTTGTCGGTCTAA-1	NK	13
CACCTTGTCGTCCCTA-1	Myeloid	2
CACCTTGTCGTGCTTC-1	NK	18
CACCTTGTCGTGGAAG-1	T	14
CACGTTCAGAACGTCG-1	Myeloid	2
CACGTTCAGAATATCG-1	T	1
CACGTTCAGAGACTCG-1	T	17
CACGTTCAGGATGCCA-1	T	0
CACGTTCCAAAGGTCG-1	T	4
CACGTTCCAACGGACA-1	T	19
CACGTTCCAAGCAATA-1	T	4
CACGTTCCAAGTCCTA-1	T	11
CACGTTCCAATGACTC-1	T	3
CACGTTCCAATGGCTT-1	T	16
CACGTTCCAGGCATCC-1	T	7
CACGTTCCATCTCACC-1	T	8
CACGTTCCATTACTCT-1	T	4
CACGTTCCATTCTTTG-1	Myeloid	2
CACGTTCGTACCCACG-1	NK	18
CACGTTCGTAGTATCC-1	T	3
CACGTTCGTCATAGAA-1	T	15
CACGTTCGTCCGTAGC-1	T	9
CACGTTCGTGCAAAGC-1	T	16
CACGTTCGTGCAACAG-1	T	7
CACGTTCGTTAACCAC-1	T	10
CACGTTCGTTATAGAG-1	T	9
CACGTTCGTTCAGAAA-1	T	9
CACGTTCTCAAGTTGC-1	T	16
CACGTTCTCACACGTA-1	T	1
CACGTTCTCCATACGA-1	T	3
CACGTTCTCTATATCC-1	T	15
CACTAAGAGAAACGCC-1	T	14
CACTAAGAGAGGTACC-1	T	12
CACTAAGAGATGAGGA-1	T	4
CACTAAGAGCAGTAGC-1	T	4
CACTAAGAGCCATCAT-1	T	16
CACTAAGAGCTATCCA-1	T	4
CACTAAGAGCTTTCCC-1	T	4
CACTAAGAGGGCATTG-1	Myeloid	2
CACTAAGAGTACAACA-1	T	16
CACTAAGAGTTGCTTG-1	T	14
CACTAAGCAAAGCATA-1	T	14
CACTAAGCAATGTAAG-1	T	16
CACTAAGCACACTAGT-1	T	16
CACTAAGCAGAACAGC-1	NK	13
CACTAAGCATAAAGTG-1	T	19
CACTAAGCATGATTGC-1	T	10
CACTAAGCATTAACGC-1	T	14
CACTAAGGTAGATGAT-1	T	4
CACTAAGGTCACATTG-1	T	17
CACTAAGGTGATGTGG-1	NK	13
CACTAAGGTGCATTCA-1	T	8
CACTAAGGTGCCCTAG-1	NK	18
CACTAAGGTGGATTCT-1	T	15
CACTAAGGTTAGCTCA-1	T	0
CACTAAGTCGCATACA-1	T	8
CACTAAGTCGCTTCAC-1	T	7
CACTAAGTCGGATCGC-1	T	14
CACTAAGTCGTGAGTT-1	NK	13
CACTAAGTCTATAGGC-1	T	7
CACTAAGTCTGACATG-1	T	17
CACTAAGTCTGGCTAA-1	T	14
CACTAAGTCTTGTGCC-1	T	14
CACTGAAAGAAATTCG-1	T	14
CACTGAAAGAGAGTAG-1	Myeloid	2
CACTGAAAGATCGATA-1	Myeloid	2
CACTGAAAGGAGACTC-1	Myeloid	2
CACTGAAAGGTAGGCT-1	T	1
CACTGAAAGTATACCC-1	T	11
CACTGAAAGTATGCTC-1	B	6
CACTGAAAGTCAACTC-1	T	8
CACTGAAAGTCATACC-1	B	6
CACTGAACAAAGGTCG-1	T	14
CACTGAACAAGGAACC-1	T	9
CACTGAACAAGGAAGA-1	NK	13
CACTGAACAATGGCAG-1	Myeloid	2
CACTGAACACAGTAGG-1	Myeloid	2
CACTGAACACCCTTTG-1	T	9
CACTGAACACGAACGA-1	Myeloid	2
CACTGAACAGGACTGA-1	T	15
CACTGAACATGGGAAC-1	NK	18
CACTGAAGTATGGGTG-1	NK	18
CACTGAAGTCCGTGCA-1	B	6
CACTGAAGTGACCAGA-1	NK	13
CACTGAAGTGACGCAA-1	T	9
CACTGAAGTGCACCCA-1	Myeloid	2
CACTGAAGTGCCAAGA-1	T	12
CACTGAAGTGTAGGAC-1	T	0
CACTGAAGTGTGACCC-1	T	16
CACTGAAGTTGGTAAA-1	T	1
CACTGAATCACATTCT-1	Myeloid	2
CACTGAATCATTCTTG-1	T	16
CACTGAATCCGAATTG-1	T	4
CACTGAATCCTTGACC-1	Myeloid	2
CACTGAATCGCCCTTA-1	NK	13
CACTGAATCTATCTAC-1	T	0
CACTGAATCTCTATCA-1	T	10
CACTGAATCTGGACAT-1	NK	18
CACTGAATCTTCCACG-1	NK	18
CACTGAATCTTGTCGC-1	T	7
CACTGAATCTTTCGAT-1	T	0
CAGCCTTAGAACGTCG-1	T	1
CAGCCTTAGACCAATA-1	B	6
CAGCCTTAGAGTCCGA-1	T	14
CAGCCTTAGAGTGGAA-1	T	7
CAGCCTTAGCATTGGG-1	T	16
CAGCCTTAGCGTGTTT-1	T	14
CAGCCTTAGGATTGCG-1	T	0
CAGCCTTAGGGTCTGA-1	NK	18
CAGCCTTAGTAGGAAG-1	T	9
CAGCCTTAGTCACGCC-1	T	19
CAGCCTTCAAGATTAG-1	NK	13
CAGCCTTCACAACGGA-1	T	14
CAGCCTTCACATTCTT-1	T	7
CAGCCTTCACCAAGGA-1	Myeloid	2
CAGCCTTCACCACCAG-1	T	11
CAGCCTTCACTGAAGG-1	T	15
CAGCCTTCACTGTAAC-1	T	12
CAGCCTTCATACAACC-1	T	19
CAGCCTTCATGTCCCT-1	T	14
CAGCCTTGTACGTAAA-1	T	14
CAGCCTTGTAGGTAAT-1	T	14
CAGCCTTGTCAAACAA-1	T	4
CAGCCTTGTCGATAGG-1	T	10
CAGCCTTGTGAGTTGG-1	NK	13
CAGCCTTGTGCGTAGA-1	T	16
CAGCCTTGTGGACTGA-1	T	9
CAGCCTTGTGGCGCTT-1	T	0
CAGCCTTGTGGTCGAA-1	T	0
CAGCCTTTCAGGCGCT-1	T	3
CAGCCTTTCATTGCCC-1	T	3
CAGCCTTTCCACGAGC-1	T	3
CAGCCTTTCCGAATTG-1	T	1
CAGCCTTTCCTGAAAC-1	NK	13
CAGCCTTTCGGGAATG-1	T	0
CAGCCTTTCGGTCCGA-1	T	9
CAGCCTTTCGTGAGTT-1	NK	5
CAGCCTTTCTGATCCC-1	T	11
CAGCCTTTCTTACTCA-1	T	4
CAGCTAAAGACCATAA-1	T	14
CAGCTAAAGACGAAAG-1	T	1
CAGCTAAAGCAACTGG-1	T	0
CAGCTAAAGCCATGGA-1	NK	18
CAGCTAAAGGAAGACA-1	T	11
CAGCTAAAGGTTCGAG-1	NK	13
CAGCTAACAAACCCTA-1	Myeloid	2
CAGCTAACAACTCGTA-1	T	10
CAGCTAACAAGACTAA-1	T	3
CAGCTAACAAGCCCTG-1	T	3
CAGCTAACAAGTTGCT-1	NK	13
CAGCTAACAATAGTGA-1	T	9
CAGCTAACAATGGCAG-1	NK	5
CAGCTAACACCGAAAG-1	T	3
CAGCTAACAGGTCTGC-1	T	12
CAGCTAACATCACAAC-1	T	0
CAGCTAACATCGCTAA-1	T	14
CAGCTAACATCGTGAT-1	T	14
CAGCTAACATTACACG-1	B	6
CAGCTAAGTCATGAGG-1	T	1
CAGCTAAGTGGCCTCA-1	T	9
CAGCTAAGTGTTGTTG-1	T	10
CAGCTAAGTTGTCGGC-1	T	16
CAGCTAAGTTTGTACG-1	T	3
CAGCTAATCAGGGTTT-1	T	1
CAGCTAATCCACACCT-1	T	7
CAGCTAATCCCTAAAG-1	NK	18
CAGCTAATCGCAAGCC-1	NK	18
CAGCTAATCTATCTAC-1	T	15
CAGCTAATCTGGTACA-1	T	9
CAGCTGGAGATGCGAC-1	NK	18
CAGCTGGAGATGCGCA-1	T	9
CAGCTGGAGCACACCC-1	NK	18
CAGCTGGAGGGAAATG-1	Myeloid	2
CAGCTGGAGTAGACCG-1	T	11
CAGCTGGAGTATGCTC-1	T	14
CAGCTGGAGTCATACC-1	B	6
CAGCTGGAGTCTGGGA-1	T	8
CAGCTGGCACCGTCTT-1	T	8
CAGCTGGCAGAGAGAA-1	T	4
CAGCTGGCATCCATAG-1	Myeloid	2
CAGCTGGCATCCCAAA-1	NK	18
CAGCTGGGTAGATTAG-1	T	16
CAGCTGGGTATACGCT-1	T	7
CAGCTGGGTCAAATCC-1	T	11
CAGCTGGGTCCGTGCA-1	T	9
CAGCTGGGTCGCGCTA-1	T	3
CAGCTGGGTGGTAGAC-1	NK	13
CAGCTGGGTTCGGGAA-1	T	1
CAGCTGGGTTTCTTAC-1	Myeloid	2
CAGCTGGTCAAGGCAG-1	T	14
CAGCTGGTCACCGCGA-1	T	3
CAGCTGGTCACTCCCA-1	T	9
CAGCTGGTCGCTCGGA-1	Myeloid	2
CAGCTGGTCTTAAGCG-1	T	7
CAGGATTAGAAACGCC-1	NK	18
CAGGATTAGAACCCGA-1	NK	18
CAGGATTAGAGCCACA-1	T	7
CAGGATTAGAGCTGTG-1	T	12
CAGGATTAGCAGAGCT-1	T	3
CAGGATTAGCTACGCC-1	T	14
CAGGATTAGCTGCCAC-1	Myeloid	2
CAGGATTAGGCTCCTG-1	NK	13
CAGGATTAGGGTCTGA-1	T	8
CAGGATTAGTAGGAAG-1	T	19
CAGGATTAGTTGGAAT-1	T	19
CAGGATTCACAAACAA-1	T	1
CAGGATTCAGAGAGAA-1	T	0
CAGGATTCAGCGCGTT-1	T	7
CAGGATTCATTAAGGA-1	T	12
CAGGATTCATTACACG-1	NK	18
CAGGATTCATTGCACA-1	NK	18
CAGGATTGTACGGATG-1	T	4
CAGGATTGTACTAGAA-1	T	11
CAGGATTGTAGCGTTT-1	T	15
CAGGATTGTCTCTGGG-1	T	3
CAGGATTGTGCTTACA-1	T	14
CAGGATTGTTAGGAAT-1	T	1
CAGGATTTCATTCATC-1	T	9
CAGGATTTCCAGAATC-1	T	4
CAGGATTTCCCAATAG-1	T	12
CAGGATTTCCGGCTGA-1	T	16
CAGGATTTCCTAGAGT-1	T	1
CAGGATTTCGAGGCTC-1	T	19
CAGGATTTCGCGTGAC-1	T	16
CAGGATTTCGCTCGGA-1	T	4
CAGGATTTCGGTCTCT-1	T	7
CAGGATTTCGTTCTAT-1	T	3
CAGGATTTCTATCTAC-1	T	9
CAGGATTTCTCCACTG-1	T	3
CAGGATTTCTTACGGA-1	T	9
CAGGGCTAGAAATTCG-1	T	7
CAGGGCTAGCCATGGA-1	T	14
CAGGGCTAGGTAAGTT-1	T	17
CAGGGCTAGTAACATG-1	T	1
CAGGGCTAGTCTGGGA-1	T	12
CAGGGCTAGTCTGTGT-1	T	12
CAGGGCTCAATGGCTT-1	T	11
CAGGGCTCAATTCGTG-1	T	15
CAGGGCTCACAGCCAC-1	NK	18
CAGGGCTCACAGGAAC-1	B	6
CAGGGCTCAGGGTAAC-1	T	1
CAGGGCTCAGTAACCT-1	B	6
CAGGGCTCAGTGGTCC-1	T	12
CAGGGCTCATCGACCG-1	T	11
CAGGGCTCATCGGCTG-1	Myeloid	2
CAGGGCTCATTACTCT-1	T	9
CAGGGCTGTACCGGCT-1	T	9
CAGGGCTGTAGGGTCA-1	T	7
CAGGGCTGTATATGGA-1	T	16
CAGGGCTGTATCAGCT-1	B	6
CAGGGCTGTATTGTGC-1	T	16
CAGGGCTGTCCCGTGA-1	T	9
CAGGGCTGTGCACATT-1	T	8
CAGGGCTGTGCTGAAG-1	T	1
CAGGGCTGTGGTCGAA-1	T	17
CAGGGCTGTTACCACA-1	T	15
CAGGGCTGTTACCCAA-1	T	7
CAGGGCTGTTACTACG-1	T	8
CAGGGCTTCAAGAGGC-1	T	0
CAGGGCTTCAAGTTGC-1	NK	18
CAGGGCTTCGAGGCTC-1	NK	13
CAGGGCTTCGATGCAT-1	NK	18
CAGGGCTTCGGTCGAC-1	T	8
CAGGGCTTCGTGAGTT-1	NK	13
CAGGGCTTCTAGTCGA-1	Myeloid	2
CAGGGCTTCTCTTCTC-1	T	3
CAGGGCTTCTTACCTA-1	NK	18
CAGTATGAGAACGTTA-1	NK	13
CAGTATGAGCAGAAAG-1	NK	18
CAGTATGAGGGCTTCC-1	NK	13
CAGTATGCAAAGCATA-1	Myeloid	2
CAGTATGCAATGGTCT-1	B	6
CAGTATGCACCGAAAG-1	T	7
CAGTATGCACCGTCTT-1	T	10
CAGTATGCACGATATC-1	T	15
CAGTATGCACGTGAAG-1	T	0
CAGTATGCAGAACTTC-1	T	11
CAGTATGCAGGCATCC-1	NK	18
CAGTATGCAGGCATTT-1	NK	13
CAGTATGCAGTTGCAT-1	T	15
CAGTATGCATAGACGG-1	T	3
CAGTATGCATCCATAG-1	T	7
CAGTATGCATTGAACC-1	T	4
CAGTATGCATTTCTTG-1	T	17
CAGTATGGTAACCGAG-1	T	3
CAGTATGGTGAATCAA-1	T	16
CAGTATGGTGTTAGAA-1	T	14
CAGTATGGTTCAGAAA-1	T	9
CAGTATGGTTCAGTAC-1	T	14
CAGTATGTCACCGCGA-1	T	4
CAGTATGTCAGGTTTG-1	T	15
CAGTATGTCCTCCTGA-1	Myeloid	2
CAGTATGTCGCACCGA-1	T	15
CAGTATGTCGTGGAAG-1	NK	18
CAGTATGTCTAGTCGA-1	T	4
CAGTATGTCTCGACAA-1	T	8
CAGTATGTCTGGCGCA-1	T	14
CAGTGCGAGACCCTAT-1	T	8
CAGTGCGAGACGCCAA-1	T	9
CAGTGCGAGATCTAAG-1	T	12
CAGTGCGAGCACACCC-1	T	12
CAGTGCGAGCGTAGCA-1	NK	13
CAGTGCGAGCTTCAAC-1	T	7
CAGTGCGAGGAGACTC-1	T	11
CAGTGCGAGTCCAGAG-1	T	14
CAGTGCGAGTCTAGAA-1	T	0
CAGTGCGCAAATGTCC-1	T	0
CAGTGCGCAAATTGAG-1	T	15
CAGTGCGCACCACGAC-1	T	16
CAGTGCGCATCATGTG-1	T	15
CAGTGCGCATTTGGTG-1	T	3
CAGTGCGCATTTGTTC-1	T	16
CAGTGCGGTACAACGG-1	T	12
CAGTGCGGTAGAATAC-1	T	9
CAGTGCGGTAGCTGTT-1	T	8
CAGTGCGGTCACATTG-1	T	7
CAGTGCGGTCCATTGA-1	T	11
CAGTGCGGTGAATGGC-1	T	16
CAGTGCGGTGGACCAA-1	Myeloid	2
CAGTGCGGTGTTGTTG-1	T	16
CAGTGCGGTTAACTCG-1	T	17
CAGTGCGTCACTGATG-1	T	15
CAGTGCGTCCCGAAGC-1	T	14
CAGTGCGTCCGAGAGA-1	T	1
CAGTGCGTCCGTGCGA-1	T	9
CAGTGCGTCGCTTCAC-1	T	12
CAGTGCGTCGGAAAGC-1	T	16
CAGTGCGTCGTGGCGT-1	T	15
CAGTGCGTCTAAACGC-1	NK	5
CAGTGCGTCTAGCAAC-1	T	8
CAGTGTAAGAAATACC-1	T	8
CAGTGTAAGACACTTC-1	Myeloid	2
CAGTGTAAGAGCTGTG-1	T	19
CAGTGTAAGAGGTGGG-1	NK	13
CAGTGTAAGAGTGGAA-1	NK	18
CAGTGTAAGATCGATA-1	T	10
CAGTGTAAGCCTGTAT-1	T	12
CAGTGTAAGCCTTTGA-1	NK	13
CAGTGTAAGGTACATA-1	Myeloid	2
CAGTGTAAGTGAGCTG-1	NK	13
CAGTGTACAACGAGGT-1	T	4
CAGTGTACAACTTGGT-1	T	12
CAGTGTACACTCGGAC-1	T	7
CAGTGTACACTGTAAC-1	NK	13
CAGTGTACATCGACCG-1	T	7
CAGTGTACATCGTACA-1	NK	18
CAGTGTACATGTAGAA-1	T	11
CAGTGTAGTAAACGGC-1	NK	18
CAGTGTAGTACGGATG-1	NK	18
CAGTGTAGTAGCTGTT-1	T	14
CAGTGTAGTGTCCTTC-1	T	3
CAGTGTAGTTCTACGA-1	T	11
CAGTGTAGTTTGTACG-1	T	9
CAGTGTATCAATCGTG-1	T	1
CAGTGTATCGAGCGCT-1	T	16
CAGTGTATCGCGGCAT-1	Myeloid	2
CAGTGTATCGGAAAGC-1	T	16
CAGTGTATCGTTTGAG-1	T	0
CAGTGTATCTCTGCGT-1	NK	18
CAGTGTATCTCTTCCT-1	T	7
CAGTGTATCTGTAGAC-1	T	8
CATAACGAGAACCATA-1	T	3
CATAACGAGCAACTGG-1	NK	13
CATAACGAGCGGACAT-1	T	4
CATAACGAGGCCTCGT-1	T	4
CATAACGAGGTACTCT-1	NK	13
CATAACGAGGTTAACA-1	T	16
CATAACGAGGTTGACG-1	T	8
CATAACGAGTACAGAT-1	T	16
CATAACGCAAGTAACA-1	T	4
CATAACGCAAGTAATG-1	T	8
CATAACGCACGGCCAT-1	T	12
CATAACGCATAAAGTG-1	NK	18
CATAACGCATAGATAG-1	T	12
CATAACGCATCCATAG-1	Myeloid	2
CATAACGCATCGGCTG-1	T	4
CATAACGCATTGCACA-1	T	3
CATAACGCATTTAGGC-1	T	17
CATAACGCATTTCTTG-1	NK	13
CATAACGCATTTGTTC-1	T	15
CATAACGGTAATGTAG-1	T	7
CATAACGGTACCTATG-1	NK	13
CATAACGGTCCAAGAG-1	T	7
CATAACGGTGGAAAGA-1	T	14
CATAACGGTGGCATAG-1	T	12
CATAACGGTTACGAAA-1	T	12
CATAACGGTTACGGAG-1	T	19
CATAACGGTTATAGAG-1	T	3
CATAACGGTTTCTCTA-1	T	15
CATAACGTCACACGTA-1	NK	13
CATAACGTCCAGGGAA-1	T	12
CATAACGTCGATAGCT-1	T	14
CATAACGTCGCAAGCC-1	T	1
CATAACGTCGCATAAC-1	T	3
CATAACGTCGGATGTT-1	NK	13
CATGCCTAGAGCTACG-1	T	0
CATGCCTAGAGGTGGG-1	T	4
CATGCCTAGCTACGTT-1	T	14
CATGCCTAGGAGAACA-1	T	8
CATGCCTAGGGTCCCT-1	T	12
CATGCCTAGGGTTCTT-1	T	1
CATGCCTAGGTACTCT-1	T	1
CATGCCTAGTGAGCTG-1	T	8
CATGCCTCAACAACTC-1	T	12
CATGCCTCAACTCCCT-1	B	6
CATGCCTCAAGGGTAC-1	T	10
CATGCCTCAATGTGCT-1	T	12
CATGCCTCAGATACAA-1	T	0
CATGCCTCAGCTGATT-1	T	16
CATGCCTCAGGTGGTA-1	T	12
CATGCCTCATCGGCTG-1	T	0
CATGCCTCATTACCTT-1	T	14
CATGCCTGTCATTGGT-1	T	8
CATGCCTGTCCCGTGA-1	T	11
CATGCCTGTCCGTCGA-1	T	7
CATGCCTGTGAATCGG-1	T	14
CATGCCTGTTCTCGAA-1	B	6
CATGCCTGTTCTGAGT-1	T	4
CATGCCTGTTGAATAG-1	T	12
CATGCCTGTTGTGACT-1	NK	13
CATGCCTTCAGGTCTA-1	T	10
CATGCCTTCATTCTTG-1	T	11
CATGCCTTCCGATGCG-1	T	1
CATGTTTAGAGGCCTA-1	T	7
CATGTTTAGGTCACTT-1	T	3
CATGTTTAGGTTCTCA-1	T	17
CATGTTTAGTACCCAT-1	NK	13
CATGTTTAGTATAGTG-1	T	9
CATGTTTAGTGATCTC-1	T	17
CATGTTTAGTTCTCCC-1	T	10
CATGTTTCAACTACTG-1	NK	18
CATGTTTCAAGACTTC-1	T	8
CATGTTTCAAGTAACA-1	Myeloid	2
CATGTTTCACAATAAG-1	T	14
CATGTTTCACGAACGA-1	NK	13
CATGTTTCAGCGCGTT-1	T	8
CATGTTTCATCGACCG-1	T	12
CATGTTTGTACGTATC-1	T	9
CATGTTTGTAGCTGTT-1	T	17
CATGTTTGTCGATAGG-1	T	14
CATGTTTGTCTGATTG-1	B	6
CATGTTTGTGCTAGTT-1	T	3
CATGTTTGTGGTCGAA-1	T	7
CATGTTTGTGTGTGCC-1	T	4
CATGTTTGTTATAGAG-1	T	19
CATGTTTGTTCTACGA-1	T	4
CATGTTTGTTCTTATC-1	T	4
CATGTTTTCACTAGGT-1	T	12
CATGTTTTCCACGAGC-1	T	14
CATGTTTTCCATTGAG-1	T	7
CATGTTTTCGAAGCCC-1	T	1
CATGTTTTCGACCCGA-1	T	15
CATGTTTTCGCATACA-1	T	16
CATGTTTTCGGAAAGC-1	T	4
CATGTTTTCGGTCCGA-1	NK	5
CATGTTTTCTACCCGT-1	NK	5
CATGTTTTCTAGCAAC-1	T	17
CATGTTTTCTCCACTG-1	T	16
CATGTTTTCTGGGCGT-1	NK	5
CATTCATAGATCACCT-1	T	4
CATTCATAGATCGCCC-1	T	0
CATTCATAGCAGTAGC-1	T	16
CATTCATAGCGCGTTC-1	NK	13
CATTCATAGCGTCTGC-1	T	9
CATTCATAGCTCGGCT-1	T	0
CATTCATAGGATTTGA-1	T	16
CATTCATAGGCAGATC-1	NK	5
CATTCATAGGTTACAA-1	B	6
CATTCATAGTATAGTG-1	T	19
CATTCATAGTCGTGAG-1	T	14
CATTCATAGTTCAAGA-1	T	11
CATTCATCAACGTACT-1	T	7
CATTCATCAAGCAACG-1	Myeloid	2
CATTCATCAAGCCCTG-1	T	9
CATTCATCAATTGTGC-1	NK	5
CATTCATCACCATTCC-1	T	10
CATTCATCACCCTTTG-1	T	14
CATTCATCAGGTTATC-1	B	6
CATTCATCATCGTGAT-1	T	4
CATTCATCATCTCACC-1	B	6
CATTCATGTAGATGAT-1	T	15
CATTCATGTGAGTTGG-1	T	10
CATTCATGTTTCGATG-1	T	14
CATTCATTCAGGCGCT-1	T	14
CATTCATTCCCACTAC-1	T	14
CATTCATTCCCAGCGA-1	T	0
CATTCATTCCCGAAGC-1	T	10
CATTCATTCCCGGGTA-1	T	1
CATTCATTCGGTGATT-1	T	10
CATTCATTCTTAAGCG-1	NK	13
CATTCATTCTTATCAC-1	NK	18
CATTCATTCTTTGCAT-1	T	16
CATTCCGAGACGACTG-1	T	15
CATTCCGAGAGGAATG-1	T	1
CATTCCGAGCCTTTGA-1	NK	13
CATTCCGAGGAAGACA-1	T	0
CATTCCGAGGGAAGCG-1	T	16
CATTCCGAGTAATGTG-1	NK	13
CATTCCGAGTACTCTG-1	Myeloid	2
CATTCCGAGTCATACC-1	T	11
CATTCCGAGTCCAGAG-1	T	1
CATTCCGCAAGAGATT-1	T	1
CATTCCGCAATCATCG-1	T	4
CATTCCGCACACATTG-1	NK	18
CATTCCGCACCGAATT-1	NK	13
CATTCCGCACTCAAGT-1	NK	13
CATTCCGCAGGATGTG-1	T	0
CATTCCGCAGTTAAAG-1	T	0
CATTCCGGTAATGCAA-1	T	8
CATTCCGGTACAAGCG-1	T	12
CATTCCGGTAGACGCA-1	T	8
CATTCCGGTCCGAGCT-1	T	4
CATTCCGGTCGACTGC-1	T	0
CATTCCGGTCGTAGTT-1	NK	18
CATTCCGGTGTGTGTT-1	NK	13
CATTCCGGTTAACCGT-1	T	16
CATTCCGGTTCAGAAA-1	T	3
CATTCCGGTTTGATCG-1	T	3
CATTCCGTCGTCCCAT-1	NK	5
CATTCCGTCGTGATAC-1	T	12
CATTCCGTCGTGGAAG-1	T	16
CATTCCGTCTCGTGAA-1	NK	18
CATTCCGTCTGAACGT-1	T	10
CATTGGAAGAAGCCTG-1	T	14
CATTGGAAGACTAGCG-1	T	10
CATTGGAAGAGTTTGA-1	NK	18
CATTGGAAGATATGTG-1	T	3
CATTGGAAGTCGTGAG-1	T	7
CATTGGAAGTTAGAGT-1	T	3
CATTGGACACAGTTAC-1	NK	13
CATTGGACAGATTTGC-1	T	9
CATTGGACAGGTGGTA-1	T	17
CATTGGACATTACTCT-1	T	9
CATTGGAGTAGGTGAC-1	T	10
CATTGGAGTCCGTCGA-1	B	6
CATTGGAGTCTGCACG-1	Myeloid	2
CATTGGAGTGCATTCA-1	Myeloid	2
CATTGGAGTGGCGCTT-1	T	9
CATTGGAGTTCATTTC-1	T	15
CATTGGAGTTTGCATG-1	T	3
CATTGGATCAGGAAGC-1	T	9
CATTGGATCCTAAAGC-1	T	4
CATTGGATCGGATCGC-1	T	14
CATTGGATCTAAACGC-1	T	12
CATTGGATCTGAGTAC-1	T	17
CATTGGATCTTCCAGC-1	NK	18
CCAATGAAGAATATCG-1	NK	13
CCAATGAAGATCACCT-1	T	14
CCAATGAAGATTAGAC-1	T	12
CCAATGAAGCAACGGT-1	T	11
CCAATGAAGGATGCCA-1	T	7
CCAATGAAGTACCTCA-1	Myeloid	2
CCAATGAAGTAGAAGG-1	T	7
CCAATGAAGTGCTAGG-1	T	10
CCAATGAAGTTACCAC-1	T	1
CCAATGACAACCTCCT-1	T	14
CCAATGACAACTCAAC-1	T	16
CCAATGACACATTGCA-1	T	14
CCAATGACACCGAATT-1	T	7
CCAATGACAGAGCCAA-1	T	15
CCAATGACAGTATACC-1	T	9
CCAATGAGTAAAGCTA-1	T	16
CCAATGAGTAACATAG-1	T	8
CCAATGAGTAACGGTG-1	NK	18
CCAATGAGTAGAACGC-1	T	9
CCAATGAGTAGGTCTT-1	Myeloid	2
CCAATGAGTCAACTAC-1	NK	13
CCAATGAGTCCGAGCT-1	T	1
CCAATGAGTCTAAGAA-1	T	16
CCAATGAGTGGAAGCT-1	T	7
CCAATGAGTGGGTAGT-1	T	12
CCAATGAGTTTGTACG-1	T	1
CCAATGATCACGTCAA-1	T	16
CCAATGATCCTTTGAT-1	T	1
CCAATGATCGATATGC-1	NK	18
CCAATGATCGCGGCAT-1	T	19
CCAATGATCTCCCTTT-1	T	3
CCAATGATCTGATCCC-1	T	14
CCAATGATCTTCCGTG-1	T	0
CCACAGGAGGACCGAT-1	T	12
CCACAGGAGGGATCCA-1	T	10
CCACAGGAGTCCAGAG-1	T	16
CCACAGGAGTGGTGTG-1	B	6
CCACAGGAGTTAGCGG-1	NK	13
CCACAGGCAAGATGCG-1	T	10
CCACAGGCACAGCTTA-1	T	16
CCACAGGCACTGCTCT-1	T	10
CCACAGGCAGAAAGAG-1	T	9
CCACAGGCAGAATGCG-1	NK	13
CCACAGGCAGCTATAC-1	T	4
CCACAGGCAGGACTGA-1	T	3
CCACAGGCATCGAGTT-1	T	11
CCACAGGGTATCATGC-1	T	19
CCACAGGGTCACAGGA-1	T	15
CCACAGGGTCATAGAA-1	T	16
CCACAGGGTCCTTCAC-1	NK	5
CCACAGGGTGGCCTCA-1	NK	18
CCACAGGGTGTGCTTA-1	NK	18
CCACAGGGTTACACTG-1	T	14
CCACAGGGTTACTACG-1	Myeloid	2
CCACAGGGTTACTTTC-1	NK	13
CCACAGGGTTCCAATG-1	NK	13
CCACAGGGTTGGAGGT-1	T	14
CCACAGGGTTTCCTAT-1	T	9
CCACAGGGTTTCGACA-1	T	1
CCACAGGTCAAAGTAG-1	T	4
CCACAGGTCAGAATGA-1	T	17
CCACAGGTCAGGAATA-1	NK	18
CCACAGGTCCAGCACG-1	NK	18
CCACAGGTCCGTTTCG-1	T	0
CCACAGGTCCTCCATG-1	Myeloid	2
CCACAGGTCGCAAACT-1	T	14
CCACAGGTCGCAACTA-1	T	3
CCACGTTAGATGCGAC-1	T	14
CCACGTTAGCAGGAGG-1	T	7
CCACGTTAGCCCATGC-1	T	4
CCACGTTAGGTAAGCC-1	T	1
CCACGTTAGTGAATAC-1	T	4
CCACGTTAGTGAGCTG-1	T	1
CCACGTTCAACGACAG-1	T	16
CCACGTTCAAGAGCGT-1	Myeloid	2
CCACGTTCACGTTGTA-1	T	16
CCACGTTCAGCGTACC-1	Myeloid	2
CCACGTTCAGGACTGA-1	NK	18
CCACGTTCAGGTTATC-1	T	7
CCACGTTCATAAAGTG-1	T	16
CCACGTTGTCCGTGCA-1	T	12
CCACGTTGTGCGTAGA-1	T	4
CCACGTTGTTCCAATG-1	T	16
CCACGTTGTTCTGAGT-1	Myeloid	2
CCACGTTGTTTAAGGA-1	T	9
CCACGTTTCATGCTTT-1	Myeloid	2
CCACGTTTCCGCGATG-1	T	3
CCACGTTTCGGTACTA-1	T	15
CCACGTTTCGGTCGAC-1	T	3
CCAGAATAGAGGTGGG-1	T	11
CCAGAATAGATGCGCA-1	T	9
CCAGAATAGCGTATCT-1	T	14
CCAGAATAGGATGTAT-1	T	11
CCAGAATAGGCAAGGG-1	T	4
CCAGAATAGTAACACA-1	T	7
CCAGAATAGTACGCGA-1	T	4
CCAGAATAGTGTCGCC-1	T	3
CCAGAATAGTTGACAA-1	T	11
CCAGAATCAAGTCCTA-1	Myeloid	2
CCAGAATCAATGTGCT-1	T	7
CCAGAATCATCCCAAA-1	T	10
CCAGAATGTCATCGTA-1	T	12
CCAGAATGTCATGAGG-1	B	6
CCAGAATGTCCCGAGT-1	T	10
CCAGAATGTGTTGGTT-1	NK	13
CCAGAATGTTGGGAAC-1	T	16
CCAGAATTCACAAGCT-1	T	1
CCAGAATTCACACGTA-1	T	0
CCAGAATTCCACGCTT-1	T	12
CCAGAATTCCCGAAGC-1	NK	13
CCAGAATTCGAGTGTT-1	T	1
CCAGAATTCGATTACG-1	T	4
CCAGAATTCTTACCTA-1	Myeloid	2
CCAGATAAGACTCGGA-1	T	9
CCAGATAAGATGGGAA-1	T	1
CCAGATAAGATTAGAC-1	T	10
CCAGATAAGGGCATTG-1	NK	13
CCAGATAAGGTTCGAG-1	T	10
CCAGATAAGTAACTCC-1	T	1
CCAGATAAGTACTCTG-1	T	7
CCAGATAAGTAGTCGG-1	T	16
CCAGATAAGTATAGTG-1	T	9
CCAGATAAGTCGCCTG-1	T	10
CCAGATAAGTGGGACT-1	T	12
CCAGATACACACATTG-1	T	12
CCAGATACACAGTTAC-1	T	14
CCAGATACACCAAGGA-1	T	12
CCAGATACACCTATTT-1	T	0
CCAGATACACCTGTGG-1	T	10
CCAGATACACGCGTTG-1	T	7
CCAGATACACTCGGAC-1	T	4
CCAGATACACTTGCGG-1	T	4
CCAGATACAGAGAGAA-1	T	1
CCAGATACATATTGGC-1	T	15
CCAGATACATCAACTG-1	T	0
CCAGATACATGACTGT-1	T	4
CCAGATACATGCGACC-1	T	4
CCAGATACATTTGGTG-1	T	7
CCAGATAGTAGCGAGT-1	NK	18
CCAGATAGTAGTCCAT-1	T	7
CCAGATAGTCAACAGG-1	T	3
CCAGATAGTGACCAGA-1	T	0
CCAGATAGTGAGTAAT-1	T	12
CCAGATAGTGCGTTTA-1	T	9
CCAGATAGTGTCTACA-1	T	14
CCAGATAGTTACGGAG-1	T	3
CCAGATAGTTCCCAAA-1	T	1
CCAGATAGTTCTTAGG-1	T	16
CCAGATAGTTTGCCAA-1	T	16
CCAGATATCCGCTCTA-1	B	6
CCAGATATCGATAGGG-1	T	7
CCAGATATCGCTCTAC-1	T	9
CCAGATATCTCCACTG-1	T	12
CCAGATATCTGAACGT-1	T	11
CCAGATATCTGAGTAC-1	T	0
CCAGATATCTGGCACG-1	Myeloid	2
CCAGATATCTGTCGGG-1	T	3
CCAGATATCTGTTGCC-1	T	14
CCATACCAGACTCTTG-1	Myeloid	2
CCATACCAGAGAGTTT-1	T	12
CCATACCAGGGACGTT-1	T	7
CCATACCAGTCCGTGC-1	NK	13
CCATACCAGTCGTGAG-1	T	1
CCATACCCAAATAGTG-1	NK	5
CCATACCCAACGTACT-1	T	3
CCATACCCAAGTTGCT-1	NK	18
CCATACCCACATAAAG-1	T	16
CCATACCCATAGTCCA-1	T	1
CCATACCCATATACGC-1	T	17
CCATACCCATGGATGG-1	T	16
CCATACCCATTCTCGC-1	T	3
CCATACCGTAAGCCGA-1	B	6
CCATACCGTAGGTCTT-1	T	8
CCATACCGTAGTACAA-1	NK	13
CCATACCGTCATAGCT-1	T	19
CCATACCGTCTCGGGT-1	Myeloid	2
CCATACCGTGAGGTCA-1	Myeloid	2
CCATACCGTGCCCAGT-1	NK	5
CCATACCGTGCGCATC-1	T	9
CCATACCGTTAACCAC-1	T	4
CCATACCGTTACGCTA-1	T	14
CCATACCGTTTGAAGA-1	T	15
CCATACCGTTTGCCAA-1	NK	18
CCATACCTCACTGATG-1	T	8
CCATACCTCCAGTTAG-1	T	15
CCATACCTCCGTCAAA-1	T	7
CCATACCTCGATCGCG-1	B	6
CCATACCTCTAGCAGT-1	T	11
CCATACCTCTATACCT-1	T	17
CCATACCTCTCTATTG-1	NK	13
CCATACCTCTTGTCAT-1	T	9
CCCACATAGAGTAAGG-1	T	12
CCCACATAGCTCGTTA-1	Myeloid	2
CCCACATAGGCAATTA-1	T	0
CCCACATAGTACTCTG-1	T	14
CCCACATAGTATGCTC-1	T	0
CCCACATAGTCGAGCA-1	T	0
CCCACATAGTCGTATC-1	T	3
CCCACATAGTGAGTTA-1	T	7
CCCACATCAACGTACT-1	T	16
CCCACATCACCAAGGA-1	NK	13
CCCACATCACTAAACC-1	NK	18
CCCACATCACTGTCAA-1	T	4
CCCACATCAGTATACC-1	T	9
CCCACATCAGTCAGCC-1	NK	13
CCCACATCATCGGCTG-1	T	1
CCCACATCATGCCTTC-1	T	8
CCCACATCATTACACG-1	B	6
CCCACATCATTTGGTG-1	T	8
CCCACATGTAAGCCTT-1	T	12
CCCACATGTAAGGTCG-1	T	0
CCCACATGTCACAGGA-1	T	3
CCCACATGTCTGATTG-1	Myeloid	2
CCCACATGTCTGGTTA-1	T	11
CCCACATGTGATTCCA-1	T	4
CCCACATGTGCTGTCG-1	T	9
CCCACATTCCACTAGA-1	T	12
CCCACATTCGCTGATA-1	T	11
CCCACATTCTATACCT-1	T	16
CCCACATTCTGAGTAC-1	T	10
CCCACATTCTGGCACG-1	T	10
CCCACATTCTTCCACG-1	NK	18
CCCACATTCTTCTTCC-1	T	12
CCCAGAGAGACCTATC-1	T	9
CCCAGAGAGATCTAAG-1	NK	13
CCCAGAGAGGCAAGCT-1	T	12
CCCAGAGAGGTAAGCC-1	B	6
CCCAGAGAGTCGGGAT-1	T	16
CCCAGAGAGTGAGCTG-1	T	1
CCCAGAGAGTGGTGTG-1	T	9
CCCAGAGAGTGTCGCC-1	T	1
CCCAGAGCAACTTGGT-1	T	11
CCCAGAGCAATGGCAG-1	NK	13
CCCAGAGCACTGTTAG-1	T	16
CCCAGAGCAGAAAGAG-1	T	9
CCCAGAGCAGAGCCAA-1	T	0
CCCAGAGCAGCGTACC-1	T	14
CCCAGAGCATTGCACA-1	B	6
CCCAGAGGTACAAGCG-1	T	17
CCCAGAGGTACGTAGG-1	T	0
CCCAGAGGTAGCGTTT-1	NK	13
CCCAGAGGTATATGGA-1	T	8
CCCAGAGGTATGAAGT-1	T	11
CCCAGAGGTATTCGAC-1	T	16
CCCAGAGGTATTTGCG-1	T	15
CCCAGAGGTCCACCAG-1	T	12
CCCAGAGGTCCTATTT-1	NK	13
CCCAGAGGTGAGGGTT-1	T	4
CCCAGAGTCAACGTGT-1	T	16
CCCAGAGTCACGATTG-1	T	8
CCCAGAGTCATTCTTG-1	T	14
CCCAGAGTCCACGAGC-1	T	0
CCCAGAGTCCAGAATC-1	T	4
CCCAGAGTCCGTCAAA-1	NK	13
CCCAGAGTCCTATCCG-1	NK	13
CCCAGAGTCGCCAGAC-1	T	8
CCCAGAGTCTCATCCG-1	T	12
CCCAGAGTCTGGGCGT-1	NK	18
CCCGTTAAGACTTCCA-1	T	8
CCCGTTAAGGAGTACC-1	T	4
CCCGTTAAGGCAAGGG-1	T	16
CCCGTTACAAGAGATT-1	T	11
CCCGTTACACCACCAG-1	T	9
CCCGTTACACGCTCAG-1	NK	13
CCCGTTACACTAAACC-1	T	15
CCCGTTACAGCAACAG-1	Myeloid	2
CCCGTTACATCGAGTT-1	B	6
CCCGTTACATCGGCTG-1	T	8
CCCGTTACATTACACG-1	T	7
CCCGTTACATTTGGTG-1	T	4
CCCGTTAGTAAACGAT-1	T	16
CCCGTTAGTGATCAGG-1	T	7
CCCGTTAGTGGTGGTA-1	T	8
CCCGTTAGTTCTTAGG-1	T	0
CCCGTTAGTTTAAGGA-1	T	16
CCCGTTATCACATTCT-1	NK	13
CCCGTTATCAGCACTA-1	T	8
CCCGTTATCCACTAGA-1	T	4
CCCGTTATCGCTAGTA-1	T	17
CCCGTTATCTTCAGAG-1	NK	13
CCCTAACAGAACTAAC-1	T	9
CCCTAACAGAGCCTGA-1	B	6
CCCTAACAGATACCAA-1	T	10
CCCTAACAGGTGTCGA-1	B	6
CCCTAACAGTAACATG-1	T	14
CCCTAACAGTCATCTG-1	T	1
CCCTAACAGTGTCCCG-1	T	19
CCCTAACAGTGTCGCC-1	T	0
CCCTAACCAACGCACC-1	T	3
CCCTAACCAAGCAACG-1	T	12
CCCTAACCAAGTTGCT-1	T	8
CCCTAACCAATCACTG-1	T	7
CCCTAACCACAGGTAG-1	T	7
CCCTAACCAGGTCCTG-1	T	12
CCCTAACCAGTGGTCC-1	T	11
CCCTAACCATGCTATG-1	B	6
CCCTAACCATGGGACA-1	Myeloid	2
CCCTAACGTAACTGAA-1	NK	13
CCCTAACGTACCAAGG-1	T	12
CCCTAACGTACCCACG-1	Myeloid	2
CCCTAACGTCCACCAG-1	T	10
CCCTAACGTCCCGAGT-1	T	16
CCCTAACGTCCGTAGC-1	T	11
CCCTAACGTCGAGGAT-1	T	10
CCCTAACGTGCTAGTT-1	T	15
CCCTAACGTGCTGTGC-1	T	1
CCCTAACGTTCCAGTA-1	T	16
CCCTAACGTTGGCGAA-1	T	15
CCCTAACTCACCGCGA-1	T	7
CCCTAACTCCAGGTCG-1	T	16
CCCTAACTCCGGCGAT-1	T	9
CCCTAACTCGGTCGAC-1	T	9
CCCTAACTCTAAACGC-1	T	16
CCCTAACTCTCATCCG-1	T	7
CCCTAACTCTCCAACC-1	T	0
CCCTAACTCTCGTGAA-1	T	7
CCCTAACTCTTACCTA-1	T	8
CCCTAGTAGAAATGGG-1	Myeloid	2
CCCTAGTAGAGGCAGG-1	Myeloid	2
CCCTAGTAGATCTCAC-1	T	11
CCCTAGTAGCCCATTA-1	T	10
CCCTAGTAGCGCAATG-1	Myeloid	2
CCCTAGTAGGAATGGA-1	T	16
CCCTAGTAGGCCTCTG-1	Myeloid	2
CCCTAGTAGGTTACAA-1	T	9
CCCTAGTAGTCGTATC-1	Myeloid	2
CCCTAGTAGTGTTCCA-1	NK	18
CCCTAGTCAACCTCTC-1	T	4
CCCTAGTCACTAAACC-1	T	4
CCCTAGTCAGAAAGAG-1	T	14
CCCTAGTCAGAGAGAA-1	T	10
CCCTAGTCAGCTATAC-1	T	7
CCCTAGTCATGCGTTA-1	T	10
CCCTAGTGTATCATGC-1	T	10
CCCTAGTGTGACAAGC-1	T	17
CCCTAGTGTGCAAAGC-1	T	9
CCCTAGTGTTACACTG-1	T	17
CCCTAGTGTTCACGTA-1	B	6
CCCTAGTGTTGGAGGT-1	T	17
CCCTAGTGTTGTGAGG-1	T	12
CCCTAGTGTTTCCTAT-1	T	19
CCCTAGTTCACGATTG-1	T	9
CCCTAGTTCAGTCACA-1	T	3
CCCTAGTTCCAACCTC-1	T	3
CCCTAGTTCCCATAGA-1	T	14
CCCTAGTTCGAGAAGC-1	T	1
CCCTAGTTCGATAGGG-1	NK	18
CCCTAGTTCGCCACTT-1	T	14
CCCTAGTTCGGTTAGT-1	T	19
CCCTAGTTCTCTTAAC-1	T	4
CCCTCTCAGACCCATT-1	T	3
CCCTCTCAGAGAGGTA-1	T	16
CCCTCTCAGAGCACTG-1	NK	13
CCCTCTCAGAGCTACG-1	T	9
CCCTCTCAGCACCATT-1	Myeloid	2
CCCTCTCAGCGCACAA-1	T	8
CCCTCTCAGGAACCGT-1	T	11
CCCTCTCAGGACCGAT-1	T	1
CCCTCTCAGGAGTCTG-1	T	14
CCCTCTCAGGTTACAA-1	NK	18
CCCTCTCAGTGTGTAA-1	T	14
CCCTCTCCAACGAGGT-1	Myeloid	2
CCCTCTCCACGCTAAT-1	T	19
CCCTCTCCACGTACAT-1	T	15
CCCTCTCCACTGCTCT-1	T	7
CCCTCTCCAGGTGGTA-1	NK	13
CCCTCTCCATTGTTCT-1	T	0
CCCTCTCGTAGGTGAC-1	B	6
CCCTCTCGTCGTAATC-1	NK	18
CCCTCTCGTGAGCTAG-1	B	6
CCCTCTCGTGCAACAG-1	T	3
CCCTCTCGTGTACGCC-1	T	16
CCCTCTCGTGTAGGAC-1	T	4
CCCTCTCGTGTCCAGC-1	T	3
CCCTCTCGTTGAATAG-1	T	1
CCCTCTCGTTTGCATG-1	T	12
CCCTCTCTCAGGATCT-1	T	14
CCCTCTCTCATGAACC-1	T	0
CCCTCTCTCCTGAAAC-1	NK	13
CCCTCTCTCGAGGCTC-1	T	9
CCCTCTCTCTGAAAGA-1	Myeloid	2
CCCTCTCTCTGAGTCA-1	NK	5
CCCTCTCTCTTAACGG-1	T	9
CCCTGATAGAACAGGA-1	T	12
CCCTGATAGAGAAGCA-1	Myeloid	2
CCCTGATAGAGGAAGT-1	T	0
CCCTGATAGATCTAAG-1	NK	18
CCCTGATAGATTCCGT-1	T	10
CCCTGATAGCAGGAGG-1	T	4
CCCTGATAGCTAGCAG-1	T	14
CCCTGATAGGAAACTT-1	T	9
CCCTGATAGGCAAGGG-1	T	12
CCCTGATAGGCTTCGC-1	T	3
CCCTGATAGTGATATG-1	T	10
CCCTGATAGTGATTAG-1	T	0
CCCTGATCAAATTGAG-1	Myeloid	2
CCCTGATCACAGAAGC-1	T	17
CCCTGATCACATGATC-1	T	16
CCCTGATCACTGGGCT-1	T	3
CCCTGATCAGAGCCAA-1	T	8
CCCTGATCAGCCACGT-1	T	9
CCCTGATCAGCGTCGT-1	T	12
CCCTGATCATTTGGTG-1	T	7
CCCTGATGTAAGTCTC-1	T	14
CCCTGATGTAGATGAT-1	Myeloid	2
CCCTGATGTTAACCAC-1	T	1
CCCTGATGTTTGACCA-1	T	8
CCCTGATTCACCGCGA-1	T	4
CCCTGATTCATCGCCT-1	T	3
CCCTGATTCCTCCCAA-1	T	10
CCCTGATTCCTGACCT-1	T	3
CCCTGATTCCTGGGAC-1	T	14
CCCTGATTCGAACACT-1	T	14
CCCTGATTCGCGATGC-1	T	7
CCCTGATTCGCGTGAC-1	NK	5
CCCTGATTCTCCCTTT-1	T	9
CCCTGATTCTGACATG-1	T	0
CCGAAGCAGACAACGC-1	T	3
CCGAAGCAGACCATAA-1	T	4
CCGAAGCAGATTACGA-1	NK	13
CCGAAGCAGGAAGAAC-1	T	7
CCGAAGCAGGATGTCG-1	T	14
CCGAAGCAGGGATCCA-1	NK	13
CCGAAGCAGGTAGGCT-1	T	11
CCGAAGCAGGTGATGC-1	T	14
CCGAAGCAGTCTGGGA-1	NK	18
CCGAAGCAGTGAAGGA-1	T	11
CCGAAGCAGTGCTAGG-1	T	16
CCGAAGCAGTTTACGC-1	T	3
CCGAAGCCAAAGGTCG-1	Myeloid	2
CCGAAGCCAAGCGAAC-1	T	8
CCGAAGCCAAGCGTCC-1	T	8
CCGAAGCCAATGGTCT-1	T	14
CCGAAGCCAGAGCCAA-1	Myeloid	2
CCGAAGCCAGGCATTT-1	T	7
CCGAAGCCAGTAGTTC-1	T	11
CCGAAGCCAGTTCGGC-1	T	1
CCGAAGCCAGTTGCAT-1	T	10
CCGAAGCCATCAGAAA-1	T	1
CCGAAGCCATCCGTGG-1	T	14
CCGAAGCCATTACCTT-1	T	7
CCGAAGCGTAAGGTCG-1	NK	18
CCGAAGCGTACTTGAC-1	Myeloid	2
CCGAAGCGTATCTCAG-1	NK	18
CCGAAGCGTATGGGTG-1	NK	18
CCGAAGCGTCATCAAC-1	B	6
CCGAAGCGTCCCGAGT-1	T	10
CCGAAGCGTCGACTGC-1	T	4
CCGAAGCGTCGCTACG-1	T	4
CCGAAGCGTCTGTGTA-1	T	17
CCGAAGCGTGCGTAGA-1	T	14
CCGAAGCGTGGACGAT-1	NK	13
CCGAAGCGTTGTGACT-1	T	12
CCGAAGCGTTTGCCCT-1	NK	5
CCGAAGCTCAGGAAGC-1	NK	5
CCGAAGCTCAGGCGCT-1	NK	18
CCGAAGCTCGCTCTAC-1	T	15
CCGAAGCTCGGCATAT-1	T	16
CCGAAGCTCGTCCCTA-1	T	7
CCGAAGCTCGTCGCAG-1	T	14
CCGAAGCTCTAAACGC-1	T	16
CCGAAGCTCTAGCAAC-1	T	7
CCGAAGCTCTGGACAT-1	T	7
CCGCATTAGCCATGGA-1	T	4
CCGCATTAGCGAATAT-1	T	8
CCGCATTAGGATATCA-1	T	8
CCGCATTAGGCACCTC-1	T	4
CCGCATTAGGCAGTAC-1	T	14
CCGCATTAGGTCCTCG-1	NK	13
CCGCATTAGTCTCTAG-1	T	3
CCGCATTAGTGAATAC-1	T	16
CCGCATTCAAGGTCGA-1	T	8
CCGCATTCAAGTAATG-1	T	0
CCGCATTCAGAATGCG-1	T	14
CCGCATTCAGTCAGCC-1	NK	5
CCGCATTCATCATAGC-1	B	6
CCGCATTCATTCCCGT-1	T	9
CCGCATTGTACCTATG-1	T	3
CCGCATTGTACTTCGA-1	Myeloid	2
CCGCATTGTATCTAGC-1	T	7
CCGCATTGTCATAGAA-1	T	12
CCGCATTGTGCAAGAC-1	NK	13
CCGCATTGTGCCCGAT-1	NK	13
CCGCATTGTGTGAGGT-1	T	17
CCGCATTGTTACGGAG-1	T	4
CCGCATTGTTGCCTGG-1	T	14
CCGCATTTCACATTCT-1	T	9
CCGCATTTCGCTTACC-1	T	9
CCGCATTTCTCGCGTT-1	T	14
CCGCATTTCTTCCGTG-1	NK	13
CCGTACTAGACACTTC-1	T	4
CCGTACTAGAGCAGCT-1	B	6
CCGTACTAGCTGCCAC-1	T	16
CCGTACTAGGAAACTT-1	NK	18
CCGTACTAGGGTCTGA-1	T	4
CCGTACTAGTAATCAG-1	T	1
CCGTACTAGTACCCAT-1	T	16
CCGTACTAGTTAGAGT-1	T	4
CCGTACTAGTTGCCGC-1	T	7
CCGTACTCAAATGCTC-1	T	12
CCGTACTCAAGAGCGT-1	NK	5
CCGTACTCAATTAGGA-1	NK	18
CCGTACTCACCCATCT-1	T	4
CCGTACTCACGCTCAG-1	NK	13
CCGTACTCAGGCACAA-1	B	6
CCGTACTCATAGCCAT-1	T	8
CCGTACTCATCCGTAA-1	T	0
CCGTACTGTACGTAGG-1	NK	18
CCGTACTGTAGACGCA-1	NK	5
CCGTACTGTATGGATA-1	T	11
CCGTACTGTCACAGGA-1	T	7
CCGTACTGTGCATTCA-1	NK	13
CCGTACTGTTAGGAGC-1	T	12
CCGTACTTCACTACCC-1	T	4
CCGTACTTCAGCACGC-1	NK	13
CCGTACTTCCGGACTG-1	T	0
CCGTACTTCGTTACAG-1	T	3
CCGTACTTCGTTGTAG-1	T	4
CCGTACTTCTATCTAC-1	T	1
CCGTACTTCTCTTCTC-1	T	7
CCGTACTTCTTTATCG-1	NK	13
CCGTAGGAGAAGGGCG-1	T	12
CCGTAGGAGCAACGGT-1	Myeloid	2
CCGTAGGAGCTAGCAG-1	Myeloid	2
CCGTAGGAGCTTACCA-1	T	4
CCGTAGGAGGAATGGA-1	T	4
CCGTAGGAGGCCTAAG-1	T	4
CCGTAGGAGTTAGCAA-1	T	15
CCGTAGGAGTTGAATG-1	T	9
CCGTAGGCAACGAGGT-1	NK	18
CCGTAGGCAAGAAACT-1	T	4
CCGTAGGCAAGACACG-1	T	9
CCGTAGGCAAGATGCG-1	T	4
CCGTAGGCAAGCCCTG-1	Myeloid	2
CCGTAGGCAAGGAAGA-1	T	10
CCGTAGGCAAGTCTGT-1	NK	18
CCGTAGGCAATGCACT-1	T	8
CCGTAGGCAATGCATC-1	T	9
CCGTAGGCACGCGCAT-1	T	4
CCGTAGGCACTGTCAA-1	Myeloid	2
CCGTAGGCACTGTTAG-1	NK	13
CCGTAGGCATAGCCGC-1	T	12
CCGTAGGCATCCTGGG-1	T	17
CCGTAGGCATGGAGGT-1	T	19
CCGTAGGCATGGCCCA-1	NK	18
CCGTAGGCATTCGTCC-1	T	8
CCGTAGGGTAGTAACA-1	T	10
CCGTAGGGTATTCGAC-1	T	3
CCGTAGGGTCAGAGTG-1	T	16
CCGTAGGGTCCTCAGG-1	NK	13
CCGTAGGGTGGTCGAA-1	NK	13
CCGTAGGGTTAGAGAT-1	Myeloid	2
CCGTAGGGTTTGAAGA-1	T	1
CCGTAGGTCAGTCACA-1	T	1
CCGTAGGTCCGAATTG-1	T	1
CCGTAGGTCGCTTGAA-1	T	3
CCGTAGGTCTTCCACG-1	T	0
CCGTGAGAGAAAGGGT-1	T	0
CCGTGAGAGACTCGGA-1	B	6
CCGTGAGAGCCCATTA-1	T	7
CCGTGAGAGGATATCA-1	T	4
CCGTGAGAGGCCAGTA-1	T	15
CCGTGAGAGGCGACTA-1	T	1
CCGTGAGAGGTAGGAA-1	B	6
CCGTGAGAGGTTGTGG-1	T	15
CCGTGAGAGTAACATG-1	T	8
CCGTGAGCAAAGAAGG-1	T	14
CCGTGAGCAAAGACGC-1	T	17
CCGTGAGCAACCTCTC-1	T	0
CCGTGAGCAATCAGGG-1	T	12
CCGTGAGCACCACGAC-1	T	17
CCGTGAGCACCGAATT-1	T	16
CCGTGAGCACCTACCT-1	Myeloid	2
CCGTGAGCAGTGCTCG-1	T	1
CCGTGAGCATCAACTG-1	NK	18
CCGTGAGCATCTCTCG-1	T	12
CCGTGAGCATGGTAAA-1	T	19
CCGTGAGGTATCTGCA-1	T	14
CCGTGAGGTCAAACAA-1	T	12
CCGTGAGGTCGCGCTA-1	T	16
CCGTGAGGTTCCATCC-1	T	4
CCGTGAGGTTGGTAAA-1	T	3
CCGTGAGGTTTCAGCA-1	T	8
CCGTGAGGTTTGCCAA-1	T	4
CCGTGAGTCAGTACAC-1	T	3
CCGTGAGTCAGTCTTT-1	T	19
CCGTGAGTCAGTTGAC-1	T	14
CCGTGAGTCCATATCT-1	T	15
CCGTGAGTCCATGACA-1	T	4
CCGTGAGTCCCTATTA-1	T	3
CCGTGAGTCCGCTCTA-1	NK	13
CCGTGAGTCGAACCGC-1	T	9
CCGTGAGTCGCACAAT-1	T	19
CCGTGAGTCTGACATG-1	T	10
CCGTGAGTCTGGCGCA-1	T	14
CCGTGAGTCTGGGCGT-1	T	7
CCTAAAGAGAAATCTG-1	Myeloid	2
CCTAAAGAGACGCCAA-1	T	3
CCTAAAGAGAGTCCGA-1	T	9
CCTAAAGAGCAACTGG-1	T	1
CCTAAAGAGGAGAACA-1	T	3
CCTAAAGAGGCAAGGG-1	Myeloid	2
CCTAAAGAGTAATGTG-1	T	8
CCTAAAGAGTCAGCCC-1	T	14
CCTAAAGAGTCTGCTA-1	T	3
CCTAAAGCAAACAGTA-1	T	14
CCTAAAGCAAGAGCGT-1	NK	13
CCTAAAGCAGCGTGAA-1	T	8
CCTAAAGCAGTTCGGC-1	T	0
CCTAAAGCATAGCCAT-1	B	6
CCTAAAGCATCCGTAA-1	T	3
CCTAAAGGTAACCCAT-1	Myeloid	2
CCTAAAGGTAATGTAG-1	T	8
CCTAAAGGTACGTAGG-1	B	6
CCTAAAGGTCAGAGTG-1	T	0
CCTAAAGGTCATCGTA-1	T	19
CCTAAAGGTCGCGCTA-1	T	0
CCTAAAGGTCTGCGCA-1	T	12
CCTAAAGGTGACAAGC-1	T	7
CCTAAAGGTGAGGGTT-1	T	7
CCTAAAGGTGCTTTGA-1	NK	5
CCTAAAGGTGTCGTCG-1	T	12
CCTAAAGGTTCTGAGT-1	T	10
CCTAAAGGTTGTCGGC-1	B	6
CCTAAAGTCAATGCAC-1	NK	18
CCTAAAGTCATGAACC-1	T	1
CCTAAAGTCCAGGCCA-1	T	16
CCTAAAGTCCGATGCG-1	T	0
CCTAAAGTCCGGACTG-1	T	0
CCTAAAGTCCGTGCGA-1	Myeloid	2
CCTAAAGTCCGTTAGA-1	T	14
CCTAAAGTCCTCAAGA-1	T	4
CCTAAAGTCTCTTAAC-1	T	1
CCTAAAGTCTGTTTAC-1	T	3
CCTATTAAGCCGCAAA-1	Myeloid	2
CCTATTAAGGCCAATG-1	T	3
CCTATTAAGGCCTCTG-1	T	3
CCTATTAAGGTGTTGG-1	T	4
CCTATTACAATCACTG-1	T	12
CCTATTACACGTTAGT-1	Myeloid	2
CCTATTACAGCAACAG-1	T	14
CCTATTACAGGCACAA-1	T	12
CCTATTACAGGCTACC-1	T	10
CCTATTACATCATCGA-1	T	7
CCTATTACATGTATCG-1	T	8
CCTATTACATTATGGC-1	T	0
CCTATTACATTTGTTC-1	T	12
CCTATTAGTAAAGCTA-1	Myeloid	2
CCTATTAGTCCACCAG-1	Myeloid	2
CCTATTAGTTAAGGGC-1	T	1
CCTATTAGTTACCACA-1	T	11
CCTATTAGTTCATTTC-1	T	7
CCTATTAGTTCCATCC-1	T	3
CCTATTATCAAGAGAT-1	NK	18
CCTATTATCGTGGTAT-1	T	11
CCTATTATCTGATCTT-1	T	1
CCTATTATCTTCTCTC-1	T	16
CCTCCCTAGACTTCCA-1	T	7
CCTCCCTAGCCTCGCA-1	T	7
CCTCCCTAGCCTTTGA-1	NK	13
CCTCCCTAGCTACGCC-1	T	4
CCTCCCTAGCTGCTCG-1	T	12
CCTCCCTAGGAAGAAC-1	T	15
CCTCCCTAGGAGGCGA-1	T	4
CCTCCCTAGGAGTACC-1	T	8
CCTCCCTAGGATCCTT-1	T	9
CCTCCCTAGGTAGGAA-1	B	6
CCTCCCTAGTCTGTGT-1	T	19
CCTCCCTCAAATTGAG-1	T	3
CCTCCCTCAATGGCTT-1	Myeloid	2
CCTCCCTCACCCATCT-1	T	19
CCTCCCTCAGGATAGC-1	T	12
CCTCCCTCAGGCAGAT-1	T	16
CCTCCCTGTACGTAAA-1	T	17
CCTCCCTGTATGTCCA-1	T	4
CCTCCCTGTCAAGACG-1	T	4
CCTCCCTGTGGTACTT-1	T	9
CCTCCCTGTTTCTTAC-1	T	17
CCTCCCTGTTTGCATG-1	B	6
CCTCCCTTCAATTCCT-1	T	15
CCTCCCTTCACTTACT-1	T	16
CCTCCCTTCAGAACGG-1	NK	13
CCTCCCTTCCAGCACG-1	Myeloid	2
CCTCCCTTCGAGGTAG-1	B	6
CCTCCCTTCGATAGCT-1	T	19
CCTCCCTTCGGTCCGA-1	T	14
CCTCCCTTCGGTCGAC-1	NK	5
CCTCCCTTCTCTGAGA-1	T	7
CCTCCCTTCTTAGTGG-1	T	11
CCTGCTAAGAATCAGT-1	T	16
CCTGCTAAGACCCATT-1	Myeloid	2
CCTGCTAAGAGATTAC-1	T	17
CCTGCTAAGAGCGAAA-1	B	6
CCTGCTAAGCCTGTAT-1	T	14
CCTGCTAAGCGCATTT-1	T	17
CCTGCTAAGCTACGCC-1	T	17
CCTGCTAAGTACCCAT-1	NK	13
CCTGCTAAGTCTCTAG-1	T	7
CCTGCTACAAAGACGC-1	Myeloid	2
CCTGCTACAAAGGAAG-1	B	6
CCTGCTACAACTAGAA-1	T	7
CCTGCTACAGAGAGAA-1	NK	18
CCTGCTACAGATAAGT-1	NK	13
CCTGCTACATCGGCTG-1	T	4
CCTGCTACATTCCCGT-1	T	4
CCTGCTAGTTTCCGGG-1	T	9
CCTGCTAGTTTCGTTT-1	T	15
CCTGCTATCAAATGGA-1	T	1
CCTGCTATCAACGTGT-1	T	7
CCTGCTATCACTAGCA-1	T	3
CCTGCTATCACTCGGG-1	Myeloid	2
CCTGCTATCATCGCTC-1	Myeloid	2
CCTGCTATCCGTACGG-1	T	3
CCTGCTATCCTAAAGC-1	T	11
CCTGCTATCTATCCTA-1	T	9
CCTGCTATCTTCTCTC-1	NK	13
CCTGGGAAGAGATTAC-1	T	11
CCTGGGAAGATGCGCA-1	T	4
CCTGGGAAGCTGAATA-1	T	19
CCTGGGAAGGAACCGT-1	T	12
CCTGGGAAGGAGTCTG-1	NK	5
CCTGGGAAGGCAATTA-1	T	15
CCTGGGAAGGCAGTGT-1	T	17
CCTGGGAAGGTGAACC-1	T	9
CCTGGGAAGTATACCC-1	T	3
CCTGGGAAGTCGACCC-1	T	16
CCTGGGAAGTTCTCCC-1	T	16
CCTGGGACAACGTCCG-1	B	6
CCTGGGACAAGCCTTA-1	T	7
CCTGGGACAATCATCG-1	Myeloid	2
CCTGGGACACACATGT-1	T	1
CCTGGGACACAGGTAG-1	T	15
CCTGGGACATCCGTAA-1	T	7
CCTGGGACATGTAGAA-1	T	11
CCTGGGAGTAGTACAA-1	T	3
CCTGGGAGTGCGCATC-1	T	7
CCTGGGAGTGTGTGCC-1	T	8
CCTGGGAGTTGGCTAT-1	B	6
CCTGGGATCCAAACCA-1	NK	18
CCTGGGATCCACTAGA-1	T	3
CCTGGGATCCATTGTT-1	T	16
CCTGGGATCGAACACT-1	T	19
CCTGGGATCGATAGGG-1	Myeloid	2
CCTGGGATCGCATAAC-1	Myeloid	2
CCTGGGATCGTGAACT-1	T	10
CCTGGGATCGTGGAAG-1	NK	18
CCTGGGATCTTACTCA-1	T	0
CCTGGGATCTTGTGCC-1	T	15
CCTTAATAGACAGCTG-1	T	3
CCTTAATAGACGAAAG-1	T	4
CCTTAATAGAGAGTTT-1	Myeloid	2
CCTTAATAGCGCACAA-1	T	4
CCTTAATAGCGTTAGG-1	T	8
CCTTAATAGCTGATTC-1	NK	18
CCTTAATAGGCAAGGG-1	T	9
CCTTAATAGTCGGGAT-1	NK	18
CCTTAATAGTGAAACT-1	T	16
CCTTAATCAAGAAACT-1	T	8
CCTTAATCAAGCAATA-1	T	4
CCTTAATCAAGGTTCT-1	T	3
CCTTAATCAATTGGCT-1	T	16
CCTTAATCACACATTG-1	T	9
CCTTAATCACGTTAGT-1	T	9
CCTTAATCAGTAACTC-1	T	1
CCTTAATCATATTGGC-1	T	9
CCTTAATCATCATCGA-1	T	3
CCTTAATCATCCCGGA-1	B	6
CCTTAATCATCTCACC-1	T	3
CCTTAATGTAGCTGTT-1	T	15
CCTTAATGTCAATCCA-1	T	9
CCTTAATGTCAGCAAG-1	Myeloid	2
CCTTAATGTCAGGTGA-1	Myeloid	2
CCTTAATGTCATAGCT-1	T	1
CCTTAATGTCATCAAC-1	NK	5
CCTTAATGTCCCGTGA-1	T	1
CCTTAATGTCGGCTGT-1	T	19
CCTTAATGTGCCCAGT-1	T	11
CCTTAATGTGTCCCAG-1	T	1
CCTTAATGTTCCATCC-1	T	12
CCTTAATGTTGCAGCC-1	T	9
CCTTAATTCATCGCCT-1	B	6
CCTTAATTCATTCATC-1	T	9
CCTTAATTCCATAACG-1	T	14
CCTTAATTCCGCCTAT-1	NK	18
CCTTAATTCGCAAGCC-1	T	14
CCTTAATTCGCACCTT-1	NK	13
CCTTAATTCGTCAACA-1	T	10
CCTTAATTCTCCAACC-1	T	14
CCTTAATTCTTAACGG-1	T	0
CCTTGCAAGAACTAAC-1	T	1
CCTTGCAAGAAGGGCG-1	T	9
CCTTGCAAGAGCAGCT-1	T	16
CCTTGCAAGATGGGAA-1	NK	13
CCTTGCAAGCTCGTTA-1	T	9
CCTTGCAAGTTCCAGT-1	T	14
CCTTGCACAATTAGGA-1	T	0
CCTTGCACACTCCCAT-1	T	16
CCTTGCACATCCCAAA-1	T	9
CCTTGCACATCGACCG-1	NK	13
CCTTGCACATTGAACC-1	T	7
CCTTGCAGTATCTCAG-1	T	10
CCTTGCAGTCCGCTTT-1	T	4
CCTTGCAGTCTGCGCA-1	T	19
CCTTGCAGTGATAGAT-1	B	6
CCTTGCAGTTACCACA-1	T	17
CCTTGCAGTTATGCAC-1	NK	5
CCTTGCATCACCCTTG-1	T	4
CCTTGCATCAGTGTGT-1	T	0
CCTTGCATCGGGAAAC-1	NK	18
CCTTGCATCTATACCT-1	T	0
CCTTGCATCTGTGTGA-1	T	3
CCTTGGTAGAAACGCC-1	Myeloid	2
CCTTGGTAGAAATACC-1	NK	18
CCTTGGTAGAAATTCG-1	T	4
CCTTGGTAGAGGTGGG-1	NK	18
CCTTGGTAGCAGGAGG-1	T	12
CCTTGGTAGCTCCATA-1	T	3
CCTTGGTAGCTGAGGT-1	T	0
CCTTGGTAGGAAACTT-1	T	3
CCTTGGTAGTGATTAG-1	T	16
CCTTGGTAGTGTCGGA-1	T	9
CCTTGGTAGTTATGAG-1	T	19
CCTTGGTCAACGTACT-1	T	7
CCTTGGTCAGGATGTG-1	NK	5
CCTTGGTCAGGGAGTT-1	NK	18
CCTTGGTCATAGCAGG-1	T	9
CCTTGGTCATAGCCAT-1	T	4
CCTTGGTCATAGCCGC-1	T	7
CCTTGGTCATTACTCT-1	T	15
CCTTGGTGTCACATTG-1	T	1
CCTTGGTGTCTTAGCA-1	T	15
CCTTGGTGTGATAGAT-1	NK	18
CCTTGGTGTGCGACCT-1	T	10
CCTTGGTGTGGAGTGT-1	T	1
CCTTGGTGTTACGGAG-1	T	4
CCTTGGTTCAAGAGAT-1	NK	18
CCTTGGTTCCCACGGA-1	T	4
CCTTGGTTCCGTTTCG-1	T	0
CCTTGGTTCGCTATAG-1	NK	13
CCTTGGTTCTGTGTCC-1	T	9
CCTTGGTTCTTAAGCG-1	T	3
CGAGTTAAGAAACGCC-1	T	8
CGAGTTAAGATGGGAA-1	NK	18
CGAGTTAAGCAACTGG-1	Myeloid	2
CGAGTTAAGCCTATAC-1	T	7
CGAGTTAAGTAGGTCG-1	T	12
CGAGTTAAGTCCCTCT-1	T	15
CGAGTTAAGTCGTGAG-1	T	16
CGAGTTAAGTGAAGGA-1	B	6
CGAGTTAAGTGTCGGA-1	NK	13
CGAGTTAAGTTCAAGA-1	T	8
CGAGTTAAGTTCCAGT-1	T	7
CGAGTTAAGTTGTCCA-1	NK	18
CGAGTTACAAACTACC-1	Myeloid	2
CGAGTTACAAGCAATA-1	T	16
CGAGTTACAAGCAGGT-1	T	15
CGAGTTACAAGCCAGA-1	T	15
CGAGTTACACTGATAC-1	T	16
CGAGTTACAGGCACAA-1	T	1
CGAGTTACAGTTGGAG-1	T	8
CGAGTTACATCGGCCA-1	T	7
CGAGTTACATGGCCCA-1	Myeloid	2
CGAGTTAGTACTATGC-1	T	3
CGAGTTAGTAGGGTTG-1	T	1
CGAGTTAGTATTCTGG-1	T	17
CGAGTTAGTCACCCGA-1	T	0
CGAGTTAGTCAGACGA-1	T	11
CGAGTTAGTCCAACCG-1	T	16
CGAGTTAGTCTGAGCC-1	NK	18
CGAGTTAGTGAGGTCA-1	T	8
CGAGTTAGTGCGTCCA-1	T	4
CGAGTTAGTTCTTATC-1	T	12
CGAGTTATCATCGCCT-1	T	7
CGAGTTATCCAACGCG-1	T	16
CGAGTTATCCCATAGA-1	T	3
CGAGTTATCCGCTCTA-1	T	11
CGAGTTATCCTGGGAC-1	T	16
CGAGTTATCGCAACTA-1	T	11
CGAGTTATCGCATAAC-1	T	14
CGAGTTATCGTATAGC-1	T	15
CGAGTTATCTACTTTG-1	T	1
CGAGTTATCTGCTACC-1	NK	13
CGAGTTATCTTATCAC-1	Myeloid	2
CGATGATAGAAATTCG-1	T	16
CGATGATAGCTAGTTC-1	T	14
CGATGATAGTACGACG-1	NK	18
CGATGATAGTCGCCTG-1	T	9
CGATGATAGTGATATG-1	B	6
CGATGATAGTGCCCTG-1	T	7
CGATGATAGTTAGCGG-1	T	0
CGATGATCAAACGTTC-1	T	1
CGATGATCAAAGCTGG-1	T	16
CGATGATCAACTCGTA-1	T	9
CGATGATCAAGGCTTT-1	T	8
CGATGATCACAGGTAG-1	T	15
CGATGATCAGAATGCG-1	T	16
CGATGATCAGGACCTC-1	T	7
CGATGATCATCAGCTA-1	T	7
CGATGATCATTCTTTG-1	T	14
CGATGATCATTTAGGC-1	NK	18
CGATGATGTACTATGC-1	NK	13
CGATGATGTCCTTCAC-1	T	1
CGATGATTCAGGCGCT-1	T	7
CGATGATTCCATATCT-1	T	8
CGATGATTCCCACTAC-1	T	9
CGATGATTCCCGTAGG-1	T	11
CGATGATTCGATAGGG-1	NK	13
CGATGATTCGCTGATA-1	T	4
CGATGATTCGGTACTA-1	T	4
CGATGATTCGTCTAGA-1	NK	13
CGATGATTCGTTGTTT-1	T	19
CGATGATTCTCTATCA-1	T	0
CGCAATAAGACAGCTG-1	T	0
CGCAATAAGATTGACA-1	T	4
CGCAATAAGCTGAAAT-1	T	0
CGCAATAAGCTGATTC-1	T	9
CGCAATAAGGAGTACC-1	T	15
CGCAATAAGTAGGTCG-1	T	3
CGCAATAAGTCGATAA-1	T	16
CGCAATAAGTTCAGGG-1	Myeloid	2
CGCAATACAATGAAAC-1	T	14
CGCAATACAATGTAAG-1	NK	13
CGCAATACATCACAGT-1	T	1
CGCAATACATCATAGC-1	B	6
CGCAATACATCCCAAA-1	T	7
CGCAATACATGGTATC-1	T	10
CGCAATACATTGTTCT-1	T	17
CGCAATAGTACGAGAC-1	NK	5
CGCAATAGTAGAAGCC-1	T	3
CGCAATAGTCCTCAGG-1	T	8
CGCAATAGTGGTTCTA-1	NK	13
CGCAATAGTTACCCAA-1	T	11
CGCAATAGTTATCGAC-1	T	16
CGCAATATCACTAGCA-1	T	15
CGCAATATCAGAACGG-1	T	9
CGCAATATCAGGCCGT-1	T	9
CGCAATATCAGGTTTG-1	T	10
CGCAATATCAGTCTTT-1	T	14
CGCAATATCCATATCT-1	T	11
CGCAATATCCATCTAT-1	T	0
CGCAATATCCGAATTG-1	T	11
CGCAATATCCTCAAGA-1	T	14
CGCAATATCCTTGACC-1	T	7
CGCAATATCGGGAATG-1	T	11
CGCAATATCTGGCTAA-1	T	17
CGCAATATCTTGTACT-1	B	6
CGCACAGAGACTAGCG-1	T	0
CGCACAGAGAGCACTG-1	Myeloid	2
CGCACAGAGATGCGAC-1	T	3
CGCACAGAGATGTTGA-1	T	19
CGCACAGAGTACGACG-1	NK	18
CGCACAGAGTTCCAGT-1	NK	18
CGCACAGCAAACAGTA-1	T	9
CGCACAGCAAGGGTAC-1	NK	18
CGCACAGCACGAACGA-1	T	8
CGCACAGCACGCGTTG-1	T	17
CGCACAGCACTTACAG-1	Myeloid	2
CGCACAGCAGGTGTCC-1	T	7
CGCACAGCATCGCTAA-1	T	8
CGCACAGCATCGTGAT-1	T	15
CGCACAGGTATGTTCG-1	NK	18
CGCACAGGTCGAGAAC-1	T	0
CGCACAGGTCTGGATT-1	T	4
CGCACAGGTGCTGTGC-1	T	4
CGCACAGGTTACCCAA-1	T	12
CGCACAGGTTCAGTTG-1	T	3
CGCACAGGTTCTACGA-1	T	4
CGCACAGGTTGTCGGC-1	T	17
CGCACAGGTTTAAGGA-1	T	8
CGCACAGTCAAGGCCC-1	T	11
CGCACAGTCACATCCC-1	T	9
CGCACAGTCACTCGGG-1	T	4
CGCACAGTCAGGTTTG-1	Myeloid	2
CGCACAGTCAGTGTGT-1	T	11
CGCACAGTCATGAACC-1	T	1
CGCACAGTCCACTAGA-1	T	19
CGCACAGTCCGTCAAA-1	Myeloid	2
CGCACAGTCCTCCATG-1	T	4
CGCACAGTCGATAGGG-1	T	16
CGCACAGTCGCTTCAC-1	T	17
CGCACAGTCTAAACGC-1	Myeloid	2
CGCACAGTCTTTCGAT-1	T	0
CGCAGGTAGAATATCG-1	T	14
CGCAGGTAGAGCTGTG-1	T	3
CGCAGGTAGCAACTGG-1	T	3
CGCAGGTAGCCATGGA-1	NK	13
CGCAGGTAGCTCGTTA-1	T	4
CGCAGGTAGCTGCTCG-1	T	12
CGCAGGTAGTCAGGAC-1	Myeloid	2
CGCAGGTCATATAGAG-1	Myeloid	2
CGCAGGTCATGGAGGT-1	T	15
CGCAGGTCATTGATGC-1	T	4
CGCAGGTCATTGTTCT-1	NK	18
CGCAGGTGTCATCGTA-1	T	16
CGCAGGTGTCCAAGAG-1	NK	5
CGCAGGTGTCTGGGAA-1	Myeloid	2
CGCAGGTGTGCAACAG-1	T	7
CGCAGGTGTGCAAGAC-1	T	3
CGCAGGTGTTCCAATG-1	T	1
CGCAGGTGTTCCGGCA-1	NK	18
CGCAGGTTCACAACAC-1	NK	13
CGCAGGTTCAGGAAGC-1	B	6
CGCAGGTTCATCGCCT-1	T	10
CGCAGGTTCCAGTACA-1	T	8
CGCAGGTTCGACTGGC-1	T	12
CGCAGGTTCGTGCTTC-1	T	9
CGCAGGTTCTGAGTCA-1	T	14
CGCAGGTTCTGGCACG-1	T	15
CGCAGGTTCTGTCGGG-1	T	12
CGCAGGTTCTTTCGAT-1	T	12
CGCGCAAAGACAGTGC-1	T	16
CGCGCAAAGACTAGCG-1	T	11
CGCGCAAAGATATGAC-1	T	3
CGCGCAAAGCATTCCA-1	T	7
CGCGCAAAGCGTATCT-1	T	16
CGCGCAAAGTGAGCAC-1	T	11
CGCGCAAAGTTCTCCC-1	T	1
CGCGCAACAAACGACG-1	T	19
CGCGCAACAAGAGATT-1	T	7
CGCGCAACACAAGGGT-1	T	3
CGCGCAACACAGCCAC-1	T	7
CGCGCAACACTGTCGG-1	T	11
CGCGCAACAGGTTATC-1	T	9
CGCGCAACATAGCAGG-1	NK	18
CGCGCAACATCCCTCA-1	T	19
CGCGCAACATCGAGTT-1	T	11
CGCGCAACATGCCCTT-1	T	12
CGCGCAACATGGCCGT-1	T	12
CGCGCAAGTAAAGCTA-1	T	7
CGCGCAAGTACCCACG-1	T	0
CGCGCAAGTGCAACAG-1	T	8
CGCGCAAGTGGGTAGT-1	T	9
CGCGCAAGTTACGGAG-1	T	17
CGCGCAAGTTCCAGTA-1	T	3
CGCGCAAGTTCTACCC-1	T	14
CGCGCAAGTTGAATAG-1	B	6
CGCGCAAGTTTCGATG-1	B	6
CGCGCAATCACTTACT-1	T	14
CGCGCAATCCAGGTCG-1	T	12
CGCGCAATCCGGACTG-1	B	6
CGCGCAATCGGCTATA-1	B	6
CGCGCAATCTCGACCT-1	T	9
CGCTAGGAGCATGATA-1	T	14
CGCTAGGAGCGTTGCC-1	T	14
CGCTAGGAGGATATCA-1	T	8
CGCTAGGAGGCACCTC-1	T	0
CGCTAGGAGGTGTCGA-1	T	10
CGCTAGGCACAATAAG-1	T	11
CGCTAGGCACACTAGT-1	T	10
CGCTAGGCACTGTCAA-1	T	7
CGCTAGGCATGACTGT-1	T	4
CGCTAGGCATGATCGT-1	T	12
CGCTAGGCATGCACTA-1	T	9
CGCTAGGGTACGCCCA-1	T	8
CGCTAGGGTACTTCAG-1	T	19
CGCTAGGGTACTTCGA-1	T	15
CGCTAGGGTCCAACCG-1	T	11
CGCTAGGGTCGTAGTT-1	T	0
CGCTAGGGTGACGCAA-1	B	6
CGCTAGGGTGGAAGCT-1	Myeloid	2
CGCTAGGGTGTCTACA-1	T	7
CGCTAGGGTTTCCACC-1	B	6
CGCTAGGTCATTCATC-1	T	4
CGCTAGGTCCGGACTG-1	T	9
CGCTAGGTCCGTGCGA-1	NK	18
CGCTAGGTCCTAAAGC-1	T	4
CGCTAGGTCGACTTAG-1	NK	13
CGCTAGGTCGGGACAA-1	T	4
CGCTAGGTCGGGATCC-1	T	9
CGCTAGGTCGTGCTTC-1	T	12
CGCTAGGTCTATCCTA-1	T	10
CGCTAGGTCTCCTTAA-1	T	8
CGCTAGGTCTCCTTGG-1	NK	13
CGCTAGGTCTCTGTTA-1	T	19
CGCTAGGTCTCTTCTC-1	B	6
CGCTAGGTCTGGGCGT-1	T	12
CGCTAGGTCTTCCACG-1	T	1
CGCTAGGTCTTGTGCC-1	B	6
CGCTATCAGAACTCCT-1	T	7
CGCTATCAGACTTCCA-1	T	3
CGCTATCAGATCTCAC-1	T	8
CGCTATCAGCAGAATT-1	NK	13
CGCTATCAGCATGTGG-1	T	4
CGCTATCAGCTAACAA-1	T	7
CGCTATCAGGAGTCTG-1	T	12
CGCTATCAGGTGTTGG-1	T	12
CGCTATCAGTAACTCC-1	T	12
CGCTATCAGTACGACG-1	T	9
CGCTATCAGTATACCC-1	T	17
CGCTATCCAAACGTTC-1	T	12
CGCTATCCAAAGGTCG-1	T	7
CGCTATCCAAATGCTC-1	T	12
CGCTATCCAACAAACA-1	T	16
CGCTATCCACGTTACA-1	Myeloid	2
CGCTATCCACTGATTG-1	T	8
CGCTATCCAGATTTGC-1	T	7
CGCTATCCAGCACATT-1	T	9
CGCTATCCAGGGTAAC-1	T	4
CGCTATCCAGGTAACG-1	NK	18
CGCTATCCATGACTGT-1	T	9
CGCTATCGTATGTTCG-1	T	16
CGCTATCGTGGTGGTA-1	T	0
CGCTATCGTTAGGCTT-1	T	4
CGCTATCGTTGGCTAT-1	T	16
CGCTATCGTTTGTGAC-1	T	4
CGCTATCTCAGCACTA-1	T	9
CGCTATCTCCCAGCAG-1	NK	13
CGCTATCTCCGTTAGA-1	T	7
CGCTATCTCCTAAAGC-1	T	11
CGCTATCTCCTGTGGG-1	T	8
CGCTATCTCGACTTAG-1	T	17
CGCTATCTCGATGCAT-1	T	1
CGCTATCTCGGATGTT-1	NK	13
CGCTGGAAGAAATGGG-1	NK	13
CGCTGGAAGAACTCCT-1	B	6
CGCTGGAAGACCCATT-1	NK	13
CGCTGGAAGCAATAAC-1	T	10
CGCTGGAAGCTGCCAC-1	B	6
CGCTGGAAGGATTAAC-1	T	17
CGCTGGAAGGCAAGCT-1	NK	13
CGCTGGAAGGCCAGTA-1	NK	13
CGCTGGAAGTGATATG-1	T	9
CGCTGGAAGTGTTCCA-1	NK	18
CGCTGGACAAACCTAC-1	T	7
CGCTGGACAACATAAG-1	T	19
CGCTGGACAAGGATGC-1	T	3
CGCTGGACACGAACGA-1	T	7
CGCTGGACACGTTGTA-1	T	10
CGCTGGACAGCGTAGA-1	B	6
CGCTGGACAGCTTACA-1	T	8
CGCTGGACAGTAAGCG-1	T	17
CGCTGGACATCGGCTG-1	T	10
CGCTGGACATGGATGG-1	T	17
CGCTGGACATTACTTC-1	T	8
CGCTGGAGTAGTACAA-1	NK	5
CGCTGGAGTCACCCGA-1	T	1
CGCTGGAGTCAGCTTA-1	T	12
CGCTGGAGTCGCTACG-1	NK	13
CGCTGGAGTCTGATTG-1	T	9
CGCTGGAGTCTGGTTA-1	T	1
CGCTGGAGTGAGCTAG-1	NK	13
CGCTGGAGTGAGGGTT-1	T	19
CGCTGGAGTGAGTAAT-1	T	4
CGCTGGAGTGCATCAT-1	Myeloid	2
CGCTGGAGTGCCCAGT-1	T	9
CGCTGGAGTGCGTAGA-1	T	17
CGCTGGAGTGGACGAT-1	T	0
CGCTGGAGTGGAGTGT-1	Myeloid	2
CGCTGGAGTGTGCTTA-1	NK	18
CGCTGGAGTTCCATCC-1	T	0
CGCTGGAGTTTCACCC-1	T	3
CGCTGGAGTTTGTAGC-1	NK	18
CGCTGGATCACTCCCA-1	T	7
CGCTGGATCAGGCCGT-1	T	19
CGCTGGATCCGAGAGA-1	T	15
CGCTGGATCCTAGAGT-1	NK	13
CGCTGGATCGGTTGTA-1	B	6
CGCTGGATCGTCCCAT-1	T	19
CGCTGGATCTGGAAGG-1	Myeloid	2
CGCTGGATCTGGCTAA-1	NK	13
CGCTGGATCTGGTACA-1	T	9
CGGACCAAGATGGCAC-1	T	4
CGGACCAAGCAGAGCT-1	T	1
CGGACCAAGCAGTAGC-1	NK	5
CGGACCAAGGATCCTT-1	T	1
CGGACCAAGTCCGTGC-1	T	0
CGGACCAAGTCGTGAG-1	T	14
CGGACCACAACTCGTA-1	T	9
CGGACCACAAGGTCGA-1	T	7
CGGACCACAAGTGGCA-1	T	19
CGGACCACAATGTAAG-1	NK	18
CGGACCACACAAACGG-1	Myeloid	2
CGGACCACACAATAAG-1	T	14
CGGACCACACGGTTAT-1	T	4
CGGACCACAGATTTGC-1	T	14
CGGACCACAGGTAGCA-1	T	14
CGGACCACATACTGCA-1	T	7
CGGACCACATCGAGTT-1	NK	13
CGGACCACATTTGGTG-1	T	4
CGGACCAGTAACCCAT-1	T	9
CGGACCAGTCCTCAGG-1	B	6
CGGACCAGTGGTAAGC-1	T	12
CGGACCAGTGGTTCTA-1	T	9
CGGACCAGTTGGAGGT-1	T	8
CGGACCATCACTGATG-1	T	9
CGGACCATCCAACGCG-1	B	6
CGGACCATCCTTTGCG-1	T	0
CGGACCATCGATGCAT-1	T	1
CGGACCATCGCCACTT-1	T	4
CGGACCATCTCGACAA-1	T	19
CGGACCATCTCGCGTT-1	NK	18
CGGACTGAGAAAGCAG-1	B	6
CGGACTGAGAAGCCGT-1	T	14
CGGACTGAGAGGCAGG-1	T	15
CGGACTGAGCAATGTA-1	T	4
CGGACTGAGCACGTAG-1	T	10
CGGACTGAGCCCATGC-1	T	12
CGGACTGAGCCTGTAT-1	T	19
CGGACTGAGGATTAAC-1	T	7
CGGACTGAGGGAAATG-1	T	14
CGGACTGAGGTACACG-1	T	1
CGGACTGAGTAGTCGG-1	NK	13
CGGACTGAGTTATGAG-1	B	6
CGGACTGCAAAGCTGG-1	T	0
CGGACTGCAAGCAGGT-1	NK	18
CGGACTGCACAGGAAC-1	T	0
CGGACTGCACCAAGGA-1	T	7
CGGACTGCACCGAATT-1	T	15
CGGACTGCACTCAAGT-1	T	16
CGGACTGCAGCAGGTA-1	T	3
CGGACTGCAGGTGTCC-1	T	7
CGGACTGCAGTGCGAA-1	NK	18
CGGACTGCATGACTGT-1	T	9
CGGACTGCATGGATGG-1	T	9
CGGACTGGTAAACGAT-1	T	9
CGGACTGGTAAACGTA-1	T	7
CGGACTGGTACCTATG-1	T	3
CGGACTGGTCAAATCC-1	T	9
CGGACTGGTCATAAGA-1	T	17
CGGACTGGTGCAAAGC-1	T	19
CGGACTGGTGTCCTTC-1	Myeloid	2
CGGACTGGTTAACTCG-1	T	14
CGGACTGGTTACGAAA-1	NK	13
CGGACTGGTTGTATCG-1	T	12
CGGACTGTCAGAGTGG-1	T	8
CGGACTGTCCATAGGT-1	T	7
CGGACTGTCCCACTTG-1	T	7
CGGACTGTCCTTCGAC-1	T	19
CGGACTGTCGAGAACG-1	T	17
CGGACTGTCGCACCGA-1	T	9
CGGACTGTCGTCCCTA-1	T	11
CGGACTGTCTGACTTT-1	T	8
CGGACTGTCTGAGTAC-1	T	4
CGGACTGTCTGTTGCC-1	NK	18
CGGTGCAAGAATCAGT-1	T	15
CGGTGCAAGAGGCGGA-1	T	14
CGGTGCAAGATGCGCA-1	B	6
CGGTGCAAGCCATGGA-1	T	12
CGGTGCAAGCGATACG-1	NK	18
CGGTGCAAGGCAGTGT-1	NK	13
CGGTGCAAGGTGATGC-1	T	8
CGGTGCAAGTACTCTG-1	NK	18
CGGTGCAAGTAGCAAT-1	NK	13
CGGTGCAAGTCCGATT-1	T	10
CGGTGCAAGTGAAGGA-1	NK	13
CGGTGCAAGTTATGAG-1	T	16
CGGTGCACAAGACTAA-1	NK	13
CGGTGCACAAGTGGCA-1	T	11
CGGTGCACAAGTTCGT-1	T	8
CGGTGCACAATAGTGA-1	NK	5
CGGTGCACACAAGGGT-1	T	17
CGGTGCACACATAAAG-1	T	11
CGGTGCACACGAACGA-1	T	0
CGGTGCACACGGCCAT-1	T	3
CGGTGCACAGGGCTTC-1	T	3
CGGTGCACAGTATCTG-1	T	12
CGGTGCACAGTGCTCG-1	Myeloid	2
CGGTGCACATAGATAG-1	T	7
CGGTGCACATGATTGC-1	T	7
CGGTGCACATGCGACC-1	T	0
CGGTGCACATTGCACA-1	T	0
CGGTGCAGTAATGTGA-1	Myeloid	2
CGGTGCAGTCAATACC-1	T	0
CGGTGCAGTCGATTAC-1	T	15
CGGTGCAGTCTGTCCT-1	NK	18
CGGTGCAGTGTCGTCG-1	T	12
CGGTGCAGTGTGACCC-1	T	1
CGGTGCAGTGTTGGTT-1	NK	18
CGGTGCAGTTCAGTAC-1	T	12
CGGTGCAGTTTCACCC-1	T	15
CGGTGCAGTTTCGTTT-1	T	1
CGGTGCATCATGAACC-1	T	19
CGGTGCATCATGCTTT-1	T	4
CGGTGCATCCTCAAGA-1	T	9
CGGTGCATCTAAACGC-1	T	14
CGGTGCATCTATTTCG-1	Myeloid	2
CGGTGCATCTCTTCTC-1	T	7
CGTAAACAGAAGGGCG-1	T	14
CGTAAACAGAGCTCCC-1	T	7
CGTAAACAGGTACACG-1	T	14
CGTAAACAGGTGTCGA-1	T	17
CGTAAACAGTCCCTCT-1	NK	13
CGTAAACCAAGAAACT-1	T	19
CGTAAACCAAGGACCA-1	T	16
CGTAAACCAAGGGAGG-1	T	0
CGTAAACCACCATTCC-1	T	7
CGTAAACCAGAGATGC-1	T	4
CGTAAACCAGCAACAG-1	NK	5
CGTAAACCAGGCTACC-1	T	7
CGTAAACCAGTATACC-1	T	9
CGTAAACCATGGCCCA-1	T	9
CGTAAACGTACAACGG-1	T	10
CGTAAACGTAGACACG-1	T	16
CGTAAACGTAGTTTGC-1	T	7
CGTAAACGTATCCTTT-1	T	3
CGTAAACGTCATCGTA-1	T	0
CGTAAACGTGCTTGAT-1	T	10
CGTAAACGTGGACCAA-1	T	8
CGTAAACGTGGACTGA-1	T	14
CGTAAACGTTCTACCC-1	T	0
CGTAAACGTTGGCTTA-1	Myeloid	2
CGTAAACTCACCACAA-1	T	9
CGTAAACTCCCGATTC-1	T	16
CGTAAACTCCGATGCG-1	Myeloid	2
CGTAAACTCCGTACGG-1	T	11
CGTAAACTCCTTTGAT-1	T	4
CGTAAACTCGCAAACT-1	T	7
CGTAAACTCTACCCGT-1	T	3
CGTAAACTCTCTATTG-1	NK	13
CGTAAACTCTGGCTAA-1	T	16
CGTAAACTCTTTCGAT-1	T	14
CGTACAAAGAAATCTG-1	T	4
CGTACAAAGACGCCCT-1	Myeloid	2
CGTACAAAGCGCAATG-1	T	17
CGTACAAAGGAGAACA-1	NK	13
CGTACAAAGGTCCTCG-1	T	3
CGTACAAAGTAGTTCC-1	NK	13
CGTACAACACCGTTGG-1	NK	5
CGTACAACAGCAGGTA-1	T	11
CGTACAACAGTAACCT-1	T	19
CGTACAACATTACCTT-1	T	14
CGTACAACATTTGGTG-1	T	9
CGTACAACATTTGTTC-1	T	12
CGTACAAGTAAACGGC-1	T	4
CGTACAAGTACAAGCG-1	T	1
CGTACAAGTACTAGAA-1	NK	5
CGTACAAGTGAGTAAT-1	T	3
CGTACAAGTGGACGAT-1	T	15
CGTACAAGTGTCCAGC-1	T	7
CGTACAAGTGTCTACA-1	T	14
CGTACAATCAAGTTGC-1	T	3
CGTACAATCAGTCTTT-1	T	19
CGTACAATCATCGCCT-1	T	9
CGTACAATCCGTGCGA-1	T	0
CGTACAATCGACGGAA-1	T	4
CGTACAATCGACTGGC-1	T	3
CGTACAATCGCAAGCC-1	T	14
CGTACAATCTAGCTGA-1	T	12
CGTACAATCTATGAGC-1	NK	13
CGTACAATCTCATATC-1	NK	13
CGTGGCAAGAAATGGG-1	NK	5
CGTGGCAAGAACCCGA-1	T	11
CGTGGCAAGACGAAAG-1	T	17
CGTGGCAAGAGGTACC-1	T	0
CGTGGCAAGAGTCCGA-1	T	9
CGTGGCAAGATGTTGA-1	T	16
CGTGGCAAGGTACTCT-1	T	16
CGTGGCAAGTATCTGC-1	T	9
CGTGGCAAGTCATCTG-1	NK	13
CGTGGCAAGTCGAAAT-1	T	4
CGTGGCACAAAGCTTC-1	T	3
CGTGGCACAAGCGTCC-1	T	10
CGTGGCACAAGTAATG-1	NK	18
CGTGGCACACTTACAG-1	T	3
CGTGGCACAGCAACGA-1	T	16
CGTGGCACAGGTGGTA-1	T	8
CGTGGCACAGTAACCT-1	T	17
CGTGGCACAGTTGGAG-1	T	7
CGTGGCACATCTCACC-1	T	15
CGTGGCACATGGTATC-1	T	9
CGTGGCAGTATTTGCG-1	T	12
CGTGGCAGTGCTGGCT-1	T	14
CGTGGCAGTGGTAAGC-1	T	8
CGTGGCAGTGTTAGAA-1	T	3
CGTGGCATCAATCGTG-1	T	3
CGTGGCATCACAGGGA-1	T	16
CGTGGCATCACTAGCA-1	Myeloid	2
CGTGGCATCCCAATAG-1	T	17
CGTGGCATCGGAGTTT-1	T	1
CGTGGCATCGGTTAGT-1	B	6
CGTGGCATCTTACGGA-1	T	12
CGTTCCAAGATAGGTT-1	T	1
CGTTCCAAGCCCATGC-1	Myeloid	2
CGTTCCAAGCGAGCTA-1	T	9
CGTTCCAAGCTACGTT-1	Myeloid	2
CGTTCCAAGTCACGCC-1	T	10
CGTTCCAAGTCCCGCA-1	T	7
CGTTCCAAGTTCGTTG-1	T	14
CGTTCCACAAGTTCGT-1	T	10
CGTTCCACAATCACTG-1	T	4
CGTTCCACACGCTAAT-1	T	0
CGTTCCACAGGATAGC-1	T	16
CGTTCCACAGGGTACA-1	NK	5
CGTTCCACAGGTGGTA-1	Myeloid	2
CGTTCCACAGGTTATC-1	T	17
CGTTCCACATAGAATG-1	T	16
CGTTCCACATATACGC-1	T	19
CGTTCCACATCGTACA-1	T	16
CGTTCCACATGATCGT-1	Myeloid	2
CGTTCCACATGGCCCA-1	T	7
CGTTCCAGTAACACTC-1	T	15
CGTTCCAGTAGCGTTT-1	T	16
CGTTCCAGTCAATACC-1	T	0
CGTTCCAGTCAGTGTT-1	T	1
CGTTCCAGTCATCAAC-1	T	3
CGTTCCAGTGATTCCA-1	T	3
CGTTCCAGTTGTCGGC-1	T	16
CGTTCCAGTTTAGAAG-1	T	9
CGTTCCAGTTTGCATG-1	T	0
CGTTCCATCAAGGCAG-1	T	1
CGTTCCATCATCGCTC-1	T	1
CGTTCCATCCATAGGT-1	T	17
CGTTCCATCCCAATAG-1	T	17
CGTTCCATCCCGGGTA-1	T	4
CGTTCCATCGATAGGG-1	T	14
CGTTCCATCGCCTTAC-1	T	9
CGTTCCATCGCTATTT-1	T	9
CGTTCCATCGGGATCC-1	NK	13
CGTTCCATCGGTCAGC-1	T	4
CGTTCCATCGTAGCGC-1	T	14
CGTTCCATCGTCTTAT-1	NK	13
CTAACTTAGAACGTTA-1	T	14
CTAACTTAGACACGGT-1	T	16
CTAACTTAGACTCTTG-1	T	0
CTAACTTAGAGCAGCT-1	NK	13
CTAACTTAGATCGAGC-1	T	16
CTAACTTAGCAATAAC-1	NK	18
CTAACTTAGCGATACG-1	T	11
CTAACTTAGGATCCTT-1	T	9
CTAACTTAGGGAGTTC-1	T	12
CTAACTTAGGTGAACC-1	T	19
CTAACTTAGTACAGTA-1	NK	18
CTAACTTAGTATACCC-1	T	14
CTAACTTAGTATGGGC-1	T	12
CTAACTTCAACAACTC-1	T	19
CTAACTTCAAGAGCGT-1	T	14
CTAACTTCAAGCCCTG-1	T	4
CTAACTTCACCGTTGG-1	NK	5
CTAACTTCAGCGTCGT-1	B	6
CTAACTTCATTGTGAC-1	T	1
CTAACTTGTAAGGTCG-1	Myeloid	2
CTAACTTGTATATGGA-1	T	9
CTAACTTGTATTCTTC-1	T	14
CTAACTTGTCCCGAGT-1	T	16
CTAACTTGTGGCATAG-1	B	6
CTAACTTGTTCAGAAA-1	T	14
CTAACTTGTTCTTATC-1	T	10
CTAACTTTCACGTCAA-1	T	4
CTAACTTTCAGATACC-1	T	11
CTAACTTTCCACGCTT-1	T	0
CTAACTTTCCAGGTAT-1	T	11
CTAACTTTCCATCGAA-1	NK	13
CTAACTTTCGCAAACT-1	T	1
CTAACTTTCGCGATGC-1	Myeloid	2
CTAACTTTCGCGCTGA-1	T	19
CTAACTTTCTAGCAGT-1	T	12
CTAACTTTCTCGTGAA-1	T	12
CTAACTTTCTGAGTAC-1	T	16
CTAACTTTCTTCCAGC-1	NK	13
CTACAGAAGACGAAAG-1	NK	5
CTACAGAAGAGGAACA-1	T	16
CTACAGAAGGCGATTG-1	Myeloid	2
CTACAGAAGGTTCGTT-1	T	16
CTACAGAAGGTTGACG-1	T	15
CTACAGAAGTCTCCAA-1	T	7
CTACAGAAGTTGCTTG-1	T	17
CTACAGACAAACCTAC-1	Myeloid	2
CTACAGACAAACGACG-1	T	8
CTACAGACAACGGACA-1	T	7
CTACAGACAAGGCGTA-1	T	16
CTACAGACAAGGTCGA-1	T	8
CTACAGACAGAGATGC-1	T	14
CTACAGACAGCTATAC-1	Myeloid	2
CTACAGACATGTGGGA-1	NK	13
CTACAGAGTAACGTAA-1	B	6
CTACAGAGTACCCACG-1	T	3
CTACAGAGTAGGGTTG-1	NK	18
CTACAGAGTCACCCGA-1	T	7
CTACAGAGTGCGCTCA-1	T	14
CTACAGATCAAATGGA-1	T	10
CTACAGATCAGAGTGG-1	T	19
CTACAGATCCTCTCTT-1	T	14
CTACAGATCGACTGGC-1	T	17
CTACAGATCGCACAAT-1	T	0
CTACAGATCGTGCTTC-1	B	6
CTACAGATCTCCTTGG-1	T	17
CTACTTAAGACCTATC-1	T	16
CTACTTAAGAGTTTGA-1	Myeloid	2
CTACTTAAGCAATGTA-1	T	15
CTACTTAAGCTAGCAG-1	T	19
CTACTTAAGGAGTCTG-1	T	16
CTACTTAAGGCAATTA-1	T	15
CTACTTAAGGCGCTTC-1	T	16
CTACTTAAGGCTTCGC-1	T	12
CTACTTAAGGGTGTTG-1	T	15
CTACTTAAGTACTCTG-1	T	15
CTACTTAAGTCCCGCA-1	NK	5
CTACTTAAGTGAACCG-1	T	3
CTACTTAAGTGGACGT-1	T	9
CTACTTACAACTCAAC-1	T	0
CTACTTACAACTTGGT-1	T	10
CTACTTACAATACTGC-1	T	1
CTACTTACACGTTAGT-1	T	3
CTACTTACACTGTAAC-1	T	1
CTACTTACAGAACAGC-1	T	3
CTACTTACAGCTGATT-1	T	15
CTACTTACAGGTCCTG-1	T	14
CTACTTAGTACAACGG-1	T	15
CTACTTAGTACGGATG-1	T	3
CTACTTAGTCGGCTGT-1	T	4
CTACTTAGTGTGACCC-1	NK	13
CTACTTAGTTACTACG-1	T	17
CTACTTATCCGAGAGA-1	T	11
CTACTTATCCTTACGC-1	Myeloid	2
CTACTTATCGATCTTT-1	T	14
CTACTTATCGTCCCTA-1	T	12
CTACTTATCGTGTGCG-1	NK	13
CTACTTATCTAGCAAC-1	T	17
CTACTTATCTCGACCT-1	NK	5
CTACTTATCTTAGTGG-1	T	10
CTACTTATCTTATCAC-1	T	4
CTAGCGGAGACTAATG-1	T	11
CTAGCGGAGATGAGGA-1	Myeloid	2
CTAGCGGAGCCATGGA-1	T	9
CTAGCGGAGCTCGGCT-1	T	8
CTAGCGGAGCTCGTTA-1	NK	13
CTAGCGGAGGCAATTA-1	B	6
CTAGCGGAGGTTGTGG-1	T	16
CTAGCGGCAACAAACA-1	T	1
CTAGCGGCAAGACTAA-1	T	16
CTAGCGGCAAGCACTT-1	T	3
CTAGCGGCAAGGAAGA-1	T	11
CTAGCGGCAATGAAAC-1	T	8
CTAGCGGCAGGTAACG-1	NK	13
CTAGCGGCATATTGGC-1	T	8
CTAGCGGCATCACAAC-1	T	9
CTAGCGGCATGTGGGA-1	T	0
CTAGCGGCATTGCGAT-1	NK	13
CTAGCGGGTACAAATG-1	T	9
CTAGCGGGTAGAAAGG-1	T	7
CTAGCGGGTCCTCAGG-1	B	6
CTAGCGGGTCGAGAAC-1	T	4
CTAGCGGGTGAAACAT-1	T	3
CTAGCGGGTGACGCAA-1	T	9
CTAGCGGGTGCATCAT-1	T	8
CTAGCGGGTGCCCAGT-1	T	7
CTAGCGGGTGCGCTCA-1	T	1
CTAGCGGGTGTGAGGT-1	T	14
CTAGCGGGTTGTCGGC-1	Myeloid	2
CTAGCGGTCAAACCAC-1	T	9
CTAGCGGTCCAGCACG-1	T	8
CTAGCGGTCTATCTAC-1	T	4
CTAGCGGTCTGTTGCC-1	T	7
CTAGCGGTCTTAAGCG-1	T	17
CTAGGATAGAAAGCAG-1	T	8
CTAGGATAGAGCACTG-1	T	1
CTAGGATAGAGGTCCA-1	T	8
CTAGGATAGAGTTTGA-1	T	9
CTAGGATAGATTAGAC-1	T	4
CTAGGATAGGCCTCTG-1	T	3
CTAGGATAGGGTATCG-1	T	16
CTAGGATAGGTTGTTC-1	T	17
CTAGGATAGTCGTATC-1	B	6
CTAGGATCAACATAAG-1	NK	13
CTAGGATCAAGGGTAC-1	Myeloid	2
CTAGGATCAATGTAAG-1	T	3
CTAGGATCACTGTCGG-1	T	8
CTAGGATCAGAGCCAA-1	T	1
CTAGGATCAGTAACCT-1	T	0
CTAGGATGTACTTCGA-1	T	14
CTAGGATGTATGAAGT-1	T	0
CTAGGATGTGAAACAT-1	NK	13
CTAGGATGTGAGCTAG-1	NK	13
CTAGGATGTGCCCGAT-1	T	16
CTAGGATGTGGACTGA-1	NK	18
CTAGGATGTGTCCCAG-1	T	12
CTAGGATGTTAGAGAT-1	Myeloid	2
CTAGGATGTTATGCAC-1	T	7
CTAGGATGTTCCAATG-1	T	14
CTAGGATGTTCCTATT-1	NK	13
CTAGGATGTTGCAGAG-1	T	0
CTAGGATTCAAACCCA-1	T	16
CTAGGATTCATTCTCA-1	T	8
CTAGGATTCCTGTGGG-1	T	11
CTAGGATTCGAGTTAC-1	NK	5
CTAGGATTCTTATCAC-1	T	16
CTAGGGCAGAACGACC-1	T	7
CTAGGGCAGACAGTGC-1	T	3
CTAGGGCAGGAGTCTG-1	T	1
CTAGGGCAGGGAGATA-1	T	0
CTAGGGCAGTCAACTC-1	T	15
CTAGGGCAGTTCAAGA-1	NK	18
CTAGGGCCAGTCAGCC-1	B	6
CTAGGGCCAGTGGTCC-1	T	0
CTAGGGCCATTAAGGA-1	T	17
CTAGGGCCATTATGGC-1	T	14
CTAGGGCGTAGAGAGA-1	T	3
CTAGGGCGTATTCACG-1	T	12
CTAGGGCGTCAGCAAG-1	T	8
CTAGGGCGTCCAGACC-1	NK	13
CTAGGGCGTCCGTAGC-1	Myeloid	2
CTAGGGCGTCCTTCAC-1	T	19
CTAGGGCGTCTCTGGG-1	NK	18
CTAGGGCGTGTGTGCC-1	B	6
CTAGGGCGTTCTTTCA-1	T	1
CTAGGGCGTTTAGACC-1	T	12
CTAGGGCTCAGAGTGG-1	Myeloid	2
CTAGGGCTCCAATAGC-1	NK	18
CTAGGGCTCCAGGCCA-1	T	11
CTAGGGCTCCATGACA-1	T	16
CTAGGGCTCCGTCAAA-1	NK	13
CTAGGGCTCCTCAAGA-1	T	15
CTAGGGCTCCTTTGAT-1	T	17
CTAGGGCTCTGAACGT-1	NK	18
CTAGGGCTCTTCTTCC-1	T	1
CTAGGGCTCTTGTCGC-1	T	0
CTAGGGCTCTTTCGAT-1	T	10
CTCAACCAGACCCTAT-1	T	16
CTCAACCAGACTAATG-1	NK	18
CTCAACCAGAGGCAGG-1	T	9
CTCAACCAGATTACGA-1	T	16
CTCAACCAGATTCCGT-1	T	3
CTCAACCAGCGAGCTA-1	NK	18
CTCAACCAGCGCATTT-1	T	16
CTCAACCAGGAGACTC-1	T	3
CTCAACCAGGAGTAGA-1	T	17
CTCAACCAGGCGACTA-1	Myeloid	2
CTCAACCAGGCGCTTC-1	T	14
CTCAACCAGTATACCC-1	T	4
CTCAACCAGTCAACTC-1	T	9
CTCAACCAGTGAAACT-1	T	0
CTCAACCAGTGTCGCC-1	T	1
CTCAACCAGTTCGTTG-1	Myeloid	2
CTCAACCAGTTGGAAT-1	T	17
CTCAACCCAAACAGTA-1	T	12
CTCAACCCAAACCTAC-1	T	9
CTCAACCCAAGCCCTG-1	T	15
CTCAACCCAAGGACCA-1	T	10
CTCAACCCACAACGGA-1	T	8
CTCAACCCACACTAGT-1	Myeloid	2
CTCAACCCACAGATGG-1	Myeloid	2
CTCAACCCATATTGGC-1	T	14
CTCAACCCATTACTTC-1	T	12
CTCAACCGTAACGGAC-1	T	11
CTCAACCGTGATGCGA-1	T	14
CTCAACCGTGCTGAAG-1	T	16
CTCAACCGTTTGCCAA-1	NK	18
CTCAACCGTTTGTACG-1	T	19
CTCAACCTCAGATACC-1	T	0
CTCAACCTCAGTCACA-1	Myeloid	2
CTCAACCTCAGTGTAC-1	NK	18
CTCAACCTCAGTGTGT-1	T	14
CTCAACCTCCAACCTC-1	T	9
CTCAACCTCCCACTAC-1	T	3
CTCAACCTCCTTGACC-1	Myeloid	2
CTCAACCTCGAGGTCC-1	T	16
CTCAACCTCGCAAACT-1	T	9
CTCAACCTCGCACCTT-1	T	7
CTCAACCTCGCTCTAC-1	T	12
CTCAACCTCTCGTAGA-1	Myeloid	2
CTCAACCTCTCTTCCT-1	Myeloid	2
CTCAACCTCTGTGTCC-1	T	17
CTCACCAAGAAATACC-1	T	7
CTCACCAAGAACCCGA-1	T	16
CTCACCAAGAATATCG-1	T	1
CTCACCAAGAATGCTA-1	T	15
CTCACCAAGCCGCAAA-1	T	12
CTCACCAAGCGCCTAC-1	T	16
CTCACCAAGCGTCTGC-1	Myeloid	2
CTCACCAAGTAGGTCG-1	T	10
CTCACCACAACACGGA-1	T	12
CTCACCACACTGTCAA-1	T	0
CTCACCACACTGTTAG-1	NK	13
CTCACCACATGGTTTG-1	T	12
CTCACCACATTTGGTG-1	T	14
CTCACCAGTAATGCAA-1	T	10
CTCACCAGTAGTGATA-1	T	7
CTCACCAGTATTTGCG-1	T	14
CTCACCAGTGCGTCCA-1	T	7
CTCACCAGTTCCAGTA-1	T	7
CTCACCAGTTGCAGCC-1	T	10
CTCACCAGTTTGGATC-1	NK	18
CTCACCATCAGAATGA-1	T	10
CTCACCATCCAACGCG-1	T	4
CTCACCATCCATACGA-1	T	3
CTCACCATCGTGAGTT-1	T	16
CTCACCATCTCTTCCT-1	B	6
CTCACCATCTTAACGG-1	T	11
CTCACCATCTTCATAC-1	T	14
CTCACCATCTTGTACT-1	T	1
CTCACCATCTTTGCAT-1	T	4
CTCAGAAAGACGCCCT-1	NK	18
CTCAGAAAGAGGCGGA-1	T	14
CTCAGAAAGATCGCCC-1	T	10
CTCAGAAAGCGCAATG-1	Myeloid	2
CTCAGAAAGGATGTCG-1	NK	13
CTCAGAACAACTCCCT-1	T	0
CTCAGAACAAGGACCA-1	T	3
CTCAGAACAAGGCTTT-1	NK	18
CTCAGAACACCGAAAG-1	T	4
CTCAGAACACGGCCAT-1	T	0
CTCAGAACACTCGCAG-1	T	19
CTCAGAACAGCGTACC-1	T	1
CTCAGAACAGGATGTG-1	T	8
CTCAGAACATCCATAG-1	Myeloid	2
CTCAGAACATTGTGAC-1	T	11
CTCAGAACATTGTTCT-1	T	19
CTCAGAAGTACTTCGA-1	T	14
CTCAGAAGTAGACGCA-1	T	3
CTCAGAAGTCGCTAGC-1	NK	13
CTCAGAAGTCTCTGGG-1	T	9
CTCAGAAGTCTGATTG-1	T	10
CTCAGAAGTGACAAGC-1	T	8
CTCAGAAGTGGACAGT-1	T	0
CTCAGAAGTGGAGTGT-1	T	15
CTCAGAAGTTAACTCG-1	Myeloid	2
CTCAGAAGTTGAATAG-1	T	7
CTCAGAAGTTGCCTGG-1	T	7
CTCAGAATCAAACCCA-1	T	19
CTCAGAATCCACCTAC-1	T	4
CTCAGAATCCTGGAAT-1	T	3
CTCAGAATCGTCAACA-1	Myeloid	2
CTCAGCTAGAGCTCCC-1	T	11
CTCAGCTAGATGAGGA-1	T	10
CTCAGCTAGCAATAAC-1	NK	18
CTCAGCTAGCCGCAAA-1	T	15
CTCAGCTAGGTACTCT-1	T	14
CTCAGCTAGTCGCCTG-1	NK	13
CTCAGCTCAATGTGCT-1	T	14
CTCAGCTCACACACCG-1	T	8
CTCAGCTCACAGAAGC-1	T	14
CTCAGCTCACTTACAG-1	T	4
CTCAGCTCAGGCACAA-1	NK	13
CTCAGCTCAGTCCTGG-1	T	19
CTCAGCTCATCTGCAA-1	T	0
CTCAGCTCATGCGACC-1	T	12
CTCAGCTGTACCCATA-1	NK	18
CTCAGCTGTAGAATAC-1	T	4
CTCAGCTGTAGCGTTT-1	T	15
CTCAGCTGTAGGGTTG-1	T	4
CTCAGCTGTCAAACAA-1	T	17
CTCAGCTGTCAAATCC-1	T	16
CTCAGCTGTCAAGACG-1	T	12
CTCAGCTGTCCTTCAC-1	T	0
CTCAGCTGTCGATAGG-1	T	10
CTCAGCTGTGACCAGA-1	T	3
CTCAGCTGTGAGCTAG-1	T	0
CTCAGCTGTGAGTTGG-1	T	4
CTCAGCTGTGGACCAA-1	Myeloid	2
CTCAGCTGTTCCCTTG-1	T	12
CTCAGCTTCAAAGTAG-1	T	12
CTCAGCTTCATGCTTT-1	NK	18
CTCAGCTTCCAACGCG-1	T	4
CTCAGCTTCCTATCAT-1	NK	13
CTCAGCTTCGCGGCAT-1	T	4
CTCAGCTTCGGGAAAC-1	NK	13
CTCAGCTTCGGTCTAA-1	T	9
CTCAGCTTCGGTTAGT-1	NK	18
CTCAGCTTCGTTGTTT-1	T	19
CTCAGCTTCTCCTTGG-1	T	14
CTCAGCTTCTCGACCT-1	T	15
CTCAGCTTCTCTTCTC-1	Myeloid	2
CTCAGCTTCTGAGTAC-1	T	4
CTCAGCTTCTGTTGCC-1	NK	18
CTCAGCTTCTTCCGTG-1	T	7
CTCATGCAGAGTTCGG-1	T	17
CTCATGCAGGAAGAAC-1	NK	5
CTCATGCAGGAAGGTA-1	T	14
CTCATGCAGTTATGAG-1	Myeloid	2
CTCATGCCAAACAGTA-1	T	17
CTCATGCCAAAGCTGG-1	T	1
CTCATGCCAACAACTC-1	T	0
CTCATGCCAAGCGAAC-1	T	4
CTCATGCCAAGCGACA-1	T	9
CTCATGCCACCCTTTG-1	T	7
CTCATGCCACGCTCAG-1	T	8
CTCATGCCACTCAGCG-1	NK	18
CTCATGCCATCTGCAA-1	T	7
CTCATGCCATTGCCTC-1	T	9
CTCATGCGTAAAGGCC-1	T	14
CTCATGCGTAACCGAG-1	T	9
CTCATGCGTCCATTGA-1	T	16
CTCATGCGTGAATCAA-1	T	14
CTCATGCGTGATTCCA-1	T	4
CTCATGCGTTCTCGAA-1	T	1
CTCATGCGTTTGCCAA-1	Myeloid	2
CTCATGCGTTTGCGAT-1	T	4
CTCATGCTCATTCTCA-1	T	11
CTCATGCTCCCAGTAA-1	T	15
CTCATGCTCCTGGAAT-1	T	1
CTCATGCTCCTTTGAT-1	T	16
CTCATGCTCGTCAACA-1	T	7
CTCATGCTCGTGAACT-1	T	17
CTCATGCTCTCGTGAA-1	Myeloid	2
CTCATGCTCTGAGTAC-1	T	12
CTCATGCTCTGTTTAC-1	B	6
CTCATGCTCTTTGCAT-1	T	8
CTCCCAAAGGGCTCTC-1	NK	18
CTCCCAAAGGTCGTTT-1	NK	18
CTCCCAAAGGTGATGC-1	T	0
CTCCCAAAGGTGTTGG-1	T	3
CTCCCAAAGTTGGAAT-1	T	9
CTCCCAACAACGCACC-1	T	15
CTCCCAACAAGGTTCT-1	T	16
CTCCCAACAATGATGA-1	NK	18
CTCCCAACAATGGCAG-1	T	7
CTCCCAACACCGAAAG-1	T	10
CTCCCAACACTGCTCT-1	T	4
CTCCCAACAGGAGCAT-1	NK	18
CTCCCAACATACTGCA-1	T	15
CTCCCAAGTAAGGTCG-1	T	4
CTCCCAAGTATCACAC-1	T	0
CTCCCAAGTCAGCAAG-1	T	7
CTCCCAAGTCATAGCT-1	T	14
CTCCCAAGTCCTATTT-1	T	9
CTCCCAAGTCTCTGCT-1	T	16
CTCCCAAGTGCCGGTT-1	NK	18
CTCCCAAGTGCTGAAG-1	T	9
CTCCCAAGTTAGTAGA-1	T	1
CTCCCAAGTTCCAATG-1	T	12
CTCCCAATCAAGAGAT-1	T	10
CTCCCAATCAATGCAC-1	T	15
CTCCCAATCCAGGTAT-1	T	3
CTCCCAATCCTCCCAA-1	NK	13
CTCCCAATCCTTTGAT-1	T	1
CTCCCAATCGCCCTTA-1	T	0
CTCCCAATCGGCATAT-1	T	16
CTCCCAATCGGTCGAC-1	NK	13
CTCCCAATCGTCTTAT-1	T	12
CTCCCAATCGTTCCGT-1	T	1
CTCCCAATCTGTTTAC-1	T	12
CTCGCTAAGACCCTAT-1	T	11
CTCGCTAAGGACCGAT-1	T	0
CTCGCTAAGTATACGA-1	T	10
CTCGCTACAAAGCTGG-1	NK	5
CTCGCTACAAGACTTC-1	T	0
CTCGCTACAAGCAGGT-1	T	11
CTCGCTACACGGCCAT-1	T	0
CTCGCTACACGTACAT-1	T	12
CTCGCTACAGAATGCG-1	T	4
CTCGCTACAGATGGCA-1	T	15
CTCGCTACAGCGTAGA-1	T	12
CTCGCTACATACAACC-1	T	4
CTCGCTACATAGCCGC-1	T	17
CTCGCTACATATACGC-1	NK	13
CTCGCTACATTACTCT-1	T	1
CTCGCTAGTAGTAACA-1	T	16
CTCGCTAGTAGTCCAT-1	T	8
CTCGCTAGTATGTCCA-1	T	11
CTCGCTAGTCAGGTGA-1	T	8
CTCGCTAGTCCTTCAC-1	T	12
CTCGCTAGTCTAAAGA-1	T	15
CTCGCTAGTCTCGGGT-1	NK	13
CTCGCTAGTCTGGTTA-1	T	1
CTCGCTAGTGCACTTA-1	T	17
CTCGCTAGTGCTAGTT-1	T	7
CTCGCTAGTTAGCTCA-1	T	19
CTCGCTAGTTGCCTGG-1	T	19
CTCGCTAGTTGGGAAC-1	T	7
CTCGCTATCACCACAA-1	Myeloid	2
CTCGCTATCAGAGTGG-1	T	7
CTCGCTATCAGGTCTA-1	T	15
CTCGCTATCATACTTC-1	Myeloid	2
CTCGCTATCCAAACCA-1	Myeloid	2
CTCGCTATCCCAATAG-1	T	17
CTCGCTATCCTCCCAA-1	T	0
CTCGCTATCGATCGCG-1	T	8
CTCGCTATCGTGGAAG-1	T	15
CTCGCTATCGTTCTAT-1	T	3
CTCGCTATCTGAAAGA-1	T	15
CTCTACGAGACCCTAT-1	T	11
CTCTACGAGAGCCTGA-1	Myeloid	2
CTCTACGAGAGTAAGG-1	T	8
CTCTACGAGGTAGGAA-1	T	17
CTCTACGAGTGAACCG-1	T	1
CTCTACGAGTGTCACT-1	T	7
CTCTACGAGTTGACAA-1	NK	13
CTCTACGAGTTTACGC-1	Myeloid	2
CTCTACGCACCGTTGG-1	NK	13
CTCTACGCACTTACAG-1	T	8
CTCTACGCATCGACCG-1	T	16
CTCTACGCATGCGTTA-1	T	3
CTCTACGCATGGTTTG-1	T	8
CTCTACGCATTCACCC-1	T	0
CTCTACGGTAGTAACA-1	T	16
CTCTACGGTCACAGGA-1	T	14
CTCTACGGTCACATTG-1	T	9
CTCTACGGTCTAAGAA-1	T	10
CTCTACGGTGAGCTAG-1	T	3
CTCTACGGTGATAGAT-1	T	1
CTCTACGGTGGACTGA-1	T	0
CTCTACGGTGGCGCTT-1	T	9
CTCTACGGTGTCCTTC-1	T	12
CTCTACGGTTAGGCTT-1	T	10
CTCTACGGTTGAAGCG-1	T	7
CTCTACGTCAGCACTA-1	T	1
CTCTACGTCAGGCCGT-1	T	9
CTCTACGTCCAGGTAT-1	T	14
CTCTACGTCCATACGA-1	T	17
CTCTACGTCCCAGTAA-1	T	7
CTCTACGTCCGGCGAT-1	T	11
CTCTACGTCTGGCGCA-1	T	19
CTCTACGTCTTACTCA-1	T	4
CTCTACGTCTTGCGCT-1	T	12
CTCTACGTCTTTGCAT-1	NK	13
CTCTAGCAGACCAATA-1	T	9
CTCTAGCAGCTTACCA-1	NK	18
CTCTAGCAGGACTAGC-1	T	14
CTCTAGCAGGGTTCCC-1	T	15
CTCTAGCAGTAGGAAG-1	NK	5
CTCTAGCAGTAGTGTA-1	NK	5
CTCTAGCAGTGCTAGG-1	T	4
CTCTAGCAGTTTACGC-1	T	9
CTCTAGCCAAAGGAAG-1	NK	5
CTCTAGCCAATGTGCT-1	B	6
CTCTAGCCACTCGTGG-1	T	16
CTCTAGCCAGGTAGCA-1	T	10
CTCTAGCGTAGTAACA-1	NK	18
CTCTAGCGTATCGCGC-1	T	17
CTCTAGCGTATCTCAG-1	T	16
CTCTAGCGTATGGGTG-1	NK	18
CTCTAGCGTCAGACGA-1	T	10
CTCTAGCGTCCACCAG-1	T	19
CTCTAGCGTCGTAGTT-1	T	14
CTCTAGCGTCTGGTTA-1	T	8
CTCTAGCGTGAGCTAG-1	T	3
CTCTAGCGTGCGTTTA-1	T	11
CTCTAGCGTGTGCTTA-1	T	15
CTCTAGCGTGTTGGTT-1	T	8
CTCTAGCGTTCACGTA-1	T	12
CTCTAGCGTTCCCTTG-1	T	19
CTCTAGCGTTCCTATT-1	NK	18
CTCTAGCTCACCCGGA-1	T	8
CTCTAGCTCATCATGG-1	T	15
CTCTAGCTCCAAGTCA-1	T	3
CTCTAGCTCCACACCT-1	T	14
CTCTAGCTCCGCGATG-1	T	8
CTCTAGCTCGATTACG-1	NK	13
CTCTAGCTCGGTAGGA-1	B	6
CTCTAGCTCGTGGTAT-1	T	16
CTCTAGCTCTCATCCG-1	T	3
CTCTAGCTCTCTATTG-1	T	0
CTCTAGCTCTGAAAGA-1	T	16
CTCTAGCTCTGATCTT-1	T	14
CTCTAGCTCTTCTCTC-1	NK	18
CTCTCAGAGATCGATA-1	NK	18
CTCTCAGAGATTCCGT-1	T	9
CTCTCAGAGCTGCCAC-1	T	19
CTCTCAGAGGGTCCCT-1	T	7
CTCTCAGAGGTTCTCA-1	T	17
CTCTCAGAGTGCACAG-1	T	0
CTCTCAGAGTTCGCGC-1	NK	13
CTCTCAGCAAACGACG-1	T	12
CTCTCAGCACAGTTAC-1	T	3
CTCTCAGCACGCGCAT-1	T	8
CTCTCAGCAGTAACTC-1	B	6
CTCTCAGCAGTCAGAG-1	T	17
CTCTCAGGTAATGCAA-1	T	11
CTCTCAGGTACGGAGT-1	T	14
CTCTCAGGTAGACACG-1	T	7
CTCTCAGGTAGCGTTT-1	T	1
CTCTCAGGTATCAGCT-1	T	9
CTCTCAGGTCCCGAGT-1	Myeloid	2
CTCTCAGGTCGCGCTA-1	T	12
CTCTCAGGTCGCTACG-1	T	14
CTCTCAGGTCTTAGCA-1	T	7
CTCTCAGGTGAGGGTT-1	T	12
CTCTCAGGTGCTGTCG-1	T	8
CTCTCAGGTGTACGCC-1	T	14
CTCTCAGGTTACACTG-1	T	9
CTCTCAGGTTTAGAAG-1	T	14
CTCTCAGTCAGGCGCT-1	T	16
CTCTCAGTCCAATCCC-1	NK	13
CTCTCAGTCCCAGCAG-1	T	14
CTCTCAGTCCCAGTAA-1	NK	18
CTCTCAGTCCGAGAGA-1	NK	18
CTCTCAGTCCTGGAAT-1	T	4
CTCTCAGTCGAACCGC-1	T	11
CTCTCAGTCGCTTACC-1	T	9
CTCTCAGTCGTCCCTA-1	T	0
CTCTCGAAGAAGCCTG-1	T	8
CTCTCGAAGACCCTAT-1	NK	18
CTCTCGAAGGATTGAT-1	NK	18
CTCTCGAAGGCAGTAC-1	B	6
CTCTCGAAGGCCAATG-1	T	15
CTCTCGAAGGGCATTG-1	T	1
CTCTCGAAGTGCACAG-1	NK	18
CTCTCGAAGTGTGTAA-1	NK	18
CTCTCGACAAGGGTAC-1	NK	18
CTCTCGACAATGAAAC-1	T	7
CTCTCGACAATGATGA-1	Myeloid	2
CTCTCGACACCACCAG-1	T	7
CTCTCGACACGTTACA-1	T	4
CTCTCGACACGTTGTA-1	T	15
CTCTCGACAGAGAGAA-1	T	7
CTCTCGACAGAGCCAA-1	T	19
CTCTCGACATACAACC-1	T	14
CTCTCGACATCCGTAA-1	T	16
CTCTCGACATTACCTT-1	T	4
CTCTCGAGTAACATAG-1	B	6
CTCTCGAGTATGGGTG-1	T	19
CTCTCGAGTATTGTCG-1	NK	18
CTCTCGAGTCAGGTGA-1	T	16
CTCTCGAGTCGATAGG-1	T	10
CTCTCGAGTGATGCTT-1	NK	18
CTCTCGAGTGCAGACA-1	T	17
CTCTCGAGTGCGTAGA-1	T	17
CTCTCGAGTGCTTACA-1	NK	13
CTCTCGAGTTAACCAC-1	T	10
CTCTCGAGTTTAGACC-1	T	7
CTCTCGATCACATCCC-1	T	12
CTCTCGATCACGTGTA-1	T	9
CTCTCGATCACTGATG-1	T	9
CTCTCGATCCAGCACG-1	T	4
CTCTCGATCCAGTACA-1	NK	18
CTCTCGATCCGATGCG-1	NK	5
CTCTCGATCCGGGCAT-1	T	3
CTCTCGATCCGTGCGA-1	Myeloid	2
CTCTCGATCCTTTGCG-1	T	17
CTCTCGATCGATGCAT-1	NK	13
CTCTCGATCTACTTTG-1	T	12
CTGAATGAGAACTCCT-1	B	6
CTGAATGAGACAACGC-1	T	14
CTGAATGAGACTCGGA-1	B	6
CTGAATGAGAGGAACA-1	T	8
CTGAATGAGATTGACA-1	T	8
CTGAATGAGGCTAAAT-1	T	16
CTGAATGAGTAATGTG-1	T	10
CTGAATGAGTAGGAAG-1	T	7
CTGAATGAGTCAACTC-1	T	8
CTGAATGAGTCATCTG-1	T	4
CTGAATGAGTTACACC-1	T	3
CTGAATGAGTTCTCCC-1	T	9
CTGAATGCAAGGATGC-1	T	11
CTGAATGCAATAGTGA-1	T	14
CTGAATGCACAGGAAC-1	NK	18
CTGAATGCACCGTCTT-1	T	8
CTGAATGCACGGTTAT-1	T	3
CTGAATGCACTGATAC-1	T	3
CTGAATGCAGGCACAA-1	T	15
CTGAATGCAGGTAGGT-1	T	1
CTGAATGCAGTGCGAA-1	T	17
CTGAATGCATGGCCTG-1	T	8
CTGAATGCATGTGGGA-1	T	16
CTGAATGCATTAGCAC-1	T	8
CTGAATGGTATCTAGC-1	T	1
CTGAATGGTATTCGCA-1	T	10
CTGAATGGTCGTAATC-1	T	11
CTGAATGGTCTGCACG-1	T	1
CTGAATGGTGCCAAGA-1	T	14
CTGAATGGTGCCCGAT-1	NK	18
CTGAATGGTTGTGACT-1	T	8
CTGAATGTCACGATTG-1	T	1
CTGAATGTCCAGGCCA-1	T	0
CTGAATGTCGCAAACT-1	NK	13
CTGAATGTCGGTGATT-1	T	0
CTGAATGTCGTGCTGG-1	T	19
CTGAATGTCTACTGCC-1	T	1
CTGCGTTAGACGCCCT-1	T	19
CTGCGTTAGAGATTAC-1	T	3
CTGCGTTAGAGTTCGG-1	NK	13
CTGCGTTAGATATGAC-1	T	14
CTGCGTTAGATCACCT-1	T	16
CTGCGTTAGCGCACAA-1	T	17
CTGCGTTAGGATTGCG-1	NK	18
CTGCGTTAGGCATGCA-1	T	12
CTGCGTTAGGCCAGTA-1	T	10
CTGCGTTAGTCAGCCC-1	T	16
CTGCGTTCAAAGACGC-1	T	11
CTGCGTTCAATGACTC-1	T	3
CTGCGTTCAGGTGTGA-1	NK	18
CTGCGTTCATAGGCGA-1	T	0
CTGCGTTCATCGACCG-1	T	0
CTGCGTTCATCGACGC-1	T	19
CTGCGTTCATTACTCT-1	T	11
CTGCGTTGTAAACCCT-1	NK	13
CTGCGTTGTAACGGAC-1	NK	13
CTGCGTTGTACCTATG-1	T	3
CTGCGTTGTATATGGA-1	T	7
CTGCGTTGTCAACTGT-1	T	0
CTGCGTTGTCTGCACG-1	T	3
CTGCGTTGTGTGTGCC-1	NK	18
CTGCGTTGTTCAGTTG-1	T	7
CTGCGTTGTTGCTTGA-1	T	0
CTGCGTTGTTGGCTAT-1	T	14
CTGCGTTGTTTGCCAA-1	T	0
CTGCGTTTCACTGATG-1	NK	13
CTGCGTTTCAGGAATA-1	T	17
CTGCGTTTCAGGTCTA-1	NK	13
CTGCGTTTCAGTCTTT-1	NK	18
CTGCGTTTCCCGTATC-1	T	17
CTGCGTTTCCTCCAGT-1	T	8
CTGCGTTTCGAGAAGC-1	T	3
CTGCGTTTCGCAAGCC-1	T	14
CTGCGTTTCGGATGTT-1	T	7
CTGCGTTTCTCGCGGA-1	T	17
CTGCGTTTCTTCACTA-1	B	6
CTGCTCAAGAAACGCC-1	T	0
CTGCTCAAGCGCCTAC-1	T	12
CTGCTCAAGCTGGAGT-1	T	14
CTGCTCAAGGCAGTGT-1	T	7
CTGCTCAAGTAGCAAT-1	T	12
CTGCTCAAGTCTCTAG-1	NK	13
CTGCTCAAGTGATAAC-1	T	12
CTGCTCAAGTGCTAGG-1	NK	5
CTGCTCACAAATGCTC-1	T	7
CTGCTCACAAGAGCGT-1	T	9
CTGCTCACAAGCCCTG-1	T	9
CTGCTCACAAGTAACA-1	T	7
CTGCTCACACACATGT-1	T	3
CTGCTCACACATAAAG-1	B	6
CTGCTCACACCTCGTT-1	B	6
CTGCTCACACTCGTGG-1	T	10
CTGCTCACATGGATGG-1	NK	18
CTGCTCAGTACCTATG-1	T	17
CTGCTCAGTACGTATC-1	NK	5
CTGCTCAGTCCGTGCA-1	T	14
CTGCTCAGTCGCTAGC-1	T	3
CTGCTCAGTGAATGGC-1	T	11
CTGCTCAGTTATAGAG-1	T	0
CTGCTCAGTTCTGAAC-1	T	8
CTGCTCAGTTGGTAAA-1	B	6
CTGCTCAGTTTAGACC-1	Myeloid	2
CTGCTCATCAAGGCCC-1	T	1
CTGCTCATCACATTCT-1	NK	13
CTGCTCATCCAGGTAT-1	B	6
CTGCTCATCGCTATAG-1	T	14
CTGCTCATCGTCTTAT-1	T	10
CTGCTCATCGTGGTAT-1	NK	13
CTGCTCATCTATCTCA-1	T	15
CTGCTCATCTCGGCGA-1	Myeloid	2
CTGCTCATCTCGTAGA-1	B	6
CTGCTCATCTCTCAAT-1	NK	18
CTGGCAGAGACGACTG-1	T	11
CTGGCAGAGAGATTAC-1	NK	13
CTGGCAGAGCATGATA-1	B	6
CTGGCAGAGCGCCTAC-1	T	3
CTGGCAGAGCGGACTA-1	T	4
CTGGCAGAGTACAGTA-1	T	1
CTGGCAGAGTGATTAG-1	T	9
CTGGCAGAGTGGACGT-1	T	0
CTGGCAGCAAGACACG-1	T	3
CTGGCAGCAAGGAACC-1	T	7
CTGGCAGCAAGTCCTA-1	T	12
CTGGCAGCAGGCAGAT-1	T	8
CTGGCAGCAGGTAACG-1	T	1
CTGGCAGCAGGTGTGA-1	B	6
CTGGCAGCATGCACTA-1	T	10
CTGGCAGGTATCTAGC-1	T	11
CTGGCAGGTCTGATTG-1	T	15
CTGGCAGGTGCAACAG-1	T	16
CTGGCAGGTGGACCAA-1	T	4
CTGGCAGGTGTGTGCC-1	T	16
CTGGCAGGTTAACTCG-1	T	12
CTGGCAGGTTCTGAAC-1	T	1
CTGGCAGTCAATCGTG-1	T	15
CTGGCAGTCACTGATG-1	T	0
CTGGCAGTCCTAGAGT-1	T	1
CTGGCAGTCGAGAACG-1	NK	13
CTGGCAGTCTCGACAA-1	Myeloid	2
CTGGCAGTCTGGAAGG-1	T	9
CTGGGACAGACCCTAT-1	T	3
CTGGGACAGAGGAAGT-1	T	7
CTGGGACAGATGCGAC-1	T	8
CTGGGACAGCTGAAAT-1	Myeloid	2
CTGGGACAGCTGATTC-1	NK	13
CTGGGACAGGTTTCTG-1	T	7
CTGGGACAGTCTGTGT-1	T	8
CTGGGACCAAGCCAGA-1	T	19
CTGGGACCACTGCTTC-1	T	10
CTGGGACCAGAACAGC-1	T	15
CTGGGACCAGAGATGC-1	T	7
CTGGGACCATAGCCAT-1	T	11
CTGGGACCATCCCAAA-1	T	0
CTGGGACCATGACTGT-1	T	1
CTGGGACCATTAACGC-1	T	12
CTGGGACGTACTTCAG-1	T	14
CTGGGACGTCGTAATC-1	Myeloid	2
CTGGGACGTCTCGGGT-1	Myeloid	2
CTGGGACGTCTGGGAA-1	T	9
CTGGGACGTCTGTCCT-1	B	6
CTGGGACGTCTGTGTA-1	T	11
CTGGGACGTGACAAGC-1	B	6
CTGGGACGTGCATTGT-1	B	6
CTGGGACTCGAACCGC-1	T	14
CTGGGACTCGAGAACG-1	T	14
CTGGGACTCGAGTTAC-1	T	19
CTGGGACTCGATGTAC-1	T	12
CTGGGACTCGGGATCC-1	T	14
CTGGGACTCGGGTCCA-1	T	0
CTGGGACTCTCTTCTC-1	T	17
CTGTATTAGAACCATA-1	T	16
CTGTATTAGAAGCCGT-1	NK	5
CTGTATTAGAGTCCGA-1	T	7
CTGTATTAGCCTTTGA-1	T	4
CTGTATTAGGATTGCG-1	T	1
CTGTATTAGGATTTGA-1	T	0
CTGTATTAGTAACTCC-1	Myeloid	2
CTGTATTAGTGAGTGC-1	T	15
CTGTATTAGTGAGTTA-1	T	16
CTGTATTCAGTAACTC-1	Myeloid	2
CTGTATTCATGCGTTA-1	T	16
CTGTATTGTACAACGG-1	T	11
CTGTATTGTAGATGAT-1	T	16
CTGTATTGTAGCGTTT-1	T	8
CTGTATTGTATGCTAC-1	T	14
CTGTATTGTATTCACG-1	T	8
CTGTATTGTCAGGCTC-1	T	14
CTGTATTGTGAATCAA-1	T	17
CTGTATTGTGATAACA-1	T	12
CTGTATTGTGGCATAG-1	T	16
CTGTATTGTGTGCTTA-1	Myeloid	2
CTGTATTGTTGAATAG-1	T	1
CTGTATTGTTTGCCAA-1	NK	13
CTGTATTTCGAACCGC-1	T	0
CTGTATTTCTATCTAC-1	T	9
CTGTATTTCTGACTTT-1	T	17
CTGTTCGAGAATCAGT-1	T	10
CTGTTCGAGACTTGAA-1	T	4
CTGTTCGAGCCCATGC-1	NK	5
CTGTTCGAGGAAGAAC-1	T	9
CTGTTCGAGGACTAGC-1	T	15
CTGTTCGAGGGTGTTG-1	B	6
CTGTTCGCAAGCAGGT-1	T	15
CTGTTCGCAATTCAGC-1	T	14
CTGTTCGCACTTTGGA-1	T	4
CTGTTCGCATAAAGTG-1	T	7
CTGTTCGCATTGCCTC-1	Myeloid	2
CTGTTCGGTAAACCCT-1	T	1
CTGTTCGGTACCGGCT-1	NK	18
CTGTTCGGTACGGAGT-1	T	1
CTGTTCGGTATCCTTT-1	T	16
CTGTTCGGTATTCGCA-1	T	7
CTGTTCGGTCAACGGA-1	T	0
CTGTTCGGTCAGTGTT-1	T	8
CTGTTCGGTCCGAGCT-1	T	8
CTGTTCGGTGAAACAT-1	B	6
CTGTTCGGTGTCGTGC-1	T	7
CTGTTCGGTTTAAGCC-1	NK	5
CTGTTCGGTTTGATCG-1	T	9
CTGTTCGTCCAATAGC-1	T	7
CTGTTCGTCGGATCGC-1	NK	18
CTGTTCGTCGTCTAGA-1	T	17
CTGTTCGTCTATCTTG-1	T	3
CTTAATCAGACTCGGA-1	Myeloid	2
CTTAATCAGAGCCACA-1	T	12
CTTAATCAGATCGATA-1	T	4
CTTAATCAGGTACTCT-1	T	11
CTTAATCAGTGGACGT-1	T	1
CTTAATCAGTTCGTTG-1	T	0
CTTAATCCAACTGCGC-1	T	4
CTTAATCCACATAAAG-1	T	14
CTTAATCCACTGATTG-1	T	16
CTTAATCCAGATTAAG-1	Myeloid	2
CTTAATCCAGCGTAGA-1	T	16
CTTAATCCAGGCACAA-1	T	14
CTTAATCCATCACAAC-1	Myeloid	2
CTTAATCCATTGTGAC-1	T	9
CTTAATCGTAAGGTCG-1	T	8
CTTAATCGTCCAACCG-1	T	0
CTTAATCGTCCTCAGG-1	T	14
CTTAATCGTGAGTCGA-1	T	9
CTTAATCGTGCTTCCT-1	T	3
CTTAATCGTGGATTCT-1	Myeloid	2
CTTAATCGTTACCACA-1	T	4
CTTAATCGTTCAGTTG-1	T	12
CTTAATCGTTGGTAAA-1	T	11
CTTAATCTCCAGGTCG-1	T	1
CTTAATCTCCCAATGA-1	T	0
CTTAATCTCCCACTTG-1	T	16
CTTAATCTCGGTCCGA-1	T	14
CTTAATCTCGGTTAGT-1	T	16
CTTAATCTCGTTCTAT-1	T	8
CTTAATCTCTATGAGC-1	T	4
CTTAATCTCTCCTTGG-1	T	3
CTTAATCTCTGGAAGG-1	T	15
CTTAATCTCTGGACAT-1	T	8
CTTCCAGAGCATTCCA-1	T	1
CTTCCAGAGCTGCCAC-1	T	11
CTTCCAGAGGTTCTCA-1	T	8
CTTCCAGAGTTCTCCC-1	T	11
CTTCCAGAGTTGACAA-1	T	14
CTTCCAGCAAACCCTA-1	T	1
CTTCCAGCAAGATGCG-1	Myeloid	2
CTTCCAGCAATAGCGG-1	T	0
CTTCCAGCACAAACGG-1	T	0
CTTCCAGCATAAAGTG-1	T	16
CTTCCAGCATAGATAG-1	T	4
CTTCCAGGTGGTGGTA-1	NK	18
CTTCCAGTCCACACCT-1	T	9
CTTCCAGTCCTCATTA-1	T	16
CTTCCAGTCCTCCCAA-1	T	16
CTTCCAGTCCTGGGAC-1	T	4
CTTCCAGTCGACTGGC-1	T	10
CTTCCAGTCGATAGCT-1	T	9
CTTCCAGTCGCTATTT-1	T	14
CTTCCAGTCGCTCTAC-1	T	12
CTTCCAGTCGTGCTTC-1	T	9
CTTCCAGTCTGGAAGG-1	Myeloid	2
CTTCCAGTCTTAATCC-1	T	3
CTTCTAAAGAGCAGCT-1	T	11
CTTCTAAAGAGGAAGT-1	T	8
CTTCTAAAGATGTTGA-1	T	8
CTTCTAAAGCAGAGCT-1	NK	18
CTTCTAAAGCGTTGCC-1	Myeloid	2
CTTCTAAAGCTAGCAG-1	T	16
CTTCTAAAGGTCTTTG-1	T	14
CTTCTAAAGTCTGTGT-1	T	4
CTTCTAAAGTGCCCTG-1	T	15
CTTCTAAAGTGTGTAA-1	Myeloid	2
CTTCTAACACAGTTAC-1	T	10
CTTCTAACACGAACGA-1	T	9
CTTCTAACAGGTAGCA-1	T	19
CTTCTAACATCGGCCA-1	T	12
CTTCTAAGTACGGTTT-1	T	3
CTTCTAAGTGAGCTAG-1	T	0
CTTCTAAGTGCAAGCA-1	NK	13
CTTCTAAGTTAACTCG-1	B	6
CTTCTAAGTTTAGAAG-1	NK	18
CTTCTAATCATTCGGA-1	T	7
CTTCTAATCCGAATTG-1	T	14
CTTCTAATCCGTGCGA-1	T	9
CTTCTAATCCTCCCAA-1	T	0
CTTCTAATCGAGGCTC-1	T	9
CTTCTAATCGGTCAGC-1	Myeloid	2
CTTCTAATCGTTTGAG-1	T	4
CTTCTAATCTCAGATG-1	T	17
CTTCTAATCTCGACAA-1	T	4
CTTCTAATCTCGGCGA-1	T	11
CTTGAAGAGAACCATA-1	B	6
CTTGAAGAGATAGGTT-1	Myeloid	2
CTTGAAGAGGATCCTT-1	T	1
CTTGAAGAGGCCTCGT-1	T	4
CTTGAAGAGGGTCTGA-1	T	0
CTTGAAGAGTACGACG-1	T	15
CTTGAAGAGTCGTACT-1	NK	5
CTTGAAGCAAGGTCGA-1	NK	5
CTTGAAGCACAGATGG-1	T	7
CTTGAAGCACTGTCAA-1	T	10
CTTGAAGCAGAACGAC-1	T	15
CTTGAAGCATACCCGG-1	T	1
CTTGAAGCATGCTATG-1	NK	18
CTTGAAGCATTGCGAT-1	T	4
CTTGAAGGTAATGCCT-1	T	4
CTTGAAGGTAGCATGG-1	T	14
CTTGAAGGTATTGTGC-1	T	4
CTTGAAGGTCAGGTGA-1	T	3
CTTGAAGGTGAGTTGG-1	T	0
CTTGAAGGTGCTGTGC-1	T	0
CTTGAAGGTGGTTCTA-1	T	16
CTTGAAGGTTACCCAA-1	NK	5
CTTGAAGTCACCCGGA-1	Myeloid	2
CTTGAAGTCCACCTAC-1	T	8
CTTGAAGTCCATCTAT-1	NK	13
CTTGAAGTCCATTGTT-1	T	0
CTTGAAGTCCCGATTC-1	T	4
CTTGAAGTCCGAATTG-1	T	0
CTTGAAGTCGCTAGTA-1	NK	13
CTTGAAGTCGCTGATA-1	T	9
CTTGAAGTCGGGTCCA-1	T	15
CTTGAAGTCTCGCGTT-1	T	3
CTTGCCAAGACTTGAA-1	Myeloid	2
CTTGCCAAGAGTTTGA-1	B	6
CTTGCCAAGATATGAC-1	T	14
CTTGCCAAGCATTGGG-1	T	7
CTTGCCAAGCGCACAA-1	NK	5
CTTGCCAAGCTCGTTA-1	B	6
CTTGCCAAGTCCGGAA-1	T	4
CTTGCCAAGTGAATAC-1	NK	13
CTTGCCACAAATGCTC-1	Myeloid	2
CTTGCCACAAGCCAGA-1	T	4
CTTGCCACAATGACTC-1	T	7
CTTGCCACACAGATGG-1	NK	18
CTTGCCACAGATTTGC-1	B	6
CTTGCCACAGGCAAGT-1	T	1
CTTGCCACATCCCGGA-1	T	19
CTTGCCACATGCGCTG-1	T	7
CTTGCCAGTAAGCCGA-1	T	11
CTTGCCAGTATCCCTC-1	T	17
CTTGCCAGTCACAGGA-1	T	14
CTTGCCAGTCTGTCCT-1	T	16
CTTGCCAGTGCGTCCA-1	T	4
CTTGCCAGTGTAGGAC-1	T	8
CTTGCCAGTGTTTCTT-1	T	9
CTTGCCAGTTTCACCC-1	T	3
CTTGCCATCACTACCC-1	Myeloid	2
CTTGCCATCAGGAATA-1	T	16
CTTGCCATCCACTAGA-1	Myeloid	2
CTTGCCATCCATCGAA-1	T	1
CTTGCCATCCGCTATC-1	T	8
CTTGCCATCCTAAAGC-1	T	14
CTTGCCATCGCTTCAC-1	T	15
CTTGCCATCTCAGATG-1	NK	13
CTTGCCATCTGATCCC-1	T	14
CTTGCTGAGACTAGCG-1	T	0
CTTGCTGAGAGGAAGT-1	T	7
CTTGCTGCAAGGTTCT-1	Myeloid	2
CTTGCTGCACCTGTGG-1	Myeloid	2
CTTGCTGCACTCGCAG-1	NK	13
CTTGCTGCATCAGCTA-1	B	6
CTTGCTGGTAACTGAA-1	NK	18
CTTGCTGGTAGTTTGC-1	T	10
CTTGCTGGTCAAACAA-1	T	14
CTTGCTGGTCGTCGCA-1	T	16
CTTGCTGGTCTGCGCA-1	T	15
CTTGCTGGTGTTAGAA-1	T	7
CTTGCTGTCCTAAAGC-1	T	9
CTTGCTGTCGCAACTA-1	T	4
CTTGCTGTCGCACAAT-1	T	14
CTTGCTGTCTCTATTG-1	T	12
CTTGCTGTCTGCGTCT-1	T	4
CTTGTCGAGAAATCTG-1	NK	18
CTTGTCGAGACTAGGC-1	T	3
CTTGTCGAGAGGTCCA-1	T	3
CTTGTCGAGATCCGAG-1	T	8
CTTGTCGAGCAATGTA-1	T	11
CTTGTCGAGGCATGCA-1	T	16
CTTGTCGAGGTCCTCG-1	T	4
CTTGTCGAGGTGAACC-1	T	9
CTTGTCGAGTGCACAG-1	T	19
CTTGTCGAGTTACCAC-1	T	19
CTTGTCGAGTTGGAAT-1	T	0
CTTGTCGCACTCCCAT-1	T	3
CTTGTCGCAGAGATGC-1	T	7
CTTGTCGCAGTTACAC-1	T	9
CTTGTCGCATTGAACC-1	Myeloid	2
CTTGTCGGTACGTAGG-1	NK	13
CTTGTCGGTCAGCTTA-1	T	4
CTTGTCGGTCATTGGT-1	T	12
CTTGTCGGTCCAAGTT-1	Myeloid	2
CTTGTCGGTGACGCAA-1	Myeloid	2
CTTGTCGGTGATTCCA-1	T	9
CTTGTCGGTGTCCCAG-1	B	6
CTTGTCGGTTCGGGAA-1	B	6
CTTGTCGTCAACTTGG-1	T	16
CTTGTCGTCAAGGCCC-1	T	3
CTTGTCGTCAGATACC-1	T	4
CTTGTCGTCATCGCAA-1	T	1
CTTGTCGTCCCGAAGC-1	T	7
CTTGTCGTCGCGCTGA-1	T	7
CTTGTCGTCGGCATAT-1	T	12
CTTGTCGTCTGATCTT-1	NK	18
CTTTGCGAGATGCGAC-1	T	0
CTTTGCGAGATGCGCA-1	T	9
CTTTGCGAGCCATTCA-1	T	12
CTTTGCGAGCGGACAT-1	NK	13
CTTTGCGAGGCCAATG-1	T	14
CTTTGCGAGTGCACAG-1	T	4
CTTTGCGCAATTCTCT-1	T	1
CTTTGCGCACATAAAG-1	T	12
CTTTGCGCACCACGAC-1	T	4
CTTTGCGCACGAACGA-1	T	7
CTTTGCGCACTCCCAT-1	NK	13
CTTTGCGCAGCAGGTA-1	T	8
CTTTGCGCATCCGTAA-1	T	7
CTTTGCGCATCTCTCG-1	T	7
CTTTGCGCATTGAACC-1	NK	13
CTTTGCGGTAACCGAG-1	T	17
CTTTGCGGTAAGGTCG-1	T	16
CTTTGCGGTTGGACGA-1	T	16
CTTTGCGGTTTCTCTA-1	T	14
CTTTGCGTCCAAGAGG-1	T	11
CTTTGCGTCCGGACTG-1	T	16
CTTTGCGTCCGTTAGA-1	T	19
CTTTGCGTCCTCCATG-1	NK	13
CTTTGCGTCCTGGGAC-1	T	11
CTTTGCGTCCTTTGCG-1	Myeloid	2
CTTTGCGTCGATAGCT-1	T	0
CTTTGCGTCTGTCGGG-1	T	9
GAAACAAAGGCGCTTC-1	T	12
GAAACAAAGGTAAGCC-1	NK	18
GAAACAAAGGTACATA-1	T	8
GAAACAAAGGTTGTTC-1	T	12
GAAACAAAGTCTCTAG-1	T	14
GAAACAAAGTGCTGAG-1	T	11
GAAACAACAACTTGGT-1	T	7
GAAACAACAAGCAATA-1	Myeloid	2
GAAACAACAAGGGAGG-1	B	6
GAAACAACACCTGTGG-1	T	8
GAAACAACAGGTGTCC-1	T	8
GAAACAACATTCCCGT-1	T	7
GAAACAACATTTGGTG-1	T	7
GAAACAAGTACAACGG-1	T	8
GAAACAAGTACGAGAC-1	T	15
GAAACAAGTATGGATA-1	T	11
GAAACAAGTCCAACCG-1	T	19
GAAACAAGTCTGGTCG-1	T	19
GAAACAAGTGAATACA-1	NK	5
GAAACAAGTGTGAGGT-1	T	14
GAAACAAGTGTTGGTT-1	NK	18
GAAACAATCGCTATAG-1	T	4
GAAACAATCTACTGCC-1	T	3
GAAACAATCTTACTCA-1	T	11
GAAAGTAAGCACCATT-1	T	12
GAAAGTAAGGACTTTC-1	T	16
GAAAGTAAGGCCAGTA-1	T	12
GAAAGTAAGGCGTCCT-1	T	11
GAAAGTAAGGGCTCTC-1	T	16
GAAAGTAAGGGTGTTG-1	T	3
GAAAGTAAGGTTACAA-1	T	7
GAAAGTAAGTCTGCTA-1	NK	18
GAAAGTACAAGAGATT-1	T	1
GAAAGTACAAGGCGTA-1	Myeloid	2
GAAAGTACACATATCG-1	T	15
GAAAGTACACCGAATT-1	T	3
GAAAGTACACTACACA-1	Myeloid	2
GAAAGTACAGCAACCC-1	T	1
GAAAGTACATGGATGG-1	T	19
GAAAGTACATTACACG-1	T	9
GAAAGTAGTAATGCCT-1	T	17
GAAAGTAGTAGGTGAC-1	T	19
GAAAGTAGTATTCTGG-1	NK	18
GAAAGTAGTCAGGCTC-1	T	8
GAAAGTAGTGATGTGG-1	T	14
GAAAGTAGTGCGCATC-1	T	9
GAAAGTAGTTGAAGCG-1	T	19
GAAAGTAGTTTAAGGA-1	T	4
GAAAGTATCAGGCGCT-1	T	14
GAAAGTATCATGCTTT-1	T	16
GAAAGTATCCAGCACG-1	T	3
GAAAGTATCGAGGTCC-1	T	12
GAAAGTATCGCGATGC-1	NK	18
GAAAGTATCGTCTTAT-1	T	10
GAAAGTATCTAAACGC-1	T	16
GAAAGTATCTCGACAA-1	NK	13
GAAATGAAGACTCGGA-1	T	8
GAAATGAAGATTGACA-1	T	14
GAAATGAAGCCCATGC-1	T	16
GAAATGAAGCGATACG-1	NK	5
GAAATGAAGCTCGTTA-1	T	0
GAAATGAAGTCGATAA-1	B	6
GAAATGACAAAGAGAG-1	T	14
GAAATGACAAAGGAAG-1	NK	13
GAAATGACAACTAGAA-1	NK	18
GAAATGACAAGACTAA-1	T	10
GAAATGACAGAGTCGA-1	NK	5
GAAATGACAGGACCTC-1	T	8
GAAATGACAGGCAGAT-1	T	1
GAAATGACATTCTCGC-1	T	3
GAAATGAGTCATGAGG-1	Myeloid	2
GAAATGAGTCGATTAC-1	T	9
GAAATGAGTGAGTTGG-1	NK	18
GAAATGAGTGGACTGA-1	T	0
GAAATGAGTTCCCGGA-1	NK	5
GAAATGAGTTGTATCG-1	T	9
GAAATGATCAGTTGAC-1	T	11
GAAATGATCATCATGG-1	T	8
GAAATGATCCAACGCG-1	T	8
GAAATGATCCAGAGAG-1	T	4
GAAATGATCCAGGTAT-1	NK	5
GAAATGATCCTATCAT-1	NK	5
GAAATGATCGAACCGC-1	T	8
GAAATGATCGCTTGAA-1	NK	18
GAAATGATCGGACGAA-1	T	7
GAAATGATCTAGCTGA-1	T	15
GAAATGATCTATGAGC-1	T	0
GAAATGATCTCGACAA-1	T	1
GAAATGATCTCTTCCT-1	T	12
GAACCGCAGCAGGACT-1	T	12
GAACCGCAGCGCAATG-1	T	7
GAACCGCAGCGCCTAC-1	NK	18
GAACCGCAGCGTATCT-1	T	9
GAACCGCAGGGAGTTC-1	T	15
GAACCGCAGTCAGCCC-1	T	9
GAACCGCCATTTCTTG-1	T	12
GAACCGCGTACATGGG-1	NK	13
GAACCGCGTATCGCGC-1	T	8
GAACCGCGTCAGTGTT-1	T	16
GAACCGCGTCCCTAAA-1	NK	18
GAACCGCGTGATAAGT-1	T	8
GAACCGCGTGATTCCA-1	T	10
GAACCGCGTGGACAGT-1	T	4
GAACCGCGTGTGTGTT-1	T	3
GAACCGCGTTAGGAAT-1	T	12
GAACCGCGTTTCACCC-1	T	14
GAACCGCGTTTGCCAA-1	T	0
GAACCGCTCCAGGCCA-1	NK	13
GAACCGCTCGAGGTAG-1	T	16
GAACCGCTCGGTACTA-1	T	16
GAACCGCTCTCATATC-1	Myeloid	2
GAACCGCTCTTAATCC-1	Myeloid	2
GAACCGCTCTTATCAC-1	T	17
GAACCTAAGAGTAAGG-1	T	3
GAACCTAAGATCCGAG-1	Myeloid	2
GAACCTAAGCACCATT-1	T	7
GAACCTAAGCAGGAGG-1	T	4
GAACCTAAGCCATTCA-1	T	16
GAACCTAAGCCTTTGA-1	NK	18
GAACCTAAGCGTCTGC-1	T	1
GAACCTAAGGCAAGGG-1	NK	13
GAACCTAAGTATACGA-1	T	4
GAACCTAAGTCAGCCC-1	T	11
GAACCTACAACGTCGC-1	NK	13
GAACCTACAAGCGACA-1	NK	13
GAACCTACAATGGCTT-1	T	7
GAACCTACACCATTCC-1	NK	13
GAACCTACAGTAACCT-1	Myeloid	2
GAACCTACATATACGC-1	T	1
GAACCTACATCATCGA-1	T	16
GAACCTACATTACACG-1	T	0
GAACCTAGTAACGTAA-1	T	0
GAACCTAGTAGCGAGT-1	T	1
GAACCTAGTCAGCTTA-1	T	14
GAACCTAGTCTCTGCT-1	T	16
GAACCTAGTGATGTGG-1	T	17
GAACCTAGTGGAAAGA-1	NK	18
GAACCTAGTTACGGAG-1	T	7
GAACCTAGTTTGCCAA-1	Myeloid	2
GAACCTATCACGTGTA-1	T	9
GAACCTATCCAGCACG-1	T	1
GAACCTATCCCATAGA-1	T	16
GAACCTATCCGTTAGA-1	T	7
GAACCTATCCTTTGAT-1	T	19
GAACCTATCGCACCGA-1	Myeloid	2
GAACCTATCGCGCTGA-1	T	8
GAACCTATCTCTGACC-1	T	10
GAACCTATCTCTTAAC-1	T	8
GAACCTATCTCTTCTC-1	T	8
GAACCTATCTTGCGCT-1	T	7
GAACGTTAGACTCGGA-1	T	12
GAACGTTAGAGCACTG-1	T	14
GAACGTTAGTATCTGC-1	T	3
GAACGTTAGTGAACCG-1	T	8
GAACGTTAGTGGGACT-1	T	12
GAACGTTAGTTCCCGG-1	T	7
GAACGTTAGTTGCCGC-1	T	15
GAACGTTCAAACTACC-1	T	3
GAACGTTCAAGCCTTA-1	NK	13
GAACGTTCAATGATGA-1	NK	5
GAACGTTCACAGGAAC-1	T	17
GAACGTTCACCCATCT-1	NK	18
GAACGTTCAGCAATGG-1	NK	18
GAACGTTCAGGTGGTA-1	NK	13
GAACGTTCAGGTGTCC-1	T	19
GAACGTTCATCCCAAA-1	T	15
GAACGTTCATGCACTA-1	B	6
GAACGTTGTACAAGCG-1	T	15
GAACGTTGTCATAGAA-1	NK	13
GAACGTTGTCCCTTTG-1	T	16
GAACGTTGTCCGTGCA-1	T	14
GAACGTTGTGGTAGAC-1	T	11
GAACGTTGTGTGAGGT-1	T	4
GAACGTTGTGTTGTTG-1	NK	5
GAACGTTTCACAGGGA-1	T	9
GAACGTTTCAGTCAAC-1	T	11
GAACGTTTCCAAGTCA-1	NK	18
GAACGTTTCCATGACA-1	T	15
GAACGTTTCCCGATTC-1	T	14
GAACGTTTCGAGAACG-1	T	9
GAACGTTTCGCGCCAA-1	T	9
GAACGTTTCGGTCGAC-1	T	0
GAACGTTTCGTATAGC-1	T	12
GAACGTTTCGTCGCAG-1	T	9
GAACGTTTCTCATATC-1	T	11
GAACGTTTCTTAATCC-1	T	14
GAACGTTTCTTCAGAG-1	T	15
GAACTTGAGAATACTG-1	T	7
GAACTTGAGAGCAGCT-1	T	19
GAACTTGAGCAATGTA-1	T	11
GAACTTGAGGATTGCG-1	Myeloid	2
GAACTTGAGGGCGAAG-1	T	9
GAACTTGAGGTCACTT-1	T	8
GAACTTGAGGTTAGTA-1	T	17
GAACTTGAGTCTGGGA-1	Myeloid	2
GAACTTGCAATGTAAG-1	T	4
GAACTTGCACTAGGAG-1	NK	18
GAACTTGCACTTACAG-1	T	7
GAACTTGCATCGTACA-1	Myeloid	2
GAACTTGGTAAACGGC-1	T	7
GAACTTGGTAGCAGCA-1	T	17
GAACTTGGTAGTATCC-1	T	11
GAACTTGGTCAAGACG-1	T	11
GAACTTGGTCCAACCG-1	T	12
GAACTTGGTCGCTAGC-1	T	17
GAACTTGGTGATGTGG-1	T	4
GAACTTGGTTACTACG-1	T	12
GAACTTGGTTACTTTC-1	T	3
GAACTTGTCAGAACGG-1	T	1
GAACTTGTCATTCTCA-1	T	9
GAACTTGTCCATAACG-1	T	9
GAACTTGTCCTGAAAC-1	T	1
GAACTTGTCCTGGAAT-1	T	12
GAACTTGTCGATGTGT-1	T	3
GAACTTGTCGTATAGC-1	T	8
GAACTTGTCTTGTACT-1	T	1
GAAGAGCAGAGCTACG-1	NK	13
GAAGAGCAGCGATACG-1	T	9
GAAGAGCAGGGTAATT-1	Myeloid	2
GAAGAGCAGGTCTTTG-1	NK	13
GAAGAGCAGTAATCAG-1	T	14
GAAGAGCAGTGCACAG-1	T	1
GAAGAGCAGTTCGTTG-1	T	16
GAAGAGCCAAACGTTC-1	T	4
GAAGAGCCAATCATCG-1	NK	18
GAAGAGCCACTTATGG-1	T	1
GAAGAGCCAGAATGCG-1	T	17
GAAGAGCCAGCAGGTA-1	T	16
GAAGAGCCATCATGTG-1	T	15
GAAGAGCCATTGCCTC-1	NK	13
GAAGAGCGTAGGGTTG-1	NK	18
GAAGAGCGTCCGTGCA-1	T	12
GAAGAGCGTCGTCGCA-1	Myeloid	2
GAAGAGCGTTCTTAGG-1	T	3
GAAGAGCGTTCTTTCA-1	T	16
GAAGAGCTCAGGAAGC-1	T	1
GAAGAGCTCATCGCCT-1	T	12
GAAGAGCTCCAGAGAG-1	T	10
GAAGAGCTCCGGAAAG-1	T	14
GAAGAGCTCCTGACCT-1	B	6
GAAGAGCTCGAACACT-1	B	6
GAAGAGCTCTCTGCGT-1	T	7
GAAGAGCTCTTCACTA-1	NK	18
GAAGTCTAGACAGCTG-1	Myeloid	2
GAAGTCTAGAGAAGCA-1	Myeloid	2
GAAGTCTAGAGATTAC-1	T	14
GAAGTCTAGAGGCAGG-1	T	15
GAAGTCTAGATGCGCA-1	T	3
GAAGTCTAGATTCCGT-1	T	17
GAAGTCTAGCGTCTGC-1	NK	5
GAAGTCTAGGAAGACA-1	T	14
GAAGTCTAGGCTTAAA-1	NK	5
GAAGTCTAGGTACTCT-1	T	8
GAAGTCTAGTATACGA-1	T	7
GAAGTCTAGTTCTCCC-1	Myeloid	2
GAAGTCTCAATGGCTT-1	Myeloid	2
GAAGTCTCACGTGAAG-1	T	3
GAAGTCTCAGGTGTCC-1	T	11
GAAGTCTCATCGGCTG-1	T	7
GAAGTCTCATGCGTTA-1	T	11
GAAGTCTCATTGATGC-1	T	12
GAAGTCTGTCACCCGA-1	T	0
GAAGTCTGTCATCGTA-1	NK	18
GAAGTCTGTCATTGCA-1	T	1
GAAGTCTGTCATTGGT-1	T	3
GAAGTCTGTGAGGTCA-1	T	9
GAAGTCTGTGCGACCT-1	T	4
GAAGTCTGTGGAGTGT-1	T	9
GAAGTCTTCAGTCAAC-1	T	11
GAAGTCTTCATGCTTT-1	NK	18
GAAGTCTTCCACCTAC-1	T	16
GAAGTCTTCCTCAAGA-1	T	7
GAAGTCTTCGCGTTCT-1	T	0
GAAGTCTTCGTGATAC-1	T	9
GAAGTCTTCGTGGAAG-1	T	4
GAAGTCTTCGTGGCGT-1	NK	13
GAAGTCTTCTCCTTGG-1	T	10
GAAGTCTTCTGGCACG-1	T	16
GAAGTCTTCTGGGCGT-1	T	11
GAAGTCTTCTGTTGCC-1	NK	18
GAAGTGGAGAAGGGCG-1	Myeloid	2
GAAGTGGAGATATGTG-1	NK	18
GAAGTGGAGCCAGAAC-1	T	17
GAAGTGGAGCGATACG-1	T	0
GAAGTGGAGGATGTAT-1	Myeloid	2
GAAGTGGAGGCCTAAG-1	T	16
GAAGTGGAGGGAGTTC-1	T	10
GAAGTGGAGTATGGGC-1	NK	13
GAAGTGGAGTCAACTC-1	T	1
GAAGTGGAGTGAACCG-1	T	17
GAAGTGGAGTGAGCAC-1	T	10
GAAGTGGAGTGGGACT-1	NK	18
GAAGTGGAGTTGCTTG-1	T	14
GAAGTGGCAAACCCTA-1	T	1
GAAGTGGCAACGGACA-1	T	16
GAAGTGGCAACTCGTA-1	T	1
GAAGTGGCACATTCTT-1	T	0
GAAGTGGCACCCTTTG-1	Myeloid	2
GAAGTGGCATAGCAGG-1	T	15
GAAGTGGCATTACCTT-1	T	12
GAAGTGGGTAACGTAA-1	T	15
GAAGTGGGTTACGAAA-1	NK	18
GAAGTGGGTTGGCTAT-1	T	1
GAAGTGGTCAGTCACA-1	T	3
GAAGTGGTCCAACGCG-1	T	12
GAAGTGGTCCACGAGC-1	T	16
GAAGTGGTCCGTCAAA-1	Myeloid	2
GAAGTGGTCCTAAGTG-1	NK	5
GAAGTGGTCGAGGTCC-1	T	9
GAAGTGGTCGAGTTAC-1	T	16
GAAGTGGTCGGACGAA-1	T	19
GAAGTGGTCGTAGCGC-1	T	10
GAAGTGGTCGTCTTAT-1	T	11
GAAGTGGTCGTTCAGA-1	T	9
GAAGTGGTCTCGTAGA-1	T	10
GAAGTGGTCTCTGTTA-1	T	17
GAAGTGGTCTTCACTA-1	T	4
GAATCTGAGAATCAAC-1	T	9
GAATCTGAGATTACGA-1	T	3
GAATCTGAGCCATGGA-1	NK	13
GAATCTGAGGCGCTTC-1	T	7
GAATCTGAGGGTGTTG-1	T	15
GAATCTGAGTGCTCGC-1	T	3
GAATCTGCAAGGGTAC-1	T	16
GAATCTGCAATGTAAG-1	T	12
GAATCTGCACTCAAGT-1	T	0
GAATCTGCACTCCCAT-1	T	16
GAATCTGCAGCGTAGA-1	T	11
GAATCTGGTAACAATG-1	T	15
GAATCTGGTAACCATC-1	T	9
GAATCTGGTCCGCTTT-1	T	14
GAATCTGGTGGTAGAC-1	T	1
GAATCTGGTTAGCTCA-1	NK	5
GAATCTGTCAGTGGTT-1	T	1
GAATCTGTCATGAACC-1	T	0
GAATCTGTCCAGGTAT-1	T	16
GAATCTGTCCAGTACA-1	T	17
GAATCTGTCCTCAAGA-1	B	6
GAATCTGTCGACCCGA-1	T	19
GAATCTGTCGTTCCGT-1	T	9
GAATCTGTCTCATCCG-1	T	12
GAATCTGTCTCTTAAC-1	NK	13
GACCAATAGAAATACC-1	NK	13
GACCAATAGAGGAACA-1	T	7
GACCAATAGAGGAAGT-1	T	7
GACCAATAGGCAAGCT-1	T	14
GACCAATAGGCGTCCT-1	Myeloid	2
GACCAATAGTATAGTG-1	NK	18
GACCAATAGTATCTGC-1	B	6
GACCAATAGTTACACC-1	NK	18
GACCAATAGTTCTCCC-1	T	4
GACCAATCAAGCAGGT-1	Myeloid	2
GACCAATCAAGTGGCA-1	T	12
GACCAATCACAAACGG-1	T	8
GACCAATCACCGATCG-1	T	4
GACCAATCACTAGGAG-1	T	12
GACCAATCACTCAAGT-1	T	3
GACCAATCACTGTCGG-1	NK	18
GACCAATCAGAGTCGA-1	T	14
GACCAATCAGCAACGA-1	Myeloid	2
GACCAATCAGCCACGT-1	NK	13
GACCAATCAGTAAGCG-1	T	3
GACCAATCATTCACCC-1	B	6
GACCAATGTAAGTCTC-1	T	11
GACCAATGTAGAAGCC-1	NK	13
GACCAATGTATCGCGC-1	T	14
GACCAATGTATGCTAC-1	T	3
GACCAATGTCATCGTA-1	T	11
GACCAATGTCGACTGC-1	T	4
GACCAATGTCTGGTCG-1	T	10
GACCAATGTGCTGGCT-1	NK	13
GACCAATGTGGAAGCT-1	NK	18
GACCAATGTGTCCCAG-1	T	14
GACCAATGTTAACCGT-1	T	8
GACCAATGTTACGCTA-1	Myeloid	2
GACCAATGTTCTCGAA-1	NK	18
GACCAATGTTCTTTCA-1	T	10
GACCAATGTTTCGATG-1	T	10
GACCAATGTTTGCCAA-1	T	4
GACCAATTCAAACCCA-1	T	17
GACCAATTCAGGCGCT-1	T	9
GACCAATTCATTCATC-1	T	4
GACCAATTCCCGAAGC-1	T	8
GACCAATTCCGCTCTA-1	T	16
GACCAATTCCTATCCG-1	T	10
GACCAATTCGAGCGCT-1	T	10
GACCAATTCGATATGC-1	T	16
GACCAATTCGTCAACA-1	NK	18
GACCAATTCTAGCAGT-1	T	0
GACCAATTCTCAGATG-1	T	1
GACCAATTCTCGACCT-1	T	12
GACCCAGAGATCTAAG-1	T	12
GACCCAGAGCGTAGCA-1	T	7
GACCCAGAGGGAGATA-1	T	14
GACCCAGAGGGATCCA-1	T	3
GACCCAGAGTTCAACC-1	T	1
GACCCAGCAACTCCCT-1	T	0
GACCCAGCACATAAAG-1	NK	13
GACCCAGCACTTATGG-1	T	16
GACCCAGCAGGGTACA-1	T	7
GACCCAGCATCTCACC-1	Myeloid	2
GACCCAGGTATCCTTT-1	T	10
GACCCAGGTCAACGGA-1	T	12
GACCCAGGTCCAACCG-1	T	8
GACCCAGGTCCCGTGA-1	T	11
GACCCAGGTGTCGTCG-1	T	3
GACCCAGGTTGCCTGG-1	B	6
GACCCAGTCGCCTTAC-1	T	16
GACCCAGTCGTTACAG-1	T	7
GACCCAGTCTGAAAGA-1	T	8
GACCCAGTCTGACTTT-1	B	6
GACCGACAGAGGTCCA-1	T	3
GACCGACAGTCCAGAG-1	NK	18
GACCGACAGTCGGGAT-1	NK	13
GACCGACAGTGAAACT-1	T	0
GACCGACCACCCTTTG-1	B	6
GACCGACCACTTTGGA-1	T	4
GACCGACCAGTAACGG-1	T	12
GACCGACCATCAACTG-1	Myeloid	2
GACCGACCATTATGGC-1	T	17
GACCGACTCCAATCCC-1	Myeloid	2
GACCGACTCCCTAAAG-1	T	0
GACCGACTCCGATGCG-1	T	11
GACCGACTCCGGAAAG-1	T	14
GACCGACTCCTGACCT-1	Myeloid	2
GACCGACTCTATAGGC-1	B	6
GACCTTCAGACAGTGC-1	T	14
GACCTTCAGATCCGAG-1	T	0
GACCTTCAGATCGATA-1	T	4
GACCTTCAGCAGAAAG-1	NK	18
GACCTTCAGCTGGAGT-1	T	0
GACCTTCAGGACTAGC-1	T	17
GACCTTCAGGTGTCGA-1	T	9
GACCTTCAGGTTCGAG-1	Myeloid	2
GACCTTCAGGTTCTCA-1	T	14
GACCTTCAGTGCACAG-1	T	7
GACCTTCAGTTCGTTG-1	NK	18
GACCTTCCAAACTACC-1	T	12
GACCTTCCAACGAGGT-1	T	3
GACCTTCCAACGTCCG-1	T	15
GACCTTCCAAGTTCGT-1	NK	18
GACCTTCCACGCGTTG-1	T	17
GACCTTCCAGCGTACC-1	T	10
GACCTTCCAGGCACAA-1	T	3
GACCTTCCATCAGCTA-1	T	4
GACCTTCCATCGTACA-1	T	10
GACCTTCCATTCTCGC-1	T	16
GACCTTCCATTCTTTG-1	T	15
GACCTTCGTAGCTGTT-1	NK	18
GACCTTCGTCCCTTTG-1	T	10
GACCTTCGTCCTTATT-1	T	3
GACCTTCGTGACGCAA-1	T	0
GACCTTCGTGCACCCA-1	T	8
GACCTTCGTTCACGTA-1	T	17
GACCTTCTCAAACCCA-1	T	3
GACCTTCTCAGGAATA-1	T	9
GACCTTCTCATCGCAA-1	T	19
GACCTTCTCATCGCTC-1	T	3
GACCTTCTCATGCTTT-1	T	12
GACCTTCTCGATGAAA-1	T	12
GACCTTCTCGCTCGGA-1	T	9
GACCTTCTCGCTTACC-1	T	7
GACCTTCTCGTCGCAG-1	T	11
GACCTTCTCGTTCTAT-1	T	11
GACCTTCTCTAGCAAC-1	T	3
GACCTTCTCTCCTTGG-1	T	4
GACCTTCTCTGTGTGA-1	T	7
GACCTTCTCTTGTCAT-1	Myeloid	2
GACTAACAGAATATCG-1	T	14
GACTAACAGACTCTTG-1	T	10
GACTAACAGAGCGGTT-1	T	10
GACTAACAGCACCATT-1	T	14
GACTAACAGCTACGCC-1	T	14
GACTAACAGGAGGCGA-1	B	6
GACTAACAGTAGCAAT-1	NK	13
GACTAACAGTCGGGAT-1	T	9
GACTAACAGTGTTCCA-1	T	9
GACTAACCACAAACAA-1	T	14
GACTAACCACATATCG-1	B	6
GACTAACCACCTACCT-1	T	15
GACTAACCACCTCGTT-1	T	9
GACTAACCACTGTAAC-1	T	3
GACTAACCAGGGTACA-1	NK	13
GACTAACCAGTAAGAT-1	T	3
GACTAACCATGTGAGG-1	T	7
GACTAACCATTGCACA-1	T	14
GACTAACGTAAACGGC-1	T	0
GACTAACGTTTGCATG-1	NK	5
GACTAACTCAAGAGGC-1	T	4
GACTAACTCATTCTTG-1	T	0
GACTAACTCCAATCCC-1	T	0
GACTAACTCGGACGAA-1	NK	18
GACTAACTCGGATCGC-1	T	0
GACTAACTCTACTGCC-1	T	15
GACTAGTAGAGGAATG-1	Myeloid	2
GACTAGTAGATCGATA-1	NK	5
GACTAGTAGCATGATA-1	T	19
GACTAGTAGCCAGAAC-1	T	9
GACTAGTAGCTACGCC-1	T	10
GACTAGTAGCTATCGT-1	T	4
GACTAGTAGGCAAGGG-1	T	16
GACTAGTAGTAACACA-1	T	3
GACTAGTAGTAGGTCG-1	B	6
GACTAGTAGTCCTTCC-1	T	15
GACTAGTCAACGCAAG-1	T	1
GACTAGTCACAGTTAC-1	B	6
GACTAGTCACCGTCTT-1	T	15
GACTAGTCACTAAACC-1	T	1
GACTAGTCAGATTTGC-1	T	7
GACTAGTCATTGATGC-1	T	7
GACTAGTGTATATGGA-1	T	1
GACTAGTGTCCCTTTG-1	T	0
GACTAGTGTGCTGTGC-1	T	3
GACTAGTGTTAGTAGA-1	NK	5
GACTAGTGTTTGCCCT-1	T	7
GACTAGTTCAGCCGGT-1	T	17
GACTAGTTCCAGTTAG-1	Myeloid	2
GACTAGTTCCCAATGA-1	NK	18
GACTAGTTCCGGACTG-1	T	1
GACTAGTTCCGTACGG-1	T	4
GACTAGTTCCTCCTGA-1	T	16
GACTAGTTCCTTGACC-1	T	10
GACTAGTTCGCAAGCC-1	T	11
GACTAGTTCGCGGCAT-1	T	12
GACTAGTTCGTCTTAT-1	NK	13
GACTAGTTCGTGCTGG-1	T	17
GACTAGTTCTACTGCC-1	NK	13
GAGAACGAGCCCATGC-1	T	1
GAGAACGAGGAGAACA-1	T	4
GAGAACGAGGATATCA-1	T	9
GAGAACGAGGTCGGTA-1	NK	18
GAGAACGAGGTGTCGA-1	T	4
GAGAACGAGTGCTGAG-1	T	3
GAGAACGCAACAACTC-1	T	9
GAGAACGCAACGACAG-1	T	16
GAGAACGCAACGGACA-1	T	12
GAGAACGCAACGTACT-1	T	0
GAGAACGCACTGTCGG-1	T	15
GAGAACGCAGCGCGTT-1	T	15
GAGAACGCAGTTACAC-1	T	15
GAGAACGCATCCCGGA-1	T	14
GAGAACGGTATCTCAG-1	T	7
GAGAACGGTCACATTG-1	T	14
GAGAACGGTGATTCCA-1	T	12
GAGAACGGTGCCCTAG-1	T	9
GAGAACGGTGGACCAA-1	T	17
GAGAACGGTGTTGGTT-1	T	11
GAGAACGGTTCCAATG-1	T	4
GAGAACGTCATTCGGA-1	T	1
GAGAACGTCCGATGCG-1	T	8
GAGAACGTCTATATCC-1	NK	5
GAGAACGTCTCCCTTT-1	T	0
GAGAACGTCTGCTACC-1	T	1
GAGAACGTCTTAAGCG-1	T	15
GAGACTTAGAAGACTT-1	B	6
GAGACTTAGAGCTACG-1	T	7
GAGACTTAGAGCTCCC-1	NK	13
GAGACTTAGGAGGCGA-1	T	11
GAGACTTAGGATGTCG-1	NK	13
GAGACTTAGGCTTTAC-1	T	12
GAGACTTAGTACAGTA-1	T	3
GAGACTTAGTAGACCG-1	T	8
GAGACTTAGTCCGATT-1	Myeloid	2
GAGACTTAGTCTCCAA-1	Myeloid	2
GAGACTTCAACTCCCT-1	T	16
GAGACTTCACGGTTAT-1	T	8
GAGACTTCAGTAGTTC-1	T	3
GAGACTTCATTGATGC-1	T	16
GAGACTTGTAACCATC-1	NK	13
GAGACTTGTACGTAGG-1	T	9
GAGACTTGTCAGGTGA-1	T	16
GAGACTTGTCCTTATT-1	Myeloid	2
GAGACTTGTGCAAGCA-1	T	1
GAGACTTGTGTCCAGC-1	NK	13
GAGACTTGTTACTTTC-1	T	3
GAGACTTGTTCACGTA-1	T	4
GAGACTTGTTCTTTGT-1	T	19
GAGACTTGTTGGTAAA-1	T	11
GAGACTTTCAGGAATA-1	T	16
GAGACTTTCCATGTTT-1	T	4
GAGACTTTCCCACTTG-1	NK	13
GAGACTTTCCTGGAAT-1	T	7
GAGACTTTCGACTGGC-1	T	14
GAGACTTTCGCTATTT-1	Myeloid	2
GAGACTTTCGTCCCTA-1	T	19
GAGACTTTCGTGAGTT-1	T	16
GAGACTTTCTACCCGT-1	T	7
GAGACTTTCTTTATCG-1	B	6
GAGATTCAGAAATCTG-1	T	9
GAGATTCAGACGCCCT-1	T	17
GAGATTCAGCGTTAGG-1	NK	5
GAGATTCAGCTACGTT-1	T	1
GAGATTCAGCTGAATA-1	T	14
GAGATTCAGGCGATTG-1	T	7
GAGATTCAGGCTGGAT-1	T	8
GAGATTCAGTGAACCG-1	T	0
GAGATTCAGTGCTAGG-1	B	6
GAGATTCAGTTCCAGT-1	T	19
GAGATTCCAACAACTC-1	T	17
GAGATTCCAACGACAG-1	T	10
GAGATTCCAAGACACG-1	NK	13
GAGATTCCAATGCCAT-1	T	12
GAGATTCCAGGTGGTA-1	T	11
GAGATTCCAGTTAAAG-1	Myeloid	2
GAGATTCCATCATGTG-1	T	10
GAGATTCCATCTCACC-1	T	1
GAGATTCGTCTGTGTA-1	T	4
GAGATTCGTGCACCCA-1	T	14
GAGATTCGTTTGTCTT-1	T	1
GAGATTCTCACTACCC-1	T	10
GAGATTCTCGGATCGC-1	T	14
GAGATTCTCTCAGATG-1	T	11
GAGATTCTCTCGGCGA-1	T	4
GAGATTCTCTCGTGAA-1	T	10
GAGATTCTCTGAGTAC-1	T	7
GAGATTCTCTGGAAGG-1	Myeloid	2
GAGCATTAGACCCATT-1	T	10
GAGCATTAGATACCAA-1	NK	13
GAGCATTAGGCCAGTA-1	T	1
GAGCATTAGGTGAACC-1	T	19
GAGCATTAGTCATACC-1	T	3
GAGCATTAGTGAGTTA-1	T	0
GAGCATTAGTTAGCGG-1	T	9
GAGCATTCAAGCCCTG-1	T	1
GAGCATTCAAGGGAGG-1	NK	18
GAGCATTCACAGTTCA-1	Myeloid	2
GAGCATTCACCTGGTG-1	T	4
GAGCATTCACTTTGGA-1	Myeloid	2
GAGCATTCAGTTGCAT-1	T	14
GAGCATTCATAGACGG-1	T	12
GAGCATTCATGCTATG-1	T	19
GAGCATTGTAAGTGCG-1	T	4
GAGCATTGTACGACCC-1	NK	18
GAGCATTGTCCTCAGG-1	T	10
GAGCATTGTCTCTAAG-1	T	16
GAGCATTGTGATAACA-1	T	9
GAGCATTGTGTGACCC-1	T	3
GAGCATTGTTGAAGCG-1	T	16
GAGCATTTCCGTTAGA-1	NK	13
GAGCATTTCGATAGCT-1	T	16
GAGCATTTCGGACGAA-1	NK	13
GAGCATTTCGGTCTAA-1	NK	18
GAGCATTTCGTTGTTT-1	T	4
GAGCATTTCTGGCTAA-1	T	11
GAGCATTTCTTCGTTA-1	NK	18
GAGCGCTAGAACCCGA-1	T	7
GAGCGCTAGACCGCAA-1	NK	18
GAGCGCTAGAGCCACA-1	T	3
GAGCGCTAGCTGGAGT-1	T	10
GAGCGCTAGGTGATGC-1	T	19
GAGCGCTAGTAGGAAG-1	T	7
GAGCGCTAGTCTCGAT-1	B	6
GAGCGCTAGTGGTGTG-1	T	11
GAGCGCTAGTGTCGGA-1	T	9
GAGCGCTCACGTTGTA-1	T	11
GAGCGCTCACTGCTCT-1	T	3
GAGCGCTCAGGACCTC-1	T	4
GAGCGCTCATAGACGG-1	T	4
GAGCGCTGTAAGTCTC-1	T	16
GAGCGCTGTAGACACG-1	NK	18
GAGCGCTGTAGGTCTT-1	T	14
GAGCGCTGTATCCCTC-1	T	4
GAGCGCTGTCCGTGCA-1	T	9
GAGCGCTGTCTGCACG-1	Myeloid	2
GAGCGCTGTCTGGGAA-1	T	9
GAGCGCTGTGAGTCGA-1	NK	13
GAGCGCTGTGATAAGT-1	NK	18
GAGCGCTGTTCTGAAC-1	T	4
GAGCGCTGTTGGACGA-1	T	3
GAGCGCTGTTTCCACC-1	NK	5
GAGCGCTTCACGTGTA-1	T	4
GAGCGCTTCAGTCAAC-1	T	15
GAGCGCTTCATGAACC-1	T	3
GAGCGCTTCCAGTTAG-1	Myeloid	2
GAGCGCTTCGCTTCAC-1	T	14
GAGGATGAGACCCATT-1	T	15
GAGGATGAGAGAGGTA-1	Myeloid	2
GAGGATGAGAGCTGTG-1	T	1
GAGGATGAGGAGTAGA-1	T	17
GAGGATGAGGCAGTGT-1	NK	5
GAGGATGAGGCGACTA-1	T	11
GAGGATGAGGCTGGAT-1	T	10
GAGGATGAGTTGTCCA-1	T	14
GAGGATGCAAATTGAG-1	T	4
GAGGATGCACGATTAC-1	T	19
GAGGATGCACTCGCAG-1	T	9
GAGGATGCAGCGTAGA-1	T	1
GAGGATGCAGGGTACA-1	T	4
GAGGATGCATGGGTGA-1	Myeloid	2
GAGGATGCATTGAACC-1	T	16
GAGGATGGTACGTAGG-1	NK	18
GAGGATGGTAGGTAAT-1	B	6
GAGGATGGTCCGGTAC-1	T	8
GAGGATGGTCTAACCA-1	T	0
GAGGATGGTCTGGGAA-1	T	16
GAGGATGGTGAGCTAG-1	T	8
GAGGATGGTGAGTCGA-1	T	16
GAGGATGGTGGATTTC-1	NK	5
GAGGATGGTTAACCAC-1	T	12
GAGGATGGTTAGAGAT-1	T	11
GAGGATGGTTAGGCTT-1	B	6
GAGGATGGTTATCGAC-1	B	6
GAGGATGGTTCCAATG-1	T	19
GAGGATGGTTGCAGAG-1	T	10
GAGGATGGTTGTATCG-1	T	9
GAGGATGTCACTAGGT-1	NK	13
GAGGATGTCCAACGCG-1	Myeloid	2
GAGGATGTCCCTAAAG-1	T	4
GAGGATGTCCTCTCTT-1	T	9
GAGGATGTCCTGTAGA-1	T	4
GAGGATGTCGGTCTAA-1	Myeloid	2
GAGGATGTCGGTCTCT-1	T	15
GAGGATGTCTGCTACC-1	Myeloid	2
GAGGATGTCTGGCCAG-1	NK	18
GAGGATGTCTGGCTAA-1	NK	13
GAGGATGTCTTACGGA-1	T	14
GAGGATGTCTTCAGAG-1	T	9
GAGGCTCAGAAGGGCG-1	NK	18
GAGGCTCAGCCGCAAA-1	T	0
GAGGCTCAGCGAGAAA-1	Myeloid	2
GAGGCTCAGCGTTAGG-1	T	11
GAGGCTCAGCTGAGGT-1	T	15
GAGGCTCAGGGCGAAG-1	NK	5
GAGGCTCAGGTCACTT-1	NK	13
GAGGCTCAGTACAACA-1	NK	5
GAGGCTCAGTCACGCC-1	B	6
GAGGCTCCAAGAGATT-1	T	9
GAGGCTCCAAGGTCGA-1	T	8
GAGGCTCCACATATCG-1	T	3
GAGGCTCCACCACAGC-1	T	3
GAGGCTCCACCATTCC-1	T	3
GAGGCTCCACTGATTG-1	T	0
GAGGCTCCAGCCGAAA-1	T	14
GAGGCTCCAGTGCGAA-1	T	1
GAGGCTCCATGGATGG-1	T	4
GAGGCTCGTAAACGTA-1	T	7
GAGGCTCGTAACGTAA-1	T	7
GAGGCTCGTAAGCCGA-1	T	11
GAGGCTCGTACCAAGG-1	T	1
GAGGCTCGTACGTATC-1	T	3
GAGGCTCGTCAAGACG-1	NK	18
GAGGCTCGTCAATACC-1	T	19
GAGGCTCGTCGAGAAC-1	NK	18
GAGGCTCGTGATCAGG-1	T	7
GAGGCTCGTGGCCTTG-1	T	1
GAGGCTCGTTAAGTCC-1	T	16
GAGGCTCTCACAACAC-1	T	1
GAGGCTCTCCCATAGA-1	T	12
GAGGCTCTCCTCATTA-1	T	8
GAGGCTCTCGATATGC-1	Myeloid	2
GAGGCTCTCGCGGCAT-1	Myeloid	2
GAGGCTCTCGTTCTAT-1	T	7
GAGGCTCTCTCCTTAA-1	T	12
GAGGTCCAGAAATACC-1	T	0
GAGGTCCAGGACTTTC-1	T	0
GAGGTCCAGGCAGATC-1	Myeloid	2
GAGGTCCAGGGAAGCG-1	B	6
GAGGTCCAGGTAGGCT-1	T	19
GAGGTCCAGTCCAGAG-1	T	19
GAGGTCCAGTGCTCGC-1	T	9
GAGGTCCCAACTCCCT-1	T	11
GAGGTCCCAAGCAACG-1	T	1
GAGGTCCCAAGGAAGA-1	NK	18
GAGGTCCCAATAGCGG-1	Myeloid	2
GAGGTCCCACCACCAG-1	B	6
GAGGTCCCAGAGAGAA-1	Myeloid	2
GAGGTCCCATAGTCCA-1	T	0
GAGGTCCCATCATAGC-1	T	14
GAGGTCCCATCCCAAA-1	T	1
GAGGTCCCATCGTGAT-1	T	4
GAGGTCCCATGTCCCT-1	T	16
GAGGTCCCATTCTCGC-1	T	4
GAGGTCCCATTGCGAT-1	NK	13
GAGGTCCGTATCCCTC-1	T	19
GAGGTCCGTATGGGTG-1	B	6
GAGGTCCGTCTCGGGT-1	T	3
GAGGTCCGTGCTGGCT-1	T	9
GAGGTCCGTTAACCAC-1	T	8
GAGGTCCGTTCTTTGT-1	T	1
GAGGTCCTCCCAATGA-1	B	6
GAGGTCCTCCCGCAAG-1	B	6
GAGGTCCTCGCAACTA-1	NK	5
GAGGTCCTCTAGCAAC-1	T	4
GAGGTCCTCTTTGCAT-1	T	8
GAGTGAGAGAGGTCCA-1	Myeloid	2
GAGTGAGAGAGTGGAA-1	T	3
GAGTGAGAGGCACCTC-1	Myeloid	2
GAGTGAGAGGGTTCCC-1	T	9
GAGTGAGAGGTGTTGG-1	T	11
GAGTGAGAGGTTGTTC-1	B	6
GAGTGAGAGTAACACA-1	T	1
GAGTGAGAGTCCTTCC-1	T	4
GAGTGAGCAAACTACC-1	NK	18
GAGTGAGCAAAGCTGG-1	T	8
GAGTGAGCAAATAGTG-1	T	12
GAGTGAGCAACTTGGT-1	T	19
GAGTGAGCACAGGTAG-1	T	7
GAGTGAGCACGCTGTG-1	T	1
GAGTGAGCACGTGAAG-1	B	6
GAGTGAGCATACTGCA-1	NK	13
GAGTGAGCATCCCTTG-1	T	9
GAGTGAGCATGCACTA-1	T	12
GAGTGAGGTAGCGAGT-1	T	4
GAGTGAGGTAGGGTTG-1	T	4
GAGTGAGGTATTCACG-1	T	8
GAGTGAGGTCGAGGAT-1	T	14
GAGTGAGGTGAATGTA-1	T	11
GAGTGAGGTGGAAAGA-1	T	1
GAGTGAGGTTAGCTCA-1	T	15
GAGTGAGGTTGGAGGT-1	B	6
GAGTGAGGTTTCACCC-1	T	8
GAGTGAGTCAGAATGA-1	T	1
GAGTGAGTCATTGCCC-1	T	14
GAGTGAGTCCAACAAC-1	T	0
GAGTGAGTCCAAGTCA-1	T	9
GAGTGAGTCCACGGCA-1	T	9
GAGTGAGTCCCAATGA-1	T	17
GAGTGAGTCCCAGCAG-1	T	3
GAGTGAGTCCGTGCAG-1	T	17
GAGTGAGTCCTAAGTG-1	B	6
GAGTGAGTCGAGAACG-1	T	3
GAGTGAGTCGGATGTT-1	NK	13
GAGTGAGTCTCCAACC-1	T	19
GATCATGAGACGCCAA-1	Myeloid	2
GATCATGAGGCTTAAA-1	T	14
GATCATGAGGGATCCA-1	T	19
GATCATGAGTATGGGC-1	T	4
GATCATGAGTCCGATT-1	T	10
GATCATGAGTCTCTAG-1	T	10
GATCATGCAACCTCCT-1	T	4
GATCATGCACATATCG-1	T	0
GATCATGCACCCTTAC-1	T	11
GATCATGCACGCGATC-1	T	12
GATCATGCATAAAGTG-1	T	9
GATCATGCATCATGTG-1	Myeloid	2
GATCATGGTAGTATCC-1	T	7
GATCATGGTCAGACGA-1	T	15
GATCATGGTGCGCATC-1	B	6
GATCATGGTTACGAAA-1	T	11
GATCATGGTTCATTTC-1	T	12
GATCATGTCAATTGGC-1	NK	13
GATCATGTCAGGATCT-1	T	8
GATCATGTCAGTGGTT-1	Myeloid	2
GATCATGTCGCTTACC-1	T	9
GATCATGTCGTCCCAT-1	T	16
GATCATGTCTTAGTGG-1	NK	18
GATCATGTCTTGTGCC-1	T	8
GATCGTAAGAAAGCAG-1	T	9
GATCGTAAGACGCCCT-1	T	8
GATCGTAAGAGGTCCA-1	Myeloid	2
GATCGTAAGCCTGTAT-1	T	19
GATCGTAAGCTACGTT-1	B	6
GATCGTAAGGGTTCCC-1	T	10
GATCGTAAGTCATCTG-1	T	7
GATCGTAAGTCCCGCA-1	NK	18
GATCGTAAGTCTAGAA-1	T	7
GATCGTAAGTGAATAC-1	T	12
GATCGTAAGTGGGACT-1	NK	13
GATCGTAAGTTCTCCC-1	T	8
GATCGTACAACGGACA-1	T	3
GATCGTACAATGATGA-1	T	15
GATCGTACACAAGTGG-1	T	4
GATCGTACACTGTCAA-1	T	10
GATCGTACAGATAAGT-1	T	1
GATCGTACAGGTAACG-1	T	14
GATCGTACATACAACC-1	T	0
GATCGTACATATACGC-1	B	6
GATCGTAGTAAGCCGA-1	B	6
GATCGTAGTATCAGCT-1	NK	18
GATCGTAGTATTCGCA-1	T	12
GATCGTAGTCACTCTC-1	T	14
GATCGTAGTCGTAATC-1	T	4
GATCGTAGTCTAAAGA-1	T	14
GATCGTAGTCTGGTCG-1	T	3
GATCGTAGTGCTGGCT-1	T	17
GATCGTATCAAACCCA-1	T	4
GATCGTATCACCCTTG-1	T	4
GATCGTATCGCTATTT-1	NK	18
GATCGTATCGGACGAA-1	T	17
GATCGTATCTATGAGC-1	T	0
GATCGTATCTCCTTGG-1	NK	13
GATCGTATCTGGGCGT-1	Myeloid	2
GATGATCAGAGGAATG-1	NK	18
GATGATCAGCGATACG-1	NK	18
GATGATCAGCTCCATA-1	NK	5
GATGATCAGCTCCGGT-1	T	3
GATGATCAGGTTCTCA-1	T	16
GATGATCAGTCCCGCA-1	T	17
GATGATCAGTGATAAC-1	T	8
GATGATCAGTGATCTC-1	T	4
GATGATCAGTTGCCGC-1	B	6
GATGATCAGTTGTCCA-1	T	4
GATGATCCAAAGCTTC-1	Myeloid	2
GATGATCCAAGATTAG-1	T	7
GATGATCCAATGGTCT-1	T	16
GATGATCCACCGTTGG-1	T	4
GATGATCCACTTTGGA-1	B	6
GATGATCCAGATTAAG-1	T	3
GATGATCCAGGGAGTT-1	T	12
GATGATCCAGGGTAAC-1	T	16
GATGATCCATAGCCAT-1	T	3
GATGATCCATCACAAC-1	T	11
GATGATCCATCGCCTT-1	T	9
GATGATCCATGCGCTG-1	T	4
GATGATCGTAACGGCA-1	T	4
GATGATCGTACCCATA-1	T	0
GATGATCGTACCGGCT-1	T	19
GATGATCGTAGACGCA-1	NK	13
GATGATCGTCGTCGCA-1	T	19
GATGATCGTCTGGTCG-1	T	7
GATGATCGTGATCAGG-1	T	7
GATGATCGTGGTAAGC-1	T	16
GATGATCGTGGTAGAC-1	T	16
GATGATCGTTAACCGT-1	T	3
GATGATCGTTCCAATG-1	T	3
GATGATCTCAGTACAC-1	NK	13
GATGATCTCCAACCTC-1	T	9
GATGATCTCCCTACCA-1	T	19
GATGATCTCCGTACGG-1	T	3
GATGATCTCCGTGCAG-1	Myeloid	2
GATGATCTCGAGTTAC-1	T	11
GATGATCTCTACTGCC-1	T	3
GATGATCTCTCGGCGA-1	T	12
GATGATCTCTTCACTA-1	NK	5
GATGGCCAGAAATACC-1	NK	5
GATGGCCAGAATATCG-1	Myeloid	2
GATGGCCAGAGGAATG-1	T	1
GATGGCCAGCGCACAA-1	T	7
GATGGCCAGCTGCCAC-1	T	10
GATGGCCAGGCTGGAT-1	T	10
GATGGCCAGTCGATAA-1	T	10
GATGGCCCAACACGGA-1	T	14
GATGGCCCAAGCAGGT-1	T	16
GATGGCCCACAGGAAC-1	NK	13
GATGGCCCACGTACAT-1	T	16
GATGGCCCACTGGGCT-1	T	1
GATGGCCCAGGGTAAC-1	NK	18
GATGGCCCATAGACGG-1	T	8
GATGGCCCATCAACTG-1	T	7
GATGGCCGTAAGTGCG-1	NK	13
GATGGCCGTACAAGCG-1	T	0
GATGGCCGTACCCACG-1	T	4
GATGGCCGTATCTCAG-1	T	7
GATGGCCGTCAGGCTC-1	Myeloid	2
GATGGCCGTCCTTCAC-1	NK	13
GATGGCCGTCTCAAAC-1	T	19
GATGGCCGTGCACTTA-1	T	16
GATGGCCGTGTCCCAG-1	T	17
GATGGCCGTTAGGAGC-1	T	3
GATGGCCTCAGGGTTT-1	T	3
GATGGCCTCCACGCTT-1	T	0
GATGGCCTCCACGGCA-1	NK	13
GATGGCCTCCATACCC-1	T	4
GATGGCCTCCCTACGT-1	T	15
GATGGCCTCCGATGCG-1	T	0
GATGGCCTCCTGAAAC-1	NK	5
GATGGCCTCGCCCTTA-1	T	10
GATGGCCTCGCGCTGA-1	T	10
GATGGCCTCGGGAAAC-1	B	6
GATGGCCTCGGTACTA-1	T	0
GATGGCCTCGTTTGAG-1	T	8
GATGGCCTCTTACTCA-1	T	7
GATTAGCAGACTAGCG-1	T	14
GATTAGCAGACTAGGC-1	T	8
GATTAGCAGATGCGCA-1	T	16
GATTAGCAGGAAGACA-1	NK	13
GATTAGCAGGTTAGTA-1	NK	18
GATTAGCAGTAACACA-1	Myeloid	2
GATTAGCAGTAATCAG-1	Myeloid	2
GATTAGCAGTACAGAT-1	T	12
GATTAGCAGTATGCTC-1	T	7
GATTAGCAGTCCGATT-1	T	15
GATTAGCCAAACCCTA-1	Myeloid	2
GATTAGCCAATGTAAG-1	T	3
GATTAGCCACAAGTGG-1	T	1
GATTAGCCACAATAAG-1	NK	13
GATTAGCCACTTATGG-1	T	1
GATTAGCCAGTAACTC-1	T	15
GATTAGCCATTTCTTG-1	B	6
GATTAGCGTAATGTAG-1	T	12
GATTAGCGTAGCCATT-1	T	9
GATTAGCGTATACGCT-1	T	17
GATTAGCGTCCAACCG-1	T	1
GATTAGCGTGAATGTA-1	Myeloid	2
GATTAGCGTGCACTTA-1	T	12
GATTAGCGTGTGTGCC-1	NK	18
GATTAGCGTTCATTTC-1	T	4
GATTAGCGTTTGTGAC-1	T	4
GATTAGCTCAACGTGT-1	T	12
GATTAGCTCCATGACA-1	T	11
GATTAGCTCCATTGTT-1	T	4
GATTAGCTCGCATAAC-1	T	16
GATTAGCTCGGGAATG-1	NK	18
GATTAGCTCTAAACGC-1	T	0
GATTAGCTCTCTGAGA-1	NK	13
GATTGACAGAAATTCG-1	NK	13
GATTGACAGAACCCGA-1	NK	18
GATTGACAGACACTTC-1	T	4
GATTGACAGACGAAAG-1	T	0
GATTGACAGATCGCCC-1	T	9
GATTGACAGCGGACTA-1	Myeloid	2
GATTGACAGCGTATCT-1	T	9
GATTGACAGGTTGACG-1	T	9
GATTGACAGTAGGTCG-1	T	8
GATTGACCAAAGGAAG-1	Myeloid	2
GATTGACCAACTCGTA-1	T	3
GATTGACCAAGTGGCA-1	T	7
GATTGACCACTCGTGG-1	T	3
GATTGACCAGCCACGT-1	T	4
GATTGACCAGGCTACC-1	T	11
GATTGACCATACTGCA-1	Myeloid	2
GATTGACCATAGTCCA-1	T	14
GATTGACCATATACGC-1	T	14
GATTGACCATTCACGA-1	T	3
GATTGACGTCCATTGA-1	T	7
GATTGACGTCCGCTTT-1	T	0
GATTGACGTCGACTGC-1	T	12
GATTGACGTGCTTGAT-1	B	6
GATTGACGTGGAGTGT-1	T	7
GATTGACGTTAACCAC-1	B	6
GATTGACTCACTCGGG-1	T	8
GATTGACTCAGGCCGT-1	T	14
GATTGACTCCGGCTGA-1	T	10
GATTGACTCCTCAAGA-1	T	12
GATTGACTCCTCATTA-1	T	15
GATTGACTCGACTTAG-1	T	0
GATTGACTCGCGTGAC-1	T	9
GCAAAGGAGAATCAAC-1	T	8
GCAAAGGAGAGTTTGA-1	T	14
GCAAAGGAGATCACCT-1	T	1
GCAAAGGAGCACACCC-1	NK	18
GCAAAGGAGGTACTCT-1	T	10
GCAAAGGAGGTCTTTG-1	T	12
GCAAAGGAGGTTAGTA-1	T	12
GCAAAGGAGTCTAGAA-1	T	8
GCAAAGGAGTTCCCGG-1	NK	18
GCAAAGGAGTTCTCCC-1	T	10
GCAAAGGCAAATTCCG-1	NK	18
GCAAAGGCAACTAGAA-1	T	16
GCAAAGGCACAGAAGC-1	T	0
GCAAAGGCACAGTTCA-1	T	3
GCAAAGGCACTAGGAG-1	T	0
GCAAAGGCACTGTTAG-1	NK	13
GCAAAGGGTCGCTAGC-1	T	15
GCAAAGGGTTACCACA-1	T	11
GCAAAGGGTTCTTAGG-1	T	12
GCAAAGGGTTGGTAAA-1	T	1
GCAAAGGTCGCAAGCC-1	T	7
GCAAAGGTCTTTGCAT-1	NK	5
GCAACCGAGAAAGGGT-1	Myeloid	2
GCAACCGAGATCGAGC-1	T	7
GCAACCGAGCAACGGT-1	NK	18
GCAACCGAGCAGGACT-1	T	17
GCAACCGAGCTCCATA-1	T	4
GCAACCGAGCTGAAAT-1	T	4
GCAACCGAGCTTTCCC-1	T	12
GCAACCGAGTACAGAT-1	T	3
GCAACCGAGTCCCTCT-1	NK	5
GCAACCGAGTTAGCAA-1	T	4
GCAACCGCACAAACAA-1	B	6
GCAACCGCACCTATTT-1	NK	18
GCAACCGCACTCAAGT-1	Myeloid	2
GCAACCGCAGCAACCC-1	T	0
GCAACCGCATAGAATG-1	T	15
GCAACCGCATGACTGT-1	T	16
GCAACCGCATGGCCGT-1	T	15
GCAACCGGTACCGGCT-1	T	9
GCAACCGGTAGCAGCA-1	NK	13
GCAACCGGTAGCCATT-1	T	3
GCAACCGGTATCACAC-1	NK	18
GCAACCGGTATTCACG-1	NK	13
GCAACCGGTCACAGGA-1	T	17
GCAACCGGTCGGCTGT-1	T	7
GCAACCGGTGCAAGAC-1	T	19
GCAACCGGTGGAAGCT-1	T	14
GCAACCGGTGGCCTCA-1	T	19
GCAACCGGTTAGGAGC-1	T	4
GCAACCGGTTCTTAGG-1	T	19
GCAACCGGTTGTATCG-1	NK	18
GCAACCGTCCACGCTT-1	T	3
GCAACCGTCCATAACG-1	T	4
GCAACCGTCCTCAAGA-1	T	8
GCAACCGTCGACCCGA-1	Myeloid	2
GCAACCGTCGCAAACT-1	T	14
GCAACCGTCGCACCTT-1	T	14
GCAACCGTCGTCAACA-1	NK	18
GCAACCGTCGTGGCGT-1	T	9
GCAACCGTCTCCAACC-1	NK	5
GCAACCGTCTTCCAGC-1	T	10
GCACCTTAGACGCCCT-1	T	7
GCACCTTAGATACCAA-1	T	14
GCACCTTAGGCAAGCT-1	T	3
GCACCTTAGGCTTTAC-1	NK	13
GCACCTTCACCACGAC-1	T	7
GCACCTTCACCGTCTT-1	T	14
GCACCTTCAGCGCGTT-1	T	17
GCACCTTCATCTCTCG-1	NK	13
GCACCTTCATGTCCCT-1	T	19
GCACCTTGTCGATAGG-1	T	7
GCACCTTGTCGCTACG-1	T	10
GCACCTTGTCTGTCCT-1	T	15
GCACCTTGTGGACCAA-1	Myeloid	2
GCACCTTGTGGTGGTA-1	NK	18
GCACCTTGTTCCATCC-1	T	8
GCACCTTTCACTGGTA-1	NK	18
GCACCTTTCAGAATGA-1	T	9
GCACCTTTCATTGCCC-1	T	12
GCACCTTTCCAAGTCA-1	T	3
GCACCTTTCCCAATAG-1	T	17
GCACCTTTCTTACCTA-1	T	9
GCACCTTTCTTGGCCT-1	T	9
GCACGCAAGCTACGCC-1	T	12
GCACGCAAGGAATGGA-1	T	7
GCACGCAAGGACCGAT-1	T	16
GCACGCAAGGCAAGGG-1	NK	5
GCACGCAAGGTCACTT-1	Myeloid	2
GCACGCAAGGTTAACA-1	NK	18
GCACGCAAGGTTAGTA-1	T	12
GCACGCAAGTACGCGA-1	T	0
GCACGCAAGTCGTACT-1	T	14
GCACGCAAGTTCAGGG-1	Myeloid	2
GCACGCACAAACAGTA-1	T	19
GCACGCACAACAACTC-1	T	1
GCACGCACAAGTCTCA-1	T	10
GCACGCACAAGTTCGT-1	T	17
GCACGCACACAACGGA-1	Myeloid	2
GCACGCACACTCGCAG-1	NK	13
GCACGCACACTTACAG-1	B	6
GCACGCACAGCTATAC-1	T	8
GCACGCACATTTGGCA-1	T	16
GCACGCAGTACGCCCA-1	T	16
GCACGCAGTATATGGA-1	T	3
GCACGCAGTTCTGAGT-1	B	6
GCACGCAGTTCTTAGG-1	T	12
GCACGCAGTTCTTATC-1	Myeloid	2
GCACGCAGTTTGCGAT-1	Myeloid	2
GCACGCATCAACACGT-1	T	11
GCACGCATCAGTCAAC-1	T	4
GCACGCATCCATATCT-1	T	7
GCACGCATCGGAAAGC-1	T	7
GCACGCATCGGCAATT-1	NK	18
GCACGCATCGGTCGAC-1	T	1
GCACGCATCGGTCTAA-1	T	4
GCACGCATCGTTGTTT-1	T	7
GCACGCATCTATTTCG-1	T	11
GCACGGTAGACAACGC-1	NK	18
GCACGGTAGACAGCTG-1	T	9
GCACGGTAGCATTCCA-1	T	3
GCACGGTAGCGAGAAA-1	T	9
GCACGGTAGGTTAGTA-1	T	3
GCACGGTAGTCGATAA-1	T	8
GCACGGTCAACTGCGC-1	T	14
GCACGGTCACATTGCA-1	NK	18
GCACGGTCATCGGCTG-1	T	4
GCACGGTCATGGCCTG-1	T	14
GCACGGTGTAGCGTTT-1	NK	13
GCACGGTGTATACGCT-1	T	9
GCACGGTGTATGGATA-1	NK	18
GCACGGTGTATGTTCG-1	T	16
GCACGGTGTCTGGATT-1	NK	13
GCACGGTGTGATGTGG-1	Myeloid	2
GCACGGTGTGCGCTCA-1	T	3
GCACGGTGTTACTACG-1	T	14
GCACGGTGTTTGCCCT-1	T	14
GCACGGTTCAACACGT-1	T	12
GCACGGTTCACACGTA-1	B	6
GCACGGTTCCCACTTG-1	Myeloid	2
GCACGGTTCGAACACT-1	NK	5
GCACGGTTCGAAGCCC-1	NK	5
GCACGGTTCTCTGTTA-1	T	3
GCACGGTTCTTAGTGG-1	T	4
GCAGATTAGAACGTCG-1	T	16
GCAGATTAGAATCAAC-1	T	1
GCAGATTAGACCCATT-1	T	4
GCAGATTAGCACCATT-1	T	12
GCAGATTAGGAACCGT-1	T	1
GCAGATTAGGCACTAG-1	NK	13
GCAGATTAGGCCAGTA-1	NK	18
GCAGATTCACAGAAGC-1	T	17
GCAGATTCACTCGGAC-1	T	11
GCAGATTCAGATTTGC-1	T	16
GCAGATTCAGCACATT-1	Myeloid	2
GCAGATTCAGGATGTG-1	NK	18
GCAGATTCAGGCAAGT-1	NK	18
GCAGATTCAGGTGTGA-1	T	10
GCAGATTCATATACGC-1	Myeloid	2
GCAGATTCATGGATGG-1	Myeloid	2
GCAGATTCATGTGAGG-1	T	10
GCAGATTGTAAAGGCC-1	T	3
GCAGATTGTATACGCT-1	NK	13
GCAGATTGTATCTCAG-1	B	6
GCAGATTGTCTGGATT-1	T	4
GCAGATTGTCTGTGTA-1	T	3
GCAGATTGTGTTTCTT-1	T	0
GCAGATTGTTCCGGCA-1	NK	13
GCAGATTGTTGGAGGT-1	T	3
GCAGATTGTTTAAGCC-1	T	0
GCAGATTGTTTCGTTT-1	T	9
GCAGATTTCACCCTTG-1	T	12
GCAGATTTCAGCCGGT-1	T	0
GCAGATTTCCAGCACG-1	Myeloid	2
GCAGATTTCCCTACCA-1	T	4
GCAGATTTCCGGCGAT-1	NK	18
GCAGATTTCGATTACG-1	T	3
GCAGATTTCGGTGATT-1	NK	13
GCAGATTTCGTTTGAG-1	NK	18
GCAGATTTCTGCTACC-1	T	7
GCAGATTTCTTAGTGG-1	Myeloid	2
GCAGCCAAGAATCAGT-1	Myeloid	2
GCAGCCAAGCGTCAAG-1	Myeloid	2
GCAGCCAAGCTGAATA-1	NK	5
GCAGCCAAGTAACATG-1	Myeloid	2
GCAGCCACAAGCAGGT-1	T	9
GCAGCCACACCCTTTG-1	T	15
GCAGCCACATGGGAAC-1	T	11
GCAGCCAGTATATGGA-1	Myeloid	2
GCAGCCAGTATGTCCA-1	NK	13
GCAGCCAGTCGTCGCA-1	T	16
GCAGCCAGTTCCCTTG-1	T	19
GCAGCCAGTTGTGAGG-1	T	15
GCAGCCAGTTTGCATG-1	T	3
GCAGCCATCAGGAAGC-1	T	4
GCAGCCATCCGTGCAG-1	T	4
GCAGCCATCGCTACCT-1	T	16
GCAGCCATCGTTGTAG-1	T	9
GCAGCCATCTATCTAC-1	T	14
GCAGCCATCTTCGTTA-1	T	10
GCAGCTGAGATCGCCC-1	T	14
GCAGCTGAGCTAACAA-1	Myeloid	2
GCAGCTGAGGTAAGCC-1	T	4
GCAGCTGAGTAACATG-1	B	6
GCAGCTGAGTGCACAG-1	T	10
GCAGCTGCAAAGCATA-1	T	0
GCAGCTGCACCCATCT-1	T	8
GCAGCTGCACTGCTCT-1	T	12
GCAGCTGCAGGTCCTG-1	NK	18
GCAGCTGCAGTATCTG-1	T	17
GCAGCTGGTCAACTAC-1	B	6
GCAGCTGGTCGAGGAT-1	T	12
GCAGCTGGTGCACTTA-1	T	17
GCAGCTGGTGGACTGA-1	T	0
GCAGCTGGTTGAATAG-1	NK	18
GCAGCTGGTTTCGACA-1	T	16
GCAGCTGGTTTGAAGA-1	T	1
GCAGCTGGTTTGTGAC-1	Myeloid	2
GCAGCTGTCACCCTTG-1	T	17
GCAGCTGTCAGGAAGC-1	T	15
GCAGCTGTCCGTTTCG-1	T	8
GCAGCTGTCCTGGAAT-1	T	11
GCAGCTGTCCTTACGC-1	T	7
GCAGCTGTCGAGGTAG-1	T	9
GCAGCTGTCGATCTTT-1	NK	13
GCAGCTGTCGCACCGA-1	B	6
GCAGCTGTCGTCTAGA-1	NK	13
GCAGCTGTCGTGCTTC-1	T	9
GCAGCTGTCTAAACGC-1	T	16
GCAGCTGTCTACTTTG-1	T	15
GCAGCTGTCTATATCC-1	T	4
GCAGCTGTCTGTAGAC-1	T	4
GCATGATAGAAATACC-1	T	8
GCATGATAGAGCTGTG-1	T	0
GCATGATAGATGCGCA-1	NK	18
GCATGATAGCACCATT-1	T	19
GCATGATAGCAGGAGG-1	T	11
GCATGATAGCGCGTTC-1	T	15
GCATGATAGCTGCCAC-1	T	9
GCATGATAGGAAGACA-1	T	1
GCATGATAGGATGTCG-1	T	17
GCATGATAGGGTATCG-1	NK	18
GCATGATAGTACCACT-1	NK	13
GCATGATAGTCCCGCA-1	T	0
GCATGATCAAACTACC-1	T	19
GCATGATCAAAGCATA-1	NK	18
GCATGATCAATCATCG-1	T	15
GCATGATCAATGACTC-1	NK	18
GCATGATCAATTAGGA-1	T	9
GCATGATCAGAACTTC-1	T	15
GCATGATCAGCGTCGT-1	NK	18
GCATGATCAGTTGGAG-1	NK	13
GCATGATCATAGCAGG-1	T	1
GCATGATCATTAGCCA-1	T	14
GCATGATGTAAAGCTA-1	T	14
GCATGATGTAACTGAA-1	T	9
GCATGATGTAGCAGGT-1	T	15
GCATGATGTCATTGGT-1	NK	18
GCATGATGTGACAAGC-1	T	1
GCATGATGTTAACCAC-1	T	0
GCATGATGTTATGCAC-1	Myeloid	2
GCATGATGTTCGGGAA-1	NK	18
GCATGATTCAAACCAC-1	T	14
GCATGATTCACAACAC-1	NK	5
GCATGATTCCACGGCA-1	NK	13
GCATGATTCCATCGAA-1	T	1
GCATGATTCCTCCATG-1	T	11
GCATGATTCGGTTAGT-1	T	16
GCATGATTCTATCCTA-1	T	4
GCATGATTCTCTGCAC-1	T	0
GCATGATTCTGTAGAC-1	T	10
GCATTCCAGAAATACC-1	T	14
GCATTCCAGATGGGAA-1	T	4
GCATTCCAGCCCATGC-1	T	8
GCATTCCAGCCTTTGA-1	NK	13
GCATTCCAGGTTCTCA-1	T	1
GCATTCCAGTTGAATG-1	T	12
GCATTCCAGTTTACGC-1	NK	18
GCATTCCCAATTGTGC-1	T	9
GCATTCCCACATGATC-1	Myeloid	2
GCATTCCCACTGGGCT-1	T	8
GCATTCCCATGACTGT-1	Myeloid	2
GCATTCCGTAAACGAT-1	T	8
GCATTCCGTACGCAAG-1	T	17
GCATTCCGTAGCGGTA-1	T	12
GCATTCCGTCCGTCGA-1	NK	18
GCATTCCGTCCGTGCA-1	NK	13
GCATTCCGTCCTCAGG-1	T	19
GCATTCCGTGGAGTGT-1	T	11
GCATTCCGTGGCATAG-1	T	1
GCATTCCTCAAACCCA-1	Myeloid	2
GCATTCCTCACTCGGG-1	T	15
GCATTCCTCCACGCTT-1	NK	5
GCATTCCTCCAGGTAT-1	NK	18
GCATTCCTCCATTGAG-1	T	4
GCATTCCTCGCACAAT-1	NK	5
GCATTCCTCGGTAGGA-1	T	7
GCATTCCTCTAGTCGA-1	T	11
GCATTGAAGAATGCTA-1	NK	18
GCATTGAAGACTAGCG-1	T	12
GCATTGAAGAGAGTTT-1	T	9
GCATTGAAGAGCGAAA-1	T	19
GCATTGAAGATCGATA-1	T	17
GCATTGAAGCAACTGG-1	T	9
GCATTGAAGCCTATAC-1	T	4
GCATTGAAGGCAGTGT-1	T	14
GCATTGAAGGGATCCA-1	NK	5
GCATTGAAGTAGACCG-1	T	12
GCATTGAAGTCTGTGT-1	T	12
GCATTGACAAAGAGAG-1	T	16
GCATTGACAAGTTCGT-1	T	9
GCATTGACAATACTGC-1	T	12
GCATTGACACAACGGA-1	T	7
GCATTGACACAAGTGG-1	NK	13
GCATTGACACCGTCTT-1	NK	18
GCATTGACATCGTACA-1	T	9
GCATTGAGTAAGTCTC-1	T	15
GCATTGAGTACATGGG-1	T	12
GCATTGAGTACCTATG-1	T	1
GCATTGAGTACGCCCA-1	T	15
GCATTGAGTAGATGAT-1	B	6
GCATTGAGTAGGGTCA-1	T	8
GCATTGAGTAGTCCAT-1	T	4
GCATTGAGTCAGCTTA-1	T	4
GCATTGAGTGAGGGTT-1	T	11
GCATTGAGTTCCCGGA-1	Myeloid	2
GCATTGAGTTTGAAGA-1	T	17
GCATTGATCACTGATG-1	T	14
GCATTGATCATTCTTG-1	T	7
GCATTGATCCAAACCA-1	NK	18
GCATTGATCCACGCTT-1	T	4
GCATTGATCCCATAGA-1	T	16
GCATTGATCCCGCAAG-1	T	12
GCATTGATCGATGCAT-1	T	9
GCATTGATCGCGCCAA-1	T	17
GCATTGATCTCTTAAC-1	T	15
GCATTGATCTGCTACC-1	T	1
GCCAGACAGACCTATC-1	T	3
GCCAGACAGATTGACA-1	T	14
GCCAGACAGCGTAGCA-1	T	17
GCCAGACAGCTGAATA-1	NK	13
GCCAGACAGTGAACCG-1	T	4
GCCAGACCAAACTACC-1	T	1
GCCAGACCAAGTTGCT-1	T	1
GCCAGACCACAACGGA-1	T	10
GCCAGACCACAGGTAG-1	T	1
GCCAGACCACGCCGAT-1	T	8
GCCAGACCAGGTAACG-1	T	10
GCCAGACCAGTCAGAG-1	T	8
GCCAGACCATAGAATG-1	NK	5
GCCAGACCATGGAGGT-1	T	10
GCCAGACCATGGCCTG-1	Myeloid	2
GCCAGACCATTAGCCA-1	T	14
GCCAGACCATTTCACT-1	T	11
GCCAGACGTAAACCCT-1	NK	18
GCCAGACGTAACGGTG-1	NK	18
GCCAGACGTACCCACG-1	T	4
GCCAGACGTAGTTTGC-1	T	10
GCCAGACGTATCCTTT-1	T	11
GCCAGACGTCAGAGTG-1	T	7
GCCAGACGTCCATTGA-1	T	3
GCCAGACGTCGTAGTT-1	T	17
GCCAGACGTCTGAGCC-1	T	7
GCCAGACGTGAATGTA-1	T	4
GCCAGACGTGAGGGTT-1	T	16
GCCAGACGTGAGTTGG-1	T	4
GCCAGACGTGCTGAAG-1	T	11
GCCAGACGTGTGCTTA-1	T	10
GCCAGACTCACATCCC-1	T	3
GCCAGACTCCAAACCA-1	T	12
GCCAGACTCCAGGCCA-1	NK	18
GCCAGACTCGATAGCT-1	T	3
GCCAGACTCGCAGATT-1	T	15
GCCAGACTCGCTCGGA-1	T	1
GCCAGACTCTATGAGC-1	NK	13
GCCAGACTCTCTTAAC-1	T	16
GCCAGACTCTTACGGA-1	T	3
GCCAGCAAGACTAATG-1	T	9
GCCAGCAAGAGAAGCA-1	NK	18
GCCAGCAAGATATGTG-1	T	9
GCCAGCAAGGGAAGCG-1	Myeloid	2
GCCAGCAAGGTGATGC-1	T	9
GCCAGCAAGTAACACA-1	T	11
GCCAGCAAGTATGCTC-1	NK	13
GCCAGCAAGTTAGAGT-1	T	19
GCCAGCAAGTTCGACT-1	T	10
GCCAGCAAGTTTACGC-1	NK	13
GCCAGCACAAGTTGCT-1	NK	18
GCCAGCACAGGACTGA-1	NK	18
GCCAGCACAGTAACCT-1	T	10
GCCAGCACAGTGCTCG-1	T	4
GCCAGCACAGTTAAAG-1	T	4
GCCAGCACAGTTGGAG-1	NK	18
GCCAGCAGTAACGGTG-1	T	10
GCCAGCAGTAATGTAG-1	T	15
GCCAGCAGTAGATTAG-1	Myeloid	2
GCCAGCAGTGTGTGTT-1	T	12
GCCAGCAGTTCCATCC-1	T	3
GCCAGCATCACCCTTG-1	Myeloid	2
GCCAGCATCGAACACT-1	T	19
GCCAGCATCGCACAAT-1	T	7
GCCAGCATCGGCAATT-1	T	14
GCCAGCATCGTTCTAT-1	T	16
GCCAGCATCTACCCGT-1	Myeloid	2
GCCAGCATCTGAACGT-1	T	19
GCCAGCATCTGGCACG-1	T	0
GCCAGCATCTGTTGCC-1	T	17
GCCAGCATCTTGTACT-1	T	9
GCCATAAAGAAGAGTG-1	T	3
GCCATAAAGACGAAAG-1	T	14
GCCATAAAGACTAGGC-1	NK	13
GCCATAAAGATGTTGA-1	T	3
GCCATAAAGCAGTAGC-1	T	7
GCCATAAAGCCTTTGA-1	T	0
GCCATAAAGGTTAGTA-1	T	8
GCCATAAAGTGATATG-1	T	10
GCCATAAAGTTGCCGC-1	T	3
GCCATAACAAGATTAG-1	NK	18
GCCATAACACAATAAG-1	T	4
GCCATAACACATATCG-1	T	15
GCCATAACAGTAAGCG-1	T	12
GCCATAACATTGCACA-1	T	9
GCCATAAGTAACACTC-1	T	16
GCCATAAGTCAGTGTT-1	T	12
GCCATAAGTCCATTGA-1	NK	18
GCCATAAGTCCGCTTT-1	B	6
GCCATAAGTCTGAGCC-1	T	17
GCCATAAGTGCCCTAG-1	T	9
GCCATAATCAGGAAGC-1	T	1
GCCATAATCCAATAGC-1	T	9
GCCATAATCCACGCTT-1	NK	18
GCCATAATCCTTTGCG-1	NK	13
GCCATAATCGAGCGCT-1	NK	5
GCCATAATCTCTGACC-1	NK	18
GCCATAATCTTACTCA-1	T	1
GCCATAATCTTGTACT-1	NK	13
GCCCAGAAGAAGCCTG-1	T	16
GCCCAGAAGAGTTTGA-1	T	8
GCCCAGAAGCTTACCA-1	T	12
GCCCAGAAGGCAAGCT-1	NK	18
GCCCAGAAGGTGTTGG-1	T	16
GCCCAGAAGGTTTCTG-1	T	19
GCCCAGAAGTCCGATT-1	NK	5
GCCCAGAAGTGCTAGG-1	T	16
GCCCAGAAGTTGGAAT-1	T	3
GCCCAGACACCACCAG-1	T	0
GCCCAGACACGCGACT-1	T	14
GCCCAGACAGAACTTC-1	T	16
GCCCAGACAGCACATT-1	T	16
GCCCAGACATGTCCCT-1	T	10
GCCCAGACATTGTGAC-1	B	6
GCCCAGACATTGTTCT-1	NK	13
GCCCAGAGTAAACGAT-1	T	1
GCCCAGAGTAGCAGGT-1	T	8
GCCCAGAGTATCTAGC-1	T	10
GCCCAGAGTCATCGTA-1	T	7
GCCCAGATCATGAACC-1	T	7
GCCCAGATCCACACCT-1	T	8
GCCCAGATCCTGACCT-1	T	3
GCCCAGATCGAGTTAC-1	T	11
GCCCAGATCTGCTACC-1	T	9
GCCCGAAAGACAACGC-1	T	1
GCCCGAAAGACTTGAA-1	NK	13
GCCCGAAAGCACGTAG-1	T	7
GCCCGAAAGCATACCT-1	NK	18
GCCCGAAAGGCTTCGC-1	NK	18
GCCCGAAAGGCTTTAC-1	T	1
GCCCGAAAGTACCCAT-1	T	3
GCCCGAACAAAGGCCA-1	T	0
GCCCGAACACAAACGG-1	T	0
GCCCGAACACGATTAC-1	T	12
GCCCGAACACGTGAAG-1	T	9
GCCCGAACACTGAAGG-1	B	6
GCCCGAACAGTAGGCA-1	T	3
GCCCGAACATCGCCTT-1	NK	13
GCCCGAACATGTATCG-1	NK	13
GCCCGAAGTAGCATGG-1	T	15
GCCCGAAGTAGCGGTA-1	T	14
GCCCGAAGTATGAAGT-1	T	19
GCCCGAAGTATTCGCA-1	T	4
GCCCGAAGTCATCAAC-1	T	3
GCCCGAAGTCTGCACG-1	T	15
GCCCGAAGTGCAAGCA-1	T	16
GCCCGAAGTTCCAGTA-1	T	3
GCCCGAAGTTTGCATG-1	T	14
GCCCGAATCACGATTG-1	T	0
GCCCGAATCACTTACT-1	Myeloid	2
GCCCGAATCAGTCACA-1	NK	13
GCCCGAATCCTCCTGA-1	T	17
GCCCGAATCGCAAACT-1	T	7
GCCCGAATCGCTATTT-1	T	16
GCCCGAATCGTGAACT-1	T	15
GCCCGAATCTGGAAGG-1	T	11
GCCCGAATCTGGGCGT-1	T	16
GCCCGAATCTTCACTA-1	T	19
GCCTACTAGATAGGTT-1	T	10
GCCTACTAGCTATCCA-1	T	0
GCCTACTAGCTGAATA-1	Myeloid	2
GCCTACTAGCTTACCA-1	T	0
GCCTACTAGTCCTTCC-1	B	6
GCCTACTAGTCGTATC-1	T	4
GCCTACTAGTCTGTGT-1	T	7
GCCTACTAGTGAGCTG-1	T	8
GCCTACTCAAACCCTA-1	T	10
GCCTACTCACCACAGC-1	T	16
GCCTACTCACCGATCG-1	NK	13
GCCTACTCACCGTTGG-1	NK	5
GCCTACTCACGCGCAT-1	T	9
GCCTACTCAGTTGCAT-1	T	7
GCCTACTCATACTGCA-1	T	4
GCCTACTCATCGCCTT-1	NK	13
GCCTACTGTACGCCCA-1	T	8
GCCTACTGTATCATGC-1	T	0
GCCTACTGTATGTTCG-1	T	7
GCCTACTGTCCCTAAA-1	T	16
GCCTACTGTGCAACAG-1	Myeloid	2
GCCTACTGTGTGCTTA-1	T	10
GCCTACTGTTTCCGGG-1	T	8
GCCTACTTCAACGTGT-1	T	12
GCCTACTTCAACTTGG-1	T	9
GCCTACTTCATCGCCT-1	B	6
GCCTACTTCCAAGAGG-1	T	4
GCCTACTTCCGCCTAT-1	T	0
GCCTACTTCCTGTAGA-1	T	19
GCCTACTTCGATTACG-1	T	0
GCCTACTTCGGCAATT-1	T	15
GCCTACTTCGTTCTAT-1	T	7
GCCTACTTCTGAACGT-1	T	8
GCCTACTTCTTACCTA-1	T	7
GCCTACTTCTTCCAGC-1	T	8
GCCTAGGAGATGGCAC-1	T	8
GCCTAGGAGTATAGTG-1	T	14
GCCTAGGAGTCTCTAG-1	T	7
GCCTAGGCAACATAAG-1	T	1
GCCTAGGCAATTGGCT-1	T	9
GCCTAGGCACATTCTT-1	T	0
GCCTAGGCACGCGACT-1	T	4
GCCTAGGCACGCTGTG-1	NK	5
GCCTAGGCAGGAGCAT-1	T	1
GCCTAGGCATTACTCT-1	T	1
GCCTAGGGTAAACGTA-1	T	4
GCCTAGGGTAACCGAG-1	T	19
GCCTAGGGTACCTATG-1	T	14
GCCTAGGGTAGCAGGT-1	T	7
GCCTAGGGTCCGAGCT-1	T	4
GCCTAGGGTCTCTGCT-1	T	10
GCCTAGGGTGATGCTT-1	T	19
GCCTAGGGTGCGACCT-1	T	4
GCCTAGGGTGTGAGGT-1	T	9
GCCTAGGGTTGCAGAG-1	Myeloid	2
GCCTAGGTCAAACCCA-1	T	16
GCCTAGGTCAACGTGT-1	Myeloid	2
GCCTAGGTCAAGGCAG-1	T	15
GCCTAGGTCAGGGTTT-1	T	15
GCCTAGGTCCCATAGA-1	NK	18
GCCTAGGTCCCTATTA-1	B	6
GCCTAGGTCCGATGCG-1	NK	5
GCCTAGGTCGATGTGT-1	T	10
GCCTAGGTCGGTACTA-1	T	14
GCCTAGGTCGTGATAC-1	T	8
GCCTAGGTCGTTCCGT-1	T	15
GCCTAGGTCTCCCTTT-1	T	9
GCCTAGGTCTCGTAGA-1	T	4
GCCTAGGTCTTGCGCT-1	T	4
GCGAGAAAGAACTAAC-1	NK	18
GCGAGAAAGCCATCAT-1	T	9
GCGAGAAAGCTCGTTA-1	T	0
GCGAGAAAGGAGAACA-1	NK	18
GCGAGAAAGGATTGAT-1	T	3
GCGAGAAAGGGAGATA-1	T	3
GCGAGAAAGGTGAACC-1	NK	18
GCGAGAAAGTGAGCTG-1	T	8
GCGAGAAAGTGATATG-1	T	0
GCGAGAAAGTTCAGGG-1	T	8
GCGAGAAAGTTGTCCA-1	T	16
GCGAGAACAAATAGTG-1	T	3
GCGAGAACAACGACAG-1	T	7
GCGAGAACAAGCTTTG-1	Myeloid	2
GCGAGAACAAGGACCA-1	T	10
GCGAGAACAAGTAACA-1	T	9
GCGAGAACATACAACC-1	T	7
GCGAGAACATGACTGT-1	T	10
GCGAGAAGTACGAGAC-1	T	16
GCGAGAAGTACTATGC-1	T	7
GCGAGAAGTAGACACG-1	NK	13
GCGAGAAGTGGACCAA-1	T	12
GCGAGAAGTGGTACTT-1	T	0
GCGAGAATCAACACGT-1	T	19
GCGAGAATCAAGAGAT-1	T	4
GCGAGAATCAGTGGTT-1	T	3
GCGAGAATCTGAACGT-1	B	6
GCGAGAATCTTGGCCT-1	NK	5
GCGAGAATCTTGTCAT-1	T	11
GCGAGTCAGACCCATT-1	T	11
GCGAGTCAGAGGAATG-1	T	11
GCGAGTCAGGGCATTG-1	T	19
GCGAGTCAGGGCGAAG-1	B	6
GCGAGTCAGGTACATA-1	T	19
GCGAGTCAGTCGCCTG-1	T	7
GCGAGTCAGTCTCCAA-1	T	15
GCGAGTCCAAACCTAC-1	T	14
GCGAGTCCAACGTACT-1	T	8
GCGAGTCCAACTCGAT-1	Myeloid	2
GCGAGTCCACGTACAT-1	NK	13
GCGAGTCCACTAAACC-1	NK	13
GCGAGTCCAGAGCCAA-1	T	9
GCGAGTCCAGGTGGTA-1	T	10
GCGAGTCCATGGGAAC-1	T	10
GCGAGTCGTACGAGAC-1	NK	18
GCGAGTCGTATCCCTC-1	NK	13
GCGAGTCGTATCTCAG-1	NK	18
GCGAGTCGTATTTGCG-1	T	17
GCGAGTCGTCAATCCA-1	NK	5
GCGAGTCGTCCAACCG-1	NK	18
GCGAGTCGTCGTAGTT-1	T	17
GCGAGTCGTCTGCACG-1	NK	13
GCGAGTCGTGGCCTCA-1	NK	18
GCGAGTCGTTTGTAGC-1	T	9
GCGAGTCTCCCAATGA-1	T	9
GCGAGTCTCCGCCTAT-1	T	9
GCGAGTCTCCGTACGG-1	T	19
GCGAGTCTCCTTGACC-1	NK	18
GCGAGTCTCGACGGAA-1	B	6
GCGAGTCTCGTTGTAG-1	T	19
GCGAGTCTCTCTGCGT-1	Myeloid	2
GCGATCGAGCTTACCA-1	T	14
GCGATCGAGGAACCGT-1	NK	18
GCGATCGAGGAGTCTG-1	T	8
GCGATCGAGGCTCCTG-1	T	3
GCGATCGAGGGATCCA-1	T	0
GCGATCGAGTTACACC-1	NK	18
GCGATCGCAAACCGAG-1	B	6
GCGATCGCAAACGACG-1	T	19
GCGATCGCAAGGCTTT-1	Myeloid	2
GCGATCGCATAGCCAT-1	NK	13
GCGATCGCATCCCTTG-1	T	19
GCGATCGGTAACGGCA-1	T	12
GCGATCGGTACCGGCT-1	T	9
GCGATCGGTACGGATG-1	T	3
GCGATCGGTCTGCACG-1	T	0
GCGATCGGTGCTTACA-1	T	19
GCGATCGGTGGATTCT-1	Myeloid	2
GCGATCGGTGTTAGAA-1	T	16
GCGATCGGTTCTTTGT-1	T	19
GCGATCGGTTGGCTTA-1	T	3
GCGATCGGTTTCTACT-1	T	11
GCGATCGTCATACTTC-1	Myeloid	2
GCGATCGTCCAGAGAG-1	T	8
GCGATCGTCCGTGCGA-1	T	4
GCGATCGTCCTCCTGA-1	T	12
GCGATCGTCGCTCGGA-1	T	15
GCGATCGTCTAGCAAC-1	T	17
GCGATCGTCTCTGACC-1	NK	18
GCGATCGTCTTACCTA-1	T	4
GCGATCGTCTTGCGCT-1	T	9
GCGATTAAGAGCTACG-1	T	19
GCGATTAAGAGTTCGG-1	T	4
GCGATTAAGGCCTCTG-1	T	15
GCGATTAAGGCGTCCT-1	NK	18
GCGATTAAGTCTCCAA-1	T	15
GCGATTAAGTTCCAGT-1	T	3
GCGATTACAAGTCCTA-1	T	3
GCGATTACAATTGGCT-1	T	17
GCGATTACAGGCAAGT-1	T	4
GCGATTACAGGTAGCA-1	T	0
GCGATTACATAGCCGC-1	T	7
GCGATTACATTGTGAC-1	T	8
GCGATTAGTAGCGAGT-1	T	9
GCGATTAGTATGCTAC-1	T	4
GCGATTAGTATTCGCA-1	T	15
GCGATTAGTCATAAGA-1	T	4
GCGATTAGTCTAAAGA-1	T	3
GCGATTAGTCTGGTCG-1	T	12
GCGATTAGTGCAAGAC-1	B	6
GCGATTAGTTATAGAG-1	T	0
GCGATTAGTTTGTAGC-1	B	6
GCGATTATCACTCGGG-1	T	0
GCGATTATCCGGGCAT-1	T	12
GCGATTATCCTCCTGA-1	T	11
GCGATTATCCTTTGCG-1	T	16
GCGATTATCGAAGCCC-1	T	10
GCGATTATCGCCACTT-1	T	0
GCGATTATCGGGAATG-1	NK	5
GCGATTATCGTCTTAT-1	T	11
GCGATTATCTTGGCCT-1	T	7
GCGCATGAGAAACGCC-1	T	7
GCGCATGAGAAGGGCG-1	T	0
GCGCATGAGGTAAGCC-1	T	12
GCGCATGAGGTGTTGG-1	T	12
GCGCATGAGTGATAAC-1	T	8
GCGCATGAGTTCAGGG-1	T	17
GCGCATGCAAACTACC-1	T	1
GCGCATGCAAAGAAGG-1	T	12
GCGCATGCAACGCACC-1	T	9
GCGCATGCAAGACACG-1	T	3
GCGCATGCAAGGGAGG-1	T	15
GCGCATGCACCCTTAC-1	T	10
GCGCATGCACGATTAC-1	NK	18
GCGCATGCACGCTCAG-1	T	10
GCGCATGCATCGAGTT-1	T	7
GCGCATGCATTTGTTC-1	T	15
GCGCATGGTAACCGAG-1	T	4
GCGCATGGTCATAGAA-1	T	10
GCGCATGGTCTGTTGA-1	T	0
GCGCATGGTGACGCAA-1	T	7
GCGCATGGTGTCTACA-1	T	14
GCGCATGGTTAGGAAT-1	T	17
GCGCATGGTTTCGTTT-1	T	11
GCGCATGTCCTCATTA-1	T	3
GCGCATGTCCTCCAGT-1	T	12
GCGCATGTCCTGGGAC-1	T	9
GCGCCAAAGAAAGGGT-1	Myeloid	2
GCGCCAAAGCAGAAAG-1	T	16
GCGCCAAAGGCTGGAT-1	T	17
GCGCCAAAGGTTGTGG-1	T	15
GCGCCAAAGTTGCCGC-1	NK	5
GCGCCAACAATGTGCT-1	T	3
GCGCCAACACACATGT-1	T	10
GCGCCAACACATAAAG-1	NK	13
GCGCCAACAGATTAAG-1	T	19
GCGCCAACAGCTATAC-1	T	7
GCGCCAACAGTATCTG-1	NK	13
GCGCCAACATTTCACT-1	T	10
GCGCCAAGTAACTGAA-1	NK	13
GCGCCAAGTACTTGAC-1	T	7
GCGCCAAGTAGTCCAT-1	T	0
GCGCCAAGTCTTAGCA-1	NK	18
GCGCCAAGTGAGGTCA-1	T	12
GCGCCAAGTGAGTCGA-1	T	4
GCGCCAAGTGGCCTCA-1	T	11
GCGCCAAGTTACCACA-1	T	3
GCGCCAAGTTTCCACC-1	T	1
GCGCCAATCAGGCCGT-1	T	10
GCGCCAATCCGAGGAA-1	NK	18
GCGCCAATCGCAACTA-1	T	9
GCGCCAATCGGTCTAA-1	NK	18
GCGCCAATCGGTTCCT-1	T	4
GCGCCAATCTCATCCG-1	T	1
GCGCCAATCTCGCGTT-1	T	0
GCGCCAATCTCTTCCT-1	T	15
GCGCCAATCTGGTACA-1	T	0
GCGCCAATCTTCATAC-1	T	16
GCGGAAAAGATGTTCC-1	T	7
GCGGAAAAGCGCAATG-1	T	4
GCGGAAAAGCTGAATA-1	T	11
GCGGAAAAGTGATTAG-1	NK	18
GCGGAAAAGTTGCTTG-1	Myeloid	2
GCGGAAACAAGCCAGA-1	T	8
GCGGAAACACCTCGTT-1	T	16
GCGGAAACACGCGCAT-1	NK	18
GCGGAAACACTCAAGT-1	Myeloid	2
GCGGAAACAGACCTGC-1	T	3
GCGGAAACAGACTAAA-1	NK	13
GCGGAAACAGATTTGC-1	T	3
GCGGAAACAGGTGGTA-1	T	7
GCGGAAACATAGTCCA-1	T	11
GCGGAAACATGGGACA-1	T	16
GCGGAAACATGTGAGG-1	T	17
GCGGAAAGTAAACGGC-1	T	9
GCGGAAAGTAACACTC-1	T	19
GCGGAAAGTATCTCAG-1	T	14
GCGGAAAGTGGACAGT-1	T	4
GCGGAAAGTGGTCGAA-1	T	8
GCGGAAAGTGTGAGGT-1	T	1
GCGGAAAGTTGTATCG-1	NK	18
GCGGAAATCAATTCCT-1	T	10
GCGGAAATCAGCACGC-1	T	1
GCGGAAATCAGTCAAC-1	T	15
GCGGAAATCATACTTC-1	T	3
GCGGAAATCCATAGGT-1	T	10
GCGGAAATCCTCAAGA-1	T	3
GCGGAAATCCTCCAGT-1	NK	18
GCGGAAATCGAGCGCT-1	T	11
GCGGAAATCTCGACAA-1	T	12
GCGGAAATCTTCAGAG-1	T	0
GCGGGTTAGAACGTCG-1	T	3
GCGGGTTAGAACTAAC-1	NK	13
GCGGGTTAGACGACTG-1	T	0
GCGGGTTAGACGTCAG-1	NK	13
GCGGGTTAGACTAATG-1	T	16
GCGGGTTAGAGAAGCA-1	T	9
GCGGGTTAGCGCAATG-1	NK	18
GCGGGTTAGTGTGTAA-1	Myeloid	2
GCGGGTTCAAAGGAAG-1	T	12
GCGGGTTCAAATTGAG-1	T	14
GCGGGTTCAACGTCGC-1	Myeloid	2
GCGGGTTCAATGTAAG-1	T	0
GCGGGTTCACAAGGGT-1	T	4
GCGGGTTCAGCTGATT-1	T	17
GCGGGTTCAGGTCCTG-1	T	7
GCGGGTTCAGTGGTCC-1	NK	18
GCGGGTTCATACCCGG-1	Myeloid	2
GCGGGTTCATAGTCCA-1	T	9
GCGGGTTCATCGTACA-1	T	1
GCGGGTTGTCGTAATC-1	T	10
GCGGGTTGTGACCAGA-1	T	12
GCGGGTTGTTGCAGCC-1	T	14
GCGGGTTGTTTCCGGG-1	Myeloid	2
GCGGGTTTCATTCATC-1	T	3
GCGGGTTTCCCTACCA-1	T	16
GCGGGTTTCCTCTCTT-1	NK	5
GCGGGTTTCGACCCGA-1	T	17
GCGGGTTTCGATGAAA-1	T	7
GCGGGTTTCGATGTAC-1	T	3
GCGGGTTTCGTGAACT-1	NK	18
GCGGGTTTCGTGATAC-1	T	7
GCGGGTTTCTGTAGAC-1	T	8
GCGGTGTAGACTTGAA-1	T	10
GCGGTGTAGAGAGTTT-1	T	12
GCGGTGTAGCATGATA-1	T	12
GCGGTGTAGCTATCGT-1	T	19
GCGGTGTAGCTCGGCT-1	NK	5
GCGGTGTAGGATGTCG-1	T	9
GCGGTGTAGGGATCCA-1	T	14
GCGGTGTAGTAGTTCC-1	T	10
GCGGTGTAGTTAGAGT-1	NK	18
GCGGTGTCAAGTCTCA-1	NK	5
GCGGTGTCACGAACGA-1	T	11
GCGGTGTCAGAGAGAA-1	T	11
GCGGTGTCAGGGAGTT-1	T	9
GCGGTGTCATCACAAC-1	T	7
GCGGTGTCATGTAGAA-1	T	0
GCGGTGTCATTGCACA-1	T	3
GCGGTGTCATTTGGCA-1	T	1
GCGGTGTGTACCAAGG-1	T	11
GCGGTGTGTAGCTGTT-1	T	8
GCGGTGTGTCTGTTGA-1	T	14
GCGGTGTGTGATCAGG-1	T	9
GCGGTGTGTGGACGAT-1	T	7
GCGGTGTTCACCGCGA-1	B	6
GCGGTGTTCAGAATGA-1	NK	13
GCGGTGTTCCTCCTGA-1	T	11
GCGGTGTTCGGAAAGC-1	T	1
GCGGTGTTCTGGCCAG-1	T	16
GCGGTGTTCTTGTCAT-1	T	16
GCGTAGCAGACTTGAA-1	T	3
GCGTAGCAGAGAAGCA-1	NK	18
GCGTAGCAGATGGCAC-1	T	7
GCGTAGCAGATTCCGT-1	T	10
GCGTAGCAGCAGAGCT-1	Myeloid	2
GCGTAGCAGGGCGAAG-1	T	4
GCGTAGCAGGTCACTT-1	T	14
GCGTAGCAGGTGTCGA-1	T	16
GCGTAGCCAAACAGTA-1	NK	5
GCGTAGCCAAGTCTCA-1	T	8
GCGTAGCCAATTAGGA-1	T	19
GCGTAGCCACGAACGA-1	T	11
GCGTAGCCAGCGTCGT-1	T	11
GCGTAGCCAGTTGGAG-1	T	19
GCGTAGCCATCAACTG-1	T	0
GCGTAGCCATGCGACC-1	T	19
GCGTAGCCATTACTTC-1	T	8
GCGTAGCGTCTGGTCG-1	T	3
GCGTAGCGTGCTGTGC-1	B	6
GCGTAGCGTTCAGAAA-1	T	17
GCGTAGCTCACGTGTA-1	T	14
GCGTAGCTCAGGAATA-1	T	8
GCGTAGCTCCAAACCA-1	T	0
GCGTAGCTCCTAAGTG-1	T	7
GCGTAGCTCGGACGAA-1	T	1
GCGTAGCTCGGAGTTT-1	T	16
GCGTAGCTCGTCGCAG-1	T	16
GCGTAGCTCTCATATC-1	T	14
GCGTAGCTCTTCTCTC-1	T	11
GCGTTGGAGAAAGCAG-1	Myeloid	2
GCGTTGGAGACGCCCT-1	T	9
GCGTTGGAGCGTCAAG-1	T	11
GCGTTGGAGTGAGTTA-1	T	3
GCGTTGGCAACGGACA-1	Myeloid	2
GCGTTGGCACATAAAG-1	T	19
GCGTTGGCAGAGAGAA-1	T	16
GCGTTGGCATACAACC-1	T	14
GCGTTGGCATATTGGC-1	T	0
GCGTTGGCATTCCCGT-1	T	3
GCGTTGGGTAGCAGCA-1	T	4
GCGTTGGGTCAACAGG-1	NK	18
GCGTTGGGTCAGAAGC-1	T	4
GCGTTGGGTCTCTGCT-1	NK	13
GCGTTGGGTTCTGATG-1	T	9
GCGTTGGTCAGGATCT-1	Myeloid	2
GCGTTGGTCCGCTCTA-1	T	8
GCGTTGGTCCTTTGCG-1	T	4
GCGTTGGTCGCACAAT-1	T	15
GCGTTGGTCGCGATGC-1	Myeloid	2
GCGTTGGTCGCGGCAT-1	T	1
GCGTTGGTCGTTACAG-1	NK	13
GCGTTGGTCTACCCGT-1	T	14
GCGTTGGTCTCGGCGA-1	T	11
GCGTTGGTCTTTCGAT-1	T	14
GCTCACTAGCCGCTGT-1	NK	13
GCTCACTAGGCGCTTC-1	NK	13
GCTCACTAGGGTTCCC-1	T	16
GCTCACTAGGTTAGTA-1	T	7
GCTCACTCAACGCACC-1	T	7
GCTCACTCAATTCAGC-1	NK	13
GCTCACTCAATTGGCT-1	Myeloid	2
GCTCACTCACATTGCA-1	T	8
GCTCACTCATGCCTTC-1	T	8
GCTCACTGTAAACCCT-1	T	17
GCTCACTGTACATGGG-1	Myeloid	2
GCTCACTGTAGAACGC-1	Myeloid	2
GCTCACTGTAGTATCC-1	T	4
GCTCACTGTCAGAAGC-1	T	7
GCTCACTGTCGCTACG-1	NK	18
GCTCACTGTCTCTAAG-1	T	15
GCTCACTGTGATAAGT-1	T	16
GCTCACTGTGATGCTT-1	T	1
GCTCACTGTGCGTCCA-1	T	8
GCTCACTGTGGACAGT-1	T	10
GCTCACTGTGGATTTC-1	T	16
GCTCACTGTGGTTCTA-1	T	9
GCTCACTTCACTTACT-1	NK	13
GCTCACTTCAGTTGAC-1	T	11
GCTCACTTCCAACCTC-1	T	7
GCTCACTTCCATTGTT-1	T	0
GCTCACTTCCCTACCA-1	T	15
GCTCACTTCCGCTATC-1	T	1
GCTCACTTCGAGGTCC-1	Myeloid	2
GCTCACTTCGCTGATA-1	NK	5
GCTCACTTCTATAGGC-1	B	6
GCTCAGGAGACGACTG-1	NK	18
GCTCAGGAGAGCCACA-1	T	8
GCTCAGGAGCTATCCA-1	T	4
GCTCAGGAGGGTAATT-1	T	3
GCTCAGGAGGGTTCCC-1	T	1
GCTCAGGAGGTCTTTG-1	Myeloid	2
GCTCAGGAGGTGTTGG-1	T	17
GCTCAGGAGTACGACG-1	T	4
GCTCAGGAGTAGGTCG-1	T	4
GCTCAGGAGTTCAACC-1	T	12
GCTCAGGCAAAGAGAG-1	T	14
GCTCAGGCAACCTCTC-1	T	1
GCTCAGGCAATACTGC-1	T	9
GCTCAGGCAATTGGCT-1	T	1
GCTCAGGCATCGTGAT-1	NK	18
GCTCAGGCATGGAGGT-1	Myeloid	2
GCTCAGGGTAACTCCA-1	T	0
GCTCAGGGTAGAATAC-1	T	7
GCTCAGGGTATGGGTG-1	T	16
GCTCAGGGTCAGCTTA-1	NK	18
GCTCAGGGTCTGATTG-1	B	6
GCTCAGGGTCTGCGCA-1	T	4
GCTCAGGGTGCTTTGA-1	T	14
GCTCAGGGTGGCCTTG-1	T	8
GCTCAGGGTGGTCGAA-1	T	14
GCTCAGGGTTAGGCTT-1	T	7
GCTCAGGGTTCTTTCA-1	T	12
GCTCAGGGTTTGACCA-1	T	16
GCTCAGGTCAAATGGA-1	T	0
GCTCAGGTCAATGCAC-1	T	8
GCTCAGGTCATCGCAA-1	NK	13
GCTCAGGTCCCACGGA-1	NK	18
GCTCAGGTCGTGGTAT-1	T	8
GCTCAGGTCTCTTAAC-1	T	3
GCTCAGGTCTGCCGAG-1	T	7
GCTCAGGTCTGTCGGG-1	B	6
GCTCCTAAGAAAGGGT-1	B	6
GCTCCTAAGCATACCT-1	T	16
GCTCCTAAGCTGAAAT-1	NK	18
GCTCCTAAGGCAGTGT-1	T	11
GCTCCTAAGGCTTAAA-1	T	17
GCTCCTAAGGGCATTG-1	T	4
GCTCCTAAGGTCGGTA-1	T	3
GCTCCTAAGTAGAAGG-1	Myeloid	2
GCTCCTAAGTTCGACT-1	T	1
GCTCCTACAAAGCATA-1	T	11
GCTCCTACAAATAGTG-1	T	1
GCTCCTACAACGCAAG-1	T	4
GCTCCTACAACTTGGT-1	T	0
GCTCCTACACAGTAGG-1	B	6
GCTCCTACACCACGAC-1	T	0
GCTCCTACAGACTAAA-1	Myeloid	2
GCTCCTACAGTTGCAT-1	NK	13
GCTCCTACATCGCTAA-1	T	14
GCTCCTACATGATCGT-1	T	12
GCTCCTACATTCCCGT-1	T	0
GCTCCTACATTGATGC-1	T	17
GCTCCTAGTAGACACG-1	T	15
GCTCCTAGTAGTCCAT-1	T	0
GCTCCTAGTCACTCTC-1	T	3
GCTCCTAGTCGTAGTT-1	T	1
GCTCCTAGTCTCGGGT-1	T	0
GCTCCTAGTCTGTTGA-1	T	3
GCTCCTAGTTCCGCGA-1	T	12
GCTCCTAGTTGCCGCA-1	T	10
GCTCCTAGTTTCCACC-1	Myeloid	2
GCTCCTATCACAACAC-1	T	11
GCTCCTATCACATTCT-1	T	8
GCTCCTATCAGCACTA-1	T	8
GCTCCTATCCACGAGC-1	T	8
GCTCCTATCCCTATTA-1	T	9
GCTCCTATCGCATAAC-1	Myeloid	2
GCTCCTATCGCGATGC-1	T	3
GCTCCTATCGTTGTAG-1	T	4
GCTCCTATCTATCCTA-1	T	1
GCTCCTATCTCCTTAA-1	T	7
GCTCCTATCTCTGACC-1	T	19
GCTCGAGAGCCCATTA-1	T	0
GCTCGAGAGCCGCAAA-1	Myeloid	2
GCTCGAGAGCTCGTTA-1	T	4
GCTCGAGAGGCCAATG-1	T	4
GCTCGAGAGGGTAATT-1	T	7
GCTCGAGAGGTAGGCT-1	T	12
GCTCGAGAGGTCACTT-1	B	6
GCTCGAGAGTACAGTA-1	T	11
GCTCGAGAGTTCCAGT-1	T	0
GCTCGAGAGTTGCTTG-1	T	12
GCTCGAGCAACGCAAG-1	T	0
GCTCGAGCAACGGGTA-1	T	1
GCTCGAGCAAGGCTTT-1	B	6
GCTCGAGCAATCAGGG-1	T	16
GCTCGAGCACGACGAA-1	T	12
GCTCGAGCACGCCGAT-1	T	17
GCTCGAGCATTGATGC-1	NK	13
GCTCGAGGTAACAATG-1	NK	13
GCTCGAGGTACATGGG-1	T	9
GCTCGAGGTCTCTAAG-1	T	8
GCTCGAGGTCTGGTTA-1	NK	5
GCTCGAGGTGATAAGT-1	T	7
GCTCGAGGTTTGGATC-1	T	10
GCTCGAGTCACATCCC-1	T	8
GCTCGAGTCCCTACCA-1	T	9
GCTCGAGTCGTCGCAG-1	T	1
GCTGAGCAGAATCAGT-1	T	17
GCTGAGCAGAGCACTG-1	T	0
GCTGAGCAGCTAGCAG-1	NK	18
GCTGAGCAGGAATGGA-1	T	12
GCTGAGCCAAACGACG-1	T	11
GCTGAGCCAACGTCCG-1	T	1
GCTGAGCCAACTACTG-1	T	8
GCTGAGCCAAGATTAG-1	T	16
GCTGAGCCAAGTAACA-1	T	10
GCTGAGCCACTGATAC-1	T	1
GCTGAGCCACTTTGGA-1	T	4
GCTGAGCCAGCAACAG-1	T	3
GCTGAGCCAGCAACGA-1	T	15
GCTGAGCCAGGCATTT-1	T	1
GCTGAGCCAGGTCTGC-1	NK	13
GCTGAGCCAGGTGTCC-1	NK	18
GCTGAGCCATGTAGAA-1	T	4
GCTGAGCCATTTGGTG-1	T	8
GCTGAGCGTACATGGG-1	T	7
GCTGAGCGTACGTAAA-1	T	10
GCTGAGCGTACTTCAG-1	T	3
GCTGAGCGTAGTCTGT-1	T	3
GCTGAGCGTCAACAGG-1	Myeloid	2
GCTGAGCGTCAACTAC-1	T	8
GCTGAGCGTCACAGGA-1	Myeloid	2
GCTGAGCGTTTCCGGG-1	NK	13
GCTGAGCGTTTCCTAT-1	T	11
GCTGAGCTCCAACGCG-1	Myeloid	2
GCTGAGCTCTCCCTTT-1	NK	13
GCTGCGAAGGTAGGAA-1	T	10
GCTGCGAAGTCATACC-1	T	1
GCTGCGAAGTCTGTGT-1	NK	5
GCTGCGAGTAACTCCA-1	T	3
GCTGCGAGTATGGATA-1	T	4
GCTGCGAGTATTCACG-1	T	4
GCTGCGAGTCTCTGCT-1	T	11
GCTGCGAGTCTGGGCT-1	T	17
GCTGCGAGTGAAACAT-1	Myeloid	2
GCTGCGAGTGATAAGT-1	T	4
GCTGCGAGTGCCCAGT-1	T	4
GCTGCGAGTGGCGCTT-1	T	9
GCTGCGAGTTCTTAGG-1	NK	18
GCTGCGATCAGTCAAC-1	T	3
GCTGCGATCCAGTACA-1	T	9
GCTGCGATCGCGGCAT-1	T	11
GCTGCGATCTGGACAT-1	T	0
GCTGTTCAGACAACGC-1	Myeloid	2
GCTGTTCAGACACTTC-1	Myeloid	2
GCTGTTCAGCAATAAC-1	T	14
GCTGTTCAGCTGAGGT-1	Myeloid	2
GCTGTTCAGGTAAGTT-1	T	3
GCTGTTCAGTCAACTC-1	T	7
GCTGTTCAGTTGACAA-1	T	10
GCTGTTCCAAGTTCGT-1	T	14
GCTGTTCCACACTAGT-1	T	16
GCTGTTCCACTCCTCA-1	NK	13
GCTGTTCCATAGGCGA-1	NK	18
GCTGTTCGTAACGGAC-1	T	3
GCTGTTCGTCATCGTA-1	T	16
GCTGTTCGTCCTCAGG-1	NK	13
GCTGTTCGTCGCTACG-1	T	3
GCTGTTCGTGAGTAAT-1	T	9
GCTGTTCGTGCAGACA-1	T	4
GCTGTTCGTGGCGCTT-1	T	12
GCTGTTCGTTATGCAC-1	T	0
GCTGTTCGTTCACGTA-1	T	7
GCTGTTCGTTCTGATG-1	T	16
GCTGTTCGTTGCCTGG-1	T	16
GCTGTTCTCAGAACGG-1	NK	18
GCTGTTCTCAGCACTA-1	Myeloid	2
GCTGTTCTCATACTTC-1	T	16
GCTGTTCTCGACGGAA-1	T	15
GCTGTTCTCGGCAATT-1	T	1
GCTGTTCTCGTGATAC-1	T	8
GCTGTTCTCTCTTCTC-1	T	12
GCTGTTCTCTGTTGCC-1	T	3
GCTTAAGAGACACAAT-1	NK	18
GCTTAAGAGCCCATGC-1	T	9
GCTTAAGAGCCGCTGT-1	T	11
GCTTAAGAGCCTCGCA-1	T	7
GCTTAAGAGCGAGCTA-1	T	1
GCTTAAGAGCTCGGCT-1	T	7
GCTTAAGAGGTTGACG-1	Myeloid	2
GCTTAAGAGTAGCAAT-1	T	11
GCTTAAGAGTTGCTTG-1	T	11
GCTTAAGCAACGTCGC-1	B	6
GCTTAAGCAAGCACTT-1	T	3
GCTTAAGCAAGCGACA-1	T	11
GCTTAAGCAATGACTC-1	T	0
GCTTAAGCACGACGAA-1	T	7
GCTTAAGCACTCAAGT-1	T	8
GCTTAAGCAGGTAGGT-1	B	6
GCTTAAGCATACTGCA-1	NK	18
GCTTAAGCATCGCTAA-1	T	14
GCTTAAGCATGATTGC-1	T	19
GCTTAAGGTAAACGAT-1	T	16
GCTTAAGGTAACGGCA-1	NK	13
GCTTAAGGTAATGCCT-1	T	14
GCTTAAGGTACGACCC-1	NK	13
GCTTAAGGTACGGATG-1	T	12
GCTTAAGGTATCGCGC-1	T	19
GCTTAAGGTCATTGGT-1	T	17
GCTTAAGGTCCCGTGA-1	T	0
GCTTAAGGTCTGCACG-1	T	17
GCTTAAGGTGCCCGAT-1	T	4
GCTTAAGGTGGTACTT-1	T	0
GCTTAAGGTTCTGAGT-1	T	9
GCTTAAGGTTGAATAG-1	NK	13
GCTTAAGGTTGCAGCC-1	NK	18
GCTTAAGGTTGTCGGC-1	T	9
GCTTAAGGTTTCACCC-1	T	16
GCTTAAGTCCAGTACA-1	NK	5
GCTTAAGTCCCACGGA-1	T	11
GCTTAAGTCCTTACGC-1	NK	13
GCTTAAGTCCTTCGAC-1	T	9
GCTTAAGTCGGACGAA-1	T	1
GCTTAAGTCTCTGCAC-1	NK	5
GCTTAAGTCTTCAGAG-1	T	0
GCTTGCTAGAAATACC-1	T	7
GCTTGCTAGATCGAGC-1	T	11
GCTTGCTAGGAGACTC-1	NK	18
GCTTGCTAGTACCACT-1	T	12
GCTTGCTAGTCTAGAA-1	NK	18
GCTTGCTCAACCTCCT-1	T	8
GCTTGCTCAACGAGGT-1	Myeloid	2
GCTTGCTCAAGTAACA-1	T	10
GCTTGCTCAAGTTCGT-1	T	9
GCTTGCTCATCGACGC-1	T	4
GCTTGCTGTAATGCCT-1	NK	5
GCTTGCTGTCAGTGTT-1	T	16
GCTTGCTGTCCCTTTG-1	NK	13
GCTTGCTGTCCGTAGC-1	NK	18
GCTTGCTGTGTGCTTA-1	T	16
GCTTGCTTCAAAGTAG-1	T	3
GCTTGCTTCAACACGT-1	T	11
GCTTGCTTCACTGGTA-1	NK	13
GCTTGCTTCCAAACCA-1	T	3
GCTTGCTTCCATACCC-1	NK	13
GCTTGCTTCGCGATGC-1	T	14
GCTTGCTTCGCTACCT-1	T	3
GCTTGCTTCTGACTTT-1	T	9
GCTTGCTTCTGGCTAA-1	T	14
GCTTGCTTCTTCCAGC-1	T	8
GCTTTCGAGCTTACCA-1	T	17
GCTTTCGAGGTCCTCG-1	T	12
GCTTTCGAGTCCTTCC-1	T	10
GCTTTCGAGTGCCCTG-1	T	12
GCTTTCGCAACGTCCG-1	NK	13
GCTTTCGCAACTCCCT-1	T	12
GCTTTCGCACACATGT-1	T	4
GCTTTCGCACCTGTGG-1	NK	18
GCTTTCGCAGCAAACG-1	T	9
GCTTTCGCAGTAGGCA-1	Myeloid	2
GCTTTCGCATAGTCCA-1	T	8
GCTTTCGCATCAGAAA-1	T	3
GCTTTCGCATGGAGGT-1	T	7
GCTTTCGGTAATGCCT-1	T	0
GCTTTCGGTACGTAGG-1	T	12
GCTTTCGGTAGATTAG-1	T	11
GCTTTCGGTAGCTGTT-1	T	10
GCTTTCGGTCAACTAC-1	T	9
GCTTTCGGTGCAACAG-1	T	10
GCTTTCGGTGGACGAT-1	T	12
GCTTTCGGTTCTACGA-1	NK	13
GCTTTCGTCAACGTGT-1	T	16
GCTTTCGTCAGGGTTT-1	T	16
GCTTTCGTCCAAGAGG-1	T	16
GCTTTCGTCCACGCTT-1	T	12
GCTTTCGTCCCGTATC-1	T	11
GCTTTCGTCCCTATTA-1	T	9
GCTTTCGTCGTTCTAT-1	T	10
GCTTTCGTCTATCTTG-1	T	19
GCTTTCGTCTCAGATG-1	T	1
GCTTTCGTCTTCCACG-1	T	8
GGAACCCAGAGAAGCA-1	T	0
GGAACCCAGAGTGGAA-1	T	4
GGAACCCAGATATGTG-1	T	4
GGAACCCAGATGCGCA-1	T	7
GGAACCCAGGCTTTAC-1	Myeloid	2
GGAACCCAGTCAGCCC-1	T	12
GGAACCCAGTTACCAC-1	T	11
GGAACCCAGTTTGGAA-1	T	1
GGAACCCCAATGATGA-1	T	17
GGAACCCCAATGGTCT-1	Myeloid	2
GGAACCCCACCTACCT-1	T	4
GGAACCCCACGCTGTG-1	T	3
GGAACCCCAGGTGTCC-1	NK	18
GGAACCCCAGTGCGAA-1	T	4
GGAACCCCATGCGCTG-1	T	16
GGAACCCGTAACGGCA-1	NK	18
GGAACCCGTAAGGTCG-1	Myeloid	2
GGAACCCGTCTAAGAA-1	T	1
GGAACCCGTGTTGGTT-1	T	15
GGAACCCTCGCCTTAC-1	T	14
GGAACCCTCGGGCTCA-1	T	14
GGAACCCTCTGTGTGA-1	T	14
GGAACCCTCTTACGGA-1	T	1
GGAACCCTCTTTATCG-1	NK	13
GGAACTTAGAACAGGA-1	T	8
GGAACTTAGAACTAAC-1	T	14
GGAACTTAGAATATCG-1	T	3
GGAACTTAGACTAGCG-1	T	11
GGAACTTAGAGAAGCA-1	T	14
GGAACTTAGAGGTCCA-1	NK	18
GGAACTTAGCCGCAAA-1	Myeloid	2
GGAACTTAGCGCCTAC-1	T	11
GGAACTTAGGCCAGTA-1	T	3
GGAACTTAGGTTAGTA-1	T	10
GGAACTTAGGTTCTCA-1	T	16
GGAACTTAGTGCCCTG-1	T	14
GGAACTTAGTGTCACT-1	T	12
GGAACTTCAACGCAAG-1	T	11
GGAACTTCAACTCGAT-1	T	12
GGAACTTCAAGCCTTA-1	B	6
GGAACTTCAAGGACCA-1	T	11
GGAACTTCAATAGCGG-1	T	11
GGAACTTCAATCCATG-1	T	12
GGAACTTCAGCAGGTA-1	Myeloid	2
GGAACTTCAGGAGCAT-1	T	14
GGAACTTCAGGCACAA-1	T	0
GGAACTTCAGGTGTCC-1	T	3
GGAACTTCATCCGTGG-1	B	6
GGAACTTCATGTGGGA-1	T	4
GGAACTTCATTCTTTG-1	T	11
GGAACTTCATTTGGCA-1	NK	13
GGAACTTGTAAACCCT-1	B	6
GGAACTTGTATGAAGT-1	T	8
GGAACTTGTCTGGATT-1	NK	18
GGAACTTTCACAGGGA-1	T	12
GGAACTTTCCTAAAGC-1	NK	13
GGAACTTTCGACTGGC-1	T	3
GGAACTTTCTCGGCGA-1	T	9
GGAACTTTCTCGTGAA-1	NK	18
GGAATCTAGAGGCGGA-1	Myeloid	2
GGAATCTAGCAGAAAG-1	T	16
GGAATCTAGGATGTCG-1	T	1
GGAATCTAGTCATCTG-1	NK	13
GGAATCTAGTGTCCCG-1	T	1
GGAATCTCAAGCAGGT-1	T	14
GGAATCTCAAGCCCTG-1	T	4
GGAATCTCAAGCGACA-1	B	6
GGAATCTCAATAGTGA-1	B	6
GGAATCTCACCGAAAG-1	T	8
GGAATCTCAGCGTCGT-1	T	11
GGAATCTCAGCTATAC-1	T	7
GGAATCTCAGTAGGCA-1	NK	18
GGAATCTCAGTATCTG-1	B	6
GGAATCTCATGATTGC-1	B	6
GGAATCTGTAGAACGC-1	T	3
GGAATCTGTAGAAGCC-1	T	9
GGAATCTGTAGACGCA-1	T	4
GGAATCTGTATATGGA-1	T	12
GGAATCTGTATGTCCA-1	T	7
GGAATCTGTCCCGTGA-1	Myeloid	2
GGAATCTGTCCGTGCA-1	B	6
GGAATCTGTGCTTGAT-1	T	8
GGAATCTGTTCTCGAA-1	Myeloid	2
GGAATCTTCCAGAATC-1	T	7
GGAATCTTCCGAGGAA-1	T	14
GGAATCTTCCGTGCAG-1	T	16
GGAATCTTCGGTCCGA-1	T	7
GGAATCTTCTACTTTG-1	T	4
GGAATCTTCTCTTCCT-1	T	11
GGAATCTTCTGCTACC-1	T	9
GGACACCAGACACTTC-1	NK	5
GGACACCAGAGAGTTT-1	Myeloid	2
GGACACCAGCATGATA-1	T	9
GGACACCAGCCAGAAC-1	T	7
GGACACCAGCTGCCAC-1	T	9
GGACACCAGGAACCGT-1	T	11
GGACACCAGGAGGCGA-1	NK	18
GGACACCAGGCGTCCT-1	NK	18
GGACACCAGGCTAAAT-1	T	8
GGACACCAGGGTTCTT-1	T	9
GGACACCAGGTTAACA-1	T	16
GGACACCAGTACGCGA-1	T	8
GGACACCCAATTCGTG-1	NK	13
GGACACCCATCCCGGA-1	T	9
GGACACCCATTAACGC-1	T	9
GGACACCGTAACGGAC-1	T	1
GGACACCGTAATGCCT-1	T	7
GGACACCGTACTAGAA-1	T	3
GGACACCGTAGAAAGG-1	NK	18
GGACACCGTAGAGAGA-1	T	14
GGACACCGTCAGAAGC-1	T	4
GGACACCGTCGTAATC-1	T	9
GGACACCGTCTGTTGA-1	T	12
GGACACCGTGTTGGTT-1	T	11
GGACACCGTTACCCAA-1	T	3
GGACACCTCAAAGTAG-1	B	6
GGACACCTCCCGCAAG-1	NK	18
GGACACCTCGCAACTA-1	NK	13
GGACACCTCGCCTTAC-1	Myeloid	2
GGACACCTCGGTTCCT-1	T	4
GGACACCTCGTGAACT-1	T	14
GGACACCTCTCAGATG-1	T	1
GGACACCTCTCCTTGG-1	T	0
GGACACCTCTCGACAA-1	T	7
GGACACCTCTGAACGT-1	Myeloid	2
GGACACCTCTGGGCGT-1	T	17
GGACACCTCTTAATCC-1	T	4
GGACACCTCTTGTCGC-1	NK	5
GGAGAACAGAAAGGGT-1	T	19
GGAGAACAGAAATTCG-1	T	14
GGAGAACAGAATCAGT-1	T	8
GGAGAACAGAGCCACA-1	T	12
GGAGAACAGATATGTG-1	T	8
GGAGAACAGCAACGGT-1	T	1
GGAGAACAGCGTATCT-1	T	3
GGAGAACAGGCAAGCT-1	T	8
GGAGAACAGGGCTCTC-1	Myeloid	2
GGAGAACAGGTTCGAG-1	NK	5
GGAGAACCAAGACTTC-1	Myeloid	2
GGAGAACCAAGCAATA-1	T	3
GGAGAACCACAGTTAC-1	T	16
GGAGAACCACCGATCG-1	NK	18
GGAGAACCAGATTAAG-1	T	14
GGAGAACCATAGTCCA-1	T	9
GGAGAACCATTCTTTG-1	T	16
GGAGAACGTAAGTGCG-1	T	17
GGAGAACGTACCCACG-1	T	14
GGAGAACGTAGACACG-1	T	14
GGAGAACGTCGTCGCA-1	T	12
GGAGAACGTTCATTTC-1	T	7
GGAGAACGTTCGGGAA-1	T	4
GGAGAACGTTTGAAGA-1	T	4
GGAGAACGTTTGACCA-1	T	4
GGAGAACTCAGATACC-1	T	19
GGAGAACTCGCATAAC-1	T	8
GGAGAACTCGCTAGTA-1	T	16
GGAGAACTCGCTATTT-1	NK	18
GGAGAACTCGGAGTTT-1	T	1
GGAGAACTCTGCTACC-1	NK	13
GGAGGATAGAACCCGA-1	T	4
GGAGGATAGAATCAAC-1	T	14
GGAGGATAGACGCCAA-1	T	0
GGAGGATAGGAATGGA-1	NK	5
GGAGGATAGGATCCTT-1	Myeloid	2
GGAGGATAGGCGATTG-1	T	3
GGAGGATAGGGAGATA-1	T	1
GGAGGATAGGGTTCCC-1	NK	13
GGAGGATAGTCTTAGC-1	T	14
GGAGGATAGTGATTAG-1	T	15
GGAGGATCAACCTCCT-1	NK	5
GGAGGATCACACATGT-1	T	3
GGAGGATCACCTGAAT-1	NK	13
GGAGGATCAGAAGTGC-1	Myeloid	2
GGAGGATCAGCAATGG-1	Myeloid	2
GGAGGATCAGGCAAGT-1	T	10
GGAGGATCATCCTGGG-1	NK	13
GGAGGATCATGGTAAA-1	T	16
GGAGGATGTACCTATG-1	Myeloid	2
GGAGGATGTAGTCCAT-1	T	4
GGAGGATGTCAAGACG-1	NK	5
GGAGGATGTCAGAAGC-1	T	0
GGAGGATGTCATAAGA-1	T	11
GGAGGATGTGCTTTGA-1	T	15
GGAGGATGTTCTCGAA-1	Myeloid	2
GGAGGATTCAATTCCT-1	T	12
GGAGGATTCCAAGAGG-1	T	17
GGAGGATTCTCGCGGA-1	B	6
GGAGTAGAGAAATACC-1	T	14
GGAGTAGAGAACTCCT-1	NK	13
GGAGTAGAGAAGACTT-1	T	14
GGAGTAGAGAATCAGT-1	T	11
GGAGTAGAGCTAACAA-1	T	16
GGAGTAGAGCTGAGGT-1	Myeloid	2
GGAGTAGAGGAGACTC-1	T	16
GGAGTAGAGGGCATTG-1	NK	5
GGAGTAGAGGTAAGTT-1	NK	18
GGAGTAGAGTAGACCG-1	T	12
GGAGTAGAGTATCTGC-1	T	16
GGAGTAGAGTCCGATT-1	NK	18
GGAGTAGAGTTATGAG-1	NK	13
GGAGTAGCAAGGCGTA-1	T	12
GGAGTAGCAAGTAATG-1	NK	18
GGAGTAGCAATGCATC-1	T	8
GGAGTAGCAGATTAAG-1	NK	13
GGAGTAGCAGCAACAG-1	T	17
GGAGTAGCATACAACC-1	NK	18
GGAGTAGCATAGAATG-1	T	12
GGAGTAGGTAGTTTGC-1	T	14
GGAGTAGGTATACGCT-1	T	7
GGAGTAGGTATGGATA-1	NK	13
GGAGTAGGTATGGTTC-1	T	4
GGAGTAGGTCCAGACC-1	T	3
GGAGTAGGTGATAAGT-1	T	16
GGAGTAGGTGCATTCA-1	NK	5
GGAGTAGGTGCGTTTA-1	T	11
GGAGTAGGTGGGTAGT-1	Myeloid	2
GGAGTAGGTGTCCCAG-1	T	9
GGAGTAGGTTCTTTCA-1	B	6
GGAGTAGGTTGCAGAG-1	T	8
GGAGTAGGTTTAGGAA-1	T	1
GGAGTAGTCAAGAGGC-1	T	17
GGAGTAGTCAAGGCCC-1	NK	13
GGAGTAGTCAGAATGA-1	Myeloid	2
GGAGTAGTCCAAACCA-1	T	12
GGAGTAGTCCAATAGC-1	T	1
GGAGTAGTCCCAGCGA-1	T	0
GGAGTAGTCGAACCGC-1	T	4
GGAGTAGTCTGATCTT-1	B	6
GGATAGGAGACTTGAA-1	T	16
GGATAGGAGATATGAC-1	B	6
GGATAGGAGCGAATAT-1	T	16
GGATAGGAGCTAGCAG-1	T	14
GGATAGGAGGCAAGCT-1	T	19
GGATAGGAGGTAGGAA-1	T	8
GGATAGGAGTGTCGCC-1	NK	18
GGATAGGCAAAGCTGG-1	T	4
GGATAGGCAAAGCTTC-1	T	1
GGATAGGCAAGGAACC-1	NK	5
GGATAGGCAAGTCTCA-1	T	9
GGATAGGCACACATGT-1	T	16
GGATAGGCACCCATCT-1	T	8
GGATAGGCACGCTCAG-1	T	4
GGATAGGCACTAGGAG-1	Myeloid	2
GGATAGGCACTTATGG-1	Myeloid	2
GGATAGGCAGAATGCG-1	T	17
GGATAGGCAGTCCTGG-1	T	0
GGATAGGCAGTGGTCC-1	NK	5
GGATAGGCATGTGAGG-1	T	9
GGATAGGCATTACCTT-1	T	12
GGATAGGGTACGGATG-1	T	7
GGATAGGGTAGAGAGA-1	T	9
GGATAGGGTAGCCATT-1	T	0
GGATAGGGTCTCTGCT-1	T	14
GGATAGGGTCTGATTG-1	Myeloid	2
GGATAGGGTGAGTAAT-1	NK	18
GGATAGGGTGAGTTGG-1	T	4
GGATAGGGTGATGCGA-1	T	1
GGATAGGGTGTCTACA-1	T	10
GGATAGGGTGTTTCTT-1	T	8
GGATAGGGTTCCATCC-1	NK	13
GGATAGGGTTCCTATT-1	T	7
GGATAGGGTTTGTAGC-1	T	8
GGATAGGTCATTCTTG-1	T	19
GGATAGGTCCAATAGC-1	T	16
GGATAGGTCCTAGAGT-1	T	3
GGATAGGTCGAAGCCC-1	T	12
GGATAGGTCGACTCGG-1	NK	13
GGATAGGTCGGCTATA-1	T	14
GGATAGGTCTCTGCAC-1	T	10
GGATAGGTCTTGTCAT-1	T	8
GGATGAGAGAAAGCAG-1	T	3
GGATGAGAGAACGTTA-1	T	9
GGATGAGAGACTTGAA-1	T	10
GGATGAGAGAGAGGTA-1	T	7
GGATGAGAGCAGTAGC-1	Myeloid	2
GGATGAGAGGAAACTT-1	T	1
GGATGAGAGGCTTCGC-1	B	6
GGATGAGAGTAGTCGG-1	T	4
GGATGAGAGTGTAATG-1	T	12
GGATGAGCAAATGCTC-1	T	8
GGATGAGCAACGACAG-1	T	4
GGATGAGCAACTTGGT-1	T	12
GGATGAGCAAGCTTTG-1	T	16
GGATGAGCACCGTCTT-1	T	0
GGATGAGCATCCCTTG-1	T	11
GGATGAGGTAGGGTTG-1	NK	18
GGATGAGGTCAACTGT-1	T	16
GGATGAGGTCAATACC-1	Myeloid	2
GGATGAGGTCCAAGTT-1	NK	18
GGATGAGGTGCCCTAG-1	Myeloid	2
GGATGAGGTTGTGACT-1	T	14
GGATGAGGTTTCGTTT-1	T	16
GGATGAGTCACAGGGA-1	T	9
GGATGAGTCAGAGTGG-1	T	17
GGATGAGTCCAAGAGG-1	T	16
GGATGAGTCCAGCACG-1	T	16
GGATGAGTCCAGGTCG-1	T	19
GGATGAGTCCATCTAT-1	T	9
GGATGAGTCCTAAGTG-1	T	12
GGATGAGTCGATAGCT-1	NK	13
GGATGAGTCGATCGCG-1	T	16
GGATGAGTCGCTATAG-1	T	3
GGATGAGTCGGACGAA-1	T	12
GGATGAGTCGTCCCAT-1	T	16
GGATGAGTCGTTACAG-1	T	9
GGATGAGTCTACTGCC-1	T	12
GGATGAGTCTTCCGTG-1	T	8
GGCACGTAGACGACTG-1	NK	5
GGCACGTAGGTTCGAG-1	T	7
GGCACGTAGTGTGTAA-1	T	0
GGCACGTAGTTCCAGT-1	NK	18
GGCACGTCAACTACTG-1	T	4
GGCACGTCAAGACACG-1	B	6
GGCACGTCAATGCACT-1	T	19
GGCACGTCACTGTCAA-1	NK	13
GGCACGTCAGGTAGGT-1	Myeloid	2
GGCACGTCATCCCGGA-1	T	7
GGCACGTCATCCCTTG-1	T	8
GGCACGTCATGACTGT-1	NK	13
GGCACGTGTAAACGAT-1	T	4
GGCACGTGTAATGCAA-1	NK	18
GGCACGTGTAGAAAGG-1	T	3
GGCACGTGTCATAAGA-1	T	4
GGCACGTGTGAATGTA-1	T	9
GGCACGTTCAGCACTA-1	T	1
GGCACGTTCAGTTGAC-1	B	6
GGCACGTTCCCGATTC-1	T	9
GGCACGTTCCTGGGAC-1	T	4
GGCACGTTCGTTCCGT-1	T	9
GGCACGTTCTCTGCGT-1	T	15
GGCACGTTCTGAGTAC-1	T	12
GGCATTAAGACCTATC-1	T	3
GGCATTAAGCCATTCA-1	Myeloid	2
GGCATTAAGCGCACAA-1	T	14
GGCATTAAGGAGTCTG-1	T	16
GGCATTAAGGTCGTTT-1	T	16
GGCATTAAGTAATGTG-1	NK	18
GGCATTAAGTATCTGC-1	T	4
GGCATTAAGTGATATG-1	T	14
GGCATTAAGTGTCCCG-1	T	4
GGCATTACAATCACTG-1	T	15
GGCATTACACTAGGAG-1	T	7
GGCATTACAGGTCCTG-1	T	9
GGCATTACATCCTGGG-1	T	16
GGCATTACATGGAGGT-1	T	4
GGCATTACATTGAACC-1	T	7
GGCATTAGTACCCATA-1	T	8
GGCATTAGTCCCTAAA-1	T	19
GGCATTAGTCCTATTT-1	NK	13
GGCATTAGTTCTGATG-1	T	17
GGCATTATCCTGGAAT-1	T	11
GGCATTATCGCTATTT-1	T	0
GGCATTATCTACATCT-1	T	12
GGCATTATCTGCCGAG-1	T	4
GGCGAAAAGAAGAGTG-1	B	6
GGCGAAAAGAGTCCGA-1	T	11
GGCGAAAAGCCGCTGT-1	T	7
GGCGAAAAGCCTTTGA-1	T	15
GGCGAAAAGCTAGTTC-1	T	3
GGCGAAAAGCTGAAAT-1	T	1
GGCGAAAAGTGCACAG-1	B	6
GGCGAAAAGTGTTCCA-1	Myeloid	2
GGCGAAACAACCTCTC-1	T	3
GGCGAAACACGTTACA-1	T	9
GGCGAAACATTATGGC-1	T	0
GGCGAAACATTGCACA-1	T	8
GGCGAAAGTAAAGCTA-1	T	12
GGCGAAAGTCTGCACG-1	B	6
GGCGAAAGTGCTTACA-1	T	4
GGCGAAAGTTCCCGGA-1	T	4
GGCGAAATCAATCGTG-1	Myeloid	2
GGCGAAATCACTCCCA-1	T	0
GGCGAAATCCCAGCAG-1	T	9
GGCGAAATCGCGTTCT-1	NK	5
GGCGAAATCGTTGTTT-1	T	0
GGCGTTGAGACACGGT-1	T	0
GGCGTTGAGAGAAGCA-1	T	1
GGCGTTGAGGGCGAAG-1	NK	13
GGCGTTGAGGTTAACA-1	T	15
GGCGTTGAGGTTGTGG-1	NK	18
GGCGTTGAGTTATGAG-1	T	12
GGCGTTGCAAACCTAC-1	NK	13
GGCGTTGCAAACTACC-1	T	16
GGCGTTGCAATGAAAC-1	NK	18
GGCGTTGCAATGATGA-1	T	14
GGCGTTGCAATGTGCT-1	T	1
GGCGTTGCACACTAGT-1	T	9
GGCGTTGCAGCGCGTT-1	T	14
GGCGTTGCAGTCCTGG-1	T	16
GGCGTTGCATCGACGC-1	T	4
GGCGTTGCATGATCGT-1	Myeloid	2
GGCGTTGCATGTATCG-1	T	19
GGCGTTGCATTACACG-1	T	9
GGCGTTGGTATGTCCA-1	Myeloid	2
GGCGTTGGTATTCTGG-1	T	12
GGCGTTGGTCAGAAAT-1	T	0
GGCGTTGGTCCCTAAA-1	T	12
GGCGTTGGTGTACGCC-1	T	16
GGCGTTGGTTACACTG-1	T	4
GGCGTTGGTTAGCTCA-1	Myeloid	2
GGCGTTGGTTCTGAAC-1	T	3
GGCGTTGTCAACGTGT-1	T	0
GGCGTTGTCAGGAAGC-1	NK	13
GGCGTTGTCCACGAGC-1	T	4
GGCGTTGTCCAGTACA-1	B	6
GGCGTTGTCCCTACGT-1	T	8
GGCGTTGTCGATGTGT-1	T	17
GGCGTTGTCGGTCGAC-1	T	9
GGCGTTGTCGGTGATT-1	T	12
GGGAACAAGAGCTACG-1	T	1
GGGAACAAGAGGAATG-1	T	8
GGGAACAAGCGTCAAG-1	Myeloid	2
GGGAACAAGGAATGGA-1	T	14
GGGAACAAGGTAGGCT-1	NK	13
GGGAACAAGTATACCC-1	NK	18
GGGAACACAATGAAAC-1	T	14
GGGAACACACATGATC-1	T	0
GGGAACACACGAACGA-1	T	9
GGGAACACACGGTTAT-1	T	4
GGGAACACACTCCACT-1	Myeloid	2
GGGAACACACTGTCGG-1	T	0
GGGAACACAGAGTCGA-1	T	14
GGGAACACAGGCATTT-1	B	6
GGGAACACATCAGAAA-1	T	11
GGGAACACATCCCAAA-1	T	3
GGGAACACATTACCTT-1	T	9
GGGAACACATTGAACC-1	T	19
GGGAACACATTTAGGC-1	T	9
GGGAACAGTAAGCCGA-1	T	7
GGGAACAGTAGTGATA-1	T	11
GGGAACAGTATACGCT-1	NK	13
GGGAACAGTATTCGCA-1	T	4
GGGAACAGTCTGCGCA-1	T	12
GGGAACAGTGCAGACA-1	NK	13
GGGAACAGTTCAGTAC-1	Myeloid	2
GGGAACAGTTGGAGGT-1	T	12
GGGAACAGTTTCCACC-1	B	6
GGGAACATCACTCCCA-1	T	3
GGGAACATCCATTGTT-1	B	6
GGGAACATCCGAGAGA-1	T	1
GGGAACATCGATCGCG-1	T	16
GGGAACATCGCACCTT-1	T	4
GGGAACATCGCCGAAC-1	T	4
GGGAACATCGGGATCC-1	T	8
GGGAACATCGTAGCGC-1	NK	13
GGGAACATCTCTTAAC-1	T	8
GGGAACATCTGAAAGA-1	T	14
GGGACCTAGATGTTGA-1	T	4
GGGACCTAGATTAGAC-1	T	9
GGGACCTAGCAGTAGC-1	T	4
GGGACCTAGCGCATTT-1	T	10
GGGACCTAGCTGGAGT-1	T	11
GGGACCTAGCTTCAAC-1	T	8
GGGACCTAGGATGTCG-1	T	7
GGGACCTAGGCTCAGA-1	T	4
GGGACCTAGGTAAGCC-1	T	1
GGGACCTAGTCGGGAT-1	T	9
GGGACCTAGTGTTCCA-1	T	16
GGGACCTCAAGAAACT-1	T	10
GGGACCTCAAGCAATA-1	NK	13
GGGACCTCACAAACAA-1	NK	13
GGGACCTCACTGATAC-1	T	11
GGGACCTCAGTAAGCG-1	T	15
GGGACCTCATATAGAG-1	T	9
GGGACCTCATCGCTAA-1	Myeloid	2
GGGACCTGTAAAGGCC-1	T	15
GGGACCTGTAACGTAA-1	Myeloid	2
GGGACCTGTAGCAGCA-1	T	10
GGGACCTGTCGCTACG-1	T	1
GGGACCTGTCTAAGAA-1	T	14
GGGACCTGTGAGTCGA-1	T	3
GGGACCTGTGCTGAAG-1	T	8
GGGACCTGTGGATTTC-1	B	6
GGGACCTGTGGTGGTA-1	T	0
GGGACCTGTGTGACCC-1	NK	13
GGGACCTGTTGCCTGG-1	B	6
GGGACCTGTTTGTAGC-1	T	3
GGGACCTTCAAGAGGC-1	T	14
GGGACCTTCAGGGTTT-1	T	0
GGGACCTTCAGTGGTT-1	NK	18
GGGACCTTCCGGACTG-1	T	4
GGGACCTTCCTAGAGT-1	NK	5
GGGACCTTCCTTTGCG-1	NK	18
GGGACCTTCGCCACTT-1	T	4
GGGACCTTCGCGTTCT-1	T	1
GGGACCTTCGCTATTT-1	T	7
GGGACCTTCGCTGATA-1	B	6
GGGACCTTCTCGTAGA-1	T	14
GGGACCTTCTCGTGAA-1	T	9
GGGACCTTCTCTGCAC-1	T	12
GGGACCTTCTTGTACT-1	T	9
GGGCCATAGAGCAGCT-1	T	16
GGGCCATAGAGCCACA-1	T	8
GGGCCATAGAGGAAGT-1	T	12
GGGCCATAGATGAGGA-1	T	3
GGGCCATAGATGCGAC-1	T	3
GGGCCATAGATGGCAC-1	T	16
GGGCCATAGGATGCCA-1	B	6
GGGCCATAGGCTGGAT-1	T	8
GGGCCATCAAAGCTGG-1	T	1
GGGCCATCAAGGCTTT-1	T	1
GGGCCATCACCACCAG-1	T	19
GGGCCATCACGCGTTG-1	T	0
GGGCCATCAGTTCGGC-1	Myeloid	2
GGGCCATGTACATGGG-1	T	3
GGGCCATGTCATTGGT-1	B	6
GGGCCATGTGCCAAGA-1	T	4
GGGCCATGTGCTGGCT-1	T	7
GGGCCATGTTACGGAG-1	T	17
GGGCCATGTTATAGAG-1	T	12
GGGCCATGTTCCAATG-1	T	7
GGGCCATGTTTCGACA-1	NK	13
GGGCCATTCAGCACTA-1	NK	18
GGGCCATTCAGTCAAC-1	T	15
GGGCCATTCCATACCC-1	T	1
GGGCCATTCGCACCGA-1	T	4
GGGCCATTCTTCACTA-1	T	19
GGGTCTGAGAAATGGG-1	T	11
GGGTCTGAGACTAATG-1	T	12
GGGTCTGAGAGTAAGG-1	T	12
GGGTCTGAGCAACGGT-1	T	9
GGGTCTGAGCCTCGCA-1	T	9
GGGTCTGAGCGCCTAC-1	T	17
GGGTCTGAGCTGGAGT-1	T	19
GGGTCTGAGGTTTCTG-1	T	4
GGGTCTGAGTACAACA-1	T	15
GGGTCTGAGTACGCGA-1	NK	5
GGGTCTGAGTCACACT-1	T	7
GGGTCTGAGTCATCTG-1	T	1
GGGTCTGAGTCCAGAG-1	NK	18
GGGTCTGCAACACGGA-1	T	7
GGGTCTGCAAGGAGGG-1	T	0
GGGTCTGCAAGGTTCT-1	NK	13
GGGTCTGCATCGACGC-1	T	11
GGGTCTGGTAAACGGC-1	B	6
GGGTCTGGTCAACTGT-1	T	12
GGGTCTGGTCATAGCT-1	T	12
GGGTCTGGTCCGCTTT-1	B	6
GGGTCTGGTCCGTCGA-1	T	16
GGGTCTGGTCTAACCA-1	B	6
GGGTCTGGTCTAAGAA-1	T	7
GGGTCTGGTGGTACTT-1	NK	18
GGGTCTGGTTGTGACT-1	T	10
GGGTCTGGTTTAGAAG-1	T	12
GGGTCTGTCAGTGGTT-1	T	17
GGGTCTGTCATTCTCA-1	T	14
GGGTCTGTCCAGAGAG-1	T	1
GGGTCTGTCCTTGACC-1	T	4
GGGTCTGTCGCCAGAC-1	T	17
GGGTCTGTCGCTATAG-1	T	12
GGGTGTCAGAATGCTA-1	T	1
GGGTGTCAGAGTGGAA-1	NK	18
GGGTGTCAGCGCAATG-1	T	17
GGGTGTCAGCGCACAA-1	T	9
GGGTGTCAGGAAGAAC-1	T	12
GGGTGTCAGTGGACGT-1	T	7
GGGTGTCCAACTTGGT-1	T	0
GGGTGTCCACGCGACT-1	T	7
GGGTGTCCACGGTTAT-1	T	1
GGGTGTCCAGCAACAG-1	T	14
GGGTGTCGTAACCCAT-1	T	15
GGGTGTCGTCAAACAA-1	T	12
GGGTGTCGTCAGAAGC-1	T	11
GGGTGTCGTCATTGCA-1	T	7
GGGTGTCGTCTAACCA-1	NK	13
GGGTGTCGTCTGTTGA-1	T	12
GGGTGTCGTGAGTAAT-1	T	3
GGGTGTCGTGATAACA-1	T	16
GGGTGTCGTGCTGTGC-1	T	14
GGGTGTCGTGCTTTGA-1	T	1
GGGTGTCGTGGCATAG-1	T	10
GGGTGTCGTGGTCGAA-1	T	19
GGGTGTCGTTAACCGT-1	Myeloid	2
GGGTGTCGTTGGTAAA-1	Myeloid	2
GGGTGTCTCCGAGGAA-1	T	12
GGGTGTCTCCGATGCG-1	Myeloid	2
GGGTGTCTCGATAGCT-1	T	1
GGGTGTCTCTCTATCA-1	T	14
GGGTTATAGACGCCAA-1	NK	13
GGGTTATAGAGACTCG-1	T	12
GGGTTATAGAGCTCCC-1	NK	5
GGGTTATAGATCACCT-1	T	14
GGGTTATAGCTACGTT-1	T	12
GGGTTATAGGAACCGT-1	T	15
GGGTTATCAAGCCTTA-1	T	9
GGGTTATCAATGGTCT-1	T	12
GGGTTATCACATCATG-1	Myeloid	2
GGGTTATCAGACTAAA-1	NK	13
GGGTTATCAGGGCTTC-1	B	6
GGGTTATCATCACAGT-1	Myeloid	2
GGGTTATCATGTAGAA-1	T	14
GGGTTATCATTAACGC-1	T	16
GGGTTATGTATCTAGC-1	T	17
GGGTTATGTCTCAAAC-1	T	9
GGGTTATGTGCCCAGT-1	T	9
GGGTTATGTGCGCTCA-1	T	4
GGGTTATGTTACGAAA-1	Myeloid	2
GGGTTATGTTAGGAGC-1	Myeloid	2
GGGTTATGTTCCATCC-1	T	14
GGGTTATGTTTGCCAA-1	Myeloid	2
GGGTTATTCACCCGGA-1	T	19
GGGTTATTCAGCACTA-1	T	17
GGGTTATTCAGTACAC-1	NK	18
GGGTTATTCGACTCGG-1	T	0
GGGTTATTCGCAGATT-1	T	4
GGGTTATTCGTTGTAG-1	NK	18
GGGTTATTCTGAACGT-1	T	17
GGGTTATTCTTCACTA-1	T	16
GGGTTATTCTTTATCG-1	NK	18
GGTACCGAGAGAGTTT-1	T	7
GGTACCGAGCATGATA-1	NK	13
GGTACCGAGCCGCAAA-1	T	12
GGTACCGAGGGCGAAG-1	T	9
GGTACCGAGGTACATA-1	T	7
GGTACCGAGTAGAAGG-1	T	3
GGTACCGAGTCTGGGA-1	T	11
GGTACCGCAAAGCTTC-1	T	15
GGTACCGCAACGGACA-1	T	11
GGTACCGCAACGTCCG-1	T	14
GGTACCGCAAGTTGCT-1	T	3
GGTACCGCACAAGGGT-1	NK	18
GGTACCGCACGACGAA-1	T	4
GGTACCGCAGAACAGC-1	Myeloid	2
GGTACCGCAGCAACCC-1	NK	18
GGTACCGCAGGGTAAC-1	NK	13
GGTACCGCAGGTGTGA-1	NK	13
GGTACCGCAGTATACC-1	NK	18
GGTACCGCAGTCCTGG-1	Myeloid	2
GGTACCGCATCCGTGG-1	T	12
GGTACCGCATGCCTTC-1	T	11
GGTACCGCATTAGCCA-1	Myeloid	2
GGTACCGCATTGTGAC-1	T	3
GGTACCGGTAAACCCT-1	T	3
GGTACCGGTAATGCCT-1	T	3
GGTACCGGTAGAAGCC-1	T	9
GGTACCGGTATCACAC-1	Myeloid	2
GGTACCGGTCGATAGG-1	T	9
GGTACCGGTGGCATAG-1	T	16
GGTACCGTCAGGTTTG-1	T	9
GGTACCGTCCCACGGA-1	T	10
GGTACCGTCGCATAAC-1	T	0
GGTACCGTCGCGCCAA-1	T	15
GGTACCGTCGTATAGC-1	T	12
GGTACCGTCGTTCCGT-1	T	15
GGTACCGTCTATTTCG-1	B	6
GGTACCGTCTCTATCA-1	T	12
GGTACCGTCTGATCTT-1	T	12
GGTACCGTCTTCGTTA-1	T	1
GGTAGGAAGAGGAAGT-1	NK	5
GGTAGGAAGAGTTTGA-1	Myeloid	2
GGTAGGAAGATCGCCC-1	T	4
GGTAGGAAGGAAGGTA-1	T	8
GGTAGGAAGGGCTCTC-1	NK	13
GGTAGGAAGTACAGAT-1	T	4
GGTAGGAAGTGCTCGC-1	NK	5
GGTAGGAAGTTAGCGG-1	NK	18
GGTAGGAAGTTCTCCC-1	T	10
GGTAGGACAAATAGTG-1	T	9
GGTAGGACAAGTCTGT-1	T	10
GGTAGGACAATTCTCT-1	Myeloid	2
GGTAGGACACACACAT-1	T	10
GGTAGGACAGGGAGTT-1	NK	18
GGTAGGACAGTTGGAG-1	T	11
GGTAGGACATAGGCGA-1	T	16
GGTAGGACATGGTATC-1	T	7
GGTAGGAGTAAACGTA-1	T	0
GGTAGGAGTCAGAGTG-1	T	19
GGTAGGAGTCCAAGAG-1	T	1
GGTAGGAGTCCGAGCT-1	T	12
GGTAGGAGTTACCACA-1	T	0
GGTAGGAGTTCCAATG-1	T	1
GGTAGGAGTTCTTATC-1	T	17
GGTAGGAGTTTCGACA-1	T	14
GGTAGGATCAAGGCAG-1	T	3
GGTAGGATCCAGGGAA-1	NK	5
GGTAGGATCCCGTATC-1	T	9
GGTAGGATCGGATGTT-1	T	15
GGTAGGATCGGGATCC-1	T	0
GGTAGGATCTGGAAGG-1	NK	13
GGTAGGATCTTAAGCG-1	T	4
GGTCATAAGCCATGGA-1	T	16
GGTCATAAGCGCACAA-1	T	12
GGTCATAAGCGTTAGG-1	B	6
GGTCATAAGGGCGAAG-1	T	9
GGTCATAAGTAGCAAT-1	T	16
GGTCATAAGTGATCTC-1	T	8
GGTCATAAGTTCAAGA-1	T	9
GGTCATACAACGTCCG-1	T	7
GGTCATACAATGATGA-1	T	19
GGTCATACACAAGGGT-1	NK	13
GGTCATACACGCGCAT-1	T	1
GGTCATACAGGCAAGT-1	T	15
GGTCATACAGGCATCC-1	T	9
GGTCATACATCGGCCA-1	Myeloid	2
GGTCATACATCTCACC-1	T	12
GGTCATACATGCACTA-1	T	3
GGTCATAGTACGTAAA-1	T	10
GGTCATAGTATCTAGC-1	Myeloid	2
GGTCATAGTATTCTGG-1	NK	13
GGTCATAGTCAGAAGC-1	T	8
GGTCATAGTTATCGAC-1	T	0
GGTCATAGTTCACGTA-1	T	7
GGTCATAGTTCAGTTG-1	T	16
GGTCATAGTTCCCGGA-1	T	7
GGTCATATCAAGGCAG-1	Myeloid	2
GGTCATATCAATCGTG-1	NK	13
GGTCATATCAGCACTA-1	T	7
GGTCATATCAGGAATA-1	NK	18
GGTCATATCGACTCGG-1	T	15
GGTCATATCGCCAGAC-1	T	4
GGTCATATCGGCTATA-1	T	7
GGTCATATCTATACCT-1	T	16
GGTCATATCTGAACGT-1	Myeloid	2
GGTGAAGAGAGCCACA-1	NK	5
GGTGAAGAGATTAGAC-1	NK	18
GGTGAAGAGCATACCT-1	T	19
GGTGAAGAGCTAACAA-1	T	19
GGTGAAGAGCTGGAGT-1	T	12
GGTGAAGAGGCGATTG-1	T	12
GGTGAAGAGTCCGATT-1	T	16
GGTGAAGAGTCGAGCA-1	T	7
GGTGAAGCAAAGAGAG-1	T	14
GGTGAAGCAACGGACA-1	T	10
GGTGAAGCAAGCGACA-1	T	14
GGTGAAGCAAGGAACC-1	NK	18
GGTGAAGCATTGTTCT-1	T	0
GGTGAAGCATTTCACT-1	T	11
GGTGAAGGTCCAACCG-1	Myeloid	2
GGTGAAGGTCCGAGCT-1	T	3
GGTGAAGGTTAGCTCA-1	Myeloid	2
GGTGAAGGTTGTATCG-1	T	15
GGTGAAGGTTTGATCG-1	T	3
GGTGAAGTCAGGGTTT-1	T	8
GGTGAAGTCATCGCTC-1	T	1
GGTGAAGTCATTCTTG-1	T	12
GGTGAAGTCCCTATTA-1	T	3
GGTGAAGTCGAGAAGC-1	T	0
GGTGAAGTCGCCGAAC-1	NK	18
GGTGAAGTCGGATCGC-1	T	16
GGTGAAGTCGTTACAG-1	T	14
GGTGAAGTCTATAGGC-1	T	4
GGTGCTGAGAAGCCTG-1	T	0
GGTGCTGAGAGGAACA-1	T	3
GGTGCTGAGATGCGAC-1	T	8
GGTGCTGAGCCGCAAA-1	T	19
GGTGCTGAGCGTAGCA-1	T	8
GGTGCTGAGGGTGTTG-1	T	12
GGTGCTGAGGGTTCTT-1	NK	18
GGTGCTGAGGTAAGCC-1	T	16
GGTGCTGAGGTTCGAG-1	B	6
GGTGCTGAGTAGCAAT-1	T	12
GGTGCTGAGTAGGAAG-1	T	11
GGTGCTGAGTTAGAGT-1	T	9
GGTGCTGAGTTGCCGC-1	T	14
GGTGCTGCACACATGT-1	NK	18
GGTGCTGCAGGTAGGT-1	T	0
GGTGCTGCATAGACGG-1	NK	13
GGTGCTGCATTACCTT-1	T	9
GGTGCTGGTACAAGCG-1	NK	13
GGTGCTGGTAGTATCC-1	T	11
GGTGCTGGTATTCACG-1	T	14
GGTGCTGGTCCTTCAC-1	T	4
GGTGCTGGTGCTGTGC-1	T	14
GGTGCTGGTTGGCGAA-1	T	16
GGTGCTGTCCATGACA-1	T	11
GGTGCTGTCTTACGGA-1	T	8
GGTGTCGAGAAACGCC-1	T	14
GGTGTCGAGATTCCGT-1	Myeloid	2
GGTGTCGAGCAGAGCT-1	T	8
GGTGTCGAGCTCCATA-1	T	7
GGTGTCGAGGTCGGTA-1	T	0
GGTGTCGAGTAATGTG-1	B	6
GGTGTCGAGTACCACT-1	T	19
GGTGTCGAGTCACACT-1	NK	13
GGTGTCGAGTCTGGGA-1	T	1
GGTGTCGAGTGATCTC-1	NK	13
GGTGTCGCAAAGGCCA-1	T	14
GGTGTCGCAAGGATGC-1	T	8
GGTGTCGCACAAGGGT-1	T	11
GGTGTCGCACCTGGTG-1	Myeloid	2
GGTGTCGCAGGACCTC-1	T	7
GGTGTCGCAGTATCTG-1	T	19
GGTGTCGCATGCACTA-1	T	15
GGTGTCGCATGCGTTA-1	T	19
GGTGTCGCATTCCCGT-1	T	12
GGTGTCGGTAGCAGGT-1	NK	5
GGTGTCGGTAGGGTCA-1	Myeloid	2
GGTGTCGGTGAAACAT-1	Myeloid	2
GGTGTCGGTGATGTGG-1	T	7
GGTGTCGGTGATTCCA-1	T	0
GGTGTCGGTGGACTGA-1	T	19
GGTGTCGGTTCACGTA-1	T	14
GGTGTCGTCCAACGCG-1	T	0
GGTGTCGTCCATTGAG-1	NK	18
GGTGTCGTCCCACGGA-1	T	9
GGTGTCGTCCGATTGA-1	NK	5
GGTGTCGTCGATGTAC-1	T	17
GGTTGCGAGACCCATT-1	Myeloid	2
GGTTGCGAGAGCCACA-1	T	0
GGTTGCGAGATTAGAC-1	T	4
GGTTGCGAGCATGATA-1	T	7
GGTTGCGAGCCAGAAC-1	Myeloid	2
GGTTGCGAGGTTGACG-1	T	11
GGTTGCGAGTCATACC-1	T	15
GGTTGCGAGTGCTGAG-1	T	16
GGTTGCGAGTGTGTAA-1	Myeloid	2
GGTTGCGCAAATTCCG-1	T	10
GGTTGCGCAAGATGCG-1	Myeloid	2
GGTTGCGCACCCTTTG-1	T	3
GGTTGCGCATCGTACA-1	T	4
GGTTGCGGTATCCCTC-1	T	0
GGTTGCGGTATCGCGC-1	Myeloid	2
GGTTGCGGTATTCTCT-1	T	11
GGTTGCGGTATTGTGC-1	T	7
GGTTGCGGTCAGACGA-1	Myeloid	2
GGTTGCGGTCCTCAGG-1	B	6
GGTTGCGGTCTGGTTA-1	T	16
GGTTGCGGTGACCAGA-1	T	1
GGTTGCGGTTGCTTGA-1	NK	18
GGTTGCGGTTTCAGCA-1	NK	13
GGTTGCGTCATCGCCT-1	T	11
GGTTGCGTCGATTACG-1	B	6
GGTTGCGTCTATTTCG-1	T	11
GGTTGCGTCTCTTCCT-1	T	8
GGTTGCGTCTGGGCGT-1	NK	18
GTAATCGAGATATGAC-1	NK	18
GTAATCGAGCCTATAC-1	T	11
GTAATCGAGCTACGCC-1	T	1
GTAATCGAGGGTGTTG-1	T	7
GTAATCGAGTACGACG-1	Myeloid	2
GTAATCGCAAGCTTTG-1	T	16
GTAATCGCAATCATCG-1	T	10
GTAATCGCAATGCCAT-1	T	11
GTAATCGCACAAACGG-1	T	3
GTAATCGCACATAAAG-1	T	11
GTAATCGCAGGCAGAT-1	T	1
GTAATCGCATCATGTG-1	T	14
GTAATCGCATCCATAG-1	T	14
GTAATCGCATGTATCG-1	T	3
GTAATCGGTAAGCCGA-1	T	15
GTAATCGGTAGAGAGA-1	T	14
GTAATCGGTAGTACAA-1	T	12
GTAATCGGTATGCTAC-1	T	16
GTAATCGGTCTAACCA-1	T	14
GTAATCGGTCTCTAAG-1	T	7
GTAATCGGTGCCGGTT-1	Myeloid	2
GTAATCGGTGGACAGT-1	T	9
GTAATCGGTGGTACTT-1	T	17
GTAATCGGTGTCCAGC-1	T	4
GTAATCGGTTGGGAAC-1	T	17
GTAATCGGTTTGTCTT-1	T	15
GTAATCGTCACGATTG-1	T	19
GTAATCGTCACTAGGT-1	T	14
GTAATCGTCCAGAATC-1	T	0
GTAATCGTCGAGCGCT-1	Myeloid	2
GTACTTTAGATCTCAC-1	T	9
GTACTTTAGCAACTGG-1	Myeloid	2
GTACTTTAGCTACGCC-1	NK	5
GTACTTTAGGCCTCGT-1	T	10
GTACTTTAGGGAAGCG-1	T	17
GTACTTTAGTGTGTAA-1	NK	13
GTACTTTCAAAGACGC-1	T	16
GTACTTTCAGTCAGCC-1	NK	13
GTACTTTCATCAGCTA-1	T	1
GTACTTTCATCCATAG-1	T	15
GTACTTTCATCCGTGG-1	T	14
GTACTTTCATGCGCTG-1	T	15
GTACTTTCATGGTAAA-1	T	14
GTACTTTCATTTAGGC-1	NK	5
GTACTTTGTAAGGTCG-1	NK	18
GTACTTTGTGATAGAT-1	T	3
GTACTTTGTGTGTGTT-1	T	4
GTACTTTGTTGTATCG-1	Myeloid	2
GTACTTTGTTTAGACC-1	T	7
GTACTTTTCAACTTGG-1	T	17
GTACTTTTCAGGTCTA-1	T	7
GTACTTTTCCGCCTAT-1	T	4
GTACTTTTCGCGTTCT-1	T	19
GTACTTTTCGGTTCCT-1	T	19
GTACTTTTCGTGGCGT-1	Myeloid	2
GTACTTTTCGTGTGCG-1	T	14
GTACTTTTCTCCCTTT-1	T	4
GTACTTTTCTCCTTGG-1	T	10
GTACTTTTCTCTATTG-1	T	7
GTAGACTAGAGAAGCA-1	T	17
GTAGACTAGCATTGGG-1	T	11
GTAGACTAGCGCCTAC-1	T	4
GTAGACTAGGAATGGA-1	T	10
GTAGACTAGGGCTTCC-1	T	0
GTAGACTAGGGTTCCC-1	NK	18
GTAGACTAGGTACACG-1	T	11
GTAGACTAGGTTCGTT-1	T	7
GTAGACTAGTAACTCC-1	T	1
GTAGACTCAAGAAACT-1	T	17
GTAGACTCACGAACGA-1	T	12
GTAGACTCACTGAAGG-1	T	9
GTAGACTCAGAAAGAG-1	T	16
GTAGACTCAGTTAAAG-1	B	6
GTAGACTGTAACGTAA-1	T	16
GTAGACTGTCAGAAGC-1	T	8
GTAGACTGTCCAGACC-1	T	4
GTAGACTGTCCCGTGA-1	T	16
GTAGACTGTGAATGGC-1	T	11
GTAGACTGTGGAAGCT-1	B	6
GTAGACTGTGGCATAG-1	T	17
GTAGACTGTGTCGTCG-1	NK	13
GTAGACTGTGTTTCTT-1	Myeloid	2
GTAGACTGTTACTTTC-1	T	1
GTAGACTGTTCCCGGA-1	T	12
GTAGACTGTTGGCGAA-1	T	16
GTAGACTTCATCGCCT-1	T	12
GTAGACTTCCCACGGA-1	T	0
GTAGACTTCCCACTTG-1	T	1
GTAGACTTCCTTGACC-1	T	7
GTAGACTTCGATAGGG-1	T	4
GTAGACTTCTCATCCG-1	T	8
GTAGACTTCTCTGAGA-1	NK	13
GTAGGAGAGAAGAGTG-1	T	14
GTAGGAGAGAATCAAC-1	T	9
GTAGGAGAGATGGGAA-1	NK	13
GTAGGAGAGCCCATGC-1	T	19
GTAGGAGAGCTACGCC-1	T	10
GTAGGAGAGTATGCTC-1	T	11
GTAGGAGAGTCGGGAT-1	T	7
GTAGGAGAGTTTGGAA-1	T	7
GTAGGAGCAACTGCGC-1	T	9
GTAGGAGCACAATAAG-1	NK	13
GTAGGAGCACCGATCG-1	T	7
GTAGGAGCACTCGCAG-1	T	16
GTAGGAGCAGTAACCT-1	T	12
GTAGGAGCATCCGTAA-1	T	7
GTAGGAGCATGCGTTA-1	T	0
GTAGGAGCATGGGAAC-1	T	16
GTAGGAGCATGGGTGA-1	T	9
GTAGGAGGTACAAGCG-1	T	19
GTAGGAGGTACGAGAC-1	Myeloid	2
GTAGGAGGTAGCCATT-1	T	12
GTAGGAGGTATATGGA-1	T	7
GTAGGAGGTATCCCTC-1	T	8
GTAGGAGGTCAGTGTT-1	T	19
GTAGGAGGTCGATAGG-1	T	1
GTAGGAGGTCTCTAAG-1	T	11
GTAGGAGGTCTGGGCT-1	T	11
GTAGGAGGTTAACTCG-1	NK	13
GTAGGAGGTTAAGTCC-1	NK	18
GTAGGAGGTTACGGAG-1	T	19
GTAGGAGGTTCAGTAC-1	T	16
GTAGGAGGTTTCGACA-1	T	14
GTAGGAGTCCAGGGAA-1	T	7
GTAGGAGTCCAGTTAG-1	T	14
GTAGGAGTCCGTGCAG-1	T	16
GTAGGAGTCGCATACA-1	T	15
GTAGGAGTCGTCCCAT-1	NK	13
GTAGGAGTCTGAAAGA-1	NK	13
GTAGGAGTCTGCCGAG-1	T	9
GTAGTACAGAGTAAGG-1	T	10
GTAGTACAGATGCGAC-1	T	8
GTAGTACAGATGTTGA-1	T	4
GTAGTACAGCAATGTA-1	T	7
GTAGTACAGGCTTTAC-1	T	3
GTAGTACAGGGTTCCC-1	T	7
GTAGTACAGGTGAACC-1	B	6
GTAGTACAGGTGTTGG-1	T	9
GTAGTACAGTAGGAAG-1	T	4
GTAGTACAGTGAAACT-1	T	10
GTAGTACAGTGAGTGC-1	Myeloid	2
GTAGTACCAAATGTCC-1	NK	5
GTAGTACCAACGGACA-1	T	15
GTAGTACCACCTCGTT-1	T	15
GTAGTACCAGCGTCGT-1	NK	13
GTAGTACCAGTAACGG-1	T	16
GTAGTACCATACTGCA-1	T	14
GTAGTACCATAGTCCA-1	T	10
GTAGTACCATGGCCCA-1	T	3
GTAGTACCATTAACGC-1	T	3
GTAGTACGTACTTGAC-1	T	12
GTAGTACGTGCACCCA-1	T	16
GTAGTACGTGGTACTT-1	T	9
GTAGTACGTTAGTAGA-1	T	9
GTAGTACTCACAAGCT-1	T	9
GTAGTACTCACGTCAA-1	T	11
GTAGTACTCCCAATAG-1	NK	13
GTAGTACTCGCATACA-1	NK	13
GTAGTACTCGTCTAGA-1	T	7
GTAGTACTCGTTCTAT-1	T	3
GTAGTACTCTACTGCC-1	T	1
GTCACAAAGACTCGGA-1	B	6
GTCACAAAGCCGCTGT-1	B	6
GTCACAAAGCCTGTAT-1	NK	18
GTCACAAAGTAATCAG-1	Myeloid	2
GTCACAAAGTCAGGAC-1	T	7
GTCACAAAGTGTCCCG-1	T	15
GTCACAACAAACGACG-1	B	6
GTCACAACACTACACA-1	T	9
GTCACAACAGAGCCAA-1	T	8
GTCACAACATCACAGT-1	T	10
GTCACAACATGCGACC-1	T	1
GTCACAACATGGGAAC-1	NK	5
GTCACAACATTGAACC-1	Myeloid	2
GTCACAACATTTCACT-1	T	14
GTCACAACATTTGGTG-1	T	17
GTCACAAGTCCTTATT-1	T	10
GTCACAAGTGCCCGAT-1	T	16
GTCACAAGTGGAAAGA-1	T	0
GTCACAAGTTTGAAGA-1	T	16
GTCACAATCCCTACCA-1	T	3
GTCACAATCGAGAAGC-1	T	8
GTCACAATCTGCTACC-1	Myeloid	2
GTCACAATCTTTATCG-1	T	17
GTCACCTAGAATGCTA-1	T	3
GTCACCTAGACAGTGC-1	T	11
GTCACCTAGACTTCCA-1	T	12
GTCACCTAGCTCCGGT-1	T	1
GTCACCTAGGAGAACA-1	NK	18
GTCACCTAGGCAAGCT-1	Myeloid	2
GTCACCTAGGCCAGTA-1	T	16
GTCACCTAGTAGACCG-1	T	0
GTCACCTAGTCCGATT-1	T	1
GTCACCTAGTTACACC-1	T	12
GTCACCTCAACGCAAG-1	T	16
GTCACCTCAATAGTGA-1	T	4
GTCACCTCAATTCGTG-1	T	7
GTCACCTCACAGATGG-1	Myeloid	2
GTCACCTCACAGCTTA-1	T	4
GTCACCTCACTGTTAG-1	T	15
GTCACCTCAGCGTCGT-1	T	14
GTCACCTCAGGTAACG-1	T	17
GTCACCTCAGTGCGAA-1	Myeloid	2
GTCACCTCAGTGGTCC-1	T	15
GTCACCTCATCAGAAA-1	T	4
GTCACCTCATCCTGGG-1	T	8
GTCACCTCATGACTGT-1	T	3
GTCACCTGTAAGTGCG-1	NK	18
GTCACCTGTACATGGG-1	T	1
GTCACCTGTCATAGCT-1	NK	18
GTCACCTGTGCCCAGT-1	T	12
GTCACCTGTGGATTCT-1	T	16
GTCACCTGTTTCAGCA-1	T	19
GTCACCTGTTTCTACT-1	T	10
GTCACCTTCAAGTTGC-1	T	14
GTCACCTTCATTCATC-1	T	17
GTCACCTTCCAGGCCA-1	NK	18
GTCACCTTCGCATAAC-1	T	0
GTCACCTTCTCGTAGA-1	NK	5
GTCACGGAGAGCCTGA-1	T	15
GTCACGGAGATACCAA-1	NK	5
GTCACGGAGCCTGTAT-1	T	0
GTCACGGAGGTAAGTT-1	T	12
GTCACGGAGGTTCTCA-1	T	3
GTCACGGAGTCTGGGA-1	Myeloid	2
GTCACGGCAAAGAAGG-1	NK	13
GTCACGGCAAATTGAG-1	T	16
GTCACGGCAAGCACTT-1	T	16
GTCACGGCACACACAT-1	T	12
GTCACGGCACAGTTCA-1	T	11
GTCACGGCACATAAAG-1	T	11
GTCACGGCACGTTGTA-1	T	8
GTCACGGCAGTTGGAG-1	T	1
GTCACGGCATCAGAAA-1	T	16
GTCACGGGTAAGCCTT-1	B	6
GTCACGGGTAGTAACA-1	Myeloid	2
GTCACGGGTCTCTAAG-1	T	11
GTCACGGGTGAATGGC-1	T	15
GTCACGGGTGTGACCC-1	T	14
GTCACGGGTTGAATAG-1	T	16
GTCACGGGTTTGACCA-1	T	12
GTCACGGTCAGTGTAC-1	T	3
GTCACGGTCATCATGG-1	NK	13
GTCACGGTCATTGCCC-1	T	3
GTCACGGTCCATATCT-1	T	1
GTCACGGTCCATGTTT-1	T	4
GTCACGGTCCTCCATG-1	NK	5
GTCACGGTCCTGTGGG-1	T	11
GTCACGGTCGAGAACG-1	T	7
GTCACGGTCGTCTAGA-1	T	9
GTCACGGTCTGAAAGA-1	T	0
GTCACGGTCTGTTTAC-1	Myeloid	2
GTCACGGTCTTAACGG-1	T	4
GTCACGGTCTTCATAC-1	T	8
GTCACTCAGATGCGAC-1	T	11
GTCACTCAGCAGAAAG-1	T	14
GTCACTCAGGATTAAC-1	T	8
GTCACTCAGGGTTCCC-1	T	0
GTCACTCAGGTTCTCA-1	Myeloid	2
GTCACTCAGTGTCCCG-1	T	9
GTCACTCCAAGCAACG-1	T	8
GTCACTCCACAATAAG-1	T	4
GTCACTCCACCACGAC-1	T	9
GTCACTCCAGATACAA-1	B	6
GTCACTCCATCTCACC-1	T	7
GTCACTCGTATCAGCT-1	T	7
GTCACTCGTATTCGAC-1	T	8
GTCACTCGTCAAATCC-1	T	4
GTCACTCGTCCGCTTT-1	T	4
GTCACTCGTGATAGAT-1	NK	18
GTCACTCGTTCGGGAA-1	T	10
GTCACTCTCCTCCAGT-1	T	17
GTCACTCTCGATAGCT-1	T	15
GTCACTCTCGCTTGAA-1	NK	18
GTCACTCTCGGATCGC-1	T	9
GTCACTCTCGTTGTAG-1	NK	5
GTCACTCTCTACATCT-1	T	8
GTCACTCTCTATCCTA-1	Myeloid	2
GTCACTCTCTGGAAGG-1	T	12
GTCACTCTCTGGTACA-1	T	17
GTCACTCTCTTACTCA-1	T	10
GTCCATCAGATATGTG-1	T	15
GTCCATCAGATGTTCC-1	T	17
GTCCATCAGCGCATTT-1	T	11
GTCCATCAGCGTTGCC-1	T	11
GTCCATCAGGGAAGCG-1	T	14
GTCCATCAGGTTCGTT-1	T	8
GTCCATCAGTACGCGA-1	T	16
GTCCATCCAAGGGAGG-1	T	9
GTCCATCCACACTAGT-1	T	10
GTCCATCCACCGTTGG-1	T	10
GTCCATCCAGGCACAA-1	NK	18
GTCCATCCATACAACC-1	T	7
GTCCATCCATCCTCGT-1	NK	18
GTCCATCCATCGCCTT-1	Myeloid	2
GTCCATCGTAGGGTTG-1	NK	13
GTCCATCGTCCTTCAC-1	T	11
GTCCATCGTTGAATAG-1	T	16
GTCCATCTCCAGAGAG-1	B	6
GTCCATCTCCATCATT-1	B	6
GTCCATCTCCATCTAT-1	B	6
GTCCATCTCCCGGGTA-1	T	11
GTCCATCTCCTCCATG-1	T	7
GTCCATCTCCTTGACC-1	T	1
GTCCATCTCGACTATG-1	T	15
GTCCATCTCGCCCTTA-1	T	12
GTCCATCTCGCTACCT-1	Myeloid	2
GTCCATCTCGGTGATT-1	NK	18
GTCCATCTCTCCCTTT-1	T	4
GTCCATCTCTTCCACG-1	T	0
GTCCATCTCTTGTCGC-1	T	3
GTCGTAAAGATTCCGT-1	T	3
GTCGTAAAGGAGAACA-1	T	17
GTCGTAAAGGCTCAGA-1	NK	13
GTCGTAAAGTGAGTGC-1	NK	5
GTCGTAACAATTCGTG-1	T	12
GTCGTAACACAATAAG-1	T	17
GTCGTAACACCACAGC-1	NK	13
GTCGTAACACCTATTT-1	T	15
GTCGTAACATATACGC-1	T	1
GTCGTAACATCGTACA-1	T	17
GTCGTAACATGGGAAC-1	T	10
GTCGTAAGTACAAGCG-1	T	12
GTCGTAAGTAGAGAGA-1	NK	18
GTCGTAAGTATTCTGG-1	T	9
GTCGTAAGTCAGAAAT-1	NK	13
GTCGTAAGTCATTGGT-1	T	14
GTCGTAAGTGAAACAT-1	T	4
GTCGTAAGTTCTGAGT-1	Myeloid	2
GTCGTAATCATTGCCC-1	T	4
GTCGTAATCCCGGGTA-1	T	4
GTCGTAATCCCTACGT-1	T	14
GTCGTAATCCTTCGAC-1	T	12
GTCGTAATCGCTATAG-1	T	15
GTCGTAATCGCTATTT-1	T	15
GTCGTAATCTAGTCGA-1	T	11
GTCGTAATCTCTATCA-1	T	16
GTCGTAATCTTCAGAG-1	T	16
GTCTACCAGAAGCCGT-1	T	12
GTCTACCAGCACCATT-1	Myeloid	2
GTCTACCAGGAGTCTG-1	T	16
GTCTACCAGTACAGAT-1	T	8
GTCTACCAGTCGAAAT-1	T	1
GTCTACCAGTGATTAG-1	T	12
GTCTACCAGTGCAACG-1	T	4
GTCTACCAGTGTCACT-1	NK	18
GTCTACCAGTTCCCGG-1	NK	5
GTCTACCCAAACCTAC-1	T	7
GTCTACCCACACATGT-1	T	16
GTCTACCCAGATTAAG-1	Myeloid	2
GTCTACCCATGATCGT-1	T	12
GTCTACCCATTCTCGC-1	T	7
GTCTACCGTAACAATG-1	NK	18
GTCTACCGTAACGGTG-1	Myeloid	2
GTCTACCGTAATGTGA-1	T	16
GTCTACCGTAGGTAAT-1	T	0
GTCTACCGTATGGGTG-1	NK	13
GTCTACCGTCTAACCA-1	NK	18
GTCTACCGTCTCTGCT-1	T	10
GTCTACCGTCTGTTGA-1	T	9
GTCTACCGTGATAAGT-1	T	4
GTCTACCGTTAAGGGC-1	T	17
GTCTACCTCCCACTAC-1	T	19
GTCTACCTCCGCTATC-1	NK	13
GTCTACCTCCGGCGAT-1	T	0
GTCTACCTCCTAAGTG-1	T	19
GTCTACCTCCTATCCG-1	T	3
GTCTACCTCCTGGGAC-1	B	6
GTCTACCTCGAGGCTC-1	T	11
GTCTACCTCGAGTGTT-1	NK	18
GTCTACCTCTCGGCGA-1	T	15
GTCTACCTCTGATCTT-1	T	8
GTCTACCTCTGGCCAG-1	T	14
GTGACATAGAACCCGA-1	NK	5
GTGACATAGAGGCAGG-1	T	8
GTGACATAGATATGAC-1	Myeloid	2
GTGACATAGATGGGAA-1	NK	18
GTGACATAGCATTGGG-1	T	4
GTGACATAGCTCGGCT-1	T	0
GTGACATAGCTTACCA-1	T	10
GTGACATAGGTAAGTT-1	T	4
GTGACATAGTCGGGAT-1	T	14
GTGACATAGTCTCCAA-1	T	15
GTGACATCAGAACTTC-1	T	10
GTGACATCAGCCACGT-1	T	15
GTGACATCAGTCAGCC-1	T	15
GTGACATCATAGAATG-1	NK	18
GTGACATCATAGTCCA-1	T	12
GTGACATCATCTCTCG-1	T	16
GTGACATCATGATTGC-1	T	4
GTGACATGTACTATGC-1	T	15
GTGACATGTCAACAGG-1	T	12
GTGACATGTCAGAGTG-1	T	11
GTGACATGTCATAAGA-1	B	6
GTGACATGTGGCCTCA-1	T	12
GTGACATGTTGCTTGA-1	NK	18
GTGACATTCAATTGGC-1	T	17
GTGACATTCACTAGGT-1	T	8
GTGACATTCCACGGCA-1	T	7
GTGACATTCGAGGTCC-1	T	1
GTGACATTCGATAGCT-1	Myeloid	2
GTGACATTCGCAACTA-1	T	9
GTGACATTCTACTGCC-1	NK	18
GTGACATTCTAGTCGA-1	T	3
GTGACATTCTGATCCC-1	T	9
GTGATCAAGACCCATT-1	T	3
GTGATCAAGAGATTAC-1	T	12
GTGATCAAGCCATTCA-1	T	14
GTGATCAAGGTTGTGG-1	T	14
GTGATCACAACTAGAA-1	NK	18
GTGATCACACAGCTTA-1	T	7
GTGATCACAGAATGCG-1	NK	5
GTGATCACAGATGGCA-1	T	19
GTGATCACAGGACTGA-1	T	8
GTGATCACAGTAACGG-1	T	17
GTGATCACATCGCCTT-1	T	4
GTGATCACATTCTTTG-1	T	11
GTGATCAGTAGACACG-1	T	3
GTGATCAGTCCGTCGA-1	B	6
GTGATCAGTGATAGAT-1	NK	13
GTGATCAGTGGAAAGA-1	NK	18
GTGATCAGTTATCGAC-1	T	3
GTGATCATCACCCTTG-1	T	17
GTGATCATCAGGAATA-1	T	9
GTGATCATCCTCCAGT-1	T	10
GTGATCATCGACTGGC-1	NK	18
GTGATCATCGTCAACA-1	B	6
GTGATCATCTAGTCGA-1	T	16
GTGATCATCTTAATCC-1	T	7
GTGCACGAGACGCCAA-1	T	3
GTGCACGAGATACCAA-1	T	10
GTGCACGAGATTACGA-1	T	4
GTGCACGAGCGTAGCA-1	T	9
GTGCACGAGGAAGAAC-1	T	1
GTGCACGAGGGAGATA-1	T	4
GTGCACGAGTCTGCTA-1	T	16
GTGCACGAGTGAAGGA-1	T	12
GTGCACGAGTGATTAG-1	T	15
GTGCACGAGTGCTAGG-1	T	4
GTGCACGCAAACGACG-1	Myeloid	2
GTGCACGCAAAGCATA-1	T	8
GTGCACGCACATCATG-1	T	3
GTGCACGCAGCAAACG-1	T	4
GTGCACGCAGGGCTTC-1	T	14
GTGCACGCAGGTCCTG-1	NK	13
GTGCACGCAGTAGTTC-1	T	4
GTGCACGCATCACAAC-1	T	1
GTGCACGCATGATCGT-1	Myeloid	2
GTGCACGGTAAGGTCG-1	T	3
GTGCACGGTCCAACCG-1	T	1
GTGCACGGTGCAACAG-1	T	12
GTGCACGGTGCACATT-1	NK	13
GTGCACGGTGTAGGAC-1	NK	18
GTGCACGTCAAACCAC-1	T	16
GTGCACGTCAGGAATA-1	T	4
GTGCACGTCAGTCTTT-1	T	11
GTGCACGTCCTCATTA-1	NK	18
GTGCACGTCGCGATGC-1	B	6
GTGCACGTCGGTGATT-1	T	4
GTGCACGTCTATACCT-1	T	16
GTGCACGTCTCCCTTT-1	T	4
GTGCCAGAGAACCCGA-1	NK	13
GTGCCAGAGACTTCCA-1	T	4
GTGCCAGAGCCATGGA-1	T	15
GTGCCAGAGCCCATGC-1	T	1
GTGCCAGAGCTCGTTA-1	T	19
GTGCCAGAGGACCGAT-1	NK	13
GTGCCAGAGGATGTCG-1	T	12
GTGCCAGAGGTAGGAA-1	T	16
GTGCCAGAGTCATCTG-1	T	3
GTGCCAGAGTCCCGCA-1	T	19
GTGCCAGAGTCGAGCA-1	NK	13
GTGCCAGAGTGCACAG-1	T	1
GTGCCAGCAAGGAGGG-1	T	7
GTGCCAGCAAGTTGCT-1	T	19
GTGCCAGCACTCAAGT-1	T	8
GTGCCAGCAGAAAGAG-1	NK	18
GTGCCAGCAGAGTCGA-1	Myeloid	2
GTGCCAGCAGATTTGC-1	T	3
GTGCCAGCAGCGCGTT-1	Myeloid	2
GTGCCAGCAGTAACCT-1	T	17
GTGCCAGCAGTAGGCA-1	T	14
GTGCCAGCATCATCGA-1	T	16
GTGCCAGCATGGTATC-1	T	8
GTGCCAGCATTTGTTC-1	T	3
GTGCCAGGTAACAATG-1	T	3
GTGCCAGGTAACCATC-1	Myeloid	2
GTGCCAGGTAGGGTTG-1	T	17
GTGCCAGGTATTCTCT-1	T	3
GTGCCAGGTCAACAGG-1	T	7
GTGCCAGGTGCTGTCG-1	T	0
GTGCCAGGTGGACCAA-1	T	17
GTGCCAGGTTAGTAGA-1	B	6
GTGCCAGGTTCTGAGT-1	NK	13
GTGCCAGGTTGGAGGT-1	T	4
GTGCCAGTCACCCGGA-1	T	1
GTGCCAGTCCAAACCA-1	NK	18
GTGCCAGTCCAAGTCA-1	T	7
GTGCCAGTCCCACGGA-1	NK	13
GTGCCAGTCCCACTTG-1	T	9
GTGCCAGTCCCTACGT-1	T	11
GTGCCAGTCCTTTGCG-1	T	14
GTGCCAGTCGATGAAA-1	T	16
GTGCCAGTCGATGCAT-1	T	16
GTGCCAGTCGCTATTT-1	T	12
GTGCCAGTCGGTGATT-1	T	9
GTGCCAGTCTGCTACC-1	NK	13
GTGCCAGTCTTCACTA-1	T	10
GTGCTGGAGAGAGGTA-1	T	10
GTGCTGGAGCAGAAAG-1	T	11
GTGCTGGAGGGTATCG-1	T	7
GTGCTGGAGGTTGTTC-1	T	8
GTGCTGGAGTAACTCC-1	T	4
GTGCTGGAGTCTTAGC-1	T	12
GTGCTGGAGTTTGGAA-1	T	1
GTGCTGGCAAATTGAG-1	Myeloid	2
GTGCTGGCAAGTCTCA-1	T	11
GTGCTGGCACCTGAAT-1	T	9
GTGCTGGCACTGCTCT-1	T	14
GTGCTGGCATAGCCGC-1	T	17
GTGCTGGCATCTCTCG-1	T	4
GTGCTGGCATGGCCGT-1	T	1
GTGCTGGCATTTCTTG-1	T	9
GTGCTGGGTAAGCCGA-1	T	14
GTGCTGGGTGAATGGC-1	T	10
GTGCTGGGTTACCACA-1	T	1
GTGCTGGGTTCCGCGA-1	T	3
GTGCTGGGTTCTTTCA-1	T	12
GTGCTGGGTTTAAGCC-1	T	11
GTGCTGGGTTTGCCCT-1	T	16
GTGCTGGTCCAAACCA-1	T	10
GTGCTGGTCCACCTAC-1	T	1
GTGCTGGTCCCGAAGC-1	T	10
GTGCTGGTCGGACGAA-1	T	4
GTGCTGGTCGGGACAA-1	Myeloid	2
GTGCTGGTCTATCTAC-1	T	17
GTGCTGGTCTCCCTTT-1	T	12
GTGCTGGTCTCTATTG-1	T	4
GTGGATTAGCACCATT-1	T	4
GTGGATTAGCTGATTC-1	T	14
GTGGATTAGTACTCTG-1	T	17
GTGGATTAGTGGACGT-1	T	14
GTGGATTCAAGACACG-1	NK	13
GTGGATTCAAGACTTC-1	T	4
GTGGATTCAATGATGA-1	NK	18
GTGGATTCACAGTAGG-1	NK	13
GTGGATTCAGTGGTCC-1	T	0
GTGGATTCATGATTGC-1	NK	18
GTGGATTCATGGTTTG-1	T	16
GTGGATTGTACGGAGT-1	T	7
GTGGATTGTAGCAGGT-1	T	8
GTGGATTGTAGGGTCA-1	T	11
GTGGATTGTATCATGC-1	T	9
GTGGATTGTATTCTTC-1	NK	13
GTGGATTGTCGAGGTA-1	T	10
GTGGATTGTGCCCAGT-1	T	7
GTGGATTGTTTCTCTA-1	T	0
GTGGATTTCAAAGTAG-1	T	7
GTGGATTTCACGATTG-1	NK	13
GTGGATTTCAGGCCGT-1	T	11
GTGGATTTCATCGCAA-1	T	9
GTGGATTTCATCGCCT-1	NK	13
GTGGATTTCCGTGCAG-1	T	4
GTGGATTTCGGTGATT-1	T	1
GTGGATTTCTCTCAAT-1	T	10
GTGGATTTCTTATCAC-1	B	6
GTGGCGTAGAAATTCG-1	T	0
GTGGCGTAGACCATAA-1	NK	5
GTGGCGTAGCTAACAA-1	T	1
GTGGCGTAGGCTCAGA-1	T	15
GTGGCGTAGTAACATG-1	T	1
GTGGCGTAGTGCCCTG-1	T	9
GTGGCGTAGTTTGGAA-1	T	12
GTGGCGTCAAGTGGCA-1	T	8
GTGGCGTCAATTCTCT-1	T	4
GTGGCGTCACAGCCAC-1	T	4
GTGGCGTCACATTGCA-1	T	16
GTGGCGTCACTCAGCG-1	T	4
GTGGCGTCAGACCTGC-1	T	3
GTGGCGTCATAGCCGC-1	T	10
GTGGCGTGTAGAAGCC-1	T	12
GTGGCGTGTAGTGATA-1	NK	5
GTGGCGTGTCCACCAG-1	T	9
GTGGCGTGTCGCTAGC-1	NK	5
GTGGCGTGTGACCAGA-1	T	0
GTGGCGTGTGCAACAG-1	T	3
GTGGCGTTCAAACCCA-1	T	12
GTGGCGTTCAGGTCTA-1	T	12
GTGGCGTTCAGTCAAC-1	T	15
GTGGCGTTCATGTTCT-1	T	0
GTGGCGTTCCATCTAT-1	T	8
GTGGCGTTCTCTATCA-1	T	0
GTGGCGTTCTCTTCCT-1	T	14
GTGTCAAAGAGGAACA-1	T	19
GTGTCAAAGAGGCCTA-1	T	4
GTGTCAAAGATCGATA-1	T	4
GTGTCAAAGCGCCTAC-1	T	11
GTGTCAAAGCTACGCC-1	T	4
GTGTCAAAGGGCTTCC-1	T	1
GTGTCAAAGTCTCTAG-1	T	19
GTGTCAAAGTCTGGGA-1	T	3
GTGTCAAAGTTCAACC-1	T	16
GTGTCAACAATCACTG-1	T	12
GTGTCAACAATCAGGG-1	T	4
GTGTCAACAATGATGA-1	T	3
GTGTCAACAGACCTGC-1	T	9
GTGTCAACAGGGCTTC-1	T	4
GTGTCAACATCGTACA-1	T	3
GTGTCAACATGGGTGA-1	T	16
GTGTCAACATTGCACA-1	T	1
GTGTCAAGTCAACTAC-1	T	16
GTGTCAAGTCGTAGTT-1	T	17
GTGTCAAGTCTGGGAA-1	T	7
GTGTCAAGTTAACCAC-1	T	4
GTGTCAAGTTACACTG-1	T	14
GTGTCAATCAGCACTA-1	T	7
GTGTCAATCCACGAGC-1	T	9
GTGTCAATCGAGTGTT-1	NK	13
GTGTCAATCGCAACTA-1	Myeloid	2
GTGTCAATCGCTTACC-1	T	10
GTGTCAATCGGGAAAC-1	T	12
GTGTCAATCTCCTTGG-1	T	15
GTGTCAATCTGAAAGA-1	NK	18
GTGTCAATCTGCCGAG-1	T	11
GTGTCAATCTTGTGCC-1	T	0
GTGTCCTAGAACCCGA-1	B	6
GTGTCCTAGCTGATTC-1	T	17
GTGTCCTAGGACTTTC-1	T	3
GTGTCCTAGGTTGACG-1	T	10
GTGTCCTAGTACTCTG-1	T	12
GTGTCCTAGTAGTTCC-1	T	16
GTGTCCTAGTCTTAGC-1	T	14
GTGTCCTCAACTCCCT-1	Myeloid	2
GTGTCCTCACCGATCG-1	T	11
GTGTCCTCACGTACAT-1	T	11
GTGTCCTCATAGCCAT-1	T	9
GTGTCCTCATTGAACC-1	T	3
GTGTCCTCATTTCTTG-1	T	11
GTGTCCTCATTTGTTC-1	T	7
GTGTCCTGTAAACCCT-1	T	4
GTGTCCTGTAACCCAT-1	NK	18
GTGTCCTGTAATGTAG-1	T	4
GTGTCCTGTATACGCT-1	T	11
GTGTCCTGTTAGGCTT-1	T	16
GTGTCCTGTTGCAGCC-1	T	14
GTGTCCTGTTTCGATG-1	T	1
GTGTCCTGTTTGACCA-1	T	11
GTGTCCTTCACCCGGA-1	Myeloid	2
GTGTCCTTCATGAACC-1	T	14
GTGTCCTTCCTTCGAC-1	T	12
GTGTCCTTCGAACACT-1	NK	18
GTGTCCTTCTAGCTGA-1	NK	13
GTGTCCTTCTTCATAC-1	Myeloid	2
GTGTCCTTCTTGTACT-1	B	6
GTGTCCTTCTTGTCGC-1	T	4
GTGTGATAGACTTGAA-1	T	0
GTGTGATAGAGCCTGA-1	T	7
GTGTGATAGAGCTACG-1	T	10
GTGTGATAGATATGAC-1	Myeloid	2
GTGTGATAGATGGGAA-1	T	19
GTGTGATAGATTAGAC-1	T	3
GTGTGATAGCAGTAGC-1	T	14
GTGTGATAGCTACGCC-1	T	3
GTGTGATAGGAATGGA-1	B	6
GTGTGATAGGGAAATG-1	T	8
GTGTGATAGGTAAGCC-1	T	14
GTGTGATAGGTTGTGG-1	T	15
GTGTGATAGTAACTCC-1	T	3
GTGTGATAGTCCCTCT-1	T	16
GTGTGATAGTCTGCTA-1	B	6
GTGTGATCAAGTAACA-1	T	19
GTGTGATCAGAGATGC-1	T	16
GTGTGATCAGAGCCAA-1	T	15
GTGTGATCAGCGTAGA-1	T	11
GTGTGATCATCACAAC-1	T	3
GTGTGATGTAAGCCGA-1	T	15
GTGTGATGTCAGTGTT-1	T	14
GTGTGATGTCATAAGA-1	T	14
GTGTGATGTCGAGGTA-1	T	1
GTGTGATGTGCATTCA-1	T	4
GTGTGATGTGCTAGTT-1	NK	13
GTGTGATGTGCTTTGA-1	NK	18
GTGTGATGTGGTGGTA-1	T	10
GTGTGATGTTCTTATC-1	NK	13
GTGTGATTCAGCCGGT-1	T	12
GTGTGATTCATGTTCT-1	T	17
GTGTGATTCCATAGGT-1	T	11
GTGTGATTCCGTTTCG-1	T	0
GTGTGATTCGCCACTT-1	T	15
GTGTGATTCGGTACTA-1	T	1
GTGTGATTCGGTTAGT-1	T	0
GTGTGATTCGTCCCAT-1	Myeloid	2
GTGTGATTCTTGTACT-1	B	6
GTTACGAAGAGAATTC-1	T	3
GTTACGAAGATGTTCC-1	T	17
GTTACGAAGATTACGA-1	T	1
GTTACGAAGCAGAGCT-1	T	10
GTTACGAAGCGTGTTT-1	T	14
GTTACGAAGGAGAACA-1	T	8
GTTACGAAGGGATCCA-1	T	7
GTTACGAAGTTACACC-1	NK	13
GTTACGACAACCTCTC-1	T	17
GTTACGACAAGCGAAC-1	NK	18
GTTACGACACAAACAA-1	T	7
GTTACGACACAACGGA-1	T	16
GTTACGACACGATTAC-1	T	9
GTTACGACACGCGTTG-1	T	8
GTTACGACACTCAGCG-1	T	12
GTTACGACAGGTAGCA-1	T	16
GTTACGACATACCCGG-1	NK	13
GTTACGACATAGCCGC-1	T	1
GTTACGACATTAGCAC-1	T	16
GTTACGACATTGAACC-1	T	3
GTTACGAGTACAAATG-1	T	7
GTTACGAGTACGAGAC-1	T	12
GTTACGAGTCCAAGTT-1	Myeloid	2
GTTACGAGTGAATGGC-1	T	3
GTTACGAGTGCGCATC-1	T	14
GTTACGAGTTAACCGT-1	T	4
GTTACGAGTTCTTTCA-1	Myeloid	2
GTTACGAGTTGCTTGA-1	T	1
GTTACGAGTTTGCGAT-1	T	9
GTTACGATCAGCACGC-1	T	10
GTTACGATCAGGAATA-1	T	8
GTTACGATCCAATCCC-1	T	9
GTTACGATCCATAGGT-1	NK	18
GTTACGATCCATCGAA-1	NK	13
GTTACGATCCCAGCAG-1	T	8
GTTACGATCCTGTAGA-1	T	9
GTTACGATCGTTCCGT-1	T	12
GTTACGATCGTTCTAT-1	NK	13
GTTACGATCTACCCGT-1	T	16
GTTACGATCTACTGCC-1	T	1
GTTACGATCTATATCC-1	T	9
GTTACGATCTGACATG-1	T	3
GTTACTTAGAACGCCA-1	T	1
GTTACTTAGAGATTAC-1	T	12
GTTACTTAGAGGCCTA-1	T	3
GTTACTTAGCAGAAAG-1	NK	5
GTTACTTAGCGTTGCC-1	T	17
GTTACTTAGCTGAATA-1	B	6
GTTACTTAGGTTGACG-1	T	16
GTTACTTAGTAACTCC-1	Myeloid	2
GTTACTTAGTCTCGAT-1	T	16
GTTACTTAGTGAGTGC-1	T	12
GTTACTTAGTTGCTTG-1	T	0
GTTACTTCAATCCATG-1	T	7
GTTACTTCACACACAT-1	NK	13
GTTACTTCACTCCCAT-1	T	3
GTTACTTCAGAAGTGC-1	T	19
GTTACTTCAGGGCTTC-1	T	16
GTTACTTCATGCCTTC-1	T	7
GTTACTTCATGGTAAA-1	T	14
GTTACTTGTAGACGCA-1	T	0
GTTACTTGTAGAGAGA-1	B	6
GTTACTTGTATCAGCT-1	NK	18
GTTACTTGTCAATCCA-1	T	16
GTTACTTGTCATAGCT-1	T	8
GTTACTTGTTGCCTGG-1	NK	5
GTTACTTTCACGATTG-1	NK	13
GTTACTTTCAGTACAC-1	B	6
GTTACTTTCATTCTTG-1	T	12
GTTACTTTCCACTAGA-1	T	14
GTTACTTTCCGGGCAT-1	NK	5
GTTACTTTCGAAGCCC-1	T	8
GTTACTTTCTAAACGC-1	T	8
GTTACTTTCTACTTTG-1	NK	18
GTTACTTTCTATATCC-1	T	15
GTTACTTTCTGTTGCC-1	T	4
GTTACTTTCTTAGTGG-1	T	19
GTTATGGAGCCCATGC-1	T	3
GTTATGGAGCCGCTGT-1	T	16
GTTATGGAGGAAACTT-1	T	8
GTTATGGAGGCAGTGT-1	T	0
GTTATGGAGGGTCCCT-1	Myeloid	2
GTTATGGAGGTAGGAA-1	T	12
GTTATGGAGGTTGACG-1	T	9
GTTATGGAGTCCGTGC-1	T	14
GTTATGGAGTCGTACT-1	T	14
GTTATGGCAACACGGA-1	NK	18
GTTATGGCAACTAGAA-1	T	3
GTTATGGCAGGTGGTA-1	T	4
GTTATGGCAGTCCTGG-1	T	3
GTTATGGCATTACACG-1	B	6
GTTATGGGTCTGGTCG-1	T	9
GTTATGGTCAAGGCAG-1	T	4
GTTATGGTCAATTGGC-1	T	9
GTTATGGTCAGGCCGT-1	T	7
GTTATGGTCCACTAGA-1	T	15
GTTATGGTCCAGCACG-1	T	10
GTTATGGTCCATAGGT-1	NK	5
GTTATGGTCCCTATTA-1	T	4
GTTATGGTCCGCTATC-1	T	4
GTTATGGTCGGGAATG-1	NK	18
GTTATGGTCTAGTCGA-1	NK	18
GTTATGGTCTCCTTAA-1	T	7
GTTATGGTCTCTGCGT-1	Myeloid	2
GTTATGGTCTTCGTTA-1	T	0
GTTATTCAGCTCGGCT-1	Myeloid	2
GTTATTCAGCTGGAGT-1	T	12
GTTATTCAGGCAAGCT-1	T	0
GTTATTCAGTCGATAA-1	T	10
GTTATTCAGTCTGTGT-1	T	17
GTTATTCAGTGTCGGA-1	T	14
GTTATTCCAAATTCCG-1	T	19
GTTATTCCACGTTACA-1	T	14
GTTATTCCAGCAATGG-1	T	3
GTTATTCCAGGGTACA-1	T	0
GTTATTCCATGTATCG-1	NK	5
GTTATTCCATTCTTTG-1	T	15
GTTATTCGTAGTGATA-1	T	16
GTTATTCGTGAGTCGA-1	NK	18
GTTATTCGTGTCGTGC-1	T	3
GTTATTCGTGTGCTTA-1	B	6
GTTATTCGTTACCACA-1	NK	18
GTTATTCGTTAGGCTT-1	T	16
GTTATTCGTTCATTTC-1	NK	13
GTTATTCGTTGTATCG-1	Myeloid	2
GTTATTCGTTTCACCC-1	T	4
GTTATTCTCCGTACGG-1	T	10
GTTATTCTCGATAGCT-1	T	9
GTTATTCTCGGAAAGC-1	T	14
GTTATTCTCGGTAGGA-1	T	14
GTTATTCTCGGTCCGA-1	NK	18
GTTATTCTCTTAAGCG-1	T	15
GTTATTCTCTTGCGCT-1	B	6
GTTCAAGAGATACCAA-1	Myeloid	2
GTTCAAGAGATGCGAC-1	B	6
GTTCAAGAGCTAGCAG-1	NK	5
GTTCAAGAGGAGTAGA-1	T	16
GTTCAAGAGGGACGTT-1	Myeloid	2
GTTCAAGAGTCCCGCA-1	T	7
GTTCAAGAGTGATAAC-1	T	9
GTTCAAGAGTTTGGAA-1	T	14
GTTCAAGCAACGGGTA-1	T	11
GTTCAAGCAACGTCCG-1	T	16
GTTCAAGCAAGGGAGG-1	B	6
GTTCAAGCAAGTAACA-1	T	15
GTTCAAGCAATACTGC-1	T	3
GTTCAAGCACAGTAGG-1	NK	18
GTTCAAGCACATATCG-1	T	3
GTTCAAGCACGAACGA-1	T	9
GTTCAAGCATCCCTTG-1	Myeloid	2
GTTCAAGCATCGAGTT-1	T	14
GTTCAAGCATTAGCCA-1	T	11
GTTCAAGCATTTGTTC-1	T	3
GTTCAAGGTAACGGTG-1	T	15
GTTCAAGGTATGTTCG-1	T	8
GTTCAAGGTCAGGTGA-1	Myeloid	2
GTTCAAGGTCATGAGG-1	T	8
GTTCAAGGTCGAGGAT-1	T	9
GTTCAAGGTGCATTCA-1	T	8
GTTCAAGGTGGATTCT-1	T	7
GTTCAAGGTTCACGTA-1	NK	18
GTTCAAGGTTCCCGGA-1	T	1
GTTCAAGTCAGCCGGT-1	T	14
GTTCAAGTCCGATTGA-1	T	7
GTTCAAGTCGGTTCCT-1	NK	13
GTTCAAGTCGTTGTTT-1	NK	18
GTTCAAGTCTCTTCTC-1	NK	13
GTTCAAGTCTGGAAGG-1	T	14
GTTCAAGTCTTTCGAT-1	NK	13
GTTGGGCAGAGGTCCA-1	NK	18
GTTGGGCAGCATTCCA-1	T	0
GTTGGGCAGCCCATGC-1	T	8
GTTGGGCAGCGTGTTT-1	Myeloid	2
GTTGGGCAGGAAGGTA-1	Myeloid	2
GTTGGGCAGGGACGTT-1	T	10
GTTGGGCAGGTCACTT-1	Myeloid	2
GTTGGGCAGTGAAGGA-1	NK	5
GTTGGGCAGTTAGAGT-1	T	3
GTTGGGCAGTTCAGGG-1	NK	5
GTTGGGCCAAATGCTC-1	T	10
GTTGGGCCACACATGT-1	T	9
GTTGGGCCACAGCTTA-1	T	16
GTTGGGCCACTGATAC-1	T	1
GTTGGGCCAGCGTGAA-1	NK	18
GTTGGGCCAGTAGGCA-1	T	1
GTTGGGCGTAACGGAC-1	T	12
GTTGGGCGTAGTAACA-1	T	14
GTTGGGCGTTGGAGGT-1	T	14
GTTGGGCTCACTAGCA-1	T	4
GTTGGGCTCATACTTC-1	T	7
GTTGGGCTCATGTTCT-1	NK	5
GTTGGGCTCGATAGCT-1	T	3
GTTGGGCTCGCAGATT-1	T	3
GTTGGGCTCGGATAGG-1	T	14
GTTGGGCTCGGCAATT-1	T	16
GTTGGGCTCGGCATAT-1	T	4
GTTGGGCTCGGGATCC-1	T	0
GTTGGGCTCTAGTCGA-1	NK	13
GTTGGGCTCTATCTAC-1	T	12
GTTGGGCTCTGTGTCC-1	T	16
GTTGGGCTCTTAATCC-1	Myeloid	2
GTTGGTAAGACCAATA-1	T	10
GTTGGTAAGCATTGGG-1	T	9
GTTGGTAAGGCGCTTC-1	T	10
GTTGGTAAGGGAAGCG-1	NK	18
GTTGGTAAGTACTCTG-1	T	14
GTTGGTAAGTGAGTTA-1	T	1
GTTGGTACAAACCCTA-1	T	8
GTTGGTACAAGAGATT-1	T	3
GTTGGTACAATTAGGA-1	T	4
GTTGGTACACGGCCAT-1	T	15
GTTGGTACACTGTCGG-1	T	4
GTTGGTACATAGGCGA-1	T	14
GTTGGTACATGCGACC-1	T	11
GTTGGTAGTACAACGG-1	T	10
GTTGGTAGTCAGCAAG-1	NK	5
GTTGGTAGTCTGGATT-1	T	7
GTTGGTAGTGACCAGA-1	T	7
GTTGGTAGTGTGTGTT-1	T	9
GTTGGTAGTTCACGTA-1	T	1
GTTGGTAGTTCTGAGT-1	Myeloid	2
GTTGGTAGTTCTTTCA-1	T	7
GTTGGTAGTTGAATAG-1	T	17
GTTGGTAGTTTCAGCA-1	NK	13
GTTGGTATCATTCGGA-1	T	0
GTTGGTATCCAGGCCA-1	NK	18
GTTGGTATCCATAACG-1	T	1
GTTGGTATCCATATCT-1	NK	18
GTTGGTATCCCAGCGA-1	T	16
GTTGGTATCCCAGTAA-1	T	15
GTTGGTATCCCGTATC-1	T	1
GTTGGTATCCGAGGAA-1	T	7
GTTGGTATCCTAAAGC-1	NK	13
GTTGGTATCGATAGGG-1	T	1
GTTGGTATCGCAACTA-1	T	16
GTTGGTATCGGGTCCA-1	T	11
GTTGGTATCGTGGAAG-1	T	14
GTTGGTATCTCGACCT-1	T	9
GTTGGTATCTCTTCTC-1	T	1
TAAACCGAGACCAATA-1	NK	5
TAAACCGAGACGACTG-1	T	10
TAAACCGAGAGGTGGG-1	T	9
TAAACCGAGCTAGCAG-1	T	19
TAAACCGAGGACTTTC-1	T	9
TAAACCGAGGATTGCG-1	T	3
TAAACCGAGGCGTCCT-1	T	1
TAAACCGAGGGTCTGA-1	T	0
TAAACCGAGGTGTTGG-1	T	9
TAAACCGAGTACGACG-1	Myeloid	2
TAAACCGAGTCCCTCT-1	T	16
TAAACCGAGTCTAGAA-1	T	3
TAAACCGAGTTGTCCA-1	T	17
TAAACCGCAACCTCCT-1	NK	13
TAAACCGCAAGTCTGT-1	T	9
TAAACCGCAATGACTC-1	T	14
TAAACCGCACAAGGGT-1	T	11
TAAACCGCACATTGCA-1	T	14
TAAACCGCACCCATCT-1	T	11
TAAACCGCACTGCTCT-1	T	7
TAAACCGCAGGATAGC-1	T	14
TAAACCGCAGTTCGGC-1	T	1
TAAACCGCATCGGCTG-1	T	15
TAAACCGCATCTCACC-1	T	16
TAAACCGGTACGGTTT-1	T	7
TAAACCGGTAGGGTTG-1	NK	13
TAAACCGGTATCCCTC-1	T	8
TAAACCGGTCAGGCTC-1	T	14
TAAACCGGTGAGTTGG-1	T	12
TAAACCGGTTCAGTTG-1	T	15
TAAACCGGTTTAGAAG-1	T	8
TAAACCGTCACTAGCA-1	T	12
TAAACCGTCACTGGTA-1	NK	13
TAAACCGTCAGTCACA-1	T	3
TAAACCGTCAGTCTTT-1	T	4
TAAACCGTCCAGTACA-1	T	3
TAAACCGTCCGATGCG-1	T	15
TAAACCGTCTGGAAGG-1	NK	13
TAAACCGTCTTACCTA-1	NK	18
TAACAGCAGGCTTTAC-1	T	3
TAACAGCAGGTGATGC-1	T	1
TAACAGCAGTGCAACG-1	T	11
TAACAGCCAATTGGCT-1	T	17
TAACAGCCACATAAAG-1	T	0
TAACAGCCATCCTGGG-1	T	10
TAACAGCCATTACACG-1	T	3
TAACAGCGTAGGGTCA-1	T	14
TAACAGCGTCACCCGA-1	T	0
TAACAGCGTCATAGAA-1	T	0
TAACAGCGTCCAGACC-1	T	0
TAACAGCGTCTGCACG-1	T	3
TAACAGCGTGAATGGC-1	T	9
TAACAGCGTTACGGAG-1	T	14
TAACAGCGTTAGGCTT-1	T	0
TAACAGCGTTCTTAGG-1	T	16
TAACAGCGTTTAGACC-1	T	4
TAACAGCTCAACGTGT-1	T	8
TAACAGCTCAGATACC-1	T	8
TAACAGCTCATTCGGA-1	T	14
TAACAGCTCCAGAATC-1	NK	18
TAACAGCTCCGTGCAG-1	NK	18
TAACAGCTCCGTTTCG-1	T	1
TAACAGCTCGATGCAT-1	NK	13
TAACAGCTCTCTGACC-1	T	7
TAACAGCTCTGACTTT-1	T	16
TAACGGTAGACTAGCG-1	T	11
TAACGGTAGCCTATAC-1	T	9
TAACGGTAGCCTTTGA-1	T	3
TAACGGTAGCTGCTCG-1	T	4
TAACGGTAGGGCGAAG-1	Myeloid	2
TAACGGTAGGGCTTCC-1	T	15
TAACGGTAGTAGCAAT-1	Myeloid	2
TAACGGTCAAGCAGGT-1	T	3
TAACGGTCAAGCTTTG-1	T	14
TAACGGTCAATGACTC-1	NK	18
TAACGGTCAATGCATC-1	T	19
TAACGGTCACAAACGG-1	T	12
TAACGGTCACTCGGAC-1	Myeloid	2
TAACGGTCACTTGCGG-1	T	7
TAACGGTCAGTTACAC-1	T	14
TAACGGTCATTGAACC-1	T	16
TAACGGTGTAAACCCT-1	NK	13
TAACGGTGTAACACTC-1	B	6
TAACGGTGTAAGTGCG-1	B	6
TAACGGTGTAATGTAG-1	NK	18
TAACGGTGTCCGGTAC-1	T	9
TAACGGTGTCGAGAAC-1	T	15
TAACGGTGTGCACATT-1	T	16
TAACGGTGTGCTGGCT-1	T	0
TAACGGTGTGTGTGTT-1	T	0
TAACGGTGTTTCCGGG-1	T	1
TAACGGTTCAGAGTGG-1	T	15
TAACGGTTCAGTGGTT-1	T	9
TAACGGTTCCTTCGAC-1	T	4
TAACGGTTCGGATCGC-1	NK	13
TAACGGTTCTATCTAC-1	B	6
TAACGGTTCTGAGTAC-1	T	1
TAACGGTTCTGGCACG-1	T	7
TAACTTCAGGAGACTC-1	T	19
TAACTTCAGGTTCGTT-1	Myeloid	2
TAACTTCAGGTTCTCA-1	T	9
TAACTTCAGTATACGA-1	NK	5
TAACTTCAGTCTCGAT-1	T	12
TAACTTCCAACATAAG-1	T	7
TAACTTCCAACGCACC-1	T	3
TAACTTCCAAGTTCGT-1	T	14
TAACTTCCACCCTTTG-1	T	0
TAACTTCCACCGTCTT-1	T	11
TAACTTCCAGGTGTGA-1	T	8
TAACTTCCATTACACG-1	Myeloid	2
TAACTTCGTAACACTC-1	T	0
TAACTTCGTAATGTGA-1	T	16
TAACTTCGTAGAGAGA-1	T	14
TAACTTCGTATCGCGC-1	NK	18
TAACTTCGTCCCGAGT-1	T	7
TAACTTCGTTAAGTCC-1	T	14
TAACTTCGTTCATTTC-1	T	1
TAACTTCGTTTCTTAC-1	NK	5
TAACTTCGTTTGTACG-1	Myeloid	2
TAACTTCTCACTTACT-1	T	12
TAACTTCTCCGCTATC-1	T	14
TAACTTCTCCTGACCT-1	T	12
TAACTTCTCGGTGATT-1	T	12
TAACTTCTCGTCTAGA-1	T	9
TAACTTCTCTCTATTG-1	T	17
TAACTTCTCTGAAAGA-1	NK	13
TAACTTCTCTTCTTCC-1	T	7
TAACTTCTCTTTGCAT-1	T	14
TAAGCCAAGACTTCCA-1	T	0
TAAGCCAAGAGGCAGG-1	NK	5
TAAGCCAAGAGTCCGA-1	T	0
TAAGCCAAGGATGCCA-1	NK	13
TAAGCCAAGGCGACTA-1	T	0
TAAGCCAAGTCCGGAA-1	T	9
TAAGCCAAGTGAACCG-1	B	6
TAAGCCACAAGACTTC-1	T	0
TAAGCCACAATAGCGG-1	NK	18
TAAGCCACAGGATAGC-1	T	9
TAAGCCACAGGCTACC-1	T	4
TAAGCCACAGTTAAAG-1	Myeloid	2
TAAGCCACATCGGCTG-1	T	3
TAAGCCACATCGTACA-1	T	4
TAAGCCAGTAAAGCTA-1	T	0
TAAGCCAGTAACCATC-1	B	6
TAAGCCAGTATGGGTG-1	NK	5
TAAGCCAGTCATCGTA-1	NK	5
TAAGCCAGTCGTAATC-1	T	19
TAAGCCAGTGCTTTGA-1	T	15
TAAGCCAGTGGACCAA-1	NK	13
TAAGCCAGTGGATTTC-1	NK	5
TAAGCCAGTGTACGCC-1	T	16
TAAGCCAGTTAACCGT-1	T	9
TAAGCCAGTTATCGAC-1	T	8
TAAGCCATCAAGGCAG-1	T	10
TAAGCCATCATTCATC-1	T	10
TAAGCCATCATTCTCA-1	T	1
TAAGCCATCGACGGAA-1	T	16
TAAGCCATCGTAGCGC-1	T	19
TAAGCCATCTCTTCCT-1	Myeloid	2
TAAGCCATCTTAGTGG-1	T	11
TAAGTGCAGACTAATG-1	T	3
TAAGTGCAGACTCTTG-1	T	4
TAAGTGCAGAGTTCGG-1	T	1
TAAGTGCAGCGTGTTT-1	T	19
TAAGTGCAGTACAGAT-1	NK	18
TAAGTGCAGTGTCCCG-1	Myeloid	2
TAAGTGCCAAAGAGAG-1	T	11
TAAGTGCCACTGTTAG-1	T	17
TAAGTGCCAGCAACCC-1	T	4
TAAGTGCCAGGTAGCA-1	T	11
TAAGTGCCATGACTGT-1	B	6
TAAGTGCCATGTGAGG-1	T	16
TAAGTGCGTACAAGCG-1	NK	13
TAAGTGCGTACGTATC-1	T	15
TAAGTGCGTCACAGGA-1	T	12
TAAGTGCGTGGATTCT-1	B	6
TAAGTGCGTGTCGTCG-1	Myeloid	2
TAAGTGCGTTTGTGAC-1	T	7
TAAGTGCTCCAGGTAT-1	T	8
TAAGTGCTCCATCGAA-1	T	9
TAAGTGCTCCCAGCAG-1	NK	13
TAAGTGCTCCGATTGA-1	T	7
TAAGTGCTCCGTGCGA-1	T	16
TAAGTGCTCCTTCGAC-1	T	9
TAAGTGCTCGTGATAC-1	T	1
TAAGTGCTCGTGGAAG-1	T	11
TAAGTGCTCGTTTGAG-1	T	14
TAAGTGCTCTATCTTG-1	T	3
TAAGTGCTCTCTGCAC-1	T	8
TAATCGGAGAAGCCTG-1	T	16
TAATCGGAGAATCAGT-1	T	11
TAATCGGAGAGAACCC-1	T	14
TAATCGGAGAGGTACC-1	NK	18
TAATCGGAGATCTAAG-1	T	19
TAATCGGAGATGCGCA-1	NK	13
TAATCGGAGCCATCAT-1	T	12
TAATCGGAGCGTCAAG-1	T	14
TAATCGGAGGGAAGCG-1	T	8
TAATCGGAGGGTCCCT-1	T	19
TAATCGGAGTACGCGA-1	NK	13
TAATCGGAGTACTCTG-1	T	16
TAATCGGAGTGTCCCG-1	NK	13
TAATCGGCAACATAAG-1	NK	18
TAATCGGCAACGTCCG-1	T	4
TAATCGGCACCCTTTG-1	T	4
TAATCGGCACTGCTTC-1	T	0
TAATCGGGTACGGAGT-1	T	14
TAATCGGGTCAACTGT-1	T	10
TAATCGGGTCAGAAGC-1	T	4
TAATCGGGTCCGTAGC-1	B	6
TAATCGGGTCTGCGCA-1	NK	18
TAATCGGGTCTGGTTA-1	T	12
TAATCGGGTGCGTTTA-1	T	16
TAATCGGGTTCCAGTA-1	T	4
TAATCGGGTTGAATAG-1	T	4
TAATCGGTCCTGGAAT-1	NK	18
TAATCGGTCGACCCGA-1	NK	13
TAATCGGTCGCTCGGA-1	B	6
TAATCGGTCGGGCTCA-1	T	17
TAATCGGTCGTATAGC-1	NK	13
TAATCGGTCTCTGCAC-1	T	4
TAATCGGTCTTATCAC-1	T	11
TAATTCCAGACCAATA-1	T	14
TAATTCCAGACGACTG-1	T	7
TAATTCCAGCCGCAAA-1	T	15
TAATTCCAGCGATACG-1	B	6
TAATTCCAGCGCAATG-1	T	10
TAATTCCAGGGTATCG-1	T	1
TAATTCCAGGTCTTTG-1	T	4
TAATTCCAGTCACACT-1	NK	18
TAATTCCAGTCTGGGA-1	T	17
TAATTCCCAAGCCAGA-1	T	7
TAATTCCCACTGATAC-1	T	1
TAATTCCCACTTTGGA-1	NK	13
TAATTCCCAGATACAA-1	T	9
TAATTCCCATTGAACC-1	T	9
TAATTCCGTAACGGCA-1	T	4
TAATTCCGTAGTCCAT-1	T	17
TAATTCCGTATGTTCG-1	NK	13
TAATTCCGTCTGCGCA-1	Myeloid	2
TAATTCCGTGCCCAGT-1	T	11
TAATTCCGTGGTGGTA-1	Myeloid	2
TAATTCCGTGTCTACA-1	T	9
TAATTCCGTTCTGAAC-1	T	17
TAATTCCTCAGGCCGT-1	T	8
TACAGCAAGAGGCGGA-1	NK	18
TACAGCAAGCAGTAGC-1	T	7
TACAGCAAGCGTTAGG-1	T	7
TACAGCAAGCTATCCA-1	T	3
TACAGCAAGGAGTCTG-1	T	7
TACAGCAAGGGAAATG-1	T	0
TACAGCACAAATTGAG-1	T	11
TACAGCACAACTAGAA-1	T	3
TACAGCACAAGACACG-1	T	0
TACAGCACAAGTAACA-1	T	1
TACAGCACAGATAAGT-1	T	14
TACAGCACAGGTAGCA-1	T	11
TACAGCACAGGTCTGC-1	T	4
TACAGCACAGTAAGAT-1	T	7
TACAGCACATAGAATG-1	Myeloid	2
TACAGCACATCAGCTA-1	T	7
TACAGCACATGGAGGT-1	T	10
TACAGCACATGTGAGG-1	T	17
TACAGCACATTAGCAC-1	T	16
TACAGCAGTATCCCTC-1	NK	18
TACAGCAGTCATCGTA-1	T	16
TACAGCAGTCTCGGGT-1	T	7
TACAGCAGTGCAAAGC-1	NK	13
TACAGCAGTGGACTGA-1	T	3
TACAGCAGTTGGGAAC-1	T	8
TACAGCAGTTTCTTAC-1	Myeloid	2
TACAGCATCAGCACGC-1	T	8
TACAGCATCCAGGTCG-1	T	7
TACAGCATCCCAATGA-1	T	16
TACAGCATCGCATACA-1	T	8
TACAGCATCGCCAGAC-1	T	9
TACAGCATCGCTACCT-1	T	3
TACAGCATCGGATCGC-1	B	6
TACAGCATCGGGCTCA-1	T	9
TACAGCATCTTAGTGG-1	NK	18
TACATGGAGAACCATA-1	NK	13
TACATGGAGTCGTACT-1	T	7
TACATGGCAAACGTTC-1	T	16
TACATGGCAAACTACC-1	T	12
TACATGGCAAAGCTGG-1	B	6
TACATGGCAAAGGTCG-1	Myeloid	2
TACATGGCAACAAACA-1	B	6
TACATGGCAACGTAGG-1	NK	13
TACATGGCACCTGAAT-1	NK	5
TACATGGCACGCTGTG-1	T	0
TACATGGCAGCGTGAA-1	NK	18
TACATGGGTATGTCCA-1	T	4
TACATGGGTCAACAGG-1	T	9
TACATGGGTCAATACC-1	Myeloid	2
TACATGGGTCACATTG-1	T	14
TACATGGGTCTAAGAA-1	Myeloid	2
TACATGGGTCTGTTGA-1	NK	5
TACATGGGTGCAAGCA-1	T	14
TACATGGGTGTGCTTA-1	T	11
TACATGGGTTAGCTCA-1	T	10
TACATGGTCAACGTGT-1	NK	13
TACATGGTCACGATTG-1	T	9
TACATGGTCCGGCTGA-1	T	17
TACATGGTCGATGCAT-1	NK	13
TACATGGTCGATGTGT-1	T	8
TACATGGTCGTGGCGT-1	T	3
TACATGGTCTCCCTTT-1	T	8
TACATTCAGACACAAT-1	T	14
TACATTCAGACGTCAG-1	NK	5
TACATTCAGACTCTTG-1	NK	18
TACATTCAGATTGACA-1	T	11
TACATTCAGCAGGAGG-1	T	8
TACATTCAGGGACGTT-1	T	7
TACATTCAGGTCTTTG-1	T	0
TACATTCAGGTTAGTA-1	B	6
TACATTCAGTCGTGAG-1	T	4
TACATTCAGTGAACCG-1	T	4
TACATTCCACAATAAG-1	T	19
TACATTCCACAGTTCA-1	T	4
TACATTCCACCTGAAT-1	NK	13
TACATTCCAGGTCCTG-1	Myeloid	2
TACATTCCATGGCCTG-1	T	1
TACATTCCATTAAGGA-1	Myeloid	2
TACATTCCATTCGTCC-1	T	19
TACATTCGTAACGTAA-1	T	17
TACATTCGTACTAGAA-1	NK	18
TACATTCGTCTCAAAC-1	T	16
TACATTCGTCTGTTGA-1	NK	13
TACATTCGTGAGCTAG-1	T	15
TACATTCGTGATGTGG-1	T	3
TACATTCGTGCATTCA-1	B	6
TACATTCGTTCACGTA-1	T	7
TACATTCGTTGTGACT-1	T	15
TACATTCGTTTCGATG-1	T	14
TACATTCGTTTCTACT-1	T	11
TACATTCGTTTGCCAA-1	T	12
TACATTCTCCCACTAC-1	T	0
TACATTCTCGCTTCAC-1	B	6
TACATTCTCGGTCTCT-1	T	7
TACATTCTCGGTGATT-1	T	4
TACATTCTCGTTGTAG-1	T	0
TACATTCTCTATATCC-1	T	4
TACATTCTCTCGCGTT-1	B	6
TACCCTGAGAAATGGG-1	Myeloid	2
TACCCTGAGAACCCGA-1	T	3
TACCCTGAGAAGGGCG-1	T	16
TACCCTGAGACTTCCA-1	T	14
TACCCTGAGAGGAAGT-1	T	4
TACCCTGAGCACCATT-1	T	8
TACCCTGAGCAGGACT-1	NK	13
TACCCTGAGCGCAATG-1	T	0
TACCCTGAGGGTCCCT-1	NK	13
TACCCTGAGGTTTCTG-1	T	11
TACCCTGAGTAACATG-1	T	8
TACCCTGAGTACAGTA-1	T	11
TACCCTGCAAAGGTCG-1	T	14
TACCCTGCAAGGACCA-1	T	10
TACCCTGCAAGTCTGT-1	T	9
TACCCTGCACTAGCCG-1	T	0
TACCCTGCAGTTGGAG-1	Myeloid	2
TACCCTGCATCTCTCG-1	T	11
TACCCTGGTCAAGACG-1	T	3
TACCCTGGTCACTCTC-1	T	4
TACCCTGGTCATCGTA-1	Myeloid	2
TACCCTGGTCCTTATT-1	NK	5
TACCCTGGTCTCTAAG-1	NK	18
TACCCTGGTGATGCGA-1	T	8
TACCCTGGTGGACCAA-1	T	3
TACCCTGGTTCCCGGA-1	T	4
TACCCTGGTTGGCGAA-1	NK	13
TACCCTGTCACAAGCT-1	NK	13
TACCCTGTCACTGGTA-1	T	8
TACCCTGTCCGAGGAA-1	T	9
TACCCTGTCGTGAGTT-1	T	8
TACCCTGTCTACTGCC-1	T	8
TACCCTGTCTGACTTT-1	T	7
TACCTATAGAAACGCC-1	T	8
TACCTATAGCTATCCA-1	Myeloid	2
TACCTATAGGAGGCGA-1	T	3
TACCTATAGGCTCAGA-1	T	0
TACCTATAGTATAGTG-1	T	11
TACCTATAGTGAAACT-1	T	14
TACCTATAGTGCACAG-1	T	3
TACCTATAGTGTGTAA-1	NK	5
TACCTATCAAGGGTAC-1	T	7
TACCTATCACAAGGGT-1	T	12
TACCTATCACAGTTAC-1	T	19
TACCTATCACTAGCCG-1	T	0
TACCTATCACTTACAG-1	T	16
TACCTATCAGGAGCAT-1	T	10
TACCTATCAGGTAGGT-1	T	9
TACCTATCATCACAGT-1	T	10
TACCTATCATGGCCCA-1	T	4
TACCTATGTCCCGTGA-1	B	6
TACCTATGTCTGGGCT-1	T	9
TACCTATGTGATAAGT-1	T	9
TACCTATGTGATGTGG-1	T	10
TACCTATGTGCTGAAG-1	T	8
TACCTATGTTAGCTCA-1	T	9
TACCTATGTTCTTATC-1	T	0
TACCTATGTTTGACCA-1	T	10
TACCTATTCCAAGAGG-1	T	4
TACCTATTCGGGTCCA-1	T	9
TACCTCGAGACGCCAA-1	T	1
TACCTCGAGAGAGGTA-1	T	14
TACCTCGAGGCAAGGG-1	Myeloid	2
TACCTCGAGGTCGGTA-1	T	17
TACCTCGAGTAGCAAT-1	T	9
TACCTCGAGTGAATAC-1	NK	18
TACCTCGCAAGCCAGA-1	T	12
TACCTCGCAATGGCAG-1	T	3
TACCTCGCAATTAGGA-1	T	7
TACCTCGCAATTGGCT-1	T	9
TACCTCGCAATTGTGC-1	NK	18
TACCTCGCACAAACGG-1	T	10
TACCTCGCACTGGGCT-1	T	16
TACCTCGCAGGACCTC-1	T	12
TACCTCGGTAAGCCGA-1	T	12
TACCTCGGTATCATGC-1	T	9
TACCTCGGTCAAGACG-1	T	7
TACCTCGGTCACTCTC-1	NK	18
TACCTCGGTCCAACCG-1	T	11
TACCTCGGTGAATACA-1	B	6
TACCTCGGTGGTTCTA-1	NK	13
TACCTCGGTGTCCTTC-1	Myeloid	2
TACCTCGGTGTCTACA-1	Myeloid	2
TACCTCGGTTACCACA-1	T	11
TACCTCGGTTACGGAG-1	T	0
TACCTCGGTTGAATAG-1	T	14
TACCTCGGTTTGAAGA-1	T	14
TACCTCGGTTTGCATG-1	T	4
TACCTCGTCAGTGTAC-1	T	4
TACCTCGTCATGTTCT-1	Myeloid	2
TACCTCGTCATTCTTG-1	T	9
TACCTCGTCCAAGAGG-1	T	17
TACCTCGTCCAATCCC-1	T	12
TACCTCGTCCATTGAG-1	T	1
TACCTCGTCCCAGTAA-1	T	1
TACCTCGTCCCGAAGC-1	T	19
TACCTCGTCGATAGGG-1	T	11
TACCTCGTCGTGTGCG-1	T	19
TACCTCGTCTATACCT-1	T	16
TACCTCGTCTCTGACC-1	T	3
TACGCAAAGGAAGGTA-1	T	8
TACGCAAAGGGTCTGA-1	T	19
TACGCAAAGGTAAGTT-1	T	9
TACGCAAAGTAGTGTA-1	T	4
TACGCAAAGTCGACCC-1	NK	13
TACGCAACAAACTACC-1	T	8
TACGCAACAACTCCCT-1	T	3
TACGCAACAAGGACCA-1	T	16
TACGCAACAATGATGA-1	T	14
TACGCAACACAGATGG-1	T	12
TACGCAACACAGGAAC-1	NK	18
TACGCAACAGAACTTC-1	T	3
TACGCAACAGGACTGA-1	NK	18
TACGCAACAGTTCGGC-1	NK	5
TACGCAACATCATGTG-1	T	19
TACGCAACATGACTGT-1	NK	13
TACGCAACATGCACTA-1	T	1
TACGCAAGTAGGGTCA-1	T	14
TACGCAAGTCCGTCGA-1	Myeloid	2
TACGCAAGTCGCTAGC-1	T	4
TACGCAAGTCTCAAAC-1	T	7
TACGCAAGTCTGGTCG-1	T	3
TACGCAAGTGCCAAGA-1	NK	13
TACGCAAGTGGTTCTA-1	Myeloid	2
TACGCAAGTTCCTATT-1	T	3
TACGCAAGTTGGGAAC-1	T	11
TACGCAAGTTTAGAAG-1	T	17
TACGCAAGTTTGTAGC-1	T	3
TACGCAATCACCCTTG-1	T	4
TACGCAATCAGGCCGT-1	Myeloid	2
TACGCAATCATGTTCT-1	NK	18
TACGCAATCCGTTTCG-1	T	12
TACGCAATCGAGGCTC-1	T	19
TACGCCTAGAAGAGTG-1	T	4
TACGCCTAGACTTGAA-1	NK	13
TACGCCTAGCGCCTAC-1	T	11
TACGCCTAGCTAGCAG-1	NK	18
TACGCCTAGGAATGGA-1	T	14
TACGCCTAGGATTGCG-1	T	8
TACGCCTAGGCCAATG-1	NK	18
TACGCCTAGGGAAGCG-1	T	16
TACGCCTAGGTTAGTA-1	T	9
TACGCCTAGGTTGTGG-1	T	15
TACGCCTAGTAGTCGG-1	T	16
TACGCCTAGTCTGTGT-1	T	1
TACGCCTAGTTACACC-1	NK	5
TACGCCTCAAATGTCC-1	T	0
TACGCCTCAAATTCCG-1	T	16
TACGCCTCAACAACTC-1	T	8
TACGCCTCAAGTCTGT-1	NK	18
TACGCCTCAATGGCTT-1	NK	18
TACGCCTCACGCTAAT-1	NK	18
TACGCCTCACTCAAGT-1	T	10
TACGCCTCACTGAAGG-1	NK	13
TACGCCTCAGTAAGAT-1	T	9
TACGCCTCATCGCCTT-1	T	8
TACGCCTCATGGTAAA-1	T	1
TACGCCTGTAATGTGA-1	T	9
TACGCCTGTACTAGAA-1	T	12
TACGCCTGTAGCGAGT-1	NK	18
TACGCCTGTATGTTCG-1	T	12
TACGCCTGTCACCCGA-1	T	9
TACGCCTGTCAGGTGA-1	T	0
TACGCCTGTCGTAGTT-1	T	3
TACGCCTGTTTCCGGG-1	NK	18
TACGCCTTCAGTCAAC-1	T	0
TACGCCTTCCCGCAAG-1	T	0
TACGCCTTCCCTAAAG-1	Myeloid	2
TACGCCTTCCTTCGAC-1	T	3
TACGCCTTCGAACCGC-1	T	12
TACGCCTTCGTGTGCG-1	T	10
TACGCCTTCGTTCAGA-1	NK	13
TACGCCTTCTCCAACC-1	T	9
TACGCCTTCTTTATCG-1	T	10
TACGGATAGCGATACG-1	NK	13
TACGGATAGGAGTAGA-1	T	0
TACGGATAGGCAGATC-1	B	6
TACGGATAGTATGGGC-1	T	15
TACGGATAGTCTCTAG-1	B	6
TACGGATAGTTCAACC-1	T	4
TACGGATAGTTCGTTG-1	T	7
TACGGATCAAGCGGTA-1	T	8
TACGGATCACCCTTTG-1	T	12
TACGGATCACGTGAAG-1	T	12
TACGGATCAGATGGCA-1	T	10
TACGGATCATGGGACA-1	T	9
TACGGATCATTATGGC-1	T	17
TACGGATCATTGTGAC-1	T	9
TACGGATGTAACGGTG-1	T	7
TACGGATGTACGAGAC-1	T	3
TACGGATGTCCCGAGT-1	NK	13
TACGGATGTGCGCTCA-1	NK	18
TACGGATGTGCTGGCT-1	T	9
TACGGATGTGGAAGCT-1	T	16
TACGGATGTGTTGGTT-1	T	11
TACGGATGTTCAGAAA-1	T	1
TACGGATGTTTGACCA-1	T	8
TACGGATTCAAAGTAG-1	T	1
TACGGATTCACCGCGA-1	T	8
TACGGATTCATCGCTC-1	NK	13
TACGGATTCCAATAGC-1	Myeloid	2
TACGGATTCCGGGCAT-1	T	7
TACGGATTCCGTGCAG-1	T	3
TACGGATTCCTCATTA-1	T	0
TACGGATTCCTGGGAC-1	T	8
TACGGATTCCTGTAGA-1	NK	13
TACGGATTCGATTACG-1	NK	13
TACGGATTCGCCACTT-1	T	4
TACGGATTCTTAAGCG-1	NK	5
TACGGATTCTTACTCA-1	T	7
TACGGATTCTTCCAGC-1	NK	13
TACTAGGAGAGAGTAG-1	T	11
TACTAGGAGATGTTGA-1	T	4
TACTAGGAGCCTCGCA-1	T	16
TACTAGGAGGTTTCTG-1	Myeloid	2
TACTAGGAGTCACACT-1	T	14
TACTAGGAGTCAGCCC-1	NK	5
TACTAGGCAACGGACA-1	T	7
TACTAGGCAAGAGCGT-1	T	15
TACTAGGCAAGGAAGA-1	T	17
TACTAGGCACAACGGA-1	T	8
TACTAGGCACAAGTGG-1	T	16
TACTAGGCACCGTTGG-1	T	9
TACTAGGCACCTGGTG-1	NK	18
TACTAGGCACTGTCGG-1	T	7
TACTAGGCAGCGCGTT-1	T	9
TACTAGGCATTCTTTG-1	T	1
TACTAGGGTACGCAAG-1	NK	13
TACTAGGGTATCAGCT-1	T	9
TACTAGGGTCATAAGA-1	NK	18
TACTAGGGTCGATAGG-1	T	14
TACTAGGGTGTGCTTA-1	T	0
TACTAGGGTTACGAAA-1	T	17
TACTAGGGTTAGCTCA-1	T	17
TACTAGGGTTAGGAGC-1	T	1
TACTAGGTCAACGTGT-1	T	7
TACTAGGTCACAAGCT-1	T	17
TACTAGGTCATACTTC-1	T	4
TACTAGGTCCATGTTT-1	T	17
TACTAGGTCCCACGGA-1	T	17
TACTAGGTCGCGGCAT-1	T	7
TACTAGGTCTGCTACC-1	NK	18
TACTAGGTCTGTGTGA-1	T	3
TACTAGGTCTTCACTA-1	NK	18
TACTCGCAGAGCACTG-1	T	9
TACTCGCAGATACCAA-1	T	9
TACTCGCAGCATTCCA-1	T	8
TACTCGCAGCGATACG-1	T	7
TACTCGCAGGCCAGTA-1	T	19
TACTCGCAGTAGACCG-1	T	4
TACTCGCAGTGATATG-1	Myeloid	2
TACTCGCCAAGCGACA-1	T	4
TACTCGCCAATTGCCA-1	Myeloid	2
TACTCGCCACAGTTCA-1	T	11
TACTCGCCACATATCG-1	T	15
TACTCGCCACTGCTCT-1	T	10
TACTCGCCAGGTGTCC-1	T	3
TACTCGCCATAGCCAT-1	B	6
TACTCGCCATATACGC-1	T	11
TACTCGCCATCCCTCA-1	T	11
TACTCGCGTAAGGTCG-1	T	11
TACTCGCGTGAATGTA-1	T	11
TACTCGCGTGGACGAT-1	T	16
TACTCGCGTTCTTTCA-1	T	4
TACTCGCGTTTGACCA-1	T	8
TACTCGCTCAGCACTA-1	T	15
TACTCGCTCATTGCCC-1	T	4
TACTCGCTCCCGCAAG-1	T	8
TACTCGCTCCCTAAAG-1	T	14
TACTCGCTCCGAGAGA-1	T	9
TACTCGCTCCGAGGAA-1	NK	13
TACTCGCTCCTGACCT-1	B	6
TACTCGCTCGAGAACG-1	T	14
TACTCGCTCGCTATTT-1	T	10
TACTCGCTCGTTACAG-1	T	7
TACTGCCAGATATGAC-1	T	4
TACTGCCAGTTCAACC-1	T	8
TACTGCCAGTTGTCCA-1	B	6
TACTGCCCAACTAGAA-1	T	19
TACTGCCCAAGCAACG-1	NK	13
TACTGCCCAAGTTCGT-1	T	9
TACTGCCCAATTCAGC-1	T	9
TACTGCCCACAGTTCA-1	T	14
TACTGCCCACTGATTG-1	T	9
TACTGCCCACTTACAG-1	T	16
TACTGCCCATCAGAAA-1	T	4
TACTGCCCATGGAGGT-1	NK	18
TACTGCCCATTTCTTG-1	T	4
TACTGCCGTAGCAGCA-1	NK	5
TACTGCCGTATGGTTC-1	T	8
TACTGCCGTCTGGGCT-1	T	15
TACTGCCGTTTGCATG-1	NK	5
TACTGCCTCCCAATGA-1	T	4
TACTGCCTCCCACGGA-1	B	6
TACTGCCTCCGCTATC-1	B	6
TACTGCCTCCTCAAGA-1	T	12
TACTGCCTCCTCATTA-1	NK	18
TACTGCCTCGCGTTCT-1	T	11
TACTGCCTCTACATCT-1	T	17
TAGACTGAGACTCTTG-1	T	7
TAGACTGAGAGTAAGG-1	T	15
TAGACTGAGCTTCAAC-1	T	4
TAGACTGAGTGGACGT-1	T	3
TAGACTGAGTGGGACT-1	T	4
TAGACTGCAAGAGATT-1	Myeloid	2
TAGACTGCACACACCG-1	T	9
TAGACTGCACCCATCT-1	NK	13
TAGACTGCACTCCTCA-1	NK	5
TAGACTGCACTTATGG-1	B	6
TAGACTGCAGACCTGC-1	T	11
TAGACTGCATAGAATG-1	T	9
TAGACTGCATAGCAGG-1	T	9
TAGACTGCATCACAGT-1	NK	18
TAGACTGCATCGAGTT-1	T	17
TAGACTGCATTTGGTG-1	NK	13
TAGACTGGTACTAGAA-1	T	19
TAGACTGGTATTCGCA-1	T	7
TAGACTGGTCGAGAAC-1	T	11
TAGACTGGTCTAAGAA-1	Myeloid	2
TAGACTGGTCTGCGCA-1	T	15
TAGACTGGTGACGCAA-1	T	16
TAGACTGGTGCGTAGA-1	T	9
TAGACTGGTGGTTCTA-1	T	4
TAGACTGGTGTGTGTT-1	T	0
TAGACTGGTTTCGATG-1	T	0
TAGACTGTCAACTTGG-1	T	4
TAGACTGTCACAAGCT-1	Myeloid	2
TAGACTGTCACGTCAA-1	T	10
TAGACTGTCGAGGTCC-1	NK	18
TAGACTGTCGATCTTT-1	T	8
TAGACTGTCGCTATTT-1	T	14
TAGACTGTCGTGGAAG-1	T	9
TAGACTGTCGTGGTAT-1	T	10
TAGACTGTCTGGTACA-1	T	0
TAGCACAAGGAGTCTG-1	NK	5
TAGCACAAGGATGTAT-1	NK	18
TAGCACAAGGGCTCTC-1	T	15
TAGCACAAGTCCCGCA-1	T	14
TAGCACAAGTGAAGGA-1	T	10
TAGCACAAGTTAGAGT-1	Myeloid	2
TAGCACACATGCCCTT-1	T	8
TAGCACAGTACGTAAA-1	NK	18
TAGCACAGTAGATGAT-1	T	7
TAGCACAGTATGGGTG-1	Myeloid	2
TAGCACAGTCAACTAC-1	NK	5
TAGCACAGTGAGGTCA-1	T	1
TAGCACAGTGCCCAGT-1	T	4
TAGCACAGTTATCGAC-1	T	4
TAGCACATCAGGTTTG-1	T	16
TAGCACATCATGAACC-1	T	0
TAGCACATCCGTTTCG-1	T	7
TAGCACATCGATGAAA-1	B	6
TAGCACATCTAGCAAC-1	T	7
TAGCACATCTTACGGA-1	Myeloid	2
TAGCACATCTTCATAC-1	T	7
TAGCACATCTTTCGAT-1	T	14
TAGCATGAGGCCTCGT-1	T	3
TAGCATGAGGTCGTTT-1	NK	18
TAGCATGAGTCTGCTA-1	NK	13
TAGCATGAGTCTGGGA-1	T	16
TAGCATGAGTTACCAC-1	T	7
TAGCATGAGTTGCTTG-1	Myeloid	2
TAGCATGCAAGGAGGG-1	T	9
TAGCATGCAATACTGC-1	T	14
TAGCATGCACCACCAG-1	T	16
TAGCATGCACTAAACC-1	Myeloid	2
TAGCATGCAGGCATTT-1	T	11
TAGCATGCATACTGCA-1	T	1
TAGCATGCATAGATAG-1	T	1
TAGCATGCATTGATGC-1	B	6
TAGCATGGTAGACGCA-1	T	0
TAGCATGGTATCTAGC-1	T	12
TAGCATGGTATTCTTC-1	T	12
TAGCATGGTCAGAGTG-1	NK	13
TAGCATGGTCTCTGGG-1	T	14
TAGCATGGTTGGCTTA-1	T	8
TAGCATGGTTTGCATG-1	NK	13
TAGCATGTCAAGTTGC-1	T	14
TAGCATGTCAGATACC-1	T	17
TAGCATGTCATCATGG-1	T	4
TAGCATGTCCAAGTCA-1	T	16
TAGCATGTCCGCCTAT-1	NK	13
TAGCATGTCCTAAAGC-1	T	8
TAGCATGTCGGTTGTA-1	T	10
TAGCATGTCTACATCT-1	T	4
TAGCATGTCTCTGTTA-1	T	16
TAGCCCTAGACCTATC-1	T	8
TAGCCCTAGAGCTGTG-1	T	12
TAGCCCTAGCAGTAGC-1	T	4
TAGCCCTAGGTACACG-1	T	16
TAGCCCTAGTAACATG-1	T	17
TAGCCCTAGTCCCTCT-1	T	9
TAGCCCTAGTCTCCAA-1	T	16
TAGCCCTAGTTCCAGT-1	T	11
TAGCCCTCAAGGCTTT-1	T	1
TAGCCCTCAAGTCCTA-1	T	14
TAGCCCTCAATGCATC-1	T	3
TAGCCCTCAATGCCAT-1	Myeloid	2
TAGCCCTCACTCGCAG-1	B	6
TAGCCCTCAGCAACGA-1	T	19
TAGCCCTCATACTGCA-1	Myeloid	2
TAGCCCTCATCCATAG-1	T	7
TAGCCCTGTATATGGA-1	T	1
TAGCCCTGTCAATACC-1	T	1
TAGCCCTGTGTCTCGG-1	T	16
TAGCCCTGTTACCCAA-1	T	9
TAGCCCTGTTCTCGAA-1	T	19
TAGCCCTGTTTCGTTT-1	T	1
TAGCCCTGTTTGACCA-1	T	3
TAGCCCTGTTTGTCTT-1	T	0
TAGCCCTTCATTCATC-1	T	16
TAGCCCTTCCAATCCC-1	T	1
TAGCCCTTCCGGCGAT-1	T	15
TAGCCCTTCGCTTGAA-1	T	15
TAGCCCTTCGGTTCCT-1	T	12
TAGCCCTTCTTACTCA-1	T	7
TAGCCGGAGCTTCAAC-1	NK	18
TAGCCGGAGGAGTCTG-1	T	4
TAGCCGGAGGTAGGAA-1	T	9
TAGCCGGAGTAACTCC-1	T	9
TAGCCGGAGTAGGTCG-1	T	12
TAGCCGGAGTCATCTG-1	T	16
TAGCCGGAGTCGTATC-1	NK	13
TAGCCGGCAATTCTCT-1	B	6
TAGCCGGCACTAGGAG-1	T	11
TAGCCGGCAGGCACAA-1	T	14
TAGCCGGGTACTATGC-1	T	16
TAGCCGGGTCAAGACG-1	T	16
TAGCCGGGTCACATTG-1	NK	13
TAGCCGGGTCTCTGGG-1	T	8
TAGCCGGGTTAGTAGA-1	Myeloid	2
TAGCCGGTCATGAACC-1	T	8
TAGCCGGTCCTCTCTT-1	B	6
TAGCCGGTCGATAGGG-1	Myeloid	2
TAGCCGGTCGCTAGTA-1	T	7
TAGCCGGTCGCTTGAA-1	T	12
TAGCCGGTCGTCAACA-1	Myeloid	2
TAGCCGGTCTGAGTAC-1	T	16
TAGCCGGTCTGGACAT-1	T	1
TAGCCGGTCTTCTCTC-1	T	1
TAGCGGCAGAAATACC-1	T	8
TAGCGGCAGATCCGAG-1	T	11
TAGCGGCAGCAACGGT-1	T	3
TAGCGGCAGCATGTGG-1	T	3
TAGCGGCAGTCGCCTG-1	NK	5
TAGCGGCAGTGTCCCG-1	T	9
TAGCGGCCAAACCCTA-1	T	14
TAGCGGCCAACCTCTC-1	T	3
TAGCGGCCAAGGTTCT-1	T	0
TAGCGGCCACAGGAAC-1	T	14
TAGCGGCCACGTACAT-1	T	14
TAGCGGCCACTCAAGT-1	T	16
TAGCGGCCAGTTGCAT-1	T	19
TAGCGGCCATGCGCTG-1	T	1
TAGCGGCCATGGGTGA-1	T	12
TAGCGGCCATGGTTTG-1	T	12
TAGCGGCGTAATGCAA-1	NK	18
TAGCGGCGTCCGAGCT-1	Myeloid	2
TAGCGGCGTGCAGACA-1	NK	13
TAGCGGCGTGGACTGA-1	T	12
TAGCGGCTCACTCGGG-1	NK	18
TAGCGGCTCAGAATGA-1	Myeloid	2
TAGCGGCTCAGCACTA-1	T	14
TAGCGGCTCCATTGAG-1	NK	18
TAGCGGCTCGACCCGA-1	T	14
TAGCGGCTCGGATGTT-1	NK	13
TAGCGGCTCGGCAATT-1	NK	13
TAGCGGCTCGTATAGC-1	T	15
TAGCGGCTCGTGATAC-1	T	15
TAGCGGCTCTATTTCG-1	NK	18
TAGCGGCTCTCATCCG-1	T	1
TAGCGGCTCTGCTACC-1	NK	18
TAGCGGCTCTTGGCCT-1	T	12
TAGCTTTAGACTAATG-1	T	3
TAGCTTTAGAGCGGTT-1	T	8
TAGCTTTAGATACCAA-1	NK	5
TAGCTTTAGATCGAGC-1	T	14
TAGCTTTAGCCATCAT-1	T	11
TAGCTTTAGGCCAATG-1	T	8
TAGCTTTAGGTACTCT-1	T	12
TAGCTTTAGGTTTCTG-1	T	4
TAGCTTTAGTCGTGAG-1	NK	13
TAGCTTTAGTGATTAG-1	T	14
TAGCTTTAGTTACCAC-1	T	10
TAGCTTTAGTTGAATG-1	T	9
TAGCTTTAGTTGGAAT-1	NK	18
TAGCTTTAGTTGTCCA-1	T	16
TAGCTTTCAATCATCG-1	T	10
TAGCTTTCACAATAAG-1	T	15
TAGCTTTCACACACCG-1	T	16
TAGCTTTCAGTAACCT-1	NK	18
TAGCTTTCAGTCCTGG-1	T	7
TAGCTTTCATGGTTTG-1	T	3
TAGCTTTCATTACTCT-1	T	11
TAGCTTTGTACGGAGT-1	T	8
TAGCTTTGTATGGGTG-1	NK	18
TAGCTTTGTATGTCCA-1	T	12
TAGCTTTGTGAATCGG-1	Myeloid	2
TAGCTTTGTGATAAGT-1	T	4
TAGCTTTGTGGCGCTT-1	NK	18
TAGCTTTGTTTAAGCC-1	NK	18
TAGCTTTTCACGATTG-1	T	19
TAGCTTTTCAGGGTTT-1	NK	13
TAGCTTTTCCACTAGA-1	T	12
TAGCTTTTCCATGTTT-1	T	16
TAGCTTTTCTACATCT-1	T	4
TAGCTTTTCTGTTGCC-1	Myeloid	2
TAGGAGGAGCTAACAA-1	T	19
TAGGAGGAGGCGTCCT-1	T	14
TAGGAGGAGGTTCGTT-1	T	3
TAGGAGGAGTACCTCA-1	NK	18
TAGGAGGAGTAGTGTA-1	T	15
TAGGAGGAGTTACCAC-1	T	8
TAGGAGGAGTTTGGAA-1	T	3
TAGGAGGCAAATGTCC-1	T	4
TAGGAGGCAACGGACA-1	T	3
TAGGAGGCAACTAGAA-1	T	8
TAGGAGGCAAGAAACT-1	Myeloid	2
TAGGAGGCAATCCATG-1	T	1
TAGGAGGCACATTGCA-1	T	12
TAGGAGGCACGCGCAT-1	Myeloid	2
TAGGAGGCACGTACAT-1	T	7
TAGGAGGCACGTGAAG-1	T	0
TAGGAGGCAGTAAGCG-1	T	7
TAGGAGGCATAGCAGG-1	NK	18
TAGGAGGCATCCCTTG-1	T	16
TAGGAGGCATCGAGTT-1	T	4
TAGGAGGCATGCTATG-1	T	17
TAGGAGGCATTTAGGC-1	Myeloid	2
TAGGAGGGTAACACTC-1	T	7
TAGGAGGGTACTTCGA-1	T	8
TAGGAGGGTCAGTGCC-1	T	11
TAGGAGGGTTAACCAC-1	T	3
TAGGAGGTCACTAGGT-1	NK	13
TAGGAGGTCCACACCT-1	T	4
TAGGAGGTCCAGAATC-1	T	7
TAGGAGGTCCATAGGT-1	T	14
TAGGAGGTCCATTGTT-1	T	12
TAGGAGGTCCTGTGGG-1	T	0
TAGGAGGTCGCACCTT-1	T	19
TAGGAGGTCTATCTCA-1	NK	18
TAGGAGGTCTTCTCTC-1	T	8
TAGGTCAAGACACTTC-1	T	15
TAGGTCAAGAGTGGAA-1	NK	18
TAGGTCAAGCCATGGA-1	T	12
TAGGTCAAGCGTCTGC-1	T	17
TAGGTCAAGGTGTTGG-1	T	7
TAGGTCAAGTCACGCC-1	NK	18
TAGGTCACAAGGTTCT-1	T	12
TAGGTCACACCGTCTT-1	T	8
TAGGTCACACTCGTGG-1	T	3
TAGGTCACAGGCAGAT-1	T	0
TAGGTCACATAGCCGC-1	T	10
TAGGTCACATCGGCCA-1	T	19
TAGGTCAGTACCGGCT-1	T	1
TAGGTCAGTACTATGC-1	T	10
TAGGTCAGTCACCCGA-1	T	1
TAGGTCAGTCATGAGG-1	T	3
TAGGTCAGTCCGTAGC-1	T	19
TAGGTCAGTCGAGGTA-1	T	9
TAGGTCAGTCGATAGG-1	T	15
TAGGTCAGTCTCTGGG-1	T	1
TAGGTCAGTGATAAGT-1	T	11
TAGGTCAGTGGCGCTT-1	T	12
TAGGTCATCCCAGCGA-1	T	3
TAGGTCATCCCGAAGC-1	NK	13
TAGGTCATCGTCCCTA-1	T	14
TAGGTCATCTATATCC-1	T	14
TAGGTCATCTATTTCG-1	NK	5
TAGGTCATCTCCTTGG-1	T	16
TAGGTGTAGAAGAGTG-1	T	19
TAGGTGTAGGTCGTTT-1	T	1
TAGGTGTAGTAACTCC-1	B	6
TAGGTGTAGTACCACT-1	T	17
TAGGTGTAGTAGGAAG-1	T	14
TAGGTGTAGTAGTTCC-1	T	8
TAGGTGTAGTCGTATC-1	T	16
TAGGTGTAGTGCCCTG-1	T	14
TAGGTGTCAAGGATGC-1	T	0
TAGGTGTCAATGGCAG-1	T	16
TAGGTGTCAATTAGGA-1	T	0
TAGGTGTCACGTACAT-1	T	11
TAGGTGTCACGTTAGT-1	NK	5
TAGGTGTCAGGTGTGA-1	T	1
TAGGTGTCATTGTTCT-1	Myeloid	2
TAGGTGTGTACCCACG-1	NK	18
TAGGTGTGTACGCCCA-1	T	17
TAGGTGTGTAGTCCAT-1	T	9
TAGGTGTGTATGGGTG-1	Myeloid	2
TAGGTGTGTCAAGACG-1	NK	13
TAGGTGTGTCACTCTC-1	T	0
TAGGTGTGTCCACCAG-1	T	1
TAGGTGTGTCTCTGGG-1	T	11
TAGGTGTGTGCATTGT-1	T	10
TAGGTGTGTGTAGGAC-1	Myeloid	2
TAGGTGTTCACTACCC-1	T	7
TAGGTGTTCAGGCCGT-1	T	0
TAGGTGTTCGCGCCAA-1	T	12
TAGGTGTTCGGAGTTT-1	T	15
TAGGTGTTCGGATCGC-1	T	8
TAGGTGTTCTCCTTGG-1	NK	5
TAGGTGTTCTCGCGGA-1	T	4
TAGGTGTTCTTCCACG-1	NK	18
TAGTCCCAGATCACCT-1	T	17
TAGTCCCAGATGCGAC-1	T	11
TAGTCCCAGCAGGAGG-1	T	11
TAGTCCCAGCTTCAAC-1	T	17
TAGTCCCAGGATTAAC-1	T	0
TAGTCCCAGTACAGTA-1	T	17
TAGTCCCAGTACGACG-1	Myeloid	2
TAGTCCCAGTTTGGAA-1	T	1
TAGTCCCCAACGTAGG-1	T	3
TAGTCCCCAAGCCAGA-1	NK	18
TAGTCCCCAAGCGAAC-1	T	10
TAGTCCCCAATTGGCT-1	T	16
TAGTCCCCACATCATG-1	NK	18
TAGTCCCCACCGATCG-1	T	0
TAGTCCCCACGCGCAT-1	T	16
TAGTCCCCACGCTCAG-1	T	14
TAGTCCCCACTTACAG-1	T	7
TAGTCCCCATGGGAAC-1	T	7
TAGTCCCCATTTCACT-1	T	3
TAGTCCCGTCAACAGG-1	T	15
TAGTCCCGTCCAACCG-1	NK	13
TAGTCCCGTGAGTAAT-1	B	6
TAGTCCCGTGCACCCA-1	T	0
TAGTCCCGTTAGAGAT-1	T	3
TAGTCCCGTTCAGTTG-1	T	7
TAGTCCCGTTCGGGAA-1	T	7
TAGTCCCTCAGGATCT-1	T	14
TAGTCCCTCCCGGGTA-1	T	11
TAGTCCCTCGAACCGC-1	T	0
TAGTCCCTCTATACCT-1	T	15
TAGTCCCTCTCCTTAA-1	T	8
TAGTCCCTCTGTCGGG-1	T	0
TAGTCCCTCTTCCAGC-1	NK	13
TATCGAGAGAATATCG-1	T	16
TATCGAGAGAGTAAGG-1	B	6
TATCGAGAGCAGGAGG-1	T	7
TATCGAGAGGCAAGCT-1	T	10
TATCGAGAGGCCTCGT-1	NK	18
TATCGAGAGGTGAACC-1	T	14
TATCGAGAGTCAGGAC-1	NK	18
TATCGAGAGTCGTGAG-1	NK	18
TATCGAGAGTCTGGGA-1	T	10
TATCGAGCAACGTCGC-1	T	1
TATCGAGCAACTCGAT-1	T	16
TATCGAGCAAGATTAG-1	Myeloid	2
TATCGAGCACACACCG-1	Myeloid	2
TATCGAGCACGTGAAG-1	T	4
TATCGAGCAGCAACCC-1	NK	18
TATCGAGCATCAGCTA-1	NK	13
TATCGAGCATCCCAAA-1	B	6
TATCGAGCATCGTGAT-1	T	3
TATCGAGCATGGAGGT-1	NK	5
TATCGAGGTAAGTGCG-1	T	7
TATCGAGGTAGAAGCC-1	Myeloid	2
TATCGAGGTATTGTCG-1	Myeloid	2
TATCGAGGTCAGAAAT-1	T	16
TATCGAGGTCAGAAGC-1	T	0
TATCGAGGTCCTCAGG-1	T	12
TATCGAGGTCGCGCTA-1	T	17
TATCGAGGTGTGACCC-1	T	4
TATCGAGGTGTTGTTG-1	T	11
TATCGAGGTTAACTCG-1	T	4
TATCGAGGTTGGCGAA-1	NK	13
TATCGAGTCACACGTA-1	NK	18
TATCGAGTCAGTACAC-1	T	9
TATCGAGTCCATCGAA-1	T	0
TATCGAGTCCCATAGA-1	T	9
TATCGAGTCCCTAAAG-1	T	9
TATCGAGTCCGGAAAG-1	Myeloid	2
TATCGAGTCCTGGAAT-1	NK	18
TATCGAGTCCTTTGCG-1	T	7
TATCGAGTCGATTACG-1	T	0
TATCGAGTCGCAAGCC-1	T	15
TATCGAGTCGTTGTAG-1	T	9
TATCGAGTCTATACCT-1	T	8
TATCGAGTCTCTGTTA-1	T	17
TATCTGTAGAACCCGA-1	NK	18
TATCTGTAGACACGGT-1	NK	13
TATCTGTAGCGTCAAG-1	T	0
TATCTGTAGCTCGGCT-1	T	15
TATCTGTAGGGCATTG-1	T	12
TATCTGTAGGTCCTCG-1	NK	18
TATCTGTCAACGTAGG-1	NK	13
TATCTGTCACAGAAGC-1	NK	13
TATCTGTCACGCTGTG-1	T	16
TATCTGTCAGGTCCTG-1	T	11
TATCTGTCAGTTACAC-1	T	7
TATCTGTCATGTGGGA-1	Myeloid	2
TATCTGTCATTCTTTG-1	T	15
TATCTGTGTACTTCAG-1	T	8
TATCTGTGTAGGTCTT-1	T	11
TATCTGTGTATGGTTC-1	T	9
TATCTGTGTCAACTGT-1	NK	18
TATCTGTGTCAGGTGA-1	T	1
TATCTGTGTCATCGTA-1	T	8
TATCTGTGTCTGTGTA-1	Myeloid	2
TATCTGTGTGAGTCGA-1	T	14
TATCTGTTCAGTCACA-1	T	8
TATCTGTTCCATAACG-1	Myeloid	2
TATCTGTTCGACTATG-1	T	19
TATCTGTTCGATCGCG-1	T	16
TATCTGTTCGCTGATA-1	T	7
TATCTGTTCGGTAGGA-1	B	6
TATCTGTTCTATTTCG-1	NK	13
TATGTGGAGAATATCG-1	NK	13
TATGTGGAGCGTCTGC-1	T	3
TATGTGGAGGATTTGA-1	T	0
TATGTGGAGGGAAATG-1	T	14
TATGTGGCAACCTCCT-1	T	16
TATGTGGCAATCATCG-1	T	7
TATGTGGCACAATAAG-1	T	15
TATGTGGCACACATTG-1	T	16
TATGTGGCACAGGTAG-1	T	14
TATGTGGCACATTCTT-1	T	9
TATGTGGCACGGCCAT-1	B	6
TATGTGGCACTGATTG-1	T	17
TATGTGGCAGTCAGAG-1	T	10
TATGTGGCAGTGGTCC-1	T	7
TATGTGGCATCCCAAA-1	T	8
TATGTGGCATGGAGGT-1	T	16
TATGTGGCATTTCTTG-1	T	0
TATGTGGGTAGCGTTT-1	T	16
TATGTGGGTCAGCAAG-1	B	6
TATGTGGGTCATTGCA-1	T	3
TATGTGGGTGCTAGTT-1	NK	18
TATGTGGGTGCTGTGC-1	T	10
TATGTGGTCAGAACGG-1	Myeloid	2
TATGTGGTCATGAACC-1	NK	13
TATGTGGTCCAGAGAG-1	T	1
TATGTGGTCCATACGA-1	T	0
TATGTGGTCCCTACGT-1	T	4
TATGTGGTCCGTCAAA-1	T	14
TATGTGGTCCTAAGTG-1	T	7
TATGTGGTCGCCTTAC-1	T	15
TATGTGGTCGGTACTA-1	T	7
TATGTGGTCGTCCCAT-1	T	8
TATGTGGTCTAGCAAC-1	NK	18
TATGTGGTCTTGTCAT-1	T	14
TATGTTCAGCCATGGA-1	T	16
TATGTTCAGCTAGCAG-1	T	9
TATGTTCAGGGAAATG-1	T	8
TATGTTCAGGGTTCCC-1	T	3
TATGTTCAGTACCTCA-1	T	17
TATGTTCAGTCCGATT-1	T	4
TATGTTCAGTTGTCCA-1	NK	18
TATGTTCCAATCAGGG-1	Myeloid	2
TATGTTCCACCGAAAG-1	T	14
TATGTTCCACCGTCTT-1	B	6
TATGTTCCACTAAACC-1	NK	13
TATGTTCCAGAGAGAA-1	Myeloid	2
TATGTTCCATCACAGT-1	T	14
TATGTTCCATCCGTGG-1	B	6
TATGTTCCATCGCCTT-1	Myeloid	2
TATGTTCCATTGATGC-1	T	11
TATGTTCGTAACGGAC-1	T	9
TATGTTCGTACGTAAA-1	T	16
TATGTTCGTAGTATCC-1	T	4
TATGTTCGTATCATGC-1	T	12
TATGTTCGTATTGTCG-1	T	19
TATGTTCGTCCGGTAC-1	T	7
TATGTTCGTGCAACAG-1	Myeloid	2
TATGTTCGTGTTAGAA-1	T	14
TATGTTCGTTAACCGT-1	T	11
TATGTTCTCAAACCAC-1	T	9
TATGTTCTCACTAGGT-1	T	9
TATGTTCTCAGAACGG-1	T	4
TATGTTCTCCCTAAAG-1	NK	18
TATGTTCTCGGCATAT-1	T	3
TATGTTCTCGGTCTCT-1	T	4
TATGTTCTCTATCTCA-1	T	4
TATGTTCTCTGACATG-1	T	4
TATGTTCTCTGTCGGG-1	NK	5
TATGTTCTCTTTCGAT-1	T	11
TATTGCTAGATTACGA-1	T	10
TATTGCTAGGCCTCGT-1	T	12
TATTGCTAGTCCGGAA-1	T	8
TATTGCTAGTTAGCAA-1	NK	5
TATTGCTCAAATGTCC-1	T	8
TATTGCTCAAGGAAGA-1	Myeloid	2
TATTGCTCACACATTG-1	T	14
TATTGCTCACCAAGGA-1	T	15
TATTGCTCACTTTGGA-1	T	0
TATTGCTCAGCGTGAA-1	T	12
TATTGCTCATGGCCTG-1	T	1
TATTGCTCATGGGAAC-1	T	0
TATTGCTCATTACACG-1	T	4
TATTGCTGTAGATTAG-1	T	3
TATTGCTGTCCCTTTG-1	T	9
TATTGCTGTGATGCTT-1	T	4
TATTGCTGTGGCGCTT-1	T	7
TATTGCTGTTCTTTCA-1	T	10
TATTGCTGTTTAGACC-1	T	19
TATTGCTTCACGTCAA-1	T	7
TATTGCTTCAGCACTA-1	T	16
TATTGCTTCATCGCAA-1	T	4
TATTGCTTCCTCCAGT-1	T	16
TATTGCTTCGCGCCAA-1	T	0
TATTGCTTCTGCTACC-1	T	12
TATTGCTTCTTAACGG-1	T	3
TCAAAGCAGACACAAT-1	T	0
TCAAAGCAGAGCACTG-1	B	6
TCAAAGCAGGAAGACA-1	Myeloid	2
TCAAAGCAGGCCTCGT-1	T	3
TCAAAGCAGTCGTACT-1	T	8
TCAAAGCAGTGAACCG-1	NK	5
TCAAAGCAGTTACCAC-1	NK	18
TCAAAGCCAAGTTGCT-1	T	16
TCAAAGCCACCGATCG-1	NK	18
TCAAAGCCACCTGGTG-1	T	17
TCAAAGCCACTGATTG-1	T	0
TCAAAGCCAGTAGTTC-1	T	4
TCAAAGCCATTCTTTG-1	Myeloid	2
TCAAAGCCATTGCACA-1	T	12
TCAAAGCCATTGTTCT-1	T	9
TCAAAGCCATTTGTTC-1	T	14
TCAAAGCGTAACTCCA-1	T	14
TCAAAGCGTACGACCC-1	T	12
TCAAAGCGTATTCTCT-1	T	9
TCAAAGCGTCTCAAAC-1	NK	13
TCAAAGCGTGAGTCGA-1	T	8
TCAAAGCGTGTGACCC-1	NK	5
TCAAAGCGTTGCAGAG-1	T	12
TCAAAGCGTTGGCTAT-1	T	11
TCAAAGCGTTTCCGGG-1	T	17
TCAAAGCTCAAACCCA-1	T	11
TCAAAGCTCAAGGCAG-1	T	8
TCAAAGCTCAGTTGAC-1	T	14
TCAAAGCTCCACGCTT-1	T	7
TCAAAGCTCCACTAGA-1	T	10
TCAAAGCTCCCGTATC-1	T	9
TCAAAGCTCCCTAAAG-1	NK	13
TCAAAGCTCCGAGGAA-1	T	12
TCAAAGCTCGTGATAC-1	T	10
TCAAGACAGAGCAGCT-1	T	9
TCAAGACAGATGCGAC-1	T	12
TCAAGACAGCAGAAAG-1	NK	13
TCAAGACAGCTCCGGT-1	NK	13
TCAAGACAGCTCGGCT-1	NK	18
TCAAGACAGGCTGGAT-1	T	15
TCAAGACAGGGTAATT-1	T	15
TCAAGACAGTCAGCCC-1	T	8
TCAAGACAGTCTGGGA-1	T	4
TCAAGACAGTGTCGGA-1	NK	13
TCAAGACCAAACGACG-1	T	16
TCAAGACCAAAGCATA-1	NK	18
TCAAGACCAAAGGTCG-1	NK	5
TCAAGACCAAATAGTG-1	T	3
TCAAGACCACAGAAGC-1	T	14
TCAAGACCACTCCTCA-1	T	15
TCAAGACCACTGCTCT-1	B	6
TCAAGACCAGGATAGC-1	T	11
TCAAGACCAGTAAGAT-1	NK	13
TCAAGACCAGTATACC-1	NK	18
TCAAGACCATCAACTG-1	T	12
TCAAGACCATCAGCTA-1	Myeloid	2
TCAAGACCATCCCTTG-1	T	17
TCAAGACCATGTGGGA-1	T	11
TCAAGACGTATCCCTC-1	T	15
TCAAGACGTCAGAAAT-1	T	1
TCAAGACGTGTGTGTT-1	T	17
TCAAGACGTTACGCTA-1	T	4
TCAAGACTCATACTTC-1	NK	18
TCAAGACTCATTCGGA-1	T	7
TCAAGACTCGCGATGC-1	Myeloid	2
TCAAGACTCGGTTGTA-1	T	15
TCAAGACTCTCTGAGA-1	T	14
TCAAGACTCTTGTGCC-1	T	19
TCAAGCAAGAAACGCC-1	T	3
TCAAGCAAGAACGCCA-1	T	19
TCAAGCAAGAATATCG-1	T	11
TCAAGCAAGACTTCCA-1	T	8
TCAAGCAAGAGCCTGA-1	T	9
TCAAGCAAGAGTTCGG-1	T	15
TCAAGCAAGCAACGGT-1	NK	13
TCAAGCAAGCCTTTGA-1	T	1
TCAAGCAAGCGTGTTT-1	T	14
TCAAGCAAGGTACACG-1	T	7
TCAAGCAAGGTGATGC-1	T	7
TCAAGCAAGTACCACT-1	T	7
TCAAGCAAGTCCGATT-1	T	8
TCAAGCAAGTCGTATC-1	T	7
TCAAGCAAGTCTCTAG-1	T	12
TCAAGCACAAGGAACC-1	NK	18
TCAAGCACAAGGAGGG-1	T	15
TCAAGCACACCGTTGG-1	T	10
TCAAGCACACTGAAGG-1	T	12
TCAAGCACAGGGTACA-1	T	7
TCAAGCACAGTATACC-1	T	17
TCAAGCACATCCCTCA-1	T	3
TCAAGCACATTTCACT-1	T	1
TCAAGCAGTAACATAG-1	NK	18
TCAAGCAGTAAGTCTC-1	T	9
TCAAGCAGTCAGCAAG-1	NK	18
TCAAGCAGTTAGAGAT-1	T	3
TCAAGCAGTTAGGAGC-1	T	0
TCAAGCATCAGAGTGG-1	Myeloid	2
TCAAGCATCAGCACGC-1	T	10
TCAAGCATCCGTACGG-1	T	17
TCAAGCATCCTCCAGT-1	T	3
TCAAGCATCGAACACT-1	T	4
TCAAGCATCGCACAAT-1	T	12
TCAAGCATCGCTCGGA-1	T	7
TCAAGCATCGGGACAA-1	T	10
TCAAGCATCGTTACAG-1	T	12
TCAAGCATCTCGCGTT-1	Myeloid	2
TCAAGCATCTGTTTAC-1	T	7
TCAAGGTAGAACAGGA-1	T	0
TCAAGGTAGAGCGGTT-1	T	12
TCAAGGTAGATGCGAC-1	T	15
TCAAGGTAGATGGCAC-1	T	12
TCAAGGTAGCGTAGCA-1	T	14
TCAAGGTAGGTTAACA-1	Myeloid	2
TCAAGGTAGGTTCGTT-1	B	6
TCAAGGTAGTAACACA-1	T	17
TCAAGGTAGTCCTTCC-1	T	8
TCAAGGTCAAAGGTCG-1	T	3
TCAAGGTCAACTCGTA-1	T	14
TCAAGGTCAAGCGGTA-1	T	1
TCAAGGTCAAGTAACA-1	T	17
TCAAGGTCAAGTCCTA-1	T	15
TCAAGGTCAATGGCTT-1	T	9
TCAAGGTCACCGAATT-1	T	11
TCAAGGTCACGCTAAT-1	T	19
TCAAGGTCAGAAAGAG-1	NK	5
TCAAGGTCAGCGTAGA-1	T	0
TCAAGGTCAGGAGCAT-1	T	14
TCAAGGTCAGGTAGGT-1	T	14
TCAAGGTCATTGTTCT-1	NK	13
TCAAGGTCATTTCACT-1	T	1
TCAAGGTGTACCCATA-1	NK	13
TCAAGGTGTAGACACG-1	T	11
TCAAGGTGTAGGGTCA-1	NK	13
TCAAGGTGTCAGGCTC-1	B	6
TCAAGGTGTCATTGCA-1	T	4
TCAAGGTGTCCTCAGG-1	Myeloid	2
TCAAGGTGTCTGGTTA-1	T	16
TCAAGGTGTCTGTTGA-1	T	4
TCAAGGTGTGATAAGT-1	NK	18
TCAAGGTGTTCAGAAA-1	T	11
TCAAGGTGTTGCCTGG-1	T	16
TCAAGGTTCATTCTTG-1	T	4
TCAAGGTTCCAGGTCG-1	T	15
TCAAGGTTCCATATCT-1	T	1
TCAAGGTTCCCAATAG-1	T	16
TCAAGGTTCCGGGCAT-1	T	1
TCAAGGTTCGATGTGT-1	T	9
TCAAGGTTCGCATAAC-1	T	11
TCAAGGTTCTTTATCG-1	NK	18
TCAATTCAGACCATAA-1	B	6
TCAATTCAGACTTGAA-1	T	14
TCAATTCAGATGGCAC-1	T	14
TCAATTCAGCTGATTC-1	T	7
TCAATTCAGGCGTAGT-1	T	14
TCAATTCAGGTCTTTG-1	T	15
TCAATTCCAAGTTGCT-1	T	11
TCAATTCCAATCCATG-1	T	11
TCAATTCCACAAACGG-1	T	7
TCAATTCCACAAGTGG-1	B	6
TCAATTCCACATAAAG-1	NK	5
TCAATTCCACGCTGTG-1	NK	13
TCAATTCCACTGTTAG-1	T	1
TCAATTCCAGCCACGT-1	T	4
TCAATTCCATAGCAGG-1	NK	5
TCAATTCCATCAGCTA-1	T	7
TCAATTCCATGTGAGG-1	T	16
TCAATTCCATTAGCCA-1	NK	13
TCAATTCCATTTCTTG-1	T	11
TCAATTCGTAAGCCTT-1	T	7
TCAATTCGTAGTCCAT-1	T	8
TCAATTCGTATTGTCG-1	T	16
TCAATTCGTCTCGGGT-1	T	10
TCAATTCGTGATAGAT-1	NK	18
TCAATTCGTGCATCAT-1	T	4
TCAATTCGTGGAAAGA-1	T	11
TCAATTCGTTACACTG-1	T	16
TCAATTCGTTGAATAG-1	B	6
TCAATTCTCAATTGGC-1	T	14
TCAATTCTCACAACAC-1	T	8
TCAATTCTCAGCACTA-1	T	16
TCAATTCTCCATACGA-1	T	8
TCAATTCTCCCACTAC-1	T	7
TCAATTCTCCTTTGAT-1	T	12
TCAATTCTCGAGTTAC-1	NK	18
TCAATTCTCGTCGCAG-1	T	19
TCAATTCTCTAGCAAC-1	T	11
TCAATTCTCTATCTTG-1	T	4
TCAATTCTCTGAGTAC-1	T	17
TCAATTCTCTTCTCTC-1	T	3
TCACAAGAGCAACGGT-1	T	7
TCACAAGAGCATGATA-1	T	11
TCACAAGAGGAAACTT-1	T	15
TCACAAGAGGAGTACC-1	B	6
TCACAAGAGGTTCGTT-1	T	16
TCACAAGCAAATTGAG-1	T	19
TCACAAGCAACGTCCG-1	Myeloid	2
TCACAAGCAAGCACTT-1	T	1
TCACAAGCACCTATTT-1	T	16
TCACAAGCACGCGTTG-1	T	8
TCACAAGCACTGGGCT-1	T	14
TCACAAGCAGATTTGC-1	B	6
TCACAAGCAGTAACTC-1	NK	18
TCACAAGCATTCCCGT-1	T	4
TCACAAGGTCCGTGCA-1	T	0
TCACAAGGTGTCCCAG-1	T	19
TCACAAGGTTCACGTA-1	T	12
TCACAAGGTTCATTTC-1	T	14
TCACAAGGTTCTGAGT-1	T	9
TCACAAGGTTGTCGGC-1	NK	13
TCACAAGTCAAGTTGC-1	T	8
TCACAAGTCACTCGGG-1	T	7
TCACAAGTCCCAGCAG-1	T	19
TCACAAGTCCCTAAAG-1	T	0
TCACAAGTCCGCGATG-1	T	19
TCACAAGTCGCTAGTA-1	T	3
TCACAAGTCGGATAGG-1	T	8
TCACAAGTCGTCTTAT-1	NK	13
TCACAAGTCTAGTCGA-1	T	9
TCACAAGTCTCCTTAA-1	T	0
TCACAGAAGACTAGCG-1	B	6
TCACAGAAGAGAAGCA-1	T	1
TCACAGAAGAGTGGAA-1	T	4
TCACAGAAGATCGAGC-1	NK	13
TCACAGAAGCGTTGCC-1	T	12
TCACAGAAGGATTAAC-1	T	11
TCACAGAAGTAACATG-1	T	0
TCACAGAAGTAGGAAG-1	T	3
TCACAGAAGTCCTTCC-1	T	15
TCACAGAAGTGCTGAG-1	T	15
TCACAGACAACTCGTA-1	T	7
TCACAGACACACACCG-1	T	14
TCACAGACACCACCAG-1	NK	18
TCACAGACATATAGAG-1	T	1
TCACAGACATGATCGT-1	T	8
TCACAGACATGATTGC-1	T	3
TCACAGAGTAAACGGC-1	T	4
TCACAGAGTAACATAG-1	T	16
TCACAGAGTACAAGCG-1	T	8
TCACAGAGTACGAGAC-1	T	16
TCACAGAGTAGCCATT-1	NK	13
TCACAGAGTCAATACC-1	T	16
TCACAGAGTCGACTGC-1	T	14
TCACAGAGTCGTAATC-1	NK	18
TCACAGAGTCGTAGTT-1	NK	13
TCACAGAGTCTGTCCT-1	NK	18
TCACAGAGTGCATCAT-1	NK	18
TCACAGAGTGCCCTAG-1	T	0
TCACAGAGTTGGACGA-1	T	9
TCACAGATCATGCTTT-1	T	11
TCACAGATCCACACCT-1	T	3
TCACAGATCGCCAGAC-1	NK	18
TCACAGATCTAGCAGT-1	B	6
TCACAGATCTCTTCCT-1	T	16
TCACAGATCTGATCCC-1	T	4
TCACAGATCTTAACGG-1	NK	18
TCACCACAGCATGATA-1	Myeloid	2
TCACCACAGTAATCAG-1	NK	18
TCACCACAGTAGGAAG-1	T	1
TCACCACAGTCCTTCC-1	NK	5
TCACCACAGTCTTAGC-1	T	16
TCACCACAGTTCTCCC-1	T	0
TCACCACCAACTCGTA-1	Myeloid	2
TCACCACCAATCCATG-1	T	17
TCACCACCAATGGTAA-1	T	19
TCACCACCACAGAAGC-1	T	7
TCACCACCACTTTGGA-1	NK	18
TCACCACCAGAGATGC-1	T	0
TCACCACCAGTTACAC-1	T	12
TCACCACCATTGCGAT-1	NK	18
TCACCACGTACGGAGT-1	T	19
TCACCACGTACGTATC-1	T	3
TCACCACGTAGAATAC-1	T	9
TCACCACGTCAGAGTG-1	NK	13
TCACCACGTCATCAAC-1	NK	13
TCACCACGTGCTGTGC-1	T	9
TCACCACGTGGGTAGT-1	T	8
TCACCACGTGTCGTCG-1	T	15
TCACCACGTTACCACA-1	T	0
TCACCACTCATGAACC-1	NK	13
TCACCACTCGGATAAA-1	T	4
TCACCACTCGGTCAGC-1	T	1
TCACCACTCTGAAAGA-1	T	11
TCACCACTCTGGGCGT-1	T	12
TCACCTGAGAGACTCG-1	T	8
TCACCTGAGATGTTCC-1	NK	5
TCACCTGAGCCTATAC-1	T	8
TCACCTGAGCCTTTGA-1	Myeloid	2
TCACCTGAGGGAAATG-1	T	14
TCACCTGAGTCACACT-1	T	1
TCACCTGAGTGATTAG-1	T	3
TCACCTGAGTTGGAAT-1	T	3
TCACCTGAGTTTGGAA-1	T	10
TCACCTGCAACGCACC-1	T	15
TCACCTGCAAGGCGTA-1	T	9
TCACCTGCAAGTTCGT-1	T	1
TCACCTGCACTGTAAC-1	T	4
TCACCTGCAGAGATGC-1	T	14
TCACCTGCAGTTACAC-1	T	9
TCACCTGCAGTTCGGC-1	T	15
TCACCTGGTACCTATG-1	T	11
TCACCTGGTCGCGCTA-1	T	16
TCACCTGGTGCACCCA-1	T	1
TCACCTGGTGGCGCTT-1	T	1
TCACCTGGTTAAGGGC-1	NK	13
TCACCTGGTTGAAGCG-1	T	4
TCACCTGTCACTGATG-1	T	12
TCACCTGTCAGGCCGT-1	T	8
TCACCTGTCAGGCGCT-1	T	1
TCACCTGTCCAATAGC-1	T	0
TCACCTGTCCCACGGA-1	T	12
TCACCTGTCCCATAGA-1	NK	18
TCACCTGTCCGATGCG-1	T	3
TCACCTGTCCTATCAT-1	T	3
TCACCTGTCCTTACGC-1	NK	13
TCACCTGTCGAGGTAG-1	T	14
TCACCTGTCGATGTAC-1	T	11
TCACCTGTCGGGAATG-1	T	19
TCACCTGTCGTATAGC-1	T	0
TCACCTGTCTGCTACC-1	B	6
TCACCTGTCTTCGTTA-1	B	6
TCACTCGAGACACGGT-1	T	15
TCACTCGAGCTCCATA-1	T	0
TCACTCGAGCTGAATA-1	T	12
TCACTCGAGTAGAAGG-1	T	0
TCACTCGAGTGAATAC-1	NK	18
TCACTCGAGTTCAGGG-1	NK	13
TCACTCGCACAGGTAG-1	T	4
TCACTCGCACCCTTAC-1	T	3
TCACTCGCACCGATCG-1	T	12
TCACTCGCACCTATTT-1	T	10
TCACTCGCACGCTGTG-1	NK	13
TCACTCGCAGGTGTCC-1	T	10
TCACTCGCAGGTGTGA-1	NK	5
TCACTCGCAGTTACAC-1	Myeloid	2
TCACTCGGTAAACCCT-1	NK	18
TCACTCGGTCAAACAA-1	T	9
TCACTCGGTCAGGTGA-1	T	14
TCACTCGGTCCGTCGA-1	T	1
TCACTCGGTGCAACAG-1	T	14
TCACTCGGTGTCTACA-1	T	12
TCACTCGGTGTTGTTG-1	T	10
TCACTCGGTTCGGGAA-1	Myeloid	2
TCACTCGTCAAGTTGC-1	T	15
TCACTCGTCACTACCC-1	Myeloid	2
TCACTCGTCCATCGAA-1	T	14
TCACTCGTCCGCGATG-1	T	12
TCACTCGTCCGGAAAG-1	T	7
TCACTCGTCCTGTGGG-1	Myeloid	2
TCACTCGTCGCAAGCC-1	NK	13
TCACTCGTCGTGGAAG-1	T	0
TCACTCGTCTCGCGGA-1	T	14
TCACTCGTCTTTCGAT-1	NK	18
TCAGCTCAGAACGTCG-1	Myeloid	2
TCAGCTCAGAAGCCGT-1	T	1
TCAGCTCAGAATATCG-1	T	14
TCAGCTCAGACACAAT-1	T	19
TCAGCTCAGACACGGT-1	T	15
TCAGCTCAGCGCGTTC-1	T	12
TCAGCTCAGGTACTCT-1	T	12
TCAGCTCAGTGAATAC-1	NK	13
TCAGCTCAGTGATAAC-1	T	7
TCAGCTCAGTGATATG-1	T	7
TCAGCTCAGTTAGCAA-1	T	4
TCAGCTCAGTTCAAGA-1	NK	13
TCAGCTCCAACGCACC-1	NK	18
TCAGCTCCAACTCCCT-1	NK	13
TCAGCTCCAAGACACG-1	T	7
TCAGCTCCAAGATGCG-1	B	6
TCAGCTCCAAGGAACC-1	T	0
TCAGCTCCACAATAAG-1	T	7
TCAGCTCCACCACGAC-1	T	11
TCAGCTCCACCGTCTT-1	T	15
TCAGCTCCACGGTTAT-1	T	12
TCAGCTCCAGAGAGAA-1	T	12
TCAGCTCCAGGATAGC-1	T	9
TCAGCTCCAGTTACAC-1	Myeloid	2
TCAGCTCCATCCTGGG-1	NK	13
TCAGCTCCATCGGCTG-1	T	11
TCAGCTCGTAACTGAA-1	NK	13
TCAGCTCGTACTATGC-1	T	19
TCAGCTCGTAGTCCAT-1	NK	13
TCAGCTCGTATCAGCT-1	T	14
TCAGCTCGTATGAAGT-1	NK	13
TCAGCTCGTCCGCTTT-1	NK	13
TCAGCTCGTCCTTCAC-1	T	10
TCAGCTCGTGATAACA-1	B	6
TCAGCTCGTGCCGGTT-1	T	8
TCAGCTCGTGGACCAA-1	T	14
TCAGCTCGTGGTAAGC-1	T	19
TCAGCTCGTTAAGGGC-1	T	7
TCAGCTCGTTCCCTTG-1	T	16
TCAGCTCGTTCCGGCA-1	T	1
TCAGCTCTCACGTGTA-1	Myeloid	2
TCAGCTCTCCACGGCA-1	T	19
TCAGCTCTCGCACCTT-1	T	16
TCAGCTCTCGGACGAA-1	T	0
TCAGCTCTCTCTGAGA-1	T	0
TCAGCTCTCTGGCGCA-1	T	15
TCAGCTCTCTGTTTAC-1	T	16
TCAGGGCAGAACCATA-1	T	14
TCAGGGCAGAACTCCT-1	T	7
TCAGGGCAGACACTTC-1	T	7
TCAGGGCAGAGGAATG-1	T	8
TCAGGGCAGAGTAAGG-1	T	4
TCAGGGCAGCATACCT-1	T	8
TCAGGGCAGTCGTACT-1	T	1
TCAGGGCAGTGATATG-1	NK	18
TCAGGGCAGTTAGAGT-1	NK	13
TCAGGGCCAAATGCTC-1	T	9
TCAGGGCCAATGGCAG-1	NK	18
TCAGGGCCACACTAGT-1	T	16
TCAGGGCCATATAGAG-1	NK	18
TCAGGGCCATCCCTCA-1	T	7
TCAGGGCCATCCGTGG-1	T	10
TCAGGGCGTAAGCCTT-1	Myeloid	2
TCAGGGCGTACCGGCT-1	T	4
TCAGGGCGTATGCTAC-1	T	17
TCAGGGCGTATTGTCG-1	T	11
TCAGGGCGTCATCAAC-1	T	3
TCAGGGCGTCTCTGGG-1	T	12
TCAGGGCGTGCACATT-1	T	12
TCAGGGCGTTAACCAC-1	NK	5
TCAGGGCGTTATCGAC-1	T	16
TCAGGGCGTTGTCGGC-1	T	4
TCAGGGCTCCAGCACG-1	T	4
TCAGGGCTCCATCATT-1	T	1
TCAGGGCTCCTTTGCG-1	T	0
TCAGGGCTCGCAAGCC-1	T	0
TCAGGGCTCGCCACTT-1	T	7
TCAGGGCTCGCCCTTA-1	T	0
TCAGGGCTCGTGAGTT-1	T	16
TCAGGTAAGACCGCAA-1	Myeloid	2
TCAGGTAAGGCAAGCT-1	T	12
TCAGGTAAGGCGATTG-1	T	12
TCAGGTAAGGGAGATA-1	T	3
TCAGGTAAGGGTCTGA-1	T	11
TCAGGTAAGTACAACA-1	T	14
TCAGGTACAACGTCCG-1	T	8
TCAGGTACACCAAGGA-1	T	4
TCAGGTACAGATACAA-1	T	4
TCAGGTACAGTCCTGG-1	T	7
TCAGGTACATGTATCG-1	T	9
TCAGGTACATTACACG-1	T	1
TCAGGTAGTAAGCCGA-1	Myeloid	2
TCAGGTAGTACCCATA-1	T	12
TCAGGTAGTACTAGAA-1	T	9
TCAGGTAGTATTCTTC-1	Myeloid	2
TCAGGTAGTGAGGTCA-1	T	12
TCAGGTAGTTACGAAA-1	T	0
TCAGGTAGTTACTACG-1	T	3
TCAGGTAGTTCTCGAA-1	T	15
TCAGGTAGTTTCGTTT-1	T	17
TCAGGTATCAGGAATA-1	T	1
TCAGGTATCCAAGAGG-1	T	3
TCAGGTATCCCAATGA-1	NK	18
TCAGGTATCGACCCGA-1	T	17
TCAGGTATCGCTTGAA-1	NK	18
TCAGGTATCGGACGAA-1	T	9
TCAGGTATCGGTGATT-1	T	9
TCAGGTATCTCGTAGA-1	T	4
TCAGGTATCTGTTTAC-1	T	17
TCAGTCCAGACTCGGA-1	T	3
TCAGTCCAGAGAGTTT-1	NK	13
TCAGTCCAGCAACGGT-1	T	0
TCAGTCCAGCTCGGCT-1	T	7
TCAGTCCAGTCTTAGC-1	T	1
TCAGTCCCAAACCTAC-1	NK	13
TCAGTCCCAAGCAACG-1	T	8
TCAGTCCCAAGCACTT-1	T	15
TCAGTCCCAAGGAAGA-1	NK	13
TCAGTCCCACCGAAAG-1	T	16
TCAGTCCCACTGATTG-1	Myeloid	2
TCAGTCCCAGCGTAGA-1	T	4
TCAGTCCCATCCATAG-1	T	4
TCAGTCCCATTAGCCA-1	T	0
TCAGTCCCATTTGGTG-1	T	9
TCAGTCCGTAAACGGC-1	Myeloid	2
TCAGTCCGTCTGGATT-1	NK	18
TCAGTCCGTCTGTCCT-1	T	7
TCAGTCCGTGAGCTAG-1	NK	13
TCAGTCCGTGAGGGTT-1	T	3
TCAGTCCGTGAGTAAT-1	Myeloid	2
TCAGTCCGTGCAGACA-1	T	12
TCAGTCCGTGCTGGCT-1	T	17
TCAGTCCGTGTCCCAG-1	T	16
TCAGTCCGTGTTGTTG-1	T	3
TCAGTCCGTTTCGATG-1	NK	18
TCAGTCCTCAAGGCCC-1	T	1
TCAGTCCTCAGGTTTG-1	T	15
TCAGTCCTCCAACAAC-1	B	6
TCAGTCCTCCTGGGAC-1	T	7
TCAGTCCTCCTTTGAT-1	NK	18
TCAGTCCTCGAGGCTC-1	T	11
TCAGTCCTCGATGCAT-1	T	14
TCAGTCCTCGGGAAAC-1	T	16
TCAGTCCTCGGTCAGC-1	NK	5
TCAGTCCTCTCCTTAA-1	Myeloid	2
TCAGTTTAGAAGGGCG-1	T	17
TCAGTTTAGAGCTCCC-1	T	9
TCAGTTTAGATTCCGT-1	Myeloid	2
TCAGTTTAGTGAGCTG-1	Myeloid	2
TCAGTTTCAAGCAATA-1	NK	18
TCAGTTTCAATCATCG-1	T	0
TCAGTTTCACAGGTAG-1	T	16
TCAGTTTCACTAGGAG-1	T	17
TCAGTTTCAGAGATGC-1	T	1
TCAGTTTCAGGCACAA-1	NK	18
TCAGTTTCATACCCGG-1	T	9
TCAGTTTCATGGATGG-1	T	9
TCAGTTTCATTATGGC-1	NK	13
TCAGTTTCATTGCGAT-1	T	8
TCAGTTTGTAGAGAGA-1	T	16
TCAGTTTGTATTTGCG-1	T	3
TCAGTTTGTCACATTG-1	T	1
TCAGTTTGTCGTAATC-1	T	9
TCAGTTTGTGCAAGCA-1	T	12
TCAGTTTGTGCAGACA-1	T	0
TCAGTTTGTGGTAAGC-1	T	9
TCAGTTTGTTGAATAG-1	T	14
TCAGTTTGTTGGGAAC-1	T	3
TCAGTTTTCAAATGGA-1	NK	18
TCAGTTTTCAATTCCT-1	T	12
TCAGTTTTCACAAGCT-1	NK	5
TCAGTTTTCCATACCC-1	T	9
TCAGTTTTCGCGTTCT-1	T	15
TCAGTTTTCGGTAGGA-1	T	12
TCCAGAAAGCAGTAGC-1	NK	13
TCCAGAAAGCGCACAA-1	B	6
TCCAGAAAGGCCTAAG-1	T	0
TCCAGAAAGTACGCGA-1	T	14
TCCAGAAAGTCAACTC-1	T	9
TCCAGAAAGTCATACC-1	NK	5
TCCAGAAAGTGAATAC-1	T	11
TCCAGAAAGTTCCAGT-1	T	10
TCCAGAAAGTTGCCGC-1	B	6
TCCAGAACAACTACTG-1	T	1
TCCAGAACAAGCAATA-1	T	1
TCCAGAACAATGGCAG-1	T	10
TCCAGAACACATATCG-1	NK	18
TCCAGAACAGATTTGC-1	T	3
TCCAGAACAGTTGGAG-1	NK	13
TCCAGAACATGTGGGA-1	B	6
TCCAGAACATTCACGA-1	B	6
TCCAGAAGTAGATGAT-1	Myeloid	2
TCCAGAAGTATCGCGC-1	NK	18
TCCAGAAGTGAAACAT-1	Myeloid	2
TCCAGAAGTGGTACTT-1	NK	5
TCCAGAAGTGTGTGTT-1	Myeloid	2
TCCAGAAGTTCCAGTA-1	T	7
TCCAGAAGTTTCAGCA-1	Myeloid	2
TCCAGAATCATGTTCT-1	T	15
TCCAGAATCCAGTACA-1	NK	5
TCCAGAATCCCGCAAG-1	T	0
TCCAGAATCCGAATTG-1	T	3
TCCAGAATCCTCAAGA-1	T	16
TCCAGAATCCTGACCT-1	T	9
TCCAGAATCGAACCGC-1	T	4
TCCAGAATCGAGAAGC-1	NK	18
TCCAGAATCGTGGAAG-1	T	16
TCCAGAATCTCTTCCT-1	B	6
TCCAGAATCTCTTCTC-1	T	1
TCCATCGAGAGAACCC-1	T	1
TCCATCGAGAGTGGAA-1	NK	18
TCCATCGAGCAACGGT-1	T	1
TCCATCGAGCCATTCA-1	T	9
TCCATCGAGGAAGGTA-1	T	14
TCCATCGCAAATGTCC-1	T	9
TCCATCGCAACGTCCG-1	T	14
TCCATCGCACAGAAGC-1	T	1
TCCATCGCATCGGCTG-1	T	14
TCCATCGCATGGGTGA-1	T	7
TCCATCGCATTAACGC-1	T	9
TCCATCGGTACGGTTT-1	T	3
TCCATCGGTAGATTAG-1	T	15
TCCATCGGTAGCATGG-1	B	6
TCCATCGGTATGTTCG-1	T	17
TCCATCGGTCATTGGT-1	T	11
TCCATCGGTCCACCAG-1	T	17
TCCATCGGTCTGCGCA-1	T	3
TCCATCGGTCTGTCCT-1	T	16
TCCATCGGTGATAAGT-1	T	0
TCCATCGGTTACGGAG-1	T	7
TCCATCGTCCACGCTT-1	T	17
TCCATCGTCGAGAACG-1	Myeloid	2
TCCATCGTCGATATGC-1	T	0
TCCATCGTCTGGAAGG-1	T	14
TCCATCGTCTGTTGCC-1	T	16
TCCATCGTCTTAATCC-1	NK	18
TCCATCGTCTTCAGAG-1	T	12
TCCCACAAGATCTCAC-1	T	19
TCCCACAAGATGTTCC-1	NK	18
TCCCACAAGCAACGGT-1	NK	13
TCCCACAAGCACGTAG-1	T	12
TCCCACAAGCGTAGCA-1	NK	13
TCCCACAAGCGTCAAG-1	T	19
TCCCACAAGGATTGCG-1	T	10
TCCCACAAGGTTGTTC-1	T	7
TCCCACAAGTCAACTC-1	T	7
TCCCACAAGTTCGCGC-1	T	1
TCCCACACAATGCCAT-1	T	15
TCCCACACACAGCCAC-1	T	8
TCCCACACATGCACTA-1	T	9
TCCCACACATGCTATG-1	T	0
TCCCACACATGGGACA-1	T	9
TCCCACACATTGAACC-1	T	10
TCCCACAGTACCCACG-1	T	3
TCCCACAGTACGCAAG-1	Myeloid	2
TCCCACAGTAGCGAGT-1	Myeloid	2
TCCCACAGTATCCTTT-1	T	12
TCCCACAGTCCGCTTT-1	T	16
TCCCACAGTCTCAAAC-1	T	1
TCCCACAGTCTCTGCT-1	T	8
TCCCACAGTCTGCACG-1	T	0
TCCCACAGTGATGTGG-1	NK	13
TCCCACAGTGCCCAGT-1	NK	13
TCCCACAGTGCGCTCA-1	T	12
TCCCACAGTGTGAGGT-1	NK	13
TCCCACAGTTAGGAAT-1	T	19
TCCCACATCCAGGTAT-1	T	11
TCCCACATCCATCTAT-1	T	8
TCCCACATCCTCAAGA-1	T	16
TCCCACATCCTTTGAT-1	T	8
TCCCACATCGGATCGC-1	T	7
TCCCACATCTTAAGCG-1	T	7
TCCGACTAGACTAGGC-1	T	16
TCCGACTAGAGAATTC-1	T	3
TCCGACTAGAGGAACA-1	T	4
TCCGACTAGTGATATG-1	T	14
TCCGACTCACACTAGT-1	T	15
TCCGACTCACTCCACT-1	T	14
TCCGACTCAGGGCTTC-1	NK	13
TCCGACTCATATACGC-1	T	8
TCCGACTCATCATAGC-1	T	0
TCCGACTCATCGTACA-1	T	0
TCCGACTCATCTCTCG-1	T	0
TCCGACTGTAAGTGCG-1	NK	18
TCCGACTGTAGCGGTA-1	T	10
TCCGACTGTAGTATCC-1	T	4
TCCGACTGTATGTCCA-1	T	19
TCCGACTGTCATAGAA-1	T	14
TCCGACTGTGATGTGG-1	Myeloid	2
TCCGACTGTTAGGAGC-1	NK	18
TCCGACTGTTCTTTCA-1	T	9
TCCGACTTCCCTAAAG-1	T	4
TCCGACTTCCGAGGAA-1	T	14
TCCGACTTCGCGCCAA-1	Myeloid	2
TCCGACTTCGCTATAG-1	NK	13
TCGAGCGAGATCGCCC-1	T	4
TCGAGCGAGCCATTCA-1	T	1
TCGAGCGAGCTGATTC-1	T	7
TCGAGCGAGGAAGGTA-1	NK	13
TCGAGCGAGTAGGAAG-1	T	16
TCGAGCGAGTAGGTCG-1	T	10
TCGAGCGAGTTCAAGA-1	Myeloid	2
TCGAGCGCAATGCATC-1	T	14
TCGAGCGCACCACGAC-1	NK	18
TCGAGCGCACCGAAAG-1	Myeloid	2
TCGAGCGCACGCGCAT-1	T	4
TCGAGCGCACTAGGAG-1	NK	18
TCGAGCGCAGGTAACG-1	NK	13
TCGAGCGCAGGTAGCA-1	NK	18
TCGAGCGCATAGAATG-1	T	12
TCGAGCGCATGATCGT-1	B	6
TCGAGCGCATGGCCGT-1	T	0
TCGAGCGCATTCCCGT-1	T	17
TCGAGCGCATTTCACT-1	NK	13
TCGAGCGGTCAGGCTC-1	Myeloid	2
TCGAGCGGTCCAGACC-1	T	16
TCGAGCGGTCCCTAAA-1	T	17
TCGAGCGGTCCTTCAC-1	T	17
TCGAGCGGTCGCGCTA-1	T	19
TCGAGCGGTGGAGTGT-1	T	16
TCGAGCGGTGGATTTC-1	T	8
TCGAGCGGTTACCACA-1	B	6
TCGAGCGGTTAGGCTT-1	T	12
TCGAGCGGTTTCGACA-1	T	17
TCGAGCGGTTTGTACG-1	T	7
TCGAGCGTCACAGGGA-1	T	14
TCGAGCGTCCAGGGAA-1	T	19
TCGAGCGTCCAGGTCG-1	T	7
TCGAGCGTCCATACCC-1	NK	5
TCGAGCGTCCCGTAGG-1	NK	13
TCGAGCGTCCGAATTG-1	T	9
TCGAGCGTCGACTGGC-1	NK	18
TCGAGCGTCGCTTACC-1	NK	18
TCGAGCGTCTCCTTGG-1	T	3
TCGAGCGTCTTCCACG-1	Myeloid	2
TCGATTTAGAGAGGTA-1	T	16
TCGATTTAGAGATTAC-1	T	12
TCGATTTAGAGGAATG-1	T	3
TCGATTTAGCAACGGT-1	T	3
TCGATTTAGCAGGACT-1	T	9
TCGATTTAGCTGATTC-1	T	10
TCGATTTAGGAGTCTG-1	T	3
TCGATTTAGGGAGTTC-1	NK	18
TCGATTTAGGTCTTTG-1	T	17
TCGATTTAGTTACACC-1	T	0
TCGATTTAGTTTACGC-1	T	14
TCGATTTCAAGCCAGA-1	T	11
TCGATTTCAATGCCAT-1	T	16
TCGATTTCACAACGGA-1	Myeloid	2
TCGATTTCAGCAACAG-1	T	9
TCGATTTCATCGAGTT-1	T	15
TCGATTTGTAAAGGCC-1	T	0
TCGATTTGTACTAGAA-1	T	14
TCGATTTGTAGACACG-1	T	12
TCGATTTGTATCTCAG-1	T	1
TCGATTTGTCAGAAAT-1	B	6
TCGATTTGTGCTTCCT-1	T	4
TCGATTTGTGGCATAG-1	T	3
TCGATTTGTGTTGTTG-1	Myeloid	2
TCGATTTGTTTCTCTA-1	NK	18
TCGATTTGTTTGGATC-1	T	8
TCGATTTTCACAGGGA-1	T	15
TCGATTTTCACATTCT-1	T	16
TCGATTTTCACGTCAA-1	T	7
TCGATTTTCACTAGGT-1	T	17
TCGATTTTCAGCCGGT-1	NK	18
TCGATTTTCCATAGGT-1	NK	13
TCGATTTTCCATCTAT-1	T	10
TCGATTTTCCGAGGAA-1	Myeloid	2
TCGATTTTCGACTGGC-1	T	9
TCGATTTTCGGTTCCT-1	T	16
TCGATTTTCGTCAACA-1	Myeloid	2
TCGATTTTCTATGAGC-1	T	12
TCGATTTTCTCTTAAC-1	T	9
TCGCAGGAGATCGATA-1	NK	18
TCGCAGGAGATTGACA-1	T	8
TCGCAGGAGCACACCC-1	T	17
TCGCAGGAGCCTCGCA-1	T	12
TCGCAGGAGCGGACAT-1	T	14
TCGCAGGAGCTGATTC-1	T	4
TCGCAGGAGGGTTCTT-1	T	8
TCGCAGGAGTACAGAT-1	T	15
TCGCAGGAGTCAACTC-1	T	3
TCGCAGGAGTCAGGAC-1	T	16
TCGCAGGAGTGCTCGC-1	T	9
TCGCAGGAGTTGACAA-1	T	19
TCGCAGGCAACAAACA-1	T	11
TCGCAGGCAACTCGTA-1	T	14
TCGCAGGCAATGATGA-1	T	16
TCGCAGGCACAAGTGG-1	NK	13
TCGCAGGCACACACCG-1	NK	13
TCGCAGGCACCTGGTG-1	T	16
TCGCAGGCACGCCGAT-1	T	14
TCGCAGGCAGAACTTC-1	T	10
TCGCAGGCAGACTAAA-1	T	9
TCGCAGGCAGATGGCA-1	T	4
TCGCAGGCAGGGTACA-1	B	6
TCGCAGGCAGTAAGCG-1	T	7
TCGCAGGCATGTATCG-1	T	12
TCGCAGGCATTGCGAT-1	T	16
TCGCAGGGTAGAATAC-1	T	7
TCGCAGGGTAGTCTGT-1	T	16
TCGCAGGGTATGGATA-1	T	1
TCGCAGGGTCAAGACG-1	T	7
TCGCAGGGTGGACTGA-1	T	7
TCGCAGGGTGGTCGAA-1	T	0
TCGCAGGTCATTCTCA-1	T	7
TCGCAGGTCCAGAATC-1	T	17
TCGCAGGTCGATAGCT-1	T	9
TCGCAGGTCGCGTTCT-1	NK	13
TCGCAGGTCGTCAACA-1	Myeloid	2
TCGCAGGTCGTGCTTC-1	T	10
TCGCAGGTCTAGTCGA-1	T	17
TCGCAGGTCTCTTCTC-1	T	3
TCGCAGGTCTGTTGCC-1	T	15
TCGCCTAAGAACGACC-1	B	6
TCGCCTAAGATTCCGT-1	T	8
TCGCCTAAGCAGGACT-1	NK	18
TCGCCTAAGCGTTGCC-1	T	15
TCGCCTAAGGTACATA-1	NK	5
TCGCCTAAGGTAGGCT-1	Myeloid	2
TCGCCTAAGGTCTTTG-1	T	11
TCGCCTAAGTGAAGGA-1	NK	13
TCGCCTAAGTTCCCGG-1	B	6
TCGCCTAAGTTGCTTG-1	T	12
TCGCCTACAAAGGTCG-1	NK	18
TCGCCTACAACTCGTA-1	T	7
TCGCCTACAAGACTTC-1	T	15
TCGCCTACAAGCCTTA-1	T	1
TCGCCTACACTCCACT-1	T	16
TCGCCTACACTTGCGG-1	T	0
TCGCCTACAGAGCCAA-1	T	3
TCGCCTACAGGTGTGA-1	T	4
TCGCCTACATACAACC-1	T	15
TCGCCTACATGTATCG-1	NK	5
TCGCCTACATGTGGGA-1	T	8
TCGCCTACATTAACGC-1	T	12
TCGCCTACATTCTCGC-1	Myeloid	2
TCGCCTAGTATACGCT-1	T	14
TCGCCTAGTCGAGGAT-1	T	17
TCGCCTAGTCGCTAGC-1	T	7
TCGCCTAGTCTCGGGT-1	T	16
TCGCCTAGTGCAAGAC-1	Myeloid	2
TCGCCTAGTGCATCAT-1	T	17
TCGCCTAGTTGCAGCC-1	Myeloid	2
TCGCCTAGTTGGCTAT-1	NK	18
TCGCCTAGTTTCGTTT-1	T	17
TCGCCTATCAGCACTA-1	T	12
TCGCCTATCAGGCCGT-1	T	7
TCGCCTATCCAGCACG-1	Myeloid	2
TCGCCTATCCTTCGAC-1	T	15
TCGCCTATCGGGTCCA-1	T	16
TCGCCTATCGTGATAC-1	T	17
TCGCCTATCGTTTGAG-1	T	7
TCGCCTATCTCTGCAC-1	T	0
TCGCCTATCTGGCTAA-1	B	6
TCGCCTATCTGTGTGA-1	T	12
TCGGGACAGATATGAC-1	T	12
TCGGGACAGATGCGCA-1	T	8
TCGGGACAGATTCCGT-1	T	19
TCGGGACAGGTAGGAA-1	NK	13
TCGGGACAGGTGTCGA-1	T	0
TCGGGACAGTATAGTG-1	T	7
TCGGGACAGTGATCTC-1	T	14
TCGGGACCAAAGGAAG-1	T	12
TCGGGACCAAGCAATA-1	T	15
TCGGGACCACAACGGA-1	T	9
TCGGGACCACATTGCA-1	T	14
TCGGGACCACCACGAC-1	NK	18
TCGGGACCAGGTAGGT-1	NK	13
TCGGGACCATAAAGTG-1	T	12
TCGGGACCATATAGAG-1	T	14
TCGGGACCATCCGTAA-1	NK	5
TCGGGACGTAACGGCA-1	T	11
TCGGGACGTACGCCCA-1	T	11
TCGGGACGTCAGGTGA-1	T	10
TCGGGACGTCCGTCGA-1	T	14
TCGGGACGTCTCTGGG-1	NK	13
TCGGGACGTGAATGGC-1	T	11
TCGGGACGTGACGCAA-1	T	10
TCGGGACGTGTCGTCG-1	T	9
TCGGGACGTTAGGAGC-1	NK	18
TCGGGACGTTATAGAG-1	T	12
TCGGGACTCCACGCTT-1	B	6
TCGGGACTCTGGCCAG-1	T	7
TCGGGACTCTTAATCC-1	T	14
TCGGGACTCTTCCACG-1	T	8
TCGGGACTCTTGTCAT-1	T	16
TCGTTCGAGAGGAATG-1	T	4
TCGTTCGAGAGTTTGA-1	T	16
TCGTTCGAGATGCGCA-1	T	7
TCGTTCGAGGAAGGTA-1	T	14
TCGTTCGAGGGAAATG-1	B	6
TCGTTCGAGTACAGAT-1	T	15
TCGTTCGAGTCGAAAT-1	T	16
TCGTTCGCAAATGCTC-1	NK	18
TCGTTCGCAACACGGA-1	Myeloid	2
TCGTTCGCAAGTAATG-1	T	3
TCGTTCGCACATAAAG-1	NK	18
TCGTTCGCAGCAGGTA-1	T	1
TCGTTCGCAGGTGTCC-1	NK	13
TCGTTCGCAGTTCGGC-1	T	14
TCGTTCGCATTAACGC-1	Myeloid	2
TCGTTCGGTAGCGTTT-1	T	7
TCGTTCGGTCAGGTGA-1	NK	18
TCGTTCGGTCGATTAC-1	T	9
TCGTTCGGTCGGCTGT-1	T	1
TCGTTCGGTTGAAGCG-1	T	12
TCGTTCGTCCATCTAT-1	NK	5
TCGTTCGTCCTGGAAT-1	Myeloid	2
TCGTTCGTCCTTACGC-1	T	10
TCGTTCGTCGGTCAGC-1	T	1
TCGTTCGTCTATCTAC-1	T	12
TCGTTCGTCTCTCAAT-1	T	4
TCGTTCGTCTTAGTGG-1	T	7
TCTAGTTAGAACGCCA-1	T	7
TCTAGTTAGCAACGGT-1	T	19
TCTAGTTAGCTAGCAG-1	NK	18
TCTAGTTAGGAAACTT-1	B	6
TCTAGTTAGGAACCGT-1	T	4
TCTAGTTAGGCCTCTG-1	T	9
TCTAGTTAGGCGTAGT-1	T	19
TCTAGTTAGGTACTCT-1	T	3
TCTAGTTAGTCACACT-1	Myeloid	2
TCTAGTTAGTCAGCCC-1	T	3
TCTAGTTAGTGAAACT-1	T	16
TCTAGTTAGTGAGTGC-1	T	14
TCTAGTTCAAGGCTTT-1	T	11
TCTAGTTCAAGTAACA-1	T	14
TCTAGTTCAAGTAATG-1	T	16
TCTAGTTCACCGAAAG-1	T	1
TCTAGTTCACTCGGAC-1	T	19
TCTAGTTCAGCAATGG-1	T	16
TCTAGTTCAGTAACCT-1	T	9
TCTAGTTCATAAAGTG-1	T	12
TCTAGTTCATGCGACC-1	B	6
TCTAGTTCATGTCCCT-1	NK	18
TCTAGTTCATTGTTCT-1	T	11
TCTAGTTGTAGTAACA-1	T	8
TCTAGTTGTAGTACAA-1	T	11
TCTAGTTGTAGTCCAT-1	T	4
TCTAGTTGTCAGTGCC-1	T	10
TCTAGTTGTCGAGGTA-1	B	6
TCTAGTTGTCGCGCTA-1	T	9
TCTAGTTGTGAGTTGG-1	T	14
TCTAGTTGTGATGTGG-1	T	4
TCTAGTTGTGGATTCT-1	NK	18
TCTAGTTGTGTCGTCG-1	T	0
TCTAGTTGTTCAGAAA-1	T	0
TCTAGTTGTTGCAGCC-1	T	15
TCTAGTTGTTGGCTTA-1	T	10
TCTAGTTGTTTCCGGG-1	T	8
TCTAGTTTCACGTCAA-1	T	3
TCTAGTTTCATTCTCA-1	T	14
TCTAGTTTCCTAAAGC-1	T	7
TCTAGTTTCGCATACA-1	NK	18
TCTAGTTTCGCGTGAC-1	NK	5
TCTAGTTTCGTGCTGG-1	T	16
TCTAGTTTCTCGCGGA-1	T	19
TCTAGTTTCTTATCAC-1	T	4
TCTATTGAGAGTAAGG-1	T	8
TCTATTGAGATCACCT-1	Myeloid	2
TCTATTGAGCTACGTT-1	T	3
TCTATTGAGGCAAGCT-1	T	7
TCTATTGAGGCTTAAA-1	T	7
TCTATTGAGGTACACG-1	T	12
TCTATTGAGGTAGGCT-1	T	15
TCTATTGAGTACCCAT-1	T	0
TCTATTGCAAGGAAGA-1	Myeloid	2
TCTATTGCAAGTCCTA-1	T	17
TCTATTGCACCGTTGG-1	T	3
TCTATTGCACCTGGTG-1	T	7
TCTATTGCAGCCACGT-1	T	0
TCTATTGCAGTAACCT-1	Myeloid	2
TCTATTGCAGTGGTCC-1	Myeloid	2
TCTATTGCAGTTGGAG-1	T	10
TCTATTGCATTACCTT-1	Myeloid	2
TCTATTGCATTCCCGT-1	T	7
TCTATTGGTAACGGTG-1	NK	13
TCTATTGGTAAGTGCG-1	T	1
TCTATTGGTACCCATA-1	T	11
TCTATTGGTACGGATG-1	Myeloid	2
TCTATTGGTATCCTTT-1	T	11
TCTATTGGTCGAGGTA-1	B	6
TCTATTGGTCGATAGG-1	T	11
TCTATTGGTCGCGCTA-1	T	16
TCTATTGGTCTAAGAA-1	NK	5
TCTATTGGTGGTACTT-1	T	3
TCTATTGGTTACGGAG-1	NK	18
TCTATTGGTTACTTTC-1	T	16
TCTATTGGTTCATTTC-1	B	6
TCTATTGGTTCTGAAC-1	T	9
TCTATTGTCATTCTTG-1	NK	13
TCTATTGTCCATCTAT-1	T	7
TCTATTGTCCTCCAGT-1	T	7
TCTATTGTCGAGAACG-1	T	19
TCTATTGTCGCACAAT-1	Myeloid	2
TCTATTGTCGGGAATG-1	T	16
TCTATTGTCGTCCCAT-1	T	1
TCTATTGTCTCAGATG-1	NK	18
TCTATTGTCTCGGCGA-1	T	7
TCTATTGTCTGGCACG-1	T	4
TCTCAGCAGGATGTCG-1	T	7
TCTCAGCAGTAGGTCG-1	T	10
TCTCAGCAGTGATCTC-1	T	4
TCTCAGCCAAGGGAGG-1	NK	18
TCTCAGCCACCGAAAG-1	T	1
TCTCAGCCAGCCACGT-1	T	1
TCTCAGCCAGGAGCAT-1	T	14
TCTCAGCCAGTTAAAG-1	T	0
TCTCAGCCATCGCCTT-1	T	16
TCTCAGCCATTAACGC-1	Myeloid	2
TCTCAGCCATTCGTCC-1	T	16
TCTCAGCGTACAAATG-1	T	9
TCTCAGCGTACAAGCG-1	T	15
TCTCAGCGTCTCTGCT-1	T	4
TCTCAGCGTGCGTTTA-1	T	3
TCTCAGCGTGGCGCTT-1	T	0
TCTCAGCGTTGGAGGT-1	Myeloid	2
TCTCAGCGTTTAGACC-1	T	0
TCTCAGCGTTTCGTTT-1	NK	18
TCTCAGCGTTTCTCTA-1	T	7
TCTCAGCGTTTGTGAC-1	T	9
TCTCAGCTCACACGTA-1	B	6
TCTCAGCTCACAGGGA-1	NK	13
TCTCAGCTCACGATTG-1	T	15
TCTCAGCTCACTCGGG-1	T	12
TCTCAGCTCAGAGTGG-1	T	4
TCTCAGCTCAGTCTTT-1	T	3
TCTCAGCTCATCGCAA-1	NK	18
TCTCAGCTCCTCTCTT-1	NK	18
TCTCAGCTCCTTCGAC-1	T	16
TCTCAGCTCTGGACAT-1	Myeloid	2
TCTCAGCTCTTTCGAT-1	T	10
TCTCTGGAGAACGCCA-1	T	0
TCTCTGGAGAATATCG-1	NK	18
TCTCTGGAGAGAATTC-1	T	3
TCTCTGGAGCTGAGGT-1	NK	18
TCTCTGGAGGGCTTCC-1	NK	18
TCTCTGGAGGTTCGTT-1	Myeloid	2
TCTCTGGAGGTTCTCA-1	T	16
TCTCTGGAGTCGAGCA-1	T	14
TCTCTGGAGTGAACCG-1	T	4
TCTCTGGAGTTCAACC-1	T	11
TCTCTGGCAACGTCGC-1	T	16
TCTCTGGCACAGCTTA-1	T	7
TCTCTGGCAGATTAAG-1	NK	5
TCTCTGGCATAGATAG-1	B	6
TCTCTGGCATCGTGAT-1	T	8
TCTCTGGCATGGGACA-1	T	14
TCTCTGGCATGTATCG-1	T	7
TCTCTGGCATTACACG-1	B	6
TCTCTGGGTAACCATC-1	T	16
TCTCTGGGTAGTAACA-1	NK	13
TCTCTGGGTATTTGCG-1	T	1
TCTCTGGGTCAACTAC-1	T	1
TCTCTGGGTCATCAAC-1	Myeloid	2
TCTCTGGGTGGTGGTA-1	T	12
TCTCTGGGTGTCGTGC-1	T	4
TCTCTGGGTTGGGAAC-1	T	4
TCTCTGGTCAAACCAC-1	T	4
TCTCTGGTCCGAGAGA-1	NK	18
TCTCTGGTCCTAAGTG-1	T	1
TCTCTGGTCGGATAGG-1	T	0
TCTCTGGTCGGGCTCA-1	T	14
TCTCTGGTCGGTAGGA-1	T	11
TCTCTGGTCGTCGCAG-1	NK	18
TCTCTGGTCTCGTGAA-1	B	6
TCTCTGGTCTGATCCC-1	T	11
TCTCTGGTCTGGGCGT-1	T	7
TGAATCGAGAACCCGA-1	T	10
TGAATCGAGACTTGAA-1	Myeloid	2
TGAATCGAGAGAGGTA-1	T	16
TGAATCGAGCTAGCAG-1	T	12
TGAATCGAGGCCAGTA-1	T	12
TGAATCGAGGCTTAAA-1	NK	13
TGAATCGAGTCATCTG-1	T	17
TGAATCGAGTTGAATG-1	NK	18
TGAATCGCAACTAGAA-1	T	4
TGAATCGCAAGATTAG-1	T	14
TGAATCGCAAGGTTCT-1	NK	13
TGAATCGCAATCACTG-1	T	11
TGAATCGCACATAAAG-1	T	8
TGAATCGCAGGGTACA-1	T	1
TGAATCGCATCCGTAA-1	Myeloid	2
TGAATCGCATGTATCG-1	T	15
TGAATCGGTACTTCAG-1	T	0
TGAATCGGTATGTTCG-1	T	8
TGAATCGGTCATAGAA-1	T	14
TGAATCGGTGGTCGAA-1	T	14
TGAATCGGTTACCCAA-1	T	4
TGAATCGGTTGGCGAA-1	B	6
TGAATCGTCATGTTCT-1	T	12
TGAATCGTCCACGCTT-1	NK	13
TGAATCGTCCCACTTG-1	T	14
TGACAACAGAGCGGTT-1	T	11
TGACAACAGAGCTCCC-1	T	14
TGACAACAGCACCATT-1	T	1
TGACAACAGGCAAGCT-1	T	16
TGACAACAGTCCGATT-1	T	3
TGACAACCAACAACTC-1	T	9
TGACAACCACGGCCAT-1	T	14
TGACAACCAGGGAGTT-1	T	4
TGACAACCATCGTACA-1	T	3
TGACAACCATGGTTTG-1	T	15
TGACAACCATGTCCCT-1	T	17
TGACAACCATTGAACC-1	T	0
TGACAACGTAGCGAGT-1	T	8
TGACAACGTCCTTATT-1	Myeloid	2
TGACAACGTGAATCGG-1	T	1
TGACAACGTTACCACA-1	NK	18
TGACAACGTTAGGCTT-1	NK	13
TGACAACGTTTGACCA-1	B	6
TGACAACTCACTACCC-1	T	8
TGACAACTCAGGAAGC-1	T	17
TGACAACTCCCACGGA-1	NK	13
TGACAACTCCCAGCGA-1	NK	5
TGACAACTCGGTAGGA-1	T	19
TGACAACTCGTCTAGA-1	T	16
TGACAACTCGTGGCGT-1	T	11
TGACAACTCTATCCTA-1	NK	18
TGACTCCAGCATGATA-1	T	4
TGACTCCAGGAGAACA-1	T	17
TGACTCCAGGCTCAGA-1	NK	18
TGACTCCAGGTGAACC-1	T	7
TGACTCCAGTATGGGC-1	T	3
TGACTCCCAAGCCCTG-1	T	4
TGACTCCCAAGCCTTA-1	B	6
TGACTCCCAAGTCTGT-1	T	3
TGACTCCCAATAGCGG-1	T	12
TGACTCCCAGAGTCGA-1	T	7
TGACTCCCATAGGCGA-1	T	4
TGACTCCCATCATGTG-1	T	16
TGACTCCCATCCCGGA-1	Myeloid	2
TGACTCCCATGCACTA-1	T	9
TGACTCCCATGTGGGA-1	T	9
TGACTCCCATTAAGGA-1	T	4
TGACTCCCATTGCACA-1	NK	13
TGACTCCGTACCCACG-1	T	7
TGACTCCGTACGGATG-1	NK	5
TGACTCCGTATCTCAG-1	Myeloid	2
TGACTCCGTGCTAGTT-1	T	9
TGACTCCGTTTCGTTT-1	T	7
TGACTCCGTTTGACCA-1	Myeloid	2
TGACTCCTCACTTACT-1	T	15
TGACTCCTCAGCACGC-1	T	8
TGACTCCTCCCAATGA-1	NK	18
TGACTCCTCCCGGGTA-1	T	9
TGACTCCTCCCGTAGG-1	T	12
TGACTCCTCGCAAACT-1	T	8
TGACTCCTCGGATGTT-1	T	3
TGACTCCTCGGGTCCA-1	NK	18
TGACTCCTCGTCTAGA-1	T	7
TGACTCCTCTCCAACC-1	T	9
TGAGCCGAGTCCAGAG-1	T	17
TGAGCCGAGTCTAGAA-1	T	16
TGAGCCGAGTCTCCAA-1	T	3
TGAGCCGAGTGAACCG-1	T	0
TGAGCCGAGTGCTAGG-1	T	0
TGAGCCGAGTGTCCCG-1	T	12
TGAGCCGCAACGAGGT-1	Myeloid	2
TGAGCCGCACAATAAG-1	T	9
TGAGCCGCAGGAGCAT-1	T	4
TGAGCCGGTAACCGAG-1	T	17
TGAGCCGGTACAAGCG-1	T	7
TGAGCCGGTACCGGCT-1	T	14
TGAGCCGGTAGATGAT-1	T	4
TGAGCCGGTATCCTTT-1	T	0
TGAGCCGGTATCTCAG-1	T	7
TGAGCCGGTATGGTTC-1	T	9
TGAGCCGGTCAATACC-1	T	0
TGAGCCGGTCACAGTT-1	T	12
TGAGCCGGTCCATTGA-1	NK	13
TGAGCCGGTGCAACAG-1	T	12
TGAGCCGGTGGTCGAA-1	T	3
TGAGCCGGTGTCCCAG-1	NK	18
TGAGCCGGTTAGCTCA-1	NK	18
TGAGCCGGTTATAGAG-1	T	3
TGAGCCGGTTCTTTGT-1	T	19
TGAGCCGGTTGGTAAA-1	T	7
TGAGCCGGTTTGTACG-1	NK	18
TGAGCCGTCAGAATGA-1	T	3
TGAGCCGTCAGTGGTT-1	T	14
TGAGCCGTCCCGAAGC-1	NK	5
TGAGCCGTCGCCCTTA-1	T	14
TGAGCCGTCTGACTTT-1	T	9
TGAGCCGTCTGCCGAG-1	T	4
TGAGTCAAGAAATACC-1	T	14
TGAGTCAAGACGACTG-1	T	3
TGAGTCAAGAGAACCC-1	NK	13
TGAGTCAAGAGACTCG-1	T	10
TGAGTCAAGATCTCAC-1	T	7
TGAGTCAAGCGTCAAG-1	T	1
TGAGTCAAGCGTGTTT-1	T	3
TGAGTCAAGGATTGAT-1	T	8
TGAGTCAAGGATTGCG-1	NK	18
TGAGTCAAGGATTTGA-1	T	16
TGAGTCAAGTTCAGGG-1	T	7
TGAGTCACAAGACTTC-1	T	16
TGAGTCACAAGCGTCC-1	T	8
TGAGTCACACCTACCT-1	T	17
TGAGTCACACGTTAGT-1	T	3
TGAGTCACAGGGTACA-1	NK	18
TGAGTCACATGGAGGT-1	T	17
TGAGTCACATGTCCCT-1	T	0
TGAGTCACATGTGAGG-1	T	12
TGAGTCAGTACGCCCA-1	NK	5
TGAGTCAGTACGGAGT-1	T	14
TGAGTCAGTACGTAGG-1	T	9
TGAGTCAGTAGAACGC-1	T	12
TGAGTCAGTAGCAGCA-1	NK	18
TGAGTCAGTAGCAGGT-1	NK	18
TGAGTCAGTCAGTGCC-1	T	4
TGAGTCAGTCCCTAAA-1	T	19
TGAGTCAGTCTCAAAC-1	T	14
TGAGTCAGTCTTAGCA-1	T	0
TGAGTCAGTGTCTACA-1	NK	13
TGAGTCAGTGTTAGAA-1	T	11
TGAGTCAGTGTTTCTT-1	T	19
TGAGTCATCCGTCAAA-1	T	19
TGAGTCATCCTGTGGG-1	T	7
TGAGTCATCGATGTGT-1	T	19
TGAGTCATCGGATCGC-1	NK	18
TGAGTCATCGTGGAAG-1	T	1
TGAGTCATCTAGTCGA-1	T	19
TGAGTCATCTGCGTCT-1	T	9
TGAGTCATCTGCTACC-1	T	9
TGAGTCATCTTAAGCG-1	T	10
TGAGTCATCTTCGTTA-1	NK	18
TGATCAGAGAGAAGCA-1	T	10
TGATCAGAGGCCTCGT-1	NK	5
TGATCAGAGGCGTAGT-1	T	1
TGATCAGAGGGCATTG-1	T	9
TGATCAGAGTAACATG-1	T	8
TGATCAGAGTGCAACG-1	T	7
TGATCAGCAATTCTCT-1	T	7
TGATCAGCACCACAGC-1	T	15
TGATCAGCACCGAATT-1	T	7
TGATCAGCACGAACGA-1	T	9
TGATCAGCACTGTAAC-1	T	7
TGATCAGCAGCTTACA-1	T	11
TGATCAGCATTTCTTG-1	T	0
TGATCAGGTAACCCAT-1	T	12
TGATCAGGTAGACACG-1	T	12
TGATCAGGTAGGTGAC-1	T	9
TGATCAGGTCCAGACC-1	T	9
TGATCAGGTGAAACAT-1	T	10
TGATCAGGTGACAAGC-1	T	7
TGATCAGGTGATAGAT-1	T	7
TGATCAGGTGGATTCT-1	NK	13
TGATCAGGTGGTCGAA-1	T	16
TGATCAGGTTAGAGAT-1	T	1
TGATCAGGTTTGTGAC-1	T	1
TGATCAGTCCAGGTCG-1	T	8
TGATCAGTCCATTGAG-1	T	8
TGATCAGTCCTGACCT-1	T	8
TGATGCAAGAAGAGTG-1	T	3
TGATGCAAGAAGCCTG-1	T	9
TGATGCAAGCGAATAT-1	NK	13
TGATGCAAGCGCATTT-1	T	19
TGATGCAAGGAGTCTG-1	T	7
TGATGCAAGTCGATAA-1	T	17
TGATGCAAGTCTAGAA-1	T	16
TGATGCACAACCTCCT-1	T	9
TGATGCACAAGCGTCC-1	T	7
TGATGCACAAGGTTCT-1	T	3
TGATGCACAATGGCAG-1	T	7
TGATGCACACCTGTGG-1	B	6
TGATGCACACTAAACC-1	T	4
TGATGCACACTTGCGG-1	T	4
TGATGCACACTTTGGA-1	T	8
TGATGCACAGAACAGC-1	T	3
TGATGCACAGATTTGC-1	B	6
TGATGCACAGTAGTTC-1	B	6
TGATGCACATCCTGGG-1	NK	5
TGATGCAGTAAAGCTA-1	T	9
TGATGCAGTACGGTTT-1	T	14
TGATGCAGTCCGAGCT-1	T	15
TGATGCAGTGATTCCA-1	T	8
TGATGCAGTTAACCGT-1	T	17
TGATGCAGTTCCAGTA-1	T	9
TGATGCAGTTTCACCC-1	T	4
TGATGCAGTTTGATCG-1	T	4
TGATGCATCACAACAC-1	T	15
TGATGCATCACCACAA-1	T	3
TGATGCATCCGTACGG-1	T	0
TGATGCATCCGTCAAA-1	T	1
TGATGCATCGACCCGA-1	B	6
TGATGCATCGCACCTT-1	T	15
TGATGCATCGCCCTTA-1	T	17
TGATGCATCGGTCTAA-1	T	15
TGATGCATCTCGTGAA-1	T	0
TGATGCATCTTCCGTG-1	NK	18
TGATTTCAGAAGAGTG-1	T	0
TGATTTCAGATGCGAC-1	T	15
TGATTTCAGCATTGGG-1	T	0
TGATTTCAGCGCAATG-1	T	12
TGATTTCAGCTCCGGT-1	T	3
TGATTTCAGGCCTCGT-1	T	19
TGATTTCAGGGAAGCG-1	T	12
TGATTTCAGGTGATGC-1	T	3
TGATTTCCACAAACAA-1	T	4
TGATTTCCACTGATAC-1	T	9
TGATTTCCAGGTAACG-1	T	19
TGATTTCCATAGTCCA-1	T	11
TGATTTCGTACAACGG-1	T	12
TGATTTCGTAGGTAAT-1	T	3
TGATTTCGTCAAGACG-1	T	16
TGATTTCGTCATAAGA-1	T	3
TGATTTCGTCATCAAC-1	T	4
TGATTTCGTCTCTGGG-1	T	1
TGATTTCGTGATGCTT-1	T	12
TGATTTCGTTAAGTCC-1	NK	13
TGATTTCGTTAGGAAT-1	T	10
TGATTTCGTTCACGTA-1	T	3
TGATTTCGTTTGCGAT-1	T	16
TGATTTCTCAAATGGA-1	T	8
TGATTTCTCAAGAGGC-1	Myeloid	2
TGATTTCTCACTCGGG-1	NK	13
TGATTTCTCCACGCTT-1	NK	13
TGATTTCTCCCACTTG-1	T	11
TGATTTCTCCGTGCAG-1	T	14
TGATTTCTCCTAAGTG-1	T	12
TGATTTCTCCTGTAGA-1	T	3
TGATTTCTCGATGTAC-1	NK	13
TGATTTCTCGCTTGAA-1	T	16
TGATTTCTCGGGAATG-1	T	14
TGATTTCTCGTCCCAT-1	T	11
TGATTTCTCGTGGAAG-1	B	6
TGATTTCTCTAAACGC-1	T	12
TGATTTCTCTCGCGGA-1	T	10
TGATTTCTCTGGCACG-1	T	1
TGATTTCTCTGTTGCC-1	T	4
TGATTTCTCTTGTACT-1	T	9
TGCACCTAGACAACGC-1	NK	5
TGCACCTAGACACAAT-1	T	10
TGCACCTAGAGAGTTT-1	T	11
TGCACCTAGAGGTGGG-1	Myeloid	2
TGCACCTAGGCAATTA-1	T	16
TGCACCTAGGTCACTT-1	T	16
TGCACCTAGGTTGTGG-1	Myeloid	2
TGCACCTAGTGATCTC-1	NK	5
TGCACCTAGTTATGAG-1	T	8
TGCACCTCACATGATC-1	T	3
TGCACCTCACATTCTT-1	Myeloid	2
TGCACCTCACTGTTAG-1	T	9
TGCACCTCAGGACTGA-1	T	0
TGCACCTCAGGGTAAC-1	T	10
TGCACCTCAGGTGGTA-1	T	7
TGCACCTCAGGTGTGA-1	Myeloid	2
TGCACCTCATGTATCG-1	T	0
TGCACCTCATTCACCC-1	T	11
TGCACCTGTAACCGAG-1	T	17
TGCACCTGTACTTCGA-1	T	1
TGCACCTGTCAGTGTT-1	T	17
TGCACCTGTCCGAGCT-1	NK	18
TGCACCTGTGAGTTGG-1	T	19
TGCACCTGTGATAAGT-1	T	14
TGCACCTGTTGGCGAA-1	NK	5
TGCACCTGTTTCACCC-1	NK	13
TGCACCTTCAGGCGCT-1	T	11
TGCACCTTCATGAACC-1	T	9
TGCACCTTCCAAGAGG-1	NK	13
TGCACCTTCCATAACG-1	T	15
TGCACCTTCCATGTTT-1	T	3
TGCACCTTCCGAATTG-1	T	10
TGCACCTTCCGAGAGA-1	T	19
TGCACCTTCGATAGGG-1	Myeloid	2
TGCACCTTCGTTTGAG-1	T	17
TGCACCTTCTCGTGAA-1	T	14
TGCATGAAGAACAGGA-1	T	9
TGCATGAAGATTGACA-1	T	1
TGCATGAAGCTACGCC-1	T	16
TGCATGAAGGAGAACA-1	T	8
TGCATGAAGTCTGGGA-1	T	4
TGCATGACAATAGCGG-1	T	9
TGCATGACACAAGGGT-1	B	6
TGCATGACACGTGAAG-1	T	4
TGCATGAGTAGCGGTA-1	T	3
TGCATGAGTAGTCTGT-1	T	1
TGCATGAGTCACATTG-1	NK	5
TGCATGAGTCATCGTA-1	NK	13
TGCATGAGTCTGTGTA-1	T	1
TGCATGAGTGAATGTA-1	Myeloid	2
TGCATGAGTTAACCAC-1	T	7
TGCATGAGTTGCCTGG-1	B	6
TGCATGAGTTGGACGA-1	T	0
TGCATGATCAATCGTG-1	T	12
TGCATGATCACTTACT-1	T	4
TGCATGATCCAGCACG-1	T	10
TGCATGATCCCACTTG-1	T	8
TGCATGATCCCATAGA-1	T	0
TGCATGATCGAGTTAC-1	T	4
TGCATGATCGGTACTA-1	Myeloid	2
TGCATGATCTCCACTG-1	T	4
TGCATGATCTCTGTTA-1	T	19
TGCATGATCTGGCCAG-1	T	14
TGCATGATCTTCCACG-1	T	14
TGCATTTAGCACACCC-1	T	7
TGCATTTAGCTGAATA-1	T	17
TGCATTTAGCTGATTC-1	T	14
TGCATTTAGGAGTAGA-1	T	19
TGCATTTAGTACTCTG-1	T	12
TGCATTTCAGAGTCGA-1	T	10
TGCATTTCAGTAAGAT-1	T	1
TGCATTTCATATACGC-1	T	4
TGCATTTGTACAAGCG-1	T	4
TGCATTTGTAGGGTTG-1	T	10
TGCATTTGTATCATGC-1	T	4
TGCATTTGTCACCCGA-1	Myeloid	2
TGCATTTGTGATAACA-1	T	9
TGCATTTGTTCTACCC-1	T	7
TGCATTTGTTTGGATC-1	T	9
TGCATTTTCATCGCTC-1	T	15
TGCATTTTCCAGGCCA-1	NK	13
TGCATTTTCCAGGTAT-1	T	4
TGCATTTTCGCACCGA-1	NK	13
TGCATTTTCGCCTTAC-1	T	3
TGCATTTTCGTTCTAT-1	T	1
TGCATTTTCTACATCT-1	NK	13
TGCATTTTCTAGCAGT-1	T	11
TGCATTTTCTGACTTT-1	T	3
TGCATTTTCTTCTCTC-1	T	11
TGCCTCAAGAAGCCTG-1	T	11
TGCCTCAAGAATACTG-1	T	11
TGCCTCAAGACGAAAG-1	T	3
TGCCTCAAGACTTGAA-1	T	3
TGCCTCAAGATATGTG-1	T	15
TGCCTCAAGCTATCGT-1	T	16
TGCCTCAAGCTTACCA-1	T	16
TGCCTCAAGGAAGACA-1	T	12
TGCCTCAAGGAGAACA-1	T	15
TGCCTCAAGTTCCAGT-1	T	11
TGCCTCACACGGCCAT-1	T	16
TGCCTCACACTGCTCT-1	NK	13
TGCCTCACATAGCAGG-1	T	12
TGCCTCACATCGCCTT-1	T	17
TGCCTCAGTAATGCCT-1	NK	13
TGCCTCAGTGCACTTA-1	T	7
TGCCTCAGTTAACCAC-1	T	7
TGCCTCAGTTAAGGGC-1	Myeloid	2
TGCCTCAGTTTAAGCC-1	NK	13
TGCCTCATCACTCCCA-1	T	16
TGCCTCATCAGGTTTG-1	T	4
TGCCTCATCAGTCAAC-1	T	9
TGCCTCATCCCATAGA-1	T	3
TGCCTCATCCCGTATC-1	NK	18
TGCCTCATCCTTTGAT-1	Myeloid	2
TGCCTCATCGCTTCAC-1	T	9
TGCCTCATCGTTACAG-1	T	1
TGCCTCATCTCTTCCT-1	T	8
TGCCTCATCTTCCAGC-1	T	0
TGCCTCATCTTCGTTA-1	T	3
TGCCTGTAGAAAGGGT-1	NK	18
TGCCTGTAGAATGCTA-1	NK	13
TGCCTGTAGGCTAAAT-1	T	15
TGCCTGTAGGTCGGTA-1	T	1
TGCCTGTAGTATGCTC-1	T	0
TGCCTGTCAAACCTAC-1	B	6
TGCCTGTCAAGCGGTA-1	T	12
TGCCTGTCAATGACTC-1	T	16
TGCCTGTCACGGTTAT-1	Myeloid	2
TGCCTGTCACTGATAC-1	NK	13
TGCCTGTCACTGCTTC-1	T	16
TGCCTGTCAGAGTCGA-1	T	4
TGCCTGTCAGCTGATT-1	T	3
TGCCTGTCAGTTAAAG-1	NK	18
TGCCTGTCATCAACTG-1	T	1
TGCCTGTCATCACAGT-1	B	6
TGCCTGTCATCAGAAA-1	T	1
TGCCTGTCATGTATCG-1	T	0
TGCCTGTCATTAAGGA-1	NK	13
TGCCTGTCATTGATGC-1	T	1
TGCCTGTCATTTGTTC-1	T	12
TGCCTGTGTAATGTGA-1	T	0
TGCCTGTGTAGAGAGA-1	T	16
TGCCTGTGTTACGCTA-1	T	3
TGCCTGTGTTTGTGAC-1	T	9
TGCCTGTTCAGAACGG-1	T	11
TGCCTGTTCCACGCTT-1	B	6
TGCCTGTTCCGTGCAG-1	NK	18
TGCCTGTTCGATCGCG-1	T	16
TGCCTGTTCGCGCCAA-1	T	12
TGCCTGTTCGGGAATG-1	T	0
TGCCTGTTCGGGTCCA-1	T	8
TGCCTGTTCGTCCCTA-1	T	10
TGCCTGTTCGTGGAAG-1	NK	13
TGCCTGTTCTCTGCGT-1	T	3
TGCCTGTTCTGGAAGG-1	T	1
TGCGTAAAGCTATCGT-1	NK	18
TGCGTAAAGGCTTTAC-1	T	14
TGCGTAAAGGGTTCTT-1	T	15
TGCGTAAAGTAACACA-1	T	11
TGCGTAAAGTGGACGT-1	T	4
TGCGTAAAGTTATGAG-1	T	1
TGCGTAACAAATGCTC-1	T	9
TGCGTAACAAGTGGCA-1	NK	18
TGCGTAACACAGTAGG-1	T	7
TGCGTAACAGGCATCC-1	T	10
TGCGTAACATCTGCAA-1	T	0
TGCGTAAGTACGGAGT-1	T	3
TGCGTAAGTACGGTTT-1	NK	18
TGCGTAAGTCCTATTT-1	T	11
TGCGTAAGTCCTCAGG-1	T	9
TGCGTAAGTGAATCAA-1	NK	13
TGCGTAAGTGCACCCA-1	Myeloid	2
TGCGTAAGTTACCACA-1	T	1
TGCGTAAGTTCCAATG-1	T	14
TGCGTAAGTTCTTTGT-1	T	9
TGCGTAAGTTGGCTTA-1	B	6
TGCGTAATCAAAGTAG-1	T	7
TGCGTAATCACAACAC-1	NK	13
TGCGTAATCCCACGGA-1	T	15
TGCGTAATCGAGAAGC-1	T	12
TGCGTAATCGCCCTTA-1	T	3
TGCGTAATCTCGCGGA-1	T	10
TGCGTAATCTTAAGCG-1	T	7
TGCGTAATCTTCACTA-1	T	17
TGCTATTAGAAATCTG-1	T	0
TGCTATTAGAACGTTA-1	T	19
TGCTATTAGCTGGAGT-1	T	4
TGCTATTAGGAAACTT-1	T	8
TGCTATTAGGCCAATG-1	T	3
TGCTATTAGGGTCCCT-1	Myeloid	2
TGCTATTAGTATCTGC-1	T	16
TGCTATTAGTCGGGAT-1	T	17
TGCTATTAGTGATTAG-1	T	7
TGCTATTCAAGAGCGT-1	NK	5
TGCTATTCAATAGTGA-1	T	3
TGCTATTCAATGTGCT-1	T	16
TGCTATTCACAAACGG-1	T	10
TGCTATTCACATAAAG-1	T	12
TGCTATTCACATGATC-1	T	15
TGCTATTCACGTTAGT-1	Myeloid	2
TGCTATTCAGCTTACA-1	T	15
TGCTATTCATGGTAAA-1	T	15
TGCTATTGTAAGTGCG-1	T	12
TGCTATTGTAGAAAGG-1	NK	18
TGCTATTGTAGCGGTA-1	NK	18
TGCTATTGTCGCTAGC-1	NK	18
TGCTATTGTCTCTGCT-1	NK	18
TGCTATTGTCTGGGAA-1	T	14
TGCTATTGTGCTGGCT-1	T	11
TGCTATTTCAACTTGG-1	Myeloid	2
TGCTATTTCACTAGGT-1	T	14
TGCTATTTCAGCACGC-1	T	11
TGCTATTTCAGGATCT-1	Myeloid	2
TGCTATTTCAGGTTTG-1	T	3
TGCTATTTCCAGTTAG-1	T	14
TGCTATTTCCTAAAGC-1	T	10
TGCTATTTCCTCAAGA-1	T	1
TGCTATTTCGTCAACA-1	NK	18
TGCTATTTCTATAGGC-1	NK	18
TGCTCACAGATGAGGA-1	T	10
TGCTCACAGATTGACA-1	NK	13
TGCTCACAGTCTTAGC-1	T	14
TGCTCACAGTGAATAC-1	NK	13
TGCTCACAGTGATTAG-1	T	4
TGCTCACAGTGCTCGC-1	T	4
TGCTCACCAAGGCTTT-1	T	19
TGCTCACCAAGTCCTA-1	T	12
TGCTCACCAATTCAGC-1	T	3
TGCTCACCACATCATG-1	T	15
TGCTCACCACTTACAG-1	T	0
TGCTCACCAGCAATGG-1	T	15
TGCTCACCATAGCAGG-1	T	3
TGCTCACCATCAACTG-1	T	1
TGCTCACCATGTCCCT-1	T	17
TGCTCACGTATTCGAC-1	T	12
TGCTCACGTCAAATCC-1	T	8
TGCTCACGTCCCGAGT-1	T	4
TGCTCACGTCCGCTTT-1	T	7
TGCTCACGTGATAGAT-1	T	17
TGCTCACGTGCCCAGT-1	T	16
TGCTCACGTGCGACCT-1	T	4
TGCTCACTCACTACCC-1	NK	13
TGCTCACTCACTCGGG-1	T	12
TGCTCACTCATCATGG-1	T	1
TGCTCACTCCAACAAC-1	T	19
TGCTCACTCCTAAAGC-1	T	19
TGCTCACTCGAACCGC-1	T	4
TGCTCACTCGATGTAC-1	T	8
TGCTCACTCTCGGCGA-1	T	4
TGCTCACTCTTAATCC-1	T	11
TGCTCGTAGAATGCTA-1	T	1
TGCTCGTAGATGAGGA-1	T	3
TGCTCGTAGATGGCAC-1	T	11
TGCTCGTAGCTGGAGT-1	T	15
TGCTCGTAGGAAGAAC-1	Myeloid	2
TGCTCGTAGGTCTTGT-1	T	7
TGCTCGTAGTCTCGAT-1	T	4
TGCTCGTCAACTCAAC-1	NK	5
TGCTCGTCAGAGTCGA-1	T	7
TGCTCGTCAGGTAGCA-1	T	8
TGCTCGTCATCCCTCA-1	NK	13
TGCTCGTGTAACTCCA-1	T	7
TGCTCGTGTAGACACG-1	T	3
TGCTCGTGTATGTCCA-1	NK	13
TGCTCGTGTCAGACGA-1	T	10
TGCTCGTGTCAGCTTA-1	NK	13
TGCTCGTGTCGCTAGC-1	NK	5
TGCTCGTGTCTGCACG-1	NK	13
TGCTCGTGTGCTGAAG-1	T	3
TGCTCGTGTGGATTCT-1	T	7
TGCTCGTGTGTTTCTT-1	T	4
TGCTCGTGTTTAAGGA-1	T	9
TGCTCGTTCAGTCAAC-1	T	14
TGCTCGTTCCAAGTCA-1	T	16
TGCTCGTTCCATACCC-1	T	1
TGCTCGTTCCCAATGA-1	T	3
TGCTCGTTCTTGTGCC-1	T	19
TGCTTCGAGACACAAT-1	NK	5
TGCTTCGAGACTCTTG-1	NK	13
TGCTTCGAGAGAATTC-1	T	12
TGCTTCGAGAGACTCG-1	T	11
TGCTTCGAGAGCTACG-1	T	1
TGCTTCGAGCAATAAC-1	T	0
TGCTTCGAGGGAAGCG-1	T	16
TGCTTCGAGGGATCCA-1	T	10
TGCTTCGAGGTTCGTT-1	T	14
TGCTTCGAGGTTGACG-1	T	11
TGCTTCGAGTCAGCCC-1	T	12
TGCTTCGAGTCGGGAT-1	Myeloid	2
TGCTTCGAGTGGGACT-1	T	11
TGCTTCGAGTTACACC-1	T	15
TGCTTCGAGTTACCAC-1	T	10
TGCTTCGAGTTAGCAA-1	T	15
TGCTTCGCAAAGCTGG-1	Myeloid	2
TGCTTCGCAAAGGAAG-1	T	1
TGCTTCGCAAATAGTG-1	T	9
TGCTTCGCAAATTCCG-1	T	16
TGCTTCGCACGTACAT-1	NK	5
TGCTTCGCACTGGGCT-1	T	1
TGCTTCGCAGAACGAC-1	Myeloid	2
TGCTTCGCATAGTCCA-1	T	4
TGCTTCGCATCACAGT-1	Myeloid	2
TGCTTCGGTAAACGAT-1	T	12
TGCTTCGGTAAGCCTT-1	T	11
TGCTTCGGTACGGATG-1	T	3
TGCTTCGGTAGAATAC-1	T	8
TGCTTCGGTATGTTCG-1	T	12
TGCTTCGGTCAACTGT-1	NK	18
TGCTTCGGTCATAGAA-1	B	6
TGCTTCGGTCCGCTTT-1	NK	13
TGCTTCGGTCTCAAAC-1	T	14
TGCTTCGGTGAAACAT-1	T	0
TGCTTCGGTGATGTGG-1	T	8
TGCTTCGGTGCATTCA-1	B	6
TGCTTCGGTGTTGTTG-1	Myeloid	2
TGCTTCGGTTACTTTC-1	T	11
TGCTTCGGTTCTACCC-1	T	8
TGCTTCGGTTCTTTGT-1	T	1
TGCTTCGGTTGCCTGG-1	NK	13
TGCTTCGGTTTCACCC-1	T	17
TGCTTCGTCCATGTTT-1	NK	13
TGCTTCGTCGAGAAGC-1	T	8
TGCTTCGTCGCGATGC-1	T	3
TGCTTCGTCGCGCTGA-1	NK	13
TGCTTCGTCGGTCGAC-1	Myeloid	2
TGCTTCGTCGTTTGAG-1	NK	18
TGCTTCGTCTCATATC-1	T	17
TGCTTCGTCTCATCCG-1	T	12
TGCTTCGTCTCCTTAA-1	NK	18
TGCTTTAAGAAGCCTG-1	T	12
TGCTTTAAGACCCTAT-1	NK	13
TGCTTTAAGTAACTCC-1	T	1
TGCTTTAAGTACAGTA-1	NK	5
TGCTTTAAGTCGTGAG-1	T	0
TGCTTTAAGTTACACC-1	T	0
TGCTTTACAACGTACT-1	NK	18
TGCTTTACAATTGTGC-1	T	3
TGCTTTACACAAACAA-1	T	16
TGCTTTACAGAACAGC-1	T	16
TGCTTTACAGATACAA-1	T	10
TGCTTTACATGGGACA-1	T	8
TGCTTTACATTCGTCC-1	T	8
TGCTTTAGTACAAGCG-1	T	1
TGCTTTAGTACCAAGG-1	NK	13
TGCTTTAGTAGGGTCA-1	T	9
TGCTTTAGTCGCGCTA-1	T	3
TGCTTTAGTCGCTACG-1	T	12
TGCTTTAGTCGCTAGC-1	T	9
TGCTTTAGTCGTCGCA-1	T	4
TGCTTTAGTGAATGGC-1	T	8
TGCTTTAGTGCGTAGA-1	T	16
TGCTTTAGTGGCGCTT-1	NK	18
TGCTTTAGTTAACCAC-1	NK	13
TGCTTTATCACAGGGA-1	T	7
TGCTTTATCGCGCCAA-1	T	1
TGCTTTATCGGATAGG-1	NK	13
TGGAAGGAGACGCCAA-1	T	9
TGGAAGGAGAGAGTAG-1	T	9
TGGAAGGAGCATTCCA-1	NK	5
TGGAAGGAGGGATCCA-1	T	9
TGGAAGGAGTCGTACT-1	T	14
TGGAAGGAGTTGTCCA-1	Myeloid	2
TGGAAGGCAACGGGTA-1	T	17
TGGAAGGCAAGCAACG-1	T	3
TGGAAGGCAATGGCAG-1	T	14
TGGAAGGCAATGGTCT-1	T	11
TGGAAGGCACCTGAAT-1	B	6
TGGAAGGCACGAACGA-1	T	1
TGGAAGGCATCGCCTT-1	T	11
TGGAAGGCATGTGGGA-1	T	9
TGGAAGGGTAACCGAG-1	T	16
TGGAAGGGTAACGTAA-1	T	12
TGGAAGGGTAGACACG-1	Myeloid	2
TGGAAGGGTCAACTGT-1	T	9
TGGAAGGGTCAGACGA-1	T	4
TGGAAGGGTCCGTAGC-1	T	17
TGGAAGGGTCGTAATC-1	B	6
TGGAAGGGTCTGGGAA-1	B	6
TGGAAGGGTGGATTCT-1	T	7
TGGAAGGGTTATGCAC-1	T	1
TGGAAGGTCCCGCAAG-1	T	16
TGGAAGGTCCCTACGT-1	T	9
TGGAAGGTCGCTACCT-1	T	14
TGGAAGGTCTATCTAC-1	Myeloid	2
TGGAAGGTCTGAAAGA-1	T	14
TGGAAGGTCTGATCTT-1	T	12
TGGAAGGTCTTGGCCT-1	NK	18
TGGACATAGAGTGGAA-1	T	12
TGGACATAGCCCATTA-1	B	6
TGGACATAGCTTCAAC-1	T	9
TGGACATAGGCATGCA-1	T	0
TGGACATAGGCTTCGC-1	T	1
TGGACATAGTAGACCG-1	T	3
TGGACATAGTAGCAAT-1	T	15
TGGACATAGTGAAACT-1	NK	18
TGGACATAGTGAGTGC-1	NK	18
TGGACATAGTGCTAGG-1	Myeloid	2
TGGACATAGTTCGACT-1	T	8
TGGACATCAATCAGGG-1	NK	18
TGGACATCACATTCTT-1	NK	18
TGGACATCACGCTCAG-1	T	12
TGGACATCACTGAAGG-1	T	19
TGGACATCAGGTAGGT-1	T	7
TGGACATCATCAACTG-1	T	12
TGGACATGTAAGCCGA-1	T	9
TGGACATGTACCCACG-1	T	3
TGGACATGTAGTAACA-1	T	11
TGGACATGTATTGTGC-1	T	11
TGGACATGTCCTCAGG-1	T	14
TGGACATGTGATCAGG-1	T	4
TGGACATGTGCTTACA-1	T	0
TGGACATGTGGTAGAC-1	T	10
TGGACATGTGTCGTCG-1	T	1
TGGACATGTTGGACGA-1	T	11
TGGACATGTTGGCGAA-1	T	14
TGGACATGTTGGGAAC-1	T	3
TGGACATTCACCACAA-1	T	3
TGGACATTCACTAGCA-1	Myeloid	2
TGGACATTCAGAGTGG-1	T	16
TGGACATTCAGGCCGT-1	T	1
TGGACATTCGCGGCAT-1	Myeloid	2
TGGACATTCGCTATAG-1	T	9
TGGACATTCGTTCCGT-1	NK	18
TGGACATTCTGAACGT-1	NK	18
TGGCAATAGAGAGGTA-1	NK	18
TGGCAATAGCCATGGA-1	T	17
TGGCAATAGGAGTCTG-1	T	3
TGGCAATAGGATGCCA-1	T	9
TGGCAATAGGTCCTCG-1	T	11
TGGCAATAGGTTAACA-1	T	4
TGGCAATAGTCTCCAA-1	T	4
TGGCAATAGTGTCCCG-1	T	3
TGGCAATCAACGTACT-1	T	4
TGGCAATCAAGATGCG-1	T	12
TGGCAATCAAGCAATA-1	T	3
TGGCAATCAAGCCAGA-1	T	4
TGGCAATCACAATAAG-1	T	8
TGGCAATCACTACACA-1	NK	18
TGGCAATCAGGGAGTT-1	NK	5
TGGCAATCAGGGTACA-1	NK	18
TGGCAATCATGCCCTT-1	T	11
TGGCAATCATTACCTT-1	T	1
TGGCAATCATTCTTTG-1	T	12
TGGCAATGTAAACGGC-1	T	4
TGGCAATGTAGACACG-1	T	9
TGGCAATGTCAATACC-1	T	11
TGGCAATGTCAGCAAG-1	T	3
TGGCAATGTCCCTTTG-1	T	15
TGGCAATGTCGATAGG-1	B	6
TGGCAATGTCGTAGTT-1	T	10
TGGCAATGTCTGATTG-1	T	14
TGGCAATGTCTGGATT-1	T	7
TGGCAATGTGACAAGC-1	T	17
TGGCAATGTGCTGTGC-1	T	9
TGGCAATTCCCATAGA-1	T	10
TGGCAATTCCGTGCAG-1	T	0
TGGCAATTCGCAACTA-1	NK	13
TGGCAATTCTATATCC-1	T	7
TGGCAATTCTCCTTAA-1	T	7
TGGCCTTAGATGTTGA-1	Myeloid	2
TGGCCTTAGGATATCA-1	T	3
TGGCCTTAGGCAAGGG-1	T	11
TGGCCTTAGGTAAGCC-1	T	4
TGGCCTTAGGTCACTT-1	T	8
TGGCCTTAGTTCCAGT-1	T	7
TGGCCTTCAAAGAGAG-1	NK	13
TGGCCTTCAACGTAGG-1	T	3
TGGCCTTCAATGGCTT-1	T	16
TGGCCTTCACACATTG-1	T	7
TGGCCTTCACTGTTAG-1	T	17
TGGCCTTCAGCACATT-1	T	9
TGGCCTTCAGGTAACG-1	T	10
TGGCCTTCATAGAATG-1	T	16
TGGCCTTCATCAGAAA-1	T	17
TGGCCTTCATGCCCTT-1	NK	5
TGGCCTTGTAGTAACA-1	T	11
TGGCCTTGTATCTGCA-1	T	4
TGGCCTTGTGAGTCGA-1	T	1
TGGCCTTGTGCTAGTT-1	T	8
TGGCCTTGTGTGCTTA-1	T	0
TGGCCTTGTTTGCCAA-1	NK	13
TGGCCTTTCACAACAC-1	T	4
TGGCCTTTCACTGGTA-1	T	8
TGGCCTTTCAGTACAC-1	T	14
TGGCCTTTCCAGAGAG-1	Myeloid	2
TGGCCTTTCCTCCCAA-1	T	7
TGGCCTTTCGATAGCT-1	T	7
TGGCCTTTCGGTTGTA-1	T	0
TGGCCTTTCGTGATAC-1	NK	18
TGGCCTTTCTGTTGCC-1	NK	13
TGGCCTTTCTTACCTA-1	B	6
TGGCCTTTCTTGTACT-1	T	4
TGGCGCAAGAAGCCGT-1	T	7
TGGCGCAAGAGAGTTT-1	T	4
TGGCGCAAGAGTCCGA-1	NK	18
TGGCGCAAGATGCGAC-1	T	16
TGGCGCAAGGATTGAT-1	B	6
TGGCGCAAGTAACTCC-1	T	19
TGGCGCAAGTCACACT-1	NK	13
TGGCGCAAGTCCCGCA-1	T	4
TGGCGCACAACGTAGG-1	T	14
TGGCGCACAAGACACG-1	T	16
TGGCGCACAAGCGACA-1	T	11
TGGCGCACAAGTCTGT-1	T	17
TGGCGCACACCACCAG-1	NK	13
TGGCGCACACGCGACT-1	T	11
TGGCGCACACTCCTCA-1	Myeloid	2
TGGCGCACAGAACAGC-1	T	14
TGGCGCACAGGACTGA-1	T	9
TGGCGCACAGGTGGTA-1	NK	18
TGGCGCACAGTCAGAG-1	NK	18
TGGCGCACAGTTGGAG-1	NK	18
TGGCGCAGTAATGTGA-1	T	14
TGGCGCAGTACTTCGA-1	T	4
TGGCGCAGTAGGTGAC-1	T	12
TGGCGCAGTATTTGCG-1	T	8
TGGCGCAGTCACAGTT-1	Myeloid	2
TGGCGCAGTGAATACA-1	T	9
TGGCGCAGTGAGGGTT-1	T	14
TGGCGCAGTTATGCAC-1	T	9
TGGCGCAGTTCCAATG-1	T	8
TGGCGCATCATCGCAA-1	T	12
TGGCGCATCCATGACA-1	T	1
TGGCGCATCCCACTAC-1	T	9
TGGCGCATCCGATGCG-1	T	9
TGGCGCATCCTAGAGT-1	T	7
TGGCGCATCGACCCGA-1	T	14
TGGCGCATCGTGCTGG-1	T	7
TGGCGCATCTCTTAAC-1	Myeloid	2
TGGCGCATCTCTTCCT-1	T	14
TGGGTGCAGAAATACC-1	NK	18
TGGGTGCAGATCTCAC-1	T	4
TGGGTGCAGCAGGAGG-1	T	8
TGGGTGCAGCTACGCC-1	T	3
TGGGTGCAGCTAGCAG-1	Myeloid	2
TGGGTGCAGGCGTAGT-1	Myeloid	2
TGGGTGCAGTAGAAGG-1	T	1
TGGGTGCAGTTGGAAT-1	T	9
TGGGTGCCAACATAAG-1	NK	13
TGGGTGCCAAGTAATG-1	T	9
TGGGTGCCACAACGGA-1	T	14
TGGGTGCCACTTACAG-1	T	16
TGGGTGCCAGTCAGCC-1	T	14
TGGGTGCGTAACCGAG-1	T	1
TGGGTGCGTAGCGGTA-1	T	9
TGGGTGCGTATGCTAC-1	T	3
TGGGTGCGTCAACTAC-1	NK	13
TGGGTGCGTCCACCAG-1	T	19
TGGGTGCGTCCGGTAC-1	T	14
TGGGTGCGTCTCTGGG-1	NK	13
TGGGTGCGTCTGCGCA-1	Myeloid	2
TGGGTGCGTGTACGCC-1	T	7
TGGGTGCGTGTGTGTT-1	T	16
TGGGTGCGTTACCCAA-1	T	3
TGGGTGCGTTGCAGAG-1	T	15
TGGGTGCGTTGGGAAC-1	NK	13
TGGGTGCTCAAATGGA-1	T	10
TGGGTGCTCAATGCAC-1	T	4
TGGGTGCTCACAGGGA-1	T	15
TGGGTGCTCCAAGTCA-1	T	7
TGGGTGCTCCATGACA-1	T	16
TGGGTGCTCCGGCGAT-1	T	10
TGGGTGCTCCTTTGAT-1	T	4
TGGGTGCTCGCACCGA-1	NK	5
TGGGTTAAGAGCGGTT-1	T	4
TGGGTTAAGAGTAAGG-1	T	7
TGGGTTAAGCACGTAG-1	T	11
TGGGTTAAGCCATCAT-1	T	14
TGGGTTAAGGCGATTG-1	NK	13
TGGGTTAAGGTAAGTT-1	T	0
TGGGTTAAGGTACATA-1	T	3
TGGGTTAAGGTGTTGG-1	T	10
TGGGTTACAAGAGCGT-1	T	19
TGGGTTACAAGCAACG-1	Myeloid	2
TGGGTTACAAGCTTTG-1	T	9
TGGGTTACACACATGT-1	T	4
TGGGTTACATCACAAC-1	T	1
TGGGTTAGTAACTGAA-1	T	12
TGGGTTAGTACTTCGA-1	NK	18
TGGGTTAGTCATAGAA-1	T	17
TGGGTTAGTCATTGCA-1	NK	5
TGGGTTAGTGGACCAA-1	T	16
TGGGTTAGTTCCCGGA-1	T	3
TGGGTTAGTTGAAGCG-1	T	1
TGGGTTAGTTTCGACA-1	T	3
TGGGTTATCAAACCCA-1	Myeloid	2
TGGGTTATCAAATGGA-1	T	16
TGGGTTATCAAGGCAG-1	T	9
TGGGTTATCACGTGTA-1	T	12
TGGGTTATCCAGGTAT-1	T	11
TGGGTTATCCCAATAG-1	NK	13
TGGGTTATCCTCCAGT-1	T	0
TGGGTTATCGAGTGTT-1	T	4
TGGGTTATCGCAGATT-1	T	7
TGGGTTATCGTGTGCG-1	NK	18
TGGGTTATCTAGCAGT-1	T	8
TGGGTTATCTCGGCGA-1	T	0
TGGGTTATCTTCGTTA-1	T	4
TGGGTTATCTTCTTCC-1	T	16
TGGTCAAAGAAAGCAG-1	NK	18
TGGTCAAAGAAAGGGT-1	T	15
TGGTCAAAGAAGAGTG-1	T	4
TGGTCAAAGCTACGTT-1	NK	18
TGGTCAAAGCTGCCAC-1	T	4
TGGTCAAAGGACTAGC-1	T	1
TGGTCAAAGGCAGTGT-1	T	17
TGGTCAAAGGCGTCCT-1	T	14
TGGTCAAAGGTCGGTA-1	NK	18
TGGTCAAAGTACCTCA-1	T	17
TGGTCAAAGTAGCAAT-1	NK	13
TGGTCAACAAGGAAGA-1	T	1
TGGTCAACACTCGTGG-1	T	8
TGGTCAACACTTGCGG-1	T	4
TGGTCAACAGGCATCC-1	T	10
TGGTCAACATCTGCAA-1	T	15
TGGTCAACATTGAACC-1	T	14
TGGTCAACATTGATGC-1	T	9
TGGTCAAGTACTATGC-1	T	12
TGGTCAAGTAGTTTGC-1	T	16
TGGTCAAGTCTGGGCT-1	T	12
TGGTCAAGTTCTCGAA-1	T	9
TGGTCAATCACTAGGT-1	Myeloid	2
TGGTCAATCCATGTTT-1	T	11
TGGTCAATCCCGAAGC-1	NK	18
TGGTCAATCGGCTATA-1	B	6
TGGTCAATCTGAACGT-1	NK	13
TGGTCAATCTGACATG-1	T	16
TGGTCAATCTGATCTT-1	T	0
TGGTCCTAGACGAAAG-1	B	6
TGGTCCTAGATCGCCC-1	NK	18
TGGTCCTAGGCCAATG-1	T	15
TGGTCCTAGTATAGTG-1	T	7
TGGTCCTAGTCTCCAA-1	T	4
TGGTCCTCAAGAGCGT-1	T	1
TGGTCCTCAAGTAACA-1	T	16
TGGTCCTCACGCTCAG-1	NK	5
TGGTCCTCACTCGGAC-1	T	1
TGGTCCTCACTGATAC-1	T	11
TGGTCCTCAGAAAGAG-1	T	3
TGGTCCTCAGCTATAC-1	T	0
TGGTCCTCAGTTACAC-1	T	7
TGGTCCTGTAAACCCT-1	Myeloid	2
TGGTCCTGTACCCATA-1	T	15
TGGTCCTGTAGAGAGA-1	NK	13
TGGTCCTGTAGGGTTG-1	Myeloid	2
TGGTCCTGTATCACAC-1	T	12
TGGTCCTGTCCGCTTT-1	T	11
TGGTCCTGTCGATTAC-1	T	12
TGGTCCTGTCTCTGCT-1	NK	5
TGGTCCTGTCTGCGCA-1	Myeloid	2
TGGTCCTGTGAATCAA-1	B	6
TGGTCCTGTGAATGTA-1	T	3
TGGTCCTGTGCATTGT-1	T	19
TGGTCCTGTGCCGGTT-1	T	0
TGGTCCTGTGTCCCAG-1	T	9
TGGTCCTTCCTATCAT-1	T	4
TGGTCCTTCTAAACGC-1	T	15
TGGTCCTTCTCTGTTA-1	B	6
TGGTCCTTCTGTGTCC-1	T	4
TGTAAGCAGAATCAGT-1	NK	18
TGTAAGCAGCAGAATT-1	T	3
TGTAAGCAGTCCTTCC-1	NK	13
TGTAAGCAGTCTCTAG-1	T	1
TGTAAGCCAAAGACGC-1	T	3
TGTAAGCCAAGCACTT-1	T	9
TGTAAGCCAAGGACCA-1	T	4
TGTAAGCCACCGTCTT-1	T	17
TGTAAGCGTAACATAG-1	B	6
TGTAAGCGTAGCATGG-1	T	12
TGTAAGCGTAGTTTGC-1	T	4
TGTAAGCGTATCACAC-1	T	1
TGTAAGCGTATTCGCA-1	T	0
TGTAAGCGTATTCTCT-1	T	0
TGTAAGCGTCGATTAC-1	B	6
TGTAAGCGTGATAAGT-1	T	9
TGTAAGCTCAGAATGA-1	T	12
TGTAAGCTCAGCCGGT-1	T	12
TGTAAGCTCCTGGGAC-1	T	0
TGTAAGCTCTCTATTG-1	T	17
TGTACAGAGAACCCGA-1	T	8
TGTACAGAGAGGAACA-1	T	1
TGTACAGAGCCTATAC-1	T	16
TGTACAGAGGATGCCA-1	NK	5
TGTACAGAGGGCATTG-1	T	4
TGTACAGAGTAGTGTA-1	NK	18
TGTACAGAGTATGCTC-1	T	19
TGTACAGAGTTGAATG-1	NK	18
TGTACAGCAACCTCCT-1	T	17
TGTACAGCAAGTCCTA-1	T	19
TGTACAGCAATAGCGG-1	T	9
TGTACAGCACAATAAG-1	T	11
TGTACAGCACGATTAC-1	T	14
TGTACAGCACTTTGGA-1	T	4
TGTACAGCAGACCTGC-1	B	6
TGTACAGGTAACATAG-1	Myeloid	2
TGTACAGGTAATGTGA-1	T	19
TGTACAGGTACATGGG-1	T	16
TGTACAGGTACCTATG-1	T	7
TGTACAGGTCAACTGT-1	T	12
TGTACAGGTCATAGCT-1	T	8
TGTACAGGTCTGGGCT-1	T	1
TGTACAGGTCTTAGCA-1	T	17
TGTACAGGTGACGCAA-1	T	10
TGTACAGGTGGTAGAC-1	T	10
TGTACAGTCAGTCACA-1	T	9
TGTACAGTCCAGGTCG-1	T	14
TGTACAGTCCGGAAAG-1	Myeloid	2
TGTACAGTCCTAGAGT-1	T	0
TGTACAGTCGATCGCG-1	T	1
TGTACAGTCGCAGATT-1	NK	13
TGTACAGTCGGTTGTA-1	T	9
TGTACAGTCTGGCCAG-1	T	10
TGTACAGTCTTGTCAT-1	T	1
TGTACGAAGAACCCGA-1	T	7
TGTACGAAGATCGATA-1	T	8
TGTACGAAGCGCACAA-1	T	17
TGTACGAAGGTAGGAA-1	T	9
TGTACGAAGTTCCAGT-1	T	4
TGTACGACAAAGCATA-1	T	1
TGTACGACACTCCTCA-1	NK	18
TGTACGACAGTAACTC-1	T	17
TGTACGACATAGCAGG-1	T	14
TGTACGACATCCATAG-1	T	16
TGTACGACATCGAGTT-1	T	0
TGTACGACATTCTCGC-1	NK	13
TGTACGAGTAACGGTG-1	T	10
TGTACGAGTAAGCCGA-1	Myeloid	2
TGTACGAGTATGAAGT-1	T	10
TGTACGAGTATTCTGG-1	NK	18
TGTACGAGTCAAATCC-1	T	15
TGTACGAGTCAATACC-1	T	8
TGTACGAGTCATCAAC-1	Myeloid	2
TGTACGAGTCTGTCCT-1	NK	18
TGTACGAGTGACCAGA-1	T	10
TGTACGAGTGCATCAT-1	T	16
TGTACGAGTGGGTAGT-1	T	17
TGTACGAGTTACACTG-1	T	1
TGTACGATCACCCGGA-1	T	3
TGTACGATCAGGTTTG-1	Myeloid	2
TGTACGATCATACTTC-1	T	8
TGTACGATCCAAACCA-1	Myeloid	2
TGTACGATCCGGCGAT-1	T	11
TGTACGATCGCTATTT-1	T	1
TGTACGATCGCTTGAA-1	Myeloid	2
TGTACGATCTACTGCC-1	T	4
TGTACGATCTCATCCG-1	T	1
TGTACGATCTCTATTG-1	T	1
TGTAGCAAGATTGACA-1	B	6
TGTAGCAAGCATGATA-1	T	4
TGTAGCAAGCGATACG-1	T	11
TGTAGCAAGTATCTGC-1	T	8
TGTAGCAAGTGCTCGC-1	T	1
TGTAGCAAGTGTGTAA-1	NK	18
TGTAGCACAAAGCTGG-1	T	16
TGTAGCACAAGAGCGT-1	T	0
TGTAGCACAATGCACT-1	T	9
TGTAGCACACACATTG-1	T	0
TGTAGCACACCATTCC-1	NK	13
TGTAGCACACCTGAAT-1	B	6
TGTAGCACACTGCTTC-1	T	1
TGTAGCACAGGAGCAT-1	T	0
TGTAGCACAGGATGTG-1	T	7
TGTAGCACAGTAAGCG-1	T	10
TGTAGCACATCCTGGG-1	T	4
TGTAGCACATTACTTC-1	T	9
TGTAGCAGTAACATAG-1	NK	5
TGTAGCAGTAACGGTG-1	NK	18
TGTAGCAGTAAGTGCG-1	T	4
TGTAGCAGTACTTCAG-1	B	6
TGTAGCAGTAGAAAGG-1	NK	18
TGTAGCAGTAGGTAAT-1	T	10
TGTAGCAGTCCACCAG-1	T	0
TGTAGCAGTGAATGTA-1	NK	13
TGTAGCAGTTACACTG-1	T	16
TGTAGCATCAATTCCT-1	T	14
TGTAGCATCAGTTGAC-1	T	14
TGTAGCATCCCTACCA-1	T	7
TGTAGCATCCGAGAGA-1	T	14
TGTAGCATCGCAGATT-1	Myeloid	2
TGTAGCATCTCAGATG-1	T	9
TGTAGCATCTGAACGT-1	Myeloid	2
TGTGACAAGAACTCCT-1	T	0
TGTGACAAGAAGACTT-1	T	0
TGTGACAAGAAGCCTG-1	Myeloid	2
TGTGACAAGAGCGAAA-1	T	12
TGTGACAAGATAGGTT-1	T	14
TGTGACAAGCCCATTA-1	T	0
TGTGACAAGTCTAGAA-1	B	6
TGTGACAAGTTGACAA-1	T	4
TGTGACACAAGCCTTA-1	T	9
TGTGACACAATAGTGA-1	T	15
TGTGACACACGTACAT-1	T	16
TGTGACACACTGATTG-1	T	4
TGTGACACATATTGGC-1	T	9
TGTGACACATCGGCTG-1	T	16
TGTGACACATGGGTGA-1	Myeloid	2
TGTGACAGTAGAATAC-1	T	0
TGTGACAGTCAACTGT-1	T	11
TGTGACAGTGAATCAA-1	NK	13
TGTGACAGTTGGGAAC-1	NK	18
TGTGACATCACATTCT-1	T	4
TGTGACATCATTCTTG-1	T	4
TGTGACATCCCAGCAG-1	T	14
TGTGACATCCGCTCTA-1	T	0
TGTGACATCGCATAAC-1	NK	18
TGTGACATCGGTAGGA-1	T	4
TGTGACATCTTCCGTG-1	B	6
TGTGACATCTTGCGCT-1	T	12
TGTGGCGAGAAATTCG-1	T	10
TGTGGCGAGAGCAGCT-1	NK	5
TGTGGCGAGCCATTCA-1	T	3
TGTGGCGAGCGTAGCA-1	NK	18
TGTGGCGAGGAGACTC-1	B	6
TGTGGCGAGGGTCCCT-1	T	16
TGTGGCGAGGTAAGTT-1	T	10
TGTGGCGAGTCGGGAT-1	T	10
TGTGGCGAGTGTTCCA-1	T	9
TGTGGCGAGTTGTCCA-1	Myeloid	2
TGTGGCGCAACAACTC-1	T	4
TGTGGCGCAACTACTG-1	T	1
TGTGGCGCAACTAGAA-1	T	10
TGTGGCGCAATCATCG-1	T	16
TGTGGCGCAATGAAAC-1	T	12
TGTGGCGCAATGGTAA-1	T	11
TGTGGCGCACAATAAG-1	T	8
TGTGGCGCACACATTG-1	NK	13
TGTGGCGCACCGAAAG-1	T	14
TGTGGCGCACCTATTT-1	T	15
TGTGGCGCAGGGTACA-1	T	8
TGTGGCGCAGTAAGAT-1	T	11
TGTGGCGCATCGACCG-1	T	3
TGTGGCGCATTACTCT-1	T	11
TGTGGCGCATTATGGC-1	T	15
TGTGGCGGTAATGTGA-1	T	10
TGTGGCGGTACCTATG-1	T	17
TGTGGCGGTACGTAAA-1	T	16
TGTGGCGGTAGAACGC-1	T	8
TGTGGCGGTCATTGGT-1	T	9
TGTGGCGGTCTCTAAG-1	T	0
TGTGGCGGTGCTTTGA-1	Myeloid	2
TGTGGCGGTGGGTAGT-1	T	7
TGTGGCGGTGGTAGAC-1	T	7
TGTGGCGGTGTGTGCC-1	T	17
TGTGGCGGTTCCCAAA-1	T	10
TGTGGCGGTTTCACCC-1	T	16
TGTGGCGTCGAGCGCT-1	NK	18
TGTGGCGTCTATTTCG-1	T	4
TGTGGCGTCTCGGCGA-1	T	1
TGTGGCGTCTCGTAGA-1	T	11
TGTGGCGTCTGGGCGT-1	T	14
TGTGGCGTCTTAAGCG-1	T	14
TGTGTCCAGCAATGTA-1	T	15
TGTGTCCAGCATTGGG-1	T	4
TGTGTCCAGCCATGGA-1	NK	18
TGTGTCCAGGCAAGCT-1	NK	18
TGTGTCCAGGTCGGTA-1	Myeloid	2
TGTGTCCAGTACGCGA-1	T	15
TGTGTCCAGTCATCTG-1	T	16
TGTGTCCAGTCCTTCC-1	B	6
TGTGTCCAGTCGGGAT-1	T	19
TGTGTCCCAACATAAG-1	T	1
TGTGTCCCACATTGCA-1	T	15
TGTGTCCCATTAACGC-1	T	4
TGTGTCCGTAACGGCA-1	T	17
TGTGTCCGTCCAAGTT-1	T	3
TGTGTCCGTGCATCAT-1	B	6
TGTGTCCGTTCTTTCA-1	T	9
TGTGTCCGTTGGACGA-1	T	1
TGTGTCCTCAAACCAC-1	T	7
TGTGTCCTCCAACAAC-1	T	4
TGTGTCCTCCAGGGAA-1	T	14
TGTGTCCTCCCACTAC-1	T	12
TGTGTCCTCGACTTAG-1	T	16
TGTGTCCTCGGATAAA-1	T	15
TGTGTCCTCGGGAAAC-1	Myeloid	2
TGTTAGGAGCCGCAAA-1	T	0
TGTTAGGAGGATTGAT-1	T	17
TGTTAGGAGGGTTCCC-1	T	12
TGTTAGGAGGTACATA-1	T	12
TGTTAGGAGGTCTTTG-1	T	3
TGTTAGGAGTGAGCAC-1	T	7
TGTTAGGCAAGATGCG-1	NK	5
TGTTAGGCAAGCCTTA-1	T	0
TGTTAGGCAATAGTGA-1	NK	18
TGTTAGGCAATTCGTG-1	T	17
TGTTAGGCACTCCCAT-1	T	3
TGTTAGGCAGACCTGC-1	T	7
TGTTAGGCAGTTAAAG-1	T	0
TGTTAGGCATATAGAG-1	T	4
TGTTAGGCATCAGCTA-1	T	0
TGTTAGGCATCGGCCA-1	NK	5
TGTTAGGCATGTCCCT-1	T	10
TGTTAGGGTACGGAGT-1	NK	13
TGTTAGGGTTTGTCTT-1	T	16
TGTTAGGTCCAAGAGG-1	Myeloid	2
TGTTAGGTCCAAGTCA-1	T	12
TGTTAGGTCGAAGCCC-1	T	14
TGTTAGGTCGCTGATA-1	T	1
TGTTAGGTCTATACCT-1	T	8
TGTTAGGTCTCGACAA-1	T	10
TGTTAGGTCTGGCCAG-1	T	4
TGTTAGGTCTTCCGTG-1	T	1
TTAACGGAGAAATCTG-1	B	6
TTAACGGAGATATGAC-1	T	4
TTAACGGAGCCAGAAC-1	T	3
TTAACGGAGCTATCCA-1	T	10
TTAACGGAGCTGCCAC-1	NK	18
TTAACGGAGTACAGAT-1	NK	18
TTAACGGAGTCATCTG-1	T	3
TTAACGGAGTGCACAG-1	T	1
TTAACGGAGTTTACGC-1	T	14
TTAACGGCAACATAAG-1	T	11
TTAACGGCAACCTCCT-1	NK	18
TTAACGGCACTGATTG-1	T	8
TTAACGGCAGGCAGAT-1	T	3
TTAACGGCATTACACG-1	T	4
TTAACGGGTACCCATA-1	Myeloid	2
TTAACGGGTAGCGTTT-1	T	4
TTAACGGGTAGTATCC-1	T	4
TTAACGGGTATACGCT-1	T	8
TTAACGGGTATTTGCG-1	T	8
TTAACGGGTCAACAGG-1	T	8
TTAACGGGTCAGGCTC-1	T	11
TTAACGGGTCCCGTGA-1	T	4
TTAACGGGTCCGCTTT-1	T	12
TTAACGGGTCGTAGTT-1	T	10
TTAACGGTCAACGTGT-1	T	1
TTAACGGTCCCGCAAG-1	T	4
TTAACGGTCCCGTAGG-1	T	8
TTAACGGTCCGCTATC-1	T	3
TTAACGGTCCGTCAAA-1	T	8
TTAACGGTCGAAGCCC-1	NK	18
TTAACGGTCGCGGCAT-1	T	16
TTAACGGTCGCGTGAC-1	T	3
TTAACGGTCGTATAGC-1	T	14
TTAACGGTCTACATCT-1	T	16
TTAACGGTCTGGCGCA-1	NK	5
TTAACGGTCTTATCAC-1	T	14
TTACCCGAGAAATACC-1	T	4
TTACCCGAGAACCCGA-1	T	1
TTACCCGAGAACGTCG-1	T	4
TTACCCGAGAAGAGTG-1	T	14
TTACCCGAGACACTTC-1	Myeloid	2
TTACCCGAGAGCCACA-1	B	6
TTACCCGAGAGCTACG-1	NK	13
TTACCCGAGATGCGAC-1	NK	13
TTACCCGAGCATACCT-1	T	9
TTACCCGAGCTACGTT-1	NK	18
TTACCCGAGGCACCTC-1	T	8
TTACCCGAGGCACTAG-1	T	15
TTACCCGAGGCTGGAT-1	T	4
TTACCCGAGGCTTCGC-1	NK	18
TTACCCGAGGTGAACC-1	T	0
TTACCCGAGTCTGGGA-1	T	8
TTACCCGCAAATGCTC-1	T	3
TTACCCGCAAGACTTC-1	T	16
TTACCCGCAAGCGGTA-1	T	14
TTACCCGCAAGGATGC-1	NK	5
TTACCCGCACTCGTGG-1	T	17
TTACCCGCACTTGCGG-1	NK	18
TTACCCGCAGCTATAC-1	T	8
TTACCCGCAGTTAAAG-1	B	6
TTACCCGCAGTTCGGC-1	T	16
TTACCCGCATAGGCGA-1	T	7
TTACCCGCATATAGAG-1	T	11
TTACCCGCATCACAGT-1	T	16
TTACCCGCATGTGGGA-1	Myeloid	2
TTACCCGCATTCTCGC-1	T	16
TTACCCGCATTGCCTC-1	T	4
TTACCCGGTAGCATGG-1	T	16
TTACCCGGTAGCGTTT-1	T	8
TTACCCGGTATTCACG-1	NK	18
TTACCCGGTGCGTCCA-1	T	1
TTACCCGGTGGAGTGT-1	T	14
TTACCCGGTGTTGTTG-1	Myeloid	2
TTACCCGGTTAACTCG-1	T	0
TTACCCGGTTAGCTCA-1	T	16
TTACCCGGTTCTACGA-1	T	7
TTACCCGGTTGCAGCC-1	Myeloid	2
TTACCCGGTTTGATCG-1	T	16
TTACCCGTCAAGTTGC-1	NK	18
TTACCCGTCAGTCTTT-1	T	19
TTACCCGTCCATAACG-1	T	7
TTACCCGTCCATCATT-1	T	14
TTACCCGTCCCATAGA-1	NK	5
TTACCCGTCCGTGCGA-1	T	8
TTACCCGTCCTAAAGC-1	T	4
TTACCCGTCCTTTGAT-1	T	0
TTACCCGTCCTTTGCG-1	T	10
TTACCCGTCGAACCGC-1	T	8
TTACCCGTCGCGTGAC-1	T	8
TTACCCGTCGCTCGGA-1	T	11
TTACCCGTCTTACGGA-1	NK	5
TTACCGCAGAATCAAC-1	T	9
TTACCGCAGCCTGTAT-1	Myeloid	2
TTACCGCAGCTATCCA-1	NK	18
TTACCGCAGGCCTAAG-1	T	1
TTACCGCAGTTGAATG-1	T	19
TTACCGCAGTTGGAAT-1	T	10
TTACCGCCAAACAGTA-1	T	9
TTACCGCCAAGACTTC-1	T	14
TTACCGCCAAGGACCA-1	T	1
TTACCGCCACACTAGT-1	B	6
TTACCGCCACTCGCAG-1	T	16
TTACCGCCAGCAAACG-1	T	7
TTACCGCCAGGCAAGT-1	NK	18
TTACCGCCAGGCACAA-1	T	0
TTACCGCCAGGGAGTT-1	T	3
TTACCGCCAGGTAGCA-1	T	3
TTACCGCCAGTAACTC-1	T	15
TTACCGCCATGATCGT-1	T	3
TTACCGCCATTACACG-1	T	12
TTACCGCGTATCAGCT-1	T	4
TTACCGCGTCCACCAG-1	T	19
TTACCGCGTGAGTTGG-1	Myeloid	2
TTACCGCGTGCAAGCA-1	T	17
TTACCGCGTGCATTGT-1	T	3
TTACCGCGTGTGACCC-1	T	14
TTACCGCGTTACCACA-1	T	8
TTACCGCGTTCCCTTG-1	NK	13
TTACCGCTCAGAACGG-1	T	1
TTACCGCTCCAACAAC-1	T	12
TTACCGCTCCACCTAC-1	T	16
TTACCGCTCCACGCTT-1	NK	13
TTACCGCTCCATACGA-1	T	4
TTACCGCTCGACGGAA-1	T	1
TTACCGCTCGACTGGC-1	T	1
TTACCGCTCGCGCCAA-1	T	15
TTACCGCTCGGCATAT-1	T	7
TTACCGCTCTGTTGCC-1	NK	13
TTACCGCTCTTGTACT-1	B	6
TTACGGAAGAAGCCGT-1	NK	5
TTACGGAAGCCGCAAA-1	T	17
TTACGGAAGCTGAAAT-1	T	0
TTACGGAAGTCAGGAC-1	T	15
TTACGGAAGTGAGCAC-1	T	10
TTACGGAAGTTTACGC-1	T	14
TTACGGACAAGCAATA-1	T	16
TTACGGACAAGTCCTA-1	B	6
TTACGGACAATACTGC-1	T	7
TTACGGACACCGATCG-1	T	1
TTACGGACACGTGAAG-1	NK	13
TTACGGAGTATCAGCT-1	T	15
TTACGGAGTCAACTAC-1	T	4
TTACGGAGTCGGCTGT-1	T	4
TTACGGAGTCTAAGAA-1	Myeloid	2
TTACGGAGTGAGTAAT-1	B	6
TTACGGAGTGGACCAA-1	T	0
TTACGGAGTGGCCTTG-1	T	8
TTACGGAGTGTGTGTT-1	T	11
TTACGGAGTTACACTG-1	T	10
TTACGGAGTTATAGAG-1	T	11
TTACGGATCAATTCCT-1	NK	13
TTACGGATCACTAGCA-1	T	16
TTACGGATCATCATGG-1	Myeloid	2
TTACGGATCCCTACCA-1	T	0
TTACGGATCCTGACCT-1	T	17
TTACGGATCCTTTGAT-1	T	7
TTACGGATCGCCCTTA-1	T	4
TTACGGATCGCTCTAC-1	T	8
TTACGGATCGGCAATT-1	T	19
TTACGGATCTCCCTTT-1	T	9
TTACGTTAGAAACGCC-1	T	3
TTACGTTAGACAACGC-1	T	12
TTACGTTAGATCACCT-1	T	11
TTACGTTAGATGTTCC-1	T	4
TTACGTTAGCTGATTC-1	NK	13
TTACGTTAGGCAGTAC-1	T	16
TTACGTTAGGCGTAGT-1	T	1
TTACGTTAGGTACACG-1	T	12
TTACGTTAGGTTACAA-1	Myeloid	2
TTACGTTAGTCGAGCA-1	T	12
TTACGTTAGTTAGCAA-1	T	10
TTACGTTCAAGACTTC-1	T	11
TTACGTTCAAGCCAGA-1	T	7
TTACGTTCAAGCTTTG-1	NK	5
TTACGTTCAATGGTAA-1	NK	13
TTACGTTCACCAAGGA-1	Myeloid	2
TTACGTTCACCGATCG-1	T	12
TTACGTTCAGCAACAG-1	NK	13
TTACGTTCAGTAAGCG-1	NK	18
TTACGTTGTAACACTC-1	T	10
TTACGTTGTAAGCCGA-1	T	12
TTACGTTGTCAACAGG-1	T	7
TTACGTTGTCGAGAAC-1	T	14
TTACGTTGTCTCTAAG-1	Myeloid	2
TTACGTTGTCTGATTG-1	T	9
TTACGTTGTGCCCGAT-1	T	16
TTACGTTGTGCCCTAG-1	T	10
TTACGTTTCAAGTTGC-1	T	16
TTACGTTTCACCACAA-1	T	3
TTACGTTTCCTCCTGA-1	T	8
TTACGTTTCCTTTGCG-1	T	9
TTACGTTTCGCAACTA-1	T	9
TTACGTTTCTCATCCG-1	NK	18
TTACGTTTCTGGCCAG-1	T	7
TTACGTTTCTGTAGAC-1	T	0
TTACTCAAGATTCCGT-1	B	6
TTACTCAAGCAATAAC-1	T	9
TTACTCAAGCGCAATG-1	T	8
TTACTCAAGCTATCGT-1	T	9
TTACTCAAGTGAATAC-1	T	4
TTACTCACAAAGAAGG-1	T	7
TTACTCACAAGCAACG-1	T	1
TTACTCACACAAGTGG-1	T	3
TTACTCACACATTCTT-1	T	12
TTACTCACATGTGAGG-1	T	17
TTACTCAGTAATGTGA-1	T	0
TTACTCAGTCATAGCT-1	T	4
TTACTCAGTGGAGTGT-1	T	7
TTACTCAGTGTAGGAC-1	T	19
TTACTCAGTTGGCGAA-1	NK	13
TTACTCATCAATTGGC-1	T	8
TTACTCATCACATCCC-1	T	16
TTACTCATCACTACCC-1	T	17
TTACTCATCCAGCACG-1	B	6
TTACTCATCCGGAAAG-1	NK	13
TTACTCATCGATGTAC-1	T	7
TTACTTGAGAGGCGGA-1	NK	13
TTACTTGAGATTACGA-1	T	10
TTACTTGAGGATTGAT-1	NK	18
TTACTTGAGGCTTCGC-1	T	10
TTACTTGAGGTTAGTA-1	T	14
TTACTTGAGTGAATAC-1	NK	13
TTACTTGAGTGATATG-1	T	0
TTACTTGAGTTACCAC-1	Myeloid	2
TTACTTGAGTTCAACC-1	Myeloid	2
TTACTTGCAACTGCGC-1	T	3
TTACTTGCAAGTTGCT-1	T	14
TTACTTGCACAACGGA-1	T	7
TTACTTGCACCGAAAG-1	Myeloid	2
TTACTTGCACCTATTT-1	T	4
TTACTTGCAGTAACTC-1	T	3
TTACTTGCATCCATAG-1	NK	13
TTACTTGGTAACAATG-1	Myeloid	2
TTACTTGGTAAGGTCG-1	T	4
TTACTTGGTACTTCAG-1	NK	18
TTACTTGGTAGTAACA-1	T	12
TTACTTGGTATGGTTC-1	T	14
TTACTTGGTATTCGCA-1	Myeloid	2
TTACTTGGTCAACTAC-1	T	16
TTACTTGGTCAGCAAG-1	T	15
TTACTTGGTCATTGGT-1	T	3
TTACTTGGTCTGTTGA-1	T	12
TTACTTGGTGCGTCCA-1	B	6
TTACTTGGTGGAAAGA-1	NK	5
TTACTTGGTGGCCTCA-1	T	14
TTACTTGGTGGCCTTG-1	T	9
TTACTTGGTTTCCACC-1	T	4
TTACTTGTCAATTCCT-1	NK	18
TTACTTGTCAGAGTGG-1	T	7
TTACTTGTCCAGGGAA-1	T	9
TTACTTGTCCGATTGA-1	T	9
TTACTTGTCCGCGATG-1	NK	13
TTACTTGTCGCCCTTA-1	NK	18
TTAGCGAAGACACAAT-1	T	12
TTAGCGAAGAGGAATG-1	Myeloid	2
TTAGCGAAGATGAGGA-1	T	14
TTAGCGAAGATTCCGT-1	T	1
TTAGCGAAGCCAGAAC-1	T	12
TTAGCGAAGGCCAATG-1	T	14
TTAGCGAAGGGTCTGA-1	NK	18
TTAGCGAAGTACGACG-1	NK	13
TTAGCGAAGTAGTTCC-1	T	3
TTAGCGAAGTATAGTG-1	T	1
TTAGCGAAGTTCAGGG-1	T	15
TTAGCGACAAAGAGAG-1	T	0
TTAGCGACAAGAAACT-1	T	1
TTAGCGACAAGGGAGG-1	T	9
TTAGCGACAATTGGCT-1	T	9
TTAGCGACACAAACGG-1	T	3
TTAGCGACAGGTCTGC-1	T	3
TTAGCGACATCATAGC-1	T	9
TTAGCGAGTACGTAGG-1	Myeloid	2
TTAGCGAGTATCGCGC-1	T	3
TTAGCGAGTATGCTAC-1	T	7
TTAGCGAGTCAGAGTG-1	Myeloid	2
TTAGCGAGTCATTGCA-1	NK	13
TTAGCGAGTCGCTACG-1	T	14
TTAGCGAGTCTCAAAC-1	T	12
TTAGCGAGTGATAAGT-1	T	1
TTAGCGAGTTCCCTTG-1	T	7
TTAGCGAGTTCTTTCA-1	T	11
TTAGCGAGTTTGAAGA-1	T	7
TTAGCGATCAATCGTG-1	T	7
TTAGCGATCAGGAAGC-1	T	9
TTAGCGATCGAGAAGC-1	T	1
TTAGCGATCGAGGTCC-1	T	14
TTAGCGATCGATGAAA-1	NK	18
TTAGCGATCGGGAATG-1	NK	5
TTAGCGATCTTCGTTA-1	T	0
TTAGCTTAGACGAAAG-1	T	10
TTAGCTTAGATCCGAG-1	T	3
TTAGCTTAGATTGACA-1	NK	18
TTAGCTTAGCAATAAC-1	Myeloid	2
TTAGCTTAGCTATCCA-1	T	8
TTAGCTTAGGAGTAGA-1	NK	13
TTAGCTTAGGCAAGGG-1	T	7
TTAGCTTAGGCCTAAG-1	T	14
TTAGCTTAGGGCATTG-1	T	4
TTAGCTTAGTACCTCA-1	T	9
TTAGCTTCAAACAGTA-1	NK	18
TTAGCTTCAAAGAAGG-1	T	16
TTAGCTTCAACCTCCT-1	T	1
TTAGCTTCAAGCGTCC-1	T	14
TTAGCTTCAAGTCTGT-1	NK	13
TTAGCTTCAATCACTG-1	NK	18
TTAGCTTCAATGTGCT-1	T	1
TTAGCTTCAATTCAGC-1	T	3
TTAGCTTCACAAACGG-1	T	9
TTAGCTTCACACTAGT-1	T	3
TTAGCTTCACCAAGGA-1	T	12
TTAGCTTCACCGAAAG-1	T	4
TTAGCTTCAGCTTACA-1	T	9
TTAGCTTCAGTTCGGC-1	T	9
TTAGCTTCATCTGCAA-1	T	17
TTAGCTTCATTACTCT-1	Myeloid	2
TTAGCTTGTAAGCCTT-1	T	0
TTAGCTTGTACGGTTT-1	NK	5
TTAGCTTGTAGATGAT-1	T	11
TTAGCTTGTAGGTAAT-1	T	8
TTAGCTTGTATTCGAC-1	Myeloid	2
TTAGCTTGTCAACTAC-1	T	16
TTAGCTTGTGATCAGG-1	Myeloid	2
TTAGCTTGTGCACATT-1	B	6
TTAGCTTGTTTGCCAA-1	T	9
TTAGCTTTCCCTATTA-1	NK	13
TTAGCTTTCCGTTTCG-1	T	11
TTAGCTTTCGAGTGTT-1	B	6
TTAGCTTTCGCACCGA-1	NK	5
TTAGCTTTCGCGCCAA-1	T	15
TTAGGTGAGAGACTCG-1	T	16
TTAGGTGAGATATGTG-1	T	0
TTAGGTGAGATCGAGC-1	T	9
TTAGGTGAGCTACGTT-1	T	4
TTAGGTGAGGAATGGA-1	Myeloid	2
TTAGGTGAGGAGAACA-1	Myeloid	2
TTAGGTGAGTCCGTGC-1	T	14
TTAGGTGAGTTTACGC-1	NK	13
TTAGGTGCAAAGCTTC-1	T	3
TTAGGTGCACAAGTGG-1	T	17
TTAGGTGCACGTTACA-1	Myeloid	2
TTAGGTGCACTGGGCT-1	T	8
TTAGGTGCAGGAGCAT-1	T	8
TTAGGTGCATAGAATG-1	T	16
TTAGGTGCATGCCTTC-1	NK	18
TTAGGTGCATTTCACT-1	B	6
TTAGGTGGTAGAAGCC-1	NK	13
TTAGGTGGTATCACAC-1	T	12
TTAGGTGGTATTCTCT-1	T	9
TTAGGTGGTATTTGCG-1	NK	5
TTAGGTGGTCAGACGA-1	Myeloid	2
TTAGGTGGTGCGACCT-1	B	6
TTAGGTGGTGCTGTCG-1	NK	18
TTAGGTGGTGCTTGAT-1	T	9
TTAGGTGGTTCCCGGA-1	T	12
TTAGGTGGTTTCCGGG-1	NK	5
TTAGGTGTCAGGTCTA-1	T	17
TTAGGTGTCAGTCAAC-1	T	3
TTAGGTGTCCAGGTCG-1	T	7
TTAGGTGTCCGGAAAG-1	NK	13
TTAGGTGTCGCCACTT-1	T	3
TTAGGTGTCGGTCGAC-1	T	1
TTAGGTGTCGGTTCCT-1	NK	18
TTAGGTGTCTATCTCA-1	T	9
TTAGGTGTCTCCTTGG-1	T	15
TTAGGTGTCTGGCCAG-1	T	8
TTATGTCAGACGAAAG-1	T	9
TTATGTCAGAGGAACA-1	T	19
TTATGTCAGCGTGTTT-1	T	0
TTATGTCAGTCCGATT-1	T	16
TTATGTCAGTGGTGTG-1	T	7
TTATGTCCAAGGCGTA-1	NK	18
TTATGTCCAATAGTGA-1	NK	18
TTATGTCCACGCTAAT-1	T	1
TTATGTCCACTTACAG-1	T	7
TTATGTCCAGAACTTC-1	T	15
TTATGTCCAGTAACTC-1	T	1
TTATGTCCAGTCAGCC-1	T	9
TTATGTCCAGTGCTCG-1	T	4
TTATGTCCATGCGCTG-1	NK	5
TTATGTCCATTGAACC-1	T	19
TTATGTCGTAACACTC-1	B	6
TTATGTCGTAACCATC-1	Myeloid	2
TTATGTCGTAACGTAA-1	T	7
TTATGTCGTCCTTCAC-1	T	8
TTATGTCGTGCAAGCA-1	T	16
TTATGTCGTTACTACG-1	T	9
TTATGTCGTTAGCTCA-1	T	4
TTATGTCGTTGAATAG-1	NK	5
TTATGTCGTTTAGACC-1	T	8
TTATGTCTCAAGAGAT-1	NK	18
TTATGTCTCATCGCTC-1	T	9
TTATGTCTCCACACCT-1	T	11
TTATGTCTCCAGTTAG-1	T	16
TTATGTCTCCGAATTG-1	T	0
TTATGTCTCCGGACTG-1	T	19
TTATGTCTCTATCCTA-1	T	17
TTATGTCTCTCGCGGA-1	T	9
TTATGTCTCTGCTACC-1	B	6
TTATGTCTCTGGACAT-1	T	7
TTATGTCTCTTGTGCC-1	NK	18
TTCAACTAGAAAGGGT-1	B	6
TTCAACTAGCACGTAG-1	T	3
TTCAACTAGGATGCCA-1	T	4
TTCAACTAGTAGTTCC-1	T	9
TTCAACTAGTCTCTAG-1	T	8
TTCAACTAGTGCACAG-1	T	11
TTCAACTAGTTCCCGG-1	NK	13
TTCAACTAGTTGTCCA-1	T	3
TTCAACTAGTTTACGC-1	T	14
TTCAACTCAACGTCCG-1	T	16
TTCAACTCAAGGAGGG-1	T	12
TTCAACTCAAGTAACA-1	T	9
TTCAACTCAAGTTGCT-1	T	1
TTCAACTCAATGTGCT-1	T	14
TTCAACTCACCGTCTT-1	Myeloid	2
TTCAACTCACGCGACT-1	T	0
TTCAACTCACGCGATC-1	NK	18
TTCAACTCACTCCCAT-1	T	16
TTCAACTCATTCACCC-1	T	3
TTCAACTGTATGGGTG-1	T	0
TTCAACTGTGAATCGG-1	T	10
TTCAACTGTGGACGAT-1	T	14
TTCAACTGTGGTGGTA-1	Myeloid	2
TTCAACTGTGTCGTGC-1	T	17
TTCAACTGTTCAGTTG-1	Myeloid	2
TTCAACTTCCCAATAG-1	NK	5
TTCAACTTCCCAGCGA-1	T	15
TTCAACTTCCGGGCAT-1	T	4
TTCAACTTCCGTGCGA-1	T	0
TTCAACTTCCTGAAAC-1	T	3
TTCAACTTCTACTGCC-1	T	9
TTCAACTTCTCGCGGA-1	T	0
TTCATCAAGAGCGAAA-1	T	7
TTCATCAAGATTACGA-1	Myeloid	2
TTCATCAAGCATTCCA-1	T	9
TTCATCAAGGCAATTA-1	T	16
TTCATCAAGGTTGTTC-1	T	1
TTCATCAAGTATACCC-1	T	12
TTCATCAAGTATGGGC-1	NK	18
TTCATCAAGTGATTAG-1	T	12
TTCATCACAAGCGAAC-1	Myeloid	2
TTCATCACAATGCATC-1	T	9
TTCATCACACAAGGGT-1	T	8
TTCATCACACGATATC-1	T	9
TTCATCACACTCCCAT-1	T	10
TTCATCACAGCCACGT-1	NK	5
TTCATCACAGGATAGC-1	Myeloid	2
TTCATCACAGGGAGTT-1	NK	18
TTCATCACATCCCGGA-1	T	1
TTCATCACATGGCCTG-1	NK	18
TTCATCACATTCTTTG-1	Myeloid	2
TTCATCAGTGCAAGAC-1	T	11
TTCATCAGTGCAGACA-1	B	6
TTCATCAGTTCCAGTA-1	T	11
TTCATCAGTTCTTAGG-1	T	12
TTCATCATCACTGATG-1	T	0
TTCATCATCATTGCCC-1	T	19
TTCATCATCCCTACGT-1	NK	13
TTCATCATCGAACCGC-1	T	4
TTCATCATCGCGCTGA-1	NK	13
TTCATCATCGCTGATA-1	NK	18
TTCATCATCGGCATAT-1	T	8
TTCATCATCGTGAGTT-1	T	12
TTCATCATCGTGGCGT-1	NK	18
TTCATCATCTATACCT-1	NK	18
TTCATTGAGAATCAGT-1	T	4
TTCATTGAGATTACGA-1	T	14
TTCATTGAGCGAATAT-1	NK	18
TTCATTGAGGCACTAG-1	T	3
TTCATTGAGTGATCTC-1	T	7
TTCATTGCAAGCAGGT-1	T	16
TTCATTGCAAGCCCTG-1	T	1
TTCATTGCACAAACAA-1	T	10
TTCATTGCACGTTAGT-1	T	8
TTCATTGCAGAGCCAA-1	T	15
TTCATTGCAGAGTCGA-1	T	10
TTCATTGCAGTATACC-1	T	3
TTCATTGCATACCCGG-1	NK	13
TTCATTGCATTAACGC-1	T	11
TTCATTGCATTCTTTG-1	NK	5
TTCATTGGTATCTAGC-1	T	17
TTCATTGGTATGGTTC-1	NK	18
TTCATTGGTCAAGACG-1	T	4
TTCATTGGTCAGAAGC-1	T	7
TTCATTGGTCATAGAA-1	T	14
TTCATTGGTGACGCAA-1	T	16
TTCATTGGTGCCCGAT-1	T	1
TTCATTGGTGTGTGTT-1	T	14
TTCATTGGTTTAAGCC-1	T	0
TTCATTGTCACAAGCT-1	T	19
TTCATTGTCCATGTTT-1	T	3
TTCGATTAGATGTTGA-1	NK	18
TTCGATTAGCCTGTAT-1	T	8
TTCGATTAGCGTATCT-1	T	10
TTCGATTAGGATGCCA-1	B	6
TTCGATTAGGATGTAT-1	T	0
TTCGATTAGGCGTAGT-1	T	15
TTCGATTAGGTTACAA-1	T	10
TTCGATTAGTCATACC-1	T	0
TTCGATTAGTGGACGT-1	T	12
TTCGATTAGTTGCCGC-1	T	12
TTCGATTCACATGATC-1	T	3
TTCGATTCACGCCGAT-1	T	11
TTCGATTCACGTTGTA-1	T	16
TTCGATTCACTAGGAG-1	T	9
TTCGATTCACTGGGCT-1	T	14
TTCGATTCAGGTCTGC-1	T	11
TTCGATTCAGTGCTCG-1	T	16
TTCGATTCATCATAGC-1	Myeloid	2
TTCGATTCATCGTACA-1	T	19
TTCGATTCATGCGACC-1	T	19
TTCGATTGTACGAGAC-1	T	9
TTCGATTGTAGAAGCC-1	T	17
TTCGATTGTAGCAGGT-1	T	9
TTCGATTGTCAAACAA-1	Myeloid	2
TTCGATTGTCATAAGA-1	T	9
TTCGATTGTGAATGTA-1	T	9
TTCGATTGTGAGGTCA-1	T	17
TTCGATTGTGATAAGT-1	NK	13
TTCGATTGTGTGCTTA-1	T	12
TTCGATTGTTATAGAG-1	T	0
TTCGATTGTTCCAATG-1	T	0
TTCGATTGTTGCTTGA-1	T	0
TTCGATTTCCACTAGA-1	T	9
TTCGATTTCCATACCC-1	B	6
TTCGATTTCCCAGCAG-1	T	16
TTCGATTTCGAACACT-1	T	7
TTCGATTTCGGTGATT-1	T	11
TTCGATTTCGTGTGCG-1	T	0
TTCGATTTCTATCTCA-1	T	8
TTCGATTTCTCCACTG-1	NK	13
TTCGCGTAGAGCCACA-1	T	7
TTCGCGTAGCGCACAA-1	Myeloid	2
TTCGCGTAGGCGACTA-1	T	4
TTCGCGTAGGTTAACA-1	NK	5
TTCGCGTAGTACCACT-1	T	4
TTCGCGTAGTCGACCC-1	T	9
TTCGCGTAGTCTGCTA-1	T	4
TTCGCGTAGTGCTAGG-1	T	8
TTCGCGTAGTGCTCGC-1	T	3
TTCGCGTCAACCTCTC-1	T	9
TTCGCGTCAAGAAACT-1	T	16
TTCGCGTCAATGGCAG-1	T	4
TTCGCGTCATAGATAG-1	T	14
TTCGCGTCATAGCCAT-1	T	1
TTCGCGTCATGCGCTG-1	T	0
TTCGCGTCATTATGGC-1	T	12
TTCGCGTGTAGGTAAT-1	T	15
TTCGCGTGTTAAGGGC-1	T	4
TTCGCGTGTTCTTAGG-1	T	8
TTCGCGTTCACTAGGT-1	T	3
TTCGCGTTCCAACAAC-1	T	8
TTCGCGTTCCCAGTAA-1	Myeloid	2
TTCGCGTTCCGGCTGA-1	NK	18
TTCGCGTTCGACTATG-1	T	4
TTCGCGTTCGACTGGC-1	T	10
TTCGCGTTCGTGGAAG-1	NK	13
TTCGCGTTCTTAGTGG-1	B	6
TTCGGTCAGACCTATC-1	T	4
TTCGGTCAGCGCAATG-1	T	7
TTCGGTCAGGGAAATG-1	T	1
TTCGGTCAGGTCTTGT-1	NK	18
TTCGGTCAGGTGAACC-1	T	17
TTCGGTCAGGTTGACG-1	T	10
TTCGGTCCAAGCACTT-1	T	9
TTCGGTCCAAGCAGGT-1	T	0
TTCGGTCCACCGTTGG-1	T	9
TTCGGTCCACTTGCGG-1	NK	18
TTCGGTCCAGTAAGCG-1	T	11
TTCGGTCCATAGACGG-1	NK	18
TTCGGTCCATGGGACA-1	T	9
TTCGGTCCATGTAGAA-1	NK	13
TTCGGTCGTACGGATG-1	T	16
TTCGGTCGTATCTGCA-1	T	0
TTCGGTCGTCTAAGAA-1	T	12
TTCGGTCGTCTGCGCA-1	T	10
TTCGGTCGTGATGCTT-1	T	0
TTCGGTCGTGGTCGAA-1	T	8
TTCGGTCGTTTAAGGA-1	T	3
TTCGGTCGTTTAGAAG-1	T	4
TTCGGTCGTTTCCGGG-1	T	4
TTCGGTCTCAACGTGT-1	T	4
TTCGGTCTCAATTCCT-1	Myeloid	2
TTCGGTCTCGCTCGGA-1	T	11
TTCGGTCTCGTCTAGA-1	T	11
TTCGGTCTCGTGCTGG-1	T	0
TTCGGTCTCTTAGTGG-1	NK	13
TTCGTTAAGAACCCGA-1	T	15
TTCGTTAAGAGCGGTT-1	T	17
TTCGTTAAGATCGCCC-1	T	9
TTCGTTAAGGATGTCG-1	T	14
TTCGTTAAGGCACCTC-1	T	9
TTCGTTAAGGCTTTAC-1	B	6
TTCGTTAAGGGCTCTC-1	Myeloid	2
TTCGTTAAGGTTTCTG-1	NK	5
TTCGTTAAGTAGACCG-1	B	6
TTCGTTAAGTCGATAA-1	T	12
TTCGTTAAGTGGTGTG-1	T	3
TTCGTTACAAGACACG-1	T	7
TTCGTTACAAGGCGTA-1	Myeloid	2
TTCGTTACAATGACTC-1	T	16
TTCGTTACAATTGGCT-1	T	10
TTCGTTACACGAACGA-1	T	9
TTCGTTACACTCAGCG-1	T	14
TTCGTTACAGTAGTTC-1	NK	18
TTCGTTACATCCCGGA-1	Myeloid	2
TTCGTTACATGGGAAC-1	T	11
TTCGTTAGTATGTCCA-1	T	4
TTCGTTAGTCCGGTAC-1	T	1
TTCGTTAGTGGTAAGC-1	T	9
TTCGTTAGTGGTACTT-1	NK	13
TTCGTTATCATGTTCT-1	T	12
TTCGTTATCCATACCC-1	T	16
TTCGTTATCCCAATAG-1	T	14
TTCGTTATCCTCTCTT-1	NK	13
TTCGTTATCCTGAAAC-1	T	15
TTCGTTATCCTGGAAT-1	T	0
TTCGTTATCTAGTCGA-1	T	19
TTCGTTATCTCCCTTT-1	B	6
TTCGTTATCTCGACAA-1	T	17
TTCTAACAGAACAGGA-1	T	0
TTCTAACAGAAGACTT-1	T	16
TTCTAACAGACCATAA-1	T	19
TTCTAACAGCCTTTGA-1	T	15
TTCTAACAGGCCTCGT-1	T	0
TTCTAACAGGGAGTTC-1	T	14
TTCTAACAGTGGGACT-1	NK	18
TTCTAACAGTGGTGTG-1	T	10
TTCTAACCAATCCATG-1	T	8
TTCTAACCACAAGTGG-1	T	16
TTCTAACCACAGCTTA-1	T	10
TTCTAACCACCCATCT-1	T	9
TTCTAACCACGAACGA-1	NK	18
TTCTAACGTAATGTAG-1	T	16
TTCTAACGTCAGACGA-1	T	1
TTCTAACGTGTCTACA-1	T	3
TTCTAACGTGTGCTTA-1	T	4
TTCTAACGTTAGCTCA-1	NK	18
TTCTAACGTTCGGGAA-1	T	1
TTCTAACGTTTGCCCT-1	T	11
TTCTAACTCACCACAA-1	T	9
TTCTAACTCACCGCGA-1	T	3
TTCTAACTCACTTACT-1	T	8
TTCTAACTCATACTTC-1	T	14
TTCTAACTCCCAGTAA-1	Myeloid	2
TTCTAACTCCGATTGA-1	T	12
TTCTAACTCGATCGCG-1	T	7
TTCTAACTCGTATAGC-1	NK	5
TTCTAACTCGTGCTGG-1	T	14
TTCTAACTCTTCCAGC-1	T	9
TTCTAACTCTTGGCCT-1	T	12
TTCTGTAAGAAGAGTG-1	T	9
TTCTGTAAGCAACTGG-1	T	19
TTCTGTAAGCCTTTGA-1	T	14
TTCTGTAAGGAGAACA-1	NK	18
TTCTGTAAGGAGACTC-1	T	7
TTCTGTAAGTGTTCCA-1	B	6
TTCTGTAAGTTCAACC-1	T	10
TTCTGTACAAATAGTG-1	T	1
TTCTGTACAATGCATC-1	T	9
TTCTGTACACAGAAGC-1	T	9
TTCTGTACATGGCCGT-1	T	8
TTCTGTACATTAACGC-1	T	14
TTCTGTAGTCATAGCT-1	NK	18
TTCTGTAGTGACCAGA-1	NK	13
TTCTGTAGTGGTCGAA-1	T	14
TTCTGTAGTTCCCTTG-1	T	17
TTCTGTATCAGATACC-1	T	0
TTCTGTATCAGCCGGT-1	T	0
TTCTGTATCCACTAGA-1	T	16
TTCTGTATCCGCTCTA-1	T	15
TTCTGTATCCGGCTGA-1	NK	18
TTCTGTATCCGTGCAG-1	NK	13
TTCTGTATCCTCATTA-1	T	9
TTCTGTATCCTCCTGA-1	T	15
TTCTGTATCGCCCTTA-1	T	0
TTCTGTATCGTATAGC-1	Myeloid	2
TTCTGTATCTGAGTAC-1	T	7
TTCTGTATCTTATCAC-1	T	12
TTCTGTATCTTCCAGC-1	T	1
TTCTGTATCTTCCGTG-1	T	8
TTGACGAAGACCCTAT-1	T	16
TTGACGAAGATCGCCC-1	Myeloid	2
TTGACGAAGGTCACTT-1	B	6
TTGACGAAGGTTCGAG-1	NK	5
TTGACGAAGTCTCTAG-1	T	0
TTGACGAAGTGAGCAC-1	T	3
TTGACGAAGTGAGTTA-1	T	14
TTGACGAAGTGTTCCA-1	T	4
TTGACGACAAGCCAGA-1	T	9
TTGACGACAAGCGTCC-1	T	3
TTGACGACAAGGACCA-1	NK	5
TTGACGACAATGGCAG-1	T	7
TTGACGACACTTTGGA-1	T	1
TTGACGACAGCTATAC-1	T	4
TTGACGACATCCCGGA-1	T	4
TTGACGAGTAATGTGA-1	T	11
TTGACGAGTACGGATG-1	Myeloid	2
TTGACGAGTATTCGAC-1	T	15
TTGACGAGTATTGTGC-1	T	12
TTGACGAGTCTGTGTA-1	T	16
TTGACGAGTTTCAGCA-1	T	3
TTGACGATCAGCACTA-1	NK	13
TTGACGATCATCGCAA-1	T	1
TTGACGATCATTCTTG-1	T	7
TTGACGATCCAGGGAA-1	T	0
TTGACGATCCCACGGA-1	T	1
TTGACGATCCTAGAGT-1	T	16
TTGACGATCGAGGCTC-1	T	3
TTGACGATCGATGCAT-1	T	15
TTGACGATCGCACCGA-1	B	6
TTGACGATCGCAGATT-1	T	15
TTGACGATCGCGCCAA-1	T	4
TTGACGATCTCCAACC-1	T	9
TTGACGATCTCTTCCT-1	T	1
TTGACGATCTTACGGA-1	T	1
TTGACGATCTTGTGCC-1	Myeloid	2
TTGAGCAAGAGCTCCC-1	T	16
TTGAGCAAGCCCATTA-1	T	11
TTGAGCAAGCGCCTAC-1	NK	18
TTGAGCAAGGCGTAGT-1	T	19
TTGAGCAAGGTAAGCC-1	T	8
TTGAGCAAGGTGTTGG-1	T	7
TTGAGCAAGTAACACA-1	T	19
TTGAGCAAGTCAGGAC-1	T	17
TTGAGCAAGTCCGATT-1	B	6
TTGAGCAAGTTGAATG-1	NK	13
TTGAGCACAACGGACA-1	T	7
TTGAGCACAAGAAACT-1	T	12
TTGAGCACAAGAGATT-1	T	17
TTGAGCACACATTCTT-1	T	16
TTGAGCACACCTGGTG-1	T	12
TTGAGCACATAGAATG-1	T	3
TTGAGCACATCAGAAA-1	T	8
TTGAGCACATGGCCGT-1	NK	18
TTGAGCAGTAAACCCT-1	T	12
TTGAGCAGTAAACGGC-1	T	14
TTGAGCAGTAGCAGCA-1	T	8
TTGAGCAGTAGTAACA-1	NK	13
TTGAGCAGTCGAGGTA-1	T	4
TTGAGCAGTCTGCACG-1	T	12
TTGAGCAGTGAATCGG-1	T	3
TTGAGCAGTGCCAAGA-1	T	7
TTGAGCAGTGGTCGAA-1	T	4
TTGAGCAGTTAGGCTT-1	T	0
TTGAGCAGTTCCAATG-1	T	15
TTGAGCAGTTGGGAAC-1	T	7
TTGAGCAGTTTAGAAG-1	T	7
TTGAGCATCAAACCCA-1	T	1
TTGAGCATCAGCCGAC-1	NK	18
TTGAGCATCATGTTCT-1	Myeloid	2
TTGAGCATCCCACGGA-1	T	16
TTGAGCATCGAGCGCT-1	B	6
TTGAGCATCGCATACA-1	B	6
TTGAGCATCGGGAAAC-1	T	9
TTGAGCATCGTGAGTT-1	Myeloid	2
TTGAGCATCTGTTTAC-1	T	7
TTGAGCATCTTCCGTG-1	T	19
TTGAGTGAGCGTCAAG-1	T	12
TTGAGTGAGCTACGCC-1	T	16
TTGAGTGAGGAATGGA-1	NK	13
TTGAGTGAGTAGAAGG-1	T	16
TTGAGTGAGTTGTCCA-1	T	10
TTGAGTGCAACGAGGT-1	T	1
TTGAGTGCAAGACACG-1	B	6
TTGAGTGCAAGCACTT-1	T	0
TTGAGTGCAAGCCCTG-1	T	19
TTGAGTGCAGCCACGT-1	Myeloid	2
TTGAGTGCATTTCTTG-1	T	16
TTGAGTGGTCGAGGTA-1	T	8
TTGAGTGGTCGATAGG-1	T	10
TTGAGTGGTGCGTTTA-1	T	0
TTGAGTGGTTCCAGTA-1	T	12
TTGAGTGTCACATCCC-1	T	3
TTGAGTGTCAGTCAAC-1	T	17
TTGAGTGTCCCAGCGA-1	NK	18
TTGAGTGTCGCTTGAA-1	Myeloid	2
TTGAGTGTCTATAGGC-1	T	0
TTGAGTGTCTTACCTA-1	T	9
TTGCACCAGAATGCTA-1	T	14
TTGCACCAGATCGAGC-1	NK	13
TTGCACCAGCCCATGC-1	T	15
TTGCACCAGCTGAATA-1	NK	13
TTGCACCAGGGAAATG-1	T	9
TTGCACCAGGTCTTTG-1	T	3
TTGCACCAGGTGTCGA-1	T	10
TTGCACCAGTGTTCCA-1	T	14
TTGCACCAGTTGTCCA-1	NK	18
TTGCACCCAACTGCGC-1	T	8
TTGCACCCACACACCG-1	T	3
TTGCACCCACATATCG-1	NK	18
TTGCACCCAGTTGCAT-1	NK	18
TTGCACCCATAGATAG-1	T	0
TTGCACCCATCTCTCG-1	T	19
TTGCACCCATTCTCGC-1	NK	18
TTGCACCGTAAGGTCG-1	T	12
TTGCACCGTACATGGG-1	T	4
TTGCACCGTACGTATC-1	NK	5
TTGCACCGTCGAGGTA-1	T	0
TTGCACCGTGAGTTGG-1	T	1
TTGCACCGTGGCATAG-1	T	4
TTGCACCGTGGTTCTA-1	T	4
TTGCACCGTGTTAGAA-1	T	8
TTGCACCGTTATGCAC-1	Myeloid	2
TTGCACCGTTCTCGAA-1	NK	5
TTGCACCGTTTCCACC-1	T	9
TTGCACCTCAATCGTG-1	T	7
TTGCAGAAGATTCCGT-1	NK	13
TTGCAGAAGCAACTGG-1	T	3
TTGCAGAAGCCTATAC-1	Myeloid	2
TTGCAGAAGGATGCCA-1	T	14
TTGCAGAAGGCAAGCT-1	T	1
TTGCAGAAGGGCATTG-1	Myeloid	2
TTGCAGAAGGTCACTT-1	NK	13
TTGCAGAAGTCTGCTA-1	T	3
TTGCAGAAGTGGGACT-1	T	10
TTGCAGACAGATTTGC-1	T	11
TTGCAGACAGCGTACC-1	NK	18
TTGCAGACAGTCAGAG-1	T	8
TTGCAGAGTACAAATG-1	T	16
TTGCAGAGTGATCAGG-1	T	19
TTGCAGAGTGCGCATC-1	T	17
TTGCAGAGTGGTACTT-1	Myeloid	2
TTGCAGAGTTAACTCG-1	T	11
TTGCAGAGTTAGGAAT-1	NK	18
TTGCAGATCCACGCTT-1	T	16
TTGCAGATCCTGGAAT-1	T	9
TTGCAGATCGCACCGA-1	T	17
TTGCAGATCTCCCTTT-1	T	11
TTGCCCAAGAAGAGTG-1	T	14
TTGCCCAAGATCCGAG-1	T	16
TTGCCCAAGCGTCTGC-1	NK	13
TTGCCCAAGCTGAATA-1	T	16
TTGCCCAAGCTGGAGT-1	T	4
TTGCCCAAGGCGATTG-1	NK	18
TTGCCCAAGGCTCCTG-1	T	19
TTGCCCACAAACCGAG-1	T	8
TTGCCCACAACTGCGC-1	T	17
TTGCCCACAAGGGTAC-1	T	1
TTGCCCACAAGTGGCA-1	Myeloid	2
TTGCCCACAATAGTGA-1	T	11
TTGCCCACAATGGTAA-1	T	4
TTGCCCACACCGTTGG-1	NK	13
TTGCCCACACTGTTAG-1	T	7
TTGCCCACAGAGATGC-1	T	1
TTGCCCACAGAGTCGA-1	T	8
TTGCCCACAGCAAACG-1	T	10
TTGCCCAGTAACACTC-1	T	8
TTGCCCAGTAGTCTGT-1	T	4
TTGCCCAGTATTCGCA-1	NK	13
TTGCCCAGTGAATGTA-1	T	7
TTGCCCAGTGCCGGTT-1	T	17
TTGCCCAGTGTCCAGC-1	T	8
TTGCCCAGTGTCGTGC-1	T	9
TTGCCCAGTGTGAGGT-1	T	8
TTGCCCAGTTTGTACG-1	Myeloid	2
TTGCCCATCAATTCCT-1	T	9
TTGCCCATCATCGCAA-1	Myeloid	2
TTGCCCATCCATGTTT-1	T	0
TTGCCCATCCCACTTG-1	Myeloid	2
TTGCCCATCCGTCAAA-1	T	9
TTGCCCATCGTATAGC-1	T	16
TTGCCCATCTCTTAAC-1	NK	18
TTGCCCATCTCTTCCT-1	B	6
TTGCCCATCTGGCGCA-1	NK	5
TTGCGAAAGAACAGGA-1	NK	18
TTGCGAAAGACCCATT-1	T	14
TTGCGAAAGACTTCCA-1	T	10
TTGCGAAAGAGAAGCA-1	T	15
TTGCGAAAGAGGCCTA-1	NK	18
TTGCGAAAGCATACCT-1	NK	13
TTGCGAAAGCTGAAAT-1	T	14
TTGCGAAAGGCAGTGT-1	T	8
TTGCGAAAGTATACGA-1	T	14
TTGCGAAAGTCTCTAG-1	T	12
TTGCGAAAGTGTAATG-1	NK	13
TTGCGAACAATGTGCT-1	T	8
TTGCGAACACAATAAG-1	T	4
TTGCGAACAGTAACTC-1	T	7
TTGCGAACATAGCAGG-1	T	14
TTGCGAACATCGTACA-1	T	16
TTGCGAAGTCAATACC-1	T	19
TTGCGAAGTGTTAGAA-1	NK	18
TTGCGAAGTTATAGAG-1	Myeloid	2
TTGCGAAGTTCAGTAC-1	T	1
TTGCGAATCAGTGTAC-1	T	10
TTGCGAATCCAAGTCA-1	T	11
TTGCGAATCGTTCAGA-1	T	9
TTGCGAATCTTGCGCT-1	T	15
TTGCGGGAGAACGTTA-1	T	9
TTGCGGGAGAACTCCT-1	T	7
TTGCGGGAGCACCATT-1	B	6
TTGCGGGAGCCCATTA-1	T	9
TTGCGGGAGCGTCTGC-1	NK	13
TTGCGGGAGGATATCA-1	NK	18
TTGCGGGAGTTATGAG-1	T	17
TTGCGGGCAACTACTG-1	T	3
TTGCGGGCAAGATTAG-1	B	6
TTGCGGGCACAGCTTA-1	T	7
TTGCGGGCACAGTTAC-1	T	16
TTGCGGGCACAGTTCA-1	T	0
TTGCGGGCACTGTAAC-1	T	12
TTGCGGGCAGCCACGT-1	T	15
TTGCGGGCATCCCAAA-1	T	9
TTGCGGGGTAACCGAG-1	B	6
TTGCGGGGTACGGTTT-1	T	17
TTGCGGGGTCAGAGTG-1	T	12
TTGCGGGGTGATGCGA-1	T	15
TTGCGGGGTGGCATAG-1	T	3
TTGCGGGGTGTGCTTA-1	T	12
TTGCGGGGTTAAGGGC-1	T	7
TTGCGGGGTTCAGTAC-1	B	6
TTGCGGGGTTTCCGGG-1	T	19
TTGCGGGTCAAAGTAG-1	T	0
TTGCGGGTCAATTGGC-1	T	16
TTGCGGGTCAGGCGCT-1	T	3
TTGCGGGTCCACGCTT-1	NK	18
TTGCGGGTCCCGTATC-1	T	8
TTGCGGGTCCCTAAAG-1	T	1
TTGCGGGTCCGATTGA-1	T	19
TTGCGGGTCGATCTTT-1	Myeloid	2
TTGCGGGTCGCGGCAT-1	T	19
TTGCGGGTCTCCACTG-1	T	7
TTGCGGGTCTCGTAGA-1	T	3
TTGCGGGTCTTAACGG-1	T	0
TTGCTATAGAAAGGGT-1	T	0
TTGCTATAGAAGCCTG-1	T	9
TTGCTATAGACTTCCA-1	T	14
TTGCTATAGAGCTGTG-1	NK	13
TTGCTATAGAGTTTGA-1	T	4
TTGCTATAGATACCAA-1	T	3
TTGCTATAGATCTCAC-1	NK	18
TTGCTATAGCCATGGA-1	B	6
TTGCTATAGCCTTTGA-1	T	7
TTGCTATAGGCGATTG-1	NK	13
TTGCTATAGGCTGGAT-1	T	7
TTGCTATAGGTGTCGA-1	T	16
TTGCTATAGTCGTGAG-1	NK	13
TTGCTATCAACCTCCT-1	T	3
TTGCTATCAATGTGCT-1	T	1
TTGCTATCACCAAGGA-1	NK	18
TTGCTATCACGGCCAT-1	T	16
TTGCTATCACTGTCGG-1	T	3
TTGCTATCAGTAGGCA-1	T	7
TTGCTATCATAGCAGG-1	T	16
TTGCTATCATCAACTG-1	NK	18
TTGCTATCATCGTACA-1	T	15
TTGCTATCATCGTGAT-1	NK	13
TTGCTATCATGCACTA-1	T	3
TTGCTATCATTCACGA-1	T	9
TTGCTATCATTTGGCA-1	B	6
TTGCTATGTACTATGC-1	B	6
TTGCTATGTATCACAC-1	T	17
TTGCTATGTATTCTTC-1	NK	18
TTGCTATGTCGAGGAT-1	T	0
TTGCTATGTGATTCCA-1	T	14
TTGCTATGTGCTTTGA-1	Myeloid	2
TTGCTATGTTAGAGAT-1	T	12
TTGCTATGTTAGGAAT-1	T	14
TTGCTATGTTGGGAAC-1	T	4
TTGCTATTCAACGTGT-1	T	14
TTGCTATTCCTGTAGA-1	T	7
TTGCTATTCGCCGAAC-1	T	15
TTGCTATTCGTCTAGA-1	T	19
TTGCTATTCTGGACAT-1	T	16
TTGCTATTCTGTCGGG-1	T	9
TTGCTATTCTTCCACG-1	T	14
TTGCTTAAGAAGCCGT-1	T	0
TTGCTTAAGACAGTGC-1	T	1
TTGCTTAAGTCCAGAG-1	T	8
TTGCTTAAGTGAAACT-1	T	0
TTGCTTAAGTGCAACG-1	T	16
TTGCTTAAGTGTCCCG-1	T	8
TTGCTTACAAATTGAG-1	T	3
TTGCTTACAATGATGA-1	T	1
TTGCTTACAATGGTCT-1	Myeloid	2
TTGCTTACACAGAAGC-1	T	9
TTGCTTACACAGCCAC-1	T	7
TTGCTTACACTCGTGG-1	T	12
TTGCTTACACTGAAGG-1	T	9
TTGCTTACAGTATACC-1	NK	18
TTGCTTACATCTCACC-1	T	1
TTGCTTAGTAACGGCA-1	T	9
TTGCTTAGTACGCCCA-1	T	16
TTGCTTAGTAGTACAA-1	T	7
TTGCTTAGTATCCCTC-1	T	11
TTGCTTAGTATCGCGC-1	NK	5
TTGCTTAGTATTCGAC-1	T	15
TTGCTTAGTATTCTGG-1	NK	5
TTGCTTAGTCCAAGAG-1	T	10
TTGCTTAGTCCACCAG-1	T	15
TTGCTTAGTGGCCTCA-1	T	17
TTGCTTAGTTCCCGGA-1	NK	18
TTGCTTATCACATCCC-1	T	10
TTGCTTATCAGGCGCT-1	NK	5
TTGCTTATCAGTTGAC-1	T	9
TTGCTTATCGCAAACT-1	T	19
TTGCTTATCGCGCTGA-1	T	8
TTGCTTATCGTCCCAT-1	T	9
TTGCTTATCTCTCAAT-1	T	14
TTGCTTATCTTGTGCC-1	T	11
TTGGTCCAGAAATACC-1	T	0
TTGGTCCAGAACAGGA-1	T	14
TTGGTCCAGCACCATT-1	Myeloid	2
TTGGTCCAGCCTGTAT-1	T	7
TTGGTCCAGCTATCCA-1	T	8
TTGGTCCAGTACAACA-1	T	16
TTGGTCCAGTCTCTAG-1	T	0
TTGGTCCAGTGATCTC-1	T	0
TTGGTCCAGTTACACC-1	NK	18
TTGGTCCCAAATAGTG-1	T	3
TTGGTCCCAAGTCTGT-1	T	9
TTGGTCCCACGTTACA-1	T	15
TTGGTCCCATGGGACA-1	T	1
TTGGTCCGTAGATTAG-1	T	0
TTGGTCCGTATCATGC-1	T	7
TTGGTCCGTCGCTAGC-1	T	9
TTGGTCCGTCTGCACG-1	Myeloid	2
TTGGTCCGTGCAAAGC-1	NK	5
TTGGTCCGTGCTTACA-1	T	7
TTGGTCCGTGGTCGAA-1	NK	5
TTGGTCCGTGTTGTTG-1	T	0
TTGGTCCGTTGGTAAA-1	T	16
TTGGTCCGTTTAGAAG-1	T	10
TTGGTCCTCAATCGTG-1	T	0
TTGGTCCTCCAGTACA-1	T	14
TTGGTCCTCCGTTTCG-1	T	1
TTGGTCCTCGAGTGTT-1	T	11
TTGGTCCTCGGATCGC-1	T	7
TTGGTCCTCGTTTGAG-1	T	19
TTGGTCCTCTCCTTAA-1	T	1
TTGGTCCTCTTAGTGG-1	T	14
TTGGTCCTCTTGCGCT-1	T	11
TTGTCTAAGACGCCCT-1	T	11
TTGTCTAAGCCTGTAT-1	Myeloid	2
TTGTCTAAGCGTCTGC-1	T	14
TTGTCTAAGTCCAGAG-1	T	16
TTGTCTACAAAGGAAG-1	NK	13
TTGTCTACAATGCCAT-1	T	4
TTGTCTACACCGAATT-1	T	0
TTGTCTACACTGAAGG-1	T	4
TTGTCTACATAGACGG-1	T	9
TTGTCTACATCATCGA-1	T	16
TTGTCTACATGTATCG-1	T	14
TTGTCTACATTACCTT-1	T	3
TTGTCTAGTACGGTTT-1	T	8
TTGTCTAGTCCAAGAG-1	T	0
TTGTCTAGTCGATAGG-1	T	12
TTGTCTAGTCGATTAC-1	T	15
TTGTCTAGTCTGGTCG-1	T	14
TTGTCTAGTGATAAGT-1	NK	13
TTGTCTAGTGCCCAGT-1	Myeloid	2
TTGTCTAGTTCTGAAC-1	T	8
TTGTCTAGTTGGACGA-1	T	9
TTGTCTATCAATTGGC-1	T	10
TTGTCTATCACTCGGG-1	T	9
TTGTCTATCCATAGGT-1	T	16
TTGTCTATCGGATAGG-1	T	15
TTGTCTATCTACATCT-1	T	4
TTGTTCAAGACGCCCT-1	T	4
TTGTTCAAGGCGACTA-1	T	11
TTGTTCAAGTCCAGAG-1	T	9
TTGTTCAAGTGTAATG-1	NK	13
TTGTTCACACAGAAGC-1	T	16
TTGTTCACACCTGGTG-1	T	0
TTGTTCACACGACGAA-1	NK	18
TTGTTCACACGCGTTG-1	T	16
TTGTTCACAGGTGTGA-1	B	6
TTGTTCACAGTAACCT-1	T	9
TTGTTCACATTCACGA-1	NK	18
TTGTTCAGTAACGTAA-1	T	8
TTGTTCAGTCAATCCA-1	T	11
TTGTTCAGTCTAAGAA-1	T	14
TTGTTCAGTGCGCTCA-1	T	0
TTGTTCAGTGTTAGAA-1	T	10
TTGTTCAGTTGGCTAT-1	T	4
TTGTTCATCACTAGGT-1	T	3
TTGTTCATCACTCCCA-1	T	17
TTGTTCATCATGTTCT-1	T	16
TTGTTCATCCGCGATG-1	NK	18
TTGTTCATCTCTTAAC-1	NK	13
TTGTTCATCTGACTTT-1	T	15
TTGTTCATCTGGCCAG-1	T	14
TTGTTGTAGAATACTG-1	T	7
TTGTTGTAGACCATAA-1	NK	13
TTGTTGTAGAGAAGCA-1	T	3
TTGTTGTAGATCCGAG-1	T	10
TTGTTGTAGCCTGTAT-1	T	8
TTGTTGTAGCGTATCT-1	T	16
TTGTTGTAGGGAAATG-1	T	10
TTGTTGTAGGGAGTTC-1	T	9
TTGTTGTAGGGTGTTG-1	T	3
TTGTTGTAGTCGAGCA-1	T	0
TTGTTGTCACATGATC-1	T	7
TTGTTGTCACCCTTTG-1	T	1
TTGTTGTCACGTACAT-1	NK	5
TTGTTGTCAGTAGGCA-1	T	17
TTGTTGTCAGTATCTG-1	NK	5
TTGTTGTCATAGGCGA-1	T	14
TTGTTGTCATCGGCTG-1	T	10
TTGTTGTCATGATTGC-1	T	12
TTGTTGTGTACCAAGG-1	T	10
TTGTTGTGTTTCGTTT-1	T	4
TTGTTGTTCACGTCAA-1	NK	18
TTGTTGTTCGATCGCG-1	T	1
TTGTTGTTCGCTTGAA-1	T	10
TTGTTGTTCGGATAAA-1	T	9
TTGTTGTTCGGTCCGA-1	T	0
TTGTTGTTCGGTGATT-1	T	14
TTGTTGTTCTTTGCAT-1	T	14
TTTACGTAGCAGGACT-1	T	10
TTTACGTAGCATACCT-1	T	12
TTTACGTAGCTGCCAC-1	T	14
TTTACGTAGGCCAATG-1	T	0
TTTACGTAGGGAAATG-1	T	3
TTTACGTAGGGTGTTG-1	T	14
TTTACGTAGTAGAAGG-1	NK	13
TTTACGTAGTCCGATT-1	T	3
TTTACGTCAACCTCTC-1	T	9
TTTACGTCAACTTGGT-1	T	0
TTTACGTCAAGGAGGG-1	T	9
TTTACGTCAGAGTCGA-1	T	0
TTTACGTCAGCCACGT-1	NK	18
TTTACGTGTAACCATC-1	T	9
TTTACGTGTACGCAAG-1	T	16
TTTACGTGTATCACAC-1	T	7
TTTACGTGTCGATAGG-1	T	4
TTTACGTGTCGGCTGT-1	T	12
TTTACGTGTGCGCTCA-1	T	12
TTTACGTGTTAAGTCC-1	T	17
TTTACGTGTTCAGTAC-1	T	19
TTTACGTGTTTGACCA-1	Myeloid	2
TTTACGTTCACACGTA-1	T	17
TTTACGTTCAGGATCT-1	T	8
TTTACGTTCAGGTCTA-1	NK	18
TTTACGTTCAGGTTTG-1	T	0
TTTACGTTCCCAATGA-1	T	3
TTTACGTTCCCAGCGA-1	T	16
TTTACGTTCGAGGTCC-1	Myeloid	2
TTTACGTTCGCGTTCT-1	Myeloid	2
TTTACGTTCTAGCAGT-1	B	6
TTTACGTTCTGCGTCT-1	T	7
TTTACGTTCTGCTACC-1	T	4
TTTACGTTCTTGTCAT-1	T	15
TTTGAGGAGAAAGCAG-1	NK	18
TTTGAGGAGAATCAGT-1	NK	13
TTTGAGGAGACACGGT-1	T	16
TTTGAGGAGAGCCTGA-1	T	10
TTTGAGGAGAGGTCCA-1	T	17
TTTGAGGAGAGTTCGG-1	T	12
TTTGAGGAGGGTCTGA-1	T	3
TTTGAGGAGGTACATA-1	T	8
TTTGAGGAGTAATGTG-1	T	12
TTTGAGGAGTCACGCC-1	T	16
TTTGAGGAGTGAATAC-1	T	8
TTTGAGGCAACTGCGC-1	B	6
TTTGAGGCAAGCAACG-1	T	16
TTTGAGGCAAGTAACA-1	T	15
TTTGAGGCAAGTAATG-1	NK	13
TTTGAGGCACACTAGT-1	T	15
TTTGAGGCACAGGAAC-1	T	4
TTTGAGGCAGCGTAGA-1	NK	13
TTTGAGGCAGGTGTCC-1	T	7
TTTGAGGCAGGTTATC-1	T	14
TTTGAGGCATCCCTTG-1	T	3
TTTGAGGCATTTCTTG-1	T	1
TTTGAGGCATTTGGTG-1	T	16
TTTGAGGGTCCCTTTG-1	NK	13
TTTGAGGGTCCGTGCA-1	T	4
TTTGAGGGTGCAAGAC-1	T	8
TTTGAGGGTGGACAGT-1	T	0
TTTGAGGGTTCAGTTG-1	T	7
TTTGAGGGTTTGATCG-1	Myeloid	2
TTTGAGGTCATCATGG-1	B	6
TTTGAGGTCCATAACG-1	T	9
TTTGAGGTCCTGTGGG-1	T	3
TTTGAGGTCGCCAGAC-1	T	19
TTTGAGGTCGGGAAAC-1	T	17
TTTGAGGTCGTGAGTT-1	T	3
TTTGAGGTCTTGTACT-1	T	1
TTTGCGCAGAAATCTG-1	NK	18
TTTGCGCAGACACAAT-1	T	19
TTTGCGCAGACACGGT-1	T	8
TTTGCGCAGCAACTGG-1	Myeloid	2
TTTGCGCAGCGCATTT-1	T	14
TTTGCGCAGGAAACTT-1	NK	13
TTTGCGCAGGCAGTAC-1	T	16
TTTGCGCAGTAATCAG-1	T	7
TTTGCGCAGTAGGAAG-1	T	4
TTTGCGCCAAACCTAC-1	T	8
TTTGCGCCAGTAGTCT-1	NK	5
TTTGCGCCATGCACTA-1	T	9
TTTGCGCCATGTAGAA-1	T	7
TTTGCGCGTAACCATC-1	T	4
TTTGCGCGTACAAATG-1	T	11
TTTGCGCGTACAAGCG-1	NK	18
TTTGCGCGTCGTAATC-1	T	11
TTTGCGCGTGCCCTAG-1	T	8
TTTGCGCGTGTTAGAA-1	T	0
TTTGCGCTCCCACGGA-1	T	15
TTTGCGCTCCTCCCAA-1	T	8
TTTGCGCTCGACGGAA-1	T	7
TTTGCGCTCGCTTACC-1	T	15
TTTGCGCTCGGTCCGA-1	NK	13
TTTGCGCTCGTCCCTA-1	T	17
TTTGCGCTCTATCTCA-1	T	0
TTTGCGCTCTCTATCA-1	T	8
TTTGCGCTCTTCCAGC-1	T	0
TTTGGCCAGAACCATA-1	T	14
TTTGGCCAGCTGCCAC-1	T	11
TTTGGCCAGGATTGAT-1	T	3
TTTGGCCAGGCGACTA-1	T	12
TTTGGCCAGGGTCTGA-1	B	6
TTTGGCCAGTAATCAG-1	T	11
TTTGGCCAGTAGAAGG-1	T	16
TTTGGCCAGTAGGAAG-1	T	3
TTTGGCCAGTTAGCGG-1	T	11
TTTGGCCCAACGGGTA-1	T	11
TTTGGCCCAATACTGC-1	T	0
TTTGGCCCAATAGCGG-1	NK	13
TTTGGCCCACTCAAGT-1	B	6
TTTGGCCCAGCGTAGA-1	T	3
TTTGGCCCAGTCAGAG-1	T	8
TTTGGCCCATATAGAG-1	T	7
TTTGGCCCATCAGCTA-1	T	3
TTTGGCCCATTTGGCA-1	T	3
TTTGGCCGTAGATTAG-1	B	6
TTTGGCCGTAGTTTGC-1	T	9
TTTGGCCGTCCAACCG-1	T	15
TTTGGCCGTTCTCGAA-1	T	17
TTTGGCCGTTTAAGGA-1	B	6
TTTGGCCGTTTCGATG-1	T	4
TTTGGCCTCATGCTTT-1	NK	13
TTTGGCCTCGAGAACG-1	T	9
TTTGGCCTCGAGGCTC-1	T	0
TTTGGCCTCGATATGC-1	T	0
TTTGGCCTCGCTGATA-1	T	15
TTTGGCCTCGTATAGC-1	NK	13
TTTGGCCTCTCCAACC-1	T	17
TTTGGCCTCTCTGTTA-1	T	7
TTTGGCCTCTTAAGCG-1	NK	13
TTTGGTTAGAAGACTT-1	T	4
TTTGGTTAGACAACGC-1	T	1
TTTGGTTAGACGCCCT-1	T	19
TTTGGTTAGCCGCTGT-1	T	17
TTTGGTTAGCTCCGGT-1	Myeloid	2
TTTGGTTAGGTCGGTA-1	T	8
TTTGGTTAGTACAACA-1	T	9
TTTGGTTAGTAGTGTA-1	T	4
TTTGGTTAGTCTGGGA-1	T	0
TTTGGTTAGTGCAACG-1	T	9
TTTGGTTCAATACTGC-1	NK	13
TTTGGTTCACAGGTAG-1	T	7
TTTGGTTCAGATACAA-1	T	1
TTTGGTTCAGGCACAA-1	T	7
TTTGGTTCATCCGTGG-1	Myeloid	2
TTTGGTTGTAACTCCA-1	T	8
TTTGGTTGTAGCAGCA-1	T	9
TTTGGTTGTATCTCAG-1	T	12
TTTGGTTGTCAGCTTA-1	T	1
TTTGGTTGTTCCCTTG-1	NK	5
TTTGGTTTCAATTCCT-1	T	1
TTTGGTTTCAGGGTTT-1	T	0
TTTGGTTTCAGTGTAC-1	T	9
TTTGGTTTCCAACAAC-1	T	7
TTTGGTTTCCAGCACG-1	T	9
TTTGGTTTCCAGGTCG-1	T	16
TTTGGTTTCGCAACTA-1	T	9
TTTGGTTTCTGTTTAC-1	NK	13
TTTGGTTTCTTTATCG-1	T	10
TTTGTGTAGGCCTCGT-1	NK	18
TTTGTGTAGGCCTCTG-1	T	15
TTTGTGTAGGCTCAGA-1	T	15
TTTGTGTAGTCGTACT-1	NK	18
TTTGTGTAGTTGCGCC-1	Myeloid	2
TTTGTGTCAACCTCTC-1	T	12
TTTGTGTCAAGGTCGA-1	T	11
TTTGTGTCACCAAGGA-1	T	7
TTTGTGTCAGAACTTC-1	T	16
TTTGTGTCAGCAACAG-1	NK	13
TTTGTGTCAGGCTACC-1	T	8
TTTGTGTCATCGCTAA-1	T	0
TTTGTGTGTACGGAGT-1	T	16
TTTGTGTGTATTTGCG-1	T	12
TTTGTGTGTGTCCCAG-1	Myeloid	2
TTTGTGTGTTCCCTTG-1	T	16
TTTGTGTTCAGGTCTA-1	T	15
TTTGTGTTCCACGGCA-1	Myeloid	2
TTTGTGTTCCCAATAG-1	T	11
TTTGTGTTCGTGAGTT-1	T	15
TTTGTGTTCGTGATAC-1	T	8
TTTGTGTTCGTGGTAT-1	NK	18
TTTGTGTTCGTTTGAG-1	NK	13
