AAACGAAAGAATCAGT-1	NK	19
AAACGAAAGGAGTAGA-1	NK	11
AAACGAAAGGGAGATA-1	T	15
AAACGAAAGTCCAGAG-1	NK	19
AAACGAACACGGTGTC-1	T	15
AAACGAACAGCAACGA-1	T	13
AAACGAAGTGAGTTGG-1	NK	10
AAACGAAGTGTCGTGC-1	B	7
AAACGAAGTTTCGACA-1	T	2
AAACGAATCCATTGAG-1	NK	0
AAACGAATCTGAAAGA-1	B	7
AAACTCGAGAGGTACC-1	T	18
AAACTCGAGGAGTAGA-1	NK	9
AAACTCGCAATGCATC-1	T	15
AAACTCGGTTCCAGTA-1	T	3
AAACTCGGTTCCGCGA-1	NK	4
AAACTCGTCCATCATT-1	T	12
AAACTGCCATCTCACC-1	B	7
AAACTGCCATGGGTGA-1	T	16
AAACTGCCATTATGGC-1	T	13
AAACTGCGTACGACCC-1	T	6
AAACTGCGTGCGCATC-1	B	7
AAACTGCTCGTGCTGG-1	T	12
AAAGATGAGACCTATC-1	NK	4
AAAGATGAGCTACGCC-1	T	3
AAAGATGAGTGAACCG-1	NK	11
AAAGATGAGTTTACGC-1	T	2
AAAGATGCACCTCGTT-1	T	13
AAAGATGCAGTGCGAA-1	NK	10
AAAGATGCATTGTGAC-1	NK	10
AAAGATGGTCCCTAAA-1	NK	10
AAAGATGGTGATAAGT-1	NK	0
AAAGATGTCGCTAGTA-1	NK	9
AAAGATGTCGGCAATT-1	NK	10
AAAGATGTCTACTGCC-1	NK	10
AAAGGATAGTTTACGC-1	NK	11
AAAGGATCACACTAGT-1	NK	9
AAAGGATCATCATAGC-1	T	3
AAAGGATGTACCTATG-1	T	2
AAAGGATGTGGACCAA-1	NK	9
AAAGGATTCCCTAAAG-1	NK	9
AAAGGATTCCGTACGG-1	NK	11
AAAGGATTCCTCTCTT-1	NK	10
AAAGGGCAGTGAGTTA-1	T	3
AAAGGGCAGTTACACC-1	T	2
AAAGGGCAGTTCCAGT-1	NK	10
AAAGGGCCAACTCGTA-1	NK	19
AAAGGGCCATCCCTCA-1	T	17
AAAGGGCCATCGCCTT-1	T	18
AAAGGGCGTAACCATC-1	NK	19
AAAGGGCGTAGTCTGT-1	NK	19
AAAGGGCGTGGCCTCA-1	T	6
AAAGGGCGTTGAATAG-1	NK	11
AAAGGGCTCGCCGAAC-1	NK	0
AAAGGGCTCTGGCCAG-1	B	7
AAAGGGCTCTTTATCG-1	T	2
AAATGAGAGCATTGGG-1	B	7
AAATGAGAGGACTTTC-1	NK	9
AAATGAGAGTCGTATC-1	NK	11
AAATGAGCAAGACACG-1	T	3
AAATGAGCAGATTGTC-1	Epithelial	14
AAATGAGGTCTGAGCC-1	NK	0
AAATGAGTCCTCTCTT-1	NK	10
AAATGAGTCTCTATCA-1	NK	4
AAATGCCAGACCAATA-1	T	5
AAATGCCAGAGGTACC-1	T	16
AAATGCCCATTAACGC-1	T	12
AAATGCCGTCACCCGA-1	NK	0
AAATGCCTCCGTCAAA-1	T	8
AAATGCCTCTCTGTTA-1	T	8
AACAAAGAGGCCAATG-1	T	13
AACAAAGAGTGAATAC-1	NK	0
AACAAAGGTAAAGGCC-1	NK	19
AACAAAGGTAGGTCTT-1	T	1
AACAAAGGTATGAAGT-1	Epithelial	14
AACAAAGGTGCCGGTT-1	Epithelial	14
AACAAAGTCAGTAGTC-1	T	15
AACAAAGTCGATCGCG-1	T	2
AACAAAGTCGGTACTA-1	NK	11
AACAGTCAGATGGGAA-1	T	2
AACAGTCAGTACGACG-1	B	7
AACAGTCAGTTACACC-1	T	13
AACAGTCAGTTGCTTG-1	T	16
AACAGTCCAAGGAAGA-1	T	8
AACAGTCCATCCTGGG-1	T	2
AACAGTCCATTCACGA-1	NK	0
AACAGTCCATTGCCTC-1	T	1
AACAGTCGTGAATCAA-1	B	7
AACAGTCGTTCTACCC-1	T	16
AACAGTCTCGGTGATT-1	T	12
AACAGTCTCTATAGGC-1	NK	0
AACAGTCTCTATCTAC-1	T	2
AACATCGAGCATTGGG-1	NK	9
AACATCGCACAGATGG-1	NK	10
AACATCGGTCCGGTAC-1	T	6
AACATCGGTGGATTCT-1	T	13
AACATCGTCAAACCAC-1	T	12
AACATCGTCCAGTTAG-1	NK	11
AACATCGTCGGGTCCA-1	NK	4
AACCAACAGATGGGAA-1	NK	11
AACCAACAGGAAACTT-1	B	7
AACCAACAGTAACTCC-1	NK	0
AACCAACGTACAAATG-1	T	2
AACCAACGTCTGAGCC-1	NK	0
AACCAACGTGATAGAT-1	NK	0
AACCAACGTTGGACGA-1	T	1
AACCAACTCAGCGGTC-1	T	15
AACCAACTCGACGGAA-1	T	6
AACCAACTCTCGGCGA-1	T	18
AACCGATCACCGTTGG-1	T	6
AACCGATCATAGACGG-1	NK	9
AACCGATCATGGGACA-1	T	2
AACCGATGTATTCTTC-1	T	16
AACCGATGTCCCGAGT-1	T	12
AACCGATGTGGTTCTA-1	T	8
AACCGATGTTAACCGT-1	T	13
AACCGATTCCCACGGA-1	T	2
AACCGATTCCGCCTAT-1	NK	9
AACCGATTCGGAAAGC-1	T	2
AACCGATTCTCGTGAA-1	B	7
AACCGATTCTCTGACC-1	T	3
AACCTGAAGCCATGGA-1	T	1
AACCTGAAGGCCTAAG-1	T	3
AACCTGAAGTCAACTC-1	T	13
AACCTGACATCATAGC-1	B	7
AACCTGAGTAGACACG-1	T	18
AACCTGAGTCGATAGG-1	T	6
AACCTGAGTGGATTTC-1	T	13
AACCTGATCTCTCAAT-1	NK	10
AACCTTTAGATTGACA-1	T	15
AACCTTTAGCCATTCA-1	NK	19
AACCTTTAGTACTCTG-1	T	5
AACCTTTCACGTTAGT-1	T	3
AACCTTTCACTGTCAA-1	T	18
AACCTTTTCATAGGTC-1	T	15
AACCTTTTCGAACACT-1	T	2
AACCTTTTCTCAGATG-1	T	16
AACGAGGAGAACCCGA-1	NK	9
AACGAGGAGCTACGCC-1	T	16
AACGAGGAGTACAGTA-1	NK	11
AACGAGGAGTCTCTAG-1	T	5
AACGAGGAGTTCAACC-1	T	1
AACGAGGAGTTCGACT-1	T	18
AACGAGGCACCTGGTG-1	T	8
AACGAGGTCCACTAGA-1	T	5
AACGAGGTCGGATGTT-1	T	6
AACGGGAAGCAAGGTC-1	B	7
AACGGGAAGCATTGGG-1	T	18
AACGGGAAGGTACACG-1	B	7
AACGGGAAGTAGGTCG-1	T	18
AACGGGAAGTTAGAGT-1	B	7
AACGGGACAGTAACTC-1	Epithelial	14
AACGGGAGTATGGGTG-1	NK	9
AACGGGAGTCAGAAGC-1	T	1
AACGGGAGTTACACTG-1	T	15
AACGGGATCAATTCCT-1	T	6
AACGGGATCCAAGTCA-1	T	15
AACGTACAGTCATACC-1	T	1
AACGTACAGTCCCGCA-1	NK	11
AACGTACAGTGTGTAA-1	T	17
AACGTACCACGCGACT-1	Epithelial	14
AACGTACCATTCGTCC-1	T	12
AACGTACGTCGTCGCA-1	T	1
AACGTACGTTCTCGAA-1	NK	0
AACGTACTCATCGCTC-1	T	12
AACGTACTCCTATCAT-1	T	13
AACTGGTAGACTAATG-1	T	3
AACTGGTCAAGGGTAC-1	T	18
AACTGGTCACTCAGCG-1	T	16
AACTGGTCAGTAAGCG-1	NK	19
AACTGGTGTTGCAGAG-1	NK	11
AACTGTGAGCGCAATG-1	NK	11
AACTGTGAGGCACCTC-1	T	8
AACTGTGCAAATGTCC-1	NK	19
AACTGTGCAATACTGC-1	T	15
AACTGTGGTGCATCAT-1	T	16
AACTGTGTCACACGTA-1	T	5
AACTGTGTCCCAGTAA-1	Epithelial	14
AACTTGGAGACCCTAT-1	T	15
AACTTGGAGGCAGTAC-1	T	5
AACTTGGAGGTCTTTG-1	T	5
AACTTGGAGTATGGGC-1	T	2
AACTTGGCACACTAGT-1	T	8
AACTTGGCACAGGAAC-1	T	17
AACTTGGGTTAACCAC-1	Epithelial	14
AACTTGGGTTTGCGAT-1	T	5
AACTTGGTCCATACCC-1	T	15
AAGATAGAGCTTACCA-1	T	16
AAGATAGAGGAGTAGA-1	NK	0
AAGATAGCAACGGACA-1	NK	11
AAGATAGCAAGGATGC-1	NK	4
AAGATAGCAAGGTCGA-1	B	7
AAGATAGCATCTGCAA-1	NK	10
AAGATAGGTACCTATG-1	T	1
AAGATAGGTATCACAC-1	NK	19
AAGATAGGTCTGTGTA-1	T	12
AAGATAGGTTAGAGAT-1	T	8
AAGATAGGTTTGGATC-1	B	7
AAGATAGTCTGACTTT-1	T	3
AAGGAGCAGCGCGTTC-1	NK	19
AAGGAGCCAAACCGAG-1	T	1
AAGGAGCCAAGCGTCC-1	T	18
AAGGAGCGTAACGGCA-1	T	16
AAGGAGCGTAGCTGTT-1	T	17
AAGGAGCTCGCCACTT-1	T	16
AAGGTTCAGAATCAGT-1	T	5
AAGGTTCAGGGTCCCT-1	T	3
AAGGTTCAGTACAGAT-1	T	17
AAGGTTCCACTCCCAT-1	T	12
AAGGTTCCAGTAAGCG-1	T	5
AAGGTTCGTCCTATTT-1	T	12
AAGGTTCGTCTCTAAG-1	B	7
AAGGTTCGTGGCCTTG-1	T	17
AAGGTTCGTTGAAGCG-1	T	3
AAGGTTCTCATCGCAA-1	T	8
AAGGTTCTCGTTCCGT-1	NK	11
AATACGCAGGTTGTGG-1	NK	4
AATACGCAGTGCTGAG-1	T	16
AATACGCCAACGCAAG-1	T	15
AATACGCCAGGTAGCA-1	Epithelial	14
AATACGCGTAACGTAA-1	T	13
AATACGCGTTATGCAC-1	T	16
AATACGCGTTTAGAAG-1	T	8
AATGCCACACACATGT-1	NK	11
AATGCCACAGAAAGAG-1	T	15
AATGCCACAGAGTCGA-1	NK	11
AATGCCAGTCAAGACG-1	T	16
AATGCCATCATGTTCT-1	T	18
AATGCCATCGACTTAG-1	NK	4
AATGCCATCGGTTAGT-1	NK	9
AATGGAAAGAAAGGGT-1	B	7
AATGGAAAGCATGATA-1	NK	4
AATGGAACACTAGCCG-1	T	6
AATGGAAGTAACGGCA-1	NK	19
AATGGAAGTCGACTGC-1	NK	0
AATGGAAGTTGCCGCA-1	NK	9
AATGGAATCAATGCAC-1	T	2
AATGGAATCTCCACTG-1	T	17
AATGGAATCTCTTCCT-1	B	7
AATGGCTAGAAAGGGT-1	NK	9
AATGGCTAGCCTATAC-1	NK	9
AATGGCTAGCGGACAT-1	T	18
AATGGCTAGGTCCTCG-1	NK	0
AATGGCTCACGCTGTG-1	Epithelial	14
AATGGCTCAGATGGCA-1	NK	0
AATGGCTCATTTCACT-1	T	17
AATGGCTGTAATGTAG-1	T	16
AATGGCTGTGTTAGAA-1	T	5
AATGGCTTCGACTTAG-1	T	8
AATGGCTTCGAGAAGC-1	NK	0
AATGTCGAGCTAACAA-1	NK	9
AATGTCGAGGATTGCG-1	NK	19
AATGTCGAGTACGCGA-1	NK	11
AATGTCGCAAATTGAG-1	NK	11
AATGTCGGTATGGGTG-1	NK	19
AATGTCGTCGGTCCGA-1	NK	19
AATGTCGTCTACATCT-1	T	3
ACAAACCAGGTGTCGA-1	NK	4
ACAAACCAGTATACGA-1	T	2
ACAAACCAGTTCAACC-1	B	7
ACAAACCCAGTAAGAT-1	NK	9
ACAAACCCATGGTAAA-1	NK	19
ACAAACCGTCACAGGA-1	T	16
ACAAACCGTGCTGGCT-1	B	7
ACAAACCTCCATCATT-1	NK	4
ACAAACCTCCCACGGA-1	T	8
ACAAACCTCGTTCTAT-1	T	18
ACAAAGAAGCTGCCAC-1	T	1
ACAAAGAAGGAGTCTG-1	T	17
ACAAAGAAGTATAGTG-1	T	5
ACAAAGAGTCTGGGCT-1	T	5
ACAAAGATCGCTTCAC-1	T	5
ACAAAGATCTCGACAA-1	T	5
ACAAGCTCAAACGTTC-1	T	17
ACAAGCTCACAAACAA-1	NK	0
ACAAGCTCAGGGTAAC-1	T	5
ACAAGCTCATCCGTGG-1	T	13
ACAAGCTGTTAACCGT-1	NK	4
ACAAGCTTCACACGTA-1	NK	19
ACAAGCTTCCAGGTAT-1	T	12
ACAATCGAGCACCATT-1	T	3
ACAATCGAGTATACCC-1	NK	19
ACAATCGAGTGCAACG-1	T	17
ACAATCGCAAGCGACA-1	T	18
ACAATCGCAGTAACTC-1	T	2
ACAATCGCATCAGAAA-1	NK	0
ACAATCGGTAACCGAG-1	NK	4
ACAATCGGTAATGTGA-1	T	2
ACAATCGGTATGTTCG-1	NK	19
ACAATCGTCACACGTA-1	T	1
ACAATCGTCCAGGTCG-1	T	8
ACAATCGTCCATGACA-1	T	5
ACAATCGTCCGAGAGA-1	T	16
ACAGAAAAGTGTCGCC-1	B	7
ACAGAAACAACGTCGC-1	NK	19
ACAGAAACAAGACACG-1	T	12
ACAGAAACAATCACTG-1	T	18
ACAGAAACAGAGAGAA-1	NK	10
ACAGAAACAGTAGTCT-1	T	2
ACAGAAATCCGCTATC-1	T	6
ACAGAAATCGCACAAT-1	NK	10
ACAGAAATCGCTTCAC-1	T	8
ACAGACTAGGGTTCTT-1	NK	9
ACAGACTCAAGCGTCC-1	T	6
ACAGACTCATCAGAAA-1	T	15
ACAGACTGTGATAGAT-1	NK	10
ACAGACTGTGTTGTTG-1	NK	11
ACAGACTGTTACGCTA-1	T	17
ACAGACTGTTAGGAAT-1	T	8
ACAGACTGTTAGGAGC-1	NK	9
ACAGACTTCCGTCAAA-1	T	6
ACAGACTTCTTACGGA-1	T	12
ACAGCGCAGAGCGGTT-1	NK	19
ACAGCGCAGGAGAACA-1	NK	11
ACAGCGCAGGCAATTA-1	T	13
ACAGCGCAGTAGACCG-1	T	12
ACAGCGCCAGCGTACC-1	T	3
ACAGCGCGTCTCTAAG-1	B	7
ACAGCGCGTCTTAGCA-1	NK	0
ACAGCGCGTTCCTATT-1	NK	9
ACAGCGCTCGATAGGG-1	NK	4
ACAGGCCAGTTAGCAA-1	T	1
ACAGGCCCAGAGTCGA-1	T	2
ACAGGCCGTGGCATAG-1	T	17
ACAGGCCGTTCTTTGT-1	B	7
ACAGGCCGTTTGTCTT-1	T	1
ACAGGCCTCTTCTCTC-1	NK	4
ACATGCAAGCTGAGGT-1	NK	11
ACATGCAAGTGATAAC-1	B	7
ACATGCACAACTAGAA-1	T	5
ACATGCACACCCTTAC-1	T	5
ACATGCACACTACACA-1	NK	4
ACATGCACACTAGCCG-1	T	15
ACATGCACATCCCGGA-1	T	17
ACATGCAGTCCTCAGG-1	NK	9
ACATGCAGTGGCATAG-1	NK	4
ACATGCAGTGTCCCAG-1	NK	0
ACATGCATCTCTATCA-1	T	2
ACATGGTAGCGAGCTA-1	T	16
ACATGGTAGGCAAGCT-1	B	7
ACATGGTAGTATGGGC-1	NK	10
ACATGGTCACGGTTAT-1	T	12
ACATGGTCACTTGCGG-1	B	7
ACATGGTCAGAATGCG-1	NK	0
ACATGGTGTACGTAGG-1	T	17
ACATGGTGTATTCTCT-1	Epithelial	14
ACATGGTGTCCACCAG-1	T	12
ACATGGTGTGATGCGA-1	NK	19
ACATGGTTCAGAATGA-1	T	16
ACATGGTTCTCATATC-1	T	5
ACCAAACAGAAATCTG-1	B	7
ACCAAACAGATGAGGA-1	T	2
ACCAAACAGGTTGACG-1	T	3
ACCAAACCAAGGCGTA-1	T	16
ACCAAACCACAATAAG-1	T	5
ACCAAACCACAGGTAG-1	NK	19
ACCAAACGTCAGAAAT-1	Epithelial	14
ACCAAACGTCCTCAGG-1	T	3
ACCAAACGTTTGCGAT-1	NK	0
ACCAAACGTTTGTGAC-1	T	16
ACCAAACTCGTCTAGA-1	NK	4
ACCATCCAGGTTCGTT-1	NK	9
ACCATCCAGTATCTGC-1	NK	10
ACCATCCCAGTTACAC-1	NK	11
ACCATCCCATGGTATC-1	T	2
ACCATCCGTAGCCATT-1	T	17
ACCATCCGTGATTCCA-1	T	6
ACCATCCGTGCTGTGC-1	T	15
ACCATCCGTGTTGGTT-1	NK	10
ACCCAAAAGGCTTTAC-1	T	12
ACCCAAAAGTTTACGC-1	NK	11
ACCCAAACAAGTCTGT-1	T	18
ACCCAAACAAGTGGCA-1	T	13
ACCCAAACAGTAGTCT-1	T	17
ACCCAAACATAGATAG-1	B	7
ACCCAAAGTGAATGTA-1	NK	11
ACCCAAAGTTATAGAG-1	NK	11
ACCCAAAGTTGGCTAT-1	T	8
ACCGAATAGAGTTTGA-1	T	17
ACCGAATAGATGAGGA-1	T	1
ACCGAATAGATTAGAC-1	T	16
ACCGAATAGGATTTGA-1	NK	11
ACCGAATCAATGTAAG-1	T	18
ACCGAATGTGCATTGT-1	NK	0
ACCGAATTCCGAGAGA-1	T	18
ACCGAATTCGATCTTT-1	NK	4
ACCGAATTCGTGTGCG-1	T	17
ACCGCAGAGTACCTCA-1	B	7
ACCGCAGGTTACTTTC-1	T	2
ACCGCAGGTTTGACCA-1	NK	9
ACCGCAGTCAACGTGT-1	B	7
ACCGCAGTCAAGTTGC-1	T	13
ACCGCAGTCACCCGGA-1	NK	10
ACCGGGTAGACTAATG-1	NK	9
ACCGGGTAGATCGATA-1	T	15
ACCGGGTAGGCCTAAG-1	NK	11
ACCGGGTAGTGCACAG-1	T	18
ACCGGGTAGTGCTCGC-1	T	17
ACCGGGTCAAGATTAG-1	T	6
ACCGGGTCACATAAAG-1	NK	9
ACCGGGTGTCTGTTGA-1	T	17
ACCGGGTGTGACCAGA-1	Epithelial	14
ACCGGGTGTGAGTAAT-1	NK	9
ACCGGGTGTGGAAAGA-1	NK	10
ACCGGGTGTTCATTTC-1	T	13
ACCGGGTTCAGTCACA-1	B	7
ACCGGGTTCATTCTTG-1	T	13
ACCGGGTTCTCCTTGG-1	NK	10
ACCGGGTTCTTCATAC-1	NK	10
ACCTGCTAGACTAATG-1	NK	11
ACCTGCTAGCCCATGC-1	NK	4
ACCTGCTAGGAAGGTA-1	NK	4
ACCTGCTAGTCAACTC-1	NK	19
ACCTGCTAGTTCAAGA-1	T	8
ACCTGCTCAATTGGCT-1	NK	19
ACCTGCTCACATTGCA-1	NK	11
ACCTGCTGTCTGCGCA-1	NK	4
ACCTGCTGTGCTTTGA-1	T	5
ACCTGCTGTTCAGTTG-1	T	2
ACCTGCTTCACTAGGT-1	T	3
ACCTGCTTCATACTTC-1	T	17
ACCTGCTTCCTTGACC-1	T	3
ACCTGCTTCGCAACTA-1	T	17
ACCTGCTTCTGGGCGT-1	T	13
ACGGATTAGCTAGTTC-1	T	17
ACGGATTAGGTGTTGG-1	Epithelial	14
ACGGATTCAAGCACTT-1	B	7
ACGGATTCATAGACGG-1	B	7
ACGGATTGTAGAAAGG-1	T	2
ACGGATTGTCATTGCA-1	NK	11
ACGGATTTCCCAGCGA-1	NK	10
ACGGATTTCTTGTCGC-1	T	6
ACGTGGCAGCGTTGCC-1	NK	4
ACGTGGCAGTCCAGAG-1	B	7
ACGTGGCAGTCCGGAA-1	T	16
ACGTGGCCAGATAAGT-1	B	7
ACGTGGCCAGGCAGAT-1	T	13
ACGTGGCCATAAAGTG-1	NK	10
ACGTGGCGTAAGGTCG-1	NK	9
ACGTGGCGTCCAACCG-1	T	6
ACGTTAGAGGTTGACG-1	T	3
ACGTTAGAGTACAACA-1	NK	10
ACGTTAGAGTTAGCGG-1	T	5
ACGTTAGCAACAACTC-1	T	16
ACGTTAGCATCAACTG-1	Epithelial	14
ACTAACGAGGCCTCTG-1	T	8
ACTAACGAGTCTCTAG-1	T	18
ACTAACGAGTCTGCTA-1	T	8
ACTAACGCAAGAGCGT-1	T	16
ACTAACGCAAGGCTTT-1	T	8
ACTAACGCACAAGGGT-1	T	17
ACTAACGCAGAACAGC-1	T	1
ACTAACGCAGGTGTGA-1	NK	9
ACTAACGTCCAAGTCA-1	T	18
ACTAACGTCTGCGTCT-1	T	8
ACTAACGTCTTGTCGC-1	B	7
ACTACCCAGAGGTCCA-1	NK	10
ACTACCCAGCTGCTCG-1	T	2
ACTACCCAGGTCGGTA-1	B	7
ACTACCCAGTGCAACG-1	T	6
ACTACCCCACCTGTGG-1	Epithelial	14
ACTACCCCACGCGTTG-1	T	15
ACTACCCCATCGGCTG-1	T	1
ACTACGAAGCAGAATT-1	Epithelial	14
ACTACGAAGCATACCT-1	NK	19
ACTACGAAGTCGTGAG-1	T	5
ACTACGACAGGATAGC-1	NK	11
ACTACGAGTAGTCTGT-1	T	3
ACTACGATCGCGCTGA-1	T	8
ACTACGATCGTGGAAG-1	T	6
ACTACGATCTTGTCAT-1	T	13
ACTAGGTAGTCGTATC-1	T	13
ACTAGGTAGTGCAACG-1	NK	11
ACTAGGTAGTGGACGT-1	T	6
ACTAGGTCATTACTCT-1	NK	0
ACTAGGTGTACGCAAG-1	NK	11
ACTAGGTTCAGTAGTC-1	T	15
ACTAGGTTCCAACGCG-1	T	3
ACTAGGTTCCACGCTT-1	T	17
ACTAGGTTCCATTGAG-1	T	13
ACTATTCAGAAAGGGT-1	T	1
ACTATTCAGACAGTGC-1	NK	4
ACTATTCAGACCTATC-1	T	18
ACTATTCAGAGAAGCA-1	T	5
ACTATTCAGAGTTCGG-1	NK	19
ACTATTCAGATTCCGT-1	NK	4
ACTATTCAGCAGAAAG-1	T	17
ACTATTCAGGACTTTC-1	T	6
ACTATTCAGGGTTCTT-1	T	15
ACTATTCCAATGTGCT-1	B	7
ACTATTCCATATACGC-1	B	7
ACTATTCGTACCAAGG-1	NK	11
ACTATTCGTAGAAGCC-1	T	15
ACTATTCGTCAGACGA-1	T	6
ACTATTCGTCCGAGCT-1	B	7
ACTATTCGTCGACTGC-1	B	7
ACTATTCGTTACGAAA-1	T	2
ACTATTCTCAGTACAC-1	B	7
ACTATTCTCCCAATAG-1	NK	10
ACTATTCTCGTGCTGG-1	NK	10
ACTATTCTCTAGTCGA-1	B	7
ACTCGGGAGAAATACC-1	T	3
ACTCGGGAGTGTGTAA-1	T	12
ACTCGGGCAACAACTC-1	T	5
ACTCGGGCAACGGACA-1	NK	0
ACTCGGGTCCTTTGCG-1	T	18
ACTCGGGTCTCTATCA-1	T	5
ACTCGGGTCTTGTCAT-1	NK	4
ACTGCAAAGACACAAT-1	T	8
ACTGCAAAGTAGTGTA-1	B	7
ACTGCAACAAACTACC-1	NK	11
ACTGCAACAAAGAAGG-1	T	8
ACTGCAACAATAGCGG-1	T	17
ACTGCAACACGCGTTG-1	B	7
ACTGCAACACGTTACA-1	T	13
ACTGCAACAGCTATAC-1	T	16
ACTGCAACAGTAACCT-1	NK	4
ACTGCAACATTGTTCT-1	NK	19
ACTGCAAGTAAGCCGA-1	T	12
ACTGCAAGTAGAACGC-1	T	2
ACTGCAAGTGAGTAAT-1	T	18
ACTGCAAGTGAGTTGG-1	T	16
ACTGCAAGTTACCACA-1	NK	0
ACTGCAAGTTGCAGAG-1	T	15
ACTGCAATCCATGTTT-1	NK	4
ACTGCGGAGGCGTAGT-1	NK	19
ACTGCGGAGTAACACA-1	T	8
ACTGCGGCACACTAGT-1	NK	19
ACTGCGGGTAAGTCTC-1	Epithelial	14
ACTGCGGTCCTTACGC-1	T	17
ACTGCGGTCGGTTGTA-1	T	17
ACTGTCCAGACTCTTG-1	T	6
ACTGTCCAGTCGAGCA-1	NK	10
ACTGTCCCAAACGTTC-1	NK	4
ACTGTCCCAAGGAAGA-1	T	3
ACTGTCCCAGGGTACA-1	T	17
ACTGTCCCATCGACCG-1	NK	11
ACTGTCCGTCTGAGCC-1	NK	9
ACTGTCCGTTTAAGCC-1	T	16
ACTGTCCTCGACGGAA-1	T	15
ACTGTCCTCGCAACTA-1	NK	11
ACTGTCCTCGTGCTGG-1	T	15
ACTGTCCTCTTGTGCC-1	T	13
ACTTCCGGTTCCAGTA-1	B	7
ACTTCCGTCACAGGGA-1	T	18
ACTTCCGTCTCTGCGT-1	T	2
ACTTCCGTCTCTTCTC-1	T	5
ACTTTCAAGAATATCG-1	NK	9
ACTTTCAAGGGTATCG-1	Epithelial	14
ACTTTCACACTAGCCG-1	T	16
ACTTTCACAGTCAGCC-1	T	8
ACTTTCACATCCGTAA-1	NK	9
ACTTTCACATGCCCTT-1	T	8
ACTTTCAGTAGTAACA-1	NK	0
ACTTTCAGTAGTCTGT-1	T	18
ACTTTCAGTCGAGGTA-1	T	17
ACTTTCAGTTAACCAC-1	T	6
ACTTTCATCTGGAAGG-1	T	6
AGACAAAAGCTAACAA-1	T	16
AGACAAAAGGCAATTA-1	T	8
AGACAAAAGGGAAATG-1	NK	19
AGACAAAAGGTCACTT-1	NK	11
AGACAAACAAGTCTGT-1	Epithelial	14
AGACAAACAGATTTGC-1	NK	19
AGACAAACAGCTTACA-1	T	3
AGACAAACATCGGCCA-1	T	17
AGACAAAGTACGTATC-1	T	5
AGACAAAGTAGGTCTT-1	NK	4
AGACAAAGTTCCCAAA-1	T	17
AGACAAAGTTGGACGA-1	T	1
AGACAAATCACGTCAA-1	NK	4
AGACAAATCGAGCGCT-1	T	1
AGACAAATCGAGTTAC-1	Epithelial	14
AGATAGAAGGAACCGT-1	T	5
AGATAGAAGGAGTAGA-1	T	5
AGATAGACACACATGT-1	T	5
AGATAGACATTAAGGA-1	NK	19
AGATAGAGTAGATGAT-1	NK	19
AGATAGAGTCTGGGCT-1	NK	11
AGATAGAGTCTGTGTA-1	B	7
AGATAGAGTGTTGTTG-1	Epithelial	14
AGATAGATCAGGAATA-1	T	17
AGATAGATCTCTCAAT-1	T	6
AGATTCGAGCCATTCA-1	NK	10
AGATTCGCACAGCTTA-1	T	6
AGATTCGCAGAGCCAA-1	T	6
AGATTCGCAGTAAGCG-1	T	13
AGATTCGGTAACTCCA-1	T	16
AGATTCGGTGGAAAGA-1	NK	0
AGATTCGGTTGCAGCC-1	T	15
AGATTCGGTTTGATCG-1	NK	0
AGATTCGTCTACATCT-1	T	13
AGCCAGCAGACGCCCT-1	B	7
AGCCAGCAGGTTGACG-1	T	5
AGCCAGCCACAGGTAG-1	T	13
AGCCAGCGTATTCGCA-1	NK	11
AGCCAGCGTCAAACAA-1	NK	19
AGCCAGCGTCAGTGTT-1	T	8
AGCCAGCTCCAACAAC-1	T	13
AGCCAGCTCGGTCTCT-1	T	18
AGCCCGAAGCGCACAA-1	NK	11
AGCCCGAAGTAGAAGG-1	B	7
AGCCCGAAGTCGTATC-1	T	3
AGCCCGAGTTGTGAGG-1	T	2
AGCCCGATCACTAGGT-1	T	1
AGCCCGATCGTGTGCG-1	T	2
AGCCGCACAGGATGTG-1	T	15
AGCCGCATCGATAGTC-1	T	15
AGCCGCATCGTGATAC-1	T	1
AGCCTCTAGCTTACCA-1	T	5
AGCCTCTCAAGGCGTA-1	T	15
AGCCTCTCATCTGCAA-1	T	5
AGCCTCTGTCACATTG-1	NK	4
AGCCTCTGTGAGAGTC-1	T	17
AGCCTCTGTGCGTTTA-1	NK	10
AGCCTCTGTGCTGTCG-1	Epithelial	14
AGCCTCTGTGGTAGAC-1	T	13
AGCCTCTTCGAGAAGC-1	T	18
AGCCTGGAGTCGACCC-1	NK	4
AGCCTGGCAAGGTCGA-1	T	8
AGCCTGGCACGTTGTA-1	NK	0
AGCCTGGCAGATACAA-1	NK	4
AGCCTGGCATGGTATC-1	T	17
AGCCTGGTCTTCCAGC-1	T	3
AGCCTTCAGATACCAA-1	T	8
AGCCTTCAGGAAGACA-1	NK	4
AGCCTTCAGTCGACCC-1	T	3
AGCCTTCCAAATGTCC-1	NK	4
AGCCTTCCATTACTCT-1	NK	4
AGCCTTCCATTGCGAT-1	T	5
AGCCTTCGTCATAAGA-1	NK	19
AGCCTTCGTGCATTGT-1	T	6
AGCCTTCGTTCTCGAA-1	T	18
AGCCTTCTCACGTCAA-1	T	18
AGCCTTCTCGTTCTAT-1	B	7
AGCCTTCTCTATGAGC-1	B	7
AGCCTTCTCTTCCACG-1	T	13
AGCGATTAGCTATCGT-1	NK	9
AGCGATTCAAGCGACA-1	NK	4
AGCGATTCACACACAT-1	T	5
AGCGATTCACTGCTCT-1	NK	19
AGCGATTGTAGCGTTT-1	T	17
AGCGATTGTATTCTGG-1	T	15
AGCGATTGTCTCTGCT-1	T	13
AGCGATTGTGTCCTTC-1	T	18
AGCGATTTCACAACAC-1	T	18
AGCGATTTCCATGTTT-1	T	15
AGCGATTTCCTGAAAC-1	NK	11
AGCGTATAGTGGACGT-1	T	5
AGCGTATCAAGCCAGA-1	B	7
AGCGTATCAATCACTG-1	T	8
AGCGTATCACCTGAAT-1	NK	9
AGCGTATCAGAAGTGC-1	Epithelial	14
AGCGTATTCATAGGTC-1	B	7
AGCGTATTCCTCCCAA-1	NK	4
AGCGTGCAGAAGAGTG-1	NK	4
AGCGTGCCAAGGACCA-1	NK	11
AGCGTGCCAATGGCTT-1	T	15
AGCGTGCCAATTGCCA-1	NK	10
AGCGTGCCATCACAAC-1	T	18
AGCGTGCGTCAATCCA-1	T	6
AGCGTGCGTCATAGCT-1	T	2
AGCGTGCGTTACTACG-1	T	3
AGCGTGCTCAGTCTTT-1	T	8
AGCTATGAGACTAATG-1	T	3
AGCTATGAGAGTCCGA-1	NK	11
AGCTATGAGCTTCAAC-1	B	7
AGCTATGAGGGTAATT-1	T	1
AGCTATGCACCTGTGG-1	Epithelial	14
AGCTATGCATCGACCG-1	NK	0
AGCTATGCATCGTACA-1	NK	0
AGCTATGCATGCTATG-1	NK	0
AGCTATGGTCATAAGA-1	T	15
AGCTATGGTCTGCGCA-1	T	3
AGCTATGGTGGTAAGC-1	T	6
AGCTATGTCGGATCGC-1	NK	10
AGCTATGTCTAGCAAC-1	T	8
AGCTGATAGAGACTCG-1	NK	0
AGCTGATAGGCGCTTC-1	T	3
AGCTGATCAAAGGAAG-1	NK	0
AGCTGATCACATAAAG-1	Epithelial	14
AGCTGATCACGGTTAT-1	T	6
AGCTGATGTAACTCCA-1	NK	0
AGCTGATGTCGAGGAT-1	T	5
AGCTGATGTTAGAGAT-1	T	13
AGCTGATGTTCCTATT-1	T	1
AGCTGATTCCAAACCA-1	T	17
AGCTGATTCCGTGCAG-1	NK	4
AGCTGATTCTGACATG-1	T	16
AGCTGGCAGATTGACA-1	NK	0
AGCTGGCAGCGCACAA-1	NK	9
AGCTGGCAGGTTCGTT-1	T	5
AGCTGGCGTTAGAGAT-1	T	16
AGCTGGCTCTTGTCAT-1	T	5
AGCTGTAAGACCCTAT-1	T	2
AGCTGTACATGGGTGA-1	T	1
AGCTGTAGTAGCATGG-1	NK	0
AGCTGTAGTCATAGCT-1	T	6
AGCTGTAGTTAGAGAT-1	T	16
AGCTGTATCAAATGGA-1	T	15
AGCTGTATCCAGCACG-1	T	13
AGCTGTATCGATATGC-1	NK	11
AGCTGTATCGTTCAGA-1	NK	0
AGGACGAAGTATGCTC-1	T	15
AGGACGAAGTCAGCCC-1	NK	4
AGGACGAAGTGCTCGC-1	NK	19
AGGACGACACCTGAAT-1	T	1
AGGACGACACGCGCAT-1	T	12
AGGACGACAGAACAGC-1	T	13
AGGACGAGTACAAATG-1	NK	9
AGGACGAGTCCAAGTT-1	T	17
AGGACGAGTTACACTG-1	Epithelial	14
AGGACGATCAGTGTAC-1	T	17
AGGACGATCGGTTGTA-1	T	8
AGGACGATCTGGAAGG-1	T	3
AGGCCCAAGGATATCA-1	T	17
AGGCCCACAACGTCCG-1	NK	11
AGGCCCACAGAGAGAA-1	NK	0
AGGCCCACAGGACCTC-1	T	6
AGGCCCACATCATCGA-1	NK	0
AGGCCCAGTAAAGCTA-1	T	8
AGGCCCAGTGAATCGG-1	NK	9
AGGCCTGAGCGTAGCA-1	T	12
AGGCCTGAGTGGGACT-1	NK	4
AGGCCTGCACGATATC-1	NK	19
AGGCCTGGTACCAAGG-1	NK	0
AGGCCTGTCCAGAATC-1	NK	19
AGGCCTGTCCGAGGAA-1	T	2
AGGCCTGTCCTGGGAC-1	T	8
AGGCCTGTCTAAACGC-1	T	5
AGGCCTGTCTCTGTTA-1	NK	9
AGGCGAACATCCATAG-1	NK	4
AGGCGAAGTGACAAGC-1	T	3
AGGCGAATCATGCTTT-1	T	3
AGGCGAATCGGGATCC-1	Epithelial	14
AGGCGAATCTAGCTGA-1	NK	0
AGGCGTCAGGTTGACG-1	NK	4
AGGCGTCCATGTGAGG-1	T	17
AGGCGTCCATTTGGTG-1	T	2
AGGCGTCTCAAACCCA-1	T	18
AGGCGTCTCACTAGGT-1	NK	4
AGGCGTCTCAGGAATA-1	T	16
AGGCGTCTCCAGAGAG-1	Epithelial	14
AGGCGTCTCGAACCGC-1	T	5
AGGCGTCTCGGTCAGC-1	T	16
AGGCGTCTCGTTCCGT-1	T	2
AGGCGTCTCTCTTAAC-1	NK	9
AGTCAACAGCTTACCA-1	NK	19
AGTCAACAGGCAAGCT-1	NK	9
AGTCAACAGTACGACG-1	T	3
AGTCAACCAGGTCCTG-1	T	2
AGTCAACCATGCGCTG-1	NK	10
AGTCAACGTAGGTCTT-1	T	8
AGTCAACGTCAAATCC-1	T	3
AGTCAACGTCTGCACG-1	T	13
AGTCCGGAGCGATACG-1	NK	19
AGTCCGGCAAATTGAG-1	NK	11
AGTCCGGCACATTGCA-1	B	7
AGTCCGGCACGACGAA-1	T	1
AGTCCGGGTATGTTCG-1	Epithelial	14
AGTCCGGGTCTGGGAA-1	T	13
AGTCCGGGTTTAGAAG-1	T	18
AGTCCGGTCGGTACTA-1	NK	11
AGTCCGGTCGGTCTAA-1	T	17
AGTCCGGTCTTCCAGC-1	T	3
AGTGCCGAGAAAGGGT-1	T	1
AGTGCCGAGCCATCAT-1	T	12
AGTGCCGAGGCCAGTA-1	T	15
AGTGCCGAGTCGATAA-1	NK	10
AGTGCCGCAAAGCTTC-1	NK	9
AGTGCCGCAATGATGA-1	T	5
AGTGCCGCATAGATAG-1	T	15
AGTGCCGGTATCTAGC-1	T	8
AGTGCCGGTTGAAGCG-1	NK	4
AGTGCCGGTTTGTACG-1	T	15
AGTGCCGTCGCTTACC-1	T	5
AGTGCGCAGAAATCTG-1	T	17
AGTGCGCAGGCAGTAC-1	T	15
AGTGCGCCAAACGACG-1	T	13
AGTGCGCCACCGAAAG-1	T	16
AGTGCGCGTAGAAAGG-1	T	15
AGTGCGCGTATGGATA-1	T	15
AGTGCGCGTCAGCTTA-1	T	6
AGTGCGCGTGACAAGC-1	NK	19
AGTGCGCGTGCATCAT-1	Epithelial	14
AGTGCGCGTTTGTCTT-1	T	12
AGTGCGCTCACATTCT-1	T	18
AGTGCGCTCTACTTTG-1	NK	11
AGTGTACAGCGCCTAC-1	T	8
AGTGTACAGGATTGAT-1	T	5
AGTGTACCAGGTAGGT-1	T	2
AGTGTACCATGTATCG-1	T	2
AGTGTACGTCTGCGCA-1	T	13
AGTGTACTCCATGTTT-1	T	6
AGTGTACTCGACCCGA-1	T	16
AGTGTACTCGTCTTAT-1	T	6
AGTGTACTCTCGCGTT-1	T	15
AGTGTACTCTCGTAGA-1	NK	10
AGTTACGAGCGGACTA-1	T	1
AGTTACGAGTTGCCGC-1	T	6
AGTTACGCACATTGCA-1	T	15
AGTTACGCAGCAACGA-1	T	2
AGTTACGGTGAATGGC-1	T	2
AGTTACGGTTAACCAC-1	T	2
AGTTACGTCATTCTCA-1	T	5
AGTTACGTCCCGAAGC-1	NK	10
AGTTACGTCTGCCGAG-1	NK	19
AGTTTGGAGAGACTCG-1	B	7
AGTTTGGAGCGGACTA-1	T	17
AGTTTGGAGTCCGATT-1	NK	19
AGTTTGGCACTCAAGT-1	NK	10
AGTTTGGGTAGTAACA-1	T	17
AGTTTGGGTCAGAGTG-1	NK	11
AGTTTGGGTCAGCTTA-1	NK	0
AGTTTGGGTTAACCGT-1	T	18
AGTTTGGGTTCCATCC-1	T	2
AGTTTGGGTTCTTTCA-1	T	1
AGTTTGGTCAAGGCCC-1	T	3
AGTTTGGTCTATTTCG-1	NK	9
ATAGGCTAGAACGTCG-1	T	16
ATAGGCTAGTGAAACT-1	NK	10
ATAGGCTCAATCAGGG-1	Epithelial	14
ATAGGCTCATGCCTTC-1	NK	11
ATAGGCTGTAACGGAC-1	NK	19
ATAGGCTGTAGAAAGG-1	T	3
ATAGGCTTCAGGAAGC-1	B	7
ATAGGCTTCTTGGCCT-1	B	7
ATAGTCGAGAGGCAGG-1	T	8
ATAGTCGCAAGACTAA-1	T	8
ATAGTCGCAATGAAAC-1	T	17
ATAGTCGCACCGAAAG-1	T	6
ATAGTCGCACGCCGAT-1	T	18
ATAGTCGCATAGACGG-1	NK	11
ATAGTCGGTCGCGCTA-1	T	12
ATAGTCGGTGTTAGAA-1	T	2
ATAGTCGGTTTGCATG-1	T	15
ATAGTCGTCGGATAGG-1	NK	19
ATAGTCGTCTTGCGCT-1	T	8
ATATTCCAGACGAAAG-1	T	1
ATATTCCAGCTGAAAT-1	T	5
ATATTCCAGGTTGACG-1	T	18
ATATTCCCACCACCAG-1	T	2
ATATTCCCATCCGTGG-1	T	15
ATATTCCTCGCTGATA-1	NK	19
ATCCAGAAGAAGCCTG-1	T	16
ATCCAGAAGAGGTGGG-1	T	1
ATCCAGACAACAAACA-1	T	15
ATCCAGACACAAACAA-1	T	8
ATCCAGACATTCCCGT-1	T	5
ATCCAGACATTTGGCA-1	T	17
ATCCAGAGTACTTCAG-1	NK	11
ATCCAGAGTATGAAGT-1	NK	4
ATCCAGAGTCCAAGTT-1	T	2
ATCCAGAGTGCTTGAT-1	NK	9
ATCCAGATCCAGCACG-1	T	5
ATCCAGATCCCGATTC-1	B	7
ATCCCTGAGCAGAATT-1	NK	9
ATCCCTGAGGTAGGAA-1	T	12
ATCCCTGAGTGGTGTG-1	NK	10
ATCCCTGCAATCCATG-1	NK	10
ATCCCTGCAGAGAGAA-1	NK	10
ATCCCTGGTAGCGGTA-1	T	6
ATCCCTGTCAACTTGG-1	T	17
ATCCCTGTCGAGAAGC-1	NK	11
ATCCCTGTCGTCCCAT-1	T	8
ATCCTCGAGATCTAAG-1	NK	9
ATCCTCGAGCTCGGCT-1	T	1
ATCCTCGCAAACCCTA-1	B	7
ATCCTCGCACACGGTC-1	T	15
ATCCTCGCACGCTGTG-1	NK	11
ATCCTCGCAGTGGTCC-1	T	13
ATCCTCGGTAAAGCTA-1	T	2
ATCCTCGTCCCGAAGC-1	T	2
ATCCTCGTCTCCACTG-1	NK	0
ATCCTCGTCTTACTCA-1	T	15
ATCCTCGTCTTGTCAT-1	T	15
ATCCTGCAGCGTAGCA-1	T	12
ATCCTGCAGGGTCTGA-1	T	5
ATCCTGCAGGTTCTCA-1	T	6
ATCCTGCCAAGAGATT-1	T	8
ATCCTGCCAGCGTCGT-1	NK	11
ATCCTGCCAGGTCTGC-1	NK	9
ATCCTGCCATTCACGA-1	T	18
ATCCTGCGTTTGGATC-1	NK	10
ATCCTGCTCCCAATGA-1	NK	11
ATCCTGCTCGGGATCC-1	T	16
ATCCTGCTCTATCTTG-1	B	7
ATCGAGTCAAAGAGAG-1	T	15
ATCGAGTCAACTACTG-1	NK	9
ATCGAGTCAACTGCGC-1	B	7
ATCGAGTCAAGCAATA-1	T	17
ATCGAGTCAAGGAGGG-1	T	2
ATCGAGTCACCTCGTT-1	NK	11
ATCGAGTCAGTCAGAG-1	T	1
ATCGAGTGTCTGGGAA-1	T	1
ATCGAGTGTGCTGGCT-1	Epithelial	14
ATCGAGTGTTGGACGA-1	T	13
ATCGAGTGTTGGCTTA-1	T	17
ATCGAGTTCCCGTATC-1	T	3
ATCGAGTTCTTTCGAT-1	T	16
ATGCATGAGCAACGGT-1	NK	9
ATGCATGCAACCTCCT-1	NK	10
ATGCATGCAAGAGATT-1	T	18
ATGCATGCAATTGCCA-1	T	8
ATGCATGCACATTGCA-1	T	18
ATGCATGCAGAACAGC-1	T	3
ATGCATGCAGATAAGT-1	NK	11
ATGCATGCATACCCGG-1	T	1
ATGCATGCATAGAATG-1	T	2
ATGCATGGTATTGTCG-1	T	18
ATGCATGGTCCCTAAA-1	NK	4
ATGCATGGTGCGCTCA-1	NK	4
ATGCATGTCGGCTATA-1	T	13
ATGGATCAGTGATATG-1	T	13
ATGGATCCATGCGTTA-1	T	1
ATGGATCGTCGGCTGT-1	T	16
ATGGATCGTGTTTCTT-1	NK	10
ATGGATCTCACACGTA-1	T	16
ATGTACGAGCACCATT-1	T	3
ATGTACGAGTCGAGCA-1	NK	4
ATGTACGCAAATTGAG-1	NK	9
ATGTACGCACTTTGGA-1	NK	9
ATGTACGCAGAAGTGC-1	NK	0
ATGTACGTCTCTGACC-1	T	8
ATGTCGAAGAGCCTGA-1	NK	0
ATGTCGAAGAGGAACA-1	T	15
ATGTCGAAGGCGCTTC-1	T	8
ATGTCGAAGTATACCC-1	NK	19
ATGTCGACAAAGCATA-1	NK	19
ATGTCGACATTACCTT-1	T	18
ATGTCGAGTAGAAAGG-1	B	7
ATGTCGAGTAGTCCAT-1	Epithelial	14
ATGTCGAGTATCTAGC-1	T	8
ATGTCGATCACCCTTG-1	NK	11
ATGTCGATCCCAGTAA-1	NK	0
ATGTCGATCTATCCTA-1	NK	11
ATGTCTTAGCCTCGCA-1	T	8
ATGTCTTAGGAATGGA-1	T	2
ATGTCTTAGTACGCGA-1	Epithelial	14
ATGTCTTCAACGAGGT-1	T	8
ATGTCTTCATCACAAC-1	T	16
ATGTCTTGTAGGTAAT-1	T	17
ATGTCTTGTGAGGTCA-1	T	15
ATGTCTTGTGTCGTCG-1	NK	10
ATGTCTTTCCATTGTT-1	B	7
ATGTCTTTCGATGAAA-1	T	18
ATGTCTTTCTCAGATG-1	T	18
ATGTTTCAGACCCTAT-1	T	16
ATGTTTCCAAGTTCGT-1	T	17
ATGTTTCCATCGAGTT-1	T	3
ATGTTTCGTCAGAGTG-1	T	2
ATGTTTCGTGACCAGA-1	NK	19
ATGTTTCTCCCAGCGA-1	Epithelial	14
ATGTTTCTCGATGAAA-1	NK	0
ATGTTTCTCGGATGTT-1	T	6
ATGTTTCTCTCTCAAT-1	NK	9
ATGTTTCTCTGTCGGG-1	T	13
ATTACCTAGACCAATA-1	T	12
ATTACCTCACTCGCAG-1	B	7
ATTACCTGTTCACGTA-1	NK	19
ATTACCTGTTTCCGGG-1	T	2
ATTACCTTCCTCAAGA-1	NK	10
ATTACCTTCGCGCTGA-1	B	7
ATTACCTTCGGATAGG-1	T	2
ATTACCTTCTTTATCG-1	T	2
ATTACTCAGCGAGCTA-1	B	7
ATTACTCAGGATCCTT-1	B	7
ATTACTCCAGAAGTGC-1	T	18
ATTACTCCAGAGAGAA-1	NK	0
ATTACTCCATTACTTC-1	T	3
ATTACTCGTGACGCAA-1	NK	19
ATTACTCGTTTGTAGC-1	NK	11
ATTACTCTCTGACATG-1	T	12
ATTACTCTCTGTCGTC-1	B	7
ATTCGTTAGGTTCTCA-1	T	8
ATTCGTTAGTCGTGAG-1	NK	0
ATTCGTTCAAAGGTCG-1	NK	10
ATTCGTTCAACGTCCG-1	NK	9
ATTCGTTCATGCCTTC-1	NK	4
ATTCGTTCATGGGTGA-1	Epithelial	14
ATTCGTTGTAGTAACA-1	NK	9
ATTCGTTGTCCGTAGC-1	NK	9
ATTCGTTTCAAGGCAG-1	T	5
ATTCGTTTCAGTCAAC-1	T	17
ATTCGTTTCCTCATTA-1	T	8
ATTCGTTTCTGACATG-1	T	12
ATTCGTTTCTGACTTT-1	NK	19
ATTGTCTAGAGTAAGG-1	NK	19
ATTGTCTAGCAGAATT-1	NK	4
ATTGTCTAGGAACCGT-1	T	17
ATTGTCTCAATTGGCT-1	B	7
ATTGTCTCACAATAAG-1	NK	19
ATTGTCTGTAACATAG-1	B	7
ATTGTCTGTGTGAGGT-1	T	18
ATTGTCTGTTGGTAAA-1	NK	11
ATTGTCTTCGCATAAC-1	T	15
ATTGTCTTCTCTATCA-1	T	12
ATTGTGGAGCCTGTAT-1	NK	4
ATTGTGGAGCGTTGCC-1	T	6
ATTGTGGAGTAATCAG-1	T	16
ATTGTGGCACACTAGT-1	T	5
ATTGTGGGTCTCTAAG-1	T	13
ATTGTGGGTGGACTGA-1	T	1
ATTGTGGTCCAGAATC-1	NK	11
ATTGTGGTCTGCGTCT-1	T	12
ATTTGTCAGAGTTTGA-1	T	18
ATTTGTCAGCTCCGGT-1	NK	9
ATTTGTCAGTGCTAGG-1	NK	10
ATTTGTCCAAACAGTA-1	T	2
ATTTGTCGTTTGACCA-1	NK	4
ATTTGTCTCCTGGAAT-1	Epithelial	14
ATTTGTCTCGGGATCC-1	NK	0
ATTTGTCTCGTTCCGT-1	T	17
ATTTGTCTCTGGCCAG-1	T	18
ATTTGTCTCTGTTTAC-1	B	7
CAAAGCTAGACCGCAA-1	T	12
CAAAGCTAGCCTTTGA-1	T	17
CAAAGCTAGCGAGAAA-1	T	8
CAAAGCTCAAGACACG-1	T	2
CAAAGCTCACAGTTCA-1	NK	0
CAAAGCTCACTGGGCT-1	T	13
CAAAGCTCATCCTCGT-1	T	6
CAAAGCTGTAACCATC-1	NK	11
CAAAGCTTCCTCCATG-1	B	7
CAACCAAAGGGAGATA-1	B	7
CAACCAAAGTCGATAA-1	T	13
CAACCAAAGTTGCTTG-1	B	7
CAACCAACACGCGACT-1	NK	19
CAACCAACATCCGTAA-1	T	13
CAACCAAGTAACCATC-1	NK	0
CAACCAAGTATCCCTC-1	T	2
CAACCAAGTCTGGATT-1	B	7
CAACCAAGTTCAGAAA-1	T	5
CAACCAATCCAAACCA-1	NK	11
CAACCAATCCAACAAC-1	T	3
CAACGGCAGATGCGAC-1	NK	11
CAACGGCAGGGTCCCT-1	T	18
CAACGGCAGTCCCTCT-1	T	5
CAACGGCAGTCTGTGT-1	T	16
CAACGGCAGTGTCCCG-1	T	1
CAACGGCCAATGGTCT-1	T	17
CAACGGCCACAGATGG-1	NK	0
CAACGGCCATGATCGT-1	T	8
CAACGGCCATGGGAAC-1	NK	9
CAACGGCGTACGTATC-1	NK	9
CAACGGCGTGAATCGG-1	NK	10
CAACGGCGTGTTGTTG-1	T	8
CAACGGCGTTAACTCG-1	T	2
CAACGGCGTTTGCCCT-1	T	5
CAACGGCTCATTCGGA-1	B	7
CAACGGCTCCATCTAT-1	T	3
CAACGGCTCGATATGC-1	NK	0
CAACGGCTCGCATACA-1	NK	11
CAACGTACACAGAAGC-1	NK	0
CAACGTACACGAACGA-1	T	1
CAACGTATCCTTCGAC-1	T	16
CAAGAAAAGTCACGCC-1	T	15
CAAGAAAAGTTATGAG-1	NK	0
CAAGAAAAGTTCGACT-1	T	18
CAAGAAACAAGCAATA-1	T	5
CAAGAAACAGGCACAA-1	T	5
CAAGAAAGTAGCTGTT-1	Epithelial	14
CAAGAAAGTGACGCAA-1	Epithelial	14
CAAGAAAGTTACGCTA-1	T	12
CAAGAAAGTTCTACGA-1	T	5
CAAGAAATCCATATCT-1	T	15
CAAGAAATCCCGTATC-1	NK	19
CAAGAAATCGCACAAT-1	T	17
CAAGAAATCGCGTTCT-1	NK	10
CAAGCTAAGTCATCTG-1	T	16
CAAGCTAAGTCGCGTC-1	B	7
CAAGCTAAGTGAGCTG-1	T	18
CAAGCTACATTAACGC-1	T	6
CAAGCTATCATCGCTC-1	B	7
CAAGCTATCCATACGA-1	NK	0
CAAGCTATCGACTATG-1	T	8
CAAGCTATCGGATAAA-1	NK	11
CAAGCTATCTTAACGG-1	T	6
CAAGGCCAGAGGAATG-1	Epithelial	14
CAAGGCCAGAGGTACC-1	T	17
CAAGGCCAGATGCGCA-1	B	7
CAAGGCCAGATGTTGA-1	T	18
CAAGGCCCAAACCGAG-1	T	1
CAAGGCCCACATTGCA-1	T	1
CAAGGCCCACCGAAAG-1	T	8
CAAGGCCCAGTATCTG-1	NK	0
CAAGGCCCAGTGCGAA-1	T	13
CAAGGCCGTGCCGGTT-1	NK	19
CAAGGCCGTGTGAGGT-1	T	18
CAAGGCCTCCTATCCG-1	NK	19
CAAGGCCTCTTACCTA-1	NK	19
CAATCCCCATCCTCGT-1	T	8
CAATCCCGTACCCACG-1	T	6
CAATCCCGTCTGGGAA-1	NK	4
CAATCCCGTGACAAGC-1	T	16
CAATCCCTCCAGGGAA-1	NK	0
CAATCCCTCCATCTAT-1	NK	19
CAATCCCTCCCACGGA-1	NK	0
CAATCCCTCTGGTACA-1	T	6
CACAACAAGCTATCCA-1	T	12
CACAACACACTCGCAG-1	T	1
CACAACACAGCAACAG-1	T	6
CACAACACAGGATGTG-1	NK	9
CACAACACATCGACCG-1	T	8
CACAACAGTATCCTTT-1	B	7
CACAACAGTGCGCATC-1	T	12
CACAGATAGAGTGGAA-1	NK	9
CACAGATAGCAACGGT-1	NK	19
CACAGATAGGCTCCTG-1	T	6
CACAGATAGGGATCCA-1	T	17
CACAGATAGGTTGACG-1	T	12
CACAGATCACAGGAAC-1	T	5
CACAGATCAGTAAGAT-1	T	2
CACAGATGTACGTAGG-1	NK	9
CACAGATTCCAACAAC-1	T	18
CACAGATTCCGAGAGA-1	NK	10
CACAGATTCGCCAGAC-1	T	16
CACATGAAGCACCATT-1	T	12
CACATGAAGGTTCTCA-1	T	18
CACATGAAGTGTCGGA-1	T	13
CACATGAAGTTACCAC-1	T	18
CACATGACACCTATTT-1	T	16
CACATGACACGCGACT-1	T	2
CACATGAGTGGCATAG-1	T	18
CACATGATCCTTTGCG-1	T	12
CACATGATCGCTATTT-1	T	5
CACCACTAGCGTCAAG-1	NK	0
CACCACTAGTACCACT-1	NK	4
CACCACTGTTGGCTTA-1	NK	0
CACCACTTCAGATACC-1	T	6
CACCACTTCCAAACCA-1	T	12
CACCACTTCCAGAATC-1	T	5
CACCTGTAGCAAGGTC-1	T	15
CACCTGTAGCTGCTCG-1	NK	9
CACCTGTCAGGGTACA-1	NK	19
CACCTGTCATGATTGC-1	NK	11
CACCTGTGTACGGTTT-1	T	16
CACCTGTGTCATTGCA-1	NK	11
CACCTGTTCAGCACGC-1	NK	0
CACCTGTTCATCGCTC-1	B	7
CACCTGTTCCATCTAT-1	T	8
CACCTGTTCGCAAACT-1	T	5
CACCTGTTCGTGGTAT-1	B	7
CACCTTGCAACAACTC-1	NK	11
CACCTTGCACCCATCT-1	NK	0
CACCTTGGTTCCTATT-1	T	16
CACCTTGTCCGAGGAA-1	T	2
CACCTTGTCCTATCAT-1	NK	19
CACCTTGTCCTGGGAC-1	NK	10
CACGTTCAGAAATCTG-1	T	2
CACGTTCAGAGAGTAG-1	T	2
CACGTTCAGGCACCTC-1	NK	10
CACGTTCCACATATCG-1	NK	0
CACGTTCCACCTGTGG-1	NK	0
CACGTTCCAGAAGTGC-1	NK	4
CACGTTCCATAGCAGG-1	T	8
CACGTTCTCCAGGTCG-1	T	5
CACGTTCTCCGATGCG-1	T	3
CACTAAGAGGTCCTCG-1	NK	11
CACTAAGAGTACTCTG-1	T	6
CACTAAGAGTCGAAAT-1	T	5
CACTAAGCATGGCCCA-1	T	1
CACTAAGCATTACTCT-1	NK	11
CACTAAGGTGTGAGGT-1	NK	19
CACTGAAAGTAACACA-1	NK	19
CACTGAAAGTACAGAT-1	Epithelial	14
CACTGAACAACTCGTA-1	NK	10
CACTGAACACATATCG-1	B	7
CACTGAACACCACGAC-1	T	1
CACTGAACAGGCAAGT-1	T	13
CACTGAACATTTCTTG-1	T	13
CACTGAAGTATTGTCG-1	T	17
CACTGAAGTCTAACCA-1	B	7
CACTGAAGTCTCTAAG-1	T	3
CACTGAATCCGAATTG-1	NK	11
CAGCCTTAGCGCAATG-1	T	2
CAGCCTTAGTCCAGAG-1	T	1
CAGCCTTCAATTCTCT-1	NK	19
CAGCCTTGTAGCGGTA-1	T	8
CAGCCTTGTCAGCAAG-1	B	7
CAGCCTTGTGCCCTAG-1	NK	11
CAGCCTTTCGACGGAA-1	NK	19
CAGCCTTTCGATCGCG-1	NK	9
CAGCCTTTCTGAAAGA-1	T	8
CAGCTAAAGTGAACCG-1	NK	0
CAGCTAAAGTGCTAGG-1	NK	19
CAGCTAACAAGTCCTA-1	T	2
CAGCTAACAAGTCTCA-1	T	15
CAGCTAACACATCATG-1	B	7
CAGCTAACACCGTTGG-1	NK	11
CAGCTAACATGCGACC-1	NK	9
CAGCTAACATGGTTTG-1	T	13
CAGCTAACATTAACGC-1	NK	19
CAGCTAACATTGCACA-1	T	8
CAGCTAAGTCACTCTC-1	NK	11
CAGCTAAGTCGCTAGC-1	NK	11
CAGCTAAGTGCTTGAT-1	NK	4
CAGCTAATCAATTCCT-1	B	7
CAGCTGGAGGATTTGA-1	T	8
CAGCTGGAGTTCAACC-1	T	1
CAGCTGGAGTTGCCGC-1	T	17
CAGCTGGCAGTCAGCC-1	B	7
CAGCTGGGTAACGGTG-1	NK	11
CAGCTGGGTAGCTGTT-1	T	2
CAGCTGGGTCAACTAC-1	NK	19
CAGCTGGGTCCCGTGA-1	NK	19
CAGCTGGGTTGAATAG-1	NK	10
CAGCTGGTCGCTACCT-1	T	3
CAGGATTAGAAATGGG-1	T	6
CAGGATTCAATTCAGC-1	B	7
CAGGATTCACAACGGA-1	B	7
CAGGATTCACCTGAAT-1	NK	9
CAGGATTTCGCGGCAT-1	T	18
CAGGGCTAGACTTGAA-1	T	13
CAGGGCTCACAAGGGT-1	T	3
CAGGGCTCATCCCGGA-1	NK	11
CAGGGCTGTCAAACAA-1	T	12
CAGGGCTTCTCTGTTA-1	T	13
CAGTATGAGATCTAAG-1	B	7
CAGTATGAGGTGTCGA-1	NK	19
CAGTATGCAGTAGTTC-1	T	2
CAGTATGGTCAACAGG-1	T	8
CAGTATGGTTCCGGCA-1	NK	9
CAGTATGTCCCAATGA-1	T	6
CAGTGCGAGCGCATTT-1	T	2
CAGTGCGAGTAATGTG-1	T	6
CAGTGCGCAGTTACAC-1	T	18
CAGTGCGCATCGCCTT-1	NK	4
CAGTGCGCATGATTGC-1	T	17
CAGTGCGGTATCGCGC-1	T	18
CAGTGCGGTGCCAAGA-1	NK	11
CAGTGCGTCTAGCTGA-1	T	1
CAGTGTAAGCCATTCA-1	B	7
CAGTGTACATGGCCTG-1	NK	0
CAGTGTACATGGTAAA-1	T	17
CAGTGTAGTCAATCCA-1	T	2
CAGTGTATCCTCAAGA-1	B	7
CAGTGTATCCTGACCT-1	NK	19
CATAACGAGCGAGAAA-1	T	3
CATAACGAGCTAGCAG-1	B	7
CATAACGCAATTCGTG-1	T	18
CATAACGGTAACTGAA-1	T	1
CATAACGGTATCTAGC-1	T	16
CATAACGGTCGATTAC-1	Epithelial	14
CATAACGGTTCTACCC-1	NK	0
CATAACGTCGCTCGGA-1	T	12
CATAACGTCGGTTGTA-1	T	3
CATGCCTAGAGCACTG-1	T	16
CATGCCTCAGCGTACC-1	T	12
CATGCCTCAGGTAGGT-1	NK	0
CATGCCTGTTTCCACC-1	T	16
CATGCCTTCAGTCTTT-1	NK	4
CATGCCTTCATACTTC-1	NK	4
CATGTTTAGCAATGTA-1	T	3
CATGTTTAGGCGACTA-1	T	8
CATGTTTAGTTCAGGG-1	T	3
CATGTTTAGTTGCCGC-1	T	2
CATGTTTCATACCCGG-1	T	5
CATGTTTCATGGGTGA-1	T	12
CATGTTTGTACCCACG-1	T	16
CATGTTTGTTCCCAAA-1	T	8
CATTCATAGACTAGCG-1	B	7
CATTCATAGTAACATG-1	T	17
CATTCATCAAGTCCTA-1	T	13
CATTCATCAGAACAGC-1	T	13
CATTCCGAGACGAAAG-1	T	16
CATTCCGAGACGCCCT-1	T	17
CATTCCGCAGTGGTCC-1	NK	9
CATTCCGCATGGAGGT-1	NK	9
CATTCCGGTACAAGCG-1	Epithelial	14
CATTCCGGTATATGGA-1	NK	11
CATTCCGGTCAAATCC-1	Epithelial	14
CATTCCGGTCGCTACG-1	T	5
CATTCCGGTTCACGTA-1	T	1
CATTCCGTCACCACAA-1	T	3
CATTCCGTCACTAGGT-1	T	16
CATTCCGTCATACTTC-1	T	17
CATTCCGTCCCAGCAG-1	T	1
CATTCCGTCGCCTTAC-1	T	18
CATTCCGTCTCTCAAT-1	NK	11
CATTGGAAGTTAGCGG-1	T	17
CATTGGACAACCTCCT-1	Epithelial	14
CATTGGACAACTCGAT-1	T	13
CATTGGACACAGTTCA-1	NK	11
CATTGGACATGACTGT-1	NK	0
CATTGGAGTACAAGCG-1	T	2
CATTGGAGTAGCCATT-1	T	15
CATTGGAGTCATAAGA-1	T	3
CATTGGAGTCGCGCTA-1	T	15
CATTGGAGTCTAAAGA-1	NK	0
CATTGGAGTTAGGAGC-1	Epithelial	14
CATTGGATCGACGGAA-1	NK	11
CATTGGATCTCTTCTC-1	T	17
CCAATGAAGCTGGAGT-1	Epithelial	14
CCAATGAAGGTTTCTG-1	T	3
CCAATGACAACTCCCT-1	T	3
CCAATGACAAGGAGTC-1	T	15
CCAATGACAGTCAGCC-1	T	1
CCAATGAGTAGATGAT-1	T	5
CCAATGAGTATACGCT-1	T	1
CCAATGAGTCATAGCT-1	NK	0
CCAATGAGTGTTAGAA-1	T	15
CCAATGATCCCGGGTA-1	T	2
CCAATGATCCGTTTCG-1	T	5
CCAATGATCCTTTGAT-1	NK	11
CCAATGATCGCTATTT-1	T	8
CCAATGATCGTGCTTC-1	NK	19
CCACAGGCAATCATCG-1	NK	0
CCACAGGGTGAGAGTC-1	T	18
CCACAGGGTGCTTTGA-1	NK	4
CCACAGGTCGTTACAG-1	NK	9
CCACGTTAGTTCGTTG-1	T	8
CCACGTTCAACGTACT-1	T	8
CCACGTTCAATGGTCT-1	T	2
CCACGTTCAGGAGCAT-1	NK	9
CCACGTTCATCCATAG-1	B	7
CCACGTTCATGTCCCT-1	T	13
CCACGTTTCAACGTGT-1	T	16
CCAGAATAGAGAAGCA-1	NK	0
CCAGAATAGGTTGTTC-1	T	16
CCAGAATCATAGCAGG-1	NK	4
CCAGAATGTACGAGAC-1	NK	10
CCAGAATTCAGTCTTT-1	T	8
CCAGAATTCGCGTGAC-1	T	8
CCAGAATTCTCGACCT-1	NK	4
CCAGATAAGATGGGTC-1	T	15
CCAGATAAGATGTTGA-1	T	6
CCAGATAAGCGTAGCA-1	T	17
CCAGATAAGGAAGGTA-1	NK	19
CCAGATAAGTAATGTG-1	NK	11
CCAGATAAGTCTTAGC-1	T	5
CCAGATAGTAGGGTCA-1	NK	4
CCAGATATCGGCTATA-1	T	6
CCATACCAGGTGTCGA-1	T	16
CCATACCCATCCTGGG-1	NK	10
CCATACCGTATCGCGC-1	T	12
CCATACCGTCAACTAC-1	T	13
CCATACCGTTACTACG-1	T	6
CCATACCTCGTCCCAT-1	T	5
CCCACATAGCGAGAAA-1	NK	4
CCCACATCAATACTGC-1	T	2
CCCACATCACAGTTAC-1	B	7
CCCACATCATGGCCTG-1	T	17
CCCACATGTCTGCGCA-1	B	7
CCCAGAGAGACACAAT-1	T	16
CCCAGAGAGTCAGCCC-1	B	7
CCCAGAGCACAGGTAG-1	NK	11
CCCAGAGCACATAAAG-1	T	5
CCCAGAGCACTCCCAT-1	T	8
CCCAGAGCATAGCCGC-1	T	12
CCCAGAGGTCCAAGAG-1	T	5
CCCAGAGGTCCGCTTT-1	T	2
CCCAGAGGTCTTAGCA-1	T	16
CCCAGAGGTTACGGAG-1	B	7
CCCAGAGGTTTAAGCC-1	T	8
CCCAGAGTCGATGTGT-1	T	17
CCCAGAGTCGTGGTAT-1	T	5
CCCGTTAAGGATGCCA-1	NK	10
CCCGTTAAGGATTAAC-1	T	13
CCCGTTAAGGTCTTTG-1	NK	9
CCCGTTACAAGCGTCC-1	T	8
CCCGTTACATCATCGA-1	T	18
CCCGTTAGTAGTAACA-1	NK	0
CCCGTTAGTCTGTGTA-1	T	8
CCCGTTAGTGCTTACA-1	NK	19
CCCGTTAGTTCCCTTG-1	T	1
CCCGTTATCGTGTGCG-1	T	5
CCCTAACAGAATACTG-1	NK	11
CCCTAACAGCATGTGG-1	NK	10
CCCTAACAGGTGTCGA-1	Epithelial	14
CCCTAACAGGTTCTCA-1	T	13
CCCTAACCAAAGCTTC-1	T	5
CCCTAACCAAGATTAG-1	T	6
CCCTAACCAGCAACGA-1	NK	0
CCCTAACGTGCCAAGA-1	T	12
CCCTAACGTGTCGTCG-1	B	7
CCCTAACTCACACGTA-1	NK	9
CCCTAACTCTCCAACC-1	T	15
CCCTAGTCAACGCACC-1	T	5
CCCTAGTCAACTCGTA-1	NK	4
CCCTAGTCACGCGCAT-1	NK	19
CCCTAGTCAGCAACGA-1	NK	9
CCCTAGTCATACCCGG-1	NK	9
CCCTAGTCATGGCCTG-1	T	5
CCCTAGTGTAGCGTTT-1	T	6
CCCTAGTGTCCATTGA-1	T	18
CCCTAGTTCAACACGT-1	B	7
CCCTAGTTCACGTGTA-1	T	16
CCCTAGTTCGGTTCCT-1	T	13
CCCTCTCAGTCATACC-1	T	2
CCCTCTCCAGTAACTC-1	B	7
CCCTCTCCAGTTACAC-1	T	5
CCCTCTCCATCGACCG-1	NK	4
CCCTCTCGTACAAGCG-1	Epithelial	14
CCCTCTCGTGCGCTCA-1	T	17
CCCTCTCGTTAAGGGC-1	T	16
CCCTCTCGTTCAGAAA-1	NK	19
CCCTCTCTCAAGAGAT-1	T	17
CCCTCTCTCGCCAGAC-1	T	17
CCCTGATAGTATACGA-1	NK	0
CCCTGATCAAACCTAC-1	B	7
CCCTGATCAACTCGTA-1	NK	19
CCCTGATCACTGCTTC-1	T	15
CCCTGATCATGCGTTA-1	T	16
CCCTGATTCCCAGCAG-1	B	7
CCGAAGCAGCAACGGT-1	T	6
CCGAAGCAGTGTAATG-1	Epithelial	14
CCGAAGCAGTTCCCGG-1	NK	11
CCGAAGCCATTCACCC-1	T	6
CCGAAGCGTAGTTTGC-1	T	17
CCGAAGCGTCCAGACC-1	T	16
CCGAAGCGTCCATTGA-1	B	7
CCGAAGCGTGCTTCCT-1	NK	0
CCGAAGCTCACCGCGA-1	T	13
CCGAAGCTCGATATGC-1	B	7
CCGCATTAGGGTTCTT-1	T	5
CCGCATTAGGTCGGTA-1	NK	0
CCGCATTCAGGGTAAC-1	T	15
CCGCATTGTAGCGAGT-1	T	6
CCGCATTGTGTCTCGG-1	NK	10
CCGCATTGTTACCCAA-1	T	12
CCGCATTTCAGGATCT-1	T	1
CCGCATTTCTCCAACC-1	T	1
CCGTACTAGTCCAGAG-1	T	18
CCGTACTAGTGGGACT-1	NK	0
CCGTACTCAAACGACG-1	NK	10
CCGTACTCAACCTCTC-1	T	2
CCGTACTCACTTGCGG-1	T	1
CCGTACTCAGGGTAAC-1	NK	9
CCGTACTCAGTAACGG-1	NK	4
CCGTACTGTACGGAGT-1	T	5
CCGTACTGTGGACAGT-1	T	5
CCGTACTTCAGAACGG-1	T	18
CCGTACTTCTTCAGAG-1	NK	0
CCGTAGGAGCGGACAT-1	T	5
CCGTAGGAGGCCTCGT-1	NK	19
CCGTAGGAGGTTAGTA-1	T	16
CCGTAGGCAGTCCTGG-1	NK	10
CCGTAGGCATCCCAAA-1	T	15
CCGTAGGTCCGCTATC-1	NK	4
CCGTAGGTCTTCAGAG-1	T	18
CCGTGAGAGAATGCTA-1	NK	0
CCGTGAGCAAATTCCG-1	T	12
CCGTGAGCAGGACCTC-1	NK	0
CCGTGAGCAGGCATCC-1	T	3
CCGTGAGCATCGACCG-1	NK	0
CCGTGAGGTCATTGGT-1	T	5
CCGTGAGTCCTGACCT-1	B	7
CCGTGAGTCGCGCTGA-1	T	8
CCGTGAGTCTATCCTA-1	T	18
CCGTGAGTCTATCTTG-1	NK	0
CCTAAAGAGTGCTGAG-1	NK	11
CCTAAAGAGTTGCCGC-1	T	1
CCTAAAGCACCAAGGA-1	T	8
CCTAAAGCAGCGTAGA-1	NK	9
CCTAAAGGTGAGTAAT-1	T	2
CCTAAAGTCACAGGGA-1	T	1
CCTAAAGTCACCACAA-1	NK	11
CCTAAAGTCCATATCT-1	T	12
CCTAAAGTCGCGTGAC-1	T	1
CCTAAAGTCGGAAAGC-1	T	1
CCTAAAGTCGTGTGCG-1	T	18
CCTATTAAGTGCACAG-1	T	17
CCTATTACATATTGGC-1	T	2
CCTATTACATGTGGGA-1	NK	4
CCTATTAGTATCTAGC-1	T	2
CCTATTAGTGCTAGTT-1	NK	0
CCTATTATCAATTGGC-1	NK	0
CCTATTATCAGGGTTT-1	NK	10
CCTATTATCAGTGGTT-1	T	5
CCTATTATCGGGAATG-1	B	7
CCTATTATCGGTGATT-1	T	18
CCTATTATCTATCTCA-1	NK	0
CCTATTATCTGTTGCC-1	NK	4
CCTATTATCTTCTTCC-1	NK	9
CCTCCCTAGTGCACAG-1	B	7
CCTCCCTAGTTGGAAT-1	T	1
CCTCCCTCAAACGACG-1	T	5
CCTCCCTCAAGCGACA-1	Epithelial	14
CCTCCCTCACGACGAA-1	T	15
CCTCCCTGTATGGGTG-1	NK	11
CCTCCCTTCTGACTTT-1	T	5
CCTGCTAAGGATGTAT-1	T	18
CCTGCTAAGGGAAGCG-1	T	13
CCTGCTACAGGTGTCC-1	NK	0
CCTGCTACATTGTGAC-1	B	7
CCTGCTAGTACGACCC-1	T	1
CCTGCTAGTCAGCAAG-1	NK	9
CCTGCTAGTGCGTCCA-1	T	5
CCTGCTAGTGTCGTCG-1	NK	4
CCTGCTAGTTAGTAGA-1	T	15
CCTGGGAAGATGGCAC-1	T	6
CCTGGGAAGTCAGGAC-1	NK	4
CCTGGGAAGTTCAAGA-1	NK	0
CCTGGGACAACAACTC-1	T	16
CCTGGGACAATACTGC-1	NK	19
CCTGGGACACGCTCAG-1	T	16
CCTGGGACACGCTGTG-1	NK	9
CCTGGGACAGGATAGC-1	NK	19
CCTTAATAGACACAAT-1	T	17
CCTTAATAGGCTGGAT-1	NK	10
CCTTAATCACACTAGT-1	T	15
CCTTAATCAGATACAA-1	NK	11
CCTTAATGTCATCGTA-1	T	6
CCTTAATTCCGTGCGA-1	NK	10
CCTTAATTCTGGACAT-1	T	8
CCTTGCAAGATGTTCC-1	T	16
CCTTGCAAGTGAGCTG-1	T	12
CCTTGCACAATTCTCT-1	T	2
CCTTGCACAGCTATAC-1	T	2
CCTTGCACAGTATACC-1	T	15
CCTTGCATCCTGAAAC-1	NK	11
CCTTGGTAGTCGTATC-1	T	16
CCTTGGTAGTTGTCCA-1	T	15
CCTTGGTCAAACGTTC-1	T	16
CCTTGGTCACAAACAA-1	B	7
CCTTGGTGTCATAGAA-1	T	17
CCTTGGTGTTTCCTAT-1	NK	10
CCTTGGTGTTTGATCG-1	NK	10
CCTTGGTTCAGTCACA-1	B	7
CGAGTTAAGAGACTCG-1	T	1
CGAGTTAAGCGTTAGG-1	T	2
CGAGTTAAGCTATCGT-1	NK	0
CGAGTTAAGGCTTTAC-1	B	7
CGAGTTACAACGTAGG-1	NK	4
CGAGTTACATACTGCA-1	T	18
CGAGTTAGTGAGGGTT-1	T	5
CGAGTTAGTGCCGGTT-1	NK	9
CGAGTTATCGTCTAGA-1	T	18
CGAGTTATCTTAAGCG-1	NK	11
CGAGTTATCTTCCACG-1	T	18
CGATGATAGCAGTAGC-1	NK	4
CGATGATCAGCTTACA-1	T	2
CGATGATCATGATCGT-1	T	1
CGATGATCATGATTGC-1	T	17
CGATGATGTGCCCTAG-1	Epithelial	14
CGCAATAAGAGGAATG-1	B	7
CGCAATAAGGCCAATG-1	T	17
CGCAATAAGTAATGTG-1	T	13
CGCAATAAGTCTCTAG-1	T	3
CGCAATACACGCCGAT-1	NK	0
CGCAATACAGCAACGA-1	T	5
CGCAATACAGGTAGGT-1	T	5
CGCAATAGTAAACGAT-1	T	16
CGCAATAGTAACACTC-1	T	1
CGCAATAGTAGTATCC-1	T	16
CGCAATAGTGAATGTA-1	NK	19
CGCAATAGTGCCCAGT-1	NK	0
CGCACAGAGAACTAAC-1	NK	10
CGCACAGAGATCTCAC-1	T	5
CGCACAGAGGCTGGAT-1	NK	4
CGCACAGGTCAGAAAT-1	T	5
CGCACAGGTGTAGGAC-1	T	16
CGCACAGTCCAAGTCA-1	T	2
CGCACAGTCGCGCTGA-1	T	15
CGCACAGTCTCGTAGA-1	T	18
CGCAGGTAGAACGTTA-1	NK	0
CGCAGGTAGGATTGCG-1	NK	4
CGCAGGTCAAAGGCCA-1	T	13
CGCAGGTCACAGTAGG-1	T	6
CGCAGGTGTCTGTTGA-1	T	13
CGCAGGTTCCCGTATC-1	T	8
CGCAGGTTCTTAACGG-1	T	16
CGCGCAAAGAAACGCC-1	T	18
CGCGCAAAGAAAGGGT-1	T	6
CGCGCAAAGGAAACTT-1	T	17
CGCGCAAAGGTACATA-1	NK	0
CGCGCAAAGTTATGAG-1	NK	10
CGCGCAACAAGACTTC-1	T	18
CGCGCAAGTATATGGA-1	T	13
CGCGCAAGTGAGTAAT-1	NK	11
CGCGCAAGTGCTTGAT-1	T	6
CGCGCAAGTTTCACCC-1	T	8
CGCGCAAGTTTCGATG-1	B	7
CGCGCAATCCCTAAAG-1	T	16
CGCGCAATCCTAAAGC-1	NK	10
CGCGCAATCGTGAACT-1	T	17
CGCTAGGAGCCGCAAA-1	NK	11
CGCTAGGAGGCCTCGT-1	T	3
CGCTAGGAGTTCGACT-1	T	16
CGCTAGGCACCATTCC-1	T	17
CGCTAGGCAGGCTACC-1	NK	10
CGCTAGGCATAGATAG-1	NK	11
CGCTAGGCATCCCTCA-1	NK	11
CGCTAGGGTGAGCTAG-1	T	12
CGCTAGGTCCTAAAGC-1	NK	10
CGCTAGGTCGTGGAAG-1	T	17
CGCTATCAGATATGAC-1	NK	0
CGCTATCAGATGCGAC-1	NK	11
CGCTATCAGGAGACTC-1	T	13
CGCTATCAGGATTGCG-1	B	7
CGCTATCAGTGATTAG-1	T	12
CGCTATCCACCTGAAT-1	T	2
CGCTATCCAGCGTCGT-1	T	18
CGCTATCGTGCTGTGC-1	T	16
CGCTATCTCCATCGAA-1	T	1
CGCTATCTCGTTCCGT-1	T	6
CGCTATCTCTCTGAGA-1	T	17
CGCTGGACACAAACAA-1	T	3
CGCTGGACAGACTAAA-1	T	18
CGCTGGAGTACTAGAA-1	T	17
CGCTGGAGTATTCTCT-1	T	5
CGCTGGAGTTAACCGT-1	T	18
CGCTGGAGTTTGTAGC-1	NK	11
CGCTGGATCCGATGCG-1	T	5
CGCTGGATCGCATAAC-1	T	3
CGGACCAAGACTTCCA-1	T	1
CGGACCAAGTCCCTCT-1	Epithelial	14
CGGACCACATCATGTG-1	T	2
CGGACCAGTAACCGAG-1	T	13
CGGACCAGTGGTCGAA-1	T	5
CGGACCAGTTAACCGT-1	T	2
CGGACCATCGCTATAG-1	NK	4
CGGACCATCTCTTCCT-1	T	16
CGGACCATCTTACGGA-1	T	1
CGGACTGCATTGTGAC-1	NK	19
CGGACTGGTAACGGCA-1	B	7
CGGACTGGTGCAAGAC-1	NK	4
CGGACTGGTGCATTCA-1	T	5
CGGACTGGTTCTTATC-1	NK	4
CGGACTGTCCAGGCCA-1	NK	11
CGGACTGTCGATGTGT-1	T	16
CGGACTGTCGTTTGAG-1	T	5
CGGTGCAAGAGCTCCC-1	NK	19
CGGTGCAAGTGCAACG-1	T	18
CGGTGCACATCACAAC-1	T	3
CGGTGCAGTCAGCTTA-1	T	2
CGGTGCAGTGCAAGAC-1	T	18
CGGTGCATCGGATAGG-1	NK	11
CGTAAACAGAGCTCCC-1	NK	11
CGTAAACAGGCAATTA-1	T	18
CGTAAACAGGCGATTG-1	Epithelial	14
CGTAAACCAAGCGGTA-1	T	5
CGTAAACCATGATCGT-1	T	16
CGTAAACGTCAGCTTA-1	NK	4
CGTAAACTCAGGGTTT-1	NK	9
CGTACAAAGCGCGTTC-1	NK	0
CGTACAAAGGAGGCGA-1	T	6
CGTACAACAGGCATTT-1	T	8
CGTACAACATGATCGT-1	B	7
CGTACAAGTATCGCGC-1	B	7
CGTACAAGTATTCTCT-1	T	2
CGTACAAGTGATAGAT-1	T	8
CGTACAAGTGCAAGAC-1	T	5
CGTACAAGTTCGGGAA-1	NK	9
CGTACAAGTTTCCACC-1	T	1
CGTACAAGTTTGAAGA-1	T	12
CGTACAATCACCGCGA-1	T	8
CGTACAATCCATCATT-1	NK	10
CGTACAATCCGGCGAT-1	T	2
CGTACAATCGTCTTAT-1	T	1
CGTACAATCTTAACGG-1	T	2
CGTGGCAAGGATGCCA-1	NK	9
CGTGGCACAAATAGTG-1	NK	19
CGTGGCACAGGTAGGT-1	T	3
CGTGGCACATTAACGC-1	T	17
CGTGGCAGTGGCCTTG-1	T	1
CGTGGCATCCGATTGA-1	T	12
CGTTCCAAGAATCAGT-1	T	5
CGTTCCAAGACTAATG-1	T	13
CGTTCCAAGTATAGTG-1	T	16
CGTTCCACAACGTCGC-1	NK	19
CGTTCCAGTACGGTTT-1	T	8
CGTTCCATCTTCCAGC-1	NK	0
CGTTCCATCTTGTACT-1	NK	0
CTAACTTAGAATCAAC-1	T	6
CTAACTTAGTCGACCC-1	NK	19
CTAACTTCAACACGGA-1	T	13
CTAACTTGTCTTAGCA-1	NK	11
CTACAGAAGAAATTCG-1	T	16
CTACAGACAAAGACGC-1	NK	19
CTACAGACACAGATGG-1	T	16
CTACAGACATCCTCGT-1	NK	0
CTACAGAGTTTAGACC-1	NK	4
CTACAGATCACCCGGA-1	NK	11
CTACAGATCCTCAAGA-1	T	17
CTACAGATCGCTTCAC-1	Epithelial	14
CTACTTAAGACTCTTG-1	T	6
CTACTTAAGGTTTCTG-1	T	8
CTACTTAAGTCGTATC-1	T	18
CTACTTAAGTTACACC-1	T	5
CTACTTAAGTTCGACT-1	NK	10
CTACTTAAGTTTACGC-1	T	8
CTACTTACAAGTAACA-1	T	17
CTACTTACAATGCATC-1	T	1
CTACTTACAATGGTAA-1	NK	4
CTACTTACACGTGAAG-1	T	16
CTACTTACATGACTGT-1	NK	10
CTACTTAGTAATGCAA-1	NK	11
CTACTTAGTATCGCGC-1	T	2
CTACTTAGTTGGGAAC-1	NK	19
CTACTTATCCTAAAGC-1	NK	4
CTAGCGGAGAGAAGCA-1	T	18
CTAGCGGAGGGAAGCG-1	NK	0
CTAGCGGCACTCCACT-1	T	8
CTAGCGGCATCTCTCG-1	T	18
CTAGCGGGTTCTGAAC-1	T	8
CTAGCGGTCCGATTGA-1	T	1
CTAGCGGTCGAGTGTT-1	NK	0
CTAGCGGTCGCCCTTA-1	NK	9
CTAGCGGTCGGTAGGA-1	T	18
CTAGCGGTCTTGCGCT-1	T	12
CTAGGATAGATCACCT-1	Epithelial	14
CTAGGATCAGGTAGCA-1	T	2
CTAGGATCATGTGGGA-1	T	5
CTAGGATGTGTGTGTT-1	T	13
CTAGGATTCGAGTTAC-1	T	2
CTAGGATTCGATGAAA-1	T	17
CTAGGGCAGACTCTTG-1	NK	4
CTAGGGCAGCTCGGCT-1	T	5
CTAGGGCAGGTACTCT-1	T	2
CTAGGGCCAAGTAACA-1	NK	0
CTAGGGCCAATAGTGA-1	T	15
CTAGGGCCACTGTCAA-1	NK	0
CTAGGGCCAGCAGGTA-1	T	18
CTAGGGCCATCACAAC-1	T	15
CTAGGGCCATGGGTGA-1	T	5
CTAGGGCGTACGCCCA-1	T	18
CTAGGGCGTCCTTCAC-1	T	5
CTAGGGCTCCTCTCTT-1	NK	10
CTAGGGCTCTCTCAAT-1	NK	0
CTAGGGCTCTGGAAGG-1	NK	9
CTCAACCAGCGATACG-1	T	17
CTCAACCCAACATAAG-1	T	12
CTCAACCCAATCACTG-1	NK	0
CTCAACCCACTGTCAA-1	B	7
CTCAACCCAGAGAGAA-1	T	3
CTCAACCCATCGTACA-1	T	2
CTCAACCGTAATGCCT-1	T	18
CTCAACCGTAGGTCTT-1	NK	10
CTCAACCGTGCTTTGA-1	NK	4
CTCAACCTCAGGAAGC-1	T	18
CTCAACCTCATTCTTG-1	T	16
CTCAACCTCCAAGAGG-1	T	3
CTCAACCTCCCACGGA-1	T	5
CTCAACCTCGGTCGAC-1	T	18
CTCAACCTCGTTACAG-1	T	17
CTCAACCTCTTTCGAT-1	Epithelial	14
CTCACCAAGACGTCAG-1	T	15
CTCACCAAGAGGAATG-1	T	1
CTCACCAAGAGTTTGA-1	T	1
CTCACCAAGCATGATA-1	T	8
CTCACCAAGGCTTCGC-1	T	3
CTCACCACAGTCAGAG-1	T	13
CTCACCACAGTTGCAT-1	T	17
CTCACCACATGGATGG-1	T	15
CTCACCAGTACGACCC-1	B	7
CTCACCATCCGAGGAA-1	T	1
CTCACCATCTTACGGA-1	T	18
CTCAGAACAATCATCG-1	B	7
CTCAGAACAGAGTCGA-1	NK	11
CTCAGAACATCCGTAA-1	T	15
CTCAGAAGTAAGTCTC-1	T	3
CTCAGAAGTCCAAGTT-1	T	8
CTCAGAAGTCGATTAC-1	B	7
CTCAGAAGTTTCGACA-1	NK	9
CTCAGAATCCAACAAC-1	T	5
CTCAGAATCGTGTGCG-1	NK	9
CTCAGCTAGATCGAGC-1	NK	19
CTCAGCTAGATGAGGA-1	T	6
CTCAGCTAGCCGCAAA-1	T	3
CTCAGCTAGCTATCCA-1	T	5
CTCAGCTCAGCGTAGA-1	B	7
CTCAGCTCATGGGACA-1	T	15
CTCAGCTCATGTAGAA-1	T	3
CTCAGCTGTAGAGAGA-1	T	6
CTCAGCTGTAGCCATT-1	B	7
CTCAGCTGTGCGTCCA-1	NK	10
CTCAGCTGTGTCTACA-1	T	6
CTCAGCTTCGCGCTGA-1	T	8
CTCATGCAGACCATAA-1	T	5
CTCATGCAGAGCCTGA-1	T	1
CTCATGCAGCTCCATA-1	T	8
CTCATGCAGTGCTGAG-1	NK	0
CTCATGCCACCCATCT-1	B	7
CTCATGCCACTGTCGG-1	T	15
CTCATGCGTACAAATG-1	T	16
CTCATGCTCTATATCC-1	T	8
CTCATGCTCTCGGCGA-1	T	2
CTCATGCTCTTCATAC-1	NK	11
CTCCCAAAGACACTTC-1	T	17
CTCCCAAAGAGGTGGG-1	T	17
CTCCCAAAGCGTTGCC-1	T	18
CTCCCAAAGTGTCGCC-1	NK	0
CTCCCAACAGGTTATC-1	T	8
CTCCCAAGTAAGCCGA-1	T	18
CTCCCAAGTAGAAAGG-1	B	7
CTCCCAAGTCATCGTA-1	Epithelial	14
CTCCCAAGTGGTTCTA-1	T	15
CTCCCAATCATACTTC-1	NK	9
CTCCCAATCCAGGTAT-1	T	8
CTCCCAATCGGATAAA-1	T	1
CTCCCAATCTTCTTCC-1	NK	10
CTCGCTAAGAGCTCCC-1	T	12
CTCGCTAAGCAATAAC-1	T	1
CTCGCTAAGCTATCCA-1	B	7
CTCGCTAAGTAGAAGG-1	B	7
CTCGCTAGTGGTACTT-1	T	6
CTCGCTAGTTGTCGGC-1	Epithelial	14
CTCGCTATCGGTGATT-1	T	13
CTCTACGAGACGCCCT-1	NK	11
CTCTACGAGAGCTCCC-1	T	15
CTCTACGCAAATGCTC-1	T	18
CTCTACGCAGAACGAC-1	NK	10
CTCTACGCATAGCCGC-1	NK	0
CTCTACGGTCACCCGA-1	T	8
CTCTACGTCCTTACGC-1	T	3
CTCTAGCAGAGCTGTG-1	T	18
CTCTAGCAGGCAGTAC-1	T	16
CTCTAGCAGGTTAGTA-1	NK	10
CTCTAGCAGTTCAGGG-1	Epithelial	14
CTCTAGCCATCGTACA-1	T	13
CTCTAGCGTAGAAGCC-1	NK	19
CTCTAGCGTTTGAAGA-1	T	1
CTCTAGCTCCCTATTA-1	B	7
CTCTAGCTCTCGCGTT-1	T	18
CTCTAGCTCTTCCACG-1	T	6
CTCTCAGAGATGGCAC-1	B	7
CTCTCAGAGCAGAAAG-1	T	3
CTCTCAGAGTAGTCGG-1	NK	10
CTCTCAGAGTGAAACT-1	T	5
CTCTCAGCAAGGAACC-1	T	13
CTCTCAGCACGACGAA-1	T	17
CTCTCAGGTCCAAGAG-1	T	17
CTCTCAGGTCCAGACC-1	NK	11
CTCTCAGGTGGTAGAC-1	T	8
CTCTCAGTCCATCATT-1	T	5
CTCTCAGTCGAGTTAC-1	T	2
CTCTCGACAAAGACGC-1	T	5
CTCTCGACACGCGACT-1	T	17
CTCTCGAGTGGTGGTA-1	NK	11
CTCTCGAGTTCCCGGA-1	NK	19
CTCTCGATCAAGAGAT-1	B	7
CTGAATGAGAGCGAAA-1	T	16
CTGAATGAGATATGAC-1	T	6
CTGAATGAGCGTTGCC-1	NK	10
CTGAATGAGGCGACTA-1	NK	11
CTGAATGCACTCAAGT-1	T	3
CTGAATGCACTGGGCT-1	NK	11
CTGAATGCATAGACGG-1	T	17
CTGAATGCATAGCCGC-1	NK	19
CTGAATGGTAGGGTTG-1	NK	0
CTGAATGTCATGAACC-1	Epithelial	14
CTGAATGTCCGATGCG-1	NK	4
CTGAATGTCGCTAGTA-1	NK	11
CTGCGTTAGGCGATTG-1	NK	19
CTGCGTTAGGTCTTGT-1	T	5
CTGCGTTCACGATATC-1	NK	4
CTGCGTTCAGGCACAA-1	T	5
CTGCGTTCATCCTCGT-1	T	15
CTGCGTTCATGGCCGT-1	NK	0
CTGCGTTGTTGGCTAT-1	T	8
CTGCGTTTCACCACAA-1	NK	11
CTGCGTTTCCAGTTAG-1	T	3
CTGCGTTTCGGTTAGT-1	T	18
CTGCTCAAGGTTTCTG-1	NK	10
CTGCTCAAGTCTGGGA-1	T	17
CTGCTCAAGTGAAGGA-1	NK	11
CTGCTCAAGTGTGTAA-1	T	18
CTGCTCACACCTACCT-1	NK	11
CTGCTCAGTAACGTAA-1	T	15
CTGCTCAGTCGAGGAT-1	B	7
CTGCTCAGTCGATTAC-1	NK	9
CTGCTCAGTCTGGGCT-1	T	5
CTGCTCAGTTGGCTAT-1	T	15
CTGCTCATCGCTCTAC-1	B	7
CTGGCAGAGATGGCAC-1	T	2
CTGGCAGAGGAGTAGA-1	T	3
CTGGCAGAGGCCTCTG-1	NK	0
CTGGCAGAGGTCGTTT-1	NK	11
CTGGCAGAGTCAGCCC-1	NK	10
CTGGCAGAGTCCGGAA-1	NK	10
CTGGCAGCAAAGACGC-1	Epithelial	14
CTGGCAGCAACGAGGT-1	NK	9
CTGGCAGCAAGACACG-1	NK	19
CTGGCAGGTCATCAAC-1	T	13
CTGGCAGTCAGTAGTC-1	T	15
CTGGCAGTCCATATCT-1	T	5
CTGGCAGTCGGATAAA-1	T	1
CTGGGACGTAGTAACA-1	T	1
CTGGGACGTTAGGAGC-1	NK	10
CTGGGACTCGCAACTA-1	T	2
CTGGGACTCTCGCGGA-1	T	6
CTGGGACTCTTATCAC-1	B	7
CTGTATTAGGACTAGC-1	T	13
CTGTATTAGTCGTACT-1	T	15
CTGTATTCACAGGTAG-1	NK	11
CTGTATTGTAAACGTA-1	T	16
CTGTATTGTAACACTC-1	Epithelial	14
CTGTTCGAGCTATCCA-1	T	2
CTGTTCGAGTACCTCA-1	T	5
CTGTTCGCAATGGTAA-1	T	13
CTTAATCAGATTGACA-1	T	2
CTTAATCAGCCATCAT-1	T	17
CTTAATCAGGTGTTGG-1	NK	9
CTTAATCCAATTCAGC-1	NK	4
CTTAATCCACTAGCCG-1	T	5
CTTAATCCAGGCTACC-1	T	17
CTTAATCCATGTGAGG-1	T	18
CTTAATCGTAGCATGG-1	NK	9
CTTAATCGTCAACGGA-1	NK	0
CTTAATCGTCAGCAAG-1	Epithelial	14
CTTAATCGTTCCATCC-1	T	1
CTTAATCTCAAGGCAG-1	NK	9
CTTCCAGAGACGTCAG-1	NK	9
CTTCCAGCAACGTACT-1	Epithelial	14
CTTCCAGCAAGGAGGG-1	Epithelial	14
CTTCCAGCATGTATCG-1	T	2
CTTCCAGGTGTCTACA-1	T	6
CTTCCAGGTTTCCGGG-1	Epithelial	14
CTTCCAGTCAACTTGG-1	T	3
CTTCCAGTCAGGCGCT-1	T	16
CTTCCAGTCATACTTC-1	T	17
CTTCCAGTCGATCTTT-1	NK	11
CTTCTAAAGACACAAT-1	T	3
CTTCTAACACTAGGAG-1	Epithelial	14
CTTCTAACACTCAAGT-1	T	1
CTTCTAACATTCACCC-1	T	12
CTTCTAAGTATTTGCG-1	T	16
CTTCTAAGTGCAAGCA-1	NK	10
CTTCTAAGTGCTGGCT-1	NK	11
CTTCTAATCCCACTTG-1	T	5
CTTCTAATCGCTTCAC-1	NK	0
CTTGAAGAGCGTCTGC-1	T	2
CTTGAAGAGGCTCCTG-1	T	1
CTTGAAGCAAGATTAG-1	NK	9
CTTGAAGGTAGGGTCA-1	NK	19
CTTGAAGTCAGGTCTA-1	B	7
CTTGAAGTCATCGCAA-1	T	1
CTTGAAGTCTTCTCTC-1	NK	19
CTTGCCAAGAATAGTC-1	T	15
CTTGCCAAGAGGAACA-1	NK	11
CTTGCCACAAACGACG-1	T	6
CTTGCCACAACTACTG-1	NK	19
CTTGCCACAAGGACCA-1	T	5
CTTGCCAGTAAACGAT-1	T	1
CTTGCCAGTAAGGTCG-1	T	13
CTTGCCAGTGATGCTT-1	T	1
CTTGCCAGTTGGTAAA-1	T	15
CTTGCCATCGAGGCTC-1	T	3
CTTGCCATCGGGTCCA-1	B	7
CTTGCCATCTTGCGCT-1	T	2
CTTGCTGCATTTCACT-1	T	18
CTTGCTGGTACTTCGA-1	T	17
CTTGCTGGTCCCTTTG-1	NK	10
CTTGCTGGTTCCAATG-1	B	7
CTTGCTGTCTTACGGA-1	NK	0
CTTGTCGAGATCCGAG-1	B	7
CTTGTCGAGCCAGAAC-1	T	3
CTTGTCGAGTCTAGAA-1	T	8
CTTGTCGAGTTGTCCA-1	T	3
CTTGTCGGTGCCGGTT-1	T	15
CTTGTCGGTTAACTCG-1	NK	0
CTTGTCGTCCATCTAT-1	T	18
CTTGTCGTCCCAATAG-1	NK	9
CTTGTCGTCCTCAAGA-1	T	1
CTTTGCGAGATCACCT-1	T	18
CTTTGCGAGGGTAGTC-1	B	7
CTTTGCGCACGCGCAT-1	NK	0
CTTTGCGCAGGACCTC-1	B	7
CTTTGCGCATTATGGC-1	T	13
CTTTGCGCATTCTTTG-1	NK	4
CTTTGCGGTATGGGTG-1	T	2
CTTTGCGGTTCCGGCA-1	T	18
CTTTGCGGTTGGACGA-1	T	12
CTTTGCGTCTCTCAAT-1	NK	11
GAAACAAAGATCGCCC-1	NK	4
GAAACAACAACACGGA-1	B	7
GAAACAACAAGGTCGA-1	T	12
GAAACAACACCGAATT-1	T	8
GAAACAACACGTTGTA-1	T	2
GAAACAACAGGTAGCA-1	NK	0
GAAACAACAGTGCGAA-1	T	15
GAAACAACATAGATAG-1	NK	0
GAAACAAGTGCTTCCT-1	T	2
GAAACAAGTTCTGATG-1	NK	19
GAAACAAGTTCTTATC-1	NK	10
GAAACAAGTTTCCGGG-1	T	12
GAAACAATCATCATGG-1	NK	0
GAAACAATCCTCTCTT-1	NK	0
GAAAGTAAGTACTCTG-1	NK	10
GAAAGTACAAGGAAGA-1	NK	19
GAAAGTAGTAACGTAA-1	NK	4
GAAAGTAGTAGAATAC-1	T	15
GAAAGTAGTCTCTGCT-1	NK	4
GAAAGTATCACAACAC-1	T	17
GAAAGTATCGGAGTTT-1	NK	11
GAAATGAAGCCTCGCA-1	NK	11
GAAATGAAGTATGGGC-1	T	6
GAAATGACAATTCGTG-1	T	18
GAAATGATCGCGCTGA-1	NK	10
GAAATGATCGCTATTT-1	B	7
GAAATGATCGGCTATA-1	T	13
GAACCGCAGAGGAACA-1	NK	0
GAACCGCAGATCGAGC-1	B	7
GAACCGCAGGGTAATT-1	T	17
GAACCGCAGTTCAACC-1	T	13
GAACCGCCAGAGTCGA-1	T	17
GAACCGCCATTCACGA-1	B	7
GAACCGCCATTGCACA-1	T	15
GAACCGCGTGTGTGCC-1	T	18
GAACCGCTCGGTGATT-1	NK	19
GAACCGCTCTGATCCC-1	B	7
GAACCGCTCTTGCGCT-1	NK	10
GAACCTAAGAGGCGGA-1	T	5
GAACCTAAGTAACATG-1	Epithelial	14
GAACCTAAGTAGAAGG-1	NK	4
GAACCTAAGTCCTTCC-1	NK	0
GAACCTAAGTGTCCCG-1	NK	9
GAACCTACAACTCCCT-1	T	2
GAACCTACATTACTCT-1	T	17
GAACCTAGTGGACAGT-1	T	12
GAACCTATCGTGGTAT-1	T	15
GAACCTATCTCCCTTT-1	NK	11
GAACGTTCACTAGCCG-1	NK	9
GAACGTTCAGATGGCA-1	T	16
GAACGTTCAGTAGGCA-1	T	5
GAACGTTTCACATCCC-1	NK	0
GAACGTTTCAGAATGA-1	NK	9
GAACGTTTCCCTACCA-1	T	5
GAACGTTTCTTCCACG-1	T	5
GAACTTGAGAATCAAC-1	NK	10
GAACTTGCAATTGGCT-1	NK	4
GAACTTGCACCGAAAG-1	T	12
GAACTTGCAGCGTCGT-1	T	18
GAACTTGCAGTTAAAG-1	NK	11
GAACTTGGTGTAGGAC-1	T	5
GAACTTGGTTGCCTGG-1	T	1
GAACTTGGTTTCGATG-1	T	6
GAACTTGTCCTCCATG-1	T	1
GAACTTGTCTCATCCG-1	T	18
GAAGAGCAGGACTAGC-1	T	3
GAAGAGCAGGCCTCTG-1	NK	9
GAAGAGCAGGTTCGAG-1	NK	19
GAAGAGCCAAATGTCC-1	NK	0
GAAGAGCCAAGCAATA-1	Epithelial	14
GAAGAGCCACGCGCAT-1	T	6
GAAGAGCCAGAACAGC-1	NK	0
GAAGAGCCAGCGTACC-1	NK	9
GAAGAGCCAGGTAGCA-1	T	1
GAAGAGCCAGGTGTGA-1	T	5
GAAGAGCGTACAAATG-1	B	7
GAAGAGCGTTATCGAC-1	T	5
GAAGAGCTCCGGACTG-1	T	13
GAAGAGCTCGGCTATA-1	T	5
GAAGTCTAGACACTTC-1	B	7
GAAGTCTAGAGGTACC-1	T	3
GAAGTCTAGCATGATA-1	NK	11
GAAGTCTAGGCTTCGC-1	T	5
GAAGTCTCATCGACGC-1	T	18
GAAGTCTGTAGTTTGC-1	NK	4
GAAGTCTGTCATCAAC-1	NK	4
GAAGTCTGTGATGCTT-1	T	18
GAAGTCTGTTTCCTAT-1	T	1
GAAGTCTTCACTTACT-1	T	6
GAAGTCTTCGCAGATT-1	T	17
GAAGTCTTCGGTTGTA-1	T	18
GAAGTGGAGTAGGTCG-1	T	18
GAAGTGGCAGGACTGA-1	T	18
GAAGTGGGTACGCCCA-1	NK	10
GAAGTGGGTGAATACA-1	T	1
GAAGTGGGTTTAAGCC-1	NK	0
GAAGTGGTCCAACGCG-1	B	7
GAATCTGAGATTGACA-1	Epithelial	14
GAATCTGAGCATACCT-1	T	5
GAATCTGAGTGGTGTG-1	T	1
GAATCTGCAAGGCGTA-1	NK	19
GAATCTGCAGGTCTGC-1	T	12
GAATCTGGTAGCAGGT-1	NK	19
GAATCTGTCGATGTGT-1	NK	10
GACCAATAGCAGGACT-1	T	18
GACCAATCACGAACGA-1	NK	19
GACCAATCATCGTACA-1	T	5
GACCAATCATTTGTTC-1	NK	10
GACCAATGTTACCCAA-1	NK	9
GACCAATTCCGGACTG-1	NK	9
GACCAATTCCTGGGAC-1	NK	19
GACCAATTCGCCACTT-1	B	7
GACCCAGAGACTTGAA-1	T	13
GACCCAGAGTCACACT-1	T	1
GACCCAGCAACCTCTC-1	T	15
GACCCAGCAATTCTCT-1	T	1
GACCCAGCACCCTTTG-1	NK	19
GACCCAGGTAACATAG-1	T	13
GACCCAGGTCAAATCC-1	T	17
GACCCAGGTCTAAAGA-1	NK	4
GACCCAGTCAGCCGAC-1	T	17
GACCCAGTCGGTCGAC-1	B	7
GACCGACAGGGAGATA-1	NK	10
GACCGACCAAACGACG-1	T	18
GACCGACCACGATTAC-1	T	17
GACCGACCAGGTGTGA-1	T	12
GACCGACCATGTGAGG-1	T	17
GACCGACGTGCACCCA-1	T	17
GACCGACGTGTTAGAA-1	T	5
GACCGACTCATAGGTC-1	T	12
GACCGACTCCATAACG-1	T	1
GACCGACTCGAACCGC-1	NK	19
GACCGACTCGGTTCCT-1	NK	4
GACCTTCAGCTTACCA-1	T	2
GACCTTCCAAGAGCGT-1	T	2
GACCTTCCAATTGCCA-1	T	2
GACCTTCCATTCTCGC-1	T	8
GACCTTCGTCAGCAAG-1	T	2
GACCTTCTCAGGATCT-1	NK	11
GACCTTCTCCATACGA-1	T	16
GACCTTCTCCATAGGT-1	T	2
GACCTTCTCGTAGCGC-1	T	2
GACTAACGTGCAAAGC-1	NK	9
GACTAACGTTTGCCCT-1	T	2
GACTAACTCCGTGCGA-1	T	16
GACTAACTCGGTCCGA-1	NK	9
GACTAACTCTGTGTGA-1	T	16
GACTAGTAGCAGAGCT-1	T	3
GACTAGTCAACAACTC-1	NK	0
GACTAGTCACCCATCT-1	B	7
GACTAGTCACCGAAAG-1	NK	11
GAGAACGAGAAAGCAG-1	T	13
GAGAACGAGATGTTGA-1	T	3
GAGAACGAGTCGTATC-1	T	16
GAGAACGCATAGATAG-1	Epithelial	14
GAGAACGGTAACTGAA-1	T	16
GAGAACGGTAATGTAG-1	T	2
GAGAACGGTCTAAGAA-1	NK	11
GAGAACGGTGAGGGTT-1	T	2
GAGAACGTCCGCTCTA-1	T	2
GAGAACGTCTATCTCA-1	B	7
GAGACTTAGGTTCTCA-1	NK	19
GAGACTTAGTAGGTCG-1	NK	9
GAGACTTAGTTAGCAA-1	NK	4
GAGACTTCACAGCCAC-1	NK	0
GAGACTTCACCACCAG-1	NK	0
GAGACTTCATGGATGG-1	NK	0
GAGACTTCATGGCCTG-1	T	17
GAGACTTCATTACTTC-1	NK	10
GAGACTTGTAGTATCC-1	NK	0
GAGACTTGTCAGGTGA-1	NK	11
GAGACTTGTTCAGTTG-1	T	17
GAGACTTGTTGCAGAG-1	NK	0
GAGACTTGTTTAAGGA-1	T	2
GAGATTCAGGTCTTTG-1	T	12
GAGATTCAGTGTCGCC-1	B	7
GAGATTCCATCGTACA-1	B	7
GAGATTCCATTACCTT-1	T	1
GAGATTCGTACGAGAC-1	B	7
GAGATTCGTCATAAGA-1	T	2
GAGATTCGTGAAACAT-1	B	7
GAGATTCGTGATTCCA-1	T	8
GAGATTCGTTTCTCTA-1	T	2
GAGATTCTCGCATACA-1	T	13
GAGCATTAGCGTATCT-1	T	5
GAGCATTAGTCACGCC-1	T	8
GAGCATTAGTCGTACT-1	T	17
GAGCATTCACCCTTAC-1	Epithelial	14
GAGCATTCACCGAAAG-1	NK	19
GAGCATTCAGGATAGC-1	T	12
GAGCATTCAGTGCGAA-1	T	1
GAGCATTCAGTTAAAG-1	T	16
GAGCATTCATATAGAG-1	NK	11
GAGCATTGTAAGGTCG-1	T	3
GAGCATTGTAGGGTCA-1	T	1
GAGCATTGTTTAGAAG-1	NK	0
GAGCATTTCAGCACTA-1	NK	19
GAGCATTTCGACTTAG-1	T	16
GAGCATTTCTTAAGCG-1	NK	9
GAGCATTTCTTGTGCC-1	T	16
GAGCGCTAGACTAGGC-1	B	7
GAGCGCTAGTCGTATC-1	T	17
GAGCGCTAGTCTGGGA-1	NK	11
GAGCGCTAGTCTTAGC-1	T	13
GAGCGCTCATGGTAAA-1	B	7
GAGCGCTGTAGAAGCC-1	T	13
GAGCGCTGTATGCTAC-1	T	18
GAGCGCTGTTCACGTA-1	NK	9
GAGCGCTTCATCATGG-1	NK	19
GAGCGCTTCCAACGCG-1	T	6
GAGCGCTTCCCAATAG-1	B	7
GAGCGCTTCCTTACGC-1	T	16
GAGGATGAGAAGCCGT-1	T	18
GAGGATGAGACACGGT-1	Epithelial	14
GAGGATGAGGGAAGCG-1	T	13
GAGGATGAGTGCCCTG-1	NK	0
GAGGATGCAACAACTC-1	T	12
GAGGATGCAAGTCTCA-1	NK	10
GAGGATGCATGGGACA-1	T	2
GAGGATGTCCGTGCGA-1	B	7
GAGGATGTCGCCTTAC-1	NK	0
GAGGCTCAGAATAGTC-1	T	15
GAGGCTCAGCTAGTTC-1	NK	19
GAGGCTCAGTCCTTCC-1	Epithelial	14
GAGGCTCCAACGTAGG-1	NK	0
GAGGCTCCATCGGCCA-1	T	17
GAGGCTCGTACTTCGA-1	T	3
GAGGCTCGTAGATTAG-1	NK	0
GAGGCTCTCGGGATCC-1	B	7
GAGGCTCTCGTCAACA-1	T	2
GAGGCTCTCTGGTACA-1	NK	11
GAGGCTCTCTTCTCTC-1	T	8
GAGGTCCAGACAACGC-1	B	7
GAGGTCCAGACTTGAA-1	B	7
GAGGTCCAGAGAATTC-1	T	12
GAGGTCCAGATCGAGC-1	T	18
GAGGTCCAGCGGACAT-1	T	17
GAGGTCCAGGTTGACG-1	T	1
GAGGTCCAGTACCCAT-1	T	1
GAGGTCCCAAGCAATA-1	T	5
GAGGTCCGTATCTCAG-1	B	7
GAGGTCCGTCACAGTT-1	T	2
GAGGTCCGTCATAAGA-1	T	16
GAGGTCCGTCATCAAC-1	NK	9
GAGGTCCGTGATGTGG-1	T	8
GAGGTCCGTGTGTGCC-1	T	5
GAGGTCCGTTCCTATT-1	B	7
GAGGTCCTCAATTGGC-1	T	2
GAGGTCCTCGCATACA-1	T	18
GAGGTCCTCGGTTAGT-1	NK	19
GAGTGAGAGCTGCCAC-1	T	17
GAGTGAGAGGATGTCG-1	T	12
GAGTGAGAGGGCTCTC-1	NK	4
GAGTGAGCACTGTCAA-1	B	7
GAGTGAGCAGGTCCTG-1	NK	4
GAGTGAGGTAGCAGGT-1	T	18
GAGTGAGGTTCAGTTG-1	T	3
GAGTGAGGTTGCCGCA-1	B	7
GAGTGAGTCGACCCGA-1	T	17
GATCATGAGATCTAAG-1	T	18
GATCATGAGATTAGAC-1	T	8
GATCATGAGATTCCGT-1	Epithelial	14
GATCATGAGCTAACAA-1	B	7
GATCATGAGGCGTAGT-1	T	6
GATCATGAGGGTATCG-1	NK	11
GATCATGCAGTTAAAG-1	NK	10
GATCATGCATTTGGCA-1	NK	11
GATCATGGTAGTATCC-1	NK	0
GATCATGGTCTCTGCT-1	T	2
GATCATGGTGTACGCC-1	T	8
GATCATGGTGTCGTCG-1	NK	9
GATCATGTCAAGAGAT-1	T	1
GATCATGTCAGATACC-1	T	2
GATCATGTCCTATCAT-1	NK	4
GATCATGTCGCTGATA-1	T	1
GATCATGTCGGGACAA-1	T	13
GATCATGTCGGTTAGT-1	T	17
GATCGTAAGATGTTGA-1	B	7
GATCGTAAGCGAATAT-1	T	8
GATCGTAAGTTTGGAA-1	T	6
GATCGTACAAGGAACC-1	T	2
GATCGTACAATGCCAT-1	B	7
GATCGTACAGAACGAC-1	T	6
GATCGTACAGCACATT-1	NK	9
GATCGTACATTAGCAC-1	NK	0
GATCGTACATTATGGC-1	NK	0
GATCGTAGTGCAAAGC-1	T	18
GATCGTATCAGATACC-1	T	8
GATCGTATCCGAATTG-1	NK	19
GATCGTATCGATAGCT-1	T	1
GATCGTATCGCAAGCC-1	NK	11
GATCGTATCGGACGAA-1	NK	19
GATGATCAGTAGTTCC-1	T	5
GATGATCAGTGAAACT-1	T	13
GATGATCCACTCGTGG-1	T	8
GATGATCCAGTATCTG-1	B	7
GATGATCCATCATGTG-1	T	2
GATGATCGTCTGGTTA-1	T	2
GATGATCTCCACGAGC-1	B	7
GATGGCCAGCTAACAA-1	T	18
GATGGCCAGTGAGTTA-1	B	7
GATGGCCCAAATAGTG-1	Epithelial	14
GATGGCCCAAGACTAA-1	T	13
GATGGCCCACAGTTCA-1	T	12
GATGGCCCACTGTAAC-1	T	12
GATGGCCGTGCGTTTA-1	T	1
GATGGCCGTGGCGCTT-1	B	7
GATGGCCTCCACGGCA-1	T	13
GATGGCCTCGATGAAA-1	T	17
GATTAGCAGAAACGCC-1	T	5
GATTAGCAGACCCATT-1	T	2
GATTAGCCACCTATTT-1	T	2
GATTAGCCATTGCGAT-1	T	17
GATTAGCGTAGATTAG-1	T	2
GATTAGCGTGCAACAG-1	NK	10
GATTAGCGTGCGTCCA-1	NK	0
GATTAGCTCAAGGCCC-1	T	5
GATTAGCTCAGCCGAC-1	B	7
GATTAGCTCAGGGTTT-1	T	6
GATTAGCTCCTGAAAC-1	T	3
GATTAGCTCGATCTTT-1	T	13
GATTAGCTCGGTTGTA-1	T	5
GATTAGCTCTGAAAGA-1	T	6
GATTGACAGCAGGACT-1	NK	19
GATTGACAGCTAACAA-1	T	13
GATTGACAGTTAGAGT-1	T	8
GATTGACCAATACTGC-1	B	7
GATTGACGTGGACCAA-1	T	17
GATTGACGTTTCTCTA-1	T	17
GATTGACTCTATAGGC-1	T	5
GCAAAGGAGCAGGAGG-1	T	18
GCAAAGGAGTACTCTG-1	NK	10
GCAAAGGGTAGACGCA-1	T	6
GCAAAGGGTCTGCACG-1	NK	0
GCAAAGGTCTTAACGG-1	T	1
GCAACCGAGCGTCTGC-1	NK	0
GCAACCGCATGGGAAC-1	NK	9
GCAACCGGTCTCAAAC-1	NK	4
GCAACCGGTCTGAGCC-1	B	7
GCAACCGGTGCTTCCT-1	T	16
GCAACCGGTGGCGCTT-1	T	1
GCAACCGGTGTGAGGT-1	B	7
GCAACCGGTTAGCTCA-1	T	6
GCAACCGTCAAGGCAG-1	NK	11
GCACCTTAGAGCACTG-1	NK	0
GCACCTTAGCAATGTA-1	T	17
GCACCTTAGGGTTCTT-1	T	8
GCACCTTAGTCTTAGC-1	NK	4
GCACCTTCACTGTCAA-1	T	12
GCACCTTCAGACCTGC-1	T	16
GCACCTTCATTGTGAC-1	T	2
GCACCTTGTACGTAGG-1	T	5
GCACCTTGTATGGATA-1	NK	9
GCACCTTGTGTGTGCC-1	T	18
GCACGCAAGATGGGAA-1	B	7
GCACGCAAGGTAAGCC-1	Epithelial	14
GCACGCAAGGTTGTTC-1	T	13
GCACGCACAAACTACC-1	T	16
GCACGCACAGGTCTGC-1	T	6
GCACGCACATTACTTC-1	T	1
GCACGCAGTAACGTAA-1	NK	4
GCACGCAGTATTCTCT-1	T	13
GCACGCAGTTCTTTGT-1	T	8
GCACGCATCGCTCTAC-1	T	8
GCACGCATCTGATCCC-1	NK	9
GCACGGTAGACGCCAA-1	NK	10
GCACGGTCACTGATAC-1	T	6
GCACGGTCAGCTATAC-1	NK	4
GCACGGTCAGGGCTTC-1	T	16
GCACGGTGTATTCTGG-1	T	17
GCACGGTGTCAAATCC-1	NK	4
GCACGGTGTCTAAAGA-1	T	13
GCACGGTGTGGTTCTA-1	T	5
GCACGGTGTTCAGAAA-1	NK	0
GCACGGTTCGTGAGTT-1	T	8
GCAGATTCACCGTTGG-1	NK	11
GCAGATTCACGCTGTG-1	T	18
GCAGATTCACGTGAAG-1	NK	9
GCAGATTCATAGCAGG-1	NK	10
GCAGATTCATAGCCGC-1	T	18
GCAGATTCATTCCCGT-1	T	13
GCAGATTCATTCGTCC-1	NK	4
GCAGATTGTAACGTAA-1	T	3
GCAGATTGTACGAGAC-1	NK	19
GCAGATTGTATCGCGC-1	T	18
GCAGATTGTGCGTAGA-1	T	18
GCAGATTTCGTGCTTC-1	T	17
GCAGCCAAGCGATACG-1	NK	11
GCAGCCAAGCGTTAGG-1	NK	9
GCAGCCAGTAAGGTCG-1	B	7
GCAGCCAGTTCTGAGT-1	NK	0
GCAGCCAGTTTGAAGA-1	NK	4
GCAGCCATCACAAGCT-1	NK	4
GCAGCCATCCCTATTA-1	NK	11
GCAGCCATCGATAGGG-1	T	16
GCAGCTGAGAAGCCGT-1	T	5
GCAGCTGAGGGTTCTT-1	NK	10
GCAGCTGCAGCGTACC-1	NK	19
GCAGCTGGTCCAGACC-1	NK	10
GCAGCTGGTTTGCGAT-1	NK	9
GCAGCTGTCACCCGGA-1	T	5
GCAGCTGTCGTTCTAT-1	T	3
GCAGCTGTCTGACTTT-1	NK	10
GCATGATAGAGAGGTA-1	T	5
GCATGATAGAGCAGCT-1	T	16
GCATGATAGTCCGATT-1	NK	4
GCATGATCACAGGTAG-1	T	5
GCATGATGTCAACTAC-1	NK	11
GCATGATTCTGTCGGG-1	NK	0
GCATTCCAGAACGTTA-1	NK	0
GCATTCCAGCTAACAA-1	NK	4
GCATTCCAGGCTTCGC-1	T	16
GCATTCCAGTAGTCGG-1	T	1
GCATTCCAGTCAACTC-1	B	7
GCATTCCCAAACAGTA-1	NK	0
GCATTCCCAACTTGGT-1	NK	11
GCATTCCCAAGCGTCC-1	NK	0
GCATTCCCACTGTCAA-1	NK	11
GCATTCCCACTTACAG-1	T	13
GCATTCCGTAGCGAGT-1	NK	10
GCATTCCGTCTCAAAC-1	T	2
GCATTCCGTTAGCTCA-1	NK	0
GCATTCCGTTAGTAGA-1	NK	4
GCATTCCGTTCATTTC-1	B	7
GCATTCCGTTGGACGA-1	T	17
GCATTCCTCTTACGGA-1	T	15
GCATTGAAGTGAACCG-1	NK	4
GCATTGACACGCGACT-1	T	3
GCATTGACAGCCACGT-1	NK	10
GCATTGACAGTAAGCG-1	NK	4
GCATTGAGTAAACCCT-1	T	17
GCATTGAGTAGATTAG-1	T	3
GCATTGAGTAGCTGTT-1	Epithelial	14
GCATTGATCTTCAGAG-1	Epithelial	14
GCCAGACAGAGAATTC-1	NK	0
GCCAGACAGTCTCTAG-1	NK	0
GCCAGACCAAGCGGTA-1	T	12
GCCAGACCAGAAAGAG-1	T	2
GCCAGACTCAGTACAC-1	T	12
GCCAGACTCCGTTTCG-1	B	7
GCCAGACTCGATGAAA-1	B	7
GCCAGACTCGCACAAT-1	T	15
GCCAGCAAGTGTTCCA-1	T	8
GCCAGCACACGATTAC-1	B	7
GCCAGCACAGGAGCAT-1	NK	0
GCCAGCAGTAGTTTGC-1	T	15
GCCAGCAGTCAACGGA-1	T	17
GCCAGCAGTCAGCAAG-1	T	2
GCCAGCAGTGTGCTTA-1	Epithelial	14
GCCAGCAGTTCCCGGA-1	T	12
GCCAGCATCGAGCGCT-1	T	5
GCCAGCATCGTGGTAT-1	T	16
GCCATAAAGAAGACTT-1	T	12
GCCATAAAGTTCGCGC-1	NK	10
GCCATAACACTAGCCG-1	T	17
GCCATAAGTGGAAAGA-1	NK	10
GCCATAAGTGTCTACA-1	T	15
GCCATAAGTTGTATCG-1	T	13
GCCATAATCAACTTGG-1	T	8
GCCCAGAAGTGCCCTG-1	T	13
GCCCAGAAGTTCAGGG-1	T	1
GCCCAGACACATATCG-1	B	7
GCCCAGACACTAAACC-1	T	3
GCCCAGACACTCCTCA-1	T	13
GCCCAGACAGTAACTC-1	T	1
GCCCAGAGTACCAAGG-1	NK	11
GCCCAGATCCATACCC-1	T	2
GCCCGAAAGATAGGTT-1	B	7
GCCCGAACAATCACTG-1	T	16
GCCCGAACACTTACAG-1	T	6
GCCCGAAGTGCGCATC-1	T	15
GCCTACTAGACACGGT-1	T	17
GCCTACTAGGCGCTTC-1	T	1
GCCTACTCAAGACTTC-1	NK	4
GCCTACTCAAGGATGC-1	B	7
GCCTACTCAATGAAAC-1	T	1
GCCTACTCACTCAAGT-1	T	8
GCCTACTCAGCTATAC-1	NK	11
GCCTACTGTGCGTGTC-1	NK	19
GCCTACTGTTCAGTAC-1	T	16
GCCTACTGTTCCAGTA-1	T	1
GCCTACTTCATTCTTG-1	T	18
GCCTAGGAGAACGACC-1	B	7
GCCTAGGAGACACTTC-1	T	5
GCCTAGGAGACGACTG-1	T	13
GCCTAGGAGATGCGCA-1	T	16
GCCTAGGAGCATTGGG-1	T	16
GCCTAGGAGTAGTTCC-1	T	1
GCCTAGGCAAACGTTC-1	T	6
GCCTAGGCAGCAGGTA-1	T	13
GCCTAGGCATGTGAGG-1	T	13
GCCTAGGGTTACGGAG-1	T	2
GCCTAGGGTTGCTTGA-1	T	13
GCCTAGGTCAGCACGC-1	T	1
GCGAGAAAGGTCGGTA-1	NK	11
GCGAGAAAGGTCTTGT-1	NK	10
GCGAGAACAATAGTGA-1	T	6
GCGAGAACATTCTTTG-1	NK	9
GCGAGAAGTCAGTGTT-1	T	12
GCGAGAAGTGAGGTCA-1	NK	0
GCGAGAAGTTAACCGT-1	T	18
GCGAGAAGTTTGCGAT-1	Epithelial	14
GCGAGTCCAACTGCGC-1	T	8
GCGAGTCCAGTCAGCC-1	NK	11
GCGAGTCCATCATCGA-1	T	18
GCGAGTCGTACCTATG-1	NK	9
GCGAGTCGTACGCAAG-1	T	13
GCGAGTCGTATTCTTC-1	B	7
GCGAGTCGTGGCCTTG-1	T	1
GCGAGTCTCGTTCAGA-1	T	5
GCGAGTCTCTAGTCGA-1	T	3
GCGATCGAGTGAAACT-1	NK	19
GCGATCGCAAGGAGTC-1	B	7
GCGATCGCACAGCCAC-1	NK	10
GCGATCGCAGCTGATT-1	T	15
GCGATCGCATCGGCTG-1	T	18
GCGATCGCATGCTATG-1	B	7
GCGATCGGTAGGTGAC-1	T	18
GCGATCGTCAACGTGT-1	T	8
GCGATCGTCAATTGGC-1	B	7
GCGATCGTCAGGTTTG-1	T	16
GCGATCGTCTTTATCG-1	NK	4
GCGATTAAGACCGCAA-1	B	7
GCGATTACAGGTTATC-1	T	5
GCGATTACATCCGTGG-1	T	16
GCGATTACATGCCTTC-1	T	5
GCGATTAGTAACAATG-1	T	8
GCGATTAGTCCCGTGA-1	Epithelial	14
GCGATTAGTTAGCTCA-1	B	7
GCGATTAGTTCAGTTG-1	T	16
GCGATTATCTCGACCT-1	T	17
GCGCATGAGCTGAAAT-1	T	15
GCGCATGGTTCTTTCA-1	NK	0
GCGCATGTCGCCTTAC-1	NK	11
GCGCATGTCGGTCCGA-1	NK	9
GCGCCAAAGGGACGTT-1	T	18
GCGCCAAAGTGATCTC-1	T	2
GCGCCAACAACGGGTA-1	T	13
GCGCCAACATCGCCTT-1	T	6
GCGCCAAGTATGCTAC-1	T	1
GCGCCAAGTGCTTCCT-1	T	12
GCGCCAAGTTATAGAG-1	NK	19
GCGCCAAGTTCAGTAC-1	NK	0
GCGCCAATCGGTCGAC-1	T	5
GCGCCAATCTCTGAGA-1	NK	10
GCGGAAAAGTAATCAG-1	NK	9
GCGGAAAAGTTCGCGC-1	B	7
GCGGAAACACTAGGAG-1	B	7
GCGGAAACATAGACGG-1	NK	11
GCGGAAAGTAGATGAT-1	T	13
GCGGAAAGTTACTACG-1	NK	4
GCGGAAAGTTTAGGAA-1	T	8
GCGGAAATCAAGTTGC-1	T	6
GCGGAAATCAGTGTAC-1	NK	4
GCGGAAATCCATAGGT-1	T	2
GCGGAAATCTCTGCGT-1	NK	9
GCGGAAATCTTGCGCT-1	T	18
GCGGAAATCTTGGCCT-1	T	6
GCGGGTTAGAGTTTGA-1	T	2
GCGGGTTAGCACACCC-1	T	3
GCGGGTTAGGCGTCCT-1	T	13
GCGGGTTCAAGCAATA-1	B	7
GCGGGTTCACCACCAG-1	T	16
GCGGGTTGTACAAGCG-1	NK	11
GCGGGTTGTGCAAGAC-1	T	5
GCGGGTTGTGGAAAGA-1	T	18
GCGGGTTTCCCAATAG-1	NK	4
GCGGGTTTCGATTACG-1	NK	10
GCGGGTTTCGCTGATA-1	T	18
GCGGTGTAGAAGACTT-1	T	3
GCGGTGTAGGACCGAT-1	T	13
GCGGTGTCAACTACTG-1	NK	9
GCGGTGTGTACCTATG-1	T	17
GCGGTGTGTATTCGAC-1	NK	19
GCGGTGTGTCGTAGTT-1	NK	19
GCGGTGTGTGTAGGAC-1	NK	11
GCGGTGTTCGCAAACT-1	NK	11
GCGTAGCAGAGCTCCC-1	NK	11
GCGTAGCAGGCCTAAG-1	NK	0
GCGTAGCAGTTGCCGC-1	T	18
GCGTAGCCAACGGACA-1	NK	19
GCGTAGCCAACTACTG-1	T	1
GCGTAGCCATCGCTAA-1	NK	0
GCGTAGCTCAGGATCT-1	B	7
GCGTTGGAGACCCATT-1	NK	9
GCGTTGGAGCAATGTA-1	T	2
GCGTTGGAGCCGCAAA-1	T	15
GCGTTGGCACGCGACT-1	NK	19
GCGTTGGCATTACTTC-1	T	17
GCGTTGGGTAGTCCAT-1	T	2
GCGTTGGTCAGTCAAC-1	T	18
GCGTTGGTCCATCGAA-1	B	7
GCGTTGGTCTGTGTCC-1	T	18
GCTCACTCAAACGTTC-1	NK	11
GCTCACTCAACTGCGC-1	T	13
GCTCACTGTAAACGAT-1	B	7
GCTCACTGTAATGTAG-1	T	18
GCTCACTGTCCTCAGG-1	T	3
GCTCACTGTCGCTACG-1	B	7
GCTCACTGTGATAAGT-1	B	7
GCTCACTTCCAACAAC-1	T	8
GCTCAGGAGACTCTTG-1	T	8
GCTCAGGAGATACCAA-1	T	3
GCTCAGGAGATAGGTT-1	NK	4
GCTCAGGAGCTAGCAG-1	NK	19
GCTCAGGCATGGCCGT-1	T	6
GCTCAGGGTAAGCCGA-1	T	13
GCTCAGGGTGATGCTT-1	NK	11
GCTCAGGGTTAGGCTT-1	T	17
GCTCAGGTCGCACAAT-1	T	3
GCTCAGGTCTGATCCC-1	T	18
GCTCCTAAGTAGGAAG-1	NK	19
GCTCCTAAGTCGTATC-1	T	15
GCTCCTACATCGACCG-1	T	16
GCTCCTAGTGATTCCA-1	NK	11
GCTCCTAGTGGAGTGT-1	NK	9
GCTCCTATCCTCCTGA-1	NK	19
GCTCGAGAGAGCCTGA-1	T	17
GCTCGAGAGGATATCA-1	T	5
GCTCGAGAGGATGTCG-1	T	3
GCTCGAGAGGTGATGC-1	T	17
GCTCGAGCAACTCCCT-1	T	13
GCTCGAGCAATCCATG-1	T	15
GCTCGAGCATAGCCGC-1	Epithelial	14
GCTCGAGTCAAGGCCC-1	NK	0
GCTCGAGTCCTTACGC-1	T	18
GCTCGAGTCTCTGCGT-1	T	3
GCTGAGCAGGTACACG-1	B	7
GCTGAGCAGTATCTGC-1	T	13
GCTGAGCAGTCCGTGC-1	T	1
GCTGAGCCATATACGC-1	B	7
GCTGAGCGTATGAAGT-1	T	18
GCTGAGCGTTACGCTA-1	NK	9
GCTGCGAAGGATGCCA-1	T	17
GCTGCGAAGTCATCTG-1	T	8
GCTGCGAAGTCTGGGA-1	T	12
GCTGCGAGTAAACCCT-1	T	2
GCTGCGAGTACCCACG-1	T	6
GCTGCGAGTCCTTATT-1	T	16
GCTGCGATCAATTCCT-1	T	5
GCTGTTCAGAACGTTA-1	NK	4
GCTGTTCAGACCCTAT-1	NK	19
GCTGTTCAGCTACGTT-1	B	7
GCTGTTCAGTGAAACT-1	NK	0
GCTGTTCAGTTAGAGT-1	B	7
GCTGTTCAGTTTACGC-1	NK	11
GCTGTTCGTAGTCCAT-1	NK	9
GCTGTTCGTCGCGCTA-1	T	5
GCTGTTCGTGATTCCA-1	NK	10
GCTGTTCTCAGTCTTT-1	NK	11
GCTTAAGAGTAGTCGG-1	T	1
GCTTAAGCAACTACTG-1	T	16
GCTTAAGCACAGTTAC-1	NK	10
GCTTAAGGTCACAGTT-1	T	2
GCTTAAGGTGATAACA-1	T	16
GCTTAAGGTGCAACAG-1	T	5
GCTTAAGGTTTCCACC-1	T	6
GCTTGCTAGCAACTGG-1	NK	9
GCTTGCTAGGAACCGT-1	T	1
GCTTGCTAGGACTTTC-1	NK	0
GCTTGCTAGGGTAATT-1	T	16
GCTTGCTAGTCTCGAT-1	NK	4
GCTTGCTCACCGAATT-1	B	7
GCTTGCTCACCTTGTC-1	T	16
GCTTGCTCATTAACGC-1	NK	0
GCTTGCTCATTGTTCT-1	NK	10
GCTTGCTGTCCCGTGA-1	T	5
GCTTGCTGTCGAGGAT-1	T	1
GCTTGCTGTGCACATT-1	T	18
GCTTGCTGTGCGCATC-1	NK	10
GCTTGCTGTTGGCTTA-1	T	17
GCTTGCTTCAGAATGA-1	T	1
GCTTGCTTCAGGTTTG-1	NK	10
GCTTGCTTCTCCTTGG-1	T	2
GCTTGCTTCTTACGGA-1	NK	10
GCTTTCGAGCGGACTA-1	NK	0
GCTTTCGAGCGTAGCA-1	T	12
GCTTTCGCAAGTCTCA-1	NK	0
GCTTTCGGTCAACAGG-1	T	17
GCTTTCGGTCTGGTTA-1	T	5
GCTTTCGGTGTCCTTC-1	NK	10
GCTTTCGTCATGAACC-1	B	7
GCTTTCGTCGACCCGA-1	T	6
GCTTTCGTCGACTATG-1	NK	19
GCTTTCGTCGGGCTCA-1	NK	11
GCTTTCGTCTGGCCAG-1	B	7
GGAACCCAGAGTAAGG-1	NK	11
GGAACCCAGAGTTTGA-1	T	17
GGAACCCAGATATGAC-1	Epithelial	14
GGAACCCAGGAAGGTA-1	T	15
GGAACCCAGGGAGTTC-1	T	3
GGAACCCCAACGGACA-1	T	8
GGAACCCCAACTCGAT-1	NK	19
GGAACCCCAGTAAGAT-1	NK	0
GGAACCCGTCCTATTT-1	NK	0
GGAACCCTCAATGCAC-1	T	17
GGAACTTAGGGTCCCT-1	B	7
GGAACTTCATCACAGT-1	T	3
GGAACTTCATTCCCGT-1	T	17
GGAACTTTCATACTTC-1	T	18
GGAACTTTCCTCTCTT-1	NK	9
GGAATCTAGTGAGTGC-1	T	17
GGAATCTCAACGCAAG-1	T	17
GGAATCTCACCCATCT-1	NK	0
GGAATCTCAGGATAGC-1	T	13
GGAATCTCATTACTCT-1	T	1
GGAATCTGTCTCTGGG-1	T	5
GGAATCTGTGGACAGT-1	T	6
GGAATCTGTTTGGATC-1	B	7
GGAATCTTCGTTGTTT-1	T	5
GGACACCAGAGAGGTA-1	NK	4
GGACACCAGAGCTACG-1	T	17
GGACACCAGATCTAAG-1	T	5
GGACACCAGGAGTCTG-1	B	7
GGACACCAGTCATACC-1	T	5
GGACACCCAATGGCTT-1	NK	10
GGACACCCATCGCTAA-1	B	7
GGACACCCATTAACGC-1	T	1
GGACACCGTGATAAGT-1	T	18
GGACACCGTGTCGTCG-1	T	18
GGACACCGTTAGGAAT-1	T	18
GGACACCTCGTTGTAG-1	T	1
GGAGAACCATGCTATG-1	NK	11
GGAGAACGTGTGTGTT-1	T	18
GGAGAACTCGTGGGTC-1	B	7
GGAGAACTCTCGCGGA-1	T	17
GGAGGATAGAATCAGT-1	T	2
GGAGGATAGACGAAAG-1	T	5
GGAGGATAGGGTTCCC-1	T	2
GGAGGATAGTAGTTCC-1	NK	19
GGAGGATAGTGGACGT-1	T	18
GGAGGATCAGAAAGAG-1	T	18
GGAGGATCAGCAACAG-1	T	15
GGAGGATCAGTTCGGC-1	NK	19
GGAGGATGTACGCAAG-1	T	16
GGAGGATGTTATCGAC-1	NK	0
GGAGGATTCGGCAATT-1	T	6
GGAGTAGCAGCAAACG-1	B	7
GGAGTAGCATATACGC-1	NK	11
GGAGTAGCATCAGCTA-1	T	3
GGAGTAGGTCCAGACC-1	T	6
GGAGTAGGTGCTGTGC-1	NK	11
GGAGTAGTCCGAGAGA-1	T	2
GGAGTAGTCGATGTGT-1	NK	11
GGAGTAGTCTCGTAGA-1	T	8
GGATAGGAGAACGTCG-1	NK	0
GGATAGGAGATTACGA-1	T	3
GGATAGGAGGAGTAGA-1	T	5
GGATAGGAGGCTTCGC-1	T	13
GGATAGGAGTAATGTG-1	NK	9
GGATAGGCAACTCGTA-1	NK	11
GGATAGGCAGCGTCGT-1	T	2
GGATAGGCATGTCCCT-1	T	5
GGATAGGGTAGCCATT-1	NK	11
GGATAGGGTATCACAC-1	T	18
GGATAGGGTCGTAGTT-1	B	7
GGATAGGGTGTCTCGG-1	NK	19
GGATAGGTCTGAGTCA-1	B	7
GGATGAGAGAGTGGAA-1	T	18
GGATGAGAGTGCTAGG-1	T	13
GGATGAGAGTGTGTAA-1	T	17
GGATGAGCAGTAGTTC-1	NK	0
GGATGAGGTACGGTTT-1	T	1
GGATGAGGTCTCTGCT-1	T	2
GGATGAGGTTCCCAAA-1	T	12
GGATGAGGTTGGGAAC-1	T	2
GGATGAGGTTTGACCA-1	T	1
GGATGAGTCACATTCT-1	T	17
GGATGAGTCCCTAAAG-1	NK	0
GGCACGTAGACTAGCG-1	Epithelial	14
GGCACGTAGATATGAC-1	NK	19
GGCACGTAGCTGAATA-1	NK	4
GGCACGTCAAGATGCG-1	T	5
GGCACGTCACACTAGT-1	T	12
GGCACGTGTCAAATCC-1	NK	4
GGCACGTGTCTAAGAA-1	T	5
GGCACGTGTGGCATAG-1	B	7
GGCACGTGTTCATTTC-1	B	7
GGCACGTTCTACTTTG-1	NK	9
GGCATTAAGACAACGC-1	T	13
GGCATTAAGGCAGATC-1	T	8
GGCATTAAGTCTTAGC-1	T	8
GGCATTACAAGTAATG-1	T	1
GGCATTACAATGCATC-1	T	1
GGCATTACAATGGCAG-1	T	8
GGCATTACACAGAAGC-1	NK	0
GGCATTACACCTGTGG-1	T	17
GGCATTAGTCAAATCC-1	T	15
GGCATTAGTCCATTGA-1	B	7
GGCATTAGTCGGCTGT-1	NK	4
GGCATTAGTGTACGCC-1	NK	4
GGCATTAGTTTCCTAT-1	Epithelial	14
GGCATTAGTTTGTGAC-1	T	3
GGCGAAAAGAGCACTG-1	T	17
GGCGAAAAGAGCTCCC-1	T	17
GGCGAAAAGCCTTTGA-1	T	13
GGCGAAAAGCGCACAA-1	NK	19
GGCGAAACAGTAGTTC-1	T	16
GGCGAAACATCGGCCA-1	T	16
GGCGAAAGTTTCTCTA-1	B	7
GGCGAAATCGTATAGC-1	NK	10
GGCGTTGAGACAGTGC-1	T	15
GGCGTTGAGGCGACTA-1	T	1
GGCGTTGAGTGCACAG-1	T	12
GGCGTTGCATTTGGCA-1	T	15
GGCGTTGGTAACATAG-1	Epithelial	14
GGCGTTGGTACGGTTT-1	T	2
GGCGTTGGTATGGATA-1	T	17
GGCGTTGGTGAGCTAG-1	T	2
GGCGTTGGTTACACTG-1	T	3
GGCGTTGGTTTCCGGG-1	B	7
GGGAACAAGTGATTAG-1	NK	10
GGGAACACAAGCAATA-1	NK	19
GGGAACACATGCTATG-1	T	5
GGGAACAGTACTAGAA-1	NK	11
GGGAACAGTCGATTAC-1	T	15
GGGAACAGTGCTAGTT-1	T	15
GGGAACAGTGTGCTTA-1	T	15
GGGAACATCCACGGCA-1	T	18
GGGAACATCGCATACA-1	T	6
GGGAACATCGGCTATA-1	NK	0
GGGAACATCTTGGCCT-1	NK	9
GGGACCTAGTCCTTCC-1	T	2
GGGACCTCAAGACACG-1	T	12
GGGACCTCAATTGCCA-1	T	1
GGGACCTCAGTAACCT-1	B	7
GGGACCTGTAGGTCTT-1	T	13
GGGACCTGTTGCCGCA-1	T	15
GGGACCTTCCATATCT-1	B	7
GGGACCTTCGCAACTA-1	B	7
GGGCCATAGAGAGTAG-1	NK	4
GGGCCATCAGGTAGCA-1	T	8
GGGCCATGTTTAGAAG-1	T	16
GGGCCATTCAGAACGG-1	T	5
GGGCCATTCCACGGCA-1	T	2
GGGCCATTCGCGATGC-1	NK	19
GGGTCTGAGAACCATA-1	T	17
GGGTCTGAGAGTCCGA-1	T	3
GGGTCTGAGGTTGTTC-1	NK	10
GGGTCTGAGTTCAAGA-1	B	7
GGGTCTGCAAGCAGGT-1	T	8
GGGTCTGCAAGCGGTA-1	T	3
GGGTCTGCAAGCGTCC-1	T	5
GGGTCTGCATCACAAC-1	T	2
GGGTCTGCATGGCCTG-1	NK	19
GGGTCTGCATGGGACA-1	T	12
GGGTCTGCATTGATGC-1	T	6
GGGTCTGGTCACAGGA-1	T	2
GGGTCTGGTGAGTCGA-1	NK	9
GGGTCTGTCAATTCCT-1	T	13
GGGTCTGTCAGAGTGG-1	T	1
GGGTCTGTCCTAAAGC-1	NK	0
GGGTCTGTCTCCCTTT-1	NK	19
GGGTGTCAGAAGACTT-1	T	16
GGGTGTCAGGCAATTA-1	T	18
GGGTGTCAGGTCTTTG-1	NK	4
GGGTGTCCAGGAGCAT-1	B	7
GGGTGTCCATGTATCG-1	NK	11
GGGTGTCGTTTCGTTT-1	T	13
GGGTTATAGGTCTTTG-1	T	13
GGGTTATCAATGATGA-1	T	1
GGGTTATCAATTCGTG-1	T	6
GGGTTATCAGGCAGAT-1	NK	11
GGGTTATCATTAGCCA-1	T	17
GGGTTATTCCGATTGA-1	NK	11
GGTACCGAGAGTTTGA-1	T	17
GGTACCGAGCAACTGG-1	T	2
GGTACCGAGTCTGCTA-1	B	7
GGTACCGAGTGAGCTG-1	T	17
GGTACCGCAAAGCATA-1	T	1
GGTACCGCAAGTGGCA-1	T	2
GGTACCGCAATGACTC-1	NK	11
GGTACCGCAATTCAGC-1	T	1
GGTACCGCACAGGTAG-1	NK	11
GGTACCGCATTAACGC-1	NK	10
GGTACCGGTGGAAGCT-1	T	18
GGTACCGTCAAACCCA-1	T	6
GGTACCGTCCATAACG-1	T	16
GGTACCGTCGATAGCT-1	NK	0
GGTACCGTCTACTGCC-1	T	5
GGTAGGAAGAGGTACC-1	T	15
GGTAGGAAGGTACACG-1	Epithelial	14
GGTAGGAAGTATCTGC-1	T	13
GGTAGGACAAGACACG-1	T	17
GGTAGGAGTCAGACGA-1	NK	19
GGTAGGAGTCCGTCGA-1	NK	9
GGTAGGAGTCTCTAAG-1	T	13
GGTAGGAGTTGGCTAT-1	T	17
GGTAGGATCACACGTA-1	NK	0
GGTAGGATCCACACCT-1	B	7
GGTAGGATCCATATCT-1	NK	11
GGTAGGATCGGATAGG-1	T	8
GGTAGGATCTAGCAAC-1	T	13
GGTAGGATCTTGTCGC-1	NK	9
GGTCATAAGACCTATC-1	NK	19
GGTCATAAGCATTGGG-1	T	2
GGTCATAAGTGATAAC-1	T	13
GGTCATACAACTCGTA-1	B	7
GGTCATACAAGCAACG-1	T	18
GGTCATAGTGGATTCT-1	NK	10
GGTGAAGAGTACAACA-1	T	1
GGTGAAGCAAGGCGTA-1	T	17
GGTGAAGCACACATGT-1	T	18
GGTGAAGCACTACACA-1	B	7
GGTGAAGCAGGTAGGT-1	T	17
GGTGAAGGTAGTTTGC-1	NK	4
GGTGAAGGTTGGCTTA-1	NK	9
GGTGAAGTCGCACCGA-1	NK	11
GGTGAAGTCGCCAGAC-1	T	13
GGTGAAGTCTCGCGTT-1	T	12
GGTGAAGTCTGAACGT-1	NK	0
GGTGAAGTCTGTGTGA-1	T	16
GGTGAAGTCTTACCTA-1	NK	4
GGTGCTGAGCTGAAAT-1	T	17
GGTGCTGAGCTGAATA-1	NK	4
GGTGCTGAGGAACCGT-1	T	2
GGTGCTGAGGCCAATG-1	NK	0
GGTGCTGAGGTTAACA-1	T	6
GGTGCTGCACCACAGC-1	T	13
GGTGCTGCACGTTACA-1	T	5
GGTGCTGCATCAGAAA-1	B	7
GGTGCTGCATTGCCTC-1	T	16
GGTGCTGGTACTTCAG-1	B	7
GGTGCTGTCCGGACTG-1	NK	4
GGTGCTGTCGCTTCAC-1	T	13
GGTGCTGTCTCGGCGA-1	T	6
GGTGTCGAGACCTATC-1	T	18
GGTGTCGAGGCAGTAC-1	T	2
GGTGTCGCAGCTATAC-1	T	15
GGTGTCGGTAGACGCA-1	Epithelial	14
GGTGTCGGTATGCTAC-1	T	13
GGTGTCGGTCATCAAC-1	NK	9
GGTGTCGGTCTGCGCA-1	NK	9
GGTGTCGTCCCAATAG-1	T	6
GGTGTCGTCCGAATTG-1	T	1
GGTGTCGTCCGATTGA-1	T	17
GGTGTCGTCGATGTGT-1	T	6
GGTGTCGTCTTAGTGG-1	T	8
GGTTGCGAGCCTTTGA-1	T	13
GGTTGCGAGGATGCCA-1	NK	19
GGTTGCGCAACGGGTA-1	B	7
GGTTGCGCAAGCGAAC-1	T	16
GGTTGCGCACACACAT-1	T	16
GGTTGCGCACCAAGGA-1	NK	11
GGTTGCGCAGTATCTG-1	NK	19
GGTTGCGCATCCCTTG-1	T	8
GGTTGCGGTCTAAAGA-1	B	7
GGTTGCGGTGGACTGA-1	T	18
GGTTGCGTCCATCATT-1	T	2
GTAATCGAGACTTGAA-1	Epithelial	14
GTAATCGAGCATGATA-1	T	17
GTAATCGAGTCTGCTA-1	NK	11
GTAATCGCACGCGCAT-1	B	7
GTAATCGCACGGTTAT-1	NK	0
GTAATCGCACGTACAT-1	T	12
GTAATCGCAGGATAGC-1	T	1
GTAATCGCAGTAAGAT-1	T	1
GTAATCGTCAATGCAC-1	NK	10
GTAATCGTCCAACAAC-1	T	16
GTAATCGTCCAAGAGG-1	T	16
GTACTTTAGTAGGTCG-1	B	7
GTACTTTAGTCGTGAG-1	T	2
GTACTTTCACGATTAC-1	NK	11
GTACTTTGTAAACGTA-1	T	2
GTACTTTGTAACCGAG-1	T	1
GTACTTTGTCTGCGCA-1	T	2
GTACTTTGTTAAGGGC-1	T	3
GTACTTTGTTCTACCC-1	T	18
GTACTTTGTTTCCTAT-1	NK	10
GTACTTTTCACTGATG-1	T	3
GTACTTTTCCAACGCG-1	T	12
GTACTTTTCGCATAAC-1	T	15
GTACTTTTCTATAGGC-1	Epithelial	14
GTAGACTAGATCTAAG-1	B	7
GTAGACTAGGAGGCGA-1	T	5
GTAGACTCAGAACGAC-1	T	15
GTAGACTCATTTAGGC-1	T	13
GTAGACTGTGGGTAGT-1	NK	19
GTAGACTTCAGGTTTG-1	NK	4
GTAGACTTCGGTCAGC-1	NK	0
GTAGGAGAGAGAGGTA-1	Epithelial	14
GTAGGAGAGAGTGGAA-1	T	3
GTAGGAGAGGTTGTTC-1	T	12
GTAGGAGAGTCTCGAT-1	Epithelial	14
GTAGGAGCACGAACGA-1	T	6
GTAGGAGGTCCTCAGG-1	T	3
GTAGGAGTCCAGCACG-1	T	2
GTAGGAGTCCAGTACA-1	B	7
GTAGGAGTCCATACGA-1	NK	0
GTAGTACAGAAATGGG-1	B	7
GTAGTACAGTCAGCCC-1	T	1
GTAGTACAGTTCCAGT-1	T	12
GTAGTACGTACCAAGG-1	NK	19
GTAGTACGTATTGTGC-1	T	17
GTAGTACGTCCAAGTT-1	B	7
GTAGTACGTTGAAGCG-1	NK	0
GTCACAAAGATGTTCC-1	T	5
GTCACAAAGTCACGCC-1	T	13
GTCACAACACACACCG-1	B	7
GTCACAACACATATCG-1	T	13
GTCACAACAGCGTAGA-1	T	15
GTCACAACATATTGGC-1	NK	19
GTCACAAGTCAGAGTG-1	NK	4
GTCACCTAGGTCTTGT-1	NK	9
GTCACCTAGTGGACGT-1	T	3
GTCACCTCAGACCTGC-1	T	15
GTCACCTCAGCGCGTT-1	NK	0
GTCACCTGTAGACGCA-1	T	16
GTCACCTGTGGAAAGA-1	B	7
GTCACCTGTTCCCTTG-1	T	12
GTCACCTTCACATTCT-1	T	18
GTCACCTTCCAAACCA-1	NK	11
GTCACCTTCGCCGAAC-1	T	17
GTCACGGAGACTAGGC-1	NK	11
GTCACGGAGATACCAA-1	T	2
GTCACGGAGTTGCGCC-1	NK	0
GTCACGGCACCTACCT-1	T	2
GTCACGGGTAGCAGCA-1	T	15
GTCACGGGTCATAGCT-1	T	8
GTCACGGGTCCCTTTG-1	NK	4
GTCACGGGTTGCCTGG-1	NK	4
GTCACGGTCGATGCAT-1	NK	19
GTCACGGTCGCCCTTA-1	T	3
GTCACGGTCGGTTAGT-1	T	5
GTCACGGTCTGTCGTC-1	T	1
GTCACTCCAATGTGCT-1	T	5
GTCACTCCACGTACAT-1	NK	4
GTCACTCCAGCAAACG-1	NK	0
GTCACTCCAGTAAGCG-1	T	8
GTCACTCCATAAAGTG-1	T	15
GTCACTCGTAGTGATA-1	NK	19
GTCACTCGTTTGATCG-1	T	13
GTCCATCCAAGCAGGT-1	T	1
GTCCATCCACTCCACT-1	B	7
GTCCATCCACTCCCAT-1	B	7
GTCCATCCATAGGCGA-1	T	8
GTCCATCGTAACATAG-1	NK	9
GTCCATCGTCCGGTAC-1	NK	10
GTCGTAAAGCACGTAG-1	T	5
GTCGTAAAGCAGGACT-1	T	2
GTCGTAAAGTACGCGA-1	T	1
GTCGTAAAGTCTGCTA-1	Epithelial	14
GTCGTAAAGTGCTCGC-1	T	8
GTCGTAAAGTGTCGGA-1	T	1
GTCGTAAAGTTTGGAA-1	T	6
GTCGTAACAGTGCGAA-1	T	2
GTCGTAACATGTGAGG-1	B	7
GTCGTAAGTAATGTGA-1	T	6
GTCGTAAGTATACGCT-1	NK	9
GTCGTAAGTCAACAGG-1	T	17
GTCGTAATCGATAGGG-1	NK	11
GTCGTAATCTTTCGAT-1	T	18
GTCTACCAGGAGTAGA-1	B	7
GTCTACCAGTGCCCTG-1	B	7
GTCTACCCAGGTAACG-1	T	2
GTCTACCCATCATGTG-1	NK	0
GTCTACCGTCATCGTA-1	T	5
GTCTACCTCAATTGGC-1	T	17
GTCTACCTCACTCGGG-1	T	18
GTGACATAGAATAGTC-1	T	12
GTGACATAGAATCAGT-1	B	7
GTGACATAGTATACGA-1	T	12
GTGACATCACGTGAAG-1	T	2
GTGACATCATTAGCAC-1	NK	4
GTGACATGTCCGGTAC-1	T	2
GTGACATGTGCAAGAC-1	NK	19
GTGACATTCTGGCACG-1	T	18
GTGACATTCTTAGTGG-1	T	16
GTGATCAAGAAATACC-1	T	12
GTGATCAAGAGGAACA-1	NK	0
GTGATCAAGGTTCTCA-1	T	18
GTGATCACAAATGCTC-1	T	16
GTGATCACAAGCGACA-1	T	5
GTGATCACACTCGGAC-1	T	17
GTGATCAGTAAAGGCC-1	T	18
GTGATCAGTTAAGTCC-1	T	15
GTGATCATCGAACCGC-1	T	18
GTGATCATCTCTATTG-1	T	2
GTGATCATCTCTGAGA-1	T	3
GTGCACGAGCATTCCA-1	T	3
GTGCACGAGGCGTAGT-1	T	2
GTGCACGCAAGCGTCC-1	T	3
GTGCACGCACCACCAG-1	NK	0
GTGCACGCACCCTTTG-1	B	7
GTGCACGCAGCAACCC-1	B	7
GTGCACGGTAAAGCTA-1	T	6
GTGCACGGTCTCTAAG-1	NK	0
GTGCACGTCCGTACGG-1	T	12
GTGCCAGAGAACGTCG-1	T	8
GTGCCAGAGGTAGGAA-1	NK	11
GTGCCAGCAATGCCAT-1	T	16
GTGCCAGGTCGGCTGT-1	NK	9
GTGCCAGGTGCCGGTT-1	NK	4
GTGCTGGAGTGGTGTG-1	NK	4
GTGCTGGCACGCGACT-1	T	1
GTGCTGGCATTACCTT-1	T	17
GTGCTGGGTCAGTGCC-1	T	12
GTGCTGGTCAGTCTTT-1	T	3
GTGCTGGTCCATATCT-1	NK	0
GTGCTGGTCCTCCCAA-1	T	18
GTGCTGGTCGGTCAGC-1	T	18
GTGGATTAGCTGAGGT-1	B	7
GTGGATTCACAATAAG-1	NK	19
GTGGATTCACAGCTTA-1	T	18
GTGGATTCAGTATACC-1	T	5
GTGGATTCATTACTCT-1	T	6
GTGGATTGTACGTAAA-1	T	2
GTGGATTGTCGTAGTT-1	T	13
GTGGATTTCCCTAAAG-1	T	5
GTGGCGTAGACACGGT-1	T	13
GTGGCGTAGCTACGTT-1	NK	9
GTGGCGTAGGAGTACC-1	B	7
GTGGCGTAGTCGAAAT-1	T	15
GTGGCGTAGTTCGTTG-1	NK	10
GTGGCGTCAAACAGTA-1	T	17
GTGGCGTCAAACCTAC-1	NK	10
GTGGCGTCACGCCGAT-1	NK	0
GTGGCGTCAGTCCTGG-1	T	16
GTGGCGTGTAGTATCC-1	T	3
GTGGCGTTCAAGGCCC-1	T	15
GTGGCGTTCCTATCAT-1	T	6
GTGGCGTTCGCACCGA-1	T	5
GTGGCGTTCTCGTGAA-1	T	5
GTGGCGTTCTTCTTCC-1	T	2
GTGTCAAAGAATCAGT-1	B	7
GTGTCAAAGAATGCTA-1	T	16
GTGTCAAAGCGAGCTA-1	B	7
GTGTCAAAGCGTAGCA-1	NK	9
GTGTCAAAGGCATGCA-1	NK	0
GTGTCAAAGGTTCTCA-1	NK	0
GTGTCAACAAGGGTAC-1	T	1
GTGTCAACAGAACAGC-1	T	5
GTGTCAACAGTAGTTC-1	T	6
GTGTCAACATTCTCGC-1	T	18
GTGTCAAGTAAAGGCC-1	T	18
GTGTCAAGTCCGAGCT-1	T	15
GTGTCAAGTTTGATCG-1	T	18
GTGTCAATCCACACCT-1	Epithelial	14
GTGTCAATCCAGTACA-1	T	16
GTGTCAATCCCGATTC-1	T	13
GTGTCAATCCTGGAAT-1	T	1
GTGTCAATCGCACCGA-1	T	12
GTGTCCTAGAAAGGGT-1	NK	11
GTGTCCTAGATGCGAC-1	T	15
GTGTCCTAGCGTTAGG-1	T	2
GTGTCCTAGTCTCGAT-1	T	12
GTGTCCTCAAATGCTC-1	B	7
GTGTCCTCAACAACTC-1	NK	0
GTGTCCTCATCACAAC-1	T	2
GTGTCCTCATGATTGC-1	NK	0
GTGTCCTGTGGTAGAC-1	NK	0
GTGTCCTGTTTCTTAC-1	NK	11
GTGTGATAGGCTCAGA-1	NK	10
GTGTGATAGGTACTCT-1	T	15
GTGTGATCACTTGCGG-1	NK	9
GTGTGATCAGTATACC-1	T	5
GTGTGATGTACGGAGT-1	NK	10
GTGTGATGTATTCTGG-1	B	7
GTGTGATGTCAGCTTA-1	T	16
GTGTGATGTCAGTGTT-1	T	6
GTGTGATGTCTGTGTA-1	NK	11
GTGTGATGTTCTTAGG-1	NK	11
GTGTGATTCACCGCGA-1	NK	19
GTGTGATTCCCGTAGG-1	T	3
GTGTGATTCTTGGCCT-1	T	17
GTTACGAAGCCGCTGT-1	NK	19
GTTACGAAGCGTAGCA-1	T	5
GTTACGAAGGGCGAAG-1	NK	19
GTTACGAAGGGTATCG-1	T	1
GTTACGAAGTAGACCG-1	T	5
GTTACGAAGTCAACTC-1	T	1
GTTACGACAAACCCTA-1	T	16
GTTACGACAAGATGCG-1	NK	4
GTTACGAGTAAACGAT-1	T	5
GTTACGAGTCATTGGT-1	T	18
GTTACGAGTTTGTCTT-1	T	15
GTTACTTCAAATTCCG-1	NK	0
GTTACTTCAACCTCCT-1	NK	9
GTTACTTCACGTGAAG-1	B	7
GTTACTTGTATTCTGG-1	T	16
GTTACTTGTCAATACC-1	NK	4
GTTACTTGTCAGTGCC-1	NK	10
GTTACTTTCATGCTTT-1	T	16
GTTACTTTCTTCATAC-1	T	8
GTTATGGAGAGGAAGT-1	NK	4
GTTATGGAGATGCGAC-1	T	1
GTTATGGAGCTGATTC-1	B	7
GTTATGGAGGCTCCTG-1	NK	19
GTTATGGAGTGATTAG-1	T	16
GTTATGGAGTTCGTTG-1	T	8
GTTATGGCAACTCGTA-1	NK	11
GTTATGGCATCGACCG-1	T	2
GTTATGGGTAGACGCA-1	NK	4
GTTATGGGTAGTCCAT-1	NK	9
GTTATGGTCCATGACA-1	T	13
GTTATGGTCGGGAAAC-1	NK	10
GTTATTCAGCCTCGCA-1	NK	4
GTTATTCCAGATTTGC-1	Epithelial	14
GTTATTCGTTAACCAC-1	T	15
GTTATTCGTTTCGACA-1	T	12
GTTATTCGTTTCGTTT-1	B	7
GTTATTCTCGAGCGCT-1	T	8
GTTATTCTCGATATGC-1	T	16
GTTATTCTCGTGTGCG-1	NK	19
GTTATTCTCTTAATCC-1	T	18
GTTCAAGAGTTACCAC-1	T	15
GTTCAAGCAATAGTGA-1	T	12
GTTCAAGCACAGCCAC-1	NK	0
GTTCAAGCACATAAAG-1	T	12
GTTCAAGCACTGGGCT-1	B	7
GTTCAAGGTCCTATTT-1	T	12
GTTCAAGGTTAGGAAT-1	NK	4
GTTCAAGGTTGGCGAA-1	T	17
GTTCAAGTCACCCTTG-1	T	18
GTTGGGCAGTATCTGC-1	T	2
GTTGGGCCAATGTGCT-1	Epithelial	14
GTTGGGCCAGGTAGGT-1	T	8
GTTGGGCCATCATCGA-1	NK	4
GTTGGGCGTGAATACA-1	B	7
GTTGGGCGTGACGCAA-1	T	13
GTTGGGCGTTAACCGT-1	T	5
GTTGGGCGTTGGCTTA-1	T	18
GTTGGGCTCCGTACGG-1	T	17
GTTGGTAAGAAGCCGT-1	NK	0
GTTGGTAAGCTCGTTA-1	T	2
GTTGGTAAGTCGAGCA-1	T	13
GTTGGTAAGTGCAACG-1	T	17
GTTGGTACAAGAGATT-1	NK	11
GTTGGTACATAAAGTG-1	T	16
GTTGGTACATGGATGG-1	NK	11
GTTGGTAGTATCATGC-1	T	2
GTTGGTAGTGCGTTTA-1	Epithelial	14
GTTGGTAGTGTCGTCG-1	T	8
GTTGGTATCCATCGAA-1	T	2
GTTGGTATCGGTAGGA-1	NK	4
GTTGGTATCTTAATCC-1	NK	0
GTTGGTATCTTGGCCT-1	NK	11
TAAACCGAGCAATGTA-1	B	7
TAAACCGAGCCATCAT-1	T	6
TAAACCGAGCGTATCT-1	NK	11
TAAACCGAGGCACCTC-1	T	16
TAAACCGCAATGAAAC-1	NK	9
TAAACCGGTCAGTGTT-1	T	16
TAAACCGTCATCATGG-1	NK	9
TAAACCGTCCCATAGA-1	T	1
TAAACCGTCCTCATTA-1	NK	10
TAAACCGTCTAGTCGA-1	Epithelial	14
TAACAGCAGTGAGTTA-1	T	8
TAACAGCCAACGTACT-1	T	3
TAACAGCCACCCTTAC-1	T	8
TAACAGCCACCTACCT-1	NK	9
TAACAGCCATACTGCA-1	T	1
TAACAGCCATTTGTTC-1	T	5
TAACAGCGTCATAGAA-1	NK	9
TAACAGCGTTCTGATG-1	T	16
TAACAGCGTTTCCACC-1	NK	4
TAACGGTAGCGTCTGC-1	NK	19
TAACGGTAGGAGTAGA-1	NK	19
TAACGGTCAAGACTAA-1	T	18
TAACGGTCATCACAAC-1	T	15
TAACGGTCATGGGAAC-1	T	15
TAACGGTGTGTACGCC-1	T	8
TAACGGTGTTGTGACT-1	B	7
TAACGGTTCCAAGTCA-1	T	17
TAACGGTTCGTTGTAG-1	T	6
TAACTTCAGCATTGGG-1	NK	11
TAACTTCAGTTCGACT-1	NK	19
TAACTTCCACAGGAAC-1	Epithelial	14
TAACTTCCACGCGCAT-1	T	18
TAACTTCCAGTAGGCA-1	NK	0
TAACTTCTCGACCCGA-1	NK	10
TAACTTCTCGCATAAC-1	T	8
TAACTTCTCGCGATGC-1	NK	0
TAAGCCAAGCCTGTAT-1	T	1
TAAGCCAAGGTGAACC-1	T	15
TAAGCCAAGTCTGGGA-1	T	13
TAAGCCACAACTGCGC-1	NK	0
TAAGCCACATGCGTTA-1	T	18
TAAGCCAGTCCGTGCA-1	T	8
TAAGCCAGTCTTAGCA-1	NK	9
TAAGCCATCGCAACTA-1	NK	9
TAAGTGCAGAGCCTGA-1	T	2
TAAGTGCAGATCACCT-1	T	2
TAAGTGCAGATTCCGT-1	T	8
TAAGTGCAGCACACCC-1	T	16
TAAGTGCCAAGGACCA-1	T	6
TAAGTGCCAGCACATT-1	T	17
TAAGTGCCATCGGCCA-1	T	2
TAAGTGCCATTAGCAC-1	NK	4
TAAGTGCGTAACTGAA-1	T	5
TAAGTGCGTATTGTGC-1	B	7
TAAGTGCGTCACAGGA-1	T	3
TAAGTGCGTGCTTCCT-1	NK	4
TAAGTGCGTGGTAAGC-1	B	7
TAAGTGCGTTCTGAGT-1	T	13
TAAGTGCGTTGGCGAA-1	NK	0
TAAGTGCTCATTGCCC-1	T	2
TAAGTGCTCCCAATAG-1	T	2
TAAGTGCTCCTCAAGA-1	T	6
TAAGTGCTCCTGGGAC-1	NK	19
TAAGTGCTCCTGTAGA-1	T	1
TAAGTGCTCGCTTGAA-1	NK	19
TAATCGGAGTTCAAGA-1	NK	0
TAATCGGCAGGGTACA-1	T	12
TAATCGGGTATGAAGT-1	B	7
TAATCGGTCCAACCTC-1	NK	10
TAATCGGTCCTAAAGC-1	B	7
TAATTCCAGGTAAGTT-1	T	8
TAATTCCCACTGATAC-1	T	2
TAATTCCGTATTCGAC-1	NK	19
TAATTCCGTCAACTAC-1	NK	19
TAATTCCGTCAAGACG-1	NK	0
TAATTCCGTCAGGCTC-1	T	17
TAATTCCGTCGCGCTA-1	T	15
TAATTCCGTTAGTAGA-1	NK	4
TAATTCCGTTCACGTA-1	NK	10
TACAGCAAGGTCCTCG-1	NK	19
TACAGCAAGTGATAAC-1	T	6
TACAGCACAGACTAAA-1	T	15
TACAGCACAGTAAGAT-1	NK	0
TACAGCAGTACGCCCA-1	NK	0
TACAGCAGTATGGGTG-1	NK	10
TACAGCATCGCTACCT-1	T	3
TACAGCATCGTGTGCG-1	T	12
TACATGGAGACGAAAG-1	NK	19
TACATGGAGCCTATAC-1	T	8
TACATGGAGGAAGGTA-1	T	2
TACATGGCACAGTTCA-1	NK	19
TACATGGCATCGCTAA-1	NK	10
TACATGGCATGTAGAA-1	T	5
TACATGGGTCAGAGTG-1	T	16
TACATGGGTCCCGAGT-1	NK	0
TACATGGGTGTGACCC-1	B	7
TACATGGTCATGCTTT-1	T	17
TACATGGTCGCGTGAC-1	T	18
TACATGGTCGTGCTTC-1	T	16
TACATTCAGCACCATT-1	NK	4
TACATTCAGCGCGTTC-1	NK	11
TACATTCAGGTACATA-1	T	5
TACATTCAGGTAGGCT-1	NK	9
TACATTCCAAGTCTCA-1	NK	0
TACATTCCAAGTTCGT-1	NK	11
TACATTCCACCGTCTT-1	T	2
TACATTCCAGCTATAC-1	T	3
TACATTCGTGGCCTCA-1	T	17
TACATTCTCCTAAGTG-1	NK	0
TACATTCTCGACTATG-1	NK	0
TACATTCTCTCTTCCT-1	B	7
TACCCTGAGTAATCAG-1	NK	9
TACCCTGCAAATAGTG-1	T	13
TACCCTGCAATGCACT-1	Epithelial	14
TACCCTGCAGTCAGCC-1	T	12
TACCCTGGTCAGTGTT-1	NK	11
TACCCTGGTTGGCTAT-1	NK	11
TACCCTGTCCCACTTG-1	Epithelial	14
TACCTATAGTGTCGGA-1	T	18
TACCTATCAACCTCTC-1	NK	11
TACCTATCAGGTGGTA-1	NK	9
TACCTATCAGTAGTTC-1	NK	10
TACCTATCATTCCCGT-1	T	3
TACCTATTCCGTCAAA-1	T	17
TACCTATTCGCACCGA-1	B	7
TACCTATTCGTGAGTT-1	NK	9
TACCTATTCTTCGTTA-1	B	7
TACCTCGAGGTTCGAG-1	T	17
TACCTCGCAGTAACCT-1	NK	0
TACCTCGGTATGCTAC-1	T	18
TACCTCGGTATGGTTC-1	B	7
TACCTCGGTCGAGGAT-1	T	16
TACCTCGGTTGGCGAA-1	T	3
TACCTCGTCCCGTATC-1	NK	0
TACCTCGTCGTGCTTC-1	T	5
TACGCAACACATAAAG-1	T	5
TACGCAACATAGATAG-1	NK	9
TACGCAAGTATCGCGC-1	NK	11
TACGCAAGTGTACGCC-1	T	8
TACGCAATCACTAGGT-1	T	2
TACGCAATCAGTACAC-1	T	5
TACGCAATCGTTCAGA-1	NK	4
TACGCAATCTATTGTC-1	T	15
TACGCAATCTTGCGCT-1	NK	9
TACGCAATCTTGTACT-1	T	13
TACGCCTAGCCTGGTC-1	T	1
TACGCCTAGTCACACT-1	T	18
TACGCCTCAAGTCTCA-1	T	16
TACGCCTGTAAGCCTT-1	T	15
TACGCCTGTCAAGACG-1	NK	11
TACGCCTGTTGTGACT-1	NK	0
TACGCCTTCCTCATTA-1	NK	4
TACGCCTTCGGGTCCA-1	NK	19
TACGGATAGGGCTCTC-1	T	6
TACGGATCACAATAAG-1	T	17
TACGGATCACACACCG-1	NK	9
TACGGATCACCACCAG-1	T	1
TACGGATCAGGCACAA-1	T	8
TACGGATGTCTGATTG-1	NK	11
TACGGATGTGGAAGCT-1	T	13
TACTAGGAGACCTATC-1	T	6
TACTAGGAGCCATTCA-1	Epithelial	14
TACTAGGAGCTTTCCC-1	NK	10
TACTAGGAGGAAGACA-1	NK	4
TACTAGGAGGCTCCTG-1	NK	10
TACTAGGAGTACCCAT-1	NK	4
TACTAGGGTATCTAGC-1	B	7
TACTAGGTCCAACAAC-1	NK	10
TACTCGCAGGCCTCTG-1	NK	9
TACTCGCAGGGTCCCT-1	T	6
TACTCGCAGTGCTGAG-1	NK	9
TACTCGCAGTTGGAAT-1	T	16
TACTCGCCACCACGAC-1	T	17
TACTCGCCACTGTCGG-1	NK	10
TACTCGCCAGAACTTC-1	T	16
TACTCGCGTCCACCAG-1	NK	0
TACTCGCGTTAGGAAT-1	T	1
TACTCGCTCCACGAGC-1	T	8
TACTCGCTCGTGGCGT-1	NK	9
TACTCGCTCTGAAAGA-1	NK	10
TACTCGCTCTGAACGT-1	B	7
TACTGCCAGAGAGTAG-1	T	8
TACTGCCCAAGGTCGA-1	B	7
TACTGCCGTATCTCAG-1	NK	9
TACTGCCGTTTCTCTA-1	T	6
TACTGCCTCGGTCTCT-1	T	2
TAGACTGAGATGCGCA-1	NK	10
TAGACTGCACATTCTT-1	T	16
TAGACTGCACCATTCC-1	T	17
TAGACTGCACTAGCCG-1	T	16
TAGACTGGTTCAGTTG-1	T	17
TAGACTGTCCACACCT-1	Epithelial	14
TAGACTGTCTGGAAGG-1	T	3
TAGCACAAGAGTCCGA-1	NK	9
TAGCACAAGCAATAAC-1	NK	11
TAGCACAAGGCTCCTG-1	B	7
TAGCACAAGTAACACA-1	T	16
TAGCACAAGTCCGATT-1	NK	10
TAGCACAAGTTTACGC-1	T	2
TAGCACACACAACGGA-1	T	12
TAGCACACATAGTCCA-1	T	18
TAGCACACATGGCCTG-1	NK	4
TAGCACACATGTGGGA-1	T	5
TAGCACACATTCACGA-1	T	18
TAGCACAGTAACACTC-1	T	18
TAGCACAGTCACTCTC-1	B	7
TAGCACAGTTGCAGCC-1	NK	0
TAGCACATCACTCCCA-1	T	2
TAGCACATCCAACCTC-1	NK	19
TAGCACATCTCAGATG-1	NK	9
TAGCATGAGAAATCTG-1	T	1
TAGCATGAGAGCGAAA-1	T	8
TAGCATGAGTGAACCG-1	NK	10
TAGCATGGTATTGTCG-1	NK	19
TAGCATGGTGATAAGT-1	NK	0
TAGCATGTCTATCTCA-1	NK	10
TAGCCCTAGAACGTTA-1	T	1
TAGCCCTAGAGCCACA-1	T	13
TAGCCCTAGCACACCC-1	Epithelial	14
TAGCCCTAGCTGGAGT-1	B	7
TAGCCCTAGGCGCTTC-1	B	7
TAGCCCTAGTGCTCGC-1	NK	4
TAGCCCTCACACACCG-1	T	17
TAGCCCTGTAACTCCA-1	NK	10
TAGCCCTGTATCGCGC-1	NK	9
TAGCCCTGTATTCGCA-1	T	18
TAGCCCTGTGCAAGCA-1	T	6
TAGCCCTGTGTGACCC-1	NK	19
TAGCCCTTCTGGAAGG-1	T	8
TAGCCGGAGACTTCCA-1	NK	11
TAGCCGGAGTACCCAT-1	NK	19
TAGCCGGCAAGGGTAC-1	NK	4
TAGCCGGGTGCACCCA-1	T	2
TAGCCGGGTGCATTGT-1	T	13
TAGCGGCAGCGTTGCC-1	Epithelial	14
TAGCGGCAGTTGACAA-1	NK	0
TAGCGGCCAATCACTG-1	T	1
TAGCGGCGTGCGACCT-1	T	8
TAGCGGCTCCACGCTT-1	B	7
TAGCTTTAGCGAGAAA-1	B	7
TAGCTTTAGCTGAGGT-1	T	15
TAGCTTTCACTTATGG-1	NK	0
TAGCTTTCATCGTGAT-1	NK	9
TAGCTTTGTGCGCTCA-1	T	15
TAGCTTTGTGGCGCTT-1	NK	19
TAGCTTTGTTGAATAG-1	T	6
TAGCTTTGTTTGGATC-1	T	13
TAGCTTTTCAAAGTAG-1	NK	4
TAGCTTTTCCCGATTC-1	B	7
TAGGAGGAGGAGGCGA-1	NK	11
TAGGAGGAGTCTAGAA-1	T	13
TAGGAGGAGTGATAAC-1	NK	10
TAGGAGGCAACAAACA-1	T	5
TAGGAGGCAGTGCTCG-1	NK	0
TAGGAGGGTGGGTAGT-1	NK	11
TAGGAGGGTTCTACGA-1	Epithelial	14
TAGGAGGGTTGCCTGG-1	T	1
TAGGAGGGTTTCGACA-1	T	12
TAGGAGGTCCTATCAT-1	B	7
TAGGAGGTCTACTTTG-1	T	6
TAGGTCAAGGACTTTC-1	T	3
TAGGTCAGTGATGCTT-1	T	16
TAGGTCATCGAGAACG-1	NK	0
TAGGTGTAGCTATCGT-1	T	17
TAGGTGTCAAATGTCC-1	T	16
TAGGTGTCAATGAAAC-1	NK	0
TAGGTGTCAATGATGA-1	NK	19
TAGGTGTCACGCTAAT-1	T	6
TAGGTGTCAGAGAGAA-1	T	16
TAGGTGTCAGCAAACG-1	T	12
TAGGTGTCATGCCTTC-1	NK	11
TAGGTGTGTATGTTCG-1	NK	19
TAGGTGTGTCCATTGA-1	T	16
TAGGTGTGTGGGTAGT-1	T	17
TAGGTGTGTGTTAGAA-1	T	8
TAGTCCCAGACCCATT-1	NK	19
TAGTCCCAGACCGCAA-1	T	2
TAGTCCCAGACGTCAG-1	T	1
TAGTCCCAGCGTAGCA-1	NK	4
TAGTCCCAGCTGCCAC-1	B	7
TAGTCCCAGGGCTCTC-1	NK	10
TAGTCCCAGTACGCGA-1	Epithelial	14
TAGTCCCAGTGATTAG-1	NK	9
TAGTCCCCAAGACACG-1	T	6
TATCGAGAGAGCACTG-1	T	13
TATCGAGCAAACCTAC-1	T	5
TATCGAGCAACATAAG-1	T	17
TATCGAGCAAGCGAAC-1	T	13
TATCGAGCAGGTAGCA-1	NK	9
TATCGAGGTGATCAGG-1	T	2
TATCGAGGTTAGGCTT-1	Epithelial	14
TATCGAGGTTTAAGGA-1	T	3
TATCGAGTCTAGCAAC-1	T	15
TATCTGTAGATATGAC-1	T	13
TATCTGTAGGATTGCG-1	T	13
TATCTGTAGTCGCCTG-1	NK	11
TATCTGTCAAAGAAGG-1	B	7
TATCTGTCAGGGAGTT-1	T	18
TATCTGTCATAGGCGA-1	T	5
TATCTGTGTTAGCTCA-1	T	18
TATCTGTGTTCTTTGT-1	T	18
TATCTGTTCGTTCTAT-1	T	8
TATCTGTTCTCAGATG-1	Epithelial	14
TATCTGTTCTGCGTCT-1	NK	10
TATGTGGAGGTCTTGT-1	T	8
TATGTGGCAAAGAAGG-1	NK	4
TATGTGGCAAATGCTC-1	T	8
TATGTGGCACGTGAAG-1	T	13
TATGTGGCATAAAGTG-1	NK	0
TATGTGGGTCTCTGCT-1	T	5
TATGTGGGTTTCGACA-1	T	17
TATGTGGTCCTTGACC-1	T	15
TATGTGGTCTGGCACG-1	T	5
TATGTTCAGAAGAGTG-1	T	2
TATGTTCCAGTAACGG-1	Epithelial	14
TATGTTCGTACTTCAG-1	NK	10
TATGTTCGTGATGCGA-1	T	2
TATGTTCTCCGGAAAG-1	NK	10
TATGTTCTCGACTTAG-1	T	5
TATTGCTAGAAAGCAG-1	T	6
TATTGCTAGAACGACC-1	T	18
TATTGCTAGCTCGGCT-1	B	7
TATTGCTAGGTTACAA-1	T	12
TATTGCTAGTTGCCGC-1	T	16
TATTGCTCAACTCAAC-1	NK	4
TATTGCTCACAGTTCA-1	NK	9
TATTGCTCACTCGTGG-1	T	1
TATTGCTCAGTAGGCA-1	B	7
TATTGCTCATCACAGT-1	T	5
TATTGCTCATGCGCTG-1	T	2
TATTGCTGTCCTTATT-1	T	18
TATTGCTTCCCGATTC-1	NK	9
TATTGCTTCGCTCTAC-1	NK	4
TCAAAGCAGAATATCG-1	T	12
TCAAAGCAGCAACTGG-1	Epithelial	14
TCAAAGCAGTCCGATT-1	T	18
TCAAAGCCAGCGTCGT-1	T	13
TCAAAGCCAGTATACC-1	T	3
TCAAAGCTCGCGTTCT-1	NK	9
TCAAAGCTCTGAGTAC-1	NK	4
TCAAGACAGAAGACTT-1	T	6
TCAAGACAGATATGAC-1	T	3
TCAAGACAGCATGTGG-1	NK	19
TCAAGACAGCTATCCA-1	NK	10
TCAAGACAGCTGCTCG-1	B	7
TCAAGACCACAGAAGC-1	NK	9
TCAAGACCAGGACTGA-1	NK	10
TCAAGACCAGTAGTCT-1	NK	9
TCAAGACGTAACACTC-1	T	3
TCAAGACTCACTCGGG-1	T	13
TCAAGACTCCGCGATG-1	T	1
TCAAGCAAGAAATGGG-1	NK	19
TCAAGCAAGACTTCCA-1	T	5
TCAAGCAAGCAATGTA-1	T	3
TCAAGCAAGCTTACCA-1	NK	11
TCAAGCAAGGAAACTT-1	T	8
TCAAGCAAGGCAGTGT-1	NK	0
TCAAGCAAGGTCACTT-1	T	8
TCAAGCACACAAACGG-1	NK	0
TCAAGCACACACGGTC-1	T	15
TCAAGCACATAGATAG-1	T	6
TCAAGCACATCGGCCA-1	T	6
TCAAGCAGTTTGCGAT-1	B	7
TCAAGCATCGTGGAAG-1	NK	9
TCAAGGTCAAGCGGTA-1	T	6
TCAAGGTCATAGAATG-1	T	17
TCAAGGTGTAGAACGC-1	T	1
TCAAGGTGTGACGCAA-1	T	2
TCAAGGTGTTTCCGGG-1	T	16
TCAAGGTTCAGTCACA-1	T	16
TCAAGGTTCATTCTTG-1	T	5
TCAAGGTTCCGGACTG-1	B	7
TCAAGGTTCGGTGATT-1	T	1
TCAAGGTTCTCTGTTA-1	NK	0
TCAATTCAGATGAGGA-1	T	6
TCAATTCAGCTTTCCC-1	Epithelial	14
TCAATTCAGTAGCAAT-1	T	6
TCAATTCAGTCAGCCC-1	T	12
TCAATTCCAGATAAGT-1	NK	11
TCAATTCCATCCGTAA-1	T	5
TCAATTCCATCGAGTT-1	NK	0
TCAATTCGTGTTAGAA-1	T	17
TCAATTCGTTGGCGAA-1	B	7
TCACAAGAGAATCAAC-1	NK	11
TCACAAGAGCATTGGG-1	T	1
TCACAAGAGGGCTCTC-1	T	13
TCACAAGCACTAGCCG-1	NK	10
TCACAAGCAGAACTTC-1	T	18
TCACAAGCATATTGGC-1	T	8
TCACAAGGTGTCGGTC-1	T	18
TCACAAGGTTAGGCTT-1	T	17
TCACAAGGTTCTACCC-1	T	16
TCACAAGTCCGATGCG-1	T	5
TCACAAGTCTCTTAAC-1	T	2
TCACAGAAGCTGATTC-1	T	5
TCACAGAAGTAATCAG-1	NK	10
TCACAGACACAGCTTA-1	T	1
TCACAGACATGCGCTG-1	T	15
TCACAGACATTACTCT-1	T	3
TCACAGAGTAATGCCT-1	T	8
TCACAGAGTACAAATG-1	NK	19
TCACAGAGTGCAAAGC-1	T	16
TCACCACAGAGAACCC-1	B	7
TCACCACAGAGGTCCA-1	T	15
TCACCACAGCCTGTAT-1	NK	9
TCACCACAGGCACCTC-1	T	17
TCACCACAGGTAAGTT-1	T	16
TCACCACAGTGCAACG-1	B	7
TCACCACCACGTACAT-1	Epithelial	14
TCACCACCAGTGGTCC-1	T	13
TCACCACCATCACAAC-1	T	6
TCACCACGTACATGGG-1	NK	4
TCACCACGTAGCATGG-1	NK	4
TCACCACGTCTTAGCA-1	NK	11
TCACCACTCGTTCAGA-1	T	2
TCACCACTCTACATCT-1	T	17
TCACCACTCTTCACTA-1	NK	4
TCACCTGAGAATCAAC-1	NK	4
TCACCTGAGTTGAATG-1	T	2
TCACCTGCACAGTTCA-1	T	8
TCACCTGCACCCTTAC-1	T	12
TCACCTGCAGAACGAC-1	T	3
TCACCTGCAGGAGCAT-1	T	17
TCACCTGCATCCTCGT-1	B	7
TCACCTGCATGGATGG-1	T	3
TCACCTGGTACGTAGG-1	NK	4
TCACCTGGTACTTCAG-1	T	12
TCACCTGGTATCACAC-1	T	18
TCACCTGGTATTGTGC-1	T	5
TCACTCGAGAGGCAGG-1	T	15
TCACTCGAGAGTAAGG-1	T	17
TCACTCGCAATGGCAG-1	T	6
TCACTCGCAGCAACAG-1	NK	11
TCACTCGCATCGTGAT-1	T	3
TCACTCGGTCCGCTTT-1	T	17
TCACTCGTCGCGTTCT-1	T	12
TCACTCGTCTATACCT-1	NK	11
TCAGCTCAGGAGGCGA-1	T	13
TCAGCTCAGGCACTAG-1	T	2
TCAGCTCCAAGCGAAC-1	NK	11
TCAGCTCCACACACCG-1	T	5
TCAGCTCCACTGTCAA-1	T	17
TCAGCTCCATATACGC-1	NK	11
TCAGCTCGTGCATCAT-1	T	17
TCAGCTCTCAGAACGG-1	NK	9
TCAGCTCTCGGTTCCT-1	B	7
TCAGGGCAGGCAATTA-1	NK	11
TCAGGGCAGGTGTCGA-1	Epithelial	14
TCAGGGCAGGTTCTCA-1	NK	11
TCAGGGCAGTAACTCC-1	NK	4
TCAGGGCAGTCAACTC-1	T	8
TCAGGGCCATCAACTG-1	T	8
TCAGGGCCATCGACGC-1	NK	0
TCAGGGCGTCCACCAG-1	T	16
TCAGGGCGTTCTACCC-1	T	18
TCAGGGCTCACCCGGA-1	B	7
TCAGGGCTCCACTAGA-1	NK	0
TCAGGGCTCCAGGGAA-1	T	3
TCAGGGCTCCATAACG-1	T	17
TCAGGGCTCGGAAAGC-1	T	1
TCAGGGCTCTCGGCGA-1	B	7
TCAGGTAAGAAGCCGT-1	T	8
TCAGGTAAGACGCCCT-1	T	2
TCAGGTAAGAGGCAGG-1	T	15
TCAGGTAAGCAACGGT-1	NK	0
TCAGGTAAGCCATTCA-1	T	2
TCAGGTACACCGATCG-1	NK	0
TCAGGTAGTACAAATG-1	T	8
TCAGGTAGTCTTAGCA-1	T	13
TCAGGTATCACCGCGA-1	T	17
TCAGGTATCACTGGTA-1	T	12
TCAGGTATCATCGCAA-1	NK	10
TCAGTCCAGAGGTACC-1	B	7
TCAGTCCAGGACTAGC-1	NK	10
TCAGTCCAGGAGTCTG-1	NK	9
TCAGTCCAGTCAGGAC-1	T	6
TCAGTCCAGTGTGTAA-1	NK	0
TCAGTCCCAACCTCTC-1	Epithelial	14
TCAGTCCCACATAAAG-1	NK	0
TCAGTCCCACTGTCAA-1	T	2
TCAGTCCCATCGCCTT-1	T	15
TCAGTCCGTGTGTGCC-1	T	5
TCAGTCCTCCGAGGAA-1	T	13
TCAGTCCTCGAGAAGC-1	T	17
TCAGTTTAGAGAGTAG-1	T	17
TCAGTTTAGCAGTAGC-1	NK	11
TCAGTTTAGCATTCCA-1	T	6
TCAGTTTGTAAGTGCG-1	Epithelial	14
TCAGTTTGTCGATAGG-1	NK	4
TCAGTTTTCGCTTGAA-1	NK	19
TCCAGAAAGAAAGCAG-1	NK	19
TCCAGAAAGCGGACAT-1	NK	4
TCCAGAACAATGTAAG-1	Epithelial	14
TCCAGAACACGCGATC-1	B	7
TCCAGAACACTGATTG-1	T	3
TCCAGAACATGGCCGT-1	T	17
TCCAGAAGTAACTGAA-1	NK	0
TCCAGAAGTCACTCTC-1	NK	0
TCCAGAAGTCTGCACG-1	T	18
TCCAGAAGTGAATACA-1	T	6
TCCAGAAGTGGACTGA-1	B	7
TCCAGAATCCAGGTAT-1	T	6
TCCAGAATCGTGGCGT-1	T	18
TCCATCGAGATACCAA-1	T	3
TCCATCGCAAAGAGAG-1	T	5
TCCATCGCAAGTTGCT-1	T	18
TCCATCGCAGAATGCG-1	T	12
TCCATCGGTCACAGTT-1	NK	11
TCCATCGTCCAGAATC-1	NK	0
TCCATCGTCCGCCTAT-1	Epithelial	14
TCCATCGTCGCCACTT-1	B	7
TCCATCGTCTATCTCA-1	T	8
TCCATCGTCTCTCAAT-1	NK	11
TCCATCGTCTCTTCCT-1	T	13
TCCCACAAGTTTACGC-1	T	5
TCCCACACAAGCCCTG-1	NK	10
TCCCACACAATTGTGC-1	T	6
TCCCACACAGAACAGC-1	B	7
TCCCACACATTCCCGT-1	NK	0
TCCCACAGTAACGTAA-1	T	13
TCCCACAGTCCTATTT-1	NK	11
TCCCACAGTTATAGAG-1	B	7
TCCCACAGTTCCGGCA-1	T	18
TCCCACATCAAACCAC-1	T	3
TCCCACATCGCTCGGA-1	NK	4
TCCCACATCGGATCGC-1	T	5
TCCGACTAGAACGCCA-1	T	2
TCCGACTAGATCTAAG-1	T	17
TCCGACTAGCAGGACT-1	T	16
TCCGACTAGGATCCTT-1	NK	11
TCCGACTCAGAACAGC-1	T	3
TCCGACTCAGTAGGCA-1	T	15
TCCGACTGTATTCGAC-1	T	13
TCCGACTGTTAGAGAT-1	T	6
TCCGACTGTTCAGTAC-1	T	15
TCCGACTTCCGGGCAT-1	T	5
TCCGACTTCGGCATAT-1	T	5
TCCGACTTCGTGCTTC-1	NK	10
TCGAGCGCACGCTCAG-1	B	7
TCGAGCGCATCCCAAA-1	T	12
TCGAGCGGTCCAAGTT-1	NK	10
TCGAGCGGTTATCGAC-1	NK	10
TCGAGCGGTTTCCACC-1	NK	19
TCGAGCGTCACATCCC-1	T	5
TCGAGCGTCGTGGAAG-1	T	6
TCGAGCGTCTCGTGAA-1	Epithelial	14
TCGATTTAGAACTAAC-1	B	7
TCGATTTAGAAGAGTG-1	T	3
TCGATTTAGTGCAACG-1	T	8
TCGATTTCAAGCAGGT-1	T	8
TCGATTTCACCGATCG-1	T	5
TCGATTTGTATCCTTT-1	T	5
TCGATTTGTCCGGTAC-1	NK	4
TCGATTTTCAGTCACA-1	NK	0
TCGATTTTCCATATCT-1	T	3
TCGATTTTCCTTTGAT-1	T	2
TCGATTTTCGATTACG-1	NK	0
TCGATTTTCGGAAAGC-1	T	5
TCGCAGGAGCTGGAGT-1	NK	11
TCGCAGGAGGCCTCGT-1	T	3
TCGCAGGAGGGAAGCG-1	B	7
TCGCAGGCAAGAAACT-1	T	3
TCGCAGGCAAGTCCTA-1	T	2
TCGCAGGCACCACCAG-1	Epithelial	14
TCGCAGGCACCGTTGG-1	NK	11
TCGCAGGCACCTACCT-1	T	5
TCGCAGGCAGATTAAG-1	NK	10
TCGCAGGGTAGGTGAC-1	NK	4
TCGCAGGGTGATAAGT-1	NK	10
TCGCAGGGTGATTCCA-1	NK	9
TCGCAGGGTTCTTAGG-1	T	8
TCGCAGGGTTTAAGGA-1	T	16
TCGCAGGTCGCCTTAC-1	B	7
TCGCAGGTCGGTCCGA-1	NK	0
TCGCCTAAGACCCATT-1	NK	4
TCGCCTAAGCGCACAA-1	NK	4
TCGCCTAAGGTAAGTT-1	T	5
TCGCCTACAATTCAGC-1	T	2
TCGCCTACACTGGGCT-1	T	5
TCGCCTAGTAAACGAT-1	T	3
TCGCCTATCACTAGGT-1	NK	9
TCGGGACAGCGCGTTC-1	NK	19
TCGGGACAGGGAAGCG-1	T	15
TCGGGACCAACGCAAG-1	T	2
TCGTTCGAGGCAGTGT-1	T	16
TCGTTCGAGTAGAAGG-1	NK	11
TCGTTCGCACCGTCTT-1	T	18
TCGTTCGGTCGCTAGC-1	NK	0
TCGTTCGTCCTCAAGA-1	T	1
TCGTTCGTCGGTCTAA-1	T	2
TCTAGTTAGAAGCCGT-1	T	8
TCTAGTTAGAGGCGGA-1	NK	10
TCTAGTTAGGGTCCCT-1	T	5
TCTAGTTAGTAACATG-1	T	3
TCTAGTTCAATTCTCT-1	B	7
TCTAGTTCATCTCACC-1	NK	10
TCTAGTTGTTAAGGGC-1	T	12
TCTAGTTTCACCACAA-1	T	6
TCTAGTTTCGAACCGC-1	T	6
TCTATTGAGGGACGTT-1	NK	19
TCTATTGAGTACCTCA-1	T	18
TCTATTGAGTCTCGAT-1	T	8
TCTATTGCAAAGAAGG-1	NK	10
TCTATTGGTACGGTTT-1	T	12
TCTATTGTCGCACCTT-1	T	18
TCTCAGCAGACTAGGC-1	T	5
TCTCAGCAGCTGCCAC-1	T	16
TCTCAGCAGGAGACTC-1	T	2
TCTCAGCAGGGTATCG-1	B	7
TCTCAGCCAAACTACC-1	T	17
TCTCAGCCAAGGCGTA-1	T	3
TCTCAGCCAGGACTGA-1	T	15
TCTCAGCCAGGTCTGC-1	NK	4
TCTCAGCGTCCGGTAC-1	T	2
TCTCAGCGTGCGTTTA-1	T	18
TCTCAGCGTTACGGAG-1	T	2
TCTCAGCTCAGGTTTG-1	NK	10
TCTCAGCTCGTTTGAG-1	NK	11
TCTCTGGCACTCCTCA-1	B	7
TCTCTGGGTTCCCAAA-1	T	16
TCTCTGGTCAACGTGT-1	T	5
TCTCTGGTCGAACCGC-1	T	2
TCTCTGGTCGTGGAAG-1	T	15
TGAATCGAGTGAGTGC-1	NK	9
TGAATCGCAAACCCTA-1	B	7
TGAATCGCAAGCGACA-1	NK	0
TGAATCGCAAGCGTCC-1	NK	0
TGAATCGCACGTTAGT-1	Epithelial	14
TGAATCGCATTTCACT-1	T	5
TGAATCGGTAACCGAG-1	NK	19
TGAATCGGTGTCTACA-1	T	12
TGAATCGTCGTGAGTT-1	T	12
TGACAACAGGAACCGT-1	NK	19
TGACAACAGGCAAGCT-1	B	7
TGACAACAGGCTAAAT-1	NK	10
TGACAACAGTTAGCGG-1	T	1
TGACAACCAAGCGACA-1	T	3
TGACAACCACAGCTTA-1	T	18
TGACAACGTACCTATG-1	T	16
TGACAACGTAGCAGCA-1	T	17
TGACAACGTTGGAGGT-1	T	12
TGACAACGTTTAAGGA-1	NK	0
TGACAACTCGTCAACA-1	NK	11
TGACTCCAGATGCGAC-1	Epithelial	14
TGACTCCAGGAAGAAC-1	NK	10
TGACTCCAGGCCAATG-1	T	15
TGACTCCCAGGACCTC-1	T	1
TGACTCCCAGTGGTCC-1	T	12
TGACTCCCATCAGAAA-1	T	18
TGACTCCCATCGTACA-1	T	18
TGACTCCCATGGCCCA-1	T	15
TGACTCCGTGATGCGA-1	T	18
TGACTCCGTGCAAGAC-1	NK	9
TGACTCCTCCGAGAGA-1	B	7
TGACTCCTCTCGCGGA-1	T	13
TGAGCCGGTAGGTGAC-1	B	7
TGAGCCGTCACCGCGA-1	B	7
TGAGCCGTCCGTGCGA-1	T	17
TGAGCCGTCCTCCCAA-1	T	2
TGAGTCAAGAAATTCG-1	Epithelial	14
TGAGTCAAGTACGCGA-1	NK	11
TGAGTCAGTAACAATG-1	T	5
TGAGTCAGTAGCAGGT-1	T	15
TGAGTCAGTTCCTATT-1	NK	0
TGAGTCAGTTCTACCC-1	T	16
TGAGTCATCTCTTCCT-1	Epithelial	14
TGAGTCATCTTCCGTG-1	T	6
TGATCAGAGAAGCCGT-1	T	15
TGATCAGAGACACAAT-1	T	17
TGATCAGAGTATACCC-1	B	7
TGATCAGGTTTGTACG-1	NK	11
TGATCAGTCCTTCGAC-1	T	3
TGATGCAAGCCATCAT-1	T	18
TGATGCAAGGCTGGAT-1	B	7
TGATGCAAGTCGTATC-1	T	5
TGATGCACAAAGCATA-1	T	17
TGATGCACAGGTGTGA-1	T	12
TGATGCACATAGCCGC-1	NK	10
TGATGCAGTACTAGAA-1	NK	10
TGATGCAGTGAGGGTT-1	T	3
TGATGCAGTGATGCGA-1	T	2
TGATGCAGTGATGTGG-1	NK	19
TGATGCAGTGCTGTGC-1	NK	19
TGATGCATCAGTAGTC-1	T	16
TGATGCATCGGATGTT-1	T	13
TGATTTCAGATGGGAA-1	T	15
TGATTTCAGGCTTTAC-1	NK	19
TGATTTCCAAATTGAG-1	NK	10
TGATTTCCAATTCTCT-1	NK	19
TGATTTCGTAGTCTGT-1	NK	19
TGATTTCTCCCTATTA-1	T	17
TGATTTCTCGACTTAG-1	NK	11
TGATTTCTCTCCCTTT-1	NK	10
TGCACCTAGAAATGGG-1	NK	0
TGCACCTAGACAGCTG-1	NK	0
TGCACCTAGGCACTAG-1	T	2
TGCACCTAGTCCCTCT-1	NK	9
TGCACCTCATGGGACA-1	T	17
TGCACCTGTCCAGACC-1	T	13
TGCACCTGTTCTACGA-1	T	17
TGCACCTTCAGCCGAC-1	NK	19
TGCATGAAGATATGTG-1	NK	9
TGCATGAAGGGTGTTG-1	NK	9
TGCATGAAGTAGGTCG-1	B	7
TGCATGAAGTCATACC-1	NK	19
TGCATGAAGTGTCCCG-1	T	17
TGCATGACAAGATTAG-1	B	7
TGCATGACACGCTGTG-1	T	15
TGCATGAGTAACGGAC-1	T	2
TGCATGAGTACAAGCG-1	NK	0
TGCATGAGTCCCGTGA-1	Epithelial	14
TGCATGATCCCAGTAA-1	NK	19
TGCATGATCCTGACCT-1	T	17
TGCATGATCGCGGCAT-1	T	13
TGCATGATCGTTCCGT-1	T	15
TGCATTTCACTGTTAG-1	NK	9
TGCATTTCAGCAAACG-1	NK	19
TGCATTTGTTCATTTC-1	T	2
TGCATTTGTTTGTGAC-1	T	18
TGCCTCAAGTACCACT-1	T	5
TGCCTCAAGTTAGCAA-1	T	13
TGCCTCACAGTCCTGG-1	T	3
TGCCTCAGTCACATTG-1	T	6
TGCCTCAGTGAATGGC-1	T	3
TGCCTCATCTGTGTGA-1	T	8
TGCCTGTAGAGAACCC-1	T	8
TGCCTGTAGCCTGTAT-1	T	12
TGCCTGTAGTAGTGTA-1	T	15
TGCCTGTCAAGGACCA-1	T	12
TGCCTGTCAATGGCTT-1	T	5
TGCCTGTCAGGCAGAT-1	T	13
TGCCTGTGTAACCGAG-1	B	7
TGCCTGTGTAAGGTCG-1	T	16
TGCCTGTGTCAAACAA-1	T	18
TGCCTGTGTCACAGTT-1	Epithelial	14
TGCCTGTGTCCAAGAG-1	T	5
TGCCTGTGTTTCTCTA-1	T	8
TGCCTGTTCACTCCCA-1	T	17
TGCCTGTTCCGAATTG-1	T	5
TGCCTGTTCTCTTAAC-1	NK	9
TGCGTAAAGAAGCCTG-1	B	7
TGCGTAAAGAGATTAC-1	T	18
TGCGTAAAGGACTAGC-1	T	17
TGCGTAAAGGTTTCTG-1	NK	0
TGCGTAAAGTTCAAGA-1	T	17
TGCGTAAAGTTGCTTG-1	T	5
TGCGTAACACTTATGG-1	T	6
TGCGTAACAGATGGCA-1	NK	9
TGCGTAACAGCGTCGT-1	T	12
TGCGTAAGTGGACTGA-1	B	7
TGCGTAAGTGGTAAGC-1	T	6
TGCGTAAGTGTGTGTT-1	NK	10
TGCGTAAGTTACGGAG-1	T	18
TGCGTAATCCATACCC-1	NK	0
TGCGTAATCCATCTAT-1	B	7
TGCGTAATCTGACTTT-1	T	13
TGCTATTAGAGGAATG-1	T	6
TGCTATTCACAGTTAC-1	T	12
TGCTATTCACCAAGGA-1	NK	19
TGCTATTCACGTGAAG-1	T	1
TGCTATTCATCTGCAA-1	NK	10
TGCTATTGTGATAAGT-1	NK	10
TGCTATTGTGCAACAG-1	T	5
TGCTATTGTTGGCGAA-1	T	13
TGCTATTTCGTCCCTA-1	B	7
TGCTCACAGCGCCTAC-1	T	2
TGCTCACCACGCGCAT-1	T	5
TGCTCACCAGGTCCTG-1	T	16
TGCTCACCATTGAACC-1	T	5
TGCTCACGTAGGTCTT-1	T	5
TGCTCACGTTACTACG-1	NK	19
TGCTCACTCCTGACCT-1	T	2
TGCTCACTCGATAGCT-1	T	2
TGCTCACTCGTCCCAT-1	NK	10
TGCTCGTAGAAGGGCG-1	T	18
TGCTCGTCAGCAATGG-1	T	3
TGCTCGTCAGCGTACC-1	T	1
TGCTCGTGTAGATGAT-1	NK	11
TGCTCGTGTTTCAGCA-1	T	1
TGCTCGTTCCGAATTG-1	T	1
TGCTCGTTCGCAACTA-1	T	8
TGCTTCGAGATGGGTC-1	T	15
TGCTTCGAGCGAGCTA-1	T	13
TGCTTCGAGTCTTAGC-1	T	16
TGCTTCGAGTGAGTGC-1	NK	10
TGCTTCGAGTTCAAGA-1	T	13
TGCTTCGCAATTAGGA-1	Epithelial	14
TGCTTCGCATCCCGGA-1	T	6
TGCTTCGGTCCGAGCT-1	NK	9
TGCTTCGGTGTCCCAG-1	T	8
TGCTTCGGTTACACTG-1	NK	10
TGCTTCGGTTGAATAG-1	T	16
TGCTTCGTCAGGTTTG-1	T	17
TGCTTCGTCATCGCAA-1	T	8
TGCTTTAAGAGTCCGA-1	T	12
TGCTTTAAGCGATACG-1	NK	4
TGCTTTAAGGTAGGCT-1	T	5
TGCTTTACATGGAGGT-1	T	1
TGCTTTACATTTGGTG-1	T	18
TGCTTTAGTAGTCCAT-1	T	6
TGCTTTAGTCAGAAAT-1	NK	4
TGCTTTATCCAGTACA-1	T	2
TGCTTTATCCATAACG-1	T	1
TGCTTTATCCCGCAAG-1	NK	11
TGGAAGGAGACTAGGC-1	NK	19
TGGAAGGAGCAATAAC-1	T	1
TGGAAGGAGCAATGTA-1	T	3
TGGAAGGAGGTTCGAG-1	NK	10
TGGAAGGAGTAGACCG-1	NK	0
TGGAAGGAGTATACCC-1	NK	0
TGGAAGGCAATGCATC-1	T	8
TGGAAGGCACCTCGTT-1	T	2
TGGAAGGTCCATCTAT-1	T	18
TGGAAGGTCTAGCTGA-1	Epithelial	14
TGGACATAGAATGCTA-1	B	7
TGGACATAGATCGAGC-1	T	8
TGGACATCAAAGCATA-1	T	16
TGGACATCAAGTGGCA-1	T	8
TGGACATCAATGATGA-1	Epithelial	14
TGGACATCATAGGCGA-1	NK	19
TGGACATCATCGCTAA-1	T	2
TGGACATGTAAGTCTC-1	T	18
TGGACATGTACGGTTT-1	T	18
TGGACATGTGAATCAA-1	NK	9
TGGACATGTTGAATAG-1	NK	0
TGGACATTCACATTCT-1	T	2
TGGACATTCGAGTGTT-1	B	7
TGGCAATAGAAAGGGT-1	T	16
TGGCAATAGCGCAATG-1	NK	4
TGGCAATAGTTAGCAA-1	T	18
TGGCAATCAAGAAACT-1	NK	9
TGGCAATCAAGGAACC-1	T	18
TGGCAATCACTGATAC-1	B	7
TGGCAATCACTGCTCT-1	NK	4
TGGCAATCAGTAAGCG-1	T	1
TGGCAATCATTACACG-1	NK	9
TGGCAATGTCAAGACG-1	T	8
TGGCAATGTGAGTTGG-1	NK	4
TGGCAATGTGTAGGAC-1	T	8
TGGCAATGTTAGGAGC-1	T	17
TGGCAATTCCGTCAAA-1	T	6
TGGCAATTCCTTTGAT-1	NK	11
TGGCAATTCGCCCTTA-1	T	1
TGGCAATTCGCGTTCT-1	B	7
TGGCCTTAGAACAGGA-1	B	7
TGGCCTTAGAGCTCCC-1	B	7
TGGCCTTAGTTCGACT-1	NK	10
TGGCCTTCAATGTGTC-1	Epithelial	14
TGGCCTTGTGCGCATC-1	NK	9
TGGCCTTTCAGCACGC-1	T	12
TGGCCTTTCAGTGTGT-1	T	2
TGGCCTTTCCCACTAC-1	Epithelial	14
TGGCGCAAGATTAGAC-1	T	17
TGGCGCAAGTTCAGGG-1	T	8
TGGCGCACAGCTTACA-1	NK	0
TGGCGCACATTAGCAC-1	NK	11
TGGCGCAGTAAGTGCG-1	T	13
TGGCGCAGTGCAAAGC-1	T	2
TGGCGCAGTTCTCGAA-1	B	7
TGGCGCATCCGCTCTA-1	T	5
TGGCGCATCGATGTAC-1	T	13
TGGGTGCAGAGAGGTA-1	NK	4
TGGGTGCAGCTATCCA-1	T	1
TGGGTGCCAGATGGCA-1	T	12
TGGGTGCGTACTTCAG-1	T	8
TGGGTGCGTAGATTAG-1	NK	10
TGGGTGCGTTCCCAAA-1	T	2
TGGGTGCGTTCCGGCA-1	T	16
TGGGTGCGTTCTGATG-1	T	8
TGGGTGCGTTTAAGCC-1	T	15
TGGGTGCTCAGTTGAC-1	T	6
TGGGTTAAGATGCGCA-1	T	18
TGGGTTAAGCGATACG-1	NK	11
TGGGTTACAGATTTGC-1	T	2
TGGGTTAGTAAAGGCC-1	T	5
TGGGTTAGTGAGTTGG-1	T	2
TGGGTTATCGAACCGC-1	T	1
TGGGTTATCGGTTAGT-1	T	5
TGGGTTATCGTTTGAG-1	NK	11
TGGTCAAAGGCGATTG-1	T	18
TGGTCAACAAGGCTTT-1	NK	10
TGGTCAACAGATAAGT-1	NK	10
TGGTCAACAGGTGTCC-1	T	2
TGGTCAAGTACGAGAC-1	T	5
TGGTCAAGTCCTTATT-1	T	16
TGGTCAAGTGTCCAGC-1	T	6
TGGTCAAGTTCACGTA-1	NK	9
TGGTCAATCAAGGCCC-1	T	5
TGGTCCTAGAGGAATG-1	T	16
TGGTCCTAGCCTATAC-1	NK	19
TGGTCCTAGTGCAACG-1	B	7
TGGTCCTCAGCGCGTT-1	Epithelial	14
TGGTCCTCATTTGGTG-1	T	15
TGGTCCTGTCACAGGA-1	NK	11
TGGTCCTGTGTCCTTC-1	T	3
TGGTCCTGTTACACTG-1	T	8
TGTAAGCAGCCGCTGT-1	B	7
TGTAAGCCACACACAT-1	NK	0
TGTAAGCCACTCGGAC-1	T	18
TGTAAGCCAGTATACC-1	NK	0
TGTAAGCGTAATGTGA-1	T	2
TGTAAGCGTAGTACAA-1	T	2
TGTAAGCGTCCGTAGC-1	T	18
TGTAAGCTCTAAACGC-1	T	8
TGTAAGCTCTTAACGG-1	NK	0
TGTAAGCTCTTAATCC-1	T	15
TGTACAGAGAGAATTC-1	T	18
TGTACAGGTACGACCC-1	NK	19
TGTACAGGTGTTAGAA-1	T	18
TGTACAGTCGATGCAT-1	T	15
TGTACAGTCTACATCT-1	T	1
TGTACGAAGAATACTG-1	T	18
TGTACGAAGATATGAC-1	T	1
TGTACGAAGCCATTCA-1	T	17
TGTACGAAGGTTTCTG-1	B	7
TGTACGACAAGTCCTA-1	B	7
TGTACGACACAGAAGC-1	NK	4
TGTACGACATTGCCTC-1	T	1
TGTACGAGTATGCTAC-1	NK	11
TGTACGATCGATGTAC-1	Epithelial	14
TGTAGCAAGGTTAGTA-1	T	6
TGTAGCAAGTCTAGAA-1	T	16
TGTAGCACAATGTGCT-1	Epithelial	14
TGTAGCACACCTGTGG-1	T	17
TGTAGCAGTCAACAGG-1	NK	10
TGTAGCAGTCGATTAC-1	T	2
TGTAGCAGTGCGTAGA-1	NK	4
TGTAGCATCCGCGATG-1	NK	0
TGTAGCATCTGGCTAA-1	T	8
TGTGACAAGCTGCCAC-1	NK	4
TGTGACAAGTACGCGA-1	NK	10
TGTGACACAGTTGCAT-1	T	5
TGTGACACATCGGCCA-1	T	2
TGTGACAGTAACCATC-1	T	2
TGTGACAGTACGTATC-1	NK	9
TGTGACAGTAGAAGCC-1	NK	10
TGTGACAGTAGACGCA-1	NK	0
TGTGACAGTCATTGGT-1	T	13
TGTGACAGTTCTGAAC-1	NK	0
TGTGACATCCAAGAGG-1	T	6
TGTGACATCCGCTCTA-1	T	17
TGTGGCGAGACGCCAA-1	NK	0
TGTGGCGAGCTGAAAT-1	T	12
TGTGGCGAGGAGTCTG-1	T	5
TGTGGCGCATTAGCAC-1	NK	9
TGTGGCGGTTTCACCC-1	T	16
TGTGGCGGTTTCGACA-1	NK	19
TGTGGCGTCCCAATAG-1	NK	4
TGTGGCGTCTCTTCCT-1	T	1
TGTGGCGTCTGTCGTC-1	T	3
TGTGTCCCAAGTCTGT-1	T	18
TGTGTCCCATAAAGTG-1	T	18
TGTGTCCGTACGAGAC-1	T	15
TGTGTCCGTCAACAGG-1	NK	0
TGTGTCCGTCACTCTC-1	NK	19
TGTGTCCTCATGCTTT-1	T	1
TGTGTCCTCCGGGCAT-1	NK	9
TGTGTCCTCGCCCTTA-1	NK	19
TGTGTCCTCTTGTCAT-1	NK	19
TGTTAGGAGAGGAATG-1	NK	0
TGTTAGGAGGATCCTT-1	NK	9
TGTTAGGAGGCAAGCT-1	NK	11
TGTTAGGAGGCAGTAC-1	NK	0
TGTTAGGAGTGGGACT-1	B	7
TGTTAGGCAACTCAAC-1	NK	19
TGTTAGGCAAGCGGTA-1	T	5
TGTTAGGCACTGATTG-1	NK	10
TGTTAGGGTGCGTTTA-1	Epithelial	14
TGTTAGGGTTTAGGAA-1	T	18
TGTTAGGTCACTACCC-1	T	15
TGTTAGGTCCCAGTAA-1	T	12
TTAACGGAGGCAATTA-1	B	7
TTAACGGCAACCTCCT-1	T	12
TTAACGGCAACTCAAC-1	T	2
TTAACGGCAAGATTAG-1	NK	10
TTAACGGCACGCTCAG-1	T	5
TTAACGGCACTCCTCA-1	NK	11
TTAACGGCAGGCATCC-1	T	16
TTAACGGCATCCGTAA-1	T	1
TTAACGGCATGATTGC-1	B	7
TTAACGGGTGTCGTCG-1	NK	11
TTAACGGGTGTGACCC-1	B	7
TTAACGGTCCAACAAC-1	T	5
TTAACGGTCGTCTAGA-1	T	1
TTACCCGAGGAAGACA-1	NK	10
TTACCCGAGGTCGTTT-1	T	2
TTACCCGAGGTTCGAG-1	T	2
TTACCCGAGTATCTGC-1	T	18
TTACCCGAGTTGCGCC-1	NK	11
TTACCCGCAGGTAGCA-1	NK	11
TTACCCGGTACGGATG-1	T	1
TTACCCGGTGTGCTTA-1	NK	9
TTACCGCAGAACTAAC-1	T	18
TTACCGCAGAGAACCC-1	NK	10
TTACCGCCAGCGTCGT-1	B	7
TTACCGCCAGTAAGAT-1	T	2
TTACCGCCATCCATAG-1	T	6
TTACCGCGTATATGGA-1	B	7
TTACCGCGTGCTGGCT-1	T	1
TTACCGCTCCGGCTGA-1	T	17
TTACGGAAGCTATCGT-1	NK	11
TTACGGAAGGTTACAA-1	T	8
TTACGGAAGTTCTCCC-1	NK	11
TTACGGACAAACTACC-1	NK	9
TTACGGACAAAGCTGG-1	NK	9
TTACGGACATTGAACC-1	Epithelial	14
TTACGGAGTATCGCGC-1	B	7
TTACGGAGTTCAGTAC-1	T	12
TTACGGAGTTCATTTC-1	NK	4
TTACGGAGTTCGGGAA-1	T	6
TTACGTTAGTTGCCGC-1	NK	19
TTACGTTCAGGTAACG-1	T	1
TTACGTTCATTTGTTC-1	B	7
TTACGTTGTATCCCTC-1	B	7
TTACGTTGTTAACCGT-1	T	15
TTACGTTGTTCTTATC-1	NK	4
TTACGTTTCACTGGTA-1	NK	4
TTACGTTTCCAACAAC-1	T	3
TTACTCAAGATCTCAC-1	T	8
TTACTCAAGCCTCGCA-1	T	17
TTACTCAAGGAAACTT-1	NK	0
TTACTCAAGTCTGTGT-1	T	6
TTACTCACAAACGTTC-1	B	7
TTACTCACAGCCACGT-1	NK	0
TTACTCACAGTCAGAG-1	NK	10
TTACTCAGTTCCAGTA-1	T	17
TTACTTGAGTGAAACT-1	T	3
TTACTTGGTAAGTCTC-1	NK	19
TTACTTGGTAGCGGTA-1	T	13
TTAGCGAAGAAATACC-1	NK	4
TTAGCGAAGATGCGAC-1	T	17
TTAGCGAAGCTCGGCT-1	B	7
TTAGCGAAGTAGTTCC-1	NK	19
TTAGCGAAGTATCTGC-1	NK	9
TTAGCGAAGTCTGGGA-1	T	16
TTAGCGAGTAATGCAA-1	B	7
TTAGCGAGTATCTAGC-1	Epithelial	14
TTAGCGAGTCCAAGAG-1	NK	11
TTAGCGAGTGTGAGGT-1	NK	0
TTAGCGAGTTGCAGCC-1	T	12
TTAGCGATCCGGACTG-1	NK	0
TTAGCGATCCTGACCT-1	NK	0
TTAGCGATCGCAACTA-1	T	16
TTAGCGATCTGTGTCC-1	B	7
TTAGCTTAGGGTCCCT-1	T	12
TTAGCTTAGGTAAGTT-1	NK	9
TTAGCTTCAAAGCTTC-1	T	1
TTAGCTTCACTCAGCG-1	T	17
TTAGCTTCAGCCACGT-1	T	15
TTAGCTTGTTTGATCG-1	Epithelial	14
TTAGCTTGTTTGCGAT-1	T	17
TTAGCTTTCTGAGTAC-1	NK	4
TTAGGTGAGACCAATA-1	NK	4
TTAGGTGCAAGATTAG-1	T	8
TTAGGTGGTAGCGTTT-1	T	18
TTAGGTGGTTCCTATT-1	T	5
TTAGGTGTCAATGCAC-1	B	7
TTAGGTGTCCCTACCA-1	T	17
TTAGGTGTCTTCATAC-1	T	3
TTATGTCAGACACTTC-1	T	8
TTATGTCAGAGCACTG-1	NK	10
TTATGTCAGATGCGAC-1	T	6
TTATGTCAGGCTCAGA-1	B	7
TTATGTCAGGGTATCG-1	NK	11
TTATGTCAGTAGTCGG-1	T	8
TTATGTCCAATTGCCA-1	NK	9
TTATGTCCAGTAACTC-1	T	6
TTATGTCCATGCGACC-1	NK	9
TTATGTCTCTTGTACT-1	T	1
TTCAACTAGGAACCGT-1	NK	9
TTCAACTGTACTTCAG-1	T	17
TTCAACTGTGCGCATC-1	T	15
TTCAACTTCGGGACAA-1	Epithelial	14
TTCATCAAGAGTTCGG-1	NK	19
TTCATCAAGTATAGTG-1	T	15
TTCATCAAGTTAGAGT-1	NK	0
TTCATCACAAGCCTTA-1	T	2
TTCATCACAATGATGA-1	T	5
TTCATCAGTCGTCGCA-1	T	1
TTCATCAGTCTAACCA-1	NK	0
TTCATCAGTCTGTTGA-1	T	18
TTCATCAGTGGCCTCA-1	NK	4
TTCATCATCCAGGTAT-1	T	8
TTCATCATCTCGACAA-1	NK	19
TTCATCATCTGTGTCC-1	T	17
TTCATTGCAACTCAAC-1	NK	10
TTCATTGCACATGATC-1	NK	11
TTCATTGCACTCCACT-1	T	8
TTCATTGGTAAACCCT-1	NK	0
TTCATTGGTACAAATG-1	T	12
TTCATTGGTAGTATCC-1	T	16
TTCATTGGTGAGCTAG-1	T	17
TTCATTGGTTACTTTC-1	NK	0
TTCATTGTCAGCCGAC-1	T	3
TTCATTGTCCGCGATG-1	T	18
TTCATTGTCCGGCGAT-1	T	16
TTCATTGTCCTGACCT-1	T	1
TTCATTGTCTTACCTA-1	NK	10
TTCATTGTCTTACTCA-1	NK	4
TTCGATTAGGTCTTTG-1	NK	9
TTCGATTCACATTCTT-1	T	18
TTCGATTGTAGAATAC-1	NK	11
TTCGATTGTAGTACAA-1	T	18
TTCGATTGTATCCCTC-1	T	2
TTCGATTGTGATAACA-1	T	5
TTCGATTGTTCCATCC-1	T	16
TTCGATTTCGGGACAA-1	T	15
TTCGATTTCGTCTAGA-1	T	5
TTCGATTTCTATCCTA-1	T	3
TTCGCGTAGACACAAT-1	B	7
TTCGCGTAGCTAACAA-1	NK	0
TTCGCGTCAACAAACA-1	T	17
TTCGCGTCAGGATAGC-1	NK	0
TTCGCGTCATGTCCCT-1	T	17
TTCGCGTGTTTGGATC-1	NK	10
TTCGCGTTCCGTACGG-1	NK	10
TTCGCGTTCCTCCTGA-1	Epithelial	14
TTCGGTCAGTCATACC-1	NK	11
TTCGGTCAGTGCACAG-1	T	2
TTCGGTCCAAGCCAGA-1	B	7
TTCGGTCCAAGCTTTG-1	NK	11
TTCGGTCCACAAACAA-1	NK	19
TTCGGTCCACATCATG-1	B	7
TTCGGTCCACTGTTAG-1	T	15
TTCGGTCCATAGATAG-1	T	16
TTCGGTCCATCACAAC-1	Epithelial	14
TTCGGTCGTATGGTTC-1	T	2
TTCGGTCGTGTCGTGC-1	T	6
TTCGGTCGTTATAGAG-1	Epithelial	14
TTCGGTCGTTGTATCG-1	T	5
TTCGGTCTCCCATAGA-1	T	6
TTCGGTCTCCGGAAAG-1	T	3
TTCGGTCTCTCTATCA-1	T	12
TTCGGTCTCTTGCGCT-1	T	2
TTCGTTAAGGTGTCGA-1	T	1
TTCGTTAAGTCGTGAG-1	B	7
TTCGTTAAGTGAGCAC-1	T	15
TTCGTTACAACGAGGT-1	NK	0
TTCGTTACAACGCAAG-1	NK	11
TTCGTTACACAGAAGC-1	NK	4
TTCGTTACAGGTTATC-1	B	7
TTCGTTACAGTAACGG-1	NK	4
TTCGTTAGTATGTTCG-1	NK	0
TTCGTTAGTGTACGCC-1	NK	10
TTCGTTATCCTTACGC-1	T	17
TTCGTTATCGTGGTAT-1	T	6
TTCGTTATCTACTTTG-1	NK	11
TTCGTTATCTCTGCAC-1	T	16
TTCTAACAGAACTCCT-1	NK	19
TTCTAACAGGCAATTA-1	NK	11
TTCTAACAGTCGATAA-1	T	5
TTCTAACCAAACAGTA-1	NK	4
TTCTAACGTCAAACAA-1	T	2
TTCTAACGTCGAGGAT-1	T	2
TTCTAACTCGCCTTAC-1	T	15
TTCTAACTCTGGTACA-1	NK	0
TTCTGTAAGAATACTG-1	NK	0
TTCTGTAAGAGAGGTA-1	NK	0
TTCTGTACACATTCTT-1	T	8
TTGACGACATTTGGTG-1	T	15
TTGACGAGTACAAATG-1	NK	10
TTGACGAGTCTGAGCC-1	T	13
TTGACGAGTGCGCTCA-1	NK	10
TTGACGAGTGGTACTT-1	Epithelial	14
TTGACGAGTGTCCCAG-1	T	5
TTGACGATCAATTCCT-1	NK	10
TTGACGATCAGCACGC-1	NK	11
TTGACGATCGAGAACG-1	NK	0
TTGACGATCGCAGATT-1	B	7
TTGACGATCTTACTCA-1	T	2
TTGAGCAAGAGAGTTT-1	B	7
TTGAGCAAGCCCATTA-1	T	18
TTGAGCAAGCTACGTT-1	NK	11
TTGAGCAAGGTAAGCC-1	NK	19
TTGAGCAAGTTCAGGG-1	NK	10
TTGAGCACAACGTAGG-1	NK	4
TTGAGCACAAGGAAGA-1	T	12
TTGAGCAGTGGACGAT-1	NK	4
TTGAGCAGTTAGGAGC-1	B	7
TTGAGCATCAGTACAC-1	B	7
TTGAGCATCTTACCTA-1	T	2
TTGAGTGCAATACTGC-1	T	8
TTGAGTGCACGCTGTG-1	NK	10
TTGAGTGGTATTCTCT-1	T	3
TTGAGTGTCTGCGTCT-1	T	1
TTGCACCAGTCAGGAC-1	NK	19
TTGCACCAGTTGGAAT-1	NK	9
TTGCACCCAAACCGAG-1	T	3
TTGCACCCAACTAGAA-1	T	16
TTGCACCCAACTCAAC-1	NK	0
TTGCACCGTACCCATA-1	T	12
TTGCACCGTTTGTGAC-1	NK	19
TTGCACCTCGTGCTTC-1	T	13
TTGCACCTCTCGGCGA-1	T	1
TTGCAGAAGGATCCTT-1	T	16
TTGCAGACAAACCTAC-1	T	1
TTGCAGACAAGCGACA-1	T	1
TTGCAGACAAGTCTCA-1	T	17
TTGCAGACACCGTCTT-1	T	5
TTGCAGAGTCAATCCA-1	T	18
TTGCAGAGTCGCTAGC-1	NK	11
TTGCAGAGTCTGGTCG-1	NK	4
TTGCAGAGTGAGCTAG-1	T	18
TTGCAGAGTGGTAGAC-1	T	3
TTGCAGATCGTGCTTC-1	T	17
TTGCCCAAGAGAGTAG-1	NK	4
TTGCCCACACAGCCAC-1	T	1
TTGCCCACAGGAGCAT-1	T	2
TTGCCCACATTTCACT-1	NK	4
TTGCCCAGTAGCCATT-1	T	16
TTGCCCAGTCAATACC-1	T	3
TTGCCCAGTCTGGATT-1	T	2
TTGCCCATCACTACCC-1	T	2
TTGCCCATCCGCCTAT-1	T	17
TTGCCCATCCTGACCT-1	T	13
TTGCCCATCTTAACGG-1	NK	4
TTGCGAAAGAACTCCT-1	NK	10
TTGCGAAAGCAAGGTC-1	T	18
TTGCGAAAGTAATCAG-1	T	3
TTGCGAATCAAGAGGC-1	T	15
TTGCGAATCACCGCGA-1	Epithelial	14
TTGCGAATCCTCCAGT-1	T	12
TTGCGAATCGTATAGC-1	T	6
TTGCGAATCGTGCTGG-1	T	2
TTGCGAATCTCTGCAC-1	NK	19
TTGCGGGAGACCTATC-1	T	2
TTGCGGGAGATGTTCC-1	T	8
TTGCGGGAGCCCATTA-1	NK	9
TTGCGGGCACAAGTGG-1	T	18
TTGCGGGCAGGACCTC-1	Epithelial	14
TTGCGGGCAGTAGTTC-1	NK	19
TTGCGGGGTATGAAGT-1	T	8
TTGCGGGGTTTCTCTA-1	NK	19
TTGCTATAGTCCAGAG-1	T	3
TTGCTATAGTTGCCGC-1	T	5
TTGCTATCAGACTAAA-1	T	18
TTGCTATCAGCTATAC-1	T	15
TTGCTATCAGGTGTCC-1	NK	4
TTGCTATCATCACAGT-1	T	1
TTGCTATGTGCTTTGA-1	NK	9
TTGCTATGTTAGTAGA-1	NK	9
TTGCTATGTTTCTTAC-1	T	18
TTGCTATTCCGTCAAA-1	T	8
TTGCTTAAGAAATTCG-1	T	17
TTGCTTAAGAAGCCTG-1	T	3
TTGCTTAAGGTAGGAA-1	NK	4
TTGCTTAAGTTGGAAT-1	NK	4
TTGCTTACACCGAATT-1	NK	10
TTGCTTACATTAAGGA-1	T	1
TTGCTTACATTACCTT-1	NK	10
TTGCTTAGTAACATAG-1	B	7
TTGCTTAGTACCCACG-1	Epithelial	14
TTGCTTAGTCAGAGTG-1	T	15
TTGCTTAGTCTAACCA-1	NK	19
TTGCTTAGTGAGCTAG-1	T	16
TTGCTTATCATGAACC-1	T	18
TTGCTTATCTATCTCA-1	T	16
TTGGTCCCACCGTCTT-1	Epithelial	14
TTGGTCCCAGCGTCGT-1	T	8
TTGGTCCCAGTCCTGG-1	T	12
TTGGTCCCATTACTCT-1	NK	11
TTGGTCCGTGAGTTGG-1	NK	19
TTGGTCCTCTCGCGGA-1	NK	11
TTGGTCCTCTTAGTGG-1	NK	19
TTGTCTACAACTCCCT-1	NK	11
TTGTCTAGTATTCTGG-1	NK	11
TTGTCTAGTCCACCAG-1	T	18
TTGTCTATCCCTACGT-1	T	3
TTGTCTATCGTCGCAG-1	T	3
TTGTCTATCGTGGCGT-1	T	13
TTGTTCAAGTAACTCC-1	T	17
TTGTTCACAGAACTTC-1	Epithelial	14
TTGTTCACAGGTGGTA-1	NK	9
TTGTTCACAGTAACTC-1	T	13
TTGTTCACATTGTTCT-1	T	15
TTGTTCAGTATGTCCA-1	NK	0
TTGTTCAGTTATAGAG-1	T	3
TTGTTCATCCTGTGGG-1	T	12
TTGTTCATCTGAAAGA-1	NK	19
TTGTTGTAGTGCTAGG-1	T	5
TTGTTGTGTCTGGTTA-1	NK	9
TTGTTGTGTTACGAAA-1	NK	0
TTGTTGTTCCATATCT-1	NK	10
TTGTTGTTCCTCCATG-1	T	1
TTTACGTAGTACGACG-1	T	16
TTTACGTAGTGTCGGA-1	NK	11
TTTACGTCACCCATCT-1	T	16
TTTACGTGTCAGAGTG-1	NK	9
TTTACGTGTCAGCTTA-1	NK	10
TTTGAGGCACTAGGAG-1	NK	11
TTTGAGGCAGCGTAGA-1	NK	4
TTTGAGGCATAGCAGG-1	T	12
TTTGAGGGTAGACGCA-1	NK	9
TTTGAGGGTCTGCACG-1	NK	9
TTTGAGGGTGGACTGA-1	NK	10
TTTGAGGGTGGCCTCA-1	T	16
TTTGCGCAGAGCCACA-1	NK	10
TTTGCGCAGAGGTGGG-1	NK	4
TTTGCGCAGGCACCTC-1	B	7
TTTGCGCAGTCATACC-1	T	15
TTTGCGCAGTCGTACT-1	NK	10
TTTGCGCCAATTAGGA-1	T	3
TTTGCGCCAGCAACCC-1	T	16
TTTGCGCGTAGCATGG-1	T	5
TTTGCGCTCAGGCGCT-1	NK	11
TTTGCGCTCGGTCCGA-1	T	5
TTTGGCCAGCCATGGA-1	T	6
TTTGGCCCAAACAGTA-1	NK	4
TTTGGCCCAAGCACTT-1	T	16
TTTGGCCCAAGGAGTC-1	T	13
TTTGGCCCAATGACTC-1	T	1
TTTGGCCCATACAACC-1	NK	0
TTTGGCCGTATTCGAC-1	NK	4
TTTGGCCGTCTGTCCT-1	NK	9
TTTGGCCTCATCGCCT-1	T	1
TTTGGCCTCATTCTCA-1	B	7
TTTGGTTAGGCGTAGT-1	T	1
TTTGGTTAGGTCACTT-1	NK	4
TTTGGTTAGTCCAGAG-1	T	2
TTTGGTTCACAGAAGC-1	NK	11
TTTGGTTCAGTATACC-1	T	17
TTTGGTTCAGTTACAC-1	B	7
TTTGGTTTCTCCCTTT-1	T	13
TTTGGTTTCTCTTAAC-1	T	18
TTTGGTTTCTGATCCC-1	NK	19
TTTGTGTAGGTACATA-1	T	1
TTTGTGTAGGTCGTTT-1	T	1
TTTGTGTAGTTCTCCC-1	T	3
TTTGTGTCATGATCGT-1	B	7
TTTGTGTGTGCGTCCA-1	NK	4
TTTGTGTGTTCCGGCA-1	NK	4
TTTGTGTGTTTAGAAG-1	NK	4
TTTGTGTGTTTGAAGA-1	T	5
TTTGTGTTCGGTTAGT-1	B	7
