AAACGAAAGACTAATG-1	B	16
AAACGAAAGAGCTCCC-1	B	1
AAACGAAAGGTAAGCC-1	T	18
AAACGAAAGTCCGATT-1	Myeloid	10
AAACGAACAACGCAAG-1	T	0
AAACGAACACAACGGA-1	Epithelial	4
AAACGAACACGCGATC-1	T	19
AAACGAACACTACACA-1	B	16
AAACGAACAGATTAAG-1	T	18
AAACGAACAGGACTGA-1	NK	13
AAACGAACATGCGTTA-1	T	12
AAACGAACATTGATGC-1	T	19
AAACGAAGTAAGGTCG-1	T	18
AAACGAAGTGAGCTAG-1	T	0
AAACGAAGTGGACCAA-1	T	5
AAACGAAGTGGTAGAC-1	T	5
AAACGAATCAATTGGC-1	NK	17
AAACGAATCCAGGCCA-1	NK	13
AAACGAATCTGAGTCA-1	T	15
AAACGAATCTGATCTT-1	NK	13
AAACGAATCTGGCACG-1	T	18
AAACGAATCTGTTGCC-1	NK	3
AAACTCGAGAGCTCCC-1	NK	3
AAACTCGAGCAATAAC-1	T	14
AAACTCGAGCGTTGCC-1	T	19
AAACTCGAGGATTAAC-1	T	12
AAACTCGAGGTCTTTG-1	T	2
AAACTCGAGGTTCGTT-1	T	0
AAACTCGAGTGAGCTG-1	Stromal	9
AAACTCGCAAAGACGC-1	T	2
AAACTCGCACAATAAG-1	B	16
AAACTCGCATGCCCTT-1	NK	3
AAACTCGCATGGGAAC-1	B	1
AAACTCGGTCAATACC-1	Epithelial	4
AAACTCGGTTAGGAAT-1	NK	8
AAACTCGGTTGGTAAA-1	T	5
AAACTCGGTTTAAGCC-1	NK	6
AAACTCGGTTTGTCTT-1	T	18
AAACTCGTCAGGAATA-1	T	0
AAACTCGTCCAAACCA-1	T	15
AAACTCGTCCCACTAC-1	B	16
AAACTCGTCCGAGAGA-1	T	19
AAACTCGTCCGGACTG-1	T	15
AAACTCGTCCGTTTCG-1	NK	17
AAACTCGTCCTCCATG-1	T	19
AAACTCGTCGATATGC-1	B	1
AAACTCGTCGATCGCG-1	NK	6
AAACTCGTCGGTGATT-1	Stromal	9
AAACTGCAGACTTCCA-1	NK	17
AAACTGCAGATACCAA-1	T	12
AAACTGCAGCAGGAGG-1	T	0
AAACTGCCAAAGGAAG-1	NK	17
AAACTGCCAACGTAGG-1	B	16
AAACTGCCAATGTGCT-1	T	19
AAACTGCCACATCATG-1	T	7
AAACTGCCAGCGTCGT-1	T	2
AAACTGCCATATAGAG-1	T	12
AAACTGCGTACGCAAG-1	T	19
AAACTGCGTACTATGC-1	T	12
AAACTGCGTAGGGTTG-1	Myeloid	10
AAACTGCGTAGGTAAT-1	NK	17
AAACTGCGTATCCTTT-1	NK	3
AAACTGCGTGTTGTTG-1	T	0
AAACTGCGTTCCCGGA-1	T	7
AAACTGCTCAAACCCA-1	T	2
AAACTGCTCACTGATG-1	B	1
AAACTGCTCAGGTCTA-1	NK	17
AAACTGCTCGCGATGC-1	Stromal	9
AAACTGCTCGCGTTCT-1	T	5
AAACTGCTCGGTCTAA-1	Epithelial	4
AAACTGCTCTGGACAT-1	NK	17
AAAGATGAGAATACTG-1	NK	3
AAAGATGAGAGCGAAA-1	T	18
AAAGATGAGCAGAGCT-1	T	19
AAAGATGAGCGCATTT-1	T	11
AAAGATGAGCTATCCA-1	T	7
AAAGATGAGGACCGAT-1	T	7
AAAGATGAGGATTGAT-1	B	1
AAAGATGAGGGAAATG-1	Epithelial	4
AAAGATGAGTATGGGC-1	NK	3
AAAGATGCACTGATAC-1	T	7
AAAGATGCAGAGCCAA-1	T	0
AAAGATGCATTCCCGT-1	T	14
AAAGATGCATTTGGCA-1	T	19
AAAGATGGTAACGGAC-1	NK	8
AAAGATGGTAAGGTCG-1	T	18
AAAGATGGTAGAAGCC-1	B	1
AAAGATGGTCAGCTTA-1	NK	13
AAAGATGGTGCATTGT-1	B	1
AAAGATGGTGCTGGCT-1	T	2
AAAGATGGTTGAAGCG-1	T	2
AAAGATGGTTTCCTAT-1	Stromal	9
AAAGATGTCAACTTGG-1	T	7
AAAGATGTCAGGTCTA-1	B	1
AAAGATGTCAGTCAAC-1	Stromal	9
AAAGATGTCCCGATTC-1	NK	17
AAAGATGTCCTATCCG-1	T	5
AAAGATGTCGTCCCAT-1	T	2
AAAGATGTCGTTCTAT-1	B	1
AAAGATGTCTATGAGC-1	B	16
AAAGATGTCTCCCTTT-1	NK	17
AAAGGATAGAAATGGG-1	B	16
AAAGGATAGAATCAAC-1	NK	17
AAAGGATAGACACAAT-1	B	16
AAAGGATAGATGTTCC-1	T	5
AAAGGATAGCTATCGT-1	Myeloid	10
AAAGGATAGGGAAGCG-1	B	1
AAAGGATAGTGTCGCC-1	T	0
AAAGGATCAACTGCGC-1	T	5
AAAGGATCAAGGCTTT-1	NK	8
AAAGGATCACATAAAG-1	NK	3
AAAGGATCACGACGAA-1	NK	17
AAAGGATCACGCTGTG-1	T	18
AAAGGATCACTCGGAC-1	NK	17
AAAGGATCACTGGGCT-1	B	1
AAAGGATCAGCAATGG-1	T	15
AAAGGATCAGTTGCAT-1	B	16
AAAGGATGTAACCCAT-1	NK	3
AAAGGATGTCAGAGTG-1	T	2
AAAGGATGTGTGAGGT-1	Myeloid	10
AAAGGATGTTACGGAG-1	Stromal	9
AAAGGATGTTCAGAAA-1	T	18
AAAGGATTCAGGATCT-1	Stromal	9
AAAGGATTCGCAAACT-1	B	16
AAAGGATTCGCACAAT-1	NK	3
AAAGGATTCGGTAGGA-1	B	16
AAAGGATTCTAAACGC-1	T	19
AAAGGATTCTGAGTCA-1	B	16
AAAGGATTCTTAATCC-1	NK	17
AAAGGGCAGACCAATA-1	T	15
AAAGGGCAGAGCCTGA-1	Epithelial	4
AAAGGGCAGGCTAAAT-1	T	15
AAAGGGCAGGCTTTAC-1	B	16
AAAGGGCAGTAATGTG-1	NK	13
AAAGGGCAGTTGTCCA-1	NK	8
AAAGGGCCAAAGGAAG-1	T	7
AAAGGGCCAACGTCCG-1	T	18
AAAGGGCCAACTCAAC-1	T	12
AAAGGGCCACAATAAG-1	Myeloid	10
AAAGGGCCAGGTGGTA-1	B	16
AAAGGGCCAGGTGTCC-1	T	0
AAAGGGCCATCACAAC-1	T	0
AAAGGGCCATCTGCAA-1	NK	17
AAAGGGCGTACAACGG-1	T	2
AAAGGGCGTAGTACAA-1	B	1
AAAGGGCGTGATGCGA-1	B	1
AAAGGGCGTTAGGAGC-1	NK	17
AAAGGGCGTTTGACCA-1	T	19
AAAGGGCTCCCGTATC-1	T	19
AAAGGGCTCCGCTCTA-1	NK	17
AAAGGGCTCCTAAAGC-1	B	16
AAATGAGAGAAATACC-1	NK	8
AAATGAGAGGTTCGTT-1	Epithelial	4
AAATGAGAGGTTGTGG-1	NK	3
AAATGAGAGTCGCCTG-1	T	2
AAATGAGAGTGAGTGC-1	T	11
AAATGAGCAAGATTAG-1	T	12
AAATGAGCAAGTAATG-1	T	2
AAATGAGCACTGGGCT-1	Epithelial	4
AAATGAGCACTGTTAG-1	NK	13
AAATGAGCAGGCAAGT-1	NK	17
AAATGAGCATCGACCG-1	Myeloid	10
AAATGAGCATGGCCTG-1	NK	8
AAATGAGGTAAACGGC-1	T	2
AAATGAGGTACGCCCA-1	Stromal	9
AAATGAGGTATCTGCA-1	T	18
AAATGAGGTATTCTCT-1	T	2
AAATGAGGTCCCTAAA-1	NK	8
AAATGAGGTTCTGAGT-1	NK	6
AAATGAGGTTGGACGA-1	B	1
AAATGAGGTTGGTAAA-1	B	16
AAATGAGGTTTAGAAG-1	T	12
AAATGAGTCAGGTCTA-1	NK	6
AAATGAGTCTGCGTCT-1	B	16
AAATGCCAGCTATCCA-1	B	1
AAATGCCAGCTCCATA-1	T	5
AAATGCCAGGATTTGA-1	NK	17
AAATGCCAGTAGGTCG-1	B	1
AAATGCCAGTGAGCAC-1	Myeloid	10
AAATGCCCAAATGTCC-1	T	7
AAATGCCCACACTAGT-1	T	14
AAATGCCCACAGTTCA-1	T	18
AAATGCCCACGATTAC-1	B	16
AAATGCCGTATCGCGC-1	B	16
AAATGCCGTGAATCAA-1	T	15
AAATGCCGTGCGTAGA-1	NK	17
AAATGCCGTGTAGGAC-1	B	16
AAATGCCGTTGGCGAA-1	T	7
AAATGCCTCCCAGTAA-1	T	7
AAATGCCTCCTTGACC-1	T	5
AAATGCCTCGGTTAGT-1	NK	13
AACAAAGAGAACCATA-1	T	5
AACAAAGAGAATGCTA-1	T	14
AACAAAGAGGAGTAGA-1	T	2
AACAAAGAGGCTCCTG-1	T	14
AACAAAGAGGGCGAAG-1	NK	13
AACAAAGAGTGAGCTG-1	Myeloid	10
AACAAAGCAAGCAGGT-1	NK	3
AACAAAGCAAGCGACA-1	NK	6
AACAAAGCAAGGTCGA-1	B	1
AACAAAGCACCCTTAC-1	NK	3
AACAAAGCAGGATAGC-1	Myeloid	10
AACAAAGCAGGTAGCA-1	T	7
AACAAAGGTAACAATG-1	NK	17
AACAAAGGTGCACTTA-1	T	7
AACAAAGGTGTCGTCG-1	T	11
AACAAAGGTGTCTACA-1	T	18
AACAAAGGTTGGCTAT-1	T	11
AACAAAGTCCAACAAC-1	NK	17
AACAAAGTCCCACTTG-1	B	16
AACAAAGTCCGATTGA-1	Myeloid	10
AACAAAGTCCTATCCG-1	NK	8
AACAAAGTCGACTGGC-1	T	15
AACAAAGTCGGTCCGA-1	T	2
AACAAAGTCGGTCTCT-1	T	12
AACAAAGTCGTTACAG-1	Stromal	9
AACAAAGTCTGGGCGT-1	NK	17
AACAGTCAGAGCGGTT-1	T	15
AACAGTCAGAGCTGTG-1	T	2
AACAGTCAGGAGTACC-1	T	11
AACAGTCAGGCATGCA-1	Stromal	9
AACAGTCAGGCCTAAG-1	NK	3
AACAGTCAGGGCATTG-1	NK	17
AACAGTCAGTCTGTGT-1	B	1
AACAGTCAGTGCTGAG-1	T	15
AACAGTCCAACGCACC-1	B	16
AACAGTCCAACTACTG-1	T	0
AACAGTCCACAATAAG-1	T	11
AACAGTCCACGCGCAT-1	T	0
AACAGTCCACGCTCAG-1	T	2
AACAGTCCACTGCTTC-1	T	14
AACAGTCCATTACCTT-1	NK	17
AACAGTCCATTCACCC-1	T	2
AACAGTCCATTGCACA-1	T	7
AACAGTCCATTTCTTG-1	T	0
AACAGTCGTATTCTCT-1	NK	13
AACAGTCGTCAATCCA-1	NK	8
AACAGTCGTCGTAGTT-1	T	18
AACAGTCGTGAATCAA-1	T	19
AACAGTCTCAGCACGC-1	B	16
AACAGTCTCATGTTCT-1	B	16
AACAGTCTCCCACTAC-1	T	11
AACAGTCTCCTCCATG-1	NK	3
AACAGTCTCCTCCTGA-1	NK	13
AACAGTCTCTATTTCG-1	T	11
AACAGTCTCTGGCACG-1	B	16
AACAGTCTCTGGCCAG-1	Myeloid	10
AACATCGAGAACTAAC-1	T	5
AACATCGAGAATACTG-1	Myeloid	10
AACATCGAGAATCAGT-1	Stromal	9
AACATCGAGACAGTGC-1	T	2
AACATCGAGATTAGAC-1	T	2
AACATCGAGGCCTCTG-1	NK	17
AACATCGAGGTCGGTA-1	T	5
AACATCGAGTAGAAGG-1	Myeloid	10
AACATCGCAATCAGGG-1	B	1
AACATCGCACTGATAC-1	NK	8
AACATCGCAGACTAAA-1	NK	17
AACATCGCAGGTTATC-1	Epithelial	4
AACATCGCATGGCCTG-1	NK	6
AACATCGGTCAGGCTC-1	NK	17
AACATCGGTCTTAGCA-1	Myeloid	10
AACATCGTCAGCCGGT-1	Myeloid	10
AACATCGTCCTTACGC-1	NK	13
AACATCGTCGCGGCAT-1	T	18
AACATCGTCGGATAGG-1	T	5
AACATCGTCGGTCAGC-1	NK	8
AACATCGTCGTCAACA-1	NK	6
AACATCGTCGTCGCAG-1	T	15
AACATCGTCTGGCGCA-1	NK	3
AACATCGTCTGTGTGA-1	T	14
AACATCGTCTTCACTA-1	T	14
AACCAACAGAACAGGA-1	NK	3
AACCAACAGATTGACA-1	T	14
AACCAACAGTAACACA-1	T	5
AACCAACAGTATACGA-1	NK	13
AACCAACAGTCGAGCA-1	NK	6
AACCAACAGTTCGTTG-1	B	1
AACCAACCATCTCTCG-1	T	15
AACCAACGTAACATAG-1	T	15
AACCAACGTAATGCAA-1	T	15
AACCAACGTCATAGAA-1	T	7
AACCAACGTGGTGGTA-1	T	11
AACCAACTCCGCTCTA-1	NK	3
AACCAACTCTCTATTG-1	T	18
AACCGATAGAATACTG-1	NK	3
AACCGATAGACGACTG-1	T	0
AACCGATAGAGGTGGG-1	B	16
AACCGATAGATATGTG-1	B	1
AACCGATAGATGTTGA-1	T	14
AACCGATAGCAGGACT-1	T	11
AACCGATAGGGAGTTC-1	B	1
AACCGATCAAGACTTC-1	NK	6
AACCGATCAATCACTG-1	B	16
AACCGATCACAAACAA-1	Epithelial	4
AACCGATCACCGATCG-1	T	0
AACCGATCAGTTGGAG-1	Stromal	9
AACCGATGTAACACTC-1	T	19
AACCGATGTACGACCC-1	T	2
AACCGATGTACGGATG-1	T	11
AACCGATGTGACAAGC-1	NK	8
AACCGATGTGCCCAGT-1	T	14
AACCGATGTGCGTTTA-1	B	1
AACCGATGTTGGCTTA-1	B	16
AACCGATTCATTGCCC-1	NK	17
AACCGATTCCACGCTT-1	T	14
AACCGATTCCCACTAC-1	NK	17
AACCGATTCCTCCCAA-1	T	11
AACCGATTCGATGTGT-1	NK	8
AACCGATTCGCAACTA-1	B	16
AACCGATTCGCACCGA-1	T	19
AACCGATTCGCCTTAC-1	NK	6
AACCGATTCTCTGAGA-1	T	15
AACCTGAAGAGCACTG-1	NK	8
AACCTGAAGGCAGATC-1	B	16
AACCTGAAGGTGAACC-1	T	15
AACCTGAAGTAGCAAT-1	T	12
AACCTGAAGTATACCC-1	B	16
AACCTGACAACACGGA-1	NK	13
AACCTGACAGCTGATT-1	T	5
AACCTGAGTAAAGCTA-1	NK	3
AACCTGAGTACAACGG-1	NK	17
AACCTGAGTACGGAGT-1	NK	17
AACCTGAGTCACATTG-1	B	16
AACCTGAGTGATCAGG-1	Stromal	9
AACCTGAGTGCGCATC-1	T	0
AACCTGAGTTCAGTAC-1	T	12
AACCTGAGTTGGAGGT-1	NK	13
AACCTGAGTTTCCGGG-1	Myeloid	10
AACCTGATCGTCTAGA-1	B	1
AACCTGATCGTTCTAT-1	NK	8
AACCTGATCTCTTAAC-1	T	11
AACCTTTAGAATACTG-1	B	16
AACCTTTAGAGGAACA-1	T	19
AACCTTTAGCTACGCC-1	NK	6
AACCTTTAGTGATATG-1	NK	17
AACCTTTCAAAGAAGG-1	T	7
AACCTTTCAATGGCAG-1	Stromal	9
AACCTTTCAGAACAGC-1	T	0
AACCTTTCAGAGAGAA-1	Myeloid	10
AACCTTTCAGAGATGC-1	NK	8
AACCTTTCAGATAAGT-1	T	2
AACCTTTCAGCGTCGT-1	T	2
AACCTTTCATAGAATG-1	NK	3
AACCTTTCATAGACGG-1	Epithelial	4
AACCTTTCATTGCGAT-1	T	2
AACCTTTGTCACCCGA-1	T	5
AACCTTTGTCAGGCTC-1	T	5
AACCTTTGTGGCCTTG-1	Epithelial	4
AACCTTTGTTAACTCG-1	T	11
AACCTTTGTTTGCGAT-1	B	1
AACCTTTTCAAACCCA-1	B	16
AACCTTTTCCCGTATC-1	Myeloid	10
AACCTTTTCCGCGATG-1	B	16
AACCTTTTCGCTTACC-1	NK	3
AACGAGGAGAAGAGTG-1	T	7
AACGAGGAGACTCGGA-1	NK	17
AACGAGGAGTCATCTG-1	NK	17
AACGAGGAGTCGTACT-1	Stromal	9
AACGAGGCAAGCGTCC-1	T	0
AACGAGGCAATGCATC-1	T	15
AACGAGGCAGAGATGC-1	T	2
AACGAGGCAGCTTACA-1	T	12
AACGAGGCATGGGTGA-1	T	15
AACGAGGCATTCTTTG-1	NK	8
AACGAGGGTATCTCAG-1	NK	8
AACGAGGGTCGTAGTT-1	B	16
AACGAGGGTGCTGAAG-1	NK	3
AACGAGGGTGCTTGAT-1	Stromal	9
AACGAGGTCGCTGATA-1	NK	17
AACGAGGTCTACTGCC-1	Stromal	9
AACGAGGTCTCTGCAC-1	NK	17
AACGGGAAGCTCGTTA-1	Stromal	9
AACGGGAAGGATTGAT-1	B	16
AACGGGAAGGCCTCGT-1	T	5
AACGGGAAGGTAGGAA-1	T	18
AACGGGAAGGTCTTGT-1	NK	6
AACGGGAAGGTTCTCA-1	Stromal	9
AACGGGAAGTAGCAAT-1	NK	3
AACGGGACAATGACTC-1	Stromal	9
AACGGGACAATGTAAG-1	T	12
AACGGGACACAAGGGT-1	B	16
AACGGGACACCACGAC-1	NK	13
AACGGGACACCTACCT-1	NK	13
AACGGGACAGGACTGA-1	T	0
AACGGGACAGGGAGTT-1	Stromal	9
AACGGGACATTCTCGC-1	Myeloid	10
AACGGGAGTAACCATC-1	T	18
AACGGGAGTATGGGTG-1	NK	17
AACGGGAGTTAGCTCA-1	B	16
AACGGGATCAAGGCCC-1	NK	3
AACGGGATCCGCCTAT-1	NK	8
AACGGGATCGGTTGTA-1	T	0
AACGGGATCTGGCACG-1	Stromal	9
AACGGGATCTTAATCC-1	NK	3
AACGTACAGAAACGCC-1	T	2
AACGTACAGAGAACCC-1	NK	6
AACGTACAGATATGAC-1	T	12
AACGTACAGGAATGGA-1	T	2
AACGTACAGTCCAGAG-1	Epithelial	4
AACGTACAGTGCTGAG-1	B	1
AACGTACAGTTGAATG-1	Epithelial	4
AACGTACCAAGGCTTT-1	NK	17
AACGTACCACAGCTTA-1	T	2
AACGTACCACAGTTCA-1	B	16
AACGTACCAGAAAGAG-1	T	14
AACGTACCAGTCAGAG-1	T	12
AACGTACCAGTCAGCC-1	NK	13
AACGTACCATTACTTC-1	T	0
AACGTACCATTGCGAT-1	NK	13
AACGTACGTACGCCCA-1	T	11
AACGTACGTCATTGCA-1	B	1
AACGTACGTGCTTACA-1	T	18
AACGTACGTGGAAAGA-1	NK	3
AACGTACGTTACGAAA-1	Epithelial	4
AACGTACGTTGGAGGT-1	T	12
AACGTACTCAATCGTG-1	T	2
AACGTACTCGTGTGCG-1	B	1
AACGTACTCTTAATCC-1	Stromal	9
AACGTACTCTTACGGA-1	T	12
AACTGGTAGAGAACCC-1	NK	6
AACTGGTAGCTGGAGT-1	NK	8
AACTGGTCAACATAAG-1	NK	8
AACTGGTCACAAACAA-1	NK	8
AACTGGTCACCACCAG-1	NK	17
AACTGGTCACCCATCT-1	NK	17
AACTGGTCACCGTTGG-1	T	19
AACTGGTCAGACTAAA-1	B	16
AACTGGTCAGATTAAG-1	Epithelial	4
AACTGGTCAGGTGGTA-1	NK	17
AACTGGTGTAGCCATT-1	T	0
AACTGGTGTATCCCTC-1	T	14
AACTGGTGTATCTCAG-1	T	14
AACTGGTGTATCTGCA-1	NK	3
AACTGGTGTGAATACA-1	T	15
AACTGGTGTTAACCAC-1	T	15
AACTGGTGTTCTGATG-1	Stromal	9
AACTGGTGTTTGCGAT-1	T	14
AACTGGTTCAGGTTTG-1	T	2
AACTGGTTCCCGCAAG-1	T	0
AACTGGTTCCCTATTA-1	T	2
AACTGGTTCGTTCTAT-1	T	18
AACTGGTTCTCAGATG-1	B	1
AACTGGTTCTCATCCG-1	NK	13
AACTGGTTCTTCCGTG-1	NK	3
AACTGTGAGAAGCCTG-1	Stromal	9
AACTGTGAGAATCAGT-1	T	15
AACTGTGAGGGTGTTG-1	NK	17
AACTGTGAGTAACACA-1	T	12
AACTGTGAGTGGACGT-1	T	19
AACTGTGCAAGACTTC-1	NK	3
AACTGTGCAATGGCAG-1	T	15
AACTGTGCACCTGAAT-1	T	12
AACTGTGCAGGACCTC-1	NK	13
AACTGTGCAGTATACC-1	T	0
AACTGTGCATAGATAG-1	T	19
AACTGTGGTCCTATTT-1	T	18
AACTGTGGTGAGGTCA-1	T	18
AACTGTGGTGTCGTCG-1	T	0
AACTGTGGTTAGAGAT-1	T	15
AACTGTGGTTGCAGAG-1	B	16
AACTGTGGTTTGTACG-1	NK	6
AACTGTGTCGAGGTCC-1	T	5
AACTGTGTCGGAGTTT-1	NK	13
AACTGTGTCTGCTACC-1	NK	8
AACTTGGAGACACTTC-1	NK	8
AACTTGGAGAGAAGCA-1	T	7
AACTTGGAGGACCGAT-1	NK	17
AACTTGGAGGAGAACA-1	Epithelial	4
AACTTGGAGGCCTAAG-1	B	16
AACTTGGAGGCGTAGT-1	T	18
AACTTGGAGTAACTCC-1	NK	6
AACTTGGAGTGTCGCC-1	B	1
AACTTGGTCCACGCTT-1	NK	3
AACTTGGTCCTAGAGT-1	NK	8
AACTTGGTCGATGTAC-1	Myeloid	10
AACTTGGTCGCTTCAC-1	T	15
AACTTGGTCTACTTTG-1	NK	3
AACTTGGTCTCCACTG-1	NK	13
AAGATAGAGAGGAAGT-1	B	16
AAGATAGAGATACCAA-1	NK	13
AAGATAGAGGAAGAAC-1	T	19
AAGATAGAGGTTGACG-1	T	18
AAGATAGAGTCACACT-1	T	7
AAGATAGAGTTCCCGG-1	NK	3
AAGATAGCAAACCCTA-1	NK	3
AAGATAGCAACTCGTA-1	T	15
AAGATAGCACCAAGGA-1	T	5
AAGATAGCACCTGTGG-1	T	19
AAGATAGCAGTAGGCA-1	T	0
AAGATAGGTAATGTAG-1	NK	8
AAGATAGGTATCCCTC-1	T	12
AAGATAGGTATTCTCT-1	B	16
AAGATAGGTCAGAAGC-1	T	5
AAGATAGGTCCCGTGA-1	T	14
AAGATAGGTGCAACAG-1	NK	3
AAGATAGGTGCTTCCT-1	T	2
AAGATAGGTTGTCGGC-1	B	16
AAGATAGTCACGTGTA-1	NK	3
AAGATAGTCAGAGTGG-1	B	1
AAGATAGTCAGTGGTT-1	T	5
AAGATAGTCATCATGG-1	T	0
AAGATAGTCGGATCGC-1	Epithelial	4
AAGATAGTCGTCTTAT-1	T	7
AAGATAGTCTTAACGG-1	B	16
AAGGAGCAGAGGAATG-1	B	16
AAGGAGCAGATGGCAC-1	T	12
AAGGAGCAGCCATCAT-1	NK	17
AAGGAGCAGCTTACCA-1	NK	17
AAGGAGCAGGCAATTA-1	NK	8
AAGGAGCAGGCAGTAC-1	T	7
AAGGAGCAGTCACACT-1	T	14
AAGGAGCAGTCTCGAT-1	B	1
AAGGAGCAGTGATAAC-1	T	7
AAGGAGCAGTGTAATG-1	NK	8
AAGGAGCCAAAGGTCG-1	Epithelial	4
AAGGAGCCAAGACTTC-1	B	1
AAGGAGCCAATTGTGC-1	NK	3
AAGGAGCCACAAGGGT-1	Epithelial	4
AAGGAGCCACAATAAG-1	T	0
AAGGAGCCACAGGTAG-1	B	1
AAGGAGCCACATCATG-1	NK	17
AAGGAGCCACCACCAG-1	NK	8
AAGGAGCCACTAGCCG-1	B	1
AAGGAGCGTACGAGAC-1	T	5
AAGGAGCGTATACGCT-1	T	5
AAGGAGCGTCAACGGA-1	T	2
AAGGAGCGTCCAGACC-1	B	16
AAGGAGCGTCCCGTGA-1	T	12
AAGGAGCGTCCGTCGA-1	NK	3
AAGGAGCGTGAAACAT-1	NK	17
AAGGAGCGTGCGTAGA-1	NK	13
AAGGAGCGTGGTACTT-1	T	7
AAGGAGCGTGTTGGTT-1	T	0
AAGGAGCGTTGGAGGT-1	T	2
AAGGAGCTCACAAGCT-1	NK	3
AAGGAGCTCAGGGTTT-1	B	1
AAGGAGCTCATACTTC-1	Stromal	9
AAGGAGCTCCCAATAG-1	T	15
AAGGAGCTCGCGCTGA-1	Myeloid	10
AAGGAGCTCTACTTTG-1	T	19
AAGGAGCTCTATCTTG-1	B	16
AAGGTTCAGACTCTTG-1	T	7
AAGGTTCAGCATTCCA-1	NK	17
AAGGTTCAGTGATATG-1	T	2
AAGGTTCAGTGCTGAG-1	Stromal	9
AAGGTTCCACATTGCA-1	NK	8
AAGGTTCCACTAGCCG-1	NK	6
AAGGTTCCACTCCACT-1	T	5
AAGGTTCCATCCCAAA-1	NK	6
AAGGTTCGTAAGTCTC-1	T	14
AAGGTTCGTAGCTGTT-1	NK	17
AAGGTTCGTCATCGTA-1	T	5
AAGGTTCGTCTGAGCC-1	T	7
AAGGTTCGTGAATCAA-1	T	5
AAGGTTCGTGCACTTA-1	NK	3
AAGGTTCGTGCTAGTT-1	NK	6
AAGGTTCGTTCCAGTA-1	NK	3
AAGGTTCGTTCCCAAA-1	T	0
AAGGTTCGTTGCAGAG-1	T	15
AAGGTTCTCAGCACGC-1	B	1
AAGGTTCTCATGTTCT-1	T	5
AAGGTTCTCCCACTAC-1	NK	13
AAGGTTCTCCCTACGT-1	NK	8
AAGGTTCTCGACTGGC-1	B	16
AAGGTTCTCGCGCCAA-1	B	16
AAGGTTCTCGCTTGAA-1	NK	8
AAGGTTCTCGGATCGC-1	T	19
AAGGTTCTCTTCACTA-1	T	18
AATACGCAGAGGCGGA-1	NK	17
AATACGCAGATCTAAG-1	B	16
AATACGCAGCAACTGG-1	NK	13
AATACGCAGCCTATAC-1	NK	13
AATACGCAGCGCAATG-1	Myeloid	10
AATACGCAGGATTAAC-1	T	14
AATACGCAGTCAGCCC-1	NK	17
AATACGCAGTCGAAAT-1	T	18
AATACGCAGTCGCCTG-1	B	1
AATACGCAGTGATATG-1	T	0
AATACGCCAATTCGTG-1	T	2
AATACGCCACCAAGGA-1	T	18
AATACGCCACCGAATT-1	B	16
AATACGCCACGCGACT-1	T	11
AATACGCCATCCCTCA-1	Epithelial	4
AATACGCCATGACTGT-1	NK	17
AATACGCGTACTTCAG-1	T	7
AATACGCGTAGCAGCA-1	T	11
AATACGCGTATACGCT-1	Myeloid	10
AATACGCGTCCTCAGG-1	T	5
AATACGCGTGGCCTCA-1	NK	3
AATACGCGTTTCCGGG-1	B	16
AATACGCTCAAATGGA-1	T	14
AATACGCTCGCACCGA-1	T	12
AATACGCTCGCTAGTA-1	T	14
AATACGCTCGTCCCAT-1	NK	17
AATACGCTCTCCACTG-1	B	16
AATGCCAAGAACCCGA-1	T	12
AATGCCAAGAACGTCG-1	NK	17
AATGCCAAGAGGTGGG-1	Myeloid	10
AATGCCAAGGTAAGTT-1	NK	17
AATGCCAAGGTTCTCA-1	NK	13
AATGCCACAAGAGATT-1	NK	17
AATGCCACAATTCGTG-1	B	16
AATGCCACACATCATG-1	T	15
AATGCCACACGCCGAT-1	T	18
AATGCCACATGCTATG-1	NK	3
AATGCCAGTAACTCCA-1	T	5
AATGCCAGTAGACGCA-1	B	16
AATGCCAGTAGGTCTT-1	NK	8
AATGCCAGTATCATGC-1	T	19
AATGCCAGTCAGTGCC-1	B	16
AATGCCAGTCATAAGA-1	Stromal	9
AATGCCAGTGCATTCA-1	NK	13
AATGCCAGTTCTACCC-1	Myeloid	10
AATGCCAGTTTGCCAA-1	NK	17
AATGCCATCCTGAAAC-1	NK	6
AATGCCATCGCGCCAA-1	NK	13
AATGCCATCTACATCT-1	T	11
AATGCCATCTCAGATG-1	T	19
AATGCCATCTCATCCG-1	T	7
AATGCCATCTGAGTCA-1	T	18
AATGGAAAGAACGCCA-1	B	16
AATGGAAAGACGCCCT-1	B	16
AATGGAAAGATCGCCC-1	T	7
AATGGAAAGGATATCA-1	T	15
AATGGAAAGGCCAATG-1	NK	17
AATGGAAAGTAGACCG-1	Myeloid	10
AATGGAAAGTCTCTAG-1	NK	6
AATGGAAAGTGTCGCC-1	NK	3
AATGGAAAGTTGTCCA-1	B	16
AATGGAACAACGTCGC-1	NK	8
AATGGAACAAGCAACG-1	Myeloid	10
AATGGAACAAGCACTT-1	B	16
AATGGAACAATCATCG-1	Myeloid	10
AATGGAACACCGATCG-1	NK	17
AATGGAACAGCAATGG-1	T	19
AATGGAACAGTAAGCG-1	NK	17
AATGGAACATCGACCG-1	T	7
AATGGAAGTAACCATC-1	NK	3
AATGGAAGTACGAGAC-1	Epithelial	4
AATGGAAGTGCTGTCG-1	T	5
AATGGAAGTGTCCTTC-1	NK	3
AATGGAAGTTAGCTCA-1	NK	17
AATGGAAGTTATCGAC-1	T	11
AATGGAAGTTCCGCGA-1	T	19
AATGGAAGTTCTACGA-1	NK	13
AATGGAATCAGAACGG-1	T	19
AATGGAATCAGTCACA-1	NK	3
AATGGAATCCCAGCAG-1	T	15
AATGGAATCCGTTAGA-1	T	12
AATGGAATCGAGCGCT-1	NK	17
AATGGAATCGATGCAT-1	NK	3
AATGGAATCTCTGCAC-1	B	16
AATGGAATCTTCACTA-1	T	12
AATGGCTAGCGTCAAG-1	NK	13
AATGGCTAGCTAGTTC-1	NK	3
AATGGCTAGGTCGTTT-1	T	19
AATGGCTAGTACAGTA-1	T	18
AATGGCTAGTCCCTCT-1	T	0
AATGGCTCAAATTCCG-1	NK	3
AATGGCTCAACTCAAC-1	NK	13
AATGGCTCAATTCGTG-1	T	7
AATGGCTCAGTGGTCC-1	T	2
AATGGCTCATTCTCGC-1	T	0
AATGGCTCATTTCTTG-1	T	19
AATGGCTGTGACGCAA-1	NK	8
AATGGCTGTGCCCGAT-1	NK	17
AATGGCTGTGTGTGTT-1	T	15
AATGGCTGTTACGAAA-1	Stromal	9
AATGGCTGTTACTTTC-1	T	0
AATGGCTGTTTGATCG-1	T	19
AATGGCTTCAGTTGAC-1	NK	3
AATGGCTTCCATCTAT-1	T	15
AATGGCTTCCCGAAGC-1	T	5
AATGGCTTCGATGCAT-1	B	16
AATGGCTTCTGATCTT-1	NK	13
AATGGCTTCTGCGTCT-1	T	2
AATGTCGAGAAATTCG-1	Epithelial	4
AATGTCGAGATTACGA-1	T	18
AATGTCGAGGGACGTT-1	T	0
AATGTCGAGTAGGAAG-1	T	12
AATGTCGAGTCATCTG-1	T	0
AATGTCGCAAACCGAG-1	Myeloid	10
AATGTCGCAACTGCGC-1	T	0
AATGTCGGTCATAGAA-1	NK	17
AATGTCGGTCCTTCAC-1	T	11
AATGTCGGTGACGCAA-1	NK	3
AATGTCGGTGGTGGTA-1	NK	13
AATGTCGTCGCGCTGA-1	NK	13
AATGTCGTCGTGTGCG-1	NK	8
ACAAACCAGAAGAGTG-1	B	16
ACAAACCAGACTTCCA-1	T	0
ACAAACCAGCATGTGG-1	B	1
ACAAACCAGGATGTCG-1	NK	13
ACAAACCAGGTTACAA-1	B	16
ACAAACCCAACACGGA-1	Myeloid	10
ACAAACCCAAGAAACT-1	B	1
ACAAACCCAGATTTGC-1	B	16
ACAAACCCATGGAGGT-1	T	12
ACAAACCGTAACTGAA-1	NK	8
ACAAACCGTAGTATCC-1	T	18
ACAAACCGTCAGGCTC-1	B	16
ACAAACCGTCGGCTGT-1	NK	3
ACAAACCGTTACGCTA-1	NK	17
ACAAACCGTTGGCTTA-1	T	12
ACAAACCTCCTATCCG-1	B	16
ACAAACCTCGTTCCGT-1	NK	6
ACAAACCTCTATCCTA-1	T	15
ACAAACCTCTGACTTT-1	T	5
ACAAACCTCTTAAGCG-1	T	7
ACAAAGAAGATCGCCC-1	NK	13
ACAAAGAAGGAACCGT-1	Stromal	9
ACAAAGAAGGAGGCGA-1	NK	3
ACAAAGAAGTACTCTG-1	NK	3
ACAAAGAAGTTAGCAA-1	NK	17
ACAAAGACAACAACTC-1	B	1
ACAAAGACAAGCGTCC-1	NK	17
ACAAAGACAATCATCG-1	T	15
ACAAAGACACTGAAGG-1	B	1
ACAAAGACATGACTGT-1	Stromal	9
ACAAAGAGTACGTATC-1	T	15
ACAAAGAGTAGACACG-1	Epithelial	4
ACAAAGAGTAGTACAA-1	T	5
ACAAAGAGTGAATGTA-1	T	0
ACAAAGAGTGAGTTGG-1	T	12
ACAAAGAGTGTGACCC-1	T	18
ACAAAGATCAAGGCCC-1	B	16
ACAAAGATCCATCATT-1	T	19
ACAAAGATCGATATGC-1	NK	8
ACAAAGATCGCAACTA-1	T	12
ACAAAGATCGCTACCT-1	NK	3
ACAAAGATCGCTATTT-1	Epithelial	4
ACAAAGATCTCATCCG-1	T	19
ACAAAGATCTTACGGA-1	T	2
ACAAAGATCTTCTCTC-1	Stromal	9
ACAAGCTAGCATACCT-1	B	1
ACAAGCTAGCTTCAAC-1	B	1
ACAAGCTAGTAGTCGG-1	Myeloid	10
ACAAGCTAGTCCGGAA-1	T	0
ACAAGCTAGTGGACGT-1	T	11
ACAAGCTCAATTCTCT-1	T	11
ACAAGCTCACCGAATT-1	T	11
ACAAGCTCAGCGTACC-1	B	16
ACAAGCTCAGCGTCGT-1	B	16
ACAAGCTCATCATCGA-1	B	1
ACAAGCTCATGATCGT-1	Myeloid	10
ACAAGCTCATGTGGGA-1	NK	3
ACAAGCTGTACCAAGG-1	NK	8
ACAAGCTGTACTATGC-1	Epithelial	4
ACAAGCTGTGATCAGG-1	T	14
ACAAGCTGTGCTGGCT-1	T	18
ACAAGCTGTTACCACA-1	Epithelial	4
ACAAGCTTCAGGGTTT-1	NK	17
ACAAGCTTCCCAGCAG-1	T	12
ACAAGCTTCCGCTATC-1	T	19
ACAAGCTTCGGGATCC-1	Epithelial	4
ACAAGCTTCTCTTCCT-1	T	18
ACAATCGAGATACCAA-1	B	16
ACAATCGAGCAGTAGC-1	T	2
ACAATCGAGCGCCTAC-1	NK	8
ACAATCGAGGTAAGTT-1	B	16
ACAATCGAGGTGAACC-1	T	7
ACAATCGCACTTGCGG-1	T	19
ACAATCGGTAACGGTG-1	T	5
ACAATCGGTCCGTCGA-1	NK	3
ACAATCGGTCGACTGC-1	T	15
ACAATCGGTTGTATCG-1	NK	17
ACAATCGGTTGTCGGC-1	T	5
ACAATCGGTTTCGATG-1	NK	17
ACAATCGTCAAGAGGC-1	NK	3
ACAATCGTCACTACCC-1	B	16
ACAATCGTCATTCTTG-1	T	0
ACAATCGTCCCGATTC-1	B	16
ACAATCGTCGAGAACG-1	T	19
ACAATCGTCGCGTTCT-1	B	1
ACAATCGTCGGATCGC-1	B	1
ACAATCGTCTTAACGG-1	Epithelial	4
ACAATCGTCTTTGCAT-1	NK	17
ACAGAAAAGACAGCTG-1	Myeloid	10
ACAGAAAAGGATTGAT-1	T	0
ACAGAAAAGGGTTCTT-1	Epithelial	4
ACAGAAAAGGTACACG-1	B	16
ACAGAAAAGTCATCTG-1	B	1
ACAGAAACAAGATTAG-1	T	15
ACAGAAACACAGAAGC-1	NK	3
ACAGAAACACGAACGA-1	Stromal	9
ACAGAAACAGTGCTCG-1	T	7
ACAGAAACATGGGTGA-1	T	18
ACAGAAAGTCGGCTGT-1	T	7
ACAGAAAGTGAGGTCA-1	B	1
ACAGAAAGTTGGACGA-1	B	16
ACAGAAATCATTCTTG-1	Myeloid	10
ACAGAAATCCATATCT-1	NK	17
ACAGAAATCCTAAGTG-1	T	12
ACAGAAATCGCCAGAC-1	NK	13
ACAGAAATCTGACATG-1	NK	8
ACAGAAATCTGATCCC-1	T	11
ACAGAAATCTGTAGAC-1	T	14
ACAGAAATCTTAGTGG-1	NK	3
ACAGACTAGCGTATCT-1	NK	3
ACAGACTAGCGTTGCC-1	T	7
ACAGACTAGCTTTCCC-1	NK	3
ACAGACTCAATCACTG-1	Epithelial	4
ACAGACTCAATCCATG-1	T	15
ACAGACTCACAGGAAC-1	NK	17
ACAGACTCACTGGGCT-1	T	18
ACAGACTCAGATAAGT-1	Epithelial	4
ACAGACTCAGATTAAG-1	B	1
ACAGACTCAGATTTGC-1	B	16
ACAGACTCAGTTACAC-1	T	7
ACAGACTGTACAACGG-1	T	5
ACAGACTGTACGTAGG-1	Myeloid	10
ACAGACTGTAGGTCTT-1	B	16
ACAGACTGTCAACTAC-1	Epithelial	4
ACAGACTGTCAGCAAG-1	B	16
ACAGACTGTCATCGTA-1	Epithelial	4
ACAGACTGTGATCAGG-1	Epithelial	4
ACAGACTGTTTAGAAG-1	T	5
ACAGACTTCACATCCC-1	T	19
ACAGACTTCGAACCGC-1	NK	13
ACAGACTTCGCGCTGA-1	Stromal	9
ACAGACTTCGTGGAAG-1	T	2
ACAGCGCAGAGAATTC-1	T	0
ACAGCGCAGATATGAC-1	Epithelial	4
ACAGCGCAGATGCGAC-1	T	11
ACAGCGCAGCCATTCA-1	NK	13
ACAGCGCAGGAGTAGA-1	T	2
ACAGCGCAGTGTTCCA-1	NK	8
ACAGCGCCACGGCCAT-1	B	16
ACAGCGCCACGTTACA-1	B	1
ACAGCGCGTAGTAACA-1	B	1
ACAGCGCGTATTCGCA-1	NK	6
ACAGCGCGTCTAAAGA-1	T	5
ACAGCGCGTGACAAGC-1	Stromal	9
ACAGCGCGTGTGCTTA-1	T	2
ACAGCGCTCAGCCGGT-1	Myeloid	10
ACAGCGCTCATTCTTG-1	NK	17
ACAGCGCTCGCATAAC-1	T	19
ACAGCGCTCGTAGCGC-1	T	12
ACAGCGCTCTATACCT-1	NK	13
ACAGGCCAGAGTTCGG-1	Epithelial	4
ACAGGCCAGGTCACTT-1	T	5
ACAGGCCCACAAACGG-1	NK	8
ACAGGCCCACTGGGCT-1	B	16
ACAGGCCCATCGACGC-1	T	15
ACAGGCCCATTAACGC-1	T	2
ACAGGCCGTACTTCGA-1	Epithelial	4
ACAGGCCGTATCAGCT-1	NK	8
ACAGGCCGTATGTTCG-1	NK	17
ACAGGCCGTTCCGCGA-1	T	12
ACAGGCCGTTCCTATT-1	Myeloid	10
ACAGGCCGTTTGAAGA-1	NK	6
ACAGGCCGTTTGTGAC-1	NK	6
ACAGGCCTCATCGCTC-1	NK	13
ACAGGCCTCCATACGA-1	T	18
ACAGGCCTCGACCCGA-1	Epithelial	4
ACAGGCCTCGATCGCG-1	T	12
ACAGGCCTCGGGATCC-1	T	19
ACAGGCCTCGTGGTAT-1	T	0
ACAGGCCTCTCTATTG-1	NK	17
ACAGGCCTCTGCTACC-1	T	2
ACATGCAAGAGAGTTT-1	B	16
ACATGCAAGCACACCC-1	T	15
ACATGCAAGCATGATA-1	NK	6
ACATGCAAGGAGTCTG-1	Stromal	9
ACATGCAAGGCGCTTC-1	Myeloid	10
ACATGCAAGGTCGGTA-1	Epithelial	4
ACATGCAAGTGAAGGA-1	NK	3
ACATGCAAGTTATGAG-1	Epithelial	4
ACATGCACAAATGTCC-1	B	1
ACATGCACACCTGAAT-1	B	1
ACATGCACACTTGCGG-1	NK	3
ACATGCACAGCACATT-1	T	19
ACATGCACATAAAGTG-1	NK	3
ACATGCAGTACTTCGA-1	T	5
ACATGCAGTAGGTGAC-1	T	15
ACATGCAGTCTCGGGT-1	T	14
ACATGCAGTCTGTTGA-1	T	11
ACATGCAGTGATAGAT-1	T	15
ACATGCAGTTTCAGCA-1	NK	8
ACATGCATCGAAGCCC-1	T	15
ACATGCATCGACGGAA-1	B	16
ACATGCATCGATCGCG-1	NK	6
ACATGCATCTGAGTCA-1	B	16
ACATGCATCTGGCCAG-1	T	12
ACATGCATCTTCGTTA-1	T	14
ACATGGTAGAACGTCG-1	T	7
ACATGGTAGAGTGGAA-1	NK	17
ACATGGTAGATCCGAG-1	T	7
ACATGGTAGGAGTACC-1	NK	3
ACATGGTCAAACCTAC-1	B	1
ACATGGTCAACGCAAG-1	NK	6
ACATGGTCAAGGGAGG-1	NK	6
ACATGGTCACTGATTG-1	NK	17
ACATGGTCACTGTCGG-1	T	18
ACATGGTGTGCCGGTT-1	T	12
ACATGGTGTGTTGTTG-1	Myeloid	10
ACATGGTTCATTCATC-1	B	16
ACATGGTTCGCTTACC-1	T	18
ACCAAACAGCGTATCT-1	NK	17
ACCAAACAGGTCACTT-1	T	15
ACCAAACAGTACAACA-1	B	16
ACCAAACAGTACCCAT-1	Stromal	9
ACCAAACCAATGGTAA-1	T	18
ACCAAACCAGCAATGG-1	Stromal	9
ACCAAACCAGCAGGTA-1	T	11
ACCAAACCAGCGCGTT-1	T	0
ACCAAACCAGTAGGCA-1	B	16
ACCAAACCATGGATGG-1	T	19
ACCAAACGTAACACTC-1	NK	13
ACCAAACGTTGAATAG-1	NK	3
ACCAAACGTTTGAAGA-1	NK	13
ACCAAACTCACTCGGG-1	NK	3
ACCAAACTCAGCACGC-1	T	5
ACCAAACTCATACTTC-1	NK	3
ACCAAACTCCCAGTAA-1	T	5
ACCAAACTCCGGACTG-1	T	19
ACCAAACTCCGTGCAG-1	T	2
ACCAAACTCTCGCGGA-1	NK	8
ACCAAACTCTTAACGG-1	B	16
ACCATCCAGACTAGCG-1	B	1
ACCATCCAGATGCGAC-1	T	2
ACCATCCAGGAAACTT-1	Myeloid	10
ACCATCCCAAACCGAG-1	T	14
ACCATCCCAAACTACC-1	T	19
ACCATCCCAACATAAG-1	T	7
ACCATCCCACAAGTGG-1	T	15
ACCATCCCACCACAGC-1	T	12
ACCATCCCACGTGAAG-1	T	18
ACCATCCCAGGTGTGA-1	B	16
ACCATCCCAGTCAGAG-1	T	5
ACCATCCCATTTCACT-1	T	2
ACCATCCGTAGCATGG-1	NK	6
ACCATCCGTCGACTGC-1	T	18
ACCATCCGTTTGGATC-1	B	1
ACCATCCTCAGCACTA-1	T	15
ACCATCCTCCAGCACG-1	T	5
ACCATCCTCCGCGATG-1	NK	17
ACCATCCTCGATGCAT-1	B	16
ACCATCCTCGCTATAG-1	NK	17
ACCATCCTCTATACCT-1	T	5
ACCATCCTCTGAGTCA-1	T	15
ACCCAAAAGACAACGC-1	NK	17
ACCCAAAAGAGAAGCA-1	Epithelial	4
ACCCAAAAGCCGCAAA-1	Stromal	9
ACCCAAAAGTTTGGAA-1	Epithelial	4
ACCCAAACAAGGAAGA-1	Epithelial	4
ACCCAAACACTGTCAA-1	NK	6
ACCCAAAGTACCAAGG-1	Stromal	9
ACCCAAAGTAGTACAA-1	T	12
ACCCAAAGTATTCGCA-1	NK	8
ACCCAAAGTCAGAAAT-1	NK	6
ACCCAAAGTGTTGGTT-1	T	7
ACCCAAATCAAACCAC-1	NK	17
ACCCAAATCACATCCC-1	Epithelial	4
ACCCAAATCGCGGCAT-1	Epithelial	4
ACCCAAATCTAGCAGT-1	NK	13
ACCCAAATCTCTTAAC-1	T	18
ACCCAAATCTTTCGAT-1	NK	8
ACCGAATAGACCAATA-1	T	14
ACCGAATAGAGTTCGG-1	B	16
ACCGAATAGATGCGAC-1	NK	17
ACCGAATAGCCATGGA-1	T	15
ACCGAATAGCTGAAAT-1	T	11
ACCGAATAGGTACACG-1	T	18
ACCGAATAGTCAGCCC-1	NK	13
ACCGAATAGTTAGAGT-1	B	16
ACCGAATCAATCATCG-1	T	12
ACCGAATCACAGGTAG-1	T	7
ACCGAATCACGCGATC-1	T	5
ACCGAATCACGCTCAG-1	T	18
ACCGAATCACGTTGTA-1	T	7
ACCGAATCAGAACAGC-1	T	0
ACCGAATCAGATACAA-1	T	12
ACCGAATCAGTAACCT-1	B	1
ACCGAATCATAGACGG-1	NK	17
ACCGAATCATGCCCTT-1	B	16
ACCGAATGTAGGTGAC-1	B	1
ACCGAATGTATACGCT-1	NK	17
ACCGAATGTGCTTACA-1	NK	17
ACCGAATGTGGTCGAA-1	T	15
ACCGAATGTGTTTCTT-1	T	12
ACCGAATGTTCTTTCA-1	Myeloid	10
ACCGAATGTTGCTTGA-1	Myeloid	10
ACCGAATTCACTCGGG-1	B	1
ACCGAATTCAGTCTTT-1	NK	6
ACCGAATTCCAGCACG-1	T	19
ACCGAATTCGACTGGC-1	NK	17
ACCGAATTCGAGCGCT-1	B	1
ACCGCAGAGACCTATC-1	T	7
ACCGCAGAGGAGAACA-1	T	15
ACCGCAGAGGGTTCTT-1	NK	3
ACCGCAGAGGTTCTCA-1	NK	6
ACCGCAGCAAGGAAGA-1	NK	17
ACCGCAGCAAGTCTCA-1	Stromal	9
ACCGCAGCACAGTAGG-1	Stromal	9
ACCGCAGCACTGTAAC-1	NK	6
ACCGCAGCATAGGCGA-1	T	0
ACCGCAGGTATGTTCG-1	B	16
ACCGCAGGTCACAGGA-1	T	2
ACCGCAGGTGTGAGGT-1	T	5
ACCGCAGGTTCCATCC-1	T	18
ACCGCAGTCCTCCTGA-1	NK	17
ACCGCAGTCCTGTAGA-1	T	0
ACCGCAGTCGGTTGTA-1	Stromal	9
ACCGCAGTCGTGAACT-1	NK	6
ACCGCAGTCTCCTTGG-1	NK	3
ACCGCAGTCTGCTACC-1	T	18
ACCGGGTAGACCCATT-1	NK	3
ACCGGGTAGATCCGAG-1	NK	17
ACCGGGTAGGCACTAG-1	NK	17
ACCGGGTAGGGTTCTT-1	Myeloid	10
ACCGGGTAGTCACACT-1	NK	8
ACCGGGTAGTGAACCG-1	T	18
ACCGGGTCAAGCGTCC-1	NK	6
ACCGGGTCAATGTGCT-1	T	15
ACCGGGTCAGGACTGA-1	NK	8
ACCGGGTCATAGCAGG-1	NK	17
ACCGGGTCATCCCTCA-1	B	16
ACCGGGTGTACGAGAC-1	NK	3
ACCGGGTGTAGCAGGT-1	T	0
ACCGGGTGTCGCGCTA-1	T	11
ACCGGGTGTGAGTTGG-1	NK	17
ACCGGGTGTGTTGTTG-1	Stromal	9
ACCGGGTTCCACTAGA-1	T	11
ACCGGGTTCGCATACA-1	T	12
ACCGGGTTCGCCTTAC-1	B	16
ACCGGGTTCTGTTTAC-1	B	1
ACCGGGTTCTTAAGCG-1	B	1
ACCTGCTAGCGTCAAG-1	T	12
ACCTGCTAGGGCATTG-1	T	2
ACCTGCTCAAGGAACC-1	NK	3
ACCTGCTCACCGTTGG-1	Epithelial	4
ACCTGCTGTCAGAAAT-1	T	5
ACCTGCTGTGAGGTCA-1	T	7
ACCTGCTGTGCCCAGT-1	T	18
ACCTGCTGTTAACTCG-1	B	16
ACCTGCTGTTATGCAC-1	B	1
ACCTGCTTCACCCGGA-1	T	12
ACCTGCTTCCCAATAG-1	Epithelial	4
ACCTGCTTCGTTCTAT-1	NK	8
ACGGATTAGACTTGAA-1	T	0
ACGGATTAGAGAGGTA-1	Epithelial	4
ACGGATTAGATCCGAG-1	NK	3
ACGGATTAGGATGCCA-1	T	19
ACGGATTAGGCACTAG-1	NK	8
ACGGATTAGGCTTAAA-1	T	12
ACGGATTAGGGCTTCC-1	Epithelial	4
ACGGATTCAAGTAACA-1	T	5
ACGGATTCACCGTTGG-1	T	5
ACGGATTCATAGAATG-1	T	2
ACGGATTGTCCACCAG-1	B	16
ACGGATTGTTAGGCTT-1	B	16
ACGGATTGTTGGTAAA-1	T	2
ACGGATTTCAAGTTGC-1	NK	17
ACGGATTTCATGAACC-1	B	1
ACGGATTTCCATATCT-1	T	15
ACGGATTTCGGTACTA-1	T	5
ACGGATTTCGTGCTGG-1	T	2
ACGGATTTCGTTCCGT-1	NK	17
ACGTGGCAGCTAGTTC-1	Epithelial	4
ACGTGGCCAAACAGTA-1	T	2
ACGTGGCCAAGACACG-1	Myeloid	10
ACGTGGCCAATGCATC-1	T	11
ACGTGGCCACAGGAAC-1	B	16
ACGTGGCCACCTGAAT-1	Stromal	9
ACGTGGCCACGCTAAT-1	NK	17
ACGTGGCCAGCGTGAA-1	NK	17
ACGTGGCCAGGACCTC-1	T	19
ACGTGGCCAGGTAACG-1	NK	17
ACGTGGCCAGTTCGGC-1	NK	3
ACGTGGCCATGGGACA-1	NK	3
ACGTGGCGTAGGTGAC-1	T	0
ACGTGGCGTATTCTGG-1	T	14
ACGTGGCGTATTCTTC-1	B	16
ACGTGGCGTCATCGTA-1	Myeloid	10
ACGTGGCGTGCTGTGC-1	NK	17
ACGTGGCGTTGGCGAA-1	T	12
ACGTGGCTCCATAACG-1	T	12
ACGTGGCTCGCACCTT-1	NK	13
ACGTGGCTCGGTCTAA-1	T	7
ACGTTAGAGCGCAATG-1	T	12
ACGTTAGAGCTCGTTA-1	T	0
ACGTTAGAGGTTTCTG-1	NK	3
ACGTTAGAGTGCCCTG-1	T	0
ACGTTAGCAAGACACG-1	NK	3
ACGTTAGCAATCACTG-1	NK	17
ACGTTAGCACGCGACT-1	T	0
ACGTTAGCAGGATAGC-1	Myeloid	10
ACGTTAGCATAGATAG-1	T	7
ACGTTAGGTATGTTCG-1	T	0
ACGTTAGGTATTCTGG-1	T	15
ACGTTAGGTCGATTAC-1	T	2
ACGTTAGGTGCGACCT-1	T	11
ACGTTAGGTGTCTACA-1	NK	17
ACGTTAGGTTAACCGT-1	Epithelial	4
ACGTTAGTCACGTGTA-1	NK	8
ACGTTAGTCAGGGTTT-1	T	11
ACGTTAGTCCTAAGTG-1	T	14
ACGTTAGTCGCCTTAC-1	B	16
ACGTTAGTCGTTCAGA-1	T	7
ACGTTAGTCTGCGTCT-1	B	16
ACTAACGAGAACCCGA-1	T	5
ACTAACGAGATTCCGT-1	T	12
ACTAACGAGCACCATT-1	T	15
ACTAACGAGGATTGCG-1	B	16
ACTAACGAGTATGCTC-1	NK	8
ACTAACGCACTCCACT-1	T	7
ACTAACGGTAACCATC-1	NK	8
ACTAACGGTACTTCAG-1	T	12
ACTAACGGTCAGGTGA-1	Myeloid	10
ACTAACGGTGGATTTC-1	T	11
ACTAACGGTTTGCATG-1	B	1
ACTAACGTCACATTCT-1	Epithelial	4
ACTAACGTCCATCGAA-1	Epithelial	4
ACTAACGTCCTATCCG-1	T	0
ACTAACGTCGATGTAC-1	NK	17
ACTAACGTCGCCAGAC-1	NK	8
ACTAACGTCTCGACCT-1	Myeloid	10
ACTAACGTCTTACTCA-1	Stromal	9
ACTACCCAGAGTTCGG-1	NK	8
ACTACCCAGATCGCCC-1	NK	3
ACTACCCAGATCTCAC-1	T	5
ACTACCCAGCTAGTTC-1	NK	13
ACTACCCAGTATACGA-1	NK	17
ACTACCCAGTCTGTGT-1	T	7
ACTACCCAGTGATTAG-1	Myeloid	10
ACTACCCAGTGCTGAG-1	T	15
ACTACCCCAACTCGAT-1	T	2
ACTACCCCAAGCACTT-1	NK	6
ACTACCCCAAGTAATG-1	T	19
ACTACCCGTCACCCGA-1	T	12
ACTACCCGTCCGGTAC-1	Myeloid	10
ACTACCCGTCCTCAGG-1	NK	8
ACTACCCGTCGTAGTT-1	NK	6
ACTACCCGTCTCTGGG-1	NK	17
ACTACCCGTGGATTCT-1	B	16
ACTACCCGTTACCACA-1	B	16
ACTACCCGTTTAGAAG-1	NK	6
ACTACCCTCAAATGGA-1	NK	13
ACTACCCTCACAAGCT-1	Myeloid	10
ACTACCCTCACCCGGA-1	T	15
ACTACCCTCACGATTG-1	T	18
ACTACCCTCCATATCT-1	NK	8
ACTACCCTCGAGTTAC-1	T	7
ACTACCCTCGGTCAGC-1	NK	3
ACTACCCTCTGAACGT-1	B	16
ACTACCCTCTGCGTCT-1	NK	8
ACTACCCTCTTCCGTG-1	NK	6
ACTACCCTCTTTATCG-1	B	16
ACTACGAAGACAACGC-1	B	16
ACTACGAAGACGCCAA-1	B	16
ACTACGAAGAGAAGCA-1	T	0
ACTACGAAGATGCGAC-1	T	0
ACTACGAAGGTGATGC-1	Stromal	9
ACTACGAAGTGTTCCA-1	NK	17
ACTACGAAGTTCCAGT-1	T	0
ACTACGACAACTGCGC-1	B	16
ACTACGACACTCGTGG-1	B	16
ACTACGACAGATAAGT-1	T	7
ACTACGACATGCCCTT-1	T	7
ACTACGACATGGTTTG-1	NK	3
ACTACGAGTAGGTAAT-1	T	15
ACTACGAGTAGTATCC-1	NK	13
ACTACGAGTCAGCAAG-1	NK	17
ACTACGAGTCATAGCT-1	B	16
ACTACGAGTCATTGGT-1	T	11
ACTACGAGTCCAGACC-1	NK	3
ACTACGAGTTGCAGAG-1	T	11
ACTACGATCAACGTGT-1	T	7
ACTACGATCTGTCGGG-1	NK	6
ACTAGGTAGAAATCTG-1	NK	3
ACTAGGTAGAATGCTA-1	B	16
ACTAGGTAGGTTCGAG-1	NK	13
ACTAGGTAGTAACACA-1	B	16
ACTAGGTAGTGCCCTG-1	T	15
ACTAGGTAGTTGCCGC-1	NK	13
ACTAGGTCAACGCACC-1	NK	17
ACTAGGTCACGTACAT-1	T	2
ACTAGGTCAGGACCTC-1	T	2
ACTAGGTGTAGCGGTA-1	B	1
ACTAGGTGTATACGCT-1	NK	17
ACTAGGTGTATGCTAC-1	T	15
ACTAGGTGTCACAGGA-1	T	5
ACTAGGTGTCAGAAGC-1	T	19
ACTAGGTGTGCTTTGA-1	T	12
ACTAGGTGTTTGAAGA-1	NK	17
ACTAGGTGTTTGCGAT-1	T	19
ACTAGGTTCAACGTGT-1	B	16
ACTAGGTTCACTACCC-1	Epithelial	4
ACTAGGTTCGAGGTAG-1	T	11
ACTAGGTTCGCACCGA-1	T	7
ACTAGGTTCTCGCGGA-1	T	5
ACTATTCAGAGACTCG-1	T	18
ACTATTCAGATGCGCA-1	B	16
ACTATTCAGATTACGA-1	Stromal	9
ACTATTCAGATTCCGT-1	T	12
ACTATTCAGCAGAGCT-1	NK	8
ACTATTCAGGCTCAGA-1	T	18
ACTATTCAGGGTCTGA-1	T	2
ACTATTCAGGTACTCT-1	Epithelial	4
ACTATTCAGTAATGTG-1	B	16
ACTATTCCAACTGCGC-1	T	11
ACTATTCCAAGCCAGA-1	T	11
ACTATTCCAAGGAGGG-1	NK	8
ACTATTCCAATCAGGG-1	T	14
ACTATTCCACTGTCAA-1	T	5
ACTATTCCAGCAACGA-1	T	15
ACTATTCCATCCCGGA-1	Stromal	9
ACTATTCGTACGTAAA-1	Myeloid	10
ACTATTCGTATCATGC-1	NK	13
ACTATTCGTCAACTAC-1	T	7
ACTATTCGTCACCCGA-1	T	19
ACTATTCGTCAGGCTC-1	NK	3
ACTATTCGTGCGTCCA-1	B	16
ACTATTCTCAGGCCGT-1	B	16
ACTATTCTCCAACAAC-1	T	5
ACTATTCTCCTCCCAA-1	Stromal	9
ACTATTCTCGGGAATG-1	T	7
ACTATTCTCGGGATCC-1	B	16
ACTATTCTCTTGTGCC-1	Myeloid	10
ACTCGGGAGCTCGTTA-1	NK	17
ACTCGGGAGCTGCCAC-1	T	0
ACTCGGGAGGCTGGAT-1	T	15
ACTCGGGAGGTTCGAG-1	Stromal	9
ACTCGGGAGTCATACC-1	NK	6
ACTCGGGAGTGCACAG-1	NK	6
ACTCGGGCAAAGAAGG-1	NK	6
ACTCGGGCACTAGGAG-1	T	11
ACTCGGGCAGCCACGT-1	Myeloid	10
ACTCGGGCAGGTGGTA-1	T	5
ACTCGGGGTACGGTTT-1	NK	13
ACTCGGGGTATCCTTT-1	NK	13
ACTCGGGGTATCGCGC-1	NK	17
ACTCGGGGTGGATTCT-1	T	0
ACTCGGGGTTAGGAAT-1	T	11
ACTCGGGTCATCGCCT-1	NK	17
ACTCGGGTCCATACGA-1	Stromal	9
ACTCGGGTCGATATGC-1	NK	17
ACTCGGGTCTTACGGA-1	T	2
ACTGCAAAGCCATGGA-1	NK	3
ACTGCAAAGCGCATTT-1	NK	17
ACTGCAACACTGCTTC-1	T	2
ACTGCAACACTTATGG-1	NK	3
ACTGCAACAGATACAA-1	NK	8
ACTGCAACATGGTATC-1	B	1
ACTGCAAGTACCAAGG-1	NK	8
ACTGCAAGTGCTTCCT-1	NK	3
ACTGCAAGTTTCCGGG-1	NK	13
ACTGCAATCAAGTTGC-1	T	2
ACTGCAATCAATTCCT-1	Myeloid	10
ACTGCAATCAGATACC-1	Epithelial	4
ACTGCAATCGGGATCC-1	B	16
ACTGCAATCTTGGCCT-1	Stromal	9
ACTGCGGAGAGGTACC-1	T	12
ACTGCGGAGCAGGACT-1	T	0
ACTGCGGAGCCATTCA-1	NK	3
ACTGCGGAGGACTTTC-1	NK	17
ACTGCGGCAACTGCGC-1	Stromal	9
ACTGCGGCAATGCACT-1	NK	3
ACTGCGGCACCGATCG-1	B	16
ACTGCGGCAGCAGGTA-1	NK	13
ACTGCGGCATTTGGTG-1	NK	8
ACTGCGGGTACGACCC-1	Epithelial	4
ACTGCGGGTGCAAAGC-1	NK	13
ACTGCGGGTGGACAGT-1	T	12
ACTGCGGGTTTAGAAG-1	NK	6
ACTGCGGTCGGATAGG-1	NK	8
ACTGTCCAGACGAAAG-1	T	11
ACTGTCCAGCGGACAT-1	T	7
ACTGTCCAGCGTAGCA-1	NK	3
ACTGTCCAGGCGCTTC-1	T	5
ACTGTCCCAAACTACC-1	NK	8
ACTGTCCCAAAGAAGG-1	NK	3
ACTGTCCCAATGGTCT-1	T	2
ACTGTCCCACTGCTCT-1	T	18
ACTGTCCCAGAAAGAG-1	Myeloid	10
ACTGTCCCAGCGTGAA-1	Epithelial	4
ACTGTCCCAGGCAGAT-1	T	15
ACTGTCCCAGGTGTCC-1	T	15
ACTGTCCCAGTTGCAT-1	T	11
ACTGTCCCATCACAAC-1	T	5
ACTGTCCGTAGGTGAC-1	T	5
ACTGTCCGTCAACGGA-1	B	16
ACTGTCCGTCGATTAC-1	NK	8
ACTGTCCGTGCACATT-1	NK	6
ACTGTCCGTTACCACA-1	T	7
ACTGTCCGTTCCTATT-1	T	15
ACTGTCCGTTTCTACT-1	B	1
ACTGTCCTCAGGCGCT-1	B	16
ACTGTCCTCAGGTCTA-1	NK	8
ACTGTCCTCATTCTCA-1	B	16
ACTGTCCTCCGGAAAG-1	T	19
ACTGTCCTCGGATCGC-1	T	0
ACTGTCCTCTGTTTAC-1	T	14
ACTTCCGCAAATAGTG-1	NK	6
ACTTCCGCAACGACAG-1	NK	6
ACTTCCGCAAGATGCG-1	T	19
ACTTCCGCAATTAGGA-1	NK	3
ACTTCCGCACAAACGG-1	NK	8
ACTTCCGCACAATAAG-1	B	1
ACTTCCGCAGGACCTC-1	NK	3
ACTTCCGCAGTAGGCA-1	NK	17
ACTTCCGGTAACCGAG-1	T	11
ACTTCCGGTACGCCCA-1	T	18
ACTTCCGGTATCCCTC-1	NK	6
ACTTCCGGTCAACTAC-1	NK	13
ACTTCCGGTCTGGTCG-1	T	18
ACTTCCGGTGCATCAT-1	T	18
ACTTCCGGTGCCCAGT-1	NK	6
ACTTCCGGTGGGTAGT-1	NK	3
ACTTCCGGTTCCCGGA-1	T	18
ACTTCCGGTTGGACGA-1	T	19
ACTTCCGGTTTGCCAA-1	B	1
ACTTCCGTCTCGCGGA-1	T	12
ACTTTCAAGGAAGGTA-1	Stromal	9
ACTTTCAAGTCGTATC-1	B	16
ACTTTCACAACTGCGC-1	NK	17
ACTTTCACAAGTTCGT-1	T	7
ACTTTCACAATGTAAG-1	NK	17
ACTTTCACACCAAGGA-1	NK	3
ACTTTCACATAGATAG-1	NK	3
ACTTTCACATGACTGT-1	NK	13
ACTTTCACATGCCCTT-1	NK	3
ACTTTCACATGGCCGT-1	Epithelial	4
ACTTTCACATGTCCCT-1	T	7
ACTTTCACATTCTCGC-1	Epithelial	4
ACTTTCAGTATGGGTG-1	T	0
ACTTTCAGTATTCACG-1	NK	17
ACTTTCAGTCAATACC-1	T	19
ACTTTCAGTCAATCCA-1	T	15
ACTTTCAGTGAGTCGA-1	NK	3
ACTTTCAGTTTAAGGA-1	NK	6
ACTTTCAGTTTAGAAG-1	T	19
ACTTTCAGTTTCTACT-1	T	15
ACTTTCATCAGATACC-1	T	18
ACTTTCATCAGCACGC-1	NK	3
ACTTTCATCGGATGTT-1	NK	13
ACTTTCATCTCCCTTT-1	Myeloid	10
ACTTTCATCTCGACAA-1	T	11
AGACAAAAGAACGTTA-1	T	7
AGACAAAAGCGCAATG-1	Epithelial	4
AGACAAAAGGCCAATG-1	Epithelial	4
AGACAAAAGGGCGAAG-1	T	18
AGACAAAAGTCTGTGT-1	Stromal	9
AGACAAAAGTTCCCGG-1	NK	3
AGACAAAAGTTTGGAA-1	NK	17
AGACAAACAAACCCTA-1	T	5
AGACAAACAAGTCTGT-1	B	1
AGACAAACACAGATGG-1	T	15
AGACAAACAGCAAACG-1	T	12
AGACAAACATGTGGGA-1	B	1
AGACAAAGTAAAGGCC-1	B	16
AGACAAAGTACGGATG-1	T	15
AGACAAAGTCATCGTA-1	B	16
AGACAAAGTCCTCAGG-1	NK	13
AGACAAAGTTAACTCG-1	T	19
AGACAAAGTTCCCAAA-1	T	0
AGACAAAGTTGTGACT-1	Myeloid	10
AGACAAAGTTTAGGAA-1	T	7
AGACAAAGTTTGCGAT-1	T	11
AGACAAATCACATCCC-1	T	18
AGACAAATCCAGTTAG-1	T	14
AGACAAATCCCAATGA-1	NK	17
AGACAAATCCCAGTAA-1	NK	3
AGACAAATCGTTGTTT-1	NK	3
AGACAAATCTCCAACC-1	Stromal	9
AGACAAATCTGTTGCC-1	NK	3
AGATAGAAGAGTTCGG-1	B	16
AGATAGAAGCCGCAAA-1	Epithelial	4
AGATAGAAGCGTATCT-1	NK	8
AGATAGAAGGCTTAAA-1	B	1
AGATAGAAGGGATCCA-1	Epithelial	4
AGATAGAAGTACAACA-1	T	0
AGATAGAAGTAGTTCC-1	B	16
AGATAGAAGTATGGGC-1	NK	8
AGATAGAAGTTACCAC-1	NK	13
AGATAGACAACTTGGT-1	B	1
AGATAGACACATATCG-1	T	19
AGATAGACACGGTGTC-1	NK	13
AGATAGACACTGCTTC-1	NK	17
AGATAGACAGGGCTTC-1	NK	17
AGATAGACATCGAGTT-1	NK	17
AGATAGACATTAACGC-1	NK	3
AGATAGAGTTACGGAG-1	T	19
AGATAGAGTTGTCGGC-1	NK	8
AGATAGAGTTTGTACG-1	NK	8
AGATAGATCAGAACGG-1	T	5
AGATAGATCAGGATCT-1	Epithelial	4
AGATAGATCCATAACG-1	T	15
AGATAGATCCATAGGT-1	T	14
AGATAGATCCTAAAGC-1	T	18
AGATAGATCTATCTAC-1	T	0
AGATAGATCTCGTAGA-1	NK	6
AGATAGATCTTACGGA-1	T	11
AGATTCGAGAACTAAC-1	NK	17
AGATTCGAGCCATTCA-1	B	1
AGATTCGAGCGAATAT-1	T	0
AGATTCGAGGAATGGA-1	B	1
AGATTCGAGGCAATTA-1	T	18
AGATTCGAGGTACACG-1	T	2
AGATTCGAGTACTCTG-1	NK	17
AGATTCGCAACACGGA-1	T	12
AGATTCGCAAGACACG-1	T	2
AGATTCGCAAGGACCA-1	NK	17
AGATTCGCAAGTTCGT-1	NK	17
AGATTCGCACAGGTAG-1	B	16
AGATTCGCAGTGCTCG-1	T	14
AGATTCGCAGTTACAC-1	T	19
AGATTCGCATACTGCA-1	T	7
AGATTCGCATGGAGGT-1	T	2
AGATTCGGTACAAATG-1	NK	6
AGATTCGGTACTAGAA-1	B	16
AGATTCGGTCTGGTCG-1	NK	13
AGATTCGGTGAGGTCA-1	T	11
AGATTCGGTGGAAAGA-1	Epithelial	4
AGATTCGGTTCTACCC-1	Myeloid	10
AGATTCGGTTGGTAAA-1	T	12
AGATTCGTCAGCACTA-1	B	1
AGATTCGTCATTCTTG-1	T	15
AGATTCGTCCAGAATC-1	NK	3
AGATTCGTCGCACCGA-1	B	1
AGATTCGTCTAGTCGA-1	T	15
AGATTCGTCTCATATC-1	Epithelial	4
AGATTCGTCTTGTGCC-1	Epithelial	4
AGCCAGCAGCCTATAC-1	NK	17
AGCCAGCAGGAAACTT-1	Epithelial	4
AGCCAGCAGGTTAGTA-1	T	5
AGCCAGCAGTAGGTCG-1	Stromal	9
AGCCAGCCAAGTCCTA-1	T	14
AGCCAGCCACTCAGCG-1	T	11
AGCCAGCGTCGTCGCA-1	NK	13
AGCCAGCGTCTAAGAA-1	B	16
AGCCAGCGTGGAGTGT-1	NK	17
AGCCAGCTCCTCTCTT-1	T	15
AGCCAGCTCGATGTGT-1	NK	17
AGCCAGCTCGCTTGAA-1	B	1
AGCCAGCTCGTTCAGA-1	NK	6
AGCCAGCTCTCCAACC-1	T	2
AGCCAGCTCTGGCACG-1	NK	17
AGCCAGCTCTGTCGGG-1	NK	3
AGCCCGAAGAAGAGTG-1	T	12
AGCCCGAAGAGTGGAA-1	B	16
AGCCCGAAGAGTTTGA-1	NK	8
AGCCCGACAACTAGAA-1	B	16
AGCCCGACAAGACACG-1	T	12
AGCCCGACAAGCAACG-1	T	0
AGCCCGACAAGTCTCA-1	Myeloid	10
AGCCCGACAATTGGCT-1	T	14
AGCCCGACACCCTTAC-1	NK	17
AGCCCGACACGTTGTA-1	T	5
AGCCCGACAGGCACAA-1	T	5
AGCCCGACAGTAAGAT-1	T	12
AGCCCGAGTAGAGAGA-1	T	18
AGCCCGAGTCAGAAAT-1	NK	17
AGCCCGAGTGAGTCGA-1	B	1
AGCCCGAGTGCGTCCA-1	B	1
AGCCCGAGTTGAATAG-1	T	0
AGCCCGAGTTTGCCCT-1	NK	13
AGCCCGATCAGGTTTG-1	NK	13
AGCCCGATCATGAACC-1	T	19
AGCCCGATCCGAATTG-1	B	16
AGCCCGATCGGTCTCT-1	T	12
AGCCGCAAGACTAGCG-1	Myeloid	10
AGCCGCAAGTACAGTA-1	B	16
AGCCGCAAGTGTCGCC-1	NK	6
AGCCGCACAAGCGGTA-1	B	16
AGCCGCACACCTATTT-1	NK	8
AGCCGCACACGCGTTG-1	B	1
AGCCGCACATCCTGGG-1	T	12
AGCCGCAGTAGCAGCA-1	T	5
AGCCGCAGTAGTGATA-1	NK	8
AGCCGCAGTATCATGC-1	NK	17
AGCCGCAGTGACAAGC-1	T	18
AGCCGCAGTGCTGAAG-1	T	7
AGCCGCATCACCGCGA-1	B	1
AGCCGCATCCGCGATG-1	T	5
AGCCGCATCTTGTACT-1	NK	17
AGCCTCTAGAGCACTG-1	B	16
AGCCTCTAGATGCGAC-1	T	2
AGCCTCTAGCTAGTTC-1	NK	8
AGCCTCTAGTACAACA-1	NK	8
AGCCTCTAGTAGTTCC-1	B	16
AGCCTCTAGTCTGTGT-1	NK	13
AGCCTCTCACAACGGA-1	T	19
AGCCTCTCACAAGGGT-1	T	15
AGCCTCTCACTCCACT-1	T	19
AGCCTCTCAGAGCCAA-1	T	2
AGCCTCTCAGCAACCC-1	NK	13
AGCCTCTCAGCAACGA-1	T	18
AGCCTCTCATCATGTG-1	NK	3
AGCCTCTCATGGCCCA-1	NK	17
AGCCTCTCATGGTTTG-1	Epithelial	4
AGCCTCTGTAAACGGC-1	Epithelial	4
AGCCTCTGTAAGTCTC-1	NK	3
AGCCTCTGTCTGTCCT-1	Epithelial	4
AGCCTCTGTGAGGTCA-1	NK	17
AGCCTCTTCACATTCT-1	Epithelial	4
AGCCTCTTCAGGGTTT-1	T	14
AGCCTCTTCCCAATGA-1	T	0
AGCCTCTTCGCCCTTA-1	Stromal	9
AGCCTCTTCGTCGCAG-1	B	16
AGCCTGGAGACTTGAA-1	NK	17
AGCCTGGAGGCCTAAG-1	T	18
AGCCTGGAGGGTAATT-1	T	0
AGCCTGGAGGTTCGAG-1	T	19
AGCCTGGCAACTCGAT-1	Myeloid	10
AGCCTGGCAATGTGCT-1	B	16
AGCCTGGCACAAGTGG-1	T	5
AGCCTGGCACTGAAGG-1	NK	8
AGCCTGGCATGGGAAC-1	T	19
AGCCTGGGTAAGTCTC-1	B	16
AGCCTGGGTGAGGTCA-1	Epithelial	4
AGCCTGGGTGGATTCT-1	B	16
AGCCTGGGTGTAGGAC-1	T	5
AGCCTGGGTTAAGTCC-1	NK	3
AGCCTGGGTTTGTCTT-1	NK	3
AGCCTGGTCACGTGTA-1	NK	8
AGCCTGGTCAGTCACA-1	NK	6
AGCCTGGTCCTCCATG-1	B	1
AGCCTGGTCGGGAAAC-1	T	14
AGCCTGGTCTAGCTGA-1	T	15
AGCCTTCAGCATTCCA-1	T	15
AGCCTTCAGCTCGGCT-1	T	18
AGCCTTCAGGCTTAAA-1	Epithelial	4
AGCCTTCCAAGAGCGT-1	T	5
AGCCTTCCAGTTGGAG-1	T	19
AGCCTTCCATCAGAAA-1	B	1
AGCCTTCGTAAGTGCG-1	B	1
AGCCTTCGTACGCCCA-1	T	12
AGCCTTCGTACTATGC-1	T	5
AGCCTTCGTAGCGAGT-1	T	18
AGCCTTCGTCACCCGA-1	B	1
AGCCTTCGTCTCTGCT-1	B	1
AGCCTTCGTGAGTAAT-1	NK	8
AGCCTTCTCAGGAATA-1	B	16
AGCCTTCTCGCCTTAC-1	NK	13
AGCCTTCTCGCTCGGA-1	T	2
AGCCTTCTCGGTAGGA-1	T	15
AGCGATTAGGCTGGAT-1	T	18
AGCGATTAGGTAAGCC-1	T	12
AGCGATTAGTGAAACT-1	T	0
AGCGATTCAAGGCTTT-1	B	1
AGCGATTCACCATTCC-1	T	5
AGCGATTCACCTGAAT-1	Stromal	9
AGCGATTCAGCAATGG-1	NK	3
AGCGATTCATGTGAGG-1	Stromal	9
AGCGATTCATTACCTT-1	NK	13
AGCGATTGTACAAATG-1	T	18
AGCGATTGTAGATGAT-1	NK	3
AGCGATTGTCACTCTC-1	B	1
AGCGATTGTCAGGCTC-1	T	5
AGCGATTGTGCGTTTA-1	T	12
AGCGATTTCACTCGGG-1	T	11
AGCGATTTCATGTTCT-1	T	11
AGCGATTTCCGATTGA-1	NK	8
AGCGATTTCGATAGCT-1	T	0
AGCGATTTCGGACGAA-1	NK	17
AGCGATTTCTAAACGC-1	T	18
AGCGTATAGCTCGGCT-1	T	15
AGCGTATAGGGAAGCG-1	T	19
AGCGTATAGTACAGTA-1	T	5
AGCGTATCAAACCCTA-1	NK	3
AGCGTATCAACAAACA-1	NK	8
AGCGTATCACGACGAA-1	T	12
AGCGTATCAGCTTACA-1	Epithelial	4
AGCGTATCAGTATACC-1	B	1
AGCGTATCAGTTAAAG-1	NK	3
AGCGTATCATGGCCGT-1	T	11
AGCGTATGTAGCAGCA-1	T	7
AGCGTATGTGGATTCT-1	T	0
AGCGTATTCCACGGCA-1	NK	17
AGCGTATTCCGATTGA-1	Stromal	9
AGCGTATTCTCATATC-1	T	0
AGCGTGCAGCAGGAGG-1	Stromal	9
AGCGTGCAGTCTGGGA-1	NK	8
AGCGTGCCAAACGACG-1	Epithelial	4
AGCGTGCCACCGAAAG-1	NK	8
AGCGTGCCAGAACTTC-1	T	2
AGCGTGCCAGAAGTGC-1	B	16
AGCGTGCCAGCGTAGA-1	T	18
AGCGTGCCATATAGAG-1	NK	3
AGCGTGCGTCAAACAA-1	T	7
AGCGTGCGTCAGGTGA-1	Stromal	9
AGCGTGCGTCCGTAGC-1	NK	6
AGCGTGCGTGCGCTCA-1	NK	17
AGCGTGCTCAATCGTG-1	NK	17
AGCGTGCTCATCGCCT-1	T	7
AGCGTGCTCGAACACT-1	NK	3
AGCGTGCTCGATAGCT-1	B	16
AGCGTGCTCGGGCTCA-1	NK	8
AGCGTGCTCGGTTGTA-1	T	7
AGCGTGCTCGTCCCAT-1	NK	8
AGCGTGCTCGTCTAGA-1	B	1
AGCGTGCTCTCTGAGA-1	T	18
AGCGTGCTCTGGACAT-1	T	7
AGCTATGAGAGTTCGG-1	NK	3
AGCTATGAGGTCCTCG-1	Stromal	9
AGCTATGAGTAACACA-1	B	16
AGCTATGAGTTCGTTG-1	T	19
AGCTATGAGTTGCGCC-1	NK	13
AGCTATGCAACGCACC-1	NK	8
AGCTATGCAAGTTGCT-1	NK	8
AGCTATGCACAATAAG-1	T	7
AGCTATGCACAGGTAG-1	T	18
AGCTATGCATCACAAC-1	Epithelial	4
AGCTATGCATTAAGGA-1	B	16
AGCTATGCATTGTGAC-1	NK	8
AGCTATGGTAGAAAGG-1	T	2
AGCTATGGTAGTTTGC-1	T	7
AGCTATGGTCTAAAGA-1	NK	8
AGCTATGGTCTCTGGG-1	NK	13
AGCTATGGTGCATTCA-1	T	19
AGCTATGTCAAACCCA-1	NK	8
AGCTATGTCACCGCGA-1	NK	8
AGCTATGTCCGTTTCG-1	NK	6
AGCTATGTCGCACCTT-1	T	2
AGCTATGTCGTTGTAG-1	T	18
AGCTATGTCTTGTACT-1	T	5
AGCTGATAGAGCTACG-1	NK	8
AGCTGATAGATGAGGA-1	NK	17
AGCTGATAGCGCCTAC-1	NK	17
AGCTGATAGTCTGTGT-1	NK	17
AGCTGATCAAACCTAC-1	Epithelial	4
AGCTGATCAACTTGGT-1	Myeloid	10
AGCTGATCACGTTACA-1	NK	8
AGCTGATCATGATTGC-1	NK	13
AGCTGATGTAACGGTG-1	T	12
AGCTGATGTACGGATG-1	NK	17
AGCTGATGTAGTCCAT-1	T	12
AGCTGATGTCCAGACC-1	NK	3
AGCTGATGTCGATTAC-1	NK	13
AGCTGATGTCGGCTGT-1	T	19
AGCTGATGTTGCTTGA-1	T	0
AGCTGATTCACTACCC-1	T	18
AGCTGATTCCCGATTC-1	NK	17
AGCTGATTCTGAAAGA-1	NK	17
AGCTGGCAGAATCAGT-1	T	0
AGCTGGCAGAGCACTG-1	B	16
AGCTGGCAGAGGAAGT-1	T	5
AGCTGGCAGCAACTGG-1	Myeloid	10
AGCTGGCAGCAGGACT-1	NK	8
AGCTGGCAGGAGTAGA-1	Epithelial	4
AGCTGGCAGGCAGTGT-1	NK	8
AGCTGGCAGGTTCTCA-1	T	0
AGCTGGCAGTGAAGGA-1	T	0
AGCTGGCCAACCTCCT-1	T	19
AGCTGGCCAAGCGTCC-1	B	16
AGCTGGCCAAGGGAGG-1	NK	6
AGCTGGCCAATGCATC-1	T	12
AGCTGGCCACTGTAAC-1	NK	6
AGCTGGCCATAGACGG-1	T	0
AGCTGGCCATCGGCCA-1	Stromal	9
AGCTGGCCATCTCTCG-1	NK	8
AGCTGGCGTGCATCAT-1	Epithelial	4
AGCTGGCTCAGTGGTT-1	NK	13
AGCTGGCTCAGTGTGT-1	B	16
AGCTGGCTCCAATCCC-1	T	18
AGCTGGCTCCTGTGGG-1	T	12
AGCTGGCTCGAGAAGC-1	B	16
AGCTGGCTCGAGTTAC-1	T	18
AGCTGGCTCGATGCAT-1	T	2
AGCTGGCTCTCTATTG-1	Stromal	9
AGCTGGCTCTTCGTTA-1	T	2
AGCTGTAAGGAGTAGA-1	Stromal	9
AGCTGTAAGTCAGGAC-1	Stromal	9
AGCTGTAAGTCTGTGT-1	B	16
AGCTGTAAGTGTTCCA-1	B	1
AGCTGTACAAAGGCCA-1	NK	6
AGCTGTACAATTCGTG-1	T	11
AGCTGTACACCTCGTT-1	T	5
AGCTGTACACGTACAT-1	NK	17
AGCTGTACAGCAAACG-1	NK	17
AGCTGTACAGCAACGA-1	B	1
AGCTGTACAGGTCCTG-1	Myeloid	10
AGCTGTACATGCGCTG-1	T	14
AGCTGTACATGGCCTG-1	NK	3
AGCTGTAGTACGTAAA-1	T	11
AGCTGTAGTACTTCGA-1	NK	17
AGCTGTAGTAGCTGTT-1	B	16
AGCTGTAGTGGACCAA-1	T	12
AGCTGTATCAATTGGC-1	T	15
AGCTGTATCAGTTGAC-1	T	18
AGCTGTATCCAACCTC-1	Epithelial	4
AGCTGTATCCCACTTG-1	T	19
AGCTGTATCGCTATTT-1	T	7
AGGACGAAGATTACGA-1	NK	6
AGGACGAAGGTTGTGG-1	NK	3
AGGACGACAAACTACC-1	Myeloid	10
AGGACGACAATTAGGA-1	T	15
AGGACGAGTATGTTCG-1	B	16
AGGACGAGTCGCGCTA-1	T	2
AGGACGAGTCGTCGCA-1	T	0
AGGACGAGTGATAAGT-1	T	12
AGGACGAGTTACGAAA-1	NK	8
AGGACGATCACCCGGA-1	NK	13
AGGACGATCCAACGCG-1	NK	13
AGGACGATCGTCGCAG-1	T	19
AGGACGATCTGAGTAC-1	NK	6
AGGCCCAAGAGCTACG-1	T	5
AGGCCCAAGATCCGAG-1	Myeloid	10
AGGCCCAAGATTAGAC-1	NK	3
AGGCCCAAGCGAGCTA-1	NK	17
AGGCCCAAGCTACGTT-1	B	16
AGGCCCAAGTCTCCAA-1	B	1
AGGCCCAAGTTACCAC-1	NK	6
AGGCCCACAAGTCCTA-1	T	12
AGGCCCACACTACACA-1	T	2
AGGCCCACATAAAGTG-1	Epithelial	4
AGGCCCACATGCTATG-1	NK	8
AGGCCCAGTAGTACAA-1	T	2
AGGCCCAGTATGGGTG-1	NK	8
AGGCCCAGTGACAAGC-1	NK	3
AGGCCCAGTGTGTGTT-1	T	7
AGGCCCAGTTAGGAGC-1	T	0
AGGCCCATCATCGCAA-1	T	12
AGGCCCATCCATGTTT-1	Stromal	9
AGGCCCATCCCGAAGC-1	T	5
AGGCCCATCCCTACGT-1	T	15
AGGCCCATCGAGGCTC-1	NK	13
AGGCCCATCGATGCAT-1	T	18
AGGCCCATCGCGCTGA-1	B	16
AGGCCCATCGCTTGAA-1	B	16
AGGCCCATCGGTAGGA-1	T	14
AGGCCCATCTCTGACC-1	T	11
AGGCCTGAGCAACTGG-1	NK	17
AGGCCTGAGCGCAATG-1	Myeloid	10
AGGCCTGAGGGTTCTT-1	T	15
AGGCCTGAGGTAGGCT-1	T	11
AGGCCTGAGTAGTTCC-1	NK	17
AGGCCTGCACAGCTTA-1	B	1
AGGCCTGCACATTGCA-1	NK	17
AGGCCTGCAGACTAAA-1	T	5
AGGCCTGCAGCACATT-1	NK	13
AGGCCTGCAGGCATCC-1	NK	8
AGGCCTGCATATAGAG-1	T	2
AGGCCTGGTATCTCAG-1	Epithelial	4
AGGCCTGGTGGAGTGT-1	NK	3
AGGCCTGGTGGTACTT-1	Stromal	9
AGGCCTGGTGTCGTGC-1	Stromal	9
AGGCCTGGTTATGCAC-1	T	2
AGGCCTGGTTTAAGGA-1	NK	17
AGGCCTGTCCATAGGT-1	T	0
AGGCCTGTCCGGCTGA-1	B	16
AGGCCTGTCTGTGTCC-1	T	2
AGGCCTGTCTTCTCTC-1	B	16
AGGCGAAAGACTTGAA-1	B	16
AGGCGAAAGATCGATA-1	B	1
AGGCGAAAGGCTTCGC-1	T	11
AGGCGAAAGTGAACCG-1	Myeloid	10
AGGCGAACAAGCGTCC-1	T	18
AGGCGAACAAGGAACC-1	Epithelial	4
AGGCGAACAATGACTC-1	B	1
AGGCGAACAGTAACCT-1	NK	8
AGGCGAACAGTAGGCA-1	NK	3
AGGCGAACATTTGTTC-1	T	12
AGGCGAAGTCAAGACG-1	Stromal	9
AGGCGAAGTGATAAGT-1	T	12
AGGCGAAGTTGGCGAA-1	Epithelial	4
AGGCGAATCACGATTG-1	T	18
AGGCGAATCCATATCT-1	T	7
AGGCGAATCCCGCAAG-1	NK	8
AGGCGAATCGCTACCT-1	T	19
AGGCGAATCTGGTACA-1	NK	3
AGGCGAATCTTCACTA-1	T	0
AGGCGTCAGATGGGAA-1	NK	6
AGGCGTCAGGAAACTT-1	T	18
AGGCGTCAGTAGGTCG-1	NK	13
AGGCGTCAGTGATATG-1	T	18
AGGCGTCAGTGTGTAA-1	T	12
AGGCGTCCAATGGTCT-1	Epithelial	4
AGGCGTCCAATTCTCT-1	T	7
AGGCGTCCAGTTGGAG-1	Epithelial	4
AGGCGTCCATCAGAAA-1	B	16
AGGCGTCCATCCCAAA-1	T	7
AGGCGTCGTAATGCCT-1	B	16
AGGCGTCGTCAAACAA-1	B	16
AGGCGTCGTGGCCTTG-1	T	5
AGGCGTCGTGTCCAGC-1	NK	3
AGGCGTCTCATGCTTT-1	T	14
AGGCGTCTCGCGTGAC-1	T	7
AGGCGTCTCTCTGAGA-1	B	1
AGGCGTCTCTGGCCAG-1	T	14
AGTCAACAGCTACGCC-1	T	14
AGTCAACAGGAGACTC-1	T	18
AGTCAACCAAAGAGAG-1	T	11
AGTCAACCAAGTCTCA-1	Stromal	9
AGTCAACCATCCCTTG-1	T	19
AGTCAACGTGACCAGA-1	T	15
AGTCAACGTTCAGTTG-1	T	0
AGTCAACTCCCAATGA-1	T	12
AGTCAACTCTGGCACG-1	T	12
AGTCAACTCTTGGCCT-1	Epithelial	4
AGTCCGGAGACGCCAA-1	NK	3
AGTCCGGAGCAACTGG-1	T	15
AGTCCGGAGCGTCTGC-1	T	12
AGTCCGGAGGATGTCG-1	Epithelial	4
AGTCCGGAGTACCCAT-1	T	7
AGTCCGGCAAGGCGTA-1	NK	17
AGTCCGGCAAGGGAGG-1	T	7
AGTCCGGCAGTAGGCA-1	T	0
AGTCCGGCATTATGGC-1	T	19
AGTCCGGCATTCACCC-1	B	16
AGTCCGGGTAACCATC-1	Epithelial	4
AGTCCGGGTAACCGAG-1	T	2
AGTCCGGGTAATGTAG-1	NK	17
AGTCCGGGTAGGGTTG-1	NK	13
AGTCCGGGTCAAATCC-1	B	16
AGTCCGGGTCTGCGCA-1	T	18
AGTCCGGGTGGACGAT-1	T	12
AGTCCGGGTTCTCGAA-1	T	5
AGTCCGGTCAATGCAC-1	NK	8
AGTCCGGTCCCAATAG-1	T	19
AGTCCGGTCGCGTGAC-1	T	7
AGTCCGGTCTACTTTG-1	NK	8
AGTCCGGTCTCGACAA-1	NK	17
AGTGCCGAGAATGCTA-1	Epithelial	4
AGTGCCGAGCCCATGC-1	NK	6
AGTGCCGAGCCTCGCA-1	NK	8
AGTGCCGAGCTTACCA-1	NK	17
AGTGCCGAGTAATGTG-1	T	5
AGTGCCGAGTCAACTC-1	T	5
AGTGCCGCAACACGGA-1	B	16
AGTGCCGCAATGGTCT-1	T	2
AGTGCCGGTCAAATCC-1	Epithelial	4
AGTGCCGGTGCCCAGT-1	Stromal	9
AGTGCCGGTGGTGGTA-1	NK	17
AGTGCCGGTTATAGAG-1	T	2
AGTGCCGGTTCCGGCA-1	T	12
AGTGCCGGTTTGTCTT-1	T	2
AGTGCCGTCCCATAGA-1	T	18
AGTGCCGTCCGCTATC-1	T	19
AGTGCCGTCGGTTCCT-1	B	1
AGTGCCGTCTGTAGAC-1	T	11
AGTGCGCAGAGTCCGA-1	NK	17
AGTGCGCAGGGCGAAG-1	Epithelial	4
AGTGCGCAGTTACACC-1	T	18
AGTGCGCCAAGCGTCC-1	T	15
AGTGCGCCACAATAAG-1	Stromal	9
AGTGCGCCACCCATCT-1	T	19
AGTGCGCCACCGAATT-1	Myeloid	10
AGTGCGCCAGCGTAGA-1	Epithelial	4
AGTGCGCCAGGTTATC-1	NK	17
AGTGCGCGTAAACGAT-1	T	7
AGTGCGCGTACCTATG-1	T	15
AGTGCGCGTAGCATGG-1	T	0
AGTGCGCGTCAGTGTT-1	NK	17
AGTGCGCGTCCAAGAG-1	T	7
AGTGCGCGTGCACATT-1	T	12
AGTGCGCGTTGTCGGC-1	NK	13
AGTGCGCTCACAGGGA-1	T	5
AGTGCGCTCAGAACGG-1	NK	3
AGTGCGCTCCAGGGAA-1	T	11
AGTGCGCTCTCCTTAA-1	B	16
AGTGCGCTCTCGACCT-1	B	16
AGTGCGCTCTTATCAC-1	Myeloid	10
AGTGTACAGAAAGGGT-1	NK	8
AGTGTACAGAACGTTA-1	NK	8
AGTGTACAGAGGCAGG-1	B	16
AGTGTACAGCTGAGGT-1	T	11
AGTGTACAGGATTGCG-1	NK	8
AGTGTACAGGCAATTA-1	B	16
AGTGTACAGTAATGTG-1	T	7
AGTGTACAGTGATATG-1	NK	17
AGTGTACAGTTATGAG-1	T	18
AGTGTACCACTTATGG-1	T	18
AGTGTACCAGACCTGC-1	NK	17
AGTGTACCAGAGAGAA-1	NK	17
AGTGTACCATACTGCA-1	B	16
AGTGTACGTAAACGGC-1	T	11
AGTGTACGTCATAAGA-1	T	19
AGTGTACGTCATTGGT-1	T	7
AGTGTACGTCGCTAGC-1	B	16
AGTGTACGTGCACCCA-1	T	2
AGTGTACGTGTGCTTA-1	T	12
AGTGTACGTTGTGAGG-1	T	12
AGTGTACTCAACTTGG-1	B	16
AGTGTACTCTCGACAA-1	T	18
AGTGTACTCTCTGCGT-1	B	16
AGTTACGAGAGTGGTC-1	NK	13
AGTTACGAGCTCCGGT-1	B	1
AGTTACGAGGATGTAT-1	T	7
AGTTACGAGGTAAGTT-1	NK	6
AGTTACGAGTACAGAT-1	B	16
AGTTACGAGTTCGCGC-1	B	16
AGTTACGAGTTGACAA-1	NK	8
AGTTACGCATCGGCCA-1	T	11
AGTTACGGTAACCCAT-1	T	0
AGTTACGGTCTGGGAA-1	B	16
AGTTACGGTTCTACCC-1	NK	3
AGTTACGTCACAACAC-1	B	16
AGTTACGTCAGAATGA-1	B	1
AGTTACGTCATTCTCA-1	B	16
AGTTACGTCCAAGTCA-1	T	0
AGTTACGTCCACACCT-1	B	1
AGTTACGTCCAGAATC-1	Epithelial	4
AGTTACGTCGGTTGTA-1	T	2
AGTTACGTCGTCCCTA-1	Epithelial	4
AGTTACGTCGTCTAGA-1	T	12
AGTTACGTCTGAAAGA-1	T	15
AGTTTGGAGACCATAA-1	NK	17
AGTTTGGAGAGAGTTT-1	NK	8
AGTTTGGAGGCCAGTA-1	NK	3
AGTTTGGAGGTTCGAG-1	NK	13
AGTTTGGAGTATACCC-1	T	15
AGTTTGGCAACTCGTA-1	B	16
AGTTTGGCAATTGGCT-1	T	15
AGTTTGGCAGGTCCTG-1	T	19
AGTTTGGCATTAACGC-1	NK	17
AGTTTGGGTAAACGTA-1	T	15
AGTTTGGGTAAAGCTA-1	B	1
AGTTTGGGTCCACCAG-1	NK	13
AGTTTGGGTGATTCCA-1	T	18
AGTTTGGTCGTTCTAT-1	T	18
AGTTTGGTCTAGTCGA-1	NK	13
AGTTTGGTCTTCATAC-1	T	15
ATAGGCTAGAACCATA-1	T	12
ATAGGCTAGATTCCGT-1	Epithelial	4
ATAGGCTAGCGTCAAG-1	T	12
ATAGGCTAGGATGTAT-1	NK	8
ATAGGCTAGGCTCAGA-1	B	16
ATAGGCTAGGCTCCTG-1	T	18
ATAGGCTCAACGTCGC-1	NK	8
ATAGGCTCAAGGGAGG-1	T	14
ATAGGCTCAATCATCG-1	T	12
ATAGGCTCAGAGATGC-1	B	1
ATAGGCTCAGATACAA-1	NK	17
ATAGGCTCAGGACTGA-1	T	7
ATAGGCTCATAGAATG-1	T	15
ATAGGCTCATCGGCTG-1	T	18
ATAGGCTCATTAGCCA-1	T	12
ATAGGCTGTAGCAGCA-1	NK	17
ATAGGCTGTATTCTCT-1	B	16
ATAGGCTGTGAATCAA-1	B	16
ATAGGCTGTTCTTTCA-1	T	19
ATAGGCTGTTGGAGGT-1	B	1
ATAGGCTGTTTAGAAG-1	T	18
ATAGGCTGTTTCGTTT-1	B	1
ATAGGCTTCACCCGGA-1	B	16
ATAGGCTTCAGAACGG-1	B	1
ATAGGCTTCCGCGATG-1	B	1
ATAGGCTTCGCCAGAC-1	B	16
ATAGGCTTCGGGATCC-1	T	0
ATAGGCTTCTACATCT-1	T	2
ATAGTCGAGAACTCCT-1	NK	8
ATAGTCGAGAGTAAGG-1	B	1
ATAGTCGAGCAGTAGC-1	NK	17
ATAGTCGAGGTACACG-1	T	12
ATAGTCGCAACAAACA-1	T	19
ATAGTCGCAAGGCTTT-1	T	18
ATAGTCGCAATACTGC-1	NK	13
ATAGTCGCATGCGCTG-1	Stromal	9
ATAGTCGGTAACAATG-1	NK	13
ATAGTCGGTCGAGGAT-1	B	16
ATAGTCGGTCGCTAGC-1	T	2
ATAGTCGGTGCCCTAG-1	NK	3
ATAGTCGGTGCGCTCA-1	B	1
ATAGTCGGTGTCGTGC-1	T	5
ATAGTCGTCAACTTGG-1	T	2
ATAGTCGTCCGGAAAG-1	T	15
ATAGTCGTCCTGAAAC-1	Stromal	9
ATAGTCGTCGATATGC-1	T	12
ATAGTCGTCGTTGTAG-1	NK	17
ATATTCCAGAGAGTTT-1	NK	13
ATATTCCAGGTTACAA-1	NK	3
ATATTCCAGTGTAATG-1	NK	8
ATATTCCAGTTATGAG-1	Stromal	9
ATATTCCCAAATTGAG-1	T	18
ATATTCCCAACTCGTA-1	T	15
ATATTCCCACACATGT-1	NK	13
ATATTCCCAGGTTATC-1	T	2
ATATTCCCATACCCGG-1	Stromal	9
ATATTCCCATACTGCA-1	NK	17
ATATTCCGTAAAGCTA-1	T	0
ATATTCCGTATCTCAG-1	Myeloid	10
ATATTCCGTCTAACCA-1	NK	17
ATATTCCGTCTCTGCT-1	T	15
ATATTCCGTGGACCAA-1	T	19
ATATTCCGTGGTTCTA-1	NK	8
ATATTCCGTTGCTTGA-1	T	15
ATATTCCTCCCAGTAA-1	NK	3
ATATTCCTCCCGTAGG-1	T	18
ATATTCCTCCCTATTA-1	T	15
ATATTCCTCGGGACAA-1	T	15
ATATTCCTCTACATCT-1	B	1
ATATTCCTCTAGCTGA-1	T	18
ATCCAGAAGAGAACCC-1	B	1
ATCCAGAAGAGTCCGA-1	T	11
ATCCAGAAGCTGATTC-1	NK	17
ATCCAGAAGGATGCCA-1	T	18
ATCCAGAAGGCATGCA-1	B	16
ATCCAGACAAACCGAG-1	NK	13
ATCCAGACAATACTGC-1	T	2
ATCCAGACACATAAAG-1	T	11
ATCCAGACAGCCACGT-1	NK	8
ATCCAGACATGCACTA-1	NK	17
ATCCAGACATGCGCTG-1	T	7
ATCCAGACATGGTATC-1	NK	3
ATCCAGACATTAGCCA-1	B	16
ATCCAGAGTAGAAGCC-1	T	0
ATCCAGAGTAGGGTTG-1	NK	3
ATCCAGAGTCCCTTTG-1	T	0
ATCCAGAGTGGACCAA-1	T	18
ATCCAGAGTTTGTAGC-1	T	15
ATCCAGATCCAACGCG-1	Stromal	9
ATCCAGATCCCATAGA-1	B	16
ATCCAGATCCTGGGAC-1	T	15
ATCCAGATCTCGGCGA-1	NK	17
ATCCAGATCTCTTCCT-1	T	2
ATCCAGATCTTAAGCG-1	T	14
ATCCAGATCTTACCTA-1	Epithelial	4
ATCCCTGAGAGGCAGG-1	T	0
ATCCCTGAGAGTAAGG-1	T	5
ATCCCTGAGCGAATAT-1	T	14
ATCCCTGAGTAACACA-1	NK	13
ATCCCTGAGTCTCCAA-1	NK	3
ATCCCTGCAATGGTAA-1	B	1
ATCCCTGCAATTAGGA-1	T	0
ATCCCTGCACTAGGAG-1	T	12
ATCCCTGCAGGACTGA-1	NK	8
ATCCCTGCAGGTGTGA-1	Stromal	9
ATCCCTGCAGGTTATC-1	B	16
ATCCCTGCATATAGAG-1	Stromal	9
ATCCCTGGTACTAGAA-1	Myeloid	10
ATCCCTGGTATTGTGC-1	Myeloid	10
ATCCCTGGTCTCTAAG-1	T	15
ATCCCTGGTGATAACA-1	T	2
ATCCCTGGTGCTAGTT-1	T	11
ATCCCTGGTGGTGGTA-1	Myeloid	10
ATCCCTGGTGTCCCAG-1	B	16
ATCCCTGGTTTCGATG-1	NK	13
ATCCCTGTCATGAACC-1	T	14
ATCCCTGTCGTTGTAG-1	T	19
ATCCCTGTCTGGGCGT-1	T	14
ATCCCTGTCTTTATCG-1	NK	13
ATCCTCGAGTTCTCCC-1	B	1
ATCCTCGCAAGCCCTG-1	Myeloid	10
ATCCTCGCAAGCGACA-1	NK	3
ATCCTCGCAGAATGCG-1	T	15
ATCCTCGCATCCATAG-1	NK	8
ATCCTCGCATTAACGC-1	T	5
ATCCTCGCATTGATGC-1	Epithelial	4
ATCCTCGGTAAGCCGA-1	NK	17
ATCCTCGGTACAAGCG-1	NK	3
ATCCTCGGTATTCGAC-1	B	16
ATCCTCGGTCCGGTAC-1	T	15
ATCCTCGGTGTGAGGT-1	NK	17
ATCCTCGGTTCCAGTA-1	NK	17
ATCCTCGTCCCTAAAG-1	T	18
ATCCTCGTCGATAGGG-1	T	0
ATCCTCGTCTTCTTCC-1	B	16
ATCCTGCAGCGTCAAG-1	T	2
ATCCTGCAGGCAAGCT-1	Epithelial	4
ATCCTGCAGTACTCTG-1	T	5
ATCCTGCCAAGAGATT-1	T	14
ATCCTGCCACAAGGGT-1	T	0
ATCCTGCCACAGGTAG-1	B	16
ATCCTGCCATCGCCTT-1	B	16
ATCCTGCGTAAAGCTA-1	T	0
ATCCTGCGTATTTGCG-1	T	14
ATCCTGCGTCAACTGT-1	T	18
ATCCTGCGTGATAGAT-1	T	15
ATCCTGCGTGGGTAGT-1	Myeloid	10
ATCCTGCGTTACGCTA-1	NK	17
ATCCTGCGTTTGGATC-1	T	15
ATCCTGCTCCCTAAAG-1	T	7
ATCCTGCTCTCTTCTC-1	T	14
ATCGAGTAGAAAGCAG-1	T	5
ATCGAGTAGACCAATA-1	NK	3
ATCGAGTAGGTTGTGG-1	T	18
ATCGAGTCAAGGATGC-1	T	15
ATCGAGTCAGGTCCTG-1	T	0
ATCGAGTCATACTGCA-1	Stromal	9
ATCGAGTCATAGCCAT-1	T	14
ATCGAGTGTAGCAGCA-1	T	19
ATCGAGTGTAGCGGTA-1	Epithelial	4
ATCGAGTGTATTCGCA-1	B	16
ATCGAGTGTCCGTAGC-1	T	15
ATCGAGTGTCTCGGGT-1	T	11
ATCGAGTGTCTGGGAA-1	Epithelial	4
ATCGAGTGTGAGTTGG-1	T	0
ATCGAGTTCACCCGGA-1	Stromal	9
ATCGAGTTCAGGTCTA-1	B	16
ATCGAGTTCGCCACTT-1	NK	17
ATCGAGTTCGCCCTTA-1	B	16
ATCGAGTTCTATACCT-1	B	16
ATCGAGTTCTATGAGC-1	NK	8
ATCGAGTTCTCGTAGA-1	T	19
ATCGAGTTCTTCTCTC-1	B	16
ATGCATGAGAGTCCGA-1	NK	13
ATGCATGAGGCAGATC-1	NK	17
ATGCATGAGGTTCGTT-1	B	16
ATGCATGAGTACAACA-1	NK	17
ATGCATGAGTAGACCG-1	B	16
ATGCATGAGTTAGAGT-1	T	12
ATGCATGCAAACGACG-1	Epithelial	4
ATGCATGCAATGGCTT-1	T	2
ATGCATGCACGCGCAT-1	NK	17
ATGCATGCAGGCTACC-1	NK	17
ATGCATGCATGGTTTG-1	NK	8
ATGCATGCATTCTTTG-1	NK	3
ATGCATGGTACAAATG-1	NK	6
ATGCATGGTTCATTTC-1	NK	17
ATGCATGTCAGGAATA-1	NK	6
ATGCATGTCATCGCAA-1	T	5
ATGCATGTCCCAGCGA-1	T	18
ATGCATGTCGCCAGAC-1	Epithelial	4
ATGGATCAGAGACTCG-1	T	15
ATGGATCAGCCTTTGA-1	T	14
ATGGATCAGGCCTCGT-1	Epithelial	4
ATGGATCAGGGATCCA-1	Stromal	9
ATGGATCAGGGTCTGA-1	NK	6
ATGGATCAGTGGTGTG-1	T	18
ATGGATCCAAAGCATA-1	NK	13
ATGGATCCAATCCATG-1	T	18
ATGGATCCAATGCACT-1	NK	3
ATGGATCCAATGGCTT-1	T	11
ATGGATCCACACACAT-1	T	18
ATGGATCCACATGATC-1	NK	17
ATGGATCCACCGAATT-1	NK	8
ATGGATCCAGAACAGC-1	T	2
ATGGATCCAGCAACCC-1	T	11
ATGGATCCAGTGGTCC-1	B	1
ATGGATCCATGCCTTC-1	NK	3
ATGGATCCATGGTAAA-1	T	14
ATGGATCGTACCGGCT-1	T	15
ATGGATCGTCAGGTGA-1	B	16
ATGGATCGTCGAGAAC-1	T	19
ATGGATCGTGCTGAAG-1	T	12
ATGGATCGTGCTTACA-1	NK	3
ATGGATCGTTACCACA-1	NK	8
ATGGATCGTTCAGAAA-1	B	1
ATGGATCGTTGTCGGC-1	T	15
ATGGATCTCTCTATCA-1	Myeloid	10
ATGGATCTCTGAAAGA-1	B	16
ATGTACGAGAAGAGTG-1	B	1
ATGTACGAGCAGAATT-1	T	12
ATGTACGAGCGCAATG-1	NK	3
ATGTACGAGCTTACCA-1	B	16
ATGTACGAGGAGTAGA-1	Stromal	9
ATGTACGAGGTAGGCT-1	NK	13
ATGTACGAGGTTAGTA-1	NK	17
ATGTACGAGTACAACA-1	NK	17
ATGTACGAGTAGGTCG-1	T	5
ATGTACGAGTTCAGGG-1	NK	3
ATGTACGCAACGTACT-1	NK	13
ATGTACGCACAAGGGT-1	NK	3
ATGTACGCACGCGCAT-1	T	18
ATGTACGCAGCGTCGT-1	NK	17
ATGTACGCAGCTTACA-1	NK	8
ATGTACGCATGTCCCT-1	T	18
ATGTACGCATTCTCGC-1	T	11
ATGTACGCATTGCCTC-1	NK	8
ATGTACGGTGAATCAA-1	NK	6
ATGTACGGTGGCGCTT-1	NK	8
ATGTACGGTTCCAATG-1	B	16
ATGTACGTCAAACCAC-1	Epithelial	4
ATGTACGTCAAGGCAG-1	T	0
ATGTACGTCGCTACCT-1	B	16
ATGTACGTCGCTAGTA-1	Epithelial	4
ATGTACGTCTCGGCGA-1	T	5
ATGTCGAAGAGCGGTT-1	B	1
ATGTCGAAGCACGTAG-1	NK	13
ATGTCGAAGCAGAAAG-1	B	16
ATGTCGAAGTCCCGCA-1	NK	17
ATGTCGAAGTGCTAGG-1	Stromal	9
ATGTCGACAATGGCTT-1	T	15
ATGTCGACAGGTGTCC-1	T	12
ATGTCGACAGTTCGGC-1	T	5
ATGTCGACATGTAGAA-1	T	5
ATGTCGAGTGACCAGA-1	Stromal	9
ATGTCGAGTGCTGTCG-1	T	2
ATGTCGAGTGGCGCTT-1	T	14
ATGTCGAGTTCCATCC-1	B	16
ATGTCGAGTTTCTCTA-1	B	16
ATGTCGATCCTTCGAC-1	T	15
ATGTCGATCTATAGGC-1	T	5
ATGTCTTAGACACGGT-1	T	12
ATGTCTTAGGACCGAT-1	T	2
ATGTCTTAGGCGACTA-1	Epithelial	4
ATGTCTTAGTACGCGA-1	NK	6
ATGTCTTAGTAGGTCG-1	T	0
ATGTCTTAGTGTCACT-1	T	15
ATGTCTTAGTTCAAGA-1	NK	6
ATGTCTTCAACTCGAT-1	B	1
ATGTCTTCAAGGACCA-1	T	0
ATGTCTTCAAGGGTAC-1	B	1
ATGTCTTCACCACGAC-1	T	7
ATGTCTTCAGTGCGAA-1	B	1
ATGTCTTGTAGCGAGT-1	NK	17
ATGTCTTGTCAGTGCC-1	B	16
ATGTCTTGTCTAAGAA-1	NK	17
ATGTCTTGTGCGCATC-1	NK	8
ATGTCTTTCACTGGTA-1	NK	17
ATGTCTTTCCGAATTG-1	Myeloid	10
ATGTCTTTCCGGAAAG-1	Epithelial	4
ATGTCTTTCCTCATTA-1	Stromal	9
ATGTCTTTCGTCCCTA-1	T	18
ATGTTTCAGAAAGCAG-1	T	18
ATGTTTCAGAATACTG-1	NK	17
ATGTTTCAGACCGCAA-1	Stromal	9
ATGTTTCAGAGGTGGG-1	Stromal	9
ATGTTTCAGCTTACCA-1	T	0
ATGTTTCAGTCCGGAA-1	NK	17
ATGTTTCAGTGATCTC-1	NK	8
ATGTTTCCAAGCAATA-1	NK	3
ATGTTTCCAAGCTTTG-1	B	16
ATGTTTCCACAACGGA-1	NK	13
ATGTTTCCACGCGACT-1	T	19
ATGTTTCCAGCACATT-1	T	14
ATGTTTCCATTGATGC-1	T	15
ATGTTTCCATTTGTTC-1	T	12
ATGTTTCGTAACGGCA-1	NK	13
ATGTTTCGTATCACAC-1	NK	17
ATGTTTCGTCAAACAA-1	T	2
ATGTTTCGTCCAAGAG-1	T	5
ATGTTTCTCGATGAAA-1	Epithelial	4
ATGTTTCTCGATGTAC-1	T	14
ATGTTTCTCGCCCTTA-1	NK	13
ATGTTTCTCGCTATAG-1	T	2
ATTACCTAGATGGGAA-1	T	7
ATTACCTAGCGAGCTA-1	T	15
ATTACCTAGCTATCCA-1	T	0
ATTACCTAGGGTTCCC-1	NK	13
ATTACCTAGTTGACAA-1	NK	8
ATTACCTCAAGCGAAC-1	T	5
ATTACCTCATATTGGC-1	NK	17
ATTACCTGTCCGAGCT-1	B	1
ATTACCTGTGAGTAAT-1	B	16
ATTACCTGTGCTTCCT-1	NK	6
ATTACCTGTGCTTGAT-1	T	15
ATTACCTGTGGATTCT-1	T	2
ATTACCTGTGTGTGCC-1	T	2
ATTACCTTCCATTGAG-1	T	0
ATTACCTTCGAGGTAG-1	B	16
ATTACCTTCGATGTAC-1	T	7
ATTACCTTCGGTAGGA-1	T	18
ATTACCTTCTTTCGAT-1	T	5
ATTACTCAGAAATTCG-1	T	0
ATTACTCAGAGAAGCA-1	B	1
ATTACTCAGAGTTCGG-1	B	16
ATTACTCAGCAGAAAG-1	T	19
ATTACTCAGCATTGGG-1	NK	8
ATTACTCAGCTAACAA-1	NK	17
ATTACTCAGGTCACTT-1	T	19
ATTACTCAGGTTCGAG-1	Stromal	9
ATTACTCAGTTGTCCA-1	Epithelial	4
ATTACTCCAAGTGGCA-1	T	7
ATTACTCGTAAGGTCG-1	NK	6
ATTACTCGTAGGGTCA-1	NK	17
ATTACTCGTATGTTCG-1	NK	3
ATTACTCGTGAGGGTT-1	NK	6
ATTACTCGTTACGCTA-1	T	18
ATTACTCTCACAGGGA-1	B	16
ATTACTCTCCACGCTT-1	T	14
ATTACTCTCCTCAAGA-1	T	2
ATTACTCTCCTTCGAC-1	NK	17
ATTACTCTCTTACTCA-1	T	14
ATTACTCTCTTTGCAT-1	NK	6
ATTCGTTAGTAGTTCC-1	T	14
ATTCGTTAGTCTAGAA-1	B	16
ATTCGTTAGTCTCCAA-1	T	15
ATTCGTTCAACCTCTC-1	T	5
ATTCGTTCAAGGAGGG-1	B	16
ATTCGTTCAATGTAAG-1	NK	13
ATTCGTTCAGGCAGAT-1	NK	8
ATTCGTTCATTCCCGT-1	Epithelial	4
ATTCGTTGTATTGTGC-1	T	2
ATTCGTTGTCAGAGTG-1	NK	17
ATTCGTTGTGGTGGTA-1	NK	6
ATTCGTTGTGTTAGAA-1	T	15
ATTCGTTGTTTGAAGA-1	T	0
ATTCGTTTCCGTACGG-1	T	15
ATTCGTTTCGCGATGC-1	T	12
ATTCGTTTCGTCGCAG-1	T	19
ATTCGTTTCTCTGACC-1	Myeloid	10
ATTGTCTAGAGCTGTG-1	T	0
ATTGTCTAGGCATGCA-1	T	14
ATTGTCTAGGCCTAAG-1	T	2
ATTGTCTCAACGGGTA-1	NK	8
ATTGTCTCAAGGAACC-1	B	1
ATTGTCTCACACTAGT-1	T	2
ATTGTCTCACCATTCC-1	B	16
ATTGTCTCAGCTTACA-1	B	1
ATTGTCTCAGGCTACC-1	B	16
ATTGTCTCATCGAGTT-1	NK	8
ATTGTCTGTAATGTAG-1	T	7
ATTGTCTGTCCAACCG-1	Myeloid	10
ATTGTCTGTCGTAATC-1	NK	8
ATTGTCTGTCTGGGAA-1	B	1
ATTGTCTGTGAATGGC-1	T	14
ATTGTCTGTGGTGGTA-1	T	0
ATTGTCTGTGTTAGAA-1	T	18
ATTGTCTGTTACCACA-1	T	7
ATTGTCTTCCATTGTT-1	B	16
ATTGTCTTCCCAGCAG-1	T	15
ATTGTCTTCCCGCAAG-1	NK	8
ATTGTCTTCCCGTAGG-1	Stromal	9
ATTGTCTTCGAGGTCC-1	T	7
ATTGTCTTCTCTTCCT-1	T	7
ATTGTGGAGCAGTAGC-1	NK	3
ATTGTGGAGCTGAATA-1	NK	8
ATTGTGGAGTCTGTGT-1	NK	3
ATTGTGGCAGCAACCC-1	B	1
ATTGTGGCATCAGCTA-1	Myeloid	10
ATTGTGGCATCCCTCA-1	NK	17
ATTGTGGCATTATGGC-1	T	18
ATTGTGGGTATACGCT-1	NK	13
ATTGTGGGTTATCGAC-1	B	16
ATTGTGGGTTCCTATT-1	NK	3
ATTGTGGTCCTCAAGA-1	T	19
ATTGTGGTCCTTTGCG-1	Myeloid	10
ATTGTGGTCGTTGTAG-1	B	1
ATTTGTCAGCCATTCA-1	Myeloid	10
ATTTGTCAGGCAGATC-1	NK	3
ATTTGTCAGGCTAAAT-1	NK	3
ATTTGTCAGGGTGTTG-1	NK	17
ATTTGTCAGTGCTGAG-1	T	5
ATTTGTCCAAACCTAC-1	T	2
ATTTGTCCACAAGTGG-1	T	18
ATTTGTCCACAGGTAG-1	NK	17
ATTTGTCCACATGATC-1	T	12
ATTTGTCCACATTCTT-1	NK	8
ATTTGTCCACTCCACT-1	B	1
ATTTGTCCAGCAACCC-1	B	16
ATTTGTCCAGCAATGG-1	NK	8
ATTTGTCCATCCCTCA-1	T	14
ATTTGTCGTCACAGGA-1	T	5
ATTTGTCGTCATAGCT-1	NK	17
ATTTGTCGTGAGGGTT-1	T	12
ATTTGTCGTGGAAGCT-1	NK	8
ATTTGTCGTGTGTGCC-1	Epithelial	4
ATTTGTCTCAGGTTTG-1	T	15
ATTTGTCTCCATTGAG-1	NK	17
ATTTGTCTCCTAAGTG-1	T	18
ATTTGTCTCGGAAAGC-1	Epithelial	4
ATTTGTCTCGGTCAGC-1	T	15
CAAAGCTAGCCCATTA-1	T	7
CAAAGCTAGGAGAACA-1	T	18
CAAAGCTAGTACGCGA-1	T	5
CAAAGCTAGTAGTCGG-1	T	11
CAAAGCTAGTAGTTCC-1	NK	3
CAAAGCTAGTATACGA-1	NK	8
CAAAGCTAGTCATCTG-1	B	16
CAAAGCTAGTGAGCTG-1	T	19
CAAAGCTCAACGAGGT-1	T	19
CAAAGCTCACCCATCT-1	T	12
CAAAGCTCAGATACAA-1	Myeloid	10
CAAAGCTCAGTTAAAG-1	NK	3
CAAAGCTCAGTTGCAT-1	NK	3
CAAAGCTGTAGTAACA-1	T	18
CAAAGCTGTTACTACG-1	NK	17
CAAAGCTGTTCCAATG-1	T	12
CAAAGCTGTTGGCTTA-1	NK	13
CAAAGCTTCACTACCC-1	T	7
CAAAGCTTCACTTACT-1	T	15
CAAAGCTTCCGTTTCG-1	NK	6
CAAAGCTTCGATGTAC-1	T	11
CAAAGCTTCGTCTAGA-1	T	18
CAAAGCTTCTCGGCGA-1	B	1
CAAAGCTTCTGGCCAG-1	NK	13
CAACCAAAGAGGTACC-1	B	1
CAACCAAAGGTCACTT-1	T	11
CAACCAAAGTGGACGT-1	T	19
CAACCAACAAACCCTA-1	Myeloid	10
CAACCAACAAGTCCTA-1	B	1
CAACCAACACCACAGC-1	T	19
CAACCAACACCCATCT-1	B	16
CAACCAACACCTATTT-1	Stromal	9
CAACCAACAGAACTTC-1	T	2
CAACCAACAGGACTGA-1	T	14
CAACCAACAGGTAGGT-1	T	12
CAACCAACAGTAACCT-1	T	2
CAACCAACAGTATACC-1	B	16
CAACCAACATATAGAG-1	NK	8
CAACCAAGTCAGAAAT-1	T	12
CAACCAAGTCTTAGCA-1	B	16
CAACCAAGTTAAGTCC-1	T	15
CAACCAAGTTGCCGCA-1	T	2
CAACCAATCCCGTATC-1	B	16
CAACCAATCTAGTCGA-1	NK	3
CAACCAATCTCTCAAT-1	B	16
CAACCAATCTGTCGGG-1	NK	17
CAACCAATCTTGTCGC-1	Myeloid	10
CAACGGCAGTAATCAG-1	T	15
CAACGGCAGTACGCGA-1	T	14
CAACGGCAGTAGTGTA-1	T	2
CAACGGCAGTTCGTTG-1	NK	6
CAACGGCCAATCACTG-1	NK	6
CAACGGCCAATGACTC-1	T	11
CAACGGCCACAGGAAC-1	B	16
CAACGGCCACCCTTTG-1	T	14
CAACGGCCACGAACGA-1	NK	8
CAACGGCCACGATTAC-1	T	5
CAACGGCCATCAACTG-1	B	1
CAACGGCGTACGTAAA-1	Myeloid	10
CAACGGCGTAGGGTTG-1	T	0
CAACGGCGTCAGAAAT-1	B	1
CAACGGCGTCATTGCA-1	B	16
CAACGGCGTCTCTGCT-1	B	16
CAACGGCGTGAAACAT-1	T	18
CAACGGCGTGTAGGAC-1	NK	6
CAACGGCGTTCTTTGT-1	Stromal	9
CAACGGCGTTTGCATG-1	T	19
CAACGGCTCATGTTCT-1	NK	13
CAACGGCTCTATACCT-1	NK	3
CAACGGCTCTTGGCCT-1	T	18
CAACGTAAGACAGTGC-1	B	16
CAACGTAAGAGTTTGA-1	T	12
CAACGTAAGCCCATGC-1	Stromal	9
CAACGTAAGGATGTAT-1	T	0
CAACGTAAGGTACATA-1	T	15
CAACGTAAGGTGTCGA-1	B	16
CAACGTAAGTTCCAGT-1	NK	3
CAACGTACAAGCCAGA-1	B	1
CAACGTACAAGCGAAC-1	T	12
CAACGTACACGACGAA-1	NK	17
CAACGTACACGCTCAG-1	NK	17
CAACGTACAGTAGTCT-1	T	0
CAACGTACATAGTCCA-1	B	1
CAACGTAGTACGTATC-1	T	2
CAACGTAGTACTAGAA-1	NK	3
CAACGTAGTATCCTTT-1	Epithelial	4
CAACGTAGTGAGCTAG-1	T	15
CAACGTAGTTCTCGAA-1	Stromal	9
CAACGTATCCACCTAC-1	T	12
CAACGTATCCACGCTT-1	Myeloid	10
CAACGTATCCAGAATC-1	NK	17
CAACGTATCGACTATG-1	T	11
CAACGTATCGGATAGG-1	T	0
CAACGTATCGTGGAAG-1	NK	3
CAACGTATCTCCACTG-1	NK	13
CAACGTATCTCGACAA-1	NK	8
CAAGAAAAGACTCTTG-1	T	18
CAAGAAAAGAGGCCTA-1	B	1
CAAGAAAAGAGTCCGA-1	T	5
CAAGAAAAGCAATAAC-1	Myeloid	10
CAAGAAAAGCTACGCC-1	T	14
CAAGAAAAGGATCCTT-1	NK	3
CAAGAAAAGTATACCC-1	T	7
CAAGAAAAGTCGCCTG-1	NK	13
CAAGAAAAGTGGACGT-1	Stromal	9
CAAGAAAAGTGTTCCA-1	B	16
CAAGAAACAACGACAG-1	B	1
CAAGAAACACTCAAGT-1	T	14
CAAGAAACAGTCAGCC-1	NK	6
CAAGAAAGTAAGGTCG-1	B	16
CAAGAAAGTACGTAAA-1	T	19
CAAGAAAGTCAGAAAT-1	NK	13
CAAGAAAGTCATGAGG-1	NK	17
CAAGAAAGTGCTGTCG-1	T	0
CAAGAAAGTTTGTACG-1	T	14
CAAGAAATCAAGGCAG-1	T	7
CAAGAAATCCAGTTAG-1	T	2
CAAGAAATCCATACCC-1	B	16
CAAGAAATCCCTAAAG-1	Stromal	9
CAAGAAATCGGTAGGA-1	T	14
CAAGAAATCTACTGCC-1	T	2
CAAGCTAAGACTTGAA-1	NK	3
CAAGCTAAGAGCTCCC-1	T	14
CAAGCTAAGATGTTGA-1	NK	17
CAAGCTAAGCAACGGT-1	T	19
CAAGCTAAGCGCAATG-1	T	18
CAAGCTAAGGCTCAGA-1	T	2
CAAGCTAAGTGGGACT-1	NK	3
CAAGCTACAGTTGCAT-1	B	16
CAAGCTACATAGTCCA-1	T	15
CAAGCTAGTAGCTGTT-1	B	16
CAAGCTAGTATTCTGG-1	NK	8
CAAGCTAGTCATTGCA-1	Epithelial	4
CAAGCTAGTCCCTTTG-1	T	15
CAAGCTAGTGCTGAAG-1	NK	17
CAAGCTAGTGTCTCGG-1	Epithelial	4
CAAGCTAGTGTTTCTT-1	NK	17
CAAGCTAGTTAACCGT-1	Stromal	9
CAAGCTAGTTGGCGAA-1	NK	6
CAAGCTAGTTTCCGGG-1	T	11
CAAGCTATCATCGCCT-1	NK	6
CAAGCTATCGCATAAC-1	T	0
CAAGCTATCGGGAAAC-1	T	15
CAAGCTATCTAAGGTC-1	Stromal	9
CAAGCTATCTATCTAC-1	NK	17
CAAGCTATCTGGACAT-1	B	16
CAAGGCCAGATCACCT-1	T	0
CAAGGCCAGCTACGCC-1	NK	8
CAAGGCCAGGAATGGA-1	Stromal	9
CAAGGCCAGGGTCCCT-1	T	12
CAAGGCCAGGTCACTT-1	NK	3
CAAGGCCAGTAGCAAT-1	B	16
CAAGGCCCAACGTCGC-1	T	7
CAAGGCCCAACTCAAC-1	Epithelial	4
CAAGGCCCACTGAAGG-1	Epithelial	4
CAAGGCCCAGTGGTCC-1	NK	6
CAAGGCCCATAGAATG-1	NK	3
CAAGGCCGTACTTCAG-1	Epithelial	4
CAAGGCCGTATCACAC-1	NK	3
CAAGGCCGTTAGGCTT-1	Myeloid	10
CAAGGCCTCACAGGGA-1	T	18
CAAGGCCTCGCCACTT-1	B	16
CAAGGCCTCTTAGTGG-1	B	16
CAATCCCAGAAATACC-1	Stromal	9
CAATCCCAGAGCTCCC-1	NK	8
CAATCCCAGGCTCCTG-1	NK	8
CAATCCCAGTTAGCGG-1	T	12
CAATCCCAGTTCGCGC-1	B	1
CAATCCCGTAAGGTCG-1	T	18
CAATCCCGTACAAGCG-1	Myeloid	10
CAATCCCGTCCTTATT-1	T	14
CAATCCCGTGCATTCA-1	B	16
CAATCCCGTTCCAATG-1	T	0
CAATCCCGTTCTTTGT-1	T	0
CAATCCCTCACATTCT-1	Stromal	9
CAATCCCTCCATATCT-1	B	1
CAATCCCTCTGTGTCC-1	NK	6
CACAACAAGACACAAT-1	B	16
CACAACAAGACGCCCT-1	B	16
CACAACAAGACTAATG-1	NK	6
CACAACAAGGATTAAC-1	T	5
CACAACAAGGCCAATG-1	NK	3
CACAACAAGGTTTCTG-1	T	19
CACAACAAGTCGAGCA-1	NK	8
CACAACAAGTTCCCGG-1	NK	6
CACAACACAAAGAGAG-1	Stromal	9
CACAACACAACGACAG-1	T	11
CACAACACAACTCGAT-1	NK	3
CACAACACAAGCAACG-1	T	15
CACAACACACACTAGT-1	T	12
CACAACACACATATCG-1	NK	6
CACAACACAGTTGGAG-1	T	12
CACAACACATAGGCGA-1	T	14
CACAACACATCGAGTT-1	NK	8
CACAACAGTCAGAGTG-1	Epithelial	4
CACAACAGTGCCCGAT-1	B	16
CACAACAGTTCCAATG-1	NK	13
CACAACAGTTGGAGGT-1	NK	8
CACAACATCGACTGGC-1	B	16
CACAACATCGATAGGG-1	NK	3
CACAACATCGGGAAAC-1	T	0
CACAACATCTCGTAGA-1	NK	8
CACAGATAGAGAGGTA-1	T	18
CACAGATAGAGGAAGT-1	NK	6
CACAGATAGAGGAATG-1	Epithelial	4
CACAGATAGAGGCAGG-1	T	7
CACAGATAGCATACCT-1	NK	13
CACAGATAGCGCAATG-1	NK	6
CACAGATAGGCAATTA-1	Myeloid	10
CACAGATAGTGCCCTG-1	T	0
CACAGATCAAGTAATG-1	T	2
CACAGATCAATTGGCT-1	B	1
CACAGATCACAGCCAC-1	B	16
CACAGATCACAGTTAC-1	NK	3
CACAGATCACGAACGA-1	NK	3
CACAGATCACTAGGAG-1	NK	6
CACAGATCATCTCACC-1	T	19
CACAGATCATTATGGC-1	NK	6
CACAGATGTAACGGTG-1	Epithelial	4
CACAGATGTGGCGCTT-1	NK	13
CACAGATGTTAAGGGC-1	B	16
CACAGATGTTTCAGCA-1	T	14
CACAGATGTTTGTAGC-1	NK	8
CACAGATTCCATATCT-1	T	15
CACAGATTCGGCTATA-1	NK	6
CACATGAAGCGTTAGG-1	NK	6
CACATGAAGGATTAAC-1	B	16
CACATGAAGGGCGAAG-1	B	1
CACATGAAGTCAGCCC-1	B	1
CACATGAAGTCCGGAA-1	NK	6
CACATGACAAGGGAGG-1	NK	17
CACATGACAGGTAACG-1	Epithelial	4
CACATGACATCACAGT-1	T	15
CACATGACATTTCACT-1	NK	3
CACATGAGTATTCTTC-1	T	18
CACATGAGTGGGTAGT-1	T	7
CACATGAGTGGTGGTA-1	T	12
CACATGAGTGTCGTCG-1	T	15
CACATGAGTTACGGAG-1	T	15
CACATGATCCAACCTC-1	NK	17
CACATGATCCAGGTCG-1	T	0
CACATGATCCGATGCG-1	T	0
CACATGATCCGATTGA-1	Myeloid	10
CACATGATCCGGCGAT-1	T	14
CACATGATCCTTCGAC-1	T	15
CACATGATCTCAGATG-1	T	7
CACCACTAGAACGCCA-1	NK	8
CACCACTAGATCGATA-1	T	0
CACCACTAGATCTCAC-1	T	15
CACCACTAGGTCGGTA-1	B	1
CACCACTCAACGCAAG-1	T	2
CACCACTCACAAACAA-1	NK	17
CACCACTCACACACCG-1	NK	3
CACCACTCACAGGTAG-1	T	2
CACCACTCAGGGTACA-1	T	18
CACCACTGTCCGGTAC-1	B	16
CACCACTGTCTCTGGG-1	T	2
CACCACTGTGATTCCA-1	NK	6
CACCACTGTGCGTCCA-1	T	0
CACCACTTCACAACAC-1	B	16
CACCACTTCAGGAATA-1	T	2
CACCACTTCGCCGAAC-1	NK	6
CACCACTTCGGGTCCA-1	Stromal	9
CACCACTTCTCTGCAC-1	NK	6
CACCTGTAGAACCCGA-1	Stromal	9
CACCTGTAGAACTCCT-1	T	11
CACCTGTAGAAGGGCG-1	T	0
CACCTGTAGAGGCCTA-1	B	1
CACCTGTAGCTTACCA-1	NK	17
CACCTGTAGGATTAAC-1	B	1
CACCTGTAGGTCTTTG-1	T	11
CACCTGTAGTGAAACT-1	NK	13
CACCTGTAGTGTAATG-1	T	14
CACCTGTCATAGATAG-1	NK	17
CACCTGTCATCCGTAA-1	NK	8
CACCTGTCATCCTGGG-1	T	5
CACCTGTGTTTGCCAA-1	B	1
CACCTGTTCACTAGCA-1	T	14
CACCTGTTCATACTTC-1	T	0
CACCTGTTCGACTATG-1	Stromal	9
CACCTGTTCGCTAGTA-1	NK	17
CACCTGTTCTACTTTG-1	Stromal	9
CACCTGTTCTAGTCGA-1	B	16
CACCTGTTCTCGCGGA-1	NK	3
CACCTTGAGAGCCACA-1	T	0
CACCTTGAGAGTCCGA-1	NK	6
CACCTTGAGCCGCTGT-1	NK	13
CACCTTGAGGAGAACA-1	Epithelial	4
CACCTTGAGGTCGTTT-1	T	5
CACCTTGAGTCTGTGT-1	T	0
CACCTTGCAACTTGGT-1	NK	13
CACCTTGCAAGGAACC-1	T	7
CACCTTGCAAGGCTTT-1	T	0
CACCTTGCAATGACTC-1	T	7
CACCTTGCACGCGCAT-1	T	2
CACCTTGCACGTTGTA-1	T	14
CACCTTGCACTGTTAG-1	B	1
CACCTTGCAGGTTATC-1	B	16
CACCTTGCATTCACCC-1	Stromal	9
CACCTTGGTAAGCCTT-1	NK	6
CACCTTGGTACGTATC-1	Stromal	9
CACCTTGGTATACGCT-1	NK	17
CACCTTGGTATGCTAC-1	T	7
CACCTTGGTCATGAGG-1	NK	3
CACCTTGGTGAGCTAG-1	T	2
CACCTTGGTGCAAGAC-1	T	12
CACCTTGGTGTTAGAA-1	B	16
CACCTTGGTTCTACCC-1	Epithelial	4
CACCTTGTCCTTTGCG-1	NK	3
CACCTTGTCGCTAGTA-1	B	1
CACGTTCAGACGAAAG-1	NK	13
CACGTTCAGATGCGCA-1	T	7
CACGTTCAGCAATGTA-1	NK	6
CACGTTCAGCTGATTC-1	Stromal	9
CACGTTCAGGTTCGTT-1	Myeloid	10
CACGTTCAGTCTCGAT-1	NK	8
CACGTTCCAAACCCTA-1	T	19
CACGTTCCAACTCGTA-1	NK	3
CACGTTCCACCGTCTT-1	T	18
CACGTTCCACGGTTAT-1	T	12
CACGTTCCACTCGCAG-1	NK	17
CACGTTCCAGCGTACC-1	T	7
CACGTTCGTAAGGTCG-1	T	18
CACGTTCGTACCCATA-1	T	15
CACGTTCGTAGAAAGG-1	T	12
CACGTTCGTAGTCCAT-1	B	16
CACGTTCGTCACAGTT-1	NK	6
CACGTTCGTCACTCTC-1	Myeloid	10
CACGTTCGTGAGGTCA-1	B	16
CACGTTCGTGGTACTT-1	NK	8
CACGTTCGTTAGCTCA-1	NK	17
CACGTTCGTTCAGAAA-1	T	15
CACGTTCTCAGAATGA-1	T	18
CACGTTCTCGAGGTAG-1	NK	8
CACGTTCTCGAGTTAC-1	T	19
CACGTTCTCGCTGATA-1	T	19
CACGTTCTCTCGTAGA-1	T	15
CACGTTCTCTGGAAGG-1	T	15
CACTAAGAGAGTGGAA-1	T	7
CACTAAGAGAGTTCGG-1	Stromal	9
CACTAAGAGCACACCC-1	NK	6
CACTAAGAGCATTCCA-1	B	16
CACTAAGAGGATTGCG-1	B	16
CACTAAGAGTACGACG-1	T	18
CACTAAGAGTCCTTCC-1	T	11
CACTAAGAGTGAGCTG-1	T	7
CACTAAGAGTGAGTTA-1	NK	17
CACTAAGCAAGGTCGA-1	Epithelial	4
CACTAAGCAATGTGCT-1	B	16
CACTAAGCACGTACAT-1	NK	17
CACTAAGCACGTTGTA-1	NK	6
CACTAAGCAGGTCCTG-1	T	19
CACTAAGCATCATAGC-1	T	0
CACTAAGGTACCCACG-1	NK	3
CACTAAGGTAGTGATA-1	T	12
CACTAAGGTCAAACAA-1	NK	8
CACTAAGGTCCAAGTT-1	NK	8
CACTAAGGTGCTTCCT-1	Stromal	9
CACTAAGGTGGCCTCA-1	T	0
CACTAAGGTGTTTCTT-1	Myeloid	10
CACTAAGTCATTCTTG-1	NK	3
CACTAAGTCGATCGCG-1	T	11
CACTAAGTCTAGCAAC-1	T	15
CACTAAGTCTGGCGCA-1	B	16
CACTAAGTCTTATCAC-1	T	12
CACTGAAAGAAGCCTG-1	T	18
CACTGAAAGAGCGGTT-1	T	5
CACTGAAAGAGGCCTA-1	B	16
CACTGAAAGCACGTAG-1	B	16
CACTGAAAGTAACATG-1	T	2
CACTGAAAGTGCCCTG-1	Myeloid	10
CACTGAACACTCAAGT-1	T	5
CACTGAACAGAGTCGA-1	NK	17
CACTGAACAGGCTACC-1	T	7
CACTGAACATCCCGGA-1	Stromal	9
CACTGAACATTTGGCA-1	B	16
CACTGAAGTCAGCTTA-1	NK	3
CACTGAATCCCACGGA-1	Epithelial	4
CACTGAATCCTAGAGT-1	T	7
CACTGAATCGGTTCCT-1	Stromal	9
CACTGAATCTCTGCGT-1	NK	17
CACTGAATCTGGACAT-1	T	15
CACTGAATCTTAACGG-1	NK	17
CACTGAATCTTACCTA-1	NK	17
CAGCCTTAGCATTGGG-1	NK	17
CAGCCTTAGCGCACAA-1	NK	3
CAGCCTTAGGAACCGT-1	T	15
CAGCCTTAGTTACACC-1	NK	13
CAGCCTTCAAAGAGAG-1	NK	13
CAGCCTTCACATGATC-1	T	2
CAGCCTTCAGAGAGAA-1	Stromal	9
CAGCCTTCAGATAAGT-1	T	15
CAGCCTTGTAGTAACA-1	T	5
CAGCCTTGTCATCAAC-1	NK	8
CAGCCTTGTGGGTAGT-1	T	12
CAGCCTTGTGTTTCTT-1	NK	6
CAGCCTTTCAGTGGTT-1	Myeloid	10
CAGCCTTTCGCAGATT-1	T	11
CAGCCTTTCGCCACTT-1	T	11
CAGCCTTTCGTAGCGC-1	T	18
CAGCCTTTCTTGTACT-1	B	1
CAGCTAAAGAACGTCG-1	T	18
CAGCTAAAGAGAGGTA-1	B	16
CAGCTAAAGATGTTCC-1	T	7
CAGCTAAAGCAGAATT-1	T	5
CAGCTAAAGCGCGTTC-1	T	0
CAGCTAAAGGAATGGA-1	NK	17
CAGCTAAAGGCTGGAT-1	NK	3
CAGCTAAAGGCTTAAA-1	T	5
CAGCTAAAGTACGACG-1	NK	17
CAGCTAACACAAGTGG-1	NK	8
CAGCTAACACTGTAAC-1	Stromal	9
CAGCTAACAGTATACC-1	NK	6
CAGCTAACATGGTTTG-1	B	16
CAGCTAAGTAATGCCT-1	T	5
CAGCTAAGTAGAAAGG-1	T	19
CAGCTAAGTATGGGTG-1	B	1
CAGCTAAGTCACTCTC-1	T	18
CAGCTAAGTCCCGTGA-1	Stromal	9
CAGCTAAGTCCTTCAC-1	NK	3
CAGCTAAGTGGTGGTA-1	T	0
CAGCTAATCAGGAAGC-1	NK	13
CAGCTAATCAGTCAAC-1	Epithelial	4
CAGCTAATCCAACAAC-1	T	14
CAGCTAATCCCAGTAA-1	NK	3
CAGCTAATCGCATACA-1	B	16
CAGCTAATCTCCCTTT-1	T	18
CAGCTGGAGAAGCCTG-1	T	7
CAGCTGGAGAGCCACA-1	T	19
CAGCTGGAGCGCATTT-1	NK	13
CAGCTGGAGGGAAGCG-1	T	15
CAGCTGGAGTACCCAT-1	B	16
CAGCTGGCAATTCTCT-1	Stromal	9
CAGCTGGCAGAACGAC-1	T	5
CAGCTGGCAGAGTCGA-1	NK	8
CAGCTGGCATCGGCCA-1	NK	17
CAGCTGGGTACAAGCG-1	NK	8
CAGCTGGTCACTCGGG-1	NK	17
CAGCTGGTCAGCACTA-1	Myeloid	10
CAGCTGGTCGCGGCAT-1	NK	8
CAGCTGGTCTATATCC-1	T	15
CAGCTGGTCTGGCTAA-1	NK	3
CAGGATTAGAACTAAC-1	T	5
CAGGATTAGCATACCT-1	Epithelial	4
CAGGATTAGCCGCAAA-1	NK	13
CAGGATTAGCGCAATG-1	T	11
CAGGATTAGGTTCTCA-1	T	0
CAGGATTAGTTCGCGC-1	T	5
CAGGATTCAAGACACG-1	T	11
CAGGATTCACGGCCAT-1	NK	8
CAGGATTCAGCGTAGA-1	T	7
CAGGATTCAGGCTACC-1	Epithelial	4
CAGGATTCATAGGCGA-1	NK	13
CAGGATTCATATAGAG-1	Stromal	9
CAGGATTCATGTGAGG-1	T	18
CAGGATTGTCACTCTC-1	Stromal	9
CAGGATTGTCCGTAGC-1	T	5
CAGGATTGTCTCTGCT-1	NK	13
CAGGATTGTGAATGTA-1	T	7
CAGGATTGTGATTCCA-1	NK	3
CAGGATTGTTCCGGCA-1	B	1
CAGGATTTCCCAATGA-1	T	18
CAGGATTTCCCACTTG-1	NK	6
CAGGATTTCGGCAATT-1	T	12
CAGGATTTCGTATAGC-1	T	5
CAGGATTTCTACTGCC-1	NK	13
CAGGATTTCTCATATC-1	Epithelial	4
CAGGATTTCTCGACAA-1	T	0
CAGGATTTCTCGTGAA-1	T	15
CAGGATTTCTGGACAT-1	T	7
CAGGGCTAGAACCCGA-1	T	5
CAGGGCTAGCAATGTA-1	B	1
CAGGGCTAGCGTTGCC-1	T	14
CAGGGCTAGCTCCATA-1	T	2
CAGGGCTAGTAGAAGG-1	T	5
CAGGGCTAGTCAGCCC-1	T	15
CAGGGCTCACTTGCGG-1	B	1
CAGGGCTCATGTGAGG-1	T	2
CAGGGCTCATTCGTCC-1	T	15
CAGGGCTCATTCTTTG-1	T	18
CAGGGCTGTAATGCAA-1	T	18
CAGGGCTGTACCAAGG-1	NK	17
CAGGGCTGTTCAGTTG-1	Stromal	9
CAGGGCTGTTCTGAGT-1	NK	6
CAGGGCTGTTGTGACT-1	T	15
CAGTATGAGCGTCAAG-1	NK	3
CAGTATGAGTGAAGGA-1	T	19
CAGTATGAGTTCGCGC-1	NK	13
CAGTATGCAAGACACG-1	T	15
CAGTATGCAAGATGCG-1	T	19
CAGTATGCAATGATGA-1	NK	3
CAGTATGCACAGATGG-1	NK	17
CAGTATGGTAATGCAA-1	B	1
CAGTATGGTAGGTCTT-1	T	5
CAGTATGGTAGTCCAT-1	T	2
CAGTATGGTATCCCTC-1	Myeloid	10
CAGTATGGTCACAGGA-1	B	16
CAGTATGGTCTCTGGG-1	Myeloid	10
CAGTATGGTGGAAAGA-1	B	16
CAGTATGGTTACGAAA-1	Stromal	9
CAGTATGGTTTAAGCC-1	T	11
CAGTATGGTTTGCCCT-1	T	0
CAGTATGTCAATTGGC-1	NK	8
CAGTATGTCGCATAAC-1	T	18
CAGTATGTCGTCGCAG-1	T	5
CAGTATGTCTAAACGC-1	Myeloid	10
CAGTGCGAGAGGCGGA-1	T	2
CAGTGCGCACTTTGGA-1	T	15
CAGTGCGCATCCTGGG-1	NK	3
CAGTGCGCATCTGCAA-1	T	11
CAGTGCGCATGCACTA-1	T	14
CAGTGCGGTAGGTAAT-1	T	19
CAGTGCGGTAGGTGAC-1	T	15
CAGTGCGGTCAGACGA-1	Stromal	9
CAGTGCGGTTGAATAG-1	B	1
CAGTGCGTCATCGCAA-1	T	18
CAGTGCGTCCAGTACA-1	T	7
CAGTGCGTCCGTTAGA-1	T	18
CAGTGCGTCCTGTGGG-1	T	14
CAGTGCGTCGCAGATT-1	NK	8
CAGTGCGTCGCCGAAC-1	NK	17
CAGTGCGTCGCCTTAC-1	NK	8
CAGTGTAAGACTTCCA-1	Stromal	9
CAGTGTAAGCCAGAAC-1	NK	3
CAGTGTAAGTCAGGAC-1	NK	17
CAGTGTAAGTCTAGAA-1	T	15
CAGTGTAAGTTCGACT-1	Stromal	9
CAGTGTACACAGGTAG-1	NK	3
CAGTGTACACTTATGG-1	Myeloid	10
CAGTGTACAGATTTGC-1	T	12
CAGTGTACAGCAACAG-1	NK	6
CAGTGTACAGCGTAGA-1	NK	8
CAGTGTACATGATCGT-1	Epithelial	4
CAGTGTAGTAATGTAG-1	T	5
CAGTGTAGTCCGTCGA-1	B	1
CAGTGTAGTGATGTGG-1	NK	17
CAGTGTAGTGTAGGAC-1	T	19
CAGTGTAGTTCTTAGG-1	Stromal	9
CAGTGTAGTTGGAGGT-1	NK	13
CAGTGTAGTTTGCGAT-1	T	0
CAGTGTATCACCCTTG-1	B	16
CAGTGTATCAGTCAAC-1	B	1
CAGTGTATCTGGCACG-1	T	14
CAGTGTATCTTCGTTA-1	NK	8
CAGTGTATCTTGTCAT-1	Myeloid	10
CATAACGAGACAACGC-1	Myeloid	10
CATAACGAGACCATAA-1	NK	13
CATAACGAGAGAATTC-1	NK	17
CATAACGAGAGCTACG-1	T	12
CATAACGAGAGCTCCC-1	B	16
CATAACGAGCAACTGG-1	NK	6
CATAACGAGGCTCAGA-1	B	16
CATAACGAGGTTACAA-1	T	11
CATAACGAGTGAGTGC-1	Stromal	9
CATAACGCAAGAGCGT-1	T	5
CATAACGCAAGATGCG-1	B	16
CATAACGCACAGATGG-1	Myeloid	10
CATAACGCACTGAAGG-1	T	2
CATAACGCAGCCACGT-1	T	15
CATAACGCATCTCTCG-1	T	15
CATAACGGTAACATAG-1	T	19
CATAACGGTAGAAAGG-1	T	14
CATAACGGTCCACCAG-1	T	15
CATAACGGTTACGCTA-1	NK	6
CATAACGGTTTGTCTT-1	T	0
CATAACGTCAATTCCT-1	T	18
CATAACGTCGAGAACG-1	T	2
CATAACGTCGCGATGC-1	T	19
CATGCCTAGAGTGGTC-1	Epithelial	4
CATGCCTAGATAGGTT-1	Myeloid	10
CATGCCTAGCACGTAG-1	NK	13
CATGCCTAGGTGTCGA-1	Myeloid	10
CATGCCTAGTACAGAT-1	T	0
CATGCCTAGTCTGTGT-1	B	16
CATGCCTAGTGAAGGA-1	NK	17
CATGCCTAGTGTAATG-1	NK	8
CATGCCTAGTGTGTAA-1	T	12
CATGCCTCAAGGTTCT-1	Epithelial	4
CATGCCTCACAAACGG-1	NK	6
CATGCCTCACAGATGG-1	NK	6
CATGCCTCACCATTCC-1	B	16
CATGCCTCACTCCACT-1	T	2
CATGCCTCAGTTGCAT-1	NK	17
CATGCCTCATGTAGAA-1	NK	6
CATGCCTGTCAAGACG-1	T	2
CATGCCTGTCCATTGA-1	NK	17
CATGCCTGTCTAAAGA-1	T	11
CATGCCTGTCTGTTGA-1	T	7
CATGCCTGTCTTAGCA-1	NK	6
CATGCCTTCAACACGT-1	B	1
CATGCCTTCACGTCAA-1	T	5
CATGTTTAGAAAGCAG-1	Stromal	9
CATGTTTAGAAAGGGT-1	B	1
CATGTTTAGAGTTCGG-1	NK	8
CATGTTTAGCGCCTAC-1	Epithelial	4
CATGTTTAGGAATGGA-1	NK	13
CATGTTTCAAACAGTA-1	T	2
CATGTTTCAACATAAG-1	Epithelial	4
CATGTTTCAAGGTCGA-1	T	2
CATGTTTCAAGTAATG-1	T	0
CATGTTTCACGTTGTA-1	B	16
CATGTTTCAGGCAGAT-1	NK	3
CATGTTTCAGGTAGGT-1	T	19
CATGTTTCATCGGCTG-1	T	2
CATGTTTCATTACCTT-1	T	14
CATGTTTCATTCCCGT-1	NK	3
CATGTTTGTATGCTAC-1	T	2
CATGTTTGTCTAAAGA-1	T	0
CATGTTTGTGACGCAA-1	T	5
CATGTTTGTTAACCAC-1	T	11
CATGTTTGTTACACTG-1	NK	13
CATGTTTGTTACGGAG-1	NK	17
CATGTTTGTTGGCGAA-1	NK	3
CATGTTTGTTGTGACT-1	Myeloid	10
CATGTTTTCAAACCCA-1	NK	8
CATGTTTTCACGTCAA-1	T	7
CATGTTTTCCAGAATC-1	NK	13
CATGTTTTCCGAATTG-1	NK	3
CATGTTTTCCGCCTAT-1	Myeloid	10
CATGTTTTCCGCTCTA-1	Stromal	9
CATGTTTTCCGGGCAT-1	T	7
CATGTTTTCTATACCT-1	T	14
CATGTTTTCTCATCCG-1	T	2
CATGTTTTCTGTTTAC-1	T	5
CATTCATAGCTACGCC-1	T	5
CATTCATAGCTGCCAC-1	NK	17
CATTCATCAAGACACG-1	NK	3
CATTCATCAAGAGATT-1	NK	3
CATTCATCACGTACAT-1	T	15
CATTCATCAGTAGTTC-1	T	0
CATTCATCATCAGCTA-1	T	19
CATTCATCATCCCTTG-1	T	18
CATTCATGTAAGCCTT-1	B	1
CATTCATGTATGGATA-1	B	16
CATTCATGTCAATACC-1	T	0
CATTCATGTCCAAGAG-1	NK	17
CATTCATGTTAGGAGC-1	T	0
CATTCATGTTATAGAG-1	Epithelial	4
CATTCATTCAGGGTTT-1	NK	3
CATTCATTCATCGCCT-1	B	16
CATTCATTCCATAACG-1	T	18
CATTCATTCCGGCTGA-1	T	0
CATTCATTCCTGTAGA-1	NK	13
CATTCATTCCTTCGAC-1	T	0
CATTCATTCGATGCAT-1	T	2
CATTCATTCGTCCCTA-1	NK	3
CATTCATTCTTCCAGC-1	Epithelial	4
CATTCCGAGCCTATAC-1	T	15
CATTCCGAGCGAATAT-1	T	7
CATTCCGAGCGGACAT-1	Myeloid	10
CATTCCGAGGCGTAGT-1	T	0
CATTCCGAGTCTAGAA-1	B	1
CATTCCGAGTCTGCTA-1	T	2
CATTCCGCAACTCCCT-1	T	18
CATTCCGCACTGTTAG-1	T	0
CATTCCGCATTCTTTG-1	B	1
CATTCCGGTAAACCCT-1	Stromal	9
CATTCCGGTAGCTGTT-1	NK	3
CATTCCGGTGCTGGCT-1	B	1
CATTCCGGTTACGGAG-1	NK	17
CATTCCGGTTTCGACA-1	NK	3
CATTCCGTCCAACAAC-1	B	16
CATTCCGTCCACTAGA-1	T	5
CATTCCGTCGTGGAAG-1	Epithelial	4
CATTCCGTCTCGTGAA-1	B	16
CATTCCGTCTCTATCA-1	T	19
CATTCCGTCTGAGTAC-1	T	7
CATTGGAAGATGTTGA-1	NK	6
CATTGGAAGCAGAGCT-1	T	18
CATTGGAAGTCTGCTA-1	Epithelial	4
CATTGGAAGTGCTCGC-1	NK	8
CATTGGAAGTTCTCCC-1	Stromal	9
CATTGGACACAGTTAC-1	NK	8
CATTGGACACTCGGAC-1	Myeloid	10
CATTGGACAGGCACAA-1	T	5
CATTGGACATTTCACT-1	T	2
CATTGGACATTTGGCA-1	B	16
CATTGGAGTAAGCCGA-1	T	0
CATTGGAGTATGTCCA-1	B	16
CATTGGAGTCAATACC-1	T	11
CATTGGATCATTCTCA-1	Epithelial	4
CATTGGATCCCACTTG-1	T	0
CATTGGATCCGTGCGA-1	NK	17
CATTGGATCTAGCAAC-1	T	5
CATTGGATCTGGTACA-1	T	5
CCAATGAAGAAATCTG-1	T	18
CCAATGAAGCTAGCAG-1	T	2
CCAATGAAGGATGTAT-1	T	18
CCAATGAAGGCTAAAT-1	T	11
CCAATGAAGTATGCTC-1	T	18
CCAATGACAATTGGCT-1	Stromal	9
CCAATGACATCCCAAA-1	Myeloid	10
CCAATGACATCCCTTG-1	NK	13
CCAATGACATTCGTCC-1	NK	13
CCAATGAGTACGGTTT-1	Epithelial	4
CCAATGAGTACGTATC-1	T	2
CCAATGAGTAGCGGTA-1	T	18
CCAATGAGTAGGTCTT-1	T	2
CCAATGAGTCACATTG-1	NK	17
CCAATGAGTCATAGCT-1	T	15
CCAATGAGTCCGTGCA-1	Stromal	9
CCAATGAGTGCAGACA-1	B	16
CCAATGAGTGGAAAGA-1	B	16
CCAATGAGTGTTGGTT-1	NK	17
CCAATGAGTTACCACA-1	T	7
CCAATGAGTTCCGGCA-1	Stromal	9
CCAATGATCCATAGGT-1	T	0
CCAATGATCCTGTGGG-1	B	16
CCAATGATCGACTTAG-1	T	2
CCAATGATCGCTTCAC-1	T	2
CCAATGATCTCGGCGA-1	B	1
CCAATGATCTGGAAGG-1	NK	17
CCACAGGAGAACGTTA-1	NK	3
CCACAGGAGCCATTCA-1	T	11
CCACAGGAGGCAGTAC-1	NK	17
CCACAGGAGGTTTCTG-1	NK	3
CCACAGGAGTATGCTC-1	T	0
CCACAGGAGTGTTCCA-1	T	0
CCACAGGCAAAGGCCA-1	T	12
CCACAGGCACGCTAAT-1	T	11
CCACAGGCAGATGGCA-1	T	15
CCACAGGCAGGCTACC-1	T	18
CCACAGGCATCCTGGG-1	T	2
CCACAGGCATCTCACC-1	NK	6
CCACAGGCATCTGCAA-1	T	12
CCACAGGCATTAGCAC-1	NK	13
CCACAGGGTACCTATG-1	T	2
CCACAGGGTATCTGCA-1	Stromal	9
CCACAGGGTCCTCAGG-1	B	1
CCACAGGTCATGAACC-1	T	7
CCACGTTAGAAATTCG-1	NK	17
CCACGTTAGAACGTCG-1	B	16
CCACGTTAGGATGCCA-1	NK	17
CCACGTTAGGGACGTT-1	T	18
CCACGTTAGTCTCCAA-1	T	5
CCACGTTCAAAGGTCG-1	NK	17
CCACGTTCAAGTGGCA-1	T	14
CCACGTTCACTGGGCT-1	T	11
CCACGTTCACTTTGGA-1	NK	13
CCACGTTCAGAGTCGA-1	NK	3
CCACGTTCAGTAACCT-1	NK	13
CCACGTTCATCCGTAA-1	B	1
CCACGTTGTCAACTGT-1	B	16
CCACGTTGTCAGTGTT-1	T	0
CCACGTTGTCCAAGAG-1	NK	8
CCACGTTGTCCAAGTT-1	B	16
CCACGTTTCACAAGCT-1	T	18
CCACGTTTCAGGTTTG-1	T	19
CCACGTTTCCTAAGTG-1	T	2
CCAGAATAGAAGGGCG-1	B	16
CCAGAATAGGCGATTG-1	Epithelial	4
CCAGAATAGGGAGATA-1	NK	6
CCAGAATCAAGGAGGG-1	T	5
CCAGAATCAATCCATG-1	NK	17
CCAGAATCAATGCCAT-1	NK	3
CCAGAATCAATTAGGA-1	NK	3
CCAGAATCACGCTCAG-1	B	16
CCAGAATCAGCTATAC-1	B	1
CCAGAATCATCATGTG-1	NK	8
CCAGAATCATTTAGGC-1	T	14
CCAGAATGTAGGGTCA-1	Stromal	9
CCAGAATGTAGTCCAT-1	T	0
CCAGAATGTGCATCAT-1	T	7
CCAGAATGTTTCCGGG-1	T	0
CCAGAATTCAGGTTTG-1	NK	3
CCAGAATTCCCGCAAG-1	T	12
CCAGAATTCGAACACT-1	B	16
CCAGAATTCGTGAGTT-1	NK	17
CCAGAATTCTAGCAGT-1	T	11
CCAGAATTCTCGCGGA-1	NK	6
CCAGAATTCTCTCAAT-1	NK	3
CCAGAATTCTCTTCCT-1	T	2
CCAGAATTCTGGGCGT-1	T	15
CCAGATAAGAACAGGA-1	T	2
CCAGATAAGAATGCTA-1	NK	6
CCAGATAAGACAGTGC-1	B	1
CCAGATAAGGAATGGA-1	NK	6
CCAGATAAGGCTCCTG-1	T	0
CCAGATAAGTACAGTA-1	B	16
CCAGATAAGTTGCTTG-1	T	11
CCAGATACAAGCCCTG-1	T	2
CCAGATACACATTCTT-1	NK	6
CCAGATACAGGACTGA-1	Epithelial	4
CCAGATACATATACGC-1	NK	13
CCAGATACATCCTCGT-1	T	11
CCAGATAGTAACCCAT-1	B	1
CCAGATAGTACTATGC-1	NK	6
CCAGATAGTCGAGGTA-1	B	16
CCAGATAGTCTGATTG-1	B	16
CCAGATAGTCTGGGAA-1	T	5
CCAGATAGTTCTTTCA-1	T	7
CCAGATATCGAGTGTT-1	B	1
CCAGATATCGGTTAGT-1	Epithelial	4
CCAGATATCGTCCCTA-1	Stromal	9
CCAGATATCTGTTGCC-1	T	14
CCATACCAGACCATAA-1	T	2
CCATACCAGAGGCGGA-1	T	2
CCATACCAGGCAAGCT-1	B	1
CCATACCAGTACCTCA-1	T	2
CCATACCCAAGAGATT-1	T	18
CCATACCCACAAACAA-1	T	14
CCATACCCACAAACGG-1	Myeloid	10
CCATACCCACAGTAGG-1	T	19
CCATACCCACGCTAAT-1	NK	3
CCATACCCAGGTGTCC-1	NK	17
CCATACCGTACAACGG-1	NK	6
CCATACCGTACTTGAC-1	T	5
CCATACCGTGTACGCC-1	T	18
CCATACCTCACTAGGT-1	B	1
CCATACCTCCCATAGA-1	NK	17
CCATACCTCCTATCAT-1	Stromal	9
CCATACCTCGACTGGC-1	NK	6
CCATACCTCGTGCTGG-1	T	0
CCATACCTCTTGCGCT-1	B	16
CCCACATAGATCCGAG-1	T	2
CCCACATAGATTGACA-1	T	0
CCCACATAGCAATAAC-1	B	16
CCCACATAGCCTGTAT-1	NK	13
CCCACATAGTGAAGGA-1	B	1
CCCACATCAAGCGAAC-1	T	0
CCCACATCACCGTTGG-1	NK	17
CCCACATCAGGCAGAT-1	B	16
CCCACATCATACAACC-1	NK	3
CCCACATCATAGAATG-1	B	1
CCCACATCATGGGTGA-1	T	12
CCCACATGTGCATTCA-1	NK	8
CCCACATGTTAACTCG-1	T	15
CCCACATGTTAGTAGA-1	T	19
CCCACATGTTGGTAAA-1	NK	17
CCCACATGTTTCGATG-1	B	16
CCCACATTCACTGGTA-1	B	1
CCCACATTCAGGCCGT-1	T	18
CCCACATTCAGGTTTG-1	T	11
CCCACATTCATGTTCT-1	NK	3
CCCACATTCCGGAAAG-1	B	1
CCCACATTCTTCGTTA-1	T	11
CCCAGAGAGATCGAGC-1	T	7
CCCAGAGAGCAACGGT-1	Epithelial	4
CCCAGAGAGCATACCT-1	T	14
CCCAGAGAGGCAGTAC-1	Stromal	9
CCCAGAGAGGGATCCA-1	B	16
CCCAGAGAGTCACGCC-1	T	12
CCCAGAGAGTTAGCGG-1	NK	6
CCCAGAGCAAGAAACT-1	T	5
CCCAGAGCACAGCTTA-1	T	18
CCCAGAGCATCCCTCA-1	NK	3
CCCAGAGCATGCGCTG-1	T	12
CCCAGAGCATGGGAAC-1	T	0
CCCAGAGGTAAACCCT-1	NK	6
CCCAGAGGTAATGTAG-1	B	1
CCCAGAGGTACCTATG-1	B	16
CCCAGAGGTCTGCGCA-1	Stromal	9
CCCAGAGGTGGACCAA-1	Myeloid	10
CCCAGAGGTGTCGTCG-1	T	2
CCCAGAGGTTTAGAAG-1	B	16
CCCAGAGTCAGTACAC-1	NK	8
CCCAGAGTCCAGGTAT-1	Epithelial	4
CCCAGAGTCCCTACGT-1	T	2
CCCAGAGTCCGTTAGA-1	B	16
CCCGTTAAGCTGAAAT-1	NK	13
CCCGTTAAGCTGCTCG-1	T	2
CCCGTTAAGGATTGCG-1	NK	8
CCCGTTAAGGTCGGTA-1	NK	17
CCCGTTAAGTGCTAGG-1	T	12
CCCGTTACAATCATCG-1	NK	17
CCCGTTACAATTAGGA-1	T	18
CCCGTTACACAGCTTA-1	B	16
CCCGTTACAGAACAGC-1	NK	8
CCCGTTACATGCACTA-1	T	19
CCCGTTACATTAGCAC-1	B	1
CCCGTTAGTCTCGGGT-1	T	0
CCCGTTAGTGATAACA-1	Myeloid	10
CCCGTTAGTTCCATCC-1	NK	6
CCCGTTATCACGTGTA-1	NK	17
CCCGTTATCCCACTTG-1	NK	3
CCCGTTATCTGAACGT-1	Myeloid	10
CCCGTTATCTGATCCC-1	NK	6
CCCTAACAGATGCGCA-1	NK	17
CCCTAACAGCTATCCA-1	B	16
CCCTAACAGGCAGTGT-1	NK	17
CCCTAACAGGGTCTGA-1	T	5
CCCTAACAGTACGCGA-1	Epithelial	4
CCCTAACAGTATACGA-1	T	11
CCCTAACCAAAGAGAG-1	B	1
CCCTAACCACAGGTAG-1	B	1
CCCTAACCACTTATGG-1	NK	6
CCCTAACCAGAACAGC-1	NK	8
CCCTAACCAGATAAGT-1	T	19
CCCTAACCAGGCTACC-1	T	14
CCCTAACCAGTGGTCC-1	Myeloid	10
CCCTAACCATCAACTG-1	T	0
CCCTAACGTCCGGTAC-1	Myeloid	10
CCCTAACGTCGATAGG-1	T	12
CCCTAACGTGATAACA-1	T	5
CCCTAACGTGTACGCC-1	B	1
CCCTAACGTGTTAGAA-1	NK	17
CCCTAACGTTATCGAC-1	T	19
CCCTAACGTTCCGCGA-1	T	2
CCCTAACTCCGCGATG-1	T	0
CCCTAACTCTAAACGC-1	B	16
CCCTAACTCTCCAACC-1	T	19
CCCTAACTCTTGTGCC-1	Epithelial	4
CCCTAGTAGAACCCGA-1	Stromal	9
CCCTAGTAGAATGCTA-1	B	1
CCCTAGTAGACGTCAG-1	Epithelial	4
CCCTAGTAGGATTGAT-1	T	0
CCCTAGTAGGATTGCG-1	T	5
CCCTAGTAGGTTAGTA-1	Myeloid	10
CCCTAGTGTATGGTTC-1	T	0
CCCTAGTGTCAACGGA-1	B	16
CCCTAGTGTCAACTGT-1	B	16
CCCTAGTGTCCGTAGC-1	T	18
CCCTAGTGTGCTAGTT-1	T	14
CCCTAGTGTGGTAAGC-1	NK	17
CCCTAGTGTGGTCGAA-1	T	14
CCCTAGTGTTACGGAG-1	T	5
CCCTAGTGTTTCCACC-1	NK	3
CCCTAGTTCCTGGAAT-1	NK	6
CCCTAGTTCGGTCGAC-1	B	16
CCCTAGTTCTTATCAC-1	T	5
CCCTCTCAGAACGTCG-1	NK	6
CCCTCTCAGACACAAT-1	Stromal	9
CCCTCTCAGCGAGCTA-1	NK	13
CCCTCTCAGGAGTAGA-1	T	7
CCCTCTCAGGTTTCTG-1	B	16
CCCTCTCCACCGTTGG-1	NK	17
CCCTCTCCACGCGATC-1	NK	13
CCCTCTCCACTCGGAC-1	T	7
CCCTCTCCACTGCTTC-1	NK	17
CCCTCTCCAGCGTAGA-1	Myeloid	10
CCCTCTCCATCAGAAA-1	NK	3
CCCTCTCGTGTTGTTG-1	T	0
CCCTCTCGTTAAGTCC-1	Stromal	9
CCCTCTCGTTCCGGCA-1	Stromal	9
CCCTCTCGTTGGCGAA-1	NK	8
CCCTCTCTCGATTACG-1	NK	13
CCCTCTCTCTATATCC-1	T	0
CCCTGATAGAATCAGT-1	B	16
CCCTGATAGGAATGGA-1	T	12
CCCTGATAGTCGTACT-1	T	12
CCCTGATCAAAGGAAG-1	B	16
CCCTGATCAATGCCAT-1	Stromal	9
CCCTGATCAATGGTAA-1	T	5
CCCTGATCAGAGATGC-1	NK	3
CCCTGATCATTCTTTG-1	T	2
CCCTGATGTATGAAGT-1	Epithelial	4
CCCTGATGTCACTCTC-1	T	0
CCCTGATGTCATTGCA-1	Stromal	9
CCCTGATGTGAATACA-1	T	5
CCCTGATGTGGCATAG-1	T	0
CCCTGATTCACGTCAA-1	NK	17
CCCTGATTCACTGATG-1	NK	17
CCCTGATTCGGATAAA-1	T	7
CCCTGATTCTTCAGAG-1	T	15
CCGAAGCAGAGTTCGG-1	T	12
CCGAAGCAGCAATGTA-1	T	2
CCGAAGCAGCACCATT-1	Stromal	9
CCGAAGCAGTCTGTGT-1	T	18
CCGAAGCCAAAGCTTC-1	NK	17
CCGAAGCCATTAAGGA-1	T	0
CCGAAGCGTATGCTAC-1	B	16
CCGAAGCGTGATGTGG-1	B	1
CCGAAGCGTTACGCTA-1	T	14
CCGAAGCGTTCTTTCA-1	NK	3
CCGAAGCTCACGATTG-1	T	19
CCGAAGCTCCACGGCA-1	T	18
CCGAAGCTCCACTAGA-1	B	1
CCGAAGCTCCATCTAT-1	B	16
CCGAAGCTCGCCACTT-1	NK	13
CCGAAGCTCGGGTCCA-1	NK	8
CCGAAGCTCTAAACGC-1	T	5
CCGCATTAGAACGCCA-1	Epithelial	4
CCGCATTAGACTAGCG-1	NK	3
CCGCATTAGAGCCTGA-1	Myeloid	10
CCGCATTAGGTCTTGT-1	NK	13
CCGCATTAGTGAGCTG-1	NK	17
CCGCATTAGTGATTAG-1	B	16
CCGCATTAGTGCACAG-1	Myeloid	10
CCGCATTCAACCTCCT-1	T	0
CCGCATTCAAGTAATG-1	B	16
CCGCATTCAATACTGC-1	NK	17
CCGCATTCAATGTGCT-1	NK	8
CCGCATTCACCACGAC-1	Stromal	9
CCGCATTCACTTTGGA-1	Epithelial	4
CCGCATTCAGAACGAC-1	Stromal	9
CCGCATTCAGGGCTTC-1	T	18
CCGCATTCAGTAGGCA-1	B	16
CCGCATTCAGTTACAC-1	NK	8
CCGCATTCATCCCTTG-1	T	18
CCGCATTGTACTATGC-1	NK	8
CCGCATTGTTAGGAAT-1	Myeloid	10
CCGCATTTCCAAGTCA-1	B	16
CCGCATTTCCCAGCGA-1	B	16
CCGCATTTCGGTCCGA-1	NK	17
CCGCATTTCGGTTAGT-1	T	12
CCGCATTTCTATCTTG-1	T	15
CCGCATTTCTCCACTG-1	NK	17
CCGCATTTCTCTGACC-1	T	14
CCGTACTAGCAATAAC-1	NK	17
CCGTACTAGGAATGGA-1	T	5
CCGTACTAGGCGTAGT-1	NK	8
CCGTACTAGGGTTCTT-1	T	18
CCGTACTAGTGCTAGG-1	T	7
CCGTACTCACACACAT-1	NK	17
CCGTACTCACACACCG-1	B	1
CCGTACTCACACATGT-1	Myeloid	10
CCGTACTCACCGAAAG-1	B	16
CCGTACTCACTCCTCA-1	T	7
CCGTACTCATAGCCAT-1	T	15
CCGTACTCATCTGCAA-1	T	11
CCGTACTCATGCTATG-1	B	16
CCGTACTGTCCGCTTT-1	B	1
CCGTACTGTCCGTAGC-1	T	18
CCGTACTGTCGCGCTA-1	T	15
CCGTACTGTGCACCCA-1	Stromal	9
CCGTACTGTTCTTAGG-1	T	5
CCGTACTTCGCTATAG-1	T	7
CCGTACTTCTCCTTAA-1	B	16
CCGTAGGAGATATGTG-1	T	7
CCGTAGGAGCCATCAT-1	B	16
CCGTAGGAGGATGTCG-1	NK	17
CCGTAGGAGGTTAACA-1	T	5
CCGTAGGAGTGTCGGA-1	B	16
CCGTAGGCAAAGGCCA-1	T	7
CCGTAGGCACGAACGA-1	NK	8
CCGTAGGCACTCAAGT-1	B	16
CCGTAGGCACTCCCAT-1	B	16
CCGTAGGCAGCGTGAA-1	B	1
CCGTAGGCATAGATAG-1	T	15
CCGTAGGCATCTGCAA-1	NK	17
CCGTAGGGTAGATTAG-1	T	2
CCGTAGGGTGCCCTAG-1	B	16
CCGTAGGGTGTCCCAG-1	Stromal	9
CCGTAGGTCGACTTAG-1	Stromal	9
CCGTAGGTCGTTACAG-1	Epithelial	4
CCGTAGGTCTCCACTG-1	B	16
CCGTGAGAGATAGGTT-1	T	11
CCGTGAGAGCCTATAC-1	T	5
CCGTGAGAGTCCGATT-1	Epithelial	4
CCGTGAGCAACTCCCT-1	T	18
CCGTGAGCACATATCG-1	T	7
CCGTGAGCACTCCACT-1	Myeloid	10
CCGTGAGCACTGCTCT-1	T	5
CCGTGAGCAGCAAACG-1	B	1
CCGTGAGCAGCAGGTA-1	T	0
CCGTGAGCATTTGTTC-1	T	7
CCGTGAGGTACGTAGG-1	Epithelial	4
CCGTGAGGTTGCCGCA-1	T	15
CCGTGAGTCAAACCCA-1	T	14
CCGTGAGTCACTGGTA-1	T	12
CCGTGAGTCCAGGCCA-1	B	1
CCGTGAGTCCCAATAG-1	T	2
CCGTGAGTCCCAGCGA-1	B	1
CCGTGAGTCCTCAAGA-1	NK	6
CCGTGAGTCGATGTAC-1	NK	6
CCTAAAGAGAACTAAC-1	T	18
CCTAAAGAGATGGCAC-1	NK	17
CCTAAAGAGCAACGGT-1	T	0
CCTAAAGAGCATGTGG-1	Stromal	9
CCTAAAGAGGATTGCG-1	NK	3
CCTAAAGAGGCACCTC-1	T	12
CCTAAAGAGGGCTTCC-1	NK	3
CCTAAAGAGTCGAAAT-1	T	18
CCTAAAGCAAGCACTT-1	T	19
CCTAAAGCAATGGCTT-1	NK	3
CCTAAAGCACCTCGTT-1	B	16
CCTAAAGGTACGTATC-1	NK	3
CCTAAAGGTCAATACC-1	T	12
CCTAAAGGTCACAGGA-1	NK	17
CCTAAAGGTCGGCTGT-1	T	11
CCTAAAGGTCTCTGGG-1	NK	8
CCTAAAGGTGCGTCCA-1	T	0
CCTAAAGGTGGCCTTG-1	NK	8
CCTAAAGGTGGTCGAA-1	B	16
CCTAAAGGTGTCGTCG-1	B	1
CCTAAAGGTTGAAGCG-1	NK	8
CCTAAAGGTTTGATCG-1	T	18
CCTAAAGTCACAACAC-1	B	1
CCTAAAGTCGGACGAA-1	B	1
CCTAAAGTCGGATCGC-1	B	16
CCTAAAGTCGTGAACT-1	T	2
CCTATTAAGAATGCTA-1	Myeloid	10
CCTATTAAGACTTGAA-1	T	5
CCTATTAAGAGCTCCC-1	T	0
CCTATTAAGCAGGAGG-1	T	14
CCTATTAAGCTACGCC-1	NK	8
CCTATTAAGCTGAAAT-1	T	5
CCTATTAAGTGCTGAG-1	T	18
CCTATTAAGTTCCAGT-1	T	5
CCTATTACAATTCGTG-1	NK	3
CCTATTACACATGATC-1	T	5
CCTATTACAGGTAGCA-1	T	2
CCTATTAGTAACGTAA-1	B	1
CCTATTAGTCATCGTA-1	Stromal	9
CCTATTAGTGGTAAGC-1	T	12
CCTATTAGTGTCCAGC-1	T	7
CCTATTAGTTACACTG-1	T	0
CCTATTAGTTTCGTTT-1	Myeloid	10
CCTATTATCACCCTTG-1	NK	8
CCTATTATCCACACCT-1	NK	6
CCTATTATCCATAACG-1	NK	13
CCTCCCTAGAGATTAC-1	T	19
CCTCCCTAGCCTCGCA-1	B	16
CCTCCCTAGCGTTAGG-1	T	14
CCTCCCTAGCTCCGGT-1	T	7
CCTCCCTAGTGCTGAG-1	Myeloid	10
CCTCCCTCAAACAGTA-1	NK	17
CCTCCCTCAAAGCTTC-1	NK	17
CCTCCCTCACCTATTT-1	Stromal	9
CCTCCCTCACGTACAT-1	T	7
CCTCCCTCAGGTCTGC-1	B	1
CCTCCCTGTACTTGAC-1	Myeloid	10
CCTCCCTGTAGAACGC-1	Myeloid	10
CCTCCCTGTCTAACCA-1	NK	17
CCTCCCTGTGAATACA-1	Epithelial	4
CCTCCCTGTGACCAGA-1	NK	3
CCTCCCTGTGCAACAG-1	B	16
CCTCCCTGTTCCCTTG-1	T	0
CCTCCCTGTTTCCTAT-1	T	2
CCTCCCTTCACAAGCT-1	T	2
CCTCCCTTCAGTGTGT-1	T	2
CCTCCCTTCCCGGGTA-1	T	14
CCTCCCTTCCCTACGT-1	B	16
CCTCCCTTCCTTTGCG-1	T	5
CCTCCCTTCGATTACG-1	B	16
CCTCCCTTCGCTTGAA-1	T	18
CCTCCCTTCGTCTTAT-1	NK	17
CCTCCCTTCTGGAAGG-1	B	16
CCTCCCTTCTGTAGAC-1	NK	8
CCTGCTAAGAAAGCAG-1	NK	8
CCTGCTAAGACTCGGA-1	NK	3
CCTGCTAAGCAGAGCT-1	NK	6
CCTGCTAAGCAGTAGC-1	NK	6
CCTGCTAAGTGAGCTG-1	T	11
CCTGCTACAAACAGTA-1	T	11
CCTGCTACACAGAAGC-1	NK	6
CCTGCTACACCCTTAC-1	Myeloid	10
CCTGCTACAGAAGTGC-1	NK	17
CCTGCTAGTCAACGGA-1	T	0
CCTGCTAGTCTAAAGA-1	Myeloid	10
CCTGCTAGTCTCTGGG-1	NK	3
CCTGCTAGTGCAAAGC-1	T	7
CCTGCTAGTGCACCCA-1	T	7
CCTGCTAGTTGCTTGA-1	NK	3
CCTGCTATCACTAGCA-1	T	2
CCTGCTATCCAAACCA-1	NK	13
CCTGCTATCGGGACAA-1	NK	8
CCTGCTATCGGGTCCA-1	NK	13
CCTGCTATCTAAACGC-1	Epithelial	4
CCTGCTATCTGTAGAC-1	T	7
CCTGCTATCTGTGTGA-1	T	14
CCTGGGAAGACCCTAT-1	B	16
CCTGGGAAGATATGAC-1	Stromal	9
CCTGGGAAGGCAGATC-1	NK	13
CCTGGGAAGGGAAATG-1	NK	3
CCTGGGAAGGTTCGAG-1	T	2
CCTGGGACAAAGAAGG-1	NK	3
CCTGGGACAATTAGGA-1	T	15
CCTGGGACACCGAATT-1	T	5
CCTGGGACAGAACGAC-1	NK	13
CCTGGGACAGGTCTGC-1	B	16
CCTGGGAGTCCGTGCA-1	T	2
CCTGGGAGTGAATACA-1	NK	8
CCTGGGAGTGTGTGCC-1	T	7
CCTGGGATCATCGCTC-1	NK	3
CCTGGGATCATTCGGA-1	T	5
CCTGGGATCCACCTAC-1	T	18
CCTGGGATCCACGCTT-1	B	16
CCTTAATAGAGAAGCA-1	T	5
CCTTAATAGAGGCAGG-1	B	16
CCTTAATAGCACACCC-1	Stromal	9
CCTTAATAGCGCGTTC-1	T	15
CCTTAATAGGCAATTA-1	B	1
CCTTAATAGTATCTGC-1	NK	17
CCTTAATAGTATGCTC-1	T	14
CCTTAATCACTAAACC-1	NK	6
CCTTAATCAGTAGGCA-1	NK	6
CCTTAATCATTACTCT-1	NK	8
CCTTAATGTACGGAGT-1	T	18
CCTTAATGTACGTATC-1	NK	17
CCTTAATGTATCAGCT-1	NK	17
CCTTAATGTCAGAAGC-1	B	16
CCTTAATGTCCGCTTT-1	T	12
CCTTAATGTCTGGGAA-1	NK	8
CCTTAATTCAAGGCCC-1	T	15
CCTTAATTCAGTGTAC-1	B	1
CCTTAATTCCATCGAA-1	B	1
CCTTAATTCCTCCTGA-1	NK	17
CCTTAATTCGTTACAG-1	B	16
CCTTGCAAGAGCCTGA-1	NK	8
CCTTGCAAGGGCGAAG-1	T	7
CCTTGCAAGTGAGCAC-1	T	19
CCTTGCAAGTTTACGC-1	T	11
CCTTGCACAAAGGTCG-1	NK	17
CCTTGCACAGGTAACG-1	T	5
CCTTGCACATTATGGC-1	T	11
CCTTGCAGTCAAACAA-1	B	16
CCTTGCAGTCCATTGA-1	B	16
CCTTGCAGTGCGCATC-1	Myeloid	10
CCTTGCAGTGTCCAGC-1	T	11
CCTTGCAGTTACGGAG-1	T	18
CCTTGCAGTTCAGTTG-1	NK	13
CCTTGCATCAGAATGA-1	NK	13
CCTTGCATCAGCACGC-1	NK	6
CCTTGCATCCAAACCA-1	NK	3
CCTTGCATCCAGTACA-1	NK	17
CCTTGCATCTTTCGAT-1	B	16
CCTTGGTAGAAGCCGT-1	NK	17
CCTTGGTAGAATCAGT-1	B	16
CCTTGGTAGCGCATTT-1	T	19
CCTTGGTAGGCTCAGA-1	NK	17
CCTTGGTAGTACCCAT-1	T	0
CCTTGGTCACTGCTTC-1	T	18
CCTTGGTGTACGCAAG-1	T	19
CCTTGGTGTACGTAGG-1	T	2
CCTTGGTGTATCACAC-1	T	2
CCTTGGTGTCCAGACC-1	Stromal	9
CCTTGGTGTGCATTCA-1	B	16
CCTTGGTGTTACCACA-1	B	16
CCTTGGTGTTCGGGAA-1	B	1
CCTTGGTGTTCTTTGT-1	T	2
CCTTGGTTCAGATACC-1	NK	3
CCTTGGTTCGCTAGTA-1	B	1
CCTTGGTTCGGACGAA-1	NK	3
CCTTGGTTCGGATAAA-1	T	14
CGAGTTAAGCTATCCA-1	NK	17
CGAGTTAAGGCAGTGT-1	NK	8
CGAGTTAAGTCAACTC-1	B	16
CGAGTTACAGTCCTGG-1	NK	17
CGAGTTAGTAAACGAT-1	Stromal	9
CGAGTTAGTCAGCAAG-1	T	0
CGAGTTAGTCTCAAAC-1	Epithelial	4
CGAGTTAGTGATGCGA-1	B	1
CGAGTTAGTGCGTAGA-1	T	15
CGAGTTAGTTCAGTTG-1	T	19
CGAGTTAGTTGGCGAA-1	B	16
CGAGTTATCACACGTA-1	B	16
CGAGTTATCACCCGGA-1	NK	3
CGAGTTATCCCTACCA-1	Epithelial	4
CGAGTTATCGCATACA-1	NK	8
CGAGTTATCTATATCC-1	T	2
CGAGTTATCTCGCGGA-1	NK	6
CGATGATAGAGAACCC-1	T	7
CGATGATAGCAACTGG-1	T	11
CGATGATAGCGCCTAC-1	NK	13
CGATGATAGTACAGAT-1	T	15
CGATGATAGTAGACCG-1	B	16
CGATGATAGTGTCCCG-1	NK	17
CGATGATCACTAGGAG-1	T	14
CGATGATCAGCGTCGT-1	T	18
CGATGATCAGTAAGAT-1	T	18
CGATGATCATATTGGC-1	T	11
CGATGATCATCGGCTG-1	B	16
CGATGATGTAAGCCGA-1	Epithelial	4
CGATGATGTAATGTGA-1	B	1
CGATGATGTCTGCGCA-1	T	2
CGATGATGTTAGGAGC-1	T	14
CGATGATTCCCATAGA-1	NK	3
CGATGATTCGCATACA-1	NK	8
CGATGATTCTTTCGAT-1	NK	17
CGCAATAAGAAAGCAG-1	B	16
CGCAATAAGAAGGGCG-1	NK	17
CGCAATACACACACCG-1	NK	13
CGCAATACAGACCTGC-1	Epithelial	4
CGCAATAGTACTTGAC-1	T	0
CGCAATAGTCAGGTGA-1	NK	13
CGCAATAGTGAATACA-1	T	5
CGCAATAGTTGGGAAC-1	Epithelial	4
CGCAATATCACTCGGG-1	NK	13
CGCAATATCCGGCGAT-1	NK	6
CGCAATATCGGCATAT-1	B	16
CGCAATATCGTAGCGC-1	T	18
CGCAATATCGTGCTGG-1	NK	17
CGCAATATCTCGCGTT-1	T	14
CGCAATATCTTCACTA-1	T	18
CGCACAGAGAATGCTA-1	NK	6
CGCACAGAGAGCGAAA-1	T	18
CGCACAGAGCGCATTT-1	NK	17
CGCACAGAGGTCGTTT-1	B	16
CGCACAGAGTGAGCTG-1	NK	3
CGCACAGAGTTCCAGT-1	T	0
CGCACAGCAACGCACC-1	T	5
CGCACAGCAAGTCTGT-1	Stromal	9
CGCACAGCACCACCAG-1	T	2
CGCACAGCACGCCGAT-1	T	12
CGCACAGCATAAAGTG-1	NK	8
CGCACAGGTAAAGGCC-1	T	12
CGCACAGGTCATCGTA-1	T	14
CGCACAGTCAGTTGAC-1	Epithelial	4
CGCACAGTCCAAGTCA-1	NK	13
CGCACAGTCCAGAATC-1	NK	13
CGCACAGTCCCAATGA-1	NK	13
CGCACAGTCGCTAGTA-1	NK	17
CGCACAGTCTATACCT-1	T	15
CGCACAGTCTGGGCGT-1	T	0
CGCAGGTAGAGCCACA-1	T	12
CGCAGGTAGCGCCTAC-1	T	19
CGCAGGTAGTATACGA-1	NK	13
CGCAGGTCAACGCACC-1	NK	8
CGCAGGTCACTCCTCA-1	T	5
CGCAGGTGTATGCTAC-1	NK	17
CGCAGGTGTGAGTAAT-1	T	5
CGCAGGTGTTCTACCC-1	NK	3
CGCAGGTTCACAAGCT-1	T	7
CGCAGGTTCAGTCAAC-1	NK	17
CGCAGGTTCAGTTGAC-1	B	16
CGCAGGTTCCAGTTAG-1	Stromal	9
CGCAGGTTCCTATCAT-1	T	19
CGCAGGTTCTCCTTAA-1	NK	17
CGCAGGTTCTCGCGTT-1	T	15
CGCGCAAAGAACTAAC-1	T	18
CGCGCAAAGAGAACCC-1	B	16
CGCGCAAAGAGCTACG-1	T	19
CGCGCAAAGCACGTAG-1	Stromal	9
CGCGCAAAGCTATCGT-1	T	14
CGCGCAAAGGTAAGTT-1	NK	3
CGCGCAAAGTCACGCC-1	NK	17
CGCGCAAAGTCCGGAA-1	T	0
CGCGCAAAGTGAGCTG-1	NK	13
CGCGCAAAGTGATTAG-1	NK	17
CGCGCAACACCCTTAC-1	B	1
CGCGCAACATATAGAG-1	T	0
CGCGCAAGTCAAATCC-1	T	5
CGCGCAAGTCACCCGA-1	B	16
CGCGCAAGTCATGAGG-1	NK	3
CGCGCAAGTGCGTCCA-1	Epithelial	4
CGCGCAAGTGGTTCTA-1	T	2
CGCGCAAGTTCTGAGT-1	NK	13
CGCGCAAGTTCTGATG-1	T	0
CGCGCAAGTTCTTTGT-1	T	11
CGCGCAAGTTTAAGCC-1	T	0
CGCGCAATCAAGGCAG-1	T	2
CGCGCAATCAGGGTTT-1	Stromal	9
CGCGCAATCATCGCCT-1	NK	6
CGCGCAATCATTCTTG-1	T	7
CGCGCAATCCACACCT-1	B	16
CGCGCAATCGGTTCCT-1	B	16
CGCTAGGAGAACGTTA-1	Epithelial	4
CGCTAGGAGACGTCAG-1	NK	6
CGCTAGGAGAGGAAGT-1	T	0
CGCTAGGAGCTGCCAC-1	NK	8
CGCTAGGAGTAATGTG-1	Epithelial	4
CGCTAGGAGTCTGTGT-1	NK	17
CGCTAGGCAACGGGTA-1	B	1
CGCTAGGCAACGTACT-1	NK	6
CGCTAGGCAAGCCTTA-1	T	12
CGCTAGGCACGTTGTA-1	NK	3
CGCTAGGCACTCAGCG-1	NK	13
CGCTAGGCAGGAGCAT-1	T	5
CGCTAGGCATAGTCCA-1	Myeloid	10
CGCTAGGGTACAAATG-1	T	12
CGCTAGGGTACGTAAA-1	NK	6
CGCTAGGGTATGCTAC-1	B	16
CGCTAGGGTCCGGTAC-1	Myeloid	10
CGCTAGGGTCTGGGAA-1	Stromal	9
CGCTAGGGTTCCCAAA-1	Stromal	9
CGCTAGGTCAAATGGA-1	T	0
CGCTAGGTCGTGGTAT-1	Epithelial	4
CGCTAGGTCGTTCCGT-1	Stromal	9
CGCTATCAGACACAAT-1	T	7
CGCTATCAGGAGGCGA-1	Stromal	9
CGCTATCCACCCTTTG-1	Myeloid	10
CGCTATCCAGCGTCGT-1	Epithelial	4
CGCTATCCAGTTACAC-1	Epithelial	4
CGCTATCCATTCGTCC-1	T	14
CGCTATCGTACTATGC-1	B	16
CGCTATCGTATCTCAG-1	NK	17
CGCTATCGTCAACGGA-1	T	18
CGCTATCGTGAGGGTT-1	NK	6
CGCTATCGTTGTGAGG-1	T	0
CGCTATCTCAAACCCA-1	NK	8
CGCTATCTCACGATTG-1	B	16
CGCTGGAAGATGGGAA-1	NK	17
CGCTGGAAGGAATGGA-1	T	18
CGCTGGACAGGTCTGC-1	T	14
CGCTGGAGTACTATGC-1	B	16
CGCTGGAGTAGCGGTA-1	B	16
CGCTGGAGTCAGCAAG-1	T	5
CGCTGGATCCATACGA-1	NK	3
CGCTGGATCGCACCTT-1	T	19
CGCTGGATCGGTTGTA-1	NK	8
CGCTGGATCGTGAACT-1	NK	8
CGGACCAAGACACGGT-1	T	0
CGGACCAAGATACCAA-1	B	16
CGGACCAAGATATGAC-1	NK	8
CGGACCAAGCGTTAGG-1	Epithelial	4
CGGACCAAGGACTAGC-1	NK	17
CGGACCAAGTTGCTTG-1	B	16
CGGACCACAATGGCTT-1	NK	17
CGGACCACACACACCG-1	NK	3
CGGACCACACATAAAG-1	T	11
CGGACCACAGGAGCAT-1	NK	3
CGGACCACAGTTCGGC-1	T	18
CGGACCAGTAGGGTCA-1	NK	17
CGGACCAGTATTCTGG-1	T	14
CGGACCAGTATTTGCG-1	NK	6
CGGACCAGTCCGAGCT-1	Epithelial	4
CGGACCAGTGTTGGTT-1	T	19
CGGACCAGTTTCGTTT-1	B	16
CGGACCAGTTTGTCTT-1	Myeloid	10
CGGACCATCACATTCT-1	T	19
CGGACCATCGCATAAC-1	T	18
CGGACCATCGCTATAG-1	T	11
CGGACCATCGGGATCC-1	NK	3
CGGACCATCGTCCCTA-1	NK	6
CGGACCATCTCTATCA-1	NK	17
CGGACCATCTTTATCG-1	NK	17
CGGACTGAGGAAACTT-1	Epithelial	4
CGGACTGAGGCAATTA-1	B	1
CGGACTGAGTACTCTG-1	T	7
CGGACTGAGTCTGTGT-1	T	15
CGGACTGAGTTCAGGG-1	T	12
CGGACTGCAAAGGTCG-1	Stromal	9
CGGACTGCAATGTAAG-1	B	16
CGGACTGCACTCCTCA-1	Myeloid	10
CGGACTGCATATACGC-1	T	2
CGGACTGCATCGTGAT-1	B	16
CGGACTGGTCAATCCA-1	Stromal	9
CGGACTGGTCACAGTT-1	T	0
CGGACTGGTCCCGTGA-1	NK	6
CGGACTGGTGCGTCCA-1	NK	13
CGGACTGGTGCTTCCT-1	NK	17
CGGACTGGTTAAGGGC-1	NK	6
CGGACTGTCAAGGCCC-1	B	16
CGGACTGTCCTCCAGT-1	T	14
CGGACTGTCGAGAACG-1	T	19
CGGACTGTCGCGTTCT-1	B	16
CGGACTGTCTTCACTA-1	NK	6
CGGTGCAAGAATCAGT-1	NK	17
CGGTGCAAGAGGCCTA-1	T	15
CGGTGCAAGGAGTAGA-1	T	19
CGGTGCAAGGGTCTGA-1	NK	6
CGGTGCAAGTCGTATC-1	Myeloid	10
CGGTGCACAAGCAGGT-1	T	5
CGGTGCACACCAAGGA-1	B	16
CGGTGCACAGGAGCAT-1	T	5
CGGTGCACATGTATCG-1	NK	13
CGGTGCACATTACACG-1	NK	13
CGGTGCAGTCACAGTT-1	T	18
CGGTGCAGTCCGGTAC-1	T	15
CGGTGCAGTCTGGTCG-1	T	11
CGGTGCAGTGTCCTTC-1	NK	8
CGGTGCAGTTCTTTCA-1	NK	3
CGGTGCATCAATGCAC-1	B	16
CGGTGCATCCACTAGA-1	T	12
CGGTGCATCCTGGGAC-1	NK	17
CGGTGCATCGCTGATA-1	Epithelial	4
CGGTGCATCTTCATAC-1	T	11
CGTAAACAGACTTCCA-1	T	12
CGTAAACAGGATTAAC-1	Epithelial	4
CGTAAACAGTCTGCTA-1	NK	8
CGTAAACCACATAAAG-1	NK	3
CGTAAACGTATTCTGG-1	B	1
CGTAAACGTCCATTGA-1	NK	17
CGTAAACGTTATCGAC-1	T	15
CGTAAACGTTCCCAAA-1	NK	8
CGTAAACGTTTGACCA-1	T	12
CGTAAACTCCAATAGC-1	NK	13
CGTAAACTCCTATCAT-1	Epithelial	4
CGTAAACTCGCTATAG-1	T	18
CGTAAACTCGGTCGAC-1	NK	17
CGTACAAAGAACGCCA-1	T	5
CGTACAAAGATCTCAC-1	B	16
CGTACAAAGCGCAATG-1	NK	13
CGTACAAAGGCAAGGG-1	NK	17
CGTACAAAGGTTGTTC-1	NK	3
CGTACAAAGGTTTCTG-1	Epithelial	4
CGTACAACAAGGGTAC-1	T	18
CGTACAACAAGTCTGT-1	Stromal	9
CGTACAACAATTCTCT-1	T	7
CGTACAACACAGGAAC-1	B	16
CGTACAACACATCATG-1	B	1
CGTACAACACGCGTTG-1	T	5
CGTACAACAGGTAACG-1	NK	17
CGTACAACAGGTCTGC-1	B	1
CGTACAACATTGATGC-1	T	15
CGTACAAGTAACCGAG-1	T	7
CGTACAAGTATATGGA-1	B	16
CGTACAATCCAGGTCG-1	Epithelial	4
CGTACAATCCTGTGGG-1	NK	17
CGTGGCAAGAAGACTT-1	T	2
CGTGGCAAGATTGACA-1	NK	3
CGTGGCAAGCAATAAC-1	NK	3
CGTGGCAAGCAATGTA-1	Myeloid	10
CGTGGCAAGCTAACAA-1	T	0
CGTGGCAAGGCAAGCT-1	T	0
CGTGGCACAAAGCTTC-1	B	16
CGTGGCACAACCTCCT-1	T	2
CGTGGCACAAGGCTTT-1	B	1
CGTGGCAGTAAGGTCG-1	T	0
CGTGGCAGTACAACGG-1	T	12
CGTGGCAGTAGGTCTT-1	T	12
CGTGGCAGTGGTGGTA-1	T	15
CGTGGCAGTGTCCTTC-1	B	16
CGTGGCATCAGTCTTT-1	NK	6
CGTGGCATCCAAGAGG-1	NK	17
CGTGGCATCGCGCCAA-1	Myeloid	10
CGTGGCATCGGAAAGC-1	B	1
CGTGGCATCGTCGCAG-1	Stromal	9
CGTGGCATCGTTGTTT-1	T	0
CGTGGCATCTCTATTG-1	T	15
CGTTCCAAGAGCGAAA-1	T	15
CGTTCCAAGAGGCAGG-1	T	11
CGTTCCAAGATCCGAG-1	T	5
CGTTCCAAGCGTAGCA-1	T	18
CGTTCCAAGCTTTCCC-1	B	16
CGTTCCAAGGACTTTC-1	T	0
CGTTCCAAGTCGTACT-1	NK	6
CGTTCCACAAGCAACG-1	B	1
CGTTCCACACGCCGAT-1	B	1
CGTTCCACAGGGCTTC-1	T	15
CGTTCCACAGTGCGAA-1	NK	6
CGTTCCACATAGGCGA-1	T	15
CGTTCCAGTAAACCCT-1	T	2
CGTTCCAGTAGTCTGT-1	Myeloid	10
CGTTCCAGTATCATGC-1	NK	8
CGTTCCAGTATTGTGC-1	B	16
CGTTCCAGTGGACCAA-1	T	14
CGTTCCAGTTCCATCC-1	T	15
CGTTCCAGTTTCGATG-1	NK	13
CGTTCCATCAGGATCT-1	T	2
CGTTCCATCCATATCT-1	T	2
CGTTCCATCCATTGTT-1	NK	17
CGTTCCATCCGTCAAA-1	T	7
CGTTCCATCCGTTAGA-1	T	14
CTAACTTAGAGGAACA-1	T	18
CTAACTTAGGCAGTGT-1	T	0
CTAACTTAGTGTCGCC-1	NK	3
CTAACTTCAAGACTTC-1	T	15
CTAACTTCAAGGGAGG-1	T	7
CTAACTTCAAGTGGCA-1	T	2
CTAACTTCACGCGCAT-1	B	16
CTAACTTCACTGTCGG-1	T	5
CTAACTTCAGTGGTCC-1	NK	6
CTAACTTGTAAAGGCC-1	B	16
CTAACTTGTAATGTAG-1	T	18
CTAACTTGTACCAAGG-1	NK	13
CTAACTTGTAGTCCAT-1	T	15
CTAACTTGTATTCACG-1	NK	17
CTAACTTGTGTCCCAG-1	T	11
CTAACTTGTGTGCTTA-1	T	14
CTAACTTTCTCGTAGA-1	NK	17
CTACAGAAGACAGCTG-1	T	0
CTACAGAAGCAATAAC-1	NK	17
CTACAGAAGTAGTCGG-1	T	5
CTACAGAAGTCACACT-1	T	14
CTACAGAAGTCGAGCA-1	B	1
CTACAGACAGGTGTGA-1	T	11
CTACAGACATCGAGTT-1	B	16
CTACAGAGTACCCACG-1	T	15
CTACAGAGTAGCATGG-1	B	1
CTACAGAGTCATAGCT-1	Epithelial	4
CTACAGAGTTCAGTAC-1	T	14
CTACAGAGTTGCAGCC-1	NK	3
CTACAGAGTTTAAGGA-1	T	18
CTACAGATCCATGACA-1	T	0
CTACAGATCGCTAGTA-1	T	5
CTACAGATCTACATCT-1	NK	17
CTACAGATCTATGAGC-1	NK	8
CTACAGATCTTAACGG-1	NK	3
CTACAGATCTTCCAGC-1	T	2
CTACTTAAGAGCCACA-1	T	15
CTACTTAAGAGGCAGG-1	NK	17
CTACTTAAGCGTTAGG-1	Stromal	9
CTACTTACAACCTCTC-1	T	2
CTACTTACAACTCGAT-1	NK	17
CTACTTACACGCCGAT-1	T	2
CTACTTACACTAAACC-1	NK	6
CTACTTACAGAACAGC-1	T	7
CTACTTACAGAGATGC-1	T	15
CTACTTACAGGAGCAT-1	Epithelial	4
CTACTTACAGGTCCTG-1	NK	17
CTACTTAGTAGGTCTT-1	T	14
CTACTTAGTCAGCAAG-1	NK	13
CTACTTAGTCCGGTAC-1	T	11
CTACTTAGTGCACATT-1	T	12
CTACTTAGTGGACAGT-1	B	1
CTACTTAGTTCACGTA-1	T	15
CTACTTAGTTCTTAGG-1	NK	8
CTACTTAGTTTCACCC-1	T	12
CTACTTAGTTTGTCTT-1	NK	8
CTACTTATCAAATGGA-1	B	16
CTAGCGGAGAGACTCG-1	T	0
CTAGCGGAGAGTAAGG-1	NK	13
CTAGCGGAGCATGTGG-1	Stromal	9
CTAGCGGAGCGCACAA-1	NK	13
CTAGCGGAGGCAGATC-1	NK	3
CTAGCGGAGGGAAGCG-1	NK	6
CTAGCGGAGGTTGACG-1	T	7
CTAGCGGCAAGGCGTA-1	T	18
CTAGCGGCAATAGCGG-1	T	0
CTAGCGGCAATGTAAG-1	NK	3
CTAGCGGCAGAACTTC-1	T	19
CTAGCGGCAGATAAGT-1	T	18
CTAGCGGCAGATTTGC-1	NK	17
CTAGCGGCAGCAACCC-1	T	15
CTAGCGGCAGCGTCGT-1	NK	8
CTAGCGGCATCACAGT-1	NK	6
CTAGCGGCATCCCAAA-1	NK	17
CTAGCGGCATGCCTTC-1	NK	13
CTAGCGGCATTGTGAC-1	B	1
CTAGCGGGTATCGCGC-1	Myeloid	10
CTAGCGGGTCCAAGAG-1	Stromal	9
CTAGCGGGTCCAAGTT-1	NK	3
CTAGCGGGTGAGGTCA-1	B	1
CTAGCGGGTTAGCTCA-1	T	11
CTAGCGGGTTGCTTGA-1	T	19
CTAGCGGTCAGTACAC-1	NK	17
CTAGCGGTCAGTGTGT-1	Epithelial	4
CTAGCGGTCCCTATTA-1	T	15
CTAGCGGTCGACTTAG-1	NK	17
CTAGCGGTCGCACCGA-1	B	16
CTAGCGGTCTGTAGAC-1	T	11
CTAGGATAGAATCAAC-1	T	5
CTAGGATAGAGCTGTG-1	NK	13
CTAGGATAGAGGCGGA-1	T	0
CTAGGATAGCTGCCAC-1	NK	8
CTAGGATAGGAAGGTA-1	T	0
CTAGGATAGGATGTAT-1	NK	8
CTAGGATAGGCGATTG-1	B	1
CTAGGATAGGTTAGTA-1	T	12
CTAGGATAGTGCTAGG-1	T	7
CTAGGATAGTGTCACT-1	NK	3
CTAGGATCACACTAGT-1	T	5
CTAGGATCAGGTAGCA-1	NK	8
CTAGGATCATAAAGTG-1	B	16
CTAGGATCATCAGCTA-1	B	1
CTAGGATCATCCTGGG-1	T	15
CTAGGATCATGCGACC-1	Epithelial	4
CTAGGATCATTTCACT-1	T	11
CTAGGATGTAACGTAA-1	Epithelial	4
CTAGGATGTACCCATA-1	NK	6
CTAGGATGTACGACCC-1	T	18
CTAGGATGTCTGGGCT-1	T	2
CTAGGATGTGGATTTC-1	NK	17
CTAGGATGTGTTTCTT-1	T	15
CTAGGATGTTACGCTA-1	NK	17
CTAGGATGTTCCAATG-1	NK	13
CTAGGATTCGCAAACT-1	B	16
CTAGGATTCGGTGATT-1	Epithelial	4
CTAGGGCAGCATTGGG-1	T	15
CTAGGGCAGGAAGACA-1	B	16
CTAGGGCAGGCAAGGG-1	NK	3
CTAGGGCCAAGTTCGT-1	T	18
CTAGGGCCACTTACAG-1	Myeloid	10
CTAGGGCCAGCAGGTA-1	NK	3
CTAGGGCCATACCCGG-1	NK	8
CTAGGGCCATCCGTAA-1	T	18
CTAGGGCCATTTCACT-1	NK	3
CTAGGGCGTAACGGAC-1	T	14
CTAGGGCGTAGAAAGG-1	NK	17
CTAGGGCGTCCGTAGC-1	T	15
CTAGGGCGTTAAGTCC-1	NK	8
CTAGGGCTCAGGTCTA-1	T	2
CTAGGGCTCCCTAAAG-1	Myeloid	10
CTAGGGCTCCTCATTA-1	Stromal	9
CTAGGGCTCGTCGCAG-1	T	12
CTAGGGCTCTATAGGC-1	Epithelial	4
CTAGGGCTCTCCTTGG-1	B	16
CTAGGGCTCTTAATCC-1	Stromal	9
CTAGGGCTCTTATCAC-1	T	7
CTCAACCAGCGCCTAC-1	T	5
CTCAACCAGGTCCTCG-1	Stromal	9
CTCAACCAGTACCACT-1	NK	3
CTCAACCAGTGAAGGA-1	T	0
CTCAACCCAAATTCCG-1	T	18
CTCAACCCAACTCAAC-1	B	16
CTCAACCCAAGTGGCA-1	B	1
CTCAACCCACAGAAGC-1	NK	8
CTCAACCCATAGACGG-1	NK	6
CTCAACCCATAGATAG-1	B	16
CTCAACCGTATTCGAC-1	T	12
CTCAACCGTCATAAGA-1	T	5
CTCAACCGTCTGGTTA-1	T	12
CTCAACCTCCAACCTC-1	Stromal	9
CTCAACCTCCCGTAGG-1	T	5
CTCAACCTCCGGGCAT-1	NK	8
CTCAACCTCGAAGCCC-1	B	16
CTCAACCTCGATCGCG-1	B	16
CTCAACCTCTATCCTA-1	T	0
CTCACCAAGATACCAA-1	T	19
CTCACCAAGCAAGGTC-1	B	16
CTCACCAAGCGAGCTA-1	Stromal	9
CTCACCAAGCGTCTGC-1	T	19
CTCACCAAGGTTAGTA-1	T	7
CTCACCAAGTAACATG-1	T	12
CTCACCAAGTACCCAT-1	T	2
CTCACCAAGTCAACTC-1	T	7
CTCACCAAGTCTAGAA-1	T	19
CTCACCAAGTGAGCAC-1	Myeloid	10
CTCACCACAACTAGAA-1	NK	13
CTCACCACAAGACACG-1	B	1
CTCACCACAAGCTTTG-1	T	5
CTCACCACAATGTGTC-1	B	16
CTCACCACACGCGCAT-1	T	5
CTCACCACACGCTCAG-1	T	19
CTCACCACATAAAGTG-1	T	0
CTCACCAGTATCTGCA-1	T	7
CTCACCAGTCACCCGA-1	NK	17
CTCACCAGTCTGTCCT-1	NK	3
CTCACCAGTGAGGGTT-1	NK	17
CTCACCAGTTACCCAA-1	NK	8
CTCACCAGTTAGAGAT-1	T	2
CTCACCATCGGAAAGC-1	B	1
CTCACCATCGGAGTTT-1	T	2
CTCACCATCGGATCGC-1	T	14
CTCACCATCTTAATCC-1	T	7
CTCAGAAAGACTAGGC-1	NK	8
CTCAGAAAGTTCAACC-1	T	2
CTCAGAACACCCATCT-1	T	12
CTCAGAACACGTTAGT-1	T	12
CTCAGAACAGAACTTC-1	NK	17
CTCAGAACAGCGTGAA-1	T	5
CTCAGAACAGGATGTG-1	T	2
CTCAGAACAGTAGTTC-1	T	5
CTCAGAACATACCCGG-1	NK	8
CTCAGAAGTACTAGAA-1	B	16
CTCAGAAGTAGGTCTT-1	T	5
CTCAGAAGTCAGCAAG-1	Myeloid	10
CTCAGAAGTCCAAGAG-1	T	7
CTCAGAAGTGCTTACA-1	NK	17
CTCAGAAGTTACGCTA-1	T	18
CTCAGAATCAAGAGAT-1	Epithelial	4
CTCAGAATCAGGTCTA-1	NK	17
CTCAGAATCCGGGCAT-1	NK	8
CTCAGAATCGCCACTT-1	B	16
CTCAGAATCTTCACTA-1	T	18
CTCAGCTAGAAGACTT-1	NK	8
CTCAGCTAGACACGGT-1	B	16
CTCAGCTAGATCTCAC-1	T	19
CTCAGCTAGCTGCCAC-1	Epithelial	4
CTCAGCTAGGCAAGCT-1	T	7
CTCAGCTAGGTTTCTG-1	T	5
CTCAGCTAGTAATCAG-1	Myeloid	10
CTCAGCTAGTAATGTG-1	NK	6
CTCAGCTCACCTGAAT-1	T	18
CTCAGCTCACTGTAAC-1	NK	8
CTCAGCTCATACTGCA-1	T	7
CTCAGCTCATCCCTCA-1	NK	3
CTCAGCTCATCGACCG-1	T	11
CTCAGCTGTCCAAGTT-1	T	11
CTCAGCTGTTGCAGCC-1	T	15
CTCAGCTTCAGGTCTA-1	NK	17
CTCAGCTTCCAACCTC-1	NK	13
CTCAGCTTCCATTGTT-1	T	5
CTCAGCTTCCGGAAAG-1	T	5
CTCAGCTTCCGTGCGA-1	Myeloid	10
CTCAGCTTCGCAACTA-1	NK	17
CTCAGCTTCGGTCAGC-1	T	12
CTCAGCTTCTACATCT-1	NK	17
CTCAGCTTCTGTGTGA-1	T	2
CTCATGCAGAGGCAGG-1	Epithelial	4
CTCATGCAGATGAGGA-1	T	7
CTCATGCAGCACGTAG-1	NK	17
CTCATGCAGCTGCCAC-1	B	16
CTCATGCAGGAAGACA-1	T	18
CTCATGCAGGGCATTG-1	T	5
CTCATGCAGGTACACG-1	T	18
CTCATGCAGTCCGATT-1	NK	8
CTCATGCAGTCTTAGC-1	B	16
CTCATGCAGTGAGTGC-1	T	5
CTCATGCAGTTGCTTG-1	T	0
CTCATGCCAAGTCTGT-1	B	16
CTCATGCCAATGACTC-1	T	5
CTCATGCCACATATCG-1	NK	3
CTCATGCCACCTGAAT-1	T	5
CTCATGCCATGCCTTC-1	B	16
CTCATGCGTCAACAGG-1	B	1
CTCATGCGTCTAACCA-1	NK	3
CTCATGCGTGAGAGTC-1	T	12
CTCATGCTCGCTACCT-1	T	15
CTCATGCTCGTCTTAT-1	T	0
CTCATGCTCTGATCTT-1	NK	6
CTCCCAAAGATTAGAC-1	B	16
CTCCCAAAGGAAACTT-1	Myeloid	10
CTCCCAAAGGGCTCTC-1	T	12
CTCCCAAAGGTGATGC-1	T	14
CTCCCAAAGGTTAACA-1	T	12
CTCCCAACATTTGGCA-1	T	19
CTCCCAAGTCCGTCGA-1	NK	17
CTCCCAAGTGGATTCT-1	T	0
CTCCCAATCAGAATGA-1	NK	13
CTCCCAATCCGCGATG-1	Stromal	9
CTCCCAATCCTTGACC-1	T	7
CTCCCAATCGCTGATA-1	NK	3
CTCCCAATCGGAAAGC-1	T	12
CTCCCAATCGTGGTAT-1	Epithelial	4
CTCCCAATCTTGTCAT-1	Myeloid	10
CTCGCTAAGCAACGGT-1	T	5
CTCGCTAAGGAAACTT-1	T	12
CTCGCTAAGGTGATGC-1	B	1
CTCGCTAAGGTTCGAG-1	B	1
CTCGCTAAGTAGCAAT-1	T	7
CTCGCTAAGTCCCGCA-1	T	7
CTCGCTAAGTTCCAGT-1	T	7
CTCGCTAAGTTGTCCA-1	B	16
CTCGCTACAACTTGGT-1	T	0
CTCGCTACACAGGTAG-1	T	11
CTCGCTACACTGTTAG-1	B	1
CTCGCTACACTTGCGG-1	Myeloid	10
CTCGCTACATACTGCA-1	Myeloid	10
CTCGCTACATCTCACC-1	T	18
CTCGCTACATGGAGGT-1	Myeloid	10
CTCGCTACATTCGTCC-1	B	16
CTCGCTAGTCCGTCGA-1	T	5
CTCGCTAGTCCGTGCA-1	T	5
CTCGCTAGTGCATTCA-1	NK	17
CTCGCTAGTGCGTTTA-1	T	18
CTCGCTAGTGGACCAA-1	NK	8
CTCGCTAGTGTCCCAG-1	T	15
CTCGCTATCACCGCGA-1	B	16
CTCGCTATCATACTTC-1	NK	17
CTCGCTATCCCTAAAG-1	NK	17
CTCGCTATCCTCTCTT-1	B	16
CTCGCTATCGCACCTT-1	T	14
CTCGCTATCGCTACCT-1	NK	8
CTCGCTATCTGCGTCT-1	T	5
CTCGCTATCTTAATCC-1	T	0
CTCTACGAGGTTGACG-1	NK	8
CTCTACGCAAGCGACA-1	NK	13
CTCTACGCAGCAACCC-1	B	1
CTCTACGCAGGTGTGA-1	NK	13
CTCTACGCATCATCGA-1	B	1
CTCTACGCATCGCCTT-1	T	18
CTCTACGGTAAAGGCC-1	B	16
CTCTACGGTAGGGTCA-1	T	15
CTCTACGGTCAGTGCC-1	NK	17
CTCTACGGTCCATTGA-1	NK	17
CTCTACGGTCGCTACG-1	T	5
CTCTACGGTCGGCTGT-1	B	1
CTCTACGTCAAGTTGC-1	NK	6
CTCTACGTCCAATCCC-1	B	16
CTCTACGTCCATGACA-1	B	16
CTCTACGTCCATTGTT-1	T	11
CTCTACGTCGTCAACA-1	T	12
CTCTACGTCTATTTCG-1	NK	3
CTCTACGTCTTCCGTG-1	B	16
CTCTAGCAGACAACGC-1	T	7
CTCTAGCAGAGAATTC-1	B	16
CTCTAGCAGAGAGGTA-1	NK	3
CTCTAGCAGCGCGTTC-1	NK	6
CTCTAGCAGGCTCAGA-1	T	0
CTCTAGCAGGTACATA-1	T	18
CTCTAGCCACCGTCTT-1	T	12
CTCTAGCCAGTTAAAG-1	T	18
CTCTAGCCATAGCCAT-1	T	0
CTCTAGCGTAAACCCT-1	T	0
CTCTAGCGTAGGGTCA-1	T	15
CTCTAGCGTATCTAGC-1	B	1
CTCTAGCGTCGAGGAT-1	NK	13
CTCTAGCGTCGGCTGT-1	Epithelial	4
CTCTAGCTCAGTCTTT-1	T	15
CTCTAGCTCGCAGATT-1	B	16
CTCTAGCTCGCCCTTA-1	T	19
CTCTAGCTCGCTATTT-1	T	0
CTCTAGCTCTTGTCAT-1	Stromal	9
CTCTCAGAGAGGTCCA-1	B	16
CTCTCAGAGATCTCAC-1	T	2
CTCTCAGAGCTAGTTC-1	B	16
CTCTCAGAGGCCAATG-1	T	5
CTCTCAGAGGTCGGTA-1	Epithelial	4
CTCTCAGAGGTGTTGG-1	B	16
CTCTCAGAGTAGAAGG-1	B	1
CTCTCAGAGTCAACTC-1	NK	8
CTCTCAGAGTTACACC-1	T	18
CTCTCAGCAAAGGAAG-1	Myeloid	10
CTCTCAGCAATTAGGA-1	T	15
CTCTCAGCACGCTAAT-1	T	5
CTCTCAGCACGCTGTG-1	NK	3
CTCTCAGCAGGTAGGT-1	T	12
CTCTCAGCATCATCGA-1	T	5
CTCTCAGCATCATGTG-1	NK	3
CTCTCAGGTAAGGTCG-1	Myeloid	10
CTCTCAGGTACCCATA-1	T	7
CTCTCAGGTATCGCGC-1	T	19
CTCTCAGGTCGGCTGT-1	T	18
CTCTCAGGTGACGCAA-1	Epithelial	4
CTCTCAGGTGGATTCT-1	T	18
CTCTCAGGTGGCGCTT-1	NK	3
CTCTCAGTCAATCGTG-1	NK	13
CTCTCAGTCCATGTTT-1	T	19
CTCTCAGTCTCGCGGA-1	Myeloid	10
CTCTCGAAGAAGAGTG-1	T	19
CTCTCGAAGAGGAAGT-1	NK	13
CTCTCGAAGCCTGTAT-1	T	18
CTCTCGAAGGCCAATG-1	NK	13
CTCTCGAAGGGTGTTG-1	T	14
CTCTCGAAGTGATATG-1	NK	8
CTCTCGACAAGCGGTA-1	T	19
CTCTCGACACACGGTC-1	NK	8
CTCTCGACATCCGTAA-1	T	7
CTCTCGAGTACGTAGG-1	T	12
CTCTCGAGTAGCTGTT-1	NK	3
CTCTCGAGTCTCTGGG-1	NK	17
CTCTCGAGTCTGGTTA-1	T	0
CTCTCGAGTGGTGGTA-1	T	15
CTCTCGAGTTTCAGCA-1	NK	17
CTCTCGAGTTTCTTAC-1	B	16
CTCTCGATCGTGAACT-1	T	5
CTCTCGATCTCTATTG-1	T	18
CTGAATGAGAAATGGG-1	T	0
CTGAATGAGACACAAT-1	B	1
CTGAATGAGACGTCAG-1	NK	17
CTGAATGAGATCCGAG-1	Epithelial	4
CTGAATGAGCAATGTA-1	NK	8
CTGAATGAGGATTGCG-1	T	7
CTGAATGAGGCCAATG-1	B	16
CTGAATGCAACGTAGG-1	NK	6
CTGAATGCAATTCGTG-1	Stromal	9
CTGAATGCACCAAGGA-1	NK	6
CTGAATGCAGAACGAC-1	B	1
CTGAATGCAGCTATAC-1	T	2
CTGAATGCAGGTGGTA-1	T	15
CTGAATGCAGGTTATC-1	T	15
CTGAATGCATCGGCTG-1	T	2
CTGAATGGTAACACTC-1	NK	3
CTGAATGGTATATGGA-1	B	1
CTGAATGGTCGACTGC-1	Epithelial	4
CTGAATGGTCGAGGAT-1	NK	8
CTGAATGGTCGCTAGC-1	T	15
CTGAATGGTGAAACAT-1	B	1
CTGAATGGTGATGTGG-1	NK	8
CTGAATGGTTCACGTA-1	T	7
CTGAATGTCCACGAGC-1	T	18
CTGAATGTCCGATGCG-1	B	16
CTGAATGTCTCTTAAC-1	Epithelial	4
CTGAATGTCTTCACTA-1	B	1
CTGCGTTAGAACGCCA-1	T	5
CTGCGTTAGCCTTTGA-1	NK	13
CTGCGTTCAATGTGCT-1	NK	3
CTGCGTTCAATTCGTG-1	NK	13
CTGCGTTCACTTATGG-1	T	0
CTGCGTTCAGGTAACG-1	NK	8
CTGCGTTCATCTCACC-1	T	14
CTGCGTTCATTGAACC-1	NK	8
CTGCGTTGTGAAACAT-1	NK	8
CTGCGTTGTTCCTATT-1	Myeloid	10
CTGCGTTTCACCCTTG-1	T	0
CTGCGTTTCACTGATG-1	NK	17
CTGCGTTTCCACGGCA-1	NK	3
CTGCGTTTCCGATGCG-1	B	16
CTGCGTTTCCTAAAGC-1	NK	6
CTGCGTTTCTATGAGC-1	B	16
CTGCTCAAGAAGGGCG-1	B	16
CTGCTCAAGACCATAA-1	NK	6
CTGCTCAAGCTGCTCG-1	NK	17
CTGCTCAAGTAGAAGG-1	Myeloid	10
CTGCTCAAGTGATAAC-1	T	19
CTGCTCAAGTGCAACG-1	T	7
CTGCTCAAGTTCTCCC-1	Epithelial	4
CTGCTCACAACGTACT-1	T	18
CTGCTCACAATAGCGG-1	NK	6
CTGCTCACACATAAAG-1	B	1
CTGCTCACACCAAGGA-1	NK	6
CTGCTCACAGAACGAC-1	Stromal	9
CTGCTCACAGGATGTG-1	T	14
CTGCTCACAGGTGGTA-1	B	1
CTGCTCACATAAAGTG-1	T	5
CTGCTCACATATTGGC-1	T	11
CTGCTCAGTAAACGTA-1	NK	3
CTGCTCAGTCGAGGAT-1	Epithelial	4
CTGCTCAGTCTGCACG-1	NK	3
CTGCTCAGTGATAACA-1	NK	3
CTGCTCAGTGTGAGGT-1	NK	8
CTGCTCAGTTGGAGGT-1	NK	13
CTGCTCATCAGCACGC-1	NK	17
CTGCTCATCGTGGCGT-1	NK	3
CTGCTCATCTGTTTAC-1	T	15
CTGCTCATCTTACGGA-1	B	1
CTGGCAGAGCAACGGT-1	B	16
CTGGCAGAGCTAGTTC-1	B	16
CTGGCAGAGCTTACCA-1	T	2
CTGGCAGAGGCACCTC-1	T	11
CTGGCAGAGGTAGGAA-1	B	16
CTGGCAGAGTGCCCTG-1	T	19
CTGGCAGCAAGCGAAC-1	B	16
CTGGCAGCAAGTGGCA-1	NK	8
CTGGCAGCACATTCTT-1	T	14
CTGGCAGCACCTGGTG-1	NK	17
CTGGCAGCACGTGAAG-1	B	1
CTGGCAGCATGCTATG-1	NK	6
CTGGCAGCATGGATGG-1	Epithelial	4
CTGGCAGGTATCGCGC-1	NK	6
CTGGCAGGTGCAACAG-1	T	15
CTGGCAGGTGGACTGA-1	B	16
CTGGCAGGTGGTCGAA-1	Stromal	9
CTGGCAGTCAAGGCAG-1	NK	13
CTGGCAGTCAGTGTAC-1	NK	3
CTGGGACAGGATCCTT-1	T	0
CTGGGACAGGCAGTGT-1	B	1
CTGGGACAGTGAGTGC-1	NK	3
CTGGGACCACATATCG-1	NK	6
CTGGGACCACCGAAAG-1	T	0
CTGGGACCAGAGATGC-1	T	11
CTGGGACCATACCCGG-1	Stromal	9
CTGGGACCATAGCCGC-1	B	16
CTGGGACGTCCCTTTG-1	T	2
CTGGGACGTCTGATTG-1	T	7
CTGGGACTCACCCTTG-1	T	19
CTGGGACTCAGAGTGG-1	T	15
CTGGGACTCCTAAAGC-1	NK	3
CTGGGACTCGCTTGAA-1	T	2
CTGGGACTCGGGCTCA-1	T	12
CTGGGACTCTATACCT-1	T	5
CTGTATTAGCACACCC-1	T	5
CTGTATTAGCATGTGG-1	NK	17
CTGTATTAGCCATGGA-1	NK	8
CTGTATTAGCTGCTCG-1	T	15
CTGTATTAGGGCATTG-1	NK	3
CTGTATTAGTAGTGTA-1	T	15
CTGTATTAGTCAGCCC-1	Stromal	9
CTGTATTCAAGCGAAC-1	T	18
CTGTATTCACATATCG-1	T	11
CTGTATTCACATCATG-1	T	11
CTGTATTCAGGGAGTT-1	Stromal	9
CTGTATTCATGGATGG-1	T	7
CTGTATTCATTCACCC-1	NK	8
CTGTATTGTCAGCTTA-1	T	12
CTGTATTGTCATTGGT-1	T	5
CTGTATTGTGAGTCGA-1	NK	3
CTGTATTGTTAGGCTT-1	NK	17
CTGTATTGTTCCTATT-1	Stromal	9
CTGTATTTCAAAGTAG-1	T	2
CTGTATTTCAATTCCT-1	T	0
CTGTATTTCGGTCTAA-1	T	14
CTGTTCGAGAAGGGCG-1	T	12
CTGTTCGAGGAATGGA-1	B	16
CTGTTCGAGTACCACT-1	Epithelial	4
CTGTTCGAGTCATCTG-1	B	16
CTGTTCGCAAGCAGGT-1	T	0
CTGTTCGCAAGCCCTG-1	B	16
CTGTTCGCAGATGGCA-1	T	15
CTGTTCGCATGGGTGA-1	B	16
CTGTTCGCATTTGTTC-1	B	16
CTGTTCGGTAACCATC-1	NK	13
CTGTTCGGTATGTCCA-1	T	0
CTGTTCGGTCATTGCA-1	NK	3
CTGTTCGGTCCGTGCA-1	Stromal	9
CTGTTCGGTGCTGAAG-1	B	1
CTGTTCGGTGTACGCC-1	NK	8
CTGTTCGGTTCACGTA-1	Stromal	9
CTGTTCGTCACGATTG-1	Epithelial	4
CTGTTCGTCCATACCC-1	T	15
CTGTTCGTCCTCCAGT-1	Epithelial	4
CTGTTCGTCCTCTCTT-1	NK	6
CTGTTCGTCGACCCGA-1	Stromal	9
CTGTTCGTCGCAAACT-1	NK	17
CTGTTCGTCGCAGATT-1	T	19
CTGTTCGTCGGTCTAA-1	T	18
CTTAATCAGAACTAAC-1	NK	17
CTTAATCAGCCAGAAC-1	T	19
CTTAATCAGCTTTCCC-1	T	2
CTTAATCAGGCATGCA-1	NK	6
CTTAATCAGTAGGAAG-1	B	16
CTTAATCAGTCACACT-1	T	0
CTTAATCAGTCTGGGA-1	Epithelial	4
CTTAATCCACCTGTGG-1	B	1
CTTAATCCAGCGTAGA-1	NK	3
CTTAATCCAGGTAGCA-1	T	11
CTTAATCGTATCTAGC-1	T	19
CTTAATCGTCCTTATT-1	T	2
CTTAATCGTGATGTGG-1	T	18
CTTAATCGTGTGAGGT-1	NK	17
CTTAATCGTTTGGATC-1	T	0
CTTAATCTCCCTACGT-1	B	1
CTTAATCTCGAAGCCC-1	NK	13
CTTAATCTCGAGTTAC-1	NK	8
CTTAATCTCGGGACAA-1	T	12
CTTAATCTCTAGCAGT-1	T	0
CTTAATCTCTCCTTAA-1	T	5
CTTAATCTCTTCTCTC-1	NK	3
CTTCCAGAGAGAGGTA-1	T	18
CTTCCAGAGCGCACAA-1	T	15
CTTCCAGAGTCATCTG-1	NK	13
CTTCCAGAGTGCCCTG-1	NK	8
CTTCCAGCAAAGAGAG-1	T	7
CTTCCAGCAACTTGGT-1	T	7
CTTCCAGCACACTAGT-1	T	0
CTTCCAGCACGAACGA-1	NK	17
CTTCCAGCAGATTAAG-1	B	1
CTTCCAGCATCAGCTA-1	NK	17
CTTCCAGCATGGAGGT-1	NK	13
CTTCCAGGTAGCAGGT-1	T	18
CTTCCAGGTCAACTGT-1	NK	13
CTTCCAGGTCACATTG-1	T	19
CTTCCAGGTCCAAGTT-1	B	16
CTTCCAGGTCGCGCTA-1	NK	8
CTTCCAGGTGAGTAAT-1	NK	3
CTTCCAGGTGGTGGTA-1	T	7
CTTCCAGGTGTTTCTT-1	B	16
CTTCCAGTCCAGGTAT-1	T	5
CTTCCAGTCCTAAAGC-1	T	7
CTTCCAGTCGATGAAA-1	NK	3
CTTCCAGTCGTGTGCG-1	NK	6
CTTCTAAAGACAGCTG-1	Myeloid	10
CTTCTAAAGAGTGGAA-1	B	16
CTTCTAAAGGATGTAT-1	T	14
CTTCTAAAGGCGATTG-1	T	15
CTTCTAAAGTATCTGC-1	NK	13
CTTCTAAAGTCCTTCC-1	NK	8
CTTCTAACACCACCAG-1	B	1
CTTCTAACACGCGCAT-1	NK	13
CTTCTAACAGATTTGC-1	T	15
CTTCTAACAGCAACCC-1	T	18
CTTCTAACAGCGTCGT-1	Stromal	9
CTTCTAACAGGGCTTC-1	B	16
CTTCTAACAGTTGCAT-1	NK	8
CTTCTAAGTACTTCGA-1	Stromal	9
CTTCTAAGTTAAGGGC-1	B	16
CTTCTAAGTTTGACCA-1	NK	17
CTTCTAATCCAGGGAA-1	T	7
CTTCTAATCCTTTGCG-1	Myeloid	10
CTTCTAATCGGTAGGA-1	T	18
CTTCTAATCTACATCT-1	NK	13
CTTCTAATCTCGCGTT-1	T	19
CTTCTAATCTGGAAGG-1	NK	6
CTTGAAGAGAACCCGA-1	Myeloid	10
CTTGAAGAGAGCAGCT-1	B	1
CTTGAAGAGAGTAAGG-1	T	15
CTTGAAGAGGTTCTCA-1	B	16
CTTGAAGCAGCGTAGA-1	Stromal	9
CTTGAAGCATAGCCAT-1	T	7
CTTGAAGCATATAGAG-1	Stromal	9
CTTGAAGCATCACAGT-1	NK	13
CTTGAAGCATGGTATC-1	B	1
CTTGAAGGTAACGTAA-1	B	1
CTTGAAGGTCCGTCGA-1	T	0
CTTGAAGGTGAGGTCA-1	T	15
CTTGAAGGTTAGAGAT-1	B	16
CTTGAAGGTTCAGTTG-1	T	18
CTTGAAGTCCATACCC-1	T	0
CTTGAAGTCCGTTTCG-1	T	18
CTTGAAGTCGCCAGAC-1	T	7
CTTGAAGTCGCCTTAC-1	T	2
CTTGAAGTCGCTCGGA-1	T	18
CTTGAAGTCGTGGAAG-1	NK	17
CTTGAAGTCTCCTTGG-1	T	15
CTTGAAGTCTCGTGAA-1	T	14
CTTGCCAAGGTACTCT-1	Myeloid	10
CTTGCCAAGTCGCCTG-1	B	1
CTTGCCAAGTCTTAGC-1	T	18
CTTGCCACAATGCATC-1	T	19
CTTGCCACAGGTAGCA-1	NK	6
CTTGCCACAGGTGTCC-1	Stromal	9
CTTGCCACATGTGGGA-1	T	12
CTTGCCACATTGAACC-1	NK	3
CTTGCCACATTGCACA-1	B	16
CTTGCCAGTAACTGAA-1	B	1
CTTGCCAGTACAAGCG-1	NK	8
CTTGCCAGTCAGAAAT-1	NK	17
CTTGCCAGTGCAAAGC-1	NK	13
CTTGCCATCAGAGTGG-1	B	16
CTTGCCATCCTTGACC-1	NK	8
CTTGCCATCGAGAACG-1	T	14
CTTGCCATCGATCTTT-1	T	7
CTTGCTGAGACAGTGC-1	NK	3
CTTGCTGAGAGAAGCA-1	NK	3
CTTGCTGAGATCGAGC-1	T	0
CTTGCTGAGATCTCAC-1	NK	6
CTTGCTGAGCTGAATA-1	T	0
CTTGCTGAGGAAGGTA-1	NK	17
CTTGCTGAGGCAAGCT-1	T	15
CTTGCTGAGGGTCTGA-1	T	14
CTTGCTGAGTCGTACT-1	T	2
CTTGCTGAGTCTAGAA-1	NK	17
CTTGCTGAGTGTAATG-1	T	12
CTTGCTGCAAGAAACT-1	T	11
CTTGCTGCAGTTCGGC-1	T	12
CTTGCTGCATCACAGT-1	T	18
CTTGCTGGTCAACTAC-1	T	7
CTTGCTGGTCTGATTG-1	B	16
CTTGCTGGTTCTCGAA-1	NK	8
CTTGCTGGTTGGACGA-1	T	7
CTTGCTGTCCTGACCT-1	T	12
CTTGCTGTCTGTGTCC-1	B	1
CTTGTCGAGAAAGCAG-1	T	15
CTTGTCGAGAGCGAAA-1	NK	17
CTTGTCGAGCCATCAT-1	T	5
CTTGTCGCAACTACTG-1	NK	8
CTTGTCGCAGACCTGC-1	Epithelial	4
CTTGTCGCAGGGCTTC-1	NK	13
CTTGTCGGTAACGTAA-1	NK	6
CTTGTCGGTACGTAAA-1	T	7
CTTGTCGGTAGAACGC-1	T	18
CTTGTCGGTCACTCTC-1	NK	17
CTTGTCGGTGAATACA-1	T	12
CTTGTCGGTTAGGAAT-1	NK	3
CTTGTCGGTTCCCGGA-1	T	18
CTTGTCGTCCAACGCG-1	T	15
CTTGTCGTCCAAGAGG-1	B	16
CTTGTCGTCCCTAAAG-1	B	1
CTTGTCGTCCTCCTGA-1	NK	3
CTTGTCGTCGCCAGAC-1	T	14
CTTGTCGTCTGGGCGT-1	B	1
CTTTGCGAGCCTTTGA-1	T	0
CTTTGCGAGCTTACCA-1	Stromal	9
CTTTGCGAGGATGTCG-1	T	11
CTTTGCGAGGTACATA-1	Myeloid	10
CTTTGCGCAAGCCTTA-1	T	18
CTTTGCGCACACATTG-1	Stromal	9
CTTTGCGCAGTGGTCC-1	T	0
CTTTGCGCATTGCCTC-1	T	19
CTTTGCGGTACGACCC-1	NK	17
CTTTGCGGTAGTAACA-1	Stromal	9
CTTTGCGGTATACGCT-1	Epithelial	4
CTTTGCGGTATCACAC-1	B	1
CTTTGCGGTATGTTCG-1	B	1
CTTTGCGGTCGCTAGC-1	NK	6
CTTTGCGGTGAGGGTT-1	NK	6
CTTTGCGGTGAGTAAT-1	T	7
CTTTGCGGTGCTGTGC-1	T	2
CTTTGCGGTTTGAAGA-1	T	15
CTTTGCGTCACAGGGA-1	NK	3
CTTTGCGTCAGTTGAC-1	Epithelial	4
CTTTGCGTCCAACCTC-1	T	19
CTTTGCGTCGGGAAAC-1	T	2
CTTTGCGTCTTGCGCT-1	B	16
GAAACAAAGAACTCCT-1	NK	3
GAAACAAAGACCCATT-1	B	1
GAAACAAAGATTACGA-1	NK	17
GAAACAAAGCACACCC-1	NK	17
GAAACAAAGCATACCT-1	B	1
GAAACAAAGGCAGTAC-1	T	19
GAAACAAAGTCCCTCT-1	NK	17
GAAACAAAGTCGCCTG-1	NK	8
GAAACAAAGTTCTCCC-1	T	7
GAAACAACAGTTGGAG-1	Stromal	9
GAAACAACATGCGTTA-1	T	18
GAAACAAGTAACCGAG-1	B	1
GAAACAAGTAGCCATT-1	T	7
GAAACAAGTAGGTAAT-1	T	2
GAAACAAGTCTTAGCA-1	NK	6
GAAACAAGTTTCACCC-1	NK	3
GAAACAATCAGTCAAC-1	B	1
GAAACAATCCGAGGAA-1	NK	13
GAAACAATCGCGTTCT-1	NK	3
GAAACAATCGGATCGC-1	B	1
GAAACAATCGGCTATA-1	NK	17
GAAACAATCTCGTGAA-1	NK	3
GAAAGTAAGAACGCCA-1	T	15
GAAAGTAAGGGTCTGA-1	B	16
GAAAGTAAGTTCAACC-1	T	18
GAAAGTACAAAGGCCA-1	NK	8
GAAAGTACAATAGTGA-1	T	15
GAAAGTACACTGCTCT-1	T	0
GAAAGTACATGGGAAC-1	B	1
GAAAGTAGTCCAACCG-1	NK	13
GAAAGTAGTCTCGGGT-1	Epithelial	4
GAAAGTAGTGACCAGA-1	NK	17
GAAAGTAGTGGCCTTG-1	T	12
GAAAGTAGTTACTACG-1	NK	17
GAAAGTATCAAGGCCC-1	B	16
GAAAGTATCACCCTTG-1	T	15
GAAAGTATCCGTACGG-1	B	1
GAAAGTATCGGGATCC-1	Stromal	9
GAAAGTATCGGTCCGA-1	T	2
GAAAGTATCTTCCAGC-1	T	7
GAAAGTATCTTGTCGC-1	NK	8
GAAATGAAGAACAGGA-1	B	1
GAAATGAAGAGTAAGG-1	Myeloid	10
GAAATGAAGGGAAGCG-1	T	11
GAAATGAAGTAGGTCG-1	B	16
GAAATGACAAACGTTC-1	T	0
GAAATGACAACAAACA-1	T	11
GAAATGACACATCATG-1	NK	13
GAAATGACAGGGAGTT-1	T	0
GAAATGACAGTCAGCC-1	T	19
GAAATGACATCGCTAA-1	Stromal	9
GAAATGAGTCGCGCTA-1	NK	17
GAAATGAGTCGTCGCA-1	NK	3
GAAATGAGTGCAAGCA-1	T	15
GAAATGAGTGCGACCT-1	B	16
GAAATGAGTGCTGTCG-1	T	11
GAAATGAGTTACCCAA-1	B	1
GAAATGATCAGTGTAC-1	NK	3
GAAATGATCCTCCTGA-1	NK	17
GAAATGATCCTGTAGA-1	NK	17
GAAATGATCTTTATCG-1	T	2
GAACCGCAGAGGTACC-1	NK	17
GAACCGCAGGAGTAGA-1	Stromal	9
GAACCGCAGGCACCTC-1	NK	17
GAACCGCCAATTGTGC-1	NK	3
GAACCGCCACGCTGTG-1	B	1
GAACCGCCAGCTTACA-1	T	19
GAACCGCGTAGTTTGC-1	NK	3
GAACCGCGTGAGTCGA-1	B	1
GAACCGCGTTGCAGAG-1	T	18
GAACCGCTCATCGCAA-1	T	2
GAACCGCTCATCGCCT-1	NK	3
GAACCGCTCCACGCTT-1	NK	17
GAACCGCTCCGGGCAT-1	B	16
GAACCGCTCTAAGGTC-1	NK	6
GAACCGCTCTACTGCC-1	T	15
GAACCGCTCTCATATC-1	B	16
GAACCGCTCTCGACCT-1	Epithelial	4
GAACCGCTCTTGTCAT-1	B	1
GAACCTAAGAAGCCGT-1	NK	8
GAACCTAAGATGTTGA-1	NK	6
GAACCTAAGCGAGAAA-1	T	5
GAACCTAAGGAGACTC-1	NK	17
GAACCTAAGGCAATTA-1	T	0
GAACCTACAAATAGTG-1	T	2
GAACCTACAACCTCTC-1	NK	13
GAACCTACACCTATTT-1	NK	13
GAACCTACAGCGTACC-1	T	0
GAACCTAGTCGAGGAT-1	B	1
GAACCTAGTCTGATTG-1	B	16
GAACCTAGTGTTGGTT-1	T	2
GAACCTAGTTCAGAAA-1	T	14
GAACCTAGTTGGACGA-1	T	2
GAACCTAGTTTCTTAC-1	T	15
GAACCTATCACTACCC-1	B	16
GAACCTATCCATATCT-1	NK	17
GAACCTATCCATTGAG-1	NK	17
GAACCTATCCCGTAGG-1	B	1
GAACCTATCGCTTCAC-1	T	14
GAACGTTAGCCATCAT-1	T	7
GAACGTTAGCTAGCAG-1	T	18
GAACGTTAGTGCTAGG-1	B	16
GAACGTTCAACGGACA-1	T	2
GAACGTTCAAGTCCTA-1	NK	17
GAACGTTCACATATCG-1	T	12
GAACGTTCACTAAACC-1	T	15
GAACGTTCAGCACATT-1	Epithelial	4
GAACGTTCAGGTAGGT-1	NK	3
GAACGTTCAGTAACGG-1	Stromal	9
GAACGTTCATTCACGA-1	NK	3
GAACGTTGTACAAGCG-1	T	15
GAACGTTGTACCCATA-1	B	1
GAACGTTGTACGAGAC-1	T	15
GAACGTTGTATGTCCA-1	T	18
GAACGTTGTATTCGAC-1	T	11
GAACGTTGTCCAGACC-1	T	7
GAACGTTGTCGGCTGT-1	B	16
GAACGTTGTGACGCAA-1	NK	13
GAACGTTGTTTGATCG-1	NK	6
GAACGTTTCCAGGTAT-1	NK	13
GAACGTTTCGCAAGCC-1	NK	6
GAACGTTTCGTCTAGA-1	T	15
GAACGTTTCTGTAGAC-1	T	12
GAACGTTTCTTGCGCT-1	T	0
GAACTTGAGCCGCTGT-1	T	0
GAACTTGAGCTATCGT-1	T	18
GAACTTGAGGATTGCG-1	B	1
GAACTTGAGGCAAGGG-1	T	12
GAACTTGAGGTCTTGT-1	NK	17
GAACTTGAGTACGACG-1	T	0
GAACTTGCAAACCCTA-1	T	14
GAACTTGCAACGGGTA-1	Epithelial	4
GAACTTGCACCTGGTG-1	Epithelial	4
GAACTTGCACGCTCAG-1	Myeloid	10
GAACTTGCAGATTAAG-1	T	19
GAACTTGCATGTATCG-1	NK	6
GAACTTGCATTGCCTC-1	B	16
GAACTTGGTACTAGAA-1	NK	3
GAACTTGGTAGAAAGG-1	NK	13
GAACTTGGTAGTCCAT-1	T	2
GAACTTGGTAGTGATA-1	NK	17
GAACTTGGTGTTTCTT-1	T	12
GAACTTGGTTTAAGCC-1	NK	8
GAACTTGTCACCCTTG-1	T	15
GAACTTGTCACGGGTC-1	Stromal	9
GAACTTGTCACTAGGT-1	NK	3
GAACTTGTCACTGATG-1	T	12
GAACTTGTCGATCGCG-1	NK	8
GAACTTGTCTGCGTCT-1	T	5
GAAGAGCAGAACTAAC-1	T	14
GAAGAGCAGTCAGCCC-1	NK	3
GAAGAGCAGTCCGGAA-1	NK	3
GAAGAGCAGTCTCTAG-1	Stromal	9
GAAGAGCAGTGGTGTG-1	Myeloid	10
GAAGAGCCAACAAACA-1	NK	3
GAAGAGCCAATGACTC-1	T	11
GAAGAGCCACGATATC-1	T	18
GAAGAGCCACGTTACA-1	B	16
GAAGAGCCAGAAAGAG-1	NK	8
GAAGAGCCATCCGTGG-1	NK	13
GAAGAGCCATCCTCGT-1	T	19
GAAGAGCGTACGAGAC-1	T	12
GAAGAGCGTATCTGCA-1	T	19
GAAGAGCGTCCAAGAG-1	NK	17
GAAGAGCGTGACCAGA-1	T	18
GAAGAGCGTGCTAGTT-1	B	1
GAAGAGCTCAGCCGAC-1	B	16
GAAGAGCTCGATTACG-1	NK	3
GAAGAGCTCGTAGCGC-1	T	14
GAAGAGCTCTAAACGC-1	Epithelial	4
GAAGAGCTCTGGAAGG-1	NK	17
GAAGAGCTCTTAACGG-1	NK	3
GAAGAGCTCTTGTGCC-1	T	2
GAAGTCTAGAATGCTA-1	NK	3
GAAGTCTAGACTTGAA-1	T	18
GAAGTCTAGATGTTCC-1	Myeloid	10
GAAGTCTAGCAAGGTC-1	Myeloid	10
GAAGTCTAGGGTATCG-1	NK	3
GAAGTCTAGGTTTCTG-1	NK	17
GAAGTCTCAACGTCGC-1	T	12
GAAGTCTCAGCTATAC-1	T	0
GAAGTCTCATCCCGGA-1	B	16
GAAGTCTCATTATGGC-1	T	19
GAAGTCTGTAATGTAG-1	NK	17
GAAGTCTGTAGCGTTT-1	Myeloid	10
GAAGTCTGTGCCGGTT-1	T	12
GAAGTCTTCAAGAGGC-1	NK	13
GAAGTCTTCACAGGGA-1	T	12
GAAGTCTTCAGAGTGG-1	B	16
GAAGTCTTCAGTGGTT-1	Epithelial	4
GAAGTCTTCCCTACGT-1	T	14
GAAGTCTTCGGATCGC-1	T	18
GAAGTCTTCTCCTTAA-1	NK	13
GAAGTCTTCTGGTACA-1	T	11
GAAGTGGAGAACGTCG-1	T	12
GAAGTGGAGACTCTTG-1	T	15
GAAGTGGAGCGTAGCA-1	T	7
GAAGTGGAGTGATCTC-1	T	5
GAAGTGGAGTGGGACT-1	T	12
GAAGTGGCAATACTGC-1	NK	13
GAAGTGGCAATTCGTG-1	T	18
GAAGTGGCACTCAGCG-1	B	1
GAAGTGGCACTGAAGG-1	Myeloid	10
GAAGTGGCAGGAGCAT-1	NK	8
GAAGTGGCATGGATGG-1	B	1
GAAGTGGGTAACCGAG-1	Stromal	9
GAAGTGGGTCTAACCA-1	NK	8
GAAGTGGGTCTGGTTA-1	B	1
GAAGTGGGTTGAAGCG-1	NK	8
GAAGTGGGTTTAGACC-1	T	7
GAAGTGGTCAACTTGG-1	B	16
GAAGTGGTCCTCCAGT-1	T	11
GAAGTGGTCGAAGCCC-1	T	0
GAAGTGGTCGGTTCCT-1	T	11
GAAGTGGTCTGGACAT-1	T	11
GAAGTGGTCTGGCGCA-1	T	14
GAATCTGAGAACGTTA-1	NK	6
GAATCTGAGCAACGGT-1	T	15
GAATCTGAGCAGGAGG-1	NK	3
GAATCTGAGTATACGA-1	T	0
GAATCTGAGTTACCAC-1	NK	13
GAATCTGCAACGCACC-1	T	12
GAATCTGCACCCTTAC-1	Myeloid	10
GAATCTGCAGATACAA-1	B	16
GAATCTGCAGCTTACA-1	B	16
GAATCTGCAGTAACCT-1	T	7
GAATCTGGTACCAAGG-1	T	0
GAATCTGGTCAACGGA-1	NK	13
GAATCTGGTCGCTAGC-1	B	16
GAATCTGGTGATAAGT-1	Epithelial	4
GAATCTGGTGTGAGGT-1	T	15
GAATCTGGTTTGCCCT-1	NK	3
GAATCTGTCAGTGTAC-1	NK	13
GAATCTGTCATGCTTT-1	Stromal	9
GACCAATAGCGTAGCA-1	Epithelial	4
GACCAATAGGCCTAAG-1	T	5
GACCAATAGTACGCGA-1	B	16
GACCAATCACGCTCAG-1	T	2
GACCAATCACGTTACA-1	B	16
GACCAATCACGTTGTA-1	NK	17
GACCAATCAGAACAGC-1	T	5
GACCAATCAGGCTACC-1	T	0
GACCAATCATGCACTA-1	T	14
GACCAATGTATTCTGG-1	T	5
GACCAATGTGAATGGC-1	T	11
GACCAATGTGAGGGTT-1	NK	13
GACCAATGTGGAAGCT-1	Stromal	9
GACCAATTCAAATGGA-1	T	0
GACCAATTCAGGCGCT-1	B	16
GACCAATTCAGTGGTT-1	T	18
GACCAATTCATGTTCT-1	NK	8
GACCAATTCCAGCACG-1	T	18
GACCAATTCGAGGTAG-1	NK	3
GACCAATTCGCCTTAC-1	T	5
GACCAATTCGGTACTA-1	Myeloid	10
GACCAATTCTATATCC-1	NK	17
GACCAATTCTCAGATG-1	T	18
GACCAATTCTGCGTCT-1	T	18
GACCCAGCAACGTCGC-1	Stromal	9
GACCCAGCAATGACTC-1	T	11
GACCCAGCACGCGATC-1	NK	3
GACCCAGCAGGGTACA-1	T	7
GACCCAGCATAGCCGC-1	B	16
GACCCAGCATCCCTTG-1	NK	3
GACCCAGCATGGGAAC-1	Epithelial	4
GACCCAGCATTGTGAC-1	B	1
GACCCAGGTAGATGAT-1	NK	17
GACCCAGGTGATGCGA-1	B	16
GACCCAGGTTATGCAC-1	NK	8
GACCCAGGTTCCCAAA-1	T	15
GACCCAGTCAAGAGAT-1	Myeloid	10
GACCCAGTCAAGGCCC-1	T	12
GACCCAGTCACGATTG-1	T	11
GACCCAGTCCAGTTAG-1	T	12
GACCCAGTCGAACCGC-1	B	1
GACCCAGTCGCTATAG-1	T	14
GACCCAGTCTATATCC-1	NK	13
GACCCAGTCTATCCTA-1	T	14
GACCCAGTCTTTATCG-1	NK	13
GACCGACAGAGCGGTT-1	T	0
GACCGACAGATAGGTT-1	T	18
GACCGACAGTAATCAG-1	NK	8
GACCGACCAAGGAACC-1	T	11
GACCGACCATCGCCTT-1	B	1
GACCGACCATTAACGC-1	T	2
GACCGACGTCAACTAC-1	NK	8
GACCGACGTCTCTGCT-1	B	16
GACCGACTCAGTGTGT-1	T	12
GACCGACTCCAGGTCG-1	T	12
GACCGACTCCATATCT-1	T	2
GACCTTCAGACTCTTG-1	T	19
GACCTTCAGCCCATTA-1	T	5
GACCTTCAGCGCACAA-1	T	11
GACCTTCAGGCCAGTA-1	NK	13
GACCTTCAGTCTGGGA-1	T	7
GACCTTCCAAGGTCGA-1	T	5
GACCTTCCAGGCATTT-1	T	18
GACCTTCCAGTCAGAG-1	Myeloid	10
GACCTTCGTAAAGGCC-1	T	18
GACCTTCGTCGATAGG-1	T	11
GACCTTCTCAGGGTTT-1	B	16
GACCTTCTCGCTCTAC-1	T	19
GACCTTCTCTTCGTTA-1	Myeloid	10
GACTAACAGCTATCGT-1	T	18
GACTAACAGGACTAGC-1	Stromal	9
GACTAACAGGCTCAGA-1	T	12
GACTAACAGGGAGATA-1	B	16
GACTAACAGTGTGTAA-1	T	0
GACTAACCAACCTCCT-1	B	16
GACTAACCACAGTTCA-1	NK	13
GACTAACCATATACGC-1	T	19
GACTAACGTAAGTCTC-1	T	12
GACTAACGTCAGAAAT-1	NK	6
GACTAACGTCAGGTGA-1	T	18
GACTAACGTCTAAGAA-1	B	16
GACTAACGTTCCCAAA-1	NK	17
GACTAACGTTGGCGAA-1	NK	3
GACTAACTCCCTACCA-1	T	18
GACTAACTCCTGTAGA-1	T	15
GACTAACTCTCGCGTT-1	NK	8
GACTAACTCTCTTAAC-1	NK	3
GACTAACTCTTACCTA-1	NK	3
GACTAACTCTTACTCA-1	T	0
GACTAGTAGTAGTTCC-1	NK	8
GACTAGTCACACACAT-1	T	14
GACTAGTCAGGCAGAT-1	NK	6
GACTAGTCAGGGAGTT-1	NK	17
GACTAGTCAGGTAGCA-1	T	7
GACTAGTCATGATCGT-1	T	11
GACTAGTGTAGCGTTT-1	T	5
GACTAGTGTCAGTGTT-1	T	0
GACTAGTGTCTCTGCT-1	NK	8
GACTAGTGTCTGGGAA-1	Epithelial	4
GACTAGTGTCTGGTTA-1	T	7
GACTAGTGTGATGCTT-1	T	15
GACTAGTTCTATACCT-1	T	12
GACTAGTTCTCTCAAT-1	T	11
GACTAGTTCTGAGTCA-1	NK	8
GAGAACGCACCATTCC-1	T	5
GAGAACGCACTGAAGG-1	T	0
GAGAACGCAGAAGTGC-1	B	1
GAGAACGCATAGACGG-1	T	0
GAGAACGCATGGAGGT-1	T	5
GAGAACGGTCATAGCT-1	Myeloid	10
GAGAACGTCAGAACGG-1	T	7
GAGAACGTCAGCCGGT-1	T	15
GAGAACGTCAGGGTTT-1	B	16
GAGAACGTCCTGAAAC-1	NK	17
GAGACTTAGCTCCGGT-1	NK	17
GAGACTTAGGAGTCTG-1	Epithelial	4
GAGACTTAGGCAAGCT-1	NK	6
GAGACTTAGGGCATTG-1	B	16
GAGACTTAGTCATCTG-1	T	5
GAGACTTCAAGCAATA-1	B	1
GAGACTTCACATCATG-1	NK	6
GAGACTTCACCGATCG-1	T	12
GAGACTTCAGAGAGAA-1	NK	8
GAGACTTCATAGCCGC-1	T	15
GAGACTTCATGACTGT-1	Epithelial	4
GAGACTTCATTCCCGT-1	NK	6
GAGACTTCATTTAGGC-1	B	1
GAGACTTGTATGTTCG-1	T	2
GAGACTTGTGCGCATC-1	T	12
GAGACTTGTGTCCCAG-1	T	5
GAGACTTTCACTCGGG-1	T	2
GAGACTTTCAGTGGTT-1	T	12
GAGACTTTCCAAGTCA-1	B	16
GAGACTTTCCGATGCG-1	NK	3
GAGACTTTCTCATCCG-1	NK	17
GAGACTTTCTGATCTT-1	NK	3
GAGACTTTCTGGCTAA-1	T	12
GAGATTCAGAGGCCTA-1	Epithelial	4
GAGATTCAGATGTTGA-1	T	19
GAGATTCAGGAAACTT-1	NK	13
GAGATTCAGTCGGGAT-1	NK	13
GAGATTCCACGATATC-1	NK	8
GAGATTCCAGCAACGA-1	T	15
GAGATTCCAGGTGGTA-1	T	5
GAGATTCCATCCCTTG-1	NK	17
GAGATTCGTGAGCTAG-1	NK	13
GAGATTCGTGGCATAG-1	T	0
GAGATTCGTGGCCTCA-1	T	11
GAGATTCTCCTTACGC-1	T	18
GAGATTCTCTTACCTA-1	B	1
GAGATTCTCTTAGTGG-1	T	7
GAGATTCTCTTCCACG-1	NK	17
GAGATTCTCTTTATCG-1	B	16
GAGCATTAGACGAAAG-1	NK	3
GAGCATTAGAGAGTTT-1	NK	6
GAGCATTAGCAGAGCT-1	NK	8
GAGCATTAGCGCATTT-1	Epithelial	4
GAGCATTAGTAGACCG-1	T	15
GAGCATTAGTAGTTCC-1	B	16
GAGCATTAGTCTCTAG-1	NK	6
GAGCATTCAGATAAGT-1	B	1
GAGCATTCAGCGTGAA-1	Myeloid	10
GAGCATTCATCACAGT-1	T	11
GAGCATTGTAACATAG-1	Myeloid	10
GAGCATTGTCTGGATT-1	T	18
GAGCATTGTCTGTGTA-1	NK	13
GAGCATTGTGATGCGA-1	T	18
GAGCATTGTTAGGAAT-1	T	15
GAGCATTGTTAGGCTT-1	NK	6
GAGCATTTCAGAACGG-1	NK	8
GAGCATTTCCATCGAA-1	T	12
GAGCATTTCCCAATAG-1	T	18
GAGCATTTCCTGGGAC-1	NK	8
GAGCATTTCGGATAAA-1	T	2
GAGCATTTCGGTCGAC-1	Stromal	9
GAGCATTTCTCTGTTA-1	Stromal	9
GAGCGCTAGACGACTG-1	T	11
GAGCGCTAGAGCGGTT-1	NK	8
GAGCGCTAGATGAGGA-1	T	18
GAGCGCTAGCGTTGCC-1	Stromal	9
GAGCGCTAGCTGAAAT-1	Epithelial	4
GAGCGCTAGGAGAACA-1	T	5
GAGCGCTAGTACCTCA-1	Epithelial	4
GAGCGCTAGTCCGATT-1	T	2
GAGCGCTAGTCGGGAT-1	NK	13
GAGCGCTCAAGACACG-1	B	16
GAGCGCTCAAGTAATG-1	NK	8
GAGCGCTCATAGTCCA-1	T	5
GAGCGCTGTACAAGCG-1	B	16
GAGCGCTGTATGTTCG-1	Myeloid	10
GAGCGCTGTCCCGAGT-1	NK	6
GAGCGCTGTGATCAGG-1	T	2
GAGCGCTGTTGCTTGA-1	T	2
GAGCGCTTCTCCAACC-1	T	0
GAGCGCTTCTCTGAGA-1	T	15
GAGGATGAGCAGGAGG-1	T	0
GAGGATGAGCCTATAC-1	B	1
GAGGATGAGCCTGTAT-1	NK	17
GAGGATGAGCGCACAA-1	T	2
GAGGATGAGCTCCGGT-1	NK	8
GAGGATGAGCTGATTC-1	Myeloid	10
GAGGATGAGGACTAGC-1	NK	13
GAGGATGAGGAGTCTG-1	T	7
GAGGATGAGGCCTAAG-1	NK	8
GAGGATGAGGGTCTGA-1	Myeloid	10
GAGGATGAGGGTGTTG-1	Epithelial	4
GAGGATGAGTAGGAAG-1	T	11
GAGGATGAGTCGAAAT-1	NK	13
GAGGATGAGTTCAAGA-1	T	15
GAGGATGAGTTGTCCA-1	B	1
GAGGATGCAAGCCTTA-1	B	1
GAGGATGCAAGTCTGT-1	Stromal	9
GAGGATGCACGATATC-1	NK	3
GAGGATGGTACGACCC-1	B	1
GAGGATGGTCCAAGAG-1	T	14
GAGGATGGTGATAACA-1	B	1
GAGGATGGTGCGACCT-1	NK	8
GAGGATGGTTTGCCCT-1	NK	6
GAGGATGTCCAGAATC-1	Epithelial	4
GAGGATGTCCTTACGC-1	B	1
GAGGATGTCGCAACTA-1	Epithelial	4
GAGGATGTCGGGAATG-1	B	1
GAGGCTCAGATTAGAC-1	NK	17
GAGGCTCAGCAGGAGG-1	NK	3
GAGGCTCAGTCCCGCA-1	NK	13
GAGGCTCAGTTACACC-1	B	1
GAGGCTCCAAACCTAC-1	T	2
GAGGCTCCAACTACTG-1	T	5
GAGGCTCCAATGGTCT-1	T	18
GAGGCTCCACGCGCAT-1	T	18
GAGGCTCCACGTACAT-1	T	19
GAGGCTCCATCATAGC-1	T	5
GAGGCTCCATTCACGA-1	NK	3
GAGGCTCGTCCAAGAG-1	T	7
GAGGCTCGTCCACCAG-1	NK	17
GAGGCTCGTCTAACCA-1	T	11
GAGGCTCGTGAGTAAT-1	Stromal	9
GAGGCTCGTGCGTCCA-1	B	16
GAGGCTCGTTCATTTC-1	Epithelial	4
GAGGCTCTCACAAGCT-1	NK	17
GAGGCTCTCACGATTG-1	Stromal	9
GAGGTCCAGGAAACTT-1	T	12
GAGGTCCAGGAGGCGA-1	T	12
GAGGTCCAGTTGCGCC-1	B	16
GAGGTCCCAACGTACT-1	T	7
GAGGTCCCAAGATGCG-1	Stromal	9
GAGGTCCCACAGCCAC-1	T	14
GAGGTCCCACAGTTCA-1	T	7
GAGGTCCCACATTGCA-1	NK	13
GAGGTCCCACCCTTAC-1	NK	17
GAGGTCCCACGCCGAT-1	T	7
GAGGTCCCACGCGATC-1	B	16
GAGGTCCCAGGCATTT-1	Epithelial	4
GAGGTCCTCCAGGCCA-1	Stromal	9
GAGGTCCTCGATCTTT-1	B	16
GAGGTCCTCGATGTGT-1	NK	8
GAGGTCCTCGCTAGTA-1	Epithelial	4
GAGGTCCTCTCGCGTT-1	B	16
GAGGTCCTCTCTGAGA-1	B	16
GAGTGAGAGAGCTCCC-1	B	16
GAGTGAGAGAGGAATG-1	Stromal	9
GAGTGAGAGCAGAATT-1	T	14
GAGTGAGAGGTAAGCC-1	NK	8
GAGTGAGAGGTTGACG-1	T	18
GAGTGAGAGTACAGAT-1	Myeloid	10
GAGTGAGAGTCACGCC-1	NK	3
GAGTGAGAGTCGTACT-1	T	19
GAGTGAGCAACCTCTC-1	Epithelial	4
GAGTGAGCACATATCG-1	Epithelial	4
GAGTGAGCACTTATGG-1	T	18
GAGTGAGCAGTATCTG-1	NK	3
GAGTGAGCATGGATGG-1	NK	17
GAGTGAGCATGGCCCA-1	NK	8
GAGTGAGGTAGATTAG-1	B	1
GAGTGAGGTATCAGCT-1	B	1
GAGTGAGGTCGGCTGT-1	B	1
GAGTGAGGTGTCCAGC-1	B	16
GAGTGAGGTTACTACG-1	NK	6
GAGTGAGTCAGTCACA-1	T	15
GAGTGAGTCCTGGAAT-1	NK	3
GAGTGAGTCGGCAATT-1	T	14
GAGTGAGTCGTCAACA-1	T	12
GATCATGAGAAGCCTG-1	T	5
GATCATGAGACCCTAT-1	NK	6
GATCATGAGACGACTG-1	B	1
GATCATGAGCGCACAA-1	T	15
GATCATGAGTAGTCGG-1	T	11
GATCATGAGTTGGAAT-1	B	1
GATCATGCATTCACCC-1	NK	6
GATCATGCATTGCGAT-1	NK	3
GATCATGGTAACAATG-1	NK	17
GATCATGGTAACCATC-1	B	1
GATCATGGTACGGTTT-1	B	1
GATCATGGTAGCGGTA-1	B	1
GATCATGGTATTCTGG-1	T	15
GATCATGGTGCAAGCA-1	NK	13
GATCATGGTTTAAGCC-1	NK	3
GATCATGTCACTAGGT-1	NK	8
GATCATGTCCAATCCC-1	T	11
GATCATGTCGATGTAC-1	NK	8
GATCATGTCGGAAAGC-1	Myeloid	10
GATCATGTCTTAGTGG-1	T	2
GATCATGTCTTTGCAT-1	NK	3
GATCGTAAGAGATTAC-1	Stromal	9
GATCGTAAGAGCACTG-1	NK	8
GATCGTAAGATGAGGA-1	T	12
GATCGTAAGCCCATTA-1	T	15
GATCGTAAGTATACCC-1	T	19
GATCGTAAGTGGGACT-1	T	2
GATCGTACAACGTCCG-1	NK	3
GATCGTACAAGTCTGT-1	NK	8
GATCGTACACTCCACT-1	T	12
GATCGTACACTGCTTC-1	T	15
GATCGTACAGTAGGCA-1	B	16
GATCGTACAGTGGTCC-1	T	18
GATCGTACATGCGACC-1	NK	17
GATCGTACATTCGTCC-1	T	18
GATCGTAGTAGCGGTA-1	T	18
GATCGTAGTCAGCTTA-1	B	16
GATCGTAGTCAGGCTC-1	B	16
GATCGTAGTCGTAATC-1	T	5
GATCGTAGTGAATGTA-1	NK	17
GATCGTAGTGGACAGT-1	T	2
GATCGTATCGGATAGG-1	Myeloid	10
GATCGTATCTTTGCAT-1	B	16
GATGATCAGAGAGGTA-1	Myeloid	10
GATGATCAGCGAATAT-1	T	15
GATGATCAGGCGTCCT-1	NK	13
GATGATCAGGTTCGTT-1	T	2
GATGATCCAAATTGAG-1	Stromal	9
GATGATCCAACAACTC-1	Myeloid	10
GATGATCCAGAACAGC-1	NK	3
GATGATCCAGGGCTTC-1	T	5
GATGATCCATACTGCA-1	NK	6
GATGATCGTAGCAGCA-1	NK	17
GATGATCGTCAGGCTC-1	Myeloid	10
GATGATCGTCGATTAC-1	T	0
GATGATCGTCTGTGTA-1	Myeloid	10
GATGATCGTTACGGAG-1	B	16
GATGATCTCCATACGA-1	NK	3
GATGATCTCCTAGAGT-1	T	0
GATGATCTCGAGGTAG-1	NK	3
GATGATCTCGCACAAT-1	Myeloid	10
GATGATCTCGCTATAG-1	NK	17
GATGATCTCTCAGATG-1	NK	13
GATGATCTCTGAGTCA-1	T	12
GATGATCTCTGCGTCT-1	T	18
GATGATCTCTTCCACG-1	T	5
GATGGCCAGACGTCAG-1	B	16
GATGGCCAGCAATGTA-1	NK	17
GATGGCCAGCCATTCA-1	B	1
GATGGCCAGCTAACAA-1	T	2
GATGGCCAGGATTAAC-1	Stromal	9
GATGGCCAGTTCAACC-1	Myeloid	10
GATGGCCAGTTGACAA-1	NK	17
GATGGCCCAAGAGATT-1	T	14
GATGGCCCAGAAAGAG-1	T	14
GATGGCCCAGACTAAA-1	T	2
GATGGCCCAGATACAA-1	T	2
GATGGCCCAGTGCGAA-1	NK	17
GATGGCCCATCCTGGG-1	Epithelial	4
GATGGCCCATGCCCTT-1	NK	8
GATGGCCGTAGTCTGT-1	T	0
GATGGCCGTCCCTAAA-1	Epithelial	4
GATGGCCGTCTCGGGT-1	NK	13
GATGGCCGTTCCCAAA-1	NK	3
GATGGCCGTTCTGAGT-1	NK	13
GATGGCCTCAATTCCT-1	Epithelial	4
GATGGCCTCACGTGTA-1	T	18
GATGGCCTCACTTACT-1	NK	17
GATGGCCTCATTCATC-1	Stromal	9
GATGGCCTCCTCCCAA-1	T	15
GATGGCCTCTATAGGC-1	Epithelial	4
GATGGCCTCTATTTCG-1	B	1
GATGGCCTCTCTTCTC-1	T	14
GATTAGCAGAAATACC-1	T	19
GATTAGCAGAGAAGCA-1	Epithelial	4
GATTAGCAGCCGCAAA-1	Stromal	9
GATTAGCAGTCGAGCA-1	T	11
GATTAGCCAACTACTG-1	Myeloid	10
GATTAGCCAAGGAGGG-1	NK	13
GATTAGCCACACATGT-1	T	7
GATTAGCCACGACGAA-1	T	2
GATTAGCCAGAACAGC-1	NK	17
GATTAGCCAGAGCCAA-1	T	19
GATTAGCCAGTATACC-1	B	16
GATTAGCCAGTGGTCC-1	B	1
GATTAGCGTAGCGGTA-1	T	15
GATTAGCGTATCACAC-1	B	16
GATTAGCGTCAGGTGA-1	B	1
GATTAGCGTGATAAGT-1	NK	13
GATTAGCGTGCGACCT-1	T	19
GATTAGCGTTAAGTCC-1	T	7
GATTAGCGTTCTTTGT-1	B	1
GATTAGCTCCCTACGT-1	T	5
GATTAGCTCCTGAAAC-1	Stromal	9
GATTAGCTCTCGACCT-1	T	12
GATTGACAGAATATCG-1	B	16
GATTGACAGCGGACTA-1	Epithelial	4
GATTGACAGGAATGGA-1	T	2
GATTGACAGGTTCGTT-1	NK	6
GATTGACAGGTTGTTC-1	T	18
GATTGACAGTATCTGC-1	NK	3
GATTGACAGTCGTACT-1	T	14
GATTGACCAACGACAG-1	T	15
GATTGACCAACGTACT-1	Myeloid	10
GATTGACCAAGGGAGG-1	NK	17
GATTGACGTAACTCCA-1	B	1
GATTGACGTACGACCC-1	T	15
GATTGACGTCATAAGA-1	T	18
GATTGACTCCTGTAGA-1	T	0
GATTGACTCGCTGATA-1	T	2
GATTGACTCTTGTCAT-1	T	0
GCAAAGGAGAGACTCG-1	NK	8
GCAAAGGAGAGGTCCA-1	B	16
GCAAAGGAGCTATCCA-1	T	2
GCAAAGGAGTACAGAT-1	T	2
GCAAAGGAGTGCCCTG-1	NK	13
GCAAAGGAGTTATGAG-1	T	18
GCAAAGGCAAACAGTA-1	T	12
GCAAAGGCACAATAAG-1	T	5
GCAAAGGCACATGATC-1	T	15
GCAAAGGCACGATATC-1	B	16
GCAAAGGCATCCCTTG-1	T	19
GCAAAGGCATCGACCG-1	B	16
GCAAAGGCATGTCCCT-1	T	14
GCAAAGGGTAAACGGC-1	NK	8
GCAAAGGGTAGACGCA-1	NK	6
GCAAAGGGTTCCCGGA-1	Stromal	9
GCAAAGGTCGAACACT-1	T	11
GCAAAGGTCGAAGCCC-1	B	16
GCAAAGGTCGTTCCGT-1	T	19
GCAAAGGTCTGACTTT-1	NK	17
GCAACCGAGACCGCAA-1	T	14
GCAACCGAGCACACCC-1	NK	3
GCAACCGAGGCCAGTA-1	B	1
GCAACCGAGTCAGGAC-1	T	2
GCAACCGCAAGCCAGA-1	B	1
GCAACCGCAATAGTGA-1	NK	6
GCAACCGCACGCTGTG-1	NK	17
GCAACCGGTAGCAGGT-1	NK	13
GCAACCGGTATCATGC-1	T	15
GCAACCGGTGAAACAT-1	NK	6
GCAACCGGTGAATACA-1	NK	3
GCAACCGGTGCTTACA-1	Myeloid	10
GCAACCGGTGTCTACA-1	T	2
GCAACCGGTTACGCTA-1	T	18
GCAACCGGTTGGGAAC-1	T	11
GCAACCGTCCATACCC-1	NK	17
GCAACCGTCGTCTTAT-1	T	18
GCAACCGTCTAGCAGT-1	T	18
GCAACCGTCTCGTGAA-1	NK	17
GCAACCGTCTGTGTCC-1	T	0
GCAACCGTCTTAATCC-1	Epithelial	4
GCAACCGTCTTACTCA-1	T	2
GCACCTTAGAACGTTA-1	Epithelial	4
GCACCTTAGAGAATTC-1	Stromal	9
GCACCTTAGAGTGGAA-1	B	1
GCACCTTAGATCTCAC-1	T	15
GCACCTTAGGCGACTA-1	T	7
GCACCTTAGGTTCTCA-1	Epithelial	4
GCACCTTAGTATACCC-1	B	16
GCACCTTCAATACTGC-1	NK	17
GCACCTTCACAATAAG-1	B	16
GCACCTTCACACATGT-1	NK	13
GCACCTTCAGAGCCAA-1	NK	8
GCACCTTCAGTATACC-1	T	11
GCACCTTCATGGCCTG-1	T	0
GCACCTTCATTCTCGC-1	T	19
GCACCTTGTACCTATG-1	T	0
GCACCTTGTACGCCCA-1	T	11
GCACCTTGTGGACAGT-1	NK	3
GCACCTTGTGTCCAGC-1	T	14
GCACCTTGTTCTACCC-1	T	18
GCACCTTGTTGGGAAC-1	Epithelial	4
GCACCTTGTTGTCGGC-1	B	16
GCACCTTGTTTGCCAA-1	T	18
GCACCTTTCAAGTTGC-1	T	2
GCACCTTTCACCGCGA-1	B	16
GCACCTTTCCCAATAG-1	B	16
GCACCTTTCCCACTAC-1	NK	3
GCACCTTTCCTGGGAC-1	NK	6
GCACCTTTCGGACGAA-1	T	2
GCACGCAAGACAACGC-1	NK	17
GCACGCAAGACAGCTG-1	T	5
GCACGCAAGACCCTAT-1	Epithelial	4
GCACGCACAAAGGCCA-1	T	2
GCACGCACAAGCAACG-1	NK	17
GCACGCACACCGAAAG-1	T	14
GCACGCACATATAGAG-1	NK	17
GCACGCAGTACCAAGG-1	NK	17
GCACGCAGTATCAGCT-1	T	2
GCACGCAGTCAGCTTA-1	Stromal	9
GCACGCAGTGTGACCC-1	B	16
GCACGCAGTGTGCGTC-1	T	18
GCACGCATCCCGCAAG-1	T	12
GCACGCATCCTTACGC-1	B	16
GCACGCATCGCGGCAT-1	T	18
GCACGCATCGCTTGAA-1	Myeloid	10
GCACGCATCGGTGATT-1	Epithelial	4
GCACGCATCTCCCTTT-1	Stromal	9
GCACGCATCTTCTTCC-1	NK	3
GCACGGTAGAGGAAGT-1	T	11
GCACGGTAGCGCAATG-1	T	0
GCACGGTAGCTCCGGT-1	T	15
GCACGGTAGGGCTCTC-1	T	2
GCACGGTAGTACGACG-1	T	12
GCACGGTCAAACAGTA-1	NK	17
GCACGGTCAACTAGAA-1	T	2
GCACGGTCAATCAGGG-1	NK	3
GCACGGTCACAGCCAC-1	B	16
GCACGGTCACCGAATT-1	T	19
GCACGGTCAGGGAGTT-1	Epithelial	4
GCACGGTCATGGGACA-1	B	1
GCACGGTGTACTAGAA-1	NK	3
GCACGGTGTCAGTGCC-1	Epithelial	4
GCACGGTGTCTGAGCC-1	NK	8
GCACGGTGTTCCATCC-1	NK	6
GCACGGTGTTTGCGAT-1	T	2
GCACGGTTCATGCTTT-1	B	16
GCACGGTTCCCAGCAG-1	T	15
GCACGGTTCCCTATTA-1	Stromal	9
GCACGGTTCCGCTCTA-1	T	2
GCACGGTTCGCTTCAC-1	T	12
GCACGGTTCGGTCAGC-1	NK	3
GCACGGTTCTGATCCC-1	T	18
GCACGGTTCTGGCGCA-1	T	5
GCAGATTAGAATACTG-1	B	16
GCAGATTAGAGGCGGA-1	T	15
GCAGATTAGATCTAAG-1	NK	17
GCAGATTAGGCACCTC-1	Epithelial	4
GCAGATTAGTCCCTCT-1	Myeloid	10
GCAGATTAGTGCACAG-1	B	16
GCAGATTAGTGTAATG-1	T	12
GCAGATTAGTTGCGCC-1	Epithelial	4
GCAGATTCAATGCCAT-1	Stromal	9
GCAGATTCACAATAAG-1	NK	8
GCAGATTCACATTCTT-1	T	2
GCAGATTCACCTGTGG-1	T	5
GCAGATTCAGGCACAA-1	T	7
GCAGATTCAGTTGGAG-1	NK	3
GCAGATTGTAACAATG-1	NK	8
GCAGATTGTCATAGAA-1	B	16
GCAGATTGTCTAAGAA-1	T	7
GCAGATTGTGCTGTCG-1	NK	3
GCAGATTTCAGAATGA-1	T	15
GCAGATTTCAGTCACA-1	T	2
GCAGATTTCCAGGTAT-1	B	16
GCAGATTTCGCAAGCC-1	Epithelial	4
GCAGATTTCTCGTAGA-1	T	18
GCAGATTTCTCTATTG-1	T	7
GCAGATTTCTGGCGCA-1	NK	8
GCAGATTTCTTACTCA-1	NK	8
GCAGATTTCTTCACTA-1	NK	8
GCAGCCAAGACCCTAT-1	T	7
GCAGCCAAGGCGTAGT-1	Stromal	9
GCAGCCAAGTACAGAT-1	B	16
GCAGCCAAGTAGCAAT-1	T	18
GCAGCCAAGTGAGTGC-1	B	16
GCAGCCACAACGGACA-1	B	16
GCAGCCACAACTCCCT-1	B	16
GCAGCCACACCTACCT-1	B	16
GCAGCCACACTGTCGG-1	B	16
GCAGCCACAGGATGTG-1	T	5
GCAGCCACATGATCGT-1	B	16
GCAGCCACATGGGTGA-1	NK	3
GCAGCCAGTAAGCCGA-1	NK	3
GCAGCCAGTATCTAGC-1	B	16
GCAGCCAGTCGAGGTA-1	NK	17
GCAGCCAGTCTGTTGA-1	T	2
GCAGCCATCAAACCCA-1	T	19
GCAGCCATCAAGTTGC-1	B	16
GCAGCCATCGAGTGTT-1	T	0
GCAGCCATCGCACCGA-1	NK	17
GCAGCCATCGCGTGAC-1	Myeloid	10
GCAGCCATCGTGAACT-1	NK	8
GCAGCCATCTTCATAC-1	B	16
GCAGCTGAGAAATACC-1	T	12
GCAGCTGAGAGCGGTT-1	NK	17
GCAGCTGAGAGGAAGT-1	T	11
GCAGCTGAGGGTTCTT-1	T	18
GCAGCTGCAATTGTGC-1	NK	17
GCAGCTGCAGAGAGAA-1	NK	3
GCAGCTGCAGCGTGAA-1	Myeloid	10
GCAGCTGCAGTAACCT-1	T	15
GCAGCTGCATTCACGA-1	T	2
GCAGCTGGTCCAAGAG-1	NK	3
GCAGCTGTCAAGAGAT-1	T	15
GCAGCTGTCAGCACGC-1	NK	17
GCAGCTGTCCGATTGA-1	NK	3
GCAGCTGTCGCAAACT-1	T	12
GCAGCTGTCTTGTGCC-1	NK	17
GCATGATAGAGCCTGA-1	NK	3
GCATGATAGCCTGTAT-1	NK	13
GCATGATAGCGTATCT-1	B	16
GCATGATCAAAGCATA-1	Stromal	9
GCATGATCAACGTCCG-1	Myeloid	10
GCATGATCACACATTG-1	T	19
GCATGATCACCTCGTT-1	NK	17
GCATGATCACGTACAT-1	B	16
GCATGATCATATAGAG-1	B	1
GCATGATGTAGGTCTT-1	NK	6
GCATGATTCAGCACGC-1	T	14
GCATGATTCATACTTC-1	T	14
GCATGATTCCATACCC-1	T	5
GCATGATTCGCCGAAC-1	Stromal	9
GCATGATTCGCTAGTA-1	NK	8
GCATTCCAGCCTTTGA-1	NK	8
GCATTCCAGGATGTCG-1	T	12
GCATTCCAGGCGATTG-1	T	2
GCATTCCAGGTACACG-1	T	12
GCATTCCAGTGAGCAC-1	T	0
GCATTCCCAACTACTG-1	Epithelial	4
GCATTCCCAAGCAATA-1	T	12
GCATTCCCAATTCGTG-1	NK	3
GCATTCCGTAAAGCTA-1	NK	3
GCATTCCGTCTCTAAG-1	Stromal	9
GCATTCCGTCTGGTCG-1	NK	6
GCATTCCGTGTCTCGG-1	Stromal	9
GCATTCCGTTCTACCC-1	NK	8
GCATTCCTCAAGGCAG-1	T	0
GCATTCCTCATGTTCT-1	T	0
GCATTCCTCCTATCAT-1	NK	8
GCATTCCTCGACCCGA-1	B	16
GCATTCCTCTGTAGAC-1	NK	17
GCATTCCTCTTATCAC-1	NK	3
GCATTGAAGGGAAATG-1	T	0
GCATTGAAGGTCGGTA-1	NK	17
GCATTGAAGTAACATG-1	T	11
GCATTGAAGTAGACCG-1	NK	8
GCATTGAAGTAGGAAG-1	T	14
GCATTGAAGTCACACT-1	B	1
GCATTGAAGTGCCCTG-1	T	11
GCATTGAAGTGGGACT-1	T	7
GCATTGACAGAAGTGC-1	B	16
GCATTGACAGGTAACG-1	B	1
GCATTGACATTACTTC-1	B	16
GCATTGAGTTGCTTGA-1	NK	3
GCATTGATCCGAGGAA-1	Myeloid	10
GCATTGATCGGTACTA-1	NK	13
GCATTGATCTATCTTG-1	NK	8
GCCAGACAGAGGTGGG-1	T	14
GCCAGACAGCCCATGC-1	NK	6
GCCAGACAGCGAATAT-1	B	1
GCCAGACAGCGGACTA-1	B	16
GCCAGACAGGAGTACC-1	B	16
GCCAGACAGGAGTAGA-1	T	0
GCCAGACAGGATTGCG-1	T	7
GCCAGACAGGGCTTCC-1	T	18
GCCAGACAGTCAACTC-1	T	15
GCCAGACCAAAGAGAG-1	NK	13
GCCAGACCAAGCGACA-1	NK	8
GCCAGACCACAGATGG-1	T	2
GCCAGACCAGTCAGCC-1	NK	13
GCCAGACCATAGCCAT-1	T	0
GCCAGACCATGATTGC-1	NK	3
GCCAGACCATGTATCG-1	Myeloid	10
GCCAGACGTAACGGTG-1	NK	17
GCCAGACGTCGAGGTA-1	NK	8
GCCAGACGTGCTGAAG-1	NK	8
GCCAGACGTTAGTAGA-1	Stromal	9
GCCAGACGTTTCTTAC-1	T	19
GCCAGACGTTTGATCG-1	Stromal	9
GCCAGACTCAAACCCA-1	T	2
GCCAGACTCAAGGCAG-1	T	0
GCCAGACTCCCTACCA-1	NK	3
GCCAGACTCGATGTAC-1	B	16
GCCAGACTCGCTCTAC-1	B	1
GCCAGACTCTAGCTGA-1	NK	3
GCCAGACTCTATATCC-1	T	7
GCCAGCAAGACTAATG-1	T	11
GCCAGCAAGCATTCCA-1	T	19
GCCAGCAAGGGAGTTC-1	T	19
GCCAGCAAGGTTCTCA-1	NK	3
GCCAGCAAGTCCCTCT-1	B	1
GCCAGCAAGTGAAGGA-1	NK	6
GCCAGCAAGTTCAAGA-1	T	19
GCCAGCACACAGGTAG-1	T	2
GCCAGCACAGCAGGTA-1	B	1
GCCAGCACATCGTGAT-1	T	12
GCCAGCACATTGAACC-1	NK	13
GCCAGCAGTACAAATG-1	B	16
GCCAGCAGTACGTAGG-1	NK	3
GCCAGCAGTAGCGTTT-1	NK	6
GCCAGCAGTATGGTTC-1	T	19
GCCAGCAGTGAAACAT-1	NK	6
GCCAGCAGTGCTTTGA-1	B	16
GCCAGCAGTTTAGGAA-1	NK	3
GCCAGCATCAAACCAC-1	T	12
GCCAGCATCAACACGT-1	B	1
GCCAGCATCAGTTGAC-1	T	11
GCCAGCATCGCATACA-1	T	12
GCCAGCATCGGTCCGA-1	T	18
GCCAGCATCGTCTAGA-1	NK	6
GCCATAAAGAAGACTT-1	B	1
GCCATAAAGATTAGAC-1	T	2
GCCATAAAGATTCCGT-1	B	16
GCCATAAAGCCGCAAA-1	NK	3
GCCATAAAGTGATCTC-1	NK	17
GCCATAACAAGGAAGA-1	NK	13
GCCATAACACACATGT-1	Stromal	9
GCCATAACACGTTAGT-1	T	7
GCCATAACACTGTAAC-1	T	15
GCCATAACATGTAGAA-1	B	16
GCCATAACATTCGTCC-1	NK	8
GCCATAAGTAATGCCT-1	NK	3
GCCATAAGTAGGTCTT-1	NK	17
GCCATAAGTAGTAACA-1	T	12
GCCATAAGTGCGCATC-1	NK	17
GCCATAAGTTACTACG-1	T	0
GCCATAAGTTCTTTCA-1	B	1
GCCATAAGTTTGTCTT-1	NK	8
GCCATAATCACGTGTA-1	T	0
GCCATAATCATGAACC-1	NK	17
GCCATAATCATTCATC-1	B	1
GCCATAATCATTCGGA-1	T	15
GCCATAATCCGATTGA-1	T	5
GCCATAATCGTATAGC-1	NK	3
GCCATAATCTCTGTTA-1	B	1
GCCATAATCTGTTTAC-1	T	5
GCCCAGAAGAGACTCG-1	B	16
GCCCAGAAGAGCAGCT-1	NK	17
GCCCAGAAGAGCTGTG-1	T	5
GCCCAGAAGATCTAAG-1	B	16
GCCCAGAAGCCTGTAT-1	T	18
GCCCAGAAGCGTATCT-1	T	12
GCCCAGAAGCGTGTTT-1	T	18
GCCCAGAAGTCAGCCC-1	Stromal	9
GCCCAGAAGTTCTCCC-1	T	18
GCCCAGACAACCTCCT-1	T	18
GCCCAGACAATGAAAC-1	T	14
GCCCAGACACAGAAGC-1	T	15
GCCCAGACACTCCTCA-1	T	18
GCCCAGAGTATTCACG-1	T	7
GCCCAGAGTTCTGAGT-1	NK	8
GCCCAGATCACTAGGT-1	Myeloid	10
GCCCAGATCAGGAAGC-1	T	12
GCCCAGATCCTCCCAA-1	NK	13
GCCCAGATCTTTCGAT-1	NK	8
GCCCGAAAGGAAGGTA-1	NK	13
GCCCGAAAGTCTCCAA-1	T	14
GCCCGAAAGTCTGCTA-1	B	16
GCCCGAAAGTCTTAGC-1	T	2
GCCCGAAAGTGAATAC-1	T	15
GCCCGAAAGTTGTCCA-1	B	16
GCCCGAACAAAGGCCA-1	T	7
GCCCGAACACCTGGTG-1	NK	8
GCCCGAACACTGTTAG-1	T	7
GCCCGAACAGTGCTCG-1	NK	3
GCCCGAACATAGCCAT-1	T	19
GCCCGAACATATTGGC-1	T	2
GCCCGAACATGGTAAA-1	T	15
GCCCGAAGTAGGTGAC-1	T	5
GCCCGAAGTCTGGGCT-1	T	2
GCCCGAAGTGTTTCTT-1	B	16
GCCCGAAGTTATCGAC-1	T	19
GCCCGAATCAAGAGGC-1	B	16
GCCCGAATCTGATCTT-1	B	16
GCCTACTAGACTCGGA-1	T	5
GCCTACTAGAGCCTGA-1	NK	8
GCCTACTAGAGTCCGA-1	T	0
GCCTACTAGCTATCGT-1	NK	6
GCCTACTCAACGTACT-1	NK	3
GCCTACTCAAGCGACA-1	NK	13
GCCTACTCACCACGAC-1	Epithelial	4
GCCTACTCACCCATCT-1	T	18
GCCTACTCACTCGCAG-1	T	7
GCCTACTCATGTAGAA-1	T	15
GCCTACTCATTGTGAC-1	T	19
GCCTACTGTAAAGCTA-1	NK	17
GCCTACTGTATCGCGC-1	T	19
GCCTACTGTATCTGCA-1	T	18
GCCTACTGTGGAAGCT-1	Epithelial	4
GCCTACTGTTTGCCCT-1	T	15
GCCTACTTCACCGCGA-1	T	2
GCCTACTTCAGAACGG-1	T	19
GCCTACTTCAGAGTGG-1	NK	3
GCCTACTTCAGGCGCT-1	T	11
GCCTACTTCCACGAGC-1	T	5
GCCTACTTCCCAATGA-1	T	7
GCCTACTTCCGCTATC-1	T	7
GCCTACTTCGATAGGG-1	T	12
GCCTACTTCGGTGATT-1	B	1
GCCTACTTCTATCCTA-1	NK	8
GCCTACTTCTATTTCG-1	NK	3
GCCTACTTCTGGCCAG-1	NK	8
GCCTAGGAGAAAGCAG-1	NK	3
GCCTAGGAGAAATGGG-1	NK	17
GCCTAGGAGACGCCAA-1	Myeloid	10
GCCTAGGAGGTTCGAG-1	B	1
GCCTAGGAGTTCGTTG-1	B	16
GCCTAGGAGTTGCTTG-1	NK	6
GCCTAGGCAACAAACA-1	B	16
GCCTAGGCAACTCGAT-1	T	19
GCCTAGGCAAGACTTC-1	T	12
GCCTAGGCAAGTTCGT-1	T	11
GCCTAGGCACCGATCG-1	NK	6
GCCTAGGCACTACACA-1	NK	6
GCCTAGGCATCCCTCA-1	T	7
GCCTAGGGTATTCACG-1	NK	13
GCCTAGGGTCAATCCA-1	Myeloid	10
GCCTAGGGTGAATGGC-1	B	1
GCCTAGGGTGCTGTGC-1	B	16
GCCTAGGGTTCACGTA-1	NK	13
GCCTAGGTCATTCTTG-1	B	1
GCCTAGGTCTCTTAAC-1	NK	13
GCGAGAAAGACGAAAG-1	T	2
GCGAGAAAGAGGCAGG-1	T	18
GCGAGAAAGCACCATT-1	NK	8
GCGAGAAAGCATACCT-1	T	2
GCGAGAAAGGTTACAA-1	T	2
GCGAGAAAGTATACGA-1	Stromal	9
GCGAGAACAAGAAACT-1	Stromal	9
GCGAGAACAAGGAGGG-1	B	16
GCGAGAACACGTTAGT-1	NK	8
GCGAGAACACTCAAGT-1	B	16
GCGAGAACAGAATGCG-1	NK	17
GCGAGAACAGGCACAA-1	NK	17
GCGAGAACATAGGCGA-1	T	0
GCGAGAACATATAGAG-1	NK	3
GCGAGAACATCATGTG-1	T	12
GCGAGAACATGGGACA-1	NK	8
GCGAGAAGTAAGGTCG-1	T	11
GCGAGAAGTACGTAAA-1	T	2
GCGAGAAGTAGGTGAC-1	T	7
GCGAGAAGTCCCTAAA-1	T	5
GCGAGAAGTCGGCTGT-1	Stromal	9
GCGAGAATCATGTTCT-1	Myeloid	10
GCGAGAATCGGATCGC-1	NK	17
GCGAGTCAGAGCTCCC-1	NK	8
GCGAGTCAGATTACGA-1	T	11
GCGAGTCAGATTAGAC-1	NK	8
GCGAGTCAGCCTTTGA-1	T	18
GCGAGTCAGTCGAGCA-1	T	15
GCGAGTCAGTGTCGCC-1	T	19
GCGAGTCCAAGAGCGT-1	T	19
GCGAGTCCAAGTCTCA-1	NK	6
GCGAGTCCAAGTTGCT-1	NK	6
GCGAGTCCACACATGT-1	B	16
GCGAGTCCACTGCTCT-1	T	0
GCGAGTCCACTGCTTC-1	T	2
GCGAGTCCAGAGCCAA-1	T	5
GCGAGTCCAGGCATTT-1	B	1
GCGAGTCCATAGGCGA-1	NK	3
GCGAGTCCATCGCTAA-1	T	18
GCGAGTCGTCCTATTT-1	T	2
GCGAGTCGTGCATTCA-1	NK	3
GCGAGTCGTGCTTCCT-1	T	7
GCGAGTCGTTCTTTCA-1	T	0
GCGAGTCGTTTGTCTT-1	Myeloid	10
GCGAGTCTCCCGATTC-1	NK	3
GCGAGTCTCGACTGGC-1	NK	13
GCGAGTCTCGCTTACC-1	T	15
GCGATCGAGACACGGT-1	B	16
GCGATCGAGAGAGTTT-1	NK	17
GCGATCGAGGCCAGTA-1	T	5
GCGATCGAGTACGACG-1	B	16
GCGATCGAGTTTACGC-1	NK	17
GCGATCGCACAGCCAC-1	NK	3
GCGATCGCATATAGAG-1	T	14
GCGATCGCATCGAGTT-1	NK	6
GCGATCGGTACAAATG-1	NK	17
GCGATCGGTCTAAAGA-1	NK	3
GCGATCGGTGACGCAA-1	T	11
GCGATCGGTGAGTAAT-1	NK	3
GCGATCGGTGCACATT-1	B	16
GCGATCGTCCATAACG-1	Myeloid	10
GCGATCGTCCTGAAAC-1	B	1
GCGATCGTCGGCATAT-1	B	1
GCGATCGTCGTTCCGT-1	T	7
GCGATTAAGACACTTC-1	B	16
GCGATTAAGCGCCTAC-1	T	7
GCGATTAAGGCAAGGG-1	Epithelial	4
GCGATTAAGTTACCAC-1	NK	3
GCGATTACAAGACACG-1	T	12
GCGATTACACCGAAAG-1	T	14
GCGATTACACTCCCAT-1	T	2
GCGATTACATCACAAC-1	T	7
GCGATTACATCCTGGG-1	T	2
GCGATTACATGGGTGA-1	B	16
GCGATTAGTATGGATA-1	T	18
GCGATTAGTGATAAGT-1	Myeloid	10
GCGATTAGTGCTTCCT-1	T	0
GCGATTAGTTAACTCG-1	T	15
GCGATTATCATGCTTT-1	B	1
GCGATTATCCATAACG-1	NK	17
GCGATTATCCGGAAAG-1	T	7
GCGATTATCCTCAAGA-1	Myeloid	10
GCGATTATCTACATCT-1	B	1
GCGCATGAGAACTCCT-1	Epithelial	4
GCGCATGAGACCAATA-1	NK	3
GCGCATGAGAGGCGGA-1	Myeloid	10
GCGCATGAGAGGTCCA-1	B	1
GCGCATGAGCGTCAAG-1	NK	8
GCGCATGAGGCAGTAC-1	B	16
GCGCATGAGGTTCTCA-1	Stromal	9
GCGCATGAGTAGGAAG-1	B	16
GCGCATGAGTATACGA-1	B	16
GCGCATGAGTATCTGC-1	B	16
GCGCATGAGTCCTTCC-1	B	1
GCGCATGAGTCTCGAT-1	T	5
GCGCATGAGTGAGCAC-1	NK	8
GCGCATGCAACTCGAT-1	B	16
GCGCATGCAATTAGGA-1	B	1
GCGCATGCAGGAGCAT-1	T	11
GCGCATGCATAGCCGC-1	T	19
GCGCATGCATTTAGGC-1	NK	8
GCGCATGGTAACCCAT-1	T	14
GCGCATGGTAGTGATA-1	Myeloid	10
GCGCATGGTTAACCGT-1	Stromal	9
GCGCATGTCAGCACGC-1	Stromal	9
GCGCATGTCCGAGAGA-1	NK	3
GCGCATGTCGCTTGAA-1	NK	3
GCGCATGTCTAGCTGA-1	T	5
GCGCATGTCTGTTTAC-1	T	11
GCGCCAAAGATGCGAC-1	Stromal	9
GCGCCAAAGCACCATT-1	T	19
GCGCCAAAGCTTTCCC-1	Stromal	9
GCGCCAAAGGGTCCCT-1	NK	3
GCGCCAAAGTCCCGCA-1	NK	17
GCGCCAAAGTCCTTCC-1	NK	8
GCGCCAAAGTGAGTTA-1	B	16
GCGCCAACAAGACACG-1	B	16
GCGCCAACAAGCCAGA-1	T	11
GCGCCAACACACACAT-1	B	16
GCGCCAACAGCTTACA-1	T	19
GCGCCAACAGGATGTG-1	Epithelial	4
GCGCCAACATTTGTTC-1	NK	8
GCGCCAAGTACGACCC-1	NK	17
GCGCCAAGTACGAGAC-1	T	7
GCGCCAAGTCTGCACG-1	T	2
GCGCCAAGTTAACTCG-1	NK	8
GCGCCAAGTTCCAATG-1	T	15
GCGCCAAGTTCCCGGA-1	T	2
GCGCCAATCAAGAGGC-1	NK	17
GCGCCAATCCTGAAAC-1	T	2
GCGCCAATCGCTAGTA-1	B	16
GCGCCAATCTTAAGCG-1	T	7
GCGGAAAAGAAATCTG-1	T	5
GCGGAAAAGAACGACC-1	NK	6
GCGGAAAAGACGTCAG-1	T	18
GCGGAAAAGACTTCCA-1	NK	8
GCGGAAAAGCAGGAGG-1	T	15
GCGGAAAAGGATTAAC-1	NK	17
GCGGAAAAGTAATCAG-1	Epithelial	4
GCGGAAAAGTCGCCTG-1	T	18
GCGGAAAAGTTGACAA-1	Epithelial	4
GCGGAAACAAGTTGCT-1	T	15
GCGGAAACAATCATCG-1	T	2
GCGGAAACACTGCTTC-1	T	2
GCGGAAACACTGTAAC-1	NK	17
GCGGAAACATTACTCT-1	NK	3
GCGGAAAGTCATAGAA-1	T	11
GCGGAAAGTCCGTGCA-1	NK	3
GCGGAAAGTCGTAGTT-1	NK	13
GCGGAAAGTGCTGTCG-1	B	16
GCGGAAAGTTCTACCC-1	NK	17
GCGGAAATCCAGGCCA-1	NK	13
GCGGAAATCCTCCTGA-1	NK	8
GCGGAAATCGGTTAGT-1	T	15
GCGGAAATCGGTTGTA-1	T	12
GCGGAAATCGTGGTAT-1	T	18
GCGGAAATCTACTTTG-1	NK	13
GCGGAAATCTTGTACT-1	B	16
GCGGGTTAGAGATTAC-1	B	16
GCGGGTTAGCGTAGCA-1	B	1
GCGGGTTAGGAAGAAC-1	NK	3
GCGGGTTAGGGTTCCC-1	T	5
GCGGGTTCAAATTGAG-1	Epithelial	4
GCGGGTTCAATTGTGC-1	T	18
GCGGGTTCACGTTAGT-1	B	1
GCGGGTTCAGAGCCAA-1	Epithelial	4
GCGGGTTCAGATTTGC-1	NK	6
GCGGGTTCATCGAGTT-1	T	5
GCGGGTTCATGGGTGA-1	T	11
GCGGGTTGTAGTATCC-1	B	1
GCGGGTTGTATCTGCA-1	NK	3
GCGGGTTGTATTTGCG-1	NK	6
GCGGGTTGTCCCGTGA-1	T	18
GCGGGTTGTCGAGGTA-1	T	18
GCGGGTTGTGCTAGTT-1	NK	6
GCGGGTTGTTTCTCTA-1	T	19
GCGGGTTTCCCGCAAG-1	NK	17
GCGGGTTTCCTCCTGA-1	NK	17
GCGGGTTTCTATCCTA-1	Stromal	9
GCGGGTTTCTCGACAA-1	T	5
GCGGGTTTCTTCTTCC-1	T	7
GCGGTGTAGAACTCCT-1	T	14
GCGGTGTAGGGTATCG-1	T	0
GCGGTGTAGGTAAGTT-1	T	11
GCGGTGTAGGTGAACC-1	T	5
GCGGTGTAGTCTCTAG-1	B	16
GCGGTGTAGTTGAATG-1	T	0
GCGGTGTCACGACGAA-1	T	2
GCGGTGTCACGTGAAG-1	T	7
GCGGTGTCAGCAATGG-1	T	14
GCGGTGTCAGCACATT-1	NK	6
GCGGTGTCATCCCAAA-1	T	15
GCGGTGTCATTTAGGC-1	NK	8
GCGGTGTGTAGCGAGT-1	T	7
GCGGTGTGTCTAACCA-1	B	1
GCGGTGTGTGCAAGCA-1	T	5
GCGGTGTGTGTCGTCG-1	T	14
GCGGTGTGTTAGCTCA-1	B	16
GCGGTGTGTTCCCTTG-1	T	2
GCGGTGTGTTTGTACG-1	Stromal	9
GCGGTGTTCAACTTGG-1	NK	6
GCGGTGTTCCCAGCGA-1	T	12
GCGGTGTTCCTAAGTG-1	Myeloid	10
GCGGTGTTCGCTATAG-1	T	7
GCGGTGTTCGTGGAAG-1	T	12
GCGGTGTTCTATCTTG-1	NK	17
GCGTAGCAGAACGACC-1	B	16
GCGTAGCAGATCTAAG-1	NK	3
GCGTAGCAGCAATGTA-1	NK	3
GCGTAGCCACCACGAC-1	NK	17
GCGTAGCCAGATTTGC-1	T	14
GCGTAGCCATCCTGGG-1	T	5
GCGTAGCCATCGTGAT-1	Myeloid	10
GCGTAGCGTCCTTATT-1	Epithelial	4
GCGTAGCGTCTCTAAG-1	NK	6
GCGTAGCGTGCAAGCA-1	Stromal	9
GCGTAGCGTGGATTTC-1	T	12
GCGTAGCGTTATCGAC-1	NK	6
GCGTAGCGTTCTACCC-1	Stromal	9
GCGTAGCGTTTCACCC-1	T	12
GCGTAGCGTTTCTTAC-1	T	14
GCGTAGCTCATTCATC-1	T	19
GCGTAGCTCCAAGAGG-1	T	15
GCGTAGCTCCTGACCT-1	NK	13
GCGTAGCTCCTGGGAC-1	NK	8
GCGTAGCTCGACCCGA-1	Epithelial	4
GCGTAGCTCGGTCTAA-1	NK	17
GCGTAGCTCGTTGTTT-1	T	18
GCGTAGCTCTCGTGAA-1	T	14
GCGTAGCTCTCTTAAC-1	T	7
GCGTTGGAGGCTGGAT-1	NK	17
GCGTTGGAGTAATGTG-1	NK	3
GCGTTGGAGTACTCTG-1	B	16
GCGTTGGCAACTAGAA-1	T	2
GCGTTGGCACGCCGAT-1	Myeloid	10
GCGTTGGCAGCGCGTT-1	NK	6
GCGTTGGCATGGTAAA-1	B	16
GCGTTGGCATGTCCCT-1	NK	17
GCGTTGGGTCAACAGG-1	T	12
GCGTTGGGTGAATGTA-1	T	15
GCGTTGGGTGCGCTCA-1	T	0
GCGTTGGGTGCTAGTT-1	B	1
GCGTTGGGTGTACGCC-1	T	0
GCGTTGGTCACTAGCA-1	T	7
GCGTTGGTCAGAACGG-1	T	14
GCGTTGGTCCGTGCAG-1	B	1
GCGTTGGTCCGTTTCG-1	Epithelial	4
GCGTTGGTCCTGGGAC-1	T	11
GCGTTGGTCGGAAAGC-1	B	16
GCTCACTAGAATCAAC-1	Myeloid	10
GCTCACTAGAGACTCG-1	T	7
GCTCACTAGAGCTACG-1	T	7
GCTCACTAGGAAGGTA-1	T	11
GCTCACTAGGAGGCGA-1	NK	8
GCTCACTAGGGTTCCC-1	T	15
GCTCACTAGTGGTGTG-1	T	18
GCTCACTAGTTCAACC-1	NK	3
GCTCACTAGTTCGTTG-1	T	0
GCTCACTCAACGTCCG-1	T	0
GCTCACTCAACTACTG-1	T	2
GCTCACTCAAGGATGC-1	T	5
GCTCACTCAATGACTC-1	T	0
GCTCACTCATCCTGGG-1	T	15
GCTCACTCATTACCTT-1	B	1
GCTCACTCATTGTGAC-1	Stromal	9
GCTCACTGTAACCATC-1	B	16
GCTCACTGTCCAGACC-1	NK	17
GCTCACTGTGACAAGC-1	T	0
GCTCACTGTGCTGTCG-1	B	16
GCTCACTGTGGAGTGT-1	NK	17
GCTCACTGTGGGTAGT-1	B	16
GCTCACTGTTCATTTC-1	T	2
GCTCACTGTTGCAGCC-1	T	18
GCTCACTTCAGCACTA-1	T	5
GCTCACTTCCGATGCG-1	B	16
GCTCACTTCCGTGCAG-1	T	0
GCTCACTTCGTCAACA-1	NK	17
GCTCAGGAGCAGAGCT-1	T	7
GCTCAGGAGCTGCCAC-1	T	7
GCTCAGGAGGCAAGGG-1	NK	8
GCTCAGGAGTAGAAGG-1	T	18
GCTCAGGAGTTATGAG-1	T	15
GCTCAGGCAAACCCTA-1	Myeloid	10
GCTCAGGCAAGCAACG-1	B	1
GCTCAGGCACCGATCG-1	T	11
GCTCAGGCACCTGTGG-1	NK	6
GCTCAGGCACGTACAT-1	NK	13
GCTCAGGCAGCTATAC-1	T	2
GCTCAGGCATTCTCGC-1	T	7
GCTCAGGGTACAAATG-1	T	7
GCTCAGGGTAGCGTTT-1	T	11
GCTCAGGGTCCTTCAC-1	Myeloid	10
GCTCAGGGTGCCCGAT-1	T	15
GCTCAGGGTTACTTTC-1	NK	8
GCTCAGGTCACCACAA-1	NK	17
GCTCAGGTCACTAGCA-1	Epithelial	4
GCTCAGGTCCGTTTCG-1	NK	3
GCTCAGGTCGGATAAA-1	Myeloid	10
GCTCAGGTCTTCACTA-1	T	0
GCTCCTAAGAGAGGTA-1	T	18
GCTCCTAAGCACCATT-1	NK	13
GCTCCTAAGGATGTCG-1	B	1
GCTCCTAAGGCGATTG-1	Stromal	9
GCTCCTACAAGAGATT-1	B	16
GCTCCTACAAGATTAG-1	NK	17
GCTCCTACACTTACAG-1	T	11
GCTCCTACATGCGCTG-1	T	18
GCTCCTACATGTGAGG-1	B	16
GCTCCTAGTACCAAGG-1	B	16
GCTCCTAGTATACGCT-1	Stromal	9
GCTCCTATCACCACAA-1	NK	3
GCTCCTATCCACCTAC-1	T	2
GCTCCTATCTCTGCGT-1	NK	3
GCTCGAGAGACCAATA-1	T	2
GCTCGAGAGATCTAAG-1	T	5
GCTCGAGAGCACCATT-1	T	18
GCTCGAGAGGTCTTTG-1	NK	6
GCTCGAGAGGTTCTCA-1	NK	3
GCTCGAGAGTACCCAT-1	NK	17
GCTCGAGAGTAGCAAT-1	T	0
GCTCGAGAGTTCGTTG-1	T	0
GCTCGAGCAAGCCCTG-1	NK	3
GCTCGAGCACAATAAG-1	T	14
GCTCGAGCAGCAAACG-1	T	0
GCTCGAGCAGGTAGGT-1	NK	3
GCTCGAGCATGCCTTC-1	T	18
GCTCGAGGTAACGGAC-1	T	15
GCTCGAGGTGAATGTA-1	NK	3
GCTCGAGGTTCAGAAA-1	T	0
GCTCGAGGTTTCTACT-1	NK	17
GCTCGAGTCAACGTGT-1	NK	6
GCTCGAGTCACAACAC-1	Stromal	9
GCTCGAGTCCGGCGAT-1	T	7
GCTCGAGTCCGGGCAT-1	NK	17
GCTCGAGTCGCCTTAC-1	NK	13
GCTGAGCAGCGTAGCA-1	T	12
GCTGAGCAGGGTGTTG-1	T	2
GCTGAGCAGGTTCGAG-1	NK	3
GCTGAGCAGTAACATG-1	Stromal	9
GCTGAGCAGTACTCTG-1	NK	3
GCTGAGCAGTGTCCCG-1	NK	8
GCTGAGCAGTGTGTAA-1	B	16
GCTGAGCAGTTAGCAA-1	T	15
GCTGAGCCAAATTGAG-1	Stromal	9
GCTGAGCCAAGAAACT-1	T	5
GCTGAGCCAAGCACTT-1	NK	8
GCTGAGCCACCTCGTT-1	T	15
GCTGAGCCACGCGATC-1	NK	17
GCTGAGCCAGCAATGG-1	NK	17
GCTGAGCCATGGATGG-1	NK	13
GCTGAGCCATTCACCC-1	T	2
GCTGAGCGTAAAGCTA-1	NK	3
GCTGAGCGTAACACTC-1	B	16
GCTGAGCGTATGGTTC-1	B	1
GCTGAGCGTGAGTCGA-1	T	0
GCTGAGCGTGTCCCAG-1	NK	17
GCTGAGCGTTCTACCC-1	Epithelial	4
GCTGAGCGTTTCAGCA-1	T	0
GCTGAGCTCAGGATCT-1	NK	3
GCTGAGCTCCAATAGC-1	Myeloid	10
GCTGAGCTCCAGTACA-1	NK	17
GCTGAGCTCCCAGTAA-1	NK	13
GCTGAGCTCCTTTGAT-1	NK	3
GCTGAGCTCGTTGTAG-1	NK	13
GCTGAGCTCTAGTCGA-1	Epithelial	4
GCTGCGAAGATCGAGC-1	T	15
GCTGCGAAGGAATGGA-1	B	1
GCTGCGAAGTCGCCTG-1	NK	6
GCTGCGAGTAGGGTTG-1	NK	3
GCTGCGAGTCCTTATT-1	NK	8
GCTGCGAGTTTCAGCA-1	B	16
GCTGCGAGTTTGCCCT-1	T	7
GCTGCGATCCTTTGAT-1	T	7
GCTGCGATCGCACAAT-1	T	12
GCTGCGATCGTGCTGG-1	Stromal	9
GCTGCGATCTAAGGTC-1	Stromal	9
GCTGCGATCTTATCAC-1	T	19
GCTGCGATCTTGTGCC-1	T	12
GCTGTTCAGAACAGGA-1	T	19
GCTGTTCAGACTCGGA-1	T	12
GCTGTTCAGGCTTAAA-1	T	0
GCTGTTCAGTAGACCG-1	T	12
GCTGTTCCAACCTCTC-1	T	14
GCTGTTCCAATTCTCT-1	T	19
GCTGTTCCACACACAT-1	T	14
GCTGTTCCACGCTAAT-1	NK	3
GCTGTTCCACTCAAGT-1	NK	8
GCTGTTCCAGCGTCGT-1	T	18
GCTGTTCCATGCCTTC-1	B	16
GCTGTTCGTAACCCAT-1	NK	17
GCTGTTCGTACTTCGA-1	NK	13
GCTGTTCGTAGAACGC-1	T	18
GCTGTTCGTATCTAGC-1	NK	13
GCTGTTCGTATCTGCA-1	B	16
GCTGTTCGTCACATTG-1	T	11
GCTGTTCGTGCAACAG-1	T	18
GCTGTTCGTTAGGCTT-1	B	1
GCTGTTCGTTGGAGGT-1	NK	8
GCTGTTCTCAGTCACA-1	NK	13
GCTGTTCTCCATAGGT-1	T	12
GCTGTTCTCCGATTGA-1	NK	6
GCTGTTCTCGAACACT-1	Epithelial	4
GCTGTTCTCGCTATAG-1	Stromal	9
GCTGTTCTCGGTTCCT-1	Epithelial	4
GCTGTTCTCTCTGAGA-1	Epithelial	4
GCTGTTCTCTTCTTCC-1	NK	13
GCTTAAGAGAAAGCAG-1	T	0
GCTTAAGAGAAGGGCG-1	NK	8
GCTTAAGAGAGTAAGG-1	NK	17
GCTTAAGAGCAACGGT-1	T	18
GCTTAAGAGCTATCGT-1	NK	8
GCTTAAGAGGTTCGAG-1	T	14
GCTTAAGAGTTACACC-1	NK	8
GCTTAAGCAGCAGGTA-1	T	7
GCTTAAGGTAGCCATT-1	T	7
GCTTAAGGTTCGGGAA-1	NK	3
GCTTAAGTCAAACCCA-1	B	16
GCTTAAGTCAACTTGG-1	Stromal	9
GCTTAAGTCCAAGTCA-1	NK	17
GCTTAAGTCCACGAGC-1	Epithelial	4
GCTTAAGTCGATGTAC-1	NK	17
GCTTAAGTCGCCTTAC-1	NK	8
GCTTAAGTCTATAGGC-1	T	7
GCTTGCTAGACACTTC-1	Epithelial	4
GCTTGCTAGAGTCCGA-1	T	15
GCTTGCTAGATCCGAG-1	T	15
GCTTGCTAGCAGAATT-1	T	7
GCTTGCTAGGAATGGA-1	B	1
GCTTGCTAGGGTATCG-1	NK	17
GCTTGCTAGGTCGTTT-1	T	5
GCTTGCTAGTAACATG-1	T	18
GCTTGCTAGTCAGGAC-1	B	16
GCTTGCTCAAAGCTGG-1	T	5
GCTTGCTCAAGATGCG-1	NK	17
GCTTGCTCAAGGTCGA-1	T	18
GCTTGCTCACAAACGG-1	NK	17
GCTTGCTCAGGACCTC-1	NK	13
GCTTGCTCAGGCTACC-1	Stromal	9
GCTTGCTCAGTGGTCC-1	T	2
GCTTGCTCATCATGTG-1	B	1
GCTTGCTCATGGGAAC-1	NK	13
GCTTGCTCATTGCGAT-1	Epithelial	4
GCTTGCTGTAACCCAT-1	Stromal	9
GCTTGCTGTACCTATG-1	Stromal	9
GCTTGCTGTAGGGTTG-1	NK	3
GCTTGCTGTATGAAGT-1	Stromal	9
GCTTGCTGTCCCTAAA-1	T	19
GCTTGCTGTCCTTCAC-1	B	16
GCTTGCTGTCTGGGAA-1	NK	8
GCTTGCTGTGAGCTAG-1	T	0
GCTTGCTGTGAGTCGA-1	T	19
GCTTGCTGTGGAAAGA-1	T	11
GCTTGCTGTGGCATAG-1	NK	3
GCTTGCTGTTCTGAGT-1	NK	13
GCTTGCTTCGAGGTCC-1	T	18
GCTTGCTTCGATGCAT-1	T	2
GCTTTCGAGACGCCCT-1	T	0
GCTTTCGAGATGCGAC-1	NK	8
GCTTTCGAGCGTAGCA-1	Stromal	9
GCTTTCGCACAGCTTA-1	T	7
GCTTTCGCACCAAGGA-1	Epithelial	4
GCTTTCGCACCATTCC-1	B	16
GCTTTCGCACGCTAAT-1	T	2
GCTTTCGCATATAGAG-1	T	7
GCTTTCGCATTGCGAT-1	T	0
GCTTTCGCATTTCTTG-1	NK	17
GCTTTCGGTAAACGTA-1	NK	17
GCTTTCGGTCAATACC-1	B	1
GCTTTCGGTCGCTAGC-1	Myeloid	10
GCTTTCGGTCTGTGTA-1	Stromal	9
GCTTTCGTCCATCGAA-1	Epithelial	4
GCTTTCGTCCCGCAAG-1	Epithelial	4
GCTTTCGTCGAGTTAC-1	T	18
GCTTTCGTCTCATATC-1	T	12
GCTTTCGTCTCGCGTT-1	NK	8
GGAACCCAGAACCATA-1	T	5
GGAACCCAGCCCATTA-1	NK	17
GGAACCCAGCGCGTTC-1	T	19
GGAACCCAGGAAGGTA-1	B	16
GGAACCCAGGGTCCCT-1	NK	8
GGAACCCAGGTACACG-1	T	2
GGAACCCAGTCAGGAC-1	T	15
GGAACCCCAAAGGCCA-1	T	15
GGAACCCCAAATAGTG-1	NK	17
GGAACCCCAAGATGCG-1	NK	13
GGAACCCCACGTACAT-1	NK	3
GGAACCCCAGTGGTCC-1	T	12
GGAACCCCATCAACTG-1	NK	6
GGAACCCCATGGGTGA-1	B	16
GGAACCCGTACGGAGT-1	NK	8
GGAACCCGTGCGCTCA-1	Stromal	9
GGAACCCGTTGGCGAA-1	T	14
GGAACCCTCCATAACG-1	T	2
GGAACCCTCCTAGAGT-1	NK	6
GGAACCCTCGAGAACG-1	T	19
GGAACCCTCGCAACTA-1	NK	8
GGAACCCTCTCGCGGA-1	T	12
GGAACCCTCTGAACGT-1	T	12
GGAACTTAGATTGACA-1	NK	8
GGAACTTAGCTAGCAG-1	NK	3
GGAACTTAGGATGTAT-1	T	2
GGAACTTAGGCTTTAC-1	T	5
GGAACTTCAAGGCGTA-1	NK	17
GGAACTTCACCGAAAG-1	T	2
GGAACTTCACCTATTT-1	NK	6
GGAACTTCAGCGCGTT-1	NK	6
GGAACTTCAGGTAGGT-1	T	0
GGAACTTCATTACTCT-1	T	11
GGAACTTGTAGATTAG-1	NK	8
GGAACTTGTATTCGCA-1	T	18
GGAACTTGTCGGCTGT-1	T	18
GGAACTTGTCTAAGAA-1	B	1
GGAACTTGTCTTAGCA-1	T	0
GGAACTTGTGCGCATC-1	Epithelial	4
GGAACTTGTTCCGCGA-1	NK	6
GGAACTTGTTCCGGCA-1	NK	3
GGAACTTTCAAGTTGC-1	T	19
GGAACTTTCCTGGAAT-1	NK	6
GGAACTTTCGCTCGGA-1	Stromal	9
GGAATCTAGAAGACTT-1	NK	8
GGAATCTAGAGAGTAG-1	T	18
GGAATCTAGCAATGTA-1	NK	3
GGAATCTAGCTAGCAG-1	T	19
GGAATCTAGGAGAACA-1	NK	13
GGAATCTAGGCTGGAT-1	T	2
GGAATCTAGGGTCCCT-1	T	18
GGAATCTAGTACAGTA-1	T	14
GGAATCTCAAGCAACG-1	T	12
GGAATCTCAGCAATGG-1	NK	13
GGAATCTGTGAATGGC-1	T	19
GGAATCTGTGCAAGCA-1	T	18
GGAATCTGTGGTCGAA-1	B	16
GGAATCTGTTCTACCC-1	T	15
GGAATCTGTTTCTACT-1	B	16
GGAATCTGTTTGCCAA-1	T	19
GGAATCTTCAGAACGG-1	NK	13
GGAATCTTCTGGCCAG-1	NK	17
GGACACCAGAATCAAC-1	B	16
GGACACCAGACCATAA-1	Stromal	9
GGACACCAGACCTATC-1	NK	17
GGACACCAGCATTGGG-1	Myeloid	10
GGACACCAGGGACGTT-1	Epithelial	4
GGACACCAGTTGCGCC-1	T	5
GGACACCAGTTTGGAA-1	B	16
GGACACCCAACCTCTC-1	Myeloid	10
GGACACCCAAGTTGCT-1	T	7
GGACACCCACCGAATT-1	T	14
GGACACCCACTCCACT-1	T	14
GGACACCCACTGCTCT-1	NK	17
GGACACCCAGGCACAA-1	T	15
GGACACCGTGCTGTGC-1	NK	8
GGACACCGTTACCCAA-1	T	12
GGACACCGTTAGGCTT-1	T	11
GGACACCGTTTAGACC-1	T	14
GGACACCTCACATTCT-1	NK	3
GGACACCTCGTATAGC-1	Epithelial	4
GGAGAACAGACCTATC-1	Myeloid	10
GGAGAACAGCAGGACT-1	T	12
GGAGAACAGTAATGTG-1	NK	17
GGAGAACAGTAGAAGG-1	Stromal	9
GGAGAACAGTGCACAG-1	NK	3
GGAGAACCAAGGACCA-1	NK	3
GGAGAACCAATCAGGG-1	T	2
GGAGAACCACCACGAC-1	T	0
GGAGAACCACGCTCAG-1	T	19
GGAGAACCAGGCAAGT-1	T	19
GGAGAACCAGGGCTTC-1	T	18
GGAGAACCAGGTTATC-1	T	15
GGAGAACCAGTTGCAT-1	T	15
GGAGAACCATAGATAG-1	B	16
GGAGAACCATATTGGC-1	B	1
GGAGAACCATCCTGGG-1	T	5
GGAGAACCATGCCCTT-1	NK	17
GGAGAACGTAACGGAC-1	NK	3
GGAGAACGTCTGCACG-1	NK	17
GGAGAACGTGCTTCCT-1	B	16
GGAGAACGTTACTACG-1	T	12
GGAGAACTCAAGAGGC-1	B	1
GGAGAACTCACCGCGA-1	T	18
GGAGAACTCAGTGGTT-1	Stromal	9
GGAGAACTCCGATGCG-1	T	2
GGAGAACTCTTATCAC-1	B	16
GGAGAACTCTTGGCCT-1	T	0
GGAGGATAGAGGAATG-1	B	1
GGAGGATAGGTAAGTT-1	NK	17
GGAGGATAGTATGGGC-1	B	1
GGAGGATCAAATTCCG-1	B	16
GGAGGATCAAGTCCTA-1	T	11
GGAGGATCACAGTAGG-1	NK	13
GGAGGATCACATTCTT-1	T	5
GGAGGATCATTACCTT-1	T	5
GGAGGATGTATTCGAC-1	T	0
GGAGGATGTATTTGCG-1	Epithelial	4
GGAGGATGTGCCCAGT-1	T	0
GGAGGATGTGGTGGTA-1	T	14
GGAGGATTCCGCCTAT-1	T	19
GGAGGATTCCTATCAT-1	Stromal	9
GGAGGATTCTATCTTG-1	T	11
GGAGGATTCTCGTGAA-1	T	18
GGAGTAGAGACGTCAG-1	T	2
GGAGTAGAGAGGTCCA-1	B	1
GGAGTAGAGCACACCC-1	Epithelial	4
GGAGTAGAGCTAACAA-1	NK	8
GGAGTAGAGGAGAACA-1	Stromal	9
GGAGTAGAGGATGCCA-1	T	19
GGAGTAGCAAGAGATT-1	B	16
GGAGTAGCAAGCGTCC-1	B	16
GGAGTAGCACCCTTAC-1	T	18
GGAGTAGCATTACTTC-1	T	2
GGAGTAGGTAGCTGTT-1	NK	13
GGAGTAGGTCAGACGA-1	T	18
GGAGTAGGTCATAGCT-1	NK	13
GGAGTAGGTCGAGGAT-1	NK	3
GGAGTAGGTTCCGGCA-1	Myeloid	10
GGAGTAGGTTTCGTTT-1	Epithelial	4
GGAGTAGTCCGGCGAT-1	NK	8
GGAGTAGTCGATGTAC-1	T	19
GGAGTAGTCGCTTGAA-1	NK	8
GGAGTAGTCGTTGTAG-1	T	12
GGAGTAGTCTCTATCA-1	T	7
GGAGTAGTCTGCTACC-1	NK	17
GGAGTAGTCTTATCAC-1	T	15
GGATAGGAGACCCATT-1	B	16
GGATAGGAGCAGAGCT-1	T	15
GGATAGGAGCTAGCAG-1	B	16
GGATAGGAGCTGAAAT-1	NK	3
GGATAGGAGGTACATA-1	NK	6
GGATAGGCAAGTCTCA-1	NK	17
GGATAGGCAGATAAGT-1	T	2
GGATAGGCAGCACATT-1	Epithelial	4
GGATAGGCAGCGTAGA-1	NK	6
GGATAGGGTAGCAGGT-1	B	16
GGATAGGGTAGTATCC-1	T	18
GGATAGGGTCCGTAGC-1	T	15
GGATAGGGTGGATTCT-1	NK	17
GGATAGGGTTTGTACG-1	T	12
GGATAGGTCAAATGGA-1	T	0
GGATAGGTCAGTGGTT-1	B	16
GGATAGGTCGGATGTT-1	T	5
GGATAGGTCGGGAAAC-1	T	5
GGATGAGAGACCATAA-1	Epithelial	4
GGATGAGAGAGAACCC-1	NK	6
GGATGAGAGCGCACAA-1	B	1
GGATGAGAGCGTCTGC-1	NK	17
GGATGAGAGGTACACG-1	T	18
GGATGAGAGTACAACA-1	NK	3
GGATGAGCAAATGCTC-1	T	0
GGATGAGCAGAGCCAA-1	NK	17
GGATGAGCATGGGAAC-1	NK	6
GGATGAGCATTACACG-1	NK	13
GGATGAGGTCATCAAC-1	B	1
GGATGAGGTCCGTCGA-1	Stromal	9
GGATGAGGTGCGCATC-1	Stromal	9
GGATGAGTCCGCGATG-1	T	7
GGATGAGTCGCAAGCC-1	B	16
GGATGAGTCGCGCTGA-1	T	15
GGATGAGTCGGGAATG-1	T	5
GGATGAGTCTCTGAGA-1	Myeloid	10
GGATGAGTCTGACTTT-1	Epithelial	4
GGATGAGTCTTCTTCC-1	NK	17
GGCACGTAGATGTTGA-1	Myeloid	10
GGCACGTAGGCAGTGT-1	B	16
GGCACGTAGGTACACG-1	T	12
GGCACGTAGTTACCAC-1	B	16
GGCACGTAGTTTGGAA-1	T	0
GGCACGTCACAACGGA-1	T	15
GGCACGTCAGGACTGA-1	Epithelial	4
GGCACGTCATGTGGGA-1	NK	17
GGCACGTGTCACTCTC-1	T	14
GGCACGTGTCCGCTTT-1	T	18
GGCACGTGTCTCTAAG-1	T	5
GGCACGTGTCTCTGGG-1	B	16
GGCACGTGTGCATTGT-1	T	12
GGCACGTGTGGACTGA-1	T	5
GGCACGTGTTAGAGAT-1	T	18
GGCACGTGTTGCTTGA-1	Epithelial	4
GGCACGTTCCTGTGGG-1	B	16
GGCACGTTCGAACCGC-1	T	15
GGCACGTTCGCAACTA-1	T	18
GGCACGTTCGTCCCAT-1	T	14
GGCACGTTCTACCCGT-1	B	1
GGCACGTTCTGGCGCA-1	T	15
GGCATTAAGACCGCAA-1	T	18
GGCATTAAGCATTGGG-1	B	16
GGCATTAAGCCATTCA-1	T	5
GGCATTAAGGAAGAAC-1	T	18
GGCATTAAGTGATAAC-1	T	15
GGCATTAAGTGCCCTG-1	B	1
GGCATTAAGTGTCGCC-1	NK	3
GGCATTACAACTTGGT-1	T	19
GGCATTACACGAACGA-1	T	5
GGCATTACATCAACTG-1	T	7
GGCATTACATCGTACA-1	NK	17
GGCATTACATTCTCGC-1	Epithelial	4
GGCATTAGTACCAAGG-1	T	15
GGCATTAGTAGATTAG-1	B	16
GGCATTAGTAGCTGTT-1	T	0
GGCATTAGTATCTCAG-1	NK	17
GGCATTAGTGAGTCGA-1	T	0
GGCATTAGTTACTACG-1	Myeloid	10
GGCATTAGTTCCGCGA-1	T	12
GGCATTAGTTCTCGAA-1	B	1
GGCATTATCCAAGTCA-1	T	5
GGCATTATCCATTGTT-1	T	2
GGCATTATCCCACTAC-1	NK	6
GGCATTATCGACTTAG-1	T	11
GGCATTATCGGCTATA-1	T	15
GGCATTATCGTTGTTT-1	T	2
GGCATTATCTAGCTGA-1	T	19
GGCATTATCTCGTGAA-1	NK	8
GGCATTATCTGGGCGT-1	NK	17
GGCGAAAAGACTAGGC-1	T	12
GGCGAAAAGAGCCACA-1	T	7
GGCGAAAAGGGTGTTG-1	NK	17
GGCGAAAAGTACAGTA-1	T	2
GGCGAAACAAACGACG-1	T	12
GGCGAAACAAAGGAAG-1	B	16
GGCGAAACAAAGGCCA-1	B	1
GGCGAAACACTGAAGG-1	T	14
GGCGAAACAGGCATTT-1	B	1
GGCGAAACAGTATCTG-1	B	16
GGCGAAACATCGTACA-1	T	15
GGCGAAAGTACATGGG-1	T	15
GGCGAAAGTACTATGC-1	T	0
GGCGAAAGTGAGTAAT-1	Epithelial	4
GGCGAAAGTGCGTAGA-1	Epithelial	4
GGCGAAAGTTTGAAGA-1	NK	6
GGCGAAATCAGGCCGT-1	B	16
GGCGAAATCGCGTGAC-1	B	16
GGCGAAATCGGGTCCA-1	NK	3
GGCGAAATCTCTTCTC-1	T	19
GGCGTTGAGACGACTG-1	T	15
GGCGTTGAGAGCAGCT-1	NK	3
GGCGTTGAGGTACATA-1	T	7
GGCGTTGCAACGCACC-1	T	18
GGCGTTGCAACTACTG-1	NK	3
GGCGTTGCAAGCGGTA-1	NK	13
GGCGTTGCAAGCTTTG-1	NK	3
GGCGTTGCATTCGTCC-1	B	1
GGCGTTGGTATGGATA-1	T	19
GGCGTTGGTATTGTGC-1	NK	17
GGCGTTGGTCTGTTGA-1	T	18
GGCGTTGGTGCATTCA-1	B	16
GGCGTTGGTTAGGAAT-1	NK	13
GGCGTTGGTTGCAGAG-1	Epithelial	4
GGCGTTGTCAGGCCGT-1	NK	8
GGCGTTGTCGATGCAT-1	T	12
GGGAACAAGAGCTGTG-1	NK	3
GGGAACAAGGAAGACA-1	T	0
GGGAACAAGTAGCAAT-1	T	19
GGGAACACAAGTCTGT-1	B	1
GGGAACACACAGGAAC-1	T	0
GGGAACACACGCTCAG-1	NK	17
GGGAACACACTCCACT-1	T	14
GGGAACACAGTATCTG-1	NK	17
GGGAACACATCATCGA-1	T	15
GGGAACACATCTGCAA-1	NK	17
GGGAACACATGGATGG-1	NK	17
GGGAACAGTAGCAGCA-1	T	5
GGGAACAGTCAGGCTC-1	Myeloid	10
GGGAACAGTTCGGGAA-1	B	16
GGGAACAGTTTAGGAA-1	T	11
GGGAACAGTTTGTCTT-1	T	15
GGGAACATCACGTGTA-1	B	16
GGGAACATCCAAGAGG-1	T	11
GGGAACATCCAGGGAA-1	NK	13
GGGAACATCCCAGCAG-1	NK	17
GGGAACATCGACGGAA-1	Stromal	9
GGGAACATCGCAAACT-1	T	18
GGGAACATCGGTTCCT-1	NK	3
GGGAACATCTCATATC-1	T	15
GGGAACATCTCTGTTA-1	NK	17
GGGAACATCTGAGTAC-1	T	0
GGGAACATCTGATCTT-1	B	16
GGGAACATCTGCGTCT-1	Epithelial	4
GGGACCTAGAATCAGT-1	B	16
GGGACCTAGATCGCCC-1	NK	3
GGGACCTAGCGATACG-1	T	19
GGGACCTAGGACCGAT-1	T	5
GGGACCTAGGATCCTT-1	B	16
GGGACCTAGGCTGGAT-1	T	2
GGGACCTAGGTCACTT-1	Myeloid	10
GGGACCTAGTACCACT-1	NK	6
GGGACCTAGTAGAAGG-1	T	19
GGGACCTCAAGAAACT-1	T	0
GGGACCTCACCACAGC-1	NK	13
GGGACCTCATTGCGAT-1	B	1
GGGACCTGTAATGTAG-1	NK	13
GGGACCTGTAGGTCTT-1	NK	6
GGGACCTGTATTTGCG-1	T	0
GGGACCTGTTGGTAAA-1	NK	13
GGGACCTGTTTGTAGC-1	NK	6
GGGACCTTCACAGGGA-1	NK	8
GGGACCTTCAGCACTA-1	B	16
GGGACCTTCCGGGCAT-1	T	2
GGGACCTTCCTAAAGC-1	T	0
GGGACCTTCGCAACTA-1	T	7
GGGACCTTCGCCCTTA-1	T	14
GGGACCTTCGGACGAA-1	Myeloid	10
GGGACCTTCGGGCTCA-1	B	16
GGGCCATAGCATGATA-1	Stromal	9
GGGCCATAGTCGATAA-1	T	18
GGGCCATAGTTGACAA-1	NK	8
GGGCCATCAAATGTCC-1	NK	17
GGGCCATCAATCATCG-1	NK	13
GGGCCATCAGTAAGCG-1	T	14
GGGCCATCATTTAGGC-1	NK	8
GGGCCATGTCGTCGCA-1	NK	17
GGGCCATGTCTCTAAG-1	NK	3
GGGCCATGTGCTGGCT-1	T	15
GGGCCATGTGTTTCTT-1	T	14
GGGCCATGTTCATTTC-1	T	0
GGGCCATTCACCCTTG-1	Epithelial	4
GGGCCATTCACTAGGT-1	Stromal	9
GGGCCATTCCAGGTAT-1	NK	13
GGGCCATTCCGCGATG-1	B	1
GGGCCATTCCGGCTGA-1	B	1
GGGCCATTCGTATAGC-1	T	12
GGGCCATTCGTCTTAT-1	T	19
GGGCCATTCTAGTCGA-1	Stromal	9
GGGCCATTCTTCTTCC-1	T	19
GGGTCTGAGATCACCT-1	NK	13
GGGTCTGAGCAACTGG-1	B	16
GGGTCTGCAAACCTAC-1	T	19
GGGTCTGCACTGTCAA-1	B	16
GGGTCTGCACTTTGGA-1	NK	13
GGGTCTGCATCCGTAA-1	B	16
GGGTCTGCATGCTATG-1	Myeloid	10
GGGTCTGCATTTGGCA-1	T	18
GGGTCTGGTACGGTTT-1	T	14
GGGTCTGGTATTCTCT-1	T	15
GGGTCTGGTCATAGAA-1	NK	17
GGGTCTGGTCCCGTGA-1	T	18
GGGTCTGGTCTAACCA-1	T	19
GGGTCTGGTCTGATTG-1	NK	8
GGGTCTGGTGGACTGA-1	NK	17
GGGTCTGGTTCCCTTG-1	T	2
GGGTCTGGTTGGCGAA-1	Myeloid	10
GGGTCTGGTTGGGAAC-1	T	2
GGGTCTGTCCAGAGAG-1	Epithelial	4
GGGTCTGTCCCAGCGA-1	T	2
GGGTCTGTCCGCTCTA-1	T	7
GGGTCTGTCGCATACA-1	B	16
GGGTCTGTCGTTCTAT-1	T	0
GGGTCTGTCTTCACTA-1	T	18
GGGTGTCAGAACTAAC-1	Myeloid	10
GGGTGTCAGACAGCTG-1	T	5
GGGTGTCAGGTAGGAA-1	B	16
GGGTGTCCAAACAGTA-1	B	16
GGGTGTCCACGTTAGT-1	Epithelial	4
GGGTGTCCAGCAGGTA-1	T	2
GGGTGTCCAGCGCGTT-1	T	15
GGGTGTCGTAGCATGG-1	Stromal	9
GGGTGTCGTAGTACAA-1	NK	6
GGGTGTCGTATTCGAC-1	B	1
GGGTGTCGTCTGGGCT-1	T	7
GGGTGTCGTTTCAGCA-1	T	0
GGGTGTCTCAGGTTTG-1	Myeloid	10
GGGTGTCTCCACCTAC-1	T	5
GGGTGTCTCCACGCTT-1	NK	17
GGGTGTCTCCGTGCGA-1	B	16
GGGTGTCTCGATAGGG-1	NK	3
GGGTGTCTCTCGGCGA-1	T	11
GGGTTATCAATGTGCT-1	T	7
GGGTTATCACAGCCAC-1	B	16
GGGTTATCACATTGCA-1	NK	17
GGGTTATCACCGTCTT-1	T	2
GGGTTATCATCCATAG-1	T	15
GGGTTATCATGGCCCA-1	T	0
GGGTTATCATTACACG-1	T	7
GGGTTATGTACCCATA-1	B	1
GGGTTATGTACCTATG-1	T	0
GGGTTATGTACTTCAG-1	NK	17
GGGTTATGTCTGGGCT-1	T	19
GGGTTATGTCTGGTCG-1	T	12
GGGTTATGTGGATTCT-1	T	15
GGGTTATTCCCAATAG-1	T	7
GGGTTATTCGGTACTA-1	T	12
GGGTTATTCTTGTCAT-1	T	12
GGTACCGAGAACTAAC-1	NK	17
GGTACCGAGCTGCCAC-1	B	16
GGTACCGAGGTAAGCC-1	NK	13
GGTACCGAGGTTCGTT-1	T	7
GGTACCGAGTGCTCGC-1	B	16
GGTACCGAGTGGTGTG-1	T	0
GGTACCGAGTGTCGCC-1	B	16
GGTACCGCAACAAACA-1	Epithelial	4
GGTACCGCAACTCGTA-1	NK	17
GGTACCGCAAGGGTAC-1	B	1
GGTACCGCAATCAGGG-1	T	14
GGTACCGCACCTACCT-1	T	12
GGTACCGCATTACCTT-1	T	11
GGTACCGGTATCCCTC-1	B	1
GGTACCGGTCTGCGCA-1	Stromal	9
GGTACCGGTGACGCAA-1	T	5
GGTACCGGTGAGGTCA-1	T	18
GGTACCGGTTGGGAAC-1	T	12
GGTACCGTCATTCTCA-1	NK	8
GGTACCGTCCAAGTCA-1	T	12
GGTACCGTCCCTAAAG-1	T	18
GGTACCGTCGCATACA-1	T	2
GGTACCGTCGGATAAA-1	NK	13
GGTACCGTCTAGCTGA-1	T	0
GGTAGGAAGTCAGCCC-1	T	0
GGTAGGAAGTCGAAAT-1	B	16
GGTAGGACAAAGCATA-1	NK	13
GGTAGGACACAAGGGT-1	Myeloid	10
GGTAGGACAGATTTGC-1	T	0
GGTAGGACAGCAAACG-1	NK	6
GGTAGGAGTACAAGCG-1	T	18
GGTAGGAGTATCCTTT-1	T	12
GGTAGGAGTCAATCCA-1	T	7
GGTAGGAGTCAGGTGA-1	NK	13
GGTAGGAGTCCGAGCT-1	NK	17
GGTAGGAGTTAACCAC-1	T	0
GGTAGGAGTTTCGATG-1	B	16
GGTAGGATCCAAGTCA-1	B	1
GGTAGGATCCATCATT-1	NK	8
GGTAGGATCGCTTGAA-1	T	15
GGTAGGATCGTGCTTC-1	T	19
GGTCATAAGAGCTACG-1	NK	6
GGTCATAAGCGTTGCC-1	Myeloid	10
GGTCATAAGGCGACTA-1	NK	3
GGTCATAAGGGTATCG-1	NK	17
GGTCATACAAAGGCCA-1	Stromal	9
GGTCATACAACGAGGT-1	B	16
GGTCATACAAGCTTTG-1	NK	6
GGTCATACAAGTAATG-1	NK	3
GGTCATACAAGTGGCA-1	T	5
GGTCATACACGCGATC-1	NK	3
GGTCATACAGGTAGCA-1	NK	8
GGTCATACATCGAGTT-1	NK	8
GGTCATAGTTCTACCC-1	NK	3
GGTCATAGTTCTTTCA-1	NK	13
GGTCATAGTTGTGACT-1	T	2
GGTCATATCACTCGGG-1	NK	17
GGTCATATCACTGGTA-1	B	16
GGTCATATCAGGGTTT-1	NK	17
GGTCATATCGAGTTAC-1	B	16
GGTCATATCTCTTAAC-1	T	18
GGTGAAGAGAAAGCAG-1	NK	13
GGTGAAGAGACCATAA-1	NK	13
GGTGAAGAGATACCAA-1	T	0
GGTGAAGAGCCCATGC-1	B	16
GGTGAAGAGGAACCGT-1	T	11
GGTGAAGAGGGAGTTC-1	T	7
GGTGAAGAGTCAGCCC-1	Epithelial	4
GGTGAAGAGTTACCAC-1	T	11
GGTGAAGCAAAGCTGG-1	NK	6
GGTGAAGCAACGAGGT-1	B	1
GGTGAAGCATACTGCA-1	Epithelial	4
GGTGAAGCATCATGTG-1	T	7
GGTGAAGGTCATAGCT-1	Epithelial	4
GGTGAAGGTTGCAGAG-1	B	1
GGTGAAGTCGATGAAA-1	Epithelial	4
GGTGAAGTCGGGATCC-1	T	2
GGTGAAGTCGGTCAGC-1	T	0
GGTGCTGAGAAGCCGT-1	T	7
GGTGCTGAGACTCTTG-1	B	16
GGTGCTGAGCACGTAG-1	NK	3
GGTGCTGAGCGAATAT-1	T	11
GGTGCTGAGGAGGCGA-1	NK	3
GGTGCTGAGGCCTAAG-1	T	7
GGTGCTGAGTGCTGAG-1	T	7
GGTGCTGCAATGCACT-1	T	0
GGTGCTGCACAGCTTA-1	T	14
GGTGCTGCACTCAAGT-1	NK	8
GGTGCTGCACTGAAGG-1	NK	17
GGTGCTGCATCACAGT-1	Myeloid	10
GGTGCTGCATCCTGGG-1	NK	8
GGTGCTGGTACCTATG-1	NK	13
GGTGCTGGTATTCTCT-1	T	15
GGTGCTGGTCCAACCG-1	T	12
GGTGCTGGTCTGGTTA-1	NK	13
GGTGCTGGTGCAAAGC-1	NK	17
GGTGCTGGTTCCATCC-1	NK	17
GGTGCTGTCAGGAATA-1	T	12
GGTGCTGTCCCAATAG-1	T	12
GGTGCTGTCTTAACGG-1	NK	8
GGTGTCGAGAAAGGGT-1	T	15
GGTGTCGAGACAGTGC-1	NK	17
GGTGTCGAGGCGCTTC-1	NK	3
GGTGTCGAGGTACTCT-1	T	11
GGTGTCGAGTCCGATT-1	NK	13
GGTGTCGAGTTCAGGG-1	T	19
GGTGTCGAGTTGTCCA-1	B	16
GGTGTCGCAATGCATC-1	B	1
GGTGTCGCACCACAGC-1	NK	13
GGTGTCGCAGGATGTG-1	T	0
GGTGTCGCATACAACC-1	NK	13
GGTGTCGGTACTTCAG-1	NK	17
GGTGTCGGTAGCATGG-1	B	16
GGTGTCGGTCCGCTTT-1	Myeloid	10
GGTGTCGGTCTTAGCA-1	T	18
GGTGTCGGTGCATTCA-1	T	5
GGTGTCGGTGGACCAA-1	NK	13
GGTGTCGGTGGACTGA-1	B	16
GGTGTCGGTGGTCGAA-1	T	12
GGTGTCGGTTGTATCG-1	T	14
GGTGTCGGTTTCGTTT-1	T	15
GGTGTCGTCACATCCC-1	NK	6
GGTGTCGTCACCACAA-1	NK	13
GGTGTCGTCGAACCGC-1	NK	17
GGTGTCGTCGGGATCC-1	T	14
GGTGTCGTCGTGAACT-1	T	5
GGTGTCGTCTGTGTCC-1	B	16
GGTGTCGTCTTAATCC-1	T	2
GGTTGCGAGGCCTAAG-1	Epithelial	4
GGTTGCGAGGTTGACG-1	T	18
GGTTGCGAGTCCAGAG-1	Myeloid	10
GGTTGCGAGTTGTCCA-1	B	16
GGTTGCGCACGATATC-1	NK	6
GGTTGCGCAGGTGTCC-1	T	19
GGTTGCGCATAGTCCA-1	Epithelial	4
GGTTGCGCATGCTATG-1	B	1
GGTTGCGCATTACACG-1	NK	17
GGTTGCGCATTCGTCC-1	T	19
GGTTGCGCATTTAGGC-1	B	1
GGTTGCGGTAACGGAC-1	T	11
GGTTGCGGTAACGTAA-1	NK	8
GGTTGCGGTAGCGTTT-1	B	1
GGTTGCGGTGCACATT-1	NK	8
GGTTGCGGTTCACGTA-1	T	0
GGTTGCGGTTGGCTTA-1	Stromal	9
GGTTGCGGTTTCCTAT-1	Stromal	9
GGTTGCGTCAAACCAC-1	NK	17
GGTTGCGTCACATCCC-1	NK	17
GGTTGCGTCCACGGCA-1	T	2
GGTTGCGTCCCTAAAG-1	T	12
GGTTGCGTCCTAAGTG-1	NK	6
GGTTGCGTCGATAGGG-1	B	16
GGTTGCGTCGGGACAA-1	B	1
GGTTGCGTCTGCTACC-1	T	18
GGTTGCGTCTTCGTTA-1	B	16
GTAATCGAGACAACGC-1	NK	13
GTAATCGAGACCCTAT-1	T	5
GTAATCGAGCTACGCC-1	T	7
GTAATCGAGGATCCTT-1	T	7
GTAATCGAGTTGGAAT-1	Epithelial	4
GTAATCGCAAAGAAGG-1	T	18
GTAATCGCAAAGCTGG-1	NK	8
GTAATCGCAAGGCGTA-1	NK	17
GTAATCGCAATCAGGG-1	Epithelial	4
GTAATCGCAATGTGCT-1	NK	3
GTAATCGCACACACCG-1	T	2
GTAATCGCACAGTTAC-1	T	7
GTAATCGCAGAAAGAG-1	B	16
GTAATCGCAGGGTAAC-1	T	2
GTAATCGCAGTCCTGG-1	B	16
GTAATCGCATCTCTCG-1	T	5
GTAATCGGTAAACGTA-1	T	7
GTAATCGGTACGTATC-1	Myeloid	10
GTAATCGGTAGGTAAT-1	T	18
GTAATCGGTCAATCCA-1	NK	3
GTAATCGGTCGCTAGC-1	Epithelial	4
GTAATCGGTGCAAGAC-1	T	7
GTAATCGGTTAGGAGC-1	NK	3
GTAATCGGTTCCATCC-1	T	7
GTAATCGGTTCTTTCA-1	T	0
GTAATCGGTTCTTTGT-1	NK	6
GTAATCGTCCATAACG-1	T	5
GTAATCGTCGGAAAGC-1	NK	6
GTAATCGTCGTCAACA-1	NK	3
GTAATCGTCGTTCTAT-1	T	0
GTAATCGTCTGACTTT-1	NK	17
GTAATCGTCTGGCGCA-1	T	14
GTAATCGTCTTCGTTA-1	NK	3
GTACTTTAGATCTAAG-1	Myeloid	10
GTACTTTAGGTACTCT-1	T	2
GTACTTTAGTTGCTTG-1	T	15
GTACTTTCAAACTACC-1	T	19
GTACTTTCAAAGACGC-1	T	0
GTACTTTCAAGCAACG-1	T	5
GTACTTTCAAGCAATA-1	T	5
GTACTTTCAATTCAGC-1	NK	17
GTACTTTCAGGCATTT-1	T	14
GTACTTTCATCTGCAA-1	Myeloid	10
GTACTTTCATGGTTTG-1	T	11
GTACTTTCATTAGCCA-1	T	0
GTACTTTGTAACGGCA-1	T	5
GTACTTTGTCAGTGCC-1	Stromal	9
GTACTTTGTGTGACCC-1	Epithelial	4
GTACTTTTCAAGAGGC-1	B	16
GTACTTTTCATCATGG-1	NK	17
GTACTTTTCCACGCTT-1	NK	13
GTACTTTTCCGTGCAG-1	T	18
GTACTTTTCGAGGTAG-1	Epithelial	4
GTACTTTTCGCAACTA-1	NK	6
GTACTTTTCGGGTCCA-1	T	0
GTACTTTTCGGTCTCT-1	NK	3
GTACTTTTCTGGCCAG-1	T	19
GTACTTTTCTTCGTTA-1	B	1
GTAGACTAGACCATAA-1	NK	8
GTAGACTAGAGTTTGA-1	T	0
GTAGACTAGCAGAATT-1	T	7
GTAGACTAGCTCCGGT-1	T	12
GTAGACTAGGCGACTA-1	NK	17
GTAGACTAGGGAAGCG-1	NK	17
GTAGACTAGGTTCTCA-1	NK	8
GTAGACTAGTCCCGCA-1	NK	3
GTAGACTAGTGTCGGA-1	B	16
GTAGACTCAAGGCGTA-1	NK	13
GTAGACTCAGCGTACC-1	B	16
GTAGACTCAGCTATAC-1	B	16
GTAGACTGTAAAGCTA-1	Epithelial	4
GTAGACTGTAGATGAT-1	T	12
GTAGACTGTCGTAATC-1	T	5
GTAGACTGTGTGAGGT-1	NK	3
GTAGACTGTTTCAGCA-1	NK	8
GTAGACTTCGTCAACA-1	NK	17
GTAGACTTCGTTACAG-1	T	5
GTAGACTTCTCGGCGA-1	T	15
GTAGGAGAGAAAGCAG-1	B	1
GTAGGAGAGAAATACC-1	B	16
GTAGGAGAGCTGAATA-1	T	12
GTAGGAGAGGCCAATG-1	NK	6
GTAGGAGAGTGGACGT-1	T	7
GTAGGAGCACAGCCAC-1	NK	6
GTAGGAGCAGGCAGAT-1	T	15
GTAGGAGCAGGTGTGA-1	NK	17
GTAGGAGCATCCTCGT-1	NK	6
GTAGGAGGTAAGCCTT-1	T	14
GTAGGAGGTACCCATA-1	B	16
GTAGGAGGTCAACTGT-1	T	18
GTAGGAGGTCCAACCG-1	Stromal	9
GTAGGAGGTCCTCAGG-1	Stromal	9
GTAGGAGGTCTCGGGT-1	NK	17
GTAGGAGGTGGTTCTA-1	T	19
GTAGGAGGTGTTGTTG-1	B	1
GTAGGAGGTTACGAAA-1	T	2
GTAGGAGGTTCAGAAA-1	NK	13
GTAGGAGGTTTGTCTT-1	T	0
GTAGGAGTCACAAGCT-1	B	16
GTAGGAGTCACTACCC-1	NK	8
GTAGGAGTCAGGCCGT-1	T	18
GTAGGAGTCGCTTACC-1	T	15
GTAGGAGTCGGGACAA-1	NK	8
GTAGGAGTCTCGTAGA-1	B	1
GTAGTACAGAATATCG-1	T	18
GTAGTACAGACCATAA-1	B	16
GTAGTACAGCCTTTGA-1	T	12
GTAGTACAGCGCCTAC-1	T	14
GTAGTACAGCTACGTT-1	T	11
GTAGTACAGGAGTCTG-1	B	16
GTAGTACAGGGATCCA-1	T	15
GTAGTACAGGTAAGTT-1	T	0
GTAGTACAGTAATCAG-1	Stromal	9
GTAGTACAGTACGCGA-1	T	15
GTAGTACAGTGCTGAG-1	NK	17
GTAGTACCAAAGACGC-1	T	2
GTAGTACCAGCAACCC-1	NK	6
GTAGTACCAGGGCTTC-1	T	5
GTAGTACCAGGTGGTA-1	Stromal	9
GTAGTACCATCAACTG-1	B	16
GTAGTACCATCCCTTG-1	Epithelial	4
GTAGTACGTACGACCC-1	B	16
GTAGTACGTATCCTTT-1	T	11
GTAGTACGTGCGTCCA-1	T	11
GTAGTACGTTCTCGAA-1	T	5
GTAGTACGTTTCAGCA-1	B	16
GTAGTACTCAGCCGGT-1	T	12
GTAGTACTCCCGTAGG-1	T	2
GTAGTACTCGACTTAG-1	T	19
GTAGTACTCGGGTCCA-1	B	1
GTAGTACTCGTCGCAG-1	T	2
GTAGTACTCTACCCGT-1	NK	8
GTAGTACTCTATTTCG-1	NK	17
GTCACAAAGAGTCCGA-1	NK	3
GTCACAAAGATCACCT-1	B	16
GTCACAAAGTGTCGGA-1	NK	13
GTCACAACAACTCCCT-1	Epithelial	4
GTCACAACACCAAGGA-1	NK	13
GTCACAACACCTACCT-1	NK	3
GTCACAACAGACCTGC-1	T	11
GTCACAACATTGATGC-1	T	14
GTCACAAGTAAACGAT-1	NK	17
GTCACAAGTAGAGAGA-1	B	1
GTCACAAGTCATAGAA-1	Epithelial	4
GTCACAAGTCCTATTT-1	Stromal	9
GTCACAAGTCGCGCTA-1	NK	13
GTCACAAGTCGTAGTT-1	Stromal	9
GTCACAAGTGTACGCC-1	B	16
GTCACAAGTGTCCAGC-1	B	1
GTCACAAGTGTTGTTG-1	T	15
GTCACAAGTTAACCAC-1	Stromal	9
GTCACAAGTTCAGTTG-1	B	1
GTCACAAGTTCTGAAC-1	B	1
GTCACAAGTTGTGACT-1	Myeloid	10
GTCACAATCAGCCGGT-1	NK	17
GTCACAATCCATCTAT-1	NK	3
GTCACAATCCGATTGA-1	T	15
GTCACCTAGGATGTCG-1	T	11
GTCACCTAGGCCTCGT-1	B	16
GTCACCTAGGGATCCA-1	NK	6
GTCACCTAGGTAAGTT-1	T	18
GTCACCTAGGTTCGAG-1	T	5
GTCACCTAGTTAGCGG-1	T	18
GTCACCTCAAGCAACG-1	NK	17
GTCACCTCACAGCCAC-1	B	16
GTCACCTCAGTTAAAG-1	NK	13
GTCACCTCATGATCGT-1	T	11
GTCACCTCATTTGTTC-1	T	0
GTCACCTGTAGGGTCA-1	Epithelial	4
GTCACCTGTCAGACGA-1	T	18
GTCACCTTCGTGGAAG-1	NK	3
GTCACCTTCTGATCCC-1	B	16
GTCACGGAGAAGACTT-1	NK	8
GTCACGGAGACACTTC-1	Stromal	9
GTCACGGAGCTAGCAG-1	T	14
GTCACGGAGGCCAATG-1	NK	17
GTCACGGAGGGATCCA-1	B	1
GTCACGGAGGTTGTGG-1	B	16
GTCACGGAGTCCGTGC-1	T	0
GTCACGGAGTCTCGAT-1	NK	13
GTCACGGAGTCTCTAG-1	B	16
GTCACGGAGTGTGTAA-1	NK	3
GTCACGGGTAAACGTA-1	B	16
GTCACGGGTAGTACAA-1	B	16
GTCACGGGTGCATTGT-1	T	5
GTCACGGGTTTCAGCA-1	Stromal	9
GTCACGGGTTTCCGGG-1	T	11
GTCACGGTCAGGAAGC-1	T	2
GTCACGGTCTCCTTGG-1	B	16
GTCACGGTCTGTTGCC-1	T	18
GTCACTCAGAAACGCC-1	T	5
GTCACTCAGACCCTAT-1	T	12
GTCACTCAGAGCAGCT-1	T	7
GTCACTCAGATCCGAG-1	T	7
GTCACTCAGATCTAAG-1	T	5
GTCACTCAGCATGATA-1	T	15
GTCACTCAGTGTCGCC-1	NK	13
GTCACTCCAAGGAGTC-1	NK	3
GTCACTCCATTTGTTC-1	T	18
GTCACTCGTAGCGTTT-1	NK	17
GTCACTCGTATACGCT-1	B	16
GTCACTCGTCATAGCT-1	NK	8
GTCACTCGTGTTTCTT-1	Stromal	9
GTCACTCGTTACACTG-1	NK	17
GTCACTCGTTCCCGGA-1	T	19
GTCACTCTCAGCACTA-1	NK	17
GTCACTCTCCATTGTT-1	NK	17
GTCACTCTCGCACCTT-1	T	5
GTCACTCTCTTGTACT-1	T	0
GTCCATCAGAGAATTC-1	Epithelial	4
GTCCATCAGATACCAA-1	T	18
GTCCATCAGGTCCTCG-1	T	2
GTCCATCAGTATACCC-1	NK	17
GTCCATCCAAATTCCG-1	Stromal	9
GTCCATCCAAGCCTTA-1	Epithelial	4
GTCCATCCAATTGGCT-1	T	5
GTCCATCCACTTATGG-1	T	7
GTCCATCCAGAATGCG-1	NK	3
GTCCATCCATGTCCCT-1	NK	8
GTCCATCCATTAGCCA-1	NK	13
GTCCATCGTCCCGAGT-1	T	0
GTCCATCGTCCCTTTG-1	B	16
GTCCATCGTTTGCATG-1	T	0
GTCCATCTCCTGAAAC-1	NK	8
GTCCATCTCGGCTATA-1	B	16
GTCCATCTCTCGCGGA-1	T	2
GTCGTAAAGAAATACC-1	T	15
GTCGTAAAGAACGTTA-1	T	15
GTCGTAAAGAGCTCCC-1	NK	17
GTCGTAAAGCTACGCC-1	T	15
GTCGTAAAGCTATCGT-1	T	18
GTCGTAAAGGAGTACC-1	NK	3
GTCGTAAAGTCTCTAG-1	T	12
GTCGTAAAGTGATCTC-1	NK	8
GTCGTAACAAATTCCG-1	T	19
GTCGTAACAAGGCGTA-1	T	7
GTCGTAACAATCAGGG-1	T	19
GTCGTAACAATGCATC-1	Epithelial	4
GTCGTAACACAAGGGT-1	T	5
GTCGTAACACATAAAG-1	NK	17
GTCGTAACAGATACAA-1	T	19
GTCGTAACAGATTTGC-1	T	2
GTCGTAACAGGATGTG-1	T	19
GTCGTAACAGGCATCC-1	B	1
GTCGTAACATAGCAGG-1	T	7
GTCGTAACATCCCTCA-1	T	18
GTCGTAACATGCCTTC-1	NK	3
GTCGTAACATGGCCTG-1	NK	17
GTCGTAAGTGCCCGAT-1	Stromal	9
GTCGTAAGTGGAAGCT-1	T	0
GTCGTAAGTGTGAGGT-1	B	16
GTCGTAATCAGAGTGG-1	B	16
GTCGTAATCAGTCAAC-1	B	1
GTCGTAATCCATCTAT-1	B	16
GTCGTAATCCCGATTC-1	NK	17
GTCGTAATCCTAGAGT-1	T	12
GTCGTAATCGGCATAT-1	T	5
GTCGTAATCTCAGATG-1	B	1
GTCGTAATCTCCTTGG-1	Stromal	9
GTCGTAATCTCTATTG-1	T	12
GTCGTAATCTTTATCG-1	T	0
GTCTACCAGAAACGCC-1	B	16
GTCTACCAGTATGGGC-1	Myeloid	10
GTCTACCCACAGGAAC-1	NK	3
GTCTACCCACTTACAG-1	T	5
GTCTACCCAGTGCGAA-1	T	15
GTCTACCCATGCGTTA-1	T	0
GTCTACCGTAGCTGTT-1	T	14
GTCTACCGTGAATGTA-1	NK	17
GTCTACCGTGCTTACA-1	T	19
GTCTACCGTTGCTTGA-1	NK	8
GTCTACCTCATTCGGA-1	T	0
GTCTACCTCCATCGAA-1	T	0
GTCTACCTCGCTCTAC-1	Myeloid	10
GTCTACCTCGGATGTT-1	T	12
GTCTACCTCGTCGCAG-1	NK	17
GTCTACCTCTGCTACC-1	NK	6
GTGACATAGAACCCGA-1	T	7
GTGACATAGACACTTC-1	NK	13
GTGACATAGCGCAATG-1	B	16
GTGACATAGGTTGTGG-1	T	18
GTGACATAGTACCCAT-1	T	14
GTGACATCAATTAGGA-1	NK	17
GTGACATCACAACGGA-1	NK	17
GTGACATCAGCAACCC-1	NK	17
GTGACATCATCCCAAA-1	B	16
GTGACATCATGTGAGG-1	NK	17
GTGACATGTCCGAGCT-1	Myeloid	10
GTGACATGTTACACTG-1	T	14
GTGACATGTTGCAGCC-1	NK	8
GTGACATGTTTCGTTT-1	Stromal	9
GTGACATTCCAAACCA-1	NK	3
GTGACATTCCCAATAG-1	T	2
GTGACATTCCCTACCA-1	T	5
GTGACATTCGGGCTCA-1	NK	8
GTGACATTCGGGTCCA-1	B	16
GTGACATTCGTGGCGT-1	NK	3
GTGACATTCGTTCTAT-1	B	1
GTGACATTCTCTGCGT-1	T	11
GTGACATTCTGGCACG-1	NK	3
GTGATCAAGAACTAAC-1	T	12
GTGATCAAGAGCCTGA-1	T	5
GTGATCAAGCAGTAGC-1	T	2
GTGATCAAGGTGTTGG-1	T	2
GTGATCACAAACCCTA-1	Epithelial	4
GTGATCACAATCACTG-1	NK	8
GTGATCACACCACGAC-1	NK	6
GTGATCACATACAACC-1	T	2
GTGATCACATGCGCTG-1	T	15
GTGATCACATGGATGG-1	T	12
GTGATCAGTAACGGAC-1	Epithelial	4
GTGATCAGTCTGGTCG-1	T	11
GTGATCAGTGAGGGTT-1	Myeloid	10
GTGATCAGTTACACTG-1	Epithelial	4
GTGATCATCAACACGT-1	T	0
GTGATCATCCTTTGCG-1	Myeloid	10
GTGATCATCGCCAGAC-1	NK	17
GTGATCATCTCCACTG-1	B	16
GTGCACGAGACAACGC-1	NK	17
GTGCACGAGACTAGCG-1	B	16
GTGCACGAGAGGAACA-1	NK	3
GTGCACGAGCTACGCC-1	T	18
GTGCACGAGGATCCTT-1	T	7
GTGCACGCAAAGCATA-1	T	14
GTGCACGCAACGTAGG-1	T	18
GTGCACGCACGCTAAT-1	Stromal	9
GTGCACGCACTCCCAT-1	NK	13
GTGCACGCAGGTAGGT-1	T	15
GTGCACGCATTGATGC-1	B	1
GTGCACGGTATCTAGC-1	T	5
GTGCACGGTCAACGGA-1	B	16
GTGCACGGTCGTAGTT-1	B	1
GTGCACGGTCTGAGCC-1	B	1
GTGCACGGTGACAAGC-1	Stromal	9
GTGCACGGTTGGCTTA-1	T	7
GTGCACGGTTTCCTAT-1	NK	3
GTGCACGTCCAGGGAA-1	T	15
GTGCACGTCGGTGATT-1	NK	6
GTGCACGTCGTCTAGA-1	B	16
GTGCACGTCGTTGTTT-1	T	12
GTGCCAGAGACCCATT-1	T	11
GTGCCAGAGACGTCAG-1	T	2
GTGCCAGAGGATCCTT-1	T	2
GTGCCAGAGTATAGTG-1	T	5
GTGCCAGAGTGTCACT-1	NK	13
GTGCCAGCACATTGCA-1	T	15
GTGCCAGCATGGAGGT-1	NK	13
GTGCCAGGTAGTCCAT-1	B	16
GTGCCAGGTAGTTTGC-1	T	12
GTGCCAGGTGCTTTGA-1	T	2
GTGCCAGGTGTGTGCC-1	NK	3
GTGCCAGTCCAACCTC-1	NK	3
GTGCCAGTCGCGGCAT-1	T	14
GTGCCAGTCGTGATAC-1	T	19
GTGCCAGTCTCGACCT-1	Stromal	9
GTGCCAGTCTTGTCAT-1	NK	17
GTGCTGGAGCATACCT-1	NK	17
GTGCTGGAGGTTGTGG-1	NK	6
GTGCTGGAGTCTTAGC-1	T	19
GTGCTGGCACATGATC-1	NK	13
GTGCTGGCACTCAAGT-1	Stromal	9
GTGCTGGCACTTTGGA-1	T	0
GTGCTGGCATAAAGTG-1	NK	8
GTGCTGGGTGAGGGTT-1	T	15
GTGCTGGGTGTTTCTT-1	B	16
GTGCTGGGTTTGCGAT-1	Epithelial	4
GTGCTGGTCCTCTCTT-1	T	12
GTGCTGGTCGATAGGG-1	T	18
GTGCTGGTCGCACAAT-1	B	16
GTGCTGGTCGCGCCAA-1	NK	17
GTGCTGGTCGTAGCGC-1	T	14
GTGCTGGTCTCTTAAC-1	T	15
GTGCTGGTCTTACTCA-1	T	5
GTGGATTAGAAGAGTG-1	Epithelial	4
GTGGATTAGATAGGTT-1	T	7
GTGGATTAGGCCAATG-1	B	1
GTGGATTAGGCGTAGT-1	T	7
GTGGATTAGGTACATA-1	T	14
GTGGATTAGTCAACTC-1	T	18
GTGGATTAGTCCAGAG-1	B	1
GTGGATTAGTCGTACT-1	B	1
GTGGATTAGTCTGCTA-1	T	11
GTGGATTAGTGAGTGC-1	T	18
GTGGATTAGTGCACAG-1	T	15
GTGGATTCAATAGTGA-1	T	19
GTGGATTCATCACAGT-1	T	14
GTGGATTCATCTGCAA-1	B	1
GTGGATTCATTTAGGC-1	T	2
GTGGATTGTAGAACGC-1	Stromal	9
GTGGATTGTAGCGAGT-1	Myeloid	10
GTGGATTGTAGCTGTT-1	T	18
GTGGATTGTAGGGTTG-1	B	16
GTGGATTGTCAAACAA-1	T	12
GTGGATTGTGCGTTTA-1	T	0
GTGGATTGTTTCGATG-1	B	1
GTGGATTGTTTGATCG-1	T	15
GTGGATTGTTTGCGAT-1	T	7
GTGGATTTCAAGTTGC-1	T	2
GTGGATTTCACTCCCA-1	T	5
GTGGATTTCAGTCTTT-1	NK	17
GTGGATTTCCCAGCAG-1	NK	8
GTGGATTTCCTCAAGA-1	T	19
GTGGATTTCTGACTTT-1	T	12
GTGGCGTAGAGCAGCT-1	B	16
GTGGCGTAGATGCGCA-1	NK	17
GTGGCGTAGATGTTCC-1	Epithelial	4
GTGGCGTAGATTGACA-1	NK	8
GTGGCGTAGCAATGTA-1	T	7
GTGGCGTAGCAGAATT-1	T	11
GTGGCGTAGCGCATTT-1	T	2
GTGGCGTAGGGCATTG-1	T	19
GTGGCGTAGTCCCGCA-1	NK	17
GTGGCGTAGTTCCCGG-1	T	15
GTGGCGTCAAGAGCGT-1	Epithelial	4
GTGGCGTCATGCGACC-1	Stromal	9
GTGGCGTGTACCTATG-1	NK	17
GTGGCGTGTTTGAAGA-1	T	5
GTGGCGTTCAAGAGGC-1	T	19
GTGGCGTTCACCCTTG-1	B	16
GTGGCGTTCCATGACA-1	T	18
GTGGCGTTCGACTATG-1	NK	8
GTGGCGTTCGACTGGC-1	B	1
GTGTCAAAGATTAGAC-1	T	0
GTGTCAAAGCATACCT-1	NK	8
GTGTCAAAGCTCCGGT-1	NK	6
GTGTCAAAGGACTTTC-1	B	16
GTGTCAAAGTTAGAGT-1	Stromal	9
GTGTCAACAATCAGGG-1	NK	17
GTGTCAACACTTACAG-1	NK	13
GTGTCAACAGTTGCAT-1	B	16
GTGTCAAGTAAACGTA-1	T	5
GTGTCAAGTAGTAACA-1	T	15
GTGTCAAGTGCTTCCT-1	T	7
GTGTCAAGTGGCCTCA-1	B	16
GTGTCAAGTTTAAGGA-1	NK	17
GTGTCAATCACAAGCT-1	T	15
GTGTCAATCATCGCAA-1	T	2
GTGTCAATCCAACGCG-1	NK	17
GTGTCAATCGTGGCGT-1	T	18
GTGTCAATCTCCCTTT-1	B	1
GTGTCCTAGACACGGT-1	T	2
GTGTCCTAGATATGTG-1	T	12
GTGTCCTAGATCTAAG-1	NK	17
GTGTCCTAGCAACTGG-1	T	12
GTGTCCTAGGAAGACA-1	B	16
GTGTCCTAGGCAGTAC-1	NK	8
GTGTCCTAGTGATATG-1	B	16
GTGTCCTAGTTCAAGA-1	Myeloid	10
GTGTCCTAGTTCCAGT-1	NK	3
GTGTCCTCAACGTACT-1	T	12
GTGTCCTCAGCAGGTA-1	NK	8
GTGTCCTCATCTCTCG-1	T	15
GTGTCCTCATTAACGC-1	T	7
GTGTCCTCATTGTTCT-1	T	7
GTGTCCTGTAGGTCTT-1	NK	13
GTGTCCTGTATGAAGT-1	T	15
GTGTCCTGTGCTTCCT-1	T	2
GTGTCCTGTGTGAGGT-1	B	1
GTGTCCTGTTGGCGAA-1	NK	3
GTGTCCTTCGAGGCTC-1	T	14
GTGTCCTTCGAGGTCC-1	NK	8
GTGTCCTTCGGAAAGC-1	T	12
GTGTCCTTCTAAACGC-1	Stromal	9
GTGTCCTTCTATACCT-1	T	12
GTGTCCTTCTCGCGGA-1	T	2
GTGTCCTTCTGTTGCC-1	T	11
GTGTCCTTCTTCACTA-1	T	11
GTGTCCTTCTTTGCAT-1	NK	17
GTGTGATAGCAGAATT-1	T	12
GTGTGATAGGAAACTT-1	B	16
GTGTGATAGGCGTAGT-1	Myeloid	10
GTGTGATAGTTCGTTG-1	NK	3
GTGTGATCAAAGGAAG-1	T	11
GTGTGATCAAGATGCG-1	Stromal	9
GTGTGATCAATGGTAA-1	T	12
GTGTGATCACGCCGAT-1	B	1
GTGTGATCAGTAGGCA-1	T	18
GTGTGATGTAAGCCTT-1	T	7
GTGTGATGTAATGCAA-1	Myeloid	10
GTGTGATGTACATGGG-1	T	15
GTGTGATGTACCAAGG-1	B	1
GTGTGATGTATCTCAG-1	NK	13
GTGTGATGTGGACTGA-1	NK	17
GTGTGATGTGTGACCC-1	T	2
GTGTGATTCACTTACT-1	T	12
GTGTGATTCATTCGGA-1	B	16
GTGTGATTCCATGACA-1	T	19
GTGTGATTCCCGGGTA-1	NK	8
GTGTGATTCCGTACGG-1	NK	6
GTGTGATTCGATAGGG-1	NK	17
GTGTGATTCGGAGTTT-1	B	1
GTGTGATTCGTGCTTC-1	T	2
GTGTGATTCTCGACAA-1	Stromal	9
GTTACGAAGCCAGAAC-1	B	1
GTTACGAAGCTGAGGT-1	NK	3
GTTACGAAGTATAGTG-1	B	16
GTTACGACACAGAAGC-1	T	11
GTTACGACAGGACCTC-1	Epithelial	4
GTTACGACAGGCTACC-1	NK	17
GTTACGAGTAGCCATT-1	NK	17
GTTACGAGTCCCGAGT-1	Myeloid	10
GTTACGAGTGGCCTTG-1	T	19
GTTACGAGTTCCAATG-1	Myeloid	10
GTTACGAGTTTGATCG-1	T	18
GTTACGATCCGCTATC-1	T	15
GTTACGATCGATGTGT-1	T	19
GTTACGATCGCCAGAC-1	T	18
GTTACGATCGTGCTTC-1	NK	6
GTTACGATCTCTATCA-1	T	18
GTTACTTAGACGTCAG-1	T	15
GTTACTTAGACTTGAA-1	NK	17
GTTACTTAGCGCACAA-1	T	18
GTTACTTAGCGTTGCC-1	B	1
GTTACTTAGGATTGCG-1	B	16
GTTACTTAGGCAAGGG-1	B	1
GTTACTTAGGTAGGCT-1	T	18
GTTACTTAGTACGCGA-1	T	5
GTTACTTAGTATGGGC-1	NK	13
GTTACTTCAAGTTGCT-1	T	12
GTTACTTGTAACTCCA-1	T	7
GTTACTTGTACATGGG-1	T	5
GTTACTTGTACGCCCA-1	NK	3
GTTACTTGTAGCCATT-1	NK	17
GTTACTTGTCCCTAAA-1	T	2
GTTACTTGTCTGAGCC-1	T	2
GTTACTTGTGTACGCC-1	B	1
GTTACTTTCCATCGAA-1	NK	8
GTTACTTTCGTTCTAT-1	T	11
GTTACTTTCTTGTACT-1	T	5
GTTATGGAGAATACTG-1	NK	6
GTTATGGAGACCATAA-1	Epithelial	4
GTTATGGAGATGGCAC-1	T	0
GTTATGGAGCGCAATG-1	NK	3
GTTATGGAGGCATGCA-1	Myeloid	10
GTTATGGAGTCTCTAG-1	T	19
GTTATGGAGTTGTCCA-1	T	11
GTTATGGCACAGATGG-1	B	16
GTTATGGCAGGTAGCA-1	NK	6
GTTATGGGTAGCTGTT-1	NK	13
GTTATGGGTAGGTCTT-1	Stromal	9
GTTATGGGTCAACTAC-1	T	14
GTTATGGGTCCGTCGA-1	B	1
GTTATGGGTTATGCAC-1	Stromal	9
GTTATGGTCACTCGGG-1	T	18
GTTATGGTCCAGTACA-1	B	1
GTTATGGTCGCAAGCC-1	NK	3
GTTATGGTCGCATACA-1	B	16
GTTATGGTCGTATAGC-1	Myeloid	10
GTTATGGTCGTTCTAT-1	T	2
GTTATTCAGAACAGGA-1	B	16
GTTATTCAGACGAAAG-1	T	7
GTTATTCAGAGCTCCC-1	T	0
GTTATTCAGAGGTCCA-1	B	16
GTTATTCAGCGAGCTA-1	T	12
GTTATTCAGTATGCTC-1	B	1
GTTATTCAGTTACCAC-1	Epithelial	4
GTTATTCCAAGGACCA-1	T	7
GTTATTCCACATGATC-1	T	7
GTTATTCGTCATAGAA-1	NK	8
GTTATTCGTGCCCAGT-1	NK	17
GTTATTCTCGATGTGT-1	B	16
GTTATTCTCGCCCTTA-1	NK	3
GTTATTCTCTAAACGC-1	T	11
GTTATTCTCTGGAAGG-1	T	2
GTTATTCTCTTGGCCT-1	T	0
GTTCAAGAGACCGCAA-1	NK	17
GTTCAAGAGAGCGGTT-1	Epithelial	4
GTTCAAGAGAGTTTGA-1	NK	3
GTTCAAGAGCAGTAGC-1	Epithelial	4
GTTCAAGAGGGCGAAG-1	T	11
GTTCAAGAGGTCACTT-1	Myeloid	10
GTTCAAGAGTAGGTCG-1	T	11
GTTCAAGAGTTAGCAA-1	T	7
GTTCAAGCAACGTCGC-1	NK	3
GTTCAAGCAAGACACG-1	T	18
GTTCAAGCAAGTCTGT-1	T	12
GTTCAAGCACAGCCAC-1	Stromal	9
GTTCAAGCACCCATCT-1	T	7
GTTCAAGCAGATAAGT-1	T	7
GTTCAAGCAGCACATT-1	T	18
GTTCAAGCATACTGCA-1	T	11
GTTCAAGGTACGGATG-1	T	19
GTTCAAGGTAGGGTCA-1	B	16
GTTCAAGGTTATCGAC-1	B	16
GTTCAAGTCACCCGGA-1	NK	17
GTTCAAGTCAGTGGTT-1	T	19
GTTCAAGTCATCATGG-1	T	15
GTTCAAGTCCGTACGG-1	T	15
GTTCAAGTCGTTCAGA-1	Epithelial	4
GTTCAAGTCTTGCGCT-1	NK	3
GTTGGGCAGAATCAAC-1	NK	13
GTTGGGCAGATCCGAG-1	Myeloid	10
GTTGGGCAGCCGCAAA-1	T	5
GTTGGGCAGGGATCCA-1	T	15
GTTGGGCAGTAATGTG-1	Epithelial	4
GTTGGGCAGTCCTTCC-1	T	2
GTTGGGCAGTGAATAC-1	B	16
GTTGGGCAGTGAGCTG-1	NK	8
GTTGGGCCAAGTAACA-1	T	18
GTTGGGCCACAAACAA-1	T	19
GTTGGGCCACTGTTAG-1	NK	3
GTTGGGCCATTGTTCT-1	T	5
GTTGGGCGTCGCTACG-1	B	16
GTTGGGCTCAGGATCT-1	Myeloid	10
GTTGGGCTCAGTCACA-1	T	19
GTTGGGCTCCCGTAGG-1	T	18
GTTGGGCTCGAACCGC-1	T	15
GTTGGGCTCGAGGCTC-1	NK	8
GTTGGGCTCGAGTTAC-1	T	5
GTTGGGCTCTCCACTG-1	T	2
GTTGGTAAGAGAAGCA-1	B	16
GTTGGTAAGGCGTAGT-1	T	0
GTTGGTAAGGGCTTCC-1	NK	3
GTTGGTAAGTGGGACT-1	Stromal	9
GTTGGTACAAGGTCGA-1	NK	3
GTTGGTACAAGTCCTA-1	Epithelial	4
GTTGGTACACGTTAGT-1	NK	8
GTTGGTACACTGTTAG-1	T	12
GTTGGTACATAGATAG-1	T	12
GTTGGTACATGCGTTA-1	T	5
GTTGGTACATTACACG-1	T	7
GTTGGTAGTAGAATAC-1	B	1
GTTGGTAGTAGTCTGT-1	NK	17
GTTGGTAGTCAGCTTA-1	T	5
GTTGGTAGTGCATCAT-1	T	7
GTTGGTATCACGTGTA-1	NK	17
GTTGGTATCGTGGAAG-1	T	7
GTTGGTATCGTGGCGT-1	T	15
TAAACCGAGGGTTCTT-1	T	12
TAAACCGAGTCAGGAC-1	NK	3
TAAACCGAGTCGCCTG-1	T	2
TAAACCGAGTCTAGAA-1	T	5
TAAACCGAGTGCACAG-1	Myeloid	10
TAAACCGCAGCAACAG-1	Stromal	9
TAAACCGCAGCGTAGA-1	T	2
TAAACCGCATCCCGGA-1	B	16
TAAACCGCATTACCTT-1	B	16
TAAACCGGTACGCCCA-1	Myeloid	10
TAAACCGGTAGGTGAC-1	NK	17
TAAACCGGTCAGCTTA-1	NK	3
TAAACCGGTGCATTCA-1	NK	13
TAAACCGGTGTCCCAG-1	B	16
TAAACCGGTTGCCGCA-1	Myeloid	10
TAAACCGGTTTGAAGA-1	Epithelial	4
TAAACCGTCCAACCTC-1	NK	3
TAAACCGTCCATCATT-1	T	11
TAAACCGTCGCTAGTA-1	B	1
TAAACCGTCGGAAAGC-1	T	0
TAACAGCAGCACCATT-1	B	16
TAACAGCAGCCCATTA-1	NK	17
TAACAGCAGGATTTGA-1	NK	8
TAACAGCAGTGCTAGG-1	T	18
TAACAGCCAAGGTCGA-1	B	1
TAACAGCCAGGTTATC-1	NK	13
TAACAGCCATTAACGC-1	Myeloid	10
TAACAGCCATTGCCTC-1	NK	13
TAACAGCGTAGATTAG-1	T	0
TAACAGCGTCAATCCA-1	NK	13
TAACAGCGTGCTTACA-1	NK	3
TAACAGCGTTCTACGA-1	B	16
TAACAGCTCACTGATG-1	T	12
TAACAGCTCAGTCACA-1	T	0
TAACAGCTCCCTACGT-1	T	14
TAACAGCTCTCCACTG-1	Epithelial	4
TAACGGTAGCACGTAG-1	T	15
TAACGGTAGCTCCATA-1	NK	8
TAACGGTAGGCAGATC-1	T	18
TAACGGTAGGCGTAGT-1	T	0
TAACGGTAGTTTACGC-1	B	16
TAACGGTCAACGACAG-1	T	7
TAACGGTCAAGTAACA-1	T	5
TAACGGTCAATAGTGA-1	B	16
TAACGGTCACCCTTAC-1	T	18
TAACGGTCACTCCTCA-1	NK	6
TAACGGTCAGGATGTG-1	B	1
TAACGGTCAGGGTACA-1	T	7
TAACGGTCAGTCAGAG-1	NK	17
TAACGGTCATACCCGG-1	T	5
TAACGGTCATCACAAC-1	T	15
TAACGGTCATGTCCCT-1	Epithelial	4
TAACGGTCATTACCTT-1	NK	8
TAACGGTCATTGCCTC-1	B	16
TAACGGTGTAGACACG-1	B	1
TAACGGTGTAGATTAG-1	T	12
TAACGGTGTGAGTCGA-1	T	12
TAACGGTGTTATCGAC-1	Epithelial	4
TAACGGTGTTCCCGGA-1	T	15
TAACGGTTCATCGCAA-1	T	7
TAACGGTTCCCAATAG-1	T	19
TAACGGTTCCCGTATC-1	T	2
TAACGGTTCGATGAAA-1	T	12
TAACGGTTCTAGCAGT-1	Epithelial	4
TAACGGTTCTCTTCCT-1	T	15
TAACGGTTCTGGGCGT-1	NK	3
TAACTTCAGAGCACTG-1	T	5
TAACTTCAGAGGCCTA-1	T	15
TAACTTCAGCCATGGA-1	Stromal	9
TAACTTCAGGCAAGCT-1	B	1
TAACTTCAGGGTCCCT-1	T	12
TAACTTCCAAACGACG-1	B	1
TAACTTCCACCGATCG-1	T	18
TAACTTCCACGCTCAG-1	T	11
TAACTTCCAGGTGTGA-1	T	11
TAACTTCCATACTGCA-1	B	16
TAACTTCCATTTGTTC-1	T	18
TAACTTCGTAGATTAG-1	T	19
TAACTTCGTATGGGTG-1	T	14
TAACTTCGTCCATTGA-1	NK	17
TAACTTCGTCTGATTG-1	T	11
TAACTTCGTGCCCAGT-1	T	14
TAACTTCTCACTCCCA-1	Epithelial	4
TAACTTCTCGCTCTAC-1	T	5
TAACTTCTCTCCTTAA-1	T	7
TAACTTCTCTGACATG-1	T	0
TAAGCCAAGAAACGCC-1	Stromal	9
TAAGCCAAGCCATTCA-1	NK	17
TAAGCCACAACTACTG-1	NK	17
TAAGCCACAAGACACG-1	T	0
TAAGCCACAAGCCTTA-1	T	18
TAAGCCACAATGATGA-1	T	7
TAAGCCACACTGTCAA-1	Epithelial	4
TAAGCCACAGGCAGAT-1	NK	3
TAAGCCACAGGTGGTA-1	NK	8
TAAGCCACATCCTGGG-1	B	1
TAAGCCAGTGCGTTTA-1	B	16
TAAGCCAGTTGGCGAA-1	T	18
TAAGCCATCCCAATGA-1	T	19
TAAGCCATCCGCGATG-1	T	14
TAAGCCATCCTTCGAC-1	NK	17
TAAGCCATCGTGCTGG-1	NK	17
TAAGTGCAGATGGGAA-1	T	18
TAAGTGCAGCACACCC-1	B	1
TAAGTGCAGGCATGCA-1	T	15
TAAGTGCCAAATGTCC-1	T	18
TAAGTGCCAATCATCG-1	Stromal	9
TAAGTGCCACAAGTGG-1	T	12
TAAGTGCCACAGAAGC-1	B	1
TAAGTGCCAGTGGTCC-1	T	7
TAAGTGCCATGCTATG-1	T	11
TAAGTGCCATTATGGC-1	NK	3
TAAGTGCGTCAGTGTT-1	T	12
TAAGTGCGTTTGTCTT-1	T	0
TAAGTGCTCAAAGTAG-1	Stromal	9
TAAGTGCTCAATTCCT-1	NK	13
TAAGTGCTCACTCCCA-1	B	1
TAAGTGCTCATTGCCC-1	NK	8
TAAGTGCTCCAGTTAG-1	Epithelial	4
TAAGTGCTCCCATAGA-1	T	11
TAAGTGCTCGAGGCTC-1	T	7
TAAGTGCTCTATCTTG-1	T	0
TAATCGGAGATAGGTT-1	NK	17
TAATCGGAGCCAGAAC-1	T	18
TAATCGGAGCGAATAT-1	NK	17
TAATCGGAGCTATCGT-1	NK	13
TAATCGGAGTCGTATC-1	T	18
TAATCGGCAACGCAAG-1	T	14
TAATCGGCAACTCAAC-1	NK	6
TAATCGGCATCAACTG-1	NK	17
TAATCGGCATGGTTTG-1	T	5
TAATCGGCATGTATCG-1	T	12
TAATCGGGTGCCCTAG-1	B	16
TAATCGGGTGTGCTTA-1	T	18
TAATCGGGTTTAGAAG-1	T	12
TAATCGGGTTTAGGAA-1	B	16
TAATCGGTCGCAACTA-1	T	7
TAATCGGTCGGGATCC-1	NK	3
TAATCGGTCGTCCCAT-1	T	11
TAATCGGTCGTCGCAG-1	NK	17
TAATCGGTCTCCAACC-1	T	7
TAATCGGTCTCGCGGA-1	T	12
TAATCGGTCTTGTCGC-1	NK	17
TAATTCCAGAAGCCGT-1	T	7
TAATTCCAGAATCAAC-1	T	19
TAATTCCAGCAGAATT-1	T	7
TAATTCCAGCCTGGTC-1	Epithelial	4
TAATTCCAGGAAGACA-1	NK	17
TAATTCCAGGATGTCG-1	B	1
TAATTCCAGTACCCAT-1	T	2
TAATTCCCAAAGAGAG-1	B	16
TAATTCCCAACGGGTA-1	T	12
TAATTCCCAATAGCGG-1	T	19
TAATTCCCAATAGTGA-1	B	1
TAATTCCCACTGCTTC-1	T	12
TAATTCCCAGCGCGTT-1	NK	17
TAATTCCCAGGCACAA-1	NK	13
TAATTCCCATCGCTAA-1	T	5
TAATTCCGTACAAGCG-1	NK	17
TAATTCCGTCCCTAAA-1	T	2
TAATTCCGTGCCCTAG-1	NK	13
TAATTCCGTGGTGGTA-1	T	2
TAATTCCGTTAACCGT-1	T	11
TAATTCCTCAATGCAC-1	T	15
TAATTCCTCAATTCCT-1	Stromal	9
TAATTCCTCGTCTAGA-1	B	1
TACAGCAAGAATATCG-1	T	2
TACAGCAAGATGGCAC-1	T	0
TACAGCAAGCCCATGC-1	T	0
TACAGCAAGCCCATTA-1	T	0
TACAGCAAGCTACGCC-1	NK	17
TACAGCAAGTGATCTC-1	NK	17
TACAGCACAAACGACG-1	Stromal	9
TACAGCACAACCTCCT-1	Myeloid	10
TACAGCACACAAGGGT-1	Stromal	9
TACAGCACACATAAAG-1	NK	8
TACAGCACACCCTTTG-1	T	19
TACAGCACATCCCTCA-1	T	14
TACAGCACATCGAGTT-1	B	16
TACAGCAGTACAACGG-1	NK	8
TACAGCAGTAGGGTTG-1	NK	8
TACAGCAGTAGTCCAT-1	T	2
TACAGCAGTATTGTCG-1	NK	17
TACAGCAGTCAAGACG-1	T	15
TACAGCAGTCATAGCT-1	T	18
TACAGCAGTGCTAGTT-1	T	11
TACAGCAGTGGTTCTA-1	B	16
TACAGCAGTTTCGATG-1	T	2
TACAGCATCCATCTAT-1	B	1
TACAGCATCGATGCAT-1	B	16
TACAGCATCGGTCGAC-1	T	12
TACAGCATCTATCTAC-1	T	0
TACATGGAGGCCTAAG-1	Epithelial	4
TACATGGAGGGCATTG-1	T	2
TACATGGAGTCGCCTG-1	B	1
TACATGGAGTCTTAGC-1	T	2
TACATGGCAACATAAG-1	T	15
TACATGGCACGCCGAT-1	T	11
TACATGGCAGGACTGA-1	T	12
TACATGGCATACCCGG-1	NK	6
TACATGGCATCATGTG-1	NK	3
TACATGGCATGTGAGG-1	B	16
TACATGGGTAACGGTG-1	NK	13
TACATGGGTATCAGCT-1	T	15
TACATGGGTATGGTTC-1	T	7
TACATGGGTCCTTCAC-1	T	5
TACATGGGTCTAAAGA-1	Epithelial	4
TACATGGGTGCTGTGC-1	T	0
TACATGGGTTAGCTCA-1	T	7
TACATGGGTTTGACCA-1	B	16
TACATGGTCCAACAAC-1	T	0
TACATGGTCCCATAGA-1	NK	8
TACATGGTCCGGAAAG-1	B	16
TACATGGTCTGGGCGT-1	NK	8
TACATTCAGAACGTTA-1	T	15
TACATTCAGAGGTACC-1	T	7
TACATTCAGGAGGCGA-1	T	15
TACATTCAGGTACATA-1	Epithelial	4
TACATTCAGTACCCAT-1	B	16
TACATTCAGTTACCAC-1	T	11
TACATTCAGTTTGGAA-1	T	7
TACATTCCAACCTCCT-1	NK	6
TACATTCCAAGAGCGT-1	T	18
TACATTCCAAGCCCTG-1	T	0
TACATTCCAAGGTCGA-1	NK	13
TACATTCCAAGTTGCT-1	T	15
TACATTCCAGTAAGAT-1	T	2
TACATTCCATAGACGG-1	NK	13
TACATTCCATTAGCCA-1	T	15
TACATTCCATTTCACT-1	NK	8
TACATTCGTAAACCCT-1	T	7
TACATTCGTAGATTAG-1	T	18
TACATTCGTATTCGCA-1	NK	13
TACATTCGTCAGGTGA-1	T	19
TACATTCGTCCGAGCT-1	Stromal	9
TACATTCGTGAATCAA-1	T	18
TACATTCGTGCTGTCG-1	Myeloid	10
TACATTCGTGGACTGA-1	T	15
TACATTCGTTGTATCG-1	T	0
TACATTCGTTGTCGGC-1	NK	8
TACATTCTCAAGTTGC-1	NK	17
TACATTCTCCAGAGAG-1	Epithelial	4
TACATTCTCCTAAGTG-1	Myeloid	10
TACATTCTCGGCTATA-1	Epithelial	4
TACATTCTCGTCTAGA-1	T	5
TACATTCTCTGTTTAC-1	NK	3
TACCCTGAGGGTATCG-1	NK	17
TACCCTGAGGTTCGAG-1	T	18
TACCCTGAGTACAGAT-1	NK	8
TACCCTGAGTCAGGAC-1	T	15
TACCCTGAGTCGCCTG-1	T	18
TACCCTGCAACCTCTC-1	T	18
TACCCTGCAAGCCAGA-1	T	14
TACCCTGCAAGTGGCA-1	T	5
TACCCTGCATGCCTTC-1	T	5
TACCCTGCATTATGGC-1	T	15
TACCCTGGTAGACACG-1	T	0
TACCCTGGTAGAGAGA-1	T	12
TACCCTGGTCGACTGC-1	T	19
TACCCTGGTGATGCGA-1	NK	8
TACCCTGGTGCTTACA-1	T	18
TACCCTGGTTTGCCCT-1	Myeloid	10
TACCCTGTCCATAGGT-1	NK	3
TACCCTGTCCTCCCAA-1	Myeloid	10
TACCCTGTCGCTAGTA-1	NK	3
TACCCTGTCGGACGAA-1	T	15
TACCCTGTCGTCGCAG-1	T	0
TACCCTGTCTCTCAAT-1	B	1
TACCTATAGGAGTACC-1	T	0
TACCTATAGGCCTAAG-1	NK	17
TACCTATAGGTTCTCA-1	NK	3
TACCTATAGTCATCTG-1	T	15
TACCTATCACGGCCAT-1	NK	17
TACCTATCACTCCCAT-1	Epithelial	4
TACCTATCATCCTGGG-1	B	16
TACCTATCATGATTGC-1	Myeloid	10
TACCTATCATGGAGGT-1	T	7
TACCTATGTACTTCAG-1	NK	3
TACCTATGTAGCCATT-1	T	11
TACCTATGTAGCGAGT-1	T	0
TACCTATGTCAGTGTT-1	T	12
TACCTATGTGCTTCCT-1	T	15
TACCTATGTTCCATCC-1	B	16
TACCTATGTTCCCTTG-1	NK	17
TACCTATTCAAACCAC-1	T	2
TACCTATTCAGTGTAC-1	B	16
TACCTATTCCAACAAC-1	T	18
TACCTATTCGACTTAG-1	T	18
TACCTATTCGGAGTTT-1	T	7
TACCTATTCTGCTACC-1	B	1
TACCTCGAGGTGATGC-1	NK	17
TACCTCGAGTATGGGC-1	Epithelial	4
TACCTCGAGTCGTGAG-1	NK	13
TACCTCGCAACTCGTA-1	Myeloid	10
TACCTCGCATGGGAAC-1	B	1
TACCTCGGTCACAGGA-1	T	0
TACCTCGGTGATTCCA-1	B	16
TACCTCGGTGCATCAT-1	T	12
TACCTCGGTTCATTTC-1	T	12
TACCTCGTCATTGCCC-1	T	12
TACCTCGTCCATCATT-1	T	14
TACCTCGTCCCATAGA-1	NK	17
TACCTCGTCCTTTGCG-1	T	2
TACCTCGTCGCAGATT-1	T	7
TACCTCGTCGGTTAGT-1	NK	17
TACCTCGTCTCTGAGA-1	T	15
TACGCAAAGAAGACTT-1	T	11
TACGCAAAGCGCAATG-1	T	2
TACGCAAAGGCAGTAC-1	NK	13
TACGCAAAGGTCTTGT-1	T	12
TACGCAAAGGTTCGAG-1	Epithelial	4
TACGCAACAAATGTCC-1	NK	17
TACGCAACAACAACTC-1	Myeloid	10
TACGCAACAAGGATGC-1	T	11
TACGCAACACAAGGGT-1	B	1
TACGCAACACCGTTGG-1	T	18
TACGCAACACTACACA-1	T	0
TACGCAACAGAAGTGC-1	T	2
TACGCAACAGATGGCA-1	NK	3
TACGCAACAGCTTACA-1	NK	3
TACGCAACATCACAAC-1	NK	17
TACGCAACATCCGTGG-1	T	0
TACGCAACATCGTACA-1	T	15
TACGCAACATGGCCGT-1	NK	17
TACGCAACATGTGAGG-1	T	5
TACGCAAGTCCCTAAA-1	NK	17
TACGCAAGTGCTGGCT-1	T	12
TACGCAAGTTGTATCG-1	NK	6
TACGCAATCCAGTTAG-1	NK	17
TACGCAATCCCGTAGG-1	NK	17
TACGCAATCGATGTAC-1	T	7
TACGCAATCGCCACTT-1	NK	13
TACGCAATCTTAAGCG-1	T	2
TACGCCTAGAAATACC-1	T	11
TACGCCTAGATATGTG-1	NK	8
TACGCCTAGCATTCCA-1	T	5
TACGCCTAGGATATCA-1	T	11
TACGCCTAGGATGCCA-1	Myeloid	10
TACGCCTAGGCGCTTC-1	B	1
TACGCCTAGGGTATCG-1	T	7
TACGCCTAGTATACGA-1	B	1
TACGCCTAGTCCGGAA-1	B	16
TACGCCTAGTGAGCTG-1	B	16
TACGCCTAGTTAGCGG-1	NK	3
TACGCCTCAACTCCCT-1	T	11
TACGCCTCACACACAT-1	NK	13
TACGCCTCAGAACTTC-1	T	11
TACGCCTCATACCCGG-1	NK	6
TACGCCTCATCTCACC-1	B	16
TACGCCTGTAATGCCT-1	T	15
TACGCCTGTCACATTG-1	B	1
TACGCCTGTGAGTAAT-1	T	15
TACGCCTGTTCACGTA-1	NK	3
TACGCCTGTTGCCGCA-1	B	16
TACGCCTGTTTGTACG-1	NK	3
TACGCCTTCATTGCCC-1	T	18
TACGCCTTCTAGTCGA-1	T	2
TACGCCTTCTGGACAT-1	T	12
TACGCCTTCTTTGCAT-1	NK	8
TACGGATAGCACCATT-1	T	18
TACGGATAGGCAGTGT-1	Myeloid	10
TACGGATAGGCATGCA-1	NK	17
TACGGATCAAATTCCG-1	T	2
TACGGATCAAATTGAG-1	T	12
TACGGATCAAGCTTTG-1	T	18
TACGGATCAAGGATGC-1	B	16
TACGGATCAATGGTCT-1	T	2
TACGGATCAATTCTCT-1	T	0
TACGGATCACCCTTAC-1	T	19
TACGGATCATGCGACC-1	B	1
TACGGATCATTGCGAT-1	T	19
TACGGATGTAACCCAT-1	Stromal	9
TACGGATGTTATAGAG-1	B	16
TACGGATGTTGCAGAG-1	T	12
TACGGATTCAAAGTAG-1	T	14
TACGGATTCAGTCACA-1	Myeloid	10
TACGGATTCCAACAAC-1	B	16
TACGGATTCCCATAGA-1	Epithelial	4
TACGGATTCCCTAAAG-1	NK	3
TACGGATTCGGTTAGT-1	T	15
TACGGATTCGTTTGAG-1	T	11
TACGGATTCTCTATCA-1	T	15
TACGGATTCTGATCTT-1	Stromal	9
TACTAGGAGAGCCTGA-1	T	12
TACTAGGAGATTCCGT-1	NK	17
TACTAGGAGTGTCACT-1	T	2
TACTAGGAGTTACACC-1	NK	17
TACTAGGAGTTTACGC-1	B	1
TACTAGGCAAACCTAC-1	T	15
TACTAGGCAAGTCTGT-1	NK	17
TACTAGGCACATGATC-1	T	5
TACTAGGCAGTTACAC-1	T	12
TACTAGGGTCAGAAGC-1	NK	17
TACTAGGGTCATGAGG-1	NK	3
TACTAGGGTGATGTGG-1	NK	8
TACTAGGGTGTTTCTT-1	T	19
TACTAGGTCACCGCGA-1	B	1
TACTAGGTCCAACAAC-1	T	19
TACTCGCAGCGATACG-1	T	11
TACTCGCAGCGTCTGC-1	B	1
TACTCGCAGCTGGAGT-1	Stromal	9
TACTCGCAGGCATGCA-1	NK	17
TACTCGCAGGTGAACC-1	NK	8
TACTCGCAGTGAAGGA-1	NK	17
TACTCGCCACTCGTGG-1	T	7
TACTCGCCATAGCCAT-1	T	7
TACTCGCGTATGTTCG-1	T	2
TACTCGCGTCAAACAA-1	T	14
TACTCGCGTCAAGACG-1	T	14
TACTCGCGTCTAACCA-1	T	19
TACTCGCGTCTGGGCT-1	T	19
TACTCGCGTGATAAGT-1	T	2
TACTCGCGTGTGTGCC-1	T	18
TACTCGCGTTGGCTTA-1	T	19
TACTCGCTCACCGCGA-1	T	11
TACTCGCTCCAAGAGG-1	Stromal	9
TACTCGCTCGCCAGAC-1	NK	8
TACTCGCTCGCGTGAC-1	T	11
TACTCGCTCGGGACAA-1	T	18
TACTCGCTCGGTACTA-1	T	18
TACTCGCTCTACTTTG-1	T	15
TACTCGCTCTCTATCA-1	NK	3
TACTGCCAGAAGGGCG-1	Stromal	9
TACTGCCAGAGCGAAA-1	T	15
TACTGCCAGATGCGCA-1	NK	3
TACTGCCAGCAACTGG-1	T	7
TACTGCCAGCGAGAAA-1	T	11
TACTGCCAGCTAACAA-1	T	15
TACTGCCAGCTACGTT-1	T	11
TACTGCCAGTAGCAAT-1	NK	17
TACTGCCAGTCAACTC-1	T	19
TACTGCCAGTGCACAG-1	NK	3
TACTGCCCAACAAACA-1	T	14
TACTGCCCAACGCAAG-1	NK	17
TACTGCCCAAGGGAGG-1	B	16
TACTGCCCAATGCACT-1	T	19
TACTGCCCACAATAAG-1	B	1
TACTGCCCACATTCTT-1	T	2
TACTGCCGTACTTCAG-1	NK	17
TACTGCCGTCTGGTCG-1	B	1
TACTGCCGTGCTGAAG-1	B	16
TACTGCCGTTACGCTA-1	T	5
TACTGCCGTTCTTATC-1	T	7
TACTGCCTCATGCTTT-1	Stromal	9
TACTGCCTCGTATAGC-1	NK	17
TACTGCCTCGTGGCGT-1	NK	8
TACTGCCTCTTATCAC-1	T	0
TAGACTGAGCGCCTAC-1	Epithelial	4
TAGACTGAGCTGAGGT-1	Epithelial	4
TAGACTGAGTAATCAG-1	NK	8
TAGACTGCACAGATGG-1	B	1
TAGACTGCAGGCACAA-1	Stromal	9
TAGACTGCATATTGGC-1	NK	8
TAGACTGCATGCCTTC-1	Epithelial	4
TAGACTGCATGGAGGT-1	T	12
TAGACTGGTATGTTCG-1	T	0
TAGACTGGTTGCTTGA-1	Epithelial	4
TAGACTGGTTTAGAAG-1	NK	8
TAGACTGTCTATGAGC-1	T	5
TAGACTGTCTCAGATG-1	T	0
TAGACTGTCTCATATC-1	T	12
TAGCACAAGAGAAGCA-1	NK	13
TAGCACAAGCGCCTAC-1	NK	8
TAGCACAAGTATGGGC-1	NK	8
TAGCACAAGTTTACGC-1	T	7
TAGCACACAAGCCTTA-1	T	0
TAGCACACACAGCTTA-1	T	18
TAGCACACACATTGCA-1	T	19
TAGCACACAGCAATGG-1	B	16
TAGCACACAGCGTCGT-1	NK	13
TAGCACACATATACGC-1	NK	17
TAGCACACATGGCCTG-1	T	14
TAGCACACATGGGAAC-1	T	0
TAGCACACATTGAACC-1	T	18
TAGCACAGTAGCGAGT-1	T	14
TAGCACAGTATTCTTC-1	T	19
TAGCACAGTCTGGGAA-1	NK	13
TAGCACAGTGAGTTGG-1	Epithelial	4
TAGCACAGTGCTTTGA-1	T	15
TAGCACATCACTAGCA-1	B	16
TAGCACATCATCGCCT-1	B	1
TAGCACATCCCAGCGA-1	NK	13
TAGCACATCCGGACTG-1	NK	17
TAGCACATCCGTTAGA-1	Stromal	9
TAGCACATCCTAGAGT-1	T	12
TAGCACATCCTTCGAC-1	T	12
TAGCATGAGAGCCACA-1	T	11
TAGCATGAGAGCCTGA-1	NK	8
TAGCATGAGCGCCTAC-1	T	2
TAGCATGAGGCCTAAG-1	T	18
TAGCATGAGGCTTAAA-1	T	18
TAGCATGAGGTCTTTG-1	NK	17
TAGCATGAGTATACCC-1	B	16
TAGCATGAGTATACGA-1	NK	8
TAGCATGAGTTGTCCA-1	Epithelial	4
TAGCATGCAAGTAATG-1	T	18
TAGCATGCAATTAGGA-1	T	0
TAGCATGCACATAAAG-1	NK	8
TAGCATGCACCACAGC-1	NK	13
TAGCATGCACGCTGTG-1	B	16
TAGCATGCACTCAGCG-1	NK	3
TAGCATGCAGGTAGCA-1	NK	13
TAGCATGCATGGATGG-1	T	12
TAGCATGCATGGGACA-1	NK	17
TAGCATGCATTACCTT-1	NK	17
TAGCATGCATTTGGTG-1	T	2
TAGCATGGTTCACGTA-1	T	12
TAGCATGTCACACGTA-1	T	2
TAGCATGTCCCACTTG-1	T	7
TAGCATGTCCCGATTC-1	T	2
TAGCATGTCCGATGCG-1	T	0
TAGCATGTCCTGACCT-1	B	16
TAGCATGTCGCCAGAC-1	T	0
TAGCATGTCGGCAATT-1	B	16
TAGCATGTCGTCAACA-1	T	19
TAGCATGTCTCCACTG-1	NK	8
TAGCATGTCTCTTCCT-1	NK	3
TAGCCCTAGAGTAAGG-1	T	18
TAGCCCTAGCTATCCA-1	NK	3
TAGCCCTAGGGCTTCC-1	NK	8
TAGCCCTAGTGAAGGA-1	T	12
TAGCCCTCAAACAGTA-1	NK	17
TAGCCCTCAACGTCGC-1	T	11
TAGCCCTCACGATATC-1	NK	8
TAGCCCTCACGCGTTG-1	NK	17
TAGCCCTCACGGTTAT-1	T	15
TAGCCCTCAGCAACAG-1	T	15
TAGCCCTCATTCACGA-1	NK	6
TAGCCCTCATTCCCGT-1	NK	3
TAGCCCTGTAATGTGA-1	B	1
TAGCCCTGTCTGGTTA-1	Myeloid	10
TAGCCCTGTGCAGACA-1	B	1
TAGCCCTGTTTCCGGG-1	B	1
TAGCCCTTCCAACAAC-1	NK	17
TAGCCCTTCGGTAGGA-1	T	2
TAGCCCTTCTCAGATG-1	NK	13
TAGCCCTTCTCATCCG-1	T	2
TAGCCGGAGCGCATTT-1	T	2
TAGCCGGAGCTGAATA-1	T	0
TAGCCGGCAATGGTCT-1	T	7
TAGCCGGCATTCACCC-1	T	2
TAGCCGGGTCTGGTCG-1	T	0
TAGCCGGGTGTCGTCG-1	Stromal	9
TAGCCGGTCCAAGTCA-1	T	0
TAGCCGGTCCCACTAC-1	T	14
TAGCCGGTCTGACATG-1	T	5
TAGCGGCAGAAGCCTG-1	NK	8
TAGCGGCAGCCTGTAT-1	T	2
TAGCGGCAGCGAGAAA-1	B	16
TAGCGGCAGGCGTCCT-1	NK	6
TAGCGGCAGGCTGGAT-1	NK	17
TAGCGGCAGTAGGAAG-1	NK	8
TAGCGGCAGTGAATAC-1	NK	8
TAGCGGCAGTGTAATG-1	B	16
TAGCGGCCAAGAGATT-1	T	14
TAGCGGCCAAGGAACC-1	T	2
TAGCGGCCAAGGTCGA-1	T	18
TAGCGGCCAATCACTG-1	NK	17
TAGCGGCCACAAGGGT-1	Epithelial	4
TAGCGGCCACGGTTAT-1	NK	6
TAGCGGCCACTGTCAA-1	T	11
TAGCGGCCAGCAAACG-1	T	15
TAGCGGCCAGCGTAGA-1	T	18
TAGCGGCCAGGTGGTA-1	B	16
TAGCGGCCATCTCACC-1	T	11
TAGCGGCGTCCAAGTT-1	T	5
TAGCGGCGTGGTGGTA-1	NK	17
TAGCGGCGTTCGGGAA-1	T	14
TAGCGGCGTTCTTTGT-1	Myeloid	10
TAGCGGCTCACCCGGA-1	NK	17
TAGCGGCTCATCGCTC-1	NK	3
TAGCGGCTCGGTCTAA-1	NK	17
TAGCGGCTCTAGCAGT-1	T	2
TAGCTTTAGAGAAGCA-1	T	19
TAGCTTTAGAGGCCTA-1	T	15
TAGCTTTCAAAGGAAG-1	B	16
TAGCTTTCAAGCTTTG-1	B	16
TAGCTTTCAGAAAGAG-1	T	0
TAGCTTTCAGCAACCC-1	Stromal	9
TAGCTTTCAGTAAGCG-1	NK	13
TAGCTTTCATCGCCTT-1	T	19
TAGCTTTCATGACTGT-1	B	1
TAGCTTTCATGCCTTC-1	NK	3
TAGCTTTCATGTGGGA-1	T	12
TAGCTTTGTGGCCTCA-1	T	18
TAGCTTTGTGTTAGAA-1	Epithelial	4
TAGCTTTTCCTAAAGC-1	T	7
TAGCTTTTCGCGTGAC-1	T	7
TAGCTTTTCGCGTTCT-1	Myeloid	10
TAGCTTTTCGTGAACT-1	NK	17
TAGGAGGAGACACGGT-1	B	16
TAGGAGGAGCGCAATG-1	T	15
TAGGAGGAGCTATCGT-1	NK	13
TAGGAGGAGGCAATTA-1	B	1
TAGGAGGAGGTTACAA-1	T	7
TAGGAGGAGTAGCAAT-1	NK	17
TAGGAGGCAATTGGCT-1	NK	8
TAGGAGGCACGCTCAG-1	Epithelial	4
TAGGAGGCACTCGCAG-1	NK	13
TAGGAGGCAGCGTCGT-1	NK	3
TAGGAGGCAGGCATTT-1	NK	6
TAGGAGGGTACGCAAG-1	B	1
TAGGAGGGTACGGAGT-1	NK	17
TAGGAGGGTCAACTGT-1	Myeloid	10
TAGGAGGGTCAAGACG-1	Stromal	9
TAGGAGGGTCCAAGTT-1	B	1
TAGGAGGGTGCGACCT-1	T	0
TAGGAGGGTGTGTGCC-1	T	0
TAGGAGGGTTTAAGGA-1	T	7
TAGGAGGGTTTCCTAT-1	Epithelial	4
TAGGAGGGTTTGACCA-1	T	0
TAGGAGGTCAGAACGG-1	NK	17
TAGGAGGTCAGCACGC-1	T	18
TAGGAGGTCCATAGGT-1	T	7
TAGGAGGTCCGTGCAG-1	NK	13
TAGGAGGTCGTGATAC-1	T	7
TAGGAGGTCGTTACAG-1	T	15
TAGGAGGTCTAAACGC-1	T	15
TAGGAGGTCTCTGTTA-1	Myeloid	10
TAGGAGGTCTGAGTAC-1	T	15
TAGGAGGTCTGGACAT-1	Stromal	9
TAGGTCAAGAGTTCGG-1	T	7
TAGGTCAAGCTGATTC-1	Stromal	9
TAGGTCAAGTAGCAAT-1	T	5
TAGGTCAAGTTTACGC-1	T	0
TAGGTCACAAAGGAAG-1	B	16
TAGGTCACAAGGCTTT-1	Stromal	9
TAGGTCACATTGCACA-1	B	1
TAGGTCAGTACCTATG-1	T	19
TAGGTCAGTCATAGAA-1	B	16
TAGGTCAGTTTAGGAA-1	NK	17
TAGGTCATCAGGATCT-1	T	2
TAGGTCATCAGTACAC-1	NK	17
TAGGTCATCCATGTTT-1	T	0
TAGGTCATCTTGCGCT-1	Epithelial	4
TAGGTGTAGAACGCCA-1	Stromal	9
TAGGTGTAGAACTCCT-1	NK	3
TAGGTGTAGACCTATC-1	T	5
TAGGTGTAGCCATTCA-1	NK	8
TAGGTGTAGCGTTGCC-1	NK	13
TAGGTGTAGGCGATTG-1	NK	3
TAGGTGTCAATTAGGA-1	T	7
TAGGTGTCACAACGGA-1	T	12
TAGGTGTCAGTGCTCG-1	NK	3
TAGGTGTCATTCTCGC-1	B	16
TAGGTGTGTATACGCT-1	T	12
TAGGTGTGTCGCTAGC-1	T	7
TAGGTGTGTCTCTAAG-1	T	2
TAGGTGTGTCTGAGCC-1	T	5
TAGGTGTGTGTGTGCC-1	T	15
TAGGTGTGTTCCAGTA-1	T	2
TAGGTGTTCAGTCACA-1	B	1
TAGGTGTTCCCGCAAG-1	NK	6
TAGGTGTTCCCTAAAG-1	T	12
TAGGTGTTCGACGGAA-1	T	19
TAGTCCCAGAACGTCG-1	T	11
TAGTCCCAGCGTTAGG-1	NK	6
TAGTCCCAGGCCTAAG-1	Epithelial	4
TAGTCCCAGGCTCAGA-1	T	2
TAGTCCCAGGCTCCTG-1	Epithelial	4
TAGTCCCAGTGATCTC-1	NK	13
TAGTCCCCAATGGTAA-1	NK	13
TAGTCCCCAGCCACGT-1	Stromal	9
TAGTCCCCAGTGGTCC-1	T	12
TAGTCCCCATAGCCGC-1	T	14
TAGTCCCCATGGAGGT-1	NK	13
TAGTCCCGTAGCGGTA-1	Epithelial	4
TAGTCCCGTAGCTGTT-1	T	15
TAGTCCCGTCCATTGA-1	NK	6
TAGTCCCGTTAGGAAT-1	B	16
TAGTCCCGTTCGGGAA-1	NK	6
TAGTCCCTCACGTGTA-1	B	16
TAGTCCCTCAGAATGA-1	NK	8
TAGTCCCTCATTCTCA-1	Stromal	9
TAGTCCCTCCCTACGT-1	T	7
TAGTCCCTCCTGACCT-1	B	16
TAGTCCCTCTTGTCGC-1	NK	8
TATCGAGAGACCGCAA-1	T	5
TATCGAGAGGGAAGCG-1	T	5
TATCGAGAGTCTCCAA-1	T	5
TATCGAGCAAAGACGC-1	T	14
TATCGAGCAGAGTCGA-1	T	11
TATCGAGCAGCACATT-1	NK	3
TATCGAGCATGTAGAA-1	Epithelial	4
TATCGAGGTAACGGCA-1	NK	17
TATCGAGGTATACGCT-1	T	14
TATCGAGGTCTGGTTA-1	T	12
TATCGAGGTGAGGGTT-1	T	5
TATCGAGGTGCACCCA-1	T	2
TATCGAGGTTCCAGTA-1	NK	6
TATCGAGGTTCTTTGT-1	T	2
TATCGAGGTTGCAGAG-1	B	16
TATCGAGTCAAACCCA-1	T	19
TATCGAGTCACTGGTA-1	T	7
TATCGAGTCGGGAAAC-1	Stromal	9
TATCGAGTCTGGACAT-1	T	2
TATCGAGTCTTCCGTG-1	B	16
TATCTGTAGAACAGGA-1	Stromal	9
TATCTGTAGTAGTGTA-1	NK	17
TATCTGTCAAGTAACA-1	T	15
TATCTGTCACCTATTT-1	Myeloid	10
TATCTGTCACTTATGG-1	NK	17
TATCTGTGTAGCATGG-1	NK	17
TATCTGTGTATCTCAG-1	B	1
TATCTGTGTCACATTG-1	B	1
TATCTGTGTGGAAAGA-1	NK	17
TATCTGTGTTAGAGAT-1	T	5
TATCTGTTCACGTGTA-1	T	18
TATCTGTTCATTGCCC-1	T	18
TATCTGTTCCAGGCCA-1	NK	6
TATCTGTTCCTTCGAC-1	T	5
TATCTGTTCTCTTAAC-1	T	12
TATGTGGAGATAGGTT-1	T	19
TATGTGGAGATTAGAC-1	NK	3
TATGTGGAGCCTGTAT-1	Epithelial	4
TATGTGGAGGCTCCTG-1	T	12
TATGTGGAGGTCTTTG-1	T	15
TATGTGGAGTGCTAGG-1	T	12
TATGTGGAGTTGCCGC-1	T	14
TATGTGGCAGGATAGC-1	NK	13
TATGTGGCAGGCAAGT-1	Myeloid	10
TATGTGGCAGTAAGCG-1	B	16
TATGTGGCATCATCGA-1	NK	8
TATGTGGCATGCCCTT-1	T	2
TATGTGGCATTTCACT-1	Stromal	9
TATGTGGGTAATGCAA-1	NK	3
TATGTGGGTACTAGAA-1	NK	8
TATGTGGGTCTGATTG-1	T	14
TATGTGGGTCTGCACG-1	T	14
TATGTGGGTTAAGTCC-1	T	0
TATGTGGGTTCATTTC-1	T	2
TATGTGGGTTTAAGGA-1	T	19
TATGTGGTCCCACTAC-1	B	1
TATGTGGTCGTATAGC-1	T	19
TATGTTCAGATGGCAC-1	T	14
TATGTTCAGATGGGAA-1	T	7
TATGTTCAGGATGCCA-1	Myeloid	10
TATGTTCAGGCTAAAT-1	T	14
TATGTTCCAAGGACCA-1	T	0
TATGTTCCAAGTTGCT-1	T	15
TATGTTCCACCGTCTT-1	B	16
TATGTTCCACTGTCAA-1	NK	17
TATGTTCCAGAGATGC-1	T	11
TATGTTCCAGCACATT-1	NK	17
TATGTTCCATACAACC-1	NK	17
TATGTTCCATATACGC-1	T	11
TATGTTCCATCAACTG-1	T	7
TATGTTCGTAACGGTG-1	NK	3
TATGTTCGTGCGCATC-1	B	16
TATGTTCGTGCTTACA-1	T	18
TATGTTCGTGGCCTCA-1	NK	3
TATGTTCGTGTGAGGT-1	T	12
TATGTTCTCCTCAAGA-1	Epithelial	4
TATGTTCTCGGATGTT-1	T	18
TATTGCTAGAGTAAGG-1	T	19
TATTGCTAGCAGAATT-1	Stromal	9
TATTGCTAGCATGATA-1	B	1
TATTGCTAGGGAAATG-1	B	16
TATTGCTAGGTAAGCC-1	T	12
TATTGCTAGTGTGTAA-1	B	16
TATTGCTCAATGGCTT-1	T	11
TATTGCTCACTGCTCT-1	NK	13
TATTGCTCAGGTCCTG-1	Epithelial	4
TATTGCTGTCAAATCC-1	T	15
TATTGCTGTGATGCTT-1	T	19
TATTGCTGTTACGCTA-1	NK	17
TATTGCTGTTGCAGCC-1	T	18
TATTGCTTCGAACCGC-1	B	1
TATTGCTTCTTCTTCC-1	T	5
TCAAAGCAGAGACTCG-1	NK	3
TCAAAGCAGCTATCCA-1	NK	3
TCAAAGCCAAACCTAC-1	B	1
TCAAAGCCACCACGAC-1	T	5
TCAAAGCCACCGTCTT-1	NK	6
TCAAAGCCACGTACAT-1	T	5
TCAAAGCCACTGCTCT-1	T	5
TCAAAGCCAGAGTCGA-1	T	18
TCAAAGCCAGCGCGTT-1	T	18
TCAAAGCCAGTCCTGG-1	NK	3
TCAAAGCCATGATCGT-1	T	11
TCAAAGCGTAACCGAG-1	B	16
TCAAAGCGTACGCAAG-1	NK	6
TCAAAGCGTACGGTTT-1	T	18
TCAAAGCTCACGATTG-1	B	16
TCAAAGCTCAGCCGAC-1	Myeloid	10
TCAAAGCTCAGGAAGC-1	T	14
TCAAAGCTCGAGGCTC-1	T	11
TCAAAGCTCGGATGTT-1	B	1
TCAAAGCTCGTGCTGG-1	NK	3
TCAAAGCTCTATCTCA-1	T	5
TCAAGACAGAACGTTA-1	NK	6
TCAAGACAGCACACCC-1	T	5
TCAAGACAGCATACCT-1	NK	6
TCAAGACAGCTACGCC-1	T	14
TCAAGACAGTACCTCA-1	T	0
TCAAGACAGTAGTCGG-1	T	5
TCAAGACAGTTGCCGC-1	B	1
TCAAGACCAACTCGTA-1	NK	17
TCAAGACCAAGATGCG-1	T	15
TCAAGACCAATGCACT-1	NK	8
TCAAGACCAGCCACGT-1	B	1
TCAAGACCATGGTAAA-1	T	15
TCAAGACGTATTGTCG-1	NK	8
TCAAGACGTCAACGGA-1	B	16
TCAAGACGTCACAGGA-1	NK	13
TCAAGACGTCAGTGTT-1	T	12
TCAAGACGTGATAACA-1	NK	3
TCAAGACGTTACTTTC-1	NK	17
TCAAGACTCAGGTTTG-1	NK	13
TCAAGACTCCAACGCG-1	B	16
TCAAGACTCCACTAGA-1	B	16
TCAAGACTCGCAACTA-1	B	1
TCAAGACTCGGATAGG-1	T	0
TCAAGACTCTCGACAA-1	NK	3
TCAAGACTCTCGTGAA-1	B	16
TCAAGCAAGAAAGGGT-1	T	19
TCAAGCAAGATATGTG-1	NK	17
TCAAGCAAGCCTCGCA-1	T	2
TCAAGCAAGGAGGCGA-1	B	1
TCAAGCAAGGCTCCTG-1	T	15
TCAAGCAAGTAGAAGG-1	Epithelial	4
TCAAGCAAGTCTGTGT-1	NK	8
TCAAGCAAGTTTGGAA-1	Stromal	9
TCAAGCACAACGCAAG-1	T	7
TCAAGCACAATGATGA-1	T	0
TCAAGCACAATGTAAG-1	T	11
TCAAGCACACAATAAG-1	NK	17
TCAAGCACACGATTAC-1	NK	17
TCAAGCACAGAACTTC-1	T	15
TCAAGCACAGGTCTGC-1	Myeloid	10
TCAAGCACATCACAAC-1	B	1
TCAAGCACATCATAGC-1	NK	3
TCAAGCACATGTCCCT-1	Myeloid	10
TCAAGCACATTCACCC-1	T	18
TCAAGCAGTAGTCCAT-1	NK	8
TCAAGCAGTATTCTCT-1	NK	17
TCAAGCAGTGCACTTA-1	B	16
TCAAGCAGTGTTTCTT-1	T	14
TCAAGCATCAACGTGT-1	NK	17
TCAAGCATCAGTGGTT-1	T	19
TCAAGCATCCAATCCC-1	T	7
TCAAGCATCCCAGCGA-1	B	16
TCAAGCATCTAAACGC-1	T	12
TCAAGCATCTGAAAGA-1	T	18
TCAAGCATCTTTCGAT-1	NK	6
TCAAGGTAGACCTATC-1	NK	8
TCAAGGTAGCAGAGCT-1	NK	17
TCAAGGTAGCATGATA-1	T	7
TCAAGGTAGCCCATTA-1	NK	6
TCAAGGTAGCGGACAT-1	B	1
TCAAGGTAGGAGACTC-1	NK	3
TCAAGGTAGGATGTAT-1	NK	3
TCAAGGTAGGCAATTA-1	NK	3
TCAAGGTAGGTTCGAG-1	T	2
TCAAGGTAGTCCGGAA-1	T	18
TCAAGGTAGTCCTTCC-1	NK	17
TCAAGGTAGTCGCCTG-1	T	11
TCAAGGTAGTCTCGAT-1	NK	8
TCAAGGTCAAGGAGGG-1	T	12
TCAAGGTCAATGGCAG-1	T	14
TCAAGGTCACGTACAT-1	NK	3
TCAAGGTCACGTGAAG-1	T	7
TCAAGGTCAGGTCCTG-1	NK	6
TCAAGGTCATATAGAG-1	Stromal	9
TCAAGGTCATTCACCC-1	T	11
TCAAGGTGTAAGTCTC-1	Myeloid	10
TCAAGGTGTCCGCTTT-1	T	15
TCAAGGTGTGAATACA-1	NK	17
TCAAGGTGTGATGCTT-1	T	18
TCAAGGTTCACTTACT-1	B	16
TCAAGGTTCAGGTTTG-1	NK	17
TCAAGGTTCCATGTTT-1	Epithelial	4
TCAAGGTTCCTCAAGA-1	NK	6
TCAAGGTTCCTGAAAC-1	NK	8
TCAAGGTTCGCTACCT-1	Epithelial	4
TCAAGGTTCTGTGTCC-1	NK	17
TCAATTCAGAATGCTA-1	Myeloid	10
TCAATTCAGCCTATAC-1	T	12
TCAATTCAGGAACCGT-1	NK	13
TCAATTCAGGAGTAGA-1	T	7
TCAATTCAGTCCCTCT-1	NK	3
TCAATTCAGTGAAACT-1	T	2
TCAATTCAGTGCTGAG-1	B	16
TCAATTCCAAAGGTCG-1	NK	8
TCAATTCCAAGCACTT-1	T	7
TCAATTCCACAAGTGG-1	NK	8
TCAATTCCACCATTCC-1	T	18
TCAATTCCATCGGCCA-1	T	18
TCAATTCCATTACACG-1	Stromal	9
TCAATTCGTAACTGAA-1	NK	17
TCAATTCGTACGCCCA-1	T	7
TCAATTCGTCAGAAAT-1	B	16
TCAATTCGTTAAGGGC-1	B	16
TCAATTCGTTCTTTGT-1	Epithelial	4
TCAATTCTCACAGGGA-1	NK	3
TCAATTCTCCAATCCC-1	T	19
TCAATTCTCCATGTTT-1	B	16
TCAATTCTCGATGCAT-1	T	18
TCAATTCTCGTGTGCG-1	NK	8
TCAATTCTCTATATCC-1	NK	13
TCAATTCTCTGGCCAG-1	NK	13
TCAATTCTCTGTCGGG-1	T	0
TCACAAGAGAAAGGGT-1	NK	17
TCACAAGAGAAATTCG-1	T	0
TCACAAGAGAGGCAGG-1	NK	3
TCACAAGAGCGTCTGC-1	T	15
TCACAAGAGTGCAACG-1	T	5
TCACAAGCACGTACAT-1	NK	8
TCACAAGCAGCGTGAA-1	NK	17
TCACAAGCAGGAGCAT-1	T	19
TCACAAGCAGGGTAAC-1	Myeloid	10
TCACAAGCAGTATACC-1	NK	3
TCACAAGCAGTGCTCG-1	T	5
TCACAAGCATCCCTCA-1	T	18
TCACAAGCATGCGCTG-1	T	18
TCACAAGGTAATGCAA-1	T	12
TCACAAGGTACAACGG-1	B	1
TCACAAGGTCTGGTTA-1	NK	17
TCACAAGGTCTTAGCA-1	Myeloid	10
TCACAAGGTGCATTGT-1	T	5
TCACAAGGTGCGCATC-1	NK	13
TCACAAGGTTACGGAG-1	B	16
TCACAAGGTTTCTCTA-1	NK	3
TCACAAGTCAGTCTTT-1	NK	3
TCACAAGTCATTCGGA-1	NK	17
TCACAAGTCATTGCCC-1	Stromal	9
TCACAAGTCCTCATTA-1	Stromal	9
TCACAAGTCGAGGCTC-1	B	1
TCACAAGTCGATGAAA-1	NK	3
TCACAAGTCGTGGCGT-1	T	0
TCACAAGTCTGGACAT-1	T	14
TCACAAGTCTTCTTCC-1	B	1
TCACAGAAGCTATCGT-1	B	1
TCACAGAAGGCACTAG-1	T	11
TCACAGACAAAGGCCA-1	T	19
TCACAGACAAGTTGCT-1	T	14
TCACAGACACAAGTGG-1	Epithelial	4
TCACAGACAGGAGCAT-1	Myeloid	10
TCACAGACATCCCTCA-1	NK	17
TCACAGACATTCTCGC-1	Epithelial	4
TCACAGAGTAGTCTGT-1	T	2
TCACAGAGTCATAGAA-1	B	16
TCACAGAGTCTAAAGA-1	NK	8
TCACAGAGTGCCCAGT-1	Epithelial	4
TCACAGAGTGTAGGAC-1	Epithelial	4
TCACAGATCAATGCAC-1	T	0
TCACAGATCACCACAA-1	T	11
TCACAGATCACTGGTA-1	T	18
TCACAGATCATTCGGA-1	T	0
TCACAGATCCAGGCCA-1	T	12
TCACAGATCTTCGTTA-1	T	2
TCACAGATCTTCTCTC-1	T	15
TCACCACAGCAATAAC-1	T	0
TCACCACAGCAGGAGG-1	Stromal	9
TCACCACAGCATACCT-1	NK	6
TCACCACAGCTGCTCG-1	B	16
TCACCACAGTACCACT-1	T	18
TCACCACAGTATAGTG-1	Epithelial	4
TCACCACCAAAGGTCG-1	T	11
TCACCACCACAGGAAC-1	T	11
TCACCACCACGATATC-1	B	16
TCACCACCACTACACA-1	T	18
TCACCACCATAGGCGA-1	NK	3
TCACCACCATCTCACC-1	B	16
TCACCACCATGGAGGT-1	NK	17
TCACCACGTATCTAGC-1	T	18
TCACCACGTATGAAGT-1	Epithelial	4
TCACCACGTCACAGGA-1	Stromal	9
TCACCACGTCCCGTGA-1	T	0
TCACCACTCAAGGCAG-1	NK	6
TCACCACTCAGGCGCT-1	T	0
TCACCACTCCAGAGAG-1	B	1
TCACCACTCGAACCGC-1	Myeloid	10
TCACCACTCGACCCGA-1	T	19
TCACCACTCGCAACTA-1	NK	3
TCACCACTCGCATAAC-1	B	1
TCACCACTCGCTACCT-1	B	16
TCACCACTCTGATCCC-1	NK	6
TCACCACTCTTCAGAG-1	T	14
TCACCTGAGAACAGGA-1	B	1
TCACCTGAGCCATTCA-1	NK	17
TCACCTGAGCGCATTT-1	T	19
TCACCTGAGGGAGTTC-1	B	16
TCACCTGAGTCGAAAT-1	Epithelial	4
TCACCTGCAAATGTCC-1	NK	17
TCACCTGCACGATATC-1	T	0
TCACCTGCACGTTACA-1	T	7
TCACCTGCATATAGAG-1	B	1
TCACCTGCATCAGAAA-1	Stromal	9
TCACCTGCATGGGACA-1	T	12
TCACCTGGTACAAATG-1	T	5
TCACCTGGTAGTCTGT-1	T	0
TCACCTGGTCCTATTT-1	T	0
TCACCTGGTGACAAGC-1	T	0
TCACCTGGTGCACATT-1	T	5
TCACCTGTCCAATAGC-1	T	14
TCACCTGTCTACCCGT-1	NK	8
TCACCTGTCTAGCTGA-1	NK	8
TCACCTGTCTTCGTTA-1	B	16
TCACCTGTCTTGTCGC-1	NK	3
TCACCTGTCTTTGCAT-1	T	15
TCACTCGAGAACGTCG-1	T	15
TCACTCGAGACTCGGA-1	T	0
TCACTCGAGAGCGAAA-1	Myeloid	10
TCACTCGAGCAGGACT-1	NK	3
TCACTCGAGGAAGGTA-1	T	12
TCACTCGAGGATTAAC-1	NK	13
TCACTCGAGTTGCGCC-1	T	2
TCACTCGCAAATTGAG-1	T	5
TCACTCGCAACTCCCT-1	T	2
TCACTCGCACAATAAG-1	T	12
TCACTCGCACACTAGT-1	T	14
TCACTCGCAGTAAGAT-1	NK	17
TCACTCGGTAGCCATT-1	T	7
TCACTCGGTCGATAGG-1	Epithelial	4
TCACTCGGTCGTAATC-1	B	1
TCACTCGGTGGAAGCT-1	NK	17
TCACTCGGTTCCCTTG-1	NK	3
TCACTCGGTTCTACCC-1	T	14
TCACTCGGTTTCGACA-1	Stromal	9
TCACTCGTCTGGCGCA-1	T	5
TCACTCGTCTTAGTGG-1	T	12
TCAGCTCAGACCCTAT-1	NK	17
TCAGCTCAGATGAGGA-1	Epithelial	4
TCAGCTCAGGTCTTTG-1	T	0
TCAGCTCAGTAACACA-1	Stromal	9
TCAGCTCAGTACGCGA-1	NK	17
TCAGCTCCAAGGAACC-1	T	18
TCAGCTCCAAGTAATG-1	T	18
TCAGCTCCACGCTCAG-1	B	16
TCAGCTCCACTCCTCA-1	NK	17
TCAGCTCCAGCGCGTT-1	NK	3
TCAGCTCCATTATGGC-1	NK	8
TCAGCTCGTAGCTGTT-1	T	5
TCAGCTCGTCAGAAAT-1	NK	6
TCAGCTCGTGATAGAT-1	B	16
TCAGCTCGTTACGAAA-1	NK	6
TCAGCTCGTTTGTGAC-1	T	5
TCAGCTCTCCAGGTCG-1	NK	6
TCAGCTCTCCGTTAGA-1	NK	3
TCAGCTCTCGCACCGA-1	NK	3
TCAGCTCTCTCTGTTA-1	T	7
TCAGCTCTCTGTGTCC-1	T	7
TCAGGGCAGATGCGCA-1	T	15
TCAGGGCAGCATGTGG-1	NK	8
TCAGGGCAGCGCAATG-1	Stromal	9
TCAGGGCAGGTACATA-1	T	11
TCAGGGCCAAGGAAGA-1	T	12
TCAGGGCCACCCTTAC-1	T	12
TCAGGGCCACGTTAGT-1	T	7
TCAGGGCCACTCAAGT-1	NK	13
TCAGGGCCATCTCTCG-1	NK	8
TCAGGGCCATGCCTTC-1	Myeloid	10
TCAGGGCCATGCGTTA-1	Epithelial	4
TCAGGGCGTACAAATG-1	T	18
TCAGGGCGTATGAAGT-1	B	1
TCAGGGCGTCCAACCG-1	B	1
TCAGGGCGTCTAAAGA-1	T	12
TCAGGGCGTTAGTAGA-1	Epithelial	4
TCAGGGCTCACATCCC-1	NK	8
TCAGGGCTCATCGCCT-1	Stromal	9
TCAGGGCTCGGCTATA-1	NK	8
TCAGGGCTCTATAGGC-1	T	7
TCAGGTAAGAAATGGG-1	T	0
TCAGGTAAGCAATGTA-1	T	14
TCAGGTAAGCACGTAG-1	T	19
TCAGGTAAGCGATACG-1	T	0
TCAGGTAAGGATTAAC-1	T	2
TCAGGTAAGGTTCGAG-1	T	12
TCAGGTACACTCAAGT-1	T	15
TCAGGTACATTATGGC-1	NK	6
TCAGGTAGTCACAGTT-1	T	0
TCAGGTAGTCAGCTTA-1	T	5
TCAGGTAGTGGCGCTT-1	T	15
TCAGGTAGTTCTCGAA-1	NK	17
TCAGGTAGTTTGATCG-1	Epithelial	4
TCAGGTATCAGAGTGG-1	NK	8
TCAGGTATCCATCTAT-1	T	15
TCAGGTATCGCACCGA-1	NK	3
TCAGGTATCGTTTGAG-1	B	16
TCAGGTATCTATCCTA-1	T	14
TCAGGTATCTCGTGAA-1	T	18
TCAGGTATCTTTCGAT-1	T	14
TCAGTCCAGACTCGGA-1	NK	6
TCAGTCCAGATTACGA-1	T	2
TCAGTCCAGGTTTCTG-1	T	12
TCAGTCCAGTGATCTC-1	NK	8
TCAGTCCCAGCAATGG-1	B	16
TCAGTCCCAGTATCTG-1	B	16
TCAGTCCCATTATGGC-1	Epithelial	4
TCAGTCCGTATTCGAC-1	NK	3
TCAGTCCGTGTTTCTT-1	NK	3
TCAGTCCTCCACGCTT-1	T	15
TCAGTCCTCGATCGCG-1	T	5
TCAGTCCTCGCTTGAA-1	T	18
TCAGTCCTCGGGAAAC-1	NK	17
TCAGTCCTCTTCAGAG-1	B	16
TCAGTCCTCTTGTACT-1	T	11
TCAGTTTAGCACACCC-1	NK	3
TCAGTTTAGCATGATA-1	T	11
TCAGTTTAGCGCATTT-1	NK	6
TCAGTTTAGCTCGGCT-1	Stromal	9
TCAGTTTAGCTGCTCG-1	T	11
TCAGTTTAGGCAAGCT-1	NK	17
TCAGTTTAGGTTGTTC-1	B	16
TCAGTTTAGTCTAGAA-1	T	19
TCAGTTTAGTGTTCCA-1	T	19
TCAGTTTCACATATCG-1	NK	6
TCAGTTTCACATCATG-1	T	14
TCAGTTTCATCAGCTA-1	B	16
TCAGTTTCATTGAACC-1	NK	8
TCAGTTTGTAACTCCA-1	B	16
TCAGTTTGTGGGTAGT-1	NK	17
TCAGTTTGTTTCACCC-1	NK	13
TCAGTTTTCAGTCTTT-1	B	1
TCAGTTTTCCCACGGA-1	NK	8
TCAGTTTTCTTCCACG-1	NK	17
TCCAGAAAGCGTCTGC-1	T	2
TCCAGAAAGGATTGAT-1	NK	8
TCCAGAAAGGCCAGTA-1	Epithelial	4
TCCAGAAAGTAGCAAT-1	T	11
TCCAGAAAGTGGTGTG-1	T	14
TCCAGAACAACTTGGT-1	T	19
TCCAGAACAGAGTCGA-1	T	7
TCCAGAACATAGGCGA-1	NK	17
TCCAGAACATCAGAAA-1	NK	8
TCCAGAACATGTGGGA-1	T	18
TCCAGAAGTCATTGCA-1	T	5
TCCAGAAGTCTGGGAA-1	B	1
TCCAGAATCCCTAAAG-1	Epithelial	4
TCCAGAATCGATCGCG-1	B	16
TCCAGAATCGATGCAT-1	NK	17
TCCAGAATCGCCCTTA-1	B	16
TCCAGAATCTTAATCC-1	T	0
TCCATCGAGAACGACC-1	NK	3
TCCATCGAGATATGTG-1	NK	8
TCCATCGAGCGTAGCA-1	T	15
TCCATCGAGCGTTAGG-1	T	15
TCCATCGAGCTGAATA-1	NK	8
TCCATCGAGGCCTAAG-1	B	16
TCCATCGAGGCCTCGT-1	T	7
TCCATCGCAAATGTCC-1	NK	3
TCCATCGCAATTAGGA-1	NK	3
TCCATCGCAATTGGCT-1	Stromal	9
TCCATCGCACATGATC-1	Epithelial	4
TCCATCGCAGTCCTGG-1	T	5
TCCATCGCATCGTGAT-1	NK	3
TCCATCGGTAATGTGA-1	B	16
TCCATCGGTATTCGAC-1	NK	6
TCCATCGGTCAGAGTG-1	T	18
TCCATCGTCAGGGTTT-1	NK	17
TCCATCGTCGAACACT-1	B	1
TCCATCGTCGCCAGAC-1	B	16
TCCCACAAGCATTCCA-1	T	2
TCCCACAAGGAGAACA-1	NK	3
TCCCACAAGGATTTGA-1	NK	3
TCCCACAAGGTTGTTC-1	T	19
TCCCACAAGTAGGAAG-1	B	1
TCCCACAAGTTACCAC-1	T	18
TCCCACAAGTTTACGC-1	NK	17
TCCCACAAGTTTGGAA-1	T	7
TCCCACACAAGAAACT-1	T	15
TCCCACACAAGTCCTA-1	T	5
TCCCACACACAGGTAG-1	NK	17
TCCCACACACCAAGGA-1	NK	8
TCCCACACAGCTTACA-1	NK	3
TCCCACACATAGCCGC-1	NK	8
TCCCACACATTGTTCT-1	B	1
TCCCACAGTATTCTGG-1	T	7
TCCCACAGTCCAAGTT-1	T	2
TCCCACAGTCCGTAGC-1	Myeloid	10
TCCCACAGTCTCTAAG-1	T	18
TCCCACAGTGCCCGAT-1	NK	8
TCCCACAGTGCGTAGA-1	NK	3
TCCCACAGTTAGGAAT-1	T	0
TCCCACAGTTTCAGCA-1	B	1
TCCCACATCACCCTTG-1	B	1
TCCCACATCCAATAGC-1	T	2
TCCCACATCGATATGC-1	Stromal	9
TCCCACATCGGTCCGA-1	T	0
TCCCACATCTAGCTGA-1	T	5
TCCGACTAGAACGTTA-1	T	0
TCCGACTAGACCTATC-1	Epithelial	4
TCCGACTAGAGAGTAG-1	NK	8
TCCGACTAGATCCGAG-1	NK	6
TCCGACTAGTATAGTG-1	NK	13
TCCGACTCAACTCGAT-1	NK	17
TCCGACTCACGCTAAT-1	Stromal	9
TCCGACTCAGGCATCC-1	Epithelial	4
TCCGACTCATCCCTTG-1	T	2
TCCGACTGTCAGGTGA-1	NK	8
TCCGACTGTCGCTACG-1	B	1
TCCGACTTCACTGGTA-1	NK	8
TCCGACTTCCATAGGT-1	NK	17
TCCGACTTCCGTTTCG-1	T	7
TCCGACTTCTTAATCC-1	T	7
TCGAGCGAGAACAGGA-1	T	18
TCGAGCGAGAGAAGCA-1	B	16
TCGAGCGAGCATGATA-1	NK	3
TCGAGCGAGCGGACAT-1	NK	17
TCGAGCGAGGAAGAAC-1	Myeloid	10
TCGAGCGAGGACTAGC-1	T	11
TCGAGCGAGGCTAAAT-1	T	12
TCGAGCGAGTTGCGCC-1	T	19
TCGAGCGCAATTAGGA-1	T	0
TCGAGCGCACAGTTCA-1	Stromal	9
TCGAGCGCACCGTTGG-1	NK	8
TCGAGCGCAGAAAGAG-1	NK	8
TCGAGCGCAGAACAGC-1	T	5
TCGAGCGCAGAGATGC-1	T	18
TCGAGCGCAGGAGCAT-1	NK	13
TCGAGCGCATATAGAG-1	NK	3
TCGAGCGCATTGTTCT-1	NK	6
TCGAGCGGTATTCGCA-1	Stromal	9
TCGAGCGGTCGAGGAT-1	Epithelial	4
TCGAGCGGTGCTGTGC-1	T	0
TCGAGCGGTTTCGTTT-1	NK	6
TCGAGCGTCGTCTTAT-1	T	15
TCGAGCGTCGTGGCGT-1	B	16
TCGAGCGTCTTAACGG-1	B	16
TCGATTTAGAGCGAAA-1	T	2
TCGATTTAGATGCGCA-1	B	16
TCGATTTAGTTGAATG-1	T	2
TCGATTTCAGCGTACC-1	T	0
TCGATTTCAGTCAGCC-1	NK	6
TCGATTTGTATACGCT-1	NK	8
TCGATTTGTCATGAGG-1	B	16
TCGATTTGTCCTTATT-1	NK	6
TCGATTTGTGCTTCCT-1	T	5
TCGATTTGTGTCCCAG-1	NK	6
TCGATTTGTTATAGAG-1	Stromal	9
TCGATTTGTTTCCGGG-1	T	0
TCGATTTGTTTGCCCT-1	T	14
TCGATTTTCAAGAGAT-1	T	7
TCGATTTTCAGGCCGT-1	T	0
TCGATTTTCCATACCC-1	T	2
TCGATTTTCCATCTAT-1	NK	6
TCGATTTTCGATAGTC-1	Myeloid	10
TCGATTTTCGCTGATA-1	NK	17
TCGCAGGAGGAGTCTG-1	B	16
TCGCAGGAGGTAAGCC-1	T	19
TCGCAGGAGGTCCTCG-1	NK	13
TCGCAGGAGTACCCAT-1	T	14
TCGCAGGAGTGATTAG-1	T	15
TCGCAGGCAGTAACCT-1	NK	17
TCGCAGGCATTACACG-1	NK	8
TCGCAGGGTAATGCAA-1	NK	3
TCGCAGGGTAGTTTGC-1	T	12
TCGCAGGGTCAACTAC-1	T	2
TCGCAGGGTCATCGTA-1	T	15
TCGCAGGGTGATGCGA-1	NK	13
TCGCAGGGTTAACCAC-1	NK	6
TCGCAGGGTTTGTACG-1	NK	3
TCGCAGGTCAATTCCT-1	B	1
TCGCAGGTCCATATCT-1	NK	17
TCGCAGGTCCCTATTA-1	NK	6
TCGCAGGTCGCTACCT-1	B	16
TCGCAGGTCGCTAGTA-1	T	5
TCGCAGGTCTGAGTAC-1	T	2
TCGCAGGTCTTAAGCG-1	T	15
TCGCCTAAGACAGCTG-1	Epithelial	4
TCGCCTAAGCATGATA-1	T	11
TCGCCTAAGTCCCGCA-1	T	18
TCGCCTACAAATGCTC-1	NK	3
TCGCCTACACTGTCAA-1	T	18
TCGCCTACAGGTGGTA-1	T	19
TCGCCTACATTTGGTG-1	B	1
TCGCCTAGTATTCTGG-1	T	2
TCGCCTAGTCACAGGA-1	T	14
TCGCCTAGTCTCGGGT-1	Myeloid	10
TCGCCTAGTGGATTCT-1	Myeloid	10
TCGCCTAGTTTAGAAG-1	Stromal	9
TCGCCTATCCGGACTG-1	B	1
TCGCCTATCCTGGGAC-1	T	15
TCGCCTATCTTGTCAT-1	Epithelial	4
TCGGGACAGATGTTGA-1	T	7
TCGGGACAGTACGCGA-1	NK	17
TCGGGACAGTAGCAAT-1	T	0
TCGGGACAGTCTCGAT-1	T	7
TCGGGACAGTCTGGGA-1	T	5
TCGGGACAGTTCGTTG-1	Stromal	9
TCGGGACCAACACGGA-1	B	16
TCGGGACCAAGCAATA-1	B	1
TCGGGACCAAGGAACC-1	NK	6
TCGGGACCACGACGAA-1	T	15
TCGGGACCACTAGCCG-1	T	11
TCGGGACCATCATGTG-1	NK	8
TCGGGACCATCGACGC-1	Stromal	9
TCGGGACGTATCTGCA-1	Epithelial	4
TCGGGACGTCAGCTTA-1	T	15
TCGGGACGTCATCGTA-1	B	16
TCGGGACGTGACGCAA-1	T	14
TCGGGACGTGCAACAG-1	T	15
TCGGGACGTGGTAAGC-1	T	14
TCGGGACGTTTCTACT-1	NK	8
TCGGGACTCAAGTTGC-1	Myeloid	10
TCGGGACTCCGAGGAA-1	T	14
TCGGGACTCCTTGACC-1	T	12
TCGGGACTCTGACATG-1	T	0
TCGTTCGAGGAGACTC-1	T	12
TCGTTCGAGGCACTAG-1	T	5
TCGTTCGAGGCCTAAG-1	B	1
TCGTTCGAGGGTCTGA-1	Stromal	9
TCGTTCGAGTTTGGAA-1	T	15
TCGTTCGCAATCATCG-1	T	12
TCGTTCGCAATTCAGC-1	NK	17
TCGTTCGCACTTTGGA-1	Myeloid	10
TCGTTCGCAGATTAAG-1	T	18
TCGTTCGCATGTCCCT-1	T	7
TCGTTCGGTAGCGAGT-1	Epithelial	4
TCGTTCGGTCATCGTA-1	T	12
TCGTTCGGTCGAGGTA-1	B	16
TCGTTCGGTGAGTCGA-1	T	18
TCGTTCGGTGGTGGTA-1	B	16
TCGTTCGTCCACGAGC-1	NK	6
TCGTTCGTCCTAAGTG-1	T	2
TCGTTCGTCGCCAGAC-1	Epithelial	4
TCGTTCGTCGGGTCCA-1	T	5
TCGTTCGTCGTGGTAT-1	NK	3
TCGTTCGTCTCCCTTT-1	T	19
TCGTTCGTCTGCTACC-1	NK	17
TCTAGTTAGGCTTAAA-1	T	0
TCTAGTTAGTAGAAGG-1	NK	6
TCTAGTTAGTATAGTG-1	NK	6
TCTAGTTAGTGCACAG-1	T	7
TCTAGTTAGTTGTCCA-1	T	2
TCTAGTTAGTTTACGC-1	NK	13
TCTAGTTCACTGTCAA-1	T	18
TCTAGTTCATAGCCGC-1	T	0
TCTAGTTGTACTTCGA-1	NK	3
TCTAGTTTCCAACCTC-1	T	7
TCTAGTTTCCATAACG-1	Myeloid	10
TCTAGTTTCGGTCAGC-1	T	2
TCTATTGAGAGGAACA-1	B	16
TCTATTGAGATCACCT-1	T	5
TCTATTGAGCCATCAT-1	NK	13
TCTATTGAGCCCATGC-1	B	16
TCTATTGAGGTAGGCT-1	B	16
TCTATTGAGTCGAGCA-1	T	7
TCTATTGCACAGAAGC-1	Stromal	9
TCTATTGCAGAAGTGC-1	T	12
TCTATTGCATAGCCGC-1	NK	8
TCTATTGCATTCACCC-1	Myeloid	10
TCTATTGCATTGCACA-1	NK	6
TCTATTGGTAAACGTA-1	NK	13
TCTATTGGTACGTAGG-1	T	14
TCTATTGGTATGCTAC-1	NK	17
TCTATTGGTGCGCTCA-1	T	15
TCTATTGGTGGACCAA-1	T	0
TCTATTGGTGGCCTCA-1	T	2
TCTATTGGTTGCCTGG-1	Myeloid	10
TCTATTGGTTTCTCTA-1	NK	17
TCTATTGTCACTAGGT-1	NK	6
TCTATTGTCATTGCCC-1	NK	17
TCTATTGTCCATACGA-1	NK	8
TCTATTGTCCGTACGG-1	T	15
TCTATTGTCGCATAAC-1	T	5
TCTATTGTCGGAGTTT-1	Myeloid	10
TCTATTGTCGGTTCCT-1	NK	3
TCTATTGTCTAGTCGA-1	T	14
TCTATTGTCTCTATCA-1	T	12
TCTATTGTCTCTGTTA-1	Epithelial	4
TCTATTGTCTGACTTT-1	NK	8
TCTATTGTCTTAATCC-1	T	12
TCTCAGCAGAGTCCGA-1	T	5
TCTCAGCAGGACTAGC-1	NK	8
TCTCAGCAGGCAGATC-1	T	12
TCTCAGCAGGTCTTTG-1	NK	8
TCTCAGCAGGTGTTGG-1	B	16
TCTCAGCCAAGCCCTG-1	B	16
TCTCAGCCACTGATTG-1	NK	8
TCTCAGCCACTGCTTC-1	Stromal	9
TCTCAGCCATTGCCTC-1	T	2
TCTCAGCGTAACCGAG-1	T	11
TCTCAGCGTACGTAAA-1	NK	3
TCTCAGCGTCGACTGC-1	Epithelial	4
TCTCAGCGTGGTAAGC-1	Myeloid	10
TCTCAGCGTTATCGAC-1	Epithelial	4
TCTCAGCGTTTGAAGA-1	T	15
TCTCAGCTCACATTCT-1	T	12
TCTCAGCTCCTAAGTG-1	B	16
TCTCAGCTCGCCACTT-1	Stromal	9
TCTCAGCTCGCGATGC-1	T	15
TCTCAGCTCGGTCCGA-1	T	15
TCTCAGCTCGGTTCCT-1	B	16
TCTCAGCTCGTCCCAT-1	B	16
TCTCTGGAGCCATTCA-1	B	1
TCTCTGGAGCTAACAA-1	NK	8
TCTCTGGAGGTACTCT-1	T	18
TCTCTGGAGTCGCCTG-1	B	16
TCTCTGGAGTGAGCTG-1	T	18
TCTCTGGAGTTTGGAA-1	T	11
TCTCTGGCAAGCACTT-1	NK	13
TCTCTGGCACGTTACA-1	T	19
TCTCTGGGTATTCTCT-1	T	14
TCTCTGGGTCACAGGA-1	T	2
TCTCTGGGTCCGTCGA-1	T	5
TCTCTGGTCAAGGCCC-1	NK	8
TCTCTGGTCAATTGGC-1	T	5
TCTCTGGTCGGAAAGC-1	B	16
TCTCTGGTCGTCAACA-1	T	2
TCTCTGGTCGTCTTAT-1	B	16
TCTCTGGTCGTTCAGA-1	NK	3
TCTCTGGTCGTTTGAG-1	T	2
TCTCTGGTCTCTGCGT-1	NK	8
TCTCTGGTCTGATCCC-1	Epithelial	4
TGAATCGAGCACCATT-1	T	2
TGAATCGAGCAGAATT-1	Stromal	9
TGAATCGAGCAGGAGG-1	NK	8
TGAATCGAGCGTCTGC-1	NK	8
TGAATCGAGGAGTAGA-1	T	11
TGAATCGAGGCCAGTA-1	T	15
TGAATCGAGGGCTCTC-1	T	19
TGAATCGAGGTCGGTA-1	NK	17
TGAATCGAGTCTGGGA-1	B	1
TGAATCGAGTGAATAC-1	T	15
TGAATCGCAATACTGC-1	T	12
TGAATCGCACATAAAG-1	T	0
TGAATCGCACTAAACC-1	T	7
TGAATCGCACTGCTCT-1	NK	3
TGAATCGCAGAATGCG-1	T	11
TGAATCGCATAGACGG-1	B	16
TGAATCGCATATAGAG-1	NK	6
TGAATCGCATCCATAG-1	B	16
TGAATCGCATCGACCG-1	B	16
TGAATCGGTAATGTAG-1	T	19
TGAATCGGTACAAATG-1	T	2
TGAATCGGTATCTGCA-1	NK	6
TGAATCGGTATGAAGT-1	NK	17
TGAATCGGTCATAAGA-1	B	16
TGAATCGGTCCTCAGG-1	NK	13
TGAATCGGTCGCTAGC-1	T	15
TGAATCGGTCTGCGCA-1	NK	17
TGAATCGGTCTGGGAA-1	B	1
TGAATCGGTGCCCAGT-1	Stromal	9
TGAATCGTCCAATAGC-1	T	12
TGAATCGTCCAGCACG-1	T	15
TGAATCGTCGTTTGAG-1	NK	17
TGAATCGTCTGAACGT-1	T	12
TGACAACAGAGCTACG-1	NK	6
TGACAACAGCGTCAAG-1	NK	8
TGACAACAGCTACGTT-1	B	16
TGACAACAGGATTGCG-1	NK	13
TGACAACAGGTGAACC-1	T	18
TGACAACAGTCGGGAT-1	T	0
TGACAACCAAGGAACC-1	NK	17
TGACAACCAAGTCTCA-1	B	16
TGACAACCAAGTTCGT-1	Stromal	9
TGACAACCACACATGT-1	NK	3
TGACAACCACGGTTAT-1	T	18
TGACAACCACTCCCAT-1	Myeloid	10
TGACAACCATCATCGA-1	NK	3
TGACAACCATCCCTTG-1	NK	17
TGACAACGTATCCCTC-1	T	14
TGACAACGTCTCTAAG-1	T	12
TGACAACGTCTGTCCT-1	T	15
TGACAACGTTACGCTA-1	NK	6
TGACAACGTTAGTAGA-1	T	2
TGACAACTCACTGATG-1	T	19
TGACAACTCAGAGTGG-1	T	15
TGACAACTCCCAATAG-1	T	0
TGACAACTCGCAACTA-1	T	7
TGACAACTCTACATCT-1	T	5
TGACTCCAGAAAGCAG-1	B	16
TGACTCCAGTACAGAT-1	NK	8
TGACTCCAGTCACACT-1	T	12
TGACTCCCACAACGGA-1	NK	8
TGACTCCCACAGATGG-1	B	1
TGACTCCCACTACACA-1	NK	17
TGACTCCCATTCTCGC-1	NK	3
TGACTCCGTCAGTGCC-1	Epithelial	4
TGACTCCGTCCAAGTT-1	NK	13
TGACTCCGTGCATTGT-1	NK	3
TGACTCCGTGCCCTAG-1	T	18
TGACTCCGTGGATTCT-1	B	1
TGACTCCGTTGGACGA-1	T	0
TGACTCCTCAACTTGG-1	T	18
TGACTCCTCAATGCAC-1	NK	17
TGACTCCTCACGATTG-1	NK	17
TGACTCCTCAGTGGTT-1	T	7
TGACTCCTCATGAACC-1	T	5
TGACTCCTCCAGGCCA-1	NK	8
TGACTCCTCTATGAGC-1	B	1
TGACTCCTCTTGGCCT-1	T	19
TGAGCCGAGGTGATGC-1	Stromal	9
TGAGCCGAGTGAATAC-1	T	7
TGAGCCGCAAAGAGAG-1	NK	8
TGAGCCGCAAGAGCGT-1	T	15
TGAGCCGCACATTGCA-1	T	15
TGAGCCGCACCTCGTT-1	T	15
TGAGCCGCACTGGGCT-1	T	5
TGAGCCGCATTATGGC-1	NK	8
TGAGCCGCATTCTTTG-1	B	1
TGAGCCGGTACCAAGG-1	T	0
TGAGCCGGTCAATCCA-1	NK	3
TGAGCCGGTGAATGGC-1	NK	8
TGAGCCGGTGCGCTCA-1	T	2
TGAGCCGGTTACCCAA-1	NK	13
TGAGCCGGTTTGCCAA-1	B	1
TGAGCCGTCAATTGGC-1	T	12
TGAGCCGTCCATACCC-1	NK	13
TGAGCCGTCTCCAACC-1	T	5
TGAGTCAAGAAATCTG-1	NK	6
TGAGTCAAGATGTTGA-1	NK	17
TGAGTCAAGGTGTCGA-1	T	15
TGAGTCAAGGTTCGTT-1	NK	17
TGAGTCAAGTCCAGAG-1	NK	17
TGAGTCAAGTGTGTAA-1	NK	3
TGAGTCACAACGCACC-1	T	2
TGAGTCACAAGCACTT-1	T	15
TGAGTCACAAGCGAAC-1	Epithelial	4
TGAGTCACAATGAAAC-1	T	14
TGAGTCACACACATGT-1	T	14
TGAGTCACACCCATCT-1	NK	6
TGAGTCACAGGTTATC-1	T	12
TGAGTCACATTGATGC-1	NK	8
TGAGTCACATTTCACT-1	NK	3
TGAGTCAGTCCGCTTT-1	B	1
TGAGTCAGTCTGAGCC-1	NK	3
TGAGTCAGTTCCAATG-1	T	7
TGAGTCATCACGTGTA-1	NK	17
TGAGTCATCATTCTTG-1	T	5
TGAGTCATCCAATAGC-1	NK	17
TGAGTCATCCCACTAC-1	B	16
TGAGTCATCGCAACTA-1	B	16
TGAGTCATCGCCTTAC-1	T	7
TGAGTCATCGCTATAG-1	NK	8
TGATCAGAGAGCCACA-1	B	16
TGATCAGAGCAATGTA-1	B	1
TGATCAGAGCATACCT-1	Myeloid	10
TGATCAGAGTCCGGAA-1	T	19
TGATCAGCAAATTCCG-1	B	1
TGATCAGCACTGTCAA-1	NK	3
TGATCAGCACTTATGG-1	B	1
TGATCAGGTAAGTGCG-1	NK	8
TGATCAGGTAATGCAA-1	T	2
TGATCAGGTATCCCTC-1	T	15
TGATCAGGTATGTTCG-1	T	2
TGATCAGGTCTGGGAA-1	T	14
TGATCAGGTCTGTGTA-1	Myeloid	10
TGATCAGGTGCTGTCG-1	Stromal	9
TGATCAGTCATCGCCT-1	T	15
TGATCAGTCCATATCT-1	Myeloid	10
TGATCAGTCCCGCAAG-1	NK	3
TGATCAGTCTATTTCG-1	Epithelial	4
TGATCAGTCTTGTCAT-1	T	19
TGATGCAAGAAATGGG-1	T	11
TGATGCAAGCAACTGG-1	T	19
TGATGCAAGCTATCCA-1	T	19
TGATGCAAGGTCTTTG-1	T	14
TGATGCACAACAACTC-1	NK	17
TGATGCACACCACGAC-1	NK	17
TGATGCACAGGACTGA-1	T	5
TGATGCACAGGTTATC-1	T	5
TGATGCACATCAGAAA-1	NK	3
TGATGCACATTATGGC-1	T	12
TGATGCACATTGCCTC-1	T	7
TGATGCAGTCAGCTTA-1	NK	13
TGATGCAGTCCCTTTG-1	T	15
TGATGCAGTCCGAGCT-1	Myeloid	10
TGATGCAGTGCACATT-1	T	7
TGATGCAGTTAGAGAT-1	T	7
TGATGCAGTTCTGATG-1	Myeloid	10
TGATGCATCGGTAGGA-1	T	7
TGATTTCAGAACTCCT-1	T	11
TGATTTCAGAATCAGT-1	T	11
TGATTTCAGAGTAAGG-1	NK	17
TGATTTCAGGCGATTG-1	B	1
TGATTTCAGTCATACC-1	B	16
TGATTTCCAAATGCTC-1	T	19
TGATTTCCAATGGCTT-1	Stromal	9
TGATTTCCAATTGCCA-1	Myeloid	10
TGATTTCCACCTATTT-1	NK	8
TGATTTCCACGTTAGT-1	B	1
TGATTTCCACTAAACC-1	NK	17
TGATTTCCACTCCACT-1	T	5
TGATTTCCACTCCCAT-1	B	16
TGATTTCCAGCGTGAA-1	T	2
TGATTTCCAGGTCCTG-1	Myeloid	10
TGATTTCCATAGATAG-1	Stromal	9
TGATTTCGTACCCATA-1	T	7
TGATTTCGTACGGATG-1	T	0
TGATTTCGTGAGTCGA-1	NK	17
TGATTTCGTGCCCAGT-1	T	2
TGATTTCGTTGGAGGT-1	T	15
TGATTTCTCACAAGCT-1	T	12
TGATTTCTCGTCAACA-1	T	0
TGATTTCTCGTGCTTC-1	B	1
TGCACCTAGCCAGAAC-1	T	7
TGCACCTAGGGTAATT-1	B	16
TGCACCTAGGGTGTTG-1	T	15
TGCACCTAGTGTCGGA-1	Stromal	9
TGCACCTCAAGGCTTT-1	NK	17
TGCACCTCACATATCG-1	T	2
TGCACCTCACGTTACA-1	T	2
TGCACCTCAGCTTACA-1	B	1
TGCACCTCAGGATAGC-1	Epithelial	4
TGCACCTCATCGGCTG-1	T	11
TGCACCTGTATATGGA-1	T	2
TGCACCTGTCACAGGA-1	B	16
TGCACCTGTCCTTCAC-1	NK	6
TGCACCTGTTCCCGGA-1	T	18
TGCACCTGTTTCACCC-1	Stromal	9
TGCACCTTCACATCCC-1	NK	3
TGCACCTTCATGTTCT-1	T	18
TGCACCTTCCGCCTAT-1	Stromal	9
TGCACCTTCTACTGCC-1	T	7
TGCACCTTCTCGCGGA-1	B	16
TGCATGAAGAAATCTG-1	T	12
TGCATGAAGAGCTACG-1	T	0
TGCATGAAGATATGAC-1	T	12
TGCATGAAGCCGCAAA-1	T	0
TGCATGAAGGGATCCA-1	T	18
TGCATGAAGTAATCAG-1	T	2
TGCATGAAGTAATGTG-1	B	16
TGCATGAAGTCTAGAA-1	B	1
TGCATGACAACATAAG-1	T	12
TGCATGACAACGGACA-1	Epithelial	4
TGCATGACACCACAGC-1	T	7
TGCATGACACCATTCC-1	NK	8
TGCATGACACGATATC-1	Epithelial	4
TGCATGACACTCCTCA-1	T	7
TGCATGACAGGATGTG-1	NK	13
TGCATGAGTAAAGGCC-1	Myeloid	10
TGCATGAGTAACGGAC-1	T	12
TGCATGAGTAACGGCA-1	Epithelial	4
TGCATGAGTGCCCGAT-1	T	7
TGCATGAGTTCAGTTG-1	NK	17
TGCATGAGTTCCCTTG-1	B	16
TGCATGATCAAACCCA-1	NK	17
TGCATGATCAAGAGAT-1	Stromal	9
TGCATGATCATTGCCC-1	B	16
TGCATGATCCCAATGA-1	T	14
TGCATGATCCCATAGA-1	NK	17
TGCATGATCTCCTTAA-1	NK	13
TGCATGATCTGGCCAG-1	T	2
TGCATGATCTGTTGCC-1	T	11
TGCATTTAGCACCATT-1	T	0
TGCATTTCAAACAGTA-1	NK	6
TGCATTTCACCCTTAC-1	Stromal	9
TGCATTTCACTCCCAT-1	T	14
TGCATTTCAGGACTGA-1	T	5
TGCATTTCAGGTCTGC-1	T	18
TGCATTTCAGTTGCAT-1	Epithelial	4
TGCATTTGTAACGGAC-1	Myeloid	10
TGCATTTGTCAGAAGC-1	T	7
TGCATTTGTCTAAAGA-1	T	15
TGCATTTGTGCAAAGC-1	T	12
TGCATTTGTTACACTG-1	Stromal	9
TGCATTTGTTTCTTAC-1	NK	3
TGCATTTTCACCACAA-1	B	1
TGCATTTTCCAACCTC-1	B	16
TGCATTTTCCACCTAC-1	T	7
TGCATTTTCCAGAGAG-1	T	2
TGCATTTTCGCGTGAC-1	T	18
TGCATTTTCGCGTTCT-1	T	15
TGCATTTTCTATCTCA-1	T	7
TGCCTCAAGAGCTCCC-1	T	15
TGCCTCAAGATTGACA-1	NK	17
TGCCTCAAGCAGGACT-1	B	16
TGCCTCAAGCGATACG-1	T	0
TGCCTCAAGGATCCTT-1	Stromal	9
TGCCTCAAGGCAAGCT-1	T	7
TGCCTCAAGGGTCCCT-1	T	18
TGCCTCAAGTAGTGTA-1	T	12
TGCCTCACAAATTGAG-1	B	16
TGCCTCACAAGTGGCA-1	B	16
TGCCTCACACAGATGG-1	Myeloid	10
TGCCTCACATCACAGT-1	B	1
TGCCTCACATCTCACC-1	NK	6
TGCCTCAGTCACATTG-1	B	16
TGCCTCAGTGAAACAT-1	T	5
TGCCTCAGTGCGCTCA-1	T	5
TGCCTCAGTGGCGCTT-1	Epithelial	4
TGCCTCAGTTCCATCC-1	NK	13
TGCCTCATCACGATTG-1	NK	17
TGCCTCATCAGTTGAC-1	NK	17
TGCCTCATCCACTAGA-1	NK	8
TGCCTCATCCGTTTCG-1	NK	17
TGCCTCATCGGTTGTA-1	T	19
TGCCTCATCTCTTAAC-1	B	16
TGCCTCATCTGGCCAG-1	T	18
TGCCTCATCTGGCGCA-1	NK	13
TGCCTGTAGCGGACAT-1	NK	13
TGCCTGTAGCGTATCT-1	NK	6
TGCCTGTAGGAGAACA-1	T	14
TGCCTGTCAAACCCTA-1	NK	13
TGCCTGTCAATGAAAC-1	T	2
TGCCTGTCAATGCATC-1	Epithelial	4
TGCCTGTCAATTGTGC-1	T	12
TGCCTGTCAGGGTACA-1	NK	17
TGCCTGTCATCACAAC-1	T	0
TGCCTGTCATGCGCTG-1	Myeloid	10
TGCCTGTCATTAGCCA-1	T	18
TGCCTGTGTAACTGAA-1	NK	6
TGCCTGTGTAGCGTTT-1	T	19
TGCCTGTGTCCAACCG-1	NK	13
TGCCTGTGTCGGCTGT-1	B	16
TGCCTGTGTGATGCTT-1	NK	3
TGCCTGTGTGCATTCA-1	NK	17
TGCCTGTTCAACTTGG-1	NK	3
TGCCTGTTCACACGTA-1	T	18
TGCCTGTTCACGATTG-1	Epithelial	4
TGCCTGTTCCAGGCCA-1	T	18
TGCCTGTTCCGGAAAG-1	NK	17
TGCCTGTTCCGGCTGA-1	T	15
TGCCTGTTCCTATCCG-1	Stromal	9
TGCCTGTTCTCAGATG-1	T	2
TGCCTGTTCTTGTACT-1	Stromal	9
TGCGTAAAGATCGAGC-1	B	1
TGCGTAAAGCTAGCAG-1	T	18
TGCGTAAAGTAGTCGG-1	Stromal	9
TGCGTAAAGTCAGCCC-1	T	15
TGCGTAACAAAGGCCA-1	NK	6
TGCGTAACAAGGACCA-1	NK	8
TGCGTAACAAGTAACA-1	T	7
TGCGTAACAAGTCTGT-1	NK	8
TGCGTAACAATTCGTG-1	T	7
TGCGTAACACCTATTT-1	NK	17
TGCGTAAGTCAACTAC-1	NK	3
TGCGTAAGTGATAGAT-1	T	18
TGCGTAAGTTACACTG-1	NK	8
TGCGTAAGTTATGCAC-1	NK	8
TGCGTAATCCATCATT-1	NK	17
TGCGTAATCCCGTAGG-1	T	7
TGCGTAATCTCGTGAA-1	Epithelial	4
TGCGTAATCTGTTTAC-1	B	1
TGCTATTAGAGCACTG-1	T	0
TGCTATTAGCTTACCA-1	NK	17
TGCTATTAGGGTTCCC-1	T	12
TGCTATTAGTGGTGTG-1	NK	17
TGCTATTCAAAGGTCG-1	NK	17
TGCTATTCAACGGGTA-1	T	19
TGCTATTCACAGCTTA-1	B	16
TGCTATTCACGCTAAT-1	T	19
TGCTATTCAGAACAGC-1	NK	13
TGCTATTCAGGTAGGT-1	T	0
TGCTATTGTCACATTG-1	T	2
TGCTATTGTCTAAGAA-1	Myeloid	10
TGCTATTGTGCGTAGA-1	Myeloid	10
TGCTATTGTTGAAGCG-1	T	2
TGCTATTGTTGGCTAT-1	NK	8
TGCTATTGTTTCGATG-1	T	19
TGCTATTTCCTGGAAT-1	Epithelial	4
TGCTATTTCGCCGAAC-1	NK	3
TGCTATTTCGCGTTCT-1	T	0
TGCTATTTCGCTATAG-1	T	2
TGCTATTTCGTCAACA-1	NK	17
TGCTATTTCTTAATCC-1	B	16
TGCTCACAGAATCAGT-1	NK	17
TGCTCACAGGTGAACC-1	T	0
TGCTCACCAACGTACT-1	T	15
TGCTCACCAGAGCCAA-1	NK	13
TGCTCACCATGATTGC-1	T	15
TGCTCACGTGCGCATC-1	T	19
TGCTCACGTGCGTTTA-1	T	7
TGCTCACGTTTCAGCA-1	B	16
TGCTCACTCAGCACGC-1	T	2
TGCTCACTCCGTCAAA-1	B	16
TGCTCACTCCTCCCAA-1	NK	3
TGCTCACTCCTTCGAC-1	T	14
TGCTCACTCGATGCAT-1	B	16
TGCTCGTAGAGCAGCT-1	B	1
TGCTCGTAGCGCGTTC-1	Myeloid	10
TGCTCGTAGTCGTATC-1	B	1
TGCTCGTAGTCTCGAT-1	T	12
TGCTCGTCAACACGGA-1	NK	13
TGCTCGTCAATCACTG-1	T	11
TGCTCGTCACGAACGA-1	T	12
TGCTCGTCACTAAACC-1	T	7
TGCTCGTCAGAGAGAA-1	T	7
TGCTCGTCAGGCTACC-1	NK	17
TGCTCGTCATCGGCTG-1	T	12
TGCTCGTGTAAACGGC-1	T	7
TGCTCGTGTCGCTAGC-1	Myeloid	10
TGCTCGTGTCTGCGCA-1	B	1
TGCTCGTGTGTCGTCG-1	NK	3
TGCTCGTTCACAAGCT-1	T	0
TGCTCGTTCCCAGCGA-1	T	11
TGCTCGTTCCGAGAGA-1	Epithelial	4
TGCTCGTTCGGTCTCT-1	T	11
TGCTTCGAGAGACTCG-1	T	19
TGCTTCGAGGTAGGAA-1	T	0
TGCTTCGAGGTTTCTG-1	NK	3
TGCTTCGAGTAACTCC-1	T	14
TGCTTCGAGTATCTGC-1	NK	17
TGCTTCGAGTGCTAGG-1	Stromal	9
TGCTTCGCAACGAGGT-1	NK	8
TGCTTCGCAACTCGTA-1	Stromal	9
TGCTTCGCAAGCGTCC-1	Stromal	9
TGCTTCGCAAGTTCGT-1	T	11
TGCTTCGCAGGGTACA-1	B	16
TGCTTCGCATGACTGT-1	T	12
TGCTTCGCATGGAGGT-1	T	14
TGCTTCGGTGCACCCA-1	T	15
TGCTTCGGTTGGTAAA-1	T	2
TGCTTCGTCAATTCCT-1	NK	8
TGCTTCGTCCAACAAC-1	NK	3
TGCTTCGTCCAGTTAG-1	Stromal	9
TGCTTCGTCGCTTACC-1	T	2
TGCTTCGTCGTCCCAT-1	NK	3
TGCTTCGTCTTAAGCG-1	T	2
TGCTTCGTCTTCATAC-1	T	12
TGCTTTAAGACACTTC-1	B	16
TGCTTTAAGACCTATC-1	B	16
TGCTTTAAGCATTCCA-1	T	7
TGCTTTAAGGCTCCTG-1	T	15
TGCTTTAAGTTCGTTG-1	T	5
TGCTTTACACGCTAAT-1	T	14
TGCTTTACAGCTTACA-1	T	0
TGCTTTACAGGACCTC-1	NK	17
TGCTTTAGTTCCGCGA-1	T	7
TGCTTTATCACCGCGA-1	NK	17
TGCTTTATCACTCCCA-1	NK	17
TGCTTTATCAGCACGC-1	NK	17
TGCTTTATCCAGAATC-1	T	12
TGCTTTATCGCCACTT-1	B	1
TGCTTTATCTACTGCC-1	B	16
TGCTTTATCTCTGAGA-1	T	15
TGCTTTATCTGATCTT-1	T	0
TGGAAGGAGCAGGACT-1	T	19
TGGAAGGAGCGCGTTC-1	B	16
TGGAAGGAGTAACACA-1	B	16
TGGAAGGAGTAGTTCC-1	Epithelial	4
TGGAAGGAGTGAGTGC-1	B	16
TGGAAGGAGTGCTGAG-1	T	12
TGGAAGGCAAATGTCC-1	NK	3
TGGAAGGCAAGATGCG-1	NK	3
TGGAAGGCAAGGAGGG-1	B	1
TGGAAGGCACAAGGGT-1	T	7
TGGAAGGCACACATGT-1	Myeloid	10
TGGAAGGCACCCTTTG-1	NK	13
TGGAAGGCACTAGGAG-1	NK	17
TGGAAGGCAGTTAAAG-1	B	16
TGGAAGGCATATACGC-1	T	5
TGGAAGGCATCGGCCA-1	NK	8
TGGAAGGCATCGTACA-1	NK	3
TGGAAGGGTACTTGAC-1	T	18
TGGAAGGGTAGGTGAC-1	T	12
TGGAAGGGTGATAGAT-1	T	15
TGGAAGGTCCTAAGTG-1	T	18
TGGAAGGTCCTGTAGA-1	NK	6
TGGAAGGTCGAGGCTC-1	B	16
TGGAAGGTCGAGTTAC-1	B	1
TGGACATAGAGAATTC-1	T	15
TGGACATAGAGCAGCT-1	NK	13
TGGACATAGCCATTCA-1	NK	3
TGGACATAGGCAGTGT-1	B	1
TGGACATAGGTACATA-1	Stromal	9
TGGACATAGTGAAACT-1	B	16
TGGACATCAAGTCCTA-1	NK	13
TGGACATCAGGATAGC-1	T	18
TGGACATCATCGCCTT-1	T	15
TGGACATGTAAAGCTA-1	T	5
TGGACATGTAACGTAA-1	T	18
TGGACATGTCAAGACG-1	B	16
TGGACATGTTACGGAG-1	B	16
TGGACATTCACGATTG-1	T	18
TGGACATTCAGTCAAC-1	B	16
TGGACATTCATGAACC-1	T	12
TGGACATTCCACACCT-1	NK	8
TGGACATTCCTCATTA-1	T	7
TGGACATTCCTGTAGA-1	Myeloid	10
TGGACATTCCTTACGC-1	T	19
TGGACATTCGCCACTT-1	T	15
TGGACATTCTCGACAA-1	NK	8
TGGACATTCTTCGTTA-1	NK	17
TGGCAATAGAAATGGG-1	T	2
TGGCAATAGAAATTCG-1	T	12
TGGCAATAGAGAAGCA-1	Stromal	9
TGGCAATAGATACCAA-1	T	15
TGGCAATAGGCACCTC-1	NK	6
TGGCAATAGTAATCAG-1	NK	17
TGGCAATAGTCTGCTA-1	Myeloid	10
TGGCAATCAAGTCTGT-1	T	19
TGGCAATCAATAGCGG-1	NK	3
TGGCAATCATGCGTTA-1	T	18
TGGCAATGTATCCCTC-1	B	1
TGGCAATGTCATAGAA-1	T	5
TGGCAATGTGAGTTGG-1	B	16
TGGCAATGTTTAGAAG-1	Myeloid	10
TGGCAATTCCGAGGAA-1	Myeloid	10
TGGCAATTCGATGCAT-1	T	2
TGGCAATTCGGGCTCA-1	Stromal	9
TGGCAATTCTACTGCC-1	B	1
TGGCAATTCTATAGGC-1	B	16
TGGCAATTCTGGAAGG-1	NK	8
TGGCCTTAGCCGCAAA-1	NK	8
TGGCCTTAGCTCCGGT-1	NK	3
TGGCCTTAGGCTTTAC-1	B	16
TGGCCTTAGTAGGAAG-1	T	15
TGGCCTTAGTCCCGCA-1	T	15
TGGCCTTAGTCCCTCT-1	T	5
TGGCCTTAGTGATCTC-1	NK	3
TGGCCTTCACAAGTGG-1	NK	6
TGGCCTTCACAGTTAC-1	NK	8
TGGCCTTCATCCGTGG-1	NK	17
TGGCCTTCATGTGGGA-1	T	0
TGGCCTTCATTCCCGT-1	T	18
TGGCCTTGTCATCGTA-1	B	16
TGGCCTTGTCATTGCA-1	NK	17
TGGCCTTGTTGGTAAA-1	Myeloid	10
TGGCCTTGTTTCGATG-1	T	18
TGGCCTTTCAGATACC-1	NK	13
TGGCCTTTCAGTGTGT-1	B	1
TGGCCTTTCCAGAGAG-1	B	16
TGGCCTTTCGCTAGTA-1	NK	6
TGGCCTTTCGTTTGAG-1	B	16
TGGCCTTTCTACTTTG-1	B	1
TGGCCTTTCTCATCCG-1	T	15
TGGCGCAAGAATGCTA-1	B	16
TGGCGCAAGGTAGGCT-1	T	0
TGGCGCACAACGTCGC-1	T	11
TGGCGCACACGGTTAT-1	NK	17
TGGCGCACAGCGTCGT-1	T	7
TGGCGCACAGGAGCAT-1	T	0
TGGCGCACATAGCAGG-1	B	1
TGGCGCAGTCTGCACG-1	T	11
TGGCGCAGTGCAGACA-1	T	5
TGGCGCAGTTCAGTAC-1	Myeloid	10
TGGCGCAGTTCCAATG-1	T	18
TGGCGCAGTTGCAGAG-1	T	7
TGGCGCAGTTTCCGGG-1	T	19
TGGCGCAGTTTGCATG-1	NK	17
TGGCGCATCAGGATCT-1	T	0
TGGCGCATCAGTCAAC-1	Myeloid	10
TGGCGCATCCGGGCAT-1	T	19
TGGCGCATCTGTGTCC-1	T	2
TGGGTGCAGAAGCCGT-1	NK	13
TGGGTGCAGAGGCGGA-1	NK	13
TGGGTGCAGGAACCGT-1	NK	3
TGGGTGCAGTACAGTA-1	T	19
TGGGTGCAGTATCTGC-1	Epithelial	4
TGGGTGCAGTTGCTTG-1	NK	3
TGGGTGCCAAGGCTTT-1	B	1
TGGGTGCCACCACGAC-1	NK	3
TGGGTGCCACTGTTAG-1	Epithelial	4
TGGGTGCGTAATGTGA-1	T	12
TGGGTGCGTAGTACAA-1	B	16
TGGGTGCGTATCAGCT-1	T	0
TGGGTGCGTCTGCGCA-1	NK	3
TGGGTGCTCTTAGTGG-1	NK	8
TGGGTTAAGAGGAATG-1	T	0
TGGGTTAAGATGTTCC-1	T	0
TGGGTTAAGGTTTCTG-1	NK	17
TGGGTTAAGTGAACCG-1	T	7
TGGGTTAAGTTAGAGT-1	T	11
TGGGTTACAAAGAGAG-1	NK	6
TGGGTTACACAAACAA-1	T	2
TGGGTTACACACACCG-1	T	15
TGGGTTACACACATTG-1	Myeloid	10
TGGGTTACACTGATAC-1	B	1
TGGGTTACAGGATGTG-1	B	16
TGGGTTACATCACAAC-1	T	7
TGGGTTACATGACTGT-1	T	7
TGGGTTACATGGGAAC-1	B	16
TGGGTTAGTATCCCTC-1	T	19
TGGGTTAGTCACCCGA-1	NK	17
TGGGTTAGTTCCGGCA-1	T	11
TGGGTTATCACAACAC-1	Stromal	9
TGGGTTATCACGATTG-1	B	1
TGGGTTATCGCATAAC-1	Myeloid	10
TGGGTTATCGTTCCGT-1	B	1
TGGGTTATCTTGTCAT-1	NK	17
TGGTCAAAGAACGTCG-1	T	11
TGGTCAAAGGCGTAGT-1	NK	6
TGGTCAAAGGTAAGTT-1	Epithelial	4
TGGTCAAAGTCGCCTG-1	T	18
TGGTCAAAGTGAGTTA-1	T	5
TGGTCAACAAGCACTT-1	T	0
TGGTCAACAAGGATGC-1	T	5
TGGTCAACAGATTGTC-1	NK	3
TGGTCAACAGGCTACC-1	NK	3
TGGTCAACAGGGTACA-1	T	5
TGGTCAACATCGTGAT-1	B	1
TGGTCAAGTCAAATCC-1	NK	8
TGGTCAAGTCATTGGT-1	T	5
TGGTCAAGTCCGTGCA-1	T	12
TGGTCAAGTGACAAGC-1	T	12
TGGTCAAGTTTGAAGA-1	NK	3
TGGTCAATCAATTGGC-1	Epithelial	4
TGGTCAATCACCACAA-1	NK	3
TGGTCAATCACTAGCA-1	T	2
TGGTCAATCCTCCAGT-1	NK	8
TGGTCAATCGCTACCT-1	T	15
TGGTCAATCGGTCAGC-1	Epithelial	4
TGGTCAATCGTCGCAG-1	Myeloid	10
TGGTCAATCGTTCCGT-1	T	14
TGGTCAATCTGGCTAA-1	Epithelial	4
TGGTCCTAGAGAATTC-1	T	15
TGGTCCTAGAGACTCG-1	T	0
TGGTCCTAGATGTTGA-1	T	15
TGGTCCTAGCCATTCA-1	T	19
TGGTCCTAGCTCCGGT-1	T	2
TGGTCCTAGTCGTGAG-1	T	2
TGGTCCTCAAGCGGTA-1	T	15
TGGTCCTCACCACCAG-1	B	16
TGGTCCTCACGCTGTG-1	T	0
TGGTCCTCAGGCTACC-1	Myeloid	10
TGGTCCTCAGTAGGCA-1	T	5
TGGTCCTCATTGAACC-1	T	18
TGGTCCTCATTTGGCA-1	NK	3
TGGTCCTGTAACCCAT-1	T	15
TGGTCCTGTAAGGTCG-1	T	19
TGGTCCTGTTATAGAG-1	T	11
TGGTCCTGTTTGCCCT-1	T	2
TGGTCCTTCAACACGT-1	Myeloid	10
TGGTCCTTCAAGTTGC-1	T	7
TGGTCCTTCAGAACGG-1	T	2
TGGTCCTTCAGTCTTT-1	T	2
TGGTCCTTCAGTGTAC-1	NK	8
TGGTCCTTCCTCCAGT-1	T	11
TGGTCCTTCTTAATCC-1	T	2
TGTAAGCAGACAGTGC-1	B	1
TGTAAGCAGAGTTTGA-1	T	2
TGTAAGCAGATGGGAA-1	T	5
TGTAAGCAGCCAGAAC-1	B	16
TGTAAGCAGGAAGGTA-1	T	15
TGTAAGCAGGATGCCA-1	T	19
TGTAAGCAGTAGTGTA-1	T	5
TGTAAGCCAGCACATT-1	T	2
TGTAAGCCAGTGCGAA-1	T	5
TGTAAGCCATTCTCGC-1	T	15
TGTAAGCCATTGTGAC-1	B	16
TGTAAGCGTCAACTAC-1	T	0
TGTAAGCGTCGACTGC-1	T	5
TGTAAGCGTTATGCAC-1	Stromal	9
TGTAAGCGTTCCCAAA-1	T	12
TGTAAGCGTTCTACGA-1	NK	13
TGTAAGCGTTCTGAAC-1	T	0
TGTAAGCGTTCTGAGT-1	NK	8
TGTAAGCTCACTAGCA-1	T	11
TGTAAGCTCCGCCTAT-1	NK	13
TGTAAGCTCCTGTGGG-1	NK	17
TGTAAGCTCGATGTAC-1	NK	13
TGTAAGCTCGCCACTT-1	T	14
TGTAAGCTCTACATCT-1	Myeloid	10
TGTAAGCTCTTCTTCC-1	Epithelial	4
TGTAAGCTCTTGTACT-1	NK	8
TGTACAGAGAAGACTT-1	T	0
TGTACAGAGAGAAGCA-1	T	19
TGTACAGAGTGTCCCG-1	Myeloid	10
TGTACAGCAACGTCGC-1	T	2
TGTACAGCAAGCAACG-1	B	16
TGTACAGCACAGGTAG-1	T	14
TGTACAGCACATCATG-1	NK	8
TGTACAGCACGTTACA-1	T	5
TGTACAGCACTGCTTC-1	NK	17
TGTACAGCAGAGTCGA-1	B	16
TGTACAGCATAGATAG-1	B	16
TGTACAGCATATACGC-1	NK	17
TGTACAGCATATAGAG-1	T	5
TGTACAGCATTGCGAT-1	NK	17
TGTACAGGTCCCGTGA-1	NK	8
TGTACAGGTGAGTTGG-1	NK	8
TGTACAGGTGGATTCT-1	T	18
TGTACAGTCATTGCCC-1	B	16
TGTACAGTCCGGGCAT-1	NK	13
TGTACAGTCGCTTCAC-1	NK	17
TGTACAGTCGTATAGC-1	T	12
TGTACAGTCTAGCAAC-1	T	2
TGTACAGTCTCGACAA-1	NK	3
TGTACGAAGCTGGAGT-1	Epithelial	4
TGTACGAAGGAGAACA-1	T	12
TGTACGAAGGATGTCG-1	T	15
TGTACGAAGGCCTAAG-1	T	12
TGTACGAAGTCATACC-1	T	5
TGTACGAAGTCGCCTG-1	Myeloid	10
TGTACGAAGTGATTAG-1	T	2
TGTACGACAAGGACCA-1	NK	17
TGTACGACAGTAACCT-1	T	15
TGTACGACATGTGGGA-1	T	7
TGTACGAGTAACCATC-1	NK	3
TGTACGAGTAGGTAAT-1	Epithelial	4
TGTACGAGTCGACTGC-1	T	2
TGTACGAGTTAGGAAT-1	NK	8
TGTACGATCAGCACTA-1	Epithelial	4
TGTACGATCCACCTAC-1	NK	17
TGTACGATCCATACGA-1	T	2
TGTACGATCCGCCTAT-1	NK	8
TGTACGATCGTTTGAG-1	NK	17
TGTACGATCTGGGCGT-1	NK	8
TGTAGCAAGAGGCAGG-1	B	16
TGTAGCAAGATCCGAG-1	T	15
TGTAGCAAGGGTATCG-1	NK	13
TGTAGCAAGGTTACAA-1	T	19
TGTAGCAAGTCCCTCT-1	B	16
TGTAGCACAAGCCAGA-1	NK	17
TGTAGCACAAGGTTCT-1	NK	13
TGTAGCACAGTAGTCT-1	T	14
TGTAGCAGTAACCCAT-1	T	7
TGTAGCAGTACGCAAG-1	T	2
TGTAGCAGTCAGAAAT-1	NK	6
TGTAGCAGTTCTTATC-1	NK	17
TGTAGCATCAGTCAAC-1	T	15
TGTAGCATCCACTAGA-1	NK	13
TGTGACAAGCCTGTAT-1	NK	17
TGTGACAAGCTGAATA-1	B	16
TGTGACAAGTGAGTTA-1	NK	6
TGTGACACAAACTACC-1	T	15
TGTGACACAAGCACTT-1	B	1
TGTGACACAAGGCTTT-1	T	11
TGTGACACAATCATCG-1	NK	13
TGTGACACAATGTGTC-1	T	15
TGTGACACATAAAGTG-1	NK	17
TGTGACACATCGGCTG-1	Epithelial	4
TGTGACAGTAAGTGCG-1	T	0
TGTGACAGTACGTAAA-1	T	12
TGTGACAGTATTTGCG-1	B	1
TGTGACAGTCACAGGA-1	T	14
TGTGACAGTCATGAGG-1	NK	17
TGTGACATCGGCATAT-1	T	7
TGTGACATCTAGCAAC-1	NK	13
TGTGGCGAGCTGCCAC-1	T	12
TGTGGCGAGTCTCGAT-1	T	18
TGTGGCGAGTGAATAC-1	T	0
TGTGGCGCAAGGAACC-1	NK	8
TGTGGCGCAGGTCCTG-1	T	15
TGTGGCGCATCAGAAA-1	B	16
TGTGGCGCATCCCTCA-1	NK	3
TGTGGCGGTAAACCCT-1	Epithelial	4
TGTGGCGGTATCAGCT-1	T	2
TGTGGCGGTCATTGGT-1	B	16
TGTGGCGGTGCGTAGA-1	Stromal	9
TGTGGCGGTGTCTACA-1	NK	8
TGTGGCGGTTAAGTCC-1	B	16
TGTGGCGGTTTGGATC-1	NK	3
TGTGGCGTCAGCACGC-1	Epithelial	4
TGTGGCGTCATTGCCC-1	NK	13
TGTGGCGTCCGATTGA-1	NK	8
TGTGGCGTCGCAACTA-1	T	2
TGTGTCCAGAGATTAC-1	NK	8
TGTGTCCAGCCAGAAC-1	Stromal	9
TGTGTCCAGGTGTCGA-1	B	1
TGTGTCCAGTGCTGAG-1	Epithelial	4
TGTGTCCAGTTGAATG-1	NK	8
TGTGTCCGTGAGGTCA-1	NK	6
TGTGTCCGTTAGCTCA-1	NK	8
TGTGTCCTCAGGTTTG-1	B	1
TGTGTCCTCAGTCACA-1	B	16
TGTGTCCTCCCTAAAG-1	T	18
TGTGTCCTCCTGTAGA-1	T	14
TGTGTCCTCGCTAGTA-1	NK	8
TGTGTCCTCGTCTAGA-1	NK	6
TGTGTCCTCGTTGTAG-1	NK	17
TGTGTCCTCTCTTAAC-1	Stromal	9
TGTGTCCTCTTCAGAG-1	T	18
TGTTAGGAGAGTCCGA-1	T	5
TGTTAGGAGCGTTAGG-1	Epithelial	4
TGTTAGGAGGGACGTT-1	B	16
TGTTAGGAGGGAGTTC-1	Stromal	9
TGTTAGGAGTATAGTG-1	T	14
TGTTAGGAGTTCAAGA-1	B	16
TGTTAGGCAAAGCTGG-1	T	2
TGTTAGGCAACACGGA-1	T	7
TGTTAGGCAACGTCGC-1	B	1
TGTTAGGCAGGGTACA-1	NK	6
TGTTAGGCAGTAGGCA-1	T	0
TGTTAGGCATAGTCCA-1	NK	3
TGTTAGGGTCACAGGA-1	NK	17
TGTTAGGGTTCTTTGT-1	B	1
TGTTAGGGTTGAATAG-1	T	5
TGTTAGGGTTTCGATG-1	Myeloid	10
TGTTAGGTCAACACGT-1	NK	6
TGTTAGGTCACACGTA-1	B	16
TGTTAGGTCCGGAAAG-1	T	11
TGTTAGGTCGCCCTTA-1	NK	17
TTAACGGAGACTCTTG-1	NK	6
TTAACGGAGGATGTCG-1	T	15
TTAACGGCAACAAACA-1	NK	3
TTAACGGCAGCACATT-1	B	1
TTAACGGCATGGTAAA-1	T	18
TTAACGGCATTGATGC-1	T	18
TTAACGGGTCATAGAA-1	NK	8
TTAACGGGTCATGAGG-1	NK	8
TTAACGGGTGTCCCAG-1	Stromal	9
TTAACGGTCACATTCT-1	NK	6
TTAACGGTCCGGACTG-1	NK	3
TTAACGGTCCGTTTCG-1	NK	13
TTAACGGTCGCATAAC-1	Epithelial	4
TTAACGGTCGTGGCGT-1	T	7
TTAACGGTCTACTGCC-1	T	7
TTAACGGTCTTTGCAT-1	T	12
TTACCCGAGACAACGC-1	B	16
TTACCCGAGAGCGGTT-1	T	14
TTACCCGAGCTCGTTA-1	Myeloid	10
TTACCCGAGGCAGTGT-1	NK	8
TTACCCGAGTGAGTGC-1	B	1
TTACCCGAGTGTCCCG-1	B	1
TTACCCGAGTTGGAAT-1	NK	3
TTACCCGCAATGCATC-1	NK	6
TTACCCGCAATGTAAG-1	T	5
TTACCCGCACATTGCA-1	B	16
TTACCCGCATCAGAAA-1	B	16
TTACCCGCATTAAGGA-1	NK	17
TTACCCGGTCCCTTTG-1	Stromal	9
TTACCCGGTGCATTCA-1	NK	17
TTACCCGGTGTCCCAG-1	NK	6
TTACCCGGTTACTTTC-1	B	16
TTACCCGGTTGGTAAA-1	NK	13
TTACCCGTCAGGAATA-1	Myeloid	10
TTACCCGTCATTGCCC-1	T	7
TTACCCGTCCAGGTAT-1	T	19
TTACCCGTCCGTACGG-1	T	18
TTACCCGTCGCCCTTA-1	B	16
TTACCCGTCGCGATGC-1	NK	17
TTACCCGTCTTGTCGC-1	Epithelial	4
TTACCGCAGATCTCAC-1	NK	8
TTACCGCAGCAACTGG-1	T	7
TTACCGCAGGATTAAC-1	B	1
TTACCGCCACAAGTGG-1	Stromal	9
TTACCGCCACCAAGGA-1	NK	17
TTACCGCCACCTGGTG-1	T	11
TTACCGCCACTGAAGG-1	Epithelial	4
TTACCGCCACTTGCGG-1	T	0
TTACCGCCATTAGCAC-1	T	7
TTACCGCGTAGACACG-1	T	18
TTACCGCGTCCGTGCA-1	T	15
TTACCGCGTCGGCTGT-1	NK	17
TTACCGCGTCGTAGTT-1	B	16
TTACCGCGTCTCTGCT-1	NK	17
TTACCGCGTCTGGTCG-1	NK	17
TTACCGCGTGATAACA-1	T	5
TTACCGCGTTAACTCG-1	T	2
TTACCGCGTTGGCTAT-1	T	5
TTACCGCTCATCGCTC-1	T	2
TTACCGCTCCGTGCAG-1	B	16
TTACCGCTCCTAGAGT-1	T	7
TTACCGCTCCTCTCTT-1	T	2
TTACCGCTCCTTGACC-1	T	5
TTACCGCTCGAGTTAC-1	B	16
TTACCGCTCGATGTGT-1	T	2
TTACCGCTCTCGCGGA-1	T	7
TTACCGCTCTTAAGCG-1	T	18
TTACGGAAGACAGTGC-1	T	15
TTACGGAAGACGCCAA-1	NK	6
TTACGGAAGCCCATTA-1	T	19
TTACGGAAGTGATATG-1	NK	17
TTACGGAAGTTTGGAA-1	T	18
TTACGGACAGTATCTG-1	NK	3
TTACGGACATTGTGAC-1	B	16
TTACGGAGTATTCACG-1	NK	3
TTACGGAGTGGACGAT-1	T	15
TTACGGAGTGTCGTGC-1	NK	13
TTACGGAGTTAACTCG-1	T	2
TTACGGAGTTGCCTGG-1	B	1
TTACGGAGTTTCGACA-1	T	2
TTACGGATCAGTCTTT-1	T	0
TTACGGATCCAGGGAA-1	B	1
TTACGGATCGCAAGCC-1	T	2
TTACGTTAGAAATCTG-1	T	11
TTACGTTAGATCACCT-1	Myeloid	10
TTACGTTAGCCGCAAA-1	B	16
TTACGTTAGGAATGGA-1	T	2
TTACGTTAGGACTAGC-1	NK	3
TTACGTTAGGCAAGCT-1	NK	3
TTACGTTAGTAGTTCC-1	NK	13
TTACGTTAGTCACGCC-1	T	0
TTACGTTAGTGAACCG-1	T	19
TTACGTTAGTGTTCCA-1	B	1
TTACGTTCAAAGGAAG-1	B	1
TTACGTTCAAGACTAA-1	NK	13
TTACGTTCATAGCAGG-1	NK	8
TTACGTTGTAGCCATT-1	NK	6
TTACGTTGTCCGCTTT-1	B	16
TTACGTTGTTAGGCTT-1	NK	17
TTACGTTGTTCACGTA-1	B	16
TTACGTTGTTGCAGCC-1	T	11
TTACGTTGTTTGCCCT-1	NK	13
TTACGTTTCCCAGCGA-1	B	1
TTACGTTTCCGAGGAA-1	T	7
TTACGTTTCGAACACT-1	NK	3
TTACGTTTCTGGCTAA-1	Stromal	9
TTACTCAAGAGCGAAA-1	T	5
TTACTCAAGGCAATTA-1	T	11
TTACTCAAGTAGCAAT-1	B	1
TTACTCACAACGTCGC-1	Epithelial	4
TTACTCACAAGAGATT-1	NK	13
TTACTCACAAGCTTTG-1	T	0
TTACTCACACAAACGG-1	T	12
TTACTCACAGGCAGAT-1	B	1
TTACTCACATAGCCGC-1	T	12
TTACTCAGTAACCCAT-1	T	18
TTACTCAGTAGCAGCA-1	T	0
TTACTCAGTGGAAGCT-1	Epithelial	4
TTACTCAGTTCTTAGG-1	NK	6
TTACTCAGTTTGTCTT-1	NK	8
TTACTCATCATGTTCT-1	T	0
TTACTCATCTATTTCG-1	B	16
TTACTCATCTGACATG-1	NK	13
TTACTCATCTGGCTAA-1	NK	17
TTACTTGAGATAGGTT-1	NK	6
TTACTTGAGTAGTCGG-1	T	5
TTACTTGCAACGCAAG-1	Epithelial	4
TTACTTGCAAGAGCGT-1	NK	17
TTACTTGCAAGCAACG-1	T	2
TTACTTGCAAGGAAGA-1	NK	8
TTACTTGCAATCAGGG-1	T	12
TTACTTGCACACACAT-1	NK	13
TTACTTGCACTTGCGG-1	Epithelial	4
TTACTTGCATTTCACT-1	Epithelial	4
TTACTTGGTAAGCCTT-1	B	16
TTACTTGGTAATGTAG-1	T	15
TTACTTGGTCAACAGG-1	T	0
TTACTTGGTGACCAGA-1	Epithelial	4
TTACTTGGTGAGTCGA-1	T	0
TTACTTGGTTACTTTC-1	NK	8
TTACTTGGTTCACGTA-1	T	2
TTACTTGGTTTAGACC-1	B	16
TTACTTGTCAGAGTGG-1	NK	3
TTACTTGTCAGCACGC-1	Myeloid	10
TTACTTGTCATCGCAA-1	T	12
TTACTTGTCGATCTTT-1	T	18
TTACTTGTCTGATCTT-1	NK	6
TTAGCGAAGAACTCCT-1	T	19
TTAGCGAAGACGCCCT-1	T	2
TTAGCGAAGGTTTCTG-1	T	19
TTAGCGAAGTAGCAAT-1	B	16
TTAGCGAAGTTCGTTG-1	B	1
TTAGCGACAACGACAG-1	B	1
TTAGCGACAACGCAAG-1	T	5
TTAGCGACAACGCACC-1	B	1
TTAGCGACAACGTCCG-1	NK	13
TTAGCGACACGTGAAG-1	Epithelial	4
TTAGCGACATAGTCCA-1	NK	3
TTAGCGAGTGATGTGG-1	Myeloid	10
TTAGCGATCACTGATG-1	NK	17
TTAGCGATCCGCTCTA-1	B	1
TTAGCGATCGCTATAG-1	NK	8
TTAGCTTAGACCTATC-1	NK	17
TTAGCTTAGCATTCCA-1	T	2
TTAGCTTAGGTTGTGG-1	T	14
TTAGCTTCACAGTAGG-1	T	2
TTAGCTTCACATTCTT-1	Stromal	9
TTAGCTTCAGATAAGT-1	NK	17
TTAGCTTCAGGCAAGT-1	T	15
TTAGCTTCATCCGTAA-1	Stromal	9
TTAGCTTCATGCGCTG-1	T	2
TTAGCTTGTCAGCAAG-1	NK	13
TTAGCTTGTCTGTGTA-1	NK	6
TTAGCTTGTTACTACG-1	Myeloid	10
TTAGCTTGTTGCTTGA-1	T	14
TTAGCTTGTTTGCGAT-1	B	16
TTAGCTTTCATTCTTG-1	B	16
TTAGCTTTCCACGGCA-1	Stromal	9
TTAGCTTTCCATGTTT-1	T	15
TTAGCTTTCCCAGCGA-1	T	19
TTAGCTTTCCTGGGAC-1	T	12
TTAGCTTTCCTGTAGA-1	T	18
TTAGCTTTCGTCTAGA-1	NK	3
TTAGCTTTCGTTCCGT-1	NK	17
TTAGCTTTCTCCAACC-1	Myeloid	10
TTAGCTTTCTGATCCC-1	B	16
TTAGGTGAGAACGTCG-1	T	0
TTAGGTGAGACCCTAT-1	NK	17
TTAGGTGAGAGATTAC-1	NK	17
TTAGGTGAGCGAGAAA-1	NK	8
TTAGGTGAGCGATACG-1	T	2
TTAGGTGAGCTGAGGT-1	NK	6
TTAGGTGCAACGTACT-1	T	11
TTAGGTGCACGTACAT-1	B	1
TTAGGTGCACTGAAGG-1	T	19
TTAGGTGCATAGCCGC-1	NK	13
TTAGGTGCATTACTCT-1	NK	3
TTAGGTGGTATCTAGC-1	NK	8
TTAGGTGGTATTGTCG-1	NK	8
TTAGGTGGTCATAGCT-1	B	16
TTAGGTGGTCCAACCG-1	T	7
TTAGGTGGTCCGGTAC-1	Myeloid	10
TTAGGTGGTCTGTCCT-1	NK	17
TTAGGTGGTGGCATAG-1	T	7
TTAGGTGGTGTCTACA-1	T	15
TTAGGTGGTGTTGGTT-1	T	2
TTAGGTGTCCCGTATC-1	NK	13
TTAGGTGTCGCTATAG-1	T	19
TTAGGTGTCGCTTCAC-1	T	19
TTAGGTGTCTCCCTTT-1	Myeloid	10
TTATGTCAGCTTACCA-1	T	19
TTATGTCAGGTACACG-1	T	5
TTATGTCAGTCAGCCC-1	T	18
TTATGTCAGTGCTCGC-1	Epithelial	4
TTATGTCCAGCCACGT-1	NK	6
TTATGTCCATTACCTT-1	T	18
TTATGTCGTCACCCGA-1	NK	17
TTATGTCGTGAATCGG-1	Stromal	9
TTATGTCGTGACCAGA-1	T	15
TTATGTCGTGACGCAA-1	T	7
TTATGTCGTGAGTCGA-1	NK	3
TTATGTCGTTGTGACT-1	NK	13
TTATGTCGTTTAAGGA-1	NK	8
TTATGTCTCATTCTCA-1	T	14
TTATGTCTCGACGGAA-1	T	18
TTATGTCTCGGTGATT-1	NK	17
TTATGTCTCGTCCCAT-1	Epithelial	4
TTCAACTAGAGCAGCT-1	B	1
TTCAACTAGCTAGCAG-1	T	5
TTCAACTAGGCTGGAT-1	B	16
TTCAACTAGGTAGGAA-1	T	0
TTCAACTAGTAACATG-1	T	19
TTCAACTAGTACAGAT-1	B	16
TTCAACTAGTGATTAG-1	B	16
TTCAACTAGTTGACAA-1	T	15
TTCAACTCAAGCACTT-1	T	18
TTCAACTCAAGGAACC-1	NK	13
TTCAACTCAATGACTC-1	Stromal	9
TTCAACTCACATTCTT-1	NK	8
TTCAACTCATGTCCCT-1	T	2
TTCAACTCATTTAGGC-1	T	0
TTCAACTCATTTCTTG-1	NK	13
TTCAACTTCACCACAA-1	T	0
TTCAACTTCACGTGTA-1	B	16
TTCAACTTCACTCCCA-1	NK	6
TTCAACTTCAGCACTA-1	B	1
TTCAACTTCGACCCGA-1	T	2
TTCAACTTCGGGACAA-1	B	16
TTCATCAAGAACGTCG-1	NK	17
TTCATCAAGACAGCTG-1	T	5
TTCATCAAGACTAATG-1	T	5
TTCATCAAGCAGGAGG-1	T	15
TTCATCAAGGTACATA-1	T	5
TTCATCACAACTAGAA-1	T	11
TTCATCACAATTGCCA-1	NK	13
TTCATCACACGCGTTG-1	B	1
TTCATCACAGCAGGTA-1	T	11
TTCATCACAGGGTAAC-1	NK	13
TTCATCACATCCATAG-1	T	2
TTCATCACATCGAGTT-1	T	15
TTCATCAGTACGTAAA-1	NK	3
TTCATCAGTCTGGGAA-1	Stromal	9
TTCATCAGTTTCGTTT-1	NK	17
TTCATCAGTTTGTGAC-1	NK	3
TTCATCATCAGTCTTT-1	NK	8
TTCATCATCGCTTACC-1	B	1
TTCATTGAGAACGCCA-1	T	14
TTCATTGAGACTAATG-1	B	1
TTCATTGAGATCACCT-1	B	16
TTCATTGAGCGCCTAC-1	B	16
TTCATTGAGGACCGAT-1	NK	6
TTCATTGAGGGAGATA-1	T	11
TTCATTGAGGTTGTTC-1	T	18
TTCATTGCAACGCAAG-1	T	2
TTCATTGCAAGCGGTA-1	NK	8
TTCATTGCAAGCGTCC-1	T	2
TTCATTGCACCTGAAT-1	B	16
TTCATTGCACGGTTAT-1	T	5
TTCATTGCACTCAGCG-1	NK	17
TTCATTGCACTGTCAA-1	T	12
TTCATTGCATGCACTA-1	NK	3
TTCATTGCATGTGGGA-1	T	19
TTCATTGGTACTAGAA-1	T	18
TTCATTGGTAGTATCC-1	NK	8
TTCATTGGTAGTCCAT-1	NK	6
TTCATTGGTATCTCAG-1	B	1
TTCATTGGTATGAAGT-1	Myeloid	10
TTCATTGGTCGCTAGC-1	B	16
TTCATTGGTTAAGTCC-1	T	0
TTCATTGGTTGGCGAA-1	NK	17
TTCATTGGTTTGCATG-1	T	0
TTCATTGTCAAGAGAT-1	T	19
TTCATTGTCGGACGAA-1	Stromal	9
TTCATTGTCGTGAACT-1	T	7
TTCGATTAGAATACTG-1	NK	6
TTCGATTAGATTAGAC-1	NK	17
TTCGATTAGGGAAGCG-1	T	18
TTCGATTAGTCAGCCC-1	T	19
TTCGATTAGTCTGTGT-1	NK	17
TTCGATTCAAGACTTC-1	Epithelial	4
TTCGATTCAAGCAACG-1	NK	13
TTCGATTCAAGGCGTA-1	T	15
TTCGATTCACTCCTCA-1	Epithelial	4
TTCGATTCATGTGGGA-1	T	18
TTCGATTGTATCTGCA-1	Stromal	9
TTCGATTGTCCATTGA-1	NK	13
TTCGATTGTCGCTACG-1	NK	6
TTCGATTGTGGTGGTA-1	T	5
TTCGATTGTGGTTCTA-1	NK	17
TTCGATTTCACTGATG-1	Epithelial	4
TTCGATTTCAGTTGAC-1	NK	8
TTCGATTTCCAGTTAG-1	T	18
TTCGATTTCGTTCCGT-1	T	5
TTCGATTTCTTGTACT-1	B	16
TTCGCGTAGCGCACAA-1	T	2
TTCGCGTAGGATGCCA-1	Myeloid	10
TTCGCGTAGGATTGAT-1	NK	17
TTCGCGTAGTGTTCCA-1	B	16
TTCGCGTCAAAGCTGG-1	NK	17
TTCGCGTCAATGGCTT-1	T	0
TTCGCGTCACGATATC-1	NK	13
TTCGCGTCAGCAAACG-1	NK	17
TTCGCGTCATCGAGTT-1	NK	17
TTCGCGTGTATGTCCA-1	B	16
TTCGCGTGTGAGTAAT-1	Myeloid	10
TTCGCGTGTGCTTGAT-1	NK	8
TTCGCGTGTGGTACTT-1	NK	17
TTCGCGTTCACCGCGA-1	T	2
TTCGCGTTCACGATTG-1	T	0
TTCGCGTTCAGAATGA-1	T	15
TTCGCGTTCCATTGAG-1	B	1
TTCGCGTTCGAGGTCC-1	NK	13
TTCGCGTTCGATAGCT-1	T	12
TTCGCGTTCGCGGCAT-1	T	7
TTCGCGTTCGGATAGG-1	B	16
TTCGCGTTCGGTCCGA-1	Epithelial	4
TTCGCGTTCGTCGCAG-1	T	11
TTCGGTCAGAGTCCGA-1	T	18
TTCGGTCAGGTTACAA-1	T	12
TTCGGTCAGTACAACA-1	NK	6
TTCGGTCCAGTAACTC-1	T	2
TTCGGTCCAGTTGCAT-1	NK	17
TTCGGTCCATTACACG-1	T	0
TTCGGTCCATTTGGCA-1	NK	17
TTCGGTCGTAAAGCTA-1	T	0
TTCGGTCGTTCCTATT-1	Epithelial	4
TTCGGTCTCCAGAGAG-1	NK	17
TTCGGTCTCCAGGCCA-1	T	15
TTCGGTCTCCCACTAC-1	Epithelial	4
TTCGGTCTCCCGTAGG-1	T	12
TTCGGTCTCGATGAAA-1	NK	3
TTCGGTCTCTCCTTGG-1	NK	17
TTCGGTCTCTTGTCAT-1	B	16
TTCGTTAAGACCTATC-1	NK	17
TTCGTTAAGGGCTCTC-1	Stromal	9
TTCGTTAAGGTTCTCA-1	NK	17
TTCGTTAAGTTCAAGA-1	NK	8
TTCGTTAAGTTGAATG-1	B	16
TTCGTTACAAGAGCGT-1	T	18
TTCGTTACAATCATCG-1	B	1
TTCGTTACAATTGCCA-1	NK	3
TTCGTTACACCGAAAG-1	NK	17
TTCGTTACATTGCACA-1	NK	3
TTCGTTACATTGCGAT-1	T	15
TTCGTTACATTTAGGC-1	NK	3
TTCGTTAGTACAACGG-1	T	14
TTCGTTAGTAGACACG-1	T	0
TTCGTTAGTCAAACAA-1	B	16
TTCGTTAGTCAGACGA-1	B	1
TTCGTTAGTTCCCGGA-1	T	5
TTCGTTAGTTTGATCG-1	Stromal	9
TTCGTTATCGGTAGGA-1	NK	13
TTCGTTATCTCTGAGA-1	T	5
TTCTAACAGGGCTCTC-1	NK	13
TTCTAACAGTACCTCA-1	Myeloid	10
TTCTAACAGTCGTGAG-1	NK	3
TTCTAACCAACCTCCT-1	T	15
TTCTAACCAGGCTACC-1	T	15
TTCTAACGTAACCATC-1	NK	8
TTCTAACGTGACGCAA-1	B	1
TTCTAACGTTCAGTTG-1	NK	17
TTCTAACTCAGGAAGC-1	B	16
TTCTAACTCCAGAATC-1	T	2
TTCTAACTCGCAGATT-1	T	0
TTCTAACTCGTTGTTT-1	NK	17
TTCTAACTCTCTGCAC-1	T	7
TTCTGTAAGCCCATGC-1	T	7
TTCTGTAAGGCCTCTG-1	B	16
TTCTGTAAGTCATACC-1	NK	3
TTCTGTAAGTCGTATC-1	T	15
TTCTGTAAGTGGACGT-1	T	15
TTCTGTACACCACGAC-1	B	16
TTCTGTACACCGATCG-1	B	1
TTCTGTACACGATTAC-1	T	12
TTCTGTACACGCGTTG-1	NK	13
TTCTGTACACTGGGCT-1	T	2
TTCTGTACAGAACAGC-1	B	16
TTCTGTACAGTGCTCG-1	T	5
TTCTGTAGTCTAACCA-1	NK	17
TTCTGTAGTGATAGAT-1	T	0
TTCTGTAGTGATGTGG-1	T	7
TTCTGTAGTGTGCTTA-1	B	1
TTCTGTAGTTCAGTAC-1	B	1
TTCTGTATCCCTAAAG-1	T	0
TTCTGTATCGATGTAC-1	Stromal	9
TTCTGTATCGCGATGC-1	T	18
TTCTGTATCTAGTCGA-1	NK	17
TTGACGAAGAGGCGGA-1	B	16
TTGACGACAAGCTTTG-1	NK	8
TTGACGACAATCAGGG-1	NK	17
TTGACGACATGCACTA-1	Epithelial	4
TTGACGAGTAACGGCA-1	NK	3
TTGACGAGTATCGCGC-1	T	12
TTGACGAGTCATCGTA-1	T	7
TTGACGAGTCGCTAGC-1	NK	13
TTGACGAGTGCGTCCA-1	Epithelial	4
TTGACGATCATTCATC-1	T	12
TTGACGATCTACCCGT-1	Epithelial	4
TTGAGCAAGATGTTGA-1	T	12
TTGAGCAAGCTTACCA-1	T	2
TTGAGCAAGGTTGACG-1	T	14
TTGAGCAAGTTCCAGT-1	NK	17
TTGAGCACAATTCAGC-1	NK	17
TTGAGCACACTGTCAA-1	T	14
TTGAGCACACTTTGGA-1	T	12
TTGAGCACAGTTGCAT-1	NK	17
TTGAGCAGTAGCTGTT-1	B	1
TTGAGCAGTAGTAACA-1	Epithelial	4
TTGAGCAGTCCGTGCA-1	T	12
TTGAGCAGTGGGTAGT-1	NK	3
TTGAGCAGTTTAGACC-1	T	12
TTGAGCATCAGTGTGT-1	T	2
TTGAGCATCAGTTGAC-1	B	16
TTGAGCATCGACTATG-1	T	2
TTGAGCATCGTCGCAG-1	NK	3
TTGAGCATCTTCATAC-1	T	19
TTGAGTGAGATATGAC-1	NK	17
TTGAGTGAGCATTGGG-1	B	16
TTGAGTGAGCTAGCAG-1	T	18
TTGAGTGAGGCCTAAG-1	T	2
TTGAGTGAGGCGTCCT-1	NK	17
TTGAGTGAGGTAGGAA-1	T	2
TTGAGTGAGGTTTCTG-1	T	7
TTGAGTGGTAACGGTG-1	B	16
TTGAGTGGTCAATACC-1	B	1
TTGAGTGGTCGCGCTA-1	NK	6
TTGAGTGGTGATAACA-1	T	2
TTGAGTGGTGCTTTGA-1	T	5
TTGAGTGGTTGGCTTA-1	T	19
TTGAGTGGTTTGCCCT-1	B	1
TTGAGTGTCCAGCACG-1	T	0
TTGAGTGTCGCTGATA-1	Myeloid	10
TTGAGTGTCGTTGTTT-1	T	7
TTGAGTGTCTTCAGAG-1	T	0
TTGCACCAGATTAGAC-1	T	7
TTGCACCAGCGCCTAC-1	Stromal	9
TTGCACCCAACTCAAC-1	B	1
TTGCACCCAAGCAATA-1	NK	17
TTGCACCCAAGGGAGG-1	T	15
TTGCACCCAATTCAGC-1	T	19
TTGCACCCACAACGGA-1	T	5
TTGCACCCATCAGCTA-1	NK	17
TTGCACCCATTCACGA-1	T	14
TTGCACCGTACCTATG-1	T	0
TTGCACCGTATGTCCA-1	NK	3
TTGCACCGTCTGATTG-1	NK	3
TTGCACCGTGACCAGA-1	T	0
TTGCACCGTTGCTTGA-1	NK	13
TTGCACCGTTTGTACG-1	Myeloid	10
TTGCACCTCAGGAATA-1	NK	17
TTGCACCTCAGTGGTT-1	NK	13
TTGCACCTCCGATGCG-1	T	7
TTGCACCTCCTAAGTG-1	T	2
TTGCACCTCGGTCGAC-1	T	0
TTGCACCTCTCGCGTT-1	B	1
TTGCAGAAGGATCCTT-1	T	5
TTGCAGAAGGTACACG-1	T	2
TTGCAGAAGTAGTCGG-1	T	7
TTGCAGAAGTGTCGGA-1	T	5
TTGCAGACAAACCTAC-1	NK	17
TTGCAGACAAGCAGGT-1	NK	6
TTGCAGACATCTGCAA-1	T	11
TTGCAGAGTAGCGAGT-1	B	16
TTGCAGAGTATTGTGC-1	NK	17
TTGCAGAGTCATCGTA-1	Myeloid	10
TTGCAGAGTGCGTCCA-1	T	7
TTGCAGAGTGGCATAG-1	B	16
TTGCAGATCATTCATC-1	T	12
TTGCAGATCCATAACG-1	NK	13
TTGCAGATCCATTGTT-1	T	11
TTGCAGATCTATCTTG-1	T	18
TTGCAGATCTCGGCGA-1	B	1
TTGCAGATCTGATCCC-1	NK	3
TTGCCCAAGAGGCCTA-1	T	14
TTGCCCAAGGGTGTTG-1	T	19
TTGCCCACAAGTTGCT-1	T	12
TTGCCCACAATAGCGG-1	NK	8
TTGCCCACAGGCACAA-1	T	11
TTGCCCACAGGGCTTC-1	B	1
TTGCCCAGTAACCGAG-1	T	0
TTGCCCAGTACATGGG-1	T	7
TTGCCCAGTAGCCATT-1	T	18
TTGCCCAGTCTGGGAA-1	B	16
TTGCCCAGTCTGGTTA-1	T	11
TTGCCCAGTTGGAGGT-1	NK	13
TTGCCCATCAAGAGAT-1	NK	8
TTGCCCATCAAGGCAG-1	T	19
TTGCCCATCCTTGACC-1	B	16
TTGCCCATCGGAGTTT-1	NK	17
TTGCGAAAGGGCATTG-1	NK	17
TTGCGAAAGGGTCCCT-1	T	18
TTGCGAAAGTCTGGGA-1	T	12
TTGCGAAAGTTCAGGG-1	NK	8
TTGCGAACAACGTACT-1	T	2
TTGCGAACACGCCGAT-1	Stromal	9
TTGCGAACAGGTGGTA-1	T	5
TTGCGAACAGTGCTCG-1	NK	13
TTGCGAACATCCGTGG-1	Epithelial	4
TTGCGAAGTAAAGCTA-1	NK	13
TTGCGAAGTAGTACAA-1	B	1
TTGCGAAGTATGGTTC-1	Myeloid	10
TTGCGAAGTATTCTTC-1	T	11
TTGCGAAGTCTGTTGA-1	T	2
TTGCGAAGTGGTAAGC-1	NK	8
TTGCGAAGTGTTGGTT-1	T	7
TTGCGAAGTTCTTATC-1	B	1
TTGCGAAGTTTCTCTA-1	Myeloid	10
TTGCGAATCGTATAGC-1	T	5
TTGCGGGAGCAGAGCT-1	NK	17
TTGCGGGAGGTACTCT-1	NK	17
TTGCGGGAGTCTAGAA-1	T	7
TTGCGGGCAATTGGCT-1	T	0
TTGCGGGCATGCGTTA-1	T	15
TTGCGGGCATGGGTGA-1	T	19
TTGCGGGGTCCTATTT-1	T	2
TTGCGGGGTCGATTAC-1	Stromal	9
TTGCGGGGTGTAGGAC-1	T	0
TTGCGGGTCCAAGTCA-1	NK	8
TTGCGGGTCCATATCT-1	NK	8
TTGCGGGTCCTCCTGA-1	NK	6
TTGCGGGTCGTGAGTT-1	NK	3
TTGCGGGTCTTCCAGC-1	NK	8
TTGCTATAGAACGACC-1	Stromal	9
TTGCTATAGAGCTCCC-1	B	1
TTGCTATAGGTTGTTC-1	T	18
TTGCTATAGTGAAGGA-1	T	18
TTGCTATAGTGATATG-1	T	11
TTGCTATAGTGGACGT-1	NK	6
TTGCTATCAAGCCAGA-1	NK	8
TTGCTATCAATAGTGA-1	NK	17
TTGCTATCACGCTCAG-1	T	15
TTGCTATCACTAGGAG-1	NK	6
TTGCTATCAGTGCGAA-1	B	1
TTGCTATCATTACTCT-1	NK	17
TTGCTATGTACGTATC-1	T	0
TTGCTATGTACTTCAG-1	NK	3
TTGCTATGTCAGCTTA-1	NK	3
TTGCTATGTGAATGGC-1	Myeloid	10
TTGCTATGTGCAACAG-1	Myeloid	10
TTGCTATGTTGTGAGG-1	NK	3
TTGCTATTCAATCGTG-1	NK	6
TTGCTATTCCAACCTC-1	T	18
TTGCTATTCCAATAGC-1	T	18
TTGCTATTCCATTGAG-1	Myeloid	10
TTGCTATTCCTCCAGT-1	T	7
TTGCTATTCTGTCGGG-1	NK	13
TTGCTATTCTTGCGCT-1	T	5
TTGCTTAAGAACTCCT-1	T	19
TTGCTTAAGGTACACG-1	T	5
TTGCTTAAGGTTGTGG-1	NK	3
TTGCTTAAGTGAAACT-1	T	15
TTGCTTAAGTTGCCGC-1	T	2
TTGCTTACAAGAGATT-1	NK	3
TTGCTTACAATCAGGG-1	T	19
TTGCTTACAATGGTAA-1	T	15
TTGCTTACAGCACATT-1	T	19
TTGCTTACAGGATGTG-1	B	1
TTGCTTACAGGTAGCA-1	NK	6
TTGCTTACATCATCGA-1	B	1
TTGCTTAGTACGCAAG-1	T	2
TTGCTTAGTCAACTGT-1	T	7
TTGCTTAGTCAGAAAT-1	T	19
TTGCTTATCCAGTACA-1	Epithelial	4
TTGCTTATCGACTATG-1	Epithelial	4
TTGCTTATCTGGCACG-1	NK	17
TTGCTTATCTTTGCAT-1	NK	6
TTGGTCCAGAACGTTA-1	T	0
TTGGTCCAGAGCCACA-1	B	16
TTGGTCCAGGAAGACA-1	Myeloid	10
TTGGTCCAGGAGACTC-1	T	0
TTGGTCCAGGTCGGTA-1	NK	17
TTGGTCCAGTGCTGAG-1	Myeloid	10
TTGGTCCAGTTGAATG-1	T	12
TTGGTCCCAAGTCTCA-1	T	18
TTGGTCCCAATGGCAG-1	T	19
TTGGTCCCACAGTTAC-1	T	11
TTGGTCCCAGACCTGC-1	B	1
TTGGTCCCAGGTCTGC-1	Epithelial	4
TTGGTCCCAGTAAGAT-1	T	15
TTGGTCCCATCGCCTT-1	T	12
TTGGTCCCATCTCTCG-1	T	7
TTGGTCCCATGGCCCA-1	T	0
TTGGTCCGTAGCAGGT-1	T	12
TTGGTCCGTATATGGA-1	NK	17
TTGGTCCGTCAACTAC-1	NK	17
TTGGTCCGTCGCTACG-1	B	16
TTGGTCCGTGCTTGAT-1	NK	8
TTGGTCCGTTGCAGAG-1	T	15
TTGGTCCGTTTCAGCA-1	T	14
TTGGTCCTCCAATCCC-1	Epithelial	4
TTGGTCCTCGAGAACG-1	T	19
TTGGTCCTCGCACAAT-1	B	1
TTGGTCCTCTCTATCA-1	T	7
TTGTCTAAGAACGTCG-1	Stromal	9
TTGTCTAAGCCTCGCA-1	B	16
TTGTCTAAGCTACGCC-1	T	14
TTGTCTAAGGCAAGCT-1	T	18
TTGTCTAAGTCGTATC-1	T	19
TTGTCTAAGTTCCAGT-1	T	5
TTGTCTACAGTCAGAG-1	B	16
TTGTCTAGTCATCAAC-1	T	12
TTGTCTAGTCGCTAGC-1	B	16
TTGTCTAGTGCGTAGA-1	NK	8
TTGTCTAGTGCTGGCT-1	NK	17
TTGTCTATCAGTGGTT-1	NK	17
TTGTCTATCATTGCCC-1	T	0
TTGTCTATCGATGCAT-1	NK	3
TTGTTCAAGAACCCGA-1	T	7
TTGTTCAAGGGCGAAG-1	T	12
TTGTTCACAACACGGA-1	B	16
TTGTTCACACCAAGGA-1	T	11
TTGTTCACACTCGTGG-1	T	19
TTGTTCAGTACGGAGT-1	B	1
TTGTTCAGTCAACTGT-1	T	19
TTGTTCAGTCAATACC-1	NK	6
TTGTTCAGTGCGTTTA-1	NK	8
TTGTTCAGTGGACAGT-1	NK	8
TTGTTCAGTGTTAGAA-1	T	12
TTGTTCAGTTAACTCG-1	NK	17
TTGTTCATCCAGTTAG-1	NK	3
TTGTTCATCCATGTTT-1	T	11
TTGTTCATCGATGCAT-1	T	15
TTGTTCATCGGTCTCT-1	T	15
TTGTTGTAGATCTCAC-1	T	0
TTGTTGTAGCAGGAGG-1	Epithelial	4
TTGTTGTCAAGCAGGT-1	B	16
TTGTTGTCACTGATAC-1	B	16
TTGTTGTCAGGAGCAT-1	T	19
TTGTTGTGTAGATGAT-1	Myeloid	10
TTGTTGTGTCAGTGTT-1	B	16
TTGTTGTTCCATGTTT-1	Epithelial	4
TTGTTGTTCCCAGTAA-1	Stromal	9
TTGTTGTTCCGCTCTA-1	NK	3
TTGTTGTTCCTTTGAT-1	T	5
TTGTTGTTCGTATAGC-1	T	12
TTGTTGTTCTCATCCG-1	Myeloid	10
TTGTTGTTCTCGCGTT-1	NK	6
TTGTTGTTCTTCCAGC-1	T	18
TTTACGTAGAGCCTGA-1	Myeloid	10
TTTACGTAGAGGAAGT-1	Myeloid	10
TTTACGTAGCCTTTGA-1	T	2
TTTACGTAGGCTTCGC-1	T	5
TTTACGTAGGGTCCCT-1	NK	8
TTTACGTAGTCGCCTG-1	T	2
TTTACGTAGTTACACC-1	T	7
TTTACGTAGTTTGGAA-1	T	14
TTTACGTCAAACCTAC-1	Stromal	9
TTTACGTCAAAGGCCA-1	T	12
TTTACGTCAAGGAACC-1	T	7
TTTACGTCACCGATCG-1	B	1
TTTACGTCACGTGAAG-1	Epithelial	4
TTTACGTCACTGATTG-1	Myeloid	10
TTTACGTCATCTCTCG-1	T	7
TTTACGTGTACCCACG-1	T	2
TTTACGTGTGCACTTA-1	NK	17
TTTACGTGTGTAGGAC-1	Stromal	9
TTTACGTGTGTCTACA-1	Myeloid	10
TTTACGTGTGTTAGAA-1	B	1
TTTACGTGTTCTGAGT-1	NK	13
TTTACGTGTTTGCGAT-1	T	15
TTTACGTTCAAGGCAG-1	T	7
TTTACGTTCCCTACCA-1	T	7
TTTACGTTCCTTCGAC-1	T	0
TTTACGTTCGTGCTTC-1	T	12
TTTGAGGAGAAGGGCG-1	B	1
TTTGAGGAGAGCAGCT-1	T	15
TTTGAGGAGATTAGAC-1	T	12
TTTGAGGAGCACACCC-1	Myeloid	10
TTTGAGGAGCGTCAAG-1	T	5
TTTGAGGAGCTACGTT-1	T	5
TTTGAGGAGGCGACTA-1	Myeloid	10
TTTGAGGAGGCTTAAA-1	B	1
TTTGAGGAGTATGGGC-1	B	16
TTTGAGGAGTCCGGAA-1	Epithelial	4
TTTGAGGAGTTCGACT-1	Myeloid	10
TTTGAGGCAACGTCCG-1	T	5
TTTGAGGCAAGCGACA-1	B	16
TTTGAGGCAAGGAACC-1	T	5
TTTGAGGCAATTGTGC-1	T	18
TTTGAGGCACAGCTTA-1	B	16
TTTGAGGCACCTGGTG-1	NK	8
TTTGAGGCAGGATGTG-1	T	18
TTTGAGGCATATACGC-1	T	0
TTTGAGGCATCCTCGT-1	T	0
TTTGAGGGTAAACCCT-1	Stromal	9
TTTGAGGGTAGAAAGG-1	Myeloid	10
TTTGAGGGTAGAATAC-1	B	16
TTTGAGGGTAGCTGTT-1	B	16
TTTGAGGGTATGAAGT-1	T	7
TTTGAGGGTGCGACCT-1	T	19
TTTGAGGGTTCCAGTA-1	B	16
TTTGAGGTCACTTACT-1	NK	17
TTTGAGGTCCTGTAGA-1	T	18
TTTGAGGTCGATGTGT-1	T	19
TTTGAGGTCGGTTCCT-1	B	1
TTTGAGGTCTAGCAGT-1	T	15
TTTGCGCAGAGGCAGG-1	T	15
TTTGCGCAGCAACGGT-1	B	16
TTTGCGCAGCGTCTGC-1	NK	6
TTTGCGCAGGATTGCG-1	NK	17
TTTGCGCAGGTAGGAA-1	Stromal	9
TTTGCGCAGTGCAACG-1	T	0
TTTGCGCCACTACACA-1	NK	17
TTTGCGCCACTCCACT-1	NK	3
TTTGCGCCAGGTCTGC-1	B	16
TTTGCGCCAGTAAGCG-1	T	19
TTTGCGCGTAAAGCTA-1	NK	3
TTTGCGCGTAGTACAA-1	B	1
TTTGCGCGTATGGATA-1	T	14
TTTGCGCGTGATAAGT-1	Stromal	9
TTTGCGCGTGCAGACA-1	Stromal	9
TTTGCGCGTGGAAAGA-1	T	14
TTTGCGCGTTCCTATT-1	NK	17
TTTGCGCGTTGTGACT-1	T	2
TTTGCGCTCACAAGCT-1	T	19
TTTGCGCTCACTTACT-1	T	7
TTTGCGCTCCAGGGAA-1	NK	8
TTTGCGCTCCGTACGG-1	B	1
TTTGCGCTCGGCTATA-1	NK	3
TTTGCGCTCGGTCCGA-1	Epithelial	4
TTTGCGCTCTTCCACG-1	NK	17
TTTGGCCAGAGAATTC-1	NK	6
TTTGGCCAGCAGAATT-1	NK	6
TTTGGCCAGCCTATAC-1	T	0
TTTGGCCAGTAACTCC-1	Epithelial	4
TTTGGCCAGTGATCTC-1	T	5
TTTGGCCCAAAGCATA-1	NK	17
TTTGGCCCAAAGCTGG-1	NK	17
TTTGGCCCAAGCCAGA-1	B	1
TTTGGCCCAATCCATG-1	T	15
TTTGGCCCAGGTTATC-1	NK	3
TTTGGCCCATGGCCTG-1	NK	3
TTTGGCCCATTACCTT-1	NK	3
TTTGGCCGTTTCTTAC-1	T	7
TTTGGCCTCGCTACCT-1	T	2
TTTGGCCTCTATATCC-1	T	12
TTTGGCCTCTTCAGAG-1	NK	8
TTTGGCCTCTTGGCCT-1	T	15
TTTGGTTAGAGAGGTA-1	T	5
TTTGGTTAGCCTATAC-1	T	19
TTTGGTTAGCTACGCC-1	NK	3
TTTGGTTAGGAAACTT-1	T	2
TTTGGTTAGGCGATTG-1	NK	17
TTTGGTTAGTCCTTCC-1	T	11
TTTGGTTCAAAGCATA-1	Myeloid	10
TTTGGTTCAAGGTCGA-1	NK	3
TTTGGTTCAGTATCTG-1	Epithelial	4
TTTGGTTCATACAACC-1	T	2
TTTGGTTCATTAGCCA-1	T	18
TTTGGTTGTACTAGAA-1	NK	3
TTTGGTTGTAGTCCAT-1	B	16
TTTGGTTGTCACAGTT-1	NK	8
TTTGGTTGTCCCTAAA-1	T	18
TTTGGTTGTCTGAGCC-1	B	16
TTTGGTTGTGCTGAAG-1	T	14
TTTGGTTGTGTGACCC-1	B	16
TTTGGTTGTTCAGAAA-1	T	15
TTTGGTTTCAGGTTTG-1	Epithelial	4
TTTGGTTTCATACTTC-1	NK	17
TTTGGTTTCCAGGTAT-1	T	15
TTTGGTTTCGGTAGGA-1	NK	13
TTTGGTTTCTCTATCA-1	T	11
TTTGTGTAGAAATGGG-1	NK	17
TTTGTGTAGCAGAATT-1	NK	17
TTTGTGTAGCGCAATG-1	B	1
TTTGTGTAGGCCAATG-1	NK	13
TTTGTGTCAATGCCAT-1	T	7
TTTGTGTCACGCGTTG-1	B	16
TTTGTGTCAGCAACGA-1	T	11
TTTGTGTCAGGCAGAT-1	Stromal	9
TTTGTGTCAGGTAGCA-1	T	5
TTTGTGTCAGTTCGGC-1	Stromal	9
TTTGTGTCATTAACGC-1	NK	13
TTTGTGTGTAACGGTG-1	NK	17
TTTGTGTGTAGAAAGG-1	T	18
TTTGTGTGTATCAGCT-1	T	7
TTTGTGTGTTCGGGAA-1	NK	17
TTTGTGTTCCTCATTA-1	T	7
TTTGTGTTCGATGTGT-1	T	11
TTTGTGTTCGCTATTT-1	T	0
