dataset,comparison,group,gene,role,symbol_used,present,unit,ortholog_note,n,log2FC,ci_lo,ci_hi,p,test,note,mean_log2,linear_cpm,pct_all_genes,pct_expressed_genes,below_1_cpm,near_floor,q_BH,max_effect_still_compatible,informative_null
GSE236394,CD56bright vs CD56dim (blood),1,PIEZO1,channel,PIEZO1,True,moderated log2 CPM (as deposited),,6.0,0.39191071763031077,0.043043659024362024,0.7407777762362595,0.03427690329769128,paired_t,,4.2079524753917585,18.480763757859794,88.48765432098766,87.88127818974084,False,False,0.05876040565318504,0.7407777762362595,False
GSE236394,CD56bright vs CD56dim (blood),1,PIEZO2,channel,PIEZO2,True,moderated log2 CPM (as deposited),,6.0,0.8175495364312718,0.159208043785955,1.4758910290765885,0.02420450279837401,paired_t,,1.2751289652561868,2.4202045154580714,79.51888162672476,78.44010396758657,False,False,0.04670167692235319,1.4758910290765885,False
GSE236394,CD56bright vs CD56dim (blood),1,TRPV2,channel,TRPV2,True,moderated log2 CPM (as deposited),,6.0,0.3907014231064587,0.10980720881385841,0.671595637399059,0.01595101972165853,paired_t,,5.3651010249289,41.215098136475305,92.84313725490196,92.4661723109854,False,False,0.03828244733198047,0.671595637399059,False
GSE236394,CD56bright vs CD56dim (blood),1,TRPV4,channel,TRPV4,True,moderated log2 CPM (as deposited),,6.0,1.4399878702542,-0.013843974439365248,2.893819714947765,0.05150965159947609,paired_t,,-3.1873537089831645,0.10977689096809588,56.49782135076252,54.206482684810034,True,True,0.07726447739921413,2.893819714947765,False
GSE236394,CD56bright vs CD56dim (blood),1,TRPM7,channel,TRPM7,True,moderated log2 CPM (as deposited),,6.0,-0.6595258518667926,-0.9368519591897844,-0.38219974454380085,0.0016976596790245337,paired_t,,6.40130842027591,84.52512973033194,96.30537400145244,96.11077134775628,False,False,0.008148766459317763,0.9368519591897844,False
GSE236394,CD56bright vs CD56dim (blood),1,TRPC1,channel,TRPC1,True,moderated log2 CPM (as deposited),,6.0,2.1889437776194174,1.3990665495319872,2.9788210057068474,0.000845645742542078,paired_t,,-2.1824582026304897,0.2203000606553373,64.30101670297749,62.420686491858426,True,True,0.005073874455252468,2.9788210057068474,False
GSE236394,CD56bright vs CD56dim (blood),1,TRPC6,channel,TRPC6,True,moderated log2 CPM (as deposited),,6.0,1.2011129008772257,-0.33948207306752165,2.741707874821973,0.1014027727194641,paired_t,,-3.9427858907327282,0.06502841675910496,48.87799564270153,46.18530693372067,True,True,0.11864861039274195,2.741707874821973,False
GSE236394,CD56bright vs CD56dim (blood),1,TMEM63A,channel,TMEM63A,True,moderated log2 CPM (as deposited),,6.0,0.5619845120434674,0.24747269948933032,0.8764963245976045,0.005876303873339814,paired_t,,6.250005967692434,76.10957018593699,95.84785766158315,95.62915679229417,False,False,0.020147327565736506,0.8764963245976045,False
GSE236394,CD56bright vs CD56dim (blood),1,TMEM63B,channel,TMEM63B,True,moderated log2 CPM (as deposited),,6.0,-0.4143351258417332,-0.6125164728175772,-0.2161537788658892,0.0030042511895992815,paired_t,,2.1239219591964256,4.358772660060922,82.02251270878722,81.07560584053208,False,False,0.012017004758397126,0.6125164728175772,False
GSE236394,CD56bright vs CD56dim (blood),1,KCNK2,channel,KCNK2,True,moderated log2 CPM (as deposited),,6.0,1.5644401479049306,0.28893434231889503,2.8399459534909663,0.025296741666274644,paired_t,,-4.414013771555337,0.04690827402218353,43.07007988380537,40.07147771577097,True,True,0.04670167692235319,2.8399459534909663,False
GSE236394,CD56bright vs CD56dim (blood),1,KCNK4,channel,KCNK4,True,moderated log2 CPM (as deposited),,6.0,1.0908291290563754,0.028119993238632013,2.153538264874119,0.04605367373434195,paired_t,,-5.144872698174778,0.028264349453892536,31.85366739288308,28.264276431465486,True,True,0.07368587797494713,2.153538264874119,False
GSE236394,CD56bright vs CD56dim (blood),1,YAP1,mechano_downstream,YAP1,True,moderated log2 CPM (as deposited),,6.0,3.2071475864992878,0.916626669043306,5.4976685039552695,0.015554990881216027,paired_t,,-1.6671499741428486,0.3148747607459941,67.4400871459695,65.72509746961242,True,True,0.03828244733198047,5.4976685039552695,False
GSE236394,CD56bright vs CD56dim (blood),1,WWTR1,mechano_downstream,WWTR1,True,moderated log2 CPM (as deposited),,6.0,-0.012631680226854902,-0.37848426779769917,0.35322090734398937,0.9327229675884684,paired_t,,3.468354251719552,11.068242489673391,86.00944081336237,85.2725326809877,False,False,0.9327229675884684,0.37848426779769917,True
GSE236394,CD56bright vs CD56dim (blood),1,ANKRD1,mechano_downstream,ANKRD1,True,moderated log2 CPM (as deposited),,6.0,1.6053492379214447,0.30171049864305166,2.9089879771998377,0.024940308451905036,paired_t,,-2.697677876156827,0.15414095331495567,60.62999273783588,58.556303034936164,True,True,0.04670167692235319,2.9089879771998377,False
GSE236394,CD56bright vs CD56dim (blood),1,CCN2,mechano_downstream,CCN2,True,moderated log2 CPM (as deposited),,6.0,1.844611530695101,-0.3927759724214719,4.081999033811674,0.08758177382342197,paired_t,,-3.778383599237197,0.07287745559556102,50.59368191721133,47.99136151670362,True,True,0.11334990152784263,4.081999033811674,False
GSE236394,CD56bright vs CD56dim (blood),1,IFNG,state_activation,IFNG,True,moderated log2 CPM (as deposited),,6.0,-1.1867177535665998,-2.639254254030946,0.2658187468977462,0.08973533870954209,paired_t,,5.535876696381153,46.39433327240425,93.50762527233115,93.165660117728,False,False,0.11334990152784263,2.639254254030946,False
GSE236394,CD56bright vs CD56dim (blood),1,GZMB,state_activation,GZMB,True,moderated log2 CPM (as deposited),,6.0,0.5173950520455334,-0.07835876807572817,1.113148872166795,0.07592849101714308,paired_t,,11.159469707155443,2287.363135899423,99.9273783587509,99.92355324516474,False,False,0.10719316378890788,1.113148872166795,False
GSE236394,CD56bright vs CD56dim (blood),1,MKI67,state_activation,MKI67,True,moderated log2 CPM (as deposited),,6.0,2.0168042651854523,1.3791623455669189,2.6544461848039855,0.00045685495435999243,paired_t,,1.3870140343599096,2.615368138929341,79.83660130718955,78.77455851999082,False,False,0.003654839634879939,2.6544461848039855,False
GSE236394,CD56bright vs CD56dim (blood),1,ITGA1,state_residency,ITGA1,True,moderated log2 CPM (as deposited),,6.0,2.6995662181331856,0.9991946492189028,4.3999377870474685,0.009529189271183337,paired_t,,0.8561053574659503,1.810145112633543,78.26615831517792,77.12139744667839,False,False,0.02858756781355001,4.3999377870474685,False
GSE236394,CD56bright vs CD56dim (blood),1,CD69,state_residency,CD69,True,moderated log2 CPM (as deposited),,6.0,0.07158601909511979,-0.4964734756648617,0.6396455138551013,0.7590945685549864,paired_t,,10.285447276140081,1248.0389773023699,99.8602033405955,99.85283999694214,False,False,0.7920986802312902,0.6396455138551013,False
GSE236394,CD56bright vs CD56dim (blood),1,ITGAE,state_residency,ITGAE,True,moderated log2 CPM (as deposited),,6.0,-1.1775562874886383,-1.3210327315216897,-1.034079843455587,4.433469942505613e-06,paired_t,,6.346022153135156,81.34727722458427,96.15831517792303,95.95596666921489,False,False,0.00010640327862013471,1.3210327315216897,False
GSE236394,CD56bright vs CD56dim (blood),1,KLF2,state_egress,KLF2,True,moderated log2 CPM (as deposited),,6.0,0.3292457540800117,-0.09697608794517648,0.7554675961052,0.10381753409364922,paired_t,,3.876688317865227,14.689244766148917,87.37291212781409,86.70782050301965,False,False,0.11864861039274195,0.7554675961052,False
GSE236394,CD56bright vs CD56dim (blood),1,S1PR1,state_egress,S1PR1,True,moderated log2 CPM (as deposited),,6.0,-0.17229624965019688,-0.41780010936591094,0.07320761006551715,0.1310721633092523,paired_t,,6.588486551334098,96.23478446725994,96.76652142338416,96.59620824096017,False,False,0.14298781451918433,0.41780010936591094,True
GSE236394,CD56bright vs CD56dim (blood),1,SELL,state_egress,SELL,True,moderated log2 CPM (as deposited),,6.0,3.4768449303011977,2.8836486277186304,4.070041232883765,2.3330806343460117e-05,paired_t,,7.963946724671128,249.68177782102998,98.9832970225127,98.9297454323064,False,False,0.00027996967612152143,4.070041232883765,False
GSE133383,"CD56bright vs CD56dim (5 tissues, donor+tissue fixed)",1,PIEZO1,channel,PIEZO1,True,log2(CPM+1) from deposited filtered counts,,30.0,0.1523883953388763,-0.2361322269713683,0.5409090176491209,0.42383809423702967,ols(+2 fixed effects),,6.9231362557132625,120.35891276972104,86.92958218203131,86.92848769050411,False,False,0.42383809423702967,0.5409090176491209,True
GSE133383,"CD56bright vs CD56dim (5 tissues, donor+tissue fixed)",1,PIEZO2,channel,,False,,,,,,,,,gene absent from this matrix,,,,,,,,,False
GSE133383,"CD56bright vs CD56dim (5 tissues, donor+tissue fixed)",1,TRPV2,channel,TRPV2,True,log2(CPM+1) from deposited filtered counts,,30.0,-0.47415663895609067,-0.8171258984053706,-0.1311873795068107,0.009061457728826945,ols(+2 fixed effects),,6.852376967043851,114.55028172510536,86.12576404588462,86.12460224418021,False,False,0.01812291545765389,0.8171258984053706,False
GSE133383,"CD56bright vs CD56dim (5 tissues, donor+tissue fixed)",1,TRPV4,channel,,False,,,,,,,,,gene absent from this matrix,,,,,,,,,False
GSE133383,"CD56bright vs CD56dim (5 tissues, donor+tissue fixed)",1,TRPM7,channel,TRPM7,True,log2(CPM+1) from deposited filtered counts,,30.0,-0.2584868153846773,-0.7506164254336054,0.23364279466425075,0.28707486602145404,ols(+2 fixed effects),,6.77050130031399,108.17519519617248,84.94515615841915,84.94389549489198,False,False,0.3062131904228843,0.7506164254336054,False
GSE133383,"CD56bright vs CD56dim (5 tissues, donor+tissue fixed)",1,TRPC1,channel,,False,,,,,,,,,gene absent from this matrix,,,,,,,,,False
GSE133383,"CD56bright vs CD56dim (5 tissues, donor+tissue fixed)",1,TRPC6,channel,,False,,,,,,,,,gene absent from this matrix,,,,,,,,,False
GSE133383,"CD56bright vs CD56dim (5 tissues, donor+tissue fixed)",1,TMEM63A,channel,TMEM63A,True,log2(CPM+1) from deposited filtered counts,,30.0,0.6646434414226243,0.21316921325725796,1.1161176695879906,0.005924820586010414,ols(+2 fixed effects),,6.710089635932625,103.69796827168626,84.27530771163025,84.27399095628873,False,False,0.013542447053738088,1.1161176695879906,False
GSE133383,"CD56bright vs CD56dim (5 tissues, donor+tissue fixed)",1,TMEM63B,channel,TMEM63B,True,log2(CPM+1) from deposited filtered counts,,30.0,-0.44991574176419946,-0.9406975219485639,0.04086603842016501,0.07036876572247738,ols(+2 fixed effects),,2.9453965083697775,6.70287230100789,23.026040358368917,23.019594707754145,False,False,0.1251000279510709,0.9406975219485639,False
GSE133383,"CD56bright vs CD56dim (5 tissues, donor+tissue fixed)",1,KCNK2,channel,,False,,,,,,,,,gene absent from this matrix,,,,,,,,,False
GSE133383,"CD56bright vs CD56dim (5 tissues, donor+tissue fixed)",1,KCNK4,channel,,False,,,,,,,,,gene absent from this matrix,,,,,,,,,False
GSE133383,"CD56bright vs CD56dim (5 tissues, donor+tissue fixed)",1,YAP1,mechano_downstream,,False,,,,,,,,,gene absent from this matrix,,,,,,,,,False
GSE133383,"CD56bright vs CD56dim (5 tissues, donor+tissue fixed)",1,WWTR1,mechano_downstream,WWTR1,True,log2(CPM+1) from deposited filtered counts,,30.0,0.3793506606524808,-0.1284743877687522,0.8871757090737138,0.1352471621823033,ols(+2 fixed effects),,1.2419165957672151,1.365125265312317,3.742778196433057,3.734717802713113,False,True,0.1958616596590809,0.8871757090737138,False
GSE133383,"CD56bright vs CD56dim (5 tissues, donor+tissue fixed)",1,ANKRD1,mechano_downstream,,False,,,,,,,,,gene absent from this matrix,,,,,,,,,False
GSE133383,"CD56bright vs CD56dim (5 tissues, donor+tissue fixed)",1,CCN2,mechano_downstream,CTGF,True,log2(CPM+1) from deposited filtered counts,,30.0,0.4781765277240959,-0.18201757826959253,1.1383706337177844,0.14689624474431068,ols(+2 fixed effects),,0.8511444796152074,0.8039314035800453,0.8791760864104498,0.8708759001842238,True,True,0.1958616596590809,1.1383706337177844,False
GSE133383,"CD56bright vs CD56dim (5 tissues, donor+tissue fixed)",1,IFNG,state_activation,IFNG,True,log2(CPM+1) from deposited filtered counts,,30.0,-1.1936020725662768,-1.839707291683458,-0.5474968534490956,0.0009476610158514454,ols(+2 fixed effects),,6.438824255802896,85.75194844456051,80.58276814870635,80.58114218723831,False,False,0.0050541920845410425,1.839707291683458,False
GSE133383,"CD56bright vs CD56dim (5 tissues, donor+tissue fixed)",1,GZMB,state_activation,GZMB,True,log2(CPM+1) from deposited filtered counts,,30.0,-3.020987365403448,-3.910077200878228,-2.1318975299286675,5.672446938944102e-07,ols(+2 fixed effects),,10.105645231825415,1100.7989148820343,99.44737503139915,99.44732875565232,False,False,4.537957551155282e-06,3.910077200878228,False
GSE133383,"CD56bright vs CD56dim (5 tissues, donor+tissue fixed)",1,MKI67,state_activation,MKI67,True,log2(CPM+1) from deposited filtered counts,,30.0,0.6754939141200138,-0.30977363635589217,1.66076146459592,0.16863059226510405,ols(+2 fixed effects),,2.705589299399891,5.523242671974226,20.363392782382984,20.35672416680623,False,False,0.2075453443262819,1.66076146459592,False
GSE133383,"CD56bright vs CD56dim (5 tissues, donor+tissue fixed)",1,ITGA1,state_residency,ITGA1,True,log2(CPM+1) from deposited filtered counts,,30.0,3.1357291790977686,2.28491632767801,3.986542030517527,1.625138072258476e-07,ols(+2 fixed effects),,2.3368964563494896,4.052146436822446,16.58712216361048,16.580137330430414,False,False,2.6002209156135617e-06,3.986542030517527,False
GSE133383,"CD56bright vs CD56dim (5 tissues, donor+tissue fixed)",1,CD69,state_residency,CD69,True,log2(CPM+1) from deposited filtered counts,,30.0,0.4038148614779624,-0.11903447381215904,0.9266641967680839,0.12317242473959171,ols(+2 fixed effects),,10.77383590052613,1749.8452989441807,99.7404337268693,99.74041199129124,False,False,0.1958616596590809,0.9266641967680839,False
GSE133383,"CD56bright vs CD56dim (5 tissues, donor+tissue fixed)",1,ITGAE,state_residency,ITGAE,True,log2(CPM+1) from deposited filtered counts,,30.0,0.28213186966605586,-0.19351755507238788,0.7577812944044996,0.23100886596471853,ols(+2 fixed effects),,5.903322681324228,58.851797950420796,71.11278573222808,71.11036677273489,False,False,0.2640101325311069,0.7577812944044996,False
GSE133383,"CD56bright vs CD56dim (5 tissues, donor+tissue fixed)",1,KLF2,state_egress,KLF2,True,log2(CPM+1) from deposited filtered counts,,30.0,-0.9119171141301721,-1.4769692687560418,-0.3468649595043024,0.002989799304352002,ols(+2 fixed effects),,7.511396122427049,181.45490458588196,92.56468224064307,92.56405962150393,False,False,0.009567357773926406,1.4769692687560418,False
GSE133383,"CD56bright vs CD56dim (5 tissues, donor+tissue fixed)",1,S1PR1,state_egress,S1PR1,True,log2(CPM+1) from deposited filtered counts,,30.0,-1.4549800010552825,-2.380913849435653,-0.5290461526749118,0.0036755274677809915,ols(+2 fixed effects),,5.947760171488948,60.72402217776697,71.92497697395964,71.92262602579133,False,False,0.00980140658074931,2.380913849435653,False
GSE133383,"CD56bright vs CD56dim (5 tissues, donor+tissue fixed)",1,SELL,state_egress,SELL,True,log2(CPM+1) from deposited filtered counts,,30.0,1.099782174242518,0.4440700284799072,1.7554943200051287,0.0021935533431823896,ols(+2 fixed effects),,8.13484199709085,280.08097486025656,96.0060286360211,96.00569418857813,False,False,0.008774213372729558,1.7554943200051287,False
GSE140035 (human),IL2IL15 vs UNSTIM,2,PIEZO1,channel,PIEZO1,True,log2(CPM+1) from deposited raw counts,,6.0,-0.0705476800722975,-0.5161530810956203,0.37505772095102524,0.7008655251419565,paired_t,,5.927802810367328,59.876048490728934,85.70285622849828,83.39990710636322,False,False,0.8009891715908075,0.5161530810956203,True
GSE140035 (human),IL2IL15 vs UNSTIM,2,PIEZO2,channel,PIEZO2,True,log2(CPM+1) from deposited raw counts,,6.0,0.0024477795756386402,-0.2104837555623586,0.21537931471363586,0.9775688380637189,paired_t,,0.17113734721989396,0.12594577314182898,33.698695895671655,23.019043195541105,True,True,0.977568838063719,0.21537931471363586,True
GSE140035 (human),IL2IL15 vs UNSTIM,2,TRPV2,channel,TRPV2,True,log2(CPM+1) from deposited raw counts,,6.0,0.46380551022708544,0.010696278737501008,0.9169147417166699,0.04646244030120668,paired_t,,6.313042396996171,78.50878655307513,88.99111928954316,87.21783557826289,False,False,0.13938732090362005,0.9169147417166699,False
GSE140035 (human),IL2IL15 vs UNSTIM,2,TRPV4,channel,TRPV4,True,log2(CPM+1) from deposited raw counts,,6.0,-0.030552282007557986,-0.11269877822195708,0.05159421420684111,0.3829481109520599,paired_t,,0.06134274327900552,0.04343645488916037,27.502200176014078,15.824431026474686,True,True,0.5406326272264375,0.11269877822195708,True
GSE140035 (human),IL2IL15 vs UNSTIM,2,TRPM7,channel,TRPM7,True,log2(CPM+1) from deposited raw counts,,6.0,-0.5138860274623448,-0.6395347665582997,-0.38823728836638993,0.00013440027989794194,paired_t,,7.404429154822243,168.4163326587425,95.44763581086487,94.71435206688342,False,False,0.0027293014340445225,0.6395347665582997,False
GSE140035 (human),IL2IL15 vs UNSTIM,2,TRPC1,channel,TRPC1,True,log2(CPM+1) from deposited raw counts,,6.0,0.01876675251098253,-0.31563540260615647,0.35316890762812153,0.8909280861773646,paired_t,,0.22990981334058117,0.17276163452774207,35.790863269061525,25.448211797491872,True,True,0.9296640899242066,0.35316890762812153,True
GSE140035 (human),IL2IL15 vs UNSTIM,2,TRPC6,channel,TRPC6,True,log2(CPM+1) from deposited raw counts,,6.0,-0.09880801369187948,-0.36422945828675235,0.1666134309029934,0.3825425330175342,paired_t,,0.1657277217349734,0.12173175733815267,33.510680854468355,22.800743149094288,True,True,0.5406326272264375,0.36422945828675235,True
GSE140035 (human),IL2IL15 vs UNSTIM,2,TMEM63A,channel,TMEM63A,True,log2(CPM+1) from deposited raw counts,,6.0,-0.5204373892522924,-0.7631940210671939,-0.27768075743739096,0.0026914168279665368,paired_t,,5.97571950039557,61.93189585631693,86.1468917513401,83.91546679052485,False,False,0.010765667311866145,0.7631940210671939,False
GSE140035 (human),IL2IL15 vs UNSTIM,2,TMEM63B,channel,TMEM63B,True,log2(CPM+1) from deposited raw counts,,6.0,-0.15290868007568115,-0.6088011677278812,0.3029838075765189,0.427990772402185,paired_t,,4.346262424868982,19.34020655682324,72.30578446275702,67.84486762656758,False,False,0.5567417796294035,0.6088011677278812,False
GSE140035 (human),IL2IL15 vs UNSTIM,2,KCNK2,channel,KCNK2,True,log2(CPM+1) from deposited raw counts,,6.0,-0.08756747037088693,-0.22600009059535764,0.05086514985358377,0.16486589217442815,paired_t,,0.30836983948449975,0.2383076942870015,38.131050484038724,28.165350673478866,True,True,0.3420682656296438,0.22600009059535764,True
GSE140035 (human),IL2IL15 vs UNSTIM,2,KCNK4,channel,KCNK4,True,log2(CPM+1) from deposited raw counts,,6.0,0.04605660692185199,-0.010706576421775284,0.10281979026547927,0.09139496986808938,paired_t,,0.05683480731202802,0.04018115600023808,27.046163693095448,15.294937296795169,True,True,0.24371991964823836,0.10281979026547927,True
GSE140035 (human),IL2IL15 vs UNSTIM,2,YAP1,mechano_downstream,YAP1,True,log2(CPM+1) from deposited raw counts,,6.0,0.14258913486315128,-0.08724343035743698,0.37242170008373954,0.17164106729535888,paired_t,,0.14374884145007608,0.10477213845197308,32.46259700776062,21.583836507199255,True,True,0.3420682656296438,0.37242170008373954,True
GSE140035 (human),IL2IL15 vs UNSTIM,2,WWTR1,mechano_downstream,WWTR1,True,log2(CPM+1) from deposited raw counts,,6.0,-0.043782539713532576,-0.38223511101088525,0.2946700315838201,0.7529756156381358,paired_t,,0.8988381617117088,0.8645637985638448,48.567885430834465,40.28332559219693,True,True,0.8214279443325118,0.38223511101088525,True
GSE140035 (human),IL2IL15 vs UNSTIM,2,ANKRD1,mechano_downstream,ANKRD1,True,log2(CPM+1) from deposited raw counts,,6.0,0.019515392728695565,-0.013158155973697929,0.052188941431089056,0.18528697721605705,paired_t,,0.019003376392835822,0.01325927152465134,22.013761100888072,9.451927542963306,True,True,0.3420682656296438,0.052188941431089056,True
GSE140035 (human),IL2IL15 vs UNSTIM,2,CCN2,mechano_downstream,CTGF,True,log2(CPM+1) from deposited raw counts,,6.0,0.05148149123936157,-0.055168572379513996,0.15813155485823713,0.26970270511055133,paired_t,,0.13119776446977086,0.09520259074892001,31.910552844227535,20.94287041337668,True,True,0.4623474944752308,0.15813155485823713,True
GSE140035 (human),IL2IL15 vs UNSTIM,2,IFNG,state_activation,IFNG,True,log2(CPM+1) from deposited raw counts,,6.0,3.230877667207089,2.349269208314372,4.112486126099806,0.00022744178617037687,paired_t,,6.001573405662682,63.069836583760164,86.42291383310665,84.23594983743612,False,False,0.0027293014340445225,4.112486126099806,False
GSE140035 (human),IL2IL15 vs UNSTIM,2,GZMB,state_activation,GZMB,True,log2(CPM+1) from deposited raw counts,,6.0,1.5520442908854337,1.0718302257194554,2.032258356051412,0.00041270939219774724,paired_t,,12.017724008509893,4145.631153194384,99.95999679974398,99.95355318160706,False,False,0.0030035901667747663,2.032258356051412,False
GSE140035 (human),IL2IL15 vs UNSTIM,2,MKI67,state_activation,MKI67,True,log2(CPM+1) from deposited raw counts,,6.0,-0.13674031413892332,-0.5566985198990255,0.28321789162117883,0.4407539088732778,paired_t,,2.406876678873346,4.30324970167216,59.836786942955435,53.367394333488164,False,False,0.5567417796294035,0.5566985198990255,True
GSE140035 (human),IL2IL15 vs UNSTIM,2,ITGA1,state_residency,ITGA1,True,log2(CPM+1) from deposited raw counts,,6.0,-0.2824751285018795,-0.9564055304625545,0.3914552734587955,0.33049488383523523,paired_t,,2.139115911026313,3.404920284452378,58.33266661332907,51.620993961913605,False,False,0.5287918141363763,0.9564055304625545,False
GSE140035 (human),IL2IL15 vs UNSTIM,2,CD69,state_residency,CD69,True,log2(CPM+1) from deposited raw counts,,6.0,1.338154652198929,0.865286914335178,1.8110223900626798,0.0007676608551355435,paired_t,,8.994312925370068,508.9856791847082,99.12793023441876,98.9874593590339,False,False,0.003684772104650609,1.8110223900626798,False
GSE140035 (human),IL2IL15 vs UNSTIM,2,ITGAE,state_residency,ITGAE,True,log2(CPM+1) from deposited raw counts,,6.0,0.14005092239728154,-0.0778229430102384,0.35792478780480147,0.15936425283093833,paired_t,,5.671430509905112,49.96484430532291,83.60268821505721,80.96144914073385,False,False,0.3420682656296438,0.35792478780480147,True
GSE140035 (human),IL2IL15 vs UNSTIM,2,KLF2,state_egress,KLF2,True,log2(CPM+1) from deposited raw counts,,6.0,0.15208025365298097,-0.5673873155298664,0.8715478228358283,0.6102158638713329,paired_t,,2.6256370393336064,5.171567830008582,61.15289223137851,54.89549465861588,False,False,0.7322590366455994,0.8715478228358283,False
GSE140035 (human),IL2IL15 vs UNSTIM,2,S1PR1,state_egress,S1PR1,True,log2(CPM+1) from deposited raw counts,,6.0,-1.306386640510171,-1.7275472215552627,-0.8852260594650792,0.0005005983611291277,paired_t,,8.34242509432615,323.57882965652936,98.2078566285303,97.91918253599628,False,False,0.0030035901667747663,1.7275472215552627,False
GSE140035 (human),IL2IL15 vs UNSTIM,2,SELL,state_egress,SELL,True,log2(CPM+1) from deposited raw counts,,6.0,0.3223723593363094,0.06181890226433867,0.5829258164082802,0.024525083268826877,paired_t,,7.819534673018755,224.8990937858339,96.88775102008161,96.38643752902925,False,False,0.084085999778835,0.5829258164082802,True
GSE140035 (human),IL12IL18 vs UNSTIM,2,PIEZO1,channel,PIEZO1,True,log2(CPM+1) from deposited raw counts,,6.0,0.5333910203560476,-0.07350012060217981,1.1402821613142748,0.07341968687870819,paired_t,,5.927802810367328,59.876048490728934,85.70285622849828,83.39990710636322,False,False,0.17620724850889963,1.1402821613142748,False
GSE140035 (human),IL12IL18 vs UNSTIM,2,PIEZO2,channel,PIEZO2,True,log2(CPM+1) from deposited raw counts,,6.0,-0.000827638916020663,-0.19652688608359573,0.1948716082515544,0.991746526325916,paired_t,,0.17113734721989396,0.12594577314182898,33.698695895671655,23.019043195541105,True,True,0.9917465263259159,0.19652688608359573,True
GSE140035 (human),IL12IL18 vs UNSTIM,2,TRPV2,channel,TRPV2,True,log2(CPM+1) from deposited raw counts,,6.0,-1.056713003181797,-1.561102948522581,-0.5523230578410132,0.0029771459045807996,paired_t,,6.313042396996171,78.50878655307513,88.99111928954316,87.21783557826289,False,False,0.014290300341987838,1.561102948522581,False
GSE140035 (human),IL12IL18 vs UNSTIM,2,TRPV4,channel,TRPV4,True,log2(CPM+1) from deposited raw counts,,6.0,0.07179512068542197,-0.0945077933216993,0.23809803469254326,0.3176057493329556,paired_t,,0.06134274327900552,0.04343645488916037,27.502200176014078,15.824431026474686,True,True,0.4234743324439408,0.23809803469254326,True
GSE140035 (human),IL12IL18 vs UNSTIM,2,TRPM7,channel,TRPM7,True,log2(CPM+1) from deposited raw counts,,6.0,-0.3654157823664157,-1.38280612683847,0.6519745621056385,0.39823032868410835,paired_t,,7.404429154822243,168.4163326587425,95.44763581086487,94.71435206688342,False,False,0.47787639442093005,1.38280612683847,False
GSE140035 (human),IL12IL18 vs UNSTIM,2,TRPC1,channel,TRPC1,True,log2(CPM+1) from deposited raw counts,,6.0,-0.10707636756227497,-0.4983148035909803,0.2841620684664304,0.513126258712244,paired_t,,0.22990981334058117,0.17276163452774207,35.790863269061525,25.448211797491872,True,True,0.5597741004133572,0.4983148035909803,True
GSE140035 (human),IL12IL18 vs UNSTIM,2,TRPC6,channel,TRPC6,True,log2(CPM+1) from deposited raw counts,,6.0,-0.1752632946763968,-0.3422107426504666,-0.008315846702327018,0.042854395350178175,paired_t,,0.1657277217349734,0.12173175733815267,33.510680854468355,22.800743149094288,True,True,0.11427838760047512,0.3422107426504666,True
GSE140035 (human),IL12IL18 vs UNSTIM,2,TMEM63A,channel,TMEM63A,True,log2(CPM+1) from deposited raw counts,,6.0,-0.7755345315337742,-1.3680621552228573,-0.18300690784469098,0.02000880409624856,paired_t,,5.97571950039557,61.93189585631693,86.1468917513401,83.91546679052485,False,False,0.08003521638499424,1.3680621552228573,False
GSE140035 (human),IL12IL18 vs UNSTIM,2,TMEM63B,channel,TMEM63B,True,log2(CPM+1) from deposited raw counts,,6.0,1.4390152045950932,0.8000938679927414,2.0779365411974453,0.0021645950442524533,paired_t,,4.346262424868982,19.34020655682324,72.30578446275702,67.84486762656758,False,False,0.01298757026551472,2.0779365411974453,False
GSE140035 (human),IL12IL18 vs UNSTIM,2,KCNK2,channel,KCNK2,True,log2(CPM+1) from deposited raw counts,,6.0,-0.11631327161487458,-0.2709409761349818,0.03831443290523266,0.11097283503440693,paired_t,,0.30836983948449975,0.2383076942870015,38.131050484038724,28.165350673478866,True,True,0.22194567006881386,0.2709409761349818,True
GSE140035 (human),IL12IL18 vs UNSTIM,2,KCNK4,channel,KCNK4,True,log2(CPM+1) from deposited raw counts,,6.0,0.10216912239117067,-0.02088819373630646,0.2252264385186478,0.08594134036728109,paired_t,,0.05683480731202802,0.04018115600023808,27.046163693095448,15.294937296795169,True,True,0.18750837898315875,0.2252264385186478,True
GSE140035 (human),IL12IL18 vs UNSTIM,2,YAP1,mechano_downstream,YAP1,True,log2(CPM+1) from deposited raw counts,,6.0,0.06342267109199066,-0.05410908999331421,0.18095443217729554,0.22405151260463857,paired_t,,0.14374884145007608,0.10477213845197308,32.46259700776062,21.583836507199255,True,True,0.3163080177947839,0.18095443217729554,True
GSE140035 (human),IL12IL18 vs UNSTIM,2,WWTR1,mechano_downstream,WWTR1,True,log2(CPM+1) from deposited raw counts,,6.0,-0.06718685396054641,-0.4811491309867878,0.346775423065695,0.6938331155165804,paired_t,,0.8988381617117088,0.8645637985638448,48.567885430834465,40.28332559219693,True,True,0.7239997727129535,0.4811491309867878,True
GSE140035 (human),IL12IL18 vs UNSTIM,2,ANKRD1,mechano_downstream,ANKRD1,True,log2(CPM+1) from deposited raw counts,,6.0,-0.00950420721355799,-0.03393554963885379,0.01492713521173781,0.3632174676491229,paired_t,,0.019003376392835822,0.01325927152465134,22.013761100888072,9.451927542963306,True,True,0.45880101176731314,0.03393554963885379,True
GSE140035 (human),IL12IL18 vs UNSTIM,2,CCN2,mechano_downstream,CTGF,True,log2(CPM+1) from deposited raw counts,,6.0,0.09101404432549864,-0.03987410297268476,0.22190219162368205,0.13389999244800452,paired_t,,0.13119776446977086,0.09520259074892001,31.910552844227535,20.94287041337668,True,True,0.24719998605785448,0.22190219162368205,True
GSE140035 (human),IL12IL18 vs UNSTIM,2,IFNG,state_activation,IFNG,True,log2(CPM+1) from deposited raw counts,,6.0,4.926336041990317,3.6535288479858545,6.19914323599478,0.0001751642123736347,paired_t,,6.001573405662682,63.069836583760164,86.42291383310665,84.23594983743612,False,False,0.004203941096967232,6.19914323599478,False
GSE140035 (human),IL12IL18 vs UNSTIM,2,GZMB,state_activation,GZMB,True,log2(CPM+1) from deposited raw counts,,6.0,-0.19967160823008268,-0.5337744359494617,0.13443121948929637,0.1850720666626874,paired_t,,12.017724008509893,4145.631153194384,99.95999679974398,99.95355318160706,False,False,0.27762719551264936,0.5337744359494617,True
GSE140035 (human),IL12IL18 vs UNSTIM,2,MKI67,state_activation,MKI67,True,log2(CPM+1) from deposited raw counts,,6.0,-0.2889177807043092,-0.7723696290197242,0.19453406761110587,0.18508479700843292,paired_t,,2.406876678873346,4.30324970167216,59.836786942955435,53.367394333488164,False,False,0.27762719551264936,0.7723696290197242,False
GSE140035 (human),IL12IL18 vs UNSTIM,2,ITGA1,state_residency,ITGA1,True,log2(CPM+1) from deposited raw counts,,6.0,2.3882888244511618,1.3645194436266725,3.4120582052756507,0.0018506159866007062,paired_t,,2.139115911026313,3.404920284452378,58.33266661332907,51.620993961913605,False,False,0.01298757026551472,3.4120582052756507,False
GSE140035 (human),IL12IL18 vs UNSTIM,2,CD69,state_residency,CD69,True,log2(CPM+1) from deposited raw counts,,6.0,0.8713860613088067,-0.435040693223365,2.177812815840978,0.1470866831260759,paired_t,,8.994312925370068,508.9856791847082,99.12793023441876,98.9874593590339,False,False,0.25214859964470154,2.177812815840978,False
GSE140035 (human),IL12IL18 vs UNSTIM,2,ITGAE,state_residency,ITGAE,True,log2(CPM+1) from deposited raw counts,,6.0,0.5434281168730672,0.07054653476839512,1.0163096989777394,0.03173556548977183,paired_t,,5.671430509905112,49.96484430532291,83.60268821505721,80.96144914073385,False,False,0.09520669646931548,1.0163096989777394,False
GSE140035 (human),IL12IL18 vs UNSTIM,2,KLF2,state_egress,KLF2,True,log2(CPM+1) from deposited raw counts,,6.0,-0.6590551471884502,-1.2053058501433158,-0.11280444423358449,0.02680988066804324,paired_t,,2.6256370393336064,5.171567830008582,61.15289223137851,54.89549465861588,False,False,0.09191959086186254,1.2053058501433158,False
GSE140035 (human),IL12IL18 vs UNSTIM,2,S1PR1,state_egress,S1PR1,True,log2(CPM+1) from deposited raw counts,,6.0,-1.444780896604205,-1.9997190957399749,-0.8898426974684353,0.0011264308711768532,paired_t,,8.34242509432615,323.57882965652936,98.2078566285303,97.91918253599628,False,False,0.01298757026551472,1.9997190957399749,False
GSE140035 (human),IL12IL18 vs UNSTIM,2,SELL,state_egress,SELL,True,log2(CPM+1) from deposited raw counts,,6.0,-0.1627567040935228,-0.7210110394629806,0.39549763127593496,0.4873318171858152,paired_t,,7.819534673018755,224.8990937858339,96.88775102008161,96.38643752902925,False,False,0.5569506482123602,0.7210110394629806,False
GSE140035 (human),IFNA vs UNSTIM,2,PIEZO1,channel,PIEZO1,True,log2(CPM+1) from deposited raw counts,,6.0,-1.0318497710607633,-1.8787420515403523,-0.18495749058117428,0.025899350850337583,paired_t,,5.927802810367328,59.876048490728934,85.70285622849828,83.39990710636322,False,False,0.051798701700675166,1.8787420515403523,False
GSE140035 (human),IFNA vs UNSTIM,2,PIEZO2,channel,PIEZO2,True,log2(CPM+1) from deposited raw counts,,6.0,-0.013286423449348503,-0.19800056007825514,0.17142771317955816,0.8605727017399679,paired_t,,0.17113734721989396,0.12594577314182898,33.698695895671655,23.019043195541105,True,True,0.9655404445270147,0.19800056007825514,True
GSE140035 (human),IFNA vs UNSTIM,2,TRPV2,channel,TRPV2,True,log2(CPM+1) from deposited raw counts,,6.0,-0.34995149471523623,-0.6275560161034288,-0.07234697332704365,0.02293637659661694,paired_t,,6.313042396996171,78.50878655307513,88.99111928954316,87.21783557826289,False,False,0.050043003483527866,0.6275560161034288,False
GSE140035 (human),IFNA vs UNSTIM,2,TRPV4,channel,TRPV4,True,log2(CPM+1) from deposited raw counts,,6.0,-0.031635720106821176,-0.10452451291344561,0.041253072699803266,0.31528006674420117,paired_t,,0.06134274327900552,0.04343645488916037,27.502200176014078,15.824431026474686,True,True,0.5044481067907218,0.10452451291344561,True
GSE140035 (human),IFNA vs UNSTIM,2,TRPM7,channel,TRPM7,True,log2(CPM+1) from deposited raw counts,,6.0,-0.7135188425661269,-0.9537348727881647,-0.47330281234408905,0.0006129904712376032,paired_t,,7.404429154822243,168.4163326587425,95.44763581086487,94.71435206688342,False,False,0.0024519618849504128,0.9537348727881647,False
GSE140035 (human),IFNA vs UNSTIM,2,TRPC1,channel,TRPC1,True,log2(CPM+1) from deposited raw counts,,6.0,0.07554673954406921,-0.30766337492204165,0.45875685401018007,0.633868000955823,paired_t,,0.22990981334058117,0.17276163452774207,35.790863269061525,25.448211797491872,True,True,0.8330035565034689,0.45875685401018007,True
GSE140035 (human),IFNA vs UNSTIM,2,TRPC6,channel,TRPC6,True,log2(CPM+1) from deposited raw counts,,6.0,-0.016870451911080327,-0.45683167522867596,0.4230907714065153,0.9253095926717224,paired_t,,0.1657277217349734,0.12173175733815267,33.510680854468355,22.800743149094288,True,True,0.9655404445270147,0.45683167522867596,True
GSE140035 (human),IFNA vs UNSTIM,2,TMEM63A,channel,TMEM63A,True,log2(CPM+1) from deposited raw counts,,6.0,-0.41319660979707634,-0.6852255451126074,-0.14116767448154532,0.011356904617475998,paired_t,,5.97571950039557,61.93189585631693,86.1468917513401,83.91546679052485,False,False,0.030285078979935993,0.6852255451126074,False
GSE140035 (human),IFNA vs UNSTIM,2,TMEM63B,channel,TMEM63B,True,log2(CPM+1) from deposited raw counts,,6.0,-0.23828430987520402,-0.7400604024333132,0.2634917826829052,0.2766129319282256,paired_t,,4.346262424868982,19.34020655682324,72.30578446275702,67.84486762656758,False,False,0.47419359759124396,0.7400604024333132,False
GSE140035 (human),IFNA vs UNSTIM,2,KCNK2,channel,KCNK2,True,log2(CPM+1) from deposited raw counts,,6.0,-0.002738932137507838,-0.19701638080926268,0.191538516534247,0.9724931972836288,paired_t,,0.30836983948449975,0.2383076942870015,38.131050484038724,28.165350673478866,True,True,0.9724931972836289,0.19701638080926268,True
GSE140035 (human),IFNA vs UNSTIM,2,KCNK4,channel,KCNK4,True,log2(CPM+1) from deposited raw counts,,6.0,-0.0032637293494727957,-0.07896458980520535,0.07243713110625977,0.9160649046285322,paired_t,,0.05683480731202802,0.04018115600023808,27.046163693095448,15.294937296795169,True,True,0.9655404445270147,0.07896458980520535,True
GSE140035 (human),IFNA vs UNSTIM,2,YAP1,mechano_downstream,YAP1,True,log2(CPM+1) from deposited raw counts,,6.0,0.022164870061604364,-0.09957465437381426,0.14390439449702297,0.6594611488985795,paired_t,,0.14374884145007608,0.10477213845197308,32.46259700776062,21.583836507199255,True,True,0.8330035565034689,0.14390439449702297,True
GSE140035 (human),IFNA vs UNSTIM,2,WWTR1,mechano_downstream,WWTR1,True,log2(CPM+1) from deposited raw counts,,6.0,-0.1427329937900915,-0.6828660383618835,0.3974000507817005,0.5271207375200648,paired_t,,0.8988381617117088,0.8645637985638448,48.567885430834465,40.28332559219693,True,True,0.7597166858648776,0.6828660383618835,False
GSE140035 (human),IFNA vs UNSTIM,2,ANKRD1,mechano_downstream,ANKRD1,True,log2(CPM+1) from deposited raw counts,,6.0,0.027985491201973748,-0.022192410317802728,0.07816339272175023,0.2111147170410667,paired_t,,0.019003376392835822,0.01325927152465134,22.013761100888072,9.451927542963306,True,True,0.3897502468450462,0.07816339272175023,True
GSE140035 (human),IFNA vs UNSTIM,2,CCN2,mechano_downstream,CTGF,True,log2(CPM+1) from deposited raw counts,,6.0,0.02993019075413933,-0.17588876037813647,0.23574914188641513,0.7238695768655399,paired_t,,0.13119776446977086,0.09520259074892001,31.910552844227535,20.94287041337668,True,True,0.8686434922386479,0.23574914188641513,True
GSE140035 (human),IFNA vs UNSTIM,2,IFNG,state_activation,IFNG,True,log2(CPM+1) from deposited raw counts,,6.0,4.122885938580684,3.3105850396454852,4.935186837515883,4.718145266383515e-05,paired_t,,6.001573405662682,63.069836583760164,86.42291383310665,84.23594983743612,False,False,0.00037745162131068113,4.935186837515883,False
GSE140035 (human),IFNA vs UNSTIM,2,GZMB,state_activation,GZMB,True,log2(CPM+1) from deposited raw counts,,6.0,1.6236861352811853,1.1537573660540896,2.0936149045082812,0.0003009878261253491,paired_t,,12.017724008509893,4145.631153194384,99.95999679974398,99.95355318160706,False,False,0.0014447415654016756,2.0936149045082812,False
GSE140035 (human),IFNA vs UNSTIM,2,MKI67,state_activation,MKI67,True,log2(CPM+1) from deposited raw counts,,6.0,-0.5005007920837153,-0.871925550360941,-0.1290760338064897,0.017966778294247088,paired_t,,2.406876678873346,4.30324970167216,59.836786942955435,53.367394333488164,False,False,0.04312026790619301,0.871925550360941,False
GSE140035 (human),IFNA vs UNSTIM,2,ITGA1,state_residency,ITGA1,True,log2(CPM+1) from deposited raw counts,,6.0,0.20781688398823428,-0.6009569771286095,1.016590745105078,0.5381326524876217,paired_t,,2.139115911026313,3.404920284452378,58.33266661332907,51.620993961913605,False,False,0.7597166858648776,1.016590745105078,False
GSE140035 (human),IFNA vs UNSTIM,2,CD69,state_residency,CD69,True,log2(CPM+1) from deposited raw counts,,6.0,1.8345705577830973,1.6287934866035805,2.040347628962614,2.941985765987926e-06,paired_t,,8.994312925370068,508.9856791847082,99.12793023441876,98.9874593590339,False,False,7.060765838371023e-05,2.040347628962614,False
GSE140035 (human),IFNA vs UNSTIM,2,ITGAE,state_residency,ITGAE,True,log2(CPM+1) from deposited raw counts,,6.0,0.48447156883659126,0.19100401405302814,0.7779391236201544,0.008141102175567714,paired_t,,5.671430509905112,49.96484430532291,83.60268821505721,80.96144914073385,False,False,0.02442330652670314,0.7779391236201544,False
GSE140035 (human),IFNA vs UNSTIM,2,KLF2,state_egress,KLF2,True,log2(CPM+1) from deposited raw counts,,6.0,-1.29060088461718,-2.0624345507877786,-0.5187672184465815,0.007727693737450111,paired_t,,2.6256370393336064,5.171567830008582,61.15289223137851,54.89549465861588,False,False,0.02442330652670314,2.0624345507877786,False
GSE140035 (human),IFNA vs UNSTIM,2,S1PR1,state_egress,S1PR1,True,log2(CPM+1) from deposited raw counts,,6.0,-1.6442948144501226,-1.9934349723119524,-1.2951546565882928,6.792216733225691e-05,paired_t,,8.34242509432615,323.57882965652936,98.2078566285303,97.91918253599628,False,False,0.00040753300399354146,1.9934349723119524,False
GSE140035 (human),IFNA vs UNSTIM,2,SELL,state_egress,SELL,True,log2(CPM+1) from deposited raw counts,,6.0,2.065887197135782,1.7675569610654476,2.3642174332061163,1.0268956757132429e-05,paired_t,,7.819534673018755,224.8990937858339,96.88775102008161,96.38643752902925,False,False,0.00012322748108558915,2.3642174332061163,False
GSE140035 (mouse),IL2IL15 vs UNSTIM (mouse),2,PIEZO1,channel,Piezo1,True,log2(CPM+1) from deposited raw counts,,6.0,0.3576374406828293,-0.44895590577514655,1.1642307871408053,0.2838992899543221,welch_t,,5.146938864934524,34.430965263334876,78.64902968983247,76.98873793350019,False,False,0.430709310024797,1.1642307871408053,False
GSE140035 (mouse),IL2IL15 vs UNSTIM (mouse),2,PIEZO2,channel,Piezo2,True,log2(CPM+1) from deposited raw counts,,6.0,-0.40029959982308844,-2.0116868276179902,1.2110876279718135,0.3970430857535538,welch_t,,0.09650234668104045,0.06917821445588745,36.3036987891856,31.350554165176973,True,True,0.46290208612564804,2.0116868276179902,False
GSE140035 (mouse),IL2IL15 vs UNSTIM (mouse),2,TRPV2,channel,Trpv2,True,log2(CPM+1) from deposited raw counts,,6.0,1.6582840263285705,1.4099171355111504,1.9066509171459907,0.00018164074110844865,welch_t,,6.5695203593888225,93.97792676314717,90.56228230220601,89.82838755809797,False,False,0.0010444342613735798,1.9066509171459907,False
GSE140035 (mouse),IL2IL15 vs UNSTIM (mouse),2,TRPV4,channel,Trpv4,True,log2(CPM+1) from deposited raw counts,,6.0,0.3283749379768094,-0.3184779446322399,0.9752278205858587,0.19287299559780838,welch_t,,0.5444917996872334,0.45850648372595604,49.0006634599436,45.03485877726135,True,True,0.34123683836535323,0.9752278205858587,False
GSE140035 (mouse),IL2IL15 vs UNSTIM (mouse),2,TRPM7,channel,Trpm7,True,log2(CPM+1) from deposited raw counts,,6.0,-0.7375187190763253,-1.0413332584894157,-0.4337041796632348,0.003400485527895551,welch_t,,6.298790515458049,77.72721375768664,88.60507546856859,87.7189846263854,False,False,0.013035194523599613,1.0413332584894157,False
GSE140035 (mouse),IL2IL15 vs UNSTIM (mouse),2,TRPC1,channel,Trpc1,True,log2(CPM+1) from deposited raw counts,,6.0,0.340193259850598,-0.5104876478975483,1.1908741675987442,0.2344107332404972,welch_t,,0.8792941149533665,0.8394750585728825,52.732625642726816,49.05702538434036,True,True,0.3851033474665311,1.1908741675987442,False
GSE140035 (mouse),IL2IL15 vs UNSTIM (mouse),2,TRPC6,channel,Trpc6,True,log2(CPM+1) from deposited raw counts,,6.0,-0.14777805183011566,-0.7335715571981709,0.4380154535379395,0.5036307473573273,welch_t,,0.2792590294000575,0.21357143197667927,44.327417482169515,39.99821237039685,True,True,0.5036307473573273,0.7335715571981709,False
GSE140035 (mouse),IL2IL15 vs UNSTIM (mouse),2,TMEM63A,channel,Tmem63a,True,log2(CPM+1) from deposited raw counts,,6.0,-0.20244158999439055,-0.7236985437627614,0.31881536377398034,0.31835035958354563,welch_t,,4.532660952473715,22.145518110282683,73.80577210150938,71.7688594923132,False,False,0.430709310024797,0.7236985437627614,False
GSE140035 (mouse),IL2IL15 vs UNSTIM (mouse),2,TMEM63B,channel,Tmem63b,True,log2(CPM+1) from deposited raw counts,,6.0,-0.6093951170341403,-1.3130136059283535,0.09422337186007301,0.06959438595390323,welch_t,,3.445149402009419,9.89164078557528,66.7648034499917,64.18037182695745,False,False,0.1543272916050751,1.3130136059283535,False
GSE140035 (mouse),IL2IL15 vs UNSTIM (mouse),2,KCNK2,channel,Kcnk2,True,log2(CPM+1) from deposited raw counts,,6.0,-0.11630480123584498,-0.54247536052236,0.30986575805067,0.37403364892956,welch_t,,0.052526998050783556,0.037079863850087325,31.06651185934649,25.70611369324276,True,True,0.46290208612564804,0.54247536052236,True
GSE140035 (mouse),IL2IL15 vs UNSTIM (mouse),2,KCNK4,channel,Kcnk4,True,log2(CPM+1) from deposited raw counts,,6.0,-0.02046306271848487,-0.10850851538320823,0.06758238994623848,0.42264973081037416,welch_t,,0.0045567484512212255,0.0031634906499460325,10.951235694144966,4.026635681086878,True,True,0.46290208612564804,0.10850851538320823,True
GSE140035 (mouse),IL2IL15 vs UNSTIM (mouse),2,YAP1,mechano_downstream,Yap1,True,log2(CPM+1) from deposited raw counts,,6.0,-0.4131783089370591,-1.5978839626298071,0.771527344755689,0.3126016463544781,welch_t,,1.1681930564160155,1.2473005118555704,55.017415823519656,51.51948516267429,False,False,0.430709310024797,1.5978839626298071,False
GSE140035 (mouse),IL2IL15 vs UNSTIM (mouse),2,WWTR1,mechano_downstream,Wwtr1,True,log2(CPM+1) from deposited raw counts,,6.0,0.23092744146444164,-0.013938641105336103,0.4757935240342194,0.058665199293644145,welch_t,,0.19370840011677137,0.14369978336801092,41.50771272184442,36.95924204504827,True,True,0.14992217597264615,0.4757935240342194,True
GSE140035 (mouse),IL2IL15 vs UNSTIM (mouse),2,ANKRD1,mechano_downstream,Ankrd1,True,log2(CPM+1) from deposited raw counts,,6.0,-0.058948771023930875,-0.31258486158542304,0.1946873195375613,0.4226497308103743,welch_t,,0.034446750246650275,0.024163997715341168,27.280643556145296,21.625849124061496,True,True,0.46290208612564804,0.31258486158542304,True
GSE140035 (mouse),IL2IL15 vs UNSTIM (mouse),2,CCN2,mechano_downstream,,False,,,,,,,,,gene absent from this matrix,,,,,,,,,False
GSE140035 (mouse),IL2IL15 vs UNSTIM (mouse),2,IFNG,state_activation,Ifng,True,log2(CPM+1) from deposited raw counts,,6.0,3.5306845074219195,3.048399409086343,4.012969605757497,5.6522832243390216e-05,welch_t,,12.157085496915137,4566.172283404644,99.97097362746725,99.96871648194494,False,False,0.0004356033270674212,4.012969605757497,False
GSE140035 (mouse),IL2IL15 vs UNSTIM (mouse),2,GZMB,state_activation,Gzmb,True,log2(CPM+1) from deposited raw counts,human GZMB is one-to-many in mouse (Gzmb + Gzmc); this row reads only Gzmb,6.0,5.6573556679226735,5.152570436780617,6.16214089906473,3.73701444827717e-05,welch_t,,12.39664257027348,5391.141236675,99.97926687676232,99.97765462996068,False,False,0.0004356033270674212,6.16214089906473,False
GSE140035 (mouse),IL2IL15 vs UNSTIM (mouse),2,MKI67,state_activation,Mki67,True,log2(CPM+1) from deposited raw counts,,6.0,-0.36271213431939797,-0.5816827586130859,-0.14374151002570998,0.010593379683509705,welch_t,,3.8143653378352744,13.068195053248882,68.98324763642395,66.57132642116554,False,False,0.030455966590090405,0.5816827586130859,False
GSE140035 (mouse),IL2IL15 vs UNSTIM (mouse),2,ITGA1,state_residency,Itga1,True,log2(CPM+1) from deposited raw counts,,6.0,-0.802340941486726,-1.2024368744791145,-0.4022450084943373,0.006476179098760818,welch_t,,3.5650156442645433,10.835228411882687,67.5070492619008,64.9803360743654,False,False,0.021278874181642687,1.2024368744791145,False
GSE140035 (mouse),IL2IL15 vs UNSTIM (mouse),2,CD69,state_residency,Cd69,True,log2(CPM+1) from deposited raw counts,,6.0,2.3298293387864604,2.0098939440857837,2.649764733487137,5.681782526966364e-05,welch_t,,7.858414073686393,231.06965388030372,97.08492287278155,96.8582409724705,False,False,0.0004356033270674212,2.649764733487137,False
GSE140035 (mouse),IL2IL15 vs UNSTIM (mouse),2,ITGAE,state_residency,Itgae,True,log2(CPM+1) from deposited raw counts,,6.0,-0.45428889094101965,-1.1307945326210245,0.22221675073898506,0.10762022295115374,welch_t,,1.280361860368416,1.4289989399623293,55.78039475866644,52.34179478012155,False,False,0.20627209398971133,1.1307945326210245,False
GSE140035 (mouse),IL2IL15 vs UNSTIM (mouse),2,KLF2,state_egress,Klf2,True,log2(CPM+1) from deposited raw counts,,6.0,0.28335224810374626,-0.06136415791776251,0.628068654125255,0.07380870468068809,welch_t,,7.947891265323825,245.91852451679506,97.32128047769116,97.11297819091884,False,False,0.1543272916050751,0.628068654125255,False
GSE140035 (mouse),IL2IL15 vs UNSTIM (mouse),2,S1PR1,state_egress,S1pr1,True,log2(CPM+1) from deposited raw counts,,6.0,-2.398032255980862,-2.8214364927814133,-1.974628019180311,0.0002930879694079949,welch_t,,4.7997905067709095,26.853573124447276,75.88323104992536,74.00786557025384,False,False,0.0013482046592767764,2.8214364927814133,False
GSE140035 (mouse),IL2IL15 vs UNSTIM (mouse),2,SELL,state_egress,Sell,True,log2(CPM+1) from deposited raw counts,,6.0,0.11113513994357227,-0.2719286508814474,0.49419893076859195,0.46507848383672284,welch_t,,9.315240753299896,636.0402652875498,99.35727317963178,99.30729352878083,False,False,0.48621841492021023,0.49419893076859195,True
GSE140035 (mouse),IL12IL18 vs UNSTIM (mouse),2,PIEZO1,channel,Piezo1,True,log2(CPM+1) from deposited raw counts,,6.0,0.010386360809094164,-0.8319995896619407,0.852772311280129,0.9740035784559764,welch_t,,5.146938864934524,34.430965263334876,78.64902968983247,76.98873793350019,False,False,0.9740035784559764,0.852772311280129,False
GSE140035 (mouse),IL12IL18 vs UNSTIM (mouse),2,PIEZO2,channel,Piezo2,True,log2(CPM+1) from deposited raw counts,,6.0,-0.3418163343191142,-1.9022046762352338,1.2185720075970052,0.45852366047187393,welch_t,,0.09650234668104045,0.06917821445588745,36.3036987891856,31.350554165176973,True,True,0.6591277619283188,1.9022046762352338,False
GSE140035 (mouse),IL12IL18 vs UNSTIM (mouse),2,TRPV2,channel,Trpv2,True,log2(CPM+1) from deposited raw counts,,6.0,-1.4973694164124973,-1.8152169620025327,-1.179521870822462,0.00024532702218692015,welch_t,,6.5695203593888225,93.97792676314717,90.56228230220601,89.82838755809797,False,False,0.0011285043020598327,1.8152169620025327,False
GSE140035 (mouse),IL12IL18 vs UNSTIM (mouse),2,TRPV4,channel,Trpv4,True,log2(CPM+1) from deposited raw counts,,6.0,1.1727290067057126,-0.7225651240479378,3.068023137459363,0.1201669178436683,welch_t,,0.5444917996872334,0.45850648372595604,49.0006634599436,45.03485877726135,True,True,0.2512581009458519,3.068023137459363,False
GSE140035 (mouse),IL12IL18 vs UNSTIM (mouse),2,TRPM7,channel,Trpm7,True,log2(CPM+1) from deposited raw counts,,6.0,-1.5624594436188755,-1.9517776711512644,-1.1731412160864865,0.001022425805089999,welch_t,,6.298790515458049,77.72721375768664,88.60507546856859,87.7189846263854,False,False,0.0036513906484818676,1.9517776711512644,False
GSE140035 (mouse),IL12IL18 vs UNSTIM (mouse),2,TRPC1,channel,Trpc1,True,log2(CPM+1) from deposited raw counts,,6.0,0.17661705150495077,-1.4228538342048005,1.776087937214702,0.684297713871058,welch_t,,0.8792941149533665,0.8394750585728825,52.732625642726816,49.05702538434036,True,True,0.7494689247159206,1.776087937214702,False
GSE140035 (mouse),IL12IL18 vs UNSTIM (mouse),2,TRPC6,channel,Trpc6,True,log2(CPM+1) from deposited raw counts,,6.0,-0.1363882879218416,-0.7504452190928093,0.4776686432491261,0.5686920397389716,welch_t,,0.2792590294000575,0.21357143197667927,44.327417482169515,39.99821237039685,True,True,0.715081277070989,0.7504452190928093,False
GSE140035 (mouse),IL12IL18 vs UNSTIM (mouse),2,TMEM63A,channel,Tmem63a,True,log2(CPM+1) from deposited raw counts,,6.0,-1.5062190758113543,-1.9630077559317183,-1.0494303956909903,0.0011112928060596989,welch_t,,4.532660952473715,22.145518110282683,73.80577210150938,71.7688594923132,False,False,0.0036513906484818676,1.9630077559317183,False
GSE140035 (mouse),IL12IL18 vs UNSTIM (mouse),2,TMEM63B,channel,Tmem63b,True,log2(CPM+1) from deposited raw counts,,6.0,0.14403236453672186,-0.5538717180181014,0.8419364470915451,0.5907193158412518,welch_t,,3.445149402009419,9.89164078557528,66.7648034499917,64.18037182695745,False,False,0.715081277070989,0.8419364470915451,False
GSE140035 (mouse),IL12IL18 vs UNSTIM (mouse),2,KCNK2,channel,Kcnk2,True,log2(CPM+1) from deposited raw counts,,6.0,0.011068313322780465,-0.3834619298579918,0.40559855650355275,0.9416218078098457,welch_t,,0.052526998050783556,0.037079863850087325,31.06651185934649,25.70611369324276,True,True,0.9740035784559764,0.40559855650355275,True
GSE140035 (mouse),IL12IL18 vs UNSTIM (mouse),2,KCNK4,channel,Kcnk4,True,log2(CPM+1) from deposited raw counts,,6.0,-0.02046306271848487,-0.10850851538320823,0.06758238994623848,0.42264973081037416,welch_t,,0.0045567484512212255,0.0031634906499460325,10.951235694144966,4.026635681086878,True,True,0.648062920575907,0.10850851538320823,True
GSE140035 (mouse),IL12IL18 vs UNSTIM (mouse),2,YAP1,mechano_downstream,Yap1,True,log2(CPM+1) from deposited raw counts,,6.0,-0.3477957762942827,-1.4476328781600256,0.7520413255714602,0.3959211026832805,welch_t,,1.1681930564160155,1.2473005118555704,55.017415823519656,51.51948516267429,False,False,0.648062920575907,1.4476328781600256,False
GSE140035 (mouse),IL12IL18 vs UNSTIM (mouse),2,WWTR1,mechano_downstream,Wwtr1,True,log2(CPM+1) from deposited raw counts,,6.0,0.04475323159413003,-0.20089364226064368,0.2904001054489037,0.6344762407115246,welch_t,,0.19370840011677137,0.14369978336801092,41.50771272184442,36.95924204504827,True,True,0.7296476768182534,0.2904001054489037,True
GSE140035 (mouse),IL12IL18 vs UNSTIM (mouse),2,ANKRD1,mechano_downstream,Ankrd1,True,log2(CPM+1) from deposited raw counts,,6.0,-0.0420466497038348,-0.2733986498516409,0.18930535044397134,0.5549040777096215,welch_t,,0.034446750246650275,0.024163997715341168,27.280643556145296,21.625849124061496,True,True,0.715081277070989,0.2733986498516409,True
GSE140035 (mouse),IL12IL18 vs UNSTIM (mouse),2,CCN2,mechano_downstream,,False,,,,,,,,,gene absent from this matrix,,,,,,,,,False
GSE140035 (mouse),IL12IL18 vs UNSTIM (mouse),2,IFNG,state_activation,Ifng,True,log2(CPM+1) from deposited raw counts,,6.0,9.699764592934955,9.206525911295211,10.193003274574698,1.6527705709744192e-05,welch_t,,12.157085496915137,4566.172283404644,99.97097362746725,99.96871648194494,False,False,0.0003801372313241164,10.193003274574698,False
GSE140035 (mouse),IL12IL18 vs UNSTIM (mouse),2,GZMB,state_activation,Gzmb,True,log2(CPM+1) from deposited raw counts,human GZMB is one-to-many in mouse (Gzmb + Gzmc); this row reads only Gzmb,6.0,3.9095064571998277,3.35267441184444,4.466338502555216,4.083412975940254e-05,welch_t,,12.39664257027348,5391.141236675,99.97926687676232,99.97765462996068,False,False,0.0004695924922331292,4.466338502555216,False
GSE140035 (mouse),IL12IL18 vs UNSTIM (mouse),2,MKI67,state_activation,Mki67,True,log2(CPM+1) from deposited raw counts,,6.0,-0.2042831766210753,-0.7193781684374188,0.3108118151952681,0.26734982302419086,welch_t,,3.8143653378352744,13.068195053248882,68.98324763642395,66.57132642116554,False,False,0.47300353304279924,0.7193781684374188,False
GSE140035 (mouse),IL12IL18 vs UNSTIM (mouse),2,ITGA1,state_residency,Itga1,True,log2(CPM+1) from deposited raw counts,,6.0,-2.141889748677422,-3.0023818257432198,-1.2813976716116247,0.006270642625053241,welch_t,,3.5650156442645433,10.835228411882687,67.5070492619008,64.9803360743654,False,False,0.016024975597358285,3.0023818257432198,False
GSE140035 (mouse),IL12IL18 vs UNSTIM (mouse),2,CD69,state_residency,Cd69,True,log2(CPM+1) from deposited raw counts,,6.0,3.4088596504630093,3.154710157340798,3.663009143585221,9.789710561967894e-05,welch_t,,7.858414073686393,231.06965388030372,97.08492287278155,96.8582409724705,False,False,0.0005629083573131539,3.663009143585221,False
GSE140035 (mouse),IL12IL18 vs UNSTIM (mouse),2,ITGAE,state_residency,Itgae,True,log2(CPM+1) from deposited raw counts,,6.0,-0.8023570531497923,-1.450381536555474,-0.15433256974411058,0.02637529191491717,welch_t,,1.280361860368416,1.4289989399623293,55.78039475866644,52.34179478012155,False,False,0.06066317140430949,1.450381536555474,False
GSE140035 (mouse),IL12IL18 vs UNSTIM (mouse),2,KLF2,state_egress,Klf2,True,log2(CPM+1) from deposited raw counts,,6.0,-1.32838781357722,-1.7442378674857608,-0.9125377596686792,0.004349552859812677,welch_t,,7.947891265323825,245.91852451679506,97.32128047769116,97.11297819091884,False,False,0.012504964471961448,1.7442378674857608,False
GSE140035 (mouse),IL12IL18 vs UNSTIM (mouse),2,S1PR1,state_egress,S1pr1,True,log2(CPM+1) from deposited raw counts,,6.0,-5.744680892240838,-6.290697867852551,-5.198663916629125,9.083198379399497e-05,welch_t,,4.7997905067709095,26.853573124447276,75.88323104992536,74.00786557025384,False,False,0.0005629083573131539,6.290697867852551,False
GSE140035 (mouse),IL12IL18 vs UNSTIM (mouse),2,SELL,state_egress,Sell,True,log2(CPM+1) from deposited raw counts,,6.0,-0.1786233331412408,-0.549691801584141,0.19244513530165935,0.25001907710248583,welch_t,,9.315240753299896,636.0402652875498,99.35727317963178,99.30729352878083,False,False,0.47300353304279924,0.549691801584141,True
GSE140035 (mouse),IFNA vs UNSTIM (mouse),2,PIEZO1,channel,Piezo1,True,log2(CPM+1) from deposited raw counts,,6.0,-0.5128937159884908,-1.528936238905409,0.5031488069284276,0.22081302332046784,welch_t,,5.146938864934524,34.430965263334876,78.64902968983247,76.98873793350019,False,False,0.6348374420463451,1.528936238905409,False
GSE140035 (mouse),IFNA vs UNSTIM (mouse),2,PIEZO2,channel,Piezo2,True,log2(CPM+1) from deposited raw counts,,6.0,-0.3336127175494885,-1.880364700093533,1.213139264994556,0.46819137030758834,welch_t,,0.09650234668104045,0.06917821445588745,36.3036987891856,31.350554165176973,True,True,0.7178934344716354,1.880364700093533,False
GSE140035 (mouse),IFNA vs UNSTIM (mouse),2,TRPV2,channel,Trpv2,True,log2(CPM+1) from deposited raw counts,,6.0,-0.05767142960717564,-0.30735550479405915,0.1920126455797079,0.5463215259146262,welch_t,,6.5695203593888225,93.97792676314717,90.56228230220601,89.82838755809797,False,False,0.7531586675772189,0.30735550479405915,True
GSE140035 (mouse),IFNA vs UNSTIM (mouse),2,TRPV4,channel,Trpv4,True,log2(CPM+1) from deposited raw counts,,6.0,0.033735451588585375,-0.5108774319172689,0.5783483350944396,0.8538622054769677,welch_t,,0.5444917996872334,0.45850648372595604,49.0006634599436,45.03485877726135,True,True,0.8926741239077388,0.5783483350944396,True
GSE140035 (mouse),IFNA vs UNSTIM (mouse),2,TRPM7,channel,Trpm7,True,log2(CPM+1) from deposited raw counts,,6.0,-0.26158695311101443,-0.4778295940599695,-0.045344312162059336,0.028372585422305488,welch_t,,6.298790515458049,77.72721375768664,88.60507546856859,87.7189846263854,False,False,0.13051389294260524,0.4778295940599695,True
GSE140035 (mouse),IFNA vs UNSTIM (mouse),2,TRPC1,channel,Trpc1,True,log2(CPM+1) from deposited raw counts,,6.0,0.08224550528272312,-0.7545226483933599,0.9190136589588062,0.7220873577334879,welch_t,,0.8792941149533665,0.8394750585728825,52.732625642726816,49.05702538434036,True,True,0.830400461393511,0.9190136589588062,False
GSE140035 (mouse),IFNA vs UNSTIM (mouse),2,TRPC6,channel,Trpc6,True,log2(CPM+1) from deposited raw counts,,6.0,-0.0626431643229457,-0.6527813041719868,0.5274949755260954,0.7762274808715137,welch_t,,0.2792590294000575,0.21357143197667927,44.327417482169515,39.99821237039685,True,True,0.8501539076211818,0.6527813041719868,False
GSE140035 (mouse),IFNA vs UNSTIM (mouse),2,TMEM63A,channel,Tmem63a,True,log2(CPM+1) from deposited raw counts,,6.0,0.0970466274461117,-0.3797567242911255,0.5738499791833489,0.5857954972645475,welch_t,,4.532660952473715,22.145518110282683,73.80577210150938,71.7688594923132,False,False,0.7531586675772189,0.5738499791833489,True
GSE140035 (mouse),IFNA vs UNSTIM (mouse),2,TMEM63B,channel,Tmem63b,True,log2(CPM+1) from deposited raw counts,,6.0,-0.2576384894236914,-0.9529168066391601,0.43763982779177735,0.35375740994650223,welch_t,,3.445149402009419,9.89164078557528,66.7648034499917,64.18037182695745,False,False,0.6681847386299562,0.9529168066391601,False
GSE140035 (mouse),IFNA vs UNSTIM (mouse),2,KCNK2,channel,Kcnk2,True,log2(CPM+1) from deposited raw counts,,6.0,-0.11522264817694712,-0.5396001195476772,0.3091548231937829,0.3776696348778013,welch_t,,0.052526998050783556,0.037079863850087325,31.06651185934649,25.70611369324276,True,True,0.6681847386299562,0.5396001195476772,True
GSE140035 (mouse),IFNA vs UNSTIM (mouse),2,KCNK4,channel,Kcnk4,True,log2(CPM+1) from deposited raw counts,,6.0,-0.02046306271848487,-0.10850851538320823,0.06758238994623848,0.42264973081037416,welch_t,,0.0045567484512212255,0.0031634906499460325,10.951235694144966,4.026635681086878,True,True,0.6943531291884718,0.10850851538320823,True
GSE140035 (mouse),IFNA vs UNSTIM (mouse),2,YAP1,mechano_downstream,Yap1,True,log2(CPM+1) from deposited raw counts,,6.0,-0.1614113983260992,-1.27677403713693,0.9539512404847317,0.6723998742278117,welch_t,,1.1681930564160155,1.2473005118555704,55.017415823519656,51.51948516267429,False,False,0.8139577424862983,1.27677403713693,False
GSE140035 (mouse),IFNA vs UNSTIM (mouse),2,WWTR1,mechano_downstream,Wwtr1,True,log2(CPM+1) from deposited raw counts,,6.0,0.17617248339042998,-0.22969231587018943,0.5820372826510494,0.27111159729163226,welch_t,,0.19370840011677137,0.14369978336801092,41.50771272184442,36.95924204504827,True,True,0.6681847386299562,0.5820372826510494,True
GSE140035 (mouse),IFNA vs UNSTIM (mouse),2,ANKRD1,mechano_downstream,Ankrd1,True,log2(CPM+1) from deposited raw counts,,6.0,-0.03848283751395155,-0.26314758892328177,0.18618191389537866,0.5894285224517366,welch_t,,0.034446750246650275,0.024163997715341168,27.280643556145296,21.625849124061496,True,True,0.7531586675772189,0.26314758892328177,True
GSE140035 (mouse),IFNA vs UNSTIM (mouse),2,CCN2,mechano_downstream,,False,,,,,,,,,gene absent from this matrix,,,,,,,,,False
GSE140035 (mouse),IFNA vs UNSTIM (mouse),2,IFNG,state_activation,Ifng,True,log2(CPM+1) from deposited raw counts,,6.0,2.018490734774902,-1.5730891535451752,5.6100706230949795,0.14091505659287057,welch_t,,12.157085496915137,4566.172283404644,99.97097362746725,99.96871648194494,False,False,0.46300661451943187,5.6100706230949795,False
GSE140035 (mouse),IFNA vs UNSTIM (mouse),2,GZMB,state_activation,Gzmb,True,log2(CPM+1) from deposited raw counts,human GZMB is one-to-many in mouse (Gzmb + Gzmc); this row reads only Gzmb,6.0,2.9899907916830104,2.474254590053076,3.505726993312945,0.00010821775235530997,welch_t,,12.39664257027348,5391.141236675,99.97926687676232,99.97765462996068,False,False,0.0024890083041721293,3.505726993312945,False
GSE140035 (mouse),IFNA vs UNSTIM (mouse),2,MKI67,state_activation,Mki67,True,log2(CPM+1) from deposited raw counts,,6.0,-0.10250956015380286,-0.36348496799917046,0.15846584769156474,0.3180198162895295,welch_t,,3.8143653378352744,13.068195053248882,68.98324763642395,66.57132642116554,False,False,0.6681847386299562,0.36348496799917046,True
GSE140035 (mouse),IFNA vs UNSTIM (mouse),2,ITGA1,state_residency,Itga1,True,log2(CPM+1) from deposited raw counts,,6.0,-0.5390506298202009,-0.8292428670902936,-0.24885839255010828,0.006719558724848367,welch_t,,3.5650156442645433,10.835228411882687,67.5070492619008,64.9803360743654,False,False,0.03863746266787811,0.8292428670902936,False
GSE140035 (mouse),IFNA vs UNSTIM (mouse),2,CD69,state_residency,Cd69,True,log2(CPM+1) from deposited raw counts,,6.0,2.3605465438515516,1.9447414033407595,2.7763516843623437,0.0002901635585046132,welch_t,,7.858414073686393,231.06965388030372,97.08492287278155,96.8582409724705,False,False,0.0033368809228030514,2.7763516843623437,False
GSE140035 (mouse),IFNA vs UNSTIM (mouse),2,ITGAE,state_residency,Itgae,True,log2(CPM+1) from deposited raw counts,,6.0,-0.028512657251871243,-0.6403911572466771,0.5833658427429346,0.9016042354624343,welch_t,,1.280361860368416,1.4289989399623293,55.78039475866644,52.34179478012155,False,False,0.9016042354624342,0.6403911572466771,False
GSE140035 (mouse),IFNA vs UNSTIM (mouse),2,KLF2,state_egress,Klf2,True,log2(CPM+1) from deposited raw counts,,6.0,-0.134470765368075,-0.5735388695027304,0.30459733876658035,0.337192723848649,welch_t,,7.947891265323825,245.91852451679506,97.32128047769116,97.11297819091884,False,False,0.6681847386299562,0.5735388695027304,True
GSE140035 (mouse),IFNA vs UNSTIM (mouse),2,S1PR1,state_egress,S1pr1,True,log2(CPM+1) from deposited raw counts,,6.0,-0.8152399032549784,-1.1621095351490067,-0.4683702713609501,0.003587301435836891,welch_t,,4.7997905067709095,26.853573124447276,75.88323104992536,74.00786557025384,False,False,0.027502644341416166,1.1621095351490067,False
GSE140035 (mouse),IFNA vs UNSTIM (mouse),2,SELL,state_egress,Sell,True,log2(CPM+1) from deposited raw counts,,6.0,0.5096071981637547,0.06193760956625349,0.9572767867612558,0.034413700017410065,welch_t,,9.315240753299896,636.0402652875498,99.35727317963178,99.30729352878083,False,False,0.13191918340007192,0.9572767867612558,False
GSE242941 (bulk arm),cytokine vs control,2,PIEZO1,channel,PIEZO1,True,log2(CPM+1) from deposited raw counts,,5.0,-0.2869701195827252,-0.8778305511498395,0.3038903119843891,0.20085342433571268,welch_t,,4.767960251126377,26.245767967138843,87.615888101856,79.14918027837324,False,False,0.40170684867142537,0.8778305511498395,False
GSE242941 (bulk arm),cytokine vs control,2,PIEZO2,channel,PIEZO2,True,log2(CPM+1) from deposited raw counts,,5.0,0.764136832615327,-0.6002809235592876,2.1285545887899415,0.1437351204177037,welch_t,,0.7271347365682056,0.6553482216695508,63.88774320810544,39.19869569155521,True,True,0.3593378010442593,2.1285545887899415,False
GSE242941 (bulk arm),cytokine vs control,2,TRPV2,channel,TRPV2,True,log2(CPM+1) from deposited raw counts,,5.0,0.05075399611612674,-0.6846109287418778,0.7861189209741313,0.8282969314236134,welch_t,,5.529994495304863,45.205557956123975,91.41934905406617,85.55297243440717,False,False,0.8540182624155739,0.7861189209741313,False
GSE242941 (bulk arm),cytokine vs control,2,TRPV4,channel,TRPV4,True,log2(CPM+1) from deposited raw counts,,5.0,0.0,,,,welch_t,zero variance in both arms (gene flat or absent),0.0,0.0,0.0,0.0,True,True,,,False
GSE242941 (bulk arm),cytokine vs control,2,TRPM7,channel,TRPM7,True,log2(CPM+1) from deposited raw counts,,5.0,0.09652617116331097,-0.7250794941513482,0.9181318364779701,0.7320473269852101,welch_t,,6.404108771360566,83.68935703039529,95.22818972473775,91.96582228797439,False,False,0.8133859188724557,0.9181318364779701,False
GSE242941 (bulk arm),cytokine vs control,2,TRPC1,channel,TRPC1,True,log2(CPM+1) from deposited raw counts,,5.0,-0.2652302635555802,-8.506335146571836,7.975874619460676,0.8540182624155738,welch_t,,0.9494670789218883,0.9311591698967052,67.02053259212768,44.473294888439355,True,True,0.8540182624155739,8.506335146571836,False
GSE242941 (bulk arm),cytokine vs control,2,TRPC6,channel,TRPC6,True,log2(CPM+1) from deposited raw counts,,5.0,0.29642507536485424,-0.9789890843199258,1.5718392350496344,0.4226497308103742,welch_t,,0.17785504521891254,0.1312007997379585,44.429301533219764,6.437003713655989,True,True,0.6037853297291059,1.5718392350496344,False
GSE242941 (bulk arm),cytokine vs control,2,TMEM63A,channel,TMEM63A,True,log2(CPM+1) from deposited raw counts,,5.0,-1.783432740301142,-3.0716049671102286,-0.4952605134920556,0.026307175303902395,welch_t,,4.630993516227977,23.7780975331213,86.92190442033534,77.9807372965792,False,False,0.13153587651951199,3.0716049671102286,False
GSE242941 (bulk arm),cytokine vs control,2,TMEM63B,channel,TMEM63B,True,log2(CPM+1) from deposited raw counts,,5.0,-0.33794730711016463,-2.272211171006243,1.5963165567859137,0.5850880036045875,welch_t,,2.94599913900101,6.706090553172501,79.38671209540034,65.29392228495516,False,False,0.78011733813945,2.272211171006243,False
GSE242941 (bulk arm),cytokine vs control,2,KCNK2,channel,KCNK2,True,log2(CPM+1) from deposited raw counts,,5.0,0.0,,,,welch_t,zero variance in both arms (gene flat or absent),0.0,0.0,0.0,0.0,True,True,,,False
GSE242941 (bulk arm),cytokine vs control,2,KCNK4,channel,KCNK4,True,log2(CPM+1) from deposited raw counts,,5.0,0.0,,,,welch_t,zero variance in both arms (gene flat or absent),0.0,0.0,0.0,0.0,True,True,,,False
GSE242941 (bulk arm),cytokine vs control,2,YAP1,mechano_downstream,YAP1,True,log2(CPM+1) from deposited raw counts,,5.0,-0.36257799730936613,-3.709981360553274,2.9848253659345416,0.42125752832274693,welch_t,,0.9955255556634544,0.9938067120931999,67.5943692280104,45.43944929198997,True,True,0.6037853297291059,3.709981360553274,False
GSE242941 (bulk arm),cytokine vs control,2,WWTR1,mechano_downstream,WWTR1,True,log2(CPM+1) from deposited raw counts,,5.0,0.19698743739306002,-2.1543675156881363,2.5483423904742564,0.7123332330604409,welch_t,,2.9856039271744255,6.920568189801801,79.56603604411369,65.59584553606473,False,False,0.8133859188724557,2.5483423904742564,False
GSE242941 (bulk arm),cytokine vs control,2,ANKRD1,mechano_downstream,ANKRD1,True,log2(CPM+1) from deposited raw counts,,5.0,0.5540692813748537,-0.6473043149834682,1.7554428777331754,0.1856473485955048,welch_t,,0.33244156882491216,0.25914250303092645,54.24011476732717,22.95522478186045,True,True,0.40170684867142537,1.7554428777331754,False
GSE242941 (bulk arm),cytokine vs control,2,CCN2,mechano_downstream,CTGF,True,log2(CPM+1) from deposited raw counts,,5.0,0.0,,,,welch_t,zero variance in both arms (gene flat or absent),0.0,0.0,0.0,0.0,True,True,,,False
GSE242941 (bulk arm),cytokine vs control,2,IFNG,state_activation,IFNG,True,log2(CPM+1) from deposited raw counts,,5.0,4.307116193050047,-20.369420501258244,28.983652887358335,0.271347517199568,welch_t,,9.955029701870462,991.5732071978364,99.90675154666906,99.84299990942303,False,False,0.4933591221810328,28.983652887358335,False
GSE242941 (bulk arm),cytokine vs control,2,GZMB,state_activation,GZMB,True,log2(CPM+1) from deposited raw counts,,5.0,1.6977032639077763,0.8810277814288796,2.514378746386673,0.012926255945219114,welch_t,,10.482247749740315,1429.4444421371218,99.96054873128305,99.9335768847559,False,False,0.12926255945219114,2.514378746386673,False
GSE242941 (bulk arm),cytokine vs control,2,MKI67,state_activation,MKI67,True,log2(CPM+1) from deposited raw counts,,5.0,1.9976981158387455,-10.071050995257966,14.066447226935455,0.3381606583433953,welch_t,,2.429984364071372,4.388875902510074,77.10391822827938,61.45043929833036,False,False,0.5636010972389922,14.066447226935455,False
GSE242941 (bulk arm),cytokine vs control,2,ITGA1,state_residency,ITGA1,True,log2(CPM+1) from deposited raw counts,,5.0,-0.25388053178055525,-2.1997485753402533,1.6919875117791427,0.6995316214957352,welch_t,,6.723935101942104,104.70758586472749,96.22523087958396,93.64451556414359,False,False,0.8133859188724557,2.1997485753402533,False
GSE242941 (bulk arm),cytokine vs control,2,CD69,state_residency,CD69,True,log2(CPM+1) from deposited raw counts,,5.0,1.120978505575815,-0.5397163234118623,2.781673334563492,0.11252126347158017,welch_t,,7.20957265765843,147.0122381721783,97.53429570519143,95.84855529724344,False,False,0.32209975328450796,2.781673334563492,False
GSE242941 (bulk arm),cytokine vs control,2,ITGAE,state_residency,ITGAE,True,log2(CPM+1) from deposited raw counts,,5.0,0.3766647951923163,0.11678451959978792,0.6365450707848448,0.02170954408787112,welch_t,,5.642354018257232,48.94796579677911,91.93042230789922,86.41345370006944,False,False,0.13153587651951199,0.6365450707848448,False
GSE242941 (bulk arm),cytokine vs control,2,KLF2,state_egress,KLF2,True,log2(CPM+1) from deposited raw counts,,5.0,-2.2711679934796827,-5.71378324175725,1.1714472547978843,0.1127349136495778,welch_t,,5.5757732178696395,46.69523441247824,91.63453779252218,85.91528033573866,False,False,0.32209975328450796,5.71378324175725,False
GSE242941 (bulk arm),cytokine vs control,2,S1PR1,state_egress,S1PR1,True,log2(CPM+1) from deposited raw counts,,5.0,-2.154335003264621,-3.2474088889787796,-1.061261117550463,0.009503994135942023,welch_t,,5.0697257878429856,32.58454987456565,89.16166053976508,81.75175870293772,False,False,0.12926255945219114,3.2474088889787796,False
GSE242941 (bulk arm),cytokine vs control,2,SELL,state_egress,SELL,True,log2(CPM+1) from deposited raw counts,,5.0,-1.9409883160612083,-4.235845436524875,0.3538688044024587,0.07198621278338459,welch_t,,6.245677083739873,74.88154161007988,94.6059356227024,90.9181486066242,False,False,0.28794485113353835,4.235845436524875,False
GSE133383,all tissues vs blood (donor+subset fixed),3,PIEZO1,channel,PIEZO1,True,log2(CPM+1) from deposited filtered counts,,30.0,-0.49006655079198014,-1.0124645208270748,0.032331419243114556,0.06471034065737376,ols(+2 fixed effects),,6.9231362557132625,120.35891276972104,86.92958218203131,86.92848769050411,False,False,0.12942068131474752,1.0124645208270748,False
GSE133383,all tissues vs blood (donor+subset fixed),3,PIEZO2,channel,,False,,,,,,,,,gene absent from this matrix,,,,,,,,,False
GSE133383,all tissues vs blood (donor+subset fixed),3,TRPV2,channel,TRPV2,True,log2(CPM+1) from deposited filtered counts,,30.0,-0.04270027664239284,-0.6531511202082645,0.5677505669234788,0.8864160301254401,ols(+2 fixed effects),,6.852376967043851,114.55028172510536,86.12576404588462,86.12460224418021,False,False,0.8864160301254401,0.6531511202082645,False
GSE133383,all tissues vs blood (donor+subset fixed),3,TRPV4,channel,,False,,,,,,,,,gene absent from this matrix,,,,,,,,,False
GSE133383,all tissues vs blood (donor+subset fixed),3,TRPM7,channel,TRPM7,True,log2(CPM+1) from deposited filtered counts,,30.0,0.5897055375192255,-0.035374940691559,1.2147860157300099,0.06331666635660464,ols(+2 fixed effects),,6.77050130031399,108.17519519617248,84.94515615841915,84.94389549489198,False,False,0.12942068131474752,1.2147860157300099,False
GSE133383,all tissues vs blood (donor+subset fixed),3,TRPC1,channel,,False,,,,,,,,,gene absent from this matrix,,,,,,,,,False
GSE133383,all tissues vs blood (donor+subset fixed),3,TRPC6,channel,,False,,,,,,,,,gene absent from this matrix,,,,,,,,,False
GSE133383,all tissues vs blood (donor+subset fixed),3,TMEM63A,channel,TMEM63A,True,log2(CPM+1) from deposited filtered counts,,30.0,-0.8523058356307255,-1.6985613448806967,-0.006050326380754423,0.04850862521456181,ols(+2 fixed effects),,6.710089635932625,103.69796827168626,84.27530771163025,84.27399095628873,False,False,0.12942068131474752,1.6985613448806967,False
GSE133383,all tissues vs blood (donor+subset fixed),3,TMEM63B,channel,TMEM63B,True,log2(CPM+1) from deposited filtered counts,,30.0,1.0390560719875481,0.30284716123571154,1.7752649827393847,0.007625182656849972,ols(+2 fixed effects),,2.9453965083697775,6.70287230100789,23.026040358368917,23.019594707754145,False,False,0.06100146125479978,1.7752649827393847,False
GSE133383,all tissues vs blood (donor+subset fixed),3,KCNK2,channel,,False,,,,,,,,,gene absent from this matrix,,,,,,,,,False
GSE133383,all tissues vs blood (donor+subset fixed),3,KCNK4,channel,,False,,,,,,,,,gene absent from this matrix,,,,,,,,,False
GSE133383,all tissues vs blood (donor+subset fixed),3,YAP1,mechano_downstream,,False,,,,,,,,,gene absent from this matrix,,,,,,,,,False
GSE133383,all tissues vs blood (donor+subset fixed),3,WWTR1,mechano_downstream,WWTR1,True,log2(CPM+1) from deposited filtered counts,,30.0,1.0541845976492272,-0.03922651619112649,2.147595711489581,0.058116777670694036,ols(+2 fixed effects),,1.2419165957672151,1.365125265312317,3.742778196433057,3.734717802713113,False,True,0.12942068131474752,2.147595711489581,False
GSE133383,all tissues vs blood (donor+subset fixed),3,ANKRD1,mechano_downstream,,False,,,,,,,,,gene absent from this matrix,,,,,,,,,False
GSE133383,all tissues vs blood (donor+subset fixed),3,CCN2,mechano_downstream,CTGF,True,log2(CPM+1) from deposited filtered counts,,30.0,1.0268397743828679,-0.28172777131295157,2.335407320078687,0.11839596979544047,ols(+2 fixed effects),,0.8511444796152074,0.8039314035800453,0.8791760864104498,0.8708759001842238,True,True,0.21048172408078306,2.335407320078687,False
GSE133383,all tissues vs blood (donor+subset fixed),3,IFNG,state_activation,IFNG,True,log2(CPM+1) from deposited filtered counts,,30.0,1.9455536971570768,1.1265378172452691,2.7645695770688845,5.3196840526478575e-05,ols(+2 fixed effects),,6.438824255802896,85.75194844456051,80.58276814870635,80.58114218723831,False,False,0.0008511494484236572,2.7645695770688845,False
GSE133383,all tissues vs blood (donor+subset fixed),3,GZMB,state_activation,GZMB,True,log2(CPM+1) from deposited filtered counts,,30.0,0.2948878556283562,-1.0983608370440994,1.688136548300812,0.6661367616100768,ols(+2 fixed effects),,10.105645231825415,1100.7989148820343,99.44737503139915,99.44732875565232,False,False,0.7105458790507486,1.688136548300812,False
GSE133383,all tissues vs blood (donor+subset fixed),3,MKI67,state_activation,MKI67,True,log2(CPM+1) from deposited filtered counts,,30.0,-0.7827209549221856,-2.265365361410969,0.6999234515665973,0.28671890536403716,ols(+2 fixed effects),,2.705589299399891,5.523242671974226,20.363392782382984,20.35672416680623,False,False,0.38768399046032953,2.265365361410969,False
GSE133383,all tissues vs blood (donor+subset fixed),3,ITGA1,state_residency,ITGA1,True,log2(CPM+1) from deposited filtered counts,,30.0,0.6880418814440241,-0.6256399068181544,2.0017236697062026,0.29045404602704694,ols(+2 fixed effects),,2.3368964563494896,4.052146436822446,16.58712216361048,16.580137330430414,False,False,0.38768399046032953,2.0017236697062026,False
GSE133383,all tissues vs blood (donor+subset fixed),3,CD69,state_residency,CD69,True,log2(CPM+1) from deposited filtered counts,,30.0,0.8221344449113259,0.10678664571146768,1.5374822441111842,0.026055696142726858,ols(+2 fixed effects),,10.77383590052613,1749.8452989441807,99.7404337268693,99.74041199129124,False,False,0.10422278457090743,1.5374822441111842,False
GSE133383,all tissues vs blood (donor+subset fixed),3,ITGAE,state_residency,ITGAE,True,log2(CPM+1) from deposited filtered counts,,30.0,0.3056343431014209,-0.4498416373118821,1.061110323514724,0.4119706825810773,ols(+2 fixed effects),,5.903322681324228,58.851797950420796,71.11278573222808,71.11036677273489,False,False,0.5070408400997874,1.061110323514724,False
GSE133383,all tissues vs blood (donor+subset fixed),3,KLF2,state_egress,KLF2,True,log2(CPM+1) from deposited filtered counts,,30.0,-0.4263543405306262,-1.240928745816427,0.38822006475517473,0.29076299284524715,ols(+2 fixed effects),,7.511396122427049,181.45490458588196,92.56468224064307,92.56405962150393,False,False,0.38768399046032953,1.240928745816427,False
GSE133383,all tissues vs blood (donor+subset fixed),3,S1PR1,state_egress,S1PR1,True,log2(CPM+1) from deposited filtered counts,,30.0,-0.3879901428824285,-1.6097083975996207,0.8337281118347638,0.5184137154365808,ols(+2 fixed effects),,5.947760171488948,60.72402217776697,71.92497697395964,71.92262602579133,False,False,0.5924728176418066,1.6097083975996207,False
GSE133383,all tissues vs blood (donor+subset fixed),3,SELL,state_egress,SELL,True,log2(CPM+1) from deposited filtered counts,,30.0,-1.7695419831390813,-3.1314876212253244,-0.40759634505283837,0.013045720985164723,ols(+2 fixed effects),,8.13484199709085,280.08097486025656,96.0060286360211,96.00569418857813,False,False,0.06957717858754518,3.1314876212253244,False
GSE133383,BM vs blood (donor+subset fixed),3,PIEZO1,channel,PIEZO1,True,log2(CPM+1) from deposited filtered counts,,12.0,-0.35345113252914023,-1.6181290796521417,0.9112268145938611,0.5195863794493515,ols(+2 fixed effects),,6.9231362557132625,120.35891276972104,86.92958218203131,86.92848769050411,False,False,0.8313382071189623,1.6181290796521417,False
GSE133383,BM vs blood (donor+subset fixed),3,PIEZO2,channel,,False,,,,,,,,,gene absent from this matrix,,,,,,,,,False
GSE133383,BM vs blood (donor+subset fixed),3,TRPV2,channel,TRPV2,True,log2(CPM+1) from deposited filtered counts,,12.0,0.47177845425544584,-0.4288787956801752,1.3724357041910669,0.24723604949221278,ols(+2 fixed effects),,6.852376967043851,114.55028172510536,86.12576404588462,86.12460224418021,False,False,0.5353092622923252,1.3724357041910669,False
GSE133383,BM vs blood (donor+subset fixed),3,TRPV4,channel,,False,,,,,,,,,gene absent from this matrix,,,,,,,,,False
GSE133383,BM vs blood (donor+subset fixed),3,TRPM7,channel,TRPM7,True,log2(CPM+1) from deposited filtered counts,,12.0,0.749383929795107,-0.7515929564914527,2.250360816081667,0.2676546311461626,ols(+2 fixed effects),,6.77050130031399,108.17519519617248,84.94515615841915,84.94389549489198,False,False,0.5353092622923252,2.250360816081667,False
GSE133383,BM vs blood (donor+subset fixed),3,TRPC1,channel,,False,,,,,,,,,gene absent from this matrix,,,,,,,,,False
GSE133383,BM vs blood (donor+subset fixed),3,TRPC6,channel,,False,,,,,,,,,gene absent from this matrix,,,,,,,,,False
GSE133383,BM vs blood (donor+subset fixed),3,TMEM63A,channel,TMEM63A,True,log2(CPM+1) from deposited filtered counts,,12.0,-0.4248725190655519,-1.227604457528093,0.3778594193969894,0.24288039001237102,ols(+2 fixed effects),,6.710089635932625,103.69796827168626,84.27530771163025,84.27399095628873,False,False,0.5353092622923252,1.227604457528093,False
GSE133383,BM vs blood (donor+subset fixed),3,TMEM63B,channel,TMEM63B,True,log2(CPM+1) from deposited filtered counts,,12.0,0.8920661913693044,-0.6533882442631289,2.4375206270017378,0.2075376530399032,ols(+2 fixed effects),,2.9453965083697775,6.70287230100789,23.026040358368917,23.019594707754145,False,False,0.5353092622923252,2.4375206270017378,False
GSE133383,BM vs blood (donor+subset fixed),3,KCNK2,channel,,False,,,,,,,,,gene absent from this matrix,,,,,,,,,False
GSE133383,BM vs blood (donor+subset fixed),3,KCNK4,channel,,False,,,,,,,,,gene absent from this matrix,,,,,,,,,False
GSE133383,BM vs blood (donor+subset fixed),3,YAP1,mechano_downstream,,False,,,,,,,,,gene absent from this matrix,,,,,,,,,False
GSE133383,BM vs blood (donor+subset fixed),3,WWTR1,mechano_downstream,WWTR1,True,log2(CPM+1) from deposited filtered counts,,12.0,0.379136191232329,-0.6044232189884516,1.3626956014531095,0.38198068370297084,ols(+2 fixed effects),,1.2419165957672151,1.365125265312317,3.742778196433057,3.734717802713113,False,True,0.6790767710275037,1.3626956014531095,False
GSE133383,BM vs blood (donor+subset fixed),3,ANKRD1,mechano_downstream,,False,,,,,,,,,gene absent from this matrix,,,,,,,,,False
GSE133383,BM vs blood (donor+subset fixed),3,CCN2,mechano_downstream,CTGF,True,log2(CPM+1) from deposited filtered counts,,12.0,0.013750365112258689,-0.542115161109203,0.5696158913337204,0.9537001892367608,ols(+2 fixed effects),,0.8511444796152074,0.8039314035800453,0.8791760864104498,0.8708759001842238,True,True,0.9537001892367608,0.5696158913337204,True
GSE133383,BM vs blood (donor+subset fixed),3,IFNG,state_activation,IFNG,True,log2(CPM+1) from deposited filtered counts,,12.0,1.5557588444644899,0.4360123816124888,2.6755053073164907,0.014501240583212477,ols(+2 fixed effects),,6.438824255802896,85.75194844456051,80.58276814870635,80.58114218723831,False,False,0.11600992466569982,2.6755053073164907,False
GSE133383,BM vs blood (donor+subset fixed),3,GZMB,state_activation,GZMB,True,log2(CPM+1) from deposited filtered counts,,12.0,0.14484399784011737,-1.2396921293590761,1.5293801250393106,0.8065126939945431,ols(+2 fixed effects),,10.105645231825415,1100.7989148820343,99.44737503139915,99.44732875565232,False,False,0.9429540290163538,1.5293801250393106,False
GSE133383,BM vs blood (donor+subset fixed),3,MKI67,state_activation,MKI67,True,log2(CPM+1) from deposited filtered counts,,12.0,0.7010992622154875,-0.49899738318045284,1.9011959076114278,0.2027987013577403,ols(+2 fixed effects),,2.705589299399891,5.523242671974226,20.363392782382984,20.35672416680623,False,False,0.5353092622923252,1.9011959076114278,False
GSE133383,BM vs blood (donor+subset fixed),3,ITGA1,state_residency,ITGA1,True,log2(CPM+1) from deposited filtered counts,,12.0,-0.15296635090626842,-2.4573104277907047,2.1513777259781675,0.8762993328408815,ols(+2 fixed effects),,2.3368964563494896,4.052146436822446,16.58712216361048,16.580137330430414,False,False,0.9429540290163538,2.4573104277907047,False
GSE133383,BM vs blood (donor+subset fixed),3,CD69,state_residency,CD69,True,log2(CPM+1) from deposited filtered counts,,12.0,1.1482502678303732,0.38564022039463297,1.9108603152661134,0.010278317103719303,ols(+2 fixed effects),,10.77383590052613,1749.8452989441807,99.7404337268693,99.74041199129124,False,False,0.11600992466569982,1.9108603152661134,False
GSE133383,BM vs blood (donor+subset fixed),3,ITGAE,state_residency,ITGAE,True,log2(CPM+1) from deposited filtered counts,,12.0,-0.07069778545105398,-1.207314581458654,1.065919010556546,0.8840194022028317,ols(+2 fixed effects),,5.903322681324228,58.851797950420796,71.11278573222808,71.11036677273489,False,False,0.9429540290163538,1.207314581458654,False
GSE133383,BM vs blood (donor+subset fixed),3,KLF2,state_egress,KLF2,True,log2(CPM+1) from deposited filtered counts,,12.0,-0.11542674716615603,-0.6670126378287711,0.43615914349645896,0.626911886922759,ols(+2 fixed effects),,7.511396122427049,181.45490458588196,92.56468224064307,92.56405962150393,False,False,0.9118718355240131,0.6670126378287711,False
GSE133383,BM vs blood (donor+subset fixed),3,S1PR1,state_egress,S1PR1,True,log2(CPM+1) from deposited filtered counts,,12.0,-0.18002166004748932,-1.8092539501091318,1.4492106300141532,0.7959344259176626,ols(+2 fixed effects),,5.947760171488948,60.72402217776697,71.92497697395964,71.92262602579133,False,False,0.9429540290163538,1.8092539501091318,False
GSE133383,BM vs blood (donor+subset fixed),3,SELL,state_egress,SELL,True,log2(CPM+1) from deposited filtered counts,,12.0,-0.9215971893056059,-1.758633798914696,-0.08456057969651565,0.03585602968102174,ols(+2 fixed effects),,8.13484199709085,280.08097486025656,96.0060286360211,96.00569418857813,False,False,0.1912321582987826,1.758633798914696,False
GSE133383,SP vs blood (donor+subset fixed),3,PIEZO1,channel,PIEZO1,True,log2(CPM+1) from deposited filtered counts,,12.0,-0.4710057372504748,-1.408716039549311,0.46670456504836155,0.2736716807837614,ols(+2 fixed effects),,6.9231362557132625,120.35891276972104,86.92958218203131,86.92848769050411,False,False,0.5473433615675228,1.408716039549311,False
GSE133383,SP vs blood (donor+subset fixed),3,PIEZO2,channel,,False,,,,,,,,,gene absent from this matrix,,,,,,,,,False
GSE133383,SP vs blood (donor+subset fixed),3,TRPV2,channel,TRPV2,True,log2(CPM+1) from deposited filtered counts,,12.0,0.17146787526491725,-0.4777048927407159,0.8206406432705504,0.5520553881244927,ols(+2 fixed effects),,6.852376967043851,114.55028172510536,86.12576404588462,86.12460224418021,False,False,0.5951175790581578,0.8206406432705504,False
GSE133383,SP vs blood (donor+subset fixed),3,TRPV4,channel,,False,,,,,,,,,gene absent from this matrix,,,,,,,,,False
GSE133383,SP vs blood (donor+subset fixed),3,TRPM7,channel,TRPM7,True,log2(CPM+1) from deposited filtered counts,,12.0,0.4153781720099905,-0.8993886021869941,1.7301449462069751,0.4793620064269053,ols(+2 fixed effects),,6.77050130031399,108.17519519617248,84.94515615841915,84.94389549489198,False,False,0.5951175790581578,1.7301449462069751,False
GSE133383,SP vs blood (donor+subset fixed),3,TRPC1,channel,,False,,,,,,,,,gene absent from this matrix,,,,,,,,,False
GSE133383,SP vs blood (donor+subset fixed),3,TRPC6,channel,,False,,,,,,,,,gene absent from this matrix,,,,,,,,,False
GSE133383,SP vs blood (donor+subset fixed),3,TMEM63A,channel,TMEM63A,True,log2(CPM+1) from deposited filtered counts,,12.0,-0.4924221264638762,-1.1953366615034278,0.21049240857567542,0.14158572714248222,ols(+2 fixed effects),,6.710089635932625,103.69796827168626,84.27530771163025,84.27399095628873,False,False,0.3775619390466192,1.1953366615034278,False
GSE133383,SP vs blood (donor+subset fixed),3,TMEM63B,channel,TMEM63B,True,log2(CPM+1) from deposited filtered counts,,12.0,0.6681758179091388,-0.2635239477056508,1.5998755835239284,0.13374110805784958,ols(+2 fixed effects),,2.9453965083697775,6.70287230100789,23.026040358368917,23.019594707754145,False,False,0.3775619390466192,1.5998755835239284,False
GSE133383,SP vs blood (donor+subset fixed),3,KCNK2,channel,,False,,,,,,,,,gene absent from this matrix,,,,,,,,,False
GSE133383,SP vs blood (donor+subset fixed),3,KCNK4,channel,,False,,,,,,,,,gene absent from this matrix,,,,,,,,,False
GSE133383,SP vs blood (donor+subset fixed),3,YAP1,mechano_downstream,,False,,,,,,,,,gene absent from this matrix,,,,,,,,,False
GSE133383,SP vs blood (donor+subset fixed),3,WWTR1,mechano_downstream,WWTR1,True,log2(CPM+1) from deposited filtered counts,,12.0,0.22986472482481793,-0.40596972225726047,0.8656991719068963,0.4209250722640962,ols(+2 fixed effects),,1.2419165957672151,1.365125265312317,3.742778196433057,3.734717802713113,False,True,0.5951175790581578,0.8656991719068963,False
GSE133383,SP vs blood (donor+subset fixed),3,ANKRD1,mechano_downstream,,False,,,,,,,,,gene absent from this matrix,,,,,,,,,False
GSE133383,SP vs blood (donor+subset fixed),3,CCN2,mechano_downstream,CTGF,True,log2(CPM+1) from deposited filtered counts,,12.0,0.16922954389890085,-0.3076280598385056,0.6460871476363074,0.4290979385847628,ols(+2 fixed effects),,0.8511444796152074,0.8039314035800453,0.8791760864104498,0.8708759001842238,True,True,0.5951175790581578,0.6460871476363074,False
GSE133383,SP vs blood (donor+subset fixed),3,IFNG,state_activation,IFNG,True,log2(CPM+1) from deposited filtered counts,,12.0,1.9725919225816257,1.3118279186696635,2.633355926493588,0.0002007556539486094,ols(+2 fixed effects),,6.438824255802896,85.75194844456051,80.58276814870635,80.58114218723831,False,False,0.0032120904631777504,2.633355926493588,False
GSE133383,SP vs blood (donor+subset fixed),3,GZMB,state_activation,GZMB,True,log2(CPM+1) from deposited filtered counts,,12.0,-0.3107506221421815,-1.265053933504079,0.643552689219716,0.46648851232631355,ols(+2 fixed effects),,10.105645231825415,1100.7989148820343,99.44737503139915,99.44732875565232,False,False,0.5951175790581578,1.265053933504079,False
GSE133383,SP vs blood (donor+subset fixed),3,MKI67,state_activation,MKI67,True,log2(CPM+1) from deposited filtered counts,,12.0,-0.5735822724168025,-2.596065193271311,1.4489006484377058,0.5239676836846043,ols(+2 fixed effects),,2.705589299399891,5.523242671974226,20.363392782382984,20.35672416680623,False,False,0.5951175790581578,2.596065193271311,False
GSE133383,SP vs blood (donor+subset fixed),3,ITGA1,state_residency,ITGA1,True,log2(CPM+1) from deposited filtered counts,,12.0,0.43717472186679507,-1.2433461363350178,2.1176955800686077,0.5579227303670229,ols(+2 fixed effects),,2.3368964563494896,4.052146436822446,16.58712216361048,16.580137330430414,False,False,0.5951175790581578,2.1176955800686077,False
GSE133383,SP vs blood (donor+subset fixed),3,CD69,state_residency,CD69,True,log2(CPM+1) from deposited filtered counts,,12.0,1.149109386861079,0.3598990371705496,1.9383197365516085,0.010793935417410777,ols(+2 fixed effects),,10.77383590052613,1749.8452989441807,99.7404337268693,99.74041199129124,False,False,0.057567655559524145,1.9383197365516085,False
GSE133383,SP vs blood (donor+subset fixed),3,ITGAE,state_residency,ITGAE,True,log2(CPM+1) from deposited filtered counts,,12.0,0.3495168195594042,-0.08556092495225082,0.7845945640710592,0.09926363062929128,ols(+2 fixed effects),,5.903322681324228,58.851797950420796,71.11278573222808,71.11036677273489,False,False,0.3775619390466192,0.7845945640710592,False
GSE133383,SP vs blood (donor+subset fixed),3,KLF2,state_egress,KLF2,True,log2(CPM+1) from deposited filtered counts,,12.0,-0.7985754983341449,-2.0731129995680413,0.47596200289975155,0.1820055720792961,ols(+2 fixed effects),,7.511396122427049,181.45490458588196,92.56468224064307,92.56405962150393,False,False,0.41601273618124823,2.0731129995680413,False
GSE133383,SP vs blood (donor+subset fixed),3,S1PR1,state_egress,S1PR1,True,log2(CPM+1) from deposited filtered counts,,12.0,-0.3892294045862609,-2.1018748172195134,1.3234160080469919,0.6076412076539525,ols(+2 fixed effects),,5.947760171488948,60.72402217776697,71.92497697395964,71.92262602579133,False,False,0.6076412076539525,2.1018748172195134,False
GSE133383,SP vs blood (donor+subset fixed),3,SELL,state_egress,SELL,True,log2(CPM+1) from deposited filtered counts,,12.0,-1.6598247702590336,-2.7805810895262626,-0.5390684509918049,0.009966473593660517,ols(+2 fixed effects),,8.13484199709085,280.08097486025656,96.0060286360211,96.00569418857813,False,False,0.057567655559524145,2.7805810895262626,False
GSE133383,LU vs blood (donor+subset fixed),3,PIEZO1,channel,PIEZO1,True,log2(CPM+1) from deposited filtered counts,,12.0,-0.8074316057126222,-2.013059042963058,0.3981958315378139,0.15237923902394984,ols(+2 fixed effects),,6.9231362557132625,120.35891276972104,86.92958218203131,86.92848769050411,False,False,0.2216425294893816,2.013059042963058,False
GSE133383,LU vs blood (donor+subset fixed),3,PIEZO2,channel,,False,,,,,,,,,gene absent from this matrix,,,,,,,,,False
GSE133383,LU vs blood (donor+subset fixed),3,TRPV2,channel,TRPV2,True,log2(CPM+1) from deposited filtered counts,,12.0,-0.3018186970866077,-1.3173118720126356,0.7136744778394202,0.4944558421250024,ols(+2 fixed effects),,6.852376967043851,114.55028172510536,86.12576404588462,86.12460224418021,False,False,0.5274195649333359,1.3173118720126356,False
GSE133383,LU vs blood (donor+subset fixed),3,TRPV4,channel,,False,,,,,,,,,gene absent from this matrix,,,,,,,,,False
GSE133383,LU vs blood (donor+subset fixed),3,TRPM7,channel,TRPM7,True,log2(CPM+1) from deposited filtered counts,,12.0,0.9216917207417006,-0.6215895152320614,2.464972956715463,0.19422371577906358,ols(+2 fixed effects),,6.77050130031399,108.17519519617248,84.94515615841915,84.94389549489198,False,False,0.2390445732665398,2.464972956715463,False
GSE133383,LU vs blood (donor+subset fixed),3,TRPC1,channel,,False,,,,,,,,,gene absent from this matrix,,,,,,,,,False
GSE133383,LU vs blood (donor+subset fixed),3,TRPC6,channel,,False,,,,,,,,,gene absent from this matrix,,,,,,,,,False
GSE133383,LU vs blood (donor+subset fixed),3,TMEM63A,channel,TMEM63A,True,log2(CPM+1) from deposited filtered counts,,12.0,-2.053755684390783,-2.8937536752218405,-1.2137576935597254,0.0009793536656224344,ols(+2 fixed effects),,6.710089635932625,103.69796827168626,84.27530771163025,84.27399095628873,False,False,0.0051943856837044595,2.8937536752218405,False
GSE133383,LU vs blood (donor+subset fixed),3,TMEM63B,channel,TMEM63B,True,log2(CPM+1) from deposited filtered counts,,12.0,1.7261983215666703,0.609901486933478,2.8424951561998624,0.009139434403618482,ols(+2 fixed effects),,2.9453965083697775,6.70287230100789,23.026040358368917,23.019594707754145,False,False,0.024371825076315953,2.8424951561998624,False
GSE133383,LU vs blood (donor+subset fixed),3,KCNK2,channel,,False,,,,,,,,,gene absent from this matrix,,,,,,,,,False
GSE133383,LU vs blood (donor+subset fixed),3,KCNK4,channel,,False,,,,,,,,,gene absent from this matrix,,,,,,,,,False
GSE133383,LU vs blood (donor+subset fixed),3,YAP1,mechano_downstream,,False,,,,,,,,,gene absent from this matrix,,,,,,,,,False
GSE133383,LU vs blood (donor+subset fixed),3,WWTR1,mechano_downstream,WWTR1,True,log2(CPM+1) from deposited filtered counts,,12.0,2.829028661750669,1.6075127865784733,4.050544536922865,0.0012985964209261149,ols(+2 fixed effects),,1.2419165957672151,1.365125265312317,3.742778196433057,3.734717802713113,False,True,0.0051943856837044595,4.050544536922865,False
GSE133383,LU vs blood (donor+subset fixed),3,ANKRD1,mechano_downstream,,False,,,,,,,,,gene absent from this matrix,,,,,,,,,False
GSE133383,LU vs blood (donor+subset fixed),3,CCN2,mechano_downstream,CTGF,True,log2(CPM+1) from deposited filtered counts,,12.0,3.3080743340038445,1.9352381951713082,4.680910472836381,0.0010567817898634476,ols(+2 fixed effects),,0.8511444796152074,0.8039314035800453,0.8791760864104498,0.8708759001842238,True,True,0.0051943856837044595,4.680910472836381,False
GSE133383,LU vs blood (donor+subset fixed),3,IFNG,state_activation,IFNG,True,log2(CPM+1) from deposited filtered counts,,12.0,1.831195336655084,0.6750248354970152,2.9873658378131527,0.008213090293216053,ols(+2 fixed effects),,6.438824255802896,85.75194844456051,80.58276814870635,80.58114218723831,False,False,0.024371825076315953,2.9873658378131527,False
GSE133383,LU vs blood (donor+subset fixed),3,GZMB,state_activation,GZMB,True,log2(CPM+1) from deposited filtered counts,,12.0,1.607816956487167,-0.49774070269540305,3.713374615669737,0.11091271795970382,ols(+2 fixed effects),,10.105645231825415,1100.7989148820343,99.44737503139915,99.44732875565232,False,False,0.17746034873552613,3.713374615669737,False
GSE133383,LU vs blood (donor+subset fixed),3,MKI67,state_activation,MKI67,True,log2(CPM+1) from deposited filtered counts,,12.0,-1.5158454307997131,-2.901659388300929,-0.13003147329849707,0.03670668958041268,ols(+2 fixed effects),,2.705589299399891,5.523242671974226,20.363392782382984,20.35672416680623,False,False,0.08390100475522898,2.901659388300929,False
GSE133383,LU vs blood (donor+subset fixed),3,ITGA1,state_residency,ITGA1,True,log2(CPM+1) from deposited filtered counts,,12.0,1.9712710665553288,-1.3057426045515912,5.248284737662249,0.1914571315688617,ols(+2 fixed effects),,2.3368964563494896,4.052146436822446,16.58712216361048,16.580137330430414,False,False,0.2390445732665398,5.248284737662249,False
GSE133383,LU vs blood (donor+subset fixed),3,CD69,state_residency,CD69,True,log2(CPM+1) from deposited filtered counts,,12.0,0.5169403850519573,0.016437057984659997,1.0174437121192546,0.04484459502556415,ols(+2 fixed effects),,10.77383590052613,1749.8452989441807,99.7404337268693,99.74041199129124,False,False,0.0896891900511283,1.0174437121192546,False
GSE133383,LU vs blood (donor+subset fixed),3,ITGAE,state_residency,ITGAE,True,log2(CPM+1) from deposited filtered counts,,12.0,0.9641928510774131,-0.21211403641683213,2.140499738571658,0.0917017770901228,ols(+2 fixed effects),,5.903322681324228,58.851797950420796,71.11278573222808,71.11036677273489,False,False,0.16302538149355164,2.140499738571658,False
GSE133383,LU vs blood (donor+subset fixed),3,KLF2,state_egress,KLF2,True,log2(CPM+1) from deposited filtered counts,,12.0,-0.09529153213376079,-0.8144774531299515,0.6238943888624298,0.7567806793355569,ols(+2 fixed effects),,7.511396122427049,181.45490458588196,92.56468224064307,92.56405962150393,False,False,0.7567806793355569,0.8144774531299515,False
GSE133383,LU vs blood (donor+subset fixed),3,S1PR1,state_egress,S1PR1,True,log2(CPM+1) from deposited filtered counts,,12.0,-1.4975731976625895,-4.361208798950878,1.3660624036256994,0.2479222336651958,ols(+2 fixed effects),,5.947760171488948,60.72402217776697,71.92497697395964,71.92262602579133,False,False,0.28333969561736666,4.361208798950878,False
GSE133383,LU vs blood (donor+subset fixed),3,SELL,state_egress,SELL,True,log2(CPM+1) from deposited filtered counts,,12.0,-4.0975519948613925,-5.732115057375008,-2.462988932347777,0.0008587439985839123,ols(+2 fixed effects),,8.13484199709085,280.08097486025656,96.0060286360211,96.00569418857813,False,False,0.0051943856837044595,5.732115057375008,False
GSE133383,LN vs blood (donor+subset fixed),3,PIEZO1,channel,PIEZO1,True,log2(CPM+1) from deposited filtered counts,,12.0,-0.6695304826803983,-1.815093124515845,0.4760321591550485,0.20262871807197005,ols(+2 fixed effects),,6.9231362557132625,120.35891276972104,86.92958218203131,86.92848769050411,False,False,0.41696331658014335,1.815093124515845,False
GSE133383,LN vs blood (donor+subset fixed),3,PIEZO2,channel,,False,,,,,,,,,gene absent from this matrix,,,,,,,,,False
GSE133383,LN vs blood (donor+subset fixed),3,TRPV2,channel,TRPV2,True,log2(CPM+1) from deposited filtered counts,,12.0,-0.5283332056337114,-1.671802983189326,0.6151365719219032,0.3013898171495893,ols(+2 fixed effects),,6.852376967043851,114.55028172510536,86.12576404588462,86.12460224418021,False,False,0.48222370743934284,1.671802983189326,False
GSE133383,LN vs blood (donor+subset fixed),3,TRPV4,channel,,False,,,,,,,,,gene absent from this matrix,,,,,,,,,False
GSE133383,LN vs blood (donor+subset fixed),3,TRPM7,channel,TRPM7,True,log2(CPM+1) from deposited filtered counts,,12.0,0.8189075764338458,-0.8669189980210734,2.504734150888765,0.27949920646746396,ols(+2 fixed effects),,6.77050130031399,108.17519519617248,84.94515615841915,84.94389549489198,False,False,0.48222370743934284,2.504734150888765,False
GSE133383,LN vs blood (donor+subset fixed),3,TRPC1,channel,,False,,,,,,,,,gene absent from this matrix,,,,,,,,,False
GSE133383,LN vs blood (donor+subset fixed),3,TRPC6,channel,,False,,,,,,,,,gene absent from this matrix,,,,,,,,,False
GSE133383,LN vs blood (donor+subset fixed),3,TMEM63A,channel,TMEM63A,True,log2(CPM+1) from deposited filtered counts,,12.0,-1.3043770647288588,-2.3479874772111207,-0.260766652246597,0.022272896789304976,ols(+2 fixed effects),,6.710089635932625,103.69796827168626,84.27530771163025,84.27399095628873,False,False,0.0890915871572199,2.3479874772111207,False
GSE133383,LN vs blood (donor+subset fixed),3,TMEM63B,channel,TMEM63B,True,log2(CPM+1) from deposited filtered counts,,12.0,1.7279451880668097,0.3553345629162692,3.1005558132173503,0.021653156801952386,ols(+2 fixed effects),,2.9453965083697775,6.70287230100789,23.026040358368917,23.019594707754145,False,False,0.0890915871572199,3.1005558132173503,False
GSE133383,LN vs blood (donor+subset fixed),3,KCNK2,channel,,False,,,,,,,,,gene absent from this matrix,,,,,,,,,False
GSE133383,LN vs blood (donor+subset fixed),3,KCNK4,channel,,False,,,,,,,,,gene absent from this matrix,,,,,,,,,False
GSE133383,LN vs blood (donor+subset fixed),3,YAP1,mechano_downstream,,False,,,,,,,,,gene absent from this matrix,,,,,,,,,False
GSE133383,LN vs blood (donor+subset fixed),3,WWTR1,mechano_downstream,WWTR1,True,log2(CPM+1) from deposited filtered counts,,12.0,2.1166490570321934,0.8319944365226717,3.401303677541715,0.0068675640796325614,ols(+2 fixed effects),,1.2419165957672151,1.365125265312317,3.742778196433057,3.734717802713113,False,True,0.0890915871572199,3.401303677541715,False
GSE133383,LN vs blood (donor+subset fixed),3,ANKRD1,mechano_downstream,,False,,,,,,,,,gene absent from this matrix,,,,,,,,,False
GSE133383,LN vs blood (donor+subset fixed),3,CCN2,mechano_downstream,CTGF,True,log2(CPM+1) from deposited filtered counts,,12.0,1.7948437988197972,0.1985923604497164,3.391095237189878,0.03323287932687992,ols(+2 fixed effects),,0.8511444796152074,0.8039314035800453,0.8791760864104498,0.8708759001842238,True,True,0.10634521384601574,3.391095237189878,False
GSE133383,LN vs blood (donor+subset fixed),3,IFNG,state_activation,IFNG,True,log2(CPM+1) from deposited filtered counts,,12.0,2.208543348720525,0.48193512350852497,3.935151573932525,0.020327201598452773,ols(+2 fixed effects),,6.438824255802896,85.75194844456051,80.58276814870635,80.58114218723831,False,False,0.0890915871572199,3.935151573932525,False
GSE133383,LN vs blood (donor+subset fixed),3,GZMB,state_activation,GZMB,True,log2(CPM+1) from deposited filtered counts,,12.0,0.5841417423112887,-1.2627915300950694,2.4310750147176465,0.46837606503618817,ols(+2 fixed effects),,10.105645231825415,1100.7989148820343,99.44737503139915,99.44732875565232,False,False,0.6232660014378569,2.4310750147176465,False
GSE133383,LN vs blood (donor+subset fixed),3,MKI67,state_activation,MKI67,True,log2(CPM+1) from deposited filtered counts,,12.0,-1.5054692221587511,-4.119830953990517,1.108892509673015,0.20848165829007168,ols(+2 fixed effects),,2.705589299399891,5.523242671974226,20.363392782382984,20.35672416680623,False,False,0.41696331658014335,4.119830953990517,False
GSE133383,LN vs blood (donor+subset fixed),3,ITGA1,state_residency,ITGA1,True,log2(CPM+1) from deposited filtered counts,,12.0,0.694920330871704,-1.31316416793798,2.703004829681388,0.4295914228108841,ols(+2 fixed effects),,2.3368964563494896,4.052146436822446,16.58712216361048,16.580137330430414,False,False,0.6232660014378569,2.703004829681388,False
GSE133383,LN vs blood (donor+subset fixed),3,CD69,state_residency,CD69,True,log2(CPM+1) from deposited filtered counts,,12.0,0.4180765484309187,-1.0300117315268156,1.8661648283886527,0.5064036261682587,ols(+2 fixed effects),,10.77383590052613,1749.8452989441807,99.7404337268693,99.74041199129124,False,False,0.6232660014378569,1.8661648283886527,False
GSE133383,LN vs blood (donor+subset fixed),3,ITGAE,state_residency,ITGAE,True,log2(CPM+1) from deposited filtered counts,,12.0,0.09531520124377979,-0.5091322461691762,0.6997626486567358,0.7129157883344776,ols(+2 fixed effects),,5.903322681324228,58.851797950420796,71.11278573222808,71.11036677273489,False,False,0.7224044024615516,0.6997626486567358,False
GSE133383,LN vs blood (donor+subset fixed),3,KLF2,state_egress,KLF2,True,log2(CPM+1) from deposited filtered counts,,12.0,0.3044443456210173,-0.8695702953489977,1.4784589865910323,0.5491485766961863,ols(+2 fixed effects),,7.511396122427049,181.45490458588196,92.56468224064307,92.56405962150393,False,False,0.6275983733670701,1.4784589865910323,False
GSE133383,LN vs blood (donor+subset fixed),3,S1PR1,state_egress,S1PR1,True,log2(CPM+1) from deposited filtered counts,,12.0,-0.19248302284718954,-1.4572691084833331,1.0723030627889538,0.7224044024615516,ols(+2 fixed effects),,5.947760171488948,60.72402217776697,71.92497697395964,71.92262602579133,False,False,0.7224044024615516,1.4572691084833331,False
GSE133383,LN vs blood (donor+subset fixed),3,SELL,state_egress,SELL,True,log2(CPM+1) from deposited filtered counts,,12.0,-1.0048226445098043,-2.087758623674053,0.07811333465444403,0.06363157943901553,ols(+2 fixed effects),,8.13484199709085,280.08097486025656,96.0060286360211,96.00569418857813,False,False,0.16968421183737473,2.087758623674053,False
GSE200319,liver perfusate vs blood (subset fixed),3,PIEZO1,channel,PIEZO1,True,log2 normalised expression as deposited (not CPM),,18.0,-0.07516571428571373,-0.7317129553234932,0.5813815267520658,0.8105200028426078,ols(+1 fixed effects),,5.92198695652174,,89.06332400308304,89.06288032454361,,False,0.8772591883224061,0.7317129553234932,False
GSE200319,liver perfusate vs blood (subset fixed),3,PIEZO2,channel,PIEZO2,True,log2 normalised expression as deposited (not CPM),,18.0,-0.2656700000000003,-1.3775442317306392,0.8462042317306386,0.61796138513733,ols(+1 fixed effects),,1.2489239130434782,,54.24120725325544,54.2393509127789,,False,0.7805828022787327,1.3775442317306392,False
GSE200319,liver perfusate vs blood (subset fixed),3,TRPV2,channel,TRPV2,True,log2 normalised expression as deposited (not CPM),,18.0,-0.6720828571428573,-1.2217475087185772,-0.12241820556713756,0.019854226268906212,ols(+1 fixed effects),,5.796673913043478,,88.21954484605087,88.21906693711968,,False,0.09530028609074982,1.2217475087185772,False
GSE200319,liver perfusate vs blood (subset fixed),3,TRPV4,channel,TRPV4,True,log2 normalised expression as deposited (not CPM),,18.0,0.3264628571428563,-0.8823461610317653,1.5352718753174779,0.5733936149423692,ols(+1 fixed effects),,-4.15204347826087,,0.8884020932213703,0.8843813387423936,,True,0.7805828022787327,1.5352718753174779,False
GSE200319,liver perfusate vs blood (subset fixed),3,TRPM7,channel,TRPM7,True,log2 normalised expression as deposited (not CPM),,18.0,0.08328571428571452,-0.2644460013347223,0.43101742990615133,0.6171268087969354,ols(+1 fixed effects),,7.420552173913046,,94.96977810230823,94.96957403651115,,False,0.7805828022787327,0.43101742990615133,True
GSE200319,liver perfusate vs blood (subset fixed),3,TRPC1,channel,TRPC1,True,log2 normalised expression as deposited (not CPM),,18.0,0.6389687188571431,-0.570104288162067,1.8480417258763533,0.277684811052117,ols(+1 fixed effects),,-0.985068838695652,,32.21370329804065,32.21095334685599,,False,0.5222353765635629,1.8480417258763533,False
GSE200319,liver perfusate vs blood (subset fixed),3,TRPC6,channel,TRPC6,True,log2 normalised expression as deposited (not CPM),,18.0,0.4986501142857138,-0.6759083900970173,1.673208618668445,0.37982780555316953,ols(+1 fixed effects),,0.7450864347826086,,50.59835300799156,50.596348884381335,,False,0.6511333809482905,1.673208618668445,False
GSE200319,liver perfusate vs blood (subset fixed),3,TMEM63A,channel,TMEM63A,True,log2 normalised expression as deposited (not CPM),,18.0,-0.4224657142857142,-1.2308969726020367,0.38596554403060834,0.28287749563859654,ols(+1 fixed effects),,4.589956521739131,,79.78580990629183,79.78498985801217,,False,0.5222353765635629,1.2308969726020367,False
GSE200319,liver perfusate vs blood (subset fixed),3,TMEM63B,channel,TMEM63B,True,log2 normalised expression as deposited (not CPM),,18.0,0.08366857142857191,-0.684450769631481,0.8517879124886247,0.8195427078211741,ols(+1 fixed effects),,2.7904434782608694,,65.11703379173258,65.1156186612576,,False,0.8772591883224061,0.8517879124886247,False
GSE200319,liver perfusate vs blood (subset fixed),3,KCNK2,channel,KCNK2,True,log2 normalised expression as deposited (not CPM),,18.0,0.9641739371428573,-0.04571996917067844,1.974067843456393,0.05992573127527704,ols(+1 fixed effects),,-1.0258328347826087,,31.662001541519615,31.65922920892495,,False,0.16496993156372658,1.974067843456393,False
GSE200319,liver perfusate vs blood (subset fixed),3,KCNK4,channel,KCNK4,True,log2 normalised expression as deposited (not CPM),,18.0,-0.180691428571429,-0.759981334200494,0.3985984770576359,0.5162453227654871,ols(+1 fixed effects),,-4.2727391304347835,,0.726136870715184,0.7221095334685598,,True,0.7743679841482306,0.759981334200494,False
GSE200319,liver perfusate vs blood (subset fixed),3,YAP1,mechano_downstream,YAP1,True,log2 normalised expression as deposited (not CPM),,18.0,-0.1937585714285712,-2.2131889751310214,1.8256718322738792,0.8407067221423059,ols(+1 fixed effects),,1.1472082608695653,,53.596202993793355,53.59432048681542,,False,0.8772591883224061,2.2131889751310214,False
GSE200319,liver perfusate vs blood (subset fixed),3,WWTR1,mechano_downstream,WWTR1,True,log2 normalised expression as deposited (not CPM),,18.0,0.3007131714285719,-1.5119310361823337,2.1133573790394777,0.7285578098543659,ols(+1 fixed effects),,1.8625116086956521,,58.24104498803294,58.23935091277891,,False,0.874269371825239,2.1133573790394777,False
GSE200319,liver perfusate vs blood (subset fixed),3,ANKRD1,mechano_downstream,ANKRD1,True,log2 normalised expression as deposited (not CPM),,18.0,-1.0126931200000004,-1.997971653240536,-0.027414586759464732,0.044676402043850254,ols(+1 fixed effects),,-1.8654396826086954,,20.270982921585333,20.267748478701826,,False,0.15317623557891516,1.997971653240536,False
GSE200319,liver perfusate vs blood (subset fixed),3,CCN2,mechano_downstream,CTGF,True,log2 normalised expression as deposited (not CPM),,18.0,-0.6850465714285721,-1.935380820794026,0.5652876779368818,0.2611146311743004,ols(+1 fixed effects),,-2.103510869565217,,16.887753032331347,16.884381338742394,,False,0.5222353765635629,1.935380820794026,False
GSE200319,liver perfusate vs blood (subset fixed),3,IFNG,state_activation,IFNG,True,log2 normalised expression as deposited (not CPM),,18.0,-1.859248142857144,-4.801713075099972,1.0832167893856837,0.19804392233287066,ols(+1 fixed effects),,2.63002647826087,,63.70938298649143,63.707910750507104,,False,0.47530541359888956,4.801713075099972,False
GSE200319,liver perfusate vs blood (subset fixed),3,GZMB,state_activation,GZMB,True,log2 normalised expression as deposited (not CPM),,18.0,-2.32449142857143,-4.153071715060458,-0.4959111420824027,0.01614816155484614,ols(+1 fixed effects),,7.458087826086958,,95.0793071274999,95.079107505071,,False,0.09530028609074982,4.153071715060458,False
GSE200319,liver perfusate vs blood (subset fixed),3,MKI67,state_activation,MKI67,True,log2 normalised expression as deposited (not CPM),,18.0,0.4113417142857148,-0.895151022834737,1.7178344514061665,0.5123751227583125,ols(+1 fixed effects),,2.885662608695652,,65.8675104458237,65.86612576064908,,False,0.7743679841482306,1.7178344514061665,False
GSE200319,liver perfusate vs blood (subset fixed),3,ITGA1,state_residency,ITGA1,True,log2 normalised expression as deposited (not CPM),,18.0,0.11489257142857157,-1.579688002089665,1.8094731449468082,0.8870197309068631,ols(+1 fixed effects),,3.394064782608696,,70.02150014198207,70.02028397565923,,False,0.8870197309068631,1.8094731449468082,False
GSE200319,liver perfusate vs blood (subset fixed),3,CD69,state_residency,CD69,True,log2 normalised expression as deposited (not CPM),,18.0,-1.9774400000000008,-3.2975978881605803,-0.657282111839421,0.006054157621640035,ols(+1 fixed effects),,6.043121739130435,,89.65153543466796,89.65111561866127,,False,0.04843326097312028,3.2975978881605803,False
GSE200319,liver perfusate vs blood (subset fixed),3,ITGAE,state_residency,ITGAE,True,log2 normalised expression as deposited (not CPM),,18.0,1.7344800000000016,0.9614905689171004,2.5074694310829027,0.0002419748104209239,ols(+1 fixed effects),,6.202691304347828,,90.47908806944952,90.4787018255578,,False,0.005807395450102173,2.5074694310829027,False
GSE200319,liver perfusate vs blood (subset fixed),3,KLF2,state_egress,KLF2,True,log2 normalised expression as deposited (not CPM),,18.0,-1.788570857142858,-3.6778409822060274,0.10069926792031114,0.06186372433639747,ols(+1 fixed effects),,-2.9702395652173914,,7.050423917893797,7.0466531440162266,,True,0.16496993156372658,3.6778409822060274,False
GSE200319,liver perfusate vs blood (subset fixed),3,S1PR1,state_egress,S1PR1,True,log2 normalised expression as deposited (not CPM),,18.0,-1.4438977142857155,-2.831941091109563,-0.05585433746186785,0.04247498807214364,ols(+1 fixed effects),,3.4750678260869563,,70.62999472638027,70.6288032454361,,False,0.15317623557891516,2.831941091109563,False
GSE200319,liver perfusate vs blood (subset fixed),3,SELL,state_egress,SELL,True,log2 normalised expression as deposited (not CPM),,18.0,-4.961666857142858,-7.641325499767801,-2.282008214517916,0.0012924363811549142,ols(+1 fixed effects),,5.6989530434782605,,87.6718997200925,87.67139959432049,,False,0.01550923657385897,7.641325499767801,False
GSE205492,tumour NK vs blood NK (matched),4,PIEZO1,channel,PIEZO1,True,log2(normalised counts + 1) as deposited (not CPM),,4.0,-0.26072339728767535,-1.4655213272460927,0.9440745326707419,0.540495478504228,paired_t,,1.5797437964476815,,57.26787911937645,47.15034669372569,,False,0.9617161312358008,1.4655213272460927,False
GSE205492,tumour NK vs blood NK (matched),4,PIEZO2,channel,PIEZO2,True,log2(normalised counts + 1) as deposited (not CPM),,4.0,0.0,,,,paired_t,no variation or n<2,1.0100294280405469,,19.14399015451935,0.0,,True,,,False
GSE205492,tumour NK vs blood NK (matched),4,TRPV2,channel,TRPV2,True,log2(normalised counts + 1) as deposited (not CPM),,4.0,-0.2784352171946539,-2.786658750885146,2.2297883164958385,0.7472453263770666,paired_t,,1.6057966602298654,,58.25926432380692,48.37645865043125,,False,0.9617161312358008,2.786658750885146,False
GSE205492,tumour NK vs blood NK (matched),4,TRPV4,channel,,False,,,,,,,,,gene absent from this matrix,,,,,,,,,False
GSE205492,tumour NK vs blood NK (matched),4,TRPM7,channel,TRPM7,True,log2(normalised counts + 1) as deposited (not CPM),,4.0,-0.290365843941801,-2.1361182832056724,1.5553865953220702,0.6510416748526089,paired_t,,2.4126764176582487,,83.78230548338576,79.94249957720278,,False,0.9617161312358008,2.1361182832056724,False
GSE205492,tumour NK vs blood NK (matched),4,TRPC1,channel,TRPC1,True,log2(normalised counts + 1) as deposited (not CPM),,4.0,0.0,,,,paired_t,no variation or n<2,1.0100294280405469,,19.14399015451935,0.0,,True,,,False
GSE205492,tumour NK vs blood NK (matched),4,TRPC6,channel,,False,,,,,,,,,gene absent from this matrix,,,,,,,,,False
GSE205492,tumour NK vs blood NK (matched),4,TMEM63A,channel,TMEM63A,True,log2(normalised counts + 1) as deposited (not CPM),,4.0,-0.16366840273677452,-2.358951785042302,2.031614979568753,0.8277303371147724,paired_t,,1.4695646541200738,,52.02379324490634,40.664637239979704,,False,0.9617161312358008,2.358951785042302,False
GSE205492,tumour NK vs blood NK (matched),4,TMEM63B,channel,TMEM63B,True,log2(normalised counts + 1) as deposited (not CPM),,4.0,0.23144381838987532,-0.5051137063257369,0.9680013431054875,0.3910022189557705,paired_t,,1.1257513372354846,,24.42909886503487,6.536445120920006,,True,0.9617161312358008,0.9680013431054875,False
GSE205492,tumour NK vs blood NK (matched),4,KCNK2,channel,KCNK2,True,log2(normalised counts + 1) as deposited (not CPM),,4.0,0.0,,,,paired_t,no variation or n<2,1.0100294280405469,,19.14399015451935,0.0,,True,,,False
GSE205492,tumour NK vs blood NK (matched),4,KCNK4,channel,,False,,,,,,,,,gene absent from this matrix,,,,,,,,,False
GSE205492,tumour NK vs blood NK (matched),4,YAP1,mechano_downstream,YAP1,True,log2(normalised counts + 1) as deposited (not CPM),,4.0,0.0,,,,paired_t,no variation or n<2,1.0100294280405469,,19.14399015451935,0.0,,True,,,False
GSE205492,tumour NK vs blood NK (matched),4,WWTR1,mechano_downstream,WWTR1,True,log2(normalised counts + 1) as deposited (not CPM),,4.0,0.0,,,,paired_t,no variation or n<2,1.0100294280405469,,19.14399015451935,0.0,,True,,,False
GSE205492,tumour NK vs blood NK (matched),4,ANKRD1,mechano_downstream,,False,,,,,,,,,gene absent from this matrix,,,,,,,,,False
GSE205492,tumour NK vs blood NK (matched),4,CCN2,mechano_downstream,CCN2,True,log2(normalised counts + 1) as deposited (not CPM),,4.0,0.0,,,,paired_t,no variation or n<2,1.0100294280405469,,19.14399015451935,0.0,,True,,,False
GSE205492,tumour NK vs blood NK (matched),4,IFNG,state_activation,IFNG,True,log2(normalised counts + 1) as deposited (not CPM),,4.0,-0.12271078527879098,-2.7935287075207462,2.5481071369631643,0.8930221218618151,paired_t,,2.3440905906810476,,82.3396690824559,78.15829528158295,,False,0.9617161312358008,2.7935287075207462,False
GSE205492,tumour NK vs blood NK (matched),4,GZMB,state_activation,GZMB,True,log2(normalised counts + 1) as deposited (not CPM),,4.0,-0.02556383435393772,-0.2651798750741329,0.21405220636625744,0.7565940968456443,paired_t,,3.3943149779799873,,99.27526322986463,99.10366987992558,,False,0.9617161312358008,0.2651798750741329,True
GSE205492,tumour NK vs blood NK (matched),4,MKI67,state_activation,MKI67,True,log2(normalised counts + 1) as deposited (not CPM),,4.0,0.17316663111663688,0.018043216790415456,0.32829004544285834,0.03801975858304262,paired_t,,2.933592635248017,,94.26364009298509,92.90546254016574,,False,0.5322766201625967,0.32829004544285834,True
GSE205492,tumour NK vs blood NK (matched),4,ITGA1,state_residency,ITGA1,True,log2(normalised counts + 1) as deposited (not CPM),,4.0,0.4549181761375888,-0.9928344927178837,1.9026708449930614,0.3910022189557705,paired_t,,1.2374885161093412,,37.30343224394913,22.45898866903433,,False,0.9617161312358008,1.9026708449930614,False
GSE205492,tumour NK vs blood NK (matched),4,CD69,state_residency,CD69,True,log2(normalised counts + 1) as deposited (not CPM),,4.0,-0.18745618481124354,-1.3166980806579378,0.9417857110354508,0.6338828414937125,paired_t,,2.7000516634802123,,90.38698208669493,88.11094199222053,,False,0.9617161312358008,1.3166980806579378,False
GSE205492,tumour NK vs blood NK (matched),4,ITGAE,state_residency,ITGAE,True,log2(normalised counts + 1) as deposited (not CPM),,4.0,-0.13790343837686425,-2.284048351945151,2.0082414751914226,0.8510562020103308,paired_t,,1.9243429483559493,,70.22425817038152,63.17436157618806,,False,0.9617161312358008,2.284048351945151,False
GSE205492,tumour NK vs blood NK (matched),4,KLF2,state_egress,KLF2,True,log2(normalised counts + 1) as deposited (not CPM),,4.0,-0.9088878317582927,-2.417737140306917,0.5999614767903314,0.15108013229218437,paired_t,,2.5902856837178057,,87.83672911253932,84.95687468290208,,False,0.9617161312358008,2.417737140306917,False
GSE205492,tumour NK vs blood NK (matched),4,S1PR1,state_egress,S1PR1,True,log2(normalised counts + 1) as deposited (not CPM),,4.0,0.12502658632177233,-1.001705707873256,1.2517588805168007,0.7473424773648302,paired_t,,1.8202656311060512,,66.41597155750034,58.4644004735329,,False,0.9617161312358008,1.2517588805168007,False
GSE205492,tumour NK vs blood NK (matched),4,SELL,state_egress,SELL,True,log2(normalised counts + 1) as deposited (not CPM),,4.0,0.02047781100996171,-1.83051955727574,1.8714751792956634,0.9741256945411073,paired_t,,2.711184336387512,,90.63311910296731,88.41535599526466,,False,0.9741256945411073,1.8714751792956634,False
