gene,quadrant_raw,quadrant_cor
FO538757.2,unclassified,unclassified
NOC2L,unclassified,unclassified
ISG15,unclassified,unclassified
TNFRSF18,unclassified,unclassified
TNFRSF4,unclassified,unclassified
SDF4,unclassified,unclassified
UBE2J2,unclassified,unclassified
CPSF3L,unclassified,unclassified
AURKAIP1,unclassified,unclassified
CCNL2,unclassified,unclassified
MRPL20,unclassified,unclassified
SSU72,unclassified,unclassified
MIB2,unclassified,unclassified
CDK11B,unclassified,unclassified
SLC35E2B,unclassified,unclassified
CDK11A,unclassified,unclassified
GNB1,unclassified,unclassified
FAAP20,unclassified,unclassified
RER1,unclassified,unclassified
TNFRSF14,unclassified,unclassified
LRRC47,unclassified,unclassified
C1orf174,unclassified,unclassified
KCNAB2,unclassified,unclassified
RPL22,unclassified,unclassified
CAMTA1,unclassified,unclassified
VAMP3,unclassified,unclassified
PARK7,unclassified,unclassified
RERE,unclassified,unclassified
ENO1,unclassified,unclassified
SLC25A33,unclassified,unclassified
PIK3CD,unclassified,unclassified
CLSTN1,unclassified,unclassified
CTNNBIP1,unclassified,unclassified
LZIC,unclassified,unclassified
PGD,unclassified,unclassified
DFFA,unclassified,unclassified
TARDBP,unclassified,unclassified
SRM,unclassified,unclassified
FBXO44,unclassified,unclassified
FBXO6,unclassified,unclassified
MAD2L2,unclassified,unclassified
AGTRAP,unclassified,unclassified
KIAA2013,unclassified,unclassified
MIIP,unclassified,unclassified
TNFRSF1B,unclassified,unclassified
DHRS3,unclassified,unclassified
PRDM2,unclassified,unclassified
EFHD2,unclassified,unclassified
SPEN,unclassified,unclassified
SZRD1,unclassified,unclassified
NECAP2,unclassified,unclassified
SDHB,unclassified,unclassified
UBR4,unclassified,unclassified
AKR7A2,unclassified,unclassified
CAPZB,unclassified,unclassified
MINOS1,unclassified,unclassified
DDOST,unclassified,unclassified
HP1BP3,unclassified,unclassified
USP48,unclassified,unclassified
CDC42,unclassified,unclassified
C1QA,unclassified,unclassified
C1QC,unclassified,unclassified
C1QB,unclassified,unclassified
LUZP1,unclassified,unclassified
HNRNPR,unclassified,unclassified
RPL11,unclassified,unclassified
PITHD1,unclassified,unclassified
LYPLA2,unclassified,unclassified
HMGCL,unclassified,unclassified
PNRC2,unclassified,unclassified
SRSF10,unclassified,unclassified
SRRM1,unclassified,unclassified
RUNX3,unclassified,unclassified
SYF2,unclassified,unclassified
RSRP1,unclassified,unclassified
TMEM50A,unclassified,unclassified
STMN1,unclassified,unclassified
ZNF593,unclassified,unclassified
SH3BGRL3,unclassified,unclassified
CD52,unclassified,unclassified
HMGN2,unclassified,unclassified
RPS6KA1,unclassified,unclassified
ARID1A,unclassified,unclassified
NUDC,unclassified,unclassified
SYTL1,unclassified,unclassified
WASF2,unclassified,unclassified
FGR,Q3,Q3
IFI6,unclassified,unclassified
STX12,Q4,unclassified
PPP1R8,unclassified,unclassified
THEMIS2,unclassified,unclassified
RPA2,unclassified,unclassified
DNAJC8,unclassified,unclassified
ATPIF1,unclassified,unclassified
PHACTR4,unclassified,unclassified
TRNAU1AP,unclassified,unclassified
SNHG12,unclassified,unclassified
TAF12,unclassified,unclassified
GMEB1,unclassified,unclassified
YTHDF2,unclassified,unclassified
EPB41,unclassified,unclassified
SRSF4,unclassified,unclassified
LAPTM5,unclassified,unclassified
PUM1,unclassified,unclassified
SNRNP40,unclassified,unclassified
ZCCHC17,unclassified,unclassified
PEF1,unclassified,unclassified
PTP4A2,unclassified,unclassified
KHDRBS1,unclassified,unclassified
KPNA6,unclassified,unclassified
CCDC28B,unclassified,unclassified
EIF3I,unclassified,unclassified
HDAC1,unclassified,unclassified
MARCKSL1,unclassified,unclassified
BSDC1,unclassified,unclassified
ZBTB8OS,unclassified,unclassified
RBBP4,unclassified,unclassified
YARS,unclassified,unclassified
S100PBP,unclassified,unclassified
AK2,unclassified,unclassified
SMIM12,unclassified,unclassified
SFPQ,unclassified,unclassified
KIAA0319L,unclassified,unclassified
PSMB2,unclassified,unclassified
AGO3,unclassified,unclassified
ADPRHL2,unclassified,unclassified
TRAPPC3,unclassified,unclassified
MAP7D1,unclassified,unclassified
THRAP3,unclassified,unclassified
LSM10,unclassified,unclassified
MRPS15,unclassified,unclassified
ZC3H12A,unclassified,unclassified
MEAF6,unclassified,unclassified
GNL2,unclassified,unclassified
C1orf122,unclassified,unclassified
SF3A3,unclassified,unclassified
UTP11L,unclassified,unclassified
AKIRIN1,unclassified,unclassified
NDUFS5,unclassified,unclassified
MACF1,unclassified,unclassified
PABPC4,unclassified,unclassified
PPIE,unclassified,unclassified
CAP1,unclassified,unclassified
PPT1,unclassified,unclassified
ZMPSTE24,unclassified,unclassified
SMAP2,unclassified,unclassified
NFYC,unclassified,unclassified
PPCS,unclassified,unclassified
PPIH,unclassified,unclassified
YBX1,unclassified,unclassified
P3H1,unclassified,unclassified
SVBP,unclassified,unclassified
EBNA1BP2,unclassified,unclassified
ELOVL1,unclassified,unclassified
MED8,unclassified,unclassified
ATP6V0B,unclassified,unclassified
DMAP1,unclassified,unclassified
ERI3,unclassified,unclassified
RPS8,unclassified,unclassified
PLK3,unclassified,unclassified
UROD,unclassified,unclassified
PRDX1,Q1,unclassified
AKR1A1,unclassified,unclassified
NASP,unclassified,unclassified
GPBP1L1,unclassified,unclassified
LRRC41,unclassified,unclassified
UQCRH,unclassified,unclassified
MKNK1,unclassified,unclassified
EFCAB14,unclassified,unclassified
CMPK1,unclassified,unclassified
RNF11,unclassified,unclassified
EPS15,unclassified,unclassified
OSBPL9,unclassified,unclassified
NRDC,unclassified,unclassified
TXNDC12,unclassified,unclassified
BTF3L4,unclassified,unclassified
PRPF38A,unclassified,unclassified
ZCCHC11,unclassified,unclassified
ECHDC2,unclassified,unclassified
SCP2,unclassified,unclassified
C1orf123,unclassified,unclassified
MAGOH,unclassified,unclassified
HSPB11,unclassified,unclassified
TMEM59,unclassified,unclassified
MRPL37,unclassified,unclassified
SSBP3,unclassified,unclassified
JUN,unclassified,unclassified
TM2D1,unclassified,unclassified
USP1,unclassified,unclassified
ITGB3BP,unclassified,unclassified
PGM1,unclassified,unclassified
JAK1,unclassified,unclassified
LEPROT,unclassified,unclassified
PDE4B,unclassified,unclassified
MIER1,unclassified,unclassified
SERBP1,unclassified,unclassified
GADD45A,Q3,Q3
SRSF11,unclassified,unclassified
ZRANB2,unclassified,unclassified
TYW3,unclassified,unclassified
ACADM,unclassified,unclassified
RABGGTB,unclassified,unclassified
PIGK,unclassified,unclassified
USP33,unclassified,unclassified
FUBP1,unclassified,unclassified
IFI44,unclassified,unclassified
PRKACB,unclassified,unclassified
RPF1,unclassified,unclassified
GNG5,unclassified,unclassified
CTBS,unclassified,unclassified
C1orf52,unclassified,unclassified
ODF2L,unclassified,unclassified
SH3GLB1,unclassified,unclassified
SEP15,unclassified,unclassified
LMO4,unclassified,unclassified
PKN2,unclassified,unclassified
GTF2B,unclassified,unclassified
GBP3,unclassified,unclassified
GBP1,unclassified,unclassified
GBP2,unclassified,unclassified
GBP4,unclassified,unclassified
GBP5,unclassified,unclassified
ZNF326,unclassified,unclassified
ZNF644,unclassified,unclassified
TGFBR3,Q3,unclassified
GLMN,unclassified,unclassified
RPAP2,unclassified,unclassified
RPL5,unclassified,unclassified
MTF2,unclassified,unclassified
TMED5,unclassified,unclassified
DR1,unclassified,unclassified
DNTTIP2,unclassified,unclassified
GCLM,unclassified,unclassified
SLC35A3,unclassified,unclassified
MFSD14A,unclassified,unclassified
TRMT13,unclassified,unclassified
RTCA,unclassified,unclassified
SLC30A7,unclassified,unclassified
VAV3,unclassified,unclassified
HENMT1,unclassified,unclassified
PRPF38B,unclassified,unclassified
STXBP3,unclassified,unclassified
TMEM167B,unclassified,unclassified
SARS,unclassified,unclassified
PSMA5,unclassified,unclassified
GNAI3,unclassified,unclassified
AHCYL1,unclassified,unclassified
LAMTOR5,unclassified,unclassified
CD53,unclassified,unclassified
LRIF1,unclassified,unclassified
DRAM2,unclassified,unclassified
DENND2D,unclassified,unclassified
ATP5F1,unclassified,unclassified
C1orf162,Q3,unclassified
RAP1A,unclassified,unclassified
CAPZA1,unclassified,unclassified
RHOC,unclassified,unclassified
PHTF1,unclassified,unclassified
RSBN1,unclassified,unclassified
PTPN22,unclassified,unclassified
HIPK1,unclassified,unclassified
TRIM33,unclassified,unclassified
BCAS2,unclassified,unclassified
CSDE1,unclassified,unclassified
SIKE1,unclassified,unclassified
ATP1A1,unclassified,unclassified
CD58,unclassified,unclassified
MAN1A2,unclassified,unclassified
FAM46C,unclassified,unclassified
SEC22B,unclassified,unclassified
CH17-373J23.1,unclassified,unclassified
CD160,unclassified,unclassified
RNF115,unclassified,unclassified
RBM8A,unclassified,unclassified
LIX1L,unclassified,unclassified
POLR3GL,unclassified,unclassified
TXNIP,unclassified,unclassified
PDE4DIP,unclassified,unclassified
CH17-189H20.1,unclassified,unclassified
LINC00869,unclassified,unclassified
SF3B4,unclassified,unclassified
ANP32E,unclassified,unclassified
APH1A,unclassified,unclassified
MRPS21,unclassified,unclassified
RPRD2,unclassified,unclassified
MCL1,unclassified,unclassified
ENSA,unclassified,unclassified
CTSS,unclassified,unclassified
CERS2,unclassified,unclassified
C1orf56,unclassified,unclassified
CDC42SE1,unclassified,unclassified
SCNM1,unclassified,unclassified
VPS72,unclassified,unclassified
PSMD4,unclassified,unclassified
PI4KB,unclassified,unclassified
PSMB4,unclassified,unclassified
POGZ,unclassified,unclassified
MRPL9,unclassified,unclassified
THEM4,unclassified,unclassified
S100A10,Q4,unclassified
S100A11,unclassified,unclassified
S100A9,Q3_NK_indeterminate,unclassified
S100A8,Q3_NK_indeterminate,unclassified
S100A6,Q4,unclassified
S100A4,Q3,unclassified
S100A13,unclassified,unclassified
CHTOP,unclassified,unclassified
SNAPIN,unclassified,unclassified
ILF2,unclassified,unclassified
SLC27A3,unclassified,unclassified
GATAD2B,unclassified,unclassified
SLC39A1,unclassified,unclassified
JTB,unclassified,unclassified
RPS27,unclassified,unclassified
TPM3,unclassified,unclassified
C1orf43,unclassified,unclassified
HAX1,unclassified,unclassified
ADAR,unclassified,unclassified
PMVK,unclassified,unclassified
PBXIP1,unclassified,unclassified
CKS1B,unclassified,unclassified
FLAD1,unclassified,unclassified
SLC50A1,unclassified,unclassified
DPM3,unclassified,unclassified
KRTCAP2,unclassified,unclassified
MTX1,unclassified,unclassified
SCAMP3,unclassified,unclassified
FDPS,unclassified,unclassified
ASH1L,unclassified,unclassified
DAP3,unclassified,unclassified
GON4L,unclassified,unclassified
RIT1,unclassified,unclassified
KIAA0907,unclassified,unclassified
ARHGEF2,unclassified,unclassified
SSR2,unclassified,unclassified
LAMTOR2,unclassified,unclassified
LMNA,Q3_NK_indeterminate,unclassified
PMF1,unclassified,unclassified
CCT3,unclassified,unclassified
APOA1BP,unclassified,unclassified
GPATCH4,unclassified,unclassified
ISG20L2,unclassified,unclassified
MRPL24,unclassified,unclassified
HDGF,unclassified,unclassified
PRCC,unclassified,unclassified
SH2D2A,unclassified,unclassified
MNDA,unclassified,unclassified
PYHIN1,unclassified,unclassified
IFI16,unclassified,unclassified
DUSP23,unclassified,unclassified
FCRL6,Q3,unclassified
TAGLN2,Q4,unclassified
DCAF8,unclassified,unclassified
COPA,unclassified,unclassified
NCSTN,unclassified,unclassified
SLAMF6,unclassified,unclassified
CD84,unclassified,unclassified
CD48,unclassified,unclassified
SLAMF7,unclassified,unclassified
CD244,unclassified,unclassified
TSTD1,unclassified,unclassified
ARHGAP30,unclassified,unclassified
PFDN2,unclassified,unclassified
UFC1,unclassified,unclassified
B4GALT3,Q4,unclassified
NDUFS2,unclassified,unclassified
FCER1G,Q3,unclassified
SDHC,unclassified,unclassified
FCGR2A,unclassified,unclassified
HSPA6,unclassified,unclassified
DUSP12,unclassified,unclassified
ATF6,unclassified,unclassified
UHMK1,unclassified,unclassified
UAP1,unclassified,unclassified
HSD17B7,unclassified,unclassified
MGST3,unclassified,unclassified
ALDH9A1,unclassified,unclassified
TMCO1,unclassified,unclassified
CD247,unclassified,unclassified
CREG1,unclassified,unclassified
RCSD1,unclassified,unclassified
MPC2,unclassified,unclassified
TIPRL,unclassified,unclassified
SFT2D2,unclassified,unclassified
XCL2,unclassified,unclassified
XCL1,unclassified,unclassified
ATP1B1,unclassified,unclassified
SELL,Q4,unclassified
PRRC2C,unclassified,unclassified
VAMP4,unclassified,unclassified
PIGC,unclassified,unclassified
FASLG,unclassified,unclassified
PRDX6,unclassified,unclassified
RABGAP1L,unclassified,unclassified
CACYBP,unclassified,unclassified
MRPS14,unclassified,unclassified
RFWD2,unclassified,unclassified
TOR3A,unclassified,unclassified
ABL2,unclassified,unclassified
SOAT1,unclassified,unclassified
TOR1AIP2,unclassified,unclassified
TOR1AIP1,unclassified,unclassified
CEP350,unclassified,unclassified
QSOX1,unclassified,unclassified
ACBD6,unclassified,unclassified
MR1,unclassified,unclassified
IER5,unclassified,unclassified
GLUL,unclassified,unclassified
DHX9,unclassified,unclassified
ARPC5,unclassified,unclassified
TSEN15,unclassified,unclassified
C1orf21,unclassified,unclassified
FAM129A,Q4,Q4
IVNS1ABP,unclassified,unclassified
TPR,unclassified,unclassified
RGS1,Q3,Q3_NK_indeterminate
RGS2,Q2,unclassified
UCHL5,unclassified,unclassified
TROVE2,unclassified,unclassified
CDC73,unclassified,unclassified
DENND1B,unclassified,unclassified
NEK7,unclassified,unclassified
PTPRC,unclassified,unclassified
ZNF281,unclassified,unclassified
CSRP1,unclassified,unclassified
TIMM17A,unclassified,unclassified
RNPEP,unclassified,unclassified
PTPN7,Q4,unclassified
RABIF,unclassified,unclassified
ADIPOR1,unclassified,unclassified
TMEM183A,unclassified,unclassified
BTG2,unclassified,unclassified
ATP2B4,unclassified,unclassified
LAX1,Q4,unclassified
ZC3H11A,unclassified,unclassified
SNRPE,unclassified,unclassified
PPP1R15B,unclassified,unclassified
MDM4,unclassified,unclassified
ELK4,unclassified,unclassified
NUCKS1,unclassified,unclassified
RAB29,unclassified,unclassified
RASSF5,unclassified,unclassified
MAPKAPK2,unclassified,unclassified
FCMR,Q4,unclassified
CD55,Q4,unclassified
CD46,unclassified,unclassified
G0S2,unclassified,unclassified
TRAF3IP3,unclassified,unclassified
TRAF5,unclassified,unclassified
LPGAT1,unclassified,unclassified
PPP2R5A,unclassified,unclassified
NENF,unclassified,unclassified
ATF3,Q3,unclassified
NSL1,unclassified,unclassified
ANGEL2,unclassified,unclassified
GPATCH2,unclassified,Q1
EPRS,unclassified,unclassified
IARS2,unclassified,unclassified
RAB3GAP2,unclassified,unclassified
DUSP10,unclassified,unclassified
MIA3,unclassified,unclassified
AIDA,unclassified,unclassified
BROX,unclassified,unclassified
CAPN2,unclassified,unclassified
DEGS1,unclassified,unclassified
CNIH4,unclassified,unclassified
WDR26,unclassified,unclassified
LBR,unclassified,unclassified
SRP9,unclassified,unclassified
TMEM63A,unclassified,unclassified
PYCR2,unclassified,unclassified
H3F3A,unclassified,unclassified
ACBD3,unclassified,unclassified
PARP1,unclassified,unclassified
SNAP47,unclassified,unclassified
ARF1,unclassified,unclassified
C1orf35,unclassified,unclassified
MRPL55,unclassified,unclassified
GUK1,unclassified,unclassified
RNF187,unclassified,unclassified
RAB4A,unclassified,unclassified
GALNT2,unclassified,unclassified
C1orf131,unclassified,unclassified
GNPAT,unclassified,unclassified
TSNAX,unclassified,unclassified
NTPCR,unclassified,unclassified
COA6,unclassified,unclassified
IRF2BP2,unclassified,unclassified
TOMM20,unclassified,unclassified
ARID4B,unclassified,unclassified
GGPS1,unclassified,unclassified
LYST,Q4,unclassified
ERO1B,unclassified,unclassified
LGALS8,unclassified,unclassified
SDCCAG8,unclassified,unclassified
ADSS,unclassified,unclassified
DESI2,unclassified,unclassified
COX20,unclassified,unclassified
HNRNPU-AS1,unclassified,unclassified
HNRNPU,unclassified,unclassified
SMYD3,unclassified,unclassified
SCCPDH,unclassified,unclassified
SH3YL1,unclassified,unclassified
ACP1,unclassified,unclassified
TMEM18,unclassified,unclassified
TSSC1,unclassified,unclassified
ADI1,unclassified,unclassified
RPS7,unclassified,unclassified
AC092580.4,unclassified,unclassified
ID2,unclassified,unclassified
KIDINS220,unclassified,unclassified
ITGB1BP1,unclassified,unclassified
IAH1,unclassified,unclassified
ADAM17,Q4,unclassified
YWHAQ,unclassified,unclassified
HPCAL1,unclassified,unclassified
ODC1,unclassified,unclassified
NOL10,unclassified,unclassified
PDIA6,unclassified,unclassified
PQLC3,unclassified,unclassified
LPIN1,unclassified,unclassified
DDX1,unclassified,unclassified
FAM49A,unclassified,unclassified
SMC6,unclassified,unclassified
RDH14,unclassified,unclassified
TTC32,unclassified,unclassified
LAPTM4A,unclassified,unclassified
PUM2,unclassified,unclassified
RHOB,unclassified,unclassified
SF3B6,unclassified,unclassified
ITSN2,unclassified,unclassified
NCOA1,unclassified,unclassified
PTRHD1,unclassified,unclassified
ASXL2,unclassified,unclassified
RAB10,unclassified,unclassified
HADHA,unclassified,unclassified
HADHB,unclassified,unclassified
SLC35F6,unclassified,unclassified
OST4,unclassified,unclassified
PREB,unclassified,unclassified
ATRAID,unclassified,unclassified
MPV17,unclassified,unclassified
SNX17,unclassified,unclassified
PPM1G,unclassified,unclassified
NRBP1,unclassified,unclassified
GPN1,unclassified,unclassified
MRPL33,unclassified,unclassified
BRE,unclassified,unclassified
FOSL2,unclassified,unclassified
PPP1CB,unclassified,unclassified
WDR43,unclassified,unclassified
YPEL5,unclassified,unclassified
LBH,unclassified,unclassified
DPY30,unclassified,unclassified
YIPF4,unclassified,unclassified
BIRC6,unclassified,unclassified
FEZ2,unclassified,unclassified
EIF2AK2,unclassified,unclassified
CEBPZOS,unclassified,unclassified
CEBPZ,unclassified,unclassified
PRKD3,unclassified,unclassified
CDC42EP3,unclassified,unclassified
GALM,unclassified,unclassified
SRSF7,unclassified,unclassified
EML4,unclassified,unclassified
COX7A2L,unclassified,unclassified
ZFP36L2,unclassified,unclassified
LRPPRC,unclassified,unclassified
PPM1B,unclassified,unclassified
PIGF,unclassified,unclassified
CRIPT,unclassified,unclassified
CALM2,unclassified,unclassified
FBXO11,unclassified,unclassified
ERLEC1,unclassified,unclassified
PSME4,unclassified,unclassified
ACYP2,unclassified,unclassified
SPTBN1,unclassified,unclassified
RTN4,unclassified,unclassified
RPS27A,unclassified,unclassified
CFAP36,unclassified,unclassified
PPP4R3B,unclassified,unclassified
REL,unclassified,unclassified
AHSA2,unclassified,unclassified
USP34,unclassified,unclassified
XPO1,unclassified,unclassified
CCT4,unclassified,unclassified
COMMD1,unclassified,unclassified
AC009501.4,unclassified,unclassified
MDH1,unclassified,unclassified
UGP2,unclassified,unclassified
PELI1,unclassified,unclassified
AFTPH,unclassified,unclassified
RAB1A,unclassified,unclassified
ACTR2,unclassified,unclassified
C1D,unclassified,unclassified
PLEK,unclassified,unclassified
ARHGAP25,unclassified,unclassified
NFU1,unclassified,unclassified
AAK1,unclassified,unclassified
ANXA4,unclassified,unclassified
GMCL1,unclassified,unclassified
SNRNP27,unclassified,unclassified
MXD1,unclassified,unclassified
PCBP1,unclassified,unclassified
TIA1,unclassified,unclassified
SNRPG,unclassified,unclassified
FAM136A,unclassified,unclassified
NAGK,unclassified,unclassified
MPHOSPH10,unclassified,unclassified
ZNF638,unclassified,unclassified
CCT7,unclassified,unclassified
TPRKB,unclassified,unclassified
DUSP11,unclassified,unclassified
STAMBP,unclassified,unclassified
DGUOK,unclassified,unclassified
BOLA3,unclassified,unclassified
MOB1A,unclassified,unclassified
MTHFD2,unclassified,unclassified
WDR54,unclassified,unclassified
AUP1,unclassified,unclassified
HTRA2,unclassified,unclassified
POLE4,unclassified,unclassified
MRPL19,unclassified,unclassified
SUCLG1,unclassified,unclassified
TMSB10,unclassified,unclassified
TGOLN2,unclassified,unclassified
CAPG,unclassified,unclassified
MAT2A,unclassified,unclassified
VAMP8,unclassified,unclassified
VAMP5,unclassified,unclassified
RNF181,unclassified,unclassified
C2orf68,unclassified,unclassified
SFTPB,unclassified,unclassified
PTCD3,unclassified,unclassified
IMMT,unclassified,unclassified
CHMP3,unclassified,unclassified
CD8B,unclassified,unclassified
LINC00152,unclassified,unclassified
KRCC1,unclassified,unclassified
RPIA,unclassified,unclassified
IGKC,Q3,unclassified
MRPS5,unclassified,unclassified
ANKRD36C,unclassified,unclassified
DUSP2,unclassified,unclassified
STARD7,unclassified,unclassified
CIAO1,unclassified,unclassified
SNRNP200,unclassified,unclassified
ARID5A,unclassified,unclassified
ANKRD39,unclassified,unclassified
ANKRD36,unclassified,unclassified
AC159540.1,unclassified,unclassified
COX5B,unclassified,unclassified
ACTR1B,unclassified,unclassified
ZAP70,unclassified,unclassified
INPP4A,unclassified,unclassified
COA5,unclassified,unclassified
UNC50,unclassified,unclassified
MGAT4A,unclassified,unclassified
MITD1,unclassified,unclassified
TXNDC9,unclassified,unclassified
EIF5B,unclassified,unclassified
REV1,unclassified,unclassified
PDCL3,unclassified,unclassified
RPL31,unclassified,unclassified
RNF149,Q4,unclassified
IL18RAP,unclassified,unclassified
MRPS9,unclassified,unclassified
UXS1,unclassified,unclassified
GCC2,unclassified,unclassified
LIMS1,unclassified,unclassified
RANBP2,unclassified,unclassified
LINC00116,unclassified,unclassified
MIR4435-2HG,unclassified,unclassified
ZC3H6,unclassified,unclassified
CHCHD5,unclassified,unclassified
SLC20A1,unclassified,unclassified
IL1B,unclassified,unclassified
PSD4,unclassified,unclassified
ACTR3,unclassified,unclassified
DDX18,unclassified,unclassified
INSIG2,unclassified,unclassified
MARCO,Q3_NK_indeterminate,unclassified
C2orf76,unclassified,unclassified
DBI,unclassified,unclassified
PTPN4,unclassified,unclassified
RALB,unclassified,unclassified
CLASP1,unclassified,unclassified
NIFK,unclassified,unclassified
TSN,unclassified,unclassified
GYPC,unclassified,unclassified
BIN1,unclassified,unclassified
MAP3K2,unclassified,unclassified
IWS1,unclassified,unclassified
WDR33,unclassified,unclassified
UGGT1,unclassified,unclassified
MZT2B,unclassified,unclassified
CCDC115,unclassified,unclassified
IMP4,unclassified,unclassified
PTPN18,unclassified,unclassified
PLEKHB2,unclassified,unclassified
MZT2A,unclassified,Q4
CCNT2,unclassified,unclassified
UBXN4,unclassified,unclassified
DARS,unclassified,unclassified
CXCR4,unclassified,unclassified
ARHGAP15,unclassified,unclassified
ZEB2,Q3,unclassified
ORC4,unclassified,unclassified
MBD5,unclassified,unclassified
MMADHC,unclassified,unclassified
NMI,unclassified,unclassified
RIF1,unclassified,unclassified
ARL5A,unclassified,unclassified
PRPF40A,unclassified,unclassified
ARL6IP6,unclassified,unclassified
NR4A2,unclassified,unclassified
CYTIP,unclassified,unclassified
BAZ2B,unclassified,unclassified
MARCH7,unclassified,unclassified
RBMS1,unclassified,unclassified
TANK,unclassified,unclassified
PSMD14,unclassified,unclassified
PPIG,unclassified,unclassified
SSB,unclassified,unclassified
METTL5,unclassified,unclassified
GORASP2,unclassified,unclassified
TLK1,unclassified,unclassified
DYNC1I2,unclassified,unclassified
HAT1,unclassified,unclassified
SP3,unclassified,unclassified
OLA1,unclassified,unclassified
CIR1,unclassified,unclassified
WIPF1,unclassified,unclassified
ATP5G3,unclassified,unclassified
MTX2,unclassified,unclassified
HNRNPA3,unclassified,unclassified
NFE2L2,unclassified,unclassified
PRKRA,unclassified,unclassified
PLEKHA3,unclassified,unclassified
CWC22,unclassified,unclassified
UBE2E3,unclassified,unclassified
ITGA4,unclassified,unclassified
DNAJC10,unclassified,unclassified
ZC3H15,unclassified,unclassified
ASNSD1,unclassified,unclassified
ORMDL1,unclassified,unclassified
HIBCH,unclassified,unclassified
GLS,unclassified,unclassified
STAT1,unclassified,unclassified
STAT4,unclassified,unclassified
NABP1,unclassified,unclassified
SLC39A10,unclassified,unclassified
STK17B,unclassified,unclassified
RP11-347P5.1,unclassified,unclassified
ANKRD44,unclassified,unclassified
SF3B1,unclassified,unclassified
COQ10B,unclassified,unclassified
HSPD1,unclassified,unclassified
HSPE1,unclassified,unclassified
MOB4,unclassified,unclassified
BZW1,unclassified,unclassified
CLK1,unclassified,unclassified
PPIL3,unclassified,unclassified
FAM126B,unclassified,unclassified
NDUFB3,unclassified,unclassified
CFLAR,unclassified,unclassified
CASP10,unclassified,unclassified
CASP8,unclassified,unclassified
SUMO1,unclassified,unclassified
NOP58,unclassified,unclassified
NBEAL1,unclassified,unclassified
CYP20A1,unclassified,unclassified
ABI2,unclassified,unclassified
INO80D,unclassified,unclassified
EEF1B2,unclassified,unclassified
CREB1,unclassified,unclassified
METTL21A,unclassified,unclassified
ATIC,unclassified,unclassified
XRCC5,unclassified,unclassified
RPL37A,unclassified,unclassified
ARPC2,unclassified,unclassified
AAMP,unclassified,unclassified
PNKD,unclassified,unclassified
TMBIM1,unclassified,unclassified
SLC11A1,unclassified,unclassified
CTDSP1,unclassified,unclassified
RQCD1,unclassified,unclassified
CNPPD1,unclassified,unclassified
FAM134A,unclassified,unclassified
ZFAND2B,unclassified,unclassified
ANKZF1,unclassified,unclassified
STK16,unclassified,unclassified
TUBA4A,Q4,unclassified
DNAJB2,unclassified,unclassified
DNPEP,unclassified,unclassified
ACSL3,unclassified,unclassified
WDFY1,unclassified,unclassified
MRPL44,unclassified,unclassified
CUL3,unclassified,unclassified
DOCK10,unclassified,unclassified
MFF,unclassified,unclassified
CCL20,unclassified,unclassified
TRIP12,unclassified,unclassified
SP110,unclassified,unclassified
SP140,unclassified,unclassified
SP140L,unclassified,unclassified
SP100,unclassified,unclassified
CAB39,unclassified,unclassified
ITM2C,Q3,Q3
PSMD1,unclassified,unclassified
NCL,unclassified,unclassified
PTMA,unclassified,unclassified
EIF4E2,unclassified,unclassified
GIGYF2,unclassified,unclassified
INPP5D,unclassified,unclassified
DGKD,unclassified,unclassified
ARL4C,unclassified,unclassified
COPS8,unclassified,unclassified
LRRFIP1,unclassified,unclassified
RAMP1,unclassified,unclassified
UBE2F,unclassified,unclassified
ILKAP,unclassified,unclassified
NDUFA10,unclassified,unclassified
MYEOV2,unclassified,unclassified
RNPEPL1,unclassified,unclassified
MTERF4,unclassified,unclassified
PPP1R7,unclassified,unclassified
HDLBP,unclassified,unclassified
SEPT2,unclassified,unclassified
STK25,unclassified,unclassified
ATG4B,unclassified,unclassified
DTYMK,unclassified,unclassified
CRBN,unclassified,unclassified
BHLHE40,unclassified,unclassified
ARL8B,unclassified,unclassified
THUMPD3-AS1,unclassified,unclassified
SETD5,unclassified,unclassified
MTMR14,unclassified,unclassified
TADA3,unclassified,unclassified
ARPC4,unclassified,unclassified
RPUSD3,unclassified,unclassified
JAGN1,unclassified,unclassified
EMC3,unclassified,unclassified
BRK1,unclassified,unclassified
VHL,unclassified,unclassified
SEC13,unclassified,unclassified
VGLL4,unclassified,unclassified
RAF1,unclassified,unclassified
RPL32,unclassified,unclassified
IQSEC1,unclassified,unclassified
NUP210,unclassified,unclassified
TMEM43,unclassified,unclassified
XPC,unclassified,unclassified
LSM3,unclassified,unclassified
CCDC174,unclassified,unclassified
FGD5-AS1,unclassified,unclassified
MRPS25,unclassified,unclassified
SH3BP5,unclassified,unclassified
ANKRD28,Q4,Q3_NK_indeterminate
DPH3,unclassified,unclassified
OXNAD1,unclassified,unclassified
RFTN1,unclassified,unclassified
SATB1,unclassified,unclassified
RAB5A,unclassified,unclassified
UBE2E1,unclassified,unclassified
RPL15,unclassified,unclassified
TOP2B,unclassified,unclassified
NGLY1,unclassified,unclassified
SLC4A7,unclassified,unclassified
RP11-222K16.2,unclassified,unclassified
EOMES,unclassified,unclassified
CMC1,unclassified,unclassified
AZI2,unclassified,unclassified
TGFBR2,unclassified,unclassified
STT3B,unclassified,unclassified
CMTM7,unclassified,unclassified
CMTM6,unclassified,unclassified
DYNC1LI1,unclassified,unclassified
CLASP2,unclassified,unclassified
PDCD6IP,Q4,unclassified
EPM2AIP1,unclassified,unclassified
GOLGA4,unclassified,unclassified
ACAA1,unclassified,unclassified
MYD88,unclassified,unclassified
EXOG,unclassified,unclassified
WDR48,unclassified,unclassified
CSRNP1,unclassified,unclassified
CX3CR1,Q3,unclassified
SLC25A38,unclassified,unclassified
RPSA,unclassified,unclassified
EIF1B,unclassified,unclassified
RPL14,unclassified,unclassified
CTNNB1,unclassified,unclassified
SEC22C,unclassified,unclassified
SS18L2,unclassified,unclassified
NKTR,unclassified,unclassified
HIGD1A,unclassified,unclassified
SNRK,unclassified,unclassified
ABHD5,unclassified,unclassified
KIAA1143,unclassified,unclassified
ZDHHC3,unclassified,unclassified
EXOSC7,unclassified,unclassified
SACM1L,unclassified,unclassified
CCDC12,unclassified,unclassified
SETD2,unclassified,unclassified
ELP6,unclassified,unclassified
SMARCC1,unclassified,unclassified
DHX30,unclassified,unclassified
MAP4,unclassified,unclassified
TMA7,unclassified,unclassified
SHISA5,unclassified,unclassified
UQCRC1,unclassified,unclassified
IP6K2,unclassified,unclassified
PRKAR2A,unclassified,unclassified
ARIH2,unclassified,unclassified
P4HTM,unclassified,unclassified
NDUFAF3,unclassified,unclassified
IMPDH2,unclassified,unclassified
QARS,unclassified,unclassified
USP4,unclassified,unclassified
GPX1,unclassified,unclassified
RHOA,unclassified,unclassified
APEH,unclassified,unclassified
GMPPB,unclassified,unclassified
IP6K1,unclassified,unclassified
RBM6,unclassified,unclassified
RBM5,unclassified,unclassified
GNAI2,unclassified,unclassified
TUSC2,unclassified,unclassified
RASSF1,unclassified,unclassified
NPRL2,unclassified,unclassified
CYB561D2,unclassified,unclassified
CYB561D2,unclassified,unclassified
CYB561D2,unclassified,unclassified
CYB561D2,unclassified,unclassified
MAPKAPK3,unclassified,unclassified
MANF,unclassified,unclassified
TEX264,unclassified,unclassified
ABHD14B,unclassified,unclassified
ABHD14A,unclassified,unclassified
RPL29,unclassified,unclassified
TWF2,unclassified,unclassified
PPM1M,unclassified,unclassified
WDR82,unclassified,unclassified
PBRM1,unclassified,unclassified
GNL3,unclassified,unclassified
GLT8D1,unclassified,unclassified
SPCS1,unclassified,unclassified
TKT,unclassified,unclassified
DCP1A,unclassified,unclassified
SELK,unclassified,unclassified
CCDC66,unclassified,unclassified
FAM208A,unclassified,unclassified
ARHGEF3,unclassified,unclassified
APPL1,unclassified,unclassified
ARF4,unclassified,unclassified
SLMAP,unclassified,unclassified
PDHB,unclassified,unclassified
THOC7,unclassified,unclassified
ATXN7,unclassified,unclassified
PSMD6,unclassified,unclassified
SLC25A26,unclassified,unclassified
SUCLG2,unclassified,unclassified
TMF1,unclassified,unclassified
UBA3,unclassified,unclassified
ARL6IP5,unclassified,unclassified
FRMD4B,unclassified,unclassified
FOXP1,unclassified,unclassified
RYBP,unclassified,unclassified
PPP4R2,unclassified,unclassified
CHMP2B,unclassified,unclassified
CGGBP1,unclassified,unclassified
C3orf38,unclassified,unclassified
MTRNR2L12,unclassified,unclassified
CLDND1,unclassified,unclassified
NIT2,unclassified,unclassified
TFG,unclassified,unclassified
TRMT10C,unclassified,unclassified
PCNP,unclassified,unclassified
RPL24,unclassified,unclassified
NFKBIZ,unclassified,unclassified
CBLB,unclassified,unclassified
BBX,unclassified,unclassified
CD47,unclassified,unclassified
IFT57,unclassified,unclassified
CD96,unclassified,unclassified
ATG3,unclassified,unclassified
SIDT1-AS1,unclassified,unclassified
NAA50,unclassified,unclassified
ATP6V1A,unclassified,unclassified
TIGIT,Q4,unclassified
ZBTB20,unclassified,unclassified
B4GALT4,unclassified,unclassified
TIMMDC1,unclassified,unclassified
COX17,unclassified,unclassified
GSK3B,unclassified,unclassified
NDUFB4,unclassified,unclassified
HCLS1,unclassified,unclassified
GOLGB1,unclassified,Q1
FAM162A,unclassified,unclassified
KPNA1,unclassified,unclassified
PARP9,unclassified,unclassified
PARP14,unclassified,unclassified
CCDC14,unclassified,unclassified
ZNF148,unclassified,unclassified
ABTB1,unclassified,unclassified
SEC61A1,unclassified,unclassified
RUVBL1,unclassified,unclassified
RPN1,unclassified,unclassified
RAB7A,unclassified,unclassified
ISY1,unclassified,unclassified
CNBP,unclassified,unclassified
COPG1,unclassified,unclassified
HMCES,unclassified,unclassified
H1FX,Q3,Q3
MBD4,unclassified,unclassified
NUDT16,unclassified,unclassified
MRPL3,unclassified,unclassified
UBA5,unclassified,unclassified
CDV3,unclassified,unclassified
SRPRB,unclassified,unclassified
ANAPC13,unclassified,unclassified
MSL2,unclassified,unclassified
STAG1,unclassified,unclassified
NCK1,unclassified,unclassified
ARMC8,unclassified,unclassified
MRPS22,unclassified,unclassified
COPB2,unclassified,unclassified
SLC25A36,unclassified,unclassified
ZBTB38,unclassified,unclassified
RASA2,unclassified,unclassified
RNF7,unclassified,unclassified
ATP1B3,unclassified,unclassified
TFDP2,unclassified,unclassified
GK5,unclassified,unclassified
XRN1,unclassified,unclassified
U2SURP,unclassified,unclassified
CHST2,unclassified,unclassified
PLSCR1,unclassified,unclassified
GYG1,unclassified,unclassified
COMMD2,unclassified,unclassified
RNF13,unclassified,unclassified
SERP1,unclassified,unclassified
EIF2A,unclassified,unclassified
SELT,unclassified,unclassified
SIAH2,unclassified,unclassified
GPR171,unclassified,unclassified
MBNL1,unclassified,unclassified
RAP2B,unclassified,unclassified
DHX36,unclassified,unclassified
GMPS,unclassified,unclassified
SSR3,unclassified,unclassified
TIPARP,unclassified,unclassified
CCNL1,unclassified,unclassified
RSRC1,unclassified,unclassified
MFSD1,unclassified,unclassified
SMC4,unclassified,unclassified
KPNA4,unclassified,unclassified
NMD3,unclassified,unclassified
PDCD10,unclassified,unclassified
GOLIM4,unclassified,unclassified
SEC62,unclassified,unclassified
PHC3,unclassified,unclassified
SKIL,Q1,unclassified
RPL22L1,unclassified,unclassified
TNIK,unclassified,unclassified
FNDC3B,unclassified,unclassified
TNFSF10,unclassified,unclassified
TBL1XR1,unclassified,unclassified
ZMAT3,unclassified,unclassified
ACTL6A,unclassified,unclassified
MRPL47,unclassified,unclassified
NDUFB5,unclassified,unclassified
TTC14,unclassified,unclassified
FXR1,unclassified,unclassified
DNAJC19,unclassified,unclassified
ATP11B,unclassified,unclassified
DCUN1D1,unclassified,unclassified
KLHL24,unclassified,unclassified
PARL,unclassified,unclassified
EIF2B5,unclassified,unclassified
AP2M1,unclassified,unclassified
ALG3,unclassified,unclassified
PSMD2,unclassified,unclassified
EIF4G1,unclassified,unclassified
POLR2H,unclassified,unclassified
MAP3K13,unclassified,unclassified
TRA2B,unclassified,unclassified
DNAJB11,unclassified,unclassified
EIF4A2,unclassified,unclassified
ST6GAL1,unclassified,unclassified
LPP,unclassified,unclassified
CCDC50,Q3,Q3
ATP13A3,unclassified,unclassified
ACAP2,unclassified,unclassified
PPP1R2,unclassified,unclassified
LINC00969,unclassified,unclassified
TFRC,unclassified,unclassified
PCYT1A,unclassified,unclassified
RNF168,unclassified,unclassified
PIGX,unclassified,unclassified
PAK2,unclassified,unclassified
NCBP2,unclassified,unclassified
NCBP2-AS2,unclassified,unclassified
DLG1,unclassified,unclassified
FYTTD1,unclassified,unclassified
RPL35A,unclassified,unclassified
ZNF721,unclassified,unclassified
ATP5I,unclassified,unclassified
GAK,unclassified,unclassified
SPON2,unclassified,unclassified
CTBP1,unclassified,unclassified
MAEA,unclassified,unclassified
SLBP,unclassified,unclassified
LETM1,unclassified,unclassified
C4orf48,Q1,unclassified
MXD4,unclassified,unclassified
ZFYVE28,unclassified,unclassified
RNF4,unclassified,unclassified
TNIP2,unclassified,unclassified
SH3BP2,unclassified,unclassified
ADD1,unclassified,unclassified
MFSD10,unclassified,unclassified
LRPAP1,unclassified,unclassified
TMEM128,unclassified,unclassified
LYAR,unclassified,unclassified
MRFAP1,unclassified,unclassified
MRFAP1L1,unclassified,unclassified
BLOC1S4,unclassified,unclassified
GRPEL1,unclassified,unclassified
WDR1,unclassified,unclassified
RAB28,unclassified,unclassified
BOD1L1,unclassified,unclassified
FBXL5,unclassified,unclassified
FAM200B,unclassified,unclassified
CD38,Q4,Q4
FGFBP2,Q3,Q3
LAP3,unclassified,unclassified
MED28,unclassified,unclassified
DHX15,unclassified,unclassified
SEL1L3,unclassified,unclassified
SMIM20,unclassified,unclassified
RBPJ,unclassified,unclassified
STIM2,unclassified,unclassified
ARAP2,unclassified,unclassified
DTHD1,unclassified,unclassified
TBC1D1,unclassified,unclassified
KLF3,unclassified,unclassified
RFC1,unclassified,unclassified
RPL9,unclassified,unclassified
SMIM14,unclassified,unclassified
UBE2K,unclassified,unclassified
PDS5A,unclassified,unclassified
RHOH,unclassified,unclassified
TMEM33,unclassified,unclassified
ATP8A1,unclassified,unclassified
COMMD8,unclassified,unclassified
TXK,unclassified,unclassified
SLAIN2,unclassified,unclassified
FRYL,unclassified,unclassified
OCIAD1,unclassified,unclassified
OCIAD2,Q3,unclassified
FIP1L1,unclassified,unclassified
CHIC2,unclassified,unclassified
TMEM165,unclassified,unclassified
SRP72,unclassified,unclassified
HOPX,unclassified,unclassified
REST,unclassified,unclassified
POLR2B,unclassified,unclassified
IGFBP7,unclassified,unclassified
CENPC,unclassified,unclassified
UBA6,unclassified,unclassified
YTHDC1,unclassified,unclassified
JCHAIN,Q3,unclassified
UTP3,unclassified,unclassified
GRSF1,unclassified,unclassified
DCK,unclassified,unclassified
ANKRD17,unclassified,unclassified
CXCL8,unclassified,unclassified
CXCL3,unclassified,unclassified
CXCL2,unclassified,unclassified
EREG,unclassified,unclassified
AREG,unclassified,unclassified
RCHY1,unclassified,unclassified
G3BP2,unclassified,unclassified
USO1,unclassified,unclassified
NAAA,unclassified,unclassified
SDAD1,unclassified,unclassified
NUP54,unclassified,unclassified
SEPT11,Q4,Q4
CCNI,unclassified,unclassified
CNOT6L,unclassified,unclassified
MRPL1,unclassified,unclassified
RASGEF1B,unclassified,unclassified
HNRNPD,unclassified,unclassified
HNRNPDL,unclassified,unclassified
ENOPH1,unclassified,unclassified
SEC31A,unclassified,unclassified
THAP9-AS1,unclassified,unclassified
COPS4,unclassified,unclassified
PLAC8,unclassified,unclassified
MRPS18C,unclassified,unclassified
HSD17B11,unclassified,unclassified
PPM1K,unclassified,unclassified
PYURF,unclassified,unclassified
GPRIN3,unclassified,unclassified
PDLIM5,unclassified,unclassified
RAP1GDS1,unclassified,unclassified
EIF4E,unclassified,unclassified
ADH5,unclassified,unclassified
LAMTOR3,unclassified,unclassified
DNAJB14,unclassified,unclassified
H2AFZ,unclassified,unclassified
PPP3CA,unclassified,unclassified
NFKB1,unclassified,unclassified
UBE2D3,unclassified,unclassified
CISD2,unclassified,unclassified
PPA2,unclassified,unclassified
AIMP1,unclassified,unclassified
RPL34,unclassified,unclassified
OSTC,unclassified,unclassified
CCDC109B,unclassified,unclassified
TIFA,unclassified,unclassified
LARP7,unclassified,unclassified
CAMK2D,unclassified,unclassified
SNHG8,unclassified,unclassified
C4orf3,unclassified,unclassified
ANXA5,unclassified,unclassified
KIAA1109,unclassified,unclassified
JADE1,unclassified,unclassified
SCLT1,unclassified,unclassified
ELF2,unclassified,unclassified
NDUFC1,unclassified,unclassified
NAA15,unclassified,unclassified
MGST2,unclassified,unclassified
SCOC,unclassified,unclassified
SMARCA5,unclassified,unclassified
ANAPC10,unclassified,unclassified
ABCE1,unclassified,unclassified
LSM6,unclassified,unclassified
PRMT9,Q3,Q3
LRBA,unclassified,unclassified
RPS3A,unclassified,unclassified
FBXW7,unclassified,unclassified
PLRG1,unclassified,unclassified
PPID,unclassified,unclassified
FNIP2,unclassified,unclassified
MSMO1,Q4_attenuated,Q4
CBR4,unclassified,unclassified
C4orf27,unclassified,unclassified
HMGB2,unclassified,unclassified
HPGD,Q4,unclassified
SPCS3,unclassified,unclassified
DCTD,unclassified,unclassified
CDKN2AIP,unclassified,unclassified
RWDD4,unclassified,unclassified
IRF2,unclassified,unclassified
CASP3,unclassified,unclassified
SLC25A4,unclassified,unclassified
CFAP97,unclassified,unclassified
ANKRD37,unclassified,unclassified
FRG1,unclassified,unclassified
SDHA,unclassified,unclassified
PDCD6,unclassified,unclassified
BRD9,unclassified,unclassified
LPCAT1,unclassified,unclassified
MRPL36,unclassified,unclassified
NDUFS6,unclassified,unclassified
ICE1,unclassified,unclassified
MED10,unclassified,unclassified
CCT5,unclassified,unclassified
MARCH6,unclassified,unclassified
DAP,unclassified,unclassified
FAM105A,unclassified,unclassified
ZNF622,unclassified,unclassified
GOLPH3,unclassified,unclassified
ZFR,unclassified,unclassified
SUB1,unclassified,unclassified
TARS,unclassified,unclassified
RAD1,unclassified,unclassified
BRIX1,unclassified,unclassified
DNAJC21,unclassified,unclassified
NIPBL,unclassified,unclassified
RICTOR,unclassified,unclassified
FYB,unclassified,unclassified
DAB2,unclassified,unclassified
PTGER4,unclassified,unclassified
PRKAA1,unclassified,unclassified
RPL37,unclassified,unclassified
SEPP1,unclassified,unclassified
ANXA2R,unclassified,unclassified
ZNF131,unclassified,unclassified
HMGCS1,unclassified,unclassified
PAIP1,unclassified,unclassified
NNT,unclassified,unclassified
MRPS30,unclassified,unclassified
EMB,unclassified,unclassified
PARP8,unclassified,unclassified
MOCS2,unclassified,unclassified
NDUFS4,unclassified,unclassified
GZMK,unclassified,unclassified
GZMA,unclassified,unclassified
DHX29,unclassified,unclassified
GPBP1,unclassified,unclassified
PDE4D,unclassified,unclassified
SMIM15,unclassified,unclassified
KIF2A,unclassified,unclassified
SREK1IP1,unclassified,unclassified
CWC27,unclassified,unclassified
PPWD1,unclassified,unclassified
ERBB2IP,unclassified,unclassified
SREK1,unclassified,unclassified
PIK3R1,unclassified,unclassified
SLC30A5,unclassified,unclassified
MRPS36,unclassified,unclassified
AK6,unclassified,unclassified
TAF9,unclassified,unclassified
GTF2H2,unclassified,unclassified
BDP1,unclassified,unclassified
TNPO1,unclassified,unclassified
BTF3,unclassified,unclassified
ANKRA2,unclassified,unclassified
HEXB,unclassified,unclassified
NSA2,unclassified,unclassified
COL4A3BP,unclassified,unclassified
POLK,unclassified,unclassified
IQGAP2,unclassified,unclassified
F2R,unclassified,unclassified
AGGF1,unclassified,unclassified
TBCA,unclassified,unclassified
AP3B1,unclassified,unclassified
PAPD4,unclassified,unclassified
RPS23,unclassified,unclassified
TMEM167A,unclassified,unclassified
COX7C,unclassified,unclassified
CCNH,unclassified,unclassified
ARRDC3,unclassified,unclassified
FAM172A,unclassified,unclassified
SLF1,unclassified,unclassified
TTC37,unclassified,unclassified
RHOBTB3,unclassified,unclassified
GLRX,unclassified,unclassified
ELL2,Q1,unclassified
CAST,unclassified,unclassified
ERAP1,unclassified,unclassified
ERAP2,unclassified,unclassified
LNPEP,unclassified,unclassified
CHD1,unclassified,unclassified
ST8SIA4,unclassified,unclassified
PAM,unclassified,unclassified
PPIP5K2,unclassified,unclassified
PJA2,unclassified,unclassified
EPB41L4A-AS1,unclassified,unclassified
SRP19,unclassified,unclassified
REEP5,unclassified,unclassified
DCP2,unclassified,unclassified
YTHDC2,unclassified,unclassified
TMED7,unclassified,unclassified
ATG12,unclassified,unclassified
AP3S1,unclassified,unclassified
COMMD10,unclassified,unclassified
TNFAIP8,unclassified,unclassified
SRFBP1,unclassified,unclassified
SNX2,unclassified,unclassified
CSNK1G3,unclassified,unclassified
PHAX,unclassified,unclassified
LMNB1,unclassified,unclassified
ISOC1,unclassified,unclassified
HINT1,unclassified,unclassified
CDC42SE2,unclassified,unclassified
FNIP1,unclassified,unclassified
C5orf56,unclassified,unclassified
IRF1,unclassified,unclassified
RAD50,unclassified,unclassified
UQCRQ,unclassified,unclassified
AFF4,unclassified,unclassified
ZCCHC10,unclassified,unclassified
HSPA4,unclassified,unclassified
C5orf15,unclassified,unclassified
VDAC1,unclassified,unclassified
TCF7,unclassified,unclassified
SKP1,unclassified,unclassified
PPP2CA,unclassified,unclassified
UBE2B,unclassified,unclassified
CDKN2AIPNL,unclassified,unclassified
SAR1B,unclassified,unclassified
CAMLG,unclassified,unclassified
DDX46,unclassified,unclassified
C5orf24,unclassified,unclassified
TXNDC15,unclassified,unclassified
H2AFY,unclassified,unclassified
HNRNPA0,unclassified,unclassified
FAM13B,unclassified,unclassified
FAM53C,unclassified,unclassified
EGR1,unclassified,unclassified
ETF1,unclassified,unclassified
HSPA9,unclassified,unclassified
CTNNA1,unclassified,unclassified
SIL1,unclassified,unclassified
PAIP2,unclassified,unclassified
MZB1,Q3,unclassified
TMEM173,unclassified,unclassified
UBE2D2,unclassified,unclassified
CXXC5,Q4,Q4
PURA,unclassified,unclassified
CYSTM1,unclassified,unclassified
PFDN1,unclassified,unclassified
SRA1,unclassified,unclassified
SLC35A4,unclassified,unclassified
CD14,unclassified,unclassified
NDUFA2,unclassified,unclassified
IK,unclassified,unclassified
HARS,unclassified,unclassified
ZMAT2,unclassified,unclassified
TAF7,unclassified,unclassified
DIAPH1,unclassified,unclassified
HDAC3,unclassified,unclassified
NDFIP1,unclassified,unclassified
ARHGAP26,unclassified,unclassified
NR3C1,unclassified,unclassified
YIPF5,unclassified,unclassified
LARS,unclassified,unclassified
TCERG1,unclassified,unclassified
PPP2R2B,unclassified,unclassified
SCGB3A2,unclassified,unclassified
ADRB2,Q3,Q3
CSNK1A1,unclassified,unclassified
SLC26A2,unclassified,unclassified
TCOF1,unclassified,unclassified
CD74,unclassified,unclassified
RPS14,unclassified,unclassified
RBM22,unclassified,unclassified
TNIP1,unclassified,unclassified
ANXA6,unclassified,unclassified
CCDC69,unclassified,unclassified
ATOX1,unclassified,unclassified
G3BP1,unclassified,unclassified
GALNT10,unclassified,unclassified
LARP1,unclassified,unclassified
CNOT8,unclassified,unclassified
MRPL22,unclassified,unclassified
HAVCR2,unclassified,unclassified
MED7,unclassified,unclassified
CYFIP2,unclassified,unclassified
CLINT1,unclassified,unclassified
RNF145,unclassified,unclassified
UBLCP1,unclassified,unclassified
TTC1,unclassified,unclassified
SLU7,unclassified,unclassified
PTTG1,Q3,Q3
CCNG1,unclassified,unclassified
NUDCD2,unclassified,unclassified
MAT2B,unclassified,unclassified
RARS,unclassified,unclassified
DOCK2,unclassified,unclassified
LCP2,unclassified,unclassified
NPM1,unclassified,unclassified
STK10,unclassified,unclassified
DUSP1,unclassified,unclassified
ERGIC1,unclassified,unclassified
RPL26L1,unclassified,unclassified
ATP6V0E1,unclassified,unclassified
CREBRF,unclassified,unclassified
CPEB4,unclassified,unclassified
SFXN1,unclassified,unclassified
THOC3,unclassified,unclassified
HIGD2A,unclassified,unclassified
CLTB,unclassified,unclassified
RNF44,unclassified,unclassified
NSD1,unclassified,unclassified
PRELID1,unclassified,unclassified
LMAN2,unclassified,unclassified
RGS14,unclassified,unclassified
GRK6,unclassified,unclassified
TMED9,unclassified,unclassified
NHP2,unclassified,unclassified
HNRNPAB,unclassified,unclassified
PHYKPL,unclassified,unclassified
CLK4,unclassified,unclassified
HNRNPH1,unclassified,unclassified
CANX,unclassified,unclassified
SQSTM1,unclassified,unclassified
RNF130,unclassified,unclassified
SCGB3A1,unclassified,unclassified
MGAT1,unclassified,unclassified
GNB2L1,unclassified,unclassified
DUSP22,unclassified,unclassified
SERPINB1,unclassified,unclassified
SERPINB9,unclassified,unclassified
SERPINB6,unclassified,unclassified
NQO2,unclassified,unclassified
PSMG4,unclassified,unclassified
PRPF4B,unclassified,unclassified
ECI2,unclassified,unclassified
LYRM4,unclassified,unclassified
SSR1,unclassified,unclassified
EEF1E1,unclassified,unclassified
TMEM14C,unclassified,unclassified
TMEM14B,unclassified,unclassified
NEDD9,unclassified,unclassified
PHACTR1,unclassified,unclassified
GFOD1,unclassified,unclassified
NOL7,unclassified,unclassified
MCUR1,unclassified,unclassified
CD83,unclassified,unclassified
JARID2,unclassified,unclassified
DTNBP1,unclassified,unclassified
MYLIP,unclassified,unclassified
ATXN1,unclassified,unclassified
TPMT,unclassified,unclassified
DEK,unclassified,unclassified
SOX4,Q3,unclassified
TDP2,unclassified,unclassified
ACOT13,unclassified,unclassified
C6orf62,unclassified,unclassified
FAM65B,unclassified,unclassified
TRIM38,unclassified,unclassified
HIST1H1C,Q3,Q3
HIST1H4C,unclassified,unclassified
HIST1H1D,unclassified,unclassified
BTN3A2,unclassified,unclassified
BTN3A1,unclassified,unclassified
BTN3A3,unclassified,unclassified
BTN2A1,unclassified,unclassified
ABT1,unclassified,unclassified
ZSCAN16-AS1,unclassified,unclassified
TRIM27,unclassified,unclassified
HLA-F,unclassified,unclassified
HLA-A,unclassified,unclassified
ZNRD1,unclassified,unclassified
PPP1R11,unclassified,unclassified
HCG18,unclassified,unclassified
HLA-E,unclassified,unclassified
GNL1,unclassified,unclassified
ABCF1,unclassified,unclassified
PPP1R10,unclassified,unclassified
MRPS18B,unclassified,unclassified
PPP1R18,unclassified,unclassified
TUBB,unclassified,unclassified
FLOT1,unclassified,unclassified
IER3,unclassified,unclassified
HLA-C,unclassified,unclassified
HLA-B,unclassified,unclassified
DDX39B,unclassified,unclassified
TNF,unclassified,unclassified
LTB,Q3,Q3_NK_indeterminate
LST1,unclassified,unclassified
NCR3,unclassified,unclassified
AIF1,unclassified,unclassified
PRRC2A,unclassified,unclassified
BAG6,unclassified,unclassified
GPANK1,unclassified,unclassified
CSNK2B,unclassified,unclassified
DDAH2,unclassified,unclassified
CLIC1,unclassified,unclassified
LSM2,unclassified,unclassified
HSPA1A,unclassified,unclassified
HSPA1B,unclassified,unclassified
C6orf48,unclassified,unclassified
NEU1,unclassified,unclassified
EHMT2,unclassified,unclassified
NELFE,unclassified,unclassified
ATF6B,unclassified,unclassified
RNF5,unclassified,unclassified
GPSM3,unclassified,unclassified
HLA-DRA,unclassified,unclassified
HLA-DRB5,unclassified,unclassified
HLA-DRB1,unclassified,unclassified
HLA-DQA1,unclassified,unclassified
HLA-DQB1,unclassified,unclassified
TAP2,unclassified,unclassified
PSMB8,unclassified,unclassified
PSMB8-AS1,unclassified,unclassified
PSMB9,unclassified,unclassified
TAP1,unclassified,unclassified
HLA-DMB,unclassified,unclassified
HLA-DMA,unclassified,unclassified
BRD2,unclassified,unclassified
HLA-DPA1,unclassified,unclassified
HLA-DPB1,unclassified,unclassified
SLC39A7,unclassified,unclassified
RING1,unclassified,unclassified
RPS18,unclassified,unclassified
B3GALT4,unclassified,unclassified
WDR46,unclassified,unclassified
PFDN6,unclassified,unclassified
RGL2,unclassified,unclassified
TAPBP,unclassified,unclassified
DAXX,unclassified,unclassified
PHF1,unclassified,unclassified
CUTA,unclassified,unclassified
UQCC2,unclassified,unclassified
HMGA1,unclassified,unclassified
C6orf1,unclassified,unclassified
NUDT3,unclassified,unclassified
RPS10,unclassified,unclassified
SNRPC,unclassified,unclassified
TAF11,unclassified,unclassified
DEF6,unclassified,unclassified
RPL10A,unclassified,unclassified
FKBP5,unclassified,unclassified
SRPK1,unclassified,unclassified
MAPK14,unclassified,unclassified
KCTD20,unclassified,unclassified
STK38,unclassified,unclassified
SRSF3,unclassified,unclassified
CDKN1A,Q1,unclassified
C6orf89,unclassified,unclassified
MTCH1,unclassified,unclassified
PIM1,unclassified,unclassified
CCDC167,unclassified,unclassified
ZFAND3,unclassified,unclassified
GLO1,unclassified,unclassified
OARD1,unclassified,unclassified
CCND3,unclassified,unclassified
TAF8,unclassified,unclassified
MRPS10,unclassified,unclassified
UBR2,unclassified,unclassified
TBCC,unclassified,unclassified
RPL7L1,unclassified,unclassified
C6orf226,unclassified,unclassified
CNPY3,unclassified,unclassified
MEA1,unclassified,unclassified
KLHDC3,unclassified,unclassified
MRPL2,unclassified,unclassified
DNPH1,Q3,Q3
YIPF3,unclassified,unclassified
MRPS18A,unclassified,unclassified
MRPL14,unclassified,unclassified
HSP90AB1,unclassified,unclassified
SLC35B2,unclassified,unclassified
CDC5L,unclassified,unclassified
ENPP4,unclassified,unclassified
MCM3,unclassified,unclassified
TMEM14A,unclassified,unclassified
FBXO9,unclassified,unclassified
ELOVL5,unclassified,unclassified
ZNF451,unclassified,unclassified
PTP4A1,unclassified,unclassified
PHF3,unclassified,unclassified
LMBRD1,unclassified,unclassified
SMAP1,unclassified,unclassified
B3GAT2,unclassified,unclassified
EEF1A1,unclassified,unclassified
COX7A2,unclassified,unclassified
TMEM30A,unclassified,unclassified
SENP6,unclassified,unclassified
MYO6,unclassified,unclassified
PHIP,unclassified,unclassified
HMGN3,unclassified,unclassified
FAM46A,unclassified,unclassified
IBTK,unclassified,unclassified
CYB5R4,unclassified,unclassified
SNX14,unclassified,unclassified
SYNCRIP,unclassified,unclassified
ZNF292,unclassified,unclassified
AKIRIN2,unclassified,unclassified
PNRC1,unclassified,unclassified
UBE2J1,unclassified,unclassified
LYRM2,unclassified,unclassified
MAP3K7,unclassified,unclassified
UFL1,unclassified,unclassified
NDUFAF4,unclassified,unclassified
PNISR,unclassified,unclassified
CCNC,unclassified,unclassified
ASCC3,unclassified,unclassified
PRDM1,Q4,unclassified
ATG5,unclassified,unclassified
AIM1,unclassified,unclassified
SCML4,unclassified,unclassified
SEC63,unclassified,unclassified
OSTM1,unclassified,unclassified
SNX3,unclassified,unclassified
FOXO3,unclassified,unclassified
SESN1,unclassified,unclassified
CD164,unclassified,unclassified
CDC40,unclassified,unclassified
AMD1,unclassified,unclassified
GTF3C6,unclassified,unclassified
RPF2,unclassified,unclassified
REV3L,unclassified,unclassified
FYN,unclassified,unclassified
MARCKS,unclassified,unclassified
HDAC2,unclassified,unclassified
NT5DC1,unclassified,unclassified
TSPYL1,unclassified,unclassified
FAM26F,unclassified,unclassified
RWDD1,unclassified,unclassified
GOPC,unclassified,unclassified
NUS1,unclassified,unclassified
CEP85L,unclassified,unclassified
ASF1A,unclassified,unclassified
MAN1A1,unclassified,unclassified
SERINC1,unclassified,unclassified
HDDC2,unclassified,unclassified
NCOA7,unclassified,unclassified
RNF146,unclassified,unclassified
ECHDC1,unclassified,unclassified
ARHGAP18,unclassified,unclassified
SAMD3,unclassified,unclassified
AKAP7,unclassified,unclassified
STX7,unclassified,unclassified
RPS12,unclassified,unclassified
TBPL1,unclassified,unclassified
SGK1,unclassified,unclassified
AHI1,unclassified,unclassified
BCLAF1,unclassified,unclassified
IFNGR1,unclassified,unclassified
RP11-356I2.4,unclassified,unclassified
TNFAIP3,unclassified,unclassified
HEBP2,unclassified,unclassified
CCDC28A,unclassified,unclassified
ABRACL,unclassified,unclassified
HECA,Q4,unclassified
CITED2,unclassified,unclassified
FUCA2,unclassified,unclassified
PHACTR2,unclassified,unclassified
SF3B5,unclassified,unclassified
STX11,Q4,unclassified
UTRN,unclassified,unclassified
SHPRH,unclassified,unclassified
PPIL4,unclassified,unclassified
GINM1,unclassified,unclassified
PCMT1,unclassified,unclassified
SYNE1,unclassified,unclassified
IPCEF1,unclassified,unclassified
ARID1B,unclassified,unclassified
TMEM242,unclassified,unclassified
GTF2H5,unclassified,unclassified
TMEM181,unclassified,unclassified
DYNLT1,unclassified,unclassified
SYTL3,unclassified,unclassified
EZR,unclassified,unclassified
TAGAP,Q4,unclassified
SOD2,unclassified,unclassified
WTAP,unclassified,unclassified
ACAT2,unclassified,unclassified
TCP1,unclassified,unclassified
MRPL18,unclassified,unclassified
IGF2R,unclassified,unclassified
QKI,unclassified,unclassified
SFT2D1,unclassified,unclassified
MPC1,unclassified,unclassified
RNASET2,unclassified,unclassified
PSMB1,unclassified,unclassified
PDCD2,unclassified,unclassified
COX19,unclassified,unclassified
C7orf50,unclassified,unclassified
ZFAND2A,unclassified,unclassified
PSMG3,unclassified,unclassified
MAD1L1,unclassified,unclassified
NUDT1,unclassified,unclassified
EIF3B,unclassified,unclassified
CHST12,unclassified,unclassified
WIPI2,unclassified,unclassified
ACTB,unclassified,unclassified
RNF216,unclassified,unclassified
CCZ1,unclassified,unclassified
EIF2AK1,unclassified,unclassified
RAC1,unclassified,unclassified
KDELR2,unclassified,unclassified
ZDHHC4,unclassified,unclassified
C1GALT1,unclassified,unclassified
RPA3,unclassified,unclassified
GLCCI1,unclassified,unclassified
NDUFA4,unclassified,unclassified
PHF14,unclassified,unclassified
TMEM106B,unclassified,unclassified
ARL4A,unclassified,unclassified
AHR,unclassified,unclassified
TWISTNB,unclassified,unclassified
TOMM7,unclassified,unclassified
NUPL2,unclassified,unclassified
GPNMB,unclassified,unclassified
MALSU1,unclassified,unclassified
TRA2A,unclassified,unclassified
CYCS,unclassified,unclassified
HNRNPA2B1,unclassified,unclassified
CBX3,unclassified,unclassified
SNX10,unclassified,unclassified
SKAP2,unclassified,unclassified
HOTAIRM1,unclassified,unclassified
TAX1BP1,unclassified,unclassified
JAZF1,unclassified,unclassified
GGCT,unclassified,unclassified
GARS,unclassified,unclassified
LSM5,unclassified,unclassified
NT5C3A,unclassified,unclassified
HERPUD2,unclassified,unclassified
SEPT7,unclassified,unclassified
AOAH,unclassified,unclassified
ELMO1,unclassified,unclassified
STARD3NL,unclassified,unclassified
TRGC2,unclassified,unclassified
TRGC1,unclassified,unclassified
TRG-AS1,unclassified,unclassified
RALA,unclassified,unclassified
CDK13,unclassified,unclassified
MPLKIP,unclassified,unclassified
PSMA2,unclassified,unclassified
MRPL32,unclassified,unclassified
STK17A,unclassified,unclassified
COA1,unclassified,unclassified
BLVRA,unclassified,unclassified
DBNL,unclassified,unclassified
POLD2,unclassified,unclassified
DDX56,unclassified,unclassified
TMED4,unclassified,unclassified
PPIA,unclassified,unclassified
H2AFV,unclassified,Q4
PURB,unclassified,unclassified
MYO1G,unclassified,unclassified
SNHG15,unclassified,unclassified
CCM2,unclassified,unclassified
UPP1,unclassified,unclassified
IKZF1,unclassified,unclassified
SEC61G,unclassified,unclassified
VOPP1,unclassified,unclassified
GBAS,unclassified,unclassified
CCT6A,unclassified,unclassified
SUMF2,unclassified,unclassified
PHKG1,unclassified,unclassified
CHCHD2,unclassified,unclassified
ERV3-1,unclassified,unclassified
GUSB,unclassified,unclassified
ASL,unclassified,unclassified
TMEM248,unclassified,unclassified
SBDS,unclassified,unclassified
AUTS2,unclassified,unclassified
NSUN5,unclassified,unclassified
BAZ1B,unclassified,unclassified
BCL7B,unclassified,unclassified
WBSCR22,unclassified,unclassified
EIF4H,unclassified,unclassified
LAT2,unclassified,unclassified
GTF2I,unclassified,unclassified
NCF1,unclassified,unclassified
RHBDD2,unclassified,unclassified
POR,unclassified,unclassified
TMEM120A,unclassified,unclassified
MDH2,unclassified,unclassified
HSPB1,Q3,unclassified
YWHAG,unclassified,unclassified
FGL2,unclassified,unclassified
GSAP,Q3,unclassified
PTPN12,unclassified,unclassified
RSBN1L,unclassified,unclassified
TMEM60,unclassified,unclassified
DMTF1,unclassified,unclassified
TMEM243,unclassified,unclassified
TP53TG1,unclassified,unclassified
DBF4,unclassified,unclassified
SRI,unclassified,unclassified
AKAP9,unclassified,unclassified
KRIT1,unclassified,unclassified
ANKIB1,unclassified,unclassified
GATAD1,unclassified,unclassified
FAM133B,unclassified,unclassified
CDK6,unclassified,unclassified
SAMD9,unclassified,unclassified
SAMD9L,unclassified,Q4
BET1,unclassified,unclassified
PON2,unclassified,unclassified
SHFM1,unclassified,unclassified
SDHAF3,unclassified,unclassified
BRI3,unclassified,unclassified
ARPC1A,unclassified,unclassified
ARPC1B,unclassified,unclassified
PDAP1,unclassified,unclassified
BUD31,unclassified,unclassified
ATP5J2,unclassified,unclassified
ZNF394,unclassified,unclassified
ZNF655,unclassified,unclassified
TRIM4,unclassified,unclassified
ZKSCAN1,unclassified,unclassified
COPS6,unclassified,unclassified
MCM7,unclassified,unclassified
LAMTOR4,unclassified,unclassified
PILRB,unclassified,unclassified
TSC22D4,unclassified,unclassified
LRCH4,unclassified,unclassified
MOSPD3,unclassified,unclassified
GNB2,unclassified,unclassified
POP7,unclassified,unclassified
TRIM56,unclassified,unclassified
ZNHIT1,unclassified,unclassified
FIS1,unclassified,unclassified
CUX1,unclassified,unclassified
ORAI2,unclassified,unclassified
POLR2J,unclassified,unclassified
POLR2J3,unclassified,unclassified
ARMC10,unclassified,unclassified
PMPCB,unclassified,unclassified
DNAJC2,unclassified,unclassified
PSMC2,unclassified,unclassified
KMT2E,unclassified,unclassified
SRPK2,unclassified,unclassified
SYPL1,unclassified,unclassified
NAMPT,unclassified,unclassified
HBP1,unclassified,unclassified
BCAP29,unclassified,unclassified
DLD,unclassified,unclassified
PNPLA8,unclassified,unclassified
THAP5,unclassified,unclassified
DNAJB9,unclassified,unclassified
ZNF277,unclassified,unclassified
IFRD1,unclassified,unclassified
LINC00998,unclassified,unclassified
MDFIC,unclassified,unclassified
TES,unclassified,unclassified
CAPZA2,unclassified,unclassified
LSM8,unclassified,unclassified
ING3,unclassified,unclassified
FAM3C,unclassified,unclassified
NDUFA5,unclassified,unclassified
ZNF800,unclassified,unclassified
ARF5,unclassified,unclassified
SND1,unclassified,unclassified
IMPDH1,unclassified,unclassified
CALU,unclassified,unclassified
ATP6V1F,unclassified,unclassified
TNPO3,unclassified,unclassified
UBE2H,unclassified,unclassified
AC016831.7,unclassified,unclassified
RP11-138A9.1,unclassified,unclassified
RP11-138A9.2,unclassified,unclassified
LINC-PINT,unclassified,unclassified
MKLN1,unclassified,unclassified
CHCHD3,unclassified,unclassified
EXOC4,unclassified,unclassified
AKR1B1,unclassified,unclassified
BPGM,unclassified,unclassified
CNOT4,unclassified,unclassified
C7orf73,unclassified,unclassified
MTPN,unclassified,unclassified
AC090498.1,unclassified,unclassified
CREB3L2,unclassified,unclassified
ZC3HAV1,unclassified,unclassified
C7orf55,unclassified,unclassified
LUC7L2,unclassified,unclassified
HIPK2,unclassified,unclassified
TBXAS1,unclassified,unclassified
MKRN1,unclassified,unclassified
NDUFB2,unclassified,unclassified
MRPS33,unclassified,unclassified
SSBP1,unclassified,unclassified
TRBC1,unclassified,unclassified
TRBC2,unclassified,unclassified
GSTK1,unclassified,unclassified
ZYX,unclassified,unclassified
CUL1,unclassified,unclassified
PDIA4,unclassified,unclassified
ATP6V0E2,unclassified,unclassified
REPIN1,unclassified,unclassified
GIMAP7,unclassified,unclassified
GIMAP4,unclassified,unclassified
GIMAP6,unclassified,unclassified
GIMAP2,unclassified,unclassified
GIMAP1,unclassified,unclassified
FASTK,unclassified,unclassified
TMUB1,unclassified,unclassified
NUB1,unclassified,unclassified
RHEB,unclassified,unclassified
PRKAG2,unclassified,unclassified
GALNT11,unclassified,unclassified
KMT2C,unclassified,unclassified
INSIG1,unclassified,unclassified
RBM33,unclassified,unclassified
DNAJB6,unclassified,unclassified
ESYT2,unclassified,unclassified
WDR60,unclassified,unclassified
LINC00685,unclassified,unclassified
SLC25A6,unclassified,unclassified
P2RY8,unclassified,unclassified
AKAP17A,unclassified,unclassified
CD99,unclassified,unclassified
PRKX,unclassified,unclassified
MSL3,unclassified,unclassified
TMSB4X,unclassified,unclassified
RAB9A,unclassified,unclassified
TRAPPC2,unclassified,unclassified
OFD1,unclassified,unclassified
GPM6B,unclassified,unclassified
CA5B,Q3,unclassified
ZRSR2,unclassified,unclassified
AP1S2,unclassified,unclassified
SYAP1,unclassified,unclassified
RBBP7,unclassified,unclassified
PDHA1,unclassified,unclassified
SH3KBP1,unclassified,unclassified
EIF1AX,unclassified,unclassified
RPS6KA3,unclassified,unclassified
SMS,unclassified,unclassified
PRDX4,unclassified,unclassified
ACOT9,unclassified,unclassified
SAT1,unclassified,unclassified
EIF2S3,unclassified,unclassified
ZFX,unclassified,unclassified
GK,unclassified,unclassified
CYBB,unclassified,unclassified
DYNLT3,unclassified,unclassified
MID1IP1,unclassified,unclassified
ATP6AP2,unclassified,unclassified
CXorf38,unclassified,unclassified
USP9X,unclassified,unclassified
DDX3X,unclassified,unclassified
NDUFB11,unclassified,unclassified
UBA1,unclassified,unclassified
USP11,unclassified,unclassified
ARAF,unclassified,unclassified
TIMP1,unclassified,unclassified
UXT,unclassified,unclassified
EBP,unclassified,unclassified
RBM3,unclassified,unclassified
WDR13,unclassified,unclassified
WAS,unclassified,unclassified
TIMM17B,unclassified,unclassified
PQBP1,unclassified,unclassified
PIM2,unclassified,unclassified
OTUD5,unclassified,unclassified
GRIPAP1,unclassified,unclassified
WDR45,unclassified,unclassified
PLP2,unclassified,unclassified
TSPYL2,unclassified,unclassified
SMC1A,unclassified,unclassified
HSD17B10,unclassified,unclassified
HUWE1,unclassified,unclassified
TSR2,unclassified,unclassified
MAGED2,unclassified,unclassified
MTRNR2L10,unclassified,unclassified
MAGEH1,unclassified,unclassified
UBQLN2,unclassified,unclassified
LINC01420,unclassified,unclassified
MSN,unclassified,unclassified
VSIG4,Q3_NK_indeterminate,unclassified
YIPF6,unclassified,unclassified
IGBP1,unclassified,unclassified
PDZD11,unclassified,unclassified
IL2RG,unclassified,unclassified
NONO,unclassified,unclassified
OGT,unclassified,unclassified
PIN4,unclassified,unclassified
RPS4X,unclassified,unclassified
XIST,unclassified,unclassified
JPX,unclassified,unclassified
PBDC1,unclassified,unclassified
ATRX,unclassified,unclassified
MAGT1,unclassified,unclassified
COX7B,unclassified,unclassified
PGK1,unclassified,unclassified
CYSLTR1,unclassified,unclassified
ITM2A,unclassified,unclassified
SH3BGRL,unclassified,unclassified
RPL36A,unclassified,unclassified
GLA,unclassified,unclassified
HNRNPH2,unclassified,unclassified
ARMCX6,unclassified,unclassified
ARMCX3,unclassified,unclassified
BEX4,unclassified,unclassified
TCEAL8,unclassified,unclassified
TCEAL4,unclassified,unclassified
TCEAL3,unclassified,unclassified
MORF4L2,unclassified,unclassified
PRPS1,unclassified,unclassified
TSC22D3,unclassified,unclassified
ALG13,unclassified,unclassified
DOCK11,unclassified,unclassified
SLC25A5,unclassified,unclassified
UBE2A,unclassified,unclassified
SEPT6,unclassified,unclassified
RPL39,unclassified,unclassified
UPF3B,unclassified,unclassified
RNF113A,unclassified,unclassified
NDUFA1,unclassified,unclassified
NKAP,unclassified,unclassified
LAMP2,unclassified,unclassified
MCTS1,unclassified,unclassified
C1GALT1C1,unclassified,unclassified
THOC2,unclassified,unclassified
XIAP,unclassified,unclassified
STAG2,unclassified,unclassified
SH2D1A,unclassified,unclassified
SASH3,unclassified,unclassified
RBMX2,unclassified,unclassified
STK26,unclassified,unclassified
RAP2C,unclassified,unclassified
HPRT1,unclassified,unclassified
FAM122B,unclassified,unclassified
HTATSF1,unclassified,unclassified
ARHGEF6,unclassified,unclassified
RBMX,unclassified,unclassified
IDS,unclassified,unclassified
VMA21,unclassified,unclassified
CETN2,unclassified,unclassified
BCAP31,unclassified,unclassified
IDH3G,unclassified,unclassified
SSR4,unclassified,unclassified
ARHGAP4,unclassified,unclassified
NAA10,unclassified,unclassified
IRAK1,unclassified,unclassified
MECP2,unclassified,unclassified
FLNA,unclassified,unclassified
EMD,unclassified,unclassified
RPL10,unclassified,unclassified
TAZ,unclassified,unclassified
ATP6AP1,unclassified,unclassified
GDI1,unclassified,unclassified
FAM50A,unclassified,unclassified
LAGE3,unclassified,unclassified
G6PD,unclassified,unclassified
IKBKG,unclassified,unclassified
DKC1,unclassified,unclassified
FUNDC2,unclassified,unclassified
VBP1,unclassified,unclassified
FBXO25,unclassified,unclassified
ERICH1,unclassified,unclassified
CLN8,unclassified,unclassified
CTD-2336O2.1,unclassified,unclassified
MYOM2,unclassified,unclassified
MSRA,unclassified,unclassified
MTMR9,unclassified,unclassified
FDFT1,unclassified,unclassified
CTSB,unclassified,unclassified
MSR1,unclassified,unclassified
CNOT7,unclassified,unclassified
VPS37A,unclassified,unclassified
PCM1,unclassified,unclassified
ASAH1,unclassified,unclassified
INTS10,unclassified,unclassified
ATP6V1B2,unclassified,unclassified
DOK2,unclassified,unclassified
SFTPC,Q3,unclassified
PPP3CC,unclassified,unclassified
PDLIM2,unclassified,unclassified
SLC25A37,unclassified,unclassified
DOCK5,unclassified,unclassified
PPP2R2A,unclassified,unclassified
BNIP3L,unclassified,unclassified
PTK2B,unclassified,unclassified
CLU,unclassified,unclassified
CCDC25,unclassified,unclassified
HMBOX1,unclassified,unclassified
DUSP4,Q3,Q3
SARAF,unclassified,unclassified
RP11-489E7.4,unclassified,unclassified
LEPROTL1,unclassified,unclassified
RP11-51J9.5,unclassified,unclassified
DCTN6,unclassified,unclassified
GTF2E2,unclassified,unclassified
PROSC,unclassified,unclassified
RAB11FIP1,unclassified,unclassified
EIF4EBP1,unclassified,unclassified
LSM1,unclassified,unclassified
PLPP5,unclassified,unclassified
WHSC1L1,unclassified,unclassified
TACC1,unclassified,unclassified
PLEKHA2,unclassified,unclassified
GOLGA7,unclassified,unclassified
KAT6A,unclassified,unclassified
IKBKB,unclassified,unclassified
VDAC3,unclassified,unclassified
SMIM19,unclassified,unclassified
HOOK3,unclassified,unclassified
FNTA,unclassified,unclassified
HGSNAT,unclassified,unclassified
CEBPD,unclassified,unclassified
PRKDC,unclassified,unclassified
UBE2V2,unclassified,unclassified
PCMTD1,unclassified,unclassified
RB1CC1,unclassified,unclassified
ATP6V1H,unclassified,unclassified
TCEA1,unclassified,unclassified
LYPLA1,unclassified,unclassified
MRPL15,unclassified,unclassified
TGS1,unclassified,unclassified
LYN,unclassified,unclassified
RPS20,unclassified,unclassified
CHCHD7,unclassified,unclassified
SDCBP,unclassified,unclassified
TOX,unclassified,unclassified
RAB2A,unclassified,unclassified
ARMC1,unclassified,unclassified
PDE7A,unclassified,unclassified
MYBL1,unclassified,unclassified
VCPIP1,unclassified,unclassified
COPS5,unclassified,unclassified
ARFGEF1,unclassified,unclassified
NCOA2,unclassified,unclassified
TRAM1,unclassified,unclassified
TERF1,unclassified,unclassified
RPL7,unclassified,unclassified
STAU2,unclassified,unclassified
UBE2W,unclassified,unclassified
TCEB1,unclassified,unclassified
TMEM70,unclassified,unclassified
LY96,unclassified,unclassified
PEX2,unclassified,unclassified
TPD52,unclassified,Q4
PAG1,unclassified,unclassified
FABP5,unclassified,unclassified
FABP4,Q3,unclassified
ZFAND1,unclassified,unclassified
C8orf59,unclassified,unclassified
CPNE3,unclassified,unclassified
RIPK2,unclassified,unclassified
NBN,unclassified,unclassified
DECR1,unclassified,unclassified
OTUD6B-AS1,unclassified,unclassified
UQCRB,unclassified,unclassified
PTDSS1,unclassified,unclassified
CPQ,unclassified,unclassified
MTDH,unclassified,unclassified
RPL30,unclassified,unclassified
COX6C,unclassified,unclassified
POLR2K,unclassified,unclassified
RNF19A,unclassified,unclassified
PABPC1,unclassified,unclassified
YWHAZ,unclassified,unclassified
ZNF706,unclassified,unclassified
NCALD,unclassified,unclassified
UBR5,unclassified,unclassified
KLF10,unclassified,unclassified
AZIN1,unclassified,unclassified
DCAF13,unclassified,unclassified
OXR1,unclassified,Q1
EIF3E,unclassified,unclassified
EMC2,unclassified,unclassified
ENY2,unclassified,unclassified
EBAG9,unclassified,unclassified
EIF3H,unclassified,unclassified
UTP23,unclassified,unclassified
RAD21,unclassified,unclassified
MED30,unclassified,unclassified
MRPL13,unclassified,unclassified
DERL1,unclassified,unclassified
RNF139,unclassified,unclassified
TATDN1,unclassified,unclassified
NDUFB9,unclassified,unclassified
MTSS1,unclassified,unclassified
NSMCE2,unclassified,unclassified
LINC00861,unclassified,unclassified
FAM49B,unclassified,unclassified
EFR3A,unclassified,unclassified
TMEM71,unclassified,unclassified
PHF20L1,unclassified,unclassified
SLA,unclassified,unclassified
NDRG1,unclassified,unclassified
ST3GAL1,Q4,unclassified
CHRAC1,unclassified,unclassified
AGO2,unclassified,unclassified
DENND3,unclassified,unclassified
LY6E,unclassified,unclassified
GSDMD,unclassified,unclassified
NAPRT,unclassified,unclassified
EEF1D,unclassified,unclassified
TSTA3,unclassified,unclassified
PUF60,unclassified,unclassified
PARP10,unclassified,unclassified
GRINA,unclassified,unclassified
EXOSC4,unclassified,unclassified
GPAA1,unclassified,unclassified
CYC1,unclassified,unclassified
SHARPIN,unclassified,unclassified
MAF1,unclassified,unclassified
HSF1,unclassified,unclassified
SLC52A2,unclassified,unclassified
VPS28,unclassified,unclassified
CYHR1,unclassified,unclassified
RPL8,unclassified,unclassified
ZNF7,unclassified,unclassified
COMMD5,unclassified,unclassified
DOCK8,unclassified,unclassified
SMARCA2,unclassified,unclassified
PUM3,unclassified,unclassified
AK3,unclassified,unclassified
PLGRKT,unclassified,unclassified
KIAA2026,unclassified,unclassified
TMEM261,unclassified,Q4
PSIP1,unclassified,unclassified
RRAGA,unclassified,unclassified
PLIN2,unclassified,unclassified
RPS6,unclassified,unclassified
MLLT3,unclassified,unclassified
HACD4,unclassified,unclassified
TOPORS,unclassified,unclassified
TOPORS-AS1,unclassified,unclassified
NDUFB6,unclassified,unclassified
DNAJA1,unclassified,unclassified
SMU1,unclassified,unclassified
B4GALT1,unclassified,unclassified
BAG1,unclassified,unclassified
CHMP5,unclassified,unclassified
UBE2R2,unclassified,unclassified
UBAP1,unclassified,unclassified
RPP25L,unclassified,unclassified
DCTN3,unclassified,unclassified
GALT,unclassified,unclassified
VCP,unclassified,unclassified
STOML2,unclassified,unclassified
CCDC107,unclassified,unclassified
TLN1,unclassified,unclassified
CREB3,unclassified,unclassified
HINT2,unclassified,unclassified
GLIPR2,Q3,unclassified
CLTA,unclassified,unclassified
EBLN3,unclassified,unclassified
ZCCHC7,unclassified,unclassified
GRHPR,unclassified,unclassified
TOMM5,unclassified,unclassified
EXOSC3,unclassified,unclassified
DCAF10,unclassified,unclassified
FXN,unclassified,unclassified
PTAR1,unclassified,unclassified
SMC5,unclassified,unclassified
KLF9,unclassified,unclassified
TMEM2,unclassified,unclassified
ZFAND5,unclassified,unclassified
ANXA1,Q3_NK_indeterminate,Q3_NK_indeterminate
NMRK1,unclassified,unclassified
OSTF1,unclassified,unclassified
VPS13A,unclassified,unclassified
GNAQ,unclassified,unclassified
CEP78,unclassified,unclassified
TLE4,unclassified,unclassified
TLE1,unclassified,unclassified
UBQLN1,unclassified,unclassified
HNRNPK,unclassified,unclassified
ISCA1,unclassified,unclassified
ZCCHC6,unclassified,unclassified
CTSL,unclassified,unclassified
CKS2,Q3,unclassified
SECISBP2,unclassified,Q1
SEMA4D,unclassified,unclassified
SYK,unclassified,unclassified
IARS,unclassified,unclassified
NOL8,unclassified,unclassified
FGD3,unclassified,unclassified
CARD19,unclassified,unclassified
NINJ1,Q3,unclassified
FAM120AOS,unclassified,unclassified
FAM120A,unclassified,unclassified
FBP1,Q3_NK_indeterminate,unclassified
AAED1,unclassified,unclassified
XPA,unclassified,unclassified
ANP32B,unclassified,unclassified
NANS,unclassified,unclassified
SEC61B,unclassified,unclassified
NR4A3,unclassified,unclassified
ERP44,unclassified,unclassified
MRPL50,unclassified,unclassified
SMC2,unclassified,unclassified
RAD23B,unclassified,unclassified
KLF4,unclassified,unclassified
TMEM245,unclassified,unclassified
TXN,unclassified,unclassified
UGCG,unclassified,unclassified
PTBP3,unclassified,unclassified
INIP,unclassified,unclassified
CDC26,unclassified,unclassified
POLE3,unclassified,unclassified
RGS3,unclassified,unclassified
AKNA,unclassified,unclassified
ATP6V1G1,unclassified,unclassified
FBXW2,unclassified,unclassified
PSMD5-AS1,unclassified,unclassified
CNTRL,unclassified,unclassified
RAB14,unclassified,unclassified
GSN,unclassified,unclassified
STOM,unclassified,unclassified
NDUFA8,unclassified,unclassified
RBM18,unclassified,unclassified
PDCL,unclassified,unclassified
PSMB7,unclassified,unclassified
RPL35,unclassified,unclassified
ARPC5L,unclassified,unclassified
PPP6C,unclassified,unclassified
HSPA5,unclassified,unclassified
GAPVD1,unclassified,unclassified
MAPKAP1,unclassified,unclassified
ZBTB43,unclassified,unclassified
RPL12,unclassified,unclassified
PTRH1,unclassified,unclassified
CDK9,unclassified,unclassified
FPGS,unclassified,unclassified
ST6GALNAC6,unclassified,unclassified
DPM2,unclassified,unclassified
PTGES2,unclassified,unclassified
C9orf16,unclassified,unclassified
GOLGA2,unclassified,unclassified
COQ4,unclassified,unclassified
URM1,unclassified,unclassified
SPTAN1,unclassified,unclassified
SET,unclassified,unclassified
ZDHHC12,unclassified,unclassified
NTMT1,unclassified,unclassified
TOR1A,unclassified,unclassified
C9orf78,unclassified,unclassified
FNBP1,unclassified,unclassified
PRRC2B,unclassified,unclassified
RAPGEF1,unclassified,unclassified
SETX,unclassified,unclassified
TTF1,unclassified,unclassified
GTF3C5,unclassified,unclassified
RALGDS,unclassified,unclassified
RPL7A,unclassified,unclassified
SURF1,unclassified,unclassified
SURF2,unclassified,unclassified
SURF4,unclassified,unclassified
BRD3,unclassified,unclassified
PMPCA,unclassified,unclassified
AGPAT2,unclassified,unclassified
SNHG7,unclassified,unclassified
TMEM141,unclassified,unclassified
PHPT1,unclassified,unclassified
EDF1,unclassified,unclassified
FBXW5,unclassified,unclassified
PTGDS,unclassified,unclassified
C9orf142,unclassified,unclassified
CLIC3,unclassified,unclassified
DPP7,unclassified,unclassified
SSNA1,unclassified,unclassified
TUBB4B,unclassified,unclassified
MRPL41,unclassified,unclassified
ARRDC1,unclassified,unclassified
EHMT1,unclassified,unclassified
RIC8A,unclassified,unclassified
PSMD13,unclassified,unclassified
IFITM2,unclassified,unclassified
IFITM1,unclassified,unclassified
IFITM3,unclassified,unclassified
SIGIRR,unclassified,unclassified
RNH1,unclassified,unclassified
RASSF7,unclassified,unclassified
IRF7,unclassified,unclassified
TMEM80,unclassified,unclassified
TALDO1,unclassified,unclassified
RPLP2,unclassified,unclassified
PNPLA2,unclassified,unclassified
CD151,unclassified,unclassified
POLR2L,unclassified,unclassified
TSPAN4,unclassified,unclassified
CHID1,unclassified,unclassified
TOLLIP,unclassified,unclassified
MOB2,unclassified,unclassified
CTSD,unclassified,unclassified
LSP1,unclassified,unclassified
MRPL23,unclassified,unclassified
ASCL2,unclassified,unclassified
C11orf21,unclassified,unclassified
TSPAN32,unclassified,unclassified
CD81,unclassified,unclassified
TSSC4,unclassified,unclassified
KCNQ1OT1,unclassified,unclassified
NAP1L4,unclassified,unclassified
CARS,unclassified,unclassified
OSBPL5,Q3,Q3
NUP98,unclassified,unclassified
RHOG,unclassified,unclassified
TRIM22,unclassified,unclassified
ARFIP2,unclassified,unclassified
TIMM10B,unclassified,unclassified
TIMM10B,unclassified,unclassified
TIMM10B,unclassified,unclassified
TIMM10B,unclassified,unclassified
ILK,unclassified,unclassified
TAF10,unclassified,unclassified
TPP1,unclassified,unclassified
EIF3F,unclassified,unclassified
RPL27A,unclassified,unclassified
TMEM9B,unclassified,unclassified
TMEM41B,unclassified,unclassified
SBF2,unclassified,unclassified
MTRNR2L8,unclassified,unclassified
CTR9,unclassified,unclassified
EIF4G2,unclassified,unclassified
USP47,unclassified,unclassified
FAR1,unclassified,unclassified
RRAS2,unclassified,unclassified
COPB1,unclassified,unclassified
PSMA1,unclassified,unclassified
C11orf58,unclassified,unclassified
RPS13,unclassified,unclassified
PIK3C2A,unclassified,unclassified
NUCB2,unclassified,unclassified
LDHA,unclassified,unclassified
TSG101,unclassified,unclassified
SPTY2D1,unclassified,unclassified
HTATIP2,unclassified,unclassified
SVIP,unclassified,unclassified
METTL15,unclassified,unclassified
ARL14EP,unclassified,unclassified
IMMP1L,unclassified,unclassified
RCN1,unclassified,unclassified
EIF3M,unclassified,unclassified
CSTF3,unclassified,unclassified
HIPK3,unclassified,unclassified
CD59,unclassified,unclassified
FBXO3,unclassified,unclassified
CAPRIN1,unclassified,unclassified
CAT,unclassified,unclassified
APIP,unclassified,unclassified
CD44,unclassified,unclassified
TRIM44,unclassified,unclassified
COMMD9,unclassified,unclassified
PRR5L,unclassified,unclassified
API5,unclassified,unclassified
TTC17,unclassified,unclassified
HSD17B12,unclassified,unclassified
PEX16,unclassified,unclassified
DGKZ,unclassified,unclassified
ARFGAP2,unclassified,unclassified
DDB2,unclassified,unclassified
SPI1,unclassified,unclassified
PSMC3,unclassified,unclassified
CELF1,unclassified,unclassified
NDUFS3,unclassified,unclassified
MTCH2,unclassified,unclassified
FNBP4,unclassified,unclassified
NUP160,unclassified,unclassified
PTPRJ,unclassified,unclassified
SSRP1,unclassified,unclassified
TIMM10,unclassified,unclassified
UBE2L6,unclassified,unclassified
MED19,unclassified,unclassified
TMX2,unclassified,unclassified
C11orf31,unclassified,unclassified
LPXN,unclassified,unclassified
FAM111A,unclassified,unclassified
MRPL16,unclassified,unclassified
MS4A6A,unclassified,unclassified
MS4A7,unclassified,unclassified
PRPF19,unclassified,unclassified
TMEM109,unclassified,unclassified
CD6,unclassified,unclassified
DDB1,unclassified,unclassified
CYB561A3,unclassified,unclassified
TMEM138,unclassified,unclassified
CPSF7,unclassified,unclassified
SDHAF2,unclassified,unclassified
TMEM258,unclassified,unclassified
FTH1,unclassified,unclassified
SCGB1A1,unclassified,unclassified
AHNAK,Q3_NK_indeterminate,Q3_NK_indeterminate
B3GAT3,unclassified,unclassified
GANAB,unclassified,unclassified
UQCC3,unclassified,unclassified
UBXN1,unclassified,unclassified
POLR2G,unclassified,unclassified
TMEM223,unclassified,unclassified
TMEM179B,unclassified,unclassified
NXF1,unclassified,unclassified
STX5,unclassified,unclassified
WDR74,unclassified,unclassified
SLC3A2,unclassified,unclassified
RARRES3,unclassified,unclassified
PLA2G16,Q4,unclassified
ATL3,unclassified,unclassified
RTN3,unclassified,unclassified
COX8A,unclassified,unclassified
OTUB1,unclassified,unclassified
STIP1,unclassified,unclassified
FERMT3,unclassified,unclassified
NUDT22,unclassified,unclassified
DNAJC4,unclassified,unclassified
FKBP2,unclassified,unclassified
BAD,unclassified,unclassified
TRMT112,unclassified,unclassified
PRDX5,unclassified,unclassified
CCDC88B,unclassified,unclassified
RASGRP2,unclassified,unclassified
SF1,unclassified,unclassified
EHD1,unclassified,unclassified
ATG2A,unclassified,unclassified
ARL2,unclassified,unclassified
NAALADL1,unclassified,unclassified
VPS51,unclassified,unclassified
FAU,unclassified,unclassified
CAPN1,unclassified,unclassified
DPF2,unclassified,unclassified
SLC25A45,unclassified,unclassified
NEAT1,unclassified,unclassified
MALAT1,unclassified,unclassified
SCYL1,unclassified,unclassified
SSSCA1,unclassified,unclassified
FAM89B,unclassified,unclassified
SIPA1,unclassified,unclassified
MAP3K11,unclassified,unclassified
RELA,unclassified,unclassified
KAT5,unclassified,unclassified
RNASEH2C,unclassified,unclassified
CFL1,unclassified,unclassified
CTSW,Q3,unclassified
FIBP,unclassified,unclassified
CCDC85B,unclassified,unclassified
DRAP1,unclassified,unclassified
SART1,unclassified,unclassified
BANF1,unclassified,unclassified
CATSPER1,unclassified,unclassified
SF3B2,unclassified,unclassified
PACS1,unclassified,unclassified
RAB1B,unclassified,unclassified
YIF1A,unclassified,unclassified
BRMS1,unclassified,unclassified
MRPL11,unclassified,unclassified
ZDHHC24,unclassified,unclassified
CCS,unclassified,unclassified
RBM14,unclassified,unclassified
RBM4,unclassified,unclassified
KDM2A,unclassified,unclassified
ADRBK1,unclassified,unclassified
ANKRD13D,unclassified,unclassified
RAD9A,unclassified,unclassified
PPP1CA,unclassified,unclassified
TBC1D10C,unclassified,unclassified
RPS6KB2,unclassified,unclassified
CORO1B,unclassified,unclassified
TMEM134,unclassified,unclassified
AIP,unclassified,unclassified
CDK2AP2,unclassified,unclassified
GSTP1,unclassified,unclassified
NDUFV1,unclassified,unclassified
NDUFS8,unclassified,unclassified
TCIRG1,unclassified,unclassified
KMT5B,unclassified,unclassified
PPP6R3,unclassified,unclassified
MRPL21,unclassified,unclassified
RP11-660L16.2,unclassified,unclassified
NADSYN1,unclassified,unclassified
NUMA1,unclassified,unclassified
LAMTOR1,unclassified,unclassified
ANAPC15,unclassified,unclassified
ATG16L2,unclassified,unclassified
RAB6A,unclassified,unclassified
MRPL48,unclassified,unclassified
COA4,unclassified,unclassified
UCP2,unclassified,unclassified
SPCS2,unclassified,unclassified
RPS3,unclassified,unclassified
UVRAG,unclassified,unclassified
CLNS1A,unclassified,unclassified
RSF1,unclassified,unclassified
NDUFC2,unclassified,unclassified
PRCP,unclassified,unclassified
RAB30-AS1,unclassified,unclassified
PCF11,unclassified,unclassified
CCDC90B,unclassified,unclassified
TMEM126B,unclassified,unclassified
TMEM126A,unclassified,unclassified
CREBZF,unclassified,unclassified
SYTL2,unclassified,unclassified
PICALM,unclassified,unclassified
C11orf73,unclassified,unclassified
PRSS23,unclassified,unclassified
CTSC,unclassified,unclassified
CHORDC1,unclassified,unclassified
SMCO4,unclassified,unclassified
TAF1D,unclassified,unclassified
MED17,unclassified,unclassified
ANKRD49,unclassified,unclassified
CWC15,unclassified,unclassified
SRSF8,unclassified,unclassified
CEP57,unclassified,unclassified
CCDC82,unclassified,unclassified
BIRC3,unclassified,unclassified
BIRC2,unclassified,unclassified
TMEM123,unclassified,unclassified
DCUN1D5,unclassified,unclassified
CASP4,unclassified,unclassified
CASP1,unclassified,unclassified
CARD16,unclassified,unclassified
AASDHPPT,unclassified,unclassified
CWF19L2,unclassified,unclassified
CUL5,unclassified,unclassified
ACAT1,unclassified,unclassified
ATM,unclassified,unclassified
RDX,unclassified,unclassified
FDX1,unclassified,unclassified
TIMM8B,unclassified,unclassified
SDHD,unclassified,unclassified
PTS,unclassified,unclassified
USP28,unclassified,unclassified
ZBTB16,unclassified,unclassified
RBM7,unclassified,unclassified
REXO2,unclassified,unclassified
ZPR1,unclassified,unclassified
PAFAH1B2,unclassified,unclassified
PCSK7,unclassified,unclassified
IL10RA,unclassified,unclassified
JAML,unclassified,unclassified
UBE4A,unclassified,unclassified
ATP5L,unclassified,unclassified
KMT2A,unclassified,unclassified
ARCN1,unclassified,unclassified
DDX6,unclassified,unclassified
RPS25,unclassified,unclassified
TRAPPC4,unclassified,unclassified
H2AFX,unclassified,unclassified
SC5D,unclassified,unclassified
SORL1,unclassified,unclassified
CRTAM,unclassified,unclassified
HSPA8,unclassified,unclassified
TBRG1,unclassified,unclassified
EI24,unclassified,unclassified
SRPRA,unclassified,unclassified
DCPS,unclassified,unclassified
ETS1,unclassified,unclassified
FLI1,unclassified,unclassified
APLP2,unclassified,unclassified
ZBTB44,unclassified,unclassified
VPS26B,unclassified,unclassified
THYN1,unclassified,unclassified
ZMYND11,unclassified,unclassified
GTPBP4,unclassified,unclassified
IDI1,unclassified,unclassified
WDR37,unclassified,unclassified
PFKP,Q1,unclassified
KLF6,unclassified,unclassified
AKR1C3,unclassified,unclassified
AKR1C3,unclassified,unclassified
AKR1C3,unclassified,unclassified
AKR1C3,unclassified,unclassified
GDI2,unclassified,unclassified
RBM17,unclassified,unclassified
PFKFB3,unclassified,unclassified
KIN,unclassified,unclassified
ATP5C1,unclassified,unclassified
TAF3,unclassified,unclassified
GATA3,unclassified,unclassified
CELF2,unclassified,unclassified
UPF2,unclassified,unclassified
NUDT5,unclassified,unclassified
CDC123,unclassified,unclassified
OPTN,unclassified,unclassified
PRPF18,unclassified,unclassified
FAM107B,unclassified,unclassified
DCLRE1C,unclassified,unclassified
RPP38,unclassified,unclassified
RSU1,unclassified,unclassified
VIM,Q4,unclassified
MRC1,unclassified,unclassified
ARL5B,unclassified,unclassified
DNAJC1,unclassified,unclassified
COMMD3,unclassified,unclassified
PIP4K2A,unclassified,unclassified
APBB1IP,unclassified,unclassified
ABI1,unclassified,unclassified
YME1L1,unclassified,unclassified
RAB18,unclassified,unclassified
WAC-AS1,unclassified,unclassified
WAC,unclassified,unclassified
MAP3K8,unclassified,unclassified
KIF5B,unclassified,unclassified
EPC1,unclassified,unclassified
ITGB1,unclassified,unclassified
CREM,unclassified,unclassified
CCNY,unclassified,unclassified
ZNF33A,unclassified,unclassified
BMS1,unclassified,unclassified
CSGALNACT2,unclassified,unclassified
HNRNPF,unclassified,unclassified
ZNF32,unclassified,unclassified
RASSF4,unclassified,unclassified
ZNF22,unclassified,unclassified
NCOA4,unclassified,unclassified
CSTF2T,unclassified,unclassified
CISD1,unclassified,unclassified
UBE2D1,unclassified,unclassified
TFAM,unclassified,unclassified
ARID5B,unclassified,unclassified
NRBF2,unclassified,unclassified
JMJD1C,unclassified,unclassified
HERC4,unclassified,unclassified
HNRNPH3,unclassified,unclassified
CCAR1,unclassified,unclassified
DDX50,unclassified,unclassified
DDX21,unclassified,unclassified
SRGN,unclassified,unclassified
VPS26A,unclassified,unclassified
HK1,unclassified,unclassified
SAR1A,unclassified,unclassified
PPA1,unclassified,unclassified
EIF4EBP2,unclassified,unclassified
PRF1,Q3,unclassified
PCBD1,unclassified,unclassified
C10orf54,unclassified,unclassified
PSAP,unclassified,unclassified
SPOCK2,unclassified,unclassified
ANAPC16,unclassified,unclassified
DDIT4,unclassified,unclassified
DNAJB12,unclassified,unclassified
DNAJC9,unclassified,unclassified
MRPS16,unclassified,unclassified
ANXA7,unclassified,unclassified
CHCHD1,unclassified,Q4
CAMK2G,unclassified,unclassified
VCL,unclassified,unclassified
AP3M1,unclassified,unclassified
KAT6B,unclassified,unclassified
VDAC2,unclassified,unclassified
COMTD1,unclassified,unclassified
RPS24,unclassified,unclassified
SFTPA2,unclassified,unclassified
SFTPA1,unclassified,unclassified
NUTM2B-AS1,unclassified,unclassified
ANXA11,unclassified,unclassified
TSPAN14,unclassified,unclassified
GHITM,unclassified,unclassified
CCSER2,unclassified,unclassified
WAPL,unclassified,unclassified
GLUD1,unclassified,Q4
ATAD1,unclassified,unclassified
PTEN,unclassified,unclassified
LIPA,unclassified,unclassified
KIF20B,unclassified,unclassified
RPP30,unclassified,unclassified
PCGF5,unclassified,unclassified
TNKS2,unclassified,unclassified
MARCH5,unclassified,unclassified
FRA10AC1,unclassified,unclassified
PDLIM1,Q4,unclassified
TCTN3,unclassified,unclassified
ZNF518A,unclassified,unclassified
TM9SF3,unclassified,unclassified
PIK3AP1,unclassified,unclassified
LCOR,unclassified,unclassified
PGAM1,unclassified,unclassified
EXOSC1,unclassified,unclassified
HPS1,unclassified,unclassified
CUTC,unclassified,unclassified
BLOC1S2,unclassified,unclassified
NDUFB8,unclassified,unclassified
MRPL43,unclassified,unclassified
MGEA5,unclassified,unclassified
NOLC1,unclassified,unclassified
NFKB2,unclassified,unclassified
FBXL15,unclassified,unclassified
CUEDC2,unclassified,unclassified
ACTR1A,unclassified,unclassified
BORCS7,unclassified,unclassified
USMG5,unclassified,unclassified
OBFC1,unclassified,unclassified
SLK,unclassified,unclassified
GSTO1,unclassified,unclassified
ITPRIP,unclassified,unclassified
ADD3,unclassified,unclassified
SMNDC1,unclassified,unclassified
SMC3,unclassified,unclassified
PDCD4,unclassified,unclassified
BBIP1,unclassified,unclassified
SHOC2,unclassified,unclassified
ZDHHC6,unclassified,unclassified
CCDC186,unclassified,unclassified
FAM204A,unclassified,unclassified
CACUL1,unclassified,unclassified
EIF3A,unclassified,unclassified
FAM45A,unclassified,unclassified
PRDX3,unclassified,unclassified
RGS10,unclassified,unclassified
TIAL1,unclassified,unclassified
MCMBP,unclassified,unclassified
WDR11,unclassified,unclassified
NSMCE4A,unclassified,unclassified
PLEKHA1,unclassified,unclassified
BUB3,unclassified,unclassified
OAT,unclassified,unclassified
FAM53B,unclassified,unclassified
CTBP2,unclassified,unclassified
UROS,unclassified,unclassified
BCCIP,unclassified,unclassified
PTPRE,unclassified,unclassified
MGMT,unclassified,unclassified
GLRX3,unclassified,unclassified
BNIP3,unclassified,unclassified
ADAM8,unclassified,unclassified
TUBGCP2,unclassified,unclassified
ZNF511,unclassified,unclassified
FUOM,unclassified,unclassified
ECHS1,unclassified,unclassified
KDM5A,unclassified,unclassified
WNK1,unclassified,unclassified
ADIPOR2,unclassified,unclassified
FKBP4,unclassified,unclassified
ITFG2,unclassified,unclassified
CCND2,Q4,Q4
NDUFA9,unclassified,unclassified
CD9,unclassified,unclassified
TNFRSF1A,unclassified,unclassified
TAPBPL,unclassified,unclassified
MRPL51,unclassified,unclassified
GAPDH,unclassified,unclassified
CHD4,unclassified,unclassified
ING4,unclassified,unclassified
MLF2,unclassified,unclassified
PTMS,unclassified,unclassified
TPI1,unclassified,unclassified
C12orf57,unclassified,unclassified
PTPN6,unclassified,unclassified
PHB2,unclassified,unclassified
EMG1,unclassified,unclassified
SLC2A3,unclassified,unclassified
NECAP1,unclassified,unclassified
M6PR,unclassified,unclassified
KLRG1,unclassified,Q4
KLRB1,unclassified,unclassified
CLEC2D,unclassified,unclassified
CD69,unclassified,unclassified
CLEC2B,unclassified,unclassified
OLR1,unclassified,unclassified
GABARAPL1,unclassified,unclassified
KLRC1,unclassified,unclassified
MAGOHB,unclassified,unclassified
YBX3,unclassified,unclassified
PRR4,unclassified,unclassified
SMIM10L1,unclassified,unclassified
BORCS5,unclassified,unclassified
CDKN1B,unclassified,unclassified
HEBP1,unclassified,unclassified
ATF7IP,unclassified,unclassified
H2AFJ,unclassified,unclassified
WBP11,unclassified,unclassified
ARHGDIB,unclassified,unclassified
STRAP,unclassified,unclassified
DERA,unclassified,unclassified
MGST1,unclassified,unclassified
RECQL,unclassified,unclassified
GOLT1B,unclassified,unclassified
LDHB,unclassified,unclassified
CMAS,unclassified,unclassified
ETNK1,unclassified,unclassified
LRMP,unclassified,unclassified
LYRM5,unclassified,unclassified
KRAS,unclassified,unclassified
ITPR2,unclassified,unclassified
FGFR1OP2,unclassified,unclassified
TM7SF3,unclassified,unclassified
MED21,unclassified,unclassified
MRPS35,unclassified,unclassified
CCDC91,unclassified,unclassified
ERGIC2,unclassified,unclassified
FAM60A,Q4_attenuated,unclassified
KIAA1551,unclassified,unclassified
DNM1L,unclassified,unclassified
GXYLT1,unclassified,unclassified
YAF2,unclassified,unclassified
PPHLN1,unclassified,unclassified
ZCRB1,unclassified,unclassified
PUS7L,unclassified,unclassified
IRAK4,unclassified,unclassified
RP11-352M15.2,unclassified,unclassified
ARID2,unclassified,unclassified
SCAF11,unclassified,unclassified
SLC38A1,unclassified,unclassified
SLC38A2,unclassified,unclassified
TMEM106C,unclassified,unclassified
ASB8,unclassified,unclassified
CCNT1,unclassified,unclassified
DDX23,unclassified,unclassified
FKBP11,unclassified,Q4
ARF3,unclassified,unclassified
PRKAG1,unclassified,unclassified
TUBA1B,unclassified,unclassified
TUBA1A,unclassified,unclassified
TUBA1C,unclassified,unclassified
MCRS1,unclassified,unclassified
TMBIM6,unclassified,unclassified
COX14,unclassified,unclassified
CERS5,unclassified,unclassified
ATF1,unclassified,unclassified
LETMD1,unclassified,unclassified
DAZAP2,unclassified,unclassified
BIN2,unclassified,unclassified
NR4A1,unclassified,unclassified
ATG101,unclassified,unclassified
EIF4B,unclassified,unclassified
ITGB7,unclassified,unclassified
PFDN5,unclassified,unclassified
C12orf10,unclassified,unclassified
PRR13,unclassified,unclassified
PCBP2,unclassified,unclassified
ATP5G2,unclassified,unclassified
CALCOCO1,unclassified,unclassified
CBX5,unclassified,unclassified
HNRNPA1,unclassified,unclassified
COPZ1,unclassified,unclassified
NCKAP1L,unclassified,unclassified
BLOC1S1,unclassified,unclassified
CD63,unclassified,unclassified
ORMDL2,unclassified,unclassified
PYM1,unclassified,unclassified
RPS26,unclassified,unclassified
PA2G4,unclassified,unclassified
RPL41,unclassified,unclassified
ESYT1,unclassified,unclassified
MYL6,unclassified,unclassified
SMARCC2,unclassified,unclassified
NABP2,unclassified,unclassified
CNPY2,unclassified,unclassified
STAT2,unclassified,unclassified
BAZ2A,unclassified,unclassified
ATP5B,unclassified,unclassified
PTGES3,unclassified,unclassified
NACA,unclassified,unclassified
STAT6,unclassified,unclassified
R3HDM2,unclassified,unclassified
ARHGAP9,unclassified,unclassified
MARS,unclassified,unclassified
DDIT3,unclassified,unclassified
DCTN2,unclassified,unclassified
OS9,unclassified,unclassified
TSPAN31,unclassified,unclassified
CDK4,unclassified,unclassified
CTDSP2,unclassified,unclassified
USP15,unclassified,unclassified
TBK1,unclassified,unclassified
RASSF3,unclassified,unclassified
LLPH,unclassified,unclassified
TMBIM4,unclassified,unclassified
TMBIM4,unclassified,unclassified
TMBIM4,unclassified,unclassified
TMBIM4,unclassified,unclassified
HELB,unclassified,unclassified
CAND1,unclassified,unclassified
IFNG,unclassified,unclassified
RP11-81H14.2,unclassified,unclassified
RAP1B,unclassified,unclassified
NUP107,unclassified,unclassified
SLC35E3,unclassified,unclassified
MDM2,unclassified,unclassified
CPM,unclassified,unclassified
CPSF6,unclassified,unclassified
RP11-1143G9.4,unclassified,unclassified
YEATS4,unclassified,unclassified
CCT2,unclassified,unclassified
CNOT2,unclassified,unclassified
ZFC3H1,unclassified,unclassified
RAB21,unclassified,unclassified
TBC1D15,unclassified,unclassified
ATXN7L3B,unclassified,unclassified
GLIPR1,unclassified,unclassified
KRR1,unclassified,unclassified
PHLDA1,unclassified,unclassified
NAP1L1,unclassified,unclassified
OSBPL8,unclassified,unclassified
PPP1R12A,unclassified,unclassified
CCDC59,unclassified,unclassified
DUSP6,unclassified,unclassified
ATP2B1,unclassified,unclassified
LINC00936,unclassified,unclassified
BTG1,unclassified,unclassified
RP11-796E2.4,Q3,Q3
NUDT4,unclassified,unclassified
UBE2N,unclassified,unclassified
MRPL42,unclassified,unclassified
SOCS2,unclassified,unclassified
NDUFA12,unclassified,unclassified
VEZT,unclassified,unclassified
METAP2,unclassified,unclassified
SNRPF,unclassified,unclassified
LTA4H,unclassified,unclassified
CDK17,unclassified,unclassified
TMPO,unclassified,unclassified
SLC25A3,unclassified,unclassified
IKBIP,unclassified,unclassified
ACTR6,unclassified,unclassified
ARL1,unclassified,unclassified
GNPTAB,unclassified,unclassified
CCDC53,unclassified,unclassified
HSP90B1,unclassified,unclassified
TDG,unclassified,unclassified
NFYB,unclassified,unclassified
TXNRD1,unclassified,unclassified
CHST11,unclassified,unclassified
KIAA1033,unclassified,unclassified
C12orf75,unclassified,unclassified
TMEM263,unclassified,unclassified
PWP1,unclassified,unclassified
ISCU,unclassified,unclassified
SELPLG,unclassified,unclassified
CORO1C,unclassified,unclassified
KCTD10,unclassified,unclassified
MMAB,unclassified,unclassified
GLTP,unclassified,unclassified
GIT2,unclassified,unclassified
ANKRD13A,unclassified,unclassified
ATP2A2,unclassified,unclassified
ARPC3,unclassified,unclassified
GPN3,unclassified,unclassified
VPS29,unclassified,unclassified
PPP1CC,unclassified,unclassified
ATXN2,unclassified,unclassified
ALDH2,unclassified,unclassified
MAPKAPK5-AS1,unclassified,unclassified
MAPKAPK5,unclassified,unclassified
ERP29,unclassified,unclassified
RPL6,unclassified,unclassified
OAS1,unclassified,Q3
DDX54,unclassified,unclassified
MED13L,unclassified,unclassified
C12orf49,unclassified,unclassified
FBXO21,unclassified,unclassified
PEBP1,unclassified,unclassified
TAOK3,unclassified,unclassified
SUDS3,unclassified,unclassified
RAB35,unclassified,unclassified
RPLP0,unclassified,unclassified
PXN,unclassified,unclassified
COX6A1,unclassified,unclassified
TRIAP1,unclassified,unclassified
SRSF9,unclassified,unclassified
DYNLL1,unclassified,unclassified
RNF10,unclassified,unclassified
POP5,unclassified,unclassified
MLEC,unclassified,unclassified
P2RX4,unclassified,unclassified
ANAPC5,unclassified,unclassified
RNF34,unclassified,unclassified
ORAI1,unclassified,unclassified
TMEM120B,unclassified,unclassified
RHOF,unclassified,unclassified
MLXIP,unclassified,unclassified
CLIP1,unclassified,unclassified
RSRC2,unclassified,unclassified
DENR,unclassified,unclassified
VPS37B,unclassified,unclassified
ARL6IP4,unclassified,unclassified
MPHOSPH9,unclassified,unclassified
C12orf65,unclassified,unclassified
SBNO1,unclassified,unclassified
RILPL2,unclassified,unclassified
SNRNP35,unclassified,unclassified
TMED2,unclassified,unclassified
EIF2B1,unclassified,unclassified
UBC,unclassified,unclassified
SLC15A4,unclassified,unclassified
RAN,unclassified,unclassified
SFSWAP,unclassified,unclassified
ANKLE2,unclassified,unclassified
CHFR,unclassified,unclassified
MPHOSPH8,unclassified,unclassified
PSPC1,unclassified,unclassified
ZMYM5,unclassified,unclassified
ZMYM2,unclassified,unclassified
SAP18,unclassified,unclassified
MRPL57,unclassified,unclassified
ZDHHC20,unclassified,unclassified
MICU2,unclassified,unclassified
SPATA13,unclassified,unclassified
SPATA13,unclassified,unclassified
SPATA13,unclassified,unclassified
SPATA13,unclassified,unclassified
PARP4,unclassified,unclassified
MTMR6,unclassified,unclassified
NUP58,unclassified,unclassified
RPL21,unclassified,unclassified
GTF3A,unclassified,unclassified
MTIF3,unclassified,unclassified
POLR1D,unclassified,unclassified
PAN3,unclassified,unclassified
POMP,unclassified,unclassified
UBL3,unclassified,unclassified
HMGB1,unclassified,unclassified
ALOX5AP,unclassified,unclassified
HSPH1,unclassified,unclassified
N4BP2L1,unclassified,unclassified
N4BP2L2,unclassified,unclassified
PDS5B,unclassified,unclassified
SPG20,unclassified,unclassified
ALG5,unclassified,unclassified
EXOSC8,unclassified,unclassified
SUPT20H,unclassified,unclassified
UFM1,unclassified,unclassified
NHLRC3,unclassified,unclassified
MRPS31,unclassified,unclassified
ELF1,unclassified,unclassified
WBP4,unclassified,unclassified
NAA16,unclassified,unclassified
RGCC,unclassified,unclassified
EPSTI1,unclassified,Q4
DNAJC15,unclassified,unclassified
TSC22D1,unclassified,unclassified
GTF2F2,unclassified,unclassified
TPT1,unclassified,unclassified
TPT1-AS1,unclassified,unclassified
ZC3H13,unclassified,unclassified
LCP1,unclassified,unclassified
ESD,unclassified,unclassified
MED4,unclassified,unclassified
ITM2B,unclassified,unclassified
RB1,unclassified,unclassified
LPAR6,unclassified,unclassified
RCBTB2,unclassified,unclassified
FNDC3A,unclassified,unclassified
PHF11,unclassified,unclassified
EBPL,unclassified,unclassified
KPNA3,unclassified,unclassified
TRIM13,unclassified,unclassified
RNASEH2B,unclassified,unclassified
INTS6,unclassified,unclassified
VPS36,unclassified,unclassified
SUGT1,unclassified,unclassified
MZT1,unclassified,unclassified
KLF12,unclassified,unclassified
COMMD6,unclassified,unclassified
UCHL3,unclassified,unclassified
FBXL3,unclassified,unclassified
MYCBP2,unclassified,unclassified
RBM26,unclassified,unclassified
DNAJC3,unclassified,unclassified
STK24,unclassified,unclassified
UBAC2,unclassified,unclassified
GPR183,unclassified,unclassified
TM9SF2,unclassified,unclassified
TPP2,unclassified,unclassified
ERCC5,unclassified,unclassified
ARGLU1,unclassified,unclassified
TNFSF13B,unclassified,unclassified
IRS2,unclassified,unclassified
ANKRD10,unclassified,unclassified
PCID2,unclassified,unclassified
CUL4A,unclassified,unclassified
LAMP1,unclassified,unclassified
TMCO3,unclassified,unclassified
TFDP1,unclassified,unclassified
RASA3,unclassified,unclassified
CDC16,unclassified,unclassified
UPF3A,unclassified,unclassified
OSGEP,unclassified,unclassified
APEX1,unclassified,unclassified
TMEM55B,unclassified,unclassified
RNASE6,unclassified,unclassified
RNASE1,unclassified,unclassified
METTL17,unclassified,unclassified
HNRNPC,unclassified,unclassified
SUPT16H,unclassified,unclassified
TOX4,unclassified,unclassified
TRDC,unclassified,unclassified
TRAC,unclassified,unclassified
DAD1,unclassified,unclassified
OXA1L,unclassified,unclassified
MRPL52,unclassified,unclassified
LRP10,unclassified,unclassified
RBM23,unclassified,unclassified
PSMB5,unclassified,unclassified
ACIN1,unclassified,unclassified
C14orf119,unclassified,unclassified
PABPN1,unclassified,unclassified
NGDN,unclassified,unclassified
AP1G2,unclassified,unclassified
DCAF11,unclassified,unclassified
PSME1,unclassified,unclassified
PSME2,unclassified,unclassified
IRF9,unclassified,unclassified
CHMP4A,unclassified,unclassified
NEDD8,unclassified,unclassified
GMPR2,unclassified,unclassified
TINF2,unclassified,unclassified
RABGGTA,unclassified,unclassified
DHRS1,unclassified,unclassified
SDR39U1,unclassified,unclassified
GZMH,Q3,Q3
GZMB,unclassified,unclassified
SCFD1,unclassified,unclassified
HECTD1,unclassified,unclassified
SPTSSA,unclassified,unclassified
EAPP,unclassified,unclassified
SNX6,unclassified,unclassified
BAZ1A,unclassified,unclassified
SRP54,unclassified,unclassified
FAM177A1,unclassified,unclassified
PPP2R3C,unclassified,unclassified
PSMA6,unclassified,unclassified
NFKBIA,unclassified,unclassified
RALGAPA1,unclassified,unclassified
MBIP,unclassified,unclassified
SEC23A,unclassified,unclassified
PNN,unclassified,unclassified
KLHL28,unclassified,unclassified
FKBP3,unclassified,unclassified
MIS18BP1,unclassified,unclassified
RPS29,unclassified,unclassified
RPL36AL,unclassified,unclassified
MGAT2,unclassified,unclassified
KLHDC2,unclassified,unclassified
NEMF,unclassified,unclassified
RP11-596C23.2,unclassified,unclassified
ARF6,unclassified,unclassified
ATP5S,unclassified,unclassified
MAP4K5,unclassified,unclassified
NIN,unclassified,unclassified
TMX1,unclassified,unclassified
GNG2,unclassified,unclassified
C14orf166,unclassified,unclassified
PTGDR,unclassified,unclassified
PTGER2,Q3,unclassified
ERO1A,unclassified,unclassified
PSMC6,unclassified,unclassified
DDHD1,unclassified,unclassified
CNIH1,unclassified,unclassified
GMFB,unclassified,unclassified
GCH1,unclassified,unclassified
MAPK1IP1L,unclassified,unclassified
LGALS3,unclassified,unclassified
FBXO34,unclassified,unclassified
KTN1,unclassified,unclassified
EXOC5,unclassified,unclassified
AP5M1,unclassified,unclassified
ACTR10,unclassified,unclassified
PSMA3,unclassified,unclassified
PSMA3-AS1,unclassified,unclassified
ARID4A,unclassified,unclassified
TIMM9,unclassified,unclassified
DAAM1,unclassified,unclassified
JKAMP,unclassified,unclassified
PCNXL4,unclassified,unclassified
DHRS7,unclassified,unclassified
PPM1A,unclassified,unclassified
MNAT1,unclassified,unclassified
PRKCH,unclassified,unclassified
HIF1A,unclassified,unclassified
PPP2R5E,unclassified,unclassified
SYNE2,unclassified,unclassified
ZBTB1,unclassified,unclassified
CHURC1,unclassified,unclassified
MAX,unclassified,unclassified
ATP6V1D,unclassified,unclassified
EIF2S1,unclassified,unclassified
VTI1B,unclassified,unclassified
RDH11,unclassified,unclassified
ZFP36L1,unclassified,unclassified
DCAF5,unclassified,unclassified
ERH,unclassified,unclassified
SUSD6,unclassified,unclassified
SRSF5,unclassified,unclassified
SYNJ2BP,unclassified,unclassified
MED6,unclassified,unclassified
PCNX,unclassified,unclassified
RBM25,unclassified,unclassified
NUMB,unclassified,unclassified
ELMSAN1,unclassified,unclassified
ABCD4,unclassified,unclassified
NPC2,unclassified,unclassified
ISCA2,unclassified,unclassified
DLST,unclassified,unclassified
EIF2B2,unclassified,unclassified
ACYP1,unclassified,unclassified
TMED10,unclassified,unclassified
FOS,unclassified,unclassified
BATF,unclassified,unclassified
C14orf1,unclassified,unclassified
GPATCH2L,unclassified,unclassified
IRF2BPL,Q4,unclassified
AHSA1,unclassified,unclassified
SPTLC2,unclassified,unclassified
SLIRP,unclassified,unclassified
SNW1,unclassified,unclassified
SEL1L,unclassified,unclassified
GALC,unclassified,unclassified
GPR65,unclassified,unclassified
ZC3H14,unclassified,unclassified
FOXN3,unclassified,unclassified
PSMC1,unclassified,unclassified
CALM1,unclassified,unclassified
RPS6KA5,unclassified,unclassified
C14orf159,unclassified,unclassified
CCDC88C,unclassified,unclassified
PPP4R3A,unclassified,unclassified
TC2N,unclassified,unclassified
TRIP11,unclassified,unclassified
ATXN3,unclassified,unclassified
NDUFB1,unclassified,unclassified
RIN3,unclassified,unclassified
MOAP1,unclassified,unclassified
DDX24,unclassified,unclassified
IFI27,unclassified,unclassified
IFI27L2,unclassified,unclassified
SERPINA1,unclassified,unclassified
DICER1,unclassified,unclassified
GLRX5,unclassified,unclassified
PAPOLA,unclassified,unclassified
VRK1,unclassified,unclassified
BCL11B,unclassified,unclassified
SETD3,unclassified,unclassified
CCNK,unclassified,unclassified
EVL,unclassified,unclassified
YY1,unclassified,unclassified
WARS,Q4,unclassified
PPP2R5C,unclassified,unclassified
DYNC1H1,unclassified,unclassified
HSP90AA1,unclassified,unclassified
CINP,unclassified,unclassified
EIF5,unclassified,unclassified
MARK3,unclassified,unclassified
BAG5,unclassified,unclassified
KLC1,unclassified,unclassified
APOPT1,unclassified,unclassified
C14orf2,unclassified,unclassified
SIVA1,unclassified,unclassified
NUDT14,unclassified,unclassified
CRIP1,Q3_NK_indeterminate,unclassified
IGHA1,Q3,unclassified
IGHG1,Q3,unclassified
IGHG3,Q3,unclassified
NIPA2,unclassified,unclassified
SNRPN,unclassified,unclassified
UBE3A,unclassified,unclassified
HERC2,unclassified,unclassified
APBA2,unclassified,unclassified
NSMCE3,unclassified,unclassified
KLF13,unclassified,unclassified
EMC7,unclassified,unclassified
KATNBL1,unclassified,unclassified
EMC4,unclassified,unclassified
NOP10,unclassified,unclassified
GOLGA8B,unclassified,unclassified
RASGRP1,unclassified,unclassified
SRP14,unclassified,unclassified
C15orf57,unclassified,unclassified
RMDN3,unclassified,unclassified
GCHFR,unclassified,unclassified
CHP1,unclassified,unclassified
RTF1,unclassified,unclassified
EHD4,unclassified,unclassified
TMEM87A,unclassified,unclassified
ZNF106,unclassified,unclassified
SNAP23,unclassified,unclassified
UBR1,unclassified,unclassified
CCNDBP1,unclassified,unclassified
PDIA3,unclassified,unclassified
SERF2,unclassified,unclassified
MFAP1,unclassified,unclassified
CASC4,unclassified,unclassified
EIF3J,unclassified,unclassified
SPG11,unclassified,unclassified
PATL2,unclassified,unclassified
B2M,unclassified,unclassified
C15orf48,unclassified,unclassified
BLOC1S6,unclassified,unclassified
SQRDL,unclassified,unclassified
DUT,unclassified,unclassified
EID1,unclassified,unclassified
SECISBP2L,unclassified,unclassified
COPS2,unclassified,unclassified
GABPB1,unclassified,unclassified
GABPB1-AS1,unclassified,unclassified
USP8,unclassified,unclassified
TRPM7,unclassified,unclassified
SPPL2A,unclassified,unclassified
LYSMD2,unclassified,unclassified
TMOD3,unclassified,unclassified
ARPP19,unclassified,unclassified
RSL24D1,unclassified,unclassified
RAB27A,unclassified,unclassified
PIGBOS1,unclassified,unclassified
CCPG1,unclassified,unclassified
ADAM10,unclassified,unclassified
FAM63B,unclassified,unclassified
SLTM,unclassified,unclassified
GTF2A2,unclassified,unclassified
BNIP2,unclassified,unclassified
ANXA2,Q4,unclassified
RORA,unclassified,unclassified
VPS13C,unclassified,unclassified
TPM1,unclassified,unclassified
RPS27L,unclassified,unclassified
RAB8B,unclassified,unclassified
USP3,unclassified,unclassified
HERC1,unclassified,unclassified
FAM96A,unclassified,unclassified
SNX1,unclassified,unclassified
PPIB,unclassified,unclassified
KIAA0101,unclassified,Q3
OAZ2,unclassified,unclassified
SPG21,unclassified,unclassified
PDCD7,unclassified,unclassified
DPP8,unclassified,unclassified
HACD3,unclassified,unclassified
RAB11A,unclassified,unclassified
MAP2K1,unclassified,unclassified
SNAPC5,unclassified,unclassified
RPL4,unclassified,unclassified
C15orf61,unclassified,unclassified
PIAS1,unclassified,unclassified
ANP32A,unclassified,unclassified
RPLP1,unclassified,unclassified
PKM,unclassified,unclassified
HEXA,unclassified,unclassified
ARIH1,unclassified,unclassified
ADPGK,unclassified,unclassified
UBL7,unclassified,unclassified
CLK3,unclassified,unclassified
CSK,unclassified,unclassified
SCAMP2,unclassified,unclassified
COX5A,unclassified,unclassified
COMMD4,unclassified,unclassified
IMP3,unclassified,unclassified
UBE2Q2,unclassified,unclassified
ETFA,unclassified,unclassified
SCAPER,unclassified,unclassified
RCN2,unclassified,unclassified
PSTPIP1,unclassified,unclassified
TSPAN3,unclassified,unclassified
WDR61,unclassified,unclassified
IREB2,unclassified,unclassified
PSMA4,unclassified,unclassified
MORF4L1,unclassified,unclassified
CTSH,unclassified,unclassified
TMED3,unclassified,unclassified
BCL2A1,unclassified,unclassified
ZFAND6,unclassified,unclassified
MESDC2,unclassified,unclassified
IL16,unclassified,unclassified
RPS17,unclassified,unclassified
WHAMM,unclassified,unclassified
FAM103A1,unclassified,unclassified
C15orf40,unclassified,unclassified
SEC11A,unclassified,unclassified
AKAP13,unclassified,unclassified
MRPS11,unclassified,unclassified
ISG20,Q4,unclassified
ABHD2,unclassified,unclassified
POLG,unclassified,unclassified
IDH2,Q4,Q4
CIB1,unclassified,unclassified
IQGAP1,unclassified,unclassified
CRTC3,unclassified,unclassified
HDDC3,unclassified,unclassified
CHD2,unclassified,unclassified
MCTP2,unclassified,unclassified
MEF2A,unclassified,Q1
LINS1,unclassified,unclassified
VIMP,unclassified,unclassified
SNRPA1,unclassified,unclassified
TM2D3,unclassified,unclassified
TARSL2,unclassified,unclassified
POLR3K,unclassified,unclassified
SNRNP25,unclassified,unclassified
MPG,unclassified,unclassified
NPRL3,unclassified,unclassified
LUC7L,unclassified,unclassified
MRPL28,unclassified,unclassified
C16orf13,unclassified,unclassified
RHOT2,unclassified,unclassified
STUB1,unclassified,unclassified
FAM173A,unclassified,unclassified
TPSB2,unclassified,unclassified
TPSAB1,unclassified,unclassified
UBE2I,unclassified,unclassified
TSR3,unclassified,unclassified
GNPTG,unclassified,unclassified
NME3,unclassified,unclassified
MRPS34,unclassified,unclassified
SPSB3,unclassified,unclassified
NUBP2,unclassified,unclassified
HAGH,unclassified,unclassified
NDUFB10,unclassified,unclassified
RPS2,unclassified,unclassified
SNHG9,unclassified,unclassified
GFER,unclassified,unclassified
TSC2,unclassified,unclassified
PGP,unclassified,unclassified
RNPS1,unclassified,unclassified
PDPK1,unclassified,unclassified
KCTD5,unclassified,unclassified
SRRM2,unclassified,unclassified
TCEB2,unclassified,unclassified
FLYWCH2,unclassified,unclassified
HCFC1R1,unclassified,unclassified
IL32,unclassified,unclassified
ZNF75A,unclassified,unclassified
CREBBP,unclassified,unclassified
CORO7,unclassified,unclassified
NMRAL1,unclassified,unclassified
HMOX2,unclassified,unclassified
CDIP1,unclassified,unclassified
MGRN1,unclassified,unclassified
NUDT16L1,unclassified,unclassified
GLYR1,unclassified,unclassified
UBN1,unclassified,unclassified
CARHSP1,unclassified,unclassified
C16orf72,unclassified,unclassified
ATF7IP2,unclassified,unclassified
SOCS1,unclassified,unclassified
LITAF,unclassified,unclassified
TXNDC11,unclassified,unclassified
ZC3H7A,unclassified,unclassified
RSL1D1,unclassified,unclassified
GSPT1,unclassified,unclassified
BFAR,unclassified,unclassified
PDXDC1,unclassified,unclassified
NTAN1,unclassified,unclassified
RPS15A,unclassified,unclassified
ARL6IP1,unclassified,unclassified
SMG1,unclassified,unclassified
COQ7,unclassified,Q1
GDE1,unclassified,unclassified
THUMPD1,unclassified,unclassified
LYRM1,unclassified,unclassified
METTL9,unclassified,unclassified
UQCRC2,unclassified,unclassified
POLR3E,unclassified,unclassified
GGA2,unclassified,unclassified
NDUFAB1,unclassified,unclassified
PRKCB,unclassified,unclassified
RBBP6,unclassified,unclassified
TNRC6A,unclassified,unclassified
LCMT1,unclassified,unclassified
NSMCE1,unclassified,unclassified
IL4R,unclassified,unclassified
GTF3C1,unclassified,unclassified
XPO6,unclassified,unclassified
CLN3,unclassified,unclassified
APOBR,unclassified,unclassified
NUPR1,unclassified,unclassified
ATXN2L,unclassified,unclassified
TUFM,unclassified,unclassified
NFATC2IP,unclassified,unclassified
SPNS1,unclassified,unclassified
LAT,unclassified,unclassified
SPN,unclassified,unclassified
C16orf54,unclassified,unclassified
KIF22,unclassified,unclassified
MAZ,unclassified,unclassified
MVP,unclassified,unclassified
CDIPT,unclassified,unclassified
TMEM219,unclassified,unclassified
HIRIP3,unclassified,unclassified
INO80E,unclassified,unclassified
ALDOA,unclassified,unclassified
PPP4C,unclassified,unclassified
YPEL3,unclassified,unclassified
CORO1A,unclassified,unclassified
CD2BP2,unclassified,unclassified
SEPT1,unclassified,unclassified
DCTPP1,unclassified,unclassified
ITGAL,unclassified,unclassified
ZNF688,unclassified,unclassified
PRR14,unclassified,unclassified
PHKG2,unclassified,unclassified
BCL7C,unclassified,unclassified
STX4,unclassified,unclassified
VKORC1,unclassified,unclassified
BCKDK,unclassified,unclassified
KAT8,unclassified,unclassified
FUS,unclassified,unclassified
PYCARD,unclassified,unclassified
ITGAX,unclassified,unclassified
ZNF720,unclassified,unclassified
ZNF267,unclassified,unclassified
VPS35,unclassified,unclassified
DNAJA2,unclassified,unclassified
ITFG1,unclassified,unclassified
PHKB,unclassified,unclassified
LONP2,unclassified,unclassified
PAPD5,unclassified,unclassified
ADCY7,unclassified,unclassified
BRD7,unclassified,unclassified
SNX20,unclassified,unclassified
CYLD,unclassified,unclassified
CHD9,unclassified,unclassified
RBL2,unclassified,unclassified
CES1,Q3_NK_indeterminate,unclassified
NUDT21,unclassified,unclassified
MT2A,Q3,Q3_NK_indeterminate
MT1E,Q3,unclassified
MT1F,unclassified,unclassified
MT1X,Q3,unclassified
HERPUD1,unclassified,unclassified
NLRC5,unclassified,unclassified
FAM192A,unclassified,unclassified
ARL2BP,unclassified,unclassified
CIAPIN1,unclassified,unclassified
POLR2C,unclassified,unclassified
ADGRG1,unclassified,unclassified
USB1,unclassified,unclassified
CFAP20,unclassified,unclassified
CNOT1,unclassified,unclassified
CKLF,unclassified,unclassified
CMTM3,unclassified,unclassified
DYNC1LI2,unclassified,unclassified
NAE1,unclassified,unclassified
FAM96B,unclassified,unclassified
CBFB,unclassified,unclassified
TRADD,unclassified,unclassified
E2F4,unclassified,unclassified
TMEM208,unclassified,unclassified
ATP6V0D1,unclassified,unclassified
CTCF,unclassified,unclassified
CENPT,unclassified,unclassified
NUTF2,unclassified,unclassified
PSMB10,unclassified,unclassified
NFATC3,unclassified,unclassified
SLC7A6OS,unclassified,unclassified
CHTF8,unclassified,unclassified
SNTB2,unclassified,unclassified
VPS4A,unclassified,unclassified
NIP7,unclassified,unclassified
CYB5B,unclassified,unclassified
NFAT5,unclassified,unclassified
NOB1,unclassified,unclassified
EXOSC6,unclassified,unclassified
DDX19B,unclassified,unclassified
SF3B3,unclassified,unclassified
CMTR2,unclassified,unclassified
AP1G1,unclassified,unclassified
IST1,unclassified,unclassified
PSMD7,unclassified,unclassified
GLG1,unclassified,unclassified
CFDP1,unclassified,unclassified
TMEM170A,unclassified,unclassified
GABARAPL2,unclassified,unclassified
KARS,unclassified,unclassified
TERF2IP,unclassified,unclassified
MAF,unclassified,unclassified
CMC2,unclassified,unclassified
CMIP,unclassified,unclassified
PLCG2,unclassified,unclassified
MPHOSPH6,unclassified,unclassified
HSBP1,unclassified,unclassified
MBTPS1,unclassified,unclassified
COTL1,unclassified,unclassified
KLHL36,unclassified,unclassified
USP10,unclassified,unclassified
EMC8,unclassified,unclassified
COX4I1,unclassified,unclassified
IRF8,unclassified,unclassified
MAP1LC3B,unclassified,unclassified
KLHDC4,unclassified,unclassified
SLC7A5,unclassified,unclassified
ZC3H18,unclassified,unclassified
CYBA,unclassified,unclassified
MVD,unclassified,unclassified
RNF166,unclassified,unclassified
APRT,unclassified,unclassified
TRAPPC2L,unclassified,unclassified
ANKRD11,unclassified,unclassified
SPG7,unclassified,unclassified
RPL13,unclassified,unclassified
CHMP1A,unclassified,unclassified
CDK10,unclassified,unclassified
ZNF276,unclassified,unclassified
TCF25,unclassified,unclassified
DEF8,unclassified,unclassified
VPS53,unclassified,unclassified
GLOD4,unclassified,unclassified
YWHAE,unclassified,unclassified
INPP5K,unclassified,unclassified
PRPF8,unclassified,unclassified
RPA1,unclassified,unclassified
PAFAH1B1,unclassified,unclassified
EMC6,unclassified,unclassified
ITGAE,unclassified,unclassified
NCBP3,unclassified,unclassified
ATP2A3,unclassified,unclassified
UBE2G1,unclassified,unclassified
ARRB2,unclassified,unclassified
MED11,unclassified,unclassified
CXCL16,unclassified,unclassified
PSMB6,unclassified,unclassified
SLC25A11,unclassified,unclassified
RNF167,unclassified,unclassified
PFN1,unclassified,unclassified
SPAG7,unclassified,unclassified
RABEP1,unclassified,unclassified
RPAIN,unclassified,unclassified
C1QBP,unclassified,unclassified
DERL2,unclassified,unclassified
NLRP1,unclassified,unclassified
TXNDC17,unclassified,unclassified
MED31,unclassified,unclassified
XAF1,unclassified,unclassified
RNASEK,unclassified,unclassified
ACADVL,unclassified,unclassified
CTDNEP1,unclassified,unclassified
EIF5A,unclassified,unclassified
GPS2,unclassified,unclassified
ACAP1,unclassified,unclassified
TMEM256,unclassified,unclassified
POLR2A,unclassified,unclassified
EIF4A1,unclassified,unclassified
MPDU1,unclassified,unclassified
SAT2,unclassified,unclassified
KDM6B,unclassified,unclassified
NAA38,unclassified,unclassified
CHD3,unclassified,unclassified
TRAPPC1,unclassified,unclassified
PER1,unclassified,unclassified
VAMP2,unclassified,unclassified
TMEM107,unclassified,unclassified
BORCS6,unclassified,unclassified
RANGRF,unclassified,unclassified
RPL26,unclassified,unclassified
NDEL1,unclassified,unclassified
PIK3R5,unclassified,unclassified
STX8,unclassified,unclassified
ZSWIM7,unclassified,unclassified
TTC19,unclassified,unclassified
NCOR1,unclassified,unclassified
UBB,unclassified,unclassified
TRPV2,unclassified,unclassified
COPS3,unclassified,unclassified
DRG2,unclassified,unclassified
ALKBH5,unclassified,unclassified
FLII,unclassified,unclassified
PRPSAP2,unclassified,unclassified
RP11-160E2.6,unclassified,unclassified
AKAP10,unclassified,unclassified
USP22,unclassified,unclassified
TMEM11,unclassified,unclassified
MAP2K3,unclassified,unclassified
MTRNR2L1,unclassified,unclassified
WSB1,unclassified,unclassified
LGALS9,unclassified,unclassified
IFT20,unclassified,unclassified
POLDIP2,unclassified,unclassified
TMEM199,unclassified,unclassified
UNC119,unclassified,unclassified
SDF2,unclassified,unclassified
RPL23A,unclassified,unclassified
NUFIP2,unclassified,unclassified
TAOK1,unclassified,unclassified
TP53I13,unclassified,unclassified
SSH2,unclassified,unclassified
NSRP1,unclassified,unclassified
CPD,unclassified,unclassified
GOSR1,unclassified,unclassified
CRLF3,unclassified,unclassified
NF1,unclassified,unclassified
EVI2B,unclassified,unclassified
EVI2A,unclassified,unclassified
RAB11FIP4,unclassified,unclassified
UTP6,unclassified,unclassified
SUZ12,unclassified,unclassified
RHOT1,unclassified,unclassified
ZNF207,unclassified,unclassified
PSMD11,unclassified,unclassified
CCL2,unclassified,unclassified
ZNF830,unclassified,unclassified
SLFN5,unclassified,unclassified
SLFN12L,unclassified,unclassified
AP2B1,unclassified,unclassified
TAF15,unclassified,unclassified
CCL5,unclassified,unclassified
CCL18,unclassified,unclassified
CCL3,unclassified,unclassified
CCL4,unclassified,unclassified
CCL3L3,unclassified,unclassified
CCL4L2,unclassified,unclassified
ZNHIT3,unclassified,unclassified
GGNBP2,unclassified,unclassified
AATF,unclassified,unclassified
SYNRG,unclassified,unclassified
DDX52,unclassified,unclassified
MRPL45,unclassified,unclassified
MLLT6,unclassified,unclassified
CISD3,unclassified,unclassified
PSMB3,unclassified,unclassified
CWC25,unclassified,unclassified
RPL23,unclassified,unclassified
LASP1,unclassified,unclassified
RPL19,unclassified,unclassified
CDK12,unclassified,unclassified
STARD3,unclassified,unclassified
MIEN1,unclassified,unclassified
IKZF3,unclassified,unclassified
ORMDL3,Q4,Q4
PSMD3,unclassified,unclassified
CASC3,unclassified,unclassified
WIPF2,unclassified,unclassified
SMARCE1,unclassified,unclassified
KRT10,unclassified,unclassified
EIF1,unclassified,unclassified
ACLY,unclassified,unclassified
DNAJC7,unclassified,unclassified
RAB5C,unclassified,unclassified
STAT3,unclassified,unclassified
COASY,unclassified,unclassified
MLX,unclassified,unclassified
FAM134C,unclassified,unclassified
VPS25,unclassified,unclassified
COA3,unclassified,unclassified
BECN1,unclassified,unclassified
PSME3,unclassified,unclassified
RPL27,unclassified,unclassified
IFI35,unclassified,unclassified
NBR1,unclassified,unclassified
TMEM101,unclassified,unclassified
LSM12,unclassified,unclassified
TMUB2,unclassified,unclassified
UBTF,unclassified,unclassified
SLC25A39,unclassified,unclassified
GRN,unclassified,unclassified
GPATCH8,unclassified,unclassified
HEXIM1,unclassified,unclassified
FMNL1,unclassified,unclassified
KANSL1,unclassified,unclassified
KANSL1-AS1,unclassified,unclassified
FAM215B,unclassified,unclassified
CDC27,unclassified,unclassified
NPEPPS,unclassified,unclassified
KPNB1,unclassified,unclassified
TBX21,unclassified,unclassified
MRPL10,unclassified,unclassified
SCRN2,unclassified,unclassified
CDK5RAP3,unclassified,unclassified
CBX1,unclassified,unclassified
HOXB2,unclassified,unclassified
CALCOCO2,unclassified,unclassified
ATP5G1,unclassified,unclassified
UBE2Z,unclassified,unclassified
SNF8,unclassified,unclassified
GNGT2,unclassified,unclassified
ABI3,unclassified,unclassified
ZNF652,unclassified,unclassified
PHB,unclassified,unclassified
SPOP,unclassified,unclassified
SLC35B1,unclassified,unclassified
KAT7,unclassified,unclassified
MRPL27,unclassified,unclassified
LRRC59,unclassified,unclassified
LUC7L3,unclassified,unclassified
TOB1,unclassified,unclassified
SPAG9,unclassified,unclassified
NME1,Q3,unclassified
UTP18,unclassified,unclassified
COX11,unclassified,unclassified
COIL,unclassified,unclassified
SCPEP1,unclassified,unclassified
MSI2,unclassified,unclassified
MRPS23,unclassified,unclassified
VEZF1,unclassified,unclassified
SRSF1,unclassified,unclassified
RP5-1171I10.5,unclassified,unclassified
SUPT4H1,unclassified,unclassified
RAD51C,unclassified,unclassified
SKA2,unclassified,unclassified
CLTC,unclassified,unclassified
VMP1,unclassified,unclassified
MED13,unclassified,unclassified
DCAF7,unclassified,unclassified
LIMD2,unclassified,unclassified
CCDC47,unclassified,unclassified
PSMC5,unclassified,unclassified
ICAM2,unclassified,unclassified
ERN1,unclassified,unclassified
PECAM1,unclassified,unclassified
DDX5,unclassified,unclassified
GNA13,unclassified,unclassified
HELZ,unclassified,unclassified
PSMD12,unclassified,unclassified
PITPNC1,unclassified,unclassified
NOL11,unclassified,unclassified
BPTF,unclassified,unclassified
KPNA2,unclassified,unclassified
AMZ2,unclassified,unclassified
ARSG,unclassified,unclassified
WIPI1,unclassified,unclassified
PRKAR1A,unclassified,unclassified
FAM104A,unclassified,unclassified
RPL38,unclassified,unclassified
CD300A,unclassified,unclassified
RAB37,unclassified,unclassified
SLC9A3R1,unclassified,unclassified
ATP5H,unclassified,unclassified
NT5C,unclassified,unclassified
HN1,unclassified,unclassified
SUMO2,unclassified,unclassified
MRPS7,unclassified,unclassified
MIF4GD,unclassified,unclassified
GRB2,unclassified,unclassified
TSEN54,unclassified,unclassified
LLGL2,unclassified,unclassified
SAP30BP,unclassified,unclassified
H3F3B,unclassified,unclassified
UNC13D,unclassified,unclassified
WBP2,unclassified,unclassified
SRP68,unclassified,unclassified
EXOC7,unclassified,unclassified
UBALD2,unclassified,unclassified
PRPSAP1,unclassified,unclassified
RHBDF2,unclassified,unclassified
JMJD6,unclassified,unclassified
METTL23,unclassified,unclassified
SRSF2,unclassified,unclassified
SEC14L1,unclassified,unclassified
SEPT9,unclassified,unclassified
TNRC6C,unclassified,unclassified
TMC6,unclassified,unclassified
TMC8,unclassified,unclassified
SYNGR2,unclassified,unclassified
SOCS3,unclassified,unclassified
CYTH1,unclassified,unclassified
USP36,unclassified,unclassified
LGALS3BP,unclassified,unclassified
EIF4A3,unclassified,unclassified
RNF213,unclassified,unclassified
CHMP6,unclassified,unclassified
C17orf89,unclassified,unclassified
SLC38A10,unclassified,unclassified
ACTG1,unclassified,unclassified
OXLD1,unclassified,unclassified
CCDC137,unclassified,unclassified
ARL16,unclassified,unclassified
HGS,unclassified,unclassified
MRPL12,unclassified,unclassified
FAM195B,unclassified,unclassified
P4HB,Q4,unclassified
ARHGDIA,unclassified,unclassified
ANAPC11,unclassified,unclassified
SIRT7,unclassified,unclassified
ASPSCR1,unclassified,unclassified
STRA13,unclassified,unclassified
DCXR,unclassified,unclassified
GPS1,unclassified,unclassified
CCDC57,unclassified,unclassified
SLC16A3,unclassified,unclassified
CSNK1D,unclassified,unclassified
CD7,unclassified,unclassified
HEXDC,unclassified,unclassified
C17orf62,unclassified,unclassified
NARF,Q4,Q4
WDR45B,unclassified,unclassified
FN3KRP,unclassified,unclassified
TBCD,unclassified,unclassified
METRNL,unclassified,Q4
USP14,unclassified,unclassified
YES1,unclassified,unclassified
SMCHD1,unclassified,unclassified
LPIN2,unclassified,unclassified
MYL12A,unclassified,unclassified
MYL12B,unclassified,unclassified
TGIF1,unclassified,unclassified
DLGAP1-AS1,unclassified,unclassified
LINC00667,unclassified,unclassified
NDUFV2,unclassified,unclassified
ANKRD12,unclassified,unclassified
RALBP1,unclassified,unclassified
VAPA,unclassified,unclassified
NAPG,unclassified,unclassified
CHMP1B,unclassified,unclassified
MPPE1,unclassified,unclassified
PSMG2,unclassified,unclassified
PTPN2,unclassified,unclassified
LDLRAD4,unclassified,unclassified
RNMT,unclassified,unclassified
ROCK1,unclassified,unclassified
ESCO1,unclassified,unclassified
SNRPD1,unclassified,unclassified
ABHD3,unclassified,unclassified
RIOK3,unclassified,unclassified
TTC39C,unclassified,unclassified
SS18,unclassified,unclassified
RNF125,Q3,unclassified
RNF138,unclassified,unclassified
MAPRE2,unclassified,unclassified
ZNF397,unclassified,unclassified
ZNF24,unclassified,unclassified
INO80C,unclassified,unclassified
GALNT1,unclassified,unclassified
ELP2,unclassified,unclassified
TPGS2,unclassified,unclassified
ATP5A1,unclassified,unclassified
HAUS1,unclassified,unclassified
IER3IP1,unclassified,unclassified
SMAD2,unclassified,unclassified
DYM,unclassified,unclassified
RPL17,unclassified,unclassified
ACAA2,unclassified,unclassified
CXXC1,unclassified,unclassified
ME2,unclassified,unclassified
MEX3C,unclassified,unclassified
MBD2,unclassified,unclassified
RAB27B,unclassified,unclassified
TXNL1,unclassified,unclassified
NARS,unclassified,unclassified
MALT1,unclassified,unclassified
SEC11C,unclassified,unclassified
LMAN1,unclassified,unclassified
PMAIP1,Q3_NK_indeterminate,unclassified
BCL2,unclassified,unclassified
VPS4B,unclassified,unclassified
TMX3,unclassified,unclassified
CD226,Q3,unclassified
CYB5A,unclassified,unclassified
CNDP2,unclassified,unclassified
MBP,unclassified,unclassified
TXNL4A,unclassified,unclassified
RBCK1,unclassified,unclassified
CSNK2A1,unclassified,unclassified
PSMF1,unclassified,unclassified
FKBP1A,unclassified,unclassified
NSFL1C,unclassified,unclassified
SNRPB,unclassified,unclassified
NOP56,unclassified,unclassified
IDH3B,unclassified,unclassified
VPS16,unclassified,unclassified
PTPRA,unclassified,unclassified
MRPS26,unclassified,unclassified
DDRGK1,unclassified,unclassified
ITPA,unclassified,unclassified
CDC25B,unclassified,unclassified
PANK2,unclassified,unclassified
PRNP,unclassified,unclassified
TMEM230,unclassified,unclassified
PCNA,unclassified,unclassified
CDS2,unclassified,unclassified
GPCPD1,Q4,unclassified
CRLS1,unclassified,unclassified
TMX4,unclassified,unclassified
MKKS,unclassified,unclassified
ESF1,unclassified,unclassified
SNRPB2,unclassified,unclassified
DSTN,unclassified,unclassified
RRBP1,unclassified,unclassified
SNX5,unclassified,unclassified
SEC23B,unclassified,unclassified
LINC00493,unclassified,unclassified
DTD1,unclassified,unclassified
NAA20,unclassified,unclassified
XRN2,unclassified,unclassified
NXT1,unclassified,unclassified
CST3,unclassified,unclassified
CST7,unclassified,unclassified
APMAP,unclassified,unclassified
ACSS1,unclassified,unclassified
ABHD12,unclassified,unclassified
HM13,unclassified,unclassified
BCL2L1,unclassified,unclassified
COMMD7,unclassified,unclassified
MAPRE1,unclassified,unclassified
CDK5RAP1,unclassified,unclassified
CHMP4B,unclassified,unclassified
RALY,unclassified,unclassified
EIF2S2,unclassified,unclassified
ITCH,unclassified,unclassified
DYNLRB1,unclassified,unclassified
GSS,unclassified,unclassified
TRPC4AP,unclassified,unclassified
EDEM2,unclassified,unclassified
MMP24-AS1,unclassified,unclassified
EIF6,unclassified,unclassified
ERGIC3,unclassified,unclassified
CPNE1,unclassified,unclassified
ROMO1,unclassified,unclassified
RBM39,unclassified,unclassified
PHF20,unclassified,unclassified
SCAND1,unclassified,unclassified
LINC00657,unclassified,unclassified
C20orf24,unclassified,unclassified
SLA2,unclassified,unclassified
SAMHD1,unclassified,unclassified
RPN2,unclassified,unclassified
BLCAP,unclassified,unclassified
CTNNBL1,unclassified,unclassified
MAFB,unclassified,unclassified
TOP1,unclassified,unclassified
CHD6,unclassified,unclassified
SRSF6,unclassified,unclassified
OSER1,unclassified,unclassified
SERINC3,unclassified,unclassified
ADA,unclassified,unclassified
YWHAB,unclassified,unclassified
STK4,unclassified,unclassified
SLPI,unclassified,unclassified
SYS1,unclassified,unclassified
PIGT,unclassified,unclassified
DNTTIP1,unclassified,unclassified
ACOT8,unclassified,unclassified
CTSA,unclassified,unclassified
PCIF1,unclassified,unclassified
SLC35C2,unclassified,unclassified
ZMYND8,unclassified,unclassified
NCOA3,unclassified,unclassified
PREX1,unclassified,unclassified
STAU1,unclassified,unclassified
DDX27,unclassified,unclassified
ZNFX1,unclassified,unclassified
ZFAS1,unclassified,unclassified
RNF114,unclassified,unclassified
TMEM189,unclassified,unclassified
CEBPB,unclassified,unclassified
PTPN1,unclassified,unclassified
ADNP,unclassified,unclassified
DPM1,unclassified,unclassified
NFATC2,unclassified,unclassified
PFDN4,unclassified,unclassified
RTFDC1,unclassified,unclassified
RAE1,unclassified,unclassified
RBM38,unclassified,unclassified
ZBP1,unclassified,unclassified
RAB22A,unclassified,unclassified
STX16,unclassified,unclassified
GNAS,unclassified,unclassified
NELFCD,unclassified,unclassified
CTSZ,unclassified,unclassified
ATP5E,unclassified,unclassified
PRELID3B,unclassified,unclassified
PSMA7,unclassified,unclassified
ADRM1,unclassified,unclassified
RPS21,unclassified,unclassified
OGFR,unclassified,unclassified
DIDO1,unclassified,unclassified
GID8,unclassified,unclassified
PPDPF,unclassified,unclassified
HELZ2,unclassified,unclassified
ARFRP1,unclassified,unclassified
TPD52L2,unclassified,unclassified
PRPF6,unclassified,Q1
RGS19,unclassified,unclassified
TPGS1,unclassified,unclassified
GZMM,unclassified,unclassified
BSG,unclassified,unclassified
RNF126,unclassified,unclassified
PTBP1,unclassified,unclassified
CFD,Q3_NK_indeterminate,Q3_NK_indeterminate
WDR18,unclassified,unclassified
TMEM259,unclassified,unclassified
CNN2,unclassified,unclassified
HMHA1,unclassified,unclassified
POLR2E,unclassified,unclassified
GPX4,unclassified,unclassified
ATP5D,unclassified,unclassified
MIDN,unclassified,unclassified
CIRBP,unclassified,unclassified
C19orf24,unclassified,unclassified
MUM1,unclassified,unclassified
NDUFS7,unclassified,unclassified
DAZAP1,unclassified,unclassified
RPS15,unclassified,unclassified
C19orf25,unclassified,unclassified
UQCR11,unclassified,unclassified
ABHD17A,unclassified,unclassified
SCAMP4,unclassified,unclassified
CSNK1G2,unclassified,unclassified
MKNK2,unclassified,unclassified
MOB3A,unclassified,unclassified
AP3D1,unclassified,unclassified
PLEKHJ1,unclassified,unclassified
OAZ1,unclassified,unclassified
LSM7,unclassified,unclassified
TIMM13,unclassified,unclassified
GADD45B,unclassified,unclassified
SLC39A3,unclassified,unclassified
AES,unclassified,unclassified
S1PR4,unclassified,unclassified
NFIC,unclassified,unclassified
HMG20B,unclassified,unclassified
MRPL54,unclassified,unclassified
MATK,Q3,unclassified
EEF2,unclassified,unclassified
ZBTB7A,unclassified,unclassified
MAP2K2,unclassified,unclassified
TMIGD2,unclassified,unclassified
UBXN6,unclassified,unclassified
MYDGF,unclassified,unclassified
DPP9,unclassified,unclassified
PLIN3,unclassified,unclassified
SAFB2,unclassified,unclassified
SAFB,unclassified,unclassified
RPL36,unclassified,unclassified
C19orf70,unclassified,unclassified
NDUFA11,unclassified,unclassified
CLPP,unclassified,unclassified
ALKBH7,unclassified,unclassified
GTF2F1,unclassified,unclassified
DENND1C,unclassified,unclassified
GPR108,unclassified,unclassified
VAV1,unclassified,unclassified
PET100,unclassified,unclassified
STXBP2,unclassified,unclassified
MAP2K7,unclassified,unclassified
ELAVL1,unclassified,unclassified
CD320,unclassified,unclassified
RPS28,unclassified,unclassified
RAB11B,unclassified,unclassified
HNRNPM,unclassified,unclassified
MYO1F,unclassified,unclassified
ZNF562,unclassified,unclassified
UBL5,unclassified,unclassified
PIN1,unclassified,unclassified
C19orf66,unclassified,unclassified
PPAN,unclassified,unclassified
EIF3G,unclassified,unclassified
DNMT1,unclassified,unclassified
MRPL4,unclassified,unclassified
ICAM1,unclassified,unclassified
ICAM3,unclassified,unclassified
CDC37,unclassified,unclassified
PDE4A,unclassified,unclassified
KEAP1,unclassified,unclassified
ATG4D,unclassified,unclassified
CDKN2D,unclassified,unclassified
SLC44A2,unclassified,unclassified
ILF3-AS1,unclassified,unclassified
ILF3,unclassified,unclassified
DNM2,unclassified,unclassified
TMED1,unclassified,unclassified
YIPF2,unclassified,unclassified
SMARCA4,unclassified,unclassified
LDLR,unclassified,unclassified
TMEM205,unclassified,unclassified
CCDC159,unclassified,unclassified
PRKCSH,unclassified,unclassified
ELOF1,unclassified,unclassified
ACP5,unclassified,unclassified
ZNF44,unclassified,unclassified
ZNF791,unclassified,unclassified
WDR83OS,unclassified,unclassified
DHPS,unclassified,unclassified
C19orf43,unclassified,unclassified
ASNA1,unclassified,unclassified
JUNB,unclassified,unclassified
PRDX2,Q4,Q4
DNASE2,unclassified,unclassified
FARSA,unclassified,unclassified
CALR,unclassified,unclassified
RAD23A,unclassified,unclassified
GADD45GIP1,unclassified,unclassified
TRMT1,unclassified,unclassified
STX10,unclassified,unclassified
IER2,unclassified,unclassified
CCDC130,unclassified,unclassified
C19orf53,unclassified,unclassified
CTD-3252C9.4,unclassified,unclassified
IL27RA,unclassified,unclassified
ADGRE5,Q3_NK_indeterminate,unclassified
DDX39A,unclassified,unclassified
PKN1,unclassified,unclassified
DNAJB1,unclassified,unclassified
TECR,unclassified,unclassified
NDUFB7,unclassified,unclassified
BRD4,unclassified,unclassified
AKAP8L,unclassified,unclassified
RASAL3,unclassified,unclassified
TPM4,unclassified,unclassified
RAB8A,unclassified,unclassified
HSH2D,unclassified,unclassified
FAM32A,unclassified,unclassified
AP1M1,unclassified,unclassified
KLF2,unclassified,unclassified
EPS15L1,unclassified,unclassified
SLC35E1,unclassified,unclassified
SMIM7,unclassified,unclassified
MYO9B,unclassified,unclassified
USE1,unclassified,unclassified
OCEL1,unclassified,unclassified
BABAM1,unclassified,unclassified
MRPL34,unclassified,unclassified
DDA1,unclassified,unclassified
BST2,unclassified,unclassified
MVB12A,unclassified,unclassified
PGLS,unclassified,unclassified
RPL18A,unclassified,unclassified
CCDC124,unclassified,unclassified
ARRDC2,unclassified,unclassified
IL12RB1,unclassified,unclassified
JUND,unclassified,unclassified
LSM4,unclassified,unclassified
SSBP4,unclassified,unclassified
FKBP8,unclassified,unclassified
KXD1,unclassified,unclassified
UBA52,unclassified,unclassified
C19orf60,unclassified,unclassified
COPE,unclassified,unclassified
DDX49,unclassified,unclassified
SUGP2,unclassified,unclassified
BORCS8,unclassified,unclassified
RFXANK,unclassified,unclassified
GATAD2A,unclassified,unclassified
NDUFA13,unclassified,unclassified
ZNF430,unclassified,unclassified
ZNF431,unclassified,unclassified
ZNF91,unclassified,unclassified
UQCRFS1,unclassified,unclassified
POP4,unclassified,unclassified
PLEKHF1,unclassified,unclassified
URI1,unclassified,unclassified
PDCD5,unclassified,unclassified
CEBPG,unclassified,unclassified
PEPD,unclassified,unclassified
LSM14A,unclassified,unclassified
GPI,unclassified,unclassified
UBA2,unclassified,unclassified
ZNF302,unclassified,unclassified
GRAMD1A,unclassified,unclassified
FXYD5,unclassified,unclassified
USF2,unclassified,unclassified
TMEM147,unclassified,unclassified
RBM42,unclassified,unclassified
COX6B1,unclassified,unclassified
U2AF1L4,unclassified,unclassified
PSENEN,unclassified,unclassified
NFKBID,unclassified,unclassified
HCST,unclassified,unclassified
TYROBP,Q3,unclassified
SDHAF1,unclassified,unclassified
POLR2I,unclassified,unclassified
TBCB,unclassified,unclassified
CAPNS1,unclassified,unclassified
ZFP14,unclassified,unclassified
SPINT2,unclassified,unclassified
YIF1B,unclassified,unclassified
PSMD8,unclassified,unclassified
FAM98C,unclassified,unclassified
MAP4K1,unclassified,unclassified
EIF3K,unclassified,unclassified
ACTN4,unclassified,unclassified
CAPN12,unclassified,unclassified
ECH1,unclassified,unclassified
HNRNPL,unclassified,unclassified
RINL,unclassified,unclassified
SIRT2,unclassified,unclassified
NFKBIB,unclassified,unclassified
MRPS12,unclassified,unclassified
GMFG,unclassified,unclassified
PAF1,unclassified,unclassified
MED29,unclassified,unclassified
ZFP36,unclassified,unclassified
RPS16,unclassified,unclassified
SUPT5H,unclassified,unclassified
TIMM50,unclassified,unclassified
FBL,unclassified,unclassified
PSMC4,unclassified,unclassified
AKT2,unclassified,unclassified
PLD3,unclassified,unclassified
SERTAD1,unclassified,unclassified
SERTAD3,unclassified,unclassified
BLVRB,unclassified,unclassified
SHKBP1,unclassified,unclassified
SNRPA,unclassified,unclassified
RAB4B,unclassified,unclassified
EGLN2,unclassified,unclassified
HNRNPUL1,unclassified,unclassified
TGFB1,unclassified,unclassified
CCDC97,unclassified,unclassified
ATP5SL,unclassified,unclassified
AC006129.2,Q4,unclassified
RPS19,unclassified,unclassified
ARHGEF1,unclassified,unclassified
RABAC1,unclassified,unclassified
POU2F2,unclassified,unclassified
DEDD2,unclassified,unclassified
ETHE1,unclassified,unclassified
ZNF428,unclassified,unclassified
PLAUR,unclassified,unclassified
ZNF224,unclassified,unclassified
ZNF226,unclassified,unclassified
TOMM40,unclassified,unclassified
APOE,unclassified,unclassified
APOC1,unclassified,unclassified
CLPTM1,unclassified,unclassified
TRAPPC6A,unclassified,unclassified
ERCC1,unclassified,unclassified
FOSB,unclassified,unclassified
VASP,unclassified,unclassified
SNRPD2,unclassified,unclassified
CALM3,unclassified,unclassified
PRKD2,unclassified,unclassified
AP2S1,unclassified,unclassified
TMEM160,unclassified,unclassified
SAE1,unclassified,unclassified
NAPA,unclassified,unclassified
GLTSCR2,unclassified,unclassified
SEPW1,unclassified,unclassified
CARD8,unclassified,unclassified
EMP3,Q3,unclassified
KDELR1,unclassified,unclassified
CYTH2,unclassified,unclassified
RPL18,unclassified,unclassified
PPP1R15A,Q1,unclassified
NUCB1,unclassified,unclassified
BAX,unclassified,unclassified
FTL,unclassified,unclassified
RUVBL2,unclassified,unclassified
SNRNP70,unclassified,unclassified
CD37,unclassified,unclassified
PIH1D1,unclassified,unclassified
ALDH16A1,unclassified,unclassified
RPL13A,unclassified,unclassified
RPS11,unclassified,unclassified
FCGRT,unclassified,unclassified
NOSIP,unclassified,unclassified
IRF3,unclassified,unclassified
PRMT1,unclassified,unclassified
AP2A1,unclassified,unclassified
PNKP,unclassified,unclassified
NUP62,unclassified,unclassified
VRK3,unclassified,unclassified
NR1H2,unclassified,unclassified
EMC10,unclassified,unclassified
JOSD2,unclassified,unclassified
SIGLEC7,unclassified,unclassified
ETFB,unclassified,unclassified
PPP2R1A,unclassified,unclassified
ZNF480,unclassified,unclassified
ZNF83,unclassified,unclassified
ZNF600,unclassified,unclassified
ZNF331,unclassified,unclassified
MYADM,Q4,Q4
NDUFA3,unclassified,unclassified
TFPT,unclassified,unclassified
PRPF31,unclassified,unclassified
LENG1,unclassified,unclassified
TSEN34,unclassified,unclassified
RPS9,unclassified,unclassified
LAIR1,unclassified,unclassified
LENG8,unclassified,unclassified
LAIR2,unclassified,unclassified
PPP6R1,unclassified,unclassified
HSPBP1,unclassified,unclassified
RPL28,unclassified,unclassified
UBE2S,unclassified,Q3
ISOC2,unclassified,unclassified
ZNF524,unclassified,unclassified
ZNF580,unclassified,unclassified
U2AF2,unclassified,unclassified
TRAPPC2P1,unclassified,unclassified
ZSCAN18,unclassified,unclassified
ZNF274,unclassified,unclassified
A1BG,unclassified,unclassified
RPS5,unclassified,unclassified
TRIM28,unclassified,unclassified
CHMP2A,unclassified,unclassified
CECR1,unclassified,unclassified
ATP6V1E1,unclassified,unclassified
BCL2L13,unclassified,unclassified
BID,unclassified,unclassified
C22orf39,unclassified,unclassified
MRPL40,unclassified,unclassified
UFD1L,unclassified,unclassified
COMT,unclassified,unclassified
RANBP1,unclassified,unclassified
DGCR6L,unclassified,unclassified
MED15,unclassified,unclassified
SNAP29,unclassified,unclassified
THAP7,unclassified,unclassified
UBE2L3,unclassified,unclassified
YDJC,unclassified,unclassified
SDF2L1,unclassified,Q4
PPIL2,unclassified,unclassified
YPEL1,unclassified,unclassified
MAPK1,Q3,unclassified
IGLC2,Q3,unclassified
IGLC3,Q3,unclassified
CHCHD10,unclassified,unclassified
SMARCB1,unclassified,unclassified
MIF,unclassified,unclassified
DDT,unclassified,unclassified
CABIN1,unclassified,unclassified
SNRPD3,unclassified,unclassified
HPS4,unclassified,unclassified
TPST2,unclassified,unclassified
MIAT,unclassified,unclassified
PITPNB,unclassified,unclassified
XBP1,unclassified,unclassified
EWSR1,unclassified,unclassified
ZMAT5,unclassified,unclassified
UQCR10,unclassified,unclassified
ASCC2,unclassified,unclassified
TBC1D10A,unclassified,unclassified
SF3A1,unclassified,unclassified
TUG1,unclassified,unclassified
SELM,unclassified,unclassified
PIK3IP1,unclassified,unclassified
DRG1,unclassified,unclassified
YWHAH,unclassified,unclassified
RTCB,unclassified,unclassified
FBXO7,unclassified,unclassified
HMGXB4,unclassified,unclassified
MCM5,unclassified,unclassified
APOL6,unclassified,unclassified
APOL3,unclassified,unclassified
APOL2,unclassified,unclassified
MYH9,unclassified,unclassified
TXN2,unclassified,unclassified
EIF3D,unclassified,unclassified
IFT27,unclassified,unclassified
MPST,unclassified,unclassified
IL2RB,unclassified,unclassified
RAC2,unclassified,unclassified
CYTH4,unclassified,unclassified
MFNG,unclassified,unclassified
GGA1,unclassified,unclassified
SH3BP1,unclassified,unclassified
LGALS1,unclassified,unclassified
EIF3L,unclassified,unclassified
POLR2F,unclassified,unclassified
MAFF,unclassified,unclassified
CSNK1E,unclassified,unclassified
DDX17,unclassified,unclassified
TOMM22,unclassified,unclassified
JOSD1,unclassified,unclassified
GTPBP1,unclassified,unclassified
SUN2,unclassified,unclassified
CBX6,unclassified,unclassified
APOBEC3C,unclassified,unclassified
APOBEC3G,unclassified,unclassified
CBX7,unclassified,unclassified
RPL3,unclassified,unclassified
SYNGR1,unclassified,unclassified
ATF4,unclassified,unclassified
RPS19BP1,unclassified,unclassified
GRAP2,unclassified,unclassified
TNRC6B,unclassified,unclassified
SGSM3,unclassified,unclassified
ST13,unclassified,unclassified
RBX1,unclassified,unclassified
EP300,unclassified,unclassified
TOB2,unclassified,unclassified
PHF5A,unclassified,unclassified
ACO2,unclassified,unclassified
DESI1,unclassified,unclassified
XRCC6,unclassified,unclassified
SNU13,unclassified,unclassified
MEI1,unclassified,unclassified
SMDT1,unclassified,unclassified
NDUFA6,unclassified,unclassified
RRP7A,unclassified,unclassified
CYB5R3,unclassified,unclassified
ARFGAP3,unclassified,unclassified
TSPO,unclassified,unclassified
SAMM50,unclassified,unclassified
PARVG,unclassified,unclassified
NUP50,unclassified,unclassified
ATXN10,unclassified,unclassified
TTC38,unclassified,unclassified
CTA-29F11.1,unclassified,unclassified
TBC1D22A,unclassified,unclassified
CRELD2,unclassified,unclassified
PIM3,unclassified,unclassified
TRABD,unclassified,unclassified
LMF2,unclassified,unclassified
SCO2,unclassified,unclassified
TYMP,unclassified,unclassified
RABL2B,unclassified,unclassified
SAMSN1,unclassified,unclassified
USP25,unclassified,unclassified
BTG3,unclassified,unclassified
ATP5J,unclassified,unclassified
APP,unclassified,unclassified
USP16,unclassified,unclassified
CCT8,unclassified,unclassified
SOD1,unclassified,unclassified
SCAF4,unclassified,unclassified
C21orf59,unclassified,unclassified
IFNAR2,unclassified,unclassified
IL10RB,unclassified,unclassified
IFNAR1,unclassified,unclassified
TMEM50B,unclassified,unclassified
GART,unclassified,unclassified
SON,unclassified,unclassified
CRYZL1,unclassified,unclassified
ATP5O,unclassified,unclassified
MRPS6,unclassified,unclassified
SLC5A3,unclassified,unclassified
RUNX1,unclassified,unclassified
CBR1,unclassified,unclassified
MORC3,unclassified,unclassified
PIGP,unclassified,unclassified
TTC3,unclassified,unclassified
DSCR3,unclassified,unclassified
ETS2,unclassified,unclassified
BRWD1,unclassified,unclassified
HMGN1,unclassified,unclassified
MX1,Q3,Q3
NDUFV3,unclassified,unclassified
U2AF1,unclassified,unclassified
RRP1B,unclassified,unclassified
CSTB,unclassified,unclassified
TRAPPC10,unclassified,unclassified
PFKL,unclassified,unclassified
C21orf2,unclassified,unclassified
UBE2G2,unclassified,unclassified
SUMO3,unclassified,unclassified
PTTG1IP,unclassified,unclassified
ITGB2,unclassified,unclassified
FAM207A,unclassified,unclassified
YBEY,unclassified,unclassified
DIP2A,unclassified,unclassified
PRMT2,unclassified,unclassified
MT-ND1,unclassified,unclassified
MT-ND2,unclassified,unclassified
MT-CO1,unclassified,unclassified
MT-CO2,unclassified,unclassified
MT-ATP6,unclassified,unclassified
MT-CO3,unclassified,unclassified
MT-ND3,unclassified,unclassified
MT-ND4L,unclassified,unclassified
MT-ND4,unclassified,unclassified
MT-ND5,unclassified,unclassified
MT-ND6,unclassified,unclassified
MT-CYB,unclassified,unclassified
